SVID	STIX_SAMPLES
GRCh38_CMRG_10496	1107
GRCh38_CMRG_10497	1107
GRCh38_CMRG_7789	1105
GRCh38_CMRG_1097	1104
GRCh38_CMRG_1098	1104
GRCh38_CMRG_1099	1104
GRCh38_CMRG_14578	1104
GRCh38_CMRG_46024	1103
GRCh38_CMRG_6075	1103
GRCh38_CMRG_29945	1102
GRCh38_CMRG_29946	1102
GRCh38_CMRG_32300	1102
GRCh38_CMRG_32784	1102
GRCh38_CMRG_33119	1102
GRCh38_CMRG_33317	1102
GRCh38_CMRG_38099	1102
GRCh38_CMRG_52556	1102
GRCh38_CMRG_10810	1101
GRCh38_CMRG_12173	1101
GRCh38_CMRG_28826	1101
GRCh38_CMRG_31466	1101
GRCh38_CMRG_12555	1100
GRCh38_CMRG_2619	1100
GRCh38_CMRG_47947	1100
GRCh38_CMRG_54835	1100
GRCh38_CMRG_76425	1100
GRCh38_CMRG_16669	1099
GRCh38_CMRG_23451	1099
GRCh38_CMRG_25258	1099
GRCh38_CMRG_38448	1099
GRCh38_CMRG_54834	1099
GRCh38_CMRG_6102	1099
GRCh38_CMRG_72422	1099
GRCh38_CMRG_7579	1099
GRCh38_CMRG_10745	1098
GRCh38_CMRG_10746	1098
GRCh38_CMRG_12103	1098
GRCh38_CMRG_1956	1098
GRCh38_CMRG_2627	1098
GRCh38_CMRG_31899	1098
GRCh38_CMRG_31900	1098
GRCh38_CMRG_34123	1098
GRCh38_CMRG_36575	1098
GRCh38_CMRG_52955	1098
GRCh38_CMRG_64177	1098
GRCh38_CMRG_69112	1098
GRCh38_CMRG_8031	1098
GRCh38_CMRG_856	1098
GRCh38_CMRG_8935	1098
GRCh38_CMRG_8936	1098
GRCh38_CMRG_1531	1097
GRCh38_CMRG_16764	1097
GRCh38_CMRG_27859	1097
GRCh38_CMRG_29034	1097
GRCh38_CMRG_31493	1097
GRCh38_CMRG_32783	1097
GRCh38_CMRG_34051	1097
GRCh38_CMRG_34052	1097
GRCh38_CMRG_38098	1097
GRCh38_CMRG_41110	1097
GRCh38_CMRG_41448	1097
GRCh38_CMRG_53443	1097
GRCh38_CMRG_53959	1097
GRCh38_CMRG_5831	1097
GRCh38_CMRG_5832	1097
GRCh38_CMRG_7163	1097
GRCh38_CMRG_79144	1097
GRCh38_CMRG_14006	1096
GRCh38_CMRG_14213	1096
GRCh38_CMRG_15423	1096
GRCh38_CMRG_16921	1096
GRCh38_CMRG_22724	1096
GRCh38_CMRG_27356	1096
GRCh38_CMRG_32034	1096
GRCh38_CMRG_36584	1096
GRCh38_CMRG_40033	1096
GRCh38_CMRG_46004	1096
GRCh38_CMRG_48571	1096
GRCh38_CMRG_66096	1096
GRCh38_CMRG_72567	1096
GRCh38_CMRG_9066	1096
GRCh38_CMRG_9547	1096
GRCh38_CMRG_9921	1096
GRCh38_CMRG_11962	1095
GRCh38_CMRG_13737	1095
GRCh38_CMRG_13738	1095
GRCh38_CMRG_14037	1095
GRCh38_CMRG_14038	1095
GRCh38_CMRG_14268	1095
GRCh38_CMRG_16866	1095
GRCh38_CMRG_29530	1095
GRCh38_CMRG_29583	1095
GRCh38_CMRG_31276	1095
GRCh38_CMRG_34591	1095
GRCh38_CMRG_34592	1095
GRCh38_CMRG_36522	1095
GRCh38_CMRG_38777	1095
GRCh38_CMRG_38952	1095
GRCh38_CMRG_38953	1095
GRCh38_CMRG_41993	1095
GRCh38_CMRG_46003	1095
GRCh38_CMRG_49559	1095
GRCh38_CMRG_568	1095
GRCh38_CMRG_58426	1095
GRCh38_CMRG_66392	1095
GRCh38_CMRG_11667	1094
GRCh38_CMRG_14214	1094
GRCh38_CMRG_19574	1094
GRCh38_CMRG_2379	1094
GRCh38_CMRG_32278	1094
GRCh38_CMRG_35733	1094
GRCh38_CMRG_36643	1094
GRCh38_CMRG_36644	1094
GRCh38_CMRG_40152	1094
GRCh38_CMRG_41426	1094
GRCh38_CMRG_43971	1094
GRCh38_CMRG_43972	1094
GRCh38_CMRG_44579	1094
GRCh38_CMRG_52533	1094
GRCh38_CMRG_52534	1094
GRCh38_CMRG_68992	1094
GRCh38_CMRG_7181	1094
GRCh38_CMRG_7182	1094
GRCh38_CMRG_72423	1094
GRCh38_CMRG_75198	1094
GRCh38_CMRG_8453	1094
GRCh38_CMRG_8455	1094
GRCh38_CMRG_12007	1093
GRCh38_CMRG_13860	1093
GRCh38_CMRG_15123	1093
GRCh38_CMRG_15124	1093
GRCh38_CMRG_15435	1093
GRCh38_CMRG_15436	1093
GRCh38_CMRG_17039	1093
GRCh38_CMRG_17040	1093
GRCh38_CMRG_18822	1093
GRCh38_CMRG_21892	1093
GRCh38_CMRG_21893	1093
GRCh38_CMRG_2426	1093
GRCh38_CMRG_25260	1093
GRCh38_CMRG_27218	1093
GRCh38_CMRG_28502	1093
GRCh38_CMRG_36711	1093
GRCh38_CMRG_37003	1093
GRCh38_CMRG_37004	1093
GRCh38_CMRG_38101	1093
GRCh38_CMRG_40663	1093
GRCh38_CMRG_41425	1093
GRCh38_CMRG_44428	1093
GRCh38_CMRG_46341	1093
GRCh38_CMRG_48778	1093
GRCh38_CMRG_52691	1093
GRCh38_CMRG_6082	1093
GRCh38_CMRG_66133	1093
GRCh38_CMRG_68666	1093
GRCh38_CMRG_68667	1093
GRCh38_CMRG_7076	1093
GRCh38_CMRG_7356	1093
GRCh38_CMRG_7533	1093
GRCh38_CMRG_8454	1093
GRCh38_CMRG_11670	1092
GRCh38_CMRG_1171	1092
GRCh38_CMRG_1172	1092
GRCh38_CMRG_1200	1092
GRCh38_CMRG_12025	1092
GRCh38_CMRG_1267	1092
GRCh38_CMRG_12923	1092
GRCh38_CMRG_12924	1092
GRCh38_CMRG_1380	1092
GRCh38_CMRG_13855	1092
GRCh38_CMRG_16684	1092
GRCh38_CMRG_17218	1092
GRCh38_CMRG_17219	1092
GRCh38_CMRG_17882	1092
GRCh38_CMRG_18706	1092
GRCh38_CMRG_1955	1092
GRCh38_CMRG_24924	1092
GRCh38_CMRG_2628	1092
GRCh38_CMRG_26580	1092
GRCh38_CMRG_29710	1092
GRCh38_CMRG_29815	1092
GRCh38_CMRG_30801	1092
GRCh38_CMRG_32852	1092
GRCh38_CMRG_32853	1092
GRCh38_CMRG_36	1092
GRCh38_CMRG_37575	1092
GRCh38_CMRG_38100	1092
GRCh38_CMRG_39470	1092
GRCh38_CMRG_39889	1092
GRCh38_CMRG_40884	1092
GRCh38_CMRG_42116	1092
GRCh38_CMRG_45681	1092
GRCh38_CMRG_49843	1092
GRCh38_CMRG_49844	1092
GRCh38_CMRG_51151	1092
GRCh38_CMRG_51362	1092
GRCh38_CMRG_51967	1092
GRCh38_CMRG_61808	1092
GRCh38_CMRG_6335	1092
GRCh38_CMRG_67553	1092
GRCh38_CMRG_68400	1092
GRCh38_CMRG_68401	1092
GRCh38_CMRG_12013	1091
GRCh38_CMRG_12259	1091
GRCh38_CMRG_14623	1091
GRCh38_CMRG_1547	1091
GRCh38_CMRG_16938	1091
GRCh38_CMRG_18093	1091
GRCh38_CMRG_18517	1091
GRCh38_CMRG_2029	1091
GRCh38_CMRG_20985	1091
GRCh38_CMRG_21333	1091
GRCh38_CMRG_21379	1091
GRCh38_CMRG_21380	1091
GRCh38_CMRG_21996	1091
GRCh38_CMRG_21997	1091
GRCh38_CMRG_23138	1091
GRCh38_CMRG_23380	1091
GRCh38_CMRG_23443	1091
GRCh38_CMRG_23444	1091
GRCh38_CMRG_2363	1091
GRCh38_CMRG_23802	1091
GRCh38_CMRG_24686	1091
GRCh38_CMRG_24968	1091
GRCh38_CMRG_24969	1091
GRCh38_CMRG_27991	1091
GRCh38_CMRG_2813	1091
GRCh38_CMRG_2814	1091
GRCh38_CMRG_28773	1091
GRCh38_CMRG_28915	1091
GRCh38_CMRG_29090	1091
GRCh38_CMRG_29671	1091
GRCh38_CMRG_30834	1091
GRCh38_CMRG_31284	1091
GRCh38_CMRG_31285	1091
GRCh38_CMRG_31707	1091
GRCh38_CMRG_36444	1091
GRCh38_CMRG_37	1091
GRCh38_CMRG_37223	1091
GRCh38_CMRG_41932	1091
GRCh38_CMRG_44402	1091
GRCh38_CMRG_44434	1091
GRCh38_CMRG_45259	1091
GRCh38_CMRG_49805	1091
GRCh38_CMRG_5718	1091
GRCh38_CMRG_6201	1091
GRCh38_CMRG_62203	1091
GRCh38_CMRG_63905	1091
GRCh38_CMRG_63906	1091
GRCh38_CMRG_65770	1091
GRCh38_CMRG_6971	1091
GRCh38_CMRG_73647	1091
GRCh38_CMRG_76672	1091
GRCh38_CMRG_11635	1090
GRCh38_CMRG_12521	1090
GRCh38_CMRG_14624	1090
GRCh38_CMRG_1512	1090
GRCh38_CMRG_18046	1090
GRCh38_CMRG_19018	1090
GRCh38_CMRG_19312	1090
GRCh38_CMRG_19313	1090
GRCh38_CMRG_23200	1090
GRCh38_CMRG_23824	1090
GRCh38_CMRG_25246	1090
GRCh38_CMRG_25247	1090
GRCh38_CMRG_28842	1090
GRCh38_CMRG_32457	1090
GRCh38_CMRG_33068	1090
GRCh38_CMRG_33069	1090
GRCh38_CMRG_33602	1090
GRCh38_CMRG_36258	1090
GRCh38_CMRG_36259	1090
GRCh38_CMRG_36523	1090
GRCh38_CMRG_36524	1090
GRCh38_CMRG_38047	1090
GRCh38_CMRG_39091	1090
GRCh38_CMRG_40316	1090
GRCh38_CMRG_40555	1090
GRCh38_CMRG_41213	1090
GRCh38_CMRG_45487	1090
GRCh38_CMRG_45488	1090
GRCh38_CMRG_48776	1090
GRCh38_CMRG_50921	1090
GRCh38_CMRG_50954	1090
GRCh38_CMRG_51620	1090
GRCh38_CMRG_53949	1090
GRCh38_CMRG_5888	1090
GRCh38_CMRG_5889	1090
GRCh38_CMRG_61678	1090
GRCh38_CMRG_61887	1090
GRCh38_CMRG_6334	1090
GRCh38_CMRG_70528	1090
GRCh38_CMRG_73510	1090
GRCh38_CMRG_8607	1090
GRCh38_CMRG_8608	1090
GRCh38_CMRG_8791	1090
GRCh38_CMRG_10582	1089
GRCh38_CMRG_10583	1089
GRCh38_CMRG_1138	1089
GRCh38_CMRG_1139	1089
GRCh38_CMRG_13788	1089
GRCh38_CMRG_142	1089
GRCh38_CMRG_1511	1089
GRCh38_CMRG_16674	1089
GRCh38_CMRG_17536	1089
GRCh38_CMRG_17689	1089
GRCh38_CMRG_21865	1089
GRCh38_CMRG_24613	1089
GRCh38_CMRG_26028	1089
GRCh38_CMRG_2625	1089
GRCh38_CMRG_29554	1089
GRCh38_CMRG_31555	1089
GRCh38_CMRG_32304	1089
GRCh38_CMRG_32769	1089
GRCh38_CMRG_32770	1089
GRCh38_CMRG_33070	1089
GRCh38_CMRG_33120	1089
GRCh38_CMRG_33121	1089
GRCh38_CMRG_34020	1089
GRCh38_CMRG_36203	1089
GRCh38_CMRG_36304	1089
GRCh38_CMRG_37203	1089
GRCh38_CMRG_39596	1089
GRCh38_CMRG_40391	1089
GRCh38_CMRG_40413	1089
GRCh38_CMRG_41055	1089
GRCh38_CMRG_44532	1089
GRCh38_CMRG_46081	1089
GRCh38_CMRG_46082	1089
GRCh38_CMRG_47543	1089
GRCh38_CMRG_54479	1089
GRCh38_CMRG_55061	1089
GRCh38_CMRG_5869	1089
GRCh38_CMRG_59880	1089
GRCh38_CMRG_6594	1089
GRCh38_CMRG_67557	1089
GRCh38_CMRG_68362	1089
GRCh38_CMRG_686	1089
GRCh38_CMRG_6952	1089
GRCh38_CMRG_69533	1089
GRCh38_CMRG_6972	1089
GRCh38_CMRG_69782	1089
GRCh38_CMRG_69783	1089
GRCh38_CMRG_7125	1089
GRCh38_CMRG_72126	1089
GRCh38_CMRG_74196	1089
GRCh38_CMRG_74197	1089
GRCh38_CMRG_8466	1089
GRCh38_CMRG_1043	1088
GRCh38_CMRG_10940	1088
GRCh38_CMRG_11122	1088
GRCh38_CMRG_12001	1088
GRCh38_CMRG_12002	1088
GRCh38_CMRG_12592	1088
GRCh38_CMRG_17810	1088
GRCh38_CMRG_17926	1088
GRCh38_CMRG_17927	1088
GRCh38_CMRG_21752	1088
GRCh38_CMRG_22947	1088
GRCh38_CMRG_23285	1088
GRCh38_CMRG_23777	1088
GRCh38_CMRG_29555	1088
GRCh38_CMRG_31567	1088
GRCh38_CMRG_31745	1088
GRCh38_CMRG_33028	1088
GRCh38_CMRG_36378	1088
GRCh38_CMRG_36505	1088
GRCh38_CMRG_36506	1088
GRCh38_CMRG_36751	1088
GRCh38_CMRG_37091	1088
GRCh38_CMRG_39161	1088
GRCh38_CMRG_39757	1088
GRCh38_CMRG_40535	1088
GRCh38_CMRG_41878	1088
GRCh38_CMRG_41952	1088
GRCh38_CMRG_44374	1088
GRCh38_CMRG_44673	1088
GRCh38_CMRG_44724	1088
GRCh38_CMRG_50043	1088
GRCh38_CMRG_50522	1088
GRCh38_CMRG_51475	1088
GRCh38_CMRG_51476	1088
GRCh38_CMRG_53622	1088
GRCh38_CMRG_54357	1088
GRCh38_CMRG_55520	1088
GRCh38_CMRG_5774	1088
GRCh38_CMRG_60047	1088
GRCh38_CMRG_63974	1088
GRCh38_CMRG_64165	1088
GRCh38_CMRG_66999	1088
GRCh38_CMRG_69110	1088
GRCh38_CMRG_7002	1088
GRCh38_CMRG_7082	1088
GRCh38_CMRG_71053	1088
GRCh38_CMRG_74586	1088
GRCh38_CMRG_7534	1088
GRCh38_CMRG_75473	1088
GRCh38_CMRG_76634	1088
GRCh38_CMRG_78939	1088
GRCh38_CMRG_78940	1088
GRCh38_CMRG_8452	1088
GRCh38_CMRG_11173	1087
GRCh38_CMRG_12516	1087
GRCh38_CMRG_14704	1087
GRCh38_CMRG_14705	1087
GRCh38_CMRG_18632	1087
GRCh38_CMRG_19333	1087
GRCh38_CMRG_2059	1087
GRCh38_CMRG_24562	1087
GRCh38_CMRG_24830	1087
GRCh38_CMRG_24831	1087
GRCh38_CMRG_26029	1087
GRCh38_CMRG_30778	1087
GRCh38_CMRG_3105	1087
GRCh38_CMRG_31433	1087
GRCh38_CMRG_33994	1087
GRCh38_CMRG_35996	1087
GRCh38_CMRG_35997	1087
GRCh38_CMRG_36671	1087
GRCh38_CMRG_37102	1087
GRCh38_CMRG_37531	1087
GRCh38_CMRG_38052	1087
GRCh38_CMRG_39435	1087
GRCh38_CMRG_39526	1087
GRCh38_CMRG_40300	1087
GRCh38_CMRG_43653	1087
GRCh38_CMRG_44723	1087
GRCh38_CMRG_45600	1087
GRCh38_CMRG_46025	1087
GRCh38_CMRG_47905	1087
GRCh38_CMRG_48363	1087
GRCh38_CMRG_48777	1087
GRCh38_CMRG_51216	1087
GRCh38_CMRG_51845	1087
GRCh38_CMRG_52334	1087
GRCh38_CMRG_52358	1087
GRCh38_CMRG_52359	1087
GRCh38_CMRG_52696	1087
GRCh38_CMRG_52697	1087
GRCh38_CMRG_54480	1087
GRCh38_CMRG_55646	1087
GRCh38_CMRG_58715	1087
GRCh38_CMRG_5991	1087
GRCh38_CMRG_61368	1087
GRCh38_CMRG_65771	1087
GRCh38_CMRG_68658	1087
GRCh38_CMRG_69632	1087
GRCh38_CMRG_70000	1087
GRCh38_CMRG_70298	1087
GRCh38_CMRG_708	1087
GRCh38_CMRG_71120	1087
GRCh38_CMRG_71769	1087
GRCh38_CMRG_71979	1087
GRCh38_CMRG_73575	1087
GRCh38_CMRG_73576	1087
GRCh38_CMRG_74399	1087
GRCh38_CMRG_74400	1087
GRCh38_CMRG_74585	1087
GRCh38_CMRG_76991	1087
GRCh38_CMRG_78921	1087
GRCh38_CMRG_79459	1087
GRCh38_CMRG_79839	1087
GRCh38_CMRG_81362	1087
GRCh38_CMRG_8161	1087
GRCh38_CMRG_9358	1087
GRCh38_CMRG_9359	1087
GRCh38_CMRG_1008	1086
GRCh38_CMRG_10500	1086
GRCh38_CMRG_17047	1086
GRCh38_CMRG_17475	1086
GRCh38_CMRG_18941	1086
GRCh38_CMRG_19206	1086
GRCh38_CMRG_19207	1086
GRCh38_CMRG_19828	1086
GRCh38_CMRG_2045	1086
GRCh38_CMRG_20898	1086
GRCh38_CMRG_2118	1086
GRCh38_CMRG_22274	1086
GRCh38_CMRG_2327	1086
GRCh38_CMRG_2328	1086
GRCh38_CMRG_25953	1086
GRCh38_CMRG_26538	1086
GRCh38_CMRG_2762	1086
GRCh38_CMRG_29693	1086
GRCh38_CMRG_31483	1086
GRCh38_CMRG_34130	1086
GRCh38_CMRG_35651	1086
GRCh38_CMRG_36538	1086
GRCh38_CMRG_40149	1086
GRCh38_CMRG_43581	1086
GRCh38_CMRG_43813	1086
GRCh38_CMRG_47295	1086
GRCh38_CMRG_48149	1086
GRCh38_CMRG_49323	1086
GRCh38_CMRG_50081	1086
GRCh38_CMRG_50304	1086
GRCh38_CMRG_50305	1086
GRCh38_CMRG_51037	1086
GRCh38_CMRG_53986	1086
GRCh38_CMRG_54169	1086
GRCh38_CMRG_54409	1086
GRCh38_CMRG_54484	1086
GRCh38_CMRG_55350	1086
GRCh38_CMRG_58662	1086
GRCh38_CMRG_6250	1086
GRCh38_CMRG_64344	1086
GRCh38_CMRG_68614	1086
GRCh38_CMRG_68615	1086
GRCh38_CMRG_68990	1086
GRCh38_CMRG_69382	1086
GRCh38_CMRG_69385	1086
GRCh38_CMRG_70529	1086
GRCh38_CMRG_71018	1086
GRCh38_CMRG_71019	1086
GRCh38_CMRG_73735	1086
GRCh38_CMRG_75632	1086
GRCh38_CMRG_76695	1086
GRCh38_CMRG_76842	1086
GRCh38_CMRG_79456	1086
GRCh38_CMRG_79806	1086
GRCh38_CMRG_837	1086
GRCh38_CMRG_8544	1086
GRCh38_CMRG_8680	1086
GRCh38_CMRG_8681	1086
GRCh38_CMRG_9584	1086
GRCh38_CMRG_12155	1085
GRCh38_CMRG_12217	1085
GRCh38_CMRG_12436	1085
GRCh38_CMRG_16993	1085
GRCh38_CMRG_17365	1085
GRCh38_CMRG_17999	1085
GRCh38_CMRG_23021	1085
GRCh38_CMRG_23197	1085
GRCh38_CMRG_24720	1085
GRCh38_CMRG_24721	1085
GRCh38_CMRG_25357	1085
GRCh38_CMRG_2658	1085
GRCh38_CMRG_28695	1085
GRCh38_CMRG_28728	1085
GRCh38_CMRG_28729	1085
GRCh38_CMRG_28753	1085
GRCh38_CMRG_28754	1085
GRCh38_CMRG_31848	1085
GRCh38_CMRG_32301	1085
GRCh38_CMRG_32931	1085
GRCh38_CMRG_34280	1085
GRCh38_CMRG_36262	1085
GRCh38_CMRG_39177	1085
GRCh38_CMRG_39372	1085
GRCh38_CMRG_40520	1085
GRCh38_CMRG_40521	1085
GRCh38_CMRG_42283	1085
GRCh38_CMRG_45085	1085
GRCh38_CMRG_46005	1085
GRCh38_CMRG_46324	1085
GRCh38_CMRG_47382	1085
GRCh38_CMRG_48002	1085
GRCh38_CMRG_50629	1085
GRCh38_CMRG_50955	1085
GRCh38_CMRG_53672	1085
GRCh38_CMRG_53673	1085
GRCh38_CMRG_54483	1085
GRCh38_CMRG_55345	1085
GRCh38_CMRG_55347	1085
GRCh38_CMRG_55519	1085
GRCh38_CMRG_58707	1085
GRCh38_CMRG_59417	1085
GRCh38_CMRG_59955	1085
GRCh38_CMRG_59956	1085
GRCh38_CMRG_617	1085
GRCh38_CMRG_61894	1085
GRCh38_CMRG_64280	1085
GRCh38_CMRG_67613	1085
GRCh38_CMRG_67614	1085
GRCh38_CMRG_7045	1085
GRCh38_CMRG_7183	1085
GRCh38_CMRG_73375	1085
GRCh38_CMRG_75061	1085
GRCh38_CMRG_75062	1085
GRCh38_CMRG_7656	1085
GRCh38_CMRG_76928	1085
GRCh38_CMRG_79449	1085
GRCh38_CMRG_10526	1084
GRCh38_CMRG_11161	1084
GRCh38_CMRG_11341	1084
GRCh38_CMRG_11342	1084
GRCh38_CMRG_13992	1084
GRCh38_CMRG_1402	1084
GRCh38_CMRG_14174	1084
GRCh38_CMRG_14396	1084
GRCh38_CMRG_1548	1084
GRCh38_CMRG_16815	1084
GRCh38_CMRG_17287	1084
GRCh38_CMRG_21452	1084
GRCh38_CMRG_21605	1084
GRCh38_CMRG_21751	1084
GRCh38_CMRG_23548	1084
GRCh38_CMRG_25827	1084
GRCh38_CMRG_25828	1084
GRCh38_CMRG_25829	1084
GRCh38_CMRG_28391	1084
GRCh38_CMRG_28392	1084
GRCh38_CMRG_29562	1084
GRCh38_CMRG_32444	1084
GRCh38_CMRG_32445	1084
GRCh38_CMRG_32709	1084
GRCh38_CMRG_34042	1084
GRCh38_CMRG_39097	1084
GRCh38_CMRG_39638	1084
GRCh38_CMRG_39639	1084
GRCh38_CMRG_40055	1084
GRCh38_CMRG_40183	1084
GRCh38_CMRG_40184	1084
GRCh38_CMRG_41390	1084
GRCh38_CMRG_41561	1084
GRCh38_CMRG_42529	1084
GRCh38_CMRG_43633	1084
GRCh38_CMRG_43677	1084
GRCh38_CMRG_43678	1084
GRCh38_CMRG_44075	1084
GRCh38_CMRG_45602	1084
GRCh38_CMRG_47383	1084
GRCh38_CMRG_50874	1084
GRCh38_CMRG_51831	1084
GRCh38_CMRG_52000	1084
GRCh38_CMRG_55145	1084
GRCh38_CMRG_5838	1084
GRCh38_CMRG_5839	1084
GRCh38_CMRG_58846	1084
GRCh38_CMRG_62629	1084
GRCh38_CMRG_63834	1084
GRCh38_CMRG_63835	1084
GRCh38_CMRG_64596	1084
GRCh38_CMRG_64597	1084
GRCh38_CMRG_64654	1084
GRCh38_CMRG_65133	1084
GRCh38_CMRG_65134	1084
GRCh38_CMRG_69787	1084
GRCh38_CMRG_71199	1084
GRCh38_CMRG_73645	1084
GRCh38_CMRG_7374	1084
GRCh38_CMRG_74941	1084
GRCh38_CMRG_76990	1084
GRCh38_CMRG_79630	1084
GRCh38_CMRG_79631	1084
GRCh38_CMRG_8810	1084
GRCh38_CMRG_8811	1084
GRCh38_CMRG_1060	1083
GRCh38_CMRG_11207	1083
GRCh38_CMRG_11208	1083
GRCh38_CMRG_12093	1083
GRCh38_CMRG_12094	1083
GRCh38_CMRG_144	1083
GRCh38_CMRG_14747	1083
GRCh38_CMRG_1694	1083
GRCh38_CMRG_22351	1083
GRCh38_CMRG_22766	1083
GRCh38_CMRG_22903	1083
GRCh38_CMRG_22904	1083
GRCh38_CMRG_26273	1083
GRCh38_CMRG_26605	1083
GRCh38_CMRG_26606	1083
GRCh38_CMRG_29726	1083
GRCh38_CMRG_31482	1083
GRCh38_CMRG_31609	1083
GRCh38_CMRG_31610	1083
GRCh38_CMRG_31938	1083
GRCh38_CMRG_32616	1083
GRCh38_CMRG_36503	1083
GRCh38_CMRG_37103	1083
GRCh38_CMRG_39811	1083
GRCh38_CMRG_42601	1083
GRCh38_CMRG_44051	1083
GRCh38_CMRG_44052	1083
GRCh38_CMRG_45635	1083
GRCh38_CMRG_45814	1083
GRCh38_CMRG_45858	1083
GRCh38_CMRG_45859	1083
GRCh38_CMRG_47057	1083
GRCh38_CMRG_47058	1083
GRCh38_CMRG_47515	1083
GRCh38_CMRG_47568	1083
GRCh38_CMRG_47671	1083
GRCh38_CMRG_47672	1083
GRCh38_CMRG_49856	1083
GRCh38_CMRG_49901	1083
GRCh38_CMRG_49964	1083
GRCh38_CMRG_49965	1083
GRCh38_CMRG_51832	1083
GRCh38_CMRG_55582	1083
GRCh38_CMRG_58772	1083
GRCh38_CMRG_59838	1083
GRCh38_CMRG_6266	1083
GRCh38_CMRG_6267	1083
GRCh38_CMRG_63734	1083
GRCh38_CMRG_64243	1083
GRCh38_CMRG_6459	1083
GRCh38_CMRG_6511	1083
GRCh38_CMRG_6684	1083
GRCh38_CMRG_68557	1083
GRCh38_CMRG_69429	1083
GRCh38_CMRG_69430	1083
GRCh38_CMRG_69522	1083
GRCh38_CMRG_69523	1083
GRCh38_CMRG_71403	1083
GRCh38_CMRG_74942	1083
GRCh38_CMRG_74948	1083
GRCh38_CMRG_75011	1083
GRCh38_CMRG_75012	1083
GRCh38_CMRG_76739	1083
GRCh38_CMRG_77080	1083
GRCh38_CMRG_77081	1083
GRCh38_CMRG_79463	1083
GRCh38_CMRG_79815	1083
GRCh38_CMRG_79816	1083
GRCh38_CMRG_8530	1083
GRCh38_CMRG_8531	1083
GRCh38_CMRG_8754	1083
GRCh38_CMRG_15040	1082
GRCh38_CMRG_17289	1082
GRCh38_CMRG_17290	1082
GRCh38_CMRG_1850	1082
GRCh38_CMRG_1851	1082
GRCh38_CMRG_19387	1082
GRCh38_CMRG_20027	1082
GRCh38_CMRG_20028	1082
GRCh38_CMRG_21683	1082
GRCh38_CMRG_22522	1082
GRCh38_CMRG_2365	1082
GRCh38_CMRG_27337	1082
GRCh38_CMRG_28667	1082
GRCh38_CMRG_28668	1082
GRCh38_CMRG_31662	1082
GRCh38_CMRG_32448	1082
GRCh38_CMRG_32814	1082
GRCh38_CMRG_32815	1082
GRCh38_CMRG_34276	1082
GRCh38_CMRG_34279	1082
GRCh38_CMRG_34483	1082
GRCh38_CMRG_37333	1082
GRCh38_CMRG_38021	1082
GRCh38_CMRG_38103	1082
GRCh38_CMRG_39484	1082
GRCh38_CMRG_40846	1082
GRCh38_CMRG_42562	1082
GRCh38_CMRG_42563	1082
GRCh38_CMRG_45599	1082
GRCh38_CMRG_47127	1082
GRCh38_CMRG_49815	1082
GRCh38_CMRG_50421	1082
GRCh38_CMRG_50796	1082
GRCh38_CMRG_50849	1082
GRCh38_CMRG_51424	1082
GRCh38_CMRG_51589	1082
GRCh38_CMRG_51932	1082
GRCh38_CMRG_54913	1082
GRCh38_CMRG_54992	1082
GRCh38_CMRG_58162	1082
GRCh38_CMRG_58163	1082
GRCh38_CMRG_60104	1082
GRCh38_CMRG_65129	1082
GRCh38_CMRG_67103	1082
GRCh38_CMRG_68398	1082
GRCh38_CMRG_68399	1082
GRCh38_CMRG_68777	1082
GRCh38_CMRG_69655	1082
GRCh38_CMRG_70961	1082
GRCh38_CMRG_73162	1082
GRCh38_CMRG_73694	1082
GRCh38_CMRG_74265	1082
GRCh38_CMRG_74444	1082
GRCh38_CMRG_74949	1082
GRCh38_CMRG_75474	1082
GRCh38_CMRG_75475	1082
GRCh38_CMRG_76942	1082
GRCh38_CMRG_79455	1082
GRCh38_CMRG_79460	1082
GRCh38_CMRG_80076	1082
GRCh38_CMRG_80964	1082
GRCh38_CMRG_81466	1082
GRCh38_CMRG_8683	1082
GRCh38_CMRG_8753	1082
GRCh38_CMRG_11154	1081
GRCh38_CMRG_13598	1081
GRCh38_CMRG_13599	1081
GRCh38_CMRG_14693	1081
GRCh38_CMRG_17048	1081
GRCh38_CMRG_21318	1081
GRCh38_CMRG_22820	1081
GRCh38_CMRG_2366	1081
GRCh38_CMRG_23794	1081
GRCh38_CMRG_23795	1081
GRCh38_CMRG_24654	1081
GRCh38_CMRG_24706	1081
GRCh38_CMRG_27612	1081
GRCh38_CMRG_28843	1081
GRCh38_CMRG_33618	1081
GRCh38_CMRG_39505	1081
GRCh38_CMRG_39506	1081
GRCh38_CMRG_39744	1081
GRCh38_CMRG_41750	1081
GRCh38_CMRG_42571	1081
GRCh38_CMRG_44703	1081
GRCh38_CMRG_44779	1081
GRCh38_CMRG_45709	1081
GRCh38_CMRG_45770	1081
GRCh38_CMRG_46137	1081
GRCh38_CMRG_46138	1081
GRCh38_CMRG_46761	1081
GRCh38_CMRG_48113	1081
GRCh38_CMRG_48251	1081
GRCh38_CMRG_48799	1081
GRCh38_CMRG_49693	1081
GRCh38_CMRG_51343	1081
GRCh38_CMRG_51606	1081
GRCh38_CMRG_51607	1081
GRCh38_CMRG_54368	1081
GRCh38_CMRG_5540	1081
GRCh38_CMRG_5541	1081
GRCh38_CMRG_5837	1081
GRCh38_CMRG_58621	1081
GRCh38_CMRG_60992	1081
GRCh38_CMRG_61624	1081
GRCh38_CMRG_62603	1081
GRCh38_CMRG_63795	1081
GRCh38_CMRG_63796	1081
GRCh38_CMRG_64224	1081
GRCh38_CMRG_64345	1081
GRCh38_CMRG_64346	1081
GRCh38_CMRG_64369	1081
GRCh38_CMRG_69329	1081
GRCh38_CMRG_69961	1081
GRCh38_CMRG_71173	1081
GRCh38_CMRG_71174	1081
GRCh38_CMRG_7120	1081
GRCh38_CMRG_71462	1081
GRCh38_CMRG_7149	1081
GRCh38_CMRG_7150	1081
GRCh38_CMRG_72987	1081
GRCh38_CMRG_73232	1081
GRCh38_CMRG_73233	1081
GRCh38_CMRG_7661	1081
GRCh38_CMRG_79438	1081
GRCh38_CMRG_79439	1081
GRCh38_CMRG_80075	1081
GRCh38_CMRG_1162	1080
GRCh38_CMRG_11780	1080
GRCh38_CMRG_15662	1080
GRCh38_CMRG_16867	1080
GRCh38_CMRG_19945	1080
GRCh38_CMRG_21585	1080
GRCh38_CMRG_24771	1080
GRCh38_CMRG_28716	1080
GRCh38_CMRG_28851	1080
GRCh38_CMRG_32404	1080
GRCh38_CMRG_32409	1080
GRCh38_CMRG_34456	1080
GRCh38_CMRG_35863	1080
GRCh38_CMRG_37266	1080
GRCh38_CMRG_38043	1080
GRCh38_CMRG_39822	1080
GRCh38_CMRG_43638	1080
GRCh38_CMRG_47353	1080
GRCh38_CMRG_48067	1080
GRCh38_CMRG_50680	1080
GRCh38_CMRG_50793	1080
GRCh38_CMRG_51036	1080
GRCh38_CMRG_51451	1080
GRCh38_CMRG_52734	1080
GRCh38_CMRG_52735	1080
GRCh38_CMRG_53242	1080
GRCh38_CMRG_59759	1080
GRCh38_CMRG_59760	1080
GRCh38_CMRG_63561	1080
GRCh38_CMRG_64405	1080
GRCh38_CMRG_69369	1080
GRCh38_CMRG_69370	1080
GRCh38_CMRG_70303	1080
GRCh38_CMRG_71620	1080
GRCh38_CMRG_7402	1080
GRCh38_CMRG_7403	1080
GRCh38_CMRG_7417	1080
GRCh38_CMRG_7418	1080
GRCh38_CMRG_74497	1080
GRCh38_CMRG_75604	1080
GRCh38_CMRG_7608	1080
GRCh38_CMRG_7716	1080
GRCh38_CMRG_7717	1080
GRCh38_CMRG_77336	1080
GRCh38_CMRG_77337	1080
GRCh38_CMRG_79137	1080
GRCh38_CMRG_8032	1080
GRCh38_CMRG_81485	1080
GRCh38_CMRG_8818	1080
GRCh38_CMRG_8819	1080
GRCh38_CMRG_1064	1079
GRCh38_CMRG_14015	1079
GRCh38_CMRG_14555	1079
GRCh38_CMRG_15125	1079
GRCh38_CMRG_15126	1079
GRCh38_CMRG_16781	1079
GRCh38_CMRG_17824	1079
GRCh38_CMRG_19009	1079
GRCh38_CMRG_1903	1079
GRCh38_CMRG_24471	1079
GRCh38_CMRG_2848	1079
GRCh38_CMRG_32708	1079
GRCh38_CMRG_34154	1079
GRCh38_CMRG_34502	1079
GRCh38_CMRG_37007	1079
GRCh38_CMRG_37008	1079
GRCh38_CMRG_38063	1079
GRCh38_CMRG_39390	1079
GRCh38_CMRG_39391	1079
GRCh38_CMRG_41665	1079
GRCh38_CMRG_41666	1079
GRCh38_CMRG_42480	1079
GRCh38_CMRG_42525	1079
GRCh38_CMRG_44608	1079
GRCh38_CMRG_44823	1079
GRCh38_CMRG_46441	1079
GRCh38_CMRG_46780	1079
GRCh38_CMRG_48985	1079
GRCh38_CMRG_51168	1079
GRCh38_CMRG_51788	1079
GRCh38_CMRG_55834	1079
GRCh38_CMRG_578	1079
GRCh38_CMRG_58642	1079
GRCh38_CMRG_58803	1079
GRCh38_CMRG_612	1079
GRCh38_CMRG_62072	1079
GRCh38_CMRG_6218	1079
GRCh38_CMRG_64499	1079
GRCh38_CMRG_6574	1079
GRCh38_CMRG_66089	1079
GRCh38_CMRG_66090	1079
GRCh38_CMRG_66124	1079
GRCh38_CMRG_66125	1079
GRCh38_CMRG_69405	1079
GRCh38_CMRG_69489	1079
GRCh38_CMRG_70380	1079
GRCh38_CMRG_70766	1079
GRCh38_CMRG_71640	1079
GRCh38_CMRG_72018	1079
GRCh38_CMRG_72430	1079
GRCh38_CMRG_73126	1079
GRCh38_CMRG_74198	1079
GRCh38_CMRG_74199	1079
GRCh38_CMRG_74239	1079
GRCh38_CMRG_74415	1079
GRCh38_CMRG_74416	1079
GRCh38_CMRG_75605	1079
GRCh38_CMRG_79629	1079
GRCh38_CMRG_1014	1078
GRCh38_CMRG_11145	1078
GRCh38_CMRG_11146	1078
GRCh38_CMRG_11166	1078
GRCh38_CMRG_11185	1078
GRCh38_CMRG_13098	1078
GRCh38_CMRG_17684	1078
GRCh38_CMRG_21199	1078
GRCh38_CMRG_21200	1078
GRCh38_CMRG_22636	1078
GRCh38_CMRG_22741	1078
GRCh38_CMRG_2461	1078
GRCh38_CMRG_2462	1078
GRCh38_CMRG_24972	1078
GRCh38_CMRG_25034	1078
GRCh38_CMRG_32600	1078
GRCh38_CMRG_32603	1078
GRCh38_CMRG_33900	1078
GRCh38_CMRG_34137	1078
GRCh38_CMRG_36490	1078
GRCh38_CMRG_38102	1078
GRCh38_CMRG_39358	1078
GRCh38_CMRG_42526	1078
GRCh38_CMRG_43680	1078
GRCh38_CMRG_44030	1078
GRCh38_CMRG_44044	1078
GRCh38_CMRG_44045	1078
GRCh38_CMRG_45601	1078
GRCh38_CMRG_46766	1078
GRCh38_CMRG_48415	1078
GRCh38_CMRG_48553	1078
GRCh38_CMRG_49476	1078
GRCh38_CMRG_49477	1078
GRCh38_CMRG_50291	1078
GRCh38_CMRG_51097	1078
GRCh38_CMRG_51574	1078
GRCh38_CMRG_54431	1078
GRCh38_CMRG_54990	1078
GRCh38_CMRG_54991	1078
GRCh38_CMRG_55447	1078
GRCh38_CMRG_58146	1078
GRCh38_CMRG_5920	1078
GRCh38_CMRG_59584	1078
GRCh38_CMRG_61243	1078
GRCh38_CMRG_63594	1078
GRCh38_CMRG_65851	1078
GRCh38_CMRG_66151	1078
GRCh38_CMRG_68656	1078
GRCh38_CMRG_68657	1078
GRCh38_CMRG_69611	1078
GRCh38_CMRG_723	1078
GRCh38_CMRG_72569	1078
GRCh38_CMRG_72570	1078
GRCh38_CMRG_73087	1078
GRCh38_CMRG_76704	1078
GRCh38_CMRG_76705	1078
GRCh38_CMRG_76716	1078
GRCh38_CMRG_76955	1078
GRCh38_CMRG_76956	1078
GRCh38_CMRG_77257	1078
GRCh38_CMRG_77258	1078
GRCh38_CMRG_78981	1078
GRCh38_CMRG_79297	1078
GRCh38_CMRG_79536	1078
GRCh38_CMRG_79537	1078
GRCh38_CMRG_81316	1078
GRCh38_CMRG_81779	1078
GRCh38_CMRG_82062	1078
GRCh38_CMRG_1075	1077
GRCh38_CMRG_1076	1077
GRCh38_CMRG_11608	1077
GRCh38_CMRG_12410	1077
GRCh38_CMRG_1253	1077
GRCh38_CMRG_1254	1077
GRCh38_CMRG_1392	1077
GRCh38_CMRG_14882	1077
GRCh38_CMRG_14883	1077
GRCh38_CMRG_16547	1077
GRCh38_CMRG_17136	1077
GRCh38_CMRG_1923	1077
GRCh38_CMRG_27107	1077
GRCh38_CMRG_29720	1077
GRCh38_CMRG_31449	1077
GRCh38_CMRG_31491	1077
GRCh38_CMRG_32599	1077
GRCh38_CMRG_32723	1077
GRCh38_CMRG_33125	1077
GRCh38_CMRG_33577	1077
GRCh38_CMRG_36622	1077
GRCh38_CMRG_36623	1077
GRCh38_CMRG_37055	1077
GRCh38_CMRG_37212	1077
GRCh38_CMRG_37213	1077
GRCh38_CMRG_37724	1077
GRCh38_CMRG_37725	1077
GRCh38_CMRG_37761	1077
GRCh38_CMRG_37762	1077
GRCh38_CMRG_38050	1077
GRCh38_CMRG_39241	1077
GRCh38_CMRG_39242	1077
GRCh38_CMRG_39703	1077
GRCh38_CMRG_40803	1077
GRCh38_CMRG_41466	1077
GRCh38_CMRG_42570	1077
GRCh38_CMRG_43968	1077
GRCh38_CMRG_43969	1077
GRCh38_CMRG_44274	1077
GRCh38_CMRG_44906	1077
GRCh38_CMRG_45273	1077
GRCh38_CMRG_45492	1077
GRCh38_CMRG_47545	1077
GRCh38_CMRG_47546	1077
GRCh38_CMRG_47613	1077
GRCh38_CMRG_47614	1077
GRCh38_CMRG_48360	1077
GRCh38_CMRG_48986	1077
GRCh38_CMRG_50290	1077
GRCh38_CMRG_50597	1077
GRCh38_CMRG_50598	1077
GRCh38_CMRG_50644	1077
GRCh38_CMRG_51709	1077
GRCh38_CMRG_52787	1077
GRCh38_CMRG_52788	1077
GRCh38_CMRG_53340	1077
GRCh38_CMRG_53341	1077
GRCh38_CMRG_569	1077
GRCh38_CMRG_5791	1077
GRCh38_CMRG_58413	1077
GRCh38_CMRG_59364	1077
GRCh38_CMRG_59798	1077
GRCh38_CMRG_60383	1077
GRCh38_CMRG_6409	1077
GRCh38_CMRG_64132	1077
GRCh38_CMRG_65064	1077
GRCh38_CMRG_65275	1077
GRCh38_CMRG_65276	1077
GRCh38_CMRG_65491	1077
GRCh38_CMRG_67559	1077
GRCh38_CMRG_67907	1077
GRCh38_CMRG_70301	1077
GRCh38_CMRG_70302	1077
GRCh38_CMRG_70458	1077
GRCh38_CMRG_71101	1077
GRCh38_CMRG_71102	1077
GRCh38_CMRG_71680	1077
GRCh38_CMRG_7199	1077
GRCh38_CMRG_7207	1077
GRCh38_CMRG_7208	1077
GRCh38_CMRG_73477	1077
GRCh38_CMRG_74951	1077
GRCh38_CMRG_74952	1077
GRCh38_CMRG_7634	1077
GRCh38_CMRG_7635	1077
GRCh38_CMRG_79217	1077
GRCh38_CMRG_79218	1077
GRCh38_CMRG_79403	1077
GRCh38_CMRG_79837	1077
GRCh38_CMRG_8039	1077
GRCh38_CMRG_81564	1077
GRCh38_CMRG_81680	1077
GRCh38_CMRG_8566	1077
GRCh38_CMRG_8567	1077
GRCh38_CMRG_8734	1077
GRCh38_CMRG_1201	1076
GRCh38_CMRG_12930	1076
GRCh38_CMRG_13251	1076
GRCh38_CMRG_13404	1076
GRCh38_CMRG_13571	1076
GRCh38_CMRG_13572	1076
GRCh38_CMRG_14477	1076
GRCh38_CMRG_17979	1076
GRCh38_CMRG_19065	1076
GRCh38_CMRG_19302	1076
GRCh38_CMRG_22288	1076
GRCh38_CMRG_22289	1076
GRCh38_CMRG_22425	1076
GRCh38_CMRG_24472	1076
GRCh38_CMRG_27143	1076
GRCh38_CMRG_27611	1076
GRCh38_CMRG_28770	1076
GRCh38_CMRG_29725	1076
GRCh38_CMRG_29915	1076
GRCh38_CMRG_32607	1076
GRCh38_CMRG_33682	1076
GRCh38_CMRG_33683	1076
GRCh38_CMRG_33894	1076
GRCh38_CMRG_36330	1076
GRCh38_CMRG_36331	1076
GRCh38_CMRG_39174	1076
GRCh38_CMRG_41047	1076
GRCh38_CMRG_41203	1076
GRCh38_CMRG_44616	1076
GRCh38_CMRG_44893	1076
GRCh38_CMRG_45707	1076
GRCh38_CMRG_49011	1076
GRCh38_CMRG_49818	1076
GRCh38_CMRG_49829	1076
GRCh38_CMRG_499	1076
GRCh38_CMRG_500	1076
GRCh38_CMRG_50649	1076
GRCh38_CMRG_50993	1076
GRCh38_CMRG_51166	1076
GRCh38_CMRG_525	1076
GRCh38_CMRG_526	1076
GRCh38_CMRG_55261	1076
GRCh38_CMRG_5933	1076
GRCh38_CMRG_5960	1076
GRCh38_CMRG_60414	1076
GRCh38_CMRG_6270	1076
GRCh38_CMRG_6349	1076
GRCh38_CMRG_63782	1076
GRCh38_CMRG_64028	1076
GRCh38_CMRG_64307	1076
GRCh38_CMRG_64394	1076
GRCh38_CMRG_64395	1076
GRCh38_CMRG_68498	1076
GRCh38_CMRG_73478	1076
GRCh38_CMRG_73752	1076
GRCh38_CMRG_76828	1076
GRCh38_CMRG_1221	1075
GRCh38_CMRG_1268	1075
GRCh38_CMRG_1269	1075
GRCh38_CMRG_13250	1075
GRCh38_CMRG_19066	1075
GRCh38_CMRG_19356	1075
GRCh38_CMRG_19830	1075
GRCh38_CMRG_23193	1075
GRCh38_CMRG_23194	1075
GRCh38_CMRG_24664	1075
GRCh38_CMRG_27655	1075
GRCh38_CMRG_2777	1075
GRCh38_CMRG_31450	1075
GRCh38_CMRG_31484	1075
GRCh38_CMRG_32928	1075
GRCh38_CMRG_35891	1075
GRCh38_CMRG_35906	1075
GRCh38_CMRG_37057	1075
GRCh38_CMRG_38097	1075
GRCh38_CMRG_39781	1075
GRCh38_CMRG_43856	1075
GRCh38_CMRG_43919	1075
GRCh38_CMRG_44026	1075
GRCh38_CMRG_45117	1075
GRCh38_CMRG_47142	1075
GRCh38_CMRG_48396	1075
GRCh38_CMRG_49489	1075
GRCh38_CMRG_50634	1075
GRCh38_CMRG_51732	1075
GRCh38_CMRG_51787	1075
GRCh38_CMRG_52290	1075
GRCh38_CMRG_52731	1075
GRCh38_CMRG_52732	1075
GRCh38_CMRG_53082	1075
GRCh38_CMRG_58613	1075
GRCh38_CMRG_58614	1075
GRCh38_CMRG_59630	1075
GRCh38_CMRG_59631	1075
GRCh38_CMRG_60416	1075
GRCh38_CMRG_61625	1075
GRCh38_CMRG_63235	1075
GRCh38_CMRG_63890	1075
GRCh38_CMRG_63891	1075
GRCh38_CMRG_67336	1075
GRCh38_CMRG_68844	1075
GRCh38_CMRG_70388	1075
GRCh38_CMRG_70389	1075
GRCh38_CMRG_71997	1075
GRCh38_CMRG_72121	1075
GRCh38_CMRG_73760	1075
GRCh38_CMRG_74468	1075
GRCh38_CMRG_76830	1075
GRCh38_CMRG_81640	1075
GRCh38_CMRG_8336	1075
GRCh38_CMRG_9744	1075
GRCh38_CMRG_17109	1074
GRCh38_CMRG_17110	1074
GRCh38_CMRG_2139	1074
GRCh38_CMRG_28476	1074
GRCh38_CMRG_29673	1074
GRCh38_CMRG_34281	1074
GRCh38_CMRG_39268	1074
GRCh38_CMRG_40231	1074
GRCh38_CMRG_41157	1074
GRCh38_CMRG_41158	1074
GRCh38_CMRG_43857	1074
GRCh38_CMRG_45672	1074
GRCh38_CMRG_48052	1074
GRCh38_CMRG_50005	1074
GRCh38_CMRG_50645	1074
GRCh38_CMRG_63384	1074
GRCh38_CMRG_64048	1074
GRCh38_CMRG_65464	1074
GRCh38_CMRG_66954	1074
GRCh38_CMRG_67751	1074
GRCh38_CMRG_71607	1074
GRCh38_CMRG_72571	1074
GRCh38_CMRG_74337	1074
GRCh38_CMRG_74338	1074
GRCh38_CMRG_7490	1074
GRCh38_CMRG_76662	1074
GRCh38_CMRG_76946	1074
GRCh38_CMRG_80995	1074
GRCh38_CMRG_81467	1074
GRCh38_CMRG_81904	1074
GRCh38_CMRG_8242	1074
GRCh38_CMRG_11201	1073
GRCh38_CMRG_12738	1073
GRCh38_CMRG_12739	1073
GRCh38_CMRG_13763	1073
GRCh38_CMRG_14395	1073
GRCh38_CMRG_1625	1073
GRCh38_CMRG_1626	1073
GRCh38_CMRG_1741	1073
GRCh38_CMRG_2067	1073
GRCh38_CMRG_22597	1073
GRCh38_CMRG_25041	1073
GRCh38_CMRG_25888	1073
GRCh38_CMRG_2779	1073
GRCh38_CMRG_2780	1073
GRCh38_CMRG_28523	1073
GRCh38_CMRG_28727	1073
GRCh38_CMRG_29721	1073
GRCh38_CMRG_31175	1073
GRCh38_CMRG_31176	1073
GRCh38_CMRG_32428	1073
GRCh38_CMRG_32722	1073
GRCh38_CMRG_35654	1073
GRCh38_CMRG_37023	1073
GRCh38_CMRG_39266	1073
GRCh38_CMRG_39446	1073
GRCh38_CMRG_39447	1073
GRCh38_CMRG_39755	1073
GRCh38_CMRG_44452	1073
GRCh38_CMRG_44650	1073
GRCh38_CMRG_44659	1073
GRCh38_CMRG_45058	1073
GRCh38_CMRG_45059	1073
GRCh38_CMRG_45064	1073
GRCh38_CMRG_45262	1073
GRCh38_CMRG_45263	1073
GRCh38_CMRG_45365	1073
GRCh38_CMRG_45664	1073
GRCh38_CMRG_45665	1073
GRCh38_CMRG_45671	1073
GRCh38_CMRG_46519	1073
GRCh38_CMRG_49226	1073
GRCh38_CMRG_51012	1073
GRCh38_CMRG_51013	1073
GRCh38_CMRG_51034	1073
GRCh38_CMRG_51035	1073
GRCh38_CMRG_52557	1073
GRCh38_CMRG_53728	1073
GRCh38_CMRG_53729	1073
GRCh38_CMRG_58972	1073
GRCh38_CMRG_58973	1073
GRCh38_CMRG_59355	1073
GRCh38_CMRG_59488	1073
GRCh38_CMRG_6160	1073
GRCh38_CMRG_6161	1073
GRCh38_CMRG_6248	1073
GRCh38_CMRG_63864	1073
GRCh38_CMRG_63898	1073
GRCh38_CMRG_63899	1073
GRCh38_CMRG_64340	1073
GRCh38_CMRG_65463	1073
GRCh38_CMRG_65793	1073
GRCh38_CMRG_65854	1073
GRCh38_CMRG_67035	1073
GRCh38_CMRG_69214	1073
GRCh38_CMRG_69594	1073
GRCh38_CMRG_69595	1073
GRCh38_CMRG_70080	1073
GRCh38_CMRG_70873	1073
GRCh38_CMRG_71896	1073
GRCh38_CMRG_75659	1073
GRCh38_CMRG_75660	1073
GRCh38_CMRG_77304	1073
GRCh38_CMRG_79000	1073
GRCh38_CMRG_80768	1073
GRCh38_CMRG_81315	1073
GRCh38_CMRG_8684	1073
GRCh38_CMRG_116	1072
GRCh38_CMRG_12109	1072
GRCh38_CMRG_1293	1072
GRCh38_CMRG_1294	1072
GRCh38_CMRG_1383	1072
GRCh38_CMRG_1384	1072
GRCh38_CMRG_15115	1072
GRCh38_CMRG_15460	1072
GRCh38_CMRG_17486	1072
GRCh38_CMRG_17644	1072
GRCh38_CMRG_17645	1072
GRCh38_CMRG_17646	1072
GRCh38_CMRG_19944	1072
GRCh38_CMRG_2066	1072
GRCh38_CMRG_21957	1072
GRCh38_CMRG_21964	1072
GRCh38_CMRG_26920	1072
GRCh38_CMRG_28001	1072
GRCh38_CMRG_28921	1072
GRCh38_CMRG_32606	1072
GRCh38_CMRG_34769	1072
GRCh38_CMRG_37668	1072
GRCh38_CMRG_44695	1072
GRCh38_CMRG_44894	1072
GRCh38_CMRG_45264	1072
GRCh38_CMRG_47468	1072
GRCh38_CMRG_48062	1072
GRCh38_CMRG_49810	1072
GRCh38_CMRG_51986	1072
GRCh38_CMRG_51987	1072
GRCh38_CMRG_54317	1072
GRCh38_CMRG_54318	1072
GRCh38_CMRG_55469	1072
GRCh38_CMRG_55470	1072
GRCh38_CMRG_6262	1072
GRCh38_CMRG_64392	1072
GRCh38_CMRG_64393	1072
GRCh38_CMRG_66970	1072
GRCh38_CMRG_71438	1072
GRCh38_CMRG_72734	1072
GRCh38_CMRG_73921	1072
GRCh38_CMRG_73922	1072
GRCh38_CMRG_73923	1072
GRCh38_CMRG_74058	1072
GRCh38_CMRG_74059	1072
GRCh38_CMRG_74147	1072
GRCh38_CMRG_74381	1072
GRCh38_CMRG_74529	1072
GRCh38_CMRG_74660	1072
GRCh38_CMRG_77305	1072
GRCh38_CMRG_77342	1072
GRCh38_CMRG_8821	1072
GRCh38_CMRG_9288	1072
GRCh38_CMRG_11840	1071
GRCh38_CMRG_12110	1071
GRCh38_CMRG_12471	1071
GRCh38_CMRG_14082	1071
GRCh38_CMRG_14083	1071
GRCh38_CMRG_14558	1071
GRCh38_CMRG_15116	1071
GRCh38_CMRG_19829	1071
GRCh38_CMRG_26678	1071
GRCh38_CMRG_26874	1071
GRCh38_CMRG_27152	1071
GRCh38_CMRG_28056	1071
GRCh38_CMRG_28230	1071
GRCh38_CMRG_31231	1071
GRCh38_CMRG_31232	1071
GRCh38_CMRG_32248	1071
GRCh38_CMRG_32249	1071
GRCh38_CMRG_32310	1071
GRCh38_CMRG_32605	1071
GRCh38_CMRG_42060	1071
GRCh38_CMRG_42157	1071
GRCh38_CMRG_42193	1071
GRCh38_CMRG_44196	1071
GRCh38_CMRG_44513	1071
GRCh38_CMRG_47090	1071
GRCh38_CMRG_47091	1071
GRCh38_CMRG_49379	1071
GRCh38_CMRG_50453	1071
GRCh38_CMRG_50595	1071
GRCh38_CMRG_50596	1071
GRCh38_CMRG_51473	1071
GRCh38_CMRG_51474	1071
GRCh38_CMRG_51671	1071
GRCh38_CMRG_51672	1071
GRCh38_CMRG_51812	1071
GRCh38_CMRG_54531	1071
GRCh38_CMRG_5544	1071
GRCh38_CMRG_58377	1071
GRCh38_CMRG_58378	1071
GRCh38_CMRG_58873	1071
GRCh38_CMRG_59182	1071
GRCh38_CMRG_59797	1071
GRCh38_CMRG_61247	1071
GRCh38_CMRG_66971	1071
GRCh38_CMRG_68020	1071
GRCh38_CMRG_69441	1071
GRCh38_CMRG_69537	1071
GRCh38_CMRG_74177	1071
GRCh38_CMRG_76756	1071
GRCh38_CMRG_77206	1071
GRCh38_CMRG_77207	1071
GRCh38_CMRG_789	1071
GRCh38_CMRG_81377	1071
GRCh38_CMRG_81378	1071
GRCh38_CMRG_841	1071
GRCh38_CMRG_8638	1071
GRCh38_CMRG_9130	1071
GRCh38_CMRG_11308	1070
GRCh38_CMRG_11309	1070
GRCh38_CMRG_1210	1070
GRCh38_CMRG_13473	1070
GRCh38_CMRG_13474	1070
GRCh38_CMRG_14678	1070
GRCh38_CMRG_14679	1070
GRCh38_CMRG_14735	1070
GRCh38_CMRG_17590	1070
GRCh38_CMRG_19935	1070
GRCh38_CMRG_28579	1070
GRCh38_CMRG_28580	1070
GRCh38_CMRG_29635	1070
GRCh38_CMRG_29674	1070
GRCh38_CMRG_30622	1070
GRCh38_CMRG_31277	1070
GRCh38_CMRG_32689	1070
GRCh38_CMRG_36551	1070
GRCh38_CMRG_44525	1070
GRCh38_CMRG_44772	1070
GRCh38_CMRG_45070	1070
GRCh38_CMRG_47518	1070
GRCh38_CMRG_47928	1070
GRCh38_CMRG_50591	1070
GRCh38_CMRG_50592	1070
GRCh38_CMRG_52555	1070
GRCh38_CMRG_53763	1070
GRCh38_CMRG_53998	1070
GRCh38_CMRG_53999	1070
GRCh38_CMRG_58379	1070
GRCh38_CMRG_58380	1070
GRCh38_CMRG_58441	1070
GRCh38_CMRG_59138	1070
GRCh38_CMRG_59647	1070
GRCh38_CMRG_59748	1070
GRCh38_CMRG_59749	1070
GRCh38_CMRG_61374	1070
GRCh38_CMRG_64290	1070
GRCh38_CMRG_65721	1070
GRCh38_CMRG_65722	1070
GRCh38_CMRG_67944	1070
GRCh38_CMRG_67960	1070
GRCh38_CMRG_68678	1070
GRCh38_CMRG_68679	1070
GRCh38_CMRG_70613	1070
GRCh38_CMRG_721	1070
GRCh38_CMRG_722	1070
GRCh38_CMRG_72660	1070
GRCh38_CMRG_72661	1070
GRCh38_CMRG_73301	1070
GRCh38_CMRG_73302	1070
GRCh38_CMRG_74698	1070
GRCh38_CMRG_76619	1070
GRCh38_CMRG_76620	1070
GRCh38_CMRG_76931	1070
GRCh38_CMRG_77314	1070
GRCh38_CMRG_79835	1070
GRCh38_CMRG_11944	1069
GRCh38_CMRG_1290	1069
GRCh38_CMRG_13203	1069
GRCh38_CMRG_15378	1069
GRCh38_CMRG_18361	1069
GRCh38_CMRG_28547	1069
GRCh38_CMRG_29763	1069
GRCh38_CMRG_32124	1069
GRCh38_CMRG_32125	1069
GRCh38_CMRG_39269	1069
GRCh38_CMRG_40009	1069
GRCh38_CMRG_41522	1069
GRCh38_CMRG_41794	1069
GRCh38_CMRG_42567	1069
GRCh38_CMRG_45232	1069
GRCh38_CMRG_45366	1069
GRCh38_CMRG_45957	1069
GRCh38_CMRG_50838	1069
GRCh38_CMRG_51334	1069
GRCh38_CMRG_51335	1069
GRCh38_CMRG_51615	1069
GRCh38_CMRG_51616	1069
GRCh38_CMRG_55632	1069
GRCh38_CMRG_55633	1069
GRCh38_CMRG_58053	1069
GRCh38_CMRG_58054	1069
GRCh38_CMRG_58375	1069
GRCh38_CMRG_59534	1069
GRCh38_CMRG_59746	1069
GRCh38_CMRG_59747	1069
GRCh38_CMRG_67542	1069
GRCh38_CMRG_68809	1069
GRCh38_CMRG_68810	1069
GRCh38_CMRG_70614	1069
GRCh38_CMRG_71098	1069
GRCh38_CMRG_72424	1069
GRCh38_CMRG_73054	1069
GRCh38_CMRG_73378	1069
GRCh38_CMRG_73379	1069
GRCh38_CMRG_76944	1069
GRCh38_CMRG_77036	1069
GRCh38_CMRG_838	1069
GRCh38_CMRG_12276	1068
GRCh38_CMRG_1312	1068
GRCh38_CMRG_1313	1068
GRCh38_CMRG_1358	1068
GRCh38_CMRG_22826	1068
GRCh38_CMRG_23572	1068
GRCh38_CMRG_24582	1068
GRCh38_CMRG_24583	1068
GRCh38_CMRG_28551	1068
GRCh38_CMRG_32495	1068
GRCh38_CMRG_33841	1068
GRCh38_CMRG_36018	1068
GRCh38_CMRG_36019	1068
GRCh38_CMRG_37882	1068
GRCh38_CMRG_39684	1068
GRCh38_CMRG_39685	1068
GRCh38_CMRG_43890	1068
GRCh38_CMRG_43986	1068
GRCh38_CMRG_43987	1068
GRCh38_CMRG_44766	1068
GRCh38_CMRG_45069	1068
GRCh38_CMRG_47520	1068
GRCh38_CMRG_49039	1068
GRCh38_CMRG_49902	1068
GRCh38_CMRG_49939	1068
GRCh38_CMRG_50451	1068
GRCh38_CMRG_52622	1068
GRCh38_CMRG_53023	1068
GRCh38_CMRG_53024	1068
GRCh38_CMRG_54195	1068
GRCh38_CMRG_58539	1068
GRCh38_CMRG_59553	1068
GRCh38_CMRG_64316	1068
GRCh38_CMRG_65338	1068
GRCh38_CMRG_67541	1068
GRCh38_CMRG_69566	1068
GRCh38_CMRG_72735	1068
GRCh38_CMRG_1011	1067
GRCh38_CMRG_12286	1067
GRCh38_CMRG_15107	1067
GRCh38_CMRG_16630	1067
GRCh38_CMRG_1772	1067
GRCh38_CMRG_1773	1067
GRCh38_CMRG_17790	1067
GRCh38_CMRG_17791	1067
GRCh38_CMRG_18094	1067
GRCh38_CMRG_23040	1067
GRCh38_CMRG_26491	1067
GRCh38_CMRG_26492	1067
GRCh38_CMRG_26883	1067
GRCh38_CMRG_27692	1067
GRCh38_CMRG_31459	1067
GRCh38_CMRG_31809	1067
GRCh38_CMRG_31810	1067
GRCh38_CMRG_32683	1067
GRCh38_CMRG_33448	1067
GRCh38_CMRG_33856	1067
GRCh38_CMRG_34541	1067
GRCh38_CMRG_35832	1067
GRCh38_CMRG_37737	1067
GRCh38_CMRG_38627	1067
GRCh38_CMRG_39568	1067
GRCh38_CMRG_39569	1067
GRCh38_CMRG_41588	1067
GRCh38_CMRG_41589	1067
GRCh38_CMRG_44197	1067
GRCh38_CMRG_44285	1067
GRCh38_CMRG_44860	1067
GRCh38_CMRG_44861	1067
GRCh38_CMRG_48018	1067
GRCh38_CMRG_48114	1067
GRCh38_CMRG_48115	1067
GRCh38_CMRG_48696	1067
GRCh38_CMRG_48939	1067
GRCh38_CMRG_51030	1067
GRCh38_CMRG_51622	1067
GRCh38_CMRG_51703	1067
GRCh38_CMRG_53333	1067
GRCh38_CMRG_5742	1067
GRCh38_CMRG_58318	1067
GRCh38_CMRG_59729	1067
GRCh38_CMRG_6013	1067
GRCh38_CMRG_6127	1067
GRCh38_CMRG_61839	1067
GRCh38_CMRG_6439	1067
GRCh38_CMRG_6512	1067
GRCh38_CMRG_65349	1067
GRCh38_CMRG_70335	1067
GRCh38_CMRG_73282	1067
GRCh38_CMRG_74953	1067
GRCh38_CMRG_74954	1067
GRCh38_CMRG_75505	1067
GRCh38_CMRG_75612	1067
GRCh38_CMRG_77348	1067
GRCh38_CMRG_9904	1067
GRCh38_CMRG_1065	1066
GRCh38_CMRG_1066	1066
GRCh38_CMRG_12411	1066
GRCh38_CMRG_12412	1066
GRCh38_CMRG_13986	1066
GRCh38_CMRG_15299	1066
GRCh38_CMRG_16450	1066
GRCh38_CMRG_16451	1066
GRCh38_CMRG_16652	1066
GRCh38_CMRG_19796	1066
GRCh38_CMRG_22013	1066
GRCh38_CMRG_31811	1066
GRCh38_CMRG_34138	1066
GRCh38_CMRG_35833	1066
GRCh38_CMRG_37592	1066
GRCh38_CMRG_39919	1066
GRCh38_CMRG_40010	1066
GRCh38_CMRG_41499	1066
GRCh38_CMRG_41500	1066
GRCh38_CMRG_43666	1066
GRCh38_CMRG_45067	1066
GRCh38_CMRG_45068	1066
GRCh38_CMRG_45272	1066
GRCh38_CMRG_45684	1066
GRCh38_CMRG_48009	1066
GRCh38_CMRG_48938	1066
GRCh38_CMRG_49724	1066
GRCh38_CMRG_49725	1066
GRCh38_CMRG_52054	1066
GRCh38_CMRG_52595	1066
GRCh38_CMRG_52596	1066
GRCh38_CMRG_53334	1066
GRCh38_CMRG_60350	1066
GRCh38_CMRG_61683	1066
GRCh38_CMRG_61684	1066
GRCh38_CMRG_64312	1066
GRCh38_CMRG_64313	1066
GRCh38_CMRG_6438	1066
GRCh38_CMRG_657	1066
GRCh38_CMRG_6575	1066
GRCh38_CMRG_658	1066
GRCh38_CMRG_68785	1066
GRCh38_CMRG_69756	1066
GRCh38_CMRG_7187	1066
GRCh38_CMRG_7188	1066
GRCh38_CMRG_74769	1066
GRCh38_CMRG_76963	1066
GRCh38_CMRG_79114	1066
GRCh38_CMRG_79299	1066
GRCh38_CMRG_79300	1066
GRCh38_CMRG_12511	1065
GRCh38_CMRG_12851	1065
GRCh38_CMRG_13383	1065
GRCh38_CMRG_13588	1065
GRCh38_CMRG_13589	1065
GRCh38_CMRG_14096	1065
GRCh38_CMRG_14097	1065
GRCh38_CMRG_15106	1065
GRCh38_CMRG_16631	1065
GRCh38_CMRG_17427	1065
GRCh38_CMRG_17613	1065
GRCh38_CMRG_21194	1065
GRCh38_CMRG_21618	1065
GRCh38_CMRG_23151	1065
GRCh38_CMRG_24687	1065
GRCh38_CMRG_2817	1065
GRCh38_CMRG_2818	1065
GRCh38_CMRG_29858	1065
GRCh38_CMRG_32363	1065
GRCh38_CMRG_32364	1065
GRCh38_CMRG_33132	1065
GRCh38_CMRG_33310	1065
GRCh38_CMRG_34475	1065
GRCh38_CMRG_34476	1065
GRCh38_CMRG_36288	1065
GRCh38_CMRG_37935	1065
GRCh38_CMRG_382	1065
GRCh38_CMRG_389	1065
GRCh38_CMRG_41627	1065
GRCh38_CMRG_41628	1065
GRCh38_CMRG_42117	1065
GRCh38_CMRG_44592	1065
GRCh38_CMRG_44593	1065
GRCh38_CMRG_44595	1065
GRCh38_CMRG_44767	1065
GRCh38_CMRG_44952	1065
GRCh38_CMRG_45568	1065
GRCh38_CMRG_45569	1065
GRCh38_CMRG_45685	1065
GRCh38_CMRG_46015	1065
GRCh38_CMRG_46016	1065
GRCh38_CMRG_46762	1065
GRCh38_CMRG_48632	1065
GRCh38_CMRG_49586	1065
GRCh38_CMRG_49587	1065
GRCh38_CMRG_50050	1065
GRCh38_CMRG_50143	1065
GRCh38_CMRG_51508	1065
GRCh38_CMRG_52554	1065
GRCh38_CMRG_54196	1065
GRCh38_CMRG_54503	1065
GRCh38_CMRG_54796	1065
GRCh38_CMRG_58344	1065
GRCh38_CMRG_59291	1065
GRCh38_CMRG_60153	1065
GRCh38_CMRG_63546	1065
GRCh38_CMRG_63547	1065
GRCh38_CMRG_70618	1065
GRCh38_CMRG_72110	1065
GRCh38_CMRG_7260	1065
GRCh38_CMRG_7261	1065
GRCh38_CMRG_72705	1065
GRCh38_CMRG_74294	1065
GRCh38_CMRG_74295	1065
GRCh38_CMRG_76962	1065
GRCh38_CMRG_7960	1065
GRCh38_CMRG_13877	1064
GRCh38_CMRG_13878	1064
GRCh38_CMRG_15443	1064
GRCh38_CMRG_15444	1064
GRCh38_CMRG_16920	1064
GRCh38_CMRG_30912	1064
GRCh38_CMRG_32370	1064
GRCh38_CMRG_32371	1064
GRCh38_CMRG_35653	1064
GRCh38_CMRG_38019	1064
GRCh38_CMRG_39389	1064
GRCh38_CMRG_39759	1064
GRCh38_CMRG_40232	1064
GRCh38_CMRG_44660	1064
GRCh38_CMRG_45171	1064
GRCh38_CMRG_50988	1064
GRCh38_CMRG_50989	1064
GRCh38_CMRG_51994	1064
GRCh38_CMRG_52182	1064
GRCh38_CMRG_54797	1064
GRCh38_CMRG_55312	1064
GRCh38_CMRG_58792	1064
GRCh38_CMRG_58793	1064
GRCh38_CMRG_61790	1064
GRCh38_CMRG_64650	1064
GRCh38_CMRG_66061	1064
GRCh38_CMRG_69596	1064
GRCh38_CMRG_70603	1064
GRCh38_CMRG_70604	1064
GRCh38_CMRG_70963	1064
GRCh38_CMRG_71166	1064
GRCh38_CMRG_74912	1064
GRCh38_CMRG_74913	1064
GRCh38_CMRG_79458	1064
GRCh38_CMRG_82153	1064
GRCh38_CMRG_82154	1064
GRCh38_CMRG_9745	1064
GRCh38_CMRG_14533	1063
GRCh38_CMRG_19058	1063
GRCh38_CMRG_23338	1063
GRCh38_CMRG_26570	1063
GRCh38_CMRG_28569	1063
GRCh38_CMRG_31316	1063
GRCh38_CMRG_33027	1063
GRCh38_CMRG_33118	1063
GRCh38_CMRG_37483	1063
GRCh38_CMRG_37484	1063
GRCh38_CMRG_39203	1063
GRCh38_CMRG_39507	1063
GRCh38_CMRG_40083	1063
GRCh38_CMRG_42284	1063
GRCh38_CMRG_44596	1063
GRCh38_CMRG_45063	1063
GRCh38_CMRG_45234	1063
GRCh38_CMRG_45265	1063
GRCh38_CMRG_47955	1063
GRCh38_CMRG_49038	1063
GRCh38_CMRG_49199	1063
GRCh38_CMRG_50824	1063
GRCh38_CMRG_50958	1063
GRCh38_CMRG_50982	1063
GRCh38_CMRG_51033	1063
GRCh38_CMRG_51536	1063
GRCh38_CMRG_52091	1063
GRCh38_CMRG_52181	1063
GRCh38_CMRG_6371	1063
GRCh38_CMRG_65794	1063
GRCh38_CMRG_6770	1063
GRCh38_CMRG_68954	1063
GRCh38_CMRG_71885	1063
GRCh38_CMRG_72467	1063
GRCh38_CMRG_74697	1063
GRCh38_CMRG_79050	1063
GRCh38_CMRG_79453	1063
GRCh38_CMRG_79454	1063
GRCh38_CMRG_81258	1063
GRCh38_CMRG_81919	1063
GRCh38_CMRG_8732	1063
GRCh38_CMRG_10903	1062
GRCh38_CMRG_12287	1062
GRCh38_CMRG_13277	1062
GRCh38_CMRG_13278	1062
GRCh38_CMRG_1487	1062
GRCh38_CMRG_1488	1062
GRCh38_CMRG_1710	1062
GRCh38_CMRG_18244	1062
GRCh38_CMRG_21435	1062
GRCh38_CMRG_21444	1062
GRCh38_CMRG_21539	1062
GRCh38_CMRG_24514	1062
GRCh38_CMRG_32266	1062
GRCh38_CMRG_32922	1062
GRCh38_CMRG_33126	1062
GRCh38_CMRG_33442	1062
GRCh38_CMRG_33543	1062
GRCh38_CMRG_39123	1062
GRCh38_CMRG_39360	1062
GRCh38_CMRG_44574	1062
GRCh38_CMRG_44575	1062
GRCh38_CMRG_45984	1062
GRCh38_CMRG_47498	1062
GRCh38_CMRG_51808	1062
GRCh38_CMRG_51809	1062
GRCh38_CMRG_52775	1062
GRCh38_CMRG_55313	1062
GRCh38_CMRG_55521	1062
GRCh38_CMRG_59678	1062
GRCh38_CMRG_59679	1062
GRCh38_CMRG_598	1062
GRCh38_CMRG_59866	1062
GRCh38_CMRG_65272	1062
GRCh38_CMRG_69535	1062
GRCh38_CMRG_69536	1062
GRCh38_CMRG_70933	1062
GRCh38_CMRG_70934	1062
GRCh38_CMRG_73816	1062
GRCh38_CMRG_74898	1062
GRCh38_CMRG_81455	1062
GRCh38_CMRG_81543	1062
GRCh38_CMRG_81763	1062
GRCh38_CMRG_81764	1062
GRCh38_CMRG_1256	1061
GRCh38_CMRG_1257	1061
GRCh38_CMRG_14386	1061
GRCh38_CMRG_18326	1061
GRCh38_CMRG_25385	1061
GRCh38_CMRG_28041	1061
GRCh38_CMRG_28516	1061
GRCh38_CMRG_28517	1061
GRCh38_CMRG_31568	1061
GRCh38_CMRG_31661	1061
GRCh38_CMRG_33685	1061
GRCh38_CMRG_34216	1061
GRCh38_CMRG_36842	1061
GRCh38_CMRG_39471	1061
GRCh38_CMRG_39514	1061
GRCh38_CMRG_43635	1061
GRCh38_CMRG_43739	1061
GRCh38_CMRG_43740	1061
GRCh38_CMRG_46401	1061
GRCh38_CMRG_47309	1061
GRCh38_CMRG_52389	1061
GRCh38_CMRG_52390	1061
GRCh38_CMRG_52553	1061
GRCh38_CMRG_53608	1061
GRCh38_CMRG_53609	1061
GRCh38_CMRG_53782	1061
GRCh38_CMRG_54547	1061
GRCh38_CMRG_5538	1061
GRCh38_CMRG_5539	1061
GRCh38_CMRG_599	1061
GRCh38_CMRG_60401	1061
GRCh38_CMRG_60402	1061
GRCh38_CMRG_61765	1061
GRCh38_CMRG_61766	1061
GRCh38_CMRG_6541	1061
GRCh38_CMRG_66064	1061
GRCh38_CMRG_66065	1061
GRCh38_CMRG_67761	1061
GRCh38_CMRG_67762	1061
GRCh38_CMRG_73158	1061
GRCh38_CMRG_73159	1061
GRCh38_CMRG_77317	1061
GRCh38_CMRG_81544	1061
GRCh38_CMRG_81843	1061
GRCh38_CMRG_81999	1061
GRCh38_CMRG_8289	1061
GRCh38_CMRG_8290	1061
GRCh38_CMRG_8707	1061
GRCh38_CMRG_11515	1060
GRCh38_CMRG_13453	1060
GRCh38_CMRG_13812	1060
GRCh38_CMRG_14047	1060
GRCh38_CMRG_14048	1060
GRCh38_CMRG_17386	1060
GRCh38_CMRG_17615	1060
GRCh38_CMRG_17786	1060
GRCh38_CMRG_18164	1060
GRCh38_CMRG_23314	1060
GRCh38_CMRG_23315	1060
GRCh38_CMRG_25384	1060
GRCh38_CMRG_26302	1060
GRCh38_CMRG_31275	1060
GRCh38_CMRG_33130	1060
GRCh38_CMRG_38018	1060
GRCh38_CMRG_41629	1060
GRCh38_CMRG_44850	1060
GRCh38_CMRG_44903	1060
GRCh38_CMRG_46402	1060
GRCh38_CMRG_47499	1060
GRCh38_CMRG_50233	1060
GRCh38_CMRG_50588	1060
GRCh38_CMRG_50589	1060
GRCh38_CMRG_50636	1060
GRCh38_CMRG_50920	1060
GRCh38_CMRG_50959	1060
GRCh38_CMRG_50960	1060
GRCh38_CMRG_55227	1060
GRCh38_CMRG_58151	1060
GRCh38_CMRG_58152	1060
GRCh38_CMRG_62541	1060
GRCh38_CMRG_62542	1060
GRCh38_CMRG_64649	1060
GRCh38_CMRG_71336	1060
GRCh38_CMRG_72216	1060
GRCh38_CMRG_72217	1060
GRCh38_CMRG_72218	1060
GRCh38_CMRG_72219	1060
GRCh38_CMRG_74412	1060
GRCh38_CMRG_74413	1060
GRCh38_CMRG_75508	1060
GRCh38_CMRG_7779	1060
GRCh38_CMRG_8152	1060
GRCh38_CMRG_81998	1060
GRCh38_CMRG_8876	1060
GRCh38_CMRG_12852	1059
GRCh38_CMRG_13139	1059
GRCh38_CMRG_13991	1059
GRCh38_CMRG_16865	1059
GRCh38_CMRG_1831	1059
GRCh38_CMRG_18969	1059
GRCh38_CMRG_22783	1059
GRCh38_CMRG_25875	1059
GRCh38_CMRG_27310	1059
GRCh38_CMRG_27311	1059
GRCh38_CMRG_30878	1059
GRCh38_CMRG_30879	1059
GRCh38_CMRG_31558	1059
GRCh38_CMRG_34501	1059
GRCh38_CMRG_36878	1059
GRCh38_CMRG_37874	1059
GRCh38_CMRG_41699	1059
GRCh38_CMRG_42557	1059
GRCh38_CMRG_42558	1059
GRCh38_CMRG_43947	1059
GRCh38_CMRG_44953	1059
GRCh38_CMRG_47574	1059
GRCh38_CMRG_47829	1059
GRCh38_CMRG_49037	1059
GRCh38_CMRG_52624	1059
GRCh38_CMRG_52625	1059
GRCh38_CMRG_53761	1059
GRCh38_CMRG_53762	1059
GRCh38_CMRG_55081	1059
GRCh38_CMRG_55833	1059
GRCh38_CMRG_59554	1059
GRCh38_CMRG_66375	1059
GRCh38_CMRG_70223	1059
GRCh38_CMRG_70224	1059
GRCh38_CMRG_70467	1059
GRCh38_CMRG_70468	1059
GRCh38_CMRG_70485	1059
GRCh38_CMRG_70486	1059
GRCh38_CMRG_70700	1059
GRCh38_CMRG_70701	1059
GRCh38_CMRG_71337	1059
GRCh38_CMRG_73745	1059
GRCh38_CMRG_73916	1059
GRCh38_CMRG_73917	1059
GRCh38_CMRG_76841	1059
GRCh38_CMRG_7694	1059
GRCh38_CMRG_7695	1059
GRCh38_CMRG_77221	1059
GRCh38_CMRG_77421	1059
GRCh38_CMRG_7964	1059
GRCh38_CMRG_81826	1059
GRCh38_CMRG_8726	1059
GRCh38_CMRG_8727	1059
GRCh38_CMRG_10902	1058
GRCh38_CMRG_13207	1058
GRCh38_CMRG_17873	1058
GRCh38_CMRG_18081	1058
GRCh38_CMRG_18257	1058
GRCh38_CMRG_19598	1058
GRCh38_CMRG_22414	1058
GRCh38_CMRG_22717	1058
GRCh38_CMRG_22718	1058
GRCh38_CMRG_26415	1058
GRCh38_CMRG_26840	1058
GRCh38_CMRG_28231	1058
GRCh38_CMRG_33493	1058
GRCh38_CMRG_35836	1058
GRCh38_CMRG_35907	1058
GRCh38_CMRG_36287	1058
GRCh38_CMRG_37771	1058
GRCh38_CMRG_38104	1058
GRCh38_CMRG_38176	1058
GRCh38_CMRG_41166	1058
GRCh38_CMRG_41167	1058
GRCh38_CMRG_41376	1058
GRCh38_CMRG_44046	1058
GRCh38_CMRG_44384	1058
GRCh38_CMRG_44728	1058
GRCh38_CMRG_46620	1058
GRCh38_CMRG_46778	1058
GRCh38_CMRG_46779	1058
GRCh38_CMRG_48298	1058
GRCh38_CMRG_49277	1058
GRCh38_CMRG_49967	1058
GRCh38_CMRG_49968	1058
GRCh38_CMRG_52024	1058
GRCh38_CMRG_53139	1058
GRCh38_CMRG_58543	1058
GRCh38_CMRG_59234	1058
GRCh38_CMRG_64281	1058
GRCh38_CMRG_66040	1058
GRCh38_CMRG_67410	1058
GRCh38_CMRG_67411	1058
GRCh38_CMRG_69051	1058
GRCh38_CMRG_69052	1058
GRCh38_CMRG_72124	1058
GRCh38_CMRG_72833	1058
GRCh38_CMRG_73900	1058
GRCh38_CMRG_74246	1058
GRCh38_CMRG_76752	1058
GRCh38_CMRG_81382	1058
GRCh38_CMRG_81945	1058
GRCh38_CMRG_81946	1058
GRCh38_CMRG_8229	1058
GRCh38_CMRG_8230	1058
GRCh38_CMRG_19599	1057
GRCh38_CMRG_23770	1057
GRCh38_CMRG_26499	1057
GRCh38_CMRG_26500	1057
GRCh38_CMRG_29059	1057
GRCh38_CMRG_29989	1057
GRCh38_CMRG_30736	1057
GRCh38_CMRG_33515	1057
GRCh38_CMRG_37099	1057
GRCh38_CMRG_38105	1057
GRCh38_CMRG_41797	1057
GRCh38_CMRG_41798	1057
GRCh38_CMRG_42194	1057
GRCh38_CMRG_43948	1057
GRCh38_CMRG_44653	1057
GRCh38_CMRG_45907	1057
GRCh38_CMRG_48628	1057
GRCh38_CMRG_48629	1057
GRCh38_CMRG_51965	1057
GRCh38_CMRG_51966	1057
GRCh38_CMRG_52875	1057
GRCh38_CMRG_55015	1057
GRCh38_CMRG_55016	1057
GRCh38_CMRG_55412	1057
GRCh38_CMRG_55413	1057
GRCh38_CMRG_58302	1057
GRCh38_CMRG_595	1057
GRCh38_CMRG_59593	1057
GRCh38_CMRG_69529	1057
GRCh38_CMRG_74057	1057
GRCh38_CMRG_74292	1057
GRCh38_CMRG_74293	1057
GRCh38_CMRG_76753	1057
GRCh38_CMRG_76941	1057
GRCh38_CMRG_7706	1057
GRCh38_CMRG_79134	1057
GRCh38_CMRG_8983	1057
GRCh38_CMRG_13182	1056
GRCh38_CMRG_13183	1056
GRCh38_CMRG_13522	1056
GRCh38_CMRG_14123	1056
GRCh38_CMRG_15088	1056
GRCh38_CMRG_1630	1056
GRCh38_CMRG_1631	1056
GRCh38_CMRG_16983	1056
GRCh38_CMRG_1798	1056
GRCh38_CMRG_20874	1056
GRCh38_CMRG_20875	1056
GRCh38_CMRG_2356	1056
GRCh38_CMRG_24532	1056
GRCh38_CMRG_24663	1056
GRCh38_CMRG_27298	1056
GRCh38_CMRG_27299	1056
GRCh38_CMRG_27932	1056
GRCh38_CMRG_30735	1056
GRCh38_CMRG_32684	1056
GRCh38_CMRG_36101	1056
GRCh38_CMRG_36419	1056
GRCh38_CMRG_37875	1056
GRCh38_CMRG_39705	1056
GRCh38_CMRG_42385	1056
GRCh38_CMRG_46204	1056
GRCh38_CMRG_50417	1056
GRCh38_CMRG_50660	1056
GRCh38_CMRG_51792	1056
GRCh38_CMRG_52062	1056
GRCh38_CMRG_52744	1056
GRCh38_CMRG_52874	1056
GRCh38_CMRG_5982	1056
GRCh38_CMRG_65068	1056
GRCh38_CMRG_65069	1056
GRCh38_CMRG_69528	1056
GRCh38_CMRG_69562	1056
GRCh38_CMRG_71461	1056
GRCh38_CMRG_72125	1056
GRCh38_CMRG_73310	1056
GRCh38_CMRG_73311	1056
GRCh38_CMRG_75643	1056
GRCh38_CMRG_81947	1056
GRCh38_CMRG_81948	1056
GRCh38_CMRG_9170	1056
GRCh38_CMRG_11054	1055
GRCh38_CMRG_12251	1055
GRCh38_CMRG_12626	1055
GRCh38_CMRG_13520	1055
GRCh38_CMRG_23771	1055
GRCh38_CMRG_27591	1055
GRCh38_CMRG_28106	1055
GRCh38_CMRG_28107	1055
GRCh38_CMRG_2862	1055
GRCh38_CMRG_2918	1055
GRCh38_CMRG_34587	1055
GRCh38_CMRG_34607	1055
GRCh38_CMRG_35922	1055
GRCh38_CMRG_35923	1055
GRCh38_CMRG_37587	1055
GRCh38_CMRG_39848	1055
GRCh38_CMRG_40847	1055
GRCh38_CMRG_46536	1055
GRCh38_CMRG_47558	1055
GRCh38_CMRG_47559	1055
GRCh38_CMRG_48283	1055
GRCh38_CMRG_50416	1055
GRCh38_CMRG_50654	1055
GRCh38_CMRG_50655	1055
GRCh38_CMRG_55617	1055
GRCh38_CMRG_58752	1055
GRCh38_CMRG_58753	1055
GRCh38_CMRG_60953	1055
GRCh38_CMRG_67383	1055
GRCh38_CMRG_69635	1055
GRCh38_CMRG_69636	1055
GRCh38_CMRG_73377	1055
GRCh38_CMRG_74182	1055
GRCh38_CMRG_74681	1055
GRCh38_CMRG_74682	1055
GRCh38_CMRG_77192	1055
GRCh38_CMRG_78994	1055
GRCh38_CMRG_815	1055
GRCh38_CMRG_81842	1055
GRCh38_CMRG_8703	1055
GRCh38_CMRG_11293	1054
GRCh38_CMRG_11294	1054
GRCh38_CMRG_11392	1054
GRCh38_CMRG_12248	1054
GRCh38_CMRG_12249	1054
GRCh38_CMRG_18302	1054
GRCh38_CMRG_19642	1054
GRCh38_CMRG_2096	1054
GRCh38_CMRG_28584	1054
GRCh38_CMRG_33514	1054
GRCh38_CMRG_37300	1054
GRCh38_CMRG_38049	1054
GRCh38_CMRG_44904	1054
GRCh38_CMRG_45511	1054
GRCh38_CMRG_45956	1054
GRCh38_CMRG_45994	1054
GRCh38_CMRG_54988	1054
GRCh38_CMRG_54989	1054
GRCh38_CMRG_60346	1054
GRCh38_CMRG_60347	1054
GRCh38_CMRG_64438	1054
GRCh38_CMRG_69609	1054
GRCh38_CMRG_69980	1054
GRCh38_CMRG_69981	1054
GRCh38_CMRG_71946	1054
GRCh38_CMRG_71947	1054
GRCh38_CMRG_73199	1054
GRCh38_CMRG_73200	1054
GRCh38_CMRG_73376	1054
GRCh38_CMRG_74466	1054
GRCh38_CMRG_77191	1054
GRCh38_CMRG_77199	1054
GRCh38_CMRG_77200	1054
GRCh38_CMRG_77222	1054
GRCh38_CMRG_77522	1054
GRCh38_CMRG_77523	1054
GRCh38_CMRG_78972	1054
GRCh38_CMRG_79920	1054
GRCh38_CMRG_82041	1054
GRCh38_CMRG_8716	1054
GRCh38_CMRG_8717	1054
GRCh38_CMRG_9321	1054
GRCh38_CMRG_125	1053
GRCh38_CMRG_15087	1053
GRCh38_CMRG_22250	1053
GRCh38_CMRG_22327	1053
GRCh38_CMRG_22480	1053
GRCh38_CMRG_25882	1053
GRCh38_CMRG_29942	1053
GRCh38_CMRG_29943	1053
GRCh38_CMRG_31431	1053
GRCh38_CMRG_34068	1053
GRCh38_CMRG_34110	1053
GRCh38_CMRG_36186	1053
GRCh38_CMRG_37155	1053
GRCh38_CMRG_39343	1053
GRCh38_CMRG_44551	1053
GRCh38_CMRG_44552	1053
GRCh38_CMRG_44857	1053
GRCh38_CMRG_47156	1053
GRCh38_CMRG_47794	1053
GRCh38_CMRG_48652	1053
GRCh38_CMRG_48653	1053
GRCh38_CMRG_48802	1053
GRCh38_CMRG_49036	1053
GRCh38_CMRG_53819	1053
GRCh38_CMRG_58351	1053
GRCh38_CMRG_60098	1053
GRCh38_CMRG_60137	1053
GRCh38_CMRG_60138	1053
GRCh38_CMRG_61238	1053
GRCh38_CMRG_61979	1053
GRCh38_CMRG_63231	1053
GRCh38_CMRG_64257	1053
GRCh38_CMRG_64734	1053
GRCh38_CMRG_64941	1053
GRCh38_CMRG_71578	1053
GRCh38_CMRG_71886	1053
GRCh38_CMRG_72001	1053
GRCh38_CMRG_72391	1053
GRCh38_CMRG_73418	1053
GRCh38_CMRG_73744	1053
GRCh38_CMRG_74465	1053
GRCh38_CMRG_75411	1053
GRCh38_CMRG_76948	1053
GRCh38_CMRG_7934	1053
GRCh38_CMRG_79602	1053
GRCh38_CMRG_80944	1053
GRCh38_CMRG_81487	1053
GRCh38_CMRG_816	1053
GRCh38_CMRG_817	1053
GRCh38_CMRG_8424	1053
GRCh38_CMRG_13196	1052
GRCh38_CMRG_1456	1052
GRCh38_CMRG_1476	1052
GRCh38_CMRG_22757	1052
GRCh38_CMRG_22758	1052
GRCh38_CMRG_24485	1052
GRCh38_CMRG_25833	1052
GRCh38_CMRG_25834	1052
GRCh38_CMRG_26295	1052
GRCh38_CMRG_29543	1052
GRCh38_CMRG_29996	1052
GRCh38_CMRG_30869	1052
GRCh38_CMRG_32458	1052
GRCh38_CMRG_32682	1052
GRCh38_CMRG_36544	1052
GRCh38_CMRG_37610	1052
GRCh38_CMRG_37611	1052
GRCh38_CMRG_37612	1052
GRCh38_CMRG_38023	1052
GRCh38_CMRG_43698	1052
GRCh38_CMRG_43699	1052
GRCh38_CMRG_44269	1052
GRCh38_CMRG_47715	1052
GRCh38_CMRG_47854	1052
GRCh38_CMRG_48869	1052
GRCh38_CMRG_51082	1052
GRCh38_CMRG_51482	1052
GRCh38_CMRG_51483	1052
GRCh38_CMRG_53807	1052
GRCh38_CMRG_60866	1052
GRCh38_CMRG_62451	1052
GRCh38_CMRG_65503	1052
GRCh38_CMRG_68575	1052
GRCh38_CMRG_72795	1052
GRCh38_CMRG_73419	1052
GRCh38_CMRG_73918	1052
GRCh38_CMRG_76859	1052
GRCh38_CMRG_79101	1052
GRCh38_CMRG_79599	1052
GRCh38_CMRG_79601	1052
GRCh38_CMRG_82040	1052
GRCh38_CMRG_11436	1051
GRCh38_CMRG_14733	1051
GRCh38_CMRG_1477	1051
GRCh38_CMRG_17050	1051
GRCh38_CMRG_25160	1051
GRCh38_CMRG_26294	1051
GRCh38_CMRG_26917	1051
GRCh38_CMRG_27153	1051
GRCh38_CMRG_28552	1051
GRCh38_CMRG_32864	1051
GRCh38_CMRG_34088	1051
GRCh38_CMRG_34434	1051
GRCh38_CMRG_35837	1051
GRCh38_CMRG_36639	1051
GRCh38_CMRG_36640	1051
GRCh38_CMRG_39670	1051
GRCh38_CMRG_43622	1051
GRCh38_CMRG_48763	1051
GRCh38_CMRG_51272	1051
GRCh38_CMRG_52048	1051
GRCh38_CMRG_52690	1051
GRCh38_CMRG_52946	1051
GRCh38_CMRG_55396	1051
GRCh38_CMRG_63625	1051
GRCh38_CMRG_70617	1051
GRCh38_CMRG_7106	1051
GRCh38_CMRG_73763	1051
GRCh38_CMRG_73764	1051
GRCh38_CMRG_74056	1051
GRCh38_CMRG_77151	1051
GRCh38_CMRG_79474	1051
GRCh38_CMRG_79475	1051
GRCh38_CMRG_7967	1051
GRCh38_CMRG_79696	1051
GRCh38_CMRG_79697	1051
GRCh38_CMRG_81709	1051
GRCh38_CMRG_81710	1051
GRCh38_CMRG_1112	1050
GRCh38_CMRG_1638	1050
GRCh38_CMRG_20009	1050
GRCh38_CMRG_20010	1050
GRCh38_CMRG_23385	1050
GRCh38_CMRG_32279	1050
GRCh38_CMRG_34498	1050
GRCh38_CMRG_35783	1050
GRCh38_CMRG_35784	1050
GRCh38_CMRG_37163	1050
GRCh38_CMRG_37164	1050
GRCh38_CMRG_39065	1050
GRCh38_CMRG_46621	1050
GRCh38_CMRG_49855	1050
GRCh38_CMRG_52063	1050
GRCh38_CMRG_54782	1050
GRCh38_CMRG_54783	1050
GRCh38_CMRG_55142	1050
GRCh38_CMRG_55143	1050
GRCh38_CMRG_60066	1050
GRCh38_CMRG_65534	1050
GRCh38_CMRG_65535	1050
GRCh38_CMRG_67375	1050
GRCh38_CMRG_67376	1050
GRCh38_CMRG_69654	1050
GRCh38_CMRG_70240	1050
GRCh38_CMRG_70241	1050
GRCh38_CMRG_70722	1050
GRCh38_CMRG_71492	1050
GRCh38_CMRG_7218	1050
GRCh38_CMRG_73228	1050
GRCh38_CMRG_74247	1050
GRCh38_CMRG_74926	1050
GRCh38_CMRG_74927	1050
GRCh38_CMRG_76640	1050
GRCh38_CMRG_76641	1050
GRCh38_CMRG_7705	1050
GRCh38_CMRG_77307	1050
GRCh38_CMRG_77344	1050
GRCh38_CMRG_77345	1050
GRCh38_CMRG_79938	1050
GRCh38_CMRG_79939	1050
GRCh38_CMRG_81408	1050
GRCh38_CMRG_8371	1050
GRCh38_CMRG_12932	1049
GRCh38_CMRG_14130	1049
GRCh38_CMRG_14131	1049
GRCh38_CMRG_2708	1049
GRCh38_CMRG_2709	1049
GRCh38_CMRG_33987	1049
GRCh38_CMRG_33988	1049
GRCh38_CMRG_36130	1049
GRCh38_CMRG_45028	1049
GRCh38_CMRG_46356	1049
GRCh38_CMRG_46398	1049
GRCh38_CMRG_50048	1049
GRCh38_CMRG_51381	1049
GRCh38_CMRG_52329	1049
GRCh38_CMRG_53818	1049
GRCh38_CMRG_55787	1049
GRCh38_CMRG_60099	1049
GRCh38_CMRG_63854	1049
GRCh38_CMRG_64556	1049
GRCh38_CMRG_71485	1049
GRCh38_CMRG_71486	1049
GRCh38_CMRG_71711	1049
GRCh38_CMRG_73649	1049
GRCh38_CMRG_73652	1049
GRCh38_CMRG_79753	1049
GRCh38_CMRG_8636	1049
GRCh38_CMRG_11738	1048
GRCh38_CMRG_11739	1048
GRCh38_CMRG_13199	1048
GRCh38_CMRG_1740	1048
GRCh38_CMRG_18873	1048
GRCh38_CMRG_19061	1048
GRCh38_CMRG_19210	1048
GRCh38_CMRG_19211	1048
GRCh38_CMRG_21287	1048
GRCh38_CMRG_21288	1048
GRCh38_CMRG_21289	1048
GRCh38_CMRG_23586	1048
GRCh38_CMRG_26777	1048
GRCh38_CMRG_2871	1048
GRCh38_CMRG_28747	1048
GRCh38_CMRG_31169	1048
GRCh38_CMRG_32692	1048
GRCh38_CMRG_35558	1048
GRCh38_CMRG_35559	1048
GRCh38_CMRG_35774	1048
GRCh38_CMRG_35775	1048
GRCh38_CMRG_38037	1048
GRCh38_CMRG_41342	1048
GRCh38_CMRG_43902	1048
GRCh38_CMRG_45983	1048
GRCh38_CMRG_49640	1048
GRCh38_CMRG_52053	1048
GRCh38_CMRG_52372	1048
GRCh38_CMRG_52373	1048
GRCh38_CMRG_53540	1048
GRCh38_CMRG_54644	1048
GRCh38_CMRG_6011	1048
GRCh38_CMRG_6012	1048
GRCh38_CMRG_60849	1048
GRCh38_CMRG_62086	1048
GRCh38_CMRG_62559	1048
GRCh38_CMRG_63490	1048
GRCh38_CMRG_64833	1048
GRCh38_CMRG_6539	1048
GRCh38_CMRG_6540	1048
GRCh38_CMRG_73925	1048
GRCh38_CMRG_73926	1048
GRCh38_CMRG_75675	1048
GRCh38_CMRG_77438	1048
GRCh38_CMRG_77439	1048
GRCh38_CMRG_7940	1048
GRCh38_CMRG_79778	1048
GRCh38_CMRG_8372	1048
GRCh38_CMRG_8984	1048
GRCh38_CMRG_13190	1047
GRCh38_CMRG_13191	1047
GRCh38_CMRG_13197	1047
GRCh38_CMRG_17240	1047
GRCh38_CMRG_17241	1047
GRCh38_CMRG_19878	1047
GRCh38_CMRG_19879	1047
GRCh38_CMRG_2872	1047
GRCh38_CMRG_30708	1047
GRCh38_CMRG_31742	1047
GRCh38_CMRG_32387	1047
GRCh38_CMRG_32388	1047
GRCh38_CMRG_34435	1047
GRCh38_CMRG_34706	1047
GRCh38_CMRG_401	1047
GRCh38_CMRG_402	1047
GRCh38_CMRG_41796	1047
GRCh38_CMRG_44102	1047
GRCh38_CMRG_44698	1047
GRCh38_CMRG_45718	1047
GRCh38_CMRG_49538	1047
GRCh38_CMRG_49539	1047
GRCh38_CMRG_6255	1047
GRCh38_CMRG_63929	1047
GRCh38_CMRG_70736	1047
GRCh38_CMRG_72649	1047
GRCh38_CMRG_74146	1047
GRCh38_CMRG_75000	1047
GRCh38_CMRG_75656	1047
GRCh38_CMRG_75657	1047
GRCh38_CMRG_77152	1047
GRCh38_CMRG_77316	1047
GRCh38_CMRG_8021	1047
GRCh38_CMRG_81384	1047
GRCh38_CMRG_81385	1047
GRCh38_CMRG_8156	1047
GRCh38_CMRG_81602	1047
GRCh38_CMRG_81603	1047
GRCh38_CMRG_8822	1047
GRCh38_CMRG_8823	1047
GRCh38_CMRG_9763	1047
GRCh38_CMRG_11141	1046
GRCh38_CMRG_1128	1046
GRCh38_CMRG_13204	1046
GRCh38_CMRG_1437	1046
GRCh38_CMRG_22347	1046
GRCh38_CMRG_27022	1046
GRCh38_CMRG_27023	1046
GRCh38_CMRG_27907	1046
GRCh38_CMRG_36289	1046
GRCh38_CMRG_36290	1046
GRCh38_CMRG_37026	1046
GRCh38_CMRG_37730	1046
GRCh38_CMRG_38036	1046
GRCh38_CMRG_45831	1046
GRCh38_CMRG_49003	1046
GRCh38_CMRG_49230	1046
GRCh38_CMRG_49588	1046
GRCh38_CMRG_49589	1046
GRCh38_CMRG_54582	1046
GRCh38_CMRG_58328	1046
GRCh38_CMRG_5881	1046
GRCh38_CMRG_5882	1046
GRCh38_CMRG_648	1046
GRCh38_CMRG_7089	1046
GRCh38_CMRG_72736	1046
GRCh38_CMRG_73177	1046
GRCh38_CMRG_73178	1046
GRCh38_CMRG_75611	1046
GRCh38_CMRG_76831	1046
GRCh38_CMRG_79785	1046
GRCh38_CMRG_12240	1045
GRCh38_CMRG_13996	1045
GRCh38_CMRG_14666	1045
GRCh38_CMRG_18812	1045
GRCh38_CMRG_19060	1045
GRCh38_CMRG_21784	1045
GRCh38_CMRG_26593	1045
GRCh38_CMRG_32338	1045
GRCh38_CMRG_35865	1045
GRCh38_CMRG_36314	1045
GRCh38_CMRG_36835	1045
GRCh38_CMRG_37910	1045
GRCh38_CMRG_40001	1045
GRCh38_CMRG_40309	1045
GRCh38_CMRG_44101	1045
GRCh38_CMRG_44699	1045
GRCh38_CMRG_47855	1045
GRCh38_CMRG_47856	1045
GRCh38_CMRG_50965	1045
GRCh38_CMRG_52155	1045
GRCh38_CMRG_52992	1045
GRCh38_CMRG_5761	1045
GRCh38_CMRG_58155	1045
GRCh38_CMRG_58156	1045
GRCh38_CMRG_60324	1045
GRCh38_CMRG_60325	1045
GRCh38_CMRG_647	1045
GRCh38_CMRG_70503	1045
GRCh38_CMRG_70504	1045
GRCh38_CMRG_71022	1045
GRCh38_CMRG_81860	1045
GRCh38_CMRG_13227	1044
GRCh38_CMRG_13228	1044
GRCh38_CMRG_13764	1044
GRCh38_CMRG_1394	1044
GRCh38_CMRG_15315	1044
GRCh38_CMRG_23612	1044
GRCh38_CMRG_26405	1044
GRCh38_CMRG_27846	1044
GRCh38_CMRG_28275	1044
GRCh38_CMRG_31898	1044
GRCh38_CMRG_41341	1044
GRCh38_CMRG_41809	1044
GRCh38_CMRG_45977	1044
GRCh38_CMRG_45978	1044
GRCh38_CMRG_45981	1044
GRCh38_CMRG_49830	1044
GRCh38_CMRG_55058	1044
GRCh38_CMRG_55522	1044
GRCh38_CMRG_55643	1044
GRCh38_CMRG_5760	1044
GRCh38_CMRG_59861	1044
GRCh38_CMRG_61482	1044
GRCh38_CMRG_65120	1044
GRCh38_CMRG_65130	1044
GRCh38_CMRG_67930	1044
GRCh38_CMRG_68982	1044
GRCh38_CMRG_70077	1044
GRCh38_CMRG_72455	1044
GRCh38_CMRG_73929	1044
GRCh38_CMRG_73930	1044
GRCh38_CMRG_74732	1044
GRCh38_CMRG_77422	1044
GRCh38_CMRG_79075	1044
GRCh38_CMRG_79076	1044
GRCh38_CMRG_1127	1043
GRCh38_CMRG_12509	1043
GRCh38_CMRG_12510	1043
GRCh38_CMRG_13192	1043
GRCh38_CMRG_15379	1043
GRCh38_CMRG_15433	1043
GRCh38_CMRG_1546	1043
GRCh38_CMRG_17165	1043
GRCh38_CMRG_18289	1043
GRCh38_CMRG_1981	1043
GRCh38_CMRG_21785	1043
GRCh38_CMRG_22325	1043
GRCh38_CMRG_28183	1043
GRCh38_CMRG_28274	1043
GRCh38_CMRG_28568	1043
GRCh38_CMRG_31594	1043
GRCh38_CMRG_32447	1043
GRCh38_CMRG_32924	1043
GRCh38_CMRG_33023	1043
GRCh38_CMRG_34479	1043
GRCh38_CMRG_36418	1043
GRCh38_CMRG_41288	1043
GRCh38_CMRG_44610	1043
GRCh38_CMRG_45982	1043
GRCh38_CMRG_46056	1043
GRCh38_CMRG_46768	1043
GRCh38_CMRG_48662	1043
GRCh38_CMRG_51027	1043
GRCh38_CMRG_52370	1043
GRCh38_CMRG_54815	1043
GRCh38_CMRG_5736	1043
GRCh38_CMRG_5737	1043
GRCh38_CMRG_58452	1043
GRCh38_CMRG_59965	1043
GRCh38_CMRG_63349	1043
GRCh38_CMRG_6680	1043
GRCh38_CMRG_67931	1043
GRCh38_CMRG_68765	1043
GRCh38_CMRG_68766	1043
GRCh38_CMRG_70611	1043
GRCh38_CMRG_70612	1043
GRCh38_CMRG_72251	1043
GRCh38_CMRG_72252	1043
GRCh38_CMRG_7290	1043
GRCh38_CMRG_73828	1043
GRCh38_CMRG_74541	1043
GRCh38_CMRG_74542	1043
GRCh38_CMRG_75122	1043
GRCh38_CMRG_8154	1043
GRCh38_CMRG_8257	1043
GRCh38_CMRG_13202	1042
GRCh38_CMRG_15472	1042
GRCh38_CMRG_18331	1042
GRCh38_CMRG_23615	1042
GRCh38_CMRG_24168	1042
GRCh38_CMRG_28522	1042
GRCh38_CMRG_37427	1042
GRCh38_CMRG_45414	1042
GRCh38_CMRG_48217	1042
GRCh38_CMRG_48218	1042
GRCh38_CMRG_49626	1042
GRCh38_CMRG_51656	1042
GRCh38_CMRG_52156	1042
GRCh38_CMRG_52170	1042
GRCh38_CMRG_58091	1042
GRCh38_CMRG_58092	1042
GRCh38_CMRG_60176	1042
GRCh38_CMRG_6041	1042
GRCh38_CMRG_6042	1042
GRCh38_CMRG_62151	1042
GRCh38_CMRG_62152	1042
GRCh38_CMRG_63537	1042
GRCh38_CMRG_63538	1042
GRCh38_CMRG_67929	1042
GRCh38_CMRG_68032	1042
GRCh38_CMRG_68413	1042
GRCh38_CMRG_68876	1042
GRCh38_CMRG_68983	1042
GRCh38_CMRG_72462	1042
GRCh38_CMRG_75123	1042
GRCh38_CMRG_77431	1042
GRCh38_CMRG_81515	1042
GRCh38_CMRG_81516	1042
GRCh38_CMRG_81952	1042
GRCh38_CMRG_86	1042
GRCh38_CMRG_9518	1042
GRCh38_CMRG_998	1042
GRCh38_CMRG_999	1042
GRCh38_CMRG_13468	1041
GRCh38_CMRG_14074	1041
GRCh38_CMRG_15409	1041
GRCh38_CMRG_21511	1041
GRCh38_CMRG_21512	1041
GRCh38_CMRG_2305	1041
GRCh38_CMRG_23055	1041
GRCh38_CMRG_23522	1041
GRCh38_CMRG_31698	1041
GRCh38_CMRG_33552	1041
GRCh38_CMRG_33553	1041
GRCh38_CMRG_34445	1041
GRCh38_CMRG_35735	1041
GRCh38_CMRG_35736	1041
GRCh38_CMRG_36107	1041
GRCh38_CMRG_37729	1041
GRCh38_CMRG_37731	1041
GRCh38_CMRG_38680	1041
GRCh38_CMRG_41862	1041
GRCh38_CMRG_43821	1041
GRCh38_CMRG_45169	1041
GRCh38_CMRG_45413	1041
GRCh38_CMRG_45883	1041
GRCh38_CMRG_47148	1041
GRCh38_CMRG_50244	1041
GRCh38_CMRG_51363	1041
GRCh38_CMRG_538	1041
GRCh38_CMRG_55056	1041
GRCh38_CMRG_55057	1041
GRCh38_CMRG_62452	1041
GRCh38_CMRG_64192	1041
GRCh38_CMRG_64193	1041
GRCh38_CMRG_64728	1041
GRCh38_CMRG_6698	1041
GRCh38_CMRG_67148	1041
GRCh38_CMRG_67800	1041
GRCh38_CMRG_69912	1041
GRCh38_CMRG_70353	1041
GRCh38_CMRG_73530	1041
GRCh38_CMRG_76932	1041
GRCh38_CMRG_10688	1040
GRCh38_CMRG_17022	1040
GRCh38_CMRG_17023	1040
GRCh38_CMRG_18491	1040
GRCh38_CMRG_18492	1040
GRCh38_CMRG_24057	1040
GRCh38_CMRG_32923	1040
GRCh38_CMRG_32999	1040
GRCh38_CMRG_33545	1040
GRCh38_CMRG_36637	1040
GRCh38_CMRG_39888	1040
GRCh38_CMRG_41782	1040
GRCh38_CMRG_43623	1040
GRCh38_CMRG_44558	1040
GRCh38_CMRG_44559	1040
GRCh38_CMRG_44775	1040
GRCh38_CMRG_44776	1040
GRCh38_CMRG_44910	1040
GRCh38_CMRG_44911	1040
GRCh38_CMRG_45039	1040
GRCh38_CMRG_45170	1040
GRCh38_CMRG_45409	1040
GRCh38_CMRG_45410	1040
GRCh38_CMRG_46057	1040
GRCh38_CMRG_50631	1040
GRCh38_CMRG_51364	1040
GRCh38_CMRG_54054	1040
GRCh38_CMRG_59353	1040
GRCh38_CMRG_59354	1040
GRCh38_CMRG_63850	1040
GRCh38_CMRG_64189	1040
GRCh38_CMRG_64190	1040
GRCh38_CMRG_64735	1040
GRCh38_CMRG_6697	1040
GRCh38_CMRG_67801	1040
GRCh38_CMRG_68579	1040
GRCh38_CMRG_73202	1040
GRCh38_CMRG_73504	1040
GRCh38_CMRG_75424	1040
GRCh38_CMRG_75644	1040
GRCh38_CMRG_76943	1040
GRCh38_CMRG_7702	1040
GRCh38_CMRG_19416	1039
GRCh38_CMRG_21963	1039
GRCh38_CMRG_25310	1039
GRCh38_CMRG_28270	1039
GRCh38_CMRG_38804	1039
GRCh38_CMRG_39159	1039
GRCh38_CMRG_39160	1039
GRCh38_CMRG_43588	1039
GRCh38_CMRG_48448	1039
GRCh38_CMRG_48449	1039
GRCh38_CMRG_55836	1039
GRCh38_CMRG_58535	1039
GRCh38_CMRG_58536	1039
GRCh38_CMRG_62089	1039
GRCh38_CMRG_62090	1039
GRCh38_CMRG_67195	1039
GRCh38_CMRG_68964	1039
GRCh38_CMRG_69841	1039
GRCh38_CMRG_70070	1039
GRCh38_CMRG_70144	1039
GRCh38_CMRG_81823	1039
GRCh38_CMRG_82165	1039
GRCh38_CMRG_1151	1038
GRCh38_CMRG_12157	1038
GRCh38_CMRG_12158	1038
GRCh38_CMRG_14466	1038
GRCh38_CMRG_15660	1038
GRCh38_CMRG_16792	1038
GRCh38_CMRG_21370	1038
GRCh38_CMRG_22346	1038
GRCh38_CMRG_24413	1038
GRCh38_CMRG_26263	1038
GRCh38_CMRG_28269	1038
GRCh38_CMRG_29744	1038
GRCh38_CMRG_40873	1038
GRCh38_CMRG_42400	1038
GRCh38_CMRG_45229	1038
GRCh38_CMRG_47521	1038
GRCh38_CMRG_49035	1038
GRCh38_CMRG_51208	1038
GRCh38_CMRG_51692	1038
GRCh38_CMRG_51693	1038
GRCh38_CMRG_52749	1038
GRCh38_CMRG_55310	1038
GRCh38_CMRG_55311	1038
GRCh38_CMRG_60003	1038
GRCh38_CMRG_60911	1038
GRCh38_CMRG_727	1038
GRCh38_CMRG_73550	1038
GRCh38_CMRG_75658	1038
GRCh38_CMRG_7701	1038
GRCh38_CMRG_77340	1038
GRCh38_CMRG_7763	1038
GRCh38_CMRG_78915	1038
GRCh38_CMRG_81575	1038
GRCh38_CMRG_81822	1038
GRCh38_CMRG_13770	1037
GRCh38_CMRG_13771	1037
GRCh38_CMRG_16788	1037
GRCh38_CMRG_16789	1037
GRCh38_CMRG_19983	1037
GRCh38_CMRG_22180	1037
GRCh38_CMRG_27500	1037
GRCh38_CMRG_28241	1037
GRCh38_CMRG_28444	1037
GRCh38_CMRG_28445	1037
GRCh38_CMRG_30742	1037
GRCh38_CMRG_31563	1037
GRCh38_CMRG_33236	1037
GRCh38_CMRG_34668	1037
GRCh38_CMRG_37018	1037
GRCh38_CMRG_37019	1037
GRCh38_CMRG_38709	1037
GRCh38_CMRG_41403	1037
GRCh38_CMRG_43807	1037
GRCh38_CMRG_44856	1037
GRCh38_CMRG_45007	1037
GRCh38_CMRG_45008	1037
GRCh38_CMRG_45228	1037
GRCh38_CMRG_45598	1037
GRCh38_CMRG_45838	1037
GRCh38_CMRG_46143	1037
GRCh38_CMRG_46144	1037
GRCh38_CMRG_47849	1037
GRCh38_CMRG_47850	1037
GRCh38_CMRG_50218	1037
GRCh38_CMRG_50288	1037
GRCh38_CMRG_52603	1037
GRCh38_CMRG_58327	1037
GRCh38_CMRG_68332	1037
GRCh38_CMRG_70926	1037
GRCh38_CMRG_72792	1037
GRCh38_CMRG_72793	1037
GRCh38_CMRG_7289	1037
GRCh38_CMRG_7296	1037
GRCh38_CMRG_7297	1037
GRCh38_CMRG_73259	1037
GRCh38_CMRG_73574	1037
GRCh38_CMRG_76918	1037
GRCh38_CMRG_76984	1037
GRCh38_CMRG_77114	1037
GRCh38_CMRG_79590	1037
GRCh38_CMRG_79591	1037
GRCh38_CMRG_81824	1037
GRCh38_CMRG_8385	1037
GRCh38_CMRG_1080	1036
GRCh38_CMRG_1081	1036
GRCh38_CMRG_12673	1036
GRCh38_CMRG_13304	1036
GRCh38_CMRG_17833	1036
GRCh38_CMRG_18871	1036
GRCh38_CMRG_19062	1036
GRCh38_CMRG_20842	1036
GRCh38_CMRG_25907	1036
GRCh38_CMRG_32307	1036
GRCh38_CMRG_37621	1036
GRCh38_CMRG_50219	1036
GRCh38_CMRG_50754	1036
GRCh38_CMRG_51406	1036
GRCh38_CMRG_54527	1036
GRCh38_CMRG_54528	1036
GRCh38_CMRG_632	1036
GRCh38_CMRG_70145	1036
GRCh38_CMRG_73573	1036
GRCh38_CMRG_7690	1036
GRCh38_CMRG_79861	1036
GRCh38_CMRG_81830	1036
GRCh38_CMRG_81831	1036
GRCh38_CMRG_10646	1035
GRCh38_CMRG_1223	1035
GRCh38_CMRG_1224	1035
GRCh38_CMRG_15621	1035
GRCh38_CMRG_17832	1035
GRCh38_CMRG_18324	1035
GRCh38_CMRG_22344	1035
GRCh38_CMRG_28774	1035
GRCh38_CMRG_31490	1035
GRCh38_CMRG_32150	1035
GRCh38_CMRG_34023	1035
GRCh38_CMRG_36131	1035
GRCh38_CMRG_36513	1035
GRCh38_CMRG_39284	1035
GRCh38_CMRG_480	1035
GRCh38_CMRG_48063	1035
GRCh38_CMRG_52828	1035
GRCh38_CMRG_55805	1035
GRCh38_CMRG_59873	1035
GRCh38_CMRG_64277	1035
GRCh38_CMRG_64353	1035
GRCh38_CMRG_6719	1035
GRCh38_CMRG_69213	1035
GRCh38_CMRG_72568	1035
GRCh38_CMRG_8106	1035
GRCh38_CMRG_8107	1035
GRCh38_CMRG_8148	1035
GRCh38_CMRG_19056	1034
GRCh38_CMRG_19417	1034
GRCh38_CMRG_21727	1034
GRCh38_CMRG_22345	1034
GRCh38_CMRG_32063	1034
GRCh38_CMRG_37871	1034
GRCh38_CMRG_37911	1034
GRCh38_CMRG_44290	1034
GRCh38_CMRG_45003	1034
GRCh38_CMRG_48008	1034
GRCh38_CMRG_48284	1034
GRCh38_CMRG_48848	1034
GRCh38_CMRG_51988	1034
GRCh38_CMRG_51989	1034
GRCh38_CMRG_52320	1034
GRCh38_CMRG_52321	1034
GRCh38_CMRG_540	1034
GRCh38_CMRG_55073	1034
GRCh38_CMRG_55074	1034
GRCh38_CMRG_62118	1034
GRCh38_CMRG_63930	1034
GRCh38_CMRG_64509	1034
GRCh38_CMRG_68580	1034
GRCh38_CMRG_69952	1034
GRCh38_CMRG_7046	1034
GRCh38_CMRG_7047	1034
GRCh38_CMRG_81846	1034
GRCh38_CMRG_8976	1034
GRCh38_CMRG_9755	1034
GRCh38_CMRG_21080	1033
GRCh38_CMRG_2681	1033
GRCh38_CMRG_2919	1033
GRCh38_CMRG_29816	1033
GRCh38_CMRG_38207	1033
GRCh38_CMRG_39647	1033
GRCh38_CMRG_39648	1033
GRCh38_CMRG_41	1033
GRCh38_CMRG_41587	1033
GRCh38_CMRG_43954	1033
GRCh38_CMRG_47143	1033
GRCh38_CMRG_48847	1033
GRCh38_CMRG_48883	1033
GRCh38_CMRG_48884	1033
GRCh38_CMRG_50555	1033
GRCh38_CMRG_50635	1033
GRCh38_CMRG_51115	1033
GRCh38_CMRG_59009	1033
GRCh38_CMRG_60536	1033
GRCh38_CMRG_60910	1033
GRCh38_CMRG_70601	1033
GRCh38_CMRG_70602	1033
GRCh38_CMRG_73051	1033
GRCh38_CMRG_7321	1033
GRCh38_CMRG_73933	1033
GRCh38_CMRG_75284	1033
GRCh38_CMRG_77027	1033
GRCh38_CMRG_79280	1033
GRCh38_CMRG_81574	1033
GRCh38_CMRG_81847	1033
GRCh38_CMRG_9114	1033
GRCh38_CMRG_11650	1032
GRCh38_CMRG_17694	1032
GRCh38_CMRG_19486	1032
GRCh38_CMRG_19487	1032
GRCh38_CMRG_23609	1032
GRCh38_CMRG_23613	1032
GRCh38_CMRG_23741	1032
GRCh38_CMRG_26472	1032
GRCh38_CMRG_31003	1032
GRCh38_CMRG_34703	1032
GRCh38_CMRG_34719	1032
GRCh38_CMRG_36292	1032
GRCh38_CMRG_36293	1032
GRCh38_CMRG_37077	1032
GRCh38_CMRG_41755	1032
GRCh38_CMRG_41937	1032
GRCh38_CMRG_42580	1032
GRCh38_CMRG_43629	1032
GRCh38_CMRG_44380	1032
GRCh38_CMRG_44975	1032
GRCh38_CMRG_45226	1032
GRCh38_CMRG_45408	1032
GRCh38_CMRG_47164	1032
GRCh38_CMRG_48040	1032
GRCh38_CMRG_48041	1032
GRCh38_CMRG_49811	1032
GRCh38_CMRG_58104	1032
GRCh38_CMRG_58997	1032
GRCh38_CMRG_61728	1032
GRCh38_CMRG_631	1032
GRCh38_CMRG_64779	1032
GRCh38_CMRG_65828	1032
GRCh38_CMRG_68470	1032
GRCh38_CMRG_72521	1032
GRCh38_CMRG_73932	1032
GRCh38_CMRG_74017	1032
GRCh38_CMRG_74018	1032
GRCh38_CMRG_76777	1032
GRCh38_CMRG_77249	1032
GRCh38_CMRG_77558	1032
GRCh38_CMRG_77559	1032
GRCh38_CMRG_79436	1032
GRCh38_CMRG_8975	1032
GRCh38_CMRG_14566	1031
GRCh38_CMRG_21962	1031
GRCh38_CMRG_27340	1031
GRCh38_CMRG_31083	1031
GRCh38_CMRG_31199	1031
GRCh38_CMRG_35613	1031
GRCh38_CMRG_35614	1031
GRCh38_CMRG_43974	1031
GRCh38_CMRG_43975	1031
GRCh38_CMRG_49615	1031
GRCh38_CMRG_61696	1031
GRCh38_CMRG_61698	1031
GRCh38_CMRG_61699	1031
GRCh38_CMRG_6182	1031
GRCh38_CMRG_66099	1031
GRCh38_CMRG_72296	1031
GRCh38_CMRG_75561	1031
GRCh38_CMRG_75633	1031
GRCh38_CMRG_75634	1031
GRCh38_CMRG_77502	1031
GRCh38_CMRG_80993	1031
GRCh38_CMRG_12515	1030
GRCh38_CMRG_13124	1030
GRCh38_CMRG_13312	1030
GRCh38_CMRG_15368	1030
GRCh38_CMRG_16918	1030
GRCh38_CMRG_17597	1030
GRCh38_CMRG_19150	1030
GRCh38_CMRG_28482	1030
GRCh38_CMRG_29804	1030
GRCh38_CMRG_29805	1030
GRCh38_CMRG_32440	1030
GRCh38_CMRG_32441	1030
GRCh38_CMRG_32442	1030
GRCh38_CMRG_41599	1030
GRCh38_CMRG_41600	1030
GRCh38_CMRG_41685	1030
GRCh38_CMRG_43888	1030
GRCh38_CMRG_43889	1030
GRCh38_CMRG_45271	1030
GRCh38_CMRG_52169	1030
GRCh38_CMRG_539	1030
GRCh38_CMRG_58633	1030
GRCh38_CMRG_64781	1030
GRCh38_CMRG_68292	1030
GRCh38_CMRG_70294	1030
GRCh38_CMRG_7115	1030
GRCh38_CMRG_71563	1030
GRCh38_CMRG_75298	1030
GRCh38_CMRG_75299	1030
GRCh38_CMRG_12728	1029
GRCh38_CMRG_13122	1029
GRCh38_CMRG_13123	1029
GRCh38_CMRG_19876	1029
GRCh38_CMRG_21399	1029
GRCh38_CMRG_21400	1029
GRCh38_CMRG_31197	1029
GRCh38_CMRG_31818	1029
GRCh38_CMRG_32800	1029
GRCh38_CMRG_33142	1029
GRCh38_CMRG_34365	1029
GRCh38_CMRG_34444	1029
GRCh38_CMRG_37728	1029
GRCh38_CMRG_46660	1029
GRCh38_CMRG_47290	1029
GRCh38_CMRG_48238	1029
GRCh38_CMRG_48239	1029
GRCh38_CMRG_48672	1029
GRCh38_CMRG_62489	1029
GRCh38_CMRG_62490	1029
GRCh38_CMRG_64293	1029
GRCh38_CMRG_67386	1029
GRCh38_CMRG_68564	1029
GRCh38_CMRG_71564	1029
GRCh38_CMRG_77306	1029
GRCh38_CMRG_79844	1029
GRCh38_CMRG_81715	1029
GRCh38_CMRG_1152	1028
GRCh38_CMRG_1259	1028
GRCh38_CMRG_13746	1028
GRCh38_CMRG_13747	1028
GRCh38_CMRG_1381	1028
GRCh38_CMRG_15432	1028
GRCh38_CMRG_1610	1028
GRCh38_CMRG_17808	1028
GRCh38_CMRG_18299	1028
GRCh38_CMRG_2210	1028
GRCh38_CMRG_24127	1028
GRCh38_CMRG_26734	1028
GRCh38_CMRG_29018	1028
GRCh38_CMRG_29646	1028
GRCh38_CMRG_29647	1028
GRCh38_CMRG_30743	1028
GRCh38_CMRG_37078	1028
GRCh38_CMRG_38439	1028
GRCh38_CMRG_43755	1028
GRCh38_CMRG_47291	1028
GRCh38_CMRG_54932	1028
GRCh38_CMRG_55375	1028
GRCh38_CMRG_61160	1028
GRCh38_CMRG_64076	1028
GRCh38_CMRG_65981	1028
GRCh38_CMRG_65982	1028
GRCh38_CMRG_66017	1028
GRCh38_CMRG_66018	1028
GRCh38_CMRG_68583	1028
GRCh38_CMRG_69911	1028
GRCh38_CMRG_70688	1028
GRCh38_CMRG_72380	1028
GRCh38_CMRG_72584	1028
GRCh38_CMRG_72585	1028
GRCh38_CMRG_74134	1028
GRCh38_CMRG_74135	1028
GRCh38_CMRG_7768	1028
GRCh38_CMRG_79220	1028
GRCh38_CMRG_79221	1028
GRCh38_CMRG_7965	1028
GRCh38_CMRG_81469	1028
GRCh38_CMRG_81470	1028
GRCh38_CMRG_1335	1027
GRCh38_CMRG_1336	1027
GRCh38_CMRG_14323	1027
GRCh38_CMRG_14324	1027
GRCh38_CMRG_14642	1027
GRCh38_CMRG_14643	1027
GRCh38_CMRG_16780	1027
GRCh38_CMRG_17228	1027
GRCh38_CMRG_17598	1027
GRCh38_CMRG_21167	1027
GRCh38_CMRG_21168	1027
GRCh38_CMRG_2211	1027
GRCh38_CMRG_23640	1027
GRCh38_CMRG_24711	1027
GRCh38_CMRG_24712	1027
GRCh38_CMRG_24945	1027
GRCh38_CMRG_27101	1027
GRCh38_CMRG_38438	1027
GRCh38_CMRG_41586	1027
GRCh38_CMRG_43754	1027
GRCh38_CMRG_44391	1027
GRCh38_CMRG_45035	1027
GRCh38_CMRG_47430	1027
GRCh38_CMRG_50424	1027
GRCh38_CMRG_50440	1027
GRCh38_CMRG_50531	1027
GRCh38_CMRG_52559	1027
GRCh38_CMRG_54853	1027
GRCh38_CMRG_58500	1027
GRCh38_CMRG_58654	1027
GRCh38_CMRG_74240	1027
GRCh38_CMRG_77211	1027
GRCh38_CMRG_77440	1027
GRCh38_CMRG_79692	1027
GRCh38_CMRG_9365	1027
GRCh38_CMRG_10539	1026
GRCh38_CMRG_1258	1026
GRCh38_CMRG_20877	1026
GRCh38_CMRG_20878	1026
GRCh38_CMRG_21578	1026
GRCh38_CMRG_2346	1026
GRCh38_CMRG_24128	1026
GRCh38_CMRG_28312	1026
GRCh38_CMRG_28607	1026
GRCh38_CMRG_31877	1026
GRCh38_CMRG_34782	1026
GRCh38_CMRG_34783	1026
GRCh38_CMRG_45856	1026
GRCh38_CMRG_49498	1026
GRCh38_CMRG_502	1026
GRCh38_CMRG_51014	1026
GRCh38_CMRG_64555	1026
GRCh38_CMRG_65178	1026
GRCh38_CMRG_65639	1026
GRCh38_CMRG_65983	1026
GRCh38_CMRG_68410	1026
GRCh38_CMRG_68856	1026
GRCh38_CMRG_68857	1026
GRCh38_CMRG_72586	1026
GRCh38_CMRG_79610	1026
GRCh38_CMRG_79611	1026
GRCh38_CMRG_8438	1026
GRCh38_CMRG_12062	1025
GRCh38_CMRG_13975	1025
GRCh38_CMRG_14341	1025
GRCh38_CMRG_14342	1025
GRCh38_CMRG_15607	1025
GRCh38_CMRG_15608	1025
GRCh38_CMRG_17212	1025
GRCh38_CMRG_18291	1025
GRCh38_CMRG_19388	1025
GRCh38_CMRG_19877	1025
GRCh38_CMRG_21768	1025
GRCh38_CMRG_27086	1025
GRCh38_CMRG_32926	1025
GRCh38_CMRG_33004	1025
GRCh38_CMRG_44914	1025
GRCh38_CMRG_45193	1025
GRCh38_CMRG_46397	1025
GRCh38_CMRG_50791	1025
GRCh38_CMRG_55301	1025
GRCh38_CMRG_55812	1025
GRCh38_CMRG_55813	1025
GRCh38_CMRG_592	1025
GRCh38_CMRG_59863	1025
GRCh38_CMRG_65433	1025
GRCh38_CMRG_65436	1025
GRCh38_CMRG_73746	1025
GRCh38_CMRG_73747	1025
GRCh38_CMRG_74851	1025
GRCh38_CMRG_77210	1025
GRCh38_CMRG_7834	1025
GRCh38_CMRG_7935	1025
GRCh38_CMRG_7966	1025
GRCh38_CMRG_79860	1025
GRCh38_CMRG_12641	1024
GRCh38_CMRG_14677	1024
GRCh38_CMRG_1847	1024
GRCh38_CMRG_1848	1024
GRCh38_CMRG_32446	1024
GRCh38_CMRG_32806	1024
GRCh38_CMRG_33005	1024
GRCh38_CMRG_33345	1024
GRCh38_CMRG_36261	1024
GRCh38_CMRG_36373	1024
GRCh38_CMRG_42215	1024
GRCh38_CMRG_433	1024
GRCh38_CMRG_43746	1024
GRCh38_CMRG_44564	1024
GRCh38_CMRG_45740	1024
GRCh38_CMRG_50897	1024
GRCh38_CMRG_51015	1024
GRCh38_CMRG_52227	1024
GRCh38_CMRG_52561	1024
GRCh38_CMRG_52591	1024
GRCh38_CMRG_53072	1024
GRCh38_CMRG_5880	1024
GRCh38_CMRG_64892	1024
GRCh38_CMRG_67228	1024
GRCh38_CMRG_67229	1024
GRCh38_CMRG_67561	1024
GRCh38_CMRG_68751	1024
GRCh38_CMRG_72123	1024
GRCh38_CMRG_7699	1024
GRCh38_CMRG_7700	1024
GRCh38_CMRG_81911	1024
GRCh38_CMRG_81912	1024
GRCh38_CMRG_8420	1024
GRCh38_CMRG_1016	1023
GRCh38_CMRG_1017	1023
GRCh38_CMRG_106	1023
GRCh38_CMRG_11169	1023
GRCh38_CMRG_14676	1023
GRCh38_CMRG_19550	1023
GRCh38_CMRG_21025	1023
GRCh38_CMRG_23614	1023
GRCh38_CMRG_25300	1023
GRCh38_CMRG_27499	1023
GRCh38_CMRG_34494	1023
GRCh38_CMRG_39102	1023
GRCh38_CMRG_47814	1023
GRCh38_CMRG_54280	1023
GRCh38_CMRG_59750	1023
GRCh38_CMRG_62116	1023
GRCh38_CMRG_62119	1023
GRCh38_CMRG_68411	1023
GRCh38_CMRG_68752	1023
GRCh38_CMRG_6997	1023
GRCh38_CMRG_6998	1023
GRCh38_CMRG_74383	1023
GRCh38_CMRG_74641	1023
GRCh38_CMRG_75192	1023
GRCh38_CMRG_77026	1023
GRCh38_CMRG_77155	1023
GRCh38_CMRG_8419	1023
GRCh38_CMRG_18520	1022
GRCh38_CMRG_18601	1022
GRCh38_CMRG_18602	1022
GRCh38_CMRG_18824	1022
GRCh38_CMRG_2152	1022
GRCh38_CMRG_23624	1022
GRCh38_CMRG_26368	1022
GRCh38_CMRG_28229	1022
GRCh38_CMRG_30871	1022
GRCh38_CMRG_32511	1022
GRCh38_CMRG_39101	1022
GRCh38_CMRG_41729	1022
GRCh38_CMRG_45172	1022
GRCh38_CMRG_482	1022
GRCh38_CMRG_49865	1022
GRCh38_CMRG_50908	1022
GRCh38_CMRG_51128	1022
GRCh38_CMRG_52688	1022
GRCh38_CMRG_54701	1022
GRCh38_CMRG_6184	1022
GRCh38_CMRG_68663	1022
GRCh38_CMRG_68664	1022
GRCh38_CMRG_68741	1022
GRCh38_CMRG_70514	1022
GRCh38_CMRG_72801	1022
GRCh38_CMRG_74020	1022
GRCh38_CMRG_78912	1022
GRCh38_CMRG_79946	1022
GRCh38_CMRG_8977	1022
GRCh38_CMRG_11226	1021
GRCh38_CMRG_1211	1021
GRCh38_CMRG_12140	1021
GRCh38_CMRG_12141	1021
GRCh38_CMRG_12179	1021
GRCh38_CMRG_132	1021
GRCh38_CMRG_133	1021
GRCh38_CMRG_13311	1021
GRCh38_CMRG_13525	1021
GRCh38_CMRG_1771	1021
GRCh38_CMRG_19055	1021
GRCh38_CMRG_23591	1021
GRCh38_CMRG_23602	1021
GRCh38_CMRG_23621	1021
GRCh38_CMRG_3095	1021
GRCh38_CMRG_31749	1021
GRCh38_CMRG_33491	1021
GRCh38_CMRG_35543	1021
GRCh38_CMRG_36879	1021
GRCh38_CMRG_38681	1021
GRCh38_CMRG_49231	1021
GRCh38_CMRG_49947	1021
GRCh38_CMRG_49948	1021
GRCh38_CMRG_52748	1021
GRCh38_CMRG_53149	1021
GRCh38_CMRG_53150	1021
GRCh38_CMRG_65442	1021
GRCh38_CMRG_67401	1021
GRCh38_CMRG_67676	1021
GRCh38_CMRG_68228	1021
GRCh38_CMRG_69810	1021
GRCh38_CMRG_72623	1021
GRCh38_CMRG_75627	1021
GRCh38_CMRG_11168	1020
GRCh38_CMRG_16539	1020
GRCh38_CMRG_1809	1020
GRCh38_CMRG_18582	1020
GRCh38_CMRG_1982	1020
GRCh38_CMRG_21153	1020
GRCh38_CMRG_2500	1020
GRCh38_CMRG_27706	1020
GRCh38_CMRG_27707	1020
GRCh38_CMRG_28497	1020
GRCh38_CMRG_31667	1020
GRCh38_CMRG_33588	1020
GRCh38_CMRG_34007	1020
GRCh38_CMRG_35917	1020
GRCh38_CMRG_36094	1020
GRCh38_CMRG_40003	1020
GRCh38_CMRG_45696	1020
GRCh38_CMRG_45697	1020
GRCh38_CMRG_46581	1020
GRCh38_CMRG_47195	1020
GRCh38_CMRG_50907	1020
GRCh38_CMRG_51095	1020
GRCh38_CMRG_51096	1020
GRCh38_CMRG_52502	1020
GRCh38_CMRG_54212	1020
GRCh38_CMRG_58061	1020
GRCh38_CMRG_60871	1020
GRCh38_CMRG_65443	1020
GRCh38_CMRG_66113	1020
GRCh38_CMRG_66114	1020
GRCh38_CMRG_6942	1020
GRCh38_CMRG_72622	1020
GRCh38_CMRG_73441	1020
GRCh38_CMRG_7368	1020
GRCh38_CMRG_7369	1020
GRCh38_CMRG_75297	1020
GRCh38_CMRG_77243	1020
GRCh38_CMRG_81859	1020
GRCh38_CMRG_8886	1020
GRCh38_CMRG_11125	1019
GRCh38_CMRG_12265	1019
GRCh38_CMRG_12266	1019
GRCh38_CMRG_1495	1019
GRCh38_CMRG_18306	1019
GRCh38_CMRG_20923	1019
GRCh38_CMRG_26306	1019
GRCh38_CMRG_27595	1019
GRCh38_CMRG_27596	1019
GRCh38_CMRG_29094	1019
GRCh38_CMRG_32180	1019
GRCh38_CMRG_36092	1019
GRCh38_CMRG_37868	1019
GRCh38_CMRG_45559	1019
GRCh38_CMRG_49279	1019
GRCh38_CMRG_50701	1019
GRCh38_CMRG_50772	1019
GRCh38_CMRG_51092	1019
GRCh38_CMRG_51500	1019
GRCh38_CMRG_53539	1019
GRCh38_CMRG_58385	1019
GRCh38_CMRG_5887	1019
GRCh38_CMRG_59413	1019
GRCh38_CMRG_59751	1019
GRCh38_CMRG_59983	1019
GRCh38_CMRG_63418	1019
GRCh38_CMRG_68287	1019
GRCh38_CMRG_68414	1019
GRCh38_CMRG_71041	1019
GRCh38_CMRG_73039	1019
GRCh38_CMRG_73040	1019
GRCh38_CMRG_8507	1019
GRCh38_CMRG_10723	1018
GRCh38_CMRG_13378	1018
GRCh38_CMRG_15120	1018
GRCh38_CMRG_15121	1018
GRCh38_CMRG_17372	1018
GRCh38_CMRG_18636	1018
GRCh38_CMRG_25050	1018
GRCh38_CMRG_26520	1018
GRCh38_CMRG_26521	1018
GRCh38_CMRG_28548	1018
GRCh38_CMRG_29541	1018
GRCh38_CMRG_29542	1018
GRCh38_CMRG_31281	1018
GRCh38_CMRG_33675	1018
GRCh38_CMRG_33676	1018
GRCh38_CMRG_36543	1018
GRCh38_CMRG_37869	1018
GRCh38_CMRG_44708	1018
GRCh38_CMRG_49278	1018
GRCh38_CMRG_51498	1018
GRCh38_CMRG_51765	1018
GRCh38_CMRG_51766	1018
GRCh38_CMRG_51971	1018
GRCh38_CMRG_54984	1018
GRCh38_CMRG_62442	1018
GRCh38_CMRG_69418	1018
GRCh38_CMRG_69419	1018
GRCh38_CMRG_70908	1018
GRCh38_CMRG_75645	1018
GRCh38_CMRG_79182	1018
GRCh38_CMRG_8017	1018
GRCh38_CMRG_82053	1018
GRCh38_CMRG_13323	1017
GRCh38_CMRG_18355	1017
GRCh38_CMRG_29925	1017
GRCh38_CMRG_31819	1017
GRCh38_CMRG_38226	1017
GRCh38_CMRG_38559	1017
GRCh38_CMRG_39379	1017
GRCh38_CMRG_39380	1017
GRCh38_CMRG_59240	1017
GRCh38_CMRG_61770	1017
GRCh38_CMRG_72285	1017
GRCh38_CMRG_72286	1017
GRCh38_CMRG_75254	1017
GRCh38_CMRG_75255	1017
GRCh38_CMRG_79925	1017
GRCh38_CMRG_13600	1016
GRCh38_CMRG_18293	1016
GRCh38_CMRG_23588	1016
GRCh38_CMRG_2438	1016
GRCh38_CMRG_30730	1016
GRCh38_CMRG_33131	1016
GRCh38_CMRG_33133	1016
GRCh38_CMRG_34234	1016
GRCh38_CMRG_34236	1016
GRCh38_CMRG_36540	1016
GRCh38_CMRG_36991	1016
GRCh38_CMRG_36992	1016
GRCh38_CMRG_38958	1016
GRCh38_CMRG_38959	1016
GRCh38_CMRG_44253	1016
GRCh38_CMRG_45032	1016
GRCh38_CMRG_49866	1016
GRCh38_CMRG_50610	1016
GRCh38_CMRG_50611	1016
GRCh38_CMRG_537	1016
GRCh38_CMRG_53889	1016
GRCh38_CMRG_60178	1016
GRCh38_CMRG_6200	1016
GRCh38_CMRG_67681	1016
GRCh38_CMRG_69326	1016
GRCh38_CMRG_71606	1016
GRCh38_CMRG_73164	1016
GRCh38_CMRG_79301	1016
GRCh38_CMRG_8040	1016
GRCh38_CMRG_81518	1016
GRCh38_CMRG_9396	1016
GRCh38_CMRG_9397	1016
GRCh38_CMRG_148	1015
GRCh38_CMRG_17892	1015
GRCh38_CMRG_19418	1015
GRCh38_CMRG_25793	1015
GRCh38_CMRG_2763	1015
GRCh38_CMRG_29024	1015
GRCh38_CMRG_29025	1015
GRCh38_CMRG_29185	1015
GRCh38_CMRG_31608	1015
GRCh38_CMRG_34632	1015
GRCh38_CMRG_37418	1015
GRCh38_CMRG_37419	1015
GRCh38_CMRG_37609	1015
GRCh38_CMRG_39206	1015
GRCh38_CMRG_44127	1015
GRCh38_CMRG_48317	1015
GRCh38_CMRG_54374	1015
GRCh38_CMRG_5710	1015
GRCh38_CMRG_58766	1015
GRCh38_CMRG_60568	1015
GRCh38_CMRG_65772	1015
GRCh38_CMRG_67702	1015
GRCh38_CMRG_68551	1015
GRCh38_CMRG_71459	1015
GRCh38_CMRG_84231	1015
GRCh38_CMRG_13526	1014
GRCh38_CMRG_18279	1014
GRCh38_CMRG_18363	1014
GRCh38_CMRG_21054	1014
GRCh38_CMRG_26226	1014
GRCh38_CMRG_28081	1014
GRCh38_CMRG_29922	1014
GRCh38_CMRG_36263	1014
GRCh38_CMRG_37154	1014
GRCh38_CMRG_39849	1014
GRCh38_CMRG_40569	1014
GRCh38_CMRG_43589	1014
GRCh38_CMRG_47913	1014
GRCh38_CMRG_48320	1014
GRCh38_CMRG_51951	1014
GRCh38_CMRG_53349	1014
GRCh38_CMRG_59839	1014
GRCh38_CMRG_59840	1014
GRCh38_CMRG_64832	1014
GRCh38_CMRG_68550	1014
GRCh38_CMRG_69641	1014
GRCh38_CMRG_69642	1014
GRCh38_CMRG_70527	1014
GRCh38_CMRG_71460	1014
GRCh38_CMRG_76757	1014
GRCh38_CMRG_8041	1014
GRCh38_CMRG_10945	1013
GRCh38_CMRG_1163	1013
GRCh38_CMRG_1410	1013
GRCh38_CMRG_1411	1013
GRCh38_CMRG_19553	1013
GRCh38_CMRG_27055	1013
GRCh38_CMRG_37076	1013
GRCh38_CMRG_40261	1013
GRCh38_CMRG_43721	1013
GRCh38_CMRG_49324	1013
GRCh38_CMRG_50055	1013
GRCh38_CMRG_50056	1013
GRCh38_CMRG_58842	1013
GRCh38_CMRG_61865	1013
GRCh38_CMRG_62114	1013
GRCh38_CMRG_6823	1013
GRCh38_CMRG_7128	1013
GRCh38_CMRG_73439	1013
GRCh38_CMRG_73927	1013
GRCh38_CMRG_73928	1013
GRCh38_CMRG_7711	1013
GRCh38_CMRG_77452	1013
GRCh38_CMRG_1317	1012
GRCh38_CMRG_13313	1012
GRCh38_CMRG_19419	1012
GRCh38_CMRG_19676	1012
GRCh38_CMRG_27426	1012
GRCh38_CMRG_33127	1012
GRCh38_CMRG_34332	1012
GRCh38_CMRG_38963	1012
GRCh38_CMRG_39936	1012
GRCh38_CMRG_46580	1012
GRCh38_CMRG_49219	1012
GRCh38_CMRG_50934	1012
GRCh38_CMRG_54591	1012
GRCh38_CMRG_54592	1012
GRCh38_CMRG_54870	1012
GRCh38_CMRG_5997	1012
GRCh38_CMRG_61645	1012
GRCh38_CMRG_67792	1012
GRCh38_CMRG_76778	1012
GRCh38_CMRG_10841	1011
GRCh38_CMRG_11158	1011
GRCh38_CMRG_11159	1011
GRCh38_CMRG_13995	1011
GRCh38_CMRG_16947	1011
GRCh38_CMRG_18300	1011
GRCh38_CMRG_18483	1011
GRCh38_CMRG_19149	1011
GRCh38_CMRG_23480	1011
GRCh38_CMRG_24281	1011
GRCh38_CMRG_2507	1011
GRCh38_CMRG_32247	1011
GRCh38_CMRG_32640	1011
GRCh38_CMRG_37649	1011
GRCh38_CMRG_41773	1011
GRCh38_CMRG_41774	1011
GRCh38_CMRG_45724	1011
GRCh38_CMRG_50650	1011
GRCh38_CMRG_51193	1011
GRCh38_CMRG_60873	1011
GRCh38_CMRG_62632	1011
GRCh38_CMRG_65131	1011
GRCh38_CMRG_65132	1011
GRCh38_CMRG_68831	1011
GRCh38_CMRG_6987	1011
GRCh38_CMRG_77540	1011
GRCh38_CMRG_83004	1011
GRCh38_CMRG_11548	1010
GRCh38_CMRG_17879	1010
GRCh38_CMRG_19648	1010
GRCh38_CMRG_21953	1010
GRCh38_CMRG_22665	1010
GRCh38_CMRG_2271	1010
GRCh38_CMRG_2272	1010
GRCh38_CMRG_23419	1010
GRCh38_CMRG_23420	1010
GRCh38_CMRG_24529	1010
GRCh38_CMRG_24530	1010
GRCh38_CMRG_2635	1010
GRCh38_CMRG_28082	1010
GRCh38_CMRG_28227	1010
GRCh38_CMRG_28228	1010
GRCh38_CMRG_28474	1010
GRCh38_CMRG_30728	1010
GRCh38_CMRG_32397	1010
GRCh38_CMRG_33129	1010
GRCh38_CMRG_34053	1010
GRCh38_CMRG_34054	1010
GRCh38_CMRG_34474	1010
GRCh38_CMRG_34585	1010
GRCh38_CMRG_34608	1010
GRCh38_CMRG_43875	1010
GRCh38_CMRG_44863	1010
GRCh38_CMRG_45045	1010
GRCh38_CMRG_45046	1010
GRCh38_CMRG_530	1010
GRCh38_CMRG_531	1010
GRCh38_CMRG_54361	1010
GRCh38_CMRG_61646	1010
GRCh38_CMRG_62481	1010
GRCh38_CMRG_72743	1010
GRCh38_CMRG_74837	1010
GRCh38_CMRG_75462	1010
GRCh38_CMRG_77339	1010
GRCh38_CMRG_79995	1010
GRCh38_CMRG_8019	1010
GRCh38_CMRG_11584	1009
GRCh38_CMRG_16934	1009
GRCh38_CMRG_18122	1009
GRCh38_CMRG_18282	1009
GRCh38_CMRG_19678	1009
GRCh38_CMRG_19855	1009
GRCh38_CMRG_21150	1009
GRCh38_CMRG_22697	1009
GRCh38_CMRG_2483	1009
GRCh38_CMRG_28410	1009
GRCh38_CMRG_2934	1009
GRCh38_CMRG_2935	1009
GRCh38_CMRG_31110	1009
GRCh38_CMRG_33111	1009
GRCh38_CMRG_34292	1009
GRCh38_CMRG_34293	1009
GRCh38_CMRG_36132	1009
GRCh38_CMRG_40844	1009
GRCh38_CMRG_44907	1009
GRCh38_CMRG_45173	1009
GRCh38_CMRG_47954	1009
GRCh38_CMRG_50620	1009
GRCh38_CMRG_51069	1009
GRCh38_CMRG_59158	1009
GRCh38_CMRG_59717	1009
GRCh38_CMRG_61710	1009
GRCh38_CMRG_62299	1009
GRCh38_CMRG_71642	1009
GRCh38_CMRG_7676	1009
GRCh38_CMRG_7677	1009
GRCh38_CMRG_79115	1009
GRCh38_CMRG_81375	1009
GRCh38_CMRG_81376	1009
GRCh38_CMRG_83430	1009
GRCh38_CMRG_8387	1009
GRCh38_CMRG_14795	1008
GRCh38_CMRG_17787	1008
GRCh38_CMRG_19647	1008
GRCh38_CMRG_24336	1008
GRCh38_CMRG_2891	1008
GRCh38_CMRG_32486	1008
GRCh38_CMRG_33375	1008
GRCh38_CMRG_33405	1008
GRCh38_CMRG_33406	1008
GRCh38_CMRG_38406	1008
GRCh38_CMRG_409	1008
GRCh38_CMRG_44696	1008
GRCh38_CMRG_44915	1008
GRCh38_CMRG_45469	1008
GRCh38_CMRG_47577	1008
GRCh38_CMRG_49155	1008
GRCh38_CMRG_51192	1008
GRCh38_CMRG_55210	1008
GRCh38_CMRG_58068	1008
GRCh38_CMRG_5836	1008
GRCh38_CMRG_61443	1008
GRCh38_CMRG_62129	1008
GRCh38_CMRG_65081	1008
GRCh38_CMRG_67936	1008
GRCh38_CMRG_70184	1008
GRCh38_CMRG_71941	1008
GRCh38_CMRG_73937	1008
GRCh38_CMRG_73938	1008
GRCh38_CMRG_75595	1008
GRCh38_CMRG_7654	1008
GRCh38_CMRG_81464	1008
GRCh38_CMRG_8388	1008
GRCh38_CMRG_12121	1007
GRCh38_CMRG_131	1007
GRCh38_CMRG_13205	1007
GRCh38_CMRG_1382	1007
GRCh38_CMRG_1711	1007
GRCh38_CMRG_17788	1007
GRCh38_CMRG_17942	1007
GRCh38_CMRG_22377	1007
GRCh38_CMRG_24337	1007
GRCh38_CMRG_29095	1007
GRCh38_CMRG_29551	1007
GRCh38_CMRG_32895	1007
GRCh38_CMRG_41563	1007
GRCh38_CMRG_47753	1007
GRCh38_CMRG_50439	1007
GRCh38_CMRG_50619	1007
GRCh38_CMRG_51154	1007
GRCh38_CMRG_58132	1007
GRCh38_CMRG_64253	1007
GRCh38_CMRG_67934	1007
GRCh38_CMRG_67935	1007
GRCh38_CMRG_74019	1007
GRCh38_CMRG_8546	1007
GRCh38_CMRG_9176	1007
GRCh38_CMRG_1271	1006
GRCh38_CMRG_15464	1006
GRCh38_CMRG_18963	1006
GRCh38_CMRG_28612	1006
GRCh38_CMRG_28613	1006
GRCh38_CMRG_31267	1006
GRCh38_CMRG_31268	1006
GRCh38_CMRG_31892	1006
GRCh38_CMRG_32292	1006
GRCh38_CMRG_37034	1006
GRCh38_CMRG_37035	1006
GRCh38_CMRG_40541	1006
GRCh38_CMRG_40879	1006
GRCh38_CMRG_43849	1006
GRCh38_CMRG_48712	1006
GRCh38_CMRG_51818	1006
GRCh38_CMRG_52820	1006
GRCh38_CMRG_55035	1006
GRCh38_CMRG_62112	1006
GRCh38_CMRG_64339	1006
GRCh38_CMRG_70289	1006
GRCh38_CMRG_7383	1006
GRCh38_CMRG_74130	1006
GRCh38_CMRG_74131	1006
GRCh38_CMRG_74335	1006
GRCh38_CMRG_75068	1006
GRCh38_CMRG_75596	1006
GRCh38_CMRG_7726	1006
GRCh38_CMRG_82936	1006
GRCh38_CMRG_10861	1005
GRCh38_CMRG_12030	1005
GRCh38_CMRG_12138	1005
GRCh38_CMRG_18334	1005
GRCh38_CMRG_18405	1005
GRCh38_CMRG_19927	1005
GRCh38_CMRG_21371	1005
GRCh38_CMRG_21801	1005
GRCh38_CMRG_24111	1005
GRCh38_CMRG_25736	1005
GRCh38_CMRG_25737	1005
GRCh38_CMRG_28083	1005
GRCh38_CMRG_33074	1005
GRCh38_CMRG_45448	1005
GRCh38_CMRG_45468	1005
GRCh38_CMRG_50488	1005
GRCh38_CMRG_52138	1005
GRCh38_CMRG_53261	1005
GRCh38_CMRG_54343	1005
GRCh38_CMRG_61041	1005
GRCh38_CMRG_62419	1005
GRCh38_CMRG_65832	1005
GRCh38_CMRG_65833	1005
GRCh38_CMRG_6636	1005
GRCh38_CMRG_6637	1005
GRCh38_CMRG_67387	1005
GRCh38_CMRG_69292	1005
GRCh38_CMRG_76945	1005
GRCh38_CMRG_84371	1005
GRCh38_CMRG_9026	1005
GRCh38_CMRG_9043	1005
GRCh38_CMRG_15285	1004
GRCh38_CMRG_1617	1004
GRCh38_CMRG_18285	1004
GRCh38_CMRG_18406	1004
GRCh38_CMRG_18944	1004
GRCh38_CMRG_24440	1004
GRCh38_CMRG_25350	1004
GRCh38_CMRG_25814	1004
GRCh38_CMRG_27879	1004
GRCh38_CMRG_27880	1004
GRCh38_CMRG_30679	1004
GRCh38_CMRG_30680	1004
GRCh38_CMRG_38565	1004
GRCh38_CMRG_40734	1004
GRCh38_CMRG_46524	1004
GRCh38_CMRG_49211	1004
GRCh38_CMRG_51190	1004
GRCh38_CMRG_51912	1004
GRCh38_CMRG_58530	1004
GRCh38_CMRG_5864	1004
GRCh38_CMRG_62302	1004
GRCh38_CMRG_62420	1004
GRCh38_CMRG_67272	1004
GRCh38_CMRG_67725	1004
GRCh38_CMRG_73358	1004
GRCh38_CMRG_74740	1004
GRCh38_CMRG_79400	1004
GRCh38_CMRG_81924	1004
GRCh38_CMRG_11540	1003
GRCh38_CMRG_11541	1003
GRCh38_CMRG_13303	1003
GRCh38_CMRG_17343	1003
GRCh38_CMRG_18637	1003
GRCh38_CMRG_2316	1003
GRCh38_CMRG_36374	1003
GRCh38_CMRG_38034	1003
GRCh38_CMRG_41456	1003
GRCh38_CMRG_44697	1003
GRCh38_CMRG_48721	1003
GRCh38_CMRG_49911	1003
GRCh38_CMRG_52098	1003
GRCh38_CMRG_52729	1003
GRCh38_CMRG_52730	1003
GRCh38_CMRG_54692	1003
GRCh38_CMRG_61163	1003
GRCh38_CMRG_61165	1003
GRCh38_CMRG_61166	1003
GRCh38_CMRG_62350	1003
GRCh38_CMRG_63927	1003
GRCh38_CMRG_68845	1003
GRCh38_CMRG_70513	1003
GRCh38_CMRG_71776	1003
GRCh38_CMRG_71777	1003
GRCh38_CMRG_72796	1003
GRCh38_CMRG_73420	1003
GRCh38_CMRG_80991	1003
GRCh38_CMRG_12939	1002
GRCh38_CMRG_19854	1002
GRCh38_CMRG_23269	1002
GRCh38_CMRG_29987	1002
GRCh38_CMRG_29988	1002
GRCh38_CMRG_31480	1002
GRCh38_CMRG_31748	1002
GRCh38_CMRG_32046	1002
GRCh38_CMRG_32289	1002
GRCh38_CMRG_37075	1002
GRCh38_CMRG_37980	1002
GRCh38_CMRG_39957	1002
GRCh38_CMRG_44957	1002
GRCh38_CMRG_45723	1002
GRCh38_CMRG_51407	1002
GRCh38_CMRG_59416	1002
GRCh38_CMRG_64529	1002
GRCh38_CMRG_64530	1002
GRCh38_CMRG_67364	1002
GRCh38_CMRG_71983	1002
GRCh38_CMRG_7393	1002
GRCh38_CMRG_7394	1002
GRCh38_CMRG_74906	1002
GRCh38_CMRG_74956	1002
GRCh38_CMRG_77341	1002
GRCh38_CMRG_79366	1002
GRCh38_CMRG_81714	1002
GRCh38_CMRG_8251	1002
GRCh38_CMRG_9592	1002
GRCh38_CMRG_13208	1001
GRCh38_CMRG_14367	1001
GRCh38_CMRG_14368	1001
GRCh38_CMRG_16996	1001
GRCh38_CMRG_24715	1001
GRCh38_CMRG_27931	1001
GRCh38_CMRG_32436	1001
GRCh38_CMRG_33612	1001
GRCh38_CMRG_37183	1001
GRCh38_CMRG_37272	1001
GRCh38_CMRG_38407	1001
GRCh38_CMRG_39270	1001
GRCh38_CMRG_39271	1001
GRCh38_CMRG_42126	1001
GRCh38_CMRG_44709	1001
GRCh38_CMRG_44862	1001
GRCh38_CMRG_52562	1001
GRCh38_CMRG_53859	1001
GRCh38_CMRG_55723	1001
GRCh38_CMRG_58131	1001
GRCh38_CMRG_59850	1001
GRCh38_CMRG_59851	1001
GRCh38_CMRG_61706	1001
GRCh38_CMRG_62169	1001
GRCh38_CMRG_6302	1001
GRCh38_CMRG_64370	1001
GRCh38_CMRG_64371	1001
GRCh38_CMRG_68641	1001
GRCh38_CMRG_69768	1001
GRCh38_CMRG_69769	1001
GRCh38_CMRG_70919	1001
GRCh38_CMRG_70920	1001
GRCh38_CMRG_74658	1001
GRCh38_CMRG_74659	1001
GRCh38_CMRG_75001	1001
GRCh38_CMRG_77262	1001
GRCh38_CMRG_79959	1001
GRCh38_CMRG_9764	1001
GRCh38_CMRG_10530	1000
GRCh38_CMRG_13887	1000
GRCh38_CMRG_17360	1000
GRCh38_CMRG_17451	1000
GRCh38_CMRG_18846	1000
GRCh38_CMRG_18879	1000
GRCh38_CMRG_18880	1000
GRCh38_CMRG_24058	1000
GRCh38_CMRG_29672	1000
GRCh38_CMRG_30898	1000
GRCh38_CMRG_30909	1000
GRCh38_CMRG_33341	1000
GRCh38_CMRG_33883	1000
GRCh38_CMRG_38189	1000
GRCh38_CMRG_39412	1000
GRCh38_CMRG_44880	1000
GRCh38_CMRG_44958	1000
GRCh38_CMRG_45974	1000
GRCh38_CMRG_47822	1000
GRCh38_CMRG_48319	1000
GRCh38_CMRG_49009	1000
GRCh38_CMRG_49622	1000
GRCh38_CMRG_61296	1000
GRCh38_CMRG_62365	1000
GRCh38_CMRG_62366	1000
GRCh38_CMRG_63926	1000
GRCh38_CMRG_64204	1000
GRCh38_CMRG_64205	1000
GRCh38_CMRG_64273	1000
GRCh38_CMRG_67023	1000
GRCh38_CMRG_67024	1000
GRCh38_CMRG_7138	1000
GRCh38_CMRG_77483	1000
GRCh38_CMRG_82127	1000
GRCh38_CMRG_82128	1000
GRCh38_CMRG_83706	1000
GRCh38_CMRG_13306	999
GRCh38_CMRG_13574	999
GRCh38_CMRG_17388	999
GRCh38_CMRG_18287	999
GRCh38_CMRG_21273	999
GRCh38_CMRG_25971	999
GRCh38_CMRG_25972	999
GRCh38_CMRG_25986	999
GRCh38_CMRG_30561	999
GRCh38_CMRG_32700	999
GRCh38_CMRG_34195	999
GRCh38_CMRG_36246	999
GRCh38_CMRG_43966	999
GRCh38_CMRG_44840	999
GRCh38_CMRG_53445	999
GRCh38_CMRG_55095	999
GRCh38_CMRG_55271	999
GRCh38_CMRG_6282	999
GRCh38_CMRG_6342	999
GRCh38_CMRG_64871	999
GRCh38_CMRG_73050	999
GRCh38_CMRG_76863	999
GRCh38_CMRG_79437	999
GRCh38_CMRG_80787	999
GRCh38_CMRG_8151	999
GRCh38_CMRG_81702	999
GRCh38_CMRG_18066	998
GRCh38_CMRG_28180	998
GRCh38_CMRG_28407	998
GRCh38_CMRG_32381	998
GRCh38_CMRG_32437	998
GRCh38_CMRG_38962	998
GRCh38_CMRG_40735	998
GRCh38_CMRG_41531	998
GRCh38_CMRG_46585	998
GRCh38_CMRG_46586	998
GRCh38_CMRG_49269	998
GRCh38_CMRG_55491	998
GRCh38_CMRG_55683	998
GRCh38_CMRG_55722	998
GRCh38_CMRG_60111	998
GRCh38_CMRG_60112	998
GRCh38_CMRG_61870	998
GRCh38_CMRG_6260	998
GRCh38_CMRG_70081	998
GRCh38_CMRG_70751	998
GRCh38_CMRG_72529	998
GRCh38_CMRG_74061	998
GRCh38_CMRG_74062	998
GRCh38_CMRG_81703	998
GRCh38_CMRG_84040	998
GRCh38_CMRG_10724	997
GRCh38_CMRG_14039	997
GRCh38_CMRG_23833	997
GRCh38_CMRG_25333	997
GRCh38_CMRG_25837	997
GRCh38_CMRG_33090	997
GRCh38_CMRG_33091	997
GRCh38_CMRG_45048	997
GRCh38_CMRG_47578	997
GRCh38_CMRG_51820	997
GRCh38_CMRG_5863	997
GRCh38_CMRG_58705	997
GRCh38_CMRG_61000	997
GRCh38_CMRG_68772	997
GRCh38_CMRG_68773	997
GRCh38_CMRG_7236	997
GRCh38_CMRG_73787	997
GRCh38_CMRG_76743	997
GRCh38_CMRG_7807	997
GRCh38_CMRG_79	997
GRCh38_CMRG_8046	997
GRCh38_CMRG_83291	997
GRCh38_CMRG_83978	997
GRCh38_CMRG_84057	997
GRCh38_CMRG_1207	996
GRCh38_CMRG_13423	996
GRCh38_CMRG_13780	996
GRCh38_CMRG_13939	996
GRCh38_CMRG_14095	996
GRCh38_CMRG_16462	996
GRCh38_CMRG_21293	996
GRCh38_CMRG_22793	996
GRCh38_CMRG_23618	996
GRCh38_CMRG_24714	996
GRCh38_CMRG_25812	996
GRCh38_CMRG_25813	996
GRCh38_CMRG_25916	996
GRCh38_CMRG_32886	996
GRCh38_CMRG_44658	996
GRCh38_CMRG_51008	996
GRCh38_CMRG_51009	996
GRCh38_CMRG_51584	996
GRCh38_CMRG_52064	996
GRCh38_CMRG_55806	996
GRCh38_CMRG_5798	996
GRCh38_CMRG_5799	996
GRCh38_CMRG_62377	996
GRCh38_CMRG_6245	996
GRCh38_CMRG_6246	996
GRCh38_CMRG_63238	996
GRCh38_CMRG_63239	996
GRCh38_CMRG_63482	996
GRCh38_CMRG_63931	996
GRCh38_CMRG_7806	996
GRCh38_CMRG_7903	996
GRCh38_CMRG_83290	996
GRCh38_CMRG_84277	996
GRCh38_CMRG_8618	996
GRCh38_CMRG_13193	995
GRCh38_CMRG_23430	995
GRCh38_CMRG_23431	995
GRCh38_CMRG_26092	995
GRCh38_CMRG_27031	995
GRCh38_CMRG_36366	995
GRCh38_CMRG_38396	995
GRCh38_CMRG_47212	995
GRCh38_CMRG_52335	995
GRCh38_CMRG_52499	995
GRCh38_CMRG_608	995
GRCh38_CMRG_61611	995
GRCh38_CMRG_61918	995
GRCh38_CMRG_63483	995
GRCh38_CMRG_64225	995
GRCh38_CMRG_70880	995
GRCh38_CMRG_71924	995
GRCh38_CMRG_73512	995
GRCh38_CMRG_75110	995
GRCh38_CMRG_77706	995
GRCh38_CMRG_77707	995
GRCh38_CMRG_80028	995
GRCh38_CMRG_80029	995
GRCh38_CMRG_83956	995
GRCh38_CMRG_8898	995
GRCh38_CMRG_11095	994
GRCh38_CMRG_13452	994
GRCh38_CMRG_16629	994
GRCh38_CMRG_1803	994
GRCh38_CMRG_23598	994
GRCh38_CMRG_26755	994
GRCh38_CMRG_26756	994
GRCh38_CMRG_34273	994
GRCh38_CMRG_38803	994
GRCh38_CMRG_40147	994
GRCh38_CMRG_41035	994
GRCh38_CMRG_44656	994
GRCh38_CMRG_44657	994
GRCh38_CMRG_47268	994
GRCh38_CMRG_47269	994
GRCh38_CMRG_48158	994
GRCh38_CMRG_48982	994
GRCh38_CMRG_49942	994
GRCh38_CMRG_62430	994
GRCh38_CMRG_62431	994
GRCh38_CMRG_64097	994
GRCh38_CMRG_64098	994
GRCh38_CMRG_68291	994
GRCh38_CMRG_70338	994
GRCh38_CMRG_72177	994
GRCh38_CMRG_73511	994
GRCh38_CMRG_76839	994
GRCh38_CMRG_79961	994
GRCh38_CMRG_81925	994
GRCh38_CMRG_16997	993
GRCh38_CMRG_17986	993
GRCh38_CMRG_19423	993
GRCh38_CMRG_33128	993
GRCh38_CMRG_34255	993
GRCh38_CMRG_38041	993
GRCh38_CMRG_38188	993
GRCh38_CMRG_39231	993
GRCh38_CMRG_41438	993
GRCh38_CMRG_44166	993
GRCh38_CMRG_48462	993
GRCh38_CMRG_49227	993
GRCh38_CMRG_55046	993
GRCh38_CMRG_55724	993
GRCh38_CMRG_59517	993
GRCh38_CMRG_61526	993
GRCh38_CMRG_62429	993
GRCh38_CMRG_63932	993
GRCh38_CMRG_65302	993
GRCh38_CMRG_65303	993
GRCh38_CMRG_67170	993
GRCh38_CMRG_6973	993
GRCh38_CMRG_6974	993
GRCh38_CMRG_72175	993
GRCh38_CMRG_72176	993
GRCh38_CMRG_74849	993
GRCh38_CMRG_77355	993
GRCh38_CMRG_26075	992
GRCh38_CMRG_26299	992
GRCh38_CMRG_31062	992
GRCh38_CMRG_31709	992
GRCh38_CMRG_31710	992
GRCh38_CMRG_49325	992
GRCh38_CMRG_49326	992
GRCh38_CMRG_54055	992
GRCh38_CMRG_54900	992
GRCh38_CMRG_60949	992
GRCh38_CMRG_73057	992
GRCh38_CMRG_8134	992
GRCh38_CMRG_8279	992
GRCh38_CMRG_8280	992
GRCh38_CMRG_83083	992
GRCh38_CMRG_9896	992
GRCh38_CMRG_12362	991
GRCh38_CMRG_14930	991
GRCh38_CMRG_2024	991
GRCh38_CMRG_24030	991
GRCh38_CMRG_26725	991
GRCh38_CMRG_27385	991
GRCh38_CMRG_32623	991
GRCh38_CMRG_32624	991
GRCh38_CMRG_37546	991
GRCh38_CMRG_44817	991
GRCh38_CMRG_44818	991
GRCh38_CMRG_45153	991
GRCh38_CMRG_45440	991
GRCh38_CMRG_46333	991
GRCh38_CMRG_47141	991
GRCh38_CMRG_49192	991
GRCh38_CMRG_50391	991
GRCh38_CMRG_55388	991
GRCh38_CMRG_58150	991
GRCh38_CMRG_60355	991
GRCh38_CMRG_6714	991
GRCh38_CMRG_73250	991
GRCh38_CMRG_73251	991
GRCh38_CMRG_77351	991
GRCh38_CMRG_77352	991
GRCh38_CMRG_83202	991
GRCh38_CMRG_9116	991
GRCh38_CMRG_9117	991
GRCh38_CMRG_9725	991
GRCh38_CMRG_12528	990
GRCh38_CMRG_12817	990
GRCh38_CMRG_13447	990
GRCh38_CMRG_13448	990
GRCh38_CMRG_15027	990
GRCh38_CMRG_19714	990
GRCh38_CMRG_21277	990
GRCh38_CMRG_21372	990
GRCh38_CMRG_22078	990
GRCh38_CMRG_22767	990
GRCh38_CMRG_26786	990
GRCh38_CMRG_2716	990
GRCh38_CMRG_37978	990
GRCh38_CMRG_41630	990
GRCh38_CMRG_49129	990
GRCh38_CMRG_50418	990
GRCh38_CMRG_50419	990
GRCh38_CMRG_50790	990
GRCh38_CMRG_51777	990
GRCh38_CMRG_52934	990
GRCh38_CMRG_52935	990
GRCh38_CMRG_60377	990
GRCh38_CMRG_63851	990
GRCh38_CMRG_64642	990
GRCh38_CMRG_65309	990
GRCh38_CMRG_72381	990
GRCh38_CMRG_72382	990
GRCh38_CMRG_73593	990
GRCh38_CMRG_79804	990
GRCh38_CMRG_8135	990
GRCh38_CMRG_83594	990
GRCh38_CMRG_13188	989
GRCh38_CMRG_13302	989
GRCh38_CMRG_17723	989
GRCh38_CMRG_21274	989
GRCh38_CMRG_21777	989
GRCh38_CMRG_23611	989
GRCh38_CMRG_23626	989
GRCh38_CMRG_27386	989
GRCh38_CMRG_37475	989
GRCh38_CMRG_37636	989
GRCh38_CMRG_39215	989
GRCh38_CMRG_39216	989
GRCh38_CMRG_42312	989
GRCh38_CMRG_42313	989
GRCh38_CMRG_44814	989
GRCh38_CMRG_51549	989
GRCh38_CMRG_54053	989
GRCh38_CMRG_58149	989
GRCh38_CMRG_58464	989
GRCh38_CMRG_59516	989
GRCh38_CMRG_60085	989
GRCh38_CMRG_63580	989
GRCh38_CMRG_6676	989
GRCh38_CMRG_6679	989
GRCh38_CMRG_701	989
GRCh38_CMRG_73531	989
GRCh38_CMRG_76862	989
GRCh38_CMRG_76914	989
GRCh38_CMRG_79388	989
GRCh38_CMRG_79559	989
GRCh38_CMRG_79560	989
GRCh38_CMRG_8133	989
GRCh38_CMRG_9593	989
GRCh38_CMRG_13111	988
GRCh38_CMRG_13189	988
GRCh38_CMRG_13449	988
GRCh38_CMRG_23083	988
GRCh38_CMRG_29221	988
GRCh38_CMRG_29798	988
GRCh38_CMRG_34049	988
GRCh38_CMRG_36926	988
GRCh38_CMRG_37651	988
GRCh38_CMRG_38402	988
GRCh38_CMRG_45824	988
GRCh38_CMRG_48017	988
GRCh38_CMRG_49492	988
GRCh38_CMRG_55743	988
GRCh38_CMRG_58256	988
GRCh38_CMRG_63465	988
GRCh38_CMRG_64128	988
GRCh38_CMRG_64129	988
GRCh38_CMRG_64252	988
GRCh38_CMRG_68412	988
GRCh38_CMRG_74010	988
GRCh38_CMRG_7496	988
GRCh38_CMRG_77573	988
GRCh38_CMRG_83371	988
GRCh38_CMRG_83641	988
GRCh38_CMRG_9142	988
GRCh38_CMRG_11892	987
GRCh38_CMRG_13425	987
GRCh38_CMRG_16755	987
GRCh38_CMRG_19337	987
GRCh38_CMRG_23623	987
GRCh38_CMRG_24025	987
GRCh38_CMRG_25235	987
GRCh38_CMRG_28549	987
GRCh38_CMRG_37544	987
GRCh38_CMRG_39558	987
GRCh38_CMRG_39935	987
GRCh38_CMRG_44809	987
GRCh38_CMRG_45397	987
GRCh38_CMRG_45398	987
GRCh38_CMRG_46235	987
GRCh38_CMRG_46236	987
GRCh38_CMRG_49128	987
GRCh38_CMRG_53370	987
GRCh38_CMRG_59970	987
GRCh38_CMRG_65921	987
GRCh38_CMRG_67961	987
GRCh38_CMRG_69542	987
GRCh38_CMRG_69543	987
GRCh38_CMRG_71789	987
GRCh38_CMRG_72613	987
GRCh38_CMRG_73804	987
GRCh38_CMRG_73805	987
GRCh38_CMRG_80019	987
GRCh38_CMRG_83197	987
GRCh38_CMRG_83919	987
GRCh38_CMRG_11728	986
GRCh38_CMRG_14736	986
GRCh38_CMRG_14737	986
GRCh38_CMRG_15326	986
GRCh38_CMRG_20014	986
GRCh38_CMRG_20015	986
GRCh38_CMRG_21161	986
GRCh38_CMRG_2280	986
GRCh38_CMRG_26267	986
GRCh38_CMRG_28411	986
GRCh38_CMRG_38798	986
GRCh38_CMRG_42059	986
GRCh38_CMRG_48983	986
GRCh38_CMRG_49437	986
GRCh38_CMRG_55300	986
GRCh38_CMRG_60885	986
GRCh38_CMRG_64566	986
GRCh38_CMRG_65300	986
GRCh38_CMRG_73380	986
GRCh38_CMRG_7442	986
GRCh38_CMRG_75613	986
GRCh38_CMRG_79225	986
GRCh38_CMRG_84487	986
GRCh38_CMRG_10585	985
GRCh38_CMRG_13450	985
GRCh38_CMRG_13601	985
GRCh38_CMRG_14075	985
GRCh38_CMRG_23627	985
GRCh38_CMRG_28781	985
GRCh38_CMRG_32885	985
GRCh38_CMRG_41710	985
GRCh38_CMRG_42148	985
GRCh38_CMRG_45399	985
GRCh38_CMRG_46990	985
GRCh38_CMRG_58365	985
GRCh38_CMRG_62120	985
GRCh38_CMRG_64978	985
GRCh38_CMRG_70515	985
GRCh38_CMRG_73208	985
GRCh38_CMRG_73209	985
GRCh38_CMRG_75166	985
GRCh38_CMRG_82141	985
GRCh38_CMRG_83976	985
GRCh38_CMRG_16643	984
GRCh38_CMRG_18181	984
GRCh38_CMRG_18182	984
GRCh38_CMRG_22818	984
GRCh38_CMRG_23620	984
GRCh38_CMRG_24871	984
GRCh38_CMRG_29227	984
GRCh38_CMRG_39290	984
GRCh38_CMRG_41711	984
GRCh38_CMRG_48155	984
GRCh38_CMRG_59137	984
GRCh38_CMRG_59969	984
GRCh38_CMRG_61213	984
GRCh38_CMRG_61877	984
GRCh38_CMRG_75655	984
GRCh38_CMRG_79482	984
GRCh38_CMRG_79498	984
GRCh38_CMRG_79499	984
GRCh38_CMRG_81613	984
GRCh38_CMRG_9099	984
GRCh38_CMRG_9412	984
GRCh38_CMRG_1149	983
GRCh38_CMRG_1150	983
GRCh38_CMRG_1237	983
GRCh38_CMRG_1660	983
GRCh38_CMRG_18709	983
GRCh38_CMRG_21253	983
GRCh38_CMRG_21254	983
GRCh38_CMRG_29296	983
GRCh38_CMRG_33945	983
GRCh38_CMRG_44741	983
GRCh38_CMRG_45456	983
GRCh38_CMRG_45457	983
GRCh38_CMRG_50021	983
GRCh38_CMRG_50023	983
GRCh38_CMRG_51177	983
GRCh38_CMRG_63684	983
GRCh38_CMRG_65384	983
GRCh38_CMRG_65385	983
GRCh38_CMRG_7288	983
GRCh38_CMRG_73367	983
GRCh38_CMRG_73727	983
GRCh38_CMRG_84445	983
GRCh38_CMRG_9398	983
GRCh38_CMRG_10565	982
GRCh38_CMRG_13793	982
GRCh38_CMRG_26657	982
GRCh38_CMRG_28412	982
GRCh38_CMRG_31272	982
GRCh38_CMRG_31273	982
GRCh38_CMRG_33399	982
GRCh38_CMRG_33400	982
GRCh38_CMRG_37342	982
GRCh38_CMRG_37343	982
GRCh38_CMRG_38461	982
GRCh38_CMRG_38462	982
GRCh38_CMRG_44879	982
GRCh38_CMRG_49490	982
GRCh38_CMRG_54979	982
GRCh38_CMRG_59777	982
GRCh38_CMRG_63933	982
GRCh38_CMRG_683	982
GRCh38_CMRG_69610	982
GRCh38_CMRG_700	982
GRCh38_CMRG_75276	982
GRCh38_CMRG_79780	982
GRCh38_CMRG_82865	982
GRCh38_CMRG_11609	981
GRCh38_CMRG_11610	981
GRCh38_CMRG_1236	981
GRCh38_CMRG_13028	981
GRCh38_CMRG_13206	981
GRCh38_CMRG_16463	981
GRCh38_CMRG_21946	981
GRCh38_CMRG_23582	981
GRCh38_CMRG_24948	981
GRCh38_CMRG_2717	981
GRCh38_CMRG_28053	981
GRCh38_CMRG_29226	981
GRCh38_CMRG_34248	981
GRCh38_CMRG_38401	981
GRCh38_CMRG_39580	981
GRCh38_CMRG_40560	981
GRCh38_CMRG_44024	981
GRCh38_CMRG_45852	981
GRCh38_CMRG_50906	981
GRCh38_CMRG_54241	981
GRCh38_CMRG_55331	981
GRCh38_CMRG_55523	981
GRCh38_CMRG_60078	981
GRCh38_CMRG_61751	981
GRCh38_CMRG_62492	981
GRCh38_CMRG_65198	981
GRCh38_CMRG_682	981
GRCh38_CMRG_68568	981
GRCh38_CMRG_70847	981
GRCh38_CMRG_77430	981
GRCh38_CMRG_82120	981
GRCh38_CMRG_11612	980
GRCh38_CMRG_12786	980
GRCh38_CMRG_19350	980
GRCh38_CMRG_23617	980
GRCh38_CMRG_27289	980
GRCh38_CMRG_29718	980
GRCh38_CMRG_30836	980
GRCh38_CMRG_30838	980
GRCh38_CMRG_34247	980
GRCh38_CMRG_35957	980
GRCh38_CMRG_38717	980
GRCh38_CMRG_45122	980
GRCh38_CMRG_49191	980
GRCh38_CMRG_54335	980
GRCh38_CMRG_55395	980
GRCh38_CMRG_62622	980
GRCh38_CMRG_64250	980
GRCh38_CMRG_64251	980
GRCh38_CMRG_64705	980
GRCh38_CMRG_68484	980
GRCh38_CMRG_68485	980
GRCh38_CMRG_68569	980
GRCh38_CMRG_70035	980
GRCh38_CMRG_70180	980
GRCh38_CMRG_70314	980
GRCh38_CMRG_70315	980
GRCh38_CMRG_72336	980
GRCh38_CMRG_73198	980
GRCh38_CMRG_7603	980
GRCh38_CMRG_77241	980
GRCh38_CMRG_12284	979
GRCh38_CMRG_13578	979
GRCh38_CMRG_15112	979
GRCh38_CMRG_18288	979
GRCh38_CMRG_18624	979
GRCh38_CMRG_26787	979
GRCh38_CMRG_27884	979
GRCh38_CMRG_36962	979
GRCh38_CMRG_37002	979
GRCh38_CMRG_40792	979
GRCh38_CMRG_41759	979
GRCh38_CMRG_52302	979
GRCh38_CMRG_52933	979
GRCh38_CMRG_63999	979
GRCh38_CMRG_6597	979
GRCh38_CMRG_69327	979
GRCh38_CMRG_83042	979
GRCh38_CMRG_11123	978
GRCh38_CMRG_15062	978
GRCh38_CMRG_15111	978
GRCh38_CMRG_1597	978
GRCh38_CMRG_1598	978
GRCh38_CMRG_22965	978
GRCh38_CMRG_23592	978
GRCh38_CMRG_24143	978
GRCh38_CMRG_34229	978
GRCh38_CMRG_36477	978
GRCh38_CMRG_36478	978
GRCh38_CMRG_38426	978
GRCh38_CMRG_43697	978
GRCh38_CMRG_45779	978
GRCh38_CMRG_45780	978
GRCh38_CMRG_49202	978
GRCh38_CMRG_50895	978
GRCh38_CMRG_6043	978
GRCh38_CMRG_64184	978
GRCh38_CMRG_64185	978
GRCh38_CMRG_72981	978
GRCh38_CMRG_73343	978
GRCh38_CMRG_74805	978
GRCh38_CMRG_75483	978
GRCh38_CMRG_795	978
GRCh38_CMRG_83793	978
GRCh38_CMRG_11450	977
GRCh38_CMRG_12804	977
GRCh38_CMRG_12840	977
GRCh38_CMRG_13573	977
GRCh38_CMRG_141	977
GRCh38_CMRG_15146	977
GRCh38_CMRG_15147	977
GRCh38_CMRG_19683	977
GRCh38_CMRG_21467	977
GRCh38_CMRG_22486	977
GRCh38_CMRG_23605	977
GRCh38_CMRG_26924	977
GRCh38_CMRG_34065	977
GRCh38_CMRG_36195	977
GRCh38_CMRG_37820	977
GRCh38_CMRG_38425	977
GRCh38_CMRG_38489	977
GRCh38_CMRG_48316	977
GRCh38_CMRG_51319	977
GRCh38_CMRG_53446	977
GRCh38_CMRG_53977	977
GRCh38_CMRG_58681	977
GRCh38_CMRG_59136	977
GRCh38_CMRG_59906	977
GRCh38_CMRG_60166	977
GRCh38_CMRG_60386	977
GRCh38_CMRG_67595	977
GRCh38_CMRG_83157	977
GRCh38_CMRG_83695	977
GRCh38_CMRG_9512	977
GRCh38_CMRG_11320	976
GRCh38_CMRG_19841	976
GRCh38_CMRG_24733	976
GRCh38_CMRG_24734	976
GRCh38_CMRG_26933	976
GRCh38_CMRG_27133	976
GRCh38_CMRG_30782	976
GRCh38_CMRG_31205	976
GRCh38_CMRG_32127	976
GRCh38_CMRG_32128	976
GRCh38_CMRG_32129	976
GRCh38_CMRG_40887	976
GRCh38_CMRG_48660	976
GRCh38_CMRG_60569	976
GRCh38_CMRG_63248	976
GRCh38_CMRG_67686	976
GRCh38_CMRG_67699	976
GRCh38_CMRG_68441	976
GRCh38_CMRG_69463	976
GRCh38_CMRG_72982	976
GRCh38_CMRG_74908	976
GRCh38_CMRG_74933	976
GRCh38_CMRG_77570	976
GRCh38_CMRG_83057	976
GRCh38_CMRG_9568	976
GRCh38_CMRG_13820	975
GRCh38_CMRG_2329	975
GRCh38_CMRG_31193	975
GRCh38_CMRG_32190	975
GRCh38_CMRG_32644	975
GRCh38_CMRG_33869	975
GRCh38_CMRG_44016	975
GRCh38_CMRG_48156	975
GRCh38_CMRG_49274	975
GRCh38_CMRG_59420	975
GRCh38_CMRG_59421	975
GRCh38_CMRG_62435	975
GRCh38_CMRG_63667	975
GRCh38_CMRG_67688	975
GRCh38_CMRG_68832	975
GRCh38_CMRG_69033	975
GRCh38_CMRG_72579	975
GRCh38_CMRG_77566	975
GRCh38_CMRG_77567	975
GRCh38_CMRG_82910	975
GRCh38_CMRG_83541	975
GRCh38_CMRG_11225	974
GRCh38_CMRG_17988	974
GRCh38_CMRG_23902	974
GRCh38_CMRG_39279	974
GRCh38_CMRG_39280	974
GRCh38_CMRG_45486	974
GRCh38_CMRG_49812	974
GRCh38_CMRG_53545	974
GRCh38_CMRG_53547	974
GRCh38_CMRG_53678	974
GRCh38_CMRG_66145	974
GRCh38_CMRG_68706	974
GRCh38_CMRG_70095	974
GRCh38_CMRG_70096	974
GRCh38_CMRG_71654	974
GRCh38_CMRG_75041	974
GRCh38_CMRG_75615	974
GRCh38_CMRG_9054	974
GRCh38_CMRG_1032	973
GRCh38_CMRG_19926	973
GRCh38_CMRG_22822	973
GRCh38_CMRG_24114	973
GRCh38_CMRG_28059	973
GRCh38_CMRG_28541	973
GRCh38_CMRG_30732	973
GRCh38_CMRG_32619	973
GRCh38_CMRG_43599	973
GRCh38_CMRG_45176	973
GRCh38_CMRG_47857	973
GRCh38_CMRG_53677	973
GRCh38_CMRG_53737	973
GRCh38_CMRG_53754	973
GRCh38_CMRG_63252	973
GRCh38_CMRG_63454	973
GRCh38_CMRG_63455	973
GRCh38_CMRG_6937	973
GRCh38_CMRG_69464	973
GRCh38_CMRG_72530	973
GRCh38_CMRG_7278	973
GRCh38_CMRG_73295	973
GRCh38_CMRG_73296	973
GRCh38_CMRG_75504	973
GRCh38_CMRG_75652	973
GRCh38_CMRG_76767	973
GRCh38_CMRG_82051	973
GRCh38_CMRG_83218	973
GRCh38_CMRG_83869	973
GRCh38_CMRG_138	972
GRCh38_CMRG_14453	972
GRCh38_CMRG_1507	972
GRCh38_CMRG_1508	972
GRCh38_CMRG_1560	972
GRCh38_CMRG_18980	972
GRCh38_CMRG_23391	972
GRCh38_CMRG_24466	972
GRCh38_CMRG_28483	972
GRCh38_CMRG_28484	972
GRCh38_CMRG_33143	972
GRCh38_CMRG_33868	972
GRCh38_CMRG_34069	972
GRCh38_CMRG_38685	972
GRCh38_CMRG_38686	972
GRCh38_CMRG_39882	972
GRCh38_CMRG_41609	972
GRCh38_CMRG_41610	972
GRCh38_CMRG_47841	972
GRCh38_CMRG_50599	972
GRCh38_CMRG_50600	972
GRCh38_CMRG_52560	972
GRCh38_CMRG_53810	972
GRCh38_CMRG_62286	972
GRCh38_CMRG_6584	972
GRCh38_CMRG_67399	972
GRCh38_CMRG_67400	972
GRCh38_CMRG_67	972
GRCh38_CMRG_68124	972
GRCh38_CMRG_68125	972
GRCh38_CMRG_72165	972
GRCh38_CMRG_73811	972
GRCh38_CMRG_73902	972
GRCh38_CMRG_73903	972
GRCh38_CMRG_83258	972
GRCh38_CMRG_12143	971
GRCh38_CMRG_14150	971
GRCh38_CMRG_15055	971
GRCh38_CMRG_15442	971
GRCh38_CMRG_17077	971
GRCh38_CMRG_18222	971
GRCh38_CMRG_23601	971
GRCh38_CMRG_24467	971
GRCh38_CMRG_27725	971
GRCh38_CMRG_31097	971
GRCh38_CMRG_31504	971
GRCh38_CMRG_38492	971
GRCh38_CMRG_40685	971
GRCh38_CMRG_41801	971
GRCh38_CMRG_42494	971
GRCh38_CMRG_44417	971
GRCh38_CMRG_44875	971
GRCh38_CMRG_45485	971
GRCh38_CMRG_49637	971
GRCh38_CMRG_49638	971
GRCh38_CMRG_49667	971
GRCh38_CMRG_50882	971
GRCh38_CMRG_50883	971
GRCh38_CMRG_53948	971
GRCh38_CMRG_59984	971
GRCh38_CMRG_63312	971
GRCh38_CMRG_69455	971
GRCh38_CMRG_69456	971
GRCh38_CMRG_81662	971
GRCh38_CMRG_83711	971
GRCh38_CMRG_83897	971
GRCh38_CMRG_83959	971
GRCh38_CMRG_1436	970
GRCh38_CMRG_22931	970
GRCh38_CMRG_23897	970
GRCh38_CMRG_24113	970
GRCh38_CMRG_29731	970
GRCh38_CMRG_31715	970
GRCh38_CMRG_34067	970
GRCh38_CMRG_37632	970
GRCh38_CMRG_38739	970
GRCh38_CMRG_38740	970
GRCh38_CMRG_38741	970
GRCh38_CMRG_41394	970
GRCh38_CMRG_41395	970
GRCh38_CMRG_41533	970
GRCh38_CMRG_463	970
GRCh38_CMRG_46472	970
GRCh38_CMRG_53579	970
GRCh38_CMRG_53809	970
GRCh38_CMRG_53870	970
GRCh38_CMRG_53871	970
GRCh38_CMRG_58663	970
GRCh38_CMRG_60821	970
GRCh38_CMRG_63354	970
GRCh38_CMRG_64777	970
GRCh38_CMRG_70407	970
GRCh38_CMRG_70408	970
GRCh38_CMRG_72501	970
GRCh38_CMRG_74787	970
GRCh38_CMRG_75196	970
GRCh38_CMRG_7910	970
GRCh38_CMRG_83384	970
GRCh38_CMRG_16933	969
GRCh38_CMRG_17400	969
GRCh38_CMRG_17401	969
GRCh38_CMRG_22858	969
GRCh38_CMRG_28103	969
GRCh38_CMRG_28165	969
GRCh38_CMRG_38550	969
GRCh38_CMRG_38551	969
GRCh38_CMRG_41597	969
GRCh38_CMRG_43973	969
GRCh38_CMRG_58981	969
GRCh38_CMRG_60562	969
GRCh38_CMRG_6340	969
GRCh38_CMRG_64743	969
GRCh38_CMRG_68655	969
GRCh38_CMRG_72757	969
GRCh38_CMRG_73861	969
GRCh38_CMRG_73862	969
GRCh38_CMRG_79530	969
GRCh38_CMRG_79531	969
GRCh38_CMRG_81582	969
GRCh38_CMRG_1208	968
GRCh38_CMRG_14599	968
GRCh38_CMRG_21986	968
GRCh38_CMRG_21987	968
GRCh38_CMRG_22020	968
GRCh38_CMRG_22990	968
GRCh38_CMRG_23030	968
GRCh38_CMRG_23704	968
GRCh38_CMRG_25264	968
GRCh38_CMRG_25995	968
GRCh38_CMRG_32626	968
GRCh38_CMRG_36140	968
GRCh38_CMRG_36372	968
GRCh38_CMRG_37631	968
GRCh38_CMRG_38080	968
GRCh38_CMRG_38081	968
GRCh38_CMRG_46989	968
GRCh38_CMRG_50968	968
GRCh38_CMRG_54508	968
GRCh38_CMRG_67015	968
GRCh38_CMRG_68640	968
GRCh38_CMRG_72811	968
GRCh38_CMRG_72852	968
GRCh38_CMRG_73207	968
GRCh38_CMRG_73871	968
GRCh38_CMRG_73872	968
GRCh38_CMRG_75239	968
GRCh38_CMRG_75372	968
GRCh38_CMRG_81026	968
GRCh38_CMRG_81027	968
GRCh38_CMRG_81981	968
GRCh38_CMRG_8533	968
GRCh38_CMRG_14607	967
GRCh38_CMRG_16635	967
GRCh38_CMRG_21222	967
GRCh38_CMRG_21223	967
GRCh38_CMRG_2224	967
GRCh38_CMRG_23839	967
GRCh38_CMRG_28413	967
GRCh38_CMRG_30562	967
GRCh38_CMRG_33122	967
GRCh38_CMRG_37933	967
GRCh38_CMRG_46101	967
GRCh38_CMRG_46102	967
GRCh38_CMRG_49188	967
GRCh38_CMRG_55323	967
GRCh38_CMRG_58157	967
GRCh38_CMRG_62633	967
GRCh38_CMRG_63353	967
GRCh38_CMRG_65736	967
GRCh38_CMRG_65737	967
GRCh38_CMRG_65915	967
GRCh38_CMRG_69072	967
GRCh38_CMRG_70350	967
GRCh38_CMRG_71149	967
GRCh38_CMRG_79967	967
GRCh38_CMRG_84309	967
GRCh38_CMRG_13271	966
GRCh38_CMRG_13272	966
GRCh38_CMRG_13604	966
GRCh38_CMRG_19942	966
GRCh38_CMRG_24076	966
GRCh38_CMRG_27836	966
GRCh38_CMRG_29114	966
GRCh38_CMRG_32208	966
GRCh38_CMRG_33123	966
GRCh38_CMRG_39899	966
GRCh38_CMRG_41562	966
GRCh38_CMRG_44550	966
GRCh38_CMRG_45080	966
GRCh38_CMRG_47302	966
GRCh38_CMRG_49105	966
GRCh38_CMRG_60389	966
GRCh38_CMRG_64059	966
GRCh38_CMRG_75651	966
GRCh38_CMRG_7649	966
GRCh38_CMRG_7723	966
GRCh38_CMRG_77240	966
GRCh38_CMRG_81929	966
GRCh38_CMRG_9690	966
GRCh38_CMRG_12580	965
GRCh38_CMRG_13402	965
GRCh38_CMRG_14784	965
GRCh38_CMRG_18185	965
GRCh38_CMRG_25957	965
GRCh38_CMRG_27201	965
GRCh38_CMRG_31321	965
GRCh38_CMRG_31935	965
GRCh38_CMRG_36295	965
GRCh38_CMRG_40850	965
GRCh38_CMRG_44945	965
GRCh38_CMRG_44946	965
GRCh38_CMRG_46771	965
GRCh38_CMRG_48811	965
GRCh38_CMRG_51934	965
GRCh38_CMRG_54008	965
GRCh38_CMRG_55517	965
GRCh38_CMRG_5987	965
GRCh38_CMRG_5988	965
GRCh38_CMRG_59907	965
GRCh38_CMRG_62208	965
GRCh38_CMRG_63425	965
GRCh38_CMRG_63993	965
GRCh38_CMRG_74968	965
GRCh38_CMRG_79724	965
GRCh38_CMRG_81725	965
GRCh38_CMRG_9044	965
GRCh38_CMRG_9088	965
GRCh38_CMRG_13755	964
GRCh38_CMRG_14191	964
GRCh38_CMRG_22045	964
GRCh38_CMRG_22046	964
GRCh38_CMRG_22930	964
GRCh38_CMRG_26635	964
GRCh38_CMRG_36445	964
GRCh38_CMRG_45354	964
GRCh38_CMRG_50032	964
GRCh38_CMRG_50033	964
GRCh38_CMRG_62623	964
GRCh38_CMRG_6886	964
GRCh38_CMRG_69965	964
GRCh38_CMRG_73913	964
GRCh38_CMRG_79841	964
GRCh38_CMRG_79842	964
GRCh38_CMRG_8047	964
GRCh38_CMRG_9089	964
GRCh38_CMRG_9174	964
GRCh38_CMRG_9175	964
GRCh38_CMRG_14675	963
GRCh38_CMRG_20838	963
GRCh38_CMRG_20839	963
GRCh38_CMRG_23845	963
GRCh38_CMRG_24112	963
GRCh38_CMRG_24427	963
GRCh38_CMRG_24428	963
GRCh38_CMRG_2474	963
GRCh38_CMRG_32681	963
GRCh38_CMRG_38542	963
GRCh38_CMRG_44600	963
GRCh38_CMRG_46071	963
GRCh38_CMRG_50987	963
GRCh38_CMRG_51055	963
GRCh38_CMRG_51330	963
GRCh38_CMRG_53452	963
GRCh38_CMRG_53453	963
GRCh38_CMRG_59466	963
GRCh38_CMRG_59467	963
GRCh38_CMRG_60121	963
GRCh38_CMRG_64379	963
GRCh38_CMRG_75091	963
GRCh38_CMRG_77377	963
GRCh38_CMRG_79358	963
GRCh38_CMRG_79807	963
GRCh38_CMRG_79808	963
GRCh38_CMRG_82076	963
GRCh38_CMRG_12258	962
GRCh38_CMRG_16625	962
GRCh38_CMRG_17406	962
GRCh38_CMRG_17407	962
GRCh38_CMRG_17441	962
GRCh38_CMRG_2032	962
GRCh38_CMRG_21112	962
GRCh38_CMRG_23610	962
GRCh38_CMRG_26752	962
GRCh38_CMRG_29730	962
GRCh38_CMRG_30634	962
GRCh38_CMRG_33939	962
GRCh38_CMRG_43793	962
GRCh38_CMRG_44243	962
GRCh38_CMRG_46141	962
GRCh38_CMRG_46142	962
GRCh38_CMRG_51329	962
GRCh38_CMRG_54736	962
GRCh38_CMRG_58387	962
GRCh38_CMRG_64541	962
GRCh38_CMRG_64758	962
GRCh38_CMRG_65388	962
GRCh38_CMRG_66001	962
GRCh38_CMRG_67340	962
GRCh38_CMRG_68015	962
GRCh38_CMRG_71705	962
GRCh38_CMRG_7333	962
GRCh38_CMRG_7652	962
GRCh38_CMRG_79357	962
GRCh38_CMRG_83231	962
GRCh38_CMRG_83322	962
GRCh38_CMRG_1577	961
GRCh38_CMRG_16639	961
GRCh38_CMRG_16937	961
GRCh38_CMRG_17328	961
GRCh38_CMRG_18172	961
GRCh38_CMRG_22101	961
GRCh38_CMRG_23703	961
GRCh38_CMRG_25061	961
GRCh38_CMRG_25062	961
GRCh38_CMRG_2807	961
GRCh38_CMRG_29115	961
GRCh38_CMRG_33505	961
GRCh38_CMRG_44242	961
GRCh38_CMRG_46272	961
GRCh38_CMRG_49814	961
GRCh38_CMRG_52501	961
GRCh38_CMRG_52636	961
GRCh38_CMRG_55049	961
GRCh38_CMRG_58388	961
GRCh38_CMRG_58789	961
GRCh38_CMRG_59596	961
GRCh38_CMRG_59711	961
GRCh38_CMRG_60293	961
GRCh38_CMRG_6599	961
GRCh38_CMRG_6664	961
GRCh38_CMRG_693	961
GRCh38_CMRG_694	961
GRCh38_CMRG_71706	961
GRCh38_CMRG_74438	961
GRCh38_CMRG_81732	961
GRCh38_CMRG_8794	961
GRCh38_CMRG_15025	960
GRCh38_CMRG_2041	960
GRCh38_CMRG_22066	960
GRCh38_CMRG_26017	960
GRCh38_CMRG_26714	960
GRCh38_CMRG_26715	960
GRCh38_CMRG_32311	960
GRCh38_CMRG_32620	960
GRCh38_CMRG_39220	960
GRCh38_CMRG_39749	960
GRCh38_CMRG_42175	960
GRCh38_CMRG_48430	960
GRCh38_CMRG_5829	960
GRCh38_CMRG_62532	960
GRCh38_CMRG_64083	960
GRCh38_CMRG_68155	960
GRCh38_CMRG_68977	960
GRCh38_CMRG_73147	960
GRCh38_CMRG_74369	960
GRCh38_CMRG_75616	960
GRCh38_CMRG_7650	960
GRCh38_CMRG_76873	960
GRCh38_CMRG_79244	960
GRCh38_CMRG_80968	960
GRCh38_CMRG_17998	959
GRCh38_CMRG_23622	959
GRCh38_CMRG_24542	959
GRCh38_CMRG_34353	959
GRCh38_CMRG_39606	959
GRCh38_CMRG_44739	959
GRCh38_CMRG_49532	959
GRCh38_CMRG_49534	959
GRCh38_CMRG_51490	959
GRCh38_CMRG_52500	959
GRCh38_CMRG_64079	959
GRCh38_CMRG_75026	959
GRCh38_CMRG_83009	959
GRCh38_CMRG_11678	958
GRCh38_CMRG_14690	958
GRCh38_CMRG_16554	958
GRCh38_CMRG_18227	958
GRCh38_CMRG_18793	958
GRCh38_CMRG_21419	958
GRCh38_CMRG_27933	958
GRCh38_CMRG_29117	958
GRCh38_CMRG_32157	958
GRCh38_CMRG_33522	958
GRCh38_CMRG_33523	958
GRCh38_CMRG_410	958
GRCh38_CMRG_43880	958
GRCh38_CMRG_51838	958
GRCh38_CMRG_52330	958
GRCh38_CMRG_55144	958
GRCh38_CMRG_58634	958
GRCh38_CMRG_64200	958
GRCh38_CMRG_64547	958
GRCh38_CMRG_68638	958
GRCh38_CMRG_68639	958
GRCh38_CMRG_69914	958
GRCh38_CMRG_73047	958
GRCh38_CMRG_74461	958
GRCh38_CMRG_75471	958
GRCh38_CMRG_75472	958
GRCh38_CMRG_77382	958
GRCh38_CMRG_81389	958
GRCh38_CMRG_84368	958
GRCh38_CMRG_13343	957
GRCh38_CMRG_13344	957
GRCh38_CMRG_21087	957
GRCh38_CMRG_30042	957
GRCh38_CMRG_30942	957
GRCh38_CMRG_33898	957
GRCh38_CMRG_37903	957
GRCh38_CMRG_50171	957
GRCh38_CMRG_50648	957
GRCh38_CMRG_51070	957
GRCh38_CMRG_51489	957
GRCh38_CMRG_51774	957
GRCh38_CMRG_54583	957
GRCh38_CMRG_58229	957
GRCh38_CMRG_58918	957
GRCh38_CMRG_60537	957
GRCh38_CMRG_65199	957
GRCh38_CMRG_71139	957
GRCh38_CMRG_7153	957
GRCh38_CMRG_73091	957
GRCh38_CMRG_7638	957
GRCh38_CMRG_77363	957
GRCh38_CMRG_84406	957
GRCh38_CMRG_13648	956
GRCh38_CMRG_1607	956
GRCh38_CMRG_17116	956
GRCh38_CMRG_18692	956
GRCh38_CMRG_19252	956
GRCh38_CMRG_23145	956
GRCh38_CMRG_23146	956
GRCh38_CMRG_25019	956
GRCh38_CMRG_28861	956
GRCh38_CMRG_28862	956
GRCh38_CMRG_40585	956
GRCh38_CMRG_41974	956
GRCh38_CMRG_50173	956
GRCh38_CMRG_50388	956
GRCh38_CMRG_5825	956
GRCh38_CMRG_64861	956
GRCh38_CMRG_72006	956
GRCh38_CMRG_77201	956
GRCh38_CMRG_81297	956
GRCh38_CMRG_8285	956
GRCh38_CMRG_1251	955
GRCh38_CMRG_17733	955
GRCh38_CMRG_23593	955
GRCh38_CMRG_25038	955
GRCh38_CMRG_35948	955
GRCh38_CMRG_37904	955
GRCh38_CMRG_37907	955
GRCh38_CMRG_44151	955
GRCh38_CMRG_45029	955
GRCh38_CMRG_47231	955
GRCh38_CMRG_50881	955
GRCh38_CMRG_52378	955
GRCh38_CMRG_54899	955
GRCh38_CMRG_60499	955
GRCh38_CMRG_67786	955
GRCh38_CMRG_73279	955
GRCh38_CMRG_7792	955
GRCh38_CMRG_79809	955
GRCh38_CMRG_83900	955
GRCh38_CMRG_84024	955
GRCh38_CMRG_84053	955
GRCh38_CMRG_11071	954
GRCh38_CMRG_15611	954
GRCh38_CMRG_15612	954
GRCh38_CMRG_22114	954
GRCh38_CMRG_23607	954
GRCh38_CMRG_27087	954
GRCh38_CMRG_27292	954
GRCh38_CMRG_33394	954
GRCh38_CMRG_35717	954
GRCh38_CMRG_37168	954
GRCh38_CMRG_430	954
GRCh38_CMRG_45237	954
GRCh38_CMRG_45896	954
GRCh38_CMRG_48023	954
GRCh38_CMRG_49505	954
GRCh38_CMRG_54735	954
GRCh38_CMRG_59265	954
GRCh38_CMRG_59911	954
GRCh38_CMRG_62300	954
GRCh38_CMRG_62457	954
GRCh38_CMRG_74159	954
GRCh38_CMRG_74160	954
GRCh38_CMRG_74578	954
GRCh38_CMRG_75341	954
GRCh38_CMRG_7951	954
GRCh38_CMRG_81292	954
GRCh38_CMRG_81926	954
GRCh38_CMRG_17909	953
GRCh38_CMRG_18787	953
GRCh38_CMRG_24185	953
GRCh38_CMRG_24682	953
GRCh38_CMRG_2567	953
GRCh38_CMRG_2568	953
GRCh38_CMRG_25810	953
GRCh38_CMRG_27293	953
GRCh38_CMRG_31467	953
GRCh38_CMRG_37826	953
GRCh38_CMRG_38956	953
GRCh38_CMRG_41033	953
GRCh38_CMRG_45109	953
GRCh38_CMRG_45212	953
GRCh38_CMRG_51839	953
GRCh38_CMRG_58716	953
GRCh38_CMRG_64170	953
GRCh38_CMRG_6723	953
GRCh38_CMRG_70497	953
GRCh38_CMRG_71360	953
GRCh38_CMRG_72478	953
GRCh38_CMRG_74969	953
GRCh38_CMRG_75004	953
GRCh38_CMRG_75016	953
GRCh38_CMRG_75017	953
GRCh38_CMRG_79216	953
GRCh38_CMRG_81724	953
GRCh38_CMRG_14889	952
GRCh38_CMRG_22067	952
GRCh38_CMRG_23608	952
GRCh38_CMRG_26513	952
GRCh38_CMRG_26515	952
GRCh38_CMRG_28550	952
GRCh38_CMRG_31061	952
GRCh38_CMRG_32206	952
GRCh38_CMRG_36616	952
GRCh38_CMRG_39293	952
GRCh38_CMRG_39485	952
GRCh38_CMRG_41526	952
GRCh38_CMRG_41583	952
GRCh38_CMRG_45108	952
GRCh38_CMRG_46323	952
GRCh38_CMRG_46602	952
GRCh38_CMRG_50505	952
GRCh38_CMRG_60366	952
GRCh38_CMRG_64661	952
GRCh38_CMRG_64662	952
GRCh38_CMRG_64710	952
GRCh38_CMRG_64711	952
GRCh38_CMRG_68016	952
GRCh38_CMRG_68018	952
GRCh38_CMRG_689	952
GRCh38_CMRG_690	952
GRCh38_CMRG_71359	952
GRCh38_CMRG_75003	952
GRCh38_CMRG_10938	951
GRCh38_CMRG_11527	951
GRCh38_CMRG_11638	951
GRCh38_CMRG_12197	951
GRCh38_CMRG_14381	951
GRCh38_CMRG_23707	951
GRCh38_CMRG_25022	951
GRCh38_CMRG_28005	951
GRCh38_CMRG_33899	951
GRCh38_CMRG_33903	951
GRCh38_CMRG_46427	951
GRCh38_CMRG_49180	951
GRCh38_CMRG_49422	951
GRCh38_CMRG_50147	951
GRCh38_CMRG_65589	951
GRCh38_CMRG_66098	951
GRCh38_CMRG_67760	951
GRCh38_CMRG_73024	951
GRCh38_CMRG_10939	950
GRCh38_CMRG_12018	950
GRCh38_CMRG_18877	950
GRCh38_CMRG_25343	950
GRCh38_CMRG_364	950
GRCh38_CMRG_38444	950
GRCh38_CMRG_44899	950
GRCh38_CMRG_47094	950
GRCh38_CMRG_51256	950
GRCh38_CMRG_51491	950
GRCh38_CMRG_59157	950
GRCh38_CMRG_60365	950
GRCh38_CMRG_62459	950
GRCh38_CMRG_67750	950
GRCh38_CMRG_71748	950
GRCh38_CMRG_72335	950
GRCh38_CMRG_75167	950
GRCh38_CMRG_75265	950
GRCh38_CMRG_79776	950
GRCh38_CMRG_79777	950
GRCh38_CMRG_83732	950
GRCh38_CMRG_84257	950
GRCh38_CMRG_21859	949
GRCh38_CMRG_23581	949
GRCh38_CMRG_28864	949
GRCh38_CMRG_38211	949
GRCh38_CMRG_44898	949
GRCh38_CMRG_45158	949
GRCh38_CMRG_45159	949
GRCh38_CMRG_5812	949
GRCh38_CMRG_59015	949
GRCh38_CMRG_59434	949
GRCh38_CMRG_60110	949
GRCh38_CMRG_6016	949
GRCh38_CMRG_6017	949
GRCh38_CMRG_61371	949
GRCh38_CMRG_61372	949
GRCh38_CMRG_61711	949
GRCh38_CMRG_65298	949
GRCh38_CMRG_65299	949
GRCh38_CMRG_65732	949
GRCh38_CMRG_70346	949
GRCh38_CMRG_73322	949
GRCh38_CMRG_79695	949
GRCh38_CMRG_84384	949
GRCh38_CMRG_12735	948
GRCh38_CMRG_13792	948
GRCh38_CMRG_18220	948
GRCh38_CMRG_18897	948
GRCh38_CMRG_2079	948
GRCh38_CMRG_27030	948
GRCh38_CMRG_32133	948
GRCh38_CMRG_35988	948
GRCh38_CMRG_38713	948
GRCh38_CMRG_44376	948
GRCh38_CMRG_44783	948
GRCh38_CMRG_44829	948
GRCh38_CMRG_45820	948
GRCh38_CMRG_51466	948
GRCh38_CMRG_54325	948
GRCh38_CMRG_54326	948
GRCh38_CMRG_63884	948
GRCh38_CMRG_65733	948
GRCh38_CMRG_67201	948
GRCh38_CMRG_68326	948
GRCh38_CMRG_70713	948
GRCh38_CMRG_71118	948
GRCh38_CMRG_84251	948
GRCh38_CMRG_1005	947
GRCh38_CMRG_1316	947
GRCh38_CMRG_14013	947
GRCh38_CMRG_14014	947
GRCh38_CMRG_14687	947
GRCh38_CMRG_18001	947
GRCh38_CMRG_19820	947
GRCh38_CMRG_21976	947
GRCh38_CMRG_23619	947
GRCh38_CMRG_26399	947
GRCh38_CMRG_32013	947
GRCh38_CMRG_32104	947
GRCh38_CMRG_32106	947
GRCh38_CMRG_32309	947
GRCh38_CMRG_33403	947
GRCh38_CMRG_33589	947
GRCh38_CMRG_37652	947
GRCh38_CMRG_44828	947
GRCh38_CMRG_48216	947
GRCh38_CMRG_52235	947
GRCh38_CMRG_52693	947
GRCh38_CMRG_58185	947
GRCh38_CMRG_60978	947
GRCh38_CMRG_61610	947
GRCh38_CMRG_62458	947
GRCh38_CMRG_63633	947
GRCh38_CMRG_65641	947
GRCh38_CMRG_70927	947
GRCh38_CMRG_73552	947
GRCh38_CMRG_74350	947
GRCh38_CMRG_81329	947
GRCh38_CMRG_16600	946
GRCh38_CMRG_23337	946
GRCh38_CMRG_23590	946
GRCh38_CMRG_2869	946
GRCh38_CMRG_31282	946
GRCh38_CMRG_35647	946
GRCh38_CMRG_39778	946
GRCh38_CMRG_41464	946
GRCh38_CMRG_49597	946
GRCh38_CMRG_52412	946
GRCh38_CMRG_53004	946
GRCh38_CMRG_59369	946
GRCh38_CMRG_60766	946
GRCh38_CMRG_61179	946
GRCh38_CMRG_63234	946
GRCh38_CMRG_64856	946
GRCh38_CMRG_71987	946
GRCh38_CMRG_73204	946
GRCh38_CMRG_73430	946
GRCh38_CMRG_73431	946
GRCh38_CMRG_77366	946
GRCh38_CMRG_79828	946
GRCh38_CMRG_8258	946
GRCh38_CMRG_8259	946
GRCh38_CMRG_83243	946
GRCh38_CMRG_19893	945
GRCh38_CMRG_2592	945
GRCh38_CMRG_27437	945
GRCh38_CMRG_33578	945
GRCh38_CMRG_33579	945
GRCh38_CMRG_50846	945
GRCh38_CMRG_52597	945
GRCh38_CMRG_52598	945
GRCh38_CMRG_52889	945
GRCh38_CMRG_52890	945
GRCh38_CMRG_55626	945
GRCh38_CMRG_64825	945
GRCh38_CMRG_64826	945
GRCh38_CMRG_70679	945
GRCh38_CMRG_72277	945
GRCh38_CMRG_72377	945
GRCh38_CMRG_72503	945
GRCh38_CMRG_72624	945
GRCh38_CMRG_73728	945
GRCh38_CMRG_7646	945
GRCh38_CMRG_8013	945
GRCh38_CMRG_83124	945
GRCh38_CMRG_9257	945
GRCh38_CMRG_12892	944
GRCh38_CMRG_17462	944
GRCh38_CMRG_30045	944
GRCh38_CMRG_41094	944
GRCh38_CMRG_41095	944
GRCh38_CMRG_47564	944
GRCh38_CMRG_48854	944
GRCh38_CMRG_48855	944
GRCh38_CMRG_49425	944
GRCh38_CMRG_50825	944
GRCh38_CMRG_53798	944
GRCh38_CMRG_53799	944
GRCh38_CMRG_61180	944
GRCh38_CMRG_65614	944
GRCh38_CMRG_72246	944
GRCh38_CMRG_72376	944
GRCh38_CMRG_72625	944
GRCh38_CMRG_7618	944
GRCh38_CMRG_7619	944
GRCh38_CMRG_76688	944
GRCh38_CMRG_82976	944
GRCh38_CMRG_8954	944
GRCh38_CMRG_8955	944
GRCh38_CMRG_9074	944
GRCh38_CMRG_13161	943
GRCh38_CMRG_13817	943
GRCh38_CMRG_14343	943
GRCh38_CMRG_16931	943
GRCh38_CMRG_17177	943
GRCh38_CMRG_23029	943
GRCh38_CMRG_28998	943
GRCh38_CMRG_30797	943
GRCh38_CMRG_32427	943
GRCh38_CMRG_34237	943
GRCh38_CMRG_38341	943
GRCh38_CMRG_55151	943
GRCh38_CMRG_55152	943
GRCh38_CMRG_59435	943
GRCh38_CMRG_59876	943
GRCh38_CMRG_64930	943
GRCh38_CMRG_70616	943
GRCh38_CMRG_75410	943
GRCh38_CMRG_7643	943
GRCh38_CMRG_81787	943
GRCh38_CMRG_83623	943
GRCh38_CMRG_26617	942
GRCh38_CMRG_27256	942
GRCh38_CMRG_29017	942
GRCh38_CMRG_32066	942
GRCh38_CMRG_32463	942
GRCh38_CMRG_34725	942
GRCh38_CMRG_34726	942
GRCh38_CMRG_41528	942
GRCh38_CMRG_41529	942
GRCh38_CMRG_47528	942
GRCh38_CMRG_50850	942
GRCh38_CMRG_52328	942
GRCh38_CMRG_54869	942
GRCh38_CMRG_60287	942
GRCh38_CMRG_65904	942
GRCh38_CMRG_68585	942
GRCh38_CMRG_69891	942
GRCh38_CMRG_76837	942
GRCh38_CMRG_8155	942
GRCh38_CMRG_9258	942
GRCh38_CMRG_10673	941
GRCh38_CMRG_11065	941
GRCh38_CMRG_13493	941
GRCh38_CMRG_16985	941
GRCh38_CMRG_1709	941
GRCh38_CMRG_17984	941
GRCh38_CMRG_19972	941
GRCh38_CMRG_2255	941
GRCh38_CMRG_28408	941
GRCh38_CMRG_32807	941
GRCh38_CMRG_33770	941
GRCh38_CMRG_36670	941
GRCh38_CMRG_420	941
GRCh38_CMRG_48195	941
GRCh38_CMRG_52301	941
GRCh38_CMRG_52369	941
GRCh38_CMRG_53296	941
GRCh38_CMRG_59037	941
GRCh38_CMRG_59372	941
GRCh38_CMRG_62231	941
GRCh38_CMRG_62648	941
GRCh38_CMRG_64694	941
GRCh38_CMRG_64695	941
GRCh38_CMRG_65993	941
GRCh38_CMRG_66097	941
GRCh38_CMRG_68348	941
GRCh38_CMRG_70581	941
GRCh38_CMRG_74758	941
GRCh38_CMRG_76936	941
GRCh38_CMRG_793	941
GRCh38_CMRG_8102	941
GRCh38_CMRG_12748	940
GRCh38_CMRG_14716	940
GRCh38_CMRG_14717	940
GRCh38_CMRG_17245	940
GRCh38_CMRG_18201	940
GRCh38_CMRG_22916	940
GRCh38_CMRG_23305	940
GRCh38_CMRG_23382	940
GRCh38_CMRG_2510	940
GRCh38_CMRG_365	940
GRCh38_CMRG_36815	940
GRCh38_CMRG_37017	940
GRCh38_CMRG_39310	940
GRCh38_CMRG_39774	940
GRCh38_CMRG_40182	940
GRCh38_CMRG_61419	940
GRCh38_CMRG_62177	940
GRCh38_CMRG_62230	940
GRCh38_CMRG_66062	940
GRCh38_CMRG_68805	940
GRCh38_CMRG_71535	940
GRCh38_CMRG_7644	940
GRCh38_CMRG_84674	940
GRCh38_CMRG_11155	939
GRCh38_CMRG_12036	939
GRCh38_CMRG_13003	939
GRCh38_CMRG_21081	939
GRCh38_CMRG_32785	939
GRCh38_CMRG_39167	939
GRCh38_CMRG_52833	939
GRCh38_CMRG_53833	939
GRCh38_CMRG_66063	939
GRCh38_CMRG_67923	939
GRCh38_CMRG_70580	939
GRCh38_CMRG_74508	939
GRCh38_CMRG_75541	939
GRCh38_CMRG_8934	939
GRCh38_CMRG_13527	938
GRCh38_CMRG_19493	938
GRCh38_CMRG_19786	938
GRCh38_CMRG_23256	938
GRCh38_CMRG_23257	938
GRCh38_CMRG_26616	938
GRCh38_CMRG_2890	938
GRCh38_CMRG_37090	938
GRCh38_CMRG_40196	938
GRCh38_CMRG_42282	938
GRCh38_CMRG_50615	938
GRCh38_CMRG_55726	938
GRCh38_CMRG_61942	938
GRCh38_CMRG_63848	938
GRCh38_CMRG_69325	938
GRCh38_CMRG_72528	938
GRCh38_CMRG_77325	938
GRCh38_CMRG_77441	938
GRCh38_CMRG_81711	938
GRCh38_CMRG_83205	938
GRCh38_CMRG_83387	938
GRCh38_CMRG_83680	938
GRCh38_CMRG_8375	938
GRCh38_CMRG_13607	937
GRCh38_CMRG_18611	937
GRCh38_CMRG_23655	937
GRCh38_CMRG_24188	937
GRCh38_CMRG_26369	937
GRCh38_CMRG_27419	937
GRCh38_CMRG_45095	937
GRCh38_CMRG_54458	937
GRCh38_CMRG_55827	937
GRCh38_CMRG_62384	937
GRCh38_CMRG_63638	937
GRCh38_CMRG_63794	937
GRCh38_CMRG_74564	937
GRCh38_CMRG_75543	937
GRCh38_CMRG_82137	937
GRCh38_CMRG_17258	936
GRCh38_CMRG_18710	936
GRCh38_CMRG_21476	936
GRCh38_CMRG_24929	936
GRCh38_CMRG_26945	936
GRCh38_CMRG_36682	936
GRCh38_CMRG_37838	936
GRCh38_CMRG_43702	936
GRCh38_CMRG_44819	936
GRCh38_CMRG_71758	936
GRCh38_CMRG_80689	936
GRCh38_CMRG_11714	935
GRCh38_CMRG_1209	935
GRCh38_CMRG_16944	935
GRCh38_CMRG_16953	935
GRCh38_CMRG_17492	935
GRCh38_CMRG_2288	935
GRCh38_CMRG_2289	935
GRCh38_CMRG_34420	935
GRCh38_CMRG_36354	935
GRCh38_CMRG_48542	935
GRCh38_CMRG_48981	935
GRCh38_CMRG_51031	935
GRCh38_CMRG_51032	935
GRCh38_CMRG_54571	935
GRCh38_CMRG_71565	935
GRCh38_CMRG_75502	935
GRCh38_CMRG_75567	935
GRCh38_CMRG_75568	935
GRCh38_CMRG_11135	934
GRCh38_CMRG_14321	934
GRCh38_CMRG_1661	934
GRCh38_CMRG_1662	934
GRCh38_CMRG_20849	934
GRCh38_CMRG_20850	934
GRCh38_CMRG_23625	934
GRCh38_CMRG_23810	934
GRCh38_CMRG_24528	934
GRCh38_CMRG_24555	934
GRCh38_CMRG_26831	934
GRCh38_CMRG_40062	934
GRCh38_CMRG_53597	934
GRCh38_CMRG_55091	934
GRCh38_CMRG_63233	934
GRCh38_CMRG_70864	934
GRCh38_CMRG_77442	934
GRCh38_CMRG_79729	934
GRCh38_CMRG_8246	934
GRCh38_CMRG_84156	934
GRCh38_CMRG_9206	934
GRCh38_CMRG_11819	933
GRCh38_CMRG_1728	933
GRCh38_CMRG_28329	933
GRCh38_CMRG_28479	933
GRCh38_CMRG_36929	933
GRCh38_CMRG_36930	933
GRCh38_CMRG_40875	933
GRCh38_CMRG_40876	933
GRCh38_CMRG_41708	933
GRCh38_CMRG_44378	933
GRCh38_CMRG_47011	933
GRCh38_CMRG_47012	933
GRCh38_CMRG_48541	933
GRCh38_CMRG_55438	933
GRCh38_CMRG_55727	933
GRCh38_CMRG_60305	933
GRCh38_CMRG_6903	933
GRCh38_CMRG_11820	932
GRCh38_CMRG_13902	932
GRCh38_CMRG_13969	932
GRCh38_CMRG_14996	932
GRCh38_CMRG_21118	932
GRCh38_CMRG_21119	932
GRCh38_CMRG_21942	932
GRCh38_CMRG_24703	932
GRCh38_CMRG_29569	932
GRCh38_CMRG_29570	932
GRCh38_CMRG_31697	932
GRCh38_CMRG_32218	932
GRCh38_CMRG_32782	932
GRCh38_CMRG_35793	932
GRCh38_CMRG_36931	932
GRCh38_CMRG_40145	932
GRCh38_CMRG_406	932
GRCh38_CMRG_40826	932
GRCh38_CMRG_44025	932
GRCh38_CMRG_44039	932
GRCh38_CMRG_45275	932
GRCh38_CMRG_50009	932
GRCh38_CMRG_52234	932
GRCh38_CMRG_52670	932
GRCh38_CMRG_54064	932
GRCh38_CMRG_63821	932
GRCh38_CMRG_6412	932
GRCh38_CMRG_66026	932
GRCh38_CMRG_69775	932
GRCh38_CMRG_70720	932
GRCh38_CMRG_70756	932
GRCh38_CMRG_70881	932
GRCh38_CMRG_72419	932
GRCh38_CMRG_72456	932
GRCh38_CMRG_72527	932
GRCh38_CMRG_79031	932
GRCh38_CMRG_7952	932
GRCh38_CMRG_79932	932
GRCh38_CMRG_9106	932
GRCh38_CMRG_10620	931
GRCh38_CMRG_2277	931
GRCh38_CMRG_27758	931
GRCh38_CMRG_29596	931
GRCh38_CMRG_29597	931
GRCh38_CMRG_30888	931
GRCh38_CMRG_44383	931
GRCh38_CMRG_44937	931
GRCh38_CMRG_44938	931
GRCh38_CMRG_55112	931
GRCh38_CMRG_60273	931
GRCh38_CMRG_60573	931
GRCh38_CMRG_60987	931
GRCh38_CMRG_64969	931
GRCh38_CMRG_6722	931
GRCh38_CMRG_67502	931
GRCh38_CMRG_67503	931
GRCh38_CMRG_70274	931
GRCh38_CMRG_70882	931
GRCh38_CMRG_71596	931
GRCh38_CMRG_72909	931
GRCh38_CMRG_76937	931
GRCh38_CMRG_78935	931
GRCh38_CMRG_8190	931
GRCh38_CMRG_83293	931
GRCh38_CMRG_9378	931
GRCh38_CMRG_13168	930
GRCh38_CMRG_14686	930
GRCh38_CMRG_18760	930
GRCh38_CMRG_23144	930
GRCh38_CMRG_23829	930
GRCh38_CMRG_24186	930
GRCh38_CMRG_24189	930
GRCh38_CMRG_26219	930
GRCh38_CMRG_27338	930
GRCh38_CMRG_33842	930
GRCh38_CMRG_37161	930
GRCh38_CMRG_38321	930
GRCh38_CMRG_41527	930
GRCh38_CMRG_41795	930
GRCh38_CMRG_50962	930
GRCh38_CMRG_60274	930
GRCh38_CMRG_6452	930
GRCh38_CMRG_6453	930
GRCh38_CMRG_67587	930
GRCh38_CMRG_72161	930
GRCh38_CMRG_74314	930
GRCh38_CMRG_7480	930
GRCh38_CMRG_7648	930
GRCh38_CMRG_76762	930
GRCh38_CMRG_77292	930
GRCh38_CMRG_78976	930
GRCh38_CMRG_8146	930
GRCh38_CMRG_81490	930
GRCh38_CMRG_18825	929
GRCh38_CMRG_19403	929
GRCh38_CMRG_24589	929
GRCh38_CMRG_25838	929
GRCh38_CMRG_26484	929
GRCh38_CMRG_2701	929
GRCh38_CMRG_28817	929
GRCh38_CMRG_28818	929
GRCh38_CMRG_33708	929
GRCh38_CMRG_33709	929
GRCh38_CMRG_36047	929
GRCh38_CMRG_36048	929
GRCh38_CMRG_38322	929
GRCh38_CMRG_45148	929
GRCh38_CMRG_45773	929
GRCh38_CMRG_52962	929
GRCh38_CMRG_52963	929
GRCh38_CMRG_58993	929
GRCh38_CMRG_64614	929
GRCh38_CMRG_64615	929
GRCh38_CMRG_64857	929
GRCh38_CMRG_73061	929
GRCh38_CMRG_77367	929
GRCh38_CMRG_7921	929
GRCh38_CMRG_79823	929
GRCh38_CMRG_189	928
GRCh38_CMRG_190	928
GRCh38_CMRG_2034	928
GRCh38_CMRG_27339	928
GRCh38_CMRG_27420	928
GRCh38_CMRG_28384	928
GRCh38_CMRG_28557	928
GRCh38_CMRG_32710	928
GRCh38_CMRG_33163	928
GRCh38_CMRG_33164	928
GRCh38_CMRG_37617	928
GRCh38_CMRG_38366	928
GRCh38_CMRG_44602	928
GRCh38_CMRG_44603	928
GRCh38_CMRG_52288	928
GRCh38_CMRG_52760	928
GRCh38_CMRG_55822	928
GRCh38_CMRG_59052	928
GRCh38_CMRG_65912	928
GRCh38_CMRG_6834	928
GRCh38_CMRG_6835	928
GRCh38_CMRG_71845	928
GRCh38_CMRG_18451	927
GRCh38_CMRG_19219	927
GRCh38_CMRG_25811	927
GRCh38_CMRG_40382	927
GRCh38_CMRG_50672	927
GRCh38_CMRG_53773	927
GRCh38_CMRG_55769	927
GRCh38_CMRG_64422	927
GRCh38_CMRG_75572	927
GRCh38_CMRG_79032	927
GRCh38_CMRG_8001	927
GRCh38_CMRG_8431	927
GRCh38_CMRG_9922	927
GRCh38_CMRG_15381	926
GRCh38_CMRG_18743	926
GRCh38_CMRG_18744	926
GRCh38_CMRG_22038	926
GRCh38_CMRG_2355	926
GRCh38_CMRG_24190	926
GRCh38_CMRG_27833	926
GRCh38_CMRG_27840	926
GRCh38_CMRG_32220	926
GRCh38_CMRG_37093	926
GRCh38_CMRG_41574	926
GRCh38_CMRG_51217	926
GRCh38_CMRG_52041	926
GRCh38_CMRG_52488	926
GRCh38_CMRG_55728	926
GRCh38_CMRG_55820	926
GRCh38_CMRG_58384	926
GRCh38_CMRG_58936	926
GRCh38_CMRG_62418	926
GRCh38_CMRG_64294	926
GRCh38_CMRG_64295	926
GRCh38_CMRG_73889	926
GRCh38_CMRG_75318	926
GRCh38_CMRG_83194	926
GRCh38_CMRG_13549	925
GRCh38_CMRG_14094	925
GRCh38_CMRG_17031	925
GRCh38_CMRG_17032	925
GRCh38_CMRG_21494	925
GRCh38_CMRG_23719	925
GRCh38_CMRG_33441	925
GRCh38_CMRG_37534	925
GRCh38_CMRG_37827	925
GRCh38_CMRG_39956	925
GRCh38_CMRG_50928	925
GRCh38_CMRG_52106	925
GRCh38_CMRG_52107	925
GRCh38_CMRG_53146	925
GRCh38_CMRG_53764	925
GRCh38_CMRG_55770	925
GRCh38_CMRG_58213	925
GRCh38_CMRG_59076	925
GRCh38_CMRG_59225	925
GRCh38_CMRG_60384	925
GRCh38_CMRG_61649	925
GRCh38_CMRG_63720	925
GRCh38_CMRG_65149	925
GRCh38_CMRG_72011	925
GRCh38_CMRG_73248	925
GRCh38_CMRG_7382	925
GRCh38_CMRG_77136	925
GRCh38_CMRG_78934	925
GRCh38_CMRG_29217	924
GRCh38_CMRG_32219	924
GRCh38_CMRG_43957	924
GRCh38_CMRG_49567	924
GRCh38_CMRG_49655	924
GRCh38_CMRG_55011	924
GRCh38_CMRG_58214	924
GRCh38_CMRG_64378	924
GRCh38_CMRG_70906	924
GRCh38_CMRG_7226	924
GRCh38_CMRG_7381	924
GRCh38_CMRG_73991	924
GRCh38_CMRG_14347	923
GRCh38_CMRG_16936	923
GRCh38_CMRG_17391	923
GRCh38_CMRG_18867	923
GRCh38_CMRG_19265	923
GRCh38_CMRG_23594	923
GRCh38_CMRG_23898	923
GRCh38_CMRG_2548	923
GRCh38_CMRG_2549	923
GRCh38_CMRG_33759	923
GRCh38_CMRG_33760	923
GRCh38_CMRG_35681	923
GRCh38_CMRG_41766	923
GRCh38_CMRG_41975	923
GRCh38_CMRG_41976	923
GRCh38_CMRG_44021	923
GRCh38_CMRG_45435	923
GRCh38_CMRG_48839	923
GRCh38_CMRG_50373	923
GRCh38_CMRG_52099	923
GRCh38_CMRG_52558	923
GRCh38_CMRG_64883	923
GRCh38_CMRG_65460	923
GRCh38_CMRG_67538	923
GRCh38_CMRG_69320	923
GRCh38_CMRG_70505	923
GRCh38_CMRG_71380	923
GRCh38_CMRG_72800	923
GRCh38_CMRG_73346	923
GRCh38_CMRG_82103	923
GRCh38_CMRG_83617	923
GRCh38_CMRG_8425	923
GRCh38_CMRG_1019	922
GRCh38_CMRG_11460	922
GRCh38_CMRG_11461	922
GRCh38_CMRG_12125	922
GRCh38_CMRG_15288	922
GRCh38_CMRG_22276	922
GRCh38_CMRG_22742	922
GRCh38_CMRG_23729	922
GRCh38_CMRG_24591	922
GRCh38_CMRG_24592	922
GRCh38_CMRG_29924	922
GRCh38_CMRG_36905	922
GRCh38_CMRG_36906	922
GRCh38_CMRG_49409	922
GRCh38_CMRG_49410	922
GRCh38_CMRG_49707	922
GRCh38_CMRG_50313	922
GRCh38_CMRG_59537	922
GRCh38_CMRG_67168	922
GRCh38_CMRG_68855	922
GRCh38_CMRG_71747	922
GRCh38_CMRG_75063	922
GRCh38_CMRG_75064	922
GRCh38_CMRG_75544	922
GRCh38_CMRG_80072	922
GRCh38_CMRG_8121	922
GRCh38_CMRG_83091	922
GRCh38_CMRG_1105	921
GRCh38_CMRG_11121	921
GRCh38_CMRG_14723	921
GRCh38_CMRG_15514	921
GRCh38_CMRG_20903	921
GRCh38_CMRG_20904	921
GRCh38_CMRG_31409	921
GRCh38_CMRG_32745	921
GRCh38_CMRG_33255	921
GRCh38_CMRG_33256	921
GRCh38_CMRG_37562	921
GRCh38_CMRG_41006	921
GRCh38_CMRG_41277	921
GRCh38_CMRG_41278	921
GRCh38_CMRG_41765	921
GRCh38_CMRG_43584	921
GRCh38_CMRG_44908	921
GRCh38_CMRG_47262	921
GRCh38_CMRG_52042	921
GRCh38_CMRG_59821	921
GRCh38_CMRG_60151	921
GRCh38_CMRG_61262	921
GRCh38_CMRG_6318	921
GRCh38_CMRG_64207	921
GRCh38_CMRG_64968	921
GRCh38_CMRG_68304	921
GRCh38_CMRG_68604	921
GRCh38_CMRG_74408	921
GRCh38_CMRG_76713	921
GRCh38_CMRG_77633	921
GRCh38_CMRG_78857	921
GRCh38_CMRG_8018	921
GRCh38_CMRG_83789	921
GRCh38_CMRG_1322	920
GRCh38_CMRG_14016	920
GRCh38_CMRG_29145	920
GRCh38_CMRG_29146	920
GRCh38_CMRG_32426	920
GRCh38_CMRG_37265	920
GRCh38_CMRG_38954	920
GRCh38_CMRG_41003	920
GRCh38_CMRG_41894	920
GRCh38_CMRG_45213	920
GRCh38_CMRG_58788	920
GRCh38_CMRG_60809	920
GRCh38_CMRG_67539	920
GRCh38_CMRG_71430	920
GRCh38_CMRG_76763	920
GRCh38_CMRG_83999	920
GRCh38_CMRG_11555	919
GRCh38_CMRG_14348	919
GRCh38_CMRG_2612	919
GRCh38_CMRG_2613	919
GRCh38_CMRG_29657	919
GRCh38_CMRG_31767	919
GRCh38_CMRG_39420	919
GRCh38_CMRG_43938	919
GRCh38_CMRG_45737	919
GRCh38_CMRG_54030	919
GRCh38_CMRG_65692	919
GRCh38_CMRG_65693	919
GRCh38_CMRG_66120	919
GRCh38_CMRG_81328	919
GRCh38_CMRG_83109	919
GRCh38_CMRG_83128	919
GRCh38_CMRG_83349	919
GRCh38_CMRG_18000	918
GRCh38_CMRG_18226	918
GRCh38_CMRG_25873	918
GRCh38_CMRG_29659	918
GRCh38_CMRG_32934	918
GRCh38_CMRG_33003	918
GRCh38_CMRG_36124	918
GRCh38_CMRG_37883	918
GRCh38_CMRG_40035	918
GRCh38_CMRG_40769	918
GRCh38_CMRG_40770	918
GRCh38_CMRG_47095	918
GRCh38_CMRG_58275	918
GRCh38_CMRG_58276	918
GRCh38_CMRG_64864	918
GRCh38_CMRG_67588	918
GRCh38_CMRG_67589	918
GRCh38_CMRG_69828	918
GRCh38_CMRG_70511	918
GRCh38_CMRG_74157	918
GRCh38_CMRG_75018	918
GRCh38_CMRG_75319	918
GRCh38_CMRG_77473	918
GRCh38_CMRG_17500	917
GRCh38_CMRG_22586	917
GRCh38_CMRG_23041	917
GRCh38_CMRG_23183	917
GRCh38_CMRG_24056	917
GRCh38_CMRG_2468	917
GRCh38_CMRG_27037	917
GRCh38_CMRG_28188	917
GRCh38_CMRG_37934	917
GRCh38_CMRG_40864	917
GRCh38_CMRG_46282	917
GRCh38_CMRG_59705	917
GRCh38_CMRG_61961	917
GRCh38_CMRG_70872	917
GRCh38_CMRG_70898	917
GRCh38_CMRG_710	917
GRCh38_CMRG_71570	917
GRCh38_CMRG_72348	917
GRCh38_CMRG_76632	917
GRCh38_CMRG_76787	917
GRCh38_CMRG_77175	917
GRCh38_CMRG_77213	917
GRCh38_CMRG_80948	917
GRCh38_CMRG_81509	917
GRCh38_CMRG_11217	916
GRCh38_CMRG_11496	916
GRCh38_CMRG_11497	916
GRCh38_CMRG_21003	916
GRCh38_CMRG_21004	916
GRCh38_CMRG_30821	916
GRCh38_CMRG_30875	916
GRCh38_CMRG_32487	916
GRCh38_CMRG_38178	916
GRCh38_CMRG_47798	916
GRCh38_CMRG_50307	916
GRCh38_CMRG_68172	916
GRCh38_CMRG_72164	916
GRCh38_CMRG_72926	916
GRCh38_CMRG_7900	916
GRCh38_CMRG_7901	916
GRCh38_CMRG_82944	916
GRCh38_CMRG_11017	915
GRCh38_CMRG_14076	915
GRCh38_CMRG_17802	915
GRCh38_CMRG_18509	915
GRCh38_CMRG_19552	915
GRCh38_CMRG_21217	915
GRCh38_CMRG_23595	915
GRCh38_CMRG_25368	915
GRCh38_CMRG_27396	915
GRCh38_CMRG_29350	915
GRCh38_CMRG_33312	915
GRCh38_CMRG_33313	915
GRCh38_CMRG_35930	915
GRCh38_CMRG_38201	915
GRCh38_CMRG_38727	915
GRCh38_CMRG_38728	915
GRCh38_CMRG_47795	915
GRCh38_CMRG_53285	915
GRCh38_CMRG_54634	915
GRCh38_CMRG_61177	915
GRCh38_CMRG_61178	915
GRCh38_CMRG_64874	915
GRCh38_CMRG_65380	915
GRCh38_CMRG_66387	915
GRCh38_CMRG_69859	915
GRCh38_CMRG_69860	915
GRCh38_CMRG_71536	915
GRCh38_CMRG_75542	915
GRCh38_CMRG_77281	915
GRCh38_CMRG_11156	914
GRCh38_CMRG_12770	914
GRCh38_CMRG_16987	914
GRCh38_CMRG_17803	914
GRCh38_CMRG_21002	914
GRCh38_CMRG_21662	914
GRCh38_CMRG_29660	914
GRCh38_CMRG_31897	914
GRCh38_CMRG_36675	914
GRCh38_CMRG_39916	914
GRCh38_CMRG_39917	914
GRCh38_CMRG_43912	914
GRCh38_CMRG_43913	914
GRCh38_CMRG_44826	914
GRCh38_CMRG_45719	914
GRCh38_CMRG_552	914
GRCh38_CMRG_553	914
GRCh38_CMRG_61943	914
GRCh38_CMRG_63921	914
GRCh38_CMRG_64216	914
GRCh38_CMRG_65339	914
GRCh38_CMRG_72925	914
GRCh38_CMRG_75559	914
GRCh38_CMRG_79830	914
GRCh38_CMRG_12844	913
GRCh38_CMRG_21001	913
GRCh38_CMRG_23812	913
GRCh38_CMRG_25285	913
GRCh38_CMRG_28642	913
GRCh38_CMRG_29948	913
GRCh38_CMRG_32093	913
GRCh38_CMRG_36415	913
GRCh38_CMRG_40452	913
GRCh38_CMRG_40809	913
GRCh38_CMRG_44450	913
GRCh38_CMRG_45720	913
GRCh38_CMRG_6063	913
GRCh38_CMRG_6064	913
GRCh38_CMRG_64215	913
GRCh38_CMRG_67933	913
GRCh38_CMRG_68286	913
GRCh38_CMRG_69842	913
GRCh38_CMRG_70230	913
GRCh38_CMRG_71583	913
GRCh38_CMRG_9761	913
GRCh38_CMRG_24372	912
GRCh38_CMRG_25910	912
GRCh38_CMRG_32108	912
GRCh38_CMRG_39322	912
GRCh38_CMRG_40123	912
GRCh38_CMRG_41534	912
GRCh38_CMRG_51772	912
GRCh38_CMRG_53113	912
GRCh38_CMRG_54854	912
GRCh38_CMRG_68345	912
GRCh38_CMRG_70347	912
GRCh38_CMRG_70348	912
GRCh38_CMRG_72843	912
GRCh38_CMRG_7859	912
GRCh38_CMRG_79831	912
GRCh38_CMRG_81588	912
GRCh38_CMRG_81818	912
GRCh38_CMRG_84367	912
GRCh38_CMRG_13636	911
GRCh38_CMRG_15034	911
GRCh38_CMRG_18312	911
GRCh38_CMRG_2794	911
GRCh38_CMRG_29070	911
GRCh38_CMRG_31324	911
GRCh38_CMRG_34059	911
GRCh38_CMRG_37653	911
GRCh38_CMRG_38378	911
GRCh38_CMRG_38379	911
GRCh38_CMRG_39323	911
GRCh38_CMRG_41172	911
GRCh38_CMRG_45611	911
GRCh38_CMRG_66021	911
GRCh38_CMRG_67509	911
GRCh38_CMRG_67510	911
GRCh38_CMRG_69879	911
GRCh38_CMRG_70232	911
GRCh38_CMRG_70412	911
GRCh38_CMRG_71673	911
GRCh38_CMRG_75015	911
GRCh38_CMRG_75406	911
GRCh38_CMRG_7629	911
GRCh38_CMRG_76724	911
GRCh38_CMRG_81395	911
GRCh38_CMRG_81595	911
GRCh38_CMRG_8495	911
GRCh38_CMRG_10906	910
GRCh38_CMRG_13637	910
GRCh38_CMRG_18821	910
GRCh38_CMRG_19822	910
GRCh38_CMRG_19823	910
GRCh38_CMRG_21628	910
GRCh38_CMRG_25191	910
GRCh38_CMRG_27164	910
GRCh38_CMRG_29655	910
GRCh38_CMRG_31242	910
GRCh38_CMRG_38195	910
GRCh38_CMRG_39324	910
GRCh38_CMRG_41171	910
GRCh38_CMRG_41483	910
GRCh38_CMRG_41484	910
GRCh38_CMRG_41639	910
GRCh38_CMRG_42469	910
GRCh38_CMRG_59306	910
GRCh38_CMRG_59587	910
GRCh38_CMRG_63818	910
GRCh38_CMRG_65764	910
GRCh38_CMRG_75019	910
GRCh38_CMRG_79565	910
GRCh38_CMRG_1046	909
GRCh38_CMRG_11787	909
GRCh38_CMRG_15053	909
GRCh38_CMRG_16536	909
GRCh38_CMRG_17728	909
GRCh38_CMRG_27433	909
GRCh38_CMRG_27511	909
GRCh38_CMRG_34004	909
GRCh38_CMRG_34301	909
GRCh38_CMRG_38908	909
GRCh38_CMRG_41537	909
GRCh38_CMRG_41538	909
GRCh38_CMRG_43960	909
GRCh38_CMRG_43961	909
GRCh38_CMRG_44752	909
GRCh38_CMRG_52746	909
GRCh38_CMRG_60394	909
GRCh38_CMRG_60883	909
GRCh38_CMRG_61773	909
GRCh38_CMRG_70699	909
GRCh38_CMRG_74937	909
GRCh38_CMRG_75014	909
GRCh38_CMRG_17961	908
GRCh38_CMRG_18129	908
GRCh38_CMRG_21091	908
GRCh38_CMRG_22128	908
GRCh38_CMRG_23253	908
GRCh38_CMRG_25238	908
GRCh38_CMRG_25780	908
GRCh38_CMRG_25781	908
GRCh38_CMRG_31575	908
GRCh38_CMRG_31789	908
GRCh38_CMRG_31790	908
GRCh38_CMRG_39645	908
GRCh38_CMRG_40655	908
GRCh38_CMRG_44751	908
GRCh38_CMRG_45891	908
GRCh38_CMRG_47978	908
GRCh38_CMRG_60767	908
GRCh38_CMRG_61733	908
GRCh38_CMRG_68153	908
GRCh38_CMRG_8202	908
GRCh38_CMRG_84302	908
GRCh38_CMRG_8868	908
GRCh38_CMRG_11559	907
GRCh38_CMRG_13428	907
GRCh38_CMRG_13429	907
GRCh38_CMRG_22989	907
GRCh38_CMRG_2343	907
GRCh38_CMRG_27485	907
GRCh38_CMRG_32464	907
GRCh38_CMRG_37663	907
GRCh38_CMRG_41366	907
GRCh38_CMRG_41378	907
GRCh38_CMRG_45406	907
GRCh38_CMRG_46177	907
GRCh38_CMRG_49387	907
GRCh38_CMRG_50703	907
GRCh38_CMRG_51944	907
GRCh38_CMRG_55381	907
GRCh38_CMRG_55691	907
GRCh38_CMRG_59075	907
GRCh38_CMRG_59582	907
GRCh38_CMRG_61648	907
GRCh38_CMRG_63530	907
GRCh38_CMRG_65320	907
GRCh38_CMRG_69054	907
GRCh38_CMRG_73017	907
GRCh38_CMRG_74418	907
GRCh38_CMRG_77508	907
GRCh38_CMRG_79245	907
GRCh38_CMRG_8020	907
GRCh38_CMRG_82909	907
GRCh38_CMRG_9108	907
GRCh38_CMRG_13853	906
GRCh38_CMRG_13854	906
GRCh38_CMRG_18148	906
GRCh38_CMRG_21381	906
GRCh38_CMRG_21835	906
GRCh38_CMRG_23643	906
GRCh38_CMRG_25945	906
GRCh38_CMRG_2661	906
GRCh38_CMRG_2662	906
GRCh38_CMRG_27166	906
GRCh38_CMRG_33084	906
GRCh38_CMRG_33824	906
GRCh38_CMRG_41386	906
GRCh38_CMRG_44258	906
GRCh38_CMRG_46155	906
GRCh38_CMRG_50939	906
GRCh38_CMRG_51390	906
GRCh38_CMRG_51604	906
GRCh38_CMRG_52275	906
GRCh38_CMRG_587	906
GRCh38_CMRG_60390	906
GRCh38_CMRG_61329	906
GRCh38_CMRG_72480	906
GRCh38_CMRG_75558	906
GRCh38_CMRG_7906	906
GRCh38_CMRG_83595	906
GRCh38_CMRG_13416	905
GRCh38_CMRG_22316	905
GRCh38_CMRG_23143	905
GRCh38_CMRG_23644	905
GRCh38_CMRG_24451	905
GRCh38_CMRG_29096	905
GRCh38_CMRG_40621	905
GRCh38_CMRG_40622	905
GRCh38_CMRG_41064	905
GRCh38_CMRG_43745	905
GRCh38_CMRG_44379	905
GRCh38_CMRG_481	905
GRCh38_CMRG_48198	905
GRCh38_CMRG_48199	905
GRCh38_CMRG_51842	905
GRCh38_CMRG_53230	905
GRCh38_CMRG_5777	905
GRCh38_CMRG_588	905
GRCh38_CMRG_64927	905
GRCh38_CMRG_64928	905
GRCh38_CMRG_65109	905
GRCh38_CMRG_67111	905
GRCh38_CMRG_67373	905
GRCh38_CMRG_68173	905
GRCh38_CMRG_72235	905
GRCh38_CMRG_81594	905
GRCh38_CMRG_13965	904
GRCh38_CMRG_16893	904
GRCh38_CMRG_16894	904
GRCh38_CMRG_19378	904
GRCh38_CMRG_19566	904
GRCh38_CMRG_19567	904
GRCh38_CMRG_24022	904
GRCh38_CMRG_24305	904
GRCh38_CMRG_27221	904
GRCh38_CMRG_30769	904
GRCh38_CMRG_35956	904
GRCh38_CMRG_36037	904
GRCh38_CMRG_36038	904
GRCh38_CMRG_36052	904
GRCh38_CMRG_37613	904
GRCh38_CMRG_40730	904
GRCh38_CMRG_49156	904
GRCh38_CMRG_50747	904
GRCh38_CMRG_52612	904
GRCh38_CMRG_62122	904
GRCh38_CMRG_62232	904
GRCh38_CMRG_68659	904
GRCh38_CMRG_69917	904
GRCh38_CMRG_69918	904
GRCh38_CMRG_70867	904
GRCh38_CMRG_77328	904
GRCh38_CMRG_81895	904
GRCh38_CMRG_1047	903
GRCh38_CMRG_11301	903
GRCh38_CMRG_11873	903
GRCh38_CMRG_12290	903
GRCh38_CMRG_12327	903
GRCh38_CMRG_15079	903
GRCh38_CMRG_22978	903
GRCh38_CMRG_24023	903
GRCh38_CMRG_25369	903
GRCh38_CMRG_31907	903
GRCh38_CMRG_44526	903
GRCh38_CMRG_44813	903
GRCh38_CMRG_47347	903
GRCh38_CMRG_47348	903
GRCh38_CMRG_50974	903
GRCh38_CMRG_59919	903
GRCh38_CMRG_6114	903
GRCh38_CMRG_62183	903
GRCh38_CMRG_70134	903
GRCh38_CMRG_71472	903
GRCh38_CMRG_7647	903
GRCh38_CMRG_77137	903
GRCh38_CMRG_80949	903
GRCh38_CMRG_82717	903
GRCh38_CMRG_118	902
GRCh38_CMRG_16496	902
GRCh38_CMRG_22641	902
GRCh38_CMRG_28721	902
GRCh38_CMRG_37043	902
GRCh38_CMRG_37469	902
GRCh38_CMRG_37470	902
GRCh38_CMRG_42519	902
GRCh38_CMRG_49981	902
GRCh38_CMRG_55418	902
GRCh38_CMRG_59918	902
GRCh38_CMRG_59949	902
GRCh38_CMRG_64548	902
GRCh38_CMRG_68271	902
GRCh38_CMRG_69892	902
GRCh38_CMRG_72014	902
GRCh38_CMRG_72842	902
GRCh38_CMRG_74284	902
GRCh38_CMRG_77163	902
GRCh38_CMRG_77379	902
GRCh38_CMRG_7937	902
GRCh38_CMRG_80951	902
GRCh38_CMRG_8103	902
GRCh38_CMRG_81499	902
GRCh38_CMRG_8987	902
GRCh38_CMRG_12843	901
GRCh38_CMRG_14334	901
GRCh38_CMRG_16497	901
GRCh38_CMRG_18774	901
GRCh38_CMRG_23060	901
GRCh38_CMRG_28501	901
GRCh38_CMRG_29716	901
GRCh38_CMRG_34765	901
GRCh38_CMRG_36053	901
GRCh38_CMRG_39150	901
GRCh38_CMRG_39524	901
GRCh38_CMRG_41904	901
GRCh38_CMRG_44812	901
GRCh38_CMRG_45736	901
GRCh38_CMRG_46284	901
GRCh38_CMRG_51914	901
GRCh38_CMRG_55054	901
GRCh38_CMRG_55324	901
GRCh38_CMRG_62142	901
GRCh38_CMRG_64677	901
GRCh38_CMRG_65855	901
GRCh38_CMRG_74613	901
GRCh38_CMRG_75339	901
GRCh38_CMRG_7907	901
GRCh38_CMRG_79958	901
GRCh38_CMRG_8104	901
GRCh38_CMRG_81808	901
GRCh38_CMRG_83020	901
GRCh38_CMRG_83319	901
GRCh38_CMRG_83726	901
GRCh38_CMRG_136	900
GRCh38_CMRG_14452	900
GRCh38_CMRG_17179	900
GRCh38_CMRG_18789	900
GRCh38_CMRG_18997	900
GRCh38_CMRG_22583	900
GRCh38_CMRG_22980	900
GRCh38_CMRG_32477	900
GRCh38_CMRG_33104	900
GRCh38_CMRG_33876	900
GRCh38_CMRG_34300	900
GRCh38_CMRG_47950	900
GRCh38_CMRG_48720	900
GRCh38_CMRG_53526	900
GRCh38_CMRG_55699	900
GRCh38_CMRG_60356	900
GRCh38_CMRG_62094	900
GRCh38_CMRG_68230	900
GRCh38_CMRG_74614	900
GRCh38_CMRG_74891	900
GRCh38_CMRG_77261	900
GRCh38_CMRG_77308	900
GRCh38_CMRG_13374	899
GRCh38_CMRG_13838	899
GRCh38_CMRG_17458	899
GRCh38_CMRG_17682	899
GRCh38_CMRG_17683	899
GRCh38_CMRG_22584	899
GRCh38_CMRG_2344	899
GRCh38_CMRG_24347	899
GRCh38_CMRG_25313	899
GRCh38_CMRG_26470	899
GRCh38_CMRG_29568	899
GRCh38_CMRG_30027	899
GRCh38_CMRG_37929	899
GRCh38_CMRG_41793	899
GRCh38_CMRG_45369	899
GRCh38_CMRG_47007	899
GRCh38_CMRG_49426	899
GRCh38_CMRG_52606	899
GRCh38_CMRG_54800	899
GRCh38_CMRG_61578	899
GRCh38_CMRG_61579	899
GRCh38_CMRG_67183	899
GRCh38_CMRG_6772	899
GRCh38_CMRG_70849	899
GRCh38_CMRG_71028	899
GRCh38_CMRG_7110	899
GRCh38_CMRG_7111	899
GRCh38_CMRG_73675	899
GRCh38_CMRG_9107	899
GRCh38_CMRG_9290	899
GRCh38_CMRG_1087	898
GRCh38_CMRG_11671	898
GRCh38_CMRG_11672	898
GRCh38_CMRG_11952	898
GRCh38_CMRG_1198	898
GRCh38_CMRG_14838	898
GRCh38_CMRG_2345	898
GRCh38_CMRG_23807	898
GRCh38_CMRG_26300	898
GRCh38_CMRG_27942	898
GRCh38_CMRG_32855	898
GRCh38_CMRG_32856	898
GRCh38_CMRG_33024	898
GRCh38_CMRG_33025	898
GRCh38_CMRG_33361	898
GRCh38_CMRG_36034	898
GRCh38_CMRG_36058	898
GRCh38_CMRG_36573	898
GRCh38_CMRG_36574	898
GRCh38_CMRG_39181	898
GRCh38_CMRG_40288	898
GRCh38_CMRG_45363	898
GRCh38_CMRG_49842	898
GRCh38_CMRG_54453	898
GRCh38_CMRG_54693	898
GRCh38_CMRG_54799	898
GRCh38_CMRG_59522	898
GRCh38_CMRG_62059	898
GRCh38_CMRG_63634	898
GRCh38_CMRG_68298	898
GRCh38_CMRG_70916	898
GRCh38_CMRG_72841	898
GRCh38_CMRG_74421	898
GRCh38_CMRG_74494	898
GRCh38_CMRG_820	898
GRCh38_CMRG_13837	897
GRCh38_CMRG_18567	897
GRCh38_CMRG_21575	897
GRCh38_CMRG_2384	897
GRCh38_CMRG_2385	897
GRCh38_CMRG_24176	897
GRCh38_CMRG_25047	897
GRCh38_CMRG_25048	897
GRCh38_CMRG_25049	897
GRCh38_CMRG_28124	897
GRCh38_CMRG_28724	897
GRCh38_CMRG_37616	897
GRCh38_CMRG_37833	897
GRCh38_CMRG_37878	897
GRCh38_CMRG_42513	897
GRCh38_CMRG_45890	897
GRCh38_CMRG_47443	897
GRCh38_CMRG_48964	897
GRCh38_CMRG_65690	897
GRCh38_CMRG_65691	897
GRCh38_CMRG_70721	897
GRCh38_CMRG_70848	897
GRCh38_CMRG_71522	897
GRCh38_CMRG_7242	897
GRCh38_CMRG_73169	897
GRCh38_CMRG_77615	897
GRCh38_CMRG_7985	897
GRCh38_CMRG_82094	897
GRCh38_CMRG_83295	897
GRCh38_CMRG_83697	897
GRCh38_CMRG_84055	897
GRCh38_CMRG_14671	896
GRCh38_CMRG_23477	896
GRCh38_CMRG_31100	896
GRCh38_CMRG_31186	896
GRCh38_CMRG_32805	896
GRCh38_CMRG_35856	896
GRCh38_CMRG_37574	896
GRCh38_CMRG_39354	896
GRCh38_CMRG_46575	896
GRCh38_CMRG_47026	896
GRCh38_CMRG_48864	896
GRCh38_CMRG_49061	896
GRCh38_CMRG_49062	896
GRCh38_CMRG_509	896
GRCh38_CMRG_53194	896
GRCh38_CMRG_53520	896
GRCh38_CMRG_63267	896
GRCh38_CMRG_65504	896
GRCh38_CMRG_70646	896
GRCh38_CMRG_75491	896
GRCh38_CMRG_75597	896
GRCh38_CMRG_75598	896
GRCh38_CMRG_7673	896
GRCh38_CMRG_77107	896
GRCh38_CMRG_8322	896
GRCh38_CMRG_83395	896
GRCh38_CMRG_17323	895
GRCh38_CMRG_19090	895
GRCh38_CMRG_24433	895
GRCh38_CMRG_2529	895
GRCh38_CMRG_29773	895
GRCh38_CMRG_32497	895
GRCh38_CMRG_39426	895
GRCh38_CMRG_44587	895
GRCh38_CMRG_45579	895
GRCh38_CMRG_53558	895
GRCh38_CMRG_53733	895
GRCh38_CMRG_58834	895
GRCh38_CMRG_6128	895
GRCh38_CMRG_64124	895
GRCh38_CMRG_65505	895
GRCh38_CMRG_65506	895
GRCh38_CMRG_67577	895
GRCh38_CMRG_67578	895
GRCh38_CMRG_79292	895
GRCh38_CMRG_8143	895
GRCh38_CMRG_81527	895
GRCh38_CMRG_10557	894
GRCh38_CMRG_17085	894
GRCh38_CMRG_18996	894
GRCh38_CMRG_23555	894
GRCh38_CMRG_27446	894
GRCh38_CMRG_32280	894
GRCh38_CMRG_32281	894
GRCh38_CMRG_36679	894
GRCh38_CMRG_40886	894
GRCh38_CMRG_42422	894
GRCh38_CMRG_44941	894
GRCh38_CMRG_48466	894
GRCh38_CMRG_50739	894
GRCh38_CMRG_58678	894
GRCh38_CMRG_60319	894
GRCh38_CMRG_6417	894
GRCh38_CMRG_65909	894
GRCh38_CMRG_75077	894
GRCh38_CMRG_12245	893
GRCh38_CMRG_18221	893
GRCh38_CMRG_19464	893
GRCh38_CMRG_19465	893
GRCh38_CMRG_24573	893
GRCh38_CMRG_28071	893
GRCh38_CMRG_3006	893
GRCh38_CMRG_39884	893
GRCh38_CMRG_41479	893
GRCh38_CMRG_44669	893
GRCh38_CMRG_45031	893
GRCh38_CMRG_45530	893
GRCh38_CMRG_46209	893
GRCh38_CMRG_50740	893
GRCh38_CMRG_54621	893
GRCh38_CMRG_58581	893
GRCh38_CMRG_63631	893
GRCh38_CMRG_65415	893
GRCh38_CMRG_68114	893
GRCh38_CMRG_68166	893
GRCh38_CMRG_69812	893
GRCh38_CMRG_7048	893
GRCh38_CMRG_79128	893
GRCh38_CMRG_79133	893
GRCh38_CMRG_1104	892
GRCh38_CMRG_11442	892
GRCh38_CMRG_13420	892
GRCh38_CMRG_16843	892
GRCh38_CMRG_17958	892
GRCh38_CMRG_19924	892
GRCh38_CMRG_23724	892
GRCh38_CMRG_26921	892
GRCh38_CMRG_28070	892
GRCh38_CMRG_28889	892
GRCh38_CMRG_31244	892
GRCh38_CMRG_33112	892
GRCh38_CMRG_34446	892
GRCh38_CMRG_45963	892
GRCh38_CMRG_47648	892
GRCh38_CMRG_48282	892
GRCh38_CMRG_55154	892
GRCh38_CMRG_55690	892
GRCh38_CMRG_62093	892
GRCh38_CMRG_70060	892
GRCh38_CMRG_72938	892
GRCh38_CMRG_80803	892
GRCh38_CMRG_80804	892
GRCh38_CMRG_84479	892
GRCh38_CMRG_9347	892
GRCh38_CMRG_1979	891
GRCh38_CMRG_28890	891
GRCh38_CMRG_30771	891
GRCh38_CMRG_30772	891
GRCh38_CMRG_43967	891
GRCh38_CMRG_45621	891
GRCh38_CMRG_48281	891
GRCh38_CMRG_50128	891
GRCh38_CMRG_50976	891
GRCh38_CMRG_55772	891
GRCh38_CMRG_59762	891
GRCh38_CMRG_65182	891
GRCh38_CMRG_70516	891
GRCh38_CMRG_8255	891
GRCh38_CMRG_1113	890
GRCh38_CMRG_12391	890
GRCh38_CMRG_15513	890
GRCh38_CMRG_1779	890
GRCh38_CMRG_1780	890
GRCh38_CMRG_19472	890
GRCh38_CMRG_35751	890
GRCh38_CMRG_37662	890
GRCh38_CMRG_41201	890
GRCh38_CMRG_41918	890
GRCh38_CMRG_45971	890
GRCh38_CMRG_47879	890
GRCh38_CMRG_48544	890
GRCh38_CMRG_50675	890
GRCh38_CMRG_54113	890
GRCh38_CMRG_65183	890
GRCh38_CMRG_70352	890
GRCh38_CMRG_7091	890
GRCh38_CMRG_74300	890
GRCh38_CMRG_82693	890
GRCh38_CMRG_83130	890
GRCh38_CMRG_83391	890
GRCh38_CMRG_18443	889
GRCh38_CMRG_19960	889
GRCh38_CMRG_23597	889
GRCh38_CMRG_24329	889
GRCh38_CMRG_27934	889
GRCh38_CMRG_3007	889
GRCh38_CMRG_3008	889
GRCh38_CMRG_36439	889
GRCh38_CMRG_36440	889
GRCh38_CMRG_37734	889
GRCh38_CMRG_45361	889
GRCh38_CMRG_45972	889
GRCh38_CMRG_49185	889
GRCh38_CMRG_54112	889
GRCh38_CMRG_59325	889
GRCh38_CMRG_62308	889
GRCh38_CMRG_68229	889
GRCh38_CMRG_68854	889
GRCh38_CMRG_69025	889
GRCh38_CMRG_70635	889
GRCh38_CMRG_71569	889
GRCh38_CMRG_84212	889
GRCh38_CMRG_8572	889
GRCh38_CMRG_9249	889
GRCh38_CMRG_11014	888
GRCh38_CMRG_11015	888
GRCh38_CMRG_12644	888
GRCh38_CMRG_12645	888
GRCh38_CMRG_16998	888
GRCh38_CMRG_17192	888
GRCh38_CMRG_17472	888
GRCh38_CMRG_17473	888
GRCh38_CMRG_17980	888
GRCh38_CMRG_28556	888
GRCh38_CMRG_29701	888
GRCh38_CMRG_42048	888
GRCh38_CMRG_42269	888
GRCh38_CMRG_44386	888
GRCh38_CMRG_49184	888
GRCh38_CMRG_50361	888
GRCh38_CMRG_51727	888
GRCh38_CMRG_54640	888
GRCh38_CMRG_62045	888
GRCh38_CMRG_62046	888
GRCh38_CMRG_64296	888
GRCh38_CMRG_64420	888
GRCh38_CMRG_66033	888
GRCh38_CMRG_70287	888
GRCh38_CMRG_70660	888
GRCh38_CMRG_72582	888
GRCh38_CMRG_74091	888
GRCh38_CMRG_74092	888
GRCh38_CMRG_7953	888
GRCh38_CMRG_8196	888
GRCh38_CMRG_82054	888
GRCh38_CMRG_846	888
GRCh38_CMRG_8603	888
GRCh38_CMRG_18513	887
GRCh38_CMRG_22342	887
GRCh38_CMRG_23392	887
GRCh38_CMRG_23393	887
GRCh38_CMRG_26270	887
GRCh38_CMRG_28919	887
GRCh38_CMRG_28975	887
GRCh38_CMRG_29359	887
GRCh38_CMRG_3009	887
GRCh38_CMRG_33110	887
GRCh38_CMRG_33875	887
GRCh38_CMRG_33989	887
GRCh38_CMRG_38252	887
GRCh38_CMRG_40446	887
GRCh38_CMRG_45096	887
GRCh38_CMRG_58740	887
GRCh38_CMRG_63920	887
GRCh38_CMRG_6711	887
GRCh38_CMRG_6967	887
GRCh38_CMRG_7895	887
GRCh38_CMRG_81246	887
GRCh38_CMRG_8746	887
GRCh38_CMRG_11688	886
GRCh38_CMRG_13056	886
GRCh38_CMRG_18435	886
GRCh38_CMRG_1940	886
GRCh38_CMRG_21493	886
GRCh38_CMRG_24438	886
GRCh38_CMRG_28614	886
GRCh38_CMRG_28745	886
GRCh38_CMRG_29233	886
GRCh38_CMRG_31408	886
GRCh38_CMRG_35945	886
GRCh38_CMRG_41638	886
GRCh38_CMRG_42270	886
GRCh38_CMRG_44385	886
GRCh38_CMRG_45889	886
GRCh38_CMRG_59245	886
GRCh38_CMRG_59974	886
GRCh38_CMRG_65607	886
GRCh38_CMRG_65608	886
GRCh38_CMRG_73348	886
GRCh38_CMRG_7363	886
GRCh38_CMRG_84423	886
GRCh38_CMRG_18442	885
GRCh38_CMRG_21607	885
GRCh38_CMRG_21730	885
GRCh38_CMRG_22917	885
GRCh38_CMRG_23474	885
GRCh38_CMRG_26301	885
GRCh38_CMRG_29734	885
GRCh38_CMRG_33991	885
GRCh38_CMRG_33992	885
GRCh38_CMRG_37602	885
GRCh38_CMRG_38183	885
GRCh38_CMRG_40447	885
GRCh38_CMRG_45056	885
GRCh38_CMRG_48970	885
GRCh38_CMRG_48971	885
GRCh38_CMRG_49040	885
GRCh38_CMRG_50681	885
GRCh38_CMRG_52065	885
GRCh38_CMRG_62558	885
GRCh38_CMRG_70531	885
GRCh38_CMRG_72630	885
GRCh38_CMRG_84052	885
GRCh38_CMRG_127	884
GRCh38_CMRG_13886	884
GRCh38_CMRG_17739	884
GRCh38_CMRG_21497	884
GRCh38_CMRG_26913	884
GRCh38_CMRG_30645	884
GRCh38_CMRG_31984	884
GRCh38_CMRG_31994	884
GRCh38_CMRG_35941	884
GRCh38_CMRG_36830	884
GRCh38_CMRG_38	884
GRCh38_CMRG_39584	884
GRCh38_CMRG_39585	884
GRCh38_CMRG_45407	884
GRCh38_CMRG_46770	884
GRCh38_CMRG_52611	884
GRCh38_CMRG_54608	884
GRCh38_CMRG_55729	884
GRCh38_CMRG_66386	884
GRCh38_CMRG_79818	884
GRCh38_CMRG_80793	884
GRCh38_CMRG_80794	884
GRCh38_CMRG_82189	884
GRCh38_CMRG_19203	883
GRCh38_CMRG_21524	883
GRCh38_CMRG_21728	883
GRCh38_CMRG_23129	883
GRCh38_CMRG_23130	883
GRCh38_CMRG_23765	883
GRCh38_CMRG_30930	883
GRCh38_CMRG_40246	883
GRCh38_CMRG_41814	883
GRCh38_CMRG_49189	883
GRCh38_CMRG_49190	883
GRCh38_CMRG_5870	883
GRCh38_CMRG_64487	883
GRCh38_CMRG_69531	883
GRCh38_CMRG_6989	883
GRCh38_CMRG_71599	883
GRCh38_CMRG_73453	883
GRCh38_CMRG_73454	883
GRCh38_CMRG_74329	883
GRCh38_CMRG_77374	883
GRCh38_CMRG_7885	883
GRCh38_CMRG_8740	883
GRCh38_CMRG_11880	882
GRCh38_CMRG_11881	882
GRCh38_CMRG_18512	882
GRCh38_CMRG_18915	882
GRCh38_CMRG_28895	882
GRCh38_CMRG_32030	882
GRCh38_CMRG_32543	882
GRCh38_CMRG_32908	882
GRCh38_CMRG_36683	882
GRCh38_CMRG_37222	882
GRCh38_CMRG_45255	882
GRCh38_CMRG_49867	882
GRCh38_CMRG_50992	882
GRCh38_CMRG_55139	882
GRCh38_CMRG_60291	882
GRCh38_CMRG_68439	882
GRCh38_CMRG_6849	882
GRCh38_CMRG_70689	882
GRCh38_CMRG_72809	882
GRCh38_CMRG_73293	882
GRCh38_CMRG_73847	882
GRCh38_CMRG_79283	882
GRCh38_CMRG_79284	882
GRCh38_CMRG_82186	882
GRCh38_CMRG_82737	882
GRCh38_CMRG_82937	882
GRCh38_CMRG_84146	882
GRCh38_CMRG_12663	881
GRCh38_CMRG_12664	881
GRCh38_CMRG_1320	881
GRCh38_CMRG_13609	881
GRCh38_CMRG_16962	881
GRCh38_CMRG_22547	881
GRCh38_CMRG_23744	881
GRCh38_CMRG_24024	881
GRCh38_CMRG_27937	881
GRCh38_CMRG_28204	881
GRCh38_CMRG_33048	881
GRCh38_CMRG_33049	881
GRCh38_CMRG_34757	881
GRCh38_CMRG_372	881
GRCh38_CMRG_49206	881
GRCh38_CMRG_54643	881
GRCh38_CMRG_55333	881
GRCh38_CMRG_58955	881
GRCh38_CMRG_60295	881
GRCh38_CMRG_61640	881
GRCh38_CMRG_65066	881
GRCh38_CMRG_68274	881
GRCh38_CMRG_68405	881
GRCh38_CMRG_73294	881
GRCh38_CMRG_7527	881
GRCh38_CMRG_77368	881
GRCh38_CMRG_77464	881
GRCh38_CMRG_84385	881
GRCh38_CMRG_15403	880
GRCh38_CMRG_21927	880
GRCh38_CMRG_24096	880
GRCh38_CMRG_28341	880
GRCh38_CMRG_31995	880
GRCh38_CMRG_50127	880
GRCh38_CMRG_51174	880
GRCh38_CMRG_54022	880
GRCh38_CMRG_60939	880
GRCh38_CMRG_69913	880
GRCh38_CMRG_7253	880
GRCh38_CMRG_79829	880
GRCh38_CMRG_81341	880
GRCh38_CMRG_1337	879
GRCh38_CMRG_17452	879
GRCh38_CMRG_17479	879
GRCh38_CMRG_17480	879
GRCh38_CMRG_18056	879
GRCh38_CMRG_18057	879
GRCh38_CMRG_19085	879
GRCh38_CMRG_26290	879
GRCh38_CMRG_26952	879
GRCh38_CMRG_26953	879
GRCh38_CMRG_41147	879
GRCh38_CMRG_44936	879
GRCh38_CMRG_50294	879
GRCh38_CMRG_50295	879
GRCh38_CMRG_55807	879
GRCh38_CMRG_63986	879
GRCh38_CMRG_64645	879
GRCh38_CMRG_7049	879
GRCh38_CMRG_71100	879
GRCh38_CMRG_72697	879
GRCh38_CMRG_72907	879
GRCh38_CMRG_82827	879
GRCh38_CMRG_82829	879
GRCh38_CMRG_16963	878
GRCh38_CMRG_2204	878
GRCh38_CMRG_25170	878
GRCh38_CMRG_26325	878
GRCh38_CMRG_2636	878
GRCh38_CMRG_29228	878
GRCh38_CMRG_32657	878
GRCh38_CMRG_32903	878
GRCh38_CMRG_36656	878
GRCh38_CMRG_36981	878
GRCh38_CMRG_41148	878
GRCh38_CMRG_41149	878
GRCh38_CMRG_41596	878
GRCh38_CMRG_41893	878
GRCh38_CMRG_44580	878
GRCh38_CMRG_50704	878
GRCh38_CMRG_51542	878
GRCh38_CMRG_54558	878
GRCh38_CMRG_60106	878
GRCh38_CMRG_61546	878
GRCh38_CMRG_61547	878
GRCh38_CMRG_69319	878
GRCh38_CMRG_7093	878
GRCh38_CMRG_7213	878
GRCh38_CMRG_7214	878
GRCh38_CMRG_74471	878
GRCh38_CMRG_84533	878
GRCh38_CMRG_13914	877
GRCh38_CMRG_16668	877
GRCh38_CMRG_17316	877
GRCh38_CMRG_18245	877
GRCh38_CMRG_25935	877
GRCh38_CMRG_25936	877
GRCh38_CMRG_30712	877
GRCh38_CMRG_30713	877
GRCh38_CMRG_32471	877
GRCh38_CMRG_34471	877
GRCh38_CMRG_35609	877
GRCh38_CMRG_36985	877
GRCh38_CMRG_37712	877
GRCh38_CMRG_38443	877
GRCh38_CMRG_40448	877
GRCh38_CMRG_46189	877
GRCh38_CMRG_59973	877
GRCh38_CMRG_71685	877
GRCh38_CMRG_7880	877
GRCh38_CMRG_78884	877
GRCh38_CMRG_79350	877
GRCh38_CMRG_79351	877
GRCh38_CMRG_79798	877
GRCh38_CMRG_81931	877
GRCh38_CMRG_82643	877
GRCh38_CMRG_82644	877
GRCh38_CMRG_9189	877
GRCh38_CMRG_11963	876
GRCh38_CMRG_18563	876
GRCh38_CMRG_18964	876
GRCh38_CMRG_28504	876
GRCh38_CMRG_33749	876
GRCh38_CMRG_36426	876
GRCh38_CMRG_41480	876
GRCh38_CMRG_41595	876
GRCh38_CMRG_44066	876
GRCh38_CMRG_45136	876
GRCh38_CMRG_47772	876
GRCh38_CMRG_58371	876
GRCh38_CMRG_60030	876
GRCh38_CMRG_64644	876
GRCh38_CMRG_67302	876
GRCh38_CMRG_67303	876
GRCh38_CMRG_71029	876
GRCh38_CMRG_71395	876
GRCh38_CMRG_72726	876
GRCh38_CMRG_84521	876
GRCh38_CMRG_13553	875
GRCh38_CMRG_21706	875
GRCh38_CMRG_22938	875
GRCh38_CMRG_24123	875
GRCh38_CMRG_25217	875
GRCh38_CMRG_25301	875
GRCh38_CMRG_25360	875
GRCh38_CMRG_28554	875
GRCh38_CMRG_33278	875
GRCh38_CMRG_33752	875
GRCh38_CMRG_33966	875
GRCh38_CMRG_33967	875
GRCh38_CMRG_34419	875
GRCh38_CMRG_39243	875
GRCh38_CMRG_40866	875
GRCh38_CMRG_41081	875
GRCh38_CMRG_41099	875
GRCh38_CMRG_45142	875
GRCh38_CMRG_53127	875
GRCh38_CMRG_59763	875
GRCh38_CMRG_60043	875
GRCh38_CMRG_67452	875
GRCh38_CMRG_70686	875
GRCh38_CMRG_7254	875
GRCh38_CMRG_74328	875
GRCh38_CMRG_78962	875
GRCh38_CMRG_82008	875
GRCh38_CMRG_82513	875
GRCh38_CMRG_1009	874
GRCh38_CMRG_11976	874
GRCh38_CMRG_14589	874
GRCh38_CMRG_28555	874
GRCh38_CMRG_29684	874
GRCh38_CMRG_35685	874
GRCh38_CMRG_38669	874
GRCh38_CMRG_59966	874
GRCh38_CMRG_59967	874
GRCh38_CMRG_6380	874
GRCh38_CMRG_64000	874
GRCh38_CMRG_65097	874
GRCh38_CMRG_70306	874
GRCh38_CMRG_73355	874
GRCh38_CMRG_73896	874
GRCh38_CMRG_77572	874
GRCh38_CMRG_81416	874
GRCh38_CMRG_82099	874
GRCh38_CMRG_83755	874
GRCh38_CMRG_8781	874
GRCh38_CMRG_10550	873
GRCh38_CMRG_11846	873
GRCh38_CMRG_13041	873
GRCh38_CMRG_14997	873
GRCh38_CMRG_31613	873
GRCh38_CMRG_32172	873
GRCh38_CMRG_37881	873
GRCh38_CMRG_44848	873
GRCh38_CMRG_49424	873
GRCh38_CMRG_51492	873
GRCh38_CMRG_60044	873
GRCh38_CMRG_60381	873
GRCh38_CMRG_61141	873
GRCh38_CMRG_61552	873
GRCh38_CMRG_6861	873
GRCh38_CMRG_72150	873
GRCh38_CMRG_72151	873
GRCh38_CMRG_73897	873
GRCh38_CMRG_77369	873
GRCh38_CMRG_80003	873
GRCh38_CMRG_82170	873
GRCh38_CMRG_82185	873
GRCh38_CMRG_82376	873
GRCh38_CMRG_82493	873
GRCh38_CMRG_82824	873
GRCh38_CMRG_12785	872
GRCh38_CMRG_13594	872
GRCh38_CMRG_22632	872
GRCh38_CMRG_32713	872
GRCh38_CMRG_34395	872
GRCh38_CMRG_37733	872
GRCh38_CMRG_43582	872
GRCh38_CMRG_45135	872
GRCh38_CMRG_60079	872
GRCh38_CMRG_61620	872
GRCh38_CMRG_63427	872
GRCh38_CMRG_73298	872
GRCh38_CMRG_8771	872
GRCh38_CMRG_9403	872
GRCh38_CMRG_9749	872
GRCh38_CMRG_19140	871
GRCh38_CMRG_23309	871
GRCh38_CMRG_26373	871
GRCh38_CMRG_26374	871
GRCh38_CMRG_26962	871
GRCh38_CMRG_29504	871
GRCh38_CMRG_37615	871
GRCh38_CMRG_39885	871
GRCh38_CMRG_40574	871
GRCh38_CMRG_45049	871
GRCh38_CMRG_45208	871
GRCh38_CMRG_45479	871
GRCh38_CMRG_49164	871
GRCh38_CMRG_63953	871
GRCh38_CMRG_65098	871
GRCh38_CMRG_67367	871
GRCh38_CMRG_7023	871
GRCh38_CMRG_72227	871
GRCh38_CMRG_79964	871
GRCh38_CMRG_82630	871
GRCh38_CMRG_83710	871
GRCh38_CMRG_83754	871
GRCh38_CMRG_22318	870
GRCh38_CMRG_24990	870
GRCh38_CMRG_405	870
GRCh38_CMRG_53310	870
GRCh38_CMRG_54718	870
GRCh38_CMRG_59193	870
GRCh38_CMRG_59194	870
GRCh38_CMRG_68313	870
GRCh38_CMRG_71084	870
GRCh38_CMRG_72265	870
GRCh38_CMRG_73240	870
GRCh38_CMRG_79658	870
GRCh38_CMRG_82657	870
GRCh38_CMRG_82797	870
GRCh38_CMRG_82798	870
GRCh38_CMRG_83647	870
GRCh38_CMRG_9018	870
GRCh38_CMRG_10874	869
GRCh38_CMRG_18458	869
GRCh38_CMRG_18745	869
GRCh38_CMRG_19123	869
GRCh38_CMRG_23311	869
GRCh38_CMRG_24693	869
GRCh38_CMRG_24989	869
GRCh38_CMRG_27805	869
GRCh38_CMRG_31605	869
GRCh38_CMRG_32865	869
GRCh38_CMRG_33081	869
GRCh38_CMRG_34299	869
GRCh38_CMRG_36249	869
GRCh38_CMRG_43667	869
GRCh38_CMRG_50948	869
GRCh38_CMRG_59844	869
GRCh38_CMRG_64773	869
GRCh38_CMRG_65511	869
GRCh38_CMRG_68096	869
GRCh38_CMRG_68113	869
GRCh38_CMRG_68275	869
GRCh38_CMRG_70530	869
GRCh38_CMRG_75117	869
GRCh38_CMRG_9443	869
GRCh38_CMRG_11975	868
GRCh38_CMRG_14949	868
GRCh38_CMRG_18318	868
GRCh38_CMRG_2010	868
GRCh38_CMRG_23805	868
GRCh38_CMRG_32105	868
GRCh38_CMRG_381	868
GRCh38_CMRG_38504	868
GRCh38_CMRG_42337	868
GRCh38_CMRG_43958	868
GRCh38_CMRG_50880	868
GRCh38_CMRG_55010	868
GRCh38_CMRG_58193	868
GRCh38_CMRG_58194	868
GRCh38_CMRG_58928	868
GRCh38_CMRG_59646	868
GRCh38_CMRG_61054	868
GRCh38_CMRG_72947	868
GRCh38_CMRG_75351	868
GRCh38_CMRG_75448	868
GRCh38_CMRG_7972	868
GRCh38_CMRG_82065	868
GRCh38_CMRG_83401	868
GRCh38_CMRG_84459	868
GRCh38_CMRG_11214	867
GRCh38_CMRG_14322	867
GRCh38_CMRG_15374	867
GRCh38_CMRG_21281	867
GRCh38_CMRG_23424	867
GRCh38_CMRG_24180	867
GRCh38_CMRG_25859	867
GRCh38_CMRG_30967	867
GRCh38_CMRG_32092	867
GRCh38_CMRG_35860	867
GRCh38_CMRG_36102	867
GRCh38_CMRG_37824	867
GRCh38_CMRG_39689	867
GRCh38_CMRG_49235	867
GRCh38_CMRG_49918	867
GRCh38_CMRG_52035	867
GRCh38_CMRG_52036	867
GRCh38_CMRG_55009	867
GRCh38_CMRG_59645	867
GRCh38_CMRG_61671	867
GRCh38_CMRG_62110	867
GRCh38_CMRG_64239	867
GRCh38_CMRG_64919	867
GRCh38_CMRG_67667	867
GRCh38_CMRG_70637	867
GRCh38_CMRG_72392	867
GRCh38_CMRG_72906	867
GRCh38_CMRG_7451	867
GRCh38_CMRG_14219	866
GRCh38_CMRG_18733	866
GRCh38_CMRG_25732	866
GRCh38_CMRG_25860	866
GRCh38_CMRG_32883	866
GRCh38_CMRG_34298	866
GRCh38_CMRG_34641	866
GRCh38_CMRG_46505	866
GRCh38_CMRG_58319	866
GRCh38_CMRG_59598	866
GRCh38_CMRG_62579	866
GRCh38_CMRG_68278	866
GRCh38_CMRG_68912	866
GRCh38_CMRG_69578	866
GRCh38_CMRG_70845	866
GRCh38_CMRG_72741	866
GRCh38_CMRG_74768	866
GRCh38_CMRG_75447	866
GRCh38_CMRG_77626	866
GRCh38_CMRG_80784	866
GRCh38_CMRG_84094	866
GRCh38_CMRG_1707	865
GRCh38_CMRG_1708	865
GRCh38_CMRG_18548	865
GRCh38_CMRG_19402	865
GRCh38_CMRG_28472	865
GRCh38_CMRG_28475	865
GRCh38_CMRG_29342	865
GRCh38_CMRG_30966	865
GRCh38_CMRG_37965	865
GRCh38_CMRG_45132	865
GRCh38_CMRG_47893	865
GRCh38_CMRG_48764	865
GRCh38_CMRG_54688	865
GRCh38_CMRG_55641	865
GRCh38_CMRG_64847	865
GRCh38_CMRG_71410	865
GRCh38_CMRG_71584	865
GRCh38_CMRG_72755	865
GRCh38_CMRG_80785	865
GRCh38_CMRG_81495	865
GRCh38_CMRG_10897	864
GRCh38_CMRG_1227	864
GRCh38_CMRG_12859	864
GRCh38_CMRG_23188	864
GRCh38_CMRG_23275	864
GRCh38_CMRG_29912	864
GRCh38_CMRG_37552	864
GRCh38_CMRG_37553	864
GRCh38_CMRG_41525	864
GRCh38_CMRG_47721	864
GRCh38_CMRG_49417	864
GRCh38_CMRG_53328	864
GRCh38_CMRG_54110	864
GRCh38_CMRG_54605	864
GRCh38_CMRG_63985	864
GRCh38_CMRG_7566	864
GRCh38_CMRG_79618	864
GRCh38_CMRG_79619	864
GRCh38_CMRG_81248	864
GRCh38_CMRG_83389	864
GRCh38_CMRG_84366	864
GRCh38_CMRG_11426	863
GRCh38_CMRG_13055	863
GRCh38_CMRG_1460	863
GRCh38_CMRG_19564	863
GRCh38_CMRG_21973	863
GRCh38_CMRG_24021	863
GRCh38_CMRG_29005	863
GRCh38_CMRG_34084	863
GRCh38_CMRG_37211	863
GRCh38_CMRG_38446	863
GRCh38_CMRG_40100	863
GRCh38_CMRG_42219	863
GRCh38_CMRG_49094	863
GRCh38_CMRG_50123	863
GRCh38_CMRG_54339	863
GRCh38_CMRG_54340	863
GRCh38_CMRG_55642	863
GRCh38_CMRG_59445	863
GRCh38_CMRG_61550	863
GRCh38_CMRG_61551	863
GRCh38_CMRG_64423	863
GRCh38_CMRG_72476	863
GRCh38_CMRG_72477	863
GRCh38_CMRG_72829	863
GRCh38_CMRG_73570	863
GRCh38_CMRG_77539	863
GRCh38_CMRG_78933	863
GRCh38_CMRG_8081	863
GRCh38_CMRG_81593	863
GRCh38_CMRG_82645	863
GRCh38_CMRG_83022	863
GRCh38_CMRG_83187	863
GRCh38_CMRG_29084	862
GRCh38_CMRG_29610	862
GRCh38_CMRG_30709	862
GRCh38_CMRG_380	862
GRCh38_CMRG_41346	862
GRCh38_CMRG_45526	862
GRCh38_CMRG_45802	862
GRCh38_CMRG_58843	862
GRCh38_CMRG_59446	862
GRCh38_CMRG_71610	862
GRCh38_CMRG_73350	862
GRCh38_CMRG_74998	862
GRCh38_CMRG_74999	862
GRCh38_CMRG_82064	862
GRCh38_CMRG_1659	861
GRCh38_CMRG_2246	861
GRCh38_CMRG_27078	861
GRCh38_CMRG_29097	861
GRCh38_CMRG_30710	861
GRCh38_CMRG_35550	861
GRCh38_CMRG_37825	861
GRCh38_CMRG_38499	861
GRCh38_CMRG_45050	861
GRCh38_CMRG_46283	861
GRCh38_CMRG_46501	861
GRCh38_CMRG_48624	861
GRCh38_CMRG_61548	861
GRCh38_CMRG_61549	861
GRCh38_CMRG_64292	861
GRCh38_CMRG_72338	861
GRCh38_CMRG_80984	861
GRCh38_CMRG_11149	860
GRCh38_CMRG_11150	860
GRCh38_CMRG_21629	860
GRCh38_CMRG_2251	860
GRCh38_CMRG_23766	860
GRCh38_CMRG_26979	860
GRCh38_CMRG_27301	860
GRCh38_CMRG_29085	860
GRCh38_CMRG_29509	860
GRCh38_CMRG_29609	860
GRCh38_CMRG_34522	860
GRCh38_CMRG_39583	860
GRCh38_CMRG_41705	860
GRCh38_CMRG_42024	860
GRCh38_CMRG_44753	860
GRCh38_CMRG_45758	860
GRCh38_CMRG_51071	860
GRCh38_CMRG_59063	860
GRCh38_CMRG_65192	860
GRCh38_CMRG_65862	860
GRCh38_CMRG_68027	860
GRCh38_CMRG_68406	860
GRCh38_CMRG_73750	860
GRCh38_CMRG_78883	860
GRCh38_CMRG_79336	860
GRCh38_CMRG_79337	860
GRCh38_CMRG_81517	860
GRCh38_CMRG_22227	859
GRCh38_CMRG_28168	859
GRCh38_CMRG_46433	859
GRCh38_CMRG_49047	859
GRCh38_CMRG_61366	859
GRCh38_CMRG_61514	859
GRCh38_CMRG_64020	859
GRCh38_CMRG_68343	859
GRCh38_CMRG_71587	859
GRCh38_CMRG_79811	859
GRCh38_CMRG_9623	859
GRCh38_CMRG_12522	858
GRCh38_CMRG_12523	858
GRCh38_CMRG_13269	858
GRCh38_CMRG_17859	858
GRCh38_CMRG_17954	858
GRCh38_CMRG_24173	858
GRCh38_CMRG_25138	858
GRCh38_CMRG_29801	858
GRCh38_CMRG_30950	858
GRCh38_CMRG_37189	858
GRCh38_CMRG_39178	858
GRCh38_CMRG_45349	858
GRCh38_CMRG_48404	858
GRCh38_CMRG_58285	858
GRCh38_CMRG_63512	858
GRCh38_CMRG_68584	858
GRCh38_CMRG_69220	858
GRCh38_CMRG_83018	858
GRCh38_CMRG_844	858
GRCh38_CMRG_9474	858
GRCh38_CMRG_9475	858
GRCh38_CMRG_1134	857
GRCh38_CMRG_11652	857
GRCh38_CMRG_12162	857
GRCh38_CMRG_17631	857
GRCh38_CMRG_17633	857
GRCh38_CMRG_18189	857
GRCh38_CMRG_20003	857
GRCh38_CMRG_28463	857
GRCh38_CMRG_30692	857
GRCh38_CMRG_32983	857
GRCh38_CMRG_33157	857
GRCh38_CMRG_34323	857
GRCh38_CMRG_34324	857
GRCh38_CMRG_35861	857
GRCh38_CMRG_40220	857
GRCh38_CMRG_45613	857
GRCh38_CMRG_46481	857
GRCh38_CMRG_49620	857
GRCh38_CMRG_50075	857
GRCh38_CMRG_60863	857
GRCh38_CMRG_69836	857
GRCh38_CMRG_72429	857
GRCh38_CMRG_11094	856
GRCh38_CMRG_12178	856
GRCh38_CMRG_17629	856
GRCh38_CMRG_17630	856
GRCh38_CMRG_18534	856
GRCh38_CMRG_28828	856
GRCh38_CMRG_32843	856
GRCh38_CMRG_32984	856
GRCh38_CMRG_36657	856
GRCh38_CMRG_36658	856
GRCh38_CMRG_37219	856
GRCh38_CMRG_37672	856
GRCh38_CMRG_43936	856
GRCh38_CMRG_44370	856
GRCh38_CMRG_46007	856
GRCh38_CMRG_47276	856
GRCh38_CMRG_62561	856
GRCh38_CMRG_64448	856
GRCh38_CMRG_76897	856
GRCh38_CMRG_78927	856
GRCh38_CMRG_82396	856
GRCh38_CMRG_14403	855
GRCh38_CMRG_23632	855
GRCh38_CMRG_23715	855
GRCh38_CMRG_31681	855
GRCh38_CMRG_32550	855
GRCh38_CMRG_36777	855
GRCh38_CMRG_37932	855
GRCh38_CMRG_39664	855
GRCh38_CMRG_42202	855
GRCh38_CMRG_48100	855
GRCh38_CMRG_48101	855
GRCh38_CMRG_54632	855
GRCh38_CMRG_62649	855
GRCh38_CMRG_63420	855
GRCh38_CMRG_63487	855
GRCh38_CMRG_69999	855
GRCh38_CMRG_70768	855
GRCh38_CMRG_74516	855
GRCh38_CMRG_74517	855
GRCh38_CMRG_76883	855
GRCh38_CMRG_8082	855
GRCh38_CMRG_824	855
GRCh38_CMRG_1135	854
GRCh38_CMRG_14401	854
GRCh38_CMRG_1516	854
GRCh38_CMRG_1517	854
GRCh38_CMRG_1787	854
GRCh38_CMRG_23288	854
GRCh38_CMRG_27921	854
GRCh38_CMRG_33392	854
GRCh38_CMRG_33393	854
GRCh38_CMRG_37502	854
GRCh38_CMRG_42201	854
GRCh38_CMRG_46201	854
GRCh38_CMRG_48405	854
GRCh38_CMRG_49935	854
GRCh38_CMRG_50259	854
GRCh38_CMRG_55332	854
GRCh38_CMRG_60561	854
GRCh38_CMRG_7244	854
GRCh38_CMRG_72541	854
GRCh38_CMRG_82027	854
GRCh38_CMRG_11862	853
GRCh38_CMRG_14506	853
GRCh38_CMRG_17024	853
GRCh38_CMRG_18574	853
GRCh38_CMRG_25250	853
GRCh38_CMRG_30859	853
GRCh38_CMRG_32489	853
GRCh38_CMRG_37927	853
GRCh38_CMRG_39750	853
GRCh38_CMRG_42550	853
GRCh38_CMRG_49150	853
GRCh38_CMRG_5875	853
GRCh38_CMRG_61282	853
GRCh38_CMRG_68865	853
GRCh38_CMRG_68866	853
GRCh38_CMRG_76824	853
GRCh38_CMRG_76898	853
GRCh38_CMRG_77115	853
GRCh38_CMRG_82226	853
GRCh38_CMRG_84254	853
GRCh38_CMRG_11606	852
GRCh38_CMRG_18059	852
GRCh38_CMRG_23127	852
GRCh38_CMRG_23128	852
GRCh38_CMRG_24182	852
GRCh38_CMRG_26599	852
GRCh38_CMRG_2836	852
GRCh38_CMRG_32012	852
GRCh38_CMRG_37111	852
GRCh38_CMRG_44609	852
GRCh38_CMRG_46186	852
GRCh38_CMRG_46187	852
GRCh38_CMRG_49873	852
GRCh38_CMRG_59614	852
GRCh38_CMRG_59976	852
GRCh38_CMRG_6117	852
GRCh38_CMRG_64929	852
GRCh38_CMRG_67126	852
GRCh38_CMRG_67127	852
GRCh38_CMRG_68665	852
GRCh38_CMRG_68938	852
GRCh38_CMRG_72740	852
GRCh38_CMRG_74117	852
GRCh38_CMRG_74118	852
GRCh38_CMRG_74902	852
GRCh38_CMRG_74903	852
GRCh38_CMRG_74934	852
GRCh38_CMRG_81433	852
GRCh38_CMRG_8809	852
GRCh38_CMRG_9369	852
GRCh38_CMRG_10756	851
GRCh38_CMRG_10757	851
GRCh38_CMRG_11646	851
GRCh38_CMRG_14402	851
GRCh38_CMRG_15127	851
GRCh38_CMRG_15128	851
GRCh38_CMRG_27294	851
GRCh38_CMRG_27295	851
GRCh38_CMRG_28237	851
GRCh38_CMRG_28530	851
GRCh38_CMRG_28566	851
GRCh38_CMRG_50098	851
GRCh38_CMRG_55674	851
GRCh38_CMRG_58219	851
GRCh38_CMRG_58220	851
GRCh38_CMRG_60105	851
GRCh38_CMRG_60290	851
GRCh38_CMRG_61926	851
GRCh38_CMRG_61927	851
GRCh38_CMRG_64675	851
GRCh38_CMRG_64854	851
GRCh38_CMRG_675	851
GRCh38_CMRG_71108	851
GRCh38_CMRG_77361	851
GRCh38_CMRG_82499	851
GRCh38_CMRG_83885	851
GRCh38_CMRG_23796	850
GRCh38_CMRG_2512	850
GRCh38_CMRG_2513	850
GRCh38_CMRG_29069	850
GRCh38_CMRG_30007	850
GRCh38_CMRG_30854	850
GRCh38_CMRG_30855	850
GRCh38_CMRG_31237	850
GRCh38_CMRG_32009	850
GRCh38_CMRG_33867	850
GRCh38_CMRG_34111	850
GRCh38_CMRG_34355	850
GRCh38_CMRG_44820	850
GRCh38_CMRG_45204	850
GRCh38_CMRG_46565	850
GRCh38_CMRG_54801	850
GRCh38_CMRG_5770	850
GRCh38_CMRG_58482	850
GRCh38_CMRG_59613	850
GRCh38_CMRG_59619	850
GRCh38_CMRG_63428	850
GRCh38_CMRG_72564	850
GRCh38_CMRG_80021	850
GRCh38_CMRG_81208	850
GRCh38_CMRG_83718	850
GRCh38_CMRG_18704	849
GRCh38_CMRG_18952	849
GRCh38_CMRG_20862	849
GRCh38_CMRG_20863	849
GRCh38_CMRG_22943	849
GRCh38_CMRG_22955	849
GRCh38_CMRG_27572	849
GRCh38_CMRG_28477	849
GRCh38_CMRG_31131	849
GRCh38_CMRG_32900	849
GRCh38_CMRG_33823	849
GRCh38_CMRG_39582	849
GRCh38_CMRG_41556	849
GRCh38_CMRG_41738	849
GRCh38_CMRG_44372	849
GRCh38_CMRG_44646	849
GRCh38_CMRG_46051	849
GRCh38_CMRG_70351	849
GRCh38_CMRG_73875	849
GRCh38_CMRG_8157	849
GRCh38_CMRG_14614	848
GRCh38_CMRG_15289	848
GRCh38_CMRG_26859	848
GRCh38_CMRG_29592	848
GRCh38_CMRG_29593	848
GRCh38_CMRG_30770	848
GRCh38_CMRG_35646	848
GRCh38_CMRG_36828	848
GRCh38_CMRG_37537	848
GRCh38_CMRG_37876	848
GRCh38_CMRG_38394	848
GRCh38_CMRG_39352	848
GRCh38_CMRG_43935	848
GRCh38_CMRG_47396	848
GRCh38_CMRG_49046	848
GRCh38_CMRG_51024	848
GRCh38_CMRG_53317	848
GRCh38_CMRG_53318	848
GRCh38_CMRG_53802	848
GRCh38_CMRG_58967	848
GRCh38_CMRG_5972	848
GRCh38_CMRG_60344	848
GRCh38_CMRG_65560	848
GRCh38_CMRG_71338	848
GRCh38_CMRG_71339	848
GRCh38_CMRG_73032	848
GRCh38_CMRG_73033	848
GRCh38_CMRG_73715	848
GRCh38_CMRG_82538	848
GRCh38_CMRG_82539	848
GRCh38_CMRG_83264	848
GRCh38_CMRG_84457	848
GRCh38_CMRG_10871	847
GRCh38_CMRG_12146	847
GRCh38_CMRG_13511	847
GRCh38_CMRG_17147	847
GRCh38_CMRG_18705	847
GRCh38_CMRG_25167	847
GRCh38_CMRG_25168	847
GRCh38_CMRG_32549	847
GRCh38_CMRG_36695	847
GRCh38_CMRG_39461	847
GRCh38_CMRG_39668	847
GRCh38_CMRG_39669	847
GRCh38_CMRG_45482	847
GRCh38_CMRG_58744	847
GRCh38_CMRG_65492	847
GRCh38_CMRG_65493	847
GRCh38_CMRG_6670	847
GRCh38_CMRG_69813	847
GRCh38_CMRG_70626	847
GRCh38_CMRG_73249	847
GRCh38_CMRG_77141	847
GRCh38_CMRG_81651	847
GRCh38_CMRG_9768	847
GRCh38_CMRG_31654	846
GRCh38_CMRG_37928	846
GRCh38_CMRG_37979	846
GRCh38_CMRG_47549	846
GRCh38_CMRG_52504	846
GRCh38_CMRG_59407	846
GRCh38_CMRG_59761	846
GRCh38_CMRG_6547	846
GRCh38_CMRG_73724	846
GRCh38_CMRG_7954	846
GRCh38_CMRG_14993	845
GRCh38_CMRG_23976	845
GRCh38_CMRG_28529	845
GRCh38_CMRG_36181	845
GRCh38_CMRG_37644	845
GRCh38_CMRG_38528	845
GRCh38_CMRG_45376	845
GRCh38_CMRG_51997	845
GRCh38_CMRG_53775	845
GRCh38_CMRG_65763	845
GRCh38_CMRG_65886	845
GRCh38_CMRG_66058	845
GRCh38_CMRG_70360	845
GRCh38_CMRG_7462	845
GRCh38_CMRG_7476	845
GRCh38_CMRG_82879	845
GRCh38_CMRG_9714	845
GRCh38_CMRG_22065	844
GRCh38_CMRG_23725	844
GRCh38_CMRG_26555	844
GRCh38_CMRG_36026	844
GRCh38_CMRG_37931	844
GRCh38_CMRG_37981	844
GRCh38_CMRG_39690	844
GRCh38_CMRG_49228	844
GRCh38_CMRG_51152	844
GRCh38_CMRG_52489	844
GRCh38_CMRG_52912	844
GRCh38_CMRG_55390	844
GRCh38_CMRG_58665	844
GRCh38_CMRG_64333	844
GRCh38_CMRG_6663	844
GRCh38_CMRG_68314	844
GRCh38_CMRG_70451	844
GRCh38_CMRG_70452	844
GRCh38_CMRG_70506	844
GRCh38_CMRG_73483	844
GRCh38_CMRG_73614	844
GRCh38_CMRG_7477	844
GRCh38_CMRG_77616	844
GRCh38_CMRG_79103	844
GRCh38_CMRG_82625	844
GRCh38_CMRG_82626	844
GRCh38_CMRG_83872	844
GRCh38_CMRG_8497	844
GRCh38_CMRG_11563	843
GRCh38_CMRG_11564	843
GRCh38_CMRG_12479	843
GRCh38_CMRG_14984	843
GRCh38_CMRG_16477	843
GRCh38_CMRG_24174	843
GRCh38_CMRG_32145	843
GRCh38_CMRG_32421	843
GRCh38_CMRG_33499	843
GRCh38_CMRG_34398	843
GRCh38_CMRG_41980	843
GRCh38_CMRG_47638	843
GRCh38_CMRG_52878	843
GRCh38_CMRG_59680	843
GRCh38_CMRG_59681	843
GRCh38_CMRG_71030	843
GRCh38_CMRG_7461	843
GRCh38_CMRG_83169	843
GRCh38_CMRG_11872	842
GRCh38_CMRG_13279	842
GRCh38_CMRG_14242	842
GRCh38_CMRG_22541	842
GRCh38_CMRG_26504	842
GRCh38_CMRG_28553	842
GRCh38_CMRG_30793	842
GRCh38_CMRG_35854	842
GRCh38_CMRG_38530	842
GRCh38_CMRG_41349	842
GRCh38_CMRG_46476	842
GRCh38_CMRG_48736	842
GRCh38_CMRG_53575	842
GRCh38_CMRG_53576	842
GRCh38_CMRG_6754	842
GRCh38_CMRG_6885	842
GRCh38_CMRG_70578	842
GRCh38_CMRG_73174	842
GRCh38_CMRG_73175	842
GRCh38_CMRG_7482	842
GRCh38_CMRG_7642	842
GRCh38_CMRG_84013	842
GRCh38_CMRG_8778	842
GRCh38_CMRG_1041	841
GRCh38_CMRG_15028	841
GRCh38_CMRG_15314	841
GRCh38_CMRG_19070	841
GRCh38_CMRG_27819	841
GRCh38_CMRG_28567	841
GRCh38_CMRG_36615	841
GRCh38_CMRG_38670	841
GRCh38_CMRG_49167	841
GRCh38_CMRG_52386	841
GRCh38_CMRG_52610	841
GRCh38_CMRG_61593	841
GRCh38_CMRG_74853	841
GRCh38_CMRG_75204	841
GRCh38_CMRG_76650	841
GRCh38_CMRG_83734	841
GRCh38_CMRG_11002	840
GRCh38_CMRG_19372	840
GRCh38_CMRG_23808	840
GRCh38_CMRG_28236	840
GRCh38_CMRG_35926	840
GRCh38_CMRG_36025	840
GRCh38_CMRG_37449	840
GRCh38_CMRG_41950	840
GRCh38_CMRG_43939	840
GRCh38_CMRG_48016	840
GRCh38_CMRG_61975	840
GRCh38_CMRG_63748	840
GRCh38_CMRG_71728	840
GRCh38_CMRG_71878	840
GRCh38_CMRG_71881	840
GRCh38_CMRG_73078	840
GRCh38_CMRG_76649	840
GRCh38_CMRG_80956	840
GRCh38_CMRG_81599	840
GRCh38_CMRG_9489	840
GRCh38_CMRG_11814	839
GRCh38_CMRG_1825	839
GRCh38_CMRG_18925	839
GRCh38_CMRG_28608	839
GRCh38_CMRG_28989	839
GRCh38_CMRG_33445	839
GRCh38_CMRG_41870	839
GRCh38_CMRG_42007	839
GRCh38_CMRG_42482	839
GRCh38_CMRG_48529	839
GRCh38_CMRG_49111	839
GRCh38_CMRG_50040	839
GRCh38_CMRG_50944	839
GRCh38_CMRG_52886	839
GRCh38_CMRG_53917	839
GRCh38_CMRG_54005	839
GRCh38_CMRG_55671	839
GRCh38_CMRG_60951	839
GRCh38_CMRG_64426	839
GRCh38_CMRG_67349	839
GRCh38_CMRG_67350	839
GRCh38_CMRG_74890	839
GRCh38_CMRG_79090	839
GRCh38_CMRG_81498	839
GRCh38_CMRG_82871	839
GRCh38_CMRG_83964	839
GRCh38_CMRG_10992	838
GRCh38_CMRG_22705	838
GRCh38_CMRG_23452	838
GRCh38_CMRG_24014	838
GRCh38_CMRG_2455	838
GRCh38_CMRG_40221	838
GRCh38_CMRG_41128	838
GRCh38_CMRG_52429	838
GRCh38_CMRG_55767	838
GRCh38_CMRG_55768	838
GRCh38_CMRG_60859	838
GRCh38_CMRG_61378	838
GRCh38_CMRG_63549	838
GRCh38_CMRG_63550	838
GRCh38_CMRG_73267	838
GRCh38_CMRG_75503	838
GRCh38_CMRG_82989	838
GRCh38_CMRG_26310	837
GRCh38_CMRG_29197	837
GRCh38_CMRG_29723	837
GRCh38_CMRG_31056	837
GRCh38_CMRG_32369	837
GRCh38_CMRG_377	837
GRCh38_CMRG_50956	837
GRCh38_CMRG_52385	837
GRCh38_CMRG_52907	837
GRCh38_CMRG_58181	837
GRCh38_CMRG_60322	837
GRCh38_CMRG_67202	837
GRCh38_CMRG_12795	836
GRCh38_CMRG_14713	836
GRCh38_CMRG_18680	836
GRCh38_CMRG_48246	836
GRCh38_CMRG_49423	836
GRCh38_CMRG_50855	836
GRCh38_CMRG_52382	836
GRCh38_CMRG_60297	836
GRCh38_CMRG_63637	836
GRCh38_CMRG_64561	836
GRCh38_CMRG_67124	836
GRCh38_CMRG_68083	836
GRCh38_CMRG_70090	836
GRCh38_CMRG_73328	836
GRCh38_CMRG_77489	836
GRCh38_CMRG_79852	836
GRCh38_CMRG_81449	836
GRCh38_CMRG_82596	836
GRCh38_CMRG_11197	835
GRCh38_CMRG_12913	835
GRCh38_CMRG_14701	835
GRCh38_CMRG_19073	835
GRCh38_CMRG_19498	835
GRCh38_CMRG_24524	835
GRCh38_CMRG_34739	835
GRCh38_CMRG_44360	835
GRCh38_CMRG_45418	835
GRCh38_CMRG_48667	835
GRCh38_CMRG_54603	835
GRCh38_CMRG_55387	835
GRCh38_CMRG_58742	835
GRCh38_CMRG_58745	835
GRCh38_CMRG_63232	835
GRCh38_CMRG_67628	835
GRCh38_CMRG_68882	835
GRCh38_CMRG_70361	835
GRCh38_CMRG_70648	835
GRCh38_CMRG_7590	835
GRCh38_CMRG_7691	835
GRCh38_CMRG_77501	835
GRCh38_CMRG_81723	835
GRCh38_CMRG_82063	835
GRCh38_CMRG_11929	834
GRCh38_CMRG_19072	834
GRCh38_CMRG_197	834
GRCh38_CMRG_198	834
GRCh38_CMRG_21120	834
GRCh38_CMRG_23115	834
GRCh38_CMRG_31252	834
GRCh38_CMRG_31701	834
GRCh38_CMRG_33176	834
GRCh38_CMRG_44160	834
GRCh38_CMRG_50074	834
GRCh38_CMRG_52538	834
GRCh38_CMRG_53008	834
GRCh38_CMRG_58389	834
GRCh38_CMRG_67278	834
GRCh38_CMRG_6905	834
GRCh38_CMRG_79825	834
GRCh38_CMRG_83731	834
GRCh38_CMRG_13647	833
GRCh38_CMRG_17281	833
GRCh38_CMRG_22338	833
GRCh38_CMRG_23302	833
GRCh38_CMRG_24487	833
GRCh38_CMRG_42454	833
GRCh38_CMRG_46534	833
GRCh38_CMRG_49419	833
GRCh38_CMRG_50325	833
GRCh38_CMRG_61626	833
GRCh38_CMRG_70493	833
GRCh38_CMRG_75522	833
GRCh38_CMRG_77606	833
GRCh38_CMRG_10499	832
GRCh38_CMRG_2181	832
GRCh38_CMRG_27205	832
GRCh38_CMRG_27960	832
GRCh38_CMRG_31029	832
GRCh38_CMRG_31030	832
GRCh38_CMRG_36128	832
GRCh38_CMRG_37832	832
GRCh38_CMRG_41044	832
GRCh38_CMRG_58929	832
GRCh38_CMRG_60298	832
GRCh38_CMRG_62215	832
GRCh38_CMRG_68279	832
GRCh38_CMRG_71765	832
GRCh38_CMRG_72851	832
GRCh38_CMRG_73331	832
GRCh38_CMRG_79656	832
GRCh38_CMRG_9751	832
GRCh38_CMRG_10771	831
GRCh38_CMRG_12309	831
GRCh38_CMRG_14891	831
GRCh38_CMRG_18515	831
GRCh38_CMRG_2180	831
GRCh38_CMRG_35959	831
GRCh38_CMRG_49201	831
GRCh38_CMRG_52384	831
GRCh38_CMRG_6085	831
GRCh38_CMRG_61831	831
GRCh38_CMRG_77397	831
GRCh38_CMRG_11645	830
GRCh38_CMRG_1908	830
GRCh38_CMRG_1909	830
GRCh38_CMRG_21814	830
GRCh38_CMRG_22682	830
GRCh38_CMRG_23989	830
GRCh38_CMRG_27938	830
GRCh38_CMRG_38907	830
GRCh38_CMRG_41779	830
GRCh38_CMRG_65559	830
GRCh38_CMRG_68427	830
GRCh38_CMRG_7509	830
GRCh38_CMRG_83570	830
GRCh38_CMRG_18161	829
GRCh38_CMRG_18350	829
GRCh38_CMRG_19229	829
GRCh38_CMRG_27526	829
GRCh38_CMRG_30633	829
GRCh38_CMRG_31598	829
GRCh38_CMRG_37829	829
GRCh38_CMRG_41118	829
GRCh38_CMRG_41119	829
GRCh38_CMRG_45575	829
GRCh38_CMRG_47093	829
GRCh38_CMRG_47939	829
GRCh38_CMRG_50303	829
GRCh38_CMRG_54447	829
GRCh38_CMRG_58444	829
GRCh38_CMRG_58445	829
GRCh38_CMRG_59671	829
GRCh38_CMRG_62480	829
GRCh38_CMRG_71621	829
GRCh38_CMRG_71980	829
GRCh38_CMRG_71981	829
GRCh38_CMRG_73106	829
GRCh38_CMRG_73107	829
GRCh38_CMRG_74207	829
GRCh38_CMRG_75451	829
GRCh38_CMRG_76659	829
GRCh38_CMRG_79731	829
GRCh38_CMRG_79732	829
GRCh38_CMRG_79902	829
GRCh38_CMRG_82597	829
GRCh38_CMRG_83624	829
GRCh38_CMRG_9211	829
GRCh38_CMRG_12476	828
GRCh38_CMRG_12477	828
GRCh38_CMRG_1459	828
GRCh38_CMRG_1483	828
GRCh38_CMRG_18459	828
GRCh38_CMRG_22246	828
GRCh38_CMRG_22247	828
GRCh38_CMRG_25839	828
GRCh38_CMRG_2715	828
GRCh38_CMRG_32096	828
GRCh38_CMRG_32845	828
GRCh38_CMRG_41074	828
GRCh38_CMRG_41488	828
GRCh38_CMRG_44356	828
GRCh38_CMRG_49372	828
GRCh38_CMRG_49373	828
GRCh38_CMRG_52936	828
GRCh38_CMRG_70229	828
GRCh38_CMRG_72152	828
GRCh38_CMRG_7300	828
GRCh38_CMRG_80031	828
GRCh38_CMRG_82598	828
GRCh38_CMRG_10671	827
GRCh38_CMRG_111	827
GRCh38_CMRG_14712	827
GRCh38_CMRG_17858	827
GRCh38_CMRG_19545	827
GRCh38_CMRG_28268	827
GRCh38_CMRG_39677	827
GRCh38_CMRG_41916	827
GRCh38_CMRG_47092	827
GRCh38_CMRG_48186	827
GRCh38_CMRG_49087	827
GRCh38_CMRG_51689	827
GRCh38_CMRG_64884	827
GRCh38_CMRG_67787	827
GRCh38_CMRG_77520	827
GRCh38_CMRG_77521	827
GRCh38_CMRG_78	827
GRCh38_CMRG_83428	827
GRCh38_CMRG_84565	827
GRCh38_CMRG_84566	827
GRCh38_CMRG_15333	826
GRCh38_CMRG_17270	826
GRCh38_CMRG_23991	826
GRCh38_CMRG_26524	826
GRCh38_CMRG_27820	826
GRCh38_CMRG_29302	826
GRCh38_CMRG_30596	826
GRCh38_CMRG_36585	826
GRCh38_CMRG_37044	826
GRCh38_CMRG_37414	826
GRCh38_CMRG_37485	826
GRCh38_CMRG_40723	826
GRCh38_CMRG_48528	826
GRCh38_CMRG_48789	826
GRCh38_CMRG_49086	826
GRCh38_CMRG_55804	826
GRCh38_CMRG_60345	826
GRCh38_CMRG_67241	826
GRCh38_CMRG_70645	826
GRCh38_CMRG_70903	826
GRCh38_CMRG_75418	826
GRCh38_CMRG_77171	826
GRCh38_CMRG_9415	826
GRCh38_CMRG_9416	826
GRCh38_CMRG_10524	825
GRCh38_CMRG_10527	825
GRCh38_CMRG_1422	825
GRCh38_CMRG_1664	825
GRCh38_CMRG_22619	825
GRCh38_CMRG_23484	825
GRCh38_CMRG_23894	825
GRCh38_CMRG_27398	825
GRCh38_CMRG_30788	825
GRCh38_CMRG_44315	825
GRCh38_CMRG_45656	825
GRCh38_CMRG_45657	825
GRCh38_CMRG_52269	825
GRCh38_CMRG_55256	825
GRCh38_CMRG_59975	825
GRCh38_CMRG_64691	825
GRCh38_CMRG_65122	825
GRCh38_CMRG_65950	825
GRCh38_CMRG_706	825
GRCh38_CMRG_707	825
GRCh38_CMRG_71331	825
GRCh38_CMRG_72813	825
GRCh38_CMRG_72814	825
GRCh38_CMRG_74208	825
GRCh38_CMRG_74605	825
GRCh38_CMRG_74749	825
GRCh38_CMRG_77039	825
GRCh38_CMRG_80030	825
GRCh38_CMRG_9596	825
GRCh38_CMRG_1453	824
GRCh38_CMRG_14760	824
GRCh38_CMRG_22185	824
GRCh38_CMRG_2247	824
GRCh38_CMRG_23781	824
GRCh38_CMRG_27986	824
GRCh38_CMRG_29678	824
GRCh38_CMRG_30789	824
GRCh38_CMRG_31397	824
GRCh38_CMRG_31422	824
GRCh38_CMRG_31423	824
GRCh38_CMRG_33857	824
GRCh38_CMRG_45177	824
GRCh38_CMRG_51601	824
GRCh38_CMRG_52068	824
GRCh38_CMRG_65565	824
GRCh38_CMRG_71077	824
GRCh38_CMRG_77142	824
GRCh38_CMRG_81780	824
GRCh38_CMRG_14415	823
GRCh38_CMRG_15558	823
GRCh38_CMRG_15559	823
GRCh38_CMRG_18814	823
GRCh38_CMRG_21189	823
GRCh38_CMRG_22312	823
GRCh38_CMRG_25405	823
GRCh38_CMRG_28089	823
GRCh38_CMRG_33175	823
GRCh38_CMRG_37244	823
GRCh38_CMRG_37351	823
GRCh38_CMRG_40545	823
GRCh38_CMRG_41150	823
GRCh38_CMRG_45520	823
GRCh38_CMRG_45941	823
GRCh38_CMRG_49592	823
GRCh38_CMRG_50194	823
GRCh38_CMRG_64853	823
GRCh38_CMRG_71774	823
GRCh38_CMRG_74078	823
GRCh38_CMRG_8022	823
GRCh38_CMRG_81768	823
GRCh38_CMRG_82716	823
GRCh38_CMRG_84016	823
GRCh38_CMRG_9154	823
GRCh38_CMRG_9155	823
GRCh38_CMRG_10779	822
GRCh38_CMRG_17190	822
GRCh38_CMRG_19990	822
GRCh38_CMRG_24814	822
GRCh38_CMRG_26072	822
GRCh38_CMRG_29905	822
GRCh38_CMRG_31421	822
GRCh38_CMRG_35557	822
GRCh38_CMRG_52444	822
GRCh38_CMRG_52864	822
GRCh38_CMRG_62446	822
GRCh38_CMRG_66115	822
GRCh38_CMRG_68634	822
GRCh38_CMRG_69530	822
GRCh38_CMRG_70143	822
GRCh38_CMRG_72079	822
GRCh38_CMRG_72080	822
GRCh38_CMRG_75514	822
GRCh38_CMRG_7612	822
GRCh38_CMRG_34112	821
GRCh38_CMRG_36566	821
GRCh38_CMRG_36727	821
GRCh38_CMRG_36848	821
GRCh38_CMRG_43963	821
GRCh38_CMRG_45009	821
GRCh38_CMRG_49200	821
GRCh38_CMRG_50617	821
GRCh38_CMRG_59481	821
GRCh38_CMRG_6377	821
GRCh38_CMRG_65801	821
GRCh38_CMRG_6751	821
GRCh38_CMRG_68942	821
GRCh38_CMRG_73390	821
GRCh38_CMRG_74233	821
GRCh38_CMRG_83529	821
GRCh38_CMRG_13512	820
GRCh38_CMRG_16909	820
GRCh38_CMRG_18565	820
GRCh38_CMRG_19903	820
GRCh38_CMRG_2230	820
GRCh38_CMRG_22975	820
GRCh38_CMRG_24352	820
GRCh38_CMRG_26644	820
GRCh38_CMRG_34113	820
GRCh38_CMRG_34270	820
GRCh38_CMRG_34303	820
GRCh38_CMRG_36974	820
GRCh38_CMRG_37551	820
GRCh38_CMRG_37830	820
GRCh38_CMRG_38422	820
GRCh38_CMRG_41433	820
GRCh38_CMRG_42394	820
GRCh38_CMRG_42395	820
GRCh38_CMRG_43924	820
GRCh38_CMRG_45129	820
GRCh38_CMRG_46059	820
GRCh38_CMRG_47393	820
GRCh38_CMRG_49746	820
GRCh38_CMRG_51189	820
GRCh38_CMRG_535	820
GRCh38_CMRG_536	820
GRCh38_CMRG_62115	820
GRCh38_CMRG_64323	820
GRCh38_CMRG_65827	820
GRCh38_CMRG_70732	820
GRCh38_CMRG_71779	820
GRCh38_CMRG_77299	820
GRCh38_CMRG_79539	820
GRCh38_CMRG_79540	820
GRCh38_CMRG_82692	820
GRCh38_CMRG_9124	820
GRCh38_CMRG_13225	819
GRCh38_CMRG_14923	819
GRCh38_CMRG_17217	819
GRCh38_CMRG_1745	819
GRCh38_CMRG_1760	819
GRCh38_CMRG_24148	819
GRCh38_CMRG_24149	819
GRCh38_CMRG_31280	819
GRCh38_CMRG_38062	819
GRCh38_CMRG_39008	819
GRCh38_CMRG_39847	819
GRCh38_CMRG_40312	819
GRCh38_CMRG_46379	819
GRCh38_CMRG_49747	819
GRCh38_CMRG_59789	819
GRCh38_CMRG_6057	819
GRCh38_CMRG_61563	819
GRCh38_CMRG_62553	819
GRCh38_CMRG_70115	819
GRCh38_CMRG_70518	819
GRCh38_CMRG_71202	819
GRCh38_CMRG_72725	819
GRCh38_CMRG_73396	819
GRCh38_CMRG_73619	819
GRCh38_CMRG_75523	819
GRCh38_CMRG_81627	819
GRCh38_CMRG_82050	819
GRCh38_CMRG_10741	818
GRCh38_CMRG_11178	818
GRCh38_CMRG_1758	818
GRCh38_CMRG_21816	818
GRCh38_CMRG_34015	818
GRCh38_CMRG_37516	818
GRCh38_CMRG_41331	818
GRCh38_CMRG_42555	818
GRCh38_CMRG_43964	818
GRCh38_CMRG_48784	818
GRCh38_CMRG_53496	818
GRCh38_CMRG_61010	818
GRCh38_CMRG_61976	818
GRCh38_CMRG_64804	818
GRCh38_CMRG_68603	818
GRCh38_CMRG_71755	818
GRCh38_CMRG_71756	818
GRCh38_CMRG_7275	818
GRCh38_CMRG_8053	818
GRCh38_CMRG_84499	818
GRCh38_CMRG_9152	818
GRCh38_CMRG_9153	818
GRCh38_CMRG_11785	817
GRCh38_CMRG_12210	817
GRCh38_CMRG_14231	817
GRCh38_CMRG_15351	817
GRCh38_CMRG_15352	817
GRCh38_CMRG_1958	817
GRCh38_CMRG_1959	817
GRCh38_CMRG_23306	817
GRCh38_CMRG_26340	817
GRCh38_CMRG_28136	817
GRCh38_CMRG_31269	817
GRCh38_CMRG_35714	817
GRCh38_CMRG_38344	817
GRCh38_CMRG_38997	817
GRCh38_CMRG_39821	817
GRCh38_CMRG_47242	817
GRCh38_CMRG_47243	817
GRCh38_CMRG_54788	817
GRCh38_CMRG_70152	817
GRCh38_CMRG_72699	817
GRCh38_CMRG_72700	817
GRCh38_CMRG_78900	817
GRCh38_CMRG_82694	817
GRCh38_CMRG_84208	817
GRCh38_CMRG_9067	817
GRCh38_CMRG_9246	817
GRCh38_CMRG_1197	816
GRCh38_CMRG_13042	816
GRCh38_CMRG_13948	816
GRCh38_CMRG_14127	816
GRCh38_CMRG_14128	816
GRCh38_CMRG_14764	816
GRCh38_CMRG_17269	816
GRCh38_CMRG_1817	816
GRCh38_CMRG_18708	816
GRCh38_CMRG_1971	816
GRCh38_CMRG_2148	816
GRCh38_CMRG_23790	816
GRCh38_CMRG_24358	816
GRCh38_CMRG_29906	816
GRCh38_CMRG_33872	816
GRCh38_CMRG_37887	816
GRCh38_CMRG_39630	816
GRCh38_CMRG_40412	816
GRCh38_CMRG_41253	816
GRCh38_CMRG_47863	816
GRCh38_CMRG_55488	816
GRCh38_CMRG_67468	816
GRCh38_CMRG_67469	816
GRCh38_CMRG_68397	816
GRCh38_CMRG_69361	816
GRCh38_CMRG_76986	816
GRCh38_CMRG_77394	816
GRCh38_CMRG_80986	816
GRCh38_CMRG_8442	816
GRCh38_CMRG_8443	816
GRCh38_CMRG_9303	816
GRCh38_CMRG_93	816
GRCh38_CMRG_13025	815
GRCh38_CMRG_17554	815
GRCh38_CMRG_23011	815
GRCh38_CMRG_24094	815
GRCh38_CMRG_2714	815
GRCh38_CMRG_41873	815
GRCh38_CMRG_42405	815
GRCh38_CMRG_45514	815
GRCh38_CMRG_48196	815
GRCh38_CMRG_55489	815
GRCh38_CMRG_6316	815
GRCh38_CMRG_63944	815
GRCh38_CMRG_67825	815
GRCh38_CMRG_68086	815
GRCh38_CMRG_7130	815
GRCh38_CMRG_77104	815
GRCh38_CMRG_77120	815
GRCh38_CMRG_77709	815
GRCh38_CMRG_79773	815
GRCh38_CMRG_8003	815
GRCh38_CMRG_16515	814
GRCh38_CMRG_18607	814
GRCh38_CMRG_21358	814
GRCh38_CMRG_2348	814
GRCh38_CMRG_24093	814
GRCh38_CMRG_24735	814
GRCh38_CMRG_37188	814
GRCh38_CMRG_37635	814
GRCh38_CMRG_40715	814
GRCh38_CMRG_45515	814
GRCh38_CMRG_46578	814
GRCh38_CMRG_47938	814
GRCh38_CMRG_49421	814
GRCh38_CMRG_50775	814
GRCh38_CMRG_55305	814
GRCh38_CMRG_62388	814
GRCh38_CMRG_65193	814
GRCh38_CMRG_67879	814
GRCh38_CMRG_72765	814
GRCh38_CMRG_81194	814
GRCh38_CMRG_11033	813
GRCh38_CMRG_25946	813
GRCh38_CMRG_26558	813
GRCh38_CMRG_28164	813
GRCh38_CMRG_31126	813
GRCh38_CMRG_31127	813
GRCh38_CMRG_31628	813
GRCh38_CMRG_33800	813
GRCh38_CMRG_38061	813
GRCh38_CMRG_46066	813
GRCh38_CMRG_48259	813
GRCh38_CMRG_48933	813
GRCh38_CMRG_50225	813
GRCh38_CMRG_58211	813
GRCh38_CMRG_61846	813
GRCh38_CMRG_67327	813
GRCh38_CMRG_68556	813
GRCh38_CMRG_70599	813
GRCh38_CMRG_72247	813
GRCh38_CMRG_77165	813
GRCh38_CMRG_77166	813
GRCh38_CMRG_78971	813
GRCh38_CMRG_79726	813
GRCh38_CMRG_79746	813
GRCh38_CMRG_83235	813
GRCh38_CMRG_83819	813
GRCh38_CMRG_11867	812
GRCh38_CMRG_12250	812
GRCh38_CMRG_14120	812
GRCh38_CMRG_15073	812
GRCh38_CMRG_21836	812
GRCh38_CMRG_22642	812
GRCh38_CMRG_22986	812
GRCh38_CMRG_24117	812
GRCh38_CMRG_25277	812
GRCh38_CMRG_25278	812
GRCh38_CMRG_26003	812
GRCh38_CMRG_28417	812
GRCh38_CMRG_28418	812
GRCh38_CMRG_28990	812
GRCh38_CMRG_30616	812
GRCh38_CMRG_31399	812
GRCh38_CMRG_38380	812
GRCh38_CMRG_38381	812
GRCh38_CMRG_41329	812
GRCh38_CMRG_41330	812
GRCh38_CMRG_41780	812
GRCh38_CMRG_41991	812
GRCh38_CMRG_47666	812
GRCh38_CMRG_49395	812
GRCh38_CMRG_54140	812
GRCh38_CMRG_55404	812
GRCh38_CMRG_58212	812
GRCh38_CMRG_59480	812
GRCh38_CMRG_62306	812
GRCh38_CMRG_6315	812
GRCh38_CMRG_63364	812
GRCh38_CMRG_69569	812
GRCh38_CMRG_72428	812
GRCh38_CMRG_84337	812
GRCh38_CMRG_9305	812
GRCh38_CMRG_10957	811
GRCh38_CMRG_1296	811
GRCh38_CMRG_2349	811
GRCh38_CMRG_29091	811
GRCh38_CMRG_29899	811
GRCh38_CMRG_33537	811
GRCh38_CMRG_41643	811
GRCh38_CMRG_46310	811
GRCh38_CMRG_58919	811
GRCh38_CMRG_60819	811
GRCh38_CMRG_65825	811
GRCh38_CMRG_65826	811
GRCh38_CMRG_11494	810
GRCh38_CMRG_12041	810
GRCh38_CMRG_17992	810
GRCh38_CMRG_21449	810
GRCh38_CMRG_22335	810
GRCh38_CMRG_49027	810
GRCh38_CMRG_52891	810
GRCh38_CMRG_52892	810
GRCh38_CMRG_54372	810
GRCh38_CMRG_54811	810
GRCh38_CMRG_55583	810
GRCh38_CMRG_60970	810
GRCh38_CMRG_73794	810
GRCh38_CMRG_7562	810
GRCh38_CMRG_79528	810
GRCh38_CMRG_82793	810
GRCh38_CMRG_84338	810
GRCh38_CMRG_8532	810
GRCh38_CMRG_12381	809
GRCh38_CMRG_14591	809
GRCh38_CMRG_23734	809
GRCh38_CMRG_25366	809
GRCh38_CMRG_26060	809
GRCh38_CMRG_31415	809
GRCh38_CMRG_34039	809
GRCh38_CMRG_34040	809
GRCh38_CMRG_34642	809
GRCh38_CMRG_35932	809
GRCh38_CMRG_41254	809
GRCh38_CMRG_58481	809
GRCh38_CMRG_59159	809
GRCh38_CMRG_68087	809
GRCh38_CMRG_70649	809
GRCh38_CMRG_82024	809
GRCh38_CMRG_9522	809
GRCh38_CMRG_12640	808
GRCh38_CMRG_13126	808
GRCh38_CMRG_19587	808
GRCh38_CMRG_29215	808
GRCh38_CMRG_40372	808
GRCh38_CMRG_46254	808
GRCh38_CMRG_50478	808
GRCh38_CMRG_51935	808
GRCh38_CMRG_54641	808
GRCh38_CMRG_58489	808
GRCh38_CMRG_69490	808
GRCh38_CMRG_71688	808
GRCh38_CMRG_72425	808
GRCh38_CMRG_72426	808
GRCh38_CMRG_72774	808
GRCh38_CMRG_74661	808
GRCh38_CMRG_77269	808
GRCh38_CMRG_80026	808
GRCh38_CMRG_81804	808
GRCh38_CMRG_8321	808
GRCh38_CMRG_83788	808
GRCh38_CMRG_13967	807
GRCh38_CMRG_14575	807
GRCh38_CMRG_18493	807
GRCh38_CMRG_23413	807
GRCh38_CMRG_32168	807
GRCh38_CMRG_32473	807
GRCh38_CMRG_35933	807
GRCh38_CMRG_36586	807
GRCh38_CMRG_45553	807
GRCh38_CMRG_48782	807
GRCh38_CMRG_54348	807
GRCh38_CMRG_58986	807
GRCh38_CMRG_63811	807
GRCh38_CMRG_71024	807
GRCh38_CMRG_9517	807
GRCh38_CMRG_18900	806
GRCh38_CMRG_19495	806
GRCh38_CMRG_21851	806
GRCh38_CMRG_28052	806
GRCh38_CMRG_28194	806
GRCh38_CMRG_28409	806
GRCh38_CMRG_28829	806
GRCh38_CMRG_29196	806
GRCh38_CMRG_49656	806
GRCh38_CMRG_53305	806
GRCh38_CMRG_55494	806
GRCh38_CMRG_63650	806
GRCh38_CMRG_68409	806
GRCh38_CMRG_69491	806
GRCh38_CMRG_70594	806
GRCh38_CMRG_70652	806
GRCh38_CMRG_7561	806
GRCh38_CMRG_77194	806
GRCh38_CMRG_77195	806
GRCh38_CMRG_8725	806
GRCh38_CMRG_14603	805
GRCh38_CMRG_15290	805
GRCh38_CMRG_17494	805
GRCh38_CMRG_18192	805
GRCh38_CMRG_21095	805
GRCh38_CMRG_21936	805
GRCh38_CMRG_23628	805
GRCh38_CMRG_25256	805
GRCh38_CMRG_26719	805
GRCh38_CMRG_31053	805
GRCh38_CMRG_33026	805
GRCh38_CMRG_37179	805
GRCh38_CMRG_37184	805
GRCh38_CMRG_37435	805
GRCh38_CMRG_37985	805
GRCh38_CMRG_44091	805
GRCh38_CMRG_48125	805
GRCh38_CMRG_53302	805
GRCh38_CMRG_5534	805
GRCh38_CMRG_55541	805
GRCh38_CMRG_59359	805
GRCh38_CMRG_70624	805
GRCh38_CMRG_71435	805
GRCh38_CMRG_74624	805
GRCh38_CMRG_79074	805
GRCh38_CMRG_81879	805
GRCh38_CMRG_83967	805
GRCh38_CMRG_8460	805
GRCh38_CMRG_11885	804
GRCh38_CMRG_19228	804
GRCh38_CMRG_24886	804
GRCh38_CMRG_24887	804
GRCh38_CMRG_26645	804
GRCh38_CMRG_31576	804
GRCh38_CMRG_32594	804
GRCh38_CMRG_39805	804
GRCh38_CMRG_40186	804
GRCh38_CMRG_41177	804
GRCh38_CMRG_49483	804
GRCh38_CMRG_50479	804
GRCh38_CMRG_52927	804
GRCh38_CMRG_53108	804
GRCh38_CMRG_55825	804
GRCh38_CMRG_60875	804
GRCh38_CMRG_60876	804
GRCh38_CMRG_6196	804
GRCh38_CMRG_6611	804
GRCh38_CMRG_70049	804
GRCh38_CMRG_70800	804
GRCh38_CMRG_72427	804
GRCh38_CMRG_75707	804
GRCh38_CMRG_77362	804
GRCh38_CMRG_79243	804
GRCh38_CMRG_17278	803
GRCh38_CMRG_27254	803
GRCh38_CMRG_27552	803
GRCh38_CMRG_29650	803
GRCh38_CMRG_37682	803
GRCh38_CMRG_47920	803
GRCh38_CMRG_48531	803
GRCh38_CMRG_52393	803
GRCh38_CMRG_546	803
GRCh38_CMRG_62614	803
GRCh38_CMRG_6401	803
GRCh38_CMRG_68403	803
GRCh38_CMRG_79030	803
GRCh38_CMRG_79863	803
GRCh38_CMRG_83129	803
GRCh38_CMRG_83173	803
GRCh38_CMRG_9457	803
GRCh38_CMRG_9458	803
GRCh38_CMRG_11773	802
GRCh38_CMRG_11966	802
GRCh38_CMRG_11967	802
GRCh38_CMRG_13947	802
GRCh38_CMRG_17266	802
GRCh38_CMRG_18616	802
GRCh38_CMRG_2084	802
GRCh38_CMRG_21765	802
GRCh38_CMRG_28473	802
GRCh38_CMRG_28834	802
GRCh38_CMRG_28835	802
GRCh38_CMRG_29211	802
GRCh38_CMRG_31226	802
GRCh38_CMRG_32598	802
GRCh38_CMRG_37450	802
GRCh38_CMRG_37451	802
GRCh38_CMRG_37597	802
GRCh38_CMRG_39969	802
GRCh38_CMRG_42407	802
GRCh38_CMRG_51354	802
GRCh38_CMRG_52392	802
GRCh38_CMRG_53629	802
GRCh38_CMRG_55086	802
GRCh38_CMRG_59704	802
GRCh38_CMRG_67623	802
GRCh38_CMRG_68390	802
GRCh38_CMRG_72601	802
GRCh38_CMRG_81923	802
GRCh38_CMRG_9161	802
GRCh38_CMRG_9162	802
GRCh38_CMRG_10950	801
GRCh38_CMRG_1147	801
GRCh38_CMRG_1148	801
GRCh38_CMRG_12718	801
GRCh38_CMRG_12888	801
GRCh38_CMRG_14669	801
GRCh38_CMRG_18561	801
GRCh38_CMRG_21912	801
GRCh38_CMRG_33043	801
GRCh38_CMRG_34677	801
GRCh38_CMRG_37174	801
GRCh38_CMRG_37543	801
GRCh38_CMRG_38247	801
GRCh38_CMRG_38445	801
GRCh38_CMRG_38453	801
GRCh38_CMRG_38533	801
GRCh38_CMRG_45832	801
GRCh38_CMRG_48131	801
GRCh38_CMRG_49182	801
GRCh38_CMRG_52379	801
GRCh38_CMRG_55692	801
GRCh38_CMRG_58561	801
GRCh38_CMRG_59452	801
GRCh38_CMRG_6113	801
GRCh38_CMRG_68965	801
GRCh38_CMRG_70996	801
GRCh38_CMRG_71582	801
GRCh38_CMRG_73397	801
GRCh38_CMRG_7575	801
GRCh38_CMRG_76834	801
GRCh38_CMRG_81604	801
GRCh38_CMRG_82550	801
GRCh38_CMRG_83556	801
GRCh38_CMRG_10933	800
GRCh38_CMRG_10934	800
GRCh38_CMRG_13521	800
GRCh38_CMRG_13863	800
GRCh38_CMRG_2903	800
GRCh38_CMRG_32860	800
GRCh38_CMRG_33237	800
GRCh38_CMRG_37647	800
GRCh38_CMRG_38501	800
GRCh38_CMRG_42225	800
GRCh38_CMRG_44121	800
GRCh38_CMRG_44677	800
GRCh38_CMRG_46241	800
GRCh38_CMRG_48124	800
GRCh38_CMRG_50860	800
GRCh38_CMRG_52204	800
GRCh38_CMRG_52409	800
GRCh38_CMRG_55446	800
GRCh38_CMRG_55844	800
GRCh38_CMRG_67671	800
GRCh38_CMRG_7143	800
GRCh38_CMRG_71974	800
GRCh38_CMRG_72659	800
GRCh38_CMRG_81866	800
GRCh38_CMRG_15138	799
GRCh38_CMRG_18943	799
GRCh38_CMRG_19391	799
GRCh38_CMRG_19392	799
GRCh38_CMRG_23134	799
GRCh38_CMRG_26610	799
GRCh38_CMRG_2902	799
GRCh38_CMRG_29857	799
GRCh38_CMRG_31650	799
GRCh38_CMRG_41091	799
GRCh38_CMRG_41092	799
GRCh38_CMRG_42152	799
GRCh38_CMRG_43923	799
GRCh38_CMRG_48783	799
GRCh38_CMRG_58531	799
GRCh38_CMRG_68905	799
GRCh38_CMRG_68906	799
GRCh38_CMRG_7968	799
GRCh38_CMRG_9350	799
GRCh38_CMRG_14017	798
GRCh38_CMRG_21212	798
GRCh38_CMRG_21430	798
GRCh38_CMRG_29150	798
GRCh38_CMRG_44750	798
GRCh38_CMRG_579	798
GRCh38_CMRG_63216	798
GRCh38_CMRG_639	798
GRCh38_CMRG_65490	798
GRCh38_CMRG_69358	798
GRCh38_CMRG_7205	798
GRCh38_CMRG_72825	798
GRCh38_CMRG_72990	798
GRCh38_CMRG_72991	798
GRCh38_CMRG_73620	798
GRCh38_CMRG_77689	798
GRCh38_CMRG_8204	798
GRCh38_CMRG_82640	798
GRCh38_CMRG_9537	798
GRCh38_CMRG_9538	798
GRCh38_CMRG_14740	797
GRCh38_CMRG_17414	797
GRCh38_CMRG_21431	797
GRCh38_CMRG_21872	797
GRCh38_CMRG_24031	797
GRCh38_CMRG_27275	797
GRCh38_CMRG_34222	797
GRCh38_CMRG_38071	797
GRCh38_CMRG_38986	797
GRCh38_CMRG_39209	797
GRCh38_CMRG_47626	797
GRCh38_CMRG_58065	797
GRCh38_CMRG_6259	797
GRCh38_CMRG_70214	797
GRCh38_CMRG_70215	797
GRCh38_CMRG_70643	797
GRCh38_CMRG_73299	797
GRCh38_CMRG_73878	797
GRCh38_CMRG_79347	797
GRCh38_CMRG_81435	797
GRCh38_CMRG_2013	796
GRCh38_CMRG_22409	796
GRCh38_CMRG_27776	796
GRCh38_CMRG_27777	796
GRCh38_CMRG_29303	796
GRCh38_CMRG_29304	796
GRCh38_CMRG_44068	796
GRCh38_CMRG_47404	796
GRCh38_CMRG_47584	796
GRCh38_CMRG_48521	796
GRCh38_CMRG_55401	796
GRCh38_CMRG_58361	796
GRCh38_CMRG_61767	796
GRCh38_CMRG_62521	796
GRCh38_CMRG_68290	796
GRCh38_CMRG_6976	796
GRCh38_CMRG_72457	796
GRCh38_CMRG_1520	795
GRCh38_CMRG_16543	795
GRCh38_CMRG_21564	795
GRCh38_CMRG_37968	795
GRCh38_CMRG_38289	795
GRCh38_CMRG_38430	795
GRCh38_CMRG_39500	795
GRCh38_CMRG_40054	795
GRCh38_CMRG_41645	795
GRCh38_CMRG_44081	795
GRCh38_CMRG_49980	795
GRCh38_CMRG_69005	795
GRCh38_CMRG_70050	795
GRCh38_CMRG_70627	795
GRCh38_CMRG_73879	795
GRCh38_CMRG_74892	795
GRCh38_CMRG_79165	795
GRCh38_CMRG_83536	795
GRCh38_CMRG_11536	794
GRCh38_CMRG_14320	794
GRCh38_CMRG_157	794
GRCh38_CMRG_17928	794
GRCh38_CMRG_2135	794
GRCh38_CMRG_21461	794
GRCh38_CMRG_22851	794
GRCh38_CMRG_24181	794
GRCh38_CMRG_26307	794
GRCh38_CMRG_34427	794
GRCh38_CMRG_47192	794
GRCh38_CMRG_47405	794
GRCh38_CMRG_59702	794
GRCh38_CMRG_60108	794
GRCh38_CMRG_63826	794
GRCh38_CMRG_70798	794
GRCh38_CMRG_73132	794
GRCh38_CMRG_74032	794
GRCh38_CMRG_75226	794
GRCh38_CMRG_75227	794
GRCh38_CMRG_77717	794
GRCh38_CMRG_82740	794
GRCh38_CMRG_8444	794
GRCh38_CMRG_16979	793
GRCh38_CMRG_17389	793
GRCh38_CMRG_17408	793
GRCh38_CMRG_17409	793
GRCh38_CMRG_23552	793
GRCh38_CMRG_26707	793
GRCh38_CMRG_29007	793
GRCh38_CMRG_29008	793
GRCh38_CMRG_30639	793
GRCh38_CMRG_32296	793
GRCh38_CMRG_39371	793
GRCh38_CMRG_40908	793
GRCh38_CMRG_41646	793
GRCh38_CMRG_45626	793
GRCh38_CMRG_47587	793
GRCh38_CMRG_49332	793
GRCh38_CMRG_50564	793
GRCh38_CMRG_53968	793
GRCh38_CMRG_59161	793
GRCh38_CMRG_59162	793
GRCh38_CMRG_66083	793
GRCh38_CMRG_67826	793
GRCh38_CMRG_7625	793
GRCh38_CMRG_10721	792
GRCh38_CMRG_12652	792
GRCh38_CMRG_12653	792
GRCh38_CMRG_18096	792
GRCh38_CMRG_18160	792
GRCh38_CMRG_23554	792
GRCh38_CMRG_23654	792
GRCh38_CMRG_2764	792
GRCh38_CMRG_28619	792
GRCh38_CMRG_30592	792
GRCh38_CMRG_37605	792
GRCh38_CMRG_40175	792
GRCh38_CMRG_47811	792
GRCh38_CMRG_48567	792
GRCh38_CMRG_51101	792
GRCh38_CMRG_61108	792
GRCh38_CMRG_62556	792
GRCh38_CMRG_63738	792
GRCh38_CMRG_643	792
GRCh38_CMRG_65600	792
GRCh38_CMRG_68628	792
GRCh38_CMRG_77641	792
GRCh38_CMRG_81795	792
GRCh38_CMRG_82739	792
GRCh38_CMRG_84672	792
GRCh38_CMRG_14668	791
GRCh38_CMRG_18721	791
GRCh38_CMRG_21988	791
GRCh38_CMRG_21989	791
GRCh38_CMRG_2397	791
GRCh38_CMRG_24674	791
GRCh38_CMRG_25312	791
GRCh38_CMRG_27178	791
GRCh38_CMRG_27638	791
GRCh38_CMRG_27639	791
GRCh38_CMRG_29216	791
GRCh38_CMRG_30591	791
GRCh38_CMRG_32737	791
GRCh38_CMRG_32862	791
GRCh38_CMRG_38440	791
GRCh38_CMRG_38926	791
GRCh38_CMRG_44951	791
GRCh38_CMRG_45785	791
GRCh38_CMRG_46317	791
GRCh38_CMRG_49048	791
GRCh38_CMRG_49232	791
GRCh38_CMRG_52716	791
GRCh38_CMRG_63998	791
GRCh38_CMRG_64263	791
GRCh38_CMRG_73256	791
GRCh38_CMRG_73257	791
GRCh38_CMRG_83741	791
GRCh38_CMRG_9076	791
GRCh38_CMRG_10942	790
GRCh38_CMRG_15391	790
GRCh38_CMRG_22388	790
GRCh38_CMRG_22531	790
GRCh38_CMRG_29362	790
GRCh38_CMRG_31797	790
GRCh38_CMRG_37538	790
GRCh38_CMRG_52368	790
GRCh38_CMRG_55725	790
GRCh38_CMRG_69818	790
GRCh38_CMRG_70330	790
GRCh38_CMRG_70331	790
GRCh38_CMRG_71065	790
GRCh38_CMRG_71066	790
GRCh38_CMRG_73635	790
GRCh38_CMRG_77690	790
GRCh38_CMRG_84454	790
GRCh38_CMRG_13930	789
GRCh38_CMRG_17764	789
GRCh38_CMRG_19547	789
GRCh38_CMRG_29533	789
GRCh38_CMRG_37711	789
GRCh38_CMRG_38347	789
GRCh38_CMRG_40965	789
GRCh38_CMRG_43682	789
GRCh38_CMRG_43816	789
GRCh38_CMRG_43817	789
GRCh38_CMRG_54469	789
GRCh38_CMRG_58457	789
GRCh38_CMRG_58490	789
GRCh38_CMRG_58924	789
GRCh38_CMRG_68828	789
GRCh38_CMRG_69471	789
GRCh38_CMRG_81967	789
GRCh38_CMRG_83550	789
GRCh38_CMRG_84021	789
GRCh38_CMRG_1801	788
GRCh38_CMRG_19936	788
GRCh38_CMRG_21868	788
GRCh38_CMRG_24470	788
GRCh38_CMRG_26485	788
GRCh38_CMRG_34864	788
GRCh38_CMRG_37448	788
GRCh38_CMRG_37578	788
GRCh38_CMRG_38330	788
GRCh38_CMRG_45506	788
GRCh38_CMRG_47401	788
GRCh38_CMRG_47632	788
GRCh38_CMRG_50355	788
GRCh38_CMRG_50523	788
GRCh38_CMRG_53	788
GRCh38_CMRG_69006	788
GRCh38_CMRG_69031	788
GRCh38_CMRG_70651	788
GRCh38_CMRG_7487	788
GRCh38_CMRG_82720	788
GRCh38_CMRG_82741	788
GRCh38_CMRG_82792	788
GRCh38_CMRG_16483	787
GRCh38_CMRG_23223	787
GRCh38_CMRG_25104	787
GRCh38_CMRG_28102	787
GRCh38_CMRG_28564	787
GRCh38_CMRG_31816	787
GRCh38_CMRG_33268	787
GRCh38_CMRG_38332	787
GRCh38_CMRG_38333	787
GRCh38_CMRG_41012	787
GRCh38_CMRG_47044	787
GRCh38_CMRG_47171	787
GRCh38_CMRG_48729	787
GRCh38_CMRG_49416	787
GRCh38_CMRG_49420	787
GRCh38_CMRG_50350	787
GRCh38_CMRG_50351	787
GRCh38_CMRG_50618	787
GRCh38_CMRG_52002	787
GRCh38_CMRG_55000	787
GRCh38_CMRG_59444	787
GRCh38_CMRG_59917	787
GRCh38_CMRG_62323	787
GRCh38_CMRG_67620	787
GRCh38_CMRG_70333	787
GRCh38_CMRG_73608	787
GRCh38_CMRG_74845	787
GRCh38_CMRG_77534	787
GRCh38_CMRG_77715	787
GRCh38_CMRG_79827	787
GRCh38_CMRG_83668	787
GRCh38_CMRG_1164	786
GRCh38_CMRG_14659	786
GRCh38_CMRG_14660	786
GRCh38_CMRG_14809	786
GRCh38_CMRG_16458	786
GRCh38_CMRG_17259	786
GRCh38_CMRG_17260	786
GRCh38_CMRG_21375	786
GRCh38_CMRG_21417	786
GRCh38_CMRG_23307	786
GRCh38_CMRG_23580	786
GRCh38_CMRG_28518	786
GRCh38_CMRG_34681	786
GRCh38_CMRG_36344	786
GRCh38_CMRG_37406	786
GRCh38_CMRG_37930	786
GRCh38_CMRG_40053	786
GRCh38_CMRG_40127	786
GRCh38_CMRG_41363	786
GRCh38_CMRG_43771	786
GRCh38_CMRG_45377	786
GRCh38_CMRG_50354	786
GRCh38_CMRG_58196	786
GRCh38_CMRG_58787	786
GRCh38_CMRG_60567	786
GRCh38_CMRG_61004	786
GRCh38_CMRG_67616	786
GRCh38_CMRG_67617	786
GRCh38_CMRG_68722	786
GRCh38_CMRG_73063	786
GRCh38_CMRG_81560	786
GRCh38_CMRG_81794	786
GRCh38_CMRG_8666	786
GRCh38_CMRG_13824	785
GRCh38_CMRG_17125	785
GRCh38_CMRG_2859	785
GRCh38_CMRG_2884	785
GRCh38_CMRG_31470	785
GRCh38_CMRG_38348	785
GRCh38_CMRG_404	785
GRCh38_CMRG_44927	785
GRCh38_CMRG_44928	785
GRCh38_CMRG_52428	785
GRCh38_CMRG_585	785
GRCh38_CMRG_58781	785
GRCh38_CMRG_59936	785
GRCh38_CMRG_642	785
GRCh38_CMRG_65114	785
GRCh38_CMRG_72554	785
GRCh38_CMRG_75569	785
GRCh38_CMRG_81570	785
GRCh38_CMRG_81937	785
GRCh38_CMRG_81938	785
GRCh38_CMRG_83571	785
GRCh38_CMRG_129	784
GRCh38_CMRG_1450	784
GRCh38_CMRG_17124	784
GRCh38_CMRG_17313	784
GRCh38_CMRG_27734	784
GRCh38_CMRG_29649	784
GRCh38_CMRG_39513	784
GRCh38_CMRG_41787	784
GRCh38_CMRG_48533	784
GRCh38_CMRG_49602	784
GRCh38_CMRG_55007	784
GRCh38_CMRG_5808	784
GRCh38_CMRG_64807	784
GRCh38_CMRG_64808	784
GRCh38_CMRG_72278	784
GRCh38_CMRG_75367	784
GRCh38_CMRG_82821	784
GRCh38_CMRG_82822	784
GRCh38_CMRG_23578	783
GRCh38_CMRG_24116	783
GRCh38_CMRG_28333	783
GRCh38_CMRG_41364	783
GRCh38_CMRG_42251	783
GRCh38_CMRG_50271	783
GRCh38_CMRG_51817	783
GRCh38_CMRG_54759	783
GRCh38_CMRG_6655	783
GRCh38_CMRG_77721	783
GRCh38_CMRG_81223	783
GRCh38_CMRG_82405	783
GRCh38_CMRG_83544	783
GRCh38_CMRG_84163	783
GRCh38_CMRG_9712	783
GRCh38_CMRG_11683	782
GRCh38_CMRG_15601	782
GRCh38_CMRG_24043	782
GRCh38_CMRG_25328	782
GRCh38_CMRG_25329	782
GRCh38_CMRG_28145	782
GRCh38_CMRG_28684	782
GRCh38_CMRG_30768	782
GRCh38_CMRG_32604	782
GRCh38_CMRG_33168	782
GRCh38_CMRG_33267	782
GRCh38_CMRG_38346	782
GRCh38_CMRG_51531	782
GRCh38_CMRG_59121	782
GRCh38_CMRG_62242	782
GRCh38_CMRG_67290	782
GRCh38_CMRG_67755	782
GRCh38_CMRG_67756	782
GRCh38_CMRG_69217	782
GRCh38_CMRG_79109	782
GRCh38_CMRG_8075	782
GRCh38_CMRG_82395	782
GRCh38_CMRG_14931	781
GRCh38_CMRG_21133	781
GRCh38_CMRG_23461	781
GRCh38_CMRG_2609	781
GRCh38_CMRG_36422	781
GRCh38_CMRG_41871	781
GRCh38_CMRG_42158	781
GRCh38_CMRG_49731	781
GRCh38_CMRG_55742	781
GRCh38_CMRG_59430	781
GRCh38_CMRG_60028	781
GRCh38_CMRG_61863	781
GRCh38_CMRG_61864	781
GRCh38_CMRG_67236	781
GRCh38_CMRG_68121	781
GRCh38_CMRG_75046	781
GRCh38_CMRG_9289	781
GRCh38_CMRG_10805	780
GRCh38_CMRG_13125	780
GRCh38_CMRG_17489	780
GRCh38_CMRG_17863	780
GRCh38_CMRG_34694	780
GRCh38_CMRG_37897	780
GRCh38_CMRG_48353	780
GRCh38_CMRG_55496	780
GRCh38_CMRG_61800	780
GRCh38_CMRG_67203	780
GRCh38_CMRG_67204	780
GRCh38_CMRG_73820	780
GRCh38_CMRG_75432	780
GRCh38_CMRG_8462	780
GRCh38_CMRG_27191	779
GRCh38_CMRG_27891	779
GRCh38_CMRG_28335	779
GRCh38_CMRG_31540	779
GRCh38_CMRG_33871	779
GRCh38_CMRG_42509	779
GRCh38_CMRG_59115	779
GRCh38_CMRG_59661	779
GRCh38_CMRG_60349	779
GRCh38_CMRG_60865	779
GRCh38_CMRG_65487	779
GRCh38_CMRG_72536	779
GRCh38_CMRG_72946	779
GRCh38_CMRG_1073	778
GRCh38_CMRG_1074	778
GRCh38_CMRG_17413	778
GRCh38_CMRG_24385	778
GRCh38_CMRG_2545	778
GRCh38_CMRG_30609	778
GRCh38_CMRG_30610	778
GRCh38_CMRG_31472	778
GRCh38_CMRG_34533	778
GRCh38_CMRG_34534	778
GRCh38_CMRG_36335	778
GRCh38_CMRG_42484	778
GRCh38_CMRG_42485	778
GRCh38_CMRG_47695	778
GRCh38_CMRG_65116	778
GRCh38_CMRG_67139	778
GRCh38_CMRG_67140	778
GRCh38_CMRG_71094	778
GRCh38_CMRG_72101	778
GRCh38_CMRG_7883	778
GRCh38_CMRG_8010	778
GRCh38_CMRG_1000	777
GRCh38_CMRG_25744	777
GRCh38_CMRG_32373	777
GRCh38_CMRG_33407	777
GRCh38_CMRG_33408	777
GRCh38_CMRG_37895	777
GRCh38_CMRG_38597	777
GRCh38_CMRG_41788	777
GRCh38_CMRG_47238	777
GRCh38_CMRG_59498	777
GRCh38_CMRG_59768	777
GRCh38_CMRG_6578	777
GRCh38_CMRG_70016	777
GRCh38_CMRG_70759	777
GRCh38_CMRG_74829	777
GRCh38_CMRG_74830	777
GRCh38_CMRG_77119	777
GRCh38_CMRG_77428	777
GRCh38_CMRG_82393	777
GRCh38_CMRG_1321	776
GRCh38_CMRG_13829	776
GRCh38_CMRG_18021	776
GRCh38_CMRG_21757	776
GRCh38_CMRG_30555	776
GRCh38_CMRG_30652	776
GRCh38_CMRG_36411	776
GRCh38_CMRG_36493	776
GRCh38_CMRG_37862	776
GRCh38_CMRG_37896	776
GRCh38_CMRG_38733	776
GRCh38_CMRG_39622	776
GRCh38_CMRG_46123	776
GRCh38_CMRG_59940	776
GRCh38_CMRG_59941	776
GRCh38_CMRG_64162	776
GRCh38_CMRG_72581	776
GRCh38_CMRG_73089	776
GRCh38_CMRG_73090	776
GRCh38_CMRG_74839	776
GRCh38_CMRG_77427	776
GRCh38_CMRG_82450	776
GRCh38_CMRG_11965	775
GRCh38_CMRG_13165	775
GRCh38_CMRG_16646	775
GRCh38_CMRG_166	775
GRCh38_CMRG_24304	775
GRCh38_CMRG_24596	775
GRCh38_CMRG_2710	775
GRCh38_CMRG_29512	775
GRCh38_CMRG_33039	775
GRCh38_CMRG_36173	775
GRCh38_CMRG_36729	775
GRCh38_CMRG_41608	775
GRCh38_CMRG_42561	775
GRCh38_CMRG_50315	775
GRCh38_CMRG_51747	775
GRCh38_CMRG_52267	775
GRCh38_CMRG_58605	775
GRCh38_CMRG_63421	775
GRCh38_CMRG_6667	775
GRCh38_CMRG_6691	775
GRCh38_CMRG_6692	775
GRCh38_CMRG_67794	775
GRCh38_CMRG_68946	775
GRCh38_CMRG_71963	775
GRCh38_CMRG_71964	775
GRCh38_CMRG_72580	775
GRCh38_CMRG_72899	775
GRCh38_CMRG_74704	775
GRCh38_CMRG_74705	775
GRCh38_CMRG_14655	774
GRCh38_CMRG_1579	774
GRCh38_CMRG_18041	774
GRCh38_CMRG_18042	774
GRCh38_CMRG_2608	774
GRCh38_CMRG_27369	774
GRCh38_CMRG_28425	774
GRCh38_CMRG_37412	774
GRCh38_CMRG_38755	774
GRCh38_CMRG_38951	774
GRCh38_CMRG_41789	774
GRCh38_CMRG_42344	774
GRCh38_CMRG_44244	774
GRCh38_CMRG_46318	774
GRCh38_CMRG_47997	774
GRCh38_CMRG_51947	774
GRCh38_CMRG_64533	774
GRCh38_CMRG_65121	774
GRCh38_CMRG_65844	774
GRCh38_CMRG_72758	774
GRCh38_CMRG_7325	774
GRCh38_CMRG_79136	774
GRCh38_CMRG_81754	774
GRCh38_CMRG_83002	774
GRCh38_CMRG_83220	774
GRCh38_CMRG_83429	774
GRCh38_CMRG_11508	773
GRCh38_CMRG_14158	773
GRCh38_CMRG_156	773
GRCh38_CMRG_21582	773
GRCh38_CMRG_24268	773
GRCh38_CMRG_32932	773
GRCh38_CMRG_35984	773
GRCh38_CMRG_41951	773
GRCh38_CMRG_45107	773
GRCh38_CMRG_55368	773
GRCh38_CMRG_60994	773
GRCh38_CMRG_6577	773
GRCh38_CMRG_67888	773
GRCh38_CMRG_70796	773
GRCh38_CMRG_79307	773
GRCh38_CMRG_82571	773
GRCh38_CMRG_82572	773
GRCh38_CMRG_9000	773
GRCh38_CMRG_12064	772
GRCh38_CMRG_16980	772
GRCh38_CMRG_19565	772
GRCh38_CMRG_19611	772
GRCh38_CMRG_23579	772
GRCh38_CMRG_23772	772
GRCh38_CMRG_25090	772
GRCh38_CMRG_34488	772
GRCh38_CMRG_38473	772
GRCh38_CMRG_39070	772
GRCh38_CMRG_39185	772
GRCh38_CMRG_39186	772
GRCh38_CMRG_39818	772
GRCh38_CMRG_40263	772
GRCh38_CMRG_41473	772
GRCh38_CMRG_42149	772
GRCh38_CMRG_47362	772
GRCh38_CMRG_47363	772
GRCh38_CMRG_47823	772
GRCh38_CMRG_50422	772
GRCh38_CMRG_52487	772
GRCh38_CMRG_54334	772
GRCh38_CMRG_64914	772
GRCh38_CMRG_67115	772
GRCh38_CMRG_70668	772
GRCh38_CMRG_73088	772
GRCh38_CMRG_81786	772
GRCh38_CMRG_13167	771
GRCh38_CMRG_1789	771
GRCh38_CMRG_21249	771
GRCh38_CMRG_21285	771
GRCh38_CMRG_22305	771
GRCh38_CMRG_23768	771
GRCh38_CMRG_25298	771
GRCh38_CMRG_25897	771
GRCh38_CMRG_27324	771
GRCh38_CMRG_31997	771
GRCh38_CMRG_32412	771
GRCh38_CMRG_32663	771
GRCh38_CMRG_33038	771
GRCh38_CMRG_39443	771
GRCh38_CMRG_41080	771
GRCh38_CMRG_41811	771
GRCh38_CMRG_42598	771
GRCh38_CMRG_49756	771
GRCh38_CMRG_53930	771
GRCh38_CMRG_59095	771
GRCh38_CMRG_6283	771
GRCh38_CMRG_72446	771
GRCh38_CMRG_72542	771
GRCh38_CMRG_80046	771
GRCh38_CMRG_80047	771
GRCh38_CMRG_8132	771
GRCh38_CMRG_9500	771
GRCh38_CMRG_17513	770
GRCh38_CMRG_18728	770
GRCh38_CMRG_19905	770
GRCh38_CMRG_22698	770
GRCh38_CMRG_25195	770
GRCh38_CMRG_26929	770
GRCh38_CMRG_28430	770
GRCh38_CMRG_31027	770
GRCh38_CMRG_31028	770
GRCh38_CMRG_33276	770
GRCh38_CMRG_43786	770
GRCh38_CMRG_48019	770
GRCh38_CMRG_49096	770
GRCh38_CMRG_49750	770
GRCh38_CMRG_50133	770
GRCh38_CMRG_52633	770
GRCh38_CMRG_53847	770
GRCh38_CMRG_58311	770
GRCh38_CMRG_58923	770
GRCh38_CMRG_59338	770
GRCh38_CMRG_61229	770
GRCh38_CMRG_61966	770
GRCh38_CMRG_62393	770
GRCh38_CMRG_68420	770
GRCh38_CMRG_76638	770
GRCh38_CMRG_11754	769
GRCh38_CMRG_27541	769
GRCh38_CMRG_28085	769
GRCh38_CMRG_30703	769
GRCh38_CMRG_32336	769
GRCh38_CMRG_37831	769
GRCh38_CMRG_38373	769
GRCh38_CMRG_38699	769
GRCh38_CMRG_46130	769
GRCh38_CMRG_51487	769
GRCh38_CMRG_53549	769
GRCh38_CMRG_60959	769
GRCh38_CMRG_62321	769
GRCh38_CMRG_64125	769
GRCh38_CMRG_64126	769
GRCh38_CMRG_67220	769
GRCh38_CMRG_73907	769
GRCh38_CMRG_77590	769
GRCh38_CMRG_81888	769
GRCh38_CMRG_1190	768
GRCh38_CMRG_16516	768
GRCh38_CMRG_16517	768
GRCh38_CMRG_21623	768
GRCh38_CMRG_21624	768
GRCh38_CMRG_27946	768
GRCh38_CMRG_29230	768
GRCh38_CMRG_29347	768
GRCh38_CMRG_36428	768
GRCh38_CMRG_36561	768
GRCh38_CMRG_37206	768
GRCh38_CMRG_50930	768
GRCh38_CMRG_50931	768
GRCh38_CMRG_54017	768
GRCh38_CMRG_54018	768
GRCh38_CMRG_58838	768
GRCh38_CMRG_70209	768
GRCh38_CMRG_7109	768
GRCh38_CMRG_73163	768
GRCh38_CMRG_74299	768
GRCh38_CMRG_75242	768
GRCh38_CMRG_75580	768
GRCh38_CMRG_76746	768
GRCh38_CMRG_78936	768
GRCh38_CMRG_79900	768
GRCh38_CMRG_80071	768
GRCh38_CMRG_81722	768
GRCh38_CMRG_8521	768
GRCh38_CMRG_17915	767
GRCh38_CMRG_20897	767
GRCh38_CMRG_21758	767
GRCh38_CMRG_21869	767
GRCh38_CMRG_24169	767
GRCh38_CMRG_28528	767
GRCh38_CMRG_37607	767
GRCh38_CMRG_38357	767
GRCh38_CMRG_42510	767
GRCh38_CMRG_45221	767
GRCh38_CMRG_47679	767
GRCh38_CMRG_61723	767
GRCh38_CMRG_61724	767
GRCh38_CMRG_73042	767
GRCh38_CMRG_75043	767
GRCh38_CMRG_7884	767
GRCh38_CMRG_81331	767
GRCh38_CMRG_83427	767
GRCh38_CMRG_83559	767
GRCh38_CMRG_84429	767
GRCh38_CMRG_84490	767
GRCh38_CMRG_11506	766
GRCh38_CMRG_17991	766
GRCh38_CMRG_18395	766
GRCh38_CMRG_30894	766
GRCh38_CMRG_32236	766
GRCh38_CMRG_40032	766
GRCh38_CMRG_43993	766
GRCh38_CMRG_43994	766
GRCh38_CMRG_44913	766
GRCh38_CMRG_49550	766
GRCh38_CMRG_49827	766
GRCh38_CMRG_50801	766
GRCh38_CMRG_53344	766
GRCh38_CMRG_53394	766
GRCh38_CMRG_584	766
GRCh38_CMRG_59871	766
GRCh38_CMRG_59872	766
GRCh38_CMRG_63977	766
GRCh38_CMRG_6504	766
GRCh38_CMRG_83431	766
GRCh38_CMRG_84296	766
GRCh38_CMRG_84400	766
GRCh38_CMRG_9113	766
GRCh38_CMRG_17919	765
GRCh38_CMRG_19227	765
GRCh38_CMRG_2042	765
GRCh38_CMRG_28221	765
GRCh38_CMRG_30669	765
GRCh38_CMRG_33346	765
GRCh38_CMRG_33560	765
GRCh38_CMRG_33654	765
GRCh38_CMRG_42197	765
GRCh38_CMRG_451	765
GRCh38_CMRG_45581	765
GRCh38_CMRG_47271	765
GRCh38_CMRG_47272	765
GRCh38_CMRG_52184	765
GRCh38_CMRG_58712	765
GRCh38_CMRG_62499	765
GRCh38_CMRG_7888	765
GRCh38_CMRG_9479	765
GRCh38_CMRG_9621	765
GRCh38_CMRG_14228	764
GRCh38_CMRG_18387	764
GRCh38_CMRG_18899	764
GRCh38_CMRG_19909	764
GRCh38_CMRG_23036	764
GRCh38_CMRG_24575	764
GRCh38_CMRG_2851	764
GRCh38_CMRG_29615	764
GRCh38_CMRG_29616	764
GRCh38_CMRG_58334	764
GRCh38_CMRG_82025	764
GRCh38_CMRG_82241	764
GRCh38_CMRG_8937	764
GRCh38_CMRG_12814	763
GRCh38_CMRG_2213	763
GRCh38_CMRG_23344	763
GRCh38_CMRG_35915	763
GRCh38_CMRG_38175	763
GRCh38_CMRG_44292	763
GRCh38_CMRG_44581	763
GRCh38_CMRG_48117	763
GRCh38_CMRG_48437	763
GRCh38_CMRG_54356	763
GRCh38_CMRG_54551	763
GRCh38_CMRG_54748	763
GRCh38_CMRG_59102	763
GRCh38_CMRG_6072	763
GRCh38_CMRG_61709	763
GRCh38_CMRG_63630	763
GRCh38_CMRG_70271	763
GRCh38_CMRG_78889	763
GRCh38_CMRG_8074	763
GRCh38_CMRG_82032	763
GRCh38_CMRG_83400	763
GRCh38_CMRG_1573	762
GRCh38_CMRG_23509	762
GRCh38_CMRG_2607	762
GRCh38_CMRG_26731	762
GRCh38_CMRG_27610	762
GRCh38_CMRG_28220	762
GRCh38_CMRG_29769	762
GRCh38_CMRG_33449	762
GRCh38_CMRG_36016	762
GRCh38_CMRG_36275	762
GRCh38_CMRG_41379	762
GRCh38_CMRG_41923	762
GRCh38_CMRG_44012	762
GRCh38_CMRG_47282	762
GRCh38_CMRG_52609	762
GRCh38_CMRG_52615	762
GRCh38_CMRG_55224	762
GRCh38_CMRG_59103	762
GRCh38_CMRG_64271	762
GRCh38_CMRG_66958	762
GRCh38_CMRG_68026	762
GRCh38_CMRG_68430	762
GRCh38_CMRG_69946	762
GRCh38_CMRG_70760	762
GRCh38_CMRG_77636	762
GRCh38_CMRG_8042	762
GRCh38_CMRG_80805	762
GRCh38_CMRG_80806	762
GRCh38_CMRG_81429	762
GRCh38_CMRG_84129	762
GRCh38_CMRG_13872	761
GRCh38_CMRG_13873	761
GRCh38_CMRG_19810	761
GRCh38_CMRG_23240	761
GRCh38_CMRG_23478	761
GRCh38_CMRG_26079	761
GRCh38_CMRG_27691	761
GRCh38_CMRG_31462	761
GRCh38_CMRG_35686	761
GRCh38_CMRG_38127	761
GRCh38_CMRG_38331	761
GRCh38_CMRG_39528	761
GRCh38_CMRG_44183	761
GRCh38_CMRG_49018	761
GRCh38_CMRG_53393	761
GRCh38_CMRG_58342	761
GRCh38_CMRG_64612	761
GRCh38_CMRG_64957	761
GRCh38_CMRG_65188	761
GRCh38_CMRG_7599	761
GRCh38_CMRG_81905	761
GRCh38_CMRG_82240	761
GRCh38_CMRG_82458	761
GRCh38_CMRG_83079	761
GRCh38_CMRG_12119	760
GRCh38_CMRG_21649	760
GRCh38_CMRG_2283	760
GRCh38_CMRG_23647	760
GRCh38_CMRG_2437	760
GRCh38_CMRG_24597	760
GRCh38_CMRG_26454	760
GRCh38_CMRG_31571	760
GRCh38_CMRG_31676	760
GRCh38_CMRG_38419	760
GRCh38_CMRG_44963	760
GRCh38_CMRG_49471	760
GRCh38_CMRG_51682	760
GRCh38_CMRG_66100	760
GRCh38_CMRG_69606	760
GRCh38_CMRG_70761	760
GRCh38_CMRG_72804	760
GRCh38_CMRG_7546	760
GRCh38_CMRG_76747	760
GRCh38_CMRG_79012	760
GRCh38_CMRG_22926	759
GRCh38_CMRG_24602	759
GRCh38_CMRG_28832	759
GRCh38_CMRG_34577	759
GRCh38_CMRG_39577	759
GRCh38_CMRG_41922	759
GRCh38_CMRG_47355	759
GRCh38_CMRG_49500	759
GRCh38_CMRG_55528	759
GRCh38_CMRG_63367	759
GRCh38_CMRG_66951	759
GRCh38_CMRG_68626	759
GRCh38_CMRG_70762	759
GRCh38_CMRG_79708	759
GRCh38_CMRG_83418	759
GRCh38_CMRG_83716	759
GRCh38_CMRG_84557	759
GRCh38_CMRG_9692	759
GRCh38_CMRG_17187	758
GRCh38_CMRG_17188	758
GRCh38_CMRG_22102	758
GRCh38_CMRG_22738	758
GRCh38_CMRG_29195	758
GRCh38_CMRG_29557	758
GRCh38_CMRG_33462	758
GRCh38_CMRG_36872	758
GRCh38_CMRG_47265	758
GRCh38_CMRG_61875	758
GRCh38_CMRG_74876	758
GRCh38_CMRG_77126	758
GRCh38_CMRG_79525	758
GRCh38_CMRG_79972	758
GRCh38_CMRG_83416	758
GRCh38_CMRG_83817	758
GRCh38_CMRG_11116	757
GRCh38_CMRG_12605	757
GRCh38_CMRG_13037	757
GRCh38_CMRG_18962	757
GRCh38_CMRG_20871	757
GRCh38_CMRG_22799	757
GRCh38_CMRG_23414	757
GRCh38_CMRG_27393	757
GRCh38_CMRG_34022	757
GRCh38_CMRG_36998	757
GRCh38_CMRG_39308	757
GRCh38_CMRG_44129	757
GRCh38_CMRG_45574	757
GRCh38_CMRG_52614	757
GRCh38_CMRG_65605	757
GRCh38_CMRG_65606	757
GRCh38_CMRG_66122	757
GRCh38_CMRG_6626	757
GRCh38_CMRG_68978	757
GRCh38_CMRG_71655	757
GRCh38_CMRG_71713	757
GRCh38_CMRG_7317	757
GRCh38_CMRG_74206	757
GRCh38_CMRG_75415	757
GRCh38_CMRG_77327	757
GRCh38_CMRG_82561	757
GRCh38_CMRG_9071	757
GRCh38_CMRG_9134	757
GRCh38_CMRG_16525	756
GRCh38_CMRG_18885	756
GRCh38_CMRG_23558	756
GRCh38_CMRG_24605	756
GRCh38_CMRG_2542	756
GRCh38_CMRG_43806	756
GRCh38_CMRG_44175	756
GRCh38_CMRG_47205	756
GRCh38_CMRG_47454	756
GRCh38_CMRG_51337	756
GRCh38_CMRG_64944	756
GRCh38_CMRG_65194	756
GRCh38_CMRG_71193	756
GRCh38_CMRG_77179	756
GRCh38_CMRG_77579	756
GRCh38_CMRG_13971	755
GRCh38_CMRG_28161	755
GRCh38_CMRG_29966	755
GRCh38_CMRG_31930	755
GRCh38_CMRG_32613	755
GRCh38_CMRG_33218	755
GRCh38_CMRG_33958	755
GRCh38_CMRG_33959	755
GRCh38_CMRG_36871	755
GRCh38_CMRG_37867	755
GRCh38_CMRG_38148	755
GRCh38_CMRG_38149	755
GRCh38_CMRG_38290	755
GRCh38_CMRG_38464	755
GRCh38_CMRG_39370	755
GRCh38_CMRG_46060	755
GRCh38_CMRG_46208	755
GRCh38_CMRG_5780	755
GRCh38_CMRG_62190	755
GRCh38_CMRG_66960	755
GRCh38_CMRG_82163	755
GRCh38_CMRG_83346	755
GRCh38_CMRG_1189	754
GRCh38_CMRG_12369	754
GRCh38_CMRG_1345	754
GRCh38_CMRG_18248	754
GRCh38_CMRG_18434	754
GRCh38_CMRG_18902	754
GRCh38_CMRG_23246	754
GRCh38_CMRG_24627	754
GRCh38_CMRG_27314	754
GRCh38_CMRG_38351	754
GRCh38_CMRG_39152	754
GRCh38_CMRG_47354	754
GRCh38_CMRG_50256	754
GRCh38_CMRG_54771	754
GRCh38_CMRG_58607	754
GRCh38_CMRG_61520	754
GRCh38_CMRG_62096	754
GRCh38_CMRG_67894	754
GRCh38_CMRG_72937	754
GRCh38_CMRG_74162	754
GRCh38_CMRG_76685	754
GRCh38_CMRG_79552	754
GRCh38_CMRG_80966	754
GRCh38_CMRG_83653	754
GRCh38_CMRG_18231	753
GRCh38_CMRG_192	753
GRCh38_CMRG_23646	753
GRCh38_CMRG_28976	753
GRCh38_CMRG_30014	753
GRCh38_CMRG_32963	753
GRCh38_CMRG_33633	753
GRCh38_CMRG_36425	753
GRCh38_CMRG_48946	753
GRCh38_CMRG_50332	753
GRCh38_CMRG_51396	753
GRCh38_CMRG_52402	753
GRCh38_CMRG_53838	753
GRCh38_CMRG_55701	753
GRCh38_CMRG_59127	753
GRCh38_CMRG_6290	753
GRCh38_CMRG_76833	753
GRCh38_CMRG_79657	753
GRCh38_CMRG_82301	753
GRCh38_CMRG_10951	752
GRCh38_CMRG_13427	752
GRCh38_CMRG_14755	752
GRCh38_CMRG_16452	752
GRCh38_CMRG_22894	752
GRCh38_CMRG_2641	752
GRCh38_CMRG_28261	752
GRCh38_CMRG_30644	752
GRCh38_CMRG_32889	752
GRCh38_CMRG_36160	752
GRCh38_CMRG_37926	752
GRCh38_CMRG_39686	752
GRCh38_CMRG_41431	752
GRCh38_CMRG_51569	752
GRCh38_CMRG_54194	752
GRCh38_CMRG_55299	752
GRCh38_CMRG_58473	752
GRCh38_CMRG_61535	752
GRCh38_CMRG_62113	752
GRCh38_CMRG_62578	752
GRCh38_CMRG_63491	752
GRCh38_CMRG_63978	752
GRCh38_CMRG_64975	752
GRCh38_CMRG_69032	752
GRCh38_CMRG_75588	752
GRCh38_CMRG_77580	752
GRCh38_CMRG_81424	752
GRCh38_CMRG_82164	752
GRCh38_CMRG_9428	752
GRCh38_CMRG_17813	751
GRCh38_CMRG_21195	751
GRCh38_CMRG_23718	751
GRCh38_CMRG_26735	751
GRCh38_CMRG_26889	751
GRCh38_CMRG_26890	751
GRCh38_CMRG_29305	751
GRCh38_CMRG_29306	751
GRCh38_CMRG_31456	751
GRCh38_CMRG_33211	751
GRCh38_CMRG_36801	751
GRCh38_CMRG_40068	751
GRCh38_CMRG_44028	751
GRCh38_CMRG_52918	751
GRCh38_CMRG_54702	751
GRCh38_CMRG_54772	751
GRCh38_CMRG_58807	751
GRCh38_CMRG_59146	751
GRCh38_CMRG_59147	751
GRCh38_CMRG_59160	751
GRCh38_CMRG_61534	751
GRCh38_CMRG_64260	751
GRCh38_CMRG_64834	751
GRCh38_CMRG_66980	751
GRCh38_CMRG_70062	751
GRCh38_CMRG_70392	751
GRCh38_CMRG_72665	751
GRCh38_CMRG_82161	751
GRCh38_CMRG_82302	751
GRCh38_CMRG_23415	750
GRCh38_CMRG_26038	750
GRCh38_CMRG_2713	750
GRCh38_CMRG_32082	750
GRCh38_CMRG_37627	750
GRCh38_CMRG_39576	750
GRCh38_CMRG_49327	750
GRCh38_CMRG_49376	750
GRCh38_CMRG_49516	750
GRCh38_CMRG_49517	750
GRCh38_CMRG_52126	750
GRCh38_CMRG_53457	750
GRCh38_CMRG_53458	750
GRCh38_CMRG_60578	750
GRCh38_CMRG_67169	750
GRCh38_CMRG_72440	750
GRCh38_CMRG_72949	750
GRCh38_CMRG_73105	750
GRCh38_CMRG_1001	749
GRCh38_CMRG_10564	749
GRCh38_CMRG_10722	749
GRCh38_CMRG_1689	749
GRCh38_CMRG_24248	749
GRCh38_CMRG_25280	749
GRCh38_CMRG_28512	749
GRCh38_CMRG_32475	749
GRCh38_CMRG_40197	749
GRCh38_CMRG_40949	749
GRCh38_CMRG_41238	749
GRCh38_CMRG_47677	749
GRCh38_CMRG_59684	749
GRCh38_CMRG_65372	749
GRCh38_CMRG_67962	749
GRCh38_CMRG_7320	749
GRCh38_CMRG_74283	749
GRCh38_CMRG_82377	749
GRCh38_CMRG_8370	749
GRCh38_CMRG_12818	748
GRCh38_CMRG_16960	748
GRCh38_CMRG_23332	748
GRCh38_CMRG_23455	748
GRCh38_CMRG_26553	748
GRCh38_CMRG_30796	748
GRCh38_CMRG_43019	748
GRCh38_CMRG_46332	748
GRCh38_CMRG_47676	748
GRCh38_CMRG_50108	748
GRCh38_CMRG_51100	748
GRCh38_CMRG_52094	748
GRCh38_CMRG_72989	748
GRCh38_CMRG_73783	748
GRCh38_CMRG_75080	748
GRCh38_CMRG_79903	748
GRCh38_CMRG_79919	748
GRCh38_CMRG_79970	748
GRCh38_CMRG_14890	747
GRCh38_CMRG_16526	747
GRCh38_CMRG_19165	747
GRCh38_CMRG_19790	747
GRCh38_CMRG_34018	747
GRCh38_CMRG_34729	747
GRCh38_CMRG_34730	747
GRCh38_CMRG_37714	747
GRCh38_CMRG_45750	747
GRCh38_CMRG_52736	747
GRCh38_CMRG_52737	747
GRCh38_CMRG_58579	747
GRCh38_CMRG_63422	747
GRCh38_CMRG_68720	747
GRCh38_CMRG_68721	747
GRCh38_CMRG_69570	747
GRCh38_CMRG_70359	747
GRCh38_CMRG_72988	747
GRCh38_CMRG_73857	747
GRCh38_CMRG_79247	747
GRCh38_CMRG_79515	747
GRCh38_CMRG_81209	747
GRCh38_CMRG_10804	746
GRCh38_CMRG_1347	746
GRCh38_CMRG_1348	746
GRCh38_CMRG_18911	746
GRCh38_CMRG_34481	746
GRCh38_CMRG_36862	746
GRCh38_CMRG_38494	746
GRCh38_CMRG_40950	746
GRCh38_CMRG_42253	746
GRCh38_CMRG_42254	746
GRCh38_CMRG_55526	746
GRCh38_CMRG_58708	746
GRCh38_CMRG_59853	746
GRCh38_CMRG_65526	746
GRCh38_CMRG_6750	746
GRCh38_CMRG_68448	746
GRCh38_CMRG_70858	746
GRCh38_CMRG_73104	746
GRCh38_CMRG_79132	746
GRCh38_CMRG_8044	746
GRCh38_CMRG_8144	746
GRCh38_CMRG_8145	746
GRCh38_CMRG_18606	745
GRCh38_CMRG_19712	745
GRCh38_CMRG_21018	745
GRCh38_CMRG_21805	745
GRCh38_CMRG_28078	745
GRCh38_CMRG_32422	745
GRCh38_CMRG_43946	745
GRCh38_CMRG_50766	745
GRCh38_CMRG_50767	745
GRCh38_CMRG_50814	745
GRCh38_CMRG_53147	745
GRCh38_CMRG_65952	745
GRCh38_CMRG_74085	745
GRCh38_CMRG_80016	745
GRCh38_CMRG_82248	745
GRCh38_CMRG_8656	745
GRCh38_CMRG_8657	745
GRCh38_CMRG_11689	744
GRCh38_CMRG_12392	744
GRCh38_CMRG_28279	744
GRCh38_CMRG_28280	744
GRCh38_CMRG_29498	744
GRCh38_CMRG_31160	744
GRCh38_CMRG_33731	744
GRCh38_CMRG_36424	744
GRCh38_CMRG_38257	744
GRCh38_CMRG_39539	744
GRCh38_CMRG_39914	744
GRCh38_CMRG_45536	744
GRCh38_CMRG_46665	744
GRCh38_CMRG_50091	744
GRCh38_CMRG_50092	744
GRCh38_CMRG_50815	744
GRCh38_CMRG_54328	744
GRCh38_CMRG_5860	744
GRCh38_CMRG_59778	744
GRCh38_CMRG_62304	744
GRCh38_CMRG_67994	744
GRCh38_CMRG_72386	744
GRCh38_CMRG_72387	744
GRCh38_CMRG_77125	744
GRCh38_CMRG_77375	744
GRCh38_CMRG_79384	744
GRCh38_CMRG_79968	744
GRCh38_CMRG_84303	744
GRCh38_CMRG_10888	743
GRCh38_CMRG_17947	743
GRCh38_CMRG_19167	743
GRCh38_CMRG_20995	743
GRCh38_CMRG_26475	743
GRCh38_CMRG_37793	743
GRCh38_CMRG_38263	743
GRCh38_CMRG_39077	743
GRCh38_CMRG_41164	743
GRCh38_CMRG_41771	743
GRCh38_CMRG_43572	743
GRCh38_CMRG_49183	743
GRCh38_CMRG_49683	743
GRCh38_CMRG_51380	743
GRCh38_CMRG_51405	743
GRCh38_CMRG_52078	743
GRCh38_CMRG_55664	743
GRCh38_CMRG_63553	743
GRCh38_CMRG_68253	743
GRCh38_CMRG_68327	743
GRCh38_CMRG_68471	743
GRCh38_CMRG_72043	743
GRCh38_CMRG_72958	743
GRCh38_CMRG_79501	743
GRCh38_CMRG_79868	743
GRCh38_CMRG_82606	743
GRCh38_CMRG_83417	743
GRCh38_CMRG_84262	743
GRCh38_CMRG_11164	742
GRCh38_CMRG_11203	742
GRCh38_CMRG_1724	742
GRCh38_CMRG_1725	742
GRCh38_CMRG_21510	742
GRCh38_CMRG_25010	742
GRCh38_CMRG_25201	742
GRCh38_CMRG_25202	742
GRCh38_CMRG_31902	742
GRCh38_CMRG_32557	742
GRCh38_CMRG_34296	742
GRCh38_CMRG_42594	742
GRCh38_CMRG_43573	742
GRCh38_CMRG_55043	742
GRCh38_CMRG_55693	742
GRCh38_CMRG_65065	742
GRCh38_CMRG_68080	742
GRCh38_CMRG_69390	742
GRCh38_CMRG_69423	742
GRCh38_CMRG_69627	742
GRCh38_CMRG_70555	742
GRCh38_CMRG_74795	742
GRCh38_CMRG_77719	742
GRCh38_CMRG_7959	742
GRCh38_CMRG_82413	742
GRCh38_CMRG_997	742
GRCh38_CMRG_19168	741
GRCh38_CMRG_22390	741
GRCh38_CMRG_25846	741
GRCh38_CMRG_29153	741
GRCh38_CMRG_30715	741
GRCh38_CMRG_31831	741
GRCh38_CMRG_38264	741
GRCh38_CMRG_39535	741
GRCh38_CMRG_44949	741
GRCh38_CMRG_50990	741
GRCh38_CMRG_51000	741
GRCh38_CMRG_55228	741
GRCh38_CMRG_55394	741
GRCh38_CMRG_61847	741
GRCh38_CMRG_69422	741
GRCh38_CMRG_72192	741
GRCh38_CMRG_72193	741
GRCh38_CMRG_82357	741
GRCh38_CMRG_9079	741
GRCh38_CMRG_14326	740
GRCh38_CMRG_1696	740
GRCh38_CMRG_17871	740
GRCh38_CMRG_24271	740
GRCh38_CMRG_25409	740
GRCh38_CMRG_36010	740
GRCh38_CMRG_36057	740
GRCh38_CMRG_47792	740
GRCh38_CMRG_47951	740
GRCh38_CMRG_48535	740
GRCh38_CMRG_50337	740
GRCh38_CMRG_59305	740
GRCh38_CMRG_59824	740
GRCh38_CMRG_60620	740
GRCh38_CMRG_69626	740
GRCh38_CMRG_70231	740
GRCh38_CMRG_7316	740
GRCh38_CMRG_83560	740
GRCh38_CMRG_10895	739
GRCh38_CMRG_25299	739
GRCh38_CMRG_37138	739
GRCh38_CMRG_37139	739
GRCh38_CMRG_47526	739
GRCh38_CMRG_48051	739
GRCh38_CMRG_49229	739
GRCh38_CMRG_50022	739
GRCh38_CMRG_60579	739
GRCh38_CMRG_60608	739
GRCh38_CMRG_60609	739
GRCh38_CMRG_63687	739
GRCh38_CMRG_74028	739
GRCh38_CMRG_75028	739
GRCh38_CMRG_77378	739
GRCh38_CMRG_7739	739
GRCh38_CMRG_7890	739
GRCh38_CMRG_81747	739
GRCh38_CMRG_81940	739
GRCh38_CMRG_82318	739
GRCh38_CMRG_82368	739
GRCh38_CMRG_10729	738
GRCh38_CMRG_1222	738
GRCh38_CMRG_13510	738
GRCh38_CMRG_13960	738
GRCh38_CMRG_16903	738
GRCh38_CMRG_19169	738
GRCh38_CMRG_22251	738
GRCh38_CMRG_22760	738
GRCh38_CMRG_28331	738
GRCh38_CMRG_33622	738
GRCh38_CMRG_33937	738
GRCh38_CMRG_36222	738
GRCh38_CMRG_37124	738
GRCh38_CMRG_43805	738
GRCh38_CMRG_44407	738
GRCh38_CMRG_47021	738
GRCh38_CMRG_48868	738
GRCh38_CMRG_48957	738
GRCh38_CMRG_55374	738
GRCh38_CMRG_60172	738
GRCh38_CMRG_60307	738
GRCh38_CMRG_62432	738
GRCh38_CMRG_63297	738
GRCh38_CMRG_65953	738
GRCh38_CMRG_67905	738
GRCh38_CMRG_68317	738
GRCh38_CMRG_74794	738
GRCh38_CMRG_7764	738
GRCh38_CMRG_79707	738
GRCh38_CMRG_80037	738
GRCh38_CMRG_14327	737
GRCh38_CMRG_21509	737
GRCh38_CMRG_31776	737
GRCh38_CMRG_48486	737
GRCh38_CMRG_50333	737
GRCh38_CMRG_51764	737
GRCh38_CMRG_52418	737
GRCh38_CMRG_53530	737
GRCh38_CMRG_53582	737
GRCh38_CMRG_58472	737
GRCh38_CMRG_59815	737
GRCh38_CMRG_60306	737
GRCh38_CMRG_68273	737
GRCh38_CMRG_69024	737
GRCh38_CMRG_69903	737
GRCh38_CMRG_70135	737
GRCh38_CMRG_70502	737
GRCh38_CMRG_73242	737
GRCh38_CMRG_7330	737
GRCh38_CMRG_733	737
GRCh38_CMRG_74477	737
GRCh38_CMRG_77603	737
GRCh38_CMRG_81939	737
GRCh38_CMRG_84288	737
GRCh38_CMRG_17057	736
GRCh38_CMRG_27784	736
GRCh38_CMRG_27930	736
GRCh38_CMRG_33140	736
GRCh38_CMRG_35738	736
GRCh38_CMRG_38465	736
GRCh38_CMRG_38910	736
GRCh38_CMRG_39802	736
GRCh38_CMRG_43839	736
GRCh38_CMRG_48963	736
GRCh38_CMRG_49444	736
GRCh38_CMRG_50104	736
GRCh38_CMRG_53314	736
GRCh38_CMRG_60583	736
GRCh38_CMRG_67662	736
GRCh38_CMRG_68610	736
GRCh38_CMRG_7897	736
GRCh38_CMRG_79689	736
GRCh38_CMRG_84195	736
GRCh38_CMRG_8971	736
GRCh38_CMRG_13238	735
GRCh38_CMRG_23418	735
GRCh38_CMRG_28713	735
GRCh38_CMRG_29746	735
GRCh38_CMRG_31757	735
GRCh38_CMRG_36297	735
GRCh38_CMRG_37944	735
GRCh38_CMRG_37967	735
GRCh38_CMRG_38241	735
GRCh38_CMRG_44293	735
GRCh38_CMRG_58695	735
GRCh38_CMRG_60990	735
GRCh38_CMRG_61545	735
GRCh38_CMRG_62522	735
GRCh38_CMRG_64481	735
GRCh38_CMRG_65056	735
GRCh38_CMRG_67064	735
GRCh38_CMRG_67065	735
GRCh38_CMRG_68272	735
GRCh38_CMRG_71568	735
GRCh38_CMRG_74209	735
GRCh38_CMRG_74210	735
GRCh38_CMRG_75629	735
GRCh38_CMRG_77652	735
GRCh38_CMRG_7958	735
GRCh38_CMRG_79751	735
GRCh38_CMRG_9557	735
GRCh38_CMRG_12337	734
GRCh38_CMRG_15600	734
GRCh38_CMRG_18904	734
GRCh38_CMRG_19351	734
GRCh38_CMRG_20932	734
GRCh38_CMRG_25894	734
GRCh38_CMRG_26691	734
GRCh38_CMRG_31133	734
GRCh38_CMRG_33368	734
GRCh38_CMRG_39189	734
GRCh38_CMRG_39335	734
GRCh38_CMRG_40995	734
GRCh38_CMRG_43585	734
GRCh38_CMRG_52836	734
GRCh38_CMRG_64214	734
GRCh38_CMRG_6829	734
GRCh38_CMRG_79237	734
GRCh38_CMRG_14585	733
GRCh38_CMRG_18446	733
GRCh38_CMRG_18707	733
GRCh38_CMRG_19660	733
GRCh38_CMRG_23107	733
GRCh38_CMRG_23747	733
GRCh38_CMRG_24902	733
GRCh38_CMRG_29654	733
GRCh38_CMRG_30646	733
GRCh38_CMRG_31758	733
GRCh38_CMRG_38478	733
GRCh38_CMRG_38911	733
GRCh38_CMRG_44406	733
GRCh38_CMRG_44639	733
GRCh38_CMRG_44640	733
GRCh38_CMRG_47620	733
GRCh38_CMRG_49285	733
GRCh38_CMRG_51026	733
GRCh38_CMRG_53262	733
GRCh38_CMRG_55115	733
GRCh38_CMRG_5842	733
GRCh38_CMRG_60182	733
GRCh38_CMRG_68434	733
GRCh38_CMRG_70436	733
GRCh38_CMRG_72756	733
GRCh38_CMRG_72936	733
GRCh38_CMRG_84132	733
GRCh38_CMRG_11082	732
GRCh38_CMRG_11749	732
GRCh38_CMRG_12338	732
GRCh38_CMRG_12973	732
GRCh38_CMRG_21013	732
GRCh38_CMRG_21016	732
GRCh38_CMRG_22398	732
GRCh38_CMRG_22580	732
GRCh38_CMRG_2291	732
GRCh38_CMRG_23235	732
GRCh38_CMRG_31917	732
GRCh38_CMRG_33366	732
GRCh38_CMRG_36494	732
GRCh38_CMRG_38424	732
GRCh38_CMRG_51099	732
GRCh38_CMRG_62535	732
GRCh38_CMRG_62536	732
GRCh38_CMRG_64991	732
GRCh38_CMRG_65480	732
GRCh38_CMRG_69316	732
GRCh38_CMRG_73263	732
GRCh38_CMRG_73345	732
GRCh38_CMRG_74646	732
GRCh38_CMRG_76604	732
GRCh38_CMRG_79046	732
GRCh38_CMRG_79047	732
GRCh38_CMRG_79236	732
GRCh38_CMRG_79659	732
GRCh38_CMRG_8076	732
GRCh38_CMRG_84497	732
GRCh38_CMRG_15553	731
GRCh38_CMRG_22421	731
GRCh38_CMRG_32627	731
GRCh38_CMRG_32628	731
GRCh38_CMRG_33134	731
GRCh38_CMRG_33730	731
GRCh38_CMRG_45580	731
GRCh38_CMRG_48252	731
GRCh38_CMRG_49749	731
GRCh38_CMRG_49860	731
GRCh38_CMRG_62080	731
GRCh38_CMRG_65481	731
GRCh38_CMRG_65585	731
GRCh38_CMRG_6677	731
GRCh38_CMRG_70763	731
GRCh38_CMRG_72445	731
GRCh38_CMRG_74479	731
GRCh38_CMRG_79627	731
GRCh38_CMRG_81647	731
GRCh38_CMRG_81648	731
GRCh38_CMRG_12257	730
GRCh38_CMRG_17539	730
GRCh38_CMRG_29538	730
GRCh38_CMRG_35723	730
GRCh38_CMRG_36730	730
GRCh38_CMRG_38292	730
GRCh38_CMRG_38553	730
GRCh38_CMRG_49859	730
GRCh38_CMRG_49861	730
GRCh38_CMRG_52491	730
GRCh38_CMRG_60584	730
GRCh38_CMRG_68244	730
GRCh38_CMRG_74528	730
GRCh38_CMRG_75413	730
GRCh38_CMRG_79690	730
GRCh38_CMRG_832	730
GRCh38_CMRG_17383	729
GRCh38_CMRG_17596	729
GRCh38_CMRG_32890	729
GRCh38_CMRG_33106	729
GRCh38_CMRG_33566	729
GRCh38_CMRG_38329	729
GRCh38_CMRG_39816	729
GRCh38_CMRG_39817	729
GRCh38_CMRG_44841	729
GRCh38_CMRG_449	729
GRCh38_CMRG_45474	729
GRCh38_CMRG_50076	729
GRCh38_CMRG_50626	729
GRCh38_CMRG_61890	729
GRCh38_CMRG_63277	729
GRCh38_CMRG_63305	729
GRCh38_CMRG_64242	729
GRCh38_CMRG_71114	729
GRCh38_CMRG_74779	729
GRCh38_CMRG_82549	729
GRCh38_CMRG_82733	729
GRCh38_CMRG_13455	728
GRCh38_CMRG_13625	728
GRCh38_CMRG_1420	728
GRCh38_CMRG_1421	728
GRCh38_CMRG_1431	728
GRCh38_CMRG_2783	728
GRCh38_CMRG_28972	728
GRCh38_CMRG_31595	728
GRCh38_CMRG_31844	728
GRCh38_CMRG_33455	728
GRCh38_CMRG_33880	728
GRCh38_CMRG_37038	728
GRCh38_CMRG_37628	728
GRCh38_CMRG_38948	728
GRCh38_CMRG_41824	728
GRCh38_CMRG_52445	728
GRCh38_CMRG_55320	728
GRCh38_CMRG_55663	728
GRCh38_CMRG_68092	728
GRCh38_CMRG_72005	728
GRCh38_CMRG_72194	728
GRCh38_CMRG_9601	728
GRCh38_CMRG_17731	727
GRCh38_CMRG_24685	727
GRCh38_CMRG_28400	727
GRCh38_CMRG_28429	727
GRCh38_CMRG_36013	727
GRCh38_CMRG_37726	727
GRCh38_CMRG_37952	727
GRCh38_CMRG_38294	727
GRCh38_CMRG_45104	727
GRCh38_CMRG_48142	727
GRCh38_CMRG_51538	727
GRCh38_CMRG_53700	727
GRCh38_CMRG_60312	727
GRCh38_CMRG_63556	727
GRCh38_CMRG_68276	727
GRCh38_CMRG_70673	727
GRCh38_CMRG_73253	727
GRCh38_CMRG_77338	727
GRCh38_CMRG_101	726
GRCh38_CMRG_11130	726
GRCh38_CMRG_13807	726
GRCh38_CMRG_15017	726
GRCh38_CMRG_24574	726
GRCh38_CMRG_31572	726
GRCh38_CMRG_31873	726
GRCh38_CMRG_34085	726
GRCh38_CMRG_34656	726
GRCh38_CMRG_37976	726
GRCh38_CMRG_43726	726
GRCh38_CMRG_54674	726
GRCh38_CMRG_60116	726
GRCh38_CMRG_60570	726
GRCh38_CMRG_61492	726
GRCh38_CMRG_69113	726
GRCh38_CMRG_74008	726
GRCh38_CMRG_76781	726
GRCh38_CMRG_9715	726
GRCh38_CMRG_16530	725
GRCh38_CMRG_17835	725
GRCh38_CMRG_22579	725
GRCh38_CMRG_24029	725
GRCh38_CMRG_24856	725
GRCh38_CMRG_24857	725
GRCh38_CMRG_38358	725
GRCh38_CMRG_39666	725
GRCh38_CMRG_41143	725
GRCh38_CMRG_43711	725
GRCh38_CMRG_45424	725
GRCh38_CMRG_55581	725
GRCh38_CMRG_58174	725
GRCh38_CMRG_58671	725
GRCh38_CMRG_58672	725
GRCh38_CMRG_59512	725
GRCh38_CMRG_711	725
GRCh38_CMRG_71623	725
GRCh38_CMRG_73241	725
GRCh38_CMRG_79529	725
GRCh38_CMRG_81561	725
GRCh38_CMRG_82180	725
GRCh38_CMRG_82504	725
GRCh38_CMRG_82505	725
GRCh38_CMRG_82562	725
GRCh38_CMRG_83115	725
GRCh38_CMRG_11543	724
GRCh38_CMRG_12813	724
GRCh38_CMRG_18432	724
GRCh38_CMRG_1970	724
GRCh38_CMRG_22789	724
GRCh38_CMRG_24474	724
GRCh38_CMRG_24650	724
GRCh38_CMRG_33356	724
GRCh38_CMRG_33506	724
GRCh38_CMRG_34350	724
GRCh38_CMRG_37794	724
GRCh38_CMRG_37796	724
GRCh38_CMRG_38638	724
GRCh38_CMRG_39651	724
GRCh38_CMRG_40784	724
GRCh38_CMRG_42209	724
GRCh38_CMRG_47207	724
GRCh38_CMRG_47211	724
GRCh38_CMRG_49601	724
GRCh38_CMRG_52753	724
GRCh38_CMRG_54139	724
GRCh38_CMRG_6054	724
GRCh38_CMRG_6364	724
GRCh38_CMRG_6365	724
GRCh38_CMRG_6390	724
GRCh38_CMRG_65082	724
GRCh38_CMRG_77597	724
GRCh38_CMRG_82261	724
GRCh38_CMRG_8517	724
GRCh38_CMRG_8518	724
GRCh38_CMRG_8901	724
GRCh38_CMRG_8970	724
GRCh38_CMRG_9235	724
GRCh38_CMRG_18431	723
GRCh38_CMRG_22720	723
GRCh38_CMRG_26803	723
GRCh38_CMRG_28443	723
GRCh38_CMRG_31773	723
GRCh38_CMRG_34633	723
GRCh38_CMRG_41860	723
GRCh38_CMRG_46365	723
GRCh38_CMRG_48438	723
GRCh38_CMRG_58983	723
GRCh38_CMRG_60462	723
GRCh38_CMRG_60463	723
GRCh38_CMRG_67415	723
GRCh38_CMRG_6762	723
GRCh38_CMRG_70063	723
GRCh38_CMRG_71037	723
GRCh38_CMRG_73261	723
GRCh38_CMRG_8369	723
GRCh38_CMRG_84144	723
GRCh38_CMRG_12810	722
GRCh38_CMRG_26587	722
GRCh38_CMRG_32863	722
GRCh38_CMRG_33463	722
GRCh38_CMRG_40427	722
GRCh38_CMRG_50953	722
GRCh38_CMRG_53612	722
GRCh38_CMRG_54426	722
GRCh38_CMRG_55380	722
GRCh38_CMRG_55525	722
GRCh38_CMRG_68496	722
GRCh38_CMRG_68497	722
GRCh38_CMRG_70568	722
GRCh38_CMRG_71988	722
GRCh38_CMRG_77280	722
GRCh38_CMRG_8015	722
GRCh38_CMRG_84150	722
GRCh38_CMRG_84436	722
GRCh38_CMRG_18864	721
GRCh38_CMRG_29653	721
GRCh38_CMRG_33099	721
GRCh38_CMRG_33850	721
GRCh38_CMRG_36605	721
GRCh38_CMRG_37436	721
GRCh38_CMRG_38258	721
GRCh38_CMRG_38259	721
GRCh38_CMRG_38297	721
GRCh38_CMRG_43692	721
GRCh38_CMRG_52440	721
GRCh38_CMRG_55476	721
GRCh38_CMRG_55497	721
GRCh38_CMRG_63644	721
GRCh38_CMRG_68316	721
GRCh38_CMRG_73064	721
GRCh38_CMRG_73292	721
GRCh38_CMRG_7611	721
GRCh38_CMRG_77640	721
GRCh38_CMRG_81224	721
GRCh38_CMRG_82190	721
GRCh38_CMRG_83565	721
GRCh38_CMRG_83960	721
GRCh38_CMRG_12790	720
GRCh38_CMRG_12791	720
GRCh38_CMRG_13542	720
GRCh38_CMRG_15588	720
GRCh38_CMRG_18764	720
GRCh38_CMRG_22504	720
GRCh38_CMRG_24603	720
GRCh38_CMRG_28487	720
GRCh38_CMRG_32939	720
GRCh38_CMRG_37437	720
GRCh38_CMRG_37948	720
GRCh38_CMRG_49080	720
GRCh38_CMRG_51782	720
GRCh38_CMRG_58259	720
GRCh38_CMRG_59455	720
GRCh38_CMRG_68750	720
GRCh38_CMRG_71063	720
GRCh38_CMRG_77514	720
GRCh38_CMRG_77516	720
GRCh38_CMRG_79038	720
GRCh38_CMRG_82179	720
GRCh38_CMRG_82604	720
GRCh38_CMRG_82709	720
GRCh38_CMRG_83634	720
GRCh38_CMRG_17209	719
GRCh38_CMRG_21332	719
GRCh38_CMRG_26392	719
GRCh38_CMRG_28126	719
GRCh38_CMRG_28156	719
GRCh38_CMRG_34070	719
GRCh38_CMRG_41357	719
GRCh38_CMRG_44223	719
GRCh38_CMRG_59571	719
GRCh38_CMRG_59572	719
GRCh38_CMRG_60545	719
GRCh38_CMRG_7613	719
GRCh38_CMRG_76590	719
GRCh38_CMRG_8005	719
GRCh38_CMRG_80977	719
GRCh38_CMRG_82603	719
GRCh38_CMRG_83563	719
GRCh38_CMRG_11083	718
GRCh38_CMRG_14217	718
GRCh38_CMRG_14330	718
GRCh38_CMRG_17009	718
GRCh38_CMRG_18386	718
GRCh38_CMRG_25060	718
GRCh38_CMRG_33924	718
GRCh38_CMRG_44330	718
GRCh38_CMRG_45605	718
GRCh38_CMRG_45606	718
GRCh38_CMRG_45892	718
GRCh38_CMRG_49428	718
GRCh38_CMRG_55116	718
GRCh38_CMRG_6047	718
GRCh38_CMRG_6780	718
GRCh38_CMRG_6925	718
GRCh38_CMRG_7614	718
GRCh38_CMRG_77127	718
GRCh38_CMRG_77250	718
GRCh38_CMRG_80786	718
GRCh38_CMRG_82049	718
GRCh38_CMRG_9585	718
GRCh38_CMRG_10894	717
GRCh38_CMRG_12383	717
GRCh38_CMRG_14598	717
GRCh38_CMRG_18967	717
GRCh38_CMRG_19120	717
GRCh38_CMRG_2610	717
GRCh38_CMRG_27439	717
GRCh38_CMRG_2782	717
GRCh38_CMRG_32943	717
GRCh38_CMRG_363	717
GRCh38_CMRG_36665	717
GRCh38_CMRG_41845	717
GRCh38_CMRG_45422	717
GRCh38_CMRG_47059	717
GRCh38_CMRG_49079	717
GRCh38_CMRG_51705	717
GRCh38_CMRG_52590	717
GRCh38_CMRG_58261	717
GRCh38_CMRG_60192	717
GRCh38_CMRG_66103	717
GRCh38_CMRG_6666	717
GRCh38_CMRG_72944	717
GRCh38_CMRG_7912	717
GRCh38_CMRG_79224	717
GRCh38_CMRG_81887	717
GRCh38_CMRG_82277	717
GRCh38_CMRG_19064	716
GRCh38_CMRG_19882	716
GRCh38_CMRG_22683	716
GRCh38_CMRG_28508	716
GRCh38_CMRG_41025	716
GRCh38_CMRG_50054	716
GRCh38_CMRG_52869	716
GRCh38_CMRG_53552	716
GRCh38_CMRG_55028	716
GRCh38_CMRG_55457	716
GRCh38_CMRG_58258	716
GRCh38_CMRG_65333	716
GRCh38_CMRG_66104	716
GRCh38_CMRG_68081	716
GRCh38_CMRG_7020	716
GRCh38_CMRG_74386	716
GRCh38_CMRG_77358	716
GRCh38_CMRG_79555	716
GRCh38_CMRG_81538	716
GRCh38_CMRG_84140	716
GRCh38_CMRG_13040	715
GRCh38_CMRG_13739	715
GRCh38_CMRG_18865	715
GRCh38_CMRG_19880	715
GRCh38_CMRG_19966	715
GRCh38_CMRG_21601	715
GRCh38_CMRG_23504	715
GRCh38_CMRG_31227	715
GRCh38_CMRG_37947	715
GRCh38_CMRG_41541	715
GRCh38_CMRG_41843	715
GRCh38_CMRG_44003	715
GRCh38_CMRG_44972	715
GRCh38_CMRG_45390	715
GRCh38_CMRG_45830	715
GRCh38_CMRG_48739	715
GRCh38_CMRG_49060	715
GRCh38_CMRG_63249	715
GRCh38_CMRG_65197	715
GRCh38_CMRG_68796	715
GRCh38_CMRG_72276	715
GRCh38_CMRG_74943	715
GRCh38_CMRG_8070	715
GRCh38_CMRG_8071	715
GRCh38_CMRG_81977	715
GRCh38_CMRG_84401	715
GRCh38_CMRG_14021	714
GRCh38_CMRG_14022	714
GRCh38_CMRG_16478	714
GRCh38_CMRG_17757	714
GRCh38_CMRG_21396	714
GRCh38_CMRG_23024	714
GRCh38_CMRG_33261	714
GRCh38_CMRG_44694	714
GRCh38_CMRG_44980	714
GRCh38_CMRG_45166	714
GRCh38_CMRG_49418	714
GRCh38_CMRG_49524	714
GRCh38_CMRG_49752	714
GRCh38_CMRG_53051	714
GRCh38_CMRG_55580	714
GRCh38_CMRG_59673	714
GRCh38_CMRG_6853	714
GRCh38_CMRG_69392	714
GRCh38_CMRG_70228	714
GRCh38_CMRG_79116	714
GRCh38_CMRG_82623	714
GRCh38_CMRG_16563	713
GRCh38_CMRG_17060	713
GRCh38_CMRG_17642	713
GRCh38_CMRG_18545	713
GRCh38_CMRG_32184	713
GRCh38_CMRG_33148	713
GRCh38_CMRG_41169	713
GRCh38_CMRG_41223	713
GRCh38_CMRG_46452	713
GRCh38_CMRG_49858	713
GRCh38_CMRG_52793	713
GRCh38_CMRG_60565	713
GRCh38_CMRG_61385	713
GRCh38_CMRG_61386	713
GRCh38_CMRG_63468	713
GRCh38_CMRG_67171	713
GRCh38_CMRG_67462	713
GRCh38_CMRG_74670	713
GRCh38_CMRG_84107	713
GRCh38_CMRG_84120	713
GRCh38_CMRG_10839	712
GRCh38_CMRG_18297	712
GRCh38_CMRG_29231	712
GRCh38_CMRG_38169	712
GRCh38_CMRG_50572	712
GRCh38_CMRG_55027	712
GRCh38_CMRG_55356	712
GRCh38_CMRG_6852	712
GRCh38_CMRG_71557	712
GRCh38_CMRG_77275	712
GRCh38_CMRG_78947	712
GRCh38_CMRG_78948	712
GRCh38_CMRG_79897	712
GRCh38_CMRG_10733	711
GRCh38_CMRG_1698	711
GRCh38_CMRG_17756	711
GRCh38_CMRG_23023	711
GRCh38_CMRG_29180	711
GRCh38_CMRG_32677	711
GRCh38_CMRG_33245	711
GRCh38_CMRG_37447	711
GRCh38_CMRG_39983	711
GRCh38_CMRG_40738	711
GRCh38_CMRG_42390	711
GRCh38_CMRG_45206	711
GRCh38_CMRG_46131	711
GRCh38_CMRG_49288	711
GRCh38_CMRG_52715	711
GRCh38_CMRG_52957	711
GRCh38_CMRG_54383	711
GRCh38_CMRG_58359	711
GRCh38_CMRG_6558	711
GRCh38_CMRG_6559	711
GRCh38_CMRG_67146	711
GRCh38_CMRG_7328	711
GRCh38_CMRG_7674	711
GRCh38_CMRG_77515	711
GRCh38_CMRG_1628	710
GRCh38_CMRG_16968	710
GRCh38_CMRG_22008	710
GRCh38_CMRG_22412	710
GRCh38_CMRG_61991	710
GRCh38_CMRG_67476	710
GRCh38_CMRG_68148	710
GRCh38_CMRG_74982	710
GRCh38_CMRG_81892	710
GRCh38_CMRG_82794	710
GRCh38_CMRG_8427	710
GRCh38_CMRG_8428	710
GRCh38_CMRG_84402	710
GRCh38_CMRG_12012	709
GRCh38_CMRG_1627	709
GRCh38_CMRG_17434	709
GRCh38_CMRG_17931	709
GRCh38_CMRG_19405	709
GRCh38_CMRG_2234	709
GRCh38_CMRG_24923	709
GRCh38_CMRG_28396	709
GRCh38_CMRG_29963	709
GRCh38_CMRG_29964	709
GRCh38_CMRG_37442	709
GRCh38_CMRG_39341	709
GRCh38_CMRG_39853	709
GRCh38_CMRG_44546	709
GRCh38_CMRG_44847	709
GRCh38_CMRG_45391	709
GRCh38_CMRG_51143	709
GRCh38_CMRG_54164	709
GRCh38_CMRG_54404	709
GRCh38_CMRG_64742	709
GRCh38_CMRG_67921	709
GRCh38_CMRG_68605	709
GRCh38_CMRG_69580	709
GRCh38_CMRG_79095	709
GRCh38_CMRG_82004	709
GRCh38_CMRG_82005	709
GRCh38_CMRG_82243	709
GRCh38_CMRG_82312	709
GRCh38_CMRG_82736	709
GRCh38_CMRG_83053	709
GRCh38_CMRG_83722	709
GRCh38_CMRG_10826	708
GRCh38_CMRG_10854	708
GRCh38_CMRG_11104	708
GRCh38_CMRG_12617	708
GRCh38_CMRG_16473	708
GRCh38_CMRG_19868	708
GRCh38_CMRG_21774	708
GRCh38_CMRG_22320	708
GRCh38_CMRG_22413	708
GRCh38_CMRG_22961	708
GRCh38_CMRG_22962	708
GRCh38_CMRG_24678	708
GRCh38_CMRG_29636	708
GRCh38_CMRG_29637	708
GRCh38_CMRG_34558	708
GRCh38_CMRG_45680	708
GRCh38_CMRG_58696	708
GRCh38_CMRG_58697	708
GRCh38_CMRG_59275	708
GRCh38_CMRG_60491	708
GRCh38_CMRG_60492	708
GRCh38_CMRG_67842	708
GRCh38_CMRG_70136	708
GRCh38_CMRG_7035	708
GRCh38_CMRG_84124	708
GRCh38_CMRG_14801	707
GRCh38_CMRG_16533	707
GRCh38_CMRG_17159	707
GRCh38_CMRG_17963	707
GRCh38_CMRG_27824	707
GRCh38_CMRG_28137	707
GRCh38_CMRG_28142	707
GRCh38_CMRG_34453	707
GRCh38_CMRG_39472	707
GRCh38_CMRG_40709	707
GRCh38_CMRG_44920	707
GRCh38_CMRG_51568	707
GRCh38_CMRG_54127	707
GRCh38_CMRG_61952	707
GRCh38_CMRG_77061	707
GRCh38_CMRG_81492	707
GRCh38_CMRG_992	707
GRCh38_CMRG_993	707
GRCh38_CMRG_1068	706
GRCh38_CMRG_11333	706
GRCh38_CMRG_19214	706
GRCh38_CMRG_25782	706
GRCh38_CMRG_31774	706
GRCh38_CMRG_36924	706
GRCh38_CMRG_37190	706
GRCh38_CMRG_40052	706
GRCh38_CMRG_40369	706
GRCh38_CMRG_48856	706
GRCh38_CMRG_50097	706
GRCh38_CMRG_54777	706
GRCh38_CMRG_58841	706
GRCh38_CMRG_62434	706
GRCh38_CMRG_63288	706
GRCh38_CMRG_63705	706
GRCh38_CMRG_661	706
GRCh38_CMRG_67843	706
GRCh38_CMRG_71036	706
GRCh38_CMRG_73366	706
GRCh38_CMRG_74671	706
GRCh38_CMRG_77604	706
GRCh38_CMRG_82540	706
GRCh38_CMRG_11915	705
GRCh38_CMRG_14145	705
GRCh38_CMRG_14146	705
GRCh38_CMRG_18196	705
GRCh38_CMRG_2156	705
GRCh38_CMRG_25115	705
GRCh38_CMRG_27641	705
GRCh38_CMRG_32506	705
GRCh38_CMRG_38659	705
GRCh38_CMRG_38762	705
GRCh38_CMRG_468	705
GRCh38_CMRG_55220	705
GRCh38_CMRG_58709	705
GRCh38_CMRG_58761	705
GRCh38_CMRG_60081	705
GRCh38_CMRG_60201	705
GRCh38_CMRG_61396	705
GRCh38_CMRG_65162	705
GRCh38_CMRG_73062	705
GRCh38_CMRG_77724	705
GRCh38_CMRG_7950	705
GRCh38_CMRG_79521	705
GRCh38_CMRG_80939	705
GRCh38_CMRG_83736	705
GRCh38_CMRG_13901	704
GRCh38_CMRG_14329	704
GRCh38_CMRG_2051	704
GRCh38_CMRG_20980	704
GRCh38_CMRG_21587	704
GRCh38_CMRG_26625	704
GRCh38_CMRG_31040	704
GRCh38_CMRG_31703	704
GRCh38_CMRG_53880	704
GRCh38_CMRG_54247	704
GRCh38_CMRG_55214	704
GRCh38_CMRG_60582	704
GRCh38_CMRG_6768	704
GRCh38_CMRG_70548	704
GRCh38_CMRG_71624	704
GRCh38_CMRG_82410	704
GRCh38_CMRG_82681	704
GRCh38_CMRG_10614	703
GRCh38_CMRG_2391	703
GRCh38_CMRG_25963	703
GRCh38_CMRG_25964	703
GRCh38_CMRG_26598	703
GRCh38_CMRG_28422	703
GRCh38_CMRG_33925	703
GRCh38_CMRG_439	703
GRCh38_CMRG_44491	703
GRCh38_CMRG_49289	703
GRCh38_CMRG_49290	703
GRCh38_CMRG_58710	703
GRCh38_CMRG_6491	703
GRCh38_CMRG_65207	703
GRCh38_CMRG_65821	703
GRCh38_CMRG_65945	703
GRCh38_CMRG_77357	703
GRCh38_CMRG_82030	703
GRCh38_CMRG_82398	703
GRCh38_CMRG_82419	703
GRCh38_CMRG_82656	703
GRCh38_CMRG_8661	703
GRCh38_CMRG_989	703
GRCh38_CMRG_12165	702
GRCh38_CMRG_12331	702
GRCh38_CMRG_15400	702
GRCh38_CMRG_15489	702
GRCh38_CMRG_22762	702
GRCh38_CMRG_2517	702
GRCh38_CMRG_25408	702
GRCh38_CMRG_26329	702
GRCh38_CMRG_27392	702
GRCh38_CMRG_32396	702
GRCh38_CMRG_41314	702
GRCh38_CMRG_45207	702
GRCh38_CMRG_47477	702
GRCh38_CMRG_47478	702
GRCh38_CMRG_47576	702
GRCh38_CMRG_49287	702
GRCh38_CMRG_52420	702
GRCh38_CMRG_53110	702
GRCh38_CMRG_58417	702
GRCh38_CMRG_61388	702
GRCh38_CMRG_63539	702
GRCh38_CMRG_63610	702
GRCh38_CMRG_63694	702
GRCh38_CMRG_71390	702
GRCh38_CMRG_7338	702
GRCh38_CMRG_7893	702
GRCh38_CMRG_8261	702
GRCh38_CMRG_12816	701
GRCh38_CMRG_1284	701
GRCh38_CMRG_31041	701
GRCh38_CMRG_32751	701
GRCh38_CMRG_33213	701
GRCh38_CMRG_36336	701
GRCh38_CMRG_36337	701
GRCh38_CMRG_38256	701
GRCh38_CMRG_39130	701
GRCh38_CMRG_43586	701
GRCh38_CMRG_43625	701
GRCh38_CMRG_49371	701
GRCh38_CMRG_52298	701
GRCh38_CMRG_52299	701
GRCh38_CMRG_55499	701
GRCh38_CMRG_65767	701
GRCh38_CMRG_71510	701
GRCh38_CMRG_76876	701
GRCh38_CMRG_77313	701
GRCh38_CMRG_79874	701
GRCh38_CMRG_79875	701
GRCh38_CMRG_17715	700
GRCh38_CMRG_23453	700
GRCh38_CMRG_33546	700
GRCh38_CMRG_37027	700
GRCh38_CMRG_38288	700
GRCh38_CMRG_49753	700
GRCh38_CMRG_51517	700
GRCh38_CMRG_53827	700
GRCh38_CMRG_55540	700
GRCh38_CMRG_73387	700
GRCh38_CMRG_73740	700
GRCh38_CMRG_79085	700
GRCh38_CMRG_80821	700
GRCh38_CMRG_8337	700
GRCh38_CMRG_84018	700
GRCh38_CMRG_9513	700
GRCh38_CMRG_10666	699
GRCh38_CMRG_11257	699
GRCh38_CMRG_11313	699
GRCh38_CMRG_17717	699
GRCh38_CMRG_1869	699
GRCh38_CMRG_29209	699
GRCh38_CMRG_38287	699
GRCh38_CMRG_38630	699
GRCh38_CMRG_42164	699
GRCh38_CMRG_42493	699
GRCh38_CMRG_45423	699
GRCh38_CMRG_46182	699
GRCh38_CMRG_48689	699
GRCh38_CMRG_52152	699
GRCh38_CMRG_52153	699
GRCh38_CMRG_55113	699
GRCh38_CMRG_59232	699
GRCh38_CMRG_7463	699
GRCh38_CMRG_79432	699
GRCh38_CMRG_81798	699
GRCh38_CMRG_82020	699
GRCh38_CMRG_82591	699
GRCh38_CMRG_9148	699
GRCh38_CMRG_9149	699
GRCh38_CMRG_104	698
GRCh38_CMRG_16453	698
GRCh38_CMRG_19747	698
GRCh38_CMRG_22149	698
GRCh38_CMRG_23801	698
GRCh38_CMRG_29762	698
GRCh38_CMRG_32749	698
GRCh38_CMRG_39473	698
GRCh38_CMRG_42143	698
GRCh38_CMRG_45004	698
GRCh38_CMRG_50646	698
GRCh38_CMRG_50647	698
GRCh38_CMRG_58317	698
GRCh38_CMRG_58963	698
GRCh38_CMRG_60348	698
GRCh38_CMRG_6508	698
GRCh38_CMRG_67511	698
GRCh38_CMRG_71090	698
GRCh38_CMRG_71091	698
GRCh38_CMRG_72927	698
GRCh38_CMRG_72928	698
GRCh38_CMRG_77354	698
GRCh38_CMRG_79086	698
GRCh38_CMRG_79524	698
GRCh38_CMRG_84433	698
GRCh38_CMRG_28264	697
GRCh38_CMRG_37964	697
GRCh38_CMRG_39511	697
GRCh38_CMRG_42031	697
GRCh38_CMRG_42032	697
GRCh38_CMRG_45126	697
GRCh38_CMRG_45484	697
GRCh38_CMRG_48831	697
GRCh38_CMRG_51425	697
GRCh38_CMRG_51426	697
GRCh38_CMRG_5935	697
GRCh38_CMRG_6517	697
GRCh38_CMRG_65867	697
GRCh38_CMRG_65868	697
GRCh38_CMRG_70549	697
GRCh38_CMRG_70774	697
GRCh38_CMRG_71378	697
GRCh38_CMRG_73566	697
GRCh38_CMRG_74365	697
GRCh38_CMRG_22393	696
GRCh38_CMRG_22394	696
GRCh38_CMRG_24576	696
GRCh38_CMRG_37214	696
GRCh38_CMRG_37215	696
GRCh38_CMRG_37740	696
GRCh38_CMRG_40582	696
GRCh38_CMRG_42142	696
GRCh38_CMRG_48882	696
GRCh38_CMRG_50625	696
GRCh38_CMRG_53270	696
GRCh38_CMRG_59077	696
GRCh38_CMRG_6518	696
GRCh38_CMRG_67335	696
GRCh38_CMRG_70381	696
GRCh38_CMRG_74831	696
GRCh38_CMRG_75267	696
GRCh38_CMRG_79378	696
GRCh38_CMRG_81838	696
GRCh38_CMRG_82930	696
GRCh38_CMRG_11480	695
GRCh38_CMRG_13466	695
GRCh38_CMRG_14100	695
GRCh38_CMRG_14271	695
GRCh38_CMRG_14444	695
GRCh38_CMRG_14445	695
GRCh38_CMRG_14446	695
GRCh38_CMRG_14447	695
GRCh38_CMRG_14751	695
GRCh38_CMRG_18437	695
GRCh38_CMRG_19937	695
GRCh38_CMRG_21349	695
GRCh38_CMRG_23248	695
GRCh38_CMRG_23249	695
GRCh38_CMRG_23497	695
GRCh38_CMRG_27922	695
GRCh38_CMRG_29735	695
GRCh38_CMRG_31392	695
GRCh38_CMRG_32880	695
GRCh38_CMRG_38475	695
GRCh38_CMRG_47709	695
GRCh38_CMRG_51903	695
GRCh38_CMRG_52549	695
GRCh38_CMRG_52550	695
GRCh38_CMRG_54704	695
GRCh38_CMRG_623	695
GRCh38_CMRG_71715	695
GRCh38_CMRG_72694	695
GRCh38_CMRG_7327	695
GRCh38_CMRG_73449	695
GRCh38_CMRG_7502	695
GRCh38_CMRG_8088	695
GRCh38_CMRG_82594	695
GRCh38_CMRG_82921	695
GRCh38_CMRG_83189	695
GRCh38_CMRG_8612	695
GRCh38_CMRG_9628	695
GRCh38_CMRG_11170	694
GRCh38_CMRG_12169	694
GRCh38_CMRG_15452	694
GRCh38_CMRG_21875	694
GRCh38_CMRG_34657	694
GRCh38_CMRG_37415	694
GRCh38_CMRG_38480	694
GRCh38_CMRG_50274	694
GRCh38_CMRG_50666	694
GRCh38_CMRG_51040	694
GRCh38_CMRG_51041	694
GRCh38_CMRG_61702	694
GRCh38_CMRG_62389	694
GRCh38_CMRG_62482	694
GRCh38_CMRG_62637	694
GRCh38_CMRG_70385	694
GRCh38_CMRG_7087	694
GRCh38_CMRG_71923	694
GRCh38_CMRG_72775	694
GRCh38_CMRG_74287	694
GRCh38_CMRG_76981	694
GRCh38_CMRG_7766	694
GRCh38_CMRG_79255	694
GRCh38_CMRG_79872	694
GRCh38_CMRG_81777	694
GRCh38_CMRG_81778	694
GRCh38_CMRG_83113	694
GRCh38_CMRG_8351	694
GRCh38_CMRG_84234	694
GRCh38_CMRG_9319	694
GRCh38_CMRG_175	693
GRCh38_CMRG_21307	693
GRCh38_CMRG_21350	693
GRCh38_CMRG_22482	693
GRCh38_CMRG_373	693
GRCh38_CMRG_39975	693
GRCh38_CMRG_47402	693
GRCh38_CMRG_59643	693
GRCh38_CMRG_64653	693
GRCh38_CMRG_74317	693
GRCh38_CMRG_82403	693
GRCh38_CMRG_82404	693
GRCh38_CMRG_83097	693
GRCh38_CMRG_84191	693
GRCh38_CMRG_13931	692
GRCh38_CMRG_18560	692
GRCh38_CMRG_21721	692
GRCh38_CMRG_2531	692
GRCh38_CMRG_2532	692
GRCh38_CMRG_25896	692
GRCh38_CMRG_26045	692
GRCh38_CMRG_31627	692
GRCh38_CMRG_32354	692
GRCh38_CMRG_37984	692
GRCh38_CMRG_40947	692
GRCh38_CMRG_41634	692
GRCh38_CMRG_44070	692
GRCh38_CMRG_48456	692
GRCh38_CMRG_48761	692
GRCh38_CMRG_50257	692
GRCh38_CMRG_53244	692
GRCh38_CMRG_55363	692
GRCh38_CMRG_58299	692
GRCh38_CMRG_59326	692
GRCh38_CMRG_70690	692
GRCh38_CMRG_73819	692
GRCh38_CMRG_77360	692
GRCh38_CMRG_79242	692
GRCh38_CMRG_84008	692
GRCh38_CMRG_14951	691
GRCh38_CMRG_21708	691
GRCh38_CMRG_23084	691
GRCh38_CMRG_24110	691
GRCh38_CMRG_26676	691
GRCh38_CMRG_29768	691
GRCh38_CMRG_38350	691
GRCh38_CMRG_39598	691
GRCh38_CMRG_42439	691
GRCh38_CMRG_46411	691
GRCh38_CMRG_49306	691
GRCh38_CMRG_54956	691
GRCh38_CMRG_63526	691
GRCh38_CMRG_64425	691
GRCh38_CMRG_64467	691
GRCh38_CMRG_67341	691
GRCh38_CMRG_69597	691
GRCh38_CMRG_70938	691
GRCh38_CMRG_73389	691
GRCh38_CMRG_77236	691
GRCh38_CMRG_77237	691
GRCh38_CMRG_81975	691
GRCh38_CMRG_84428	691
GRCh38_CMRG_18347	690
GRCh38_CMRG_18348	690
GRCh38_CMRG_22112	690
GRCh38_CMRG_33362	690
GRCh38_CMRG_42095	690
GRCh38_CMRG_43881	690
GRCh38_CMRG_48598	690
GRCh38_CMRG_48654	690
GRCh38_CMRG_48823	690
GRCh38_CMRG_54414	690
GRCh38_CMRG_54421	690
GRCh38_CMRG_59144	690
GRCh38_CMRG_70556	690
GRCh38_CMRG_73845	690
GRCh38_CMRG_77518	690
GRCh38_CMRG_10643	689
GRCh38_CMRG_11829	689
GRCh38_CMRG_1951	689
GRCh38_CMRG_41144	689
GRCh38_CMRG_45668	689
GRCh38_CMRG_5738	689
GRCh38_CMRG_59155	689
GRCh38_CMRG_59335	689
GRCh38_CMRG_62319	689
GRCh38_CMRG_6394	689
GRCh38_CMRG_74619	689
GRCh38_CMRG_76803	689
GRCh38_CMRG_77650	689
GRCh38_CMRG_82160	689
GRCh38_CMRG_82629	689
GRCh38_CMRG_83047	689
GRCh38_CMRG_19049	688
GRCh38_CMRG_22645	688
GRCh38_CMRG_26804	688
GRCh38_CMRG_28677	688
GRCh38_CMRG_32415	688
GRCh38_CMRG_362	688
GRCh38_CMRG_36546	688
GRCh38_CMRG_41986	688
GRCh38_CMRG_42264	688
GRCh38_CMRG_58661	688
GRCh38_CMRG_64262	688
GRCh38_CMRG_69871	688
GRCh38_CMRG_71069	688
GRCh38_CMRG_72901	688
GRCh38_CMRG_8006	688
GRCh38_CMRG_8026	688
GRCh38_CMRG_82308	688
GRCh38_CMRG_18157	687
GRCh38_CMRG_199	687
GRCh38_CMRG_19978	687
GRCh38_CMRG_23416	687
GRCh38_CMRG_37097	687
GRCh38_CMRG_38349	687
GRCh38_CMRG_38769	687
GRCh38_CMRG_42086	687
GRCh38_CMRG_43636	687
GRCh38_CMRG_43637	687
GRCh38_CMRG_45867	687
GRCh38_CMRG_50327	687
GRCh38_CMRG_60410	687
GRCh38_CMRG_653	687
GRCh38_CMRG_67297	687
GRCh38_CMRG_67986	687
GRCh38_CMRG_6910	687
GRCh38_CMRG_712	687
GRCh38_CMRG_77720	687
GRCh38_CMRG_79653	687
GRCh38_CMRG_9264	687
GRCh38_CMRG_11538	686
GRCh38_CMRG_13376	686
GRCh38_CMRG_18474	686
GRCh38_CMRG_22907	686
GRCh38_CMRG_24172	686
GRCh38_CMRG_28125	686
GRCh38_CMRG_28307	686
GRCh38_CMRG_29483	686
GRCh38_CMRG_36911	686
GRCh38_CMRG_36912	686
GRCh38_CMRG_37603	686
GRCh38_CMRG_40739	686
GRCh38_CMRG_42559	686
GRCh38_CMRG_44203	686
GRCh38_CMRG_44647	686
GRCh38_CMRG_50917	686
GRCh38_CMRG_54750	686
GRCh38_CMRG_55168	686
GRCh38_CMRG_6485	686
GRCh38_CMRG_68084	686
GRCh38_CMRG_68277	686
GRCh38_CMRG_70021	686
GRCh38_CMRG_70387	686
GRCh38_CMRG_73041	686
GRCh38_CMRG_76847	686
GRCh38_CMRG_77135	686
GRCh38_CMRG_79652	686
GRCh38_CMRG_81554	686
GRCh38_CMRG_82746	686
GRCh38_CMRG_84131	686
GRCh38_CMRG_14456	685
GRCh38_CMRG_19006	685
GRCh38_CMRG_23527	685
GRCh38_CMRG_29488	685
GRCh38_CMRG_33363	685
GRCh38_CMRG_34701	685
GRCh38_CMRG_34702	685
GRCh38_CMRG_48532	685
GRCh38_CMRG_50240	685
GRCh38_CMRG_60572	685
GRCh38_CMRG_60913	685
GRCh38_CMRG_61586	685
GRCh38_CMRG_63682	685
GRCh38_CMRG_669	685
GRCh38_CMRG_70216	685
GRCh38_CMRG_71033	685
GRCh38_CMRG_73807	685
GRCh38_CMRG_75074	685
GRCh38_CMRG_77289	685
GRCh38_CMRG_81873	685
GRCh38_CMRG_84434	685
GRCh38_CMRG_8735	685
GRCh38_CMRG_9523	685
GRCh38_CMRG_1235	684
GRCh38_CMRG_16797	684
GRCh38_CMRG_18026	684
GRCh38_CMRG_24652	684
GRCh38_CMRG_25272	684
GRCh38_CMRG_29188	684
GRCh38_CMRG_32320	684
GRCh38_CMRG_33628	684
GRCh38_CMRG_34093	684
GRCh38_CMRG_41693	684
GRCh38_CMRG_46494	684
GRCh38_CMRG_49008	684
GRCh38_CMRG_50784	684
GRCh38_CMRG_51074	684
GRCh38_CMRG_51075	684
GRCh38_CMRG_51268	684
GRCh38_CMRG_52425	684
GRCh38_CMRG_53831	684
GRCh38_CMRG_53832	684
GRCh38_CMRG_67570	684
GRCh38_CMRG_73428	684
GRCh38_CMRG_73766	684
GRCh38_CMRG_7675	684
GRCh38_CMRG_7908	684
GRCh38_CMRG_81207	684
GRCh38_CMRG_146	683
GRCh38_CMRG_18171	683
GRCh38_CMRG_18296	683
GRCh38_CMRG_20891	683
GRCh38_CMRG_25766	683
GRCh38_CMRG_26375	683
GRCh38_CMRG_27281	683
GRCh38_CMRG_29894	683
GRCh38_CMRG_34551	683
GRCh38_CMRG_34660	683
GRCh38_CMRG_36746	683
GRCh38_CMRG_39229	683
GRCh38_CMRG_40699	683
GRCh38_CMRG_41816	683
GRCh38_CMRG_44069	683
GRCh38_CMRG_45060	683
GRCh38_CMRG_48226	683
GRCh38_CMRG_52439	683
GRCh38_CMRG_54857	683
GRCh38_CMRG_70288	683
GRCh38_CMRG_76804	683
GRCh38_CMRG_19255	682
GRCh38_CMRG_21688	682
GRCh38_CMRG_23487	682
GRCh38_CMRG_23488	682
GRCh38_CMRG_24249	682
GRCh38_CMRG_24425	682
GRCh38_CMRG_25045	682
GRCh38_CMRG_26001	682
GRCh38_CMRG_29499	682
GRCh38_CMRG_29500	682
GRCh38_CMRG_31359	682
GRCh38_CMRG_34572	682
GRCh38_CMRG_36159	682
GRCh38_CMRG_36792	682
GRCh38_CMRG_38172	682
GRCh38_CMRG_41636	682
GRCh38_CMRG_41637	682
GRCh38_CMRG_45001	682
GRCh38_CMRG_45274	682
GRCh38_CMRG_45900	682
GRCh38_CMRG_52347	682
GRCh38_CMRG_59543	682
GRCh38_CMRG_59667	682
GRCh38_CMRG_61489	682
GRCh38_CMRG_68342	682
GRCh38_CMRG_70475	682
GRCh38_CMRG_70476	682
GRCh38_CMRG_75029	682
GRCh38_CMRG_8492	682
GRCh38_CMRG_9514	682
GRCh38_CMRG_12330	681
GRCh38_CMRG_12506	681
GRCh38_CMRG_17481	681
GRCh38_CMRG_18384	681
GRCh38_CMRG_26269	681
GRCh38_CMRG_2827	681
GRCh38_CMRG_29486	681
GRCh38_CMRG_31796	681
GRCh38_CMRG_32257	681
GRCh38_CMRG_33508	681
GRCh38_CMRG_41048	681
GRCh38_CMRG_46434	681
GRCh38_CMRG_46630	681
GRCh38_CMRG_48973	681
GRCh38_CMRG_51273	681
GRCh38_CMRG_54201	681
GRCh38_CMRG_54812	681
GRCh38_CMRG_67159	681
GRCh38_CMRG_68477	681
GRCh38_CMRG_73480	681
GRCh38_CMRG_7485	681
GRCh38_CMRG_81771	681
GRCh38_CMRG_83751	681
GRCh38_CMRG_10936	680
GRCh38_CMRG_12439	680
GRCh38_CMRG_15045	680
GRCh38_CMRG_16682	680
GRCh38_CMRG_22775	680
GRCh38_CMRG_28387	680
GRCh38_CMRG_28804	680
GRCh38_CMRG_30901	680
GRCh38_CMRG_31552	680
GRCh38_CMRG_32101	680
GRCh38_CMRG_38635	680
GRCh38_CMRG_40280	680
GRCh38_CMRG_47030	680
GRCh38_CMRG_55192	680
GRCh38_CMRG_58636	680
GRCh38_CMRG_60152	680
GRCh38_CMRG_61077	680
GRCh38_CMRG_77458	680
GRCh38_CMRG_82541	680
GRCh38_CMRG_84159	680
GRCh38_CMRG_13229	679
GRCh38_CMRG_14863	679
GRCh38_CMRG_17167	679
GRCh38_CMRG_2160	679
GRCh38_CMRG_23175	679
GRCh38_CMRG_32541	679
GRCh38_CMRG_33185	679
GRCh38_CMRG_45828	679
GRCh38_CMRG_46664	679
GRCh38_CMRG_49066	679
GRCh38_CMRG_52966	679
GRCh38_CMRG_55180	679
GRCh38_CMRG_58340	679
GRCh38_CMRG_61957	679
GRCh38_CMRG_69551	679
GRCh38_CMRG_70266	679
GRCh38_CMRG_72003	679
GRCh38_CMRG_77587	679
GRCh38_CMRG_77589	679
GRCh38_CMRG_81525	679
GRCh38_CMRG_82097	679
GRCh38_CMRG_82523	679
GRCh38_CMRG_82696	679
GRCh38_CMRG_84194	679
GRCh38_CMRG_10570	678
GRCh38_CMRG_11013	678
GRCh38_CMRG_11507	678
GRCh38_CMRG_11605	678
GRCh38_CMRG_11769	678
GRCh38_CMRG_12332	678
GRCh38_CMRG_14065	678
GRCh38_CMRG_17584	678
GRCh38_CMRG_19969	678
GRCh38_CMRG_2064	678
GRCh38_CMRG_21722	678
GRCh38_CMRG_24601	678
GRCh38_CMRG_27537	678
GRCh38_CMRG_41635	678
GRCh38_CMRG_52863	678
GRCh38_CMRG_55789	678
GRCh38_CMRG_59185	678
GRCh38_CMRG_59766	678
GRCh38_CMRG_65885	678
GRCh38_CMRG_69008	678
GRCh38_CMRG_77493	678
GRCh38_CMRG_79741	678
GRCh38_CMRG_79757	678
GRCh38_CMRG_79866	678
GRCh38_CMRG_80975	678
GRCh38_CMRG_82809	678
GRCh38_CMRG_82810	678
GRCh38_CMRG_82856	678
GRCh38_CMRG_10525	677
GRCh38_CMRG_13399	677
GRCh38_CMRG_13632	677
GRCh38_CMRG_14753	677
GRCh38_CMRG_19389	677
GRCh38_CMRG_21347	677
GRCh38_CMRG_22776	677
GRCh38_CMRG_27800	677
GRCh38_CMRG_30975	677
GRCh38_CMRG_31245	677
GRCh38_CMRG_32985	677
GRCh38_CMRG_36174	677
GRCh38_CMRG_36412	677
GRCh38_CMRG_38481	677
GRCh38_CMRG_39928	677
GRCh38_CMRG_41026	677
GRCh38_CMRG_47186	677
GRCh38_CMRG_48842	677
GRCh38_CMRG_51694	677
GRCh38_CMRG_51695	677
GRCh38_CMRG_59577	677
GRCh38_CMRG_61799	677
GRCh38_CMRG_62514	677
GRCh38_CMRG_65261	677
GRCh38_CMRG_66012	677
GRCh38_CMRG_71144	677
GRCh38_CMRG_73092	677
GRCh38_CMRG_73604	677
GRCh38_CMRG_7559	677
GRCh38_CMRG_77311	677
GRCh38_CMRG_77371	677
GRCh38_CMRG_79982	677
GRCh38_CMRG_81253	677
GRCh38_CMRG_8127	677
GRCh38_CMRG_82449	677
GRCh38_CMRG_82519	677
GRCh38_CMRG_84493	677
GRCh38_CMRG_11640	676
GRCh38_CMRG_18961	676
GRCh38_CMRG_24910	676
GRCh38_CMRG_26938	676
GRCh38_CMRG_32774	676
GRCh38_CMRG_36030	676
GRCh38_CMRG_37511	676
GRCh38_CMRG_38981	676
GRCh38_CMRG_48225	676
GRCh38_CMRG_51287	676
GRCh38_CMRG_55616	676
GRCh38_CMRG_63750	676
GRCh38_CMRG_637	676
GRCh38_CMRG_65334	676
GRCh38_CMRG_65335	676
GRCh38_CMRG_71188	676
GRCh38_CMRG_72004	676
GRCh38_CMRG_74149	676
GRCh38_CMRG_74291	676
GRCh38_CMRG_79061	676
GRCh38_CMRG_8014	676
GRCh38_CMRG_81547	676
GRCh38_CMRG_8221	676
GRCh38_CMRG_8938	676
GRCh38_CMRG_10737	675
GRCh38_CMRG_18151	675
GRCh38_CMRG_21817	675
GRCh38_CMRG_23076	675
GRCh38_CMRG_23998	675
GRCh38_CMRG_31047	675
GRCh38_CMRG_40158	675
GRCh38_CMRG_42145	675
GRCh38_CMRG_44433	675
GRCh38_CMRG_48321	675
GRCh38_CMRG_51351	675
GRCh38_CMRG_54889	675
GRCh38_CMRG_55434	675
GRCh38_CMRG_60979	675
GRCh38_CMRG_62091	675
GRCh38_CMRG_6385	675
GRCh38_CMRG_6492	675
GRCh38_CMRG_74793	675
GRCh38_CMRG_81505	675
GRCh38_CMRG_83783	675
GRCh38_CMRG_84432	675
GRCh38_CMRG_14139	674
GRCh38_CMRG_14457	674
GRCh38_CMRG_19230	674
GRCh38_CMRG_2145	674
GRCh38_CMRG_22440	674
GRCh38_CMRG_23896	674
GRCh38_CMRG_40698	674
GRCh38_CMRG_51018	674
GRCh38_CMRG_53925	674
GRCh38_CMRG_55542	674
GRCh38_CMRG_59299	674
GRCh38_CMRG_59510	674
GRCh38_CMRG_6644	674
GRCh38_CMRG_67549	674
GRCh38_CMRG_7886	674
GRCh38_CMRG_83118	674
GRCh38_CMRG_83548	674
GRCh38_CMRG_17655	673
GRCh38_CMRG_21034	673
GRCh38_CMRG_22668	673
GRCh38_CMRG_28206	673
GRCh38_CMRG_375	673
GRCh38_CMRG_40533	673
GRCh38_CMRG_42144	673
GRCh38_CMRG_44740	673
GRCh38_CMRG_51135	673
GRCh38_CMRG_51136	673
GRCh38_CMRG_52441	673
GRCh38_CMRG_53910	673
GRCh38_CMRG_59499	673
GRCh38_CMRG_6142	673
GRCh38_CMRG_78964	673
GRCh38_CMRG_79296	673
GRCh38_CMRG_82136	673
GRCh38_CMRG_82245	673
GRCh38_CMRG_13515	672
GRCh38_CMRG_14504	672
GRCh38_CMRG_21648	672
GRCh38_CMRG_25027	672
GRCh38_CMRG_25145	672
GRCh38_CMRG_25365	672
GRCh38_CMRG_27773	672
GRCh38_CMRG_28731	672
GRCh38_CMRG_35725	672
GRCh38_CMRG_48393	672
GRCh38_CMRG_48596	672
GRCh38_CMRG_54407	672
GRCh38_CMRG_54842	672
GRCh38_CMRG_6445	672
GRCh38_CMRG_67770	672
GRCh38_CMRG_679	672
GRCh38_CMRG_68094	672
GRCh38_CMRG_7573	672
GRCh38_CMRG_79949	672
GRCh38_CMRG_80024	672
GRCh38_CMRG_81034	672
GRCh38_CMRG_81589	672
GRCh38_CMRG_14009	671
GRCh38_CMRG_14350	671
GRCh38_CMRG_16885	671
GRCh38_CMRG_17122	671
GRCh38_CMRG_21456	671
GRCh38_CMRG_23804	671
GRCh38_CMRG_49473	671
GRCh38_CMRG_50473	671
GRCh38_CMRG_52028	671
GRCh38_CMRG_54382	671
GRCh38_CMRG_55524	671
GRCh38_CMRG_60464	671
GRCh38_CMRG_61066	671
GRCh38_CMRG_6640	671
GRCh38_CMRG_6641	671
GRCh38_CMRG_6792	671
GRCh38_CMRG_68910	671
GRCh38_CMRG_69350	671
GRCh38_CMRG_70597	671
GRCh38_CMRG_71689	671
GRCh38_CMRG_73906	671
GRCh38_CMRG_8009	671
GRCh38_CMRG_18393	670
GRCh38_CMRG_19929	670
GRCh38_CMRG_26082	670
GRCh38_CMRG_26376	670
GRCh38_CMRG_2925	670
GRCh38_CMRG_33019	670
GRCh38_CMRG_33020	670
GRCh38_CMRG_40762	670
GRCh38_CMRG_43980	670
GRCh38_CMRG_52443	670
GRCh38_CMRG_60018	670
GRCh38_CMRG_62253	670
GRCh38_CMRG_63368	670
GRCh38_CMRG_67548	670
GRCh38_CMRG_68911	670
GRCh38_CMRG_70918	670
GRCh38_CMRG_71556	670
GRCh38_CMRG_8295	670
GRCh38_CMRG_10647	669
GRCh38_CMRG_14888	669
GRCh38_CMRG_16799	669
GRCh38_CMRG_17435	669
GRCh38_CMRG_19979	669
GRCh38_CMRG_23298	669
GRCh38_CMRG_2579	669
GRCh38_CMRG_26626	669
GRCh38_CMRG_29235	669
GRCh38_CMRG_29236	669
GRCh38_CMRG_30968	669
GRCh38_CMRG_32612	669
GRCh38_CMRG_41650	669
GRCh38_CMRG_41768	669
GRCh38_CMRG_41803	669
GRCh38_CMRG_435	669
GRCh38_CMRG_45701	669
GRCh38_CMRG_46100	669
GRCh38_CMRG_47609	669
GRCh38_CMRG_48201	669
GRCh38_CMRG_49296	669
GRCh38_CMRG_52600	669
GRCh38_CMRG_52713	669
GRCh38_CMRG_54903	669
GRCh38_CMRG_54904	669
GRCh38_CMRG_55741	669
GRCh38_CMRG_6793	669
GRCh38_CMRG_70941	669
GRCh38_CMRG_71384	669
GRCh38_CMRG_73218	669
GRCh38_CMRG_75289	669
GRCh38_CMRG_7617	669
GRCh38_CMRG_7630	669
GRCh38_CMRG_8067	669
GRCh38_CMRG_82695	669
GRCh38_CMRG_8328	669
GRCh38_CMRG_9144	669
GRCh38_CMRG_14644	668
GRCh38_CMRG_2150	668
GRCh38_CMRG_23996	668
GRCh38_CMRG_27837	668
GRCh38_CMRG_32581	668
GRCh38_CMRG_33975	668
GRCh38_CMRG_37942	668
GRCh38_CMRG_40597	668
GRCh38_CMRG_41995	668
GRCh38_CMRG_47608	668
GRCh38_CMRG_48697	668
GRCh38_CMRG_52599	668
GRCh38_CMRG_53042	668
GRCh38_CMRG_58130	668
GRCh38_CMRG_59591	668
GRCh38_CMRG_63693	668
GRCh38_CMRG_67463	668
GRCh38_CMRG_69995	668
GRCh38_CMRG_75039	668
GRCh38_CMRG_75272	668
GRCh38_CMRG_9716	668
GRCh38_CMRG_13615	667
GRCh38_CMRG_13883	667
GRCh38_CMRG_1446	667
GRCh38_CMRG_18388	667
GRCh38_CMRG_32771	667
GRCh38_CMRG_33018	667
GRCh38_CMRG_34272	667
GRCh38_CMRG_35897	667
GRCh38_CMRG_41209	667
GRCh38_CMRG_41695	667
GRCh38_CMRG_41696	667
GRCh38_CMRG_48600	667
GRCh38_CMRG_49463	667
GRCh38_CMRG_50562	667
GRCh38_CMRG_50632	667
GRCh38_CMRG_58341	667
GRCh38_CMRG_59426	667
GRCh38_CMRG_60544	667
GRCh38_CMRG_61357	667
GRCh38_CMRG_65330	667
GRCh38_CMRG_65958	667
GRCh38_CMRG_6950	667
GRCh38_CMRG_6951	667
GRCh38_CMRG_79943	667
GRCh38_CMRG_1374	666
GRCh38_CMRG_18523	666
GRCh38_CMRG_21313	666
GRCh38_CMRG_21314	666
GRCh38_CMRG_26686	666
GRCh38_CMRG_32848	666
GRCh38_CMRG_33444	666
GRCh38_CMRG_35560	666
GRCh38_CMRG_36570	666
GRCh38_CMRG_37468	666
GRCh38_CMRG_39381	666
GRCh38_CMRG_48828	666
GRCh38_CMRG_50633	666
GRCh38_CMRG_52714	666
GRCh38_CMRG_69118	666
GRCh38_CMRG_72996	666
GRCh38_CMRG_73138	666
GRCh38_CMRG_76693	666
GRCh38_CMRG_82661	666
GRCh38_CMRG_8308	666
GRCh38_CMRG_83539	666
GRCh38_CMRG_15321	665
GRCh38_CMRG_17280	665
GRCh38_CMRG_18219	665
GRCh38_CMRG_22616	665
GRCh38_CMRG_22701	665
GRCh38_CMRG_22702	665
GRCh38_CMRG_25381	665
GRCh38_CMRG_29204	665
GRCh38_CMRG_29281	665
GRCh38_CMRG_41663	665
GRCh38_CMRG_44923	665
GRCh38_CMRG_45089	665
GRCh38_CMRG_48762	665
GRCh38_CMRG_54712	665
GRCh38_CMRG_54872	665
GRCh38_CMRG_55634	665
GRCh38_CMRG_633	665
GRCh38_CMRG_6516	665
GRCh38_CMRG_65856	665
GRCh38_CMRG_65857	665
GRCh38_CMRG_68054	665
GRCh38_CMRG_68055	665
GRCh38_CMRG_7030	665
GRCh38_CMRG_70370	665
GRCh38_CMRG_79088	665
GRCh38_CMRG_12703	664
GRCh38_CMRG_12704	664
GRCh38_CMRG_24449	664
GRCh38_CMRG_27098	664
GRCh38_CMRG_28101	664
GRCh38_CMRG_28327	664
GRCh38_CMRG_37434	664
GRCh38_CMRG_37501	664
GRCh38_CMRG_39649	664
GRCh38_CMRG_40223	664
GRCh38_CMRG_40595	664
GRCh38_CMRG_43695	664
GRCh38_CMRG_46099	664
GRCh38_CMRG_461	664
GRCh38_CMRG_48128	664
GRCh38_CMRG_53829	664
GRCh38_CMRG_53830	664
GRCh38_CMRG_58780	664
GRCh38_CMRG_59278	664
GRCh38_CMRG_61175	664
GRCh38_CMRG_61824	664
GRCh38_CMRG_72209	664
GRCh38_CMRG_74717	664
GRCh38_CMRG_75592	664
GRCh38_CMRG_76678	664
GRCh38_CMRG_77013	664
GRCh38_CMRG_82146	664
GRCh38_CMRG_8738	664
GRCh38_CMRG_1174	663
GRCh38_CMRG_1768	663
GRCh38_CMRG_2037	663
GRCh38_CMRG_23868	663
GRCh38_CMRG_23997	663
GRCh38_CMRG_26416	663
GRCh38_CMRG_31130	663
GRCh38_CMRG_32560	663
GRCh38_CMRG_36027	663
GRCh38_CMRG_37941	663
GRCh38_CMRG_40741	663
GRCh38_CMRG_47979	663
GRCh38_CMRG_48407	663
GRCh38_CMRG_55050	663
GRCh38_CMRG_5775	663
GRCh38_CMRG_59370	663
GRCh38_CMRG_68366	663
GRCh38_CMRG_68469	663
GRCh38_CMRG_71156	663
GRCh38_CMRG_71356	663
GRCh38_CMRG_72035	663
GRCh38_CMRG_73547	663
GRCh38_CMRG_83749	663
GRCh38_CMRG_10622	662
GRCh38_CMRG_12871	662
GRCh38_CMRG_1375	662
GRCh38_CMRG_18439	662
GRCh38_CMRG_23843	662
GRCh38_CMRG_24147	662
GRCh38_CMRG_31120	662
GRCh38_CMRG_32847	662
GRCh38_CMRG_34786	662
GRCh38_CMRG_40080	662
GRCh38_CMRG_49715	662
GRCh38_CMRG_59990	662
GRCh38_CMRG_7221	662
GRCh38_CMRG_79549	662
GRCh38_CMRG_82000	662
GRCh38_CMRG_9635	662
GRCh38_CMRG_16742	661
GRCh38_CMRG_19437	661
GRCh38_CMRG_21070	661
GRCh38_CMRG_31570	661
GRCh38_CMRG_32674	661
GRCh38_CMRG_49465	661
GRCh38_CMRG_60330	661
GRCh38_CMRG_63789	661
GRCh38_CMRG_69117	661
GRCh38_CMRG_713	661
GRCh38_CMRG_74923	661
GRCh38_CMRG_81454	661
GRCh38_CMRG_82841	661
GRCh38_CMRG_12242	660
GRCh38_CMRG_13509	660
GRCh38_CMRG_17877	660
GRCh38_CMRG_18440	660
GRCh38_CMRG_19444	660
GRCh38_CMRG_22287	660
GRCh38_CMRG_23528	660
GRCh38_CMRG_33570	660
GRCh38_CMRG_36603	660
GRCh38_CMRG_40637	660
GRCh38_CMRG_45877	660
GRCh38_CMRG_47403	660
GRCh38_CMRG_48889	660
GRCh38_CMRG_49186	660
GRCh38_CMRG_51384	660
GRCh38_CMRG_51423	660
GRCh38_CMRG_58428	660
GRCh38_CMRG_59175	660
GRCh38_CMRG_60470	660
GRCh38_CMRG_69565	660
GRCh38_CMRG_70158	660
GRCh38_CMRG_70750	660
GRCh38_CMRG_71402	660
GRCh38_CMRG_72303	660
GRCh38_CMRG_73569	660
GRCh38_CMRG_82614	660
GRCh38_CMRG_82907	660
GRCh38_CMRG_28691	659
GRCh38_CMRG_32059	659
GRCh38_CMRG_33273	659
GRCh38_CMRG_38390	659
GRCh38_CMRG_38477	659
GRCh38_CMRG_407	659
GRCh38_CMRG_41682	659
GRCh38_CMRG_44056	659
GRCh38_CMRG_49209	659
GRCh38_CMRG_53379	659
GRCh38_CMRG_59277	659
GRCh38_CMRG_60296	659
GRCh38_CMRG_68036	659
GRCh38_CMRG_69	659
GRCh38_CMRG_70441	659
GRCh38_CMRG_70442	659
GRCh38_CMRG_76725	659
GRCh38_CMRG_8043	659
GRCh38_CMRG_81479	659
GRCh38_CMRG_82683	659
GRCh38_CMRG_13657	658
GRCh38_CMRG_1667	658
GRCh38_CMRG_1668	658
GRCh38_CMRG_17742	658
GRCh38_CMRG_18232	658
GRCh38_CMRG_23051	658
GRCh38_CMRG_31358	658
GRCh38_CMRG_32389	658
GRCh38_CMRG_38353	658
GRCh38_CMRG_38906	658
GRCh38_CMRG_48812	658
GRCh38_CMRG_54216	658
GRCh38_CMRG_55117	658
GRCh38_CMRG_60279	658
GRCh38_CMRG_67193	658
GRCh38_CMRG_74051	658
GRCh38_CMRG_82850	658
GRCh38_CMRG_8882	658
GRCh38_CMRG_11032	657
GRCh38_CMRG_25344	657
GRCh38_CMRG_28423	657
GRCh38_CMRG_31733	657
GRCh38_CMRG_32163	657
GRCh38_CMRG_32565	657
GRCh38_CMRG_39520	657
GRCh38_CMRG_45429	657
GRCh38_CMRG_47196	657
GRCh38_CMRG_50472	657
GRCh38_CMRG_55559	657
GRCh38_CMRG_55697	657
GRCh38_CMRG_59148	657
GRCh38_CMRG_59207	657
GRCh38_CMRG_60805	657
GRCh38_CMRG_61567	657
GRCh38_CMRG_63376	657
GRCh38_CMRG_67314	657
GRCh38_CMRG_68561	657
GRCh38_CMRG_7069	657
GRCh38_CMRG_71644	657
GRCh38_CMRG_72092	657
GRCh38_CMRG_7837	657
GRCh38_CMRG_81524	657
GRCh38_CMRG_82271	657
GRCh38_CMRG_11062	656
GRCh38_CMRG_11174	656
GRCh38_CMRG_15359	656
GRCh38_CMRG_17899	656
GRCh38_CMRG_19824	656
GRCh38_CMRG_2124	656
GRCh38_CMRG_21529	656
GRCh38_CMRG_23095	656
GRCh38_CMRG_28028	656
GRCh38_CMRG_33086	656
GRCh38_CMRG_37269	656
GRCh38_CMRG_40620	656
GRCh38_CMRG_44545	656
GRCh38_CMRG_52873	656
GRCh38_CMRG_54923	656
GRCh38_CMRG_55640	656
GRCh38_CMRG_59094	656
GRCh38_CMRG_60853	656
GRCh38_CMRG_62222	656
GRCh38_CMRG_70656	656
GRCh38_CMRG_71329	656
GRCh38_CMRG_71635	656
GRCh38_CMRG_72421	656
GRCh38_CMRG_81862	656
GRCh38_CMRG_84396	656
GRCh38_CMRG_18486	655
GRCh38_CMRG_18579	655
GRCh38_CMRG_18580	655
GRCh38_CMRG_18698	655
GRCh38_CMRG_21806	655
GRCh38_CMRG_22895	655
GRCh38_CMRG_24810	655
GRCh38_CMRG_27821	655
GRCh38_CMRG_34721	655
GRCh38_CMRG_45727	655
GRCh38_CMRG_58899	655
GRCh38_CMRG_5942	655
GRCh38_CMRG_5943	655
GRCh38_CMRG_62320	655
GRCh38_CMRG_72746	655
GRCh38_CMRG_73405	655
GRCh38_CMRG_73594	655
GRCh38_CMRG_75565	655
GRCh38_CMRG_18197	654
GRCh38_CMRG_201	654
GRCh38_CMRG_33932	654
GRCh38_CMRG_41767	654
GRCh38_CMRG_41852	654
GRCh38_CMRG_44594	654
GRCh38_CMRG_47697	654
GRCh38_CMRG_48351	654
GRCh38_CMRG_49770	654
GRCh38_CMRG_54474	654
GRCh38_CMRG_58685	654
GRCh38_CMRG_65407	654
GRCh38_CMRG_68385	654
GRCh38_CMRG_68386	654
GRCh38_CMRG_69504	654
GRCh38_CMRG_82568	654
GRCh38_CMRG_8471	654
GRCh38_CMRG_10556	653
GRCh38_CMRG_10912	653
GRCh38_CMRG_20892	653
GRCh38_CMRG_25177	653
GRCh38_CMRG_26732	653
GRCh38_CMRG_2824	653
GRCh38_CMRG_34287	653
GRCh38_CMRG_43979	653
GRCh38_CMRG_45102	653
GRCh38_CMRG_45205	653
GRCh38_CMRG_49100	653
GRCh38_CMRG_50213	653
GRCh38_CMRG_50214	653
GRCh38_CMRG_58836	653
GRCh38_CMRG_64457	653
GRCh38_CMRG_74778	653
GRCh38_CMRG_75087	653
GRCh38_CMRG_80055	653
GRCh38_CMRG_82570	653
GRCh38_CMRG_83727	653
GRCh38_CMRG_1195	652
GRCh38_CMRG_14762	652
GRCh38_CMRG_17878	652
GRCh38_CMRG_25922	652
GRCh38_CMRG_32759	652
GRCh38_CMRG_40557	652
GRCh38_CMRG_44108	652
GRCh38_CMRG_52708	652
GRCh38_CMRG_59767	652
GRCh38_CMRG_61707	652
GRCh38_CMRG_63514	652
GRCh38_CMRG_6839	652
GRCh38_CMRG_6884	652
GRCh38_CMRG_74070	652
GRCh38_CMRG_75083	652
GRCh38_CMRG_76455	652
GRCh38_CMRG_76461	652
GRCh38_CMRG_80034	652
GRCh38_CMRG_82046	652
GRCh38_CMRG_11240	651
GRCh38_CMRG_171	651
GRCh38_CMRG_17656	651
GRCh38_CMRG_23653	651
GRCh38_CMRG_24480	651
GRCh38_CMRG_32819	651
GRCh38_CMRG_34221	651
GRCh38_CMRG_37723	651
GRCh38_CMRG_45654	651
GRCh38_CMRG_58098	651
GRCh38_CMRG_62160	651
GRCh38_CMRG_62599	651
GRCh38_CMRG_68128	651
GRCh38_CMRG_68444	651
GRCh38_CMRG_71473	651
GRCh38_CMRG_72149	651
GRCh38_CMRG_74068	651
GRCh38_CMRG_74971	651
GRCh38_CMRG_78945	651
GRCh38_CMRG_81976	651
GRCh38_CMRG_82132	651
GRCh38_CMRG_83533	651
GRCh38_CMRG_14529	650
GRCh38_CMRG_15361	650
GRCh38_CMRG_21796	650
GRCh38_CMRG_23516	650
GRCh38_CMRG_26791	650
GRCh38_CMRG_31414	650
GRCh38_CMRG_34340	650
GRCh38_CMRG_38367	650
GRCh38_CMRG_38915	650
GRCh38_CMRG_45061	650
GRCh38_CMRG_467	650
GRCh38_CMRG_60045	650
GRCh38_CMRG_62255	650
GRCh38_CMRG_62517	650
GRCh38_CMRG_64757	650
GRCh38_CMRG_64886	650
GRCh38_CMRG_70399	650
GRCh38_CMRG_71922	650
GRCh38_CMRG_82358	650
GRCh38_CMRG_83372	650
GRCh38_CMRG_32374	649
GRCh38_CMRG_32669	649
GRCh38_CMRG_32946	649
GRCh38_CMRG_32966	649
GRCh38_CMRG_34196	649
GRCh38_CMRG_37937	649
GRCh38_CMRG_48599	649
GRCh38_CMRG_49389	649
GRCh38_CMRG_52342	649
GRCh38_CMRG_67939	649
GRCh38_CMRG_72048	649
GRCh38_CMRG_72942	649
GRCh38_CMRG_83537	649
GRCh38_CMRG_12360	648
GRCh38_CMRG_23507	648
GRCh38_CMRG_24005	648
GRCh38_CMRG_24075	648
GRCh38_CMRG_24269	648
GRCh38_CMRG_26241	648
GRCh38_CMRG_28175	648
GRCh38_CMRG_34785	648
GRCh38_CMRG_36394	648
GRCh38_CMRG_36541	648
GRCh38_CMRG_36542	648
GRCh38_CMRG_36791	648
GRCh38_CMRG_38194	648
GRCh38_CMRG_45057	648
GRCh38_CMRG_45557	648
GRCh38_CMRG_46311	648
GRCh38_CMRG_53918	648
GRCh38_CMRG_64951	648
GRCh38_CMRG_73812	648
GRCh38_CMRG_77381	648
GRCh38_CMRG_79238	648
GRCh38_CMRG_81773	648
GRCh38_CMRG_84210	648
GRCh38_CMRG_27282	647
GRCh38_CMRG_29620	647
GRCh38_CMRG_31837	647
GRCh38_CMRG_32295	647
GRCh38_CMRG_33452	647
GRCh38_CMRG_37864	647
GRCh38_CMRG_40011	647
GRCh38_CMRG_44874	647
GRCh38_CMRG_46226	647
GRCh38_CMRG_49771	647
GRCh38_CMRG_52343	647
GRCh38_CMRG_52887	647
GRCh38_CMRG_6034	647
GRCh38_CMRG_61914	647
GRCh38_CMRG_71151	647
GRCh38_CMRG_7308	647
GRCh38_CMRG_7309	647
GRCh38_CMRG_79491	647
GRCh38_CMRG_79749	647
GRCh38_CMRG_8966	647
GRCh38_CMRG_16552	646
GRCh38_CMRG_16586	646
GRCh38_CMRG_23652	646
GRCh38_CMRG_45400	646
GRCh38_CMRG_59784	646
GRCh38_CMRG_71153	646
GRCh38_CMRG_72656	646
GRCh38_CMRG_74074	646
GRCh38_CMRG_74344	646
GRCh38_CMRG_1300	645
GRCh38_CMRG_13563	645
GRCh38_CMRG_13745	645
GRCh38_CMRG_19156	645
GRCh38_CMRG_2112	645
GRCh38_CMRG_21832	645
GRCh38_CMRG_21833	645
GRCh38_CMRG_23763	645
GRCh38_CMRG_27113	645
GRCh38_CMRG_28419	645
GRCh38_CMRG_31753	645
GRCh38_CMRG_36044	645
GRCh38_CMRG_36045	645
GRCh38_CMRG_38722	645
GRCh38_CMRG_44445	645
GRCh38_CMRG_49899	645
GRCh38_CMRG_49900	645
GRCh38_CMRG_51797	645
GRCh38_CMRG_51910	645
GRCh38_CMRG_53593	645
GRCh38_CMRG_6112	645
GRCh38_CMRG_71152	645
GRCh38_CMRG_84397	645
GRCh38_CMRG_11365	644
GRCh38_CMRG_14390	644
GRCh38_CMRG_14391	644
GRCh38_CMRG_15100	644
GRCh38_CMRG_21913	644
GRCh38_CMRG_27885	644
GRCh38_CMRG_31550	644
GRCh38_CMRG_38315	644
GRCh38_CMRG_39510	644
GRCh38_CMRG_39915	644
GRCh38_CMRG_40909	644
GRCh38_CMRG_53659	644
GRCh38_CMRG_53660	644
GRCh38_CMRG_54519	644
GRCh38_CMRG_54862	644
GRCh38_CMRG_64668	644
GRCh38_CMRG_67562	644
GRCh38_CMRG_72683	644
GRCh38_CMRG_7748	644
GRCh38_CMRG_79352	644
GRCh38_CMRG_81310	644
GRCh38_CMRG_8198	644
GRCh38_CMRG_82275	644
GRCh38_CMRG_83116	644
GRCh38_CMRG_8642	644
GRCh38_CMRG_10793	643
GRCh38_CMRG_10794	643
GRCh38_CMRG_12631	643
GRCh38_CMRG_1588	643
GRCh38_CMRG_18936	643
GRCh38_CMRG_19379	643
GRCh38_CMRG_23496	643
GRCh38_CMRG_2696	643
GRCh38_CMRG_28635	643
GRCh38_CMRG_32161	643
GRCh38_CMRG_33811	643
GRCh38_CMRG_33812	643
GRCh38_CMRG_35938	643
GRCh38_CMRG_35939	643
GRCh38_CMRG_40434	643
GRCh38_CMRG_42159	643
GRCh38_CMRG_44869	643
GRCh38_CMRG_48272	643
GRCh38_CMRG_50401	643
GRCh38_CMRG_52026	643
GRCh38_CMRG_52577	643
GRCh38_CMRG_58711	643
GRCh38_CMRG_59424	643
GRCh38_CMRG_63572	643
GRCh38_CMRG_63573	643
GRCh38_CMRG_68	643
GRCh38_CMRG_70309	643
GRCh38_CMRG_72042	643
GRCh38_CMRG_74797	643
GRCh38_CMRG_75178	643
GRCh38_CMRG_77190	643
GRCh38_CMRG_77722	643
GRCh38_CMRG_79083	643
GRCh38_CMRG_79933	643
GRCh38_CMRG_79944	643
GRCh38_CMRG_82159	643
GRCh38_CMRG_19157	642
GRCh38_CMRG_28000	642
GRCh38_CMRG_28738	642
GRCh38_CMRG_32656	642
GRCh38_CMRG_34132	642
GRCh38_CMRG_34645	642
GRCh38_CMRG_35660	642
GRCh38_CMRG_41632	642
GRCh38_CMRG_50810	642
GRCh38_CMRG_52832	642
GRCh38_CMRG_70968	642
GRCh38_CMRG_71385	642
GRCh38_CMRG_7165	642
GRCh38_CMRG_71965	642
GRCh38_CMRG_78968	642
GRCh38_CMRG_79981	642
GRCh38_CMRG_10785	641
GRCh38_CMRG_11470	641
GRCh38_CMRG_11500	641
GRCh38_CMRG_11753	641
GRCh38_CMRG_11807	641
GRCh38_CMRG_17185	641
GRCh38_CMRG_1813	641
GRCh38_CMRG_25337	641
GRCh38_CMRG_25411	641
GRCh38_CMRG_2684	641
GRCh38_CMRG_27189	641
GRCh38_CMRG_29727	641
GRCh38_CMRG_31035	641
GRCh38_CMRG_38202	641
GRCh38_CMRG_42443	641
GRCh38_CMRG_42456	641
GRCh38_CMRG_48827	641
GRCh38_CMRG_53095	641
GRCh38_CMRG_55798	641
GRCh38_CMRG_58338	641
GRCh38_CMRG_6297	641
GRCh38_CMRG_65760	641
GRCh38_CMRG_68878	641
GRCh38_CMRG_72034	641
GRCh38_CMRG_75412	641
GRCh38_CMRG_84561	641
GRCh38_CMRG_19346	640
GRCh38_CMRG_25410	640
GRCh38_CMRG_25772	640
GRCh38_CMRG_25773	640
GRCh38_CMRG_29743	640
GRCh38_CMRG_32750	640
GRCh38_CMRG_33052	640
GRCh38_CMRG_41654	640
GRCh38_CMRG_48475	640
GRCh38_CMRG_49136	640
GRCh38_CMRG_52605	640
GRCh38_CMRG_52930	640
GRCh38_CMRG_52931	640
GRCh38_CMRG_53680	640
GRCh38_CMRG_54595	640
GRCh38_CMRG_58139	640
GRCh38_CMRG_59286	640
GRCh38_CMRG_65176	640
GRCh38_CMRG_65305	640
GRCh38_CMRG_65971	640
GRCh38_CMRG_68031	640
GRCh38_CMRG_68727	640
GRCh38_CMRG_71643	640
GRCh38_CMRG_82058	640
GRCh38_CMRG_988	640
GRCh38_CMRG_10791	639
GRCh38_CMRG_13432	639
GRCh38_CMRG_14233	639
GRCh38_CMRG_17013	639
GRCh38_CMRG_22072	639
GRCh38_CMRG_2254	639
GRCh38_CMRG_26813	639
GRCh38_CMRG_2798	639
GRCh38_CMRG_28421	639
GRCh38_CMRG_31051	639
GRCh38_CMRG_34480	639
GRCh38_CMRG_37045	639
GRCh38_CMRG_48530	639
GRCh38_CMRG_5891	639
GRCh38_CMRG_62602	639
GRCh38_CMRG_63210	639
GRCh38_CMRG_64542	639
GRCh38_CMRG_64581	639
GRCh38_CMRG_64943	639
GRCh38_CMRG_68701	639
GRCh38_CMRG_70554	639
GRCh38_CMRG_72500	639
GRCh38_CMRG_73685	639
GRCh38_CMRG_76465	639
GRCh38_CMRG_82096	639
GRCh38_CMRG_8907	639
GRCh38_CMRG_24103	638
GRCh38_CMRG_26494	638
GRCh38_CMRG_32277	638
GRCh38_CMRG_39369	638
GRCh38_CMRG_40164	638
GRCh38_CMRG_40286	638
GRCh38_CMRG_52675	638
GRCh38_CMRG_52796	638
GRCh38_CMRG_65646	638
GRCh38_CMRG_6749	638
GRCh38_CMRG_68123	638
GRCh38_CMRG_70059	638
GRCh38_CMRG_70553	638
GRCh38_CMRG_70557	638
GRCh38_CMRG_7881	638
GRCh38_CMRG_7909	638
GRCh38_CMRG_79662	638
GRCh38_CMRG_8758	638
GRCh38_CMRG_12717	637
GRCh38_CMRG_18903	637
GRCh38_CMRG_19099	637
GRCh38_CMRG_36142	637
GRCh38_CMRG_41899	637
GRCh38_CMRG_42552	637
GRCh38_CMRG_44868	637
GRCh38_CMRG_45066	637
GRCh38_CMRG_46044	637
GRCh38_CMRG_46455	637
GRCh38_CMRG_49314	637
GRCh38_CMRG_50811	637
GRCh38_CMRG_55639	637
GRCh38_CMRG_55830	637
GRCh38_CMRG_5721	637
GRCh38_CMRG_58795	637
GRCh38_CMRG_64149	637
GRCh38_CMRG_70197	637
GRCh38_CMRG_71370	637
GRCh38_CMRG_71677	637
GRCh38_CMRG_72352	637
GRCh38_CMRG_82680	637
GRCh38_CMRG_11626	636
GRCh38_CMRG_12765	636
GRCh38_CMRG_1339	636
GRCh38_CMRG_13411	636
GRCh38_CMRG_1746	636
GRCh38_CMRG_19357	636
GRCh38_CMRG_19895	636
GRCh38_CMRG_24003	636
GRCh38_CMRG_39230	636
GRCh38_CMRG_39839	636
GRCh38_CMRG_39840	636
GRCh38_CMRG_44207	636
GRCh38_CMRG_47033	636
GRCh38_CMRG_51277	636
GRCh38_CMRG_51278	636
GRCh38_CMRG_54402	636
GRCh38_CMRG_55794	636
GRCh38_CMRG_61660	636
GRCh38_CMRG_6546	636
GRCh38_CMRG_67308	636
GRCh38_CMRG_70566	636
GRCh38_CMRG_73139	636
GRCh38_CMRG_81614	636
GRCh38_CMRG_81752	636
GRCh38_CMRG_82003	636
GRCh38_CMRG_82849	636
GRCh38_CMRG_83698	636
GRCh38_CMRG_9630	636
GRCh38_CMRG_11019	635
GRCh38_CMRG_12553	635
GRCh38_CMRG_13845	635
GRCh38_CMRG_13846	635
GRCh38_CMRG_16943	635
GRCh38_CMRG_19044	635
GRCh38_CMRG_25931	635
GRCh38_CMRG_29814	635
GRCh38_CMRG_40094	635
GRCh38_CMRG_42599	635
GRCh38_CMRG_42600	635
GRCh38_CMRG_50492	635
GRCh38_CMRG_54868	635
GRCh38_CMRG_55120	635
GRCh38_CMRG_58833	635
GRCh38_CMRG_60339	635
GRCh38_CMRG_63290	635
GRCh38_CMRG_6444	635
GRCh38_CMRG_64477	635
GRCh38_CMRG_70718	635
GRCh38_CMRG_70789	635
GRCh38_CMRG_73288	635
GRCh38_CMRG_84010	635
GRCh38_CMRG_11427	634
GRCh38_CMRG_12010	634
GRCh38_CMRG_14822	634
GRCh38_CMRG_1877	634
GRCh38_CMRG_22040	634
GRCh38_CMRG_38470	634
GRCh38_CMRG_39127	634
GRCh38_CMRG_40529	634
GRCh38_CMRG_43836	634
GRCh38_CMRG_47606	634
GRCh38_CMRG_49821	634
GRCh38_CMRG_50732	634
GRCh38_CMRG_50733	634
GRCh38_CMRG_51588	634
GRCh38_CMRG_53159	634
GRCh38_CMRG_54263	634
GRCh38_CMRG_70291	634
GRCh38_CMRG_71816	634
GRCh38_CMRG_72749	634
GRCh38_CMRG_13119	633
GRCh38_CMRG_16480	633
GRCh38_CMRG_19077	633
GRCh38_CMRG_19232	633
GRCh38_CMRG_23104	633
GRCh38_CMRG_24015	633
GRCh38_CMRG_29205	633
GRCh38_CMRG_31545	633
GRCh38_CMRG_32930	633
GRCh38_CMRG_36072	633
GRCh38_CMRG_36197	633
GRCh38_CMRG_45624	633
GRCh38_CMRG_47607	633
GRCh38_CMRG_51690	633
GRCh38_CMRG_52055	633
GRCh38_CMRG_52505	633
GRCh38_CMRG_54042	633
GRCh38_CMRG_59788	633
GRCh38_CMRG_61016	633
GRCh38_CMRG_64016	633
GRCh38_CMRG_65563	633
GRCh38_CMRG_70655	633
GRCh38_CMRG_71825	633
GRCh38_CMRG_77108	633
GRCh38_CMRG_77487	633
GRCh38_CMRG_77594	633
GRCh38_CMRG_81751	633
GRCh38_CMRG_9105	633
GRCh38_CMRG_11266	632
GRCh38_CMRG_1353	632
GRCh38_CMRG_15029	632
GRCh38_CMRG_15159	632
GRCh38_CMRG_21363	632
GRCh38_CMRG_2275	632
GRCh38_CMRG_28439	632
GRCh38_CMRG_44126	632
GRCh38_CMRG_50643	632
GRCh38_CMRG_62223	632
GRCh38_CMRG_63480	632
GRCh38_CMRG_63481	632
GRCh38_CMRG_64015	632
GRCh38_CMRG_65128	632
GRCh38_CMRG_71505	632
GRCh38_CMRG_75326	632
GRCh38_CMRG_8589	632
GRCh38_CMRG_15094	631
GRCh38_CMRG_18049	631
GRCh38_CMRG_19284	631
GRCh38_CMRG_19871	631
GRCh38_CMRG_2113	631
GRCh38_CMRG_21849	631
GRCh38_CMRG_23999	631
GRCh38_CMRG_25244	631
GRCh38_CMRG_30939	631
GRCh38_CMRG_38245	631
GRCh38_CMRG_39867	631
GRCh38_CMRG_44722	631
GRCh38_CMRG_44892	631
GRCh38_CMRG_45653	631
GRCh38_CMRG_45904	631
GRCh38_CMRG_54780	631
GRCh38_CMRG_5861	631
GRCh38_CMRG_5901	631
GRCh38_CMRG_61519	631
GRCh38_CMRG_62330	631
GRCh38_CMRG_64579	631
GRCh38_CMRG_65849	631
GRCh38_CMRG_70765	631
GRCh38_CMRG_8468	631
GRCh38_CMRG_12042	630
GRCh38_CMRG_13377	630
GRCh38_CMRG_18228	630
GRCh38_CMRG_19546	630
GRCh38_CMRG_3100	630
GRCh38_CMRG_32386	630
GRCh38_CMRG_33355	630
GRCh38_CMRG_38359	630
GRCh38_CMRG_41058	630
GRCh38_CMRG_45902	630
GRCh38_CMRG_47773	630
GRCh38_CMRG_48205	630
GRCh38_CMRG_48803	630
GRCh38_CMRG_48947	630
GRCh38_CMRG_51158	630
GRCh38_CMRG_58118	630
GRCh38_CMRG_62331	630
GRCh38_CMRG_65317	630
GRCh38_CMRG_69115	630
GRCh38_CMRG_69431	630
GRCh38_CMRG_70400	630
GRCh38_CMRG_76454	630
GRCh38_CMRG_12011	629
GRCh38_CMRG_24102	629
GRCh38_CMRG_24171	629
GRCh38_CMRG_32801	629
GRCh38_CMRG_40373	629
GRCh38_CMRG_52381	629
GRCh38_CMRG_53164	629
GRCh38_CMRG_62401	629
GRCh38_CMRG_6303	629
GRCh38_CMRG_63351	629
GRCh38_CMRG_63352	629
GRCh38_CMRG_69116	629
GRCh38_CMRG_73698	629
GRCh38_CMRG_13830	628
GRCh38_CMRG_17564	628
GRCh38_CMRG_26832	628
GRCh38_CMRG_29520	628
GRCh38_CMRG_32973	628
GRCh38_CMRG_44001	628
GRCh38_CMRG_45196	628
GRCh38_CMRG_50272	628
GRCh38_CMRG_55045	628
GRCh38_CMRG_55397	628
GRCh38_CMRG_61898	628
GRCh38_CMRG_63662	628
GRCh38_CMRG_68098	628
GRCh38_CMRG_72644	628
GRCh38_CMRG_76702	628
GRCh38_CMRG_7823	628
GRCh38_CMRG_81949	628
GRCh38_CMRG_83795	628
GRCh38_CMRG_84354	628
GRCh38_CMRG_12462	627
GRCh38_CMRG_13749	627
GRCh38_CMRG_25114	627
GRCh38_CMRG_31759	627
GRCh38_CMRG_33167	627
GRCh38_CMRG_44082	627
GRCh38_CMRG_45384	627
GRCh38_CMRG_47240	627
GRCh38_CMRG_58335	627
GRCh38_CMRG_58336	627
GRCh38_CMRG_59535	627
GRCh38_CMRG_60947	627
GRCh38_CMRG_6330	627
GRCh38_CMRG_66975	627
GRCh38_CMRG_70235	627
GRCh38_CMRG_72686	627
GRCh38_CMRG_72948	627
GRCh38_CMRG_82565	627
GRCh38_CMRG_83572	627
GRCh38_CMRG_15469	626
GRCh38_CMRG_24126	626
GRCh38_CMRG_2926	626
GRCh38_CMRG_33412	626
GRCh38_CMRG_37253	626
GRCh38_CMRG_46359	626
GRCh38_CMRG_48022	626
GRCh38_CMRG_48665	626
GRCh38_CMRG_49619	626
GRCh38_CMRG_61787	626
GRCh38_CMRG_6278	626
GRCh38_CMRG_64285	626
GRCh38_CMRG_65518	626
GRCh38_CMRG_65726	626
GRCh38_CMRG_68288	626
GRCh38_CMRG_72626	626
GRCh38_CMRG_76700	626
GRCh38_CMRG_77386	626
GRCh38_CMRG_79718	626
GRCh38_CMRG_81006	626
GRCh38_CMRG_1414	625
GRCh38_CMRG_1870	625
GRCh38_CMRG_19430	625
GRCh38_CMRG_2222	625
GRCh38_CMRG_24131	625
GRCh38_CMRG_25382	625
GRCh38_CMRG_26364	625
GRCh38_CMRG_28271	625
GRCh38_CMRG_31406	625
GRCh38_CMRG_31476	625
GRCh38_CMRG_37221	625
GRCh38_CMRG_38497	625
GRCh38_CMRG_41107	625
GRCh38_CMRG_53801	625
GRCh38_CMRG_55425	625
GRCh38_CMRG_58178	625
GRCh38_CMRG_62405	625
GRCh38_CMRG_63215	625
GRCh38_CMRG_67652	625
GRCh38_CMRG_68239	625
GRCh38_CMRG_69505	625
GRCh38_CMRG_79189	625
GRCh38_CMRG_82061	625
GRCh38_CMRG_12395	624
GRCh38_CMRG_12498	624
GRCh38_CMRG_21021	624
GRCh38_CMRG_27679	624
GRCh38_CMRG_33603	624
GRCh38_CMRG_37361	624
GRCh38_CMRG_44506	624
GRCh38_CMRG_44870	624
GRCh38_CMRG_51555	624
GRCh38_CMRG_55426	624
GRCh38_CMRG_64972	624
GRCh38_CMRG_65073	624
GRCh38_CMRG_68039	624
GRCh38_CMRG_68612	624
GRCh38_CMRG_69905	624
GRCh38_CMRG_73072	624
GRCh38_CMRG_77041	624
GRCh38_CMRG_82323	624
GRCh38_CMRG_8469	624
GRCh38_CMRG_10797	623
GRCh38_CMRG_160	623
GRCh38_CMRG_24006	623
GRCh38_CMRG_29505	623
GRCh38_CMRG_29506	623
GRCh38_CMRG_36771	623
GRCh38_CMRG_46352	623
GRCh38_CMRG_52592	623
GRCh38_CMRG_53477	623
GRCh38_CMRG_54880	623
GRCh38_CMRG_60174	623
GRCh38_CMRG_63678	623
GRCh38_CMRG_67283	623
GRCh38_CMRG_68527	623
GRCh38_CMRG_68534	623
GRCh38_CMRG_70915	623
GRCh38_CMRG_7222	623
GRCh38_CMRG_72588	623
GRCh38_CMRG_72674	623
GRCh38_CMRG_72714	623
GRCh38_CMRG_74840	623
GRCh38_CMRG_82434	623
GRCh38_CMRG_1039	622
GRCh38_CMRG_1457	622
GRCh38_CMRG_15609	622
GRCh38_CMRG_19365	622
GRCh38_CMRG_22892	622
GRCh38_CMRG_23865	622
GRCh38_CMRG_26820	622
GRCh38_CMRG_36565	622
GRCh38_CMRG_38999	622
GRCh38_CMRG_45339	622
GRCh38_CMRG_46443	622
GRCh38_CMRG_49358	622
GRCh38_CMRG_49359	622
GRCh38_CMRG_49514	622
GRCh38_CMRG_53065	622
GRCh38_CMRG_53891	622
GRCh38_CMRG_60337	622
GRCh38_CMRG_67363	622
GRCh38_CMRG_68487	622
GRCh38_CMRG_68488	622
GRCh38_CMRG_6941	622
GRCh38_CMRG_70198	622
GRCh38_CMRG_70632	622
GRCh38_CMRG_71095	622
GRCh38_CMRG_7118	622
GRCh38_CMRG_72606	622
GRCh38_CMRG_77134	622
GRCh38_CMRG_83577	622
GRCh38_CMRG_11364	621
GRCh38_CMRG_13409	621
GRCh38_CMRG_24323	621
GRCh38_CMRG_27028	621
GRCh38_CMRG_27795	621
GRCh38_CMRG_2910	621
GRCh38_CMRG_38558	621
GRCh38_CMRG_38796	621
GRCh38_CMRG_46419	621
GRCh38_CMRG_46619	621
GRCh38_CMRG_50389	621
GRCh38_CMRG_50806	621
GRCh38_CMRG_51900	621
GRCh38_CMRG_55694	621
GRCh38_CMRG_58749	621
GRCh38_CMRG_65959	621
GRCh38_CMRG_67634	621
GRCh38_CMRG_68283	621
GRCh38_CMRG_7215	621
GRCh38_CMRG_72680	621
GRCh38_CMRG_72713	621
GRCh38_CMRG_77646	621
GRCh38_CMRG_10783	620
GRCh38_CMRG_13942	620
GRCh38_CMRG_17976	620
GRCh38_CMRG_17977	620
GRCh38_CMRG_21535	620
GRCh38_CMRG_23001	620
GRCh38_CMRG_23934	620
GRCh38_CMRG_27822	620
GRCh38_CMRG_34089	620
GRCh38_CMRG_40771	620
GRCh38_CMRG_41519	620
GRCh38_CMRG_45425	620
GRCh38_CMRG_48045	620
GRCh38_CMRG_48046	620
GRCh38_CMRG_50975	620
GRCh38_CMRG_52143	620
GRCh38_CMRG_53478	620
GRCh38_CMRG_55377	620
GRCh38_CMRG_58810	620
GRCh38_CMRG_6059	620
GRCh38_CMRG_60882	620
GRCh38_CMRG_62610	620
GRCh38_CMRG_6889	620
GRCh38_CMRG_69633	620
GRCh38_CMRG_70345	620
GRCh38_CMRG_79117	620
GRCh38_CMRG_18136	619
GRCh38_CMRG_22667	619
GRCh38_CMRG_26812	619
GRCh38_CMRG_29517	619
GRCh38_CMRG_32313	619
GRCh38_CMRG_47784	619
GRCh38_CMRG_51945	619
GRCh38_CMRG_52515	619
GRCh38_CMRG_52707	619
GRCh38_CMRG_53257	619
GRCh38_CMRG_53655	619
GRCh38_CMRG_60768	619
GRCh38_CMRG_66119	619
GRCh38_CMRG_68483	619
GRCh38_CMRG_72669	619
GRCh38_CMRG_7747	619
GRCh38_CMRG_77613	619
GRCh38_CMRG_1286	618
GRCh38_CMRG_1894	618
GRCh38_CMRG_19205	618
GRCh38_CMRG_23482	618
GRCh38_CMRG_27248	618
GRCh38_CMRG_32181	618
GRCh38_CMRG_32655	618
GRCh38_CMRG_32849	618
GRCh38_CMRG_38768	618
GRCh38_CMRG_41851	618
GRCh38_CMRG_48829	618
GRCh38_CMRG_49276	618
GRCh38_CMRG_52446	618
GRCh38_CMRG_52725	618
GRCh38_CMRG_52726	618
GRCh38_CMRG_6732	618
GRCh38_CMRG_70900	618
GRCh38_CMRG_73144	618
GRCh38_CMRG_81010	618
GRCh38_CMRG_83665	618
GRCh38_CMRG_13892	617
GRCh38_CMRG_14811	617
GRCh38_CMRG_19673	617
GRCh38_CMRG_22706	617
GRCh38_CMRG_24464	617
GRCh38_CMRG_37567	617
GRCh38_CMRG_37588	617
GRCh38_CMRG_40895	617
GRCh38_CMRG_41302	617
GRCh38_CMRG_41625	617
GRCh38_CMRG_41805	617
GRCh38_CMRG_52296	617
GRCh38_CMRG_52297	617
GRCh38_CMRG_55277	617
GRCh38_CMRG_61651	617
GRCh38_CMRG_6329	617
GRCh38_CMRG_6447	617
GRCh38_CMRG_68265	617
GRCh38_CMRG_69389	617
GRCh38_CMRG_70576	617
GRCh38_CMRG_7658	617
GRCh38_CMRG_10736	616
GRCh38_CMRG_11267	616
GRCh38_CMRG_12238	616
GRCh38_CMRG_15305	616
GRCh38_CMRG_21671	616
GRCh38_CMRG_26909	616
GRCh38_CMRG_28173	616
GRCh38_CMRG_31216	616
GRCh38_CMRG_33564	616
GRCh38_CMRG_33828	616
GRCh38_CMRG_34521	616
GRCh38_CMRG_36648	616
GRCh38_CMRG_38354	616
GRCh38_CMRG_44622	616
GRCh38_CMRG_44685	616
GRCh38_CMRG_48248	616
GRCh38_CMRG_48638	616
GRCh38_CMRG_49790	616
GRCh38_CMRG_52541	616
GRCh38_CMRG_53229	616
GRCh38_CMRG_53532	616
GRCh38_CMRG_65963	616
GRCh38_CMRG_65964	616
GRCh38_CMRG_68479	616
GRCh38_CMRG_74583	616
GRCh38_CMRG_77312	616
GRCh38_CMRG_81279	616
GRCh38_CMRG_81504	616
GRCh38_CMRG_8429	616
GRCh38_CMRG_14025	615
GRCh38_CMRG_14026	615
GRCh38_CMRG_14041	615
GRCh38_CMRG_14618	615
GRCh38_CMRG_19398	615
GRCh38_CMRG_23034	615
GRCh38_CMRG_33563	615
GRCh38_CMRG_35895	615
GRCh38_CMRG_37514	615
GRCh38_CMRG_40046	615
GRCh38_CMRG_42350	615
GRCh38_CMRG_46769	615
GRCh38_CMRG_50210	615
GRCh38_CMRG_51783	615
GRCh38_CMRG_58488	615
GRCh38_CMRG_58610	615
GRCh38_CMRG_61475	615
GRCh38_CMRG_62519	615
GRCh38_CMRG_64936	615
GRCh38_CMRG_67945	615
GRCh38_CMRG_68312	615
GRCh38_CMRG_68323	615
GRCh38_CMRG_69357	615
GRCh38_CMRG_70285	615
GRCh38_CMRG_70286	615
GRCh38_CMRG_718	615
GRCh38_CMRG_8061	615
GRCh38_CMRG_8356	615
GRCh38_CMRG_83650	615
GRCh38_CMRG_11117	614
GRCh38_CMRG_11949	614
GRCh38_CMRG_12687	614
GRCh38_CMRG_19492	614
GRCh38_CMRG_24802	614
GRCh38_CMRG_26419	614
GRCh38_CMRG_37951	614
GRCh38_CMRG_38389	614
GRCh38_CMRG_47834	614
GRCh38_CMRG_55636	614
GRCh38_CMRG_59493	614
GRCh38_CMRG_61655	614
GRCh38_CMRG_69629	614
GRCh38_CMRG_72670	614
GRCh38_CMRG_74476	614
GRCh38_CMRG_75455	614
GRCh38_CMRG_21667	613
GRCh38_CMRG_22174	613
GRCh38_CMRG_27258	613
GRCh38_CMRG_38187	613
GRCh38_CMRG_40772	613
GRCh38_CMRG_41854	613
GRCh38_CMRG_47099	613
GRCh38_CMRG_48039	613
GRCh38_CMRG_49711	613
GRCh38_CMRG_51786	613
GRCh38_CMRG_54543	613
GRCh38_CMRG_54998	613
GRCh38_CMRG_55108	613
GRCh38_CMRG_5728	613
GRCh38_CMRG_62631	613
GRCh38_CMRG_63704	613
GRCh38_CMRG_68264	613
GRCh38_CMRG_71145	613
GRCh38_CMRG_72668	613
GRCh38_CMRG_72690	613
GRCh38_CMRG_81688	613
GRCh38_CMRG_22086	612
GRCh38_CMRG_23125	612
GRCh38_CMRG_23569	612
GRCh38_CMRG_24495	612
GRCh38_CMRG_25792	612
GRCh38_CMRG_32527	612
GRCh38_CMRG_36194	612
GRCh38_CMRG_37423	612
GRCh38_CMRG_38917	612
GRCh38_CMRG_45880	612
GRCh38_CMRG_47871	612
GRCh38_CMRG_48822	612
GRCh38_CMRG_55504	612
GRCh38_CMRG_59548	612
GRCh38_CMRG_60896	612
GRCh38_CMRG_63273	612
GRCh38_CMRG_64383	612
GRCh38_CMRG_64536	612
GRCh38_CMRG_65541	612
GRCh38_CMRG_68102	612
GRCh38_CMRG_69216	612
GRCh38_CMRG_69373	612
GRCh38_CMRG_71347	612
GRCh38_CMRG_73036	612
GRCh38_CMRG_74579	612
GRCh38_CMRG_74796	612
GRCh38_CMRG_8195	612
GRCh38_CMRG_82615	612
GRCh38_CMRG_12575	611
GRCh38_CMRG_13131	611
GRCh38_CMRG_14783	611
GRCh38_CMRG_19919	611
GRCh38_CMRG_28139	611
GRCh38_CMRG_33738	611
GRCh38_CMRG_44948	611
GRCh38_CMRG_50936	611
GRCh38_CMRG_54472	611
GRCh38_CMRG_55391	611
GRCh38_CMRG_59214	611
GRCh38_CMRG_59333	611
GRCh38_CMRG_67799	611
GRCh38_CMRG_69219	611
GRCh38_CMRG_71348	611
GRCh38_CMRG_72671	611
GRCh38_CMRG_72673	611
GRCh38_CMRG_81017	611
GRCh38_CMRG_16610	610
GRCh38_CMRG_27147	610
GRCh38_CMRG_27428	610
GRCh38_CMRG_30756	610
GRCh38_CMRG_37301	610
GRCh38_CMRG_50366	610
GRCh38_CMRG_55233	610
GRCh38_CMRG_64879	610
GRCh38_CMRG_652	610
GRCh38_CMRG_68103	610
GRCh38_CMRG_68104	610
GRCh38_CMRG_69352	610
GRCh38_CMRG_70737	610
GRCh38_CMRG_72961	610
GRCh38_CMRG_74055	610
GRCh38_CMRG_8191	610
GRCh38_CMRG_81992	610
GRCh38_CMRG_13290	609
GRCh38_CMRG_24770	609
GRCh38_CMRG_26811	609
GRCh38_CMRG_27515	609
GRCh38_CMRG_36744	609
GRCh38_CMRG_36873	609
GRCh38_CMRG_37646	609
GRCh38_CMRG_41496	609
GRCh38_CMRG_41623	609
GRCh38_CMRG_46622	609
GRCh38_CMRG_48568	609
GRCh38_CMRG_49515	609
GRCh38_CMRG_602	609
GRCh38_CMRG_60427	609
GRCh38_CMRG_68100	609
GRCh38_CMRG_68105	609
GRCh38_CMRG_68705	609
GRCh38_CMRG_75623	609
GRCh38_CMRG_77302	609
GRCh38_CMRG_79020	609
GRCh38_CMRG_8059	609
GRCh38_CMRG_8588	609
GRCh38_CMRG_10988	608
GRCh38_CMRG_13154	608
GRCh38_CMRG_13616	608
GRCh38_CMRG_15095	608
GRCh38_CMRG_31289	608
GRCh38_CMRG_31870	608
GRCh38_CMRG_39191	608
GRCh38_CMRG_40075	608
GRCh38_CMRG_41120	608
GRCh38_CMRG_43976	608
GRCh38_CMRG_44494	608
GRCh38_CMRG_54268	608
GRCh38_CMRG_61897	608
GRCh38_CMRG_62424	608
GRCh38_CMRG_62425	608
GRCh38_CMRG_63761	608
GRCh38_CMRG_65088	608
GRCh38_CMRG_65288	608
GRCh38_CMRG_65289	608
GRCh38_CMRG_70538	608
GRCh38_CMRG_709	608
GRCh38_CMRG_74575	608
GRCh38_CMRG_74970	608
GRCh38_CMRG_79089	608
GRCh38_CMRG_81	608
GRCh38_CMRG_8183	608
GRCh38_CMRG_8509	608
GRCh38_CMRG_1028	607
GRCh38_CMRG_21789	607
GRCh38_CMRG_21966	607
GRCh38_CMRG_25386	607
GRCh38_CMRG_25857	607
GRCh38_CMRG_28962	607
GRCh38_CMRG_32182	607
GRCh38_CMRG_32648	607
GRCh38_CMRG_40222	607
GRCh38_CMRG_44371	607
GRCh38_CMRG_48608	607
GRCh38_CMRG_53313	607
GRCh38_CMRG_60160	607
GRCh38_CMRG_68800	607
GRCh38_CMRG_72783	607
GRCh38_CMRG_77129	607
GRCh38_CMRG_77130	607
GRCh38_CMRG_77315	607
GRCh38_CMRG_77713	607
GRCh38_CMRG_78960	607
GRCh38_CMRG_82569	607
GRCh38_CMRG_26	606
GRCh38_CMRG_33433	606
GRCh38_CMRG_36301	606
GRCh38_CMRG_40191	606
GRCh38_CMRG_41900	606
GRCh38_CMRG_41956	606
GRCh38_CMRG_42578	606
GRCh38_CMRG_48979	606
GRCh38_CMRG_55107	606
GRCh38_CMRG_59450	606
GRCh38_CMRG_63342	606
GRCh38_CMRG_63343	606
GRCh38_CMRG_65057	606
GRCh38_CMRG_72305	606
GRCh38_CMRG_7681	606
GRCh38_CMRG_77353	606
GRCh38_CMRG_81214	606
GRCh38_CMRG_10798	605
GRCh38_CMRG_18478	605
GRCh38_CMRG_24044	605
GRCh38_CMRG_24045	605
GRCh38_CMRG_26438	605
GRCh38_CMRG_28461	605
GRCh38_CMRG_28604	605
GRCh38_CMRG_30733	605
GRCh38_CMRG_36390	605
GRCh38_CMRG_38433	605
GRCh38_CMRG_53867	605
GRCh38_CMRG_54747	605
GRCh38_CMRG_58639	605
GRCh38_CMRG_68315	605
GRCh38_CMRG_70572	605
GRCh38_CMRG_73145	605
GRCh38_CMRG_73881	605
GRCh38_CMRG_74358	605
GRCh38_CMRG_74359	605
GRCh38_CMRG_75231	605
GRCh38_CMRG_7595	605
GRCh38_CMRG_7686	605
GRCh38_CMRG_81440	605
GRCh38_CMRG_82461	605
GRCh38_CMRG_83038	605
GRCh38_CMRG_83912	605
GRCh38_CMRG_13994	604
GRCh38_CMRG_23901	604
GRCh38_CMRG_25282	604
GRCh38_CMRG_27727	604
GRCh38_CMRG_31250	604
GRCh38_CMRG_32933	604
GRCh38_CMRG_44512	604
GRCh38_CMRG_47596	604
GRCh38_CMRG_48140	604
GRCh38_CMRG_52397	604
GRCh38_CMRG_54137	604
GRCh38_CMRG_60005	604
GRCh38_CMRG_65053	604
GRCh38_CMRG_72179	604
GRCh38_CMRG_73143	604
GRCh38_CMRG_73808	604
GRCh38_CMRG_74000	604
GRCh38_CMRG_7688	604
GRCh38_CMRG_79034	604
GRCh38_CMRG_79035	604
GRCh38_CMRG_81914	604
GRCh38_CMRG_9420	604
GRCh38_CMRG_1217	603
GRCh38_CMRG_13629	603
GRCh38_CMRG_13881	603
GRCh38_CMRG_14500	603
GRCh38_CMRG_18276	603
GRCh38_CMRG_19948	603
GRCh38_CMRG_2557	603
GRCh38_CMRG_27208	603
GRCh38_CMRG_33446	603
GRCh38_CMRG_38141	603
GRCh38_CMRG_38364	603
GRCh38_CMRG_41704	603
GRCh38_CMRG_44563	603
GRCh38_CMRG_49065	603
GRCh38_CMRG_49841	603
GRCh38_CMRG_50513	603
GRCh38_CMRG_51781	603
GRCh38_CMRG_5533	603
GRCh38_CMRG_58522	603
GRCh38_CMRG_61102	603
GRCh38_CMRG_61346	603
GRCh38_CMRG_61654	603
GRCh38_CMRG_67946	603
GRCh38_CMRG_70255	603
GRCh38_CMRG_82157	603
GRCh38_CMRG_82714	603
GRCh38_CMRG_83742	603
GRCh38_CMRG_23737	602
GRCh38_CMRG_27728	602
GRCh38_CMRG_37906	602
GRCh38_CMRG_41004	602
GRCh38_CMRG_41005	602
GRCh38_CMRG_45734	602
GRCh38_CMRG_47330	602
GRCh38_CMRG_48997	602
GRCh38_CMRG_50445	602
GRCh38_CMRG_53128	602
GRCh38_CMRG_6990	602
GRCh38_CMRG_72460	602
GRCh38_CMRG_72677	602
GRCh38_CMRG_77549	602
GRCh38_CMRG_79119	602
GRCh38_CMRG_81989	602
GRCh38_CMRG_82802	602
GRCh38_CMRG_21187	601
GRCh38_CMRG_21188	601
GRCh38_CMRG_24013	601
GRCh38_CMRG_48770	601
GRCh38_CMRG_48850	601
GRCh38_CMRG_50397	601
GRCh38_CMRG_50685	601
GRCh38_CMRG_60373	601
GRCh38_CMRG_64698	601
GRCh38_CMRG_68811	601
GRCh38_CMRG_70609	601
GRCh38_CMRG_74719	601
GRCh38_CMRG_82800	601
GRCh38_CMRG_82801	601
GRCh38_CMRG_10577	600
GRCh38_CMRG_124	600
GRCh38_CMRG_14272	600
GRCh38_CMRG_19968	600
GRCh38_CMRG_28116	600
GRCh38_CMRG_33107	600
GRCh38_CMRG_33233	600
GRCh38_CMRG_34257	600
GRCh38_CMRG_36149	600
GRCh38_CMRG_50278	600
GRCh38_CMRG_54246	600
GRCh38_CMRG_68517	600
GRCh38_CMRG_79254	600
GRCh38_CMRG_80040	600
GRCh38_CMRG_12204	599
GRCh38_CMRG_12205	599
GRCh38_CMRG_1759	599
GRCh38_CMRG_18883	599
GRCh38_CMRG_22360	599
GRCh38_CMRG_23094	599
GRCh38_CMRG_26993	599
GRCh38_CMRG_28259	599
GRCh38_CMRG_31974	599
GRCh38_CMRG_40776	599
GRCh38_CMRG_40968	599
GRCh38_CMRG_41850	599
GRCh38_CMRG_47299	599
GRCh38_CMRG_53954	599
GRCh38_CMRG_54671	599
GRCh38_CMRG_54677	599
GRCh38_CMRG_59199	599
GRCh38_CMRG_72695	599
GRCh38_CMRG_72696	599
GRCh38_CMRG_74353	599
GRCh38_CMRG_74720	599
GRCh38_CMRG_74721	599
GRCh38_CMRG_75036	599
GRCh38_CMRG_79859	599
GRCh38_CMRG_82353	599
GRCh38_CMRG_11776	598
GRCh38_CMRG_18684	598
GRCh38_CMRG_23889	598
GRCh38_CMRG_24762	598
GRCh38_CMRG_28309	598
GRCh38_CMRG_32650	598
GRCh38_CMRG_37533	598
GRCh38_CMRG_38710	598
GRCh38_CMRG_50583	598
GRCh38_CMRG_52176	598
GRCh38_CMRG_52479	598
GRCh38_CMRG_62248	598
GRCh38_CMRG_65119	598
GRCh38_CMRG_68382	598
GRCh38_CMRG_15417	597
GRCh38_CMRG_1793	597
GRCh38_CMRG_22037	597
GRCh38_CMRG_30024	597
GRCh38_CMRG_31389	597
GRCh38_CMRG_31768	597
GRCh38_CMRG_32634	597
GRCh38_CMRG_40386	597
GRCh38_CMRG_41853	597
GRCh38_CMRG_42163	597
GRCh38_CMRG_44225	597
GRCh38_CMRG_51098	597
GRCh38_CMRG_54846	597
GRCh38_CMRG_59964	597
GRCh38_CMRG_63589	597
GRCh38_CMRG_63590	597
GRCh38_CMRG_68078	597
GRCh38_CMRG_73882	597
GRCh38_CMRG_75052	597
GRCh38_CMRG_81351	597
GRCh38_CMRG_9364	597
GRCh38_CMRG_9605	597
GRCh38_CMRG_12618	596
GRCh38_CMRG_12619	596
GRCh38_CMRG_13993	596
GRCh38_CMRG_1468	596
GRCh38_CMRG_18510	596
GRCh38_CMRG_21271	596
GRCh38_CMRG_2315	596
GRCh38_CMRG_29534	596
GRCh38_CMRG_30865	596
GRCh38_CMRG_40740	596
GRCh38_CMRG_44760	596
GRCh38_CMRG_45111	596
GRCh38_CMRG_45992	596
GRCh38_CMRG_49404	596
GRCh38_CMRG_640	596
GRCh38_CMRG_65461	596
GRCh38_CMRG_67309	596
GRCh38_CMRG_69221	596
GRCh38_CMRG_69834	596
GRCh38_CMRG_69854	596
GRCh38_CMRG_71822	596
GRCh38_CMRG_74677	596
GRCh38_CMRG_81874	596
GRCh38_CMRG_82349	596
GRCh38_CMRG_82460	596
GRCh38_CMRG_13045	595
GRCh38_CMRG_13593	595
GRCh38_CMRG_23859	595
GRCh38_CMRG_31390	595
GRCh38_CMRG_39908	595
GRCh38_CMRG_45038	595
GRCh38_CMRG_46213	595
GRCh38_CMRG_50630	595
GRCh38_CMRG_53007	595
GRCh38_CMRG_53865	595
GRCh38_CMRG_54329	595
GRCh38_CMRG_548	595
GRCh38_CMRG_55278	595
GRCh38_CMRG_59423	595
GRCh38_CMRG_5974	595
GRCh38_CMRG_69416	595
GRCh38_CMRG_70754	595
GRCh38_CMRG_73545	595
GRCh38_CMRG_74327	595
GRCh38_CMRG_77297	595
GRCh38_CMRG_8007	595
GRCh38_CMRG_84509	595
GRCh38_CMRG_147	594
GRCh38_CMRG_2314	594
GRCh38_CMRG_24292	594
GRCh38_CMRG_26817	594
GRCh38_CMRG_28458	594
GRCh38_CMRG_29019	594
GRCh38_CMRG_29182	594
GRCh38_CMRG_34784	594
GRCh38_CMRG_35981	594
GRCh38_CMRG_41524	594
GRCh38_CMRG_41812	594
GRCh38_CMRG_49101	594
GRCh38_CMRG_49168	594
GRCh38_CMRG_50111	594
GRCh38_CMRG_50945	594
GRCh38_CMRG_53985	594
GRCh38_CMRG_58267	594
GRCh38_CMRG_62159	594
GRCh38_CMRG_65263	594
GRCh38_CMRG_65967	594
GRCh38_CMRG_72406	594
GRCh38_CMRG_73080	594
GRCh38_CMRG_74833	594
GRCh38_CMRG_74834	594
GRCh38_CMRG_7491	594
GRCh38_CMRG_76463	594
GRCh38_CMRG_76965	594
GRCh38_CMRG_82411	594
GRCh38_CMRG_9759	594
GRCh38_CMRG_10774	593
GRCh38_CMRG_13613	593
GRCh38_CMRG_13614	593
GRCh38_CMRG_15007	593
GRCh38_CMRG_15141	593
GRCh38_CMRG_22460	593
GRCh38_CMRG_23465	593
GRCh38_CMRG_27464	593
GRCh38_CMRG_28965	593
GRCh38_CMRG_29020	593
GRCh38_CMRG_31888	593
GRCh38_CMRG_33072	593
GRCh38_CMRG_38754	593
GRCh38_CMRG_51453	593
GRCh38_CMRG_55221	593
GRCh38_CMRG_60408	593
GRCh38_CMRG_65231	593
GRCh38_CMRG_68091	593
GRCh38_CMRG_70598	593
GRCh38_CMRG_70753	593
GRCh38_CMRG_72962	593
GRCh38_CMRG_73137	593
GRCh38_CMRG_73201	593
GRCh38_CMRG_76603	593
GRCh38_CMRG_81951	593
GRCh38_CMRG_10943	592
GRCh38_CMRG_1856	592
GRCh38_CMRG_21072	592
GRCh38_CMRG_24436	592
GRCh38_CMRG_26187	592
GRCh38_CMRG_28571	592
GRCh38_CMRG_40705	592
GRCh38_CMRG_45010	592
GRCh38_CMRG_48609	592
GRCh38_CMRG_50957	592
GRCh38_CMRG_51715	592
GRCh38_CMRG_63447	592
GRCh38_CMRG_76459	592
GRCh38_CMRG_81188	592
GRCh38_CMRG_81450	592
GRCh38_CMRG_82346	592
GRCh38_CMRG_12812	591
GRCh38_CMRG_18687	591
GRCh38_CMRG_18688	591
GRCh38_CMRG_20979	591
GRCh38_CMRG_21874	591
GRCh38_CMRG_21886	591
GRCh38_CMRG_24670	591
GRCh38_CMRG_25066	591
GRCh38_CMRG_33135	591
GRCh38_CMRG_33136	591
GRCh38_CMRG_36999	591
GRCh38_CMRG_41040	591
GRCh38_CMRG_41245	591
GRCh38_CMRG_41463	591
GRCh38_CMRG_41989	591
GRCh38_CMRG_41990	591
GRCh38_CMRG_469	591
GRCh38_CMRG_49525	591
GRCh38_CMRG_61476	591
GRCh38_CMRG_67505	591
GRCh38_CMRG_6752	591
GRCh38_CMRG_68130	591
GRCh38_CMRG_68367	591
GRCh38_CMRG_69585	591
GRCh38_CMRG_73568	591
GRCh38_CMRG_74475	591
GRCh38_CMRG_74748	591
GRCh38_CMRG_82087	591
GRCh38_CMRG_8991	591
GRCh38_CMRG_1306	590
GRCh38_CMRG_13518	590
GRCh38_CMRG_19922	590
GRCh38_CMRG_24954	590
GRCh38_CMRG_33504	590
GRCh38_CMRG_33794	590
GRCh38_CMRG_36184	590
GRCh38_CMRG_37242	590
GRCh38_CMRG_37384	590
GRCh38_CMRG_41732	590
GRCh38_CMRG_50700	590
GRCh38_CMRG_50741	590
GRCh38_CMRG_50742	590
GRCh38_CMRG_55431	590
GRCh38_CMRG_62607	590
GRCh38_CMRG_6328	590
GRCh38_CMRG_64249	590
GRCh38_CMRG_65089	590
GRCh38_CMRG_65262	590
GRCh38_CMRG_69993	590
GRCh38_CMRG_72691	590
GRCh38_CMRG_74486	590
GRCh38_CMRG_74623	590
GRCh38_CMRG_74745	590
GRCh38_CMRG_79879	590
GRCh38_CMRG_8023	590
GRCh38_CMRG_81003	590
GRCh38_CMRG_81439	590
GRCh38_CMRG_8611	590
GRCh38_CMRG_13011	589
GRCh38_CMRG_24816	589
GRCh38_CMRG_26246	589
GRCh38_CMRG_32974	589
GRCh38_CMRG_32975	589
GRCh38_CMRG_34497	589
GRCh38_CMRG_37969	589
GRCh38_CMRG_38479	589
GRCh38_CMRG_40924	589
GRCh38_CMRG_41785	589
GRCh38_CMRG_49163	589
GRCh38_CMRG_49754	589
GRCh38_CMRG_50916	589
GRCh38_CMRG_53543	589
GRCh38_CMRG_54501	589
GRCh38_CMRG_55791	589
GRCh38_CMRG_59541	589
GRCh38_CMRG_65714	589
GRCh38_CMRG_67499	589
GRCh38_CMRG_68118	589
GRCh38_CMRG_70661	589
GRCh38_CMRG_71793	589
GRCh38_CMRG_7577	589
GRCh38_CMRG_77529	589
GRCh38_CMRG_79209	589
GRCh38_CMRG_79864	589
GRCh38_CMRG_81508	589
GRCh38_CMRG_82518	589
GRCh38_CMRG_11127	588
GRCh38_CMRG_1528	588
GRCh38_CMRG_15483	588
GRCh38_CMRG_17637	588
GRCh38_CMRG_24475	588
GRCh38_CMRG_24494	588
GRCh38_CMRG_39850	588
GRCh38_CMRG_39859	588
GRCh38_CMRG_43983	588
GRCh38_CMRG_48138	588
GRCh38_CMRG_49988	588
GRCh38_CMRG_61656	588
GRCh38_CMRG_61945	588
GRCh38_CMRG_62406	588
GRCh38_CMRG_64153	588
GRCh38_CMRG_67239	588
GRCh38_CMRG_68396	588
GRCh38_CMRG_73140	588
GRCh38_CMRG_73553	588
GRCh38_CMRG_74036	588
GRCh38_CMRG_74570	588
GRCh38_CMRG_75673	588
GRCh38_CMRG_7863	588
GRCh38_CMRG_8035	588
GRCh38_CMRG_82043	588
GRCh38_CMRG_82296	588
GRCh38_CMRG_9565	588
GRCh38_CMRG_29192	587
GRCh38_CMRG_31387	587
GRCh38_CMRG_34058	587
GRCh38_CMRG_37082	587
GRCh38_CMRG_39011	587
GRCh38_CMRG_39012	587
GRCh38_CMRG_39913	587
GRCh38_CMRG_41246	587
GRCh38_CMRG_41927	587
GRCh38_CMRG_41928	587
GRCh38_CMRG_50547	587
GRCh38_CMRG_55392	587
GRCh38_CMRG_62403	587
GRCh38_CMRG_65225	587
GRCh38_CMRG_68738	587
GRCh38_CMRG_11179	586
GRCh38_CMRG_12378	586
GRCh38_CMRG_16564	586
GRCh38_CMRG_17709	586
GRCh38_CMRG_23762	586
GRCh38_CMRG_31889	586
GRCh38_CMRG_36870	586
GRCh38_CMRG_37229	586
GRCh38_CMRG_38337	586
GRCh38_CMRG_43650	586
GRCh38_CMRG_48027	586
GRCh38_CMRG_48028	586
GRCh38_CMRG_52022	586
GRCh38_CMRG_58154	586
GRCh38_CMRG_58592	586
GRCh38_CMRG_65076	586
GRCh38_CMRG_68320	586
GRCh38_CMRG_69374	586
GRCh38_CMRG_73165	586
GRCh38_CMRG_75476	586
GRCh38_CMRG_7718	586
GRCh38_CMRG_7822	586
GRCh38_CMRG_80960	586
GRCh38_CMRG_12754	585
GRCh38_CMRG_12755	585
GRCh38_CMRG_1458	585
GRCh38_CMRG_164	585
GRCh38_CMRG_21522	585
GRCh38_CMRG_21885	585
GRCh38_CMRG_23788	585
GRCh38_CMRG_24122	585
GRCh38_CMRG_24388	585
GRCh38_CMRG_26744	585
GRCh38_CMRG_37491	585
GRCh38_CMRG_38765	585
GRCh38_CMRG_43767	585
GRCh38_CMRG_44083	585
GRCh38_CMRG_44084	585
GRCh38_CMRG_47597	585
GRCh38_CMRG_49386	585
GRCh38_CMRG_50205	585
GRCh38_CMRG_65091	585
GRCh38_CMRG_72953	585
GRCh38_CMRG_81628	585
GRCh38_CMRG_18230	584
GRCh38_CMRG_28750	584
GRCh38_CMRG_29103	584
GRCh38_CMRG_32981	584
GRCh38_CMRG_36427	584
GRCh38_CMRG_37346	584
GRCh38_CMRG_44997	584
GRCh38_CMRG_46291	584
GRCh38_CMRG_50652	584
GRCh38_CMRG_51658	584
GRCh38_CMRG_58721	584
GRCh38_CMRG_6244	584
GRCh38_CMRG_74457	584
GRCh38_CMRG_7787	584
GRCh38_CMRG_7788	584
GRCh38_CMRG_82795	584
GRCh38_CMRG_9677	584
GRCh38_CMRG_13460	583
GRCh38_CMRG_15336	583
GRCh38_CMRG_2097	583
GRCh38_CMRG_2265	583
GRCh38_CMRG_26247	583
GRCh38_CMRG_26621	583
GRCh38_CMRG_28146	583
GRCh38_CMRG_32327	583
GRCh38_CMRG_33423	583
GRCh38_CMRG_33424	583
GRCh38_CMRG_37347	583
GRCh38_CMRG_46009	583
GRCh38_CMRG_50475	583
GRCh38_CMRG_58573	583
GRCh38_CMRG_61662	583
GRCh38_CMRG_64553	583
GRCh38_CMRG_68043	583
GRCh38_CMRG_74014	583
GRCh38_CMRG_76794	583
GRCh38_CMRG_13561	582
GRCh38_CMRG_17127	582
GRCh38_CMRG_19517	582
GRCh38_CMRG_34244	582
GRCh38_CMRG_37345	582
GRCh38_CMRG_37671	582
GRCh38_CMRG_38298	582
GRCh38_CMRG_49338	582
GRCh38_CMRG_49669	582
GRCh38_CMRG_69886	582
GRCh38_CMRG_73640	582
GRCh38_CMRG_78860	582
GRCh38_CMRG_79717	582
GRCh38_CMRG_80020	582
GRCh38_CMRG_81807	582
GRCh38_CMRG_82422	582
GRCh38_CMRG_11948	581
GRCh38_CMRG_12149	581
GRCh38_CMRG_1537	581
GRCh38_CMRG_17081	581
GRCh38_CMRG_24381	581
GRCh38_CMRG_39989	581
GRCh38_CMRG_40387	581
GRCh38_CMRG_44474	581
GRCh38_CMRG_49207	581
GRCh38_CMRG_50455	581
GRCh38_CMRG_58119	581
GRCh38_CMRG_64043	581
GRCh38_CMRG_68931	581
GRCh38_CMRG_71006	581
GRCh38_CMRG_72747	581
GRCh38_CMRG_8112	581
GRCh38_CMRG_82796	581
GRCh38_CMRG_84435	581
GRCh38_CMRG_11810	580
GRCh38_CMRG_12965	580
GRCh38_CMRG_21148	580
GRCh38_CMRG_21735	580
GRCh38_CMRG_23481	580
GRCh38_CMRG_28112	580
GRCh38_CMRG_28254	580
GRCh38_CMRG_32916	580
GRCh38_CMRG_33620	580
GRCh38_CMRG_38434	580
GRCh38_CMRG_38640	580
GRCh38_CMRG_38642	580
GRCh38_CMRG_42531	580
GRCh38_CMRG_44866	580
GRCh38_CMRG_45644	580
GRCh38_CMRG_54134	580
GRCh38_CMRG_59654	580
GRCh38_CMRG_60405	580
GRCh38_CMRG_61777	580
GRCh38_CMRG_68744	580
GRCh38_CMRG_68835	580
GRCh38_CMRG_73305	580
GRCh38_CMRG_79764	580
GRCh38_CMRG_84465	580
GRCh38_CMRG_84510	580
GRCh38_CMRG_14902	579
GRCh38_CMRG_22554	579
GRCh38_CMRG_23714	579
GRCh38_CMRG_26649	579
GRCh38_CMRG_42010	579
GRCh38_CMRG_43831	579
GRCh38_CMRG_43832	579
GRCh38_CMRG_45545	579
GRCh38_CMRG_48801	579
GRCh38_CMRG_49363	579
GRCh38_CMRG_52195	579
GRCh38_CMRG_52727	579
GRCh38_CMRG_55258	579
GRCh38_CMRG_59804	579
GRCh38_CMRG_60061	579
GRCh38_CMRG_62445	579
GRCh38_CMRG_63805	579
GRCh38_CMRG_64887	579
GRCh38_CMRG_68095	579
GRCh38_CMRG_6856	579
GRCh38_CMRG_68823	579
GRCh38_CMRG_72220	579
GRCh38_CMRG_72666	579
GRCh38_CMRG_72786	579
GRCh38_CMRG_74736	579
GRCh38_CMRG_77433	579
GRCh38_CMRG_82560	579
GRCh38_CMRG_83851	579
GRCh38_CMRG_9150	579
GRCh38_CMRG_1050	578
GRCh38_CMRG_10590	578
GRCh38_CMRG_10633	578
GRCh38_CMRG_11457	578
GRCh38_CMRG_13634	578
GRCh38_CMRG_1454	578
GRCh38_CMRG_1692	578
GRCh38_CMRG_22240	578
GRCh38_CMRG_22256	578
GRCh38_CMRG_45544	578
GRCh38_CMRG_45973	578
GRCh38_CMRG_46039	578
GRCh38_CMRG_46866	578
GRCh38_CMRG_48442	578
GRCh38_CMRG_51513	578
GRCh38_CMRG_51768	578
GRCh38_CMRG_58994	578
GRCh38_CMRG_62618	578
GRCh38_CMRG_68280	578
GRCh38_CMRG_68372	578
GRCh38_CMRG_71880	578
GRCh38_CMRG_7651	578
GRCh38_CMRG_26669	577
GRCh38_CMRG_27148	577
GRCh38_CMRG_30952	577
GRCh38_CMRG_36571	577
GRCh38_CMRG_38131	577
GRCh38_CMRG_41758	577
GRCh38_CMRG_42488	577
GRCh38_CMRG_48615	577
GRCh38_CMRG_50978	577
GRCh38_CMRG_50979	577
GRCh38_CMRG_51930	577
GRCh38_CMRG_53694	577
GRCh38_CMRG_6045	577
GRCh38_CMRG_61029	577
GRCh38_CMRG_61538	577
GRCh38_CMRG_62597	577
GRCh38_CMRG_67829	577
GRCh38_CMRG_77509	577
GRCh38_CMRG_79605	577
GRCh38_CMRG_81422	577
GRCh38_CMRG_83229	577
GRCh38_CMRG_11891	576
GRCh38_CMRG_12467	576
GRCh38_CMRG_14357	576
GRCh38_CMRG_2578	576
GRCh38_CMRG_27089	576
GRCh38_CMRG_3101	576
GRCh38_CMRG_38356	576
GRCh38_CMRG_39295	576
GRCh38_CMRG_53102	576
GRCh38_CMRG_60374	576
GRCh38_CMRG_60445	576
GRCh38_CMRG_62219	576
GRCh38_CMRG_70507	576
GRCh38_CMRG_71781	576
GRCh38_CMRG_72748	576
GRCh38_CMRG_79019	576
GRCh38_CMRG_79606	576
GRCh38_CMRG_81018	576
GRCh38_CMRG_84320	576
GRCh38_CMRG_8959	576
GRCh38_CMRG_9511	576
GRCh38_CMRG_14543	575
GRCh38_CMRG_1480	575
GRCh38_CMRG_19344	575
GRCh38_CMRG_23931	575
GRCh38_CMRG_24776	575
GRCh38_CMRG_24777	575
GRCh38_CMRG_31856	575
GRCh38_CMRG_36014	575
GRCh38_CMRG_37571	575
GRCh38_CMRG_45000	575
GRCh38_CMRG_52480	575
GRCh38_CMRG_53354	575
GRCh38_CMRG_58367	575
GRCh38_CMRG_58369	575
GRCh38_CMRG_58370	575
GRCh38_CMRG_73796	575
GRCh38_CMRG_8756	575
GRCh38_CMRG_9388	575
GRCh38_CMRG_11283	574
GRCh38_CMRG_11371	574
GRCh38_CMRG_1583	574
GRCh38_CMRG_2477	574
GRCh38_CMRG_27463	574
GRCh38_CMRG_32736	574
GRCh38_CMRG_36134	574
GRCh38_CMRG_40823	574
GRCh38_CMRG_42161	574
GRCh38_CMRG_42412	574
GRCh38_CMRG_46224	574
GRCh38_CMRG_48441	574
GRCh38_CMRG_51909	574
GRCh38_CMRG_53355	574
GRCh38_CMRG_54285	574
GRCh38_CMRG_60409	574
GRCh38_CMRG_607	574
GRCh38_CMRG_62379	574
GRCh38_CMRG_72692	574
GRCh38_CMRG_7433	574
GRCh38_CMRG_76860	574
GRCh38_CMRG_83892	574
GRCh38_CMRG_1051	573
GRCh38_CMRG_11372	573
GRCh38_CMRG_15139	573
GRCh38_CMRG_22703	573
GRCh38_CMRG_24338	573
GRCh38_CMRG_25016	573
GRCh38_CMRG_34218	573
GRCh38_CMRG_40524	573
GRCh38_CMRG_42273	573
GRCh38_CMRG_48800	573
GRCh38_CMRG_49394	573
GRCh38_CMRG_58563	573
GRCh38_CMRG_59311	573
GRCh38_CMRG_634	573
GRCh38_CMRG_67636	573
GRCh38_CMRG_71414	573
GRCh38_CMRG_7228	573
GRCh38_CMRG_72464	573
GRCh38_CMRG_82073	573
GRCh38_CMRG_82112	573
GRCh38_CMRG_82490	573
GRCh38_CMRG_91	573
GRCh38_CMRG_13348	572
GRCh38_CMRG_13916	572
GRCh38_CMRG_15134	572
GRCh38_CMRG_17027	572
GRCh38_CMRG_22813	572
GRCh38_CMRG_27636	572
GRCh38_CMRG_31852	572
GRCh38_CMRG_31901	572
GRCh38_CMRG_32667	572
GRCh38_CMRG_36687	572
GRCh38_CMRG_37367	572
GRCh38_CMRG_37909	572
GRCh38_CMRG_40304	572
GRCh38_CMRG_41882	572
GRCh38_CMRG_45374	572
GRCh38_CMRG_49703	572
GRCh38_CMRG_50192	572
GRCh38_CMRG_50997	572
GRCh38_CMRG_51199	572
GRCh38_CMRG_55361	572
GRCh38_CMRG_58750	572
GRCh38_CMRG_70439	572
GRCh38_CMRG_72078	572
GRCh38_CMRG_7256	572
GRCh38_CMRG_73729	572
GRCh38_CMRG_7406	572
GRCh38_CMRG_74356	572
GRCh38_CMRG_16917	571
GRCh38_CMRG_18857	571
GRCh38_CMRG_24263	571
GRCh38_CMRG_2433	571
GRCh38_CMRG_31020	571
GRCh38_CMRG_36050	571
GRCh38_CMRG_37877	571
GRCh38_CMRG_41747	571
GRCh38_CMRG_41902	571
GRCh38_CMRG_54262	571
GRCh38_CMRG_59547	571
GRCh38_CMRG_59790	571
GRCh38_CMRG_61415	571
GRCh38_CMRG_62398	571
GRCh38_CMRG_69786	571
GRCh38_CMRG_71456	571
GRCh38_CMRG_73792	571
GRCh38_CMRG_75445	571
GRCh38_CMRG_9332	571
GRCh38_CMRG_9333	571
GRCh38_CMRG_12684	570
GRCh38_CMRG_13477	570
GRCh38_CMRG_16524	570
GRCh38_CMRG_18686	570
GRCh38_CMRG_24262	570
GRCh38_CMRG_26243	570
GRCh38_CMRG_28386	570
GRCh38_CMRG_36188	570
GRCh38_CMRG_37971	570
GRCh38_CMRG_38244	570
GRCh38_CMRG_38250	570
GRCh38_CMRG_39842	570
GRCh38_CMRG_40507	570
GRCh38_CMRG_41881	570
GRCh38_CMRG_46603	570
GRCh38_CMRG_50532	570
GRCh38_CMRG_61101	570
GRCh38_CMRG_64657	570
GRCh38_CMRG_64658	570
GRCh38_CMRG_71060	570
GRCh38_CMRG_73641	570
GRCh38_CMRG_75150	570
GRCh38_CMRG_77510	570
GRCh38_CMRG_79756	570
GRCh38_CMRG_81590	570
GRCh38_CMRG_13296	569
GRCh38_CMRG_13443	569
GRCh38_CMRG_14187	569
GRCh38_CMRG_18832	569
GRCh38_CMRG_23924	569
GRCh38_CMRG_24684	569
GRCh38_CMRG_32166	569
GRCh38_CMRG_36326	569
GRCh38_CMRG_40506	569
GRCh38_CMRG_41581	569
GRCh38_CMRG_45180	569
GRCh38_CMRG_45216	569
GRCh38_CMRG_55612	569
GRCh38_CMRG_55613	569
GRCh38_CMRG_58467	569
GRCh38_CMRG_66959	569
GRCh38_CMRG_69323	569
GRCh38_CMRG_79348	569
GRCh38_CMRG_79349	569
GRCh38_CMRG_81591	569
GRCh38_CMRG_11315	568
GRCh38_CMRG_11625	568
GRCh38_CMRG_18465	568
GRCh38_CMRG_38775	568
GRCh38_CMRG_42585	568
GRCh38_CMRG_52524	568
GRCh38_CMRG_54173	568
GRCh38_CMRG_55288	568
GRCh38_CMRG_68729	568
GRCh38_CMRG_71412	568
GRCh38_CMRG_72655	568
GRCh38_CMRG_83154	568
GRCh38_CMRG_83278	568
GRCh38_CMRG_84297	568
GRCh38_CMRG_14861	567
GRCh38_CMRG_17036	567
GRCh38_CMRG_18464	567
GRCh38_CMRG_24253	567
GRCh38_CMRG_2509	567
GRCh38_CMRG_27917	567
GRCh38_CMRG_31429	567
GRCh38_CMRG_33642	567
GRCh38_CMRG_36099	567
GRCh38_CMRG_40954	567
GRCh38_CMRG_48474	567
GRCh38_CMRG_52400	567
GRCh38_CMRG_6008	567
GRCh38_CMRG_6243	567
GRCh38_CMRG_62525	567
GRCh38_CMRG_65101	567
GRCh38_CMRG_67906	567
GRCh38_CMRG_69675	567
GRCh38_CMRG_75484	567
GRCh38_CMRG_7978	567
GRCh38_CMRG_82339	567
GRCh38_CMRG_82340	567
GRCh38_CMRG_8416	567
GRCh38_CMRG_9758	567
GRCh38_CMRG_16577	566
GRCh38_CMRG_16594	566
GRCh38_CMRG_1679	566
GRCh38_CMRG_21736	566
GRCh38_CMRG_23397	566
GRCh38_CMRG_2476	566
GRCh38_CMRG_25998	566
GRCh38_CMRG_28127	566
GRCh38_CMRG_28290	566
GRCh38_CMRG_28498	566
GRCh38_CMRG_32164	566
GRCh38_CMRG_36307	566
GRCh38_CMRG_36596	566
GRCh38_CMRG_37676	566
GRCh38_CMRG_54505	566
GRCh38_CMRG_55608	566
GRCh38_CMRG_60303	566
GRCh38_CMRG_60581	566
GRCh38_CMRG_60856	566
GRCh38_CMRG_79564	566
GRCh38_CMRG_82542	566
GRCh38_CMRG_82847	566
GRCh38_CMRG_11456	565
GRCh38_CMRG_11986	565
GRCh38_CMRG_18154	565
GRCh38_CMRG_23993	565
GRCh38_CMRG_24055	565
GRCh38_CMRG_24164	565
GRCh38_CMRG_27574	565
GRCh38_CMRG_32353	565
GRCh38_CMRG_32660	565
GRCh38_CMRG_37641	565
GRCh38_CMRG_40970	565
GRCh38_CMRG_43830	565
GRCh38_CMRG_47755	565
GRCh38_CMRG_50464	565
GRCh38_CMRG_60801	565
GRCh38_CMRG_6129	565
GRCh38_CMRG_68303	565
GRCh38_CMRG_68588	565
GRCh38_CMRG_69499	565
GRCh38_CMRG_7216	565
GRCh38_CMRG_77159	565
GRCh38_CMRG_79205	565
GRCh38_CMRG_11402	564
GRCh38_CMRG_20912	564
GRCh38_CMRG_2107	564
GRCh38_CMRG_22913	564
GRCh38_CMRG_23367	564
GRCh38_CMRG_24375	564
GRCh38_CMRG_25388	564
GRCh38_CMRG_27720	564
GRCh38_CMRG_37821	564
GRCh38_CMRG_38463	564
GRCh38_CMRG_41435	564
GRCh38_CMRG_44810	564
GRCh38_CMRG_45260	564
GRCh38_CMRG_47043	564
GRCh38_CMRG_51769	564
GRCh38_CMRG_54944	564
GRCh38_CMRG_61455	564
GRCh38_CMRG_69622	564
GRCh38_CMRG_70942	564
GRCh38_CMRG_71733	564
GRCh38_CMRG_77384	564
GRCh38_CMRG_80025	564
GRCh38_CMRG_82293	564
GRCh38_CMRG_13213	563
GRCh38_CMRG_13214	563
GRCh38_CMRG_14051	563
GRCh38_CMRG_17970	563
GRCh38_CMRG_19127	563
GRCh38_CMRG_20008	563
GRCh38_CMRG_23818	563
GRCh38_CMRG_25203	563
GRCh38_CMRG_33117	563
GRCh38_CMRG_34714	563
GRCh38_CMRG_37000	563
GRCh38_CMRG_40523	563
GRCh38_CMRG_40647	563
GRCh38_CMRG_40742	563
GRCh38_CMRG_42015	563
GRCh38_CMRG_54444	563
GRCh38_CMRG_54445	563
GRCh38_CMRG_60400	563
GRCh38_CMRG_61936	563
GRCh38_CMRG_63681	563
GRCh38_CMRG_11233	562
GRCh38_CMRG_21532	562
GRCh38_CMRG_23464	562
GRCh38_CMRG_23813	562
GRCh38_CMRG_24364	562
GRCh38_CMRG_37446	562
GRCh38_CMRG_46490	562
GRCh38_CMRG_49611	562
GRCh38_CMRG_52981	562
GRCh38_CMRG_54974	562
GRCh38_CMRG_58101	562
GRCh38_CMRG_60532	562
GRCh38_CMRG_63568	562
GRCh38_CMRG_67980	562
GRCh38_CMRG_72898	562
GRCh38_CMRG_74313	562
GRCh38_CMRG_76755	562
GRCh38_CMRG_77647	562
GRCh38_CMRG_8772	562
GRCh38_CMRG_18385	561
GRCh38_CMRG_21709	561
GRCh38_CMRG_21710	561
GRCh38_CMRG_27825	561
GRCh38_CMRG_29122	561
GRCh38_CMRG_34331	561
GRCh38_CMRG_38363	561
GRCh38_CMRG_38472	561
GRCh38_CMRG_43815	561
GRCh38_CMRG_52881	561
GRCh38_CMRG_55138	561
GRCh38_CMRG_60288	561
GRCh38_CMRG_60404	561
GRCh38_CMRG_68107	561
GRCh38_CMRG_70028	561
GRCh38_CMRG_73755	561
GRCh38_CMRG_81746	561
GRCh38_CMRG_11658	560
GRCh38_CMRG_17142	560
GRCh38_CMRG_2388	560
GRCh38_CMRG_2418	560
GRCh38_CMRG_31442	560
GRCh38_CMRG_32114	560
GRCh38_CMRG_33644	560
GRCh38_CMRG_38072	560
GRCh38_CMRG_40450	560
GRCh38_CMRG_41557	560
GRCh38_CMRG_43804	560
GRCh38_CMRG_49469	560
GRCh38_CMRG_53144	560
GRCh38_CMRG_54330	560
GRCh38_CMRG_62616	560
GRCh38_CMRG_63958	560
GRCh38_CMRG_68452	560
GRCh38_CMRG_72368	560
GRCh38_CMRG_7678	560
GRCh38_CMRG_81772	560
GRCh38_CMRG_82181	560
GRCh38_CMRG_82345	560
GRCh38_CMRG_83719	560
GRCh38_CMRG_8591	560
GRCh38_CMRG_9078	560
GRCh38_CMRG_10847	559
GRCh38_CMRG_19130	559
GRCh38_CMRG_23289	559
GRCh38_CMRG_28700	559
GRCh38_CMRG_31241	559
GRCh38_CMRG_33208	559
GRCh38_CMRG_45385	559
GRCh38_CMRG_45959	559
GRCh38_CMRG_47748	559
GRCh38_CMRG_49050	559
GRCh38_CMRG_49470	559
GRCh38_CMRG_53177	559
GRCh38_CMRG_59474	559
GRCh38_CMRG_6287	559
GRCh38_CMRG_77546	559
GRCh38_CMRG_8286	559
GRCh38_CMRG_11026	558
GRCh38_CMRG_13552	558
GRCh38_CMRG_17782	558
GRCh38_CMRG_17840	558
GRCh38_CMRG_18033	558
GRCh38_CMRG_27335	558
GRCh38_CMRG_31336	558
GRCh38_CMRG_33727	558
GRCh38_CMRG_38302	558
GRCh38_CMRG_46093	558
GRCh38_CMRG_48755	558
GRCh38_CMRG_50470	558
GRCh38_CMRG_52435	558
GRCh38_CMRG_52436	558
GRCh38_CMRG_58288	558
GRCh38_CMRG_60352	558
GRCh38_CMRG_61554	558
GRCh38_CMRG_61555	558
GRCh38_CMRG_6809	558
GRCh38_CMRG_72819	558
GRCh38_CMRG_73170	558
GRCh38_CMRG_13030	557
GRCh38_CMRG_17300	557
GRCh38_CMRG_24876	557
GRCh38_CMRG_29247	557
GRCh38_CMRG_32731	557
GRCh38_CMRG_33529	557
GRCh38_CMRG_33530	557
GRCh38_CMRG_41987	557
GRCh38_CMRG_42345	557
GRCh38_CMRG_51267	557
GRCh38_CMRG_71968	557
GRCh38_CMRG_71969	557
GRCh38_CMRG_72594	557
GRCh38_CMRG_79597	557
GRCh38_CMRG_81698	557
GRCh38_CMRG_9454	557
GRCh38_CMRG_11651	556
GRCh38_CMRG_11763	556
GRCh38_CMRG_13224	556
GRCh38_CMRG_13682	556
GRCh38_CMRG_18275	556
GRCh38_CMRG_2799	556
GRCh38_CMRG_29563	556
GRCh38_CMRG_33568	556
GRCh38_CMRG_38989	556
GRCh38_CMRG_38995	556
GRCh38_CMRG_42421	556
GRCh38_CMRG_45164	556
GRCh38_CMRG_48813	556
GRCh38_CMRG_48944	556
GRCh38_CMRG_48999	556
GRCh38_CMRG_49767	556
GRCh38_CMRG_54496	556
GRCh38_CMRG_59215	556
GRCh38_CMRG_65287	556
GRCh38_CMRG_67238	556
GRCh38_CMRG_71591	556
GRCh38_CMRG_71811	556
GRCh38_CMRG_72270	556
GRCh38_CMRG_80038	556
GRCh38_CMRG_81409	556
GRCh38_CMRG_83276	556
GRCh38_CMRG_8996	556
GRCh38_CMRG_11655	555
GRCh38_CMRG_16616	555
GRCh38_CMRG_17086	555
GRCh38_CMRG_2085	555
GRCh38_CMRG_24492	555
GRCh38_CMRG_32643	555
GRCh38_CMRG_32799	555
GRCh38_CMRG_45182	555
GRCh38_CMRG_48980	555
GRCh38_CMRG_49739	555
GRCh38_CMRG_50367	555
GRCh38_CMRG_58644	555
GRCh38_CMRG_60580	555
GRCh38_CMRG_63300	555
GRCh38_CMRG_65454	555
GRCh38_CMRG_67740	555
GRCh38_CMRG_69400	555
GRCh38_CMRG_7017	555
GRCh38_CMRG_72208	555
GRCh38_CMRG_7359	555
GRCh38_CMRG_7556	555
GRCh38_CMRG_7558	555
GRCh38_CMRG_82501	555
GRCh38_CMRG_83582	555
GRCh38_CMRG_9167	555
GRCh38_CMRG_10846	554
GRCh38_CMRG_110	554
GRCh38_CMRG_1455	554
GRCh38_CMRG_14948	554
GRCh38_CMRG_1805	554
GRCh38_CMRG_18833	554
GRCh38_CMRG_21617	554
GRCh38_CMRG_24493	554
GRCh38_CMRG_32958	554
GRCh38_CMRG_37107	554
GRCh38_CMRG_40169	554
GRCh38_CMRG_52985	554
GRCh38_CMRG_66967	554
GRCh38_CMRG_7757	554
GRCh38_CMRG_81839	554
GRCh38_CMRG_19892	553
GRCh38_CMRG_19898	553
GRCh38_CMRG_23918	553
GRCh38_CMRG_29043	553
GRCh38_CMRG_34584	553
GRCh38_CMRG_40214	553
GRCh38_CMRG_40636	553
GRCh38_CMRG_41419	553
GRCh38_CMRG_415	553
GRCh38_CMRG_70544	553
GRCh38_CMRG_73258	553
GRCh38_CMRG_74947	553
GRCh38_CMRG_76910	553
GRCh38_CMRG_82057	553
GRCh38_CMRG_82620	553
GRCh38_CMRG_83965	553
GRCh38_CMRG_9713	553
GRCh38_CMRG_12568	552
GRCh38_CMRG_19890	552
GRCh38_CMRG_23749	552
GRCh38_CMRG_2589	552
GRCh38_CMRG_29958	552
GRCh38_CMRG_31920	552
GRCh38_CMRG_37938	552
GRCh38_CMRG_39693	552
GRCh38_CMRG_40946	552
GRCh38_CMRG_41757	552
GRCh38_CMRG_59780	552
GRCh38_CMRG_60323	552
GRCh38_CMRG_60438	552
GRCh38_CMRG_62611	552
GRCh38_CMRG_64142	552
GRCh38_CMRG_6846	552
GRCh38_CMRG_72132	552
GRCh38_CMRG_76871	552
GRCh38_CMRG_76920	552
GRCh38_CMRG_77278	552
GRCh38_CMRG_81615	552
GRCh38_CMRG_82289	552
GRCh38_CMRG_833	552
GRCh38_CMRG_83905	552
GRCh38_CMRG_13678	551
GRCh38_CMRG_16916	551
GRCh38_CMRG_17531	551
GRCh38_CMRG_23204	551
GRCh38_CMRG_23205	551
GRCh38_CMRG_31751	551
GRCh38_CMRG_32947	551
GRCh38_CMRG_37939	551
GRCh38_CMRG_40381	551
GRCh38_CMRG_41651	551
GRCh38_CMRG_44090	551
GRCh38_CMRG_45622	551
GRCh38_CMRG_46008	551
GRCh38_CMRG_51461	551
GRCh38_CMRG_54197	551
GRCh38_CMRG_54217	551
GRCh38_CMRG_55788	551
GRCh38_CMRG_58287	551
GRCh38_CMRG_59318	551
GRCh38_CMRG_61643	551
GRCh38_CMRG_68135	551
GRCh38_CMRG_71189	551
GRCh38_CMRG_84440	551
GRCh38_CMRG_13705	550
GRCh38_CMRG_14510	550
GRCh38_CMRG_23468	550
GRCh38_CMRG_23664	550
GRCh38_CMRG_24283	550
GRCh38_CMRG_27687	550
GRCh38_CMRG_33497	550
GRCh38_CMRG_37963	550
GRCh38_CMRG_41123	550
GRCh38_CMRG_45476	550
GRCh38_CMRG_45481	550
GRCh38_CMRG_46206	550
GRCh38_CMRG_50607	550
GRCh38_CMRG_54093	550
GRCh38_CMRG_628	550
GRCh38_CMRG_68079	550
GRCh38_CMRG_69307	550
GRCh38_CMRG_77214	550
GRCh38_CMRG_81729	550
GRCh38_CMRG_82522	550
GRCh38_CMRG_9311	550
GRCh38_CMRG_18394	549
GRCh38_CMRG_18531	549
GRCh38_CMRG_1866	549
GRCh38_CMRG_18847	549
GRCh38_CMRG_24458	549
GRCh38_CMRG_24459	549
GRCh38_CMRG_32115	549
GRCh38_CMRG_32913	549
GRCh38_CMRG_33149	549
GRCh38_CMRG_33571	549
GRCh38_CMRG_40841	549
GRCh38_CMRG_44227	549
GRCh38_CMRG_44930	549
GRCh38_CMRG_46069	549
GRCh38_CMRG_53315	549
GRCh38_CMRG_55586	549
GRCh38_CMRG_60793	549
GRCh38_CMRG_64908	549
GRCh38_CMRG_66968	549
GRCh38_CMRG_68436	549
GRCh38_CMRG_7232	549
GRCh38_CMRG_74436	549
GRCh38_CMRG_74735	549
GRCh38_CMRG_7919	549
GRCh38_CMRG_82074	549
GRCh38_CMRG_84127	549
GRCh38_CMRG_9466	549
GRCh38_CMRG_10512	548
GRCh38_CMRG_16527	548
GRCh38_CMRG_16528	548
GRCh38_CMRG_2157	548
GRCh38_CMRG_25068	548
GRCh38_CMRG_26799	548
GRCh38_CMRG_27444	548
GRCh38_CMRG_28696	548
GRCh38_CMRG_33022	548
GRCh38_CMRG_35688	548
GRCh38_CMRG_37893	548
GRCh38_CMRG_40157	548
GRCh38_CMRG_45742	548
GRCh38_CMRG_45960	548
GRCh38_CMRG_48406	548
GRCh38_CMRG_48718	548
GRCh38_CMRG_50394	548
GRCh38_CMRG_53739	548
GRCh38_CMRG_54060	548
GRCh38_CMRG_59814	548
GRCh38_CMRG_60136	548
GRCh38_CMRG_60304	548
GRCh38_CMRG_60369	548
GRCh38_CMRG_61076	548
GRCh38_CMRG_70569	548
GRCh38_CMRG_70799	548
GRCh38_CMRG_72831	548
GRCh38_CMRG_72832	548
GRCh38_CMRG_74715	548
GRCh38_CMRG_75536	548
GRCh38_CMRG_75537	548
GRCh38_CMRG_7663	548
GRCh38_CMRG_7984	548
GRCh38_CMRG_19987	547
GRCh38_CMRG_22444	547
GRCh38_CMRG_22748	547
GRCh38_CMRG_22944	547
GRCh38_CMRG_32159	547
GRCh38_CMRG_38073	547
GRCh38_CMRG_40121	547
GRCh38_CMRG_40122	547
GRCh38_CMRG_54135	547
GRCh38_CMRG_58746	547
GRCh38_CMRG_59663	547
GRCh38_CMRG_61347	547
GRCh38_CMRG_64358	547
GRCh38_CMRG_64869	547
GRCh38_CMRG_65074	547
GRCh38_CMRG_69426	547
GRCh38_CMRG_70693	547
GRCh38_CMRG_72120	547
GRCh38_CMRG_77400	547
GRCh38_CMRG_13219	546
GRCh38_CMRG_19148	546
GRCh38_CMRG_24177	546
GRCh38_CMRG_37402	546
GRCh38_CMRG_37844	546
GRCh38_CMRG_39168	546
GRCh38_CMRG_41784	546
GRCh38_CMRG_49474	546
GRCh38_CMRG_54618	546
GRCh38_CMRG_59618	546
GRCh38_CMRG_61967	546
GRCh38_CMRG_69375	546
GRCh38_CMRG_75094	546
GRCh38_CMRG_75095	546
GRCh38_CMRG_14592	545
GRCh38_CMRG_14593	545
GRCh38_CMRG_18256	545
GRCh38_CMRG_23495	545
GRCh38_CMRG_24918	545
GRCh38_CMRG_27571	545
GRCh38_CMRG_28109	545
GRCh38_CMRG_31533	545
GRCh38_CMRG_33621	545
GRCh38_CMRG_37381	545
GRCh38_CMRG_37403	545
GRCh38_CMRG_41018	545
GRCh38_CMRG_41807	545
GRCh38_CMRG_44940	545
GRCh38_CMRG_45594	545
GRCh38_CMRG_52786	545
GRCh38_CMRG_54070	545
GRCh38_CMRG_55022	545
GRCh38_CMRG_62031	545
GRCh38_CMRG_68459	545
GRCh38_CMRG_68553	545
GRCh38_CMRG_83618	545
GRCh38_CMRG_11628	544
GRCh38_CMRG_23230	544
GRCh38_CMRG_24577	544
GRCh38_CMRG_25902	544
GRCh38_CMRG_26651	544
GRCh38_CMRG_35788	544
GRCh38_CMRG_37922	544
GRCh38_CMRG_45188	544
GRCh38_CMRG_50140	544
GRCh38_CMRG_61454	544
GRCh38_CMRG_62011	544
GRCh38_CMRG_72459	544
GRCh38_CMRG_7731	544
GRCh38_CMRG_78862	544
GRCh38_CMRG_79977	544
GRCh38_CMRG_10972	543
GRCh38_CMRG_12311	543
GRCh38_CMRG_13675	543
GRCh38_CMRG_16656	543
GRCh38_CMRG_23921	543
GRCh38_CMRG_26288	543
GRCh38_CMRG_27893	543
GRCh38_CMRG_48137	543
GRCh38_CMRG_53667	543
GRCh38_CMRG_58706	543
GRCh38_CMRG_72315	543
GRCh38_CMRG_78946	543
GRCh38_CMRG_80042	543
GRCh38_CMRG_80840	543
GRCh38_CMRG_8524	543
GRCh38_CMRG_11836	542
GRCh38_CMRG_12422	542
GRCh38_CMRG_15610	542
GRCh38_CMRG_17603	542
GRCh38_CMRG_27718	542
GRCh38_CMRG_33231	542
GRCh38_CMRG_36150	542
GRCh38_CMRG_36859	542
GRCh38_CMRG_37410	542
GRCh38_CMRG_53911	542
GRCh38_CMRG_54079	542
GRCh38_CMRG_54192	542
GRCh38_CMRG_54193	542
GRCh38_CMRG_60143	542
GRCh38_CMRG_61603	542
GRCh38_CMRG_63327	542
GRCh38_CMRG_7018	542
GRCh38_CMRG_73116	542
GRCh38_CMRG_8008	542
GRCh38_CMRG_81232	542
GRCh38_CMRG_8184	542
GRCh38_CMRG_82223	542
GRCh38_CMRG_13444	541
GRCh38_CMRG_14489	541
GRCh38_CMRG_19590	541
GRCh38_CMRG_26852	541
GRCh38_CMRG_41265	541
GRCh38_CMRG_416	541
GRCh38_CMRG_47621	541
GRCh38_CMRG_47907	541
GRCh38_CMRG_50609	541
GRCh38_CMRG_61668	541
GRCh38_CMRG_62018	541
GRCh38_CMRG_63717	541
GRCh38_CMRG_64375	541
GRCh38_CMRG_68356	541
GRCh38_CMRG_72494	541
GRCh38_CMRG_7563	541
GRCh38_CMRG_77681	541
GRCh38_CMRG_83968	541
GRCh38_CMRG_12921	540
GRCh38_CMRG_13368	540
GRCh38_CMRG_14491	540
GRCh38_CMRG_16948	540
GRCh38_CMRG_26535	540
GRCh38_CMRG_34586	540
GRCh38_CMRG_36003	540
GRCh38_CMRG_37970	540
GRCh38_CMRG_41324	540
GRCh38_CMRG_43915	540
GRCh38_CMRG_44369	540
GRCh38_CMRG_44738	540
GRCh38_CMRG_62539	540
GRCh38_CMRG_68028	540
GRCh38_CMRG_72365	540
GRCh38_CMRG_72913	540
GRCh38_CMRG_82093	540
GRCh38_CMRG_9380	540
GRCh38_CMRG_13585	539
GRCh38_CMRG_14865	539
GRCh38_CMRG_18752	539
GRCh38_CMRG_20939	539
GRCh38_CMRG_21491	539
GRCh38_CMRG_23342	539
GRCh38_CMRG_36001	539
GRCh38_CMRG_36638	539
GRCh38_CMRG_41486	539
GRCh38_CMRG_41825	539
GRCh38_CMRG_41826	539
GRCh38_CMRG_45464	539
GRCh38_CMRG_47256	539
GRCh38_CMRG_49799	539
GRCh38_CMRG_50109	539
GRCh38_CMRG_53284	539
GRCh38_CMRG_59189	539
GRCh38_CMRG_59190	539
GRCh38_CMRG_60062	539
GRCh38_CMRG_74093	539
GRCh38_CMRG_77212	539
GRCh38_CMRG_8187	539
GRCh38_CMRG_83370	539
GRCh38_CMRG_10876	538
GRCh38_CMRG_14518	538
GRCh38_CMRG_14520	538
GRCh38_CMRG_16614	538
GRCh38_CMRG_28468	538
GRCh38_CMRG_29258	538
GRCh38_CMRG_30649	538
GRCh38_CMRG_37146	538
GRCh38_CMRG_38949	538
GRCh38_CMRG_41136	538
GRCh38_CMRG_42378	538
GRCh38_CMRG_45471	538
GRCh38_CMRG_45543	538
GRCh38_CMRG_45706	538
GRCh38_CMRG_59660	538
GRCh38_CMRG_65766	538
GRCh38_CMRG_74683	538
GRCh38_CMRG_7543	538
GRCh38_CMRG_77094	538
GRCh38_CMRG_7774	538
GRCh38_CMRG_8210	538
GRCh38_CMRG_82665	538
GRCh38_CMRG_84541	538
GRCh38_CMRG_11209	537
GRCh38_CMRG_13096	537
GRCh38_CMRG_23398	537
GRCh38_CMRG_2389	537
GRCh38_CMRG_26088	537
GRCh38_CMRG_28111	537
GRCh38_CMRG_28538	537
GRCh38_CMRG_29564	537
GRCh38_CMRG_30900	537
GRCh38_CMRG_33459	537
GRCh38_CMRG_33736	537
GRCh38_CMRG_44777	537
GRCh38_CMRG_44931	537
GRCh38_CMRG_47466	537
GRCh38_CMRG_52937	537
GRCh38_CMRG_58134	537
GRCh38_CMRG_58362	537
GRCh38_CMRG_62483	537
GRCh38_CMRG_68592	537
GRCh38_CMRG_68991	537
GRCh38_CMRG_70999	537
GRCh38_CMRG_7429	537
GRCh38_CMRG_7550	537
GRCh38_CMRG_8011	537
GRCh38_CMRG_83398	537
GRCh38_CMRG_84342	537
GRCh38_CMRG_12668	536
GRCh38_CMRG_13610	536
GRCh38_CMRG_17043	536
GRCh38_CMRG_21714	536
GRCh38_CMRG_23460	536
GRCh38_CMRG_24419	536
GRCh38_CMRG_24775	536
GRCh38_CMRG_28308	536
GRCh38_CMRG_28490	536
GRCh38_CMRG_29102	536
GRCh38_CMRG_38355	536
GRCh38_CMRG_47061	536
GRCh38_CMRG_47548	536
GRCh38_CMRG_49102	536
GRCh38_CMRG_51957	536
GRCh38_CMRG_54884	536
GRCh38_CMRG_54885	536
GRCh38_CMRG_5851	536
GRCh38_CMRG_60144	536
GRCh38_CMRG_60368	536
GRCh38_CMRG_6125	536
GRCh38_CMRG_62021	536
GRCh38_CMRG_7824	536
GRCh38_CMRG_82783	536
GRCh38_CMRG_17778	535
GRCh38_CMRG_25219	535
GRCh38_CMRG_30605	535
GRCh38_CMRG_31632	535
GRCh38_CMRG_32083	535
GRCh38_CMRG_34107	535
GRCh38_CMRG_46383	535
GRCh38_CMRG_50560	535
GRCh38_CMRG_51678	535
GRCh38_CMRG_51796	535
GRCh38_CMRG_54174	535
GRCh38_CMRG_61585	535
GRCh38_CMRG_65569	535
GRCh38_CMRG_70852	535
GRCh38_CMRG_73196	535
GRCh38_CMRG_74532	535
GRCh38_CMRG_75705	535
GRCh38_CMRG_82840	535
GRCh38_CMRG_84553	535
GRCh38_CMRG_11069	534
GRCh38_CMRG_11070	534
GRCh38_CMRG_13683	534
GRCh38_CMRG_19634	534
GRCh38_CMRG_23218	534
GRCh38_CMRG_28304	534
GRCh38_CMRG_29793	534
GRCh38_CMRG_32158	534
GRCh38_CMRG_35819	534
GRCh38_CMRG_37445	534
GRCh38_CMRG_40794	534
GRCh38_CMRG_44947	534
GRCh38_CMRG_48595	534
GRCh38_CMRG_48920	534
GRCh38_CMRG_50395	534
GRCh38_CMRG_52194	534
GRCh38_CMRG_54363	534
GRCh38_CMRG_60135	534
GRCh38_CMRG_68880	534
GRCh38_CMRG_6919	534
GRCh38_CMRG_76978	534
GRCh38_CMRG_77419	534
GRCh38_CMRG_78997	534
GRCh38_CMRG_8627	534
GRCh38_CMRG_17090	533
GRCh38_CMRG_17350	533
GRCh38_CMRG_18990	533
GRCh38_CMRG_22330	533
GRCh38_CMRG_22331	533
GRCh38_CMRG_28038	533
GRCh38_CMRG_30044	533
GRCh38_CMRG_41400	533
GRCh38_CMRG_44901	533
GRCh38_CMRG_51539	533
GRCh38_CMRG_55241	533
GRCh38_CMRG_5930	533
GRCh38_CMRG_60575	533
GRCh38_CMRG_62503	533
GRCh38_CMRG_67237	533
GRCh38_CMRG_6827	533
GRCh38_CMRG_69866	533
GRCh38_CMRG_72373	533
GRCh38_CMRG_72398	533
GRCh38_CMRG_72485	533
GRCh38_CMRG_82576	533
GRCh38_CMRG_82621	533
GRCh38_CMRG_9615	533
GRCh38_CMRG_13656	532
GRCh38_CMRG_15085	532
GRCh38_CMRG_15481	532
GRCh38_CMRG_17528	532
GRCh38_CMRG_23760	532
GRCh38_CMRG_2846	532
GRCh38_CMRG_28511	532
GRCh38_CMRG_38168	532
GRCh38_CMRG_40496	532
GRCh38_CMRG_47257	532
GRCh38_CMRG_47585	532
GRCh38_CMRG_51917	532
GRCh38_CMRG_52352	532
GRCh38_CMRG_52601	532
GRCh38_CMRG_62002	532
GRCh38_CMRG_65936	532
GRCh38_CMRG_65937	532
GRCh38_CMRG_72763	532
GRCh38_CMRG_73402	532
GRCh38_CMRG_7932	532
GRCh38_CMRG_79680	532
GRCh38_CMRG_79963	532
GRCh38_CMRG_9283	532
GRCh38_CMRG_13152	531
GRCh38_CMRG_15015	531
GRCh38_CMRG_1596	531
GRCh38_CMRG_19004	531
GRCh38_CMRG_19101	531
GRCh38_CMRG_23400	531
GRCh38_CMRG_31298	531
GRCh38_CMRG_34575	531
GRCh38_CMRG_35757	531
GRCh38_CMRG_39148	531
GRCh38_CMRG_45502	531
GRCh38_CMRG_51691	531
GRCh38_CMRG_52570	531
GRCh38_CMRG_53126	531
GRCh38_CMRG_55500	531
GRCh38_CMRG_55604	531
GRCh38_CMRG_58240	531
GRCh38_CMRG_59923	531
GRCh38_CMRG_66035	531
GRCh38_CMRG_67947	531
GRCh38_CMRG_71598	531
GRCh38_CMRG_77012	531
GRCh38_CMRG_77486	531
GRCh38_CMRG_77512	531
GRCh38_CMRG_79679	531
GRCh38_CMRG_82616	531
GRCh38_CMRG_19111	530
GRCh38_CMRG_27547	530
GRCh38_CMRG_27925	530
GRCh38_CMRG_29259	530
GRCh38_CMRG_38415	530
GRCh38_CMRG_45596	530
GRCh38_CMRG_46385	530
GRCh38_CMRG_46386	530
GRCh38_CMRG_49083	530
GRCh38_CMRG_53515	530
GRCh38_CMRG_53972	530
GRCh38_CMRG_59608	530
GRCh38_CMRG_61970	530
GRCh38_CMRG_65486	530
GRCh38_CMRG_70743	530
GRCh38_CMRG_74423	530
GRCh38_CMRG_83257	530
GRCh38_CMRG_83637	530
GRCh38_CMRG_1178	529
GRCh38_CMRG_1899	529
GRCh38_CMRG_19054	529
GRCh38_CMRG_19326	529
GRCh38_CMRG_33177	529
GRCh38_CMRG_48339	529
GRCh38_CMRG_48877	529
GRCh38_CMRG_48954	529
GRCh38_CMRG_52544	529
GRCh38_CMRG_53695	529
GRCh38_CMRG_63500	529
GRCh38_CMRG_65618	529
GRCh38_CMRG_69584	529
GRCh38_CMRG_71361	529
GRCh38_CMRG_73761	529
GRCh38_CMRG_74490	529
GRCh38_CMRG_75225	529
GRCh38_CMRG_78861	529
GRCh38_CMRG_78961	529
GRCh38_CMRG_81568	529
GRCh38_CMRG_10555	528
GRCh38_CMRG_1126	528
GRCh38_CMRG_18025	528
GRCh38_CMRG_21463	528
GRCh38_CMRG_36217	528
GRCh38_CMRG_40273	528
GRCh38_CMRG_44527	528
GRCh38_CMRG_51044	528
GRCh38_CMRG_52316	528
GRCh38_CMRG_52659	528
GRCh38_CMRG_54365	528
GRCh38_CMRG_55272	528
GRCh38_CMRG_5957	528
GRCh38_CMRG_64151	528
GRCh38_CMRG_64849	528
GRCh38_CMRG_68171	528
GRCh38_CMRG_69026	528
GRCh38_CMRG_77002	528
GRCh38_CMRG_83975	528
GRCh38_CMRG_12925	527
GRCh38_CMRG_18556	527
GRCh38_CMRG_19320	527
GRCh38_CMRG_19321	527
GRCh38_CMRG_2855	527
GRCh38_CMRG_38221	527
GRCh38_CMRG_41202	527
GRCh38_CMRG_44098	527
GRCh38_CMRG_51528	527
GRCh38_CMRG_64148	527
GRCh38_CMRG_70191	527
GRCh38_CMRG_73393	527
GRCh38_CMRG_7431	527
GRCh38_CMRG_77158	527
GRCh38_CMRG_79882	527
GRCh38_CMRG_11920	526
GRCh38_CMRG_14142	526
GRCh38_CMRG_16911	526
GRCh38_CMRG_19479	526
GRCh38_CMRG_19482	526
GRCh38_CMRG_22397	526
GRCh38_CMRG_24330	526
GRCh38_CMRG_28050	526
GRCh38_CMRG_28520	526
GRCh38_CMRG_31385	526
GRCh38_CMRG_33726	526
GRCh38_CMRG_37743	526
GRCh38_CMRG_41728	526
GRCh38_CMRG_41749	526
GRCh38_CMRG_47618	526
GRCh38_CMRG_47619	526
GRCh38_CMRG_48014	526
GRCh38_CMRG_49295	526
GRCh38_CMRG_50181	526
GRCh38_CMRG_54040	526
GRCh38_CMRG_54635	526
GRCh38_CMRG_62098	526
GRCh38_CMRG_65180	526
GRCh38_CMRG_67513	526
GRCh38_CMRG_8581	526
GRCh38_CMRG_9389	526
GRCh38_CMRG_15044	525
GRCh38_CMRG_24303	525
GRCh38_CMRG_24322	525
GRCh38_CMRG_27743	525
GRCh38_CMRG_27770	525
GRCh38_CMRG_28096	525
GRCh38_CMRG_30896	525
GRCh38_CMRG_31192	525
GRCh38_CMRG_37565	525
GRCh38_CMRG_38629	525
GRCh38_CMRG_38983	525
GRCh38_CMRG_40478	525
GRCh38_CMRG_40479	525
GRCh38_CMRG_49063	525
GRCh38_CMRG_53944	525
GRCh38_CMRG_54802	525
GRCh38_CMRG_62591	525
GRCh38_CMRG_72839	525
GRCh38_CMRG_81417	525
GRCh38_CMRG_81730	525
GRCh38_CMRG_17204	524
GRCh38_CMRG_17900	524
GRCh38_CMRG_17901	524
GRCh38_CMRG_20881	524
GRCh38_CMRG_29728	524
GRCh38_CMRG_31519	524
GRCh38_CMRG_31939	524
GRCh38_CMRG_32193	524
GRCh38_CMRG_32651	524
GRCh38_CMRG_39416	524
GRCh38_CMRG_40078	524
GRCh38_CMRG_43796	524
GRCh38_CMRG_49064	524
GRCh38_CMRG_55490	524
GRCh38_CMRG_58837	524
GRCh38_CMRG_59208	524
GRCh38_CMRG_68038	524
GRCh38_CMRG_72490	524
GRCh38_CMRG_72587	524
GRCh38_CMRG_74986	524
GRCh38_CMRG_7741	524
GRCh38_CMRG_77484	524
GRCh38_CMRG_77612	524
GRCh38_CMRG_81014	524
GRCh38_CMRG_81618	524
GRCh38_CMRG_14511	523
GRCh38_CMRG_1697	523
GRCh38_CMRG_24552	523
GRCh38_CMRG_40628	523
GRCh38_CMRG_41580	523
GRCh38_CMRG_41590	523
GRCh38_CMRG_48476	523
GRCh38_CMRG_48894	523
GRCh38_CMRG_55846	523
GRCh38_CMRG_61457	523
GRCh38_CMRG_62407	523
GRCh38_CMRG_6893	523
GRCh38_CMRG_69304	523
GRCh38_CMRG_73793	523
GRCh38_CMRG_74596	523
GRCh38_CMRG_7878	523
GRCh38_CMRG_83199	523
GRCh38_CMRG_11420	522
GRCh38_CMRG_13036	522
GRCh38_CMRG_13406	522
GRCh38_CMRG_16849	522
GRCh38_CMRG_18568	522
GRCh38_CMRG_21834	522
GRCh38_CMRG_24315	522
GRCh38_CMRG_26452	522
GRCh38_CMRG_26830	522
GRCh38_CMRG_34103	522
GRCh38_CMRG_45980	522
GRCh38_CMRG_46357	522
GRCh38_CMRG_48816	522
GRCh38_CMRG_60188	522
GRCh38_CMRG_60189	522
GRCh38_CMRG_64035	522
GRCh38_CMRG_68467	522
GRCh38_CMRG_69963	522
GRCh38_CMRG_7144	522
GRCh38_CMRG_75132	522
GRCh38_CMRG_77276	522
GRCh38_CMRG_7750	522
GRCh38_CMRG_77697	522
GRCh38_CMRG_78903	522
GRCh38_CMRG_81897	522
GRCh38_CMRG_82408	522
GRCh38_CMRG_11521	521
GRCh38_CMRG_16754	521
GRCh38_CMRG_18413	521
GRCh38_CMRG_22842	521
GRCh38_CMRG_23463	521
GRCh38_CMRG_31520	521
GRCh38_CMRG_32533	521
GRCh38_CMRG_37306	521
GRCh38_CMRG_38191	521
GRCh38_CMRG_46289	521
GRCh38_CMRG_46539	521
GRCh38_CMRG_50382	521
GRCh38_CMRG_55136	521
GRCh38_CMRG_60063	521
GRCh38_CMRG_60412	521
GRCh38_CMRG_6234	521
GRCh38_CMRG_65972	521
GRCh38_CMRG_71433	521
GRCh38_CMRG_72731	521
GRCh38_CMRG_72940	521
GRCh38_CMRG_75142	521
GRCh38_CMRG_76464	521
GRCh38_CMRG_84483	521
GRCh38_CMRG_1173	520
GRCh38_CMRG_13245	520
GRCh38_CMRG_17936	520
GRCh38_CMRG_2856	520
GRCh38_CMRG_36147	520
GRCh38_CMRG_43723	520
GRCh38_CMRG_46190	520
GRCh38_CMRG_47603	520
GRCh38_CMRG_47604	520
GRCh38_CMRG_67216	520
GRCh38_CMRG_67898	520
GRCh38_CMRG_70368	520
GRCh38_CMRG_81639	520
GRCh38_CMRG_82423	520
GRCh38_CMRG_83196	520
GRCh38_CMRG_19605	519
GRCh38_CMRG_23457	519
GRCh38_CMRG_24745	519
GRCh38_CMRG_25269	519
GRCh38_CMRG_27199	519
GRCh38_CMRG_29170	519
GRCh38_CMRG_32583	519
GRCh38_CMRG_33360	519
GRCh38_CMRG_36338	519
GRCh38_CMRG_38429	519
GRCh38_CMRG_41088	519
GRCh38_CMRG_44239	519
GRCh38_CMRG_44240	519
GRCh38_CMRG_48787	519
GRCh38_CMRG_52111	519
GRCh38_CMRG_52995	519
GRCh38_CMRG_53074	519
GRCh38_CMRG_54092	519
GRCh38_CMRG_55624	519
GRCh38_CMRG_61352	519
GRCh38_CMRG_64627	519
GRCh38_CMRG_67428	519
GRCh38_CMRG_73542	519
GRCh38_CMRG_76982	519
GRCh38_CMRG_83800	519
GRCh38_CMRG_10591	518
GRCh38_CMRG_13704	518
GRCh38_CMRG_17758	518
GRCh38_CMRG_20893	518
GRCh38_CMRG_22042	518
GRCh38_CMRG_32239	518
GRCh38_CMRG_33318	518
GRCh38_CMRG_36279	518
GRCh38_CMRG_37545	518
GRCh38_CMRG_37908	518
GRCh38_CMRG_38761	518
GRCh38_CMRG_41451	518
GRCh38_CMRG_48037	518
GRCh38_CMRG_48640	518
GRCh38_CMRG_53855	518
GRCh38_CMRG_64306	518
GRCh38_CMRG_65530	518
GRCh38_CMRG_67427	518
GRCh38_CMRG_72158	518
GRCh38_CMRG_7331	518
GRCh38_CMRG_75391	518
GRCh38_CMRG_75583	518
GRCh38_CMRG_9379	518
GRCh38_CMRG_14542	517
GRCh38_CMRG_17292	517
GRCh38_CMRG_17465	517
GRCh38_CMRG_22573	517
GRCh38_CMRG_23903	517
GRCh38_CMRG_29540	517
GRCh38_CMRG_29869	517
GRCh38_CMRG_33078	517
GRCh38_CMRG_44192	517
GRCh38_CMRG_48902	517
GRCh38_CMRG_49488	517
GRCh38_CMRG_55023	517
GRCh38_CMRG_67746	517
GRCh38_CMRG_7474	517
GRCh38_CMRG_75349	517
GRCh38_CMRG_75647	517
GRCh38_CMRG_79885	517
GRCh38_CMRG_11340	516
GRCh38_CMRG_12736	516
GRCh38_CMRG_13805	516
GRCh38_CMRG_19769	516
GRCh38_CMRG_27981	516
GRCh38_CMRG_31223	516
GRCh38_CMRG_31832	516
GRCh38_CMRG_37515	516
GRCh38_CMRG_37791	516
GRCh38_CMRG_38985	516
GRCh38_CMRG_41512	516
GRCh38_CMRG_41920	516
GRCh38_CMRG_438	516
GRCh38_CMRG_44187	516
GRCh38_CMRG_44347	516
GRCh38_CMRG_45570	516
GRCh38_CMRG_47235	516
GRCh38_CMRG_50537	516
GRCh38_CMRG_54167	516
GRCh38_CMRG_59960	516
GRCh38_CMRG_61252	516
GRCh38_CMRG_64198	516
GRCh38_CMRG_64823	516
GRCh38_CMRG_68636	516
GRCh38_CMRG_74571	516
GRCh38_CMRG_75382	516
GRCh38_CMRG_77016	516
GRCh38_CMRG_77479	516
GRCh38_CMRG_79931	516
GRCh38_CMRG_80825	516
GRCh38_CMRG_83168	516
GRCh38_CMRG_9684	516
GRCh38_CMRG_9685	516
GRCh38_CMRG_11808	515
GRCh38_CMRG_13804	515
GRCh38_CMRG_15456	515
GRCh38_CMRG_15457	515
GRCh38_CMRG_16697	515
GRCh38_CMRG_17691	515
GRCh38_CMRG_24888	515
GRCh38_CMRG_27982	515
GRCh38_CMRG_34108	515
GRCh38_CMRG_37923	515
GRCh38_CMRG_38943	515
GRCh38_CMRG_41007	515
GRCh38_CMRG_43750	515
GRCh38_CMRG_43751	515
GRCh38_CMRG_49556	515
GRCh38_CMRG_52248	515
GRCh38_CMRG_555	515
GRCh38_CMRG_59365	515
GRCh38_CMRG_59375	515
GRCh38_CMRG_61226	515
GRCh38_CMRG_72760	515
GRCh38_CMRG_10838	514
GRCh38_CMRG_13565	514
GRCh38_CMRG_13566	514
GRCh38_CMRG_19768	514
GRCh38_CMRG_27422	514
GRCh38_CMRG_40311	514
GRCh38_CMRG_48536	514
GRCh38_CMRG_48907	514
GRCh38_CMRG_52300	514
GRCh38_CMRG_52771	514
GRCh38_CMRG_53141	514
GRCh38_CMRG_54046	514
GRCh38_CMRG_54732	514
GRCh38_CMRG_61193	514
GRCh38_CMRG_63307	514
GRCh38_CMRG_64489	514
GRCh38_CMRG_67911	514
GRCh38_CMRG_70969	514
GRCh38_CMRG_73212	514
GRCh38_CMRG_8924	514
GRCh38_CMRG_14942	513
GRCh38_CMRG_1603	513
GRCh38_CMRG_19889	513
GRCh38_CMRG_22158	513
GRCh38_CMRG_25162	513
GRCh38_CMRG_32040	513
GRCh38_CMRG_37811	513
GRCh38_CMRG_45566	513
GRCh38_CMRG_50493	513
GRCh38_CMRG_52478	513
GRCh38_CMRG_53951	513
GRCh38_CMRG_59216	513
GRCh38_CMRG_61658	513
GRCh38_CMRG_63799	513
GRCh38_CMRG_6486	513
GRCh38_CMRG_64931	513
GRCh38_CMRG_65619	513
GRCh38_CMRG_70457	513
GRCh38_CMRG_71396	513
GRCh38_CMRG_72820	513
GRCh38_CMRG_7593	513
GRCh38_CMRG_9472	513
GRCh38_CMRG_21902	512
GRCh38_CMRG_28008	512
GRCh38_CMRG_32356	512
GRCh38_CMRG_33562	512
GRCh38_CMRG_36219	512
GRCh38_CMRG_38511	512
GRCh38_CMRG_40878	512
GRCh38_CMRG_41210	512
GRCh38_CMRG_46165	512
GRCh38_CMRG_48897	512
GRCh38_CMRG_55623	512
GRCh38_CMRG_58443	512
GRCh38_CMRG_61103	512
GRCh38_CMRG_67956	512
GRCh38_CMRG_68997	512
GRCh38_CMRG_68998	512
GRCh38_CMRG_71866	512
GRCh38_CMRG_82589	512
GRCh38_CMRG_8275	512
GRCh38_CMRG_23811	511
GRCh38_CMRG_26585	511
GRCh38_CMRG_27510	511
GRCh38_CMRG_30833	511
GRCh38_CMRG_41503	511
GRCh38_CMRG_43703	511
GRCh38_CMRG_45081	511
GRCh38_CMRG_49869	511
GRCh38_CMRG_5951	511
GRCh38_CMRG_60954	511
GRCh38_CMRG_61429	511
GRCh38_CMRG_64478	511
GRCh38_CMRG_66084	511
GRCh38_CMRG_68033	511
GRCh38_CMRG_75361	511
GRCh38_CMRG_82441	511
GRCh38_CMRG_82678	511
GRCh38_CMRG_12991	510
GRCh38_CMRG_13631	510
GRCh38_CMRG_15003	510
GRCh38_CMRG_16571	510
GRCh38_CMRG_28222	510
GRCh38_CMRG_38320	510
GRCh38_CMRG_49740	510
GRCh38_CMRG_51534	510
GRCh38_CMRG_52395	510
GRCh38_CMRG_59716	510
GRCh38_CMRG_59772	510
GRCh38_CMRG_62092	510
GRCh38_CMRG_67144	510
GRCh38_CMRG_67642	510
GRCh38_CMRG_79210	510
GRCh38_CMRG_8302	510
GRCh38_CMRG_83660	510
GRCh38_CMRG_9525	510
GRCh38_CMRG_19521	509
GRCh38_CMRG_21077	509
GRCh38_CMRG_28988	509
GRCh38_CMRG_33344	509
GRCh38_CMRG_38672	509
GRCh38_CMRG_53738	509
GRCh38_CMRG_54725	509
GRCh38_CMRG_58514	509
GRCh38_CMRG_59462	509
GRCh38_CMRG_64704	509
GRCh38_CMRG_67142	509
GRCh38_CMRG_67448	509
GRCh38_CMRG_68453	509
GRCh38_CMRG_69059	509
GRCh38_CMRG_70644	509
GRCh38_CMRG_7307	509
GRCh38_CMRG_74921	509
GRCh38_CMRG_80841	509
GRCh38_CMRG_82427	509
GRCh38_CMRG_83434	509
GRCh38_CMRG_18730	508
GRCh38_CMRG_22381	508
GRCh38_CMRG_24409	508
GRCh38_CMRG_25226	508
GRCh38_CMRG_26914	508
GRCh38_CMRG_30880	508
GRCh38_CMRG_31384	508
GRCh38_CMRG_31670	508
GRCh38_CMRG_35823	508
GRCh38_CMRG_37113	508
GRCh38_CMRG_40453	508
GRCh38_CMRG_43659	508
GRCh38_CMRG_49449	508
GRCh38_CMRG_50122	508
GRCh38_CMRG_52835	508
GRCh38_CMRG_67741	508
GRCh38_CMRG_6887	508
GRCh38_CMRG_77545	508
GRCh38_CMRG_7825	508
GRCh38_CMRG_81899	508
GRCh38_CMRG_82176	508
GRCh38_CMRG_83265	508
GRCh38_CMRG_14126	507
GRCh38_CMRG_18583	507
GRCh38_CMRG_21244	507
GRCh38_CMRG_21351	507
GRCh38_CMRG_2196	507
GRCh38_CMRG_2671	507
GRCh38_CMRG_2732	507
GRCh38_CMRG_37098	507
GRCh38_CMRG_38767	507
GRCh38_CMRG_41804	507
GRCh38_CMRG_41872	507
GRCh38_CMRG_47434	507
GRCh38_CMRG_71802	507
GRCh38_CMRG_7738	507
GRCh38_CMRG_77552	507
GRCh38_CMRG_81770	507
GRCh38_CMRG_82495	507
GRCh38_CMRG_83666	507
GRCh38_CMRG_1633	506
GRCh38_CMRG_23753	506
GRCh38_CMRG_28283	506
GRCh38_CMRG_32028	506
GRCh38_CMRG_36558	506
GRCh38_CMRG_36738	506
GRCh38_CMRG_38370	506
GRCh38_CMRG_40398	506
GRCh38_CMRG_44122	506
GRCh38_CMRG_46086	506
GRCh38_CMRG_49809	506
GRCh38_CMRG_51235	506
GRCh38_CMRG_59894	506
GRCh38_CMRG_64815	506
GRCh38_CMRG_79180	506
GRCh38_CMRG_821	506
GRCh38_CMRG_82424	506
GRCh38_CMRG_1632	505
GRCh38_CMRG_19773	505
GRCh38_CMRG_21138	505
GRCh38_CMRG_22675	505
GRCh38_CMRG_24010	505
GRCh38_CMRG_24617	505
GRCh38_CMRG_29348	505
GRCh38_CMRG_29349	505
GRCh38_CMRG_30897	505
GRCh38_CMRG_31895	505
GRCh38_CMRG_35658	505
GRCh38_CMRG_39574	505
GRCh38_CMRG_52928	505
GRCh38_CMRG_5958	505
GRCh38_CMRG_67449	505
GRCh38_CMRG_67664	505
GRCh38_CMRG_7589	505
GRCh38_CMRG_7927	505
GRCh38_CMRG_81221	505
GRCh38_CMRG_83977	505
GRCh38_CMRG_15331	504
GRCh38_CMRG_17659	504
GRCh38_CMRG_26574	504
GRCh38_CMRG_33808	504
GRCh38_CMRG_40385	504
GRCh38_CMRG_45933	504
GRCh38_CMRG_47872	504
GRCh38_CMRG_52051	504
GRCh38_CMRG_53937	504
GRCh38_CMRG_54864	504
GRCh38_CMRG_58496	504
GRCh38_CMRG_5993	504
GRCh38_CMRG_60107	504
GRCh38_CMRG_64851	504
GRCh38_CMRG_68139	504
GRCh38_CMRG_6931	504
GRCh38_CMRG_70225	504
GRCh38_CMRG_72109	504
GRCh38_CMRG_83620	504
GRCh38_CMRG_83983	504
GRCh38_CMRG_12872	503
GRCh38_CMRG_12873	503
GRCh38_CMRG_13187	503
GRCh38_CMRG_13369	503
GRCh38_CMRG_13560	503
GRCh38_CMRG_1360	503
GRCh38_CMRG_17301	503
GRCh38_CMRG_18701	503
GRCh38_CMRG_19424	503
GRCh38_CMRG_21894	503
GRCh38_CMRG_23079	503
GRCh38_CMRG_28039	503
GRCh38_CMRG_28565	503
GRCh38_CMRG_32297	503
GRCh38_CMRG_36607	503
GRCh38_CMRG_38123	503
GRCh38_CMRG_41848	503
GRCh38_CMRG_41849	503
GRCh38_CMRG_49377	503
GRCh38_CMRG_49451	503
GRCh38_CMRG_53096	503
GRCh38_CMRG_55667	503
GRCh38_CMRG_58466	503
GRCh38_CMRG_59753	503
GRCh38_CMRG_62600	503
GRCh38_CMRG_69657	503
GRCh38_CMRG_69658	503
GRCh38_CMRG_73864	503
GRCh38_CMRG_74674	503
GRCh38_CMRG_81809	503
GRCh38_CMRG_8751	503
GRCh38_CMRG_8951	503
GRCh38_CMRG_9008	503
GRCh38_CMRG_1462	502
GRCh38_CMRG_1463	502
GRCh38_CMRG_16988	502
GRCh38_CMRG_19110	502
GRCh38_CMRG_21268	502
GRCh38_CMRG_26928	502
GRCh38_CMRG_31963	502
GRCh38_CMRG_37349	502
GRCh38_CMRG_38135	502
GRCh38_CMRG_38203	502
GRCh38_CMRG_38339	502
GRCh38_CMRG_50238	502
GRCh38_CMRG_566	502
GRCh38_CMRG_59937	502
GRCh38_CMRG_67594	502
GRCh38_CMRG_68371	502
GRCh38_CMRG_68457	502
GRCh38_CMRG_68458	502
GRCh38_CMRG_75221	502
GRCh38_CMRG_12612	501
GRCh38_CMRG_15479	501
GRCh38_CMRG_16989	501
GRCh38_CMRG_30941	501
GRCh38_CMRG_33266	501
GRCh38_CMRG_33535	501
GRCh38_CMRG_34482	501
GRCh38_CMRG_35946	501
GRCh38_CMRG_39548	501
GRCh38_CMRG_42003	501
GRCh38_CMRG_51815	501
GRCh38_CMRG_52193	501
GRCh38_CMRG_53362	501
GRCh38_CMRG_53363	501
GRCh38_CMRG_54741	501
GRCh38_CMRG_59977	501
GRCh38_CMRG_61099	501
GRCh38_CMRG_64684	501
GRCh38_CMRG_65638	501
GRCh38_CMRG_6956	501
GRCh38_CMRG_71905	501
GRCh38_CMRG_72281	501
GRCh38_CMRG_82168	501
GRCh38_CMRG_10719	500
GRCh38_CMRG_10833	500
GRCh38_CMRG_1083	500
GRCh38_CMRG_11394	500
GRCh38_CMRG_1188	500
GRCh38_CMRG_1643	500
GRCh38_CMRG_19606	500
GRCh38_CMRG_21468	500
GRCh38_CMRG_26408	500
GRCh38_CMRG_26436	500
GRCh38_CMRG_41513	500
GRCh38_CMRG_48953	500
GRCh38_CMRG_52772	500
GRCh38_CMRG_59231	500
GRCh38_CMRG_64909	500
GRCh38_CMRG_65292	500
GRCh38_CMRG_70715	500
GRCh38_CMRG_82686	500
GRCh38_CMRG_13211	499
GRCh38_CMRG_26493	499
GRCh38_CMRG_32282	499
GRCh38_CMRG_40088	499
GRCh38_CMRG_41090	499
GRCh38_CMRG_44346	499
GRCh38_CMRG_48955	499
GRCh38_CMRG_52876	499
GRCh38_CMRG_55665	499
GRCh38_CMRG_58301	499
GRCh38_CMRG_59117	499
GRCh38_CMRG_63292	499
GRCh38_CMRG_70777	499
GRCh38_CMRG_72535	499
GRCh38_CMRG_74414	499
GRCh38_CMRG_77506	499
GRCh38_CMRG_81637	499
GRCh38_CMRG_83827	499
GRCh38_CMRG_14741	498
GRCh38_CMRG_19744	498
GRCh38_CMRG_19813	498
GRCh38_CMRG_2130	498
GRCh38_CMRG_22511	498
GRCh38_CMRG_33851	498
GRCh38_CMRG_36582	498
GRCh38_CMRG_41953	498
GRCh38_CMRG_47374	498
GRCh38_CMRG_52183	498
GRCh38_CMRG_52498	498
GRCh38_CMRG_55685	498
GRCh38_CMRG_59050	498
GRCh38_CMRG_65224	498
GRCh38_CMRG_69895	498
GRCh38_CMRG_79911	498
GRCh38_CMRG_79992	498
GRCh38_CMRG_83277	498
GRCh38_CMRG_83779	498
GRCh38_CMRG_18518	497
GRCh38_CMRG_19607	497
GRCh38_CMRG_40716	497
GRCh38_CMRG_42595	497
GRCh38_CMRG_43780	497
GRCh38_CMRG_55501	497
GRCh38_CMRG_55574	497
GRCh38_CMRG_58239	497
GRCh38_CMRG_63839	497
GRCh38_CMRG_64454	497
GRCh38_CMRG_65226	497
GRCh38_CMRG_65573	497
GRCh38_CMRG_68939	497
GRCh38_CMRG_74459	497
GRCh38_CMRG_74460	497
GRCh38_CMRG_79822	497
GRCh38_CMRG_80022	497
GRCh38_CMRG_82290	497
GRCh38_CMRG_8418	497
GRCh38_CMRG_21163	496
GRCh38_CMRG_24342	496
GRCh38_CMRG_29128	496
GRCh38_CMRG_34404	496
GRCh38_CMRG_38222	496
GRCh38_CMRG_40459	496
GRCh38_CMRG_42067	496
GRCh38_CMRG_45192	496
GRCh38_CMRG_45929	496
GRCh38_CMRG_52058	496
GRCh38_CMRG_54014	496
GRCh38_CMRG_54707	496
GRCh38_CMRG_65932	496
GRCh38_CMRG_68375	496
GRCh38_CMRG_71012	496
GRCh38_CMRG_72653	496
GRCh38_CMRG_75051	496
GRCh38_CMRG_75414	496
GRCh38_CMRG_78890	496
GRCh38_CMRG_78891	496
GRCh38_CMRG_83662	496
GRCh38_CMRG_8407	496
GRCh38_CMRG_13925	495
GRCh38_CMRG_1552	495
GRCh38_CMRG_21192	495
GRCh38_CMRG_2435	495
GRCh38_CMRG_32138	495
GRCh38_CMRG_34771	495
GRCh38_CMRG_36653	495
GRCh38_CMRG_46252	495
GRCh38_CMRG_48089	495
GRCh38_CMRG_48825	495
GRCh38_CMRG_59053	495
GRCh38_CMRG_59616	495
GRCh38_CMRG_64424	495
GRCh38_CMRG_67988	495
GRCh38_CMRG_68099	495
GRCh38_CMRG_68310	495
GRCh38_CMRG_77729	495
GRCh38_CMRG_83120	495
GRCh38_CMRG_9109	495
GRCh38_CMRG_9399	495
GRCh38_CMRG_9516	495
GRCh38_CMRG_16486	494
GRCh38_CMRG_17937	494
GRCh38_CMRG_25147	494
GRCh38_CMRG_28540	494
GRCh38_CMRG_36624	494
GRCh38_CMRG_39946	494
GRCh38_CMRG_42068	494
GRCh38_CMRG_46592	494
GRCh38_CMRG_48090	494
GRCh38_CMRG_53225	494
GRCh38_CMRG_5747	494
GRCh38_CMRG_65060	494
GRCh38_CMRG_69057	494
GRCh38_CMRG_69459	494
GRCh38_CMRG_74772	494
GRCh38_CMRG_11977	493
GRCh38_CMRG_14788	493
GRCh38_CMRG_14903	493
GRCh38_CMRG_16521	493
GRCh38_CMRG_19068	493
GRCh38_CMRG_19967	493
GRCh38_CMRG_24357	493
GRCh38_CMRG_27875	493
GRCh38_CMRG_47204	493
GRCh38_CMRG_48419	493
GRCh38_CMRG_48420	493
GRCh38_CMRG_48502	493
GRCh38_CMRG_49343	493
GRCh38_CMRG_49352	493
GRCh38_CMRG_50813	493
GRCh38_CMRG_61086	493
GRCh38_CMRG_65058	493
GRCh38_CMRG_65177	493
GRCh38_CMRG_72902	493
GRCh38_CMRG_82452	493
GRCh38_CMRG_82786	493
GRCh38_CMRG_149	492
GRCh38_CMRG_15415	492
GRCh38_CMRG_17208	492
GRCh38_CMRG_18777	492
GRCh38_CMRG_23310	492
GRCh38_CMRG_31129	492
GRCh38_CMRG_36482	492
GRCh38_CMRG_37813	492
GRCh38_CMRG_41539	492
GRCh38_CMRG_43729	492
GRCh38_CMRG_43737	492
GRCh38_CMRG_45932	492
GRCh38_CMRG_45995	492
GRCh38_CMRG_47809	492
GRCh38_CMRG_48093	492
GRCh38_CMRG_48500	492
GRCh38_CMRG_48879	492
GRCh38_CMRG_63270	492
GRCh38_CMRG_70534	492
GRCh38_CMRG_70949	492
GRCh38_CMRG_72816	492
GRCh38_CMRG_81337	492
GRCh38_CMRG_82708	492
GRCh38_CMRG_9727	492
GRCh38_CMRG_17352	491
GRCh38_CMRG_21696	491
GRCh38_CMRG_23409	491
GRCh38_CMRG_23816	491
GRCh38_CMRG_24314	491
GRCh38_CMRG_28558	491
GRCh38_CMRG_40049	491
GRCh38_CMRG_42248	491
GRCh38_CMRG_48094	491
GRCh38_CMRG_62339	491
GRCh38_CMRG_64351	491
GRCh38_CMRG_68695	491
GRCh38_CMRG_70976	491
GRCh38_CMRG_73673	491
GRCh38_CMRG_82442	491
GRCh38_CMRG_84345	491
GRCh38_CMRG_8568	491
GRCh38_CMRG_13337	490
GRCh38_CMRG_24772	490
GRCh38_CMRG_26670	490
GRCh38_CMRG_29782	490
GRCh38_CMRG_34759	490
GRCh38_CMRG_36420	490
GRCh38_CMRG_37745	490
GRCh38_CMRG_37804	490
GRCh38_CMRG_40825	490
GRCh38_CMRG_44163	490
GRCh38_CMRG_44721	490
GRCh38_CMRG_44932	490
GRCh38_CMRG_45567	490
GRCh38_CMRG_50160	490
GRCh38_CMRG_50494	490
GRCh38_CMRG_51956	490
GRCh38_CMRG_52325	490
GRCh38_CMRG_59142	490
GRCh38_CMRG_61627	490
GRCh38_CMRG_65070	490
GRCh38_CMRG_68269	490
GRCh38_CMRG_68731	490
GRCh38_CMRG_77069	490
GRCh38_CMRG_78863	490
GRCh38_CMRG_78864	490
GRCh38_CMRG_84374	490
GRCh38_CMRG_1086	489
GRCh38_CMRG_17357	489
GRCh38_CMRG_1857	489
GRCh38_CMRG_21718	489
GRCh38_CMRG_33141	489
GRCh38_CMRG_33235	489
GRCh38_CMRG_40425	489
GRCh38_CMRG_45163	489
GRCh38_CMRG_47707	489
GRCh38_CMRG_47910	489
GRCh38_CMRG_49535	489
GRCh38_CMRG_55609	489
GRCh38_CMRG_58088	489
GRCh38_CMRG_58199	489
GRCh38_CMRG_58518	489
GRCh38_CMRG_58735	489
GRCh38_CMRG_60420	489
GRCh38_CMRG_62399	489
GRCh38_CMRG_62601	489
GRCh38_CMRG_65624	489
GRCh38_CMRG_6630	489
GRCh38_CMRG_68299	489
GRCh38_CMRG_68475	489
GRCh38_CMRG_69478	489
GRCh38_CMRG_72931	489
GRCh38_CMRG_81658	489
GRCh38_CMRG_82926	489
GRCh38_CMRG_17028	488
GRCh38_CMRG_2055	488
GRCh38_CMRG_22644	488
GRCh38_CMRG_23092	488
GRCh38_CMRG_23168	488
GRCh38_CMRG_23300	488
GRCh38_CMRG_23403	488
GRCh38_CMRG_24316	488
GRCh38_CMRG_25341	488
GRCh38_CMRG_27343	488
GRCh38_CMRG_28426	488
GRCh38_CMRG_28841	488
GRCh38_CMRG_32662	488
GRCh38_CMRG_41472	488
GRCh38_CMRG_41781	488
GRCh38_CMRG_42464	488
GRCh38_CMRG_44113	488
GRCh38_CMRG_44273	488
GRCh38_CMRG_47377	488
GRCh38_CMRG_50919	488
GRCh38_CMRG_50980	488
GRCh38_CMRG_50981	488
GRCh38_CMRG_51541	488
GRCh38_CMRG_52578	488
GRCh38_CMRG_54617	488
GRCh38_CMRG_60096	488
GRCh38_CMRG_6253	488
GRCh38_CMRG_68560	488
GRCh38_CMRG_6894	488
GRCh38_CMRG_70992	488
GRCh38_CMRG_75126	488
GRCh38_CMRG_7679	488
GRCh38_CMRG_81848	488
GRCh38_CMRG_13445	487
GRCh38_CMRG_18135	487
GRCh38_CMRG_23255	487
GRCh38_CMRG_27249	487
GRCh38_CMRG_2833	487
GRCh38_CMRG_38372	487
GRCh38_CMRG_38428	487
GRCh38_CMRG_40233	487
GRCh38_CMRG_47917	487
GRCh38_CMRG_48534	487
GRCh38_CMRG_50072	487
GRCh38_CMRG_52929	487
GRCh38_CMRG_61820	487
GRCh38_CMRG_63758	487
GRCh38_CMRG_67288	487
GRCh38_CMRG_68547	487
GRCh38_CMRG_73777	487
GRCh38_CMRG_75648	487
GRCh38_CMRG_14244	486
GRCh38_CMRG_24282	486
GRCh38_CMRG_31058	486
GRCh38_CMRG_38234	486
GRCh38_CMRG_38371	486
GRCh38_CMRG_43626	486
GRCh38_CMRG_43802	486
GRCh38_CMRG_61084	486
GRCh38_CMRG_63975	486
GRCh38_CMRG_65729	486
GRCh38_CMRG_65870	486
GRCh38_CMRG_65871	486
GRCh38_CMRG_67174	486
GRCh38_CMRG_71858	486
GRCh38_CMRG_72583	486
GRCh38_CMRG_7949	486
GRCh38_CMRG_8033	486
GRCh38_CMRG_81451	486
GRCh38_CMRG_82904	486
GRCh38_CMRG_14125	485
GRCh38_CMRG_23045	485
GRCh38_CMRG_33597	485
GRCh38_CMRG_39795	485
GRCh38_CMRG_42495	485
GRCh38_CMRG_46631	485
GRCh38_CMRG_48896	485
GRCh38_CMRG_58269	485
GRCh38_CMRG_71436	485
GRCh38_CMRG_71856	485
GRCh38_CMRG_75628	485
GRCh38_CMRG_82492	485
GRCh38_CMRG_84	485
GRCh38_CMRG_8736	485
GRCh38_CMRG_9223	485
GRCh38_CMRG_13635	484
GRCh38_CMRG_27831	484
GRCh38_CMRG_31428	484
GRCh38_CMRG_34733	484
GRCh38_CMRG_36577	484
GRCh38_CMRG_37248	484
GRCh38_CMRG_37790	484
GRCh38_CMRG_38066	484
GRCh38_CMRG_39334	484
GRCh38_CMRG_45483	484
GRCh38_CMRG_50779	484
GRCh38_CMRG_51430	484
GRCh38_CMRG_59047	484
GRCh38_CMRG_59048	484
GRCh38_CMRG_61905	484
GRCh38_CMRG_62608	484
GRCh38_CMRG_62609	484
GRCh38_CMRG_65099	484
GRCh38_CMRG_65163	484
GRCh38_CMRG_68816	484
GRCh38_CMRG_75125	484
GRCh38_CMRG_81875	484
GRCh38_CMRG_82946	484
GRCh38_CMRG_13335	483
GRCh38_CMRG_17076	483
GRCh38_CMRG_21883	483
GRCh38_CMRG_27632	483
GRCh38_CMRG_29923	483
GRCh38_CMRG_32554	483
GRCh38_CMRG_33228	483
GRCh38_CMRG_34181	483
GRCh38_CMRG_36177	483
GRCh38_CMRG_38518	483
GRCh38_CMRG_40234	483
GRCh38_CMRG_41874	483
GRCh38_CMRG_47837	483
GRCh38_CMRG_60411	483
GRCh38_CMRG_6147	483
GRCh38_CMRG_64593	483
GRCh38_CMRG_75262	483
GRCh38_CMRG_77700	483
GRCh38_CMRG_8012	483
GRCh38_CMRG_82948	483
GRCh38_CMRG_9910	483
GRCh38_CMRG_11188	482
GRCh38_CMRG_17351	482
GRCh38_CMRG_19748	482
GRCh38_CMRG_21299	482
GRCh38_CMRG_25336	482
GRCh38_CMRG_27251	482
GRCh38_CMRG_32888	482
GRCh38_CMRG_39931	482
GRCh38_CMRG_45348	482
GRCh38_CMRG_45583	482
GRCh38_CMRG_47678	482
GRCh38_CMRG_47934	482
GRCh38_CMRG_51982	482
GRCh38_CMRG_5781	482
GRCh38_CMRG_58117	482
GRCh38_CMRG_59454	482
GRCh38_CMRG_65285	482
GRCh38_CMRG_65659	482
GRCh38_CMRG_68616	482
GRCh38_CMRG_72679	482
GRCh38_CMRG_7293	482
GRCh38_CMRG_72945	482
GRCh38_CMRG_75055	482
GRCh38_CMRG_82617	482
GRCh38_CMRG_9003	482
GRCh38_CMRG_11838	481
GRCh38_CMRG_12277	481
GRCh38_CMRG_12278	481
GRCh38_CMRG_16977	481
GRCh38_CMRG_17836	481
GRCh38_CMRG_19751	481
GRCh38_CMRG_27149	481
GRCh38_CMRG_2803	481
GRCh38_CMRG_32179	481
GRCh38_CMRG_39368	481
GRCh38_CMRG_43782	481
GRCh38_CMRG_46373	481
GRCh38_CMRG_46374	481
GRCh38_CMRG_47407	481
GRCh38_CMRG_49553	481
GRCh38_CMRG_63431	481
GRCh38_CMRG_63437	481
GRCh38_CMRG_68110	481
GRCh38_CMRG_72608	481
GRCh38_CMRG_72610	481
GRCh38_CMRG_82609	481
GRCh38_CMRG_83642	481
GRCh38_CMRG_107	480
GRCh38_CMRG_11619	480
GRCh38_CMRG_17738	480
GRCh38_CMRG_19051	480
GRCh38_CMRG_25007	480
GRCh38_CMRG_28064	480
GRCh38_CMRG_28719	480
GRCh38_CMRG_37715	480
GRCh38_CMRG_38170	480
GRCh38_CMRG_45586	480
GRCh38_CMRG_58820	480
GRCh38_CMRG_6673	480
GRCh38_CMRG_68318	480
GRCh38_CMRG_68417	480
GRCh38_CMRG_69062	480
GRCh38_CMRG_70194	480
GRCh38_CMRG_70792	480
GRCh38_CMRG_74770	480
GRCh38_CMRG_74905	480
GRCh38_CMRG_8889	480
GRCh38_CMRG_9706	480
GRCh38_CMRG_10502	479
GRCh38_CMRG_1072	479
GRCh38_CMRG_12351	479
GRCh38_CMRG_1285	479
GRCh38_CMRG_13462	479
GRCh38_CMRG_15427	479
GRCh38_CMRG_1733	479
GRCh38_CMRG_23270	479
GRCh38_CMRG_2802	479
GRCh38_CMRG_29169	479
GRCh38_CMRG_29953	479
GRCh38_CMRG_31802	479
GRCh38_CMRG_41808	479
GRCh38_CMRG_49487	479
GRCh38_CMRG_50386	479
GRCh38_CMRG_55090	479
GRCh38_CMRG_59064	479
GRCh38_CMRG_60798	479
GRCh38_CMRG_64523	479
GRCh38_CMRG_6498	479
GRCh38_CMRG_65090	479
GRCh38_CMRG_65448	479
GRCh38_CMRG_66073	479
GRCh38_CMRG_69496	479
GRCh38_CMRG_69497	479
GRCh38_CMRG_72472	479
GRCh38_CMRG_7410	479
GRCh38_CMRG_809	479
GRCh38_CMRG_8162	479
GRCh38_CMRG_82177	479
GRCh38_CMRG_1359	478
GRCh38_CMRG_16593	478
GRCh38_CMRG_18418	478
GRCh38_CMRG_23485	478
GRCh38_CMRG_28055	478
GRCh38_CMRG_33411	478
GRCh38_CMRG_37751	478
GRCh38_CMRG_48411	478
GRCh38_CMRG_53639	478
GRCh38_CMRG_58510	478
GRCh38_CMRG_59398	478
GRCh38_CMRG_59968	478
GRCh38_CMRG_60124	478
GRCh38_CMRG_63275	478
GRCh38_CMRG_6840	478
GRCh38_CMRG_7604	478
GRCh38_CMRG_8587	478
GRCh38_CMRG_8592	478
GRCh38_CMRG_10983	477
GRCh38_CMRG_11211	477
GRCh38_CMRG_13927	477
GRCh38_CMRG_14469	477
GRCh38_CMRG_24050	477
GRCh38_CMRG_25853	477
GRCh38_CMRG_26284	477
GRCh38_CMRG_26988	477
GRCh38_CMRG_29250	477
GRCh38_CMRG_33247	477
GRCh38_CMRG_36647	477
GRCh38_CMRG_37117	477
GRCh38_CMRG_50318	477
GRCh38_CMRG_55012	477
GRCh38_CMRG_61362	477
GRCh38_CMRG_61377	477
GRCh38_CMRG_63274	477
GRCh38_CMRG_67957	477
GRCh38_CMRG_71326	477
GRCh38_CMRG_72287	477
GRCh38_CMRG_77416	477
GRCh38_CMRG_77609	477
GRCh38_CMRG_79278	477
GRCh38_CMRG_83860	477
GRCh38_CMRG_9035	477
GRCh38_CMRG_10494	476
GRCh38_CMRG_12102	476
GRCh38_CMRG_21198	476
GRCh38_CMRG_21308	476
GRCh38_CMRG_24737	476
GRCh38_CMRG_25401	476
GRCh38_CMRG_33625	476
GRCh38_CMRG_38485	476
GRCh38_CMRG_41504	476
GRCh38_CMRG_44032	476
GRCh38_CMRG_46078	476
GRCh38_CMRG_47408	476
GRCh38_CMRG_47463	476
GRCh38_CMRG_55263	476
GRCh38_CMRG_59397	476
GRCh38_CMRG_6354	476
GRCh38_CMRG_68986	476
GRCh38_CMRG_70226	476
GRCh38_CMRG_70462	476
GRCh38_CMRG_7396	476
GRCh38_CMRG_77578	476
GRCh38_CMRG_79279	476
GRCh38_CMRG_8473	476
GRCh38_CMRG_1277	475
GRCh38_CMRG_16772	475
GRCh38_CMRG_18858	475
GRCh38_CMRG_32210	475
GRCh38_CMRG_38676	475
GRCh38_CMRG_38677	475
GRCh38_CMRG_49178	475
GRCh38_CMRG_52991	475
GRCh38_CMRG_54098	475
GRCh38_CMRG_55369	475
GRCh38_CMRG_58277	475
GRCh38_CMRG_58509	475
GRCh38_CMRG_59782	475
GRCh38_CMRG_63293	475
GRCh38_CMRG_64044	475
GRCh38_CMRG_68713	475
GRCh38_CMRG_69218	475
GRCh38_CMRG_69502	475
GRCh38_CMRG_70284	475
GRCh38_CMRG_70564	475
GRCh38_CMRG_7571	475
GRCh38_CMRG_76992	475
GRCh38_CMRG_77638	475
GRCh38_CMRG_79974	475
GRCh38_CMRG_82105	475
GRCh38_CMRG_8576	475
GRCh38_CMRG_10815	474
GRCh38_CMRG_1554	474
GRCh38_CMRG_19857	474
GRCh38_CMRG_21128	474
GRCh38_CMRG_21306	474
GRCh38_CMRG_2163	474
GRCh38_CMRG_22688	474
GRCh38_CMRG_32074	474
GRCh38_CMRG_32551	474
GRCh38_CMRG_36774	474
GRCh38_CMRG_49120	474
GRCh38_CMRG_59477	474
GRCh38_CMRG_59781	474
GRCh38_CMRG_6256	474
GRCh38_CMRG_70716	474
GRCh38_CMRG_71942	474
GRCh38_CMRG_72487	474
GRCh38_CMRG_81605	474
GRCh38_CMRG_9387	474
GRCh38_CMRG_11236	473
GRCh38_CMRG_19738	473
GRCh38_CMRG_21716	473
GRCh38_CMRG_27109	473
GRCh38_CMRG_29908	473
GRCh38_CMRG_36741	473
GRCh38_CMRG_38802	473
GRCh38_CMRG_38992	473
GRCh38_CMRG_47319	473
GRCh38_CMRG_49107	473
GRCh38_CMRG_49907	473
GRCh38_CMRG_52447	473
GRCh38_CMRG_52448	473
GRCh38_CMRG_53602	473
GRCh38_CMRG_62710	473
GRCh38_CMRG_72681	473
GRCh38_CMRG_7605	473
GRCh38_CMRG_77330	473
GRCh38_CMRG_7773	473
GRCh38_CMRG_81760	473
GRCh38_CMRG_81954	473
GRCh38_CMRG_82465	473
GRCh38_CMRG_9381	473
GRCh38_CMRG_15068	472
GRCh38_CMRG_18479	472
GRCh38_CMRG_18480	472
GRCh38_CMRG_18762	472
GRCh38_CMRG_22735	472
GRCh38_CMRG_22736	472
GRCh38_CMRG_23301	472
GRCh38_CMRG_24250	472
GRCh38_CMRG_2676	472
GRCh38_CMRG_31764	472
GRCh38_CMRG_40048	472
GRCh38_CMRG_42176	472
GRCh38_CMRG_44528	472
GRCh38_CMRG_48035	472
GRCh38_CMRG_49454	472
GRCh38_CMRG_51611	472
GRCh38_CMRG_53223	472
GRCh38_CMRG_53627	472
GRCh38_CMRG_54952	472
GRCh38_CMRG_60418	472
GRCh38_CMRG_66158	472
GRCh38_CMRG_70460	472
GRCh38_CMRG_70772	472
GRCh38_CMRG_73461	472
GRCh38_CMRG_73462	472
GRCh38_CMRG_7430	472
GRCh38_CMRG_75304	472
GRCh38_CMRG_79488	472
GRCh38_CMRG_18169	471
GRCh38_CMRG_18524	471
GRCh38_CMRG_21206	471
GRCh38_CMRG_22614	471
GRCh38_CMRG_30947	471
GRCh38_CMRG_38416	471
GRCh38_CMRG_40433	471
GRCh38_CMRG_40651	471
GRCh38_CMRG_41470	471
GRCh38_CMRG_41501	471
GRCh38_CMRG_48180	471
GRCh38_CMRG_52252	471
GRCh38_CMRG_54	471
GRCh38_CMRG_62638	471
GRCh38_CMRG_63655	471
GRCh38_CMRG_71157	471
GRCh38_CMRG_82150	471
GRCh38_CMRG_10751	470
GRCh38_CMRG_10857	470
GRCh38_CMRG_10858	470
GRCh38_CMRG_12486	470
GRCh38_CMRG_1333	470
GRCh38_CMRG_19076	470
GRCh38_CMRG_20859	470
GRCh38_CMRG_23207	470
GRCh38_CMRG_23876	470
GRCh38_CMRG_26940	470
GRCh38_CMRG_29311	470
GRCh38_CMRG_42242	470
GRCh38_CMRG_43730	470
GRCh38_CMRG_44177	470
GRCh38_CMRG_44191	470
GRCh38_CMRG_44727	470
GRCh38_CMRG_44843	470
GRCh38_CMRG_46449	470
GRCh38_CMRG_47622	470
GRCh38_CMRG_49782	470
GRCh38_CMRG_51631	470
GRCh38_CMRG_52984	470
GRCh38_CMRG_58120	470
GRCh38_CMRG_67512	470
GRCh38_CMRG_70980	470
GRCh38_CMRG_74691	470
GRCh38_CMRG_7709	470
GRCh38_CMRG_77561	470
GRCh38_CMRG_79641	470
GRCh38_CMRG_82808	470
GRCh38_CMRG_9707	470
GRCh38_CMRG_17706	469
GRCh38_CMRG_18250	469
GRCh38_CMRG_18310	469
GRCh38_CMRG_18311	469
GRCh38_CMRG_23862	469
GRCh38_CMRG_24374	469
GRCh38_CMRG_25252	469
GRCh38_CMRG_43892	469
GRCh38_CMRG_48619	469
GRCh38_CMRG_50780	469
GRCh38_CMRG_51360	469
GRCh38_CMRG_51361	469
GRCh38_CMRG_52338	469
GRCh38_CMRG_53904	469
GRCh38_CMRG_63902	469
GRCh38_CMRG_68093	469
GRCh38_CMRG_68111	469
GRCh38_CMRG_69415	469
GRCh38_CMRG_70022	469
GRCh38_CMRG_71093	469
GRCh38_CMRG_74274	469
GRCh38_CMRG_75249	469
GRCh38_CMRG_75653	469
GRCh38_CMRG_14796	468
GRCh38_CMRG_19762	468
GRCh38_CMRG_27312	468
GRCh38_CMRG_27830	468
GRCh38_CMRG_34550	468
GRCh38_CMRG_35612	468
GRCh38_CMRG_38010	468
GRCh38_CMRG_38197	468
GRCh38_CMRG_39228	468
GRCh38_CMRG_44256	468
GRCh38_CMRG_50851	468
GRCh38_CMRG_55084	468
GRCh38_CMRG_5724	468
GRCh38_CMRG_59256	468
GRCh38_CMRG_60454	468
GRCh38_CMRG_69875	468
GRCh38_CMRG_69882	468
GRCh38_CMRG_7361	468
GRCh38_CMRG_75617	468
GRCh38_CMRG_77303	468
GRCh38_CMRG_81955	468
GRCh38_CMRG_82303	468
GRCh38_CMRG_84671	468
GRCh38_CMRG_15154	467
GRCh38_CMRG_19867	467
GRCh38_CMRG_23861	467
GRCh38_CMRG_24289	467
GRCh38_CMRG_24377	467
GRCh38_CMRG_30032	467
GRCh38_CMRG_37234	467
GRCh38_CMRG_37674	467
GRCh38_CMRG_37940	467
GRCh38_CMRG_44925	467
GRCh38_CMRG_47376	467
GRCh38_CMRG_55433	467
GRCh38_CMRG_59961	467
GRCh38_CMRG_62548	467
GRCh38_CMRG_64778	467
GRCh38_CMRG_65181	467
GRCh38_CMRG_670	467
GRCh38_CMRG_68163	467
GRCh38_CMRG_69773	467
GRCh38_CMRG_70889	467
GRCh38_CMRG_77160	467
GRCh38_CMRG_82914	467
GRCh38_CMRG_8944	467
GRCh38_CMRG_12367	466
GRCh38_CMRG_13602	466
GRCh38_CMRG_1776	466
GRCh38_CMRG_19053	466
GRCh38_CMRG_22507	466
GRCh38_CMRG_2292	466
GRCh38_CMRG_25186	466
GRCh38_CMRG_26886	466
GRCh38_CMRG_26896	466
GRCh38_CMRG_31639	466
GRCh38_CMRG_33380	466
GRCh38_CMRG_38549	466
GRCh38_CMRG_38797	466
GRCh38_CMRG_39660	466
GRCh38_CMRG_41777	466
GRCh38_CMRG_44246	466
GRCh38_CMRG_44247	466
GRCh38_CMRG_44492	466
GRCh38_CMRG_46214	466
GRCh38_CMRG_47206	466
GRCh38_CMRG_51116	466
GRCh38_CMRG_51630	466
GRCh38_CMRG_55847	466
GRCh38_CMRG_5931	466
GRCh38_CMRG_60009	466
GRCh38_CMRG_6092	466
GRCh38_CMRG_63901	466
GRCh38_CMRG_67012	466
GRCh38_CMRG_75278	466
GRCh38_CMRG_7740	466
GRCh38_CMRG_79006	466
GRCh38_CMRG_79894	466
GRCh38_CMRG_12350	465
GRCh38_CMRG_22674	465
GRCh38_CMRG_26660	465
GRCh38_CMRG_28453	465
GRCh38_CMRG_30741	465
GRCh38_CMRG_32010	465
GRCh38_CMRG_32738	465
GRCh38_CMRG_38232	465
GRCh38_CMRG_43785	465
GRCh38_CMRG_44792	465
GRCh38_CMRG_45139	465
GRCh38_CMRG_49109	465
GRCh38_CMRG_51185	465
GRCh38_CMRG_52545	465
GRCh38_CMRG_58492	465
GRCh38_CMRG_61056	465
GRCh38_CMRG_63723	465
GRCh38_CMRG_64904	465
GRCh38_CMRG_71124	465
GRCh38_CMRG_75385	465
GRCh38_CMRG_82497	465
GRCh38_CMRG_121	464
GRCh38_CMRG_22162	464
GRCh38_CMRG_24140	464
GRCh38_CMRG_2488	464
GRCh38_CMRG_28509	464
GRCh38_CMRG_31219	464
GRCh38_CMRG_38198	464
GRCh38_CMRG_48952	464
GRCh38_CMRG_62569	464
GRCh38_CMRG_63997	464
GRCh38_CMRG_64903	464
GRCh38_CMRG_6525	464
GRCh38_CMRG_68336	464
GRCh38_CMRG_68337	464
GRCh38_CMRG_74741	464
GRCh38_CMRG_82660	464
GRCh38_CMRG_83281	464
GRCh38_CMRG_84238	464
GRCh38_CMRG_1367	463
GRCh38_CMRG_21876	463
GRCh38_CMRG_22160	463
GRCh38_CMRG_26807	463
GRCh38_CMRG_28215	463
GRCh38_CMRG_31262	463
GRCh38_CMRG_33569	463
GRCh38_CMRG_33747	463
GRCh38_CMRG_37452	463
GRCh38_CMRG_41016	463
GRCh38_CMRG_49877	463
GRCh38_CMRG_50670	463
GRCh38_CMRG_53671	463
GRCh38_CMRG_62626	463
GRCh38_CMRG_72417	463
GRCh38_CMRG_7737	463
GRCh38_CMRG_80041	463
GRCh38_CMRG_83283	463
GRCh38_CMRG_11187	462
GRCh38_CMRG_1907	462
GRCh38_CMRG_1936	462
GRCh38_CMRG_21458	462
GRCh38_CMRG_22125	462
GRCh38_CMRG_25983	462
GRCh38_CMRG_28399	462
GRCh38_CMRG_33586	462
GRCh38_CMRG_33905	462
GRCh38_CMRG_33906	462
GRCh38_CMRG_34547	462
GRCh38_CMRG_36169	462
GRCh38_CMRG_36446	462
GRCh38_CMRG_39193	462
GRCh38_CMRG_39459	462
GRCh38_CMRG_40432	462
GRCh38_CMRG_42414	462
GRCh38_CMRG_43706	462
GRCh38_CMRG_53070	462
GRCh38_CMRG_54400	462
GRCh38_CMRG_55477	462
GRCh38_CMRG_60154	462
GRCh38_CMRG_63771	462
GRCh38_CMRG_68082	462
GRCh38_CMRG_7141	462
GRCh38_CMRG_75023	462
GRCh38_CMRG_77575	462
GRCh38_CMRG_7817	462
GRCh38_CMRG_79192	462
GRCh38_CMRG_79441	462
GRCh38_CMRG_79442	462
GRCh38_CMRG_79893	462
GRCh38_CMRG_81958	462
GRCh38_CMRG_19079	461
GRCh38_CMRG_36572	461
GRCh38_CMRG_39691	461
GRCh38_CMRG_52769	461
GRCh38_CMRG_61628	461
GRCh38_CMRG_71984	461
GRCh38_CMRG_74268	461
GRCh38_CMRG_74493	461
GRCh38_CMRG_13583	460
GRCh38_CMRG_14284	460
GRCh38_CMRG_18455	460
GRCh38_CMRG_19710	460
GRCh38_CMRG_29818	460
GRCh38_CMRG_36525	460
GRCh38_CMRG_47639	460
GRCh38_CMRG_48935	460
GRCh38_CMRG_58816	460
GRCh38_CMRG_62245	460
GRCh38_CMRG_62291	460
GRCh38_CMRG_64352	460
GRCh38_CMRG_65260	460
GRCh38_CMRG_67641	460
GRCh38_CMRG_68108	460
GRCh38_CMRG_70121	460
GRCh38_CMRG_74485	460
GRCh38_CMRG_79739	460
GRCh38_CMRG_82138	460
GRCh38_CMRG_18589	459
GRCh38_CMRG_18887	459
GRCh38_CMRG_18896	459
GRCh38_CMRG_19368	459
GRCh38_CMRG_24551	459
GRCh38_CMRG_29278	459
GRCh38_CMRG_33740	459
GRCh38_CMRG_33981	459
GRCh38_CMRG_35687	459
GRCh38_CMRG_36654	459
GRCh38_CMRG_52331	459
GRCh38_CMRG_59825	459
GRCh38_CMRG_62170	459
GRCh38_CMRG_64299	459
GRCh38_CMRG_65477	459
GRCh38_CMRG_67114	459
GRCh38_CMRG_7348	459
GRCh38_CMRG_79673	459
GRCh38_CMRG_82035	459
GRCh38_CMRG_82297	459
GRCh38_CMRG_83600	459
GRCh38_CMRG_1330	458
GRCh38_CMRG_21245	458
GRCh38_CMRG_21808	458
GRCh38_CMRG_27179	458
GRCh38_CMRG_33705	458
GRCh38_CMRG_37950	458
GRCh38_CMRG_38126	458
GRCh38_CMRG_39450	458
GRCh38_CMRG_48082	458
GRCh38_CMRG_55187	458
GRCh38_CMRG_6199	458
GRCh38_CMRG_63827	458
GRCh38_CMRG_6414	458
GRCh38_CMRG_64630	458
GRCh38_CMRG_65291	458
GRCh38_CMRG_67354	458
GRCh38_CMRG_70733	458
GRCh38_CMRG_72170	458
GRCh38_CMRG_72621	458
GRCh38_CMRG_74764	458
GRCh38_CMRG_75053	458
GRCh38_CMRG_83208	458
GRCh38_CMRG_11012	457
GRCh38_CMRG_15401	457
GRCh38_CMRG_1555	457
GRCh38_CMRG_32617	457
GRCh38_CMRG_38392	457
GRCh38_CMRG_38484	457
GRCh38_CMRG_39509	457
GRCh38_CMRG_40482	457
GRCh38_CMRG_41800	457
GRCh38_CMRG_42359	457
GRCh38_CMRG_50480	457
GRCh38_CMRG_53388	457
GRCh38_CMRG_60146	457
GRCh38_CMRG_65113	457
GRCh38_CMRG_67893	457
GRCh38_CMRG_70278	457
GRCh38_CMRG_73070	457
GRCh38_CMRG_77101	457
GRCh38_CMRG_79928	457
GRCh38_CMRG_82249	457
GRCh38_CMRG_82255	457
GRCh38_CMRG_14513	456
GRCh38_CMRG_1912	456
GRCh38_CMRG_25335	456
GRCh38_CMRG_26483	456
GRCh38_CMRG_29585	456
GRCh38_CMRG_33556	456
GRCh38_CMRG_38193	456
GRCh38_CMRG_40941	456
GRCh38_CMRG_43846	456
GRCh38_CMRG_50434	456
GRCh38_CMRG_53689	456
GRCh38_CMRG_60075	456
GRCh38_CMRG_64544	456
GRCh38_CMRG_69909	456
GRCh38_CMRG_70625	456
GRCh38_CMRG_7142	456
GRCh38_CMRG_71478	456
GRCh38_CMRG_73118	456
GRCh38_CMRG_73491	456
GRCh38_CMRG_74675	456
GRCh38_CMRG_75115	456
GRCh38_CMRG_7819	456
GRCh38_CMRG_82107	456
GRCh38_CMRG_83703	456
GRCh38_CMRG_84176	456
GRCh38_CMRG_10522	455
GRCh38_CMRG_18796	455
GRCh38_CMRG_19645	455
GRCh38_CMRG_19646	455
GRCh38_CMRG_22314	455
GRCh38_CMRG_28420	455
GRCh38_CMRG_28496	455
GRCh38_CMRG_30638	455
GRCh38_CMRG_33269	455
GRCh38_CMRG_41615	455
GRCh38_CMRG_47883	455
GRCh38_CMRG_50949	455
GRCh38_CMRG_52081	455
GRCh38_CMRG_59915	455
GRCh38_CMRG_65327	455
GRCh38_CMRG_68392	455
GRCh38_CMRG_75118	455
GRCh38_CMRG_76458	455
GRCh38_CMRG_77611	455
GRCh38_CMRG_7957	455
GRCh38_CMRG_82479	455
GRCh38_CMRG_82819	455
GRCh38_CMRG_9414	455
GRCh38_CMRG_9909	455
GRCh38_CMRG_12272	454
GRCh38_CMRG_1262	454
GRCh38_CMRG_13908	454
GRCh38_CMRG_14254	454
GRCh38_CMRG_15110	454
GRCh38_CMRG_15334	454
GRCh38_CMRG_18773	454
GRCh38_CMRG_22395	454
GRCh38_CMRG_27989	454
GRCh38_CMRG_29511	454
GRCh38_CMRG_30647	454
GRCh38_CMRG_32178	454
GRCh38_CMRG_35777	454
GRCh38_CMRG_44224	454
GRCh38_CMRG_45535	454
GRCh38_CMRG_46279	454
GRCh38_CMRG_51780	454
GRCh38_CMRG_53916	454
GRCh38_CMRG_55567	454
GRCh38_CMRG_63697	454
GRCh38_CMRG_65235	454
GRCh38_CMRG_72805	454
GRCh38_CMRG_75188	454
GRCh38_CMRG_80811	454
GRCh38_CMRG_10886	453
GRCh38_CMRG_15149	453
GRCh38_CMRG_16519	453
GRCh38_CMRG_17577	453
GRCh38_CMRG_21572	453
GRCh38_CMRG_22033	453
GRCh38_CMRG_23225	453
GRCh38_CMRG_31206	453
GRCh38_CMRG_44198	453
GRCh38_CMRG_45389	453
GRCh38_CMRG_50383	453
GRCh38_CMRG_52144	453
GRCh38_CMRG_5762	453
GRCh38_CMRG_59069	453
GRCh38_CMRG_61990	453
GRCh38_CMRG_70932	453
GRCh38_CMRG_73181	453
GRCh38_CMRG_77478	453
GRCh38_CMRG_79027	453
GRCh38_CMRG_82039	453
GRCh38_CMRG_9334	453
GRCh38_CMRG_10693	452
GRCh38_CMRG_11042	452
GRCh38_CMRG_19717	452
GRCh38_CMRG_21621	452
GRCh38_CMRG_23510	452
GRCh38_CMRG_25251	452
GRCh38_CMRG_25868	452
GRCh38_CMRG_28454	452
GRCh38_CMRG_29901	452
GRCh38_CMRG_33781	452
GRCh38_CMRG_33783	452
GRCh38_CMRG_36649	452
GRCh38_CMRG_41740	452
GRCh38_CMRG_49023	452
GRCh38_CMRG_51497	452
GRCh38_CMRG_52057	452
GRCh38_CMRG_63981	452
GRCh38_CMRG_68370	452
GRCh38_CMRG_70098	452
GRCh38_CMRG_70662	452
GRCh38_CMRG_74580	452
GRCh38_CMRG_77218	452
GRCh38_CMRG_8276	452
GRCh38_CMRG_10821	451
GRCh38_CMRG_11066	451
GRCh38_CMRG_13339	451
GRCh38_CMRG_16924	451
GRCh38_CMRG_19260	451
GRCh38_CMRG_22319	451
GRCh38_CMRG_25125	451
GRCh38_CMRG_26741	451
GRCh38_CMRG_29496	451
GRCh38_CMRG_31147	451
GRCh38_CMRG_38231	451
GRCh38_CMRG_38764	451
GRCh38_CMRG_45593	451
GRCh38_CMRG_52007	451
GRCh38_CMRG_52641	451
GRCh38_CMRG_55252	451
GRCh38_CMRG_6588	451
GRCh38_CMRG_69817	451
GRCh38_CMRG_70719	451
GRCh38_CMRG_72366	451
GRCh38_CMRG_75324	451
GRCh38_CMRG_82320	451
GRCh38_CMRG_82719	451
GRCh38_CMRG_82861	451
GRCh38_CMRG_83413	451
GRCh38_CMRG_12417	450
GRCh38_CMRG_12418	450
GRCh38_CMRG_1404	450
GRCh38_CMRG_1763	450
GRCh38_CMRG_21965	450
GRCh38_CMRG_23910	450
GRCh38_CMRG_26532	450
GRCh38_CMRG_27892	450
GRCh38_CMRG_28004	450
GRCh38_CMRG_33187	450
GRCh38_CMRG_36475	450
GRCh38_CMRG_41739	450
GRCh38_CMRG_53359	450
GRCh38_CMRG_63271	450
GRCh38_CMRG_74273	450
GRCh38_CMRG_79069	450
GRCh38_CMRG_81632	450
GRCh38_CMRG_82825	450
GRCh38_CMRG_13046	449
GRCh38_CMRG_13984	449
GRCh38_CMRG_15446	449
GRCh38_CMRG_22163	449
GRCh38_CMRG_24883	449
GRCh38_CMRG_2888	449
GRCh38_CMRG_32017	449
GRCh38_CMRG_32866	449
GRCh38_CMRG_36266	449
GRCh38_CMRG_36268	449
GRCh38_CMRG_37683	449
GRCh38_CMRG_38968	449
GRCh38_CMRG_45565	449
GRCh38_CMRG_45590	449
GRCh38_CMRG_53227	449
GRCh38_CMRG_55534	449
GRCh38_CMRG_62005	449
GRCh38_CMRG_65138	449
GRCh38_CMRG_67637	449
GRCh38_CMRG_6798	449
GRCh38_CMRG_69620	449
GRCh38_CMRG_72418	449
GRCh38_CMRG_72511	449
GRCh38_CMRG_77389	449
GRCh38_CMRG_81190	449
GRCh38_CMRG_82350	449
GRCh38_CMRG_83791	449
GRCh38_CMRG_10578	448
GRCh38_CMRG_11067	448
GRCh38_CMRG_18456	448
GRCh38_CMRG_18736	448
GRCh38_CMRG_24702	448
GRCh38_CMRG_24727	448
GRCh38_CMRG_24889	448
GRCh38_CMRG_2746	448
GRCh38_CMRG_29294	448
GRCh38_CMRG_31526	448
GRCh38_CMRG_33253	448
GRCh38_CMRG_36692	448
GRCh38_CMRG_38109	448
GRCh38_CMRG_40213	448
GRCh38_CMRG_44215	448
GRCh38_CMRG_45551	448
GRCh38_CMRG_45591	448
GRCh38_CMRG_47544	448
GRCh38_CMRG_50105	448
GRCh38_CMRG_53785	448
GRCh38_CMRG_54296	448
GRCh38_CMRG_55547	448
GRCh38_CMRG_60815	448
GRCh38_CMRG_60816	448
GRCh38_CMRG_64812	448
GRCh38_CMRG_68847	448
GRCh38_CMRG_71950	448
GRCh38_CMRG_72322	448
GRCh38_CMRG_73687	448
GRCh38_CMRG_77075	448
GRCh38_CMRG_82464	448
GRCh38_CMRG_8324	448
GRCh38_CMRG_84350	448
GRCh38_CMRG_11038	447
GRCh38_CMRG_11049	447
GRCh38_CMRG_13394	447
GRCh38_CMRG_14433	447
GRCh38_CMRG_1558	447
GRCh38_CMRG_17850	447
GRCh38_CMRG_18584	447
GRCh38_CMRG_21798	447
GRCh38_CMRG_23656	447
GRCh38_CMRG_24700	447
GRCh38_CMRG_2659	447
GRCh38_CMRG_2660	447
GRCh38_CMRG_28326	447
GRCh38_CMRG_48745	447
GRCh38_CMRG_52239	447
GRCh38_CMRG_53330	447
GRCh38_CMRG_60076	447
GRCh38_CMRG_7059	447
GRCh38_CMRG_77571	447
GRCh38_CMRG_77711	447
GRCh38_CMRG_82923	447
GRCh38_CMRG_9507	447
GRCh38_CMRG_11815	446
GRCh38_CMRG_14893	446
GRCh38_CMRG_18398	446
GRCh38_CMRG_20013	446
GRCh38_CMRG_23877	446
GRCh38_CMRG_32418	446
GRCh38_CMRG_39530	446
GRCh38_CMRG_46347	446
GRCh38_CMRG_46348	446
GRCh38_CMRG_47199	446
GRCh38_CMRG_49383	446
GRCh38_CMRG_49765	446
GRCh38_CMRG_50946	446
GRCh38_CMRG_53648	446
GRCh38_CMRG_59656	446
GRCh38_CMRG_64950	446
GRCh38_CMRG_68932	446
GRCh38_CMRG_69878	446
GRCh38_CMRG_72979	446
GRCh38_CMRG_9227	446
GRCh38_CMRG_10832	445
GRCh38_CMRG_15287	445
GRCh38_CMRG_19533	445
GRCh38_CMRG_23433	445
GRCh38_CMRG_24784	445
GRCh38_CMRG_29956	445
GRCh38_CMRG_33040	445
GRCh38_CMRG_35862	445
GRCh38_CMRG_36529	445
GRCh38_CMRG_46070	445
GRCh38_CMRG_47198	445
GRCh38_CMRG_49349	445
GRCh38_CMRG_51962	445
GRCh38_CMRG_55539	445
GRCh38_CMRG_59779	445
GRCh38_CMRG_60555	445
GRCh38_CMRG_67991	445
GRCh38_CMRG_68381	445
GRCh38_CMRG_7933	445
GRCh38_CMRG_13418	444
GRCh38_CMRG_18341	444
GRCh38_CMRG_22032	444
GRCh38_CMRG_2747	444
GRCh38_CMRG_27527	444
GRCh38_CMRG_2825	444
GRCh38_CMRG_31426	444
GRCh38_CMRG_32867	444
GRCh38_CMRG_36065	444
GRCh38_CMRG_42146	444
GRCh38_CMRG_47177	444
GRCh38_CMRG_47178	444
GRCh38_CMRG_52222	444
GRCh38_CMRG_5830	444
GRCh38_CMRG_59259	444
GRCh38_CMRG_6006	444
GRCh38_CMRG_62261	444
GRCh38_CMRG_62263	444
GRCh38_CMRG_62478	444
GRCh38_CMRG_64470	444
GRCh38_CMRG_6917	444
GRCh38_CMRG_7028	444
GRCh38_CMRG_71494	444
GRCh38_CMRG_7274	444
GRCh38_CMRG_74527	444
GRCh38_CMRG_77216	444
GRCh38_CMRG_14539	443
GRCh38_CMRG_15002	443
GRCh38_CMRG_23819	443
GRCh38_CMRG_24662	443
GRCh38_CMRG_30781	443
GRCh38_CMRG_33351	443
GRCh38_CMRG_37336	443
GRCh38_CMRG_37765	443
GRCh38_CMRG_40702	443
GRCh38_CMRG_43791	443
GRCh38_CMRG_45808	443
GRCh38_CMRG_51655	443
GRCh38_CMRG_52738	443
GRCh38_CMRG_53465	443
GRCh38_CMRG_54470	443
GRCh38_CMRG_59473	443
GRCh38_CMRG_62260	443
GRCh38_CMRG_6609	443
GRCh38_CMRG_67304	443
GRCh38_CMRG_73156	443
GRCh38_CMRG_73157	443
GRCh38_CMRG_73386	443
GRCh38_CMRG_83805	443
GRCh38_CMRG_14418	442
GRCh38_CMRG_19109	442
GRCh38_CMRG_19476	442
GRCh38_CMRG_27279	442
GRCh38_CMRG_27803	442
GRCh38_CMRG_29845	442
GRCh38_CMRG_33139	442
GRCh38_CMRG_33342	442
GRCh38_CMRG_33349	442
GRCh38_CMRG_33461	442
GRCh38_CMRG_39672	442
GRCh38_CMRG_46192	442
GRCh38_CMRG_48743	442
GRCh38_CMRG_62397	442
GRCh38_CMRG_72032	442
GRCh38_CMRG_84572	442
GRCh38_CMRG_12167	441
GRCh38_CMRG_12743	441
GRCh38_CMRG_15016	441
GRCh38_CMRG_24264	441
GRCh38_CMRG_29104	441
GRCh38_CMRG_30927	441
GRCh38_CMRG_33364	441
GRCh38_CMRG_42361	441
GRCh38_CMRG_48994	441
GRCh38_CMRG_51107	441
GRCh38_CMRG_58236	441
GRCh38_CMRG_60093	441
GRCh38_CMRG_61829	441
GRCh38_CMRG_64736	441
GRCh38_CMRG_65140	441
GRCh38_CMRG_71874	441
GRCh38_CMRG_75550	441
GRCh38_CMRG_18570	440
GRCh38_CMRG_19779	440
GRCh38_CMRG_27400	440
GRCh38_CMRG_33623	440
GRCh38_CMRG_39397	440
GRCh38_CMRG_43661	440
GRCh38_CMRG_45498	440
GRCh38_CMRG_46194	440
GRCh38_CMRG_52521	440
GRCh38_CMRG_6665	440
GRCh38_CMRG_72288	440
GRCh38_CMRG_22936	439
GRCh38_CMRG_2440	439
GRCh38_CMRG_26077	439
GRCh38_CMRG_28510	439
GRCh38_CMRG_32632	439
GRCh38_CMRG_36597	439
GRCh38_CMRG_36739	439
GRCh38_CMRG_36995	439
GRCh38_CMRG_45110	439
GRCh38_CMRG_45755	439
GRCh38_CMRG_49631	439
GRCh38_CMRG_51110	439
GRCh38_CMRG_51758	439
GRCh38_CMRG_52322	439
GRCh38_CMRG_55284	439
GRCh38_CMRG_58125	439
GRCh38_CMRG_6005	439
GRCh38_CMRG_61053	439
GRCh38_CMRG_61393	439
GRCh38_CMRG_618	439
GRCh38_CMRG_6415	439
GRCh38_CMRG_64740	439
GRCh38_CMRG_67273	439
GRCh38_CMRG_72031	439
GRCh38_CMRG_73028	439
GRCh38_CMRG_73398	439
GRCh38_CMRG_7742	439
GRCh38_CMRG_81712	439
GRCh38_CMRG_9634	439
GRCh38_CMRG_14002	438
GRCh38_CMRG_14003	438
GRCh38_CMRG_19951	438
GRCh38_CMRG_35781	438
GRCh38_CMRG_39382	438
GRCh38_CMRG_41475	438
GRCh38_CMRG_43725	438
GRCh38_CMRG_45392	438
GRCh38_CMRG_46394	438
GRCh38_CMRG_50378	438
GRCh38_CMRG_52686	438
GRCh38_CMRG_55778	438
GRCh38_CMRG_58253	438
GRCh38_CMRG_60086	438
GRCh38_CMRG_60880	438
GRCh38_CMRG_62138	438
GRCh38_CMRG_64329	438
GRCh38_CMRG_64452	438
GRCh38_CMRG_66116	438
GRCh38_CMRG_68994	438
GRCh38_CMRG_74711	438
GRCh38_CMRG_79444	438
GRCh38_CMRG_1090	437
GRCh38_CMRG_11238	437
GRCh38_CMRG_11335	437
GRCh38_CMRG_15576	437
GRCh38_CMRG_17748	437
GRCh38_CMRG_18723	437
GRCh38_CMRG_18724	437
GRCh38_CMRG_37454	437
GRCh38_CMRG_37747	437
GRCh38_CMRG_40134	437
GRCh38_CMRG_424	437
GRCh38_CMRG_55	437
GRCh38_CMRG_68782	437
GRCh38_CMRG_71330	437
GRCh38_CMRG_79007	437
GRCh38_CMRG_8111	437
GRCh38_CMRG_818	437
GRCh38_CMRG_82915	437
GRCh38_CMRG_8905	437
GRCh38_CMRG_13115	436
GRCh38_CMRG_14715	436
GRCh38_CMRG_26814	436
GRCh38_CMRG_2743	436
GRCh38_CMRG_31893	436
GRCh38_CMRG_32552	436
GRCh38_CMRG_37736	436
GRCh38_CMRG_38137	436
GRCh38_CMRG_38200	436
GRCh38_CMRG_39090	436
GRCh38_CMRG_39183	436
GRCh38_CMRG_39665	436
GRCh38_CMRG_39972	436
GRCh38_CMRG_49072	436
GRCh38_CMRG_51312	436
GRCh38_CMRG_52482	436
GRCh38_CMRG_61337	436
GRCh38_CMRG_65798	436
GRCh38_CMRG_65808	436
GRCh38_CMRG_72779	436
GRCh38_CMRG_82348	436
GRCh38_CMRG_82532	436
GRCh38_CMRG_82731	436
GRCh38_CMRG_9672	436
GRCh38_CMRG_9898	436
GRCh38_CMRG_1452	435
GRCh38_CMRG_18633	435
GRCh38_CMRG_18982	435
GRCh38_CMRG_23102	435
GRCh38_CMRG_23103	435
GRCh38_CMRG_24280	435
GRCh38_CMRG_2511	435
GRCh38_CMRG_25193	435
GRCh38_CMRG_25400	435
GRCh38_CMRG_31448	435
GRCh38_CMRG_32945	435
GRCh38_CMRG_39508	435
GRCh38_CMRG_40390	435
GRCh38_CMRG_44664	435
GRCh38_CMRG_44924	435
GRCh38_CMRG_45350	435
GRCh38_CMRG_45703	435
GRCh38_CMRG_51331	435
GRCh38_CMRG_53178	435
GRCh38_CMRG_53389	435
GRCh38_CMRG_59526	435
GRCh38_CMRG_64400	435
GRCh38_CMRG_72134	435
GRCh38_CMRG_75409	435
GRCh38_CMRG_79870	435
GRCh38_CMRG_21353	434
GRCh38_CMRG_26245	434
GRCh38_CMRG_26986	434
GRCh38_CMRG_27308	434
GRCh38_CMRG_27876	434
GRCh38_CMRG_33456	434
GRCh38_CMRG_37717	434
GRCh38_CMRG_45678	434
GRCh38_CMRG_46985	434
GRCh38_CMRG_48066	434
GRCh38_CMRG_49118	434
GRCh38_CMRG_55503	434
GRCh38_CMRG_58320	434
GRCh38_CMRG_60391	434
GRCh38_CMRG_60453	434
GRCh38_CMRG_61543	434
GRCh38_CMRG_61760	434
GRCh38_CMRG_65379	434
GRCh38_CMRG_67305	434
GRCh38_CMRG_80827	434
GRCh38_CMRG_81198	434
GRCh38_CMRG_81335	434
GRCh38_CMRG_82463	434
GRCh38_CMRG_17526	433
GRCh38_CMRG_17707	433
GRCh38_CMRG_18107	433
GRCh38_CMRG_22111	433
GRCh38_CMRG_24694	433
GRCh38_CMRG_32079	433
GRCh38_CMRG_32525	433
GRCh38_CMRG_38913	433
GRCh38_CMRG_39307	433
GRCh38_CMRG_41482	433
GRCh38_CMRG_47218	433
GRCh38_CMRG_47379	433
GRCh38_CMRG_49737	433
GRCh38_CMRG_514	433
GRCh38_CMRG_515	433
GRCh38_CMRG_63379	433
GRCh38_CMRG_68981	433
GRCh38_CMRG_73433	433
GRCh38_CMRG_75365	433
GRCh38_CMRG_83253	433
GRCh38_CMRG_854	433
GRCh38_CMRG_9408	433
GRCh38_CMRG_11939	432
GRCh38_CMRG_11940	432
GRCh38_CMRG_13327	432
GRCh38_CMRG_22540	432
GRCh38_CMRG_2873	432
GRCh38_CMRG_31335	432
GRCh38_CMRG_39345	432
GRCh38_CMRG_41187	432
GRCh38_CMRG_41593	432
GRCh38_CMRG_59328	432
GRCh38_CMRG_59783	432
GRCh38_CMRG_6093	432
GRCh38_CMRG_61657	432
GRCh38_CMRG_65147	432
GRCh38_CMRG_73368	432
GRCh38_CMRG_73725	432
GRCh38_CMRG_74379	432
GRCh38_CMRG_77059	432
GRCh38_CMRG_80006	432
GRCh38_CMRG_82309	432
GRCh38_CMRG_1091	431
GRCh38_CMRG_13038	431
GRCh38_CMRG_13396	431
GRCh38_CMRG_15155	431
GRCh38_CMRG_1743	431
GRCh38_CMRG_18712	431
GRCh38_CMRG_47124	431
GRCh38_CMRG_50841	431
GRCh38_CMRG_52238	431
GRCh38_CMRG_59260	431
GRCh38_CMRG_60301	431
GRCh38_CMRG_60342	431
GRCh38_CMRG_68464	431
GRCh38_CMRG_71	431
GRCh38_CMRG_72916	431
GRCh38_CMRG_73353	431
GRCh38_CMRG_77187	431
GRCh38_CMRG_81528	431
GRCh38_CMRG_84375	431
GRCh38_CMRG_27019	430
GRCh38_CMRG_27084	430
GRCh38_CMRG_28402	430
GRCh38_CMRG_38810	430
GRCh38_CMRG_45493	430
GRCh38_CMRG_53657	430
GRCh38_CMRG_55666	430
GRCh38_CMRG_65661	430
GRCh38_CMRG_67977	430
GRCh38_CMRG_68462	430
GRCh38_CMRG_68463	430
GRCh38_CMRG_74858	430
GRCh38_CMRG_75460	430
GRCh38_CMRG_77585	430
GRCh38_CMRG_11534	429
GRCh38_CMRG_21700	429
GRCh38_CMRG_23458	429
GRCh38_CMRG_23713	429
GRCh38_CMRG_27325	429
GRCh38_CMRG_33220	429
GRCh38_CMRG_36955	429
GRCh38_CMRG_39644	429
GRCh38_CMRG_44067	429
GRCh38_CMRG_48031	429
GRCh38_CMRG_50969	429
GRCh38_CMRG_51023	429
GRCh38_CMRG_53884	429
GRCh38_CMRG_72812	429
GRCh38_CMRG_74856	429
GRCh38_CMRG_7801	429
GRCh38_CMRG_7802	429
GRCh38_CMRG_78865	429
GRCh38_CMRG_79446	429
GRCh38_CMRG_82453	429
GRCh38_CMRG_82475	429
GRCh38_CMRG_84287	429
GRCh38_CMRG_12774	428
GRCh38_CMRG_19812	428
GRCh38_CMRG_21698	428
GRCh38_CMRG_22750	428
GRCh38_CMRG_28192	428
GRCh38_CMRG_28385	428
GRCh38_CMRG_28398	428
GRCh38_CMRG_29200	428
GRCh38_CMRG_29513	428
GRCh38_CMRG_32355	428
GRCh38_CMRG_32519	428
GRCh38_CMRG_41319	428
GRCh38_CMRG_43953	428
GRCh38_CMRG_45496	428
GRCh38_CMRG_49883	428
GRCh38_CMRG_52593	428
GRCh38_CMRG_61112	428
GRCh38_CMRG_61206	428
GRCh38_CMRG_6424	428
GRCh38_CMRG_65219	428
GRCh38_CMRG_67450	428
GRCh38_CMRG_70734	428
GRCh38_CMRG_71441	428
GRCh38_CMRG_7279	428
GRCh38_CMRG_73182	428
GRCh38_CMRG_73778	428
GRCh38_CMRG_76845	428
GRCh38_CMRG_81539	428
GRCh38_CMRG_83180	428
GRCh38_CMRG_84092	428
GRCh38_CMRG_8953	428
GRCh38_CMRG_13002	427
GRCh38_CMRG_13619	427
GRCh38_CMRG_15620	427
GRCh38_CMRG_22261	427
GRCh38_CMRG_29919	427
GRCh38_CMRG_31161	427
GRCh38_CMRG_31368	427
GRCh38_CMRG_32094	427
GRCh38_CMRG_39149	427
GRCh38_CMRG_39373	427
GRCh38_CMRG_44365	427
GRCh38_CMRG_49370	427
GRCh38_CMRG_51763	427
GRCh38_CMRG_59963	427
GRCh38_CMRG_64363	427
GRCh38_CMRG_69619	427
GRCh38_CMRG_72806	427
GRCh38_CMRG_76848	427
GRCh38_CMRG_7689	427
GRCh38_CMRG_82300	427
GRCh38_CMRG_10611	426
GRCh38_CMRG_10639	426
GRCh38_CMRG_10640	426
GRCh38_CMRG_12031	426
GRCh38_CMRG_1391	426
GRCh38_CMRG_15538	426
GRCh38_CMRG_21782	426
GRCh38_CMRG_23983	426
GRCh38_CMRG_24386	426
GRCh38_CMRG_26435	426
GRCh38_CMRG_32011	426
GRCh38_CMRG_32429	426
GRCh38_CMRG_37087	426
GRCh38_CMRG_38957	426
GRCh38_CMRG_43893	426
GRCh38_CMRG_44693	426
GRCh38_CMRG_45879	426
GRCh38_CMRG_46026	426
GRCh38_CMRG_47170	426
GRCh38_CMRG_52709	426
GRCh38_CMRG_68174	426
GRCh38_CMRG_68925	426
GRCh38_CMRG_72028	426
GRCh38_CMRG_74665	426
GRCh38_CMRG_7659	426
GRCh38_CMRG_77092	426
GRCh38_CMRG_79054	426
GRCh38_CMRG_79620	426
GRCh38_CMRG_96	426
GRCh38_CMRG_9666	426
GRCh38_CMRG_12537	425
GRCh38_CMRG_12989	425
GRCh38_CMRG_13620	425
GRCh38_CMRG_21795	425
GRCh38_CMRG_24644	425
GRCh38_CMRG_25023	425
GRCh38_CMRG_26655	425
GRCh38_CMRG_28197	425
GRCh38_CMRG_34623	425
GRCh38_CMRG_37748	425
GRCh38_CMRG_38572	425
GRCh38_CMRG_49577	425
GRCh38_CMRG_51688	425
GRCh38_CMRG_53644	425
GRCh38_CMRG_54020	425
GRCh38_CMRG_58126	425
GRCh38_CMRG_59834	425
GRCh38_CMRG_614	425
GRCh38_CMRG_6284	425
GRCh38_CMRG_64942	425
GRCh38_CMRG_65222	425
GRCh38_CMRG_67221	425
GRCh38_CMRG_77078	425
GRCh38_CMRG_79719	425
GRCh38_CMRG_79980	425
GRCh38_CMRG_81571	425
GRCh38_CMRG_82421	425
GRCh38_CMRG_8514	425
GRCh38_CMRG_9200	425
GRCh38_CMRG_13012	424
GRCh38_CMRG_13379	424
GRCh38_CMRG_14143	424
GRCh38_CMRG_19920	424
GRCh38_CMRG_24098	424
GRCh38_CMRG_24135	424
GRCh38_CMRG_28202	424
GRCh38_CMRG_33248	424
GRCh38_CMRG_33806	424
GRCh38_CMRG_38931	424
GRCh38_CMRG_42427	424
GRCh38_CMRG_54752	424
GRCh38_CMRG_64134	424
GRCh38_CMRG_74324	424
GRCh38_CMRG_77413	424
GRCh38_CMRG_81005	424
GRCh38_CMRG_83030	424
GRCh38_CMRG_11726	423
GRCh38_CMRG_12187	423
GRCh38_CMRG_12188	423
GRCh38_CMRG_15056	423
GRCh38_CMRG_16796	423
GRCh38_CMRG_23577	423
GRCh38_CMRG_23916	423
GRCh38_CMRG_24414	423
GRCh38_CMRG_25249	423
GRCh38_CMRG_2901	423
GRCh38_CMRG_33169	423
GRCh38_CMRG_52113	423
GRCh38_CMRG_55147	423
GRCh38_CMRG_55150	423
GRCh38_CMRG_5985	423
GRCh38_CMRG_70218	423
GRCh38_CMRG_7212	423
GRCh38_CMRG_7655	423
GRCh38_CMRG_82447	423
GRCh38_CMRG_83770	423
GRCh38_CMRG_84441	423
GRCh38_CMRG_9293	423
GRCh38_CMRG_18417	422
GRCh38_CMRG_18713	422
GRCh38_CMRG_20947	422
GRCh38_CMRG_22230	422
GRCh38_CMRG_22489	422
GRCh38_CMRG_24553	422
GRCh38_CMRG_24554	422
GRCh38_CMRG_2601	422
GRCh38_CMRG_28562	422
GRCh38_CMRG_34329	422
GRCh38_CMRG_49972	422
GRCh38_CMRG_50134	422
GRCh38_CMRG_60142	422
GRCh38_CMRG_60638	422
GRCh38_CMRG_60843	422
GRCh38_CMRG_62268	422
GRCh38_CMRG_6422	422
GRCh38_CMRG_74690	422
GRCh38_CMRG_8165	422
GRCh38_CMRG_82703	422
GRCh38_CMRG_83996	422
GRCh38_CMRG_9613	422
GRCh38_CMRG_19396	421
GRCh38_CMRG_22408	421
GRCh38_CMRG_24363	421
GRCh38_CMRG_26213	421
GRCh38_CMRG_29590	421
GRCh38_CMRG_29944	421
GRCh38_CMRG_33827	421
GRCh38_CMRG_40999	421
GRCh38_CMRG_41208	421
GRCh38_CMRG_45646	421
GRCh38_CMRG_47725	421
GRCh38_CMRG_50743	421
GRCh38_CMRG_50744	421
GRCh38_CMRG_63304	421
GRCh38_CMRG_69550	421
GRCh38_CMRG_81978	421
GRCh38_CMRG_10523	420
GRCh38_CMRG_13263	420
GRCh38_CMRG_21640	420
GRCh38_CMRG_2177	420
GRCh38_CMRG_24387	420
GRCh38_CMRG_28198	420
GRCh38_CMRG_32646	420
GRCh38_CMRG_37586	420
GRCh38_CMRG_40104	420
GRCh38_CMRG_50135	420
GRCh38_CMRG_58294	420
GRCh38_CMRG_58438	420
GRCh38_CMRG_58747	420
GRCh38_CMRG_68798	420
GRCh38_CMRG_68799	420
GRCh38_CMRG_72145	420
GRCh38_CMRG_77465	420
GRCh38_CMRG_79543	420
GRCh38_CMRG_82567	420
GRCh38_CMRG_82619	420
GRCh38_CMRG_84872	420
GRCh38_CMRG_9765	420
GRCh38_CMRG_13262	419
GRCh38_CMRG_24962	419
GRCh38_CMRG_29015	419
GRCh38_CMRG_38236	419
GRCh38_CMRG_40103	419
GRCh38_CMRG_40528	419
GRCh38_CMRG_408	419
GRCh38_CMRG_47873	419
GRCh38_CMRG_48030	419
GRCh38_CMRG_48548	419
GRCh38_CMRG_58956	419
GRCh38_CMRG_63499	419
GRCh38_CMRG_6369	419
GRCh38_CMRG_76671	419
GRCh38_CMRG_78987	419
GRCh38_CMRG_8226	419
GRCh38_CMRG_82380	419
GRCh38_CMRG_843	419
GRCh38_CMRG_9291	419
GRCh38_CMRG_16566	418
GRCh38_CMRG_18719	418
GRCh38_CMRG_18720	418
GRCh38_CMRG_22889	418
GRCh38_CMRG_28393	418
GRCh38_CMRG_29051	418
GRCh38_CMRG_30837	418
GRCh38_CMRG_31386	418
GRCh38_CMRG_32341	418
GRCh38_CMRG_40437	418
GRCh38_CMRG_40953	418
GRCh38_CMRG_41546	418
GRCh38_CMRG_43907	418
GRCh38_CMRG_54733	418
GRCh38_CMRG_60448	418
GRCh38_CMRG_61594	418
GRCh38_CMRG_65223	418
GRCh38_CMRG_67011	418
GRCh38_CMRG_67767	418
GRCh38_CMRG_75176	418
GRCh38_CMRG_75177	418
GRCh38_CMRG_78988	418
GRCh38_CMRG_82580	418
GRCh38_CMRG_8271	418
GRCh38_CMRG_83314	418
GRCh38_CMRG_14768	417
GRCh38_CMRG_1861	417
GRCh38_CMRG_2073	417
GRCh38_CMRG_24862	417
GRCh38_CMRG_2541	417
GRCh38_CMRG_29078	417
GRCh38_CMRG_38239	417
GRCh38_CMRG_48673	417
GRCh38_CMRG_53123	417
GRCh38_CMRG_54896	417
GRCh38_CMRG_62515	417
GRCh38_CMRG_67892	417
GRCh38_CMRG_70979	417
GRCh38_CMRG_74281	417
GRCh38_CMRG_76466	417
GRCh38_CMRG_13145	416
GRCh38_CMRG_13828	416
GRCh38_CMRG_14483	416
GRCh38_CMRG_21596	416
GRCh38_CMRG_23469	416
GRCh38_CMRG_27861	416
GRCh38_CMRG_34126	416
GRCh38_CMRG_37264	416
GRCh38_CMRG_42087	416
GRCh38_CMRG_51605	416
GRCh38_CMRG_53047	416
GRCh38_CMRG_58809	416
GRCh38_CMRG_59118	416
GRCh38_CMRG_59314	416
GRCh38_CMRG_64011	416
GRCh38_CMRG_73119	416
GRCh38_CMRG_76570	416
GRCh38_CMRG_82863	416
GRCh38_CMRG_11634	415
GRCh38_CMRG_16584	415
GRCh38_CMRG_19560	415
GRCh38_CMRG_23860	415
GRCh38_CMRG_24310	415
GRCh38_CMRG_38345	415
GRCh38_CMRG_40436	415
GRCh38_CMRG_40645	415
GRCh38_CMRG_48977	415
GRCh38_CMRG_49928	415
GRCh38_CMRG_517	415
GRCh38_CMRG_60479	415
GRCh38_CMRG_60480	415
GRCh38_CMRG_64261	415
GRCh38_CMRG_67034	415
GRCh38_CMRG_68243	415
GRCh38_CMRG_73117	415
GRCh38_CMRG_74608	415
GRCh38_CMRG_77076	415
GRCh38_CMRG_7989	415
GRCh38_CMRG_83060	415
GRCh38_CMRG_83094	415
GRCh38_CMRG_84201	415
GRCh38_CMRG_17753	414
GRCh38_CMRG_21147	414
GRCh38_CMRG_22176	414
GRCh38_CMRG_23111	414
GRCh38_CMRG_24012	414
GRCh38_CMRG_25872	414
GRCh38_CMRG_28110	414
GRCh38_CMRG_32944	414
GRCh38_CMRG_33638	414
GRCh38_CMRG_44015	414
GRCh38_CMRG_49075	414
GRCh38_CMRG_50544	414
GRCh38_CMRG_53663	414
GRCh38_CMRG_58704	414
GRCh38_CMRG_61537	414
GRCh38_CMRG_64697	414
GRCh38_CMRG_70607	414
GRCh38_CMRG_74349	414
GRCh38_CMRG_75200	414
GRCh38_CMRG_76622	414
GRCh38_CMRG_76808	414
GRCh38_CMRG_76812	414
GRCh38_CMRG_79099	414
GRCh38_CMRG_79593	414
GRCh38_CMRG_80009	414
GRCh38_CMRG_81200	414
GRCh38_CMRG_82494	414
GRCh38_CMRG_82601	414
GRCh38_CMRG_11210	413
GRCh38_CMRG_1175	413
GRCh38_CMRG_11835	413
GRCh38_CMRG_17525	413
GRCh38_CMRG_19584	413
GRCh38_CMRG_33232	413
GRCh38_CMRG_33279	413
GRCh38_CMRG_33946	413
GRCh38_CMRG_36271	413
GRCh38_CMRG_39395	413
GRCh38_CMRG_49005	413
GRCh38_CMRG_54461	413
GRCh38_CMRG_55290	413
GRCh38_CMRG_59228	413
GRCh38_CMRG_72205	413
GRCh38_CMRG_73664	413
GRCh38_CMRG_75577	413
GRCh38_CMRG_76917	413
GRCh38_CMRG_78965	413
GRCh38_CMRG_8105	413
GRCh38_CMRG_84343	413
GRCh38_CMRG_13972	412
GRCh38_CMRG_19081	412
GRCh38_CMRG_21303	412
GRCh38_CMRG_31461	412
GRCh38_CMRG_32023	412
GRCh38_CMRG_32024	412
GRCh38_CMRG_50781	412
GRCh38_CMRG_52565	412
GRCh38_CMRG_52569	412
GRCh38_CMRG_52982	412
GRCh38_CMRG_55161	412
GRCh38_CMRG_58168	412
GRCh38_CMRG_58169	412
GRCh38_CMRG_61152	412
GRCh38_CMRG_63652	412
GRCh38_CMRG_6583	412
GRCh38_CMRG_68433	412
GRCh38_CMRG_69222	412
GRCh38_CMRG_69324	412
GRCh38_CMRG_69396	412
GRCh38_CMRG_79098	412
GRCh38_CMRG_82298	412
GRCh38_CMRG_9543	412
GRCh38_CMRG_15098	411
GRCh38_CMRG_1838	411
GRCh38_CMRG_19539	411
GRCh38_CMRG_21650	411
GRCh38_CMRG_28886	411
GRCh38_CMRG_29873	411
GRCh38_CMRG_31644	411
GRCh38_CMRG_32095	411
GRCh38_CMRG_32951	411
GRCh38_CMRG_37532	411
GRCh38_CMRG_44148	411
GRCh38_CMRG_45473	411
GRCh38_CMRG_51393	411
GRCh38_CMRG_54142	411
GRCh38_CMRG_58953	411
GRCh38_CMRG_60008	411
GRCh38_CMRG_68797	411
GRCh38_CMRG_71170	411
GRCh38_CMRG_7246	411
GRCh38_CMRG_75022	411
GRCh38_CMRG_75079	411
GRCh38_CMRG_77656	411
GRCh38_CMRG_84874	411
GRCh38_CMRG_10593	410
GRCh38_CMRG_12298	410
GRCh38_CMRG_17939	410
GRCh38_CMRG_26240	410
GRCh38_CMRG_32559	410
GRCh38_CMRG_38766	410
GRCh38_CMRG_55328	410
GRCh38_CMRG_5765	410
GRCh38_CMRG_67137	410
GRCh38_CMRG_75546	410
GRCh38_CMRG_80688	410
GRCh38_CMRG_81802	410
GRCh38_CMRG_8650	410
GRCh38_CMRG_14604	409
GRCh38_CMRG_17773	409
GRCh38_CMRG_22849	409
GRCh38_CMRG_26430	409
GRCh38_CMRG_27151	409
GRCh38_CMRG_36806	409
GRCh38_CMRG_37957	409
GRCh38_CMRG_42596	409
GRCh38_CMRG_44686	409
GRCh38_CMRG_49002	409
GRCh38_CMRG_51983	409
GRCh38_CMRG_53484	409
GRCh38_CMRG_68996	409
GRCh38_CMRG_70234	409
GRCh38_CMRG_7375	409
GRCh38_CMRG_74692	409
GRCh38_CMRG_79004	409
GRCh38_CMRG_82397	409
GRCh38_CMRG_18702	408
GRCh38_CMRG_21638	408
GRCh38_CMRG_23662	408
GRCh38_CMRG_23914	408
GRCh38_CMRG_31032	408
GRCh38_CMRG_32438	408
GRCh38_CMRG_32439	408
GRCh38_CMRG_41815	408
GRCh38_CMRG_45243	408
GRCh38_CMRG_48974	408
GRCh38_CMRG_61081	408
GRCh38_CMRG_61659	408
GRCh38_CMRG_62267	408
GRCh38_CMRG_62378	408
GRCh38_CMRG_62391	408
GRCh38_CMRG_70349	408
GRCh38_CMRG_74835	408
GRCh38_CMRG_77300	408
GRCh38_CMRG_10816	407
GRCh38_CMRG_12584	407
GRCh38_CMRG_14710	407
GRCh38_CMRG_16472	407
GRCh38_CMRG_2090	407
GRCh38_CMRG_2091	407
GRCh38_CMRG_27715	407
GRCh38_CMRG_46062	407
GRCh38_CMRG_52309	407
GRCh38_CMRG_55370	407
GRCh38_CMRG_68232	407
GRCh38_CMRG_70622	407
GRCh38_CMRG_72065	407
GRCh38_CMRG_72769	407
GRCh38_CMRG_79905	407
GRCh38_CMRG_8314	407
GRCh38_CMRG_84386	407
GRCh38_CMRG_8808	407
GRCh38_CMRG_11513	406
GRCh38_CMRG_18711	406
GRCh38_CMRG_24557	406
GRCh38_CMRG_24578	406
GRCh38_CMRG_26974	406
GRCh38_CMRG_29737	406
GRCh38_CMRG_48708	406
GRCh38_CMRG_48995	406
GRCh38_CMRG_52377	406
GRCh38_CMRG_60006	406
GRCh38_CMRG_6252	406
GRCh38_CMRG_70621	406
GRCh38_CMRG_71493	406
GRCh38_CMRG_716	406
GRCh38_CMRG_72761	406
GRCh38_CMRG_73560	406
GRCh38_CMRG_75578	406
GRCh38_CMRG_76682	406
GRCh38_CMRG_81759	406
GRCh38_CMRG_82111	406
GRCh38_CMRG_83985	406
GRCh38_CMRG_9331	406
GRCh38_CMRG_22458	405
GRCh38_CMRG_27539	405
GRCh38_CMRG_28725	405
GRCh38_CMRG_33162	405
GRCh38_CMRG_33178	405
GRCh38_CMRG_33524	405
GRCh38_CMRG_37819	405
GRCh38_CMRG_38205	405
GRCh38_CMRG_41792	405
GRCh38_CMRG_42573	405
GRCh38_CMRG_49110	405
GRCh38_CMRG_59636	405
GRCh38_CMRG_60456	405
GRCh38_CMRG_62141	405
GRCh38_CMRG_70793	405
GRCh38_CMRG_71491	405
GRCh38_CMRG_75404	405
GRCh38_CMRG_79890	405
GRCh38_CMRG_81758	405
GRCh38_CMRG_84290	405
GRCh38_CMRG_15070	404
GRCh38_CMRG_24828	404
GRCh38_CMRG_29178	404
GRCh38_CMRG_32977	404
GRCh38_CMRG_32978	404
GRCh38_CMRG_38967	404
GRCh38_CMRG_49284	404
GRCh38_CMRG_55189	404
GRCh38_CMRG_58537	404
GRCh38_CMRG_60370	404
GRCh38_CMRG_61155	404
GRCh38_CMRG_67978	404
GRCh38_CMRG_69321	404
GRCh38_CMRG_70946	404
GRCh38_CMRG_72767	404
GRCh38_CMRG_72768	404
GRCh38_CMRG_7770	404
GRCh38_CMRG_79759	404
GRCh38_CMRG_79858	404
GRCh38_CMRG_81883	404
GRCh38_CMRG_90	404
GRCh38_CMRG_12734	403
GRCh38_CMRG_13783	403
GRCh38_CMRG_2253	403
GRCh38_CMRG_24335	403
GRCh38_CMRG_24812	403
GRCh38_CMRG_26081	403
GRCh38_CMRG_29014	403
GRCh38_CMRG_29050	403
GRCh38_CMRG_29497	403
GRCh38_CMRG_31702	403
GRCh38_CMRG_32679	403
GRCh38_CMRG_32767	403
GRCh38_CMRG_32950	403
GRCh38_CMRG_40837	403
GRCh38_CMRG_45952	403
GRCh38_CMRG_45953	403
GRCh38_CMRG_46454	403
GRCh38_CMRG_48815	403
GRCh38_CMRG_51173	403
GRCh38_CMRG_52266	403
GRCh38_CMRG_58254	403
GRCh38_CMRG_59108	403
GRCh38_CMRG_65191	403
GRCh38_CMRG_74601	403
GRCh38_CMRG_8063	403
GRCh38_CMRG_84888	403
GRCh38_CMRG_9110	403
GRCh38_CMRG_10761	402
GRCh38_CMRG_12021	402
GRCh38_CMRG_1206	402
GRCh38_CMRG_13700	402
GRCh38_CMRG_14205	402
GRCh38_CMRG_18827	402
GRCh38_CMRG_18908	402
GRCh38_CMRG_24811	402
GRCh38_CMRG_25293	402
GRCh38_CMRG_29179	402
GRCh38_CMRG_29681	402
GRCh38_CMRG_32728	402
GRCh38_CMRG_38124	402
GRCh38_CMRG_44503	402
GRCh38_CMRG_52568	402
GRCh38_CMRG_60185	402
GRCh38_CMRG_60559	402
GRCh38_CMRG_61017	402
GRCh38_CMRG_62042	402
GRCh38_CMRG_7271	402
GRCh38_CMRG_79513	402
GRCh38_CMRG_79934	402
GRCh38_CMRG_81397	402
GRCh38_CMRG_82390	402
GRCh38_CMRG_8844	402
GRCh38_CMRG_8992	402
GRCh38_CMRG_10755	401
GRCh38_CMRG_13628	401
GRCh38_CMRG_14267	401
GRCh38_CMRG_14534	401
GRCh38_CMRG_15337	401
GRCh38_CMRG_15360	401
GRCh38_CMRG_32243	401
GRCh38_CMRG_35790	401
GRCh38_CMRG_40038	401
GRCh38_CMRG_46510	401
GRCh38_CMRG_49665	401
GRCh38_CMRG_51567	401
GRCh38_CMRG_51976	401
GRCh38_CMRG_54982	401
GRCh38_CMRG_561	401
GRCh38_CMRG_61328	401
GRCh38_CMRG_6822	401
GRCh38_CMRG_6854	401
GRCh38_CMRG_71340	401
GRCh38_CMRG_71851	401
GRCh38_CMRG_73247	401
GRCh38_CMRG_74572	401
GRCh38_CMRG_74592	401
GRCh38_CMRG_77376	401
GRCh38_CMRG_79526	401
GRCh38_CMRG_82882	401
GRCh38_CMRG_83525	401
GRCh38_CMRG_9893	401
GRCh38_CMRG_16812	400
GRCh38_CMRG_18938	400
GRCh38_CMRG_23793	400
GRCh38_CMRG_25890	400
GRCh38_CMRG_26191	400
GRCh38_CMRG_36465	400
GRCh38_CMRG_42239	400
GRCh38_CMRG_42391	400
GRCh38_CMRG_44321	400
GRCh38_CMRG_54269	400
GRCh38_CMRG_54270	400
GRCh38_CMRG_58078	400
GRCh38_CMRG_60869	400
GRCh38_CMRG_63555	400
GRCh38_CMRG_64946	400
GRCh38_CMRG_7355	400
GRCh38_CMRG_74514	400
GRCh38_CMRG_7572	400
GRCh38_CMRG_83663	400
GRCh38_CMRG_8900	400
GRCh38_CMRG_8906	400
GRCh38_CMRG_18694	399
GRCh38_CMRG_19340	399
GRCh38_CMRG_21296	399
GRCh38_CMRG_21473	399
GRCh38_CMRG_26733	399
GRCh38_CMRG_28099	399
GRCh38_CMRG_31766	399
GRCh38_CMRG_32546	399
GRCh38_CMRG_33113	399
GRCh38_CMRG_33580	399
GRCh38_CMRG_60576	399
GRCh38_CMRG_61540	399
GRCh38_CMRG_68009	399
GRCh38_CMRG_68010	399
GRCh38_CMRG_71600	399
GRCh38_CMRG_7174	399
GRCh38_CMRG_75044	399
GRCh38_CMRG_79443	399
GRCh38_CMRG_79803	399
GRCh38_CMRG_8000	399
GRCh38_CMRG_8062	399
GRCh38_CMRG_81834	399
GRCh38_CMRG_81856	399
GRCh38_CMRG_9233	399
GRCh38_CMRG_13535	398
GRCh38_CMRG_1855	398
GRCh38_CMRG_22253	398
GRCh38_CMRG_22402	398
GRCh38_CMRG_24768	398
GRCh38_CMRG_29604	398
GRCh38_CMRG_30031	398
GRCh38_CMRG_33173	398
GRCh38_CMRG_33501	398
GRCh38_CMRG_38998	398
GRCh38_CMRG_40118	398
GRCh38_CMRG_46571	398
GRCh38_CMRG_48133	398
GRCh38_CMRG_52642	398
GRCh38_CMRG_53156	398
GRCh38_CMRG_53358	398
GRCh38_CMRG_53955	398
GRCh38_CMRG_55763	398
GRCh38_CMRG_62181	398
GRCh38_CMRG_62211	398
GRCh38_CMRG_65395	398
GRCh38_CMRG_72067	398
GRCh38_CMRG_72723	398
GRCh38_CMRG_83877	398
GRCh38_CMRG_8904	398
GRCh38_CMRG_18031	397
GRCh38_CMRG_191	397
GRCh38_CMRG_23466	397
GRCh38_CMRG_23565	397
GRCh38_CMRG_23748	397
GRCh38_CMRG_26680	397
GRCh38_CMRG_33037	397
GRCh38_CMRG_37664	397
GRCh38_CMRG_40399	397
GRCh38_CMRG_45753	397
GRCh38_CMRG_45771	397
GRCh38_CMRG_51052	397
GRCh38_CMRG_59268	397
GRCh38_CMRG_60588	397
GRCh38_CMRG_63769	397
GRCh38_CMRG_67795	397
GRCh38_CMRG_68052	397
GRCh38_CMRG_68505	397
GRCh38_CMRG_69649	397
GRCh38_CMRG_72383	397
GRCh38_CMRG_74667	397
GRCh38_CMRG_74668	397
GRCh38_CMRG_81531	397
GRCh38_CMRG_16971	396
GRCh38_CMRG_18622	396
GRCh38_CMRG_1975	396
GRCh38_CMRG_22747	396
GRCh38_CMRG_27150	396
GRCh38_CMRG_27366	396
GRCh38_CMRG_29082	396
GRCh38_CMRG_29495	396
GRCh38_CMRG_29733	396
GRCh38_CMRG_32790	396
GRCh38_CMRG_34484	396
GRCh38_CMRG_37645	396
GRCh38_CMRG_41069	396
GRCh38_CMRG_51811	396
GRCh38_CMRG_54726	396
GRCh38_CMRG_55563	396
GRCh38_CMRG_58739	396
GRCh38_CMRG_59218	396
GRCh38_CMRG_62217	396
GRCh38_CMRG_67067	396
GRCh38_CMRG_70019	396
GRCh38_CMRG_70584	396
GRCh38_CMRG_70770	396
GRCh38_CMRG_7767	396
GRCh38_CMRG_83835	396
GRCh38_CMRG_9096	396
GRCh38_CMRG_9544	396
GRCh38_CMRG_13252	395
GRCh38_CMRG_184	395
GRCh38_CMRG_185	395
GRCh38_CMRG_26703	395
GRCh38_CMRG_29802	395
GRCh38_CMRG_33274	395
GRCh38_CMRG_37585	395
GRCh38_CMRG_40930	395
GRCh38_CMRG_43704	395
GRCh38_CMRG_46297	395
GRCh38_CMRG_48806	395
GRCh38_CMRG_49000	395
GRCh38_CMRG_59411	395
GRCh38_CMRG_609	395
GRCh38_CMRG_61833	395
GRCh38_CMRG_6362	395
GRCh38_CMRG_71783	395
GRCh38_CMRG_73849	395
GRCh38_CMRG_75401	395
GRCh38_CMRG_77047	395
GRCh38_CMRG_79603	395
GRCh38_CMRG_82666	395
GRCh38_CMRG_8913	395
GRCh38_CMRG_170	394
GRCh38_CMRG_17297	394
GRCh38_CMRG_17721	394
GRCh38_CMRG_19345	394
GRCh38_CMRG_21823	394
GRCh38_CMRG_22260	394
GRCh38_CMRG_26432	394
GRCh38_CMRG_28144	394
GRCh38_CMRG_28513	394
GRCh38_CMRG_37401	394
GRCh38_CMRG_42319	394
GRCh38_CMRG_46295	394
GRCh38_CMRG_46493	394
GRCh38_CMRG_52350	394
GRCh38_CMRG_52617	394
GRCh38_CMRG_60272	394
GRCh38_CMRG_70248	394
GRCh38_CMRG_70312	394
GRCh38_CMRG_7062	394
GRCh38_CMRG_70779	394
GRCh38_CMRG_73670	394
GRCh38_CMRG_74424	394
GRCh38_CMRG_749	394
GRCh38_CMRG_80011	394
GRCh38_CMRG_82379	394
GRCh38_CMRG_82530	394
GRCh38_CMRG_83884	394
GRCh38_CMRG_13356	393
GRCh38_CMRG_18939	393
GRCh38_CMRG_26289	393
GRCh38_CMRG_27516	393
GRCh38_CMRG_29080	393
GRCh38_CMRG_34205	393
GRCh38_CMRG_34639	393
GRCh38_CMRG_36479	393
GRCh38_CMRG_36553	393
GRCh38_CMRG_37936	393
GRCh38_CMRG_40401	393
GRCh38_CMRG_45141	393
GRCh38_CMRG_53727	393
GRCh38_CMRG_59210	393
GRCh38_CMRG_65135	393
GRCh38_CMRG_65145	393
GRCh38_CMRG_69991	393
GRCh38_CMRG_70539	393
GRCh38_CMRG_73993	393
GRCh38_CMRG_73994	393
GRCh38_CMRG_75317	393
GRCh38_CMRG_79624	393
GRCh38_CMRG_117	392
GRCh38_CMRG_14184	392
GRCh38_CMRG_16762	392
GRCh38_CMRG_16763	392
GRCh38_CMRG_19559	392
GRCh38_CMRG_19781	392
GRCh38_CMRG_22142	392
GRCh38_CMRG_23303	392
GRCh38_CMRG_23979	392
GRCh38_CMRG_24697	392
GRCh38_CMRG_2494	392
GRCh38_CMRG_25396	392
GRCh38_CMRG_35887	392
GRCh38_CMRG_42363	392
GRCh38_CMRG_44555	392
GRCh38_CMRG_46448	392
GRCh38_CMRG_46604	392
GRCh38_CMRG_47623	392
GRCh38_CMRG_47647	392
GRCh38_CMRG_50507	392
GRCh38_CMRG_513	392
GRCh38_CMRG_54818	392
GRCh38_CMRG_59261	392
GRCh38_CMRG_63656	392
GRCh38_CMRG_65237	392
GRCh38_CMRG_70573	392
GRCh38_CMRG_79991	392
GRCh38_CMRG_82858	392
GRCh38_CMRG_13590	391
GRCh38_CMRG_13651	391
GRCh38_CMRG_14844	391
GRCh38_CMRG_17868	391
GRCh38_CMRG_23263	391
GRCh38_CMRG_23980	391
GRCh38_CMRG_33439	391
GRCh38_CMRG_39208	391
GRCh38_CMRG_40842	391
GRCh38_CMRG_50709	391
GRCh38_CMRG_58272	391
GRCh38_CMRG_59070	391
GRCh38_CMRG_62241	391
GRCh38_CMRG_69589	391
GRCh38_CMRG_70794	391
GRCh38_CMRG_71653	391
GRCh38_CMRG_823	391
GRCh38_CMRG_1159	390
GRCh38_CMRG_18737	390
GRCh38_CMRG_2086	390
GRCh38_CMRG_22516	390
GRCh38_CMRG_37763	390
GRCh38_CMRG_49339	390
GRCh38_CMRG_50052	390
GRCh38_CMRG_53331	390
GRCh38_CMRG_59327	390
GRCh38_CMRG_60041	390
GRCh38_CMRG_68178	390
GRCh38_CMRG_69932	390
GRCh38_CMRG_73098	390
GRCh38_CMRG_73337	390
GRCh38_CMRG_73359	390
GRCh38_CMRG_1304	389
GRCh38_CMRG_22143	389
GRCh38_CMRG_23264	389
GRCh38_CMRG_24366	389
GRCh38_CMRG_28542	389
GRCh38_CMRG_37584	389
GRCh38_CMRG_37670	389
GRCh38_CMRG_48473	389
GRCh38_CMRG_65215	389
GRCh38_CMRG_68308	389
GRCh38_CMRG_69621	389
GRCh38_CMRG_73099	389
GRCh38_CMRG_83149	389
GRCh38_CMRG_84227	389
GRCh38_CMRG_10563	388
GRCh38_CMRG_1079	388
GRCh38_CMRG_21246	388
GRCh38_CMRG_22341	388
GRCh38_CMRG_22751	388
GRCh38_CMRG_27832	388
GRCh38_CMRG_27864	388
GRCh38_CMRG_28299	388
GRCh38_CMRG_29931	388
GRCh38_CMRG_31500	388
GRCh38_CMRG_32837	388
GRCh38_CMRG_34736	388
GRCh38_CMRG_37417	388
GRCh38_CMRG_45140	388
GRCh38_CMRG_46671	388
GRCh38_CMRG_50877	388
GRCh38_CMRG_52423	388
GRCh38_CMRG_54509	388
GRCh38_CMRG_54769	388
GRCh38_CMRG_55629	388
GRCh38_CMRG_60455	388
GRCh38_CMRG_64824	388
GRCh38_CMRG_67605	388
GRCh38_CMRG_68652	388
GRCh38_CMRG_69365	388
GRCh38_CMRG_72658	388
GRCh38_CMRG_73757	388
GRCh38_CMRG_74348	388
GRCh38_CMRG_79053	388
GRCh38_CMRG_84522	388
GRCh38_CMRG_8687	388
GRCh38_CMRG_17527	387
GRCh38_CMRG_2120	387
GRCh38_CMRG_23567	387
GRCh38_CMRG_24032	387
GRCh38_CMRG_28272	387
GRCh38_CMRG_29806	387
GRCh38_CMRG_33258	387
GRCh38_CMRG_37885	387
GRCh38_CMRG_38436	387
GRCh38_CMRG_40550	387
GRCh38_CMRG_41249	387
GRCh38_CMRG_44261	387
GRCh38_CMRG_50834	387
GRCh38_CMRG_50876	387
GRCh38_CMRG_51022	387
GRCh38_CMRG_51391	387
GRCh38_CMRG_59441	387
GRCh38_CMRG_64591	387
GRCh38_CMRG_64606	387
GRCh38_CMRG_65217	387
GRCh38_CMRG_72231	387
GRCh38_CMRG_72364	387
GRCh38_CMRG_74047	387
GRCh38_CMRG_80053	387
GRCh38_CMRG_80945	387
GRCh38_CMRG_81186	387
GRCh38_CMRG_81731	387
GRCh38_CMRG_82042	387
GRCh38_CMRG_17010	386
GRCh38_CMRG_19654	386
GRCh38_CMRG_24318	386
GRCh38_CMRG_41802	386
GRCh38_CMRG_44934	386
GRCh38_CMRG_51878	386
GRCh38_CMRG_65158	386
GRCh38_CMRG_72647	386
GRCh38_CMRG_73683	386
GRCh38_CMRG_75078	386
GRCh38_CMRG_75252	386
GRCh38_CMRG_79334	386
GRCh38_CMRG_9668	386
GRCh38_CMRG_10866	385
GRCh38_CMRG_12572	385
GRCh38_CMRG_28432	385
GRCh38_CMRG_28524	385
GRCh38_CMRG_32287	385
GRCh38_CMRG_42147	385
GRCh38_CMRG_47634	385
GRCh38_CMRG_55589	385
GRCh38_CMRG_5848	385
GRCh38_CMRG_63730	385
GRCh38_CMRG_64511	385
GRCh38_CMRG_65362	385
GRCh38_CMRG_70099	385
GRCh38_CMRG_7483	385
GRCh38_CMRG_76908	385
GRCh38_CMRG_82774	385
GRCh38_CMRG_83792	385
GRCh38_CMRG_84241	385
GRCh38_CMRG_84250	385
GRCh38_CMRG_18779	384
GRCh38_CMRG_19122	384
GRCh38_CMRG_23503	384
GRCh38_CMRG_24356	384
GRCh38_CMRG_24869	384
GRCh38_CMRG_30760	384
GRCh38_CMRG_39967	384
GRCh38_CMRG_42162	384
GRCh38_CMRG_48887	384
GRCh38_CMRG_52349	384
GRCh38_CMRG_52408	384
GRCh38_CMRG_59892	384
GRCh38_CMRG_64671	384
GRCh38_CMRG_71471	384
GRCh38_CMRG_72232	384
GRCh38_CMRG_77404	384
GRCh38_CMRG_79523	384
GRCh38_CMRG_79612	384
GRCh38_CMRG_79935	384
GRCh38_CMRG_13568	383
GRCh38_CMRG_14435	383
GRCh38_CMRG_17236	383
GRCh38_CMRG_27579	383
GRCh38_CMRG_31881	383
GRCh38_CMRG_35541	383
GRCh38_CMRG_46415	383
GRCh38_CMRG_48666	383
GRCh38_CMRG_48878	383
GRCh38_CMRG_53200	383
GRCh38_CMRG_53474	383
GRCh38_CMRG_576	383
GRCh38_CMRG_58282	383
GRCh38_CMRG_70178	383
GRCh38_CMRG_81964	383
GRCh38_CMRG_84214	383
GRCh38_CMRG_8721	383
GRCh38_CMRG_13533	382
GRCh38_CMRG_1792	382
GRCh38_CMRG_18738	382
GRCh38_CMRG_20948	382
GRCh38_CMRG_22004	382
GRCh38_CMRG_24901	382
GRCh38_CMRG_29191	382
GRCh38_CMRG_34574	382
GRCh38_CMRG_34735	382
GRCh38_CMRG_38009	382
GRCh38_CMRG_40250	382
GRCh38_CMRG_40608	382
GRCh38_CMRG_44232	382
GRCh38_CMRG_45642	382
GRCh38_CMRG_47126	382
GRCh38_CMRG_48732	382
GRCh38_CMRG_50371	382
GRCh38_CMRG_59119	382
GRCh38_CMRG_62596	382
GRCh38_CMRG_69030	382
GRCh38_CMRG_79978	382
GRCh38_CMRG_13464	381
GRCh38_CMRG_18783	381
GRCh38_CMRG_19627	381
GRCh38_CMRG_23952	381
GRCh38_CMRG_25984	381
GRCh38_CMRG_31388	381
GRCh38_CMRG_31882	381
GRCh38_CMRG_33636	381
GRCh38_CMRG_34165	381
GRCh38_CMRG_36664	381
GRCh38_CMRG_37693	381
GRCh38_CMRG_39398	381
GRCh38_CMRG_40610	381
GRCh38_CMRG_41207	381
GRCh38_CMRG_47185	381
GRCh38_CMRG_48311	381
GRCh38_CMRG_51172	381
GRCh38_CMRG_52747	381
GRCh38_CMRG_53475	381
GRCh38_CMRG_7117	381
GRCh38_CMRG_77500	381
GRCh38_CMRG_79787	381
GRCh38_CMRG_81985	381
GRCh38_CMRG_14658	380
GRCh38_CMRG_18598	380
GRCh38_CMRG_23340	380
GRCh38_CMRG_26223	380
GRCh38_CMRG_26380	380
GRCh38_CMRG_27617	380
GRCh38_CMRG_32019	380
GRCh38_CMRG_33595	380
GRCh38_CMRG_34349	380
GRCh38_CMRG_34724	380
GRCh38_CMRG_44796	380
GRCh38_CMRG_48641	380
GRCh38_CMRG_48744	380
GRCh38_CMRG_53843	380
GRCh38_CMRG_64720	380
GRCh38_CMRG_64949	380
GRCh38_CMRG_65471	380
GRCh38_CMRG_70445	380
GRCh38_CMRG_70520	380
GRCh38_CMRG_82341	380
GRCh38_CMRG_82935	380
GRCh38_CMRG_83204	380
GRCh38_CMRG_12773	379
GRCh38_CMRG_14959	379
GRCh38_CMRG_17488	379
GRCh38_CMRG_21420	379
GRCh38_CMRG_22310	379
GRCh38_CMRG_22354	379
GRCh38_CMRG_29705	379
GRCh38_CMRG_31248	379
GRCh38_CMRG_31813	379
GRCh38_CMRG_31814	379
GRCh38_CMRG_36874	379
GRCh38_CMRG_38569	379
GRCh38_CMRG_40609	379
GRCh38_CMRG_44162	379
GRCh38_CMRG_45716	379
GRCh38_CMRG_49001	379
GRCh38_CMRG_49508	379
GRCh38_CMRG_63295	379
GRCh38_CMRG_64816	379
GRCh38_CMRG_66056	379
GRCh38_CMRG_67494	379
GRCh38_CMRG_68138	379
GRCh38_CMRG_68368	379
GRCh38_CMRG_82543	379
GRCh38_CMRG_8426	379
GRCh38_CMRG_9267	379
GRCh38_CMRG_13654	378
GRCh38_CMRG_2129	378
GRCh38_CMRG_26662	378
GRCh38_CMRG_31172	378
GRCh38_CMRG_40985	378
GRCh38_CMRG_45462	378
GRCh38_CMRG_52313	378
GRCh38_CMRG_54124	378
GRCh38_CMRG_54163	378
GRCh38_CMRG_55595	378
GRCh38_CMRG_58911	378
GRCh38_CMRG_59819	378
GRCh38_CMRG_67979	378
GRCh38_CMRG_70610	378
GRCh38_CMRG_82351	378
GRCh38_CMRG_82986	378
GRCh38_CMRG_83419	378
GRCh38_CMRG_84022	378
GRCh38_CMRG_84575	378
GRCh38_CMRG_8596	378
GRCh38_CMRG_12006	377
GRCh38_CMRG_17322	377
GRCh38_CMRG_18240	377
GRCh38_CMRG_26352	377
GRCh38_CMRG_28651	377
GRCh38_CMRG_32003	377
GRCh38_CMRG_41554	377
GRCh38_CMRG_48905	377
GRCh38_CMRG_49056	377
GRCh38_CMRG_5764	377
GRCh38_CMRG_60064	377
GRCh38_CMRG_61051	377
GRCh38_CMRG_6146	377
GRCh38_CMRG_62400	377
GRCh38_CMRG_62415	377
GRCh38_CMRG_65077	377
GRCh38_CMRG_72629	377
GRCh38_CMRG_79661	377
GRCh38_CMRG_9911	377
GRCh38_CMRG_12918	376
GRCh38_CMRG_1652	376
GRCh38_CMRG_18208	376
GRCh38_CMRG_18317	376
GRCh38_CMRG_1937	376
GRCh38_CMRG_19511	376
GRCh38_CMRG_23853	376
GRCh38_CMRG_28131	376
GRCh38_CMRG_31825	376
GRCh38_CMRG_36783	376
GRCh38_CMRG_37465	376
GRCh38_CMRG_37686	376
GRCh38_CMRG_38800	376
GRCh38_CMRG_53711	376
GRCh38_CMRG_54848	376
GRCh38_CMRG_60388	376
GRCh38_CMRG_6882	376
GRCh38_CMRG_71961	376
GRCh38_CMRG_79742	376
GRCh38_CMRG_8094	376
GRCh38_CMRG_81185	376
GRCh38_CMRG_11968	375
GRCh38_CMRG_12615	375
GRCh38_CMRG_18850	375
GRCh38_CMRG_24257	375
GRCh38_CMRG_24339	375
GRCh38_CMRG_27475	375
GRCh38_CMRG_28129	375
GRCh38_CMRG_28605	375
GRCh38_CMRG_36213	375
GRCh38_CMRG_37972	375
GRCh38_CMRG_38007	375
GRCh38_CMRG_39107	375
GRCh38_CMRG_39464	375
GRCh38_CMRG_41251	375
GRCh38_CMRG_44205	375
GRCh38_CMRG_54236	375
GRCh38_CMRG_62062	375
GRCh38_CMRG_63240	375
GRCh38_CMRG_71695	375
GRCh38_CMRG_73613	375
GRCh38_CMRG_74431	375
GRCh38_CMRG_7983	375
GRCh38_CMRG_81849	375
GRCh38_CMRG_84395	375
GRCh38_CMRG_99	375
GRCh38_CMRG_11031	374
GRCh38_CMRG_14915	374
GRCh38_CMRG_1791	374
GRCh38_CMRG_19814	374
GRCh38_CMRG_23446	374
GRCh38_CMRG_24138	374
GRCh38_CMRG_24196	374
GRCh38_CMRG_24987	374
GRCh38_CMRG_27185	374
GRCh38_CMRG_28451	374
GRCh38_CMRG_31586	374
GRCh38_CMRG_37208	374
GRCh38_CMRG_37209	374
GRCh38_CMRG_37250	374
GRCh38_CMRG_44797	374
GRCh38_CMRG_47116	374
GRCh38_CMRG_48610	374
GRCh38_CMRG_50071	374
GRCh38_CMRG_50343	374
GRCh38_CMRG_53514	374
GRCh38_CMRG_65175	374
GRCh38_CMRG_68300	374
GRCh38_CMRG_70444	374
GRCh38_CMRG_7113	374
GRCh38_CMRG_75585	374
GRCh38_CMRG_79172	374
GRCh38_CMRG_79878	374
GRCh38_CMRG_83182	374
GRCh38_CMRG_9095	374
GRCh38_CMRG_18769	373
GRCh38_CMRG_23525	373
GRCh38_CMRG_23917	373
GRCh38_CMRG_24792	373
GRCh38_CMRG_39418	373
GRCh38_CMRG_39419	373
GRCh38_CMRG_40111	373
GRCh38_CMRG_49044	373
GRCh38_CMRG_51281	373
GRCh38_CMRG_55584	373
GRCh38_CMRG_5939	373
GRCh38_CMRG_6118	373
GRCh38_CMRG_61228	373
GRCh38_CMRG_68301	373
GRCh38_CMRG_71772	373
GRCh38_CMRG_75552	373
GRCh38_CMRG_76651	373
GRCh38_CMRG_76922	373
GRCh38_CMRG_79770	373
GRCh38_CMRG_84128	373
GRCh38_CMRG_11100	372
GRCh38_CMRG_14912	372
GRCh38_CMRG_21304	372
GRCh38_CMRG_24956	372
GRCh38_CMRG_32868	372
GRCh38_CMRG_35737	372
GRCh38_CMRG_36127	372
GRCh38_CMRG_37680	372
GRCh38_CMRG_38700	372
GRCh38_CMRG_38928	372
GRCh38_CMRG_38929	372
GRCh38_CMRG_39114	372
GRCh38_CMRG_40079	372
GRCh38_CMRG_42275	372
GRCh38_CMRG_54131	372
GRCh38_CMRG_55237	372
GRCh38_CMRG_62545	372
GRCh38_CMRG_6759	372
GRCh38_CMRG_70859	372
GRCh38_CMRG_74433	372
GRCh38_CMRG_75340	372
GRCh38_CMRG_77627	372
GRCh38_CMRG_84166	372
GRCh38_CMRG_10668	371
GRCh38_CMRG_11412	371
GRCh38_CMRG_11657	371
GRCh38_CMRG_13945	371
GRCh38_CMRG_16553	371
GRCh38_CMRG_18772	371
GRCh38_CMRG_24125	371
GRCh38_CMRG_24195	371
GRCh38_CMRG_24496	371
GRCh38_CMRG_33257	371
GRCh38_CMRG_38412	371
GRCh38_CMRG_39463	371
GRCh38_CMRG_41763	371
GRCh38_CMRG_44007	371
GRCh38_CMRG_45161	371
GRCh38_CMRG_47806	371
GRCh38_CMRG_54606	371
GRCh38_CMRG_55700	371
GRCh38_CMRG_61456	371
GRCh38_CMRG_69223	371
GRCh38_CMRG_69651	371
GRCh38_CMRG_7114	371
GRCh38_CMRG_74073	371
GRCh38_CMRG_83816	371
GRCh38_CMRG_1735	370
GRCh38_CMRG_24478	370
GRCh38_CMRG_28447	370
GRCh38_CMRG_32869	370
GRCh38_CMRG_40040	370
GRCh38_CMRG_62580	370
GRCh38_CMRG_64894	370
GRCh38_CMRG_65195	370
GRCh38_CMRG_68268	370
GRCh38_CMRG_72213	370
GRCh38_CMRG_73549	370
GRCh38_CMRG_74378	370
GRCh38_CMRG_84475	370
GRCh38_CMRG_13612	369
GRCh38_CMRG_17969	369
GRCh38_CMRG_24299	369
GRCh38_CMRG_26664	369
GRCh38_CMRG_29676	369
GRCh38_CMRG_29677	369
GRCh38_CMRG_36067	369
GRCh38_CMRG_36408	369
GRCh38_CMRG_44431	369
GRCh38_CMRG_445	369
GRCh38_CMRG_44548	369
GRCh38_CMRG_45839	369
GRCh38_CMRG_49478	369
GRCh38_CMRG_59059	369
GRCh38_CMRG_60283	369
GRCh38_CMRG_61989	369
GRCh38_CMRG_63294	369
GRCh38_CMRG_65328	369
GRCh38_CMRG_7112	369
GRCh38_CMRG_72919	369
GRCh38_CMRG_73110	369
GRCh38_CMRG_74713	369
GRCh38_CMRG_77412	369
GRCh38_CMRG_84578	369
GRCh38_CMRG_14285	368
GRCh38_CMRG_17821	368
GRCh38_CMRG_21267	368
GRCh38_CMRG_24020	368
GRCh38_CMRG_24790	368
GRCh38_CMRG_29243	368
GRCh38_CMRG_29994	368
GRCh38_CMRG_32791	368
GRCh38_CMRG_34708	368
GRCh38_CMRG_36467	368
GRCh38_CMRG_45577	368
GRCh38_CMRG_45840	368
GRCh38_CMRG_47431	368
GRCh38_CMRG_47432	368
GRCh38_CMRG_52770	368
GRCh38_CMRG_54237	368
GRCh38_CMRG_54746	368
GRCh38_CMRG_55262	368
GRCh38_CMRG_63586	368
GRCh38_CMRG_7084	368
GRCh38_CMRG_72214	368
GRCh38_CMRG_73336	368
GRCh38_CMRG_77310	368
GRCh38_CMRG_15099	367
GRCh38_CMRG_15292	367
GRCh38_CMRG_24016	367
GRCh38_CMRG_24500	367
GRCh38_CMRG_26050	367
GRCh38_CMRG_26910	367
GRCh38_CMRG_33252	367
GRCh38_CMRG_49621	367
GRCh38_CMRG_50863	367
GRCh38_CMRG_50887	367
GRCh38_CMRG_5713	367
GRCh38_CMRG_60123	367
GRCh38_CMRG_63	367
GRCh38_CMRG_67122	367
GRCh38_CMRG_67339	367
GRCh38_CMRG_67847	367
GRCh38_CMRG_68146	367
GRCh38_CMRG_68489	367
GRCh38_CMRG_71697	367
GRCh38_CMRG_72393	367
GRCh38_CMRG_74654	367
GRCh38_CMRG_82647	367
GRCh38_CMRG_8323	367
GRCh38_CMRG_84414	367
GRCh38_CMRG_9336	367
GRCh38_CMRG_11268	366
GRCh38_CMRG_12701	366
GRCh38_CMRG_15577	366
GRCh38_CMRG_22196	366
GRCh38_CMRG_25770	366
GRCh38_CMRG_2655	366
GRCh38_CMRG_2948	366
GRCh38_CMRG_32898	366
GRCh38_CMRG_38413	366
GRCh38_CMRG_46215	366
GRCh38_CMRG_47942	366
GRCh38_CMRG_50533	366
GRCh38_CMRG_51102	366
GRCh38_CMRG_59258	366
GRCh38_CMRG_64435	366
GRCh38_CMRG_7977	366
GRCh38_CMRG_80043	366
GRCh38_CMRG_14508	365
GRCh38_CMRG_18002	365
GRCh38_CMRG_20936	365
GRCh38_CMRG_21397	365
GRCh38_CMRG_29331	365
GRCh38_CMRG_30655	365
GRCh38_CMRG_32733	365
GRCh38_CMRG_33383	365
GRCh38_CMRG_37432	365
GRCh38_CMRG_37797	365
GRCh38_CMRG_46436	365
GRCh38_CMRG_47594	365
GRCh38_CMRG_47789	365
GRCh38_CMRG_48403	365
GRCh38_CMRG_51918	365
GRCh38_CMRG_52417	365
GRCh38_CMRG_59378	365
GRCh38_CMRG_59877	365
GRCh38_CMRG_60784	365
GRCh38_CMRG_73392	365
GRCh38_CMRG_76658	365
GRCh38_CMRG_77391	365
GRCh38_CMRG_77634	365
GRCh38_CMRG_8128	365
GRCh38_CMRG_10487	364
GRCh38_CMRG_12917	364
GRCh38_CMRG_1714	364
GRCh38_CMRG_18358	364
GRCh38_CMRG_18816	364
GRCh38_CMRG_21597	364
GRCh38_CMRG_24319	364
GRCh38_CMRG_26217	364
GRCh38_CMRG_26623	364
GRCh38_CMRG_40110	364
GRCh38_CMRG_44692	364
GRCh38_CMRG_53386	364
GRCh38_CMRG_59764	364
GRCh38_CMRG_60282	364
GRCh38_CMRG_67523	364
GRCh38_CMRG_67638	364
GRCh38_CMRG_68709	364
GRCh38_CMRG_68886	364
GRCh38_CMRG_70953	364
GRCh38_CMRG_73609	364
GRCh38_CMRG_78901	364
GRCh38_CMRG_79856	364
GRCh38_CMRG_14540	363
GRCh38_CMRG_16841	363
GRCh38_CMRG_1973	363
GRCh38_CMRG_22199	363
GRCh38_CMRG_29344	363
GRCh38_CMRG_31122	363
GRCh38_CMRG_33186	363
GRCh38_CMRG_33913	363
GRCh38_CMRG_39355	363
GRCh38_CMRG_39903	363
GRCh38_CMRG_49507	363
GRCh38_CMRG_55423	363
GRCh38_CMRG_55677	363
GRCh38_CMRG_61058	363
GRCh38_CMRG_61161	363
GRCh38_CMRG_61162	363
GRCh38_CMRG_62313	363
GRCh38_CMRG_67798	363
GRCh38_CMRG_73112	363
GRCh38_CMRG_7390	363
GRCh38_CMRG_74684	363
GRCh38_CMRG_1566	362
GRCh38_CMRG_1879	362
GRCh38_CMRG_19731	362
GRCh38_CMRG_21546	362
GRCh38_CMRG_24287	362
GRCh38_CMRG_33259	362
GRCh38_CMRG_42150	362
GRCh38_CMRG_50526	362
GRCh38_CMRG_55226	362
GRCh38_CMRG_60476	362
GRCh38_CMRG_6053	362
GRCh38_CMRG_62392	362
GRCh38_CMRG_64631	362
GRCh38_CMRG_75654	362
GRCh38_CMRG_7736	362
GRCh38_CMRG_77569	362
GRCh38_CMRG_84404	362
GRCh38_CMRG_13463	361
GRCh38_CMRG_17432	361
GRCh38_CMRG_23882	361
GRCh38_CMRG_24104	361
GRCh38_CMRG_29076	361
GRCh38_CMRG_30553	361
GRCh38_CMRG_31975	361
GRCh38_CMRG_32053	361
GRCh38_CMRG_33309	361
GRCh38_CMRG_37687	361
GRCh38_CMRG_44835	361
GRCh38_CMRG_49119	361
GRCh38_CMRG_52632	361
GRCh38_CMRG_63574	361
GRCh38_CMRG_65556	361
GRCh38_CMRG_70283	361
GRCh38_CMRG_72941	361
GRCh38_CMRG_74593	361
GRCh38_CMRG_79876	361
GRCh38_CMRG_12134	360
GRCh38_CMRG_12980	360
GRCh38_CMRG_17433	360
GRCh38_CMRG_22463	360
GRCh38_CMRG_25397	360
GRCh38_CMRG_25895	360
GRCh38_CMRG_26451	360
GRCh38_CMRG_36470	360
GRCh38_CMRG_38746	360
GRCh38_CMRG_39087	360
GRCh38_CMRG_40239	360
GRCh38_CMRG_47828	360
GRCh38_CMRG_50918	360
GRCh38_CMRG_55307	360
GRCh38_CMRG_60281	360
GRCh38_CMRG_64399	360
GRCh38_CMRG_64867	360
GRCh38_CMRG_65141	360
GRCh38_CMRG_65365	360
GRCh38_CMRG_71525	360
GRCh38_CMRG_72017	360
GRCh38_CMRG_7248	360
GRCh38_CMRG_72556	360
GRCh38_CMRG_73821	360
GRCh38_CMRG_8240	360
GRCh38_CMRG_19805	359
GRCh38_CMRG_19846	359
GRCh38_CMRG_21203	359
GRCh38_CMRG_28	359
GRCh38_CMRG_32136	359
GRCh38_CMRG_38423	359
GRCh38_CMRG_39586	359
GRCh38_CMRG_45767	359
GRCh38_CMRG_46120	359
GRCh38_CMRG_47500	359
GRCh38_CMRG_49733	359
GRCh38_CMRG_55435	359
GRCh38_CMRG_55548	359
GRCh38_CMRG_55577	359
GRCh38_CMRG_60059	359
GRCh38_CMRG_61748	359
GRCh38_CMRG_62054	359
GRCh38_CMRG_67834	359
GRCh38_CMRG_71901	359
GRCh38_CMRG_71913	359
GRCh38_CMRG_75171	359
GRCh38_CMRG_75310	359
GRCh38_CMRG_76617	359
GRCh38_CMRG_79989	359
GRCh38_CMRG_9021	359
GRCh38_CMRG_13351	358
GRCh38_CMRG_13537	358
GRCh38_CMRG_1357	358
GRCh38_CMRG_16474	358
GRCh38_CMRG_16628	358
GRCh38_CMRG_167	358
GRCh38_CMRG_25923	358
GRCh38_CMRG_25977	358
GRCh38_CMRG_26277	358
GRCh38_CMRG_28074	358
GRCh38_CMRG_29256	358
GRCh38_CMRG_30677	358
GRCh38_CMRG_31095	358
GRCh38_CMRG_31113	358
GRCh38_CMRG_39868	358
GRCh38_CMRG_40208	358
GRCh38_CMRG_41717	358
GRCh38_CMRG_44206	358
GRCh38_CMRG_47890	358
GRCh38_CMRG_61448	358
GRCh38_CMRG_67995	358
GRCh38_CMRG_70559	358
GRCh38_CMRG_73309	358
GRCh38_CMRG_81893	358
GRCh38_CMRG_84143	358
GRCh38_CMRG_12686	357
GRCh38_CMRG_14393	357
GRCh38_CMRG_1451	357
GRCh38_CMRG_16881	357
GRCh38_CMRG_19113	357
GRCh38_CMRG_2176	357
GRCh38_CMRG_27092	357
GRCh38_CMRG_31527	357
GRCh38_CMRG_33249	357
GRCh38_CMRG_37570	357
GRCh38_CMRG_38626	357
GRCh38_CMRG_40408	357
GRCh38_CMRG_40859	357
GRCh38_CMRG_44795	357
GRCh38_CMRG_47602	357
GRCh38_CMRG_47824	357
GRCh38_CMRG_49336	357
GRCh38_CMRG_55293	357
GRCh38_CMRG_613	357
GRCh38_CMRG_70560	357
GRCh38_CMRG_7086	357
GRCh38_CMRG_74290	357
GRCh38_CMRG_75528	357
GRCh38_CMRG_78975	357
GRCh38_CMRG_82235	357
GRCh38_CMRG_11180	356
GRCh38_CMRG_1362	356
GRCh38_CMRG_13655	356
GRCh38_CMRG_15030	356
GRCh38_CMRG_18953	356
GRCh38_CMRG_27	356
GRCh38_CMRG_32515	356
GRCh38_CMRG_33124	356
GRCh38_CMRG_34271	356
GRCh38_CMRG_36171	356
GRCh38_CMRG_41034	356
GRCh38_CMRG_45728	356
GRCh38_CMRG_49348	356
GRCh38_CMRG_50952	356
GRCh38_CMRG_6094	356
GRCh38_CMRG_67009	356
GRCh38_CMRG_71349	356
GRCh38_CMRG_72557	356
GRCh38_CMRG_78956	356
GRCh38_CMRG_78957	356
GRCh38_CMRG_79579	356
GRCh38_CMRG_79797	356
GRCh38_CMRG_10630	355
GRCh38_CMRG_11060	355
GRCh38_CMRG_15327	355
GRCh38_CMRG_17521	355
GRCh38_CMRG_2123	355
GRCh38_CMRG_21581	355
GRCh38_CMRG_32611	355
GRCh38_CMRG_38405	355
GRCh38_CMRG_38431	355
GRCh38_CMRG_45875	355
GRCh38_CMRG_45918	355
GRCh38_CMRG_46552	355
GRCh38_CMRG_46553	355
GRCh38_CMRG_47008	355
GRCh38_CMRG_51659	355
GRCh38_CMRG_64546	355
GRCh38_CMRG_66051	355
GRCh38_CMRG_67355	355
GRCh38_CMRG_67599	355
GRCh38_CMRG_72442	355
GRCh38_CMRG_72739	355
GRCh38_CMRG_75257	355
GRCh38_CMRG_77462	355
GRCh38_CMRG_7753	355
GRCh38_CMRG_79771	355
GRCh38_CMRG_80809	355
GRCh38_CMRG_81762	355
GRCh38_CMRG_16919	354
GRCh38_CMRG_18356	354
GRCh38_CMRG_21384	354
GRCh38_CMRG_2602	354
GRCh38_CMRG_27968	354
GRCh38_CMRG_38702	354
GRCh38_CMRG_41548	354
GRCh38_CMRG_42042	354
GRCh38_CMRG_43801	354
GRCh38_CMRG_51264	354
GRCh38_CMRG_52766	354
GRCh38_CMRG_58595	354
GRCh38_CMRG_67572	354
GRCh38_CMRG_74687	354
GRCh38_CMRG_7835	354
GRCh38_CMRG_84259	354
GRCh38_CMRG_10607	353
GRCh38_CMRG_21300	353
GRCh38_CMRG_22368	353
GRCh38_CMRG_28606	353
GRCh38_CMRG_32146	353
GRCh38_CMRG_33502	353
GRCh38_CMRG_40415	353
GRCh38_CMRG_41648	353
GRCh38_CMRG_418	353
GRCh38_CMRG_42295	353
GRCh38_CMRG_48584	353
GRCh38_CMRG_50345	353
GRCh38_CMRG_60460	353
GRCh38_CMRG_60475	353
GRCh38_CMRG_62171	353
GRCh38_CMRG_65166	353
GRCh38_CMRG_72930	353
GRCh38_CMRG_72995	353
GRCh38_CMRG_73863	353
GRCh38_CMRG_75116	353
GRCh38_CMRG_77463	353
GRCh38_CMRG_10608	352
GRCh38_CMRG_11729	352
GRCh38_CMRG_14881	352
GRCh38_CMRG_20004	352
GRCh38_CMRG_24295	352
GRCh38_CMRG_25372	352
GRCh38_CMRG_25373	352
GRCh38_CMRG_30641	352
GRCh38_CMRG_37400	352
GRCh38_CMRG_37835	352
GRCh38_CMRG_38065	352
GRCh38_CMRG_40037	352
GRCh38_CMRG_44393	352
GRCh38_CMRG_44429	352
GRCh38_CMRG_45026	352
GRCh38_CMRG_45648	352
GRCh38_CMRG_48132	352
GRCh38_CMRG_6044	352
GRCh38_CMRG_64918	352
GRCh38_CMRG_66390	352
GRCh38_CMRG_68535	352
GRCh38_CMRG_7167	352
GRCh38_CMRG_71787	352
GRCh38_CMRG_76656	352
GRCh38_CMRG_77701	352
GRCh38_CMRG_2367	351
GRCh38_CMRG_31919	351
GRCh38_CMRG_33369	351
GRCh38_CMRG_37916	351
GRCh38_CMRG_473	351
GRCh38_CMRG_48423	351
GRCh38_CMRG_51485	351
GRCh38_CMRG_58954	351
GRCh38_CMRG_60587	351
GRCh38_CMRG_61048	351
GRCh38_CMRG_61345	351
GRCh38_CMRG_6918	351
GRCh38_CMRG_75458	351
GRCh38_CMRG_78970	351
GRCh38_CMRG_8671	351
GRCh38_CMRG_10501	350
GRCh38_CMRG_18770	350
GRCh38_CMRG_25756	350
GRCh38_CMRG_25821	350
GRCh38_CMRG_27645	350
GRCh38_CMRG_32345	350
GRCh38_CMRG_36569	350
GRCh38_CMRG_37865	350
GRCh38_CMRG_44794	350
GRCh38_CMRG_45160	350
GRCh38_CMRG_47027	350
GRCh38_CMRG_47172	350
GRCh38_CMRG_52798	350
GRCh38_CMRG_64554	350
GRCh38_CMRG_71043	350
GRCh38_CMRG_71044	350
GRCh38_CMRG_72572	350
GRCh38_CMRG_72733	350
GRCh38_CMRG_74009	350
GRCh38_CMRG_75128	350
GRCh38_CMRG_76764	350
GRCh38_CMRG_16771	349
GRCh38_CMRG_18892	349
GRCh38_CMRG_2036	349
GRCh38_CMRG_24499	349
GRCh38_CMRG_2683	349
GRCh38_CMRG_28337	349
GRCh38_CMRG_32379	349
GRCh38_CMRG_33260	349
GRCh38_CMRG_38632	349
GRCh38_CMRG_41401	349
GRCh38_CMRG_426	349
GRCh38_CMRG_43872	349
GRCh38_CMRG_44212	349
GRCh38_CMRG_45201	349
GRCh38_CMRG_49822	349
GRCh38_CMRG_52706	349
GRCh38_CMRG_60439	349
GRCh38_CMRG_64479	349
GRCh38_CMRG_64647	349
GRCh38_CMRG_6814	349
GRCh38_CMRG_75030	349
GRCh38_CMRG_75056	349
GRCh38_CMRG_7713	349
GRCh38_CMRG_82908	349
GRCh38_CMRG_83531	349
GRCh38_CMRG_83712	349
GRCh38_CMRG_83790	349
GRCh38_CMRG_8602	349
GRCh38_CMRG_19761	348
GRCh38_CMRG_22863	348
GRCh38_CMRG_25044	348
GRCh38_CMRG_27283	348
GRCh38_CMRG_27330	348
GRCh38_CMRG_32460	348
GRCh38_CMRG_36875	348
GRCh38_CMRG_39601	348
GRCh38_CMRG_41311	348
GRCh38_CMRG_45504	348
GRCh38_CMRG_55451	348
GRCh38_CMRG_59987	348
GRCh38_CMRG_63798	348
GRCh38_CMRG_65584	348
GRCh38_CMRG_67743	348
GRCh38_CMRG_68133	348
GRCh38_CMRG_72443	348
GRCh38_CMRG_72772	348
GRCh38_CMRG_73486	348
GRCh38_CMRG_7377	348
GRCh38_CMRG_75031	348
GRCh38_CMRG_77319	348
GRCh38_CMRG_84174	348
GRCh38_CMRG_8829	348
GRCh38_CMRG_14530	347
GRCh38_CMRG_15539	347
GRCh38_CMRG_19026	347
GRCh38_CMRG_20990	347
GRCh38_CMRG_2132	347
GRCh38_CMRG_29921	347
GRCh38_CMRG_43648	347
GRCh38_CMRG_49218	347
GRCh38_CMRG_50261	347
GRCh38_CMRG_55398	347
GRCh38_CMRG_58133	347
GRCh38_CMRG_59439	347
GRCh38_CMRG_62373	347
GRCh38_CMRG_62595	347
GRCh38_CMRG_7140	347
GRCh38_CMRG_74243	347
GRCh38_CMRG_81215	347
GRCh38_CMRG_82250	347
GRCh38_CMRG_11369	346
GRCh38_CMRG_12988	346
GRCh38_CMRG_15406	346
GRCh38_CMRG_17005	346
GRCh38_CMRG_21570	346
GRCh38_CMRG_28431	346
GRCh38_CMRG_28994	346
GRCh38_CMRG_32402	346
GRCh38_CMRG_32647	346
GRCh38_CMRG_32786	346
GRCh38_CMRG_37722	346
GRCh38_CMRG_38011	346
GRCh38_CMRG_43732	346
GRCh38_CMRG_43847	346
GRCh38_CMRG_47201	346
GRCh38_CMRG_52332	346
GRCh38_CMRG_60125	346
GRCh38_CMRG_65428	346
GRCh38_CMRG_72482	346
GRCh38_CMRG_75308	346
GRCh38_CMRG_77677	346
GRCh38_CMRG_79324	346
GRCh38_CMRG_13051	345
GRCh38_CMRG_13052	345
GRCh38_CMRG_22401	345
GRCh38_CMRG_28054	345
GRCh38_CMRG_30597	345
GRCh38_CMRG_31857	345
GRCh38_CMRG_32608	345
GRCh38_CMRG_37694	345
GRCh38_CMRG_45269	345
GRCh38_CMRG_51484	345
GRCh38_CMRG_59682	345
GRCh38_CMRG_59805	345
GRCh38_CMRG_60332	345
GRCh38_CMRG_67568	345
GRCh38_CMRG_6922	345
GRCh38_CMRG_7346	345
GRCh38_CMRG_73867	345
GRCh38_CMRG_74609	345
GRCh38_CMRG_77343	345
GRCh38_CMRG_79922	345
GRCh38_CMRG_82785	345
GRCh38_CMRG_16752	344
GRCh38_CMRG_18727	344
GRCh38_CMRG_23359	344
GRCh38_CMRG_23750	344
GRCh38_CMRG_23869	344
GRCh38_CMRG_24544	344
GRCh38_CMRG_26087	344
GRCh38_CMRG_26272	344
GRCh38_CMRG_27646	344
GRCh38_CMRG_28288	344
GRCh38_CMRG_28450	344
GRCh38_CMRG_30010	344
GRCh38_CMRG_32919	344
GRCh38_CMRG_33629	344
GRCh38_CMRG_37889	344
GRCh38_CMRG_41856	344
GRCh38_CMRG_44061	344
GRCh38_CMRG_47455	344
GRCh38_CMRG_47918	344
GRCh38_CMRG_48004	344
GRCh38_CMRG_50164	344
GRCh38_CMRG_50357	344
GRCh38_CMRG_52742	344
GRCh38_CMRG_53529	344
GRCh38_CMRG_62193	344
GRCh38_CMRG_64984	344
GRCh38_CMRG_65108	344
GRCh38_CMRG_67660	344
GRCh38_CMRG_70427	344
GRCh38_CMRG_72701	344
GRCh38_CMRG_79581	344
GRCh38_CMRG_79715	344
GRCh38_CMRG_82429	344
GRCh38_CMRG_83046	344
GRCh38_CMRG_83215	344
GRCh38_CMRG_84151	344
GRCh38_CMRG_84228	344
GRCh38_CMRG_14497	343
GRCh38_CMRG_21171	343
GRCh38_CMRG_2131	343
GRCh38_CMRG_21995	343
GRCh38_CMRG_2317	343
GRCh38_CMRG_2374	343
GRCh38_CMRG_23814	343
GRCh38_CMRG_24301	343
GRCh38_CMRG_28911	343
GRCh38_CMRG_34109	343
GRCh38_CMRG_41078	343
GRCh38_CMRG_41754	343
GRCh38_CMRG_46515	343
GRCh38_CMRG_52232	343
GRCh38_CMRG_53647	343
GRCh38_CMRG_61571	343
GRCh38_CMRG_62547	343
GRCh38_CMRG_6451	343
GRCh38_CMRG_72284	343
GRCh38_CMRG_72675	343
GRCh38_CMRG_72967	343
GRCh38_CMRG_82428	343
GRCh38_CMRG_12166	342
GRCh38_CMRG_31854	342
GRCh38_CMRG_38180	342
GRCh38_CMRG_41819	342
GRCh38_CMRG_44430	342
GRCh38_CMRG_49923	342
GRCh38_CMRG_65165	342
GRCh38_CMRG_65496	342
GRCh38_CMRG_67446	342
GRCh38_CMRG_67996	342
GRCh38_CMRG_79325	342
GRCh38_CMRG_9636	342
GRCh38_CMRG_12752	341
GRCh38_CMRG_13596	341
GRCh38_CMRG_18751	341
GRCh38_CMRG_22358	341
GRCh38_CMRG_22893	341
GRCh38_CMRG_25769	341
GRCh38_CMRG_25789	341
GRCh38_CMRG_29608	341
GRCh38_CMRG_33076	341
GRCh38_CMRG_58192	341
GRCh38_CMRG_59449	341
GRCh38_CMRG_64795	341
GRCh38_CMRG_69432	341
GRCh38_CMRG_71829	341
GRCh38_CMRG_71830	341
GRCh38_CMRG_77238	341
GRCh38_CMRG_79889	341
GRCh38_CMRG_81622	341
GRCh38_CMRG_9442	341
GRCh38_CMRG_11044	340
GRCh38_CMRG_14776	340
GRCh38_CMRG_1556	340
GRCh38_CMRG_17522	340
GRCh38_CMRG_21102	340
GRCh38_CMRG_21571	340
GRCh38_CMRG_23887	340
GRCh38_CMRG_26279	340
GRCh38_CMRG_29707	340
GRCh38_CMRG_30022	340
GRCh38_CMRG_30606	340
GRCh38_CMRG_32941	340
GRCh38_CMRG_37356	340
GRCh38_CMRG_46669	340
GRCh38_CMRG_58262	340
GRCh38_CMRG_5955	340
GRCh38_CMRG_61070	340
GRCh38_CMRG_6238	340
GRCh38_CMRG_63380	340
GRCh38_CMRG_64709	340
GRCh38_CMRG_6591	340
GRCh38_CMRG_68896	340
GRCh38_CMRG_73243	340
GRCh38_CMRG_7719	340
GRCh38_CMRG_77318	340
GRCh38_CMRG_79795	340
GRCh38_CMRG_79796	340
GRCh38_CMRG_80823	340
GRCh38_CMRG_11305	339
GRCh38_CMRG_11588	339
GRCh38_CMRG_16557	339
GRCh38_CMRG_17780	339
GRCh38_CMRG_1846	339
GRCh38_CMRG_22878	339
GRCh38_CMRG_32461	339
GRCh38_CMRG_33150	339
GRCh38_CMRG_39808	339
GRCh38_CMRG_44005	339
GRCh38_CMRG_44267	339
GRCh38_CMRG_51770	339
GRCh38_CMRG_59712	339
GRCh38_CMRG_60181	339
GRCh38_CMRG_60556	339
GRCh38_CMRG_6104	339
GRCh38_CMRG_68044	339
GRCh38_CMRG_74320	339
GRCh38_CMRG_7513	339
GRCh38_CMRG_76924	339
GRCh38_CMRG_82182	339
GRCh38_CMRG_10812	338
GRCh38_CMRG_11129	338
GRCh38_CMRG_13350	338
GRCh38_CMRG_15072	338
GRCh38_CMRG_18947	338
GRCh38_CMRG_21918	338
GRCh38_CMRG_33308	338
GRCh38_CMRG_34014	338
GRCh38_CMRG_45712	338
GRCh38_CMRG_52356	338
GRCh38_CMRG_5893	338
GRCh38_CMRG_64054	338
GRCh38_CMRG_64492	338
GRCh38_CMRG_68509	338
GRCh38_CMRG_74237	338
GRCh38_CMRG_7666	338
GRCh38_CMRG_84011	338
GRCh38_CMRG_1265	337
GRCh38_CMRG_13410	337
GRCh38_CMRG_15300	337
GRCh38_CMRG_21283	337
GRCh38_CMRG_24641	337
GRCh38_CMRG_24751	337
GRCh38_CMRG_26785	337
GRCh38_CMRG_26838	337
GRCh38_CMRG_27244	337
GRCh38_CMRG_28323	337
GRCh38_CMRG_40981	337
GRCh38_CMRG_41944	337
GRCh38_CMRG_49275	337
GRCh38_CMRG_55568	337
GRCh38_CMRG_58829	337
GRCh38_CMRG_60449	337
GRCh38_CMRG_61018	337
GRCh38_CMRG_6338	337
GRCh38_CMRG_68593	337
GRCh38_CMRG_74728	337
GRCh38_CMRG_74879	337
GRCh38_CMRG_74880	337
GRCh38_CMRG_7665	337
GRCh38_CMRG_76925	337
GRCh38_CMRG_77614	337
GRCh38_CMRG_7876	337
GRCh38_CMRG_79146	337
GRCh38_CMRG_10763	336
GRCh38_CMRG_11569	336
GRCh38_CMRG_2262	336
GRCh38_CMRG_26275	336
GRCh38_CMRG_26837	336
GRCh38_CMRG_26941	336
GRCh38_CMRG_30021	336
GRCh38_CMRG_32329	336
GRCh38_CMRG_32553	336
GRCh38_CMRG_34211	336
GRCh38_CMRG_44500	336
GRCh38_CMRG_48335	336
GRCh38_CMRG_49716	336
GRCh38_CMRG_49717	336
GRCh38_CMRG_51333	336
GRCh38_CMRG_60571	336
GRCh38_CMRG_60613	336
GRCh38_CMRG_61882	336
GRCh38_CMRG_62527	336
GRCh38_CMRG_68234	336
GRCh38_CMRG_68460	336
GRCh38_CMRG_69397	336
GRCh38_CMRG_72543	336
GRCh38_CMRG_74179	336
GRCh38_CMRG_8237	336
GRCh38_CMRG_13412	335
GRCh38_CMRG_14311	335
GRCh38_CMRG_159	335
GRCh38_CMRG_17661	335
GRCh38_CMRG_33071	335
GRCh38_CMRG_37376	335
GRCh38_CMRG_44992	335
GRCh38_CMRG_45203	335
GRCh38_CMRG_47056	335
GRCh38_CMRG_49025	335
GRCh38_CMRG_49506	335
GRCh38_CMRG_49585	335
GRCh38_CMRG_62641	335
GRCh38_CMRG_6581	335
GRCh38_CMRG_72093	335
GRCh38_CMRG_72619	335
GRCh38_CMRG_75060	335
GRCh38_CMRG_78923	335
GRCh38_CMRG_8186	335
GRCh38_CMRG_83874	335
GRCh38_CMRG_21395	334
GRCh38_CMRG_23058	334
GRCh38_CMRG_23682	334
GRCh38_CMRG_25058	334
GRCh38_CMRG_2720	334
GRCh38_CMRG_45036	334
GRCh38_CMRG_46065	334
GRCh38_CMRG_48830	334
GRCh38_CMRG_52274	334
GRCh38_CMRG_53976	334
GRCh38_CMRG_59281	334
GRCh38_CMRG_60430	334
GRCh38_CMRG_6073	334
GRCh38_CMRG_61720	334
GRCh38_CMRG_65281	334
GRCh38_CMRG_65583	334
GRCh38_CMRG_68296	334
GRCh38_CMRG_68421	334
GRCh38_CMRG_74420	334
GRCh38_CMRG_75139	334
GRCh38_CMRG_75264	334
GRCh38_CMRG_78924	334
GRCh38_CMRG_81584	334
GRCh38_CMRG_84615	334
GRCh38_CMRG_9304	334
GRCh38_CMRG_12022	333
GRCh38_CMRG_18218	333
GRCh38_CMRG_19112	333
GRCh38_CMRG_20908	333
GRCh38_CMRG_24752	333
GRCh38_CMRG_28108	333
GRCh38_CMRG_29834	333
GRCh38_CMRG_41497	333
GRCh38_CMRG_45616	333
GRCh38_CMRG_48885	333
GRCh38_CMRG_50542	333
GRCh38_CMRG_52477	333
GRCh38_CMRG_53243	333
GRCh38_CMRG_54141	333
GRCh38_CMRG_60148	333
GRCh38_CMRG_64061	333
GRCh38_CMRG_65280	333
GRCh38_CMRG_65738	333
GRCh38_CMRG_70499	333
GRCh38_CMRG_70712	333
GRCh38_CMRG_72773	333
GRCh38_CMRG_72993	333
GRCh38_CMRG_76774	333
GRCh38_CMRG_79769	333
GRCh38_CMRG_81906	333
GRCh38_CMRG_82143	333
GRCh38_CMRG_10893	332
GRCh38_CMRG_11101	332
GRCh38_CMRG_12778	332
GRCh38_CMRG_14896	332
GRCh38_CMRG_15005	332
GRCh38_CMRG_17089	332
GRCh38_CMRG_24139	332
GRCh38_CMRG_34709	332
GRCh38_CMRG_38108	332
GRCh38_CMRG_42173	332
GRCh38_CMRG_45628	332
GRCh38_CMRG_55291	332
GRCh38_CMRG_64469	332
GRCh38_CMRG_64515	332
GRCh38_CMRG_68387	332
GRCh38_CMRG_75405	332
GRCh38_CMRG_82167	332
GRCh38_CMRG_8318	332
GRCh38_CMRG_8673	332
GRCh38_CMRG_10573	331
GRCh38_CMRG_11596	331
GRCh38_CMRG_12024	331
GRCh38_CMRG_12658	331
GRCh38_CMRG_2077	331
GRCh38_CMRG_23210	331
GRCh38_CMRG_24273	331
GRCh38_CMRG_26450	331
GRCh38_CMRG_29125	331
GRCh38_CMRG_31786	331
GRCh38_CMRG_32639	331
GRCh38_CMRG_37297	331
GRCh38_CMRG_38785	331
GRCh38_CMRG_40629	331
GRCh38_CMRG_48916	331
GRCh38_CMRG_58483	331
GRCh38_CMRG_58628	331
GRCh38_CMRG_60447	331
GRCh38_CMRG_61146	331
GRCh38_CMRG_61208	331
GRCh38_CMRG_74098	331
GRCh38_CMRG_83043	331
GRCh38_CMRG_83688	331
GRCh38_CMRG_11618	330
GRCh38_CMRG_23683	330
GRCh38_CMRG_26797	330
GRCh38_CMRG_27476	330
GRCh38_CMRG_32942	330
GRCh38_CMRG_33105	330
GRCh38_CMRG_33585	330
GRCh38_CMRG_33830	330
GRCh38_CMRG_37679	330
GRCh38_CMRG_43905	330
GRCh38_CMRG_45782	330
GRCh38_CMRG_47307	330
GRCh38_CMRG_47987	330
GRCh38_CMRG_53863	330
GRCh38_CMRG_55684	330
GRCh38_CMRG_59021	330
GRCh38_CMRG_62034	330
GRCh38_CMRG_62266	330
GRCh38_CMRG_70802	330
GRCh38_CMRG_74272	330
GRCh38_CMRG_75140	330
GRCh38_CMRG_79654	330
GRCh38_CMRG_8852	330
GRCh38_CMRG_16967	329
GRCh38_CMRG_19672	329
GRCh38_CMRG_19869	329
GRCh38_CMRG_2170	329
GRCh38_CMRG_24868	329
GRCh38_CMRG_29323	329
GRCh38_CMRG_34640	329
GRCh38_CMRG_38575	329
GRCh38_CMRG_50517	329
GRCh38_CMRG_52620	329
GRCh38_CMRG_5938	329
GRCh38_CMRG_60899	329
GRCh38_CMRG_61738	329
GRCh38_CMRG_62066	329
GRCh38_CMRG_66121	329
GRCh38_CMRG_67850	329
GRCh38_CMRG_67981	329
GRCh38_CMRG_74939	329
GRCh38_CMRG_8086	329
GRCh38_CMRG_8087	329
GRCh38_CMRG_82359	329
GRCh38_CMRG_82386	329
GRCh38_CMRG_82913	329
GRCh38_CMRG_83250	329
GRCh38_CMRG_8870	329
GRCh38_CMRG_14019	328
GRCh38_CMRG_23893	328
GRCh38_CMRG_2454	328
GRCh38_CMRG_24621	328
GRCh38_CMRG_32794	328
GRCh38_CMRG_33466	328
GRCh38_CMRG_38158	328
GRCh38_CMRG_49691	328
GRCh38_CMRG_49692	328
GRCh38_CMRG_53316	328
GRCh38_CMRG_5885	328
GRCh38_CMRG_60791	328
GRCh38_CMRG_62132	328
GRCh38_CMRG_6701	328
GRCh38_CMRG_68407	328
GRCh38_CMRG_69500	328
GRCh38_CMRG_74225	328
GRCh38_CMRG_8181	328
GRCh38_CMRG_12078	327
GRCh38_CMRG_12460	327
GRCh38_CMRG_12624	327
GRCh38_CMRG_13322	327
GRCh38_CMRG_14862	327
GRCh38_CMRG_17765	327
GRCh38_CMRG_19434	327
GRCh38_CMRG_28128	327
GRCh38_CMRG_2947	327
GRCh38_CMRG_32891	327
GRCh38_CMRG_34379	327
GRCh38_CMRG_39581	327
GRCh38_CMRG_39683	327
GRCh38_CMRG_41549	327
GRCh38_CMRG_43878	327
GRCh38_CMRG_48590	327
GRCh38_CMRG_55170	327
GRCh38_CMRG_55841	327
GRCh38_CMRG_64396	327
GRCh38_CMRG_6514	327
GRCh38_CMRG_69114	327
GRCh38_CMRG_70692	327
GRCh38_CMRG_73406	327
GRCh38_CMRG_82287	327
GRCh38_CMRG_14458	326
GRCh38_CMRG_14830	326
GRCh38_CMRG_15097	326
GRCh38_CMRG_19363	326
GRCh38_CMRG_23735	326
GRCh38_CMRG_24461	326
GRCh38_CMRG_25237	326
GRCh38_CMRG_27719	326
GRCh38_CMRG_28338	326
GRCh38_CMRG_29329	326
GRCh38_CMRG_36704	326
GRCh38_CMRG_37727	326
GRCh38_CMRG_38068	326
GRCh38_CMRG_48170	326
GRCh38_CMRG_48194	326
GRCh38_CMRG_53614	326
GRCh38_CMRG_55169	326
GRCh38_CMRG_60457	326
GRCh38_CMRG_62209	326
GRCh38_CMRG_74164	326
GRCh38_CMRG_74165	326
GRCh38_CMRG_77411	326
GRCh38_CMRG_77417	326
GRCh38_CMRG_79846	326
GRCh38_CMRG_80690	326
GRCh38_CMRG_83705	326
GRCh38_CMRG_9366	326
GRCh38_CMRG_9473	326
GRCh38_CMRG_13753	325
GRCh38_CMRG_14842	325
GRCh38_CMRG_15519	325
GRCh38_CMRG_17658	325
GRCh38_CMRG_19756	325
GRCh38_CMRG_22168	325
GRCh38_CMRG_33434	325
GRCh38_CMRG_37010	325
GRCh38_CMRG_37387	325
GRCh38_CMRG_37954	325
GRCh38_CMRG_45792	325
GRCh38_CMRG_60894	325
GRCh38_CMRG_63509	325
GRCh38_CMRG_65364	325
GRCh38_CMRG_65546	325
GRCh38_CMRG_68048	325
GRCh38_CMRG_68672	325
GRCh38_CMRG_70200	325
GRCh38_CMRG_73194	325
GRCh38_CMRG_79193	325
GRCh38_CMRG_79814	325
GRCh38_CMRG_82236	325
GRCh38_CMRG_8379	325
GRCh38_CMRG_9520	325
GRCh38_CMRG_10513	324
GRCh38_CMRG_12268	324
GRCh38_CMRG_12706	324
GRCh38_CMRG_17272	324
GRCh38_CMRG_18794	324
GRCh38_CMRG_19836	324
GRCh38_CMRG_21309	324
GRCh38_CMRG_23758	324
GRCh38_CMRG_25898	324
GRCh38_CMRG_28147	324
GRCh38_CMRG_29885	324
GRCh38_CMRG_32988	324
GRCh38_CMRG_39512	324
GRCh38_CMRG_42073	324
GRCh38_CMRG_47101	324
GRCh38_CMRG_49282	324
GRCh38_CMRG_52888	324
GRCh38_CMRG_59700	324
GRCh38_CMRG_60074	324
GRCh38_CMRG_62461	324
GRCh38_CMRG_67552	324
GRCh38_CMRG_68702	324
GRCh38_CMRG_70251	324
GRCh38_CMRG_74724	324
GRCh38_CMRG_76872	324
GRCh38_CMRG_76874	324
GRCh38_CMRG_81015	324
GRCh38_CMRG_82273	324
GRCh38_CMRG_8353	324
GRCh38_CMRG_84710	324
GRCh38_CMRG_10765	323
GRCh38_CMRG_11893	323
GRCh38_CMRG_1699	323
GRCh38_CMRG_18462	323
GRCh38_CMRG_18800	323
GRCh38_CMRG_18991	323
GRCh38_CMRG_19030	323
GRCh38_CMRG_19838	323
GRCh38_CMRG_23927	323
GRCh38_CMRG_32087	323
GRCh38_CMRG_32499	323
GRCh38_CMRG_32897	323
GRCh38_CMRG_38548	323
GRCh38_CMRG_39557	323
GRCh38_CMRG_43656	323
GRCh38_CMRG_48753	323
GRCh38_CMRG_49121	323
GRCh38_CMRG_51872	323
GRCh38_CMRG_52484	323
GRCh38_CMRG_60034	323
GRCh38_CMRG_64052	323
GRCh38_CMRG_69933	323
GRCh38_CMRG_71328	323
GRCh38_CMRG_14601	322
GRCh38_CMRG_15542	322
GRCh38_CMRG_22366	322
GRCh38_CMRG_23410	322
GRCh38_CMRG_33017	322
GRCh38_CMRG_33852	322
GRCh38_CMRG_34144	322
GRCh38_CMRG_36564	322
GRCh38_CMRG_37123	322
GRCh38_CMRG_383	322
GRCh38_CMRG_40703	322
GRCh38_CMRG_45202	322
GRCh38_CMRG_46000	322
GRCh38_CMRG_46250	322
GRCh38_CMRG_46327	322
GRCh38_CMRG_46668	322
GRCh38_CMRG_47592	322
GRCh38_CMRG_49300	322
GRCh38_CMRG_51195	322
GRCh38_CMRG_58815	322
GRCh38_CMRG_63315	322
GRCh38_CMRG_68836	322
GRCh38_CMRG_70663	322
GRCh38_CMRG_74702	322
GRCh38_CMRG_75168	322
GRCh38_CMRG_81959	322
GRCh38_CMRG_82912	322
GRCh38_CMRG_83069	322
GRCh38_CMRG_13653	321
GRCh38_CMRG_1865	321
GRCh38_CMRG_22469	321
GRCh38_CMRG_23404	321
GRCh38_CMRG_24861	321
GRCh38_CMRG_27761	321
GRCh38_CMRG_34090	321
GRCh38_CMRG_37953	321
GRCh38_CMRG_37975	321
GRCh38_CMRG_47035	321
GRCh38_CMRG_48575	321
GRCh38_CMRG_54650	321
GRCh38_CMRG_58189	321
GRCh38_CMRG_58291	321
GRCh38_CMRG_58511	321
GRCh38_CMRG_59247	321
GRCh38_CMRG_66050	321
GRCh38_CMRG_67147	321
GRCh38_CMRG_68374	321
GRCh38_CMRG_70478	321
GRCh38_CMRG_70893	321
GRCh38_CMRG_71912	321
GRCh38_CMRG_75151	321
GRCh38_CMRG_77148	321
GRCh38_CMRG_7861	321
GRCh38_CMRG_8391	321
GRCh38_CMRG_9569	321
GRCh38_CMRG_11282	320
GRCh38_CMRG_22207	320
GRCh38_CMRG_2837	320
GRCh38_CMRG_33596	320
GRCh38_CMRG_38649	320
GRCh38_CMRG_41145	320
GRCh38_CMRG_42399	320
GRCh38_CMRG_434	320
GRCh38_CMRG_45375	320
GRCh38_CMRG_46301	320
GRCh38_CMRG_51011	320
GRCh38_CMRG_51370	320
GRCh38_CMRG_53319	320
GRCh38_CMRG_5763	320
GRCh38_CMRG_59248	320
GRCh38_CMRG_61100	320
GRCh38_CMRG_64364	320
GRCh38_CMRG_66044	320
GRCh38_CMRG_70470	320
GRCh38_CMRG_74664	320
GRCh38_CMRG_8409	320
GRCh38_CMRG_9515	320
GRCh38_CMRG_11839	319
GRCh38_CMRG_12008	319
GRCh38_CMRG_14911	319
GRCh38_CMRG_18141	319
GRCh38_CMRG_21724	319
GRCh38_CMRG_2620	319
GRCh38_CMRG_33382	319
GRCh38_CMRG_36655	319
GRCh38_CMRG_38447	319
GRCh38_CMRG_40921	319
GRCh38_CMRG_43825	319
GRCh38_CMRG_48480	319
GRCh38_CMRG_49668	319
GRCh38_CMRG_52217	319
GRCh38_CMRG_59883	319
GRCh38_CMRG_65106	319
GRCh38_CMRG_7514	319
GRCh38_CMRG_7928	319
GRCh38_CMRG_81475	319
GRCh38_CMRG_8225	319
GRCh38_CMRG_13314	318
GRCh38_CMRG_2208	318
GRCh38_CMRG_22578	318
GRCh38_CMRG_23140	318
GRCh38_CMRG_34555	318
GRCh38_CMRG_44611	318
GRCh38_CMRG_45143	318
GRCh38_CMRG_46679	318
GRCh38_CMRG_50527	318
GRCh38_CMRG_50910	318
GRCh38_CMRG_52218	318
GRCh38_CMRG_53395	318
GRCh38_CMRG_58096	318
GRCh38_CMRG_59820	318
GRCh38_CMRG_63790	318
GRCh38_CMRG_67926	318
GRCh38_CMRG_68321	318
GRCh38_CMRG_68329	318
GRCh38_CMRG_70479	318
GRCh38_CMRG_7874	318
GRCh38_CMRG_82670	318
GRCh38_CMRG_82931	318
GRCh38_CMRG_84873	318
GRCh38_CMRG_11063	317
GRCh38_CMRG_12023	317
GRCh38_CMRG_1371	317
GRCh38_CMRG_1762	317
GRCh38_CMRG_2153	317
GRCh38_CMRG_2154	317
GRCh38_CMRG_22200	317
GRCh38_CMRG_23241	317
GRCh38_CMRG_2829	317
GRCh38_CMRG_2864	317
GRCh38_CMRG_29920	317
GRCh38_CMRG_33229	317
GRCh38_CMRG_36313	317
GRCh38_CMRG_37133	317
GRCh38_CMRG_39223	317
GRCh38_CMRG_39224	317
GRCh38_CMRG_44979	317
GRCh38_CMRG_45276	317
GRCh38_CMRG_48909	317
GRCh38_CMRG_52056	317
GRCh38_CMRG_52784	317
GRCh38_CMRG_59565	317
GRCh38_CMRG_63666	317
GRCh38_CMRG_83411	317
GRCh38_CMRG_84508	317
GRCh38_CMRG_18792	316
GRCh38_CMRG_21594	316
GRCh38_CMRG_24133	316
GRCh38_CMRG_24259	316
GRCh38_CMRG_33215	316
GRCh38_CMRG_41776	316
GRCh38_CMRG_45842	316
GRCh38_CMRG_48000	316
GRCh38_CMRG_54160	316
GRCh38_CMRG_59034	316
GRCh38_CMRG_61389	316
GRCh38_CMRG_6289	316
GRCh38_CMRG_64058	316
GRCh38_CMRG_64146	316
GRCh38_CMRG_64934	316
GRCh38_CMRG_65348	316
GRCh38_CMRG_67659	316
GRCh38_CMRG_72827	316
GRCh38_CMRG_11270	315
GRCh38_CMRG_17511	315
GRCh38_CMRG_21903	315
GRCh38_CMRG_24272	315
GRCh38_CMRG_26958	315
GRCh38_CMRG_28332	315
GRCh38_CMRG_31405	315
GRCh38_CMRG_33174	315
GRCh38_CMRG_33879	315
GRCh38_CMRG_36253	315
GRCh38_CMRG_50950	315
GRCh38_CMRG_59251	315
GRCh38_CMRG_61085	315
GRCh38_CMRG_6470	315
GRCh38_CMRG_69896	315
GRCh38_CMRG_74089	315
GRCh38_CMRG_74446	315
GRCh38_CMRG_77333	315
GRCh38_CMRG_81810	315
GRCh38_CMRG_84088	315
GRCh38_CMRG_11797	314
GRCh38_CMRG_14345	314
GRCh38_CMRG_15093	314
GRCh38_CMRG_18955	314
GRCh38_CMRG_2122	314
GRCh38_CMRG_21847	314
GRCh38_CMRG_22035	314
GRCh38_CMRG_24099	314
GRCh38_CMRG_28457	314
GRCh38_CMRG_29334	314
GRCh38_CMRG_30727	314
GRCh38_CMRG_39575	314
GRCh38_CMRG_41219	314
GRCh38_CMRG_53527	314
GRCh38_CMRG_53528	314
GRCh38_CMRG_61173	314
GRCh38_CMRG_67007	314
GRCh38_CMRG_68567	314
GRCh38_CMRG_68671	314
GRCh38_CMRG_72764	314
GRCh38_CMRG_73030	314
GRCh38_CMRG_77033	314
GRCh38_CMRG_8024	314
GRCh38_CMRG_81878	314
GRCh38_CMRG_82291	314
GRCh38_CMRG_8586	314
GRCh38_CMRG_9015	314
GRCh38_CMRG_13246	313
GRCh38_CMRG_14159	313
GRCh38_CMRG_14681	313
GRCh38_CMRG_19343	313
GRCh38_CMRG_2165	313
GRCh38_CMRG_24265	313
GRCh38_CMRG_24984	313
GRCh38_CMRG_26658	313
GRCh38_CMRG_26659	313
GRCh38_CMRG_34060	313
GRCh38_CMRG_36946	313
GRCh38_CMRG_40676	313
GRCh38_CMRG_43645	313
GRCh38_CMRG_43795	313
GRCh38_CMRG_47009	313
GRCh38_CMRG_50715	313
GRCh38_CMRG_59666	313
GRCh38_CMRG_61361	313
GRCh38_CMRG_64868	313
GRCh38_CMRG_64933	313
GRCh38_CMRG_73999	313
GRCh38_CMRG_7471	313
GRCh38_CMRG_75400	313
GRCh38_CMRG_76694	313
GRCh38_CMRG_77001	313
GRCh38_CMRG_77630	313
GRCh38_CMRG_81340	313
GRCh38_CMRG_81660	313
GRCh38_CMRG_9577	313
GRCh38_CMRG_11798	312
GRCh38_CMRG_13949	312
GRCh38_CMRG_14965	312
GRCh38_CMRG_15540	312
GRCh38_CMRG_1730	312
GRCh38_CMRG_22437	312
GRCh38_CMRG_28155	312
GRCh38_CMRG_30955	312
GRCh38_CMRG_33147	312
GRCh38_CMRG_37884	312
GRCh38_CMRG_40007	312
GRCh38_CMRG_40420	312
GRCh38_CMRG_41289	312
GRCh38_CMRG_41536	312
GRCh38_CMRG_41571	312
GRCh38_CMRG_51245	312
GRCh38_CMRG_53056	312
GRCh38_CMRG_54861	312
GRCh38_CMRG_64034	312
GRCh38_CMRG_65152	312
GRCh38_CMRG_68131	312
GRCh38_CMRG_69831	312
GRCh38_CMRG_70850	312
GRCh38_CMRG_7259	312
GRCh38_CMRG_72633	312
GRCh38_CMRG_7708	312
GRCh38_CMRG_81913	312
GRCh38_CMRG_8303	312
GRCh38_CMRG_84101	312
GRCh38_CMRG_9453	312
GRCh38_CMRG_10762	311
GRCh38_CMRG_1155	311
GRCh38_CMRG_11557	311
GRCh38_CMRG_24047	311
GRCh38_CMRG_31660	311
GRCh38_CMRG_31718	311
GRCh38_CMRG_38418	311
GRCh38_CMRG_41741	311
GRCh38_CMRG_44350	311
GRCh38_CMRG_50136	311
GRCh38_CMRG_50403	311
GRCh38_CMRG_50852	311
GRCh38_CMRG_60443	311
GRCh38_CMRG_61612	311
GRCh38_CMRG_67602	311
GRCh38_CMRG_67925	311
GRCh38_CMRG_68235	311
GRCh38_CMRG_72620	311
GRCh38_CMRG_72966	311
GRCh38_CMRG_7721	311
GRCh38_CMRG_79847	311
GRCh38_CMRG_79848	311
GRCh38_CMRG_81674	311
GRCh38_CMRG_109	310
GRCh38_CMRG_18060	310
GRCh38_CMRG_18889	310
GRCh38_CMRG_18890	310
GRCh38_CMRG_22268	310
GRCh38_CMRG_24698	310
GRCh38_CMRG_27064	310
GRCh38_CMRG_2930	310
GRCh38_CMRG_30717	310
GRCh38_CMRG_31256	310
GRCh38_CMRG_31257	310
GRCh38_CMRG_31996	310
GRCh38_CMRG_33748	310
GRCh38_CMRG_40587	310
GRCh38_CMRG_45404	310
GRCh38_CMRG_46265	310
GRCh38_CMRG_46393	310
GRCh38_CMRG_48968	310
GRCh38_CMRG_53017	310
GRCh38_CMRG_54157	310
GRCh38_CMRG_59799	310
GRCh38_CMRG_6130	310
GRCh38_CMRG_61319	310
GRCh38_CMRG_63861	310
GRCh38_CMRG_6635	310
GRCh38_CMRG_79170	310
GRCh38_CMRG_81962	310
GRCh38_CMRG_8305	310
GRCh38_CMRG_83957	310
GRCh38_CMRG_84217	310
GRCh38_CMRG_9743	310
GRCh38_CMRG_13413	309
GRCh38_CMRG_21282	309
GRCh38_CMRG_21305	309
GRCh38_CMRG_24896	309
GRCh38_CMRG_28095	309
GRCh38_CMRG_34508	309
GRCh38_CMRG_36276	309
GRCh38_CMRG_37249	309
GRCh38_CMRG_44174	309
GRCh38_CMRG_47553	309
GRCh38_CMRG_55104	309
GRCh38_CMRG_55376	309
GRCh38_CMRG_55566	309
GRCh38_CMRG_58206	309
GRCh38_CMRG_58339	309
GRCh38_CMRG_6755	309
GRCh38_CMRG_72243	309
GRCh38_CMRG_73561	309
GRCh38_CMRG_7668	309
GRCh38_CMRG_84388	309
GRCh38_CMRG_108	308
GRCh38_CMRG_12028	308
GRCh38_CMRG_1303	308
GRCh38_CMRG_2189	308
GRCh38_CMRG_26025	308
GRCh38_CMRG_28031	308
GRCh38_CMRG_32588	308
GRCh38_CMRG_34092	308
GRCh38_CMRG_42465	308
GRCh38_CMRG_42527	308
GRCh38_CMRG_45500	308
GRCh38_CMRG_54433	308
GRCh38_CMRG_62182	308
GRCh38_CMRG_62281	308
GRCh38_CMRG_68141	308
GRCh38_CMRG_70480	308
GRCh38_CMRG_7941	308
GRCh38_CMRG_81001	308
GRCh38_CMRG_81002	308
GRCh38_CMRG_1433	307
GRCh38_CMRG_18229	307
GRCh38_CMRG_19459	307
GRCh38_CMRG_21676	307
GRCh38_CMRG_23449	307
GRCh38_CMRG_23521	307
GRCh38_CMRG_23568	307
GRCh38_CMRG_24782	307
GRCh38_CMRG_26836	307
GRCh38_CMRG_28277	307
GRCh38_CMRG_31638	307
GRCh38_CMRG_32493	307
GRCh38_CMRG_42179	307
GRCh38_CMRG_501	307
GRCh38_CMRG_50776	307
GRCh38_CMRG_52006	307
GRCh38_CMRG_58353	307
GRCh38_CMRG_731	307
GRCh38_CMRG_73211	307
GRCh38_CMRG_73642	307
GRCh38_CMRG_77044	307
GRCh38_CMRG_77045	307
GRCh38_CMRG_9907	307
GRCh38_CMRG_14001	306
GRCh38_CMRG_1729	306
GRCh38_CMRG_23711	306
GRCh38_CMRG_36750	306
GRCh38_CMRG_38455	306
GRCh38_CMRG_38543	306
GRCh38_CMRG_41193	306
GRCh38_CMRG_49321	306
GRCh38_CMRG_59583	306
GRCh38_CMRG_59953	306
GRCh38_CMRG_6066	306
GRCh38_CMRG_62495	306
GRCh38_CMRG_70391	306
GRCh38_CMRG_72560	306
GRCh38_CMRG_81857	306
GRCh38_CMRG_82507	306
GRCh38_CMRG_84544	306
GRCh38_CMRG_12526	305
GRCh38_CMRG_15004	305
GRCh38_CMRG_16730	305
GRCh38_CMRG_17394	305
GRCh38_CMRG_18463	305
GRCh38_CMRG_23791	305
GRCh38_CMRG_24275	305
GRCh38_CMRG_24537	305
GRCh38_CMRG_25296	305
GRCh38_CMRG_29332	305
GRCh38_CMRG_31425	305
GRCh38_CMRG_42180	305
GRCh38_CMRG_45480	305
GRCh38_CMRG_47200	305
GRCh38_CMRG_48122	305
GRCh38_CMRG_49071	305
GRCh38_CMRG_49157	305
GRCh38_CMRG_58630	305
GRCh38_CMRG_64032	305
GRCh38_CMRG_67025	305
GRCh38_CMRG_68339	305
GRCh38_CMRG_75038	305
GRCh38_CMRG_75113	305
GRCh38_CMRG_76689	305
GRCh38_CMRG_76921	305
GRCh38_CMRG_82506	305
GRCh38_CMRG_84431	305
GRCh38_CMRG_11302	304
GRCh38_CMRG_13104	304
GRCh38_CMRG_1413	304
GRCh38_CMRG_23799	304
GRCh38_CMRG_23937	304
GRCh38_CMRG_24570	304
GRCh38_CMRG_37373	304
GRCh38_CMRG_39985	304
GRCh38_CMRG_48637	304
GRCh38_CMRG_48675	304
GRCh38_CMRG_50777	304
GRCh38_CMRG_58519	304
GRCh38_CMRG_60529	304
GRCh38_CMRG_61348	304
GRCh38_CMRG_61909	304
GRCh38_CMRG_62404	304
GRCh38_CMRG_65100	304
GRCh38_CMRG_65542	304
GRCh38_CMRG_13760	303
GRCh38_CMRG_15328	303
GRCh38_CMRG_24442	303
GRCh38_CMRG_28069	303
GRCh38_CMRG_32961	303
GRCh38_CMRG_33339	303
GRCh38_CMRG_33849	303
GRCh38_CMRG_36977	303
GRCh38_CMRG_37841	303
GRCh38_CMRG_39984	303
GRCh38_CMRG_40190	303
GRCh38_CMRG_46125	303
GRCh38_CMRG_58407	303
GRCh38_CMRG_6067	303
GRCh38_CMRG_60796	303
GRCh38_CMRG_61708	303
GRCh38_CMRG_65234	303
GRCh38_CMRG_70703	303
GRCh38_CMRG_71007	303
GRCh38_CMRG_72050	303
GRCh38_CMRG_74813	303
GRCh38_CMRG_74938	303
GRCh38_CMRG_82321	303
GRCh38_CMRG_8327	303
GRCh38_CMRG_83689	303
GRCh38_CMRG_83883	303
GRCh38_CMRG_83896	303
GRCh38_CMRG_13457	302
GRCh38_CMRG_15330	302
GRCh38_CMRG_17687	302
GRCh38_CMRG_33206	302
GRCh38_CMRG_33555	302
GRCh38_CMRG_38255	302
GRCh38_CMRG_45128	302
GRCh38_CMRG_49709	302
GRCh38_CMRG_52015	302
GRCh38_CMRG_54143	302
GRCh38_CMRG_54708	302
GRCh38_CMRG_61344	302
GRCh38_CMRG_73415	302
GRCh38_CMRG_751	302
GRCh38_CMRG_7519	302
GRCh38_CMRG_76784	302
GRCh38_CMRG_77637	302
GRCh38_CMRG_102	301
GRCh38_CMRG_2022	301
GRCh38_CMRG_21059	301
GRCh38_CMRG_21250	301
GRCh38_CMRG_2164	301
GRCh38_CMRG_24939	301
GRCh38_CMRG_33095	301
GRCh38_CMRG_33544	301
GRCh38_CMRG_41008	301
GRCh38_CMRG_41029	301
GRCh38_CMRG_41847	301
GRCh38_CMRG_42199	301
GRCh38_CMRG_43941	301
GRCh38_CMRG_49925	301
GRCh38_CMRG_51869	301
GRCh38_CMRG_5952	301
GRCh38_CMRG_63321	301
GRCh38_CMRG_68830	301
GRCh38_CMRG_82232	301
GRCh38_CMRG_82766	301
GRCh38_CMRG_82993	301
GRCh38_CMRG_83702	301
GRCh38_CMRG_11687	300
GRCh38_CMRG_14161	300
GRCh38_CMRG_17917	300
GRCh38_CMRG_19746	300
GRCh38_CMRG_22552	300
GRCh38_CMRG_28073	300
GRCh38_CMRG_31982	300
GRCh38_CMRG_33114	300
GRCh38_CMRG_39089	300
GRCh38_CMRG_43620	300
GRCh38_CMRG_49915	300
GRCh38_CMRG_50369	300
GRCh38_CMRG_62594	300
GRCh38_CMRG_6288	300
GRCh38_CMRG_71126	300
GRCh38_CMRG_72007	300
GRCh38_CMRG_72732	300
GRCh38_CMRG_73656	300
GRCh38_CMRG_7911	300
GRCh38_CMRG_92	300
GRCh38_CMRG_12104	299
GRCh38_CMRG_13708	299
GRCh38_CMRG_17965	299
GRCh38_CMRG_21923	299
GRCh38_CMRG_21993	299
GRCh38_CMRG_22572	299
GRCh38_CMRG_23815	299
GRCh38_CMRG_26183	299
GRCh38_CMRG_28135	299
GRCh38_CMRG_31631	299
GRCh38_CMRG_31922	299
GRCh38_CMRG_38171	299
GRCh38_CMRG_42110	299
GRCh38_CMRG_47249	299
GRCh38_CMRG_50335	299
GRCh38_CMRG_54689	299
GRCh38_CMRG_59625	299
GRCh38_CMRG_61030	299
GRCh38_CMRG_63763	299
GRCh38_CMRG_67913	299
GRCh38_CMRG_68899	299
GRCh38_CMRG_69673	299
GRCh38_CMRG_72242	299
GRCh38_CMRG_72403	299
GRCh38_CMRG_74944	299
GRCh38_CMRG_80008	299
GRCh38_CMRG_84226	299
GRCh38_CMRG_84473	299
GRCh38_CMRG_12334	298
GRCh38_CMRG_13671	298
GRCh38_CMRG_17903	298
GRCh38_CMRG_21695	298
GRCh38_CMRG_22899	298
GRCh38_CMRG_23846	298
GRCh38_CMRG_26024	298
GRCh38_CMRG_34513	298
GRCh38_CMRG_38310	298
GRCh38_CMRG_38449	298
GRCh38_CMRG_40367	298
GRCh38_CMRG_53984	298
GRCh38_CMRG_60458	298
GRCh38_CMRG_61564	298
GRCh38_CMRG_68053	298
GRCh38_CMRG_68620	298
GRCh38_CMRG_73484	298
GRCh38_CMRG_74372	298
GRCh38_CMRG_79813	298
GRCh38_CMRG_82115	298
GRCh38_CMRG_83147	298
GRCh38_CMRG_83152	298
GRCh38_CMRG_11903	297
GRCh38_CMRG_13532	297
GRCh38_CMRG_29079	297
GRCh38_CMRG_29261	297
GRCh38_CMRG_32676	297
GRCh38_CMRG_40867	297
GRCh38_CMRG_44339	297
GRCh38_CMRG_44720	297
GRCh38_CMRG_46590	297
GRCh38_CMRG_49443	297
GRCh38_CMRG_54646	297
GRCh38_CMRG_61999	297
GRCh38_CMRG_66132	297
GRCh38_CMRG_68629	297
GRCh38_CMRG_72834	297
GRCh38_CMRG_7664	297
GRCh38_CMRG_79091	297
GRCh38_CMRG_7982	297
GRCh38_CMRG_11597	296
GRCh38_CMRG_13417	296
GRCh38_CMRG_24563	296
GRCh38_CMRG_33465	296
GRCh38_CMRG_50216	296
GRCh38_CMRG_53603	296
GRCh38_CMRG_53654	296
GRCh38_CMRG_64412	296
GRCh38_CMRG_67797	296
GRCh38_CMRG_70682	296
GRCh38_CMRG_74048	296
GRCh38_CMRG_7981	296
GRCh38_CMRG_81372	296
GRCh38_CMRG_82713	296
GRCh38_CMRG_9908	296
GRCh38_CMRG_10575	295
GRCh38_CMRG_13686	295
GRCh38_CMRG_15089	295
GRCh38_CMRG_16959	295
GRCh38_CMRG_17003	295
GRCh38_CMRG_23401	295
GRCh38_CMRG_25267	295
GRCh38_CMRG_28256	295
GRCh38_CMRG_30678	295
GRCh38_CMRG_31454	295
GRCh38_CMRG_32037	295
GRCh38_CMRG_33059	295
GRCh38_CMRG_33517	295
GRCh38_CMRG_35942	295
GRCh38_CMRG_36206	295
GRCh38_CMRG_41611	295
GRCh38_CMRG_43591	295
GRCh38_CMRG_47785	295
GRCh38_CMRG_49033	295
GRCh38_CMRG_49531	295
GRCh38_CMRG_54371	295
GRCh38_CMRG_54406	295
GRCh38_CMRG_54648	295
GRCh38_CMRG_55819	295
GRCh38_CMRG_59568	295
GRCh38_CMRG_65238	295
GRCh38_CMRG_67941	295
GRCh38_CMRG_75639	295
GRCh38_CMRG_8050	295
GRCh38_CMRG_80999	295
GRCh38_CMRG_83855	295
GRCh38_CMRG_11653	294
GRCh38_CMRG_11905	294
GRCh38_CMRG_13286	294
GRCh38_CMRG_13355	294
GRCh38_CMRG_14144	294
GRCh38_CMRG_16729	294
GRCh38_CMRG_24235	294
GRCh38_CMRG_24709	294
GRCh38_CMRG_30016	294
GRCh38_CMRG_40119	294
GRCh38_CMRG_41619	294
GRCh38_CMRG_45578	294
GRCh38_CMRG_55089	294
GRCh38_CMRG_55208	294
GRCh38_CMRG_61414	294
GRCh38_CMRG_64458	294
GRCh38_CMRG_65196	294
GRCh38_CMRG_65284	294
GRCh38_CMRG_74899	294
GRCh38_CMRG_81813	294
GRCh38_CMRG_82701	294
GRCh38_CMRG_11636	293
GRCh38_CMRG_11637	293
GRCh38_CMRG_13795	293
GRCh38_CMRG_13796	293
GRCh38_CMRG_18859	293
GRCh38_CMRG_19859	293
GRCh38_CMRG_28036	293
GRCh38_CMRG_28704	293
GRCh38_CMRG_30636	293
GRCh38_CMRG_33635	293
GRCh38_CMRG_38577	293
GRCh38_CMRG_41383	293
GRCh38_CMRG_41485	293
GRCh38_CMRG_46591	293
GRCh38_CMRG_48818	293
GRCh38_CMRG_52621	293
GRCh38_CMRG_54129	293
GRCh38_CMRG_6499	293
GRCh38_CMRG_81932	293
GRCh38_CMRG_83006	293
GRCh38_CMRG_17916	292
GRCh38_CMRG_19286	292
GRCh38_CMRG_24320	292
GRCh38_CMRG_24411	292
GRCh38_CMRG_26748	292
GRCh38_CMRG_28278	292
GRCh38_CMRG_32227	292
GRCh38_CMRG_33151	292
GRCh38_CMRG_38703	292
GRCh38_CMRG_41248	292
GRCh38_CMRG_44514	292
GRCh38_CMRG_48814	292
GRCh38_CMRG_51590	292
GRCh38_CMRG_63728	292
GRCh38_CMRG_67584	292
GRCh38_CMRG_79051	292
GRCh38_CMRG_7930	292
GRCh38_CMRG_81536	292
GRCh38_CMRG_81783	292
GRCh38_CMRG_82342	292
GRCh38_CMRG_8689	292
GRCh38_CMRG_13668	291
GRCh38_CMRG_14962	291
GRCh38_CMRG_20986	291
GRCh38_CMRG_24277	291
GRCh38_CMRG_26992	291
GRCh38_CMRG_27048	291
GRCh38_CMRG_28469	291
GRCh38_CMRG_28634	291
GRCh38_CMRG_32229	291
GRCh38_CMRG_36251	291
GRCh38_CMRG_38391	291
GRCh38_CMRG_39218	291
GRCh38_CMRG_40086	291
GRCh38_CMRG_6718	291
GRCh38_CMRG_68147	291
GRCh38_CMRG_70965	291
GRCh38_CMRG_71899	291
GRCh38_CMRG_73662	291
GRCh38_CMRG_7720	291
GRCh38_CMRG_79912	291
GRCh38_CMRG_81032	291
GRCh38_CMRG_82593	291
GRCh38_CMRG_84186	291
GRCh38_CMRG_84576	291
GRCh38_CMRG_12806	290
GRCh38_CMRG_17436	290
GRCh38_CMRG_18298	290
GRCh38_CMRG_18391	290
GRCh38_CMRG_1980	290
GRCh38_CMRG_21626	290
GRCh38_CMRG_30001	290
GRCh38_CMRG_32186	290
GRCh38_CMRG_32540	290
GRCh38_CMRG_33607	290
GRCh38_CMRG_33795	290
GRCh38_CMRG_36406	290
GRCh38_CMRG_41967	290
GRCh38_CMRG_41968	290
GRCh38_CMRG_48123	290
GRCh38_CMRG_55039	290
GRCh38_CMRG_58446	290
GRCh38_CMRG_62409	290
GRCh38_CMRG_67551	290
GRCh38_CMRG_71442	290
GRCh38_CMRG_71443	290
GRCh38_CMRG_73213	290
GRCh38_CMRG_75251	290
GRCh38_CMRG_83005	290
GRCh38_CMRG_83592	290
GRCh38_CMRG_11039	289
GRCh38_CMRG_13156	289
GRCh38_CMRG_13956	289
GRCh38_CMRG_14499	289
GRCh38_CMRG_14535	289
GRCh38_CMRG_1464	289
GRCh38_CMRG_14894	289
GRCh38_CMRG_15438	289
GRCh38_CMRG_28310	289
GRCh38_CMRG_29330	289
GRCh38_CMRG_31864	289
GRCh38_CMRG_33359	289
GRCh38_CMRG_37966	289
GRCh38_CMRG_40115	289
GRCh38_CMRG_41960	289
GRCh38_CMRG_47202	289
GRCh38_CMRG_48478	289
GRCh38_CMRG_53471	289
GRCh38_CMRG_60459	289
GRCh38_CMRG_6079	289
GRCh38_CMRG_73776	289
GRCh38_CMRG_74488	289
GRCh38_CMRG_82147	289
GRCh38_CMRG_10725	288
GRCh38_CMRG_11061	288
GRCh38_CMRG_11727	288
GRCh38_CMRG_13433	288
GRCh38_CMRG_13482	288
GRCh38_CMRG_19481	288
GRCh38_CMRG_2581	288
GRCh38_CMRG_27002	288
GRCh38_CMRG_30642	288
GRCh38_CMRG_38411	288
GRCh38_CMRG_41393	288
GRCh38_CMRG_45200	288
GRCh38_CMRG_49074	288
GRCh38_CMRG_51288	288
GRCh38_CMRG_54309	288
GRCh38_CMRG_59388	288
GRCh38_CMRG_6432	288
GRCh38_CMRG_64764	288
GRCh38_CMRG_72998	288
GRCh38_CMRG_80039	288
GRCh38_CMRG_13023	287
GRCh38_CMRG_1412	287
GRCh38_CMRG_14232	287
GRCh38_CMRG_15497	287
GRCh38_CMRG_16694	287
GRCh38_CMRG_23915	287
GRCh38_CMRG_27780	287
GRCh38_CMRG_33064	287
GRCh38_CMRG_34178	287
GRCh38_CMRG_38312	287
GRCh38_CMRG_44859	287
GRCh38_CMRG_59410	287
GRCh38_CMRG_59896	287
GRCh38_CMRG_60065	287
GRCh38_CMRG_61674	287
GRCh38_CMRG_62007	287
GRCh38_CMRG_62206	287
GRCh38_CMRG_63357	287
GRCh38_CMRG_64449	287
GRCh38_CMRG_71502	287
GRCh38_CMRG_71538	287
GRCh38_CMRG_729	287
GRCh38_CMRG_74373	287
GRCh38_CMRG_82559	287
GRCh38_CMRG_82922	287
GRCh38_CMRG_83070	287
GRCh38_CMRG_10694	286
GRCh38_CMRG_13539	286
GRCh38_CMRG_13581	286
GRCh38_CMRG_14160	286
GRCh38_CMRG_24742	286
GRCh38_CMRG_26673	286
GRCh38_CMRG_2668	286
GRCh38_CMRG_27869	286
GRCh38_CMRG_28318	286
GRCh38_CMRG_38214	286
GRCh38_CMRG_39906	286
GRCh38_CMRG_41122	286
GRCh38_CMRG_44836	286
GRCh38_CMRG_45119	286
GRCh38_CMRG_45120	286
GRCh38_CMRG_45998	286
GRCh38_CMRG_50184	286
GRCh38_CMRG_51697	286
GRCh38_CMRG_54327	286
GRCh38_CMRG_55188	286
GRCh38_CMRG_60531	286
GRCh38_CMRG_70667	286
GRCh38_CMRG_72817	286
GRCh38_CMRG_79507	286
GRCh38_CMRG_15150	285
GRCh38_CMRG_17329	285
GRCh38_CMRG_17466	285
GRCh38_CMRG_1946	285
GRCh38_CMRG_2446	285
GRCh38_CMRG_33384	285
GRCh38_CMRG_34744	285
GRCh38_CMRG_45241	285
GRCh38_CMRG_47245	285
GRCh38_CMRG_49318	285
GRCh38_CMRG_52315	285
GRCh38_CMRG_53853	285
GRCh38_CMRG_58655	285
GRCh38_CMRG_60302	285
GRCh38_CMRG_60614	285
GRCh38_CMRG_63438	285
GRCh38_CMRG_65782	285
GRCh38_CMRG_74464	285
GRCh38_CMRG_81853	285
GRCh38_CMRG_82251	285
GRCh38_CMRG_82319	285
GRCh38_CMRG_8235	285
GRCh38_CMRG_8506	285
GRCh38_CMRG_13538	284
GRCh38_CMRG_18146	284
GRCh38_CMRG_23405	284
GRCh38_CMRG_25275	284
GRCh38_CMRG_2624	284
GRCh38_CMRG_2897	284
GRCh38_CMRG_32631	284
GRCh38_CMRG_47029	284
GRCh38_CMRG_49319	284
GRCh38_CMRG_50099	284
GRCh38_CMRG_51540	284
GRCh38_CMRG_53770	284
GRCh38_CMRG_55292	284
GRCh38_CMRG_60446	284
GRCh38_CMRG_6060	284
GRCh38_CMRG_61268	284
GRCh38_CMRG_6151	284
GRCh38_CMRG_62207	284
GRCh38_CMRG_64199	284
GRCh38_CMRG_64954	284
GRCh38_CMRG_6639	284
GRCh38_CMRG_74138	284
GRCh38_CMRG_74727	284
GRCh38_CMRG_79735	284
GRCh38_CMRG_8028	284
GRCh38_CMRG_80946	284
GRCh38_CMRG_8311	284
GRCh38_CMRG_8312	284
GRCh38_CMRG_11669	283
GRCh38_CMRG_13407	283
GRCh38_CMRG_13459	283
GRCh38_CMRG_14140	283
GRCh38_CMRG_18223	283
GRCh38_CMRG_19757	283
GRCh38_CMRG_30559	283
GRCh38_CMRG_33182	283
GRCh38_CMRG_40952	283
GRCh38_CMRG_48731	283
GRCh38_CMRG_55564	283
GRCh38_CMRG_55848	283
GRCh38_CMRG_60011	283
GRCh38_CMRG_60128	283
GRCh38_CMRG_64019	283
GRCh38_CMRG_64718	283
GRCh38_CMRG_64848	283
GRCh38_CMRG_66032	283
GRCh38_CMRG_67298	283
GRCh38_CMRG_67643	283
GRCh38_CMRG_70065	283
GRCh38_CMRG_70522	283
GRCh38_CMRG_71017	283
GRCh38_CMRG_74067	283
GRCh38_CMRG_78951	283
GRCh38_CMRG_7970	283
GRCh38_CMRG_81884	283
GRCh38_CMRG_82994	283
GRCh38_CMRG_14399	282
GRCh38_CMRG_1837	282
GRCh38_CMRG_18970	282
GRCh38_CMRG_23368	282
GRCh38_CMRG_23519	282
GRCh38_CMRG_25189	282
GRCh38_CMRG_41929	282
GRCh38_CMRG_44017	282
GRCh38_CMRG_46058	282
GRCh38_CMRG_47413	282
GRCh38_CMRG_48091	282
GRCh38_CMRG_49406	282
GRCh38_CMRG_49698	282
GRCh38_CMRG_50368	282
GRCh38_CMRG_51789	282
GRCh38_CMRG_52668	282
GRCh38_CMRG_53715	282
GRCh38_CMRG_54803	282
GRCh38_CMRG_60280	282
GRCh38_CMRG_64938	282
GRCh38_CMRG_67082	282
GRCh38_CMRG_67471	282
GRCh38_CMRG_71820	282
GRCh38_CMRG_76951	282
GRCh38_CMRG_79394	282
GRCh38_CMRG_8027	282
GRCh38_CMRG_83604	282
GRCh38_CMRG_1026	281
GRCh38_CMRG_12635	281
GRCh38_CMRG_13267	281
GRCh38_CMRG_14980	281
GRCh38_CMRG_161	281
GRCh38_CMRG_18781	281
GRCh38_CMRG_18901	281
GRCh38_CMRG_22611	281
GRCh38_CMRG_24237	281
GRCh38_CMRG_32380	281
GRCh38_CMRG_34206	281
GRCh38_CMRG_34470	281
GRCh38_CMRG_38129	281
GRCh38_CMRG_38152	281
GRCh38_CMRG_38574	281
GRCh38_CMRG_40077	281
GRCh38_CMRG_44118	281
GRCh38_CMRG_45555	281
GRCh38_CMRG_50538	281
GRCh38_CMRG_54645	281
GRCh38_CMRG_59362	281
GRCh38_CMRG_60612	281
GRCh38_CMRG_63301	281
GRCh38_CMRG_67292	281
GRCh38_CMRG_68711	281
GRCh38_CMRG_70256	281
GRCh38_CMRG_71000	281
GRCh38_CMRG_73603	281
GRCh38_CMRG_73736	281
GRCh38_CMRG_74119	281
GRCh38_CMRG_79625	281
GRCh38_CMRG_79683	281
GRCh38_CMRG_81336	281
GRCh38_CMRG_81360	281
GRCh38_CMRG_8166	281
GRCh38_CMRG_83170	281
GRCh38_CMRG_17848	280
GRCh38_CMRG_21654	280
GRCh38_CMRG_23411	280
GRCh38_CMRG_24308	280
GRCh38_CMRG_26350	280
GRCh38_CMRG_26674	280
GRCh38_CMRG_30005	280
GRCh38_CMRG_30690	280
GRCh38_CMRG_32056	280
GRCh38_CMRG_38383	280
GRCh38_CMRG_41959	280
GRCh38_CMRG_448	280
GRCh38_CMRG_45926	280
GRCh38_CMRG_46028	280
GRCh38_CMRG_47790	280
GRCh38_CMRG_51029	280
GRCh38_CMRG_55578	280
GRCh38_CMRG_60646	280
GRCh38_CMRG_71358	280
GRCh38_CMRG_77121	280
GRCh38_CMRG_77474	280
GRCh38_CMRG_80005	280
GRCh38_CMRG_22684	279
GRCh38_CMRG_26821	279
GRCh38_CMRG_27755	279
GRCh38_CMRG_39900	279
GRCh38_CMRG_40153	279
GRCh38_CMRG_40910	279
GRCh38_CMRG_44834	279
GRCh38_CMRG_48899	279
GRCh38_CMRG_50151	279
GRCh38_CMRG_50935	279
GRCh38_CMRG_55801	279
GRCh38_CMRG_58463	279
GRCh38_CMRG_65344	279
GRCh38_CMRG_72605	279
GRCh38_CMRG_7777	279
GRCh38_CMRG_8025	279
GRCh38_CMRG_81402	279
GRCh38_CMRG_81836	279
GRCh38_CMRG_10929	278
GRCh38_CMRG_14400	278
GRCh38_CMRG_15065	278
GRCh38_CMRG_17693	278
GRCh38_CMRG_17918	278
GRCh38_CMRG_18265	278
GRCh38_CMRG_18266	278
GRCh38_CMRG_19554	278
GRCh38_CMRG_26667	278
GRCh38_CMRG_27068	278
GRCh38_CMRG_31057	278
GRCh38_CMRG_33643	278
GRCh38_CMRG_38571	278
GRCh38_CMRG_41822	278
GRCh38_CMRG_42256	278
GRCh38_CMRG_44264	278
GRCh38_CMRG_49303	278
GRCh38_CMRG_49914	278
GRCh38_CMRG_52139	278
GRCh38_CMRG_53708	278
GRCh38_CMRG_59270	278
GRCh38_CMRG_60615	278
GRCh38_CMRG_60640	278
GRCh38_CMRG_61047	278
GRCh38_CMRG_62049	278
GRCh38_CMRG_65907	278
GRCh38_CMRG_73507	278
GRCh38_CMRG_75587	278
GRCh38_CMRG_76886	278
GRCh38_CMRG_81444	278
GRCh38_CMRG_10784	277
GRCh38_CMRG_13013	277
GRCh38_CMRG_13919	277
GRCh38_CMRG_14605	277
GRCh38_CMRG_17151	277
GRCh38_CMRG_23106	277
GRCh38_CMRG_28093	277
GRCh38_CMRG_28401	277
GRCh38_CMRG_32821	277
GRCh38_CMRG_33154	277
GRCh38_CMRG_33155	277
GRCh38_CMRG_33246	277
GRCh38_CMRG_41124	277
GRCh38_CMRG_44217	277
GRCh38_CMRG_44995	277
GRCh38_CMRG_49304	277
GRCh38_CMRG_49305	277
GRCh38_CMRG_65558	277
GRCh38_CMRG_68623	277
GRCh38_CMRG_7432	277
GRCh38_CMRG_79582	277
GRCh38_CMRG_9920	277
GRCh38_CMRG_10734	276
GRCh38_CMRG_13014	276
GRCh38_CMRG_16713	276
GRCh38_CMRG_25043	276
GRCh38_CMRG_25128	276
GRCh38_CMRG_28300	276
GRCh38_CMRG_31263	276
GRCh38_CMRG_37696	276
GRCh38_CMRG_39619	276
GRCh38_CMRG_42336	276
GRCh38_CMRG_50710	276
GRCh38_CMRG_51776	276
GRCh38_CMRG_52337	276
GRCh38_CMRG_53089	276
GRCh38_CMRG_53610	276
GRCh38_CMRG_54136	276
GRCh38_CMRG_58298	276
GRCh38_CMRG_58686	276
GRCh38_CMRG_67567	276
GRCh38_CMRG_7064	276
GRCh38_CMRG_7347	276
GRCh38_CMRG_83769	276
GRCh38_CMRG_13500	275
GRCh38_CMRG_17152	275
GRCh38_CMRG_18585	275
GRCh38_CMRG_19558	275
GRCh38_CMRG_22057	275
GRCh38_CMRG_26994	275
GRCh38_CMRG_32567	275
GRCh38_CMRG_33283	275
GRCh38_CMRG_36951	275
GRCh38_CMRG_38323	275
GRCh38_CMRG_44933	275
GRCh38_CMRG_47138	275
GRCh38_CMRG_49757	275
GRCh38_CMRG_51546	275
GRCh38_CMRG_55034	275
GRCh38_CMRG_58905	275
GRCh38_CMRG_61680	275
GRCh38_CMRG_63441	275
GRCh38_CMRG_66154	275
GRCh38_CMRG_67546	275
GRCh38_CMRG_68250	275
GRCh38_CMRG_73690	275
GRCh38_CMRG_74262	275
GRCh38_CMRG_75366	275
GRCh38_CMRG_79636	275
GRCh38_CMRG_79871	275
GRCh38_CMRG_13847	274
GRCh38_CMRG_1515	274
GRCh38_CMRG_1532	274
GRCh38_CMRG_32335	274
GRCh38_CMRG_33397	274
GRCh38_CMRG_33398	274
GRCh38_CMRG_34119	274
GRCh38_CMRG_36468	274
GRCh38_CMRG_36952	274
GRCh38_CMRG_38382	274
GRCh38_CMRG_41097	274
GRCh38_CMRG_41820	274
GRCh38_CMRG_44006	274
GRCh38_CMRG_45503	274
GRCh38_CMRG_49032	274
GRCh38_CMRG_49448	274
GRCh38_CMRG_61049	274
GRCh38_CMRG_62246	274
GRCh38_CMRG_62376	274
GRCh38_CMRG_64374	274
GRCh38_CMRG_75419	274
GRCh38_CMRG_79264	274
GRCh38_CMRG_82144	274
GRCh38_CMRG_83615	274
GRCh38_CMRG_12267	273
GRCh38_CMRG_15447	273
GRCh38_CMRG_17523	273
GRCh38_CMRG_22527	273
GRCh38_CMRG_23402	273
GRCh38_CMRG_2633	273
GRCh38_CMRG_26349	273
GRCh38_CMRG_29123	273
GRCh38_CMRG_30876	273
GRCh38_CMRG_33073	273
GRCh38_CMRG_37121	273
GRCh38_CMRG_37122	273
GRCh38_CMRG_37487	273
GRCh38_CMRG_38374	273
GRCh38_CMRG_44058	273
GRCh38_CMRG_49291	273
GRCh38_CMRG_52503	273
GRCh38_CMRG_59143	273
GRCh38_CMRG_71039	273
GRCh38_CMRG_71810	273
GRCh38_CMRG_74015	273
GRCh38_CMRG_74487	273
GRCh38_CMRG_9383	273
GRCh38_CMRG_17163	272
GRCh38_CMRG_17164	272
GRCh38_CMRG_22012	272
GRCh38_CMRG_22307	272
GRCh38_CMRG_2731	272
GRCh38_CMRG_29044	272
GRCh38_CMRG_29260	272
GRCh38_CMRG_32957	272
GRCh38_CMRG_38376	272
GRCh38_CMRG_44057	272
GRCh38_CMRG_44833	272
GRCh38_CMRG_53368	272
GRCh38_CMRG_55621	272
GRCh38_CMRG_72359	272
GRCh38_CMRG_72441	272
GRCh38_CMRG_73121	272
GRCh38_CMRG_73935	272
GRCh38_CMRG_74296	272
GRCh38_CMRG_77495	272
GRCh38_CMRG_13237	271
GRCh38_CMRG_15441	271
GRCh38_CMRG_16618	271
GRCh38_CMRG_16619	271
GRCh38_CMRG_25046	271
GRCh38_CMRG_26052	271
GRCh38_CMRG_37698	271
GRCh38_CMRG_38209	271
GRCh38_CMRG_38210	271
GRCh38_CMRG_47459	271
GRCh38_CMRG_49369	271
GRCh38_CMRG_52426	271
GRCh38_CMRG_58056	271
GRCh38_CMRG_60313	271
GRCh38_CMRG_72233	271
GRCh38_CMRG_7229	271
GRCh38_CMRG_74820	271
GRCh38_CMRG_74979	271
GRCh38_CMRG_76934	271
GRCh38_CMRG_77283	271
GRCh38_CMRG_81675	271
GRCh38_CMRG_83656	271
GRCh38_CMRG_8373	271
GRCh38_CMRG_9681	271
GRCh38_CMRG_11451	270
GRCh38_CMRG_12689	270
GRCh38_CMRG_13136	270
GRCh38_CMRG_17132	270
GRCh38_CMRG_2072	270
GRCh38_CMRG_21595	270
GRCh38_CMRG_22679	270
GRCh38_CMRG_23677	270
GRCh38_CMRG_29324	270
GRCh38_CMRG_30009	270
GRCh38_CMRG_36504	270
GRCh38_CMRG_41957	270
GRCh38_CMRG_437	270
GRCh38_CMRG_458	270
GRCh38_CMRG_46163	270
GRCh38_CMRG_49057	270
GRCh38_CMRG_50154	270
GRCh38_CMRG_59406	270
GRCh38_CMRG_67473	270
GRCh38_CMRG_72044	270
GRCh38_CMRG_79888	270
GRCh38_CMRG_83251	270
GRCh38_CMRG_83527	270
GRCh38_CMRG_11074	269
GRCh38_CMRG_13618	269
GRCh38_CMRG_13754	269
GRCh38_CMRG_18035	269
GRCh38_CMRG_34510	269
GRCh38_CMRG_37263	269
GRCh38_CMRG_37331	269
GRCh38_CMRG_44996	269
GRCh38_CMRG_474	269
GRCh38_CMRG_48116	269
GRCh38_CMRG_49122	269
GRCh38_CMRG_50705	269
GRCh38_CMRG_52357	269
GRCh38_CMRG_55764	269
GRCh38_CMRG_62585	269
GRCh38_CMRG_62647	269
GRCh38_CMRG_63284	269
GRCh38_CMRG_67477	269
GRCh38_CMRG_68476	269
GRCh38_CMRG_74604	269
GRCh38_CMRG_75069	269
GRCh38_CMRG_7887	269
GRCh38_CMRG_81537	269
GRCh38_CMRG_82500	269
GRCh38_CMRG_9437	269
GRCh38_CMRG_1024	268
GRCh38_CMRG_1295	268
GRCh38_CMRG_13184	268
GRCh38_CMRG_23360	268
GRCh38_CMRG_24288	268
GRCh38_CMRG_32349	268
GRCh38_CMRG_32520	268
GRCh38_CMRG_32789	268
GRCh38_CMRG_33437	268
GRCh38_CMRG_33640	268
GRCh38_CMRG_40868	268
GRCh38_CMRG_46239	268
GRCh38_CMRG_47530	268
GRCh38_CMRG_55565	268
GRCh38_CMRG_61043	268
GRCh38_CMRG_72230	268
GRCh38_CMRG_72234	268
GRCh38_CMRG_73362	268
GRCh38_CMRG_77277	268
GRCh38_CMRG_84588	268
GRCh38_CMRG_22011	267
GRCh38_CMRG_22606	267
GRCh38_CMRG_23949	267
GRCh38_CMRG_26956	267
GRCh38_CMRG_30617	267
GRCh38_CMRG_32002	267
GRCh38_CMRG_33387	267
GRCh38_CMRG_33999	267
GRCh38_CMRG_34101	267
GRCh38_CMRG_36502	267
GRCh38_CMRG_36972	267
GRCh38_CMRG_39182	267
GRCh38_CMRG_39620	267
GRCh38_CMRG_39863	267
GRCh38_CMRG_43608	267
GRCh38_CMRG_44837	267
GRCh38_CMRG_48026	267
GRCh38_CMRG_48976	267
GRCh38_CMRG_49834	267
GRCh38_CMRG_51001	267
GRCh38_CMRG_5849	267
GRCh38_CMRG_6497	267
GRCh38_CMRG_65111	267
GRCh38_CMRG_65154	267
GRCh38_CMRG_65209	267
GRCh38_CMRG_69467	267
GRCh38_CMRG_69476	267
GRCh38_CMRG_7452	267
GRCh38_CMRG_74739	267
GRCh38_CMRG_7557	267
GRCh38_CMRG_79754	267
GRCh38_CMRG_80033	267
GRCh38_CMRG_81227	267
GRCh38_CMRG_82292	267
GRCh38_CMRG_82725	267
GRCh38_CMRG_8919	267
GRCh38_CMRG_11816	266
GRCh38_CMRG_12616	266
GRCh38_CMRG_15109	266
GRCh38_CMRG_15606	266
GRCh38_CMRG_16475	266
GRCh38_CMRG_16583	266
GRCh38_CMRG_24159	266
GRCh38_CMRG_27262	266
GRCh38_CMRG_32233	266
GRCh38_CMRG_32980	266
GRCh38_CMRG_33044	266
GRCh38_CMRG_38576	266
GRCh38_CMRG_41542	266
GRCh38_CMRG_41543	266
GRCh38_CMRG_47054	266
GRCh38_CMRG_48220	266
GRCh38_CMRG_48904	266
GRCh38_CMRG_51666	266
GRCh38_CMRG_60868	266
GRCh38_CMRG_69924	266
GRCh38_CMRG_69931	266
GRCh38_CMRG_72094	266
GRCh38_CMRG_72992	266
GRCh38_CMRG_73	266
GRCh38_CMRG_7818	266
GRCh38_CMRG_79002	266
GRCh38_CMRG_81295	266
GRCh38_CMRG_10878	265
GRCh38_CMRG_11144	265
GRCh38_CMRG_19808	265
GRCh38_CMRG_2955	265
GRCh38_CMRG_30786	265
GRCh38_CMRG_35888	265
GRCh38_CMRG_40006	265
GRCh38_CMRG_45465	265
GRCh38_CMRG_51002	265
GRCh38_CMRG_52192	265
GRCh38_CMRG_52416	265
GRCh38_CMRG_53396	265
GRCh38_CMRG_55191	265
GRCh38_CMRG_58474	265
GRCh38_CMRG_60900	265
GRCh38_CMRG_71738	265
GRCh38_CMRG_74972	265
GRCh38_CMRG_77414	265
GRCh38_CMRG_82747	265
GRCh38_CMRG_8722	265
GRCh38_CMRG_9310	265
GRCh38_CMRG_11691	264
GRCh38_CMRG_11991	264
GRCh38_CMRG_14383	264
GRCh38_CMRG_18960	264
GRCh38_CMRG_21547	264
GRCh38_CMRG_21827	264
GRCh38_CMRG_23850	264
GRCh38_CMRG_25801	264
GRCh38_CMRG_27122	264
GRCh38_CMRG_30615	264
GRCh38_CMRG_30943	264
GRCh38_CMRG_31645	264
GRCh38_CMRG_33014	264
GRCh38_CMRG_34351	264
GRCh38_CMRG_38450	264
GRCh38_CMRG_38583	264
GRCh38_CMRG_40928	264
GRCh38_CMRG_42320	264
GRCh38_CMRG_45113	264
GRCh38_CMRG_45649	264
GRCh38_CMRG_49013	264
GRCh38_CMRG_55203	264
GRCh38_CMRG_55259	264
GRCh38_CMRG_59691	264
GRCh38_CMRG_62639	264
GRCh38_CMRG_63276	264
GRCh38_CMRG_70784	264
GRCh38_CMRG_73615	264
GRCh38_CMRG_77699	264
GRCh38_CMRG_79908	264
GRCh38_CMRG_81553	264
GRCh38_CMRG_8315	264
GRCh38_CMRG_83612	264
GRCh38_CMRG_8682	264
GRCh38_CMRG_13317	263
GRCh38_CMRG_15346	263
GRCh38_CMRG_18086	263
GRCh38_CMRG_22048	263
GRCh38_CMRG_26505	263
GRCh38_CMRG_26844	263
GRCh38_CMRG_2704	263
GRCh38_CMRG_27538	263
GRCh38_CMRG_29493	263
GRCh38_CMRG_48191	263
GRCh38_CMRG_52250	263
GRCh38_CMRG_53390	263
GRCh38_CMRG_58666	263
GRCh38_CMRG_6048	263
GRCh38_CMRG_68369	263
GRCh38_CMRG_70449	263
GRCh38_CMRG_72672	263
GRCh38_CMRG_74193	263
GRCh38_CMRG_8484	263
GRCh38_CMRG_13157	262
GRCh38_CMRG_17312	262
GRCh38_CMRG_17392	262
GRCh38_CMRG_25287	262
GRCh38_CMRG_28113	262
GRCh38_CMRG_28339	262
GRCh38_CMRG_2870	262
GRCh38_CMRG_33774	262
GRCh38_CMRG_36560	262
GRCh38_CMRG_37115	262
GRCh38_CMRG_37626	262
GRCh38_CMRG_41000	262
GRCh38_CMRG_42448	262
GRCh38_CMRG_45798	262
GRCh38_CMRG_48383	262
GRCh38_CMRG_51675	262
GRCh38_CMRG_59352	262
GRCh38_CMRG_69801	262
GRCh38_CMRG_72738	262
GRCh38_CMRG_73677	262
GRCh38_CMRG_7814	262
GRCh38_CMRG_78950	262
GRCh38_CMRG_79994	262
GRCh38_CMRG_80796	262
GRCh38_CMRG_81457	262
GRCh38_CMRG_83845	262
GRCh38_CMRG_13419	261
GRCh38_CMRG_15473	261
GRCh38_CMRG_16498	261
GRCh38_CMRG_169	261
GRCh38_CMRG_18620	261
GRCh38_CMRG_22308	261
GRCh38_CMRG_23710	261
GRCh38_CMRG_23789	261
GRCh38_CMRG_24241	261
GRCh38_CMRG_25751	261
GRCh38_CMRG_26402	261
GRCh38_CMRG_27171	261
GRCh38_CMRG_28181	261
GRCh38_CMRG_33772	261
GRCh38_CMRG_35965	261
GRCh38_CMRG_36002	261
GRCh38_CMRG_43843	261
GRCh38_CMRG_45633	261
GRCh38_CMRG_45699	261
GRCh38_CMRG_47398	261
GRCh38_CMRG_47460	261
GRCh38_CMRG_59958	261
GRCh38_CMRG_63262	261
GRCh38_CMRG_71440	261
GRCh38_CMRG_72367	261
GRCh38_CMRG_79102	261
GRCh38_CMRG_8099	261
GRCh38_CMRG_82684	261
GRCh38_CMRG_83224	261
GRCh38_CMRG_9151	261
GRCh38_CMRG_13132	260
GRCh38_CMRG_15424	260
GRCh38_CMRG_19277	260
GRCh38_CMRG_24035	260
GRCh38_CMRG_24900	260
GRCh38_CMRG_28134	260
GRCh38_CMRG_2847	260
GRCh38_CMRG_29865	260
GRCh38_CMRG_30594	260
GRCh38_CMRG_31103	260
GRCh38_CMRG_33379	260
GRCh38_CMRG_35799	260
GRCh38_CMRG_39990	260
GRCh38_CMRG_47391	260
GRCh38_CMRG_48068	260
GRCh38_CMRG_49945	260
GRCh38_CMRG_50708	260
GRCh38_CMRG_51596	260
GRCh38_CMRG_52774	260
GRCh38_CMRG_55440	260
GRCh38_CMRG_58241	260
GRCh38_CMRG_60183	260
GRCh38_CMRG_60425	260
GRCh38_CMRG_61392	260
GRCh38_CMRG_63661	260
GRCh38_CMRG_64411	260
GRCh38_CMRG_6683	260
GRCh38_CMRG_680	260
GRCh38_CMRG_68428	260
GRCh38_CMRG_69371	260
GRCh38_CMRG_81799	260
GRCh38_CMRG_8306	260
GRCh38_CMRG_1010	259
GRCh38_CMRG_13103	259
GRCh38_CMRG_13142	259
GRCh38_CMRG_13438	259
GRCh38_CMRG_17447	259
GRCh38_CMRG_19119	259
GRCh38_CMRG_27051	259
GRCh38_CMRG_31400	259
GRCh38_CMRG_38083	259
GRCh38_CMRG_38579	259
GRCh38_CMRG_38979	259
GRCh38_CMRG_41506	259
GRCh38_CMRG_42406	259
GRCh38_CMRG_42537	259
GRCh38_CMRG_43619	259
GRCh38_CMRG_45695	259
GRCh38_CMRG_47002	259
GRCh38_CMRG_54860	259
GRCh38_CMRG_61868	259
GRCh38_CMRG_64580	259
GRCh38_CMRG_76818	259
GRCh38_CMRG_82224	259
GRCh38_CMRG_9343	259
GRCh38_CMRG_1276	258
GRCh38_CMRG_13677	258
GRCh38_CMRG_18878	258
GRCh38_CMRG_19250	258
GRCh38_CMRG_19274	258
GRCh38_CMRG_22298	258
GRCh38_CMRG_23408	258
GRCh38_CMRG_24479	258
GRCh38_CMRG_25093	258
GRCh38_CMRG_26311	258
GRCh38_CMRG_28682	258
GRCh38_CMRG_29770	258
GRCh38_CMRG_32572	258
GRCh38_CMRG_37699	258
GRCh38_CMRG_41958	258
GRCh38_CMRG_48337	258
GRCh38_CMRG_52304	258
GRCh38_CMRG_52949	258
GRCh38_CMRG_55549	258
GRCh38_CMRG_58571	258
GRCh38_CMRG_61963	258
GRCh38_CMRG_63440	258
GRCh38_CMRG_68558	258
GRCh38_CMRG_70702	258
GRCh38_CMRG_82478	258
GRCh38_CMRG_82588	258
GRCh38_CMRG_1183	257
GRCh38_CMRG_1592	257
GRCh38_CMRG_17671	257
GRCh38_CMRG_18638	257
GRCh38_CMRG_19249	257
GRCh38_CMRG_23685	257
GRCh38_CMRG_27802	257
GRCh38_CMRG_40095	257
GRCh38_CMRG_43763	257
GRCh38_CMRG_45912	257
GRCh38_CMRG_46087	257
GRCh38_CMRG_49816	257
GRCh38_CMRG_52823	257
GRCh38_CMRG_6002	257
GRCh38_CMRG_68670	257
GRCh38_CMRG_71982	257
GRCh38_CMRG_73086	257
GRCh38_CMRG_77554	257
GRCh38_CMRG_7815	257
GRCh38_CMRG_82372	257
GRCh38_CMRG_1423	256
GRCh38_CMRG_14756	256
GRCh38_CMRG_24380	256
GRCh38_CMRG_27163	256
GRCh38_CMRG_39883	256
GRCh38_CMRG_39995	256
GRCh38_CMRG_46528	256
GRCh38_CMRG_489	256
GRCh38_CMRG_52679	256
GRCh38_CMRG_5543	256
GRCh38_CMRG_55570	256
GRCh38_CMRG_59187	256
GRCh38_CMRG_60431	256
GRCh38_CMRG_60857	256
GRCh38_CMRG_7009	256
GRCh38_CMRG_72434	256
GRCh38_CMRG_74945	256
GRCh38_CMRG_77335	256
GRCh38_CMRG_7816	256
GRCh38_CMRG_7920	256
GRCh38_CMRG_81663	256
GRCh38_CMRG_8174	256
GRCh38_CMRG_83681	256
GRCh38_CMRG_84175	256
GRCh38_CMRG_12942	255
GRCh38_CMRG_13851	255
GRCh38_CMRG_18566	255
GRCh38_CMRG_27331	255
GRCh38_CMRG_31136	255
GRCh38_CMRG_32887	255
GRCh38_CMRG_41284	255
GRCh38_CMRG_44059	255
GRCh38_CMRG_45652	255
GRCh38_CMRG_45911	255
GRCh38_CMRG_48898	255
GRCh38_CMRG_50819	255
GRCh38_CMRG_53210	255
GRCh38_CMRG_54150	255
GRCh38_CMRG_55134	255
GRCh38_CMRG_55135	255
GRCh38_CMRG_55410	255
GRCh38_CMRG_55816	255
GRCh38_CMRG_62543	255
GRCh38_CMRG_70935	255
GRCh38_CMRG_71540	255
GRCh38_CMRG_74124	255
GRCh38_CMRG_75554	255
GRCh38_CMRG_77644	255
GRCh38_CMRG_11102	254
GRCh38_CMRG_11289	254
GRCh38_CMRG_13439	254
GRCh38_CMRG_18235	254
GRCh38_CMRG_21040	254
GRCh38_CMRG_21258	254
GRCh38_CMRG_22594	254
GRCh38_CMRG_23939	254
GRCh38_CMRG_23940	254
GRCh38_CMRG_26002	254
GRCh38_CMRG_27652	254
GRCh38_CMRG_29269	254
GRCh38_CMRG_32052	254
GRCh38_CMRG_33033	254
GRCh38_CMRG_40780	254
GRCh38_CMRG_42512	254
GRCh38_CMRG_45617	254
GRCh38_CMRG_483	254
GRCh38_CMRG_48368	254
GRCh38_CMRG_58242	254
GRCh38_CMRG_60527	254
GRCh38_CMRG_65341	254
GRCh38_CMRG_6909	254
GRCh38_CMRG_7862	254
GRCh38_CMRG_79820	254
GRCh38_CMRG_8874	254
GRCh38_CMRG_11080	253
GRCh38_CMRG_18848	253
GRCh38_CMRG_21750	253
GRCh38_CMRG_24298	253
GRCh38_CMRG_27297	253
GRCh38_CMRG_28138	253
GRCh38_CMRG_28239	253
GRCh38_CMRG_28297	253
GRCh38_CMRG_31378	253
GRCh38_CMRG_32328	253
GRCh38_CMRG_37625	253
GRCh38_CMRG_41591	253
GRCh38_CMRG_42368	253
GRCh38_CMRG_44344	253
GRCh38_CMRG_45250	253
GRCh38_CMRG_50499	253
GRCh38_CMRG_53617	253
GRCh38_CMRG_70550	253
GRCh38_CMRG_74843	253
GRCh38_CMRG_77403	253
GRCh38_CMRG_7875	253
GRCh38_CMRG_82894	253
GRCh38_CMRG_9308	253
GRCh38_CMRG_11324	252
GRCh38_CMRG_12579	252
GRCh38_CMRG_12869	252
GRCh38_CMRG_23687	252
GRCh38_CMRG_2393	252
GRCh38_CMRG_25311	252
GRCh38_CMRG_27069	252
GRCh38_CMRG_29594	252
GRCh38_CMRG_31181	252
GRCh38_CMRG_37230	252
GRCh38_CMRG_37866	252
GRCh38_CMRG_40503	252
GRCh38_CMRG_48754	252
GRCh38_CMRG_59041	252
GRCh38_CMRG_61717	252
GRCh38_CMRG_64803	252
GRCh38_CMRG_65078	252
GRCh38_CMRG_68429	252
GRCh38_CMRG_730	252
GRCh38_CMRG_73321	252
GRCh38_CMRG_73422	252
GRCh38_CMRG_75553	252
GRCh38_CMRG_77282	252
GRCh38_CMRG_7799	252
GRCh38_CMRG_1214	251
GRCh38_CMRG_12944	251
GRCh38_CMRG_14926	251
GRCh38_CMRG_15448	251
GRCh38_CMRG_20017	251
GRCh38_CMRG_22098	251
GRCh38_CMRG_22220	251
GRCh38_CMRG_22687	251
GRCh38_CMRG_23165	251
GRCh38_CMRG_24155	251
GRCh38_CMRG_25403	251
GRCh38_CMRG_31221	251
GRCh38_CMRG_31457	251
GRCh38_CMRG_32323	251
GRCh38_CMRG_36978	251
GRCh38_CMRG_41731	251
GRCh38_CMRG_44993	251
GRCh38_CMRG_48151	251
GRCh38_CMRG_48972	251
GRCh38_CMRG_49093	251
GRCh38_CMRG_49446	251
GRCh38_CMRG_55579	251
GRCh38_CMRG_5727	251
GRCh38_CMRG_59442	251
GRCh38_CMRG_61096	251
GRCh38_CMRG_62560	251
GRCh38_CMRG_8488	251
GRCh38_CMRG_8574	251
GRCh38_CMRG_12545	250
GRCh38_CMRG_13485	250
GRCh38_CMRG_18722	250
GRCh38_CMRG_2417	250
GRCh38_CMRG_24251	250
GRCh38_CMRG_26339	250
GRCh38_CMRG_26576	250
GRCh38_CMRG_29101	250
GRCh38_CMRG_30881	250
GRCh38_CMRG_31212	250
GRCh38_CMRG_39640	250
GRCh38_CMRG_48370	250
GRCh38_CMRG_48645	250
GRCh38_CMRG_49402	250
GRCh38_CMRG_52167	250
GRCh38_CMRG_55031	250
GRCh38_CMRG_55317	250
GRCh38_CMRG_55458	250
GRCh38_CMRG_55506	250
GRCh38_CMRG_6756	250
GRCh38_CMRG_67992	250
GRCh38_CMRG_71362	250
GRCh38_CMRG_74818	250
GRCh38_CMRG_79906	250
GRCh38_CMRG_81854	250
GRCh38_CMRG_11307	249
GRCh38_CMRG_11764	249
GRCh38_CMRG_12475	249
GRCh38_CMRG_13963	249
GRCh38_CMRG_1621	249
GRCh38_CMRG_19005	249
GRCh38_CMRG_19628	249
GRCh38_CMRG_22571	249
GRCh38_CMRG_23126	249
GRCh38_CMRG_25826	249
GRCh38_CMRG_28002	249
GRCh38_CMRG_32204	249
GRCh38_CMRG_33056	249
GRCh38_CMRG_37959	249
GRCh38_CMRG_39661	249
GRCh38_CMRG_45811	249
GRCh38_CMRG_45928	249
GRCh38_CMRG_49378	249
GRCh38_CMRG_50823	249
GRCh38_CMRG_54829	249
GRCh38_CMRG_55164	249
GRCh38_CMRG_58171	249
GRCh38_CMRG_65051	249
GRCh38_CMRG_65054	249
GRCh38_CMRG_65055	249
GRCh38_CMRG_68101	249
GRCh38_CMRG_6991	249
GRCh38_CMRG_72311	249
GRCh38_CMRG_73214	249
GRCh38_CMRG_73844	249
GRCh38_CMRG_75025	249
GRCh38_CMRG_75193	249
GRCh38_CMRG_75338	249
GRCh38_CMRG_77448	249
GRCh38_CMRG_791	249
GRCh38_CMRG_81950	249
GRCh38_CMRG_82583	249
GRCh38_CMRG_83068	249
GRCh38_CMRG_84102	249
GRCh38_CMRG_9286	249
GRCh38_CMRG_13127	248
GRCh38_CMRG_18309	248
GRCh38_CMRG_18575	248
GRCh38_CMRG_21639	248
GRCh38_CMRG_22389	248
GRCh38_CMRG_22755	248
GRCh38_CMRG_22773	248
GRCh38_CMRG_24070	248
GRCh38_CMRG_27570	248
GRCh38_CMRG_29736	248
GRCh38_CMRG_39071	248
GRCh38_CMRG_40996	248
GRCh38_CMRG_41584	248
GRCh38_CMRG_42468	248
GRCh38_CMRG_44689	248
GRCh38_CMRG_48857	248
GRCh38_CMRG_512	248
GRCh38_CMRG_63439	248
GRCh38_CMRG_63691	248
GRCh38_CMRG_697	248
GRCh38_CMRG_69916	248
GRCh38_CMRG_72540	248
GRCh38_CMRG_75088	248
GRCh38_CMRG_77651	248
GRCh38_CMRG_79736	248
GRCh38_CMRG_82473	248
GRCh38_CMRG_82607	248
GRCh38_CMRG_12016	247
GRCh38_CMRG_13358	247
GRCh38_CMRG_13997	247
GRCh38_CMRG_16607	247
GRCh38_CMRG_16664	247
GRCh38_CMRG_18596	247
GRCh38_CMRG_21259	247
GRCh38_CMRG_24533	247
GRCh38_CMRG_25819	247
GRCh38_CMRG_2772	247
GRCh38_CMRG_27759	247
GRCh38_CMRG_32673	247
GRCh38_CMRG_34537	247
GRCh38_CMRG_37842	247
GRCh38_CMRG_38343	247
GRCh38_CMRG_44504	247
GRCh38_CMRG_45062	247
GRCh38_CMRG_48273	247
GRCh38_CMRG_48715	247
GRCh38_CMRG_48716	247
GRCh38_CMRG_55411	247
GRCh38_CMRG_60038	247
GRCh38_CMRG_65315	247
GRCh38_CMRG_70546	247
GRCh38_CMRG_71898	247
GRCh38_CMRG_71919	247
GRCh38_CMRG_7231	247
GRCh38_CMRG_72718	247
GRCh38_CMRG_7510	247
GRCh38_CMRG_75194	247
GRCh38_CMRG_77432	247
GRCh38_CMRG_77714	247
GRCh38_CMRG_80998	247
GRCh38_CMRG_82314	247
GRCh38_CMRG_13483	246
GRCh38_CMRG_13642	246
GRCh38_CMRG_18308	246
GRCh38_CMRG_2081	246
GRCh38_CMRG_24108	246
GRCh38_CMRG_28319	246
GRCh38_CMRG_2927	246
GRCh38_CMRG_32343	246
GRCh38_CMRG_35763	246
GRCh38_CMRG_36604	246
GRCh38_CMRG_37398	246
GRCh38_CMRG_40752	246
GRCh38_CMRG_40836	246
GRCh38_CMRG_42084	246
GRCh38_CMRG_47246	246
GRCh38_CMRG_47273	246
GRCh38_CMRG_53208	246
GRCh38_CMRG_55571	246
GRCh38_CMRG_5818	246
GRCh38_CMRG_65728	246
GRCh38_CMRG_6824	246
GRCh38_CMRG_6825	246
GRCh38_CMRG_71147	246
GRCh38_CMRG_71594	246
GRCh38_CMRG_72730	246
GRCh38_CMRG_79440	246
GRCh38_CMRG_79570	246
GRCh38_CMRG_1432	245
GRCh38_CMRG_18325	245
GRCh38_CMRG_18411	245
GRCh38_CMRG_33796	245
GRCh38_CMRG_40607	245
GRCh38_CMRG_41439	245
GRCh38_CMRG_41487	245
GRCh38_CMRG_44305	245
GRCh38_CMRG_45584	245
GRCh38_CMRG_53295	245
GRCh38_CMRG_58352	245
GRCh38_CMRG_58937	245
GRCh38_CMRG_62564	245
GRCh38_CMRG_63378	245
GRCh38_CMRG_65228	245
GRCh38_CMRG_68157	245
GRCh38_CMRG_70547	245
GRCh38_CMRG_70608	245
GRCh38_CMRG_70775	245
GRCh38_CMRG_71771	245
GRCh38_CMRG_72759	245
GRCh38_CMRG_77624	245
GRCh38_CMRG_80027	245
GRCh38_CMRG_83246	245
GRCh38_CMRG_8535	245
GRCh38_CMRG_8931	245
GRCh38_CMRG_11796	244
GRCh38_CMRG_11999	244
GRCh38_CMRG_1301	244
GRCh38_CMRG_14252	244
GRCh38_CMRG_14709	244
GRCh38_CMRG_18594	244
GRCh38_CMRG_21766	244
GRCh38_CMRG_33264	244
GRCh38_CMRG_36185	244
GRCh38_CMRG_38229	244
GRCh38_CMRG_38442	244
GRCh38_CMRG_44625	244
GRCh38_CMRG_48141	244
GRCh38_CMRG_49301	244
GRCh38_CMRG_49499	244
GRCh38_CMRG_51527	244
GRCh38_CMRG_55416	244
GRCh38_CMRG_55622	244
GRCh38_CMRG_61899	244
GRCh38_CMRG_62465	244
GRCh38_CMRG_63605	244
GRCh38_CMRG_63607	244
GRCh38_CMRG_74924	244
GRCh38_CMRG_75551	244
GRCh38_CMRG_7594	244
GRCh38_CMRG_81228	244
GRCh38_CMRG_82013	244
GRCh38_CMRG_84517	244
GRCh38_CMRG_11022	243
GRCh38_CMRG_14156	243
GRCh38_CMRG_14505	243
GRCh38_CMRG_18586	243
GRCh38_CMRG_22026	243
GRCh38_CMRG_22607	243
GRCh38_CMRG_23783	243
GRCh38_CMRG_27157	243
GRCh38_CMRG_27224	243
GRCh38_CMRG_28452	243
GRCh38_CMRG_32949	243
GRCh38_CMRG_33754	243
GRCh38_CMRG_34268	243
GRCh38_CMRG_38128	243
GRCh38_CMRG_41983	243
GRCh38_CMRG_42478	243
GRCh38_CMRG_43720	243
GRCh38_CMRG_48775	243
GRCh38_CMRG_52340	243
GRCh38_CMRG_55283	243
GRCh38_CMRG_55537	243
GRCh38_CMRG_59465	243
GRCh38_CMRG_62372	243
GRCh38_CMRG_64953	243
GRCh38_CMRG_65148	243
GRCh38_CMRG_67348	243
GRCh38_CMRG_6816	243
GRCh38_CMRG_70787	243
GRCh38_CMRG_72682	243
GRCh38_CMRG_72838	243
GRCh38_CMRG_7759	243
GRCh38_CMRG_8291	243
GRCh38_CMRG_8490	243
GRCh38_CMRG_11565	242
GRCh38_CMRG_12237	242
GRCh38_CMRG_13424	242
GRCh38_CMRG_1366	242
GRCh38_CMRG_17205	242
GRCh38_CMRG_22337	242
GRCh38_CMRG_23727	242
GRCh38_CMRG_24160	242
GRCh38_CMRG_31419	242
GRCh38_CMRG_36153	242
GRCh38_CMRG_47225	242
GRCh38_CMRG_49169	242
GRCh38_CMRG_49221	242
GRCh38_CMRG_49222	242
GRCh38_CMRG_60050	242
GRCh38_CMRG_62549	242
GRCh38_CMRG_65230	242
GRCh38_CMRG_6590	242
GRCh38_CMRG_68242	242
GRCh38_CMRG_73067	242
GRCh38_CMRG_79511	242
GRCh38_CMRG_79990	242
GRCh38_CMRG_8715	242
GRCh38_CMRG_12865	241
GRCh38_CMRG_19213	241
GRCh38_CMRG_28330	241
GRCh38_CMRG_28821	241
GRCh38_CMRG_32881	241
GRCh38_CMRG_38335	241
GRCh38_CMRG_48929	241
GRCh38_CMRG_63837	241
GRCh38_CMRG_67334	241
GRCh38_CMRG_67919	241
GRCh38_CMRG_70585	241
GRCh38_CMRG_70807	241
GRCh38_CMRG_72711	241
GRCh38_CMRG_76923	241
GRCh38_CMRG_79923	241
GRCh38_CMRG_82069	241
GRCh38_CMRG_8690	241
GRCh38_CMRG_11445	240
GRCh38_CMRG_19816	240
GRCh38_CMRG_24107	240
GRCh38_CMRG_31936	240
GRCh38_CMRG_33314	240
GRCh38_CMRG_37505	240
GRCh38_CMRG_37847	240
GRCh38_CMRG_41846	240
GRCh38_CMRG_41877	240
GRCh38_CMRG_45478	240
GRCh38_CMRG_51392	240
GRCh38_CMRG_51573	240
GRCh38_CMRG_59482	240
GRCh38_CMRG_61060	240
GRCh38_CMRG_62437	240
GRCh38_CMRG_62635	240
GRCh38_CMRG_6838	240
GRCh38_CMRG_69559	240
GRCh38_CMRG_7056	240
GRCh38_CMRG_73616	240
GRCh38_CMRG_82343	240
GRCh38_CMRG_83214	240
GRCh38_CMRG_84237	240
GRCh38_CMRG_14031	239
GRCh38_CMRG_1811	239
GRCh38_CMRG_23343	239
GRCh38_CMRG_27130	239
GRCh38_CMRG_30011	239
GRCh38_CMRG_37295	239
GRCh38_CMRG_44918	239
GRCh38_CMRG_44985	239
GRCh38_CMRG_46326	239
GRCh38_CMRG_51908	239
GRCh38_CMRG_55630	239
GRCh38_CMRG_5855	239
GRCh38_CMRG_61679	239
GRCh38_CMRG_64496	239
GRCh38_CMRG_67896	239
GRCh38_CMRG_72646	239
GRCh38_CMRG_74556	239
GRCh38_CMRG_74611	239
GRCh38_CMRG_75085	239
GRCh38_CMRG_81443	239
GRCh38_CMRG_8332	239
GRCh38_CMRG_83808	239
GRCh38_CMRG_13626	238
GRCh38_CMRG_17749	238
GRCh38_CMRG_19114	238
GRCh38_CMRG_21916	238
GRCh38_CMRG_24239	238
GRCh38_CMRG_28298	238
GRCh38_CMRG_28324	238
GRCh38_CMRG_28433	238
GRCh38_CMRG_28885	238
GRCh38_CMRG_29863	238
GRCh38_CMRG_32755	238
GRCh38_CMRG_37678	238
GRCh38_CMRG_38077	238
GRCh38_CMRG_39832	238
GRCh38_CMRG_40407	238
GRCh38_CMRG_45218	238
GRCh38_CMRG_49294	238
GRCh38_CMRG_54942	238
GRCh38_CMRG_55619	238
GRCh38_CMRG_60804	238
GRCh38_CMRG_62436	238
GRCh38_CMRG_64480	238
GRCh38_CMRG_64785	238
GRCh38_CMRG_65549	238
GRCh38_CMRG_6669	238
GRCh38_CMRG_81741	238
GRCh38_CMRG_15584	237
GRCh38_CMRG_19950	237
GRCh38_CMRG_24037	237
GRCh38_CMRG_32234	237
GRCh38_CMRG_32276	237
GRCh38_CMRG_33087	237
GRCh38_CMRG_33146	237
GRCh38_CMRG_38467	237
GRCh38_CMRG_39222	237
GRCh38_CMRG_47706	237
GRCh38_CMRG_47734	237
GRCh38_CMRG_49351	237
GRCh38_CMRG_53850	237
GRCh38_CMRG_55279	237
GRCh38_CMRG_55280	237
GRCh38_CMRG_55378	237
GRCh38_CMRG_60642	237
GRCh38_CMRG_68408	237
GRCh38_CMRG_71201	237
GRCh38_CMRG_71374	237
GRCh38_CMRG_82254	237
GRCh38_CMRG_11848	236
GRCh38_CMRG_13242	236
GRCh38_CMRG_18003	236
GRCh38_CMRG_18539	236
GRCh38_CMRG_23178	236
GRCh38_CMRG_23688	236
GRCh38_CMRG_27434	236
GRCh38_CMRG_37643	236
GRCh38_CMRG_41700	236
GRCh38_CMRG_41701	236
GRCh38_CMRG_44341	236
GRCh38_CMRG_45769	236
GRCh38_CMRG_49520	236
GRCh38_CMRG_53212	236
GRCh38_CMRG_53720	236
GRCh38_CMRG_55605	236
GRCh38_CMRG_55828	236
GRCh38_CMRG_581	236
GRCh38_CMRG_64866	236
GRCh38_CMRG_65531	236
GRCh38_CMRG_67737	236
GRCh38_CMRG_71646	236
GRCh38_CMRG_77576	236
GRCh38_CMRG_79613	236
GRCh38_CMRG_79950	236
GRCh38_CMRG_9370	236
GRCh38_CMRG_17837	235
GRCh38_CMRG_17956	235
GRCh38_CMRG_18554	235
GRCh38_CMRG_18799	235
GRCh38_CMRG_18854	235
GRCh38_CMRG_19840	235
GRCh38_CMRG_24460	235
GRCh38_CMRG_28404	235
GRCh38_CMRG_36353	235
GRCh38_CMRG_36357	235
GRCh38_CMRG_38157	235
GRCh38_CMRG_40027	235
GRCh38_CMRG_40644	235
GRCh38_CMRG_46054	235
GRCh38_CMRG_54881	235
GRCh38_CMRG_55244	235
GRCh38_CMRG_65112	235
GRCh38_CMRG_71023	235
GRCh38_CMRG_73436	235
GRCh38_CMRG_77164	235
GRCh38_CMRG_7843	235
GRCh38_CMRG_14138	234
GRCh38_CMRG_16576	234
GRCh38_CMRG_17812	234
GRCh38_CMRG_20946	234
GRCh38_CMRG_27562	234
GRCh38_CMRG_37150	234
GRCh38_CMRG_48924	234
GRCh38_CMRG_49432	234
GRCh38_CMRG_53046	234
GRCh38_CMRG_551	234
GRCh38_CMRG_55383	234
GRCh38_CMRG_63336	234
GRCh38_CMRG_64576	234
GRCh38_CMRG_67016	234
GRCh38_CMRG_68294	234
GRCh38_CMRG_68745	234
GRCh38_CMRG_74750	234
GRCh38_CMRG_79330	234
GRCh38_CMRG_8401	234
GRCh38_CMRG_9335	234
GRCh38_CMRG_12198	233
GRCh38_CMRG_12796	233
GRCh38_CMRG_15480	233
GRCh38_CMRG_18581	233
GRCh38_CMRG_22879	233
GRCh38_CMRG_25844	233
GRCh38_CMRG_30002	233
GRCh38_CMRG_36252	233
GRCh38_CMRG_367	233
GRCh38_CMRG_37536	233
GRCh38_CMRG_40257	233
GRCh38_CMRG_40389	233
GRCh38_CMRG_42373	233
GRCh38_CMRG_43688	233
GRCh38_CMRG_49433	233
GRCh38_CMRG_52131	233
GRCh38_CMRG_55543	233
GRCh38_CMRG_60649	233
GRCh38_CMRG_61688	233
GRCh38_CMRG_67890	233
GRCh38_CMRG_70681	233
GRCh38_CMRG_74973	233
GRCh38_CMRG_79261	233
GRCh38_CMRG_79951	233
GRCh38_CMRG_82283	233
GRCh38_CMRG_9440	233
GRCh38_CMRG_13318	232
GRCh38_CMRG_13531	232
GRCh38_CMRG_13674	232
GRCh38_CMRG_14028	232
GRCh38_CMRG_18881	232
GRCh38_CMRG_24324	232
GRCh38_CMRG_24450	232
GRCh38_CMRG_24899	232
GRCh38_CMRG_27799	232
GRCh38_CMRG_29577	232
GRCh38_CMRG_29870	232
GRCh38_CMRG_33357	232
GRCh38_CMRG_37919	232
GRCh38_CMRG_39374	232
GRCh38_CMRG_41001	232
GRCh38_CMRG_46195	232
GRCh38_CMRG_60534	232
GRCh38_CMRG_61775	232
GRCh38_CMRG_64988	232
GRCh38_CMRG_67059	232
GRCh38_CMRG_67625	232
GRCh38_CMRG_67793	232
GRCh38_CMRG_68061	232
GRCh38_CMRG_6826	232
GRCh38_CMRG_70947	232
GRCh38_CMRG_71660	232
GRCh38_CMRG_74511	232
GRCh38_CMRG_75058	232
GRCh38_CMRG_77513	232
GRCh38_CMRG_82436	232
GRCh38_CMRG_8382	232
GRCh38_CMRG_11558	231
GRCh38_CMRG_12015	231
GRCh38_CMRG_13968	231
GRCh38_CMRG_16999	231
GRCh38_CMRG_19048	231
GRCh38_CMRG_19278	231
GRCh38_CMRG_22058	231
GRCh38_CMRG_22446	231
GRCh38_CMRG_22609	231
GRCh38_CMRG_2692	231
GRCh38_CMRG_28150	231
GRCh38_CMRG_2920	231
GRCh38_CMRG_29263	231
GRCh38_CMRG_31337	231
GRCh38_CMRG_31806	231
GRCh38_CMRG_32305	231
GRCh38_CMRG_32324	231
GRCh38_CMRG_33145	231
GRCh38_CMRG_38735	231
GRCh38_CMRG_39602	231
GRCh38_CMRG_41283	231
GRCh38_CMRG_41309	231
GRCh38_CMRG_41855	231
GRCh38_CMRG_54507	231
GRCh38_CMRG_55235	231
GRCh38_CMRG_59351	231
GRCh38_CMRG_62172	231
GRCh38_CMRG_64906	231
GRCh38_CMRG_67835	231
GRCh38_CMRG_68231	231
GRCh38_CMRG_69343	231
GRCh38_CMRG_70543	231
GRCh38_CMRG_72667	231
GRCh38_CMRG_74819	231
GRCh38_CMRG_74993	231
GRCh38_CMRG_77124	231
GRCh38_CMRG_83244	231
GRCh38_CMRG_23191	230
GRCh38_CMRG_25317	230
GRCh38_CMRG_26682	230
GRCh38_CMRG_36207	230
GRCh38_CMRG_38515	230
GRCh38_CMRG_43758	230
GRCh38_CMRG_44621	230
GRCh38_CMRG_44905	230
GRCh38_CMRG_45055	230
GRCh38_CMRG_45387	230
GRCh38_CMRG_47943	230
GRCh38_CMRG_49104	230
GRCh38_CMRG_49764	230
GRCh38_CMRG_50999	230
GRCh38_CMRG_51647	230
GRCh38_CMRG_52354	230
GRCh38_CMRG_55620	230
GRCh38_CMRG_69930	230
GRCh38_CMRG_70545	230
GRCh38_CMRG_72578	230
GRCh38_CMRG_73696	230
GRCh38_CMRG_79999	230
GRCh38_CMRG_8097	230
GRCh38_CMRG_8137	230
GRCh38_CMRG_82641	230
GRCh38_CMRG_82642	230
GRCh38_CMRG_9371	230
GRCh38_CMRG_17271	229
GRCh38_CMRG_19303	229
GRCh38_CMRG_23848	229
GRCh38_CMRG_37156	229
GRCh38_CMRG_37233	229
GRCh38_CMRG_39521	229
GRCh38_CMRG_41310	229
GRCh38_CMRG_42028	229
GRCh38_CMRG_46083	229
GRCh38_CMRG_47442	229
GRCh38_CMRG_52705	229
GRCh38_CMRG_54284	229
GRCh38_CMRG_58286	229
GRCh38_CMRG_63515	229
GRCh38_CMRG_68060	229
GRCh38_CMRG_68662	229
GRCh38_CMRG_70869	229
GRCh38_CMRG_71363	229
GRCh38_CMRG_7576	229
GRCh38_CMRG_7761	229
GRCh38_CMRG_79832	229
GRCh38_CMRG_8175	229
GRCh38_CMRG_82592	229
GRCh38_CMRG_10896	228
GRCh38_CMRG_18912	228
GRCh38_CMRG_21269	228
GRCh38_CMRG_2167	228
GRCh38_CMRG_22099	228
GRCh38_CMRG_24297	228
GRCh38_CMRG_26566	228
GRCh38_CMRG_26567	228
GRCh38_CMRG_29326	228
GRCh38_CMRG_41505	228
GRCh38_CMRG_44124	228
GRCh38_CMRG_45631	228
GRCh38_CMRG_488	228
GRCh38_CMRG_49299	228
GRCh38_CMRG_49317	228
GRCh38_CMRG_54399	228
GRCh38_CMRG_64440	228
GRCh38_CMRG_65212	228
GRCh38_CMRG_65227	228
GRCh38_CMRG_72102	228
GRCh38_CMRG_72444	228
GRCh38_CMRG_9435	228
GRCh38_CMRG_12839	227
GRCh38_CMRG_13120	227
GRCh38_CMRG_14622	227
GRCh38_CMRG_17854	227
GRCh38_CMRG_28448	227
GRCh38_CMRG_28936	227
GRCh38_CMRG_31692	227
GRCh38_CMRG_41540	227
GRCh38_CMRG_44554	227
GRCh38_CMRG_45634	227
GRCh38_CMRG_58599	227
GRCh38_CMRG_64605	227
GRCh38_CMRG_6468	227
GRCh38_CMRG_72361	227
GRCh38_CMRG_72985	227
GRCh38_CMRG_79960	227
GRCh38_CMRG_9633	227
GRCh38_CMRG_18550	226
GRCh38_CMRG_23726	226
GRCh38_CMRG_29844	226
GRCh38_CMRG_39219	226
GRCh38_CMRG_46178	226
GRCh38_CMRG_48315	226
GRCh38_CMRG_54572	226
GRCh38_CMRG_61413	226
GRCh38_CMRG_68566	226
GRCh38_CMRG_74370	226
GRCh38_CMRG_75545	226
GRCh38_CMRG_13392	225
GRCh38_CMRG_15096	225
GRCh38_CMRG_21110	225
GRCh38_CMRG_23779	225
GRCh38_CMRG_24835	225
GRCh38_CMRG_26815	225
GRCh38_CMRG_29952	225
GRCh38_CMRG_31691	225
GRCh38_CMRG_32512	225
GRCh38_CMRG_38674	225
GRCh38_CMRG_40206	225
GRCh38_CMRG_41308	225
GRCh38_CMRG_52168	225
GRCh38_CMRG_52519	225
GRCh38_CMRG_55535	225
GRCh38_CMRG_60450	225
GRCh38_CMRG_63519	225
GRCh38_CMRG_65908	225
GRCh38_CMRG_72558	225
GRCh38_CMRG_77525	225
GRCh38_CMRG_9436	225
GRCh38_CMRG_14559	224
GRCh38_CMRG_17091	224
GRCh38_CMRG_18144	224
GRCh38_CMRG_18423	224
GRCh38_CMRG_19847	224
GRCh38_CMRG_21910	224
GRCh38_CMRG_24007	224
GRCh38_CMRG_27327	224
GRCh38_CMRG_27328	224
GRCh38_CMRG_27332	224
GRCh38_CMRG_29071	224
GRCh38_CMRG_36747	224
GRCh38_CMRG_40388	224
GRCh38_CMRG_40393	224
GRCh38_CMRG_52551	224
GRCh38_CMRG_55199	224
GRCh38_CMRG_55851	224
GRCh38_CMRG_7135	224
GRCh38_CMRG_72475	224
GRCh38_CMRG_72972	224
GRCh38_CMRG_78878	224
GRCh38_CMRG_82166	224
GRCh38_CMRG_11021	223
GRCh38_CMRG_12554	223
GRCh38_CMRG_13679	223
GRCh38_CMRG_29494	223
GRCh38_CMRG_30973	223
GRCh38_CMRG_32912	223
GRCh38_CMRG_40154	223
GRCh38_CMRG_41139	223
GRCh38_CMRG_43618	223
GRCh38_CMRG_44665	223
GRCh38_CMRG_51784	223
GRCh38_CMRG_54871	223
GRCh38_CMRG_55513	223
GRCh38_CMRG_58507	223
GRCh38_CMRG_59523	223
GRCh38_CMRG_65572	223
GRCh38_CMRG_69383	223
GRCh38_CMRG_71013	223
GRCh38_CMRG_71954	223
GRCh38_CMRG_75130	223
GRCh38_CMRG_77154	223
GRCh38_CMRG_78879	223
GRCh38_CMRG_7987	223
GRCh38_CMRG_79962	223
GRCh38_CMRG_82156	223
GRCh38_CMRG_82918	223
GRCh38_CMRG_83071	223
GRCh38_CMRG_13665	222
GRCh38_CMRG_13801	222
GRCh38_CMRG_18829	222
GRCh38_CMRG_19033	222
GRCh38_CMRG_23571	222
GRCh38_CMRG_27188	222
GRCh38_CMRG_33221	222
GRCh38_CMRG_33664	222
GRCh38_CMRG_38457	222
GRCh38_CMRG_41733	222
GRCh38_CMRG_42551	222
GRCh38_CMRG_44508	222
GRCh38_CMRG_45370	222
GRCh38_CMRG_46263	222
GRCh38_CMRG_47984	222
GRCh38_CMRG_49293	222
GRCh38_CMRG_53186	222
GRCh38_CMRG_54506	222
GRCh38_CMRG_71418	222
GRCh38_CMRG_74782	222
GRCh38_CMRG_75241	222
GRCh38_CMRG_82306	222
GRCh38_CMRG_8450	222
GRCh38_CMRG_17767	221
GRCh38_CMRG_22539	221
GRCh38_CMRG_24384	221
GRCh38_CMRG_26456	221
GRCh38_CMRG_28302	221
GRCh38_CMRG_31834	221
GRCh38_CMRG_32035	221
GRCh38_CMRG_39195	221
GRCh38_CMRG_39864	221
GRCh38_CMRG_50250	221
GRCh38_CMRG_55802	221
GRCh38_CMRG_59330	221
GRCh38_CMRG_60616	221
GRCh38_CMRG_61134	221
GRCh38_CMRG_61221	221
GRCh38_CMRG_61729	221
GRCh38_CMRG_65049	221
GRCh38_CMRG_66016	221
GRCh38_CMRG_66101	221
GRCh38_CMRG_70905	221
GRCh38_CMRG_71807	221
GRCh38_CMRG_77301	221
GRCh38_CMRG_9367	221
GRCh38_CMRG_13248	220
GRCh38_CMRG_16602	220
GRCh38_CMRG_21603	220
GRCh38_CMRG_21604	220
GRCh38_CMRG_24238	220
GRCh38_CMRG_2444	220
GRCh38_CMRG_24448	220
GRCh38_CMRG_28793	220
GRCh38_CMRG_2896	220
GRCh38_CMRG_28986	220
GRCh38_CMRG_33370	220
GRCh38_CMRG_33389	220
GRCh38_CMRG_34380	220
GRCh38_CMRG_37176	220
GRCh38_CMRG_38386	220
GRCh38_CMRG_40782	220
GRCh38_CMRG_50543	220
GRCh38_CMRG_53751	220
GRCh38_CMRG_54882	220
GRCh38_CMRG_67738	220
GRCh38_CMRG_69342	220
GRCh38_CMRG_7793	220
GRCh38_CMRG_8119	220
GRCh38_CMRG_19305	219
GRCh38_CMRG_19445	219
GRCh38_CMRG_2245	219
GRCh38_CMRG_24309	219
GRCh38_CMRG_26265	219
GRCh38_CMRG_2946	219
GRCh38_CMRG_31635	219
GRCh38_CMRG_38005	219
GRCh38_CMRG_41973	219
GRCh38_CMRG_44352	219
GRCh38_CMRG_46127	219
GRCh38_CMRG_48308	219
GRCh38_CMRG_60500	219
GRCh38_CMRG_60501	219
GRCh38_CMRG_6208	219
GRCh38_CMRG_68877	219
GRCh38_CMRG_69820	219
GRCh38_CMRG_7536	219
GRCh38_CMRG_77716	219
GRCh38_CMRG_78920	219
GRCh38_CMRG_82977	219
GRCh38_CMRG_10850	218
GRCh38_CMRG_13498	218
GRCh38_CMRG_14259	218
GRCh38_CMRG_18569	218
GRCh38_CMRG_19240	218
GRCh38_CMRG_19616	218
GRCh38_CMRG_2318	218
GRCh38_CMRG_23442	218
GRCh38_CMRG_23881	218
GRCh38_CMRG_24579	218
GRCh38_CMRG_25799	218
GRCh38_CMRG_28734	218
GRCh38_CMRG_33060	218
GRCh38_CMRG_34184	218
GRCh38_CMRG_41422	218
GRCh38_CMRG_41545	218
GRCh38_CMRG_41735	218
GRCh38_CMRG_419	218
GRCh38_CMRG_48906	218
GRCh38_CMRG_49112	218
GRCh38_CMRG_49113	218
GRCh38_CMRG_51955	218
GRCh38_CMRG_54102	218
GRCh38_CMRG_54792	218
GRCh38_CMRG_6672	218
GRCh38_CMRG_68127	218
GRCh38_CMRG_70746	218
GRCh38_CMRG_73108	218
GRCh38_CMRG_74129	218
GRCh38_CMRG_74920	218
GRCh38_CMRG_76424	218
GRCh38_CMRG_77718	218
GRCh38_CMRG_79333	218
GRCh38_CMRG_84096	218
GRCh38_CMRG_11741	217
GRCh38_CMRG_1192	217
GRCh38_CMRG_13595	217
GRCh38_CMRG_18315	217
GRCh38_CMRG_19272	217
GRCh38_CMRG_25891	217
GRCh38_CMRG_25985	217
GRCh38_CMRG_26594	217
GRCh38_CMRG_31153	217
GRCh38_CMRG_32022	217
GRCh38_CMRG_34359	217
GRCh38_CMRG_38139	217
GRCh38_CMRG_38224	217
GRCh38_CMRG_39605	217
GRCh38_CMRG_47557	217
GRCh38_CMRG_49835	217
GRCh38_CMRG_60167	217
GRCh38_CMRG_62173	217
GRCh38_CMRG_67037	217
GRCh38_CMRG_70895	217
GRCh38_CMRG_75035	217
GRCh38_CMRG_81852	217
GRCh38_CMRG_83193	217
GRCh38_CMRG_83802	217
GRCh38_CMRG_84443	217
GRCh38_CMRG_8795	217
GRCh38_CMRG_24865	216
GRCh38_CMRG_27961	216
GRCh38_CMRG_28294	216
GRCh38_CMRG_32838	216
GRCh38_CMRG_33390	216
GRCh38_CMRG_38082	216
GRCh38_CMRG_48573	216
GRCh38_CMRG_49042	216
GRCh38_CMRG_49833	216
GRCh38_CMRG_53485	216
GRCh38_CMRG_66144	216
GRCh38_CMRG_70086	216
GRCh38_CMRG_71187	216
GRCh38_CMRG_7257	216
GRCh38_CMRG_7467	216
GRCh38_CMRG_7667	216
GRCh38_CMRG_76998	216
GRCh38_CMRG_8298	216
GRCh38_CMRG_83807	216
GRCh38_CMRG_84511	216
GRCh38_CMRG_19763	215
GRCh38_CMRG_23690	215
GRCh38_CMRG_23942	215
GRCh38_CMRG_28240	215
GRCh38_CMRG_28394	215
GRCh38_CMRG_31322	215
GRCh38_CMRG_47601	215
GRCh38_CMRG_51223	215
GRCh38_CMRG_51414	215
GRCh38_CMRG_53941	215
GRCh38_CMRG_58572	215
GRCh38_CMRG_59610	215
GRCh38_CMRG_638	215
GRCh38_CMRG_64896	215
GRCh38_CMRG_72371	215
GRCh38_CMRG_74346	215
GRCh38_CMRG_75146	215
GRCh38_CMRG_81567	215
GRCh38_CMRG_81624	215
GRCh38_CMRG_9671	215
GRCh38_CMRG_14683	214
GRCh38_CMRG_176	214
GRCh38_CMRG_2016	214
GRCh38_CMRG_24805	214
GRCh38_CMRG_33367	214
GRCh38_CMRG_33949	214
GRCh38_CMRG_40166	214
GRCh38_CMRG_50706	214
GRCh38_CMRG_52123	214
GRCh38_CMRG_62410	214
GRCh38_CMRG_62636	214
GRCh38_CMRG_67928	214
GRCh38_CMRG_76665	214
GRCh38_CMRG_84243	214
GRCh38_CMRG_11788	213
GRCh38_CMRG_13891	213
GRCh38_CMRG_1972	213
GRCh38_CMRG_22677	213
GRCh38_CMRG_23932	213
GRCh38_CMRG_28208	213
GRCh38_CMRG_28759	213
GRCh38_CMRG_33115	213
GRCh38_CMRG_33464	213
GRCh38_CMRG_36300	213
GRCh38_CMRG_37472	213
GRCh38_CMRG_42027	213
GRCh38_CMRG_44917	213
GRCh38_CMRG_51724	213
GRCh38_CMRG_60395	213
GRCh38_CMRG_61107	213
GRCh38_CMRG_65160	213
GRCh38_CMRG_67224	213
GRCh38_CMRG_68563	213
GRCh38_CMRG_69037	213
GRCh38_CMRG_72676	213
GRCh38_CMRG_82113	213
GRCh38_CMRG_82735	213
GRCh38_CMRG_82880	213
GRCh38_CMRG_84455	213
GRCh38_CMRG_11172	212
GRCh38_CMRG_13586	212
GRCh38_CMRG_162	212
GRCh38_CMRG_19443	212
GRCh38_CMRG_22277	212
GRCh38_CMRG_22933	212
GRCh38_CMRG_22934	212
GRCh38_CMRG_26184	212
GRCh38_CMRG_26338	212
GRCh38_CMRG_27798	212
GRCh38_CMRG_31865	212
GRCh38_CMRG_36838	212
GRCh38_CMRG_45815	212
GRCh38_CMRG_48433	212
GRCh38_CMRG_50853	212
GRCh38_CMRG_55240	212
GRCh38_CMRG_55384	212
GRCh38_CMRG_5776	212
GRCh38_CMRG_64415	212
GRCh38_CMRG_65229	212
GRCh38_CMRG_6671	212
GRCh38_CMRG_68642	212
GRCh38_CMRG_74718	212
GRCh38_CMRG_78990	212
GRCh38_CMRG_11286	211
GRCh38_CMRG_17660	211
GRCh38_CMRG_18828	211
GRCh38_CMRG_32118	211
GRCh38_CMRG_37958	211
GRCh38_CMRG_38619	211
GRCh38_CMRG_42372	211
GRCh38_CMRG_45217	211
GRCh38_CMRG_45637	211
GRCh38_CMRG_48479	211
GRCh38_CMRG_48988	211
GRCh38_CMRG_49479	211
GRCh38_CMRG_50798	211
GRCh38_CMRG_59483	211
GRCh38_CMRG_60057	211
GRCh38_CMRG_60538	211
GRCh38_CMRG_77398	211
GRCh38_CMRG_81692	211
GRCh38_CMRG_17570	210
GRCh38_CMRG_1895	210
GRCh38_CMRG_24312	210
GRCh38_CMRG_24462	210
GRCh38_CMRG_24781	210
GRCh38_CMRG_25886	210
GRCh38_CMRG_38514	210
GRCh38_CMRG_392	210
GRCh38_CMRG_393	210
GRCh38_CMRG_41660	210
GRCh38_CMRG_45853	210
GRCh38_CMRG_47624	210
GRCh38_CMRG_49342	210
GRCh38_CMRG_51904	210
GRCh38_CMRG_59030	210
GRCh38_CMRG_59113	210
GRCh38_CMRG_64676	210
GRCh38_CMRG_65543	210
GRCh38_CMRG_74095	210
GRCh38_CMRG_80801	210
GRCh38_CMRG_8691	210
GRCh38_CMRG_8965	210
GRCh38_CMRG_11630	209
GRCh38_CMRG_12941	209
GRCh38_CMRG_14945	209
GRCh38_CMRG_19254	209
GRCh38_CMRG_25069	209
GRCh38_CMRG_30593	209
GRCh38_CMRG_34057	209
GRCh38_CMRG_35816	209
GRCh38_CMRG_36187	209
GRCh38_CMRG_36589	209
GRCh38_CMRG_39949	209
GRCh38_CMRG_40693	209
GRCh38_CMRG_42442	209
GRCh38_CMRG_47274	209
GRCh38_CMRG_52365	209
GRCh38_CMRG_58931	209
GRCh38_CMRG_63289	209
GRCh38_CMRG_63557	209
GRCh38_CMRG_68456	209
GRCh38_CMRG_72935	209
GRCh38_CMRG_73581	209
GRCh38_CMRG_77388	209
GRCh38_CMRG_11334	208
GRCh38_CMRG_11631	208
GRCh38_CMRG_17121	208
GRCh38_CMRG_23105	208
GRCh38_CMRG_32283	208
GRCh38_CMRG_34388	208
GRCh38_CMRG_36004	208
GRCh38_CMRG_38421	208
GRCh38_CMRG_38753	208
GRCh38_CMRG_51366	208
GRCh38_CMRG_59110	208
GRCh38_CMRG_59111	208
GRCh38_CMRG_67282	208
GRCh38_CMRG_67633	208
GRCh38_CMRG_68237	208
GRCh38_CMRG_7058	208
GRCh38_CMRG_72090	208
GRCh38_CMRG_75234	208
GRCh38_CMRG_84274	208
GRCh38_CMRG_11199	207
GRCh38_CMRG_12421	207
GRCh38_CMRG_18791	207
GRCh38_CMRG_21929	207
GRCh38_CMRG_23720	207
GRCh38_CMRG_24538	207
GRCh38_CMRG_28563	207
GRCh38_CMRG_29501	207
GRCh38_CMRG_30686	207
GRCh38_CMRG_31236	207
GRCh38_CMRG_31418	207
GRCh38_CMRG_37886	207
GRCh38_CMRG_39603	207
GRCh38_CMRG_43998	207
GRCh38_CMRG_45336	207
GRCh38_CMRG_48996	207
GRCh38_CMRG_55733	207
GRCh38_CMRG_59067	207
GRCh38_CMRG_61734	207
GRCh38_CMRG_65071	207
GRCh38_CMRG_70325	207
GRCh38_CMRG_70844	207
GRCh38_CMRG_74231	207
GRCh38_CMRG_75706	207
GRCh38_CMRG_77285	207
GRCh38_CMRG_83725	207
GRCh38_CMRG_9721	207
GRCh38_CMRG_12647	206
GRCh38_CMRG_155	206
GRCh38_CMRG_18425	206
GRCh38_CMRG_22363	206
GRCh38_CMRG_22999	206
GRCh38_CMRG_24704	206
GRCh38_CMRG_27065	206
GRCh38_CMRG_2900	206
GRCh38_CMRG_34737	206
GRCh38_CMRG_45459	206
GRCh38_CMRG_45813	206
GRCh38_CMRG_49453	206
GRCh38_CMRG_49690	206
GRCh38_CMRG_55322	206
GRCh38_CMRG_55538	206
GRCh38_CMRG_59390	206
GRCh38_CMRG_62462	206
GRCh38_CMRG_64651	206
GRCh38_CMRG_66111	206
GRCh38_CMRG_68918	206
GRCh38_CMRG_7079	206
GRCh38_CMRG_72920	206
GRCh38_CMRG_74652	206
GRCh38_CMRG_7530	206
GRCh38_CMRG_7772	206
GRCh38_CMRG_79295	206
GRCh38_CMRG_80013	206
GRCh38_CMRG_83828	206
GRCh38_CMRG_9126	206
GRCh38_CMRG_19271	205
GRCh38_CMRG_22483	205
GRCh38_CMRG_24134	205
GRCh38_CMRG_26663	205
GRCh38_CMRG_26849	205
GRCh38_CMRG_28114	205
GRCh38_CMRG_2957	205
GRCh38_CMRG_30051	205
GRCh38_CMRG_31379	205
GRCh38_CMRG_32203	205
GRCh38_CMRG_33180	205
GRCh38_CMRG_38220	205
GRCh38_CMRG_41753	205
GRCh38_CMRG_44678	205
GRCh38_CMRG_45466	205
GRCh38_CMRG_49015	205
GRCh38_CMRG_60442	205
GRCh38_CMRG_6533	205
GRCh38_CMRG_66059	205
GRCh38_CMRG_68384	205
GRCh38_CMRG_68852	205
GRCh38_CMRG_6895	205
GRCh38_CMRG_69367	205
GRCh38_CMRG_70357	205
GRCh38_CMRG_7065	205
GRCh38_CMRG_7468	205
GRCh38_CMRG_77383	205
GRCh38_CMRG_7939	205
GRCh38_CMRG_80032	205
GRCh38_CMRG_81720	205
GRCh38_CMRG_13484	204
GRCh38_CMRG_1361	204
GRCh38_CMRG_13750	204
GRCh38_CMRG_15605	204
GRCh38_CMRG_18055	204
GRCh38_CMRG_26216	204
GRCh38_CMRG_26991	204
GRCh38_CMRG_29339	204
GRCh38_CMRG_46244	204
GRCh38_CMRG_49565	204
GRCh38_CMRG_49566	204
GRCh38_CMRG_51196	204
GRCh38_CMRG_52567	204
GRCh38_CMRG_53811	204
GRCh38_CMRG_5792	204
GRCh38_CMRG_60092	204
GRCh38_CMRG_60785	204
GRCh38_CMRG_61944	204
GRCh38_CMRG_65850	204
GRCh38_CMRG_664	204
GRCh38_CMRG_67632	204
GRCh38_CMRG_69560	204
GRCh38_CMRG_70029	204
GRCh38_CMRG_74180	204
GRCh38_CMRG_74565	204
GRCh38_CMRG_7466	204
GRCh38_CMRG_77293	204
GRCh38_CMRG_77693	204
GRCh38_CMRG_80988	204
GRCh38_CMRG_11265	203
GRCh38_CMRG_16489	203
GRCh38_CMRG_19806	203
GRCh38_CMRG_22242	203
GRCh38_CMRG_24141	203
GRCh38_CMRG_2430	203
GRCh38_CMRG_29062	203
GRCh38_CMRG_32491	203
GRCh38_CMRG_34425	203
GRCh38_CMRG_36590	203
GRCh38_CMRG_37630	203
GRCh38_CMRG_40375	203
GRCh38_CMRG_40376	203
GRCh38_CMRG_42392	203
GRCh38_CMRG_44333	203
GRCh38_CMRG_46247	203
GRCh38_CMRG_49329	203
GRCh38_CMRG_51725	203
GRCh38_CMRG_51964	203
GRCh38_CMRG_53513	203
GRCh38_CMRG_54437	203
GRCh38_CMRG_54590	203
GRCh38_CMRG_55366	203
GRCh38_CMRG_59988	203
GRCh38_CMRG_62467	203
GRCh38_CMRG_68007	203
GRCh38_CMRG_68494	203
GRCh38_CMRG_70242	203
GRCh38_CMRG_73774	203
GRCh38_CMRG_7455	203
GRCh38_CMRG_77653	203
GRCh38_CMRG_80050	203
GRCh38_CMRG_153	202
GRCh38_CMRG_18562	202
GRCh38_CMRG_22898	202
GRCh38_CMRG_24325	202
GRCh38_CMRG_26248	202
GRCh38_CMRG_28831	202
GRCh38_CMRG_30811	202
GRCh38_CMRG_32478	202
GRCh38_CMRG_36341	202
GRCh38_CMRG_40957	202
GRCh38_CMRG_41821	202
GRCh38_CMRG_46355	202
GRCh38_CMRG_53703	202
GRCh38_CMRG_54322	202
GRCh38_CMRG_5814	202
GRCh38_CMRG_6627	202
GRCh38_CMRG_70425	202
GRCh38_CMRG_79408	202
GRCh38_CMRG_100	201
GRCh38_CMRG_11853	201
GRCh38_CMRG_13741	201
GRCh38_CMRG_22865	201
GRCh38_CMRG_22908	201
GRCh38_CMRG_23239	201
GRCh38_CMRG_23930	201
GRCh38_CMRG_24065	201
GRCh38_CMRG_24799	201
GRCh38_CMRG_40023	201
GRCh38_CMRG_42316	201
GRCh38_CMRG_43727	201
GRCh38_CMRG_45532	201
GRCh38_CMRG_46442	201
GRCh38_CMRG_48083	201
GRCh38_CMRG_48677	201
GRCh38_CMRG_51167	201
GRCh38_CMRG_53268	201
GRCh38_CMRG_54441	201
GRCh38_CMRG_58308	201
GRCh38_CMRG_64796	201
GRCh38_CMRG_65107	201
GRCh38_CMRG_67333	201
GRCh38_CMRG_70773	201
GRCh38_CMRG_72491	201
GRCh38_CMRG_81837	201
GRCh38_CMRG_9315	201
GRCh38_CMRG_11078	200
GRCh38_CMRG_14673	200
GRCh38_CMRG_17464	200
GRCh38_CMRG_19013	200
GRCh38_CMRG_23944	200
GRCh38_CMRG_26759	200
GRCh38_CMRG_29335	200
GRCh38_CMRG_29625	200
GRCh38_CMRG_30999	200
GRCh38_CMRG_31015	200
GRCh38_CMRG_32430	200
GRCh38_CMRG_33703	200
GRCh38_CMRG_35548	200
GRCh38_CMRG_35549	200
GRCh38_CMRG_38452	200
GRCh38_CMRG_38663	200
GRCh38_CMRG_42376	200
GRCh38_CMRG_49021	200
GRCh38_CMRG_50360	200
GRCh38_CMRG_64790	200
GRCh38_CMRG_65905	200
GRCh38_CMRG_70311	200
GRCh38_CMRG_71994	200
GRCh38_CMRG_77692	200
GRCh38_CMRG_83713	200
GRCh38_CMRG_9352	200
GRCh38_CMRG_1038	199
GRCh38_CMRG_22210	199
GRCh38_CMRG_23907	199
GRCh38_CMRG_2395	199
GRCh38_CMRG_2472	199
GRCh38_CMRG_28029	199
GRCh38_CMRG_34663	199
GRCh38_CMRG_36601	199
GRCh38_CMRG_37689	199
GRCh38_CMRG_41901	199
GRCh38_CMRG_44229	199
GRCh38_CMRG_48460	199
GRCh38_CMRG_51723	199
GRCh38_CMRG_55551	199
GRCh38_CMRG_60610	199
GRCh38_CMRG_64558	199
GRCh38_CMRG_68137	199
GRCh38_CMRG_69547	199
GRCh38_CMRG_69919	199
GRCh38_CMRG_71449	199
GRCh38_CMRG_72609	199
GRCh38_CMRG_73122	199
GRCh38_CMRG_76807	199
GRCh38_CMRG_7745	199
GRCh38_CMRG_79188	199
GRCh38_CMRG_803	199
GRCh38_CMRG_81532	199
GRCh38_CMRG_8301	199
GRCh38_CMRG_83379	199
GRCh38_CMRG_12571	198
GRCh38_CMRG_13866	198
GRCh38_CMRG_18906	198
GRCh38_CMRG_21821	198
GRCh38_CMRG_23681	198
GRCh38_CMRG_27683	198
GRCh38_CMRG_32315	198
GRCh38_CMRG_33271	198
GRCh38_CMRG_33854	198
GRCh38_CMRG_38516	198
GRCh38_CMRG_41678	198
GRCh38_CMRG_49316	198
GRCh38_CMRG_68486	198
GRCh38_CMRG_68808	198
GRCh38_CMRG_79704	198
GRCh38_CMRG_8374	198
GRCh38_CMRG_83918	198
GRCh38_CMRG_8973	198
GRCh38_CMRG_13058	197
GRCh38_CMRG_14243	197
GRCh38_CMRG_17203	197
GRCh38_CMRG_25762	197
GRCh38_CMRG_27791	197
GRCh38_CMRG_29045	197
GRCh38_CMRG_29220	197
GRCh38_CMRG_37422	197
GRCh38_CMRG_38003	197
GRCh38_CMRG_43734	197
GRCh38_CMRG_51696	197
GRCh38_CMRG_5811	197
GRCh38_CMRG_59461	197
GRCh38_CMRG_63442	197
GRCh38_CMRG_64838	197
GRCh38_CMRG_71739	197
GRCh38_CMRG_72157	197
GRCh38_CMRG_73230	197
GRCh38_CMRG_80051	197
GRCh38_CMRG_83247	197
GRCh38_CMRG_11198	196
GRCh38_CMRG_112	196
GRCh38_CMRG_163	196
GRCh38_CMRG_17852	196
GRCh38_CMRG_29670	196
GRCh38_CMRG_29740	196
GRCh38_CMRG_29975	196
GRCh38_CMRG_35873	196
GRCh38_CMRG_36740	196
GRCh38_CMRG_38580	196
GRCh38_CMRG_41229	196
GRCh38_CMRG_43797	196
GRCh38_CMRG_52014	196
GRCh38_CMRG_52177	196
GRCh38_CMRG_59527	196
GRCh38_CMRG_59551	196
GRCh38_CMRG_60774	196
GRCh38_CMRG_64433	196
GRCh38_CMRG_68319	196
GRCh38_CMRG_73284	196
GRCh38_CMRG_73440	196
GRCh38_CMRG_83378	196
GRCh38_CMRG_84058	196
GRCh38_CMRG_8482	196
GRCh38_CMRG_8737	196
GRCh38_CMRG_1020	195
GRCh38_CMRG_12100	195
GRCh38_CMRG_2646	195
GRCh38_CMRG_2647	195
GRCh38_CMRG_27658	195
GRCh38_CMRG_2775	195
GRCh38_CMRG_28130	195
GRCh38_CMRG_31988	195
GRCh38_CMRG_33328	195
GRCh38_CMRG_36788	195
GRCh38_CMRG_39321	195
GRCh38_CMRG_46191	195
GRCh38_CMRG_6046	195
GRCh38_CMRG_62450	195
GRCh38_CMRG_63279	195
GRCh38_CMRG_64354	195
GRCh38_CMRG_65095	195
GRCh38_CMRG_65848	195
GRCh38_CMRG_7055	195
GRCh38_CMRG_71439	195
GRCh38_CMRG_71808	195
GRCh38_CMRG_72263	195
GRCh38_CMRG_72483	195
GRCh38_CMRG_75181	195
GRCh38_CMRG_7743	195
GRCh38_CMRG_11789	194
GRCh38_CMRG_12420	194
GRCh38_CMRG_12891	194
GRCh38_CMRG_2071	194
GRCh38_CMRG_37675	194
GRCh38_CMRG_41672	194
GRCh38_CMRG_48740	194
GRCh38_CMRG_48969	194
GRCh38_CMRG_51134	194
GRCh38_CMRG_52717	194
GRCh38_CMRG_52718	194
GRCh38_CMRG_54398	194
GRCh38_CMRG_55354	194
GRCh38_CMRG_55572	194
GRCh38_CMRG_62312	194
GRCh38_CMRG_64510	194
GRCh38_CMRG_67674	194
GRCh38_CMRG_68607	194
GRCh38_CMRG_68853	194
GRCh38_CMRG_6929	194
GRCh38_CMRG_71119	194
GRCh38_CMRG_81880	194
GRCh38_CMRG_82704	194
GRCh38_CMRG_13020	193
GRCh38_CMRG_14952	193
GRCh38_CMRG_17572	193
GRCh38_CMRG_2409	193
GRCh38_CMRG_25820	193
GRCh38_CMRG_2672	193
GRCh38_CMRG_29576	193
GRCh38_CMRG_31376	193
GRCh38_CMRG_33454	193
GRCh38_CMRG_36723	193
GRCh38_CMRG_45768	193
GRCh38_CMRG_47599	193
GRCh38_CMRG_49396	193
GRCh38_CMRG_51241	193
GRCh38_CMRG_52242	193
GRCh38_CMRG_53275	193
GRCh38_CMRG_64428	193
GRCh38_CMRG_67673	193
GRCh38_CMRG_68523	193
GRCh38_CMRG_72453	193
GRCh38_CMRG_74040	193
GRCh38_CMRG_77178	193
GRCh38_CMRG_77322	193
GRCh38_CMRG_77323	193
GRCh38_CMRG_83380	193
GRCh38_CMRG_83990	193
GRCh38_CMRG_17831	192
GRCh38_CMRG_18015	192
GRCh38_CMRG_24571	192
GRCh38_CMRG_2593	192
GRCh38_CMRG_2594	192
GRCh38_CMRG_27557	192
GRCh38_CMRG_29663	192
GRCh38_CMRG_31523	192
GRCh38_CMRG_38076	192
GRCh38_CMRG_39922	192
GRCh38_CMRG_42546	192
GRCh38_CMRG_44556	192
GRCh38_CMRG_45999	192
GRCh38_CMRG_50319	192
GRCh38_CMRG_50456	192
GRCh38_CMRG_55814	192
GRCh38_CMRG_62148	192
GRCh38_CMRG_65725	192
GRCh38_CMRG_73109	192
GRCh38_CMRG_74248	192
GRCh38_CMRG_77492	192
GRCh38_CMRG_80048	192
GRCh38_CMRG_81806	192
GRCh38_CMRG_8266	192
GRCh38_CMRG_84119	192
GRCh38_CMRG_11499	191
GRCh38_CMRG_17056	191
GRCh38_CMRG_18593	191
GRCh38_CMRG_19244	191
GRCh38_CMRG_19245	191
GRCh38_CMRG_21763	191
GRCh38_CMRG_23015	191
GRCh38_CMRG_23447	191
GRCh38_CMRG_23769	191
GRCh38_CMRG_28119	191
GRCh38_CMRG_28120	191
GRCh38_CMRG_28796	191
GRCh38_CMRG_2880	191
GRCh38_CMRG_31926	191
GRCh38_CMRG_32245	191
GRCh38_CMRG_33458	191
GRCh38_CMRG_33972	191
GRCh38_CMRG_34394	191
GRCh38_CMRG_34863	191
GRCh38_CMRG_36986	191
GRCh38_CMRG_39261	191
GRCh38_CMRG_43823	191
GRCh38_CMRG_45650	191
GRCh38_CMRG_49298	191
GRCh38_CMRG_53824	191
GRCh38_CMRG_54858	191
GRCh38_CMRG_61468	191
GRCh38_CMRG_63299	191
GRCh38_CMRG_64670	191
GRCh38_CMRG_64782	191
GRCh38_CMRG_6658	191
GRCh38_CMRG_67672	191
GRCh38_CMRG_67789	191
GRCh38_CMRG_68022	191
GRCh38_CMRG_70109	191
GRCh38_CMRG_73495	191
GRCh38_CMRG_74077	191
GRCh38_CMRG_77073	191
GRCh38_CMRG_77591	191
GRCh38_CMRG_79039	191
GRCh38_CMRG_81757	191
GRCh38_CMRG_83310	191
GRCh38_CMRG_83914	191
GRCh38_CMRG_10685	190
GRCh38_CMRG_11517	190
GRCh38_CMRG_1424	190
GRCh38_CMRG_15551	190
GRCh38_CMRG_1653	190
GRCh38_CMRG_18305	190
GRCh38_CMRG_21066	190
GRCh38_CMRG_21920	190
GRCh38_CMRG_22680	190
GRCh38_CMRG_28027	190
GRCh38_CMRG_29748	190
GRCh38_CMRG_31439	190
GRCh38_CMRG_35770	190
GRCh38_CMRG_37744	190
GRCh38_CMRG_37898	190
GRCh38_CMRG_38787	190
GRCh38_CMRG_40366	190
GRCh38_CMRG_41823	190
GRCh38_CMRG_43871	190
GRCh38_CMRG_44626	190
GRCh38_CMRG_46097	190
GRCh38_CMRG_49802	190
GRCh38_CMRG_53190	190
GRCh38_CMRG_59019	190
GRCh38_CMRG_67971	190
GRCh38_CMRG_6870	190
GRCh38_CMRG_83715	190
GRCh38_CMRG_13333	189
GRCh38_CMRG_14114	189
GRCh38_CMRG_16624	189
GRCh38_CMRG_18142	189
GRCh38_CMRG_2207	189
GRCh38_CMRG_23553	189
GRCh38_CMRG_26021	189
GRCh38_CMRG_31998	189
GRCh38_CMRG_33534	189
GRCh38_CMRG_36798	189
GRCh38_CMRG_37167	189
GRCh38_CMRG_38652	189
GRCh38_CMRG_40642	189
GRCh38_CMRG_42374	189
GRCh38_CMRG_45522	189
GRCh38_CMRG_50799	189
GRCh38_CMRG_52518	189
GRCh38_CMRG_53821	189
GRCh38_CMRG_55218	189
GRCh38_CMRG_55422	189
GRCh38_CMRG_60149	189
GRCh38_CMRG_6509	189
GRCh38_CMRG_65404	189
GRCh38_CMRG_70057	189
GRCh38_CMRG_70355	189
GRCh38_CMRG_72095	189
GRCh38_CMRG_7616	189
GRCh38_CMRG_79855	189
GRCh38_CMRG_82145	189
GRCh38_CMRG_8577	189
GRCh38_CMRG_13308	188
GRCh38_CMRG_14738	188
GRCh38_CMRG_23689	188
GRCh38_CMRG_28190	188
GRCh38_CMRG_31685	188
GRCh38_CMRG_36176	188
GRCh38_CMRG_42259	188
GRCh38_CMRG_44838	188
GRCh38_CMRG_49028	188
GRCh38_CMRG_52364	188
GRCh38_CMRG_61821	188
GRCh38_CMRG_63903	188
GRCh38_CMRG_65092	188
GRCh38_CMRG_7511	188
GRCh38_CMRG_77188	188
GRCh38_CMRG_82485	188
GRCh38_CMRG_9481	188
GRCh38_CMRG_2116	187
GRCh38_CMRG_22529	187
GRCh38_CMRG_22610	187
GRCh38_CMRG_23943	187
GRCh38_CMRG_24162	187
GRCh38_CMRG_25188	187
GRCh38_CMRG_28026	187
GRCh38_CMRG_28506	187
GRCh38_CMRG_28792	187
GRCh38_CMRG_32055	187
GRCh38_CMRG_32997	187
GRCh38_CMRG_36770	187
GRCh38_CMRG_38362	187
GRCh38_CMRG_39394	187
GRCh38_CMRG_39654	187
GRCh38_CMRG_40684	187
GRCh38_CMRG_48483	187
GRCh38_CMRG_50153	187
GRCh38_CMRG_51439	187
GRCh38_CMRG_52741	187
GRCh38_CMRG_5868	187
GRCh38_CMRG_67128	187
GRCh38_CMRG_6776	187
GRCh38_CMRG_68057	187
GRCh38_CMRG_70745	187
GRCh38_CMRG_75584	187
GRCh38_CMRG_79184	187
GRCh38_CMRG_81664	187
GRCh38_CMRG_82995	187
GRCh38_CMRG_83589	187
GRCh38_CMRG_84009	187
GRCh38_CMRG_12126	186
GRCh38_CMRG_1364	186
GRCh38_CMRG_18264	186
GRCh38_CMRG_23680	186
GRCh38_CMRG_24958	186
GRCh38_CMRG_25370	186
GRCh38_CMRG_25892	186
GRCh38_CMRG_2868	186
GRCh38_CMRG_2943	186
GRCh38_CMRG_29738	186
GRCh38_CMRG_32021	186
GRCh38_CMRG_34496	186
GRCh38_CMRG_34788	186
GRCh38_CMRG_36823	186
GRCh38_CMRG_38513	186
GRCh38_CMRG_39855	186
GRCh38_CMRG_40411	186
GRCh38_CMRG_55119	186
GRCh38_CMRG_55678	186
GRCh38_CMRG_63494	186
GRCh38_CMRG_67579	186
GRCh38_CMRG_67626	186
GRCh38_CMRG_72363	186
GRCh38_CMRG_82817	186
GRCh38_CMRG_83696	186
GRCh38_CMRG_9351	186
GRCh38_CMRG_18436	185
GRCh38_CMRG_2001	185
GRCh38_CMRG_21162	185
GRCh38_CMRG_22415	185
GRCh38_CMRG_24053	185
GRCh38_CMRG_24063	185
GRCh38_CMRG_2771	185
GRCh38_CMRG_29319	185
GRCh38_CMRG_31323	185
GRCh38_CMRG_32090	185
GRCh38_CMRG_32954	185
GRCh38_CMRG_32955	185
GRCh38_CMRG_33000	185
GRCh38_CMRG_38140	185
GRCh38_CMRG_38537	185
GRCh38_CMRG_38657	185
GRCh38_CMRG_42538	185
GRCh38_CMRG_44164	185
GRCh38_CMRG_44912	185
GRCh38_CMRG_45345	185
GRCh38_CMRG_51416	185
GRCh38_CMRG_52196	185
GRCh38_CMRG_54179	185
GRCh38_CMRG_54180	185
GRCh38_CMRG_54408	185
GRCh38_CMRG_55602	185
GRCh38_CMRG_6099	185
GRCh38_CMRG_69305	185
GRCh38_CMRG_69379	185
GRCh38_CMRG_72331	185
GRCh38_CMRG_73027	185
GRCh38_CMRG_73332	185
GRCh38_CMRG_73522	185
GRCh38_CMRG_74187	185
GRCh38_CMRG_74321	185
GRCh38_CMRG_7869	185
GRCh38_CMRG_78959	185
GRCh38_CMRG_79265	185
GRCh38_CMRG_81364	185
GRCh38_CMRG_81796	185
GRCh38_CMRG_83693	185
GRCh38_CMRG_1326	184
GRCh38_CMRG_13458	184
GRCh38_CMRG_14992	184
GRCh38_CMRG_16784	184
GRCh38_CMRG_18083	184
GRCh38_CMRG_18468	184
GRCh38_CMRG_24408	184
GRCh38_CMRG_29641	184
GRCh38_CMRG_33558	184
GRCh38_CMRG_38254	184
GRCh38_CMRG_42549	184
GRCh38_CMRG_45639	184
GRCh38_CMRG_47237	184
GRCh38_CMRG_49836	184
GRCh38_CMRG_55443	184
GRCh38_CMRG_55573	184
GRCh38_CMRG_55638	184
GRCh38_CMRG_58309	184
GRCh38_CMRG_62283	184
GRCh38_CMRG_62374	184
GRCh38_CMRG_65204	184
GRCh38_CMRG_67611	184
GRCh38_CMRG_67993	184
GRCh38_CMRG_79021	184
GRCh38_CMRG_81586	184
GRCh38_CMRG_82534	184
GRCh38_CMRG_82535	184
GRCh38_CMRG_82705	184
GRCh38_CMRG_83798	184
GRCh38_CMRG_9082	184
GRCh38_CMRG_14639	183
GRCh38_CMRG_14921	183
GRCh38_CMRG_16599	183
GRCh38_CMRG_17574	183
GRCh38_CMRG_18061	183
GRCh38_CMRG_18224	183
GRCh38_CMRG_23852	183
GRCh38_CMRG_2441	183
GRCh38_CMRG_25767	183
GRCh38_CMRG_27704	183
GRCh38_CMRG_28067	183
GRCh38_CMRG_33557	183
GRCh38_CMRG_38069	183
GRCh38_CMRG_41662	183
GRCh38_CMRG_41859	183
GRCh38_CMRG_45638	183
GRCh38_CMRG_46520	183
GRCh38_CMRG_49148	183
GRCh38_CMRG_52520	183
GRCh38_CMRG_54145	183
GRCh38_CMRG_54546	183
GRCh38_CMRG_55493	183
GRCh38_CMRG_55531	183
GRCh38_CMRG_59283	183
GRCh38_CMRG_59334	183
GRCh38_CMRG_61449	183
GRCh38_CMRG_63868	183
GRCh38_CMRG_67094	183
GRCh38_CMRG_68833	183
GRCh38_CMRG_70797	183
GRCh38_CMRG_72103	183
GRCh38_CMRG_73076	183
GRCh38_CMRG_75127	183
GRCh38_CMRG_76909	183
GRCh38_CMRG_79413	183
GRCh38_CMRG_84074	183
GRCh38_CMRG_9614	183
GRCh38_CMRG_1048	182
GRCh38_CMRG_13693	182
GRCh38_CMRG_21726	182
GRCh38_CMRG_22873	182
GRCh38_CMRG_23908	182
GRCh38_CMRG_27000	182
GRCh38_CMRG_27418	182
GRCh38_CMRG_28149	182
GRCh38_CMRG_28537	182
GRCh38_CMRG_29703	182
GRCh38_CMRG_32162	182
GRCh38_CMRG_34738	182
GRCh38_CMRG_36588	182
GRCh38_CMRG_38342	182
GRCh38_CMRG_41027	182
GRCh38_CMRG_45519	182
GRCh38_CMRG_46509	182
GRCh38_CMRG_46542	182
GRCh38_CMRG_47783	182
GRCh38_CMRG_48076	182
GRCh38_CMRG_49825	182
GRCh38_CMRG_54300	182
GRCh38_CMRG_61147	182
GRCh38_CMRG_64809	182
GRCh38_CMRG_65075	182
GRCh38_CMRG_65102	182
GRCh38_CMRG_65548	182
GRCh38_CMRG_68686	182
GRCh38_CMRG_68921	182
GRCh38_CMRG_68976	182
GRCh38_CMRG_7063	182
GRCh38_CMRG_72330	182
GRCh38_CMRG_7657	182
GRCh38_CMRG_77286	182
GRCh38_CMRG_77730	182
GRCh38_CMRG_82653	182
GRCh38_CMRG_83524	182
GRCh38_CMRG_83818	182
GRCh38_CMRG_8412	182
GRCh38_CMRG_9695	182
GRCh38_CMRG_10651	181
GRCh38_CMRG_1102	181
GRCh38_CMRG_12135	181
GRCh38_CMRG_22599	181
GRCh38_CMRG_26313	181
GRCh38_CMRG_26907	181
GRCh38_CMRG_29056	181
GRCh38_CMRG_31626	181
GRCh38_CMRG_34571	181
GRCh38_CMRG_34600	181
GRCh38_CMRG_40913	181
GRCh38_CMRG_42241	181
GRCh38_CMRG_43764	181
GRCh38_CMRG_47481	181
GRCh38_CMRG_496	181
GRCh38_CMRG_50364	181
GRCh38_CMRG_52205	181
GRCh38_CMRG_53994	181
GRCh38_CMRG_54557	181
GRCh38_CMRG_54694	181
GRCh38_CMRG_58562	181
GRCh38_CMRG_62187	181
GRCh38_CMRG_67838	181
GRCh38_CMRG_70771	181
GRCh38_CMRG_77132	181
GRCh38_CMRG_80035	181
GRCh38_CMRG_82363	181
GRCh38_CMRG_82364	181
GRCh38_CMRG_83889	181
GRCh38_CMRG_8448	181
GRCh38_CMRG_10879	180
GRCh38_CMRG_1580	180
GRCh38_CMRG_20856	180
GRCh38_CMRG_28594	180
GRCh38_CMRG_28595	180
GRCh38_CMRG_31760	180
GRCh38_CMRG_39536	180
GRCh38_CMRG_45071	180
GRCh38_CMRG_45857	180
GRCh38_CMRG_48698	180
GRCh38_CMRG_494	180
GRCh38_CMRG_51232	180
GRCh38_CMRG_52629	180
GRCh38_CMRG_60316	180
GRCh38_CMRG_60361	180
GRCh38_CMRG_61474	180
GRCh38_CMRG_67932	180
GRCh38_CMRG_68158	180
GRCh38_CMRG_68827	180
GRCh38_CMRG_68922	180
GRCh38_CMRG_69770	180
GRCh38_CMRG_7342	180
GRCh38_CMRG_75428	180
GRCh38_CMRG_7800	180
GRCh38_CMRG_82242	180
GRCh38_CMRG_8406	180
GRCh38_CMRG_11580	179
GRCh38_CMRG_1416	179
GRCh38_CMRG_21213	179
GRCh38_CMRG_21214	179
GRCh38_CMRG_21486	179
GRCh38_CMRG_30815	179
GRCh38_CMRG_35684	179
GRCh38_CMRG_37486	179
GRCh38_CMRG_38218	179
GRCh38_CMRG_38309	179
GRCh38_CMRG_52653	179
GRCh38_CMRG_58990	179
GRCh38_CMRG_59675	179
GRCh38_CMRG_59676	179
GRCh38_CMRG_65293	179
GRCh38_CMRG_70851	179
GRCh38_CMRG_73493	179
GRCh38_CMRG_75007	179
GRCh38_CMRG_75148	179
GRCh38_CMRG_76706	179
GRCh38_CMRG_79527	179
GRCh38_CMRG_81035	179
GRCh38_CMRG_13516	178
GRCh38_CMRG_15339	178
GRCh38_CMRG_1601	178
GRCh38_CMRG_16714	178
GRCh38_CMRG_22678	178
GRCh38_CMRG_2276	178
GRCh38_CMRG_23339	178
GRCh38_CMRG_23448	178
GRCh38_CMRG_24161	178
GRCh38_CMRG_29105	178
GRCh38_CMRG_38976	178
GRCh38_CMRG_40174	178
GRCh38_CMRG_52583	178
GRCh38_CMRG_52618	178
GRCh38_CMRG_52619	178
GRCh38_CMRG_54964	178
GRCh38_CMRG_55222	178
GRCh38_CMRG_59153	178
GRCh38_CMRG_62617	178
GRCh38_CMRG_65447	178
GRCh38_CMRG_67010	178
GRCh38_CMRG_68692	178
GRCh38_CMRG_6985	178
GRCh38_CMRG_73421	178
GRCh38_CMRG_81693	178
GRCh38_CMRG_83811	178
GRCh38_CMRG_12461	177
GRCh38_CMRG_12525	177
GRCh38_CMRG_18818	177
GRCh38_CMRG_18830	177
GRCh38_CMRG_19267	177
GRCh38_CMRG_23947	177
GRCh38_CMRG_24260	177
GRCh38_CMRG_24788	177
GRCh38_CMRG_26995	177
GRCh38_CMRG_31222	177
GRCh38_CMRG_37063	177
GRCh38_CMRG_37307	177
GRCh38_CMRG_37858	177
GRCh38_CMRG_38920	177
GRCh38_CMRG_40397	177
GRCh38_CMRG_44345	177
GRCh38_CMRG_47248	177
GRCh38_CMRG_48269	177
GRCh38_CMRG_58202	177
GRCh38_CMRG_63310	177
GRCh38_CMRG_65294	177
GRCh38_CMRG_69043	177
GRCh38_CMRG_69044	177
GRCh38_CMRG_7097	177
GRCh38_CMRG_7211	177
GRCh38_CMRG_74013	177
GRCh38_CMRG_75034	177
GRCh38_CMRG_77655	177
GRCh38_CMRG_84474	177
GRCh38_CMRG_13799	176
GRCh38_CMRG_17538	176
GRCh38_CMRG_18748	176
GRCh38_CMRG_19815	176
GRCh38_CMRG_25137	176
GRCh38_CMRG_26876	176
GRCh38_CMRG_28100	176
GRCh38_CMRG_28293	176
GRCh38_CMRG_2882	176
GRCh38_CMRG_32812	176
GRCh38_CMRG_36105	176
GRCh38_CMRG_38660	176
GRCh38_CMRG_41242	176
GRCh38_CMRG_55158	176
GRCh38_CMRG_60336	176
GRCh38_CMRG_60641	176
GRCh38_CMRG_62443	176
GRCh38_CMRG_68335	176
GRCh38_CMRG_69797	176
GRCh38_CMRG_72374	176
GRCh38_CMRG_73188	176
GRCh38_CMRG_75159	176
GRCh38_CMRG_75417	176
GRCh38_CMRG_77563	176
GRCh38_CMRG_79965	176
GRCh38_CMRG_82768	176
GRCh38_CMRG_83904	176
GRCh38_CMRG_84211	176
GRCh38_CMRG_84361	176
GRCh38_CMRG_84542	176
GRCh38_CMRG_9708	176
GRCh38_CMRG_11639	175
GRCh38_CMRG_12442	175
GRCh38_CMRG_14969	175
GRCh38_CMRG_17273	175
GRCh38_CMRG_21822	175
GRCh38_CMRG_24382	175
GRCh38_CMRG_26351	175
GRCh38_CMRG_33138	175
GRCh38_CMRG_33376	175
GRCh38_CMRG_37232	175
GRCh38_CMRG_38204	175
GRCh38_CMRG_44011	175
GRCh38_CMRG_45105	175
GRCh38_CMRG_45791	175
GRCh38_CMRG_47820	175
GRCh38_CMRG_47881	175
GRCh38_CMRG_48458	175
GRCh38_CMRG_49439	175
GRCh38_CMRG_53085	175
GRCh38_CMRG_53702	175
GRCh38_CMRG_61214	175
GRCh38_CMRG_6392	175
GRCh38_CMRG_655	175
GRCh38_CMRG_714	175
GRCh38_CMRG_72702	175
GRCh38_CMRG_81365	175
GRCh38_CMRG_81896	175
GRCh38_CMRG_8523	175
GRCh38_CMRG_13825	174
GRCh38_CMRG_1405	174
GRCh38_CMRG_17338	174
GRCh38_CMRG_17686	174
GRCh38_CMRG_23857	174
GRCh38_CMRG_37774	174
GRCh38_CMRG_38246	174
GRCh38_CMRG_44763	174
GRCh38_CMRG_45240	174
GRCh38_CMRG_45931	174
GRCh38_CMRG_46292	174
GRCh38_CMRG_47034	174
GRCh38_CMRG_48539	174
GRCh38_CMRG_53791	174
GRCh38_CMRG_53792	174
GRCh38_CMRG_59916	174
GRCh38_CMRG_60509	174
GRCh38_CMRG_63443	174
GRCh38_CMRG_63674	174
GRCh38_CMRG_69387	174
GRCh38_CMRG_73141	174
GRCh38_CMRG_7343	174
GRCh38_CMRG_81650	174
GRCh38_CMRG_81745	174
GRCh38_CMRG_1332	173
GRCh38_CMRG_18592	173
GRCh38_CMRG_21908	173
GRCh38_CMRG_27007	173
GRCh38_CMRG_32031	173
GRCh38_CMRG_42340	173
GRCh38_CMRG_55353	173
GRCh38_CMRG_59101	173
GRCh38_CMRG_60334	173
GRCh38_CMRG_67744	173
GRCh38_CMRG_68783	173
GRCh38_CMRG_71011	173
GRCh38_CMRG_72854	173
GRCh38_CMRG_77643	173
GRCh38_CMRG_84220	173
GRCh38_CMRG_18558	172
GRCh38_CMRG_19913	172
GRCh38_CMRG_22728	172
GRCh38_CMRG_2740	172
GRCh38_CMRG_27729	172
GRCh38_CMRG_31155	172
GRCh38_CMRG_34766	172
GRCh38_CMRG_45347	172
GRCh38_CMRG_45585	172
GRCh38_CMRG_46048	172
GRCh38_CMRG_50341	172
GRCh38_CMRG_52077	172
GRCh38_CMRG_52396	172
GRCh38_CMRG_54831	172
GRCh38_CMRG_54859	172
GRCh38_CMRG_58653	172
GRCh38_CMRG_60392	172
GRCh38_CMRG_66045	172
GRCh38_CMRG_68077	172
GRCh38_CMRG_68364	172
GRCh38_CMRG_68482	172
GRCh38_CMRG_69555	172
GRCh38_CMRG_69888	172
GRCh38_CMRG_71745	172
GRCh38_CMRG_73095	172
GRCh38_CMRG_73843	172
GRCh38_CMRG_74893	172
GRCh38_CMRG_82806	172
GRCh38_CMRG_82905	172
GRCh38_CMRG_8451	172
GRCh38_CMRG_8499	172
GRCh38_CMRG_9002	172
GRCh38_CMRG_9441	172
GRCh38_CMRG_10479	171
GRCh38_CMRG_13692	171
GRCh38_CMRG_33866	171
GRCh38_CMRG_34770	171
GRCh38_CMRG_39135	171
GRCh38_CMRG_41915	171
GRCh38_CMRG_422	171
GRCh38_CMRG_46022	171
GRCh38_CMRG_46440	171
GRCh38_CMRG_49544	171
GRCh38_CMRG_49778	171
GRCh38_CMRG_55485	171
GRCh38_CMRG_55486	171
GRCh38_CMRG_60424	171
GRCh38_CMRG_64756	171
GRCh38_CMRG_6699	171
GRCh38_CMRG_67965	171
GRCh38_CMRG_67966	171
GRCh38_CMRG_68284	171
GRCh38_CMRG_68383	171
GRCh38_CMRG_68391	171
GRCh38_CMRG_69920	171
GRCh38_CMRG_73046	171
GRCh38_CMRG_74759	171
GRCh38_CMRG_79664	171
GRCh38_CMRG_83100	171
GRCh38_CMRG_9737	171
GRCh38_CMRG_11099	170
GRCh38_CMRG_18855	170
GRCh38_CMRG_19039	170
GRCh38_CMRG_24064	170
GRCh38_CMRG_24539	170
GRCh38_CMRG_2535	170
GRCh38_CMRG_31438	170
GRCh38_CMRG_34382	170
GRCh38_CMRG_41264	170
GRCh38_CMRG_41509	170
GRCh38_CMRG_49442	170
GRCh38_CMRG_52173	170
GRCh38_CMRG_54936	170
GRCh38_CMRG_60413	170
GRCh38_CMRG_60991	170
GRCh38_CMRG_61998	170
GRCh38_CMRG_68347	170
GRCh38_CMRG_79212	170
GRCh38_CMRG_79514	170
GRCh38_CMRG_80824	170
GRCh38_CMRG_9092	170
GRCh38_CMRG_9494	170
GRCh38_CMRG_9667	170
GRCh38_CMRG_9694	170
GRCh38_CMRG_15597	169
GRCh38_CMRG_17080	169
GRCh38_CMRG_18932	169
GRCh38_CMRG_18933	169
GRCh38_CMRG_22993	169
GRCh38_CMRG_23745	169
GRCh38_CMRG_27181	169
GRCh38_CMRG_27558	169
GRCh38_CMRG_31675	169
GRCh38_CMRG_32905	169
GRCh38_CMRG_34464	169
GRCh38_CMRG_38466	169
GRCh38_CMRG_48463	169
GRCh38_CMRG_5859	169
GRCh38_CMRG_65803	169
GRCh38_CMRG_67948	169
GRCh38_CMRG_68601	169
GRCh38_CMRG_72600	169
GRCh38_CMRG_72604	169
GRCh38_CMRG_7358	169
GRCh38_CMRG_80036	169
GRCh38_CMRG_83076	169
GRCh38_CMRG_12912	168
GRCh38_CMRG_13867	168
GRCh38_CMRG_20952	168
GRCh38_CMRG_27862	168
GRCh38_CMRG_29936	168
GRCh38_CMRG_30962	168
GRCh38_CMRG_31944	168
GRCh38_CMRG_33533	168
GRCh38_CMRG_33910	168
GRCh38_CMRG_34291	168
GRCh38_CMRG_34658	168
GRCh38_CMRG_36519	168
GRCh38_CMRG_369	168
GRCh38_CMRG_38242	168
GRCh38_CMRG_39866	168
GRCh38_CMRG_40515	168
GRCh38_CMRG_40923	168
GRCh38_CMRG_413	168
GRCh38_CMRG_45894	168
GRCh38_CMRG_498	168
GRCh38_CMRG_50443	168
GRCh38_CMRG_51420	168
GRCh38_CMRG_52967	168
GRCh38_CMRG_59183	168
GRCh38_CMRG_60639	168
GRCh38_CMRG_61120	168
GRCh38_CMRG_61780	168
GRCh38_CMRG_75453	168
GRCh38_CMRG_82116	168
GRCh38_CMRG_8511	168
GRCh38_CMRG_13797	167
GRCh38_CMRG_16696	167
GRCh38_CMRG_23674	167
GRCh38_CMRG_32314	167
GRCh38_CMRG_39346	167
GRCh38_CMRG_47031	167
GRCh38_CMRG_47980	167
GRCh38_CMRG_53560	167
GRCh38_CMRG_54257	167
GRCh38_CMRG_58684	167
GRCh38_CMRG_58751	167
GRCh38_CMRG_67569	167
GRCh38_CMRG_70683	167
GRCh38_CMRG_71088	167
GRCh38_CMRG_79448	167
GRCh38_CMRG_82407	167
GRCh38_CMRG_9385	167
GRCh38_CMRG_11165	166
GRCh38_CMRG_11980	166
GRCh38_CMRG_12547	166
GRCh38_CMRG_14360	166
GRCh38_CMRG_17825	166
GRCh38_CMRG_18022	166
GRCh38_CMRG_22096	166
GRCh38_CMRG_22097	166
GRCh38_CMRG_22719	166
GRCh38_CMRG_23361	166
GRCh38_CMRG_23369	166
GRCh38_CMRG_23701	166
GRCh38_CMRG_26010	166
GRCh38_CMRG_37147	166
GRCh38_CMRG_37739	166
GRCh38_CMRG_37900	166
GRCh38_CMRG_43684	166
GRCh38_CMRG_45797	166
GRCh38_CMRG_50411	166
GRCh38_CMRG_53209	166
GRCh38_CMRG_60451	166
GRCh38_CMRG_64559	166
GRCh38_CMRG_6960	166
GRCh38_CMRG_69934	166
GRCh38_CMRG_74184	166
GRCh38_CMRG_74914	166
GRCh38_CMRG_74974	166
GRCh38_CMRG_79585	166
GRCh38_CMRG_81418	166
GRCh38_CMRG_8164	166
GRCh38_CMRG_82590	166
GRCh38_CMRG_82622	166
GRCh38_CMRG_82916	166
GRCh38_CMRG_13309	165
GRCh38_CMRG_13501	165
GRCh38_CMRG_13673	165
GRCh38_CMRG_21276	165
GRCh38_CMRG_21921	165
GRCh38_CMRG_23988	165
GRCh38_CMRG_32831	165
GRCh38_CMRG_36814	165
GRCh38_CMRG_40370	165
GRCh38_CMRG_40405	165
GRCh38_CMRG_40527	165
GRCh38_CMRG_42581	165
GRCh38_CMRG_43977	165
GRCh38_CMRG_45247	165
GRCh38_CMRG_45713	165
GRCh38_CMRG_45793	165
GRCh38_CMRG_46773	165
GRCh38_CMRG_47154	165
GRCh38_CMRG_47375	165
GRCh38_CMRG_51103	165
GRCh38_CMRG_52868	165
GRCh38_CMRG_53862	165
GRCh38_CMRG_58652	165
GRCh38_CMRG_59628	165
GRCh38_CMRG_65159	165
GRCh38_CMRG_65965	165
GRCh38_CMRG_69041	165
GRCh38_CMRG_82755	165
GRCh38_CMRG_83072	165
GRCh38_CMRG_13352	164
GRCh38_CMRG_13569	164
GRCh38_CMRG_21937	164
GRCh38_CMRG_22602	164
GRCh38_CMRG_24252	164
GRCh38_CMRG_28723	164
GRCh38_CMRG_29368	164
GRCh38_CMRG_36735	164
GRCh38_CMRG_38340	164
GRCh38_CMRG_38417	164
GRCh38_CMRG_46228	164
GRCh38_CMRG_48477	164
GRCh38_CMRG_59062	164
GRCh38_CMRG_60021	164
GRCh38_CMRG_61339	164
GRCh38_CMRG_65105	164
GRCh38_CMRG_72432	164
GRCh38_CMRG_73197	164
GRCh38_CMRG_74458	164
GRCh38_CMRG_77296	164
GRCh38_CMRG_81367	164
GRCh38_CMRG_81671	164
GRCh38_CMRG_82374	164
GRCh38_CMRG_8381	164
GRCh38_CMRG_13471	163
GRCh38_CMRG_14691	163
GRCh38_CMRG_14817	163
GRCh38_CMRG_1523	163
GRCh38_CMRG_18588	163
GRCh38_CMRG_18595	163
GRCh38_CMRG_19003	163
GRCh38_CMRG_21663	163
GRCh38_CMRG_22948	163
GRCh38_CMRG_24276	163
GRCh38_CMRG_27748	163
GRCh38_CMRG_32224	163
GRCh38_CMRG_33450	163
GRCh38_CMRG_40395	163
GRCh38_CMRG_43999	163
GRCh38_CMRG_45552	163
GRCh38_CMRG_46767	163
GRCh38_CMRG_49174	163
GRCh38_CMRG_50175	163
GRCh38_CMRG_50886	163
GRCh38_CMRG_51187	163
GRCh38_CMRG_54554	163
GRCh38_CMRG_55670	163
GRCh38_CMRG_59401	163
GRCh38_CMRG_64010	163
GRCh38_CMRG_64575	163
GRCh38_CMRG_69628	163
GRCh38_CMRG_69685	163
GRCh38_CMRG_71729	163
GRCh38_CMRG_73190	163
GRCh38_CMRG_77009	163
GRCh38_CMRG_81366	163
GRCh38_CMRG_84477	163
GRCh38_CMRG_18322	162
GRCh38_CMRG_25742	162
GRCh38_CMRG_26312	162
GRCh38_CMRG_27013	162
GRCh38_CMRG_28534	162
GRCh38_CMRG_29120	162
GRCh38_CMRG_31000	162
GRCh38_CMRG_31031	162
GRCh38_CMRG_31204	162
GRCh38_CMRG_32817	162
GRCh38_CMRG_33160	162
GRCh38_CMRG_36839	162
GRCh38_CMRG_38212	162
GRCh38_CMRG_38468	162
GRCh38_CMRG_40700	162
GRCh38_CMRG_44764	162
GRCh38_CMRG_47832	162
GRCh38_CMRG_55105	162
GRCh38_CMRG_55507	162
GRCh38_CMRG_59506	162
GRCh38_CMRG_60027	162
GRCh38_CMRG_65712	162
GRCh38_CMRG_7340	162
GRCh38_CMRG_82547	162
GRCh38_CMRG_9497	162
GRCh38_CMRG_14463	161
GRCh38_CMRG_17268	161
GRCh38_CMRG_19949	161
GRCh38_CMRG_2146	161
GRCh38_CMRG_22967	161
GRCh38_CMRG_25741	161
GRCh38_CMRG_2653	161
GRCh38_CMRG_28303	161
GRCh38_CMRG_32580	161
GRCh38_CMRG_32836	161
GRCh38_CMRG_37421	161
GRCh38_CMRG_38313	161
GRCh38_CMRG_43798	161
GRCh38_CMRG_46309	161
GRCh38_CMRG_48919	161
GRCh38_CMRG_52251	161
GRCh38_CMRG_52745	161
GRCh38_CMRG_53517	161
GRCh38_CMRG_55017	161
GRCh38_CMRG_61098	161
GRCh38_CMRG_61287	161
GRCh38_CMRG_67675	161
GRCh38_CMRG_69684	161
GRCh38_CMRG_70790	161
GRCh38_CMRG_72084	161
GRCh38_CMRG_7357	161
GRCh38_CMRG_75137	161
GRCh38_CMRG_82047	161
GRCh38_CMRG_82183	161
GRCh38_CMRG_82373	161
GRCh38_CMRG_82868	161
GRCh38_CMRG_83045	161
GRCh38_CMRG_8319	161
GRCh38_CMRG_8380	161
GRCh38_CMRG_95	161
GRCh38_CMRG_12857	160
GRCh38_CMRG_16907	160
GRCh38_CMRG_18343	160
GRCh38_CMRG_19845	160
GRCh38_CMRG_22120	160
GRCh38_CMRG_23511	160
GRCh38_CMRG_24290	160
GRCh38_CMRG_2648	160
GRCh38_CMRG_27857	160
GRCh38_CMRG_2797	160
GRCh38_CMRG_28500	160
GRCh38_CMRG_32143	160
GRCh38_CMRG_39084	160
GRCh38_CMRG_40242	160
GRCh38_CMRG_46	160
GRCh38_CMRG_52200	160
GRCh38_CMRG_52401	160
GRCh38_CMRG_52799	160
GRCh38_CMRG_54439	160
GRCh38_CMRG_55468	160
GRCh38_CMRG_59044	160
GRCh38_CMRG_60422	160
GRCh38_CMRG_62493	160
GRCh38_CMRG_68285	160
GRCh38_CMRG_70801	160
GRCh38_CMRG_77401	160
GRCh38_CMRG_77526	160
GRCh38_CMRG_79328	160
GRCh38_CMRG_7945	160
GRCh38_CMRG_7946	160
GRCh38_CMRG_81317	160
GRCh38_CMRG_81623	160
GRCh38_CMRG_81776	160
GRCh38_CMRG_82927	160
GRCh38_CMRG_9386	160
GRCh38_CMRG_11736	159
GRCh38_CMRG_14944	159
GRCh38_CMRG_15488	159
GRCh38_CMRG_20988	159
GRCh38_CMRG_21472	159
GRCh38_CMRG_21826	159
GRCh38_CMRG_24897	159
GRCh38_CMRG_26677	159
GRCh38_CMRG_32777	159
GRCh38_CMRG_32824	159
GRCh38_CMRG_32915	159
GRCh38_CMRG_36454	159
GRCh38_CMRG_40969	159
GRCh38_CMRG_41681	159
GRCh38_CMRG_48551	159
GRCh38_CMRG_49572	159
GRCh38_CMRG_61286	159
GRCh38_CMRG_63992	159
GRCh38_CMRG_64982	159
GRCh38_CMRG_65216	159
GRCh38_CMRG_68248	159
GRCh38_CMRG_69688	159
GRCh38_CMRG_69750	159
GRCh38_CMRG_72133	159
GRCh38_CMRG_9491	159
GRCh38_CMRG_11443	158
GRCh38_CMRG_16825	158
GRCh38_CMRG_17224	158
GRCh38_CMRG_17264	158
GRCh38_CMRG_18401	158
GRCh38_CMRG_2197	158
GRCh38_CMRG_24002	158
GRCh38_CMRG_26292	158
GRCh38_CMRG_30972	158
GRCh38_CMRG_31937	158
GRCh38_CMRG_35830	158
GRCh38_CMRG_38327	158
GRCh38_CMRG_39245	158
GRCh38_CMRG_40195	158
GRCh38_CMRG_44939	158
GRCh38_CMRG_52782	158
GRCh38_CMRG_53645	158
GRCh38_CMRG_60060	158
GRCh38_CMRG_60870	158
GRCh38_CMRG_6172	158
GRCh38_CMRG_72283	158
GRCh38_CMRG_72742	158
GRCh38_CMRG_10867	157
GRCh38_CMRG_17910	157
GRCh38_CMRG_18754	157
GRCh38_CMRG_23844	157
GRCh38_CMRG_27167	157
GRCh38_CMRG_31377	157
GRCh38_CMRG_32827	157
GRCh38_CMRG_39192	157
GRCh38_CMRG_41680	157
GRCh38_CMRG_45887	157
GRCh38_CMRG_49617	157
GRCh38_CMRG_51450	157
GRCh38_CMRG_54763	157
GRCh38_CMRG_64798	157
GRCh38_CMRG_69955	157
GRCh38_CMRG_70085	157
GRCh38_CMRG_80982	157
GRCh38_CMRG_83829	157
GRCh38_CMRG_12211	156
GRCh38_CMRG_1651	156
GRCh38_CMRG_1785	156
GRCh38_CMRG_26578	156
GRCh38_CMRG_38982	156
GRCh38_CMRG_40368	156
GRCh38_CMRG_41493	156
GRCh38_CMRG_43724	156
GRCh38_CMRG_52076	156
GRCh38_CMRG_52079	156
GRCh38_CMRG_53518	156
GRCh38_CMRG_65270	156
GRCh38_CMRG_70728	156
GRCh38_CMRG_70783	156
GRCh38_CMRG_71034	156
GRCh38_CMRG_75274	156
GRCh38_CMRG_76460	156
GRCh38_CMRG_79647	156
GRCh38_CMRG_79998	156
GRCh38_CMRG_8182	156
GRCh38_CMRG_10486	155
GRCh38_CMRG_11659	155
GRCh38_CMRG_17718	155
GRCh38_CMRG_27168	155
GRCh38_CMRG_29272	155
GRCh38_CMRG_33386	155
GRCh38_CMRG_34220	155
GRCh38_CMRG_34326	155
GRCh38_CMRG_35955	155
GRCh38_CMRG_38130	155
GRCh38_CMRG_44259	155
GRCh38_CMRG_45025	155
GRCh38_CMRG_46606	155
GRCh38_CMRG_47458	155
GRCh38_CMRG_48276	155
GRCh38_CMRG_49411	155
GRCh38_CMRG_52284	155
GRCh38_CMRG_58170	155
GRCh38_CMRG_5954	155
GRCh38_CMRG_68388	155
GRCh38_CMRG_69861	155
GRCh38_CMRG_72708	155
GRCh38_CMRG_75165	155
GRCh38_CMRG_81820	155
GRCh38_CMRG_81993	155
GRCh38_CMRG_82978	155
GRCh38_CMRG_8403	155
GRCh38_CMRG_12915	154
GRCh38_CMRG_19619	154
GRCh38_CMRG_23066	154
GRCh38_CMRG_23067	154
GRCh38_CMRG_24072	154
GRCh38_CMRG_28561	154
GRCh38_CMRG_30557	154
GRCh38_CMRG_31356	154
GRCh38_CMRG_32796	154
GRCh38_CMRG_40168	154
GRCh38_CMRG_47399	154
GRCh38_CMRG_48106	154
GRCh38_CMRG_49152	154
GRCh38_CMRG_49217	154
GRCh38_CMRG_49452	154
GRCh38_CMRG_49554	154
GRCh38_CMRG_54304	154
GRCh38_CMRG_54305	154
GRCh38_CMRG_59105	154
GRCh38_CMRG_59106	154
GRCh38_CMRG_63207	154
GRCh38_CMRG_64305	154
GRCh38_CMRG_65823	154
GRCh38_CMRG_6908	154
GRCh38_CMRG_72997	154
GRCh38_CMRG_8057	154
GRCh38_CMRG_84410	154
GRCh38_CMRG_9404	154
GRCh38_CMRG_14258	153
GRCh38_CMRG_17953	153
GRCh38_CMRG_19273	153
GRCh38_CMRG_22006	153
GRCh38_CMRG_23166	153
GRCh38_CMRG_23171	153
GRCh38_CMRG_2387	153
GRCh38_CMRG_24607	153
GRCh38_CMRG_30682	153
GRCh38_CMRG_32524	153
GRCh38_CMRG_38770	153
GRCh38_CMRG_39897	153
GRCh38_CMRG_39898	153
GRCh38_CMRG_42317	153
GRCh38_CMRG_46563	153
GRCh38_CMRG_49146	153
GRCh38_CMRG_50026	153
GRCh38_CMRG_50864	153
GRCh38_CMRG_54832	153
GRCh38_CMRG_55533	153
GRCh38_CMRG_60023	153
GRCh38_CMRG_60070	153
GRCh38_CMRG_629	153
GRCh38_CMRG_64648	153
GRCh38_CMRG_68238	153
GRCh38_CMRG_69748	153
GRCh38_CMRG_70952	153
GRCh38_CMRG_7944	153
GRCh38_CMRG_82252	153
GRCh38_CMRG_9032	153
GRCh38_CMRG_14423	152
GRCh38_CMRG_1498	152
GRCh38_CMRG_24246	152
GRCh38_CMRG_32054	152
GRCh38_CMRG_37901	152
GRCh38_CMRG_39164	152
GRCh38_CMRG_39830	152
GRCh38_CMRG_44871	152
GRCh38_CMRG_45191	152
GRCh38_CMRG_53938	152
GRCh38_CMRG_58333	152
GRCh38_CMRG_6056	152
GRCh38_CMRG_60773	152
GRCh38_CMRG_65239	152
GRCh38_CMRG_6706	152
GRCh38_CMRG_68025	152
GRCh38_CMRG_70966	152
GRCh38_CMRG_71658	152
GRCh38_CMRG_73038	152
GRCh38_CMRG_7744	152
GRCh38_CMRG_77496	152
GRCh38_CMRG_7871	152
GRCh38_CMRG_82537	152
GRCh38_CMRG_9031	152
GRCh38_CMRG_10799	151
GRCh38_CMRG_12858	151
GRCh38_CMRG_13742	151
GRCh38_CMRG_17376	151
GRCh38_CMRG_18591	151
GRCh38_CMRG_19040	151
GRCh38_CMRG_22886	151
GRCh38_CMRG_24572	151
GRCh38_CMRG_30963	151
GRCh38_CMRG_31992	151
GRCh38_CMRG_32293	151
GRCh38_CMRG_32514	151
GRCh38_CMRG_32816	151
GRCh38_CMRG_34519	151
GRCh38_CMRG_39918	151
GRCh38_CMRG_41306	151
GRCh38_CMRG_45016	151
GRCh38_CMRG_59662	151
GRCh38_CMRG_65918	151
GRCh38_CMRG_6782	151
GRCh38_CMRG_68770	151
GRCh38_CMRG_72135	151
GRCh38_CMRG_7830	151
GRCh38_CMRG_83762	151
GRCh38_CMRG_9720	151
GRCh38_CMRG_12282	150
GRCh38_CMRG_21137	150
GRCh38_CMRG_22380	150
GRCh38_CMRG_24786	150
GRCh38_CMRG_24808	150
GRCh38_CMRG_26417	150
GRCh38_CMRG_27225	150
GRCh38_CMRG_31154	150
GRCh38_CMRG_36802	150
GRCh38_CMRG_37863	150
GRCh38_CMRG_41307	150
GRCh38_CMRG_46132	150
GRCh38_CMRG_47191	150
GRCh38_CMRG_50573	150
GRCh38_CMRG_58988	150
GRCh38_CMRG_62417	150
GRCh38_CMRG_65346	150
GRCh38_CMRG_68533	150
GRCh38_CMRG_7026	150
GRCh38_CMRG_70411	150
GRCh38_CMRG_77622	150
GRCh38_CMRG_79315	150
GRCh38_CMRG_7943	150
GRCh38_CMRG_82769	150
GRCh38_CMRG_9236	150
GRCh38_CMRG_11151	149
GRCh38_CMRG_14479	149
GRCh38_CMRG_17562	149
GRCh38_CMRG_20929	149
GRCh38_CMRG_21609	149
GRCh38_CMRG_22024	149
GRCh38_CMRG_25942	149
GRCh38_CMRG_28148	149
GRCh38_CMRG_34197	149
GRCh38_CMRG_36401	149
GRCh38_CMRG_38403	149
GRCh38_CMRG_41748	149
GRCh38_CMRG_45249	149
GRCh38_CMRG_47799	149
GRCh38_CMRG_49408	149
GRCh38_CMRG_51198	149
GRCh38_CMRG_54879	149
GRCh38_CMRG_55289	149
GRCh38_CMRG_55736	149
GRCh38_CMRG_59061	149
GRCh38_CMRG_60441	149
GRCh38_CMRG_61556	149
GRCh38_CMRG_62040	149
GRCh38_CMRG_62531	149
GRCh38_CMRG_71332	149
GRCh38_CMRG_71372	149
GRCh38_CMRG_76642	149
GRCh38_CMRG_76969	149
GRCh38_CMRG_7868	149
GRCh38_CMRG_8124	149
GRCh38_CMRG_83075	149
GRCh38_CMRG_13310	148
GRCh38_CMRG_13502	148
GRCh38_CMRG_18346	148
GRCh38_CMRG_24067	148
GRCh38_CMRG_24294	148
GRCh38_CMRG_24791	148
GRCh38_CMRG_31531	148
GRCh38_CMRG_39255	148
GRCh38_CMRG_41895	148
GRCh38_CMRG_43660	148
GRCh38_CMRG_44230	148
GRCh38_CMRG_45546	148
GRCh38_CMRG_48591	148
GRCh38_CMRG_48910	148
GRCh38_CMRG_55013	148
GRCh38_CMRG_55352	148
GRCh38_CMRG_59007	148
GRCh38_CMRG_59051	148
GRCh38_CMRG_60421	148
GRCh38_CMRG_62375	148
GRCh38_CMRG_63269	148
GRCh38_CMRG_69779	148
GRCh38_CMRG_70735	148
GRCh38_CMRG_74610	148
GRCh38_CMRG_75021	148
GRCh38_CMRG_7828	148
GRCh38_CMRG_79819	148
GRCh38_CMRG_81149	148
GRCh38_CMRG_82418	148
GRCh38_CMRG_8456	148
GRCh38_CMRG_1387	147
GRCh38_CMRG_14085	147
GRCh38_CMRG_14371	147
GRCh38_CMRG_16778	147
GRCh38_CMRG_19041	147
GRCh38_CMRG_19287	147
GRCh38_CMRG_23986	147
GRCh38_CMRG_23990	147
GRCh38_CMRG_28639	147
GRCh38_CMRG_29354	147
GRCh38_CMRG_29974	147
GRCh38_CMRG_33093	147
GRCh38_CMRG_33976	147
GRCh38_CMRG_39076	147
GRCh38_CMRG_42211	147
GRCh38_CMRG_45640	147
GRCh38_CMRG_49149	147
GRCh38_CMRG_49921	147
GRCh38_CMRG_52701	147
GRCh38_CMRG_60558	147
GRCh38_CMRG_64722	147
GRCh38_CMRG_69553	147
GRCh38_CMRG_70495	147
GRCh38_CMRG_72903	147
GRCh38_CMRG_73186	147
GRCh38_CMRG_73934	147
GRCh38_CMRG_77429	147
GRCh38_CMRG_79268	147
GRCh38_CMRG_82546	147
GRCh38_CMRG_83911	147
GRCh38_CMRG_8559	147
GRCh38_CMRG_8569	147
GRCh38_CMRG_18928	146
GRCh38_CMRG_19580	146
GRCh38_CMRG_26005	146
GRCh38_CMRG_29275	146
GRCh38_CMRG_31689	146
GRCh38_CMRG_31993	146
GRCh38_CMRG_32456	146
GRCh38_CMRG_32967	146
GRCh38_CMRG_33116	146
GRCh38_CMRG_34436	146
GRCh38_CMRG_35874	146
GRCh38_CMRG_38074	146
GRCh38_CMRG_49330	146
GRCh38_CMRG_49415	146
GRCh38_CMRG_52917	146
GRCh38_CMRG_53589	146
GRCh38_CMRG_64598	146
GRCh38_CMRG_65577	146
GRCh38_CMRG_67778	146
GRCh38_CMRG_69681	146
GRCh38_CMRG_72688	146
GRCh38_CMRG_74922	146
GRCh38_CMRG_75160	146
GRCh38_CMRG_77555	146
GRCh38_CMRG_8176	146
GRCh38_CMRG_10994	145
GRCh38_CMRG_13230	145
GRCh38_CMRG_13395	145
GRCh38_CMRG_13697	145
GRCh38_CMRG_14176	145
GRCh38_CMRG_1823	145
GRCh38_CMRG_1824	145
GRCh38_CMRG_18528	145
GRCh38_CMRG_19576	145
GRCh38_CMRG_2070	145
GRCh38_CMRG_24071	145
GRCh38_CMRG_25912	145
GRCh38_CMRG_28313	145
GRCh38_CMRG_28314	145
GRCh38_CMRG_32788	145
GRCh38_CMRG_36471	145
GRCh38_CMRG_37823	145
GRCh38_CMRG_38385	145
GRCh38_CMRG_38459	145
GRCh38_CMRG_41017	145
GRCh38_CMRG_42072	145
GRCh38_CMRG_425	145
GRCh38_CMRG_44010	145
GRCh38_CMRG_45186	145
GRCh38_CMRG_49522	145
GRCh38_CMRG_508	145
GRCh38_CMRG_52346	145
GRCh38_CMRG_63346	145
GRCh38_CMRG_65143	145
GRCh38_CMRG_67038	145
GRCh38_CMRG_72023	145
GRCh38_CMRG_73957	145
GRCh38_CMRG_76643	145
GRCh38_CMRG_76799	145
GRCh38_CMRG_77176	145
GRCh38_CMRG_7809	145
GRCh38_CMRG_78979	145
GRCh38_CMRG_79987	145
GRCh38_CMRG_79988	145
GRCh38_CMRG_80818	145
GRCh38_CMRG_82370	145
GRCh38_CMRG_82471	145
GRCh38_CMRG_84283	145
GRCh38_CMRG_8866	145
GRCh38_CMRG_1327	144
GRCh38_CMRG_16828	144
GRCh38_CMRG_22010	144
GRCh38_CMRG_22370	144
GRCh38_CMRG_23167	144
GRCh38_CMRG_23928	144
GRCh38_CMRG_23975	144
GRCh38_CMRG_24033	144
GRCh38_CMRG_27531	144
GRCh38_CMRG_29276	144
GRCh38_CMRG_35901	144
GRCh38_CMRG_38526	144
GRCh38_CMRG_41946	144
GRCh38_CMRG_52413	144
GRCh38_CMRG_52516	144
GRCh38_CMRG_52781	144
GRCh38_CMRG_64652	144
GRCh38_CMRG_68106	144
GRCh38_CMRG_68926	144
GRCh38_CMRG_70386	144
GRCh38_CMRG_70641	144
GRCh38_CMRG_72210	144
GRCh38_CMRG_72211	144
GRCh38_CMRG_75674	144
GRCh38_CMRG_77494	144
GRCh38_CMRG_77586	144
GRCh38_CMRG_81986	144
GRCh38_CMRG_17851	143
GRCh38_CMRG_18472	143
GRCh38_CMRG_22432	143
GRCh38_CMRG_23847	143
GRCh38_CMRG_23935	143
GRCh38_CMRG_23982	143
GRCh38_CMRG_30688	143
GRCh38_CMRG_33244	143
GRCh38_CMRG_36278	143
GRCh38_CMRG_41624	143
GRCh38_CMRG_45942	143
GRCh38_CMRG_49403	143
GRCh38_CMRG_6355	143
GRCh38_CMRG_6455	143
GRCh38_CMRG_71759	143
GRCh38_CMRG_72180	143
GRCh38_CMRG_77574	143
GRCh38_CMRG_82110	143
GRCh38_CMRG_12223	142
GRCh38_CMRG_12281	142
GRCh38_CMRG_1674	142
GRCh38_CMRG_22517	142
GRCh38_CMRG_22659	142
GRCh38_CMRG_23751	142
GRCh38_CMRG_23849	142
GRCh38_CMRG_24863	142
GRCh38_CMRG_24890	142
GRCh38_CMRG_27662	142
GRCh38_CMRG_32284	142
GRCh38_CMRG_32298	142
GRCh38_CMRG_33396	142
GRCh38_CMRG_48786	142
GRCh38_CMRG_53716	142
GRCh38_CMRG_54633	142
GRCh38_CMRG_61596	142
GRCh38_CMRG_61764	142
GRCh38_CMRG_6363	142
GRCh38_CMRG_65998	142
GRCh38_CMRG_67280	142
GRCh38_CMRG_67281	142
GRCh38_CMRG_74896	142
GRCh38_CMRG_75250	142
GRCh38_CMRG_76653	142
GRCh38_CMRG_13893	141
GRCh38_CMRG_150	141
GRCh38_CMRG_152	141
GRCh38_CMRG_1524	141
GRCh38_CMRG_22532	141
GRCh38_CMRG_23017	141
GRCh38_CMRG_26214	141
GRCh38_CMRG_32331	141
GRCh38_CMRG_33617	141
GRCh38_CMRG_35886	141
GRCh38_CMRG_44784	141
GRCh38_CMRG_45244	141
GRCh38_CMRG_45346	141
GRCh38_CMRG_47821	141
GRCh38_CMRG_49521	141
GRCh38_CMRG_51021	141
GRCh38_CMRG_51685	141
GRCh38_CMRG_55427	141
GRCh38_CMRG_61541	141
GRCh38_CMRG_62509	141
GRCh38_CMRG_6375	141
GRCh38_CMRG_65336	141
GRCh38_CMRG_70574	141
GRCh38_CMRG_71710	141
GRCh38_CMRG_72010	141
GRCh38_CMRG_72782	141
GRCh38_CMRG_75235	141
GRCh38_CMRG_77090	141
GRCh38_CMRG_77172	141
GRCh38_CMRG_79649	141
GRCh38_CMRG_82517	141
GRCh38_CMRG_83986	141
GRCh38_CMRG_12280	140
GRCh38_CMRG_18150	140
GRCh38_CMRG_18891	140
GRCh38_CMRG_19825	140
GRCh38_CMRG_24526	140
GRCh38_CMRG_29160	140
GRCh38_CMRG_32904	140
GRCh38_CMRG_34369	140
GRCh38_CMRG_37912	140
GRCh38_CMRG_44054	140
GRCh38_CMRG_45764	140
GRCh38_CMRG_46370	140
GRCh38_CMRG_48987	140
GRCh38_CMRG_48991	140
GRCh38_CMRG_493	140
GRCh38_CMRG_50167	140
GRCh38_CMRG_50168	140
GRCh38_CMRG_51178	140
GRCh38_CMRG_52201	140
GRCh38_CMRG_53628	140
GRCh38_CMRG_59611	140
GRCh38_CMRG_6229	140
GRCh38_CMRG_62343	140
GRCh38_CMRG_69695	140
GRCh38_CMRG_73219	140
GRCh38_CMRG_74884	140
GRCh38_CMRG_74894	140
GRCh38_CMRG_77557	140
GRCh38_CMRG_7832	140
GRCh38_CMRG_81961	140
GRCh38_CMRG_8694	140
GRCh38_CMRG_8695	140
GRCh38_CMRG_11813	139
GRCh38_CMRG_12260	139
GRCh38_CMRG_13095	139
GRCh38_CMRG_15596	139
GRCh38_CMRG_24608	139
GRCh38_CMRG_27681	139
GRCh38_CMRG_27856	139
GRCh38_CMRG_28838	139
GRCh38_CMRG_28956	139
GRCh38_CMRG_29320	139
GRCh38_CMRG_30994	139
GRCh38_CMRG_30995	139
GRCh38_CMRG_32005	139
GRCh38_CMRG_32455	139
GRCh38_CMRG_45198	139
GRCh38_CMRG_49580	139
GRCh38_CMRG_50041	139
GRCh38_CMRG_65104	139
GRCh38_CMRG_65187	139
GRCh38_CMRG_67670	139
GRCh38_CMRG_68145	139
GRCh38_CMRG_69679	139
GRCh38_CMRG_79954	139
GRCh38_CMRG_83649	139
GRCh38_CMRG_10851	138
GRCh38_CMRG_13961	138
GRCh38_CMRG_18292	138
GRCh38_CMRG_19422	138
GRCh38_CMRG_29292	138
GRCh38_CMRG_30798	138
GRCh38_CMRG_31600	138
GRCh38_CMRG_32312	138
GRCh38_CMRG_38544	138
GRCh38_CMRG_39791	138
GRCh38_CMRG_46453	138
GRCh38_CMRG_46605	138
GRCh38_CMRG_49292	138
GRCh38_CMRG_49548	138
GRCh38_CMRG_49699	138
GRCh38_CMRG_51109	138
GRCh38_CMRG_53882	138
GRCh38_CMRG_53946	138
GRCh38_CMRG_59399	138
GRCh38_CMRG_59432	138
GRCh38_CMRG_59854	138
GRCh38_CMRG_62084	138
GRCh38_CMRG_64895	138
GRCh38_CMRG_7457	138
GRCh38_CMRG_82472	138
GRCh38_CMRG_11686	137
GRCh38_CMRG_13959	137
GRCh38_CMRG_17546	137
GRCh38_CMRG_21613	137
GRCh38_CMRG_29668	137
GRCh38_CMRG_34659	137
GRCh38_CMRG_38133	137
GRCh38_CMRG_43989	137
GRCh38_CMRG_44063	137
GRCh38_CMRG_48515	137
GRCh38_CMRG_49407	137
GRCh38_CMRG_54148	137
GRCh38_CMRG_55575	137
GRCh38_CMRG_55600	137
GRCh38_CMRG_58651	137
GRCh38_CMRG_6171	137
GRCh38_CMRG_65268	137
GRCh38_CMRG_67495	137
GRCh38_CMRG_68817	137
GRCh38_CMRG_70870	137
GRCh38_CMRG_72599	137
GRCh38_CMRG_73037	137
GRCh38_CMRG_80826	137
GRCh38_CMRG_13758	136
GRCh38_CMRG_14335	136
GRCh38_CMRG_16513	136
GRCh38_CMRG_17734	136
GRCh38_CMRG_18924	136
GRCh38_CMRG_23312	136
GRCh38_CMRG_24452	136
GRCh38_CMRG_30653	136
GRCh38_CMRG_31471	136
GRCh38_CMRG_33648	136
GRCh38_CMRG_37498	136
GRCh38_CMRG_38219	136
GRCh38_CMRG_40456	136
GRCh38_CMRG_43710	136
GRCh38_CMRG_44072	136
GRCh38_CMRG_44073	136
GRCh38_CMRG_45199	136
GRCh38_CMRG_47125	136
GRCh38_CMRG_49495	136
GRCh38_CMRG_49551	136
GRCh38_CMRG_49846	136
GRCh38_CMRG_50396	136
GRCh38_CMRG_52114	136
GRCh38_CMRG_62205	136
GRCh38_CMRG_65174	136
GRCh38_CMRG_69064	136
GRCh38_CMRG_73025	136
GRCh38_CMRG_75009	136
GRCh38_CMRG_82578	136
GRCh38_CMRG_8458	136
GRCh38_CMRG_11930	135
GRCh38_CMRG_1363	135
GRCh38_CMRG_15001	135
GRCh38_CMRG_18551	135
GRCh38_CMRG_18861	135
GRCh38_CMRG_23274	135
GRCh38_CMRG_23606	135
GRCh38_CMRG_24242	135
GRCh38_CMRG_26016	135
GRCh38_CMRG_27371	135
GRCh38_CMRG_31990	135
GRCh38_CMRG_31991	135
GRCh38_CMRG_47882	135
GRCh38_CMRG_61962	135
GRCh38_CMRG_64855	135
GRCh38_CMRG_64873	135
GRCh38_CMRG_65161	135
GRCh38_CMRG_67439	135
GRCh38_CMRG_6769	135
GRCh38_CMRG_68282	135
GRCh38_CMRG_68389	135
GRCh38_CMRG_79686	135
GRCh38_CMRG_81855	135
GRCh38_CMRG_84007	135
GRCh38_CMRG_16649	134
GRCh38_CMRG_18339	134
GRCh38_CMRG_23673	134
GRCh38_CMRG_27263	134
GRCh38_CMRG_30799	134
GRCh38_CMRG_32872	134
GRCh38_CMRG_36790	134
GRCh38_CMRG_37365	134
GRCh38_CMRG_41730	134
GRCh38_CMRG_42025	134
GRCh38_CMRG_43952	134
GRCh38_CMRG_51127	134
GRCh38_CMRG_55562	134
GRCh38_CMRG_65784	134
GRCh38_CMRG_68520	134
GRCh38_CMRG_70155	134
GRCh38_CMRG_70742	134
GRCh38_CMRG_73382	134
GRCh38_CMRG_82844	134
GRCh38_CMRG_8925	134
GRCh38_CMRG_11241	133
GRCh38_CMRG_13300	133
GRCh38_CMRG_14163	133
GRCh38_CMRG_28301	133
GRCh38_CMRG_28784	133
GRCh38_CMRG_31505	133
GRCh38_CMRG_37685	133
GRCh38_CMRG_39793	133
GRCh38_CMRG_40016	133
GRCh38_CMRG_41669	133
GRCh38_CMRG_48655	133
GRCh38_CMRG_48901	133
GRCh38_CMRG_49020	133
GRCh38_CMRG_50200	133
GRCh38_CMRG_55318	133
GRCh38_CMRG_70045	133
GRCh38_CMRG_72140	133
GRCh38_CMRG_72486	133
GRCh38_CMRG_74900	133
GRCh38_CMRG_75557	133
GRCh38_CMRG_79379	133
GRCh38_CMRG_81206	133
GRCh38_CMRG_83743	133
GRCh38_CMRG_83761	133
GRCh38_CMRG_83841	133
GRCh38_CMRG_13638	132
GRCh38_CMRG_17853	132
GRCh38_CMRG_19803	132
GRCh38_CMRG_28115	132
GRCh38_CMRG_31297	132
GRCh38_CMRG_36595	132
GRCh38_CMRG_36811	132
GRCh38_CMRG_37802	132
GRCh38_CMRG_39856	132
GRCh38_CMRG_41015	132
GRCh38_CMRG_45518	132
GRCh38_CMRG_48833	132
GRCh38_CMRG_49414	132
GRCh38_CMRG_58596	132
GRCh38_CMRG_59141	132
GRCh38_CMRG_63308	132
GRCh38_CMRG_65083	132
GRCh38_CMRG_65094	132
GRCh38_CMRG_65233	132
GRCh38_CMRG_67008	132
GRCh38_CMRG_67083	132
GRCh38_CMRG_68927	132
GRCh38_CMRG_69751	132
GRCh38_CMRG_71900	132
GRCh38_CMRG_72784	132
GRCh38_CMRG_72960	132
GRCh38_CMRG_73639	132
GRCh38_CMRG_7913	132
GRCh38_CMRG_8228	132
GRCh38_CMRG_82579	132
GRCh38_CMRG_83610	132
GRCh38_CMRG_84504	132
GRCh38_CMRG_13953	131
GRCh38_CMRG_165	131
GRCh38_CMRG_20993	131
GRCh38_CMRG_32339	131
GRCh38_CMRG_46281	131
GRCh38_CMRG_47508	131
GRCh38_CMRG_48914	131
GRCh38_CMRG_491	131
GRCh38_CMRG_49537	131
GRCh38_CMRG_53615	131
GRCh38_CMRG_53956	131
GRCh38_CMRG_58266	131
GRCh38_CMRG_60467	131
GRCh38_CMRG_60468	131
GRCh38_CMRG_62612	131
GRCh38_CMRG_64980	131
GRCh38_CMRG_67821	131
GRCh38_CMRG_68618	131
GRCh38_CMRG_68674	131
GRCh38_CMRG_69899	131
GRCh38_CMRG_73283	131
GRCh38_CMRG_73758	131
GRCh38_CMRG_79276	131
GRCh38_CMRG_81326	131
GRCh38_CMRG_82367	131
GRCh38_CMRG_13894	130
GRCh38_CMRG_23945	130
GRCh38_CMRG_24247	130
GRCh38_CMRG_26337	130
GRCh38_CMRG_28880	130
GRCh38_CMRG_32802	130
GRCh38_CMRG_34354	130
GRCh38_CMRG_34704	130
GRCh38_CMRG_36629	130
GRCh38_CMRG_38546	130
GRCh38_CMRG_45187	130
GRCh38_CMRG_45220	130
GRCh38_CMRG_45868	130
GRCh38_CMRG_48858	130
GRCh38_CMRG_48989	130
GRCh38_CMRG_58332	130
GRCh38_CMRG_61759	130
GRCh38_CMRG_64973	130
GRCh38_CMRG_67881	130
GRCh38_CMRG_70371	130
GRCh38_CMRG_70508	130
GRCh38_CMRG_72771	130
GRCh38_CMRG_73383	130
GRCh38_CMRG_79323	130
GRCh38_CMRG_8215	130
GRCh38_CMRG_82782	130
GRCh38_CMRG_9696	130
GRCh38_CMRG_11269	129
GRCh38_CMRG_13163	129
GRCh38_CMRG_15521	129
GRCh38_CMRG_17075	129
GRCh38_CMRG_21345	129
GRCh38_CMRG_26983	129
GRCh38_CMRG_27409	129
GRCh38_CMRG_32902	129
GRCh38_CMRG_36775	129
GRCh38_CMRG_38493	129
GRCh38_CMRG_48110	129
GRCh38_CMRG_53844	129
GRCh38_CMRG_55544	129
GRCh38_CMRG_59139	129
GRCh38_CMRG_5984	129
GRCh38_CMRG_60171	129
GRCh38_CMRG_60190	129
GRCh38_CMRG_60925	129
GRCh38_CMRG_61512	129
GRCh38_CMRG_67338	129
GRCh38_CMRG_71083	129
GRCh38_CMRG_82781	129
GRCh38_CMRG_84364	129
GRCh38_CMRG_84507	129
GRCh38_CMRG_12945	128
GRCh38_CMRG_13164	128
GRCh38_CMRG_14170	128
GRCh38_CMRG_23759	128
GRCh38_CMRG_24137	128
GRCh38_CMRG_27170	128
GRCh38_CMRG_2737	128
GRCh38_CMRG_30749	128
GRCh38_CMRG_38471	128
GRCh38_CMRG_39837	128
GRCh38_CMRG_47699	128
GRCh38_CMRG_52211	128
GRCh38_CMRG_54006	128
GRCh38_CMRG_59120	128
GRCh38_CMRG_59184	128
GRCh38_CMRG_60974	128
GRCh38_CMRG_67090	128
GRCh38_CMRG_68045	128
GRCh38_CMRG_69708	128
GRCh38_CMRG_72710	128
GRCh38_CMRG_72777	128
GRCh38_CMRG_77111	128
GRCh38_CMRG_82355	128
GRCh38_CMRG_9205	128
GRCh38_CMRG_17374	127
GRCh38_CMRG_17375	127
GRCh38_CMRG_17861	127
GRCh38_CMRG_18204	127
GRCh38_CMRG_18553	127
GRCh38_CMRG_22716	127
GRCh38_CMRG_26793	127
GRCh38_CMRG_37267	127
GRCh38_CMRG_39454	127
GRCh38_CMRG_470	127
GRCh38_CMRG_48173	127
GRCh38_CMRG_49738	127
GRCh38_CMRG_51224	127
GRCh38_CMRG_55319	127
GRCh38_CMRG_5815	127
GRCh38_CMRG_6753	127
GRCh38_CMRG_7632	127
GRCh38_CMRG_7866	127
GRCh38_CMRG_81694	127
GRCh38_CMRG_82378	127
GRCh38_CMRG_10969	126
GRCh38_CMRG_10970	126
GRCh38_CMRG_1867	126
GRCh38_CMRG_21824	126
GRCh38_CMRG_23471	126
GRCh38_CMRG_32835	126
GRCh38_CMRG_39256	126
GRCh38_CMRG_39792	126
GRCh38_CMRG_44165	126
GRCh38_CMRG_47886	126
GRCh38_CMRG_47887	126
GRCh38_CMRG_49555	126
GRCh38_CMRG_53283	126
GRCh38_CMRG_58520	126
GRCh38_CMRG_59056	126
GRCh38_CMRG_61682	126
GRCh38_CMRG_63448	126
GRCh38_CMRG_63813	126
GRCh38_CMRG_67131	126
GRCh38_CMRG_69689	126
GRCh38_CMRG_70179	126
GRCh38_CMRG_71450	126
GRCh38_CMRG_74434	126
GRCh38_CMRG_75454	126
GRCh38_CMRG_80955	126
GRCh38_CMRG_80978	126
GRCh38_CMRG_10958	125
GRCh38_CMRG_12685	125
GRCh38_CMRG_1328	125
GRCh38_CMRG_17876	125
GRCh38_CMRG_18175	125
GRCh38_CMRG_18587	125
GRCh38_CMRG_24274	125
GRCh38_CMRG_29130	125
GRCh38_CMRG_41553	125
GRCh38_CMRG_45372	125
GRCh38_CMRG_45388	125
GRCh38_CMRG_6420	125
GRCh38_CMRG_67679	125
GRCh38_CMRG_69698	125
GRCh38_CMRG_70492	125
GRCh38_CMRG_71186	125
GRCh38_CMRG_79678	125
GRCh38_CMRG_79716	125
GRCh38_CMRG_8126	125
GRCh38_CMRG_84036	125
GRCh38_CMRG_8850	125
GRCh38_CMRG_11877	124
GRCh38_CMRG_1292	124
GRCh38_CMRG_13924	124
GRCh38_CMRG_14253	124
GRCh38_CMRG_14916	124
GRCh38_CMRG_19543	124
GRCh38_CMRG_21377	124
GRCh38_CMRG_22445	124
GRCh38_CMRG_23890	124
GRCh38_CMRG_26379	124
GRCh38_CMRG_28489	124
GRCh38_CMRG_32330	124
GRCh38_CMRG_37239	124
GRCh38_CMRG_43738	124
GRCh38_CMRG_48267	124
GRCh38_CMRG_48443	124
GRCh38_CMRG_48679	124
GRCh38_CMRG_61258	124
GRCh38_CMRG_65277	124
GRCh38_CMRG_68126	124
GRCh38_CMRG_71451	124
GRCh38_CMRG_81268	124
GRCh38_CMRG_82524	124
GRCh38_CMRG_82779	124
GRCh38_CMRG_83216	124
GRCh38_CMRG_8393	124
GRCh38_CMRG_10831	123
GRCh38_CMRG_11579	123
GRCh38_CMRG_12043	123
GRCh38_CMRG_13541	123
GRCh38_CMRG_1557	123
GRCh38_CMRG_22030	123
GRCh38_CMRG_23454	123
GRCh38_CMRG_25765	123
GRCh38_CMRG_33897	123
GRCh38_CMRG_34740	123
GRCh38_CMRG_36095	123
GRCh38_CMRG_45124	123
GRCh38_CMRG_45125	123
GRCh38_CMRG_49053	123
GRCh38_CMRG_62487	123
GRCh38_CMRG_64009	123
GRCh38_CMRG_64850	123
GRCh38_CMRG_67040	123
GRCh38_CMRG_67079	123
GRCh38_CMRG_71031	123
GRCh38_CMRG_72495	123
GRCh38_CMRG_72693	123
GRCh38_CMRG_72964	123
GRCh38_CMRG_73686	123
GRCh38_CMRG_76795	123
GRCh38_CMRG_79263	123
GRCh38_CMRG_81359	123
GRCh38_CMRG_9201	123
GRCh38_CMRG_10748	122
GRCh38_CMRG_11817	122
GRCh38_CMRG_14148	122
GRCh38_CMRG_14718	122
GRCh38_CMRG_18840	122
GRCh38_CMRG_24508	122
GRCh38_CMRG_34486	122
GRCh38_CMRG_36480	122
GRCh38_CMRG_37961	122
GRCh38_CMRG_65062	122
GRCh38_CMRG_71386	122
GRCh38_CMRG_72466	122
GRCh38_CMRG_77217	122
GRCh38_CMRG_83573	122
GRCh38_CMRG_10829	121
GRCh38_CMRG_13256	121
GRCh38_CMRG_16878	121
GRCh38_CMRG_17141	121
GRCh38_CMRG_19275	121
GRCh38_CMRG_30849	121
GRCh38_CMRG_31010	121
GRCh38_CMRG_31582	121
GRCh38_CMRG_32209	121
GRCh38_CMRG_32629	121
GRCh38_CMRG_33057	121
GRCh38_CMRG_33061	121
GRCh38_CMRG_33085	121
GRCh38_CMRG_34423	121
GRCh38_CMRG_35855	121
GRCh38_CMRG_40268	121
GRCh38_CMRG_41679	121
GRCh38_CMRG_42579	121
GRCh38_CMRG_44536	121
GRCh38_CMRG_48434	121
GRCh38_CMRG_49360	121
GRCh38_CMRG_50463	121
GRCh38_CMRG_51649	121
GRCh38_CMRG_52973	121
GRCh38_CMRG_55460	121
GRCh38_CMRG_58094	121
GRCh38_CMRG_61478	121
GRCh38_CMRG_63268	121
GRCh38_CMRG_65627	121
GRCh38_CMRG_67969	121
GRCh38_CMRG_75332	121
GRCh38_CMRG_7867	121
GRCh38_CMRG_79586	121
GRCh38_CMRG_81345	121
GRCh38_CMRG_84188	121
GRCh38_CMRG_9275	121
GRCh38_CMRG_10732	120
GRCh38_CMRG_15541	120
GRCh38_CMRG_17335	120
GRCh38_CMRG_17443	120
GRCh38_CMRG_23213	120
GRCh38_CMRG_24054	120
GRCh38_CMRG_32968	120
GRCh38_CMRG_36077	120
GRCh38_CMRG_37667	120
GRCh38_CMRG_45211	120
GRCh38_CMRG_45215	120
GRCh38_CMRG_48513	120
GRCh38_CMRG_49140	120
GRCh38_CMRG_49412	120
GRCh38_CMRG_53009	120
GRCh38_CMRG_54401	120
GRCh38_CMRG_58491	120
GRCh38_CMRG_60097	120
GRCh38_CMRG_6185	120
GRCh38_CMRG_64434	120
GRCh38_CMRG_64891	120
GRCh38_CMRG_70250	120
GRCh38_CMRG_70488	120
GRCh38_CMRG_73265	120
GRCh38_CMRG_76674	120
GRCh38_CMRG_81349	120
GRCh38_CMRG_81533	120
GRCh38_CMRG_81619	120
GRCh38_CMRG_82071	120
GRCh38_CMRG_82439	120
GRCh38_CMRG_83086	120
GRCh38_CMRG_83757	120
GRCh38_CMRG_14030	119
GRCh38_CMRG_14411	119
GRCh38_CMRG_16499	119
GRCh38_CMRG_18342	119
GRCh38_CMRG_19042	119
GRCh38_CMRG_21845	119
GRCh38_CMRG_2605	119
GRCh38_CMRG_26652	119
GRCh38_CMRG_31730	119
GRCh38_CMRG_32936	119
GRCh38_CMRG_34124	119
GRCh38_CMRG_41446	119
GRCh38_CMRG_43709	119
GRCh38_CMRG_46126	119
GRCh38_CMRG_54959	119
GRCh38_CMRG_61469	119
GRCh38_CMRG_63426	119
GRCh38_CMRG_72493	119
GRCh38_CMRG_72753	119
GRCh38_CMRG_72822	119
GRCh38_CMRG_7349	119
GRCh38_CMRG_80002	119
GRCh38_CMRG_10580	118
GRCh38_CMRG_18972	118
GRCh38_CMRG_21967	118
GRCh38_CMRG_23169	118
GRCh38_CMRG_24124	118
GRCh38_CMRG_24398	118
GRCh38_CMRG_26366	118
GRCh38_CMRG_28152	118
GRCh38_CMRG_29983	118
GRCh38_CMRG_30052	118
GRCh38_CMRG_33666	118
GRCh38_CMRG_35875	118
GRCh38_CMRG_35900	118
GRCh38_CMRG_444	118
GRCh38_CMRG_45754	118
GRCh38_CMRG_50559	118
GRCh38_CMRG_58760	118
GRCh38_CMRG_62615	118
GRCh38_CMRG_65179	118
GRCh38_CMRG_68687	118
GRCh38_CMRG_73266	118
GRCh38_CMRG_76769	118
GRCh38_CMRG_76770	118
GRCh38_CMRG_76974	118
GRCh38_CMRG_77544	118
GRCh38_CMRG_82618	118
GRCh38_CMRG_11781	117
GRCh38_CMRG_12940	117
GRCh38_CMRG_15108	117
GRCh38_CMRG_16765	117
GRCh38_CMRG_18295	117
GRCh38_CMRG_24106	117
GRCh38_CMRG_25051	117
GRCh38_CMRG_25271	117
GRCh38_CMRG_33062	117
GRCh38_CMRG_33430	117
GRCh38_CMRG_38304	117
GRCh38_CMRG_41217	117
GRCh38_CMRG_54218	117
GRCh38_CMRG_54908	117
GRCh38_CMRG_54981	117
GRCh38_CMRG_58626	117
GRCh38_CMRG_59025	117
GRCh38_CMRG_76975	117
GRCh38_CMRG_77254	117
GRCh38_CMRG_77406	117
GRCh38_CMRG_77543	117
GRCh38_CMRG_7782	117
GRCh38_CMRG_83821	117
GRCh38_CMRG_83961	117
GRCh38_CMRG_8952	117
GRCh38_CMRG_9439	117
GRCh38_CMRG_14481	116
GRCh38_CMRG_18454	116
GRCh38_CMRG_25929	116
GRCh38_CMRG_29212	116
GRCh38_CMRG_32775	116
GRCh38_CMRG_33063	116
GRCh38_CMRG_33265	116
GRCh38_CMRG_33429	116
GRCh38_CMRG_38300	116
GRCh38_CMRG_41813	116
GRCh38_CMRG_42547	116
GRCh38_CMRG_44109	116
GRCh38_CMRG_45507	116
GRCh38_CMRG_49144	116
GRCh38_CMRG_50201	116
GRCh38_CMRG_53073	116
GRCh38_CMRG_54766	116
GRCh38_CMRG_59687	116
GRCh38_CMRG_62280	116
GRCh38_CMRG_68256	116
GRCh38_CMRG_68474	116
GRCh38_CMRG_69703	116
GRCh38_CMRG_71417	116
GRCh38_CMRG_73262	116
GRCh38_CMRG_75540	116
GRCh38_CMRG_79129	116
GRCh38_CMRG_84044	116
GRCh38_CMRG_8997	116
GRCh38_CMRG_8998	116
GRCh38_CMRG_10907	115
GRCh38_CMRG_1736	115
GRCh38_CMRG_19358	115
GRCh38_CMRG_1989	115
GRCh38_CMRG_22608	115
GRCh38_CMRG_23371	115
GRCh38_CMRG_24344	115
GRCh38_CMRG_25276	115
GRCh38_CMRG_2637	115
GRCh38_CMRG_26681	115
GRCh38_CMRG_27577	115
GRCh38_CMRG_28488	115
GRCh38_CMRG_29213	115
GRCh38_CMRG_31347	115
GRCh38_CMRG_32705	115
GRCh38_CMRG_40885	115
GRCh38_CMRG_41478	115
GRCh38_CMRG_421	115
GRCh38_CMRG_43690	115
GRCh38_CMRG_48809	115
GRCh38_CMRG_58627	115
GRCh38_CMRG_61259	115
GRCh38_CMRG_61768	115
GRCh38_CMRG_67294	115
GRCh38_CMRG_71999	115
GRCh38_CMRG_72458	115
GRCh38_CMRG_73306	115
GRCh38_CMRG_75668	115
GRCh38_CMRG_79033	115
GRCh38_CMRG_7923	115
GRCh38_CMRG_79924	115
GRCh38_CMRG_81404	115
GRCh38_CMRG_8149	115
GRCh38_CMRG_81685	115
GRCh38_CMRG_82085	115
GRCh38_CMRG_82310	115
GRCh38_CMRG_82945	115
GRCh38_CMRG_8378	115
GRCh38_CMRG_13687	114
GRCh38_CMRG_14010	114
GRCh38_CMRG_18167	114
GRCh38_CMRG_23238	114
GRCh38_CMRG_24038	114
GRCh38_CMRG_2591	114
GRCh38_CMRG_26009	114
GRCh38_CMRG_32633	114
GRCh38_CMRG_33737	114
GRCh38_CMRG_34674	114
GRCh38_CMRG_36211	114
GRCh38_CMRG_39604	114
GRCh38_CMRG_40830	114
GRCh38_CMRG_40831	114
GRCh38_CMRG_51618	114
GRCh38_CMRG_55420	114
GRCh38_CMRG_55452	114
GRCh38_CMRG_6021	114
GRCh38_CMRG_60547	114
GRCh38_CMRG_60823	114
GRCh38_CMRG_62441	114
GRCh38_CMRG_62498	114
GRCh38_CMRG_63340	114
GRCh38_CMRG_64646	114
GRCh38_CMRG_68281	114
GRCh38_CMRG_70384	114
GRCh38_CMRG_72532	114
GRCh38_CMRG_7549	114
GRCh38_CMRG_79544	114
GRCh38_CMRG_8297	114
GRCh38_CMRG_84098	114
GRCh38_CMRG_11692	113
GRCh38_CMRG_11886	113
GRCh38_CMRG_23589	113
GRCh38_CMRG_27546	113
GRCh38_CMRG_28641	113
GRCh38_CMRG_29337	113
GRCh38_CMRG_31720	113
GRCh38_CMRG_34732	113
GRCh38_CMRG_37508	113
GRCh38_CMRG_47524	113
GRCh38_CMRG_48580	113
GRCh38_CMRG_49043	113
GRCh38_CMRG_59971	113
GRCh38_CMRG_69351	113
GRCh38_CMRG_71104	113
GRCh38_CMRG_71182	113
GRCh38_CMRG_72561	113
GRCh38_CMRG_72706	113
GRCh38_CMRG_72719	113
GRCh38_CMRG_73307	113
GRCh38_CMRG_73578	113
GRCh38_CMRG_75403	113
GRCh38_CMRG_7598	113
GRCh38_CMRG_77620	113
GRCh38_CMRG_79022	113
GRCh38_CMRG_84579	113
GRCh38_CMRG_11045	112
GRCh38_CMRG_12168	112
GRCh38_CMRG_13397	112
GRCh38_CMRG_17098	112
GRCh38_CMRG_1969	112
GRCh38_CMRG_20840	112
GRCh38_CMRG_22856	112
GRCh38_CMRG_22984	112
GRCh38_CMRG_23948	112
GRCh38_CMRG_26937	112
GRCh38_CMRG_29163	112
GRCh38_CMRG_30556	112
GRCh38_CMRG_31630	112
GRCh38_CMRG_32434	112
GRCh38_CMRG_32877	112
GRCh38_CMRG_33421	112
GRCh38_CMRG_34260	112
GRCh38_CMRG_36376	112
GRCh38_CMRG_37836	112
GRCh38_CMRG_398	112
GRCh38_CMRG_39911	112
GRCh38_CMRG_41723	112
GRCh38_CMRG_45692	112
GRCh38_CMRG_49309	112
GRCh38_CMRG_50891	112
GRCh38_CMRG_50892	112
GRCh38_CMRG_55532	112
GRCh38_CMRG_65337	112
GRCh38_CMRG_6710	112
GRCh38_CMRG_69038	112
GRCh38_CMRG_6940	112
GRCh38_CMRG_70071	112
GRCh38_CMRG_73424	112
GRCh38_CMRG_73584	112
GRCh38_CMRG_76457	112
GRCh38_CMRG_79607	112
GRCh38_CMRG_82474	112
GRCh38_CMRG_83254	112
GRCh38_CMRG_9166	112
GRCh38_CMRG_9470	112
GRCh38_CMRG_21569	111
GRCh38_CMRG_24266	111
GRCh38_CMRG_30960	111
GRCh38_CMRG_33058	111
GRCh38_CMRG_34563	111
GRCh38_CMRG_34564	111
GRCh38_CMRG_38122	111
GRCh38_CMRG_39650	111
GRCh38_CMRG_40956	111
GRCh38_CMRG_43984	111
GRCh38_CMRG_46219	111
GRCh38_CMRG_48583	111
GRCh38_CMRG_51261	111
GRCh38_CMRG_53961	111
GRCh38_CMRG_64145	111
GRCh38_CMRG_67196	111
GRCh38_CMRG_69898	111
GRCh38_CMRG_72910	111
GRCh38_CMRG_74612	111
GRCh38_CMRG_74781	111
GRCh38_CMRG_79130	111
GRCh38_CMRG_79869	111
GRCh38_CMRG_79898	111
GRCh38_CMRG_8052	111
GRCh38_CMRG_82968	111
GRCh38_CMRG_8317	111
GRCh38_CMRG_9485	111
GRCh38_CMRG_13640	110
GRCh38_CMRG_24836	110
GRCh38_CMRG_25968	110
GRCh38_CMRG_31004	110
GRCh38_CMRG_33216	110
GRCh38_CMRG_36083	110
GRCh38_CMRG_36621	110
GRCh38_CMRG_36672	110
GRCh38_CMRG_36673	110
GRCh38_CMRG_37507	110
GRCh38_CMRG_41649	110
GRCh38_CMRG_45184	110
GRCh38_CMRG_497	110
GRCh38_CMRG_51657	110
GRCh38_CMRG_55475	110
GRCh38_CMRG_55618	110
GRCh38_CMRG_58060	110
GRCh38_CMRG_61774	110
GRCh38_CMRG_63710	110
GRCh38_CMRG_64967	110
GRCh38_CMRG_65208	110
GRCh38_CMRG_66998	110
GRCh38_CMRG_67757	110
GRCh38_CMRG_68351	110
GRCh38_CMRG_68449	110
GRCh38_CMRG_72024	110
GRCh38_CMRG_72754	110
GRCh38_CMRG_7350	110
GRCh38_CMRG_76878	110
GRCh38_CMRG_77533	110
GRCh38_CMRG_81493	110
GRCh38_CMRG_11581	109
GRCh38_CMRG_11922	109
GRCh38_CMRG_13650	109
GRCh38_CMRG_22270	109
GRCh38_CMRG_24407	109
GRCh38_CMRG_28328	109
GRCh38_CMRG_29667	109
GRCh38_CMRG_384	109
GRCh38_CMRG_40522	109
GRCh38_CMRG_44982	109
GRCh38_CMRG_46388	109
GRCh38_CMRG_50500	109
GRCh38_CMRG_5807	109
GRCh38_CMRG_61968	109
GRCh38_CMRG_64920	109
GRCh38_CMRG_65220	109
GRCh38_CMRG_67039	109
GRCh38_CMRG_67777	109
GRCh38_CMRG_75	109
GRCh38_CMRG_79327	109
GRCh38_CMRG_7979	109
GRCh38_CMRG_81832	109
GRCh38_CMRG_83252	109
GRCh38_CMRG_16665	108
GRCh38_CMRG_17607	108
GRCh38_CMRG_17662	108
GRCh38_CMRG_1947	108
GRCh38_CMRG_24244	108
GRCh38_CMRG_25308	108
GRCh38_CMRG_26973	108
GRCh38_CMRG_33741	108
GRCh38_CMRG_33809	108
GRCh38_CMRG_37624	108
GRCh38_CMRG_42543	108
GRCh38_CMRG_46150	108
GRCh38_CMRG_52695	108
GRCh38_CMRG_53003	108
GRCh38_CMRG_63787	108
GRCh38_CMRG_65279	108
GRCh38_CMRG_67043	108
GRCh38_CMRG_70521	108
GRCh38_CMRG_72559	108
GRCh38_CMRG_80813	108
GRCh38_CMRG_13951	107
GRCh38_CMRG_15316	107
GRCh38_CMRG_154	107
GRCh38_CMRG_18043	107
GRCh38_CMRG_24286	107
GRCh38_CMRG_31135	107
GRCh38_CMRG_32359	107
GRCh38_CMRG_34670	107
GRCh38_CMRG_37238	107
GRCh38_CMRG_37260	107
GRCh38_CMRG_45618	107
GRCh38_CMRG_48646	107
GRCh38_CMRG_50885	107
GRCh38_CMRG_52080	107
GRCh38_CMRG_52093	107
GRCh38_CMRG_52102	107
GRCh38_CMRG_53032	107
GRCh38_CMRG_60357	107
GRCh38_CMRG_61850	107
GRCh38_CMRG_62630	107
GRCh38_CMRG_67279	107
GRCh38_CMRG_68156	107
GRCh38_CMRG_68759	107
GRCh38_CMRG_71670	107
GRCh38_CMRG_7230	107
GRCh38_CMRG_74615	107
GRCh38_CMRG_7926	107
GRCh38_CMRG_81191	107
GRCh38_CMRG_81472	107
GRCh38_CMRG_17172	106
GRCh38_CMRG_19276	106
GRCh38_CMRG_21108	106
GRCh38_CMRG_22055	106
GRCh38_CMRG_22475	106
GRCh38_CMRG_23970	106
GRCh38_CMRG_23971	106
GRCh38_CMRG_24284	106
GRCh38_CMRG_24489	106
GRCh38_CMRG_25961	106
GRCh38_CMRG_28019	106
GRCh38_CMRG_29068	106
GRCh38_CMRG_32610	106
GRCh38_CMRG_33395	106
GRCh38_CMRG_37224	106
GRCh38_CMRG_41507	106
GRCh38_CMRG_45195	106
GRCh38_CMRG_48861	106
GRCh38_CMRG_51460	106
GRCh38_CMRG_52303	106
GRCh38_CMRG_52419	106
GRCh38_CMRG_55545	106
GRCh38_CMRG_58895	106
GRCh38_CMRG_58896	106
GRCh38_CMRG_59140	106
GRCh38_CMRG_60786	106
GRCh38_CMRG_68647	106
GRCh38_CMRG_70446	106
GRCh38_CMRG_73665	106
GRCh38_CMRG_75152	106
GRCh38_CMRG_79223	106
GRCh38_CMRG_79850	106
GRCh38_CMRG_82788	106
GRCh38_CMRG_8304	106
GRCh38_CMRG_9673	106
GRCh38_CMRG_11433	105
GRCh38_CMRG_12306	105
GRCh38_CMRG_13479	105
GRCh38_CMRG_13641	105
GRCh38_CMRG_18860	105
GRCh38_CMRG_19623	105
GRCh38_CMRG_20989	105
GRCh38_CMRG_21142	105
GRCh38_CMRG_23695	105
GRCh38_CMRG_26276	105
GRCh38_CMRG_26969	105
GRCh38_CMRG_28847	105
GRCh38_CMRG_32433	105
GRCh38_CMRG_36350	105
GRCh38_CMRG_43929	105
GRCh38_CMRG_44233	105
GRCh38_CMRG_49158	105
GRCh38_CMRG_52249	105
GRCh38_CMRG_52483	105
GRCh38_CMRG_53253	105
GRCh38_CMRG_53482	105
GRCh38_CMRG_55454	105
GRCh38_CMRG_55669	105
GRCh38_CMRG_62524	105
GRCh38_CMRG_62563	105
GRCh38_CMRG_63996	105
GRCh38_CMRG_6712	105
GRCh38_CMRG_67819	105
GRCh38_CMRG_72959	105
GRCh38_CMRG_77530	105
GRCh38_CMRG_79023	105
GRCh38_CMRG_81029	105
GRCh38_CMRG_84000	105
GRCh38_CMRG_84199	105
GRCh38_CMRG_10782	104
GRCh38_CMRG_1298	104
GRCh38_CMRG_13118	104
GRCh38_CMRG_14054	104
GRCh38_CMRG_15451	104
GRCh38_CMRG_22206	104
GRCh38_CMRG_22968	104
GRCh38_CMRG_28174	104
GRCh38_CMRG_30033	104
GRCh38_CMRG_31601	104
GRCh38_CMRG_32829	104
GRCh38_CMRG_32979	104
GRCh38_CMRG_41417	104
GRCh38_CMRG_41440	104
GRCh38_CMRG_43632	104
GRCh38_CMRG_44158	104
GRCh38_CMRG_46094	104
GRCh38_CMRG_48749	104
GRCh38_CMRG_50541	104
GRCh38_CMRG_51355	104
GRCh38_CMRG_60560	104
GRCh38_CMRG_65521	104
GRCh38_CMRG_6660	104
GRCh38_CMRG_68516	104
GRCh38_CMRG_70280	104
GRCh38_CMRG_70695	104
GRCh38_CMRG_75170	104
GRCh38_CMRG_79979	104
GRCh38_CMRG_82184	104
GRCh38_CMRG_82416	104
GRCh38_CMRG_8249	104
GRCh38_CMRG_83847	104
GRCh38_CMRG_84048	104
GRCh38_CMRG_84106	104
GRCh38_CMRG_8575	104
GRCh38_CMRG_17545	103
GRCh38_CMRG_21554	103
GRCh38_CMRG_27483	103
GRCh38_CMRG_41494	103
GRCh38_CMRG_41984	103
GRCh38_CMRG_45776	103
GRCh38_CMRG_48921	103
GRCh38_CMRG_49017	103
GRCh38_CMRG_50563	103
GRCh38_CMRG_52059	103
GRCh38_CMRG_55467	103
GRCh38_CMRG_59708	103
GRCh38_CMRG_61278	103
GRCh38_CMRG_656	103
GRCh38_CMRG_73956	103
GRCh38_CMRG_74886	103
GRCh38_CMRG_76973	103
GRCh38_CMRG_79493	103
GRCh38_CMRG_80010	103
GRCh38_CMRG_80950	103
GRCh38_CMRG_81909	103
GRCh38_CMRG_9757	103
GRCh38_CMRG_10653	102
GRCh38_CMRG_10655	102
GRCh38_CMRG_14694	102
GRCh38_CMRG_1713	102
GRCh38_CMRG_17775	102
GRCh38_CMRG_21094	102
GRCh38_CMRG_22085	102
GRCh38_CMRG_22328	102
GRCh38_CMRG_2770	102
GRCh38_CMRG_28737	102
GRCh38_CMRG_30681	102
GRCh38_CMRG_31012	102
GRCh38_CMRG_36559	102
GRCh38_CMRG_37509	102
GRCh38_CMRG_39162	102
GRCh38_CMRG_40028	102
GRCh38_CMRG_41658	102
GRCh38_CMRG_48817	102
GRCh38_CMRG_48840	102
GRCh38_CMRG_49315	102
GRCh38_CMRG_49582	102
GRCh38_CMRG_68257	102
GRCh38_CMRG_71690	102
GRCh38_CMRG_73354	102
GRCh38_CMRG_82026	102
GRCh38_CMRG_10772	101
GRCh38_CMRG_13926	101
GRCh38_CMRG_13999	101
GRCh38_CMRG_1783	101
GRCh38_CMRG_19261	101
GRCh38_CMRG_21775	101
GRCh38_CMRG_23559	101
GRCh38_CMRG_24510	101
GRCh38_CMRG_24543	101
GRCh38_CMRG_24749	101
GRCh38_CMRG_28471	101
GRCh38_CMRG_32776	101
GRCh38_CMRG_32834	101
GRCh38_CMRG_49355	101
GRCh38_CMRG_49787	101
GRCh38_CMRG_51275	101
GRCh38_CMRG_52001	101
GRCh38_CMRG_54366	101
GRCh38_CMRG_54776	101
GRCh38_CMRG_54983	101
GRCh38_CMRG_55385	101
GRCh38_CMRG_5809	101
GRCh38_CMRG_63788	101
GRCh38_CMRG_68753	101
GRCh38_CMRG_72612	101
GRCh38_CMRG_73680	101
GRCh38_CMRG_13922	100
GRCh38_CMRG_17445	100
GRCh38_CMRG_18329	100
GRCh38_CMRG_25777	100
GRCh38_CMRG_27169	100
GRCh38_CMRG_32841	100
GRCh38_CMRG_37913	100
GRCh38_CMRG_41381	100
GRCh38_CMRG_44002	100
GRCh38_CMRG_46027	100
GRCh38_CMRG_46594	100
GRCh38_CMRG_48771	100
GRCh38_CMRG_49529	100
GRCh38_CMRG_49641	100
GRCh38_CMRG_49642	100
GRCh38_CMRG_53028	100
GRCh38_CMRG_53029	100
GRCh38_CMRG_58124	100
GRCh38_CMRG_58598	100
GRCh38_CMRG_62550	100
GRCh38_CMRG_64821	100
GRCh38_CMRG_65465	100
GRCh38_CMRG_68302	100
GRCh38_CMRG_68813	100
GRCh38_CMRG_69956	100
GRCh38_CMRG_70112	100
GRCh38_CMRG_72616	100
GRCh38_CMRG_72678	100
GRCh38_CMRG_74033	100
GRCh38_CMRG_77621	100
GRCh38_CMRG_82356	100
GRCh38_CMRG_10615	99
GRCh38_CMRG_11693	99
GRCh38_CMRG_13019	99
GRCh38_CMRG_13347	99
GRCh38_CMRG_17189	99
GRCh38_CMRG_23699	99
GRCh38_CMRG_24397	99
GRCh38_CMRG_27045	99
GRCh38_CMRG_27165	99
GRCh38_CMRG_33797	99
GRCh38_CMRG_35644	99
GRCh38_CMRG_36327	99
GRCh38_CMRG_37255	99
GRCh38_CMRG_38248	99
GRCh38_CMRG_38536	99
GRCh38_CMRG_44104	99
GRCh38_CMRG_44456	99
GRCh38_CMRG_44516	99
GRCh38_CMRG_45835	99
GRCh38_CMRG_46151	99
GRCh38_CMRG_47472	99
GRCh38_CMRG_49774	99
GRCh38_CMRG_49868	99
GRCh38_CMRG_51248	99
GRCh38_CMRG_55561	99
GRCh38_CMRG_60440	99
GRCh38_CMRG_62050	99
GRCh38_CMRG_63316	99
GRCh38_CMRG_64958	99
GRCh38_CMRG_65571	99
GRCh38_CMRG_65815	99
GRCh38_CMRG_65816	99
GRCh38_CMRG_68255	99
GRCh38_CMRG_73404	99
GRCh38_CMRG_75466	99
GRCh38_CMRG_76896	99
GRCh38_CMRG_84045	99
GRCh38_CMRG_9576	99
GRCh38_CMRG_12929	98
GRCh38_CMRG_13639	98
GRCh38_CMRG_17575	98
GRCh38_CMRG_18475	98
GRCh38_CMRG_19012	98
GRCh38_CMRG_22655	98
GRCh38_CMRG_24604	98
GRCh38_CMRG_27442	98
GRCh38_CMRG_27750	98
GRCh38_CMRG_28191	98
GRCh38_CMRG_28882	98
GRCh38_CMRG_29162	98
GRCh38_CMRG_29353	98
GRCh38_CMRG_31331	98
GRCh38_CMRG_31494	98
GRCh38_CMRG_32260	98
GRCh38_CMRG_33250	98
GRCh38_CMRG_33662	98
GRCh38_CMRG_38361	98
GRCh38_CMRG_39675	98
GRCh38_CMRG_45189	98
GRCh38_CMRG_45209	98
GRCh38_CMRG_46212	98
GRCh38_CMRG_47963	98
GRCh38_CMRG_49267	98
GRCh38_CMRG_49792	98
GRCh38_CMRG_50844	98
GRCh38_CMRG_51233	98
GRCh38_CMRG_54911	98
GRCh38_CMRG_55430	98
GRCh38_CMRG_58991	98
GRCh38_CMRG_60548	98
GRCh38_CMRG_60918	98
GRCh38_CMRG_65137	98
GRCh38_CMRG_67897	98
GRCh38_CMRG_72631	98
GRCh38_CMRG_73617	98
GRCh38_CMRG_74038	98
GRCh38_CMRG_79891	98
GRCh38_CMRG_9129	98
GRCh38_CMRG_9535	98
GRCh38_CMRG_9718	98
GRCh38_CMRG_14260	97
GRCh38_CMRG_14502	97
GRCh38_CMRG_18336	97
GRCh38_CMRG_18785	97
GRCh38_CMRG_25889	97
GRCh38_CMRG_26997	97
GRCh38_CMRG_27046	97
GRCh38_CMRG_27751	97
GRCh38_CMRG_29871	97
GRCh38_CMRG_32893	97
GRCh38_CMRG_33632	97
GRCh38_CMRG_37039	97
GRCh38_CMRG_41256	97
GRCh38_CMRG_58209	97
GRCh38_CMRG_60423	97
GRCh38_CMRG_63587	97
GRCh38_CMRG_63867	97
GRCh38_CMRG_6434	97
GRCh38_CMRG_77169	97
GRCh38_CMRG_10911	96
GRCh38_CMRG_17267	96
GRCh38_CMRG_17393	96
GRCh38_CMRG_21172	96
GRCh38_CMRG_22369	96
GRCh38_CMRG_22838	96
GRCh38_CMRG_23696	96
GRCh38_CMRG_23974	96
GRCh38_CMRG_26794	96
GRCh38_CMRG_31602	96
GRCh38_CMRG_33089	96
GRCh38_CMRG_33929	96
GRCh38_CMRG_40194	96
GRCh38_CMRG_41764	96
GRCh38_CMRG_42375	96
GRCh38_CMRG_43909	96
GRCh38_CMRG_45018	96
GRCh38_CMRG_45185	96
GRCh38_CMRG_48181	96
GRCh38_CMRG_49903	96
GRCh38_CMRG_55282	96
GRCh38_CMRG_58525	96
GRCh38_CMRG_60362	96
GRCh38_CMRG_60765	96
GRCh38_CMRG_68140	96
GRCh38_CMRG_68352	96
GRCh38_CMRG_68529	96
GRCh38_CMRG_72027	96
GRCh38_CMRG_75402	96
GRCh38_CMRG_8095	96
GRCh38_CMRG_81691	96
GRCh38_CMRG_84340	96
GRCh38_CMRG_84363	96
GRCh38_CMRG_14953	95
GRCh38_CMRG_32850	95
GRCh38_CMRG_40394	95
GRCh38_CMRG_41734	95
GRCh38_CMRG_44329	95
GRCh38_CMRG_47324	95
GRCh38_CMRG_48244	95
GRCh38_CMRG_48270	95
GRCh38_CMRG_50172	95
GRCh38_CMRG_51358	95
GRCh38_CMRG_51722	95
GRCh38_CMRG_55662	95
GRCh38_CMRG_589	95
GRCh38_CMRG_60170	95
GRCh38_CMRG_61097	95
GRCh38_CMRG_61900	95
GRCh38_CMRG_62052	95
GRCh38_CMRG_64337	95
GRCh38_CMRG_64774	95
GRCh38_CMRG_67105	95
GRCh38_CMRG_68526	95
GRCh38_CMRG_70707	95
GRCh38_CMRG_71105	95
GRCh38_CMRG_7916	95
GRCh38_CMRG_83606	95
GRCh38_CMRG_83801	95
GRCh38_CMRG_20029	94
GRCh38_CMRG_21917	94
GRCh38_CMRG_23596	94
GRCh38_CMRG_28720	94
GRCh38_CMRG_28893	94
GRCh38_CMRG_32253	94
GRCh38_CMRG_38060	94
GRCh38_CMRG_39543	94
GRCh38_CMRG_40818	94
GRCh38_CMRG_41392	94
GRCh38_CMRG_41979	94
GRCh38_CMRG_45445	94
GRCh38_CMRG_46248	94
GRCh38_CMRG_46623	94
GRCh38_CMRG_49624	94
GRCh38_CMRG_50358	94
GRCh38_CMRG_52013	94
GRCh38_CMRG_54184	94
GRCh38_CMRG_73435	94
GRCh38_CMRG_7542	94
GRCh38_CMRG_79329	94
GRCh38_CMRG_79353	94
GRCh38_CMRG_81545	94
GRCh38_CMRG_81689	94
GRCh38_CMRG_8199	94
GRCh38_CMRG_82259	94
GRCh38_CMRG_82531	94
GRCh38_CMRG_8346	94
GRCh38_CMRG_11277	93
GRCh38_CMRG_12130	93
GRCh38_CMRG_13506	93
GRCh38_CMRG_19802	93
GRCh38_CMRG_22528	93
GRCh38_CMRG_23879	93
GRCh38_CMRG_25845	93
GRCh38_CMRG_27004	93
GRCh38_CMRG_28629	93
GRCh38_CMRG_32896	93
GRCh38_CMRG_32901	93
GRCh38_CMRG_33338	93
GRCh38_CMRG_34661	93
GRCh38_CMRG_38749	93
GRCh38_CMRG_41707	93
GRCh38_CMRG_45027	93
GRCh38_CMRG_47226	93
GRCh38_CMRG_48509	93
GRCh38_CMRG_48808	93
GRCh38_CMRG_49502	93
GRCh38_CMRG_50282	93
GRCh38_CMRG_54715	93
GRCh38_CMRG_58597	93
GRCh38_CMRG_60360	93
GRCh38_CMRG_61715	93
GRCh38_CMRG_66047	93
GRCh38_CMRG_69894	93
GRCh38_CMRG_7101	93
GRCh38_CMRG_72643	93
GRCh38_CMRG_73136	93
GRCh38_CMRG_74699	93
GRCh38_CMRG_76592	93
GRCh38_CMRG_77284	93
GRCh38_CMRG_77694	93
GRCh38_CMRG_79956	93
GRCh38_CMRG_82724	93
GRCh38_CMRG_82759	93
GRCh38_CMRG_8399	93
GRCh38_CMRG_8777	93
GRCh38_CMRG_9590	93
GRCh38_CMRG_9719	93
GRCh38_CMRG_1184	92
GRCh38_CMRG_13974	92
GRCh38_CMRG_15329	92
GRCh38_CMRG_15468	92
GRCh38_CMRG_2002	92
GRCh38_CMRG_21599	92
GRCh38_CMRG_22881	92
GRCh38_CMRG_23333	92
GRCh38_CMRG_23395	92
GRCh38_CMRG_23884	92
GRCh38_CMRG_24545	92
GRCh38_CMRG_25913	92
GRCh38_CMRG_2616	92
GRCh38_CMRG_26650	92
GRCh38_CMRG_28630	92
GRCh38_CMRG_31353	92
GRCh38_CMRG_31537	92
GRCh38_CMRG_35637	92
GRCh38_CMRG_36752	92
GRCh38_CMRG_47365	92
GRCh38_CMRG_47993	92
GRCh38_CMRG_48810	92
GRCh38_CMRG_59855	92
GRCh38_CMRG_62576	92
GRCh38_CMRG_62577	92
GRCh38_CMRG_64964	92
GRCh38_CMRG_65274	92
GRCh38_CMRG_67319	92
GRCh38_CMRG_68507	92
GRCh38_CMRG_68730	92
GRCh38_CMRG_70431	92
GRCh38_CMRG_71422	92
GRCh38_CMRG_73580	92
GRCh38_CMRG_74765	92
GRCh38_CMRG_79412	92
GRCh38_CMRG_11985	91
GRCh38_CMRG_14351	91
GRCh38_CMRG_15498	91
GRCh38_CMRG_17412	91
GRCh38_CMRG_18320	91
GRCh38_CMRG_19034	91
GRCh38_CMRG_19793	91
GRCh38_CMRG_19952	91
GRCh38_CMRG_21460	91
GRCh38_CMRG_24049	91
GRCh38_CMRG_24105	91
GRCh38_CMRG_25111	91
GRCh38_CMRG_2721	91
GRCh38_CMRG_2722	91
GRCh38_CMRG_32228	91
GRCh38_CMRG_36598	91
GRCh38_CMRG_37492	91
GRCh38_CMRG_38054	91
GRCh38_CMRG_50707	91
GRCh38_CMRG_54350	91
GRCh38_CMRG_6076	91
GRCh38_CMRG_62324	91
GRCh38_CMRG_68309	91
GRCh38_CMRG_71908	91
GRCh38_CMRG_72187	91
GRCh38_CMRG_72573	91
GRCh38_CMRG_77149	91
GRCh38_CMRG_79321	91
GRCh38_CMRG_7947	91
GRCh38_CMRG_12922	90
GRCh38_CMRG_13508	90
GRCh38_CMRG_14731	90
GRCh38_CMRG_17737	90
GRCh38_CMRG_18166	90
GRCh38_CMRG_23459	90
GRCh38_CMRG_26716	90
GRCh38_CMRG_27781	90
GRCh38_CMRG_32144	90
GRCh38_CMRG_32840	90
GRCh38_CMRG_33094	90
GRCh38_CMRG_37177	90
GRCh38_CMRG_37840	90
GRCh38_CMRG_39246	90
GRCh38_CMRG_44373	90
GRCh38_CMRG_44473	90
GRCh38_CMRG_49922	90
GRCh38_CMRG_51119	90
GRCh38_CMRG_52756	90
GRCh38_CMRG_54144	90
GRCh38_CMRG_64961	90
GRCh38_CMRG_64987	90
GRCh38_CMRG_65783	90
GRCh38_CMRG_68710	90
GRCh38_CMRG_76817	90
GRCh38_CMRG_77471	90
GRCh38_CMRG_7826	90
GRCh38_CMRG_81534	90
GRCh38_CMRG_81737	90
GRCh38_CMRG_82014	90
GRCh38_CMRG_83853	90
GRCh38_CMRG_11193	89
GRCh38_CMRG_11868	89
GRCh38_CMRG_13558	89
GRCh38_CMRG_16747	89
GRCh38_CMRG_17549	89
GRCh38_CMRG_18389	89
GRCh38_CMRG_22259	89
GRCh38_CMRG_29321	89
GRCh38_CMRG_32531	89
GRCh38_CMRG_33656	89
GRCh38_CMRG_38190	89
GRCh38_CMRG_41442	89
GRCh38_CMRG_41769	89
GRCh38_CMRG_41891	89
GRCh38_CMRG_45239	89
GRCh38_CMRG_47885	89
GRCh38_CMRG_48581	89
GRCh38_CMRG_48903	89
GRCh38_CMRG_51462	89
GRCh38_CMRG_51670	89
GRCh38_CMRG_550	89
GRCh38_CMRG_62582	89
GRCh38_CMRG_67013	89
GRCh38_CMRG_68883	89
GRCh38_CMRG_69495	89
GRCh38_CMRG_70087	89
GRCh38_CMRG_77372	89
GRCh38_CMRG_77469	89
GRCh38_CMRG_77703	89
GRCh38_CMRG_79252	89
GRCh38_CMRG_7925	89
GRCh38_CMRG_82510	89
GRCh38_CMRG_12514	88
GRCh38_CMRG_16660	88
GRCh38_CMRG_17510	88
GRCh38_CMRG_21068	88
GRCh38_CMRG_21228	88
GRCh38_CMRG_22258	88
GRCh38_CMRG_27006	88
GRCh38_CMRG_34141	88
GRCh38_CMRG_36457	88
GRCh38_CMRG_39701	88
GRCh38_CMRG_47005	88
GRCh38_CMRG_48578	88
GRCh38_CMRG_48860	88
GRCh38_CMRG_51120	88
GRCh38_CMRG_51664	88
GRCh38_CMRG_53077	88
GRCh38_CMRG_53587	88
GRCh38_CMRG_59878	88
GRCh38_CMRG_62381	88
GRCh38_CMRG_64805	88
GRCh38_CMRG_65205	88
GRCh38_CMRG_67173	88
GRCh38_CMRG_67970	88
GRCh38_CMRG_70354	88
GRCh38_CMRG_70374	88
GRCh38_CMRG_70390	88
GRCh38_CMRG_71059	88
GRCh38_CMRG_72975	88
GRCh38_CMRG_73149	88
GRCh38_CMRG_73151	88
GRCh38_CMRG_81476	88
GRCh38_CMRG_81569	88
GRCh38_CMRG_82867	88
GRCh38_CMRG_84244	88
GRCh38_CMRG_18412	87
GRCh38_CMRG_18597	87
GRCh38_CMRG_19375	87
GRCh38_CMRG_22502	87
GRCh38_CMRG_23694	87
GRCh38_CMRG_23721	87
GRCh38_CMRG_23904	87
GRCh38_CMRG_23926	87
GRCh38_CMRG_28024	87
GRCh38_CMRG_31989	87
GRCh38_CMRG_32828	87
GRCh38_CMRG_33032	87
GRCh38_CMRG_35643	87
GRCh38_CMRG_35683	87
GRCh38_CMRG_45447	87
GRCh38_CMRG_45587	87
GRCh38_CMRG_46253	87
GRCh38_CMRG_47509	87
GRCh38_CMRG_48804	87
GRCh38_CMRG_58289	87
GRCh38_CMRG_59149	87
GRCh38_CMRG_59566	87
GRCh38_CMRG_67814	87
GRCh38_CMRG_68325	87
GRCh38_CMRG_68422	87
GRCh38_CMRG_70533	87
GRCh38_CMRG_75539	87
GRCh38_CMRG_80018	87
GRCh38_CMRG_80783	87
GRCh38_CMRG_80981	87
GRCh38_CMRG_83035	87
GRCh38_CMRG_84198	87
GRCh38_CMRG_84447	87
GRCh38_CMRG_11192	86
GRCh38_CMRG_14182	86
GRCh38_CMRG_15041	86
GRCh38_CMRG_18140	86
GRCh38_CMRG_37681	86
GRCh38_CMRG_38020	86
GRCh38_CMRG_38253	86
GRCh38_CMRG_38503	86
GRCh38_CMRG_38547	86
GRCh38_CMRG_39244	86
GRCh38_CMRG_45245	86
GRCh38_CMRG_45850	86
GRCh38_CMRG_55083	86
GRCh38_CMRG_64983	86
GRCh38_CMRG_65468	86
GRCh38_CMRG_67784	86
GRCh38_CMRG_73316	86
GRCh38_CMRG_7762	86
GRCh38_CMRG_79684	86
GRCh38_CMRG_83787	86
GRCh38_CMRG_12845	85
GRCh38_CMRG_14338	85
GRCh38_CMRG_19930	85
GRCh38_CMRG_23776	85
GRCh38_CMRG_28631	85
GRCh38_CMRG_30790	85
GRCh38_CMRG_31229	85
GRCh38_CMRG_36764	85
GRCh38_CMRG_368	85
GRCh38_CMRG_39698	85
GRCh38_CMRG_41024	85
GRCh38_CMRG_41585	85
GRCh38_CMRG_41718	85
GRCh38_CMRG_42545	85
GRCh38_CMRG_46624	85
GRCh38_CMRG_50540	85
GRCh38_CMRG_51514	85
GRCh38_CMRG_54827	85
GRCh38_CMRG_65811	85
GRCh38_CMRG_68330	85
GRCh38_CMRG_69388	85
GRCh38_CMRG_70901	85
GRCh38_CMRG_82239	85
GRCh38_CMRG_82352	85
GRCh38_CMRG_9242	85
GRCh38_CMRG_9417	85
GRCh38_CMRG_9581	85
GRCh38_CMRG_10993	84
GRCh38_CMRG_13644	84
GRCh38_CMRG_13978	84
GRCh38_CMRG_1680	84
GRCh38_CMRG_17265	84
GRCh38_CMRG_17752	84
GRCh38_CMRG_18009	84
GRCh38_CMRG_23746	84
GRCh38_CMRG_26885	84
GRCh38_CMRG_29603	84
GRCh38_CMRG_29776	84
GRCh38_CMRG_37080	84
GRCh38_CMRG_38046	84
GRCh38_CMRG_38167	84
GRCh38_CMRG_40929	84
GRCh38_CMRG_43662	84
GRCh38_CMRG_46387	84
GRCh38_CMRG_59402	84
GRCh38_CMRG_6032	84
GRCh38_CMRG_60977	84
GRCh38_CMRG_62530	84
GRCh38_CMRG_63450	84
GRCh38_CMRG_72548	84
GRCh38_CMRG_77547	84
GRCh38_CMRG_7870	84
GRCh38_CMRG_79410	84
GRCh38_CMRG_7948	84
GRCh38_CMRG_79546	84
GRCh38_CMRG_79895	84
GRCh38_CMRG_83119	84
GRCh38_CMRG_10848	83
GRCh38_CMRG_12448	83
GRCh38_CMRG_12449	83
GRCh38_CMRG_13128	83
GRCh38_CMRG_16976	83
GRCh38_CMRG_18469	83
GRCh38_CMRG_22643	83
GRCh38_CMRG_26603	83
GRCh38_CMRG_28459	83
GRCh38_CMRG_31820	83
GRCh38_CMRG_32911	83
GRCh38_CMRG_34778	83
GRCh38_CMRG_34779	83
GRCh38_CMRG_41982	83
GRCh38_CMRG_43800	83
GRCh38_CMRG_45421	83
GRCh38_CMRG_49114	83
GRCh38_CMRG_49115	83
GRCh38_CMRG_63209	83
GRCh38_CMRG_65213	83
GRCh38_CMRG_73666	83
GRCh38_CMRG_7864	83
GRCh38_CMRG_79331	83
GRCh38_CMRG_82417	83
GRCh38_CMRG_82509	83
GRCh38_CMRG_10881	82
GRCh38_CMRG_12206	82
GRCh38_CMRG_12733	82
GRCh38_CMRG_14732	82
GRCh38_CMRG_1761	82
GRCh38_CMRG_18552	82
GRCh38_CMRG_18621	82
GRCh38_CMRG_23347	82
GRCh38_CMRG_23870	82
GRCh38_CMRG_29510	82
GRCh38_CMRG_33013	82
GRCh38_CMRG_34597	82
GRCh38_CMRG_37665	82
GRCh38_CMRG_37852	82
GRCh38_CMRG_37949	82
GRCh38_CMRG_38026	82
GRCh38_CMRG_38509	82
GRCh38_CMRG_40267	82
GRCh38_CMRG_44825	82
GRCh38_CMRG_45342	82
GRCh38_CMRG_49147	82
GRCh38_CMRG_49216	82
GRCh38_CMRG_49438	82
GRCh38_CMRG_64688	82
GRCh38_CMRG_65	82
GRCh38_CMRG_70267	82
GRCh38_CMRG_70364	82
GRCh38_CMRG_73167	82
GRCh38_CMRG_73494	82
GRCh38_CMRG_7399	82
GRCh38_CMRG_74821	82
GRCh38_CMRG_76692	82
GRCh38_CMRG_79326	82
GRCh38_CMRG_82723	82
GRCh38_CMRG_82775	82
GRCh38_CMRG_84310	82
GRCh38_CMRG_97	82
GRCh38_CMRG_13135	81
GRCh38_CMRG_14325	81
GRCh38_CMRG_17478	81
GRCh38_CMRG_18421	81
GRCh38_CMRG_20018	81
GRCh38_CMRG_22290	81
GRCh38_CMRG_23176	81
GRCh38_CMRG_24285	81
GRCh38_CMRG_26761	81
GRCh38_CMRG_26996	81
GRCh38_CMRG_28405	81
GRCh38_CMRG_34669	81
GRCh38_CMRG_38500	81
GRCh38_CMRG_39400	81
GRCh38_CMRG_42450	81
GRCh38_CMRG_44873	81
GRCh38_CMRG_52160	81
GRCh38_CMRG_53947	81
GRCh38_CMRG_54970	81
GRCh38_CMRG_60016	81
GRCh38_CMRG_60564	81
GRCh38_CMRG_65812	81
GRCh38_CMRG_68548	81
GRCh38_CMRG_7980	81
GRCh38_CMRG_81004	81
GRCh38_CMRG_11762	80
GRCh38_CMRG_13134	80
GRCh38_CMRG_14843	80
GRCh38_CMRG_19095	80
GRCh38_CMRG_23785	80
GRCh38_CMRG_24279	80
GRCh38_CMRG_29874	80
GRCh38_CMRG_32685	80
GRCh38_CMRG_33184	80
GRCh38_CMRG_37962	80
GRCh38_CMRG_38458	80
GRCh38_CMRG_40632	80
GRCh38_CMRG_43640	80
GRCh38_CMRG_45533	80
GRCh38_CMRG_46475	80
GRCh38_CMRG_49989	80
GRCh38_CMRG_50894	80
GRCh38_CMRG_51661	80
GRCh38_CMRG_53374	80
GRCh38_CMRG_55249	80
GRCh38_CMRG_55849	80
GRCh38_CMRG_58391	80
GRCh38_CMRG_58782	80
GRCh38_CMRG_60530	80
GRCh38_CMRG_68466	80
GRCh38_CMRG_6858	80
GRCh38_CMRG_74582	80
GRCh38_CMRG_79917	80
GRCh38_CMRG_8060	80
GRCh38_CMRG_82384	80
GRCh38_CMRG_84341	80
GRCh38_CMRG_87	80
GRCh38_CMRG_13798	79
GRCh38_CMRG_14149	79
GRCh38_CMRG_14261	79
GRCh38_CMRG_21537	79
GRCh38_CMRG_21761	79
GRCh38_CMRG_22107	79
GRCh38_CMRG_23686	79
GRCh38_CMRG_25918	79
GRCh38_CMRG_30673	79
GRCh38_CMRG_31536	79
GRCh38_CMRG_33540	79
GRCh38_CMRG_34157	79
GRCh38_CMRG_36189	79
GRCh38_CMRG_36755	79
GRCh38_CMRG_38155	79
GRCh38_CMRG_38238	79
GRCh38_CMRG_39953	79
GRCh38_CMRG_41806	79
GRCh38_CMRG_42544	79
GRCh38_CMRG_46354	79
GRCh38_CMRG_48215	79
GRCh38_CMRG_53585	79
GRCh38_CMRG_54024	79
GRCh38_CMRG_60364	79
GRCh38_CMRG_63732	79
GRCh38_CMRG_64669	79
GRCh38_CMRG_6902	79
GRCh38_CMRG_69514	79
GRCh38_CMRG_69928	79
GRCh38_CMRG_70372	79
GRCh38_CMRG_72780	79
GRCh38_CMRG_75020	79
GRCh38_CMRG_77131	79
GRCh38_CMRG_82468	79
GRCh38_CMRG_82491	79
GRCh38_CMRG_83286	79
GRCh38_CMRG_83422	79
GRCh38_CMRG_83803	79
GRCh38_CMRG_10921	78
GRCh38_CMRG_13917	78
GRCh38_CMRG_21393	78
GRCh38_CMRG_22828	78
GRCh38_CMRG_23820	78
GRCh38_CMRG_2390	78
GRCh38_CMRG_24870	78
GRCh38_CMRG_32989	78
GRCh38_CMRG_34252	78
GRCh38_CMRG_37510	78
GRCh38_CMRG_37697	78
GRCh38_CMRG_38233	78
GRCh38_CMRG_45441	78
GRCh38_CMRG_51028	78
GRCh38_CMRG_53965	78
GRCh38_CMRG_54552	78
GRCh38_CMRG_54649	78
GRCh38_CMRG_55593	78
GRCh38_CMRG_60778	78
GRCh38_CMRG_62411	78
GRCh38_CMRG_63596	78
GRCh38_CMRG_65151	78
GRCh38_CMRG_67773	78
GRCh38_CMRG_6790	78
GRCh38_CMRG_68109	78
GRCh38_CMRG_72253	78
GRCh38_CMRG_74878	78
GRCh38_CMRG_75081	78
GRCh38_CMRG_82238	78
GRCh38_CMRG_83540	78
GRCh38_CMRG_84416	78
GRCh38_CMRG_8629	78
GRCh38_CMRG_11642	77
GRCh38_CMRG_1228	77
GRCh38_CMRG_14116	77
GRCh38_CMRG_14287	77
GRCh38_CMRG_17576	77
GRCh38_CMRG_17847	77
GRCh38_CMRG_19450	77
GRCh38_CMRG_22787	77
GRCh38_CMRG_24018	77
GRCh38_CMRG_24278	77
GRCh38_CMRG_24367	77
GRCh38_CMRG_26360	77
GRCh38_CMRG_30706	77
GRCh38_CMRG_30738	77
GRCh38_CMRG_31341	77
GRCh38_CMRG_32899	77
GRCh38_CMRG_36534	77
GRCh38_CMRG_38451	77
GRCh38_CMRG_40728	77
GRCh38_CMRG_43930	77
GRCh38_CMRG_45661	77
GRCh38_CMRG_48733	77
GRCh38_CMRG_49509	77
GRCh38_CMRG_51515	77
GRCh38_CMRG_53185	77
GRCh38_CMRG_547	77
GRCh38_CMRG_58260	77
GRCh38_CMRG_60779	77
GRCh38_CMRG_63345	77
GRCh38_CMRG_64531	77
GRCh38_CMRG_64532	77
GRCh38_CMRG_65720	77
GRCh38_CMRG_66976	77
GRCh38_CMRG_70808	77
GRCh38_CMRG_72549	77
GRCh38_CMRG_72637	77
GRCh38_CMRG_73919	77
GRCh38_CMRG_7428	77
GRCh38_CMRG_77680	77
GRCh38_CMRG_83691	77
GRCh38_CMRG_83820	77
GRCh38_CMRG_9209	77
GRCh38_CMRG_14459	76
GRCh38_CMRG_24300	76
GRCh38_CMRG_2523	76
GRCh38_CMRG_2576	76
GRCh38_CMRG_26841	76
GRCh38_CMRG_2774	76
GRCh38_CMRG_2778	76
GRCh38_CMRG_28573	76
GRCh38_CMRG_2917	76
GRCh38_CMRG_37801	76
GRCh38_CMRG_37943	76
GRCh38_CMRG_38636	76
GRCh38_CMRG_38637	76
GRCh38_CMRG_39124	76
GRCh38_CMRG_39692	76
GRCh38_CMRG_397	76
GRCh38_CMRG_41323	76
GRCh38_CMRG_48760	76
GRCh38_CMRG_50400	76
GRCh38_CMRG_55018	76
GRCh38_CMRG_5858	76
GRCh38_CMRG_60058	76
GRCh38_CMRG_62340	76
GRCh38_CMRG_64381	76
GRCh38_CMRG_64683	76
GRCh38_CMRG_72282	76
GRCh38_CMRG_72684	76
GRCh38_CMRG_7529	76
GRCh38_CMRG_7551	76
GRCh38_CMRG_7687	76
GRCh38_CMRG_76985	76
GRCh38_CMRG_82457	76
GRCh38_CMRG_82732	76
GRCh38_CMRG_82996	76
GRCh38_CMRG_83313	76
GRCh38_CMRG_19485	75
GRCh38_CMRG_22379	75
GRCh38_CMRG_28186	75
GRCh38_CMRG_29792	75
GRCh38_CMRG_29880	75
GRCh38_CMRG_31546	75
GRCh38_CMRG_32832	75
GRCh38_CMRG_33365	75
GRCh38_CMRG_33645	75
GRCh38_CMRG_35689	75
GRCh38_CMRG_36769	75
GRCh38_CMRG_37629	75
GRCh38_CMRG_38771	75
GRCh38_CMRG_50398	75
GRCh38_CMRG_53114	75
GRCh38_CMRG_54413	75
GRCh38_CMRG_54553	75
GRCh38_CMRG_55309	75
GRCh38_CMRG_55436	75
GRCh38_CMRG_5753	75
GRCh38_CMRG_67130	75
GRCh38_CMRG_69377	75
GRCh38_CMRG_70904	75
GRCh38_CMRG_73083	75
GRCh38_CMRG_73437	75
GRCh38_CMRG_75173	75
GRCh38_CMRG_77535	75
GRCh38_CMRG_78969	75
GRCh38_CMRG_80017	75
GRCh38_CMRG_8354	75
GRCh38_CMRG_8365	75
GRCh38_CMRG_83748	75
GRCh38_CMRG_10916	74
GRCh38_CMRG_17082	74
GRCh38_CMRG_21818	74
GRCh38_CMRG_23985	74
GRCh38_CMRG_24066	74
GRCh38_CMRG_27183	74
GRCh38_CMRG_32378	74
GRCh38_CMRG_32687	74
GRCh38_CMRG_32717	74
GRCh38_CMRG_32960	74
GRCh38_CMRG_41328	74
GRCh38_CMRG_42223	74
GRCh38_CMRG_443	74
GRCh38_CMRG_48937	74
GRCh38_CMRG_50558	74
GRCh38_CMRG_51477	74
GRCh38_CMRG_59084	74
GRCh38_CMRG_594	74
GRCh38_CMRG_5986	74
GRCh38_CMRG_62460	74
GRCh38_CMRG_64416	74
GRCh38_CMRG_68142	74
GRCh38_CMRG_70628	74
GRCh38_CMRG_70786	74
GRCh38_CMRG_74994	74
GRCh38_CMRG_75154	74
GRCh38_CMRG_80952	74
GRCh38_CMRG_84381	74
GRCh38_CMRG_8570	74
GRCh38_CMRG_13480	73
GRCh38_CMRG_15298	73
GRCh38_CMRG_16606	73
GRCh38_CMRG_17064	73
GRCh38_CMRG_177	73
GRCh38_CMRG_18564	73
GRCh38_CMRG_32111	73
GRCh38_CMRG_32879	73
GRCh38_CMRG_33516	73
GRCh38_CMRG_36119	73
GRCh38_CMRG_37746	73
GRCh38_CMRG_37845	73
GRCh38_CMRG_38057	73
GRCh38_CMRG_44111	73
GRCh38_CMRG_54155	73
GRCh38_CMRG_55821	73
GRCh38_CMRG_60175	73
GRCh38_CMRG_65172	73
GRCh38_CMRG_68164	73
GRCh38_CMRG_68478	73
GRCh38_CMRG_70088	73
GRCh38_CMRG_71803	73
GRCh38_CMRG_71804	73
GRCh38_CMRG_72607	73
GRCh38_CMRG_72638	73
GRCh38_CMRG_75149	73
GRCh38_CMRG_81695	73
GRCh38_CMRG_82044	73
GRCh38_CMRG_82516	73
GRCh38_CMRG_84164	73
GRCh38_CMRG_11110	72
GRCh38_CMRG_14183	72
GRCh38_CMRG_17967	72
GRCh38_CMRG_23823	72
GRCh38_CMRG_26262	72
GRCh38_CMRG_29867	72
GRCh38_CMRG_33826	72
GRCh38_CMRG_37742	72
GRCh38_CMRG_38064	72
GRCh38_CMRG_39444	72
GRCh38_CMRG_41326	72
GRCh38_CMRG_42408	72
GRCh38_CMRG_45517	72
GRCh38_CMRG_45554	72
GRCh38_CMRG_46140	72
GRCh38_CMRG_58123	72
GRCh38_CMRG_64360	72
GRCh38_CMRG_67823	72
GRCh38_CMRG_68437	72
GRCh38_CMRG_68754	72
GRCh38_CMRG_70406	72
GRCh38_CMRG_70664	72
GRCh38_CMRG_71678	72
GRCh38_CMRG_72603	72
GRCh38_CMRG_77528	72
GRCh38_CMRG_81441	72
GRCh38_CMRG_81858	72
GRCh38_CMRG_8205	72
GRCh38_CMRG_8366	72
GRCh38_CMRG_84039	72
GRCh38_CMRG_84418	72
GRCh38_CMRG_8513	72
GRCh38_CMRG_12192	71
GRCh38_CMRG_16832	71
GRCh38_CMRG_22774	71
GRCh38_CMRG_30899	71
GRCh38_CMRG_31581	71
GRCh38_CMRG_32120	71
GRCh38_CMRG_35759	71
GRCh38_CMRG_35853	71
GRCh38_CMRG_38325	71
GRCh38_CMRG_39592	71
GRCh38_CMRG_40025	71
GRCh38_CMRG_42029	71
GRCh38_CMRG_45420	71
GRCh38_CMRG_46014	71
GRCh38_CMRG_47351	71
GRCh38_CMRG_49173	71
GRCh38_CMRG_49635	71
GRCh38_CMRG_50162	71
GRCh38_CMRG_52206	71
GRCh38_CMRG_58629	71
GRCh38_CMRG_5886	71
GRCh38_CMRG_59657	71
GRCh38_CMRG_60466	71
GRCh38_CMRG_63206	71
GRCh38_CMRG_64197	71
GRCh38_CMRG_65164	71
GRCh38_CMRG_68236	71
GRCh38_CMRG_68354	71
GRCh38_CMRG_73853	71
GRCh38_CMRG_75121	71
GRCh38_CMRG_7882	71
GRCh38_CMRG_81471	71
GRCh38_CMRG_20930	70
GRCh38_CMRG_21788	70
GRCh38_CMRG_24447	70
GRCh38_CMRG_25374	70
GRCh38_CMRG_27081	70
GRCh38_CMRG_29900	70
GRCh38_CMRG_29976	70
GRCh38_CMRG_34192	70
GRCh38_CMRG_36954	70
GRCh38_CMRG_41727	70
GRCh38_CMRG_45094	70
GRCh38_CMRG_47547	70
GRCh38_CMRG_47700	70
GRCh38_CMRG_54907	70
GRCh38_CMRG_58147	70
GRCh38_CMRG_58640	70
GRCh38_CMRG_61148	70
GRCh38_CMRG_67639	70
GRCh38_CMRG_68699	70
GRCh38_CMRG_77113	70
GRCh38_CMRG_77334	70
GRCh38_CMRG_79070	70
GRCh38_CMRG_82414	70
GRCh38_CMRG_83432	70
GRCh38_CMRG_12457	69
GRCh38_CMRG_17293	69
GRCh38_CMRG_17377	69
GRCh38_CMRG_18400	69
GRCh38_CMRG_18971	69
GRCh38_CMRG_2313	69
GRCh38_CMRG_24710	69
GRCh38_CMRG_30025	69
GRCh38_CMRG_33065	69
GRCh38_CMRG_33179	69
GRCh38_CMRG_33315	69
GRCh38_CMRG_33539	69
GRCh38_CMRG_36953	69
GRCh38_CMRG_37921	69
GRCh38_CMRG_41096	69
GRCh38_CMRG_45072	69
GRCh38_CMRG_45434	69
GRCh38_CMRG_48859	69
GRCh38_CMRG_50985	69
GRCh38_CMRG_51860	69
GRCh38_CMRG_61450	69
GRCh38_CMRG_64578	69
GRCh38_CMRG_65093	69
GRCh38_CMRG_65236	69
GRCh38_CMRG_67989	69
GRCh38_CMRG_70804	69
GRCh38_CMRG_73195	69
GRCh38_CMRG_73210	69
GRCh38_CMRG_74848	69
GRCh38_CMRG_76635	69
GRCh38_CMRG_79316	69
GRCh38_CMRG_8217	69
GRCh38_CMRG_83024	69
GRCh38_CMRG_8512	69
GRCh38_CMRG_13504	68
GRCh38_CMRG_17034	68
GRCh38_CMRG_17424	68
GRCh38_CMRG_18420	68
GRCh38_CMRG_18578	68
GRCh38_CMRG_24061	68
GRCh38_CMRG_24267	68
GRCh38_CMRG_25243	68
GRCh38_CMRG_25284	68
GRCh38_CMRG_27397	68
GRCh38_CMRG_28185	68
GRCh38_CMRG_28397	68
GRCh38_CMRG_32839	68
GRCh38_CMRG_33512	68
GRCh38_CMRG_37854	68
GRCh38_CMRG_37973	68
GRCh38_CMRG_38012	68
GRCh38_CMRG_42114	68
GRCh38_CMRG_45968	68
GRCh38_CMRG_48152	68
GRCh38_CMRG_65171	68
GRCh38_CMRG_68361	68
GRCh38_CMRG_68698	68
GRCh38_CMRG_70377	68
GRCh38_CMRG_73180	68
GRCh38_CMRG_77295	68
GRCh38_CMRG_77536	68
GRCh38_CMRG_8096	68
GRCh38_CMRG_84104	68
GRCh38_CMRG_84213	68
GRCh38_CMRG_1049	67
GRCh38_CMRG_10612	67
GRCh38_CMRG_11358	67
GRCh38_CMRG_12194	67
GRCh38_CMRG_17437	67
GRCh38_CMRG_17804	67
GRCh38_CMRG_17805	67
GRCh38_CMRG_23231	67
GRCh38_CMRG_27532	67
GRCh38_CMRG_28058	67
GRCh38_CMRG_34161	67
GRCh38_CMRG_34662	67
GRCh38_CMRG_37788	67
GRCh38_CMRG_38420	67
GRCh38_CMRG_44973	67
GRCh38_CMRG_45775	67
GRCh38_CMRG_48136	67
GRCh38_CMRG_48713	67
GRCh38_CMRG_519	67
GRCh38_CMRG_52415	67
GRCh38_CMRG_53311	67
GRCh38_CMRG_53745	67
GRCh38_CMRG_5790	67
GRCh38_CMRG_59156	67
GRCh38_CMRG_61410	67
GRCh38_CMRG_62240	67
GRCh38_CMRG_63767	67
GRCh38_CMRG_65906	67
GRCh38_CMRG_71633	67
GRCh38_CMRG_71842	67
GRCh38_CMRG_74885	67
GRCh38_CMRG_81980	67
GRCh38_CMRG_82555	67
GRCh38_CMRG_11643	66
GRCh38_CMRG_1263	66
GRCh38_CMRG_13562	66
GRCh38_CMRG_13649	66
GRCh38_CMRG_17002	66
GRCh38_CMRG_17855	66
GRCh38_CMRG_18116	66
GRCh38_CMRG_18424	66
GRCh38_CMRG_18533	66
GRCh38_CMRG_23633	66
GRCh38_CMRG_23864	66
GRCh38_CMRG_2525	66
GRCh38_CMRG_28216	66
GRCh38_CMRG_2877	66
GRCh38_CMRG_33332	66
GRCh38_CMRG_35817	66
GRCh38_CMRG_45256	66
GRCh38_CMRG_46176	66
GRCh38_CMRG_471	66
GRCh38_CMRG_48364	66
GRCh38_CMRG_51234	66
GRCh38_CMRG_53189	66
GRCh38_CMRG_55236	66
GRCh38_CMRG_60353	66
GRCh38_CMRG_61589	66
GRCh38_CMRG_61830	66
GRCh38_CMRG_6501	66
GRCh38_CMRG_68252	66
GRCh38_CMRG_70680	66
GRCh38_CMRG_72856	66
GRCh38_CMRG_75425	66
GRCh38_CMRG_77678	66
GRCh38_CMRG_78978	66
GRCh38_CMRG_89	66
GRCh38_CMRG_16693	65
GRCh38_CMRG_1737	65
GRCh38_CMRG_17902	65
GRCh38_CMRG_21149	65
GRCh38_CMRG_23987	65
GRCh38_CMRG_24564	65
GRCh38_CMRG_25815	65
GRCh38_CMRG_26385	65
GRCh38_CMRG_26693	65
GRCh38_CMRG_27008	65
GRCh38_CMRG_28572	65
GRCh38_CMRG_31087	65
GRCh38_CMRG_34254	65
GRCh38_CMRG_38206	65
GRCh38_CMRG_39388	65
GRCh38_CMRG_42115	65
GRCh38_CMRG_43922	65
GRCh38_CMRG_441	65
GRCh38_CMRG_45725	65
GRCh38_CMRG_46161	65
GRCh38_CMRG_46633	65
GRCh38_CMRG_49634	65
GRCh38_CMRG_52291	65
GRCh38_CMRG_52512	65
GRCh38_CMRG_55502	65
GRCh38_CMRG_61113	65
GRCh38_CMRG_65329	65
GRCh38_CMRG_69929	65
GRCh38_CMRG_72224	65
GRCh38_CMRG_72299	65
GRCh38_CMRG_74534	65
GRCh38_CMRG_74806	65
GRCh38_CMRG_74887	65
GRCh38_CMRG_81982	65
GRCh38_CMRG_82431	65
GRCh38_CMRG_9572	65
GRCh38_CMRG_11718	64
GRCh38_CMRG_11978	64
GRCh38_CMRG_12246	64
GRCh38_CMRG_13326	64
GRCh38_CMRG_1629	64
GRCh38_CMRG_17911	64
GRCh38_CMRG_17951	64
GRCh38_CMRG_19860	64
GRCh38_CMRG_27238	64
GRCh38_CMRG_2739	64
GRCh38_CMRG_27423	64
GRCh38_CMRG_32615	64
GRCh38_CMRG_35857	64
GRCh38_CMRG_36902	64
GRCh38_CMRG_43932	64
GRCh38_CMRG_45144	64
GRCh38_CMRG_49375	64
GRCh38_CMRG_49382	64
GRCh38_CMRG_52427	64
GRCh38_CMRG_58394	64
GRCh38_CMRG_60335	64
GRCh38_CMRG_60647	64
GRCh38_CMRG_63869	64
GRCh38_CMRG_68249	64
GRCh38_CMRG_6983	64
GRCh38_CMRG_73179	64
GRCh38_CMRG_74842	64
GRCh38_CMRG_77623	64
GRCh38_CMRG_8173	64
GRCh38_CMRG_10596	63
GRCh38_CMRG_13685	63
GRCh38_CMRG_13691	63
GRCh38_CMRG_14955	63
GRCh38_CMRG_18696	63
GRCh38_CMRG_22862	63
GRCh38_CMRG_25740	63
GRCh38_CMRG_32725	63
GRCh38_CMRG_32726	63
GRCh38_CMRG_33843	63
GRCh38_CMRG_36299	63
GRCh38_CMRG_37946	63
GRCh38_CMRG_38032	63
GRCh38_CMRG_40707	63
GRCh38_CMRG_41857	63
GRCh38_CMRG_45270	63
GRCh38_CMRG_45715	63
GRCh38_CMRG_47983	63
GRCh38_CMRG_49503	63
GRCh38_CMRG_50088	63
GRCh38_CMRG_50170	63
GRCh38_CMRG_54299	63
GRCh38_CMRG_58934	63
GRCh38_CMRG_60858	63
GRCh38_CMRG_67763	63
GRCh38_CMRG_70110	63
GRCh38_CMRG_70186	63
GRCh38_CMRG_71383	63
GRCh38_CMRG_74339	63
GRCh38_CMRG_7505	63
GRCh38_CMRG_7962	63
GRCh38_CMRG_81371	63
GRCh38_CMRG_82729	63
GRCh38_CMRG_84444	63
GRCh38_CMRG_12484	62
GRCh38_CMRG_1338	62
GRCh38_CMRG_18759	62
GRCh38_CMRG_22269	62
GRCh38_CMRG_23754	62
GRCh38_CMRG_26581	62
GRCh38_CMRG_27001	62
GRCh38_CMRG_29318	62
GRCh38_CMRG_30602	62
GRCh38_CMRG_33153	62
GRCh38_CMRG_34152	62
GRCh38_CMRG_41910	62
GRCh38_CMRG_49092	62
GRCh38_CMRG_49461	62
GRCh38_CMRG_49658	62
GRCh38_CMRG_62464	62
GRCh38_CMRG_64357	62
GRCh38_CMRG_64976	62
GRCh38_CMRG_67501	62
GRCh38_CMRG_73184	62
GRCh38_CMRG_73238	62
GRCh38_CMRG_73678	62
GRCh38_CMRG_75556	62
GRCh38_CMRG_77654	62
GRCh38_CMRG_82638	62
GRCh38_CMRG_84005	62
GRCh38_CMRG_8766	62
GRCh38_CMRG_11191	61
GRCh38_CMRG_14178	61
GRCh38_CMRG_18327	61
GRCh38_CMRG_23170	61
GRCh38_CMRG_24011	61
GRCh38_CMRG_27050	61
GRCh38_CMRG_32490	61
GRCh38_CMRG_36812	61
GRCh38_CMRG_39093	61
GRCh38_CMRG_40556	61
GRCh38_CMRG_41043	61
GRCh38_CMRG_44921	61
GRCh38_CMRG_45630	61
GRCh38_CMRG_46670	61
GRCh38_CMRG_49310	61
GRCh38_CMRG_50077	61
GRCh38_CMRG_51242	61
GRCh38_CMRG_51313	61
GRCh38_CMRG_54097	61
GRCh38_CMRG_58077	61
GRCh38_CMRG_58475	61
GRCh38_CMRG_6169	61
GRCh38_CMRG_64681	61
GRCh38_CMRG_70089	61
GRCh38_CMRG_70447	61
GRCh38_CMRG_70809	61
GRCh38_CMRG_72912	61
GRCh38_CMRG_73334	61
GRCh38_CMRG_75450	61
GRCh38_CMRG_84591	61
GRCh38_CMRG_13643	60
GRCh38_CMRG_14179	60
GRCh38_CMRG_14722	60
GRCh38_CMRG_17337	60
GRCh38_CMRG_1794	60
GRCh38_CMRG_18484	60
GRCh38_CMRG_21127	60
GRCh38_CMRG_24255	60
GRCh38_CMRG_24392	60
GRCh38_CMRG_28683	60
GRCh38_CMRG_30	60
GRCh38_CMRG_31	60
GRCh38_CMRG_33152	60
GRCh38_CMRG_33413	60
GRCh38_CMRG_38505	60
GRCh38_CMRG_399	60
GRCh38_CMRG_44589	60
GRCh38_CMRG_47128	60
GRCh38_CMRG_48834	60
GRCh38_CMRG_49142	60
GRCh38_CMRG_49450	60
GRCh38_CMRG_53383	60
GRCh38_CMRG_53768	60
GRCh38_CMRG_62590	60
GRCh38_CMRG_62644	60
GRCh38_CMRG_64667	60
GRCh38_CMRG_68714	60
GRCh38_CMRG_70398	60
GRCh38_CMRG_71943	60
GRCh38_CMRG_73308	60
GRCh38_CMRG_74961	60
GRCh38_CMRG_74962	60
GRCh38_CMRG_75441	60
GRCh38_CMRG_76988	60
GRCh38_CMRG_79896	60
GRCh38_CMRG_81670	60
GRCh38_CMRG_83901	60
GRCh38_CMRG_11108	59
GRCh38_CMRG_11518	59
GRCh38_CMRG_12693	59
GRCh38_CMRG_14412	59
GRCh38_CMRG_2093	59
GRCh38_CMRG_23728	59
GRCh38_CMRG_24048	59
GRCh38_CMRG_2773	59
GRCh38_CMRG_29242	59
GRCh38_CMRG_32201	59
GRCh38_CMRG_45242	59
GRCh38_CMRG_47435	59
GRCh38_CMRG_49445	59
GRCh38_CMRG_49777	59
GRCh38_CMRG_51465	59
GRCh38_CMRG_51946	59
GRCh38_CMRG_53759	59
GRCh38_CMRG_53962	59
GRCh38_CMRG_53963	59
GRCh38_CMRG_54478	59
GRCh38_CMRG_573	59
GRCh38_CMRG_60636	59
GRCh38_CMRG_6688	59
GRCh38_CMRG_6689	59
GRCh38_CMRG_70694	59
GRCh38_CMRG_71799	59
GRCh38_CMRG_74122	59
GRCh38_CMRG_77532	59
GRCh38_CMRG_77702	59
GRCh38_CMRG_78908	59
GRCh38_CMRG_79269	59
GRCh38_CMRG_79318	59
GRCh38_CMRG_79364	59
GRCh38_CMRG_79997	59
GRCh38_CMRG_15091	58
GRCh38_CMRG_20861	58
GRCh38_CMRG_23267	58
GRCh38_CMRG_23526	58
GRCh38_CMRG_24728	58
GRCh38_CMRG_27660	58
GRCh38_CMRG_31849	58
GRCh38_CMRG_366	58
GRCh38_CMRG_38144	58
GRCh38_CMRG_39080	58
GRCh38_CMRG_41471	58
GRCh38_CMRG_44167	58
GRCh38_CMRG_44268	58
GRCh38_CMRG_45210	58
GRCh38_CMRG_45521	58
GRCh38_CMRG_47470	58
GRCh38_CMRG_51415	58
GRCh38_CMRG_51603	58
GRCh38_CMRG_52029	58
GRCh38_CMRG_53468	58
GRCh38_CMRG_54490	58
GRCh38_CMRG_55100	58
GRCh38_CMRG_55466	58
GRCh38_CMRG_55587	58
GRCh38_CMRG_58127	58
GRCh38_CMRG_59403	58
GRCh38_CMRG_59542	58
GRCh38_CMRG_61188	58
GRCh38_CMRG_63941	58
GRCh38_CMRG_67295	58
GRCh38_CMRG_69869	58
GRCh38_CMRG_70378	58
GRCh38_CMRG_74340	58
GRCh38_CMRG_74907	58
GRCh38_CMRG_77619	58
GRCh38_CMRG_77639	58
GRCh38_CMRG_81850	58
GRCh38_CMRG_82951	58
GRCh38_CMRG_83051	58
GRCh38_CMRG_83825	58
GRCh38_CMRG_8515	58
GRCh38_CMRG_11276	57
GRCh38_CMRG_12004	57
GRCh38_CMRG_19754	57
GRCh38_CMRG_23013	57
GRCh38_CMRG_24482	57
GRCh38_CMRG_25739	57
GRCh38_CMRG_27212	57
GRCh38_CMRG_27790	57
GRCh38_CMRG_30726	57
GRCh38_CMRG_32261	57
GRCh38_CMRG_32894	57
GRCh38_CMRG_34243	57
GRCh38_CMRG_35859	57
GRCh38_CMRG_48033	57
GRCh38_CMRG_48993	57
GRCh38_CMRG_49384	57
GRCh38_CMRG_49564	57
GRCh38_CMRG_50384	57
GRCh38_CMRG_52761	57
GRCh38_CMRG_54185	57
GRCh38_CMRG_54498	57
GRCh38_CMRG_55529	57
GRCh38_CMRG_60022	57
GRCh38_CMRG_61528	57
GRCh38_CMRG_63286	57
GRCh38_CMRG_63460	57
GRCh38_CMRG_64917	57
GRCh38_CMRG_67310	57
GRCh38_CMRG_676	57
GRCh38_CMRG_68297	57
GRCh38_CMRG_68510	57
GRCh38_CMRG_68707	57
GRCh38_CMRG_6896	57
GRCh38_CMRG_71566	57
GRCh38_CMRG_72848	57
GRCh38_CMRG_77531	57
GRCh38_CMRG_8093	57
GRCh38_CMRG_8172	57
GRCh38_CMRG_88	57
GRCh38_CMRG_8926	57
GRCh38_CMRG_9329	57
GRCh38_CMRG_10616	56
GRCh38_CMRG_11489	56
GRCh38_CMRG_12815	56
GRCh38_CMRG_1334	56
GRCh38_CMRG_13662	56
GRCh38_CMRG_18345	56
GRCh38_CMRG_18837	56
GRCh38_CMRG_18923	56
GRCh38_CMRG_19078	56
GRCh38_CMRG_19427	56
GRCh38_CMRG_21207	56
GRCh38_CMRG_22880	56
GRCh38_CMRG_22972	56
GRCh38_CMRG_25207	56
GRCh38_CMRG_25924	56
GRCh38_CMRG_29995	56
GRCh38_CMRG_31528	56
GRCh38_CMRG_32986	56
GRCh38_CMRG_33626	56
GRCh38_CMRG_35661	56
GRCh38_CMRG_36976	56
GRCh38_CMRG_39213	56
GRCh38_CMRG_44922	56
GRCh38_CMRG_48659	56
GRCh38_CMRG_52449	56
GRCh38_CMRG_53493	56
GRCh38_CMRG_60764	56
GRCh38_CMRG_64287	56
GRCh38_CMRG_677	56
GRCh38_CMRG_68254	56
GRCh38_CMRG_70805	56
GRCh38_CMRG_7760	56
GRCh38_CMRG_79406	56
GRCh38_CMRG_79688	56
GRCh38_CMRG_12097	55
GRCh38_CMRG_13781	55
GRCh38_CMRG_13966	55
GRCh38_CMRG_14417	55
GRCh38_CMRG_14998	55
GRCh38_CMRG_30816	55
GRCh38_CMRG_32732	55
GRCh38_CMRG_33010	55
GRCh38_CMRG_38014	55
GRCh38_CMRG_38177	55
GRCh38_CMRG_41477	55
GRCh38_CMRG_45450	55
GRCh38_CMRG_48174	55
GRCh38_CMRG_51854	55
GRCh38_CMRG_53365	55
GRCh38_CMRG_55437	55
GRCh38_CMRG_58138	55
GRCh38_CMRG_63208	55
GRCh38_CMRG_64599	55
GRCh38_CMRG_64679	55
GRCh38_CMRG_64685	55
GRCh38_CMRG_64899	55
GRCh38_CMRG_71355	55
GRCh38_CMRG_72191	55
GRCh38_CMRG_73333	55
GRCh38_CMRG_77415	55
GRCh38_CMRG_84494	55
GRCh38_CMRG_10652	54
GRCh38_CMRG_12485	54
GRCh38_CMRG_14700	54
GRCh38_CMRG_15589	54
GRCh38_CMRG_19862	54
GRCh38_CMRG_23052	54
GRCh38_CMRG_27555	54
GRCh38_CMRG_2769	54
GRCh38_CMRG_34217	54
GRCh38_CMRG_34722	54
GRCh38_CMRG_40829	54
GRCh38_CMRG_45454	54
GRCh38_CMRG_48426	54
GRCh38_CMRG_48514	54
GRCh38_CMRG_50973	54
GRCh38_CMRG_51161	54
GRCh38_CMRG_51644	54
GRCh38_CMRG_54156	54
GRCh38_CMRG_54946	54
GRCh38_CMRG_59637	54
GRCh38_CMRG_60495	54
GRCh38_CMRG_61139	54
GRCh38_CMRG_62534	54
GRCh38_CMRG_64680	54
GRCh38_CMRG_65719	54
GRCh38_CMRG_67311	54
GRCh38_CMRG_71888	54
GRCh38_CMRG_7318	54
GRCh38_CMRG_77550	54
GRCh38_CMRG_7931	54
GRCh38_CMRG_81928	54
GRCh38_CMRG_82016	54
GRCh38_CMRG_82106	54
GRCh38_CMRG_83365	54
GRCh38_CMRG_83654	54
GRCh38_CMRG_84306	54
GRCh38_CMRG_9617	54
GRCh38_CMRG_13291	53
GRCh38_CMRG_13582	53
GRCh38_CMRG_19861	53
GRCh38_CMRG_2297	53
GRCh38_CMRG_24884	53
GRCh38_CMRG_25253	53
GRCh38_CMRG_26762	53
GRCh38_CMRG_26781	53
GRCh38_CMRG_34233	53
GRCh38_CMRG_37310	53
GRCh38_CMRG_37815	53
GRCh38_CMRG_37850	53
GRCh38_CMRG_38039	53
GRCh38_CMRG_38545	53
GRCh38_CMRG_40513	53
GRCh38_CMRG_44758	53
GRCh38_CMRG_46294	53
GRCh38_CMRG_47	53
GRCh38_CMRG_49773	53
GRCh38_CMRG_51125	53
GRCh38_CMRG_54239	53
GRCh38_CMRG_61202	53
GRCh38_CMRG_62642	53
GRCh38_CMRG_68461	53
GRCh38_CMRG_77505	53
GRCh38_CMRG_78875	53
GRCh38_CMRG_7936	53
GRCh38_CMRG_82228	53
GRCh38_CMRG_11190	52
GRCh38_CMRG_12047	52
GRCh38_CMRG_17364	52
GRCh38_CMRG_17725	52
GRCh38_CMRG_18007	52
GRCh38_CMRG_18278	52
GRCh38_CMRG_19209	52
GRCh38_CMRG_23892	52
GRCh38_CMRG_23981	52
GRCh38_CMRG_27657	52
GRCh38_CMRG_29665	52
GRCh38_CMRG_29842	52
GRCh38_CMRG_32884	52
GRCh38_CMRG_33335	52
GRCh38_CMRG_33990	52
GRCh38_CMRG_36417	52
GRCh38_CMRG_41818	52
GRCh38_CMRG_43850	52
GRCh38_CMRG_48092	52
GRCh38_CMRG_50459	52
GRCh38_CMRG_53216	52
GRCh38_CMRG_54838	52
GRCh38_CMRG_55808	52
GRCh38_CMRG_60591	52
GRCh38_CMRG_64613	52
GRCh38_CMRG_64979	52
GRCh38_CMRG_70189	52
GRCh38_CMRG_74816	52
GRCh38_CMRG_77642	52
GRCh38_CMRG_79311	52
GRCh38_CMRG_79737	52
GRCh38_CMRG_84099	52
GRCh38_CMRG_84183	52
GRCh38_CMRG_1191	51
GRCh38_CMRG_13592	51
GRCh38_CMRG_15010	51
GRCh38_CMRG_21930	51
GRCh38_CMRG_25042	51
GRCh38_CMRG_27894	51
GRCh38_CMRG_32982	51
GRCh38_CMRG_36362	51
GRCh38_CMRG_38488	51
GRCh38_CMRG_39564	51
GRCh38_CMRG_41594	51
GRCh38_CMRG_47130	51
GRCh38_CMRG_490	51
GRCh38_CMRG_49789	51
GRCh38_CMRG_50947	51
GRCh38_CMRG_55379	51
GRCh38_CMRG_590	51
GRCh38_CMRG_59827	51
GRCh38_CMRG_60168	51
GRCh38_CMRG_63365	51
GRCh38_CMRG_63654	51
GRCh38_CMRG_65126	51
GRCh38_CMRG_65232	51
GRCh38_CMRG_668	51
GRCh38_CMRG_67758	51
GRCh38_CMRG_74761	51
GRCh38_CMRG_74814	51
GRCh38_CMRG_76870	51
GRCh38_CMRG_79411	51
GRCh38_CMRG_79687	51
GRCh38_CMRG_17099	50
GRCh38_CMRG_17137	50
GRCh38_CMRG_17483	50
GRCh38_CMRG_19279	50
GRCh38_CMRG_19428	50
GRCh38_CMRG_28395	50
GRCh38_CMRG_29795	50
GRCh38_CMRG_30034	50
GRCh38_CMRG_36146	50
GRCh38_CMRG_37069	50
GRCh38_CMRG_37334	50
GRCh38_CMRG_38625	50
GRCh38_CMRG_41844	50
GRCh38_CMRG_46159	50
GRCh38_CMRG_47364	50
GRCh38_CMRG_49536	50
GRCh38_CMRG_59400	50
GRCh38_CMRG_60292	50
GRCh38_CMRG_64863	50
GRCh38_CMRG_65788	50
GRCh38_CMRG_69061	50
GRCh38_CMRG_69340	50
GRCh38_CMRG_70379	50
GRCh38_CMRG_72632	50
GRCh38_CMRG_7373	50
GRCh38_CMRG_77215	50
GRCh38_CMRG_80969	50
GRCh38_CMRG_83433	50
GRCh38_CMRG_13057	49
GRCh38_CMRG_16738	49
GRCh38_CMRG_17058	49
GRCh38_CMRG_25065	49
GRCh38_CMRG_27474	49
GRCh38_CMRG_28427	49
GRCh38_CMRG_28894	49
GRCh38_CMRG_28953	49
GRCh38_CMRG_33226	49
GRCh38_CMRG_34364	49
GRCh38_CMRG_39145	49
GRCh38_CMRG_41113	49
GRCh38_CMRG_41335	49
GRCh38_CMRG_44867	49
GRCh38_CMRG_48436	49
GRCh38_CMRG_48	49
GRCh38_CMRG_48851	49
GRCh38_CMRG_49633	49
GRCh38_CMRG_52450	49
GRCh38_CMRG_58683	49
GRCh38_CMRG_59497	49
GRCh38_CMRG_61140	49
GRCh38_CMRG_64120	49
GRCh38_CMRG_64356	49
GRCh38_CMRG_64505	49
GRCh38_CMRG_65273	49
GRCh38_CMRG_6785	49
GRCh38_CMRG_76867	49
GRCh38_CMRG_80049	49
GRCh38_CMRG_80987	49
GRCh38_CMRG_81546	49
GRCh38_CMRG_84307	49
GRCh38_CMRG_9452	49
GRCh38_CMRG_11844	48
GRCh38_CMRG_14734	48
GRCh38_CMRG_15410	48
GRCh38_CMRG_16542	48
GRCh38_CMRG_16598	48
GRCh38_CMRG_16605	48
GRCh38_CMRG_16647	48
GRCh38_CMRG_16648	48
GRCh38_CMRG_18441	48
GRCh38_CMRG_18819	48
GRCh38_CMRG_21343	48
GRCh38_CMRG_23370	48
GRCh38_CMRG_23977	48
GRCh38_CMRG_28157	48
GRCh38_CMRG_2916	48
GRCh38_CMRG_32509	48
GRCh38_CMRG_38022	48
GRCh38_CMRG_39872	48
GRCh38_CMRG_39925	48
GRCh38_CMRG_41420	48
GRCh38_CMRG_43855	48
GRCh38_CMRG_44405	48
GRCh38_CMRG_44872	48
GRCh38_CMRG_456	48
GRCh38_CMRG_48658	48
GRCh38_CMRG_50845	48
GRCh38_CMRG_54376	48
GRCh38_CMRG_63866	48
GRCh38_CMRG_64966	48
GRCh38_CMRG_67845	48
GRCh38_CMRG_68324	48
GRCh38_CMRG_71161	48
GRCh38_CMRG_72766	48
GRCh38_CMRG_72847	48
GRCh38_CMRG_74391	48
GRCh38_CMRG_76884	48
GRCh38_CMRG_77679	48
GRCh38_CMRG_79921	48
GRCh38_CMRG_81903	48
GRCh38_CMRG_82415	48
GRCh38_CMRG_83085	48
GRCh38_CMRG_8355	48
GRCh38_CMRG_1502	47
GRCh38_CMRG_17235	47
GRCh38_CMRG_18470	47
GRCh38_CMRG_19121	47
GRCh38_CMRG_21229	47
GRCh38_CMRG_22121	47
GRCh38_CMRG_22867	47
GRCh38_CMRG_25187	47
GRCh38_CMRG_26818	47
GRCh38_CMRG_27395	47
GRCh38_CMRG_28061	47
GRCh38_CMRG_30850	47
GRCh38_CMRG_31722	47
GRCh38_CMRG_33388	47
GRCh38_CMRG_36447	47
GRCh38_CMRG_36448	47
GRCh38_CMRG_36899	47
GRCh38_CMRG_37083	47
GRCh38_CMRG_39565	47
GRCh38_CMRG_51954	47
GRCh38_CMRG_5990	47
GRCh38_CMRG_60535	47
GRCh38_CMRG_62643	47
GRCh38_CMRG_64963	47
GRCh38_CMRG_65804	47
GRCh38_CMRG_70034	47
GRCh38_CMRG_70739	47
GRCh38_CMRG_71907	47
GRCh38_CMRG_72468	47
GRCh38_CMRG_72636	47
GRCh38_CMRG_74039	47
GRCh38_CMRG_82745	47
GRCh38_CMRG_83844	47
GRCh38_CMRG_9346	47
GRCh38_CMRG_10922	46
GRCh38_CMRG_1575	46
GRCh38_CMRG_17074	46
GRCh38_CMRG_22575	46
GRCh38_CMRG_22868	46
GRCh38_CMRG_23304	46
GRCh38_CMRG_2590	46
GRCh38_CMRG_32701	46
GRCh38_CMRG_33926	46
GRCh38_CMRG_35772	46
GRCh38_CMRG_37690	46
GRCh38_CMRG_38582	46
GRCh38_CMRG_40485	46
GRCh38_CMRG_46079	46
GRCh38_CMRG_47556	46
GRCh38_CMRG_48382	46
GRCh38_CMRG_50174	46
GRCh38_CMRG_50502	46
GRCh38_CMRG_52952	46
GRCh38_CMRG_54768	46
GRCh38_CMRG_55463	46
GRCh38_CMRG_63980	46
GRCh38_CMRG_67692	46
GRCh38_CMRG_73450	46
GRCh38_CMRG_75199	46
GRCh38_CMRG_77234	46
GRCh38_CMRG_7831	46
GRCh38_CMRG_82256	46
GRCh38_CMRG_83161	46
GRCh38_CMRG_8930	46
GRCh38_CMRG_10509	45
GRCh38_CMRG_21748	45
GRCh38_CMRG_22334	45
GRCh38_CMRG_22451	45
GRCh38_CMRG_23217	45
GRCh38_CMRG_23774	45
GRCh38_CMRG_23775	45
GRCh38_CMRG_24955	45
GRCh38_CMRG_29134	45
GRCh38_CMRG_30023	45
GRCh38_CMRG_31506	45
GRCh38_CMRG_33047	45
GRCh38_CMRG_33825	45
GRCh38_CMRG_34193	45
GRCh38_CMRG_39544	45
GRCh38_CMRG_40226	45
GRCh38_CMRG_44047	45
GRCh38_CMRG_45935	45
GRCh38_CMRG_504	45
GRCh38_CMRG_51613	45
GRCh38_CMRG_55243	45
GRCh38_CMRG_55254	45
GRCh38_CMRG_55762	45
GRCh38_CMRG_59065	45
GRCh38_CMRG_6503	45
GRCh38_CMRG_72064	45
GRCh38_CMRG_72952	45
GRCh38_CMRG_79853	45
GRCh38_CMRG_82438	45
GRCh38_CMRG_82903	45
GRCh38_CMRG_11275	44
GRCh38_CMRG_11570	44
GRCh38_CMRG_12288	44
GRCh38_CMRG_174	44
GRCh38_CMRG_2025	44
GRCh38_CMRG_21386	44
GRCh38_CMRG_22443	44
GRCh38_CMRG_23912	44
GRCh38_CMRG_24725	44
GRCh38_CMRG_27467	44
GRCh38_CMRG_28787	44
GRCh38_CMRG_31824	44
GRCh38_CMRG_32075	44
GRCh38_CMRG_32392	44
GRCh38_CMRG_33385	44
GRCh38_CMRG_37956	44
GRCh38_CMRG_40076	44
GRCh38_CMRG_45403	44
GRCh38_CMRG_462	44
GRCh38_CMRG_50365	44
GRCh38_CMRG_52010	44
GRCh38_CMRG_55429	44
GRCh38_CMRG_55599	44
GRCh38_CMRG_55751	44
GRCh38_CMRG_5725	44
GRCh38_CMRG_59879	44
GRCh38_CMRG_6132	44
GRCh38_CMRG_65547	44
GRCh38_CMRG_67391	44
GRCh38_CMRG_69060	44
GRCh38_CMRG_71419	44
GRCh38_CMRG_72915	44
GRCh38_CMRG_77480	44
GRCh38_CMRG_79512	44
GRCh38_CMRG_82088	44
GRCh38_CMRG_82260	44
GRCh38_CMRG_82874	44
GRCh38_CMRG_8316	44
GRCh38_CMRG_11495	43
GRCh38_CMRG_1329	43
GRCh38_CMRG_13540	43
GRCh38_CMRG_16482	43
GRCh38_CMRG_18409	43
GRCh38_CMRG_27868	43
GRCh38_CMRG_32826	43
GRCh38_CMRG_33262	43
GRCh38_CMRG_33669	43
GRCh38_CMRG_35764	43
GRCh38_CMRG_36583	43
GRCh38_CMRG_38456	43
GRCh38_CMRG_39699	43
GRCh38_CMRG_41173	43
GRCh38_CMRG_45455	43
GRCh38_CMRG_46344	43
GRCh38_CMRG_46345	43
GRCh38_CMRG_48588	43
GRCh38_CMRG_50469	43
GRCh38_CMRG_51868	43
GRCh38_CMRG_55673	43
GRCh38_CMRG_59014	43
GRCh38_CMRG_60020	43
GRCh38_CMRG_64898	43
GRCh38_CMRG_6553	43
GRCh38_CMRG_667	43
GRCh38_CMRG_67190	43
GRCh38_CMRG_67927	43
GRCh38_CMRG_68582	43
GRCh38_CMRG_70413	43
GRCh38_CMRG_71185	43
GRCh38_CMRG_74043	43
GRCh38_CMRG_74800	43
GRCh38_CMRG_7624	43
GRCh38_CMRG_7924	43
GRCh38_CMRG_79380	43
GRCh38_CMRG_79966	43
GRCh38_CMRG_80979	43
GRCh38_CMRG_82288	43
GRCh38_CMRG_82587	43
GRCh38_CMRG_82599	43
GRCh38_CMRG_14577	42
GRCh38_CMRG_17140	42
GRCh38_CMRG_17582	42
GRCh38_CMRG_17846	42
GRCh38_CMRG_18788	42
GRCh38_CMRG_19032	42
GRCh38_CMRG_19908	42
GRCh38_CMRG_2434	42
GRCh38_CMRG_24453	42
GRCh38_CMRG_26806	42
GRCh38_CMRG_27406	42
GRCh38_CMRG_33330	42
GRCh38_CMRG_33592	42
GRCh38_CMRG_33744	42
GRCh38_CMRG_35870	42
GRCh38_CMRG_35998	42
GRCh38_CMRG_41661	42
GRCh38_CMRG_48294	42
GRCh38_CMRG_49308	42
GRCh38_CMRG_49518	42
GRCh38_CMRG_50120	42
GRCh38_CMRG_55464	42
GRCh38_CMRG_55750	42
GRCh38_CMRG_60071	42
GRCh38_CMRG_60417	42
GRCh38_CMRG_61866	42
GRCh38_CMRG_65409	42
GRCh38_CMRG_68161	42
GRCh38_CMRG_73479	42
GRCh38_CMRG_7503	42
GRCh38_CMRG_7992	42
GRCh38_CMRG_82155	42
GRCh38_CMRG_82253	42
GRCh38_CMRG_82502	42
GRCh38_CMRG_83865	42
GRCh38_CMRG_8522	42
GRCh38_CMRG_8946	42
GRCh38_CMRG_9536	42
GRCh38_CMRG_10984	41
GRCh38_CMRG_12285	41
GRCh38_CMRG_13249	41
GRCh38_CMRG_13354	41
GRCh38_CMRG_14115	41
GRCh38_CMRG_17390	41
GRCh38_CMRG_20942	41
GRCh38_CMRG_20949	41
GRCh38_CMRG_21863	41
GRCh38_CMRG_2188	41
GRCh38_CMRG_26790	41
GRCh38_CMRG_2835	41
GRCh38_CMRG_29121	41
GRCh38_CMRG_33661	41
GRCh38_CMRG_36882	41
GRCh38_CMRG_37608	41
GRCh38_CMRG_39547	41
GRCh38_CMRG_41887	41
GRCh38_CMRG_49541	41
GRCh38_CMRG_51067	41
GRCh38_CMRG_54035	41
GRCh38_CMRG_54036	41
GRCh38_CMRG_58637	41
GRCh38_CMRG_64952	41
GRCh38_CMRG_6561	41
GRCh38_CMRG_65830	41
GRCh38_CMRG_68017	41
GRCh38_CMRG_68669	41
GRCh38_CMRG_70803	41
GRCh38_CMRG_73434	41
GRCh38_CMRG_7376	41
GRCh38_CMRG_74807	41
GRCh38_CMRG_82222	41
GRCh38_CMRG_1675	40
GRCh38_CMRG_19900	40
GRCh38_CMRG_22243	40
GRCh38_CMRG_23676	40
GRCh38_CMRG_26468	40
GRCh38_CMRG_27016	40
GRCh38_CMRG_27041	40
GRCh38_CMRG_37116	40
GRCh38_CMRG_38560	40
GRCh38_CMRG_41441	40
GRCh38_CMRG_43604	40
GRCh38_CMRG_49312	40
GRCh38_CMRG_49583	40
GRCh38_CMRG_51045	40
GRCh38_CMRG_52236	40
GRCh38_CMRG_58201	40
GRCh38_CMRG_67645	40
GRCh38_CMRG_67713	40
GRCh38_CMRG_68884	40
GRCh38_CMRG_7440	40
GRCh38_CMRG_75180	40
GRCh38_CMRG_79428	40
GRCh38_CMRG_79766	40
GRCh38_CMRG_81835	40
GRCh38_CMRG_82371	40
GRCh38_CMRG_83054	40
GRCh38_CMRG_8457	40
GRCh38_CMRG_9496	40
GRCh38_CMRG_1036	39
GRCh38_CMRG_10822	39
GRCh38_CMRG_11278	39
GRCh38_CMRG_1167	39
GRCh38_CMRG_12822	39
GRCh38_CMRG_13440	39
GRCh38_CMRG_16597	39
GRCh38_CMRG_19662	39
GRCh38_CMRG_2049	39
GRCh38_CMRG_23616	39
GRCh38_CMRG_24069	39
GRCh38_CMRG_28434	39
GRCh38_CMRG_28984	39
GRCh38_CMRG_33241	39
GRCh38_CMRG_35544	39
GRCh38_CMRG_37716	39
GRCh38_CMRG_37781	39
GRCh38_CMRG_39871	39
GRCh38_CMRG_40247	39
GRCh38_CMRG_41317	39
GRCh38_CMRG_43950	39
GRCh38_CMRG_44791	39
GRCh38_CMRG_45884	39
GRCh38_CMRG_46342	39
GRCh38_CMRG_47861	39
GRCh38_CMRG_50265	39
GRCh38_CMRG_52256	39
GRCh38_CMRG_62065	39
GRCh38_CMRG_63241	39
GRCh38_CMRG_67243	39
GRCh38_CMRG_6999	39
GRCh38_CMRG_70565	39
GRCh38_CMRG_71058	39
GRCh38_CMRG_73239	39
GRCh38_CMRG_73579	39
GRCh38_CMRG_76	39
GRCh38_CMRG_77140	39
GRCh38_CMRG_79765	39
GRCh38_CMRG_82600	39
GRCh38_CMRG_84317	39
GRCh38_CMRG_84586	39
GRCh38_CMRG_9297	39
GRCh38_CMRG_1109	38
GRCh38_CMRG_12492	38
GRCh38_CMRG_14278	38
GRCh38_CMRG_19225	38
GRCh38_CMRG_19426	38
GRCh38_CMRG_21029	38
GRCh38_CMRG_21204	38
GRCh38_CMRG_22823	38
GRCh38_CMRG_23583	38
GRCh38_CMRG_23698	38
GRCh38_CMRG_25063	38
GRCh38_CMRG_25391	38
GRCh38_CMRG_26999	38
GRCh38_CMRG_27125	38
GRCh38_CMRG_28659	38
GRCh38_CMRG_31354	38
GRCh38_CMRG_33144	38
GRCh38_CMRG_35806	38
GRCh38_CMRG_36230	38
GRCh38_CMRG_37408	38
GRCh38_CMRG_38227	38
GRCh38_CMRG_38454	38
GRCh38_CMRG_40431	38
GRCh38_CMRG_42054	38
GRCh38_CMRG_42409	38
GRCh38_CMRG_45219	38
GRCh38_CMRG_45344	38
GRCh38_CMRG_48516	38
GRCh38_CMRG_49212	38
GRCh38_CMRG_49625	38
GRCh38_CMRG_49708	38
GRCh38_CMRG_52075	38
GRCh38_CMRG_54497	38
GRCh38_CMRG_5817	38
GRCh38_CMRG_6001	38
GRCh38_CMRG_64267	38
GRCh38_CMRG_64939	38
GRCh38_CMRG_67704	38
GRCh38_CMRG_67984	38
GRCh38_CMRG_70931	38
GRCh38_CMRG_71892	38
GRCh38_CMRG_72	38
GRCh38_CMRG_72602	38
GRCh38_CMRG_73448	38
GRCh38_CMRG_75048	38
GRCh38_CMRG_79317	38
GRCh38_CMRG_82777	38
GRCh38_CMRG_12050	37
GRCh38_CMRG_13324	37
GRCh38_CMRG_13784	37
GRCh38_CMRG_18119	37
GRCh38_CMRG_23214	37
GRCh38_CMRG_23364	37
GRCh38_CMRG_23407	37
GRCh38_CMRG_28946	37
GRCh38_CMRG_32861	37
GRCh38_CMRG_35691	37
GRCh38_CMRG_38460	37
GRCh38_CMRG_38578	37
GRCh38_CMRG_394	37
GRCh38_CMRG_40225	37
GRCh38_CMRG_42586	37
GRCh38_CMRG_46174	37
GRCh38_CMRG_47361	37
GRCh38_CMRG_48796	37
GRCh38_CMRG_53276	37
GRCh38_CMRG_55250	37
GRCh38_CMRG_58402	37
GRCh38_CMRG_59257	37
GRCh38_CMRG_60643	37
GRCh38_CMRG_62303	37
GRCh38_CMRG_65050	37
GRCh38_CMRG_68258	37
GRCh38_CMRG_68675	37
GRCh38_CMRG_69936	37
GRCh38_CMRG_7024	37
GRCh38_CMRG_72469	37
GRCh38_CMRG_72635	37
GRCh38_CMRG_72849	37
GRCh38_CMRG_74404	37
GRCh38_CMRG_7707	37
GRCh38_CMRG_84592	37
GRCh38_CMRG_10649	36
GRCh38_CMRG_11222	36
GRCh38_CMRG_1676	36
GRCh38_CMRG_17777	36
GRCh38_CMRG_18338	36
GRCh38_CMRG_18973	36
GRCh38_CMRG_19285	36
GRCh38_CMRG_2052	36
GRCh38_CMRG_21362	36
GRCh38_CMRG_22173	36
GRCh38_CMRG_23599	36
GRCh38_CMRG_25064	36
GRCh38_CMRG_25802	36
GRCh38_CMRG_28981	36
GRCh38_CMRG_29978	36
GRCh38_CMRG_31115	36
GRCh38_CMRG_31634	36
GRCh38_CMRG_32411	36
GRCh38_CMRG_32825	36
GRCh38_CMRG_33225	36
GRCh38_CMRG_39613	36
GRCh38_CMRG_42100	36
GRCh38_CMRG_43876	36
GRCh38_CMRG_45037	36
GRCh38_CMRG_49354	36
GRCh38_CMRG_51068	36
GRCh38_CMRG_52339	36
GRCh38_CMRG_52507	36
GRCh38_CMRG_52724	36
GRCh38_CMRG_60763	36
GRCh38_CMRG_63946	36
GRCh38_CMRG_64230	36
GRCh38_CMRG_64418	36
GRCh38_CMRG_6456	36
GRCh38_CMRG_6736	36
GRCh38_CMRG_6784	36
GRCh38_CMRG_69353	36
GRCh38_CMRG_73264	36
GRCh38_CMRG_73679	36
GRCh38_CMRG_74096	36
GRCh38_CMRG_82315	36
GRCh38_CMRG_10488	35
GRCh38_CMRG_12491	35
GRCh38_CMRG_14421	35
GRCh38_CMRG_18399	35
GRCh38_CMRG_18536	35
GRCh38_CMRG_19082	35
GRCh38_CMRG_19247	35
GRCh38_CMRG_23708	35
GRCh38_CMRG_2675	35
GRCh38_CMRG_27139	35
GRCh38_CMRG_27182	35
GRCh38_CMRG_27280	35
GRCh38_CMRG_28615	35
GRCh38_CMRG_29118	35
GRCh38_CMRG_29119	35
GRCh38_CMRG_31089	35
GRCh38_CMRG_32352	35
GRCh38_CMRG_33097	35
GRCh38_CMRG_36059	35
GRCh38_CMRG_37471	35
GRCh38_CMRG_38388	35
GRCh38_CMRG_38734	35
GRCh38_CMRG_44839	35
GRCh38_CMRG_45976	35
GRCh38_CMRG_46566	35
GRCh38_CMRG_47701	35
GRCh38_CMRG_49170	35
GRCh38_CMRG_50087	35
GRCh38_CMRG_50260	35
GRCh38_CMRG_50405	35
GRCh38_CMRG_51643	35
GRCh38_CMRG_53675	35
GRCh38_CMRG_55099	35
GRCh38_CMRG_61038	35
GRCh38_CMRG_65658	35
GRCh38_CMRG_6783	35
GRCh38_CMRG_68334	35
GRCh38_CMRG_69487	35
GRCh38_CMRG_76820	35
GRCh38_CMRG_77385	35
GRCh38_CMRG_77582	35
GRCh38_CMRG_77648	35
GRCh38_CMRG_79584	35
GRCh38_CMRG_79976	35
GRCh38_CMRG_83111	35
GRCh38_CMRG_8449	35
GRCh38_CMRG_13670	34
GRCh38_CMRG_14004	34
GRCh38_CMRG_17766	34
GRCh38_CMRG_1820	34
GRCh38_CMRG_18869	34
GRCh38_CMRG_21262	34
GRCh38_CMRG_23195	34
GRCh38_CMRG_26700	34
GRCh38_CMRG_26822	34
GRCh38_CMRG_27910	34
GRCh38_CMRG_28051	34
GRCh38_CMRG_33418	34
GRCh38_CMRG_33627	34
GRCh38_CMRG_36120	34
GRCh38_CMRG_36476	34
GRCh38_CMRG_37474	34
GRCh38_CMRG_38990	34
GRCh38_CMRG_39227	34
GRCh38_CMRG_39401	34
GRCh38_CMRG_40454	34
GRCh38_CMRG_41389	34
GRCh38_CMRG_42303	34
GRCh38_CMRG_44851	34
GRCh38_CMRG_44959	34
GRCh38_CMRG_48656	34
GRCh38_CMRG_49141	34
GRCh38_CMRG_54751	34
GRCh38_CMRG_58631	34
GRCh38_CMRG_65127	34
GRCh38_CMRG_68001	34
GRCh38_CMRG_70945	34
GRCh38_CMRG_71911	34
GRCh38_CMRG_72431	34
GRCh38_CMRG_73414	34
GRCh38_CMRG_7620	34
GRCh38_CMRG_7692	34
GRCh38_CMRG_78870	34
GRCh38_CMRG_79270	34
GRCh38_CMRG_794	34
GRCh38_CMRG_80830	34
GRCh38_CMRG_82125	34
GRCh38_CMRG_9075	34
GRCh38_CMRG_15535	33
GRCh38_CMRG_18966	33
GRCh38_CMRG_19262	33
GRCh38_CMRG_19280	33
GRCh38_CMRG_21870	33
GRCh38_CMRG_24410	33
GRCh38_CMRG_24866	33
GRCh38_CMRG_31088	33
GRCh38_CMRG_31636	33
GRCh38_CMRG_33088	33
GRCh38_CMRG_34253	33
GRCh38_CMRG_35561	33
GRCh38_CMRG_40592	33
GRCh38_CMRG_48271	33
GRCh38_CMRG_49098	33
GRCh38_CMRG_49353	33
GRCh38_CMRG_49405	33
GRCh38_CMRG_50783	33
GRCh38_CMRG_52580	33
GRCh38_CMRG_52971	33
GRCh38_CMRG_53233	33
GRCh38_CMRG_55455	33
GRCh38_CMRG_58141	33
GRCh38_CMRG_60557	33
GRCh38_CMRG_60651	33
GRCh38_CMRG_60652	33
GRCh38_CMRG_64959	33
GRCh38_CMRG_68454	33
GRCh38_CMRG_68480	33
GRCh38_CMRG_69935	33
GRCh38_CMRG_72596	33
GRCh38_CMRG_73185	33
GRCh38_CMRG_73268	33
GRCh38_CMRG_7621	33
GRCh38_CMRG_7865	33
GRCh38_CMRG_82906	33
GRCh38_CMRG_8510	33
GRCh38_CMRG_9471	33
GRCh38_CMRG_10686	32
GRCh38_CMRG_12949	32
GRCh38_CMRG_14637	32
GRCh38_CMRG_14638	32
GRCh38_CMRG_17968	32
GRCh38_CMRG_18084	32
GRCh38_CMRG_18949	32
GRCh38_CMRG_23891	32
GRCh38_CMRG_27085	32
GRCh38_CMRG_2767	32
GRCh38_CMRG_27958	32
GRCh38_CMRG_28462	32
GRCh38_CMRG_31011	32
GRCh38_CMRG_32703	32
GRCh38_CMRG_32910	32
GRCh38_CMRG_33263	32
GRCh38_CMRG_33746	32
GRCh38_CMRG_34741	32
GRCh38_CMRG_36466	32
GRCh38_CMRG_37750	32
GRCh38_CMRG_38336	32
GRCh38_CMRG_39567	32
GRCh38_CMRG_41674	32
GRCh38_CMRG_44966	32
GRCh38_CMRG_49447	32
GRCh38_CMRG_49995	32
GRCh38_CMRG_50284	32
GRCh38_CMRG_51347	32
GRCh38_CMRG_53866	32
GRCh38_CMRG_593	32
GRCh38_CMRG_59502	32
GRCh38_CMRG_63265	32
GRCh38_CMRG_66034	32
GRCh38_CMRG_70780	32
GRCh38_CMRG_73312	32
GRCh38_CMRG_7670	32
GRCh38_CMRG_7710	32
GRCh38_CMRG_77287	32
GRCh38_CMRG_79996	32
GRCh38_CMRG_8340	32
GRCh38_CMRG_84540	32
GRCh38_CMRG_9571	32
GRCh38_CMRG_10883	31
GRCh38_CMRG_10884	31
GRCh38_CMRG_11537	31
GRCh38_CMRG_13645	31
GRCh38_CMRG_13761	31
GRCh38_CMRG_18599	31
GRCh38_CMRG_18780	31
GRCh38_CMRG_2121	31
GRCh38_CMRG_21346	31
GRCh38_CMRG_25376	31
GRCh38_CMRG_26023	31
GRCh38_CMRG_31261	31
GRCh38_CMRG_38030	31
GRCh38_CMRG_38056	31
GRCh38_CMRG_38153	31
GRCh38_CMRG_38299	31
GRCh38_CMRG_42498	31
GRCh38_CMRG_45368	31
GRCh38_CMRG_45386	31
GRCh38_CMRG_47550	31
GRCh38_CMRG_48103	31
GRCh38_CMRG_48399	31
GRCh38_CMRG_55255	31
GRCh38_CMRG_55453	31
GRCh38_CMRG_60508	31
GRCh38_CMRG_63371	31
GRCh38_CMRG_63373	31
GRCh38_CMRG_6502	31
GRCh38_CMRG_6629	31
GRCh38_CMRG_67615	31
GRCh38_CMRG_67677	31
GRCh38_CMRG_7123	31
GRCh38_CMRG_71523	31
GRCh38_CMRG_75538	31
GRCh38_CMRG_7622	31
GRCh38_CMRG_77184	31
GRCh38_CMRG_79332	31
GRCh38_CMRG_81474	31
GRCh38_CMRG_81721	31
GRCh38_CMRG_82917	31
GRCh38_CMRG_82958	31
GRCh38_CMRG_83381	31
GRCh38_CMRG_10995	30
GRCh38_CMRG_11079	30
GRCh38_CMRG_123	30
GRCh38_CMRG_1249	30
GRCh38_CMRG_13545	30
GRCh38_CMRG_15420	30
GRCh38_CMRG_15599	30
GRCh38_CMRG_22756	30
GRCh38_CMRG_23722	30
GRCh38_CMRG_23784	30
GRCh38_CMRG_2445	30
GRCh38_CMRG_25996	30
GRCh38_CMRG_2932	30
GRCh38_CMRG_32918	30
GRCh38_CMRG_33224	30
GRCh38_CMRG_33500	30
GRCh38_CMRG_33755	30
GRCh38_CMRG_40279	30
GRCh38_CMRG_40899	30
GRCh38_CMRG_45873	30
GRCh38_CMRG_49441	30
GRCh38_CMRG_50854	30
GRCh38_CMRG_53441	30
GRCh38_CMRG_53861	30
GRCh38_CMRG_55748	30
GRCh38_CMRG_59897	30
GRCh38_CMRG_60940	30
GRCh38_CMRG_62257	30
GRCh38_CMRG_63752	30
GRCh38_CMRG_64419	30
GRCh38_CMRG_64783	30
GRCh38_CMRG_65469	30
GRCh38_CMRG_67783	30
GRCh38_CMRG_67976	30
GRCh38_CMRG_68426	30
GRCh38_CMRG_70665	30
GRCh38_CMRG_70684	30
GRCh38_CMRG_73831	30
GRCh38_CMRG_75013	30
GRCh38_CMRG_76926	30
GRCh38_CMRG_79320	30
GRCh38_CMRG_84469	30
GRCh38_CMRG_84711	30
GRCh38_CMRG_11366	29
GRCh38_CMRG_22973	29
GRCh38_CMRG_23432	29
GRCh38_CMRG_24136	29
GRCh38_CMRG_27554	29
GRCh38_CMRG_41112	29
GRCh38_CMRG_41447	29
GRCh38_CMRG_41737	29
GRCh38_CMRG_44143	29
GRCh38_CMRG_45033	29
GRCh38_CMRG_45371	29
GRCh38_CMRG_46343	29
GRCh38_CMRG_52189	29
GRCh38_CMRG_53669	29
GRCh38_CMRG_55248	29
GRCh38_CMRG_55585	29
GRCh38_CMRG_58382	29
GRCh38_CMRG_59100	29
GRCh38_CMRG_59999	29
GRCh38_CMRG_60589	29
GRCh38_CMRG_6078	29
GRCh38_CMRG_61142	29
GRCh38_CMRG_64355	29
GRCh38_CMRG_67586	29
GRCh38_CMRG_68241	29
GRCh38_CMRG_7039	29
GRCh38_CMRG_7040	29
GRCh38_CMRG_72709	29
GRCh38_CMRG_72973	29
GRCh38_CMRG_73779	29
GRCh38_CMRG_74097	29
GRCh38_CMRG_79600	29
GRCh38_CMRG_7975	29
GRCh38_CMRG_81187	29
GRCh38_CMRG_8712	29
GRCh38_CMRG_10880	28
GRCh38_CMRG_10918	28
GRCh38_CMRG_13357	28
GRCh38_CMRG_14586	28
GRCh38_CMRG_17772	28
GRCh38_CMRG_19977	28
GRCh38_CMRG_21324	28
GRCh38_CMRG_23366	28
GRCh38_CMRG_23604	28
GRCh38_CMRG_26711	28
GRCh38_CMRG_27014	28
GRCh38_CMRG_33337	28
GRCh38_CMRG_33426	28
GRCh38_CMRG_36898	28
GRCh38_CMRG_38498	28
GRCh38_CMRG_38570	28
GRCh38_CMRG_39456	28
GRCh38_CMRG_41572	28
GRCh38_CMRG_44701	28
GRCh38_CMRG_44994	28
GRCh38_CMRG_46273	28
GRCh38_CMRG_46377	28
GRCh38_CMRG_47788	28
GRCh38_CMRG_48582	28
GRCh38_CMRG_49106	28
GRCh38_CMRG_52033	28
GRCh38_CMRG_52292	28
GRCh38_CMRG_63492	28
GRCh38_CMRG_63766	28
GRCh38_CMRG_64965	28
GRCh38_CMRG_70426	28
GRCh38_CMRG_73101	28
GRCh38_CMRG_74394	28
GRCh38_CMRG_74992	28
GRCh38_CMRG_75631	28
GRCh38_CMRG_77451	28
GRCh38_CMRG_82227	28
GRCh38_CMRG_83201	28
GRCh38_CMRG_14728	27
GRCh38_CMRG_16991	27
GRCh38_CMRG_17547	27
GRCh38_CMRG_18590	27
GRCh38_CMRG_23268	27
GRCh38_CMRG_24864	27
GRCh38_CMRG_25775	27
GRCh38_CMRG_25887	27
GRCh38_CMRG_31382	27
GRCh38_CMRG_32754	27
GRCh38_CMRG_34862	27
GRCh38_CMRG_35540	27
GRCh38_CMRG_38216	27
GRCh38_CMRG_39126	27
GRCh38_CMRG_41892	27
GRCh38_CMRG_45190	27
GRCh38_CMRG_45508	27
GRCh38_CMRG_49313	27
GRCh38_CMRG_495	27
GRCh38_CMRG_51412	27
GRCh38_CMRG_51922	27
GRCh38_CMRG_52375	27
GRCh38_CMRG_6074	27
GRCh38_CMRG_71966	27
GRCh38_CMRG_72181	27
GRCh38_CMRG_72821	27
GRCh38_CMRG_73245	27
GRCh38_CMRG_74505	27
GRCh38_CMRG_76844	27
GRCh38_CMRG_79918	27
GRCh38_CMRG_80839	27
GRCh38_CMRG_82362	27
GRCh38_CMRG_82406	27
GRCh38_CMRG_82712	27
GRCh38_CMRG_83870	27
GRCh38_CMRG_83907	27
GRCh38_CMRG_84184	27
GRCh38_CMRG_14798	26
GRCh38_CMRG_18422	26
GRCh38_CMRG_20882	26
GRCh38_CMRG_23365	26
GRCh38_CMRG_23700	26
GRCh38_CMRG_23828	26
GRCh38_CMRG_30013	26
GRCh38_CMRG_33046	26
GRCh38_CMRG_33096	26
GRCh38_CMRG_33223	26
GRCh38_CMRG_33829	26
GRCh38_CMRG_36481	26
GRCh38_CMRG_36864	26
GRCh38_CMRG_38143	26
GRCh38_CMRG_38523	26
GRCh38_CMRG_39593	26
GRCh38_CMRG_40133	26
GRCh38_CMRG_44849	26
GRCh38_CMRG_47317	26
GRCh38_CMRG_478	26
GRCh38_CMRG_48032	26
GRCh38_CMRG_48579	26
GRCh38_CMRG_48693	26
GRCh38_CMRG_51004	26
GRCh38_CMRG_53851	26
GRCh38_CMRG_54258	26
GRCh38_CMRG_5722	26
GRCh38_CMRG_60935	26
GRCh38_CMRG_64977	26
GRCh38_CMRG_65550	26
GRCh38_CMRG_65809	26
GRCh38_CMRG_6994	26
GRCh38_CMRG_70687	26
GRCh38_CMRG_71936	26
GRCh38_CMRG_72830	26
GRCh38_CMRG_73187	26
GRCh38_CMRG_74401	26
GRCh38_CMRG_74888	26
GRCh38_CMRG_7512	26
GRCh38_CMRG_75493	26
GRCh38_CMRG_75494	26
GRCh38_CMRG_77198	26
GRCh38_CMRG_79568	26
GRCh38_CMRG_8250	26
GRCh38_CMRG_84608	26
GRCh38_CMRG_84867	26
GRCh38_CMRG_1166	25
GRCh38_CMRG_13835	25
GRCh38_CMRG_15570	25
GRCh38_CMRG_16531	25
GRCh38_CMRG_17019	25
GRCh38_CMRG_17983	25
GRCh38_CMRG_19515	25
GRCh38_CMRG_19921	25
GRCh38_CMRG_2050	25
GRCh38_CMRG_22484	25
GRCh38_CMRG_22860	25
GRCh38_CMRG_23697	25
GRCh38_CMRG_23761	25
GRCh38_CMRG_24953	25
GRCh38_CMRG_29843	25
GRCh38_CMRG_32109	25
GRCh38_CMRG_32230	25
GRCh38_CMRG_38491	25
GRCh38_CMRG_44471	25
GRCh38_CMRG_47350	25
GRCh38_CMRG_49132	25
GRCh38_CMRG_49385	25
GRCh38_CMRG_49434	25
GRCh38_CMRG_51325	25
GRCh38_CMRG_52161	25
GRCh38_CMRG_54198	25
GRCh38_CMRG_58641	25
GRCh38_CMRG_58817	25
GRCh38_CMRG_60432	25
GRCh38_CMRG_60505	25
GRCh38_CMRG_64632	25
GRCh38_CMRG_68029	25
GRCh38_CMRG_68306	25
GRCh38_CMRG_6993	25
GRCh38_CMRG_72550	25
GRCh38_CMRG_72551	25
GRCh38_CMRG_72641	25
GRCh38_CMRG_72716	25
GRCh38_CMRG_74171	25
GRCh38_CMRG_745	25
GRCh38_CMRG_75090	25
GRCh38_CMRG_75133	25
GRCh38_CMRG_76636	25
GRCh38_CMRG_79909	25
GRCh38_CMRG_81687	25
GRCh38_CMRG_83364	25
GRCh38_CMRG_10856	24
GRCh38_CMRG_11202	24
GRCh38_CMRG_12221	24
GRCh38_CMRG_13353	24
GRCh38_CMRG_1634	24
GRCh38_CMRG_18798	24
GRCh38_CMRG_29340	24
GRCh38_CMRG_29664	24
GRCh38_CMRG_33159	24
GRCh38_CMRG_33340	24
GRCh38_CMRG_33634	24
GRCh38_CMRG_34454	24
GRCh38_CMRG_36164	24
GRCh38_CMRG_36765	24
GRCh38_CMRG_36766	24
GRCh38_CMRG_44335	24
GRCh38_CMRG_45267	24
GRCh38_CMRG_45405	24
GRCh38_CMRG_46495	24
GRCh38_CMRG_48384	24
GRCh38_CMRG_54728	24
GRCh38_CMRG_55231	24
GRCh38_CMRG_58093	24
GRCh38_CMRG_60506	24
GRCh38_CMRG_6068	24
GRCh38_CMRG_68839	24
GRCh38_CMRG_6977	24
GRCh38_CMRG_6979	24
GRCh38_CMRG_69805	24
GRCh38_CMRG_72789	24
GRCh38_CMRG_73682	24
GRCh38_CMRG_74049	24
GRCh38_CMRG_7712	24
GRCh38_CMRG_78871	24
GRCh38_CMRG_7969	24
GRCh38_CMRG_82896	24
GRCh38_CMRG_83135	24
GRCh38_CMRG_10503	23
GRCh38_CMRG_10510	23
GRCh38_CMRG_10989	23
GRCh38_CMRG_11795	23
GRCh38_CMRG_1635	23
GRCh38_CMRG_18797	23
GRCh38_CMRG_19516	23
GRCh38_CMRG_21076	23
GRCh38_CMRG_22788	23
GRCh38_CMRG_23953	23
GRCh38_CMRG_24744	23
GRCh38_CMRG_27788	23
GRCh38_CMRG_28701	23
GRCh38_CMRG_28987	23
GRCh38_CMRG_32618	23
GRCh38_CMRG_35869	23
GRCh38_CMRG_37357	23
GRCh38_CMRG_37661	23
GRCh38_CMRG_38410	23
GRCh38_CMRG_46496	23
GRCh38_CMRG_46561	23
GRCh38_CMRG_47024	23
GRCh38_CMRG_47450	23
GRCh38_CMRG_49143	23
GRCh38_CMRG_51419	23
GRCh38_CMRG_51721	23
GRCh38_CMRG_52506	23
GRCh38_CMRG_53823	23
GRCh38_CMRG_54306	23
GRCh38_CMRG_67759	23
GRCh38_CMRG_72640	23
GRCh38_CMRG_73215	23
GRCh38_CMRG_73399	23
GRCh38_CMRG_73852	23
GRCh38_CMRG_74145	23
GRCh38_CMRG_74760	23
GRCh38_CMRG_75201	23
GRCh38_CMRG_77182	23
GRCh38_CMRG_7914	23
GRCh38_CMRG_79648	23
GRCh38_CMRG_8029	23
GRCh38_CMRG_8030	23
GRCh38_CMRG_81697	23
GRCh38_CMRG_81960	23
GRCh38_CMRG_83543	23
GRCh38_CMRG_83750	23
GRCh38_CMRG_9208	23
GRCh38_CMRG_10508	22
GRCh38_CMRG_11229	22
GRCh38_CMRG_12077	22
GRCh38_CMRG_13442	22
GRCh38_CMRG_13802	22
GRCh38_CMRG_17987	22
GRCh38_CMRG_22814	22
GRCh38_CMRG_23493	22
GRCh38_CMRG_23585	22
GRCh38_CMRG_24027	22
GRCh38_CMRG_27534	22
GRCh38_CMRG_27789	22
GRCh38_CMRG_28225	22
GRCh38_CMRG_28311	22
GRCh38_CMRG_30751	22
GRCh38_CMRG_32921	22
GRCh38_CMRG_32990	22
GRCh38_CMRG_34174	22
GRCh38_CMRG_39404	22
GRCh38_CMRG_42	22
GRCh38_CMRG_44144	22
GRCh38_CMRG_44349	22
GRCh38_CMRG_46567	22
GRCh38_CMRG_47096	22
GRCh38_CMRG_47958	22
GRCh38_CMRG_52310	22
GRCh38_CMRG_54954	22
GRCh38_CMRG_55631	22
GRCh38_CMRG_58374	22
GRCh38_CMRG_59253	22
GRCh38_CMRG_59472	22
GRCh38_CMRG_64104	22
GRCh38_CMRG_64231	22
GRCh38_CMRG_69893	22
GRCh38_CMRG_70185	22
GRCh38_CMRG_72590	22
GRCh38_CMRG_73100	22
GRCh38_CMRG_75155	22
GRCh38_CMRG_76456	22
GRCh38_CMRG_79267	22
GRCh38_CMRG_83881	22
GRCh38_CMRG_8432	22
GRCh38_CMRG_84880	22
GRCh38_CMRG_9276	22
GRCh38_CMRG_11273	21
GRCh38_CMRG_11274	21
GRCh38_CMRG_11551	21
GRCh38_CMRG_14971	21
GRCh38_CMRG_18335	21
GRCh38_CMRG_20951	21
GRCh38_CMRG_21211	21
GRCh38_CMRG_23061	21
GRCh38_CMRG_33080	21
GRCh38_CMRG_33536	21
GRCh38_CMRG_33649	21
GRCh38_CMRG_38075	21
GRCh38_CMRG_38682	21
GRCh38_CMRG_39673	21
GRCh38_CMRG_42416	21
GRCh38_CMRG_43733	21
GRCh38_CMRG_44852	21
GRCh38_CMRG_44854	21
GRCh38_CMRG_45438	21
GRCh38_CMRG_45632	21
GRCh38_CMRG_49632	21
GRCh38_CMRG_52414	21
GRCh38_CMRG_52974	21
GRCh38_CMRG_52975	21
GRCh38_CMRG_54095	21
GRCh38_CMRG_54252	21
GRCh38_CMRG_55111	21
GRCh38_CMRG_55163	21
GRCh38_CMRG_58200	21
GRCh38_CMRG_60127	21
GRCh38_CMRG_61572	21
GRCh38_CMRG_63709	21
GRCh38_CMRG_64350	21
GRCh38_CMRG_6435	21
GRCh38_CMRG_64989	21
GRCh38_CMRG_67707	21
GRCh38_CMRG_67891	21
GRCh38_CMRG_68165	21
GRCh38_CMRG_68307	21
GRCh38_CMRG_69957	21
GRCh38_CMRG_71916	21
GRCh38_CMRG_72808	21
GRCh38_CMRG_72986	21
GRCh38_CMRG_79206	21
GRCh38_CMRG_81690	21
GRCh38_CMRG_82285	21
GRCh38_CMRG_82581	21
GRCh38_CMRG_82790	21
GRCh38_CMRG_83065	21
GRCh38_CMRG_84362	21
GRCh38_CMRG_8774	21
GRCh38_CMRG_990	21
GRCh38_CMRG_12570	20
GRCh38_CMRG_13441	20
GRCh38_CMRG_14061	20
GRCh38_CMRG_14972	20
GRCh38_CMRG_15537	20
GRCh38_CMRG_16899	20
GRCh38_CMRG_2060	20
GRCh38_CMRG_23600	20
GRCh38_CMRG_24506	20
GRCh38_CMRG_25279	20
GRCh38_CMRG_2712	20
GRCh38_CMRG_29156	20
GRCh38_CMRG_33172	20
GRCh38_CMRG_33457	20
GRCh38_CMRG_34695	20
GRCh38_CMRG_36865	20
GRCh38_CMRG_37960	20
GRCh38_CMRG_37983	20
GRCh38_CMRG_39387	20
GRCh38_CMRG_41106	20
GRCh38_CMRG_41268	20
GRCh38_CMRG_44499	20
GRCh38_CMRG_44999	20
GRCh38_CMRG_45512	20
GRCh38_CMRG_49361	20
GRCh38_CMRG_52258	20
GRCh38_CMRG_53964	20
GRCh38_CMRG_54298	20
GRCh38_CMRG_54753	20
GRCh38_CMRG_55251	20
GRCh38_CMRG_63551	20
GRCh38_CMRG_64981	20
GRCh38_CMRG_67729	20
GRCh38_CMRG_70902	20
GRCh38_CMRG_71421	20
GRCh38_CMRG_71841	20
GRCh38_CMRG_71897	20
GRCh38_CMRG_72598	20
GRCh38_CMRG_74081	20
GRCh38_CMRG_75047	20
GRCh38_CMRG_77704	20
GRCh38_CMRG_82295	20
GRCh38_CMRG_82761	20
GRCh38_CMRG_83176	20
GRCh38_CMRG_83723	20
GRCh38_CMRG_8439	20
GRCh38_CMRG_8479	20
GRCh38_CMRG_11271	19
GRCh38_CMRG_11272	19
GRCh38_CMRG_1181	19
GRCh38_CMRG_1182	19
GRCh38_CMRG_11927	19
GRCh38_CMRG_13266	19
GRCh38_CMRG_13706	19
GRCh38_CMRG_13929	19
GRCh38_CMRG_14111	19
GRCh38_CMRG_16926	19
GRCh38_CMRG_19246	19
GRCh38_CMRG_19338	19
GRCh38_CMRG_22115	19
GRCh38_CMRG_23520	19
GRCh38_CMRG_23603	19
GRCh38_CMRG_25979	19
GRCh38_CMRG_27080	19
GRCh38_CMRG_28974	19
GRCh38_CMRG_33921	19
GRCh38_CMRG_34009	19
GRCh38_CMRG_36319	19
GRCh38_CMRG_38338	19
GRCh38_CMRG_40549	19
GRCh38_CMRG_43631	19
GRCh38_CMRG_44690	19
GRCh38_CMRG_44691	19
GRCh38_CMRG_47209	19
GRCh38_CMRG_47286	19
GRCh38_CMRG_48104	19
GRCh38_CMRG_50933	19
GRCh38_CMRG_51003	19
GRCh38_CMRG_51357	19
GRCh38_CMRG_52016	19
GRCh38_CMRG_52308	19
GRCh38_CMRG_53384	19
GRCh38_CMRG_55780	19
GRCh38_CMRG_59524	19
GRCh38_CMRG_63934	19
GRCh38_CMRG_6467	19
GRCh38_CMRG_68295	19
GRCh38_CMRG_72815	19
GRCh38_CMRG_72858	19
GRCh38_CMRG_7319	19
GRCh38_CMRG_78937	19
GRCh38_CMRG_7963	19
GRCh38_CMRG_81869	19
GRCh38_CMRG_82805	19
GRCh38_CMRG_8400	19
GRCh38_CMRG_12063	18
GRCh38_CMRG_12829	18
GRCh38_CMRG_12946	18
GRCh38_CMRG_18344	18
GRCh38_CMRG_22209	18
GRCh38_CMRG_22278	18
GRCh38_CMRG_22957	18
GRCh38_CMRG_23564	18
GRCh38_CMRG_23584	18
GRCh38_CMRG_23709	18
GRCh38_CMRG_26656	18
GRCh38_CMRG_27495	18
GRCh38_CMRG_29265	18
GRCh38_CMRG_30904	18
GRCh38_CMRG_32517	18
GRCh38_CMRG_32808	18
GRCh38_CMRG_33425	18
GRCh38_CMRG_33432	18
GRCh38_CMRG_38318	18
GRCh38_CMRG_41670	18
GRCh38_CMRG_41673	18
GRCh38_CMRG_41786	18
GRCh38_CMRG_44340	18
GRCh38_CMRG_44919	18
GRCh38_CMRG_464	18
GRCh38_CMRG_47381	18
GRCh38_CMRG_48835	18
GRCh38_CMRG_50370	18
GRCh38_CMRG_51410	18
GRCh38_CMRG_52069	18
GRCh38_CMRG_53076	18
GRCh38_CMRG_54260	18
GRCh38_CMRG_55212	18
GRCh38_CMRG_61291	18
GRCh38_CMRG_63266	18
GRCh38_CMRG_65110	18
GRCh38_CMRG_65350	18
GRCh38_CMRG_7102	18
GRCh38_CMRG_71902	18
GRCh38_CMRG_72687	18
GRCh38_CMRG_76877	18
GRCh38_CMRG_80686	18
GRCh38_CMRG_8140	18
GRCh38_CMRG_81891	18
GRCh38_CMRG_83171	18
GRCh38_CMRG_83746	18
GRCh38_CMRG_84148	18
GRCh38_CMRG_84239	18
GRCh38_CMRG_11235	17
GRCh38_CMRG_13295	17
GRCh38_CMRG_13666	17
GRCh38_CMRG_14461	17
GRCh38_CMRG_17497	17
GRCh38_CMRG_18008	17
GRCh38_CMRG_2111	17
GRCh38_CMRG_22882	17
GRCh38_CMRG_22958	17
GRCh38_CMRG_25095	17
GRCh38_CMRG_30683	17
GRCh38_CMRG_30787	17
GRCh38_CMRG_30983	17
GRCh38_CMRG_31157	17
GRCh38_CMRG_32720	17
GRCh38_CMRG_33440	17
GRCh38_CMRG_36141	17
GRCh38_CMRG_37110	17
GRCh38_CMRG_40720	17
GRCh38_CMRG_44700	17
GRCh38_CMRG_45112	17
GRCh38_CMRG_45178	17
GRCh38_CMRG_45394	17
GRCh38_CMRG_45395	17
GRCh38_CMRG_45588	17
GRCh38_CMRG_47957	17
GRCh38_CMRG_48558	17
GRCh38_CMRG_48719	17
GRCh38_CMRG_49374	17
GRCh38_CMRG_52411	17
GRCh38_CMRG_54770	17
GRCh38_CMRG_55606	17
GRCh38_CMRG_62125	17
GRCh38_CMRG_62126	17
GRCh38_CMRG_63791	17
GRCh38_CMRG_64300	17
GRCh38_CMRG_64507	17
GRCh38_CMRG_68565	17
GRCh38_CMRG_70405	17
GRCh38_CMRG_70558	17
GRCh38_CMRG_7124	17
GRCh38_CMRG_72022	17
GRCh38_CMRG_72642	17
GRCh38_CMRG_73113	17
GRCh38_CMRG_74722	17
GRCh38_CMRG_78932	17
GRCh38_CMRG_81827	17
GRCh38_CMRG_83248	17
GRCh38_CMRG_10690	16
GRCh38_CMRG_11519	16
GRCh38_CMRG_11818	16
GRCh38_CMRG_12710	16
GRCh38_CMRG_12824	16
GRCh38_CMRG_13434	16
GRCh38_CMRG_13617	16
GRCh38_CMRG_14429	16
GRCh38_CMRG_17092	16
GRCh38_CMRG_17310	16
GRCh38_CMRG_18217	16
GRCh38_CMRG_18444	16
GRCh38_CMRG_21360	16
GRCh38_CMRG_23693	16
GRCh38_CMRG_23723	16
GRCh38_CMRG_24420	16
GRCh38_CMRG_2604	16
GRCh38_CMRG_26469	16
GRCh38_CMRG_31756	16
GRCh38_CMRG_36863	16
GRCh38_CMRG_36910	16
GRCh38_CMRG_38015	16
GRCh38_CMRG_38521	16
GRCh38_CMRG_38522	16
GRCh38_CMRG_38745	16
GRCh38_CMRG_39929	16
GRCh38_CMRG_40779	16
GRCh38_CMRG_41089	16
GRCh38_CMRG_41450	16
GRCh38_CMRG_45393	16
GRCh38_CMRG_45396	16
GRCh38_CMRG_45726	16
GRCh38_CMRG_50119	16
GRCh38_CMRG_51629	16
GRCh38_CMRG_51785	16
GRCh38_CMRG_54027	16
GRCh38_CMRG_54729	16
GRCh38_CMRG_58565	16
GRCh38_CMRG_60351	16
GRCh38_CMRG_60966	16
GRCh38_CMRG_61149	16
GRCh38_CMRG_65271	16
GRCh38_CMRG_67118	16
GRCh38_CMRG_68506	16
GRCh38_CMRG_69452	16
GRCh38_CMRG_70174	16
GRCh38_CMRG_70448	16
GRCh38_CMRG_70861	16
GRCh38_CMRG_71477	16
GRCh38_CMRG_7266	16
GRCh38_CMRG_72745	16
GRCh38_CMRG_73323	16
GRCh38_CMRG_73630	16
GRCh38_CMRG_74723	16
GRCh38_CMRG_82151	16
GRCh38_CMRG_82237	16
GRCh38_CMRG_82950	16
GRCh38_CMRG_83528	16
GRCh38_CMRG_12999	15
GRCh38_CMRG_14850	15
GRCh38_CMRG_17985	15
GRCh38_CMRG_18514	15
GRCh38_CMRG_18965	15
GRCh38_CMRG_19050	15
GRCh38_CMRG_21240	15
GRCh38_CMRG_21928	15
GRCh38_CMRG_23911	15
GRCh38_CMRG_2464	15
GRCh38_CMRG_31044	15
GRCh38_CMRG_32502	15
GRCh38_CMRG_32516	15
GRCh38_CMRG_34422	15
GRCh38_CMRG_38932	15
GRCh38_CMRG_41072	15
GRCh38_CMRG_46109	15
GRCh38_CMRG_49688	15
GRCh38_CMRG_52360	15
GRCh38_CMRG_52404	15
GRCh38_CMRG_55165	15
GRCh38_CMRG_55213	15
GRCh38_CMRG_59320	15
GRCh38_CMRG_59484	15
GRCh38_CMRG_60503	15
GRCh38_CMRG_60619	15
GRCh38_CMRG_60637	15
GRCh38_CMRG_67720	15
GRCh38_CMRG_67721	15
GRCh38_CMRG_67726	15
GRCh38_CMRG_67968	15
GRCh38_CMRG_68117	15
GRCh38_CMRG_6980	15
GRCh38_CMRG_6982	15
GRCh38_CMRG_71696	15
GRCh38_CMRG_72553	15
GRCh38_CMRG_79509	15
GRCh38_CMRG_7988	15
GRCh38_CMRG_7998	15
GRCh38_CMRG_80778	15
GRCh38_CMRG_8227	15
GRCh38_CMRG_9468	15
GRCh38_CMRG_172	14
GRCh38_CMRG_18452	14
GRCh38_CMRG_18609	14
GRCh38_CMRG_19022	14
GRCh38_CMRG_19569	14
GRCh38_CMRG_19755	14
GRCh38_CMRG_22356	14
GRCh38_CMRG_23925	14
GRCh38_CMRG_2530	14
GRCh38_CMRG_29255	14
GRCh38_CMRG_32962	14
GRCh38_CMRG_36257	14
GRCh38_CMRG_37692	14
GRCh38_CMRG_38441	14
GRCh38_CMRG_39449	14
GRCh38_CMRG_40491	14
GRCh38_CMRG_47640	14
GRCh38_CMRG_49576	14
GRCh38_CMRG_51998	14
GRCh38_CMRG_54351	14
GRCh38_CMRG_55002	14
GRCh38_CMRG_59282	14
GRCh38_CMRG_59685	14
GRCh38_CMRG_61273	14
GRCh38_CMRG_61665	14
GRCh38_CMRG_62233	14
GRCh38_CMRG_67678	14
GRCh38_CMRG_67680	14
GRCh38_CMRG_67698	14
GRCh38_CMRG_67722	14
GRCh38_CMRG_68008	14
GRCh38_CMRG_71479	14
GRCh38_CMRG_71481	14
GRCh38_CMRG_72563	14
GRCh38_CMRG_7269	14
GRCh38_CMRG_7990	14
GRCh38_CMRG_81656	14
GRCh38_CMRG_82536	14
GRCh38_CMRG_82586	14
GRCh38_CMRG_82767	14
GRCh38_CMRG_83747	14
GRCh38_CMRG_11934	13
GRCh38_CMRG_12788	13
GRCh38_CMRG_12811	13
GRCh38_CMRG_12992	13
GRCh38_CMRG_13903	13
GRCh38_CMRG_14729	13
GRCh38_CMRG_14970	13
GRCh38_CMRG_17014	13
GRCh38_CMRG_18831	13
GRCh38_CMRG_21556	13
GRCh38_CMRG_2182	13
GRCh38_CMRG_23587	13
GRCh38_CMRG_23936	13
GRCh38_CMRG_25156	13
GRCh38_CMRG_27782	13
GRCh38_CMRG_30932	13
GRCh38_CMRG_31014	13
GRCh38_CMRG_32290	13
GRCh38_CMRG_32711	13
GRCh38_CMRG_32778	13
GRCh38_CMRG_33170	13
GRCh38_CMRG_34679	13
GRCh38_CMRG_35970	13
GRCh38_CMRG_37894	13
GRCh38_CMRG_38225	13
GRCh38_CMRG_38538	13
GRCh38_CMRG_39347	13
GRCh38_CMRG_41295	13
GRCh38_CMRG_41869	13
GRCh38_CMRG_431	13
GRCh38_CMRG_43722	13
GRCh38_CMRG_43851	13
GRCh38_CMRG_45449	13
GRCh38_CMRG_47965	13
GRCh38_CMRG_49126	13
GRCh38_CMRG_49205	13
GRCh38_CMRG_518	13
GRCh38_CMRG_53361	13
GRCh38_CMRG_60073	13
GRCh38_CMRG_615	13
GRCh38_CMRG_61862	13
GRCh38_CMRG_62239	13
GRCh38_CMRG_64109	13
GRCh38_CMRG_65644	13
GRCh38_CMRG_67077	13
GRCh38_CMRG_71021	13
GRCh38_CMRG_71798	13
GRCh38_CMRG_72021	13
GRCh38_CMRG_72634	13
GRCh38_CMRG_72689	13
GRCh38_CMRG_7280	13
GRCh38_CMRG_73558	13
GRCh38_CMRG_73883	13
GRCh38_CMRG_74390	13
GRCh38_CMRG_75303	13
GRCh38_CMRG_79450	13
GRCh38_CMRG_7986	13
GRCh38_CMRG_79904	13
GRCh38_CMRG_82476	13
GRCh38_CMRG_83236	13
GRCh38_CMRG_84965	13
GRCh38_CMRG_9063	13
GRCh38_CMRG_10595	12
GRCh38_CMRG_11821	12
GRCh38_CMRG_13575	12
GRCh38_CMRG_14070	12
GRCh38_CMRG_14071	12
GRCh38_CMRG_14900	12
GRCh38_CMRG_1496	12
GRCh38_CMRG_16633	12
GRCh38_CMRG_17317	12
GRCh38_CMRG_19067	12
GRCh38_CMRG_22450	12
GRCh38_CMRG_24412	12
GRCh38_CMRG_24695	12
GRCh38_CMRG_2551	12
GRCh38_CMRG_25973	12
GRCh38_CMRG_26004	12
GRCh38_CMRG_26410	12
GRCh38_CMRG_27003	12
GRCh38_CMRG_29369	12
GRCh38_CMRG_30654	12
GRCh38_CMRG_33329	12
GRCh38_CMRG_34678	12
GRCh38_CMRG_38058	12
GRCh38_CMRG_40275	12
GRCh38_CMRG_43657	12
GRCh38_CMRG_51740	12
GRCh38_CMRG_51857	12
GRCh38_CMRG_52135	12
GRCh38_CMRG_53391	12
GRCh38_CMRG_53447	12
GRCh38_CMRG_54412	12
GRCh38_CMRG_55672	12
GRCh38_CMRG_60095	12
GRCh38_CMRG_60363	12
GRCh38_CMRG_61437	12
GRCh38_CMRG_64021	12
GRCh38_CMRG_68341	12
GRCh38_CMRG_68419	12
GRCh38_CMRG_69503	12
GRCh38_CMRG_71951	12
GRCh38_CMRG_72144	12
GRCh38_CMRG_74577	12
GRCh38_CMRG_79545	12
GRCh38_CMRG_79730	12
GRCh38_CMRG_81668	12
GRCh38_CMRG_82022	12
GRCh38_CMRG_82845	12
GRCh38_CMRG_82899	12
GRCh38_CMRG_94	12
GRCh38_CMRG_10875	11
GRCh38_CMRG_12943	11
GRCh38_CMRG_15350	11
GRCh38_CMRG_17382	11
GRCh38_CMRG_17989	11
GRCh38_CMRG_19995	11
GRCh38_CMRG_20853	11
GRCh38_CMRG_2095	11
GRCh38_CMRG_21501	11
GRCh38_CMRG_22795	11
GRCh38_CMRG_23308	11
GRCh38_CMRG_23494	11
GRCh38_CMRG_24254	11
GRCh38_CMRG_28627	11
GRCh38_CMRG_28705	11
GRCh38_CMRG_29656	11
GRCh38_CMRG_30922	11
GRCh38_CMRG_32521	11
GRCh38_CMRG_33083	11
GRCh38_CMRG_33171	11
GRCh38_CMRG_34753	11
GRCh38_CMRG_34754	11
GRCh38_CMRG_35960	11
GRCh38_CMRG_35961	11
GRCh38_CMRG_36021	11
GRCh38_CMRG_36178	11
GRCh38_CMRG_38156	11
GRCh38_CMRG_39479	11
GRCh38_CMRG_40749	11
GRCh38_CMRG_41415	11
GRCh38_CMRG_423	11
GRCh38_CMRG_428	11
GRCh38_CMRG_43655	11
GRCh38_CMRG_45419	11
GRCh38_CMRG_45501	11
GRCh38_CMRG_46223	11
GRCh38_CMRG_46229	11
GRCh38_CMRG_46437	11
GRCh38_CMRG_47038	11
GRCh38_CMRG_49769	11
GRCh38_CMRG_53455	11
GRCh38_CMRG_54311	11
GRCh38_CMRG_60586	11
GRCh38_CMRG_62537	11
GRCh38_CMRG_63449	11
GRCh38_CMRG_64081	11
GRCh38_CMRG_64169	11
GRCh38_CMRG_67520	11
GRCh38_CMRG_67694	11
GRCh38_CMRG_68240	11
GRCh38_CMRG_69583	11
GRCh38_CMRG_71770	11
GRCh38_CMRG_7190	11
GRCh38_CMRG_72918	11
GRCh38_CMRG_73650	11
GRCh38_CMRG_75669	11
GRCh38_CMRG_81484	11
GRCh38_CMRG_81666	11
GRCh38_CMRG_81840	11
GRCh38_CMRG_83238	11
GRCh38_CMRG_83980	11
GRCh38_CMRG_84182	11
GRCh38_CMRG_10687	10
GRCh38_CMRG_11246	10
GRCh38_CMRG_1246	10
GRCh38_CMRG_1331	10
GRCh38_CMRG_13384	10
GRCh38_CMRG_14621	10
GRCh38_CMRG_18260	10
GRCh38_CMRG_18261	10
GRCh38_CMRG_18330	10
GRCh38_CMRG_18362	10
GRCh38_CMRG_22650	10
GRCh38_CMRG_22786	10
GRCh38_CMRG_23028	10
GRCh38_CMRG_23152	10
GRCh38_CMRG_23547	10
GRCh38_CMRG_23736	10
GRCh38_CMRG_23922	10
GRCh38_CMRG_26090	10
GRCh38_CMRG_26091	10
GRCh38_CMRG_27440	10
GRCh38_CMRG_27608	10
GRCh38_CMRG_29058	10
GRCh38_CMRG_29164	10
GRCh38_CMRG_29187	10
GRCh38_CMRG_31908	10
GRCh38_CMRG_33002	10
GRCh38_CMRG_34010	10
GRCh38_CMRG_34478	10
GRCh38_CMRG_35680	10
GRCh38_CMRG_37719	10
GRCh38_CMRG_38369	10
GRCh38_CMRG_40763	10
GRCh38_CMRG_42506	10
GRCh38_CMRG_45090	10
GRCh38_CMRG_49728	10
GRCh38_CMRG_53018	10
GRCh38_CMRG_53454	10
GRCh38_CMRG_53480	10
GRCh38_CMRG_53776	10
GRCh38_CMRG_53922	10
GRCh38_CMRG_55207	10
GRCh38_CMRG_55432	10
GRCh38_CMRG_58057	10
GRCh38_CMRG_58270	10
GRCh38_CMRG_58554	10
GRCh38_CMRG_58603	10
GRCh38_CMRG_59939	10
GRCh38_CMRG_6399	10
GRCh38_CMRG_64890	10
GRCh38_CMRG_64940	10
GRCh38_CMRG_65435	10
GRCh38_CMRG_66015	10
GRCh38_CMRG_67687	10
GRCh38_CMRG_67689	10
GRCh38_CMRG_67781	10
GRCh38_CMRG_70	10
GRCh38_CMRG_70853	10
GRCh38_CMRG_73016	10
GRCh38_CMRG_73782	10
GRCh38_CMRG_7591	10
GRCh38_CMRG_76939	10
GRCh38_CMRG_81252	10
GRCh38_CMRG_82722	10
GRCh38_CMRG_10830	9
GRCh38_CMRG_12480	9
GRCh38_CMRG_12907	9
GRCh38_CMRG_14011	9
GRCh38_CMRG_1600	9
GRCh38_CMRG_16666	9
GRCh38_CMRG_17776	9
GRCh38_CMRG_18615	9
GRCh38_CMRG_20026	9
GRCh38_CMRG_21344	9
GRCh38_CMRG_21804	9
GRCh38_CMRG_24236	9
GRCh38_CMRG_27429	9
GRCh38_CMRG_28435	9
GRCh38_CMRG_28746	9
GRCh38_CMRG_31394	9
GRCh38_CMRG_32291	9
GRCh38_CMRG_33443	9
GRCh38_CMRG_33839	9
GRCh38_CMRG_34566	9
GRCh38_CMRG_37666	9
GRCh38_CMRG_38029	9
GRCh38_CMRG_39141	9
GRCh38_CMRG_41550	9
GRCh38_CMRG_41751	9
GRCh38_CMRG_41921	9
GRCh38_CMRG_44221	9
GRCh38_CMRG_49862	9
GRCh38_CMRG_52442	9
GRCh38_CMRG_55172	9
GRCh38_CMRG_58947	9
GRCh38_CMRG_60338	9
GRCh38_CMRG_60507	9
GRCh38_CMRG_60566	9
GRCh38_CMRG_6524	9
GRCh38_CMRG_65831	9
GRCh38_CMRG_67306	9
GRCh38_CMRG_68247	9
GRCh38_CMRG_6948	9
GRCh38_CMRG_70113	9
GRCh38_CMRG_70208	9
GRCh38_CMRG_70421	9
GRCh38_CMRG_72304	9
GRCh38_CMRG_72921	9
GRCh38_CMRG_73023	9
GRCh38_CMRG_74220	9
GRCh38_CMRG_74762	9
GRCh38_CMRG_77542	9
GRCh38_CMRG_77599	9
GRCh38_CMRG_80777	9
GRCh38_CMRG_80782	9
GRCh38_CMRG_8129	9
GRCh38_CMRG_81410	9
GRCh38_CMRG_81988	9
GRCh38_CMRG_82178	9
GRCh38_CMRG_82268	9
GRCh38_CMRG_82521	9
GRCh38_CMRG_82608	9
GRCh38_CMRG_84046	9
GRCh38_CMRG_84875	9
GRCh38_CMRG_9087	9
GRCh38_CMRG_9740	9
GRCh38_CMRG_10773	8
GRCh38_CMRG_10967	8
GRCh38_CMRG_11661	8
GRCh38_CMRG_11770	8
GRCh38_CMRG_11931	8
GRCh38_CMRG_12831	8
GRCh38_CMRG_12905	8
GRCh38_CMRG_14185	8
GRCh38_CMRG_14186	8
GRCh38_CMRG_14672	8
GRCh38_CMRG_14831	8
GRCh38_CMRG_14914	8
GRCh38_CMRG_15026	8
GRCh38_CMRG_17061	8
GRCh38_CMRG_19961	8
GRCh38_CMRG_21877	8
GRCh38_CMRG_2354	8
GRCh38_CMRG_26434	8
GRCh38_CMRG_27374	8
GRCh38_CMRG_27471	8
GRCh38_CMRG_30028	8
GRCh38_CMRG_30757	8
GRCh38_CMRG_31151	8
GRCh38_CMRG_31258	8
GRCh38_CMRG_31259	8
GRCh38_CMRG_32393	8
GRCh38_CMRG_33431	8
GRCh38_CMRG_33542	8
GRCh38_CMRG_33598	8
GRCh38_CMRG_34384	8
GRCh38_CMRG_35545	8
GRCh38_CMRG_35983	8
GRCh38_CMRG_38487	8
GRCh38_CMRG_38529	8
GRCh38_CMRG_40960	8
GRCh38_CMRG_42411	8
GRCh38_CMRG_45460	8
GRCh38_CMRG_455	8
GRCh38_CMRG_48118	8
GRCh38_CMRG_48372	8
GRCh38_CMRG_48692	8
GRCh38_CMRG_49208	8
GRCh38_CMRG_52486	8
GRCh38_CMRG_55747	8
GRCh38_CMRG_58478	8
GRCh38_CMRG_58946	8
GRCh38_CMRG_60037	8
GRCh38_CMRG_60094	8
GRCh38_CMRG_60909	8
GRCh38_CMRG_61607	8
GRCh38_CMRG_61938	8
GRCh38_CMRG_64945	8
GRCh38_CMRG_67112	8
GRCh38_CMRG_67152	8
GRCh38_CMRG_7029	8
GRCh38_CMRG_7189	8
GRCh38_CMRG_72828	8
GRCh38_CMRG_73077	8
GRCh38_CMRG_73244	8
GRCh38_CMRG_73768	8
GRCh38_CMRG_7662	8
GRCh38_CMRG_7733	8
GRCh38_CMRG_79986	8
GRCh38_CMRG_81578	8
GRCh38_CMRG_82595	8
GRCh38_CMRG_84122	8
GRCh38_CMRG_9570	8
GRCh38_CMRG_14099	7
GRCh38_CMRG_17864	7
GRCh38_CMRG_18447	7
GRCh38_CMRG_18448	7
GRCh38_CMRG_18453	7
GRCh38_CMRG_18786	7
GRCh38_CMRG_22244	7
GRCh38_CMRG_23831	7
GRCh38_CMRG_2423	7
GRCh38_CMRG_27005	7
GRCh38_CMRG_29262	7
GRCh38_CMRG_29883	7
GRCh38_CMRG_33971	7
GRCh38_CMRG_34371	7
GRCh38_CMRG_37216	7
GRCh38_CMRG_37245	7
GRCh38_CMRG_37302	7
GRCh38_CMRG_38174	7
GRCh38_CMRG_38566	7
GRCh38_CMRG_42440	7
GRCh38_CMRG_44110	7
GRCh38_CMRG_45516	7
GRCh38_CMRG_45548	7
GRCh38_CMRG_48279	7
GRCh38_CMRG_48922	7
GRCh38_CMRG_49166	7
GRCh38_CMRG_49350	7
GRCh38_CMRG_50146	7
GRCh38_CMRG_52925	7
GRCh38_CMRG_53191	7
GRCh38_CMRG_53858	7
GRCh38_CMRG_61515	7
GRCh38_CMRG_616	7
GRCh38_CMRG_62076	7
GRCh38_CMRG_64246	7
GRCh38_CMRG_65758	7
GRCh38_CMRG_67116	7
GRCh38_CMRG_6713	7
GRCh38_CMRG_67682	7
GRCh38_CMRG_67715	7
GRCh38_CMRG_67844	7
GRCh38_CMRG_70084	7
GRCh38_CMRG_7027	7
GRCh38_CMRG_71661	7
GRCh38_CMRG_72968	7
GRCh38_CMRG_73842	7
GRCh38_CMRG_77098	7
GRCh38_CMRG_77365	7
GRCh38_CMRG_7827	7
GRCh38_CMRG_82121	7
GRCh38_CMRG_82520	7
GRCh38_CMRG_82698	7
GRCh38_CMRG_82919	7
GRCh38_CMRG_8344	7
GRCh38_CMRG_83786	7
GRCh38_CMRG_84408	7
GRCh38_CMRG_9419	7
GRCh38_CMRG_10483	6
GRCh38_CMRG_10689	6
GRCh38_CMRG_12993	6
GRCh38_CMRG_13053	6
GRCh38_CMRG_13260	6
GRCh38_CMRG_13486	6
GRCh38_CMRG_14746	6
GRCh38_CMRG_17800	6
GRCh38_CMRG_17865	6
GRCh38_CMRG_17990	6
GRCh38_CMRG_19133	6
GRCh38_CMRG_19136	6
GRCh38_CMRG_1974	6
GRCh38_CMRG_21046	6
GRCh38_CMRG_21622	6
GRCh38_CMRG_22427	6
GRCh38_CMRG_26040	6
GRCh38_CMRG_2656	6
GRCh38_CMRG_26671	6
GRCh38_CMRG_27443	6
GRCh38_CMRG_28182	6
GRCh38_CMRG_28907	6
GRCh38_CMRG_29092	6
GRCh38_CMRG_29333	6
GRCh38_CMRG_31018	6
GRCh38_CMRG_33082	6
GRCh38_CMRG_33507	6
GRCh38_CMRG_33660	6
GRCh38_CMRG_33782	6
GRCh38_CMRG_34073	6
GRCh38_CMRG_35881	6
GRCh38_CMRG_35934	6
GRCh38_CMRG_38151	6
GRCh38_CMRG_38409	6
GRCh38_CMRG_40694	6
GRCh38_CMRG_40980	6
GRCh38_CMRG_41142	6
GRCh38_CMRG_43607	6
GRCh38_CMRG_43962	6
GRCh38_CMRG_45266	6
GRCh38_CMRG_45467	6
GRCh38_CMRG_45510	6
GRCh38_CMRG_45732	6
GRCh38_CMRG_46122	6
GRCh38_CMRG_48704	6
GRCh38_CMRG_49401	6
GRCh38_CMRG_49562	6
GRCh38_CMRG_49563	6
GRCh38_CMRG_49573	6
GRCh38_CMRG_53377	6
GRCh38_CMRG_53476	6
GRCh38_CMRG_58177	6
GRCh38_CMRG_58368	6
GRCh38_CMRG_58502	6
GRCh38_CMRG_60082	6
GRCh38_CMRG_60300	6
GRCh38_CMRG_60326	6
GRCh38_CMRG_60645	6
GRCh38_CMRG_69607	6
GRCh38_CMRG_69608	6
GRCh38_CMRG_7057	6
GRCh38_CMRG_71484	6
GRCh38_CMRG_71915	6
GRCh38_CMRG_74155	6
GRCh38_CMRG_74824	6
GRCh38_CMRG_75348	6
GRCh38_CMRG_7626	6
GRCh38_CMRG_78953	6
GRCh38_CMRG_79082	6
GRCh38_CMRG_79810	6
GRCh38_CMRG_79851	6
GRCh38_CMRG_81990	6
GRCh38_CMRG_84712	6
GRCh38_CMRG_84897	6
GRCh38_CMRG_8582	6
GRCh38_CMRG_9294	6
GRCh38_CMRG_9413	6
GRCh38_CMRG_9738	6
GRCh38_CMRG_12226	5
GRCh38_CMRG_12994	5
GRCh38_CMRG_14093	5
GRCh38_CMRG_15332	5
GRCh38_CMRG_18332	5
GRCh38_CMRG_18778	5
GRCh38_CMRG_19458	5
GRCh38_CMRG_21130	5
GRCh38_CMRG_22695	5
GRCh38_CMRG_22988	5
GRCh38_CMRG_23629	5
GRCh38_CMRG_24233	5
GRCh38_CMRG_24293	5
GRCh38_CMRG_27134	5
GRCh38_CMRG_27468	5
GRCh38_CMRG_2928	5
GRCh38_CMRG_30030	5
GRCh38_CMRG_31152	5
GRCh38_CMRG_32288	5
GRCh38_CMRG_32299	5
GRCh38_CMRG_36650	5
GRCh38_CMRG_36808	5
GRCh38_CMRG_37783	5
GRCh38_CMRG_37808	5
GRCh38_CMRG_38125	5
GRCh38_CMRG_39851	5
GRCh38_CMRG_40017	5
GRCh38_CMRG_41886	5
GRCh38_CMRG_41985	5
GRCh38_CMRG_43606	5
GRCh38_CMRG_43848	5
GRCh38_CMRG_45378	5
GRCh38_CMRG_45380	5
GRCh38_CMRG_47494	5
GRCh38_CMRG_49311	5
GRCh38_CMRG_50161	5
GRCh38_CMRG_51005	5
GRCh38_CMRG_53442	5
GRCh38_CMRG_53750	5
GRCh38_CMRG_54096	5
GRCh38_CMRG_54612	5
GRCh38_CMRG_55800	5
GRCh38_CMRG_58471	5
GRCh38_CMRG_58724	5
GRCh38_CMRG_59074	5
GRCh38_CMRG_596	5
GRCh38_CMRG_59803	5
GRCh38_CMRG_60039	5
GRCh38_CMRG_60040	5
GRCh38_CMRG_60975	5
GRCh38_CMRG_61234	5
GRCh38_CMRG_61826	5
GRCh38_CMRG_61930	5
GRCh38_CMRG_62368	5
GRCh38_CMRG_62565	5
GRCh38_CMRG_63845	5
GRCh38_CMRG_65399	5
GRCh38_CMRG_67096	5
GRCh38_CMRG_67712	5
GRCh38_CMRG_68491	5
GRCh38_CMRG_69378	5
GRCh38_CMRG_69979	5
GRCh38_CMRG_74405	5
GRCh38_CMRG_77242	5
GRCh38_CMRG_77482	5
GRCh38_CMRG_79127	5
GRCh38_CMRG_79385	5
GRCh38_CMRG_79386	5
GRCh38_CMRG_808	5
GRCh38_CMRG_82612	5
GRCh38_CMRG_8404	5
GRCh38_CMRG_8476	5
GRCh38_CMRG_8910	5
GRCh38_CMRG_991	5
GRCh38_CMRG_10576	4
GRCh38_CMRG_11128	4
GRCh38_CMRG_12548	4
GRCh38_CMRG_12682	4
GRCh38_CMRG_12683	4
GRCh38_CMRG_12885	4
GRCh38_CMRG_13435	4
GRCh38_CMRG_13547	4
GRCh38_CMRG_14122	4
GRCh38_CMRG_17207	4
GRCh38_CMRG_18294	4
GRCh38_CMRG_18450	4
GRCh38_CMRG_18457	4
GRCh38_CMRG_18838	4
GRCh38_CMRG_19175	4
GRCh38_CMRG_19415	4
GRCh38_CMRG_19448	4
GRCh38_CMRG_19706	4
GRCh38_CMRG_2133	4
GRCh38_CMRG_22009	4
GRCh38_CMRG_22704	4
GRCh38_CMRG_25120	4
GRCh38_CMRG_25954	4
GRCh38_CMRG_27834	4
GRCh38_CMRG_28117	4
GRCh38_CMRG_2844	4
GRCh38_CMRG_28935	4
GRCh38_CMRG_29158	4
GRCh38_CMRG_32844	4
GRCh38_CMRG_32994	4
GRCh38_CMRG_33067	4
GRCh38_CMRG_34383	4
GRCh38_CMRG_34390	4
GRCh38_CMRG_34490	4
GRCh38_CMRG_34491	4
GRCh38_CMRG_36492	4
GRCh38_CMRG_37857	4
GRCh38_CMRG_39424	4
GRCh38_CMRG_41175	4
GRCh38_CMRG_42183	4
GRCh38_CMRG_44981	4
GRCh38_CMRG_44983	4
GRCh38_CMRG_45383	4
GRCh38_CMRG_45886	4
GRCh38_CMRG_47930	4
GRCh38_CMRG_47931	4
GRCh38_CMRG_48280	4
GRCh38_CMRG_49458	4
GRCh38_CMRG_49523	4
GRCh38_CMRG_51718	4
GRCh38_CMRG_52410	4
GRCh38_CMRG_53392	4
GRCh38_CMRG_53469	4
GRCh38_CMRG_54047	4
GRCh38_CMRG_54392	4
GRCh38_CMRG_55556	4
GRCh38_CMRG_5810	4
GRCh38_CMRG_58699	4
GRCh38_CMRG_59295	4
GRCh38_CMRG_59437	4
GRCh38_CMRG_60328	4
GRCh38_CMRG_61861	4
GRCh38_CMRG_62153	4
GRCh38_CMRG_63784	4
GRCh38_CMRG_64439	4
GRCh38_CMRG_66010	4
GRCh38_CMRG_66075	4
GRCh38_CMRG_67684	4
GRCh38_CMRG_67701	4
GRCh38_CMRG_67709	4
GRCh38_CMRG_67717	4
GRCh38_CMRG_67718	4
GRCh38_CMRG_68450	4
GRCh38_CMRG_68900	4
GRCh38_CMRG_70561	4
GRCh38_CMRG_70685	4
GRCh38_CMRG_72537	4
GRCh38_CMRG_72639	4
GRCh38_CMRG_72845	4
GRCh38_CMRG_73066	4
GRCh38_CMRG_74535	4
GRCh38_CMRG_75347	4
GRCh38_CMRG_77356	4
GRCh38_CMRG_77596	4
GRCh38_CMRG_82045	4
GRCh38_CMRG_82307	4
GRCh38_CMRG_82920	4
GRCh38_CMRG_855	4
GRCh38_CMRG_10882	3
GRCh38_CMRG_10959	3
GRCh38_CMRG_11131	3
GRCh38_CMRG_11381	3
GRCh38_CMRG_11552	3
GRCh38_CMRG_12274	3
GRCh38_CMRG_12599	3
GRCh38_CMRG_13688	3
GRCh38_CMRG_14102	3
GRCh38_CMRG_14169	3
GRCh38_CMRG_17216	3
GRCh38_CMRG_18429	3
GRCh38_CMRG_19164	3
GRCh38_CMRG_21238	3
GRCh38_CMRG_21922	3
GRCh38_CMRG_22148	3
GRCh38_CMRG_22294	3
GRCh38_CMRG_23450	3
GRCh38_CMRG_24150	3
GRCh38_CMRG_24947	3
GRCh38_CMRG_2506	3
GRCh38_CMRG_26059	3
GRCh38_CMRG_28955	3
GRCh38_CMRG_29930	3
GRCh38_CMRG_32993	3
GRCh38_CMRG_33336	3
GRCh38_CMRG_33547	3
GRCh38_CMRG_34180	3
GRCh38_CMRG_34472	3
GRCh38_CMRG_34565	3
GRCh38_CMRG_34751	3
GRCh38_CMRG_34752	3
GRCh38_CMRG_35762	3
GRCh38_CMRG_35977	3
GRCh38_CMRG_37709	3
GRCh38_CMRG_44424	3
GRCh38_CMRG_44964	3
GRCh38_CMRG_45235	3
GRCh38_CMRG_45382	3
GRCh38_CMRG_45509	3
GRCh38_CMRG_45549	3
GRCh38_CMRG_45747	3
GRCh38_CMRG_48073	3
GRCh38_CMRG_50086	3
GRCh38_CMRG_50539	3
GRCh38_CMRG_50686	3
GRCh38_CMRG_51050	3
GRCh38_CMRG_51856	3
GRCh38_CMRG_52755	3
GRCh38_CMRG_53943	3
GRCh38_CMRG_54297	3
GRCh38_CMRG_54765	3
GRCh38_CMRG_54863	3
GRCh38_CMRG_54957	3
GRCh38_CMRG_55668	3
GRCh38_CMRG_575	3
GRCh38_CMRG_5755	3
GRCh38_CMRG_59562	3
GRCh38_CMRG_62322	3
GRCh38_CMRG_63714	3
GRCh38_CMRG_65551	3
GRCh38_CMRG_66388	3
GRCh38_CMRG_67089	3
GRCh38_CMRG_67296	3
GRCh38_CMRG_67331	3
GRCh38_CMRG_67705	3
GRCh38_CMRG_67706	3
GRCh38_CMRG_67711	3
GRCh38_CMRG_67716	3
GRCh38_CMRG_67730	3
GRCh38_CMRG_68270	3
GRCh38_CMRG_69884	3
GRCh38_CMRG_70596	3
GRCh38_CMRG_70749	3
GRCh38_CMRG_71545	3
GRCh38_CMRG_72685	3
GRCh38_CMRG_73340	3
GRCh38_CMRG_73637	3
GRCh38_CMRG_74259	3
GRCh38_CMRG_74267	3
GRCh38_CMRG_74826	3
GRCh38_CMRG_74827	3
GRCh38_CMRG_75535	3
GRCh38_CMRG_81750	3
GRCh38_CMRG_81870	3
GRCh38_CMRG_81944	3
GRCh38_CMRG_82553	3
GRCh38_CMRG_82585	3
GRCh38_CMRG_82742	3
GRCh38_CMRG_82772	3
GRCh38_CMRG_82853	3
GRCh38_CMRG_84585	3
GRCh38_CMRG_8788	3
GRCh38_CMRG_8893	3
GRCh38_CMRG_9146	3
GRCh38_CMRG_10901	2
GRCh38_CMRG_11177	2
GRCh38_CMRG_11406	2
GRCh38_CMRG_12112	2
GRCh38_CMRG_12231	2
GRCh38_CMRG_12275	2
GRCh38_CMRG_13305	2
GRCh38_CMRG_13499	2
GRCh38_CMRG_13672	2
GRCh38_CMRG_13689	2
GRCh38_CMRG_14650	2
GRCh38_CMRG_15319	2
GRCh38_CMRG_16461	2
GRCh38_CMRG_17249	2
GRCh38_CMRG_18117	2
GRCh38_CMRG_18416	2
GRCh38_CMRG_18834	2
GRCh38_CMRG_19562	2
GRCh38_CMRG_19563	2
GRCh38_CMRG_21235	2
GRCh38_CMRG_21565	2
GRCh38_CMRG_21828	2
GRCh38_CMRG_22497	2
GRCh38_CMRG_22577	2
GRCh38_CMRG_22740	2
GRCh38_CMRG_23266	2
GRCh38_CMRG_23782	2
GRCh38_CMRG_23933	2
GRCh38_CMRG_24750	2
GRCh38_CMRG_25083	2
GRCh38_CMRG_25407	2
GRCh38_CMRG_2761	2
GRCh38_CMRG_28063	2
GRCh38_CMRG_28086	2
GRCh38_CMRG_28650	2
GRCh38_CMRG_28906	2
GRCh38_CMRG_2905	2
GRCh38_CMRG_30012	2
GRCh38_CMRG_31102	2
GRCh38_CMRG_33498	2
GRCh38_CMRG_33567	2
GRCh38_CMRG_33668	2
GRCh38_CMRG_34562	2
GRCh38_CMRG_34772	2
GRCh38_CMRG_35546	2
GRCh38_CMRG_35547	2
GRCh38_CMRG_37405	2
GRCh38_CMRG_37623	2
GRCh38_CMRG_37695	2
GRCh38_CMRG_37713	2
GRCh38_CMRG_37843	2
GRCh38_CMRG_37872	2
GRCh38_CMRG_38033	2
GRCh38_CMRG_38048	2
GRCh38_CMRG_38053	2
GRCh38_CMRG_39708	2
GRCh38_CMRG_39938	2
GRCh38_CMRG_40633	2
GRCh38_CMRG_41199	2
GRCh38_CMRG_43928	2
GRCh38_CMRG_44635	2
GRCh38_CMRG_45093	2
GRCh38_CMRG_45179	2
GRCh38_CMRG_45379	2
GRCh38_CMRG_45381	2
GRCh38_CMRG_45416	2
GRCh38_CMRG_45461	2
GRCh38_CMRG_46390	2
GRCh38_CMRG_46391	2
GRCh38_CMRG_476	2
GRCh38_CMRG_48074	2
GRCh38_CMRG_48657	2
GRCh38_CMRG_49159	2
GRCh38_CMRG_49160	2
GRCh38_CMRG_49400	2
GRCh38_CMRG_49897	2
GRCh38_CMRG_50461	2
GRCh38_CMRG_50684	2
GRCh38_CMRG_51529	2
GRCh38_CMRG_51530	2
GRCh38_CMRG_52221	2
GRCh38_CMRG_53031	2
GRCh38_CMRG_54153	2
GRCh38_CMRG_54154	2
GRCh38_CMRG_54415	2
GRCh38_CMRG_54773	2
GRCh38_CMRG_55530	2
GRCh38_CMRG_55557	2
GRCh38_CMRG_55607	2
GRCh38_CMRG_55835	2
GRCh38_CMRG_58310	2
GRCh38_CMRG_58943	2
GRCh38_CMRG_59787	2
GRCh38_CMRG_60199	2
GRCh38_CMRG_60769	2
GRCh38_CMRG_60780	2
GRCh38_CMRG_60781	2
GRCh38_CMRG_6126	2
GRCh38_CMRG_62	2
GRCh38_CMRG_62204	2
GRCh38_CMRG_64600	2
GRCh38_CMRG_64746	2
GRCh38_CMRG_64971	2
GRCh38_CMRG_67097	2
GRCh38_CMRG_68416	2
GRCh38_CMRG_72823	2
GRCh38_CMRG_72908	2
GRCh38_CMRG_72917	2
GRCh38_CMRG_73347	2
GRCh38_CMRG_74550	2
GRCh38_CMRG_74817	2
GRCh38_CMRG_76957	2
GRCh38_CMRG_79266	2
GRCh38_CMRG_7942	2
GRCh38_CMRG_79663	2
GRCh38_CMRG_80	2
GRCh38_CMRG_80687	2
GRCh38_CMRG_8108	2
GRCh38_CMRG_81202	2
GRCh38_CMRG_81321	2
GRCh38_CMRG_81587	2
GRCh38_CMRG_82001	2
GRCh38_CMRG_82360	2
GRCh38_CMRG_82477	2
GRCh38_CMRG_82483	2
GRCh38_CMRG_82514	2
GRCh38_CMRG_82634	2
GRCh38_CMRG_83321	2
GRCh38_CMRG_83714	2
GRCh38_CMRG_83899	2
GRCh38_CMRG_1035	1
GRCh38_CMRG_1088	1
GRCh38_CMRG_10968	1
GRCh38_CMRG_11759	1
GRCh38_CMRG_1177	1
GRCh38_CMRG_11832	1
GRCh38_CMRG_12361	1
GRCh38_CMRG_12665	1
GRCh38_CMRG_12789	1
GRCh38_CMRG_12842	1
GRCh38_CMRG_13334	1
GRCh38_CMRG_13555	1
GRCh38_CMRG_13624	1
GRCh38_CMRG_14103	1
GRCh38_CMRG_14918	1
GRCh38_CMRG_15340	1
GRCh38_CMRG_16509	1
GRCh38_CMRG_18205	1
GRCh38_CMRG_18427	1
GRCh38_CMRG_18610	1
GRCh38_CMRG_18685	1
GRCh38_CMRG_18994	1
GRCh38_CMRG_19174	1
GRCh38_CMRG_21545	1
GRCh38_CMRG_21647	1
GRCh38_CMRG_21803	1
GRCh38_CMRG_22300	1
GRCh38_CMRG_22355	1
GRCh38_CMRG_2278	1
GRCh38_CMRG_2300	1
GRCh38_CMRG_23153	1
GRCh38_CMRG_23630	1
GRCh38_CMRG_23692	1
GRCh38_CMRG_23730	1
GRCh38_CMRG_24321	1
GRCh38_CMRG_2451	1
GRCh38_CMRG_24625	1
GRCh38_CMRG_26308	1
GRCh38_CMRG_26615	1
GRCh38_CMRG_26745	1
GRCh38_CMRG_26776	1
GRCh38_CMRG_27497	1
GRCh38_CMRG_28596	1
GRCh38_CMRG_28726	1
GRCh38_CMRG_29126	1
GRCh38_CMRG_29571	1
GRCh38_CMRG_29617	1
GRCh38_CMRG_30643	1
GRCh38_CMRG_30674	1
GRCh38_CMRG_31300	1
GRCh38_CMRG_32706	1
GRCh38_CMRG_32757	1
GRCh38_CMRG_33304	1
GRCh38_CMRG_33334	1
GRCh38_CMRG_34027	1
GRCh38_CMRG_34594	1
GRCh38_CMRG_34602	1
GRCh38_CMRG_34750	1
GRCh38_CMRG_35993	1
GRCh38_CMRG_36405	1
GRCh38_CMRG_36442	1
GRCh38_CMRG_36491	1
GRCh38_CMRG_36511	1
GRCh38_CMRG_36982	1
GRCh38_CMRG_37495	1
GRCh38_CMRG_38228	1
GRCh38_CMRG_38368	1
GRCh38_CMRG_39289	1
GRCh38_CMRG_39896	1
GRCh38_CMRG_40114	1
GRCh38_CMRG_40606	1
GRCh38_CMRG_42046	1
GRCh38_CMRG_42182	1
GRCh38_CMRG_42301	1
GRCh38_CMRG_43616	1
GRCh38_CMRG_44615	1
GRCh38_CMRG_44821	1
GRCh38_CMRG_44965	1
GRCh38_CMRG_45	1
GRCh38_CMRG_45261	1
GRCh38_CMRG_45356	1
GRCh38_CMRG_45547	1
GRCh38_CMRG_45731	1
GRCh38_CMRG_46023	1
GRCh38_CMRG_47380	1
GRCh38_CMRG_48643	1
GRCh38_CMRG_49117	1
GRCh38_CMRG_49283	1
GRCh38_CMRG_49493	1
GRCh38_CMRG_49751	1
GRCh38_CMRG_50817	1
GRCh38_CMRG_52207	1
GRCh38_CMRG_52305	1
GRCh38_CMRG_52341	1
GRCh38_CMRG_52374	1
GRCh38_CMRG_52571	1
GRCh38_CMRG_52897	1
GRCh38_CMRG_52922	1
GRCh38_CMRG_53030	1
GRCh38_CMRG_53111	1
GRCh38_CMRG_53329	1
GRCh38_CMRG_53581	1
GRCh38_CMRG_54466	1
GRCh38_CMRG_54533	1
GRCh38_CMRG_54920	1
GRCh38_CMRG_55097	1
GRCh38_CMRG_55098	1
GRCh38_CMRG_55276	1
GRCh38_CMRG_55473	1
GRCh38_CMRG_55850	1
GRCh38_CMRG_59438	1
GRCh38_CMRG_60035	1
GRCh38_CMRG_60202	1
GRCh38_CMRG_60444	1
GRCh38_CMRG_60648	1
GRCh38_CMRG_61351	1
GRCh38_CMRG_61842	1
GRCh38_CMRG_62218	1
GRCh38_CMRG_62301	1
GRCh38_CMRG_62593	1
GRCh38_CMRG_63212	1
GRCh38_CMRG_63889	1
GRCh38_CMRG_6462	1
GRCh38_CMRG_64666	1
GRCh38_CMRG_64960	1
GRCh38_CMRG_65452	1
GRCh38_CMRG_65544	1
GRCh38_CMRG_65545	1
GRCh38_CMRG_65739	1
GRCh38_CMRG_65740	1
GRCh38_CMRG_65814	1
GRCh38_CMRG_66389	1
GRCh38_CMRG_67150	1
GRCh38_CMRG_67175	1
GRCh38_CMRG_67708	1
GRCh38_CMRG_67774	1
GRCh38_CMRG_68266	1
GRCh38_CMRG_68492	1
GRCh38_CMRG_68508	1
GRCh38_CMRG_68901	1
GRCh38_CMRG_6930	1
GRCh38_CMRG_69524	1
GRCh38_CMRG_70211	1
GRCh38_CMRG_70494	1
GRCh38_CMRG_70860	1
GRCh38_CMRG_71116	1
GRCh38_CMRG_71741	1
GRCh38_CMRG_72190	1
GRCh38_CMRG_73287	1
GRCh38_CMRG_73451	1
GRCh38_CMRG_73456	1
GRCh38_CMRG_73457	1
GRCh38_CMRG_73513	1
GRCh38_CMRG_73655	1
GRCh38_CMRG_73997	1
GRCh38_CMRG_74251	1
GRCh38_CMRG_74546	1
GRCh38_CMRG_74825	1
GRCh38_CMRG_75027	1
GRCh38_CMRG_75461	1
GRCh38_CMRG_75516	1
GRCh38_CMRG_76462	1
GRCh38_CMRG_77	1
GRCh38_CMRG_77279	1
GRCh38_CMRG_7790	1
GRCh38_CMRG_7829	1
GRCh38_CMRG_7836	1
GRCh38_CMRG_78930	1
GRCh38_CMRG_79506	1
GRCh38_CMRG_79873	1
GRCh38_CMRG_79907	1
GRCh38_CMRG_81559	1
GRCh38_CMRG_81566	1
GRCh38_CMRG_82225	1
GRCh38_CMRG_82230	1
GRCh38_CMRG_82257	1
GRCh38_CMRG_82391	1
GRCh38_CMRG_82503	1
GRCh38_CMRG_82508	1
GRCh38_CMRG_82558	1
GRCh38_CMRG_83023	1
GRCh38_CMRG_8368	1
GRCh38_CMRG_83898	1
GRCh38_CMRG_83902	1
GRCh38_CMRG_84422	1
GRCh38_CMRG_8472	1
GRCh38_CMRG_85007	1
GRCh38_CMRG_9410	1
GRCh38_CMRG_10504	0
GRCh38_CMRG_10538	0
GRCh38_CMRG_10777	0
GRCh38_CMRG_10971	0
GRCh38_CMRG_10977	0
GRCh38_CMRG_10978	0
GRCh38_CMRG_10999	0
GRCh38_CMRG_11139	0
GRCh38_CMRG_11300	0
GRCh38_CMRG_11319	0
GRCh38_CMRG_1168	0
GRCh38_CMRG_11719	0
GRCh38_CMRG_11744	0
GRCh38_CMRG_12052	0
GRCh38_CMRG_12053	0
GRCh38_CMRG_12190	0
GRCh38_CMRG_12193	0
GRCh38_CMRG_1244	0
GRCh38_CMRG_1245	0
GRCh38_CMRG_12458	0
GRCh38_CMRG_1247	0
GRCh38_CMRG_1248	0
GRCh38_CMRG_12666	0
GRCh38_CMRG_12777	0
GRCh38_CMRG_12882	0
GRCh38_CMRG_12908	0
GRCh38_CMRG_1297	0
GRCh38_CMRG_13049	0
GRCh38_CMRG_13050	0
GRCh38_CMRG_13148	0
GRCh38_CMRG_13149	0
GRCh38_CMRG_13150	0
GRCh38_CMRG_13287	0
GRCh38_CMRG_13332	0
GRCh38_CMRG_13403	0
GRCh38_CMRG_13492	0
GRCh38_CMRG_13554	0
GRCh38_CMRG_13857	0
GRCh38_CMRG_1388	0
GRCh38_CMRG_1389	0
GRCh38_CMRG_13923	0
GRCh38_CMRG_14072	0
GRCh38_CMRG_14073	0
GRCh38_CMRG_14105	0
GRCh38_CMRG_14121	0
GRCh38_CMRG_1435	0
GRCh38_CMRG_14512	0
GRCh38_CMRG_14579	0
GRCh38_CMRG_14580	0
GRCh38_CMRG_14594	0
GRCh38_CMRG_14617	0
GRCh38_CMRG_14653	0
GRCh38_CMRG_14654	0
GRCh38_CMRG_15158	0
GRCh38_CMRG_15320	0
GRCh38_CMRG_15390	0
GRCh38_CMRG_15426	0
GRCh38_CMRG_15507	0
GRCh38_CMRG_15549	0
GRCh38_CMRG_1594	0
GRCh38_CMRG_16623	0
GRCh38_CMRG_17079	0
GRCh38_CMRG_17342	0
GRCh38_CMRG_17417	0
GRCh38_CMRG_17418	0
GRCh38_CMRG_18099	0
GRCh38_CMRG_18251	0
GRCh38_CMRG_18269	0
GRCh38_CMRG_18274	0
GRCh38_CMRG_18307	0
GRCh38_CMRG_18313	0
GRCh38_CMRG_18316	0
GRCh38_CMRG_18340	0
GRCh38_CMRG_18461	0
GRCh38_CMRG_19011	0
GRCh38_CMRG_19071	0
GRCh38_CMRG_19135	0
GRCh38_CMRG_19137	0
GRCh38_CMRG_19162	0
GRCh38_CMRG_19222	0
GRCh38_CMRG_19306	0
GRCh38_CMRG_19435	0
GRCh38_CMRG_19591	0
GRCh38_CMRG_19644	0
GRCh38_CMRG_20841	0
GRCh38_CMRG_20945	0
GRCh38_CMRG_2104	0
GRCh38_CMRG_21129	0
GRCh38_CMRG_21234	0
GRCh38_CMRG_21236	0
GRCh38_CMRG_21237	0
GRCh38_CMRG_21506	0
GRCh38_CMRG_22140	0
GRCh38_CMRG_22224	0
GRCh38_CMRG_22239	0
GRCh38_CMRG_22275	0
GRCh38_CMRG_22296	0
GRCh38_CMRG_22299	0
GRCh38_CMRG_22498	0
GRCh38_CMRG_22518	0
GRCh38_CMRG_22555	0
GRCh38_CMRG_22576	0
GRCh38_CMRG_22603	0
GRCh38_CMRG_22604	0
GRCh38_CMRG_22794	0
GRCh38_CMRG_22850	0
GRCh38_CMRG_2290	0
GRCh38_CMRG_22924	0
GRCh38_CMRG_23173	0
GRCh38_CMRG_23174	0
GRCh38_CMRG_23354	0
GRCh38_CMRG_23355	0
GRCh38_CMRG_23473	0
GRCh38_CMRG_23517	0
GRCh38_CMRG_23556	0
GRCh38_CMRG_23666	0
GRCh38_CMRG_23733	0
GRCh38_CMRG_23756	0
GRCh38_CMRG_23836	0
GRCh38_CMRG_23837	0
GRCh38_CMRG_23863	0
GRCh38_CMRG_24019	0
GRCh38_CMRG_24118	0
GRCh38_CMRG_24151	0
GRCh38_CMRG_24163	0
GRCh38_CMRG_24624	0
GRCh38_CMRG_2463	0
GRCh38_CMRG_24632	0
GRCh38_CMRG_2469	0
GRCh38_CMRG_24692	0
GRCh38_CMRG_24736	0
GRCh38_CMRG_2481	0
GRCh38_CMRG_2482	0
GRCh38_CMRG_24950	0
GRCh38_CMRG_24995	0
GRCh38_CMRG_25017	0
GRCh38_CMRG_25118	0
GRCh38_CMRG_25119	0
GRCh38_CMRG_25121	0
GRCh38_CMRG_25122	0
GRCh38_CMRG_25212	0
GRCh38_CMRG_25213	0
GRCh38_CMRG_25214	0
GRCh38_CMRG_25229	0
GRCh38_CMRG_25230	0
GRCh38_CMRG_25231	0
GRCh38_CMRG_25375	0
GRCh38_CMRG_2584	0
GRCh38_CMRG_2598	0
GRCh38_CMRG_26182	0
GRCh38_CMRG_26411	0
GRCh38_CMRG_26545	0
GRCh38_CMRG_26701	0
GRCh38_CMRG_26802	0
GRCh38_CMRG_26905	0
GRCh38_CMRG_26906	0
GRCh38_CMRG_26998	0
GRCh38_CMRG_27039	0
GRCh38_CMRG_27197	0
GRCh38_CMRG_27455	0
GRCh38_CMRG_27525	0
GRCh38_CMRG_27826	0
GRCh38_CMRG_28003	0
GRCh38_CMRG_28062	0
GRCh38_CMRG_28436	0
GRCh38_CMRG_28536	0
GRCh38_CMRG_28559	0
GRCh38_CMRG_28560	0
GRCh38_CMRG_28628	0
GRCh38_CMRG_2874	0
GRCh38_CMRG_28805	0
GRCh38_CMRG_28824	0
GRCh38_CMRG_29131	0
GRCh38_CMRG_29165	0
GRCh38_CMRG_29264	0
GRCh38_CMRG_29279	0
GRCh38_CMRG_29280	0
GRCh38_CMRG_29309	0
GRCh38_CMRG_29481	0
GRCh38_CMRG_29482	0
GRCh38_CMRG_29491	0
GRCh38_CMRG_29492	0
GRCh38_CMRG_29556	0
GRCh38_CMRG_29968	0
GRCh38_CMRG_30702	0
GRCh38_CMRG_30830	0
GRCh38_CMRG_30831	0
GRCh38_CMRG_30874	0
GRCh38_CMRG_30984	0
GRCh38_CMRG_31013	0
GRCh38_CMRG_31162	0
GRCh38_CMRG_31230	0
GRCh38_CMRG_31465	0
GRCh38_CMRG_31517	0
GRCh38_CMRG_31732	0
GRCh38_CMRG_31763	0
GRCh38_CMRG_31835	0
GRCh38_CMRG_31846	0
GRCh38_CMRG_31957	0
GRCh38_CMRG_32189	0
GRCh38_CMRG_32259	0
GRCh38_CMRG_32452	0
GRCh38_CMRG_32453	0
GRCh38_CMRG_32454	0
GRCh38_CMRG_32672	0
GRCh38_CMRG_32696	0
GRCh38_CMRG_32721	0
GRCh38_CMRG_32882	0
GRCh38_CMRG_33001	0
GRCh38_CMRG_33305	0
GRCh38_CMRG_33306	0
GRCh38_CMRG_33316	0
GRCh38_CMRG_33904	0
GRCh38_CMRG_34183	0
GRCh38_CMRG_34215	0
GRCh38_CMRG_34242	0
GRCh38_CMRG_34426	0
GRCh38_CMRG_34469	0
GRCh38_CMRG_34492	0
GRCh38_CMRG_34493	0
GRCh38_CMRG_34727	0
GRCh38_CMRG_35542	0
GRCh38_CMRG_35551	0
GRCh38_CMRG_35552	0
GRCh38_CMRG_35553	0
GRCh38_CMRG_35554	0
GRCh38_CMRG_35555	0
GRCh38_CMRG_35556	0
GRCh38_CMRG_35610	0
GRCh38_CMRG_35966	0
GRCh38_CMRG_35967	0
GRCh38_CMRG_35976	0
GRCh38_CMRG_36060	0
GRCh38_CMRG_36158	0
GRCh38_CMRG_36193	0
GRCh38_CMRG_36228	0
GRCh38_CMRG_36340	0
GRCh38_CMRG_36473	0
GRCh38_CMRG_36474	0
GRCh38_CMRG_36535	0
GRCh38_CMRG_36537	0
GRCh38_CMRG_36630	0
GRCh38_CMRG_36631	0
GRCh38_CMRG_36831	0
GRCh38_CMRG_36938	0
GRCh38_CMRG_37014	0
GRCh38_CMRG_37015	0
GRCh38_CMRG_37252	0
GRCh38_CMRG_37366	0
GRCh38_CMRG_37404	0
GRCh38_CMRG_37557	0
GRCh38_CMRG_37559	0
GRCh38_CMRG_37718	0
GRCh38_CMRG_37784	0
GRCh38_CMRG_37785	0
GRCh38_CMRG_37809	0
GRCh38_CMRG_37849	0
GRCh38_CMRG_37859	0
GRCh38_CMRG_379	0
GRCh38_CMRG_38398	0
GRCh38_CMRG_38399	0
GRCh38_CMRG_38678	0
GRCh38_CMRG_38780	0
GRCh38_CMRG_38781	0
GRCh38_CMRG_38807	0
GRCh38_CMRG_38808	0
GRCh38_CMRG_38809	0
GRCh38_CMRG_38933	0
GRCh38_CMRG_38934	0
GRCh38_CMRG_38972	0
GRCh38_CMRG_38973	0
GRCh38_CMRG_38974	0
GRCh38_CMRG_39248	0
GRCh38_CMRG_39428	0
GRCh38_CMRG_39616	0
GRCh38_CMRG_39704	0
GRCh38_CMRG_39920	0
GRCh38_CMRG_39921	0
GRCh38_CMRG_39968	0
GRCh38_CMRG_40285	0
GRCh38_CMRG_40310	0
GRCh38_CMRG_40374	0
GRCh38_CMRG_40455	0
GRCh38_CMRG_40635	0
GRCh38_CMRG_40852	0
GRCh38_CMRG_40857	0
GRCh38_CMRG_41212	0
GRCh38_CMRG_41243	0
GRCh38_CMRG_41244	0
GRCh38_CMRG_41558	0
GRCh38_CMRG_41668	0
GRCh38_CMRG_41752	0
GRCh38_CMRG_41775	0
GRCh38_CMRG_43614	0
GRCh38_CMRG_43615	0
GRCh38_CMRG_43685	0
GRCh38_CMRG_43686	0
GRCh38_CMRG_43772	0
GRCh38_CMRG_43897	0
GRCh38_CMRG_43903	0
GRCh38_CMRG_44008	0
GRCh38_CMRG_44103	0
GRCh38_CMRG_44147	0
GRCh38_CMRG_44188	0
GRCh38_CMRG_44307	0
GRCh38_CMRG_44308	0
GRCh38_CMRG_44388	0
GRCh38_CMRG_44389	0
GRCh38_CMRG_44484	0
GRCh38_CMRG_44768	0
GRCh38_CMRG_44799	0
GRCh38_CMRG_44935	0
GRCh38_CMRG_45777	0
GRCh38_CMRG_45898	0
GRCh38_CMRG_46011	0
GRCh38_CMRG_46042	0
GRCh38_CMRG_46043	0
GRCh38_CMRG_46088	0
GRCh38_CMRG_46303	0
GRCh38_CMRG_46304	0
GRCh38_CMRG_46376	0
GRCh38_CMRG_46497	0
GRCh38_CMRG_46537	0
GRCh38_CMRG_466	0
GRCh38_CMRG_46772	0
GRCh38_CMRG_46776	0
GRCh38_CMRG_46777	0
GRCh38_CMRG_47176	0
GRCh38_CMRG_47181	0
GRCh38_CMRG_47310	0
GRCh38_CMRG_47339	0
GRCh38_CMRG_47341	0
GRCh38_CMRG_47342	0
GRCh38_CMRG_47473	0
GRCh38_CMRG_47474	0
GRCh38_CMRG_47660	0
GRCh38_CMRG_47667	0
GRCh38_CMRG_47668	0
GRCh38_CMRG_47906	0
GRCh38_CMRG_48070	0
GRCh38_CMRG_48075	0
GRCh38_CMRG_48389	0
GRCh38_CMRG_48390	0
GRCh38_CMRG_48538	0
GRCh38_CMRG_48559	0
GRCh38_CMRG_48644	0
GRCh38_CMRG_48836	0
GRCh38_CMRG_48837	0
GRCh38_CMRG_48908	0
GRCh38_CMRG_48943	0
GRCh38_CMRG_49125	0
GRCh38_CMRG_49560	0
GRCh38_CMRG_49561	0
GRCh38_CMRG_49704	0
GRCh38_CMRG_49957	0
GRCh38_CMRG_49958	0
GRCh38_CMRG_50029	0
GRCh38_CMRG_50203	0
GRCh38_CMRG_50204	0
GRCh38_CMRG_50224	0
GRCh38_CMRG_50273	0
GRCh38_CMRG_50285	0
GRCh38_CMRG_50359	0
GRCh38_CMRG_50702	0
GRCh38_CMRG_50716	0
GRCh38_CMRG_50842	0
GRCh38_CMRG_50843	0
GRCh38_CMRG_50847	0
GRCh38_CMRG_50848	0
GRCh38_CMRG_51411	0
GRCh38_CMRG_51413	0
GRCh38_CMRG_51602	0
GRCh38_CMRG_51617	0
GRCh38_CMRG_51625	0
GRCh38_CMRG_51626	0
GRCh38_CMRG_51700	0
GRCh38_CMRG_51741	0
GRCh38_CMRG_51995	0
GRCh38_CMRG_51996	0
GRCh38_CMRG_52004	0
GRCh38_CMRG_52005	0
GRCh38_CMRG_52543	0
GRCh38_CMRG_52870	0
GRCh38_CMRG_52894	0
GRCh38_CMRG_52898	0
GRCh38_CMRG_52899	0
GRCh38_CMRG_52900	0
GRCh38_CMRG_52901	0
GRCh38_CMRG_52902	0
GRCh38_CMRG_52903	0
GRCh38_CMRG_52904	0
GRCh38_CMRG_52905	0
GRCh38_CMRG_52910	0
GRCh38_CMRG_52911	0
GRCh38_CMRG_52913	0
GRCh38_CMRG_52914	0
GRCh38_CMRG_52919	0
GRCh38_CMRG_52920	0
GRCh38_CMRG_52921	0
GRCh38_CMRG_52923	0
GRCh38_CMRG_52924	0
GRCh38_CMRG_52926	0
GRCh38_CMRG_52953	0
GRCh38_CMRG_52954	0
GRCh38_CMRG_52972	0
GRCh38_CMRG_53483	0
GRCh38_CMRG_53676	0
GRCh38_CMRG_53852	0
GRCh38_CMRG_53876	0
GRCh38_CMRG_54206	0
GRCh38_CMRG_54422	0
GRCh38_CMRG_54456	0
GRCh38_CMRG_54529	0
GRCh38_CMRG_54574	0
GRCh38_CMRG_54614	0
GRCh38_CMRG_54636	0
GRCh38_CMRG_54999	0
GRCh38_CMRG_55315	0
GRCh38_CMRG_55421	0
GRCh38_CMRG_55474	0
GRCh38_CMRG_55596	0
GRCh38_CMRG_55597	0
GRCh38_CMRG_556	0
GRCh38_CMRG_557	0
GRCh38_CMRG_5754	0
GRCh38_CMRG_58116	0
GRCh38_CMRG_58176	0
GRCh38_CMRG_58741	0
GRCh38_CMRG_58743	0
GRCh38_CMRG_58770	0
GRCh38_CMRG_58794	0
GRCh38_CMRG_58802	0
GRCh38_CMRG_58812	0
GRCh38_CMRG_58813	0
GRCh38_CMRG_58959	0
GRCh38_CMRG_58960	0
GRCh38_CMRG_59418	0
GRCh38_CMRG_59419	0
GRCh38_CMRG_5956	0
GRCh38_CMRG_59860	0
GRCh38_CMRG_59888	0
GRCh38_CMRG_59889	0
GRCh38_CMRG_60083	0
GRCh38_CMRG_60129	0
GRCh38_CMRG_6031	0
GRCh38_CMRG_6033	0
GRCh38_CMRG_60426	0
GRCh38_CMRG_60469	0
GRCh38_CMRG_60847	0
GRCh38_CMRG_60848	0
GRCh38_CMRG_61132	0
GRCh38_CMRG_61133	0
GRCh38_CMRG_61143	0
GRCh38_CMRG_61507	0
GRCh38_CMRG_61635	0
GRCh38_CMRG_61806	0
GRCh38_CMRG_6189	0
GRCh38_CMRG_6190	0
GRCh38_CMRG_62058	0
GRCh38_CMRG_62077	0
GRCh38_CMRG_62149	0
GRCh38_CMRG_62226	0
GRCh38_CMRG_62619	0
GRCh38_CMRG_62620	0
GRCh38_CMRG_62621	0
GRCh38_CMRG_6298	0
GRCh38_CMRG_63287	0
GRCh38_CMRG_63381	0
GRCh38_CMRG_635	0
GRCh38_CMRG_6350	0
GRCh38_CMRG_63527	0
GRCh38_CMRG_63528	0
GRCh38_CMRG_636	0
GRCh38_CMRG_63820	0
GRCh38_CMRG_63970	0
GRCh38_CMRG_63971	0
GRCh38_CMRG_64191	0
GRCh38_CMRG_64247	0
GRCh38_CMRG_64310	0
GRCh38_CMRG_64311	0
GRCh38_CMRG_64473	0
GRCh38_CMRG_64508	0
GRCh38_CMRG_64516	0
GRCh38_CMRG_64568	0
GRCh38_CMRG_6461	0
GRCh38_CMRG_64665	0
GRCh38_CMRG_64678	0
GRCh38_CMRG_64686	0
GRCh38_CMRG_64687	0
GRCh38_CMRG_64716	0
GRCh38_CMRG_64748	0
GRCh38_CMRG_64872	0
GRCh38_CMRG_64878	0
GRCh38_CMRG_64916	0
GRCh38_CMRG_64962	0
GRCh38_CMRG_64970	0
GRCh38_CMRG_64974	0
GRCh38_CMRG_64985	0
GRCh38_CMRG_64986	0
GRCh38_CMRG_65316	0
GRCh38_CMRG_6580	0
GRCh38_CMRG_65802	0
GRCh38_CMRG_66076	0
GRCh38_CMRG_66095	0
GRCh38_CMRG_66117	0
GRCh38_CMRG_66118	0
GRCh38_CMRG_66964	0
GRCh38_CMRG_67095	0
GRCh38_CMRG_6733	0
GRCh38_CMRG_67356	0
GRCh38_CMRG_6757	0
GRCh38_CMRG_6758	0
GRCh38_CMRG_67618	0
GRCh38_CMRG_67619	0
GRCh38_CMRG_67665	0
GRCh38_CMRG_67691	0
GRCh38_CMRG_67693	0
GRCh38_CMRG_67697	0
GRCh38_CMRG_67703	0
GRCh38_CMRG_67749	0
GRCh38_CMRG_6775	0
GRCh38_CMRG_67839	0
GRCh38_CMRG_67950	0
GRCh38_CMRG_68024	0
GRCh38_CMRG_68119	0
GRCh38_CMRG_68446	0
GRCh38_CMRG_68447	0
GRCh38_CMRG_68490	0
GRCh38_CMRG_68668	0
GRCh38_CMRG_68704	0
GRCh38_CMRG_68848	0
GRCh38_CMRG_68859	0
GRCh38_CMRG_68919	0
GRCh38_CMRG_69366	0
GRCh38_CMRG_69368	0
GRCh38_CMRG_69481	0
GRCh38_CMRG_69482	0
GRCh38_CMRG_69483	0
GRCh38_CMRG_69484	0
GRCh38_CMRG_69485	0
GRCh38_CMRG_69486	0
GRCh38_CMRG_69575	0
GRCh38_CMRG_69581	0
GRCh38_CMRG_69582	0
GRCh38_CMRG_69616	0
GRCh38_CMRG_69617	0
GRCh38_CMRG_69686	0
GRCh38_CMRG_69806	0
GRCh38_CMRG_69838	0
GRCh38_CMRG_69843	0
GRCh38_CMRG_69844	0
GRCh38_CMRG_69870	0
GRCh38_CMRG_69885	0
GRCh38_CMRG_70046	0
GRCh38_CMRG_70540	0
GRCh38_CMRG_71109	0
GRCh38_CMRG_71110	0
GRCh38_CMRG_71117	0
GRCh38_CMRG_71162	0
GRCh38_CMRG_71475	0
GRCh38_CMRG_71544	0
GRCh38_CMRG_71740	0
GRCh38_CMRG_7191	0
GRCh38_CMRG_7192	0
GRCh38_CMRG_72060	0
GRCh38_CMRG_72160	0
GRCh38_CMRG_72189	0
GRCh38_CMRG_72318	0
GRCh38_CMRG_72325	0
GRCh38_CMRG_72473	0
GRCh38_CMRG_72502	0
GRCh38_CMRG_72544	0
GRCh38_CMRG_73176	0
GRCh38_CMRG_73339	0
GRCh38_CMRG_73342	0
GRCh38_CMRG_73344	0
GRCh38_CMRG_73352	0
GRCh38_CMRG_73455	0
GRCh38_CMRG_73458	0
GRCh38_CMRG_73681	0
GRCh38_CMRG_73691	0
GRCh38_CMRG_73809	0
GRCh38_CMRG_73810	0
GRCh38_CMRG_73818	0
GRCh38_CMRG_73834	0
GRCh38_CMRG_73884	0
GRCh38_CMRG_7395	0
GRCh38_CMRG_74	0
GRCh38_CMRG_74201	0
GRCh38_CMRG_74202	0
GRCh38_CMRG_74214	0
GRCh38_CMRG_74222	0
GRCh38_CMRG_74224	0
GRCh38_CMRG_74252	0
GRCh38_CMRG_74257	0
GRCh38_CMRG_74260	0
GRCh38_CMRG_7427	0
GRCh38_CMRG_74342	0
GRCh38_CMRG_74343	0
GRCh38_CMRG_74362	0
GRCh38_CMRG_74363	0
GRCh38_CMRG_74388	0
GRCh38_CMRG_74389	0
GRCh38_CMRG_74411	0
GRCh38_CMRG_74536	0
GRCh38_CMRG_74539	0
GRCh38_CMRG_74540	0
GRCh38_CMRG_74545	0
GRCh38_CMRG_74552	0
GRCh38_CMRG_74589	0
GRCh38_CMRG_74617	0
GRCh38_CMRG_74618	0
GRCh38_CMRG_74746	0
GRCh38_CMRG_74747	0
GRCh38_CMRG_74756	0
GRCh38_CMRG_74757	0
GRCh38_CMRG_74771	0
GRCh38_CMRG_74788	0
GRCh38_CMRG_7486	0
GRCh38_CMRG_75120	0
GRCh38_CMRG_75191	0
GRCh38_CMRG_75205	0
GRCh38_CMRG_75362	0
GRCh38_CMRG_75534	0
GRCh38_CMRG_75670	0
GRCh38_CMRG_7588	0
GRCh38_CMRG_76426	0
GRCh38_CMRG_76655	0
GRCh38_CMRG_76727	0
GRCh38_CMRG_76728	0
GRCh38_CMRG_76829	0
GRCh38_CMRG_76959	0
GRCh38_CMRG_77031	0
GRCh38_CMRG_77109	0
GRCh38_CMRG_7727	0
GRCh38_CMRG_7728	0
GRCh38_CMRG_77470	0
GRCh38_CMRG_7791	0
GRCh38_CMRG_7812	0
GRCh38_CMRG_78872	0
GRCh38_CMRG_78877	0
GRCh38_CMRG_78941	0
GRCh38_CMRG_78942	0
GRCh38_CMRG_79036	0
GRCh38_CMRG_79037	0
GRCh38_CMRG_79140	0
GRCh38_CMRG_79141	0
GRCh38_CMRG_79142	0
GRCh38_CMRG_79143	0
GRCh38_CMRG_79145	0
GRCh38_CMRG_79168	0
GRCh38_CMRG_79287	0
GRCh38_CMRG_79288	0
GRCh38_CMRG_79484	0
GRCh38_CMRG_79485	0
GRCh38_CMRG_79503	0
GRCh38_CMRG_79516	0
GRCh38_CMRG_79517	0
GRCh38_CMRG_79768	0
GRCh38_CMRG_79880	0
GRCh38_CMRG_7996	0
GRCh38_CMRG_807	0
GRCh38_CMRG_81196	0
GRCh38_CMRG_81197	0
GRCh38_CMRG_81203	0
GRCh38_CMRG_81213	0
GRCh38_CMRG_81225	0
GRCh38_CMRG_813	0
GRCh38_CMRG_81347	0
GRCh38_CMRG_81480	0
GRCh38_CMRG_81481	0
GRCh38_CMRG_81558	0
GRCh38_CMRG_82067	0
GRCh38_CMRG_8214	0
GRCh38_CMRG_82231	0
GRCh38_CMRG_82281	0
GRCh38_CMRG_82317	0
GRCh38_CMRG_82445	0
GRCh38_CMRG_82446	0
GRCh38_CMRG_82556	0
GRCh38_CMRG_82635	0
GRCh38_CMRG_82651	0
GRCh38_CMRG_82697	0
GRCh38_CMRG_82773	0
GRCh38_CMRG_82881	0
GRCh38_CMRG_82900	0
GRCh38_CMRG_82947	0
GRCh38_CMRG_83019	0
GRCh38_CMRG_8307	0
GRCh38_CMRG_83287	0
GRCh38_CMRG_83348	0
GRCh38_CMRG_83393	0
GRCh38_CMRG_83412	0
GRCh38_CMRG_83576	0
GRCh38_CMRG_83611	0
GRCh38_CMRG_84147	0
GRCh38_CMRG_84161	0
GRCh38_CMRG_84162	0
GRCh38_CMRG_84298	0
GRCh38_CMRG_84299	0
GRCh38_CMRG_84313	0
GRCh38_CMRG_84318	0
GRCh38_CMRG_84498	0
GRCh38_CMRG_845	0
GRCh38_CMRG_84528	0
GRCh38_CMRG_84581	0
GRCh38_CMRG_84584	0
GRCh38_CMRG_84613	0
GRCh38_CMRG_8478	0
GRCh38_CMRG_8480	0
GRCh38_CMRG_84876	0
GRCh38_CMRG_84877	0
GRCh38_CMRG_84878	0
GRCh38_CMRG_84879	0
GRCh38_CMRG_84896	0
GRCh38_CMRG_8527	0
GRCh38_CMRG_8704	0
GRCh38_CMRG_8789	0
GRCh38_CMRG_9548	0
GRCh38_CMRG_9574	0
GRCh38_CMRG_9598	0
