svid	population_frequency
Sniffles2.INS.139MC	1.0
Sniffles2.DEL.C7M14	1.0
Sniffles2.INS.433M5	1.0
Sniffles2.DEL.113M4	1.0
Sniffles2.DEL.10BM8	1.0
Sniffles2.INS.2F5MA	1.0
Sniffles2.DEL.146M9	1.0
Sniffles2.INS.203M1	1.0
Sniffles2.INS.C8M3	1.0
Sniffles2.DEL.1E6M12	1.0
Sniffles2.INS.482M10	1.0
Sniffles2.INS.37BM10	1.0
Sniffles2.DEL.28CM13	1.0
Sniffles2.INS.7D7M0	1.0
Sniffles2.DEL.CM6	1.0
Sniffles2.INS.5FEM4	1.0
Sniffles2.INS.33AM6	1.0
Sniffles2.INS.2DBM16	1.0
Sniffles2.INS.594M3	1.0
Sniffles2.DEL.2D0M4	1.0
Sniffles2.DEL.47BM4	1.0
Sniffles2.INS.2FCM13	1.0
Sniffles2.DEL.AEM3	1.0
Sniffles2.INS.2DDM6	1.0
Sniffles2.INS.160M2	1.0
Sniffles2.DEL.2B4M0	1.0
Sniffles2.INS.3E7M1	1.0
Sniffles2.INS.27BMA	1.0
Sniffles2.INS.245MB	1.0
Sniffles2.INS.1C0M3	1.0
Sniffles2.INS.142M2	1.0
Sniffles2.INS.186M14	1.0
Sniffles2.INS.CCM9	1.0
Sniffles2.INS.FCMB	1.0
Sniffles2.DEL.12DMD	1.0
Sniffles2.INS.2CCMC	1.0
Sniffles2.INS.533M2	1.0
Sniffles2.INS.32AM2	1.0
Sniffles2.INS.1B3M15	1.0
Sniffles2.DEL.2B2MD	1.0
Sniffles2.DEL.1B3M6	1.0
Sniffles2.DEL.1F6MF	1.0
Sniffles2.INS.825M0	1.0
Sniffles2.INS.107MF	1.0
Sniffles2.INS.BEM0	1.0
Sniffles2.INS.31AM11	1.0
Sniffles2.INS.25FM1	1.0
Sniffles2.DEL.41CM7	1.0
Sniffles2.DEL.2A3MB	1.0
Sniffles2.DEL.151M14	1.0
Sniffles2.INS.157M2	1.0
Sniffles2.DEL.47M10	1.0
Sniffles2.INS.1D5MC	1.0
Sniffles2.DEL.357M3	1.0
Sniffles2.INS.39FM13	1.0
Sniffles2.DEL.1B2M12	1.0
Sniffles2.INS.3DM2	1.0
Sniffles2.INS.69M2	1.0
Sniffles2.DEL.D6ME	1.0
Sniffles2.INS.1CCMC	1.0
Sniffles2.DEL.1AM7	1.0
Sniffles2.DEL.ADMD	1.0
Sniffles2.DEL.302M3	1.0
Sniffles2.DEL.2CDM16	1.0
Sniffles2.DEL.E0M5	1.0
Sniffles2.DEL.32BMF	1.0
Sniffles2.DEL.561M5	1.0
Sniffles2.DEL.29CM1	1.0
Sniffles2.DEL.2C1M11	1.0
Sniffles2.INS.83M12	1.0
Sniffles2.INS.53FM8	1.0
Sniffles2.INS.3C8M6	1.0
Sniffles2.INS.13AM14	1.0
Sniffles2.INS.45BM1	1.0
Sniffles2.INS.3BDM6	1.0
Sniffles2.DEL.61M12	1.0
Sniffles2.INS.2A2M11	1.0
Sniffles2.INS.1EEM8	1.0
Sniffles2.INS.21AM9	1.0
Sniffles2.INS.378MF	1.0
Sniffles2.INS.152M13	1.0
Sniffles2.INS.B6MC	1.0
Sniffles2.DEL.410M13	1.0
Sniffles2.DEL.63FM6	1.0
Sniffles2.DEL.5B1M3	1.0
Sniffles2.INS.54DM5	1.0
Sniffles2.INS.49BM16	1.0
Sniffles2.DEL.592M1	1.0
Sniffles2.INS.153MC	1.0
Sniffles2.INS.DBM1	1.0
Sniffles2.INS.2E5M12	1.0
Sniffles2.INS.15AM3	1.0
Sniffles2.INS.311M0	1.0
Sniffles2.INS.24CM12	1.0
Sniffles2.INS.4ADM3	1.0
Sniffles2.DEL.3D1MC	1.0
Sniffles2.DEL.2EDM5	1.0
Sniffles2.DEL.289M6	1.0
Sniffles2.INS.4B2M9	1.0
Sniffles2.INS.6FEM0	1.0
Sniffles2.INS.290MF	1.0
Sniffles2.INS.31BM8	1.0
Sniffles2.DEL.1E8MB	1.0
Sniffles2.INS.686M0	1.0
Sniffles2.DEL.3AFM8	1.0
Sniffles2.DEL.3E7M10	1.0
Sniffles2.INS.174M12	1.0
Sniffles2.DEL.15FM1	1.0
Sniffles2.DEL.13AMF	1.0
Sniffles2.INS.3B6M5	1.0
Sniffles2.DEL.601M3	1.0
Sniffles2.INS.203M6	1.0
Sniffles2.INS.39AM4	1.0
Sniffles2.DEL.3D9M6	1.0
Sniffles2.INS.226M1	1.0
Sniffles2.INS.5D5M3	1.0
Sniffles2.DEL.741M1	1.0
Sniffles2.DEL.31DM12	1.0
Sniffles2.DEL.24DM10	1.0
Sniffles2.DEL.74MD	1.0
Sniffles2.DEL.55AM9	1.0
Sniffles2.DEL.348M2	1.0
Sniffles2.DEL.21CM15	1.0
Sniffles2.INS.11DM1	1.0
Sniffles2.DEL.E2M1	1.0
Sniffles2.INS.11FM10	1.0
Sniffles2.DEL.431M9	1.0
Sniffles2.INS.AME	1.0
Sniffles2.INS.204M4	1.0
Sniffles2.INS.E9M10	1.0
Sniffles2.DEL.18AMB	1.0
Sniffles2.INS.353M4	1.0
Sniffles2.DEL.219M12	1.0
Sniffles2.INS.466M5	1.0
Sniffles2.INS.380M7	1.0
Sniffles2.DEL.36FM0	1.0
Sniffles2.INS.90M13	1.0
Sniffles2.DEL.2D8M10	1.0
Sniffles2.DEL.2BDMD	1.0
Sniffles2.DEL.9M6	1.0
Sniffles2.INS.295M14	1.0
Sniffles2.DEL.E4MD	1.0
Sniffles2.INS.322M10	1.0
Sniffles2.DEL.12MC	1.0
Sniffles2.DEL.2E0M12	1.0
Sniffles2.INS.50AM1	1.0
Sniffles2.DEL.1FCM13	1.0
Sniffles2.INS.382MC	1.0
Sniffles2.DEL.5EDM1	1.0
Sniffles2.INS.4D3M1	1.0
Sniffles2.INS.4DBM3	1.0
Sniffles2.DEL.46M1	1.0
Sniffles2.INS.D6M10	1.0
Sniffles2.INS.75AM1	1.0
Sniffles2.DEL.5B5M4	1.0
Sniffles2.DEL.8BM15	1.0
Sniffles2.DEL.14FMC	1.0
Sniffles2.INS.3BEM6	1.0
Sniffles2.INS.2A6M13	1.0
Sniffles2.INS.A5M3	1.0
Sniffles2.INS.219M6	1.0
Sniffles2.INS.B5M6	1.0
Sniffles2.DEL.1C4M1	1.0
Sniffles2.DEL.247M0	1.0
Sniffles2.INS.28M6	1.0
Sniffles2.DEL.1A2M0	1.0
Sniffles2.INS.352M13	1.0
Sniffles2.DEL.34M17	1.0
Sniffles2.INS.E2M10	1.0
Sniffles2.DEL.216M11	1.0
Sniffles2.INS.37FM2	1.0
Sniffles2.DEL.AAM7	1.0
Sniffles2.DEL.3FCMC	1.0
Sniffles2.INS.273M0	1.0
Sniffles2.INS.A2M0	1.0
Sniffles2.INS.479M9	1.0
Sniffles2.INS.119MA	1.0
Sniffles2.DEL.3C9M12	1.0
Sniffles2.DEL.2D0MA	1.0
Sniffles2.DEL.229M8	1.0
Sniffles2.INS.39CM5	1.0
Sniffles2.DEL.40AM3	1.0
Sniffles2.INS.3C8M2	1.0
Sniffles2.INS.515M9	1.0
Sniffles2.DEL.3C9M4	1.0
Sniffles2.INS.17AM12	1.0
Sniffles2.DEL.19FM5	1.0
Sniffles2.DEL.2B7M9	1.0
Sniffles2.DEL.126M5	1.0
Sniffles2.DEL.2F2M10	1.0
Sniffles2.DEL.5E8M4	1.0
Sniffles2.DEL.1A1M0	1.0
Sniffles2.DEL.479M2	1.0
Sniffles2.INS.301MF	1.0
Sniffles2.INS.13AM3	1.0
Sniffles2.INS.251M11	1.0
Sniffles2.DEL.344M8	1.0
Sniffles2.DEL.205M16	1.0
Sniffles2.INS.177M2	1.0
Sniffles2.DEL.51AM3	1.0
Sniffles2.INS.425M7	1.0
Sniffles2.INS.85DM0	1.0
Sniffles2.DEL.2FBM1	1.0
Sniffles2.INS.301M12	1.0
Sniffles2.INS.135M7	1.0
Sniffles2.DEL.105M5	1.0
Sniffles2.INS.3D6MB	1.0
Sniffles2.DEL.2EAM8	1.0
Sniffles2.INS.1A1M7	1.0
Sniffles2.INS.10AM2	1.0
Sniffles2.INS.90M9	1.0
Sniffles2.INS.4DEM3	1.0
Sniffles2.INS.2AFM9	1.0
Sniffles2.DEL.225M17	1.0
Sniffles2.DEL.3F0M3	1.0
Sniffles2.DEL.72FM0	1.0
Sniffles2.DEL.C9M6	1.0
Sniffles2.INS.32FM0	1.0
Sniffles2.DEL.195M5	1.0
Sniffles2.DEL.C9M7	1.0
Sniffles2.DEL.1B8M12	1.0
Sniffles2.INS.27FMA	1.0
Sniffles2.DEL.49DM2	1.0
Sniffles2.DEL.1E4M3	1.0
Sniffles2.INS.268M12	1.0
Sniffles2.INS.2C5M14	1.0
Sniffles2.DEL.2DEM3	1.0
Sniffles2.INS.1F3M1	1.0
Sniffles2.INS.394M13	1.0
Sniffles2.INS.153MF	1.0
Sniffles2.INS.510M5	1.0
Sniffles2.DEL.504M1	1.0
Sniffles2.INS.2A8M0	1.0
Sniffles2.INS.3F9M1	1.0
Sniffles2.INS.27FM1	1.0
Sniffles2.DEL.39DM2	1.0
Sniffles2.INS.233M4	1.0
Sniffles2.DEL.4D6MB	1.0
Sniffles2.DEL.42EM1	1.0
Sniffles2.DEL.446M0	1.0
Sniffles2.INS.374M13	1.0
Sniffles2.INS.182ME	1.0
Sniffles2.DEL.24FM0	1.0
Sniffles2.INS.2EEM3	1.0
Sniffles2.DEL.13EM7	1.0
Sniffles2.INS.F3M9	1.0
Sniffles2.INS.297ME	1.0
Sniffles2.DEL.32BM12	1.0
Sniffles2.INS.2F2M16	1.0
Sniffles2.DEL.DFM1	1.0
Sniffles2.DEL.4ECM5	1.0
Sniffles2.INS.66BM0	1.0
Sniffles2.INS.31AM10	1.0
Sniffles2.INS.3D2MB	1.0
Sniffles2.INS.4AME	1.0
Sniffles2.DEL.256M12	1.0
Sniffles2.INS.15BM2	1.0
Sniffles2.DEL.856M0	1.0
Sniffles2.INS.22M7	1.0
Sniffles2.DEL.216M2	1.0
Sniffles2.INS.E9M3	1.0
Sniffles2.INS.BEMF	1.0
Sniffles2.INS.295MA	1.0
Sniffles2.INS.111M2	1.0
Sniffles2.DEL.BFMD	1.0
Sniffles2.INS.175MD	1.0
Sniffles2.INS.11FM7	1.0
Sniffles2.INS.3E5M10	1.0
Sniffles2.INS.327M13	1.0
Sniffles2.INS.F2M9	1.0
Sniffles2.DEL.24CME	1.0
Sniffles2.INS.402M6	1.0
Sniffles2.DEL.27AM2	1.0
Sniffles2.DEL.39DMB	1.0
Sniffles2.INS.1F2M0	1.0
Sniffles2.DEL.62FM1	1.0
Sniffles2.DEL.FFM2	1.0
Sniffles2.DEL.6D8M6	1.0
Sniffles2.DEL.2D2M6	1.0
Sniffles2.DEL.35M11	1.0
Sniffles2.DEL.126M8	1.0
Sniffles2.INS.A6M5	1.0
Sniffles2.INS.737M0	1.0
Sniffles2.DEL.4BEM1	1.0
Sniffles2.DEL.B2M2	1.0
Sniffles2.DEL.B9MA	1.0
Sniffles2.DEL.418M1	1.0
Sniffles2.INS.456M13	1.0
Sniffles2.DEL.236M9	1.0
Sniffles2.DEL.23CM15	1.0
Sniffles2.INS.56BM1	1.0
Sniffles2.INS.10CM12	1.0
Sniffles2.DEL.563M1	1.0
Sniffles2.INS.167MF	1.0
Sniffles2.DEL.22BM1	1.0
Sniffles2.INS.4ABM4	1.0
Sniffles2.INS.1C6MD	1.0
Sniffles2.INS.488M16	1.0
Sniffles2.DEL.12BM9	1.0
Sniffles2.DEL.23BM6	1.0
Sniffles2.DEL.3A4MC	1.0
Sniffles2.DEL.3C0M1	1.0
Sniffles2.INS.324M2	1.0
Sniffles2.DEL.20EM9	1.0
Sniffles2.INS.235ME	1.0
Sniffles2.INS.449MA	1.0
Sniffles2.DEL.D5MD	1.0
Sniffles2.DEL.431M16	1.0
Sniffles2.DEL.296MB	1.0
Sniffles2.INS.1EEMA	1.0
Sniffles2.INS.5CFM4	1.0
Sniffles2.DEL.210M16	1.0
Sniffles2.DEL.DAMC	1.0
Sniffles2.DEL.2D2MB	1.0
Sniffles2.DEL.127M5	1.0
Sniffles2.INS.2A9M3	1.0
Sniffles2.INS.3BCM11	1.0
Sniffles2.INS.23EM1	1.0
Sniffles2.DEL.462M1	1.0
Sniffles2.DEL.3F3M3	1.0
Sniffles2.DEL.361M5	1.0
Sniffles2.DEL.7C0M0	1.0
Sniffles2.INS.DCM13	1.0
Sniffles2.DEL.197M16	1.0
Sniffles2.INS.429M9	1.0
Sniffles2.INS.45BM9	1.0
Sniffles2.DEL.4F7M4	1.0
Sniffles2.DEL.1A8M16	1.0
Sniffles2.INS.3E4MA	1.0
Sniffles2.DEL.67EM6	1.0
Sniffles2.DEL.34MB	1.0
Sniffles2.DEL.81M15	1.0
Sniffles2.DEL.5F5M3	1.0
Sniffles2.INS.17CM1	1.0
Sniffles2.INS.49BMA	1.0
Sniffles2.INS.3FEM5	1.0
Sniffles2.DEL.166MD	1.0
Sniffles2.DEL.62M4	1.0
Sniffles2.DEL.152M8	1.0
Sniffles2.DEL.3D9M13	1.0
Sniffles2.INS.75M0	1.0
Sniffles2.DEL.543M9	1.0
Sniffles2.DEL.16FM1	1.0
Sniffles2.INS.3BMF	1.0
Sniffles2.DEL.519M0	1.0
Sniffles2.DEL.325M9	1.0
Sniffles2.INS.4CDM5	1.0
Sniffles2.DEL.27BMF	1.0
Sniffles2.DEL.6A1M3	1.0
Sniffles2.INS.BCM13	1.0
Sniffles2.DEL.30DM8	1.0
Sniffles2.DEL.13M5	1.0
Sniffles2.INS.51DM6	1.0
Sniffles2.INS.29EM12	1.0
Sniffles2.DEL.205M9	1.0
Sniffles2.DEL.230M12	1.0
Sniffles2.DEL.1FBM6	1.0
Sniffles2.INS.5D4M3	1.0
Sniffles2.INS.168MD	1.0
Sniffles2.DEL.435MA	1.0
Sniffles2.DEL.6C7M6	1.0
Sniffles2.INS.A3M2	1.0
Sniffles2.INS.3B9M4	1.0
Sniffles2.INS.665M1	1.0
Sniffles2.INS.337M6	1.0
Sniffles2.DEL.363M9	1.0
Sniffles2.DEL.2C2M9	1.0
Sniffles2.INS.467M13	1.0
Sniffles2.INS.30DMC	1.0
Sniffles2.INS.196M11	1.0
Sniffles2.INS.47M5	1.0
Sniffles2.DEL.3FAMC	1.0
Sniffles2.DEL.382MA	1.0
Sniffles2.INS.100M10	1.0
Sniffles2.DEL.36M17	1.0
Sniffles2.INS.171M2	1.0
Sniffles2.INS.33M7	1.0
Sniffles2.DEL.1DDM14	1.0
Sniffles2.INS.5A8M9	1.0
Sniffles2.INS.3BEM1	1.0
Sniffles2.INS.2EAMF	1.0
Sniffles2.DEL.3C7M16	1.0
Sniffles2.INS.B7M1	1.0
Sniffles2.DEL.496MB	1.0
Sniffles2.DEL.B3M2	1.0
Sniffles2.DEL.5MB	1.0
Sniffles2.INS.20DM9	1.0
Sniffles2.DEL.318MC	1.0
Sniffles2.DEL.141M11	1.0
Sniffles2.DEL.11FMB	1.0
Sniffles2.INS.3E2MB	1.0
Sniffles2.INS.4FAM1	1.0
Sniffles2.INS.2B8M6	1.0
Sniffles2.INS.148MA	1.0
Sniffles2.INS.76M11	1.0
Sniffles2.INS.9EM17	1.0
Sniffles2.DEL.5D0M1	1.0
Sniffles2.DEL.367M3	1.0
Sniffles2.DEL.597M6	1.0
Sniffles2.DEL.DMB	1.0
Sniffles2.DEL.353M16	1.0
Sniffles2.INS.CBMF	1.0
Sniffles2.INS.40BM13	1.0
Sniffles2.INS.44M6	1.0
Sniffles2.DEL.2DAMA	1.0
Sniffles2.INS.5AME	1.0
Sniffles2.DEL.194M14	1.0
Sniffles2.DEL.5DEM5	1.0
Sniffles2.INS.20CM7	1.0
Sniffles2.INS.51BM2	1.0
Sniffles2.INS.348MF	1.0
Sniffles2.INS.4E0M6	1.0
Sniffles2.INS.5EEM9	1.0
Sniffles2.INS.472MB	1.0
Sniffles2.INS.32FM9	1.0
Sniffles2.DEL.195M13	1.0
Sniffles2.INS.1C1M12	1.0
Sniffles2.DEL.D4M13	1.0
Sniffles2.DEL.1AM6	1.0
Sniffles2.INS.16FM13	1.0
Sniffles2.DEL.297M1	1.0
Sniffles2.INS.1BBMF	1.0
Sniffles2.DEL.1B6M10	1.0
Sniffles2.INS.18EM3	1.0
Sniffles2.INS.322M14	1.0
Sniffles2.INS.3BAM7	1.0
Sniffles2.INS.234MB	1.0
Sniffles2.INS.49DM0	1.0
Sniffles2.INS.4DAM1	1.0
Sniffles2.DEL.27M2	1.0
Sniffles2.DEL.B5M14	1.0
Sniffles2.INS.2C2MF	1.0
Sniffles2.INS.141M3	1.0
Sniffles2.DEL.231M13	1.0
Sniffles2.DEL.5BM2	1.0
Sniffles2.DEL.2AFMA	1.0
Sniffles2.DEL.3CM2	1.0
Sniffles2.INS.2EDME	1.0
Sniffles2.INS.194M16	1.0
Sniffles2.DEL.1FFMC	1.0
Sniffles2.DEL.64BM4	1.0
Sniffles2.INS.43AM3	1.0
Sniffles2.INS.254M10	1.0
Sniffles2.INS.248M15	1.0
Sniffles2.DEL.1E8M6	1.0
Sniffles2.INS.2E8M14	1.0
Sniffles2.DEL.E4M3	1.0
Sniffles2.DEL.1F8M7	1.0
Sniffles2.INS.13EMC	1.0
Sniffles2.DEL.18CM13	1.0
Sniffles2.DEL.284M8	1.0
Sniffles2.INS.67EM0	1.0
Sniffles2.INS.311M5	1.0
Sniffles2.DEL.4BBMA	1.0
Sniffles2.INS.228M13	1.0
Sniffles2.INS.50AM5	1.0
Sniffles2.DEL.216M7	1.0
Sniffles2.INS.1C8M6	1.0
Sniffles2.INS.249M8	1.0
Sniffles2.INS.558M6	1.0
Sniffles2.DEL.226ME	1.0
Sniffles2.DEL.94MF	1.0
Sniffles2.INS.FFM7	1.0
Sniffles2.DEL.308MF	1.0
Sniffles2.INS.2A4M16	1.0
Sniffles2.DEL.162MF	1.0
Sniffles2.DEL.23FM9	1.0
Sniffles2.INS.194ME	1.0
Sniffles2.DEL.119M2	1.0
Sniffles2.INS.7E5M1	1.0
Sniffles2.INS.44CM4	1.0
Sniffles2.DEL.303M11	1.0
Sniffles2.INS.404M5	1.0
Sniffles2.DEL.1A8M1	1.0
Sniffles2.INS.3F4MF	1.0
Sniffles2.DEL.287M6	1.0
Sniffles2.DEL.237M12	1.0
Sniffles2.INS.48MB	1.0
Sniffles2.INS.5EBM3	1.0
Sniffles2.DEL.188MF	1.0
Sniffles2.INS.633M0	1.0
Sniffles2.INS.1B5M7	1.0
Sniffles2.DEL.2C9M9	1.0
Sniffles2.DEL.28EM13	1.0
Sniffles2.INS.21CM2	1.0
Sniffles2.INS.50M13	1.0
Sniffles2.INS.44FM10	1.0
Sniffles2.DEL.654M0	1.0
Sniffles2.INS.D8M10	1.0
Sniffles2.INS.8AMF	1.0
Sniffles2.INS.EDM3	1.0
Sniffles2.DEL.4E3M1	1.0
Sniffles2.INS.276M11	1.0
Sniffles2.INS.3C5M3	1.0
Sniffles2.INS.3F1M10	1.0
Sniffles2.DEL.1BCM6	1.0
Sniffles2.DEL.3DEM3	1.0
Sniffles2.INS.58M0	1.0
Sniffles2.INS.248M10	1.0
Sniffles2.DEL.17M6	1.0
Sniffles2.INS.AFMD	1.0
Sniffles2.INS.3BM2	1.0
Sniffles2.DEL.14DM5	1.0
Sniffles2.DEL.662M4	1.0
Sniffles2.DEL.40DM13	1.0
Sniffles2.INS.597M4	1.0
Sniffles2.DEL.3CAM6	1.0
Sniffles2.INS.F0M9	1.0
Sniffles2.DEL.E4MF	1.0
Sniffles2.DEL.EFMD	1.0
Sniffles2.INS.11AM10	1.0
Sniffles2.DEL.600M1	1.0
Sniffles2.INS.172M8	1.0
Sniffles2.INS.1C4MA	1.0
Sniffles2.DEL.174M0	1.0
Sniffles2.DEL.1BEM8	1.0
Sniffles2.INS.458M2	1.0
Sniffles2.INS.366M8	1.0
Sniffles2.INS.219M8	1.0
Sniffles2.DEL.554M6	1.0
Sniffles2.DEL.16FM6	1.0
Sniffles2.DEL.A5MF	1.0
Sniffles2.INS.20CM1	1.0
Sniffles2.DEL.E8M13	1.0
Sniffles2.INS.4A7M5	1.0
Sniffles2.INS.190M2	1.0
Sniffles2.DEL.236M17	1.0
Sniffles2.DEL.31DM3	1.0
Sniffles2.DEL.BAM3	1.0
Sniffles2.INS.6EFM1	1.0
Sniffles2.INS.2ABM15	1.0
Sniffles2.INS.520M5	1.0
Sniffles2.DEL.123M8	1.0
Sniffles2.INS.32CM5	1.0
Sniffles2.INS.20AMF	1.0
Sniffles2.INS.4DCM3	1.0
Sniffles2.INS.2EAM12	1.0
Sniffles2.DEL.1CCM2	1.0
Sniffles2.DEL.466M6	1.0
Sniffles2.DEL.189MD	1.0
Sniffles2.INS.2BBM3	1.0
Sniffles2.DEL.47EMB	1.0
Sniffles2.DEL.1B6M8	1.0
Sniffles2.DEL.204M6	1.0
Sniffles2.DEL.C7M3	1.0
Sniffles2.DEL.40AM16	1.0
Sniffles2.INS.357M6	1.0
Sniffles2.INS.E6M1	1.0
Sniffles2.INS.2C2ME	1.0
Sniffles2.DEL.182MF	1.0
Sniffles2.DEL.246M7	1.0
Sniffles2.DEL.2CBM10	1.0
Sniffles2.INS.399M11	1.0
Sniffles2.DEL.14CM3	1.0
Sniffles2.DEL.9DMB	1.0
Sniffles2.DEL.2FBM3	1.0
Sniffles2.INS.227M16	1.0
Sniffles2.DEL.F2MB	1.0
Sniffles2.INS.4FCM1	1.0
Sniffles2.INS.1BBM4	1.0
Sniffles2.INS.26DM2	1.0
Sniffles2.DEL.2CM9	1.0
Sniffles2.INS.14FM15	1.0
Sniffles2.INS.3A6M10	1.0
Sniffles2.DEL.256M9	1.0
Sniffles2.INS.578M4	1.0
Sniffles2.INS.EDMB	1.0
Sniffles2.DEL.54EM6	1.0
Sniffles2.INS.2E1M10	1.0
Sniffles2.INS.3E5MF	1.0
Sniffles2.INS.273ME	1.0
Sniffles2.INS.323M16	1.0
Sniffles2.INS.19DM5	1.0
Sniffles2.INS.485M8	1.0
Sniffles2.INS.737M1	1.0
Sniffles2.INS.20FM7	1.0
Sniffles2.INS.33DM12	1.0
Sniffles2.DEL.44BM0	1.0
Sniffles2.INS.637M6	1.0
Sniffles2.INS.D1MF	1.0
Sniffles2.INS.67M13	1.0
Sniffles2.INS.DEMF	1.0
Sniffles2.DEL.187M15	1.0
Sniffles2.INS.377M1	1.0
Sniffles2.DEL.67M3	1.0
Sniffles2.DEL.406M10	1.0
Sniffles2.INS.340M4	1.0
Sniffles2.DEL.379M12	1.0
Sniffles2.DEL.3DM0	1.0
Sniffles2.INS.196M1	1.0
Sniffles2.DEL.634M6	1.0
Sniffles2.INS.3FME	1.0
Sniffles2.INS.5BCM4	1.0
Sniffles2.DEL.41AM6	1.0
Sniffles2.DEL.3C7M5	1.0
Sniffles2.DEL.6AMD	1.0
Sniffles2.DEL.35AM8	1.0
Sniffles2.DEL.1B8M10	1.0
Sniffles2.INS.29CME	1.0
Sniffles2.DEL.194M2	1.0
Sniffles2.INS.562M4	1.0
Sniffles2.INS.2A4M6	1.0
Sniffles2.DEL.282MF	1.0
Sniffles2.DEL.194MF	1.0
Sniffles2.INS.69M12	1.0
Sniffles2.INS.1FFM5	1.0
Sniffles2.INS.C6M2	1.0
Sniffles2.DEL.4F8M2	1.0
Sniffles2.INS.85M11	1.0
Sniffles2.DEL.245M2	1.0
Sniffles2.INS.169MB	1.0
Sniffles2.INS.59FM9	1.0
Sniffles2.INS.2AEM7	1.0
Sniffles2.INS.395M6	1.0
Sniffles2.DEL.252M9	1.0
Sniffles2.DEL.349M12	1.0
Sniffles2.INS.122M2	1.0
Sniffles2.DEL.5E7M0	1.0
Sniffles2.DEL.33M5	1.0
Sniffles2.DEL.40AM7	1.0
Sniffles2.DEL.223M7	1.0
Sniffles2.DEL.260M4	1.0
Sniffles2.INS.39MF	1.0
Sniffles2.DEL.203M15	1.0
Sniffles2.DEL.51AM4	1.0
Sniffles2.DEL.1EBM14	1.0
Sniffles2.INS.34CM16	1.0
Sniffles2.DEL.1EDM1	1.0
Sniffles2.INS.4E9M1	1.0
Sniffles2.INS.564M1	1.0
Sniffles2.INS.34BM11	1.0
Sniffles2.INS.21DM2	1.0
Sniffles2.INS.4E9M7	1.0
Sniffles2.DEL.44BM3	1.0
Sniffles2.INS.4FBMB	1.0
Sniffles2.INS.50EM1	1.0
Sniffles2.INS.3E6MF	1.0
Sniffles2.INS.2AFM7	1.0
Sniffles2.INS.2EAM2	1.0
Sniffles2.DEL.40FM3	1.0
Sniffles2.INS.324M16	1.0
Sniffles2.INS.3FEMA	1.0
Sniffles2.DEL.91M8	1.0
Sniffles2.INS.210ME	1.0
Sniffles2.DEL.168M15	1.0
Sniffles2.DEL.77MB	1.0
Sniffles2.DEL.13M3	1.0
Sniffles2.DEL.1DEM14	1.0
Sniffles2.DEL.1E4M14	1.0
Sniffles2.DEL.7DM1	1.0
Sniffles2.DEL.3E3M6	1.0
Sniffles2.DEL.28FM3	1.0
Sniffles2.INS.98M13	1.0
Sniffles2.INS.436M7	1.0
Sniffles2.DEL.184M15	1.0
Sniffles2.INS.72CM0	1.0
Sniffles2.DEL.266M14	1.0
Sniffles2.INS.60M3	1.0
Sniffles2.INS.30BM3	1.0
Sniffles2.DEL.34DM1	1.0
Sniffles2.INS.64M13	1.0
Sniffles2.DEL.2F4M13	1.0
Sniffles2.INS.330M12	1.0
Sniffles2.DEL.2B8MC	1.0
Sniffles2.DEL.30AME	1.0
Sniffles2.DEL.384M7	1.0
Sniffles2.INS.65MD	1.0
Sniffles2.DEL.819M0	1.0
Sniffles2.INS.67M0	1.0
Sniffles2.DEL.5CAM4	1.0
Sniffles2.INS.DFMF	1.0
Sniffles2.INS.F7M1	1.0
Sniffles2.DEL.22EM17	1.0
Sniffles2.INS.18FM4	1.0
Sniffles2.INS.481M9	1.0
Sniffles2.INS.E4M0	1.0
Sniffles2.INS.3CEM12	1.0
Sniffles2.DEL.41AM3	1.0
Sniffles2.INS.3BCM9	1.0
Sniffles2.INS.21EM6	1.0
Sniffles2.DEL.2B2M4	1.0
Sniffles2.INS.320M5	1.0
Sniffles2.DEL.BDM12	1.0
Sniffles2.INS.4F7M3	1.0
Sniffles2.DEL.365M9	1.0
Sniffles2.DEL.1F6MB	1.0
Sniffles2.INS.34FMC	1.0
Sniffles2.INS.201M9	1.0
Sniffles2.DEL.281M4	1.0
Sniffles2.DEL.1B0M4	1.0
Sniffles2.INS.3DBM10	1.0
Sniffles2.INS.11DMD	1.0
Sniffles2.DEL.27EM13	1.0
Sniffles2.DEL.405M3	1.0
Sniffles2.DEL.321M3	1.0
Sniffles2.DEL.26EM3	1.0
Sniffles2.DEL.265MF	1.0
Sniffles2.INS.67AM4	1.0
Sniffles2.INS.4F1M8	1.0
Sniffles2.INS.80M2	1.0
Sniffles2.DEL.17DM4	1.0
Sniffles2.DEL.32CM0	1.0
Sniffles2.INS.B8M3	1.0
Sniffles2.DEL.181MD	1.0
Sniffles2.INS.BDM13	1.0
Sniffles2.DEL.3F3M1	1.0
Sniffles2.DEL.30BM9	1.0
Sniffles2.INS.269MA	1.0
Sniffles2.DEL.282M13	1.0
Sniffles2.DEL.3ADMF	1.0
Sniffles2.INS.3A6M8	1.0
Sniffles2.INS.19BMF	1.0
Sniffles2.INS.275M13	1.0
Sniffles2.INS.2C8M15	1.0
Sniffles2.INS.E1M2	1.0
Sniffles2.INS.DAMF	1.0
Sniffles2.DEL.3D3M8	1.0
Sniffles2.DEL.24DMA	1.0
Sniffles2.DEL.CFMA	1.0
Sniffles2.DEL.337M5	1.0
Sniffles2.DEL.385M3	1.0
Sniffles2.INS.587M4	1.0
Sniffles2.DEL.12MA	1.0
Sniffles2.INS.244M1	1.0
Sniffles2.DEL.101M17	1.0
Sniffles2.INS.303M1	1.0
Sniffles2.DEL.1E9MF	1.0
Sniffles2.DEL.116M11	1.0
Sniffles2.DEL.5BFM6	1.0
Sniffles2.INS.132MD	1.0
Sniffles2.INS.3EFM9	1.0
Sniffles2.DEL.141M0	1.0
Sniffles2.DEL.152M3	1.0
Sniffles2.INS.419MF	1.0
Sniffles2.DEL.28CM4	1.0
Sniffles2.DEL.3EDM5	1.0
Sniffles2.DEL.2BFM9	1.0
Sniffles2.INS.4B0M4	1.0
Sniffles2.DEL.56MD	1.0
Sniffles2.INS.390M2	1.0
Sniffles2.DEL.10FM7	1.0
Sniffles2.INS.EDM14	1.0
Sniffles2.DEL.32DM0	1.0
Sniffles2.DEL.3AFM16	1.0
Sniffles2.INS.4C4M6	1.0
Sniffles2.DEL.17AMA	1.0
Sniffles2.DEL.49MD	1.0
Sniffles2.INS.84M8	1.0
Sniffles2.INS.41M8	1.0
Sniffles2.INS.E8M0	1.0
Sniffles2.INS.1A9M3	1.0
Sniffles2.DEL.25AM10	1.0
Sniffles2.DEL.5B6M3	1.0
Sniffles2.DEL.230MC	1.0
Sniffles2.INS.1ABM0	1.0
Sniffles2.INS.4F0M1	1.0
Sniffles2.DEL.1CAMC	1.0
Sniffles2.DEL.ACMD	1.0
Sniffles2.DEL.407M1	1.0
Sniffles2.DEL.D6M12	1.0
Sniffles2.INS.531M4	1.0
Sniffles2.INS.4C5M1	1.0
Sniffles2.DEL.1EFM6	1.0
Sniffles2.DEL.174M10	1.0
Sniffles2.INS.19DMB	1.0
Sniffles2.DEL.32FMB	1.0
Sniffles2.INS.2BBM0	1.0
Sniffles2.DEL.24M11	1.0
Sniffles2.INS.3EFM6	1.0
Sniffles2.INS.54CM6	1.0
Sniffles2.DEL.1ACM12	1.0
Sniffles2.DEL.3F2MA	1.0
Sniffles2.DEL.2E0M0	1.0
Sniffles2.DEL.39EMF	1.0
Sniffles2.DEL.1AAM15	1.0
Sniffles2.INS.237MC	1.0
Sniffles2.INS.2AEMC	1.0
Sniffles2.DEL.621M0	1.0
Sniffles2.DEL.1E7ME	1.0
Sniffles2.DEL.540M1	1.0
Sniffles2.DEL.2B5MC	1.0
Sniffles2.INS.3EM4	1.0
Sniffles2.DEL.149MD	1.0
Sniffles2.INS.4B1M6	1.0
Sniffles2.INS.288M10	1.0
Sniffles2.INS.4CEM6	1.0
Sniffles2.DEL.3C5MB	1.0
Sniffles2.DEL.291M13	1.0
Sniffles2.INS.30BM16	1.0
Sniffles2.INS.1E9M9	1.0
Sniffles2.INS.3DM5	1.0
Sniffles2.INS.C9MC	1.0
Sniffles2.DEL.279ME	1.0
Sniffles2.INS.449M4	1.0
Sniffles2.INS.46EMA	1.0
Sniffles2.DEL.44AM5	1.0
Sniffles2.INS.DBM13	1.0
Sniffles2.INS.293M5	1.0
Sniffles2.INS.685M0	1.0
Sniffles2.DEL.2A6M0	1.0
Sniffles2.INS.236M16	1.0
Sniffles2.DEL.3FM8	1.0
Sniffles2.DEL.734M1	1.0
Sniffles2.INS.404M8	1.0
Sniffles2.DEL.17BM9	1.0
Sniffles2.DEL.557M1	1.0
Sniffles2.DEL.11CM2	1.0
Sniffles2.INS.1AFM3	1.0
Sniffles2.DEL.681M0	1.0
Sniffles2.INS.370M10	1.0
Sniffles2.DEL.1C5M0	1.0
Sniffles2.INS.10AMD	1.0
Sniffles2.INS.704M0	1.0
Sniffles2.DEL.1D9M11	1.0
Sniffles2.DEL.94M12	1.0
Sniffles2.DEL.C6M9	1.0
Sniffles2.DEL.F3MF	1.0
Sniffles2.DEL.493M6	1.0
Sniffles2.INS.33BMF	1.0
Sniffles2.DEL.185M6	1.0
Sniffles2.DEL.627M3	1.0
Sniffles2.DEL.1F3MA	1.0
Sniffles2.INS.440M8	1.0
Sniffles2.DEL.349M11	1.0
Sniffles2.INS.1CFM8	1.0
Sniffles2.INS.56BM3	1.0
Sniffles2.INS.221M5	1.0
Sniffles2.DEL.1ECMB	1.0
Sniffles2.INS.5AAM4	1.0
Sniffles2.INS.33MD	1.0
Sniffles2.INS.465M3	1.0
Sniffles2.DEL.412M7	1.0
Sniffles2.INS.232M1	1.0
Sniffles2.INS.9AM4	1.0
Sniffles2.DEL.1BAM3	1.0
Sniffles2.INS.4EM10	1.0
Sniffles2.INS.4ABMA	1.0
Sniffles2.DEL.3B5M10	1.0
Sniffles2.INS.2FM11	1.0
Sniffles2.DEL.4BBM8	1.0
Sniffles2.INS.A6M6	1.0
Sniffles2.INS.3C3M12	1.0
Sniffles2.INS.F4M9	1.0
Sniffles2.INS.1A4MD	1.0
Sniffles2.INS.4EBM5	1.0
Sniffles2.DEL.351M5	1.0
Sniffles2.DEL.3DAM13	1.0
Sniffles2.INS.3E3M7	1.0
Sniffles2.DEL.31M11	1.0
Sniffles2.INS.214M9	1.0
Sniffles2.DEL.219MD	1.0
Sniffles2.DEL.35CM4	1.0
Sniffles2.DEL.FCM8	1.0
Sniffles2.DEL.1D4M1	1.0
Sniffles2.INS.84M13	1.0
Sniffles2.INS.343MC	1.0
Sniffles2.DEL.242M9	1.0
Sniffles2.DEL.49DM13	1.0
Sniffles2.DEL.31FM0	1.0
Sniffles2.DEL.14DM4	1.0
Sniffles2.DEL.34AMF	1.0
Sniffles2.INS.393MA	1.0
Sniffles2.DEL.44BMB	1.0
Sniffles2.INS.8EM1	1.0
Sniffles2.DEL.20DM1	1.0
Sniffles2.INS.1B4M14	1.0
Sniffles2.DEL.2CDM15	1.0
Sniffles2.INS.CAM3	1.0
Sniffles2.INS.2DEM16	1.0
Sniffles2.INS.119M0	1.0
Sniffles2.INS.DBM9	1.0
Sniffles2.DEL.2D5MC	1.0
Sniffles2.DEL.160M13	1.0
Sniffles2.DEL.668M0	1.0
Sniffles2.INS.61EM6	1.0
Sniffles2.INS.2A8M10	1.0
Sniffles2.DEL.463M8	1.0
Sniffles2.DEL.1C4M15	1.0
Sniffles2.INS.33AM12	1.0
Sniffles2.DEL.611M3	1.0
Sniffles2.DEL.289M5	1.0
Sniffles2.DEL.179M2	1.0
Sniffles2.DEL.208MA	1.0
Sniffles2.INS.2C2MA	1.0
Sniffles2.DEL.581M0	1.0
Sniffles2.INS.550M4	1.0
Sniffles2.DEL.7DMF	1.0
Sniffles2.INS.554M1	1.0
Sniffles2.DEL.114M12	1.0
Sniffles2.DEL.1ADM15	1.0
Sniffles2.DEL.AAM11	1.0
Sniffles2.INS.3E5M7	1.0
Sniffles2.INS.2CEM11	1.0
Sniffles2.INS.139M5	1.0
Sniffles2.DEL.EEMB	1.0
Sniffles2.DEL.320M1	1.0
Sniffles2.INS.15AM15	1.0
Sniffles2.INS.5AAM5	1.0
Sniffles2.INS.F0M5	1.0
Sniffles2.DEL.192M4	1.0
Sniffles2.INS.197ME	1.0
Sniffles2.INS.59DM9	1.0
Sniffles2.INS.6EM5	1.0
Sniffles2.INS.181M13	1.0
Sniffles2.INS.22CMF	1.0
Sniffles2.INS.54M13	1.0
Sniffles2.DEL.2BCM1	1.0
Sniffles2.DEL.2B4ME	1.0
Sniffles2.DEL.6DM2	1.0
Sniffles2.INS.398M3	1.0
Sniffles2.INS.2C0M0	1.0
Sniffles2.DEL.2EM1	1.0
Sniffles2.DEL.24BM6	1.0
Sniffles2.DEL.385M12	1.0
Sniffles2.INS.2B9M5	1.0
Sniffles2.INS.4C2M8	1.0
Sniffles2.INS.29DME	1.0
Sniffles2.DEL.6C8M1	1.0
Sniffles2.INS.9CM9	1.0
Sniffles2.INS.12AM11	1.0
Sniffles2.INS.1FFMD	1.0
Sniffles2.INS.220M16	1.0
Sniffles2.DEL.357M12	1.0
Sniffles2.DEL.26CM13	1.0
Sniffles2.INS.1BAM6	1.0
Sniffles2.INS.78M6	1.0
Sniffles2.INS.2DDM0	1.0
Sniffles2.DEL.729M0	1.0
Sniffles2.INS.705M0	1.0
Sniffles2.DEL.6CEM0	1.0
Sniffles2.DEL.1C4ME	1.0
Sniffles2.DEL.436M1	1.0
Sniffles2.DEL.5F0M4	1.0
Sniffles2.DEL.2F1M0	1.0
Sniffles2.INS.35AM3	1.0
Sniffles2.DEL.FEM3	1.0
Sniffles2.DEL.17FM5	1.0
Sniffles2.DEL.16EM9	1.0
Sniffles2.INS.38EM7	1.0
Sniffles2.INS.27M11	1.0
Sniffles2.INS.495MA	1.0
Sniffles2.INS.195M2	1.0
Sniffles2.DEL.2F9M7	1.0
Sniffles2.DEL.251M0	1.0
Sniffles2.INS.3DAM7	1.0
Sniffles2.INS.40AM1	1.0
Sniffles2.DEL.14DME	1.0
Sniffles2.INS.58BM0	1.0
Sniffles2.DEL.393M6	1.0
Sniffles2.DEL.3DFM9	1.0
Sniffles2.DEL.DCM1	1.0
Sniffles2.DEL.2CFM10	1.0
Sniffles2.INS.ACM4	1.0
Sniffles2.DEL.2FBMF	1.0
Sniffles2.DEL.28AMD	1.0
Sniffles2.INS.1A2MC	1.0
Sniffles2.INS.111MC	1.0
Sniffles2.INS.35EM12	1.0
Sniffles2.DEL.37DMF	1.0
Sniffles2.DEL.1BMD	1.0
Sniffles2.DEL.1B5M11	1.0
Sniffles2.INS.53EM2	1.0
Sniffles2.DEL.2FCMC	1.0
Sniffles2.DEL.827M0	1.0
Sniffles2.INS.217M4	1.0
Sniffles2.DEL.235M16	1.0
Sniffles2.DEL.24FM12	1.0
Sniffles2.DEL.43EMB	1.0
Sniffles2.INS.49AM13	1.0
Sniffles2.INS.406MA	1.0
Sniffles2.INS.25DM8	1.0
Sniffles2.INS.1DEME	1.0
Sniffles2.INS.18CM4	1.0
Sniffles2.DEL.E3M5	1.0
Sniffles2.INS.169M8	1.0
Sniffles2.INS.78FM0	1.0
Sniffles2.DEL.2EMB	1.0
Sniffles2.INS.1EAMD	1.0
Sniffles2.INS.1C5ME	1.0
Sniffles2.INS.29M2	1.0
Sniffles2.INS.2CM5	1.0
Sniffles2.DEL.596M5	1.0
Sniffles2.DEL.3F1M0	1.0
Sniffles2.DEL.254M14	1.0
Sniffles2.INS.73BM1	1.0
Sniffles2.INS.41EM9	1.0
Sniffles2.DEL.28CM8	1.0
Sniffles2.INS.4E2MA	1.0
Sniffles2.INS.5ABM5	1.0
Sniffles2.DEL.251M1	1.0
Sniffles2.DEL.518M4	1.0
Sniffles2.DEL.9CM15	1.0
Sniffles2.DEL.39EM16	1.0
Sniffles2.DEL.480M3	1.0
Sniffles2.DEL.55BM0	1.0
Sniffles2.DEL.373M7	1.0
Sniffles2.DEL.1C8M5	1.0
Sniffles2.DEL.375M5	1.0
Sniffles2.INS.528M1	1.0
Sniffles2.INS.327M1	1.0
Sniffles2.DEL.208MB	1.0
Sniffles2.INS.3C9M9	1.0
Sniffles2.DEL.3F9MC	1.0
Sniffles2.INS.232MF	1.0
Sniffles2.INS.5FFM6	1.0
Sniffles2.INS.313M3	1.0
Sniffles2.INS.33DM5	1.0
Sniffles2.DEL.1F4M2	1.0
Sniffles2.INS.13EM9	1.0
Sniffles2.INS.3DFMA	1.0
Sniffles2.DEL.F4M6	1.0
Sniffles2.DEL.2B7M11	1.0
Sniffles2.DEL.226MC	1.0
Sniffles2.DEL.21CM11	1.0
Sniffles2.DEL.58FM0	1.0
Sniffles2.INS.356M10	1.0
Sniffles2.INS.19DM4	1.0
Sniffles2.INS.297MD	1.0
Sniffles2.INS.73M12	1.0
Sniffles2.DEL.10DM10	1.0
Sniffles2.INS.329M16	1.0
Sniffles2.INS.293M13	1.0
Sniffles2.DEL.546M0	1.0
Sniffles2.DEL.23FM11	1.0
Sniffles2.INS.122M7	1.0
Sniffles2.DEL.439M1	1.0
Sniffles2.INS.378M1	1.0
Sniffles2.DEL.535M0	1.0
Sniffles2.DEL.27DM14	1.0
Sniffles2.DEL.171M11	1.0
Sniffles2.DEL.F6M10	1.0
Sniffles2.DEL.8CM3	1.0
Sniffles2.DEL.418M5	1.0
Sniffles2.INS.9CMF	1.0
Sniffles2.INS.2CME	1.0
Sniffles2.DEL.544M2	1.0
Sniffles2.INS.39BMA	1.0
Sniffles2.INS.249M16	1.0
Sniffles2.INS.E2MD	1.0
Sniffles2.INS.210MD	1.0
Sniffles2.DEL.30FMB	1.0
Sniffles2.DEL.140M6	1.0
Sniffles2.DEL.16FMD	1.0
Sniffles2.INS.3EME	1.0
Sniffles2.INS.4B1M5	1.0
Sniffles2.INS.61DM4	1.0
Sniffles2.INS.477MB	1.0
Sniffles2.INS.1D5M15	1.0
Sniffles2.INS.3AEM13	1.0
Sniffles2.DEL.1A0M16	1.0
Sniffles2.INS.616M3	1.0
Sniffles2.DEL.4B5M8	1.0
Sniffles2.DEL.28FM16	1.0
Sniffles2.INS.271MC	1.0
Sniffles2.INS.321M12	1.0
Sniffles2.DEL.BFM12	1.0
Sniffles2.DEL.122M15	1.0
Sniffles2.INS.1CAM2	1.0
Sniffles2.INS.38CM16	1.0
Sniffles2.DEL.389M8	1.0
Sniffles2.DEL.C5M5	1.0
Sniffles2.DEL.2A3M7	1.0
Sniffles2.DEL.37EMB	1.0
Sniffles2.INS.405MF	1.0
Sniffles2.INS.1D6M8	1.0
Sniffles2.INS.1CDM9	1.0
Sniffles2.INS.4B9M8	1.0
Sniffles2.INS.435M5	1.0
Sniffles2.DEL.15DM2	1.0
Sniffles2.INS.55CM2	1.0
Sniffles2.DEL.86M8	1.0
Sniffles2.DEL.48CM4	1.0
Sniffles2.DEL.13AMC	1.0
Sniffles2.INS.55EM0	1.0
Sniffles2.INS.A9MF	1.0
Sniffles2.DEL.37EM3	1.0
Sniffles2.DEL.25AM14	1.0
Sniffles2.DEL.6CM8	1.0
Sniffles2.INS.392M1	1.0
Sniffles2.INS.30DM11	1.0
Sniffles2.DEL.5A9M0	1.0
Sniffles2.INS.3EDM1	1.0
Sniffles2.INS.391M7	1.0
Sniffles2.DEL.2A9M15	1.0
Sniffles2.INS.461M6	1.0
Sniffles2.DEL.1B9M13	1.0
Sniffles2.INS.14DM13	1.0
Sniffles2.INS.1CEM8	1.0
Sniffles2.DEL.5D0M4	1.0
Sniffles2.DEL.3C3M3	1.0
Sniffles2.DEL.412M10	1.0
Sniffles2.DEL.6D0M0	1.0
Sniffles2.INS.339MF	1.0
Sniffles2.INS.16CM10	1.0
Sniffles2.DEL.24CMB	1.0
Sniffles2.DEL.1AM14	1.0
Sniffles2.DEL.1A1M11	1.0
Sniffles2.INS.3A9M6	1.0
Sniffles2.DEL.264M8	1.0
Sniffles2.DEL.3E9M1	1.0
Sniffles2.DEL.DEMA	1.0
Sniffles2.DEL.A4MD	1.0
Sniffles2.INS.FCM1	1.0
Sniffles2.INS.34FMB	1.0
Sniffles2.INS.6CAM1	1.0
Sniffles2.INS.203M14	1.0
Sniffles2.DEL.35CMC	1.0
Sniffles2.DEL.41M11	1.0
Sniffles2.DEL.199M1	1.0
Sniffles2.INS.12DM6	1.0
Sniffles2.DEL.5EFM6	1.0
Sniffles2.INS.3F3M4	1.0
Sniffles2.INS.131M13	1.0
Sniffles2.DEL.614M1	1.0
Sniffles2.INS.464M16	1.0
Sniffles2.DEL.21AM15	1.0
Sniffles2.DEL.3F4M3	1.0
Sniffles2.INS.ECM6	1.0
Sniffles2.DEL.3F7M4	1.0
Sniffles2.DEL.3F2MB	1.0
Sniffles2.INS.154MC	1.0
Sniffles2.INS.242MB	1.0
Sniffles2.INS.41M0	1.0
Sniffles2.DEL.36EM10	1.0
Sniffles2.INS.27CM2	1.0
Sniffles2.INS.49AM0	1.0
Sniffles2.INS.41ME	1.0
Sniffles2.INS.547M6	1.0
Sniffles2.DEL.4B4M13	1.0
Sniffles2.DEL.EAM17	1.0
Sniffles2.DEL.655M0	1.0
Sniffles2.INS.35DMA	1.0
Sniffles2.INS.2F9M15	1.0
Sniffles2.INS.DEM15	1.0
Sniffles2.INS.2F3M8	1.0
Sniffles2.INS.476M4	1.0
Sniffles2.INS.13CMC	1.0
Sniffles2.INS.499M1	1.0
Sniffles2.DEL.69M11	1.0
Sniffles2.INS.257M7	1.0
Sniffles2.INS.377M12	1.0
Sniffles2.DEL.2CDM3	1.0
Sniffles2.INS.DDM8	1.0
Sniffles2.DEL.B1M10	1.0
Sniffles2.DEL.C9M8	1.0
Sniffles2.DEL.165M1	1.0
Sniffles2.DEL.17EM12	1.0
Sniffles2.DEL.5B3M1	1.0
Sniffles2.DEL.22CM11	1.0
Sniffles2.DEL.393M9	1.0
Sniffles2.DEL.2D1M5	1.0
Sniffles2.INS.3E3M8	1.0
Sniffles2.INS.41FM9	1.0
Sniffles2.INS.27DMC	1.0
Sniffles2.DEL.36BM4	1.0
Sniffles2.DEL.4FBM4	1.0
Sniffles2.DEL.351M11	1.0
Sniffles2.INS.488MA	1.0
Sniffles2.DEL.3AFM6	1.0
Sniffles2.DEL.292M11	1.0
Sniffles2.INS.44EM10	1.0
Sniffles2.INS.50DM1	1.0
Sniffles2.DEL.320M13	1.0
Sniffles2.INS.40BMC	1.0
Sniffles2.INS.155M0	1.0
Sniffles2.DEL.231M10	1.0
Sniffles2.DEL.593M6	1.0
Sniffles2.DEL.27FM6	1.0
Sniffles2.DEL.1EAMC	1.0
Sniffles2.INS.21EMC	1.0
Sniffles2.DEL.2E3M13	1.0
Sniffles2.INS.48EMA	1.0
Sniffles2.DEL.247M6	1.0
Sniffles2.DEL.DAM1	1.0
Sniffles2.DEL.25AM16	1.0
Sniffles2.INS.271M7	1.0
Sniffles2.INS.243M1	1.0
Sniffles2.INS.2C4MB	1.0
Sniffles2.INS.719M1	1.0
Sniffles2.INS.B9MB	1.0
Sniffles2.INS.4D5M7	1.0
Sniffles2.INS.3F5M1	1.0
Sniffles2.INS.204ME	1.0
Sniffles2.DEL.2CDM9	1.0
Sniffles2.INS.26AMB	1.0
Sniffles2.INS.1ACM3	1.0
Sniffles2.INS.2E7M5	1.0
Sniffles2.DEL.309M6	1.0
Sniffles2.DEL.3FDMC	1.0
Sniffles2.INS.512M1	1.0
Sniffles2.INS.2DBM10	1.0
Sniffles2.DEL.323M0	1.0
Sniffles2.INS.4DBM5	1.0
Sniffles2.DEL.5F9M1	1.0
Sniffles2.DEL.1E1ME	1.0
Sniffles2.INS.1BEM3	1.0
Sniffles2.INS.76M8	1.0
Sniffles2.DEL.211M1	1.0
Sniffles2.DEL.2EDM7	1.0
Sniffles2.INS.493M13	1.0
Sniffles2.DEL.449M9	1.0
Sniffles2.DEL.332M16	1.0
Sniffles2.DEL.7CBM1	1.0
Sniffles2.DEL.38FM12	1.0
Sniffles2.DEL.4EM8	1.0
Sniffles2.INS.37FM7	1.0
Sniffles2.INS.6F9M0	1.0
Sniffles2.INS.74MF	1.0
Sniffles2.INS.4DEM6	1.0
Sniffles2.INS.211M6	1.0
Sniffles2.DEL.94M6	1.0
Sniffles2.INS.319M13	1.0
Sniffles2.INS.3A5M5	1.0
Sniffles2.INS.297MF	1.0
Sniffles2.DEL.591M5	1.0
Sniffles2.DEL.3D0M4	1.0
Sniffles2.DEL.30CMC	1.0
Sniffles2.INS.7FM9	1.0
Sniffles2.INS.19AME	1.0
Sniffles2.INS.347M8	1.0
Sniffles2.DEL.85M1	1.0
Sniffles2.INS.1D3M1	1.0
Sniffles2.DEL.2F9M5	1.0
Sniffles2.DEL.371M3	1.0
Sniffles2.DEL.17DM10	1.0
Sniffles2.DEL.365M1	1.0
Sniffles2.INS.2CM0	1.0
Sniffles2.INS.1D8M12	1.0
Sniffles2.DEL.4F0M9	1.0
Sniffles2.INS.E6M5	1.0
Sniffles2.INS.74DM0	1.0
Sniffles2.INS.235M3	1.0
Sniffles2.DEL.2F1M16	1.0
Sniffles2.INS.342ME	1.0
Sniffles2.INS.159M1	1.0
Sniffles2.INS.46BM3	1.0
Sniffles2.DEL.1F4ME	1.0
Sniffles2.DEL.89M10	1.0
Sniffles2.INS.330MB	1.0
Sniffles2.INS.409M16	1.0
Sniffles2.DEL.3EFM5	1.0
Sniffles2.DEL.4D8M6	1.0
Sniffles2.DEL.1C5M7	1.0
Sniffles2.DEL.3BDM0	1.0
Sniffles2.INS.14DM10	1.0
Sniffles2.DEL.26DM9	1.0
Sniffles2.INS.1B8MA	1.0
Sniffles2.INS.107M15	1.0
Sniffles2.DEL.16BMC	1.0
Sniffles2.INS.56AM2	1.0
Sniffles2.DEL.42M11	1.0
Sniffles2.INS.B0MD	1.0
Sniffles2.DEL.124MA	1.0
Sniffles2.DEL.2AM10	1.0
Sniffles2.DEL.20BM7	1.0
Sniffles2.DEL.338M5	1.0
Sniffles2.INS.116MB	1.0
Sniffles2.INS.382M16	1.0
Sniffles2.INS.7F9M0	1.0
Sniffles2.INS.391M12	1.0
Sniffles2.INS.285MD	1.0
Sniffles2.INS.260M10	1.0
Sniffles2.INS.35EM9	1.0
Sniffles2.DEL.3EBMF	1.0
Sniffles2.INS.336MF	1.0
Sniffles2.DEL.4CFM4	1.0
Sniffles2.DEL.36BM7	1.0
Sniffles2.INS.4A5MA	1.0
Sniffles2.DEL.105M1	1.0
Sniffles2.DEL.DDM2	1.0
Sniffles2.INS.180M14	1.0
Sniffles2.DEL.22MD	1.0
Sniffles2.DEL.129M3	1.0
Sniffles2.INS.242ME	1.0
Sniffles2.INS.196ME	1.0
Sniffles2.DEL.5D5M1	1.0
Sniffles2.INS.228M8	1.0
Sniffles2.DEL.3FCM1	1.0
Sniffles2.DEL.B6M3	1.0
Sniffles2.INS.208MC	1.0
Sniffles2.INS.7D6M1	1.0
Sniffles2.DEL.300ME	1.0
Sniffles2.INS.2E3M7	1.0
Sniffles2.INS.6A3M0	1.0
Sniffles2.DEL.191M8	1.0
Sniffles2.INS.4DBM7	1.0
Sniffles2.DEL.4FEM1	1.0
Sniffles2.DEL.E0ME	1.0
Sniffles2.DEL.44BM6	1.0
Sniffles2.DEL.29DM3	1.0
Sniffles2.INS.AAM13	1.0
Sniffles2.INS.22EM10	1.0
Sniffles2.INS.32CM9	1.0
Sniffles2.INS.31DM13	1.0
Sniffles2.INS.34DM3	1.0
Sniffles2.DEL.4A9M4	1.0
Sniffles2.DEL.23DMB	1.0
Sniffles2.INS.5FBM1	1.0
Sniffles2.INS.52FM4	1.0
Sniffles2.DEL.1DCM7	1.0
Sniffles2.INS.265MA	1.0
Sniffles2.INS.4A3M6	1.0
Sniffles2.DEL.310MB	1.0
Sniffles2.INS.2DCM10	1.0
Sniffles2.DEL.2D9M6	1.0
Sniffles2.INS.29CM16	1.0
Sniffles2.DEL.6B1M6	1.0
Sniffles2.INS.806M0	1.0
Sniffles2.DEL.103M6	1.0
Sniffles2.INS.2DCM13	1.0
Sniffles2.INS.6A1M0	1.0
Sniffles2.DEL.12FM12	1.0
Sniffles2.INS.44CM16	1.0
Sniffles2.INS.97M1	1.0
Sniffles2.INS.1F3M11	1.0
Sniffles2.DEL.30FM5	1.0
Sniffles2.INS.430MC	1.0
Sniffles2.DEL.1D6M15	1.0
Sniffles2.DEL.3DBM16	1.0
Sniffles2.INS.11BM0	1.0
Sniffles2.DEL.39FM7	1.0
Sniffles2.DEL.244MC	1.0
Sniffles2.INS.4C2M3	1.0
Sniffles2.INS.4ACMA	1.0
Sniffles2.DEL.3C6M10	1.0
Sniffles2.INS.162M12	1.0
Sniffles2.INS.786M0	1.0
Sniffles2.INS.3D1MA	1.0
Sniffles2.DEL.2A2MF	1.0
Sniffles2.DEL.219M15	1.0
Sniffles2.INS.2C3M12	1.0
Sniffles2.DEL.36AM0	1.0
Sniffles2.INS.150M0	1.0
Sniffles2.DEL.2A6MB	1.0
Sniffles2.INS.200M4	1.0
Sniffles2.DEL.257MB	1.0
Sniffles2.INS.411M0	1.0
Sniffles2.INS.132M12	1.0
Sniffles2.INS.65M13	1.0
Sniffles2.DEL.228MD	1.0
Sniffles2.DEL.B6M13	1.0
Sniffles2.DEL.3F8MC	1.0
Sniffles2.DEL.7EMA	1.0
Sniffles2.INS.37DM10	1.0
Sniffles2.DEL.230M11	1.0
Sniffles2.INS.B0M10	1.0
Sniffles2.INS.368M3	1.0
Sniffles2.DEL.C4M11	1.0
Sniffles2.INS.134M15	1.0
Sniffles2.INS.305M15	1.0
Sniffles2.DEL.53DM3	1.0
Sniffles2.INS.1E9MB	1.0
Sniffles2.INS.20DM6	1.0
Sniffles2.DEL.5ABM3	1.0
Sniffles2.DEL.575M5	1.0
Sniffles2.DEL.1BAM9	1.0
Sniffles2.DEL.34AM0	1.0
Sniffles2.INS.16M8	1.0
Sniffles2.INS.486M7	1.0
Sniffles2.DEL.42M10	1.0
Sniffles2.INS.88M12	1.0
Sniffles2.DEL.260M5	1.0
Sniffles2.DEL.41BM4	1.0
Sniffles2.DEL.406M6	1.0
Sniffles2.DEL.4D4MB	1.0
Sniffles2.INS.314MB	1.0
Sniffles2.INS.408M7	1.0
Sniffles2.DEL.6B3M6	1.0
Sniffles2.DEL.3BFM6	1.0
Sniffles2.DEL.2B4M3	1.0
Sniffles2.DEL.C8M14	1.0
Sniffles2.INS.483M8	1.0
Sniffles2.DEL.252MA	1.0
Sniffles2.INS.568M1	1.0
Sniffles2.DEL.D2M1	1.0
Sniffles2.DEL.461M4	1.0
Sniffles2.DEL.1A1M14	1.0
Sniffles2.INS.1D2ME	1.0
Sniffles2.INS.493MA	1.0
Sniffles2.INS.34CM10	1.0
Sniffles2.INS.54M6	1.0
Sniffles2.INS.134M3	1.0
Sniffles2.INS.18BM4	1.0
Sniffles2.DEL.47CM4	1.0
Sniffles2.DEL.D0MB	1.0
Sniffles2.INS.45BMA	1.0
Sniffles2.DEL.334M9	1.0
Sniffles2.DEL.4B8M6	1.0
Sniffles2.INS.42EM9	1.0
Sniffles2.DEL.221ME	1.0
Sniffles2.DEL.370M0	1.0
Sniffles2.INS.247MD	1.0
Sniffles2.DEL.248M8	1.0
Sniffles2.INS.2BDM0	1.0
Sniffles2.DEL.ACM2	1.0
Sniffles2.INS.326MA	1.0
Sniffles2.DEL.483M10	1.0
Sniffles2.DEL.5C9M4	1.0
Sniffles2.DEL.328M10	1.0
Sniffles2.DEL.322M16	1.0
Sniffles2.DEL.2E5M0	1.0
Sniffles2.DEL.341ME	1.0
Sniffles2.INS.4A7M1	1.0
Sniffles2.INS.155M17	1.0
Sniffles2.DEL.115M4	1.0
Sniffles2.DEL.1CCM12	1.0
Sniffles2.DEL.2B6M12	1.0
Sniffles2.DEL.3C3M8	1.0
Sniffles2.INS.182M8	1.0
Sniffles2.DEL.135M6	1.0
Sniffles2.INS.339M7	1.0
Sniffles2.INS.401M4	1.0
Sniffles2.DEL.1C5M9	1.0
Sniffles2.DEL.31AMF	1.0
Sniffles2.INS.49M5	1.0
Sniffles2.INS.29AM7	1.0
Sniffles2.INS.2CAM14	1.0
Sniffles2.INS.112MA	1.0
Sniffles2.DEL.2D4M4	1.0
Sniffles2.INS.1C3M12	1.0
Sniffles2.DEL.1B0M9	1.0
Sniffles2.INS.28DM5	1.0
Sniffles2.INS.120M7	1.0
Sniffles2.INS.437M9	1.0
Sniffles2.INS.160M3	1.0
Sniffles2.DEL.41DM8	1.0
Sniffles2.INS.2D1M1	1.0
Sniffles2.DEL.28M2	1.0
Sniffles2.INS.269M6	1.0
Sniffles2.DEL.145MA	1.0
Sniffles2.INS.2FCMB	1.0
Sniffles2.DEL.193M12	1.0
Sniffles2.INS.2F9M3	1.0
Sniffles2.INS.410M1	1.0
Sniffles2.DEL.742M0	1.0
Sniffles2.DEL.1BBM7	1.0
Sniffles2.DEL.236MB	1.0
Sniffles2.DEL.11FMF	1.0
Sniffles2.DEL.5B0M0	1.0
Sniffles2.INS.14FM0	1.0
Sniffles2.DEL.2E4M5	1.0
Sniffles2.DEL.184M2	1.0
Sniffles2.INS.75FM0	1.0
Sniffles2.INS.2ACM8	1.0
Sniffles2.INS.21EM11	1.0
Sniffles2.DEL.1C2M8	1.0
Sniffles2.INS.22AM13	1.0
Sniffles2.DEL.E5MF	1.0
Sniffles2.INS.32DM10	1.0
Sniffles2.INS.2B4M5	1.0
Sniffles2.INS.106M8	1.0
Sniffles2.DEL.233M10	1.0
Sniffles2.DEL.562M0	1.0
Sniffles2.DEL.38FM9	1.0
Sniffles2.INS.2F5M6	1.0
Sniffles2.DEL.295M9	1.0
Sniffles2.INS.2FBM6	1.0
Sniffles2.DEL.160M15	1.0
Sniffles2.DEL.201M2	1.0
Sniffles2.INS.4E3M0	1.0
Sniffles2.INS.404M13	1.0
Sniffles2.INS.E4M4	1.0
Sniffles2.DEL.2E8M2	1.0
Sniffles2.DEL.2FCM2	1.0
Sniffles2.DEL.95MF	1.0
Sniffles2.INS.ECM13	1.0
Sniffles2.INS.290M11	1.0
Sniffles2.INS.6CM13	1.0
Sniffles2.INS.272M11	1.0
Sniffles2.INS.3E8M8	1.0
Sniffles2.INS.13AM4	1.0
Sniffles2.INS.277M5	1.0
Sniffles2.DEL.632M6	1.0
Sniffles2.INS.A7M3	1.0
Sniffles2.DEL.25AM9	1.0
Sniffles2.INS.1E5M2	1.0
Sniffles2.INS.2EFM14	1.0
Sniffles2.INS.2A4ME	1.0
Sniffles2.DEL.18CM3	1.0
Sniffles2.DEL.E6M12	1.0
Sniffles2.DEL.184M11	1.0
Sniffles2.INS.471M16	1.0
Sniffles2.INS.1DAM12	1.0
Sniffles2.DEL.10FM6	1.0
Sniffles2.INS.236ME	1.0
Sniffles2.INS.3ADM12	1.0
Sniffles2.DEL.102M10	1.0
Sniffles2.DEL.1AEM17	1.0
Sniffles2.DEL.40AM13	1.0
Sniffles2.INS.115M6	1.0
Sniffles2.INS.1B3M7	1.0
Sniffles2.INS.325ME	1.0
Sniffles2.INS.149MC	1.0
Sniffles2.INS.39FMC	1.0
Sniffles2.DEL.257M16	1.0
Sniffles2.DEL.FAM11	1.0
Sniffles2.INS.143M6	1.0
Sniffles2.DEL.6B5M0	1.0
Sniffles2.DEL.335M6	1.0
Sniffles2.INS.316M11	1.0
Sniffles2.DEL.21FM7	1.0
Sniffles2.DEL.21DM8	1.0
Sniffles2.DEL.32BM6	1.0
Sniffles2.DEL.1C6M16	1.0
Sniffles2.DEL.F5M11	1.0
Sniffles2.DEL.200M12	1.0
Sniffles2.DEL.346M9	1.0
Sniffles2.INS.5D3M3	1.0
Sniffles2.DEL.25CM1	1.0
Sniffles2.INS.266ME	1.0
Sniffles2.INS.271MB	1.0
Sniffles2.INS.245MA	1.0
Sniffles2.DEL.4F0M4	1.0
Sniffles2.DEL.39M2	1.0
Sniffles2.DEL.317M11	1.0
Sniffles2.DEL.2C4M6	1.0
Sniffles2.INS.1C8MA	1.0
Sniffles2.INS.53CM5	1.0
Sniffles2.INS.1FDM4	1.0
Sniffles2.INS.2A3MC	1.0
Sniffles2.DEL.3C0M3	1.0
Sniffles2.DEL.608M6	1.0
Sniffles2.INS.5F0M3	1.0
Sniffles2.DEL.583M4	1.0
Sniffles2.INS.2ACM14	1.0
Sniffles2.DEL.1D7M4	1.0
Sniffles2.DEL.20BM10	1.0
Sniffles2.DEL.667M6	1.0
Sniffles2.DEL.27M7	1.0
Sniffles2.DEL.1A7ME	1.0
Sniffles2.DEL.92M8	1.0
Sniffles2.DEL.7BM8	1.0
Sniffles2.INS.39FM5	1.0
Sniffles2.INS.356M4	1.0
Sniffles2.INS.559M1	1.0
Sniffles2.DEL.10EM9	1.0
Sniffles2.INS.271ME	1.0
Sniffles2.INS.208M5	1.0
Sniffles2.INS.FM13	1.0
Sniffles2.DEL.38AM6	1.0
Sniffles2.DEL.13DM14	1.0
Sniffles2.INS.1CCME	1.0
Sniffles2.INS.15BM10	1.0
Sniffles2.DEL.2E8MB	1.0
Sniffles2.INS.1DFME	1.0
Sniffles2.INS.10EM12	1.0
Sniffles2.INS.57M6	1.0
Sniffles2.DEL.596M1	1.0
Sniffles2.INS.3F2M0	1.0
Sniffles2.INS.4F6M1	1.0
Sniffles2.INS.1CFM11	1.0
Sniffles2.INS.BFM6	1.0
Sniffles2.INS.42EM3	1.0
Sniffles2.DEL.9EM5	1.0
Sniffles2.DEL.276M5	1.0
Sniffles2.DEL.2D8M2	1.0
Sniffles2.DEL.53EM4	1.0
Sniffles2.INS.15FMC	1.0
Sniffles2.DEL.36DM16	1.0
Sniffles2.INS.27AMA	1.0
Sniffles2.INS.430M6	1.0
Sniffles2.INS.368M16	1.0
Sniffles2.DEL.29EM1	1.0
Sniffles2.DEL.74M1	1.0
Sniffles2.INS.399M4	1.0
Sniffles2.DEL.377M7	1.0
Sniffles2.INS.2BAM11	1.0
Sniffles2.INS.78AM0	1.0
Sniffles2.INS.3E4M10	1.0
Sniffles2.DEL.62CM1	1.0
Sniffles2.DEL.20AM7	1.0
Sniffles2.INS.333M8	1.0
Sniffles2.DEL.102M11	1.0
Sniffles2.DEL.36EM3	1.0
Sniffles2.INS.1E6M15	1.0
Sniffles2.INS.1BDM0	1.0
Sniffles2.DEL.3CEM7	1.0
Sniffles2.DEL.9M12	1.0
Sniffles2.DEL.2FBME	1.0
Sniffles2.DEL.39FM2	1.0
Sniffles2.DEL.AEM12	1.0
Sniffles2.INS.457M8	1.0
Sniffles2.DEL.3A8M13	1.0
Sniffles2.INS.116M14	1.0
Sniffles2.DEL.45AM16	1.0
Sniffles2.DEL.167M5	1.0
Sniffles2.DEL.5FM0	1.0
Sniffles2.INS.7FMD	1.0
Sniffles2.DEL.22FME	1.0
Sniffles2.DEL.6DFM1	1.0
Sniffles2.INS.73M3	1.0
Sniffles2.INS.15BM0	1.0
Sniffles2.INS.235M15	1.0
Sniffles2.DEL.74M2	1.0
Sniffles2.DEL.436M3	1.0
Sniffles2.INS.3E0M16	1.0
Sniffles2.INS.27FM5	1.0
Sniffles2.INS.4FBM8	1.0
Sniffles2.DEL.34BM9	1.0
Sniffles2.INS.103MD	1.0
Sniffles2.DEL.277M4	1.0
Sniffles2.DEL.155M7	1.0
Sniffles2.INS.275MB	1.0
Sniffles2.DEL.476M5	1.0
Sniffles2.INS.440M2	1.0
Sniffles2.DEL.73M0	1.0
Sniffles2.DEL.99M8	1.0
Sniffles2.INS.549M4	1.0
Sniffles2.DEL.319M2	1.0
Sniffles2.DEL.29EM14	1.0
Sniffles2.INS.7BCM0	1.0
Sniffles2.INS.15CM13	1.0
Sniffles2.DEL.291M6	1.0
Sniffles2.DEL.42FM13	1.0
Sniffles2.DEL.16AM5	1.0
Sniffles2.INS.173M9	1.0
Sniffles2.INS.222M0	1.0
Sniffles2.DEL.21CMC	1.0
Sniffles2.INS.397MA	1.0
Sniffles2.INS.3B3MF	1.0
Sniffles2.DEL.B8M6	1.0
Sniffles2.INS.3A2M9	1.0
Sniffles2.DEL.40BM5	1.0
Sniffles2.INS.1A2M16	1.0
Sniffles2.INS.33BM2	1.0
Sniffles2.INS.12DM0	1.0
Sniffles2.INS.199M15	1.0
Sniffles2.DEL.213M8	1.0
Sniffles2.DEL.5FM7	1.0
Sniffles2.INS.175M9	1.0
Sniffles2.INS.264M0	1.0
Sniffles2.DEL.167M6	1.0
Sniffles2.INS.4D0MA	1.0
Sniffles2.INS.334M11	1.0
Sniffles2.DEL.454MB	1.0
Sniffles2.INS.52M7	1.0
Sniffles2.INS.34BM13	1.0
Sniffles2.INS.3D0MA	1.0
Sniffles2.INS.1D5M8	1.0
Sniffles2.DEL.54AM6	1.0
Sniffles2.DEL.C0M9	1.0
Sniffles2.INS.2F2M1	1.0
Sniffles2.DEL.2CAM10	1.0
Sniffles2.DEL.C1MA	1.0
Sniffles2.DEL.530M8	1.0
Sniffles2.INS.4DFM6	1.0
Sniffles2.DEL.6F7M0	1.0
Sniffles2.DEL.E7MD	1.0
Sniffles2.INS.171M6	1.0
Sniffles2.INS.4FEM5	1.0
Sniffles2.INS.2AEMB	1.0
Sniffles2.INS.138MC	1.0
Sniffles2.INS.378M6	1.0
Sniffles2.DEL.46CM3	1.0
Sniffles2.INS.2CFM5	1.0
Sniffles2.INS.1C9M4	1.0
Sniffles2.INS.1B1M14	1.0
Sniffles2.INS.351M7	1.0
Sniffles2.INS.527M2	1.0
Sniffles2.INS.310M9	1.0
Sniffles2.INS.266M0	1.0
Sniffles2.DEL.26AM10	1.0
Sniffles2.DEL.54CM2	1.0
Sniffles2.INS.1A3ME	1.0
Sniffles2.INS.377M6	1.0
Sniffles2.DEL.125M3	1.0
Sniffles2.INS.1A7M12	1.0
Sniffles2.INS.3BCM12	1.0
Sniffles2.INS.31ME	1.0
Sniffles2.DEL.351M4	1.0
Sniffles2.DEL.216M8	1.0
Sniffles2.INS.5AMD	1.0
Sniffles2.INS.28EM2	1.0
Sniffles2.DEL.1BEM14	1.0
Sniffles2.INS.459M16	1.0
Sniffles2.DEL.2D5ME	1.0
Sniffles2.DEL.17CMD	1.0
Sniffles2.DEL.2E3M0	1.0
Sniffles2.DEL.1C6M14	1.0
Sniffles2.DEL.248M3	1.0
Sniffles2.INS.54CM4	1.0
Sniffles2.DEL.54FM9	1.0
Sniffles2.DEL.287MB	1.0
Sniffles2.INS.21FM16	1.0
Sniffles2.DEL.363M10	1.0
Sniffles2.DEL.2DDM11	1.0
Sniffles2.INS.28DM10	1.0
Sniffles2.DEL.34CM9	1.0
Sniffles2.DEL.150M11	1.0
Sniffles2.INS.44BM13	1.0
Sniffles2.DEL.16CM7	1.0
Sniffles2.INS.1EM1	1.0
Sniffles2.INS.1C1MB	1.0
Sniffles2.INS.33DM3	1.0
Sniffles2.INS.3ACM6	1.0
Sniffles2.DEL.44FM16	1.0
Sniffles2.DEL.2DBME	1.0
Sniffles2.DEL.450M2	1.0
Sniffles2.INS.1A1M4	1.0
Sniffles2.INS.4EMD	1.0
Sniffles2.INS.161M1	1.0
Sniffles2.DEL.92M9	1.0
Sniffles2.DEL.D2M10	1.0
Sniffles2.INS.35CM8	1.0
Sniffles2.DEL.168MF	1.0
Sniffles2.INS.322ME	1.0
Sniffles2.DEL.448M9	1.0
Sniffles2.INS.F4M1	1.0
Sniffles2.INS.376M10	1.0
Sniffles2.INS.244M14	1.0
Sniffles2.DEL.420M4	1.0
Sniffles2.DEL.183M4	1.0
Sniffles2.DEL.1D5M12	1.0
Sniffles2.INS.2D9M15	1.0
Sniffles2.DEL.3F2M4	1.0
Sniffles2.DEL.5C1M9	1.0
Sniffles2.INS.75M3	1.0
Sniffles2.DEL.17CM6	1.0
Sniffles2.INS.EEMF	1.0
Sniffles2.DEL.F4M13	1.0
Sniffles2.DEL.51DM2	1.0
Sniffles2.INS.3CME	1.0
Sniffles2.INS.203M3	1.0
Sniffles2.DEL.221MA	1.0
Sniffles2.DEL.175M11	1.0
Sniffles2.INS.137M6	1.0
Sniffles2.DEL.3B6M8	1.0
Sniffles2.INS.25AM5	1.0
Sniffles2.DEL.3ECM4	1.0
Sniffles2.INS.3E7M4	1.0
Sniffles2.INS.349M4	1.0
Sniffles2.DEL.F1M6	1.0
Sniffles2.DEL.287MA	1.0
Sniffles2.DEL.170M0	1.0
Sniffles2.DEL.374M16	1.0
Sniffles2.DEL.5CDM4	1.0
Sniffles2.INS.A6MB	1.0
Sniffles2.DEL.22DM0	1.0
Sniffles2.INS.213M6	1.0
Sniffles2.INS.1BCM12	1.0
Sniffles2.DEL.834M0	1.0
Sniffles2.DEL.1M9	1.0
Sniffles2.INS.40M8	1.0
Sniffles2.INS.431M1	1.0
Sniffles2.INS.3BDMC	1.0
Sniffles2.INS.3EEM4	1.0
Sniffles2.INS.45CM10	1.0
Sniffles2.DEL.285M1	1.0
Sniffles2.INS.161M0	1.0
Sniffles2.INS.61M8	1.0
Sniffles2.DEL.12AM17	1.0
Sniffles2.INS.572M6	1.0
Sniffles2.INS.1AAMA	1.0
Sniffles2.INS.6BCM6	1.0
Sniffles2.INS.42EM10	1.0
Sniffles2.INS.2B8M3	1.0
Sniffles2.DEL.244M4	1.0
Sniffles2.INS.5A5M4	1.0
Sniffles2.INS.38AMA	1.0
Sniffles2.INS.3BCM5	1.0
Sniffles2.DEL.D5M13	1.0
Sniffles2.DEL.321MB	1.0
Sniffles2.INS.44BM2	1.0
Sniffles2.DEL.16M17	1.0
Sniffles2.DEL.185M3	1.0
Sniffles2.DEL.3B7MF	1.0
Sniffles2.DEL.5CAM1	1.0
Sniffles2.INS.46M0	1.0
Sniffles2.INS.B2M10	1.0
Sniffles2.INS.274M11	1.0
Sniffles2.DEL.4C2M2	1.0
Sniffles2.DEL.32M17	1.0
Sniffles2.INS.150M13	1.0
Sniffles2.DEL.178M11	1.0
Sniffles2.DEL.41AM4	1.0
Sniffles2.DEL.286M9	1.0
Sniffles2.INS.196M4	1.0
Sniffles2.DEL.EDM7	1.0
Sniffles2.DEL.491M3	1.0
Sniffles2.DEL.64EM0	1.0
Sniffles2.INS.244MD	1.0
Sniffles2.INS.190MD	1.0
Sniffles2.DEL.E4M10	1.0
Sniffles2.INS.44EM13	1.0
Sniffles2.INS.3A6M5	1.0
Sniffles2.DEL.596M6	1.0
Sniffles2.DEL.428M6	1.0
Sniffles2.DEL.3C7M10	1.0
Sniffles2.DEL.121M15	1.0
Sniffles2.DEL.151M3	1.0
Sniffles2.INS.680M6	1.0
Sniffles2.INS.2D3M13	1.0
Sniffles2.INS.2F7M1	1.0
Sniffles2.DEL.132M4	1.0
Sniffles2.INS.498M3	1.0
Sniffles2.INS.7FM3	1.0
Sniffles2.DEL.1E1M14	1.0
Sniffles2.DEL.56DM0	1.0
Sniffles2.INS.DEM4	1.0
Sniffles2.INS.32EM12	1.0
Sniffles2.INS.10EM2	1.0
Sniffles2.INS.3A4M9	1.0
Sniffles2.DEL.224M17	1.0
Sniffles2.INS.187M13	1.0
Sniffles2.INS.357MA	1.0
Sniffles2.INS.30DMA	1.0
Sniffles2.DEL.109MB	1.0
Sniffles2.INS.4EBMA	1.0
Sniffles2.DEL.6FM11	1.0
Sniffles2.INS.286MA	1.0
Sniffles2.INS.1C7M14	1.0
Sniffles2.INS.755M0	1.0
Sniffles2.INS.38BM2	1.0
Sniffles2.INS.4BEM8	1.0
Sniffles2.INS.105ME	1.0
Sniffles2.DEL.149MF	1.0
Sniffles2.DEL.182M1	1.0
Sniffles2.INS.D7M4	1.0
Sniffles2.DEL.58EM3	1.0
Sniffles2.INS.22EMD	1.0
Sniffles2.INS.4C1M8	1.0
Sniffles2.DEL.17DMA	1.0
Sniffles2.DEL.E0M11	1.0
Sniffles2.DEL.35FMA	1.0
Sniffles2.INS.39AMA	1.0
Sniffles2.DEL.173ME	1.0
Sniffles2.DEL.4BAM3	1.0
Sniffles2.INS.46CM13	1.0
Sniffles2.INS.4BAM6	1.0
Sniffles2.INS.21M2	1.0
Sniffles2.INS.462MB	1.0
Sniffles2.DEL.3CCMA	1.0
Sniffles2.DEL.3D5MA	1.0
Sniffles2.INS.836M0	1.0
Sniffles2.DEL.19AMF	1.0
Sniffles2.DEL.174MD	1.0
Sniffles2.INS.113M1	1.0
Sniffles2.INS.292M5	1.0
Sniffles2.DEL.37ME	1.0
Sniffles2.DEL.3CFM16	1.0
Sniffles2.DEL.53M4	1.0
Sniffles2.INS.251M12	1.0
Sniffles2.INS.2A8MC	1.0
Sniffles2.DEL.3AM4	1.0
Sniffles2.DEL.550M5	1.0
Sniffles2.DEL.29FM2	1.0
Sniffles2.INS.169M10	1.0
Sniffles2.DEL.41EMF	1.0
Sniffles2.INS.239M14	1.0
Sniffles2.INS.38FMA	1.0
Sniffles2.INS.29DM0	1.0
Sniffles2.DEL.463M5	1.0
Sniffles2.DEL.15M13	1.0
Sniffles2.INS.436M6	1.0
Sniffles2.INS.325M7	1.0
Sniffles2.INS.78MB	1.0
Sniffles2.INS.6DDM0	1.0
Sniffles2.DEL.3D7M1	1.0
Sniffles2.INS.312M11	1.0
Sniffles2.INS.3CDM9	1.0
Sniffles2.INS.491M4	1.0
Sniffles2.DEL.6F2M1	1.0
Sniffles2.DEL.F0M11	1.0
Sniffles2.DEL.205M12	1.0
Sniffles2.INS.24EM13	1.0
Sniffles2.DEL.19AM5	1.0
Sniffles2.INS.563M4	1.0
Sniffles2.DEL.E7M9	1.0
Sniffles2.DEL.64M5	1.0
Sniffles2.DEL.2EBM8	1.0
Sniffles2.DEL.344M0	1.0
Sniffles2.INS.373M11	1.0
Sniffles2.DEL.2C6ME	1.0
Sniffles2.INS.B2M5	1.0
Sniffles2.INS.2D2M11	1.0
Sniffles2.DEL.460M1	1.0
Sniffles2.INS.3A0M12	1.0
Sniffles2.DEL.15EM8	1.0
Sniffles2.INS.1DFM7	1.0
Sniffles2.DEL.2BAM8	1.0
Sniffles2.INS.1BEMB	1.0
Sniffles2.DEL.3D2M8	1.0
Sniffles2.INS.104M10	1.0
Sniffles2.INS.1E1M11	1.0
Sniffles2.INS.4F5MB	1.0
Sniffles2.DEL.206M9	1.0
Sniffles2.INS.157M8	1.0
Sniffles2.DEL.32M1	1.0
Sniffles2.DEL.805M0	1.0
Sniffles2.DEL.2ECM7	1.0
Sniffles2.DEL.358MB	1.0
Sniffles2.INS.266M9	1.0
Sniffles2.INS.1CCM16	1.0
Sniffles2.INS.8DM5	1.0
Sniffles2.INS.C5MC	1.0
Sniffles2.DEL.454M16	1.0
Sniffles2.DEL.215M17	1.0
Sniffles2.INS.91M4	1.0
Sniffles2.INS.372MA	1.0
Sniffles2.DEL.1D8M9	1.0
Sniffles2.INS.339M9	1.0
Sniffles2.DEL.2BCMF	1.0
Sniffles2.DEL.104M3	1.0
Sniffles2.INS.28EM9	1.0
Sniffles2.DEL.112M12	1.0
Sniffles2.INS.45FM3	1.0
Sniffles2.INS.590M1	1.0
Sniffles2.DEL.392M6	1.0
Sniffles2.INS.259M8	1.0
Sniffles2.DEL.1C2M2	1.0
Sniffles2.INS.147MA	1.0
Sniffles2.DEL.6A8M1	1.0
Sniffles2.INS.60M8	1.0
Sniffles2.DEL.2F4M3	1.0
Sniffles2.DEL.338M3	1.0
Sniffles2.DEL.28CM5	1.0
Sniffles2.DEL.517M5	1.0
Sniffles2.DEL.2B5M2	1.0
Sniffles2.DEL.3AM5	1.0
Sniffles2.DEL.55DM3	1.0
Sniffles2.INS.43EMA	1.0
Sniffles2.INS.6F6M1	1.0
Sniffles2.INS.5A9M3	1.0
Sniffles2.INS.268MB	1.0
Sniffles2.INS.1A7MA	1.0
Sniffles2.INS.4F2M5	1.0
Sniffles2.DEL.2C8M9	1.0
Sniffles2.INS.32AM1	1.0
Sniffles2.INS.2DAM16	1.0
Sniffles2.INS.588M9	1.0
Sniffles2.INS.2F0M13	1.0
Sniffles2.INS.137M9	1.0
Sniffles2.DEL.BCM17	1.0
Sniffles2.DEL.34AM5	1.0
Sniffles2.INS.100MF	1.0
Sniffles2.DEL.3CBM5	1.0
Sniffles2.INS.5FAM4	1.0
Sniffles2.INS.24DMB	1.0
Sniffles2.DEL.FBM11	1.0
Sniffles2.DEL.278M9	1.0
Sniffles2.INS.2D1MB	1.0
Sniffles2.DEL.17CM13	1.0
Sniffles2.DEL.7CCM0	1.0
Sniffles2.DEL.2C5M4	1.0
Sniffles2.DEL.528M3	1.0
Sniffles2.INS.BCMB	1.0
Sniffles2.INS.438M10	1.0
Sniffles2.INS.214M12	1.0
Sniffles2.DEL.18FM3	1.0
Sniffles2.INS.5B9M1	1.0
Sniffles2.INS.41CM9	1.0
Sniffles2.INS.401MB	1.0
Sniffles2.INS.41DM13	1.0
Sniffles2.INS.2B1MC	1.0
Sniffles2.INS.ACM3	1.0
Sniffles2.INS.39EM0	1.0
Sniffles2.INS.3DFM6	1.0
Sniffles2.DEL.2D0M11	1.0
Sniffles2.DEL.2C1M2	1.0
Sniffles2.DEL.182M2	1.0
Sniffles2.INS.39DM4	1.0
Sniffles2.INS.43BM2	1.0
Sniffles2.INS.646M6	1.0
Sniffles2.DEL.20CM2	1.0
Sniffles2.INS.3B8M16	1.0
Sniffles2.DEL.3D5M5	1.0
Sniffles2.INS.134M8	1.0
Sniffles2.INS.391M0	1.0
Sniffles2.INS.40M12	1.0
Sniffles2.INS.36BM3	1.0
Sniffles2.INS.1CBM9	1.0
Sniffles2.DEL.5B8M4	1.0
Sniffles2.INS.4D9M4	1.0
Sniffles2.DEL.607M4	1.0
Sniffles2.DEL.145M8	1.0
Sniffles2.INS.E9M5	1.0
Sniffles2.INS.2D0M5	1.0
Sniffles2.INS.1F3M15	1.0
Sniffles2.DEL.18DMD	1.0
Sniffles2.INS.1C9M15	1.0
Sniffles2.DEL.5FAM1	1.0
Sniffles2.INS.BDM11	1.0
Sniffles2.INS.75M2	1.0
Sniffles2.INS.ADM10	1.0
Sniffles2.INS.CBMD	1.0
Sniffles2.DEL.30M11	1.0
Sniffles2.DEL.159M8	1.0
Sniffles2.INS.479M8	1.0
Sniffles2.DEL.304M0	1.0
Sniffles2.DEL.3DCM3	1.0
Sniffles2.INS.222M1	1.0
Sniffles2.DEL.285M9	1.0
Sniffles2.INS.E9M14	1.0
Sniffles2.INS.33DM8	1.0
Sniffles2.DEL.411MA	1.0
Sniffles2.INS.49M12	1.0
Sniffles2.INS.7F5M1	1.0
Sniffles2.INS.32EM0	1.0
Sniffles2.DEL.3E3MF	1.0
Sniffles2.INS.5M6	1.0
Sniffles2.INS.2B4MA	1.0
Sniffles2.INS.2E8MF	1.0
Sniffles2.DEL.542M9	1.0
Sniffles2.INS.3EFMF	1.0
Sniffles2.DEL.64M1	1.0
Sniffles2.DEL.3B6M0	1.0
Sniffles2.INS.18DM1	1.0
Sniffles2.INS.34FM6	1.0
Sniffles2.DEL.3F7M9	1.0
Sniffles2.DEL.240M10	1.0
Sniffles2.INS.361MF	1.0
Sniffles2.INS.5C8M1	1.0
Sniffles2.INS.54CM9	1.0
Sniffles2.DEL.271M14	1.0
Sniffles2.INS.43DM9	1.0
Sniffles2.INS.70AM0	1.0
Sniffles2.INS.235M0	1.0
Sniffles2.DEL.21AMC	1.0
Sniffles2.DEL.EBM14	1.0
Sniffles2.INS.760M0	1.0
Sniffles2.INS.9M1	1.0
Sniffles2.INS.325M11	1.0
Sniffles2.INS.1FAM11	1.0
Sniffles2.DEL.18CM11	1.0
Sniffles2.INS.2M17	1.0
Sniffles2.INS.19CM4	1.0
Sniffles2.INS.1FCMC	1.0
Sniffles2.DEL.3C8M11	1.0
Sniffles2.INS.136MC	1.0
Sniffles2.INS.5C7M9	1.0
Sniffles2.INS.1ABM12	1.0
Sniffles2.DEL.351M9	1.0
Sniffles2.INS.3BAMF	1.0
Sniffles2.DEL.245MC	1.0
Sniffles2.DEL.17M13	1.0
Sniffles2.INS.3BCM10	1.0
Sniffles2.INS.2AME	1.0
Sniffles2.DEL.25DM9	1.0
Sniffles2.DEL.10DM7	1.0
Sniffles2.INS.38DMC	1.0
Sniffles2.DEL.539M5	1.0
Sniffles2.DEL.9EMB	1.0
Sniffles2.INS.475M1	1.0
Sniffles2.INS.675M0	1.0
Sniffles2.DEL.3B1M4	1.0
Sniffles2.INS.5F8M3	1.0
Sniffles2.INS.1AAM6	1.0
Sniffles2.INS.2E2M8	1.0
Sniffles2.INS.153M0	1.0
Sniffles2.INS.13CM7	1.0
Sniffles2.INS.BM8	1.0
Sniffles2.DEL.191M3	1.0
Sniffles2.DEL.1A6MC	1.0
Sniffles2.INS.158M6	1.0
Sniffles2.INS.14CM6	1.0
Sniffles2.INS.167M4	1.0
Sniffles2.DEL.1F6M14	1.0
Sniffles2.DEL.100M3	1.0
Sniffles2.INS.13DM12	1.0
Sniffles2.DEL.2C9MF	1.0
Sniffles2.INS.551M2	1.0
Sniffles2.DEL.242M10	1.0
Sniffles2.DEL.7FDM1	1.0
Sniffles2.INS.20BM14	1.0
Sniffles2.INS.BBM11	1.0
Sniffles2.INS.49EM5	1.0
Sniffles2.INS.3EDM3	1.0
Sniffles2.DEL.F1M14	1.0
Sniffles2.INS.19FMF	1.0
Sniffles2.DEL.2C6M6	1.0
Sniffles2.DEL.184M6	1.0
Sniffles2.INS.24DM16	1.0
Sniffles2.INS.186MC	1.0
Sniffles2.DEL.DBMA	1.0
Sniffles2.INS.516M5	1.0
Sniffles2.DEL.649M1	1.0
Sniffles2.INS.416MF	1.0
Sniffles2.INS.42M7	1.0
Sniffles2.INS.3CAM10	1.0
Sniffles2.DEL.2A9M11	1.0
Sniffles2.DEL.4E3MB	1.0
Sniffles2.INS.1AFM14	1.0
Sniffles2.DEL.24DM4	1.0
Sniffles2.DEL.10CM2	1.0
Sniffles2.INS.1ABMF	1.0
Sniffles2.INS.2EFM7	1.0
Sniffles2.INS.445MB	1.0
Sniffles2.INS.385M16	1.0
Sniffles2.INS.3FM4	1.0
Sniffles2.INS.1B0MA	1.0
Sniffles2.INS.538M9	1.0
Sniffles2.INS.15AM12	1.0
Sniffles2.DEL.28CM7	1.0
Sniffles2.INS.3DAM3	1.0
Sniffles2.INS.5EM4	1.0
Sniffles2.INS.5M9	1.0
Sniffles2.INS.1ECM12	1.0
Sniffles2.DEL.380M1	1.0
Sniffles2.DEL.38EM1	1.0
Sniffles2.DEL.2B0M1	1.0
Sniffles2.DEL.422M16	1.0
Sniffles2.INS.25EM1	1.0
Sniffles2.DEL.1C2M6	1.0
Sniffles2.DEL.2ACM0	1.0
Sniffles2.INS.2F4M6	1.0
Sniffles2.DEL.FCM13	1.0
Sniffles2.INS.104M13	1.0
Sniffles2.INS.73M1	1.0
Sniffles2.INS.14AM3	1.0
Sniffles2.DEL.239M9	1.0
Sniffles2.INS.276M10	1.0
Sniffles2.INS.2A5MC	1.0
Sniffles2.INS.CMF	1.0
Sniffles2.DEL.39CM9	1.0
Sniffles2.DEL.304MC	1.0
Sniffles2.INS.30M5	1.0
Sniffles2.DEL.23AME	1.0
Sniffles2.INS.B8M13	1.0
Sniffles2.INS.2DAM15	1.0
Sniffles2.INS.21DMA	1.0
Sniffles2.INS.396M9	1.0
Sniffles2.DEL.1D6M2	1.0
Sniffles2.INS.253M15	1.0
Sniffles2.INS.A8M13	1.0
Sniffles2.INS.5C1M1	1.0
Sniffles2.INS.727M1	1.0
Sniffles2.INS.32DM7	1.0
Sniffles2.INS.36BM12	1.0
Sniffles2.INS.1AFM16	1.0
Sniffles2.DEL.125M8	1.0
Sniffles2.DEL.52M11	1.0
Sniffles2.DEL.357M7	1.0
Sniffles2.DEL.451MA	1.0
Sniffles2.DEL.22DM1	1.0
Sniffles2.INS.6EM13	1.0
Sniffles2.DEL.2D0MF	1.0
Sniffles2.INS.1BEM6	1.0
Sniffles2.DEL.2BEM14	1.0
Sniffles2.INS.356M5	1.0
Sniffles2.INS.387M11	1.0
Sniffles2.DEL.271M0	1.0
Sniffles2.INS.22M5	1.0
Sniffles2.INS.39BM13	1.0
Sniffles2.DEL.B7M10	1.0
Sniffles2.DEL.1DFM15	1.0
Sniffles2.DEL.304ME	1.0
Sniffles2.DEL.6F3M6	1.0
Sniffles2.DEL.1CBME	1.0
Sniffles2.INS.45M1	1.0
Sniffles2.INS.6A0M0	1.0
Sniffles2.DEL.20CMA	1.0
Sniffles2.DEL.465M4	1.0
Sniffles2.DEL.621M3	1.0
Sniffles2.INS.2C1M0	1.0
Sniffles2.DEL.4F3M4	1.0
Sniffles2.INS.3F1M16	1.0
Sniffles2.INS.606M0	1.0
Sniffles2.INS.F6M5	1.0
Sniffles2.INS.DEM1	1.0
Sniffles2.DEL.152MF	1.0
Sniffles2.INS.390MA	1.0
Sniffles2.INS.3B4M13	1.0
Sniffles2.DEL.47BM0	1.0
Sniffles2.DEL.282M11	1.0
Sniffles2.DEL.18AM5	1.0
Sniffles2.INS.D0MD	1.0
Sniffles2.DEL.D7M6	1.0
Sniffles2.DEL.372MB	1.0
Sniffles2.DEL.AFM14	1.0
Sniffles2.INS.286M10	1.0
Sniffles2.DEL.261M2	1.0
Sniffles2.INS.144M13	1.0
Sniffles2.INS.487M9	1.0
Sniffles2.DEL.486M13	1.0
Sniffles2.INS.40CM5	1.0
Sniffles2.DEL.222M17	1.0
Sniffles2.DEL.59EM5	1.0
Sniffles2.INS.3A7M12	1.0
Sniffles2.DEL.34FMF	1.0
Sniffles2.INS.FFMF	1.0
Sniffles2.DEL.573M4	1.0
Sniffles2.INS.1A0M13	1.0
Sniffles2.INS.123M2	1.0
Sniffles2.INS.50BM5	1.0
Sniffles2.DEL.246M4	1.0
Sniffles2.INS.2C5MF	1.0
Sniffles2.DEL.3B0M10	1.0
Sniffles2.DEL.6DMD	1.0
Sniffles2.INS.363M13	1.0
Sniffles2.INS.22AMB	1.0
Sniffles2.INS.228M5	1.0
Sniffles2.DEL.4D2M8	1.0
Sniffles2.DEL.280MD	1.0
Sniffles2.INS.396M7	1.0
Sniffles2.DEL.358M13	1.0
Sniffles2.DEL.48M0	1.0
Sniffles2.DEL.6CM7	1.0
Sniffles2.DEL.562M5	1.0
Sniffles2.INS.170M7	1.0
Sniffles2.DEL.527M5	1.0
Sniffles2.DEL.3D2M10	1.0
Sniffles2.DEL.1E7M15	1.0
Sniffles2.DEL.42M14	1.0
Sniffles2.INS.EM12	1.0
Sniffles2.INS.4E8M3	1.0
Sniffles2.DEL.314M6	1.0
Sniffles2.INS.A1M6	1.0
Sniffles2.DEL.124M6	1.0
Sniffles2.DEL.1B8M11	1.0
Sniffles2.INS.2BCM3	1.0
Sniffles2.INS.FFM1	1.0
Sniffles2.INS.185M13	1.0
Sniffles2.DEL.307M8	1.0
Sniffles2.INS.136M14	1.0
Sniffles2.INS.7D3M1	1.0
Sniffles2.INS.2CCM5	1.0
Sniffles2.INS.285M15	1.0
Sniffles2.INS.796M1	1.0
Sniffles2.INS.316M12	1.0
Sniffles2.INS.3A9M13	1.0
Sniffles2.INS.29FM12	1.0
Sniffles2.INS.2BBMB	1.0
Sniffles2.INS.149M6	1.0
Sniffles2.DEL.240M12	1.0
Sniffles2.INS.44DM16	1.0
Sniffles2.DEL.385M7	1.0
Sniffles2.INS.21BM15	1.0
Sniffles2.INS.67BM4	1.0
Sniffles2.INS.49AM7	1.0
Sniffles2.INS.D4M0	1.0
Sniffles2.INS.437M2	1.0
Sniffles2.INS.5M12	1.0
Sniffles2.INS.293MB	1.0
Sniffles2.DEL.523M1	1.0
Sniffles2.INS.4DEM0	1.0
Sniffles2.DEL.165M14	1.0
Sniffles2.INS.194M17	1.0
Sniffles2.INS.229M14	1.0
Sniffles2.INS.E5MC	1.0
Sniffles2.DEL.1D6ME	1.0
Sniffles2.DEL.ACM9	1.0
Sniffles2.DEL.D4M7	1.0
Sniffles2.DEL.83M13	1.0
Sniffles2.DEL.36FM3	1.0
Sniffles2.DEL.2E2ME	1.0
Sniffles2.INS.BFM15	1.0
Sniffles2.DEL.3F3M6	1.0
Sniffles2.DEL.419MC	1.0
Sniffles2.INS.1BFM6	1.0
Sniffles2.DEL.2CFME	1.0
Sniffles2.INS.398M6	1.0
Sniffles2.INS.36EM6	1.0
Sniffles2.INS.40DM9	1.0
Sniffles2.DEL.2B2M13	1.0
Sniffles2.DEL.164M9	1.0
Sniffles2.DEL.264M16	1.0
Sniffles2.INS.77M10	1.0
Sniffles2.DEL.42AM6	1.0
Sniffles2.INS.390M7	1.0
Sniffles2.DEL.3A0MA	1.0
Sniffles2.INS.170M9	1.0
Sniffles2.INS.D8MF	1.0
Sniffles2.DEL.10EM11	1.0
Sniffles2.INS.160M12	1.0
Sniffles2.INS.A3MF	1.0
Sniffles2.DEL.58BM3	1.0
Sniffles2.INS.1AEM14	1.0
Sniffles2.INS.7FM12	1.0
Sniffles2.INS.14DM15	1.0
Sniffles2.INS.3B2M0	1.0
Sniffles2.DEL.157M3	1.0
Sniffles2.DEL.329M14	1.0
Sniffles2.INS.35BM8	1.0
Sniffles2.INS.4MB	1.0
Sniffles2.DEL.14EM4	1.0
Sniffles2.INS.A4M4	1.0
Sniffles2.INS.4BFM4	1.0
Sniffles2.INS.296M10	1.0
Sniffles2.DEL.34DM2	1.0
Sniffles2.INS.13EM10	1.0
Sniffles2.DEL.51BM4	1.0
Sniffles2.DEL.30CM12	1.0
Sniffles2.DEL.200M10	1.0
Sniffles2.INS.84M12	1.0
Sniffles2.INS.468M9	1.0
Sniffles2.DEL.498MA	1.0
Sniffles2.DEL.1EM12	1.0
Sniffles2.INS.1C4M7	1.0
Sniffles2.INS.AEMF	1.0
Sniffles2.INS.209MB	1.0
Sniffles2.INS.1B6M2	1.0
Sniffles2.INS.405M2	1.0
Sniffles2.DEL.144M12	1.0
Sniffles2.DEL.626M3	1.0
Sniffles2.INS.D4MC	1.0
Sniffles2.DEL.2F5M2	1.0
Sniffles2.DEL.186M5	1.0
Sniffles2.DEL.173M0	1.0
Sniffles2.INS.31AMC	1.0
Sniffles2.DEL.161MD	1.0
Sniffles2.INS.332M11	1.0
Sniffles2.INS.6E6M6	1.0
Sniffles2.DEL.293M8	1.0
Sniffles2.DEL.48EM2	1.0
Sniffles2.DEL.68EM0	1.0
Sniffles2.DEL.383M5	1.0
Sniffles2.INS.D7M15	1.0
Sniffles2.DEL.447M3	1.0
Sniffles2.INS.1BCM7	1.0
Sniffles2.DEL.246M1	1.0
Sniffles2.INS.B7MA	1.0
Sniffles2.INS.467M3	1.0
Sniffles2.DEL.23CM9	1.0
Sniffles2.INS.667M3	1.0
Sniffles2.DEL.2B1M4	1.0
Sniffles2.DEL.161M13	1.0
Sniffles2.INS.399M12	1.0
Sniffles2.INS.D0M1	1.0
Sniffles2.DEL.17M12	1.0
Sniffles2.INS.44M3	1.0
Sniffles2.DEL.4BDM8	1.0
Sniffles2.DEL.2AEM11	1.0
Sniffles2.DEL.18EMA	1.0
Sniffles2.DEL.210M17	1.0
Sniffles2.INS.67AM6	1.0
Sniffles2.DEL.371M7	1.0
Sniffles2.DEL.1A6M1	1.0
Sniffles2.INS.403M10	1.0
Sniffles2.INS.1D2M4	1.0
Sniffles2.DEL.57BM1	1.0
Sniffles2.DEL.293M9	1.0
Sniffles2.INS.11EM14	1.0
Sniffles2.DEL.2B8M9	1.0
Sniffles2.INS.673M4	1.0
Sniffles2.DEL.6FMB	1.0
Sniffles2.DEL.100M2	1.0
Sniffles2.INS.331MB	1.0
Sniffles2.INS.1DFM2	1.0
Sniffles2.INS.5E6M6	1.0
Sniffles2.DEL.183M14	1.0
Sniffles2.DEL.3C7M3	1.0
Sniffles2.DEL.2A6M16	1.0
Sniffles2.INS.430M7	1.0
Sniffles2.DEL.206M2	1.0
Sniffles2.INS.FBM9	1.0
Sniffles2.INS.20DMB	1.0
Sniffles2.INS.306MB	1.0
Sniffles2.DEL.315M2	1.0
Sniffles2.DEL.225M12	1.0
Sniffles2.INS.348M9	1.0
Sniffles2.INS.4A7M9	1.0
Sniffles2.DEL.2B9MD	1.0
Sniffles2.DEL.16BMB	1.0
Sniffles2.INS.5A4M4	1.0
Sniffles2.DEL.35FM4	1.0
Sniffles2.INS.35CM1	1.0
Sniffles2.DEL.3E8MC	1.0
Sniffles2.DEL.4EFM1	1.0
Sniffles2.DEL.C8M5	1.0
Sniffles2.DEL.2E4MB	1.0
Sniffles2.INS.ECM0	1.0
Sniffles2.INS.F1MF	1.0
Sniffles2.DEL.142M5	1.0
Sniffles2.INS.490MB	1.0
Sniffles2.DEL.279M16	1.0
Sniffles2.INS.4E9M5	1.0
Sniffles2.INS.321M9	1.0
Sniffles2.DEL.161M15	1.0
Sniffles2.INS.499M0	1.0
Sniffles2.DEL.3A4MB	1.0
Sniffles2.INS.34AM9	1.0
Sniffles2.INS.138M0	1.0
Sniffles2.DEL.D5M3	1.0
Sniffles2.DEL.3BBM3	1.0
Sniffles2.INS.22CM8	1.0
Sniffles2.DEL.379M4	1.0
Sniffles2.INS.416M3	1.0
Sniffles2.DEL.10AM14	1.0
Sniffles2.INS.576M5	1.0
Sniffles2.DEL.36CM4	1.0
Sniffles2.DEL.289M7	1.0
Sniffles2.DEL.167M0	1.0
Sniffles2.INS.131MD	1.0
Sniffles2.DEL.45FM16	1.0
Sniffles2.INS.2C7M12	1.0
Sniffles2.DEL.622M1	1.0
Sniffles2.DEL.23AM14	1.0
Sniffles2.INS.330M13	1.0
Sniffles2.DEL.412MC	1.0
Sniffles2.INS.165M15	1.0
Sniffles2.DEL.445M3	1.0
Sniffles2.DEL.B0M11	1.0
Sniffles2.DEL.394M11	1.0
Sniffles2.DEL.469MA	1.0
Sniffles2.INS.506M6	1.0
Sniffles2.DEL.3DAM12	1.0
Sniffles2.INS.303M9	1.0
Sniffles2.INS.256M2	1.0
Sniffles2.INS.D5MA	1.0
Sniffles2.DEL.2D7MA	1.0
Sniffles2.INS.73CM1	1.0
Sniffles2.INS.32M7	1.0
Sniffles2.DEL.437M7	1.0
Sniffles2.DEL.138M10	1.0
Sniffles2.INS.6CM12	1.0
Sniffles2.DEL.11BM8	1.0
Sniffles2.INS.23FMD	1.0
Sniffles2.DEL.184M5	1.0
Sniffles2.INS.10DMC	1.0
Sniffles2.INS.4F3M6	1.0
Sniffles2.DEL.26CM3	1.0
Sniffles2.INS.5C9M3	1.0
Sniffles2.INS.F7MF	1.0
Sniffles2.INS.4F9M5	1.0
Sniffles2.DEL.25FM0	1.0
Sniffles2.DEL.112MF	1.0
Sniffles2.DEL.270M16	1.0
Sniffles2.DEL.1A0ME	1.0
Sniffles2.INS.1C1M1	1.0
Sniffles2.DEL.288M6	1.0
Sniffles2.DEL.29EMA	1.0
Sniffles2.DEL.138ME	1.0
Sniffles2.INS.33FM11	1.0
Sniffles2.INS.F3M7	1.0
Sniffles2.INS.65M15	1.0
Sniffles2.INS.6AM5	1.0
Sniffles2.DEL.34AM1	1.0
Sniffles2.DEL.3DAMA	1.0
Sniffles2.DEL.24BMC	1.0
Sniffles2.INS.341M2	1.0
Sniffles2.INS.83MD	1.0
Sniffles2.INS.36DM10	1.0
Sniffles2.DEL.4F9M4	1.0
Sniffles2.DEL.4EDM5	1.0
Sniffles2.INS.58CM3	1.0
Sniffles2.INS.A6M1	1.0
Sniffles2.DEL.266M3	1.0
Sniffles2.INS.253M1	1.0
Sniffles2.DEL.1FDM12	1.0
Sniffles2.DEL.67M10	1.0
Sniffles2.INS.32CM1	1.0
Sniffles2.DEL.3CAM9	1.0
Sniffles2.INS.31FM3	1.0
Sniffles2.INS.168MB	1.0
Sniffles2.INS.29FM13	1.0
Sniffles2.INS.9BM4	1.0
Sniffles2.INS.34DM10	1.0
Sniffles2.INS.378M8	1.0
Sniffles2.INS.1B0MC	1.0
Sniffles2.DEL.191M13	1.0
Sniffles2.INS.333M16	1.0
Sniffles2.DEL.2F0MA	1.0
Sniffles2.DEL.318M6	1.0
Sniffles2.DEL.2F7M3	1.0
Sniffles2.INS.2A0M9	1.0
Sniffles2.INS.22EM3	1.0
Sniffles2.DEL.6EAM1	1.0
Sniffles2.INS.609M1	1.0
Sniffles2.DEL.3BFM2	1.0
Sniffles2.INS.4F8M0	1.0
Sniffles2.INS.25DM1	1.0
Sniffles2.DEL.420M5	1.0
Sniffles2.INS.246M15	1.0
Sniffles2.INS.36M6	1.0
Sniffles2.INS.93M1	1.0
Sniffles2.INS.775M1	1.0
Sniffles2.INS.1E0M5	1.0
Sniffles2.DEL.28BM13	1.0
Sniffles2.DEL.388M3	1.0
Sniffles2.INS.36CM13	1.0
Sniffles2.DEL.520M0	1.0
Sniffles2.INS.182M6	1.0
Sniffles2.INS.294M15	1.0
Sniffles2.DEL.422M10	1.0
Sniffles2.INS.2AAM16	1.0
Sniffles2.INS.2AAM2	1.0
Sniffles2.INS.4BMF	1.0
Sniffles2.INS.3BFM10	1.0
Sniffles2.INS.12EM7	1.0
Sniffles2.INS.3F7M10	1.0
Sniffles2.DEL.336M4	1.0
Sniffles2.INS.79BM0	1.0
Sniffles2.INS.2F8M10	1.0
Sniffles2.INS.27EM15	1.0
Sniffles2.DEL.126MB	1.0
Sniffles2.DEL.157ME	1.0
Sniffles2.DEL.2B3M9	1.0
Sniffles2.INS.21CM5	1.0
Sniffles2.INS.310M14	1.0
Sniffles2.DEL.29FM4	1.0
Sniffles2.INS.4A4MB	1.0
Sniffles2.DEL.482M16	1.0
Sniffles2.INS.240M14	1.0
Sniffles2.DEL.1C6M4	1.0
Sniffles2.INS.262MC	1.0
Sniffles2.DEL.665M3	1.0
Sniffles2.INS.145M9	1.0
Sniffles2.INS.1FFM11	1.0
Sniffles2.INS.1D2MC	1.0
Sniffles2.DEL.25EMF	1.0
Sniffles2.DEL.204M11	1.0
Sniffles2.INS.37CM8	1.0
Sniffles2.INS.16DMC	1.0
Sniffles2.INS.2B7M1	1.0
Sniffles2.INS.3EDM0	1.0
Sniffles2.INS.1F4M16	1.0
Sniffles2.INS.133MF	1.0
Sniffles2.DEL.C2MB	1.0
Sniffles2.INS.81EM0	1.0
Sniffles2.DEL.DEM5	1.0
Sniffles2.DEL.3ACM5	1.0
Sniffles2.DEL.2E0M4	1.0
Sniffles2.INS.16EM0	1.0
Sniffles2.INS.35EM2	1.0
Sniffles2.INS.2B9M0	1.0
Sniffles2.INS.91M11	1.0
Sniffles2.DEL.A6MF	1.0
Sniffles2.DEL.2C9M7	1.0
Sniffles2.INS.13CM2	1.0
Sniffles2.INS.119M3	1.0
Sniffles2.DEL.280M15	1.0
Sniffles2.DEL.1DBM16	1.0
Sniffles2.DEL.622M0	1.0
Sniffles2.DEL.2AFM1	1.0
Sniffles2.DEL.212M12	1.0
Sniffles2.DEL.16BM0	1.0
Sniffles2.INS.25EMD	1.0
Sniffles2.DEL.2F7M14	1.0
Sniffles2.INS.79AM0	1.0
Sniffles2.INS.1C4M11	1.0
Sniffles2.DEL.2BDM15	1.0
Sniffles2.DEL.65AM4	1.0
Sniffles2.DEL.160MC	1.0
Sniffles2.DEL.3D5M13	1.0
Sniffles2.INS.2A3M15	1.0
Sniffles2.DEL.3F0MA	1.0
Sniffles2.DEL.8DM13	1.0
Sniffles2.INS.37EM1	1.0
Sniffles2.DEL.5ACM1	1.0
Sniffles2.DEL.2B5MA	1.0
Sniffles2.INS.2D1M10	1.0
Sniffles2.DEL.1BCMA	1.0
Sniffles2.INS.523M2	1.0
Sniffles2.DEL.5A1M9	1.0
Sniffles2.DEL.3EM0	1.0
Sniffles2.DEL.40DM7	1.0
Sniffles2.DEL.237MA	1.0
Sniffles2.DEL.1EAMA	1.0
Sniffles2.INS.4A8MA	1.0
Sniffles2.INS.99M7	1.0
Sniffles2.INS.2B3M0	1.0
Sniffles2.INS.15CM3	1.0
Sniffles2.DEL.689M6	1.0
Sniffles2.INS.293M12	1.0
Sniffles2.INS.3DBM2	1.0
Sniffles2.DEL.2D8M14	1.0
Sniffles2.INS.2DBM6	1.0
Sniffles2.INS.402M9	1.0
Sniffles2.INS.354M9	1.0
Sniffles2.DEL.2EBM1	1.0
Sniffles2.DEL.C5M10	1.0
Sniffles2.INS.480M13	1.0
Sniffles2.DEL.190M3	1.0
Sniffles2.INS.3ADM13	1.0
Sniffles2.INS.1E3M2	1.0
Sniffles2.DEL.215M8	1.0
Sniffles2.DEL.214MA	1.0
Sniffles2.DEL.65AM1	1.0
Sniffles2.INS.3D6MC	1.0
Sniffles2.INS.1C9M12	1.0
Sniffles2.INS.300M6	1.0
Sniffles2.DEL.528M4	1.0
Sniffles2.INS.1C7M6	1.0
Sniffles2.INS.CCM13	1.0
Sniffles2.DEL.481M6	1.0
Sniffles2.DEL.1E4M15	1.0
Sniffles2.INS.1CAME	1.0
Sniffles2.DEL.1A5M6	1.0
Sniffles2.INS.261MD	1.0
Sniffles2.INS.1C9M1	1.0
Sniffles2.INS.2FAM13	1.0
Sniffles2.DEL.6E3M0	1.0
Sniffles2.DEL.2C8M2	1.0
Sniffles2.INS.424M16	1.0
Sniffles2.DEL.D5M4	1.0
Sniffles2.DEL.6CAM6	1.0
Sniffles2.DEL.59FM3	1.0
Sniffles2.DEL.B1M11	1.0
Sniffles2.INS.EBMF	1.0
Sniffles2.INS.2A7MB	1.0
Sniffles2.DEL.34FM12	1.0
Sniffles2.INS.2E0M7	1.0
Sniffles2.DEL.474M9	1.0
Sniffles2.DEL.4B7M1	1.0
Sniffles2.DEL.48BM7	1.0
Sniffles2.DEL.303M6	1.0
Sniffles2.DEL.1BME	1.0
Sniffles2.INS.26BM16	1.0
Sniffles2.DEL.309MF	1.0
Sniffles2.DEL.2ADMD	1.0
Sniffles2.INS.183M13	1.0
Sniffles2.INS.2B8MB	1.0
Sniffles2.INS.2A1MC	1.0
Sniffles2.DEL.BCM5	1.0
Sniffles2.DEL.77M8	1.0
Sniffles2.DEL.95M4	1.0
Sniffles2.DEL.21M11	1.0
Sniffles2.DEL.3CM3	1.0
Sniffles2.INS.560M3	1.0
Sniffles2.INS.358M7	1.0
Sniffles2.DEL.165M5	1.0
Sniffles2.DEL.3B1M9	1.0
Sniffles2.INS.140MC	1.0
Sniffles2.DEL.39AMF	1.0
Sniffles2.INS.1CEM11	1.0
Sniffles2.INS.347M16	1.0
Sniffles2.DEL.2CBMB	1.0
Sniffles2.INS.E9MB	1.0
Sniffles2.INS.488M1	1.0
Sniffles2.DEL.1F5M2	1.0
Sniffles2.INS.845M0	1.0
Sniffles2.DEL.194MC	1.0
Sniffles2.INS.128M0	1.0
Sniffles2.DEL.122M6	1.0
Sniffles2.INS.2C7ME	1.0
Sniffles2.INS.114M0	1.0
Sniffles2.INS.4B6M2	1.0
Sniffles2.DEL.397MF	1.0
Sniffles2.DEL.24EM9	1.0
Sniffles2.DEL.4E6MA	1.0
Sniffles2.DEL.336M11	1.0
Sniffles2.DEL.803M0	1.0
Sniffles2.INS.107M7	1.0
Sniffles2.DEL.47FMA	1.0
Sniffles2.DEL.2B7MD	1.0
Sniffles2.DEL.3E4M13	1.0
Sniffles2.INS.5EAM5	1.0
Sniffles2.INS.3A5M7	1.0
Sniffles2.DEL.2B4MD	1.0
Sniffles2.DEL.CFMF	1.0
Sniffles2.DEL.12AM1	1.0
Sniffles2.DEL.782M1	1.0
Sniffles2.INS.307M16	1.0
Sniffles2.DEL.1D6M11	1.0
Sniffles2.DEL.2BM13	1.0
Sniffles2.INS.A5MD	1.0
Sniffles2.INS.6MF	1.0
Sniffles2.DEL.296MC	1.0
Sniffles2.DEL.350MA	1.0
Sniffles2.DEL.49DM7	1.0
Sniffles2.DEL.35FM5	1.0
Sniffles2.INS.3A3M5	1.0
Sniffles2.INS.47CM3	1.0
Sniffles2.DEL.32AM5	1.0
Sniffles2.INS.160M6	1.0
Sniffles2.INS.1F0M12	1.0
Sniffles2.INS.2C2M5	1.0
Sniffles2.INS.14EM8	1.0
Sniffles2.INS.1ABM1	1.0
Sniffles2.DEL.38CM5	1.0
Sniffles2.DEL.196M14	1.0
Sniffles2.DEL.50EM8	1.0
Sniffles2.DEL.1E7M2	1.0
Sniffles2.INS.1E8MD	1.0
Sniffles2.INS.5B6M1	1.0
Sniffles2.INS.5E0M4	1.0
Sniffles2.DEL.342M8	1.0
Sniffles2.DEL.174M1	1.0
Sniffles2.DEL.18FM8	1.0
Sniffles2.DEL.45BM3	1.0
Sniffles2.INS.364MA	1.0
Sniffles2.DEL.162M15	1.0
Sniffles2.INS.520M6	1.0
Sniffles2.DEL.C4ME	1.0
Sniffles2.INS.6A2M0	1.0
Sniffles2.DEL.482M4	1.0
Sniffles2.DEL.64BM3	1.0
Sniffles2.INS.EBM1	1.0
Sniffles2.INS.502M9	1.0
Sniffles2.INS.4FAM4	1.0
Sniffles2.INS.40FM0	1.0
Sniffles2.DEL.52CM9	1.0
Sniffles2.DEL.33EM2	1.0
Sniffles2.INS.416M8	1.0
Sniffles2.DEL.1DBMB	1.0
Sniffles2.DEL.2DFM3	1.0
Sniffles2.DEL.5A6M5	1.0
Sniffles2.INS.25BM7	1.0
Sniffles2.DEL.AM14	1.0
Sniffles2.INS.37CM2	1.0
Sniffles2.INS.21EM16	1.0
Sniffles2.INS.12BM1	1.0
Sniffles2.INS.1C6M9	1.0
Sniffles2.DEL.4D5M5	1.0
Sniffles2.DEL.416M4	1.0
Sniffles2.DEL.2DDM3	1.0
Sniffles2.DEL.3AAM4	1.0
Sniffles2.DEL.6BMD	1.0
Sniffles2.INS.3C5M6	1.0
Sniffles2.DEL.551M9	1.0
Sniffles2.DEL.21EMA	1.0
Sniffles2.INS.44CM7	1.0
Sniffles2.INS.1C7M15	1.0
Sniffles2.INS.212MC	1.0
Sniffles2.DEL.15AMB	1.0
Sniffles2.INS.62BM0	1.0
Sniffles2.DEL.33CMF	1.0
Sniffles2.DEL.1D9M9	1.0
Sniffles2.INS.21BM6	1.0
Sniffles2.INS.48AM9	1.0
Sniffles2.DEL.2C9M10	1.0
Sniffles2.INS.5EM2	1.0
Sniffles2.DEL.293M4	1.0
Sniffles2.DEL.1CFM15	1.0
Sniffles2.INS.1CM0	1.0
Sniffles2.DEL.2D4M8	1.0
Sniffles2.INS.4EDM2	1.0
Sniffles2.INS.2AEM16	1.0
Sniffles2.DEL.2EFM15	1.0
Sniffles2.DEL.DCM11	1.0
Sniffles2.INS.42AM9	1.0
Sniffles2.DEL.29FMA	1.0
Sniffles2.INS.1A4MC	1.0
Sniffles2.DEL.1A0M2	1.0
Sniffles2.DEL.53AM6	1.0
Sniffles2.INS.8AMB	1.0
Sniffles2.INS.16BM9	1.0
Sniffles2.DEL.27BM3	1.0
Sniffles2.DEL.25M3	1.0
Sniffles2.INS.27BM11	1.0
Sniffles2.DEL.5A4M3	1.0
Sniffles2.DEL.495M5	1.0
Sniffles2.DEL.1F9M4	1.0
Sniffles2.INS.1A0M15	1.0
Sniffles2.INS.4BAMB	1.0
Sniffles2.INS.F9ME	1.0
Sniffles2.INS.14DM14	1.0
Sniffles2.INS.2B5M10	1.0
Sniffles2.DEL.337M1	1.0
Sniffles2.DEL.CFM15	1.0
Sniffles2.DEL.188M5	1.0
Sniffles2.INS.1E3MB	1.0
Sniffles2.INS.494M6	1.0
Sniffles2.DEL.2D3M4	1.0
Sniffles2.DEL.470M13	1.0
Sniffles2.INS.3EDM13	1.0
Sniffles2.DEL.1D6M5	1.0
Sniffles2.INS.39CMA	1.0
Sniffles2.INS.567M6	1.0
Sniffles2.DEL.3AFM4	1.0
Sniffles2.DEL.79M10	1.0
Sniffles2.INS.4ABM6	1.0
Sniffles2.DEL.2FFM8	1.0
Sniffles2.DEL.D5M8	1.0
Sniffles2.DEL.3AFMB	1.0
Sniffles2.DEL.1DEM7	1.0
Sniffles2.INS.7A6M0	1.0
Sniffles2.DEL.298M1	1.0
Sniffles2.INS.222MD	1.0
Sniffles2.DEL.21FM1	1.0
Sniffles2.DEL.32AMA	1.0
Sniffles2.DEL.1AAM0	1.0
Sniffles2.DEL.4C3M1	1.0
Sniffles2.INS.16FM0	1.0
Sniffles2.INS.312M13	1.0
Sniffles2.INS.7EDM0	1.0
Sniffles2.INS.1C6M10	1.0
Sniffles2.DEL.1B9M7	1.0
Sniffles2.INS.2EDM8	1.0
Sniffles2.DEL.5DM7	1.0
Sniffles2.DEL.20AM17	1.0
Sniffles2.INS.3E9M3	1.0
Sniffles2.DEL.F6M11	1.0
Sniffles2.INS.70CM1	1.0
Sniffles2.INS.51AM2	1.0
Sniffles2.DEL.314M5	1.0
Sniffles2.DEL.C5M0	1.0
Sniffles2.INS.4E5M6	1.0
Sniffles2.INS.86M12	1.0
Sniffles2.INS.3E0M6	1.0
Sniffles2.DEL.238M7	1.0
Sniffles2.INS.295M1	1.0
Sniffles2.INS.578M9	1.0
Sniffles2.INS.133M6	1.0
Sniffles2.DEL.74BM0	1.0
Sniffles2.INS.384M6	1.0
Sniffles2.INS.3AFMA	1.0
Sniffles2.DEL.90M11	1.0
Sniffles2.DEL.2EEM8	1.0
Sniffles2.INS.570M3	1.0
Sniffles2.INS.B0M8	1.0
Sniffles2.DEL.63FM4	1.0
Sniffles2.DEL.3FEM4	1.0
Sniffles2.DEL.7D8M0	1.0
Sniffles2.INS.172MA	1.0
Sniffles2.INS.24CM13	1.0
Sniffles2.DEL.1CAM9	1.0
Sniffles2.INS.15M3	1.0
Sniffles2.INS.2F6M11	1.0
Sniffles2.DEL.32FM5	1.0
Sniffles2.DEL.F6M13	1.0
Sniffles2.INS.7BM15	1.0
Sniffles2.INS.28DM12	1.0
Sniffles2.DEL.651M0	1.0
Sniffles2.INS.153M4	1.0
Sniffles2.DEL.60M0	1.0
Sniffles2.DEL.DBMD	1.0
Sniffles2.INS.F6MC	1.0
Sniffles2.DEL.50BM3	1.0
Sniffles2.DEL.18DM4	1.0
Sniffles2.DEL.10AM8	1.0
Sniffles2.DEL.161M17	1.0
Sniffles2.DEL.2E8M6	1.0
Sniffles2.INS.38EM9	1.0
Sniffles2.DEL.137M5	1.0
Sniffles2.DEL.1D5M14	1.0
Sniffles2.DEL.1FCMB	1.0
Sniffles2.DEL.17EM2	1.0
Sniffles2.DEL.55CM6	1.0
Sniffles2.INS.1F1M15	1.0
Sniffles2.DEL.730M0	1.0
Sniffles2.DEL.3ACM12	1.0
Sniffles2.INS.3D9M5	1.0
Sniffles2.INS.681M3	1.0
Sniffles2.INS.123M13	1.0
Sniffles2.INS.441MA	1.0
Sniffles2.INS.1CM11	1.0
Sniffles2.INS.445MA	1.0
Sniffles2.DEL.2A3M4	1.0
Sniffles2.INS.10AM0	1.0
Sniffles2.DEL.51EM2	1.0
Sniffles2.INS.3D5MF	1.0
Sniffles2.INS.377M0	1.0
Sniffles2.DEL.73M7	1.0
Sniffles2.INS.42CMB	1.0
Sniffles2.INS.1A6M7	1.0
Sniffles2.DEL.E4ME	1.0
Sniffles2.INS.D9M4	1.0
Sniffles2.DEL.31M7	1.0
Sniffles2.INS.4CM8	1.0
Sniffles2.DEL.309MA	1.0
Sniffles2.DEL.1BAM12	1.0
Sniffles2.DEL.4A8M4	1.0
Sniffles2.DEL.512M6	1.0
Sniffles2.DEL.3DEM1	1.0
Sniffles2.DEL.346M1	1.0
Sniffles2.INS.274M12	1.0
Sniffles2.DEL.276M3	1.0
Sniffles2.DEL.3DEM5	1.0
Sniffles2.INS.2CEM2	1.0
Sniffles2.DEL.142MA	1.0
Sniffles2.DEL.10DMF	1.0
Sniffles2.INS.229MF	1.0
Sniffles2.DEL.309M16	1.0
Sniffles2.DEL.E7M11	1.0
Sniffles2.DEL.ADM13	1.0
Sniffles2.INS.3C7M12	1.0
Sniffles2.DEL.6EM10	1.0
Sniffles2.INS.320MF	1.0
Sniffles2.INS.3FEM16	1.0
Sniffles2.INS.3A4MF	1.0
Sniffles2.DEL.452MB	1.0
Sniffles2.DEL.16EM12	1.0
Sniffles2.INS.24M6	1.0
Sniffles2.INS.4B1M13	1.0
Sniffles2.DEL.755M1	1.0
Sniffles2.INS.148M15	1.0
Sniffles2.DEL.179MB	1.0
Sniffles2.DEL.25M6	1.0
Sniffles2.DEL.2ACM15	1.0
Sniffles2.INS.295MC	1.0
Sniffles2.DEL.19EM4	1.0
Sniffles2.DEL.5A1M3	1.0
Sniffles2.INS.157M0	1.0
Sniffles2.INS.49BM7	1.0
Sniffles2.INS.1ABMB	1.0
Sniffles2.DEL.6A5M1	1.0
Sniffles2.INS.446M8	1.0
Sniffles2.DEL.469M5	1.0
Sniffles2.DEL.613M3	1.0
Sniffles2.INS.1B6M9	1.0
Sniffles2.DEL.457M3	1.0
Sniffles2.INS.3CFMA	1.0
Sniffles2.INS.308M12	1.0
Sniffles2.DEL.338MF	1.0
Sniffles2.DEL.133M0	1.0
Sniffles2.INS.451M9	1.0
Sniffles2.DEL.3F8M5	1.0
Sniffles2.INS.384MA	1.0
Sniffles2.INS.B4M2	1.0
Sniffles2.INS.A4M7	1.0
Sniffles2.INS.42BMA	1.0
Sniffles2.DEL.2B4MF	1.0
Sniffles2.DEL.3ADM3	1.0
Sniffles2.DEL.3BAM5	1.0
Sniffles2.DEL.746M0	1.0
Sniffles2.DEL.10DME	1.0
Sniffles2.INS.37FMF	1.0
Sniffles2.DEL.42DM6	1.0
Sniffles2.INS.6E5M6	1.0
Sniffles2.INS.536M9	1.0
Sniffles2.INS.2B1MA	1.0
Sniffles2.DEL.32CMF	1.0
Sniffles2.INS.13DME	1.0
Sniffles2.INS.3E0M0	1.0
Sniffles2.DEL.282M14	1.0
Sniffles2.INS.1EFM4	1.0
Sniffles2.DEL.DCME	1.0
Sniffles2.INS.CME	1.0
Sniffles2.INS.DCMB	1.0
Sniffles2.INS.340M8	1.0
Sniffles2.INS.3CDM13	1.0
Sniffles2.DEL.345M9	1.0
Sniffles2.DEL.22EMF	1.0
Sniffles2.INS.31AM2	1.0
Sniffles2.INS.223MD	1.0
Sniffles2.DEL.251ME	1.0
Sniffles2.INS.48M11	1.0
Sniffles2.DEL.37AM3	1.0
Sniffles2.DEL.227M0	1.0
Sniffles2.INS.50FM3	1.0
Sniffles2.INS.1CAM8	1.0
Sniffles2.DEL.225ME	1.0
Sniffles2.INS.233MD	1.0
Sniffles2.DEL.2DAM14	1.0
Sniffles2.INS.531M8	1.0
Sniffles2.INS.103MF	1.0
Sniffles2.INS.3C9M1	1.0
Sniffles2.DEL.255M9	1.0
Sniffles2.DEL.430MB	1.0
Sniffles2.DEL.7CAM1	1.0
Sniffles2.INS.2CM11	1.0
Sniffles2.INS.361M13	1.0
Sniffles2.INS.234M11	1.0
Sniffles2.DEL.2AAM13	1.0
Sniffles2.INS.22AM4	1.0
Sniffles2.INS.119MD	1.0
Sniffles2.INS.46BM8	1.0
Sniffles2.DEL.663M4	1.0
Sniffles2.INS.3D1MB	1.0
Sniffles2.INS.3B7M12	1.0
Sniffles2.INS.237M13	1.0
Sniffles2.INS.237M8	1.0
Sniffles2.INS.267M4	1.0
Sniffles2.DEL.1A7M9	1.0
Sniffles2.INS.476M13	1.0
Sniffles2.DEL.2F7M4	1.0
Sniffles2.DEL.173M4	1.0
Sniffles2.INS.1D8MA	1.0
Sniffles2.DEL.454M9	1.0
Sniffles2.INS.651M4	1.0
Sniffles2.INS.29CM10	1.0
Sniffles2.DEL.6DFM0	1.0
Sniffles2.DEL.39AM1	1.0
Sniffles2.DEL.53DM8	1.0
Sniffles2.INS.4EM0	1.0
Sniffles2.INS.E9M2	1.0
Sniffles2.DEL.1B2M3	1.0
Sniffles2.INS.34CM4	1.0
Sniffles2.DEL.32FM8	1.0
Sniffles2.DEL.3DBM5	1.0
Sniffles2.INS.2FM5	1.0
Sniffles2.INS.643M4	1.0
Sniffles2.DEL.64M12	1.0
Sniffles2.INS.B6M8	1.0
Sniffles2.INS.20EMC	1.0
Sniffles2.DEL.319MB	1.0
Sniffles2.DEL.13CM11	1.0
Sniffles2.INS.CAMC	1.0
Sniffles2.DEL.1ECM6	1.0
Sniffles2.DEL.12CMD	1.0
Sniffles2.INS.1CAM15	1.0
Sniffles2.INS.1E1MA	1.0
Sniffles2.DEL.281M8	1.0
Sniffles2.DEL.3E2M5	1.0
Sniffles2.INS.15FM11	1.0
Sniffles2.INS.1B5M6	1.0
Sniffles2.INS.67MB	1.0
Sniffles2.INS.6AM2	1.0
Sniffles2.INS.301M5	1.0
Sniffles2.INS.3D4M1	1.0
Sniffles2.INS.5C0M4	1.0
Sniffles2.INS.297M5	1.0
Sniffles2.DEL.7FMA	1.0
Sniffles2.DEL.66FM1	1.0
Sniffles2.DEL.C1M2	1.0
Sniffles2.INS.1E4M7	1.0
Sniffles2.INS.44M8	1.0
Sniffles2.INS.40CMA	1.0
Sniffles2.DEL.20DM12	1.0
Sniffles2.INS.1FFME	1.0
Sniffles2.INS.3C0M2	1.0
Sniffles2.DEL.344M4	1.0
Sniffles2.DEL.231M5	1.0
Sniffles2.DEL.145MF	1.0
Sniffles2.DEL.5C7M3	1.0
Sniffles2.DEL.169M5	1.0
Sniffles2.DEL.EM4	1.0
Sniffles2.DEL.EAMD	1.0
Sniffles2.DEL.F3M2	1.0
Sniffles2.DEL.296ME	1.0
Sniffles2.DEL.501M0	1.0
Sniffles2.DEL.5BAM4	1.0
Sniffles2.INS.32BM8	1.0
Sniffles2.INS.115M7	1.0
Sniffles2.INS.47DMA	1.0
Sniffles2.DEL.234M10	1.0
Sniffles2.INS.35FM11	1.0
Sniffles2.INS.45EM5	1.0
Sniffles2.DEL.B2MC	1.0
Sniffles2.DEL.124M14	1.0
Sniffles2.DEL.5B0M3	1.0
Sniffles2.INS.2A0M12	1.0
Sniffles2.INS.52AM1	1.0
Sniffles2.INS.387M8	1.0
Sniffles2.INS.264MA	1.0
Sniffles2.DEL.164M13	1.0
Sniffles2.INS.300M2	1.0
Sniffles2.DEL.400M0	1.0
Sniffles2.INS.3E8M3	1.0
Sniffles2.INS.1C8M2	1.0
Sniffles2.INS.2B7M15	1.0
Sniffles2.DEL.D0M13	1.0
Sniffles2.INS.3FDM3	1.0
Sniffles2.INS.666M1	1.0
Sniffles2.INS.1D4M8	1.0
Sniffles2.DEL.514M5	1.0
Sniffles2.INS.2E9M5	1.0
Sniffles2.DEL.44AM6	1.0
Sniffles2.INS.195M7	1.0
Sniffles2.DEL.3AEMA	1.0
Sniffles2.INS.17DM0	1.0
Sniffles2.INS.DFM9	1.0
Sniffles2.DEL.45EM1	1.0
Sniffles2.INS.228M10	1.0
Sniffles2.DEL.4ABM1	1.0
Sniffles2.INS.508M2	1.0
Sniffles2.DEL.388M10	1.0
Sniffles2.INS.C2M2	1.0
Sniffles2.DEL.F5MB	1.0
Sniffles2.INS.5B3M9	1.0
Sniffles2.DEL.111M6	1.0
Sniffles2.DEL.13BM13	1.0
Sniffles2.INS.2F6MC	1.0
Sniffles2.INS.51BM6	1.0
Sniffles2.INS.52M8	1.0
Sniffles2.DEL.CCME	1.0
Sniffles2.DEL.145M11	1.0
Sniffles2.DEL.9FMA	1.0
Sniffles2.INS.26DM11	1.0
Sniffles2.DEL.21DM7	1.0
Sniffles2.DEL.286M2	1.0
Sniffles2.INS.49ME	1.0
Sniffles2.INS.22M6	1.0
Sniffles2.INS.72M13	1.0
Sniffles2.INS.67M2	1.0
Sniffles2.INS.31EM9	1.0
Sniffles2.DEL.257ME	1.0
Sniffles2.INS.60AM4	1.0
Sniffles2.DEL.420MF	1.0
Sniffles2.DEL.12BM7	1.0
Sniffles2.INS.505M5	1.0
Sniffles2.DEL.1CCM6	1.0
Sniffles2.INS.272M10	1.0
Sniffles2.DEL.15CM4	1.0
Sniffles2.INS.1C5M6	1.0
Sniffles2.INS.1E0M14	1.0
Sniffles2.INS.263M5	1.0
Sniffles2.INS.3C0M13	1.0
Sniffles2.DEL.1D9M13	1.0
Sniffles2.INS.15DM13	1.0
Sniffles2.INS.402MB	1.0
Sniffles2.DEL.72M14	1.0
Sniffles2.INS.1D0MB	1.0
Sniffles2.INS.443M6	1.0
Sniffles2.DEL.293M15	1.0
Sniffles2.INS.385M1	1.0
Sniffles2.DEL.368M5	1.0
Sniffles2.DEL.24M17	1.0
Sniffles2.DEL.22EM1	1.0
Sniffles2.INS.5C0M1	1.0
Sniffles2.DEL.147M6	1.0
Sniffles2.INS.4C7M1	1.0
Sniffles2.INS.403M6	1.0
Sniffles2.DEL.FFM14	1.0
Sniffles2.INS.205M15	1.0
Sniffles2.DEL.3C3M9	1.0
Sniffles2.INS.321M0	1.0
Sniffles2.DEL.262MA	1.0
Sniffles2.INS.283M14	1.0
Sniffles2.INS.29DM1	1.0
Sniffles2.INS.50M1	1.0
Sniffles2.DEL.1A8MC	1.0
Sniffles2.DEL.342M4	1.0
Sniffles2.INS.4C5M8	1.0
Sniffles2.INS.5A8M0	1.0
Sniffles2.INS.3C3M5	1.0
Sniffles2.DEL.72M7	1.0
Sniffles2.DEL.584M9	1.0
Sniffles2.INS.246MA	1.0
Sniffles2.DEL.4AEM5	1.0
Sniffles2.INS.30AM3	1.0
Sniffles2.INS.1A3M3	1.0
Sniffles2.DEL.95M9	1.0
Sniffles2.INS.2D0M16	1.0
Sniffles2.DEL.41EM0	1.0
Sniffles2.INS.191M1	1.0
Sniffles2.INS.4EM11	1.0
Sniffles2.INS.48M3	1.0
Sniffles2.DEL.2DM15	1.0
Sniffles2.DEL.246ME	1.0
Sniffles2.DEL.3AMD	1.0
Sniffles2.DEL.21BM5	1.0
Sniffles2.DEL.11CME	1.0
Sniffles2.INS.12CM2	1.0
Sniffles2.DEL.43DM8	1.0
Sniffles2.INS.54ME	1.0
Sniffles2.DEL.A9M2	1.0
Sniffles2.DEL.313M13	1.0
Sniffles2.DEL.56M8	1.0
Sniffles2.DEL.19FMC	1.0
Sniffles2.DEL.3C2M2	1.0
Sniffles2.DEL.22FM17	1.0
Sniffles2.INS.430M9	1.0
Sniffles2.INS.137M15	1.0
Sniffles2.INS.364MC	1.0
Sniffles2.DEL.123M7	1.0
Sniffles2.INS.431M2	1.0
Sniffles2.DEL.15CMB	1.0
Sniffles2.DEL.56EM2	1.0
Sniffles2.INS.2E4M6	1.0
Sniffles2.INS.48ME	1.0
Sniffles2.INS.770M1	1.0
Sniffles2.DEL.32EM3	1.0
Sniffles2.INS.283M15	1.0
Sniffles2.DEL.28MD	1.0
Sniffles2.DEL.2DM13	1.0
Sniffles2.INS.3EBMB	1.0
Sniffles2.DEL.3DAM5	1.0
Sniffles2.INS.3A8MC	1.0
Sniffles2.INS.6DM9	1.0
Sniffles2.INS.17CM8	1.0
Sniffles2.DEL.56M9	1.0
Sniffles2.INS.276MB	1.0
Sniffles2.INS.1EFMF	1.0
Sniffles2.INS.2A7M13	1.0
Sniffles2.DEL.3B2M7	1.0
Sniffles2.INS.533M1	1.0
Sniffles2.INS.14BM15	1.0
Sniffles2.INS.3A1M8	1.0
Sniffles2.DEL.3CFM10	1.0
Sniffles2.INS.1ABMD	1.0
Sniffles2.INS.44CM2	1.0
Sniffles2.DEL.2CM10	1.0
Sniffles2.INS.2FAME	1.0
Sniffles2.DEL.F1MC	1.0
Sniffles2.DEL.296M0	1.0
Sniffles2.INS.5MF	1.0
Sniffles2.INS.657M4	1.0
Sniffles2.DEL.7CM6	1.0
Sniffles2.INS.650M3	1.0
Sniffles2.INS.3CAM13	1.0
Sniffles2.DEL.D4M12	1.0
Sniffles2.INS.38DM7	1.0
Sniffles2.INS.372M9	1.0
Sniffles2.DEL.165MD	1.0
Sniffles2.DEL.23BM10	1.0
Sniffles2.DEL.1F6M17	1.0
Sniffles2.DEL.A4M2	1.0
Sniffles2.DEL.337M11	1.0
Sniffles2.DEL.731M1	1.0
Sniffles2.DEL.37EM7	1.0
Sniffles2.INS.2B0MB	1.0
Sniffles2.DEL.20BM12	1.0
Sniffles2.DEL.220M1	1.0
Sniffles2.INS.172M15	1.0
Sniffles2.DEL.FDM5	1.0
Sniffles2.INS.39DM11	1.0
Sniffles2.DEL.20M9	1.0
Sniffles2.DEL.11EM8	1.0
Sniffles2.DEL.246M0	1.0
Sniffles2.DEL.5BCM0	1.0
Sniffles2.DEL.309M13	1.0
Sniffles2.DEL.4EMB	1.0
Sniffles2.DEL.253M9	1.0
Sniffles2.DEL.155M2	1.0
Sniffles2.DEL.6ABM0	1.0
Sniffles2.INS.1B7MD	1.0
Sniffles2.INS.D8M12	1.0
Sniffles2.INS.365M3	1.0
Sniffles2.DEL.5FEM3	1.0
Sniffles2.DEL.A8M3	1.0
Sniffles2.INS.3AEM12	1.0
Sniffles2.DEL.352M10	1.0
Sniffles2.INS.3A6M11	1.0
Sniffles2.DEL.84M5	1.0
Sniffles2.DEL.1F7MF	1.0
Sniffles2.INS.152MC	1.0
Sniffles2.INS.41M2	1.0
Sniffles2.INS.16FME	1.0
Sniffles2.DEL.184M9	1.0
Sniffles2.DEL.286M11	1.0
Sniffles2.DEL.C4M9	1.0
Sniffles2.INS.1F2M12	1.0
Sniffles2.INS.5CAM5	1.0
Sniffles2.INS.1E3MC	1.0
Sniffles2.DEL.C8M13	1.0
Sniffles2.DEL.484M0	1.0
Sniffles2.DEL.29FM5	1.0
Sniffles2.DEL.447M9	1.0
Sniffles2.INS.EBM3	1.0
Sniffles2.DEL.11AMC	1.0
Sniffles2.INS.92MF	1.0
Sniffles2.DEL.12DM2	1.0
Sniffles2.DEL.65M4	1.0
Sniffles2.INS.C0M12	1.0
Sniffles2.DEL.31EM12	1.0
Sniffles2.INS.1B6M5	1.0
Sniffles2.DEL.17DM13	1.0
Sniffles2.DEL.2BCMA	1.0
Sniffles2.DEL.2DBM7	1.0
Sniffles2.DEL.17AME	1.0
Sniffles2.DEL.253M6	1.0
Sniffles2.INS.202M14	1.0
Sniffles2.DEL.B5M13	1.0
Sniffles2.INS.441M2	1.0
Sniffles2.INS.341M0	1.0
Sniffles2.INS.3FCM6	1.0
Sniffles2.INS.17CM9	1.0
Sniffles2.DEL.495M3	1.0
Sniffles2.DEL.472M2	1.0
Sniffles2.DEL.1E9M6	1.0
Sniffles2.INS.2D0MC	1.0
Sniffles2.INS.89MD	1.0
Sniffles2.DEL.B5M0	1.0
Sniffles2.INS.6B7M0	1.0
Sniffles2.INS.3A8M12	1.0
Sniffles2.INS.1A5M0	1.0
Sniffles2.DEL.2D7M6	1.0
Sniffles2.DEL.44AM0	1.0
Sniffles2.DEL.FAMA	1.0
Sniffles2.INS.174MA	1.0
Sniffles2.INS.382M3	1.0
Sniffles2.INS.4A5M1	1.0
Sniffles2.INS.40AMC	1.0
Sniffles2.INS.62DM0	1.0
Sniffles2.INS.414M8	1.0
Sniffles2.INS.255M7	1.0
Sniffles2.DEL.584M4	1.0
Sniffles2.INS.82M3	1.0
Sniffles2.DEL.610M4	1.0
Sniffles2.INS.123MF	1.0
Sniffles2.INS.96M9	1.0
Sniffles2.DEL.26AM1	1.0
Sniffles2.DEL.101M2	1.0
Sniffles2.DEL.C1M11	1.0
Sniffles2.INS.181ME	1.0
Sniffles2.INS.5B1M5	1.0
Sniffles2.INS.565M9	1.0
Sniffles2.DEL.28BM4	1.0
Sniffles2.INS.4EAMB	1.0
Sniffles2.DEL.87M10	1.0
Sniffles2.DEL.23EM2	1.0
Sniffles2.INS.2BBM7	1.0
Sniffles2.DEL.142M8	1.0
Sniffles2.INS.182M13	1.0
Sniffles2.DEL.2B7M12	1.0
Sniffles2.DEL.521M4	1.0
Sniffles2.INS.293M16	1.0
Sniffles2.DEL.344M2	1.0
Sniffles2.DEL.34CM0	1.0
Sniffles2.INS.215M7	1.0
Sniffles2.DEL.335M5	1.0
Sniffles2.DEL.54M8	1.0
Sniffles2.INS.10M8	1.0
Sniffles2.DEL.250MF	1.0
Sniffles2.INS.4CEMB	1.0
Sniffles2.INS.120M13	1.0
Sniffles2.DEL.2D6M7	1.0
Sniffles2.DEL.4MF	1.0
Sniffles2.DEL.364M12	1.0
Sniffles2.DEL.A0M2	1.0
Sniffles2.INS.24BM0	1.0
Sniffles2.DEL.510M1	1.0
Sniffles2.DEL.3AM17	1.0
Sniffles2.DEL.3DEM10	1.0
Sniffles2.DEL.1F0MA	1.0
Sniffles2.INS.550M6	1.0
Sniffles2.INS.267M14	1.0
Sniffles2.DEL.196M2	1.0
Sniffles2.INS.344M9	1.0
Sniffles2.INS.4FAMB	1.0
Sniffles2.INS.1E0MF	1.0
Sniffles2.DEL.CCM6	1.0
Sniffles2.DEL.133MA	1.0
Sniffles2.DEL.155MC	1.0
Sniffles2.DEL.314M2	1.0
Sniffles2.INS.2FEMC	1.0
Sniffles2.DEL.3BCM13	1.0
Sniffles2.DEL.2A9M0	1.0
Sniffles2.INS.5BM13	1.0
Sniffles2.INS.22DM13	1.0
Sniffles2.INS.523M6	1.0
Sniffles2.INS.2CBM7	1.0
Sniffles2.INS.28BM2	1.0
Sniffles2.DEL.662M1	1.0
Sniffles2.DEL.404M1	1.0
Sniffles2.DEL.5ABM4	1.0
Sniffles2.INS.42EM16	1.0
Sniffles2.INS.120M2	1.0
Sniffles2.INS.4FCM5	1.0
Sniffles2.INS.4E8M1	1.0
Sniffles2.INS.50AM8	1.0
Sniffles2.INS.3CDM7	1.0
Sniffles2.DEL.1B3M4	1.0
Sniffles2.DEL.20M4	1.0
Sniffles2.DEL.42AM0	1.0
Sniffles2.INS.2B3MA	1.0
Sniffles2.INS.347MB	1.0
Sniffles2.INS.15DM7	1.0
Sniffles2.INS.1FBME	1.0
Sniffles2.INS.17CMC	1.0
Sniffles2.DEL.49DM1	1.0
Sniffles2.INS.49EM6	1.0
Sniffles2.DEL.2B3M14	1.0
Sniffles2.DEL.5D6M3	1.0
Sniffles2.DEL.2FBMC	1.0
Sniffles2.INS.17BM6	1.0
Sniffles2.DEL.1E0MA	1.0
Sniffles2.DEL.F2M12	1.0
Sniffles2.INS.E4M9	1.0
Sniffles2.INS.4C2M5	1.0
Sniffles2.DEL.599M0	1.0
Sniffles2.DEL.23MA	1.0
Sniffles2.DEL.3A3M11	1.0
Sniffles2.DEL.30FMC	1.0
Sniffles2.DEL.3CAM4	1.0
Sniffles2.DEL.6AEM6	1.0
Sniffles2.INS.191M9	1.0
Sniffles2.DEL.397M13	1.0
Sniffles2.INS.2BDM2	1.0
Sniffles2.INS.2C5ME	1.0
Sniffles2.INS.23M9	1.0
Sniffles2.INS.A3MD	1.0
Sniffles2.INS.35FM12	1.0
Sniffles2.DEL.3B3MC	1.0
Sniffles2.INS.49FMB	1.0
Sniffles2.DEL.5FM11	1.0
Sniffles2.INS.2DM11	1.0
Sniffles2.INS.249M1	1.0
Sniffles2.DEL.EDM15	1.0
Sniffles2.INS.2D7M8	1.0
Sniffles2.DEL.A9M7	1.0
Sniffles2.DEL.21BM13	1.0
Sniffles2.DEL.2CAM4	1.0
Sniffles2.DEL.1D9M4	1.0
Sniffles2.INS.26BM12	1.0
Sniffles2.INS.71M9	1.0
Sniffles2.INS.573M0	1.0
Sniffles2.INS.32DM16	1.0
Sniffles2.INS.74MB	1.0
Sniffles2.INS.2F2M12	1.0
Sniffles2.INS.21FM15	1.0
Sniffles2.INS.113MB	1.0
Sniffles2.DEL.18CM15	1.0
Sniffles2.DEL.339M1	1.0
Sniffles2.DEL.2EM12	1.0
Sniffles2.DEL.15AMF	1.0
Sniffles2.DEL.259M4	1.0
Sniffles2.DEL.54AM2	1.0
Sniffles2.DEL.3C1M1	1.0
Sniffles2.INS.7AEM0	1.0
Sniffles2.DEL.C4MF	1.0
Sniffles2.INS.3CM10	1.0
Sniffles2.DEL.254MB	1.0
Sniffles2.DEL.214M15	1.0
Sniffles2.INS.31FM5	1.0
Sniffles2.DEL.288M1	1.0
Sniffles2.DEL.106M15	1.0
Sniffles2.INS.545M8	1.0
Sniffles2.DEL.18CMB	1.0
Sniffles2.DEL.6DM6	1.0
Sniffles2.DEL.1C6M15	1.0
Sniffles2.DEL.1DAMC	1.0
Sniffles2.DEL.226M0	1.0
Sniffles2.INS.3C2M6	1.0
Sniffles2.INS.F8M8	1.0
Sniffles2.INS.228M9	1.0
Sniffles2.INS.220M2	1.0
Sniffles2.DEL.24DM11	1.0
Sniffles2.INS.249ME	1.0
Sniffles2.INS.70BM0	1.0
Sniffles2.INS.23CMB	1.0
Sniffles2.INS.122M14	1.0
Sniffles2.DEL.347M4	1.0
Sniffles2.DEL.316MB	1.0
Sniffles2.DEL.29BM5	1.0
Sniffles2.INS.F3MD	1.0
Sniffles2.DEL.2D6M4	1.0
Sniffles2.INS.158MC	1.0
Sniffles2.DEL.2B5M13	1.0
Sniffles2.INS.28DM1	1.0
Sniffles2.INS.1CDM5	1.0
Sniffles2.INS.52EM9	1.0
Sniffles2.DEL.176ME	1.0
Sniffles2.DEL.4A8M3	1.0
Sniffles2.DEL.30M1	1.0
Sniffles2.INS.E0M9	1.0
Sniffles2.INS.289ME	1.0
Sniffles2.DEL.31FMF	1.0
Sniffles2.INS.56BM0	1.0
Sniffles2.DEL.18DMA	1.0
Sniffles2.DEL.EBM17	1.0
Sniffles2.INS.59AM6	1.0
Sniffles2.DEL.271M5	1.0
Sniffles2.DEL.220M13	1.0
Sniffles2.DEL.352M16	1.0
Sniffles2.DEL.100M11	1.0
Sniffles2.DEL.241M10	1.0
Sniffles2.DEL.3EEM6	1.0
Sniffles2.DEL.355M10	1.0
Sniffles2.INV.272MA	1.0
Sniffles2.INS.631M4	1.0
Sniffles2.INS.15CM9	1.0
Sniffles2.INS.7DMA	1.0
Sniffles2.INS.18AMC	1.0
Sniffles2.INS.3D1M8	1.0
Sniffles2.DEL.189M2	1.0
Sniffles2.INS.620M3	1.0
Sniffles2.DEL.3D3M2	1.0
Sniffles2.DEL.2ACM12	1.0
Sniffles2.DEL.224M12	1.0
Sniffles2.INS.189M14	1.0
Sniffles2.INS.253M7	1.0
Sniffles2.DEL.14BM5	1.0
Sniffles2.INS.31AM12	1.0
Sniffles2.INS.6C4M1	1.0
Sniffles2.INS.F9MC	1.0
Sniffles2.DEL.40CM3	1.0
Sniffles2.INS.F8MB	1.0
Sniffles2.INS.111M0	1.0
Sniffles2.DEL.1D3ME	1.0
Sniffles2.DEL.1DCM14	1.0
Sniffles2.DEL.253M0	1.0
Sniffles2.INS.1C6M12	1.0
Sniffles2.DEL.522M0	1.0
Sniffles2.DEL.504M3	1.0
Sniffles2.INS.1F5MA	1.0
Sniffles2.INS.1E6M9	1.0
Sniffles2.INS.587M9	1.0
Sniffles2.INS.4D1M7	1.0
Sniffles2.INS.38DM10	1.0
Sniffles2.INS.271M10	1.0
Sniffles2.INS.1A1M5	1.0
Sniffles2.DEL.41EM7	1.0
Sniffles2.DEL.279MF	1.0
Sniffles2.DEL.233M17	1.0
Sniffles2.DEL.6AM13	1.0
Sniffles2.INS.BME	1.0
Sniffles2.DEL.33FM9	1.0
Sniffles2.INS.1C5M16	1.0
Sniffles2.INS.6AAM0	1.0
Sniffles2.DEL.208M8	1.0
Sniffles2.DEL.24M3	1.0
Sniffles2.INS.228M6	1.0
Sniffles2.DEL.37AM12	1.0
Sniffles2.INS.F3MC	1.0
Sniffles2.DEL.2B8M0	1.0
Sniffles2.INS.1A9M4	1.0
Sniffles2.INS.1A3M9	1.0
Sniffles2.INS.341MF	1.0
Sniffles2.INS.34M5	1.0
Sniffles2.INS.45AM13	1.0
Sniffles2.INS.1E8M7	1.0
Sniffles2.INS.190M7	1.0
Sniffles2.DEL.397MC	1.0
Sniffles2.DEL.3D5MC	1.0
Sniffles2.INS.33CME	1.0
Sniffles2.INS.185MD	1.0
Sniffles2.INS.1C4M0	1.0
Sniffles2.INS.1DAM5	1.0
Sniffles2.INS.39FMA	1.0
Sniffles2.DEL.B4M12	1.0
Sniffles2.INS.429MB	1.0
Sniffles2.DEL.14BMB	1.0
Sniffles2.DEL.C5M9	1.0
Sniffles2.INS.2BFM6	1.0
Sniffles2.DEL.493M9	1.0
Sniffles2.INS.82M11	1.0
Sniffles2.DEL.272M4	1.0
Sniffles2.DEL.224M1	1.0
Sniffles2.DEL.17EM13	1.0
Sniffles2.INS.CBM7	1.0
Sniffles2.DEL.1D5M0	1.0
Sniffles2.DEL.12DMC	1.0
Sniffles2.DEL.180M6	1.0
Sniffles2.INS.2ABM10	1.0
Sniffles2.DEL.14BM10	1.0
Sniffles2.DEL.501M3	1.0
Sniffles2.DEL.138M8	1.0
Sniffles2.DEL.1A3MC	1.0
Sniffles2.INS.4A4M13	1.0
Sniffles2.INS.214M7	1.0
Sniffles2.INS.3D0M10	1.0
Sniffles2.INS.274MF	1.0
Sniffles2.INS.5FM1	1.0
Sniffles2.INS.176M7	1.0
Sniffles2.INS.226MF	1.0
Sniffles2.DEL.281M2	1.0
Sniffles2.INS.40AM9	1.0
Sniffles2.INS.106MB	1.0
Sniffles2.INS.1F6M1	1.0
Sniffles2.DEL.1F8M6	1.0
Sniffles2.INS.46FM9	1.0
Sniffles2.DEL.266MB	1.0
Sniffles2.INS.ECMA	1.0
Sniffles2.DEL.3D9M2	1.0
Sniffles2.DEL.EEM7	1.0
Sniffles2.INS.7FAM0	1.0
Sniffles2.INS.7DDM0	1.0
Sniffles2.DEL.236M8	1.0
Sniffles2.INS.1AEM4	1.0
Sniffles2.DEL.193M4	1.0
Sniffles2.INS.1DFM5	1.0
Sniffles2.INS.CAM8	1.0
Sniffles2.INS.552M4	1.0
Sniffles2.INS.B7M13	1.0
Sniffles2.DEL.440M0	1.0
Sniffles2.INS.287M12	1.0
Sniffles2.INS.7EM7	1.0
Sniffles2.INS.401M6	1.0
Sniffles2.DEL.114M4	1.0
Sniffles2.INS.35DM13	1.0
Sniffles2.DEL.2ACMC	1.0
Sniffles2.DEL.2F6M16	1.0
Sniffles2.DEL.5D7M3	1.0
Sniffles2.INS.D9MB	1.0
Sniffles2.DEL.465M10	1.0
Sniffles2.DEL.507M9	1.0
Sniffles2.DEL.45AM5	1.0
Sniffles2.DEL.1F8M17	1.0
Sniffles2.DEL.558M1	1.0
Sniffles2.DEL.201M10	1.0
Sniffles2.DEL.11AM1	1.0
Sniffles2.DEL.2E8MC	1.0
Sniffles2.INS.301MB	1.0
Sniffles2.DEL.429M3	1.0
Sniffles2.INS.631M6	1.0
Sniffles2.INS.35AMF	1.0
Sniffles2.DEL.8EM8	1.0
Sniffles2.DEL.9BM10	1.0
Sniffles2.INS.239M1	1.0
Sniffles2.INS.279MA	1.0
Sniffles2.DEL.38FM8	1.0
Sniffles2.INS.784M0	1.0
Sniffles2.DEL.3D8MB	1.0
Sniffles2.INS.30FM11	1.0
Sniffles2.INS.1BCM9	1.0
Sniffles2.DEL.45EMA	1.0
Sniffles2.INS.415MF	1.0
Sniffles2.DEL.32M12	1.0
Sniffles2.DEL.4D7M4	1.0
Sniffles2.DEL.1F0M1	1.0
Sniffles2.DEL.C2M7	1.0
Sniffles2.INS.164MD	1.0
Sniffles2.DEL.269M8	1.0
Sniffles2.INS.3B3M2	1.0
Sniffles2.DEL.394MA	1.0
Sniffles2.DEL.5DFM6	1.0
Sniffles2.INS.229M10	1.0
Sniffles2.INS.538M0	1.0
Sniffles2.INS.347MA	1.0
Sniffles2.INS.1CBM7	1.0
Sniffles2.DEL.FCM2	1.0
Sniffles2.DEL.4B6M3	1.0
Sniffles2.INS.2ABM0	1.0
Sniffles2.DEL.328M13	1.0
Sniffles2.DEL.61CM4	1.0
Sniffles2.INS.60CM4	1.0
Sniffles2.DEL.10BM15	1.0
Sniffles2.DEL.296M5	1.0
Sniffles2.DEL.4CDM4	1.0
Sniffles2.INS.14MF	1.0
Sniffles2.INS.427M2	1.0
Sniffles2.DEL.162M5	1.0
Sniffles2.DEL.4F7M8	1.0
Sniffles2.INS.590M6	1.0
Sniffles2.INS.2D4MC	1.0
Sniffles2.INS.159M4	1.0
Sniffles2.INS.239M16	1.0
Sniffles2.DEL.6AFM6	1.0
Sniffles2.DEL.1F8M9	1.0
Sniffles2.DEL.194M6	1.0
Sniffles2.DEL.48FM2	1.0
Sniffles2.DEL.234M17	1.0
Sniffles2.DEL.24EM15	1.0
Sniffles2.DEL.D9M0	1.0
Sniffles2.INS.768M0	1.0
Sniffles2.DEL.202MD	1.0
Sniffles2.INS.B4M10	1.0
Sniffles2.DEL.1E2M1	1.0
Sniffles2.DEL.122M1	1.0
Sniffles2.INS.71M10	1.0
Sniffles2.INS.3E2M16	1.0
Sniffles2.INS.14CM7	1.0
Sniffles2.DEL.F7M3	1.0
Sniffles2.INS.272M5	1.0
Sniffles2.INS.31DM2	1.0
Sniffles2.INS.280M1	1.0
Sniffles2.INS.243M15	1.0
Sniffles2.INS.31BM7	1.0
Sniffles2.DEL.3DCM2	1.0
Sniffles2.DEL.2E8M7	1.0
Sniffles2.DEL.220M4	1.0
Sniffles2.INS.3BBM2	1.0
Sniffles2.DEL.3C2M13	1.0
Sniffles2.INS.477M1	1.0
Sniffles2.INS.27AM15	1.0
Sniffles2.INS.1B8M15	1.0
Sniffles2.DEL.244M9	1.0
Sniffles2.DEL.186M9	1.0
Sniffles2.INS.4B8M3	1.0
Sniffles2.INS.2A4MA	1.0
Sniffles2.DEL.1CAM12	1.0
Sniffles2.INS.69AM0	1.0
Sniffles2.INS.399MA	1.0
Sniffles2.INS.5F7M0	1.0
Sniffles2.INS.D5M5	1.0
Sniffles2.INS.453MB	1.0
Sniffles2.DEL.4B8M4	1.0
Sniffles2.INS.3CCM13	1.0
Sniffles2.INS.18FM7	1.0
Sniffles2.INS.52FM2	1.0
Sniffles2.INS.178M2	1.0
Sniffles2.DEL.401M5	1.0
Sniffles2.DEL.749M1	1.0
Sniffles2.INS.3DDMA	1.0
Sniffles2.DEL.BEM12	1.0
Sniffles2.DEL.6AM4	1.0
Sniffles2.INS.492M13	1.0
Sniffles2.DEL.16CM5	1.0
Sniffles2.INS.42ME	1.0
Sniffles2.DEL.1E6M6	1.0
Sniffles2.INS.5EEM1	1.0
Sniffles2.INS.2E4MC	1.0
Sniffles2.INS.17M11	1.0
Sniffles2.DEL.196MA	1.0
Sniffles2.DEL.41BMA	1.0
Sniffles2.INS.532M4	1.0
Sniffles2.DEL.1F0M14	1.0
Sniffles2.INS.118M3	1.0
Sniffles2.INS.F9M4	1.0
Sniffles2.DEL.1DFM1	1.0
Sniffles2.DEL.36AM10	1.0
Sniffles2.INS.21EMB	1.0
Sniffles2.DEL.3BCM7	1.0
Sniffles2.DEL.8FM15	1.0
Sniffles2.DEL.51M6	1.0
Sniffles2.INS.6AMB	1.0
Sniffles2.DEL.177M15	1.0
Sniffles2.DEL.3C1M16	1.0
Sniffles2.INS.2C3M11	1.0
Sniffles2.DEL.6EM7	1.0
Sniffles2.INS.27DMB	1.0
Sniffles2.DEL.1DEM13	1.0
Sniffles2.INS.140M9	1.0
Sniffles2.INS.2CBM14	1.0
Sniffles2.DEL.143M7	1.0
Sniffles2.INS.252MD	1.0
Sniffles2.INS.4E6M7	1.0
Sniffles2.INS.23DME	1.0
Sniffles2.INS.394M3	1.0
Sniffles2.DEL.5A2M1	1.0
Sniffles2.DEL.21M0	1.0
Sniffles2.DEL.D7M11	1.0
Sniffles2.DEL.4FME	1.0
Sniffles2.DEL.67BM0	1.0
Sniffles2.INS.71FM0	1.0
Sniffles2.DEL.1A9MF	1.0
Sniffles2.INS.580M1	1.0
Sniffles2.INS.FDM0	1.0
Sniffles2.DEL.613M0	1.0
Sniffles2.INS.4ADM8	1.0
Sniffles2.DEL.B0M1	1.0
Sniffles2.DEL.192MF	1.0
Sniffles2.DEL.358M2	1.0
Sniffles2.INS.27AM7	1.0
Sniffles2.INS.390M4	1.0
Sniffles2.DEL.248ME	1.0
Sniffles2.DEL.229MA	1.0
Sniffles2.INS.1DEM1	1.0
Sniffles2.INS.52BM8	1.0
Sniffles2.INS.18FM11	1.0
Sniffles2.DEL.1AME	1.0
Sniffles2.INS.78M8	1.0
Sniffles2.DEL.B6M2	1.0
Sniffles2.INS.17FM10	1.0
Sniffles2.INS.1AM0	1.0
Sniffles2.DEL.404M4	1.0
Sniffles2.INS.267M0	1.0
Sniffles2.DEL.10BM11	1.0
Sniffles2.INS.49FMA	1.0
Sniffles2.INS.2B1M0	1.0
Sniffles2.INS.157MC	1.0
Sniffles2.INS.1F5M0	1.0
Sniffles2.INS.7E1M0	1.0
Sniffles2.INS.398M13	1.0
Sniffles2.DEL.2D7M5	1.0
Sniffles2.INS.3FFM13	1.0
Sniffles2.INS.C8M2	1.0
Sniffles2.DEL.215M2	1.0
Sniffles2.INS.1A1M15	1.0
Sniffles2.DEL.852M0	1.0
Sniffles2.INS.36EMF	1.0
Sniffles2.INS.65DM0	1.0
Sniffles2.INS.FAM9	1.0
Sniffles2.INS.E1M10	1.0
Sniffles2.DEL.581M1	1.0
Sniffles2.INS.121MA	1.0
Sniffles2.INS.5BDM4	1.0
Sniffles2.DEL.196MB	1.0
Sniffles2.INS.61DM0	1.0
Sniffles2.DEL.3C0M8	1.0
Sniffles2.INS.208M3	1.0
Sniffles2.DEL.204M5	1.0
Sniffles2.DEL.175M7	1.0
Sniffles2.INS.3CM11	1.0
Sniffles2.INS.3A1M6	1.0
Sniffles2.INS.396M3	1.0
Sniffles2.INS.1E2ME	1.0
Sniffles2.INS.3DM12	1.0
Sniffles2.DEL.49M7	1.0
Sniffles2.DEL.6FM0	1.0
Sniffles2.INS.43BM10	1.0
Sniffles2.INS.75M5	1.0
Sniffles2.INS.2DBM15	1.0
Sniffles2.INS.312MC	1.0
Sniffles2.DEL.2E5M10	1.0
Sniffles2.DEL.3D5M1	1.0
Sniffles2.DEL.197MF	1.0
Sniffles2.INS.92MA	1.0
Sniffles2.INS.261M6	1.0
Sniffles2.INS.66MA	1.0
Sniffles2.INS.89M1	1.0
Sniffles2.INS.580M5	1.0
Sniffles2.INS.614M4	1.0
Sniffles2.INS.461M1	1.0
Sniffles2.INS.374M6	1.0
Sniffles2.DEL.4D5M2	1.0
Sniffles2.INS.310MA	1.0
Sniffles2.DEL.4C5M6	1.0
Sniffles2.INS.4EFM8	1.0
Sniffles2.INS.317MB	1.0
Sniffles2.INS.1C9M6	1.0
Sniffles2.DEL.110M0	1.0
Sniffles2.INS.2F3M11	1.0
Sniffles2.INS.375M1	1.0
Sniffles2.DEL.69M10	1.0
Sniffles2.INS.380M12	1.0
Sniffles2.DEL.1D1M11	1.0
Sniffles2.INS.2EBM12	1.0
Sniffles2.DEL.217MC	1.0
Sniffles2.DEL.46FM4	1.0
Sniffles2.DEL.3B3M16	1.0
Sniffles2.DEL.4E7M7	1.0
Sniffles2.DEL.3C8M9	1.0
Sniffles2.INS.2DME	1.0
Sniffles2.DEL.17BM15	1.0
Sniffles2.INS.4EEM3	1.0
Sniffles2.INS.15DM0	1.0
Sniffles2.DEL.305M0	1.0
Sniffles2.INS.EAM4	1.0
Sniffles2.DEL.3E0M4	1.0
Sniffles2.DEL.3EEM10	1.0
Sniffles2.DEL.446MA	1.0
Sniffles2.INS.1E6MB	1.0
Sniffles2.DEL.496M3	1.0
Sniffles2.DEL.415M7	1.0
Sniffles2.DEL.252M1	1.0
Sniffles2.DEL.452M8	1.0
Sniffles2.DEL.2CBM12	1.0
Sniffles2.DEL.A0M3	1.0
Sniffles2.INS.102M6	1.0
Sniffles2.DEL.17AMC	1.0
Sniffles2.DEL.305M12	1.0
Sniffles2.INS.249M11	1.0
Sniffles2.INS.22EM6	1.0
Sniffles2.INS.2A2MB	1.0
Sniffles2.DEL.238ME	1.0
Sniffles2.DEL.89MA	1.0
Sniffles2.INS.1D8ME	1.0
Sniffles2.DEL.65BM4	1.0
Sniffles2.DEL.1BFMB	1.0
Sniffles2.INS.14AMD	1.0
Sniffles2.DEL.1DDMD	1.0
Sniffles2.INS.345M0	1.0
Sniffles2.INS.2B5MB	1.0
Sniffles2.INS.69FM0	1.0
Sniffles2.INS.68M6	1.0
Sniffles2.INS.2F1M11	1.0
Sniffles2.INS.229M2	1.0
Sniffles2.INS.BCM12	1.0
Sniffles2.INS.674M3	1.0
Sniffles2.INS.390M1	1.0
Sniffles2.INS.2EAME	1.0
Sniffles2.INS.233ME	1.0
Sniffles2.DEL.179MA	1.0
Sniffles2.DEL.5AEM5	1.0
Sniffles2.DEL.396MA	1.0
Sniffles2.INS.5C0M5	1.0
Sniffles2.DEL.33EM3	1.0
Sniffles2.DEL.2E6MB	1.0
Sniffles2.INS.38AM4	1.0
Sniffles2.INS.CAM9	1.0
Sniffles2.INS.3CAM16	1.0
Sniffles2.INS.D4MD	1.0
Sniffles2.DEL.20EMD	1.0
Sniffles2.INS.5FEM1	1.0
Sniffles2.INS.AEMC	1.0
Sniffles2.DEL.1A8M11	1.0
Sniffles2.DEL.380M2	1.0
Sniffles2.DEL.2ACM11	1.0
Sniffles2.INS.313M0	1.0
Sniffles2.INS.2AM2	1.0
Sniffles2.INS.2D0M3	1.0
Sniffles2.DEL.397MB	1.0
Sniffles2.INS.27AM8	1.0
Sniffles2.INS.EAMF	1.0
Sniffles2.INS.117M4	1.0
Sniffles2.INS.262M16	1.0
Sniffles2.DEL.EAMA	1.0
Sniffles2.INS.24BMB	1.0
Sniffles2.INS.15DM6	1.0
Sniffles2.INS.53M9	1.0
Sniffles2.DEL.19BM15	1.0
Sniffles2.INS.A7M1	1.0
Sniffles2.DEL.272MF	1.0
Sniffles2.INS.27BM14	1.0
Sniffles2.DEL.2CFM2	1.0
Sniffles2.DEL.2A3M10	1.0
Sniffles2.DEL.3D4M2	1.0
Sniffles2.INS.378M16	1.0
Sniffles2.DEL.283M9	1.0
Sniffles2.DEL.1C0M17	1.0
Sniffles2.INS.EFMF	1.0
Sniffles2.INS.2F2M2	1.0
Sniffles2.INS.199M9	1.0
Sniffles2.DEL.33BM7	1.0
Sniffles2.INS.F5M15	1.0
Sniffles2.INS.324MA	1.0
Sniffles2.INS.501M5	1.0
Sniffles2.INS.146M2	1.0
Sniffles2.INS.451M5	1.0
Sniffles2.INS.FFM15	1.0
Sniffles2.INS.2FME	1.0
Sniffles2.INS.409M10	1.0
Sniffles2.INS.2DBM12	1.0
Sniffles2.DEL.6C9M1	1.0
Sniffles2.INS.315M5	1.0
Sniffles2.DEL.9CM2	1.0
Sniffles2.INS.68MA	1.0
Sniffles2.DEL.179MC	1.0
Sniffles2.INS.ECMD	1.0
Sniffles2.INS.6DM10	1.0
Sniffles2.DEL.2EDM12	1.0
Sniffles2.INS.B2M3	1.0
Sniffles2.DEL.1FFMA	1.0
Sniffles2.DEL.1E9M8	1.0
Sniffles2.INS.FEM4	1.0
Sniffles2.INS.383MA	1.0
Sniffles2.DEL.4A3M1	1.0
Sniffles2.DEL.2D3MB	1.0
Sniffles2.DEL.1D3M2	1.0
Sniffles2.DEL.2C3M13	1.0
Sniffles2.INS.2E5MA	1.0
Sniffles2.DEL.8AM9	1.0
Sniffles2.INS.654M1	1.0
Sniffles2.DEL.328M7	1.0
Sniffles2.INS.362MF	1.0
Sniffles2.DEL.90M2	1.0
Sniffles2.INS.223M2	1.0
Sniffles2.INS.6AM12	1.0
Sniffles2.INS.523M5	1.0
Sniffles2.DEL.346M2	1.0
Sniffles2.DEL.4EM7	1.0
Sniffles2.DEL.2BBM10	1.0
Sniffles2.DEL.43BM3	1.0
Sniffles2.DEL.1FBM16	1.0
Sniffles2.DEL.1B5MA	1.0
Sniffles2.DEL.174M5	1.0
Sniffles2.INS.5DM11	1.0
Sniffles2.DEL.2EAM3	1.0
Sniffles2.INS.13BM4	1.0
Sniffles2.DEL.407MC	1.0
Sniffles2.INS.213M0	1.0
Sniffles2.DEL.176M10	1.0
Sniffles2.DEL.3F3M8	1.0
Sniffles2.DEL.F3M11	1.0
Sniffles2.INS.546M3	1.0
Sniffles2.DEL.207M4	1.0
Sniffles2.INS.13FM0	1.0
Sniffles2.INS.58MA	1.0
Sniffles2.INS.9DMC	1.0
Sniffles2.DEL.5CM7	1.0
Sniffles2.INS.4E8M5	1.0
Sniffles2.DEL.41CM16	1.0
Sniffles2.DEL.204MC	1.0
Sniffles2.DEL.3C3MF	1.0
Sniffles2.INS.2DCM8	1.0
Sniffles2.DEL.D2M3	1.0
Sniffles2.INS.16EM15	1.0
Sniffles2.DEL.6E8M6	1.0
Sniffles2.INS.478M6	1.0
Sniffles2.DEL.446M4	1.0
Sniffles2.DEL.25DM14	1.0
Sniffles2.DEL.790M1	1.0
Sniffles2.DEL.203M7	1.0
Sniffles2.DEL.2B0MF	1.0
Sniffles2.INS.47ME	1.0
Sniffles2.DEL.33FMC	1.0
Sniffles2.INS.60DM6	1.0
Sniffles2.DEL.579M6	1.0
Sniffles2.DEL.60M11	1.0
Sniffles2.DEL.358M16	1.0
Sniffles2.DEL.3E5M5	1.0
Sniffles2.INS.12M6	1.0
Sniffles2.INS.237M4	1.0
Sniffles2.DEL.355M12	1.0
Sniffles2.DEL.10EM7	1.0
Sniffles2.DEL.492M9	1.0
Sniffles2.DEL.4CEMA	1.0
Sniffles2.DEL.780M0	1.0
Sniffles2.DEL.68FM0	1.0
Sniffles2.DEL.2FFMB	1.0
Sniffles2.DEL.3D4M12	1.0
Sniffles2.DEL.557M3	1.0
Sniffles2.DEL.2BFM14	1.0
Sniffles2.DEL.37M3	1.0
Sniffles2.INS.FBM8	1.0
Sniffles2.DEL.799M0	1.0
Sniffles2.INS.1B8M1	1.0
Sniffles2.DEL.44EMB	1.0
Sniffles2.INS.4CFM1	1.0
Sniffles2.INS.EEM14	1.0
Sniffles2.DEL.242M0	1.0
Sniffles2.INS.15CM1	1.0
Sniffles2.INS.1CBM2	1.0
Sniffles2.DEL.144M8	1.0
Sniffles2.INS.220M10	1.0
Sniffles2.DEL.3FCMB	1.0
Sniffles2.INS.119M7	1.0
Sniffles2.INS.31CME	1.0
Sniffles2.DEL.1EDM8	1.0
Sniffles2.INS.52M2	1.0
Sniffles2.INS.332M5	1.0
Sniffles2.INS.375MA	1.0
Sniffles2.INS.1BEM7	1.0
Sniffles2.DEL.297MB	1.0
Sniffles2.INS.3F0MC	1.0
Sniffles2.INS.3D7M10	1.0
Sniffles2.INS.230M2	1.0
Sniffles2.INS.352M12	1.0
Sniffles2.DEL.26FM0	1.0
Sniffles2.DEL.AFM13	1.0
Sniffles2.DEL.3DFM10	1.0
Sniffles2.DEL.4B6MA	1.0
Sniffles2.INS.4B1M8	1.0
Sniffles2.DEL.565M3	1.0
Sniffles2.DEL.34DM13	1.0
Sniffles2.INS.31CM9	1.0
Sniffles2.INS.261M5	1.0
Sniffles2.INS.14FME	1.0
Sniffles2.INS.168M6	1.0
Sniffles2.DEL.62M1	1.0
Sniffles2.DEL.43M3	1.0
Sniffles2.INS.1BM17	1.0
Sniffles2.DEL.14DM12	1.0
Sniffles2.INS.320M7	1.0
Sniffles2.DEL.BDMD	1.0
Sniffles2.DEL.348M4	1.0
Sniffles2.INS.5B5M5	1.0
Sniffles2.DEL.3C9M6	1.0
Sniffles2.INS.D7MF	1.0
Sniffles2.DEL.E7MB	1.0
Sniffles2.INS.4A4M2	1.0
Sniffles2.INS.58M2	1.0
Sniffles2.INS.2AEM10	1.0
Sniffles2.INS.131M1	1.0
Sniffles2.INS.25FM12	1.0
Sniffles2.INS.165M8	1.0
Sniffles2.INS.2C0M6	1.0
Sniffles2.DEL.2BCM8	1.0
Sniffles2.DEL.139M17	1.0
Sniffles2.INS.32M13	1.0
Sniffles2.DEL.306M9	1.0
Sniffles2.INS.1F9M1	1.0
Sniffles2.DEL.2B8M1	1.0
Sniffles2.INS.584M5	1.0
Sniffles2.DEL.16BME	1.0
Sniffles2.DEL.12BM4	1.0
Sniffles2.INS.1C0M9	1.0
Sniffles2.INS.FM2	1.0
Sniffles2.INS.301MC	1.0
Sniffles2.INS.353M13	1.0
Sniffles2.INS.2C3M16	1.0
Sniffles2.INS.4A4M3	1.0
Sniffles2.DEL.3F8M2	1.0
Sniffles2.DEL.42MA	1.0
Sniffles2.DEL.F2MA	1.0
Sniffles2.DEL.335M14	1.0
Sniffles2.INS.2ECM14	1.0
Sniffles2.DEL.36CM16	1.0
Sniffles2.INS.64AM0	1.0
Sniffles2.DEL.3D0M9	1.0
Sniffles2.INS.330M9	1.0
Sniffles2.DEL.3D3M5	1.0
Sniffles2.DEL.58AM9	1.0
Sniffles2.DEL.4A3M4	1.0
Sniffles2.INS.1B4M15	1.0
Sniffles2.DEL.169ME	1.0
Sniffles2.INS.32M9	1.0
Sniffles2.DEL.5F6M5	1.0
Sniffles2.INS.5FCM4	1.0
Sniffles2.DEL.4DCM1	1.0
Sniffles2.DEL.5DBM9	1.0
Sniffles2.INS.536M3	1.0
Sniffles2.DEL.32CM11	1.0
Sniffles2.INS.11FM0	1.0
Sniffles2.DEL.4B4M3	1.0
Sniffles2.DEL.177M10	1.0
Sniffles2.INS.CBME	1.0
Sniffles2.DEL.136M8	1.0
Sniffles2.DEL.18BMF	1.0
Sniffles2.DEL.678M1	1.0
Sniffles2.DEL.223MC	1.0
Sniffles2.DEL.52MB	1.0
Sniffles2.INS.491M5	1.0
Sniffles2.INS.219MA	1.0
Sniffles2.INS.331M12	1.0
Sniffles2.DEL.5F4M1	1.0
Sniffles2.DEL.3D7M5	1.0
Sniffles2.DEL.20EM11	1.0
Sniffles2.INS.3ECM3	1.0
Sniffles2.INS.2CDM14	1.0
Sniffles2.DEL.348M0	1.0
Sniffles2.DEL.252M11	1.0
Sniffles2.INS.34DM16	1.0
Sniffles2.DEL.34CM7	1.0
Sniffles2.DEL.5AMF	1.0
Sniffles2.INS.4C9M1	1.0
Sniffles2.INS.41CMA	1.0
Sniffles2.INS.1ECM0	1.0
Sniffles2.DEL.393M11	1.0
Sniffles2.DEL.6D1M0	1.0
Sniffles2.DEL.404M0	1.0
Sniffles2.INS.357M4	1.0
Sniffles2.INS.49AM1	1.0
Sniffles2.DEL.2DAM7	1.0
Sniffles2.INS.27AM0	1.0
Sniffles2.DEL.3A2M10	1.0
Sniffles2.DEL.337ME	1.0
Sniffles2.INS.8BM0	1.0
Sniffles2.INS.400MA	1.0
Sniffles2.DEL.163M9	1.0
Sniffles2.DEL.57FM1	1.0
Sniffles2.INS.5CAM0	1.0
Sniffles2.INS.220M11	1.0
Sniffles2.DEL.26CM2	1.0
Sniffles2.DEL.164MB	1.0
Sniffles2.INS.466M2	1.0
Sniffles2.INS.7EM2	1.0
Sniffles2.INS.DAM12	1.0
Sniffles2.INS.512M0	1.0
Sniffles2.INS.494M8	1.0
Sniffles2.DEL.B8MB	1.0
Sniffles2.DEL.377M10	1.0
Sniffles2.INS.4C9M5	1.0
Sniffles2.DEL.3A1M7	1.0
Sniffles2.DEL.2E7M6	1.0
Sniffles2.INS.371M6	1.0
Sniffles2.DEL.364M16	1.0
Sniffles2.INS.45EM10	1.0
Sniffles2.INS.1B9M15	1.0
Sniffles2.DEL.A7M9	1.0
Sniffles2.DEL.11AME	1.0
Sniffles2.DEL.238M2	1.0
Sniffles2.DEL.172M5	1.0
Sniffles2.INS.2A8M5	1.0
Sniffles2.INS.356M11	1.0
Sniffles2.DEL.185M0	1.0
Sniffles2.INS.294MA	1.0
Sniffles2.INS.5A1M5	1.0
Sniffles2.DEL.43EM2	1.0
Sniffles2.DEL.8BMD	1.0
Sniffles2.INS.318M16	1.0
Sniffles2.INS.22AM3	1.0
Sniffles2.INS.44EMA	1.0
Sniffles2.INS.2C6M11	1.0
Sniffles2.INS.20CMB	1.0
Sniffles2.DEL.494MA	1.0
Sniffles2.DEL.285M5	1.0
Sniffles2.INS.482M3	1.0
Sniffles2.DEL.405M0	1.0
Sniffles2.DEL.7B9M1	1.0
Sniffles2.DEL.22CM1	1.0
Sniffles2.DEL.49DM4	1.0
Sniffles2.DEL.358M9	1.0
Sniffles2.DEL.2ADMC	1.0
Sniffles2.INS.EBM12	1.0
Sniffles2.DEL.294M8	1.0
Sniffles2.INS.144MF	1.0
Sniffles2.DEL.408M6	1.0
Sniffles2.DEL.EDME	1.0
Sniffles2.DEL.553M4	1.0
Sniffles2.INS.51FM1	1.0
Sniffles2.INS.35AM10	1.0
Sniffles2.INS.3D5M2	1.0
Sniffles2.INS.283M5	1.0
Sniffles2.DEL.361ME	1.0
Sniffles2.INS.5B9M4	1.0
Sniffles2.DEL.38DM5	1.0
Sniffles2.DEL.105M15	1.0
Sniffles2.INS.530M1	1.0
Sniffles2.INS.3A6M13	1.0
Sniffles2.DEL.635M0	1.0
Sniffles2.DEL.62FM3	1.0
Sniffles2.DEL.ECM15	1.0
Sniffles2.INS.12EM5	1.0
Sniffles2.INS.429M1	1.0
Sniffles2.INS.1CBM4	1.0
Sniffles2.INS.190M11	1.0
Sniffles2.INS.421M10	1.0
Sniffles2.INS.39AM12	1.0
Sniffles2.DEL.1B8M5	1.0
Sniffles2.DEL.22DM6	1.0
Sniffles2.DEL.2BCM11	1.0
Sniffles2.INS.33AM14	1.0
Sniffles2.DEL.2D9M13	1.0
Sniffles2.INS.DBM7	1.0
Sniffles2.INS.326M8	1.0
Sniffles2.INS.14M17	1.0
Sniffles2.INS.658M6	1.0
Sniffles2.INS.633M3	1.0
Sniffles2.INS.261M11	1.0
Sniffles2.DEL.A9M1	1.0
Sniffles2.DEL.29BMC	1.0
Sniffles2.DEL.500M6	1.0
Sniffles2.DEL.74AM0	1.0
Sniffles2.INS.139M13	1.0
Sniffles2.DEL.16DM7	1.0
Sniffles2.DEL.42CM9	1.0
Sniffles2.DEL.55M0	1.0
Sniffles2.INS.64BM0	1.0
Sniffles2.INS.119M10	1.0
Sniffles2.INS.1F3ME	1.0
Sniffles2.DEL.405M10	1.0
Sniffles2.DEL.35DMC	1.0
Sniffles2.INS.30DM15	1.0
Sniffles2.INS.3B3M11	1.0
Sniffles2.INS.291M16	1.0
Sniffles2.DEL.30BM0	1.0
Sniffles2.INS.5E5M5	1.0
Sniffles2.DEL.3AEM3	1.0
Sniffles2.DEL.2BFM15	1.0
Sniffles2.INS.1A0M5	1.0
Sniffles2.DEL.3EAM0	1.0
Sniffles2.INS.2B9M1	1.0
Sniffles2.INS.2DFM14	1.0
Sniffles2.DEL.34FM13	1.0
Sniffles2.DEL.75M9	1.0
Sniffles2.DEL.292M14	1.0
Sniffles2.DEL.4B0M7	1.0
Sniffles2.DEL.209M8	1.0
Sniffles2.INS.1C2M5	1.0
Sniffles2.DEL.3D5M6	1.0
Sniffles2.INS.C7MF	1.0
Sniffles2.INS.DDM6	1.0
Sniffles2.DEL.571M3	1.0
Sniffles2.DEL.499M9	1.0
Sniffles2.DEL.178MC	1.0
Sniffles2.DEL.1FM17	1.0
Sniffles2.DEL.2FBM10	1.0
Sniffles2.INS.341MC	1.0
Sniffles2.INS.3E8M13	1.0
Sniffles2.INS.421M8	1.0
Sniffles2.DEL.101M7	1.0
Sniffles2.INS.323M5	1.0
Sniffles2.INS.3B2M11	1.0
Sniffles2.INS.414MB	1.0
Sniffles2.DEL.329M5	1.0
Sniffles2.DEL.5EM3	1.0
Sniffles2.INS.1FBMC	1.0
Sniffles2.DEL.402MF	1.0
Sniffles2.DEL.64AM1	1.0
Sniffles2.INS.194M4	1.0
Sniffles2.DEL.D6M13	1.0
Sniffles2.INS.629M4	1.0
Sniffles2.DEL.415M9	1.0
Sniffles2.INS.2B9M3	1.0
Sniffles2.DEL.444M7	1.0
Sniffles2.INS.63FM0	1.0
Sniffles2.INS.B2M8	1.0
Sniffles2.DEL.1D0M1	1.0
Sniffles2.INS.5EM5	1.0
Sniffles2.DEL.446M16	1.0
Sniffles2.DEL.15M2	1.0
Sniffles2.DEL.3C7M6	1.0
Sniffles2.DEL.164M7	1.0
Sniffles2.INS.402M4	1.0
Sniffles2.DEL.436M0	1.0
Sniffles2.DEL.810M0	1.0
Sniffles2.INS.28M13	1.0
Sniffles2.DEL.1DCM16	1.0
Sniffles2.INS.345M5	1.0
Sniffles2.DEL.C9MB	1.0
Sniffles2.INS.52CM1	1.0
Sniffles2.DEL.19M9	1.0
Sniffles2.DEL.788M1	1.0
Sniffles2.DEL.311M11	1.0
Sniffles2.DEL.67M4	1.0
Sniffles2.DEL.25CM2	1.0
Sniffles2.DEL.4A3M8	1.0
Sniffles2.INS.3FCM4	1.0
Sniffles2.DEL.DAMA	1.0
Sniffles2.DEL.182M14	1.0
Sniffles2.INS.381M13	1.0
Sniffles2.INS.56DM3	1.0
Sniffles2.DEL.4B5M3	1.0
Sniffles2.DEL.62ME	1.0
Sniffles2.DEL.52FM3	1.0
Sniffles2.DEL.555M4	1.0
Sniffles2.INS.783M1	1.0
Sniffles2.DEL.46CM9	1.0
Sniffles2.DEL.354M4	1.0
Sniffles2.INS.2C5M16	1.0
Sniffles2.DEL.2F6M10	1.0
Sniffles2.DEL.319ME	1.0
Sniffles2.INS.C6M15	1.0
Sniffles2.DEL.282M5	1.0
Sniffles2.DEL.49CM3	1.0
Sniffles2.INS.3FEM13	1.0
Sniffles2.INS.2CAM6	1.0
Sniffles2.DEL.B9MC	1.0
Sniffles2.INS.51DM3	1.0
Sniffles2.INS.11CM10	1.0
Sniffles2.INS.234MA	1.0
Sniffles2.INS.C4M7	1.0
Sniffles2.INS.353M12	1.0
Sniffles2.DEL.19EM17	1.0
Sniffles2.INS.51EM3	1.0
Sniffles2.INS.2FFM13	1.0
Sniffles2.DEL.3EBM8	1.0
Sniffles2.INS.80M11	1.0
Sniffles2.DEL.A6MC	1.0
Sniffles2.INS.246M2	1.0
Sniffles2.INS.590M9	1.0
Sniffles2.INS.293M11	1.0
Sniffles2.DEL.1CBMC	1.0
Sniffles2.DEL.2F3M0	1.0
Sniffles2.INS.2FDM14	1.0
Sniffles2.DEL.100M13	1.0
Sniffles2.DEL.1DDM6	1.0
Sniffles2.INS.22BM10	1.0
Sniffles2.DEL.64CM0	1.0
Sniffles2.INS.405M9	1.0
Sniffles2.DEL.5DFM5	1.0
Sniffles2.INS.1BM1	1.0
Sniffles2.DEL.20BM17	1.0
Sniffles2.INS.3FM5	1.0
Sniffles2.INS.38CM11	1.0
Sniffles2.DEL.48CM6	1.0
Sniffles2.INS.46AMA	1.0
Sniffles2.DEL.185M9	1.0
Sniffles2.DEL.2EBM10	1.0
Sniffles2.INS.380MB	1.0
Sniffles2.DEL.43CM7	1.0
Sniffles2.INS.282M7	1.0
Sniffles2.DEL.21BM1	1.0
Sniffles2.INS.66BM4	1.0
Sniffles2.DEL.124M3	1.0
Sniffles2.INS.71M1	1.0
Sniffles2.DEL.49AM5	1.0
Sniffles2.DEL.369MA	1.0
Sniffles2.INS.100ME	1.0
Sniffles2.INS.1D7M5	1.0
Sniffles2.DEL.260M16	1.0
Sniffles2.INS.2C2M11	1.0
Sniffles2.INS.2ADM12	1.0
Sniffles2.INS.38CMA	1.0
Sniffles2.DEL.419M0	1.0
Sniffles2.INS.BCMC	1.0
Sniffles2.DEL.21AM5	1.0
Sniffles2.INS.3F7M6	1.0
Sniffles2.DEL.B1M15	1.0
Sniffles2.INS.11DM7	1.0
Sniffles2.DEL.24AM10	1.0
Sniffles2.INS.396M13	1.0
Sniffles2.DEL.309MB	1.0
Sniffles2.DEL.464M6	1.0
Sniffles2.INS.71M11	1.0
Sniffles2.DEL.60FM4	1.0
Sniffles2.INS.29EM8	1.0
Sniffles2.INS.16CM9	1.0
Sniffles2.INS.5D6M5	1.0
Sniffles2.DEL.307MC	1.0
Sniffles2.INS.FBM2	1.0
Sniffles2.INS.C0M5	1.0
Sniffles2.INS.258M10	1.0
Sniffles2.DEL.C1M9	1.0
Sniffles2.INS.A4M9	1.0
Sniffles2.DEL.3F8M9	1.0
Sniffles2.DEL.375M11	1.0
Sniffles2.INS.17DM7	1.0
Sniffles2.DEL.99M9	1.0
Sniffles2.DEL.1DEM8	1.0
Sniffles2.INS.1C2M12	1.0
Sniffles2.INS.172MD	1.0
Sniffles2.DEL.56M5	1.0
Sniffles2.INS.5BM10	1.0
Sniffles2.INS.B4MC	1.0
Sniffles2.DEL.F9MD	1.0
Sniffles2.INS.90M8	1.0
Sniffles2.INS.2EDMA	1.0
Sniffles2.INS.180M13	1.0
Sniffles2.DEL.432M5	1.0
Sniffles2.DEL.77M14	1.0
Sniffles2.INS.A3M6	1.0
Sniffles2.DEL.111M9	1.0
Sniffles2.DEL.39DMA	1.0
Sniffles2.DEL.91M5	1.0
Sniffles2.INS.288M5	1.0
Sniffles2.DEL.178MF	1.0
Sniffles2.INS.4BEM5	1.0
Sniffles2.DEL.1A8M12	1.0
Sniffles2.INS.74M5	1.0
Sniffles2.DEL.A8M7	1.0
Sniffles2.DEL.2F8M12	1.0
Sniffles2.DEL.6EM8	1.0
Sniffles2.INS.455M8	1.0
Sniffles2.DEL.14FM6	1.0
Sniffles2.DEL.5DCM4	1.0
Sniffles2.DEL.478M0	1.0
Sniffles2.INS.291M2	1.0
Sniffles2.INS.23DM1	1.0
Sniffles2.INS.2F1M13	1.0
Sniffles2.INS.1C1M15	1.0
Sniffles2.DEL.1DDM16	1.0
Sniffles2.DEL.1AM12	1.0
Sniffles2.INS.288M11	1.0
Sniffles2.DEL.59M16	1.0
Sniffles2.INS.1C6M3	1.0
Sniffles2.DEL.19CMA	1.0
Sniffles2.DEL.BAMB	1.0
Sniffles2.DEL.25BM12	1.0
Sniffles2.INS.2A0M5	1.0
Sniffles2.DEL.3C2MC	1.0
Sniffles2.DEL.1D1MB	1.0
Sniffles2.INS.36BM1	1.0
Sniffles2.DEL.4B9M3	1.0
Sniffles2.INS.245M15	1.0
Sniffles2.DEL.26FM2	1.0
Sniffles2.INS.40FM13	1.0
Sniffles2.DEL.470M3	1.0
Sniffles2.INS.221M12	1.0
Sniffles2.DEL.153ME	1.0
Sniffles2.DEL.374MB	1.0
Sniffles2.INS.6E5M1	1.0
Sniffles2.DEL.215M14	1.0
Sniffles2.DEL.56AM6	1.0
Sniffles2.INS.294M14	1.0
Sniffles2.DEL.2B9M4	1.0
Sniffles2.INS.1A8M7	1.0
Sniffles2.INS.228M16	1.0
Sniffles2.DEL.421M7	1.0
Sniffles2.DEL.28FM6	1.0
Sniffles2.DEL.19CM14	1.0
Sniffles2.INS.80MD	1.0
Sniffles2.INS.293M0	1.0
Sniffles2.INS.45M6	1.0
Sniffles2.INS.720M1	1.0
Sniffles2.INS.56DM1	1.0
Sniffles2.INS.52AM8	1.0
Sniffles2.INS.274M10	1.0
Sniffles2.INS.666M3	1.0
Sniffles2.DEL.413MB	1.0
Sniffles2.INS.58M9	1.0
Sniffles2.DEL.387M10	1.0
Sniffles2.DEL.306M16	1.0
Sniffles2.INS.C3M9	1.0
Sniffles2.DEL.532M3	1.0
Sniffles2.INS.15DM11	1.0
Sniffles2.INS.1D2M11	1.0
Sniffles2.INS.69FM1	1.0
Sniffles2.DEL.547M9	1.0
Sniffles2.INS.AEM2	1.0
Sniffles2.INS.1A8M5	1.0
Sniffles2.INS.14EM1	1.0
Sniffles2.DEL.F3MA	1.0
Sniffles2.DEL.CBM3	1.0
Sniffles2.INS.3D4MB	1.0
Sniffles2.INS.4CDM8	1.0
Sniffles2.INS.237M7	1.0
Sniffles2.DEL.121M11	1.0
Sniffles2.DEL.1A5M3	1.0
Sniffles2.INS.28M5	1.0
Sniffles2.INS.2B1M6	1.0
Sniffles2.INS.2EDM3	1.0
Sniffles2.INS.1B8M6	1.0
Sniffles2.DEL.2CAM9	1.0
Sniffles2.INS.374M2	1.0
Sniffles2.INS.2CDM8	1.0
Sniffles2.INS.306MA	1.0
Sniffles2.INS.2A1M1	1.0
Sniffles2.INS.4M2	1.0
Sniffles2.INS.4E0M0	1.0
Sniffles2.DEL.B2ME	1.0
Sniffles2.DEL.28BMA	1.0
Sniffles2.DEL.134M17	1.0
Sniffles2.DEL.1A5M11	1.0
Sniffles2.INS.1C2MC	1.0
Sniffles2.DEL.1BBM15	1.0
Sniffles2.INS.360MC	1.0
Sniffles2.DEL.25FMF	1.0
Sniffles2.INS.93M5	1.0
Sniffles2.INS.387M7	1.0
Sniffles2.DEL.3ACM8	1.0
Sniffles2.DEL.20CM12	1.0
Sniffles2.INS.3D9MC	1.0
Sniffles2.INS.3D6MA	1.0
Sniffles2.INS.282M1	1.0
Sniffles2.DEL.18M13	1.0
Sniffles2.INS.295M10	1.0
Sniffles2.DEL.63M1	1.0
Sniffles2.DEL.272M7	1.0
Sniffles2.DEL.189M3	1.0
Sniffles2.INS.37M6	1.0
Sniffles2.INS.522M9	1.0
Sniffles2.DEL.10AMB	1.0
Sniffles2.DEL.2F0MC	1.0
Sniffles2.DEL.25MA	1.0
Sniffles2.INS.1BFM0	1.0
Sniffles2.INS.222M14	1.0
Sniffles2.INS.36BMA	1.0
Sniffles2.INS.1C0MB	1.0
Sniffles2.DEL.1DDM12	1.0
Sniffles2.INS.105M11	1.0
Sniffles2.INS.450M8	1.0
Sniffles2.INS.182M7	1.0
Sniffles2.INS.3D7MB	1.0
Sniffles2.DEL.2ECM2	1.0
Sniffles2.INS.153M2	1.0
Sniffles2.INS.436M16	1.0
Sniffles2.DEL.223M8	1.0
Sniffles2.INS.24AM14	1.0
Sniffles2.DEL.3EAM6	1.0
Sniffles2.DEL.37FM0	1.0
Sniffles2.DEL.3B6M4	1.0
Sniffles2.DEL.30AMC	1.0
Sniffles2.INS.41CM5	1.0
Sniffles2.DEL.2B1MF	1.0
Sniffles2.DEL.65FM1	1.0
Sniffles2.DEL.2C1M8	1.0
Sniffles2.DEL.106M7	1.0
Sniffles2.INS.F4M3	1.0
Sniffles2.INS.217M1	1.0
Sniffles2.INS.7D9M0	1.0
Sniffles2.INS.1D9M3	1.0
Sniffles2.INS.73MB	1.0
Sniffles2.INS.3D4M7	1.0
Sniffles2.INS.171M9	1.0
Sniffles2.INS.2FAM2	1.0
Sniffles2.DEL.539M6	1.0
Sniffles2.DEL.363M8	1.0
Sniffles2.DEL.512M5	1.0
Sniffles2.INS.C5M7	1.0
Sniffles2.DEL.25AMC	1.0
Sniffles2.INS.3C7M7	1.0
Sniffles2.INS.35DM11	1.0
Sniffles2.DEL.123MC	1.0
Sniffles2.INS.139MD	1.0
Sniffles2.INS.23DM14	1.0
Sniffles2.INS.38EM13	1.0
Sniffles2.INS.45EM7	1.0
Sniffles2.DEL.94M2	1.0
Sniffles2.DEL.24EM14	1.0
Sniffles2.DEL.204M2	1.0
Sniffles2.INS.72AM0	1.0
Sniffles2.DEL.4B4MB	1.0
Sniffles2.INS.6CM0	1.0
Sniffles2.DEL.13AME	1.0
Sniffles2.INS.787M1	1.0
Sniffles2.DEL.147M10	1.0
Sniffles2.DEL.16MF	1.0
Sniffles2.INS.1F5M14	1.0
Sniffles2.INS.29EMC	1.0
Sniffles2.DEL.63M12	1.0
Sniffles2.INS.14BM13	1.0
Sniffles2.DEL.1AAMD	1.0
Sniffles2.INS.2FAM8	1.0
Sniffles2.DEL.4ACM1	1.0
Sniffles2.INS.140MB	1.0
Sniffles2.INS.150M9	1.0
Sniffles2.INS.519M2	1.0
Sniffles2.DEL.4CCM3	1.0
Sniffles2.INS.542M0	1.0
Sniffles2.INS.12CM4	1.0
Sniffles2.INS.242M16	1.0
Sniffles2.DEL.245M7	1.0
Sniffles2.DEL.24EM0	1.0
Sniffles2.INS.8EM5	1.0
Sniffles2.INS.3D7M7	1.0
Sniffles2.INS.22CME	1.0
Sniffles2.INS.3A9M0	1.0
Sniffles2.DEL.54MB	1.0
Sniffles2.INS.1C3MD	1.0
Sniffles2.DEL.19FM3	1.0
Sniffles2.DEL.251M14	1.0
Sniffles2.DEL.1F8M12	1.0
Sniffles2.DEL.224M4	1.0
Sniffles2.DEL.184M1	1.0
Sniffles2.DEL.57CM1	1.0
Sniffles2.INS.1C6M6	1.0
Sniffles2.DEL.5EM17	1.0
Sniffles2.DEL.37MA	1.0
Sniffles2.INS.374M8	1.0
Sniffles2.INS.34EM3	1.0
Sniffles2.DEL.664M6	1.0
Sniffles2.INS.3B4MA	1.0
Sniffles2.DEL.4BFM2	1.0
Sniffles2.DEL.1AFMA	1.0
Sniffles2.DEL.324M3	1.0
Sniffles2.INS.579M3	1.0
Sniffles2.DEL.3DEMA	1.0
Sniffles2.DEL.6FM14	1.0
Sniffles2.DEL.423M3	1.0
Sniffles2.DEL.BEM13	1.0
Sniffles2.INS.193MD	1.0
Sniffles2.DEL.289M11	1.0
Sniffles2.DEL.6ACM6	1.0
Sniffles2.INS.2C6M7	1.0
Sniffles2.DEL.3D2M12	1.0
Sniffles2.INS.216ME	1.0
Sniffles2.INS.27CM15	1.0
Sniffles2.INS.3F1M4	1.0
Sniffles2.DEL.4CDM7	1.0
Sniffles2.DEL.3D2M3	1.0
Sniffles2.DEL.12EM4	1.0
Sniffles2.INS.99M1	1.0
Sniffles2.INS.154MB	1.0
Sniffles2.DEL.223M11	1.0
Sniffles2.INS.1D5M3	1.0
Sniffles2.INS.24DME	1.0
Sniffles2.INS.195M12	1.0
Sniffles2.DEL.FFM10	1.0
Sniffles2.INS.3CEM10	1.0
Sniffles2.DEL.42DM8	1.0
Sniffles2.INS.5DEM3	1.0
Sniffles2.DEL.22DMB	1.0
Sniffles2.DEL.26EM13	1.0
Sniffles2.INS.1C3M0	1.0
Sniffles2.DEL.37CM0	1.0
Sniffles2.INS.12EM1	1.0
Sniffles2.DEL.A2M4	1.0
Sniffles2.DEL.28BM8	1.0
Sniffles2.INS.384M10	1.0
Sniffles2.INS.309MC	1.0
Sniffles2.INS.27AMC	1.0
Sniffles2.DEL.463M6	1.0
Sniffles2.DEL.35AM12	1.0
Sniffles2.INS.111M10	1.0
Sniffles2.INS.3DME	1.0
Sniffles2.DEL.42M6	1.0
Sniffles2.INS.31BMC	1.0
Sniffles2.DEL.5E5M1	1.0
Sniffles2.DEL.128MA	1.0
Sniffles2.DEL.493M5	1.0
Sniffles2.DEL.213MB	1.0
Sniffles2.DEL.9AMD	1.0
Sniffles2.INS.18FM12	1.0
Sniffles2.INS.7A8M0	1.0
Sniffles2.DEL.108MC	1.0
Sniffles2.INS.40M11	1.0
Sniffles2.INS.232M4	1.0
Sniffles2.DEL.412MB	1.0
Sniffles2.DEL.300M11	1.0
Sniffles2.INS.1DDM15	1.0
Sniffles2.INS.4D1M1	1.0
Sniffles2.DEL.1CDM0	1.0
Sniffles2.INS.92M3	1.0
Sniffles2.DEL.1D8M6	1.0
Sniffles2.INS.12DM11	1.0
Sniffles2.DEL.83FM0	1.0
Sniffles2.DEL.1FDM2	1.0
Sniffles2.DEL.184M8	1.0
Sniffles2.INS.386M11	1.0
Sniffles2.INS.3EBMA	1.0
Sniffles2.DEL.43M6	1.0
Sniffles2.INS.2A3M14	1.0
Sniffles2.INS.112M1	1.0
Sniffles2.DEL.26CM14	1.0
Sniffles2.INS.371M11	1.0
Sniffles2.DEL.C6MF	1.0
Sniffles2.INS.398M0	1.0
Sniffles2.DEL.460M3	1.0
Sniffles2.INS.2CEMA	1.0
Sniffles2.INS.470M9	1.0
Sniffles2.DEL.406M5	1.0
Sniffles2.INS.19CM2	1.0
Sniffles2.INS.425M3	1.0
Sniffles2.INS.4A4M8	1.0
Sniffles2.DEL.8EMD	1.0
Sniffles2.INS.339ME	1.0
Sniffles2.DEL.326MC	1.0
Sniffles2.DEL.2FDM13	1.0
Sniffles2.INS.1B7M12	1.0
Sniffles2.DEL.4AAM0	1.0
Sniffles2.DEL.2CEM8	1.0
Sniffles2.INS.1AFM5	1.0
Sniffles2.INS.233M11	1.0
Sniffles2.DEL.5CBM5	1.0
Sniffles2.INS.32CM10	1.0
Sniffles2.DEL.1A5ME	1.0
Sniffles2.DEL.1C1M8	1.0
Sniffles2.DEL.160M4	1.0
Sniffles2.DEL.103M7	1.0
Sniffles2.DEL.279M14	1.0
Sniffles2.DEL.96M5	1.0
Sniffles2.DEL.FBM10	1.0
Sniffles2.INS.2F5M9	1.0
Sniffles2.DEL.16AM11	1.0
Sniffles2.DEL.422M6	1.0
Sniffles2.INS.A2MF	1.0
Sniffles2.INS.1B6M15	1.0
Sniffles2.DEL.35M17	1.0
Sniffles2.DEL.2FEM2	1.0
Sniffles2.DEL.106M5	1.0
Sniffles2.INS.A9MD	1.0
Sniffles2.DEL.1A3M4	1.0
Sniffles2.DEL.2BDM14	1.0
Sniffles2.DEL.327M8	1.0
Sniffles2.INS.2BAMD	1.0
Sniffles2.INS.5AMB	1.0
Sniffles2.INS.341M7	1.0
Sniffles2.INS.3D2MF	1.0
Sniffles2.INS.1BDM11	1.0
Sniffles2.DEL.D0M5	1.0
Sniffles2.DEL.2ACMA	1.0
Sniffles2.DEL.3ECM16	1.0
Sniffles2.INS.6ME	1.0
Sniffles2.INS.137M14	1.0
Sniffles2.INS.2A3M11	1.0
Sniffles2.DEL.263M11	1.0
Sniffles2.INS.761M1	1.0
Sniffles2.DEL.44CM0	1.0
Sniffles2.INS.350M13	1.0
Sniffles2.DEL.3CCM2	1.0
Sniffles2.DEL.538M8	1.0
Sniffles2.DEL.22FMB	1.0
Sniffles2.DEL.24M4	1.0
Sniffles2.INS.1CFM1	1.0
Sniffles2.INS.38CM3	1.0
Sniffles2.DEL.320M9	1.0
Sniffles2.DEL.26DM16	1.0
Sniffles2.INS.220MC	1.0
Sniffles2.DEL.4B7M9	1.0
Sniffles2.DEL.25M9	1.0
Sniffles2.INS.1D4M6	1.0
Sniffles2.INS.D7M2	1.0
Sniffles2.DEL.2D0M7	1.0
Sniffles2.INS.175M3	1.0
Sniffles2.INS.66DM4	1.0
Sniffles2.DEL.139M6	1.0
Sniffles2.DEL.3CBM0	1.0
Sniffles2.DEL.E6M6	1.0
Sniffles2.INS.CDM8	1.0
Sniffles2.DEL.CDM3	1.0
Sniffles2.INS.30BM11	1.0
Sniffles2.INS.172M9	1.0
Sniffles2.INS.145M10	1.0
Sniffles2.INS.1A8ME	1.0
Sniffles2.DEL.28CMF	1.0
Sniffles2.INS.FBMF	1.0
Sniffles2.DEL.1B7M14	1.0
Sniffles2.INS.37M2	1.0
Sniffles2.DEL.1E9ME	1.0
Sniffles2.DEL.26EME	1.0
Sniffles2.INS.199ME	1.0
Sniffles2.DEL.3E7M5	1.0
Sniffles2.INS.2C4M1	1.0
Sniffles2.INS.3CEM16	1.0
Sniffles2.INS.456M9	1.0
Sniffles2.DEL.48M6	1.0
Sniffles2.INS.1D5M13	1.0
Sniffles2.INS.433M8	1.0
Sniffles2.DEL.270M13	1.0
Sniffles2.DEL.551M4	1.0
Sniffles2.INS.5BEM5	1.0
Sniffles2.DEL.1B5M8	1.0
Sniffles2.INS.247M16	1.0
Sniffles2.DEL.287M14	1.0
Sniffles2.DEL.2C8MA	1.0
Sniffles2.INS.5F0M1	1.0
Sniffles2.INS.80M7	1.0
Sniffles2.INS.3B5MA	1.0
Sniffles2.DEL.191M14	1.0
Sniffles2.INS.20CM5	1.0
Sniffles2.INS.19DM6	1.0
Sniffles2.DEL.104M17	1.0
Sniffles2.INS.5BDM5	1.0
Sniffles2.DEL.272MB	1.0
Sniffles2.DEL.154M3	1.0
Sniffles2.DEL.572M5	1.0
Sniffles2.DEL.C7MC	1.0
Sniffles2.INS.788M0	1.0
Sniffles2.DEL.B3M11	1.0
Sniffles2.INS.4A6M5	1.0
Sniffles2.INS.231M7	1.0
Sniffles2.DEL.28FM1	1.0
Sniffles2.DEL.3EDM7	1.0
Sniffles2.DEL.355MC	1.0
Sniffles2.DEL.611M6	1.0
Sniffles2.INS.306M12	1.0
Sniffles2.DEL.42EMA	1.0
Sniffles2.INS.170M2	1.0
Sniffles2.DEL.270M4	1.0
Sniffles2.INS.4EEM5	1.0
Sniffles2.INS.565M1	1.0
Sniffles2.INS.26EM10	1.0
Sniffles2.DEL.4B1M1	1.0
Sniffles2.INS.F7M10	1.0
Sniffles2.INS.213M5	1.0
Sniffles2.DEL.1C2M9	1.0
Sniffles2.INS.ADM2	1.0
Sniffles2.DEL.104M5	1.0
Sniffles2.INS.1C4M9	1.0
Sniffles2.INS.12BM10	1.0
Sniffles2.DEL.31CM5	1.0
Sniffles2.INS.141M9	1.0
Sniffles2.DEL.4F7M2	1.0
Sniffles2.INS.12FM2	1.0
Sniffles2.INS.3D4M13	1.0
Sniffles2.DEL.417M3	1.0
Sniffles2.DEL.328MA	1.0
Sniffles2.DEL.38CM0	1.0
Sniffles2.INS.506M8	1.0
Sniffles2.INS.33FMA	1.0
Sniffles2.DEL.E8M3	1.0
Sniffles2.INS.275ME	1.0
Sniffles2.DEL.273M7	1.0
Sniffles2.DEL.179M0	1.0
Sniffles2.DEL.3E4M3	1.0
Sniffles2.INS.4D6M6	1.0
Sniffles2.DEL.1D9MB	1.0
Sniffles2.DEL.4D0M5	1.0
Sniffles2.INS.21FME	1.0
Sniffles2.DEL.F3M14	1.0
Sniffles2.DEL.23M15	1.0
Sniffles2.INS.447M6	1.0
Sniffles2.INS.1DMF	1.0
Sniffles2.DEL.23AMC	1.0
Sniffles2.DEL.443M3	1.0
Sniffles2.DEL.5A0M1	1.0
Sniffles2.INS.147M13	1.0
Sniffles2.INS.4FEM9	1.0
Sniffles2.DEL.43CM6	1.0
Sniffles2.INS.425M16	1.0
Sniffles2.DEL.482MA	1.0
Sniffles2.DEL.3A1M16	1.0
Sniffles2.INS.4A6MB	1.0
Sniffles2.INS.1AEM6	1.0
Sniffles2.DEL.7EM4	1.0
Sniffles2.INS.2C5M6	1.0
Sniffles2.DEL.329M8	1.0
Sniffles2.DEL.5D0M5	1.0
Sniffles2.DEL.608M9	1.0
Sniffles2.INS.1AM2	1.0
Sniffles2.DEL.3AAM11	1.0
Sniffles2.DEL.588M4	1.0
Sniffles2.INS.2BEM16	1.0
Sniffles2.DEL.325M10	1.0
Sniffles2.DEL.8EM13	1.0
Sniffles2.DEL.703M0	1.0
Sniffles2.DEL.3AAM5	1.0
Sniffles2.DEL.337M9	1.0
Sniffles2.INS.2D6M6	1.0
Sniffles2.DEL.472M0	1.0
Sniffles2.INS.1B0M15	1.0
Sniffles2.DEL.2FM15	1.0
Sniffles2.DEL.296M12	1.0
Sniffles2.DEL.94M8	1.0
Sniffles2.INS.7CAM0	1.0
Sniffles2.DEL.562M3	1.0
Sniffles2.DEL.5CEM4	1.0
Sniffles2.DEL.1EEM12	1.0
Sniffles2.INS.427M5	1.0
Sniffles2.DEL.19BMC	1.0
Sniffles2.DEL.1EBM8	1.0
Sniffles2.DEL.130M9	1.0
Sniffles2.DEL.157MF	1.0
Sniffles2.DEL.A4M11	1.0
Sniffles2.INS.18DMF	1.0
Sniffles2.INS.13BMB	1.0
Sniffles2.INS.29DM2	1.0
Sniffles2.DEL.93M11	1.0
Sniffles2.DEL.152M14	1.0
Sniffles2.INS.278M10	1.0
Sniffles2.DEL.301M3	1.0
Sniffles2.INS.2E6M10	1.0
Sniffles2.DEL.1D0M4	1.0
Sniffles2.INS.E4M11	1.0
Sniffles2.DEL.100M7	1.0
Sniffles2.INS.2AAM14	1.0
Sniffles2.DEL.1FDMD	1.0
Sniffles2.INS.25BM0	1.0
Sniffles2.DEL.BEM4	1.0
Sniffles2.DEL.29BM8	1.0
Sniffles2.INS.1FM8	1.0
Sniffles2.INS.44DM8	1.0
Sniffles2.INS.2DMD	1.0
Sniffles2.INS.3A4M3	1.0
Sniffles2.DEL.497M3	1.0
Sniffles2.DEL.2F1MC	1.0
Sniffles2.INS.317M10	1.0
Sniffles2.DEL.2E1M14	1.0
Sniffles2.INS.67AM0	1.0
Sniffles2.INS.5E6M5	1.0
Sniffles2.DEL.572M1	1.0
Sniffles2.INS.1B1M10	1.0
Sniffles2.DEL.282M17	1.0
Sniffles2.DEL.49M11	1.0
Sniffles2.INS.20M8	1.0
Sniffles2.DEL.134M1	1.0
Sniffles2.DEL.266M15	1.0
Sniffles2.INS.6D6M6	1.0
Sniffles2.INS.60DM1	1.0
Sniffles2.INS.73CM0	1.0
Sniffles2.INS.625M6	1.0
Sniffles2.DEL.79DM0	1.0
Sniffles2.INS.4CM6	1.0
Sniffles2.DEL.5E7M3	1.0
Sniffles2.DEL.4E1MB	1.0
Sniffles2.DEL.5EFM0	1.0
Sniffles2.DEL.3AM1	1.0
Sniffles2.INS.28EM7	1.0
Sniffles2.INS.2EDMF	1.0
Sniffles2.INS.188MD	1.0
Sniffles2.INS.2A0M11	1.0
Sniffles2.INS.21AM13	1.0
Sniffles2.INS.2FCM5	1.0
Sniffles2.DEL.166MB	1.0
Sniffles2.INS.385M0	1.0
Sniffles2.DEL.239M7	1.0
Sniffles2.DEL.2BDM7	1.0
Sniffles2.DEL.5CM11	1.0
Sniffles2.DEL.480M0	1.0
Sniffles2.INS.1C4MC	1.0
Sniffles2.DEL.357MF	1.0
Sniffles2.DEL.4F4M9	1.0
Sniffles2.DEL.133MD	1.0
Sniffles2.DEL.222M5	1.0
Sniffles2.DEL.29BM12	1.0
Sniffles2.INS.324MC	1.0
Sniffles2.DEL.248M6	1.0
Sniffles2.INS.1E7MF	1.0
Sniffles2.INS.1EBMA	1.0
Sniffles2.INS.21AM4	1.0
Sniffles2.INS.1E4MB	1.0
Sniffles2.INS.2D4M10	1.0
Sniffles2.DEL.553M1	1.0
Sniffles2.DEL.2E1M0	1.0
Sniffles2.DEL.26MB	1.0
Sniffles2.INS.37AM9	1.0
Sniffles2.INS.138M9	1.0
Sniffles2.DEL.1F0M7	1.0
Sniffles2.DEL.121MD	1.0
Sniffles2.INS.295MF	1.0
Sniffles2.DEL.72EM0	1.0
Sniffles2.DEL.12EM14	1.0
Sniffles2.DEL.566M9	1.0
Sniffles2.DEL.28DMC	1.0
Sniffles2.INS.144M1	1.0
Sniffles2.INS.56AM1	1.0
Sniffles2.INS.4B5M5	1.0
Sniffles2.INS.306M5	1.0
Sniffles2.DEL.2F8M8	1.0
Sniffles2.DEL.4ADM5	1.0
Sniffles2.INS.6EM11	1.0
Sniffles2.INS.3BDM12	1.0
Sniffles2.INS.638M3	1.0
Sniffles2.DEL.2F7M0	1.0
Sniffles2.DEL.134M7	1.0
Sniffles2.INS.587M5	1.0
Sniffles2.INS.507M5	1.0
Sniffles2.DEL.473M6	1.0
Sniffles2.DEL.2FBM5	1.0
Sniffles2.DEL.4C7M2	1.0
Sniffles2.INS.1E1MC	1.0
Sniffles2.DEL.A3M10	1.0
Sniffles2.DEL.18FMC	1.0
Sniffles2.INS.35BM4	1.0
Sniffles2.DEL.317M16	1.0
Sniffles2.INS.4DEMB	1.0
Sniffles2.INS.1A7M0	1.0
Sniffles2.INS.1F3M7	1.0
Sniffles2.INS.1CM8	1.0
Sniffles2.INS.355M4	1.0
Sniffles2.DEL.1CFM10	1.0
Sniffles2.INS.3A6M1	1.0
Sniffles2.DEL.46EM9	1.0
Sniffles2.INS.12FM4	1.0
Sniffles2.DEL.3CDM0	1.0
Sniffles2.DEL.518M0	1.0
Sniffles2.DEL.395M13	1.0
Sniffles2.INS.1CBM6	1.0
Sniffles2.INS.3FM6	1.0
Sniffles2.INS.F0MC	1.0
Sniffles2.DEL.457M10	1.0
Sniffles2.INS.2E9M0	1.0
Sniffles2.DEL.190M5	1.0
Sniffles2.DEL.E6MA	1.0
Sniffles2.INS.1FFM12	1.0
Sniffles2.INS.689M0	1.0
Sniffles2.INS.F4M4	1.0
Sniffles2.DEL.423M4	1.0
Sniffles2.DEL.499M7	1.0
Sniffles2.INS.16DM0	1.0
Sniffles2.INS.1CDM3	1.0
Sniffles2.INS.305MF	1.0
Sniffles2.DEL.2CFMC	1.0
Sniffles2.INS.2D7M15	1.0
Sniffles2.DEL.2F0M7	1.0
Sniffles2.DEL.12EM2	1.0
Sniffles2.DEL.5DBM4	1.0
Sniffles2.INS.50FM6	1.0
Sniffles2.INS.3ECM7	1.0
Sniffles2.DEL.52EM8	1.0
Sniffles2.INS.C9M5	1.0
Sniffles2.DEL.3BEM0	1.0
Sniffles2.DEL.22BM12	1.0
Sniffles2.DEL.3B8M0	1.0
Sniffles2.DEL.185M1	1.0
Sniffles2.DEL.220M9	1.0
Sniffles2.DEL.3E5M2	1.0
Sniffles2.DEL.BEMC	1.0
Sniffles2.INS.352M3	1.0
Sniffles2.INS.33BM10	1.0
Sniffles2.INS.2E6ME	1.0
Sniffles2.INS.2DEMA	1.0
Sniffles2.DEL.2F0M5	1.0
Sniffles2.INS.45CM6	1.0
Sniffles2.INS.98M6	1.0
Sniffles2.DEL.383M0	1.0
Sniffles2.DEL.F5MA	1.0
Sniffles2.DEL.30EM7	1.0
Sniffles2.INS.4BDMA	1.0
Sniffles2.INS.417M7	1.0
Sniffles2.DEL.1F0M11	1.0
Sniffles2.INS.310M16	1.0
Sniffles2.DEL.BEM9	1.0
Sniffles2.INS.386M12	1.0
Sniffles2.INS.65EM6	1.0
Sniffles2.INS.340M9	1.0
Sniffles2.INS.1D8M7	1.0
Sniffles2.DEL.371MF	1.0
Sniffles2.INS.1E6M10	1.0
Sniffles2.DEL.58FM1	1.0
Sniffles2.INS.100MC	1.0
Sniffles2.INS.CFM3	1.0
Sniffles2.INS.1DFMC	1.0
Sniffles2.DEL.C8MD	1.0
Sniffles2.DEL.26CM10	1.0
Sniffles2.DEL.128MC	1.0
Sniffles2.INS.2DM12	1.0
Sniffles2.DEL.449M6	1.0
Sniffles2.INS.1CAM7	1.0
Sniffles2.INS.389M13	1.0
Sniffles2.DEL.6A4M0	1.0
Sniffles2.INS.6DM0	1.0
Sniffles2.DEL.464MB	1.0
Sniffles2.DEL.4E5M5	1.0
Sniffles2.DEL.92M1	1.0
Sniffles2.INS.E5MD	1.0
Sniffles2.DEL.213M11	1.0
Sniffles2.DEL.6A4M1	1.0
Sniffles2.DEL.3C5M12	1.0
Sniffles2.DEL.5ECM6	1.0
Sniffles2.INS.394M9	1.0
Sniffles2.DEL.174MF	1.0
Sniffles2.INS.2E2M11	1.0
Sniffles2.INS.51M10	1.0
Sniffles2.INS.257M0	1.0
Sniffles2.INS.129M6	1.0
Sniffles2.INS.623M1	1.0
Sniffles2.DEL.32DM2	1.0
Sniffles2.INS.1F3M12	1.0
Sniffles2.INS.279M2	1.0
Sniffles2.INS.17CM2	1.0
Sniffles2.DEL.D1M9	1.0
Sniffles2.INS.3BEM3	1.0
Sniffles2.INS.102M8	1.0
Sniffles2.INS.47AM8	1.0
Sniffles2.DEL.1DAM11	1.0
Sniffles2.INS.2A8M8	1.0
Sniffles2.INS.261M16	1.0
Sniffles2.INS.57BM3	1.0
Sniffles2.INS.1E5M10	1.0
Sniffles2.DEL.CDMD	1.0
Sniffles2.INS.54BM3	1.0
Sniffles2.INS.AEM0	1.0
Sniffles2.INS.284MC	1.0
Sniffles2.INS.415M13	1.0
Sniffles2.DEL.20BM9	1.0
Sniffles2.DEL.42CM7	1.0
Sniffles2.DEL.19M0	1.0
Sniffles2.INS.169MF	1.0
Sniffles2.INS.31CM0	1.0
Sniffles2.INS.111M8	1.0
Sniffles2.DEL.1B9MA	1.0
Sniffles2.DEL.D7M5	1.0
Sniffles2.DEL.5FM3	1.0
Sniffles2.INS.47EM9	1.0
Sniffles2.DEL.11BM17	1.0
Sniffles2.INS.2FMF	1.0
Sniffles2.INS.29CM9	1.0
Sniffles2.DEL.A8M5	1.0
Sniffles2.DEL.139MA	1.0
Sniffles2.INS.317MC	1.0
Sniffles2.DEL.9M2	1.0
Sniffles2.INS.458M13	1.0
Sniffles2.DEL.4EME	1.0
Sniffles2.INS.29M12	1.0
Sniffles2.INS.59DM3	1.0
Sniffles2.DEL.419MA	1.0
Sniffles2.INS.3C4M3	1.0
Sniffles2.DEL.156MF	1.0
Sniffles2.INS.148M13	1.0
Sniffles2.DEL.B1M9	1.0
Sniffles2.DEL.62M14	1.0
Sniffles2.INS.5E3M9	1.0
Sniffles2.DEL.25FM7	1.0
Sniffles2.INS.492M3	1.0
Sniffles2.INS.1F6M4	1.0
Sniffles2.DEL.36AMA	1.0
Sniffles2.INS.24AM8	1.0
Sniffles2.INS.202M2	1.0
Sniffles2.DEL.CM1	1.0
Sniffles2.DEL.1EFM7	1.0
Sniffles2.INS.18EM6	1.0
Sniffles2.DEL.234M7	1.0
Sniffles2.INS.339M10	1.0
Sniffles2.DEL.2D0M8	1.0
Sniffles2.INS.4C1M2	1.0
Sniffles2.DEL.11EM4	1.0
Sniffles2.INS.74M9	1.0
Sniffles2.DEL.2F0M8	1.0
Sniffles2.DEL.647M4	1.0
Sniffles2.DEL.606M4	1.0
Sniffles2.INS.3EEM9	1.0
Sniffles2.DEL.59AM0	1.0
Sniffles2.INS.32CM8	1.0
Sniffles2.INS.242M8	1.0
Sniffles2.DEL.99MA	1.0
Sniffles2.DEL.2A6M14	1.0
Sniffles2.INS.87M1	1.0
Sniffles2.INS.329M9	1.0
Sniffles2.INS.8DM12	1.0
Sniffles2.INS.320MA	1.0
Sniffles2.INS.34CMC	1.0
Sniffles2.DEL.228MC	1.0
Sniffles2.DEL.6M8	1.0
Sniffles2.INS.34AM8	1.0
Sniffles2.INS.40BM0	1.0
Sniffles2.DEL.640M0	1.0
Sniffles2.DEL.28BM6	1.0
Sniffles2.INS.8CM6	1.0
Sniffles2.DEL.31CM2	1.0
Sniffles2.INS.512M8	1.0
Sniffles2.INS.3A2MB	1.0
Sniffles2.INS.C6MA	1.0
Sniffles2.DEL.566M1	1.0
Sniffles2.DEL.8FM5	1.0
Sniffles2.INS.1D4M4	1.0
Sniffles2.INS.1B1MC	1.0
Sniffles2.DEL.463M3	1.0
Sniffles2.DEL.3DFM3	1.0
Sniffles2.DEL.15EM12	1.0
Sniffles2.DEL.2A9ME	1.0
Sniffles2.INS.29FMD	1.0
Sniffles2.INS.76AM0	1.0
Sniffles2.INS.300M3	1.0
Sniffles2.DEL.1E3M13	1.0
Sniffles2.DEL.473M0	1.0
Sniffles2.DEL.560M5	1.0
Sniffles2.DEL.12CM13	1.0
Sniffles2.DEL.1C9M5	1.0
Sniffles2.DEL.FDM13	1.0
Sniffles2.DEL.13FM6	1.0
Sniffles2.INS.398MA	1.0
Sniffles2.DEL.1BFM2	1.0
Sniffles2.DEL.74CM0	1.0
Sniffles2.DEL.191M4	1.0
Sniffles2.INS.2ECM13	1.0
Sniffles2.DEL.37DM9	1.0
Sniffles2.INS.18BMC	1.0
Sniffles2.DEL.17DM14	1.0
Sniffles2.DEL.4C5M9	1.0
Sniffles2.DEL.51M11	1.0
Sniffles2.INS.545M3	1.0
Sniffles2.INS.164M0	1.0
Sniffles2.DEL.320M6	1.0
Sniffles2.DEL.83AM0	1.0
Sniffles2.DEL.5DEM4	1.0
Sniffles2.INS.3F0M0	1.0
Sniffles2.DEL.46DM3	1.0
Sniffles2.DEL.26CM7	1.0
Sniffles2.DEL.5A5M0	1.0
Sniffles2.DEL.563M0	1.0
Sniffles2.INS.1EDM11	1.0
Sniffles2.DEL.2CFM11	1.0
Sniffles2.INS.2BEM5	1.0
Sniffles2.INS.21CM1	1.0
Sniffles2.DEL.28AM1	1.0
Sniffles2.INS.79DM1	1.0
Sniffles2.DEL.2D8M7	1.0
Sniffles2.INS.157MA	1.0
Sniffles2.INS.46AM2	1.0
Sniffles2.DEL.353M7	1.0
Sniffles2.DEL.170ME	1.0
Sniffles2.DEL.474M0	1.0
Sniffles2.INS.1A6M11	1.0
Sniffles2.INS.209M14	1.0
Sniffles2.INS.3CCM5	1.0
Sniffles2.DEL.5E8M1	1.0
Sniffles2.DEL.3ECMA	1.0
Sniffles2.DEL.DAME	1.0
Sniffles2.DEL.3D1M6	1.0
Sniffles2.DEL.25DM5	1.0
Sniffles2.INS.90MD	1.0
Sniffles2.DEL.489M16	1.0
Sniffles2.DEL.231MA	1.0
Sniffles2.INS.A7M4	1.0
Sniffles2.DEL.671M4	1.0
Sniffles2.INS.1F1M11	1.0
Sniffles2.INS.369M9	1.0
Sniffles2.DEL.A6MA	1.0
Sniffles2.DEL.C1M14	1.0
Sniffles2.DEL.34DM9	1.0
Sniffles2.INS.487M5	1.0
Sniffles2.INS.36AM8	1.0
Sniffles2.INS.199M5	1.0
Sniffles2.DEL.218M11	1.0
Sniffles2.INS.237M14	1.0
Sniffles2.INS.622M6	1.0
Sniffles2.DEL.65FM0	1.0
Sniffles2.INS.3A3M8	1.0
Sniffles2.INS.1A6M13	1.0
Sniffles2.DEL.35EM3	1.0
Sniffles2.DEL.33AME	1.0
Sniffles2.DEL.88M4	1.0
Sniffles2.DEL.19DM3	1.0
Sniffles2.DEL.34BM4	1.0
Sniffles2.INS.144M0	1.0
Sniffles2.DEL.104M1	1.0
Sniffles2.INS.316MF	1.0
Sniffles2.INS.286M15	1.0
Sniffles2.INS.1B7M3	1.0
Sniffles2.INS.99M13	1.0
Sniffles2.DEL.DDM3	1.0
Sniffles2.INS.3FAM0	1.0
Sniffles2.DEL.4FFM0	1.0
Sniffles2.INS.58FM3	1.0
Sniffles2.DEL.331M3	1.0
Sniffles2.INS.2DCME	1.0
Sniffles2.INS.500M2	1.0
Sniffles2.DEL.6CDM1	1.0
Sniffles2.DEL.221M4	1.0
Sniffles2.DEL.197M2	1.0
Sniffles2.DEL.43FM10	1.0
Sniffles2.DEL.6BCM1	1.0
Sniffles2.INS.22AM16	1.0
Sniffles2.INS.29BM9	1.0
Sniffles2.INS.1DDME	1.0
Sniffles2.INS.42BM2	1.0
Sniffles2.INS.574M5	1.0
Sniffles2.INS.1B4MF	1.0
Sniffles2.DEL.E1M9	1.0
Sniffles2.INS.357MC	1.0
Sniffles2.INS.25BM10	1.0
Sniffles2.INS.138MD	1.0
Sniffles2.DEL.218ME	1.0
Sniffles2.INS.D9M3	1.0
Sniffles2.DEL.530M4	1.0
Sniffles2.DEL.352M9	1.0
Sniffles2.DEL.5B2M4	1.0
Sniffles2.INS.127MC	1.0
Sniffles2.DEL.1ECM8	1.0
Sniffles2.DEL.2CBMC	1.0
Sniffles2.DEL.30FM3	1.0
Sniffles2.INS.2CAM0	1.0
Sniffles2.INS.355M13	1.0
Sniffles2.DEL.26AM7	1.0
Sniffles2.INS.34CM13	1.0
Sniffles2.INS.507M2	1.0
Sniffles2.INS.148MD	1.0
Sniffles2.DEL.3FCM3	1.0
Sniffles2.DEL.75M7	1.0
Sniffles2.INS.2CBM16	1.0
Sniffles2.DEL.18EM9	1.0
Sniffles2.DEL.2B2MF	1.0
Sniffles2.INS.639M1	1.0
Sniffles2.DEL.39CMF	1.0
Sniffles2.DEL.28FM13	1.0
Sniffles2.DEL.557M4	1.0
Sniffles2.DEL.24DM7	1.0
Sniffles2.INS.7E0M1	1.0
Sniffles2.INS.28EM16	1.0
Sniffles2.DEL.115M1	1.0
Sniffles2.INS.14EM2	1.0
Sniffles2.DEL.1C9MC	1.0
Sniffles2.INS.364MB	1.0
Sniffles2.INS.3A1M12	1.0
Sniffles2.DEL.55DM4	1.0
Sniffles2.DEL.BFM11	1.0
Sniffles2.DEL.756M1	1.0
Sniffles2.INS.173MD	1.0
Sniffles2.INS.8BM13	1.0
Sniffles2.DEL.4AAM6	1.0
Sniffles2.INS.11CM3	1.0
Sniffles2.INS.3C8M4	1.0
Sniffles2.DEL.177ME	1.0
Sniffles2.INS.23CM8	1.0
Sniffles2.DEL.203M11	1.0
Sniffles2.INS.FFM0	1.0
Sniffles2.DEL.42M9	1.0
Sniffles2.INS.2FCM11	1.0
Sniffles2.DEL.23DM2	1.0
Sniffles2.DEL.7CBM0	1.0
Sniffles2.DEL.3C1M13	1.0
Sniffles2.DEL.46EMB	1.0
Sniffles2.DEL.154MD	1.0
Sniffles2.INS.5BDM1	1.0
Sniffles2.DEL.44FM9	1.0
Sniffles2.INS.9AM3	1.0
Sniffles2.DEL.3BEM9	1.0
Sniffles2.DEL.2D8M3	1.0
Sniffles2.DEL.165M6	1.0
Sniffles2.INS.405M4	1.0
Sniffles2.DEL.137M13	1.0
Sniffles2.INS.BM2	1.0
Sniffles2.DEL.1CCMD	1.0
Sniffles2.INS.515M1	1.0
Sniffles2.DEL.2C4M4	1.0
Sniffles2.INS.11FMA	1.0
Sniffles2.DEL.318M3	1.0
Sniffles2.INS.609M3	1.0
Sniffles2.INS.1A9M9	1.0
Sniffles2.INS.3A2M3	1.0
Sniffles2.DEL.5E2M4	1.0
Sniffles2.DEL.26EM7	1.0
Sniffles2.INS.271M8	1.0
Sniffles2.INS.30CM6	1.0
Sniffles2.DEL.3ACM16	1.0
Sniffles2.DEL.CEMD	1.0
Sniffles2.DEL.358MF	1.0
Sniffles2.INS.26CM6	1.0
Sniffles2.INS.3BAMA	1.0
Sniffles2.DEL.20EM6	1.0
Sniffles2.INS.1B3M1	1.0
Sniffles2.INS.39BM12	1.0
Sniffles2.DEL.194M0	1.0
Sniffles2.INS.3A1M4	1.0
Sniffles2.INS.26EM15	1.0
Sniffles2.DEL.29AM8	1.0
Sniffles2.DEL.3C8M7	1.0
Sniffles2.DEL.3DBM1	1.0
Sniffles2.DEL.125M6	1.0
Sniffles2.INS.64EM6	1.0
Sniffles2.DEL.185M5	1.0
Sniffles2.DEL.270M10	1.0
Sniffles2.INS.3B3M13	1.0
Sniffles2.DEL.46FMA	1.0
Sniffles2.DEL.1A5M14	1.0
Sniffles2.DEL.1FCM1	1.0
Sniffles2.INS.15FME	1.0
Sniffles2.INS.1F8M0	1.0
Sniffles2.INS.22M9	1.0
Sniffles2.INS.41BM7	1.0
Sniffles2.INS.151MD	1.0
Sniffles2.INS.1EDM7	1.0
Sniffles2.INS.2EBM6	1.0
Sniffles2.INS.14DM7	1.0
Sniffles2.DEL.130M14	1.0
Sniffles2.DEL.4BEM7	1.0
Sniffles2.DEL.6AM11	1.0
Sniffles2.INS.430M13	1.0
Sniffles2.INS.439M6	1.0
Sniffles2.DEL.61M13	1.0
Sniffles2.INS.23EM8	1.0
Sniffles2.DEL.170M10	1.0
Sniffles2.INS.3D2M6	1.0
Sniffles2.DEL.79M6	1.0
Sniffles2.DEL.185M17	1.0
Sniffles2.DEL.B2M7	1.0
Sniffles2.DEL.280M4	1.0
Sniffles2.DEL.260M9	1.0
Sniffles2.INS.16AMC	1.0
Sniffles2.DEL.2CM4	1.0
Sniffles2.DEL.2B7M7	1.0
Sniffles2.INS.3DDM16	1.0
Sniffles2.DEL.59M7	1.0
Sniffles2.DEL.266M7	1.0
Sniffles2.DEL.98M7	1.0
Sniffles2.INS.3A6M9	1.0
Sniffles2.DEL.78EM1	1.0
Sniffles2.DEL.127M14	1.0
Sniffles2.INS.558M9	1.0
Sniffles2.INS.7AM1	1.0
Sniffles2.INS.145M15	1.0
Sniffles2.INS.C1MF	1.0
Sniffles2.INS.496M9	1.0
Sniffles2.INS.B1MD	1.0
Sniffles2.DEL.13FM2	1.0
Sniffles2.INS.1D8M5	1.0
Sniffles2.INS.2B6M1	1.0
Sniffles2.INS.44DM3	1.0
Sniffles2.DEL.7DM11	1.0
Sniffles2.DEL.258ME	1.0
Sniffles2.DEL.1A1M12	1.0
Sniffles2.INS.BEM10	1.0
Sniffles2.INS.3D6M5	1.0
Sniffles2.DEL.18BMD	1.0
Sniffles2.INS.666M0	1.0
Sniffles2.INS.DFM12	1.0
Sniffles2.DEL.11BM12	1.0
Sniffles2.DEL.317M12	1.0
Sniffles2.DEL.5F7M3	1.0
Sniffles2.INS.3ACM10	1.0
Sniffles2.DEL.41CM2	1.0
Sniffles2.DEL.785M1	1.0
Sniffles2.INS.3AAM10	1.0
Sniffles2.INS.2C6M16	1.0
Sniffles2.INS.309M3	1.0
Sniffles2.INS.87MB	1.0
Sniffles2.DEL.1FM9	1.0
Sniffles2.INV.276MF	1.0
Sniffles2.INS.28FM12	1.0
Sniffles2.DEL.73DM0	1.0
Sniffles2.DEL.3E9MF	1.0
Sniffles2.INS.1E1M6	1.0
Sniffles2.INS.14EM14	1.0
Sniffles2.INS.115M14	1.0
Sniffles2.DEL.14M3	1.0
Sniffles2.INS.E9M4	1.0
Sniffles2.INS.5AM13	1.0
Sniffles2.INS.272M8	1.0
Sniffles2.DEL.1F4MB	1.0
Sniffles2.DEL.DFM14	1.0
Sniffles2.INS.137ME	1.0
Sniffles2.INS.1C1M11	1.0
Sniffles2.INS.17M0	1.0
Sniffles2.INS.B4M1	1.0
Sniffles2.DEL.1E1M8	1.0
Sniffles2.INS.2D3M10	1.0
Sniffles2.DEL.40AM5	1.0
Sniffles2.INS.733M0	1.0
Sniffles2.DEL.361MC	1.0
Sniffles2.DEL.335M2	1.0
Sniffles2.INS.3E1M6	1.0
Sniffles2.INS.4B5M6	1.0
Sniffles2.INS.421M5	1.0
Sniffles2.DEL.181M2	1.0
Sniffles2.DEL.143M9	1.0
Sniffles2.DEL.393MB	1.0
Sniffles2.INS.3C4M0	1.0
Sniffles2.INS.29BM13	1.0
Sniffles2.DEL.5E8M3	1.0
Sniffles2.DEL.4F3MB	1.0
Sniffles2.DEL.2E7ME	1.0
Sniffles2.DEL.399M6	1.0
Sniffles2.INS.163MA	1.0
Sniffles2.DEL.182MC	1.0
Sniffles2.INS.6AAM6	1.0
Sniffles2.DEL.50BM6	1.0
Sniffles2.INS.FAME	1.0
Sniffles2.INS.3EM12	1.0
Sniffles2.INS.91MA	1.0
Sniffles2.DEL.3EAM8	1.0
Sniffles2.DEL.109M0	1.0
Sniffles2.INS.5C5M3	1.0
Sniffles2.INS.708M0	1.0
Sniffles2.DEL.3B7M2	1.0
Sniffles2.DEL.3CCM0	1.0
Sniffles2.DEL.5C6M3	1.0
Sniffles2.INS.404MF	1.0
Sniffles2.DEL.367M9	1.0
Sniffles2.INS.539M1	1.0
Sniffles2.DEL.7DCM0	1.0
Sniffles2.DEL.3A1MB	1.0
Sniffles2.INS.441M5	1.0
Sniffles2.DEL.1FEM3	1.0
Sniffles2.DEL.253M14	1.0
Sniffles2.INS.12EM9	1.0
Sniffles2.INS.DFMC	1.0
Sniffles2.DEL.506M1	1.0
Sniffles2.INS.B6M10	1.0
Sniffles2.INS.1C0MC	1.0
Sniffles2.DEL.F1M11	1.0
Sniffles2.INS.E1M12	1.0
Sniffles2.DEL.14AM9	1.0
Sniffles2.DEL.2CDMB	1.0
Sniffles2.INS.3A6M16	1.0
Sniffles2.DEL.20DMA	1.0
Sniffles2.INS.115M10	1.0
Sniffles2.DEL.28FMA	1.0
Sniffles2.DEL.15DM12	1.0
Sniffles2.DEL.306MF	1.0
Sniffles2.DEL.477M16	1.0
Sniffles2.DEL.166M5	1.0
Sniffles2.INS.639M6	1.0
Sniffles2.DEL.147M1	1.0
Sniffles2.INS.1E6MD	1.0
Sniffles2.DEL.204M9	1.0
Sniffles2.INS.254M15	1.0
Sniffles2.INS.101M5	1.0
Sniffles2.DEL.40AM6	1.0
Sniffles2.DEL.22DM8	1.0
Sniffles2.DEL.11EM12	1.0
Sniffles2.INS.441M3	1.0
Sniffles2.DEL.434M10	1.0
Sniffles2.INS.2F6ME	1.0
Sniffles2.DEL.1BDM17	1.0
Sniffles2.INS.228M1	1.0
Sniffles2.INS.163M0	1.0
Sniffles2.INS.473M3	1.0
Sniffles2.INS.20EMA	1.0
Sniffles2.INS.1F3MB	1.0
Sniffles2.INS.1B1M7	1.0
Sniffles2.INS.215M13	1.0
Sniffles2.INS.3DCMB	1.0
Sniffles2.DEL.2A1M10	1.0
Sniffles2.INS.3F4M10	1.0
Sniffles2.INS.159MB	1.0
Sniffles2.DEL.42AM13	1.0
Sniffles2.INS.3E5MC	1.0
Sniffles2.DEL.12FM14	1.0
Sniffles2.INS.173M12	1.0
Sniffles2.DEL.1DFM8	1.0
Sniffles2.DEL.5A5M5	1.0
Sniffles2.INS.D4MA	1.0
Sniffles2.INS.230MB	1.0
Sniffles2.DEL.4C6M5	1.0
Sniffles2.DEL.26FME	1.0
Sniffles2.DEL.278MB	1.0
Sniffles2.DEL.3M6	1.0
Sniffles2.INS.9EMC	1.0
Sniffles2.INS.1FFM1	1.0
Sniffles2.DEL.853M0	1.0
Sniffles2.DEL.365M8	1.0
Sniffles2.DEL.3D8M3	1.0
Sniffles2.INS.10DM1	1.0
Sniffles2.DEL.1A8M6	1.0
Sniffles2.DEL.271M15	1.0
Sniffles2.DEL.141MB	1.0
Sniffles2.INS.32EM6	1.0
Sniffles2.DEL.3A1M10	1.0
Sniffles2.INS.2D5M14	1.0
Sniffles2.DEL.295ME	1.0
Sniffles2.DEL.2DEM8	1.0
Sniffles2.DEL.163MC	1.0
Sniffles2.DEL.2D4ME	1.0
Sniffles2.INS.277M8	1.0
Sniffles2.INS.405M16	1.0
Sniffles2.INS.376M7	1.0
Sniffles2.INS.115MD	1.0
Sniffles2.DEL.44EM8	1.0
Sniffles2.DEL.D6M6	1.0
Sniffles2.DEL.349M3	1.0
Sniffles2.DEL.149MA	1.0
Sniffles2.INS.188MC	1.0
Sniffles2.INS.AM3	1.0
Sniffles2.DEL.2F0M12	1.0
Sniffles2.INS.211M4	1.0
Sniffles2.INS.10EM5	1.0
Sniffles2.INS.1F3M5	1.0
Sniffles2.DEL.CDM15	1.0
Sniffles2.DEL.110M7	1.0
Sniffles2.DEL.104M14	1.0
Sniffles2.DEL.6ECM1	1.0
Sniffles2.INS.2F5M4	1.0
Sniffles2.DEL.256M1	1.0
Sniffles2.INS.E2M5	1.0
Sniffles2.INS.23EMD	1.0
Sniffles2.DEL.378M7	1.0
Sniffles2.INS.38BM7	1.0
Sniffles2.INS.470M7	1.0
Sniffles2.INS.1BCME	1.0
Sniffles2.DEL.5CBM6	1.0
Sniffles2.DEL.48BM1	1.0
Sniffles2.INS.1E8M10	1.0
Sniffles2.INS.1DBMD	1.0
Sniffles2.INS.331MC	1.0
Sniffles2.INS.65CM0	1.0
Sniffles2.DEL.1EAM11	1.0
Sniffles2.INS.12AM15	1.0
Sniffles2.INS.C8M8	1.0
Sniffles2.DEL.3DDM2	1.0
Sniffles2.DEL.104M11	1.0
Sniffles2.DEL.35BM6	1.0
Sniffles2.INS.15CM15	1.0
Sniffles2.DEL.390M3	1.0
Sniffles2.DEL.27AM9	1.0
Sniffles2.INS.1DCM2	1.0
Sniffles2.DEL.53DM0	1.0
Sniffles2.DEL.1EBM2	1.0
Sniffles2.INS.26EM12	1.0
Sniffles2.INS.23M8	1.0
Sniffles2.INS.23BM13	1.0
Sniffles2.DEL.4BFM6	1.0
Sniffles2.INS.14CM13	1.0
Sniffles2.DEL.268M10	1.0
Sniffles2.INS.1DBM10	1.0
Sniffles2.INS.9AM13	1.0
Sniffles2.DEL.6CMA	1.0
Sniffles2.INS.12FMF	1.0
Sniffles2.DEL.4FAM2	1.0
Sniffles2.INS.52AM9	1.0
Sniffles2.INS.2F2M3	1.0
Sniffles2.INS.1E2MF	1.0
Sniffles2.DEL.438M5	1.0
Sniffles2.DEL.2E3M16	1.0
Sniffles2.INS.29CM0	1.0
Sniffles2.DEL.13FM11	1.0
Sniffles2.INS.351M8	1.0
Sniffles2.INS.247ME	1.0
Sniffles2.DEL.24CMC	1.0
Sniffles2.INS.133M2	1.0
Sniffles2.DEL.1FEMD	1.0
Sniffles2.INS.1EAM0	1.0
Sniffles2.INS.31BM9	1.0
Sniffles2.INS.3D5M8	1.0
Sniffles2.INS.14FM10	1.0
Sniffles2.DEL.4F8M6	1.0
Sniffles2.INS.7BMF	1.0
Sniffles2.DEL.1CEMA	1.0
Sniffles2.INS.333M5	1.0
Sniffles2.DEL.11CMA	1.0
Sniffles2.INS.39M6	1.0
Sniffles2.INS.2EBM7	1.0
Sniffles2.INS.1A6M9	1.0
Sniffles2.DEL.9BMB	1.0
Sniffles2.INS.29CM8	1.0
Sniffles2.INS.34M3	1.0
Sniffles2.DEL.55M2	1.0
Sniffles2.INS.38EM10	1.0
Sniffles2.INS.118M15	1.0
Sniffles2.DEL.3A6MC	1.0
Sniffles2.DEL.1D2M6	1.0
Sniffles2.INS.798M0	1.0
Sniffles2.DEL.110MA	1.0
Sniffles2.DEL.3D5M4	1.0
Sniffles2.INS.307MA	1.0
Sniffles2.DEL.2E9MC	1.0
Sniffles2.INS.139M1	1.0
Sniffles2.DEL.105M9	1.0
Sniffles2.INS.87M12	1.0
Sniffles2.INS.135MC	1.0
Sniffles2.INS.130M6	1.0
Sniffles2.DEL.1C7M9	1.0
Sniffles2.INS.68M8	1.0
Sniffles2.INS.403M8	1.0
Sniffles2.INS.585M6	1.0
Sniffles2.DEL.186M7	1.0
Sniffles2.DEL.B3M0	1.0
Sniffles2.DEL.273M2	1.0
Sniffles2.DEL.15FM3	1.0
Sniffles2.INS.0MB	1.0
Sniffles2.DEL.1DDM2	1.0
Sniffles2.INS.2FFM6	1.0
Sniffles2.INS.3BBMF	1.0
Sniffles2.DEL.31DMB	1.0
Sniffles2.DEL.177M13	1.0
Sniffles2.INS.C5ME	1.0
Sniffles2.DEL.15CM6	1.0
Sniffles2.INS.81M5	1.0
Sniffles2.DEL.1D7M13	1.0
Sniffles2.INS.2F0M16	1.0
Sniffles2.DEL.331M5	1.0
Sniffles2.DEL.63EM4	1.0
Sniffles2.DEL.F2M6	1.0
Sniffles2.INS.25MF	1.0
Sniffles2.INS.21DM15	1.0
Sniffles2.INS.3CBMC	1.0
Sniffles2.DEL.1B0M5	1.0
Sniffles2.DEL.20AM5	1.0
Sniffles2.INS.18FM2	1.0
Sniffles2.INS.46DM7	1.0
Sniffles2.INS.1D0M9	1.0
Sniffles2.DEL.151M11	1.0
Sniffles2.DEL.52M1	1.0
Sniffles2.DEL.2DCM5	1.0
Sniffles2.INS.50M7	1.0
Sniffles2.DEL.41BM3	1.0
Sniffles2.DEL.154M9	1.0
Sniffles2.INS.2FBM8	1.0
Sniffles2.INS.1C6M5	1.0
Sniffles2.DEL.505M9	1.0
Sniffles2.DEL.3D5M7	1.0
Sniffles2.INS.131M8	1.0
Sniffles2.DEL.22DMD	1.0
Sniffles2.DEL.9BM3	1.0
Sniffles2.INS.2FFM3	1.0
Sniffles2.INS.CDM0	1.0
Sniffles2.INS.E4M1	1.0
Sniffles2.INS.204M1	1.0
Sniffles2.DEL.105MD	1.0
Sniffles2.INS.2DDM12	1.0
Sniffles2.DEL.42BM0	1.0
Sniffles2.INS.144M15	1.0
Sniffles2.INS.65BM0	1.0
Sniffles2.DEL.30DMF	1.0
Sniffles2.INS.27AM12	1.0
Sniffles2.DEL.42FM9	1.0
Sniffles2.INS.66BM1	1.0
Sniffles2.DEL.2EEM4	1.0
Sniffles2.INS.143MA	1.0
Sniffles2.INS.4E4M3	1.0
Sniffles2.DEL.631M1	1.0
Sniffles2.DEL.2FFM9	1.0
Sniffles2.INS.44CM6	1.0
Sniffles2.INS.1BCM11	1.0
Sniffles2.INS.158M13	1.0
Sniffles2.DEL.1D9M1	1.0
Sniffles2.INS.222M12	1.0
Sniffles2.INS.265M13	1.0
Sniffles2.DEL.54FM4	1.0
Sniffles2.DEL.77MF	1.0
Sniffles2.DEL.54M1	1.0
Sniffles2.DEL.347M1	1.0
Sniffles2.INS.59M10	1.0
Sniffles2.DEL.21EM8	1.0
Sniffles2.INS.5C9M6	1.0
Sniffles2.INS.206M16	1.0
Sniffles2.INS.1D2M0	1.0
Sniffles2.INS.2F6MA	1.0
Sniffles2.DEL.258M9	1.0
Sniffles2.INS.EM0	1.0
Sniffles2.INS.304M7	1.0
Sniffles2.INS.46BMB	1.0
Sniffles2.INS.392MC	1.0
Sniffles2.INS.3B9M6	1.0
Sniffles2.DEL.2B8M7	1.0
Sniffles2.INS.48FM3	1.0
Sniffles2.DEL.166MA	1.0
Sniffles2.INS.EAM2	1.0
Sniffles2.INS.2D6M14	1.0
Sniffles2.DEL.1DCM8	1.0
Sniffles2.INS.197M9	1.0
Sniffles2.DEL.1DAMA	1.0
Sniffles2.DEL.1D1M14	1.0
Sniffles2.INS.37BMF	1.0
Sniffles2.INS.330M3	1.0
Sniffles2.DEL.376MC	1.0
Sniffles2.INS.3B2M5	1.0
Sniffles2.INS.F0MB	1.0
Sniffles2.DEL.3F6M0	1.0
Sniffles2.INS.27M4	1.0
Sniffles2.INS.48DMA	1.0
Sniffles2.INS.86M2	1.0
Sniffles2.INS.394M10	1.0
Sniffles2.DEL.3FBMB	1.0
Sniffles2.DEL.45EMB	1.0
Sniffles2.INS.433MA	1.0
Sniffles2.DEL.26EM14	1.0
Sniffles2.DEL.202MB	1.0
Sniffles2.INS.22FM2	1.0
Sniffles2.DEL.273MD	1.0
Sniffles2.DEL.55EM9	1.0
Sniffles2.INS.36CMA	1.0
Sniffles2.INS.132M5	1.0
Sniffles2.DEL.395M0	1.0
Sniffles2.DEL.24EMA	1.0
Sniffles2.DEL.3EBM4	1.0
Sniffles2.DEL.4CDM1	1.0
Sniffles2.INS.685M1	1.0
Sniffles2.INS.29AM5	1.0
Sniffles2.DEL.123MD	1.0
Sniffles2.INS.5B3M6	1.0
Sniffles2.DEL.2D8MC	1.0
Sniffles2.DEL.18MC	1.0
Sniffles2.INS.37BM0	1.0
Sniffles2.INS.408M13	1.0
Sniffles2.INS.278MA	1.0
Sniffles2.INS.7EM10	1.0
Sniffles2.DEL.77M5	1.0
Sniffles2.DEL.6D6M1	1.0
Sniffles2.DEL.1FDM3	1.0
Sniffles2.INS.101MA	1.0
Sniffles2.INS.341M5	1.0
Sniffles2.DEL.3CEM3	1.0
Sniffles2.INS.7DM7	1.0
Sniffles2.INS.2B2M3	1.0
Sniffles2.INS.351MC	1.0
Sniffles2.INS.389M12	1.0
Sniffles2.DEL.333MB	1.0
Sniffles2.INS.33M11	1.0
Sniffles2.INS.2FCM10	1.0
Sniffles2.DEL.52DM6	1.0
Sniffles2.INS.1F2M14	1.0
Sniffles2.DEL.333ME	1.0
Sniffles2.DEL.534M0	1.0
Sniffles2.DEL.7F2M1	1.0
Sniffles2.DEL.69MD	1.0
Sniffles2.INS.6AM9	1.0
Sniffles2.INS.2D6M9	1.0
Sniffles2.INS.693M6	1.0
Sniffles2.DEL.EDM13	1.0
Sniffles2.INS.6C5M6	1.0
Sniffles2.DEL.3F3M7	1.0
Sniffles2.INS.219M5	1.0
Sniffles2.INS.193M9	1.0
Sniffles2.INS.20AM2	1.0
Sniffles2.INS.180M2	1.0
Sniffles2.INS.5E8M6	1.0
Sniffles2.DEL.3DMD	1.0
Sniffles2.INS.17BM0	1.0
Sniffles2.INS.16CM3	1.0
Sniffles2.DEL.61ME	1.0
Sniffles2.DEL.45FMB	1.0
Sniffles2.DEL.89M4	1.0
Sniffles2.INS.392MF	1.0
Sniffles2.DEL.1E2MB	1.0
Sniffles2.DEL.473M7	1.0
Sniffles2.INS.4B0M9	1.0
Sniffles2.DEL.22CMB	1.0
Sniffles2.INS.5B9M9	1.0
Sniffles2.INS.471MB	1.0
Sniffles2.DEL.3AAM2	1.0
Sniffles2.INS.5C0M0	1.0
Sniffles2.INS.1A8MD	1.0
Sniffles2.INS.51ME	1.0
Sniffles2.INS.1D7M14	1.0
Sniffles2.INS.421MC	1.0
Sniffles2.DEL.5F8M4	1.0
Sniffles2.DEL.2DAM5	1.0
Sniffles2.DEL.23DM4	1.0
Sniffles2.DEL.3D2M5	1.0
Sniffles2.DEL.57M1	1.0
Sniffles2.DEL.1DEM2	1.0
Sniffles2.DEL.3C2M9	1.0
Sniffles2.DEL.577M1	1.0
Sniffles2.INS.2FDM0	1.0
Sniffles2.DEL.37M12	1.0
Sniffles2.DEL.12CM14	1.0
Sniffles2.INS.4CCM5	1.0
Sniffles2.INS.166M0	1.0
Sniffles2.INS.2DEM13	1.0
Sniffles2.DEL.233M9	1.0
Sniffles2.INS.53BM6	1.0
Sniffles2.DEL.3D7M2	1.0
Sniffles2.DEL.9BM13	1.0
Sniffles2.INS.592M0	1.0
Sniffles2.DEL.412M3	1.0
Sniffles2.DEL.1C7M5	1.0
Sniffles2.DEL.2A8M13	1.0
Sniffles2.DEL.144M17	1.0
Sniffles2.INS.503M6	1.0
Sniffles2.INS.122M12	1.0
Sniffles2.DEL.132M13	1.0
Sniffles2.INS.2CEME	1.0
Sniffles2.DEL.2EEME	1.0
Sniffles2.INS.230M4	1.0
Sniffles2.INS.29BM11	1.0
Sniffles2.DEL.B6M17	1.0
Sniffles2.DEL.2CM15	1.0
Sniffles2.DEL.28M8	1.0
Sniffles2.INS.387MA	1.0
Sniffles2.INS.3A2M12	1.0
Sniffles2.DEL.BEM17	1.0
Sniffles2.INS.349M7	1.0
Sniffles2.DEL.11EMB	1.0
Sniffles2.INS.4FBM5	1.0
Sniffles2.DEL.20FMC	1.0
Sniffles2.DEL.C1M6	1.0
Sniffles2.DEL.267MB	1.0
Sniffles2.INS.4ECM1	1.0
Sniffles2.DEL.13CM3	1.0
Sniffles2.INS.339M11	1.0
Sniffles2.DEL.557M9	1.0
Sniffles2.DEL.202M1	1.0
Sniffles2.DEL.83EM0	1.0
Sniffles2.INS.A0M13	1.0
Sniffles2.INS.2A9M7	1.0
Sniffles2.INS.24M9	1.0
Sniffles2.INS.19EM10	1.0
Sniffles2.INS.1C5M12	1.0
Sniffles2.DEL.362M12	1.0
Sniffles2.INS.B6MF	1.0
Sniffles2.DEL.19EM7	1.0
Sniffles2.DEL.6F5M0	1.0
Sniffles2.DEL.58M4	1.0
Sniffles2.INS.109MA	1.0
Sniffles2.DEL.1A7MD	1.0
Sniffles2.INS.28ME	1.0
Sniffles2.DEL.2C5M0	1.0
Sniffles2.DEL.59DM1	1.0
Sniffles2.INS.9BMD	1.0
Sniffles2.DEL.CAM10	1.0
Sniffles2.DEL.36DM2	1.0
Sniffles2.DEL.280M10	1.0
Sniffles2.DEL.296M8	1.0
Sniffles2.INS.13DM3	1.0
Sniffles2.DEL.1C9M7	1.0
Sniffles2.INS.CEMC	1.0
Sniffles2.INS.7BDM0	1.0
Sniffles2.INS.14EMD	1.0
Sniffles2.INS.3A8M5	1.0
Sniffles2.INS.138M14	1.0
Sniffles2.DEL.657M0	1.0
Sniffles2.DEL.3C9M7	1.0
Sniffles2.DEL.16EM7	1.0
Sniffles2.INS.31BME	1.0
Sniffles2.DEL.175ME	1.0
Sniffles2.INS.17M8	1.0
Sniffles2.DEL.482M0	1.0
Sniffles2.INS.23M2	1.0
Sniffles2.INS.107M2	1.0
Sniffles2.DEL.10CM3	1.0
Sniffles2.DEL.E5M5	1.0
Sniffles2.INS.16DM8	1.0
Sniffles2.DEL.C7M11	1.0
Sniffles2.INS.1D8M2	1.0
Sniffles2.INS.2B8M8	1.0
Sniffles2.DEL.4FCM6	1.0
Sniffles2.DEL.3F1M2	1.0
Sniffles2.DEL.EDM9	1.0
Sniffles2.INS.338ME	1.0
Sniffles2.DEL.23CM14	1.0
Sniffles2.DEL.29M13	1.0
Sniffles2.INS.4EEM1	1.0
Sniffles2.DEL.CAM7	1.0
Sniffles2.DEL.3E3M5	1.0
Sniffles2.INS.86MB	1.0
Sniffles2.INS.16CMD	1.0
Sniffles2.INS.48CM1	1.0
Sniffles2.INS.3C3M16	1.0
Sniffles2.INS.427M1	1.0
Sniffles2.DEL.57EM1	1.0
Sniffles2.INS.18AM3	1.0
Sniffles2.DEL.3ACMF	1.0
Sniffles2.DEL.97M11	1.0
Sniffles2.DEL.1FAM2	1.0
Sniffles2.INS.2C7MB	1.0
Sniffles2.INS.BAM8	1.0
Sniffles2.INS.401M8	1.0
Sniffles2.DEL.1AAM1	1.0
Sniffles2.DEL.1C1M3	1.0
Sniffles2.INS.3F1MA	1.0
Sniffles2.DEL.45AM8	1.0
Sniffles2.INS.23M12	1.0
Sniffles2.DEL.17M17	1.0
Sniffles2.DEL.454M13	1.0
Sniffles2.INS.2F5MF	1.0
Sniffles2.INS.23EM11	1.0
Sniffles2.INS.55M13	1.0
Sniffles2.INS.72MA	1.0
Sniffles2.INS.92M2	1.0
Sniffles2.INS.616M0	1.0
Sniffles2.INS.3D9MF	1.0
Sniffles2.INS.14CM17	1.0
Sniffles2.INS.1EFM3	1.0
Sniffles2.INS.8CM8	1.0
Sniffles2.DEL.613M1	1.0
Sniffles2.INS.9EM11	1.0
Sniffles2.INS.3E9M7	1.0
Sniffles2.DEL.7BM6	1.0
Sniffles2.DEL.2B5M15	1.0
Sniffles2.INS.2E8M10	1.0
Sniffles2.INS.CBM0	1.0
Sniffles2.INS.DDMD	1.0
Sniffles2.DEL.129MD	1.0
Sniffles2.DEL.19FM16	1.0
Sniffles2.INS.38AM2	1.0
Sniffles2.DEL.4C9M4	1.0
Sniffles2.DEL.2D0M14	1.0
Sniffles2.DEL.766M1	1.0
Sniffles2.DEL.46FM16	1.0
Sniffles2.INS.3D1M1	1.0
Sniffles2.DEL.26FM9	1.0
Sniffles2.INS.17FM14	1.0
Sniffles2.INS.48EM9	1.0
Sniffles2.DEL.455M2	1.0
Sniffles2.INS.48BMA	1.0
Sniffles2.INS.118MF	1.0
Sniffles2.DEL.2C8M11	1.0
Sniffles2.INS.79M3	1.0
Sniffles2.INS.235M14	1.0
Sniffles2.INS.3D5MB	1.0
Sniffles2.INS.2B4M16	1.0
Sniffles2.DEL.2DBM14	1.0
Sniffles2.DEL.4FM12	1.0
Sniffles2.DEL.165M11	1.0
Sniffles2.DEL.151M2	1.0
Sniffles2.DEL.54CM3	1.0
Sniffles2.DEL.5BFM3	1.0
Sniffles2.INS.35DM9	1.0
Sniffles2.DEL.575M9	1.0
Sniffles2.INS.63M3	1.0
Sniffles2.INS.17AM1	1.0
Sniffles2.DEL.538M5	1.0
Sniffles2.INS.34AM4	1.0
Sniffles2.INS.368M9	1.0
Sniffles2.INS.3D8M7	1.0
Sniffles2.INS.1C8M10	1.0
Sniffles2.INS.2E5M7	1.0
Sniffles2.INS.4D8M5	1.0
Sniffles2.INS.334M7	1.0
Sniffles2.DEL.26M2	1.0
Sniffles2.DEL.172M6	1.0
Sniffles2.INS.21CMA	1.0
Sniffles2.DEL.D3M1	1.0
Sniffles2.DEL.487M13	1.0
Sniffles2.DEL.1A4M4	1.0
Sniffles2.INS.49AM8	1.0
Sniffles2.DEL.294M9	1.0
Sniffles2.INS.35CM10	1.0
Sniffles2.INS.32EM7	1.0
Sniffles2.DEL.1B4MB	1.0
Sniffles2.INS.420MB	1.0
Sniffles2.INS.34DMC	1.0
Sniffles2.INS.38EM11	1.0
Sniffles2.DEL.1CM3	1.0
Sniffles2.DEL.420M8	1.0
Sniffles2.DEL.1CEM12	1.0
Sniffles2.INS.E5M10	1.0
Sniffles2.DEL.1B1M8	1.0
Sniffles2.INS.4D4M8	1.0
Sniffles2.INS.B9MF	1.0
Sniffles2.DEL.11BME	1.0
Sniffles2.DEL.817M0	1.0
Sniffles2.DEL.141M8	1.0
Sniffles2.INS.5E2M3	1.0
Sniffles2.INS.328M3	1.0
Sniffles2.INS.49BM5	1.0
Sniffles2.DEL.175M8	1.0
Sniffles2.INS.2C1M1	1.0
Sniffles2.INS.171M15	1.0
Sniffles2.INS.97MD	1.0
Sniffles2.INS.671M3	1.0
Sniffles2.INS.2ADM9	1.0
Sniffles2.INS.732M1	1.0
Sniffles2.DEL.18AM1	1.0
Sniffles2.DEL.230M8	1.0
Sniffles2.DEL.1FMB	1.0
Sniffles2.DEL.478M4	1.0
Sniffles2.DEL.B9M5	1.0
Sniffles2.INS.738M1	1.0
Sniffles2.DEL.40BMF	1.0
Sniffles2.DEL.299MA	1.0
Sniffles2.INS.258M16	1.0
Sniffles2.DEL.192M3	1.0
Sniffles2.DEL.18BM10	1.0
Sniffles2.DEL.1B7M13	1.0
Sniffles2.DEL.5CAM3	1.0
Sniffles2.INS.61EM9	1.0
Sniffles2.DEL.269M4	1.0
Sniffles2.DEL.109M4	1.0
Sniffles2.INS.129M5	1.0
Sniffles2.DEL.47M7	1.0
Sniffles2.DEL.A5M8	1.0
Sniffles2.INS.237M11	1.0
Sniffles2.DEL.197MC	1.0
Sniffles2.DEL.182M15	1.0
Sniffles2.INS.778M1	1.0
Sniffles2.INS.15M8	1.0
Sniffles2.DEL.8EM11	1.0
Sniffles2.INS.55FM4	1.0
Sniffles2.INS.400M9	1.0
Sniffles2.INS.524M9	1.0
Sniffles2.INS.3C5M9	1.0
Sniffles2.INS.554M4	1.0
Sniffles2.DEL.1DDM9	1.0
Sniffles2.INS.41EM3	1.0
Sniffles2.DEL.D8MD	1.0
Sniffles2.DEL.289M8	1.0
Sniffles2.INS.58ME	1.0
Sniffles2.DEL.167MC	1.0
Sniffles2.INS.350M7	1.0
Sniffles2.DEL.370MB	1.0
Sniffles2.INS.50MD	1.0
Sniffles2.DEL.221M0	1.0
Sniffles2.DEL.26DM13	1.0
Sniffles2.DEL.379M0	1.0
Sniffles2.DEL.16ME	1.0
Sniffles2.DEL.1ACM8	1.0
Sniffles2.INS.2ACM16	1.0
Sniffles2.DEL.108M0	1.0
Sniffles2.DEL.1C7MB	1.0
Sniffles2.INS.42CM16	1.0
Sniffles2.INS.279M15	1.0
Sniffles2.INS.3A1MF	1.0
Sniffles2.DEL.257M11	1.0
Sniffles2.DEL.2FBM14	1.0
Sniffles2.INS.72M1	1.0
Sniffles2.DEL.BDM10	1.0
Sniffles2.DEL.367MA	1.0
Sniffles2.INS.3D9MA	1.0
Sniffles2.INS.42FM2	1.0
Sniffles2.DEL.DBM8	1.0
Sniffles2.INS.336M2	1.0
Sniffles2.DEL.376M8	1.0
Sniffles2.INS.145MC	1.0
Sniffles2.INS.4BDM9	1.0
Sniffles2.INS.4A2MA	1.0
Sniffles2.INS.361M12	1.0
Sniffles2.DEL.2A7M6	1.0
Sniffles2.INS.302M5	1.0
Sniffles2.DEL.232M12	1.0
Sniffles2.INS.4B2M7	1.0
Sniffles2.DEL.29CMB	1.0
Sniffles2.DEL.3B6M2	1.0
Sniffles2.INS.336M14	1.0
Sniffles2.INS.752M0	1.0
Sniffles2.DEL.BCM14	1.0
Sniffles2.DEL.1DCM5	1.0
Sniffles2.INS.35FM3	1.0
Sniffles2.DEL.325M2	1.0
Sniffles2.INS.1A0M0	1.0
Sniffles2.DEL.25AMD	1.0
Sniffles2.INS.70M17	1.0
Sniffles2.INS.7D0M0	1.0
Sniffles2.DEL.30EM6	1.0
Sniffles2.DEL.52EM6	1.0
Sniffles2.INS.178M7	1.0
Sniffles2.DEL.6MB	1.0
Sniffles2.INS.3AFM12	1.0
Sniffles2.DEL.543M3	1.0
Sniffles2.INS.238M8	1.0
Sniffles2.DEL.96MD	1.0
Sniffles2.INS.59ME	1.0
Sniffles2.INS.203M16	1.0
Sniffles2.DEL.284M1	1.0
Sniffles2.DEL.123M6	1.0
Sniffles2.INS.3DAMF	1.0
Sniffles2.DEL.B6M0	1.0
Sniffles2.INS.12AM4	1.0
Sniffles2.INS.528M5	1.0
Sniffles2.INS.212M13	1.0
Sniffles2.DEL.B7M0	1.0
Sniffles2.DEL.52BM6	1.0
Sniffles2.DEL.315MC	1.0
Sniffles2.DEL.42EM5	1.0
Sniffles2.DEL.1EAM8	1.0
Sniffles2.DEL.DAM11	1.0
Sniffles2.DEL.CFM2	1.0
Sniffles2.DEL.C0M2	1.0
Sniffles2.DEL.387M9	1.0
Sniffles2.DEL.36EM9	1.0
Sniffles2.INS.43EM9	1.0
Sniffles2.INS.758M0	1.0
Sniffles2.DEL.27CMB	1.0
Sniffles2.DEL.3B8M10	1.0
Sniffles2.INS.62BM4	1.0
Sniffles2.INS.BEM15	1.0
Sniffles2.INS.33BMC	1.0
Sniffles2.DEL.46EM7	1.0
Sniffles2.DEL.777M0	1.0
Sniffles2.DEL.97M5	1.0
Sniffles2.INS.3FFM6	1.0
Sniffles2.INS.1CAM1	1.0
Sniffles2.INS.1BDMF	1.0
Sniffles2.INS.5E6M0	1.0
Sniffles2.DEL.78CM0	1.0
Sniffles2.DEL.5E2M5	1.0
Sniffles2.DEL.145ME	1.0
Sniffles2.DEL.38EM5	1.0
Sniffles2.DEL.DFM11	1.0
Sniffles2.INS.F0M2	1.0
Sniffles2.INS.6BM13	1.0
Sniffles2.DEL.74M7	1.0
Sniffles2.DEL.5M3	1.0
Sniffles2.DEL.55FM0	1.0
Sniffles2.INS.533M8	1.0
Sniffles2.DEL.470M2	1.0
Sniffles2.INS.305M6	1.0
Sniffles2.INS.426M0	1.0
Sniffles2.INS.4DDM6	1.0
Sniffles2.DEL.D6M4	1.0
Sniffles2.INS.99M10	1.0
Sniffles2.INS.5C8M4	1.0
Sniffles2.DEL.3CBM12	1.0
Sniffles2.INS.316M1	1.0
Sniffles2.DEL.2CBM6	1.0
Sniffles2.INS.497MA	1.0
Sniffles2.INS.15EM1	1.0
Sniffles2.INS.371MA	1.0
Sniffles2.DEL.47CMB	1.0
Sniffles2.INS.2E0M2	1.0
Sniffles2.DEL.7C6M0	1.0
Sniffles2.INS.2E0MA	1.0
Sniffles2.INS.81MD	1.0
Sniffles2.DEL.303MC	1.0
Sniffles2.INS.49CM8	1.0
Sniffles2.DEL.33M3	1.0
Sniffles2.INS.1DFM12	1.0
Sniffles2.INS.1D9M16	1.0
Sniffles2.INS.2E6M6	1.0
Sniffles2.DEL.3BDM10	1.0
Sniffles2.INS.93MB	1.0
Sniffles2.DEL.549M5	1.0
Sniffles2.DEL.1A4M6	1.0
Sniffles2.INS.540M8	1.0
Sniffles2.INS.35AMA	1.0
Sniffles2.DEL.253M3	1.0
Sniffles2.INS.6EM0	1.0
Sniffles2.DEL.222M6	1.0
Sniffles2.DEL.7B2M0	1.0
Sniffles2.INS.2A5MB	1.0
Sniffles2.INS.3CAMA	1.0
Sniffles2.INS.48BM2	1.0
Sniffles2.DEL.445M6	1.0
Sniffles2.INS.2A8M9	1.0
Sniffles2.INS.1F9MB	1.0
Sniffles2.INS.8DM8	1.0
Sniffles2.DEL.204MB	1.0
Sniffles2.DEL.73M14	1.0
Sniffles2.INS.27EMA	1.0
Sniffles2.INS.2FEME	1.0
Sniffles2.DEL.45EM2	1.0
Sniffles2.DEL.61DM3	1.0
Sniffles2.INS.107M1	1.0
Sniffles2.INS.338M10	1.0
Sniffles2.INS.60CM6	1.0
Sniffles2.DEL.498M1	1.0
Sniffles2.INS.393M1	1.0
Sniffles2.INS.571M1	1.0
Sniffles2.INS.12AMB	1.0
Sniffles2.INS.25DMC	1.0
Sniffles2.INS.120ME	1.0
Sniffles2.INS.B5MF	1.0
Sniffles2.DEL.163MF	1.0
Sniffles2.DEL.408M3	1.0
Sniffles2.DEL.424M2	1.0
Sniffles2.DEL.1E5M8	1.0
Sniffles2.INS.3E7M8	1.0
Sniffles2.INS.366MF	1.0
Sniffles2.INS.6F8M0	1.0
Sniffles2.DEL.56BM6	1.0
Sniffles2.INS.3EDMA	1.0
Sniffles2.INS.384MF	1.0
Sniffles2.DEL.2F3ME	1.0
Sniffles2.INS.1FEM11	1.0
Sniffles2.INS.41AM16	1.0
Sniffles2.DEL.525M3	1.0
Sniffles2.INS.3B9M10	1.0
Sniffles2.INS.5CDM6	1.0
Sniffles2.DEL.184MA	1.0
Sniffles2.INS.2B6M8	1.0
Sniffles2.INS.10DM5	1.0
Sniffles2.DEL.46M9	1.0
Sniffles2.INS.2B1M12	1.0
Sniffles2.DEL.13DM7	1.0
Sniffles2.INS.336M9	1.0
Sniffles2.INS.766M0	1.0
Sniffles2.INS.5D6M1	1.0
Sniffles2.DEL.2DAM10	1.0
Sniffles2.DEL.458M3	1.0
Sniffles2.INS.327M9	1.0
Sniffles2.INS.36M0	1.0
Sniffles2.INS.BBM14	1.0
Sniffles2.DEL.13FM7	1.0
Sniffles2.DEL.4BBM5	1.0
Sniffles2.DEL.556M3	1.0
Sniffles2.DEL.21MA	1.0
Sniffles2.INS.168M3	1.0
Sniffles2.DEL.210M11	1.0
Sniffles2.INS.206MB	1.0
Sniffles2.DEL.2DCM16	1.0
Sniffles2.INS.116M0	1.0
Sniffles2.INS.A5M5	1.0
Sniffles2.DEL.4E2M4	1.0
Sniffles2.INS.8DM6	1.0
Sniffles2.INS.79M4	1.0
Sniffles2.DEL.25AMA	1.0
Sniffles2.DEL.5FAM5	1.0
Sniffles2.INS.162M14	1.0
Sniffles2.DEL.14M6	1.0
Sniffles2.DEL.209M11	1.0
Sniffles2.INS.67MF	1.0
Sniffles2.DEL.4B2M2	1.0
Sniffles2.DEL.197M3	1.0
Sniffles2.DEL.113M15	1.0
Sniffles2.DEL.35AMB	1.0
Sniffles2.DEL.5C1M4	1.0
Sniffles2.INS.112ME	1.0
Sniffles2.INS.28AM10	1.0
Sniffles2.INS.275MA	1.0
Sniffles2.INS.84FM0	1.0
Sniffles2.INS.54M7	1.0
Sniffles2.DEL.291M5	1.0
Sniffles2.DEL.4AEM9	1.0
Sniffles2.DEL.140MF	1.0
Sniffles2.INS.20DM16	1.0
Sniffles2.DEL.307M1	1.0
Sniffles2.DEL.310M12	1.0
Sniffles2.INS.16EM6	1.0
Sniffles2.INS.FBM7	1.0
Sniffles2.INS.1FFM14	1.0
Sniffles2.INS.89M12	1.0
Sniffles2.INS.40FM8	1.0
Sniffles2.DEL.168M5	1.0
Sniffles2.INS.5CAM6	1.0
Sniffles2.INS.2A0M7	1.0
Sniffles2.DEL.3DEM8	1.0
Sniffles2.DEL.670M0	1.0
Sniffles2.DEL.2B7M0	1.0
Sniffles2.INS.281M7	1.0
Sniffles2.INS.29EM11	1.0
Sniffles2.DEL.328M12	1.0
Sniffles2.DEL.3D6M12	1.0
Sniffles2.DEL.268M7	1.0
Sniffles2.DEL.1DCM9	1.0
Sniffles2.INS.1B7MC	1.0
Sniffles2.DEL.3BBM13	1.0
Sniffles2.DEL.3C1M12	1.0
Sniffles2.DEL.59M5	1.0
Sniffles2.INS.21FM12	1.0
Sniffles2.INS.535M4	1.0
Sniffles2.DEL.1EEM2	1.0
Sniffles2.DEL.41FM8	1.0
Sniffles2.DEL.2F8M1	1.0
Sniffles2.DEL.1C0M10	1.0
Sniffles2.DEL.11DMC	1.0
Sniffles2.INS.20DM2	1.0
Sniffles2.DEL.2DFM5	1.0
Sniffles2.DEL.1A6M3	1.0
Sniffles2.DEL.3A6MF	1.0
Sniffles2.DEL.405M1	1.0
Sniffles2.DEL.1ECM11	1.0
Sniffles2.INS.103M1	1.0
Sniffles2.INS.72MF	1.0
Sniffles2.DEL.3D9M7	1.0
Sniffles2.INS.59CM0	1.0
Sniffles2.INS.E8M6	1.0
Sniffles2.INS.2EM8	1.0
Sniffles2.DEL.549M9	1.0
Sniffles2.INS.319M6	1.0
Sniffles2.INS.4B3M7	1.0
Sniffles2.DEL.804M0	1.0
Sniffles2.INS.3FCM7	1.0
Sniffles2.INS.366MA	1.0
Sniffles2.INS.254M4	1.0
Sniffles2.DEL.156M10	1.0
Sniffles2.INS.2B4M11	1.0
Sniffles2.DEL.307MB	1.0
Sniffles2.DEL.10FM3	1.0
Sniffles2.INS.39BMC	1.0
Sniffles2.DEL.3B7M0	1.0
Sniffles2.DEL.50AM9	1.0
Sniffles2.DEL.615M1	1.0
Sniffles2.DEL.296M3	1.0
Sniffles2.DEL.3A8M6	1.0
Sniffles2.DEL.44M2	1.0
Sniffles2.DEL.BM13	1.0
Sniffles2.DEL.1B2MC	1.0
Sniffles2.INS.426M4	1.0
Sniffles2.INS.152M0	1.0
Sniffles2.INS.8EM9	1.0
Sniffles2.DEL.4C3M6	1.0
Sniffles2.DEL.165M17	1.0
Sniffles2.DEL.11CM5	1.0
Sniffles2.INS.353MB	1.0
Sniffles2.INS.202M7	1.0
Sniffles2.DEL.205M8	1.0
Sniffles2.DEL.172MC	1.0
Sniffles2.DEL.3FBM3	1.0
Sniffles2.DEL.489M6	1.0
Sniffles2.DEL.3FM7	1.0
Sniffles2.INS.301M8	1.0
Sniffles2.INS.1F8M14	1.0
Sniffles2.DEL.1F0M2	1.0
Sniffles2.INS.358MC	1.0
Sniffles2.DEL.1CFM0	1.0
Sniffles2.DEL.6A6M1	1.0
Sniffles2.INS.23AM11	1.0
Sniffles2.DEL.1BAM1	1.0
Sniffles2.INS.259M16	1.0
Sniffles2.INS.E3MF	1.0
Sniffles2.DEL.30DM13	1.0
Sniffles2.INS.70FM0	1.0
Sniffles2.INS.258M1	1.0
Sniffles2.DEL.25BMD	1.0
Sniffles2.INS.4FM13	1.0
Sniffles2.INS.5D8M0	1.0
Sniffles2.INS.71M5	1.0
Sniffles2.DEL.19DM15	1.0
Sniffles2.INS.15CMA	1.0
Sniffles2.INS.1ADM12	1.0
Sniffles2.INS.338MA	1.0
Sniffles2.INS.2E7M12	1.0
Sniffles2.INS.22DM9	1.0
Sniffles2.DEL.317M5	1.0
Sniffles2.INS.D2MB	1.0
Sniffles2.INS.3ABM4	1.0
Sniffles2.INS.102MD	1.0
Sniffles2.DEL.26M4	1.0
Sniffles2.DEL.25CM3	1.0
Sniffles2.DEL.C4M1	1.0
Sniffles2.INS.350M2	1.0
Sniffles2.DEL.4ABM0	1.0
Sniffles2.INS.4F2M9	1.0
Sniffles2.DEL.1A0M6	1.0
Sniffles2.DEL.338M2	1.0
Sniffles2.INS.611M4	1.0
Sniffles2.DEL.2C9M4	1.0
Sniffles2.DEL.C6M10	1.0
Sniffles2.DEL.5E6M9	1.0
Sniffles2.INS.3EAMA	1.0
Sniffles2.INS.46BM10	1.0
Sniffles2.DEL.196M0	1.0
Sniffles2.INS.3C5MF	1.0
Sniffles2.INS.2B1M2	1.0
Sniffles2.DEL.32BM11	1.0
Sniffles2.DEL.5C5M0	1.0
Sniffles2.DEL.198M17	1.0
Sniffles2.INS.4BFM5	1.0
Sniffles2.INS.119M4	1.0
Sniffles2.INS.335MF	1.0
Sniffles2.INS.1D7M1	1.0
Sniffles2.INS.4A9MA	1.0
Sniffles2.DEL.2BDM4	1.0
Sniffles2.DEL.450M9	1.0
Sniffles2.DEL.27DM9	1.0
Sniffles2.DEL.350M3	1.0
Sniffles2.INS.2E1MF	1.0
Sniffles2.INS.346MA	1.0
Sniffles2.INS.36FM2	1.0
Sniffles2.DEL.199M4	1.0
Sniffles2.DEL.23EM15	1.0
Sniffles2.INS.4F6M6	1.0
Sniffles2.INS.51M4	1.0
Sniffles2.DEL.97MB	1.0
Sniffles2.DEL.3EFM10	1.0
Sniffles2.INS.470MA	1.0
Sniffles2.INS.392M12	1.0
Sniffles2.INS.368M8	1.0
Sniffles2.INS.3EMD	1.0
Sniffles2.INS.6E3M6	1.0
Sniffles2.INS.3E8M2	1.0
Sniffles2.INS.435M6	1.0
Sniffles2.DEL.454M8	1.0
Sniffles2.INS.114M5	1.0
Sniffles2.INS.54MF	1.0
Sniffles2.DEL.3B2M13	1.0
Sniffles2.INS.35BM13	1.0
Sniffles2.DEL.3AEM0	1.0
Sniffles2.INS.45FM10	1.0
Sniffles2.INS.526M6	1.0
Sniffles2.DEL.480MA	1.0
Sniffles2.DEL.318M2	1.0
Sniffles2.DEL.4D6MA	1.0
Sniffles2.DEL.1DFMB	1.0
Sniffles2.INS.317M7	1.0
Sniffles2.INS.10DM4	1.0
Sniffles2.DEL.4B2M0	1.0
Sniffles2.INS.5CBM0	1.0
Sniffles2.INS.274M1	1.0
Sniffles2.INS.15FM12	1.0
Sniffles2.DEL.333M12	1.0
Sniffles2.DEL.307M5	1.0
Sniffles2.DEL.41FM3	1.0
Sniffles2.INS.127M6	1.0
Sniffles2.DEL.35DM4	1.0
Sniffles2.DEL.2F9MB	1.0
Sniffles2.INS.1E4MD	1.0
Sniffles2.DEL.14BMA	1.0
Sniffles2.INS.FEMD	1.0
Sniffles2.INS.16CME	1.0
Sniffles2.DEL.20CME	1.0
Sniffles2.INS.189MA	1.0
Sniffles2.DEL.444M13	1.0
Sniffles2.DEL.2E8M5	1.0
Sniffles2.INS.64FM0	1.0
Sniffles2.INS.30ME	1.0
Sniffles2.INS.CBMC	1.0
Sniffles2.INS.233M3	1.0
Sniffles2.INS.1D7ME	1.0
Sniffles2.INS.2C3ME	1.0
Sniffles2.INS.D3M13	1.0
Sniffles2.DEL.94M10	1.0
Sniffles2.DEL.16DMF	1.0
Sniffles2.INS.21BM16	1.0
Sniffles2.INS.214M4	1.0
Sniffles2.INS.BCM8	1.0
Sniffles2.DEL.376MA	1.0
Sniffles2.DEL.198M13	1.0
Sniffles2.INS.1E6M14	1.0
Sniffles2.INS.678M6	1.0
Sniffles2.DEL.485M7	1.0
Sniffles2.DEL.481M5	1.0
Sniffles2.DEL.70FM1	1.0
Sniffles2.INS.540M9	1.0
Sniffles2.INS.30DM2	1.0
Sniffles2.INS.195M6	1.0
Sniffles2.DEL.403M5	1.0
Sniffles2.INS.268MC	1.0
Sniffles2.INS.A1M2	1.0
Sniffles2.DEL.5CEM1	1.0
Sniffles2.DEL.57AM3	1.0
Sniffles2.INS.1C0M14	1.0
Sniffles2.DEL.CDM10	1.0
Sniffles2.DEL.383M10	1.0
Sniffles2.INS.4F1M3	1.0
Sniffles2.INS.199M6	1.0
Sniffles2.INS.1B8M0	1.0
Sniffles2.INS.3AFMF	1.0
Sniffles2.DEL.2C8M8	1.0
Sniffles2.INS.241M15	1.0
Sniffles2.INS.17EM0	1.0
Sniffles2.DEL.1B2M13	1.0
Sniffles2.INS.1C2MA	1.0
Sniffles2.INS.1B7M8	1.0
Sniffles2.INS.3F3MC	1.0
Sniffles2.DEL.19CM3	1.0
Sniffles2.DEL.3ABMB	1.0
Sniffles2.INS.380M16	1.0
Sniffles2.DEL.183M9	1.0
Sniffles2.DEL.262M2	1.0
Sniffles2.INS.373M0	1.0
Sniffles2.DEL.7F2M0	1.0
Sniffles2.DEL.AM9	1.0
Sniffles2.INS.19EM14	1.0
Sniffles2.DEL.284M11	1.0
Sniffles2.INS.29ME	1.0
Sniffles2.DEL.24BM9	1.0
Sniffles2.INS.24BM13	1.0
Sniffles2.INS.204M7	1.0
Sniffles2.DEL.246MD	1.0
Sniffles2.INS.27CMD	1.0
Sniffles2.INS.20FM3	1.0
Sniffles2.DEL.6M5	1.0
Sniffles2.INS.380M6	1.0
Sniffles2.INS.15BM4	1.0
Sniffles2.DEL.4EFM5	1.0
Sniffles2.INS.2ABM9	1.0
Sniffles2.DEL.4DCMA	1.0
Sniffles2.INS.850M0	1.0
Sniffles2.INS.70MB	1.0
Sniffles2.INS.5BFM5	1.0
Sniffles2.INS.1BDM6	1.0
Sniffles2.DEL.4A5M6	1.0
Sniffles2.INS.289MC	1.0
Sniffles2.INS.4F6M5	1.0
Sniffles2.INS.540M0	1.0
Sniffles2.INS.452MA	1.0
Sniffles2.INS.154ME	1.0
Sniffles2.DEL.218M12	1.0
Sniffles2.DEL.249M15	1.0
Sniffles2.INS.214M8	1.0
Sniffles2.DEL.2ECM12	1.0
Sniffles2.DEL.57FM4	1.0
Sniffles2.DEL.189M11	1.0
Sniffles2.INS.CEM13	1.0
Sniffles2.DEL.11AMA	1.0
Sniffles2.INS.167M1	1.0
Sniffles2.INS.441M9	1.0
Sniffles2.DEL.112M10	1.0
Sniffles2.INS.3C3M1	1.0
Sniffles2.INS.302M16	1.0
Sniffles2.DEL.118M2	1.0
Sniffles2.INS.124M0	1.0
Sniffles2.INS.460M2	1.0
Sniffles2.INS.C4M12	1.0
Sniffles2.DEL.687M1	1.0
Sniffles2.DEL.715M1	1.0
Sniffles2.DEL.11DM9	1.0
Sniffles2.INS.103ME	1.0
Sniffles2.DEL.143MB	1.0
Sniffles2.INS.38EM2	1.0
Sniffles2.INS.692M1	1.0
Sniffles2.INS.34BM2	1.0
Sniffles2.INS.2DEM12	1.0
Sniffles2.DEL.113M12	1.0
Sniffles2.DEL.256M11	1.0
Sniffles2.DEL.4DAM9	1.0
Sniffles2.DEL.52M6	1.0
Sniffles2.INS.41BM5	1.0
Sniffles2.DEL.1C2M11	1.0
Sniffles2.INS.20BM3	1.0
Sniffles2.DEL.63CM4	1.0
Sniffles2.DEL.65M5	1.0
Sniffles2.INS.A9MC	1.0
Sniffles2.INS.1E7M10	1.0
Sniffles2.INS.59AM3	1.0
Sniffles2.INS.277MA	1.0
Sniffles2.DEL.175M12	1.0
Sniffles2.INS.316M6	1.0
Sniffles2.DEL.F9M6	1.0
Sniffles2.DEL.10DM15	1.0
Sniffles2.DEL.13AM0	1.0
Sniffles2.INS.2F1MB	1.0
Sniffles2.DEL.30BM10	1.0
Sniffles2.INS.15EM0	1.0
Sniffles2.DEL.478M3	1.0
Sniffles2.INS.D3M5	1.0
Sniffles2.INS.121M3	1.0
Sniffles2.INS.222M9	1.0
Sniffles2.DEL.25DMD	1.0
Sniffles2.DEL.228M12	1.0
Sniffles2.INS.1F9M6	1.0
Sniffles2.INS.2AEM9	1.0
Sniffles2.DEL.2CAMF	1.0
Sniffles2.INS.2C9M12	1.0
Sniffles2.INS.119ME	1.0
Sniffles2.DEL.3D9M10	1.0
Sniffles2.INS.661M1	1.0
Sniffles2.INS.599M4	1.0
Sniffles2.DEL.16FM8	1.0
Sniffles2.DEL.228MB	1.0
Sniffles2.DEL.3F9M2	1.0
Sniffles2.INS.4FCM0	1.0
Sniffles2.INS.442M6	1.0
Sniffles2.INS.9AM1	1.0
Sniffles2.INS.3BFM4	1.0
Sniffles2.INS.305MA	1.0
Sniffles2.DEL.91M17	1.0
Sniffles2.INS.39FM6	1.0
Sniffles2.DEL.671M1	1.0
Sniffles2.DEL.47EM6	1.0
Sniffles2.INS.F4MC	1.0
Sniffles2.DEL.98M1	1.0
Sniffles2.INS.64EM4	1.0
Sniffles2.INS.1CCM13	1.0
Sniffles2.INS.342M13	1.0
Sniffles2.DEL.14FM7	1.0
Sniffles2.INS.410MC	1.0
Sniffles2.DEL.CBMB	1.0
Sniffles2.DEL.5FCM5	1.0
Sniffles2.DEL.3D3M12	1.0
Sniffles2.INS.33EM6	1.0
Sniffles2.DEL.285M2	1.0
Sniffles2.DEL.21AM10	1.0
Sniffles2.INS.694M1	1.0
Sniffles2.INS.4C7M5	1.0
Sniffles2.INS.2D3M7	1.0
Sniffles2.DEL.46FMB	1.0
Sniffles2.INS.BDMF	1.0
Sniffles2.INS.315M3	1.0
Sniffles2.DEL.2F5M14	1.0
Sniffles2.INS.354M0	1.0
Sniffles2.DEL.13AM15	1.0
Sniffles2.INS.254MA	1.0
Sniffles2.DEL.70M7	1.0
Sniffles2.INS.3A9M4	1.0
Sniffles2.INS.46CM10	1.0
Sniffles2.INS.175M1	1.0
Sniffles2.DEL.3D3M10	1.0
Sniffles2.INS.E6M2	1.0
Sniffles2.DEL.2EBM5	1.0
Sniffles2.DEL.256M8	1.0
Sniffles2.INS.4F4M3	1.0
Sniffles2.DEL.ABM12	1.0
Sniffles2.INS.2ABMA	1.0
Sniffles2.INS.58DM6	1.0
Sniffles2.DEL.4FDM6	1.0
Sniffles2.INS.5D6M9	1.0
Sniffles2.DEL.61FM1	1.0
Sniffles2.DEL.42FM8	1.0
Sniffles2.INS.25DM10	1.0
Sniffles2.INS.3DEM16	1.0
Sniffles2.INS.253MD	1.0
Sniffles2.DEL.23FM14	1.0
Sniffles2.INS.5F2M1	1.0
Sniffles2.INS.378M4	1.0
Sniffles2.DEL.3C2M1	1.0
Sniffles2.INS.314M3	1.0
Sniffles2.INS.1F2M4	1.0
Sniffles2.DEL.EFMB	1.0
Sniffles2.DEL.649M0	1.0
Sniffles2.DEL.43MD	1.0
Sniffles2.DEL.2E7M7	1.0
Sniffles2.INS.2BAM14	1.0
Sniffles2.DEL.6B6M1	1.0
Sniffles2.DEL.30AMF	1.0
Sniffles2.DEL.410M16	1.0
Sniffles2.DEL.560M2	1.0
Sniffles2.INS.6D1M6	1.0
Sniffles2.DEL.39BM8	1.0
Sniffles2.INS.6BDM6	1.0
Sniffles2.INS.91M7	1.0
Sniffles2.INS.A0M14	1.0
Sniffles2.INS.463M9	1.0
Sniffles2.DEL.32CM12	1.0
Sniffles2.INS.1E9M3	1.0
Sniffles2.DEL.15M9	1.0
Sniffles2.INS.332MC	1.0
Sniffles2.INS.36EM1	1.0
Sniffles2.DEL.56EM1	1.0
Sniffles2.DEL.1CEM7	1.0
Sniffles2.INS.D5MC	1.0
Sniffles2.DEL.179M7	1.0
Sniffles2.DEL.4D4M1	1.0
Sniffles2.DEL.39EM6	1.0
Sniffles2.DEL.94M13	1.0
Sniffles2.DEL.D0M6	1.0
Sniffles2.INS.27AM5	1.0
Sniffles2.DEL.3A1MC	1.0
Sniffles2.DEL.8CM17	1.0
Sniffles2.DEL.30M17	1.0
Sniffles2.INS.22AM1	1.0
Sniffles2.INS.37BM3	1.0
Sniffles2.DEL.7DCM1	1.0
Sniffles2.INS.354MB	1.0
Sniffles2.DEL.3B4M6	1.0
Sniffles2.INS.445M8	1.0
Sniffles2.DEL.27FM15	1.0
Sniffles2.INS.10DM2	1.0
Sniffles2.DEL.2A4MD	1.0
Sniffles2.INS.2CFMF	1.0
Sniffles2.DEL.15EM17	1.0
Sniffles2.INS.EAM14	1.0
Sniffles2.INS.A7MC	1.0
Sniffles2.INS.44BM9	1.0
Sniffles2.INS.1E4MA	1.0
Sniffles2.INS.1E0M6	1.0
Sniffles2.DEL.3D3MA	1.0
Sniffles2.DEL.586M9	1.0
Sniffles2.DEL.232M11	1.0
Sniffles2.INS.2A5M10	1.0
Sniffles2.INS.62AM0	1.0
Sniffles2.DEL.361M8	1.0
Sniffles2.DEL.4A2M9	1.0
Sniffles2.DEL.533M3	1.0
Sniffles2.DEL.1E5M3	1.0
Sniffles2.INS.14BM14	1.0
Sniffles2.INS.391M8	1.0
Sniffles2.INS.28FMB	1.0
Sniffles2.INS.AAM5	1.0
Sniffles2.DEL.257M5	1.0
Sniffles2.INS.296M14	1.0
Sniffles2.INS.11FM2	1.0
Sniffles2.DEL.369M10	1.0
Sniffles2.INS.4F9M6	1.0
Sniffles2.INS.15CM0	1.0
Sniffles2.INS.1BBME	1.0
Sniffles2.INS.112MC	1.0
Sniffles2.DEL.3B0MB	1.0
Sniffles2.INS.38DMB	1.0
Sniffles2.INS.1C7M11	1.0
Sniffles2.INS.D6MD	1.0
Sniffles2.INS.154M0	1.0
Sniffles2.INS.217M12	1.0
Sniffles2.DEL.4D3M9	1.0
Sniffles2.DEL.166M2	1.0
Sniffles2.INS.340MB	1.0
Sniffles2.DEL.507M3	1.0
Sniffles2.DEL.670M1	1.0
Sniffles2.DEL.46EM5	1.0
Sniffles2.DEL.65BM3	1.0
Sniffles2.INS.B2M9	1.0
Sniffles2.INS.288M15	1.0
Sniffles2.INS.411MC	1.0
Sniffles2.DEL.52DM0	1.0
Sniffles2.DEL.53DM5	1.0
Sniffles2.DEL.27AMB	1.0
Sniffles2.DEL.57M7	1.0
Sniffles2.INS.250M4	1.0
Sniffles2.DEL.424M1	1.0
Sniffles2.INS.EBM4	1.0
Sniffles2.INS.88M3	1.0
Sniffles2.INS.2CFM8	1.0
Sniffles2.INS.92M7	1.0
Sniffles2.DEL.2F1M12	1.0
Sniffles2.INS.B0MB	1.0
Sniffles2.INS.35EM8	1.0
Sniffles2.DEL.2AEMF	1.0
Sniffles2.DEL.290M1	1.0
Sniffles2.INS.2B3M6	1.0
Sniffles2.INS.1CFMA	1.0
Sniffles2.INS.1D8MD	1.0
Sniffles2.INS.340M0	1.0
Sniffles2.INS.E7M10	1.0
Sniffles2.DEL.4D2M3	1.0
Sniffles2.INS.252M6	1.0
Sniffles2.INS.4CFM6	1.0
Sniffles2.INS.56DM6	1.0
Sniffles2.DEL.47EM2	1.0
Sniffles2.DEL.35M12	1.0
Sniffles2.DEL.222M7	1.0
Sniffles2.INS.3DEM2	1.0
Sniffles2.DEL.2DEME	1.0
Sniffles2.INS.35CM0	1.0
Sniffles2.INS.7FM13	1.0
Sniffles2.DEL.151M12	1.0
Sniffles2.DEL.1C0M15	1.0
Sniffles2.INS.211M0	1.0
Sniffles2.DEL.177MA	1.0
Sniffles2.INS.13BMF	1.0
Sniffles2.INS.390M6	1.0
Sniffles2.DEL.462M2	1.0
Sniffles2.INS.4A5M7	1.0
Sniffles2.INS.208M15	1.0
Sniffles2.DEL.110MF	1.0
Sniffles2.DEL.310M11	1.0
Sniffles2.DEL.634M0	1.0
Sniffles2.DEL.396M4	1.0
Sniffles2.INS.475M7	1.0
Sniffles2.DEL.2F7MF	1.0
Sniffles2.INS.634M1	1.0
Sniffles2.DEL.4DBMA	1.0
Sniffles2.DEL.63AM3	1.0
Sniffles2.DEL.2A8M11	1.0
Sniffles2.DEL.19CM0	1.0
Sniffles2.INS.23CM0	1.0
Sniffles2.INS.27CME	1.0
Sniffles2.INS.306M0	1.0
Sniffles2.DEL.439M7	1.0
Sniffles2.INS.259M14	1.0
Sniffles2.DEL.3A7MC	1.0
Sniffles2.DEL.598M0	1.0
Sniffles2.DEL.C3M5	1.0
Sniffles2.DEL.20AM4	1.0
Sniffles2.INS.1CDMB	1.0
Sniffles2.INS.146M4	1.0
Sniffles2.DEL.2C1M9	1.0
Sniffles2.INS.148M2	1.0
Sniffles2.INS.129MB	1.0
Sniffles2.DEL.314M9	1.0
Sniffles2.DEL.3ABM2	1.0
Sniffles2.INS.1ECM5	1.0
Sniffles2.INS.4CBM8	1.0
Sniffles2.INS.1F1MA	1.0
Sniffles2.DEL.334MB	1.0
Sniffles2.DEL.77M1	1.0
Sniffles2.INS.27DM0	1.0
Sniffles2.INS.E1M1	1.0
Sniffles2.INS.2ECM5	1.0
Sniffles2.DEL.70M8	1.0
Sniffles2.INS.25CM14	1.0
Sniffles2.DEL.41MF	1.0
Sniffles2.INS.34DMA	1.0
Sniffles2.INS.386MB	1.0
Sniffles2.DEL.7DM6	1.0
Sniffles2.INS.1EMF	1.0
Sniffles2.INS.546M5	1.0
Sniffles2.INS.397M2	1.0
Sniffles2.INS.2A2M9	1.0
Sniffles2.DEL.1EMD	1.0
Sniffles2.INS.258MC	1.0
Sniffles2.INS.C8MA	1.0
Sniffles2.DEL.2E4M13	1.0
Sniffles2.DEL.25BMB	1.0
Sniffles2.INS.34BMC	1.0
Sniffles2.DEL.9DM7	1.0
Sniffles2.INS.9AM10	1.0
Sniffles2.INS.2CEM1	1.0
Sniffles2.DEL.282M9	1.0
Sniffles2.INS.214M5	1.0
Sniffles2.INS.65M3	1.0
Sniffles2.DEL.1BCM8	1.0
Sniffles2.DEL.23MB	1.0
Sniffles2.INS.24BM1	1.0
Sniffles2.INS.36EM0	1.0
Sniffles2.INS.270MB	1.0
Sniffles2.INS.10BMD	1.0
Sniffles2.DEL.EBM2	1.0
Sniffles2.INS.32EM1	1.0
Sniffles2.INS.210M4	1.0
Sniffles2.DEL.14AM4	1.0
Sniffles2.INS.35CM12	1.0
Sniffles2.DEL.BEM3	1.0
Sniffles2.DEL.616M1	1.0
Sniffles2.DEL.7BMD	1.0
Sniffles2.DEL.356M13	1.0
Sniffles2.INS.69DM0	1.0
Sniffles2.INS.32M8	1.0
Sniffles2.DEL.43M12	1.0
Sniffles2.INS.184M0	1.0
Sniffles2.DEL.687M0	1.0
Sniffles2.INS.1ACM9	1.0
Sniffles2.DEL.47FM2	1.0
Sniffles2.DEL.3CDM8	1.0
Sniffles2.INS.1CEM9	1.0
Sniffles2.INS.34CMA	1.0
Sniffles2.DEL.1DCMA	1.0
Sniffles2.INS.31BM11	1.0
Sniffles2.DEL.63M9	1.0
Sniffles2.DEL.303MA	1.0
Sniffles2.INS.20AMD	1.0
Sniffles2.DEL.18FM14	1.0
Sniffles2.DEL.47AM5	1.0
Sniffles2.DEL.211M17	1.0
Sniffles2.DEL.4F0MA	1.0
Sniffles2.DEL.6D2M0	1.0
Sniffles2.INS.28EMF	1.0
Sniffles2.DEL.2D7M12	1.0
Sniffles2.INS.21M8	1.0
Sniffles2.INS.433M9	1.0
Sniffles2.INS.44BM8	1.0
Sniffles2.INS.13BM9	1.0
Sniffles2.DEL.497M1	1.0
Sniffles2.INS.1F2M7	1.0
Sniffles2.DEL.315MA	1.0
Sniffles2.INS.3BCM2	1.0
Sniffles2.INS.12CM0	1.0
Sniffles2.INS.43MB	1.0
Sniffles2.DEL.423M10	1.0
Sniffles2.INS.579M9	1.0
Sniffles2.DEL.271M9	1.0
Sniffles2.INS.33FM4	1.0
Sniffles2.INS.238M4	1.0
Sniffles2.DEL.772M1	1.0
Sniffles2.DEL.446M7	1.0
Sniffles2.INS.267MC	1.0
Sniffles2.INS.E5M8	1.0
Sniffles2.DEL.2F4M11	1.0
Sniffles2.INS.229ME	1.0
Sniffles2.DEL.816M0	1.0
Sniffles2.INS.2CCM1	1.0
Sniffles2.INS.175M5	1.0
Sniffles2.DEL.5A9M6	1.0
Sniffles2.INS.26AM8	1.0
Sniffles2.DEL.187M2	1.0
Sniffles2.INS.38FM11	1.0
Sniffles2.INS.5A4M6	1.0
Sniffles2.DEL.1FCM11	1.0
Sniffles2.INS.2FAM15	1.0
Sniffles2.DEL.5FEM9	1.0
Sniffles2.INS.490MA	1.0
Sniffles2.INS.39DM5	1.0
Sniffles2.INS.12CM3	1.0
Sniffles2.INS.21FM5	1.0
Sniffles2.INS.54EM3	1.0
Sniffles2.DEL.28FM7	1.0
Sniffles2.DEL.261MC	1.0
Sniffles2.INS.1C8ME	1.0
Sniffles2.INS.411M9	1.0
Sniffles2.DEL.47AM6	1.0
Sniffles2.INS.204M3	1.0
Sniffles2.INS.1A6ME	1.0
Sniffles2.INS.5F9M6	1.0
Sniffles2.DEL.19BM13	1.0
Sniffles2.DEL.272MD	1.0
Sniffles2.DEL.20BM1	1.0
Sniffles2.DEL.35BM0	1.0
Sniffles2.INS.BBM4	1.0
Sniffles2.INS.78BM0	1.0
Sniffles2.INS.218M8	1.0
Sniffles2.INS.284M10	1.0
Sniffles2.INS.12BMD	1.0
Sniffles2.DEL.655M4	1.0
Sniffles2.INS.E3M3	1.0
Sniffles2.INS.5DME	1.0
Sniffles2.DEL.1CDMD	1.0
Sniffles2.DEL.2AMD	1.0
Sniffles2.DEL.35DM12	1.0
Sniffles2.INS.318M10	1.0
Sniffles2.INS.BCM6	1.0
Sniffles2.DEL.1A0M9	1.0
Sniffles2.DEL.5C2M6	1.0
Sniffles2.INS.BDM8	1.0
Sniffles2.DEL.289M12	1.0
Sniffles2.INS.36EM5	1.0
Sniffles2.INS.7DM10	1.0
Sniffles2.INS.4F4M6	1.0
Sniffles2.INS.2A6M5	1.0
Sniffles2.DEL.41EM2	1.0
Sniffles2.INS.EBM6	1.0
Sniffles2.DEL.1E4M11	1.0
Sniffles2.INS.35AMC	1.0
Sniffles2.INS.345M10	1.0
Sniffles2.DEL.7DEM0	1.0
Sniffles2.INS.42DM4	1.0
Sniffles2.DEL.1EEM17	1.0
Sniffles2.INS.228ME	1.0
Sniffles2.INS.49M16	1.0
Sniffles2.INS.5E7M6	1.0
Sniffles2.DEL.32BM5	1.0
Sniffles2.DEL.2BEM13	1.0
Sniffles2.INS.359M3	1.0
Sniffles2.DEL.277MC	1.0
Sniffles2.INS.3A4MA	1.0
Sniffles2.DEL.3A9M11	1.0
Sniffles2.DEL.116M5	1.0
Sniffles2.DEL.43BM5	1.0
Sniffles2.INS.21CM6	1.0
Sniffles2.DEL.373M3	1.0
Sniffles2.INS.2E8M8	1.0
Sniffles2.INS.3A9M7	1.0
Sniffles2.INS.33CMA	1.0
Sniffles2.DEL.468MB	1.0
Sniffles2.INS.138M5	1.0
Sniffles2.DEL.19EM8	1.0
Sniffles2.DEL.25DM7	1.0
Sniffles2.INS.4F6M3	1.0
Sniffles2.DEL.335M11	1.0
Sniffles2.INS.1E5M6	1.0
Sniffles2.DEL.4D0M3	1.0
Sniffles2.DEL.567M0	1.0
Sniffles2.INS.40M0	1.0
Sniffles2.DEL.1C3M6	1.0
Sniffles2.INS.1F8M1	1.0
Sniffles2.INS.41CM1	1.0
Sniffles2.INS.280M2	1.0
Sniffles2.DEL.29DMA	1.0
Sniffles2.DEL.3C0M7	1.0
Sniffles2.INS.4F5M2	1.0
Sniffles2.INS.370M9	1.0
Sniffles2.INS.126ME	1.0
Sniffles2.DEL.6D8M0	1.0
Sniffles2.INS.218M15	1.0
Sniffles2.INS.4E8MA	1.0
Sniffles2.INS.45DM10	1.0
Sniffles2.INS.A4MF	1.0
Sniffles2.DEL.192M12	1.0
Sniffles2.DEL.4F1M6	1.0
Sniffles2.INS.2D9MC	1.0
Sniffles2.DEL.117MB	1.0
Sniffles2.DEL.398M8	1.0
Sniffles2.DEL.16DM4	1.0
Sniffles2.INS.311M8	1.0
Sniffles2.DEL.42M5	1.0
Sniffles2.INS.4F3M1	1.0
Sniffles2.INS.6DM3	1.0
Sniffles2.DEL.3M3	1.0
Sniffles2.INS.1D4M7	1.0
Sniffles2.INS.9CMD	1.0
Sniffles2.INS.9DM4	1.0
Sniffles2.DEL.246M8	1.0
Sniffles2.DEL.649M3	1.0
Sniffles2.DEL.3BAM10	1.0
Sniffles2.INS.5FCM3	1.0
Sniffles2.DEL.BAMA	1.0
Sniffles2.INS.104MB	1.0
Sniffles2.DEL.319M0	1.0
Sniffles2.DEL.19M11	1.0
Sniffles2.INS.407M3	1.0
Sniffles2.INS.ABM3	1.0
Sniffles2.DEL.417M6	1.0
Sniffles2.INS.F7M15	1.0
Sniffles2.INS.381M8	1.0
Sniffles2.INS.D1M14	1.0
Sniffles2.INS.671M6	1.0
Sniffles2.INS.33CM11	1.0
Sniffles2.INS.3E6M2	1.0
Sniffles2.INS.307M13	1.0
Sniffles2.DEL.411M16	1.0
Sniffles2.DEL.19EM12	1.0
Sniffles2.DEL.2A6MF	1.0
Sniffles2.DEL.3DFM1	1.0
Sniffles2.DEL.2DCM6	1.0
Sniffles2.INS.536M8	1.0
Sniffles2.INS.33CM0	1.0
Sniffles2.INS.86M1	1.0
Sniffles2.INS.20EMB	1.0
Sniffles2.INS.49DM9	1.0
Sniffles2.INS.26AMD	1.0
Sniffles2.DEL.393M12	1.0
Sniffles2.DEL.2BFM2	1.0
Sniffles2.INS.6CMD	1.0
Sniffles2.DEL.373M12	1.0
Sniffles2.INS.153M3	1.0
Sniffles2.DEL.3E2M9	1.0
Sniffles2.INS.24M13	1.0
Sniffles2.INS.2FAMB	1.0
Sniffles2.INS.1A7M14	1.0
Sniffles2.INS.337M10	1.0
Sniffles2.DEL.1AEM8	1.0
Sniffles2.INS.361M6	1.0
Sniffles2.INS.14CM15	1.0
Sniffles2.DEL.200ME	1.0
Sniffles2.DEL.576M4	1.0
Sniffles2.INS.B7MD	1.0
Sniffles2.DEL.225M5	1.0
Sniffles2.INS.550M0	1.0
Sniffles2.DEL.5C7M6	1.0
Sniffles2.INS.3CEM9	1.0
Sniffles2.DEL.88M13	1.0
Sniffles2.DEL.2E5M14	1.0
Sniffles2.DEL.152MA	1.0
Sniffles2.DEL.153M6	1.0
Sniffles2.DEL.246M9	1.0
Sniffles2.INS.FDMB	1.0
Sniffles2.INS.3A0M1	1.0
Sniffles2.INS.262M5	1.0
Sniffles2.INS.39M13	1.0
Sniffles2.INS.685M3	1.0
Sniffles2.INS.3EFM0	1.0
Sniffles2.INS.14EM10	1.0
Sniffles2.INS.26AM12	1.0
Sniffles2.DEL.CEMF	1.0
Sniffles2.INS.20FM15	1.0
Sniffles2.INS.154M13	1.0
Sniffles2.DEL.302M12	1.0
Sniffles2.INS.42DM13	1.0
Sniffles2.DEL.9DM12	1.0
Sniffles2.DEL.18DM15	1.0
Sniffles2.INS.43CM13	1.0
Sniffles2.INS.7DM12	1.0
Sniffles2.INS.52ME	1.0
Sniffles2.INS.172MF	1.0
Sniffles2.INS.302ME	1.0
Sniffles2.DEL.7FEM1	1.0
Sniffles2.DEL.58M5	1.0
Sniffles2.INS.116MD	1.0
Sniffles2.DEL.20EM5	1.0
Sniffles2.INS.34FM7	1.0
Sniffles2.DEL.7FM8	1.0
Sniffles2.INS.484M8	1.0
Sniffles2.INS.31EM7	1.0
Sniffles2.INS.6F4M0	1.0
Sniffles2.DEL.EFM15	1.0
Sniffles2.DEL.7B4M0	1.0
Sniffles2.DEL.78MD	1.0
Sniffles2.DEL.21AM1	1.0
Sniffles2.DEL.575M4	1.0
Sniffles2.DEL.66M1	1.0
Sniffles2.INS.310M2	1.0
Sniffles2.INS.45BMB	1.0
Sniffles2.DEL.8CMB	1.0
Sniffles2.INS.46M8	1.0
Sniffles2.DEL.3A0M5	1.0
Sniffles2.DEL.5ACM6	1.0
Sniffles2.DEL.3F3M5	1.0
Sniffles2.INS.17EM11	1.0
Sniffles2.INS.427MA	1.0
Sniffles2.DEL.245M9	1.0
Sniffles2.INS.10M0	1.0
Sniffles2.DEL.3FFM4	1.0
Sniffles2.INS.2EM7	1.0
Sniffles2.INS.1E2MA	1.0
Sniffles2.INS.348M10	1.0
Sniffles2.DEL.238M15	1.0
Sniffles2.INS.215M16	1.0
Sniffles2.DEL.235M12	1.0
Sniffles2.DEL.DM9	1.0
Sniffles2.DEL.8DM1	1.0
Sniffles2.DEL.495M13	1.0
Sniffles2.DEL.55EM1	1.0
Sniffles2.INS.2CEM6	1.0
Sniffles2.INS.3F3M13	1.0
Sniffles2.INS.D1M5	1.0
Sniffles2.INS.619M6	1.0
Sniffles2.INS.2D3M0	1.0
Sniffles2.INS.2A6MC	1.0
Sniffles2.INS.66M8	1.0
Sniffles2.INS.400M5	1.0
Sniffles2.DEL.2F3M12	1.0
Sniffles2.DEL.327MF	1.0
Sniffles2.INS.1BMF	1.0
Sniffles2.INS.CAM6	1.0
Sniffles2.INS.223M6	1.0
Sniffles2.INS.1E8M9	1.0
Sniffles2.INS.491M9	1.0
Sniffles2.DEL.59BM0	1.0
Sniffles2.INS.652M0	1.0
Sniffles2.DEL.1ABMA	1.0
Sniffles2.DEL.2BCM13	1.0
Sniffles2.INS.345ME	1.0
Sniffles2.INS.21BM0	1.0
Sniffles2.DEL.47FM8	1.0
Sniffles2.INS.170M17	1.0
Sniffles2.DEL.42BM1	1.0
Sniffles2.DEL.352M5	1.0
Sniffles2.INS.478M1	1.0
Sniffles2.INS.32EM8	1.0
Sniffles2.DEL.492M4	1.0
Sniffles2.INS.3E0MB	1.0
Sniffles2.DEL.28EM6	1.0
Sniffles2.INS.478MB	1.0
Sniffles2.INS.13AMB	1.0
Sniffles2.DEL.4BCM8	1.0
Sniffles2.DEL.1A2MB	1.0
Sniffles2.DEL.2C8M0	1.0
Sniffles2.INS.613M6	1.0
Sniffles2.INS.4A1M9	1.0
Sniffles2.INS.51M12	1.0
Sniffles2.INS.23EM0	1.0
Sniffles2.DEL.1BCM5	1.0
Sniffles2.INS.24EMD	1.0
Sniffles2.INS.117MC	1.0
Sniffles2.DEL.2F8M7	1.0
Sniffles2.INS.361MA	1.0
Sniffles2.INS.203M2	1.0
Sniffles2.DEL.F1M17	1.0
Sniffles2.INS.403M1	1.0
Sniffles2.INS.545M0	1.0
Sniffles2.DEL.5A9M1	1.0
Sniffles2.INS.15BMF	1.0
Sniffles2.DEL.4B6M9	1.0
Sniffles2.DEL.53AM9	1.0
Sniffles2.DEL.2F2M11	1.0
Sniffles2.INS.56AM3	1.0
Sniffles2.INS.2B0M15	1.0
Sniffles2.INS.150M3	1.0
Sniffles2.INS.1E8MF	1.0
Sniffles2.DEL.3CEM5	1.0
Sniffles2.DEL.4E6M8	1.0
Sniffles2.INS.36FM5	1.0
Sniffles2.INS.1DCM0	1.0
Sniffles2.INS.1F8M10	1.0
Sniffles2.DEL.292MC	1.0
Sniffles2.INS.87M11	1.0
Sniffles2.INV.4F5M1	1.0
Sniffles2.INS.2C2MB	1.0
Sniffles2.DEL.285M4	1.0
Sniffles2.INS.278M2	1.0
Sniffles2.DEL.113M6	1.0
Sniffles2.DEL.786M1	1.0
Sniffles2.DEL.208ME	1.0
Sniffles2.INS.1E1M10	1.0
Sniffles2.DEL.19DM17	1.0
Sniffles2.INS.1BEM15	1.0
Sniffles2.INS.3A7M5	1.0
Sniffles2.INS.244M8	1.0
Sniffles2.INS.30FM13	1.0
Sniffles2.INS.166M8	1.0
Sniffles2.DEL.3A0M3	1.0
Sniffles2.INS.17DM1	1.0
Sniffles2.INS.13FMA	1.0
Sniffles2.INS.A0MD	1.0
Sniffles2.INS.25AMB	1.0
Sniffles2.DEL.3D4M6	1.0
Sniffles2.INS.60BM4	1.0
Sniffles2.DEL.377MB	1.0
Sniffles2.DEL.734M0	1.0
Sniffles2.INS.513M5	1.0
Sniffles2.DEL.125MD	1.0
Sniffles2.INS.3E0MC	1.0
Sniffles2.INS.1B9M12	1.0
Sniffles2.DEL.56M3	1.0
Sniffles2.INS.181MA	1.0
Sniffles2.INS.4C3M8	1.0
Sniffles2.DEL.9CM5	1.0
Sniffles2.DEL.E2MC	1.0
Sniffles2.INS.3FAMA	1.0
Sniffles2.DEL.38ME	1.0
Sniffles2.DEL.447M4	1.0
Sniffles2.INS.2F5M10	1.0
Sniffles2.DEL.1DCMD	1.0
Sniffles2.INS.1C4M6	1.0
Sniffles2.INS.428M8	1.0
Sniffles2.INS.30AM6	1.0
Sniffles2.DEL.31FM6	1.0
Sniffles2.DEL.173M7	1.0
Sniffles2.INS.60CM3	1.0
Sniffles2.INS.188M12	1.0
Sniffles2.DEL.1D5M9	1.0
Sniffles2.DEL.5E9M0	1.0
Sniffles2.INS.14EM0	1.0
Sniffles2.INS.21DM0	1.0
Sniffles2.DEL.4F9M9	1.0
Sniffles2.INS.2BM1	1.0
Sniffles2.INS.41FM10	1.0
Sniffles2.INS.27AME	1.0
Sniffles2.INS.FBM14	1.0
Sniffles2.INS.21FM10	1.0
Sniffles2.DEL.1CCMA	1.0
Sniffles2.INS.57EM4	1.0
Sniffles2.INS.35FM8	1.0
Sniffles2.DEL.283M13	1.0
Sniffles2.DEL.4C6M3	1.0
Sniffles2.DEL.178M4	1.0
Sniffles2.INS.52M12	1.0
Sniffles2.DEL.48BM16	1.0
Sniffles2.INS.238M12	1.0
Sniffles2.DEL.26FM15	1.0
Sniffles2.DEL.17FMA	1.0
Sniffles2.INS.1C3MA	1.0
Sniffles2.DEL.1DFMD	1.0
Sniffles2.DEL.1BBM3	1.0
Sniffles2.DEL.690M3	1.0
Sniffles2.DEL.1E7M16	1.0
Sniffles2.DEL.1FBM11	1.0
Sniffles2.DEL.2DCM11	1.0
Sniffles2.INS.8AM2	1.0
Sniffles2.INS.5B7M0	1.0
Sniffles2.DEL.470MB	1.0
Sniffles2.INS.32DM4	1.0
Sniffles2.DEL.1C2M10	1.0
Sniffles2.DEL.259MF	1.0
Sniffles2.INS.110M4	1.0
Sniffles2.INS.282M8	1.0
Sniffles2.INS.221M14	1.0
Sniffles2.DEL.2EMD	1.0
Sniffles2.INS.63M0	1.0
Sniffles2.INS.578M3	1.0
Sniffles2.INS.459M10	1.0
Sniffles2.INS.182M10	1.0
Sniffles2.DEL.39BM7	1.0
Sniffles2.INS.A3MB	1.0
Sniffles2.INS.323M3	1.0
Sniffles2.DEL.2B9M7	1.0
Sniffles2.DEL.327MA	1.0
Sniffles2.INS.5C3M3	1.0
Sniffles2.INS.15M12	1.0
Sniffles2.INS.4EBM1	1.0
Sniffles2.INS.165M2	1.0
Sniffles2.DEL.31M14	1.0
Sniffles2.DEL.219MC	1.0
Sniffles2.INS.1EFM11	1.0
Sniffles2.INS.3AAMA	1.0
Sniffles2.INS.2F1M15	1.0
Sniffles2.DEL.40BM3	1.0
Sniffles2.INS.466M9	1.0
Sniffles2.INS.1A7MF	1.0
Sniffles2.INS.E8M12	1.0
Sniffles2.INS.3E3MC	1.0
Sniffles2.INS.543M5	1.0
Sniffles2.INS.252M16	1.0
Sniffles2.INS.408MF	1.0
Sniffles2.INS.388M1	1.0
Sniffles2.INS.21M7	1.0
Sniffles2.INS.1F7M8	1.0
Sniffles2.INS.33BM8	1.0
Sniffles2.INS.3A1M13	1.0
Sniffles2.DEL.594M0	1.0
Sniffles2.DEL.485MB	1.0
Sniffles2.INS.2A4M2	1.0
Sniffles2.DEL.313M16	1.0
Sniffles2.DEL.282MD	1.0
Sniffles2.DEL.C9M0	1.0
Sniffles2.DEL.132M17	1.0
Sniffles2.DEL.593M1	1.0
Sniffles2.DEL.504M4	1.0
Sniffles2.INS.2E1M8	1.0
Sniffles2.DEL.280M13	1.0
Sniffles2.INS.5ABM1	1.0
Sniffles2.DEL.306M6	1.0
Sniffles2.INS.D3M6	1.0
Sniffles2.DEL.2FDM11	1.0
Sniffles2.INS.8BM3	1.0
Sniffles2.DEL.1A9M14	1.0
Sniffles2.INS.127M3	1.0
Sniffles2.DEL.4C7MB	1.0
Sniffles2.DEL.D9MD	1.0
Sniffles2.DEL.551M5	1.0
Sniffles2.DEL.491M10	1.0
Sniffles2.INS.1D0M5	1.0
Sniffles2.DEL.751M1	1.0
Sniffles2.INS.3DM1	1.0
Sniffles2.INS.29DM5	1.0
Sniffles2.INS.EEM11	1.0
Sniffles2.DEL.18EM14	1.0
Sniffles2.INS.756M0	1.0
Sniffles2.INS.508M6	1.0
Sniffles2.INS.28M11	1.0
Sniffles2.INS.B3MF	1.0
Sniffles2.INS.17CM3	1.0
Sniffles2.DEL.2E0M5	1.0
Sniffles2.DEL.383M12	1.0
Sniffles2.INS.494M2	1.0
Sniffles2.INS.1A9M15	1.0
Sniffles2.DEL.3F1M9	1.0
Sniffles2.DEL.4D7M6	1.0
Sniffles2.DEL.259M9	1.0
Sniffles2.DEL.326M14	1.0
Sniffles2.DEL.1D4M17	1.0
Sniffles2.INS.424M8	1.0
Sniffles2.DEL.2CDME	1.0
Sniffles2.INS.15BM9	1.0
Sniffles2.INS.1D1M9	1.0
Sniffles2.INS.1E8M15	1.0
Sniffles2.DEL.3ACMC	1.0
Sniffles2.DEL.43M0	1.0
Sniffles2.INS.5AM11	1.0
Sniffles2.INS.400M3	1.0
Sniffles2.INS.57M11	1.0
Sniffles2.DEL.2D5M15	1.0
Sniffles2.DEL.3A9MA	1.0
Sniffles2.INS.1FCM15	1.0
Sniffles2.DEL.65BM1	1.0
Sniffles2.INS.3F2M6	1.0
Sniffles2.DEL.287M2	1.0
Sniffles2.INS.3CDM5	1.0
Sniffles2.DEL.355M8	1.0
Sniffles2.INS.134M2	1.0
Sniffles2.INS.4B0MB	1.0
Sniffles2.INS.2BM6	1.0
Sniffles2.DEL.1ADM4	1.0
Sniffles2.INS.746M1	1.0
Sniffles2.INS.27EM2	1.0
Sniffles2.INS.285MC	1.0
Sniffles2.DEL.232M5	1.0
Sniffles2.INS.14CM12	1.0
Sniffles2.INS.1A4M3	1.0
Sniffles2.INS.D5M1	1.0
Sniffles2.INS.4F7M1	1.0
Sniffles2.INS.451M6	1.0
Sniffles2.INS.3E5M4	1.0
Sniffles2.INS.109M2	1.0
Sniffles2.INS.41FM1	1.0
Sniffles2.DEL.2D4M1	1.0
Sniffles2.DEL.369MB	1.0
Sniffles2.INS.52M0	1.0
Sniffles2.INS.309M1	1.0
Sniffles2.DEL.609M0	1.0
Sniffles2.DEL.40BMB	1.0
Sniffles2.DEL.28BMD	1.0
Sniffles2.INS.3E0M9	1.0
Sniffles2.DEL.1B3M2	1.0
Sniffles2.INS.E3M11	1.0
Sniffles2.INS.359M11	1.0
Sniffles2.INS.38EM8	1.0
Sniffles2.INS.146M13	1.0
Sniffles2.DEL.12DM4	1.0
Sniffles2.DEL.354M11	1.0
Sniffles2.DEL.4DM7	1.0
Sniffles2.INS.4D5M9	1.0
Sniffles2.DEL.3A3M2	1.0
Sniffles2.INS.335MA	1.0
Sniffles2.INS.0M12	1.0
Sniffles2.INS.594M4	1.0
Sniffles2.DEL.789M1	1.0
Sniffles2.DEL.54M15	1.0
Sniffles2.INS.143MC	1.0
Sniffles2.DEL.17MF	1.0
Sniffles2.INS.E9M0	1.0
Sniffles2.DEL.3E4M7	1.0
Sniffles2.DEL.193M16	1.0
Sniffles2.INS.68M7	1.0
Sniffles2.INS.56M12	1.0
Sniffles2.DEL.702M0	1.0
Sniffles2.INS.109M6	1.0
Sniffles2.INS.21BME	1.0
Sniffles2.DEL.2A4M14	1.0
Sniffles2.DEL.100M14	1.0
Sniffles2.INS.176M6	1.0
Sniffles2.INS.3DDM6	1.0
Sniffles2.DEL.12CM10	1.0
Sniffles2.DEL.5D2M5	1.0
Sniffles2.DEL.170M8	1.0
Sniffles2.INS.E0M6	1.0
Sniffles2.DEL.551M0	1.0
Sniffles2.INS.C4M15	1.0
Sniffles2.DEL.AM6	1.0
Sniffles2.INS.157MB	1.0
Sniffles2.DEL.1E0M4	1.0
Sniffles2.INS.27M5	1.0
Sniffles2.INS.2A7MC	1.0
Sniffles2.INS.31M5	1.0
Sniffles2.DEL.147M8	1.0
Sniffles2.DEL.1F6M0	1.0
Sniffles2.INS.16AM2	1.0
Sniffles2.INS.117MD	1.0
Sniffles2.INS.28AME	1.0
Sniffles2.INS.333MF	1.0
Sniffles2.INS.339MC	1.0
Sniffles2.DEL.23FMC	1.0
Sniffles2.INS.42AM7	1.0
Sniffles2.INS.310MF	1.0
Sniffles2.INS.308MB	1.0
Sniffles2.DEL.25EMA	1.0
Sniffles2.DEL.3CMB	1.0
Sniffles2.INS.339M16	1.0
Sniffles2.INS.1C4M12	1.0
Sniffles2.DEL.24AM4	1.0
Sniffles2.INS.14CM8	1.0
Sniffles2.INS.65EM0	1.0
Sniffles2.DEL.3AEM6	1.0
Sniffles2.DEL.56BM4	1.0
Sniffles2.DEL.2B1M11	1.0
Sniffles2.DEL.145M17	1.0
Sniffles2.INS.274MD	1.0
Sniffles2.INS.2E2M10	1.0
Sniffles2.DEL.46AM8	1.0
Sniffles2.DEL.176MB	1.0
Sniffles2.INS.105M2	1.0
Sniffles2.INS.22M2	1.0
Sniffles2.DEL.2D4M0	1.0
Sniffles2.DEL.531M2	1.0
Sniffles2.INS.16M0	1.0
Sniffles2.INS.2CAMC	1.0
Sniffles2.INS.8FM9	1.0
Sniffles2.INS.38CM4	1.0
Sniffles2.DEL.17EM10	1.0
Sniffles2.INS.C9MF	1.0
Sniffles2.INS.1FAM14	1.0
Sniffles2.INS.164M14	1.0
Sniffles2.INS.C0M1	1.0
Sniffles2.INS.2ACM7	1.0
Sniffles2.DEL.53M8	1.0
Sniffles2.INS.3E0M7	1.0
Sniffles2.DEL.332M3	1.0
Sniffles2.INS.596M4	1.0
Sniffles2.DEL.98M11	1.0
Sniffles2.INS.329MA	1.0
Sniffles2.INS.3BFM5	1.0
Sniffles2.INS.31EM16	1.0
Sniffles2.INS.4D9MA	1.0
Sniffles2.INS.155ME	1.0
Sniffles2.DEL.539M8	1.0
Sniffles2.DEL.511M5	1.0
Sniffles2.INS.E7M4	1.0
Sniffles2.INS.387MB	1.0
Sniffles2.DEL.28DMB	1.0
Sniffles2.DEL.17FM15	1.0
Sniffles2.INS.2B4M2	1.0
Sniffles2.DEL.F0M15	1.0
Sniffles2.INS.3AEM2	1.0
Sniffles2.INS.500M4	1.0
Sniffles2.INS.2ABM2	1.0
Sniffles2.INS.2A7M11	1.0
Sniffles2.INS.133ME	1.0
Sniffles2.INS.19BM10	1.0
Sniffles2.INS.55ME	1.0
Sniffles2.DEL.E4M2	1.0
Sniffles2.DEL.59CM5	1.0
Sniffles2.DEL.174M8	1.0
Sniffles2.INS.1C3M16	1.0
Sniffles2.DEL.2B9M13	1.0
Sniffles2.INS.267M12	1.0
Sniffles2.DEL.35MA	1.0
Sniffles2.DEL.2F7M6	1.0
Sniffles2.INS.33FME	1.0
Sniffles2.INS.3F9M8	1.0
Sniffles2.DEL.6B3M0	1.0
Sniffles2.DEL.4A0M6	1.0
Sniffles2.DEL.3D1M7	1.0
Sniffles2.DEL.BBM8	1.0
Sniffles2.DEL.7FBM1	1.0
Sniffles2.INS.2CCM12	1.0
Sniffles2.DEL.63BM0	1.0
Sniffles2.DEL.23CMD	1.0
Sniffles2.INS.354MF	1.0
Sniffles2.INS.111M1	1.0
Sniffles2.DEL.2B1M13	1.0
Sniffles2.DEL.3F5M4	1.0
Sniffles2.DEL.B8M17	1.0
Sniffles2.DEL.E1M11	1.0
Sniffles2.INS.37CM7	1.0
Sniffles2.INS.121M14	1.0
Sniffles2.DEL.16M1	1.0
Sniffles2.INS.73MF	1.0
Sniffles2.INS.F6MA	1.0
Sniffles2.DEL.243M11	1.0
Sniffles2.INS.2DEMC	1.0
Sniffles2.INS.1ADMC	1.0
Sniffles2.INS.1F6M11	1.0
Sniffles2.INS.2FMB	1.0
Sniffles2.INS.617M1	1.0
Sniffles2.DEL.11EM1	1.0
Sniffles2.DEL.54FM6	1.0
Sniffles2.DEL.186MB	1.0
Sniffles2.INS.209MA	1.0
Sniffles2.INS.3AEM10	1.0
Sniffles2.INS.23AM15	1.0
Sniffles2.INS.391MC	1.0
Sniffles2.INS.582M5	1.0
Sniffles2.INS.339M3	1.0
Sniffles2.INS.489M9	1.0
Sniffles2.DEL.20FME	1.0
Sniffles2.INS.4ACM2	1.0
Sniffles2.DEL.66M4	1.0
Sniffles2.DEL.2DCM2	1.0
Sniffles2.INS.338M8	1.0
Sniffles2.DEL.23EM7	1.0
Sniffles2.INS.18EM1	1.0
Sniffles2.INS.B4MD	1.0
Sniffles2.INS.30BM2	1.0
Sniffles2.DEL.4B4M5	1.0
Sniffles2.DEL.466M10	1.0
Sniffles2.DEL.43M5	1.0
Sniffles2.INS.5CFM3	1.0
Sniffles2.DEL.177M6	1.0
Sniffles2.INS.3E3M3	1.0
Sniffles2.INS.1BAM7	1.0
Sniffles2.DEL.1A7M4	1.0
Sniffles2.DEL.12FMD	1.0
Sniffles2.INS.421MA	1.0
Sniffles2.DEL.195M4	1.0
Sniffles2.DEL.465M13	1.0
Sniffles2.DEL.347M5	1.0
Sniffles2.DEL.3ABMA	1.0
Sniffles2.INS.390MB	1.0
Sniffles2.DEL.4A8M13	1.0
Sniffles2.INS.4CAMA	1.0
Sniffles2.INS.37AM4	1.0
Sniffles2.INS.332M9	1.0
Sniffles2.INS.1F1M4	1.0
Sniffles2.INS.108M10	1.0
Sniffles2.INS.5E2M6	1.0
Sniffles2.DEL.130M4	1.0
Sniffles2.DEL.31MF	1.0
Sniffles2.DEL.305M2	1.0
Sniffles2.DEL.2FAMC	1.0
Sniffles2.DEL.2BDME	1.0
Sniffles2.INS.471M4	1.0
Sniffles2.INS.4BBMB	1.0
Sniffles2.INS.3AM15	1.0
Sniffles2.DEL.D6MC	1.0
Sniffles2.DEL.1ADM1	1.0
Sniffles2.DEL.52AM3	1.0
Sniffles2.DEL.27CM8	1.0
Sniffles2.DEL.5C2M1	1.0
Sniffles2.DEL.19EM2	1.0
Sniffles2.DEL.38BM6	1.0
Sniffles2.INS.1ADMD	1.0
Sniffles2.INS.423MB	1.0
Sniffles2.DEL.36FM8	1.0
Sniffles2.INS.3DCM10	1.0
Sniffles2.DEL.445M9	1.0
Sniffles2.DEL.95M6	1.0
Sniffles2.DEL.237M10	1.0
Sniffles2.INS.3B2MA	1.0
Sniffles2.DEL.53BM5	1.0
Sniffles2.DEL.3BM6	1.0
Sniffles2.INS.303M12	1.0
Sniffles2.INS.35DM5	1.0
Sniffles2.INS.638M1	1.0
Sniffles2.DEL.148M10	1.0
Sniffles2.INS.68DM6	1.0
Sniffles2.DEL.2FFME	1.0
Sniffles2.INS.761M0	1.0
Sniffles2.DEL.2F5MB	1.0
Sniffles2.INS.82M13	1.0
Sniffles2.INS.156MA	1.0
Sniffles2.DEL.63AM0	1.0
Sniffles2.DEL.107M0	1.0
Sniffles2.INS.177M7	1.0
Sniffles2.INS.29CM15	1.0
Sniffles2.DEL.135M0	1.0
Sniffles2.INS.4EEM6	1.0
Sniffles2.DEL.367M8	1.0
Sniffles2.DEL.367M4	1.0
Sniffles2.INS.20EM2	1.0
Sniffles2.INS.13FM15	1.0
Sniffles2.DEL.19AM17	1.0
Sniffles2.DEL.D1M6	1.0
Sniffles2.INS.7B3M1	1.0
Sniffles2.DEL.290M12	1.0
Sniffles2.INS.658M0	1.0
Sniffles2.DEL.1B6MB	1.0
Sniffles2.INS.12CM12	1.0
Sniffles2.INS.29DM14	1.0
Sniffles2.DEL.26M8	1.0
Sniffles2.INS.B7MC	1.0
Sniffles2.DEL.168M11	1.0
Sniffles2.INS.2B6M5	1.0
Sniffles2.DEL.5C1M0	1.0
Sniffles2.INS.19BM3	1.0
Sniffles2.DEL.203MB	1.0
Sniffles2.INS.6E4M6	1.0
Sniffles2.DEL.24AM6	1.0
Sniffles2.INS.101MB	1.0
Sniffles2.INS.413M9	1.0
Sniffles2.INS.219M11	1.0
Sniffles2.DEL.1C1M4	1.0
Sniffles2.DEL.555M2	1.0
Sniffles2.INS.1DAM4	1.0
Sniffles2.DEL.262MB	1.0
Sniffles2.INS.6AM0	1.0
Sniffles2.DEL.64CM4	1.0
Sniffles2.INS.378M5	1.0
Sniffles2.DEL.3D1M16	1.0
Sniffles2.DEL.6CFM1	1.0
Sniffles2.INS.1E4ME	1.0
Sniffles2.DEL.2F9M8	1.0
Sniffles2.DEL.339M6	1.0
Sniffles2.DEL.116M1	1.0
Sniffles2.DEL.C0M15	1.0
Sniffles2.DEL.1FEM2	1.0
Sniffles2.INS.293M7	1.0
Sniffles2.DEL.E7M5	1.0
Sniffles2.INS.5BCM1	1.0
Sniffles2.DEL.204M14	1.0
Sniffles2.INS.231MC	1.0
Sniffles2.DEL.200M6	1.0
Sniffles2.INS.407M8	1.0
Sniffles2.DEL.66DM1	1.0
Sniffles2.DEL.252M14	1.0
Sniffles2.DEL.2C5M15	1.0
Sniffles2.DEL.2A0M6	1.0
Sniffles2.INS.4C8M9	1.0
Sniffles2.INS.34FM2	1.0
Sniffles2.DEL.2F5M11	1.0
Sniffles2.DEL.4D2M6	1.0
Sniffles2.INS.208MF	1.0
Sniffles2.INS.3F0M13	1.0
Sniffles2.DEL.280M8	1.0
Sniffles2.DEL.2DAM0	1.0
Sniffles2.INS.4DCM6	1.0
Sniffles2.INS.4A5M5	1.0
Sniffles2.DEL.5B2M0	1.0
Sniffles2.DEL.2C8M6	1.0
Sniffles2.INS.559M0	1.0
Sniffles2.INS.173M6	1.0
Sniffles2.DEL.171MA	1.0
Sniffles2.DEL.591M9	1.0
Sniffles2.INS.8DM4	1.0
Sniffles2.DEL.2FDM9	1.0
Sniffles2.DEL.3A6M7	1.0
Sniffles2.DEL.561M2	1.0
Sniffles2.INS.164M2	1.0
Sniffles2.DEL.21EM4	1.0
Sniffles2.INS.10BM0	1.0
Sniffles2.DEL.339M2	1.0
Sniffles2.DEL.278M16	1.0
Sniffles2.INS.2AFM8	1.0
Sniffles2.DEL.4C4MB	1.0
Sniffles2.INS.3CFM13	1.0
Sniffles2.DEL.181M15	1.0
Sniffles2.DEL.73M8	1.0
Sniffles2.DEL.2BDM13	1.0
Sniffles2.INS.127MD	1.0
Sniffles2.INS.184M14	1.0
Sniffles2.INS.D8MC	1.0
Sniffles2.INS.7AM12	1.0
Sniffles2.INS.214M16	1.0
Sniffles2.DEL.30EM0	1.0
Sniffles2.DEL.3C7MC	1.0
Sniffles2.DEL.3FDMA	1.0
Sniffles2.DEL.3BAM3	1.0
Sniffles2.DEL.3F5M2	1.0
Sniffles2.DEL.1C6M11	1.0
Sniffles2.INS.1ABM9	1.0
Sniffles2.INS.2FEMB	1.0
Sniffles2.INS.1ECMA	1.0
Sniffles2.INS.667M0	1.0
Sniffles2.INS.DFM0	1.0
Sniffles2.INS.25M8	1.0
Sniffles2.DEL.69AM3	1.0
Sniffles2.INS.27AM16	1.0
Sniffles2.INS.751M0	1.0
Sniffles2.INS.37FM5	1.0
Sniffles2.DEL.58AM3	1.0
Sniffles2.INS.1EM2	1.0
Sniffles2.DEL.4AM10	1.0
Sniffles2.INS.763M1	1.0
Sniffles2.INS.3A9M10	1.0
Sniffles2.INS.62EM1	1.0
Sniffles2.DEL.3AAM7	1.0
Sniffles2.INS.126M2	1.0
Sniffles2.DEL.5FBM4	1.0
Sniffles2.DEL.1E9MA	1.0
Sniffles2.DEL.1E5M12	1.0
Sniffles2.DEL.2DFM16	1.0
Sniffles2.INS.3FBMA	1.0
Sniffles2.INS.360M16	1.0
Sniffles2.INS.7C9M0	1.0
Sniffles2.DEL.15DMF	1.0
Sniffles2.INS.1A2M11	1.0
Sniffles2.INS.1B3M16	1.0
Sniffles2.DEL.1A6MA	1.0
Sniffles2.DEL.22BME	1.0
Sniffles2.DEL.177M8	1.0
Sniffles2.INS.157M12	1.0
Sniffles2.DEL.381M7	1.0
Sniffles2.DEL.323M11	1.0
Sniffles2.INS.3EDM8	1.0
Sniffles2.INS.475M3	1.0
Sniffles2.DEL.2CEM14	1.0
Sniffles2.INS.41BM6	1.0
Sniffles2.INS.250M14	1.0
Sniffles2.INS.222M10	1.0
Sniffles2.DEL.574M1	1.0
Sniffles2.INS.22FM4	1.0
Sniffles2.INS.394M6	1.0
Sniffles2.INS.DBMB	1.0
Sniffles2.DEL.363MA	1.0
Sniffles2.INS.3E6M7	1.0
Sniffles2.INS.12CM11	1.0
Sniffles2.INS.126MF	1.0
Sniffles2.DEL.2A0M10	1.0
Sniffles2.DEL.491MA	1.0
Sniffles2.DEL.161MC	1.0
Sniffles2.INS.16FM7	1.0
Sniffles2.INS.2AM0	1.0
Sniffles2.DEL.299M0	1.0
Sniffles2.INS.29DM8	1.0
Sniffles2.DEL.226M14	1.0
Sniffles2.DEL.225M14	1.0
Sniffles2.DEL.588M6	1.0
Sniffles2.INS.851M0	1.0
Sniffles2.DEL.190MF	1.0
Sniffles2.INS.4A3M2	1.0
Sniffles2.DEL.3E1M1	1.0
Sniffles2.INS.13DMA	1.0
Sniffles2.INS.281MB	1.0
Sniffles2.INS.386M6	1.0
Sniffles2.INS.225M11	1.0
Sniffles2.INS.4A7M13	1.0
Sniffles2.DEL.23AM9	1.0
Sniffles2.INS.3C0M5	1.0
Sniffles2.INS.3B4M0	1.0
Sniffles2.DEL.58EM6	1.0
Sniffles2.DEL.1F4M5	1.0
Sniffles2.DEL.277M9	1.0
Sniffles2.INS.209M5	1.0
Sniffles2.INS.3D1M5	1.0
Sniffles2.DEL.417M9	1.0
Sniffles2.INS.331M11	1.0
Sniffles2.INS.210M9	1.0
Sniffles2.INS.2EFMA	1.0
Sniffles2.INS.1C7M4	1.0
Sniffles2.DEL.136M5	1.0
Sniffles2.DEL.245M8	1.0
Sniffles2.DEL.3A7M2	1.0
Sniffles2.INS.23BM11	1.0
Sniffles2.DEL.25EM5	1.0
Sniffles2.INS.16DM9	1.0
Sniffles2.INS.57EM5	1.0
Sniffles2.INS.316M3	1.0
Sniffles2.INS.28EMC	1.0
Sniffles2.INS.DAM2	1.0
Sniffles2.INS.6D3M1	1.0
Sniffles2.INS.45CM3	1.0
Sniffles2.DEL.ECM10	1.0
Sniffles2.INS.451M10	1.0
Sniffles2.INS.42AM10	1.0
Sniffles2.DEL.27EME	1.0
Sniffles2.INS.9DM11	1.0
Sniffles2.DEL.DCM3	1.0
Sniffles2.INS.12CM1	1.0
Sniffles2.DEL.AFM11	1.0
Sniffles2.DEL.12BM6	1.0
Sniffles2.INS.2CFM9	1.0
Sniffles2.DEL.295M8	1.0
Sniffles2.INS.319MC	1.0
Sniffles2.INS.670M3	1.0
Sniffles2.DEL.FFME	1.0
Sniffles2.DEL.589M3	1.0
Sniffles2.DEL.615M6	1.0
Sniffles2.INS.22M8	1.0
Sniffles2.INS.22BMA	1.0
Sniffles2.DEL.6CCM1	1.0
Sniffles2.DEL.2C2M15	1.0
Sniffles2.DEL.2E5M8	1.0
Sniffles2.INS.33AM13	1.0
Sniffles2.INS.39CM1	1.0
Sniffles2.INS.52FM5	1.0
Sniffles2.DEL.143ME	1.0
Sniffles2.DEL.753M1	1.0
Sniffles2.INS.115M15	1.0
Sniffles2.DEL.45DM13	1.0
Sniffles2.INS.C9MD	1.0
Sniffles2.DEL.5A2M0	1.0
Sniffles2.INS.2F1M5	1.0
Sniffles2.DEL.522M3	1.0
Sniffles2.INS.332M0	1.0
Sniffles2.INS.29AMC	1.0
Sniffles2.INS.EEM5	1.0
Sniffles2.DEL.5BM11	1.0
Sniffles2.DEL.684M6	1.0
Sniffles2.INS.297M2	1.0
Sniffles2.INS.2FAM3	1.0
Sniffles2.DEL.248M12	1.0
Sniffles2.DEL.68AM6	1.0
Sniffles2.DEL.CEM12	1.0
Sniffles2.INS.D3MC	1.0
Sniffles2.INS.5AM5	1.0
Sniffles2.DEL.1B9M0	1.0
Sniffles2.DEL.6EM4	1.0
Sniffles2.DEL.1D0M12	1.0
Sniffles2.DEL.2E3M11	1.0
Sniffles2.INS.603M6	1.0
Sniffles2.DEL.270M14	1.0
Sniffles2.DEL.400MC	1.0
Sniffles2.DEL.C3M1	1.0
Sniffles2.DEL.45BM2	1.0
Sniffles2.DEL.564M3	1.0
Sniffles2.INS.22BMB	1.0
Sniffles2.DEL.1DAM6	1.0
Sniffles2.INS.332MB	1.0
Sniffles2.INS.66AM0	1.0
Sniffles2.DEL.357M16	1.0
Sniffles2.DEL.156M6	1.0
Sniffles2.DEL.27DM7	1.0
Sniffles2.DEL.823M0	1.0
Sniffles2.DEL.24AM17	1.0
Sniffles2.INS.509M2	1.0
Sniffles2.DEL.A1M12	1.0
Sniffles2.DEL.27EM4	1.0
Sniffles2.INS.11BM3	1.0
Sniffles2.DEL.E6M0	1.0
Sniffles2.INS.183M12	1.0
Sniffles2.INS.431M3	1.0
Sniffles2.INS.6BM5	1.0
Sniffles2.DEL.415MC	1.0
Sniffles2.INS.526M0	1.0
Sniffles2.INS.2AEM5	1.0
Sniffles2.INS.30BME	1.0
Sniffles2.DEL.37CM10	1.0
Sniffles2.INS.2C4M14	1.0
Sniffles2.INS.3CAM8	1.0
Sniffles2.DEL.32EM16	1.0
Sniffles2.DEL.4A8M5	1.0
Sniffles2.INS.3FFM3	1.0
Sniffles2.DEL.1D7M6	1.0
Sniffles2.INS.3EEM3	1.0
Sniffles2.INS.365MC	1.0
Sniffles2.INS.F8M2	1.0
Sniffles2.DEL.605M6	1.0
Sniffles2.INS.213M15	1.0
Sniffles2.INS.CBM5	1.0
Sniffles2.DEL.1C4M3	1.0
Sniffles2.DEL.40CM0	1.0
Sniffles2.DEL.5BEM4	1.0
Sniffles2.DEL.2D8M4	1.0
Sniffles2.INS.534M2	1.0
Sniffles2.DEL.324MF	1.0
Sniffles2.DEL.B5M12	1.0
Sniffles2.DEL.1B1M13	1.0
Sniffles2.DEL.231M12	1.0
Sniffles2.DEL.38CM10	1.0
Sniffles2.DEL.ABM10	1.0
Sniffles2.INS.1F5M1	1.0
Sniffles2.DEL.178M14	1.0
Sniffles2.INS.37BM11	1.0
Sniffles2.INS.2C8M14	1.0
Sniffles2.DEL.41AM0	1.0
Sniffles2.INS.3A2M5	1.0
Sniffles2.INS.3F2M5	1.0
Sniffles2.DEL.1CFM9	1.0
Sniffles2.INS.6A9M6	1.0
Sniffles2.DEL.32CME	1.0
Sniffles2.INS.41MB	1.0
Sniffles2.DEL.6MD	1.0
Sniffles2.DEL.176MA	1.0
Sniffles2.DEL.38DM4	1.0
Sniffles2.INS.4CEM7	1.0
Sniffles2.INS.1B6M16	1.0
Sniffles2.DEL.194M13	1.0
Sniffles2.INS.27AM10	1.0
Sniffles2.INS.26BM8	1.0
Sniffles2.INS.542M3	1.0
Sniffles2.INS.5CMD	1.0
Sniffles2.INS.A8M12	1.0
Sniffles2.DEL.2CFM3	1.0
Sniffles2.INS.FAMB	1.0
Sniffles2.DEL.131M4	1.0
Sniffles2.INS.221MD	1.0
Sniffles2.DEL.3CCM1	1.0
Sniffles2.DEL.180M5	1.0
Sniffles2.INS.1F8M4	1.0
Sniffles2.DEL.2A9M14	1.0
Sniffles2.INS.33AM11	1.0
Sniffles2.INS.21BM12	1.0
Sniffles2.INS.2CBM8	1.0
Sniffles2.INS.31M3	1.0
Sniffles2.INS.4A0M5	1.0
Sniffles2.DEL.B2M15	1.0
Sniffles2.DEL.287MC	1.0
Sniffles2.INS.384M16	1.0
Sniffles2.INS.217MB	1.0
Sniffles2.DEL.239M11	1.0
Sniffles2.INS.747M1	1.0
Sniffles2.DEL.2FM3	1.0
Sniffles2.INS.359M2	1.0
Sniffles2.DEL.27FMC	1.0
Sniffles2.INS.77M11	1.0
Sniffles2.DEL.444M4	1.0
Sniffles2.INS.116M9	1.0
Sniffles2.DEL.24FME	1.0
Sniffles2.INS.2BBM12	1.0
Sniffles2.DEL.123M10	1.0
Sniffles2.INS.10DMB	1.0
Sniffles2.DEL.232M2	1.0
Sniffles2.INS.40FM10	1.0
Sniffles2.DEL.73AM0	1.0
Sniffles2.INS.1BEM0	1.0
Sniffles2.DEL.12DM5	1.0
Sniffles2.INS.372M11	1.0
Sniffles2.INS.3M9	1.0
Sniffles2.DEL.6EM3	1.0
Sniffles2.DEL.16BM5	1.0
Sniffles2.DEL.5E1M5	1.0
Sniffles2.INS.4E6M4	1.0
Sniffles2.INS.22M11	1.0
Sniffles2.INS.1F3M0	1.0
Sniffles2.DEL.17FM4	1.0
Sniffles2.INS.271M11	1.0
Sniffles2.DEL.209M7	1.0
Sniffles2.DEL.593M3	1.0
Sniffles2.INS.377M8	1.0
Sniffles2.DEL.4A0M2	1.0
Sniffles2.INS.168MA	1.0
Sniffles2.DEL.23AM2	1.0
Sniffles2.INS.27FM11	1.0
Sniffles2.DEL.476M0	1.0
Sniffles2.INS.52BM1	1.0
Sniffles2.DEL.2A6M7	1.0
Sniffles2.DEL.163MD	1.0
Sniffles2.DEL.BCM10	1.0
Sniffles2.INS.291M14	1.0
Sniffles2.INS.169M1	1.0
Sniffles2.INS.6D2M1	1.0
Sniffles2.INS.160M5	1.0
Sniffles2.INS.2F8MB	1.0
Sniffles2.INS.3EAMB	1.0
Sniffles2.INS.312M0	1.0
Sniffles2.INS.3B8M3	1.0
Sniffles2.DEL.5EEM4	1.0
Sniffles2.INS.81BM0	1.0
Sniffles2.DEL.388M2	1.0
Sniffles2.INS.29BME	1.0
Sniffles2.DEL.4AMD	1.0
Sniffles2.DEL.608M4	1.0
Sniffles2.INS.43EM6	1.0
Sniffles2.DEL.257M1	1.0
Sniffles2.INS.21BM4	1.0
Sniffles2.DEL.C1M8	1.0
Sniffles2.INS.DM12	1.0
Sniffles2.DEL.1EAM13	1.0
Sniffles2.INS.40DM1	1.0
Sniffles2.INS.102M15	1.0
Sniffles2.INS.1DAM9	1.0
Sniffles2.INS.376M13	1.0
Sniffles2.INS.A6M11	1.0
Sniffles2.INS.2CAM8	1.0
Sniffles2.DEL.5BFM4	1.0
Sniffles2.DEL.642M6	1.0
Sniffles2.DEL.26DM1	1.0
Sniffles2.DEL.320ME	1.0
Sniffles2.DEL.4FCMB	1.0
Sniffles2.DEL.59EM4	1.0
Sniffles2.INS.32AM9	1.0
Sniffles2.INS.3CEM8	1.0
Sniffles2.INS.340MA	1.0
Sniffles2.INS.1F9M16	1.0
Sniffles2.INS.5B6M9	1.0
Sniffles2.INS.1BFMA	1.0
Sniffles2.INS.241MC	1.0
Sniffles2.DEL.4ACM3	1.0
Sniffles2.INS.117M7	1.0
Sniffles2.DEL.183M0	1.0
Sniffles2.DEL.94M0	1.0
Sniffles2.INS.839M0	1.0
Sniffles2.INS.294M2	1.0
Sniffles2.INS.447M1	1.0
Sniffles2.INS.40CMB	1.0
Sniffles2.INS.282MC	1.0
Sniffles2.DEL.102M12	1.0
Sniffles2.DEL.36AM3	1.0
Sniffles2.DEL.205M4	1.0
Sniffles2.DEL.305ME	1.0
Sniffles2.INS.40FMF	1.0
Sniffles2.DEL.442MB	1.0
Sniffles2.DEL.B3M6	1.0
Sniffles2.DEL.2F1M4	1.0
Sniffles2.INS.355M7	1.0
Sniffles2.INS.332M2	1.0
Sniffles2.INS.18CM5	1.0
Sniffles2.INS.117M2	1.0
Sniffles2.INS.100M15	1.0
Sniffles2.DEL.3CCM12	1.0
Sniffles2.DEL.14EM12	1.0
Sniffles2.DEL.392MA	1.0
Sniffles2.DEL.37FM10	1.0
Sniffles2.DEL.257M3	1.0
Sniffles2.DEL.3EEM13	1.0
Sniffles2.INS.CBM14	1.0
Sniffles2.DEL.3FBM1	1.0
Sniffles2.DEL.4A1MA	1.0
Sniffles2.DEL.97M7	1.0
Sniffles2.INS.3B8M13	1.0
Sniffles2.DEL.1A9MA	1.0
Sniffles2.DEL.205MC	1.0
Sniffles2.DEL.1A0M1	1.0
Sniffles2.DEL.5B9M3	1.0
Sniffles2.DEL.346M16	1.0
Sniffles2.DEL.30BM12	1.0
Sniffles2.DEL.330M5	1.0
Sniffles2.INS.4F9M0	1.0
Sniffles2.DEL.153MA	1.0
Sniffles2.DEL.4E5MA	1.0
Sniffles2.DEL.13DM4	1.0
Sniffles2.INS.4A1MB	1.0
Sniffles2.DEL.E8M14	1.0
Sniffles2.DEL.D7MA	1.0
Sniffles2.DEL.3BCM6	1.0
Sniffles2.DEL.4CDM6	1.0
Sniffles2.INS.F1M1	1.0
Sniffles2.DEL.17CM7	1.0
Sniffles2.INS.610M1	1.0
Sniffles2.DEL.357ME	1.0
Sniffles2.DEL.FAM5	1.0
Sniffles2.DEL.2E1M4	1.0
Sniffles2.DEL.10BM7	1.0
Sniffles2.INS.471M5	1.0
Sniffles2.INS.2CAM3	1.0
Sniffles2.DEL.358M11	1.0
Sniffles2.INS.3F6M9	1.0
Sniffles2.INS.176M8	1.0
Sniffles2.DEL.1A4MA	1.0
Sniffles2.INS.3BFM8	1.0
Sniffles2.DEL.3B1M5	1.0
Sniffles2.DEL.38CM2	1.0
Sniffles2.DEL.B3MB	1.0
Sniffles2.INS.F9M10	1.0
Sniffles2.DEL.283M4	1.0
Sniffles2.INS.1CBM5	1.0
Sniffles2.INS.1C1M9	1.0
Sniffles2.DEL.2A2M3	1.0
Sniffles2.INS.155MF	1.0
Sniffles2.DEL.1C9M13	1.0
Sniffles2.INS.4D8M0	1.0
Sniffles2.INS.4DMA	1.0
Sniffles2.INS.4AAM3	1.0
Sniffles2.DEL.56MA	1.0
Sniffles2.INS.1AEM9	1.0
Sniffles2.INS.59M12	1.0
Sniffles2.DEL.5CBM4	1.0
Sniffles2.DEL.3FCM16	1.0
Sniffles2.DEL.461M8	1.0
Sniffles2.INS.150MF	1.0
Sniffles2.DEL.2M3	1.0
Sniffles2.DEL.275M1	1.0
Sniffles2.DEL.466MB	1.0
Sniffles2.INS.A7M12	1.0
Sniffles2.DEL.44CMB	1.0
Sniffles2.INS.2A5M0	1.0
Sniffles2.INS.5BM7	1.0
Sniffles2.INS.152M10	1.0
Sniffles2.INS.2A0M0	1.0
Sniffles2.DEL.35BM10	1.0
Sniffles2.INS.461M13	1.0
Sniffles2.INS.112MB	1.0
Sniffles2.INS.4F8M8	1.0
Sniffles2.DEL.12BME	1.0
Sniffles2.INS.41M5	1.0
Sniffles2.DEL.79EM0	1.0
Sniffles2.INS.2A2M8	1.0
Sniffles2.DEL.47AM0	1.0
Sniffles2.DEL.37BM6	1.0
Sniffles2.DEL.1D4MF	1.0
Sniffles2.DEL.202M4	1.0
Sniffles2.INS.39CMC	1.0
Sniffles2.INS.205M7	1.0
Sniffles2.DEL.48EM1	1.0
Sniffles2.DEL.3C5M5	1.0
Sniffles2.DEL.268M2	1.0
Sniffles2.INS.2BFM0	1.0
Sniffles2.DEL.28EM15	1.0
Sniffles2.DEL.61BM4	1.0
Sniffles2.DEL.129M13	1.0
Sniffles2.INS.2A4M10	1.0
Sniffles2.DEL.4E9M0	1.0
Sniffles2.INS.461MB	1.0
Sniffles2.DEL.C0M14	1.0
Sniffles2.DEL.3DFM13	1.0
Sniffles2.DEL.1B3M12	1.0
Sniffles2.DEL.2E1MB	1.0
Sniffles2.INS.168M0	1.0
Sniffles2.DEL.400M4	1.0
Sniffles2.DEL.722M0	1.0
Sniffles2.INS.124M1	1.0
Sniffles2.INS.4B3M8	1.0
Sniffles2.INS.18EM2	1.0
Sniffles2.DEL.361MB	1.0
Sniffles2.DEL.1B7M6	1.0
Sniffles2.DEL.1DBM11	1.0
Sniffles2.DEL.312M10	1.0
Sniffles2.INS.2EFM8	1.0
Sniffles2.INS.1E1M13	1.0
Sniffles2.DEL.19DMC	1.0
Sniffles2.DEL.4CEM3	1.0
Sniffles2.INS.267MD	1.0
Sniffles2.DEL.434M5	1.0
Sniffles2.INS.154M7	1.0
Sniffles2.INS.5A0M9	1.0
Sniffles2.DEL.331M10	1.0
Sniffles2.DEL.182M5	1.0
Sniffles2.INS.362M5	1.0
Sniffles2.INS.198M16	1.0
Sniffles2.DEL.EFM12	1.0
Sniffles2.INS.20M11	1.0
Sniffles2.DEL.409M3	1.0
Sniffles2.INS.C7M6	1.0
Sniffles2.DEL.2B9M2	1.0
Sniffles2.DEL.4AFM4	1.0
Sniffles2.INS.556M0	1.0
Sniffles2.DEL.3A2M0	1.0
Sniffles2.INS.5F2M5	1.0
Sniffles2.DEL.35CM7	1.0
Sniffles2.DEL.12CM8	1.0
Sniffles2.DEL.79CM0	1.0
Sniffles2.INS.24AMA	1.0
Sniffles2.INS.169MC	1.0
Sniffles2.INS.4E5M3	1.0
Sniffles2.DEL.340M6	1.0
Sniffles2.DEL.AAMF	1.0
Sniffles2.DEL.4FDM4	1.0
Sniffles2.DEL.72AM1	1.0
Sniffles2.INS.509M9	1.0
Sniffles2.INS.683M0	1.0
Sniffles2.DEL.4CEM9	1.0
Sniffles2.DEL.12AME	1.0
Sniffles2.INS.42FM4	1.0
Sniffles2.DEL.43EM4	1.0
Sniffles2.DEL.5BAM3	1.0
Sniffles2.INS.3D7M8	1.0
Sniffles2.INS.14AM13	1.0
Sniffles2.INS.9FM10	1.0
Sniffles2.INS.1E9M0	1.0
Sniffles2.DEL.2CFM7	1.0
Sniffles2.DEL.2C3MB	1.0
Sniffles2.DEL.383M7	1.0
Sniffles2.INS.11AM12	1.0
Sniffles2.DEL.1AFM1	1.0
Sniffles2.INS.4AAM8	1.0
Sniffles2.DEL.316M10	1.0
Sniffles2.DEL.450M5	1.0
Sniffles2.INS.198M14	1.0
Sniffles2.DEL.38EMA	1.0
Sniffles2.DEL.5DFM9	1.0
Sniffles2.INS.42FM1	1.0
Sniffles2.DEL.16FM10	1.0
Sniffles2.INS.4D4M6	1.0
Sniffles2.INS.13FM13	1.0
Sniffles2.INS.2ADM2	1.0
Sniffles2.INS.182M0	1.0
Sniffles2.DEL.28CM10	1.0
Sniffles2.INS.375M10	1.0
Sniffles2.DEL.3FEM10	1.0
Sniffles2.DEL.484M10	1.0
Sniffles2.DEL.184M3	1.0
Sniffles2.INS.69AM1	1.0
Sniffles2.INS.A9M4	1.0
Sniffles2.DEL.2A3MF	1.0
Sniffles2.INS.266M4	1.0
Sniffles2.INS.38M13	1.0
Sniffles2.INS.366M5	1.0
Sniffles2.DEL.47AM4	1.0
Sniffles2.INS.34DM12	1.0
Sniffles2.DEL.63M7	1.0
Sniffles2.DEL.4A4M16	1.0
Sniffles2.DEL.5ECM0	1.0
Sniffles2.INS.2E7M11	1.0
Sniffles2.INS.287M15	1.0
Sniffles2.INS.2FFM16	1.0
Sniffles2.INS.18BM1	1.0
Sniffles2.DEL.170MA	1.0
Sniffles2.DEL.325MC	1.0
Sniffles2.DEL.8CM2	1.0
Sniffles2.INS.3BDMA	1.0
Sniffles2.INS.618M6	1.0
Sniffles2.INS.10AM1	1.0
Sniffles2.DEL.440M16	1.0
Sniffles2.INS.495M1	1.0
Sniffles2.DEL.32BM0	1.0
Sniffles2.INS.FM8	1.0
Sniffles2.INS.4B3M1	1.0
Sniffles2.INS.2FDM8	1.0
Sniffles2.INS.90M3	1.0
Sniffles2.DEL.543M4	1.0
Sniffles2.INS.120MF	1.0
Sniffles2.DEL.174M6	1.0
Sniffles2.DEL.4BFM7	1.0
Sniffles2.INS.A9M12	1.0
Sniffles2.DEL.C4M2	1.0
Sniffles2.INS.1D4M15	1.0
Sniffles2.DEL.1FEM15	1.0
Sniffles2.DEL.247M8	1.0
Sniffles2.DEL.4E1M1	1.0
Sniffles2.DEL.A6M8	1.0
Sniffles2.DEL.6BDM1	1.0
Sniffles2.INS.4DEM1	1.0
Sniffles2.DEL.450M16	1.0
Sniffles2.INS.2E5MB	1.0
Sniffles2.DEL.91M6	1.0
Sniffles2.INS.E0MA	1.0
Sniffles2.DEL.489M3	1.0
Sniffles2.DEL.625M4	1.0
Sniffles2.INS.748M1	1.0
Sniffles2.INS.2A1MF	1.0
Sniffles2.DEL.2E7MC	1.0
Sniffles2.DEL.23FM12	1.0
Sniffles2.INS.47BM5	1.0
Sniffles2.DEL.C4MD	1.0
Sniffles2.DEL.145M1	1.0
Sniffles2.INS.51M5	1.0
Sniffles2.DEL.307ME	1.0
Sniffles2.INS.265MB	1.0
Sniffles2.INS.24BMA	1.0
Sniffles2.DEL.A6M2	1.0
Sniffles2.DEL.626M4	1.0
Sniffles2.INS.234M15	1.0
Sniffles2.INS.1B9MF	1.0
Sniffles2.DEL.37CM9	1.0
Sniffles2.DEL.279M11	1.0
Sniffles2.INS.58AM6	1.0
Sniffles2.INS.3B6MF	1.0
Sniffles2.DEL.295M7	1.0
Sniffles2.DEL.28EMA	1.0
Sniffles2.DEL.18FMD	1.0
Sniffles2.INS.2F2M13	1.0
Sniffles2.INS.27EM8	1.0
Sniffles2.DEL.223MA	1.0
Sniffles2.INS.1FEM5	1.0
Sniffles2.DEL.217MF	1.0
Sniffles2.INS.220M8	1.0
Sniffles2.INS.422M2	1.0
Sniffles2.DEL.304M10	1.0
Sniffles2.INS.47CM13	1.0
Sniffles2.DEL.4B6M13	1.0
Sniffles2.DEL.39M12	1.0
Sniffles2.DEL.56CM3	1.0
Sniffles2.INS.20BM13	1.0
Sniffles2.INS.71M2	1.0
Sniffles2.DEL.2D6ME	1.0
Sniffles2.DEL.281M13	1.0
Sniffles2.DEL.EDM17	1.0
Sniffles2.DEL.1FAM7	1.0
Sniffles2.INS.20FMD	1.0
Sniffles2.INS.1C9M14	1.0
Sniffles2.DEL.330M7	1.0
Sniffles2.DEL.227MB	1.0
Sniffles2.INS.43FM9	1.0
Sniffles2.DEL.1BDMD	1.0
Sniffles2.INS.19DM7	1.0
Sniffles2.INS.1E2M9	1.0
Sniffles2.DEL.3D7MA	1.0
Sniffles2.INS.3B8M12	1.0
Sniffles2.DEL.404MC	1.0
Sniffles2.INS.29CMA	1.0
Sniffles2.DEL.43FM7	1.0
Sniffles2.INS.192M15	1.0
Sniffles2.INS.2ADM3	1.0
Sniffles2.INS.65M8	1.0
Sniffles2.DEL.241M9	1.0
Sniffles2.DEL.27BM2	1.0
Sniffles2.DEL.ECM2	1.0
Sniffles2.INS.D4M3	1.0
Sniffles2.DEL.3F1M8	1.0
Sniffles2.DEL.36DM4	1.0
Sniffles2.DEL.32CMC	1.0
Sniffles2.INS.1F8M16	1.0
Sniffles2.DEL.224MC	1.0
Sniffles2.INS.1CCM1	1.0
Sniffles2.DEL.51FM4	1.0
Sniffles2.INS.36MF	1.0
Sniffles2.INS.43BM9	1.0
Sniffles2.INS.6AAM1	1.0
Sniffles2.INS.27DM16	1.0
Sniffles2.DEL.247M13	1.0
Sniffles2.DEL.31BM12	1.0
Sniffles2.INS.281M0	1.0
Sniffles2.DEL.7FMF	1.0
Sniffles2.DEL.18AMD	1.0
Sniffles2.INS.52CM2	1.0
Sniffles2.DEL.566M3	1.0
Sniffles2.DEL.67M9	1.0
Sniffles2.INS.140M2	1.0
Sniffles2.INS.14CMD	1.0
Sniffles2.DEL.C3MB	1.0
Sniffles2.INS.5C9M9	1.0
Sniffles2.INS.1C6M0	1.0
Sniffles2.INS.5AM6	1.0
Sniffles2.DEL.29FM3	1.0
Sniffles2.DEL.3C6M16	1.0
Sniffles2.INS.3B3M8	1.0
Sniffles2.DEL.317M3	1.0
Sniffles2.DEL.5AM4	1.0
Sniffles2.DEL.1C7M3	1.0
Sniffles2.INS.19AM3	1.0
Sniffles2.DEL.9M4	1.0
Sniffles2.DEL.CBM11	1.0
Sniffles2.INS.676M1	1.0
Sniffles2.DEL.3F4M7	1.0
Sniffles2.INS.4B7M3	1.0
Sniffles2.INS.1A8M13	1.0
Sniffles2.INS.5B5M1	1.0
Sniffles2.DEL.435M13	1.0
Sniffles2.DEL.1B2M10	1.0
Sniffles2.DEL.61CM1	1.0
Sniffles2.INS.4B8M7	1.0
Sniffles2.DEL.1A0M12	1.0
Sniffles2.DEL.5B9M5	1.0
Sniffles2.INS.2B4MB	1.0
Sniffles2.INS.201M16	1.0
Sniffles2.DEL.37FM9	1.0
Sniffles2.DEL.E1MC	1.0
Sniffles2.INS.4ABM3	1.0
Sniffles2.DEL.1F9M7	1.0
Sniffles2.INS.291M15	1.0
Sniffles2.INS.124M15	1.0
Sniffles2.INS.6C9M0	1.0
Sniffles2.DEL.4D7M8	1.0
Sniffles2.INS.231M6	1.0
Sniffles2.INS.4C7M3	1.0
Sniffles2.DEL.1A9MD	1.0
Sniffles2.INS.69M7	1.0
Sniffles2.DEL.1DDM10	1.0
Sniffles2.DEL.301M10	1.0
Sniffles2.DEL.6E6M1	1.0
Sniffles2.INS.66M13	1.0
Sniffles2.INS.631M0	1.0
Sniffles2.INS.114M2	1.0
Sniffles2.DEL.3FAM7	1.0
Sniffles2.INS.EEM10	1.0
Sniffles2.INS.11AM4	1.0
Sniffles2.DEL.ADM15	1.0
Sniffles2.INS.2A4M13	1.0
Sniffles2.INS.491M1	1.0
Sniffles2.DEL.252M10	1.0
Sniffles2.INS.2F2MF	1.0
Sniffles2.DEL.25EM14	1.0
Sniffles2.INS.683M3	1.0
Sniffles2.DEL.111ME	1.0
Sniffles2.INS.17BME	1.0
Sniffles2.DEL.2A6MA	1.0
Sniffles2.INS.48FM0	1.0
Sniffles2.INS.74EM0	1.0
Sniffles2.INS.B5MA	1.0
Sniffles2.INS.241M11	1.0
Sniffles2.DEL.A2M12	1.0
Sniffles2.INS.68AM1	1.0
Sniffles2.INS.6M13	1.0
Sniffles2.DEL.EAM8	1.0
Sniffles2.DEL.471M2	1.0
Sniffles2.DEL.4F2M1	1.0
Sniffles2.DEL.4B0M6	1.0
Sniffles2.INS.2BFM3	1.0
Sniffles2.INS.293M2	1.0
Sniffles2.DEL.382M11	1.0
Sniffles2.INS.3A8MB	1.0
Sniffles2.DEL.3E7M3	1.0
Sniffles2.DEL.2BBM2	1.0
Sniffles2.DEL.48M8	1.0
Sniffles2.INS.2C1M14	1.0
Sniffles2.DEL.201M4	1.0
Sniffles2.INS.1D0M6	1.0
Sniffles2.DEL.2A4MC	1.0
Sniffles2.INS.323MB	1.0
Sniffles2.DEL.118M4	1.0
Sniffles2.INS.460M6	1.0
Sniffles2.INS.3A7M1	1.0
Sniffles2.DEL.13M7	1.0
Sniffles2.DEL.3D6M16	1.0
Sniffles2.DEL.24CMA	1.0
Sniffles2.DEL.252ME	1.0
Sniffles2.INS.7AMD	1.0
Sniffles2.INS.1A4M15	1.0
Sniffles2.DEL.128MB	1.0
Sniffles2.INS.2E8M11	1.0
Sniffles2.DEL.2A1M14	1.0
Sniffles2.INS.290M16	1.0
Sniffles2.DEL.60BM1	1.0
Sniffles2.DEL.5D7M4	1.0
Sniffles2.INS.7M17	1.0
Sniffles2.DEL.3CDM4	1.0
Sniffles2.INS.79FM0	1.0
Sniffles2.INS.2F7M7	1.0
Sniffles2.DEL.553M5	1.0
Sniffles2.DEL.52BM2	1.0
Sniffles2.INS.1F1M12	1.0
Sniffles2.INS.3F4M8	1.0
Sniffles2.DEL.180MA	1.0
Sniffles2.INS.5C4M3	1.0
Sniffles2.DEL.43M8	1.0
Sniffles2.DEL.4A0M1	1.0
Sniffles2.INS.402M2	1.0
Sniffles2.INS.2DM3	1.0
Sniffles2.DEL.103M5	1.0
Sniffles2.INS.9DMA	1.0
Sniffles2.DEL.96M10	1.0
Sniffles2.DEL.2E9MF	1.0
Sniffles2.DEL.36CM5	1.0
Sniffles2.DEL.293M1	1.0
Sniffles2.INS.E3M1	1.0
Sniffles2.DEL.2E2M6	1.0
Sniffles2.DEL.109M5	1.0
Sniffles2.INS.38CM6	1.0
Sniffles2.INS.4CBM4	1.0
Sniffles2.INS.8BMF	1.0
Sniffles2.INS.495M2	1.0
Sniffles2.INS.3DCM7	1.0
Sniffles2.INS.13BM3	1.0
Sniffles2.DEL.E2M4	1.0
Sniffles2.DEL.8BMA	1.0
Sniffles2.INS.1FMF	1.0
Sniffles2.DEL.41BMC	1.0
Sniffles2.DEL.148M5	1.0
Sniffles2.INS.67M11	1.0
Sniffles2.DEL.B1M5	1.0
Sniffles2.INS.236M1	1.0
Sniffles2.DEL.2F4M1	1.0
Sniffles2.INS.427M4	1.0
Sniffles2.INS.27BME	1.0
Sniffles2.INS.11BMA	1.0
Sniffles2.DEL.241M2	1.0
Sniffles2.DEL.294M1	1.0
Sniffles2.INS.325MA	1.0
Sniffles2.DEL.466M7	1.0
Sniffles2.DEL.355MB	1.0
Sniffles2.DEL.108M4	1.0
Sniffles2.INS.13EM3	1.0
Sniffles2.INS.1CAM5	1.0
Sniffles2.DEL.DFM13	1.0
Sniffles2.INS.113MD	1.0
Sniffles2.DEL.2D5M0	1.0
Sniffles2.DEL.485M16	1.0
Sniffles2.DEL.137M12	1.0
Sniffles2.DEL.29FMF	1.0
Sniffles2.DEL.4ECMA	1.0
Sniffles2.INS.E0M3	1.0
Sniffles2.INS.109M8	1.0
Sniffles2.DEL.64DM4	1.0
Sniffles2.INS.150M14	1.0
Sniffles2.INS.364M5	1.0
Sniffles2.INS.368MB	1.0
Sniffles2.INS.DCMA	1.0
Sniffles2.DEL.95M3	1.0
Sniffles2.DEL.2A3MD	1.0
Sniffles2.DEL.1F0M6	1.0
Sniffles2.DEL.1F1MC	1.0
Sniffles2.DEL.1EDM6	1.0
Sniffles2.INS.183MA	1.0
Sniffles2.DEL.419M9	1.0
Sniffles2.INS.55AM2	1.0
Sniffles2.DEL.187MB	1.0
Sniffles2.INS.24BM11	1.0
Sniffles2.INS.227M4	1.0
Sniffles2.INS.8BM2	1.0
Sniffles2.INS.11M8	1.0
Sniffles2.DEL.2E3M4	1.0
Sniffles2.INS.2D3M14	1.0
Sniffles2.INS.555M1	1.0
Sniffles2.INS.1D7M9	1.0
Sniffles2.DEL.25EM0	1.0
Sniffles2.INS.561M0	1.0
Sniffles2.INS.429M4	1.0
Sniffles2.INS.4CMB	1.0
Sniffles2.DEL.700M0	1.0
Sniffles2.DEL.6A0M6	1.0
Sniffles2.DEL.460M0	1.0
Sniffles2.INS.132MC	1.0
Sniffles2.DEL.492M1	1.0
Sniffles2.INS.2E2M2	1.0
Sniffles2.DEL.24FM15	1.0
Sniffles2.INS.470M4	1.0
Sniffles2.DEL.BMB	1.0
Sniffles2.INS.289MA	1.0
Sniffles2.DEL.4E8M9	1.0
Sniffles2.INS.38M8	1.0
Sniffles2.INS.D2M14	1.0
Sniffles2.DEL.4C3M7	1.0
Sniffles2.DEL.30BMB	1.0
Sniffles2.DEL.492M8	1.0
Sniffles2.INS.1CFMC	1.0
Sniffles2.DEL.3CEMF	1.0
Sniffles2.INS.F7MB	1.0
Sniffles2.INS.207M1	1.0
Sniffles2.INS.3F9MA	1.0
Sniffles2.DEL.176M4	1.0
Sniffles2.INS.4F4M5	1.0
Sniffles2.DEL.AM5	1.0
Sniffles2.DEL.7FM15	1.0
Sniffles2.DEL.2B7M13	1.0
Sniffles2.INS.229M13	1.0
Sniffles2.INS.6DEM0	1.0
Sniffles2.DEL.285M13	1.0
Sniffles2.INS.3D1M0	1.0
Sniffles2.DEL.21BMD	1.0
Sniffles2.DEL.C7M15	1.0
Sniffles2.INS.407MA	1.0
Sniffles2.DEL.1D6M6	1.0
Sniffles2.INS.36EM8	1.0
Sniffles2.INS.2BDMB	1.0
Sniffles2.DEL.3C7M11	1.0
Sniffles2.INS.3EDM16	1.0
Sniffles2.INS.3B2MF	1.0
Sniffles2.INS.2A7ME	1.0
Sniffles2.DEL.157M11	1.0
Sniffles2.INS.419M3	1.0
Sniffles2.DEL.4B6M7	1.0
Sniffles2.DEL.416MA	1.0
Sniffles2.INS.1E1M1	1.0
Sniffles2.DEL.33EMB	1.0
Sniffles2.DEL.40MF	1.0
Sniffles2.DEL.37CM5	1.0
Sniffles2.INS.5C4M4	1.0
Sniffles2.INS.F8MC	1.0
Sniffles2.INS.647M1	1.0
Sniffles2.INS.1EEM9	1.0
Sniffles2.INS.189M13	1.0
Sniffles2.DEL.27DM6	1.0
Sniffles2.DEL.3E6M8	1.0
Sniffles2.INS.132M0	1.0
Sniffles2.INS.216MC	1.0
Sniffles2.DEL.217M8	1.0
Sniffles2.DEL.2A1M4	1.0
Sniffles2.DEL.321M6	1.0
Sniffles2.INS.14BM17	1.0
Sniffles2.INS.146M15	1.0
Sniffles2.INS.6DM8	1.0
Sniffles2.DEL.CAMB	1.0
Sniffles2.INS.5C6M6	1.0
Sniffles2.INS.CCM15	1.0
Sniffles2.INS.40DM2	1.0
Sniffles2.DEL.AAM0	1.0
Sniffles2.DEL.5FAM9	1.0
Sniffles2.DEL.44AM2	1.0
Sniffles2.INS.2BDM11	1.0
Sniffles2.INS.4ACM4	1.0
Sniffles2.INS.2D0M2	1.0
Sniffles2.INS.509M3	1.0
Sniffles2.INS.26FMB	1.0
Sniffles2.DEL.AAM4	1.0
Sniffles2.DEL.31CM16	1.0
Sniffles2.INS.2AM12	1.0
Sniffles2.INS.16AM13	1.0
Sniffles2.DEL.2A8MA	1.0
Sniffles2.INS.459M3	1.0
Sniffles2.DEL.5ADM5	1.0
Sniffles2.INS.105M0	1.0
Sniffles2.INS.3EBM1	1.0
Sniffles2.DEL.44BM7	1.0
Sniffles2.DEL.22EM12	1.0
Sniffles2.DEL.37MB	1.0
Sniffles2.DEL.3A9M3	1.0
Sniffles2.DEL.50DM6	1.0
Sniffles2.DEL.392M7	1.0
Sniffles2.DEL.153M15	1.0
Sniffles2.DEL.150M2	1.0
Sniffles2.DEL.8DM3	1.0
Sniffles2.INS.C1MD	1.0
Sniffles2.INS.312M5	1.0
Sniffles2.DEL.126M3	1.0
Sniffles2.INS.506M4	1.0
Sniffles2.DEL.30CM5	1.0
Sniffles2.INS.44BM5	1.0
Sniffles2.INS.457M5	1.0
Sniffles2.INS.3F9M5	1.0
Sniffles2.INS.130M7	1.0
Sniffles2.DEL.8EM0	1.0
Sniffles2.INS.580M3	1.0
Sniffles2.DEL.150MC	1.0
Sniffles2.INS.A8M0	1.0
Sniffles2.INS.599M1	1.0
Sniffles2.DEL.44FM13	1.0
Sniffles2.DEL.2C9M6	1.0
Sniffles2.INS.FBM12	1.0
Sniffles2.DEL.222M15	1.0
Sniffles2.DEL.190M10	1.0
Sniffles2.INS.464M7	1.0
Sniffles2.DEL.98M9	1.0
Sniffles2.INS.3D8M10	1.0
Sniffles2.DEL.65AM3	1.0
Sniffles2.DEL.453M9	1.0
Sniffles2.INS.C1M0	1.0
Sniffles2.INS.1DBMF	1.0
Sniffles2.INS.17M3	1.0
Sniffles2.INS.3B5M9	1.0
Sniffles2.INS.39BM3	1.0
Sniffles2.DEL.1C5M14	1.0
Sniffles2.INS.265ME	1.0
Sniffles2.DEL.854M0	1.0
Sniffles2.INS.3C9M16	1.0
Sniffles2.DEL.27DM10	1.0
Sniffles2.INS.5B9M0	1.0
Sniffles2.DEL.3C8M0	1.0
Sniffles2.INS.557M6	1.0
Sniffles2.DEL.5BM15	1.0
Sniffles2.DEL.479M0	1.0
Sniffles2.DEL.4D9M9	1.0
Sniffles2.DEL.B0M7	1.0
Sniffles2.INS.11AM3	1.0
Sniffles2.INS.7CEM0	1.0
Sniffles2.DEL.DFM3	1.0
Sniffles2.DEL.78M10	1.0
Sniffles2.DEL.23M14	1.0
Sniffles2.INS.5F8M0	1.0
Sniffles2.INS.497M5	1.0
Sniffles2.DEL.158M9	1.0
Sniffles2.INS.49MA	1.0
Sniffles2.INS.5AM1	1.0
Sniffles2.DEL.347M9	1.0
Sniffles2.INS.63CM0	1.0
Sniffles2.DEL.8BMB	1.0
Sniffles2.DEL.19AMD	1.0
Sniffles2.INS.2A4M7	1.0
Sniffles2.INS.34BM3	1.0
Sniffles2.DEL.32DM13	1.0
Sniffles2.DEL.472MA	1.0
Sniffles2.DEL.2B2M14	1.0
Sniffles2.DEL.4C6MB	1.0
Sniffles2.INS.679M1	1.0
Sniffles2.INS.189M7	1.0
Sniffles2.INS.6E2M6	1.0
Sniffles2.DEL.233M0	1.0
Sniffles2.INS.7D4M1	1.0
Sniffles2.INS.34DMF	1.0
Sniffles2.INS.3F4M5	1.0
Sniffles2.DEL.202M0	1.0
Sniffles2.INS.421MB	1.0
Sniffles2.INS.25CM10	1.0
Sniffles2.DEL.3FBM10	1.0
Sniffles2.DEL.4A9M5	1.0
Sniffles2.DEL.573M1	1.0
Sniffles2.DEL.196M16	1.0
Sniffles2.INS.2DCM3	1.0
Sniffles2.DEL.189M8	1.0
Sniffles2.INS.3AFMC	1.0
Sniffles2.DEL.81M13	1.0
Sniffles2.DEL.22AM14	1.0
Sniffles2.DEL.DCM6	1.0
Sniffles2.INS.260M7	1.0
Sniffles2.INS.2D8MB	1.0
Sniffles2.INS.21CM8	1.0
Sniffles2.INS.226M6	1.0
Sniffles2.INS.146M14	1.0
Sniffles2.INS.496M4	1.0
Sniffles2.DEL.1EAM16	1.0
Sniffles2.INS.203ME	1.0
Sniffles2.INS.2CDMF	1.0
Sniffles2.INS.394M12	1.0
Sniffles2.DEL.617M0	1.0
Sniffles2.INS.1F3M10	1.0
Sniffles2.DEL.25EMB	1.0
Sniffles2.INS.266MC	1.0
Sniffles2.DEL.673M0	1.0
Sniffles2.INS.648M1	1.0
Sniffles2.INS.35EM4	1.0
Sniffles2.INS.85M8	1.0
Sniffles2.INS.148M1	1.0
Sniffles2.INS.20FM2	1.0
Sniffles2.INS.3B9M7	1.0
Sniffles2.INS.4ACM8	1.0
Sniffles2.DEL.75DM0	1.0
Sniffles2.INS.1FFM16	1.0
Sniffles2.INS.236MC	1.0
Sniffles2.DEL.155MD	1.0
Sniffles2.DEL.28AM7	1.0
Sniffles2.DEL.65M11	1.0
Sniffles2.DEL.422MA	1.0
Sniffles2.DEL.2BBM13	1.0
Sniffles2.INS.7BEM1	1.0
Sniffles2.INS.381M2	1.0
Sniffles2.DEL.654M6	1.0
Sniffles2.INS.223M12	1.0
Sniffles2.DEL.1C1MF	1.0
Sniffles2.DEL.CAM13	1.0
Sniffles2.INS.38AMB	1.0
Sniffles2.DEL.3B4M3	1.0
Sniffles2.DEL.2A4M5	1.0
Sniffles2.INS.53M2	1.0
Sniffles2.INS.2AAM0	1.0
Sniffles2.INS.4E9M3	1.0
Sniffles2.INS.260M1	1.0
Sniffles2.INS.6CEM1	1.0
Sniffles2.DEL.1AFM6	1.0
Sniffles2.INS.1DFMA	1.0
Sniffles2.INS.A4M1	1.0
Sniffles2.DEL.372M8	1.0
Sniffles2.INS.16DM6	1.0
Sniffles2.DEL.1CEME	1.0
Sniffles2.DEL.A7MD	1.0
Sniffles2.DEL.313MC	1.0
Sniffles2.INS.334M10	1.0
Sniffles2.INS.1A9M16	1.0
Sniffles2.INS.207M16	1.0
Sniffles2.DEL.3D3M3	1.0
Sniffles2.DEL.B4M14	1.0
Sniffles2.DEL.25EM12	1.0
Sniffles2.DEL.A5ME	1.0
Sniffles2.DEL.3D0MC	1.0
Sniffles2.INS.1C8M12	1.0
Sniffles2.DEL.62M11	1.0
Sniffles2.DEL.2C1M3	1.0
Sniffles2.DEL.1F7ME	1.0
Sniffles2.DEL.352M7	1.0
Sniffles2.DEL.446M9	1.0
Sniffles2.INS.30EM16	1.0
Sniffles2.DEL.597M0	1.0
Sniffles2.DEL.146M1	1.0
Sniffles2.INS.824M0	1.0
Sniffles2.INS.3B8M11	1.0
Sniffles2.DEL.277ME	1.0
Sniffles2.DEL.386M5	1.0
Sniffles2.INS.38FM1	1.0
Sniffles2.DEL.186ME	1.0
Sniffles2.DEL.11FM14	1.0
Sniffles2.INS.12BM3	1.0
Sniffles2.INS.407MB	1.0
Sniffles2.INS.1FEMC	1.0
Sniffles2.INS.181M10	1.0
Sniffles2.INS.1DEM4	1.0
Sniffles2.DEL.191MC	1.0
Sniffles2.INS.2BEM7	1.0
Sniffles2.DEL.140M3	1.0
Sniffles2.INS.31CMC	1.0
Sniffles2.DEL.10CM11	1.0
Sniffles2.INS.39EM3	1.0
Sniffles2.DEL.6AM1	1.0
Sniffles2.INS.586M5	1.0
Sniffles2.INS.2B4M1	1.0
Sniffles2.DEL.32EM14	1.0
Sniffles2.INS.3D0M6	1.0
Sniffles2.DEL.D2M2	1.0
Sniffles2.INS.9CM1	1.0
Sniffles2.INS.B1M2	1.0
Sniffles2.INS.B5M4	1.0
Sniffles2.INS.89M16	1.0
Sniffles2.DEL.3DBMF	1.0
Sniffles2.INS.4DM3	1.0
Sniffles2.INS.62M9	1.0
Sniffles2.DEL.1F1M7	1.0
Sniffles2.DEL.4A6M9	1.0
Sniffles2.INS.2A9MF	1.0
Sniffles2.INS.1BEM10	1.0
Sniffles2.DEL.13EM0	1.0
Sniffles2.DEL.1BEM13	1.0
Sniffles2.INS.7C9M1	1.0
Sniffles2.DEL.311M3	1.0
Sniffles2.INS.261M13	1.0
Sniffles2.DEL.1EEM6	1.0
Sniffles2.INS.DEM12	1.0
Sniffles2.DEL.BFM1	1.0
Sniffles2.INS.483M1	1.0
Sniffles2.DEL.2B7MA	1.0
Sniffles2.DEL.25FMC	1.0
Sniffles2.INS.73M2	1.0
Sniffles2.DEL.2E1M15	1.0
Sniffles2.INS.140M8	1.0
Sniffles2.INS.51EM9	1.0
Sniffles2.DEL.DCMF	1.0
Sniffles2.DEL.430M0	1.0
Sniffles2.DEL.2B3M13	1.0
Sniffles2.DEL.39FMF	1.0
Sniffles2.INS.37AMF	1.0
Sniffles2.INS.464M4	1.0
Sniffles2.INS.673M1	1.0
Sniffles2.INS.39DMC	1.0
Sniffles2.INS.2EFM3	1.0
Sniffles2.INS.2DEM7	1.0
Sniffles2.INS.711M0	1.0
Sniffles2.DEL.351M6	1.0
Sniffles2.DEL.299MC	1.0
Sniffles2.DEL.FDM6	1.0
Sniffles2.INS.EFM2	1.0
Sniffles2.DEL.66DM0	1.0
Sniffles2.DEL.220ME	1.0
Sniffles2.INS.C5MA	1.0
Sniffles2.DEL.1DFM10	1.0
Sniffles2.DEL.10BM10	1.0
Sniffles2.DEL.460M5	1.0
Sniffles2.INS.659M0	1.0
Sniffles2.DEL.4BEM2	1.0
Sniffles2.DEL.55BM3	1.0
Sniffles2.DEL.72M5	1.0
Sniffles2.DEL.43CM2	1.0
Sniffles2.INS.343M3	1.0
Sniffles2.DEL.239MA	1.0
Sniffles2.INS.159M12	1.0
Sniffles2.DEL.17EM7	1.0
Sniffles2.DEL.4C0MA	1.0
Sniffles2.DEL.10AM11	1.0
Sniffles2.DEL.23MD	1.0
Sniffles2.DEL.C3M7	1.0
Sniffles2.INS.464MA	1.0
Sniffles2.INS.B6M9	1.0
Sniffles2.INS.565M0	1.0
Sniffles2.DEL.E8M11	1.0
Sniffles2.DEL.14AM1	1.0
Sniffles2.INS.62DM6	1.0
Sniffles2.INS.1D3MA	1.0
Sniffles2.DEL.28EM1	1.0
Sniffles2.DEL.128M8	1.0
Sniffles2.DEL.43CM4	1.0
Sniffles2.DEL.265M16	1.0
Sniffles2.DEL.6CCM6	1.0
Sniffles2.INS.F8MF	1.0
Sniffles2.DEL.279M1	1.0
Sniffles2.DEL.2EBM3	1.0
Sniffles2.DEL.5B2M6	1.0
Sniffles2.DEL.F1ME	1.0
Sniffles2.DEL.2DM9	1.0
Sniffles2.INS.2D9MF	1.0
Sniffles2.DEL.371M10	1.0
Sniffles2.INS.366M13	1.0
Sniffles2.DEL.2E1M12	1.0
Sniffles2.INS.19DM9	1.0
Sniffles2.INS.2BBMD	1.0
Sniffles2.INS.7A3M0	1.0
Sniffles2.INS.357M8	1.0
Sniffles2.INS.223MF	1.0
Sniffles2.DEL.490M2	1.0
Sniffles2.INS.3E8M7	1.0
Sniffles2.INS.5B9M6	1.0
Sniffles2.INS.1C9ME	1.0
Sniffles2.DEL.53M1	1.0
Sniffles2.DEL.373MC	1.0
Sniffles2.INS.30AM11	1.0
Sniffles2.DEL.201ME	1.0
Sniffles2.DEL.1C1MA	1.0
Sniffles2.DEL.344M5	1.0
Sniffles2.DEL.289MB	1.0
Sniffles2.INS.1DDM4	1.0
Sniffles2.INS.486M16	1.0
Sniffles2.DEL.58M7	1.0
Sniffles2.DEL.522M6	1.0
Sniffles2.DEL.235MD	1.0
Sniffles2.INS.1F1M2	1.0
Sniffles2.DEL.2E4M3	1.0
Sniffles2.DEL.F2M2	1.0
Sniffles2.DEL.354M6	1.0
Sniffles2.DEL.5EM9	1.0
Sniffles2.INS.2C8M7	1.0
Sniffles2.DEL.46M4	1.0
Sniffles2.INS.3E1MA	1.0
Sniffles2.DEL.680M0	1.0
Sniffles2.DEL.4D9M6	1.0
Sniffles2.DEL.6EAM0	1.0
Sniffles2.DEL.2A2M16	1.0
Sniffles2.INS.28DM2	1.0
Sniffles2.INS.CDMF	1.0
Sniffles2.DEL.BDM9	1.0
Sniffles2.DEL.BBMB	1.0
Sniffles2.INS.290M7	1.0
Sniffles2.INS.498M0	1.0
Sniffles2.INS.57DM1	1.0
Sniffles2.INS.29AM9	1.0
Sniffles2.DEL.581M6	1.0
Sniffles2.DEL.1D5M6	1.0
Sniffles2.INS.444MB	1.0
Sniffles2.INS.231MD	1.0
Sniffles2.DEL.4EAM7	1.0
Sniffles2.INS.376M2	1.0
Sniffles2.DEL.4FM9	1.0
Sniffles2.INS.3F4M2	1.0
Sniffles2.INS.2DAMF	1.0
Sniffles2.INS.31CM14	1.0
Sniffles2.INS.1E8M1	1.0
Sniffles2.INS.128M9	1.0
Sniffles2.DEL.3C9M0	1.0
Sniffles2.DEL.51EM0	1.0
Sniffles2.DEL.2A7M8	1.0
Sniffles2.DEL.1A8M4	1.0
Sniffles2.INS.16EM13	1.0
Sniffles2.INS.192M9	1.0
Sniffles2.DEL.B9M3	1.0
Sniffles2.INS.55M12	1.0
Sniffles2.DEL.2A1M8	1.0
Sniffles2.INS.36EMA	1.0
Sniffles2.INS.202M12	1.0
Sniffles2.INS.299M8	1.0
Sniffles2.INS.A2MB	1.0
Sniffles2.INS.5F0M0	1.0
Sniffles2.INS.4DM5	1.0
Sniffles2.INS.4A4M0	1.0
Sniffles2.INS.38M6	1.0
Sniffles2.INS.B2MD	1.0
Sniffles2.INS.483M6	1.0
Sniffles2.DEL.518M1	1.0
Sniffles2.INS.440M13	1.0
Sniffles2.INS.1E1M7	1.0
Sniffles2.INS.475M5	1.0
Sniffles2.DEL.568M6	1.0
Sniffles2.INS.11EME	1.0
Sniffles2.DEL.45BM16	1.0
Sniffles2.DEL.2DBMB	1.0
Sniffles2.DEL.5A6M3	1.0
Sniffles2.INS.27EMB	1.0
Sniffles2.INS.180MF	1.0
Sniffles2.DEL.6CBM6	1.0
Sniffles2.INS.8CM0	1.0
Sniffles2.INS.4EM6	1.0
Sniffles2.DEL.653M6	1.0
Sniffles2.DEL.12FM3	1.0
Sniffles2.INS.220M0	1.0
Sniffles2.INS.15EME	1.0
Sniffles2.DEL.797M1	1.0
Sniffles2.INS.325M12	1.0
Sniffles2.DEL.224ME	1.0
Sniffles2.INS.589M0	1.0
Sniffles2.INS.46BM2	1.0
Sniffles2.DEL.2F8MC	1.0
Sniffles2.INS.207M5	1.0
Sniffles2.INS.771M1	1.0
Sniffles2.DEL.A0M4	1.0
Sniffles2.DEL.517M6	1.0
Sniffles2.DEL.FCM9	1.0
Sniffles2.DEL.1BAM8	1.0
Sniffles2.DEL.DM11	1.0
Sniffles2.DEL.120M5	1.0
Sniffles2.INS.1F1M1	1.0
Sniffles2.DEL.45EM3	1.0
Sniffles2.INS.283M6	1.0
Sniffles2.INS.3F7MF	1.0
Sniffles2.INS.40FM5	1.0
Sniffles2.DEL.3D3M0	1.0
Sniffles2.DEL.229M3	1.0
Sniffles2.INS.112M6	1.0
Sniffles2.INS.30EM9	1.0
Sniffles2.INS.36AM4	1.0
Sniffles2.INS.28EM5	1.0
Sniffles2.INS.5F0M5	1.0
Sniffles2.INS.330MC	1.0
Sniffles2.INS.62MF	1.0
Sniffles2.INS.41DM6	1.0
Sniffles2.INS.1D0M0	1.0
Sniffles2.DEL.7AM3	1.0
Sniffles2.DEL.5E7M9	1.0
Sniffles2.INS.830M0	1.0
Sniffles2.DEL.619M1	1.0
Sniffles2.DEL.122M10	1.0
Sniffles2.DEL.27AMF	1.0
Sniffles2.INS.48FM6	1.0
Sniffles2.DEL.132M6	1.0
Sniffles2.DEL.2CAM13	1.0
Sniffles2.DEL.213M7	1.0
Sniffles2.DEL.82M9	1.0
Sniffles2.INS.645M4	1.0
Sniffles2.DEL.393M13	1.0
Sniffles2.INS.643M6	1.0
Sniffles2.INS.3C6MF	1.0
Sniffles2.DEL.425M2	1.0
Sniffles2.INS.15EM6	1.0
Sniffles2.INS.421M16	1.0
Sniffles2.DEL.299M2	1.0
Sniffles2.INS.24AMD	1.0
Sniffles2.INS.17BM12	1.0
Sniffles2.INS.233MB	1.0
Sniffles2.INS.336M7	1.0
Sniffles2.DEL.283M8	1.0
Sniffles2.DEL.4CEM4	1.0
Sniffles2.DEL.3DEM7	1.0
Sniffles2.INS.10CM6	1.0
Sniffles2.INS.11EM5	1.0
Sniffles2.INS.4E0M2	1.0
Sniffles2.INS.4A7M3	1.0
Sniffles2.INS.59BM1	1.0
Sniffles2.INS.2DM6	1.0
Sniffles2.INS.21DM6	1.0
Sniffles2.DEL.162M11	1.0
Sniffles2.DEL.285M17	1.0
Sniffles2.INS.122ME	1.0
Sniffles2.DEL.765M0	1.0
Sniffles2.INS.327M10	1.0
Sniffles2.INS.1E2MC	1.0
Sniffles2.INS.307M3	1.0
Sniffles2.INS.D2M13	1.0
Sniffles2.INS.1DEM5	1.0
Sniffles2.DEL.225MA	1.0
Sniffles2.INS.171M4	1.0
Sniffles2.INS.10FM5	1.0
Sniffles2.INS.277M15	1.0
Sniffles2.INS.3F4M13	1.0
Sniffles2.DEL.2F0M3	1.0
Sniffles2.INS.84MB	1.0
Sniffles2.INS.25EM16	1.0
Sniffles2.DEL.10DM3	1.0
Sniffles2.INS.39DM1	1.0
Sniffles2.DEL.348M11	1.0
Sniffles2.DEL.14FM2	1.0
Sniffles2.DEL.394MB	1.0
Sniffles2.DEL.36EM7	1.0
Sniffles2.INS.2AFMF	1.0
Sniffles2.INS.221M1	1.0
Sniffles2.DEL.53M13	1.0
Sniffles2.DEL.26DMD	1.0
Sniffles2.DEL.12EMA	1.0
Sniffles2.DEL.3C8M5	1.0
Sniffles2.INS.3D3M1	1.0
Sniffles2.INS.2D1M8	1.0
Sniffles2.DEL.3FEM9	1.0
Sniffles2.INS.17EMF	1.0
Sniffles2.DEL.3A5MA	1.0
Sniffles2.INS.AAM2	1.0
Sniffles2.DEL.2A1MB	1.0
Sniffles2.INS.150M10	1.0
Sniffles2.DEL.2F5M8	1.0
Sniffles2.DEL.247M5	1.0
Sniffles2.INS.3C5M11	1.0
Sniffles2.INS.83M4	1.0
Sniffles2.INS.581M5	1.0
Sniffles2.DEL.BEM5	1.0
Sniffles2.INS.D9ME	1.0
Sniffles2.DEL.280M11	1.0
Sniffles2.DEL.52MC	1.0
Sniffles2.INS.46BM13	1.0
Sniffles2.INS.4E1M4	1.0
Sniffles2.INS.293M10	1.0
Sniffles2.INS.636M0	1.0
Sniffles2.INS.F9MF	1.0
Sniffles2.DEL.11AM8	1.0
Sniffles2.INS.43CM9	1.0
Sniffles2.INS.5CFM6	1.0
Sniffles2.INS.3E0M8	1.0
Sniffles2.DEL.445M16	1.0
Sniffles2.DEL.604M5	1.0
Sniffles2.INS.4CBM5	1.0
Sniffles2.INS.34EM7	1.0
Sniffles2.DEL.34MA	1.0
Sniffles2.DEL.55MD	1.0
Sniffles2.INS.238M0	1.0
Sniffles2.DEL.369M8	1.0
Sniffles2.INS.525M0	1.0
Sniffles2.INS.EAM10	1.0
Sniffles2.INS.214M0	1.0
Sniffles2.DEL.352M4	1.0
Sniffles2.INS.479MB	1.0
Sniffles2.DEL.3A8M2	1.0
Sniffles2.DEL.319M3	1.0
Sniffles2.DEL.3EEMB	1.0
Sniffles2.INS.26DM10	1.0
Sniffles2.INS.33AMA	1.0
Sniffles2.DEL.143M2	1.0
Sniffles2.DEL.3C7M1	1.0
Sniffles2.DEL.188M8	1.0
Sniffles2.INS.342M9	1.0
Sniffles2.INS.1F7M5	1.0
Sniffles2.DEL.12MD	1.0
Sniffles2.INS.83MA	1.0
Sniffles2.INS.2E2MB	1.0
Sniffles2.INS.268M16	1.0
Sniffles2.DEL.800M0	1.0
Sniffles2.INS.368M12	1.0
Sniffles2.INS.2A0MD	1.0
Sniffles2.INS.32AM8	1.0
Sniffles2.INS.117M9	1.0
Sniffles2.INS.45CM4	1.0
Sniffles2.INS.48BM10	1.0
Sniffles2.INS.320M16	1.0
Sniffles2.DEL.410MF	1.0
Sniffles2.DEL.2B3MD	1.0
Sniffles2.INS.360M0	1.0
Sniffles2.INS.129M11	1.0
Sniffles2.DEL.104M15	1.0
Sniffles2.DEL.411M5	1.0
Sniffles2.INS.3E9M16	1.0
Sniffles2.DEL.2BCM12	1.0
Sniffles2.DEL.619M9	1.0
Sniffles2.DEL.237MD	1.0
Sniffles2.INS.218MD	1.0
Sniffles2.INS.19EM11	1.0
Sniffles2.INS.30BMC	1.0
Sniffles2.INS.3CBM6	1.0
Sniffles2.DEL.301M7	1.0
Sniffles2.INS.39BM9	1.0
Sniffles2.INS.384M12	1.0
Sniffles2.INS.A8MF	1.0
Sniffles2.DEL.FEM2	1.0
Sniffles2.DEL.141MC	1.0
Sniffles2.DEL.15AM7	1.0
Sniffles2.DEL.B4M5	1.0
Sniffles2.INS.537M3	1.0
Sniffles2.INS.73MA	1.0
Sniffles2.DEL.1FM2	1.0
Sniffles2.DEL.11BMF	1.0
Sniffles2.INS.131M9	1.0
Sniffles2.DEL.304M11	1.0
Sniffles2.DEL.30BM1	1.0
Sniffles2.DEL.167M7	1.0
Sniffles2.DEL.298MC	1.0
Sniffles2.DEL.28BM5	1.0
Sniffles2.INS.38CMF	1.0
Sniffles2.DEL.2FEM0	1.0
Sniffles2.INS.18BM5	1.0
Sniffles2.DEL.63DM6	1.0
Sniffles2.DEL.C2M3	1.0
Sniffles2.INS.6AFM1	1.0
Sniffles2.DEL.1BAM5	1.0
Sniffles2.INS.61DM6	1.0
Sniffles2.INS.1C8M16	1.0
Sniffles2.DEL.31BM3	1.0
Sniffles2.DEL.641M3	1.0
Sniffles2.DEL.371M2	1.0
Sniffles2.INS.632M3	1.0
Sniffles2.INS.50BM9	1.0
Sniffles2.INS.138M11	1.0
Sniffles2.INS.452M2	1.0
Sniffles2.DEL.58EM5	1.0
Sniffles2.DEL.372M12	1.0
Sniffles2.DEL.2B0M2	1.0
Sniffles2.DEL.66AM1	1.0
Sniffles2.INS.38M17	1.0
Sniffles2.DEL.3AEM4	1.0
Sniffles2.INS.358M8	1.0
Sniffles2.INS.3EBM16	1.0
Sniffles2.INS.1BAM15	1.0
Sniffles2.INS.356M9	1.0
Sniffles2.INS.30DM3	1.0
Sniffles2.DEL.30FM7	1.0
Sniffles2.DEL.4A7M2	1.0
Sniffles2.INS.144M7	1.0
Sniffles2.DEL.359M13	1.0
Sniffles2.DEL.4AAM1	1.0
Sniffles2.INS.352MC	1.0
Sniffles2.DEL.4FFM6	1.0
Sniffles2.INS.46DM2	1.0
Sniffles2.DEL.4FM0	1.0
Sniffles2.INS.44FM1	1.0
Sniffles2.DEL.381MA	1.0
Sniffles2.DEL.5A8M1	1.0
Sniffles2.INS.196M15	1.0
Sniffles2.INS.2B2M11	1.0
Sniffles2.DEL.67EM4	1.0
Sniffles2.DEL.10EMD	1.0
Sniffles2.DEL.12DMB	1.0
Sniffles2.INS.443M2	1.0
Sniffles2.DEL.35DM6	1.0
Sniffles2.DEL.16AM7	1.0
Sniffles2.INS.1C8MB	1.0
Sniffles2.DEL.44CM1	1.0
Sniffles2.INS.6B2M1	1.0
Sniffles2.DEL.150ME	1.0
Sniffles2.INS.2F9M16	1.0
Sniffles2.INS.467MB	1.0
Sniffles2.INS.388M16	1.0
Sniffles2.DEL.1F2M5	1.0
Sniffles2.INS.2A2M7	1.0
Sniffles2.DEL.12FM9	1.0
Sniffles2.DEL.1DAM0	1.0
Sniffles2.DEL.64M11	1.0
Sniffles2.INS.2A6M6	1.0
Sniffles2.INS.6D5M1	1.0
Sniffles2.INS.38FMC	1.0
Sniffles2.DEL.556M9	1.0
Sniffles2.DEL.451M2	1.0
Sniffles2.DEL.1BBMD	1.0
Sniffles2.INS.2D8M15	1.0
Sniffles2.INS.54FM0	1.0
Sniffles2.INS.5EEM3	1.0
Sniffles2.DEL.818M0	1.0
Sniffles2.INS.21M6	1.0
Sniffles2.INS.A4MA	1.0
Sniffles2.INS.48AM13	1.0
Sniffles2.INS.3DBM0	1.0
Sniffles2.DEL.147M11	1.0
Sniffles2.INS.441M10	1.0
Sniffles2.INS.691M1	1.0
Sniffles2.DEL.222M2	1.0
Sniffles2.INS.FEM1	1.0
Sniffles2.INS.1B2M0	1.0
Sniffles2.INS.DEME	1.0
Sniffles2.INS.258M13	1.0
Sniffles2.DEL.507M4	1.0
Sniffles2.DEL.34M7	1.0
Sniffles2.INS.5B3M4	1.0
Sniffles2.INS.186M0	1.0
Sniffles2.INS.46M7	1.0
Sniffles2.DEL.70M14	1.0
Sniffles2.INS.40DM3	1.0
Sniffles2.DEL.28DMD	1.0
Sniffles2.DEL.250M7	1.0
Sniffles2.INS.1A1M2	1.0
Sniffles2.INS.515M8	1.0
Sniffles2.DEL.577M4	1.0
Sniffles2.DEL.173M3	1.0
Sniffles2.INS.18FM9	1.0
Sniffles2.DEL.22EM11	1.0
Sniffles2.DEL.149ME	1.0
Sniffles2.DEL.2F1M8	1.0
Sniffles2.INS.5E1M4	1.0
Sniffles2.INS.393MC	1.0
Sniffles2.INS.391M11	1.0
Sniffles2.INS.E1MA	1.0
Sniffles2.INS.2D6M0	1.0
Sniffles2.DEL.190M16	1.0
Sniffles2.INS.7AFM0	1.0
Sniffles2.DEL.1E8M3	1.0
Sniffles2.DEL.ADM17	1.0
Sniffles2.INS.1ACM16	1.0
Sniffles2.DEL.17EM1	1.0
Sniffles2.INS.174M4	1.0
Sniffles2.DEL.27EM7	1.0
Sniffles2.INS.174M3	1.0
Sniffles2.INS.59CM9	1.0
Sniffles2.INS.362M8	1.0
Sniffles2.INS.4B6M8	1.0
Sniffles2.INS.14CMC	1.0
Sniffles2.DEL.469M8	1.0
Sniffles2.DEL.1ABMC	1.0
Sniffles2.INS.41CM13	1.0
Sniffles2.INS.3BDM8	1.0
Sniffles2.INS.11DM0	1.0
Sniffles2.INS.3CDM2	1.0
Sniffles2.INS.2M9	1.0
Sniffles2.INS.4F2M3	1.0
Sniffles2.INS.4DEM4	1.0
Sniffles2.INS.385M6	1.0
Sniffles2.DEL.5ADM3	1.0
Sniffles2.INS.28AM0	1.0
Sniffles2.DEL.39MB	1.0
Sniffles2.INS.151MA	1.0
Sniffles2.INS.342M5	1.0
Sniffles2.DEL.303ME	1.0
Sniffles2.DEL.25BM14	1.0
Sniffles2.INS.64FM6	1.0
Sniffles2.INS.53AM3	1.0
Sniffles2.DEL.354M5	1.0
Sniffles2.INS.210MB	1.0
Sniffles2.INS.273MB	1.0
Sniffles2.DEL.23FM4	1.0
Sniffles2.INS.3BDM3	1.0
Sniffles2.INS.14M13	1.0
Sniffles2.DEL.33AM0	1.0
Sniffles2.INS.3DAM0	1.0
Sniffles2.INS.8AM1	1.0
Sniffles2.INS.151MF	1.0
Sniffles2.INS.718M0	1.0
Sniffles2.INS.437MA	1.0
Sniffles2.DEL.197MD	1.0
Sniffles2.INS.D1M13	1.0
Sniffles2.INS.275M16	1.0
Sniffles2.DEL.1BAM0	1.0
Sniffles2.DEL.8DME	1.0
Sniffles2.INS.144MD	1.0
Sniffles2.DEL.483M5	1.0
Sniffles2.DEL.121MF	1.0
Sniffles2.DEL.550M1	1.0
Sniffles2.INS.1BCM14	1.0
Sniffles2.INS.153M1	1.0
Sniffles2.INS.130M2	1.0
Sniffles2.INS.644M6	1.0
Sniffles2.DEL.575M1	1.0
Sniffles2.INS.221M10	1.0
Sniffles2.INS.38AMF	1.0
Sniffles2.INS.297M15	1.0
Sniffles2.INS.237M3	1.0
Sniffles2.INS.7F6M0	1.0
Sniffles2.INS.DCM12	1.0
Sniffles2.DEL.FBME	1.0
Sniffles2.INS.4F3M8	1.0
Sniffles2.INS.1DBM4	1.0
Sniffles2.DEL.4D3M7	1.0
Sniffles2.INS.601M6	1.0
Sniffles2.DEL.184MF	1.0
Sniffles2.INS.2D1M2	1.0
Sniffles2.DEL.73M11	1.0
Sniffles2.DEL.56M15	1.0
Sniffles2.DEL.2ADM1	1.0
Sniffles2.DEL.16EM1	1.0
Sniffles2.DEL.345M1	1.0
Sniffles2.DEL.8MA	1.0
Sniffles2.DEL.13BM6	1.0
Sniffles2.INS.BCMA	1.0
Sniffles2.DEL.275M11	1.0
Sniffles2.DEL.446M2	1.0
Sniffles2.INS.287M16	1.0
Sniffles2.INS.3E4M8	1.0
Sniffles2.DEL.3B6M16	1.0
Sniffles2.INS.1F4M12	1.0
Sniffles2.DEL.2C1M5	1.0
Sniffles2.DEL.37AMB	1.0
Sniffles2.DEL.2ECM11	1.0
Sniffles2.INS.36CMC	1.0
Sniffles2.DEL.162M10	1.0
Sniffles2.INS.326M0	1.0
Sniffles2.INS.5D1M6	1.0
Sniffles2.DEL.1EDM12	1.0
Sniffles2.DEL.CFM1	1.0
Sniffles2.INS.D8M14	1.0
Sniffles2.INS.CFMB	1.0
Sniffles2.INS.26CMC	1.0
Sniffles2.INS.30AM5	1.0
Sniffles2.INS.1D4ME	1.0
Sniffles2.DEL.145M0	1.0
Sniffles2.DEL.F7M7	1.0
Sniffles2.INS.50CM1	1.0
Sniffles2.DEL.2A2MC	1.0
Sniffles2.DEL.1B0M2	1.0
Sniffles2.INS.22EMB	1.0
Sniffles2.DEL.31AM3	1.0
Sniffles2.DEL.1A5M4	1.0
Sniffles2.DEL.284ME	1.0
Sniffles2.INS.539M3	1.0
Sniffles2.INS.EFM11	1.0
Sniffles2.DEL.1E8M0	1.0
Sniffles2.DEL.E8M8	1.0
Sniffles2.DEL.41CM0	1.0
Sniffles2.DEL.1CBM3	1.0
Sniffles2.DEL.314M13	1.0
Sniffles2.DEL.5B8M1	1.0
Sniffles2.INS.B9M1	1.0
Sniffles2.INS.60FM0	1.0
Sniffles2.DEL.54EM0	1.0
Sniffles2.INS.3BM13	1.0
Sniffles2.DEL.4A2M5	1.0
Sniffles2.DEL.18DMC	1.0
Sniffles2.DEL.E8ME	1.0
Sniffles2.INS.403MC	1.0
Sniffles2.DEL.1A4M12	1.0
Sniffles2.INS.327MC	1.0
Sniffles2.DEL.306M1	1.0
Sniffles2.DEL.210MF	1.0
Sniffles2.INS.4C7M8	1.0
Sniffles2.DEL.234M8	1.0
Sniffles2.DEL.2A7M0	1.0
Sniffles2.DEL.6B4M1	1.0
Sniffles2.INS.1D3MB	1.0
Sniffles2.DEL.236M12	1.0
Sniffles2.INS.1F4M7	1.0
Sniffles2.INS.1AEM16	1.0
Sniffles2.DEL.54CM5	1.0
Sniffles2.INS.215MA	1.0
Sniffles2.INS.1C6ME	1.0
Sniffles2.INS.491M16	1.0
Sniffles2.DEL.387M0	1.0
Sniffles2.DEL.178M9	1.0
Sniffles2.INS.482M2	1.0
Sniffles2.DEL.F7MD	1.0
Sniffles2.DEL.213ME	1.0
Sniffles2.INS.6DEM6	1.0
Sniffles2.INS.17AM5	1.0
Sniffles2.INS.66M0	1.0
Sniffles2.INS.2A5M5	1.0
Sniffles2.DEL.28AM4	1.0
Sniffles2.INS.2A3M6	1.0
Sniffles2.DEL.474M4	1.0
Sniffles2.INS.5FM13	1.0
Sniffles2.INS.C3M10	1.0
Sniffles2.DEL.AFMB	1.0
Sniffles2.INS.3E7M9	1.0
Sniffles2.DEL.217M5	1.0
Sniffles2.INS.1FCM8	1.0
Sniffles2.DEL.DEM9	1.0
Sniffles2.INS.76MA	1.0
Sniffles2.DEL.AM8	1.0
Sniffles2.INS.27DM11	1.0
Sniffles2.DEL.233M13	1.0
Sniffles2.DEL.2B0M0	1.0
Sniffles2.INS.495M6	1.0
Sniffles2.DEL.F0MA	1.0
Sniffles2.INS.36BM16	1.0
Sniffles2.DEL.3BM17	1.0
Sniffles2.DEL.3F6M2	1.0
Sniffles2.INS.410M9	1.0
Sniffles2.INS.E0M15	1.0
Sniffles2.INS.60EM4	1.0
Sniffles2.INS.453M16	1.0
Sniffles2.DEL.517M3	1.0
Sniffles2.DEL.235M9	1.0
Sniffles2.DEL.515M6	1.0
Sniffles2.DEL.2B8MD	1.0
Sniffles2.DEL.BBMF	1.0
Sniffles2.DEL.584M3	1.0
Sniffles2.INS.219MB	1.0
Sniffles2.DEL.461M3	1.0
Sniffles2.INS.2B2M0	1.0
Sniffles2.INS.3ECM8	1.0
Sniffles2.INS.263M8	1.0
Sniffles2.DEL.511M1	1.0
Sniffles2.INS.245M16	1.0
Sniffles2.INS.21EM0	1.0
Sniffles2.INS.290MD	1.0
Sniffles2.DEL.111MD	1.0
Sniffles2.INS.3CM6	1.0
Sniffles2.INS.BCM9	1.0
Sniffles2.DEL.72M9	1.0
Sniffles2.INS.38DM16	1.0
Sniffles2.DEL.B9MD	1.0
Sniffles2.DEL.540M5	1.0
Sniffles2.DEL.193M7	1.0
Sniffles2.INS.29FM1	1.0
Sniffles2.INS.557M5	1.0
Sniffles2.INS.202MA	1.0
Sniffles2.DEL.274M9	1.0
Sniffles2.INS.128M4	1.0
Sniffles2.DEL.2DDM10	1.0
Sniffles2.INS.4BDM7	1.0
Sniffles2.INS.25M1	1.0
Sniffles2.DEL.231M15	1.0
Sniffles2.DEL.1AFM2	1.0
Sniffles2.INS.B5MD	1.0
Sniffles2.DEL.2DDM4	1.0
Sniffles2.INS.47DM4	1.0
Sniffles2.INS.43AMA	1.0
Sniffles2.INS.7FM7	1.0
Sniffles2.DEL.2CCM8	1.0
Sniffles2.INS.327M16	1.0
Sniffles2.INS.149M1	1.0
Sniffles2.INS.C5M6	1.0
Sniffles2.INS.476M3	1.0
Sniffles2.DEL.630M4	1.0
Sniffles2.INS.193MC	1.0
Sniffles2.INS.2ABM3	1.0
Sniffles2.DEL.1E2M15	1.0
Sniffles2.INS.192M2	1.0
Sniffles2.DEL.404MB	1.0
Sniffles2.DEL.1EFMC	1.0
Sniffles2.INS.3A9M1	1.0
Sniffles2.DEL.292M4	1.0
Sniffles2.INS.351MA	1.0
Sniffles2.INS.269MB	1.0
Sniffles2.DEL.203MA	1.0
Sniffles2.DEL.278M0	1.0
Sniffles2.DEL.361M2	1.0
Sniffles2.DEL.18CMA	1.0
Sniffles2.INS.18M3	1.0
Sniffles2.DEL.423M6	1.0
Sniffles2.INS.226MA	1.0
Sniffles2.DEL.252M12	1.0
Sniffles2.DEL.178M8	1.0
Sniffles2.DEL.1BEM5	1.0
Sniffles2.INS.246M11	1.0
Sniffles2.DEL.1E0M3	1.0
Sniffles2.DEL.1D2M5	1.0
Sniffles2.DEL.5EDM0	1.0
Sniffles2.DEL.54M5	1.0
Sniffles2.DEL.3CBM7	1.0
Sniffles2.INS.2C0M14	1.0
Sniffles2.INS.F9M9	1.0
Sniffles2.DEL.23DM6	1.0
Sniffles2.INS.5D2M0	1.0
Sniffles2.INS.514M3	1.0
Sniffles2.DEL.281M14	1.0
Sniffles2.INS.2BBM1	1.0
Sniffles2.INS.D3M10	1.0
Sniffles2.INS.1BDM9	1.0
Sniffles2.INS.63BM1	1.0
Sniffles2.DEL.680M4	1.0
Sniffles2.INS.CDM12	1.0
Sniffles2.DEL.52BM3	1.0
Sniffles2.DEL.316M7	1.0
Sniffles2.DEL.3E8M16	1.0
Sniffles2.DEL.2EFM16	1.0
Sniffles2.INS.4C8M4	1.0
Sniffles2.INS.13EM8	1.0
Sniffles2.DEL.13DM11	1.0
Sniffles2.INS.FBMD	1.0
Sniffles2.INS.27BM12	1.0
Sniffles2.INS.71FM1	1.0
Sniffles2.INS.2D4M9	1.0
Sniffles2.INS.442MA	1.0
Sniffles2.INS.4C9M9	1.0
Sniffles2.INS.103M3	1.0
Sniffles2.INS.47EM8	1.0
Sniffles2.INS.739M1	1.0
Sniffles2.INS.23FM0	1.0
Sniffles2.INS.486M5	1.0
Sniffles2.INS.1E5M1	1.0
Sniffles2.DEL.574M0	1.0
Sniffles2.INS.55M11	1.0
Sniffles2.DEL.16DM10	1.0
Sniffles2.DEL.2F5M12	1.0
Sniffles2.DEL.58M13	1.0
Sniffles2.DEL.23CM3	1.0
Sniffles2.DEL.12AM6	1.0
Sniffles2.DEL.237M6	1.0
Sniffles2.DEL.468M4	1.0
Sniffles2.DEL.2EEM10	1.0
Sniffles2.INS.2C9M2	1.0
Sniffles2.INS.11CM1	1.0
Sniffles2.DEL.322M8	1.0
Sniffles2.DEL.139M2	1.0
Sniffles2.INS.24FM1	1.0
Sniffles2.DEL.5D7M1	1.0
Sniffles2.INS.469M4	1.0
Sniffles2.DEL.244MF	1.0
Sniffles2.INS.2E1M5	1.0
Sniffles2.INS.171M10	1.0
Sniffles2.DEL.20CMC	1.0
Sniffles2.DEL.109M1	1.0
Sniffles2.INS.63DM1	1.0
Sniffles2.DEL.261M9	1.0
Sniffles2.INS.114ME	1.0
Sniffles2.INS.51AM9	1.0
Sniffles2.INS.4B2M6	1.0
Sniffles2.DEL.555M6	1.0
Sniffles2.INS.2C4M0	1.0
Sniffles2.DEL.349M10	1.0
Sniffles2.DEL.300M10	1.0
Sniffles2.DEL.1E4MF	1.0
Sniffles2.INS.565M4	1.0
Sniffles2.DEL.366MC	1.0
Sniffles2.DEL.3C1MA	1.0
Sniffles2.INS.3D8M16	1.0
Sniffles2.INS.34EM5	1.0
Sniffles2.INS.71M8	1.0
Sniffles2.DEL.5C3M6	1.0
Sniffles2.INS.2CFM15	1.0
Sniffles2.INS.25DME	1.0
Sniffles2.INS.61BM1	1.0
Sniffles2.DEL.53DM1	1.0
Sniffles2.INS.320MC	1.0
Sniffles2.DEL.3F6M5	1.0
Sniffles2.INS.29FM14	1.0
Sniffles2.INS.388M9	1.0
Sniffles2.INS.2D9M0	1.0
Sniffles2.DEL.305M5	1.0
Sniffles2.DEL.4BDM6	1.0
Sniffles2.DEL.357M9	1.0
Sniffles2.INS.322MB	1.0
Sniffles2.INS.1CBMA	1.0
Sniffles2.DEL.1C1MC	1.0
Sniffles2.DEL.4F5M6	1.0
Sniffles2.DEL.189M5	1.0
Sniffles2.INS.149M13	1.0
Sniffles2.INS.13AM6	1.0
Sniffles2.DEL.98M5	1.0
Sniffles2.DEL.4BAM8	1.0
Sniffles2.INS.A2M3	1.0
Sniffles2.INS.458M16	1.0
Sniffles2.DEL.3F7M0	1.0
Sniffles2.DEL.E3MB	1.0
Sniffles2.DEL.1F2M1	1.0
Sniffles2.DEL.600M9	1.0
Sniffles2.INS.F3M4	1.0
Sniffles2.DEL.1B4M11	1.0
Sniffles2.INS.343M4	1.0
Sniffles2.INS.114M10	1.0
Sniffles2.INS.550M2	1.0
Sniffles2.DEL.E2MB	1.0
Sniffles2.INS.413M3	1.0
Sniffles2.DEL.203M5	1.0
Sniffles2.INS.14EM9	1.0
Sniffles2.DEL.1B7MB	1.0
Sniffles2.DEL.592M5	1.0
Sniffles2.INS.D0M15	1.0
Sniffles2.DEL.2B5M7	1.0
Sniffles2.DEL.1C9M3	1.0
Sniffles2.DEL.3BMD	1.0
Sniffles2.DEL.99M15	1.0
Sniffles2.INS.92M12	1.0
Sniffles2.INS.380M4	1.0
Sniffles2.DEL.313M2	1.0
Sniffles2.DEL.6B2M6	1.0
Sniffles2.DEL.3D4M8	1.0
Sniffles2.DEL.1BDMB	1.0
Sniffles2.INS.2F6M12	1.0
Sniffles2.DEL.1BM3	1.0
Sniffles2.INS.645M6	1.0
Sniffles2.DEL.257MD	1.0
Sniffles2.DEL.2D7M14	1.0
Sniffles2.DEL.3M12	1.0
Sniffles2.DEL.454M4	1.0
Sniffles2.DEL.489M10	1.0
Sniffles2.DEL.53MD	1.0
Sniffles2.INS.1DFM4	1.0
Sniffles2.INS.67BM6	1.0
Sniffles2.DEL.4CM7	1.0
Sniffles2.INS.47DM5	1.0
Sniffles2.DEL.642M3	1.0
Sniffles2.INS.162M6	1.0
Sniffles2.DEL.204M8	1.0
Sniffles2.INS.399MF	1.0
Sniffles2.INS.1CFMD	1.0
Sniffles2.DEL.FFMC	1.0
Sniffles2.DEL.573M3	1.0
Sniffles2.DEL.37FM12	1.0
Sniffles2.DEL.23FM7	1.0
Sniffles2.DEL.73DM1	1.0
Sniffles2.INS.1F4M11	1.0
Sniffles2.INS.14BM2	1.0
Sniffles2.DEL.3BM11	1.0
Sniffles2.INS.207MC	1.0
Sniffles2.INS.392M13	1.0
Sniffles2.DEL.7DMD	1.0
Sniffles2.INS.2C8MC	1.0
Sniffles2.DEL.62EM3	1.0
Sniffles2.INS.35M8	1.0
Sniffles2.INS.147M12	1.0
Sniffles2.DEL.496M6	1.0
Sniffles2.DEL.175M10	1.0
Sniffles2.INS.74M0	1.0
Sniffles2.INS.6A8M6	1.0
Sniffles2.DEL.3E3MA	1.0
Sniffles2.INS.4D6M9	1.0
Sniffles2.INS.160M7	1.0
Sniffles2.DEL.19AM9	1.0
Sniffles2.INS.36FMA	1.0
Sniffles2.DEL.62AM1	1.0
Sniffles2.DEL.95M17	1.0
Sniffles2.DEL.32M5	1.0
Sniffles2.DEL.520M1	1.0
Sniffles2.INS.B1M8	1.0
Sniffles2.DEL.6EM6	1.0
Sniffles2.INS.5B2M5	1.0
Sniffles2.DEL.6FME	1.0
Sniffles2.DEL.35FM10	1.0
Sniffles2.DEL.34CMB	1.0
Sniffles2.DEL.41EM5	1.0
Sniffles2.DEL.483M2	1.0
Sniffles2.INS.28AM5	1.0
Sniffles2.DEL.3A8MA	1.0
Sniffles2.DEL.267M2	1.0
Sniffles2.DEL.5DAM1	1.0
Sniffles2.DEL.BDM1	1.0
Sniffles2.DEL.39DM6	1.0
Sniffles2.INS.47BMA	1.0
Sniffles2.DEL.247M3	1.0
Sniffles2.DEL.32CM13	1.0
Sniffles2.INS.2E4M15	1.0
Sniffles2.DEL.21MF	1.0
Sniffles2.INS.378MB	1.0
Sniffles2.INS.14AM12	1.0
Sniffles2.DEL.141M10	1.0
Sniffles2.DEL.4D8M7	1.0
Sniffles2.INS.202M6	1.0
Sniffles2.INS.50CM3	1.0
Sniffles2.INS.536M4	1.0
Sniffles2.DEL.B9M10	1.0
Sniffles2.DEL.3F7MC	1.0
Sniffles2.DEL.9EM12	1.0
Sniffles2.INS.3AFM2	1.0
Sniffles2.INS.20EM1	1.0
Sniffles2.DEL.D0M0	1.0
Sniffles2.INS.39DM8	1.0
Sniffles2.INS.213M2	1.0
Sniffles2.INS.1DEM3	1.0
Sniffles2.DEL.381M11	1.0
Sniffles2.INS.1FCM12	1.0
Sniffles2.INS.1AFM12	1.0
Sniffles2.DEL.3DM13	1.0
Sniffles2.DEL.15DM17	1.0
Sniffles2.INS.1EBMD	1.0
Sniffles2.INS.36FM12	1.0
Sniffles2.INS.6F3M1	1.0
Sniffles2.INS.8FM10	1.0
Sniffles2.DEL.29DM7	1.0
Sniffles2.INS.54BM4	1.0
Sniffles2.DEL.16AM3	1.0
Sniffles2.DEL.28CM6	1.0
Sniffles2.INS.ECM9	1.0
Sniffles2.INS.A1MB	1.0
Sniffles2.DEL.130M10	1.0
Sniffles2.DEL.46DM8	1.0
Sniffles2.INS.3CAMC	1.0
Sniffles2.DEL.146M11	1.0
Sniffles2.INS.31FMC	1.0
Sniffles2.INS.1AFMC	1.0
Sniffles2.DEL.16FM9	1.0
Sniffles2.DEL.143M11	1.0
Sniffles2.DEL.2BMB	1.0
Sniffles2.INS.3FAM9	1.0
Sniffles2.INS.400M8	1.0
Sniffles2.INS.60CM1	1.0
Sniffles2.DEL.432M16	1.0
Sniffles2.INS.2D0M15	1.0
Sniffles2.DEL.3BME	1.0
Sniffles2.DEL.22CM5	1.0
Sniffles2.INS.3F2M8	1.0
Sniffles2.DEL.246M13	1.0
Sniffles2.DEL.249M6	1.0
Sniffles2.DEL.480M7	1.0
Sniffles2.DEL.115MA	1.0
Sniffles2.INS.363M0	1.0
Sniffles2.DEL.4AAM16	1.0
Sniffles2.DEL.185MA	1.0
Sniffles2.INS.2C0M5	1.0
Sniffles2.DEL.67CM1	1.0
Sniffles2.INS.2F5M15	1.0
Sniffles2.DEL.296M2	1.0
Sniffles2.DEL.397M12	1.0
Sniffles2.DEL.5DM17	1.0
Sniffles2.INS.573M5	1.0
Sniffles2.INS.47CM7	1.0
Sniffles2.DEL.497M4	1.0
Sniffles2.INS.253M13	1.0
Sniffles2.DEL.341MB	1.0
Sniffles2.DEL.428M5	1.0
Sniffles2.INS.1M14	1.0
Sniffles2.INS.607M0	1.0
Sniffles2.DEL.495MB	1.0
Sniffles2.INS.60DM0	1.0
Sniffles2.INS.2D2M14	1.0
Sniffles2.INS.281MC	1.0
Sniffles2.DEL.48CM7	1.0
Sniffles2.INS.BEM8	1.0
Sniffles2.DEL.29M11	1.0
Sniffles2.INS.30AMA	1.0
Sniffles2.INS.3ADM5	1.0
Sniffles2.DEL.BM10	1.0
Sniffles2.DEL.7BM3	1.0
Sniffles2.INS.56MF	1.0
Sniffles2.DEL.49EM1	1.0
Sniffles2.INS.83M5	1.0
Sniffles2.INS.129MC	1.0
Sniffles2.INS.2D3M8	1.0
Sniffles2.INS.6F6M0	1.0
Sniffles2.INS.1BEM12	1.0
Sniffles2.DEL.417M0	1.0
Sniffles2.DEL.369M2	1.0
Sniffles2.DEL.210M7	1.0
Sniffles2.DEL.4E7M9	1.0
Sniffles2.DEL.BFM3	1.0
Sniffles2.DEL.30EMB	1.0
Sniffles2.DEL.3E1M3	1.0
Sniffles2.INS.14CM4	1.0
Sniffles2.INS.EDMF	1.0
Sniffles2.DEL.37FMA	1.0
Sniffles2.DEL.11CMB	1.0
Sniffles2.INS.12AMD	1.0
Sniffles2.DEL.391M2	1.0
Sniffles2.INS.3A1MA	1.0
Sniffles2.DEL.5DFM3	1.0
Sniffles2.INS.51FM9	1.0
Sniffles2.INS.535M8	1.0
Sniffles2.INS.243MC	1.0
Sniffles2.DEL.335M10	1.0
Sniffles2.DEL.116M2	1.0
Sniffles2.INS.445M4	1.0
Sniffles2.INS.25AM0	1.0
Sniffles2.INS.97M12	1.0
Sniffles2.DEL.603M5	1.0
Sniffles2.INS.2D3M12	1.0
Sniffles2.INS.3AEMF	1.0
Sniffles2.DEL.33FM0	1.0
Sniffles2.DEL.398MC	1.0
Sniffles2.INS.4F3M5	1.0
Sniffles2.INS.409M7	1.0
Sniffles2.INS.4E7M8	1.0
Sniffles2.INS.368M1	1.0
Sniffles2.INS.302MC	1.0
Sniffles2.DEL.20FM10	1.0
Sniffles2.INS.3D4M9	1.0
Sniffles2.DEL.293MC	1.0
Sniffles2.INS.4E6M9	1.0
Sniffles2.DEL.29DM4	1.0
Sniffles2.DEL.1FEM1	1.0
Sniffles2.DEL.54DM6	1.0
Sniffles2.DEL.292M0	1.0
Sniffles2.DEL.5BEM1	1.0
Sniffles2.DEL.65M1	1.0
Sniffles2.INS.FFM5	1.0
Sniffles2.DEL.1BFM5	1.0
Sniffles2.DEL.2D1M15	1.0
Sniffles2.INS.2FEM15	1.0
Sniffles2.DEL.2BCM2	1.0
Sniffles2.INS.13CMA	1.0
Sniffles2.INS.1B3M3	1.0
Sniffles2.DEL.467M10	1.0
Sniffles2.DEL.360M7	1.0
Sniffles2.DEL.3A3M4	1.0
Sniffles2.INS.458M1	1.0
Sniffles2.DEL.3F9M9	1.0
Sniffles2.INS.5BDM3	1.0
Sniffles2.DEL.4M8	1.0
Sniffles2.INS.155MB	1.0
Sniffles2.DEL.9MA	1.0
Sniffles2.INS.176M0	1.0
Sniffles2.INS.C8MC	1.0
Sniffles2.DEL.3EFM3	1.0
Sniffles2.INS.FM11	1.0
Sniffles2.DEL.285M8	1.0
Sniffles2.DEL.7EBM1	1.0
Sniffles2.INS.400M6	1.0
Sniffles2.INS.2F6M9	1.0
Sniffles2.DEL.61AM1	1.0
Sniffles2.DEL.13AM17	1.0
Sniffles2.INS.18CM7	1.0
Sniffles2.DEL.413M1	1.0
Sniffles2.INS.107ME	1.0
Sniffles2.DEL.42FM0	1.0
Sniffles2.INS.2F1MF	1.0
Sniffles2.DEL.44M10	1.0
Sniffles2.INS.504M6	1.0
Sniffles2.DEL.2C4M12	1.0
Sniffles2.INS.386MF	1.0
Sniffles2.DEL.D7M9	1.0
Sniffles2.DEL.22EM5	1.0
Sniffles2.INS.3EEM5	1.0
Sniffles2.INS.5AM8	1.0
Sniffles2.INS.600M0	1.0
Sniffles2.INS.52EM5	1.0
Sniffles2.DEL.43FM3	1.0
Sniffles2.INS.40AM4	1.0
Sniffles2.INS.105M10	1.0
Sniffles2.INS.315M1	1.0
Sniffles2.INS.3FDM6	1.0
Sniffles2.DEL.1BDM12	1.0
Sniffles2.DEL.17FM2	1.0
Sniffles2.INS.6FAM0	1.0
Sniffles2.DEL.1C1M0	1.0
Sniffles2.DEL.4FFM1	1.0
Sniffles2.DEL.31DM0	1.0
Sniffles2.INS.1DEM15	1.0
Sniffles2.DEL.307M11	1.0
Sniffles2.DEL.614M3	1.0
Sniffles2.DEL.3C0MB	1.0
Sniffles2.INS.44FM8	1.0
Sniffles2.INS.37EM5	1.0
Sniffles2.DEL.303MB	1.0
Sniffles2.DEL.3C8M8	1.0
Sniffles2.DEL.378M0	1.0
Sniffles2.INS.20AM3	1.0
Sniffles2.INS.19EM9	1.0
Sniffles2.DEL.1B2M2	1.0
Sniffles2.DEL.A9M15	1.0
Sniffles2.DEL.315M9	1.0
Sniffles2.DEL.67FM3	1.0
Sniffles2.DEL.4ADM2	1.0
Sniffles2.DEL.37AM10	1.0
Sniffles2.INS.97M2	1.0
Sniffles2.INS.2B7M5	1.0
Sniffles2.INS.FCMD	1.0
Sniffles2.DEL.62EM6	1.0
Sniffles2.DEL.45BM4	1.0
Sniffles2.DEL.1D6M0	1.0
Sniffles2.INS.3AEM11	1.0
Sniffles2.DEL.34EM2	1.0
Sniffles2.INS.2ABM1	1.0
Sniffles2.INS.2B2M10	1.0
Sniffles2.INS.3D2M9	1.0
Sniffles2.DEL.5CCM3	1.0
Sniffles2.DEL.26M0	1.0
Sniffles2.DEL.421M9	1.0
Sniffles2.DEL.2D5M3	1.0
Sniffles2.DEL.E0MC	1.0
Sniffles2.DEL.299M13	1.0
Sniffles2.INS.32FM10	1.0
Sniffles2.DEL.1E0M9	1.0
Sniffles2.INS.291M11	1.0
Sniffles2.DEL.551M1	1.0
Sniffles2.DEL.5FDM5	1.0
Sniffles2.INS.4B9MA	1.0
Sniffles2.DEL.2E1M13	1.0
Sniffles2.INS.29BM2	1.0
Sniffles2.DEL.4BM7	1.0
Sniffles2.DEL.111M13	1.0
Sniffles2.DEL.45CM5	1.0
Sniffles2.DEL.428M13	1.0
Sniffles2.INS.B9M13	1.0
Sniffles2.DEL.1D2M10	1.0
Sniffles2.DEL.5B0M4	1.0
Sniffles2.INS.4B5M2	1.0
Sniffles2.INS.1CAM3	1.0
Sniffles2.INS.595M5	1.0
Sniffles2.DEL.1C0M12	1.0
Sniffles2.INS.4D3M6	1.0
Sniffles2.INS.287M0	1.0
Sniffles2.INS.84MD	1.0
Sniffles2.DEL.5ECM1	1.0
Sniffles2.INS.F8M0	1.0
Sniffles2.INS.447M8	1.0
Sniffles2.INS.2E7MF	1.0
Sniffles2.DEL.296M1	1.0
Sniffles2.INS.3C2M3	1.0
Sniffles2.DEL.33DMA	1.0
Sniffles2.DEL.28EM4	1.0
Sniffles2.INS.2B7M16	1.0
Sniffles2.INS.244MB	1.0
Sniffles2.INS.1BDMA	1.0
Sniffles2.DEL.157M15	1.0
Sniffles2.DEL.1B3M8	1.0
Sniffles2.DEL.3D7M16	1.0
Sniffles2.INS.57CM0	1.0
Sniffles2.DEL.F9M17	1.0
Sniffles2.INS.4AAM2	1.0
Sniffles2.INS.456M8	1.0
Sniffles2.INS.521M1	1.0
Sniffles2.DEL.DEM7	1.0
Sniffles2.INS.2B4MC	1.0
Sniffles2.INS.48DM13	1.0
Sniffles2.DEL.194M7	1.0
Sniffles2.DEL.345M4	1.0
Sniffles2.DEL.5BCM6	1.0
Sniffles2.INS.58DM4	1.0
Sniffles2.INS.22M0	1.0
Sniffles2.INS.2F4M16	1.0
Sniffles2.INS.757M0	1.0
Sniffles2.INS.C7M5	1.0
Sniffles2.DEL.172M11	1.0
Sniffles2.DEL.4ADM9	1.0
Sniffles2.INS.F5M7	1.0
Sniffles2.DEL.2BCM9	1.0
Sniffles2.DEL.7BM12	1.0
Sniffles2.DEL.1D7MD	1.0
Sniffles2.DEL.168M13	1.0
Sniffles2.INS.3F1M5	1.0
Sniffles2.INS.4C2M6	1.0
Sniffles2.INS.458M10	1.0
Sniffles2.DEL.7A6M1	1.0
Sniffles2.DEL.12DME	1.0
Sniffles2.DEL.1CDMA	1.0
Sniffles2.INS.438M7	1.0
Sniffles2.INS.B0M2	1.0
Sniffles2.INS.2E9M12	1.0
Sniffles2.INS.723M1	1.0
Sniffles2.INS.8AM5	1.0
Sniffles2.DEL.1AM8	1.0
Sniffles2.DEL.424M9	1.0
Sniffles2.DEL.258M8	1.0
Sniffles2.INS.13CM12	1.0
Sniffles2.INS.F8M4	1.0
Sniffles2.DEL.F5M3	1.0
Sniffles2.DEL.1B1M5	1.0
Sniffles2.INS.44DM6	1.0
Sniffles2.INS.5B5M9	1.0
Sniffles2.DEL.38FM6	1.0
Sniffles2.INS.5EBM1	1.0
Sniffles2.DEL.2E0M15	1.0
Sniffles2.INS.21FM8	1.0
Sniffles2.DEL.2E0MC	1.0
Sniffles2.INS.135ME	1.0
Sniffles2.INS.127ME	1.0
Sniffles2.DEL.261M10	1.0
Sniffles2.INS.2BAMB	1.0
Sniffles2.INS.61M1	1.0
Sniffles2.INS.236MD	1.0
Sniffles2.INS.25FMB	1.0
Sniffles2.DEL.26M15	1.0
Sniffles2.INS.29EM13	1.0
Sniffles2.INS.429M10	1.0
Sniffles2.INS.BBM5	1.0
Sniffles2.INS.1B0M10	1.0
Sniffles2.INS.209M3	1.0
Sniffles2.INS.620M0	1.0
Sniffles2.INS.290M2	1.0
Sniffles2.DEL.A1MA	1.0
Sniffles2.DEL.245M4	1.0
Sniffles2.INS.431M10	1.0
Sniffles2.INS.1A3M14	1.0
Sniffles2.INS.31BM14	1.0
Sniffles2.DEL.2C3MF	1.0
Sniffles2.INS.31AM14	1.0
Sniffles2.INS.1A1M16	1.0
Sniffles2.INS.356M2	1.0
Sniffles2.DEL.2C7M3	1.0
Sniffles2.DEL.32AM16	1.0
Sniffles2.INS.77FM1	1.0
Sniffles2.INS.4E7M3	1.0
Sniffles2.INS.B2MA	1.0
Sniffles2.DEL.20M12	1.0
Sniffles2.DEL.380M3	1.0
Sniffles2.INS.76M12	1.0
Sniffles2.INS.496M1	1.0
Sniffles2.INS.6B1M0	1.0
Sniffles2.DEL.20CM14	1.0
Sniffles2.INS.296M11	1.0
Sniffles2.INS.36CM8	1.0
Sniffles2.INS.2BME	1.0
Sniffles2.INS.487M7	1.0
Sniffles2.DEL.6E9M1	1.0
Sniffles2.DEL.7BFM0	1.0
Sniffles2.INS.226MD	1.0
Sniffles2.DEL.110M11	1.0
Sniffles2.DEL.2EEM11	1.0
Sniffles2.DEL.199M17	1.0
Sniffles2.DEL.197M5	1.0
Sniffles2.INS.288MC	1.0
Sniffles2.DEL.1D1M5	1.0
Sniffles2.DEL.556M5	1.0
Sniffles2.DEL.99MB	1.0
Sniffles2.DEL.3DM9	1.0
Sniffles2.DEL.27CM7	1.0
Sniffles2.INS.1A2M12	1.0
Sniffles2.INS.624M1	1.0
Sniffles2.DEL.53CM4	1.0
Sniffles2.DEL.2F1M6	1.0
Sniffles2.INS.3AM7	1.0
Sniffles2.INS.480M4	1.0
Sniffles2.DEL.3D9M0	1.0
Sniffles2.DEL.B5M8	1.0
Sniffles2.DEL.44AM4	1.0
Sniffles2.INS.183MD	1.0
Sniffles2.INS.5F5M5	1.0
Sniffles2.INS.34AM13	1.0
Sniffles2.DEL.418M6	1.0
Sniffles2.DEL.F8M12	1.0
Sniffles2.INS.191M7	1.0
Sniffles2.INS.1A9ME	1.0
Sniffles2.DEL.37MD	1.0
Sniffles2.INS.32CM2	1.0
Sniffles2.DEL.294ME	1.0
Sniffles2.INS.1DBM12	1.0
Sniffles2.DEL.F5MC	1.0
Sniffles2.INS.370M5	1.0
Sniffles2.INS.1D7M7	1.0
Sniffles2.INS.19CM10	1.0
Sniffles2.INS.2CDM6	1.0
Sniffles2.DEL.1B2M15	1.0
Sniffles2.INS.386M10	1.0
Sniffles2.DEL.106MF	1.0
Sniffles2.DEL.5D8M5	1.0
Sniffles2.DEL.46FM5	1.0
Sniffles2.DEL.220M5	1.0
Sniffles2.INS.8FM8	1.0
Sniffles2.INS.1D7M2	1.0
Sniffles2.INS.4EBM4	1.0
Sniffles2.INS.2A4M12	1.0
Sniffles2.INS.3A5M8	1.0
Sniffles2.INS.265M10	1.0
Sniffles2.DEL.76M3	1.0
Sniffles2.INS.D8M7	1.0
Sniffles2.DEL.2DDM5	1.0
Sniffles2.INS.14BM6	1.0
Sniffles2.DEL.47FM9	1.0
Sniffles2.DEL.32AM3	1.0
Sniffles2.INS.47BM10	1.0
Sniffles2.DEL.BBM10	1.0
Sniffles2.DEL.47M14	1.0
Sniffles2.INS.332M7	1.0
Sniffles2.INS.23EM12	1.0
Sniffles2.DEL.7BM5	1.0
Sniffles2.DEL.69M8	1.0
Sniffles2.INS.4EEM8	1.0
Sniffles2.INS.336M3	1.0
Sniffles2.INS.100M12	1.0
Sniffles2.INS.A3M0	1.0
Sniffles2.DEL.358M12	1.0
Sniffles2.DEL.659M3	1.0
Sniffles2.INS.318M5	1.0
Sniffles2.DEL.133MB	1.0
Sniffles2.INS.482M8	1.0
Sniffles2.INS.256M7	1.0
Sniffles2.DEL.1A6MD	1.0
Sniffles2.DEL.149M11	1.0
Sniffles2.DEL.2E2M14	1.0
Sniffles2.DEL.467M6	1.0
Sniffles2.DEL.3FCM9	1.0
Sniffles2.DEL.72MD	1.0
Sniffles2.DEL.75M4	1.0
Sniffles2.INS.2DAMC	1.0
Sniffles2.DEL.305M16	1.0
Sniffles2.DEL.54BM5	1.0
Sniffles2.INS.25DMB	1.0
Sniffles2.INS.2EEM5	1.0
Sniffles2.DEL.2CEMB	1.0
Sniffles2.INS.346M10	1.0
Sniffles2.INS.4DBM4	1.0
Sniffles2.DEL.442M7	1.0
Sniffles2.DEL.28FMC	1.0
Sniffles2.DEL.308ME	1.0
Sniffles2.INS.2EAM16	1.0
Sniffles2.INS.408M9	1.0
Sniffles2.DEL.76DM0	1.0
Sniffles2.DEL.43AM7	1.0
Sniffles2.DEL.149MB	1.0
Sniffles2.DEL.F2M14	1.0
Sniffles2.DEL.417M16	1.0
Sniffles2.INS.28EM8	1.0
Sniffles2.INS.2AFM2	1.0
Sniffles2.INS.18BM15	1.0
Sniffles2.DEL.4DDM1	1.0
Sniffles2.INS.39EM9	1.0
Sniffles2.DEL.1F5M10	1.0
Sniffles2.DEL.207MD	1.0
Sniffles2.DEL.24CM6	1.0
Sniffles2.INS.10MD	1.0
Sniffles2.DEL.1D8M13	1.0
Sniffles2.INS.35FM6	1.0
Sniffles2.INS.284M5	1.0
Sniffles2.DEL.192M7	1.0
Sniffles2.INS.3C8M10	1.0
Sniffles2.INS.EDM12	1.0
Sniffles2.DEL.49EM9	1.0
Sniffles2.INS.2D4M15	1.0
Sniffles2.INS.4FFM4	1.0
Sniffles2.DEL.2CBM2	1.0
Sniffles2.INS.3FDM0	1.0
Sniffles2.INS.405MA	1.0
Sniffles2.DEL.26M10	1.0
Sniffles2.DEL.130M3	1.0
Sniffles2.INS.DCM10	1.0
Sniffles2.DEL.36DMA	1.0
Sniffles2.DEL.1ADM11	1.0
Sniffles2.DEL.485M10	1.0
Sniffles2.INS.9EM1	1.0
Sniffles2.INS.215ME	1.0
Sniffles2.INS.5BM14	1.0
Sniffles2.DEL.397M8	1.0
Sniffles2.INS.292M10	1.0
Sniffles2.DEL.3FBMC	1.0
Sniffles2.INS.27DM2	1.0
Sniffles2.INS.3F4M1	1.0
Sniffles2.INS.436M9	1.0
Sniffles2.DEL.296M4	1.0
Sniffles2.DEL.29AM2	1.0
Sniffles2.INS.409M5	1.0
Sniffles2.DEL.137MF	1.0
Sniffles2.DEL.B6MA	1.0
Sniffles2.INS.359M6	1.0
Sniffles2.INS.43EM13	1.0
Sniffles2.DEL.42BMC	1.0
Sniffles2.INS.536M5	1.0
Sniffles2.INS.347MF	1.0
Sniffles2.INS.4D1MA	1.0
Sniffles2.INS.4AM9	1.0
Sniffles2.INS.3C2M5	1.0
Sniffles2.INS.32AM6	1.0
Sniffles2.DEL.67BM1	1.0
Sniffles2.DEL.26AM5	1.0
Sniffles2.INS.9AM2	1.0
Sniffles2.INS.15AM13	1.0
Sniffles2.INS.B4M4	1.0
Sniffles2.DEL.13BM5	1.0
Sniffles2.INS.1D3M13	1.0
Sniffles2.DEL.418M16	1.0
Sniffles2.DEL.9FM0	1.0
Sniffles2.DEL.1EAM14	1.0
Sniffles2.DEL.1DAMB	1.0
Sniffles2.DEL.499M2	1.0
Sniffles2.INS.3DFM0	1.0
Sniffles2.INS.1F5M8	1.0
Sniffles2.DEL.25EM9	1.0
Sniffles2.INS.305M8	1.0
Sniffles2.INS.1E9M1	1.0
Sniffles2.INS.1CEM14	1.0
Sniffles2.INS.CDM1	1.0
Sniffles2.INS.152MD	1.0
Sniffles2.DEL.3BFM1	1.0
Sniffles2.DEL.2A2M1	1.0
Sniffles2.DEL.1E3M14	1.0
Sniffles2.DEL.508M1	1.0
Sniffles2.DEL.A4M0	1.0
Sniffles2.INS.516M1	1.0
Sniffles2.INS.7M13	1.0
Sniffles2.INS.6C2M1	1.0
Sniffles2.INS.735M1	1.0
Sniffles2.DEL.217M11	1.0
Sniffles2.DEL.A0MA	1.0
Sniffles2.INS.226M15	1.0
Sniffles2.DEL.F1M0	1.0
Sniffles2.DEL.120M10	1.0
Sniffles2.DEL.386M9	1.0
Sniffles2.DEL.59FM4	1.0
Sniffles2.INS.28CMC	1.0
Sniffles2.DEL.B3MD	1.0
Sniffles2.DEL.3B8MA	1.0
Sniffles2.DEL.234M13	1.0
Sniffles2.DEL.42DM1	1.0
Sniffles2.INS.168M2	1.0
Sniffles2.DEL.3C0M12	1.0
Sniffles2.INS.225MF	1.0
Sniffles2.DEL.4D7MB	1.0
Sniffles2.INS.311M12	1.0
Sniffles2.DEL.F6M6	1.0
Sniffles2.INS.94MB	1.0
Sniffles2.INS.2DBM8	1.0
Sniffles2.DEL.546M1	1.0
Sniffles2.DEL.11MD	1.0
Sniffles2.INS.208MD	1.0
Sniffles2.DEL.17BM8	1.0
Sniffles2.DEL.2A9MA	1.0
Sniffles2.INS.416M13	1.0
Sniffles2.INS.2A9M9	1.0
Sniffles2.DEL.287M1	1.0
Sniffles2.DEL.76M5	1.0
Sniffles2.INS.1FAMC	1.0
Sniffles2.INS.B5M10	1.0
Sniffles2.INS.1EMB	1.0
Sniffles2.DEL.71M12	1.0
Sniffles2.DEL.45M5	1.0
Sniffles2.INS.39AM3	1.0
Sniffles2.DEL.1EDMA	1.0
Sniffles2.DEL.5EME	1.0
Sniffles2.DEL.40M1	1.0
Sniffles2.INS.273MC	1.0
Sniffles2.INS.F1M5	1.0
Sniffles2.DEL.345M12	1.0
Sniffles2.DEL.101M6	1.0
Sniffles2.INS.150M15	1.0
Sniffles2.DEL.2BM15	1.0
Sniffles2.DEL.46FM3	1.0
Sniffles2.DEL.477M7	1.0
Sniffles2.DEL.14DM9	1.0
Sniffles2.DEL.57AM4	1.0
Sniffles2.DEL.4A7M7	1.0
Sniffles2.DEL.44MD	1.0
Sniffles2.DEL.345MC	1.0
Sniffles2.DEL.EEMD	1.0
Sniffles2.INS.373MB	1.0
Sniffles2.INS.DAM10	1.0
Sniffles2.INS.6CM11	1.0
Sniffles2.DEL.96M8	1.0
Sniffles2.DEL.451M13	1.0
Sniffles2.INS.48FM9	1.0
Sniffles2.INS.22CMC	1.0
Sniffles2.DEL.DCM7	1.0
Sniffles2.INS.1D6M7	1.0
Sniffles2.DEL.A9M9	1.0
Sniffles2.INS.206M7	1.0
Sniffles2.INS.2B2M12	1.0
Sniffles2.DEL.68M10	1.0
Sniffles2.DEL.29AM10	1.0
Sniffles2.INS.168M12	1.0
Sniffles2.DEL.7MB	1.0
Sniffles2.INS.34BM8	1.0
Sniffles2.DEL.19AMC	1.0
Sniffles2.INS.14BME	1.0
Sniffles2.DEL.95M1	1.0
Sniffles2.INS.384M9	1.0
Sniffles2.INS.4AMF	1.0
Sniffles2.INS.332M8	1.0
Sniffles2.DEL.20BMC	1.0
Sniffles2.INS.DFM15	1.0
Sniffles2.DEL.6EMB	1.0
Sniffles2.DEL.288MF	1.0
Sniffles2.DEL.93M9	1.0
Sniffles2.DEL.2E1M2	1.0
Sniffles2.DEL.14DM6	1.0
Sniffles2.INS.45DM1	1.0
Sniffles2.INS.64BM6	1.0
Sniffles2.INS.1B4MA	1.0
Sniffles2.INS.3F0M7	1.0
Sniffles2.DEL.35BM3	1.0
Sniffles2.INS.3A5M9	1.0
Sniffles2.DEL.3DBM6	1.0
Sniffles2.DEL.21FMA	1.0
Sniffles2.DEL.D0M7	1.0
Sniffles2.DEL.272M14	1.0
Sniffles2.DEL.3A2M16	1.0
Sniffles2.INS.81M8	1.0
Sniffles2.DEL.66M2	1.0
Sniffles2.INS.3A2M13	1.0
Sniffles2.INS.258M14	1.0
Sniffles2.DEL.E7M2	1.0
Sniffles2.INS.21EM1	1.0
Sniffles2.DEL.DEM13	1.0
Sniffles2.DEL.474M3	1.0
Sniffles2.DEL.664M3	1.0
Sniffles2.INS.1F4M15	1.0
Sniffles2.DEL.28BM10	1.0
Sniffles2.DEL.1BM13	1.0
Sniffles2.DEL.20AM1	1.0
Sniffles2.INS.32ME	1.0
Sniffles2.INS.1F6M10	1.0
Sniffles2.INS.A1M8	1.0
Sniffles2.DEL.FCM6	1.0
Sniffles2.DEL.2C0M3	1.0
Sniffles2.DEL.544M1	1.0
Sniffles2.INS.1FEM0	1.0
Sniffles2.INS.5A2M6	1.0
Sniffles2.INS.1ECMC	1.0
Sniffles2.DEL.4B0M2	1.0
Sniffles2.INS.42DM5	1.0
Sniffles2.DEL.2A3M3	1.0
Sniffles2.INS.544M9	1.0
Sniffles2.DEL.41EM6	1.0
Sniffles2.DEL.570M2	1.0
Sniffles2.INS.190M14	1.0
Sniffles2.DEL.268ME	1.0
Sniffles2.INS.273MF	1.0
Sniffles2.INS.5F3M4	1.0
Sniffles2.DEL.442M13	1.0
Sniffles2.DEL.502M4	1.0
Sniffles2.DEL.69M3	1.0
Sniffles2.INS.FEM0	1.0
Sniffles2.DEL.33FM10	1.0
Sniffles2.INS.3CBM3	1.0
Sniffles2.INS.1E9MD	1.0
Sniffles2.INS.385M10	1.0
Sniffles2.DEL.713M0	1.0
Sniffles2.INS.444M6	1.0
Sniffles2.DEL.102M13	1.0
Sniffles2.INS.446M13	1.0
Sniffles2.INS.414M6	1.0
Sniffles2.DEL.365M11	1.0
Sniffles2.INS.5FCM9	1.0
Sniffles2.INS.5AM10	1.0
Sniffles2.INS.1B4M12	1.0
Sniffles2.DEL.728M0	1.0
Sniffles2.DEL.41EMB	1.0
Sniffles2.DEL.35AM7	1.0
Sniffles2.DEL.3C6M3	1.0
Sniffles2.INS.624M0	1.0
Sniffles2.DEL.AAMD	1.0
Sniffles2.INS.124M4	1.0
Sniffles2.DEL.379M11	1.0
Sniffles2.DEL.371M4	1.0
Sniffles2.INS.309ME	1.0
Sniffles2.DEL.267M15	1.0
Sniffles2.DEL.188M10	1.0
Sniffles2.DEL.279M4	1.0
Sniffles2.DEL.3B0M3	1.0
Sniffles2.INS.219M3	1.0
Sniffles2.INS.1EEM5	1.0
Sniffles2.INS.1B7M11	1.0
Sniffles2.INS.41AM5	1.0
Sniffles2.DEL.66BM6	1.0
Sniffles2.INS.4B1M3	1.0
Sniffles2.INS.5C3M1	1.0
Sniffles2.DEL.167ME	1.0
Sniffles2.INS.3CFM6	1.0
Sniffles2.INS.14FM14	1.0
Sniffles2.DEL.408M0	1.0
Sniffles2.INS.793M1	1.0
Sniffles2.INS.2E4MF	1.0
Sniffles2.DEL.15CM10	1.0
Sniffles2.DEL.2B2MB	1.0
Sniffles2.INS.3EM6	1.0
Sniffles2.DEL.744M1	1.0
Sniffles2.INS.3BBMC	1.0
Sniffles2.DEL.31EMB	1.0
Sniffles2.INS.63ME	1.0
Sniffles2.DEL.282M10	1.0
Sniffles2.DEL.2C3M2	1.0
Sniffles2.INS.4AM5	1.0
Sniffles2.DEL.471M6	1.0
Sniffles2.INS.39AM16	1.0
Sniffles2.DEL.118M6	1.0
Sniffles2.DEL.49CMB	1.0
Sniffles2.DEL.357M2	1.0
Sniffles2.DEL.243M7	1.0
Sniffles2.INS.270M12	1.0
Sniffles2.INS.49BM1	1.0
Sniffles2.DEL.60FM6	1.0
Sniffles2.INS.299ME	1.0
Sniffles2.INS.1D0M14	1.0
Sniffles2.INS.200M16	1.0
Sniffles2.INS.76FM0	1.0
Sniffles2.INS.2EBMC	1.0
Sniffles2.INS.26DM15	1.0
Sniffles2.DEL.7AM2	1.0
Sniffles2.INS.375MF	1.0
Sniffles2.INS.349MF	1.0
Sniffles2.DEL.424MA	1.0
Sniffles2.INS.171M0	1.0
Sniffles2.INS.356MB	1.0
Sniffles2.DEL.259M7	1.0
Sniffles2.DEL.3CCM3	1.0
Sniffles2.INS.4F1M1	1.0
Sniffles2.DEL.30AMB	1.0
Sniffles2.INS.467M8	1.0
Sniffles2.DEL.348MB	1.0
Sniffles2.DEL.245ME	1.0
Sniffles2.DEL.537M5	1.0
Sniffles2.INS.1DFM6	1.0
Sniffles2.INS.2CM1	1.0
Sniffles2.DEL.1FCMF	1.0
Sniffles2.DEL.1E0M7	1.0
Sniffles2.INS.2C5M3	1.0
Sniffles2.DEL.501M1	1.0
Sniffles2.INS.73M9	1.0
Sniffles2.INS.199M3	1.0
Sniffles2.INS.54FM5	1.0
Sniffles2.INS.2E5M5	1.0
Sniffles2.INS.458M8	1.0
Sniffles2.DEL.33EMC	1.0
Sniffles2.INS.10M3	1.0
Sniffles2.DEL.2F4M8	1.0
Sniffles2.DEL.207M2	1.0
Sniffles2.DEL.12FM6	1.0
Sniffles2.INS.3DDM0	1.0
Sniffles2.DEL.182MA	1.0
Sniffles2.INS.666M4	1.0
Sniffles2.DEL.5CM17	1.0
Sniffles2.INS.FDM3	1.0
Sniffles2.INS.ABM4	1.0
Sniffles2.DEL.521M9	1.0
Sniffles2.DEL.634M3	1.0
Sniffles2.INS.33AM16	1.0
Sniffles2.INS.30FM2	1.0
Sniffles2.DEL.2E7M0	1.0
Sniffles2.DEL.1A2MD	1.0
Sniffles2.INS.413M6	1.0
Sniffles2.DEL.401MC	1.0
Sniffles2.DEL.35DM16	1.0
Sniffles2.INS.497M7	1.0
Sniffles2.INS.15EMC	1.0
Sniffles2.DEL.161MB	1.0
Sniffles2.DEL.43DM2	1.0
Sniffles2.INS.14CM14	1.0
Sniffles2.INS.534M9	1.0
Sniffles2.INS.13DM1	1.0
Sniffles2.DEL.44M11	1.0
Sniffles2.DEL.2DDME	1.0
Sniffles2.INS.225MB	1.0
Sniffles2.DEL.4D6M7	1.0
Sniffles2.DEL.10AM5	1.0
Sniffles2.DEL.C1M5	1.0
Sniffles2.DEL.1C0M2	1.0
Sniffles2.INS.3D6MF	1.0
Sniffles2.DEL.2D2M7	1.0
Sniffles2.DEL.1C2M16	1.0
Sniffles2.DEL.1DM6	1.0
Sniffles2.DEL.141M6	1.0
Sniffles2.INS.29BMA	1.0
Sniffles2.INS.28BMF	1.0
Sniffles2.DEL.49FM2	1.0
Sniffles2.DEL.20BM4	1.0
Sniffles2.INS.164M12	1.0
Sniffles2.INS.251M7	1.0
Sniffles2.DEL.34ME	1.0
Sniffles2.DEL.317ME	1.0
Sniffles2.INS.13CM10	1.0
Sniffles2.DEL.15FM10	1.0
Sniffles2.INS.3F8M3	1.0
Sniffles2.INS.4FCM8	1.0
Sniffles2.DEL.406M3	1.0
Sniffles2.INS.58M8	1.0
Sniffles2.INS.B5ME	1.0
Sniffles2.DEL.100MD	1.0
Sniffles2.INS.12EM10	1.0
Sniffles2.INS.75FM1	1.0
Sniffles2.INS.3CAM5	1.0
Sniffles2.INS.286M6	1.0
Sniffles2.DEL.2BDM1	1.0
Sniffles2.DEL.1A2ME	1.0
Sniffles2.DEL.2B8MF	1.0
Sniffles2.INS.343M0	1.0
Sniffles2.DEL.4D8M8	1.0
Sniffles2.INS.23M7	1.0
Sniffles2.DEL.140ME	1.0
Sniffles2.INS.422M1	1.0
Sniffles2.DEL.3E4M16	1.0
Sniffles2.INS.49CM16	1.0
Sniffles2.INS.2F8M5	1.0
Sniffles2.INS.3FDM9	1.0
Sniffles2.INS.455M10	1.0
Sniffles2.DEL.40BM6	1.0
Sniffles2.INS.80M9	1.0
Sniffles2.INS.376M3	1.0
Sniffles2.INS.2BDM8	1.0
Sniffles2.DEL.2D3M9	1.0
Sniffles2.INS.33BM9	1.0
Sniffles2.DEL.101M4	1.0
Sniffles2.DEL.123M1	1.0
Sniffles2.DEL.4AAM7	1.0
Sniffles2.INS.4AEM1	1.0
Sniffles2.INS.F1MA	1.0
Sniffles2.DEL.40BM7	1.0
Sniffles2.DEL.28BM15	1.0
Sniffles2.INS.5EM13	1.0
Sniffles2.DEL.1E0M12	1.0
Sniffles2.INS.575M0	1.0
Sniffles2.INS.2F6MF	1.0
Sniffles2.INS.22CM15	1.0
Sniffles2.INS.348M12	1.0
Sniffles2.DEL.1AAM5	1.0
Sniffles2.INS.1A2M13	1.0
Sniffles2.DEL.4ACM6	1.0
Sniffles2.DEL.187M6	1.0
Sniffles2.INS.3FAM4	1.0
Sniffles2.DEL.96M6	1.0
Sniffles2.INS.32DM5	1.0
Sniffles2.INS.34EM13	1.0
Sniffles2.DEL.682M3	1.0
Sniffles2.DEL.C3M2	1.0
Sniffles2.INS.413M7	1.0
Sniffles2.INS.3BFMF	1.0
Sniffles2.INS.492M16	1.0
Sniffles2.DEL.8DM9	1.0
Sniffles2.DEL.3ACM3	1.0
Sniffles2.DEL.A2M6	1.0
Sniffles2.INS.1A3M5	1.0
Sniffles2.INS.255M14	1.0
Sniffles2.DEL.123M5	1.0
Sniffles2.DEL.41DM3	1.0
Sniffles2.INS.42CM4	1.0
Sniffles2.INS.44M5	1.0
Sniffles2.DEL.3B9M0	1.0
Sniffles2.INS.CFM11	1.0
Sniffles2.DEL.2ADM15	1.0
Sniffles2.DEL.1F6MA	1.0
Sniffles2.INS.20AME	1.0
Sniffles2.INS.1F8M15	1.0
Sniffles2.INS.248M7	1.0
Sniffles2.DEL.4C3M4	1.0
Sniffles2.INS.1D5M7	1.0
Sniffles2.DEL.11CM15	1.0
Sniffles2.INS.2C8ME	1.0
Sniffles2.DEL.76BM1	1.0
Sniffles2.DEL.643M1	1.0
Sniffles2.INS.3FDM7	1.0
Sniffles2.INS.197M4	1.0
Sniffles2.INS.3F4MC	1.0
Sniffles2.INS.547M1	1.0
Sniffles2.INS.353M9	1.0
Sniffles2.DEL.480M16	1.0
Sniffles2.INS.318M13	1.0
Sniffles2.INS.52BM9	1.0
Sniffles2.INS.52DM3	1.0
Sniffles2.INS.270M15	1.0
Sniffles2.DEL.329M7	1.0
Sniffles2.INS.26AM14	1.0
Sniffles2.INS.2D2M2	1.0
Sniffles2.INS.6C9M6	1.0
Sniffles2.DEL.249M4	1.0
Sniffles2.DEL.28CM2	1.0
Sniffles2.INS.299MB	1.0
Sniffles2.INS.9CM4	1.0
Sniffles2.DEL.30CM8	1.0
Sniffles2.INS.4DDMA	1.0
Sniffles2.INS.1C2M3	1.0
Sniffles2.DEL.135M1	1.0
Sniffles2.DEL.5A5M1	1.0
Sniffles2.INS.477M6	1.0
Sniffles2.INS.435M16	1.0
Sniffles2.DEL.350M12	1.0
Sniffles2.INS.312M3	1.0
Sniffles2.DEL.20FM11	1.0
Sniffles2.INS.30EME	1.0
Sniffles2.DEL.3DAM16	1.0
Sniffles2.DEL.37EM9	1.0
Sniffles2.INS.41DM2	1.0
Sniffles2.INS.4FEM6	1.0
Sniffles2.INS.239MB	1.0
Sniffles2.DEL.439M8	1.0
Sniffles2.INS.190M12	1.0
Sniffles2.INS.847M0	1.0
Sniffles2.INS.1E6M0	1.0
Sniffles2.DEL.46FM13	1.0
Sniffles2.INS.602M5	1.0
Sniffles2.INS.16M3	1.0
Sniffles2.DEL.219M1	1.0
Sniffles2.INS.6CM10	1.0
Sniffles2.INS.541M0	1.0
Sniffles2.INS.1EM13	1.0
Sniffles2.DEL.1D6M1	1.0
Sniffles2.DEL.83CM0	1.0
Sniffles2.INS.EDM8	1.0
Sniffles2.DEL.E7M12	1.0
Sniffles2.DEL.253M5	1.0
Sniffles2.DEL.1C1M2	1.0
Sniffles2.INS.14CM0	1.0
Sniffles2.DEL.1EM4	1.0
Sniffles2.DEL.C2M9	1.0
Sniffles2.INS.184M13	1.0
Sniffles2.DEL.1FFM15	1.0
Sniffles2.DEL.152M9	1.0
Sniffles2.INS.30M6	1.0
Sniffles2.DEL.59AM5	1.0
Sniffles2.INS.1BAM2	1.0
Sniffles2.INS.289M15	1.0
Sniffles2.INS.272MC	1.0
Sniffles2.INS.1E4M13	1.0
Sniffles2.DEL.A4M15	1.0
Sniffles2.INS.55CM3	1.0
Sniffles2.DEL.387M6	1.0
Sniffles2.DEL.19FM0	1.0
Sniffles2.INS.23BM16	1.0
Sniffles2.DEL.2A0M8	1.0
Sniffles2.DEL.2BEMB	1.0
Sniffles2.DEL.202M5	1.0
Sniffles2.DEL.10AM7	1.0
Sniffles2.INS.207MA	1.0
Sniffles2.INS.170M1	1.0
Sniffles2.DEL.298M2	1.0
Sniffles2.INS.362M4	1.0
Sniffles2.DEL.13FMF	1.0
Sniffles2.INS.1A8MA	1.0
Sniffles2.DEL.361M10	1.0
Sniffles2.INS.152M4	1.0
Sniffles2.INS.487M6	1.0
Sniffles2.DEL.440M5	1.0
Sniffles2.DEL.20DM5	1.0
Sniffles2.INS.123MB	1.0
Sniffles2.INS.39DM13	1.0
Sniffles2.INS.326MF	1.0
Sniffles2.INS.3B0M12	1.0
Sniffles2.DEL.3E6MC	1.0
Sniffles2.INS.22CM4	1.0
Sniffles2.INS.2BCMD	1.0
Sniffles2.INS.300M16	1.0
Sniffles2.DEL.74MA	1.0
Sniffles2.INS.164MF	1.0
Sniffles2.DEL.1ACM11	1.0
Sniffles2.DEL.39FM0	1.0
Sniffles2.INS.3ECM0	1.0
Sniffles2.DEL.1E3M0	1.0
Sniffles2.DEL.18BM13	1.0
Sniffles2.INS.680M3	1.0
Sniffles2.DEL.163M10	1.0
Sniffles2.DEL.685M6	1.0
Sniffles2.INS.3E3M13	1.0
Sniffles2.INS.1BEMC	1.0
Sniffles2.DEL.1C3MC	1.0
Sniffles2.INS.192M16	1.0
Sniffles2.INS.4C0M5	1.0
Sniffles2.INS.1DEM0	1.0
Sniffles2.INS.2EAM9	1.0
Sniffles2.DEL.14M2	1.0
Sniffles2.DEL.101M1	1.0
Sniffles2.INS.11CM14	1.0
Sniffles2.DEL.538M6	1.0
Sniffles2.DEL.EFMA	1.0
Sniffles2.INS.18DM12	1.0
Sniffles2.DEL.6A9M1	1.0
Sniffles2.DEL.3DAMB	1.0
Sniffles2.DEL.1ACM2	1.0
Sniffles2.INS.48BM5	1.0
Sniffles2.DEL.EFM9	1.0
Sniffles2.INS.2AEM4	1.0
Sniffles2.DEL.48FMA	1.0
Sniffles2.INS.4C3MA	1.0
Sniffles2.DEL.36BM13	1.0
Sniffles2.INS.2C6MF	1.0
Sniffles2.INS.159M15	1.0
Sniffles2.DEL.275MF	1.0
Sniffles2.INS.151M13	1.0
Sniffles2.INS.442M8	1.0
Sniffles2.DEL.6B4M6	1.0
Sniffles2.DEL.120M4	1.0
Sniffles2.DEL.476M1	1.0
Sniffles2.INS.C3M13	1.0
Sniffles2.DEL.403M9	1.0
Sniffles2.INS.8BM5	1.0
Sniffles2.DEL.548M2	1.0
Sniffles2.DEL.337MC	1.0
Sniffles2.DEL.82ME	1.0
Sniffles2.DEL.2C3M1	1.0
Sniffles2.DEL.144M6	1.0
Sniffles2.DEL.35BM7	1.0
Sniffles2.INS.1AM9	1.0
Sniffles2.INS.1DFM9	1.0
Sniffles2.DEL.2C5M5	1.0
Sniffles2.DEL.2BM8	1.0
Sniffles2.DEL.354M12	1.0
Sniffles2.DEL.2F9M11	1.0
Sniffles2.DEL.2E6M7	1.0
Sniffles2.INS.298M15	1.0
Sniffles2.INS.4F4M2	1.0
Sniffles2.INS.205M1	1.0
Sniffles2.DEL.325M0	1.0
Sniffles2.DEL.612M3	1.0
Sniffles2.DEL.3BEMA	1.0
Sniffles2.DEL.448M13	1.0
Sniffles2.DEL.25AM3	1.0
Sniffles2.DEL.353M2	1.0
Sniffles2.INS.1E5MA	1.0
Sniffles2.INS.5DM5	1.0
Sniffles2.INS.1FBMD	1.0
Sniffles2.INS.18DM6	1.0
Sniffles2.DEL.10CM1	1.0
Sniffles2.INS.3D2MA	1.0
Sniffles2.INS.62MB	1.0
Sniffles2.INS.1E7M3	1.0
Sniffles2.DEL.4DDM3	1.0
Sniffles2.DEL.3CCMB	1.0
Sniffles2.DEL.305M11	1.0
Sniffles2.INS.BFMC	1.0
Sniffles2.INS.284M12	1.0
Sniffles2.DEL.4A8M1	1.0
Sniffles2.INS.2BEMF	1.0
Sniffles2.INS.5FFM3	1.0
Sniffles2.DEL.204M0	1.0
Sniffles2.DEL.BBM6	1.0
Sniffles2.INS.3A5M10	1.0
Sniffles2.INS.3C6M6	1.0
Sniffles2.DEL.D3MD	1.0
Sniffles2.INS.46CM1	1.0
Sniffles2.INS.19EM6	1.0
Sniffles2.INS.139M9	1.0
Sniffles2.DEL.4M7	1.0
Sniffles2.INS.4E8M6	1.0
Sniffles2.INS.286M8	1.0
Sniffles2.INS.A1M1	1.0
Sniffles2.INS.425M10	1.0
Sniffles2.DEL.46EM16	1.0
Sniffles2.INS.2AAMB	1.0
Sniffles2.DEL.31DM5	1.0
Sniffles2.INS.187M7	1.0
Sniffles2.INS.139M14	1.0
Sniffles2.DEL.37FM8	1.0
Sniffles2.INS.632M1	1.0
Sniffles2.DEL.27MF	1.0
Sniffles2.DEL.6EBM0	1.0
Sniffles2.DEL.372M10	1.0
Sniffles2.INS.5A3M5	1.0
Sniffles2.DEL.362M3	1.0
Sniffles2.INS.6DDM1	1.0
Sniffles2.INS.C8M1	1.0
Sniffles2.DEL.268M8	1.0
Sniffles2.DEL.4B5M7	1.0
Sniffles2.DEL.C2M8	1.0
Sniffles2.INS.26AMC	1.0
Sniffles2.DEL.78M13	1.0
Sniffles2.INS.48AM1	1.0
Sniffles2.DEL.2CBM11	1.0
Sniffles2.DEL.367M7	1.0
Sniffles2.DEL.2E7M2	1.0
Sniffles2.INS.64M10	1.0
Sniffles2.INS.FDM2	1.0
Sniffles2.INS.17DME	1.0
Sniffles2.DEL.238M9	1.0
Sniffles2.INS.A3MA	1.0
Sniffles2.DEL.278M4	1.0
Sniffles2.DEL.117ME	1.0
Sniffles2.DEL.1BFM8	1.0
Sniffles2.DEL.407M16	1.0
Sniffles2.INS.2CEMF	1.0
Sniffles2.INS.2AEMA	1.0
Sniffles2.DEL.114M9	1.0
Sniffles2.DEL.53BM8	1.0
Sniffles2.INS.55DM0	1.0
Sniffles2.DEL.F9M15	1.0
Sniffles2.INS.92M6	1.0
Sniffles2.INS.3A4M6	1.0
Sniffles2.DEL.5B6M4	1.0
Sniffles2.INS.303M10	1.0
Sniffles2.INS.2DBM13	1.0
Sniffles2.DEL.5D4M1	1.0
Sniffles2.INS.336M8	1.0
Sniffles2.DEL.87M4	1.0
Sniffles2.DEL.2D2MF	1.0
Sniffles2.DEL.DBME	1.0
Sniffles2.INS.32BM2	1.0
Sniffles2.INS.3FM12	1.0
Sniffles2.INS.511M4	1.0
Sniffles2.DEL.DAM7	1.0
Sniffles2.INS.AEM1	1.0
Sniffles2.DEL.483M9	1.0
Sniffles2.DEL.1B9M11	1.0
Sniffles2.DEL.79M11	1.0
Sniffles2.INS.2D4MB	1.0
Sniffles2.INS.2D9M12	1.0
Sniffles2.DEL.3F1M7	1.0
Sniffles2.INS.158M4	1.0
Sniffles2.INS.17AM3	1.0
Sniffles2.DEL.2E3M6	1.0
Sniffles2.DEL.10FM1	1.0
Sniffles2.INS.23EM3	1.0
Sniffles2.INS.25CMB	1.0
Sniffles2.DEL.192M5	1.0
Sniffles2.INS.C5M2	1.0
Sniffles2.INS.E6MB	1.0
Sniffles2.INS.426M2	1.0
Sniffles2.INS.2CCM6	1.0
Sniffles2.INS.3CEM0	1.0
Sniffles2.DEL.1AEMD	1.0
Sniffles2.DEL.1C9M2	1.0
Sniffles2.INS.1B4M5	1.0
Sniffles2.INS.4DMB	1.0
Sniffles2.DEL.1BAM11	1.0
Sniffles2.DEL.3DAM6	1.0
Sniffles2.DEL.3CCM7	1.0
Sniffles2.DEL.16CMF	1.0
Sniffles2.DEL.2C4M7	1.0
Sniffles2.INS.69BM0	1.0
Sniffles2.DEL.32M11	1.0
Sniffles2.DEL.313M9	1.0
Sniffles2.INS.6BM11	1.0
Sniffles2.INS.50M0	1.0
Sniffles2.INS.5EM12	1.0
Sniffles2.INS.FEMF	1.0
Sniffles2.DEL.2D0MB	1.0
Sniffles2.DEL.122M5	1.0
Sniffles2.INS.1A2M4	1.0
Sniffles2.INS.51FM6	1.0
Sniffles2.DEL.543M0	1.0
Sniffles2.INS.325M8	1.0
Sniffles2.INS.257M2	1.0
Sniffles2.DEL.1BBM9	1.0
Sniffles2.DEL.2C4M8	1.0
Sniffles2.INS.638M0	1.0
Sniffles2.INS.410M5	1.0
Sniffles2.DEL.45AM3	1.0
Sniffles2.INS.449M7	1.0
Sniffles2.DEL.283ME	1.0
Sniffles2.INS.294MF	1.0
Sniffles2.DEL.21DM1	1.0
Sniffles2.DEL.3EDM10	1.0
Sniffles2.DEL.1B9M5	1.0
Sniffles2.INS.10CM15	1.0
Sniffles2.INS.177MC	1.0
Sniffles2.INS.307M6	1.0
Sniffles2.DEL.456M5	1.0
Sniffles2.INS.E8M2	1.0
Sniffles2.INS.1A9MC	1.0
Sniffles2.DEL.131M5	1.0
Sniffles2.DEL.23EM4	1.0
Sniffles2.INS.27ME	1.0
Sniffles2.DEL.28BM0	1.0
Sniffles2.DEL.372MF	1.0
Sniffles2.INS.3A2M4	1.0
Sniffles2.INS.2D6M12	1.0
Sniffles2.DEL.3C2M12	1.0
Sniffles2.INS.1CM2	1.0
Sniffles2.DEL.150M12	1.0
Sniffles2.DEL.312ME	1.0
Sniffles2.INS.2A5M12	1.0
Sniffles2.DEL.7E2M0	1.0
Sniffles2.INS.485M5	1.0
Sniffles2.DEL.22AM15	1.0
Sniffles2.INS.7CCM1	1.0
Sniffles2.INS.38MB	1.0
Sniffles2.DEL.551M3	1.0
Sniffles2.DEL.185M12	1.0
Sniffles2.INS.19FMD	1.0
Sniffles2.DEL.7BCM1	1.0
Sniffles2.DEL.C7M10	1.0
Sniffles2.INS.3EBM6	1.0
Sniffles2.DEL.258MF	1.0
Sniffles2.DEL.36CM12	1.0
Sniffles2.DEL.39AM8	1.0
Sniffles2.INS.12CME	1.0
Sniffles2.INS.1ADM14	1.0
Sniffles2.INS.CCM5	1.0
Sniffles2.INS.9BM2	1.0
Sniffles2.INS.1BM0	1.0
Sniffles2.INS.82M10	1.0
Sniffles2.DEL.3BM5	1.0
Sniffles2.DEL.3E0MA	1.0
Sniffles2.DEL.525M2	1.0
Sniffles2.DEL.221M16	1.0
Sniffles2.DEL.290MA	1.0
Sniffles2.INS.DCM8	1.0
Sniffles2.INS.345M2	1.0
Sniffles2.DEL.E5M1	1.0
Sniffles2.DEL.419M8	1.0
Sniffles2.INS.21AM7	1.0
Sniffles2.DEL.3B7MA	1.0
Sniffles2.DEL.59BM5	1.0
Sniffles2.INS.2F4M7	1.0
Sniffles2.INS.16FMC	1.0
Sniffles2.INS.484M2	1.0
Sniffles2.INS.108MB	1.0
Sniffles2.INS.31FM10	1.0
Sniffles2.DEL.25DM12	1.0
Sniffles2.DEL.30AM13	1.0
Sniffles2.DEL.359M0	1.0
Sniffles2.INS.5AFM4	1.0
Sniffles2.INS.365M2	1.0
Sniffles2.DEL.BBM17	1.0
Sniffles2.INS.166M10	1.0
Sniffles2.INS.1B7M7	1.0
Sniffles2.INS.3B1M16	1.0
Sniffles2.DEL.3A7MA	1.0
Sniffles2.INS.439M3	1.0
Sniffles2.INS.16EM3	1.0
Sniffles2.DEL.624M4	1.0
Sniffles2.DEL.2B3M11	1.0
Sniffles2.DEL.1E8M17	1.0
Sniffles2.INS.2E4M0	1.0
Sniffles2.INS.BBM9	1.0
Sniffles2.DEL.30CM0	1.0
Sniffles2.INS.3C1M2	1.0
Sniffles2.INS.4AEM4	1.0
Sniffles2.DEL.1BFM11	1.0
Sniffles2.INS.370M7	1.0
Sniffles2.INS.3B2M6	1.0
Sniffles2.DEL.19M3	1.0
Sniffles2.DEL.2F2M0	1.0
Sniffles2.INS.222MB	1.0
Sniffles2.DEL.3C6M9	1.0
Sniffles2.INS.5AEM6	1.0
Sniffles2.INS.287M5	1.0
Sniffles2.INS.163M14	1.0
Sniffles2.DEL.147M14	1.0
Sniffles2.DEL.1BAM14	1.0
Sniffles2.INS.5FM4	1.0
Sniffles2.DEL.509M1	1.0
Sniffles2.INS.328M8	1.0
Sniffles2.INS.5D9M9	1.0
Sniffles2.INS.2FBMA	1.0
Sniffles2.INS.34BM5	1.0
Sniffles2.DEL.24DM6	1.0
Sniffles2.DEL.308M5	1.0
Sniffles2.INS.32DMB	1.0
Sniffles2.DEL.3EM14	1.0
Sniffles2.INS.ECM11	1.0
Sniffles2.INS.CCM8	1.0
Sniffles2.DEL.173MF	1.0
Sniffles2.INS.177M3	1.0
Sniffles2.INS.2C3M8	1.0
Sniffles2.INS.391M6	1.0
Sniffles2.INS.264ME	1.0
Sniffles2.INS.79MB	1.0
Sniffles2.DEL.78M11	1.0
Sniffles2.DEL.255M0	1.0
Sniffles2.DEL.13AM5	1.0
Sniffles2.DEL.60M6	1.0
Sniffles2.DEL.2E3M14	1.0
Sniffles2.DEL.3B6M3	1.0
Sniffles2.INS.227MC	1.0
Sniffles2.DEL.201M6	1.0
Sniffles2.DEL.169MA	1.0
Sniffles2.DEL.2CAM2	1.0
Sniffles2.DEL.5E2M1	1.0
Sniffles2.DEL.2A0M4	1.0
Sniffles2.INS.418M10	1.0
Sniffles2.INS.333M3	1.0
Sniffles2.INS.2CAM7	1.0
Sniffles2.INS.44FMB	1.0
Sniffles2.INS.85BM0	1.0
Sniffles2.DEL.24EM7	1.0
Sniffles2.DEL.15BM3	1.0
Sniffles2.INS.251M4	1.0
Sniffles2.DEL.3EM7	1.0
Sniffles2.INS.667M1	1.0
Sniffles2.DEL.27EMC	1.0
Sniffles2.DEL.2ABMD	1.0
Sniffles2.INS.64DM6	1.0
Sniffles2.INS.29EM2	1.0
Sniffles2.DEL.24AME	1.0
Sniffles2.INS.390M0	1.0
Sniffles2.INS.AEM7	1.0
Sniffles2.INS.31CM3	1.0
Sniffles2.DEL.193M3	1.0
Sniffles2.DEL.343M12	1.0
Sniffles2.DEL.B3M8	1.0
Sniffles2.DEL.289M1	1.0
Sniffles2.INS.27BM8	1.0
Sniffles2.DEL.255MD	1.0
Sniffles2.DEL.2A7M16	1.0
Sniffles2.INS.38BM8	1.0
Sniffles2.DEL.29CM4	1.0
Sniffles2.DEL.4DFM4	1.0
Sniffles2.INS.567M5	1.0
Sniffles2.INS.3A1M2	1.0
Sniffles2.DEL.4BM5	1.0
Sniffles2.INS.21FMB	1.0
Sniffles2.INS.21AM12	1.0
Sniffles2.DEL.28BM7	1.0
Sniffles2.INS.2B5M16	1.0
Sniffles2.INS.4B9M4	1.0
Sniffles2.DEL.55EM3	1.0
Sniffles2.INS.2CAM5	1.0
Sniffles2.INS.488M0	1.0
Sniffles2.DEL.198M4	1.0
Sniffles2.DEL.C2M11	1.0
Sniffles2.DEL.7EM8	1.0
Sniffles2.INS.504M8	1.0
Sniffles2.DEL.2A5ME	1.0
Sniffles2.DEL.446M10	1.0
Sniffles2.DEL.55AM3	1.0
Sniffles2.INS.333M6	1.0
Sniffles2.INS.270M1	1.0
Sniffles2.DEL.365M13	1.0
Sniffles2.INS.455M9	1.0
Sniffles2.INS.4D1M5	1.0
Sniffles2.INS.F3M3	1.0
Sniffles2.INS.6AM14	1.0
Sniffles2.DEL.374M4	1.0
Sniffles2.DEL.25CM4	1.0
Sniffles2.INS.231MB	1.0
Sniffles2.DEL.4B9M1	1.0
Sniffles2.DEL.82MB	1.0
Sniffles2.INS.21BMC	1.0
Sniffles2.INS.1FBMA	1.0
Sniffles2.DEL.16EMC	1.0
Sniffles2.DEL.263M9	1.0
Sniffles2.INS.190M15	1.0
Sniffles2.DEL.346MF	1.0
Sniffles2.DEL.269M10	1.0
Sniffles2.DEL.5F3M9	1.0
Sniffles2.INS.DFM7	1.0
Sniffles2.DEL.49CM5	1.0
Sniffles2.DEL.397M7	1.0
Sniffles2.DEL.2E0M13	1.0
Sniffles2.DEL.39MD	1.0
Sniffles2.INS.47M13	1.0
Sniffles2.INS.38EM6	1.0
Sniffles2.INS.6EFM6	1.0
Sniffles2.INS.4CFM5	1.0
Sniffles2.INS.27FM8	1.0
Sniffles2.DEL.D0MF	1.0
Sniffles2.INS.31AME	1.0
Sniffles2.DEL.17FM6	1.0
Sniffles2.INS.48FM1	1.0
Sniffles2.INS.174MC	1.0
Sniffles2.DEL.534M1	1.0
Sniffles2.INS.175MF	1.0
Sniffles2.INS.336M0	1.0
Sniffles2.DEL.5CFM0	1.0
Sniffles2.INS.62AM6	1.0
Sniffles2.INS.275MD	1.0
Sniffles2.INS.D3MF	1.0
Sniffles2.DEL.96M7	1.0
Sniffles2.DEL.384M8	1.0
Sniffles2.INS.2F0MB	1.0
Sniffles2.INS.F5MF	1.0
Sniffles2.DEL.138M12	1.0
Sniffles2.DEL.328MF	1.0
Sniffles2.INS.CEM3	1.0
Sniffles2.INS.69DM1	1.0
Sniffles2.INV.1F7M14	1.0
Sniffles2.DEL.521M0	1.0
Sniffles2.INS.1D8MC	1.0
Sniffles2.DEL.6F1M1	1.0
Sniffles2.DEL.1CBM12	1.0
Sniffles2.DEL.5E5M4	1.0
Sniffles2.INS.432M8	1.0
Sniffles2.DEL.52FM6	1.0
Sniffles2.DEL.30BM6	1.0
Sniffles2.DEL.16AMA	1.0
Sniffles2.DEL.39CM3	1.0
Sniffles2.INS.5A7M1	1.0
Sniffles2.DEL.16CM2	1.0
Sniffles2.INS.559M4	1.0
Sniffles2.INS.484M7	1.0
Sniffles2.DEL.28FM10	1.0
Sniffles2.DEL.213M1	1.0
Sniffles2.DEL.395MC	1.0
Sniffles2.DEL.22CM6	1.0
Sniffles2.INS.220M12	1.0
Sniffles2.INS.C8M10	1.0
Sniffles2.DEL.205M14	1.0
Sniffles2.INS.94M4	1.0
Sniffles2.INS.453M7	1.0
Sniffles2.INS.A5M13	1.0
Sniffles2.DEL.4D2M4	1.0
Sniffles2.INS.232M8	1.0
Sniffles2.INS.4BFM1	1.0
Sniffles2.DEL.1F3M17	1.0
Sniffles2.DEL.61EM3	1.0
Sniffles2.DEL.C0M3	1.0
Sniffles2.DEL.38AM7	1.0
Sniffles2.DEL.22FM11	1.0
Sniffles2.INS.F7M2	1.0
Sniffles2.DEL.289M13	1.0
Sniffles2.INS.66EM0	1.0
Sniffles2.INS.2B2M7	1.0
Sniffles2.INS.408M4	1.0
Sniffles2.DEL.56FM0	1.0
Sniffles2.DEL.136M15	1.0
Sniffles2.DEL.A8M1	1.0
Sniffles2.INS.117M1	1.0
Sniffles2.DEL.655M1	1.0
Sniffles2.INS.393M4	1.0
Sniffles2.DEL.CFM14	1.0
Sniffles2.INS.207M3	1.0
Sniffles2.DEL.53AM8	1.0
Sniffles2.DEL.19BM1	1.0
Sniffles2.DEL.60ME	1.0
Sniffles2.DEL.2E2M13	1.0
Sniffles2.DEL.111M5	1.0
Sniffles2.INS.2ABM12	1.0
Sniffles2.DEL.D1M8	1.0
Sniffles2.DEL.131M3	1.0
Sniffles2.INS.63M13	1.0
Sniffles2.DEL.8DM7	1.0
Sniffles2.DEL.43M11	1.0
Sniffles2.INS.3B8M6	1.0
Sniffles2.INS.2DDMC	1.0
Sniffles2.DEL.2A5M1	1.0
Sniffles2.INS.53CM3	1.0
Sniffles2.DEL.122M3	1.0
Sniffles2.INS.3DM3	1.0
Sniffles2.INS.496M7	1.0
Sniffles2.DEL.2CCMB	1.0
Sniffles2.DEL.142M9	1.0
Sniffles2.DEL.25M7	1.0
Sniffles2.INS.348M5	1.0
Sniffles2.INS.79M9	1.0
Sniffles2.INS.136M11	1.0
Sniffles2.INS.1F0MD	1.0
Sniffles2.INS.264M7	1.0
Sniffles2.INS.2B0MC	1.0
Sniffles2.INS.254MD	1.0
Sniffles2.DEL.413MC	1.0
Sniffles2.INS.FAM7	1.0
Sniffles2.DEL.183MC	1.0
Sniffles2.DEL.210M1	1.0
Sniffles2.DEL.105MF	1.0
Sniffles2.INS.94MA	1.0
Sniffles2.INS.1FAM0	1.0
Sniffles2.INS.213MC	1.0
Sniffles2.DEL.489M5	1.0
Sniffles2.DEL.682M1	1.0
Sniffles2.DEL.451M3	1.0
Sniffles2.INS.1BCM3	1.0
Sniffles2.INS.255MC	1.0
Sniffles2.INS.4A5M2	1.0
Sniffles2.DEL.426M7	1.0
Sniffles2.INS.BCMF	1.0
Sniffles2.DEL.3B2M4	1.0
Sniffles2.INS.2BAMC	1.0
Sniffles2.DEL.30CM3	1.0
Sniffles2.DEL.28CM15	1.0
Sniffles2.DEL.3BAM4	1.0
Sniffles2.DEL.1CEM2	1.0
Sniffles2.DEL.66M15	1.0
Sniffles2.DEL.229MD	1.0
Sniffles2.INS.31AM5	1.0
Sniffles2.INS.E5M11	1.0
Sniffles2.INS.3A6M0	1.0
Sniffles2.DEL.2DFM15	1.0
Sniffles2.INS.5FBM0	1.0
Sniffles2.INS.426M8	1.0
Sniffles2.INS.47EM5	1.0
Sniffles2.INS.DFME	1.0
Sniffles2.INS.347M6	1.0
Sniffles2.DEL.7B3M0	1.0
Sniffles2.INS.16DM1	1.0
Sniffles2.DEL.165M9	1.0
Sniffles2.INS.DEM3	1.0
Sniffles2.DEL.120M12	1.0
Sniffles2.DEL.33CMC	1.0
Sniffles2.INS.220M3	1.0
Sniffles2.DEL.334MA	1.0
Sniffles2.DEL.294M4	1.0
Sniffles2.DEL.477M3	1.0
Sniffles2.DEL.148MC	1.0
Sniffles2.INS.3ACM9	1.0
Sniffles2.DEL.232M13	1.0
Sniffles2.INS.439M0	1.0
Sniffles2.DEL.662M3	1.0
Sniffles2.INS.322M3	1.0
Sniffles2.INS.310M0	1.0
Sniffles2.INS.1D5M1	1.0
Sniffles2.INS.512M4	1.0
Sniffles2.INS.19DM2	1.0
Sniffles2.DEL.195ME	1.0
Sniffles2.DEL.497M2	1.0
Sniffles2.INS.213M16	1.0
Sniffles2.DEL.1D6MA	1.0
Sniffles2.INS.23CM16	1.0
Sniffles2.DEL.1CEMB	1.0
Sniffles2.DEL.446M6	1.0
Sniffles2.INS.627M0	1.0
Sniffles2.INS.67M7	1.0
Sniffles2.INS.35EM11	1.0
Sniffles2.INS.2BDMC	1.0
Sniffles2.INS.2AFM4	1.0
Sniffles2.DEL.F6M14	1.0
Sniffles2.DEL.2FAM9	1.0
Sniffles2.INS.35AM2	1.0
Sniffles2.INS.4DCM8	1.0
Sniffles2.DEL.A9MB	1.0
Sniffles2.DEL.127MA	1.0
Sniffles2.INS.2C0M11	1.0
Sniffles2.INS.6M12	1.0
Sniffles2.INS.521M6	1.0
Sniffles2.INS.25EMC	1.0
Sniffles2.INS.3B6M6	1.0
Sniffles2.INS.DCMD	1.0
Sniffles2.INS.20FM9	1.0
Sniffles2.DEL.415M4	1.0
Sniffles2.DEL.FEM8	1.0
Sniffles2.DEL.FDMA	1.0
Sniffles2.DEL.11BM9	1.0
Sniffles2.INS.1BBM12	1.0
Sniffles2.INS.10MF	1.0
Sniffles2.DEL.346M6	1.0
Sniffles2.DEL.341M12	1.0
Sniffles2.DEL.355M5	1.0
Sniffles2.DEL.2A0M14	1.0
Sniffles2.DEL.1C1M6	1.0
Sniffles2.DEL.2B5M9	1.0
Sniffles2.DEL.28M14	1.0
Sniffles2.DEL.2EFMC	1.0
Sniffles2.DEL.B7M12	1.0
Sniffles2.DEL.7A1M1	1.0
Sniffles2.DEL.228MA	1.0
Sniffles2.DEL.3DDMF	1.0
Sniffles2.DEL.2BEM2	1.0
Sniffles2.DEL.561M9	1.0
Sniffles2.INS.F5M12	1.0
Sniffles2.INS.474M7	1.0
Sniffles2.INS.14EMC	1.0
Sniffles2.INS.40EMA	1.0
Sniffles2.INS.21CM0	1.0
Sniffles2.INS.E6M10	1.0
Sniffles2.DEL.34DM4	1.0
Sniffles2.DEL.250M10	1.0
Sniffles2.INS.49FM1	1.0
Sniffles2.DEL.161M8	1.0
Sniffles2.INS.1E4M2	1.0
Sniffles2.INS.BDMB	1.0
Sniffles2.DEL.2D0M12	1.0
Sniffles2.INS.2D4M14	1.0
Sniffles2.INS.4A6M2	1.0
Sniffles2.DEL.53EM5	1.0
Sniffles2.INS.368M0	1.0
Sniffles2.DEL.65M9	1.0
Sniffles2.INS.341M11	1.0
Sniffles2.DEL.12EM13	1.0
Sniffles2.DEL.9M14	1.0
Sniffles2.INS.477M5	1.0
Sniffles2.INS.275M10	1.0
Sniffles2.DEL.29EM3	1.0
Sniffles2.DEL.A5M6	1.0
Sniffles2.DEL.327M12	1.0
Sniffles2.INS.A8MD	1.0
Sniffles2.INS.248M2	1.0
Sniffles2.INS.5CFM1	1.0
Sniffles2.DEL.32FMC	1.0
Sniffles2.INS.120MB	1.0
Sniffles2.INS.546M2	1.0
Sniffles2.DEL.334M0	1.0
Sniffles2.INS.3A9MC	1.0
Sniffles2.INS.352MF	1.0
Sniffles2.INS.677M0	1.0
Sniffles2.INS.1E7M9	1.0
Sniffles2.INS.62M13	1.0
Sniffles2.INS.1B3M9	1.0
Sniffles2.INS.1A4M9	1.0
Sniffles2.DEL.7FCM0	1.0
Sniffles2.INS.5BME	1.0
Sniffles2.DUP.10DM12	1.0
Sniffles2.DEL.1F4M0	1.0
Sniffles2.DEL.457M1	1.0
Sniffles2.INS.3F0M5	1.0
Sniffles2.DEL.5A2M3	1.0
Sniffles2.DEL.2FM9	1.0
Sniffles2.INS.1D8M1	1.0
Sniffles2.INS.2C7M13	1.0
Sniffles2.INS.81M9	1.0
Sniffles2.INS.2BDMF	1.0
Sniffles2.INS.4C0M6	1.0
Sniffles2.DEL.250M11	1.0
Sniffles2.INS.757M1	1.0
Sniffles2.INS.12CMA	1.0
Sniffles2.INS.3E7MA	1.0
Sniffles2.INS.15BMC	1.0
Sniffles2.INS.1D3M14	1.0
Sniffles2.DEL.316M9	1.0
Sniffles2.INS.1EBM5	1.0
Sniffles2.INS.360M9	1.0
Sniffles2.DEL.511M3	1.0
Sniffles2.INS.D6M8	1.0
Sniffles2.INS.42DM7	1.0
Sniffles2.INS.276M0	1.0
Sniffles2.INS.227M8	1.0
Sniffles2.DEL.329MB	1.0
Sniffles2.INS.488M8	1.0
Sniffles2.INS.337MA	1.0
Sniffles2.INS.6BM2	1.0
Sniffles2.DEL.12EM0	1.0
Sniffles2.INS.1ACM6	1.0
Sniffles2.INS.B8ME	1.0
Sniffles2.INS.439M2	1.0
Sniffles2.DEL.424M4	1.0
Sniffles2.DEL.29M7	1.0
Sniffles2.INS.3CAM3	1.0
Sniffles2.DEL.2E4M2	1.0
Sniffles2.INS.28EM10	1.0
Sniffles2.DEL.A9M8	1.0
Sniffles2.DEL.773M1	1.0
Sniffles2.DEL.4B3M4	1.0
Sniffles2.DEL.186M2	1.0
Sniffles2.INS.332M1	1.0
Sniffles2.DEL.8BM8	1.0
Sniffles2.INS.13FM4	1.0
Sniffles2.DEL.11FM4	1.0
Sniffles2.INS.707M0	1.0
Sniffles2.INS.1B1MF	1.0
Sniffles2.DEL.115M3	1.0
Sniffles2.DEL.337M2	1.0
Sniffles2.INS.22DM3	1.0
Sniffles2.INS.18BM14	1.0
Sniffles2.DEL.482M9	1.0
Sniffles2.INS.1C5M11	1.0
Sniffles2.INS.3AAM13	1.0
Sniffles2.INS.5D2M9	1.0
Sniffles2.DEL.11FM8	1.0
Sniffles2.INS.CAM0	1.0
Sniffles2.DEL.438MA	1.0
Sniffles2.INS.1A6M2	1.0
Sniffles2.DEL.CEM15	1.0
Sniffles2.DEL.124MC	1.0
Sniffles2.INS.32FM2	1.0
Sniffles2.DEL.3BEMB	1.0
Sniffles2.DEL.3D8M9	1.0
Sniffles2.DEL.684M1	1.0
Sniffles2.INS.1B9MB	1.0
Sniffles2.DEL.5D1M1	1.0
Sniffles2.INS.C2M5	1.0
Sniffles2.DEL.506M5	1.0
Sniffles2.DEL.1C8M13	1.0
Sniffles2.INS.350M8	1.0
Sniffles2.INS.37FM13	1.0
Sniffles2.DEL.3D0M3	1.0
Sniffles2.DEL.CCM10	1.0
Sniffles2.INS.47DM2	1.0
Sniffles2.INS.34EM16	1.0
Sniffles2.DEL.2B0M11	1.0
Sniffles2.INS.48BMB	1.0
Sniffles2.INS.31AM0	1.0
Sniffles2.DEL.1FEM17	1.0
Sniffles2.DEL.1FCM7	1.0
Sniffles2.DEL.30DM9	1.0
Sniffles2.DEL.4E2M5	1.0
Sniffles2.DEL.2DBM4	1.0
Sniffles2.DEL.1EDMB	1.0
Sniffles2.INS.362M0	1.0
Sniffles2.INS.22DM15	1.0
Sniffles2.DEL.3F6M8	1.0
Sniffles2.INS.362M10	1.0
Sniffles2.INS.2EAM13	1.0
Sniffles2.INS.481M1	1.0
Sniffles2.INS.3DDM5	1.0
Sniffles2.INS.276MA	1.0
Sniffles2.INS.33EM16	1.0
Sniffles2.DEL.2C6M9	1.0
Sniffles2.DEL.16FMA	1.0
Sniffles2.INS.39EM10	1.0
Sniffles2.DEL.32M3	1.0
Sniffles2.DEL.3ABM13	1.0
Sniffles2.DEL.2AFMC	1.0
Sniffles2.INS.38DM13	1.0
Sniffles2.DEL.1B2MD	1.0
Sniffles2.DEL.632M0	1.0
Sniffles2.INS.1FEM6	1.0
Sniffles2.DEL.B5MB	1.0
Sniffles2.INS.272M1	1.0
Sniffles2.INS.4BEM6	1.0
Sniffles2.INS.351MF	1.0
Sniffles2.DEL.371M16	1.0
Sniffles2.DEL.10AMA	1.0
Sniffles2.INS.279M10	1.0
Sniffles2.INS.659M6	1.0
Sniffles2.DEL.5F6M4	1.0
Sniffles2.INS.356MC	1.0
Sniffles2.DEL.1E9MC	1.0
Sniffles2.DEL.480M1	1.0
Sniffles2.DEL.518M5	1.0
Sniffles2.DEL.1F8MA	1.0
Sniffles2.DEL.5A1M6	1.0
Sniffles2.INS.CEM0	1.0
Sniffles2.INS.501M4	1.0
Sniffles2.DEL.32EM2	1.0
Sniffles2.DEL.C5M14	1.0
Sniffles2.DEL.42BM4	1.0
Sniffles2.DEL.131M7	1.0
Sniffles2.INS.10DM6	1.0
Sniffles2.DEL.55FM1	1.0
Sniffles2.DEL.24FMB	1.0
Sniffles2.DEL.101M11	1.0
Sniffles2.INS.28BM12	1.0
Sniffles2.INS.326M13	1.0
Sniffles2.INS.29FM10	1.0
Sniffles2.DEL.2DM1	1.0
Sniffles2.DEL.26FM4	1.0
Sniffles2.INS.148M0	1.0
Sniffles2.INS.131ME	1.0
Sniffles2.DEL.51BM1	1.0
Sniffles2.DEL.3D1M13	1.0
Sniffles2.DEL.34EM4	1.0
Sniffles2.DEL.17MB	1.0
Sniffles2.DEL.9FM13	1.0
Sniffles2.DEL.41DM4	1.0
Sniffles2.DEL.283M12	1.0
Sniffles2.DEL.465M6	1.0
Sniffles2.DEL.342M7	1.0
Sniffles2.DEL.15EMD	1.0
Sniffles2.INS.EM11	1.0
Sniffles2.INS.248MC	1.0
Sniffles2.DEL.4A3M5	1.0
Sniffles2.INS.3F2M16	1.0
Sniffles2.INS.5A4M9	1.0
Sniffles2.DEL.467M5	1.0
Sniffles2.INS.2F8M6	1.0
Sniffles2.INS.F0M12	1.0
Sniffles2.INS.4CAM3	1.0
Sniffles2.DEL.58AM1	1.0
Sniffles2.INS.42AM2	1.0
Sniffles2.INS.42EM4	1.0
Sniffles2.INS.2C2M0	1.0
Sniffles2.DEL.43AM1	1.0
Sniffles2.INS.597M1	1.0
Sniffles2.DEL.456M3	1.0
Sniffles2.INS.233M1	1.0
Sniffles2.DEL.24M1	1.0
Sniffles2.DEL.2F9M1	1.0
Sniffles2.DEL.35CM13	1.0
Sniffles2.DEL.40CM6	1.0
Sniffles2.DEL.4A9M7	1.0
Sniffles2.DEL.55AM6	1.0
Sniffles2.DEL.1CEM6	1.0
Sniffles2.DEL.38EM12	1.0
Sniffles2.INS.45DM4	1.0
Sniffles2.INS.18EMC	1.0
Sniffles2.DEL.280MB	1.0
Sniffles2.INS.1MB	1.0
Sniffles2.DEL.340M12	1.0
Sniffles2.DEL.4E9M9	1.0
Sniffles2.DEL.4F0MB	1.0
Sniffles2.INS.461M5	1.0
Sniffles2.INS.23DM12	1.0
Sniffles2.DEL.279M9	1.0
Sniffles2.INS.76BM0	1.0
Sniffles2.INS.5C7M4	1.0
Sniffles2.DEL.41BM2	1.0
Sniffles2.INS.189ME	1.0
Sniffles2.INS.2CMD	1.0
Sniffles2.DEL.A7M15	1.0
Sniffles2.INS.418MA	1.0
Sniffles2.INS.D3M0	1.0
Sniffles2.INS.4EBM6	1.0
Sniffles2.DEL.1A8M2	1.0
Sniffles2.DEL.11AMD	1.0
Sniffles2.DEL.19EM3	1.0
Sniffles2.INS.374M10	1.0
Sniffles2.INS.125M9	1.0
Sniffles2.INS.2E5MF	1.0
Sniffles2.INS.224M8	1.0
Sniffles2.INS.129M0	1.0
Sniffles2.INS.7E8M0	1.0
Sniffles2.DEL.265M2	1.0
Sniffles2.DEL.DDM13	1.0
Sniffles2.DEL.459M2	1.0
Sniffles2.INS.161M7	1.0
Sniffles2.DEL.4C1M1	1.0
Sniffles2.INS.322MF	1.0
Sniffles2.INS.101M8	1.0
Sniffles2.INS.22AMC	1.0
Sniffles2.INS.21DM12	1.0
Sniffles2.DEL.146MA	1.0
Sniffles2.DEL.53BM4	1.0
Sniffles2.DEL.1FBM14	1.0
Sniffles2.DEL.4FDM5	1.0
Sniffles2.INS.7F7M1	1.0
Sniffles2.DEL.286M4	1.0
Sniffles2.INS.29CM11	1.0
Sniffles2.DEL.3A8M9	1.0
Sniffles2.DEL.CFM12	1.0
Sniffles2.DEL.136MA	1.0
Sniffles2.DEL.1CFM4	1.0
Sniffles2.INS.2F6M1	1.0
Sniffles2.INS.2DCMC	1.0
Sniffles2.DEL.5DM2	1.0
Sniffles2.DEL.3B7M8	1.0
Sniffles2.DEL.A4M3	1.0
Sniffles2.INS.177M5	1.0
Sniffles2.INS.4C4M3	1.0
Sniffles2.INS.51AM6	1.0
Sniffles2.DEL.4ADM13	1.0
Sniffles2.INS.22BM0	1.0
Sniffles2.INS.463M2	1.0
Sniffles2.INS.389M0	1.0
Sniffles2.DEL.217M9	1.0
Sniffles2.DEL.2E6M2	1.0
Sniffles2.INS.1D6M3	1.0
Sniffles2.INS.242M3	1.0
Sniffles2.INS.3E7MB	1.0
Sniffles2.INS.6D3M0	1.0
Sniffles2.DEL.40AMF	1.0
Sniffles2.DEL.2F7M5	1.0
Sniffles2.INS.181MC	1.0
Sniffles2.INS.15EM7	1.0
Sniffles2.DEL.3C4M8	1.0
Sniffles2.INS.2A0M13	1.0
Sniffles2.DEL.70M3	1.0
Sniffles2.INS.A3M1	1.0
Sniffles2.INS.17FMD	1.0
Sniffles2.INS.302M2	1.0
Sniffles2.DEL.2BAM5	1.0
Sniffles2.INS.2F3M9	1.0
Sniffles2.INS.250MB	1.0
Sniffles2.DEL.5D8M1	1.0
Sniffles2.INS.46EM1	1.0
Sniffles2.DEL.96MB	1.0
Sniffles2.DEL.14FM17	1.0
Sniffles2.INS.156M13	1.0
Sniffles2.INS.37M0	1.0
Sniffles2.DEL.316M13	1.0
Sniffles2.INS.EME	1.0
Sniffles2.DEL.40FM2	1.0
Sniffles2.INS.1AEM3	1.0
Sniffles2.INS.1CEM13	1.0
Sniffles2.INS.2D6MA	1.0
Sniffles2.DEL.3C4M4	1.0
Sniffles2.INS.431M8	1.0
Sniffles2.INS.D7M1	1.0
Sniffles2.DEL.D1M4	1.0
Sniffles2.DEL.1F5M4	1.0
Sniffles2.DEL.13M6	1.0
Sniffles2.DEL.115M11	1.0
Sniffles2.DEL.386M3	1.0
Sniffles2.INS.147MC	1.0
Sniffles2.DEL.361M4	1.0
Sniffles2.INS.355M6	1.0
Sniffles2.DEL.2D5MF	1.0
Sniffles2.DEL.59M11	1.0
Sniffles2.DEL.36AM11	1.0
Sniffles2.DEL.597M5	1.0
Sniffles2.INS.2DEM2	1.0
Sniffles2.INS.246MB	1.0
Sniffles2.DEL.13AM10	1.0
Sniffles2.DEL.3E1M2	1.0
Sniffles2.DEL.417M2	1.0
Sniffles2.INS.31AM8	1.0
Sniffles2.INS.32EMF	1.0
Sniffles2.INS.4F2M4	1.0
Sniffles2.INS.69M9	1.0
Sniffles2.DEL.1D5M10	1.0
Sniffles2.INS.8M9	1.0
Sniffles2.DEL.8FM7	1.0
Sniffles2.DEL.38DM0	1.0
Sniffles2.INS.4CCM1	1.0
Sniffles2.DEL.6BFM1	1.0
Sniffles2.DEL.2FDM15	1.0
Sniffles2.INS.5CM2	1.0
Sniffles2.INS.30DM16	1.0
Sniffles2.DEL.151M4	1.0
Sniffles2.DEL.23AMA	1.0
Sniffles2.DEL.10CMC	1.0
Sniffles2.INS.3F7M1	1.0
Sniffles2.INS.39AM0	1.0
Sniffles2.DEL.4F0M5	1.0
Sniffles2.DEL.338M11	1.0
Sniffles2.INS.262M10	1.0
Sniffles2.DEL.43BM13	1.0
Sniffles2.DEL.369M0	1.0
Sniffles2.DEL.496M0	1.0
Sniffles2.DEL.1B1M2	1.0
Sniffles2.DEL.6CFM6	1.0
Sniffles2.INS.163M3	1.0
Sniffles2.DEL.3C7M0	1.0
Sniffles2.INS.54DM1	1.0
Sniffles2.DEL.35EMF	1.0
Sniffles2.INS.400M10	1.0
Sniffles2.INS.E4M6	1.0
Sniffles2.DEL.256M10	1.0
Sniffles2.DEL.2AFM13	1.0
Sniffles2.DEL.38CM7	1.0
Sniffles2.DEL.304M1	1.0
Sniffles2.INS.365MF	1.0
Sniffles2.INS.1D3M11	1.0
Sniffles2.DEL.43M10	1.0
Sniffles2.DEL.197MA	1.0
Sniffles2.INS.E2M2	1.0
Sniffles2.INS.377M13	1.0
Sniffles2.INS.3FFM8	1.0
Sniffles2.DEL.161M3	1.0
Sniffles2.INS.371M5	1.0
Sniffles2.INS.44M4	1.0
Sniffles2.DEL.1ADM6	1.0
Sniffles2.DEL.1A0M11	1.0
Sniffles2.INS.C6M7	1.0
Sniffles2.INS.4A2MB	1.0
Sniffles2.INS.163M7	1.0
Sniffles2.DEL.65M2	1.0
Sniffles2.INS.1D4M11	1.0
Sniffles2.INS.3ECMB	1.0
Sniffles2.INS.3E5MB	1.0
Sniffles2.INS.3C8MA	1.0
Sniffles2.INS.2B0M14	1.0
Sniffles2.INS.3A6MB	1.0
Sniffles2.DEL.3FEM7	1.0
Sniffles2.INS.482M5	1.0
Sniffles2.INS.3CCMC	1.0
Sniffles2.DEL.133M3	1.0
Sniffles2.DEL.656M3	1.0
Sniffles2.INS.23AMB	1.0
Sniffles2.INS.274M15	1.0
Sniffles2.INS.F0MF	1.0
Sniffles2.DEL.78CM1	1.0
Sniffles2.DEL.2F2M8	1.0
Sniffles2.INS.1ACM0	1.0
Sniffles2.INS.34FM10	1.0
Sniffles2.INS.482MB	1.0
Sniffles2.INS.7B5M0	1.0
Sniffles2.INS.40CM7	1.0
Sniffles2.INS.20EM7	1.0
Sniffles2.DEL.33BM16	1.0
Sniffles2.INS.38BMA	1.0
Sniffles2.DEL.574M4	1.0
Sniffles2.DEL.30CME	1.0
Sniffles2.DEL.30CM15	1.0
Sniffles2.INS.1ECM1	1.0
Sniffles2.DEL.C5M11	1.0
Sniffles2.DEL.204M12	1.0
Sniffles2.DUP.50FM8	1.0
Sniffles2.INS.238MC	1.0
Sniffles2.INS.3BCM3	1.0
Sniffles2.DEL.179MF	1.0
Sniffles2.DEL.3E1M9	1.0
Sniffles2.INS.2BBME	1.0
Sniffles2.INS.116M15	1.0
Sniffles2.INS.1C0M11	1.0
Sniffles2.DEL.1EDMD	1.0
Sniffles2.DEL.426M5	1.0
Sniffles2.INS.342M6	1.0
Sniffles2.DEL.75BM1	1.0
Sniffles2.DEL.EEM1	1.0
Sniffles2.INS.281ME	1.0
Sniffles2.DEL.8FMD	1.0
Sniffles2.INS.464M9	1.0
Sniffles2.INS.2EDMB	1.0
Sniffles2.INS.ACMF	1.0
Sniffles2.INS.201M15	1.0
Sniffles2.INS.18FM0	1.0
Sniffles2.DEL.602M3	1.0
Sniffles2.INS.429M16	1.0
Sniffles2.DEL.481M7	1.0
Sniffles2.DEL.10FMF	1.0
Sniffles2.DEL.267M3	1.0
Sniffles2.INS.61M3	1.0
Sniffles2.DEL.18M4	1.0
Sniffles2.DEL.7M5	1.0
Sniffles2.DEL.45BM0	1.0
Sniffles2.INS.240M11	1.0
Sniffles2.DEL.2DFMB	1.0
Sniffles2.DEL.D7M0	1.0
Sniffles2.DEL.21CM4	1.0
Sniffles2.INS.15CME	1.0
Sniffles2.INS.304M5	1.0
Sniffles2.INS.257MC	1.0
Sniffles2.INS.243MB	1.0
Sniffles2.DEL.140M14	1.0
Sniffles2.DEL.190ME	1.0
Sniffles2.DEL.3A4M11	1.0
Sniffles2.DEL.255M8	1.0
Sniffles2.DEL.E8M9	1.0
Sniffles2.INS.2C6M14	1.0
Sniffles2.DEL.85MD	1.0
Sniffles2.INS.20FMA	1.0
Sniffles2.INS.52BM5	1.0
Sniffles2.DEL.269M2	1.0
Sniffles2.DEL.4C5M5	1.0
Sniffles2.DEL.44CM3	1.0
Sniffles2.DEL.1D5M2	1.0
Sniffles2.DEL.98M3	1.0
Sniffles2.DEL.F0M7	1.0
Sniffles2.DEL.41FM4	1.0
Sniffles2.DEL.14EM7	1.0
Sniffles2.DEL.7DBM0	1.0
Sniffles2.INS.147M7	1.0
Sniffles2.INS.201M7	1.0
Sniffles2.DEL.404M7	1.0
Sniffles2.INS.4E5M7	1.0
Sniffles2.DEL.295M5	1.0
Sniffles2.DEL.476MA	1.0
Sniffles2.DEL.36CM9	1.0
Sniffles2.INS.1B4MC	1.0
Sniffles2.DEL.3D4MC	1.0
Sniffles2.DEL.5E9M3	1.0
Sniffles2.INS.28DMF	1.0
Sniffles2.DEL.92MB	1.0
Sniffles2.INS.142MB	1.0
Sniffles2.INS.2A3M2	1.0
Sniffles2.INS.28DM11	1.0
Sniffles2.DEL.3E5M0	1.0
Sniffles2.INS.1CAM10	1.0
Sniffles2.INS.275M6	1.0
Sniffles2.DEL.3ADMC	1.0
Sniffles2.DEL.17EM5	1.0
Sniffles2.DEL.F8M3	1.0
Sniffles2.DEL.485M1	1.0
Sniffles2.DEL.527M1	1.0
Sniffles2.DEL.491M2	1.0
Sniffles2.INS.202M15	1.0
Sniffles2.INS.256MB	1.0
Sniffles2.INS.2AFM3	1.0
Sniffles2.INS.35M5	1.0
Sniffles2.INS.BEMB	1.0
Sniffles2.DEL.D0M3	1.0
Sniffles2.DEL.27DM4	1.0
Sniffles2.INS.1AFM4	1.0
Sniffles2.DEL.192M1	1.0
Sniffles2.DEL.12FMA	1.0
Sniffles2.DEL.2CM13	1.0
Sniffles2.DEL.3CBM16	1.0
Sniffles2.INS.D7MD	1.0
Sniffles2.DEL.44CM8	1.0
Sniffles2.INS.1BFM14	1.0
Sniffles2.INS.297M11	1.0
Sniffles2.DEL.686M6	1.0
Sniffles2.INS.5A5M3	1.0
Sniffles2.DEL.345M3	1.0
Sniffles2.DEL.162M4	1.0
Sniffles2.INS.108M13	1.0
Sniffles2.DEL.106ME	1.0
Sniffles2.INS.60MB	1.0
Sniffles2.INS.42CMA	1.0
Sniffles2.INS.380M9	1.0
Sniffles2.INS.525M9	1.0
Sniffles2.DEL.13M0	1.0
Sniffles2.DEL.3C2MB	1.0
Sniffles2.INS.402M3	1.0
Sniffles2.INS.547M0	1.0
Sniffles2.DEL.4F5M4	1.0
Sniffles2.DEL.108M15	1.0
Sniffles2.INS.50AM6	1.0
Sniffles2.INS.A2MD	1.0
Sniffles2.DEL.301M16	1.0
Sniffles2.DEL.50DM3	1.0
Sniffles2.INS.4F7M6	1.0
Sniffles2.INS.5ABM0	1.0
Sniffles2.DEL.28FM15	1.0
Sniffles2.DEL.325M14	1.0
Sniffles2.DEL.3E8M4	1.0
Sniffles2.DEL.5B1M6	1.0
Sniffles2.DEL.2E6MA	1.0
Sniffles2.DEL.487M0	1.0
Sniffles2.DEL.633M1	1.0
Sniffles2.DEL.5C7M0	1.0
Sniffles2.INS.65MF	1.0
Sniffles2.INS.337M4	1.0
Sniffles2.DEL.23AM7	1.0
Sniffles2.INS.ADM1	1.0
Sniffles2.INS.376M12	1.0
Sniffles2.INS.502M6	1.0
Sniffles2.INS.ABMC	1.0
Sniffles2.DEL.59DM0	1.0
Sniffles2.INS.16CM15	1.0
Sniffles2.DEL.22EME	1.0
Sniffles2.INS.228M14	1.0
Sniffles2.INS.353MC	1.0
Sniffles2.DEL.6BCM0	1.0
Sniffles2.DEL.2EM2	1.0
Sniffles2.INS.437M4	1.0
Sniffles2.INS.122M13	1.0
Sniffles2.INS.1B0M14	1.0
Sniffles2.INS.461M2	1.0
Sniffles2.INS.2FEM10	1.0
Sniffles2.DEL.1E0MD	1.0
Sniffles2.INS.340M10	1.0
Sniffles2.INS.3E9M4	1.0
Sniffles2.INS.3FFM7	1.0
Sniffles2.INS.43MF	1.0
Sniffles2.DEL.7DM4	1.0
Sniffles2.DEL.1C5M2	1.0
Sniffles2.DEL.2E6M8	1.0
Sniffles2.INS.EDM4	1.0
Sniffles2.INS.60AM1	1.0
Sniffles2.INS.35EM6	1.0
Sniffles2.INS.4C7MA	1.0
Sniffles2.INS.39AM10	1.0
Sniffles2.DEL.41M6	1.0
Sniffles2.DEL.10EMB	1.0
Sniffles2.INS.1FDM5	1.0
Sniffles2.DEL.E8M15	1.0
Sniffles2.INS.6E6M0	1.0
Sniffles2.INS.3B3M9	1.0
Sniffles2.INS.5A0M0	1.0
Sniffles2.DEL.578M6	1.0
Sniffles2.DEL.BDM4	1.0
Sniffles2.DEL.397M1	1.0
Sniffles2.DEL.2B3ME	1.0
Sniffles2.INS.29AMA	1.0
Sniffles2.INS.5CME	1.0
Sniffles2.INS.34M1	1.0
Sniffles2.INS.168M7	1.0
Sniffles2.INS.2D9M8	1.0
Sniffles2.DEL.48M10	1.0
Sniffles2.DEL.4DAM4	1.0
Sniffles2.DEL.2DCM15	1.0
Sniffles2.INS.24M2	1.0
Sniffles2.DEL.1E5MC	1.0
Sniffles2.INS.128M2	1.0
Sniffles2.INS.53ME	1.0
Sniffles2.DEL.476M16	1.0
Sniffles2.DEL.1BBM8	1.0
Sniffles2.DEL.145M5	1.0
Sniffles2.DEL.78MF	1.0
Sniffles2.INS.243MD	1.0
Sniffles2.DEL.4A6M1	1.0
Sniffles2.DEL.3E1M16	1.0
Sniffles2.DEL.57EM6	1.0
Sniffles2.DEL.34BM6	1.0
Sniffles2.INS.89MB	1.0
Sniffles2.INS.73EM0	1.0
Sniffles2.INS.60DM4	1.0
Sniffles2.INS.35FMC	1.0
Sniffles2.INS.530M6	1.0
Sniffles2.DEL.5A7M4	1.0
Sniffles2.INS.539M4	1.0
Sniffles2.DEL.10DM8	1.0
Sniffles2.DEL.28CMD	1.0
Sniffles2.INS.F2M7	1.0
Sniffles2.INS.7B0M0	1.0
Sniffles2.DEL.5AAM6	1.0
Sniffles2.DEL.254M3	1.0
Sniffles2.INS.242M12	1.0
Sniffles2.INS.1EM8	1.0
Sniffles2.DEL.243M2	1.0
Sniffles2.DEL.B1M17	1.0
Sniffles2.DEL.2E6MC	1.0
Sniffles2.DEL.103M2	1.0
Sniffles2.INS.C1M13	1.0
Sniffles2.INV.FDM7	1.0
Sniffles2.DEL.3D2M13	1.0
Sniffles2.DEL.403M7	1.0
Sniffles2.DEL.4F2MB	1.0
Sniffles2.DEL.57MB	1.0
Sniffles2.DEL.4CM12	1.0
Sniffles2.DEL.4E6M5	1.0
Sniffles2.DEL.4FEM2	1.0
Sniffles2.INS.4M17	1.0
Sniffles2.INS.367M6	1.0
Sniffles2.INS.B0M0	1.0
Sniffles2.DEL.415M3	1.0
Sniffles2.DEL.116M3	1.0
Sniffles2.INS.18CM1	1.0
Sniffles2.DEL.B1M0	1.0
Sniffles2.DEL.40FM7	1.0
Sniffles2.INS.2F0ME	1.0
Sniffles2.DEL.6C2M0	1.0
Sniffles2.DEL.1F0MB	1.0
Sniffles2.INS.437M3	1.0
Sniffles2.INS.D0M11	1.0
Sniffles2.INS.30DM1	1.0
Sniffles2.INS.1BFM7	1.0
Sniffles2.DEL.2B9M10	1.0
Sniffles2.INS.1B2M4	1.0
Sniffles2.INS.5E1M6	1.0
Sniffles2.DEL.1BAMC	1.0
Sniffles2.INS.D0ME	1.0
Sniffles2.DEL.49DM3	1.0
Sniffles2.INS.A0MB	1.0
Sniffles2.DEL.304M6	1.0
Sniffles2.INS.6EAM6	1.0
Sniffles2.DEL.DAMD	1.0
Sniffles2.INS.EAMB	1.0
Sniffles2.INS.79M5	1.0
Sniffles2.INS.33FM13	1.0
Sniffles2.DEL.211M7	1.0
Sniffles2.INS.26AM0	1.0
Sniffles2.INS.464M2	1.0
Sniffles2.INS.313M8	1.0
Sniffles2.INS.156M1	1.0
Sniffles2.DEL.48CMA	1.0
Sniffles2.DEL.5C4M0	1.0
Sniffles2.INS.3A2M6	1.0
Sniffles2.DEL.120MC	1.0
Sniffles2.INS.3M13	1.0
Sniffles2.INS.41EM1	1.0
Sniffles2.DEL.3D8M8	1.0
Sniffles2.DEL.34FM8	1.0
Sniffles2.DEL.442M1	1.0
Sniffles2.DEL.2BFM11	1.0
Sniffles2.INS.1A1MD	1.0
Sniffles2.DEL.45AM2	1.0
Sniffles2.INS.220MB	1.0
Sniffles2.DEL.94M3	1.0
Sniffles2.INS.168ME	1.0
Sniffles2.DEL.3F0M9	1.0
Sniffles2.DEL.246M3	1.0
Sniffles2.INS.1CDME	1.0
Sniffles2.INS.10EM8	1.0
Sniffles2.INS.264MB	1.0
Sniffles2.DEL.25CME	1.0
Sniffles2.DEL.2DFMF	1.0
Sniffles2.DEL.5D9M1	1.0
Sniffles2.INS.422M3	1.0
Sniffles2.DEL.1E8MA	1.0
Sniffles2.INS.192MC	1.0
Sniffles2.DEL.5A4M0	1.0
Sniffles2.DEL.A2MA	1.0
Sniffles2.INS.716M1	1.0
Sniffles2.INS.167M10	1.0
Sniffles2.DEL.15DMB	1.0
Sniffles2.INS.456M6	1.0
Sniffles2.DEL.2C3M7	1.0
Sniffles2.INS.359MB	1.0
Sniffles2.DEL.45FM2	1.0
Sniffles2.INS.15MB	1.0
Sniffles2.INS.3F5MC	1.0
Sniffles2.INS.1C3ME	1.0
Sniffles2.INS.178ME	1.0
Sniffles2.DEL.476M2	1.0
Sniffles2.DEL.239M3	1.0
Sniffles2.INS.17EM9	1.0
Sniffles2.INS.240ME	1.0
Sniffles2.DEL.5B3M0	1.0
Sniffles2.INS.5C7M1	1.0
Sniffles2.DEL.9DM9	1.0
Sniffles2.INS.39EMA	1.0
Sniffles2.INS.171M8	1.0
Sniffles2.DEL.1C4M4	1.0
Sniffles2.INS.660M0	1.0
Sniffles2.DEL.222MC	1.0
Sniffles2.DEL.566M0	1.0
Sniffles2.DEL.48BM3	1.0
Sniffles2.INS.1ABM15	1.0
Sniffles2.INS.3ECM10	1.0
Sniffles2.INS.252MC	1.0
Sniffles2.INS.73M6	1.0
Sniffles2.INS.4F1M9	1.0
Sniffles2.INS.2CM8	1.0
Sniffles2.INS.46DM6	1.0
Sniffles2.DEL.12DM1	1.0
Sniffles2.DEL.16CM11	1.0
Sniffles2.DEL.135M15	1.0
Sniffles2.INS.3F6M3	1.0
Sniffles2.DEL.119M8	1.0
Sniffles2.DEL.6FDM0	1.0
Sniffles2.INS.AFMC	1.0
Sniffles2.DEL.4DCMB	1.0
Sniffles2.DEL.347M7	1.0
Sniffles2.INS.5AM7	1.0
Sniffles2.DEL.F2MC	1.0
Sniffles2.INS.327M5	1.0
Sniffles2.INS.34EMF	1.0
Sniffles2.INS.3A4M0	1.0
Sniffles2.INS.8CM13	1.0
Sniffles2.INS.2C1MB	1.0
Sniffles2.INS.350M16	1.0
Sniffles2.INS.4DMD	1.0
Sniffles2.INS.3DAM2	1.0
Sniffles2.INS.CEM10	1.0
Sniffles2.DEL.3DBM3	1.0
Sniffles2.DEL.33AMF	1.0
Sniffles2.DEL.9CM13	1.0
Sniffles2.INS.47EM1	1.0
Sniffles2.INS.1B8MD	1.0
Sniffles2.DEL.4BBM4	1.0
Sniffles2.DEL.255MB	1.0
Sniffles2.DEL.389M7	1.0
Sniffles2.DEL.290M15	1.0
Sniffles2.INS.100MB	1.0
Sniffles2.INS.1A9M1	1.0
Sniffles2.DEL.19FM9	1.0
Sniffles2.INS.1E3M7	1.0
Sniffles2.INS.5AAM9	1.0
Sniffles2.INS.49AMB	1.0
Sniffles2.DEL.3B6M13	1.0
Sniffles2.DEL.164M11	1.0
Sniffles2.DEL.190M6	1.0
Sniffles2.DEL.FDM11	1.0
Sniffles2.INS.27FM14	1.0
Sniffles2.DEL.88M1	1.0
Sniffles2.INS.278ME	1.0
Sniffles2.DEL.596M3	1.0
Sniffles2.INS.5EFM9	1.0
Sniffles2.INS.2FBM12	1.0
Sniffles2.DEL.F4M14	1.0
Sniffles2.INS.21BM2	1.0
Sniffles2.DEL.398M4	1.0
Sniffles2.INS.295M13	1.0
Sniffles2.INS.112MD	1.0
Sniffles2.INS.58EM0	1.0
Sniffles2.INS.419M10	1.0
Sniffles2.INS.697M0	1.0
Sniffles2.DEL.1A2M7	1.0
Sniffles2.INS.57DM9	1.0
Sniffles2.DEL.335MB	1.0
Sniffles2.INS.794M1	1.0
Sniffles2.INS.20EM13	1.0
Sniffles2.DEL.131MA	1.0
Sniffles2.INS.3C7MA	1.0
Sniffles2.INS.7E2M1	1.0
Sniffles2.INS.2B3M3	1.0
Sniffles2.DEL.1F2MC	1.0
Sniffles2.INS.3F6MA	1.0
Sniffles2.INS.3F1M13	1.0
Sniffles2.DEL.146M0	1.0
Sniffles2.INS.323M9	1.0
Sniffles2.INS.12EM15	1.0
Sniffles2.DEL.E7M8	1.0
Sniffles2.INS.7CMA	1.0
Sniffles2.DEL.543M6	1.0
Sniffles2.INS.372M7	1.0
Sniffles2.DEL.46CM4	1.0
Sniffles2.DEL.39CMB	1.0
Sniffles2.DEL.4E0M3	1.0
Sniffles2.INS.23DMC	1.0
Sniffles2.DEL.54M4	1.0
Sniffles2.INS.2F4M12	1.0
Sniffles2.INS.3F5MB	1.0
Sniffles2.DEL.2F9MF	1.0
Sniffles2.DEL.67FM1	1.0
Sniffles2.DEL.20CM4	1.0
Sniffles2.DEL.109M11	1.0
Sniffles2.INS.2E9M14	1.0
Sniffles2.DEL.2BDM9	1.0
Sniffles2.DEL.9EM2	1.0
Sniffles2.DEL.CEM9	1.0
Sniffles2.DEL.14AMC	1.0
Sniffles2.INS.23EME	1.0
Sniffles2.DEL.8DMB	1.0
Sniffles2.DEL.419M16	1.0
Sniffles2.INS.305MC	1.0
Sniffles2.DEL.338M6	1.0
Sniffles2.INS.65FM6	1.0
Sniffles2.INS.474M5	1.0
Sniffles2.INS.4DFM9	1.0
Sniffles2.DEL.2F1M1	1.0
Sniffles2.INS.7BBM1	1.0
Sniffles2.DEL.10M7	1.0
Sniffles2.INS.579M5	1.0
Sniffles2.INS.731M0	1.0
Sniffles2.DEL.497M9	1.0
Sniffles2.INS.2F2M9	1.0
Sniffles2.DEL.150M7	1.0
Sniffles2.INS.262M7	1.0
Sniffles2.INS.625M0	1.0
Sniffles2.INS.291MC	1.0
Sniffles2.INS.417MB	1.0
Sniffles2.DEL.4ECM3	1.0
Sniffles2.DEL.2A8M12	1.0
Sniffles2.DEL.9FM6	1.0
Sniffles2.DEL.5BM17	1.0
Sniffles2.INS.8BM1	1.0
Sniffles2.DEL.1E2M0	1.0
Sniffles2.INS.19M8	1.0
Sniffles2.INS.504M5	1.0
Sniffles2.INS.BBM1	1.0
Sniffles2.DEL.2EDM15	1.0
Sniffles2.DEL.13BMC	1.0
Sniffles2.INS.110M5	1.0
Sniffles2.INS.17DM5	1.0
Sniffles2.INS.1D2M9	1.0
Sniffles2.DEL.41M10	1.0
Sniffles2.DEL.2AAME	1.0
Sniffles2.INS.38EMF	1.0
Sniffles2.INS.1D4M0	1.0
Sniffles2.INS.116M6	1.0
Sniffles2.INS.1D2M12	1.0
Sniffles2.DEL.382M7	1.0
Sniffles2.DEL.250MA	1.0
Sniffles2.DEL.2B3M12	1.0
Sniffles2.INS.173M15	1.0
Sniffles2.INS.247MA	1.0
Sniffles2.DEL.2A2ME	1.0
Sniffles2.DEL.1B9M9	1.0
Sniffles2.DEL.1E8M8	1.0
Sniffles2.DEL.4A4MA	1.0
Sniffles2.DEL.59FM0	1.0
Sniffles2.DEL.556M4	1.0
Sniffles2.INS.2A0MC	1.0
Sniffles2.DEL.4A9M6	1.0
Sniffles2.DEL.76MB	1.0
Sniffles2.INS.58FM6	1.0
Sniffles2.INS.1E6M1	1.0
Sniffles2.INS.42EMB	1.0
Sniffles2.INS.346MC	1.0
Sniffles2.DEL.1F0ME	1.0
Sniffles2.DEL.288M0	1.0
Sniffles2.DEL.16EM5	1.0
Sniffles2.DEL.112M2	1.0
Sniffles2.DEL.37AMC	1.0
Sniffles2.DEL.52EM3	1.0
Sniffles2.INS.155M15	1.0
Sniffles2.DEL.2D4M3	1.0
Sniffles2.DEL.E4MC	1.0
Sniffles2.DEL.35CM3	1.0
Sniffles2.INS.726M1	1.0
Sniffles2.INS.2BAM7	1.0
Sniffles2.INS.2BCM7	1.0
Sniffles2.DEL.5DCM6	1.0
Sniffles2.DEL.D0M12	1.0
Sniffles2.INS.262M14	1.0
Sniffles2.DEL.5EEM0	1.0
Sniffles2.INS.34BM10	1.0
Sniffles2.INS.3BDM5	1.0
Sniffles2.INS.20BMA	1.0
Sniffles2.DEL.76FM1	1.0
Sniffles2.INS.460M4	1.0
Sniffles2.INS.1E1M5	1.0
Sniffles2.INS.40EMC	1.0
Sniffles2.INS.3B0M0	1.0
Sniffles2.INS.558M3	1.0
Sniffles2.DEL.3C3M6	1.0
Sniffles2.INS.1B2M5	1.0
Sniffles2.INS.468M2	1.0
Sniffles2.DEL.38DMF	1.0
Sniffles2.DEL.385MA	1.0
Sniffles2.DEL.2A9M1	1.0
Sniffles2.DEL.142M12	1.0
Sniffles2.INS.E9M9	1.0
Sniffles2.DEL.4DAM8	1.0
Sniffles2.INS.463MA	1.0
Sniffles2.DEL.160MA	1.0
Sniffles2.INS.44DM5	1.0
Sniffles2.INS.167M8	1.0
Sniffles2.INS.3C5M8	1.0
Sniffles2.DEL.40M13	1.0
Sniffles2.INS.5CM0	1.0
Sniffles2.DEL.208M2	1.0
Sniffles2.DEL.559M6	1.0
Sniffles2.INS.43BM0	1.0
Sniffles2.DEL.31DMF	1.0
Sniffles2.DEL.366M0	1.0
Sniffles2.INS.1EBMB	1.0
Sniffles2.INS.20FM6	1.0
Sniffles2.INS.23CME	1.0
Sniffles2.DEL.3A0M4	1.0
Sniffles2.INS.128M6	1.0
Sniffles2.INS.75CM0	1.0
Sniffles2.DEL.1C3M3	1.0
Sniffles2.INS.371M9	1.0
Sniffles2.INS.3A2MF	1.0
Sniffles2.DEL.3C5M13	1.0
Sniffles2.DEL.283M10	1.0
Sniffles2.DEL.1FFM4	1.0
Sniffles2.INS.10BMB	1.0
Sniffles2.DEL.143M5	1.0
Sniffles2.DEL.3A1M3	1.0
Sniffles2.INS.261M15	1.0
Sniffles2.INS.453M8	1.0
Sniffles2.DEL.87M3	1.0
Sniffles2.INS.40M9	1.0
Sniffles2.DEL.33CM2	1.0
Sniffles2.INS.23DM5	1.0
Sniffles2.DEL.4D4M9	1.0
Sniffles2.DEL.1EBM6	1.0
Sniffles2.DEL.30CM10	1.0
Sniffles2.DEL.179M11	1.0
Sniffles2.DEL.364M6	1.0
Sniffles2.INS.262MF	1.0
Sniffles2.DEL.2F4M5	1.0
Sniffles2.INS.289M0	1.0
Sniffles2.DEL.53AM1	1.0
Sniffles2.INS.300M12	1.0
Sniffles2.INS.75EM1	1.0
Sniffles2.DEL.212M9	1.0
Sniffles2.INS.459M8	1.0
Sniffles2.DEL.256MC	1.0
Sniffles2.DEL.304M12	1.0
Sniffles2.DEL.8DM11	1.0
Sniffles2.INS.226M8	1.0
Sniffles2.INS.9AM6	1.0
Sniffles2.INS.394MC	1.0
Sniffles2.DEL.312MF	1.0
Sniffles2.DEL.320M10	1.0
Sniffles2.INS.672M0	1.0
Sniffles2.INS.218M5	1.0
Sniffles2.DEL.F8M11	1.0
Sniffles2.INS.10CM8	1.0
Sniffles2.DEL.FDM15	1.0
Sniffles2.INS.245M0	1.0
Sniffles2.DEL.664M0	1.0
Sniffles2.INS.26CM1	1.0
Sniffles2.INS.2D1M11	1.0
Sniffles2.INS.2CFM4	1.0
Sniffles2.INS.516M4	1.0
Sniffles2.DEL.1B4M8	1.0
Sniffles2.DEL.25DM11	1.0
Sniffles2.INS.14CM1	1.0
Sniffles2.INS.5E8M0	1.0
Sniffles2.DEL.3A4M7	1.0
Sniffles2.DEL.AAM9	1.0
Sniffles2.INS.19MF	1.0
Sniffles2.DEL.5CBM3	1.0
Sniffles2.DEL.52CM0	1.0
Sniffles2.DEL.236M10	1.0
Sniffles2.DEL.5ACM9	1.0
Sniffles2.INS.147MF	1.0
Sniffles2.DEL.545M1	1.0
Sniffles2.INS.114MD	1.0
Sniffles2.DEL.3BCM0	1.0
Sniffles2.DEL.22AME	1.0
Sniffles2.INS.3EFM2	1.0
Sniffles2.INS.346MB	1.0
Sniffles2.INS.388M6	1.0
Sniffles2.INS.125M7	1.0
Sniffles2.DEL.2A4M0	1.0
Sniffles2.DEL.2C3M14	1.0
Sniffles2.DEL.749M0	1.0
Sniffles2.DEL.5DAM0	1.0
Sniffles2.DEL.435M0	1.0
Sniffles2.DEL.A2M8	1.0
Sniffles2.INS.30EM8	1.0
Sniffles2.INS.545M6	1.0
Sniffles2.INS.399M0	1.0
Sniffles2.DEL.413M10	1.0
Sniffles2.DEL.432M9	1.0
Sniffles2.DEL.3F3M0	1.0
Sniffles2.INS.2F3M6	1.0
Sniffles2.DEL.1B9M14	1.0
Sniffles2.DEL.63BM6	1.0
Sniffles2.INS.2A6M12	1.0
Sniffles2.DEL.28M10	1.0
Sniffles2.DEL.39BMF	1.0
Sniffles2.DEL.17AM9	1.0
Sniffles2.INS.C5MF	1.0
Sniffles2.DEL.93M15	1.0
Sniffles2.DEL.60EM6	1.0
Sniffles2.INS.BCM15	1.0
Sniffles2.DEL.62BM1	1.0
Sniffles2.DEL.2EEMC	1.0
Sniffles2.DEL.34EM12	1.0
Sniffles2.INS.2A7M15	1.0
Sniffles2.DEL.292M1	1.0
Sniffles2.INS.4D4M5	1.0
Sniffles2.INS.7ADM0	1.0
Sniffles2.INS.219ME	1.0
Sniffles2.DEL.158M1	1.0
Sniffles2.DEL.57BM0	1.0
Sniffles2.INS.36M11	1.0
Sniffles2.INS.2EEMB	1.0
Sniffles2.DEL.10EME	1.0
Sniffles2.DEL.47AM16	1.0
Sniffles2.INS.591M0	1.0
Sniffles2.INS.1E2M14	1.0
Sniffles2.DEL.29AM14	1.0
Sniffles2.INS.300M0	1.0
Sniffles2.INS.48CM9	1.0
Sniffles2.INS.16EME	1.0
Sniffles2.INS.101M3	1.0
Sniffles2.DEL.29M10	1.0
Sniffles2.DEL.1ADMF	1.0
Sniffles2.DEL.2D7MC	1.0
Sniffles2.DEL.5DAM9	1.0
Sniffles2.INS.7C0M1	1.0
Sniffles2.INS.489M0	1.0
Sniffles2.DEL.26AM3	1.0
Sniffles2.INS.468M6	1.0
Sniffles2.DEL.BCM3	1.0
Sniffles2.DEL.F2M1	1.0
Sniffles2.INS.3DEM0	1.0
Sniffles2.INS.1B2M16	1.0
Sniffles2.INS.453M10	1.0
Sniffles2.INS.36DM8	1.0
Sniffles2.DEL.1A1M3	1.0
Sniffles2.DEL.5EDM9	1.0
Sniffles2.DEL.1F6M7	1.0
Sniffles2.INS.53EM9	1.0
Sniffles2.INS.C0MC	1.0
Sniffles2.INS.160M8	1.0
Sniffles2.DEL.2B9M11	1.0
Sniffles2.DEL.1DCM12	1.0
Sniffles2.INS.1DEMA	1.0
Sniffles2.INS.47BM1	1.0
Sniffles2.INS.2D3M6	1.0
Sniffles2.INS.163M6	1.0
Sniffles2.DEL.17CM10	1.0
Sniffles2.INS.2B4M12	1.0
Sniffles2.DEL.196M13	1.0
Sniffles2.DEL.1F7M1	1.0
Sniffles2.DEL.7CM3	1.0
Sniffles2.DEL.3C6MA	1.0
Sniffles2.DEL.491MB	1.0
Sniffles2.INS.234M12	1.0
Sniffles2.INS.404M2	1.0
Sniffles2.INS.48EM13	1.0
Sniffles2.INS.49AM4	1.0
Sniffles2.DEL.24AM15	1.0
Sniffles2.DEL.4BM14	1.0
Sniffles2.INS.7BM2	1.0
Sniffles2.DEL.3AEMB	1.0
Sniffles2.INS.594M6	1.0
Sniffles2.DEL.180M4	1.0
Sniffles2.DEL.2A1MA	1.0
Sniffles2.DEL.218M6	1.0
Sniffles2.DEL.2B2M2	1.0
Sniffles2.DEL.80M15	1.0
Sniffles2.DEL.60M12	1.0
Sniffles2.INS.159MF	1.0
Sniffles2.INS.25FM11	1.0
Sniffles2.INS.49FM0	1.0
Sniffles2.DEL.4B4M2	1.0
Sniffles2.DEL.23FM2	1.0
Sniffles2.INS.321M8	1.0
Sniffles2.DEL.337MF	1.0
Sniffles2.INS.2B7MF	1.0
Sniffles2.DEL.134MB	1.0
Sniffles2.INS.52AM5	1.0
Sniffles2.DEL.E1M4	1.0
Sniffles2.DEL.19FM6	1.0
Sniffles2.INS.63EM0	1.0
Sniffles2.INS.3C9MA	1.0
Sniffles2.DEL.13BM12	1.0
Sniffles2.DEL.3EAM2	1.0
Sniffles2.INS.46AM3	1.0
Sniffles2.INS.5FM5	1.0
Sniffles2.INS.331M13	1.0
Sniffles2.DEL.183M6	1.0
Sniffles2.INS.105M4	1.0
Sniffles2.INS.FAM3	1.0
Sniffles2.INS.66MB	1.0
Sniffles2.INS.107MB	1.0
Sniffles2.DEL.165MB	1.0
Sniffles2.DEL.13FM12	1.0
Sniffles2.INS.169M13	1.0
Sniffles2.INS.2A2M0	1.0
Sniffles2.DEL.17EMB	1.0
Sniffles2.INS.2D1M13	1.0
Sniffles2.INS.5F1M0	1.0
Sniffles2.DEL.350M11	1.0
Sniffles2.DEL.46DM16	1.0
Sniffles2.DEL.488MB	1.0
Sniffles2.INS.3B7M5	1.0
Sniffles2.INS.2D7M16	1.0
Sniffles2.INS.414M4	1.0
Sniffles2.INS.184M4	1.0
Sniffles2.DEL.548M1	1.0
Sniffles2.INS.29EM9	1.0
Sniffles2.DEL.544M3	1.0
Sniffles2.INS.11BM5	1.0
Sniffles2.DEL.1B9ME	1.0
Sniffles2.INS.776M0	1.0
Sniffles2.DEL.CFM9	1.0
Sniffles2.INS.F3M15	1.0
Sniffles2.INS.64MF	1.0
Sniffles2.INS.349MA	1.0
Sniffles2.INS.1A1M9	1.0
Sniffles2.DEL.3EM2	1.0
Sniffles2.DEL.2E8M0	1.0
Sniffles2.INS.567M1	1.0
Sniffles2.INS.83M9	1.0
Sniffles2.INS.635M1	1.0
Sniffles2.INS.1D0MC	1.0
Sniffles2.DEL.479M3	1.0
Sniffles2.DEL.422M9	1.0
Sniffles2.DEL.25CM5	1.0
Sniffles2.INS.6DM11	1.0
Sniffles2.INS.455M5	1.0
Sniffles2.INS.23AM4	1.0
Sniffles2.DEL.3CDM1	1.0
Sniffles2.INS.2C0MB	1.0
Sniffles2.INS.774M0	1.0
Sniffles2.DEL.370M3	1.0
Sniffles2.INS.363M3	1.0
Sniffles2.DEL.58M1	1.0
Sniffles2.DEL.315MB	1.0
Sniffles2.INS.65M7	1.0
Sniffles2.INS.5BM3	1.0
Sniffles2.INS.D5M12	1.0
Sniffles2.DEL.3D5M10	1.0
Sniffles2.DEL.537M2	1.0
Sniffles2.INS.539M9	1.0
Sniffles2.INS.1AFM15	1.0
Sniffles2.INS.245M10	1.0
Sniffles2.DEL.196M5	1.0
Sniffles2.DEL.2D2M0	1.0
Sniffles2.DEL.ABM9	1.0
Sniffles2.INS.79BM1	1.0
Sniffles2.INS.7B4M1	1.0
Sniffles2.INS.5FFM5	1.0
Sniffles2.DEL.4D5M4	1.0
Sniffles2.INS.12FM5	1.0
Sniffles2.DEL.127M10	1.0
Sniffles2.DEL.445M13	1.0
Sniffles2.DEL.3A7M7	1.0
Sniffles2.INS.3A8M1	1.0
Sniffles2.INS.410M3	1.0
Sniffles2.DEL.38CMC	1.0
Sniffles2.INS.4CCM8	1.0
Sniffles2.INS.555M3	1.0
Sniffles2.INS.689M1	1.0
Sniffles2.DEL.446M3	1.0
Sniffles2.INS.139M10	1.0
Sniffles2.INS.2F1ME	1.0
Sniffles2.DEL.24DM13	1.0
Sniffles2.INS.1C0M4	1.0
Sniffles2.DEL.603M4	1.0
Sniffles2.INS.5E4M1	1.0
Sniffles2.INS.2ABMF	1.0
Sniffles2.DEL.47EMA	1.0
Sniffles2.INS.283M0	1.0
Sniffles2.DEL.2E8ME	1.0
Sniffles2.INS.24M8	1.0
Sniffles2.DEL.37M15	1.0
Sniffles2.DEL.5FMD	1.0
Sniffles2.DEL.E9MD	1.0
Sniffles2.DEL.178MA	1.0
Sniffles2.INS.1B0M6	1.0
Sniffles2.INS.FEM12	1.0
Sniffles2.DEL.84M1	1.0
Sniffles2.DEL.2DBM3	1.0
Sniffles2.INS.13DMB	1.0
Sniffles2.INS.397M4	1.0
Sniffles2.INS.E4MA	1.0
Sniffles2.INS.353M1	1.0
Sniffles2.INS.2ABME	1.0
Sniffles2.DEL.270M0	1.0
Sniffles2.DEL.355M3	1.0
Sniffles2.DEL.411M1	1.0
Sniffles2.INS.A3M4	1.0
Sniffles2.DEL.408M5	1.0
Sniffles2.INS.1A2M9	1.0
Sniffles2.INS.295M11	1.0
Sniffles2.INS.38BM9	1.0
Sniffles2.DEL.3B5M2	1.0
Sniffles2.INS.478M5	1.0
Sniffles2.INS.CFM4	1.0
Sniffles2.DEL.5D9M3	1.0
Sniffles2.INS.ECM4	1.0
Sniffles2.INS.249M14	1.0
Sniffles2.DEL.331M8	1.0
Sniffles2.INS.263MA	1.0
Sniffles2.DEL.2CBM13	1.0
Sniffles2.INS.47EM3	1.0
Sniffles2.INS.180M1	1.0
Sniffles2.DEL.330M10	1.0
Sniffles2.DEL.5F0M6	1.0
Sniffles2.DEL.3CDMF	1.0
Sniffles2.DEL.631M3	1.0
Sniffles2.DEL.3EDMB	1.0
Sniffles2.INS.A4M6	1.0
Sniffles2.DEL.D1MB	1.0
Sniffles2.DEL.216MD	1.0
Sniffles2.DEL.576M0	1.0
Sniffles2.DEL.6EM14	1.0
Sniffles2.DEL.EFMC	1.0
Sniffles2.DEL.148M14	1.0
Sniffles2.DEL.841M0	1.0
Sniffles2.INS.19DM0	1.0
Sniffles2.DEL.E5M6	1.0
Sniffles2.INS.278MF	1.0
Sniffles2.DEL.198M12	1.0
Sniffles2.INS.130MA	1.0
Sniffles2.INS.6C5M0	1.0
Sniffles2.DEL.190M8	1.0
Sniffles2.INS.3A5M0	1.0
Sniffles2.INS.674M0	1.0
Sniffles2.INS.256ME	1.0
Sniffles2.INS.388M7	1.0
Sniffles2.INS.3E7M16	1.0
Sniffles2.DEL.110MB	1.0
Sniffles2.INS.3EEMC	1.0
Sniffles2.DEL.2E8M1	1.0
Sniffles2.INS.A8MC	1.0
Sniffles2.INS.30CM11	1.0
Sniffles2.INS.3CDM12	1.0
Sniffles2.INS.3CAMB	1.0
Sniffles2.INS.4B3M2	1.0
Sniffles2.DEL.62MD	1.0
Sniffles2.INS.5F4M4	1.0
Sniffles2.INS.F6M15	1.0
Sniffles2.INS.5DDM0	1.0
Sniffles2.DEL.7AM8	1.0
Sniffles2.INS.160M10	1.0
Sniffles2.DEL.49FM4	1.0
Sniffles2.DEL.6C8M0	1.0
Sniffles2.INS.43M13	1.0
Sniffles2.DEL.589M9	1.0
Sniffles2.INS.4A6M6	1.0
Sniffles2.INS.459M9	1.0
Sniffles2.INS.351M13	1.0
Sniffles2.INS.580M6	1.0
Sniffles2.DEL.4AEM6	1.0
Sniffles2.DEL.43DM4	1.0
Sniffles2.DEL.1E7M14	1.0
Sniffles2.DEL.1BDM15	1.0
Sniffles2.DEL.38FM3	1.0
Sniffles2.INS.153M10	1.0
Sniffles2.INS.472M8	1.0
Sniffles2.DEL.370MC	1.0
Sniffles2.DEL.26DM8	1.0
Sniffles2.DEL.244M16	1.0
Sniffles2.DEL.344M12	1.0
Sniffles2.DEL.33BME	1.0
Sniffles2.INS.E6M11	1.0
Sniffles2.INS.57AM6	1.0
Sniffles2.DEL.A3M11	1.0
Sniffles2.DEL.508M3	1.0
Sniffles2.INS.48AMB	1.0
Sniffles2.DEL.599M9	1.0
Sniffles2.INS.126M9	1.0
Sniffles2.INS.1E2M5	1.0
Sniffles2.INS.714M1	1.0
Sniffles2.DEL.13FM10	1.0
Sniffles2.DEL.15FMF	1.0
Sniffles2.DEL.4BM2	1.0
Sniffles2.INS.23BM0	1.0
Sniffles2.INS.14DM8	1.0
Sniffles2.INS.846M0	1.0
Sniffles2.DEL.389M4	1.0
Sniffles2.INS.195MC	1.0
Sniffles2.INS.34DM5	1.0
Sniffles2.INS.7B5M1	1.0
Sniffles2.DEL.20BME	1.0
Sniffles2.INS.52CM6	1.0
Sniffles2.DEL.19DM14	1.0
Sniffles2.DEL.1FBM4	1.0
Sniffles2.INS.194M3	1.0
Sniffles2.DEL.433M0	1.0
Sniffles2.INS.278M8	1.0
Sniffles2.INS.1CFME	1.0
Sniffles2.INS.144M5	1.0
Sniffles2.DEL.175M15	1.0
Sniffles2.DEL.4AFM7	1.0
Sniffles2.INS.2D6M11	1.0
Sniffles2.INS.50MA	1.0
Sniffles2.DEL.14AM7	1.0
Sniffles2.DEL.29AM13	1.0
Sniffles2.INS.159M13	1.0
Sniffles2.INS.335M8	1.0
Sniffles2.DEL.E6ME	1.0
Sniffles2.DEL.42EM0	1.0
Sniffles2.DEL.21M10	1.0
Sniffles2.INS.4D6M3	1.0
Sniffles2.INS.327M0	1.0
Sniffles2.DEL.462M4	1.0
Sniffles2.DEL.1AMC	1.0
Sniffles2.DEL.695M6	1.0
Sniffles2.INS.407M2	1.0
Sniffles2.DEL.33M2	1.0
Sniffles2.INS.50DM0	1.0
Sniffles2.INS.2D3M15	1.0
Sniffles2.INS.4D4M3	1.0
Sniffles2.DEL.4D2MB	1.0
Sniffles2.DEL.206M12	1.0
Sniffles2.DEL.DAM8	1.0
Sniffles2.DEL.2A8MF	1.0
Sniffles2.INS.463M13	1.0
Sniffles2.DEL.3CFM0	1.0
Sniffles2.DEL.2B0M12	1.0
Sniffles2.DEL.473M8	1.0
Sniffles2.DEL.1C2MB	1.0
Sniffles2.INS.3D6M0	1.0
Sniffles2.INS.1ABM5	1.0
Sniffles2.DEL.477M0	1.0
Sniffles2.DEL.19DMF	1.0
Sniffles2.INS.490M1	1.0
Sniffles2.INS.117M6	1.0
Sniffles2.DEL.43CMA	1.0
Sniffles2.DEL.F6M3	1.0
Sniffles2.DEL.381MB	1.0
Sniffles2.DEL.108M7	1.0
Sniffles2.INS.198M11	1.0
Sniffles2.INS.30EM1	1.0
Sniffles2.INS.507M0	1.0
Sniffles2.DEL.481M3	1.0
Sniffles2.INS.28FM2	1.0
Sniffles2.DEL.35M14	1.0
Sniffles2.INS.334M13	1.0
Sniffles2.DEL.364M3	1.0
Sniffles2.INS.2F8M3	1.0
Sniffles2.DEL.28AM6	1.0
Sniffles2.DEL.53M12	1.0
Sniffles2.DEL.70M11	1.0
Sniffles2.INS.412M0	1.0
Sniffles2.INS.1FAM16	1.0
Sniffles2.INS.405MB	1.0
Sniffles2.DEL.85CM0	1.0
Sniffles2.DEL.5E4M6	1.0
Sniffles2.DEL.29AM0	1.0
Sniffles2.DEL.13CM4	1.0
Sniffles2.DEL.142M11	1.0
Sniffles2.INS.223M14	1.0
Sniffles2.INS.1E1M9	1.0
Sniffles2.INS.5B8M6	1.0
Sniffles2.INS.302MA	1.0
Sniffles2.DEL.3E6M3	1.0
Sniffles2.INS.7B2M1	1.0
Sniffles2.DEL.549M6	1.0
Sniffles2.DEL.690M1	1.0
Sniffles2.INS.32CM3	1.0
Sniffles2.DEL.302M8	1.0
Sniffles2.DEL.285M3	1.0
Sniffles2.DEL.5B1M4	1.0
Sniffles2.INS.7E6M0	1.0
Sniffles2.DEL.520M3	1.0
Sniffles2.INS.AMF	1.0
Sniffles2.DEL.242M14	1.0
Sniffles2.DEL.45CMB	1.0
Sniffles2.INS.42FM5	1.0
Sniffles2.INS.39M11	1.0
Sniffles2.INS.63EM3	1.0
Sniffles2.INS.70MA	1.0
Sniffles2.DEL.585M3	1.0
Sniffles2.INS.1D7MC	1.0
Sniffles2.DEL.4F8M4	1.0
Sniffles2.INS.48DM2	1.0
Sniffles2.DEL.328MB	1.0
Sniffles2.DEL.1FMA	1.0
Sniffles2.INS.498M5	1.0
Sniffles2.INS.160ME	1.0
Sniffles2.DEL.4B4M6	1.0
Sniffles2.INS.249MC	1.0
Sniffles2.INS.47MD	1.0
Sniffles2.DEL.230M13	1.0
Sniffles2.INS.6B9M0	1.0
Sniffles2.DEL.110M9	1.0
Sniffles2.INS.57ME	1.0
Sniffles2.INS.F1M8	1.0
Sniffles2.DEL.41EM8	1.0
Sniffles2.INS.48AM6	1.0
Sniffles2.INS.47BM8	1.0
Sniffles2.INS.17DMB	1.0
Sniffles2.INS.255MA	1.0
Sniffles2.INS.3E4M5	1.0
Sniffles2.DEL.B4M13	1.0
Sniffles2.DEL.218MA	1.0
Sniffles2.INS.3B4M12	1.0
Sniffles2.INS.3E8M9	1.0
Sniffles2.DEL.2D4M7	1.0
Sniffles2.INS.192M0	1.0
Sniffles2.INS.29EM0	1.0
Sniffles2.INS.366M7	1.0
Sniffles2.INS.2C7MA	1.0
Sniffles2.DEL.6B1M1	1.0
Sniffles2.DEL.125M10	1.0
Sniffles2.DEL.39EM7	1.0
Sniffles2.DEL.A0MF	1.0
Sniffles2.INS.1E6M11	1.0
Sniffles2.INS.37AM6	1.0
Sniffles2.DEL.655M6	1.0
Sniffles2.INS.3B5M13	1.0
Sniffles2.INS.118M7	1.0
Sniffles2.DEL.44EM9	1.0
Sniffles2.DEL.481M0	1.0
Sniffles2.DEL.1A3M1	1.0
Sniffles2.INS.33DM6	1.0
Sniffles2.INS.601M0	1.0
Sniffles2.INS.624M6	1.0
Sniffles2.DEL.183M3	1.0
Sniffles2.INS.448M10	1.0
Sniffles2.INS.2EDM16	1.0
Sniffles2.DEL.2B8ME	1.0
Sniffles2.DEL.336M5	1.0
Sniffles2.INS.E2MF	1.0
Sniffles2.INS.260M6	1.0
Sniffles2.DEL.2BDM3	1.0
Sniffles2.DEL.411M3	1.0
Sniffles2.DEL.2F5M3	1.0
Sniffles2.INS.14BM4	1.0
Sniffles2.INS.EM3	1.0
Sniffles2.INS.286MC	1.0
Sniffles2.DEL.35DMF	1.0
Sniffles2.DEL.1BEMF	1.0
Sniffles2.DEL.721M1	1.0
Sniffles2.INS.8DM10	1.0
Sniffles2.DEL.5EAM3	1.0
Sniffles2.DEL.6ECM0	1.0
Sniffles2.INS.3B2M9	1.0
Sniffles2.DEL.2A0M16	1.0
Sniffles2.DEL.188M1	1.0
Sniffles2.INS.35M3	1.0
Sniffles2.DEL.12DM10	1.0
Sniffles2.INS.14FM4	1.0
Sniffles2.INS.485MA	1.0
Sniffles2.DEL.36DM13	1.0
Sniffles2.INS.5C2M0	1.0
Sniffles2.INS.14DMC	1.0
Sniffles2.DEL.548M9	1.0
Sniffles2.DEL.52AM0	1.0
Sniffles2.DEL.56DM5	1.0
Sniffles2.INS.11BMD	1.0
Sniffles2.INS.162M3	1.0
Sniffles2.DEL.123M3	1.0
Sniffles2.INS.1CAM0	1.0
Sniffles2.DEL.1D7M3	1.0
Sniffles2.INS.14FM1	1.0
Sniffles2.INS.230ME	1.0
Sniffles2.INS.290M0	1.0
Sniffles2.DEL.266MA	1.0
Sniffles2.INS.1D6MC	1.0
Sniffles2.DEL.41MD	1.0
Sniffles2.INS.1FFM2	1.0
Sniffles2.DEL.4F8M1	1.0
Sniffles2.DEL.1BFME	1.0
Sniffles2.DEL.379M8	1.0
Sniffles2.DEL.27M6	1.0
Sniffles2.INS.95M13	1.0
Sniffles2.DEL.43DM7	1.0
Sniffles2.INS.F7M0	1.0
Sniffles2.DEL.2A5M14	1.0
Sniffles2.INS.ABM13	1.0
Sniffles2.DEL.23BMA	1.0
Sniffles2.DEL.1DEMB	1.0
Sniffles2.INS.391M9	1.0
Sniffles2.INS.1E6MC	1.0
Sniffles2.INS.453MA	1.0
Sniffles2.DEL.ADM4	1.0
Sniffles2.INS.412MA	1.0
Sniffles2.INS.470M1	1.0
Sniffles2.INS.41DM16	1.0
Sniffles2.DEL.435M8	1.0
Sniffles2.INS.456M7	1.0
Sniffles2.INS.27EM0	1.0
Sniffles2.DEL.77M13	1.0
Sniffles2.INS.638M4	1.0
Sniffles2.INS.A4M12	1.0
Sniffles2.DEL.426MA	1.0
Sniffles2.DEL.537M6	1.0
Sniffles2.INS.114M7	1.0
Sniffles2.INS.CDM4	1.0
Sniffles2.INS.2ECM0	1.0
Sniffles2.INS.1B5M3	1.0
Sniffles2.DEL.36BM6	1.0
Sniffles2.DEL.20AMB	1.0
Sniffles2.INS.4BEM9	1.0
Sniffles2.INS.4DDM7	1.0
Sniffles2.INS.365M10	1.0
Sniffles2.INS.1B0M0	1.0
Sniffles2.INS.61BM3	1.0
Sniffles2.DEL.175M6	1.0
Sniffles2.DEL.4AM13	1.0
Sniffles2.INS.38CM8	1.0
Sniffles2.DEL.51MB	1.0
Sniffles2.DEL.B9M2	1.0
Sniffles2.INS.5CCM4	1.0
Sniffles2.DEL.C0M8	1.0
Sniffles2.DEL.1CAM6	1.0
Sniffles2.INS.738M0	1.0
Sniffles2.INS.287M8	1.0
Sniffles2.INS.312MB	1.0
Sniffles2.INS.231M11	1.0
Sniffles2.DEL.10AM10	1.0
Sniffles2.DEL.2F3M16	1.0
Sniffles2.INS.152M2	1.0
Sniffles2.DEL.A1M4	1.0
Sniffles2.DEL.2A8M7	1.0
Sniffles2.DEL.373M16	1.0
Sniffles2.INS.155M13	1.0
Sniffles2.DEL.204MA	1.0
Sniffles2.DEL.473M10	1.0
Sniffles2.DEL.38CM13	1.0
Sniffles2.INS.16FM2	1.0
Sniffles2.INS.42AM1	1.0
Sniffles2.DEL.201M11	1.0
Sniffles2.INS.AFM9	1.0
Sniffles2.DEL.2DFM13	1.0
Sniffles2.INS.2A1M9	1.0
Sniffles2.DEL.15M1	1.0
Sniffles2.DEL.516M9	1.0
Sniffles2.DEL.1D9M7	1.0
Sniffles2.DEL.1C3M4	1.0
Sniffles2.INS.294M10	1.0
Sniffles2.INS.498M2	1.0
Sniffles2.INS.3B1MB	1.0
Sniffles2.INS.218MC	1.0
Sniffles2.DEL.589M1	1.0
Sniffles2.DEL.490M3	1.0
Sniffles2.INS.53CM0	1.0
Sniffles2.INS.5C6M9	1.0
Sniffles2.INS.2F9M6	1.0
Sniffles2.INS.11BMB	1.0
Sniffles2.DEL.28BM17	1.0
Sniffles2.DEL.4B1M9	1.0
Sniffles2.DEL.E6M7	1.0
Sniffles2.DEL.16MD	1.0
Sniffles2.INS.141M14	1.0
Sniffles2.INS.51M9	1.0
Sniffles2.DEL.2F6M14	1.0
Sniffles2.DEL.5FFM9	1.0
Sniffles2.INS.432M7	1.0
Sniffles2.DEL.91M0	1.0
Sniffles2.INS.19BM0	1.0
Sniffles2.INS.392M10	1.0
Sniffles2.DEL.38AM3	1.0
Sniffles2.INS.2F7M8	1.0
Sniffles2.DEL.467M1	1.0
Sniffles2.DEL.6A1M6	1.0
Sniffles2.INS.291M7	1.0
Sniffles2.INS.1A9M7	1.0
Sniffles2.INS.5C8M0	1.0
Sniffles2.INS.4DFMB	1.0
Sniffles2.DEL.185M8	1.0
Sniffles2.DEL.41CM8	1.0
Sniffles2.INS.2FCME	1.0
Sniffles2.DEL.AFM6	1.0
Sniffles2.INS.188M9	1.0
Sniffles2.DEL.14MC	1.0
Sniffles2.INS.428M9	1.0
Sniffles2.DEL.3C9M5	1.0
Sniffles2.DEL.1D8M16	1.0
Sniffles2.INS.231M17	1.0
Sniffles2.INS.535M1	1.0
Sniffles2.DEL.3B7M13	1.0
Sniffles2.INS.2EEMF	1.0
Sniffles2.DEL.7EM15	1.0
Sniffles2.DEL.582M6	1.0
Sniffles2.INS.465M2	1.0
Sniffles2.INS.1E6M2	1.0
Sniffles2.DEL.176M3	1.0
Sniffles2.DEL.11EM9	1.0
Sniffles2.DEL.3M15	1.0
Sniffles2.INS.274MB	1.0
Sniffles2.DEL.A2MC	1.0
Sniffles2.DEL.5E4M0	1.0
Sniffles2.DEL.453M13	1.0
Sniffles2.DEL.220M7	1.0
Sniffles2.INS.56MC	1.0
Sniffles2.INS.193M0	1.0
Sniffles2.DEL.269M0	1.0
Sniffles2.DEL.7C4M0	1.0
Sniffles2.INS.279M8	1.0
Sniffles2.DEL.26BM5	1.0
Sniffles2.INS.C0M13	1.0
Sniffles2.INS.108ME	1.0
Sniffles2.INS.306M7	1.0
Sniffles2.DEL.707M1	1.0
Sniffles2.INS.216M1	1.0
Sniffles2.INS.7DMB	1.0
Sniffles2.DEL.159MA	1.0
Sniffles2.INS.77M0	1.0
Sniffles2.INS.30DME	1.0
Sniffles2.INS.1D8M11	1.0
Sniffles2.DEL.2A2MD	1.0
Sniffles2.INS.DBM10	1.0
Sniffles2.INS.78DM0	1.0
Sniffles2.INS.2C0M8	1.0
Sniffles2.DEL.22AM5	1.0
Sniffles2.DEL.90M5	1.0
Sniffles2.INS.BAM0	1.0
Sniffles2.INS.248M14	1.0
Sniffles2.DEL.27FMF	1.0
Sniffles2.INS.1FCM14	1.0
Sniffles2.INS.73FM0	1.0
Sniffles2.DEL.320M0	1.0
Sniffles2.INS.1B8MB	1.0
Sniffles2.INS.23FME	1.0
Sniffles2.INS.244M12	1.0
Sniffles2.DEL.1D3MC	1.0
Sniffles2.INS.59BM9	1.0
Sniffles2.INS.360M3	1.0
Sniffles2.DEL.11EM13	1.0
Sniffles2.INS.84AM0	1.0
Sniffles2.DEL.447M2	1.0
Sniffles2.DEL.216M9	1.0
Sniffles2.INS.19DME	1.0
Sniffles2.DEL.216M4	1.0
Sniffles2.INS.133M10	1.0
Sniffles2.DEL.37DM2	1.0
Sniffles2.DEL.1F3MC	1.0
Sniffles2.INS.2E1M1	1.0
Sniffles2.DEL.56M1	1.0
Sniffles2.DEL.44CM9	1.0
Sniffles2.DEL.264MF	1.0
Sniffles2.DEL.D7ME	1.0
Sniffles2.INS.385MB	1.0
Sniffles2.DEL.4C3M3	1.0
Sniffles2.DEL.93M8	1.0
Sniffles2.INS.4C9M3	1.0
Sniffles2.INS.679M0	1.0
Sniffles2.INS.2ADMF	1.0
Sniffles2.INS.438M13	1.0
Sniffles2.DEL.5EAM1	1.0
Sniffles2.INS.17EMA	1.0
Sniffles2.DEL.290M14	1.0
Sniffles2.DEL.298M4	1.0
Sniffles2.DEL.28CMA	1.0
Sniffles2.INS.1D2M16	1.0
Sniffles2.INS.EAM3	1.0
Sniffles2.INS.321MC	1.0
Sniffles2.INS.F2M3	1.0
Sniffles2.DEL.10EM10	1.0
Sniffles2.DEL.1F2M11	1.0
Sniffles2.DEL.254MF	1.0
Sniffles2.INS.1C5M4	1.0
Sniffles2.DEL.AFM1	1.0
Sniffles2.INS.252M0	1.0
Sniffles2.INS.15DM5	1.0
Sniffles2.INS.18FMF	1.0
Sniffles2.DEL.4B0MA	1.0
Sniffles2.INS.13BM10	1.0
Sniffles2.INS.ECM7	1.0
Sniffles2.DEL.29EM4	1.0
Sniffles2.INS.1ECM16	1.0
Sniffles2.DEL.56M0	1.0
Sniffles2.DEL.217M10	1.0
Sniffles2.DEL.1A6M15	1.0
Sniffles2.DEL.20EM10	1.0
Sniffles2.INS.ACM7	1.0
Sniffles2.DEL.2C7M14	1.0
Sniffles2.INS.1DBME	1.0
Sniffles2.DEL.47FM6	1.0
Sniffles2.DEL.38BM3	1.0
Sniffles2.DEL.25EM2	1.0
Sniffles2.INS.59M0	1.0
Sniffles2.DEL.13EM11	1.0
Sniffles2.INS.CM2	1.0
Sniffles2.INS.1A4M14	1.0
Sniffles2.DEL.16DM5	1.0
Sniffles2.DEL.104M9	1.0
Sniffles2.DEL.18CM0	1.0
Sniffles2.INS.17BM2	1.0
Sniffles2.DEL.506M0	1.0
Sniffles2.DEL.4B4M1	1.0
Sniffles2.INS.25CM0	1.0
Sniffles2.DEL.B9M8	1.0
Sniffles2.DEL.185ME	1.0
Sniffles2.INS.2CEM4	1.0
Sniffles2.DEL.27DMA	1.0
Sniffles2.INS.11EM0	1.0
Sniffles2.INS.262M0	1.0
Sniffles2.INS.178M6	1.0
Sniffles2.INS.5B2M1	1.0
Sniffles2.DEL.275M2	1.0
Sniffles2.INS.172M3	1.0
Sniffles2.INS.3F8M6	1.0
Sniffles2.INS.5D1M3	1.0
Sniffles2.INS.333M14	1.0
Sniffles2.INS.427MC	1.0
Sniffles2.DEL.36AM9	1.0
Sniffles2.INS.1F2M2	1.0
Sniffles2.INS.276ME	1.0
Sniffles2.INS.505M3	1.0
Sniffles2.DEL.3A3M10	1.0
Sniffles2.INS.398M10	1.0
Sniffles2.INS.23EM9	1.0
Sniffles2.INS.210M6	1.0
Sniffles2.DEL.1D5MF	1.0
Sniffles2.INS.D8M8	1.0
Sniffles2.DEL.51EM6	1.0
Sniffles2.INS.3D7M13	1.0
Sniffles2.INS.318M12	1.0
Sniffles2.INS.492M2	1.0
Sniffles2.DEL.2A5MD	1.0
Sniffles2.DEL.EFM5	1.0
Sniffles2.DEL.2CEM10	1.0
Sniffles2.INS.288M2	1.0
Sniffles2.DEL.39M8	1.0
Sniffles2.DEL.1CDM15	1.0
Sniffles2.INS.106M2	1.0
Sniffles2.DEL.740M0	1.0
Sniffles2.DEL.5M5	1.0
Sniffles2.INS.26BMB	1.0
Sniffles2.INS.2D2M5	1.0
Sniffles2.DEL.4CAM4	1.0
Sniffles2.INS.341M1	1.0
Sniffles2.INS.56CM6	1.0
Sniffles2.DEL.D4M6	1.0
Sniffles2.DEL.33DM10	1.0
Sniffles2.INS.1B2MA	1.0
Sniffles2.INS.325M3	1.0
Sniffles2.INS.4EAM3	1.0
Sniffles2.INS.ABM7	1.0
Sniffles2.DEL.5E4M3	1.0
Sniffles2.DEL.4C4M5	1.0
Sniffles2.INS.2C3M3	1.0
Sniffles2.INS.40BM9	1.0
Sniffles2.DEL.159MD	1.0
Sniffles2.DEL.511M2	1.0
Sniffles2.DEL.FCME	1.0
Sniffles2.DEL.2F8M16	1.0
Sniffles2.DEL.3A7M8	1.0
Sniffles2.DEL.2A5M11	1.0
Sniffles2.INS.629M0	1.0
Sniffles2.INS.2F3MC	1.0
Sniffles2.DEL.222M4	1.0
Sniffles2.INS.225M2	1.0
Sniffles2.DEL.301M6	1.0
Sniffles2.DEL.131M6	1.0
Sniffles2.DEL.16DM11	1.0
Sniffles2.DEL.7FFM0	1.0
Sniffles2.DEL.4CM14	1.0
Sniffles2.INS.110M3	1.0
Sniffles2.DEL.32CM6	1.0
Sniffles2.DEL.4AM12	1.0
Sniffles2.INS.710M1	1.0
Sniffles2.DEL.438M2	1.0
Sniffles2.DEL.208M4	1.0
Sniffles2.DEL.1A8M14	1.0
Sniffles2.DEL.311M1	1.0
Sniffles2.INS.3BBMA	1.0
Sniffles2.DEL.E9M7	1.0
Sniffles2.INS.629M6	1.0
Sniffles2.INS.2A9M8	1.0
Sniffles2.DEL.359M7	1.0
Sniffles2.INS.A1MD	1.0
Sniffles2.INS.50BM1	1.0
Sniffles2.DEL.138M4	1.0
Sniffles2.DEL.20EM14	1.0
Sniffles2.DEL.22DM12	1.0
Sniffles2.DEL.3E3MB	1.0
Sniffles2.INS.6E4M1	1.0
Sniffles2.INS.51M7	1.0
Sniffles2.DEL.D4M1	1.0
Sniffles2.INS.2C2M14	1.0
Sniffles2.DEL.275M5	1.0
Sniffles2.DEL.44EM3	1.0
Sniffles2.DEL.123M11	1.0
Sniffles2.INS.51M2	1.0
Sniffles2.DEL.2BFM8	1.0
Sniffles2.INS.1A1M6	1.0
Sniffles2.DEL.183MB	1.0
Sniffles2.DEL.F6M9	1.0
Sniffles2.DEL.43M1	1.0
Sniffles2.INS.A5M0	1.0
Sniffles2.DEL.5D3M6	1.0
Sniffles2.DEL.515M3	1.0
Sniffles2.INS.156M12	1.0
Sniffles2.INS.1BCM15	1.0
Sniffles2.INS.4A7M6	1.0
Sniffles2.DEL.20AM15	1.0
Sniffles2.DEL.40AM0	1.0
Sniffles2.DEL.DBM5	1.0
Sniffles2.INS.378MA	1.0
Sniffles2.INS.4D9M1	1.0
Sniffles2.INS.1BFM12	1.0
Sniffles2.INS.5F9M3	1.0
Sniffles2.INS.5CMB	1.0
Sniffles2.INS.179M15	1.0
Sniffles2.INS.5C4M6	1.0
Sniffles2.INS.1FEM14	1.0
Sniffles2.DEL.30BM8	1.0
Sniffles2.INV.1ADM16	1.0
Sniffles2.INS.3E2M6	1.0
Sniffles2.DEL.25M11	1.0
Sniffles2.INS.4C4M9	1.0
Sniffles2.INS.1A7M16	1.0
Sniffles2.INS.50FM1	1.0
Sniffles2.INS.18DM5	1.0
Sniffles2.INS.2E3M2	1.0
Sniffles2.DEL.294M5	1.0
Sniffles2.DEL.107MC	1.0
Sniffles2.DEL.29BMF	1.0
Sniffles2.INS.672M3	1.0
Sniffles2.DEL.294MB	1.0
Sniffles2.DEL.27FM4	1.0
Sniffles2.INS.227M3	1.0
Sniffles2.INS.1F4M14	1.0
Sniffles2.INS.6F9M1	1.0
Sniffles2.INS.2D6M8	1.0
Sniffles2.INS.104MC	1.0
Sniffles2.INS.421M4	1.0
Sniffles2.DEL.483M0	1.0
Sniffles2.INS.1C5M3	1.0
Sniffles2.INS.143M1	1.0
Sniffles2.INS.471M1	1.0
Sniffles2.DEL.541M4	1.0
Sniffles2.DEL.11CM13	1.0
Sniffles2.INS.215M12	1.0
Sniffles2.DEL.184ME	1.0
Sniffles2.DEL.1B3M13	1.0
Sniffles2.DEL.1CFMB	1.0
Sniffles2.DEL.2B6ME	1.0
Sniffles2.DEL.BAM13	1.0
Sniffles2.DEL.3A3MC	1.0
Sniffles2.DEL.26EM1	1.0
Sniffles2.INS.18BM6	1.0
Sniffles2.DEL.1D1M10	1.0
Sniffles2.DEL.31CM11	1.0
Sniffles2.DEL.3C4M10	1.0
Sniffles2.DEL.3F2M1	1.0
Sniffles2.INS.428M4	1.0
Sniffles2.DEL.43DM6	1.0
Sniffles2.DEL.4A1M3	1.0
Sniffles2.INS.171M12	1.0
Sniffles2.DEL.EBM8	1.0
Sniffles2.DEL.4B8M1	1.0
Sniffles2.DEL.1FM15	1.0
Sniffles2.INS.59AM1	1.0
Sniffles2.INS.115M9	1.0
Sniffles2.INS.278MC	1.0
Sniffles2.INS.2A2M10	1.0
Sniffles2.DEL.4AEM8	1.0
Sniffles2.DEL.118MC	1.0
Sniffles2.INS.2E9M3	1.0
Sniffles2.INS.354M8	1.0
Sniffles2.INS.5EAM6	1.0
Sniffles2.INS.3D1M10	1.0
Sniffles2.DEL.278M6	1.0
Sniffles2.INS.12DM9	1.0
Sniffles2.INS.3C4M7	1.0
Sniffles2.DEL.C3M11	1.0
Sniffles2.INS.4DM11	1.0
Sniffles2.INS.298M0	1.0
Sniffles2.DEL.CCM1	1.0
Sniffles2.INS.18AM2	1.0
Sniffles2.INS.1A7M2	1.0
Sniffles2.INS.60M2	1.0
Sniffles2.DEL.82MD	1.0
Sniffles2.DEL.553M6	1.0
Sniffles2.DEL.14AM2	1.0
Sniffles2.INS.341M9	1.0
Sniffles2.INS.3A8M11	1.0
Sniffles2.DEL.2C2M1	1.0
Sniffles2.DEL.70CM0	1.0
Sniffles2.DEL.188M6	1.0
Sniffles2.INS.35AM11	1.0
Sniffles2.DEL.593M5	1.0
Sniffles2.DEL.163M15	1.0
Sniffles2.INS.1AFM10	1.0
Sniffles2.INS.24DM14	1.0
Sniffles2.INS.49AM3	1.0
Sniffles2.INS.28DM16	1.0
Sniffles2.DEL.46BM6	1.0
Sniffles2.INS.429M6	1.0
Sniffles2.DEL.25BM9	1.0
Sniffles2.DEL.393M3	1.0
Sniffles2.DEL.97M10	1.0
Sniffles2.DEL.386M7	1.0
Sniffles2.INS.56M11	1.0
Sniffles2.DEL.1FDM11	1.0
Sniffles2.DEL.399M3	1.0
Sniffles2.DEL.37EM2	1.0
Sniffles2.DEL.4D1M6	1.0
Sniffles2.INS.3ACM7	1.0
Sniffles2.INS.53DM2	1.0
Sniffles2.DEL.449M2	1.0
Sniffles2.DEL.6E7M6	1.0
Sniffles2.INS.3C1M8	1.0
Sniffles2.DEL.232MA	1.0
Sniffles2.DEL.4E4M1	1.0
Sniffles2.INS.12M8	1.0
Sniffles2.INS.612M0	1.0
Sniffles2.INS.59MB	1.0
Sniffles2.INS.208M1	1.0
Sniffles2.INS.2D6M15	1.0
Sniffles2.DEL.18CMF	1.0
Sniffles2.DEL.15FM6	1.0
Sniffles2.INS.46MD	1.0
Sniffles2.DEL.1B0M11	1.0
Sniffles2.DEL.1CDM17	1.0
Sniffles2.DEL.2C2M4	1.0
Sniffles2.INS.15EM2	1.0
Sniffles2.DEL.5E0M5	1.0
Sniffles2.INS.277M11	1.0
Sniffles2.INS.1AEM15	1.0
Sniffles2.DEL.17EM6	1.0
Sniffles2.DEL.89M2	1.0
Sniffles2.DEL.2AAM11	1.0
Sniffles2.DEL.39FM16	1.0
Sniffles2.DEL.289MF	1.0
Sniffles2.DEL.12AMA	1.0
Sniffles2.INS.166M15	1.0
Sniffles2.INS.204MD	1.0
Sniffles2.INS.1A3M16	1.0
Sniffles2.DEL.76AM1	1.0
Sniffles2.INS.324M6	1.0
Sniffles2.DEL.36CM2	1.0
Sniffles2.INS.423M2	1.0
Sniffles2.DEL.1E8M4	1.0
Sniffles2.DEL.6F3M0	1.0
Sniffles2.DEL.1A1M1	1.0
Sniffles2.INS.69BM1	1.0
Sniffles2.INS.215M0	1.0
Sniffles2.DEL.16EMB	1.0
Sniffles2.INS.385M9	1.0
Sniffles2.DEL.181M1	1.0
Sniffles2.DEL.134MD	1.0
Sniffles2.INS.F8M7	1.0
Sniffles2.INS.10FMD	1.0
Sniffles2.INS.33EM4	1.0
Sniffles2.INS.183M7	1.0
Sniffles2.INS.34AM11	1.0
Sniffles2.DEL.EBMB	1.0
Sniffles2.INS.ABM14	1.0
Sniffles2.DEL.1ABM6	1.0
Sniffles2.DEL.316MA	1.0
Sniffles2.INS.1D2M2	1.0
Sniffles2.INS.2A9M5	1.0
Sniffles2.DEL.152M7	1.0
Sniffles2.INS.33DM2	1.0
Sniffles2.INS.577M3	1.0
Sniffles2.DEL.223M16	1.0
Sniffles2.DEL.143MD	1.0
Sniffles2.INS.8CM11	1.0
Sniffles2.DEL.274M4	1.0
Sniffles2.INS.6BFM0	1.0
Sniffles2.DEL.45CMA	1.0
Sniffles2.INS.41M12	1.0
Sniffles2.DEL.13EM12	1.0
Sniffles2.INS.43AM10	1.0
Sniffles2.DEL.6BEM6	1.0
Sniffles2.DEL.503M3	1.0
Sniffles2.INS.3E2MC	1.0
Sniffles2.INS.356M8	1.0
Sniffles2.DEL.14BM11	1.0
Sniffles2.INS.7EM11	1.0
Sniffles2.DEL.570M0	1.0
Sniffles2.INS.9BM9	1.0
Sniffles2.INS.1A0M14	1.0
Sniffles2.INS.16CM13	1.0
Sniffles2.INS.3B5M0	1.0
Sniffles2.INS.1CCM7	1.0
Sniffles2.INS.4C1M5	1.0
Sniffles2.INS.256M6	1.0
Sniffles2.DEL.3ADM9	1.0
Sniffles2.INS.2BCM0	1.0
Sniffles2.DEL.26CMD	1.0
Sniffles2.DEL.3BCM8	1.0
Sniffles2.DEL.191M12	1.0
Sniffles2.DEL.195M14	1.0
Sniffles2.DEL.27EMD	1.0
Sniffles2.INS.154M5	1.0
Sniffles2.DEL.256M14	1.0
Sniffles2.INS.2A1MD	1.0
Sniffles2.DEL.2DEM11	1.0
Sniffles2.DEL.458M6	1.0
Sniffles2.DEL.EM13	1.0
Sniffles2.DEL.2CFM6	1.0
Sniffles2.DEL.313M7	1.0
Sniffles2.INS.54DM0	1.0
Sniffles2.DEL.33EM0	1.0
Sniffles2.INS.448M4	1.0
Sniffles2.INS.3A3M13	1.0
Sniffles2.DEL.121M5	1.0
Sniffles2.INS.2C6M2	1.0
Sniffles2.INS.32CM7	1.0
Sniffles2.INS.52CM4	1.0
Sniffles2.DEL.650M4	1.0
Sniffles2.INS.3ACM0	1.0
Sniffles2.INS.D0M9	1.0
Sniffles2.DEL.1FFM8	1.0
Sniffles2.INS.28DM7	1.0
Sniffles2.DEL.479M4	1.0
Sniffles2.DEL.1BBMC	1.0
Sniffles2.DEL.2FM8	1.0
Sniffles2.INS.CFM0	1.0
Sniffles2.INS.191M6	1.0
Sniffles2.DEL.177M11	1.0
Sniffles2.DEL.208M14	1.0
Sniffles2.INS.56BM5	1.0
Sniffles2.DEL.314M16	1.0
Sniffles2.DEL.B1M13	1.0
Sniffles2.DEL.A6M3	1.0
Sniffles2.INS.386M4	1.0
Sniffles2.DEL.434MA	1.0
Sniffles2.INS.476M6	1.0
Sniffles2.INS.5E8M5	1.0
Sniffles2.INS.232M3	1.0
Sniffles2.INS.198M3	1.0
Sniffles2.DEL.440M4	1.0
Sniffles2.INS.219M9	1.0
Sniffles2.INS.77M17	1.0
Sniffles2.DEL.396M10	1.0
Sniffles2.DEL.15M5	1.0
Sniffles2.DEL.36DM5	1.0
Sniffles2.INS.676M0	1.0
Sniffles2.DEL.D8ME	1.0
Sniffles2.INS.1EFM14	1.0
Sniffles2.DEL.41FM5	1.0
Sniffles2.DEL.4E5M1	1.0
Sniffles2.INS.117M10	1.0
Sniffles2.DEL.11FM3	1.0
Sniffles2.INS.3F4M9	1.0
Sniffles2.DEL.148M6	1.0
Sniffles2.DEL.21M13	1.0
Sniffles2.INS.BAM7	1.0
Sniffles2.INS.2ADM0	1.0
Sniffles2.DEL.F6MF	1.0
Sniffles2.DEL.5AEM1	1.0
Sniffles2.INS.21AM8	1.0
Sniffles2.INS.43CM3	1.0
Sniffles2.DEL.2D5M5	1.0
Sniffles2.DEL.66M3	1.0
Sniffles2.INS.50EM0	1.0
Sniffles2.INS.24M0	1.0
Sniffles2.INS.285M12	1.0
Sniffles2.DEL.BEM14	1.0
Sniffles2.INS.1E5M14	1.0
Sniffles2.INS.1F1M6	1.0
Sniffles2.DEL.1F1MB	1.0
Sniffles2.INS.32AM11	1.0
Sniffles2.DEL.26DM7	1.0
Sniffles2.INS.641M0	1.0
Sniffles2.DEL.116ME	1.0
Sniffles2.INS.1ECM14	1.0
Sniffles2.DEL.1F8MF	1.0
Sniffles2.DEL.18AM6	1.0
Sniffles2.DEL.9M11	1.0
Sniffles2.INS.143M12	1.0
Sniffles2.INS.32BM3	1.0
Sniffles2.DEL.E7M14	1.0
Sniffles2.DEL.2F6M6	1.0
Sniffles2.INS.5C0M3	1.0
Sniffles2.DEL.4AM7	1.0
Sniffles2.DEL.1CDM6	1.0
Sniffles2.INS.154M6	1.0
Sniffles2.INS.405M13	1.0
Sniffles2.INS.18CMD	1.0
Sniffles2.DEL.23AM3	1.0
Sniffles2.INS.302M10	1.0
Sniffles2.INS.5A7M0	1.0
Sniffles2.DEL.35BM2	1.0
Sniffles2.DEL.640M3	1.0
Sniffles2.DEL.364MF	1.0
Sniffles2.INS.68M9	1.0
Sniffles2.DEL.3ABM5	1.0
Sniffles2.DEL.3C1MB	1.0
Sniffles2.DEL.124M12	1.0
Sniffles2.DEL.23M13	1.0
Sniffles2.DEL.22DME	1.0
Sniffles2.INS.28CM1	1.0
Sniffles2.DEL.406M2	1.0
Sniffles2.INS.C4M8	1.0
Sniffles2.INS.93M12	1.0
Sniffles2.DEL.1E3M15	1.0
Sniffles2.DEL.15DM8	1.0
Sniffles2.INS.1ADME	1.0
Sniffles2.DEL.19CMD	1.0
Sniffles2.INS.577M9	1.0
Sniffles2.INS.362MA	1.0
Sniffles2.INS.33EM5	1.0
Sniffles2.INS.297MC	1.0
Sniffles2.DEL.229M0	1.0
Sniffles2.DEL.B3M4	1.0
Sniffles2.INS.425M8	1.0
Sniffles2.DEL.284M13	1.0
Sniffles2.DEL.421MF	1.0
Sniffles2.DEL.32FM13	1.0
Sniffles2.DEL.1DDM1	1.0
Sniffles2.INS.40CM4	1.0
Sniffles2.DEL.42CM8	1.0
Sniffles2.DEL.324M7	1.0
Sniffles2.DEL.2A8M15	1.0
Sniffles2.DEL.193M1	1.0
Sniffles2.DEL.778M0	1.0
Sniffles2.DEL.308M15	1.0
Sniffles2.DEL.300M9	1.0
Sniffles2.INS.393M5	1.0
Sniffles2.DEL.733M1	1.0
Sniffles2.DEL.1B5M5	1.0
Sniffles2.INS.31DM14	1.0
Sniffles2.DEL.2C4M11	1.0
Sniffles2.DEL.4B1M2	1.0
Sniffles2.INS.4A8M16	1.0
Sniffles2.DEL.C1MC	1.0
Sniffles2.DEL.2C2M8	1.0
Sniffles2.INS.30FMF	1.0
Sniffles2.DEL.268M11	1.0
Sniffles2.INS.142M6	1.0
Sniffles2.DEL.3AFM10	1.0
Sniffles2.DEL.5DAM3	1.0
Sniffles2.DEL.46FM6	1.0
Sniffles2.INS.1C3MB	1.0
Sniffles2.DEL.138M13	1.0
Sniffles2.INS.2CDM1	1.0
Sniffles2.INS.36CM10	1.0
Sniffles2.INS.89MF	1.0
Sniffles2.INS.FCM14	1.0
Sniffles2.DEL.427M3	1.0
Sniffles2.INS.C0M0	1.0
Sniffles2.DEL.134M6	1.0
Sniffles2.DEL.494M7	1.0
Sniffles2.DEL.204M16	1.0
Sniffles2.DEL.1EEM1	1.0
Sniffles2.INS.239M12	1.0
Sniffles2.INS.E0M8	1.0
Sniffles2.DEL.20AM11	1.0
Sniffles2.DEL.598M9	1.0
Sniffles2.DEL.51CM3	1.0
Sniffles2.INS.6FBM0	1.0
Sniffles2.INS.16CM6	1.0
Sniffles2.DEL.303M2	1.0
Sniffles2.INS.2C3M0	1.0
Sniffles2.DEL.E2M6	1.0
Sniffles2.DEL.55BM9	1.0
Sniffles2.INS.81M2	1.0
Sniffles2.DEL.20BMD	1.0
Sniffles2.INS.46ME	1.0
Sniffles2.INS.3EM13	1.0
Sniffles2.INS.4A4M5	1.0
Sniffles2.INS.621M6	1.0
Sniffles2.DEL.488M2	1.0
Sniffles2.INS.3A0M9	1.0
Sniffles2.INS.4F0M3	1.0
Sniffles2.INS.12AM9	1.0
Sniffles2.DEL.2B4M7	1.0
Sniffles2.DEL.4FFM2	1.0
Sniffles2.DEL.563M9	1.0
Sniffles2.INS.56CM0	1.0
Sniffles2.INS.37DM8	1.0
Sniffles2.DEL.399MC	1.0
Sniffles2.DEL.3B1MF	1.0
Sniffles2.INS.1FCM9	1.0
Sniffles2.INS.3CDM6	1.0
Sniffles2.DEL.B6MB	1.0
Sniffles2.INS.3DEM13	1.0
Sniffles2.INS.28FME	1.0
Sniffles2.DEL.1CAMA	1.0
Sniffles2.INS.24CM14	1.0
Sniffles2.INS.3F5M16	1.0
Sniffles2.INS.4C2M7	1.0
Sniffles2.INS.59M2	1.0
Sniffles2.DEL.417M8	1.0
Sniffles2.DEL.310M8	1.0
Sniffles2.DEL.1BMB	1.0
Sniffles2.INS.4FBM3	1.0
Sniffles2.DEL.142MD	1.0
Sniffles2.INS.50M12	1.0
Sniffles2.INS.573M6	1.0
Sniffles2.INS.374M0	1.0
Sniffles2.INS.15M17	1.0
Sniffles2.INS.C8ME	1.0
Sniffles2.DEL.3ADM8	1.0
Sniffles2.INS.79M12	1.0
Sniffles2.INS.7D1M0	1.0
Sniffles2.DEL.1FEM16	1.0
Sniffles2.DEL.119MC	1.0
Sniffles2.DEL.282ME	1.0
Sniffles2.INS.6C8M6	1.0
Sniffles2.DEL.318M11	1.0
Sniffles2.INS.529M9	1.0
Sniffles2.DEL.48BM8	1.0
Sniffles2.INS.7CDM0	1.0
Sniffles2.DEL.26BMC	1.0
Sniffles2.DEL.113M9	1.0
Sniffles2.DEL.5DBM1	1.0
Sniffles2.DEL.F3M6	1.0
Sniffles2.INS.215M15	1.0
Sniffles2.DEL.47M6	1.0
Sniffles2.INS.45ME	1.0
Sniffles2.DEL.21EM5	1.0
Sniffles2.INS.1D1M1	1.0
Sniffles2.DEL.241M1	1.0
Sniffles2.DEL.269MF	1.0
Sniffles2.INS.1FAM1	1.0
Sniffles2.INS.417M13	1.0
Sniffles2.INS.B3M10	1.0
Sniffles2.DEL.23CM11	1.0
Sniffles2.DEL.324M9	1.0
Sniffles2.DEL.106M1	1.0
Sniffles2.DEL.250M12	1.0
Sniffles2.DEL.2A2M4	1.0
Sniffles2.INS.E3M9	1.0
Sniffles2.INS.3ECM6	1.0
Sniffles2.INS.4DFM0	1.0
Sniffles2.DEL.1E7M7	1.0
Sniffles2.DEL.5D0M6	1.0
Sniffles2.INS.19CM5	1.0
Sniffles2.INS.227MA	1.0
Sniffles2.INS.799M1	1.0
Sniffles2.INS.247M7	1.0
Sniffles2.DEL.28DMA	1.0
Sniffles2.DEL.1F2MD	1.0
Sniffles2.DEL.486M0	1.0
Sniffles2.INS.393M10	1.0
Sniffles2.DEL.1F0MC	1.0
Sniffles2.DEL.405M5	1.0
Sniffles2.DEL.344M16	1.0
Sniffles2.INS.184MC	1.0
Sniffles2.DEL.2EM0	1.0
Sniffles2.DEL.1B7M10	1.0
Sniffles2.INS.284MB	1.0
Sniffles2.DEL.135M13	1.0
Sniffles2.DEL.B3M14	1.0
Sniffles2.DEL.6ACM0	1.0
Sniffles2.DEL.21MD	1.0
Sniffles2.INS.31BM10	1.0
Sniffles2.DEL.1CFM12	1.0
Sniffles2.DEL.448M2	1.0
Sniffles2.INS.501M6	1.0
Sniffles2.DEL.470M5	1.0
Sniffles2.DEL.221M11	1.0
Sniffles2.INS.560M4	1.0
Sniffles2.INS.801M0	1.0
Sniffles2.DEL.16EMD	1.0
Sniffles2.INS.7D2M1	1.0
Sniffles2.INS.259M5	1.0
Sniffles2.DEL.38DM8	1.0
Sniffles2.INS.283MA	1.0
Sniffles2.DEL.1E7MA	1.0
Sniffles2.DEL.284M2	1.0
Sniffles2.DEL.EFM6	1.0
Sniffles2.INS.3C4MA	1.0
Sniffles2.INS.56FM4	1.0
Sniffles2.INS.29FM6	1.0
Sniffles2.INS.10EM1	1.0
Sniffles2.INS.46CMB	1.0
Sniffles2.INS.4F6MB	1.0
Sniffles2.INS.240M15	1.0
Sniffles2.INS.3C4M6	1.0
Sniffles2.DEL.151M6	1.0
Sniffles2.DEL.314M0	1.0
Sniffles2.DEL.5AFM6	1.0
Sniffles2.INS.518M9	1.0
Sniffles2.DEL.358M3	1.0
Sniffles2.INS.BEM11	1.0
Sniffles2.DEL.1EFMB	1.0
Sniffles2.INS.ABMD	1.0
Sniffles2.DEL.2EDM11	1.0
Sniffles2.INS.44M13	1.0
Sniffles2.INS.3EEM1	1.0
Sniffles2.DEL.4C7M6	1.0
Sniffles2.INS.571M9	1.0
Sniffles2.INS.21AMD	1.0
Sniffles2.DEL.187MA	1.0
Sniffles2.INS.EEMA	1.0
Sniffles2.INS.291M1	1.0
Sniffles2.DEL.540M2	1.0
Sniffles2.INS.1FEM4	1.0
Sniffles2.INS.4C9MA	1.0
Sniffles2.INS.67DM3	1.0
Sniffles2.INS.350M9	1.0
Sniffles2.INS.3AFM5	1.0
Sniffles2.INS.417M5	1.0
Sniffles2.INS.1CFM2	1.0
Sniffles2.INS.217M15	1.0
Sniffles2.INS.124M2	1.0
Sniffles2.INS.294M0	1.0
Sniffles2.INS.4B6M1	1.0
Sniffles2.INS.205M0	1.0
Sniffles2.INS.344MC	1.0
Sniffles2.DEL.337M7	1.0
Sniffles2.DEL.3BAM13	1.0
Sniffles2.DEL.5C3M9	1.0
Sniffles2.INS.3BBM10	1.0
Sniffles2.DEL.2F9M9	1.0
Sniffles2.DEL.9EM9	1.0
Sniffles2.DEL.412M5	1.0
Sniffles2.DEL.BDM6	1.0
Sniffles2.INS.208M6	1.0
Sniffles2.DEL.427M6	1.0
Sniffles2.DEL.206MA	1.0
Sniffles2.DEL.1D0M17	1.0
Sniffles2.INS.ECM3	1.0
Sniffles2.DEL.326M2	1.0
Sniffles2.INS.0MF	1.0
Sniffles2.INS.485M13	1.0
Sniffles2.DEL.322M11	1.0
Sniffles2.INS.33CMB	1.0
Sniffles2.INS.26DME	1.0
Sniffles2.INS.131M14	1.0
Sniffles2.INS.4CEM5	1.0
Sniffles2.DEL.104MD	1.0
Sniffles2.DEL.2B6M6	1.0
Sniffles2.DEL.27FM10	1.0
Sniffles2.DEL.163MB	1.0
Sniffles2.DEL.138M7	1.0
Sniffles2.DEL.568M3	1.0
Sniffles2.INS.37DMA	1.0
Sniffles2.INS.121M7	1.0
Sniffles2.INS.333M7	1.0
Sniffles2.DEL.10CME	1.0
Sniffles2.DEL.5DMB	1.0
Sniffles2.INS.49MB	1.0
Sniffles2.DEL.113M3	1.0
Sniffles2.DEL.2F7MC	1.0
Sniffles2.DEL.681M1	1.0
Sniffles2.DEL.3D9M9	1.0
Sniffles2.INS.373M8	1.0
Sniffles2.DEL.45M10	1.0
Sniffles2.DEL.DEM0	1.0
Sniffles2.INS.ABM5	1.0
Sniffles2.DEL.5C2M9	1.0
Sniffles2.DEL.347M3	1.0
Sniffles2.INS.221M8	1.0
Sniffles2.INS.4B0M1	1.0
Sniffles2.DEL.B2M13	1.0
Sniffles2.DEL.333M9	1.0
Sniffles2.DEL.5D0M0	1.0
Sniffles2.INS.141ME	1.0
Sniffles2.DEL.63M5	1.0
Sniffles2.DEL.485M9	1.0
Sniffles2.DEL.29EMB	1.0
Sniffles2.DEL.245MD	1.0
Sniffles2.DEL.33CM8	1.0
Sniffles2.INS.BCM0	1.0
Sniffles2.DEL.5E3M4	1.0
Sniffles2.INS.51M3	1.0
Sniffles2.DEL.62M3	1.0
Sniffles2.INS.259M11	1.0
Sniffles2.INS.294MC	1.0
Sniffles2.INS.39DM16	1.0
Sniffles2.INS.2EAM14	1.0
Sniffles2.DEL.409M8	1.0
Sniffles2.DEL.225M0	1.0
Sniffles2.INS.260M0	1.0
Sniffles2.INS.5F8M1	1.0
Sniffles2.INS.237M2	1.0
Sniffles2.INS.B4M8	1.0
Sniffles2.INS.98M15	1.0
Sniffles2.INS.401M10	1.0
Sniffles2.INS.6C6M0	1.0
Sniffles2.DEL.28DM8	1.0
Sniffles2.DEL.317M6	1.0
Sniffles2.DEL.322M12	1.0
Sniffles2.INS.3DBM7	1.0
Sniffles2.INS.25BMF	1.0
Sniffles2.DEL.D8MA	1.0
Sniffles2.DEL.B0M15	1.0
Sniffles2.INS.41CM3	1.0
Sniffles2.INS.55BM1	1.0
Sniffles2.INS.2F8ME	1.0
Sniffles2.DEL.382M8	1.0
Sniffles2.INS.199MD	1.0
Sniffles2.DEL.245M11	1.0
Sniffles2.DEL.1A4M8	1.0
Sniffles2.DEL.2BBM5	1.0
Sniffles2.INS.56AM9	1.0
Sniffles2.DEL.52FM1	1.0
Sniffles2.INS.170MB	1.0
Sniffles2.DEL.143MF	1.0
Sniffles2.INS.395M16	1.0
Sniffles2.INS.225M10	1.0
Sniffles2.DEL.3C0MC	1.0
Sniffles2.DEL.3E9M2	1.0
Sniffles2.INS.44DM10	1.0
Sniffles2.DEL.11AMF	1.0
Sniffles2.INS.254MC	1.0
Sniffles2.DEL.4C0M8	1.0
Sniffles2.DEL.395M9	1.0
Sniffles2.DEL.240M7	1.0
Sniffles2.INS.2F4ME	1.0
Sniffles2.DEL.3E5M16	1.0
Sniffles2.INS.3E4M0	1.0
Sniffles2.INS.17CM4	1.0
Sniffles2.DEL.180M9	1.0
Sniffles2.DEL.FFMA	1.0
Sniffles2.INS.1DCM1	1.0
Sniffles2.INS.2F2M15	1.0
Sniffles2.INS.744M0	1.0
Sniffles2.DEL.263M1	1.0
Sniffles2.INS.6EMD	1.0
Sniffles2.INS.99M5	1.0
Sniffles2.INS.20DMD	1.0
Sniffles2.INS.4A1M4	1.0
Sniffles2.INS.16BMA	1.0
Sniffles2.DEL.1EFM2	1.0
Sniffles2.INS.156M15	1.0
Sniffles2.DEL.303M13	1.0
Sniffles2.DEL.11FM5	1.0
Sniffles2.DEL.1C7M1	1.0
Sniffles2.DEL.1B0ME	1.0
Sniffles2.DEL.4BCM3	1.0
Sniffles2.INS.76MF	1.0
Sniffles2.INS.D6M0	1.0
Sniffles2.INS.2A7M7	1.0
Sniffles2.INS.30CM1	1.0
Sniffles2.DEL.6E0M1	1.0
Sniffles2.INS.33EM1	1.0
Sniffles2.DEL.165M13	1.0
Sniffles2.DEL.403M0	1.0
Sniffles2.INS.52DM2	1.0
Sniffles2.INS.1A0M3	1.0
Sniffles2.INS.12DM7	1.0
Sniffles2.INS.4DFM5	1.0
Sniffles2.INS.3DFM4	1.0
Sniffles2.DEL.1AEMA	1.0
Sniffles2.INS.2ADM8	1.0
Sniffles2.INS.335M9	1.0
Sniffles2.DEL.217MD	1.0
Sniffles2.DEL.174M7	1.0
Sniffles2.INS.62FM6	1.0
Sniffles2.INS.256M16	1.0
Sniffles2.DEL.434M3	1.0
Sniffles2.INS.380M8	1.0
Sniffles2.DEL.2D5M11	1.0
Sniffles2.INS.2C2M16	1.0
Sniffles2.INS.15BM13	1.0
Sniffles2.DEL.240M9	1.0
Sniffles2.DEL.3A6M2	1.0
Sniffles2.INS.81M12	1.0
Sniffles2.INS.532M8	1.0
Sniffles2.INS.48AM2	1.0
Sniffles2.INS.3A4M10	1.0
Sniffles2.DEL.360M12	1.0
Sniffles2.DEL.49DM8	1.0
Sniffles2.INS.E3MA	1.0
Sniffles2.INS.FCM12	1.0
Sniffles2.DEL.401MF	1.0
Sniffles2.DEL.14FM9	1.0
Sniffles2.DEL.6C1M0	1.0
Sniffles2.INS.301M1	1.0
Sniffles2.DEL.2EFMF	1.0
Sniffles2.DEL.B6M15	1.0
Sniffles2.INS.EBM0	1.0
Sniffles2.INS.227M9	1.0
Sniffles2.DEL.6F0M0	1.0
Sniffles2.DEL.6F2M6	1.0
Sniffles2.DEL.34AM12	1.0
Sniffles2.DEL.58M15	1.0
Sniffles2.INS.2B1ME	1.0
Sniffles2.DEL.DDM11	1.0
Sniffles2.DEL.125MB	1.0
Sniffles2.INS.378M3	1.0
Sniffles2.DEL.19DM1	1.0
Sniffles2.INS.104M6	1.0
Sniffles2.INS.306ME	1.0
Sniffles2.DEL.7AM7	1.0
Sniffles2.DEL.843M0	1.0
Sniffles2.INS.22M13	1.0
Sniffles2.INS.102MA	1.0
Sniffles2.DEL.18M9	1.0
Sniffles2.INS.395MA	1.0
Sniffles2.DEL.4D4M4	1.0
Sniffles2.INS.72MB	1.0
Sniffles2.DEL.72DM1	1.0
Sniffles2.DEL.55M1	1.0
Sniffles2.DEL.22BM15	1.0
Sniffles2.INS.4F2M6	1.0
Sniffles2.DEL.3D0M13	1.0
Sniffles2.INS.6AEM1	1.0
Sniffles2.DEL.3F4M4	1.0
Sniffles2.INS.7B7M0	1.0
Sniffles2.INS.3B5M4	1.0
Sniffles2.DEL.447M7	1.0
Sniffles2.DEL.313M5	1.0
Sniffles2.DEL.13BM11	1.0
Sniffles2.INS.1B1M12	1.0
Sniffles2.DEL.514M0	1.0
Sniffles2.DEL.477M10	1.0
Sniffles2.INS.7BEM0	1.0
Sniffles2.INS.351M2	1.0
Sniffles2.DEL.2A6ME	1.0
Sniffles2.DEL.49DMA	1.0
Sniffles2.DEL.D3M3	1.0
Sniffles2.INS.4D6M4	1.0
Sniffles2.INS.2E7M14	1.0
Sniffles2.INS.11EM2	1.0
Sniffles2.INS.182MD	1.0
Sniffles2.INS.37EM0	1.0
Sniffles2.INS.198ME	1.0
Sniffles2.INS.210M10	1.0
Sniffles2.DEL.1AAM14	1.0
Sniffles2.INS.1A3MA	1.0
Sniffles2.DEL.DCM2	1.0
Sniffles2.INS.259M0	1.0
Sniffles2.INS.29CM7	1.0
Sniffles2.INS.110MC	1.0
Sniffles2.DEL.45FM4	1.0
Sniffles2.DEL.3EDM4	1.0
Sniffles2.INS.476M7	1.0
Sniffles2.DEL.13AM7	1.0
Sniffles2.DEL.74DM1	1.0
Sniffles2.DEL.524M1	1.0
Sniffles2.DEL.8AM4	1.0
Sniffles2.INS.1CBM15	1.0
Sniffles2.INS.5C5M5	1.0
Sniffles2.INS.2AFM6	1.0
Sniffles2.DEL.609M4	1.0
Sniffles2.DEL.71AM1	1.0
Sniffles2.DEL.17AM6	1.0
Sniffles2.DEL.383M2	1.0
Sniffles2.DEL.375M7	1.0
Sniffles2.DEL.3ADMB	1.0
Sniffles2.INS.4AM0	1.0
Sniffles2.INS.54DM2	1.0
Sniffles2.INS.3A5M4	1.0
Sniffles2.INS.68DM1	1.0
Sniffles2.INS.32BM9	1.0
Sniffles2.INS.81M10	1.0
Sniffles2.DEL.2A2M15	1.0
Sniffles2.DEL.1AFM7	1.0
Sniffles2.DEL.31FM9	1.0
Sniffles2.DEL.403M3	1.0
Sniffles2.INS.348M3	1.0
Sniffles2.DEL.197M13	1.0
Sniffles2.INS.31BM1	1.0
Sniffles2.DEL.4DM12	1.0
Sniffles2.DEL.465M5	1.0
Sniffles2.INS.364M8	1.0
Sniffles2.DEL.2DCM0	1.0
Sniffles2.INS.F7M9	1.0
Sniffles2.INS.4D5M3	1.0
Sniffles2.DEL.57DM0	1.0
Sniffles2.INS.1DM2	1.0
Sniffles2.DEL.2B3M15	1.0
Sniffles2.DEL.191M5	1.0
Sniffles2.INS.4ECM0	1.0
Sniffles2.DEL.1CM7	1.0
Sniffles2.DEL.105MB	1.0
Sniffles2.INS.1EDM0	1.0
Sniffles2.INS.411M6	1.0
Sniffles2.INS.265M7	1.0
Sniffles2.INS.1FAMF	1.0
Sniffles2.INS.532M6	1.0
Sniffles2.DEL.3A3M6	1.0
Sniffles2.INS.BEM7	1.0
Sniffles2.INS.3F4M6	1.0
Sniffles2.DEL.355M0	1.0
Sniffles2.DEL.26BM9	1.0
Sniffles2.DEL.36CM0	1.0
Sniffles2.INS.5F3M0	1.0
Sniffles2.DEL.354M2	1.0
Sniffles2.DEL.1A4M1	1.0
Sniffles2.INS.1D6M12	1.0
Sniffles2.INS.47DM10	1.0
Sniffles2.INS.13BM1	1.0
Sniffles2.INS.167M2	1.0
Sniffles2.DEL.1D2M1	1.0
Sniffles2.DEL.51AM1	1.0
Sniffles2.INS.669M3	1.0
Sniffles2.INS.60M5	1.0
Sniffles2.DEL.2B8M10	1.0
Sniffles2.INS.582M4	1.0
Sniffles2.DEL.167MD	1.0
Sniffles2.DEL.356M7	1.0
Sniffles2.INS.406M9	1.0
Sniffles2.INS.3A4M4	1.0
Sniffles2.INS.2DAM2	1.0
Sniffles2.INS.2F8MF	1.0
Sniffles2.INS.532M1	1.0
Sniffles2.INS.78AM1	1.0
Sniffles2.INS.E7M6	1.0
Sniffles2.INS.2C5M11	1.0
Sniffles2.DEL.39M4	1.0
Sniffles2.DEL.2B5M5	1.0
Sniffles2.DEL.20DM10	1.0
Sniffles2.DEL.399M2	1.0
Sniffles2.INS.12EMF	1.0
Sniffles2.INS.630M6	1.0
Sniffles2.DEL.424MB	1.0
Sniffles2.INS.449M8	1.0
Sniffles2.DEL.16DMD	1.0
Sniffles2.INS.254M8	1.0
Sniffles2.DEL.5A6M0	1.0
Sniffles2.DEL.237M17	1.0
Sniffles2.INS.186MF	1.0
Sniffles2.DEL.43M9	1.0
Sniffles2.DEL.31FM13	1.0
Sniffles2.DEL.37AM2	1.0
Sniffles2.INS.419M5	1.0
Sniffles2.INS.207M10	1.0
Sniffles2.DEL.29AM3	1.0
Sniffles2.INS.4A7M16	1.0
Sniffles2.DEL.452M10	1.0
Sniffles2.INS.366M3	1.0
Sniffles2.INS.3A3MB	1.0
Sniffles2.INS.B6M5	1.0
Sniffles2.DEL.2BEM15	1.0
Sniffles2.DEL.292MD	1.0
Sniffles2.INS.480M6	1.0
Sniffles2.INS.31DMA	1.0
Sniffles2.DEL.1D5MA	1.0
Sniffles2.INS.211M13	1.0
Sniffles2.DEL.89M5	1.0
Sniffles2.DEL.137M3	1.0
Sniffles2.INS.BM4	1.0
Sniffles2.DEL.344M11	1.0
Sniffles2.DEL.2E5M4	1.0
Sniffles2.DEL.4AFM9	1.0
Sniffles2.INS.158M3	1.0
Sniffles2.DEL.688M6	1.0
Sniffles2.INS.241M8	1.0
Sniffles2.INS.236M2	1.0
Sniffles2.INS.450M13	1.0
Sniffles2.INS.1F7MA	1.0
Sniffles2.INS.333MA	1.0
Sniffles2.INS.4A2M1	1.0
Sniffles2.DEL.28AMA	1.0
Sniffles2.INS.252M15	1.0
Sniffles2.DEL.676M3	1.0
Sniffles2.DEL.68M11	1.0
Sniffles2.INS.A1M0	1.0
Sniffles2.INS.313M10	1.0
Sniffles2.DEL.50FM5	1.0
Sniffles2.INS.110M10	1.0
Sniffles2.INS.2A0MA	1.0
Sniffles2.INS.17CME	1.0
Sniffles2.INS.5EM0	1.0
Sniffles2.DEL.5M16	1.0
Sniffles2.DEL.3E6MB	1.0
Sniffles2.INS.41AM2	1.0
Sniffles2.INS.46EM6	1.0
Sniffles2.DEL.EDM6	1.0
Sniffles2.DEL.17CM15	1.0
Sniffles2.DEL.442M9	1.0
Sniffles2.DEL.2E6M5	1.0
Sniffles2.INS.156ME	1.0
Sniffles2.DEL.1E9M16	1.0
Sniffles2.INS.79MD	1.0
Sniffles2.DEL.1AEM7	1.0
Sniffles2.INS.6EMF	1.0
Sniffles2.DEL.39M3	1.0
Sniffles2.DEL.161ME	1.0
Sniffles2.INS.391MF	1.0
Sniffles2.INS.324M5	1.0
Sniffles2.INS.328M11	1.0
Sniffles2.INS.57CM5	1.0
Sniffles2.DEL.223ME	1.0
Sniffles2.INS.2EEMA	1.0
Sniffles2.DEL.148M9	1.0
Sniffles2.DEL.7DM3	1.0
Sniffles2.INS.314M1	1.0
Sniffles2.DEL.263M16	1.0
Sniffles2.INS.2D5M16	1.0
Sniffles2.INS.121M10	1.0
Sniffles2.DEL.1A6MB	1.0
Sniffles2.DEL.196M12	1.0
Sniffles2.DEL.391MA	1.0
Sniffles2.DEL.4AM6	1.0
Sniffles2.DEL.176M14	1.0
Sniffles2.INS.1D7MA	1.0
Sniffles2.INS.16M13	1.0
Sniffles2.INS.7AMB	1.0
Sniffles2.INS.2B5M11	1.0
Sniffles2.INS.18M11	1.0
Sniffles2.INS.10CM4	1.0
Sniffles2.DEL.2C6M3	1.0
Sniffles2.DEL.2ADM14	1.0
Sniffles2.INS.D2MC	1.0
Sniffles2.DEL.292M3	1.0
Sniffles2.INS.1EFM5	1.0
Sniffles2.DEL.43DM16	1.0
Sniffles2.DEL.5D7M6	1.0
Sniffles2.INS.1DDM3	1.0
Sniffles2.DEL.206MD	1.0
Sniffles2.INS.414M13	1.0
Sniffles2.DEL.240M4	1.0
Sniffles2.DEL.1B5MC	1.0
Sniffles2.INS.225M9	1.0
Sniffles2.DEL.5FCM1	1.0
Sniffles2.INS.4A0M3	1.0
Sniffles2.INS.2E5M3	1.0
Sniffles2.DEL.F9MB	1.0
Sniffles2.DEL.19EMA	1.0
Sniffles2.INS.2DFM1	1.0
Sniffles2.DEL.95M5	1.0
Sniffles2.INS.4B0M8	1.0
Sniffles2.DEL.530M0	1.0
Sniffles2.DEL.4D3M5	1.0
Sniffles2.INS.57CM9	1.0
Sniffles2.DEL.B8M8	1.0
Sniffles2.INS.1CDM13	1.0
Sniffles2.INS.2FDMC	1.0
Sniffles2.INS.273M10	1.0
Sniffles2.DEL.386M0	1.0
Sniffles2.DEL.113MC	1.0
Sniffles2.DEL.53EM1	1.0
Sniffles2.INS.3BFM0	1.0
Sniffles2.INS.1F6M15	1.0
Sniffles2.DEL.19FM14	1.0
Sniffles2.DEL.275M7	1.0
Sniffles2.INS.335M13	1.0
Sniffles2.INS.37EM10	1.0
Sniffles2.DEL.604M1	1.0
Sniffles2.INS.13CMD	1.0
Sniffles2.INS.22AM2	1.0
Sniffles2.DEL.46AMB	1.0
Sniffles2.DEL.336ME	1.0
Sniffles2.INS.2C4M5	1.0
Sniffles2.INS.1FM6	1.0
Sniffles2.INS.9AMF	1.0
Sniffles2.DEL.185M4	1.0
Sniffles2.DEL.13EMB	1.0
Sniffles2.DEL.19AMA	1.0
Sniffles2.INS.85AM0	1.0
Sniffles2.DEL.1E3MA	1.0
Sniffles2.DEL.2BAM12	1.0
Sniffles2.INS.13FM9	1.0
Sniffles2.INS.ADM5	1.0
Sniffles2.DEL.A0M12	1.0
Sniffles2.DEL.11AM9	1.0
Sniffles2.DEL.2F3M1	1.0
Sniffles2.INS.45FM5	1.0
Sniffles2.DEL.52DM4	1.0
Sniffles2.INS.2CEM3	1.0
Sniffles2.DEL.6A2M3	1.0
Sniffles2.DEL.5F6M0	1.0
Sniffles2.INS.1D1M8	1.0
Sniffles2.DEL.406M1	1.0
Sniffles2.DEL.308MC	1.0
Sniffles2.INS.2C4M13	1.0
Sniffles2.DEL.26BM7	1.0
Sniffles2.DEL.3FDM1	1.0
Sniffles2.DEL.2A0M15	1.0
Sniffles2.INS.D0M8	1.0
Sniffles2.DEL.31CMF	1.0
Sniffles2.DEL.635M3	1.0
Sniffles2.INS.27FM0	1.0
Sniffles2.DEL.12AM7	1.0
Sniffles2.INS.407M13	1.0
Sniffles2.INS.544M0	1.0
Sniffles2.DEL.513M6	1.0
Sniffles2.DEL.522M5	1.0
Sniffles2.DEL.70M12	1.0
Sniffles2.INS.46FM2	1.0
Sniffles2.INS.10FM10	1.0
Sniffles2.INS.15FM8	1.0
Sniffles2.DEL.224M13	1.0
Sniffles2.INS.5D6M6	1.0
Sniffles2.DEL.1CCM0	1.0
Sniffles2.INS.3C1M5	1.0
Sniffles2.INS.1FM7	1.0
Sniffles2.DEL.A6ME	1.0
Sniffles2.INS.5BAM6	1.0
Sniffles2.INS.2BFMC	1.0
Sniffles2.INS.2A6M9	1.0
Sniffles2.DEL.146MC	1.0
Sniffles2.INS.13ME	1.0
Sniffles2.INS.52FM9	1.0
Sniffles2.INS.711M1	1.0
Sniffles2.INS.2E4M8	1.0
Sniffles2.DEL.34DM7	1.0
Sniffles2.DEL.411M10	1.0
Sniffles2.INS.858M0	1.0
Sniffles2.INS.DDMB	1.0
Sniffles2.DEL.7D3M0	1.0
Sniffles2.INS.267M10	1.0
Sniffles2.DEL.123MA	1.0
Sniffles2.INS.2F7M12	1.0
Sniffles2.INS.30AM12	1.0
Sniffles2.INS.3BBM11	1.0
Sniffles2.DEL.14BMF	1.0
Sniffles2.INS.28BM9	1.0
Sniffles2.DEL.2AFMD	1.0
Sniffles2.INS.161MF	1.0
Sniffles2.DEL.3B3M10	1.0
Sniffles2.DEL.1B6M3	1.0
Sniffles2.INS.2C2M3	1.0
Sniffles2.INS.25AM12	1.0
Sniffles2.INS.61AM0	1.0
Sniffles2.DEL.22DMC	1.0
Sniffles2.INS.115M0	1.0
Sniffles2.DEL.38FM7	1.0
Sniffles2.INS.460M7	1.0
Sniffles2.DEL.675M4	1.0
Sniffles2.INS.1D4M9	1.0
Sniffles2.INS.43AM5	1.0
Sniffles2.DEL.28EMB	1.0
Sniffles2.INS.4E0M1	1.0
Sniffles2.INS.2FCMA	1.0
Sniffles2.DEL.2DBM11	1.0
Sniffles2.INS.2DBM2	1.0
Sniffles2.INS.2D8M8	1.0
Sniffles2.DEL.329M6	1.0
Sniffles2.DEL.547M4	1.0
Sniffles2.DEL.32BMC	1.0
Sniffles2.DEL.38MA	1.0
Sniffles2.DEL.330M4	1.0
Sniffles2.INS.117M3	1.0
Sniffles2.INS.6C1M1	1.0
Sniffles2.INS.30FME	1.0
Sniffles2.INS.2D4M5	1.0
Sniffles2.INS.344MF	1.0
Sniffles2.DEL.4AEM3	1.0
Sniffles2.INS.21FMC	1.0
Sniffles2.DEL.750M0	1.0
Sniffles2.INS.2D2M1	1.0
Sniffles2.INS.135M2	1.0
Sniffles2.INS.48AM10	1.0
Sniffles2.INS.143M3	1.0
Sniffles2.DEL.2F8M11	1.0
Sniffles2.INS.5ADM6	1.0
Sniffles2.DEL.AEMD	1.0
Sniffles2.DEL.45M12	1.0
Sniffles2.DEL.2ADM16	1.0
Sniffles2.DEL.620M6	1.0
Sniffles2.DEL.33MA	1.0
Sniffles2.INS.4C8MA	1.0
Sniffles2.DEL.8BM14	1.0
Sniffles2.INS.2BFM1	1.0
Sniffles2.DEL.316M2	1.0
Sniffles2.DEL.432M10	1.0
Sniffles2.INS.284M7	1.0
Sniffles2.INS.416M6	1.0
Sniffles2.DEL.408M8	1.0
Sniffles2.DEL.373M13	1.0
Sniffles2.INS.619M0	1.0
Sniffles2.DEL.1CM14	1.0
Sniffles2.INS.5BAM0	1.0
Sniffles2.DEL.19FM1	1.0
Sniffles2.DEL.133M15	1.0
Sniffles2.INS.3AAMC	1.0
Sniffles2.INS.145M3	1.0
Sniffles2.INS.338M4	1.0
Sniffles2.DEL.9FM11	1.0
Sniffles2.INS.3DBM13	1.0
Sniffles2.INS.298M16	1.0
Sniffles2.DEL.396M8	1.0
Sniffles2.INS.4CM5	1.0
Sniffles2.DEL.1B4M3	1.0
Sniffles2.INS.2A7M10	1.0
Sniffles2.INS.1A2M5	1.0
Sniffles2.DEL.33EM7	1.0
Sniffles2.INS.5B7M1	1.0
Sniffles2.INS.340ME	1.0
Sniffles2.DEL.3BM3	1.0
Sniffles2.INS.312M16	1.0
Sniffles2.INS.302M1	1.0
Sniffles2.INS.54FM1	1.0
Sniffles2.INS.394M8	1.0
Sniffles2.DEL.49FM5	1.0
Sniffles2.DEL.291ME	1.0
Sniffles2.INS.4E9M8	1.0
Sniffles2.INS.319M12	1.0
Sniffles2.INS.D6M3	1.0
Sniffles2.DEL.633M6	1.0
Sniffles2.DEL.333M0	1.0
Sniffles2.DEL.4AAM5	1.0
Sniffles2.INS.ECMC	1.0
Sniffles2.INS.210M0	1.0
Sniffles2.INS.156MB	1.0
Sniffles2.INS.1C4MD	1.0
Sniffles2.DEL.35DM2	1.0
Sniffles2.DEL.E4MB	1.0
Sniffles2.INS.3E1M7	1.0
Sniffles2.INS.2F3MF	1.0
Sniffles2.DEL.169M7	1.0
Sniffles2.DEL.444M0	1.0
Sniffles2.INS.107M8	1.0
Sniffles2.DEL.38BM1	1.0
Sniffles2.DEL.5DM9	1.0
Sniffles2.INS.1E6MA	1.0
Sniffles2.INS.2D9MB	1.0
Sniffles2.INS.5B8M0	1.0
Sniffles2.DEL.243ME	1.0
Sniffles2.DEL.254M6	1.0
Sniffles2.INS.ECM1	1.0
Sniffles2.DEL.2A8ME	1.0
Sniffles2.DEL.3B9M12	1.0
Sniffles2.INS.164M1	1.0
Sniffles2.INS.8EM2	1.0
Sniffles2.INS.3C6M7	1.0
Sniffles2.DEL.265M1	1.0
Sniffles2.DEL.374M7	1.0
Sniffles2.INS.406M7	1.0
Sniffles2.DEL.1B8MC	1.0
Sniffles2.DEL.347MC	1.0
Sniffles2.INS.278M1	1.0
Sniffles2.DEL.576M1	1.0
Sniffles2.INS.273M8	1.0
Sniffles2.DEL.109ME	1.0
Sniffles2.DEL.17M2	1.0
Sniffles2.INS.164M10	1.0
Sniffles2.DEL.297M10	1.0
Sniffles2.DEL.136M3	1.0
Sniffles2.INS.358M0	1.0
Sniffles2.INS.1D7M15	1.0
Sniffles2.DEL.9DM5	1.0
Sniffles2.INS.2B1MB	1.0
Sniffles2.DEL.319MF	1.0
Sniffles2.INS.F2M8	1.0
Sniffles2.INS.443M13	1.0
Sniffles2.INS.349M13	1.0
Sniffles2.INS.1F4M8	1.0
Sniffles2.DEL.EBM15	1.0
Sniffles2.DEL.6CBM1	1.0
Sniffles2.DEL.24AMB	1.0
Sniffles2.INS.D5M14	1.0
Sniffles2.INS.2E9MA	1.0
Sniffles2.INS.15EM4	1.0
Sniffles2.DEL.1CDM10	1.0
Sniffles2.DEL.30FM0	1.0
Sniffles2.DEL.181M5	1.0
Sniffles2.INS.27CM5	1.0
Sniffles2.DEL.588M1	1.0
Sniffles2.DEL.11CM4	1.0
Sniffles2.INS.3CCM10	1.0
Sniffles2.INS.16FM12	1.0
Sniffles2.DEL.236M0	1.0
Sniffles2.DEL.1DM4	1.0
Sniffles2.DEL.41EM10	1.0
Sniffles2.INS.37BM7	1.0
Sniffles2.DEL.12AM5	1.0
Sniffles2.INS.391M5	1.0
Sniffles2.DEL.30DM6	1.0
Sniffles2.INS.40AMA	1.0
Sniffles2.DEL.316M16	1.0
Sniffles2.DEL.147MB	1.0
Sniffles2.INS.510M6	1.0
Sniffles2.INS.3FDM16	1.0
Sniffles2.DEL.1DAM14	1.0
Sniffles2.INS.636M3	1.0
Sniffles2.INS.6FM13	1.0
Sniffles2.DEL.AEM14	1.0
Sniffles2.INS.15DMC	1.0
Sniffles2.DEL.121M17	1.0
Sniffles2.INS.34AM2	1.0
Sniffles2.INS.567M3	1.0
Sniffles2.DEL.519M3	1.0
Sniffles2.INS.40CM9	1.0
Sniffles2.INS.4C4M8	1.0
Sniffles2.DEL.F5M10	1.0
Sniffles2.DEL.517M4	1.0
Sniffles2.DEL.4AFM2	1.0
Sniffles2.INS.C5M3	1.0
Sniffles2.INS.123M14	1.0
Sniffles2.DEL.1DBM9	1.0
Sniffles2.INS.395M7	1.0
Sniffles2.INS.45CM9	1.0
Sniffles2.INS.6FM9	1.0
Sniffles2.INS.134M4	1.0
Sniffles2.INS.723M0	1.0
Sniffles2.DEL.427M9	1.0
Sniffles2.DEL.479M1	1.0
Sniffles2.INS.6E1M0	1.0
Sniffles2.INS.597M9	1.0
Sniffles2.INS.2F8M14	1.0
Sniffles2.INS.1F4MA	1.0
Sniffles2.DEL.35ME	1.0
Sniffles2.INS.25CM11	1.0
Sniffles2.DEL.76M4	1.0
Sniffles2.DEL.2B6MC	1.0
Sniffles2.INS.3E4MC	1.0
Sniffles2.DEL.C6M5	1.0
Sniffles2.DEL.70DM0	1.0
Sniffles2.DEL.4D0M4	1.0
Sniffles2.INS.AAM12	1.0
Sniffles2.DEL.2A8M1	1.0
Sniffles2.INS.2BEMA	1.0
Sniffles2.DEL.71M14	1.0
Sniffles2.INS.B2MB	1.0
Sniffles2.INS.15FM9	1.0
Sniffles2.INS.2F2ME	1.0
Sniffles2.INS.2AFM15	1.0
Sniffles2.DEL.5E5M6	1.0
Sniffles2.INS.7DAM0	1.0
Sniffles2.DEL.40CM2	1.0
Sniffles2.DEL.608M0	1.0
Sniffles2.DEL.549M3	1.0
Sniffles2.INS.2F8M2	1.0
Sniffles2.DEL.43FM13	1.0
Sniffles2.INS.F6M8	1.0
Sniffles2.INS.27FM12	1.0
Sniffles2.DEL.373M4	1.0
Sniffles2.INS.FAMD	1.0
Sniffles2.DEL.1F9M15	1.0
Sniffles2.DEL.29AM11	1.0
Sniffles2.DEL.2C3MA	1.0
Sniffles2.INS.63M11	1.0
Sniffles2.INS.92M13	1.0
Sniffles2.DEL.1EBMC	1.0
Sniffles2.INS.8FM13	1.0
Sniffles2.INS.2BBM16	1.0
Sniffles2.INS.152M12	1.0
Sniffles2.DEL.450M1	1.0
Sniffles2.INS.21FM4	1.0
Sniffles2.DEL.205MD	1.0
Sniffles2.INV.37BM12	1.0
Sniffles2.INS.1E9M14	1.0
Sniffles2.INS.329MC	1.0
Sniffles2.DEL.1BM6	1.0
Sniffles2.DEL.3DFM8	1.0
Sniffles2.DEL.460M8	1.0
Sniffles2.DEL.257M9	1.0
Sniffles2.INS.60EM1	1.0
Sniffles2.DEL.117M5	1.0
Sniffles2.INS.7B1M0	1.0
Sniffles2.INS.7BBM0	1.0
Sniffles2.INS.188M2	1.0
Sniffles2.INS.5E4M9	1.0
Sniffles2.DEL.1DBM1	1.0
Sniffles2.INS.559M3	1.0
Sniffles2.INS.2F8M4	1.0
Sniffles2.INS.416MB	1.0
Sniffles2.INS.270MC	1.0
Sniffles2.INS.14FM12	1.0
Sniffles2.INS.BDM5	1.0
Sniffles2.INS.11BM6	1.0
Sniffles2.DEL.1B5ME	1.0
Sniffles2.INS.11CM6	1.0
Sniffles2.INS.302M7	1.0
Sniffles2.DEL.57AM9	1.0
Sniffles2.INS.19FMB	1.0
Sniffles2.DEL.258M6	1.0
Sniffles2.DEL.466M13	1.0
Sniffles2.DEL.5A4M5	1.0
Sniffles2.DEL.265M15	1.0
Sniffles2.INS.3ABM7	1.0
Sniffles2.DEL.6B5M6	1.0
Sniffles2.DEL.75BM0	1.0
Sniffles2.DEL.83M6	1.0
Sniffles2.DEL.317M9	1.0
Sniffles2.INS.2A1M3	1.0
Sniffles2.INS.2F6M3	1.0
Sniffles2.DEL.154M4	1.0
Sniffles2.INS.2CDMC	1.0
Sniffles2.DEL.343M2	1.0
Sniffles2.DEL.14FMF	1.0
Sniffles2.DEL.499M3	1.0
Sniffles2.INS.352MA	1.0
Sniffles2.INS.355M11	1.0
Sniffles2.DEL.364M4	1.0
Sniffles2.INS.1D2M7	1.0
Sniffles2.DEL.207MB	1.0
Sniffles2.DEL.16FM4	1.0
Sniffles2.DEL.5B7M5	1.0
Sniffles2.INS.54EM4	1.0
Sniffles2.DEL.FAM15	1.0
Sniffles2.DEL.95M10	1.0
Sniffles2.INS.6CM9	1.0
Sniffles2.INS.16FM15	1.0
Sniffles2.DEL.1A2MF	1.0
Sniffles2.DEL.126M1	1.0
Sniffles2.INS.525M4	1.0
Sniffles2.DEL.211M2	1.0
Sniffles2.INS.330M16	1.0
Sniffles2.INS.3CFM3	1.0
Sniffles2.INS.27FM16	1.0
Sniffles2.INS.1BEME	1.0
Sniffles2.DEL.335M4	1.0
Sniffles2.INS.55DM6	1.0
Sniffles2.DEL.194MB	1.0
Sniffles2.INS.215M11	1.0
Sniffles2.DEL.2D5MB	1.0
Sniffles2.DEL.1D8M4	1.0
Sniffles2.INS.187M1	1.0
Sniffles2.INS.264M11	1.0
Sniffles2.DEL.222M8	1.0
Sniffles2.DEL.39CM0	1.0
Sniffles2.INS.40BM16	1.0
Sniffles2.DEL.2CCM15	1.0
Sniffles2.DEL.93MF	1.0
Sniffles2.DEL.7BAM1	1.0
Sniffles2.INS.136MF	1.0
Sniffles2.INS.1AM11	1.0
Sniffles2.DEL.1CM6	1.0
Sniffles2.INS.558M0	1.0
Sniffles2.DEL.1FEM7	1.0
Sniffles2.DEL.57M10	1.0
Sniffles2.INS.33BM13	1.0
Sniffles2.DEL.146M7	1.0
Sniffles2.DEL.39CM7	1.0
Sniffles2.INS.9BMA	1.0
Sniffles2.DEL.414M3	1.0
Sniffles2.INS.DCMC	1.0
Sniffles2.INS.273M15	1.0
Sniffles2.DEL.342MB	1.0
Sniffles2.DEL.678M0	1.0
Sniffles2.INS.40BMA	1.0
Sniffles2.DEL.340M13	1.0
Sniffles2.DEL.282MB	1.0
Sniffles2.INS.4A5M13	1.0
Sniffles2.INS.146M10	1.0
Sniffles2.DEL.101M10	1.0
Sniffles2.INS.1A4M13	1.0
Sniffles2.DEL.72BM0	1.0
Sniffles2.DEL.1ADMB	1.0
Sniffles2.INS.3C3M7	1.0
Sniffles2.INS.E2M3	1.0
Sniffles2.DEL.6C0M1	1.0
Sniffles2.DEL.310M1	1.0
Sniffles2.INS.A1M7	1.0
Sniffles2.DEL.149M4	1.0
Sniffles2.INS.23BM1	1.0
Sniffles2.INS.190M9	1.0
Sniffles2.DEL.3CDM3	1.0
Sniffles2.INS.16CMB	1.0
Sniffles2.DEL.433M13	1.0
Sniffles2.DEL.235MB	1.0
Sniffles2.INS.37DM7	1.0
Sniffles2.DEL.5CM9	1.0
Sniffles2.INS.31EM10	1.0
Sniffles2.DEL.261M1	1.0
Sniffles2.INS.3CDMB	1.0
Sniffles2.INS.218M13	1.0
Sniffles2.DEL.580M9	1.0
Sniffles2.DEL.34AMC	1.0
Sniffles2.INS.6F1M0	1.0
Sniffles2.DEL.189M10	1.0
Sniffles2.INS.33DM1	1.0
Sniffles2.INS.20CM13	1.0
Sniffles2.INS.3ADM2	1.0
Sniffles2.INS.3B9M13	1.0
Sniffles2.DEL.5E5M0	1.0
Sniffles2.INS.60M9	1.0
Sniffles2.DEL.26FM12	1.0
Sniffles2.DEL.53CM2	1.0
Sniffles2.DEL.3ABM12	1.0
Sniffles2.DEL.56EM6	1.0
Sniffles2.INS.33FM8	1.0
Sniffles2.INS.3FFM9	1.0
Sniffles2.DEL.C1MB	1.0
Sniffles2.DEL.35EMB	1.0
Sniffles2.INS.C6M6	1.0
Sniffles2.INS.19BM4	1.0
Sniffles2.DEL.D7M12	1.0
Sniffles2.DEL.665M6	1.0
Sniffles2.INS.124MF	1.0
Sniffles2.DEL.2A6M3	1.0
Sniffles2.DEL.512M2	1.0
Sniffles2.DEL.2E4ME	1.0
Sniffles2.INS.1E5MF	1.0
Sniffles2.DEL.7CM4	1.0
Sniffles2.DEL.1C3M7	1.0
Sniffles2.DEL.93M13	1.0
Sniffles2.DEL.4CM0	1.0
Sniffles2.INS.394M1	1.0
Sniffles2.INS.178MD	1.0
Sniffles2.INS.338M13	1.0
Sniffles2.INS.2EDM0	1.0
Sniffles2.DEL.730M1	1.0
Sniffles2.INS.19BM6	1.0
Sniffles2.INS.13M12	1.0
Sniffles2.DEL.90M1	1.0
Sniffles2.INS.30EM3	1.0
Sniffles2.INS.338M9	1.0
Sniffles2.INS.1EBM4	1.0
Sniffles2.INS.EM9	1.0
Sniffles2.INS.40CM8	1.0
Sniffles2.DEL.9EME	1.0
Sniffles2.DEL.314M7	1.0
Sniffles2.DEL.28AM8	1.0
Sniffles2.DEL.F4MB	1.0
Sniffles2.DEL.24DM15	1.0
Sniffles2.DEL.12M7	1.0
Sniffles2.DEL.7AFM1	1.0
Sniffles2.INS.363MC	1.0
Sniffles2.DEL.B2M11	1.0
Sniffles2.INS.138M15	1.0
Sniffles2.INS.209M1	1.0
Sniffles2.DEL.26BM14	1.0
Sniffles2.INS.1AFMD	1.0
Sniffles2.DEL.3CM17	1.0
Sniffles2.DEL.3D7M6	1.0
Sniffles2.DEL.3CAM1	1.0
Sniffles2.INS.466MA	1.0
Sniffles2.INS.468M5	1.0
Sniffles2.INS.309M12	1.0
Sniffles2.INS.497M6	1.0
Sniffles2.DEL.171M7	1.0
Sniffles2.INS.495M7	1.0
Sniffles2.INS.18DM3	1.0
Sniffles2.DEL.4ACM9	1.0
Sniffles2.INS.13MF	1.0
Sniffles2.INS.30EM10	1.0
Sniffles2.DEL.92M11	1.0
Sniffles2.DEL.327M7	1.0
Sniffles2.INS.439M5	1.0
Sniffles2.DEL.13DM10	1.0
Sniffles2.INS.2B9MC	1.0
Sniffles2.DEL.34EM10	1.0
Sniffles2.INS.6DM5	1.0
Sniffles2.DEL.69M13	1.0
Sniffles2.INS.598M4	1.0
Sniffles2.DEL.42M8	1.0
Sniffles2.DEL.A1M10	1.0
Sniffles2.DEL.3E5M9	1.0
Sniffles2.INS.3C6M8	1.0
Sniffles2.DEL.59CM3	1.0
Sniffles2.DEL.46M17	1.0
Sniffles2.INS.3CBM8	1.0
Sniffles2.DEL.1E4M6	1.0
Sniffles2.INS.5D7M0	1.0
Sniffles2.INS.1DBM2	1.0
Sniffles2.INS.471M8	1.0
Sniffles2.INS.35CM9	1.0
Sniffles2.INS.10FM12	1.0
Sniffles2.DEL.C9M17	1.0
Sniffles2.DEL.538M2	1.0
Sniffles2.DEL.89M9	1.0
Sniffles2.DEL.B7M6	1.0
Sniffles2.INS.590M0	1.0
Sniffles2.INS.29CMC	1.0
Sniffles2.DEL.2DDM15	1.0
Sniffles2.INS.12FM7	1.0
Sniffles2.DEL.3E6M5	1.0
Sniffles2.DEL.366M4	1.0
Sniffles2.INS.1A2M6	1.0
Sniffles2.DEL.529M1	1.0
Sniffles2.INS.376M5	1.0
Sniffles2.INS.28BM3	1.0
Sniffles2.DEL.A8M17	1.0
Sniffles2.INS.2C8M3	1.0
Sniffles2.INS.35BM11	1.0
Sniffles2.DEL.2F7M2	1.0
Sniffles2.INS.306MC	1.0
Sniffles2.INS.113M0	1.0
Sniffles2.DEL.1EEM7	1.0
Sniffles2.INS.442M10	1.0
Sniffles2.DEL.184MB	1.0
Sniffles2.DEL.A5M11	1.0
Sniffles2.INS.4A5M8	1.0
Sniffles2.DEL.1E3M12	1.0
Sniffles2.INS.2BAMA	1.0
Sniffles2.INS.221MB	1.0
Sniffles2.DEL.1DM14	1.0
Sniffles2.INS.4ECM9	1.0
Sniffles2.DEL.1D4M12	1.0
Sniffles2.INS.2C6MC	1.0
Sniffles2.INS.3FDM8	1.0
Sniffles2.INS.3FFM2	1.0
Sniffles2.INS.47DM3	1.0
Sniffles2.DEL.396M1	1.0
Sniffles2.DEL.4B8M0	1.0
Sniffles2.INS.44AM8	1.0
Sniffles2.DEL.664M1	1.0
Sniffles2.INS.652M4	1.0
Sniffles2.INS.107M11	1.0
Sniffles2.INS.473M2	1.0
Sniffles2.INS.3B1M6	1.0
Sniffles2.INS.24DMC	1.0
Sniffles2.INS.688M0	1.0
Sniffles2.INS.477M9	1.0
Sniffles2.DEL.6BEM0	1.0
Sniffles2.INS.437M8	1.0
Sniffles2.INS.16EMA	1.0
Sniffles2.INS.370M2	1.0
Sniffles2.DEL.134M14	1.0
Sniffles2.DEL.138MA	1.0
Sniffles2.INS.4BBM9	1.0
Sniffles2.DEL.2A7MF	1.0
Sniffles2.INS.BBMA	1.0
Sniffles2.DEL.5E6M1	1.0
Sniffles2.INS.91M3	1.0
Sniffles2.DEL.19AM13	1.0
Sniffles2.INS.F6M2	1.0
Sniffles2.INS.3C8M3	1.0
Sniffles2.INS.D7MC	1.0
Sniffles2.DEL.12BM2	1.0
Sniffles2.INS.E9MC	1.0
Sniffles2.DEL.198M15	1.0
Sniffles2.DEL.6ACM1	1.0
Sniffles2.DEL.42CM1	1.0
Sniffles2.DEL.175M14	1.0
Sniffles2.INS.3ECM13	1.0
Sniffles2.INS.1DCM6	1.0
Sniffles2.INS.9FMB	1.0
Sniffles2.INS.4B9M2	1.0
Sniffles2.INS.32CM14	1.0
Sniffles2.DEL.3C5M10	1.0
Sniffles2.INS.529M5	1.0
Sniffles2.INS.436MB	1.0
Sniffles2.DEL.42MD	1.0
Sniffles2.INS.4E3MA	1.0
Sniffles2.DEL.9DM0	1.0
Sniffles2.DEL.2E6M12	1.0
Sniffles2.DEL.1ACMD	1.0
Sniffles2.INS.309M11	1.0
Sniffles2.INS.C2MA	1.0
Sniffles2.INS.454M6	1.0
Sniffles2.INS.835M0	1.0
Sniffles2.INS.2C1M16	1.0
Sniffles2.INS.55MB	1.0
Sniffles2.INS.58CM6	1.0
Sniffles2.INS.B8M1	1.0
Sniffles2.INS.6AM6	1.0
Sniffles2.INS.1DFM0	1.0
Sniffles2.DEL.3F7MA	1.0
Sniffles2.INS.114M15	1.0
Sniffles2.INS.2BM7	1.0
Sniffles2.INS.308M10	1.0
Sniffles2.DEL.11EMF	1.0
Sniffles2.INS.7BFM1	1.0
Sniffles2.DEL.C3ME	1.0
Sniffles2.INS.DBM4	1.0
Sniffles2.DEL.13DM5	1.0
Sniffles2.INS.242M11	1.0
Sniffles2.INS.3F7M8	1.0
Sniffles2.DEL.324M10	1.0
Sniffles2.INS.50MB	1.0
Sniffles2.DEL.55FM3	1.0
Sniffles2.DEL.3DCM5	1.0
Sniffles2.DEL.1EBME	1.0
Sniffles2.INS.D0M2	1.0
Sniffles2.INS.402M10	1.0
Sniffles2.INS.157M13	1.0
Sniffles2.INS.60FM3	1.0
Sniffles2.DEL.211M11	1.0
Sniffles2.INS.4E1M5	1.0
Sniffles2.DEL.63EM1	1.0
Sniffles2.DEL.2FAM16	1.0
Sniffles2.INS.669M0	1.0
Sniffles2.DEL.1A0M4	1.0
Sniffles2.INS.29FM8	1.0
Sniffles2.INS.CDM13	1.0
Sniffles2.DEL.11BM4	1.0
Sniffles2.INS.2BAM3	1.0
Sniffles2.DEL.706M1	1.0
Sniffles2.INS.1CFM7	1.0
Sniffles2.INS.197M11	1.0
Sniffles2.DEL.1E4MC	1.0
Sniffles2.DEL.27CM0	1.0
Sniffles2.DEL.47AMA	1.0
Sniffles2.DEL.44CM10	1.0
Sniffles2.INS.36FM13	1.0
Sniffles2.DEL.139M15	1.0
Sniffles2.DEL.13FMB	1.0
Sniffles2.DEL.3FEM3	1.0
Sniffles2.DEL.2EAMA	1.0
Sniffles2.INS.138MF	1.0
Sniffles2.INS.33CM10	1.0
Sniffles2.DEL.FFM6	1.0
Sniffles2.DEL.160M11	1.0
Sniffles2.INS.1CAMD	1.0
Sniffles2.INS.318M8	1.0
Sniffles2.INS.2DAM12	1.0
Sniffles2.INS.32EM10	1.0
Sniffles2.INS.E6M3	1.0
Sniffles2.DEL.595M0	1.0
Sniffles2.INS.357M13	1.0
Sniffles2.INS.DFM2	1.0
Sniffles2.DEL.2C4ME	1.0
Sniffles2.INS.140M5	1.0
Sniffles2.INS.512M3	1.0
Sniffles2.DEL.515M5	1.0
Sniffles2.DEL.28AM14	1.0
Sniffles2.INS.249MA	1.0
Sniffles2.INS.0M1	1.0
Sniffles2.DEL.BBM15	1.0
Sniffles2.INS.75MF	1.0
Sniffles2.DEL.362M11	1.0
Sniffles2.INS.200M1	1.0
Sniffles2.DEL.E7M3	1.0
Sniffles2.DEL.4E6M3	1.0
Sniffles2.INS.2D9M16	1.0
Sniffles2.DEL.2E5M11	1.0
Sniffles2.INS.162MC	1.0
Sniffles2.INS.3F1M6	1.0
Sniffles2.DEL.1DAM3	1.0
Sniffles2.INS.3B2MB	1.0
Sniffles2.INS.338M0	1.0
Sniffles2.DEL.4D3M8	1.0
Sniffles2.DEL.278M14	1.0
Sniffles2.INS.4FMB	1.0
Sniffles2.INS.36AM7	1.0
Sniffles2.INS.ECMB	1.0
Sniffles2.INS.3FFM0	1.0
Sniffles2.DEL.329M3	1.0
Sniffles2.INS.88M8	1.0
Sniffles2.INS.448M5	1.0
Sniffles2.DEL.2BEM8	1.0
Sniffles2.DEL.43FM4	1.0
Sniffles2.INS.2D2MC	1.0
Sniffles2.INS.2A3M9	1.0
Sniffles2.INS.602M0	1.0
Sniffles2.INS.253M11	1.0
Sniffles2.DEL.4EM5	1.0
Sniffles2.DEL.377M5	1.0
Sniffles2.INS.141MA	1.0
Sniffles2.INS.633M4	1.0
Sniffles2.DEL.25FM10	1.0
Sniffles2.DEL.ACM13	1.0
Sniffles2.INS.1D3M0	1.0
Sniffles2.DEL.3D0M7	1.0
Sniffles2.DEL.EFM8	1.0
Sniffles2.DEL.3FDM10	1.0
Sniffles2.DEL.5EDM4	1.0
Sniffles2.INS.120M1	1.0
Sniffles2.INS.1AEM0	1.0
Sniffles2.INS.40EM1	1.0
Sniffles2.INS.154M1	1.0
Sniffles2.DEL.1E5M0	1.0
Sniffles2.INS.19M13	1.0
Sniffles2.DEL.329M12	1.0
Sniffles2.DEL.3BEM8	1.0
Sniffles2.INS.4ECMB	1.0
Sniffles2.INS.333M13	1.0
Sniffles2.DEL.36AM5	1.0
Sniffles2.DEL.677M4	1.0
Sniffles2.INS.44BMA	1.0
Sniffles2.INS.AEM5	1.0
Sniffles2.DEL.291M12	1.0
Sniffles2.INS.56FM1	1.0
Sniffles2.DEL.FBMA	1.0
Sniffles2.INS.2DM5	1.0
Sniffles2.DEL.418M2	1.0
Sniffles2.DEL.1FBM1	1.0
Sniffles2.INS.701M0	1.0
Sniffles2.INS.191M0	1.0
Sniffles2.INS.317M0	1.0
Sniffles2.INS.5BEM3	1.0
Sniffles2.DEL.EEM12	1.0
Sniffles2.INS.20AM10	1.0
Sniffles2.DEL.13DM15	1.0
Sniffles2.INS.44DM9	1.0
Sniffles2.INS.349M5	1.0
Sniffles2.DEL.1CDM7	1.0
Sniffles2.INS.4F7M5	1.0
Sniffles2.INS.692M6	1.0
Sniffles2.INS.3A3M9	1.0
Sniffles2.INS.3CFM5	1.0
Sniffles2.INS.5BM12	1.0
Sniffles2.DEL.39MA	1.0
Sniffles2.INS.3E8MA	1.0
Sniffles2.INS.3F3MB	1.0
Sniffles2.INS.250M1	1.0
Sniffles2.DEL.37AM16	1.0
Sniffles2.DEL.5ADM9	1.0
Sniffles2.INS.3D3MF	1.0
Sniffles2.INS.49CM6	1.0
Sniffles2.DEL.16AMD	1.0
Sniffles2.INS.1FCME	1.0
Sniffles2.DEL.C3MC	1.0
Sniffles2.INS.448M1	1.0
Sniffles2.INS.2B5MF	1.0
Sniffles2.INS.5F1M6	1.0
Sniffles2.INS.38BM12	1.0
Sniffles2.DEL.477M13	1.0
Sniffles2.INS.2B1M16	1.0
Sniffles2.INS.101MF	1.0
Sniffles2.INS.71DM0	1.0
Sniffles2.DEL.364M10	1.0
Sniffles2.INS.DBM2	1.0
Sniffles2.INS.3FBM5	1.0
Sniffles2.INS.3A9M5	1.0
Sniffles2.DEL.169M12	1.0
Sniffles2.INS.615M9	1.0
Sniffles2.DEL.146M5	1.0
Sniffles2.DEL.1C4M13	1.0
Sniffles2.INS.B2MF	1.0
Sniffles2.INS.110ME	1.0
Sniffles2.DEL.67AM1	1.0
Sniffles2.DEL.1B3MD	1.0
Sniffles2.INS.1A1M13	1.0
Sniffles2.INS.1CM13	1.0
Sniffles2.DEL.3F8MB	1.0
Sniffles2.INS.44M1	1.0
Sniffles2.INS.313M6	1.0
Sniffles2.DEL.4CMA	1.0
Sniffles2.INS.3AM12	1.0
Sniffles2.DEL.176M11	1.0
Sniffles2.INS.F9M3	1.0
Sniffles2.DEL.791M0	1.0
Sniffles2.INS.1A7M5	1.0
Sniffles2.DEL.297M8	1.0
Sniffles2.DEL.19EME	1.0
Sniffles2.INS.6EEM1	1.0
Sniffles2.INS.43EM10	1.0
Sniffles2.DEL.4A9M0	1.0
Sniffles2.DEL.1ACME	1.0
Sniffles2.DEL.F3M10	1.0
Sniffles2.DEL.40DM5	1.0
Sniffles2.DEL.724M0	1.0
Sniffles2.INS.24FM11	1.0
Sniffles2.DEL.A0M9	1.0
Sniffles2.DEL.452M13	1.0
Sniffles2.INV.22BM8	1.0
Sniffles2.DEL.475M0	1.0
Sniffles2.INS.2F9M10	1.0
Sniffles2.INS.322M9	1.0
Sniffles2.INS.489M1	1.0
Sniffles2.DEL.32FM7	1.0
Sniffles2.DEL.270M5	1.0
Sniffles2.INS.199M7	1.0
Sniffles2.DEL.2C5M1	1.0
Sniffles2.DEL.22AM11	1.0
Sniffles2.DEL.C6M3	1.0
Sniffles2.INS.2B3M8	1.0
Sniffles2.INS.276M12	1.0
Sniffles2.INS.C9M14	1.0
Sniffles2.INS.3BDM11	1.0
Sniffles2.INS.308M2	1.0
Sniffles2.DEL.2FDMA	1.0
Sniffles2.INS.237M0	1.0
Sniffles2.DEL.449M5	1.0
Sniffles2.INS.109M15	1.0
Sniffles2.INS.696M1	1.0
Sniffles2.DEL.298M8	1.0
Sniffles2.INS.1BDM14	1.0
Sniffles2.INS.27EM1	1.0
Sniffles2.INS.2E0M10	1.0
Sniffles2.DEL.153M14	1.0
Sniffles2.DEL.6B8M0	1.0
Sniffles2.DEL.A5MA	1.0
Sniffles2.INS.2EFM13	1.0
Sniffles2.DEL.7EBM0	1.0
Sniffles2.DEL.69CM0	1.0
Sniffles2.INS.2E5M6	1.0
Sniffles2.DEL.155M12	1.0
Sniffles2.INS.30EM15	1.0
Sniffles2.INS.1ABM2	1.0
Sniffles2.INS.4C9M2	1.0
Sniffles2.DEL.C4MB	1.0
Sniffles2.DEL.3B7M6	1.0
Sniffles2.INS.7E4M1	1.0
Sniffles2.DEL.653M4	1.0
Sniffles2.INS.4A4M4	1.0
Sniffles2.INS.4ABM8	1.0
Sniffles2.INS.137MC	1.0
Sniffles2.DEL.265M5	1.0
Sniffles2.INS.28BMC	1.0
Sniffles2.DEL.485M3	1.0
Sniffles2.INS.81M3	1.0
Sniffles2.INS.E2M0	1.0
Sniffles2.DEL.55FM2	1.0
Sniffles2.INS.1FFM7	1.0
Sniffles2.DEL.543M1	1.0
Sniffles2.INS.1E7M4	1.0
Sniffles2.DEL.15MF	1.0
Sniffles2.INS.334M8	1.0
Sniffles2.DEL.5A6M1	1.0
Sniffles2.INS.20DM14	1.0
Sniffles2.DEL.3E8MB	1.0
Sniffles2.DEL.166M11	1.0
Sniffles2.DEL.31EM0	1.0
Sniffles2.DEL.502M5	1.0
Sniffles2.INS.279M12	1.0
Sniffles2.INS.1E5M7	1.0
Sniffles2.DEL.67DM4	1.0
Sniffles2.DEL.37AM0	1.0
Sniffles2.INS.29DM11	1.0
Sniffles2.DEL.1A6M4	1.0
Sniffles2.INS.CCMB	1.0
Sniffles2.INS.790M0	1.0
Sniffles2.INS.3A4M12	1.0
Sniffles2.INS.282M12	1.0
Sniffles2.DEL.1D8M3	1.0
Sniffles2.INS.D1MC	1.0
Sniffles2.INS.1A5MA	1.0
Sniffles2.INS.745M1	1.0
Sniffles2.DEL.F0M17	1.0
Sniffles2.INS.2AAMC	1.0
Sniffles2.DEL.169M3	1.0
Sniffles2.DEL.49CM9	1.0
Sniffles2.DEL.27BMC	1.0
Sniffles2.INS.2ECM6	1.0
Sniffles2.INS.652M1	1.0
Sniffles2.DEL.37BM8	1.0
Sniffles2.DEL.2FDMB	1.0
Sniffles2.INS.319M16	1.0
Sniffles2.INS.304M15	1.0
Sniffles2.DEL.69M5	1.0
Sniffles2.INS.64DM3	1.0
Sniffles2.INS.322M7	1.0
Sniffles2.DEL.1B1MB	1.0
Sniffles2.DEL.42CMC	1.0
Sniffles2.DEL.F7M13	1.0
Sniffles2.INS.402M8	1.0
Sniffles2.INS.23DM11	1.0
Sniffles2.DEL.12EM12	1.0
Sniffles2.INS.6A3M6	1.0
Sniffles2.INS.26FM10	1.0
Sniffles2.DEL.16AM1	1.0
Sniffles2.INS.1CEM1	1.0
Sniffles2.INS.173M2	1.0
Sniffles2.DEL.1C8M3	1.0
Sniffles2.DEL.563M3	1.0
Sniffles2.INS.5CM8	1.0
Sniffles2.DEL.29BMB	1.0
Sniffles2.DEL.1BDM8	1.0
Sniffles2.DEL.E1M7	1.0
Sniffles2.INS.3B9M3	1.0
Sniffles2.INS.122MC	1.0
Sniffles2.DEL.3E5MA	1.0
Sniffles2.INS.335M0	1.0
Sniffles2.INS.18EME	1.0
Sniffles2.DEL.DDMA	1.0
Sniffles2.DEL.123M9	1.0
Sniffles2.INS.15AM10	1.0
Sniffles2.INS.13DM9	1.0
Sniffles2.INS.65FM4	1.0
Sniffles2.INS.30EM11	1.0
Sniffles2.DEL.249M13	1.0
Sniffles2.INS.1C8M7	1.0
Sniffles2.DEL.1AFM13	1.0
Sniffles2.INS.17EM15	1.0
Sniffles2.DEL.1F5M7	1.0
Sniffles2.DEL.468M8	1.0
Sniffles2.INS.3BAM11	1.0
Sniffles2.INS.3B1M8	1.0
Sniffles2.INS.3E4M1	1.0
Sniffles2.INS.45CM16	1.0
Sniffles2.DEL.2B8M12	1.0
Sniffles2.INS.322M0	1.0
Sniffles2.DEL.51AM0	1.0
Sniffles2.INS.246M16	1.0
Sniffles2.INS.49FM13	1.0
Sniffles2.INS.129MA	1.0
Sniffles2.INS.AFM2	1.0
Sniffles2.INS.EAMC	1.0
Sniffles2.INS.4A9M2	1.0
Sniffles2.DEL.ECM17	1.0
Sniffles2.INS.435M7	1.0
Sniffles2.INS.2D3M1	1.0
Sniffles2.INS.540M4	1.0
Sniffles2.DEL.4BDM1	1.0
Sniffles2.DEL.1D6M16	1.0
Sniffles2.INS.1C1M7	1.0
Sniffles2.INS.2C0M12	1.0
Sniffles2.DEL.19MD	1.0
Sniffles2.DEL.24FM14	1.0
Sniffles2.DEL.2ABM8	1.0
Sniffles2.DEL.4CM13	1.0
Sniffles2.INS.3B6M10	1.0
Sniffles2.INS.2F4M0	1.0
Sniffles2.DEL.4DFM8	1.0
Sniffles2.DEL.339M0	1.0
Sniffles2.DEL.5CCM0	1.0
Sniffles2.INS.34AM3	1.0
Sniffles2.DEL.275M15	1.0
Sniffles2.INS.30DM12	1.0
Sniffles2.INS.2FCM7	1.0
Sniffles2.DEL.59DM6	1.0
Sniffles2.DEL.8AM6	1.0
Sniffles2.INS.41BM1	1.0
Sniffles2.INS.5F1M9	1.0
Sniffles2.INS.2A9M2	1.0
Sniffles2.DEL.3ABM16	1.0
Sniffles2.DEL.1EEMB	1.0
Sniffles2.INS.1E0MB	1.0
Sniffles2.DEL.38EM0	1.0
Sniffles2.INS.24DM17	1.0
Sniffles2.DEL.53DM9	1.0
Sniffles2.INS.7D6M0	1.0
Sniffles2.DEL.11DM4	1.0
Sniffles2.DEL.2C9M3	1.0
Sniffles2.INS.3E7MF	1.0
Sniffles2.DEL.28BM1	1.0
Sniffles2.INS.173M8	1.0
Sniffles2.DEL.452M6	1.0
Sniffles2.INS.339MB	1.0
Sniffles2.INS.DAMB	1.0
Sniffles2.INS.78BM1	1.0
Sniffles2.DEL.FEMA	1.0
Sniffles2.INS.50FM0	1.0
Sniffles2.DEL.FBMC	1.0
Sniffles2.INS.3C7MB	1.0
Sniffles2.INS.6DM13	1.0
Sniffles2.INS.135M8	1.0
Sniffles2.INS.6AM8	1.0
Sniffles2.INS.2EMF	1.0
Sniffles2.DEL.225MC	1.0
Sniffles2.INS.EEM9	1.0
Sniffles2.INS.2ACM1	1.0
Sniffles2.DEL.2BCM10	1.0
Sniffles2.DEL.410M4	1.0
Sniffles2.DEL.409M1	1.0
Sniffles2.INS.620M1	1.0
Sniffles2.DEL.181M7	1.0
Sniffles2.DEL.303M7	1.0
Sniffles2.DEL.3F2M10	1.0
Sniffles2.INS.3E9MA	1.0
Sniffles2.INS.230MA	1.0
Sniffles2.DEL.35AM4	1.0
Sniffles2.DEL.612M1	1.0
Sniffles2.DEL.3A6M3	1.0
Sniffles2.DEL.22M15	1.0
Sniffles2.DEL.3E2M2	1.0
Sniffles2.DEL.369M3	1.0
Sniffles2.INS.174M2	1.0
Sniffles2.INS.2B5M8	1.0
Sniffles2.DEL.230M7	1.0
Sniffles2.DEL.116M7	1.0
Sniffles2.DEL.15FM17	1.0
Sniffles2.DEL.64FM4	1.0
Sniffles2.INS.36M2	1.0
Sniffles2.DEL.33AM8	1.0
Sniffles2.INS.134M10	1.0
Sniffles2.DEL.513M0	1.0
Sniffles2.DEL.53BM9	1.0
Sniffles2.DEL.19DM12	1.0
Sniffles2.INS.E2M13	1.0
Sniffles2.INS.FFMB	1.0
Sniffles2.INS.C5MD	1.0
Sniffles2.DEL.151MC	1.0
Sniffles2.INS.3CM5	1.0
Sniffles2.INS.442M2	1.0
Sniffles2.INS.F9M8	1.0
Sniffles2.INS.126M10	1.0
Sniffles2.DEL.206M11	1.0
Sniffles2.DEL.1DCMB	1.0
Sniffles2.DEL.40EMB	1.0
Sniffles2.INS.2CM6	1.0
Sniffles2.INS.383M9	1.0
Sniffles2.DEL.191MA	1.0
Sniffles2.DEL.3FCM2	1.0
Sniffles2.DEL.1DDM11	1.0
Sniffles2.DEL.19M2	1.0
Sniffles2.INS.1C8MC	1.0
Sniffles2.DEL.60M13	1.0
Sniffles2.INS.425M4	1.0
Sniffles2.DEL.3C3MA	1.0
Sniffles2.DEL.2F4M2	1.0
Sniffles2.INS.6FM5	1.0
Sniffles2.INS.26CM12	1.0
Sniffles2.DEL.E1MD	1.0
Sniffles2.INS.38EMC	1.0
Sniffles2.INS.7FFM1	1.0
Sniffles2.DEL.47FM16	1.0
Sniffles2.DEL.97MF	1.0
Sniffles2.INS.37FM6	1.0
Sniffles2.DEL.33CM4	1.0
Sniffles2.INS.4C8M6	1.0
Sniffles2.DEL.3DCM6	1.0
Sniffles2.DEL.14EM5	1.0
Sniffles2.DEL.4B0M5	1.0
Sniffles2.DEL.464M5	1.0
Sniffles2.INS.2DMB	1.0
Sniffles2.DEL.535M3	1.0
Sniffles2.INS.29AM15	1.0
Sniffles2.DEL.1FEM8	1.0
Sniffles2.DEL.E3M7	1.0
Sniffles2.DEL.DM15	1.0
Sniffles2.DEL.B5M2	1.0
Sniffles2.INS.13BMD	1.0
Sniffles2.DEL.789M0	1.0
Sniffles2.DEL.254M9	1.0
Sniffles2.DEL.33M17	1.0
Sniffles2.INS.1FEME	1.0
Sniffles2.INS.2D3M5	1.0
Sniffles2.INS.2C4MC	1.0
Sniffles2.DEL.203MC	1.0
Sniffles2.DEL.1A1M8	1.0
Sniffles2.INS.159M0	1.0
Sniffles2.DEL.283M1	1.0
Sniffles2.DEL.DDM14	1.0
Sniffles2.INS.390M16	1.0
Sniffles2.INS.2CM3	1.0
Sniffles2.INS.2DBMA	1.0
Sniffles2.DEL.381MF	1.0
Sniffles2.DEL.255M10	1.0
Sniffles2.DEL.324MB	1.0
Sniffles2.INS.29DM9	1.0
Sniffles2.INS.31BMF	1.0
Sniffles2.DEL.288M13	1.0
Sniffles2.INS.490M4	1.0
Sniffles2.DEL.A9M3	1.0
Sniffles2.DEL.3C1M3	1.0
Sniffles2.DEL.F2M4	1.0
Sniffles2.INS.303MF	1.0
Sniffles2.DEL.1BM11	1.0
Sniffles2.DEL.2CEM16	1.0
Sniffles2.DEL.ACM10	1.0
Sniffles2.INS.360MA	1.0
Sniffles2.INS.175MA	1.0
Sniffles2.DEL.146M6	1.0
Sniffles2.DEL.2E6M11	1.0
Sniffles2.DEL.346M3	1.0
Sniffles2.INS.272M0	1.0
Sniffles2.INS.2CBMF	1.0
Sniffles2.INS.43EM5	1.0
Sniffles2.INS.3D3MB	1.0
Sniffles2.DEL.1D7M0	1.0
Sniffles2.DEL.308M6	1.0
Sniffles2.DEL.359ME	1.0
Sniffles2.DEL.13FMC	1.0
Sniffles2.INS.2D7M11	1.0
Sniffles2.INS.438M4	1.0
Sniffles2.DEL.183M5	1.0
Sniffles2.DEL.ADMC	1.0
Sniffles2.DEL.480M2	1.0
Sniffles2.DEL.581M9	1.0
Sniffles2.INS.215M5	1.0
Sniffles2.DEL.4D2M5	1.0
Sniffles2.DEL.110M1	1.0
Sniffles2.INS.E5M2	1.0
Sniffles2.INS.530M3	1.0
Sniffles2.INS.406MB	1.0
Sniffles2.DEL.2ECMB	1.0
Sniffles2.DEL.C6MD	1.0
Sniffles2.DEL.49CMA	1.0
Sniffles2.DEL.5CEM5	1.0
Sniffles2.INS.310M3	1.0
Sniffles2.INS.28AM2	1.0
Sniffles2.INS.374MF	1.0
Sniffles2.INS.137MD	1.0
Sniffles2.INS.1A7M7	1.0
Sniffles2.INS.172M7	1.0
Sniffles2.DEL.569M6	1.0
Sniffles2.INS.CCMD	1.0
Sniffles2.DEL.370M4	1.0
Sniffles2.INS.1F6M5	1.0
Sniffles2.DEL.105M8	1.0
Sniffles2.INS.326M7	1.0
Sniffles2.INS.21BM8	1.0
Sniffles2.DEL.443M0	1.0
Sniffles2.INS.5M17	1.0
Sniffles2.DEL.14EMA	1.0
Sniffles2.DEL.349M2	1.0
Sniffles2.DEL.35M9	1.0
Sniffles2.INS.443M7	1.0
Sniffles2.INS.742M1	1.0
Sniffles2.INS.7C2M1	1.0
Sniffles2.INS.B7M2	1.0
Sniffles2.DEL.16FMF	1.0
Sniffles2.INS.62FM0	1.0
Sniffles2.INS.E3M8	1.0
Sniffles2.DEL.42M3	1.0
Sniffles2.DEL.13CM1	1.0
Sniffles2.DEL.23AM6	1.0
Sniffles2.DEL.24AM11	1.0
Sniffles2.DEL.3DCM1	1.0
Sniffles2.DEL.1D0ME	1.0
Sniffles2.INS.368M11	1.0
Sniffles2.INS.12DM15	1.0
Sniffles2.DEL.373M5	1.0
Sniffles2.DEL.5EDM6	1.0
Sniffles2.INS.1A3M6	1.0
Sniffles2.DEL.279MD	1.0
Sniffles2.INS.388M0	1.0
Sniffles2.INS.207M13	1.0
Sniffles2.INS.439MA	1.0
Sniffles2.INS.1EDMC	1.0
Sniffles2.DEL.ADM12	1.0
Sniffles2.INS.57MA	1.0
Sniffles2.DEL.264M10	1.0
Sniffles2.INS.21EM15	1.0
Sniffles2.INS.2EAM7	1.0
Sniffles2.INS.32FM4	1.0
Sniffles2.DEL.3FBM9	1.0
Sniffles2.DEL.378M10	1.0
Sniffles2.INS.242M1	1.0
Sniffles2.DEL.4D3M4	1.0
Sniffles2.DEL.298M10	1.0
Sniffles2.INS.1A8M0	1.0
Sniffles2.DEL.2A9MC	1.0
Sniffles2.INS.3A9M9	1.0
Sniffles2.DEL.27BM0	1.0
Sniffles2.INS.3AFM3	1.0
Sniffles2.INS.194M8	1.0
Sniffles2.INS.144M9	1.0
Sniffles2.INS.158MB	1.0
Sniffles2.DEL.4FAM6	1.0
Sniffles2.INS.253MC	1.0
Sniffles2.DEL.2B2M9	1.0
Sniffles2.DEL.43AM4	1.0
Sniffles2.DEL.56FM6	1.0
Sniffles2.INS.2BBM15	1.0
Sniffles2.DEL.AAMC	1.0
Sniffles2.INS.24AM0	1.0
Sniffles2.INS.17M5	1.0
Sniffles2.INS.57DM5	1.0
Sniffles2.INS.3FBM8	1.0
Sniffles2.DEL.8EMB	1.0
Sniffles2.INS.1F8M5	1.0
Sniffles2.DEL.598M3	1.0
Sniffles2.DEL.1D3M5	1.0
Sniffles2.INS.2B2MC	1.0
Sniffles2.DEL.522M1	1.0
Sniffles2.DEL.442M0	1.0
Sniffles2.INS.1BBM1	1.0
Sniffles2.DEL.36AM13	1.0
Sniffles2.INS.6C7M0	1.0
Sniffles2.INS.129M7	1.0
Sniffles2.DEL.288M12	1.0
Sniffles2.INS.43ME	1.0
Sniffles2.DEL.198MC	1.0
Sniffles2.INS.1DDM0	1.0
Sniffles2.DEL.54M9	1.0
Sniffles2.INS.3CM9	1.0
Sniffles2.INS.31BM0	1.0
Sniffles2.INS.67M12	1.0
Sniffles2.INS.320M14	1.0
Sniffles2.INS.6DBM6	1.0
Sniffles2.INS.572M0	1.0
Sniffles2.DEL.3FCMA	1.0
Sniffles2.DEL.188MA	1.0
Sniffles2.DEL.80M12	1.0
Sniffles2.INS.141M15	1.0
Sniffles2.INS.601M5	1.0
Sniffles2.INS.642M0	1.0
Sniffles2.INS.263MB	1.0
Sniffles2.INS.1C0MD	1.0
Sniffles2.INS.3FAM13	1.0
Sniffles2.INS.3B1M7	1.0
Sniffles2.DEL.86M4	1.0
Sniffles2.INS.53DM4	1.0
Sniffles2.DEL.2AFME	1.0
Sniffles2.INS.137M10	1.0
Sniffles2.INS.9FM3	1.0
Sniffles2.INS.194M12	1.0
Sniffles2.DEL.481M8	1.0
Sniffles2.DEL.1A6M0	1.0
Sniffles2.DEL.271MD	1.0
Sniffles2.DEL.3A4M13	1.0
Sniffles2.INS.12CM5	1.0
Sniffles2.INS.61M9	1.0
Sniffles2.DEL.61FM3	1.0
Sniffles2.DEL.33DM4	1.0
Sniffles2.DEL.42EM8	1.0
Sniffles2.DEL.4F3M3	1.0
Sniffles2.DEL.4E7M4	1.0
Sniffles2.INS.4D7M7	1.0
Sniffles2.INS.3BCM16	1.0
Sniffles2.INS.15CM2	1.0
Sniffles2.DEL.375M6	1.0
Sniffles2.INS.31DM6	1.0
Sniffles2.DEL.516M6	1.0
Sniffles2.INS.202MC	1.0
Sniffles2.DEL.480M8	1.0
Sniffles2.DEL.4D7MA	1.0
Sniffles2.INS.12AM10	1.0
Sniffles2.DEL.31M12	1.0
Sniffles2.INS.760M1	1.0
Sniffles2.DEL.475M2	1.0
Sniffles2.DEL.C2M12	1.0
Sniffles2.DEL.152M1	1.0
Sniffles2.DEL.300M15	1.0
Sniffles2.DEL.429M7	1.0
Sniffles2.INS.384M3	1.0
Sniffles2.DEL.285MA	1.0
Sniffles2.DEL.10BM6	1.0
Sniffles2.INS.34FM3	1.0
Sniffles2.INS.400M7	1.0
Sniffles2.DEL.275M8	1.0
Sniffles2.DEL.33DM7	1.0
Sniffles2.DEL.1EM5	1.0
Sniffles2.INS.13CMF	1.0
Sniffles2.INS.97M3	1.0
Sniffles2.INS.3A7MB	1.0
Sniffles2.INS.DBMF	1.0
Sniffles2.INS.1A4M0	1.0
Sniffles2.INS.3EAM5	1.0
Sniffles2.INS.47DM13	1.0
Sniffles2.DEL.5DM4	1.0
Sniffles2.INS.C7MA	1.0
Sniffles2.DEL.2AEMD	1.0
Sniffles2.INS.354ME	1.0
Sniffles2.INS.22FM15	1.0
Sniffles2.INS.3DMB	1.0
Sniffles2.DEL.416M7	1.0
Sniffles2.DEL.106M11	1.0
Sniffles2.INS.6ABM6	1.0
Sniffles2.DEL.5CM5	1.0
Sniffles2.INS.6B6M0	1.0
Sniffles2.DEL.353M6	1.0
Sniffles2.INS.5E1M1	1.0
Sniffles2.INS.48EM6	1.0
Sniffles2.INS.420M6	1.0
Sniffles2.DEL.64M6	1.0
Sniffles2.DEL.257MF	1.0
Sniffles2.INS.242MC	1.0
Sniffles2.INS.FBM4	1.0
Sniffles2.INS.43M2	1.0
Sniffles2.INS.1AFME	1.0
Sniffles2.DEL.CBM2	1.0
Sniffles2.DEL.373M2	1.0
Sniffles2.DEL.582M9	1.0
Sniffles2.DEL.4B5M13	1.0
Sniffles2.INS.316M0	1.0
Sniffles2.DEL.126M6	1.0
Sniffles2.INS.402M5	1.0
Sniffles2.INS.5E0M1	1.0
Sniffles2.DEL.6E0M6	1.0
Sniffles2.DEL.96ME	1.0
Sniffles2.INS.656M0	1.0
Sniffles2.DEL.114MA	1.0
Sniffles2.DEL.2EEM2	1.0
Sniffles2.INS.2F0M9	1.0
Sniffles2.INS.205ME	1.0
Sniffles2.INS.415M5	1.0
Sniffles2.INS.21DMF	1.0
Sniffles2.DEL.36BM5	1.0
Sniffles2.INS.489M13	1.0
Sniffles2.INS.5F3M6	1.0
Sniffles2.DEL.6B6M6	1.0
Sniffles2.DEL.7C3M1	1.0
Sniffles2.DEL.5E7M1	1.0
Sniffles2.INS.1B9M1	1.0
Sniffles2.INS.4C5M7	1.0
Sniffles2.INS.208M7	1.0
Sniffles2.INS.32M4	1.0
Sniffles2.DEL.63M6	1.0
Sniffles2.INS.28EM14	1.0
Sniffles2.INS.416M5	1.0
Sniffles2.INS.EDMA	1.0
Sniffles2.DEL.1E1M2	1.0
Sniffles2.DEL.1FAM6	1.0
Sniffles2.DEL.2FFM0	1.0
Sniffles2.DEL.4CBM9	1.0
Sniffles2.INS.1EAM15	1.0
Sniffles2.INS.26EM0	1.0
Sniffles2.INS.239M4	1.0
Sniffles2.INS.CAM12	1.0
Sniffles2.INS.FAM14	1.0
Sniffles2.INS.15FMB	1.0
Sniffles2.INS.514M4	1.0
Sniffles2.DEL.4A2M6	1.0
Sniffles2.INS.298MD	1.0
Sniffles2.INS.5A8M5	1.0
Sniffles2.INS.175M0	1.0
Sniffles2.INS.89M6	1.0
Sniffles2.INS.668M1	1.0
Sniffles2.DEL.46EM4	1.0
Sniffles2.DEL.138M6	1.0
Sniffles2.INS.21CMD	1.0
Sniffles2.INS.45EM16	1.0
Sniffles2.INS.415M16	1.0
Sniffles2.INS.281MA	1.0
Sniffles2.INS.283M11	1.0
Sniffles2.DEL.1C0M7	1.0
Sniffles2.DEL.183M15	1.0
Sniffles2.DEL.42AMC	1.0
Sniffles2.DEL.1F5M11	1.0
Sniffles2.DEL.4E4M7	1.0
Sniffles2.DEL.61BM6	1.0
Sniffles2.INS.116M12	1.0
Sniffles2.INS.71MA	1.0
Sniffles2.INS.2EAM0	1.0
Sniffles2.INS.2D2M8	1.0
Sniffles2.DEL.CBM9	1.0
Sniffles2.INS.2D5M9	1.0
Sniffles2.DEL.219M7	1.0
Sniffles2.INS.18BM2	1.0
Sniffles2.DEL.225M6	1.0
Sniffles2.INS.2E9MB	1.0
Sniffles2.DEL.696M0	1.0
Sniffles2.INS.537M4	1.0
Sniffles2.DEL.369M7	1.0
Sniffles2.DEL.14CMF	1.0
Sniffles2.INS.36BM2	1.0
Sniffles2.DEL.3BBM6	1.0
Sniffles2.DEL.2A1M11	1.0
Sniffles2.INS.473M9	1.0
Sniffles2.DEL.5DDM6	1.0
Sniffles2.INS.40AMB	1.0
Sniffles2.DEL.4A7M4	1.0
Sniffles2.DEL.3CDMA	1.0
Sniffles2.INS.3C4M9	1.0
Sniffles2.DEL.2D8M13	1.0
Sniffles2.DEL.76M9	1.0
Sniffles2.INS.5DM12	1.0
Sniffles2.INS.315M14	1.0
Sniffles2.INS.205M2	1.0
Sniffles2.DEL.515M4	1.0
Sniffles2.DEL.53BM3	1.0
Sniffles2.INS.304MA	1.0
Sniffles2.DEL.264MC	1.0
Sniffles2.DEL.56EM3	1.0
Sniffles2.DEL.470M6	1.0
Sniffles2.INS.4D1M8	1.0
Sniffles2.DEL.1E7M6	1.0
Sniffles2.INS.1B7M16	1.0
Sniffles2.DEL.154MA	1.0
Sniffles2.INS.436M8	1.0
Sniffles2.DEL.3F3MA	1.0
Sniffles2.INS.42AM16	1.0
Sniffles2.DEL.26BM4	1.0
Sniffles2.DEL.383M13	1.0
Sniffles2.INS.3F8M1	1.0
Sniffles2.INS.308M13	1.0
Sniffles2.INS.277M0	1.0
Sniffles2.DEL.4AEM7	1.0
Sniffles2.INS.49AMA	1.0
Sniffles2.DEL.170M6	1.0
Sniffles2.DEL.29BM10	1.0
Sniffles2.DEL.48EM7	1.0
Sniffles2.DEL.256MA	1.0
Sniffles2.DEL.DEMB	1.0
Sniffles2.INS.153M7	1.0
Sniffles2.DEL.2C0MC	1.0
Sniffles2.DEL.2E5M13	1.0
Sniffles2.INS.CBM12	1.0
Sniffles2.INS.14BMD	1.0
Sniffles2.DEL.3A3M0	1.0
Sniffles2.DEL.3C3M4	1.0
Sniffles2.DEL.4DBM1	1.0
Sniffles2.DEL.22EM7	1.0
Sniffles2.INS.3ACM13	1.0
Sniffles2.INS.485M6	1.0
Sniffles2.DEL.134M9	1.0
Sniffles2.INS.1C6M2	1.0
Sniffles2.INS.3D3M7	1.0
Sniffles2.DEL.2EFM4	1.0
Sniffles2.INS.1C8M0	1.0
Sniffles2.DEL.66CM1	1.0
Sniffles2.DEL.5D8M6	1.0
Sniffles2.INS.1C7M16	1.0
Sniffles2.INS.2F8MA	1.0
Sniffles2.DEL.16AM0	1.0
Sniffles2.INS.432M4	1.0
Sniffles2.INS.7DM5	1.0
Sniffles2.DEL.2F5ME	1.0
Sniffles2.INS.35DM0	1.0
Sniffles2.INS.2BM3	1.0
Sniffles2.DEL.550M9	1.0
Sniffles2.INS.18AM14	1.0
Sniffles2.INS.59EM9	1.0
Sniffles2.DEL.B5M3	1.0
Sniffles2.DEL.1A2M1	1.0
Sniffles2.INS.44M0	1.0
Sniffles2.INS.15BM5	1.0
Sniffles2.DEL.3A0MF	1.0
Sniffles2.INS.CBM8	1.0
Sniffles2.INS.3E2M10	1.0
Sniffles2.DEL.31EM13	1.0
Sniffles2.INS.2BFM5	1.0
Sniffles2.DEL.243M9	1.0
Sniffles2.INS.1B3M5	1.0
Sniffles2.INS.AM13	1.0
Sniffles2.INS.3BEM7	1.0
Sniffles2.DEL.383M4	1.0
Sniffles2.INS.491M8	1.0
Sniffles2.DEL.2C0M9	1.0
Sniffles2.INS.334ME	1.0
Sniffles2.DEL.24FM16	1.0
Sniffles2.INS.1B5M14	1.0
Sniffles2.DEL.494M3	1.0
Sniffles2.DEL.8BM6	1.0
Sniffles2.DEL.2A8M6	1.0
Sniffles2.DEL.245M12	1.0
Sniffles2.INS.77M2	1.0
Sniffles2.INS.A9M0	1.0
Sniffles2.INS.455M13	1.0
Sniffles2.INS.13CM15	1.0
Sniffles2.DEL.473M4	1.0
Sniffles2.INS.3E9M5	1.0
Sniffles2.DEL.68EM1	1.0
Sniffles2.INS.348M7	1.0
Sniffles2.INS.3CFMC	1.0
Sniffles2.INS.F5M0	1.0
Sniffles2.INS.1F4M6	1.0
Sniffles2.INS.D5MF	1.0
Sniffles2.INS.399M10	1.0
Sniffles2.DEL.3F8M10	1.0
Sniffles2.DEL.2E4M14	1.0
Sniffles2.DEL.35DM8	1.0
Sniffles2.DEL.50AM0	1.0
Sniffles2.INS.18BM7	1.0
Sniffles2.INS.3ADM0	1.0
Sniffles2.INS.3C9M10	1.0
Sniffles2.INS.DDMF	1.0
Sniffles2.INS.3F4M16	1.0
Sniffles2.INS.153M13	1.0
Sniffles2.DEL.C6M13	1.0
Sniffles2.INS.DAM6	1.0
Sniffles2.INS.111MA	1.0
Sniffles2.INS.1A0MC	1.0
Sniffles2.DEL.6A5M0	1.0
Sniffles2.INS.297M12	1.0
Sniffles2.INS.413MA	1.0
Sniffles2.INS.331M9	1.0
Sniffles2.DEL.24MA	1.0
Sniffles2.INS.48FM7	1.0
Sniffles2.DEL.605M4	1.0
Sniffles2.DEL.13MB	1.0
Sniffles2.INS.180MC	1.0
Sniffles2.DEL.3FMF	1.0
Sniffles2.DEL.1A3MD	1.0
Sniffles2.INS.2B5M3	1.0
Sniffles2.INS.53MB	1.0
Sniffles2.DEL.67M8	1.0
Sniffles2.DEL.4F1M5	1.0
Sniffles2.DEL.23CM1	1.0
Sniffles2.DEL.178MB	1.0
Sniffles2.DEL.42CM0	1.0
Sniffles2.DEL.566M6	1.0
Sniffles2.INS.288MA	1.0
Sniffles2.INS.17DM8	1.0
Sniffles2.DEL.1BCMC	1.0
Sniffles2.DEL.2EFM12	1.0
Sniffles2.DEL.BFMA	1.0
Sniffles2.INS.97M9	1.0
Sniffles2.DEL.321M7	1.0
Sniffles2.DEL.16BM7	1.0
Sniffles2.DEL.266M8	1.0
Sniffles2.DEL.2ADM5	1.0
Sniffles2.INS.365MB	1.0
Sniffles2.INS.43FMA	1.0
Sniffles2.INS.367M16	1.0
Sniffles2.INS.165MC	1.0
Sniffles2.INS.781M0	1.0
Sniffles2.DEL.25EM10	1.0
Sniffles2.INS.198MA	1.0
Sniffles2.DEL.E5MA	1.0
Sniffles2.INS.8AMD	1.0
Sniffles2.INS.56EM4	1.0
Sniffles2.DEL.5BBM6	1.0
Sniffles2.INS.688M1	1.0
Sniffles2.DEL.828M0	1.0
Sniffles2.INS.5CDM1	1.0
Sniffles2.INS.194MD	1.0
Sniffles2.INS.421M2	1.0
Sniffles2.INS.371M8	1.0
Sniffles2.INS.CM11	1.0
Sniffles2.INS.1A5M12	1.0
Sniffles2.INS.63MB	1.0
Sniffles2.INS.2FAM10	1.0
Sniffles2.DEL.F3M5	1.0
Sniffles2.DEL.402M13	1.0
Sniffles2.INS.3AAM3	1.0
Sniffles2.INS.2F6M2	1.0
Sniffles2.INS.321M10	1.0
Sniffles2.DEL.313MF	1.0
Sniffles2.INS.307M0	1.0
Sniffles2.INS.121M0	1.0
Sniffles2.DEL.163M11	1.0
Sniffles2.INS.18M7	1.0
Sniffles2.DEL.17FME	1.0
Sniffles2.INS.30FM12	1.0
Sniffles2.DEL.45BM8	1.0
Sniffles2.INS.426M9	1.0
Sniffles2.DEL.290M4	1.0
Sniffles2.INS.4DFMA	1.0
Sniffles2.INS.17EM14	1.0
Sniffles2.DEL.13EM4	1.0
Sniffles2.DEL.267M13	1.0
Sniffles2.INS.4E1M0	1.0
Sniffles2.DEL.16BM3	1.0
Sniffles2.INS.4BAMA	1.0
Sniffles2.INS.66AM3	1.0
Sniffles2.INS.1DEM11	1.0
Sniffles2.DEL.24EMC	1.0
Sniffles2.INS.5D5M4	1.0
Sniffles2.DEL.18CM9	1.0
Sniffles2.INS.4F4M0	1.0
Sniffles2.INS.1B9MC	1.0
Sniffles2.INS.33BM14	1.0
Sniffles2.DEL.28AMC	1.0
Sniffles2.DEL.18DM14	1.0
Sniffles2.DEL.5FM12	1.0
Sniffles2.DEL.12AM3	1.0
Sniffles2.DEL.266M2	1.0
Sniffles2.INS.175M2	1.0
Sniffles2.INS.2CAM16	1.0
Sniffles2.INS.288M7	1.0
Sniffles2.DEL.200M15	1.0
Sniffles2.DEL.388MC	1.0
Sniffles2.DEL.3B7M1	1.0
Sniffles2.INS.4C8M3	1.0
Sniffles2.INS.313M12	1.0
Sniffles2.INS.96M11	1.0
Sniffles2.DEL.6M3	1.0
Sniffles2.DEL.468M13	1.0
Sniffles2.DEL.D1M10	1.0
Sniffles2.INS.66M7	1.0
Sniffles2.DEL.18FM5	1.0
Sniffles2.INS.13EM1	1.0
Sniffles2.DEL.3F0M6	1.0
Sniffles2.DEL.19FM2	1.0
Sniffles2.INS.5BDM0	1.0
Sniffles2.INS.3BAM16	1.0
Sniffles2.INS.494M16	1.0
Sniffles2.INS.509M6	1.0
Sniffles2.DEL.18DM7	1.0
Sniffles2.DEL.233M7	1.0
Sniffles2.DEL.182M11	1.0
Sniffles2.DEL.12BM17	1.0
Sniffles2.INS.2C6M12	1.0
Sniffles2.INS.43CM0	1.0
Sniffles2.DEL.16DME	1.0
Sniffles2.DEL.344M13	1.0
Sniffles2.INS.21EM14	1.0
Sniffles2.INS.4B6M5	1.0
Sniffles2.DEL.66CM0	1.0
Sniffles2.INS.3F4MB	1.0
Sniffles2.INS.3EFM13	1.0
Sniffles2.DEL.15DMD	1.0
Sniffles2.INS.25AM7	1.0
Sniffles2.DEL.E2MA	1.0
Sniffles2.DEL.40AM8	1.0
Sniffles2.INS.2B7M2	1.0
Sniffles2.INS.4F5M0	1.0
Sniffles2.DEL.274M7	1.0
Sniffles2.INS.3C1M10	1.0
Sniffles2.INS.2F9M2	1.0
Sniffles2.DEL.F3M12	1.0
Sniffles2.DEL.41DM7	1.0
Sniffles2.DEL.16FM5	1.0
Sniffles2.DEL.E9M11	1.0
Sniffles2.DEL.D1M7	1.0
Sniffles2.DEL.76CM1	1.0
Sniffles2.INS.4BDM3	1.0
Sniffles2.DEL.167M13	1.0
Sniffles2.INS.2CEM7	1.0
Sniffles2.INS.36FM9	1.0
Sniffles2.INS.EDM1	1.0
Sniffles2.INS.E2M8	1.0
Sniffles2.INS.53FM3	1.0
Sniffles2.DEL.D4M9	1.0
Sniffles2.INS.362M9	1.0
Sniffles2.INS.4F8M5	1.0
Sniffles2.DEL.4AEM13	1.0
Sniffles2.INS.1B7M2	1.0
Sniffles2.INS.428M2	1.0
Sniffles2.INS.178M0	1.0
Sniffles2.DEL.4FAM3	1.0
Sniffles2.DEL.218M7	1.0
Sniffles2.INS.5A1M4	1.0
Sniffles2.INS.15CM7	1.0
Sniffles2.DEL.3D0M0	1.0
Sniffles2.INS.151M5	1.0
Sniffles2.INS.2F0M0	1.0
Sniffles2.DEL.3ABM3	1.0
Sniffles2.DEL.4D7M3	1.0
Sniffles2.INS.4CDM9	1.0
Sniffles2.DEL.24BM15	1.0
Sniffles2.DEL.2E1M16	1.0
Sniffles2.INS.295M0	1.0
Sniffles2.INS.BFM9	1.0
Sniffles2.INS.7F1M0	1.0
Sniffles2.DEL.211MA	1.0
Sniffles2.DEL.5F7M4	1.0
Sniffles2.INS.247M10	1.0
Sniffles2.INS.30DMB	1.0
Sniffles2.INS.1B0M7	1.0
Sniffles2.DEL.137M8	1.0
Sniffles2.DEL.286M13	1.0
Sniffles2.DEL.186MD	1.0
Sniffles2.INS.132ME	1.0
Sniffles2.INS.3E0M1	1.0
Sniffles2.DEL.418M13	1.0
Sniffles2.INS.7M8	1.0
Sniffles2.DEL.3B3M3	1.0
Sniffles2.DEL.22EM13	1.0
Sniffles2.INS.A7M6	1.0
Sniffles2.INS.811M0	1.0
Sniffles2.INS.3E7M2	1.0
Sniffles2.INS.446M5	1.0
Sniffles2.DEL.44M12	1.0
Sniffles2.INS.4E2M0	1.0
Sniffles2.INS.4A3MB	1.0
Sniffles2.INS.1AFM9	1.0
Sniffles2.INS.2C6MA	1.0
Sniffles2.INS.3D8M5	1.0
Sniffles2.INS.426M10	1.0
Sniffles2.DEL.31CM12	1.0
Sniffles2.INS.EFM7	1.0
Sniffles2.DEL.518M3	1.0
Sniffles2.DEL.10CMB	1.0
Sniffles2.DEL.362M6	1.0
Sniffles2.DEL.1E6M3	1.0
Sniffles2.INS.1A6M12	1.0
Sniffles2.DEL.6D7M0	1.0
Sniffles2.DEL.1F5MF	1.0
Sniffles2.DEL.A7M2	1.0
Sniffles2.DEL.1EDM5	1.0
Sniffles2.DEL.BM6	1.0
Sniffles2.INS.282M15	1.0
Sniffles2.DEL.1D0MA	1.0
Sniffles2.DEL.1D3M12	1.0
Sniffles2.DEL.409M0	1.0
Sniffles2.INS.5B4M0	1.0
Sniffles2.DEL.9FME	1.0
Sniffles2.INS.161M9	1.0
Sniffles2.INS.32DM14	1.0
Sniffles2.INS.8DMA	1.0
Sniffles2.INS.22AMD	1.0
Sniffles2.DEL.171MC	1.0
Sniffles2.INS.389M5	1.0
Sniffles2.DEL.187M5	1.0
Sniffles2.DEL.477MA	1.0
Sniffles2.DEL.2E4M16	1.0
Sniffles2.DEL.6E0M0	1.0
Sniffles2.INS.2DFM10	1.0
Sniffles2.INS.A8M14	1.0
Sniffles2.INS.47AM2	1.0
Sniffles2.DEL.1DEM10	1.0
Sniffles2.INS.165ME	1.0
Sniffles2.DEL.DDM1	1.0
Sniffles2.INS.242M15	1.0
Sniffles2.INS.4A0M16	1.0
Sniffles2.INS.308M8	1.0
Sniffles2.INS.EBM9	1.0
Sniffles2.DEL.79M8	1.0
Sniffles2.INS.148MF	1.0
Sniffles2.DEL.4DAM5	1.0
Sniffles2.INS.E0MD	1.0
Sniffles2.INS.13FM1	1.0
Sniffles2.INS.4F6M4	1.0
Sniffles2.DEL.266M11	1.0
Sniffles2.DEL.3D6M4	1.0
Sniffles2.INS.47M8	1.0
Sniffles2.INS.2B7M8	1.0
Sniffles2.DEL.2EM3	1.0
Sniffles2.DEL.567M4	1.0
Sniffles2.DEL.30BM5	1.0
Sniffles2.INS.84M9	1.0
Sniffles2.DEL.214MC	1.0
Sniffles2.DEL.435M4	1.0
Sniffles2.DEL.257M14	1.0
Sniffles2.DEL.63EM6	1.0
Sniffles2.DEL.36DMB	1.0
Sniffles2.DEL.2DCMF	1.0
Sniffles2.INS.21FM14	1.0
Sniffles2.DEL.182M9	1.0
Sniffles2.INS.326M11	1.0
Sniffles2.INS.ABM2	1.0
Sniffles2.DEL.39AM6	1.0
Sniffles2.INS.5ADM1	1.0
Sniffles2.INS.A5M7	1.0
Sniffles2.INS.49AM6	1.0
Sniffles2.DEL.3CEMA	1.0
Sniffles2.INS.1DBMA	1.0
Sniffles2.INS.88MB	1.0
Sniffles2.DEL.14FMA	1.0
Sniffles2.DEL.2A1M6	1.0
Sniffles2.INS.82M5	1.0
Sniffles2.INS.230M5	1.0
Sniffles2.DEL.6E9M0	1.0
Sniffles2.INS.59M6	1.0
Sniffles2.INS.400M1	1.0
Sniffles2.DEL.44EM5	1.0
Sniffles2.DEL.699M6	1.0
Sniffles2.INS.259M13	1.0
Sniffles2.INS.297M14	1.0
Sniffles2.DEL.46FM1	1.0
Sniffles2.DEL.43BMB	1.0
Sniffles2.DEL.14EM11	1.0
Sniffles2.DEL.5A3M6	1.0
Sniffles2.DEL.69BM3	1.0
Sniffles2.INS.379M9	1.0
Sniffles2.DEL.331M4	1.0
Sniffles2.DEL.5C5M4	1.0
Sniffles2.INS.2B3MC	1.0
Sniffles2.INS.34DM0	1.0
Sniffles2.DEL.5C4M1	1.0
Sniffles2.DEL.4C1M3	1.0
Sniffles2.INS.344MA	1.0
Sniffles2.INS.2FAM1	1.0
Sniffles2.INS.2D3M2	1.0
Sniffles2.DEL.457M2	1.0
Sniffles2.INS.4DM6	1.0
Sniffles2.DEL.30FM6	1.0
Sniffles2.INS.3AM11	1.0
Sniffles2.INS.3DFM7	1.0
Sniffles2.DEL.21FMD	1.0
Sniffles2.DEL.20AMA	1.0
Sniffles2.DEL.19FMA	1.0
Sniffles2.DEL.C0M11	1.0
Sniffles2.INS.5D4M6	1.0
Sniffles2.INS.415M2	1.0
Sniffles2.INS.657M1	1.0
Sniffles2.INS.304M2	1.0
Sniffles2.DEL.28CM0	1.0
Sniffles2.INS.311MC	1.0
Sniffles2.INS.3CFM2	1.0
Sniffles2.INS.3ADM10	1.0
Sniffles2.INS.2A9MB	1.0
Sniffles2.INS.197M15	1.0
Sniffles2.DEL.101ME	1.0
Sniffles2.DEL.1BDMC	1.0
Sniffles2.DEL.40EM6	1.0
Sniffles2.DEL.2ADM7	1.0
Sniffles2.INS.172M10	1.0
Sniffles2.INS.F8M9	1.0
Sniffles2.DEL.235MC	1.0
Sniffles2.INS.2D9MA	1.0
Sniffles2.INS.42DM10	1.0
Sniffles2.DEL.282MA	1.0
Sniffles2.INS.2BEM11	1.0
Sniffles2.DEL.6A7M1	1.0
Sniffles2.DEL.20EM16	1.0
Sniffles2.INS.205M10	1.0
Sniffles2.DEL.54MD	1.0
Sniffles2.DEL.196M3	1.0
Sniffles2.DEL.2EAM15	1.0
Sniffles2.INS.E2M11	1.0
Sniffles2.DEL.56CM9	1.0
Sniffles2.DEL.3D0M5	1.0
Sniffles2.INS.7AMF	1.0
Sniffles2.DEL.1C3M10	1.0
Sniffles2.DEL.33CM7	1.0
Sniffles2.INS.7E6M1	1.0
Sniffles2.INS.4D6M5	1.0
Sniffles2.INS.44DMB	1.0
Sniffles2.DEL.1D3M6	1.0
Sniffles2.DEL.91M13	1.0
Sniffles2.INS.2CCM2	1.0
Sniffles2.INS.1DM7	1.0
Sniffles2.INS.2F5MC	1.0
Sniffles2.INS.1ECM7	1.0
Sniffles2.DEL.627M6	1.0
Sniffles2.DEL.135M9	1.0
Sniffles2.DEL.311ME	1.0
Sniffles2.INS.3BEM5	1.0
Sniffles2.INS.363M7	1.0
Sniffles2.INS.5M13	1.0
Sniffles2.INS.54M2	1.0
Sniffles2.INS.10FM4	1.0
Sniffles2.INS.2A1M7	1.0
Sniffles2.INS.381M5	1.0
Sniffles2.INS.440M7	1.0
Sniffles2.DEL.193M11	1.0
Sniffles2.DEL.2FBM7	1.0
Sniffles2.INS.2E8M15	1.0
Sniffles2.DEL.2ACM5	1.0
Sniffles2.INS.282M0	1.0
Sniffles2.DEL.30DM5	1.0
Sniffles2.DEL.4F1M4	1.0
Sniffles2.DEL.259MB	1.0
Sniffles2.INS.224M10	1.0
Sniffles2.DEL.29M8	1.0
Sniffles2.DEL.148M11	1.0
Sniffles2.INS.53M7	1.0
Sniffles2.INS.31MD	1.0
Sniffles2.INS.95MA	1.0
Sniffles2.INS.3A0M6	1.0
Sniffles2.INS.72EM1	1.0
Sniffles2.INS.3C2MA	1.0
Sniffles2.DEL.2ECM3	1.0
Sniffles2.INS.146M3	1.0
Sniffles2.INS.199M14	1.0
Sniffles2.DEL.4C4M2	1.0
Sniffles2.DEL.31M15	1.0
Sniffles2.INS.3C3M13	1.0
Sniffles2.DEL.752M1	1.0
Sniffles2.DEL.51FM2	1.0
Sniffles2.INS.37FMB	1.0
Sniffles2.DEL.27BMB	1.0
Sniffles2.INS.E0M0	1.0
Sniffles2.DEL.462M3	1.0
Sniffles2.DEL.49AM9	1.0
Sniffles2.INS.157M10	1.0
Sniffles2.INS.5A4M1	1.0
Sniffles2.DEL.12FM13	1.0
Sniffles2.INS.115MB	1.0
Sniffles2.DEL.33DM0	1.0
Sniffles2.INS.16DM2	1.0
Sniffles2.DEL.125M4	1.0
Sniffles2.INS.2B3M2	1.0
Sniffles2.DEL.1B5M13	1.0
Sniffles2.DEL.24CM11	1.0
Sniffles2.INS.5C6M5	1.0
Sniffles2.DEL.CEM5	1.0
Sniffles2.DEL.428M1	1.0
Sniffles2.INS.30CMF	1.0
Sniffles2.DEL.20M14	1.0
Sniffles2.INS.3FCM5	1.0
Sniffles2.INS.243M12	1.0
Sniffles2.INS.322MC	1.0
Sniffles2.DEL.29FM0	1.0
Sniffles2.DEL.381M3	1.0
Sniffles2.INS.3BFM13	1.0
Sniffles2.DEL.1CFM14	1.0
Sniffles2.INS.2B6M2	1.0
Sniffles2.DEL.26AM4	1.0
Sniffles2.DEL.4ADM6	1.0
Sniffles2.INS.1FDMC	1.0
Sniffles2.INS.348M13	1.0
Sniffles2.INS.488M9	1.0
Sniffles2.DEL.5A1M1	1.0
Sniffles2.DEL.4E8M7	1.0
Sniffles2.DEL.65AM0	1.0
Sniffles2.INS.4CM4	1.0
Sniffles2.INS.22EM9	1.0
Sniffles2.DEL.2FDM16	1.0
Sniffles2.DEL.531M1	1.0
Sniffles2.INS.249M0	1.0
Sniffles2.DEL.53CM8	1.0
Sniffles2.DEL.13CM6	1.0
Sniffles2.INS.431M6	1.0
Sniffles2.INS.18AM7	1.0
Sniffles2.DEL.260ME	1.0
Sniffles2.DEL.51EM4	1.0
Sniffles2.INS.68MD	1.0
Sniffles2.INS.372M3	1.0
Sniffles2.INS.30AM0	1.0
Sniffles2.DEL.7AM9	1.0
Sniffles2.DEL.1CCM3	1.0
Sniffles2.INS.366M9	1.0
Sniffles2.DEL.1D1ME	1.0
Sniffles2.INS.4B3M3	1.0
Sniffles2.DEL.26CM16	1.0
Sniffles2.INS.559M9	1.0
Sniffles2.INS.453M6	1.0
Sniffles2.DEL.307M9	1.0
Sniffles2.INS.5D5M6	1.0
Sniffles2.INS.212M7	1.0
Sniffles2.DEL.B1M7	1.0
Sniffles2.DEL.17AM2	1.0
Sniffles2.INS.37DM0	1.0
Sniffles2.INS.7CM5	1.0
Sniffles2.DEL.151M0	1.0
Sniffles2.DEL.34AM6	1.0
Sniffles2.DEL.409M13	1.0
Sniffles2.DEL.2E7MB	1.0
Sniffles2.INS.2EBMB	1.0
Sniffles2.INS.1ACM4	1.0
Sniffles2.INS.5F9M0	1.0
Sniffles2.DEL.146MB	1.0
Sniffles2.INS.16BM6	1.0
Sniffles2.DEL.F7M12	1.0
Sniffles2.DEL.24AM7	1.0
Sniffles2.DEL.235MF	1.0
Sniffles2.DEL.154M11	1.0
Sniffles2.INS.19FM12	1.0
Sniffles2.INS.368M13	1.0
Sniffles2.DEL.FEM6	1.0
Sniffles2.INS.237ME	1.0
Sniffles2.INS.10FM9	1.0
Sniffles2.DEL.2A7M2	1.0
Sniffles2.INS.5AM0	1.0
Sniffles2.DEL.84M6	1.0
Sniffles2.INS.131M12	1.0
Sniffles2.INS.26MF	1.0
Sniffles2.DEL.57FM5	1.0
Sniffles2.DEL.2A4M8	1.0
Sniffles2.INS.2BFME	1.0
Sniffles2.INS.238MD	1.0
Sniffles2.DEL.39DM0	1.0
Sniffles2.INS.534M5	1.0
Sniffles2.DEL.334M12	1.0
Sniffles2.DEL.86M11	1.0
Sniffles2.INS.1E3M3	1.0
Sniffles2.DEL.C8M4	1.0
Sniffles2.DEL.56CM4	1.0
Sniffles2.INS.271M12	1.0
Sniffles2.INS.141M1	1.0
Sniffles2.DEL.113M10	1.0
Sniffles2.DEL.287M11	1.0
Sniffles2.INS.19AM7	1.0
Sniffles2.INS.E8M10	1.0
Sniffles2.INS.5M8	1.0
Sniffles2.INS.150MA	1.0
Sniffles2.INS.4F4M8	1.0
Sniffles2.INS.18AM4	1.0
Sniffles2.INS.1F0M15	1.0
Sniffles2.DEL.436M10	1.0
Sniffles2.DEL.220MA	1.0
Sniffles2.DEL.2EM13	1.0
Sniffles2.INS.2E9ME	1.0
Sniffles2.DEL.15AM6	1.0
Sniffles2.INS.1EDME	1.0
Sniffles2.INS.2A4M11	1.0
Sniffles2.INS.169M15	1.0
Sniffles2.INS.1C3M11	1.0
Sniffles2.INS.285M14	1.0
Sniffles2.INS.ADM7	1.0
Sniffles2.INS.32FMF	1.0
Sniffles2.DEL.201M8	1.0
Sniffles2.INS.D4M5	1.0
Sniffles2.INS.2FDM10	1.0
Sniffles2.INS.364M0	1.0
Sniffles2.DEL.46AM5	1.0
Sniffles2.INS.5BEM0	1.0
Sniffles2.INS.235M1	1.0
Sniffles2.INS.7CM13	1.0
Sniffles2.DEL.F8M14	1.0
Sniffles2.INS.1FDMB	1.0
Sniffles2.INS.9BM14	1.0
Sniffles2.DEL.2B6MF	1.0
Sniffles2.INS.20AMC	1.0
Sniffles2.INS.145MD	1.0
Sniffles2.INS.340M5	1.0
Sniffles2.DEL.C2MD	1.0
Sniffles2.INS.1A9M12	1.0
Sniffles2.DEL.481M4	1.0
Sniffles2.INS.6BAM6	1.0
Sniffles2.DEL.13EM14	1.0
Sniffles2.INS.66EM1	1.0
Sniffles2.INS.141M4	1.0
Sniffles2.INS.9EM6	1.0
Sniffles2.DEL.111M3	1.0
Sniffles2.DEL.389MA	1.0
Sniffles2.INS.259ME	1.0
Sniffles2.INS.1C9MB	1.0
Sniffles2.INS.24DM1	1.0
Sniffles2.DEL.B3M3	1.0
Sniffles2.DEL.179M17	1.0
Sniffles2.INS.4A0MA	1.0
Sniffles2.INS.380M13	1.0
Sniffles2.INS.29DMC	1.0
Sniffles2.DEL.595M6	1.0
Sniffles2.INS.2A7M5	1.0
Sniffles2.INS.1DM8	1.0
Sniffles2.DEL.658M1	1.0
Sniffles2.INS.6C6M1	1.0
Sniffles2.INS.672M1	1.0
Sniffles2.DEL.4BCM5	1.0
Sniffles2.DEL.5E5M9	1.0
Sniffles2.DEL.493M4	1.0
Sniffles2.INS.1BFM3	1.0
Sniffles2.INS.292M12	1.0
Sniffles2.DEL.3AAM12	1.0
Sniffles2.DEL.11M2	1.0
Sniffles2.DEL.425M9	1.0
Sniffles2.DEL.1D2MA	1.0
Sniffles2.DEL.29BM4	1.0
Sniffles2.INS.214M13	1.0
Sniffles2.INS.3F5MA	1.0
Sniffles2.INS.495M4	1.0
Sniffles2.DEL.2C7M1	1.0
Sniffles2.DEL.595M1	1.0
Sniffles2.DEL.AAMB	1.0
Sniffles2.DEL.379MA	1.0
Sniffles2.INS.37MF	1.0
Sniffles2.INS.57BM9	1.0
Sniffles2.DEL.2E6M14	1.0
Sniffles2.INS.3B2M8	1.0
Sniffles2.INS.44ME	1.0
Sniffles2.INS.716M0	1.0
Sniffles2.INS.353M5	1.0
Sniffles2.INS.1C5M5	1.0
Sniffles2.DEL.B5M7	1.0
Sniffles2.INS.100MA	1.0
Sniffles2.INS.3D8MF	1.0
Sniffles2.INS.55CM9	1.0
Sniffles2.DEL.409MB	1.0
Sniffles2.INS.648M3	1.0
Sniffles2.INS.337MB	1.0
Sniffles2.DEL.508M4	1.0
Sniffles2.INS.D3M12	1.0
Sniffles2.DEL.D9MF	1.0
Sniffles2.INS.215MB	1.0
Sniffles2.INS.440M10	1.0
Sniffles2.DEL.38DM6	1.0
Sniffles2.INS.8CMF	1.0
Sniffles2.DEL.107MD	1.0
Sniffles2.INS.527M0	1.0
Sniffles2.DEL.3F8MA	1.0
Sniffles2.INS.283MF	1.0
Sniffles2.DEL.372M6	1.0
Sniffles2.INS.258M2	1.0
Sniffles2.DEL.439M10	1.0
Sniffles2.DEL.1E4M1	1.0
Sniffles2.INS.189M1	1.0
Sniffles2.INS.346M0	1.0
Sniffles2.DEL.D2M7	1.0
Sniffles2.DEL.BAM10	1.0
Sniffles2.DEL.3F6M7	1.0
Sniffles2.DEL.EAM11	1.0
Sniffles2.DEL.693M1	1.0
Sniffles2.INS.548M3	1.0
Sniffles2.DEL.46EM8	1.0
Sniffles2.INS.216M13	1.0
Sniffles2.INS.5A1M0	1.0
Sniffles2.INS.1A1MB	1.0
Sniffles2.INS.2DDM8	1.0
Sniffles2.INS.288ME	1.0
Sniffles2.INS.31CMB	1.0
Sniffles2.INS.508M0	1.0
Sniffles2.INS.230M1	1.0
Sniffles2.INS.190M4	1.0
Sniffles2.INS.24M5	1.0
Sniffles2.DEL.443MB	1.0
Sniffles2.DEL.5F9M5	1.0
Sniffles2.INS.525M5	1.0
Sniffles2.INS.269ME	1.0
Sniffles2.INS.4BM9	1.0
Sniffles2.DEL.C2MC	1.0
Sniffles2.INS.4D2M2	1.0
Sniffles2.DEL.43AM8	1.0
Sniffles2.INS.CBM15	1.0
Sniffles2.INS.47BM16	1.0
Sniffles2.DEL.1CEM4	1.0
Sniffles2.INS.4ABM7	1.0
Sniffles2.INS.23EM16	1.0
Sniffles2.INS.472M6	1.0
Sniffles2.INS.27EM16	1.0
Sniffles2.DEL.E5M7	1.0
Sniffles2.INS.142M10	1.0
Sniffles2.DEL.41DM0	1.0
Sniffles2.DEL.295M12	1.0
Sniffles2.INS.357MB	1.0
Sniffles2.INS.351M3	1.0
Sniffles2.INS.5BBM0	1.0
Sniffles2.DEL.4A6M16	1.0
Sniffles2.DEL.842M0	1.0
Sniffles2.DEL.320MB	1.0
Sniffles2.DEL.2D4M12	1.0
Sniffles2.INS.142M15	1.0
Sniffles2.DEL.702M1	1.0
Sniffles2.INS.1B4M16	1.0
Sniffles2.DEL.2AEM13	1.0
Sniffles2.DEL.1C5M1	1.0
Sniffles2.DEL.592M9	1.0
Sniffles2.INS.C7M2	1.0
Sniffles2.INS.9DM13	1.0
Sniffles2.INS.291M0	1.0
Sniffles2.DEL.D9M2	1.0
Sniffles2.INS.7D0M1	1.0
Sniffles2.INS.3FAM2	1.0
Sniffles2.INS.3D7MC	1.0
Sniffles2.DEL.6B3M1	1.0
Sniffles2.INS.2EBME	0.998
Sniffles2.DEL.5E9M9	0.998
Sniffles2.INS.1CMA	0.998
Sniffles2.DEL.402M0	0.998
Sniffles2.INS.20CM3	0.998
Sniffles2.DEL.FDMF	0.998
Sniffles2.DEL.121M1	0.998
Sniffles2.DEL.478M8	0.998
Sniffles2.INS.86M10	0.998
Sniffles2.INS.362M7	0.998
Sniffles2.INS.3BFM7	0.998
Sniffles2.INS.6F0M6	0.998
Sniffles2.DEL.10BME	0.998
Sniffles2.INS.1AMA	0.998
Sniffles2.INS.1E2M6	0.998
Sniffles2.INS.E2ME	0.998
Sniffles2.INS.62MA	0.998
Sniffles2.INS.32DM1	0.998
Sniffles2.DEL.1C4M8	0.998
Sniffles2.DEL.347M13	0.998
Sniffles2.INS.1D2M13	0.998
Sniffles2.DEL.115M13	0.998
Sniffles2.DEL.72FM1	0.998
Sniffles2.DEL.1F4M13	0.998
Sniffles2.DEL.20MA	0.998
Sniffles2.INS.193ME	0.998
Sniffles2.INS.18MA	0.998
Sniffles2.DEL.334MF	0.998
Sniffles2.INS.2BMA	0.998
Sniffles2.INS.D5MB	0.998
Sniffles2.DEL.39BM2	0.998
Sniffles2.INS.4F9M3	0.998
Sniffles2.INS.61MA	0.998
Sniffles2.DEL.124M7	0.998
Sniffles2.DEL.32BMB	0.998
Sniffles2.INS.573M9	0.998
Sniffles2.INS.41MA	0.998
Sniffles2.DEL.265M9	0.998
Sniffles2.INS.53FM6	0.998
Sniffles2.INS.B9M6	0.998
Sniffles2.INS.6E7M1	0.998
Sniffles2.INS.2F1M9	0.998
Sniffles2.INS.230M9	0.998
Sniffles2.INS.2D3ME	0.998
Sniffles2.INS.276M8	0.998
Sniffles2.DEL.3AME	0.998
Sniffles2.INS.7B7M1	0.998
Sniffles2.INS.1F2MF	0.998
Sniffles2.DEL.47M4	0.998
Sniffles2.INS.F2M5	0.998
Sniffles2.INS.ACM1	0.998
Sniffles2.INS.37CM6	0.998
Sniffles2.DEL.CAM2	0.998
Sniffles2.INS.139MB	0.998
Sniffles2.DEL.36DM12	0.998
Sniffles2.INS.10M15	0.998
Sniffles2.INS.375M16	0.998
Sniffles2.DEL.84MF	0.998
Sniffles2.DEL.189MF	0.998
Sniffles2.INS.4F9M1	0.998
Sniffles2.DEL.177MB	0.998
Sniffles2.DEL.50CM0	0.998
Sniffles2.DEL.1CAM13	0.998
Sniffles2.INS.148ME	0.998
Sniffles2.INS.64M2	0.998
Sniffles2.DEL.D8M11	0.998
Sniffles2.INS.677M6	0.998
Sniffles2.INS.35FM16	0.998
Sniffles2.INS.481MA	0.998
Sniffles2.DEL.295M3	0.998
Sniffles2.INS.D8MB	0.998
Sniffles2.INS.2D8M5	0.998
Sniffles2.DEL.37CM13	0.998
Sniffles2.DEL.296M6	0.998
Sniffles2.INS.398M9	0.998
Sniffles2.DEL.DBM11	0.998
Sniffles2.INS.679M6	0.998
Sniffles2.INS.2D7MB	0.998
Sniffles2.DEL.1C0M1	0.998
Sniffles2.INS.2A7M9	0.998
Sniffles2.INS.429M2	0.998
Sniffles2.DEL.102MF	0.998
Sniffles2.DEL.F9M1	0.998
Sniffles2.DEL.3D6M3	0.998
Sniffles2.INS.453M5	0.998
Sniffles2.DEL.89M11	0.998
Sniffles2.DEL.280M9	0.998
Sniffles2.INS.230MF	0.998
Sniffles2.INS.52EM2	0.998
Sniffles2.DEL.3F9MB	0.998
Sniffles2.INS.1B7M1	0.998
Sniffles2.INS.349MB	0.998
Sniffles2.INS.6EM2	0.998
Sniffles2.INS.484M5	0.998
Sniffles2.INS.51MA	0.998
Sniffles2.INS.1B7M5	0.998
Sniffles2.DEL.4B7MB	0.998
Sniffles2.DEL.5AM9	0.998
Sniffles2.INS.717M1	0.998
Sniffles2.INS.217MA	0.998
Sniffles2.DEL.3CM8	0.998
Sniffles2.DEL.4BDM2	0.998
Sniffles2.INS.212M5	0.998
Sniffles2.DEL.4C4M4	0.998
Sniffles2.DEL.234ME	0.998
Sniffles2.INS.0M5	0.998
Sniffles2.INS.64M15	0.998
Sniffles2.INS.1EBM9	0.998
Sniffles2.DEL.27AM3	0.998
Sniffles2.INS.413M16	0.998
Sniffles2.DEL.6B7M1	0.998
Sniffles2.INS.2A5M2	0.998
Sniffles2.INS.251M6	0.998
Sniffles2.INS.11M5	0.998
Sniffles2.DEL.1D5M5	0.998
Sniffles2.INS.259M2	0.998
Sniffles2.DEL.5BMF	0.998
Sniffles2.INS.675M6	0.998
Sniffles2.INS.2A9M10	0.998
Sniffles2.DEL.C0MF	0.998
Sniffles2.DEL.1C0M8	0.998
Sniffles2.INS.1CM1	0.998
Sniffles2.DEL.19DM8	0.998
Sniffles2.DEL.245M6	0.998
Sniffles2.INS.567M2	0.998
Sniffles2.DEL.205M11	0.998
Sniffles2.INS.2FDME	0.998
Sniffles2.INS.4DEM5	0.998
Sniffles2.INS.575M3	0.998
Sniffles2.INS.331M7	0.998
Sniffles2.DEL.3C6M11	0.998
Sniffles2.INS.317M1	0.998
Sniffles2.INS.3C2M8	0.998
Sniffles2.INS.5B4M1	0.998
Sniffles2.INS.3C4M5	0.998
Sniffles2.DEL.1A9M5	0.998
Sniffles2.INS.2DMA	0.998
Sniffles2.INS.65MA	0.998
Sniffles2.INS.25CM8	0.998
Sniffles2.DEL.403MB	0.998
Sniffles2.INS.59MA	0.998
Sniffles2.DEL.214M11	0.998
Sniffles2.DEL.144MB	0.998
Sniffles2.INS.15EM3	0.998
Sniffles2.DEL.3B9M8	0.998
Sniffles2.INS.7C5M1	0.998
Sniffles2.INS.3FM10	0.998
Sniffles2.INS.248M0	0.998
Sniffles2.INS.432M3	0.998
Sniffles2.DEL.8FMB	0.998
Sniffles2.INS.1EAMB	0.998
Sniffles2.INS.31DME	0.998
Sniffles2.INS.1BM15	0.998
Sniffles2.DEL.1C6M8	0.998
Sniffles2.INS.28AMB	0.998
Sniffles2.INS.226MB	0.998
Sniffles2.INS.46FM8	0.998
Sniffles2.INS.42BMB	0.998
Sniffles2.INS.1D0M15	0.998
Sniffles2.INS.396M5	0.998
Sniffles2.INS.47MB	0.998
Sniffles2.DEL.5DAM5	0.998
Sniffles2.INS.2AEM0	0.998
Sniffles2.INS.1AM15	0.998
Sniffles2.INS.538M3	0.998
Sniffles2.INS.364M2	0.998
Sniffles2.INS.FM5	0.998
Sniffles2.INS.1E9M12	0.998
Sniffles2.INS.38AM16	0.998
Sniffles2.DEL.291M8	0.998
Sniffles2.DEL.134M13	0.998
Sniffles2.INS.661M0	0.998
Sniffles2.INS.46AM6	0.998
Sniffles2.DEL.1FCM4	0.998
Sniffles2.DEL.111M11	0.998
Sniffles2.INS.4DBM9	0.998
Sniffles2.DEL.100M8	0.998
Sniffles2.INS.108M8	0.998
Sniffles2.INS.1BAMB	0.998
Sniffles2.INS.335M7	0.998
Sniffles2.INS.6BM10	0.998
Sniffles2.INS.1BM5	0.998
Sniffles2.INS.315ME	0.998
Sniffles2.INS.541M6	0.998
Sniffles2.INS.28M15	0.998
Sniffles2.DEL.1F9M13	0.998
Sniffles2.DEL.116M13	0.998
Sniffles2.DEL.FCM11	0.998
Sniffles2.DEL.2FAMF	0.998
Sniffles2.INS.3F0M1	0.998
Sniffles2.DEL.4AAMB	0.998
Sniffles2.INS.68AM3	0.998
Sniffles2.INS.39M14	0.998
Sniffles2.INS.2EM11	0.998
Sniffles2.INS.26MA	0.998
Sniffles2.DEL.117M11	0.998
Sniffles2.INS.1D4MB	0.998
Sniffles2.INS.3D1M9	0.998
Sniffles2.DEL.46DM4	0.998
Sniffles2.DEL.255M13	0.998
Sniffles2.DEL.437M0	0.998
Sniffles2.INS.795M0	0.998
Sniffles2.INS.441M6	0.998
Sniffles2.DEL.105M7	0.998
Sniffles2.INS.4A8M6	0.998
Sniffles2.DEL.BAM11	0.998
Sniffles2.DEL.1DCMF	0.998
Sniffles2.DEL.421M13	0.998
Sniffles2.INS.3D9M16	0.998
Sniffles2.DEL.1DDMF	0.998
Sniffles2.INS.8EM4	0.998
Sniffles2.DEL.564M4	0.998
Sniffles2.DEL.114M8	0.998
Sniffles2.DEL.13AM1	0.998
Sniffles2.INS.456MB	0.998
Sniffles2.DEL.20CMF	0.998
Sniffles2.INS.3FFMA	0.998
Sniffles2.DEL.28FM4	0.998
Sniffles2.INS.326M3	0.998
Sniffles2.DEL.382M2	0.998
Sniffles2.INS.3E9M13	0.998
Sniffles2.DEL.1BDM13	0.998
Sniffles2.DEL.526M2	0.998
Sniffles2.INS.78M5	0.998
Sniffles2.DEL.3B7M4	0.998
Sniffles2.INS.1A5M13	0.998
Sniffles2.INS.461M7	0.998
Sniffles2.INS.187ME	0.998
Sniffles2.INS.40MA	0.998
Sniffles2.INS.34M8	0.998
Sniffles2.INS.68EM3	0.998
Sniffles2.DEL.3A1M11	0.998
Sniffles2.INS.2EMA	0.998
Sniffles2.INS.106MA	0.998
Sniffles2.INS.106M4	0.998
Sniffles2.INS.520M8	0.998
Sniffles2.INS.56FM9	0.998
Sniffles2.INS.5F5M6	0.998
Sniffles2.INS.6ECM6	0.998
Sniffles2.INS.327MB	0.998
Sniffles2.INS.6EBM6	0.998
Sniffles2.DEL.16EM11	0.998
Sniffles2.INS.4CEM1	0.998
Sniffles2.INS.1EFM9	0.998
Sniffles2.INS.18M15	0.998
Sniffles2.DEL.417M1	0.998
Sniffles2.INS.121ME	0.998
Sniffles2.INS.43MA	0.998
Sniffles2.DEL.137MA	0.998
Sniffles2.DEL.347M11	0.998
Sniffles2.DEL.3C4MF	0.998
Sniffles2.INS.194M1	0.998
Sniffles2.INS.632M4	0.998
Sniffles2.DEL.10FM11	0.998
Sniffles2.INS.54EM2	0.998
Sniffles2.INS.1D3MF	0.998
Sniffles2.DEL.EBM11	0.998
Sniffles2.INS.4A5M3	0.998
Sniffles2.DEL.37EM13	0.998
Sniffles2.INS.143M10	0.998
Sniffles2.DEL.1BAMF	0.998
Sniffles2.DEL.163M13	0.998
Sniffles2.INS.26DMA	0.998
Sniffles2.DEL.B4M11	0.998
Sniffles2.DEL.1A0M7	0.998
Sniffles2.DEL.1C3M2	0.998
Sniffles2.INS.179ME	0.998
Sniffles2.INS.268M0	0.998
Sniffles2.DEL.11DM13	0.998
Sniffles2.DEL.11MB	0.998
Sniffles2.DEL.32FM11	0.998
Sniffles2.INS.1D8M8	0.998
Sniffles2.INS.1M8	0.998
Sniffles2.DEL.248MF	0.998
Sniffles2.DEL.16FM11	0.998
Sniffles2.INS.5CMA	0.998
Sniffles2.INS.23M11	0.998
Sniffles2.INS.CBMA	0.998
Sniffles2.DEL.13CM5	0.998
Sniffles2.INS.1E1MB	0.998
Sniffles2.DEL.2ABMC	0.998
Sniffles2.INS.2FFMA	0.998
Sniffles2.DEL.2C3M9	0.998
Sniffles2.INS.19M5	0.998
Sniffles2.INS.12FMB	0.998
Sniffles2.DEL.40DM0	0.998
Sniffles2.DEL.2B8M11	0.998
Sniffles2.INS.4B2MA	0.998
Sniffles2.INS.1DCME	0.998
Sniffles2.INS.2B2ME	0.998
Sniffles2.INS.353M8	0.998
Sniffles2.DEL.1A5MF	0.998
Sniffles2.DEL.470M0	0.998
Sniffles2.INS.35CMF	0.998
Sniffles2.DEL.12DM13	0.998
Sniffles2.INS.468M3	0.998
Sniffles2.DEL.5CDM9	0.998
Sniffles2.INS.53AM2	0.998
Sniffles2.DEL.225M13	0.998
Sniffles2.INS.104MA	0.998
Sniffles2.DEL.603M3	0.998
Sniffles2.INS.2DBM5	0.998
Sniffles2.INS.54EM1	0.998
Sniffles2.INS.257M8	0.998
Sniffles2.INS.82M15	0.998
Sniffles2.INS.19MB	0.998
Sniffles2.DEL.371M12	0.998
Sniffles2.INS.606M5	0.998
Sniffles2.DEL.621M4	0.998
Sniffles2.INS.2B6MB	0.998
Sniffles2.INS.221M2	0.998
Sniffles2.INS.3BMA	0.998
Sniffles2.DEL.CMD	0.998
Sniffles2.DEL.55BM6	0.998
Sniffles2.INS.3BBMB	0.998
Sniffles2.INS.528M2	0.998
Sniffles2.INS.27MA	0.998
Sniffles2.INS.4A2M8	0.998
Sniffles2.INS.337M16	0.998
Sniffles2.INS.108MD	0.998
Sniffles2.DEL.D9M11	0.998
Sniffles2.DEL.11CMF	0.998
Sniffles2.DEL.6A5M3	0.998
Sniffles2.INS.17M15	0.998
Sniffles2.DEL.221M7	0.998
Sniffles2.INS.45DM2	0.998
Sniffles2.DEL.FCM10	0.998
Sniffles2.INS.37M1	0.998
Sniffles2.INS.284MF	0.998
Sniffles2.INS.7FM10	0.998
Sniffles2.INS.1D0MF	0.998
Sniffles2.INS.4B8M5	0.998
Sniffles2.DEL.25AM8	0.998
Sniffles2.INS.1EFME	0.998
Sniffles2.DEL.201M1	0.998
Sniffles2.INS.1D6MB	0.998
Sniffles2.DEL.2B2M8	0.998
Sniffles2.INS.254M16	0.998
Sniffles2.DEL.7M7	0.998
Sniffles2.INS.1D1MF	0.998
Sniffles2.DEL.645M1	0.998
Sniffles2.DEL.30M0	0.998
Sniffles2.DEL.26M11	0.998
Sniffles2.INS.3FAMF	0.998
Sniffles2.INS.2BCME	0.998
Sniffles2.DEL.2E7M13	0.998
Sniffles2.INS.767M1	0.998
Sniffles2.DEL.441M0	0.998
Sniffles2.DEL.185M2	0.998
Sniffles2.DEL.411MF	0.998
Sniffles2.INS.1D2MF	0.998
Sniffles2.INS.364ME	0.998
Sniffles2.INS.13AM13	0.998
Sniffles2.DEL.23CMA	0.998
Sniffles2.INS.1CCMF	0.998
Sniffles2.INS.488M6	0.998
Sniffles2.INS.213M9	0.998
Sniffles2.INS.112M5	0.998
Sniffles2.DEL.859M0	0.998
Sniffles2.DEL.274M8	0.998
Sniffles2.INS.469M9	0.998
Sniffles2.INS.31M8	0.998
Sniffles2.INS.11AM6	0.998
Sniffles2.DEL.20DMF	0.998
Sniffles2.DEL.240M13	0.998
Sniffles2.INS.B8M5	0.998
Sniffles2.INS.EM5	0.998
Sniffles2.INS.1C6MF	0.998
Sniffles2.INS.108MF	0.998
Sniffles2.INS.64MB	0.998
Sniffles2.INS.5C8M9	0.998
Sniffles2.DEL.422M13	0.998
Sniffles2.DEL.628M0	0.998
Sniffles2.INS.108M5	0.998
Sniffles2.DEL.442M5	0.998
Sniffles2.INS.13FME	0.998
Sniffles2.INS.47MA	0.998
Sniffles2.INV.DFMB	0.998
Sniffles2.INS.2FCM16	0.998
Sniffles2.INS.14MB	0.998
Sniffles2.DEL.14BM3	0.998
Sniffles2.INS.5D4M5	0.998
Sniffles2.DEL.434M0	0.998
Sniffles2.INS.160MB	0.998
Sniffles2.INS.590M4	0.998
Sniffles2.INS.4B3MA	0.998
Sniffles2.DEL.378MC	0.998
Sniffles2.DEL.284M4	0.998
Sniffles2.INS.624M3	0.998
Sniffles2.INS.30FMA	0.998
Sniffles2.DEL.331M16	0.998
Sniffles2.DEL.2BBMF	0.998
Sniffles2.INS.44MA	0.998
Sniffles2.DEL.6BM1	0.998
Sniffles2.DEL.65M6	0.998
Sniffles2.INS.375M2	0.998
Sniffles2.INS.1EAM6	0.998
Sniffles2.INS.15AM5	0.998
Sniffles2.INS.2EFM9	0.998
Sniffles2.DEL.202ME	0.998
Sniffles2.INS.29AMF	0.998
Sniffles2.DEL.1C3M1	0.998
Sniffles2.DEL.24FMA	0.998
Sniffles2.INS.30CMB	0.998
Sniffles2.INS.579M1	0.998
Sniffles2.INS.394M7	0.998
Sniffles2.DEL.2B4M9	0.998
Sniffles2.DEL.340M3	0.998
Sniffles2.DEL.1C3M8	0.998
Sniffles2.INS.51FM3	0.998
Sniffles2.INS.BAM5	0.998
Sniffles2.INS.283M7	0.998
Sniffles2.DEL.24AM3	0.998
Sniffles2.INS.163M8	0.998
Sniffles2.INS.358M4	0.998
Sniffles2.INS.280M5	0.998
Sniffles2.DEL.40FMA	0.998
Sniffles2.DEL.449M1	0.998
Sniffles2.INS.3CM15	0.998
Sniffles2.INS.306M2	0.998
Sniffles2.INS.1D8MB	0.998
Sniffles2.DEL.2AAM8	0.998
Sniffles2.DEL.2FFM11	0.998
Sniffles2.INV.D6MB	0.998
Sniffles2.INS.158M8	0.998
Sniffles2.INS.361M3	0.998
Sniffles2.INS.16MA	0.998
Sniffles2.INS.2D7M7	0.998
Sniffles2.INS.DM14	0.996
Sniffles2.DEL.30M14	0.996
Sniffles2.DEL.2CBM0	0.996
Sniffles2.DEL.433M1	0.996
Sniffles2.DEL.D3M11	0.996
Sniffles2.INS.2D4M6	0.996
Sniffles2.INS.327M3	0.996
Sniffles2.INS.503M1	0.996
Sniffles2.INS.7B8M1	0.996
Sniffles2.DEL.B1M6	0.996
Sniffles2.INS.1DMD	0.996
Sniffles2.INS.216M5	0.996
Sniffles2.INS.59MD	0.996
Sniffles2.DEL.523M3	0.996
Sniffles2.INS.441M4	0.996
Sniffles2.INS.E4M14	0.996
Sniffles2.INS.14M4	0.996
Sniffles2.DEL.3D4M3	0.996
Sniffles2.INS.265M8	0.996
Sniffles2.INS.1C7M0	0.996
Sniffles2.DEL.1C9MA	0.996
Sniffles2.INS.6A1M1	0.996
Sniffles2.INV.31EM5	0.996
Sniffles2.INV.45FM6	0.996
Sniffles2.DEL.1ADM9	0.996
Sniffles2.DEL.21M14	0.996
Sniffles2.INS.4M4	0.996
Sniffles2.INS.15CM12	0.996
Sniffles2.DEL.288M14	0.996
Sniffles2.INS.3C1M9	0.996
Sniffles2.INS.335M3	0.996
Sniffles2.DEL.2C5M9	0.996
Sniffles2.DEL.5DEM1	0.996
Sniffles2.DEL.3BDMB	0.996
Sniffles2.DEL.292M9	0.996
Sniffles2.DEL.236MF	0.996
Sniffles2.DEL.1E7M8	0.996
Sniffles2.DEL.379MB	0.996
Sniffles2.INS.4D8MA	0.996
Sniffles2.INS.51BM9	0.996
Sniffles2.DEL.3F2M3	0.996
Sniffles2.INS.279M13	0.996
Sniffles2.INS.1DAM10	0.996
Sniffles2.INS.EDMD	0.996
Sniffles2.DEL.520M2	0.996
Sniffles2.INS.12M14	0.996
Sniffles2.DEL.2C7M9	0.996
Sniffles2.DEL.5FMF	0.996
Sniffles2.INS.2A0M2	0.996
Sniffles2.INS.3M4	0.996
Sniffles2.DEL.9AM0	0.996
Sniffles2.INS.57BM4	0.996
Sniffles2.DEL.552M9	0.996
Sniffles2.INS.5M14	0.996
Sniffles2.INS.30AM8	0.996
Sniffles2.DEL.42DMB	0.996
Sniffles2.INS.4B4M4	0.996
Sniffles2.DEL.D2MF	0.996
Sniffles2.INS.1ECM4	0.996
Sniffles2.INS.529M3	0.996
Sniffles2.INV.40FM6	0.996
Sniffles2.INS.6M4	0.996
Sniffles2.DEL.F2M11	0.996
Sniffles2.INS.159M3	0.996
Sniffles2.DEL.212M8	0.996
Sniffles2.INS.13MD	0.996
Sniffles2.INS.360M4	0.996
Sniffles2.INS.216M12	0.996
Sniffles2.INS.3CMD	0.996
Sniffles2.INS.56M6	0.996
Sniffles2.INS.652M3	0.996
Sniffles2.INS.3CDM10	0.996
Sniffles2.INS.498M13	0.996
Sniffles2.INS.25MD	0.996
Sniffles2.DEL.D1M2	0.996
Sniffles2.INS.1FBM9	0.996
Sniffles2.INS.13M14	0.996
Sniffles2.INS.232MC	0.996
Sniffles2.DEL.CDM2	0.996
Sniffles2.DEL.BAM2	0.996
Sniffles2.INS.42FMA	0.996
Sniffles2.INS.67M14	0.996
Sniffles2.DEL.5AM2	0.996
Sniffles2.DEL.397M10	0.996
Sniffles2.INS.D9M5	0.996
Sniffles2.INS.1BFMD	0.996
Sniffles2.DEL.11DM14	0.996
Sniffles2.INS.5M4	0.996
Sniffles2.INS.13DM2	0.996
Sniffles2.INS.155M6	0.996
Sniffles2.INV.323M6	0.996
Sniffles2.INS.FM4	0.996
Sniffles2.DEL.49BM3	0.996
Sniffles2.INS.3ACM2	0.996
Sniffles2.INS.11M4	0.996
Sniffles2.INS.26EM6	0.996
Sniffles2.INS.3EM10	0.996
Sniffles2.DEL.24BM2	0.996
Sniffles2.INS.64AM4	0.996
Sniffles2.INS.553M3	0.996
Sniffles2.DEL.20FM4	0.996
Sniffles2.DEL.27CMF	0.996
Sniffles2.INS.306M3	0.996
Sniffles2.INS.12DM3	0.996
Sniffles2.INS.423M9	0.996
Sniffles2.INS.4A2M13	0.996
Sniffles2.INV.385M5	0.996
Sniffles2.INS.4BBM2	0.996
Sniffles2.INS.412M2	0.996
Sniffles2.INS.255M4	0.996
Sniffles2.INS.15DM9	0.996
Sniffles2.INS.51BM3	0.996
Sniffles2.INS.15MD	0.996
Sniffles2.INS.2D0M0	0.996
Sniffles2.DEL.129M1	0.996
Sniffles2.INS.44M14	0.996
Sniffles2.INS.339MA	0.996
Sniffles2.INS.7M4	0.996
Sniffles2.INS.69DM3	0.996
Sniffles2.DEL.10EMF	0.996
Sniffles2.DEL.349M9	0.996
Sniffles2.INS.4M14	0.996
Sniffles2.INS.2M4	0.996
Sniffles2.INS.411M8	0.996
Sniffles2.INS.33M4	0.996
Sniffles2.INS.359MA	0.996
Sniffles2.DEL.2EM14	0.996
Sniffles2.INS.158MA	0.996
Sniffles2.INS.231M4	0.996
Sniffles2.INS.2AEM12	0.996
Sniffles2.INS.7M14	0.996
Sniffles2.INS.61FM9	0.996
Sniffles2.INS.52MD	0.996
Sniffles2.INS.FDM8	0.996
Sniffles2.INS.253M16	0.996
Sniffles2.DEL.1A2MA	0.996
Sniffles2.INS.CM14	0.996
Sniffles2.INS.3FMD	0.996
Sniffles2.DEL.122M11	0.996
Sniffles2.INS.58BM1	0.996
Sniffles2.DEL.254M12	0.996
Sniffles2.INS.2DDMA	0.996
Sniffles2.INS.4C2M1	0.996
Sniffles2.INS.244MA	0.996
Sniffles2.INS.14MD	0.996
Sniffles2.INS.4C2MA	0.996
Sniffles2.INV.322M6	0.996
Sniffles2.INS.DM2	0.996
Sniffles2.DEL.49FM9	0.996
Sniffles2.INS.39EM1	0.996
Sniffles2.INS.65M10	0.996
Sniffles2.DEL.554M9	0.996
Sniffles2.INS.13M4	0.996
Sniffles2.DEL.11CM8	0.996
Sniffles2.INS.256M4	0.996
Sniffles2.INS.4FMD	0.996
Sniffles2.INS.542M6	0.996
Sniffles2.INS.22BM13	0.996
Sniffles2.INS.6M9	0.996
Sniffles2.DEL.42FM6	0.996
Sniffles2.INS.3C6M4	0.996
Sniffles2.DEL.183M8	0.996
Sniffles2.INS.29M17	0.996
Sniffles2.INV.410M6	0.996
Sniffles2.INS.A7M5	0.996
Sniffles2.INS.290M9	0.996
Sniffles2.INS.474M6	0.996
Sniffles2.DEL.486MB	0.996
Sniffles2.INS.86MD	0.996
Sniffles2.INS.1B9MD	0.996
Sniffles2.DEL.379MF	0.996
Sniffles2.INS.4FCM3	0.996
Sniffles2.INS.4B4M9	0.996
Sniffles2.INS.5AFM3	0.996
Sniffles2.INS.3D7M4	0.996
Sniffles2.DEL.259M3	0.996
Sniffles2.INS.319MA	0.996
Sniffles2.INV.A1M5	0.996
Sniffles2.DEL.27DMF	0.996
Sniffles2.INS.610M3	0.996
Sniffles2.INS.59EM3	0.996
Sniffles2.INS.326M9	0.996
Sniffles2.INS.22BM6	0.996
Sniffles2.INS.2M14	0.996
Sniffles2.INS.3F6M4	0.996
Sniffles2.DEL.DDM9	0.996
Sniffles2.INS.BAMD	0.996
Sniffles2.DEL.15AM8	0.996
Sniffles2.INS.454M10	0.996
Sniffles2.DEL.663M6	0.996
Sniffles2.INS.552M3	0.996
Sniffles2.INS.29MD	0.996
Sniffles2.DEL.16BMD	0.994
Sniffles2.DEL.3BBM16	0.994
Sniffles2.INS.106M13	0.994
Sniffles2.DEL.278M15	0.994
Sniffles2.INS.2FBM2	0.994
Sniffles2.DEL.F3MB	0.994
Sniffles2.INS.2DCM1	0.994
Sniffles2.INS.10EMA	0.994
Sniffles2.DEL.19FM7	0.994
Sniffles2.DEL.9DM2	0.994
Sniffles2.DEL.136M13	0.994
Sniffles2.INS.1E6M5	0.994
Sniffles2.INS.5EBM6	0.994
Sniffles2.INS.2BCM16	0.994
Sniffles2.DEL.3M7	0.994
Sniffles2.DEL.209M15	0.994
Sniffles2.DEL.190MB	0.994
Sniffles2.DEL.D2MD	0.994
Sniffles2.DEL.239M2	0.994
Sniffles2.INS.F7M11	0.994
Sniffles2.INS.31FM16	0.994
Sniffles2.DEL.2EEM1	0.994
Sniffles2.DEL.2F1M7	0.994
Sniffles2.DEL.329ME	0.994
Sniffles2.INS.15AMD	0.994
Sniffles2.DEL.35M0	0.994
Sniffles2.DEL.666M6	0.994
Sniffles2.DEL.9BM7	0.994
Sniffles2.INS.32DMA	0.994
Sniffles2.INS.229M7	0.994
Sniffles2.INS.72M6	0.994
Sniffles2.INS.28EM11	0.994
Sniffles2.DEL.552M5	0.994
Sniffles2.DEL.315M7	0.994
Sniffles2.INS.15CM11	0.994
Sniffles2.INS.4M11	0.994
Sniffles2.INS.381M10	0.994
Sniffles2.DEL.24CM2	0.994
Sniffles2.DEL.1B8M16	0.994
Sniffles2.DEL.165M3	0.994
Sniffles2.INS.7M11	0.994
Sniffles2.DEL.275M3	0.994
Sniffles2.DEL.4AM14	0.994
Sniffles2.DEL.6A6M3	0.994
Sniffles2.INS.2A2MA	0.994
Sniffles2.DEL.2D1M9	0.994
Sniffles2.INS.201M14	0.994
Sniffles2.DEL.5AEM4	0.994
Sniffles2.INS.539M0	0.994
Sniffles2.INS.4E1M9	0.994
Sniffles2.INS.1B0M1	0.994
Sniffles2.INS.500M1	0.994
Sniffles2.INS.47CMA	0.994
Sniffles2.INS.40EMF	0.994
Sniffles2.INS.30AM16	0.994
Sniffles2.INS.1E8M11	0.994
Sniffles2.DEL.15EMB	0.994
Sniffles2.DEL.345M7	0.994
Sniffles2.DEL.2E5M1	0.994
Sniffles2.INS.2E2M15	0.994
Sniffles2.INS.329M1	0.994
Sniffles2.INS.71M6	0.994
Sniffles2.DEL.1B3MB	0.994
Sniffles2.DEL.7F1M1	0.994
Sniffles2.INS.267ME	0.994
Sniffles2.DEL.171MB	0.994
Sniffles2.INS.4B5M1	0.994
Sniffles2.INS.25BM2	0.994
Sniffles2.DEL.FBMB	0.994
Sniffles2.DEL.28AM15	0.994
Sniffles2.DEL.13MA	0.994
Sniffles2.DEL.153MB	0.994
Sniffles2.INS.17BMA	0.994
Sniffles2.DEL.299M14	0.994
Sniffles2.INS.76M6	0.994
Sniffles2.DEL.3C0M4	0.994
Sniffles2.INS.214ME	0.994
Sniffles2.DEL.ADM3	0.994
Sniffles2.DEL.38AM1	0.994
Sniffles2.DEL.3CDM16	0.994
Sniffles2.DEL.625M1	0.994
Sniffles2.DEL.6M7	0.994
Sniffles2.INS.28M17	0.994
Sniffles2.DEL.36M15	0.994
Sniffles2.INS.52DM1	0.994
Sniffles2.INS.5C6M0	0.994
Sniffles2.DEL.2DEM15	0.994
Sniffles2.DEL.C8M15	0.994
Sniffles2.INS.134M11	0.994
Sniffles2.DEL.20M16	0.994
Sniffles2.DEL.DBM14	0.994
Sniffles2.DEL.ADMB	0.994
Sniffles2.INS.55CM1	0.994
Sniffles2.INS.443M1	0.994
Sniffles2.INS.18DM17	0.994
Sniffles2.INS.2D9M9	0.994
Sniffles2.INS.127M0	0.994
Sniffles2.DEL.14DM1	0.994
Sniffles2.INS.3M5	0.994
Sniffles2.INS.2DAM13	0.994
Sniffles2.DEL.1DCM15	0.994
Sniffles2.INS.3ECM1	0.994
Sniffles2.DEL.64AM6	0.994
Sniffles2.INS.431MA	0.994
Sniffles2.DEL.43CMB	0.994
Sniffles2.INS.129M9	0.994
Sniffles2.INS.38EM4	0.992
Sniffles2.INS.9EM15	0.992
Sniffles2.DEL.289M14	0.992
Sniffles2.INS.19CMB	0.992
Sniffles2.INS.86ME	0.992
Sniffles2.INS.E3M13	0.992
Sniffles2.INS.3DAM1	0.992
Sniffles2.INS.141M2	0.992
Sniffles2.DEL.357M0	0.992
Sniffles2.INS.503M4	0.992
Sniffles2.INS.84CM0	0.992
Sniffles2.INS.4D4M2	0.992
Sniffles2.INS.277M6	0.992
Sniffles2.DEL.1AEMC	0.992
Sniffles2.INS.593M9	0.992
Sniffles2.INS.1D4M14	0.992
Sniffles2.INS.444M10	0.992
Sniffles2.INS.9AME	0.992
Sniffles2.INS.2D7MF	0.992
Sniffles2.INS.3C4M1	0.992
Sniffles2.INS.A7ME	0.992
Sniffles2.INS.3DFMF	0.992
Sniffles2.INS.1F7MB	0.992
Sniffles2.INS.21BM11	0.992
Sniffles2.INS.5D3M4	0.992
Sniffles2.INS.24EMB	0.992
Sniffles2.INS.187M9	0.992
Sniffles2.DEL.1F7M9	0.992
Sniffles2.INS.3B1M11	0.992
Sniffles2.INS.167M9	0.992
Sniffles2.INS.B6ME	0.992
Sniffles2.DEL.12BM14	0.992
Sniffles2.DEL.295M4	0.992
Sniffles2.INS.312M2	0.992
Sniffles2.INS.317MA	0.992
Sniffles2.DEL.5F8M5	0.992
Sniffles2.INS.10EM4	0.992
Sniffles2.INS.131M15	0.992
Sniffles2.INS.169M4	0.992
Sniffles2.INS.1M3	0.992
Sniffles2.INS.116M4	0.992
Sniffles2.INS.1BFMF	0.992
Sniffles2.INS.47EM13	0.992
Sniffles2.INS.BEME	0.992
Sniffles2.INS.A9ME	0.992
Sniffles2.INS.103M4	0.992
Sniffles2.INS.490M13	0.992
Sniffles2.INS.29FMB	0.992
Sniffles2.INS.55DM2	0.992
Sniffles2.INS.4BEMB	0.992
Sniffles2.DEL.191MB	0.992
Sniffles2.DEL.193MB	0.992
Sniffles2.INS.42M4	0.992
Sniffles2.INS.A3ME	0.992
Sniffles2.INS.97M4	0.992
Sniffles2.INS.20DM7	0.992
Sniffles2.DEL.17AM0	0.992
Sniffles2.INS.75CM1	0.992
Sniffles2.INS.5A5M6	0.992
Sniffles2.INS.2F9M0	0.992
Sniffles2.DEL.142M3	0.992
Sniffles2.INS.1C7M10	0.992
Sniffles2.INS.29CM13	0.992
Sniffles2.DEL.13CM0	0.992
Sniffles2.DEL.162M13	0.992
Sniffles2.DEL.32BME	0.992
Sniffles2.INS.8FME	0.992
Sniffles2.INS.4CFMA	0.992
Sniffles2.INS.F1M4	0.992
Sniffles2.INS.97ME	0.992
Sniffles2.INS.1B6M11	0.992
Sniffles2.INS.0M13	0.992
Sniffles2.DEL.1FFMB	0.992
Sniffles2.INS.19DMD	0.992
Sniffles2.INS.447MA	0.992
Sniffles2.INS.117M15	0.992
Sniffles2.INS.129M15	0.992
Sniffles2.INS.E0M4	0.992
Sniffles2.DEL.24DMF	0.992
Sniffles2.INS.300MB	0.992
Sniffles2.INS.495M16	0.992
Sniffles2.INS.51FM5	0.992
Sniffles2.INS.A8M15	0.992
Sniffles2.DEL.72CM1	0.992
Sniffles2.DEL.1FM14	0.992
Sniffles2.INS.120M15	0.992
Sniffles2.INS.5FDM6	0.992
Sniffles2.INS.67FM0	0.992
Sniffles2.INS.2A8MB	0.992
Sniffles2.INS.2F7MB	0.992
Sniffles2.INS.BAME	0.992
Sniffles2.INS.BCME	0.992
Sniffles2.INS.B4ME	0.992
Sniffles2.DEL.1D7MF	0.992
Sniffles2.INS.12EMB	0.992
Sniffles2.DEL.1E0M2	0.992
Sniffles2.INS.A2M15	0.99
Sniffles2.DEL.693M3	0.99
Sniffles2.INS.6C3M1	0.99
Sniffles2.DEL.428M16	0.99
Sniffles2.DEL.6DMA	0.99
Sniffles2.INS.3A0M0	0.99
Sniffles2.INS.391M1	0.99
Sniffles2.INS.2C8M1	0.99
Sniffles2.DEL.44AM9	0.99
Sniffles2.INS.223M9	0.99
Sniffles2.DEL.34CM6	0.99
Sniffles2.INS.BFM8	0.99
Sniffles2.INS.615M4	0.99
Sniffles2.DEL.88M6	0.99
Sniffles2.DEL.230M14	0.99
Sniffles2.INS.564M2	0.99
Sniffles2.INS.19EM13	0.99
Sniffles2.INS.57FM3	0.99
Sniffles2.DEL.141M5	0.99
Sniffles2.DEL.285ME	0.99
Sniffles2.INS.3DEMB	0.99
Sniffles2.INS.372M0	0.99
Sniffles2.DEL.2A1M15	0.99
Sniffles2.DEL.25M16	0.99
Sniffles2.DEL.5BAM5	0.99
Sniffles2.INS.155M8	0.99
Sniffles2.DEL.311M16	0.99
Sniffles2.INS.136MB	0.99
Sniffles2.INS.6ABM1	0.99
Sniffles2.DEL.2A6M4	0.99
Sniffles2.INS.35M1	0.99
Sniffles2.INS.363M16	0.99
Sniffles2.DEL.636M4	0.99
Sniffles2.INS.13EM5	0.99
Sniffles2.INS.24EM16	0.99
Sniffles2.INS.27CM1	0.99
Sniffles2.INS.328M16	0.99
Sniffles2.INS.46MB	0.99
Sniffles2.DEL.472M5	0.99
Sniffles2.INS.3E0M2	0.99
Sniffles2.DEL.657M3	0.99
Sniffles2.DEL.5DCM5	0.99
Sniffles2.DEL.7DM15	0.99
Sniffles2.INS.5BCM9	0.99
Sniffles2.DEL.2BCMC	0.99
Sniffles2.DEL.10BM14	0.99
Sniffles2.DEL.2FCM1	0.99
Sniffles2.INS.E8MA	0.99
Sniffles2.INS.164M8	0.99
Sniffles2.DEL.61M6	0.99
Sniffles2.DEL.20BM11	0.99
Sniffles2.INS.438M6	0.99
Sniffles2.INS.267M16	0.99
Sniffles2.INS.6FAM1	0.99
Sniffles2.INS.234MF	0.99
Sniffles2.DEL.524M0	0.99
Sniffles2.DEL.198M5	0.99
Sniffles2.INS.273M16	0.99
Sniffles2.INS.656M1	0.99
Sniffles2.DEL.437M6	0.99
Sniffles2.INS.457M16	0.99
Sniffles2.INS.2CBM1	0.99
Sniffles2.DEL.554M5	0.99
Sniffles2.INS.2D7M0	0.99
Sniffles2.INS.3F7M5	0.99
Sniffles2.DEL.5BM9	0.99
Sniffles2.DEL.176M15	0.988
Sniffles2.INS.4CM17	0.988
Sniffles2.INS.A3M17	0.988
Sniffles2.INS.21BMA	0.988
Sniffles2.INS.2B8M2	0.988
Sniffles2.DEL.55EM5	0.988
Sniffles2.INS.571M4	0.988
Sniffles2.INS.149M17	0.988
Sniffles2.DEL.35AM6	0.988
Sniffles2.INS.6BM14	0.988
Sniffles2.INS.133M5	0.988
Sniffles2.INS.2F4M4	0.988
Sniffles2.INS.A0M17	0.988
Sniffles2.INS.46AM7	0.988
Sniffles2.INS.6FM17	0.988
Sniffles2.INS.4CMF	0.988
Sniffles2.INS.3FAM5	0.988
Sniffles2.INS.14AM17	0.988
Sniffles2.INS.665M4	0.988
Sniffles2.INS.10M14	0.988
Sniffles2.INS.16FM17	0.988
Sniffles2.DEL.27CM3	0.988
Sniffles2.INS.150M4	0.988
Sniffles2.DEL.5FM15	0.988
Sniffles2.DEL.2C1M15	0.988
Sniffles2.DEL.15EM15	0.988
Sniffles2.INS.46M14	0.988
Sniffles2.DEL.26AM2	0.988
Sniffles2.INS.3F0M16	0.988
Sniffles2.INS.2BM11	0.988
Sniffles2.INS.171M17	0.988
Sniffles2.DEL.565M5	0.988
Sniffles2.DEL.24DM2	0.988
Sniffles2.INS.67DM1	0.988
Sniffles2.INS.A8M8	0.988
Sniffles2.INS.327M2	0.988
Sniffles2.INS.19BM7	0.988
Sniffles2.INS.5BBM9	0.988
Sniffles2.DEL.354M3	0.988
Sniffles2.INS.CCMA	0.988
Sniffles2.INS.4D9M5	0.988
Sniffles2.DEL.429M5	0.988
Sniffles2.INS.299M1	0.988
Sniffles2.INS.424M5	0.988
Sniffles2.INS.42BM16	0.988
Sniffles2.DEL.60M15	0.988
Sniffles2.DEL.1DM3	0.988
Sniffles2.DEL.264M2	0.988
Sniffles2.INS.CCM17	0.988
Sniffles2.INS.281M17	0.988
Sniffles2.INS.6CM14	0.988
Sniffles2.INS.257M17	0.988
Sniffles2.INS.65EM4	0.988
Sniffles2.INS.495M9	0.988
Sniffles2.INS.116M17	0.988
Sniffles2.INS.9BM8	0.988
Sniffles2.INS.305M3	0.988
Sniffles2.INS.389M3	0.988
Sniffles2.INS.7DM14	0.988
Sniffles2.INS.16DM17	0.988
Sniffles2.INS.54M14	0.988
Sniffles2.INS.27FM17	0.988
Sniffles2.INS.590M3	0.988
Sniffles2.INS.1B7M17	0.988
Sniffles2.INS.280M17	0.988
Sniffles2.INS.358M5	0.988
Sniffles2.DEL.112M14	0.988
Sniffles2.INS.18EM5	0.988
Sniffles2.INS.CAMA	0.988
Sniffles2.INS.21AMA	0.988
Sniffles2.INS.617M4	0.988
Sniffles2.INS.3B0M9	0.988
Sniffles2.INS.19EM1	0.988
Sniffles2.INS.35AM5	0.988
Sniffles2.DEL.3B8MF	0.988
Sniffles2.INS.375M13	0.988
Sniffles2.INS.5D4M4	0.986
Sniffles2.INS.11EMD	0.986
Sniffles2.INS.15MA	0.986
Sniffles2.INS.B8MC	0.986
Sniffles2.INS.226M16	0.986
Sniffles2.INS.2FM4	0.986
Sniffles2.DEL.1EFM0	0.986
Sniffles2.INS.455M3	0.986
Sniffles2.DEL.17EMD	0.986
Sniffles2.INS.4DM4	0.986
Sniffles2.INS.15M4	0.986
Sniffles2.DEL.668M6	0.986
Sniffles2.INS.2DDM2	0.986
Sniffles2.INS.284M6	0.986
Sniffles2.INS.2M5	0.986
Sniffles2.DEL.397M5	0.986
Sniffles2.DEL.364M13	0.986
Sniffles2.INS.239M0	0.986
Sniffles2.DUP.490M5	0.986
Sniffles2.INS.209MD	0.986
Sniffles2.INS.AEME	0.986
Sniffles2.INS.4B4MA	0.986
Sniffles2.INS.3DDM3	0.986
Sniffles2.INS.42BM13	0.986
Sniffles2.DEL.24CM9	0.986
Sniffles2.INS.1CCM8	0.986
Sniffles2.DEL.4A7MB	0.986
Sniffles2.INS.545M9	0.986
Sniffles2.INS.FEM9	0.986
Sniffles2.DEL.45EM9	0.986
Sniffles2.INS.1C8MD	0.986
Sniffles2.INS.299M9	0.986
Sniffles2.DEL.1FM5	0.986
Sniffles2.INS.4A0M0	0.986
Sniffles2.INS.1FAM4	0.986
Sniffles2.INS.455M4	0.986
Sniffles2.INS.F8ME	0.986
Sniffles2.INS.43M4	0.986
Sniffles2.INS.121M9	0.986
Sniffles2.DEL.181M9	0.986
Sniffles2.INS.404M10	0.986
Sniffles2.INS.16M4	0.986
Sniffles2.INS.456M4	0.986
Sniffles2.INS.356M16	0.986
Sniffles2.INS.3DM6	0.986
Sniffles2.INS.3AM8	0.986
Sniffles2.INS.412M16	0.986
Sniffles2.INS.153MD	0.986
Sniffles2.INS.228M11	0.986
Sniffles2.INS.2CCME	0.986
Sniffles2.DEL.2CCM9	0.986
Sniffles2.DEL.2FEM1	0.986
Sniffles2.INS.498M4	0.986
Sniffles2.DEL.7M16	0.986
Sniffles2.INS.458M4	0.986
Sniffles2.INS.1E0ME	0.986
Sniffles2.INS.384M0	0.986
Sniffles2.INS.1EEMD	0.986
Sniffles2.INS.254ME	0.984
Sniffles2.INS.7M10	0.984
Sniffles2.INS.233M16	0.984
Sniffles2.INS.30FM10	0.984
Sniffles2.DEL.1B8M9	0.984
Sniffles2.DEL.14AMF	0.984
Sniffles2.INS.233M8	0.984
Sniffles2.INS.6D2M6	0.984
Sniffles2.INS.2DM10	0.984
Sniffles2.INS.2FAM14	0.984
Sniffles2.INS.2AAMD	0.984
Sniffles2.INS.3F7M13	0.984
Sniffles2.INS.2EEM13	0.984
Sniffles2.INS.321ME	0.984
Sniffles2.INS.A1M15	0.984
Sniffles2.INS.39M10	0.984
Sniffles2.INS.11MF	0.984
Sniffles2.INS.1FCM5	0.984
Sniffles2.INS.591M3	0.984
Sniffles2.INS.7A3M1	0.984
Sniffles2.INS.2C5M7	0.984
Sniffles2.INS.47AM1	0.984
Sniffles2.INS.59M15	0.984
Sniffles2.INS.1D3MD	0.984
Sniffles2.INS.430M1	0.984
Sniffles2.INS.4BBM6	0.984
Sniffles2.INS.1B2MF	0.984
Sniffles2.INS.311M14	0.984
Sniffles2.INS.505M1	0.984
Sniffles2.INS.217M14	0.984
Sniffles2.INS.15M7	0.984
Sniffles2.INS.385M2	0.984
Sniffles2.INS.4F3M2	0.984
Sniffles2.INS.214MB	0.984
Sniffles2.INS.32MB	0.984
Sniffles2.INS.236M3	0.984
Sniffles2.INS.82BM0	0.984
Sniffles2.INS.16AM4	0.984
Sniffles2.INS.222ME	0.984
Sniffles2.INS.4FCM9	0.984
Sniffles2.INS.76M10	0.984
Sniffles2.INS.489M2	0.984
Sniffles2.INS.13EME	0.984
Sniffles2.INS.36AM2	0.984
Sniffles2.DEL.59DM4	0.984
Sniffles2.DEL.1FFM10	0.984
Sniffles2.INS.541M8	0.984
Sniffles2.INS.A7M10	0.984
Sniffles2.INS.639M0	0.984
Sniffles2.INS.51CM2	0.984
Sniffles2.INS.3A4M1	0.984
Sniffles2.INS.CCM11	0.984
Sniffles2.INS.1BBM14	0.984
Sniffles2.INS.227MF	0.984
Sniffles2.INS.3F6M1	0.984
Sniffles2.INS.397M16	0.984
Sniffles2.INS.20MB	0.984
Sniffles2.INS.324ME	0.984
Sniffles2.INS.2EBM13	0.984
Sniffles2.INS.5BAM1	0.984
Sniffles2.INS.388M13	0.984
Sniffles2.INS.2EDM13	0.984
Sniffles2.INS.3FDM4	0.984
Sniffles2.INS.218M2	0.984
Sniffles2.DEL.153M11	0.984
Sniffles2.INS.30M10	0.984
Sniffles2.DEL.1A6M8	0.984
Sniffles2.DEL.43FM0	0.984
Sniffles2.INS.F5M5	0.984
Sniffles2.INS.408M16	0.984
Sniffles2.INS.1BDME	0.984
Sniffles2.INS.11AM7	0.984
Sniffles2.DEL.33FM3	0.984
Sniffles2.INS.17M10	0.984
Sniffles2.INS.85M15	0.984
Sniffles2.INS.641M1	0.984
Sniffles2.INS.19M7	0.984
Sniffles2.INS.6D3M6	0.984
Sniffles2.INS.2B7M14	0.984
Sniffles2.INS.70M15	0.984
Sniffles2.INS.176M2	0.984
Sniffles2.INS.1AM10	0.984
Sniffles2.INS.53M15	0.984
Sniffles2.INS.227ME	0.984
Sniffles2.INS.356M0	0.984
Sniffles2.INS.224M9	0.984
Sniffles2.INS.5B1M0	0.984
Sniffles2.INS.32M10	0.984
Sniffles2.INS.3DM10	0.984
Sniffles2.INS.3F9M0	0.984
Sniffles2.INS.2E3ME	0.984
Sniffles2.INS.112M15	0.984
Sniffles2.DEL.35BME	0.984
Sniffles2.INS.14M10	0.984
Sniffles2.INS.375M4	0.984
Sniffles2.INS.305M7	0.984
Sniffles2.INS.18M10	0.984
Sniffles2.INS.4E2M2	0.984
Sniffles2.INS.258MB	0.984
Sniffles2.INS.2D1ME	0.984
Sniffles2.INS.107M13	0.984
Sniffles2.INS.49BM2	0.984
Sniffles2.INS.387M2	0.984
Sniffles2.INS.40BM1	0.984
Sniffles2.INS.79M2	0.984
Sniffles2.INS.46AM9	0.984
Sniffles2.INS.4E1M2	0.984
Sniffles2.INS.B1MA	0.984
Sniffles2.INS.22CM14	0.984
Sniffles2.INS.DBM15	0.984
Sniffles2.INS.E8MD	0.984
Sniffles2.INS.2A5M6	0.982
Sniffles2.DEL.10FME	0.982
Sniffles2.DEL.56CM5	0.982
Sniffles2.INV.26FMA	0.982
Sniffles2.INS.10AM17	0.982
Sniffles2.DEL.2FCM9	0.982
Sniffles2.DEL.BFM4	0.982
Sniffles2.DEL.6B0M1	0.982
Sniffles2.INS.51CM6	0.982
Sniffles2.INS.26M17	0.982
Sniffles2.INS.2A8M16	0.982
Sniffles2.INS.5E2M9	0.982
Sniffles2.INS.27DM8	0.982
Sniffles2.INS.297MA	0.982
Sniffles2.DEL.1E0M8	0.982
Sniffles2.DEL.20DM8	0.982
Sniffles2.INS.74M10	0.982
Sniffles2.INV.FAM2	0.982
Sniffles2.INS.19M17	0.982
Sniffles2.INS.50M17	0.982
Sniffles2.INS.12FM17	0.982
Sniffles2.INS.2E9M9	0.982
Sniffles2.INS.172M17	0.982
Sniffles2.INV.270MA	0.982
Sniffles2.INS.13M17	0.982
Sniffles2.INV.3F3M2	0.982
Sniffles2.DEL.15AME	0.982
Sniffles2.DEL.26ME	0.982
Sniffles2.DEL.134ME	0.982
Sniffles2.INS.13EM17	0.982
Sniffles2.INS.167MB	0.982
Sniffles2.INS.148M17	0.982
Sniffles2.INV.271MA	0.982
Sniffles2.INS.66CM6	0.982
Sniffles2.DUP.1CDMF	0.982
Sniffles2.INS.691M6	0.982
Sniffles2.INS.53EM6	0.982
Sniffles2.INS.2DM17	0.982
Sniffles2.INS.1B8M17	0.982
Sniffles2.INS.62BM6	0.982
Sniffles2.DEL.D6M1	0.982
Sniffles2.INS.10FM8	0.982
Sniffles2.DEL.235M8	0.982
Sniffles2.INS.2A3ME	0.98
Sniffles2.DEL.168M8	0.98
Sniffles2.DEL.280MF	0.98
Sniffles2.DEL.6FEM1	0.98
Sniffles2.INS.201MD	0.98
Sniffles2.INS.382MB	0.98
Sniffles2.INS.98M14	0.98
Sniffles2.INS.2CFMB	0.98
Sniffles2.INS.85M14	0.98
Sniffles2.INS.653M3	0.98
Sniffles2.INS.3ME	0.98
Sniffles2.DEL.C7MB	0.98
Sniffles2.INS.169M0	0.98
Sniffles2.INS.1ME	0.98
Sniffles2.INS.BAM14	0.98
Sniffles2.INS.A9M14	0.98
Sniffles2.INS.1CFM13	0.98
Sniffles2.INS.99M14	0.98
Sniffles2.INS.6MA	0.98
Sniffles2.INS.9CM14	0.98
Sniffles2.DEL.439M9	0.98
Sniffles2.INS.1EAME	0.98
Sniffles2.INS.3B4M4	0.98
Sniffles2.INS.189M9	0.98
Sniffles2.INS.302MB	0.98
Sniffles2.INS.287MD	0.98
Sniffles2.INS.9AM14	0.98
Sniffles2.DEL.11DMB	0.98
Sniffles2.INS.0ME	0.98
Sniffles2.INS.AAM14	0.98
Sniffles2.INS.86M14	0.98
Sniffles2.INS.93M14	0.98
Sniffles2.INS.268M3	0.98
Sniffles2.INS.9FM14	0.98
Sniffles2.INS.A9M6	0.98
Sniffles2.INS.75M6	0.98
Sniffles2.INS.226M17	0.98
Sniffles2.INS.33EME	0.98
Sniffles2.INS.213MD	0.98
Sniffles2.INS.2B1MD	0.98
Sniffles2.INS.9DM14	0.98
Sniffles2.INS.3AFM9	0.98
Sniffles2.INS.286MD	0.98
Sniffles2.DEL.1FM10	0.98
Sniffles2.INS.3EEM0	0.98
Sniffles2.DEL.29AMD	0.98
Sniffles2.INS.31FMB	0.98
Sniffles2.INS.5MA	0.98
Sniffles2.INS.33M13	0.98
Sniffles2.INS.5D3M9	0.98
Sniffles2.INS.654M3	0.98
Sniffles2.INS.BBM7	0.98
Sniffles2.INS.12EME	0.98
Sniffles2.DEL.4FFM9	0.98
Sniffles2.DEL.29BMD	0.98
Sniffles2.INV.1EBM0	0.98
Sniffles2.INS.A6M14	0.98
Sniffles2.DEL.398M1	0.98
Sniffles2.INS.5ECM4	0.978
Sniffles2.INS.3B5M3	0.978
Sniffles2.INS.192MD	0.978
Sniffles2.INS.5F5M1	0.978
Sniffles2.INS.150M5	0.978
Sniffles2.INS.52CM3	0.978
Sniffles2.INS.5CEM3	0.978
Sniffles2.INS.1FDM15	0.978
Sniffles2.INS.2AM1	0.978
Sniffles2.INS.5M1	0.978
Sniffles2.INS.1B3MF	0.978
Sniffles2.INS.1EDMF	0.978
Sniffles2.INS.36EM16	0.978
Sniffles2.INS.AM1	0.978
Sniffles2.INS.231M1	0.978
Sniffles2.INS.1DBM7	0.978
Sniffles2.INS.237M16	0.978
Sniffles2.INS.36FM16	0.978
Sniffles2.INS.0M6	0.978
Sniffles2.INS.4CCM4	0.978
Sniffles2.INS.390M13	0.978
Sniffles2.INS.12M1	0.978
Sniffles2.INS.2M6	0.978
Sniffles2.DEL.2B9M9	0.978
Sniffles2.INS.CEM14	0.978
Sniffles2.INS.49EM16	0.978
Sniffles2.INS.3M1	0.978
Sniffles2.INS.101MD	0.978
Sniffles2.INS.98MD	0.978
Sniffles2.INS.28M1	0.978
Sniffles2.INS.3FDMB	0.978
Sniffles2.DEL.24CMF	0.976
Sniffles2.DEL.1C0M16	0.976
Sniffles2.DEL.212M16	0.976
Sniffles2.DEL.250ME	0.976
Sniffles2.INS.435M9	0.976
Sniffles2.INS.5ACM0	0.976
Sniffles2.INS.79M15	0.976
Sniffles2.INS.84M15	0.976
Sniffles2.INS.38DM1	0.976
Sniffles2.INS.505M2	0.976
Sniffles2.INS.16AM8	0.976
Sniffles2.INS.22BMD	0.976
Sniffles2.INS.34BME	0.976
Sniffles2.DEL.1D7M16	0.976
Sniffles2.DEL.2C7M4	0.976
Sniffles2.INS.297M16	0.976
Sniffles2.INS.27CM13	0.976
Sniffles2.INS.29FM9	0.976
Sniffles2.DEL.179M13	0.976
Sniffles2.DEL.4FEM4	0.976
Sniffles2.DEL.3E7M13	0.976
Sniffles2.DEL.26BM2	0.976
Sniffles2.INS.2EEM6	0.974
Sniffles2.INS.E3MD	0.974
Sniffles2.INS.13BM17	0.974
Sniffles2.DEL.409M4	0.974
Sniffles2.DUP.67FM6	0.974
Sniffles2.INS.37DM12	0.974
Sniffles2.INS.D9M17	0.974
Sniffles2.INS.6B0M0	0.974
Sniffles2.INS.42FM3	0.974
Sniffles2.INS.2A9M16	0.974
Sniffles2.DEL.423M13	0.974
Sniffles2.INS.147M17	0.974
Sniffles2.INV.1D6M14	0.974
Sniffles2.INS.447M0	0.974
Sniffles2.INS.27DM17	0.974
Sniffles2.INS.1C0MF	0.974
Sniffles2.INS.245M13	0.974
Sniffles2.INS.A4M17	0.974
Sniffles2.INS.4BM17	0.974
Sniffles2.INS.240M17	0.974
Sniffles2.INS.2AFM10	0.974
Sniffles2.INS.56AM4	0.972
Sniffles2.INS.DFMD	0.972
Sniffles2.INS.14DMD	0.972
Sniffles2.DEL.38CMB	0.972
Sniffles2.DEL.16M16	0.972
Sniffles2.INS.3A7M6	0.972
Sniffles2.INS.D2M6	0.972
Sniffles2.INS.3BM0	0.972
Sniffles2.INS.2A9MD	0.972
Sniffles2.INS.289M16	0.972
Sniffles2.INS.132MB	0.972
Sniffles2.INS.54CM1	0.972
Sniffles2.DEL.1FFM17	0.972
Sniffles2.DEL.43EM16	0.972
Sniffles2.INS.61M0	0.972
Sniffles2.INS.28AM16	0.972
Sniffles2.INS.1EAM5	0.972
Sniffles2.INS.2D0M1	0.972
Sniffles2.INS.32FM6	0.972
Sniffles2.INS.39FM1	0.97
Sniffles2.DEL.274M3	0.97
Sniffles2.INS.6E2M0	0.97
Sniffles2.INS.3A5M1	0.97
Sniffles2.INV.38DM3	0.97
Sniffles2.INS.377M3	0.97
Sniffles2.INS.2FMD	0.97
Sniffles2.INS.149M3	0.97
Sniffles2.DEL.199M11	0.97
Sniffles2.INS.95MD	0.97
Sniffles2.INS.25FM6	0.97
Sniffles2.INV.1A7M3	0.97
Sniffles2.INS.3E2M4	0.97
Sniffles2.INS.E3M14	0.97
Sniffles2.INS.785M0	0.968
Sniffles2.INS.18M0	0.968
Sniffles2.INS.2F3M3	0.968
Sniffles2.INS.1B2M11	0.968
Sniffles2.INS.1FM0	0.968
Sniffles2.DEL.611M9	0.968
Sniffles2.DEL.DBM3	0.968
Sniffles2.INS.2D2M3	0.968
Sniffles2.INS.A3M5	0.968
Sniffles2.DEL.454M3	0.968
Sniffles2.INV.10AMF	0.968
Sniffles2.INS.441M8	0.968
Sniffles2.INS.2ACM9	0.968
Sniffles2.INS.3DEMF	0.968
Sniffles2.INV.14DMF	0.968
Sniffles2.INS.62CM3	0.968
Sniffles2.DEL.198M2	0.968
Sniffles2.INS.306M15	0.966
Sniffles2.INS.1C2MD	0.966
Sniffles2.INS.73MD	0.966
Sniffles2.INS.1DBMC	0.966
Sniffles2.DUP.556M6	0.966
Sniffles2.INS.545M4	0.966
Sniffles2.INS.E6MD	0.966
Sniffles2.INS.414M9	0.966
Sniffles2.INS.465M1	0.966
Sniffles2.INS.92MD	0.966
Sniffles2.DEL.201M13	0.966
Sniffles2.INS.109M12	0.964
Sniffles2.INS.12BM8	0.964
Sniffles2.INS.7C3M0	0.964
Sniffles2.DEL.8AM11	0.964
Sniffles2.INS.3C6M2	0.964
Sniffles2.INS.52DM8	0.964
Sniffles2.INS.528M8	0.964
Sniffles2.INS.37CMB	0.964
Sniffles2.INS.2E3MB	0.964
Sniffles2.DEL.5B8M5	0.964
Sniffles2.INS.52CM8	0.964
Sniffles2.INS.212ME	0.964
Sniffles2.DEL.2FM0	0.964
Sniffles2.INS.3C5M2	0.964
Sniffles2.INS.2ACMF	0.962
Sniffles2.INS.5AAM3	0.962
Sniffles2.INS.26AM16	0.962
Sniffles2.INS.7FM11	0.962
Sniffles2.INS.5E1M9	0.962
Sniffles2.INS.1E3M16	0.962
Sniffles2.DEL.F9M11	0.962
Sniffles2.INS.D9M13	0.962
Sniffles2.INS.2D4M2	0.962
Sniffles2.INS.330M2	0.962
Sniffles2.INS.1C7MC	0.962
Sniffles2.INS.102MC	0.962
Sniffles2.INS.2D7M2	0.962
Sniffles2.INS.773M0	0.962
Sniffles2.INS.53BM0	0.962
Sniffles2.INS.31EM8	0.96
Sniffles2.DEL.F5M1	0.96
Sniffles2.INS.3BCM4	0.96
Sniffles2.INS.102M5	0.96
Sniffles2.DEL.FFM13	0.96
Sniffles2.INS.44BM4	0.96
Sniffles2.INS.127M11	0.96
Sniffles2.INS.668M4	0.96
Sniffles2.INS.360M5	0.96
Sniffles2.DUP.CEMA	0.96
Sniffles2.INS.2CFM16	0.96
Sniffles2.INS.8BM12	0.96
Sniffles2.DUP.161M12	0.96
Sniffles2.INS.3ACMA	0.96
Sniffles2.INS.365M4	0.96
Sniffles2.INS.3B3M4	0.96
Sniffles2.INS.139M11	0.96
Sniffles2.INS.4A6M4	0.96
Sniffles2.INS.57M12	0.96
Sniffles2.DEL.143M4	0.96
Sniffles2.INS.9CM0	0.96
Sniffles2.INS.3C1M0	0.96
Sniffles2.INS.422M5	0.958
Sniffles2.INS.110M17	0.958
Sniffles2.INS.367M5	0.958
Sniffles2.INS.367M1	0.958
Sniffles2.INS.395MB	0.958
Sniffles2.INS.13M13	0.958
Sniffles2.INS.5EAM4	0.958
Sniffles2.INS.111M17	0.958
Sniffles2.DEL.2C7M5	0.958
Sniffles2.INS.627M4	0.958
Sniffles2.INS.460MB	0.956
Sniffles2.INS.33FM16	0.956
Sniffles2.DEL.D6M11	0.956
Sniffles2.INS.24EM1	0.956
Sniffles2.INS.358M6	0.954
Sniffles2.DEL.605M9	0.954
Sniffles2.INS.434M6	0.954
Sniffles2.INS.6D4M1	0.954
Sniffles2.INS.1EDM10	0.954
Sniffles2.DEL.343M9	0.954
Sniffles2.INS.366M6	0.954
Sniffles2.INS.236M7	0.954
Sniffles2.INS.24BM7	0.954
Sniffles2.INS.209M0	0.954
Sniffles2.INS.42CM10	0.954
Sniffles2.INS.2DAMB	0.954
Sniffles2.DEL.186M4	0.952
Sniffles2.INS.148MB	0.952
Sniffles2.INS.2A4M1	0.952
Sniffles2.DEL.510M8	0.952
Sniffles2.INS.212MB	0.952
Sniffles2.INS.444M3	0.952
Sniffles2.INS.49FM7	0.952
Sniffles2.INS.289M9	0.952
Sniffles2.INS.3A7M10	0.952
Sniffles2.INS.321M14	0.952
Sniffles2.INS.240MB	0.95
Sniffles2.INS.416M16	0.95
Sniffles2.INS.355M16	0.95
Sniffles2.INS.81M6	0.95
Sniffles2.INS.3A8M4	0.95
Sniffles2.INS.5CM1	0.95
Sniffles2.INS.3A6M4	0.95
Sniffles2.INS.37DM11	0.95
Sniffles2.INS.46FM0	0.95
Sniffles2.INS.264M14	0.95
Sniffles2.INS.32FMA	0.95
Sniffles2.INS.12AMF	0.95
Sniffles2.DEL.583M0	0.95
Sniffles2.DEL.202M10	0.95
Sniffles2.DEL.476MB	0.948
Sniffles2.DUP.2F3M10	0.948
Sniffles2.DEL.1C2M4	0.948
Sniffles2.DEL.33CM14	0.948
Sniffles2.INS.AAM6	0.948
Sniffles2.INS.261M12	0.948
Sniffles2.INS.2DDM1	0.948
Sniffles2.INS.75MD	0.946
Sniffles2.INS.496M13	0.946
Sniffles2.INS.1D0M13	0.946
Sniffles2.INS.E6M14	0.946
Sniffles2.INS.452M1	0.946
Sniffles2.DEL.DEM11	0.946
Sniffles2.DEL.408MB	0.946
Sniffles2.INS.120MD	0.946
Sniffles2.INS.370M12	0.946
Sniffles2.INS.7MF	0.944
Sniffles2.DEL.36AMF	0.944
Sniffles2.INS.44AM10	0.944
Sniffles2.INS.180ME	0.944
Sniffles2.INS.44BM10	0.944
Sniffles2.DEL.A0M8	0.944
Sniffles2.DEL.499MB	0.944
Sniffles2.DEL.B8M12	0.944
Sniffles2.INS.504M2	0.944
Sniffles2.INS.396M16	0.942
Sniffles2.DEL.319M5	0.942
Sniffles2.DEL.16M6	0.942
Sniffles2.INS.2C1MD	0.942
Sniffles2.INS.2EBMA	0.942
Sniffles2.INS.112M11	0.942
Sniffles2.INS.1F1MF	0.942
Sniffles2.DEL.241MB	0.942
Sniffles2.DEL.225M7	0.94
Sniffles2.DEL.367MC	0.94
Sniffles2.INS.2D7M9	0.94
Sniffles2.INS.4BFM9	0.94
Sniffles2.INS.1E2MD	0.94
Sniffles2.DEL.47BM2	0.94
Sniffles2.DEL.531M0	0.94
Sniffles2.DEL.CDM9	0.938
Sniffles2.INS.242MA	0.938
Sniffles2.INS.49FM16	0.938
Sniffles2.INS.B2M12	0.938
Sniffles2.INS.262ME	0.938
Sniffles2.DEL.FFM12	0.938
Sniffles2.INS.1C4MF	0.938
Sniffles2.INS.480MB	0.936
Sniffles2.DEL.263M7	0.936
Sniffles2.INS.4DEM8	0.936
Sniffles2.INS.2AEM6	0.936
Sniffles2.INS.1DEM6	0.936
Sniffles2.INS.34CM8	0.936
Sniffles2.INS.378M9	0.936
Sniffles2.INS.50CM6	0.936
Sniffles2.INS.542M2	0.934
Sniffles2.INS.45AM0	0.934
Sniffles2.INS.1F2M8	0.934
Sniffles2.DEL.66EM3	0.934
Sniffles2.DEL.5FDM0	0.934
Sniffles2.INS.3A3M1	0.934
Sniffles2.INS.691M0	0.934
Sniffles2.INS.541M2	0.934
Sniffles2.INS.3F0M2	0.934
Sniffles2.INS.41M15	0.934
Sniffles2.INS.2A5M9	0.932
Sniffles2.INS.50EM4	0.932
Sniffles2.INS.793M0	0.932
Sniffles2.INS.469M3	0.932
Sniffles2.INS.381M9	0.932
Sniffles2.INS.4A6MA	0.932
Sniffles2.INS.124M5	0.932
Sniffles2.DEL.258M3	0.932
Sniffles2.INS.2F3M4	0.93
Sniffles2.INS.8M15	0.93
Sniffles2.DEL.B7M15	0.93
Sniffles2.INS.39FM8	0.93
Sniffles2.INS.15EM5	0.93
Sniffles2.INS.7MA	0.93
Sniffles2.INS.2C8M13	0.93
Sniffles2.INS.13EMF	0.93
Sniffles2.INS.3MA	0.93
Sniffles2.INS.1ADM5	0.93
Sniffles2.INS.432MA	0.93
Sniffles2.DEL.58BM4	0.93
Sniffles2.INS.23EMF	0.93
Sniffles2.DEL.7D8M1	0.928
Sniffles2.INS.1F7MC	0.928
Sniffles2.INS.291MF	0.928
Sniffles2.INS.48CM2	0.928
Sniffles2.INS.2EBM16	0.928
Sniffles2.INS.8AME	0.928
Sniffles2.INS.119M11	0.928
Sniffles2.INS.39BM1	0.928
Sniffles2.INS.137MB	0.926
Sniffles2.DEL.3C6M13	0.926
Sniffles2.INS.39BMB	0.926
Sniffles2.INS.190M1	0.926
Sniffles2.DEL.344M6	0.926
Sniffles2.INS.564M0	0.924
Sniffles2.INS.81FM0	0.924
Sniffles2.INS.500M8	0.924
Sniffles2.INS.43EM7	0.924
Sniffles2.INS.502M8	0.924
Sniffles2.INS.4FEM8	0.924
Sniffles2.INS.444M8	0.924
Sniffles2.DEL.C1M17	0.922
Sniffles2.DEL.17CM17	0.922
Sniffles2.INS.2A7M14	0.922
Sniffles2.INS.398MB	0.922
Sniffles2.DEL.E9M17	0.922
Sniffles2.INS.3C5M4	0.922
Sniffles2.INS.DEMD	0.922
Sniffles2.INS.2D4M16	0.922
Sniffles2.INS.10CMD	0.922
Sniffles2.INS.3B1M3	0.92
Sniffles2.INS.3D8M2	0.92
Sniffles2.DEL.3FCMF	0.92
Sniffles2.INS.4CDM3	0.92
Sniffles2.INS.3C1M6	0.92
Sniffles2.DEL.439M16	0.92
Sniffles2.DEL.1D4M16	0.92
Sniffles2.INS.1C5MC	0.92
Sniffles2.INS.87M5	0.918
Sniffles2.INS.3A7M4	0.918
Sniffles2.INS.50M5	0.918
Sniffles2.INS.212M2	0.918
Sniffles2.INS.3B8M4	0.918
Sniffles2.INS.1E5M5	0.918
Sniffles2.INS.9FMD	0.918
Sniffles2.DEL.23DM7	0.918
Sniffles2.INS.4F0M2	0.918
Sniffles2.INS.3E5M8	0.916
Sniffles2.DUP.3EM15	0.916
Sniffles2.INS.4DCM4	0.914
Sniffles2.INS.2E0M11	0.914
Sniffles2.INS.23AM17	0.914
Sniffles2.INS.5E7M5	0.914
Sniffles2.INS.282M16	0.914
Sniffles2.INS.4DDM9	0.914
Sniffles2.INS.144MC	0.912
Sniffles2.INS.77BM1	0.912
Sniffles2.INS.458MA	0.912
Sniffles2.INS.3D9M3	0.91
Sniffles2.DEL.16AMF	0.91
Sniffles2.INS.48FMB	0.91
Sniffles2.DEL.17BMB	0.91
Sniffles2.DEL.855M0	0.908
Sniffles2.INS.4FDM1	0.908
Sniffles2.DEL.55EM4	0.908
Sniffles2.INS.48FM10	0.906
Sniffles2.DEL.A1ME	0.906
Sniffles2.INS.228M4	0.906
Sniffles2.INS.112M7	0.904
Sniffles2.DEL.3F6MB	0.904
Sniffles2.INS.2FEM3	0.904
Sniffles2.INS.104M7	0.904
Sniffles2.INS.5A9M5	0.904
Sniffles2.INS.7M0	0.904
Sniffles2.INS.5A7M3	0.902
Sniffles2.INS.1E3M6	0.9
Sniffles2.INS.586M1	0.9
Sniffles2.DEL.48CM8	0.9
Sniffles2.INS.582M1	0.898
Sniffles2.INS.69M14	0.898
Sniffles2.INS.4FM14	0.898
Sniffles2.DEL.72M0	0.898
Sniffles2.INS.583M1	0.898
Sniffles2.INS.584M1	0.898
Sniffles2.INS.3CM14	0.898
Sniffles2.INS.35DM10	0.898
Sniffles2.INS.30MD	0.896
Sniffles2.INS.274MC	0.896
Sniffles2.INS.491M6	0.896
Sniffles2.INS.613M9	0.894
Sniffles2.INS.47FM5	0.894
Sniffles2.INS.50EM9	0.894
Sniffles2.INS.21CM7	0.894
Sniffles2.INS.544M5	0.894
Sniffles2.INS.511M9	0.894
Sniffles2.INS.6A0M1	0.894
Sniffles2.DEL.10CM7	0.892
Sniffles2.INS.2FEM6	0.892
Sniffles2.INS.3ADM4	0.892
Sniffles2.INS.353M3	0.892
Sniffles2.INS.356M1	0.892
Sniffles2.INS.21MB	0.892
Sniffles2.DEL.ADM0	0.892
Sniffles2.DEL.215MC	0.892
Sniffles2.DEL.A7M8	0.892
Sniffles2.INS.358M1	0.892
Sniffles2.INS.5C8M5	0.888
Sniffles2.INS.580M4	0.888
Sniffles2.INS.4FAM8	0.886
Sniffles2.DEL.69EM6	0.886
Sniffles2.INS.210M15	0.886
Sniffles2.DEL.163M17	0.884
Sniffles2.DEL.DEM17	0.884
Sniffles2.DEL.162M17	0.884
Sniffles2.DEL.BFM17	0.884
Sniffles2.DEL.243M17	0.884
Sniffles2.INS.31FM8	0.884
Sniffles2.DEL.16AM17	0.884
Sniffles2.INS.24M12	0.884
Sniffles2.INS.14M12	0.884
Sniffles2.INS.12M12	0.884
Sniffles2.DEL.1D7M17	0.884
Sniffles2.INS.29FME	0.882
Sniffles2.INS.4CBM2	0.882
Sniffles2.INS.223M5	0.882
Sniffles2.DEL.32EM9	0.882
Sniffles2.DEL.2C1M12	0.882
Sniffles2.INS.2ACM4	0.88
Sniffles2.INS.34EME	0.88
Sniffles2.INS.240M3	0.88
Sniffles2.INS.1AAM13	0.878
Sniffles2.INS.229M6	0.878
Sniffles2.INS.2EFM10	0.878
Sniffles2.DEL.13AMD	0.876
Sniffles2.INS.544M6	0.876
Sniffles2.INS.27M17	0.876
Sniffles2.INS.3M17	0.876
Sniffles2.DEL.5M0	0.876
Sniffles2.INS.34EM6	0.874
Sniffles2.INS.224M2	0.874
Sniffles2.DEL.3D7M3	0.874
Sniffles2.INS.231M2	0.874
Sniffles2.DEL.180M11	0.872
Sniffles2.DEL.24DM9	0.872
Sniffles2.INS.4B5M4	0.87
Sniffles2.INS.3B9MC	0.87
Sniffles2.INS.31BM5	0.868
Sniffles2.INS.39AM9	0.868
Sniffles2.INS.2D0M9	0.868
Sniffles2.INS.60EM9	0.868
Sniffles2.INS.340M16	0.866
Sniffles2.INS.497MB	0.864
Sniffles2.INS.408M1	0.864
Sniffles2.INS.531M3	0.864
Sniffles2.INS.1MF	0.862
Sniffles2.INS.457MA	0.862
Sniffles2.INS.1D1M3	0.856
Sniffles2.INS.592M4	0.856
Sniffles2.INS.371M1	0.856
Sniffles2.INS.427M8	0.856
Sniffles2.INS.33AM9	0.856
Sniffles2.INS.389M1	0.854
Sniffles2.INS.660M4	0.854
Sniffles2.INS.66M14	0.854
Sniffles2.DEL.47CM0	0.854
Sniffles2.INS.2AAM10	0.854
Sniffles2.INS.68M14	0.854
Sniffles2.DEL.D7M10	0.852
Sniffles2.INS.2FCM6	0.852
Sniffles2.INS.341M8	0.85
Sniffles2.DEL.2F0M4	0.848
Sniffles2.DEL.40M7	0.848
Sniffles2.INS.1FBM7	0.846
Sniffles2.INS.132M11	0.846
Sniffles2.INS.3FBM7	0.846
Sniffles2.INS.1A2M15	0.844
Sniffles2.INS.317M2	0.844
Sniffles2.INS.164M15	0.844
Sniffles2.INS.322M2	0.842
Sniffles2.INS.4EFMB	0.842
Sniffles2.INS.583M3	0.84
Sniffles2.INS.675M3	0.84
Sniffles2.DEL.35EME	0.84
Sniffles2.INS.16DM15	0.84
Sniffles2.INS.315M11	0.84
Sniffles2.INS.3ADM16	0.838
Sniffles2.DEL.42DM3	0.838
Sniffles2.DEL.4BME	0.836
Sniffles2.INS.3C7M8	0.836
Sniffles2.INS.416M0	0.836
Sniffles2.INS.247M15	0.836
Sniffles2.INS.1M10	0.836
Sniffles2.INS.491M13	0.834
Sniffles2.INS.18EM8	0.832
Sniffles2.INS.137M11	0.832
Sniffles2.INS.47CM16	0.832
Sniffles2.INS.24BME	0.832
Sniffles2.INV.EBM10	0.828
Sniffles2.INS.592M3	0.828
Sniffles2.INV.2D0M10	0.828
Sniffles2.INS.49EM2	0.828
Sniffles2.DEL.60M10	0.826
Sniffles2.INS.205MF	0.824
Sniffles2.INS.1AMD	0.824
Sniffles2.INS.27MD	0.824
Sniffles2.INS.204MF	0.824
Sniffles2.INS.2F0M6	0.822
Sniffles2.DEL.51FM0	0.822
Sniffles2.INS.513M3	0.822
Sniffles2.INS.3ACM4	0.82
Sniffles2.INS.4F7M0	0.82
Sniffles2.INS.58M17	0.818
Sniffles2.INS.1D0M16	0.818
Sniffles2.INS.106M17	0.818
Sniffles2.INS.21FM17	0.818
Sniffles2.INS.23BM17	0.818
Sniffles2.INS.1C9M16	0.818
Sniffles2.INS.2EAM10	0.818
Sniffles2.INS.9M17	0.818
Sniffles2.DEL.420M9	0.816
Sniffles2.INS.14EMB	0.816
Sniffles2.INS.118M8	0.816
Sniffles2.INS.1ABM10	0.814
Sniffles2.INS.447MB	0.814
Sniffles2.INS.40EM16	0.812
Sniffles2.INS.28CM3	0.812
Sniffles2.INS.40DM16	0.812
Sniffles2.INS.377MA	0.81
Sniffles2.INS.3B8M2	0.81
Sniffles2.INS.690M6	0.808
Sniffles2.DEL.523M0	0.806
Sniffles2.INS.506M2	0.806
Sniffles2.DEL.1B9M17	0.806
Sniffles2.DEL.166M17	0.806
Sniffles2.DEL.117M17	0.806
Sniffles2.DEL.168M17	0.806
Sniffles2.INS.4D9M3	0.806
Sniffles2.DEL.19FM17	0.806
Sniffles2.DEL.16M9	0.806
Sniffles2.INS.17DM9	0.804
Sniffles2.INS.4E7M1	0.804
Sniffles2.INS.0M11	0.802
Sniffles2.INS.2FDM7	0.802
Sniffles2.INS.396M2	0.802
Sniffles2.DEL.5EAM9	0.8
Sniffles2.INS.268M6	0.8
Sniffles2.INS.43AM16	0.8
Sniffles2.INS.4CDM2	0.798
Sniffles2.INS.1CCM10	0.796
Sniffles2.INS.1C9M10	0.796
Sniffles2.INS.2ACM6	0.796
Sniffles2.INS.46EM10	0.796
Sniffles2.INS.603M1	0.79
Sniffles2.DUP.470M16	0.788
Sniffles2.INS.0M9	0.788
Sniffles2.DUP.430M16	0.788
Sniffles2.INS.130MF	0.786
Sniffles2.INS.3F2M7	0.784
Sniffles2.INS.1F6M2	0.784
Sniffles2.DEL.6M16	0.784
Sniffles2.DEL.E5M17	0.784
Sniffles2.DEL.67M17	0.784
Sniffles2.DEL.AFM17	0.784
Sniffles2.DEL.6CM17	0.784
Sniffles2.DEL.1B0M17	0.784
Sniffles2.INS.687M3	0.78
Sniffles2.INS.4AMC	0.78
Sniffles2.INS.149M5	0.78
Sniffles2.INS.31DM10	0.778
Sniffles2.INS.6DAM1	0.778
Sniffles2.INS.531M6	0.778
Sniffles2.INS.171MD	0.772
Sniffles2.INS.29EME	0.772
Sniffles2.INS.554M2	0.77
Sniffles2.INS.7DFM1	0.77
Sniffles2.INS.553M2	0.77
Sniffles2.INS.150M17	0.768
Sniffles2.INS.4D5M1	0.768
Sniffles2.INS.221MF	0.766
Sniffles2.INS.CM16	0.762
Sniffles2.INS.36M16	0.762
Sniffles2.INS.3F5M6	0.762
Sniffles2.INS.39M16	0.762
Sniffles2.INS.32M16	0.762
Sniffles2.INS.1M0	0.76
Sniffles2.INS.355M1	0.758
Sniffles2.INS.13AMA	0.756
Sniffles2.INS.243MA	0.756
Sniffles2.INS.48AM7	0.756
Sniffles2.INS.20FM16	0.756
Sniffles2.INS.113M8	0.754
Sniffles2.INV.258M0	0.752
Sniffles2.INS.4E0MB	0.752
Sniffles2.INS.2CBM4	0.752
Sniffles2.INS.313MB	0.75
Sniffles2.INS.44FM0	0.75
Sniffles2.INS.2AAM4	0.748
Sniffles2.INS.4C0M4	0.748
Sniffles2.INS.616M4	0.748
Sniffles2.DEL.608M3	0.746
Sniffles2.INS.32BM16	0.746
Sniffles2.INS.545M2	0.746
Sniffles2.INS.50CM4	0.744
Sniffles2.INS.34AM16	0.738
Sniffles2.INS.58EM4	0.738
Sniffles2.INS.1FMC	0.738
Sniffles2.INS.694M3	0.732
Sniffles2.INS.28EM0	0.73
Sniffles2.DEL.38DM12	0.73
Sniffles2.DEL.53M11	0.726
Sniffles2.INV.196MF	0.718
Sniffles2.INS.2AFM16	0.718
Sniffles2.INS.46M16	0.716
Sniffles2.DEL.1E7M5	0.712
Sniffles2.INS.14FMB	0.712
Sniffles2.INS.DM7	0.71
Sniffles2.INS.36FM1	0.71
Sniffles2.INS.2FAM7	0.71
Sniffles2.DEL.7E7M0	0.708
Sniffles2.INS.2MD	0.708
Sniffles2.INS.21BM9	0.708
Sniffles2.INS.21EM9	0.708
Sniffles2.INS.66EM6	0.708
Sniffles2.INS.21FM9	0.708
Sniffles2.INS.490M10	0.708
Sniffles2.INS.598M5	0.708
Sniffles2.INS.3FEM0	0.704
Sniffles2.INS.5M10	0.704
Sniffles2.INS.6M10	0.704
Sniffles2.INS.548M6	0.702
Sniffles2.INS.37BM2	0.698
Sniffles2.INS.483M13	0.696
Sniffles2.INS.55EM2	0.696
Sniffles2.INS.369M12	0.69
Sniffles2.INS.5DCM3	0.69
Sniffles2.INS.649M4	0.684
Sniffles2.INS.2FDM12	0.684
Sniffles2.INS.1C4M10	0.682
Sniffles2.INS.333M10	0.682
Sniffles2.INS.41FM0	0.676
Sniffles2.INS.4DFM1	0.676
Sniffles2.INS.3C9M2	0.676
Sniffles2.INS.114M11	0.672
Sniffles2.DEL.5A0M3	0.67
Sniffles2.INS.635M4	0.668
Sniffles2.INS.37DMB	0.668
Sniffles2.DEL.1F4MC	0.662
Sniffles2.INS.195MB	0.66
Sniffles2.INS.1A5MB	0.66
Sniffles2.INS.1CDM16	0.656
Sniffles2.INS.493M1	0.656
Sniffles2.INS.2FDM6	0.654
Sniffles2.DEL.2BM9	0.654
Sniffles2.INS.235M4	0.654
Sniffles2.INS.596M9	0.65
Sniffles2.DEL.24M16	0.648
Sniffles2.INS.1C6MB	0.644
Sniffles2.INS.4BCM1	0.644
Sniffles2.INS.79M17	0.638
Sniffles2.INS.2BM17	0.638
Sniffles2.INS.8BME	0.634
Sniffles2.DEL.64DM1	0.63
Sniffles2.INS.501M8	0.626
Sniffles2.INS.2DAM1	0.624
Sniffles2.DEL.DFM17	0.622
Sniffles2.DEL.16BM17	0.622
Sniffles2.INS.BAM15	0.62
Sniffles2.INV.226M13	0.616
Sniffles2.INS.37M10	0.612
Sniffles2.INS.1CM10	0.612
Sniffles2.INS.36M10	0.612
Sniffles2.INS.34M10	0.612
Sniffles2.INS.31M10	0.612
Sniffles2.INV.2AAMA	0.61
Sniffles2.INS.62DM4	0.608
Sniffles2.INS.28BM16	0.602
Sniffles2.INS.30DM7	0.6
Sniffles2.INS.5D1M4	0.596
Sniffles2.INS.81DM0	0.596
Sniffles2.INS.39CM16	0.588
Sniffles2.INS.34FM16	0.588
Sniffles2.INS.37AM7	0.584
Sniffles2.INV.118MD	0.58
Sniffles2.DEL.5B6M0	0.576
Sniffles2.INS.445M2	0.564
Sniffles2.DEL.51DM0	0.564
Sniffles2.DEL.90M17	0.562
Sniffles2.INS.32FME	0.56
Sniffles2.INS.291M3	0.558
Sniffles2.INS.D3ME	0.556
Sniffles2.DEL.85M12	0.556
Sniffles2.DEL.3ADM1	0.554
Sniffles2.INS.48CMB	0.546
Sniffles2.DEL.20EM17	0.54
Sniffles2.INS.4B1MA	0.53
Sniffles2.INS.3MD	0.53
Sniffles2.DUP.1AEM5	0.528
Sniffles2.INS.257M15	0.528
Sniffles2.DEL.274M2	0.526
Sniffles2.INS.325M6	0.526
Sniffles2.INS.4C6M6	0.526
Sniffles2.INS.153M5	0.526
Sniffles2.INS.327M6	0.526
Sniffles2.INS.3B7MB	0.516
Sniffles2.INS.156M5	0.512
Sniffles2.INS.47DM0	0.51
Sniffles2.DEL.1FDM7	0.508
Sniffles2.DUP.256M3	0.506
Sniffles2.DEL.1A0M17	0.504
Sniffles2.INS.28CM9	0.502
Sniffles2.INS.5ME	0.5
Sniffles2.INS.206ME	0.498
Sniffles2.INS.16BM8	0.496
Sniffles2.INS.347M0	0.496
Sniffles2.INS.C7M4	0.494
Sniffles2.INS.30BM7	0.49
Sniffles2.INS.2C8M16	0.484
Sniffles2.INS.220M17	0.482
Sniffles2.DEL.47M9	0.476
Sniffles2.INS.41FMA	0.472
Sniffles2.INS.22BM17	0.464
Sniffles2.DEL.438M0	0.464
Sniffles2.DEL.1DFM17	0.464
Sniffles2.INS.22AM17	0.464
Sniffles2.INS.1F1M17	0.464
Sniffles2.INS.235M17	0.462
Sniffles2.INS.22CM17	0.46
Sniffles2.INS.1A2M17	0.458
Sniffles2.INS.1B6M17	0.458
Sniffles2.INS.3DM17	0.456
Sniffles2.INS.189M17	0.456
Sniffles2.INS.18CM17	0.456
Sniffles2.INS.9AM17	0.452
Sniffles2.INS.80M17	0.452
Sniffles2.INS.55M17	0.452
Sniffles2.INS.304MB	0.448
Sniffles2.INS.9DM17	0.446
Sniffles2.INS.22DM17	0.446
Sniffles2.INS.78M17	0.446
Sniffles2.INS.9FM17	0.436
Sniffles2.DEL.1C4M17	0.436
Sniffles2.DEL.181M4	0.434
Sniffles2.DUP.33CM5	0.43
Sniffles2.INS.2M8	0.43
Sniffles2.INV.1D1M12	0.428
Sniffles2.INS.4B2M1	0.422
Sniffles2.DEL.517M1	0.418
Sniffles2.INS.552M6	0.416
Sniffles2.INS.9BM17	0.406
Sniffles2.INS.285M16	0.404
Sniffles2.INS.53EM3	0.404
Sniffles2.INS.288M16	0.398
Sniffles2.INS.286M16	0.398
Sniffles2.DUP.23DM3	0.394
Sniffles2.INS.51M17	0.39
Sniffles2.INS.E7MA	0.388
Sniffles2.INS.674M4	0.386
Sniffles2.INS.398M11	0.384
Sniffles2.INS.39AM11	0.384
Sniffles2.DEL.475M9	0.382
Sniffles2.INS.374M1	0.378
Sniffles2.INS.14M16	0.376
Sniffles2.DEL.253M12	0.374
Sniffles2.INS.541M1	0.36
Sniffles2.INS.2EAM11	0.346
Sniffles2.INS.5DFM0	0.344
Sniffles2.INS.6M17	0.344
Sniffles2.DEL.118M0	0.342
Sniffles2.INS.407M5	0.342
Sniffles2.DEL.19CM1	0.34
Sniffles2.INS.194MA	0.338
Sniffles2.INS.4FDM3	0.33
Sniffles2.INS.328M1	0.33
Sniffles2.DEL.736M0	0.328
Sniffles2.DEL.29CM3	0.326
Sniffles2.INS.4CFM7	0.326
Sniffles2.INS.268MD	0.316
Sniffles2.INS.1EEM3	0.314
Sniffles2.INS.2F4M9	0.312
Sniffles2.INS.3CCM4	0.31
Sniffles2.INS.EEM2	0.304
Sniffles2.INS.39BM4	0.302
Sniffles2.INS.3D2M16	0.3
Sniffles2.DEL.23DM9	0.3
Sniffles2.INS.269MD	0.296
Sniffles2.INS.1B5M1	0.29
Sniffles2.INS.338M16	0.288
Sniffles2.INS.62CM6	0.276
Sniffles2.INS.37BM13	0.276
Sniffles2.INS.382M6	0.274
Sniffles2.INS.41AMA	0.26
Sniffles2.INS.AM15	0.254
Sniffles2.INS.445M5	0.254
Sniffles2.INS.41BMF	0.25
Sniffles2.INS.45BM7	0.236
Sniffles2.INV.364M7	0.236
Sniffles2.INS.37DM1	0.226
Sniffles2.DEL.217M16	0.222
Sniffles2.INS.53M17	0.22
Sniffles2.INS.4ABM16	0.214
Sniffles2.DEL.244M17	0.212
Sniffles2.INS.2F5M0	0.212
Sniffles2.INS.4AEMB	0.206
Sniffles2.INS.288M8	0.204
Sniffles2.INS.460M9	0.194
Sniffles2.INS.58BM9	0.194
Sniffles2.DUP.96M4	0.19
Sniffles2.INS.CAME	0.174
Sniffles2.INS.510M0	0.172
Sniffles2.INS.399M7	0.166
Sniffles2.DEL.E1ME	0.164
Sniffles2.INS.3CEM4	0.16
Sniffles2.DEL.38DMA	0.142
Sniffles2.INS.1M7	0.14
Sniffles2.INV.3F2M2	0.14
Sniffles2.INS.0M7	0.14
Sniffles2.INS.50DM4	0.132
Sniffles2.INS.4CM16	0.128
Sniffles2.DEL.40EM5	0.128
Sniffles2.INS.421M6	0.122
Sniffles2.INS.4AAMA	0.118
Sniffles2.INS.1B1M17	0.114
Sniffles2.INS.7D2M0	0.11
Sniffles2.INS.43CM10	0.108
Sniffles2.INS.29AME	0.102
Sniffles2.INS.63AM1	0.096
Sniffles2.INS.2AFM14	0.084
Sniffles2.INS.314M11	0.082
Sniffles2.DEL.5CM16	0.082
Sniffles2.DUP.68MF	0.08
Sniffles2.INS.230M17	0.08
Sniffles2.INS.AM16	0.078
Sniffles2.INS.DM16	0.078
Sniffles2.INS.36DM11	0.072
Sniffles2.INS.4F4M4	0.07
Sniffles2.INS.5F2M4	0.068
Sniffles2.INS.3EAM16	0.066
Sniffles2.INS.294M12	0.066
Sniffles2.INS.60EM5	0.058
Sniffles2.DEL.5M7	0.054
Sniffles2.INS.4MC	0.052
Sniffles2.INS.77DM0	0.052
Sniffles2.INV.1F3M14	0.05
Sniffles2.DUP.287M7	0.048
Sniffles2.INV.CAM15	0.046
Sniffles2.INS.4EAMA	0.046
Sniffles2.INS.C9ME	0.044
Sniffles2.INS.31M16	0.044
Sniffles2.INS.18CM16	0.044
Sniffles2.INS.488M13	0.044
Sniffles2.DEL.382M1	0.042
Sniffles2.DUP.4B8MA	0.04
Sniffles2.DEL.2BEMC	0.04
Sniffles2.INS.61M16	0.04
Sniffles2.INS.4BFM8	0.038
Sniffles2.INS.44AMA	0.038
Sniffles2.INS.7A4M0	0.036
Sniffles2.INS.568M5	0.036
Sniffles2.DEL.4E8M4	0.034
Sniffles2.DEL.623M4	0.034
Sniffles2.INS.43M16	0.032
Sniffles2.INS.3D4MF	0.032
Sniffles2.DEL.68FM1	0.03
Sniffles2.INS.21MC	0.026
Sniffles2.DEL.5DM16	0.026
Sniffles2.INS.42AMB	0.026
Sniffles2.DUP.6DCM1	0.026
Sniffles2.INS.8FMC	0.026
Sniffles2.INS.544M8	0.026
Sniffles2.INS.4CMC	0.026
Sniffles2.INS.146MF	0.026
Sniffles2.DEL.1EDM14	0.024
Sniffles2.INS.6DMC	0.024
Sniffles2.INS.57MC	0.024
Sniffles2.INS.18MF	0.022
Sniffles2.INS.227M17	0.022
Sniffles2.INS.8AMC	0.022
Sniffles2.DEL.1F9M5	0.02
Sniffles2.DEL.26FM3	0.02
Sniffles2.INS.C9M12	0.02
Sniffles2.INS.25BM15	0.02
Sniffles2.INS.69EM3	0.02
Sniffles2.INS.DBM6	0.018
Sniffles2.DEL.35M7	0.018
Sniffles2.INS.8DMC	0.018
Sniffles2.INS.FFM9	0.018
Sniffles2.INS.101M9	0.018
Sniffles2.INS.414M10	0.016
Sniffles2.INS.27EM14	0.016
Sniffles2.INS.FMD	0.016
Sniffles2.INS.1EMC	0.016
Sniffles2.DEL.AM4	0.016
Sniffles2.DEL.186M15	0.016
Sniffles2.DEL.1EM16	0.016
Sniffles2.INS.1B1M9	0.016
Sniffles2.DEL.28FM5	0.016
Sniffles2.INS.4ADMB	0.016
Sniffles2.DEL.374M3	0.014
Sniffles2.DEL.38FM5	0.014
Sniffles2.INS.24FMC	0.014
Sniffles2.DEL.86MF	0.014
Sniffles2.INS.42FMC	0.014
Sniffles2.INS.65MC	0.014
Sniffles2.DEL.343M7	0.014
Sniffles2.DUP.181M0	0.014
Sniffles2.INS.406M13	0.014
Sniffles2.INS.4CAM5	0.014
Sniffles2.INS.105M6	0.014
Sniffles2.DEL.2DFM2	0.014
Sniffles2.INS.2EEM7	0.014
Sniffles2.INS.10BM3	0.014
Sniffles2.DEL.30FM4	0.014
Sniffles2.INS.5A2M5	0.014
Sniffles2.INS.24AM9	0.014
Sniffles2.INS.26FM7	0.014
Sniffles2.DEL.550M3	0.014
Sniffles2.INS.80M1	0.012
Sniffles2.DEL.48M14	0.012
Sniffles2.DEL.3E9M0	0.012
Sniffles2.INS.58BM5	0.012
Sniffles2.DEL.EEMC	0.012
Sniffles2.DEL.33EM8	0.012
Sniffles2.DEL.414M2	0.012
Sniffles2.INS.5BEM9	0.012
Sniffles2.DEL.3F1M1	0.012
Sniffles2.INS.1C4MB	0.012
Sniffles2.DEL.426MB	0.012
Sniffles2.DEL.3C5M7	0.012
Sniffles2.DEL.1F2M13	0.012
Sniffles2.INS.5BDM9	0.012
Sniffles2.INS.1C4M2	0.01
Sniffles2.INS.1A4MF	0.01
Sniffles2.INS.17M7	0.01
Sniffles2.DEL.286M3	0.01
Sniffles2.DEL.186M3	0.01
Sniffles2.INS.328M2	0.01
Sniffles2.INS.41M3	0.01
Sniffles2.DEL.2B3M4	0.01
Sniffles2.DEL.371M13	0.01
Sniffles2.DEL.22FMC	0.01
Sniffles2.INS.32M0	0.01
Sniffles2.INS.28BMB	0.01
Sniffles2.DEL.569M3	0.01
Sniffles2.DEL.1EM17	0.01
Sniffles2.DEL.11DM6	0.01
Sniffles2.INS.221M15	0.01
Sniffles2.INS.494M1	0.01
Sniffles2.DEL.43AM13	0.01
Sniffles2.INS.28FM8	0.01
Sniffles2.DEL.140M1	0.01
Sniffles2.DEL.400M2	0.01
Sniffles2.DEL.87MF	0.01
Sniffles2.DEL.518M6	0.01
Sniffles2.INS.36EM11	0.01
Sniffles2.DUP.3E3M10	0.01
Sniffles2.DEL.2CDM5	0.01
Sniffles2.INS.20FM14	0.01
Sniffles2.INS.3EM5	0.01
Sniffles2.DEL.469M0	0.01
Sniffles2.DEL.32AM13	0.01
Sniffles2.DEL.1E6ME	0.008
Sniffles2.INV.22AMA	0.008
Sniffles2.DEL.448M7	0.008
Sniffles2.INS.312M12	0.008
Sniffles2.DEL.88M11	0.008
Sniffles2.INS.1DM17	0.008
Sniffles2.INS.48BM6	0.008
Sniffles2.DEL.E6M9	0.008
Sniffles2.DEL.2E5M2	0.008
Sniffles2.DEL.18BM3	0.008
Sniffles2.DEL.23BMB	0.008
Sniffles2.DEL.2A0MF	0.008
Sniffles2.DEL.516M3	0.008
Sniffles2.DEL.5B4M6	0.008
Sniffles2.INS.40M3	0.008
Sniffles2.INS.47BM3	0.008
Sniffles2.INS.43BM1	0.008
Sniffles2.INS.333M1	0.008
Sniffles2.DEL.653M1	0.008
Sniffles2.INS.C4MC	0.008
Sniffles2.INS.198M8	0.008
Sniffles2.INS.40EM2	0.008
Sniffles2.DEL.22EM2	0.008
Sniffles2.INS.279M5	0.008
Sniffles2.INS.75DM1	0.008
Sniffles2.INS.167MA	0.008
Sniffles2.INS.2MA	0.008
Sniffles2.INS.E6M8	0.008
Sniffles2.INS.6AMC	0.008
Sniffles2.INS.32FM1	0.008
Sniffles2.INS.4E8M8	0.006
Sniffles2.INS.21BM7	0.006
Sniffles2.DEL.736M1	0.006
Sniffles2.INS.349M0	0.006
Sniffles2.INS.A2ME	0.006
Sniffles2.DEL.26DMB	0.006
Sniffles2.INS.2DFM0	0.006
Sniffles2.INS.3BDM7	0.006
Sniffles2.INS.110M12	0.006
Sniffles2.INS.DEMC	0.006
Sniffles2.DEL.11BM10	0.006
Sniffles2.INS.C2M10	0.006
Sniffles2.DEL.218M1	0.006
Sniffles2.INS.517M2	0.006
Sniffles2.DEL.446M1	0.006
Sniffles2.DEL.DEM2	0.006
Sniffles2.INS.26CMB	0.006
Sniffles2.DEL.319M14	0.006
Sniffles2.DEL.2B6M16	0.006
Sniffles2.INS.2CFM12	0.006
Sniffles2.INS.21AM0	0.006
Sniffles2.INS.125M15	0.006
Sniffles2.DEL.20EM12	0.006
Sniffles2.DEL.71M7	0.006
Sniffles2.DEL.2E3M8	0.006
Sniffles2.INS.68DM0	0.006
Sniffles2.INS.678M3	0.006
Sniffles2.DEL.3F5M13	0.006
Sniffles2.DEL.271M4	0.006
Sniffles2.INS.46BM0	0.006
Sniffles2.INS.372M5	0.006
Sniffles2.INS.22M3	0.006
Sniffles2.INS.B3M7	0.006
Sniffles2.DEL.2B1M3	0.006
Sniffles2.INS.A5MC	0.006
Sniffles2.DEL.1FDM6	0.006
Sniffles2.DEL.587M6	0.006
Sniffles2.INS.201M5	0.006
Sniffles2.INS.2E9M7	0.006
Sniffles2.DEL.96MF	0.006
Sniffles2.INS.66CM4	0.006
Sniffles2.INS.423MC	0.006
Sniffles2.DEL.32DM8	0.006
Sniffles2.DEL.2EDM2	0.006
Sniffles2.DEL.49CM1	0.006
Sniffles2.DEL.12CM15	0.006
Sniffles2.DEL.5E3M5	0.006
Sniffles2.DEL.2AAM1	0.006
Sniffles2.DEL.ABMF	0.004
Sniffles2.DEL.206M13	0.004
Sniffles2.INS.55CM0	0.004
Sniffles2.DEL.611M0	0.004
Sniffles2.INS.45M11	0.004
Sniffles2.INS.64M3	0.004
Sniffles2.INS.CAM14	0.004
Sniffles2.INS.456M1	0.004
Sniffles2.DEL.B0M6	0.004
Sniffles2.INS.5C1M6	0.004
Sniffles2.DEL.103M9	0.004
Sniffles2.DEL.43DM10	0.004
Sniffles2.DEL.35FM13	0.004
Sniffles2.DEL.3C4MC	0.004
Sniffles2.INS.62CM0	0.004
Sniffles2.DEL.239M15	0.004
Sniffles2.DEL.191MD	0.004
Sniffles2.DEL.A3MC	0.004
Sniffles2.INS.458M0	0.004
Sniffles2.INS.1A9M2	0.004
Sniffles2.DEL.284M3	0.004
Sniffles2.INS.586M6	0.004
Sniffles2.INS.F4M10	0.004
Sniffles2.INS.2FBM0	0.004
Sniffles2.INS.338M7	0.004
Sniffles2.DEL.34BMF	0.004
Sniffles2.DEL.226M5	0.004
Sniffles2.DEL.7DM8	0.004
Sniffles2.DEL.395M5	0.004
Sniffles2.DEL.344M10	0.004
Sniffles2.INS.17AMD	0.004
Sniffles2.INS.51EM1	0.004
Sniffles2.DEL.262M4	0.004
Sniffles2.INS.46MC	0.004
Sniffles2.INS.158M7	0.004
Sniffles2.INS.57M2	0.004
Sniffles2.INS.8EMC	0.004
Sniffles2.INS.37DM13	0.004
Sniffles2.DEL.417MF	0.004
Sniffles2.INS.60M16	0.004
Sniffles2.DEL.4E6MB	0.004
Sniffles2.DEL.343M8	0.004
Sniffles2.DEL.217M6	0.004
Sniffles2.DEL.56M4	0.004
Sniffles2.INS.1CDM14	0.004
Sniffles2.DEL.80M5	0.004
Sniffles2.INS.18M1	0.004
Sniffles2.DEL.24DM12	0.004
Sniffles2.INS.FEM14	0.004
Sniffles2.DEL.58DM5	0.004
Sniffles2.DEL.48BM9	0.004
Sniffles2.DEL.149M9	0.004
Sniffles2.INS.333M11	0.004
Sniffles2.DEL.59AM9	0.004
Sniffles2.INS.5FBM3	0.004
Sniffles2.INS.1A5MC	0.004
Sniffles2.DEL.195MF	0.004
Sniffles2.INS.415MB	0.004
Sniffles2.INS.455MA	0.004
Sniffles2.INS.142M13	0.004
Sniffles2.DEL.126M0	0.004
Sniffles2.INS.333M2	0.002
Sniffles2.DEL.30BMA	0.002
Sniffles2.DEL.19FM8	0.002
Sniffles2.DEL.D2M8	0.002
Sniffles2.DEL.3F9M13	0.002
Sniffles2.DEL.487M3	0.002
Sniffles2.DUP.10FMC	0.002
Sniffles2.INS.34FMA	0.002
Sniffles2.INS.6A8M3	0.002
Sniffles2.DEL.4BMA	0.002
Sniffles2.INS.3E8M10	0.002
Sniffles2.INS.3C8M1	0.002
Sniffles2.INS.6CM15	0.002
Sniffles2.DEL.61MD	0.002
Sniffles2.INS.4AEM16	0.002
Sniffles2.INS.11DM16	0.002
Sniffles2.INS.305M14	0.002
Sniffles2.INS.661M3	0.002
Sniffles2.DEL.11M13	0.002
Sniffles2.INS.1B4M7	0.002
Sniffles2.INS.FFM16	0.002
Sniffles2.INS.66CM3	0.002
Sniffles2.INS.35EMC	0.002
Sniffles2.DEL.235M10	0.002
Sniffles2.INS.389M2	0.002
Sniffles2.DEL.8EM16	0.002
Sniffles2.DEL.32M6	0.002
Sniffles2.DEL.136M9	0.002
Sniffles2.INS.278M12	0.002
Sniffles2.DEL.342M10	0.002
Sniffles2.DEL.231ME	0.002
Sniffles2.INS.15CMC	0.002
Sniffles2.DEL.2FDM1	0.002
Sniffles2.DEL.125ME	0.002
Sniffles2.DEL.2DCM7	0.002
Sniffles2.INS.116MC	0.002
Sniffles2.DEL.504M9	0.002
Sniffles2.DEL.C6M1	0.002
Sniffles2.INS.CBM10	0.002
Sniffles2.INS.66MC	0.002
Sniffles2.DEL.3BDM9	0.002
Sniffles2.INS.465M8	0.002
Sniffles2.DEL.E6M17	0.002
Sniffles2.INS.552M0	0.002
Sniffles2.DEL.132M1	0.002
Sniffles2.DEL.383M1	0.002
Sniffles2.INS.262M3	0.002
Sniffles2.INS.D4M8	0.002
Sniffles2.DEL.30BM15	0.002
Sniffles2.INS.6EM15	0.002
Sniffles2.DEL.9DMF	0.002
Sniffles2.INS.A9M13	0.002
Sniffles2.DEL.2B3M1	0.002
Sniffles2.INS.7BM16	0.002
Sniffles2.DEL.4DAMA	0.002
Sniffles2.INS.77M12	0.002
Sniffles2.INS.329M13	0.002
Sniffles2.INS.50M10	0.002
Sniffles2.INS.11FMC	0.002
Sniffles2.INS.131M11	0.002
Sniffles2.DEL.395M11	0.002
Sniffles2.INS.147M5	0.002
Sniffles2.INS.186M12	0.002
Sniffles2.INS.94ME	0.002
Sniffles2.DEL.387MC	0.002
Sniffles2.INS.6CMC	0.002
Sniffles2.INS.DDM4	0.002
Sniffles2.DEL.135MF	0.002
Sniffles2.INS.82DM0	0.002
Sniffles2.DEL.45CM8	0.002
Sniffles2.DEL.13MC	0.002
Sniffles2.INS.16M14	0.002
Sniffles2.DEL.26BM3	0.002
Sniffles2.DEL.E8M5	0.002
Sniffles2.INS.6BM15	0.002
Sniffles2.INV.537M0	0.002
Sniffles2.INS.29MC	0.002
Sniffles2.DEL.44MC	0.0
Sniffles2.INS.3A2MA	0.0
Sniffles2.DEL.3FCM10	0.0
Sniffles2.INS.43FM8	0.0
Sniffles2.INS.3AEM9	0.0
Sniffles2.DEL.20EM8	0.0
Sniffles2.INS.63M15	0.0
Sniffles2.INS.513M8	0.0
Sniffles2.DEL.19BME	0.0
Sniffles2.DEL.187MC	0.0
Sniffles2.DEL.152MB	0.0
Sniffles2.INS.277M14	0.0
Sniffles2.DEL.3DDMC	0.0
Sniffles2.INS.3BCMF	0.0
Sniffles2.INS.44FMA	0.0
Sniffles2.DEL.ACMB	0.0
Sniffles2.INS.27BM7	0.0
Sniffles2.INS.2CBME	0.0
Sniffles2.INS.401M13	0.0
Sniffles2.DEL.2BMC	0.0
Sniffles2.DEL.6AMA	0.0
Sniffles2.INS.10BMC	0.0
Sniffles2.INS.B0MC	0.0
Sniffles2.INS.1E9M10	0.0
Sniffles2.DEL.1BBM17	0.0
Sniffles2.DEL.7FMC	0.0
Sniffles2.DEL.107M16	0.0
Sniffles2.INS.74M3	0.0
Sniffles2.INV.127MB	0.0
Sniffles2.INS.2EBM14	0.0
Sniffles2.INS.418MB	0.0
Sniffles2.DEL.581M3	0.0
Sniffles2.INS.504M0	0.0
Sniffles2.DEL.20MF	0.0
Sniffles2.INS.37BM4	0.0
Sniffles2.DEL.36FM4	0.0
Sniffles2.DEL.52CM5	0.0
Sniffles2.INS.212M0	0.0
Sniffles2.INS.7CME	0.0
Sniffles2.INS.CFME	0.0
Sniffles2.DEL.402M1	0.0
Sniffles2.INS.1E3M9	0.0
Sniffles2.DEL.493MB	0.0
Sniffles2.INS.40FM1	0.0
Sniffles2.DEL.A2M2	0.0
Sniffles2.INS.FM9	0.0
Sniffles2.DEL.27CM6	0.0
Sniffles2.INS.E5M12	0.0
Sniffles2.DEL.375MB	0.0
Sniffles2.DEL.486M10	0.0
Sniffles2.DEL.51CM0	0.0
Sniffles2.DEL.38M9	0.0
Sniffles2.DEL.1BM12	0.0
Sniffles2.DEL.3DM15	0.0
Sniffles2.DEL.20MC	0.0
Sniffles2.INS.64ME	0.0
Sniffles2.INS.3BCMC	0.0
Sniffles2.DEL.474MB	0.0
Sniffles2.INS.499M16	0.0
Sniffles2.DEL.7EM12	0.0
Sniffles2.DEL.2ECM1	0.0
Sniffles2.DEL.42BM6	0.0
Sniffles2.DEL.5DDM4	0.0
Sniffles2.DEL.A0M11	0.0
Sniffles2.DEL.35FM1	0.0
Sniffles2.DEL.4DM15	0.0
Sniffles2.DEL.3F9M16	0.0
Sniffles2.INS.2FM10	0.0
Sniffles2.DEL.2E0M9	0.0
Sniffles2.INV.42DM9	0.0
Sniffles2.INS.2CAM11	0.0
Sniffles2.DEL.18EM10	0.0
Sniffles2.DEL.5E3M0	0.0
Sniffles2.DEL.221M13	0.0
Sniffles2.INS.394M2	0.0
Sniffles2.INS.FMF	0.0
Sniffles2.INS.4BBM7	0.0
Sniffles2.DEL.4B3MB	0.0
Sniffles2.INS.5M11	0.0
Sniffles2.INS.FAMC	0.0
Sniffles2.DEL.2BBM4	0.0
Sniffles2.INS.7AM5	0.0
Sniffles2.INS.15AM9	0.0
Sniffles2.DEL.3CEMB	0.0
Sniffles2.INS.396MF	0.0
Sniffles2.INS.7ME	0.0
Sniffles2.INS.679M4	0.0
Sniffles2.DEL.12EM3	0.0
Sniffles2.INS.27BM10	0.0
Sniffles2.INS.6CFM0	0.0
Sniffles2.DEL.69BM6	0.0
Sniffles2.DEL.683M1	0.0
Sniffles2.INS.4A8M9	0.0
Sniffles2.INS.246M14	0.0
Sniffles2.INS.1BCM10	0.0
Sniffles2.DEL.66M9	0.0
Sniffles2.DEL.10FM13	0.0
Sniffles2.INS.299M5	0.0
Sniffles2.INS.CFMD	0.0
Sniffles2.DEL.1F7M13	0.0
Sniffles2.INS.9FM7	0.0
Sniffles2.DEL.319M11	0.0
Sniffles2.INS.258MD	0.0
Sniffles2.DEL.280M16	0.0
Sniffles2.INS.54BM1	0.0
Sniffles2.DEL.1DAM8	0.0
Sniffles2.INS.677M1	0.0
Sniffles2.INS.359MF	0.0
Sniffles2.INS.158M10	0.0
Sniffles2.INS.365ME	0.0
Sniffles2.DEL.605M3	0.0
Sniffles2.INS.365M7	0.0
Sniffles2.INS.2BM0	0.0
Sniffles2.DEL.121M12	0.0
Sniffles2.INS.AAME	0.0
Sniffles2.INS.76M17	0.0
Sniffles2.DEL.669M6	0.0
Sniffles2.INS.58AM4	0.0
Sniffles2.DEL.EBME	0.0
Sniffles2.DEL.5FM10	0.0
Sniffles2.INS.1F0M3	0.0
Sniffles2.DEL.CEM4	0.0
Sniffles2.DEL.30DM4	0.0
Sniffles2.INS.A1M9	0.0
Sniffles2.INS.12FME	0.0
Sniffles2.DEL.1B8M8	0.0
Sniffles2.DEL.6A3M3	0.0
Sniffles2.INS.4BM8	0.0
Sniffles2.INS.776M1	0.0
Sniffles2.INS.694M6	0.0
Sniffles2.INS.18AM16	0.0
Sniffles2.DEL.3AFM1	0.0
Sniffles2.DEL.1EEME	0.0
Sniffles2.DEL.6BFM6	0.0
Sniffles2.INS.1B3M17	0.0
Sniffles2.DEL.350M4	0.0
Sniffles2.INS.524M5	0.0
Sniffles2.INS.7CM16	0.0
Sniffles2.DEL.3A3M16	0.0
Sniffles2.INS.4A1M7	0.0
Sniffles2.INS.3F6MF	0.0
Sniffles2.DEL.4A1M2	0.0
Sniffles2.INS.2EFM0	0.0
Sniffles2.DEL.187M8	0.0
Sniffles2.INS.265M14	0.0
Sniffles2.DEL.3B1M13	0.0
Sniffles2.DEL.16BMF	0.0
Sniffles2.INS.673M6	0.0
Sniffles2.INS.69EM0	0.0
Sniffles2.INS.5CDM3	0.0
Sniffles2.DEL.42AM3	0.0
Sniffles2.DEL.217M3	0.0
Sniffles2.DEL.191M2	0.0
Sniffles2.DEL.1EBM13	0.0
Sniffles2.INS.150M8	0.0
Sniffles2.INS.3ADM7	0.0
Sniffles2.INS.4B7M2	0.0
Sniffles2.INS.23CMF	0.0
Sniffles2.INS.37BM16	0.0
Sniffles2.INS.6EBM1	0.0
Sniffles2.DEL.4D9M0	0.0
Sniffles2.INS.1C8M11	0.0
Sniffles2.DEL.12DM16	0.0
Sniffles2.DEL.1FAM13	0.0
Sniffles2.INS.8M3	0.0
Sniffles2.INS.159ME	0.0
Sniffles2.DEL.17AM7	0.0
Sniffles2.INS.3EDM2	0.0
Sniffles2.DEL.5FMB	0.0
Sniffles2.INV.501M9	0.0
Sniffles2.DEL.3D6M13	0.0
Sniffles2.DEL.5AEM0	0.0
Sniffles2.DEL.15BM6	0.0
Sniffles2.DEL.349M6	0.0
Sniffles2.INS.173MA	0.0
Sniffles2.INS.193MF	0.0
Sniffles2.INS.125MF	0.0
Sniffles2.DEL.162ME	0.0
Sniffles2.INS.59M8	0.0
Sniffles2.INS.87MD	0.0
Sniffles2.INS.1E7M1	0.0
Sniffles2.INS.224M14	0.0
Sniffles2.INS.4EDM9	0.0
Sniffles2.DEL.4ACM0	0.0
Sniffles2.INS.B1M16	0.0
Sniffles2.DEL.421M3	0.0
Sniffles2.INS.32AMB	0.0
Sniffles2.INS.7EAM1	0.0
Sniffles2.INS.4D7M5	0.0
Sniffles2.DEL.293MD	0.0
Sniffles2.DEL.9MD	0.0
Sniffles2.DEL.205M6	0.0
Sniffles2.INS.91MD	0.0
Sniffles2.INS.655M3	0.0
Sniffles2.DEL.149M14	0.0
Sniffles2.INS.277M7	0.0
Sniffles2.INS.9M15	0.0
Sniffles2.DEL.288M17	0.0
Sniffles2.DEL.3ABM11	0.0
Sniffles2.DEL.A9M10	0.0
Sniffles2.INS.F1M2	0.0
Sniffles2.INS.48DM6	0.0
Sniffles2.DEL.47BMB	0.0
Sniffles2.INS.2E7M8	0.0
Sniffles2.DEL.299MF	0.0
Sniffles2.INS.ADMF	0.0
Sniffles2.DEL.148M16	0.0
Sniffles2.INS.3E0MF	0.0
Sniffles2.INS.3EM3	0.0
Sniffles2.DEL.152M11	0.0
Sniffles2.INS.112M17	0.0
Sniffles2.DEL.3F8M8	0.0
Sniffles2.INS.419MB	0.0
Sniffles2.INS.E0M12	0.0
Sniffles2.INV.48BM4	0.0
Sniffles2.DEL.83M3	0.0
Sniffles2.INS.4D0M2	0.0
Sniffles2.INS.7D1M1	0.0
Sniffles2.INS.1B5MF	0.0
Sniffles2.DEL.6D5M0	0.0
Sniffles2.INS.69FM3	0.0
Sniffles2.DEL.2B6MD	0.0
Sniffles2.INS.FCMA	0.0
Sniffles2.DEL.234MD	0.0
Sniffles2.DEL.3A9MF	0.0
Sniffles2.INS.10AM15	0.0
Sniffles2.INS.19DM16	0.0
Sniffles2.DEL.169M17	0.0
Sniffles2.DEL.147M3	0.0
Sniffles2.DEL.4FM16	0.0
Sniffles2.INS.406M4	0.0
Sniffles2.DEL.3FM14	0.0
Sniffles2.INS.23CM17	0.0
Sniffles2.INS.DCM15	0.0
Sniffles2.DEL.19CM13	0.0
Sniffles2.INS.286ME	0.0
Sniffles2.DEL.335M12	0.0
Sniffles2.INS.30M3	0.0
Sniffles2.INS.2F6M8	0.0
Sniffles2.DEL.2C2MD	0.0
Sniffles2.INS.286M1	0.0
Sniffles2.DEL.202M13	0.0
Sniffles2.INS.51M0	0.0
Sniffles2.INS.698M1	0.0
Sniffles2.DEL.2B1M15	0.0
Sniffles2.INS.3AEMC	0.0
Sniffles2.DEL.3BFM11	0.0
Sniffles2.INS.34CMF	0.0
Sniffles2.DEL.37DMC	0.0
Sniffles2.INS.4B9MB	0.0
Sniffles2.INS.140M17	0.0
Sniffles2.INS.78M0	0.0
Sniffles2.DEL.54AM9	0.0
Sniffles2.INS.54M12	0.0
Sniffles2.DEL.16CM14	0.0
Sniffles2.DEL.85MC	0.0
Sniffles2.INS.4F5M5	0.0
Sniffles2.INS.54DM3	0.0
Sniffles2.DEL.95M7	0.0
Sniffles2.INS.B7M3	0.0
Sniffles2.INS.58CM9	0.0
Sniffles2.DEL.298M12	0.0
Sniffles2.INS.1B3MA	0.0
Sniffles2.DEL.2E3M5	0.0
Sniffles2.INS.235M11	0.0
Sniffles2.DEL.163M5	0.0
Sniffles2.INS.3EAM7	0.0
Sniffles2.INS.414M7	0.0
Sniffles2.DEL.35FMF	0.0
Sniffles2.INS.390M12	0.0
Sniffles2.INS.45MC	0.0
Sniffles2.DEL.B0M3	0.0
Sniffles2.DEL.21EM2	0.0
Sniffles2.INS.6F8M1	0.0
Sniffles2.INS.4D3MA	0.0
Sniffles2.DEL.30EMF	0.0
Sniffles2.INS.E6MC	0.0
Sniffles2.INS.647M3	0.0
Sniffles2.DEL.232M17	0.0
Sniffles2.INS.352M1	0.0
Sniffles2.INS.3FEM1	0.0
Sniffles2.DEL.2C3MD	0.0
Sniffles2.INS.71MD	0.0
Sniffles2.DEL.2E0M16	0.0
Sniffles2.DEL.318M0	0.0
Sniffles2.DEL.17FMB	0.0
Sniffles2.INS.1D6M10	0.0
Sniffles2.INS.99M17	0.0
Sniffles2.INS.12AM14	0.0
Sniffles2.DEL.39EM2	0.0
Sniffles2.DEL.22ME	0.0
Sniffles2.DEL.1BBM2	0.0
Sniffles2.INS.226M11	0.0
Sniffles2.DEL.739M0	0.0
Sniffles2.INS.48M13	0.0
Sniffles2.INS.4D0M7	0.0
Sniffles2.DEL.49M13	0.0
Sniffles2.INS.1C3M5	0.0
Sniffles2.DEL.22M14	0.0
Sniffles2.INS.6AMF	0.0
Sniffles2.DEL.203M13	0.0
Sniffles2.DEL.2D2ME	0.0
Sniffles2.DEL.99M12	0.0
Sniffles2.INS.115M12	0.0
Sniffles2.INS.1CFM16	0.0
Sniffles2.DEL.106M16	0.0
Sniffles2.DEL.C9M11	0.0
Sniffles2.DEL.303M0	0.0
Sniffles2.DEL.16AM9	0.0
Sniffles2.DEL.1D1M4	0.0
Sniffles2.DEL.29EM6	0.0
Sniffles2.DEL.270M9	0.0
Sniffles2.INS.4E4M0	0.0
Sniffles2.DEL.4EBM2	0.0
Sniffles2.INS.36AMB	0.0
Sniffles2.DEL.35CMA	0.0
Sniffles2.DEL.345M16	0.0
Sniffles2.DEL.172MB	0.0
Sniffles2.DEL.2E6M4	0.0
Sniffles2.INS.28MA	0.0
Sniffles2.INS.27CMC	0.0
Sniffles2.INS.3D8M6	0.0
Sniffles2.DEL.301M4	0.0
Sniffles2.INS.11FME	0.0
Sniffles2.INS.441M13	0.0
Sniffles2.DEL.1AEMB	0.0
Sniffles2.INS.7M1	0.0
Sniffles2.DEL.53AM5	0.0
Sniffles2.DEL.34AM7	0.0
Sniffles2.DEL.33FMF	0.0
Sniffles2.DEL.58M16	0.0
Sniffles2.DEL.10BM5	0.0
Sniffles2.INS.117M8	0.0
Sniffles2.INS.78M9	0.0
Sniffles2.DEL.213M4	0.0
Sniffles2.DEL.E6M15	0.0
Sniffles2.INS.208M11	0.0
Sniffles2.DEL.FDM17	0.0
Sniffles2.DEL.1B8M3	0.0
Sniffles2.INS.604M4	0.0
Sniffles2.INS.9M5	0.0
Sniffles2.DEL.29CM2	0.0
Sniffles2.INS.220MF	0.0
Sniffles2.DEL.52BM4	0.0
Sniffles2.DEL.127MF	0.0
Sniffles2.DEL.AM2	0.0
Sniffles2.DEL.6BBM1	0.0
Sniffles2.DEL.24BMF	0.0
Sniffles2.DEL.106MD	0.0
Sniffles2.INS.257MA	0.0
Sniffles2.INS.19AM8	0.0
Sniffles2.DEL.11DM8	0.0
Sniffles2.DEL.5CBM1	0.0
Sniffles2.INS.6FCM1	0.0
Sniffles2.INS.B4M9	0.0
Sniffles2.INS.3AM16	0.0
Sniffles2.INS.241ME	0.0
Sniffles2.INS.8FM4	0.0
Sniffles2.INS.2FMA	0.0
Sniffles2.INS.23FMA	0.0
Sniffles2.DEL.177M9	0.0
Sniffles2.INS.72M17	0.0
Sniffles2.INS.32BM7	0.0
Sniffles2.DEL.172M1	0.0
Sniffles2.DEL.221M6	0.0
Sniffles2.INS.F7M4	0.0
Sniffles2.DEL.149M16	0.0
Sniffles2.INS.7E4M0	0.0
Sniffles2.INS.5EDM5	0.0
Sniffles2.DEL.188M15	0.0
Sniffles2.DEL.530M2	0.0
Sniffles2.DEL.428M10	0.0
Sniffles2.DEL.80AM0	0.0
Sniffles2.INS.10DMD	0.0
Sniffles2.INS.796M0	0.0
Sniffles2.DEL.46BM1	0.0
Sniffles2.DEL.8BM17	0.0
Sniffles2.DEL.6C0M0	0.0
Sniffles2.INS.1CDM11	0.0
Sniffles2.DEL.117M13	0.0
Sniffles2.INS.3AAM1	0.0
Sniffles2.DEL.1FM11	0.0
Sniffles2.INS.23AMD	0.0
Sniffles2.INS.1A2M3	0.0
Sniffles2.DEL.1C2MF	0.0
Sniffles2.DEL.40CM16	0.0
Sniffles2.DEL.3C2M7	0.0
Sniffles2.DEL.5B4M4	0.0
Sniffles2.INS.519M9	0.0
Sniffles2.DEL.1B9M3	0.0
Sniffles2.INS.683M6	0.0
Sniffles2.INS.80MA	0.0
Sniffles2.INS.83M2	0.0
Sniffles2.DEL.225M1	0.0
Sniffles2.DEL.412MF	0.0
Sniffles2.DEL.166M12	0.0
Sniffles2.DEL.783M0	0.0
Sniffles2.DEL.81M17	0.0
Sniffles2.DEL.64M14	0.0
Sniffles2.INS.269MC	0.0
Sniffles2.INS.A3M13	0.0
Sniffles2.INS.2AAM5	0.0
Sniffles2.DEL.277M1	0.0
Sniffles2.DEL.BFM14	0.0
Sniffles2.INS.AFM3	0.0
Sniffles2.INS.2C8MB	0.0
Sniffles2.DEL.91M15	0.0
Sniffles2.INS.3BAMC	0.0
Sniffles2.DEL.7EEM1	0.0
Sniffles2.INS.697M3	0.0
Sniffles2.DEL.70BM1	0.0
Sniffles2.DEL.247MF	0.0
Sniffles2.INS.12ME	0.0
Sniffles2.INS.52MA	0.0
Sniffles2.DEL.489M7	0.0
Sniffles2.INS.337M8	0.0
Sniffles2.INS.10MC	0.0
Sniffles2.DEL.14DM11	0.0
Sniffles2.DEL.10BM4	0.0
Sniffles2.INS.69M6	0.0
Sniffles2.INS.3F6MC	0.0
Sniffles2.INS.462M10	0.0
Sniffles2.DEL.7CM10	0.0
Sniffles2.INS.BCM4	0.0
Sniffles2.INS.68CM6	0.0
Sniffles2.DEL.EM7	0.0
Sniffles2.DEL.399M5	0.0
Sniffles2.DEL.401M0	0.0
Sniffles2.DEL.1C1M16	0.0
Sniffles2.INS.B2M6	0.0
Sniffles2.DEL.5CEM0	0.0
Sniffles2.DEL.47FM4	0.0
Sniffles2.INS.463M16	0.0
Sniffles2.DEL.77EM0	0.0
Sniffles2.INS.53M14	0.0
Sniffles2.INS.3AM6	0.0
Sniffles2.INS.1FEM9	0.0
Sniffles2.INS.47MF	0.0
Sniffles2.DEL.218M3	0.0
Sniffles2.INS.5FBM9	0.0
Sniffles2.INS.EFM14	0.0
Sniffles2.INS.17FM11	0.0
Sniffles2.DEL.1B2M9	0.0
Sniffles2.DEL.4D8M9	0.0
Sniffles2.INS.1CFM5	0.0
Sniffles2.DEL.EM1	0.0
Sniffles2.DEL.130M13	0.0
Sniffles2.INS.225M16	0.0
Sniffles2.DEL.4B6M4	0.0
Sniffles2.DEL.8DM16	0.0
Sniffles2.DEL.6CM1	0.0
Sniffles2.DEL.446MB	0.0
Sniffles2.INS.26DM6	0.0
Sniffles2.INS.106M12	0.0
Sniffles2.INS.65MB	0.0
Sniffles2.INS.12M15	0.0
Sniffles2.DEL.145M16	0.0
Sniffles2.DEL.605M0	0.0
Sniffles2.DEL.44DM0	0.0
Sniffles2.INS.CCM12	0.0
Sniffles2.DEL.242M5	0.0
Sniffles2.DEL.60DM3	0.0
Sniffles2.INS.95M15	0.0
Sniffles2.DEL.424M6	0.0
Sniffles2.INS.4DMF	0.0
Sniffles2.DEL.3D2MC	0.0
Sniffles2.INS.3D0M2	0.0
Sniffles2.INS.AFM0	0.0
Sniffles2.DEL.323M13	0.0
Sniffles2.DEL.17BM16	0.0
Sniffles2.DEL.462M5	0.0
Sniffles2.DEL.510M2	0.0
Sniffles2.DEL.323M4	0.0
Sniffles2.INS.3D5M12	0.0
Sniffles2.INS.3A2M2	0.0
Sniffles2.DEL.179M12	0.0
Sniffles2.DEL.1BM7	0.0
Sniffles2.DEL.36M12	0.0
Sniffles2.DEL.4EEMA	0.0
Sniffles2.INS.BCM2	0.0
Sniffles2.INS.68AM0	0.0
Sniffles2.INS.C7M16	0.0
Sniffles2.INS.BCM7	0.0
Sniffles2.INS.3B4M5	0.0
Sniffles2.INS.12EM17	0.0
Sniffles2.DEL.182M17	0.0
Sniffles2.DEL.18EM16	0.0
Sniffles2.INS.113M5	0.0
Sniffles2.DEL.F7M17	0.0
Sniffles2.INS.450MA	0.0
Sniffles2.DEL.1DAM17	0.0
Sniffles2.INS.231M9	0.0
Sniffles2.INS.28FM9	0.0
Sniffles2.DEL.462M9	0.0
Sniffles2.INS.22CM2	0.0
Sniffles2.INS.126M12	0.0
Sniffles2.DEL.7EM6	0.0
Sniffles2.INS.200M7	0.0
Sniffles2.INS.20AM14	0.0
Sniffles2.DEL.2CEM9	0.0
Sniffles2.DEL.13DMD	0.0
Sniffles2.INS.BCMD	0.0
Sniffles2.INS.55M8	0.0
Sniffles2.INS.425MC	0.0
Sniffles2.INS.541M9	0.0
Sniffles2.INS.304M3	0.0
Sniffles2.INS.22CM9	0.0
Sniffles2.DEL.24FM2	0.0
Sniffles2.DEL.51CM4	0.0
Sniffles2.DEL.54BM9	0.0
Sniffles2.DEL.82M12	0.0
Sniffles2.DEL.4D9M2	0.0
Sniffles2.DEL.1A9MB	0.0
Sniffles2.INS.72ME	0.0
Sniffles2.DEL.119M14	0.0
Sniffles2.INS.1D1MD	0.0
Sniffles2.INS.483MA	0.0
Sniffles2.INS.1A4M11	0.0
Sniffles2.DEL.587M0	0.0
Sniffles2.INS.8MC	0.0
Sniffles2.INS.49FM8	0.0
Sniffles2.DEL.23EMB	0.0
Sniffles2.INS.12M16	0.0
Sniffles2.DEL.2B4M4	0.0
Sniffles2.DEL.9AMB	0.0
Sniffles2.INS.191M11	0.0
Sniffles2.INS.8M13	0.0
Sniffles2.DEL.21BM17	0.0
Sniffles2.INS.36EM13	0.0
Sniffles2.INS.30FM9	0.0
Sniffles2.INS.3FAM6	0.0
Sniffles2.INS.5DEM0	0.0
Sniffles2.INS.CDM7	0.0
Sniffles2.INS.167M3	0.0
Sniffles2.INS.6CM2	0.0
Sniffles2.DEL.4D3MB	0.0
Sniffles2.INS.3BFM9	0.0
Sniffles2.DEL.91M14	0.0
Sniffles2.INS.C5M12	0.0
Sniffles2.INS.39DMF	0.0
Sniffles2.INS.9EM16	0.0
Sniffles2.INS.5BBM4	0.0
Sniffles2.DEL.3BEMC	0.0
Sniffles2.INS.131M0	0.0
Sniffles2.INS.3A9M12	0.0
Sniffles2.DEL.51BM8	0.0
Sniffles2.DEL.2C3MC	0.0
Sniffles2.INS.192M11	0.0
Sniffles2.INS.279M3	0.0
Sniffles2.INS.1D6MF	0.0
Sniffles2.INS.348M16	0.0
Sniffles2.INS.2D0M13	0.0
Sniffles2.DEL.314ME	0.0
Sniffles2.DEL.93M17	0.0
Sniffles2.INS.23DMF	0.0
Sniffles2.INS.57FM0	0.0
Sniffles2.INS.4DMC	0.0
Sniffles2.INS.1AEM10	0.0
Sniffles2.DEL.203M8	0.0
Sniffles2.DEL.17AMB	0.0
Sniffles2.DEL.162M7	0.0
Sniffles2.DEL.33EMF	0.0
Sniffles2.INS.10FM2	0.0
Sniffles2.DEL.F5M6	0.0
Sniffles2.INS.27AM17	0.0
Sniffles2.INS.21M9	0.0
Sniffles2.DEL.255M17	0.0
Sniffles2.INS.484M6	0.0
Sniffles2.DEL.310M13	0.0
Sniffles2.DEL.360MB	0.0
Sniffles2.INS.607M1	0.0
Sniffles2.DEL.57M0	0.0
Sniffles2.INS.11DM2	0.0
Sniffles2.DEL.320M2	0.0
Sniffles2.DEL.12BM13	0.0
Sniffles2.DEL.1C6M7	0.0
Sniffles2.DEL.206MC	0.0
Sniffles2.DEL.124M17	0.0
Sniffles2.INS.490M7	0.0
Sniffles2.DEL.586M3	0.0
Sniffles2.INS.AM17	0.0
Sniffles2.INS.210MC	0.0
Sniffles2.INS.A0MC	0.0
Sniffles2.DEL.312M1	0.0
Sniffles2.INS.38MF	0.0
Sniffles2.INS.EBMA	0.0
Sniffles2.INS.4D3M3	0.0
Sniffles2.DEL.1CDM12	0.0
Sniffles2.DEL.12AMC	0.0
Sniffles2.INS.26DMC	0.0
Sniffles2.DEL.D4M11	0.0
Sniffles2.INS.1B4M1	0.0
Sniffles2.INS.13DM13	0.0
Sniffles2.INS.1D7M8	0.0
Sniffles2.INS.22DM5	0.0
Sniffles2.DEL.64BM1	0.0
Sniffles2.DEL.5BM16	0.0
Sniffles2.DEL.2BCM15	0.0
Sniffles2.INS.BDM3	0.0
Sniffles2.DEL.40DM6	0.0
Sniffles2.INS.128M10	0.0
Sniffles2.INS.2DMC	0.0
Sniffles2.DEL.216M6	0.0
Sniffles2.DEL.122M4	0.0
Sniffles2.DEL.E0M13	0.0
Sniffles2.INS.A2M1	0.0
Sniffles2.INS.49M14	0.0
Sniffles2.DEL.D9M8	0.0
Sniffles2.DEL.E4M15	0.0
Sniffles2.INS.137M2	0.0
Sniffles2.INS.4EM4	0.0
Sniffles2.DEL.53FM2	0.0
Sniffles2.DEL.2AEM14	0.0
Sniffles2.INS.20CM15	0.0
Sniffles2.DEL.5D2M1	0.0
Sniffles2.INS.60EM0	0.0
Sniffles2.DEL.5B7M3	0.0
Sniffles2.INS.197MB	0.0
Sniffles2.DEL.31FM1	0.0
Sniffles2.DEL.107M10	0.0
Sniffles2.DEL.79M7	0.0
Sniffles2.INS.1C5M8	0.0
Sniffles2.INS.14BM7	0.0
Sniffles2.DEL.448M0	0.0
Sniffles2.INS.7C1M1	0.0
Sniffles2.INS.2E2MC	0.0
Sniffles2.INS.637M3	0.0
Sniffles2.DEL.A5M2	0.0
Sniffles2.DEL.427M13	0.0
Sniffles2.INS.59EM1	0.0
Sniffles2.DEL.35MB	0.0
Sniffles2.INS.35BM1	0.0
Sniffles2.INS.E3M2	0.0
Sniffles2.INS.1D7M11	0.0
Sniffles2.DEL.239MF	0.0
Sniffles2.INS.507M6	0.0
Sniffles2.DEL.43DM1	0.0
Sniffles2.INS.6CBM0	0.0
Sniffles2.INS.F0MD	0.0
Sniffles2.INS.2BAME	0.0
Sniffles2.DEL.119M17	0.0
Sniffles2.DEL.183M17	0.0
Sniffles2.INS.19AM10	0.0
Sniffles2.INS.EAM0	0.0
Sniffles2.INS.1B8MF	0.0
Sniffles2.INS.5A8M3	0.0
Sniffles2.INS.B5MC	0.0
Sniffles2.INS.2CCMF	0.0
Sniffles2.DEL.BEM1	0.0
Sniffles2.INS.403MA	0.0
Sniffles2.INS.20M1	0.0
Sniffles2.DEL.277M3	0.0
Sniffles2.INS.227M13	0.0
Sniffles2.INS.13DM16	0.0
Sniffles2.DEL.19FM11	0.0
Sniffles2.DEL.15CMD	0.0
Sniffles2.INS.345M8	0.0
Sniffles2.DEL.392M8	0.0
Sniffles2.INS.300M5	0.0
Sniffles2.INS.213M12	0.0
Sniffles2.DEL.3F8M16	0.0
Sniffles2.INS.6MC	0.0
Sniffles2.INS.3D3M9	0.0
Sniffles2.DEL.235M5	0.0
Sniffles2.INS.285M6	0.0
Sniffles2.DEL.64M9	0.0
Sniffles2.INS.81M14	0.0
Sniffles2.DEL.18DM9	0.0
Sniffles2.INS.C1M1	0.0
Sniffles2.DEL.E3M4	0.0
Sniffles2.INS.47FMB	0.0
Sniffles2.DEL.C0M17	0.0
Sniffles2.INS.7AM13	0.0
Sniffles2.DEL.721M0	0.0
Sniffles2.INS.34AMB	0.0
Sniffles2.DEL.221M9	0.0
Sniffles2.INS.13CM17	0.0
Sniffles2.INS.50DM9	0.0
Sniffles2.INS.104ME	0.0
Sniffles2.INS.428MB	0.0
Sniffles2.INS.17EME	0.0
Sniffles2.DEL.1BBM13	0.0
Sniffles2.DEL.10MA	0.0
Sniffles2.DEL.4B7M6	0.0
Sniffles2.DEL.2C3M10	0.0
Sniffles2.DEL.24AM16	0.0
Sniffles2.INS.29M0	0.0
Sniffles2.DEL.275M4	0.0
Sniffles2.INS.7F0M0	0.0
Sniffles2.DEL.28M7	0.0
Sniffles2.DEL.3AM13	0.0
Sniffles2.INS.B7M7	0.0
Sniffles2.DEL.132M3	0.0
Sniffles2.INS.D1M17	0.0
Sniffles2.INS.23BMF	0.0
Sniffles2.INS.2E8M12	0.0
Sniffles2.DEL.267M8	0.0
Sniffles2.DEL.4C5M4	0.0
Sniffles2.DEL.6B8M1	0.0
Sniffles2.INS.341M4	0.0
Sniffles2.INS.464M8	0.0
Sniffles2.INS.4C5M3	0.0
Sniffles2.DEL.45M4	0.0
Sniffles2.INS.3ECM5	0.0
Sniffles2.DEL.2C1M4	0.0
Sniffles2.DEL.1AFM11	0.0
Sniffles2.INS.4BM6	0.0
Sniffles2.INS.838M0	0.0
Sniffles2.DEL.6BAM1	0.0
Sniffles2.INS.179MD	0.0
Sniffles2.DEL.21DME	0.0
Sniffles2.INS.DAM4	0.0
Sniffles2.DEL.476M9	0.0
Sniffles2.INS.34M16	0.0
Sniffles2.INS.258MA	0.0
Sniffles2.INS.DMA	0.0
Sniffles2.DEL.290M3	0.0
Sniffles2.INS.21EMD	0.0
Sniffles2.DEL.C9M9	0.0
Sniffles2.INS.1FBM8	0.0
Sniffles2.INS.E0MB	0.0
Sniffles2.DEL.365M12	0.0
Sniffles2.INS.5D8M9	0.0
Sniffles2.DEL.13EM16	0.0
Sniffles2.INS.ABM6	0.0
Sniffles2.DEL.75MA	0.0
Sniffles2.INS.1FAM9	0.0
Sniffles2.DEL.97M13	0.0
Sniffles2.INS.4EMA	0.0
Sniffles2.INS.19AM16	0.0
Sniffles2.INS.189M12	0.0
Sniffles2.DEL.83MF	0.0
Sniffles2.DEL.271MF	0.0
Sniffles2.INS.3C0M10	0.0
Sniffles2.INS.30AM7	0.0
Sniffles2.INS.ADM11	0.0
Sniffles2.DEL.26M7	0.0
Sniffles2.INS.1BMA	0.0
Sniffles2.DEL.E7M17	0.0
Sniffles2.INS.370M8	0.0
Sniffles2.INS.10AMC	0.0
Sniffles2.DEL.399M1	0.0
Sniffles2.DEL.4A3MA	0.0
Sniffles2.DEL.2M15	0.0
Sniffles2.INS.1BCMD	0.0
Sniffles2.INS.4EEM2	0.0
Sniffles2.INS.759M0	0.0
Sniffles2.INS.45M7	0.0
Sniffles2.INS.8BM4	0.0
Sniffles2.DEL.66FM3	0.0
Sniffles2.DEL.1A7M11	0.0
Sniffles2.DEL.3BFM16	0.0
Sniffles2.INS.146MD	0.0
Sniffles2.DEL.5D2M3	0.0
Sniffles2.DEL.4E4M2	0.0
Sniffles2.INS.31CM10	0.0
Sniffles2.INS.284M16	0.0
Sniffles2.DEL.7F0M1	0.0
Sniffles2.DEL.257M13	0.0
Sniffles2.INS.62M10	0.0
Sniffles2.INS.90M4	0.0
Sniffles2.INS.49EM8	0.0
Sniffles2.DEL.2A3M1	0.0
Sniffles2.INS.21M1	0.0
Sniffles2.DEL.4D3M0	0.0
Sniffles2.INS.26BM1	0.0
Sniffles2.INS.1A1M10	0.0
Sniffles2.INS.1F7M10	0.0
Sniffles2.INS.379M1	0.0
Sniffles2.DEL.5D4M0	0.0
Sniffles2.INS.EDM11	0.0
Sniffles2.DEL.238MF	0.0
Sniffles2.INS.3F9MF	0.0
Sniffles2.DEL.1F3MF	0.0
Sniffles2.DEL.247M12	0.0
Sniffles2.INS.346M13	0.0
Sniffles2.DEL.236M6	0.0
Sniffles2.DEL.110MD	0.0
Sniffles2.DEL.2CM14	0.0
Sniffles2.INS.1F2MB	0.0
Sniffles2.DEL.35MD	0.0
Sniffles2.DEL.1D8MF	0.0
Sniffles2.DEL.136M12	0.0
Sniffles2.INS.21AM14	0.0
Sniffles2.DEL.1D6M13	0.0
Sniffles2.DEL.164M4	0.0
Sniffles2.INS.C4M16	0.0
Sniffles2.DEL.BEM2	0.0
Sniffles2.DEL.77MC	0.0
Sniffles2.INS.D7M16	0.0
Sniffles2.INS.813M0	0.0
Sniffles2.INS.1FCMA	0.0
Sniffles2.INS.1A9M6	0.0
Sniffles2.INS.378M13	0.0
Sniffles2.DEL.67CM4	0.0
Sniffles2.INS.240MD	0.0
Sniffles2.DEL.A5M15	0.0
Sniffles2.DEL.DAM3	0.0
Sniffles2.INS.59M1	0.0
Sniffles2.DEL.DEM14	0.0
Sniffles2.INS.2D2MA	0.0
Sniffles2.DEL.20DM17	0.0
Sniffles2.DEL.C3M14	0.0
Sniffles2.DEL.224MA	0.0
Sniffles2.INS.B8M7	0.0
Sniffles2.INS.4EM14	0.0
Sniffles2.DEL.381M12	0.0
Sniffles2.DEL.553M0	0.0
Sniffles2.DEL.330M0	0.0
Sniffles2.INS.142M14	0.0
Sniffles2.INS.10CM10	0.0
Sniffles2.DEL.1F2M16	0.0
Sniffles2.DEL.232ME	0.0
Sniffles2.DEL.D3M15	0.0
Sniffles2.DEL.12FM16	0.0
Sniffles2.DEL.3FEMC	0.0
Sniffles2.INS.141M13	0.0
Sniffles2.DEL.592M6	0.0
Sniffles2.DEL.36FMB	0.0
Sniffles2.INS.4EDM3	0.0
Sniffles2.INS.1F3M3	0.0
Sniffles2.INS.6FM2	0.0
Sniffles2.DEL.1CCM4	0.0
Sniffles2.DEL.198MD	0.0
Sniffles2.INS.4CDMA	0.0
Sniffles2.INS.44DM7	0.0
Sniffles2.INS.A2M17	0.0
Sniffles2.INS.1EEM10	0.0
Sniffles2.DEL.643M3	0.0
Sniffles2.DEL.237MF	0.0
Sniffles2.INS.26FM11	0.0
Sniffles2.INS.45DM9	0.0
Sniffles2.DEL.1C2M17	0.0
Sniffles2.INS.20MD	0.0
Sniffles2.INS.9DM16	0.0
Sniffles2.INS.1E3MD	0.0
Sniffles2.INS.326M1	0.0
Sniffles2.INS.2B5ME	0.0
Sniffles2.DEL.269M16	0.0
Sniffles2.DEL.3B8M5	0.0
Sniffles2.INS.46EM0	0.0
Sniffles2.INS.2F2M14	0.0
Sniffles2.INS.462MA	0.0
Sniffles2.INS.180M0	0.0
Sniffles2.DEL.39BM6	0.0
Sniffles2.DEL.1F5M16	0.0
Sniffles2.INS.5D6M4	0.0
Sniffles2.INS.BMF	0.0
Sniffles2.DEL.464M1	0.0
Sniffles2.INS.84EM0	0.0
Sniffles2.DEL.2BAMF	0.0
Sniffles2.INS.4A4M9	0.0
Sniffles2.INS.23AM12	0.0
Sniffles2.INS.529M6	0.0
Sniffles2.DEL.54CM0	0.0
Sniffles2.INS.120M9	0.0
Sniffles2.INS.448M6	0.0
Sniffles2.DEL.466M4	0.0
Sniffles2.INS.1FAMD	0.0
Sniffles2.INS.4FDM8	0.0
Sniffles2.INS.4DDM8	0.0
Sniffles2.DEL.7F4M1	0.0
Sniffles2.INS.E3MC	0.0
Sniffles2.DEL.26M5	0.0
Sniffles2.INS.7FM4	0.0
Sniffles2.INS.530M9	0.0
Sniffles2.INS.2F7MA	0.0
Sniffles2.DEL.37M5	0.0
Sniffles2.INS.1BDM16	0.0
Sniffles2.DEL.404M16	0.0
Sniffles2.INS.63M16	0.0
Sniffles2.DEL.11BM15	0.0
Sniffles2.DEL.255M5	0.0
Sniffles2.INS.618M0	0.0
Sniffles2.DEL.175M13	0.0
Sniffles2.DEL.25CM15	0.0
Sniffles2.DEL.2BAM4	0.0
Sniffles2.INS.3E0M10	0.0
Sniffles2.DEL.1B1M4	0.0
Sniffles2.DEL.493M8	0.0
Sniffles2.DEL.2F3M2	0.0
Sniffles2.INS.413M0	0.0
Sniffles2.DEL.25FME	0.0
Sniffles2.DEL.493M7	0.0
Sniffles2.INS.40M15	0.0
Sniffles2.DEL.11AM15	0.0
Sniffles2.DEL.1B0MB	0.0
Sniffles2.INS.1F9MC	0.0
Sniffles2.DEL.7BM10	0.0
Sniffles2.INS.8CMD	0.0
Sniffles2.DEL.44EM1	0.0
Sniffles2.DEL.401M2	0.0
Sniffles2.DEL.319M7	0.0
Sniffles2.INS.57MD	0.0
Sniffles2.DEL.1E3M10	0.0
Sniffles2.INS.2DFM6	0.0
Sniffles2.INS.354M13	0.0
Sniffles2.INS.24BM12	0.0
Sniffles2.INS.292M13	0.0
Sniffles2.DEL.143M0	0.0
Sniffles2.DEL.1DCM17	0.0
Sniffles2.INS.677M3	0.0
Sniffles2.DEL.27DMD	0.0
Sniffles2.DEL.1B0M8	0.0
Sniffles2.INS.D7MB	0.0
Sniffles2.INS.4A2M0	0.0
Sniffles2.DEL.18EMF	0.0
Sniffles2.INS.574M6	0.0
Sniffles2.INS.30BMF	0.0
Sniffles2.INS.3CM7	0.0
Sniffles2.DEL.90MC	0.0
Sniffles2.INS.38EMB	0.0
Sniffles2.DEL.2E8M4	0.0
Sniffles2.INS.14FM13	0.0
Sniffles2.DEL.1BCM17	0.0
Sniffles2.INS.12DM12	0.0
Sniffles2.INS.D8M17	0.0
Sniffles2.DEL.4E6M0	0.0
Sniffles2.DEL.1DBM8	0.0
Sniffles2.DEL.566M4	0.0
Sniffles2.INS.260M2	0.0
Sniffles2.DEL.EEM15	0.0
Sniffles2.INS.274M17	0.0
Sniffles2.DEL.78M16	0.0
Sniffles2.INS.12BMB	0.0
Sniffles2.DEL.40CM10	0.0
Sniffles2.DEL.2C2M2	0.0
Sniffles2.INS.71EM0	0.0
Sniffles2.DEL.661M6	0.0
Sniffles2.INS.2AAM15	0.0
Sniffles2.INS.686M3	0.0
Sniffles2.INS.48EM16	0.0
Sniffles2.INS.9FMC	0.0
Sniffles2.INS.274M0	0.0
Sniffles2.INS.259M15	0.0
Sniffles2.INS.9BME	0.0
Sniffles2.DEL.87M0	0.0
Sniffles2.INS.3FAM1	0.0
Sniffles2.DEL.C7M0	0.0
Sniffles2.DEL.63CM6	0.0
Sniffles2.DEL.5D9M6	0.0
Sniffles2.INS.4E2M3	0.0
Sniffles2.INS.2EMC	0.0
Sniffles2.DEL.485M0	0.0
Sniffles2.INS.3B3M1	0.0
Sniffles2.DEL.357M10	0.0
Sniffles2.INS.FCMF	0.0
Sniffles2.DEL.449M13	0.0
Sniffles2.DEL.FEM17	0.0
Sniffles2.DEL.268MA	0.0
Sniffles2.INS.2D5M13	0.0
Sniffles2.INS.126MD	0.0
Sniffles2.INS.14M8	0.0
Sniffles2.INS.362MB	0.0
Sniffles2.INS.2A1M13	0.0
Sniffles2.DEL.1F9M3	0.0
Sniffles2.INS.A7M0	0.0
Sniffles2.INS.368M2	0.0
Sniffles2.DEL.137M4	0.0
Sniffles2.INS.3CFM7	0.0
Sniffles2.DEL.20CM9	0.0
Sniffles2.DEL.3AAM8	0.0
Sniffles2.INS.342MA	0.0
Sniffles2.DEL.2C2M6	0.0
Sniffles2.INS.134M12	0.0
Sniffles2.INS.23BM8	0.0
Sniffles2.DEL.3A0M2	0.0
Sniffles2.DEL.3AEM1	0.0
Sniffles2.DEL.23ME	0.0
Sniffles2.INS.25CM16	0.0
Sniffles2.INS.1M16	0.0
Sniffles2.DEL.294MD	0.0
Sniffles2.INS.30M4	0.0
Sniffles2.DEL.27DM13	0.0
Sniffles2.INS.10BM16	0.0
Sniffles2.INS.184M7	0.0
Sniffles2.DEL.226M12	0.0
Sniffles2.INS.4B1M4	0.0
Sniffles2.INS.1ACMB	0.0
Sniffles2.DEL.1D3M9	0.0
Sniffles2.DEL.109M10	0.0
Sniffles2.DEL.520M9	0.0
Sniffles2.INS.4EMF	0.0
Sniffles2.INS.2AM8	0.0
Sniffles2.DEL.560M0	0.0
Sniffles2.DEL.209MC	0.0
Sniffles2.INS.EEM3	0.0
Sniffles2.DEL.7CM15	0.0
Sniffles2.DEL.2D4M11	0.0
Sniffles2.INS.156M8	0.0
Sniffles2.DEL.637M4	0.0
Sniffles2.INS.5AM12	0.0
Sniffles2.DEL.19CME	0.0
Sniffles2.DEL.300M13	0.0
Sniffles2.DEL.5E0M3	0.0
Sniffles2.INS.25CMF	0.0
Sniffles2.INS.12M9	0.0
Sniffles2.DEL.476M10	0.0
Sniffles2.DEL.3C6M12	0.0
Sniffles2.INS.286M0	0.0
Sniffles2.DEL.85M0	0.0
Sniffles2.INS.361M0	0.0
Sniffles2.INS.569M1	0.0
Sniffles2.INS.225M3	0.0
Sniffles2.INS.D8M13	0.0
Sniffles2.INS.C5M16	0.0
Sniffles2.INS.390M5	0.0
Sniffles2.DEL.7M3	0.0
Sniffles2.INS.22CM3	0.0
Sniffles2.DEL.345MF	0.0
Sniffles2.DEL.26CM9	0.0
Sniffles2.INS.177M16	0.0
Sniffles2.DEL.34BMA	0.0
Sniffles2.DEL.4DME	0.0
Sniffles2.INS.346ME	0.0
Sniffles2.DEL.30EM13	0.0
Sniffles2.INS.AFM16	0.0
Sniffles2.INS.60M4	0.0
Sniffles2.INS.3FDM13	0.0
Sniffles2.INS.3C2MF	0.0
Sniffles2.DEL.341M13	0.0
Sniffles2.INS.F9M5	0.0
Sniffles2.INS.3DM7	0.0
Sniffles2.INS.83M15	0.0
Sniffles2.INS.22BMC	0.0
Sniffles2.INS.148M3	0.0
Sniffles2.DEL.31MA	0.0
Sniffles2.INV.29CM12	0.0
Sniffles2.DEL.304MF	0.0
Sniffles2.INS.67M5	0.0
Sniffles2.DEL.2DEM0	0.0
Sniffles2.INS.11M9	0.0
Sniffles2.DEL.277MF	0.0
Sniffles2.INS.693M0	0.0
Sniffles2.DEL.437M16	0.0
Sniffles2.INS.311M10	0.0
Sniffles2.DEL.539M2	0.0
Sniffles2.DEL.92M17	0.0
Sniffles2.DEL.5FBM6	0.0
Sniffles2.DEL.F1M15	0.0
Sniffles2.DUP.C7MD	0.0
Sniffles2.DEL.428MC	0.0
Sniffles2.INS.19M10	0.0
Sniffles2.DEL.18DM11	0.0
Sniffles2.INS.26CM11	0.0
Sniffles2.DEL.206M5	0.0
Sniffles2.DEL.130M8	0.0
Sniffles2.INS.5BM0	0.0
Sniffles2.INS.50CM2	0.0
Sniffles2.INS.6FM6	0.0
Sniffles2.DEL.3BFMC	0.0
Sniffles2.INS.240M1	0.0
Sniffles2.INS.176M1	0.0
Sniffles2.INV.16CM0	0.0
Sniffles2.DEL.70EM0	0.0
Sniffles2.DEL.27CM9	0.0
Sniffles2.DEL.9BM6	0.0
Sniffles2.DEL.33FM6	0.0
Sniffles2.DEL.289M3	0.0
Sniffles2.DEL.12AM13	0.0
Sniffles2.INS.11BM16	0.0
Sniffles2.DEL.2D9M5	0.0
Sniffles2.INS.380MC	0.0
Sniffles2.INS.497M13	0.0
Sniffles2.DEL.3CBM1	0.0
Sniffles2.DEL.42MC	0.0
Sniffles2.INS.1BEM16	0.0
Sniffles2.INS.187M11	0.0
Sniffles2.INS.672M6	0.0
Sniffles2.DEL.23DM16	0.0
Sniffles2.DEL.1F9MF	0.0
Sniffles2.INS.67M6	0.0
Sniffles2.DEL.642M4	0.0
Sniffles2.DEL.34BM1	0.0
Sniffles2.INS.1A5M16	0.0
Sniffles2.INS.159M2	0.0
Sniffles2.DEL.241M14	0.0
Sniffles2.DEL.4CFM3	0.0
Sniffles2.DEL.F1M3	0.0
Sniffles2.INS.73EM1	0.0
Sniffles2.INS.176M9	0.0
Sniffles2.DEL.74AM1	0.0
Sniffles2.INS.63FM3	0.0
Sniffles2.INS.121M13	0.0
Sniffles2.INS.4C6M7	0.0
Sniffles2.DEL.384MC	0.0
Sniffles2.INS.331MA	0.0
Sniffles2.INS.314M10	0.0
Sniffles2.INS.1E0M13	0.0
Sniffles2.INS.251M13	0.0
Sniffles2.INS.5B6M5	0.0
Sniffles2.INS.159M10	0.0
Sniffles2.INS.38BM0	0.0
Sniffles2.DEL.3BBM9	0.0
Sniffles2.DEL.CFM16	0.0
Sniffles2.INS.20M3	0.0
Sniffles2.INS.45BM10	0.0
Sniffles2.INS.367MF	0.0
Sniffles2.DEL.5D9M4	0.0
Sniffles2.DEL.91MC	0.0
Sniffles2.INS.10FM16	0.0
Sniffles2.DEL.3FFMF	0.0
Sniffles2.DEL.298M7	0.0
Sniffles2.INS.54EM5	0.0
Sniffles2.DEL.49BM4	0.0
Sniffles2.DEL.180M17	0.0
Sniffles2.INS.719M0	0.0
Sniffles2.DEL.17BM11	0.0
Sniffles2.DEL.83DM0	0.0
Sniffles2.INS.21CM14	0.0
Sniffles2.DEL.586M4	0.0
Sniffles2.INS.7F6M1	0.0
Sniffles2.DEL.5CCM6	0.0
Sniffles2.INS.5A3M1	0.0
Sniffles2.INS.24AM1	0.0
Sniffles2.DEL.3E3M16	0.0
Sniffles2.DEL.2EAM1	0.0
Sniffles2.INS.640M1	0.0
Sniffles2.INS.70M9	0.0
Sniffles2.INS.411MB	0.0
Sniffles2.DEL.527M4	0.0
Sniffles2.DEL.33BM3	0.0
Sniffles2.DEL.252M2	0.0
Sniffles2.INS.224M3	0.0
Sniffles2.DEL.24M14	0.0
Sniffles2.DEL.A7M16	0.0
Sniffles2.DEL.55CM4	0.0
Sniffles2.INS.17FM0	0.0
Sniffles2.INS.2BBMC	0.0
Sniffles2.INS.94M1	0.0
Sniffles2.DEL.1CFM17	0.0
Sniffles2.DEL.233M5	0.0
Sniffles2.INS.219M13	0.0
Sniffles2.INS.22DM4	0.0
Sniffles2.INS.13AM11	0.0
Sniffles2.DEL.177M4	0.0
Sniffles2.INS.4FFM8	0.0
Sniffles2.INS.1B6M14	0.0
Sniffles2.DEL.2E3M9	0.0
Sniffles2.DEL.2BCM4	0.0
Sniffles2.INS.1B5MB	0.0
Sniffles2.INS.BAMF	0.0
Sniffles2.DEL.11FMD	0.0
Sniffles2.INS.390M8	0.0
Sniffles2.DEL.30CM2	0.0
Sniffles2.DEL.3B4MC	0.0
Sniffles2.INS.306M13	0.0
Sniffles2.DEL.305M10	0.0
Sniffles2.DEL.1D6M17	0.0
Sniffles2.DEL.6F1M6	0.0
Sniffles2.INS.263M13	0.0
Sniffles2.INS.3CM4	0.0
Sniffles2.DEL.B6M1	0.0
Sniffles2.INS.432M2	0.0
Sniffles2.INS.48DM8	0.0
Sniffles2.INS.415M10	0.0
Sniffles2.DEL.398M2	0.0
Sniffles2.INS.118M1	0.0
Sniffles2.DEL.23BME	0.0
Sniffles2.DEL.2EEM12	0.0
Sniffles2.DEL.4D0M0	0.0
Sniffles2.DEL.18BMA	0.0
Sniffles2.DEL.701M1	0.0
Sniffles2.DEL.54FM2	0.0
Sniffles2.DEL.2CMB	0.0
Sniffles2.INS.C4M5	0.0
Sniffles2.INS.6DAM0	0.0
Sniffles2.INS.3F8M7	0.0
Sniffles2.DEL.376MB	0.0
Sniffles2.INS.30EMC	0.0
Sniffles2.DEL.1A5M7	0.0
Sniffles2.INS.482M13	0.0
Sniffles2.INS.7C2M0	0.0
Sniffles2.INS.66FM6	0.0
Sniffles2.DEL.432M1	0.0
Sniffles2.DEL.49CM2	0.0
Sniffles2.DEL.3A0M10	0.0
Sniffles2.INS.233M14	0.0
Sniffles2.INS.502M2	0.0
Sniffles2.INS.2C5MB	0.0
Sniffles2.DEL.230MD	0.0
Sniffles2.DEL.22FM10	0.0
Sniffles2.DEL.24BM8	0.0
Sniffles2.INS.EBMD	0.0
Sniffles2.INS.1D5M11	0.0
Sniffles2.INS.600M3	0.0
Sniffles2.DUP.37M8	0.0
Sniffles2.INS.423M7	0.0
Sniffles2.INS.4CM3	0.0
Sniffles2.INS.31FM12	0.0
Sniffles2.INS.450M7	0.0
Sniffles2.DEL.24EM6	0.0
Sniffles2.DEL.76EM1	0.0
Sniffles2.INS.365M16	0.0
Sniffles2.DEL.4EM13	0.0
Sniffles2.DEL.267MF	0.0
Sniffles2.INS.D8M4	0.0
Sniffles2.DEL.187M17	0.0
Sniffles2.INS.66FM4	0.0
Sniffles2.DEL.256M17	0.0
Sniffles2.INS.28M12	0.0
Sniffles2.INS.1FFMF	0.0
Sniffles2.INS.2BBMA	0.0
Sniffles2.DEL.1A4ME	0.0
Sniffles2.DEL.154M16	0.0
Sniffles2.DEL.1D9M5	0.0
Sniffles2.INS.444M1	0.0
Sniffles2.INS.275M12	0.0
Sniffles2.INS.E5M14	0.0
Sniffles2.INS.67CM3	0.0
Sniffles2.INS.10BM17	0.0
Sniffles2.DEL.2AMC	0.0
Sniffles2.INS.2D6M5	0.0
Sniffles2.DEL.19AM2	0.0
Sniffles2.INS.4FAM0	0.0
Sniffles2.INS.1FBM15	0.0
Sniffles2.DEL.200M8	0.0
Sniffles2.DEL.2BAM0	0.0
Sniffles2.INS.129M8	0.0
Sniffles2.DEL.C8M17	0.0
Sniffles2.INS.573M2	0.0
Sniffles2.DEL.1D4M10	0.0
Sniffles2.INS.2ADME	0.0
Sniffles2.DEL.D2M0	0.0
Sniffles2.DEL.200MD	0.0
Sniffles2.INS.188M13	0.0
Sniffles2.DEL.25EM11	0.0
Sniffles2.DEL.5CFM5	0.0
Sniffles2.INS.107M17	0.0
Sniffles2.INS.DAM0	0.0
Sniffles2.DEL.360ME	0.0
Sniffles2.INS.2F6M5	0.0
Sniffles2.INS.171MF	0.0
Sniffles2.DEL.224MD	0.0
Sniffles2.INS.4A4M6	0.0
Sniffles2.DEL.36CM6	0.0
Sniffles2.DEL.470M8	0.0
Sniffles2.DEL.A4ME	0.0
Sniffles2.INS.1DEM12	0.0
Sniffles2.INS.340M1	0.0
Sniffles2.INS.11AM14	0.0
Sniffles2.INS.156M14	0.0
Sniffles2.INS.39EMC	0.0
Sniffles2.INS.48AM0	0.0
Sniffles2.INS.15AM14	0.0
Sniffles2.DEL.468MA	0.0
Sniffles2.DEL.4E6M2	0.0
Sniffles2.INS.74FM1	0.0
Sniffles2.INS.65EM1	0.0
Sniffles2.INS.44EM2	0.0
Sniffles2.INS.4A3M7	0.0
Sniffles2.DEL.19BM11	0.0
Sniffles2.DEL.70M0	0.0
Sniffles2.INS.1D9M6	0.0
Sniffles2.INS.D7M13	0.0
Sniffles2.INS.55MC	0.0
Sniffles2.DEL.1E2M12	0.0
Sniffles2.DEL.252M3	0.0
Sniffles2.INS.EDMC	0.0
Sniffles2.INS.383M8	0.0
Sniffles2.INS.4B3M6	0.0
Sniffles2.INS.540M3	0.0
Sniffles2.DEL.6DCM0	0.0
Sniffles2.INS.20FM13	0.0
Sniffles2.INS.75ME	0.0
Sniffles2.DEL.2E9M13	0.0
Sniffles2.INS.488M5	0.0
Sniffles2.INS.309M10	0.0
Sniffles2.DEL.198MF	0.0
Sniffles2.INS.436M13	0.0
Sniffles2.INS.426M3	0.0
Sniffles2.DEL.309M8	0.0
Sniffles2.DEL.25DM16	0.0
Sniffles2.INS.1A2M10	0.0
Sniffles2.DEL.18FMB	0.0
Sniffles2.INS.31FM7	0.0
Sniffles2.DEL.4A2M16	0.0
Sniffles2.DEL.17ME	0.0
Sniffles2.DEL.23FM16	0.0
Sniffles2.DEL.1BEM17	0.0
Sniffles2.INS.4CCM2	0.0
Sniffles2.DEL.369M16	0.0
Sniffles2.INS.25FM16	0.0
Sniffles2.INS.36FM7	0.0
Sniffles2.INS.1M6	0.0
Sniffles2.INS.427MB	0.0
Sniffles2.INS.255M6	0.0
Sniffles2.INS.300MC	0.0
Sniffles2.DEL.1AEM2	0.0
Sniffles2.INS.7DDM1	0.0
Sniffles2.INS.1F9M0	0.0
Sniffles2.DEL.344M3	0.0
Sniffles2.INS.264M3	0.0
Sniffles2.DEL.4C2MB	0.0
Sniffles2.DEL.379M6	0.0
Sniffles2.INS.771M0	0.0
Sniffles2.DEL.2A4M4	0.0
Sniffles2.INS.31M2	0.0
Sniffles2.DEL.18DM10	0.0
Sniffles2.INS.1C7M2	0.0
Sniffles2.DEL.81MC	0.0
Sniffles2.INS.1B1M1	0.0
Sniffles2.DEL.20AM8	0.0
Sniffles2.INS.46AM16	0.0
Sniffles2.DEL.37BM9	0.0
Sniffles2.INS.45DM6	0.0
Sniffles2.INS.AFM7	0.0
Sniffles2.DEL.3B7M7	0.0
Sniffles2.INS.86M6	0.0
Sniffles2.INS.209M13	0.0
Sniffles2.INS.48DM0	0.0
Sniffles2.INS.2FCM0	0.0
Sniffles2.DEL.16CM16	0.0
Sniffles2.DEL.EEME	0.0
Sniffles2.DEL.1AAM10	0.0
Sniffles2.INS.278M3	0.0
Sniffles2.INS.3B5M5	0.0
Sniffles2.DEL.5F4M9	0.0
Sniffles2.INS.72M11	0.0
Sniffles2.DEL.4CBMA	0.0
Sniffles2.INS.25DM6	0.0
Sniffles2.DEL.23M10	0.0
Sniffles2.DEL.515M2	0.0
Sniffles2.INS.445M7	0.0
Sniffles2.INS.37CM12	0.0
Sniffles2.DEL.34M0	0.0
Sniffles2.INS.81MF	0.0
Sniffles2.INS.120M14	0.0
Sniffles2.DEL.2E7M1	0.0
Sniffles2.INS.387M12	0.0
Sniffles2.DEL.350M5	0.0
Sniffles2.INS.39CM8	0.0
Sniffles2.INS.4CFM8	0.0
Sniffles2.INS.2A0MB	0.0
Sniffles2.INS.4CM1	0.0
Sniffles2.INS.45DM7	0.0
Sniffles2.DEL.437MB	0.0
Sniffles2.DEL.2FFM12	0.0
Sniffles2.INS.1C4M14	0.0
Sniffles2.INS.CAMD	0.0
Sniffles2.DEL.41DMA	0.0
Sniffles2.INS.61M10	0.0
Sniffles2.INS.4A0M13	0.0
Sniffles2.DEL.8EM17	0.0
Sniffles2.DEL.300MF	0.0
Sniffles2.INS.F3ME	0.0
Sniffles2.INS.3E8MF	0.0
Sniffles2.INS.599M3	0.0
Sniffles2.INS.241MF	0.0
Sniffles2.INS.243M14	0.0
Sniffles2.INS.4E2M9	0.0
Sniffles2.DEL.56DM2	0.0
Sniffles2.DEL.1DBM0	0.0
Sniffles2.DEL.4FAM5	0.0
Sniffles2.INS.23DM13	0.0
Sniffles2.INS.A4MB	0.0
Sniffles2.DEL.90M12	0.0
Sniffles2.DEL.345M6	0.0
Sniffles2.INS.1FAM8	0.0
Sniffles2.DEL.461M0	0.0
Sniffles2.DEL.2CDMA	0.0
Sniffles2.DEL.585M0	0.0
Sniffles2.INS.19M15	0.0
Sniffles2.INS.AAM1	0.0
Sniffles2.INS.D9M14	0.0
Sniffles2.DEL.30AM9	0.0
Sniffles2.DEL.241M13	0.0
Sniffles2.INS.C9M1	0.0
Sniffles2.DEL.401M9	0.0
Sniffles2.DEL.4ADM16	0.0
Sniffles2.INS.415MA	0.0
Sniffles2.INS.2BFMF	0.0
Sniffles2.DEL.23DM8	0.0
Sniffles2.DEL.11CM12	0.0
Sniffles2.DEL.3MC	0.0
Sniffles2.INS.244M7	0.0
Sniffles2.DEL.2E7M10	0.0
Sniffles2.DEL.17AM13	0.0
Sniffles2.INS.36FMF	0.0
Sniffles2.INS.4F2M2	0.0
Sniffles2.INS.2ECMF	0.0
Sniffles2.INS.401M3	0.0
Sniffles2.INS.1F2MA	0.0
Sniffles2.DEL.178M15	0.0
Sniffles2.DEL.263M2	0.0
Sniffles2.DEL.427M16	0.0
Sniffles2.DEL.1CMC	0.0
Sniffles2.INS.4AM4	0.0
Sniffles2.DEL.3A5M13	0.0
Sniffles2.DEL.168M1	0.0
Sniffles2.INS.1C7MD	0.0
Sniffles2.INS.9CME	0.0
Sniffles2.INS.223M3	0.0
Sniffles2.DEL.12EMD	0.0
Sniffles2.DEL.77ME	0.0
Sniffles2.INS.23CM7	0.0
Sniffles2.DEL.1DM15	0.0
Sniffles2.DEL.55M7	0.0
Sniffles2.INS.27M13	0.0
Sniffles2.DEL.6CDM0	0.0
Sniffles2.INS.66M16	0.0
Sniffles2.INS.2B3M10	0.0
Sniffles2.DEL.51DM4	0.0
Sniffles2.DEL.4DCM2	0.0
Sniffles2.INS.215M10	0.0
Sniffles2.DEL.1C2M15	0.0
Sniffles2.DEL.2EDM1	0.0
Sniffles2.INS.326M16	0.0
Sniffles2.INS.2EM5	0.0
Sniffles2.DEL.26EM8	0.0
Sniffles2.INS.67MD	0.0
Sniffles2.DEL.2EM9	0.0
Sniffles2.DEL.168M10	0.0
Sniffles2.INS.5ADM4	0.0
Sniffles2.INS.47CM9	0.0
Sniffles2.INS.465M0	0.0
Sniffles2.INS.13M1	0.0
Sniffles2.INS.2E4M11	0.0
Sniffles2.DEL.40M14	0.0
Sniffles2.INS.DAM17	0.0
Sniffles2.INS.438M16	0.0
Sniffles2.DEL.361M7	0.0
Sniffles2.INS.2BM12	0.0
Sniffles2.DEL.606M9	0.0
Sniffles2.DEL.1B3M10	0.0
Sniffles2.INS.165M0	0.0
Sniffles2.DEL.88M2	0.0
Sniffles2.INS.1ABM4	0.0
Sniffles2.INS.466M8	0.0
Sniffles2.DEL.2E2M9	0.0
Sniffles2.DEL.1FME	0.0
Sniffles2.INS.177MF	0.0
Sniffles2.DEL.4D7M2	0.0
Sniffles2.INS.49EM3	0.0
Sniffles2.INS.E4M8	0.0
Sniffles2.DEL.12EM8	0.0
Sniffles2.DEL.247M9	0.0
Sniffles2.DEL.C9M3	0.0
Sniffles2.DEL.3C5MA	0.0
Sniffles2.INS.49DM5	0.0
Sniffles2.INS.5B8M9	0.0
Sniffles2.INS.483M7	0.0
Sniffles2.DEL.254M11	0.0
Sniffles2.DEL.303M14	0.0
Sniffles2.DEL.36EM12	0.0
Sniffles2.INS.228MF	0.0
Sniffles2.INS.318M1	0.0
Sniffles2.DEL.251M16	0.0
Sniffles2.DEL.3A9M8	0.0
Sniffles2.INS.1CMB	0.0
Sniffles2.DEL.4D6M2	0.0
Sniffles2.DEL.D6MF	0.0
Sniffles2.DEL.A6M16	0.0
Sniffles2.DEL.381M4	0.0
Sniffles2.DEL.3CBMB	0.0
Sniffles2.DEL.3E9MC	0.0
Sniffles2.DEL.247M4	0.0
Sniffles2.DEL.610M0	0.0
Sniffles2.INS.42AM5	0.0
Sniffles2.DEL.221M17	0.0
Sniffles2.DEL.486M6	0.0
Sniffles2.INS.33FM5	0.0
Sniffles2.DEL.6FFM1	0.0
Sniffles2.INS.24DM5	0.0
Sniffles2.DEL.3A5MC	0.0
Sniffles2.INS.3FM2	0.0
Sniffles2.INS.4E4M6	0.0
Sniffles2.INS.73ME	0.0
Sniffles2.INS.19BM8	0.0
Sniffles2.DEL.15BME	0.0
Sniffles2.DEL.AEM4	0.0
Sniffles2.INS.28MC	0.0
Sniffles2.INS.40M5	0.0
Sniffles2.INS.4F1M2	0.0
Sniffles2.DEL.2BFM10	0.0
Sniffles2.INS.134M0	0.0
Sniffles2.INS.283MC	0.0
Sniffles2.INS.93ME	0.0
Sniffles2.INS.3DBM4	0.0
Sniffles2.INS.2E2M5	0.0
Sniffles2.INS.3E2M13	0.0
Sniffles2.INS.299MD	0.0
Sniffles2.DEL.15M6	0.0
Sniffles2.DEL.1E5M17	0.0
Sniffles2.INS.9ME	0.0
Sniffles2.DEL.AAM10	0.0
Sniffles2.INS.6E4M0	0.0
Sniffles2.DEL.414MA	0.0
Sniffles2.DEL.33M14	0.0
Sniffles2.INS.99MD	0.0
Sniffles2.INS.26CMA	0.0
Sniffles2.INS.91M10	0.0
Sniffles2.DEL.58MC	0.0
Sniffles2.INS.469M2	0.0
Sniffles2.INS.178M16	0.0
Sniffles2.DEL.2FAM5	0.0
Sniffles2.DEL.298MA	0.0
Sniffles2.INS.5AMA	0.0
Sniffles2.DEL.5BBM5	0.0
Sniffles2.INS.2D3MC	0.0
Sniffles2.INS.229M17	0.0
Sniffles2.INS.B5M15	0.0
Sniffles2.DEL.4D0M6	0.0
Sniffles2.INS.259MD	0.0
Sniffles2.INS.4CBMB	0.0
Sniffles2.DEL.151M1	0.0
Sniffles2.INS.334M3	0.0
Sniffles2.DEL.1D2MB	0.0
Sniffles2.DEL.560M1	0.0
Sniffles2.DEL.73M5	0.0
Sniffles2.DEL.5DMC	0.0
Sniffles2.DEL.1F8ME	0.0
Sniffles2.INS.3D8M4	0.0
Sniffles2.INS.55DM1	0.0
Sniffles2.INS.27M8	0.0
Sniffles2.DEL.5A8M6	0.0
Sniffles2.INS.CCMC	0.0
Sniffles2.DEL.F0M14	0.0
Sniffles2.DEL.15FM16	0.0
Sniffles2.INS.B8M4	0.0
Sniffles2.DEL.366M12	0.0
Sniffles2.INS.11M10	0.0
Sniffles2.DEL.2D6M16	0.0
Sniffles2.INS.166MF	0.0
Sniffles2.INS.14EM6	0.0
Sniffles2.INS.3CEMC	0.0
Sniffles2.DEL.3AEM7	0.0
Sniffles2.DEL.8BM16	0.0
Sniffles2.DEL.1CCM17	0.0
Sniffles2.DEL.10EM13	0.0
Sniffles2.INS.F2ME	0.0
Sniffles2.DEL.209M17	0.0
Sniffles2.DEL.52M16	0.0
Sniffles2.DEL.419M6	0.0
Sniffles2.INS.A4M8	0.0
Sniffles2.DEL.25FM14	0.0
Sniffles2.INS.A6M12	0.0
Sniffles2.DEL.1EBM16	0.0
Sniffles2.INV.373M9	0.0
Sniffles2.INS.82M14	0.0
Sniffles2.INS.48CM3	0.0
Sniffles2.INS.411M4	0.0
Sniffles2.DEL.1B5M15	0.0
Sniffles2.DEL.376M6	0.0
Sniffles2.DEL.249MF	0.0
Sniffles2.INS.25AM13	0.0
Sniffles2.DEL.3AFM7	0.0
Sniffles2.INS.395M4	0.0
Sniffles2.DEL.3M11	0.0
Sniffles2.INS.188M0	0.0
Sniffles2.INS.2CDM13	0.0
Sniffles2.INS.4D1M9	0.0
Sniffles2.DEL.3B6M12	0.0
Sniffles2.INS.35FM9	0.0
Sniffles2.INS.33CM9	0.0
Sniffles2.DEL.538M4	0.0
Sniffles2.DEL.21M4	0.0
Sniffles2.DEL.4FBM6	0.0
Sniffles2.DEL.1C3M15	0.0
Sniffles2.INS.3D6M7	0.0
Sniffles2.INS.5CBM9	0.0
Sniffles2.INS.3B9M11	0.0
Sniffles2.DEL.1C1M17	0.0
Sniffles2.DEL.11AM17	0.0
Sniffles2.INS.4C1M0	0.0
Sniffles2.INS.444MA	0.0
Sniffles2.INS.13DMC	0.0
Sniffles2.DEL.4BCM4	0.0
Sniffles2.DEL.10CM14	0.0
Sniffles2.DEL.55M10	0.0
Sniffles2.INS.6BM7	0.0
Sniffles2.INS.88M15	0.0
Sniffles2.INS.13DM0	0.0
Sniffles2.DEL.3D7M9	0.0
Sniffles2.INS.4B9M9	0.0
Sniffles2.DEL.30FM1	0.0
Sniffles2.INS.15M14	0.0
Sniffles2.DEL.2C0M1	0.0
Sniffles2.DEL.137M16	0.0
Sniffles2.INS.255M16	0.0
Sniffles2.INS.20AM13	0.0
Sniffles2.INS.4DM17	0.0
Sniffles2.DEL.3EM11	0.0
Sniffles2.DEL.5EMF	0.0
Sniffles2.INS.2C9MC	0.0
Sniffles2.INS.1B4M6	0.0
Sniffles2.INS.47DM8	0.0
Sniffles2.INS.562M1	0.0
Sniffles2.DEL.1F0M13	0.0
Sniffles2.INS.354M16	0.0
Sniffles2.INS.1EEM15	0.0
Sniffles2.DEL.106M6	0.0
Sniffles2.DEL.157M16	0.0
Sniffles2.INS.3C0M0	0.0
Sniffles2.DEL.258M12	0.0
Sniffles2.INS.13FM3	0.0
Sniffles2.DEL.A1M11	0.0
Sniffles2.INS.2A7MD	0.0
Sniffles2.INS.40DMC	0.0
Sniffles2.DEL.93MC	0.0
Sniffles2.DEL.173MB	0.0
Sniffles2.DEL.70M4	0.0
Sniffles2.INS.1C3MF	0.0
Sniffles2.DEL.33BM12	0.0
Sniffles2.INS.529M0	0.0
Sniffles2.INS.189MB	0.0
Sniffles2.DEL.118M5	0.0
Sniffles2.DEL.298M6	0.0
Sniffles2.INS.16FM3	0.0
Sniffles2.DEL.2DAM11	0.0
Sniffles2.INS.3B2M1	0.0
Sniffles2.INS.453M0	0.0
Sniffles2.DEL.2F9ME	0.0
Sniffles2.DEL.18FME	0.0
Sniffles2.DEL.2CM2	0.0
Sniffles2.DEL.16BM11	0.0
Sniffles2.INS.DFMA	0.0
Sniffles2.DEL.45FM1	0.0
Sniffles2.DEL.65M0	0.0
Sniffles2.INS.97M6	0.0
Sniffles2.DEL.35EM1	0.0
Sniffles2.INS.A6M13	0.0
Sniffles2.INS.1BAM16	0.0
Sniffles2.DEL.3E0M3	0.0
Sniffles2.DEL.3BDM16	0.0
Sniffles2.DEL.62M12	0.0
Sniffles2.DEL.B5M16	0.0
Sniffles2.INS.3D4M10	0.0
Sniffles2.INS.508M9	0.0
Sniffles2.INS.7A5M0	0.0
Sniffles2.DEL.40M17	0.0
Sniffles2.INS.2CEM13	0.0
Sniffles2.DEL.6BM4	0.0
Sniffles2.INS.3CAM0	0.0
Sniffles2.DEL.20BM16	0.0
Sniffles2.INS.22AM6	0.0
Sniffles2.INS.102M1	0.0
Sniffles2.INS.409MC	0.0
Sniffles2.DEL.DFM16	0.0
Sniffles2.INS.3EEM2	0.0
Sniffles2.INS.3F5M7	0.0
Sniffles2.DEL.4C8M1	0.0
Sniffles2.INS.29FM11	0.0
Sniffles2.DEL.23BM15	0.0
Sniffles2.INS.12FM11	0.0
Sniffles2.DEL.2ABM7	0.0
Sniffles2.INS.25FM5	0.0
Sniffles2.DEL.5DCM1	0.0
Sniffles2.INS.96M3	0.0
Sniffles2.INS.7E3M0	0.0
Sniffles2.DUP.346M5	0.0
Sniffles2.DEL.1AAM8	0.0
Sniffles2.DEL.302M9	0.0
Sniffles2.INS.3D2M0	0.0
Sniffles2.INS.2D1M16	0.0
Sniffles2.DEL.20FM8	0.0
Sniffles2.INS.CMC	0.0
Sniffles2.INS.2ECME	0.0
Sniffles2.INS.4C0M3	0.0
Sniffles2.INS.12DMF	0.0
Sniffles2.INS.202M3	0.0
Sniffles2.INS.240MC	0.0
Sniffles2.INS.5B2M3	0.0
Sniffles2.DEL.398M5	0.0
Sniffles2.INS.58AM0	0.0
Sniffles2.DEL.2DM4	0.0
Sniffles2.DEL.52AM4	0.0
Sniffles2.INS.2A5M8	0.0
Sniffles2.INS.2C4MF	0.0
Sniffles2.INS.D2M17	0.0
Sniffles2.DEL.13BM7	0.0
Sniffles2.DEL.31AM9	0.0
Sniffles2.INS.1D5MB	0.0
Sniffles2.INS.9EM14	0.0
Sniffles2.INS.62M0	0.0
Sniffles2.INS.337M14	0.0
Sniffles2.DEL.27EM11	0.0
Sniffles2.DEL.D8M6	0.0
Sniffles2.DEL.2B0M13	0.0
Sniffles2.DEL.479M5	0.0
Sniffles2.INS.F7ME	0.0
Sniffles2.INS.6B5M1	0.0
Sniffles2.INS.36CM1	0.0
Sniffles2.DEL.5E5M3	0.0
Sniffles2.INS.2ABM14	0.0
Sniffles2.DEL.FFM17	0.0
Sniffles2.DEL.44AMB	0.0
Sniffles2.INS.3BEMF	0.0
Sniffles2.INS.64M8	0.0
Sniffles2.DEL.1BFM17	0.0
Sniffles2.INS.46AM1	0.0
Sniffles2.DEL.2F3M13	0.0
Sniffles2.DEL.60M7	0.0
Sniffles2.DEL.7M6	0.0
Sniffles2.DEL.20BM8	0.0
Sniffles2.INS.27MC	0.0
Sniffles2.INS.4EDM4	0.0
Sniffles2.INS.D6M16	0.0
Sniffles2.INS.1DM13	0.0
Sniffles2.DEL.10DM14	0.0
Sniffles2.INS.1B4M2	0.0
Sniffles2.INS.1FFM9	0.0
Sniffles2.INS.E5M3	0.0
Sniffles2.DEL.1A7M8	0.0
Sniffles2.INS.507M8	0.0
Sniffles2.INS.38M0	0.0
Sniffles2.INS.2CDM12	0.0
Sniffles2.INS.22DM10	0.0
Sniffles2.INS.47M16	0.0
Sniffles2.INS.5A3M9	0.0
Sniffles2.DEL.469M13	0.0
Sniffles2.INS.3BDMF	0.0
Sniffles2.INS.27BM17	0.0
Sniffles2.INS.2AAM3	0.0
Sniffles2.DEL.158ME	0.0
Sniffles2.DEL.1E2M3	0.0
Sniffles2.INS.2F6M7	0.0
Sniffles2.INS.341M3	0.0
Sniffles2.DEL.1F9MA	0.0
Sniffles2.DEL.162M16	0.0
Sniffles2.INS.115M5	0.0
Sniffles2.INS.16EM4	0.0
Sniffles2.DEL.3B5MC	0.0
Sniffles2.INS.CAM5	0.0
Sniffles2.INS.E5M4	0.0
Sniffles2.INS.DEM6	0.0
Sniffles2.DEL.145M12	0.0
Sniffles2.INS.28AM12	0.0
Sniffles2.INS.3A0M7	0.0
Sniffles2.DEL.14CM16	0.0
Sniffles2.DEL.FCM17	0.0
Sniffles2.INS.28FM14	0.0
Sniffles2.DEL.24BM17	0.0
Sniffles2.INS.87M15	0.0
Sniffles2.DEL.5EMC	0.0
Sniffles2.INS.18AM0	0.0
Sniffles2.INS.304M9	0.0
Sniffles2.INS.2DBMF	0.0
Sniffles2.INS.469M7	0.0
Sniffles2.INS.6DAM6	0.0
Sniffles2.DEL.14DM2	0.0
Sniffles2.INS.92M4	0.0
Sniffles2.INS.36M13	0.0
Sniffles2.DEL.4D5M6	0.0
Sniffles2.DEL.20M5	0.0
Sniffles2.DEL.3C0MA	0.0
Sniffles2.INS.1CBM14	0.0
Sniffles2.INS.3B6MB	0.0
Sniffles2.DEL.29FM15	0.0
Sniffles2.INS.14EM15	0.0
Sniffles2.INS.45EM8	0.0
Sniffles2.INS.233MF	0.0
Sniffles2.DEL.18FM10	0.0
Sniffles2.INS.94MD	0.0
Sniffles2.DEL.24FM7	0.0
Sniffles2.INS.23MF	0.0
Sniffles2.DEL.24AMC	0.0
Sniffles2.INS.1BBM16	0.0
Sniffles2.INS.11CM16	0.0
Sniffles2.INS.7E0M0	0.0
Sniffles2.INS.2C9M8	0.0
Sniffles2.DEL.307M10	0.0
Sniffles2.INS.1FAM15	0.0
Sniffles2.DEL.380M11	0.0
Sniffles2.INS.671M0	0.0
Sniffles2.INS.3EAM10	0.0
Sniffles2.DEL.290ME	0.0
Sniffles2.DEL.BM0	0.0
Sniffles2.INS.367M0	0.0
Sniffles2.INS.415M0	0.0
Sniffles2.DEL.25EM7	0.0
Sniffles2.INS.388M4	0.0
Sniffles2.INS.229MB	0.0
Sniffles2.DEL.49EM4	0.0
Sniffles2.DEL.1E4M12	0.0
Sniffles2.INS.9EMA	0.0
Sniffles2.INS.149M2	0.0
Sniffles2.INS.478MA	0.0
Sniffles2.DEL.29FM16	0.0
Sniffles2.INS.11AM11	0.0
Sniffles2.DEL.7FBM0	0.0
Sniffles2.INS.722M1	0.0
Sniffles2.DEL.250M3	0.0
Sniffles2.DEL.50CM8	0.0
Sniffles2.INS.26FM16	0.0
Sniffles2.DEL.564M5	0.0
Sniffles2.INS.A6M4	0.0
Sniffles2.INS.595M9	0.0
Sniffles2.DEL.233M6	0.0
Sniffles2.DEL.191M15	0.0
Sniffles2.DEL.4E4MB	0.0
Sniffles2.INS.1EEM0	0.0
Sniffles2.DEL.128M17	0.0
Sniffles2.INS.144M4	0.0
Sniffles2.INS.271M13	0.0
Sniffles2.INS.690M0	0.0
Sniffles2.INS.263MD	0.0
Sniffles2.DEL.C6M12	0.0
Sniffles2.DEL.BFM16	0.0
Sniffles2.INS.6CM16	0.0
Sniffles2.DEL.187MF	0.0
Sniffles2.INS.211MC	0.0
Sniffles2.DEL.313ME	0.0
Sniffles2.DEL.92M10	0.0
Sniffles2.INS.208M10	0.0
Sniffles2.INS.425M5	0.0
Sniffles2.INS.1F7M4	0.0
Sniffles2.DEL.2F3MA	0.0
Sniffles2.INS.215M4	0.0
Sniffles2.DEL.611M1	0.0
Sniffles2.INS.174M17	0.0
Sniffles2.INS.3EMB	0.0
Sniffles2.DEL.2C0M10	0.0
Sniffles2.DEL.1F7M6	0.0
Sniffles2.DEL.3D1M2	0.0
Sniffles2.DEL.195M1	0.0
Sniffles2.INS.2BFM7	0.0
Sniffles2.DEL.142M16	0.0
Sniffles2.DEL.1EME	0.0
Sniffles2.INS.5F3M5	0.0
Sniffles2.INS.369M5	0.0
Sniffles2.INS.2EDMC	0.0
Sniffles2.DEL.187M16	0.0
Sniffles2.DEL.404MA	0.0
Sniffles2.DEL.385MF	0.0
Sniffles2.DEL.4C0MB	0.0
Sniffles2.INS.4E3M2	0.0
Sniffles2.DEL.461M9	0.0
Sniffles2.DEL.400MF	0.0
Sniffles2.DEL.138M3	0.0
Sniffles2.DEL.244ME	0.0
Sniffles2.DEL.59EM0	0.0
Sniffles2.INS.310MC	0.0
Sniffles2.DEL.600M6	0.0
Sniffles2.INS.F8M15	0.0
Sniffles2.DEL.3DEM4	0.0
Sniffles2.INS.33DM11	0.0
Sniffles2.INS.2AM11	0.0
Sniffles2.DEL.190M0	0.0
Sniffles2.INS.18CM2	0.0
Sniffles2.INS.1ACM5	0.0
Sniffles2.DEL.3B4M2	0.0
Sniffles2.INS.A2M13	0.0
Sniffles2.INS.A8M4	0.0
Sniffles2.DEL.AMA	0.0
Sniffles2.DEL.8AMA	0.0
Sniffles2.INS.6C4M6	0.0
Sniffles2.INS.1BAM4	0.0
Sniffles2.INS.3D0MB	0.0
Sniffles2.DEL.377MC	0.0
Sniffles2.INS.3AM10	0.0
Sniffles2.DEL.72M3	0.0
Sniffles2.DEL.372MC	0.0
Sniffles2.INS.13BM14	0.0
Sniffles2.DEL.1D6MD	0.0
Sniffles2.INS.38FM4	0.0
Sniffles2.INS.4F2M0	0.0
Sniffles2.DEL.31CM8	0.0
Sniffles2.DEL.DAM14	0.0
Sniffles2.DEL.5F7M5	0.0
Sniffles2.INS.273M6	0.0
Sniffles2.DEL.272M2	0.0
Sniffles2.INS.33M16	0.0
Sniffles2.INS.5E0M9	0.0
Sniffles2.DEL.426M13	0.0
Sniffles2.DEL.6FCM0	0.0
Sniffles2.DEL.3DBM12	0.0
Sniffles2.INS.23AM0	0.0
Sniffles2.INS.133M1	0.0
Sniffles2.INS.45EM4	0.0
Sniffles2.INS.39EM11	0.0
Sniffles2.INS.89M13	0.0
Sniffles2.DEL.1F5M17	0.0
Sniffles2.INS.249MB	0.0
Sniffles2.INS.1CBM8	0.0
Sniffles2.INS.2A3MA	0.0
Sniffles2.DEL.155M14	0.0
Sniffles2.DEL.C8M12	0.0
Sniffles2.INS.280ME	0.0
Sniffles2.INS.43FM1	0.0
Sniffles2.DEL.24EMF	0.0
Sniffles2.INS.300MA	0.0
Sniffles2.DEL.452M3	0.0
Sniffles2.INS.4EDM8	0.0
Sniffles2.DEL.49AM2	0.0
Sniffles2.INS.63M10	0.0
Sniffles2.INS.5F4M3	0.0
Sniffles2.INS.7AEM1	0.0
Sniffles2.DEL.1CAMB	0.0
Sniffles2.DEL.5D8M4	0.0
Sniffles2.INS.20M7	0.0
Sniffles2.INS.176MF	0.0
Sniffles2.INS.1D9M2	0.0
Sniffles2.INS.2A6M15	0.0
Sniffles2.INS.385M13	0.0
Sniffles2.DEL.574M3	0.0
Sniffles2.INS.119M1	0.0
Sniffles2.INS.401M16	0.0
Sniffles2.DEL.47BM9	0.0
Sniffles2.DEL.60AM5	0.0
Sniffles2.INS.5D3M0	0.0
Sniffles2.DEL.25BMA	0.0
Sniffles2.DEL.119M16	0.0
Sniffles2.DEL.43MC	0.0
Sniffles2.DEL.1A5M1	0.0
Sniffles2.INS.366ME	0.0
Sniffles2.DEL.50AM3	0.0
Sniffles2.INS.41BM13	0.0
Sniffles2.INS.443MA	0.0
Sniffles2.DEL.1C8M17	0.0
Sniffles2.DEL.4DCM7	0.0
Sniffles2.DEL.E4M16	0.0
Sniffles2.INS.C3MD	0.0
Sniffles2.INS.48M12	0.0
Sniffles2.DEL.1D4M2	0.0
Sniffles2.INS.117M14	0.0
Sniffles2.DEL.237MB	0.0
Sniffles2.INS.68CM3	0.0
Sniffles2.DEL.396MC	0.0
Sniffles2.DEL.41FM6	0.0
Sniffles2.DEL.B4M0	0.0
Sniffles2.DEL.171M13	0.0
Sniffles2.DEL.1CAM11	0.0
Sniffles2.INV.500M9	0.0
Sniffles2.INS.2A0M1	0.0
Sniffles2.INS.AM7	0.0
Sniffles2.DEL.21DM13	0.0
Sniffles2.INS.23CM4	0.0
Sniffles2.DEL.16M11	0.0
Sniffles2.DEL.D6M5	0.0
Sniffles2.DEL.434M1	0.0
Sniffles2.DEL.22M16	0.0
Sniffles2.INS.115MC	0.0
Sniffles2.DEL.94M16	0.0
Sniffles2.INS.471M7	0.0
Sniffles2.INS.150M1	0.0
Sniffles2.INS.41AM7	0.0
Sniffles2.INS.105M17	0.0
Sniffles2.INS.1B6MA	0.0
Sniffles2.DEL.3D1M3	0.0
Sniffles2.DEL.137M17	0.0
Sniffles2.INS.2A4M15	0.0
Sniffles2.INS.B8M14	0.0
Sniffles2.DEL.5DFM4	0.0
Sniffles2.DEL.227M12	0.0
Sniffles2.DEL.29CM5	0.0
Sniffles2.INS.2F4MC	0.0
Sniffles2.DEL.5A2M9	0.0
Sniffles2.INS.399M13	0.0
Sniffles2.INS.4AM2	0.0
Sniffles2.DEL.2B0M16	0.0
Sniffles2.INS.457M13	0.0
Sniffles2.DEL.1FCM6	0.0
Sniffles2.INS.1E6MF	0.0
Sniffles2.DEL.708M1	0.0
Sniffles2.DEL.23CM12	0.0
Sniffles2.INS.115M17	0.0
Sniffles2.INS.4F2M8	0.0
Sniffles2.DEL.8AM7	0.0
Sniffles2.DEL.25BM16	0.0
Sniffles2.INS.2MB	0.0
Sniffles2.INS.2DM8	0.0
Sniffles2.INS.C8M7	0.0
Sniffles2.INS.36AM12	0.0
Sniffles2.DEL.B1MC	0.0
Sniffles2.DEL.16M12	0.0
Sniffles2.INS.108M12	0.0
Sniffles2.INS.4CCM9	0.0
Sniffles2.INS.24MF	0.0
Sniffles2.DEL.25BM8	0.0
Sniffles2.DEL.366M11	0.0
Sniffles2.INS.3CMA	0.0
Sniffles2.DEL.187M10	0.0
Sniffles2.DEL.444M5	0.0
Sniffles2.INS.5FEM6	0.0
Sniffles2.INS.21M3	0.0
Sniffles2.DEL.71ME	0.0
Sniffles2.DEL.261MA	0.0
Sniffles2.DEL.3B1M0	0.0
Sniffles2.INS.A8M9	0.0
Sniffles2.DEL.579M4	0.0
Sniffles2.INS.5CM14	0.0
Sniffles2.DEL.176MD	0.0
Sniffles2.INS.7A9M1	0.0
Sniffles2.DEL.3A8M8	0.0
Sniffles2.DEL.AAM17	0.0
Sniffles2.DEL.622M3	0.0
Sniffles2.INS.C9M13	0.0
Sniffles2.INS.2CEM0	0.0
Sniffles2.INS.98MF	0.0
Sniffles2.INS.70EM1	0.0
Sniffles2.DEL.8M16	0.0
Sniffles2.DEL.5F2M0	0.0
Sniffles2.DEL.203M9	0.0
Sniffles2.DEL.17DM15	0.0
Sniffles2.DEL.41CMB	0.0
Sniffles2.DEL.14AMB	0.0
Sniffles2.INS.174M9	0.0
Sniffles2.INS.319M10	0.0
Sniffles2.DEL.3DAM8	0.0
Sniffles2.INS.4A0MB	0.0
Sniffles2.DEL.1EEM11	0.0
Sniffles2.DEL.AAMA	0.0
Sniffles2.DEL.21BM10	0.0
Sniffles2.INS.1BEM1	0.0
Sniffles2.DEL.FAM0	0.0
Sniffles2.DEL.534M8	0.0
Sniffles2.INS.19MA	0.0
Sniffles2.INS.311M6	0.0
Sniffles2.DEL.23FM10	0.0
Sniffles2.INS.15CM5	0.0
Sniffles2.INS.22BM5	0.0
Sniffles2.INS.5FCM6	0.0
Sniffles2.DEL.4DAM3	0.0
Sniffles2.DEL.257M12	0.0
Sniffles2.INS.B8M0	0.0
Sniffles2.INS.3B4M11	0.0
Sniffles2.INS.DM13	0.0
Sniffles2.DEL.336M10	0.0
Sniffles2.INS.324M8	0.0
Sniffles2.DEL.E2M17	0.0
Sniffles2.DEL.134MA	0.0
Sniffles2.INS.45AM6	0.0
Sniffles2.DEL.414MC	0.0
Sniffles2.DEL.4AM15	0.0
Sniffles2.INS.94M5	0.0
Sniffles2.INS.1BFMC	0.0
Sniffles2.DEL.230M10	0.0
Sniffles2.DEL.CBM4	0.0
Sniffles2.INS.1D9MF	0.0
Sniffles2.DEL.3D9M1	0.0
Sniffles2.INS.21EM12	0.0
Sniffles2.INS.4A9M16	0.0
Sniffles2.INS.104M8	0.0
Sniffles2.DEL.186MA	0.0
Sniffles2.DEL.2BM10	0.0
Sniffles2.DEL.27BM4	0.0
Sniffles2.INS.5D1M0	0.0
Sniffles2.INS.50EM2	0.0
Sniffles2.INS.168MC	0.0
Sniffles2.DEL.1E8M14	0.0
Sniffles2.DEL.8DM14	0.0
Sniffles2.DEL.1D5M17	0.0
Sniffles2.DEL.91M16	0.0
Sniffles2.DEL.68M1	0.0
Sniffles2.INS.142M0	0.0
Sniffles2.DEL.41AMB	0.0
Sniffles2.INS.2B5M12	0.0
Sniffles2.INS.313MA	0.0
Sniffles2.INS.5BFM9	0.0
Sniffles2.DEL.BAM9	0.0
Sniffles2.INS.FAM6	0.0
Sniffles2.INS.17MA	0.0
Sniffles2.INS.331M2	0.0
Sniffles2.DEL.2F6M0	0.0
Sniffles2.INS.4M6	0.0
Sniffles2.INS.27BM1	0.0
Sniffles2.DEL.17CMA	0.0
Sniffles2.INS.11M0	0.0
Sniffles2.DEL.3C6M5	0.0
Sniffles2.DEL.92M15	0.0
Sniffles2.DEL.6A6M0	0.0
Sniffles2.DEL.2AM13	0.0
Sniffles2.DEL.1F0M5	0.0
Sniffles2.INS.4FM7	0.0
Sniffles2.DEL.17BM17	0.0
Sniffles2.DEL.62M2	0.0
Sniffles2.INS.678M4	0.0
Sniffles2.INS.1A9M0	0.0
Sniffles2.DEL.1AEM1	0.0
Sniffles2.INS.451M16	0.0
Sniffles2.INS.363ME	0.0
Sniffles2.INS.283M16	0.0
Sniffles2.INS.B4MB	0.0
Sniffles2.DEL.FDME	0.0
Sniffles2.INS.378M11	0.0
Sniffles2.DEL.3FFMC	0.0
Sniffles2.INS.82M2	0.0
Sniffles2.INS.456M2	0.0
Sniffles2.INS.25AMF	0.0
Sniffles2.INS.154M15	0.0
Sniffles2.INS.64MA	0.0
Sniffles2.DEL.E8M17	0.0
Sniffles2.DEL.1E1M17	0.0
Sniffles2.DEL.10DM0	0.0
Sniffles2.INS.212M15	0.0
Sniffles2.INS.EAM1	0.0
Sniffles2.INS.1CFMF	0.0
Sniffles2.DEL.23EM13	0.0
Sniffles2.INS.3B2M2	0.0
Sniffles2.DEL.20CM17	0.0
Sniffles2.INS.200M14	0.0
Sniffles2.INS.7ACM1	0.0
Sniffles2.DEL.42EM2	0.0
Sniffles2.DEL.33BM6	0.0
Sniffles2.DEL.8M14	0.0
Sniffles2.INS.273M17	0.0
Sniffles2.INS.474M2	0.0
Sniffles2.DEL.265M6	0.0
Sniffles2.INS.20AM12	0.0
Sniffles2.INS.163ME	0.0
Sniffles2.INS.2A8MD	0.0
Sniffles2.INS.2DBM0	0.0
Sniffles2.DEL.63M14	0.0
Sniffles2.DEL.17DM16	0.0
Sniffles2.DEL.26DM3	0.0
Sniffles2.DEL.142M1	0.0
Sniffles2.DEL.224MF	0.0
Sniffles2.INS.3BM9	0.0
Sniffles2.INS.17AM15	0.0
Sniffles2.INS.222M11	0.0
Sniffles2.INV.48AM4	0.0
Sniffles2.INS.833M0	0.0
Sniffles2.DEL.19CM12	0.0
Sniffles2.INS.FEMC	0.0
Sniffles2.INS.2BFMD	0.0
Sniffles2.INS.1E7M12	0.0
Sniffles2.INS.37M11	0.0
Sniffles2.INS.1DCM11	0.0
Sniffles2.DEL.459M1	0.0
Sniffles2.DEL.34EM11	0.0
Sniffles2.DEL.1B9M8	0.0
Sniffles2.DEL.596M0	0.0
Sniffles2.DEL.3A5M12	0.0
Sniffles2.DEL.58BM6	0.0
Sniffles2.INS.506M9	0.0
Sniffles2.INS.42EM7	0.0
Sniffles2.INS.3F2MF	0.0
Sniffles2.INS.E9MA	0.0
Sniffles2.INS.450MB	0.0
Sniffles2.INS.16DM13	0.0
Sniffles2.DEL.3F8M13	0.0
Sniffles2.DEL.1CBMF	0.0
Sniffles2.INS.2AEME	0.0
Sniffles2.DEL.55DM9	0.0
Sniffles2.INS.8EM10	0.0
Sniffles2.INS.14DMB	0.0
Sniffles2.DEL.2D6M1	0.0
Sniffles2.INS.462M7	0.0
Sniffles2.INS.1ACM7	0.0
Sniffles2.DEL.156MD	0.0
Sniffles2.INS.4F1M0	0.0
Sniffles2.DEL.57EM0	0.0
Sniffles2.INS.267M9	0.0
Sniffles2.INS.2D4MF	0.0
Sniffles2.DEL.301M15	0.0
Sniffles2.INS.25AM1	0.0
Sniffles2.DEL.1BDM3	0.0
Sniffles2.DEL.260M17	0.0
Sniffles2.DEL.125M17	0.0
Sniffles2.INS.607M5	0.0
Sniffles2.DEL.2A5M7	0.0
Sniffles2.DEL.706M0	0.0
Sniffles2.INS.4AFM1	0.0
Sniffles2.INS.50M14	0.0
Sniffles2.DEL.250M17	0.0
Sniffles2.DEL.3A9M2	0.0
Sniffles2.DEL.19AMB	0.0
Sniffles2.DEL.F6M17	0.0
Sniffles2.DEL.212M14	0.0
Sniffles2.INS.19BM14	0.0
Sniffles2.INS.23BM12	0.0
Sniffles2.INS.45BM5	0.0
Sniffles2.INS.4A1M0	0.0
Sniffles2.INS.267M1	0.0
Sniffles2.DEL.1ECM2	0.0
Sniffles2.INS.2EBM11	0.0
Sniffles2.INS.10FM14	0.0
Sniffles2.DEL.B1M14	0.0
Sniffles2.DEL.25M14	0.0
Sniffles2.DEL.28BM14	0.0
Sniffles2.INS.21AM2	0.0
Sniffles2.DEL.349MC	0.0
Sniffles2.INS.3B3M12	0.0
Sniffles2.DEL.8EM3	0.0
Sniffles2.DEL.11DM3	0.0
Sniffles2.INS.758M1	0.0
Sniffles2.DEL.88M9	0.0
Sniffles2.INS.7AM17	0.0
Sniffles2.DEL.CDM5	0.0
Sniffles2.INS.2B1M8	0.0
Sniffles2.DEL.2D7M3	0.0
Sniffles2.DEL.339M14	0.0
Sniffles2.DEL.1CCM15	0.0
Sniffles2.DEL.95M2	0.0
Sniffles2.DEL.26BM13	0.0
Sniffles2.INS.18M5	0.0
Sniffles2.INS.60BM9	0.0
Sniffles2.INS.43M7	0.0
Sniffles2.INS.0MA	0.0
Sniffles2.DEL.3FFM16	0.0
Sniffles2.INS.263M10	0.0
Sniffles2.INS.568M2	0.0
Sniffles2.INS.197M6	0.0
Sniffles2.INS.5CM3	0.0
Sniffles2.DEL.2D2M4	0.0
Sniffles2.INS.2ABMB	0.0
Sniffles2.DEL.45CM2	0.0
Sniffles2.INS.648M4	0.0
Sniffles2.DEL.50M8	0.0
Sniffles2.INS.48M16	0.0
Sniffles2.DEL.465MB	0.0
Sniffles2.INS.3DAM10	0.0
Sniffles2.INS.3F3M16	0.0
Sniffles2.DEL.1F9M14	0.0
Sniffles2.DEL.345M11	0.0
Sniffles2.INS.291MA	0.0
Sniffles2.INS.3EMA	0.0
Sniffles2.INS.46DM0	0.0
Sniffles2.INS.2B7MB	0.0
Sniffles2.DEL.2E8M3	0.0
Sniffles2.INS.15AM4	0.0
Sniffles2.DEL.4AFM8	0.0
Sniffles2.INS.1E1M12	0.0
Sniffles2.DEL.19BMB	0.0
Sniffles2.INS.118MA	0.0
Sniffles2.INS.3BEM4	0.0
Sniffles2.INS.4C7M9	0.0
Sniffles2.DEL.73MC	0.0
Sniffles2.INS.DAM13	0.0
Sniffles2.DEL.188MB	0.0
Sniffles2.INS.CM3	0.0
Sniffles2.DEL.2F4MF	0.0
Sniffles2.INS.15M10	0.0
Sniffles2.INS.211MB	0.0
Sniffles2.DEL.433M10	0.0
Sniffles2.DEL.3DDM1	0.0
Sniffles2.INS.7A2M0	0.0
Sniffles2.INS.7BDM1	0.0
Sniffles2.DEL.484M3	0.0
Sniffles2.INS.B1MB	0.0
Sniffles2.INS.3D4M5	0.0
Sniffles2.DEL.28EM12	0.0
Sniffles2.INS.39FM10	0.0
Sniffles2.DEL.2C7MF	0.0
Sniffles2.INS.305MB	0.0
Sniffles2.DEL.AFMF	0.0
Sniffles2.INS.EMB	0.0
Sniffles2.INS.1F7M2	0.0
Sniffles2.DEL.29BM16	0.0
Sniffles2.INS.209M4	0.0
Sniffles2.INS.373M1	0.0
Sniffles2.DEL.3DCM9	0.0
Sniffles2.DEL.1F2M15	0.0
Sniffles2.INS.86M16	0.0
Sniffles2.DEL.FEM11	0.0
Sniffles2.DEL.3D5M9	0.0
Sniffles2.INS.2E0M8	0.0
Sniffles2.DEL.650M1	0.0
Sniffles2.INS.2EAMC	0.0
Sniffles2.INS.3A0MB	0.0
Sniffles2.INS.111M7	0.0
Sniffles2.DEL.AMC	0.0
Sniffles2.DEL.E5M9	0.0
Sniffles2.INS.7B9M0	0.0
Sniffles2.INS.2ADM11	0.0
Sniffles2.DEL.1EAM12	0.0
Sniffles2.DEL.224MB	0.0
Sniffles2.INS.5EAM0	0.0
Sniffles2.DEL.241M6	0.0
Sniffles2.DEL.4B3M0	0.0
Sniffles2.DEL.354M7	0.0
Sniffles2.INS.13M2	0.0
Sniffles2.DEL.6A8M0	0.0
Sniffles2.DEL.21AM17	0.0
Sniffles2.INS.2ME	0.0
Sniffles2.DEL.809M0	0.0
Sniffles2.INS.A1MF	0.0
Sniffles2.INS.2E2MA	0.0
Sniffles2.INS.67EM1	0.0
Sniffles2.DEL.163M12	0.0
Sniffles2.INS.400M13	0.0
Sniffles2.INS.303M16	0.0
Sniffles2.INS.272ME	0.0
Sniffles2.INS.2BMF	0.0
Sniffles2.INS.5DBM0	0.0
Sniffles2.INS.14EM13	0.0
Sniffles2.DEL.1B8M13	0.0
Sniffles2.INS.2E0ME	0.0
Sniffles2.DEL.6B9M1	0.0
Sniffles2.DEL.64DM0	0.0
Sniffles2.INS.248MA	0.0
Sniffles2.DEL.36BM10	0.0
Sniffles2.INS.193M15	0.0
Sniffles2.DEL.66AM6	0.0
Sniffles2.INS.108M2	0.0
Sniffles2.DEL.59AM4	0.0
Sniffles2.INS.7DM9	0.0
Sniffles2.INS.9BM12	0.0
Sniffles2.INS.5C2M4	0.0
Sniffles2.INS.33AM7	0.0
Sniffles2.INS.764M1	0.0
Sniffles2.DEL.247M11	0.0
Sniffles2.INS.1EEM16	0.0
Sniffles2.DEL.57AM0	0.0
Sniffles2.INS.2CM7	0.0
Sniffles2.INS.1C1M14	0.0
Sniffles2.DEL.4C4M1	0.0
Sniffles2.DEL.139MF	0.0
Sniffles2.INS.45MF	0.0
Sniffles2.INS.8CM4	0.0
Sniffles2.INS.269M15	0.0
Sniffles2.DEL.59M9	0.0
Sniffles2.INS.7BM9	0.0
Sniffles2.INS.B3M13	0.0
Sniffles2.DEL.234M1	0.0
Sniffles2.INS.363MB	0.0
Sniffles2.INS.16M15	0.0
Sniffles2.INS.63CM3	0.0
Sniffles2.DEL.6F0M1	0.0
Sniffles2.INS.1A1M17	0.0
Sniffles2.INS.E0M7	0.0
Sniffles2.DEL.43BM4	0.0
Sniffles2.INS.15DM1	0.0
Sniffles2.DEL.48DM1	0.0
Sniffles2.INS.17FM7	0.0
Sniffles2.INS.330M11	0.0
Sniffles2.DEL.206M1	0.0
Sniffles2.DEL.91M1	0.0
Sniffles2.DEL.14DM16	0.0
Sniffles2.DEL.441M1	0.0
Sniffles2.DEL.1BBMA	0.0
Sniffles2.DEL.616M6	0.0
Sniffles2.INS.BBM3	0.0
Sniffles2.INS.725M0	0.0
Sniffles2.DUP.B8M15	0.0
Sniffles2.INS.2AM17	0.0
Sniffles2.INS.46CM16	0.0
Sniffles2.INS.58FM5	0.0
Sniffles2.DEL.269M1	0.0
Sniffles2.INS.19CM16	0.0
Sniffles2.DEL.232M10	0.0
Sniffles2.DEL.536M0	0.0
Sniffles2.INS.1BFM15	0.0
Sniffles2.INS.467M9	0.0
Sniffles2.INS.D2M12	0.0
Sniffles2.INS.106M9	0.0
Sniffles2.INS.523M9	0.0
Sniffles2.INS.4C1M4	0.0
Sniffles2.INS.1C0ME	0.0
Sniffles2.INS.312MA	0.0
Sniffles2.DEL.D1M0	0.0
Sniffles2.INS.B7M8	0.0
Sniffles2.INS.60FM9	0.0
Sniffles2.DEL.201M12	0.0
Sniffles2.INS.7A9M0	0.0
Sniffles2.INS.2FBM4	0.0
Sniffles2.INS.23MC	0.0
Sniffles2.DEL.24EM5	0.0
Sniffles2.INS.155M4	0.0
Sniffles2.DEL.96MC	0.0
Sniffles2.INS.C9M10	0.0
Sniffles2.DEL.6EM17	0.0
Sniffles2.INS.2D8M11	0.0
Sniffles2.DEL.14CM2	0.0
Sniffles2.INV.334M5	0.0
Sniffles2.INS.53FM9	0.0
Sniffles2.INS.239ME	0.0
Sniffles2.DEL.2ACM13	0.0
Sniffles2.INS.170M12	0.0
Sniffles2.INS.3ECM2	0.0
Sniffles2.INS.3D8M12	0.0
Sniffles2.DEL.CM10	0.0
Sniffles2.DEL.2D5M4	0.0
Sniffles2.INS.11CM0	0.0
Sniffles2.DEL.1FCM2	0.0
Sniffles2.DEL.1C8M1	0.0
Sniffles2.INS.2D1MF	0.0
Sniffles2.DEL.417MA	0.0
Sniffles2.DEL.26M16	0.0
Sniffles2.DEL.144M16	0.0
Sniffles2.DEL.304M8	0.0
Sniffles2.INS.1C9MD	0.0
Sniffles2.INS.13EMD	0.0
Sniffles2.DEL.239MD	0.0
Sniffles2.INS.276M7	0.0
Sniffles2.INS.3B0MC	0.0
Sniffles2.DEL.290M6	0.0
Sniffles2.DEL.1E9M17	0.0
Sniffles2.DEL.5BFM1	0.0
Sniffles2.INS.1BAM10	0.0
Sniffles2.INS.377M4	0.0
Sniffles2.DEL.233MA	0.0
Sniffles2.INS.2A4M9	0.0
Sniffles2.INS.44CM5	0.0
Sniffles2.INS.457M7	0.0
Sniffles2.DEL.110M13	0.0
Sniffles2.DEL.4AFM6	0.0
Sniffles2.INS.1A5M17	0.0
Sniffles2.DEL.1F4M9	0.0
Sniffles2.DEL.2C3M15	0.0
Sniffles2.DEL.38BM13	0.0
Sniffles2.INS.132M15	0.0
Sniffles2.INS.FM0	0.0
Sniffles2.INS.65FM3	0.0
Sniffles2.DEL.3E6M9	0.0
Sniffles2.INS.93MD	0.0
Sniffles2.DEL.32BM4	0.0
Sniffles2.INS.49MC	0.0
Sniffles2.DEL.45DMA	0.0
Sniffles2.DEL.25DM0	0.0
Sniffles2.INS.680M1	0.0
Sniffles2.DEL.E5ME	0.0
Sniffles2.DEL.188M17	0.0
Sniffles2.INS.5F4M0	0.0
Sniffles2.DEL.2FEMA	0.0
Sniffles2.DEL.2E4M12	0.0
Sniffles2.INS.469M6	0.0
Sniffles2.DEL.4B2M3	0.0
Sniffles2.INS.E1M14	0.0
Sniffles2.DEL.55AM0	0.0
Sniffles2.DEL.7A0M0	0.0
Sniffles2.INS.1D3M15	0.0
Sniffles2.INS.49CM13	0.0
Sniffles2.INS.B8MA	0.0
Sniffles2.INS.2DBM9	0.0
Sniffles2.DEL.74CM1	0.0
Sniffles2.DEL.3BFMA	0.0
Sniffles2.INS.17MD	0.0
Sniffles2.INS.FM15	0.0
Sniffles2.INS.4A7MA	0.0
Sniffles2.INS.D6MA	0.0
Sniffles2.INS.6BBM6	0.0
Sniffles2.DEL.18FMA	0.0
Sniffles2.INS.402M7	0.0
Sniffles2.DEL.24EM3	0.0
Sniffles2.DEL.11AM13	0.0
Sniffles2.DEL.598M1	0.0
Sniffles2.DEL.5F5M9	0.0
Sniffles2.INS.12AM8	0.0
Sniffles2.DEL.BFM5	0.0
Sniffles2.DEL.297M0	0.0
Sniffles2.DEL.D8M0	0.0
Sniffles2.INS.50AM4	0.0
Sniffles2.INS.46CM2	0.0
Sniffles2.INS.96M0	0.0
Sniffles2.DEL.285MF	0.0
Sniffles2.INS.C2M16	0.0
Sniffles2.DEL.44FM5	0.0
Sniffles2.DEL.7BM13	0.0
Sniffles2.DEL.24M7	0.0
Sniffles2.INS.63DM3	0.0
Sniffles2.INS.314MF	0.0
Sniffles2.DEL.16DM14	0.0
Sniffles2.DEL.8AM16	0.0
Sniffles2.INS.97M16	0.0
Sniffles2.INS.379M16	0.0
Sniffles2.DEL.7AAM0	0.0
Sniffles2.INS.3DEM6	0.0
Sniffles2.INS.159M9	0.0
Sniffles2.INS.17FM9	0.0
Sniffles2.INS.33M0	0.0
Sniffles2.INS.45M16	0.0
Sniffles2.INS.440M9	0.0
Sniffles2.DEL.200MC	0.0
Sniffles2.INS.266M10	0.0
Sniffles2.INS.DDM0	0.0
Sniffles2.INS.26DMF	0.0
Sniffles2.INS.26AMF	0.0
Sniffles2.DEL.352M11	0.0
Sniffles2.INS.350MF	0.0
Sniffles2.DEL.E9M15	0.0
Sniffles2.DEL.42DMA	0.0
Sniffles2.INS.2B9M6	0.0
Sniffles2.DEL.265M0	0.0
Sniffles2.INS.2AAM9	0.0
Sniffles2.DEL.1AAMB	0.0
Sniffles2.DEL.1F1M5	0.0
Sniffles2.INS.8DM0	0.0
Sniffles2.DEL.1E1M0	0.0
Sniffles2.INS.2ECM10	0.0
Sniffles2.INS.124M16	0.0
Sniffles2.DEL.420M2	0.0
Sniffles2.DEL.254M13	0.0
Sniffles2.INS.11M7	0.0
Sniffles2.INS.4C4MA	0.0
Sniffles2.INS.7C8M1	0.0
Sniffles2.INS.C4M4	0.0
Sniffles2.INS.1D0M3	0.0
Sniffles2.DEL.18AM11	0.0
Sniffles2.INS.EFM10	0.0
Sniffles2.DEL.36CMF	0.0
Sniffles2.DEL.74M15	0.0
Sniffles2.INS.3EDM9	0.0
Sniffles2.INS.15EM11	0.0
Sniffles2.INS.146M17	0.0
Sniffles2.DEL.26CM4	0.0
Sniffles2.DEL.78M14	0.0
Sniffles2.INS.84M4	0.0
Sniffles2.DEL.459M7	0.0
Sniffles2.INS.3A7M9	0.0
Sniffles2.INS.22EM14	0.0
Sniffles2.DEL.88M0	0.0
Sniffles2.DEL.278M5	0.0
Sniffles2.INS.EMF	0.0
Sniffles2.INS.501M2	0.0
Sniffles2.INS.94M9	0.0
Sniffles2.DEL.259M10	0.0
Sniffles2.DEL.182M4	0.0
Sniffles2.INS.612M6	0.0
Sniffles2.INS.62M5	0.0
Sniffles2.INS.142M4	0.0
Sniffles2.DEL.68BM1	0.0
Sniffles2.INS.326M6	0.0
Sniffles2.INS.201MA	0.0
Sniffles2.INS.2C0MD	0.0
Sniffles2.DEL.5DM3	0.0
Sniffles2.INS.42BM10	0.0
Sniffles2.DEL.64M4	0.0
Sniffles2.INS.EBM7	0.0
Sniffles2.DEL.2D1M14	0.0
Sniffles2.DEL.270M11	0.0
Sniffles2.INS.472M1	0.0
Sniffles2.DEL.2FCM15	0.0
Sniffles2.DEL.261M4	0.0
Sniffles2.INS.276MC	0.0
Sniffles2.DEL.5FEM5	0.0
Sniffles2.DEL.5F1M4	0.0
Sniffles2.INS.45AM7	0.0
Sniffles2.DEL.395M1	0.0
Sniffles2.INS.508M8	0.0
Sniffles2.INS.11M14	0.0
Sniffles2.DEL.A0M7	0.0
Sniffles2.INS.5MD	0.0
Sniffles2.INS.6C2M6	0.0
Sniffles2.DEL.1BDM2	0.0
Sniffles2.DEL.2C8M12	0.0
Sniffles2.DEL.5EM15	0.0
Sniffles2.INS.58CM1	0.0
Sniffles2.INS.129M4	0.0
Sniffles2.INS.321M16	0.0
Sniffles2.INS.159M6	0.0
Sniffles2.INS.16CMA	0.0
Sniffles2.DEL.466M1	0.0
Sniffles2.INS.DDM17	0.0
Sniffles2.INS.4BDM5	0.0
Sniffles2.DEL.17AM11	0.0
Sniffles2.INS.172M16	0.0
Sniffles2.DEL.298MF	0.0
Sniffles2.DEL.428M3	0.0
Sniffles2.INS.366M10	0.0
Sniffles2.DEL.3AAM9	0.0
Sniffles2.INS.DAM9	0.0
Sniffles2.INS.3C9MF	0.0
Sniffles2.DEL.A8MB	0.0
Sniffles2.INS.262M12	0.0
Sniffles2.DEL.4ABM2	0.0
Sniffles2.INS.368M10	0.0
Sniffles2.INS.3C9MC	0.0
Sniffles2.INS.31CMA	0.0
Sniffles2.DEL.463MB	0.0
Sniffles2.INS.453M1	0.0
Sniffles2.INS.8ME	0.0
Sniffles2.DEL.12BM5	0.0
Sniffles2.DEL.31DM9	0.0
Sniffles2.INS.46MA	0.0
Sniffles2.DEL.73BM0	0.0
Sniffles2.INS.431MC	0.0
Sniffles2.DEL.7CM11	0.0
Sniffles2.DEL.32DMC	0.0
Sniffles2.DEL.82EM0	0.0
Sniffles2.DEL.167M15	0.0
Sniffles2.INS.31EM1	0.0
Sniffles2.INS.413MF	0.0
Sniffles2.INS.236M4	0.0
Sniffles2.INS.7MD	0.0
Sniffles2.INS.1DM5	0.0
Sniffles2.INS.4CBM1	0.0
Sniffles2.INS.3FEMB	0.0
Sniffles2.INS.40FMB	0.0
Sniffles2.INS.380MF	0.0
Sniffles2.INS.478M7	0.0
Sniffles2.DEL.4A9M13	0.0
Sniffles2.INS.759M1	0.0
Sniffles2.INS.A2M7	0.0
Sniffles2.DEL.200M2	0.0
Sniffles2.INS.95M11	0.0
Sniffles2.DEL.3FFM5	0.0
Sniffles2.INS.B2M0	0.0
Sniffles2.INS.3BM4	0.0
Sniffles2.DEL.344M7	0.0
Sniffles2.DEL.18AM8	0.0
Sniffles2.INS.355M2	0.0
Sniffles2.DEL.93M16	0.0
Sniffles2.DEL.223M0	0.0
Sniffles2.INS.78M4	0.0
Sniffles2.INS.376M4	0.0
Sniffles2.INS.9BM16	0.0
Sniffles2.DEL.2BM4	0.0
Sniffles2.DEL.4F3M9	0.0
Sniffles2.INS.5E0M0	0.0
Sniffles2.DEL.1F7M7	0.0
Sniffles2.DEL.72BM1	0.0
Sniffles2.DEL.4E4M9	0.0
Sniffles2.DEL.DAM5	0.0
Sniffles2.INS.222M3	0.0
Sniffles2.INS.370M11	0.0
Sniffles2.INS.2F1MA	0.0
Sniffles2.DEL.136ME	0.0
Sniffles2.DEL.273M3	0.0
Sniffles2.DEL.4D8M4	0.0
Sniffles2.INS.7C1M0	0.0
Sniffles2.INS.414M0	0.0
Sniffles2.INS.272M13	0.0
Sniffles2.INS.2B6M15	0.0
Sniffles2.INS.2FDMF	0.0
Sniffles2.INS.50CM9	0.0
Sniffles2.INS.30CM7	0.0
Sniffles2.INS.20EM0	0.0
Sniffles2.INS.240MA	0.0
Sniffles2.INS.467M2	0.0
Sniffles2.INS.4B9M5	0.0
Sniffles2.INS.33CM1	0.0
Sniffles2.INS.22AM9	0.0
Sniffles2.DEL.2F3M15	0.0
Sniffles2.DEL.274MA	0.0
Sniffles2.DEL.2AM14	0.0
Sniffles2.DEL.1EM14	0.0
Sniffles2.DEL.23EM10	0.0
Sniffles2.DEL.286MB	0.0
Sniffles2.DEL.F5M4	0.0
Sniffles2.INS.7ABM1	0.0
Sniffles2.DEL.9FM9	0.0
Sniffles2.DEL.5FFM4	0.0
Sniffles2.INS.CM7	0.0
Sniffles2.INS.2C7M8	0.0
Sniffles2.INS.2C5M2	0.0
Sniffles2.DEL.695M1	0.0
Sniffles2.INS.107M6	0.0
Sniffles2.DEL.164M17	0.0
Sniffles2.INS.1F1M8	0.0
Sniffles2.INS.74M6	0.0
Sniffles2.INS.1FDMA	0.0
Sniffles2.DEL.163M1	0.0
Sniffles2.INS.61M15	0.0
Sniffles2.DEL.26CME	0.0
Sniffles2.DEL.298M13	0.0
Sniffles2.DEL.5E4M4	0.0
Sniffles2.INS.23FM17	0.0
Sniffles2.INS.0M3	0.0
Sniffles2.DEL.27CM14	0.0
Sniffles2.INS.24CMD	0.0
Sniffles2.DEL.7AM11	0.0
Sniffles2.INS.729M1	0.0
Sniffles2.DEL.670M4	0.0
Sniffles2.DEL.14AM6	0.0
Sniffles2.INS.273M14	0.0
Sniffles2.INS.EDM0	0.0
Sniffles2.DEL.2A9M6	0.0
Sniffles2.DEL.132M16	0.0
Sniffles2.DEL.E8MC	0.0
Sniffles2.DEL.8BM9	0.0
Sniffles2.INS.C2M15	0.0
Sniffles2.INS.34FM1	0.0
Sniffles2.DEL.172M13	0.0
Sniffles2.INS.6FMF	0.0
Sniffles2.INS.70M10	0.0
Sniffles2.INS.1D2M3	0.0
Sniffles2.DEL.24BMD	0.0
Sniffles2.INS.111M15	0.0
Sniffles2.DEL.287M17	0.0
Sniffles2.DEL.2M7	0.0
Sniffles2.INS.2FM16	0.0
Sniffles2.DEL.379M2	0.0
Sniffles2.DEL.1F2ME	0.0
Sniffles2.INS.3FMA	0.0
Sniffles2.INS.48FM16	0.0
Sniffles2.INS.5F1M5	0.0
Sniffles2.INS.1A5MD	0.0
Sniffles2.INS.143M15	0.0
Sniffles2.DEL.C1M10	0.0
Sniffles2.DEL.3C7M2	0.0
Sniffles2.DEL.1ACMF	0.0
Sniffles2.DEL.222MA	0.0
Sniffles2.INS.275M0	0.0
Sniffles2.INS.7CFM0	0.0
Sniffles2.INS.33BM4	0.0
Sniffles2.DEL.448M3	0.0
Sniffles2.DEL.15EM9	0.0
Sniffles2.INS.1DAM7	0.0
Sniffles2.DEL.308M9	0.0
Sniffles2.DEL.39EMB	0.0
Sniffles2.INS.188M16	0.0
Sniffles2.DEL.7BM11	0.0
Sniffles2.INS.108M11	0.0
Sniffles2.DEL.40BM2	0.0
Sniffles2.INS.377M11	0.0
Sniffles2.INS.41FM13	0.0
Sniffles2.INS.572M3	0.0
Sniffles2.INS.E7MC	0.0
Sniffles2.INS.1EDM3	0.0
Sniffles2.DEL.6CEM6	0.0
Sniffles2.DEL.244M0	0.0
Sniffles2.INS.26AME	0.0
Sniffles2.INS.43M15	0.0
Sniffles2.INS.1D6M9	0.0
Sniffles2.DEL.29M3	0.0
Sniffles2.DEL.712M1	0.0
Sniffles2.DEL.590M5	0.0
Sniffles2.DEL.B6M14	0.0
Sniffles2.INS.1F6M16	0.0
Sniffles2.INS.44M7	0.0
Sniffles2.DEL.C7M17	0.0
Sniffles2.DEL.21M15	0.0
Sniffles2.INS.248MB	0.0
Sniffles2.DEL.68M5	0.0
Sniffles2.INS.3F7M7	0.0
Sniffles2.DEL.493M0	0.0
Sniffles2.DEL.FCM15	0.0
Sniffles2.INS.C9MA	0.0
Sniffles2.INS.1BBM10	0.0
Sniffles2.INS.2D5M2	0.0
Sniffles2.DEL.300M4	0.0
Sniffles2.DEL.2DM14	0.0
Sniffles2.DEL.382M10	0.0
Sniffles2.INS.335M1	0.0
Sniffles2.INS.1B1M16	0.0
Sniffles2.DEL.644M3	0.0
Sniffles2.INS.BFM13	0.0
Sniffles2.INS.6D4M6	0.0
Sniffles2.INS.2C9ME	0.0
Sniffles2.INS.271M1	0.0
Sniffles2.INS.15AM2	0.0
Sniffles2.INS.49BM6	0.0
Sniffles2.DEL.3ACM11	0.0
Sniffles2.INS.45M3	0.0
Sniffles2.INS.4E6M1	0.0
Sniffles2.DEL.12M5	0.0
Sniffles2.INS.4A9M1	0.0
Sniffles2.DEL.218M14	0.0
Sniffles2.INS.3A3M7	0.0
Sniffles2.INS.424M10	0.0
Sniffles2.INS.7M2	0.0
Sniffles2.DEL.3F7MB	0.0
Sniffles2.DEL.246MF	0.0
Sniffles2.DEL.28AM13	0.0
Sniffles2.INS.209M6	0.0
Sniffles2.INS.126M16	0.0
Sniffles2.INS.8AM3	0.0
Sniffles2.INV.44AM1	0.0
Sniffles2.INS.2CAMA	0.0
Sniffles2.DEL.51MC	0.0
Sniffles2.DEL.1F3M2	0.0
Sniffles2.INS.47BM13	0.0
Sniffles2.INS.128M15	0.0
Sniffles2.INS.526M8	0.0
Sniffles2.INS.1FM3	0.0
Sniffles2.DEL.3CBMF	0.0
Sniffles2.INS.290M8	0.0
Sniffles2.INS.8BM11	0.0
Sniffles2.DEL.617M3	0.0
Sniffles2.DEL.3B7M11	0.0
Sniffles2.INS.187M12	0.0
Sniffles2.DEL.38FM16	0.0
Sniffles2.DEL.F4M0	0.0
Sniffles2.DEL.21DM14	0.0
Sniffles2.INS.533M0	0.0
Sniffles2.INS.FBM16	0.0
Sniffles2.INS.243M8	0.0
Sniffles2.INS.227M14	0.0
Sniffles2.INS.5B7M9	0.0
Sniffles2.INS.4BAM7	0.0
Sniffles2.INS.1CCMB	0.0
Sniffles2.DEL.57CM3	0.0
Sniffles2.INS.628M4	0.0
Sniffles2.INS.315M6	0.0
Sniffles2.DEL.3AEM8	0.0
Sniffles2.DEL.53BM2	0.0
Sniffles2.INS.330M1	0.0
Sniffles2.DEL.F8M6	0.0
Sniffles2.INS.375M9	0.0
Sniffles2.DEL.30MA	0.0
Sniffles2.DEL.630M0	0.0
Sniffles2.INS.334M1	0.0
Sniffles2.DEL.300M7	0.0
Sniffles2.INS.34DM8	0.0
Sniffles2.INS.11FM6	0.0
Sniffles2.DEL.207M14	0.0
Sniffles2.DEL.4A9M9	0.0
Sniffles2.DEL.2EM16	0.0
Sniffles2.DEL.238M11	0.0
Sniffles2.INS.450M0	0.0
Sniffles2.INS.2FCM4	0.0
Sniffles2.DEL.676M4	0.0
Sniffles2.INV.2FBM16	0.0
Sniffles2.DEL.1C5MD	0.0
Sniffles2.INS.195M3	0.0
Sniffles2.DEL.CCM3	0.0
Sniffles2.DEL.311M7	0.0
Sniffles2.INS.3FBM4	0.0
Sniffles2.DEL.628M1	0.0
Sniffles2.INS.308M11	0.0
Sniffles2.DEL.42M1	0.0
Sniffles2.DEL.717M0	0.0
Sniffles2.DEL.100M17	0.0
Sniffles2.INS.3A5M16	0.0
Sniffles2.INS.164M16	0.0
Sniffles2.INS.386M16	0.0
Sniffles2.INS.65AM6	0.0
Sniffles2.INS.4B2M13	0.0
Sniffles2.DEL.284MA	0.0
Sniffles2.INS.22FM12	0.0
Sniffles2.DEL.41DM10	0.0
Sniffles2.DEL.DM8	0.0
Sniffles2.INS.1B5M12	0.0
Sniffles2.INS.499M13	0.0
Sniffles2.DEL.14EM17	0.0
Sniffles2.INS.93M6	0.0
Sniffles2.DEL.1ABM11	0.0
Sniffles2.INS.379M10	0.0
Sniffles2.DEL.3C4M11	0.0
Sniffles2.INS.2ADM6	0.0
Sniffles2.DEL.4C5MA	0.0
Sniffles2.DEL.9EM8	0.0
Sniffles2.INS.54M0	0.0
Sniffles2.DEL.302M13	0.0
Sniffles2.INS.206M0	0.0
Sniffles2.DEL.7EMB	0.0
Sniffles2.INS.524M2	0.0
Sniffles2.DEL.7A8M1	0.0
Sniffles2.INS.226M3	0.0
Sniffles2.DEL.34BM7	0.0
Sniffles2.INS.16M7	0.0
Sniffles2.DEL.F0M8	0.0
Sniffles2.INS.4M10	0.0
Sniffles2.INS.81M16	0.0
Sniffles2.INS.336MB	0.0
Sniffles2.INS.57CM6	0.0
Sniffles2.DEL.1EAM4	0.0
Sniffles2.DEL.1D5M16	0.0
Sniffles2.INS.48DMB	0.0
Sniffles2.INS.4BDM0	0.0
Sniffles2.INS.1EAM9	0.0
Sniffles2.DEL.22BM3	0.0
Sniffles2.INS.44DM1	0.0
Sniffles2.DEL.56CM2	0.0
Sniffles2.INS.68EM6	0.0
Sniffles2.INS.46DM10	0.0
Sniffles2.INS.1DDM5	0.0
Sniffles2.DEL.AM0	0.0
Sniffles2.INS.47MC	0.0
Sniffles2.INS.3E6M0	0.0
Sniffles2.INS.5EEM5	0.0
Sniffles2.INS.276M17	0.0
Sniffles2.INS.23M5	0.0
Sniffles2.DEL.183M2	0.0
Sniffles2.INS.17DM11	0.0
Sniffles2.INS.343M6	0.0
Sniffles2.INS.56M17	0.0
Sniffles2.INS.FDM12	0.0
Sniffles2.INS.4EFM3	0.0
Sniffles2.INS.1BBM11	0.0
Sniffles2.INS.2E2M1	0.0
Sniffles2.DEL.46M11	0.0
Sniffles2.DEL.160M16	0.0
Sniffles2.DEL.4EEM9	0.0
Sniffles2.DEL.83M17	0.0
Sniffles2.DEL.47FM7	0.0
Sniffles2.DEL.A0ME	0.0
Sniffles2.INS.273M12	0.0
Sniffles2.INS.116M8	0.0
Sniffles2.INS.2DM7	0.0
Sniffles2.DEL.503M0	0.0
Sniffles2.DEL.57M15	0.0
Sniffles2.DEL.1B4M10	0.0
Sniffles2.INS.31AM1	0.0
Sniffles2.INS.102M4	0.0
Sniffles2.INS.11EM10	0.0
Sniffles2.INS.205M3	0.0
Sniffles2.INS.2BEM6	0.0
Sniffles2.DEL.15FM13	0.0
Sniffles2.DEL.523M4	0.0
Sniffles2.DEL.4FBM9	0.0
Sniffles2.DEL.1A6MF	0.0
Sniffles2.INS.17CM12	0.0
Sniffles2.INS.EFM1	0.0
Sniffles2.INS.229M4	0.0
Sniffles2.INS.54AM4	0.0
Sniffles2.DEL.75M14	0.0
Sniffles2.INS.2FFM7	0.0
Sniffles2.DEL.214M2	0.0
Sniffles2.DEL.3B8M1	0.0
Sniffles2.INS.743M0	0.0
Sniffles2.DEL.26DM17	0.0
Sniffles2.INS.4C8M2	0.0
Sniffles2.INS.298MB	0.0
Sniffles2.INS.BDM0	0.0
Sniffles2.INS.44EM7	0.0
Sniffles2.DEL.7BM4	0.0
Sniffles2.DEL.500M0	0.0
Sniffles2.DEL.484M4	0.0
Sniffles2.INS.C1M15	0.0
Sniffles2.INS.223M4	0.0
Sniffles2.INS.CEME	0.0
Sniffles2.INS.A4M16	0.0
Sniffles2.DEL.808M0	0.0
Sniffles2.INS.328M4	0.0
Sniffles2.DEL.358ME	0.0
Sniffles2.DEL.322M13	0.0
Sniffles2.DEL.4DBM8	0.0
Sniffles2.DEL.6A4M3	0.0
Sniffles2.INS.B6M6	0.0
Sniffles2.DEL.4D8M2	0.0
Sniffles2.INS.2ABM11	0.0
Sniffles2.DEL.104M12	0.0
Sniffles2.DEL.E9M16	0.0
Sniffles2.DEL.249M12	0.0
Sniffles2.INS.32MC	0.0
Sniffles2.DEL.266M17	0.0
Sniffles2.INS.2D3M11	0.0
Sniffles2.INS.2BAM15	0.0
Sniffles2.DEL.2M11	0.0
Sniffles2.INS.380M0	0.0
Sniffles2.DEL.243M5	0.0
Sniffles2.INS.4D1M2	0.0
Sniffles2.INS.F4M2	0.0
Sniffles2.DEL.30M7	0.0
Sniffles2.INS.C3M12	0.0
Sniffles2.INS.2BDM5	0.0
Sniffles2.DEL.4C9MB	0.0
Sniffles2.INS.229MC	0.0
Sniffles2.INS.347M12	0.0
Sniffles2.INS.68BM3	0.0
Sniffles2.DEL.2D7M13	0.0
Sniffles2.DEL.20M15	0.0
Sniffles2.INS.232MD	0.0
Sniffles2.INS.4BM16	0.0
Sniffles2.INS.392M11	0.0
Sniffles2.INS.3CBM4	0.0
Sniffles2.DEL.1EFMD	0.0
Sniffles2.DEL.192M6	0.0
Sniffles2.INS.45M15	0.0
Sniffles2.INS.4F9M8	0.0
Sniffles2.INS.7MC	0.0
Sniffles2.INS.3ABM6	0.0
Sniffles2.INS.7EM17	0.0
Sniffles2.INS.21DM4	0.0
Sniffles2.DEL.27EMF	0.0
Sniffles2.DEL.610M6	0.0
Sniffles2.INS.2EFME	0.0
Sniffles2.INS.217M13	0.0
Sniffles2.INS.CDM17	0.0
Sniffles2.DEL.181M14	0.0
Sniffles2.DEL.302M14	0.0
Sniffles2.DEL.5CMC	0.0
Sniffles2.INS.359M9	0.0
Sniffles2.DEL.494M13	0.0
Sniffles2.INS.104M16	0.0
Sniffles2.INS.151M15	0.0
Sniffles2.DEL.3F6M16	0.0
Sniffles2.INS.3A1M0	0.0
Sniffles2.INS.3BDM4	0.0
Sniffles2.INS.0M8	0.0
Sniffles2.INS.16CMC	0.0
Sniffles2.DEL.5F2M6	0.0
Sniffles2.DEL.4CCM0	0.0
Sniffles2.INS.20AM6	0.0
Sniffles2.DEL.310M5	0.0
Sniffles2.DEL.3ADM11	0.0
Sniffles2.INS.22M12	0.0
Sniffles2.DEL.38CM9	0.0
Sniffles2.INS.F4MD	0.0
Sniffles2.INS.B9ME	0.0
Sniffles2.DEL.E7M1	0.0
Sniffles2.INS.7ECM0	0.0
Sniffles2.DEL.4EBM3	0.0
Sniffles2.DEL.4F9M2	0.0
Sniffles2.INS.276M1	0.0
Sniffles2.INS.241M7	0.0
Sniffles2.INS.500M5	0.0
Sniffles2.INS.2B1M14	0.0
Sniffles2.INS.75M17	0.0
Sniffles2.INS.27CM17	0.0
Sniffles2.DEL.3ECMC	0.0
Sniffles2.DEL.34AMA	0.0
Sniffles2.DEL.128M16	0.0
Sniffles2.INS.138M2	0.0
Sniffles2.INS.4E9M6	0.0
Sniffles2.DEL.89M17	0.0
Sniffles2.INS.20DM15	0.0
Sniffles2.INS.5A9M9	0.0
Sniffles2.DEL.56M2	0.0
Sniffles2.INS.260M15	0.0
Sniffles2.INS.206M15	0.0
Sniffles2.DEL.89ME	0.0
Sniffles2.INS.7ADM1	0.0
Sniffles2.INS.49M4	0.0
Sniffles2.DEL.3DCM16	0.0
Sniffles2.DEL.D0M16	0.0
Sniffles2.INS.75M10	0.0
Sniffles2.DEL.109M16	0.0
Sniffles2.DEL.17DM6	0.0
Sniffles2.INS.61M4	0.0
Sniffles2.INS.19EMC	0.0
Sniffles2.DEL.353M10	0.0
Sniffles2.INS.22FM6	0.0
Sniffles2.DEL.A9M11	0.0
Sniffles2.INS.207M7	0.0
Sniffles2.INS.37M9	0.0
Sniffles2.INS.10M16	0.0
Sniffles2.DEL.254M17	0.0
Sniffles2.DEL.264M17	0.0
Sniffles2.DEL.16AM14	0.0
Sniffles2.INS.442M16	0.0
Sniffles2.DEL.2C5M12	0.0
Sniffles2.INS.292M2	0.0
Sniffles2.INS.763M0	0.0
Sniffles2.INS.4A3M9	0.0
Sniffles2.INS.527M6	0.0
Sniffles2.INS.35FMB	0.0
Sniffles2.INS.DFM8	0.0
Sniffles2.INS.DDM16	0.0
Sniffles2.DEL.1F3M6	0.0
Sniffles2.DEL.B5M5	0.0
Sniffles2.DEL.3DCM12	0.0
Sniffles2.INS.ECM16	0.0
Sniffles2.DEL.593M0	0.0
Sniffles2.INS.623M0	0.0
Sniffles2.DEL.1ADM17	0.0
Sniffles2.DEL.E1M17	0.0
Sniffles2.DEL.2D6M13	0.0
Sniffles2.INS.2D1MA	0.0
Sniffles2.DEL.26BM11	0.0
Sniffles2.INS.67CM0	0.0
Sniffles2.DEL.3DDM7	0.0
Sniffles2.DEL.4DAM6	0.0
Sniffles2.DEL.37EM6	0.0
Sniffles2.INS.2F5M5	0.0
Sniffles2.DEL.521M3	0.0
Sniffles2.INS.517M0	0.0
Sniffles2.DEL.25M15	0.0
Sniffles2.INS.32FM12	0.0
Sniffles2.INS.2BDMA	0.0
Sniffles2.DEL.E3M15	0.0
Sniffles2.INS.32AM14	0.0
Sniffles2.DEL.10AM3	0.0
Sniffles2.INS.B3M5	0.0
Sniffles2.DEL.285M11	0.0
Sniffles2.INS.712M0	0.0
Sniffles2.DEL.174M11	0.0
Sniffles2.INS.EM17	0.0
Sniffles2.INS.152M6	0.0
Sniffles2.INS.24EM11	0.0
Sniffles2.DEL.27CM16	0.0
Sniffles2.DEL.1A2M8	0.0
Sniffles2.DEL.B0M17	0.0
Sniffles2.DEL.472M16	0.0
Sniffles2.INS.303M8	0.0
Sniffles2.INS.45FM13	0.0
Sniffles2.INS.16DMA	0.0
Sniffles2.DEL.32CM4	0.0
Sniffles2.DEL.86M17	0.0
Sniffles2.DEL.24FM9	0.0
Sniffles2.DEL.D1M12	0.0
Sniffles2.INS.25EM6	0.0
Sniffles2.DEL.1CEM10	0.0
Sniffles2.INS.4BEM4	0.0
Sniffles2.INS.18M8	0.0
Sniffles2.INS.9FM4	0.0
Sniffles2.DEL.125M14	0.0
Sniffles2.INS.22M1	0.0
Sniffles2.DEL.ACM16	0.0
Sniffles2.INS.259M1	0.0
Sniffles2.INS.FAM8	0.0
Sniffles2.INS.3MB	0.0
Sniffles2.INS.420M3	0.0
Sniffles2.DEL.28DM3	0.0
Sniffles2.INS.16EM17	0.0
Sniffles2.DEL.2EDM14	0.0
Sniffles2.INS.122MF	0.0
Sniffles2.DEL.2AFM12	0.0
Sniffles2.INS.443M9	0.0
Sniffles2.INS.34CM11	0.0
Sniffles2.DEL.181M3	0.0
Sniffles2.DEL.37FM11	0.0
Sniffles2.DEL.43AM9	0.0
Sniffles2.DEL.14CM11	0.0
Sniffles2.INS.417M4	0.0
Sniffles2.INS.1C3M14	0.0
Sniffles2.INS.306M8	0.0
Sniffles2.DEL.20FM1	0.0
Sniffles2.INS.12M13	0.0
Sniffles2.DEL.89M0	0.0
Sniffles2.DEL.57M4	0.0
Sniffles2.DEL.5AMC	0.0
Sniffles2.DEL.ADM14	0.0
Sniffles2.DEL.3B4M1	0.0
Sniffles2.DEL.52DM9	0.0
Sniffles2.INS.2A0M3	0.0
Sniffles2.DEL.130ME	0.0
Sniffles2.INS.3AMA	0.0
Sniffles2.DEL.585M9	0.0
Sniffles2.DEL.4C6M4	0.0
Sniffles2.DEL.837M0	0.0
Sniffles2.INS.301MA	0.0
Sniffles2.INS.52AM2	0.0
Sniffles2.DEL.240M2	0.0
Sniffles2.INS.292M6	0.0
Sniffles2.DEL.253MF	0.0
Sniffles2.INS.5C9M5	0.0
Sniffles2.INS.65CM3	0.0
Sniffles2.INS.2C6M15	0.0
Sniffles2.INS.379M5	0.0
Sniffles2.DEL.145M13	0.0
Sniffles2.DEL.1ECM10	0.0
Sniffles2.DEL.1DFM3	0.0
Sniffles2.INS.77EM1	0.0
Sniffles2.INS.208M13	0.0
Sniffles2.INS.1A5M15	0.0
Sniffles2.DEL.211MF	0.0
Sniffles2.INS.17FMC	0.0
Sniffles2.DEL.133M16	0.0
Sniffles2.INS.46EM13	0.0
Sniffles2.INS.52DM5	0.0
Sniffles2.INS.24FM13	0.0
Sniffles2.DEL.2C4M9	0.0
Sniffles2.DEL.1E5M4	0.0
Sniffles2.DEL.533M6	0.0
Sniffles2.DEL.E6M16	0.0
Sniffles2.INS.6EEM6	0.0
Sniffles2.INS.17AMF	0.0
Sniffles2.DEL.351M0	0.0
Sniffles2.INS.591M1	0.0
Sniffles2.DEL.7F9M1	0.0
Sniffles2.DEL.334M2	0.0
Sniffles2.INS.443M16	0.0
Sniffles2.DEL.F9M13	0.0
Sniffles2.DEL.213M3	0.0
Sniffles2.INS.2B0M3	0.0
Sniffles2.INS.27CM12	0.0
Sniffles2.DEL.2BAM9	0.0
Sniffles2.INS.25BM11	0.0
Sniffles2.INS.3DMF	0.0
Sniffles2.INS.2CDM7	0.0
Sniffles2.DEL.49FM6	0.0
Sniffles2.DEL.1C0M0	0.0
Sniffles2.DEL.85ME	0.0
Sniffles2.INS.223M17	0.0
Sniffles2.DEL.36AM6	0.0
Sniffles2.INS.7FME	0.0
Sniffles2.DEL.41M14	0.0
Sniffles2.INS.281M11	0.0
Sniffles2.INS.79ME	0.0
Sniffles2.DEL.26CM17	0.0
Sniffles2.DEL.ACM12	0.0
Sniffles2.INS.650M6	0.0
Sniffles2.INS.389M9	0.0
Sniffles2.DEL.86MC	0.0
Sniffles2.DEL.18M6	0.0
Sniffles2.DEL.16MC	0.0
Sniffles2.DEL.5F5M4	0.0
Sniffles2.INS.29BM14	0.0
Sniffles2.DEL.2FDM4	0.0
Sniffles2.INS.43EM8	0.0
Sniffles2.DEL.348M1	0.0
Sniffles2.DEL.4B9M0	0.0
Sniffles2.DEL.4AM17	0.0
Sniffles2.DEL.B6M11	0.0
Sniffles2.DEL.123M4	0.0
Sniffles2.INS.1EM0	0.0
Sniffles2.INS.410MB	0.0
Sniffles2.DEL.364M11	0.0
Sniffles2.INS.15EMA	0.0
Sniffles2.INS.55AM4	0.0
Sniffles2.INS.32AM0	0.0
Sniffles2.INS.3B4M7	0.0
Sniffles2.DEL.203M4	0.0
Sniffles2.INS.94M14	0.0
Sniffles2.INS.22FM3	0.0
Sniffles2.DEL.76M15	0.0
Sniffles2.DEL.19M12	0.0
Sniffles2.DEL.E8M4	0.0
Sniffles2.INS.2EBM2	0.0
Sniffles2.INS.34CM2	0.0
Sniffles2.DEL.212MA	0.0
Sniffles2.DEL.254M0	0.0
Sniffles2.INS.336M6	0.0
Sniffles2.INS.40M16	0.0
Sniffles2.DEL.2AMB	0.0
Sniffles2.DEL.374MA	0.0
Sniffles2.DEL.43EM3	0.0
Sniffles2.DEL.4ADM7	0.0
Sniffles2.DEL.1C6M17	0.0
Sniffles2.INS.158M2	0.0
Sniffles2.DEL.3D2M4	0.0
Sniffles2.INS.DM5	0.0
Sniffles2.DEL.211M8	0.0
Sniffles2.DEL.4FCM4	0.0
Sniffles2.DEL.12FM10	0.0
Sniffles2.INS.1EEM14	0.0
Sniffles2.DEL.BEMA	0.0
Sniffles2.INS.11FM9	0.0
Sniffles2.INS.341M16	0.0
Sniffles2.DEL.40EM3	0.0
Sniffles2.DEL.4FM1	0.0
Sniffles2.DEL.38MC	0.0
Sniffles2.INS.4DDM4	0.0
Sniffles2.INS.589M4	0.0
Sniffles2.INS.397M11	0.0
Sniffles2.DEL.41M7	0.0
Sniffles2.INS.35CM5	0.0
Sniffles2.DEL.100M6	0.0
Sniffles2.INS.1EDM9	0.0
Sniffles2.INS.1F5MB	0.0
Sniffles2.DEL.5D6M0	0.0
Sniffles2.DEL.B7MB	0.0
Sniffles2.INS.76M13	0.0
Sniffles2.DEL.123M17	0.0
Sniffles2.INS.66DM6	0.0
Sniffles2.INS.277M13	0.0
Sniffles2.INS.4FM17	0.0
Sniffles2.INS.181M6	0.0
Sniffles2.INS.F6ME	0.0
Sniffles2.INS.FM14	0.0
Sniffles2.DEL.180M3	0.0
Sniffles2.DEL.53FM5	0.0
Sniffles2.INS.1B1M11	0.0
Sniffles2.INS.3A8M7	0.0
Sniffles2.INS.14ME	0.0
Sniffles2.DEL.7E9M0	0.0
Sniffles2.DEL.4D7M0	0.0
Sniffles2.INS.A6M7	0.0
Sniffles2.INS.100M1	0.0
Sniffles2.INS.2DDM14	0.0
Sniffles2.INS.458M7	0.0
Sniffles2.INS.117MF	0.0
Sniffles2.INS.65BM6	0.0
Sniffles2.INS.531M5	0.0
Sniffles2.DEL.2E9M4	0.0
Sniffles2.DEL.520M4	0.0
Sniffles2.DEL.40MC	0.0
Sniffles2.DEL.281M5	0.0
Sniffles2.INS.3C7M4	0.0
Sniffles2.INS.228M17	0.0
Sniffles2.DEL.2F0M11	0.0
Sniffles2.DEL.216M10	0.0
Sniffles2.INS.C5M13	0.0
Sniffles2.INS.1EM7	0.0
Sniffles2.INS.302M11	0.0
Sniffles2.INS.549M0	0.0
Sniffles2.DEL.7E8M1	0.0
Sniffles2.INS.59CM4	0.0
Sniffles2.INS.2B2M5	0.0
Sniffles2.DEL.72MC	0.0
Sniffles2.DEL.9AM7	0.0
Sniffles2.INS.2C4M16	0.0
Sniffles2.DEL.2A8M4	0.0
Sniffles2.INS.A3M7	0.0
Sniffles2.INS.27EM17	0.0
Sniffles2.DEL.50EM3	0.0
Sniffles2.DEL.85M5	0.0
Sniffles2.DEL.75AM0	0.0
Sniffles2.DEL.30CM4	0.0
Sniffles2.DEL.158MD	0.0
Sniffles2.DEL.57M3	0.0
Sniffles2.DEL.2BFM4	0.0
Sniffles2.DEL.4DAM2	0.0
Sniffles2.INS.105M13	0.0
Sniffles2.DEL.190M13	0.0
Sniffles2.DEL.5DEM9	0.0
Sniffles2.INS.569M2	0.0
Sniffles2.DEL.D9MA	0.0
Sniffles2.INS.2A6M8	0.0
Sniffles2.INS.E1M15	0.0
Sniffles2.INS.2FMC	0.0
Sniffles2.INS.258M4	0.0
Sniffles2.DEL.45CM0	0.0
Sniffles2.DEL.51DM1	0.0
Sniffles2.INS.45EM0	0.0
Sniffles2.DEL.197M12	0.0
Sniffles2.DEL.194M10	0.0
Sniffles2.DEL.38MD	0.0
Sniffles2.INS.301M0	0.0
Sniffles2.DEL.FAM13	0.0
Sniffles2.INS.84MA	0.0
Sniffles2.INS.25FM3	0.0
Sniffles2.DEL.43CM5	0.0
Sniffles2.DEL.43DMB	0.0
Sniffles2.DEL.403M2	0.0
Sniffles2.INS.156M17	0.0
Sniffles2.INS.80DM0	0.0
Sniffles2.DEL.55MA	0.0
Sniffles2.DEL.28CM14	0.0
Sniffles2.DEL.179M3	0.0
Sniffles2.DEL.389MC	0.0
Sniffles2.DEL.242M4	0.0
Sniffles2.INS.481M10	0.0
Sniffles2.INS.1E7MD	0.0
Sniffles2.DEL.25BM1	0.0
Sniffles2.INS.29M4	0.0
Sniffles2.INS.7AM4	0.0
Sniffles2.INS.3CM1	0.0
Sniffles2.DEL.628M6	0.0
Sniffles2.DEL.44FM2	0.0
Sniffles2.DEL.1B4ME	0.0
Sniffles2.DEL.28M3	0.0
Sniffles2.DEL.363M11	0.0
Sniffles2.INS.2B5M1	0.0
Sniffles2.INS.12FM15	0.0
Sniffles2.DEL.2D3MA	0.0
Sniffles2.INS.37BM1	0.0
Sniffles2.INS.185M14	0.0
Sniffles2.DEL.253M2	0.0
Sniffles2.INS.6AM15	0.0
Sniffles2.INS.578M5	0.0
Sniffles2.INS.4C4M7	0.0
Sniffles2.DEL.272M12	0.0
Sniffles2.DEL.69M1	0.0
Sniffles2.INS.9M0	0.0
Sniffles2.DEL.5F7M9	0.0
Sniffles2.INS.4FM4	0.0
Sniffles2.DEL.2AEM2	0.0
Sniffles2.DEL.1F8M13	0.0
Sniffles2.DEL.535M6	0.0
Sniffles2.DEL.A6M17	0.0
Sniffles2.DEL.1CCM11	0.0
Sniffles2.INS.DME	0.0
Sniffles2.DEL.341MA	0.0
Sniffles2.DEL.E0M10	0.0
Sniffles2.INS.10AM9	0.0
Sniffles2.INS.132M9	0.0
Sniffles2.INS.20BMB	0.0
Sniffles2.INS.FM3	0.0
Sniffles2.DEL.24FMF	0.0
Sniffles2.DEL.2C0M13	0.0
Sniffles2.DEL.417MC	0.0
Sniffles2.DEL.312M4	0.0
Sniffles2.INS.35BMA	0.0
Sniffles2.INS.2D4M13	0.0
Sniffles2.INS.2ABM6	0.0
Sniffles2.INS.5E3M1	0.0
Sniffles2.DEL.129M2	0.0
Sniffles2.INS.6BME	0.0
Sniffles2.INS.52M10	0.0
Sniffles2.INS.10M12	0.0
Sniffles2.DEL.62MC	0.0
Sniffles2.INS.189M0	0.0
Sniffles2.INS.BDMC	0.0
Sniffles2.INS.118M10	0.0
Sniffles2.DEL.2F4MB	0.0
Sniffles2.DEL.18DM16	0.0
Sniffles2.INS.543M8	0.0
Sniffles2.INS.80M3	0.0
Sniffles2.DEL.242M17	0.0
Sniffles2.INS.331ME	0.0
Sniffles2.INS.41FM7	0.0
Sniffles2.INS.487MA	0.0
Sniffles2.DEL.32FM16	0.0
Sniffles2.DEL.2F6M4	0.0
Sniffles2.INS.199M8	0.0
Sniffles2.INS.16DM12	0.0
Sniffles2.DEL.74BM1	0.0
Sniffles2.DEL.175M16	0.0
Sniffles2.INS.4A0M4	0.0
Sniffles2.INS.24BM16	0.0
Sniffles2.INS.529M8	0.0
Sniffles2.DEL.B7M5	0.0
Sniffles2.INS.1E9M7	0.0
Sniffles2.DEL.254M5	0.0
Sniffles2.INS.4D1M3	0.0
Sniffles2.DEL.1F9M9	0.0
Sniffles2.INS.19CMF	0.0
Sniffles2.INS.37DM6	0.0
Sniffles2.DEL.1FDMF	0.0
Sniffles2.INS.3BFM12	0.0
Sniffles2.DEL.37EMC	0.0
Sniffles2.DEL.2B4M15	0.0
Sniffles2.DEL.409MA	0.0
Sniffles2.DEL.1BCM13	0.0
Sniffles2.INS.EFME	0.0
Sniffles2.INS.49EM0	0.0
Sniffles2.INS.6AM16	0.0
Sniffles2.INS.B4MA	0.0
Sniffles2.INS.7CM12	0.0
Sniffles2.INS.1DFM16	0.0
Sniffles2.DEL.30M8	0.0
Sniffles2.DEL.27DM5	0.0
Sniffles2.INS.32EME	0.0
Sniffles2.DEL.383M16	0.0
Sniffles2.DEL.5C4M9	0.0
Sniffles2.DEL.25CM7	0.0
Sniffles2.DEL.3B0M13	0.0
Sniffles2.INS.26CMF	0.0
Sniffles2.INS.481M16	0.0
Sniffles2.DEL.3F3M10	0.0
Sniffles2.DEL.36FMC	0.0
Sniffles2.DEL.26EMF	0.0
Sniffles2.DEL.A0M10	0.0
Sniffles2.INS.1FDM1	0.0
Sniffles2.INS.3B8MC	0.0
Sniffles2.DEL.2E3MA	0.0
Sniffles2.DEL.22M17	0.0
Sniffles2.INS.1E5M11	0.0
Sniffles2.INS.219M2	0.0
Sniffles2.INS.33EM12	0.0
Sniffles2.INS.430M5	0.0
Sniffles2.DEL.4M9	0.0
Sniffles2.DEL.437M10	0.0
Sniffles2.DEL.29M16	0.0
Sniffles2.DEL.470M10	0.0
Sniffles2.DEL.56EM5	0.0
Sniffles2.DEL.79AM1	0.0
Sniffles2.INS.7FMB	0.0
Sniffles2.INS.443M8	0.0
Sniffles2.DEL.64MC	0.0
Sniffles2.DEL.26DM12	0.0
Sniffles2.INS.85M16	0.0
Sniffles2.DEL.E2M16	0.0
Sniffles2.INS.2A5MA	0.0
Sniffles2.INS.7EME	0.0
Sniffles2.DEL.92M0	0.0
Sniffles2.DEL.23FM6	0.0
Sniffles2.INS.C5M15	0.0
Sniffles2.INS.1CM17	0.0
Sniffles2.INS.19CM9	0.0
Sniffles2.DEL.26FMF	0.0
Sniffles2.INS.5EMA	0.0
Sniffles2.INS.39FM3	0.0
Sniffles2.INS.154M17	0.0
Sniffles2.INS.11FM16	0.0
Sniffles2.INS.42CM2	0.0
Sniffles2.DEL.61CM9	0.0
Sniffles2.DEL.8CME	0.0
Sniffles2.INS.5DMA	0.0
Sniffles2.DEL.23BM5	0.0
Sniffles2.INS.35BMC	0.0
Sniffles2.INS.10M17	0.0
Sniffles2.DEL.262M9	0.0
Sniffles2.INS.3BFM3	0.0
Sniffles2.DEL.5FFM1	0.0
Sniffles2.INS.3C8MC	0.0
Sniffles2.DEL.25MC	0.0
Sniffles2.INS.23EM17	0.0
Sniffles2.DEL.475MB	0.0
Sniffles2.INS.1B3M0	0.0
Sniffles2.DEL.326M12	0.0
Sniffles2.INS.2DAM8	0.0
Sniffles2.DEL.A2M11	0.0
Sniffles2.INS.2A2M13	0.0
Sniffles2.DEL.1D9ME	0.0
Sniffles2.INS.4E0M7	0.0
Sniffles2.INS.1C6MA	0.0
Sniffles2.INS.93M4	0.0
Sniffles2.INS.58CM0	0.0
Sniffles2.INS.17CMF	0.0
Sniffles2.DEL.1E9M11	0.0
Sniffles2.INS.CCMF	0.0
Sniffles2.DEL.B6M7	0.0
Sniffles2.INS.244M13	0.0
Sniffles2.DEL.14BM8	0.0
Sniffles2.INS.58DM9	0.0
Sniffles2.DEL.172M0	0.0
Sniffles2.DEL.260MA	0.0
Sniffles2.INS.33MF	0.0
Sniffles2.DEL.59CM6	0.0
Sniffles2.INS.55BM2	0.0
Sniffles2.DEL.2D1M7	0.0
Sniffles2.INS.486M1	0.0
Sniffles2.INS.77FM0	0.0
Sniffles2.DEL.2C0M4	0.0
Sniffles2.INS.389M16	0.0
Sniffles2.DEL.250M9	0.0
Sniffles2.DEL.1CBM11	0.0
Sniffles2.INS.352M8	0.0
Sniffles2.DEL.46M2	0.0
Sniffles2.INS.29DM13	0.0
Sniffles2.INS.F4M16	0.0
Sniffles2.DEL.26EM5	0.0
Sniffles2.INS.36DMC	0.0
Sniffles2.INS.195M8	0.0
Sniffles2.DEL.1ADM13	0.0
Sniffles2.DEL.1E2M4	0.0
Sniffles2.DEL.79MC	0.0
Sniffles2.DEL.3CFM4	0.0
Sniffles2.INS.147M16	0.0
Sniffles2.DEL.432M6	0.0
Sniffles2.DEL.239M10	0.0
Sniffles2.INS.10CMA	0.0
Sniffles2.INS.40EM4	0.0
Sniffles2.INS.11EM11	0.0
Sniffles2.INS.1F7M11	0.0
Sniffles2.INS.792M0	0.0
Sniffles2.INS.A6M0	0.0
Sniffles2.DEL.E0M1	0.0
Sniffles2.INS.395M12	0.0
Sniffles2.DEL.F1MB	0.0
Sniffles2.DEL.AFMA	0.0
Sniffles2.INS.2E9M15	0.0
Sniffles2.DEL.166M4	0.0
Sniffles2.INS.630M3	0.0
Sniffles2.DEL.304M4	0.0
Sniffles2.INS.407MF	0.0
Sniffles2.INS.43FM2	0.0
Sniffles2.DEL.1ECM17	0.0
Sniffles2.DEL.600M4	0.0
Sniffles2.INS.2DFM11	0.0
Sniffles2.INS.52M3	0.0
Sniffles2.INS.4B0M13	0.0
Sniffles2.INS.2D5M7	0.0
Sniffles2.INS.412M9	0.0
Sniffles2.INS.1BM2	0.0
Sniffles2.DEL.EMD	0.0
Sniffles2.DEL.33ME	0.0
Sniffles2.INS.2C9M14	0.0
Sniffles2.INS.211M15	0.0
Sniffles2.INS.8CMA	0.0
Sniffles2.INS.293M3	0.0
Sniffles2.INS.D8M5	0.0
Sniffles2.INS.508M5	0.0
Sniffles2.INS.9M8	0.0
Sniffles2.INS.4DEM7	0.0
Sniffles2.INS.BCM11	0.0
Sniffles2.DEL.234M9	0.0
Sniffles2.DEL.263M15	0.0
Sniffles2.INS.585M1	0.0
Sniffles2.INS.21FMF	0.0
Sniffles2.DEL.20CM6	0.0
Sniffles2.DEL.14DM0	0.0
Sniffles2.DEL.2F7M16	0.0
Sniffles2.INS.393M2	0.0
Sniffles2.INS.31CM7	0.0
Sniffles2.INS.A6MD	0.0
Sniffles2.DEL.1DBM15	0.0
Sniffles2.INS.2C9M5	0.0
Sniffles2.DEL.13BM0	0.0
Sniffles2.INS.1CM15	0.0
Sniffles2.INV.647M0	0.0
Sniffles2.DEL.46CM5	0.0
Sniffles2.DEL.CFM8	0.0
Sniffles2.INS.5CAM9	0.0
Sniffles2.INS.64FM3	0.0
Sniffles2.INS.290M10	0.0
Sniffles2.INS.388M12	0.0
Sniffles2.INS.264M1	0.0
Sniffles2.DEL.82M0	0.0
Sniffles2.INS.1C7M8	0.0
Sniffles2.DEL.25EM4	0.0
Sniffles2.DEL.9AMA	0.0
Sniffles2.DEL.269M12	0.0
Sniffles2.DEL.1B1M15	0.0
Sniffles2.DEL.743M1	0.0
Sniffles2.INS.23AM16	0.0
Sniffles2.INS.2DEM5	0.0
Sniffles2.INS.59BM4	0.0
Sniffles2.INS.68MC	0.0
Sniffles2.INS.652M6	0.0
Sniffles2.INS.430M10	0.0
Sniffles2.INS.4ACM7	0.0
Sniffles2.INS.5DM0	0.0
Sniffles2.INS.490M0	0.0
Sniffles2.INS.30M13	0.0
Sniffles2.INS.398MF	0.0
Sniffles2.INS.23EM14	0.0
Sniffles2.DEL.210MA	0.0
Sniffles2.DEL.296M13	0.0
Sniffles2.INS.312M8	0.0
Sniffles2.INS.F1M9	0.0
Sniffles2.DEL.23CM5	0.0
Sniffles2.DEL.2M13	0.0
Sniffles2.INS.5E7M4	0.0
Sniffles2.DEL.556M1	0.0
Sniffles2.INS.31DM1	0.0
Sniffles2.DEL.2E1MA	0.0
Sniffles2.DEL.159M16	0.0
Sniffles2.INS.66AM4	0.0
Sniffles2.INS.3FBM16	0.0
Sniffles2.INS.479M7	0.0
Sniffles2.INS.464M0	0.0
Sniffles2.DEL.14DM17	0.0
Sniffles2.INS.403M4	0.0
Sniffles2.DEL.B4M17	0.0
Sniffles2.DEL.EAM16	0.0
Sniffles2.INS.77MA	0.0
Sniffles2.INS.1D0M8	0.0
Sniffles2.DEL.3C1M4	0.0
Sniffles2.INS.398M7	0.0
Sniffles2.INS.1ADM3	0.0
Sniffles2.INS.216M14	0.0
Sniffles2.INS.15FM5	0.0
Sniffles2.DEL.6EM1	0.0
Sniffles2.INS.715M0	0.0
Sniffles2.DEL.168M14	0.0
Sniffles2.DEL.33BMA	0.0
Sniffles2.DEL.3D5M0	0.0
Sniffles2.DEL.459M4	0.0
Sniffles2.DEL.61AM9	0.0
Sniffles2.INS.3EM8	0.0
Sniffles2.DEL.416M2	0.0
Sniffles2.INS.7CM7	0.0
Sniffles2.DEL.46M10	0.0
Sniffles2.DEL.24CM8	0.0
Sniffles2.INS.4AM8	0.0
Sniffles2.DEL.3C6M0	0.0
Sniffles2.DEL.546M4	0.0
Sniffles2.DEL.321M1	0.0
Sniffles2.INS.51EM8	0.0
Sniffles2.INS.794M0	0.0
Sniffles2.INS.332M14	0.0
Sniffles2.INS.BM16	0.0
Sniffles2.DEL.382MF	0.0
Sniffles2.DEL.4B1M0	0.0
Sniffles2.INS.4CAM8	0.0
Sniffles2.INS.4CFMB	0.0
Sniffles2.INS.23AMF	0.0
Sniffles2.DEL.16AM15	0.0
Sniffles2.DEL.137M1	0.0
Sniffles2.DEL.316M5	0.0
Sniffles2.INS.313M14	0.0
Sniffles2.INS.772M0	0.0
Sniffles2.DEL.4AEMA	0.0
Sniffles2.DEL.1AM16	0.0
Sniffles2.INS.3C4M12	0.0
Sniffles2.DEL.3F9M10	0.0
Sniffles2.INS.5ADM0	0.0
Sniffles2.INS.3F7M2	0.0
Sniffles2.INS.523M8	0.0
Sniffles2.INS.3B4MB	0.0
Sniffles2.DEL.16BM15	0.0
Sniffles2.INS.1E0M0	0.0
Sniffles2.INS.1DAM15	0.0
Sniffles2.INS.212M1	0.0
Sniffles2.INS.45EM6	0.0
Sniffles2.DEL.ABM0	0.0
Sniffles2.DEL.4BM11	0.0
Sniffles2.INS.23AM13	0.0
Sniffles2.DEL.4BAM4	0.0
Sniffles2.INS.BFME	0.0
Sniffles2.DEL.194M9	0.0
Sniffles2.INS.1B4M17	0.0
Sniffles2.DEL.451M0	0.0
Sniffles2.INS.481MB	0.0
Sniffles2.DEL.8CM7	0.0
Sniffles2.INS.2EDM9	0.0
Sniffles2.DEL.8FM6	0.0
Sniffles2.INS.4C7M4	0.0
Sniffles2.DEL.274M5	0.0
Sniffles2.INS.B7M4	0.0
Sniffles2.INS.481M13	0.0
Sniffles2.DEL.5CEM9	0.0
Sniffles2.DEL.3A9MB	0.0
Sniffles2.INS.1EEMC	0.0
Sniffles2.DEL.2CBMA	0.0
Sniffles2.DEL.18AMF	0.0
Sniffles2.DEL.321M4	0.0
Sniffles2.INS.3D8MA	0.0
Sniffles2.INS.30BM14	0.0
Sniffles2.DEL.177M1	0.0
Sniffles2.DEL.3C7M13	0.0
Sniffles2.INS.5DCM0	0.0
Sniffles2.INS.ADME	0.0
Sniffles2.DEL.22BM11	0.0
Sniffles2.INS.17M4	0.0
Sniffles2.DEL.13FM16	0.0
Sniffles2.DEL.2C3M6	0.0
Sniffles2.DEL.187M0	0.0
Sniffles2.DEL.17EM4	0.0
Sniffles2.INS.34M15	0.0
Sniffles2.INS.35M10	0.0
Sniffles2.INS.D7M14	0.0
Sniffles2.DEL.6CMB	0.0
Sniffles2.INS.3B8M7	0.0
Sniffles2.INS.40FMC	0.0
Sniffles2.INS.69M16	0.0
Sniffles2.DEL.3A6M6	0.0
Sniffles2.DEL.172ME	0.0
Sniffles2.DEL.225MD	0.0
Sniffles2.DEL.3B1M10	0.0
Sniffles2.INS.25AM2	0.0
Sniffles2.INS.31M13	0.0
Sniffles2.DEL.3AMB	0.0
Sniffles2.DEL.1AEME	0.0
Sniffles2.INS.373MF	0.0
Sniffles2.DEL.34DM6	0.0
Sniffles2.INS.1DAM1	0.0
Sniffles2.INS.128M12	0.0
Sniffles2.DEL.87MA	0.0
Sniffles2.INS.4C6M9	0.0
Sniffles2.DEL.38AMC	0.0
Sniffles2.INS.293M6	0.0
Sniffles2.DEL.AAM16	0.0
Sniffles2.DEL.130M12	0.0
Sniffles2.DEL.30AM10	0.0
Sniffles2.DEL.1CAM17	0.0
Sniffles2.DEL.452M5	0.0
Sniffles2.INS.408MA	0.0
Sniffles2.INS.CFM17	0.0
Sniffles2.DEL.1M1	0.0
Sniffles2.DEL.40EM9	0.0
Sniffles2.INS.48FM8	0.0
Sniffles2.INS.69M4	0.0
Sniffles2.DEL.1A4M10	0.0
Sniffles2.INS.1B9M2	0.0
Sniffles2.INS.498MB	0.0
Sniffles2.DEL.1FCMD	0.0
Sniffles2.INS.4EFM4	0.0
Sniffles2.INS.569M9	0.0
Sniffles2.DEL.F5MD	0.0
Sniffles2.DEL.29AM6	0.0
Sniffles2.DEL.4C8M5	0.0
Sniffles2.INS.6C6M6	0.0
Sniffles2.INS.15FM14	0.0
Sniffles2.INS.3ABMC	0.0
Sniffles2.DEL.B3M17	0.0
Sniffles2.INS.D8M16	0.0
Sniffles2.INS.4E4M8	0.0
Sniffles2.DEL.5EBM0	0.0
Sniffles2.INS.276M15	0.0
Sniffles2.DEL.24EM10	0.0
Sniffles2.DEL.1FFM13	0.0
Sniffles2.INS.38M11	0.0
Sniffles2.INS.1DM0	0.0
Sniffles2.INS.32M15	0.0
Sniffles2.DEL.D3MB	0.0
Sniffles2.INS.3EFM8	0.0
Sniffles2.DEL.3BEM11	0.0
Sniffles2.INS.5EDM3	0.0
Sniffles2.DEL.302M15	0.0
Sniffles2.DEL.39ME	0.0
Sniffles2.DEL.89MC	0.0
Sniffles2.INS.522M8	0.0
Sniffles2.INS.3B7M9	0.0
Sniffles2.INS.CDM6	0.0
Sniffles2.INS.50BM8	0.0
Sniffles2.INS.146ME	0.0
Sniffles2.INS.405M6	0.0
Sniffles2.DEL.36MC	0.0
Sniffles2.DEL.1C1M5	0.0
Sniffles2.INS.CCM4	0.0
Sniffles2.DEL.4AFM16	0.0
Sniffles2.DEL.41FMC	0.0
Sniffles2.INS.2D9ME	0.0
Sniffles2.INS.1ACM14	0.0
Sniffles2.DEL.29AM16	0.0
Sniffles2.DEL.1C2M7	0.0
Sniffles2.INS.33EMA	0.0
Sniffles2.INS.336M13	0.0
Sniffles2.INS.150M16	0.0
Sniffles2.INS.35CMB	0.0
Sniffles2.DEL.211M12	0.0
Sniffles2.DEL.22FM13	0.0
Sniffles2.DEL.1E0M1	0.0
Sniffles2.DEL.1EAMF	0.0
Sniffles2.INS.420M0	0.0
Sniffles2.DEL.3A4M16	0.0
Sniffles2.INS.2DCM14	0.0
Sniffles2.DEL.133M17	0.0
Sniffles2.INS.F9M14	0.0
Sniffles2.DEL.30MF	0.0
Sniffles2.INS.154M12	0.0
Sniffles2.INV.296MD	0.0
Sniffles2.DEL.378M2	0.0
Sniffles2.DEL.189M16	0.0
Sniffles2.DEL.25DMA	0.0
Sniffles2.INS.4B9M7	0.0
Sniffles2.INS.38AM8	0.0
Sniffles2.INS.F5ME	0.0
Sniffles2.INS.22BM9	0.0
Sniffles2.DEL.5E8M9	0.0
Sniffles2.INS.405M7	0.0
Sniffles2.INS.56M14	0.0
Sniffles2.INS.323M7	0.0
Sniffles2.INS.311M9	0.0
Sniffles2.INS.161M14	0.0
Sniffles2.INS.71DM1	0.0
Sniffles2.DEL.206M8	0.0
Sniffles2.DEL.5A0M6	0.0
Sniffles2.INS.5F1M3	0.0
Sniffles2.DEL.253MA	0.0
Sniffles2.INS.404M6	0.0
Sniffles2.DEL.F5M17	0.0
Sniffles2.INS.433M7	0.0
Sniffles2.INS.454MA	0.0
Sniffles2.DEL.412M13	0.0
Sniffles2.INS.777M1	0.0
Sniffles2.DEL.AEMB	0.0
Sniffles2.INS.169M16	0.0
Sniffles2.DEL.588M5	0.0
Sniffles2.INS.4E9MB	0.0
Sniffles2.INS.1E8MC	0.0
Sniffles2.INS.616M9	0.0
Sniffles2.INS.50M2	0.0
Sniffles2.INS.46M5	0.0
Sniffles2.DEL.3C9M3	0.0
Sniffles2.DEL.464M13	0.0
Sniffles2.DEL.D4M15	0.0
Sniffles2.DEL.D6M15	0.0
Sniffles2.DEL.3E9M9	0.0
Sniffles2.INS.F4M11	0.0
Sniffles2.DEL.27FMD	0.0
Sniffles2.DEL.214M3	0.0
Sniffles2.DEL.8FM0	0.0
Sniffles2.INS.36M9	0.0
Sniffles2.INS.14CMB	0.0
Sniffles2.INS.264MD	0.0
Sniffles2.INS.320M11	0.0
Sniffles2.INS.351ME	0.0
Sniffles2.DEL.22MF	0.0
Sniffles2.INS.4D2M1	0.0
Sniffles2.INS.55BM4	0.0
Sniffles2.DEL.C6MC	0.0
Sniffles2.DEL.2E1M9	0.0
Sniffles2.DEL.6M0	0.0
Sniffles2.DEL.318ME	0.0
Sniffles2.INS.3B0M7	0.0
Sniffles2.DEL.76M2	0.0
Sniffles2.DEL.2F2M5	0.0
Sniffles2.DEL.8M4	0.0
Sniffles2.INS.650M0	0.0
Sniffles2.INS.99M11	0.0
Sniffles2.INS.A3M8	0.0
Sniffles2.DEL.5EM10	0.0
Sniffles2.DEL.414M5	0.0
Sniffles2.INS.D5M9	0.0
Sniffles2.DEL.2F7M9	0.0
Sniffles2.INS.4ADM4	0.0
Sniffles2.INS.25M17	0.0
Sniffles2.INS.13AM9	0.0
Sniffles2.DEL.1DM12	0.0
Sniffles2.INS.424M0	0.0
Sniffles2.INS.496M8	0.0
Sniffles2.DEL.43FM6	0.0
Sniffles2.INS.35EMA	0.0
Sniffles2.DEL.48M17	0.0
Sniffles2.INS.CM5	0.0
Sniffles2.INS.21BM3	0.0
Sniffles2.DEL.133M4	0.0
Sniffles2.DEL.392MB	0.0
Sniffles2.DEL.124M10	0.0
Sniffles2.DEL.182MB	0.0
Sniffles2.DEL.3DFMB	0.0
Sniffles2.DEL.199MB	0.0
Sniffles2.INS.168M16	0.0
Sniffles2.DEL.4EAM8	0.0
Sniffles2.DEL.85M17	0.0
Sniffles2.DEL.4EM12	0.0
Sniffles2.INS.44M17	0.0
Sniffles2.INS.583M5	0.0
Sniffles2.DEL.14AM11	0.0
Sniffles2.INS.3ADM6	0.0
Sniffles2.DEL.3ECMF	0.0
Sniffles2.INS.5B0M1	0.0
Sniffles2.INS.2A2M6	0.0
Sniffles2.INS.44CMA	0.0
Sniffles2.DEL.3DFMC	0.0
Sniffles2.INS.419M4	0.0
Sniffles2.DEL.E1MF	0.0
Sniffles2.INS.355MF	0.0
Sniffles2.INS.2B0M5	0.0
Sniffles2.DEL.9CM7	0.0
Sniffles2.INS.3EDM6	0.0
Sniffles2.INS.2ABM5	0.0
Sniffles2.DEL.15CM8	0.0
Sniffles2.INS.40FM4	0.0
Sniffles2.DEL.346M8	0.0
Sniffles2.INS.3E2M0	0.0
Sniffles2.INS.1A4M5	0.0
Sniffles2.DEL.42EMC	0.0
Sniffles2.DEL.195M10	0.0
Sniffles2.DEL.1DCM3	0.0
Sniffles2.INS.602M6	0.0
Sniffles2.INS.103MB	0.0
Sniffles2.INS.31DMC	0.0
Sniffles2.INS.50DM5	0.0
Sniffles2.INS.38M16	0.0
Sniffles2.INS.636M6	0.0
Sniffles2.INS.392M0	0.0
Sniffles2.DEL.C4M14	0.0
Sniffles2.INS.E8M1	0.0
Sniffles2.DEL.37EMA	0.0
Sniffles2.INS.11DM15	0.0
Sniffles2.DEL.14M0	0.0
Sniffles2.INS.1B2M17	0.0
Sniffles2.INS.3EEM16	0.0
Sniffles2.DEL.24FM17	0.0
Sniffles2.INS.1A5M9	0.0
Sniffles2.INS.473M5	0.0
Sniffles2.INS.619M4	0.0
Sniffles2.DEL.74MC	0.0
Sniffles2.DEL.26AM17	0.0
Sniffles2.DEL.343M10	0.0
Sniffles2.INS.1F0M8	0.0
Sniffles2.DEL.5CFM9	0.0
Sniffles2.INS.4EEMB	0.0
Sniffles2.DEL.27M10	0.0
Sniffles2.DEL.426M1	0.0
Sniffles2.DEL.1A8MB	0.0
Sniffles2.INS.311M2	0.0
Sniffles2.DEL.15M0	0.0
Sniffles2.DEL.17DMF	0.0
Sniffles2.DEL.D3M4	0.0
Sniffles2.INS.160M14	0.0
Sniffles2.DEL.583M9	0.0
Sniffles2.DEL.12AM16	0.0
Sniffles2.DEL.23M4	0.0
Sniffles2.INS.11AM0	0.0
Sniffles2.INS.D5M7	0.0
Sniffles2.INS.456M0	0.0
Sniffles2.DEL.273MA	0.0
Sniffles2.DEL.2B6M3	0.0
Sniffles2.DEL.19BM5	0.0
Sniffles2.INS.124MB	0.0
Sniffles2.INS.42M15	0.0
Sniffles2.INS.57M17	0.0
Sniffles2.INS.68M4	0.0
Sniffles2.INS.157M4	0.0
Sniffles2.INS.4E3M3	0.0
Sniffles2.DEL.6E5M0	0.0
Sniffles2.DEL.19M16	0.0
Sniffles2.INS.156M4	0.0
Sniffles2.INS.A5M4	0.0
Sniffles2.INS.462M13	0.0
Sniffles2.DEL.AFM4	0.0
Sniffles2.DEL.B5M17	0.0
Sniffles2.INS.0M0	0.0
Sniffles2.DEL.432M0	0.0
Sniffles2.DEL.23FM15	0.0
Sniffles2.INS.31MC	0.0
Sniffles2.INS.4BAM5	0.0
Sniffles2.INS.FEM16	0.0
Sniffles2.INS.87M16	0.0
Sniffles2.INS.21CM16	0.0
Sniffles2.INS.31AMB	0.0
Sniffles2.INS.3CM16	0.0
Sniffles2.INS.3FAM16	0.0
Sniffles2.DEL.22DMF	0.0
Sniffles2.INS.3D0M1	0.0
Sniffles2.INS.62M15	0.0
Sniffles2.DEL.1B1MA	0.0
Sniffles2.DEL.2D0M6	0.0
Sniffles2.DEL.297M13	0.0
Sniffles2.DEL.436M5	0.0
Sniffles2.DEL.26DM4	0.0
Sniffles2.INS.6E1M1	0.0
Sniffles2.INS.6B4M0	0.0
Sniffles2.DEL.201M0	0.0
Sniffles2.INS.5CDM0	0.0
Sniffles2.INS.199MA	0.0
Sniffles2.DEL.D2M15	0.0
Sniffles2.DEL.163M16	0.0
Sniffles2.DEL.27DME	0.0
Sniffles2.INS.93MA	0.0
Sniffles2.INS.2F8M15	0.0
Sniffles2.DEL.266MF	0.0
Sniffles2.INS.BAM12	0.0
Sniffles2.DEL.5B0M6	0.0
Sniffles2.DEL.7DM2	0.0
Sniffles2.INS.651M3	0.0
Sniffles2.DEL.2DCM4	0.0
Sniffles2.DEL.42AMA	0.0
Sniffles2.INS.64CM6	0.0
Sniffles2.INS.DBMC	0.0
Sniffles2.INS.429M0	0.0
Sniffles2.DEL.703M1	0.0
Sniffles2.DEL.15BM11	0.0
Sniffles2.INS.323M12	0.0
Sniffles2.DEL.640M6	0.0
Sniffles2.INS.20M13	0.0
Sniffles2.INS.6A0M3	0.0
Sniffles2.INS.FM12	0.0
Sniffles2.INS.8CM1	0.0
Sniffles2.INS.400MB	0.0
Sniffles2.DEL.462M8	0.0
Sniffles2.DEL.3A8M0	0.0
Sniffles2.INS.4E8MB	0.0
Sniffles2.INS.4D1M4	0.0
Sniffles2.INS.5EBM4	0.0
Sniffles2.DEL.24AMF	0.0
Sniffles2.INS.48DM5	0.0
Sniffles2.INS.245M14	0.0
Sniffles2.INS.14BM0	0.0
Sniffles2.DEL.6BM3	0.0
Sniffles2.INS.31FM2	0.0
Sniffles2.INS.18M14	0.0
Sniffles2.INS.82M16	0.0
Sniffles2.INS.66M6	0.0
Sniffles2.DEL.5AFM5	0.0
Sniffles2.INS.224M5	0.0
Sniffles2.INS.EEM16	0.0
Sniffles2.INS.53EM0	0.0
Sniffles2.DEL.6B7M6	0.0
Sniffles2.DEL.2ADM13	0.0
Sniffles2.DEL.2C8MF	0.0
Sniffles2.INS.91ME	0.0
Sniffles2.INS.5EFM5	0.0
Sniffles2.INS.29M15	0.0
Sniffles2.INS.38AM9	0.0
Sniffles2.INS.248M1	0.0
Sniffles2.DEL.332M4	0.0
Sniffles2.DEL.108M9	0.0
Sniffles2.DEL.31DM11	0.0
Sniffles2.DEL.34DMB	0.0
Sniffles2.DEL.25DM17	0.0
Sniffles2.INS.312M6	0.0
Sniffles2.INS.3D8M13	0.0
Sniffles2.INS.55MF	0.0
Sniffles2.INS.40DMB	0.0
Sniffles2.DEL.20CM10	0.0
Sniffles2.DEL.B0M14	0.0
Sniffles2.INS.3AM14	0.0
Sniffles2.INS.667M4	0.0
Sniffles2.DEL.158M16	0.0
Sniffles2.DEL.9MF	0.0
Sniffles2.INS.2FFM15	0.0
Sniffles2.DEL.507M1	0.0
Sniffles2.DEL.4EFMA	0.0
Sniffles2.INS.5B4M9	0.0
Sniffles2.INS.48MC	0.0
Sniffles2.DEL.1DEM16	0.0
Sniffles2.INS.15DMA	0.0
Sniffles2.INS.311MB	0.0
Sniffles2.DEL.27MB	0.0
Sniffles2.INS.54EM9	0.0
Sniffles2.INS.78M2	0.0
Sniffles2.DEL.36BM0	0.0
Sniffles2.DEL.64MD	0.0
Sniffles2.INS.55FM9	0.0
Sniffles2.DEL.3D9MB	0.0
Sniffles2.INS.C1M16	0.0
Sniffles2.DEL.497M16	0.0
Sniffles2.DEL.118M17	0.0
Sniffles2.INS.7BM7	0.0
Sniffles2.DEL.2D9M3	0.0
Sniffles2.DEL.85MF	0.0
Sniffles2.INS.201MF	0.0
Sniffles2.INS.26BM6	0.0
Sniffles2.INS.4B0M3	0.0
Sniffles2.DEL.4A0M9	0.0
Sniffles2.INS.192M14	0.0
Sniffles2.INS.382M12	0.0
Sniffles2.DEL.151MB	0.0
Sniffles2.INS.2B6M14	0.0
Sniffles2.INS.4FMA	0.0
Sniffles2.INS.60BM3	0.0
Sniffles2.INS.359M5	0.0
Sniffles2.DEL.33BM0	0.0
Sniffles2.DEL.55M15	0.0
Sniffles2.INS.8M2	0.0
Sniffles2.DEL.2A5MF	0.0
Sniffles2.INS.5D4M9	0.0
Sniffles2.INS.359M16	0.0
Sniffles2.DEL.78FM1	0.0
Sniffles2.INS.19CM6	0.0
Sniffles2.DEL.2E2M3	0.0
Sniffles2.DEL.42FM7	0.0
Sniffles2.INS.430M4	0.0
Sniffles2.INS.106M0	0.0
Sniffles2.INS.350MB	0.0
Sniffles2.DEL.6FM1	0.0
Sniffles2.INS.9DM10	0.0
Sniffles2.DEL.249M9	0.0
Sniffles2.DEL.B3M15	0.0
Sniffles2.DEL.167M11	0.0
Sniffles2.DEL.3F9M7	0.0
Sniffles2.DEL.17M9	0.0
Sniffles2.INS.437M13	0.0
Sniffles2.INS.141MF	0.0
Sniffles2.INS.1CBMD	0.0
Sniffles2.INS.37CM16	0.0
Sniffles2.INS.127M12	0.0
Sniffles2.INS.38M7	0.0
Sniffles2.DEL.7AM16	0.0
Sniffles2.DEL.3C5M16	0.0
Sniffles2.INS.1AMB	0.0
Sniffles2.DEL.10EM0	0.0
Sniffles2.INS.247M2	0.0
Sniffles2.DEL.450M4	0.0
Sniffles2.INS.6A2M1	0.0
Sniffles2.INS.212M6	0.0
Sniffles2.INS.2FFM14	0.0
Sniffles2.INS.106M3	0.0
Sniffles2.DEL.657M6	0.0
Sniffles2.INS.4A3M0	0.0
Sniffles2.DEL.226M7	0.0
Sniffles2.INS.498M16	0.0
Sniffles2.DEL.567M9	0.0
Sniffles2.DEL.44EM6	0.0
Sniffles2.DEL.423MA	0.0
Sniffles2.DEL.203M10	0.0
Sniffles2.INS.199M10	0.0
Sniffles2.INS.33DM16	0.0
Sniffles2.DEL.3E1MF	0.0
Sniffles2.INS.9EM13	0.0
Sniffles2.INS.11DME	0.0
Sniffles2.INS.186M17	0.0
Sniffles2.DEL.3E5M1	0.0
Sniffles2.DEL.56M13	0.0
Sniffles2.DEL.165M4	0.0
Sniffles2.INS.41CMF	0.0
Sniffles2.DEL.696M6	0.0
Sniffles2.INS.126MA	0.0
Sniffles2.DEL.4CBM0	0.0
Sniffles2.INS.541M3	0.0
Sniffles2.DEL.1E4M4	0.0
Sniffles2.DEL.62M6	0.0
Sniffles2.DEL.4CFM9	0.0
Sniffles2.INS.6DM12	0.0
Sniffles2.INS.339M5	0.0
Sniffles2.DEL.124M9	0.0
Sniffles2.INS.2A0ME	0.0
Sniffles2.DEL.642M1	0.0
Sniffles2.DEL.152ME	0.0
Sniffles2.INS.49BM0	0.0
Sniffles2.INS.6D9M1	0.0
Sniffles2.DEL.1F4MD	0.0
Sniffles2.INS.4EDMA	0.0
Sniffles2.INS.17FMF	0.0
Sniffles2.INS.3D5M16	0.0
Sniffles2.INS.11FM12	0.0
Sniffles2.INS.292M7	0.0
Sniffles2.INS.CM8	0.0
Sniffles2.INS.1C6MC	0.0
Sniffles2.INS.34MF	0.0
Sniffles2.INS.3AM0	0.0
Sniffles2.INS.AEM16	0.0
Sniffles2.DEL.2E2M4	0.0
Sniffles2.DEL.5B4M3	0.0
Sniffles2.DEL.526M5	0.0
Sniffles2.INS.2FFM5	0.0
Sniffles2.DEL.240M5	0.0
Sniffles2.INS.19FM10	0.0
Sniffles2.INS.77M3	0.0
Sniffles2.DEL.610M5	0.0
Sniffles2.DEL.24EM2	0.0
Sniffles2.INS.5E4M5	0.0
Sniffles2.DEL.4FMC	0.0
Sniffles2.INS.46AM4	0.0
Sniffles2.INS.2E0M1	0.0
Sniffles2.DEL.239MC	0.0
Sniffles2.DEL.615M0	0.0
Sniffles2.INS.2FCM8	0.0
Sniffles2.INS.F0M13	0.0
Sniffles2.DEL.2B4M13	0.0
Sniffles2.DEL.E1MB	0.0
Sniffles2.DEL.28MB	0.0
Sniffles2.DEL.59MF	0.0
Sniffles2.INS.3B5M16	0.0
Sniffles2.DEL.254M2	0.0
Sniffles2.DEL.411M2	0.0
Sniffles2.DEL.170M5	0.0
Sniffles2.INS.5C6M4	0.0
Sniffles2.DEL.41EMC	0.0
Sniffles2.INS.158M14	0.0
Sniffles2.INS.24EME	0.0
Sniffles2.INS.5BBM3	0.0
Sniffles2.DEL.389M6	0.0
Sniffles2.INS.209M2	0.0
Sniffles2.INS.402MC	0.0
Sniffles2.DEL.3AFM13	0.0
Sniffles2.DEL.F5M9	0.0
Sniffles2.INS.33EM9	0.0
Sniffles2.DEL.3CAM7	0.0
Sniffles2.INS.452M0	0.0
Sniffles2.INS.2A7M1	0.0
Sniffles2.INS.8AM15	0.0
Sniffles2.DEL.A5M17	0.0
Sniffles2.INS.C9M16	0.0
Sniffles2.INS.66BM3	0.0
Sniffles2.INS.52M14	0.0
Sniffles2.INS.157M1	0.0
Sniffles2.INS.4C7M0	0.0
Sniffles2.DEL.255M1	0.0
Sniffles2.INS.4B3M5	0.0
Sniffles2.DEL.19BM9	0.0
Sniffles2.DEL.334M4	0.0
Sniffles2.INS.2CBM3	0.0
Sniffles2.DEL.340M7	0.0
Sniffles2.INS.1BCMB	0.0
Sniffles2.DEL.5B7M4	0.0
Sniffles2.DEL.12DM14	0.0
Sniffles2.INS.250M13	0.0
Sniffles2.INS.22BM14	0.0
Sniffles2.INS.1FAM10	0.0
Sniffles2.DEL.25CM9	0.0
Sniffles2.INS.369M4	0.0
Sniffles2.INS.45CM1	0.0
Sniffles2.INS.99M4	0.0
Sniffles2.INS.267M11	0.0
Sniffles2.INS.410MA	0.0
Sniffles2.DEL.BEM16	0.0
Sniffles2.INS.1B6MF	0.0
Sniffles2.INS.244M10	0.0
Sniffles2.INS.424MC	0.0
Sniffles2.INS.422MC	0.0
Sniffles2.INS.95M14	0.0
Sniffles2.INS.5C3M4	0.0
Sniffles2.INS.F9MA	0.0
Sniffles2.DEL.2B8M13	0.0
Sniffles2.INS.359M1	0.0
Sniffles2.INS.71EM1	0.0
Sniffles2.DEL.26M6	0.0
Sniffles2.INS.15ME	0.0
Sniffles2.DEL.33BM5	0.0
Sniffles2.INS.D0M10	0.0
Sniffles2.DEL.7EAM0	0.0
Sniffles2.INS.237M15	0.0
Sniffles2.DEL.260M12	0.0
Sniffles2.INS.4BEM0	0.0
Sniffles2.INS.7FM0	0.0
Sniffles2.DEL.2C2M13	0.0
Sniffles2.INS.533M4	0.0
Sniffles2.DEL.20ME	0.0
Sniffles2.DEL.2FBMB	0.0
Sniffles2.DEL.395M3	0.0
Sniffles2.INS.68M16	0.0
Sniffles2.DEL.193M10	0.0
Sniffles2.INS.379M3	0.0
Sniffles2.INS.1D5M4	0.0
Sniffles2.INS.273M13	0.0
Sniffles2.INS.2C6M0	0.0
Sniffles2.INS.3E8M5	0.0
Sniffles2.DEL.191M10	0.0
Sniffles2.INS.42DM2	0.0
Sniffles2.INS.51CM1	0.0
Sniffles2.DEL.11BM13	0.0
Sniffles2.INS.1A9M13	0.0
Sniffles2.INS.195M0	0.0
Sniffles2.INS.301M2	0.0
Sniffles2.DEL.3B6M11	0.0
Sniffles2.DEL.1B3M14	0.0
Sniffles2.DEL.6F2M0	0.0
Sniffles2.INS.390M10	0.0
Sniffles2.DEL.18BM17	0.0
Sniffles2.DEL.A8M16	0.0
Sniffles2.INS.303M3	0.0
Sniffles2.INS.1A4M2	0.0
Sniffles2.INS.2EEM9	0.0
Sniffles2.INS.4A4M1	0.0
Sniffles2.INS.820M0	0.0
Sniffles2.DEL.20FM17	0.0
Sniffles2.DEL.48M1	0.0
Sniffles2.DEL.1B2M8	0.0
Sniffles2.INS.23M6	0.0
Sniffles2.INS.4B2M5	0.0
Sniffles2.DEL.691M3	0.0
Sniffles2.DEL.237M5	0.0
Sniffles2.INS.1D9M15	0.0
Sniffles2.DEL.826M0	0.0
Sniffles2.INS.510M9	0.0
Sniffles2.DEL.256MD	0.0
Sniffles2.DEL.243M13	0.0
Sniffles2.DEL.27AM1	0.0
Sniffles2.DEL.4B3M13	0.0
Sniffles2.DEL.1A3MF	0.0
Sniffles2.DEL.452M4	0.0
Sniffles2.DEL.23M17	0.0
Sniffles2.DEL.21M5	0.0
Sniffles2.DEL.463M0	0.0
Sniffles2.DEL.62M7	0.0
Sniffles2.INS.409M2	0.0
Sniffles2.INS.74M17	0.0
Sniffles2.INS.5EMD	0.0
Sniffles2.INS.316M14	0.0
Sniffles2.DEL.55M16	0.0
Sniffles2.INS.688M3	0.0
Sniffles2.INS.19EM0	0.0
Sniffles2.DEL.1D2M17	0.0
Sniffles2.INS.332M12	0.0
Sniffles2.DEL.63FM1	0.0
Sniffles2.INS.60DM9	0.0
Sniffles2.INS.1A4M17	0.0
Sniffles2.INS.37AM1	0.0
Sniffles2.DEL.66M17	0.0
Sniffles2.DEL.281M15	0.0
Sniffles2.INS.495M8	0.0
Sniffles2.INS.1B9M16	0.0
Sniffles2.INS.3AAM0	0.0
Sniffles2.INS.186M11	0.0
Sniffles2.INS.61EM0	0.0
Sniffles2.DEL.69CM3	0.0
Sniffles2.DEL.4ABM13	0.0
Sniffles2.DEL.1FDM17	0.0
Sniffles2.INS.1AM13	0.0
Sniffles2.INS.4A3M13	0.0
Sniffles2.DEL.153M16	0.0
Sniffles2.INS.2FFMC	0.0
Sniffles2.INS.1B1ME	0.0
Sniffles2.INS.10AM13	0.0
Sniffles2.DEL.62M8	0.0
Sniffles2.DEL.3B3M0	0.0
Sniffles2.DEL.629M3	0.0
Sniffles2.DEL.B7M11	0.0
Sniffles2.DEL.332ME	0.0
Sniffles2.DEL.135M16	0.0
Sniffles2.INS.2F0M10	0.0
Sniffles2.DEL.65M17	0.0
Sniffles2.DEL.17BM14	0.0
Sniffles2.DEL.375M3	0.0
Sniffles2.DEL.4A8M7	0.0
Sniffles2.INS.28CM12	0.0
Sniffles2.INS.2B8M5	0.0
Sniffles2.DEL.222MF	0.0
Sniffles2.INS.39EM4	0.0
Sniffles2.INS.5ACM4	0.0
Sniffles2.DEL.479MA	0.0
Sniffles2.DEL.15DM3	0.0
Sniffles2.INS.795M1	0.0
Sniffles2.INS.6DMB	0.0
Sniffles2.INS.50FM4	0.0
Sniffles2.DEL.71BM0	0.0
Sniffles2.DEL.1CM12	0.0
Sniffles2.INS.232M14	0.0
Sniffles2.DEL.431M5	0.0
Sniffles2.DEL.129M16	0.0
Sniffles2.INS.348M8	0.0
Sniffles2.INS.6B9M6	0.0
Sniffles2.INS.643M0	0.0
Sniffles2.INS.15BM7	0.0
Sniffles2.INS.7CM9	0.0
Sniffles2.DEL.571M0	0.0
Sniffles2.INS.F6M12	0.0
Sniffles2.INS.DM3	0.0
Sniffles2.DEL.15AM17	0.0
Sniffles2.INS.ABME	0.0
Sniffles2.DEL.359MC	0.0
Sniffles2.INS.36M3	0.0
Sniffles2.DEL.25EM17	0.0
Sniffles2.DEL.27EM6	0.0
Sniffles2.INS.28M0	0.0
Sniffles2.DEL.112M13	0.0
Sniffles2.INS.3E1M10	0.0
Sniffles2.INS.7A7M0	0.0
Sniffles2.INS.516M0	0.0
Sniffles2.INS.40BM10	0.0
Sniffles2.DEL.3A8MF	0.0
Sniffles2.DEL.33AM10	0.0
Sniffles2.DEL.3A8M3	0.0
Sniffles2.DEL.6A3M1	0.0
Sniffles2.INS.164MA	0.0
Sniffles2.DEL.180MB	0.0
Sniffles2.INS.34MD	0.0
Sniffles2.INS.1E7MC	0.0
Sniffles2.INS.2C0MA	0.0
Sniffles2.DEL.4A5M16	0.0
Sniffles2.DEL.98M12	0.0
Sniffles2.DEL.3ABMF	0.0
Sniffles2.DEL.197M17	0.0
Sniffles2.DEL.3MF	0.0
Sniffles2.INS.457M9	0.0
Sniffles2.DEL.54AM3	0.0
Sniffles2.DEL.11BM1	0.0
Sniffles2.DEL.1FCM17	0.0
Sniffles2.INS.306M14	0.0
Sniffles2.DEL.18FM15	0.0
Sniffles2.DEL.53FM0	0.0
Sniffles2.INS.2BFMA	0.0
Sniffles2.INS.23FMF	0.0
Sniffles2.INS.614M6	0.0
Sniffles2.DEL.77CM1	0.0
Sniffles2.INS.231MF	0.0
Sniffles2.INS.423M5	0.0
Sniffles2.DEL.4EMC	0.0
Sniffles2.INS.3DM4	0.0
Sniffles2.INS.7E5M0	0.0
Sniffles2.DEL.644M1	0.0
Sniffles2.DEL.18DMB	0.0
Sniffles2.DEL.146M16	0.0
Sniffles2.DEL.12CM16	0.0
Sniffles2.DEL.2BCM14	0.0
Sniffles2.DEL.3B7M3	0.0
Sniffles2.INS.ACM5	0.0
Sniffles2.DEL.38M2	0.0
Sniffles2.INS.529M4	0.0
Sniffles2.INS.3DBMC	0.0
Sniffles2.INS.60AM6	0.0
Sniffles2.INS.366MB	0.0
Sniffles2.DEL.343M5	0.0
Sniffles2.INS.10M13	0.0
Sniffles2.INS.2D2M10	0.0
Sniffles2.DEL.10EM14	0.0
Sniffles2.DEL.2FM7	0.0
Sniffles2.INS.6A7M3	0.0
Sniffles2.INS.52FM0	0.0
Sniffles2.DEL.47EM7	0.0
Sniffles2.DEL.44BM16	0.0
Sniffles2.DEL.9BMC	0.0
Sniffles2.DEL.1D0MD	0.0
Sniffles2.INS.127M7	0.0
Sniffles2.DEL.34M11	0.0
Sniffles2.INS.3M10	0.0
Sniffles2.DEL.4E5M9	0.0
Sniffles2.DEL.18BM12	0.0
Sniffles2.INS.33CM16	0.0
Sniffles2.INS.0M2	0.0
Sniffles2.DEL.428M7	0.0
Sniffles2.INS.49M1	0.0
Sniffles2.INS.1E5M13	0.0
Sniffles2.DEL.249M2	0.0
Sniffles2.DEL.315M12	0.0
Sniffles2.DEL.29CMF	0.0
Sniffles2.DEL.2F2M6	0.0
Sniffles2.INS.CMB	0.0
Sniffles2.DEL.183MF	0.0
Sniffles2.INS.E9M6	0.0
Sniffles2.DEL.323M2	0.0
Sniffles2.DEL.346M11	0.0
Sniffles2.DEL.250M6	0.0
Sniffles2.DEL.511M6	0.0
Sniffles2.INS.47CM1	0.0
Sniffles2.INS.4F8MB	0.0
Sniffles2.INS.377MF	0.0
Sniffles2.DEL.25DM4	0.0
Sniffles2.DEL.CAM4	0.0
Sniffles2.INS.4CBM7	0.0
Sniffles2.INS.67MC	0.0
Sniffles2.INS.38AM11	0.0
Sniffles2.DEL.494M0	0.0
Sniffles2.INS.5F6M1	0.0
Sniffles2.INS.3B4M8	0.0
Sniffles2.DEL.86M7	0.0
Sniffles2.DEL.FCM7	0.0
Sniffles2.INS.24BM14	0.0
Sniffles2.INS.38AM10	0.0
Sniffles2.INS.46M6	0.0
Sniffles2.DEL.286M12	0.0
Sniffles2.DEL.1CCM5	0.0
Sniffles2.DEL.29EMD	0.0
Sniffles2.INS.15BMA	0.0
Sniffles2.DEL.120M17	0.0
Sniffles2.INS.360M6	0.0
Sniffles2.INS.40CMF	0.0
Sniffles2.DEL.33EM10	0.0
Sniffles2.INS.438M3	0.0
Sniffles2.INS.11BM11	0.0
Sniffles2.INS.557M0	0.0
Sniffles2.INS.1D8M14	0.0
Sniffles2.INS.594M5	0.0
Sniffles2.INS.9CM3	0.0
Sniffles2.DEL.2E9M8	0.0
Sniffles2.DEL.5FMC	0.0
Sniffles2.DEL.382M0	0.0
Sniffles2.DEL.2A8M3	0.0
Sniffles2.INS.697M1	0.0
Sniffles2.INS.96M2	0.0
Sniffles2.INS.33DME	0.0
Sniffles2.DEL.675M1	0.0
Sniffles2.INS.9DMD	0.0
Sniffles2.DEL.173M13	0.0
Sniffles2.INS.289MD	0.0
Sniffles2.INS.300M8	0.0
Sniffles2.INS.381M6	0.0
Sniffles2.DEL.161M4	0.0
Sniffles2.INS.116MF	0.0
Sniffles2.DEL.3B9MF	0.0
Sniffles2.DEL.576M6	0.0
Sniffles2.INS.113M17	0.0
Sniffles2.INS.4DDM0	0.0
Sniffles2.INS.7BMB	0.0
Sniffles2.DEL.420M1	0.0
Sniffles2.INS.119MB	0.0
Sniffles2.DEL.48CM13	0.0
Sniffles2.INS.48AM3	0.0
Sniffles2.INS.33M15	0.0
Sniffles2.INS.20AM16	0.0
Sniffles2.INS.6M14	0.0
Sniffles2.INS.1B0MF	0.0
Sniffles2.INS.1B6M0	0.0
Sniffles2.DEL.3BAM6	0.0
Sniffles2.DEL.536M6	0.0
Sniffles2.DEL.F2M17	0.0
Sniffles2.DEL.B9M17	0.0
Sniffles2.DEL.85M2	0.0
Sniffles2.INS.258M11	0.0
Sniffles2.INS.289M4	0.0
Sniffles2.INS.A4M13	0.0
Sniffles2.INS.1C7ME	0.0
Sniffles2.INS.130MC	0.0
Sniffles2.DEL.2FAM12	0.0
Sniffles2.DEL.70AM1	0.0
Sniffles2.DEL.234M6	0.0
Sniffles2.DEL.32DM6	0.0
Sniffles2.INS.45M0	0.0
Sniffles2.INS.3E4M2	0.0
Sniffles2.INS.2DFME	0.0
Sniffles2.DEL.65M12	0.0
Sniffles2.DEL.169M11	0.0
Sniffles2.DEL.4D6M8	0.0
Sniffles2.DEL.2FBM15	0.0
Sniffles2.INS.33M10	0.0
Sniffles2.INS.6C3M0	0.0
Sniffles2.INS.7D5M1	0.0
Sniffles2.INS.189M4	0.0
Sniffles2.DEL.4C1MA	0.0
Sniffles2.INS.33BM11	0.0
Sniffles2.INS.229M11	0.0
Sniffles2.DEL.328ME	0.0
Sniffles2.DEL.C7M9	0.0
Sniffles2.DEL.330M8	0.0
Sniffles2.DEL.301M14	0.0
Sniffles2.DEL.513M2	0.0
Sniffles2.INS.2B8M16	0.0
Sniffles2.DEL.217M7	0.0
Sniffles2.DEL.4D9M7	0.0
Sniffles2.INS.4EBM0	0.0
Sniffles2.INS.70M5	0.0
Sniffles2.DEL.1BAM13	0.0
Sniffles2.DEL.124MD	0.0
Sniffles2.DEL.9AMC	0.0
Sniffles2.INS.6M11	0.0
Sniffles2.DEL.1D0M10	0.0
Sniffles2.INS.148M7	0.0
Sniffles2.INS.61EM4	0.0
Sniffles2.INS.34EM0	0.0
Sniffles2.DEL.787M0	0.0
Sniffles2.DEL.288MB	0.0
Sniffles2.INS.724M1	0.0
Sniffles2.INS.41EM16	0.0
Sniffles2.DEL.1FBM17	0.0
Sniffles2.INS.37DM16	0.0
Sniffles2.INS.95M0	0.0
Sniffles2.INS.3DFM5	0.0
Sniffles2.DUP.39CM13	0.0
Sniffles2.INS.29M1	0.0
Sniffles2.INS.2E6MF	0.0
Sniffles2.DEL.292MF	0.0
Sniffles2.DEL.395M8	0.0
Sniffles2.INS.56EM0	0.0
Sniffles2.DEL.5CM15	0.0
Sniffles2.INS.39M0	0.0
Sniffles2.INS.384MB	0.0
Sniffles2.INS.C2M0	0.0
Sniffles2.DEL.4EM15	0.0
Sniffles2.DEL.160M9	0.0
Sniffles2.INS.349M16	0.0
Sniffles2.INS.1CEM16	0.0
Sniffles2.DEL.3BMC	0.0
Sniffles2.DEL.14AM8	0.0
Sniffles2.DEL.1E3ME	0.0
Sniffles2.INS.25FM13	0.0
Sniffles2.INS.47EM4	0.0
Sniffles2.INS.5BM6	0.0
Sniffles2.DEL.4C8M7	0.0
Sniffles2.DEL.408MC	0.0
Sniffles2.INS.2D3M16	0.0
Sniffles2.INS.5F8M9	0.0
Sniffles2.DEL.ACM17	0.0
Sniffles2.INS.229M9	0.0
Sniffles2.DEL.C3M17	0.0
Sniffles2.DEL.3B2M12	0.0
Sniffles2.DEL.1A6M16	0.0
Sniffles2.DEL.1A5M10	0.0
Sniffles2.DEL.23FM13	0.0
Sniffles2.DEL.44AM16	0.0
Sniffles2.INS.1D4M3	0.0
Sniffles2.DEL.478M2	0.0
Sniffles2.DEL.1E6M4	0.0
Sniffles2.DEL.16BM10	0.0
Sniffles2.DEL.5EEM6	0.0
Sniffles2.INS.D5M17	0.0
Sniffles2.INS.2B6M0	0.0
Sniffles2.DEL.1BBM6	0.0
Sniffles2.INS.23DMA	0.0
Sniffles2.INS.D3MA	0.0
Sniffles2.DEL.55M5	0.0
Sniffles2.DEL.E1M0	0.0
Sniffles2.INS.5C9M0	0.0
Sniffles2.DEL.3DMC	0.0
Sniffles2.INS.C3MF	0.0
Sniffles2.INS.45FM9	0.0
Sniffles2.INS.484M1	0.0
Sniffles2.INS.570M9	0.0
Sniffles2.DEL.3C0M6	0.0
Sniffles2.INS.76EM0	0.0
Sniffles2.DEL.158MF	0.0
Sniffles2.INS.185M10	0.0
Sniffles2.DEL.D8M2	0.0
Sniffles2.INS.CM12	0.0
Sniffles2.DEL.463M1	0.0
Sniffles2.DEL.2E6M3	0.0
Sniffles2.DEL.16AM6	0.0
Sniffles2.DEL.348ME	0.0
Sniffles2.INS.4ADM1	0.0
Sniffles2.DEL.61M14	0.0
Sniffles2.DEL.4E8M2	0.0
Sniffles2.DEL.258M5	0.0
Sniffles2.INS.765M1	0.0
Sniffles2.INS.C9M4	0.0
Sniffles2.DEL.5A0M4	0.0
Sniffles2.DEL.46AM0	0.0
Sniffles2.DEL.E0M16	0.0
Sniffles2.DEL.2EM15	0.0
Sniffles2.INS.23FM3	0.0
Sniffles2.INS.57BM6	0.0
Sniffles2.DEL.2D2M9	0.0
Sniffles2.DEL.266M12	0.0
Sniffles2.DEL.1BEM4	0.0
Sniffles2.DEL.3EBM5	0.0
Sniffles2.INS.19BM16	0.0
Sniffles2.DEL.4B5MB	0.0
Sniffles2.DEL.2DEM4	0.0
Sniffles2.INS.43AMB	0.0
Sniffles2.INS.DM6	0.0
Sniffles2.DEL.22FMD	0.0
Sniffles2.DEL.1F4M1	0.0
Sniffles2.DEL.5FFM0	0.0
Sniffles2.DEL.5D3M5	0.0
Sniffles2.DEL.2C5M10	0.0
Sniffles2.INS.367M12	0.0
Sniffles2.DEL.B0ME	0.0
Sniffles2.INS.61MF	0.0
Sniffles2.DEL.514M2	0.0
Sniffles2.DEL.BM12	0.0
Sniffles2.INS.5EFM3	0.0
Sniffles2.INS.68MB	0.0
Sniffles2.INS.56DM9	0.0
Sniffles2.INS.19AM14	0.0
Sniffles2.INS.449M0	0.0
Sniffles2.INS.220M15	0.0
Sniffles2.DEL.272M15	0.0
Sniffles2.INS.3E5M13	0.0
Sniffles2.DEL.248M4	0.0
Sniffles2.INS.4AM11	0.0
Sniffles2.DEL.B0M4	0.0
Sniffles2.INS.267M6	0.0
Sniffles2.DEL.249M5	0.0
Sniffles2.INS.40CMC	0.0
Sniffles2.DEL.313M4	0.0
Sniffles2.INV.A7MA	0.0
Sniffles2.INS.33DM9	0.0
Sniffles2.INS.4DCM0	0.0
Sniffles2.INS.133M11	0.0
Sniffles2.DEL.AAM15	0.0
Sniffles2.INS.29EM7	0.0
Sniffles2.DEL.184M12	0.0
Sniffles2.DEL.24MB	0.0
Sniffles2.DEL.549M2	0.0
Sniffles2.INS.CEMB	0.0
Sniffles2.INS.45MD	0.0
Sniffles2.INS.355M9	0.0
Sniffles2.DEL.6DME	0.0
Sniffles2.INS.211ME	0.0
Sniffles2.INS.26EM11	0.0
Sniffles2.INS.1BM9	0.0
Sniffles2.INS.37EM11	0.0
Sniffles2.DEL.234M16	0.0
Sniffles2.DEL.34AM10	0.0
Sniffles2.INS.2BAM16	0.0
Sniffles2.INS.415M6	0.0
Sniffles2.DEL.1CEM17	0.0
Sniffles2.INS.584M6	0.0
Sniffles2.DEL.33M8	0.0
Sniffles2.INS.14AM0	0.0
Sniffles2.DEL.782M0	0.0
Sniffles2.INS.3C6MC	0.0
Sniffles2.INS.2A4MF	0.0
Sniffles2.DEL.6ADM0	0.0
Sniffles2.DEL.37M4	0.0
Sniffles2.DEL.240M6	0.0
Sniffles2.INS.635M6	0.0
Sniffles2.INS.8FM2	0.0
Sniffles2.DEL.407M0	0.0
Sniffles2.INS.88M5	0.0
Sniffles2.DEL.533M9	0.0
Sniffles2.INS.32CM16	0.0
Sniffles2.DEL.AFM12	0.0
Sniffles2.INS.11M6	0.0
Sniffles2.INS.3F1MC	0.0
Sniffles2.INS.416M10	0.0
Sniffles2.INS.5FCM0	0.0
Sniffles2.DEL.7F7M0	0.0
Sniffles2.INS.85MA	0.0
Sniffles2.INS.296M7	0.0
Sniffles2.INS.A8M6	0.0
Sniffles2.INS.474M1	0.0
Sniffles2.INS.1F0M10	0.0
Sniffles2.DEL.1A6M6	0.0
Sniffles2.INS.279MC	0.0
Sniffles2.DEL.396M6	0.0
Sniffles2.DEL.174M14	0.0
Sniffles2.INS.2B6MA	0.0
Sniffles2.INS.1F5M5	0.0
Sniffles2.INS.1F6M8	0.0
Sniffles2.DEL.325M13	0.0
Sniffles2.DEL.202M8	0.0
Sniffles2.INS.17M14	0.0
Sniffles2.DUP.1C1ME	0.0
Sniffles2.INS.2E9M11	0.0
Sniffles2.INS.400M16	0.0
Sniffles2.INS.DCM0	0.0
Sniffles2.INS.265M4	0.0
Sniffles2.INS.8FM1	0.0
Sniffles2.INS.3F6M13	0.0
Sniffles2.INS.7D5M0	0.0
Sniffles2.INS.457M0	0.0
Sniffles2.DEL.6EMC	0.0
Sniffles2.DEL.219M4	0.0
Sniffles2.INS.13BME	0.0
Sniffles2.INS.347M2	0.0
Sniffles2.INS.1CBMB	0.0
Sniffles2.INS.1E8M12	0.0
Sniffles2.INS.38M1	0.0
Sniffles2.INS.D4M2	0.0
Sniffles2.INS.169MD	0.0
Sniffles2.INS.29DM6	0.0
Sniffles2.INS.214MF	0.0
Sniffles2.DEL.CCM16	0.0
Sniffles2.INS.4FDM9	0.0
Sniffles2.DEL.5B1M1	0.0
Sniffles2.INS.1F9M10	0.0
Sniffles2.DEL.1BAM17	0.0
Sniffles2.INS.8CM9	0.0
Sniffles2.INS.ADM6	0.0
Sniffles2.INS.387M13	0.0
Sniffles2.DEL.6D9M6	0.0
Sniffles2.DEL.455M1	0.0
Sniffles2.DEL.34EM1	0.0
Sniffles2.INS.EFM0	0.0
Sniffles2.INS.2E2M7	0.0
Sniffles2.INS.5E1M0	0.0
Sniffles2.DEL.3DEMC	0.0
Sniffles2.DEL.E5M15	0.0
Sniffles2.INS.346M12	0.0
Sniffles2.DEL.23BM7	0.0
Sniffles2.INS.198M1	0.0
Sniffles2.DEL.1DDM8	0.0
Sniffles2.DEL.424M3	0.0
Sniffles2.DEL.2DFM4	0.0
Sniffles2.INS.3M0	0.0
Sniffles2.INS.24EM8	0.0
Sniffles2.DEL.324M1	0.0
Sniffles2.DEL.4AFM13	0.0
Sniffles2.INS.177M17	0.0
Sniffles2.DEL.1EDM16	0.0
Sniffles2.INS.221MC	0.0
Sniffles2.DEL.4F1MB	0.0
Sniffles2.INS.122M9	0.0
Sniffles2.INS.2DDM7	0.0
Sniffles2.DEL.1A0MF	0.0
Sniffles2.INS.150M6	0.0
Sniffles2.DEL.409M6	0.0
Sniffles2.INS.728M1	0.0
Sniffles2.INS.52MF	0.0
Sniffles2.DEL.FCM0	0.0
Sniffles2.INS.52M9	0.0
Sniffles2.DEL.FCMC	0.0
Sniffles2.INS.521M8	0.0
Sniffles2.DEL.361M1	0.0
Sniffles2.INS.2C7MC	0.0
Sniffles2.DEL.4AFMA	0.0
Sniffles2.DEL.318M14	0.0
Sniffles2.INS.208M12	0.0
Sniffles2.INS.609M6	0.0
Sniffles2.INS.152M16	0.0
Sniffles2.INS.10BM1	0.0
Sniffles2.DEL.174M16	0.0
Sniffles2.INS.428MA	0.0
Sniffles2.INS.5C1M5	0.0
Sniffles2.DEL.104MF	0.0
Sniffles2.INS.1D4M13	0.0
Sniffles2.INS.BBME	0.0
Sniffles2.INS.54M17	0.0
Sniffles2.DEL.476M8	0.0
Sniffles2.INS.FAM1	0.0
Sniffles2.DEL.52FM8	0.0
Sniffles2.DEL.83ME	0.0
Sniffles2.DEL.2DFMA	0.0
Sniffles2.INS.336M16	0.0
Sniffles2.INS.4DM10	0.0
Sniffles2.INS.40BM8	0.0
Sniffles2.DEL.76CM0	0.0
Sniffles2.DEL.32EMB	0.0
Sniffles2.INS.24CM0	0.0
Sniffles2.INS.3B0M11	0.0
Sniffles2.DEL.16CM1	0.0
Sniffles2.DEL.135M10	0.0
Sniffles2.DEL.3CCM9	0.0
Sniffles2.INS.37AM13	0.0
Sniffles2.DEL.9EM3	0.0
Sniffles2.DEL.213M17	0.0
Sniffles2.DEL.1D4MA	0.0
Sniffles2.DEL.20CM16	0.0
Sniffles2.DEL.372M16	0.0
Sniffles2.DEL.6CM4	0.0
Sniffles2.INS.149M15	0.0
Sniffles2.DEL.5FM2	0.0
Sniffles2.INS.753M0	0.0
Sniffles2.INS.618M4	0.0
Sniffles2.INS.472M7	0.0
Sniffles2.INS.230M6	0.0
Sniffles2.INS.328M0	0.0
Sniffles2.INS.7DM16	0.0
Sniffles2.INS.3B9M2	0.0
Sniffles2.INS.110M14	0.0
Sniffles2.DEL.359M12	0.0
Sniffles2.DEL.1A4MB	0.0
Sniffles2.DEL.EEM13	0.0
Sniffles2.DUP.EM2	0.0
Sniffles2.INS.272M6	0.0
Sniffles2.INS.68BM6	0.0
Sniffles2.DEL.22FMF	0.0
Sniffles2.DEL.19BMD	0.0
Sniffles2.INS.37CM1	0.0
Sniffles2.INS.6CMF	0.0
Sniffles2.INS.368M4	0.0
Sniffles2.DEL.2C8M5	0.0
Sniffles2.INS.E5MB	0.0
Sniffles2.INS.EDM10	0.0
Sniffles2.INS.EFM16	0.0
Sniffles2.DEL.4FM3	0.0
Sniffles2.INS.ADM9	0.0
Sniffles2.INS.3FM17	0.0
Sniffles2.DEL.6DM17	0.0
Sniffles2.INS.77BM0	0.0
Sniffles2.DEL.40EM10	0.0
Sniffles2.DEL.40DM10	0.0
Sniffles2.INS.81MB	0.0
Sniffles2.DEL.363M4	0.0
Sniffles2.INS.234MC	0.0
Sniffles2.DEL.41BM8	0.0
Sniffles2.INS.1AEM12	0.0
Sniffles2.INS.4DDMB	0.0
Sniffles2.INS.2A4MB	0.0
Sniffles2.DEL.B1ME	0.0
Sniffles2.DEL.473MA	0.0
Sniffles2.DEL.1FDM10	0.0
Sniffles2.DEL.120M8	0.0
Sniffles2.DEL.9EM7	0.0
Sniffles2.INS.293ME	0.0
Sniffles2.DEL.E7MF	0.0
Sniffles2.INS.309M0	0.0
Sniffles2.INS.3E7M7	0.0
Sniffles2.INS.20BM15	0.0
Sniffles2.INS.471M9	0.0
Sniffles2.DEL.27CM4	0.0
Sniffles2.INS.3DCM0	0.0
Sniffles2.DEL.3M2	0.0
Sniffles2.DEL.190MC	0.0
Sniffles2.DEL.4A9M8	0.0
Sniffles2.DEL.24MD	0.0
Sniffles2.INS.109M13	0.0
Sniffles2.INS.3E1M5	0.0
Sniffles2.DEL.34CM1	0.0
Sniffles2.INS.35M15	0.0
Sniffles2.DEL.28MF	0.0
Sniffles2.INS.246MC	0.0
Sniffles2.DEL.280M6	0.0
Sniffles2.INS.252M4	0.0
Sniffles2.DEL.1B5MD	0.0
Sniffles2.DEL.2E7M4	0.0
Sniffles2.DEL.4A5M4	0.0
Sniffles2.DEL.4BBM1	0.0
Sniffles2.DEL.1BFM13	0.0
Sniffles2.DEL.15FM15	0.0
Sniffles2.DEL.265M3	0.0
Sniffles2.DEL.118M11	0.0
Sniffles2.DEL.2C1ME	0.0
Sniffles2.INS.2A1M12	0.0
Sniffles2.DEL.28DM0	0.0
Sniffles2.INS.142M7	0.0
Sniffles2.INS.2BAM2	0.0
Sniffles2.INS.4F6M0	0.0
Sniffles2.INS.487M8	0.0
Sniffles2.INS.2A6M10	0.0
Sniffles2.DEL.1A3M0	0.0
Sniffles2.INS.21BMB	0.0
Sniffles2.DEL.F6MB	0.0
Sniffles2.DEL.1B6MD	0.0
Sniffles2.DEL.31M1	0.0
Sniffles2.INS.39M7	0.0
Sniffles2.INS.562M9	0.0
Sniffles2.DEL.261MB	0.0
Sniffles2.DEL.99M0	0.0
Sniffles2.INS.A5M16	0.0
Sniffles2.INS.3C5MC	0.0
Sniffles2.DEL.257M6	0.0
Sniffles2.INS.48CM5	0.0
Sniffles2.DEL.35DME	0.0
Sniffles2.DEL.321M5	0.0
Sniffles2.DEL.606M1	0.0
Sniffles2.DEL.C8MF	0.0
Sniffles2.DEL.18EM13	0.0
Sniffles2.INS.14AM5	0.0
Sniffles2.DEL.426M6	0.0
Sniffles2.DUP.23BMD	0.0
Sniffles2.DEL.156M11	0.0
Sniffles2.DEL.338M1	0.0
Sniffles2.DEL.2A9M13	0.0
Sniffles2.INS.232M7	0.0
Sniffles2.DEL.284M9	0.0
Sniffles2.INS.38M10	0.0
Sniffles2.DUP.3F0M8	0.0
Sniffles2.DEL.247M14	0.0
Sniffles2.DUP.28EMD	0.0
Sniffles2.INS.2C6M5	0.0
Sniffles2.DEL.7BME	0.0
Sniffles2.DEL.5M15	0.0
Sniffles2.DEL.C1M3	0.0
Sniffles2.DEL.2B6M9	0.0
Sniffles2.DEL.134M16	0.0
Sniffles2.DEL.480M9	0.0
Sniffles2.DEL.19AM6	0.0
Sniffles2.INS.561M4	0.0
Sniffles2.INS.145M4	0.0
Sniffles2.INS.1EFM8	0.0
Sniffles2.INS.197M8	0.0
Sniffles2.INS.88MF	0.0
Sniffles2.DEL.36M5	0.0
Sniffles2.INS.E0M2	0.0
Sniffles2.INS.47FM10	0.0
Sniffles2.INS.EAME	0.0
Sniffles2.INS.145MB	0.0
Sniffles2.INS.1B7M15	0.0
Sniffles2.INS.93M3	0.0
Sniffles2.DEL.266MD	0.0
Sniffles2.INS.3FM11	0.0
Sniffles2.DEL.170M11	0.0
Sniffles2.DEL.2A7M3	0.0
Sniffles2.DEL.181MB	0.0
Sniffles2.INS.1ACMA	0.0
Sniffles2.INS.47CM5	0.0
Sniffles2.DEL.0M14	0.0
Sniffles2.INS.3D6M2	0.0
Sniffles2.INS.31FM14	0.0
Sniffles2.INS.61CM3	0.0
Sniffles2.DEL.17BM7	0.0
Sniffles2.DEL.439M4	0.0
Sniffles2.DEL.22MC	0.0
Sniffles2.INS.10M9	0.0
Sniffles2.INS.4C6M0	0.0
Sniffles2.INS.2A3M8	0.0
Sniffles2.DEL.211M9	0.0
Sniffles2.DEL.A9M17	0.0
Sniffles2.INS.499MA	0.0
Sniffles2.INS.3E6M13	0.0
Sniffles2.DEL.410M8	0.0
Sniffles2.INS.65M16	0.0
Sniffles2.INS.534M4	0.0
Sniffles2.INS.342M3	0.0
Sniffles2.DEL.2B3MF	0.0
Sniffles2.DEL.1E2M2	0.0
Sniffles2.INS.198MB	0.0
Sniffles2.DEL.38CM12	0.0
Sniffles2.DEL.11MA	0.0
Sniffles2.INS.33MC	0.0
Sniffles2.DEL.4E5M0	0.0
Sniffles2.DEL.FEM13	0.0
Sniffles2.DEL.380M10	0.0
Sniffles2.DEL.740M1	0.0
Sniffles2.INS.2A6M11	0.0
Sniffles2.INS.4C1M7	0.0
Sniffles2.INS.177M0	0.0
Sniffles2.DEL.392M4	0.0
Sniffles2.DEL.3E9M8	0.0
Sniffles2.INS.2C9MB	0.0
Sniffles2.INS.189M15	0.0
Sniffles2.INS.294M3	0.0
Sniffles2.DEL.290MB	0.0
Sniffles2.INS.2B0M7	0.0
Sniffles2.DEL.418M7	0.0
Sniffles2.DEL.266M5	0.0
Sniffles2.INS.486M3	0.0
Sniffles2.INS.12M3	0.0
Sniffles2.DEL.35FM0	0.0
Sniffles2.DEL.90M7	0.0
Sniffles2.DEL.2C7M0	0.0
Sniffles2.INS.8FMA	0.0
Sniffles2.DEL.114M13	0.0
Sniffles2.DEL.12M0	0.0
Sniffles2.DEL.26CM5	0.0
Sniffles2.DEL.24FM5	0.0
Sniffles2.DEL.1FEM13	0.0
Sniffles2.INS.31EMF	0.0
Sniffles2.DEL.81ME	0.0
Sniffles2.INS.5DBM3	0.0
Sniffles2.DEL.35M4	0.0
Sniffles2.INS.9MB	0.0
Sniffles2.INS.3BM14	0.0
Sniffles2.INS.5C5M1	0.0
Sniffles2.DEL.201MC	0.0
Sniffles2.DEL.36M7	0.0
Sniffles2.INS.30FM8	0.0
Sniffles2.DEL.4A1M5	0.0
Sniffles2.INS.5FMA	0.0
Sniffles2.DEL.77M7	0.0
Sniffles2.DEL.2D2M12	0.0
Sniffles2.INS.25FM2	0.0
Sniffles2.DEL.32M14	0.0
Sniffles2.DEL.C2M1	0.0
Sniffles2.DEL.114MB	0.0
Sniffles2.DEL.606M3	0.0
Sniffles2.INS.334M6	0.0
Sniffles2.DEL.50FM2	0.0
Sniffles2.DEL.47AM13	0.0
Sniffles2.INS.492M7	0.0
Sniffles2.DEL.475M8	0.0
Sniffles2.DEL.7AM10	0.0
Sniffles2.INS.15EM14	0.0
Sniffles2.DEL.24AM13	0.0
Sniffles2.INS.21M17	0.0
Sniffles2.DEL.4E0M8	0.0
Sniffles2.INS.47M11	0.0
Sniffles2.INS.218M16	0.0
Sniffles2.INS.257M4	0.0
Sniffles2.INS.627M1	0.0
Sniffles2.DEL.603M9	0.0
Sniffles2.INS.3F9M6	0.0
Sniffles2.DEL.542M1	0.0
Sniffles2.INS.61AM3	0.0
Sniffles2.DEL.460MA	0.0
Sniffles2.INS.16DMB	0.0
Sniffles2.INS.45M2	0.0
Sniffles2.DEL.19CMC	0.0
Sniffles2.DEL.3EBMC	0.0
Sniffles2.DEL.D5M11	0.0
Sniffles2.DEL.3AEM5	0.0
Sniffles2.DEL.1DEM17	0.0
Sniffles2.DEL.181M11	0.0
Sniffles2.DEL.43CM16	0.0
Sniffles2.DEL.85M3	0.0
Sniffles2.DEL.4DEM2	0.0
Sniffles2.DEL.4DBM2	0.0
Sniffles2.INS.287MF	0.0
Sniffles2.INV.3C9M8	0.0
Sniffles2.DEL.17FM13	0.0
Sniffles2.DEL.167M14	0.0
Sniffles2.DEL.34FM5	0.0
Sniffles2.INS.135M4	0.0
Sniffles2.DEL.64CM1	0.0
Sniffles2.INS.1ECMD	0.0
Sniffles2.DEL.26BME	0.0
Sniffles2.DEL.42CM6	0.0
Sniffles2.INS.3D5M3	0.0
Sniffles2.INS.261M14	0.0
Sniffles2.INS.291MD	0.0
Sniffles2.INS.BDM7	0.0
Sniffles2.DEL.393MF	0.0
Sniffles2.DEL.71MC	0.0
Sniffles2.INS.514M8	0.0
Sniffles2.INS.327M4	0.0
Sniffles2.DEL.386M2	0.0
Sniffles2.INS.F0M4	0.0
Sniffles2.INS.259M6	0.0
Sniffles2.INS.162M0	0.0
Sniffles2.INS.1F7M12	0.0
Sniffles2.INS.111M16	0.0
Sniffles2.INS.3ECM9	0.0
Sniffles2.DEL.246M17	0.0
Sniffles2.INS.58DM3	0.0
Sniffles2.INS.3EM16	0.0
Sniffles2.INS.39FM11	0.0
Sniffles2.INS.492M6	0.0
Sniffles2.INS.10CM5	0.0
Sniffles2.DEL.14CM10	0.0
Sniffles2.INS.5F1M1	0.0
Sniffles2.INS.569M5	0.0
Sniffles2.INS.66ME	0.0
Sniffles2.INS.72M8	0.0
Sniffles2.INS.3D9M12	0.0
Sniffles2.INS.468M1	0.0
Sniffles2.DEL.2E9M10	0.0
Sniffles2.DEL.443M5	0.0
Sniffles2.DEL.388MA	0.0
Sniffles2.INS.661M4	0.0
Sniffles2.DEL.6BMA	0.0
Sniffles2.INS.3BM16	0.0
Sniffles2.INS.5AM17	0.0
Sniffles2.INS.48FM13	0.0
Sniffles2.INS.374M12	0.0
Sniffles2.INS.235MA	0.0
Sniffles2.INS.FDM1	0.0
Sniffles2.DEL.2BBM9	0.0
Sniffles2.INS.59BM3	0.0
Sniffles2.DEL.EDM2	0.0
Sniffles2.DEL.41EMA	0.0
Sniffles2.INS.4C0M7	0.0
Sniffles2.DEL.640M4	0.0
Sniffles2.DEL.172M14	0.0
Sniffles2.INS.18BM9	0.0
Sniffles2.INS.248M11	0.0
Sniffles2.DEL.2B5M0	0.0
Sniffles2.INS.C2M13	0.0
Sniffles2.INS.12FM0	0.0
Sniffles2.INS.C3M6	0.0
Sniffles2.INS.2AMA	0.0
Sniffles2.DEL.117MA	0.0
Sniffles2.INS.274M13	0.0
Sniffles2.DEL.313M1	0.0
Sniffles2.DEL.4BM10	0.0
Sniffles2.INS.1C7MF	0.0
Sniffles2.DEL.170M3	0.0
Sniffles2.INS.4A2M7	0.0
Sniffles2.INS.285M10	0.0
Sniffles2.INS.57EM3	0.0
Sniffles2.INS.136M4	0.0
Sniffles2.INS.14FM8	0.0
Sniffles2.INS.197M1	0.0
Sniffles2.DEL.4FM15	0.0
Sniffles2.DEL.2A7M12	0.0
Sniffles2.INS.3F2M9	0.0
Sniffles2.INS.696M3	0.0
Sniffles2.INS.109MC	0.0
Sniffles2.DEL.D9M1	0.0
Sniffles2.INS.5A3M4	0.0
Sniffles2.INS.251MD	0.0
Sniffles2.DEL.29BM1	0.0
Sniffles2.INS.77M9	0.0
Sniffles2.DEL.486M4	0.0
Sniffles2.INS.53AM4	0.0
Sniffles2.DEL.60CM0	0.0
Sniffles2.INS.15BM16	0.0
Sniffles2.INS.420M7	0.0
Sniffles2.INS.12M4	0.0
Sniffles2.DEL.2E1M6	0.0
Sniffles2.DEL.126M17	0.0
Sniffles2.INS.A1M13	0.0
Sniffles2.INS.29DM15	0.0
Sniffles2.DEL.33FM2	0.0
Sniffles2.INS.39EM13	0.0
Sniffles2.INS.98M10	0.0
Sniffles2.INS.19EM16	0.0
Sniffles2.INS.CBM1	0.0
Sniffles2.DEL.CDMB	0.0
Sniffles2.INS.343MA	0.0
Sniffles2.INS.206M6	0.0
Sniffles2.DEL.304M14	0.0
Sniffles2.DEL.3C3M2	0.0
Sniffles2.DEL.444M16	0.0
Sniffles2.DEL.BFM2	0.0
Sniffles2.INS.477M8	0.0
Sniffles2.INS.2CAME	0.0
Sniffles2.DEL.76MC	0.0
Sniffles2.DEL.4AAM4	0.0
Sniffles2.DEL.163M4	0.0
Sniffles2.DEL.384M1	0.0
Sniffles2.INS.DEM16	0.0
Sniffles2.INS.4E3M4	0.0
Sniffles2.INS.C7M7	0.0
Sniffles2.DEL.7EDM1	0.0
Sniffles2.DEL.654M4	0.0
Sniffles2.DEL.262M15	0.0
Sniffles2.DEL.180M12	0.0
Sniffles2.DEL.12M2	0.0
Sniffles2.INS.DFM5	0.0
Sniffles2.DEL.88M14	0.0
Sniffles2.INS.9DM8	0.0
Sniffles2.INS.DBM12	0.0
Sniffles2.DEL.161M11	0.0
Sniffles2.DEL.178M3	0.0
Sniffles2.INS.362MC	0.0
Sniffles2.DEL.2F9M12	0.0
Sniffles2.DEL.1FM12	0.0
Sniffles2.INS.1F6MD	0.0
Sniffles2.DEL.124M8	0.0
Sniffles2.DEL.275M14	0.0
Sniffles2.INS.37M13	0.0
Sniffles2.INS.103M10	0.0
Sniffles2.DEL.487M4	0.0
Sniffles2.INS.10FM17	0.0
Sniffles2.DEL.C3M8	0.0
Sniffles2.INS.7FM17	0.0
Sniffles2.DEL.70M16	0.0
Sniffles2.INS.33DMB	0.0
Sniffles2.INS.52M17	0.0
Sniffles2.INS.188ME	0.0
Sniffles2.DEL.4AMA	0.0
Sniffles2.DEL.1A7MB	0.0
Sniffles2.INS.252M8	0.0
Sniffles2.INS.184M16	0.0
Sniffles2.DEL.351M12	0.0
Sniffles2.DEL.608M1	0.0
Sniffles2.DEL.C7M8	0.0
Sniffles2.INS.47FM0	0.0
Sniffles2.INS.39CM12	0.0
Sniffles2.DEL.3BAM8	0.0
Sniffles2.INS.0M15	0.0
Sniffles2.INS.2B7M3	0.0
Sniffles2.INS.3F5M8	0.0
Sniffles2.DEL.4CME	0.0
Sniffles2.INS.3CFMB	0.0
Sniffles2.DEL.345M13	0.0
Sniffles2.DEL.377M2	0.0
Sniffles2.INS.31EM2	0.0
Sniffles2.INS.291M10	0.0
Sniffles2.DEL.3C2M11	0.0
Sniffles2.DEL.A6M9	0.0
Sniffles2.DEL.ECME	0.0
Sniffles2.DEL.3FMC	0.0
Sniffles2.INS.354M1	0.0
Sniffles2.DEL.21M12	0.0
Sniffles2.INS.5E9M1	0.0
Sniffles2.INS.38FM13	0.0
Sniffles2.DEL.38M15	0.0
Sniffles2.INS.3D6M8	0.0
Sniffles2.DEL.488M10	0.0
Sniffles2.DEL.4B4M7	0.0
Sniffles2.DEL.84M7	0.0
Sniffles2.INS.D5M0	0.0
Sniffles2.DEL.2E9M1	0.0
Sniffles2.DEL.164M6	0.0
Sniffles2.INS.8FM11	0.0
Sniffles2.INS.CEM7	0.0
Sniffles2.DEL.5AEM9	0.0
Sniffles2.DEL.6D8M1	0.0
Sniffles2.DEL.26EM17	0.0
Sniffles2.DEL.62M17	0.0
Sniffles2.INS.2F2MB	0.0
Sniffles2.INS.4DM16	0.0
Sniffles2.DEL.296MA	0.0
Sniffles2.DEL.3EM9	0.0
Sniffles2.INS.16EM8	0.0
Sniffles2.INS.311MF	0.0
Sniffles2.DEL.251M9	0.0
Sniffles2.DEL.5M2	0.0
Sniffles2.DEL.1C6M13	0.0
Sniffles2.INS.1FBM0	0.0
Sniffles2.INS.305M9	0.0
Sniffles2.DEL.29BM6	0.0
Sniffles2.INS.D4M14	0.0
Sniffles2.DEL.483M4	0.0
Sniffles2.DEL.272M9	0.0
Sniffles2.INS.16BM13	0.0
Sniffles2.INS.3B1MC	0.0
Sniffles2.INS.FFM11	0.0
Sniffles2.INS.1AMF	0.0
Sniffles2.DEL.462M0	0.0
Sniffles2.DEL.3AAM6	0.0
Sniffles2.DEL.2F9MC	0.0
Sniffles2.DEL.193M17	0.0
Sniffles2.INS.20CMD	0.0
Sniffles2.DEL.144M11	0.0
Sniffles2.DEL.1EBMF	0.0
Sniffles2.INS.829M0	0.0
Sniffles2.INS.253M10	0.0
Sniffles2.INS.1CMF	0.0
Sniffles2.INS.3F8M4	0.0
Sniffles2.INS.19EMF	0.0
Sniffles2.DEL.299M7	0.0
Sniffles2.DEL.4B5MA	0.0
Sniffles2.DEL.669M1	0.0
Sniffles2.DEL.33AM4	0.0
Sniffles2.INS.1CDMC	0.0
Sniffles2.DEL.BM14	0.0
Sniffles2.INS.266M13	0.0
Sniffles2.INS.100M9	0.0
Sniffles2.INS.566M5	0.0
Sniffles2.DEL.18FM17	0.0
Sniffles2.INS.663M1	0.0
Sniffles2.INS.2BDM12	0.0
Sniffles2.DEL.3BBM0	0.0
Sniffles2.DEL.605M1	0.0
Sniffles2.INS.10CM16	0.0
Sniffles2.DEL.28BME	0.0
Sniffles2.DEL.451M4	0.0
Sniffles2.DEL.192M13	0.0
Sniffles2.DEL.73M16	0.0
Sniffles2.DEL.60EM3	0.0
Sniffles2.INS.229M15	0.0
Sniffles2.DEL.434M8	0.0
Sniffles2.INS.16EM2	0.0
Sniffles2.INS.32DM11	0.0
Sniffles2.INS.277M17	0.0
Sniffles2.INS.4C3M9	0.0
Sniffles2.DEL.2CM16	0.0
Sniffles2.DEL.227M7	0.0
Sniffles2.DEL.148M12	0.0
Sniffles2.DEL.234M5	0.0
Sniffles2.DEL.2C5M8	0.0
Sniffles2.INS.96M15	0.0
Sniffles2.INS.A1M3	0.0
Sniffles2.INS.23EMC	0.0
Sniffles2.INS.27BMD	0.0
Sniffles2.INS.2CDM0	0.0
Sniffles2.DEL.123ME	0.0
Sniffles2.DEL.BDM17	0.0
Sniffles2.DEL.271M17	0.0
Sniffles2.INS.316ME	0.0
Sniffles2.INS.101M16	0.0
Sniffles2.DEL.24CM4	0.0
Sniffles2.INS.75M13	0.0
Sniffles2.INS.109M3	0.0
Sniffles2.DEL.290M13	0.0
Sniffles2.INS.309M5	0.0
Sniffles2.DEL.389M10	0.0
Sniffles2.DEL.6E3M1	0.0
Sniffles2.DEL.21FM13	0.0
Sniffles2.DEL.1C9M17	0.0
Sniffles2.DEL.349M8	0.0
Sniffles2.INS.326M5	0.0
Sniffles2.DEL.1ADM10	0.0
Sniffles2.INS.16CM12	0.0
Sniffles2.INS.672M4	0.0
Sniffles2.INS.3F1MB	0.0
Sniffles2.INS.115M8	0.0
Sniffles2.DEL.315M4	0.0
Sniffles2.INV.263M14	0.0
Sniffles2.DEL.180M16	0.0
Sniffles2.DEL.3CAM12	0.0
Sniffles2.INS.125M13	0.0
Sniffles2.INS.35DMB	0.0
Sniffles2.INS.82CM0	0.0
Sniffles2.DEL.556M2	0.0
Sniffles2.INS.3E2M7	0.0
Sniffles2.INS.23M0	0.0
Sniffles2.INS.285M7	0.0
Sniffles2.DEL.3DCM4	0.0
Sniffles2.DEL.1EFM15	0.0
Sniffles2.INS.3BCMA	0.0
Sniffles2.INS.6EDM0	0.0
Sniffles2.INS.D7M17	0.0
Sniffles2.DEL.1D9M12	0.0
Sniffles2.DEL.2DFMC	0.0
Sniffles2.DEL.2E1ME	0.0
Sniffles2.INS.4C8M8	0.0
Sniffles2.INS.1A7M17	0.0
Sniffles2.INS.FBM1	0.0
Sniffles2.INS.750M1	0.0
Sniffles2.INS.26CM8	0.0
Sniffles2.INS.1F8MC	0.0
Sniffles2.DEL.28CME	0.0
Sniffles2.INS.7BM0	0.0
Sniffles2.INS.57M14	0.0
Sniffles2.INS.1FAM5	0.0
Sniffles2.DEL.123M15	0.0
Sniffles2.DEL.418MF	0.0
Sniffles2.DEL.2F6M15	0.0
Sniffles2.INS.D4MF	0.0
Sniffles2.DEL.173M10	0.0
Sniffles2.DEL.4ACM13	0.0
Sniffles2.DEL.2FAM11	0.0
Sniffles2.DEL.272M3	0.0
Sniffles2.DEL.2A3M12	0.0
Sniffles2.DEL.77M16	0.0
Sniffles2.INS.261M3	0.0
Sniffles2.DEL.17BM4	0.0
Sniffles2.INS.2B3M16	0.0
Sniffles2.INS.1A3M13	0.0
Sniffles2.DEL.49CM4	0.0
Sniffles2.INS.2B7M10	0.0
Sniffles2.DEL.2D2M15	0.0
Sniffles2.INS.53DM6	0.0
Sniffles2.DEL.369MC	0.0
Sniffles2.DEL.118M16	0.0
Sniffles2.INS.227MD	0.0
Sniffles2.DEL.2E1M3	0.0
Sniffles2.DEL.41MC	0.0
Sniffles2.INS.451M7	0.0
Sniffles2.INS.2M16	0.0
Sniffles2.INS.F1M12	0.0
Sniffles2.INS.247MB	0.0
Sniffles2.DEL.407M6	0.0
Sniffles2.INS.542M5	0.0
Sniffles2.INS.15FM7	0.0
Sniffles2.INS.5BMB	0.0
Sniffles2.INS.7DEM1	0.0
Sniffles2.INS.1F6ME	0.0
Sniffles2.INS.41DM1	0.0
Sniffles2.DEL.259M17	0.0
Sniffles2.DEL.641M4	0.0
Sniffles2.INS.229M1	0.0
Sniffles2.DEL.195M17	0.0
Sniffles2.DEL.13CMB	0.0
Sniffles2.INS.AAM3	0.0
Sniffles2.DEL.4E3M6	0.0
Sniffles2.DEL.F8M1	0.0
Sniffles2.INS.1DBM6	0.0
Sniffles2.DEL.6DM14	0.0
Sniffles2.INS.6B8M6	0.0
Sniffles2.DEL.7BMC	0.0
Sniffles2.DEL.1FCM3	0.0
Sniffles2.INS.192ME	0.0
Sniffles2.INS.58CM4	0.0
Sniffles2.DEL.2BDM16	0.0
Sniffles2.DEL.90M0	0.0
Sniffles2.INS.605M5	0.0
Sniffles2.INS.2EDM6	0.0
Sniffles2.DEL.575M6	0.0
Sniffles2.INS.29M5	0.0
Sniffles2.DEL.75M1	0.0
Sniffles2.DEL.5EFM1	0.0
Sniffles2.DEL.246M5	0.0
Sniffles2.DEL.848M0	0.0
Sniffles2.DEL.115M16	0.0
Sniffles2.INS.349ME	0.0
Sniffles2.DEL.3E3M2	0.0
Sniffles2.INS.1EAM7	0.0
Sniffles2.INS.281M12	0.0
Sniffles2.INS.5FDM1	0.0
Sniffles2.DEL.1B1MD	0.0
Sniffles2.DEL.155M10	0.0
Sniffles2.DEL.69EM1	0.0
Sniffles2.INS.522M2	0.0
Sniffles2.DEL.3DDM9	0.0
Sniffles2.INS.30EMA	0.0
Sniffles2.DEL.315M10	0.0
Sniffles2.DEL.410M7	0.0
Sniffles2.INS.D1M16	0.0
Sniffles2.INS.2C4M3	0.0
Sniffles2.INS.D3M2	0.0
Sniffles2.INS.26AM15	0.0
Sniffles2.INS.1E2M7	0.0
Sniffles2.DEL.12AM0	0.0
Sniffles2.INS.24MC	0.0
Sniffles2.INS.45DM16	0.0
Sniffles2.DEL.CEM16	0.0
Sniffles2.INS.5ABM9	0.0
Sniffles2.DEL.23CM6	0.0
Sniffles2.DEL.141M12	0.0
Sniffles2.INS.ECM5	0.0
Sniffles2.INS.187M14	0.0
Sniffles2.DEL.646M4	0.0
Sniffles2.DEL.56BM2	0.0
Sniffles2.DEL.280M7	0.0
Sniffles2.INS.39BM11	0.0
Sniffles2.DEL.425M6	0.0
Sniffles2.DEL.15AM11	0.0
Sniffles2.DEL.1D1M17	0.0
Sniffles2.DEL.4B6M0	0.0
Sniffles2.DEL.302M4	0.0
Sniffles2.INS.240M16	0.0
Sniffles2.INS.463M4	0.0
Sniffles2.INS.112M9	0.0
Sniffles2.INS.1DAMF	0.0
Sniffles2.INS.367M13	0.0
Sniffles2.INS.1F1M0	0.0
Sniffles2.INS.3CFM12	0.0
Sniffles2.INS.FMC	0.0
Sniffles2.DEL.179M9	0.0
Sniffles2.INS.105M12	0.0
Sniffles2.DEL.12BM16	0.0
Sniffles2.INS.178M5	0.0
Sniffles2.INV.29DM12	0.0
Sniffles2.DEL.131M16	0.0
Sniffles2.INS.268M15	0.0
Sniffles2.INS.ABM1	0.0
Sniffles2.DEL.27DM1	0.0
Sniffles2.DEL.25M4	0.0
Sniffles2.DEL.602M4	0.0
Sniffles2.INS.46BM16	0.0
Sniffles2.DEL.366M1	0.0
Sniffles2.INS.24AM12	0.0
Sniffles2.DEL.76ME	0.0
Sniffles2.DEL.9FM12	0.0
Sniffles2.INS.114M1	0.0
Sniffles2.INS.8M1	0.0
Sniffles2.INS.180M10	0.0
Sniffles2.INS.5BM5	0.0
Sniffles2.INS.206M3	0.0
Sniffles2.DEL.5D8M3	0.0
Sniffles2.INS.309M4	0.0
Sniffles2.DEL.2C8M4	0.0
Sniffles2.INS.3BDM2	0.0
Sniffles2.DEL.2C9MA	0.0
Sniffles2.INS.3E9M6	0.0
Sniffles2.INS.478M13	0.0
Sniffles2.DEL.21AMB	0.0
Sniffles2.DEL.343M11	0.0
Sniffles2.INS.188M14	0.0
Sniffles2.DEL.25FM17	0.0
Sniffles2.INS.67AM3	0.0
Sniffles2.DEL.F5M2	0.0
Sniffles2.INS.378M12	0.0
Sniffles2.INS.7CM17	0.0
Sniffles2.DEL.3A7M0	0.0
Sniffles2.INS.713M1	0.0
Sniffles2.INS.62BM3	0.0
Sniffles2.DEL.208M17	0.0
Sniffles2.DEL.6E2M1	0.0
Sniffles2.DEL.29EM15	0.0
Sniffles2.INS.A3M14	0.0
Sniffles2.DEL.21DMD	0.0
Sniffles2.INS.3B4M10	0.0
Sniffles2.INS.CM17	0.0
Sniffles2.DEL.35CM16	0.0
Sniffles2.DEL.EAM15	0.0
Sniffles2.DEL.30CM9	0.0
Sniffles2.DEL.94M11	0.0
Sniffles2.DEL.5A7M6	0.0
Sniffles2.DEL.38M3	0.0
Sniffles2.INS.60M1	0.0
Sniffles2.DEL.442M3	0.0
Sniffles2.DEL.9CMC	0.0
Sniffles2.DEL.B4M16	0.0
Sniffles2.INS.164MC	0.0
Sniffles2.DEL.774M1	0.0
Sniffles2.DEL.241M5	0.0
Sniffles2.DEL.1FDM8	0.0
Sniffles2.DEL.28M16	0.0
Sniffles2.INS.1B8M2	0.0
Sniffles2.INS.4MD	0.0
Sniffles2.INV.496M16	0.0
Sniffles2.INS.284M0	0.0
Sniffles2.DEL.1ACMC	0.0
Sniffles2.INS.9CM10	0.0
Sniffles2.INS.2E5M16	0.0
Sniffles2.DEL.47FM1	0.0
Sniffles2.DEL.402M16	0.0
Sniffles2.INS.457M4	0.0
Sniffles2.DEL.249M17	0.0
Sniffles2.INS.4A6M8	0.0
Sniffles2.DEL.463M7	0.0
Sniffles2.DEL.1C7MA	0.0
Sniffles2.INS.D1M1	0.0
Sniffles2.DEL.23DM15	0.0
Sniffles2.INS.24EM17	0.0
Sniffles2.DEL.700M1	0.0
Sniffles2.INS.375M12	0.0
Sniffles2.INS.CFMC	0.0
Sniffles2.DEL.331M6	0.0
Sniffles2.INS.205MB	0.0
Sniffles2.DEL.388MB	0.0
Sniffles2.INS.0MD	0.0
Sniffles2.INS.4AM16	0.0
Sniffles2.DEL.1B4M9	0.0
Sniffles2.DEL.2M2	0.0
Sniffles2.DEL.109M14	0.0
Sniffles2.INS.45FM0	0.0
Sniffles2.INS.4CCM7	0.0
Sniffles2.DEL.2A3M0	0.0
Sniffles2.DEL.1D4M5	0.0
Sniffles2.DEL.8AM17	0.0
Sniffles2.INS.135M5	0.0
Sniffles2.DEL.53M10	0.0
Sniffles2.INS.FBM5	0.0
Sniffles2.DEL.96M12	0.0
Sniffles2.DEL.7CM8	0.0
Sniffles2.DEL.391M4	0.0
Sniffles2.DEL.37BM5	0.0
Sniffles2.INS.255M11	0.0
Sniffles2.INS.427M7	0.0
Sniffles2.INS.47AM3	0.0
Sniffles2.INS.347ME	0.0
Sniffles2.DEL.186M8	0.0
Sniffles2.INS.1FCM16	0.0
Sniffles2.DEL.41DMB	0.0
Sniffles2.INS.2B9M14	0.0
Sniffles2.DEL.78MC	0.0
Sniffles2.DEL.9AM12	0.0
Sniffles2.INS.2C7M2	0.0
Sniffles2.INS.456M10	0.0
Sniffles2.INS.125M16	0.0
Sniffles2.INS.4DBM6	0.0
Sniffles2.DEL.127M16	0.0
Sniffles2.INS.240MF	0.0
Sniffles2.INS.DM1	0.0
Sniffles2.DEL.20M2	0.0
Sniffles2.INS.2AFMB	0.0
Sniffles2.DEL.291M4	0.0
Sniffles2.DEL.4C7M7	0.0
Sniffles2.DEL.301M9	0.0
Sniffles2.INS.11M15	0.0
Sniffles2.DEL.353M11	0.0
Sniffles2.INS.88M16	0.0
Sniffles2.DEL.1EAM17	0.0
Sniffles2.DEL.4ABM9	0.0
Sniffles2.DEL.401MA	0.0
Sniffles2.INS.A5M1	0.0
Sniffles2.DEL.3FEM2	0.0
Sniffles2.INS.270M6	0.0
Sniffles2.INS.387M1	0.0
Sniffles2.INS.1BAMD	0.0
Sniffles2.INS.42FM10	0.0
Sniffles2.DEL.22EM15	0.0
Sniffles2.DEL.80MC	0.0
Sniffles2.INS.388M5	0.0
Sniffles2.INS.2D7M1	0.0
Sniffles2.DEL.249M3	0.0
Sniffles2.INS.26BMA	0.0
Sniffles2.DEL.3B6M7	0.0
Sniffles2.DEL.24DM8	0.0
Sniffles2.INS.3E4MB	0.0
Sniffles2.DEL.283MD	0.0
Sniffles2.DEL.107M3	0.0
Sniffles2.INS.334MC	0.0
Sniffles2.INS.A2M14	0.0
Sniffles2.INS.256M0	0.0
Sniffles2.DEL.3D4M4	0.0
Sniffles2.DEL.192M17	0.0
Sniffles2.DEL.154M14	0.0
Sniffles2.DEL.63MC	0.0
Sniffles2.DEL.560M9	0.0
Sniffles2.INS.2D9M1	0.0
Sniffles2.INS.1D1MA	0.0
Sniffles2.INS.A8M10	0.0
Sniffles2.DEL.3EAM13	0.0
Sniffles2.INS.1B8M14	0.0
Sniffles2.INS.202M16	0.0
Sniffles2.INS.1B7M9	0.0
Sniffles2.INS.459MA	0.0
Sniffles2.INS.4BCM7	0.0
Sniffles2.DEL.61BM0	0.0
Sniffles2.INS.289M2	0.0
Sniffles2.INS.215M1	0.0
Sniffles2.DEL.21FM2	0.0
Sniffles2.INS.609M5	0.0
Sniffles2.INS.1C6M1	0.0
Sniffles2.INS.47M3	0.0
Sniffles2.INS.60CM9	0.0
Sniffles2.DEL.5D0M3	0.0
Sniffles2.DEL.FBM13	0.0
Sniffles2.INS.61CM6	0.0
Sniffles2.DEL.11MC	0.0
Sniffles2.DEL.5CEM6	0.0
Sniffles2.INS.456M16	0.0
Sniffles2.DEL.17BMC	0.0
Sniffles2.INS.832M0	0.0
Sniffles2.DEL.25DMF	0.0
Sniffles2.INS.50M6	0.0
Sniffles2.INS.2FM6	0.0
Sniffles2.INS.151M16	0.0
Sniffles2.DEL.7F5M0	0.0
Sniffles2.INS.1A7M6	0.0
Sniffles2.INS.530M5	0.0
Sniffles2.INS.1DM9	0.0
Sniffles2.INS.38DM11	0.0
Sniffles2.DEL.87M7	0.0
Sniffles2.DEL.234M2	0.0
Sniffles2.INS.98M4	0.0
Sniffles2.DEL.80MB	0.0
Sniffles2.INS.399M8	0.0
Sniffles2.DEL.28BM11	0.0
Sniffles2.INS.BBMC	0.0
Sniffles2.DEL.34EM9	0.0
Sniffles2.DEL.4E3M7	0.0
Sniffles2.DEL.2C1M10	0.0
Sniffles2.DEL.110M8	0.0
Sniffles2.DEL.429M13	0.0
Sniffles2.INS.43AM6	0.0
Sniffles2.INS.3CFMF	0.0
Sniffles2.INS.E4M7	0.0
Sniffles2.DEL.371MC	0.0
Sniffles2.INS.368M6	0.0
Sniffles2.DEL.1FM16	0.0
Sniffles2.INS.29M6	0.0
Sniffles2.INS.41EM4	0.0
Sniffles2.DEL.56M7	0.0
Sniffles2.INS.69M15	0.0
Sniffles2.INS.327M11	0.0
Sniffles2.INS.99ME	0.0
Sniffles2.DEL.5D2M6	0.0
Sniffles2.INS.471M13	0.0
Sniffles2.INS.13M16	0.0
Sniffles2.INS.5E6M4	0.0
Sniffles2.INS.2E0MF	0.0
Sniffles2.INS.27EM3	0.0
Sniffles2.INS.292ME	0.0
Sniffles2.DEL.26FM17	0.0
Sniffles2.INS.E9M1	0.0
Sniffles2.DEL.21DM5	0.0
Sniffles2.INS.224M6	0.0
Sniffles2.DEL.287M4	0.0
Sniffles2.INS.1F5ME	0.0
Sniffles2.DEL.5CM13	0.0
Sniffles2.INS.8CM12	0.0
Sniffles2.INS.466M3	0.0
Sniffles2.INS.1BFM4	0.0
Sniffles2.DEL.19DMA	0.0
Sniffles2.DEL.299M6	0.0
Sniffles2.DEL.103M15	0.0
Sniffles2.INS.3C4M2	0.0
Sniffles2.DEL.26FM13	0.0
Sniffles2.INS.1D1M13	0.0
Sniffles2.DEL.2FM14	0.0
Sniffles2.DEL.38CM1	0.0
Sniffles2.DEL.2DDMF	0.0
Sniffles2.DEL.253ME	0.0
Sniffles2.INS.4E3M8	0.0
Sniffles2.DEL.4D5MB	0.0
Sniffles2.INS.4EEM4	0.0
Sniffles2.DEL.4E4MA	0.0
Sniffles2.DEL.1D9MC	0.0
Sniffles2.INS.3E1M8	0.0
Sniffles2.INS.29BM3	0.0
Sniffles2.DEL.2EFM11	0.0
Sniffles2.DEL.36M8	0.0
Sniffles2.INS.10DM17	0.0
Sniffles2.INS.22BM4	0.0
Sniffles2.DEL.320M4	0.0
Sniffles2.INS.35BMF	0.0
Sniffles2.DEL.459M6	0.0
Sniffles2.INS.5ECM5	0.0
Sniffles2.DEL.2C6MB	0.0
Sniffles2.INS.11EM15	0.0
Sniffles2.DEL.2B3M5	0.0
Sniffles2.INS.B2M1	0.0
Sniffles2.DEL.5D9M0	0.0
Sniffles2.DEL.243M4	0.0
Sniffles2.DEL.3DM11	0.0
Sniffles2.INS.4A9M3	0.0
Sniffles2.DEL.137M0	0.0
Sniffles2.DEL.406M16	0.0
Sniffles2.INS.212MD	0.0
Sniffles2.DEL.58MF	0.0
Sniffles2.INS.626M6	0.0
Sniffles2.INS.39EM8	0.0
Sniffles2.INS.46BM7	0.0
Sniffles2.DEL.10M1	0.0
Sniffles2.INS.DBM0	0.0
Sniffles2.DEL.2E9M6	0.0
Sniffles2.DEL.26BMF	0.0
Sniffles2.INS.61CM0	0.0
Sniffles2.INS.353ME	0.0
Sniffles2.INS.461MA	0.0
Sniffles2.INS.460M13	0.0
Sniffles2.INS.5E9M5	0.0
Sniffles2.INS.39AMC	0.0
Sniffles2.INS.4A6M13	0.0
Sniffles2.DEL.CCM14	0.0
Sniffles2.INS.440MB	0.0
Sniffles2.DEL.1B6M13	0.0
Sniffles2.INS.308M1	0.0
Sniffles2.DEL.C4M17	0.0
Sniffles2.INS.255M15	0.0
Sniffles2.INS.140M13	0.0
Sniffles2.DEL.472M10	0.0
Sniffles2.DEL.106MC	0.0
Sniffles2.DEL.E9M12	0.0
Sniffles2.DEL.1F5M9	0.0
Sniffles2.INS.49BM8	0.0
Sniffles2.INS.E1M5	0.0
Sniffles2.INS.6F5M1	0.0
Sniffles2.DEL.21EM10	0.0
Sniffles2.INS.19M14	0.0
Sniffles2.DEL.121M8	0.0
Sniffles2.DEL.144MA	0.0
Sniffles2.DEL.1ECM13	0.0
Sniffles2.INS.392M5	0.0
Sniffles2.DEL.2F4M14	0.0
Sniffles2.DEL.116MA	0.0
Sniffles2.INS.329M0	0.0
Sniffles2.DEL.264M15	0.0
Sniffles2.INS.28M4	0.0
Sniffles2.INS.577M5	0.0
Sniffles2.DEL.2AAM12	0.0
Sniffles2.DEL.206M17	0.0
Sniffles2.DEL.119M13	0.0
Sniffles2.INS.4F0M0	0.0
Sniffles2.DEL.13EM13	0.0
Sniffles2.DEL.196MC	0.0
Sniffles2.INS.3EBM7	0.0
Sniffles2.DEL.607M3	0.0
Sniffles2.INS.13BM8	0.0
Sniffles2.DEL.4C9M0	0.0
Sniffles2.INS.C6ME	0.0
Sniffles2.DEL.C9M2	0.0
Sniffles2.DEL.176M13	0.0
Sniffles2.DEL.1BCMF	0.0
Sniffles2.DEL.42BM3	0.0
Sniffles2.DEL.4C1M6	0.0
Sniffles2.DEL.2FEM12	0.0
Sniffles2.DEL.3BMB	0.0
Sniffles2.DEL.25ME	0.0
Sniffles2.INS.1F1M3	0.0
Sniffles2.DEL.2E4M9	0.0
Sniffles2.INS.35M2	0.0
Sniffles2.INS.479M16	0.0
Sniffles2.DEL.55FM5	0.0
Sniffles2.INS.40AM10	0.0
Sniffles2.INS.1D4MC	0.0
Sniffles2.DEL.E3M16	0.0
Sniffles2.DEL.371MB	0.0
Sniffles2.DEL.658M3	0.0
Sniffles2.DEL.1F4M17	0.0
Sniffles2.INS.15EMF	0.0
Sniffles2.DEL.56M16	0.0
Sniffles2.INS.505M8	0.0
Sniffles2.INS.4BCMB	0.0
Sniffles2.INS.473M1	0.0
Sniffles2.DEL.49DM6	0.0
Sniffles2.DEL.2B1M9	0.0
Sniffles2.INS.802M0	0.0
Sniffles2.DEL.3DDM10	0.0
Sniffles2.INS.24CM5	0.0
Sniffles2.DEL.3A1M9	0.0
Sniffles2.INS.170MC	0.0
Sniffles2.INS.8EME	0.0
Sniffles2.DEL.405MC	0.0
Sniffles2.INS.43M14	0.0
Sniffles2.INS.CEM1	0.0
Sniffles2.INS.114M16	0.0
Sniffles2.DEL.211MD	0.0
Sniffles2.DEL.5B5M0	0.0
Sniffles2.DEL.448MB	0.0
Sniffles2.DEL.4E3M5	0.0
Sniffles2.INS.EMA	0.0
Sniffles2.DEL.5BM4	0.0
Sniffles2.INS.116M10	0.0
Sniffles2.INS.186M16	0.0
Sniffles2.DEL.6EMA	0.0
Sniffles2.INS.DM4	0.0
Sniffles2.INS.1ECM15	0.0
Sniffles2.INS.331M1	0.0
Sniffles2.DEL.20FM0	0.0
Sniffles2.INS.330MA	0.0
Sniffles2.DEL.1BEMA	0.0
Sniffles2.INS.22AMF	0.0
Sniffles2.INS.4C2M0	0.0
Sniffles2.INS.147M4	0.0
Sniffles2.INS.72M2	0.0
Sniffles2.INS.1E4M5	0.0
Sniffles2.DEL.17EM17	0.0
Sniffles2.DEL.139ME	0.0
Sniffles2.INS.E4M5	0.0
Sniffles2.INS.164ME	0.0
Sniffles2.INS.EMC	0.0
Sniffles2.DEL.17FM12	0.0
Sniffles2.INS.4FFM5	0.0
Sniffles2.INS.FDMC	0.0
Sniffles2.INS.55BM5	0.0
Sniffles2.INS.130M17	0.0
Sniffles2.DEL.137M7	0.0
Sniffles2.INS.F7M14	0.0
Sniffles2.DEL.80M8	0.0
Sniffles2.INS.7FM6	0.0
Sniffles2.DEL.377M16	0.0
Sniffles2.INS.24FM6	0.0
Sniffles2.DEL.4B2MB	0.0
Sniffles2.DEL.46EM2	0.0
Sniffles2.DEL.1C3M13	0.0
Sniffles2.DEL.ACMC	0.0
Sniffles2.DEL.C5MB	0.0
Sniffles2.DEL.6FM16	0.0
Sniffles2.DEL.79MA	0.0
Sniffles2.DEL.3B6M1	0.0
Sniffles2.DEL.70MD	0.0
Sniffles2.INS.6M2	0.0
Sniffles2.DEL.144M2	0.0
Sniffles2.DEL.7M12	0.0
Sniffles2.DEL.38AM13	0.0
Sniffles2.INS.3C9MB	0.0
Sniffles2.DEL.464M10	0.0
Sniffles2.INS.370MF	0.0
Sniffles2.INS.298M3	0.0
Sniffles2.DEL.EFM17	0.0
Sniffles2.DEL.133MC	0.0
Sniffles2.INS.F2MD	0.0
Sniffles2.DEL.46M3	0.0
Sniffles2.INS.12BMF	0.0
Sniffles2.INS.768M1	0.0
Sniffles2.DEL.C7ME	0.0
Sniffles2.INS.467M16	0.0
Sniffles2.DEL.113M14	0.0
Sniffles2.INS.3B1M12	0.0
Sniffles2.DEL.136M16	0.0
Sniffles2.DEL.4C5MB	0.0
Sniffles2.DEL.126M14	0.0
Sniffles2.INS.80M16	0.0
Sniffles2.DEL.2C8M10	0.0
Sniffles2.INS.12M10	0.0
Sniffles2.DEL.38BM10	0.0
Sniffles2.DEL.2CDM10	0.0
Sniffles2.INS.32AM4	0.0
Sniffles2.INS.8AM10	0.0
Sniffles2.INS.1BAME	0.0
Sniffles2.INS.337M13	0.0
Sniffles2.DEL.2C2M10	0.0
Sniffles2.DEL.5EFM4	0.0
Sniffles2.INS.F6M0	0.0
Sniffles2.INS.FM17	0.0
Sniffles2.INS.3CEM1	0.0
Sniffles2.DEL.3BAM0	0.0
Sniffles2.INS.2B3M7	0.0
Sniffles2.INS.8CM10	0.0
Sniffles2.INS.7C6M1	0.0
Sniffles2.DEL.3AAMF	0.0
Sniffles2.DEL.415M8	0.0
Sniffles2.INS.193M5	0.0
Sniffles2.DEL.570M5	0.0
Sniffles2.INS.1C7M12	0.0
Sniffles2.DEL.3C2M4	0.0
Sniffles2.DEL.2ECM15	0.0
Sniffles2.DEL.17AM16	0.0
Sniffles2.DEL.519M8	0.0
Sniffles2.DEL.2D9M4	0.0
Sniffles2.INS.352MB	0.0
Sniffles2.DEL.AM12	0.0
Sniffles2.INS.3B8MB	0.0
Sniffles2.DEL.2CFMA	0.0
Sniffles2.INS.489M8	0.0
Sniffles2.INS.46CM7	0.0
Sniffles2.DEL.65CM4	0.0
Sniffles2.DEL.112M3	0.0
Sniffles2.INS.4E6M6	0.0
Sniffles2.DEL.3ABM10	0.0
Sniffles2.DEL.26EM9	0.0
Sniffles2.DEL.B3ME	0.0
Sniffles2.INS.7EM14	0.0
Sniffles2.INS.14FM16	0.0
Sniffles2.DEL.1DEM9	0.0
Sniffles2.INS.128MF	0.0
Sniffles2.DEL.89M14	0.0
Sniffles2.INS.35EM7	0.0
Sniffles2.DEL.418M0	0.0
Sniffles2.INS.31M6	0.0
Sniffles2.INS.1AM17	0.0
Sniffles2.INS.484MB	0.0
Sniffles2.DEL.CAM1	0.0
Sniffles2.INS.3EBM3	0.0
Sniffles2.DEL.4C0M9	0.0
Sniffles2.INS.389MF	0.0
Sniffles2.INS.14FM3	0.0
Sniffles2.INS.210M13	0.0
Sniffles2.INS.569M0	0.0
Sniffles2.INS.68ME	0.0
Sniffles2.INS.4F8M9	0.0
Sniffles2.INS.CDME	0.0
Sniffles2.DEL.55AM1	0.0
Sniffles2.INS.2C7M15	0.0
Sniffles2.DEL.18AM17	0.0
Sniffles2.DEL.327M14	0.0
Sniffles2.INS.375M8	0.0
Sniffles2.DEL.5F9M9	0.0
Sniffles2.DEL.498M8	0.0
Sniffles2.DEL.87M17	0.0
Sniffles2.DEL.17BM13	0.0
Sniffles2.DEL.408M10	0.0
Sniffles2.INS.136M2	0.0
Sniffles2.DEL.14BM9	0.0
Sniffles2.INS.B7M14	0.0
Sniffles2.INS.34EMA	0.0
Sniffles2.DEL.598M6	0.0
Sniffles2.INS.38BMF	0.0
Sniffles2.DEL.AFM15	0.0
Sniffles2.DEL.30AM1	0.0
Sniffles2.INS.C1M7	0.0
Sniffles2.DEL.49CM7	0.0
Sniffles2.INS.1B3M11	0.0
Sniffles2.INS.5DM10	0.0
Sniffles2.DEL.130M0	0.0
Sniffles2.DEL.326ME	0.0
Sniffles2.INS.2D8M12	0.0
Sniffles2.DEL.1D1M2	0.0
Sniffles2.DEL.8EM15	0.0
Sniffles2.INS.36BM11	0.0
Sniffles2.DEL.18FM6	0.0
Sniffles2.INV.79MF	0.0
Sniffles2.DEL.1F3M9	0.0
Sniffles2.INS.249MD	0.0
Sniffles2.INS.44MB	0.0
Sniffles2.INS.1C0M5	0.0
Sniffles2.DEL.425MA	0.0
Sniffles2.DEL.25CMD	0.0
Sniffles2.DEL.3C2M10	0.0
Sniffles2.DEL.1E4M16	0.0
Sniffles2.DEL.1D2M15	0.0
Sniffles2.INS.4E9MA	0.0
Sniffles2.INS.352M2	0.0
Sniffles2.DEL.2E4M1	0.0
Sniffles2.DEL.143M8	0.0
Sniffles2.DEL.297M3	0.0
Sniffles2.DEL.46CM8	0.0
Sniffles2.DEL.3AEM16	0.0
Sniffles2.INS.A1MC	0.0
Sniffles2.INS.1A6M14	0.0
Sniffles2.INS.1EBM3	0.0
Sniffles2.DEL.1D9MD	0.0
Sniffles2.DEL.754M1	0.0
Sniffles2.INS.1A2M2	0.0
Sniffles2.INS.42BM9	0.0
Sniffles2.DEL.ECMF	0.0
Sniffles2.DEL.280M14	0.0
Sniffles2.INS.461M16	0.0
Sniffles2.INS.509M5	0.0
Sniffles2.INS.1CEMC	0.0
Sniffles2.INS.2B1M7	0.0
Sniffles2.INS.1AM1	0.0
Sniffles2.DEL.482M7	0.0
Sniffles2.DEL.233M15	0.0
Sniffles2.DEL.EBM16	0.0
Sniffles2.INS.2FDM3	0.0
Sniffles2.INS.2A2M12	0.0
Sniffles2.DEL.133M9	0.0
Sniffles2.DEL.51AM8	0.0
Sniffles2.DEL.13M8	0.0
Sniffles2.INS.62CM4	0.0
Sniffles2.DEL.309M9	0.0
Sniffles2.DEL.6FM10	0.0
Sniffles2.INS.F8M5	0.0
Sniffles2.INS.3B7M16	0.0
Sniffles2.INS.27DM3	0.0
Sniffles2.DEL.B0MF	0.0
Sniffles2.INS.166M3	0.0
Sniffles2.INS.316M8	0.0
Sniffles2.INS.64EM1	0.0
Sniffles2.DEL.385MC	0.0
Sniffles2.INS.25CM6	0.0
Sniffles2.INS.1B1M6	0.0
Sniffles2.DEL.503M5	0.0
Sniffles2.INS.53M0	0.0
Sniffles2.DEL.4BM13	0.0
Sniffles2.INS.475M13	0.0
Sniffles2.INS.350M0	0.0
Sniffles2.DEL.2D7M4	0.0
Sniffles2.INS.19DM11	0.0
Sniffles2.DEL.5F3M1	0.0
Sniffles2.DEL.4B7MA	0.0
Sniffles2.INS.13DM8	0.0
Sniffles2.DEL.13FM14	0.0
Sniffles2.DEL.9AM15	0.0
Sniffles2.INS.37EM8	0.0
Sniffles2.DEL.3F8M0	0.0
Sniffles2.DEL.506M3	0.0
Sniffles2.DEL.FEM15	0.0
Sniffles2.INS.A5MB	0.0
Sniffles2.DEL.314MA	0.0
Sniffles2.INS.101MC	0.0
Sniffles2.INS.5CCM9	0.0
Sniffles2.DEL.D0M14	0.0
Sniffles2.DEL.170MF	0.0
Sniffles2.INS.BDME	0.0
Sniffles2.INS.90M10	0.0
Sniffles2.INS.1FEMA	0.0
Sniffles2.DEL.514M1	0.0
Sniffles2.INS.4EAM6	0.0
Sniffles2.DEL.279MB	0.0
Sniffles2.DEL.283M3	0.0
Sniffles2.DEL.393M7	0.0
Sniffles2.INS.328MC	0.0
Sniffles2.INS.376M11	0.0
Sniffles2.DEL.305M13	0.0
Sniffles2.INS.DMF	0.0
Sniffles2.DEL.718M1	0.0
Sniffles2.DEL.5D7M5	0.0
Sniffles2.INS.19DM13	0.0
Sniffles2.INS.8MB	0.0
Sniffles2.DEL.13CM13	0.0
Sniffles2.INS.EFM4	0.0
Sniffles2.INS.14FMD	0.0
Sniffles2.DEL.88M17	0.0
Sniffles2.INS.3F7M3	0.0
Sniffles2.DEL.1B6MC	0.0
Sniffles2.DEL.1C3M17	0.0
Sniffles2.INS.121M2	0.0
Sniffles2.INS.356M6	0.0
Sniffles2.INS.6A9M0	0.0
Sniffles2.DEL.128M14	0.0
Sniffles2.DEL.1EFM13	0.0
Sniffles2.INS.17FM17	0.0
Sniffles2.DEL.58M3	0.0
Sniffles2.INS.5DDM3	0.0
Sniffles2.INS.216M15	0.0
Sniffles2.DEL.144M10	0.0
Sniffles2.INS.207M11	0.0
Sniffles2.INS.307M15	0.0
Sniffles2.DEL.47AM9	0.0
Sniffles2.DEL.618M3	0.0
Sniffles2.INS.26FM6	0.0
Sniffles2.DEL.431M0	0.0
Sniffles2.DEL.3AM9	0.0
Sniffles2.DEL.159M17	0.0
Sniffles2.INS.656M4	0.0
Sniffles2.INS.781M1	0.0
Sniffles2.INS.C5M8	0.0
Sniffles2.INS.1M11	0.0
Sniffles2.INS.2DCM9	0.0
Sniffles2.INS.158M15	0.0
Sniffles2.DEL.173M16	0.0
Sniffles2.DEL.166M13	0.0
Sniffles2.DEL.2FM1	0.0
Sniffles2.DEL.3B1M2	0.0
Sniffles2.DEL.260MD	0.0
Sniffles2.INS.1D9M10	0.0
Sniffles2.INS.278M7	0.0
Sniffles2.INS.2BBM6	0.0
Sniffles2.INS.3FM15	0.0
Sniffles2.INS.70MF	0.0
Sniffles2.DEL.19BMA	0.0
Sniffles2.INS.1FCM0	0.0
Sniffles2.INS.6M6	0.0
Sniffles2.DEL.2BEM9	0.0
Sniffles2.DEL.22CM7	0.0
Sniffles2.INS.23FM8	0.0
Sniffles2.DEL.555M9	0.0
Sniffles2.INS.3DDM4	0.0
Sniffles2.INS.3E2M3	0.0
Sniffles2.INS.1A3M12	0.0
Sniffles2.DEL.C4M0	0.0
Sniffles2.INS.60AM0	0.0
Sniffles2.INS.1FDM9	0.0
Sniffles2.DEL.88MA	0.0
Sniffles2.DEL.7AM6	0.0
Sniffles2.DEL.510M3	0.0
Sniffles2.DEL.1A8M15	0.0
Sniffles2.DEL.1BM14	0.0
Sniffles2.DEL.172M2	0.0
Sniffles2.INS.6AM7	0.0
Sniffles2.INS.618M9	0.0
Sniffles2.INS.315M16	0.0
Sniffles2.DEL.3BBM5	0.0
Sniffles2.INS.33DMC	0.0
Sniffles2.DEL.253M8	0.0
Sniffles2.INS.72DM0	0.0
Sniffles2.DEL.31CM13	0.0
Sniffles2.INS.109M9	0.0
Sniffles2.INS.44DM2	0.0
Sniffles2.INS.457MB	0.0
Sniffles2.DEL.705M1	0.0
Sniffles2.DEL.264M4	0.0
Sniffles2.DEL.23FM5	0.0
Sniffles2.DEL.392M16	0.0
Sniffles2.DEL.769M0	0.0
Sniffles2.DEL.E0M17	0.0
Sniffles2.DEL.458MB	0.0
Sniffles2.INS.181M12	0.0
Sniffles2.DEL.1DCM10	0.0
Sniffles2.DEL.2F7ME	0.0
Sniffles2.INS.4C4M0	0.0
Sniffles2.DEL.4C6M1	0.0
Sniffles2.INS.385M11	0.0
Sniffles2.INS.45FM7	0.0
Sniffles2.INS.5CM12	0.0
Sniffles2.INS.775M0	0.0
Sniffles2.INS.49EM7	0.0
Sniffles2.INS.1CAM4	0.0
Sniffles2.DEL.21BM14	0.0
Sniffles2.DEL.244M6	0.0
Sniffles2.INS.84M14	0.0
Sniffles2.INS.27DM15	0.0
Sniffles2.INS.26M1	0.0
Sniffles2.INS.317MF	0.0
Sniffles2.DEL.315M13	0.0
Sniffles2.DEL.2C1M7	0.0
Sniffles2.INS.425M0	0.0
Sniffles2.INS.50MF	0.0
Sniffles2.DEL.51BM0	0.0
Sniffles2.INS.278M17	0.0
Sniffles2.INS.A7M11	0.0
Sniffles2.INS.49EMA	0.0
Sniffles2.INS.35M13	0.0
Sniffles2.DEL.310M4	0.0
Sniffles2.INS.CM0	0.0
Sniffles2.DUP.18EM17	0.0
Sniffles2.INS.1AFMF	0.0
Sniffles2.DEL.20AM9	0.0
Sniffles2.INS.5D5M0	0.0
Sniffles2.DEL.403M13	0.0
Sniffles2.DEL.698M0	0.0
Sniffles2.INS.623M6	0.0
Sniffles2.DEL.42FM16	0.0
Sniffles2.INS.232M0	0.0
Sniffles2.INS.57AM5	0.0
Sniffles2.DEL.B2M17	0.0
Sniffles2.INS.6AFM0	0.0
Sniffles2.INS.2DCMA	0.0
Sniffles2.INS.38BMB	0.0
Sniffles2.DEL.10DM13	0.0
Sniffles2.DEL.35MC	0.0
Sniffles2.INS.3DDMB	0.0
Sniffles2.INS.18EMB	0.0
Sniffles2.DEL.208M16	0.0
Sniffles2.DEL.66M5	0.0
Sniffles2.DEL.6DM7	0.0
Sniffles2.INS.81M1	0.0
Sniffles2.INS.46CMA	0.0
Sniffles2.DEL.94M7	0.0
Sniffles2.INS.5B4M5	0.0
Sniffles2.DEL.277M10	0.0
Sniffles2.INS.2B9M12	0.0
Sniffles2.INS.17EM8	0.0
Sniffles2.INS.39FM4	0.0
Sniffles2.DEL.4B6MB	0.0
Sniffles2.INS.4C0M0	0.0
Sniffles2.DEL.6BM6	0.0
Sniffles2.DEL.18AMA	0.0
Sniffles2.INS.280MA	0.0
Sniffles2.INS.479M13	0.0
Sniffles2.DEL.1CM4	0.0
Sniffles2.INS.4CEM8	0.0
Sniffles2.INS.D8M9	0.0
Sniffles2.INS.129MF	0.0
Sniffles2.DEL.3D0M12	0.0
Sniffles2.INS.10CM13	0.0
Sniffles2.INS.362M2	0.0
Sniffles2.DEL.264M5	0.0
Sniffles2.DEL.3EMC	0.0
Sniffles2.INS.33DMF	0.0
Sniffles2.INS.7FM16	0.0
Sniffles2.INS.30DM0	0.0
Sniffles2.DEL.235M7	0.0
Sniffles2.DEL.295M15	0.0
Sniffles2.DEL.178M12	0.0
Sniffles2.DEL.23EM6	0.0
Sniffles2.INS.1F9M12	0.0
Sniffles2.INS.538M1	0.0
Sniffles2.INS.3A5M6	0.0
Sniffles2.INS.58DM0	0.0
Sniffles2.DEL.32MA	0.0
Sniffles2.INS.6A5M6	0.0
Sniffles2.INS.2A5M16	0.0
Sniffles2.INS.1A3M17	0.0
Sniffles2.DEL.468M0	0.0
Sniffles2.DEL.4FCM2	0.0
Sniffles2.DEL.184M17	0.0
Sniffles2.INS.82M7	0.0
Sniffles2.DEL.C6M17	0.0
Sniffles2.INS.7M9	0.0
Sniffles2.INS.4D8M3	0.0
Sniffles2.INS.486MA	0.0
Sniffles2.DEL.1EM9	0.0
Sniffles2.DEL.38EM16	0.0
Sniffles2.INS.276M16	0.0
Sniffles2.INS.669M4	0.0
Sniffles2.INS.2D5MA	0.0
Sniffles2.INS.1F6M12	0.0
Sniffles2.INS.372M1	0.0
Sniffles2.INS.218MB	0.0
Sniffles2.INS.276M13	0.0
Sniffles2.INS.202M9	0.0
Sniffles2.DEL.13DMF	0.0
Sniffles2.INS.215MD	0.0
Sniffles2.DEL.D6M9	0.0
Sniffles2.INS.6CM3	0.0
Sniffles2.DEL.29M9	0.0
Sniffles2.DEL.591M6	0.0
Sniffles2.DEL.27M0	0.0
Sniffles2.DEL.5CMF	0.0
Sniffles2.INS.559M5	0.0
Sniffles2.INS.82AM0	0.0
Sniffles2.INS.426M16	0.0
Sniffles2.INS.71CM1	0.0
Sniffles2.DEL.ABM16	0.0
Sniffles2.DEL.53M6	0.0
Sniffles2.DEL.7FAM1	0.0
Sniffles2.INS.1BCM1	0.0
Sniffles2.INS.FDM14	0.0
Sniffles2.DEL.235M2	0.0
Sniffles2.DEL.41FM2	0.0
Sniffles2.INS.FMA	0.0
Sniffles2.DEL.147M9	0.0
Sniffles2.DEL.E1M6	0.0
Sniffles2.DEL.1B6M7	0.0
Sniffles2.INS.C3M15	0.0
Sniffles2.DEL.2B2MA	0.0
Sniffles2.INS.2D8MF	0.0
Sniffles2.DEL.67FM4	0.0
Sniffles2.INS.3B0M16	0.0
Sniffles2.DEL.35DM1	0.0
Sniffles2.INS.2E3MF	0.0
Sniffles2.INS.3B4M16	0.0
Sniffles2.INS.411M7	0.0
Sniffles2.DEL.658M4	0.0
Sniffles2.INS.296M16	0.0
Sniffles2.DEL.24ME	0.0
Sniffles2.INS.6DMF	0.0
Sniffles2.DEL.117M0	0.0
Sniffles2.INS.67BM3	0.0
Sniffles2.DEL.3D2M7	0.0
Sniffles2.DEL.234M14	0.0
Sniffles2.INS.177M12	0.0
Sniffles2.INS.21FM11	0.0
Sniffles2.INS.C2M6	0.0
Sniffles2.INS.EM8	0.0
Sniffles2.INS.25AM6	0.0
Sniffles2.INS.8M7	0.0
Sniffles2.DEL.2DAM4	0.0
Sniffles2.INS.10M6	0.0
Sniffles2.INS.65DM3	0.0
Sniffles2.INS.330ME	0.0
Sniffles2.DEL.43DMA	0.0
Sniffles2.INS.483M16	0.0
Sniffles2.INS.2E0M6	0.0
Sniffles2.DEL.78ME	0.0
Sniffles2.DEL.1EDM15	0.0
Sniffles2.INS.329M4	0.0
Sniffles2.DEL.449MB	0.0
Sniffles2.DEL.126M4	0.0
Sniffles2.INS.30M16	0.0
Sniffles2.INS.16EM16	0.0
Sniffles2.INS.4CAM2	0.0
Sniffles2.INS.7E3M1	0.0
Sniffles2.INS.249M10	0.0
Sniffles2.INS.480M10	0.0
Sniffles2.DEL.2AEM8	0.0
Sniffles2.INS.31BM4	0.0
Sniffles2.INS.49EM13	0.0
Sniffles2.DEL.33M6	0.0
Sniffles2.DEL.192M8	0.0
Sniffles2.DEL.4FDM2	0.0
Sniffles2.DEL.C0M4	0.0
Sniffles2.DEL.36ME	0.0
Sniffles2.INS.4A5MB	0.0
Sniffles2.DEL.24FM10	0.0
Sniffles2.DEL.4F4M1	0.0
Sniffles2.DEL.22EMC	0.0
Sniffles2.INS.7AM15	0.0
Sniffles2.INS.16BM4	0.0
Sniffles2.INS.42AM8	0.0
Sniffles2.DEL.4CBM3	0.0
Sniffles2.INS.3FCM8	0.0
Sniffles2.INS.1D7MB	0.0
Sniffles2.INS.48DM3	0.0
Sniffles2.DEL.1E1M15	0.0
Sniffles2.DEL.270M17	0.0
Sniffles2.INS.226M4	0.0
Sniffles2.INS.2B8M14	0.0
Sniffles2.INS.1EFM17	0.0
Sniffles2.DEL.30EM12	0.0
Sniffles2.INS.9CM17	0.0
Sniffles2.DEL.745M0	0.0
Sniffles2.INS.271M2	0.0
Sniffles2.DEL.12AM2	0.0
Sniffles2.DEL.22M10	0.0
Sniffles2.DEL.16M2	0.0
Sniffles2.DEL.BAM17	0.0
Sniffles2.DEL.52EM0	0.0
Sniffles2.DEL.263M12	0.0
Sniffles2.INS.84BM0	0.0
Sniffles2.INS.246M10	0.0
Sniffles2.DEL.5DDM5	0.0
Sniffles2.INS.4BM0	0.0
Sniffles2.DEL.4BM12	0.0
Sniffles2.DEL.22CM12	0.0
Sniffles2.INS.3BAMB	0.0
Sniffles2.DEL.159M11	0.0
Sniffles2.DEL.51M8	0.0
Sniffles2.INS.2FEMF	0.0
Sniffles2.DEL.5A8M4	0.0
Sniffles2.INS.6BMC	0.0
Sniffles2.DEL.1CFM6	0.0
Sniffles2.DEL.6CAM0	0.0
Sniffles2.INS.3FMB	0.0
Sniffles2.DEL.29BM0	0.0
Sniffles2.INS.2ADM10	0.0
Sniffles2.INS.EBMC	0.0
Sniffles2.INS.350M1	0.0
Sniffles2.INS.125M2	0.0
Sniffles2.DEL.16DM16	0.0
Sniffles2.DEL.24CM3	0.0
Sniffles2.DEL.254M7	0.0
Sniffles2.DEL.30AM4	0.0
Sniffles2.DEL.5D2M4	0.0
Sniffles2.DEL.12MB	0.0
Sniffles2.DEL.11DM17	0.0
Sniffles2.INS.13AM8	0.0
Sniffles2.DEL.33AM1	0.0
Sniffles2.INS.2B1M1	0.0
Sniffles2.DEL.3E1MB	0.0
Sniffles2.INS.2CEM15	0.0
Sniffles2.DEL.155M16	0.0
Sniffles2.INS.20DMC	0.0
Sniffles2.INS.369M1	0.0
Sniffles2.DEL.B2M14	0.0
Sniffles2.INS.BAM6	0.0
Sniffles2.DEL.E7ME	0.0
Sniffles2.DEL.125MC	0.0
Sniffles2.DEL.AFM10	0.0
Sniffles2.INS.442M4	0.0
Sniffles2.INS.227M15	0.0
Sniffles2.DEL.B9M16	0.0
Sniffles2.INS.78EM0	0.0
Sniffles2.INS.53CM9	0.0
Sniffles2.DEL.147MD	0.0
Sniffles2.INS.DDMC	0.0
Sniffles2.INS.B4M7	0.0
Sniffles2.DEL.5DDM9	0.0
Sniffles2.INS.209MF	0.0
Sniffles2.INS.2C9M11	0.0
Sniffles2.DEL.22AM12	0.0
Sniffles2.INS.4B8M2	0.0
Sniffles2.DEL.A4M5	0.0
Sniffles2.INS.62AM4	0.0
Sniffles2.DEL.38M12	0.0
Sniffles2.INS.1DFM13	0.0
Sniffles2.INS.37EM4	0.0
Sniffles2.DEL.3F0MF	0.0
Sniffles2.INS.13DM17	0.0
Sniffles2.DEL.1M2	0.0
Sniffles2.DEL.39CM2	0.0
Sniffles2.DEL.1FM4	0.0
Sniffles2.INS.203M12	0.0
Sniffles2.INS.FCM16	0.0
Sniffles2.DEL.149M8	0.0
Sniffles2.DEL.250M2	0.0
Sniffles2.DEL.1B2MB	0.0
Sniffles2.INS.314M14	0.0
Sniffles2.DEL.487M1	0.0
Sniffles2.INS.238M1	0.0
Sniffles2.INS.261M0	0.0
Sniffles2.DEL.3EAMF	0.0
Sniffles2.DEL.E7M15	0.0
Sniffles2.INS.D0M17	0.0
Sniffles2.DEL.AM10	0.0
Sniffles2.DEL.175MB	0.0
Sniffles2.DEL.2A5M3	0.0
Sniffles2.DEL.2FEM9	0.0
Sniffles2.INS.1FBM5	0.0
Sniffles2.DEL.102M14	0.0
Sniffles2.DEL.1B8ME	0.0
Sniffles2.INS.33M9	0.0
Sniffles2.DEL.3B5M12	0.0
Sniffles2.DEL.5F2M9	0.0
Sniffles2.INV.127M9	0.0
Sniffles2.DEL.11FM17	0.0
Sniffles2.INS.3AAMB	0.0
Sniffles2.DEL.1ACM17	0.0
Sniffles2.DEL.2A7M4	0.0
Sniffles2.INS.27CM11	0.0
Sniffles2.DEL.34M12	0.0
Sniffles2.DEL.65M14	0.0
Sniffles2.DEL.204M13	0.0
Sniffles2.DEL.18FM13	0.0
Sniffles2.DEL.33FMB	0.0
Sniffles2.INS.4DFM7	0.0
Sniffles2.INS.2E3M10	0.0
Sniffles2.INS.384M2	0.0
Sniffles2.DEL.173M5	0.0
Sniffles2.DEL.784M1	0.0
Sniffles2.DEL.48CM16	0.0
Sniffles2.INS.1F5MD	0.0
Sniffles2.INS.4D4M7	0.0
Sniffles2.INS.23BMC	0.0
Sniffles2.INS.FBM6	0.0
Sniffles2.INS.4M13	0.0
Sniffles2.DEL.154M2	0.0
Sniffles2.DEL.142M17	0.0
Sniffles2.INS.B9M15	0.0
Sniffles2.INS.5BAM9	0.0
Sniffles2.DEL.368MC	0.0
Sniffles2.INS.4E1M8	0.0
Sniffles2.INS.D4M17	0.0
Sniffles2.INS.2CM12	0.0
Sniffles2.INS.314M12	0.0
Sniffles2.DEL.1E2M11	0.0
Sniffles2.DEL.489M4	0.0
Sniffles2.INS.A4M10	0.0
Sniffles2.INS.2EBM0	0.0
Sniffles2.INS.D2M5	0.0
Sniffles2.INS.525M8	0.0
Sniffles2.DUP.F4M15	0.0
Sniffles2.INS.3B0M8	0.0
Sniffles2.DEL.12CMC	0.0
Sniffles2.INS.568M0	0.0
Sniffles2.DEL.2D6M10	0.0
Sniffles2.INS.2AFM5	0.0
Sniffles2.INS.391M3	0.0
Sniffles2.DEL.386MC	0.0
Sniffles2.DEL.1E0M16	0.0
Sniffles2.DEL.18EM11	0.0
Sniffles2.INS.3F0MB	0.0
Sniffles2.DEL.28AM17	0.0
Sniffles2.DEL.45DM8	0.0
Sniffles2.DEL.434MB	0.0
Sniffles2.INS.4E5M4	0.0
Sniffles2.INS.6F4M1	0.0
Sniffles2.INS.3C0MF	0.0
Sniffles2.INS.B9M4	0.0
Sniffles2.INS.185MF	0.0
Sniffles2.DEL.4CDM0	0.0
Sniffles2.DEL.269M5	0.0
Sniffles2.DEL.25DM3	0.0
Sniffles2.INS.2AM6	0.0
Sniffles2.DEL.83M11	0.0
Sniffles2.INS.572M9	0.0
Sniffles2.INS.6D0M6	0.0
Sniffles2.INS.23CM13	0.0
Sniffles2.DEL.2CCM3	0.0
Sniffles2.INS.3DAM9	0.0
Sniffles2.INS.7BM1	0.0
Sniffles2.DEL.BBM12	0.0
Sniffles2.INS.FDM9	0.0
Sniffles2.INS.130M15	0.0
Sniffles2.DEL.18M12	0.0
Sniffles2.DEL.301ME	0.0
Sniffles2.DEL.7CM1	0.0
Sniffles2.DEL.1C4M5	0.0
Sniffles2.INS.2FFM2	0.0
Sniffles2.DEL.394M0	0.0
Sniffles2.INS.29EMF	0.0
Sniffles2.INS.131M10	0.0
Sniffles2.DEL.4DAM0	0.0
Sniffles2.INS.134M5	0.0
Sniffles2.INS.3M16	0.0
Sniffles2.INS.629M1	0.0
Sniffles2.DEL.24DM3	0.0
Sniffles2.DEL.311M4	0.0
Sniffles2.INS.147M0	0.0
Sniffles2.INS.363M5	0.0
Sniffles2.INS.185M11	0.0
Sniffles2.INS.32BM1	0.0
Sniffles2.INS.38BM16	0.0
Sniffles2.DEL.9DM1	0.0
Sniffles2.INS.4B3M9	0.0
Sniffles2.DEL.FBM17	0.0
Sniffles2.DEL.410M2	0.0
Sniffles2.DEL.325M4	0.0
Sniffles2.DEL.36M4	0.0
Sniffles2.INS.587M3	0.0
Sniffles2.INS.262M6	0.0
Sniffles2.INS.468M7	0.0
Sniffles2.INS.497M8	0.0
Sniffles2.DEL.2CBM15	0.0
Sniffles2.DEL.2B0M8	0.0
Sniffles2.INS.2E2M12	0.0
Sniffles2.DEL.4E9M2	0.0
Sniffles2.DEL.152M15	0.0
Sniffles2.INS.59M13	0.0
Sniffles2.INS.EBM5	0.0
Sniffles2.DEL.167M17	0.0
Sniffles2.DEL.2D9M10	0.0
Sniffles2.DEL.DDM5	0.0
Sniffles2.INS.19FM13	0.0
Sniffles2.INS.2E3M12	0.0
Sniffles2.INS.35AM1	0.0
Sniffles2.INS.30DM14	0.0
Sniffles2.INS.48M2	0.0
Sniffles2.INS.815M0	0.0
Sniffles2.INS.2A2M2	0.0
Sniffles2.DEL.5DM8	0.0
Sniffles2.DEL.14M5	0.0
Sniffles2.DEL.1EFM1	0.0
Sniffles2.DEL.11EMA	0.0
Sniffles2.DEL.2B0MA	0.0
Sniffles2.DEL.403MF	0.0
Sniffles2.DEL.5FM14	0.0
Sniffles2.DEL.125M5	0.0
Sniffles2.DEL.75MC	0.0
Sniffles2.INS.351MB	0.0
Sniffles2.DEL.537M8	0.0
Sniffles2.DEL.23CM2	0.0
Sniffles2.INS.107M12	0.0
Sniffles2.DEL.353MF	0.0
Sniffles2.DEL.250M16	0.0
Sniffles2.DEL.475M4	0.0
Sniffles2.DEL.52BM0	0.0
Sniffles2.INS.499M5	0.0
Sniffles2.INS.3D3M16	0.0
Sniffles2.INS.24EM12	0.0
Sniffles2.INS.82M8	0.0
Sniffles2.INS.44FM3	0.0
Sniffles2.DEL.20DM11	0.0
Sniffles2.DEL.1FAM3	0.0
Sniffles2.INS.606M6	0.0
Sniffles2.INS.29CM14	0.0
Sniffles2.INS.16AM16	0.0
Sniffles2.DEL.1B0M13	0.0
Sniffles2.DEL.542M4	0.0
Sniffles2.INS.130MD	0.0
Sniffles2.DEL.2F8M9	0.0
Sniffles2.INS.1CM9	0.0
Sniffles2.DEL.130M16	0.0
Sniffles2.DEL.3BCMB	0.0
Sniffles2.INS.51MD	0.0
Sniffles2.DEL.222M13	0.0
Sniffles2.INS.321M13	0.0
Sniffles2.DEL.4EBM8	0.0
Sniffles2.DEL.2CAM15	0.0
Sniffles2.DEL.41CMC	0.0
Sniffles2.DEL.1DBM14	0.0
Sniffles2.INS.295M2	0.0
Sniffles2.INS.3CM12	0.0
Sniffles2.INS.406MF	0.0
Sniffles2.INS.80ME	0.0
Sniffles2.INS.D2M16	0.0
Sniffles2.DEL.5E3M3	0.0
Sniffles2.INS.2BEM0	0.0
Sniffles2.DEL.348MC	0.0
Sniffles2.INS.A2M16	0.0
Sniffles2.DEL.289M10	0.0
Sniffles2.DUP.4D2M9	0.0
Sniffles2.DEL.24BM5	0.0
Sniffles2.INS.2DAME	0.0
Sniffles2.DEL.F6M16	0.0
Sniffles2.DEL.182M12	0.0
Sniffles2.DEL.50M15	0.0
Sniffles2.DEL.418M8	0.0
Sniffles2.INS.12BM0	0.0
Sniffles2.INS.BM17	0.0
Sniffles2.INS.4AAM9	0.0
Sniffles2.DEL.6ADM6	0.0
Sniffles2.INS.69MB	0.0
Sniffles2.DEL.4EM9	0.0
Sniffles2.DEL.F5M13	0.0
Sniffles2.INS.3E1M0	0.0
Sniffles2.DEL.F8M13	0.0
Sniffles2.DEL.1D0M2	0.0
Sniffles2.INS.376MF	0.0
Sniffles2.INS.41M13	0.0
Sniffles2.DEL.130M5	0.0
Sniffles2.INS.239M6	0.0
Sniffles2.DEL.17FM3	0.0
Sniffles2.DEL.297M9	0.0
Sniffles2.INS.251M8	0.0
Sniffles2.DEL.79M16	0.0
Sniffles2.DEL.57DM6	0.0
Sniffles2.INS.229M16	0.0
Sniffles2.DEL.251M17	0.0
Sniffles2.INS.143M14	0.0
Sniffles2.DEL.2AAM6	0.0
Sniffles2.DEL.4AFM0	0.0
Sniffles2.DEL.2E5MC	0.0
Sniffles2.INS.2AM15	0.0
Sniffles2.DEL.4F6M8	0.0
Sniffles2.DEL.1DME	0.0
Sniffles2.INS.202MF	0.0
Sniffles2.INS.7CEM1	0.0
Sniffles2.INS.C0MA	0.0
Sniffles2.DEL.228M3	0.0
Sniffles2.INS.33AMC	0.0
Sniffles2.INS.386M13	0.0
Sniffles2.INS.2EBMF	0.0
Sniffles2.INS.40M4	0.0
Sniffles2.DEL.ECM12	0.0
Sniffles2.INS.50M9	0.0
Sniffles2.DEL.5D0M9	0.0
Sniffles2.INS.2B6M10	0.0
Sniffles2.DEL.59BM6	0.0
Sniffles2.DEL.63M17	0.0
Sniffles2.INS.5CM6	0.0
Sniffles2.INS.3D3M6	0.0
Sniffles2.INS.108MA	0.0
Sniffles2.INS.433M6	0.0
Sniffles2.INS.42CM13	0.0
Sniffles2.INS.210M5	0.0
Sniffles2.DEL.555M0	0.0
Sniffles2.DEL.82MF	0.0
Sniffles2.INS.173M1	0.0
Sniffles2.DEL.318M4	0.0
Sniffles2.INS.AEM13	0.0
Sniffles2.INS.261M7	0.0
Sniffles2.INS.9M7	0.0
Sniffles2.INS.107MA	0.0
Sniffles2.INS.1C9M11	0.0
Sniffles2.INS.C3M16	0.0
Sniffles2.INS.36BM8	0.0
Sniffles2.DEL.C8M11	0.0
Sniffles2.DEL.4E7M5	0.0
Sniffles2.DEL.161M6	0.0
Sniffles2.DEL.9M10	0.0
Sniffles2.INS.50FM9	0.0
Sniffles2.DEL.BM1	0.0
Sniffles2.DEL.47FM13	0.0
Sniffles2.INS.439MB	0.0
Sniffles2.INS.569M4	0.0
Sniffles2.DEL.262M17	0.0
Sniffles2.DEL.3F9M4	0.0
Sniffles2.DEL.17EM3	0.0
Sniffles2.DEL.57M13	0.0
Sniffles2.DEL.1EAM1	0.0
Sniffles2.DEL.193M14	0.0
Sniffles2.DEL.B6M16	0.0
Sniffles2.DEL.139M12	0.0
Sniffles2.DEL.102M3	0.0
Sniffles2.DEL.27M16	0.0
Sniffles2.INS.6A7M6	0.0
Sniffles2.INS.2FAMA	0.0
Sniffles2.DEL.21DM11	0.0
Sniffles2.DEL.47DM1	0.0
Sniffles2.DEL.413M5	0.0
Sniffles2.INS.1CDM8	0.0
Sniffles2.INS.341M10	0.0
Sniffles2.INS.32BM14	0.0
Sniffles2.INS.293M14	0.0
Sniffles2.INS.2BEM1	0.0
Sniffles2.DEL.160M17	0.0
Sniffles2.DEL.38BMC	0.0
Sniffles2.DEL.1FAMA	0.0
Sniffles2.DEL.38AM0	0.0
Sniffles2.DEL.DM17	0.0
Sniffles2.DEL.48EM3	0.0
Sniffles2.INS.2F2MA	0.0
Sniffles2.DEL.2AAM7	0.0
Sniffles2.DEL.1F8M11	0.0
Sniffles2.INS.120M6	0.0
Sniffles2.INS.31CM1	0.0
Sniffles2.DEL.1B9M6	0.0
Sniffles2.INS.4A1M6	0.0
Sniffles2.DEL.17DM17	0.0
Sniffles2.INS.478M10	0.0
Sniffles2.DEL.45M8	0.0
Sniffles2.DEL.1EEM13	0.0
Sniffles2.INS.1ECMF	0.0
Sniffles2.INS.37M7	0.0
Sniffles2.INS.170MD	0.0
Sniffles2.INS.231M3	0.0
Sniffles2.INS.5C7M5	0.0
Sniffles2.DEL.473MB	0.0
Sniffles2.INS.35FM2	0.0
Sniffles2.INS.212M4	0.0
Sniffles2.INS.494M4	0.0
Sniffles2.INS.4A6M0	0.0
Sniffles2.INS.1E7MB	0.0
Sniffles2.DEL.407M10	0.0
Sniffles2.DEL.516M2	0.0
Sniffles2.INS.159M14	0.0
Sniffles2.DEL.368M7	0.0
Sniffles2.DEL.263M17	0.0
Sniffles2.INS.C6MB	0.0
Sniffles2.INS.39CM6	0.0
Sniffles2.INS.3DMA	0.0
Sniffles2.DEL.112M8	0.0
Sniffles2.DEL.25AM17	0.0
Sniffles2.INS.97M0	0.0
Sniffles2.INS.37FM16	0.0
Sniffles2.INS.1BBM5	0.0
Sniffles2.INS.65CM6	0.0
Sniffles2.DEL.577M6	0.0
Sniffles2.INS.10EM16	0.0
Sniffles2.DEL.40AM2	0.0
Sniffles2.INS.B1M12	0.0
Sniffles2.DEL.E5M16	0.0
Sniffles2.DEL.33CM6	0.0
Sniffles2.DEL.25M0	0.0
Sniffles2.DEL.3A2M7	0.0
Sniffles2.DEL.4E0M4	0.0
Sniffles2.DEL.1A0M8	0.0
Sniffles2.INS.2C0M2	0.0
Sniffles2.DEL.3B5M1	0.0
Sniffles2.DEL.2FFMF	0.0
Sniffles2.INS.22FM1	0.0
Sniffles2.DEL.46EM3	0.0
Sniffles2.INS.12BMA	0.0
Sniffles2.DEL.2BM16	0.0
Sniffles2.INS.423M8	0.0
Sniffles2.DEL.26FMC	0.0
Sniffles2.INS.2CMA	0.0
Sniffles2.INS.263MF	0.0
Sniffles2.DEL.7DFM0	0.0
Sniffles2.DEL.1C1M13	0.0
Sniffles2.DEL.36CMB	0.0
Sniffles2.DEL.132MF	0.0
Sniffles2.DEL.6A2M6	0.0
Sniffles2.INS.48EM10	0.0
Sniffles2.DEL.3C8M16	0.0
Sniffles2.DEL.4DAMB	0.0
Sniffles2.DEL.23M16	0.0
Sniffles2.DEL.14EMF	0.0
Sniffles2.DUP.1ECME	0.0
Sniffles2.DEL.E4M17	0.0
Sniffles2.INS.1A3M2	0.0
Sniffles2.DEL.593M4	0.0
Sniffles2.DEL.80EM0	0.0
Sniffles2.INS.375M0	0.0
Sniffles2.INS.10BM2	0.0
Sniffles2.INS.22BM7	0.0
Sniffles2.INS.3F2MC	0.0
Sniffles2.DEL.1A6M5	0.0
Sniffles2.INS.439M13	0.0
Sniffles2.INS.F9M7	0.0
Sniffles2.DEL.2C2M12	0.0
Sniffles2.DEL.452M7	0.0
Sniffles2.DEL.33EM14	0.0
Sniffles2.DEL.287M13	0.0
Sniffles2.INS.532M9	0.0
Sniffles2.DEL.208M9	0.0
Sniffles2.DEL.133M14	0.0
Sniffles2.DEL.1F3M16	0.0
Sniffles2.DEL.3ABM1	0.0
Sniffles2.INS.232M6	0.0
Sniffles2.INS.3E6M4	0.0
Sniffles2.DEL.105M14	0.0
Sniffles2.INS.369M6	0.0
Sniffles2.DEL.247M1	0.0
Sniffles2.INS.62EM0	0.0
Sniffles2.INS.6M1	0.0
Sniffles2.INS.17DMD	0.0
Sniffles2.DEL.2EBM4	0.0
Sniffles2.DEL.AM11	0.0
Sniffles2.INS.4E7MB	0.0
Sniffles2.INS.346M4	0.0
Sniffles2.INS.588M0	0.0
Sniffles2.DEL.5CCM5	0.0
Sniffles2.DEL.3C3MC	0.0
Sniffles2.INS.1DCMC	0.0
Sniffles2.DEL.174ME	0.0
Sniffles2.DEL.1A4M16	0.0
Sniffles2.INS.44DMA	0.0
Sniffles2.DEL.1B7M0	0.0
Sniffles2.INS.7CFM1	0.0
Sniffles2.INS.44DM4	0.0
Sniffles2.INS.31BM6	0.0
Sniffles2.INS.368MF	0.0
Sniffles2.INS.330M6	0.0
Sniffles2.INS.34EMC	0.0
Sniffles2.INS.561M6	0.0
Sniffles2.INS.4E1M7	0.0
Sniffles2.INS.389MB	0.0
Sniffles2.DEL.273M9	0.0
Sniffles2.DEL.31M9	0.0
Sniffles2.INS.409M9	0.0
Sniffles2.INS.111M14	0.0
Sniffles2.DEL.19M1	0.0
Sniffles2.INS.31AM16	0.0
Sniffles2.DEL.1E4M17	0.0
Sniffles2.DEL.342M11	0.0
Sniffles2.DEL.4ADM0	0.0
Sniffles2.INS.3F5M5	0.0
Sniffles2.INS.331MF	0.0
Sniffles2.DEL.2F5M13	0.0
Sniffles2.DEL.22BM16	0.0
Sniffles2.INS.262M8	0.0
Sniffles2.DEL.406MC	0.0
Sniffles2.INS.583M6	0.0
Sniffles2.DEL.5C8M3	0.0
Sniffles2.DEL.74M16	0.0
Sniffles2.INS.5BCM5	0.0
Sniffles2.INS.79EM1	0.0
Sniffles2.DEL.242M13	0.0
Sniffles2.DEL.20FMB	0.0
Sniffles2.DEL.29FM7	0.0
Sniffles2.DEL.646M0	0.0
Sniffles2.INS.6EM12	0.0
Sniffles2.DEL.21EM13	0.0
Sniffles2.DEL.437M1	0.0
Sniffles2.DEL.163M2	0.0
Sniffles2.INS.ECM8	0.0
Sniffles2.INS.14AM10	0.0
Sniffles2.INS.19BM12	0.0
Sniffles2.DEL.699M0	0.0
Sniffles2.DEL.496MA	0.0
Sniffles2.INS.40DMF	0.0
Sniffles2.INS.10BM13	0.0
Sniffles2.INS.1DBM3	0.0
Sniffles2.INS.1FBMB	0.0
Sniffles2.INS.3CAMF	0.0
Sniffles2.INS.449M10	0.0
Sniffles2.INS.37EM16	0.0
Sniffles2.DEL.278MD	0.0
Sniffles2.INS.2E6M9	0.0
Sniffles2.INS.1F2M17	0.0
Sniffles2.INS.102ME	0.0
Sniffles2.INS.112M16	0.0
Sniffles2.INS.B8M11	0.0
Sniffles2.INS.362M13	0.0
Sniffles2.INS.64M16	0.0
Sniffles2.INS.528M0	0.0
Sniffles2.DEL.3E2MF	0.0
Sniffles2.INS.41AMF	0.0
Sniffles2.INS.CEM6	0.0
Sniffles2.DEL.492MB	0.0
Sniffles2.INS.164M3	0.0
Sniffles2.DEL.50BM4	0.0
Sniffles2.DEL.314M8	0.0
Sniffles2.DEL.29AM12	0.0
Sniffles2.DEL.87MC	0.0
Sniffles2.DEL.3B9M1	0.0
Sniffles2.DEL.178M17	0.0
Sniffles2.INS.B9M11	0.0
Sniffles2.INS.36DM6	0.0
Sniffles2.DEL.487MB	0.0
Sniffles2.INS.5C5M9	0.0
Sniffles2.INS.475MA	0.0
Sniffles2.DEL.391M13	0.0
Sniffles2.DEL.111M12	0.0
Sniffles2.DEL.39AM2	0.0
Sniffles2.DEL.1A9M10	0.0
Sniffles2.INS.121MB	0.0
Sniffles2.DEL.131MF	0.0
Sniffles2.INS.B5M1	0.0
Sniffles2.INS.21DM9	0.0
Sniffles2.INS.28AMF	0.0
Sniffles2.DEL.704M1	0.0
Sniffles2.DEL.26FMD	0.0
Sniffles2.INS.1FAM12	0.0
Sniffles2.INS.7EFM0	0.0
Sniffles2.INS.318MA	0.0
Sniffles2.DEL.DEM10	0.0
Sniffles2.INS.6C4M0	0.0
Sniffles2.DEL.21DM10	0.0
Sniffles2.INS.780M1	0.0
Sniffles2.DEL.2B6M13	0.0
Sniffles2.INS.10DM16	0.0
Sniffles2.DEL.43BM8	0.0
Sniffles2.INS.37AMA	0.0
Sniffles2.INS.108M6	0.0
Sniffles2.INS.89M3	0.0
Sniffles2.DEL.77DM1	0.0
Sniffles2.INS.18AM9	0.0
Sniffles2.INS.214M1	0.0
Sniffles2.INS.478M9	0.0
Sniffles2.DEL.180M15	0.0
Sniffles2.INS.1ADM0	0.0
Sniffles2.DEL.25M13	0.0
Sniffles2.DEL.601M4	0.0
Sniffles2.INS.1AAM2	0.0
Sniffles2.DEL.15EM16	0.0
Sniffles2.DEL.183M11	0.0
Sniffles2.DEL.438M8	0.0
Sniffles2.DEL.180M7	0.0
Sniffles2.INS.1B7MA	0.0
Sniffles2.INS.277MD	0.0
Sniffles2.DEL.471M10	0.0
Sniffles2.DEL.119M15	0.0
Sniffles2.DEL.1DFMF	0.0
Sniffles2.DEL.3EAM9	0.0
Sniffles2.INS.323ME	0.0
Sniffles2.DEL.1D9M8	0.0
Sniffles2.DEL.509M4	0.0
Sniffles2.DEL.5A5M9	0.0
Sniffles2.INS.585M5	0.0
Sniffles2.INS.5F9M4	0.0
Sniffles2.INS.125M12	0.0
Sniffles2.INS.362ME	0.0
Sniffles2.DEL.665M0	0.0
Sniffles2.INS.1D3M16	0.0
Sniffles2.INS.472M13	0.0
Sniffles2.DEL.173M11	0.0
Sniffles2.DEL.3E2M1	0.0
Sniffles2.DEL.2EEM16	0.0
Sniffles2.INS.80CM0	0.0
Sniffles2.INS.1BEMD	0.0
Sniffles2.INS.45BM6	0.0
Sniffles2.INS.17DM3	0.0
Sniffles2.DEL.425MB	0.0
Sniffles2.DEL.1F8M3	0.0
Sniffles2.DEL.86M5	0.0
Sniffles2.DEL.DDM7	0.0
Sniffles2.INS.6BM0	0.0
Sniffles2.INS.49AM16	0.0
Sniffles2.INS.46DM5	0.0
Sniffles2.DEL.196M6	0.0
Sniffles2.DEL.35CM6	0.0
Sniffles2.DEL.1FAME	0.0
Sniffles2.DEL.1FCM10	0.0
Sniffles2.DEL.26FM8	0.0
Sniffles2.DEL.C6M0	0.0
Sniffles2.DEL.255MF	0.0
Sniffles2.DEL.333M4	0.0
Sniffles2.INS.5F7M6	0.0
Sniffles2.DEL.C8M0	0.0
Sniffles2.DEL.281MD	0.0
Sniffles2.INS.1F8M8	0.0
Sniffles2.INS.160MD	0.0
Sniffles2.DEL.1D1M15	0.0
Sniffles2.INS.7CMB	0.0
Sniffles2.INS.214M6	0.0
Sniffles2.DEL.1D3M10	0.0
Sniffles2.INS.6E9M6	0.0
Sniffles2.INS.2EM6	0.0
Sniffles2.INS.97M15	0.0
Sniffles2.DEL.1F1M14	0.0
Sniffles2.DEL.42M17	0.0
Sniffles2.INS.4F9MB	0.0
Sniffles2.INS.DCM16	0.0
Sniffles2.DEL.1B1M3	0.0
Sniffles2.DEL.B9M12	0.0
Sniffles2.INS.332M10	0.0
Sniffles2.DEL.1F3M13	0.0
Sniffles2.DEL.1F3MD	0.0
Sniffles2.INS.2DM2	0.0
Sniffles2.INS.48FM4	0.0
Sniffles2.INS.E6MF	0.0
Sniffles2.DEL.36FM6	0.0
Sniffles2.DEL.532M5	0.0
Sniffles2.DEL.258M17	0.0
Sniffles2.DEL.23EM5	0.0
Sniffles2.INS.4D2MA	0.0
Sniffles2.INS.172M4	0.0
Sniffles2.INS.386MA	0.0
Sniffles2.INS.2F6M13	0.0
Sniffles2.DEL.474M8	0.0
Sniffles2.INS.206M14	0.0
Sniffles2.DEL.C2M14	0.0
Sniffles2.DEL.418M9	0.0
Sniffles2.INS.79FM1	0.0
Sniffles2.INS.3B4MF	0.0
Sniffles2.INS.81MA	0.0
Sniffles2.INS.3CM13	0.0
Sniffles2.INS.149M12	0.0
Sniffles2.INS.C6M4	0.0
Sniffles2.DEL.15BMB	0.0
Sniffles2.INS.7DME	0.0
Sniffles2.DEL.54MA	0.0
Sniffles2.DEL.142MF	0.0
Sniffles2.DEL.24FMD	0.0
Sniffles2.DEL.7FCM1	0.0
Sniffles2.DEL.537M9	0.0
Sniffles2.INS.204M10	0.0
Sniffles2.INS.2FEM11	0.0
Sniffles2.INS.578M1	0.0
Sniffles2.INS.3CBM2	0.0
Sniffles2.INS.339M8	0.0
Sniffles2.DEL.77M15	0.0
Sniffles2.DEL.3F0M4	0.0
Sniffles2.DEL.649M6	0.0
Sniffles2.INS.14CM9	0.0
Sniffles2.DEL.10AM4	0.0
Sniffles2.INS.4E4M4	0.0
Sniffles2.INS.686M1	0.0
Sniffles2.DEL.83MC	0.0
Sniffles2.DEL.122MA	0.0
Sniffles2.INS.2E5M9	0.0
Sniffles2.DEL.2D5M1	0.0
Sniffles2.INS.1D3M4	0.0
Sniffles2.INS.4FM6	0.0
Sniffles2.DEL.534M6	0.0
Sniffles2.DEL.287M9	0.0
Sniffles2.DEL.7FDM0	0.0
Sniffles2.DEL.697M6	0.0
Sniffles2.INS.358M10	0.0
Sniffles2.INS.B0M12	0.0
Sniffles2.INS.31DM16	0.0
Sniffles2.DEL.2E7M3	0.0
Sniffles2.INS.21DMC	0.0
Sniffles2.DEL.5F6M9	0.0
Sniffles2.DEL.3C0M16	0.0
Sniffles2.INS.4BDMB	0.0
Sniffles2.INS.35BMB	0.0
Sniffles2.INS.81M11	0.0
Sniffles2.DEL.264M12	0.0
Sniffles2.DEL.458M9	0.0
Sniffles2.INS.C2M4	0.0
Sniffles2.INS.47EM10	0.0
Sniffles2.INS.754M0	0.0
Sniffles2.INS.47M2	0.0
Sniffles2.DEL.296M15	0.0
Sniffles2.DEL.420M13	0.0
Sniffles2.INS.290MC	0.0
Sniffles2.INS.3C1MF	0.0
Sniffles2.INS.2C3M5	0.0
Sniffles2.DEL.434M2	0.0
Sniffles2.DEL.6DM1	0.0
Sniffles2.INS.1CFM3	0.0
Sniffles2.INS.9FM15	0.0
Sniffles2.INS.529M2	0.0
Sniffles2.INS.306M10	0.0
Sniffles2.DEL.1E0M17	0.0
Sniffles2.INS.3A3M12	0.0
Sniffles2.INS.42CM5	0.0
Sniffles2.DEL.1AM4	0.0
Sniffles2.INS.412M6	0.0
Sniffles2.INS.2B9M16	0.0
Sniffles2.INS.5C4M5	0.0
Sniffles2.DEL.1F9M2	0.0
Sniffles2.DEL.224M7	0.0
Sniffles2.INS.DCM14	0.0
Sniffles2.DEL.336MA	0.0
Sniffles2.INS.65CM1	0.0
Sniffles2.INS.444M9	0.0
Sniffles2.INS.15AM16	0.0
Sniffles2.DEL.207M8	0.0
Sniffles2.DEL.168M4	0.0
Sniffles2.INS.12FM1	0.0
Sniffles2.DEL.440M3	0.0
Sniffles2.DEL.1AEM13	0.0
Sniffles2.DUP.49M2	0.0
Sniffles2.INS.7CMF	0.0
Sniffles2.INS.F3M1	0.0
Sniffles2.DEL.2FM17	0.0
Sniffles2.INS.30MB	0.0
Sniffles2.INS.E7M0	0.0
Sniffles2.DEL.299M11	0.0
Sniffles2.INS.247MC	0.0
Sniffles2.INS.143M13	0.0
Sniffles2.INS.85M13	0.0
Sniffles2.DEL.422M4	0.0
Sniffles2.DEL.80FM0	0.0
Sniffles2.DEL.17CM16	0.0
Sniffles2.INS.206M10	0.0
Sniffles2.INS.179M5	0.0
Sniffles2.INS.68M2	0.0
Sniffles2.INS.B8M10	0.0
Sniffles2.INS.17CM5	0.0
Sniffles2.DEL.1EMA	0.0
Sniffles2.DEL.278M11	0.0
Sniffles2.DEL.11BMC	0.0
Sniffles2.DEL.26FM14	0.0
Sniffles2.DEL.63M2	0.0
Sniffles2.DEL.7ABM0	0.0
Sniffles2.INS.540M6	0.0
Sniffles2.DEL.265M17	0.0
Sniffles2.INS.58MB	0.0
Sniffles2.DEL.1B2M7	0.0
Sniffles2.DEL.314M4	0.0
Sniffles2.INS.234M4	0.0
Sniffles2.DEL.97MA	0.0
Sniffles2.INS.429M8	0.0
Sniffles2.INS.340M11	0.0
Sniffles2.DEL.1D1M7	0.0
Sniffles2.DEL.10AM16	0.0
Sniffles2.INS.83M14	0.0
Sniffles2.DEL.19EM15	0.0
Sniffles2.DEL.161M2	0.0
Sniffles2.INS.48M5	0.0
Sniffles2.INS.290M5	0.0
Sniffles2.DEL.53FM4	0.0
Sniffles2.DEL.16BM16	0.0
Sniffles2.DEL.BDM16	0.0
Sniffles2.INS.5F2M3	0.0
Sniffles2.INS.29BM7	0.0
Sniffles2.INS.154M8	0.0
Sniffles2.DEL.26M14	0.0
Sniffles2.INS.554M0	0.0
Sniffles2.INS.1D1MC	0.0
Sniffles2.INS.426MC	0.0
Sniffles2.INS.3C1M7	0.0
Sniffles2.INS.47M12	0.0
Sniffles2.DEL.50BM0	0.0
Sniffles2.DEL.19CM11	0.0
Sniffles2.INS.51MF	0.0
Sniffles2.INS.56BM9	0.0
Sniffles2.INS.317M13	0.0
Sniffles2.DEL.563M2	0.0
Sniffles2.DEL.A6M15	0.0
Sniffles2.DEL.1ACM15	0.0
Sniffles2.DEL.E4M12	0.0
Sniffles2.INS.45AMB	0.0
Sniffles2.INS.38AM12	0.0
Sniffles2.INS.228M15	0.0
Sniffles2.INS.40CM1	0.0
Sniffles2.DEL.1EEM4	0.0
Sniffles2.INS.79M1	0.0
Sniffles2.DEL.280M0	0.0
Sniffles2.DEL.5B1M9	0.0
Sniffles2.INS.1FMD	0.0
Sniffles2.DEL.182M16	0.0
Sniffles2.INS.D5M2	0.0
Sniffles2.DEL.29DM10	0.0
Sniffles2.DEL.276M4	0.0
Sniffles2.INS.252M7	0.0
Sniffles2.DEL.6EME	0.0
Sniffles2.INS.2D8M9	0.0
Sniffles2.INS.566M2	0.0
Sniffles2.INS.E2M7	0.0
Sniffles2.DEL.1A6M10	0.0
Sniffles2.DEL.2F2MC	0.0
Sniffles2.INS.51M1	0.0
Sniffles2.INS.258M7	0.0
Sniffles2.DEL.365M6	0.0
Sniffles2.INS.A0M5	0.0
Sniffles2.DEL.179M16	0.0
Sniffles2.INS.ACM15	0.0
Sniffles2.INS.245M5	0.0
Sniffles2.DEL.13EM6	0.0
Sniffles2.INS.239M8	0.0
Sniffles2.DEL.27FM13	0.0
Sniffles2.INS.5F3M3	0.0
Sniffles2.INS.47DM16	0.0
Sniffles2.INS.2EDM10	0.0
Sniffles2.DEL.120M3	0.0
Sniffles2.INS.F2M0	0.0
Sniffles2.INS.36FM11	0.0
Sniffles2.DEL.4CM15	0.0
Sniffles2.INS.9CM8	0.0
Sniffles2.DEL.505M4	0.0
Sniffles2.INS.1E6M7	0.0
Sniffles2.DEL.3E4M4	0.0
Sniffles2.INS.6C7M1	0.0
Sniffles2.DEL.3BM1	0.0
Sniffles2.DEL.23FM1	0.0
Sniffles2.DUP.CCM7	0.0
Sniffles2.INS.510M4	0.0
Sniffles2.DEL.E8MF	0.0
Sniffles2.DEL.29M14	0.0
Sniffles2.INS.43CM1	0.0
Sniffles2.INS.440M6	0.0
Sniffles2.INS.170M4	0.0
Sniffles2.INS.582M0	0.0
Sniffles2.INS.4CCMA	0.0
Sniffles2.DEL.188M3	0.0
Sniffles2.INS.277MB	0.0
Sniffles2.INS.1M13	0.0
Sniffles2.DEL.699M3	0.0
Sniffles2.INS.509M8	0.0
Sniffles2.INS.132MA	0.0
Sniffles2.DEL.FM7	0.0
Sniffles2.INS.59M17	0.0
Sniffles2.INS.3BDM1	0.0
Sniffles2.INS.28AM9	0.0
Sniffles2.DEL.68M17	0.0
Sniffles2.INS.5C9M1	0.0
Sniffles2.DEL.47M1	0.0
Sniffles2.DEL.3D1M4	0.0
Sniffles2.INS.217M2	0.0
Sniffles2.INS.4C0M1	0.0
Sniffles2.DEL.656M6	0.0
Sniffles2.DEL.4DBMB	0.0
Sniffles2.INS.11BM14	0.0
Sniffles2.INS.1FEMB	0.0
Sniffles2.DEL.361M9	0.0
Sniffles2.DEL.2B5M4	0.0
Sniffles2.DEL.DDM12	0.0
Sniffles2.DEL.4C8MB	0.0
Sniffles2.INS.FDM4	0.0
Sniffles2.DEL.242M2	0.0
Sniffles2.DEL.1F5M13	0.0
Sniffles2.INS.3F8MF	0.0
Sniffles2.INS.102M16	0.0
Sniffles2.DEL.3FBM2	0.0
Sniffles2.DEL.1C7M13	0.0
Sniffles2.DEL.209M16	0.0
Sniffles2.INS.D6M7	0.0
Sniffles2.DEL.48M9	0.0
Sniffles2.INS.25BM5	0.0
Sniffles2.INS.100M0	0.0
Sniffles2.DEL.179M1	0.0
Sniffles2.INS.2DEM14	0.0
Sniffles2.DEL.51AM5	0.0
Sniffles2.DEL.2FM12	0.0
Sniffles2.INS.353MA	0.0
Sniffles2.INS.14BM1	0.0
Sniffles2.DEL.179M4	0.0
Sniffles2.INS.420MC	0.0
Sniffles2.INS.68FM6	0.0
Sniffles2.INS.1C7M7	0.0
Sniffles2.INS.15DM4	0.0
Sniffles2.INS.AFME	0.0
Sniffles2.INS.3A3MF	0.0
Sniffles2.DEL.69AM6	0.0
Sniffles2.INS.75EM0	0.0
Sniffles2.INS.155M9	0.0
Sniffles2.INS.A3M15	0.0
Sniffles2.INS.608M5	0.0
Sniffles2.INS.D2ME	0.0
Sniffles2.INS.11M11	0.0
Sniffles2.INS.1EM3	0.0
Sniffles2.DEL.7EMD	0.0
Sniffles2.DEL.4D5MA	0.0
Sniffles2.INS.7BM17	0.0
Sniffles2.DEL.604M3	0.0
Sniffles2.INS.2EME	0.0
Sniffles2.INS.3BM15	0.0
Sniffles2.INS.337M0	0.0
Sniffles2.INS.122MB	0.0
Sniffles2.DEL.190M17	0.0
Sniffles2.DEL.265MD	0.0
Sniffles2.INS.E9MF	0.0
Sniffles2.DEL.158M11	0.0
Sniffles2.DEL.26FM1	0.0
Sniffles2.INS.25BM6	0.0
Sniffles2.INS.3DCM13	0.0
Sniffles2.INS.15M15	0.0
Sniffles2.INS.2D1MC	0.0
Sniffles2.DEL.3A4M5	0.0
Sniffles2.DEL.87ME	0.0
Sniffles2.INS.6C1M6	0.0
Sniffles2.DEL.4D2M7	0.0
Sniffles2.INS.3C3M10	0.0
Sniffles2.INS.BFM0	0.0
Sniffles2.INS.25FM8	0.0
Sniffles2.INS.288MD	0.0
Sniffles2.INS.33DM14	0.0
Sniffles2.INS.103MA	0.0
Sniffles2.DEL.1F8MD	0.0
Sniffles2.INS.2A9M12	0.0
Sniffles2.INS.B3M9	0.0
Sniffles2.INS.1F0M16	0.0
Sniffles2.DEL.269M14	0.0
Sniffles2.INS.418M4	0.0
Sniffles2.INS.E1M3	0.0
Sniffles2.INS.31CM6	0.0
Sniffles2.DEL.60M17	0.0
Sniffles2.INS.48MF	0.0
Sniffles2.INS.189MC	0.0
Sniffles2.INS.2A5M15	0.0
Sniffles2.INS.19EMB	0.0
Sniffles2.INS.D3M7	0.0
Sniffles2.INS.7CDM1	0.0
Sniffles2.DEL.192M10	0.0
Sniffles2.DEL.219MF	0.0
Sniffles2.INS.13EM15	0.0
Sniffles2.DEL.37DM4	0.0
Sniffles2.DEL.17MC	0.0
Sniffles2.INS.3AM2	0.0
Sniffles2.DEL.255M2	0.0
Sniffles2.DEL.56FM2	0.0
Sniffles2.INS.2B1M10	0.0
Sniffles2.INS.CEM8	0.0
Sniffles2.DEL.2C4M15	0.0
Sniffles2.INS.32BM10	0.0
Sniffles2.INS.A4MC	0.0
Sniffles2.INS.24CM17	0.0
Sniffles2.INS.A7MF	0.0
Sniffles2.DEL.129M10	0.0
Sniffles2.DEL.3EAM1	0.0
Sniffles2.DEL.2FM13	0.0
Sniffles2.INS.A1M16	0.0
Sniffles2.INS.2D6M2	0.0
Sniffles2.INS.45DM3	0.0
Sniffles2.DEL.251MB	0.0
Sniffles2.INS.4BM4	0.0
Sniffles2.INS.1CAM14	0.0
Sniffles2.DEL.570M1	0.0
Sniffles2.INS.1BDM5	0.0
Sniffles2.INS.51EM5	0.0
Sniffles2.INS.234M0	0.0
Sniffles2.INS.3A0M16	0.0
Sniffles2.INS.486M8	0.0
Sniffles2.DEL.47DM9	0.0
Sniffles2.DEL.2FEM4	0.0
Sniffles2.DEL.3C3MB	0.0
Sniffles2.DEL.32EM11	0.0
Sniffles2.INS.477M4	0.0
Sniffles2.DEL.3CBMA	0.0
Sniffles2.INS.14AM15	0.0
Sniffles2.INS.16AMB	0.0
Sniffles2.DEL.7B0M1	0.0
Sniffles2.DEL.186M6	0.0
Sniffles2.DEL.146M12	0.0
Sniffles2.DEL.27EM5	0.0
Sniffles2.INS.63AM6	0.0
Sniffles2.INS.9CM16	0.0
Sniffles2.INS.C3M3	0.0
Sniffles2.INS.6AEM0	0.0
Sniffles2.DEL.840M0	0.0
Sniffles2.INS.22CM10	0.0
Sniffles2.DEL.453M2	0.0
Sniffles2.INS.13M10	0.0
Sniffles2.INS.1CCM9	0.0
Sniffles2.DEL.108M16	0.0
Sniffles2.DEL.5AFM9	0.0
Sniffles2.DEL.1E4M9	0.0
Sniffles2.DEL.454M0	0.0
Sniffles2.INS.322M5	0.0
Sniffles2.DEL.4AAM13	0.0
Sniffles2.INS.2AEM3	0.0
Sniffles2.DEL.4EAM0	0.0
Sniffles2.DEL.123M12	0.0
Sniffles2.INS.2EFM6	0.0
Sniffles2.DEL.127M4	0.0
Sniffles2.INS.135M14	0.0
Sniffles2.DEL.491M0	0.0
Sniffles2.DEL.F4M12	0.0
Sniffles2.INS.3BBM7	0.0
Sniffles2.DEL.127M17	0.0
Sniffles2.DEL.3B0M4	0.0
Sniffles2.DEL.161M5	0.0
Sniffles2.DEL.161M16	0.0
Sniffles2.INS.2B5M14	0.0
Sniffles2.DEL.3F4MA	0.0
Sniffles2.INS.8FMF	0.0
Sniffles2.INS.194M11	0.0
Sniffles2.INS.462M6	0.0
Sniffles2.DEL.484MA	0.0
Sniffles2.DEL.2BAM10	0.0
Sniffles2.INS.478M16	0.0
Sniffles2.DEL.281M10	0.0
Sniffles2.DEL.1A3M8	0.0
Sniffles2.DEL.41AMC	0.0
Sniffles2.DEL.248M9	0.0
Sniffles2.INS.519M6	0.0
Sniffles2.DEL.72M16	0.0
Sniffles2.DEL.52M15	0.0
Sniffles2.DEL.465M7	0.0
Sniffles2.DEL.181MF	0.0
Sniffles2.DEL.34FM9	0.0
Sniffles2.DEL.42MB	0.0
Sniffles2.INS.4D6M1	0.0
Sniffles2.DEL.1BDM1	0.0
Sniffles2.INS.3M14	0.0
Sniffles2.DEL.21M16	0.0
Sniffles2.DEL.5A3M3	0.0
Sniffles2.INS.B5M9	0.0
Sniffles2.INS.328M6	0.0
Sniffles2.INS.B4MF	0.0
Sniffles2.DEL.41AM10	0.0
Sniffles2.DEL.23BM14	0.0
Sniffles2.DEL.1D6M4	0.0
Sniffles2.INS.CEM11	0.0
Sniffles2.INS.31DM7	0.0
Sniffles2.DEL.199MF	0.0
Sniffles2.DEL.34CM3	0.0
Sniffles2.DEL.BM11	0.0
Sniffles2.INS.F6M4	0.0
Sniffles2.INS.8MF	0.0
Sniffles2.DEL.2A4M3	0.0
Sniffles2.DEL.15CM16	0.0
Sniffles2.DEL.F3M8	0.0
Sniffles2.INS.391M10	0.0
Sniffles2.INS.EM6	0.0
Sniffles2.DEL.423M16	0.0
Sniffles2.INS.36BMC	0.0
Sniffles2.INS.267M7	0.0
Sniffles2.INS.74EM1	0.0
Sniffles2.INS.D5M10	0.0
Sniffles2.DEL.4B4M0	0.0
Sniffles2.INS.1FBM10	0.0
Sniffles2.INV.44BM1	0.0
Sniffles2.INS.22BM2	0.0
Sniffles2.INS.2AFM0	0.0
Sniffles2.DEL.18M16	0.0
Sniffles2.INS.110M6	0.0
Sniffles2.INS.7A4M1	0.0
Sniffles2.DEL.375MC	0.0
Sniffles2.INS.3DM14	0.0
Sniffles2.INS.47CM8	0.0
Sniffles2.DEL.363M1	0.0
Sniffles2.DEL.3D9M4	0.0
Sniffles2.INS.205M5	0.0
Sniffles2.INS.26MC	0.0
Sniffles2.DEL.46DMB	0.0
Sniffles2.DEL.128M1	0.0
Sniffles2.INS.1CCM14	0.0
Sniffles2.DEL.61MC	0.0
Sniffles2.INS.401M7	0.0
Sniffles2.DEL.270M3	0.0
Sniffles2.INS.526M3	0.0
Sniffles2.INS.4D4MA	0.0
Sniffles2.INS.FM6	0.0
Sniffles2.INS.597M3	0.0
Sniffles2.DEL.173M14	0.0
Sniffles2.INS.12AM12	0.0
Sniffles2.INS.19AM11	0.0
Sniffles2.INS.3F6M10	0.0
Sniffles2.DEL.78M1	0.0
Sniffles2.INS.2A8M2	0.0
Sniffles2.DEL.157M17	0.0
Sniffles2.DEL.7EM1	0.0
Sniffles2.DEL.1C9MF	0.0
Sniffles2.INS.203MF	0.0
Sniffles2.DEL.3C0M11	0.0
Sniffles2.DEL.64M17	0.0
Sniffles2.DEL.4M15	0.0
Sniffles2.INS.29EM16	0.0
Sniffles2.INS.369MF	0.0
Sniffles2.INS.79M13	0.0
Sniffles2.INS.10CM17	0.0
Sniffles2.INS.A0M1	0.0
Sniffles2.DEL.97MC	0.0
Sniffles2.DEL.407M7	0.0
Sniffles2.DEL.281M9	0.0
Sniffles2.INS.7E1M1	0.0
Sniffles2.INS.684M3	0.0
Sniffles2.INS.7C8M0	0.0
Sniffles2.DEL.356ME	0.0
Sniffles2.INS.4FDM0	0.0
Sniffles2.DEL.21EM17	0.0
Sniffles2.DEL.36MB	0.0
Sniffles2.INS.452M9	0.0
Sniffles2.DEL.3C3M11	0.0
Sniffles2.DEL.7EMC	0.0
Sniffles2.DEL.509M0	0.0
Sniffles2.INS.F8M10	0.0
Sniffles2.DEL.101M12	0.0
Sniffles2.INS.25BM13	0.0
Sniffles2.DEL.19MC	0.0
Sniffles2.DEL.48M15	0.0
Sniffles2.INS.22MB	0.0
Sniffles2.DEL.3BEM12	0.0
Sniffles2.INS.197M7	0.0
Sniffles2.INS.381MC	0.0
Sniffles2.INS.612M4	0.0
Sniffles2.DEL.323MF	0.0
Sniffles2.INS.CAMF	0.0
Sniffles2.INS.320M12	0.0
Sniffles2.DEL.3E6M1	0.0
Sniffles2.DEL.5C6M1	0.0
Sniffles2.DEL.381M1	0.0
Sniffles2.DEL.4B5M9	0.0
Sniffles2.DEL.DMD	0.0
Sniffles2.INS.186M13	0.0
Sniffles2.DEL.1BCM2	0.0
Sniffles2.DEL.3C4MB	0.0
Sniffles2.DEL.166M9	0.0
Sniffles2.DEL.25BM4	0.0
Sniffles2.DEL.FEM7	0.0
Sniffles2.INS.23FMB	0.0
Sniffles2.DEL.5CDM5	0.0
Sniffles2.DEL.46DM9	0.0
Sniffles2.INS.578M0	0.0
Sniffles2.DEL.3C1M11	0.0
Sniffles2.INS.5DDM1	0.0
Sniffles2.INS.202M17	0.0
Sniffles2.DEL.1D0M11	0.0
Sniffles2.INS.26BM0	0.0
Sniffles2.DEL.1B6M6	0.0
Sniffles2.DEL.1E4M8	0.0
Sniffles2.INS.397M6	0.0
Sniffles2.INS.250MD	0.0
Sniffles2.DEL.5EM6	0.0
Sniffles2.INS.9CM6	0.0
Sniffles2.INS.223M10	0.0
Sniffles2.DEL.94MC	0.0
Sniffles2.INS.1E3M5	0.0
Sniffles2.DEL.32DM9	0.0
Sniffles2.DEL.BFM10	0.0
Sniffles2.DEL.2FFM4	0.0
Sniffles2.DEL.1DBM17	0.0
Sniffles2.DEL.356MF	0.0
Sniffles2.INS.3D1MF	0.0
Sniffles2.DEL.37AM8	0.0
Sniffles2.INS.71AM0	0.0
Sniffles2.INS.518M2	0.0
Sniffles2.DEL.36EMB	0.0
Sniffles2.DEL.48EM4	0.0
Sniffles2.DEL.62AM3	0.0
Sniffles2.DEL.2E9M16	0.0
Sniffles2.DEL.4DM1	0.0
Sniffles2.DEL.151M17	0.0
Sniffles2.DEL.1EDM17	0.0
Sniffles2.INS.241M12	0.0
Sniffles2.DEL.253M17	0.0
Sniffles2.DEL.3A2MC	0.0
Sniffles2.INS.33AM3	0.0
Sniffles2.INS.35EM10	0.0
Sniffles2.DEL.3FFM1	0.0
Sniffles2.INS.266M1	0.0
Sniffles2.INS.294M13	0.0
Sniffles2.INS.52M4	0.0
Sniffles2.DEL.308M3	0.0
Sniffles2.DEL.25FM9	0.0
Sniffles2.DEL.4E1M6	0.0
Sniffles2.INS.5DMD	0.0
Sniffles2.DEL.92M16	0.0
Sniffles2.INS.32DM12	0.0
Sniffles2.DEL.1E6M16	0.0
Sniffles2.DEL.5DAM4	0.0
Sniffles2.INS.53MF	0.0
Sniffles2.DEL.1CME	0.0
Sniffles2.DEL.1D1M0	0.0
Sniffles2.INS.254M1	0.0
Sniffles2.INS.7EM0	0.0
Sniffles2.INS.2E6M15	0.0
Sniffles2.INS.58M6	0.0
Sniffles2.DEL.29EM10	0.0
Sniffles2.INS.F4M7	0.0
Sniffles2.DEL.269M13	0.0
Sniffles2.DEL.50MC	0.0
Sniffles2.INS.4EM2	0.0
Sniffles2.INS.599M6	0.0
Sniffles2.DEL.151M7	0.0
Sniffles2.INS.A2M5	0.0
Sniffles2.INS.414M16	0.0
Sniffles2.DEL.14CM5	0.0
Sniffles2.DEL.3DBMB	0.0
Sniffles2.DEL.192MA	0.0
Sniffles2.INS.370MA	0.0
Sniffles2.INS.4E0M9	0.0
Sniffles2.INS.455M6	0.0
Sniffles2.INS.1EEMF	0.0
Sniffles2.INS.44CM13	0.0
Sniffles2.DEL.1E1M4	0.0
Sniffles2.DEL.317M14	0.0
Sniffles2.DEL.1F5M3	0.0
Sniffles2.DEL.1A3M7	0.0
Sniffles2.DEL.396M12	0.0
Sniffles2.INV.377M9	0.0
Sniffles2.DEL.18BMB	0.0
Sniffles2.INS.11CM7	0.0
Sniffles2.INS.5FM16	0.0
Sniffles2.DEL.241M17	0.0
Sniffles2.INS.6E8M0	0.0
Sniffles2.DEL.360M11	0.0
Sniffles2.DEL.26AM9	0.0
Sniffles2.INS.298M14	0.0
Sniffles2.DEL.23CM10	0.0
Sniffles2.DEL.4D5M0	0.0
Sniffles2.DEL.494MB	0.0
Sniffles2.INS.6BEM1	0.0
Sniffles2.INS.75MB	0.0
Sniffles2.INS.10FMB	0.0
Sniffles2.INS.2CCM16	0.0
Sniffles2.DEL.3E9M10	0.0
Sniffles2.INS.379M7	0.0
Sniffles2.DEL.132M2	0.0
Sniffles2.INS.3EFMC	0.0
Sniffles2.DEL.199M13	0.0
Sniffles2.DEL.1ABM8	0.0
Sniffles2.INS.645M3	0.0
Sniffles2.INS.4FAM9	0.0
Sniffles2.INS.211M10	0.0
Sniffles2.DEL.169M6	0.0
Sniffles2.INS.4FMF	0.0
Sniffles2.INS.466M0	0.0
Sniffles2.DEL.447M16	0.0
Sniffles2.DEL.1E1MD	0.0
Sniffles2.DEL.39DM7	0.0
Sniffles2.DEL.79CM1	0.0
Sniffles2.DEL.203MD	0.0
Sniffles2.DEL.16BM12	0.0
Sniffles2.INS.71M3	0.0
Sniffles2.INS.57FM6	0.0
Sniffles2.DEL.3D1M12	0.0
Sniffles2.DEL.22CMD	0.0
Sniffles2.INS.516M8	0.0
Sniffles2.INS.489MA	0.0
Sniffles2.DEL.1DDMB	0.0
Sniffles2.INS.25AM11	0.0
Sniffles2.INS.58M10	0.0
Sniffles2.INS.45EM13	0.0
Sniffles2.INS.3CMF	0.0
Sniffles2.INS.3C7M9	0.0
Sniffles2.INS.9M13	0.0
Sniffles2.INS.AEM6	0.0
Sniffles2.INS.50ME	0.0
Sniffles2.DEL.3CCM8	0.0
Sniffles2.INS.336MC	0.0
Sniffles2.DEL.45DMB	0.0
Sniffles2.DEL.7D9M1	0.0
Sniffles2.INS.614M9	0.0
Sniffles2.INS.125M0	0.0
Sniffles2.DEL.7F3M0	0.0
Sniffles2.DEL.132M10	0.0
Sniffles2.DEL.19M6	0.0
Sniffles2.INS.1B1M0	0.0
Sniffles2.INS.3EBM10	0.0
Sniffles2.INS.29CM6	0.0
Sniffles2.DEL.83M0	0.0
Sniffles2.INS.6A6M6	0.0
Sniffles2.INS.1DM10	0.0
Sniffles2.INS.298M5	0.0
Sniffles2.DEL.1C8MF	0.0
Sniffles2.DEL.69FM6	0.0
Sniffles2.INS.EDM5	0.0
Sniffles2.INS.572M2	0.0
Sniffles2.DEL.4A8MB	0.0
Sniffles2.INS.124ME	0.0
Sniffles2.DEL.4D6M0	0.0
Sniffles2.INS.EM16	0.0
Sniffles2.INS.321M11	0.0
Sniffles2.INS.132M7	0.0
Sniffles2.INS.154MF	0.0
Sniffles2.DEL.329M2	0.0
Sniffles2.INS.185M16	0.0
Sniffles2.INS.3CFM8	0.0
Sniffles2.INS.1F1M10	0.0
Sniffles2.DEL.1E3M11	0.0
Sniffles2.DEL.499M8	0.0
Sniffles2.INS.53MA	0.0
Sniffles2.INS.212M10	0.0
Sniffles2.INS.73FM1	0.0
Sniffles2.DEL.143M17	0.0
Sniffles2.DEL.63DM4	0.0
Sniffles2.DEL.223M13	0.0
Sniffles2.DEL.201MB	0.0
Sniffles2.DEL.1A0MD	0.0
Sniffles2.DEL.147M2	0.0
Sniffles2.DEL.151M9	0.0
Sniffles2.INS.107M14	0.0
Sniffles2.DEL.43BMA	0.0
Sniffles2.INS.43DM5	0.0
Sniffles2.DEL.390MC	0.0
Sniffles2.DEL.46BM5	0.0
Sniffles2.INS.263ME	0.0
Sniffles2.INS.7CM2	0.0
Sniffles2.DEL.3B8M8	0.0
Sniffles2.INS.12DM17	0.0
Sniffles2.DEL.B5M11	0.0
Sniffles2.INS.256M15	0.0
Sniffles2.DEL.76M14	0.0
Sniffles2.INS.2CAMB	0.0
Sniffles2.DEL.21BMF	0.0
Sniffles2.INS.236M13	0.0
Sniffles2.DEL.413M4	0.0
Sniffles2.DEL.6FM7	0.0
Sniffles2.INS.18MB	0.0
Sniffles2.INS.1CEM15	0.0
Sniffles2.DEL.24CM10	0.0
Sniffles2.INS.17AM8	0.0
Sniffles2.INS.1A8MF	0.0
Sniffles2.INS.4CEM2	0.0
Sniffles2.INS.383M11	0.0
Sniffles2.DEL.251MF	0.0
Sniffles2.INS.2DCMB	0.0
Sniffles2.DEL.7A7M1	0.0
Sniffles2.INS.F6M1	0.0
Sniffles2.DEL.51M15	0.0
Sniffles2.INS.545M5	0.0
Sniffles2.INS.C4MA	0.0
Sniffles2.DEL.1D3M3	0.0
Sniffles2.INS.43DM0	0.0
Sniffles2.INS.451MB	0.0
Sniffles2.INS.80M10	0.0
Sniffles2.DEL.2BEMD	0.0
Sniffles2.DEL.8FM12	0.0
Sniffles2.DEL.645M0	0.0
Sniffles2.INS.484M13	0.0
Sniffles2.DEL.297M7	0.0
Sniffles2.INS.8AM12	0.0
Sniffles2.DEL.80MF	0.0
Sniffles2.INS.11CM11	0.0
Sniffles2.DEL.434M13	0.0
Sniffles2.INS.1DM11	0.0
Sniffles2.DEL.6BMB	0.0
Sniffles2.DEL.280M3	0.0
Sniffles2.INS.384M11	0.0
Sniffles2.DEL.1CBM0	0.0
Sniffles2.INS.DMC	0.0
Sniffles2.INS.90MB	0.0
Sniffles2.DEL.263M6	0.0
Sniffles2.INS.D1M15	0.0
Sniffles2.DEL.C6M11	0.0
Sniffles2.INS.1DFM14	0.0
Sniffles2.INS.352ME	0.0
Sniffles2.DEL.118M13	0.0
Sniffles2.DEL.48AM16	0.0
Sniffles2.INS.396M11	0.0
Sniffles2.DEL.299M12	0.0
Sniffles2.INS.E1M8	0.0
Sniffles2.INS.29DMF	0.0
Sniffles2.INS.36CM11	0.0
Sniffles2.INS.268M14	0.0
Sniffles2.INS.3E1M4	0.0
Sniffles2.INS.37M16	0.0
Sniffles2.INS.1D0M7	0.0
Sniffles2.DEL.10AM12	0.0
Sniffles2.DEL.1D9M17	0.0
Sniffles2.DEL.54DM4	0.0
Sniffles2.DEL.4E8M0	0.0
Sniffles2.DEL.26EMD	0.0
Sniffles2.INS.20DM13	0.0
Sniffles2.INS.32M2	0.0
Sniffles2.DEL.276M2	0.0
Sniffles2.INS.40FM9	0.0
Sniffles2.INS.72M10	0.0
Sniffles2.DEL.50DM8	0.0
Sniffles2.DEL.15MC	0.0
Sniffles2.INS.161M10	0.0
Sniffles2.INS.41DM5	0.0
Sniffles2.INS.3E3M9	0.0
Sniffles2.DEL.16FM14	0.0
Sniffles2.INS.2ADMB	0.0
Sniffles2.INS.4DM13	0.0
Sniffles2.DEL.28DME	0.0
Sniffles2.DEL.311MA	0.0
Sniffles2.DEL.CDM16	0.0
Sniffles2.DEL.3C1MC	0.0
Sniffles2.DEL.425M13	0.0
Sniffles2.DEL.55M4	0.0
Sniffles2.DEL.361M11	0.0
Sniffles2.INS.C3M4	0.0
Sniffles2.INS.1EM11	0.0
Sniffles2.INS.233MC	0.0
Sniffles2.INS.34M9	0.0
Sniffles2.INS.A7M14	0.0
Sniffles2.DEL.5D1M5	0.0
Sniffles2.INS.37CM11	0.0
Sniffles2.INS.365M0	0.0
Sniffles2.DEL.166M6	0.0
Sniffles2.INS.292M16	0.0
Sniffles2.INS.42MF	0.0
Sniffles2.INS.EM15	0.0
Sniffles2.INS.475M16	0.0
Sniffles2.INS.87M6	0.0
Sniffles2.INS.4MA	0.0
Sniffles2.INS.5BDM6	0.0
Sniffles2.DEL.260M8	0.0
Sniffles2.DEL.360M1	0.0
Sniffles2.DEL.1BDM7	0.0
Sniffles2.INS.2CFM1	0.0
Sniffles2.INS.31EM14	0.0
Sniffles2.INS.2DEMB	0.0
Sniffles2.DEL.61DM1	0.0
Sniffles2.DEL.268M5	0.0
Sniffles2.INS.16M10	0.0
Sniffles2.INS.3CFM1	0.0
Sniffles2.INS.D9M10	0.0
Sniffles2.INS.1MD	0.0
Sniffles2.DEL.96M13	0.0
Sniffles2.DUP.26EMC	0.0
Sniffles2.INS.36DM3	0.0
Sniffles2.INS.196M8	0.0
Sniffles2.INS.347M10	0.0
Sniffles2.INS.2C9M0	0.0
Sniffles2.DEL.12FM8	0.0
Sniffles2.DEL.244M5	0.0
Sniffles2.DEL.2DFM12	0.0
Sniffles2.DEL.233M2	0.0
Sniffles2.DEL.87M14	0.0
Sniffles2.INS.6DM15	0.0
Sniffles2.DEL.207M9	0.0
Sniffles2.DEL.FEMB	0.0
Sniffles2.INS.176MC	0.0
Sniffles2.INS.105MA	0.0
Sniffles2.DEL.484M9	0.0
Sniffles2.DEL.90M16	0.0
Sniffles2.INS.552M2	0.0
Sniffles2.DEL.3FAM3	0.0
Sniffles2.DEL.5DBM6	0.0
Sniffles2.DEL.4A0M8	0.0
Sniffles2.DEL.17M1	0.0
Sniffles2.INS.25EM3	0.0
Sniffles2.DEL.34EM8	0.0
Sniffles2.DEL.268M13	0.0
Sniffles2.DEL.61M17	0.0
Sniffles2.INS.121M4	0.0
Sniffles2.DEL.141M16	0.0
Sniffles2.DEL.252MF	0.0
Sniffles2.DEL.44AM3	0.0
Sniffles2.DEL.393M0	0.0
Sniffles2.INS.F0M16	0.0
Sniffles2.INS.2F9M4	0.0
Sniffles2.INS.2BCM5	0.0
Sniffles2.DEL.413M13	0.0
Sniffles2.INS.250M15	0.0
Sniffles2.DEL.CBM16	0.0
Sniffles2.INS.15BM14	0.0
Sniffles2.INS.309M14	0.0
Sniffles2.INS.304M16	0.0
Sniffles2.DEL.1F2M9	0.0
Sniffles2.INS.157M5	0.0
Sniffles2.INS.35M16	0.0
Sniffles2.DEL.22MA	0.0
Sniffles2.INS.1F2M10	0.0
Sniffles2.INS.2DFM7	0.0
Sniffles2.INS.7C7M0	0.0
Sniffles2.DEL.7DMC	0.0
Sniffles2.INS.9FM5	0.0
Sniffles2.DEL.5C0M9	0.0
Sniffles2.INS.1A9M17	0.0
Sniffles2.INS.268M4	0.0
Sniffles2.DEL.2BCMB	0.0
Sniffles2.DEL.84M0	0.0
Sniffles2.DEL.11AM16	0.0
Sniffles2.INV.2D4MA	0.0
Sniffles2.DEL.DM0	0.0
Sniffles2.DEL.177M14	0.0
Sniffles2.INS.4ACM5	0.0
Sniffles2.DEL.7ECM1	0.0
Sniffles2.DEL.27BM16	0.0
Sniffles2.DEL.42BM8	0.0
Sniffles2.DEL.3CCM16	0.0
Sniffles2.DEL.558M2	0.0
Sniffles2.DEL.75M16	0.0
Sniffles2.INS.4BEM3	0.0
Sniffles2.INS.A0M0	0.0
Sniffles2.DEL.17DM12	0.0
Sniffles2.INS.7EM16	0.0
Sniffles2.DEL.8EM12	0.0
Sniffles2.DEL.80BM0	0.0
Sniffles2.INS.131MC	0.0
Sniffles2.INS.20M17	0.0
Sniffles2.DEL.698M3	0.0
Sniffles2.INS.41M4	0.0
Sniffles2.INS.26DM0	0.0
Sniffles2.DEL.4EM1	0.0
Sniffles2.INS.45DM5	0.0
Sniffles2.DEL.18CMC	0.0
Sniffles2.INS.27M1	0.0
Sniffles2.DEL.FM1	0.0
Sniffles2.DEL.174MB	0.0
Sniffles2.INS.25DM13	0.0
Sniffles2.DEL.41M1	0.0
Sniffles2.INS.7B6M1	0.0
Sniffles2.INS.821M0	0.0
Sniffles2.INS.262MD	0.0
Sniffles2.INS.175M4	0.0
Sniffles2.DEL.11CMD	0.0
Sniffles2.INS.644M4	0.0
Sniffles2.INS.A1M14	0.0
Sniffles2.INS.513M9	0.0
Sniffles2.DEL.338MC	0.0
Sniffles2.INS.1AAM16	0.0
Sniffles2.INS.39DM9	0.0
Sniffles2.INS.2M1	0.0
Sniffles2.INS.5A6M4	0.0
Sniffles2.INS.382M5	0.0
Sniffles2.INS.F3M16	0.0
Sniffles2.DEL.571M5	0.0
Sniffles2.DEL.2AM16	0.0
Sniffles2.INS.3B9MA	0.0
Sniffles2.DEL.338M12	0.0
Sniffles2.INS.1CDM2	0.0
Sniffles2.INS.21CME	0.0
Sniffles2.DEL.595M4	0.0
Sniffles2.INS.BEMD	0.0
Sniffles2.DEL.237M1	0.0
Sniffles2.INS.200M9	0.0
Sniffles2.INS.26EM2	0.0
Sniffles2.INS.2A8M14	0.0
Sniffles2.INS.30AM2	0.0
Sniffles2.DEL.25FMA	0.0
Sniffles2.DEL.20BM5	0.0
Sniffles2.DEL.348M6	0.0
Sniffles2.INS.498M7	0.0
Sniffles2.DEL.166M1	0.0
Sniffles2.INS.131MB	0.0
Sniffles2.DEL.2B8M4	0.0
Sniffles2.INS.13BM16	0.0
Sniffles2.INS.524M4	0.0
Sniffles2.INS.5F8M6	0.0
Sniffles2.INS.659M4	0.0
Sniffles2.DEL.97M17	0.0
Sniffles2.INS.15BM15	0.0
Sniffles2.DEL.436M4	0.0
Sniffles2.INS.253M4	0.0
Sniffles2.DEL.1A8M8	0.0
Sniffles2.INS.15FM0	0.0
Sniffles2.DEL.69MA	0.0
Sniffles2.INS.19FME	0.0
Sniffles2.INS.1E1MF	0.0
Sniffles2.INS.3B3MB	0.0
Sniffles2.INS.67M15	0.0
Sniffles2.DEL.53MC	0.0
Sniffles2.DEL.625M3	0.0
Sniffles2.INS.477M2	0.0
Sniffles2.INS.9AM5	0.0
Sniffles2.INS.198M7	0.0
Sniffles2.DEL.1F6M13	0.0
Sniffles2.DEL.109M7	0.0
Sniffles2.DEL.3F3M9	0.0
Sniffles2.INS.252M13	0.0
Sniffles2.DEL.5B0M9	0.0
Sniffles2.INS.EFM3	0.0
Sniffles2.DEL.14AM16	0.0
Sniffles2.INS.2C9M15	0.0
Sniffles2.DEL.140M12	0.0
Sniffles2.INS.1D7M10	0.0
Sniffles2.INS.4BMC	0.0
Sniffles2.INS.332M6	0.0
Sniffles2.DEL.565M6	0.0
Sniffles2.DEL.AEM10	0.0
Sniffles2.INS.797M0	0.0
Sniffles2.DEL.4C2M9	0.0
Sniffles2.INS.274M14	0.0
Sniffles2.INS.351M1	0.0
Sniffles2.INS.4E3M9	0.0
Sniffles2.INS.2E3M15	0.0
Sniffles2.INS.176M17	0.0
Sniffles2.INS.63MA	0.0
Sniffles2.DEL.562M2	0.0
Sniffles2.DEL.2BDM10	0.0
Sniffles2.INS.1B4MD	0.0
Sniffles2.INS.142ME	0.0
Sniffles2.DEL.2C5MA	0.0
Sniffles2.DEL.283MB	0.0
Sniffles2.INS.13FM8	0.0
Sniffles2.INS.A5M14	0.0
Sniffles2.INS.15CM14	0.0
Sniffles2.INS.17FM8	0.0
Sniffles2.DEL.11M1	0.0
Sniffles2.DEL.56FM3	0.0
Sniffles2.INS.5ACM5	0.0
Sniffles2.INS.2EEM14	0.0
Sniffles2.DEL.14M11	0.0
Sniffles2.INS.331M14	0.0
Sniffles2.INS.390M9	0.0
Sniffles2.INS.302MF	0.0
Sniffles2.INS.22CMA	0.0
Sniffles2.INS.66FM0	0.0
Sniffles2.INS.4BM3	0.0
Sniffles2.INS.3BBM12	0.0
Sniffles2.INS.22EM8	0.0
Sniffles2.DEL.118M12	0.0
Sniffles2.INS.3A3MA	0.0
Sniffles2.DEL.11DMA	0.0
Sniffles2.DEL.1DAME	0.0
Sniffles2.DEL.4BCM6	0.0
Sniffles2.DEL.411M13	0.0
Sniffles2.INS.1D1M16	0.0
Sniffles2.DEL.494M9	0.0
Sniffles2.DEL.39FM12	0.0
Sniffles2.DEL.C0MD	0.0
Sniffles2.DEL.553M9	0.0
Sniffles2.DEL.212M3	0.0
Sniffles2.DEL.2BAM13	0.0
Sniffles2.DEL.E8MB	0.0
Sniffles2.DEL.209M9	0.0
Sniffles2.DEL.17CM14	0.0
Sniffles2.INS.4CCMB	0.0
Sniffles2.DEL.18AM12	0.0
Sniffles2.DEL.EEM17	0.0
Sniffles2.DEL.98MC	0.0
Sniffles2.INS.2CCMA	0.0
Sniffles2.DEL.454M1	0.0
Sniffles2.DEL.524M8	0.0
Sniffles2.INS.F2M16	0.0
Sniffles2.DEL.35DM3	0.0
Sniffles2.DEL.362M1	0.0
Sniffles2.INS.114MF	0.0
Sniffles2.INS.1E1M16	0.0
Sniffles2.INS.135M12	0.0
Sniffles2.INS.4F3M0	0.0
Sniffles2.DEL.1E2M17	0.0
Sniffles2.DEL.16EM14	0.0
Sniffles2.DEL.2CBM5	0.0
Sniffles2.INS.43DM13	0.0
Sniffles2.DEL.2ACM3	0.0
Sniffles2.INS.175MC	0.0
Sniffles2.INS.549M1	0.0
Sniffles2.DEL.2EFM2	0.0
Sniffles2.DEL.244M2	0.0
Sniffles2.INS.354MC	0.0
Sniffles2.INS.481M2	0.0
Sniffles2.INS.194M5	0.0
Sniffles2.INS.27AM14	0.0
Sniffles2.INS.155M3	0.0
Sniffles2.DEL.6BAM0	0.0
Sniffles2.INS.67EM3	0.0
Sniffles2.DEL.121M6	0.0
Sniffles2.DEL.404M9	0.0
Sniffles2.DEL.F8MA	0.0
Sniffles2.DEL.1E5MD	0.0
Sniffles2.INS.445M10	0.0
Sniffles2.INS.3D0MF	0.0
Sniffles2.DEL.10DM9	0.0
Sniffles2.DEL.2B9MA	0.0
Sniffles2.INS.2FM2	0.0
Sniffles2.DEL.2B6M7	0.0
Sniffles2.DEL.511M8	0.0
Sniffles2.DEL.153M12	0.0
Sniffles2.DEL.403M16	0.0
Sniffles2.DEL.41DMC	0.0
Sniffles2.DEL.49M6	0.0
Sniffles2.DEL.22M4	0.0
Sniffles2.INS.360M8	0.0
Sniffles2.DEL.DM10	0.0
Sniffles2.DEL.79M14	0.0
Sniffles2.INS.183ME	0.0
Sniffles2.INS.393M16	0.0
Sniffles2.INV.49FM3	0.0
Sniffles2.DEL.519M1	0.0
Sniffles2.INS.2D3M3	0.0
Sniffles2.INS.2M0	0.0
Sniffles2.INS.4EFM0	0.0
Sniffles2.INS.38EM3	0.0
Sniffles2.DEL.464M3	0.0
Sniffles2.INS.262M13	0.0
Sniffles2.INS.4E1M3	0.0
Sniffles2.INS.103M13	0.0
Sniffles2.DEL.161MA	0.0
Sniffles2.INS.1CBM10	0.0
Sniffles2.INS.219M14	0.0
Sniffles2.DEL.76M1	0.0
Sniffles2.INV.195M9	0.0
Sniffles2.INS.200MB	0.0
Sniffles2.INS.3B8M9	0.0
Sniffles2.INS.2ADM4	0.0
Sniffles2.INS.467M7	0.0
Sniffles2.INS.307M14	0.0
Sniffles2.DEL.60CM5	0.0
Sniffles2.INS.129M12	0.0
Sniffles2.DEL.73M15	0.0
Sniffles2.INS.135MD	0.0
Sniffles2.DEL.14BM16	0.0
Sniffles2.DEL.27BM9	0.0
Sniffles2.DEL.20CM8	0.0
Sniffles2.DEL.1A3M10	0.0
Sniffles2.INS.407M9	0.0
Sniffles2.DEL.24CM16	0.0
Sniffles2.INS.5C5M6	0.0
Sniffles2.DEL.1B6ME	0.0
Sniffles2.DEL.40CM13	0.0
Sniffles2.DEL.2CBM9	0.0
Sniffles2.DEL.4AEM0	0.0
Sniffles2.INS.21DM3	0.0
Sniffles2.DEL.87M2	0.0
Sniffles2.DEL.11EM3	0.0
Sniffles2.INS.2F1M14	0.0
Sniffles2.DEL.34M14	0.0
Sniffles2.INS.1B2M14	0.0
Sniffles2.DEL.81AM0	0.0
Sniffles2.DEL.687M6	0.0
Sniffles2.DEL.30EM5	0.0
Sniffles2.INS.DBM16	0.0
Sniffles2.INS.14CMA	0.0
Sniffles2.DEL.488M4	0.0
Sniffles2.INS.60AM9	0.0
Sniffles2.DEL.1E3M4	0.0
Sniffles2.INS.127M2	0.0
Sniffles2.DEL.401M1	0.0
Sniffles2.INS.0M4	0.0
Sniffles2.INS.4A0M7	0.0
Sniffles2.DEL.200M13	0.0
Sniffles2.INS.214M14	0.0
Sniffles2.DEL.276M14	0.0
Sniffles2.INS.102M2	0.0
Sniffles2.DEL.5DEM6	0.0
Sniffles2.DEL.37AM5	0.0
Sniffles2.DEL.2D1M12	0.0
Sniffles2.INS.58CM5	0.0
Sniffles2.INS.270M8	0.0
Sniffles2.INS.100M16	0.0
Sniffles2.DEL.259MA	0.0
Sniffles2.INS.193M6	0.0
Sniffles2.DEL.8CM5	0.0
Sniffles2.INS.4F7M9	0.0
Sniffles2.INS.159M5	0.0
Sniffles2.INS.4C3M0	0.0
Sniffles2.DEL.4F4MB	0.0
Sniffles2.INS.264M13	0.0
Sniffles2.DEL.72M12	0.0
Sniffles2.INS.1F0M17	0.0
Sniffles2.INS.3D6M9	0.0
Sniffles2.INS.FCM4	0.0
Sniffles2.DEL.5EM16	0.0
Sniffles2.INS.0M10	0.0
Sniffles2.INS.FMB	0.0
Sniffles2.INS.4BM1	0.0
Sniffles2.DEL.741M0	0.0
Sniffles2.DEL.555M5	0.0
Sniffles2.INS.2EEM15	0.0
Sniffles2.DEL.82FM0	0.0
Sniffles2.DEL.3AAM16	0.0
Sniffles2.INS.EEM8	0.0
Sniffles2.INS.15DM14	0.0
Sniffles2.DEL.1D3M17	0.0
Sniffles2.INS.5FDM4	0.0
Sniffles2.INS.1BBMB	0.0
Sniffles2.INS.4B1MB	0.0
Sniffles2.INS.3C2M16	0.0
Sniffles2.DEL.4C3M2	0.0
Sniffles2.DEL.7AM14	0.0
Sniffles2.DEL.10MB	0.0
Sniffles2.INS.47FM3	0.0
Sniffles2.DEL.FDM10	0.0
Sniffles2.DEL.368MA	0.0
Sniffles2.INS.12CMB	0.0
Sniffles2.DEL.83M7	0.0
Sniffles2.INS.26BM15	0.0
Sniffles2.INS.BFMB	0.0
Sniffles2.INS.362M16	0.0
Sniffles2.DEL.2F3MB	0.0
Sniffles2.INS.1A7M13	0.0
Sniffles2.DEL.4C9M8	0.0
Sniffles2.INS.87M9	0.0
Sniffles2.INS.354M10	0.0
Sniffles2.INS.58M11	0.0
Sniffles2.INS.16FM16	0.0
Sniffles2.DEL.3CCMF	0.0
Sniffles2.DEL.1C3M9	0.0
Sniffles2.INS.10CMF	0.0
Sniffles2.INS.40M6	0.0
Sniffles2.INS.4C5M2	0.0
Sniffles2.DEL.A9M16	0.0
Sniffles2.DEL.263M4	0.0
Sniffles2.INS.276MD	0.0
Sniffles2.DEL.4E2M7	0.0
Sniffles2.DEL.21AM16	0.0
Sniffles2.DEL.28DM15	0.0
Sniffles2.INS.473M13	0.0
Sniffles2.INS.4F6M9	0.0
Sniffles2.INS.7AM0	0.0
Sniffles2.INS.AFM8	0.0
Sniffles2.INS.B6M4	0.0
Sniffles2.DEL.1DAMD	0.0
Sniffles2.DEL.298M9	0.0
Sniffles2.INS.5AM15	0.0
Sniffles2.DEL.138M1	0.0
Sniffles2.INS.280MC	0.0
Sniffles2.DEL.20EME	0.0
Sniffles2.INS.4AMB	0.0
Sniffles2.INS.1D2M8	0.0
Sniffles2.INS.3E6M6	0.0
Sniffles2.DEL.2EAM5	0.0
Sniffles2.INS.2CCM14	0.0
Sniffles2.DEL.69DM6	0.0
Sniffles2.DEL.5D9M5	0.0
Sniffles2.INS.12CM17	0.0
Sniffles2.INS.5F4M6	0.0
Sniffles2.INS.1F0MF	0.0
Sniffles2.DEL.2E2MF	0.0
Sniffles2.INS.113M16	0.0
Sniffles2.DEL.23M3	0.0
Sniffles2.INS.1E5M15	0.0
Sniffles2.DEL.281M6	0.0
Sniffles2.DEL.1FDM13	0.0
Sniffles2.INS.646M3	0.0
Sniffles2.DEL.1E9M15	0.0
Sniffles2.INS.7EEM0	0.0
Sniffles2.DEL.492M10	0.0
Sniffles2.DEL.18EM0	0.0
Sniffles2.INS.37BMB	0.0
Sniffles2.INS.2CCM4	0.0
Sniffles2.DEL.3BAM1	0.0
Sniffles2.DEL.F7MA	0.0
Sniffles2.INS.113M7	0.0
Sniffles2.INS.1EBM10	0.0
Sniffles2.DEL.20BM6	0.0
Sniffles2.DEL.25BM17	0.0
Sniffles2.INS.2B8M15	0.0
Sniffles2.DEL.267M17	0.0
Sniffles2.DEL.3BBM4	0.0
Sniffles2.INS.123M0	0.0
Sniffles2.INS.8BM10	0.0
Sniffles2.INS.1C5MB	0.0
Sniffles2.INS.B3M16	0.0
Sniffles2.DEL.1EBM17	0.0
Sniffles2.DEL.18AM15	0.0
Sniffles2.DEL.3FDM2	0.0
Sniffles2.INS.3BBM1	0.0
Sniffles2.INS.4ABM5	0.0
Sniffles2.DEL.292M15	0.0
Sniffles2.INS.50CM5	0.0
Sniffles2.DEL.1BEM2	0.0
Sniffles2.DEL.459MB	0.0
Sniffles2.INS.6AME	0.0
Sniffles2.DEL.296M9	0.0
Sniffles2.INS.594M9	0.0
Sniffles2.INS.1C2M0	0.0
Sniffles2.INS.457M6	0.0
Sniffles2.INS.5DM13	0.0
Sniffles2.DEL.7A2M1	0.0
Sniffles2.INS.31EMA	0.0
Sniffles2.DEL.48M4	0.0
Sniffles2.INS.213M13	0.0
Sniffles2.DEL.8M12	0.0
Sniffles2.DUP.2A9M4	0.0
Sniffles2.INS.69ME	0.0
Sniffles2.INS.56DM4	0.0
Sniffles2.DEL.1AAM9	0.0
Sniffles2.INS.1BCM4	0.0
Sniffles2.INS.24CM15	0.0
Sniffles2.INS.37EMF	0.0
Sniffles2.DEL.35CME	0.0
Sniffles2.DEL.75M12	0.0
Sniffles2.INS.19AM15	0.0
Sniffles2.INS.32DME	0.0
Sniffles2.INS.9EMD	0.0
Sniffles2.DEL.216M3	0.0
Sniffles2.INS.5A7M9	0.0
Sniffles2.DEL.42M0	0.0
Sniffles2.DEL.4D8M1	0.0
Sniffles2.INS.360M10	0.0
Sniffles2.DEL.45M14	0.0
Sniffles2.INS.844M0	0.0
Sniffles2.DEL.1A1ME	0.0
Sniffles2.DEL.10M11	0.0
Sniffles2.INS.32EMA	0.0
Sniffles2.INS.399M9	0.0
Sniffles2.INS.4CFM2	0.0
Sniffles2.INS.676M6	0.0
Sniffles2.DEL.E1M16	0.0
Sniffles2.INS.34CM5	0.0
Sniffles2.DEL.42M12	0.0
Sniffles2.DEL.1EBM12	0.0
Sniffles2.INS.4ADMA	0.0
Sniffles2.INS.166M16	0.0
Sniffles2.INS.3E8M6	0.0
Sniffles2.INS.F7M5	0.0
Sniffles2.DEL.31FMA	0.0
Sniffles2.DEL.70DM1	0.0
Sniffles2.INS.4AFMB	0.0
Sniffles2.INS.93M7	0.0
Sniffles2.DEL.70M2	0.0
Sniffles2.INS.81M0	0.0
Sniffles2.INS.51M13	0.0
Sniffles2.DEL.236M5	0.0
Sniffles2.DEL.6EM9	0.0
Sniffles2.DEL.3FM0	0.0
Sniffles2.INS.6BM16	0.0
Sniffles2.DEL.238M3	0.0
Sniffles2.DEL.37MC	0.0
Sniffles2.DEL.1EAM2	0.0
Sniffles2.INS.308M7	0.0
Sniffles2.DEL.30M9	0.0
Sniffles2.INS.261MF	0.0
Sniffles2.INS.2C1MC	0.0
Sniffles2.INS.22EM4	0.0
Sniffles2.INS.1FBMF	0.0
Sniffles2.INS.3A1M5	0.0
Sniffles2.INS.70M1	0.0
Sniffles2.DEL.294M16	0.0
Sniffles2.INS.294M6	0.0
Sniffles2.INS.13FM5	0.0
Sniffles2.INS.3F6M6	0.0
Sniffles2.INS.288M9	0.0
Sniffles2.INS.390MF	0.0
Sniffles2.INS.419M2	0.0
Sniffles2.DEL.21AMF	0.0
Sniffles2.DEL.17M16	0.0
Sniffles2.DEL.95M16	0.0
Sniffles2.INS.29BM15	0.0
Sniffles2.DEL.191M16	0.0
Sniffles2.DEL.548M0	0.0
Sniffles2.INS.31BM2	0.0
Sniffles2.INS.8FM3	0.0
Sniffles2.DEL.1C5M17	0.0
Sniffles2.INS.3CEM13	0.0
Sniffles2.DEL.3A2M1	0.0
Sniffles2.INS.12BM11	0.0
Sniffles2.DEL.2EFM5	0.0
Sniffles2.INS.25M12	0.0
Sniffles2.INS.D8M15	0.0
Sniffles2.INS.317M8	0.0
Sniffles2.INS.77AM0	0.0
Sniffles2.DEL.309M2	0.0
Sniffles2.INS.31BM16	0.0
Sniffles2.INS.48EM8	0.0
Sniffles2.INS.43M17	0.0
Sniffles2.DEL.1A3M11	0.0
Sniffles2.INS.2FAM6	0.0
Sniffles2.INS.F9M0	0.0
Sniffles2.DEL.357M5	0.0
Sniffles2.DEL.285MB	0.0
Sniffles2.INS.BM7	0.0
Sniffles2.INS.3B0MA	0.0
Sniffles2.DEL.339M12	0.0
Sniffles2.DEL.162M2	0.0
Sniffles2.DEL.68CM0	0.0
Sniffles2.DEL.383M3	0.0
Sniffles2.DEL.2D6MC	0.0
Sniffles2.INS.136MD	0.0
Sniffles2.INS.140M4	0.0
Sniffles2.INS.9FMF	0.0
Sniffles2.DEL.6EEM0	0.0
Sniffles2.DEL.1DMA	0.0
Sniffles2.INS.296MF	0.0
Sniffles2.DEL.3E7MC	0.0
Sniffles2.DEL.1E3MF	0.0
Sniffles2.INS.21EM7	0.0
Sniffles2.INS.32AMF	0.0
Sniffles2.INS.11FM15	0.0
Sniffles2.INS.16DM3	0.0
Sniffles2.INS.15FM2	0.0
Sniffles2.DEL.23AM10	0.0
Sniffles2.INS.365M5	0.0
Sniffles2.INS.306M11	0.0
Sniffles2.DEL.374MC	0.0
Sniffles2.INS.3B4M9	0.0
Sniffles2.INS.35EM5	0.0
Sniffles2.DEL.37FM1	0.0
Sniffles2.INS.11DM11	0.0
Sniffles2.INS.127M13	0.0
Sniffles2.INS.204M15	0.0
Sniffles2.INS.16CM8	0.0
Sniffles2.DEL.11BM2	0.0
Sniffles2.INS.28AM3	0.0
Sniffles2.INS.2ABM4	0.0
Sniffles2.DEL.1E7M17	0.0
Sniffles2.INS.DDM15	0.0
Sniffles2.INS.2C7M16	0.0
Sniffles2.DEL.CEM2	0.0
Sniffles2.INS.90MA	0.0
Sniffles2.INS.140M7	0.0
Sniffles2.INS.7A0M1	0.0
Sniffles2.INS.48DM9	0.0
Sniffles2.INS.C5M4	0.0
Sniffles2.INS.21CM3	0.0
Sniffles2.DEL.709M1	0.0
Sniffles2.INS.30M2	0.0
Sniffles2.DEL.85M4	0.0
Sniffles2.DEL.17AM17	0.0
Sniffles2.INS.269M7	0.0
Sniffles2.INS.51FM8	0.0
Sniffles2.DEL.297M4	0.0
Sniffles2.INS.18CM12	0.0
Sniffles2.INS.239M17	0.0
Sniffles2.DEL.11M17	0.0
Sniffles2.INS.240M8	0.0
Sniffles2.DEL.238MA	0.0
Sniffles2.DEL.2D1M4	0.0
Sniffles2.INS.648M6	0.0
Sniffles2.INS.5DM14	0.0
Sniffles2.INS.664M4	0.0
Sniffles2.DEL.5B0M5	0.0
Sniffles2.INS.2E1M11	0.0
Sniffles2.INS.413M8	0.0
Sniffles2.DEL.2E4M4	0.0
Sniffles2.DEL.4CMD	0.0
Sniffles2.INS.1A6M17	0.0
Sniffles2.DEL.34BMB	0.0
Sniffles2.INS.D9M16	0.0
Sniffles2.INS.2D8M6	0.0
Sniffles2.INS.38AM5	0.0
Sniffles2.DEL.D4M16	0.0
Sniffles2.DEL.246M6	0.0
Sniffles2.DEL.1FBM2	0.0
Sniffles2.DEL.70ME	0.0
Sniffles2.INS.52M13	0.0
Sniffles2.DEL.2C7M10	0.0
Sniffles2.INS.3B9MB	0.0
Sniffles2.INS.599M5	0.0
Sniffles2.INS.2BFMB	0.0
Sniffles2.INS.86MA	0.0
Sniffles2.INS.10FM0	0.0
Sniffles2.DEL.5E6M3	0.0
Sniffles2.DEL.69M17	0.0
Sniffles2.DEL.39DM10	0.0
Sniffles2.DEL.4F8M3	0.0
Sniffles2.INS.260M13	0.0
Sniffles2.INS.1F1ME	0.0
Sniffles2.DEL.402MA	0.0
Sniffles2.DEL.6AM17	0.0
Sniffles2.INS.B0M16	0.0
Sniffles2.DEL.283M17	0.0
Sniffles2.INS.2B4M10	0.0
Sniffles2.INS.563M6	0.0
Sniffles2.INS.3F5M10	0.0
Sniffles2.INS.44M15	0.0
Sniffles2.DEL.2BFM13	0.0
Sniffles2.DEL.101M15	0.0
Sniffles2.DEL.1F0M9	0.0
Sniffles2.INS.270ME	0.0
Sniffles2.DEL.29DMD	0.0
Sniffles2.DEL.2C0M16	0.0
Sniffles2.INS.346M7	0.0
Sniffles2.INS.4A2M4	0.0
Sniffles2.DEL.370M6	0.0
Sniffles2.INS.11FM11	0.0
Sniffles2.INS.B1M3	0.0
Sniffles2.INS.62FM4	0.0
Sniffles2.DEL.36BMB	0.0
Sniffles2.INS.82M4	0.0
Sniffles2.DEL.61BM9	0.0
Sniffles2.INS.857M0	0.0
Sniffles2.INS.3E9MB	0.0
Sniffles2.DEL.4FEM0	0.0
Sniffles2.INS.33EM11	0.0
Sniffles2.DEL.28EME	0.0
Sniffles2.INS.660M6	0.0
Sniffles2.INS.9FM16	0.0
Sniffles2.INS.22CM13	0.0
Sniffles2.DEL.4DM0	0.0
Sniffles2.DEL.179M14	0.0
Sniffles2.DEL.88MD	0.0
Sniffles2.INS.63MD	0.0
Sniffles2.DEL.15BM1	0.0
Sniffles2.INS.4DAM7	0.0
Sniffles2.INS.720M0	0.0
Sniffles2.INS.F2M13	0.0
Sniffles2.DEL.32MF	0.0
Sniffles2.INS.153M17	0.0
Sniffles2.INS.92ME	0.0
Sniffles2.INS.38M5	0.0
Sniffles2.INS.4DEMA	0.0
Sniffles2.INS.3F5MF	0.0
Sniffles2.INS.48AMA	0.0
Sniffles2.DEL.150MB	0.0
Sniffles2.INS.192MB	0.0
Sniffles2.DEL.1BFM1	0.0
Sniffles2.INS.23CMC	0.0
Sniffles2.INS.105MC	0.0
Sniffles2.INS.48CM0	0.0
Sniffles2.DEL.3D3MC	0.0
Sniffles2.DEL.1E7M0	0.0
Sniffles2.DEL.4AFM3	0.0
Sniffles2.DEL.114M14	0.0
Sniffles2.DEL.21EME	0.0
Sniffles2.INS.522M4	0.0
Sniffles2.INS.533M5	0.0
Sniffles2.DEL.92M5	0.0
Sniffles2.INS.9BM1	0.0
Sniffles2.INS.68M13	0.0
Sniffles2.INS.59M14	0.0
Sniffles2.DEL.4BM15	0.0
Sniffles2.INS.1MA	0.0
Sniffles2.INS.2F0M14	0.0
Sniffles2.DEL.2MC	0.0
Sniffles2.DEL.34MC	0.0
Sniffles2.DEL.239M5	0.0
Sniffles2.INS.124M13	0.0
Sniffles2.INS.5MC	0.0
Sniffles2.INS.128M3	0.0
Sniffles2.DEL.1FEM10	0.0
Sniffles2.INS.6FM12	0.0
Sniffles2.INS.11M3	0.0
Sniffles2.INS.33EM13	0.0
Sniffles2.DEL.684M0	0.0
Sniffles2.INS.3FM3	0.0
Sniffles2.INS.3E3M0	0.0
Sniffles2.INS.181M8	0.0
Sniffles2.INS.23AM8	0.0
Sniffles2.INS.115MF	0.0
Sniffles2.DEL.20M10	0.0
Sniffles2.INS.3A7M13	0.0
Sniffles2.DEL.210M2	0.0
Sniffles2.DEL.301M13	0.0
Sniffles2.DEL.15EM13	0.0
Sniffles2.INS.2E1M7	0.0
Sniffles2.INS.807M0	0.0
Sniffles2.INS.3EMF	0.0
Sniffles2.INS.2D7ME	0.0
Sniffles2.DEL.B4M3	0.0
Sniffles2.DEL.2B6M4	0.0
Sniffles2.DEL.25MB	0.0
Sniffles2.INS.22DMA	0.0
Sniffles2.INS.2BEME	0.0
Sniffles2.INS.200MF	0.0
Sniffles2.INS.225M15	0.0
Sniffles2.INS.435M2	0.0
Sniffles2.DEL.2ACMD	0.0
Sniffles2.DEL.268MF	0.0
Sniffles2.DEL.2BBM8	0.0
Sniffles2.INS.1C9M8	0.0
Sniffles2.INS.372M13	0.0
Sniffles2.DEL.350MC	0.0
Sniffles2.DEL.1ADM8	0.0
Sniffles2.DEL.589M5	0.0
Sniffles2.INS.105M16	0.0
Sniffles2.DEL.20DM4	0.0
Sniffles2.INS.3D3M13	0.0
Sniffles2.INS.CFM13	0.0
Sniffles2.INS.263M3	0.0
Sniffles2.DEL.33CM13	0.0
Sniffles2.DEL.287M3	0.0
Sniffles2.INS.53CM1	0.0
Sniffles2.DEL.563M5	0.0
Sniffles2.INS.33AM2	0.0
Sniffles2.DEL.270MF	0.0
Sniffles2.INS.5F4M5	0.0
Sniffles2.DEL.269M9	0.0
Sniffles2.DEL.4F0M6	0.0
Sniffles2.INS.1F9ME	0.0
Sniffles2.INS.1B5M9	0.0
Sniffles2.DEL.64CM3	0.0
Sniffles2.INS.3M8	0.0
Sniffles2.INS.156M0	0.0
Sniffles2.INS.61MB	0.0
Sniffles2.DEL.181M16	0.0
Sniffles2.INS.1E8M13	0.0
Sniffles2.INS.324M11	0.0
Sniffles2.INS.43BM16	0.0
Sniffles2.INS.2ABM16	0.0
Sniffles2.DEL.15DM15	0.0
Sniffles2.INS.427M0	0.0
Sniffles2.DEL.90ME	0.0
Sniffles2.INS.2F3M5	0.0
Sniffles2.DEL.35FME	0.0
Sniffles2.INS.10EM17	0.0
Sniffles2.INS.1E7M13	0.0
Sniffles2.INS.50AM2	0.0
Sniffles2.INS.467M4	0.0
Sniffles2.DEL.291M9	0.0
Sniffles2.DEL.1E2M10	0.0
Sniffles2.DEL.4CFM0	0.0
Sniffles2.DEL.692M3	0.0
Sniffles2.DEL.1ABM16	0.0
Sniffles2.INS.45CM7	0.0
Sniffles2.INS.60BM0	0.0
Sniffles2.INS.93M2	0.0
Sniffles2.INS.134MC	0.0
Sniffles2.INS.21CM9	0.0
Sniffles2.INS.294M7	0.0
Sniffles2.INS.9EM10	0.0
Sniffles2.INS.5FAM3	0.0
Sniffles2.INS.46DM13	0.0
Sniffles2.INS.25EME	0.0
Sniffles2.INS.FCM3	0.0
Sniffles2.INS.48MA	0.0
Sniffles2.DEL.216M17	0.0
Sniffles2.DEL.9M16	0.0
Sniffles2.DEL.19EM5	0.0
Sniffles2.INS.DFM4	0.0
Sniffles2.DEL.483M3	0.0
Sniffles2.INS.EAM9	0.0
Sniffles2.INS.3A0MC	0.0
Sniffles2.DEL.3B5M7	0.0
Sniffles2.DEL.6BM17	0.0
Sniffles2.DEL.5DM6	0.0
Sniffles2.DEL.1C7M17	0.0
Sniffles2.INS.44M16	0.0
Sniffles2.DEL.60BM5	0.0
Sniffles2.INS.41CM4	0.0
Sniffles2.DEL.2ABM13	0.0
Sniffles2.INS.17CM0	0.0
Sniffles2.DEL.11DM12	0.0
Sniffles2.DEL.36AM16	0.0
Sniffles2.INS.6EM16	0.0
Sniffles2.INS.187MD	0.0
Sniffles2.DEL.2F9M13	0.0
Sniffles2.INS.2B9M8	0.0
Sniffles2.INS.1F3M8	0.0
Sniffles2.DEL.342M12	0.0
Sniffles2.INS.252MB	0.0
Sniffles2.INS.4EDM6	0.0
Sniffles2.INS.12CM6	0.0
Sniffles2.INS.47EM0	0.0
Sniffles2.DEL.381M0	0.0
Sniffles2.DEL.1F9M17	0.0
Sniffles2.DEL.26BMD	0.0
Sniffles2.DEL.1A4M7	0.0
Sniffles2.DEL.1ABME	0.0
Sniffles2.DEL.27BM6	0.0
Sniffles2.INS.456MA	0.0
Sniffles2.INS.120M16	0.0
Sniffles2.DEL.CAM17	0.0
Sniffles2.INS.17BM1	0.0
Sniffles2.DEL.242M7	0.0
Sniffles2.DEL.106M14	0.0
Sniffles2.INS.14M9	0.0
Sniffles2.INS.B9M14	0.0
Sniffles2.INS.191ME	0.0
Sniffles2.INS.46BMA	0.0
Sniffles2.INS.369M11	0.0
Sniffles2.DEL.72M15	0.0
Sniffles2.DEL.31BMA	0.0
Sniffles2.INS.1BFM10	0.0
Sniffles2.DEL.1DM16	0.0
Sniffles2.INS.231M0	0.0
Sniffles2.DEL.122M8	0.0
Sniffles2.INS.4FM11	0.0
Sniffles2.DEL.C6M14	0.0
Sniffles2.INS.139M8	0.0
Sniffles2.INS.C0M7	0.0
Sniffles2.DEL.5FBM5	0.0
Sniffles2.DEL.286M17	0.0
Sniffles2.INS.8M11	0.0
Sniffles2.INS.39AM13	0.0
Sniffles2.DEL.7AMA	0.0
Sniffles2.DEL.215M3	0.0
Sniffles2.INS.695M3	0.0
Sniffles2.DEL.373MA	0.0
Sniffles2.DEL.14FM11	0.0
Sniffles2.DEL.5A7M5	0.0
Sniffles2.DEL.1DDM17	0.0
Sniffles2.DEL.60MF	0.0
Sniffles2.DEL.5FDM3	0.0
Sniffles2.DEL.8DM17	0.0
Sniffles2.INS.175M17	0.0
Sniffles2.INS.BFM7	0.0
Sniffles2.INS.113MF	0.0
Sniffles2.DEL.59M3	0.0
Sniffles2.INS.585M4	0.0
Sniffles2.INS.121M16	0.0
Sniffles2.INS.127M15	0.0
Sniffles2.DEL.32EM5	0.0
Sniffles2.DEL.36M14	0.0
Sniffles2.INS.4E7M6	0.0
Sniffles2.INS.33DM13	0.0
Sniffles2.DEL.332MF	0.0
Sniffles2.DEL.1BEM9	0.0
Sniffles2.DEL.335M16	0.0
Sniffles2.DEL.B0M9	0.0
Sniffles2.INS.465MA	0.0
Sniffles2.INS.2A1M2	0.0
Sniffles2.DEL.256MF	0.0
Sniffles2.DEL.3B5M11	0.0
Sniffles2.DEL.46M15	0.0
Sniffles2.DEL.1C9M9	0.0
Sniffles2.INS.67ME	0.0
Sniffles2.INS.59FM6	0.0
Sniffles2.DEL.11EMC	0.0
Sniffles2.DEL.297M6	0.0
Sniffles2.INS.670M6	0.0
Sniffles2.INS.472M9	0.0
Sniffles2.DEL.33CM12	0.0
Sniffles2.DEL.B8MD	0.0
Sniffles2.INS.243MF	0.0
Sniffles2.DEL.51DM8	0.0
Sniffles2.INS.4B2M8	0.0
Sniffles2.INS.115M2	0.0
Sniffles2.INS.63MF	0.0
Sniffles2.DEL.60AM3	0.0
Sniffles2.INS.384M13	0.0
Sniffles2.INS.14BM12	0.0
Sniffles2.INS.3EEMF	0.0
Sniffles2.INS.125M11	0.0
Sniffles2.INS.527M9	0.0
Sniffles2.INS.69MF	0.0
Sniffles2.DEL.8FM16	0.0
Sniffles2.INS.DCM17	0.0
Sniffles2.DEL.1CM16	0.0
Sniffles2.DEL.769M1	0.0
Sniffles2.DEL.398M12	0.0
Sniffles2.INS.5BBM1	0.0
Sniffles2.INS.40EM8	0.0
Sniffles2.INS.342M1	0.0
Sniffles2.INS.532M2	0.0
Sniffles2.DEL.323M1	0.0
Sniffles2.DEL.4B7M0	0.0
Sniffles2.DEL.19M4	0.0
Sniffles2.INS.2CAM12	0.0
Sniffles2.DEL.4C2M4	0.0
Sniffles2.INS.4FM2	0.0
Sniffles2.DEL.28DM13	0.0
Sniffles2.INS.13M9	0.0
Sniffles2.DEL.23DM10	0.0
Sniffles2.DEL.7DBM1	0.0
Sniffles2.INS.6BM12	0.0
Sniffles2.DEL.2B0M4	0.0
Sniffles2.DEL.D9M7	0.0
Sniffles2.DEL.4C6M8	0.0
Sniffles2.DEL.1ABM7	0.0
Sniffles2.DEL.E7M16	0.0
Sniffles2.INS.56EM9	0.0
Sniffles2.INS.3C7MF	0.0
Sniffles2.INS.467M0	0.0
Sniffles2.DEL.2D5M10	0.0
Sniffles2.DEL.469MB	0.0
Sniffles2.INS.6BM8	0.0
Sniffles2.INS.342M16	0.0
Sniffles2.INS.6EDM6	0.0
Sniffles2.DEL.42M13	0.0
Sniffles2.DEL.1E9M13	0.0
Sniffles2.DEL.4B5M0	0.0
Sniffles2.INS.C3M0	0.0
Sniffles2.DEL.178M13	0.0
Sniffles2.INS.41M16	0.0
Sniffles2.INS.53AM0	0.0
Sniffles2.INS.32FM3	0.0
Sniffles2.DEL.66EM4	0.0
Sniffles2.INS.27AM13	0.0
Sniffles2.DEL.7B8M0	0.0
Sniffles2.DEL.570M6	0.0
Sniffles2.INS.1A1MC	0.0
Sniffles2.DEL.B8M16	0.0
Sniffles2.INS.50EM5	0.0
Sniffles2.INS.6DBM1	0.0
Sniffles2.DEL.237M9	0.0
Sniffles2.DEL.248M16	0.0
Sniffles2.DEL.604M9	0.0
Sniffles2.DEL.26DM14	0.0
Sniffles2.DEL.23BM9	0.0
Sniffles2.DEL.2DFM9	0.0
Sniffles2.INS.2BAM6	0.0
Sniffles2.DEL.139M3	0.0
Sniffles2.INS.286MF	0.0
Sniffles2.INS.325M5	0.0
Sniffles2.INS.63AM4	0.0
Sniffles2.INS.68M3	0.0
Sniffles2.DEL.430MA	0.0
Sniffles2.INS.B0M5	0.0
Sniffles2.DEL.76M7	0.0
Sniffles2.DEL.224M15	0.0
Sniffles2.INS.3C8MB	0.0
Sniffles2.DEL.59DM5	0.0
Sniffles2.DEL.792M1	0.0
Sniffles2.INS.6FDM1	0.0
Sniffles2.DEL.24BM10	0.0
Sniffles2.DEL.4D1M0	0.0
Sniffles2.DEL.429MC	0.0
Sniffles2.INS.4DBM0	0.0
Sniffles2.DEL.89M7	0.0
Sniffles2.DEL.24BM3	0.0
Sniffles2.INS.1A0MA	0.0
Sniffles2.INS.668M3	0.0
Sniffles2.DEL.92MC	0.0
Sniffles2.INV.1BDM4	0.0
Sniffles2.INS.42DM16	0.0
Sniffles2.DEL.475M10	0.0
Sniffles2.INS.424M7	0.0
Sniffles2.INS.463M10	0.0
Sniffles2.DEL.A0M6	0.0
Sniffles2.DEL.B8MF	0.0
Sniffles2.INS.35MF	0.0
Sniffles2.DEL.19ME	0.0
Sniffles2.DEL.36DM9	0.0
Sniffles2.INS.21FM0	0.0
Sniffles2.DEL.620M4	0.0
Sniffles2.DEL.281M16	0.0
Sniffles2.INS.4BFM3	0.0
Sniffles2.INS.325M1	0.0
Sniffles2.DEL.2C2MC	0.0
Sniffles2.INS.447M13	0.0
Sniffles2.DEL.102M7	0.0
Sniffles2.INS.15M16	0.0
Sniffles2.INS.5ECM3	0.0
Sniffles2.DEL.270MD	0.0
Sniffles2.INV.15DM10	0.0
Sniffles2.DEL.1A1MA	0.0
Sniffles2.DEL.4A1M16	0.0
Sniffles2.DEL.C5M17	0.0
Sniffles2.DEL.2C6M4	0.0
Sniffles2.INS.2CDM4	0.0
Sniffles2.INS.AFM5	0.0
Sniffles2.INS.162MA	0.0
Sniffles2.INS.4ME	0.0
Sniffles2.DEL.5BMC	0.0
Sniffles2.INS.3D2M1	0.0
Sniffles2.DEL.74M14	0.0
Sniffles2.INS.3FEM6	0.0
Sniffles2.INS.3B5MF	0.0
Sniffles2.DEL.106M10	0.0
Sniffles2.INS.BAM1	0.0
Sniffles2.INS.20DM3	0.0
Sniffles2.INS.5FAM0	0.0
Sniffles2.DEL.D2M4	0.0
Sniffles2.DEL.179M6	0.0
Sniffles2.INS.49M0	0.0
Sniffles2.DEL.9MC	0.0
Sniffles2.INS.34AME	0.0
Sniffles2.DEL.4E5MB	0.0
Sniffles2.DEL.26BM17	0.0
Sniffles2.DEL.D4M10	0.0
Sniffles2.INS.735M0	0.0
Sniffles2.DEL.1EDM2	0.0
Sniffles2.INS.201M3	0.0
Sniffles2.DEL.2CEM12	0.0
Sniffles2.DEL.5F6M3	0.0
Sniffles2.DEL.B0MA	0.0
Sniffles2.DEL.244M11	0.0
Sniffles2.DEL.8EMF	0.0
Sniffles2.DEL.2F8M13	0.0
Sniffles2.DEL.164M5	0.0
Sniffles2.INS.6CCM0	0.0
Sniffles2.INS.308M4	0.0
Sniffles2.INS.323MC	0.0
Sniffles2.INS.512M9	0.0
Sniffles2.DEL.435MB	0.0
Sniffles2.DEL.171M14	0.0
Sniffles2.DEL.3A2M11	0.0
Sniffles2.INS.1C8M14	0.0
Sniffles2.DEL.FFM4	0.0
Sniffles2.DEL.330MF	0.0
Sniffles2.INS.3B5MB	0.0
Sniffles2.INS.35EM13	0.0
Sniffles2.DEL.26M9	0.0
Sniffles2.INS.18BM0	0.0
Sniffles2.INS.171M16	0.0
Sniffles2.DEL.1DDMA	0.0
Sniffles2.INS.292MB	0.0
Sniffles2.DEL.5DMF	0.0
Sniffles2.DEL.4BCMA	0.0
Sniffles2.INS.3E5M3	0.0
Sniffles2.DEL.374M5	0.0
Sniffles2.INS.91M2	0.0
Sniffles2.INS.2B0M6	0.0
Sniffles2.DEL.1BMC	0.0
Sniffles2.INS.395MF	0.0
Sniffles2.DEL.2EAM4	0.0
Sniffles2.INS.7EM3	0.0
Sniffles2.DEL.10BMA	0.0
Sniffles2.DEL.455M16	0.0
Sniffles2.DEL.119MF	0.0
Sniffles2.DEL.E6M4	0.0
Sniffles2.DEL.D4M4	0.0
Sniffles2.DEL.42FMB	0.0
Sniffles2.INS.83MB	0.0
Sniffles2.INS.3BDM13	0.0
Sniffles2.INS.410M0	0.0
Sniffles2.INS.3D8M1	0.0
Sniffles2.DEL.1E6M17	0.0
Sniffles2.DEL.16BM2	0.0
Sniffles2.INS.98ME	0.0
Sniffles2.INS.1E0M15	0.0
Sniffles2.INS.3E7M0	0.0
Sniffles2.DEL.328M14	0.0
Sniffles2.INS.17BMF	0.0
Sniffles2.INS.109MF	0.0
Sniffles2.DEL.1A9M8	0.0
Sniffles2.INS.1B0M16	0.0
Sniffles2.DEL.25AM4	0.0
Sniffles2.INS.9BM5	0.0
Sniffles2.INS.46FM10	0.0
Sniffles2.INS.334M14	0.0
Sniffles2.INS.214MD	0.0
Sniffles2.INS.489MB	0.0
Sniffles2.DEL.433MB	0.0
Sniffles2.DEL.18AM10	0.0
Sniffles2.DEL.2F5M7	0.0
Sniffles2.DEL.1FAM17	0.0
Sniffles2.DEL.FFM3	0.0
Sniffles2.INS.527M3	0.0
Sniffles2.INS.382M13	0.0
Sniffles2.INS.125M1	0.0
Sniffles2.DEL.4M3	0.0
Sniffles2.INS.3C4M13	0.0
Sniffles2.INS.561M1	0.0
Sniffles2.INS.16BM1	0.0
Sniffles2.DEL.127M1	0.0
Sniffles2.DEL.3EFM7	0.0
Sniffles2.DEL.4CM2	0.0
Sniffles2.INS.40DM8	0.0
Sniffles2.DEL.7FEM0	0.0
Sniffles2.INS.206MF	0.0
Sniffles2.DEL.502M0	0.0
Sniffles2.DEL.459M0	0.0
Sniffles2.INS.85EM0	0.0
Sniffles2.INS.139M7	0.0
Sniffles2.DEL.325MB	0.0
Sniffles2.INS.3EFMB	0.0
Sniffles2.INS.2D8ME	0.0
Sniffles2.INS.39CM10	0.0
Sniffles2.DUP.316MC	0.0
Sniffles2.INS.274M6	0.0
Sniffles2.DEL.B7M16	0.0
Sniffles2.INS.2F7M13	0.0
Sniffles2.INS.28CM16	0.0
Sniffles2.INS.59CM1	0.0
Sniffles2.DEL.295MB	0.0
Sniffles2.INS.4BEMA	0.0
Sniffles2.DEL.2C6M10	0.0
Sniffles2.DEL.B7M9	0.0
Sniffles2.INS.49M3	0.0
Sniffles2.DEL.1AFM8	0.0
Sniffles2.INS.CFM10	0.0
Sniffles2.DEL.18EMD	0.0
Sniffles2.INS.61FM0	0.0
Sniffles2.DEL.557M2	0.0
Sniffles2.INS.34DME	0.0
Sniffles2.DEL.51M16	0.0
Sniffles2.DUP.3E8M1	0.0
Sniffles2.DEL.1E2M16	0.0
Sniffles2.DEL.22DM7	0.0
Sniffles2.INS.173MC	0.0
Sniffles2.DEL.3FFM10	0.0
Sniffles2.INS.47CM10	0.0
Sniffles2.DEL.4A6M7	0.0
Sniffles2.INS.ECM14	0.0
Sniffles2.INS.114M17	0.0
Sniffles2.INS.8DM2	0.0
Sniffles2.DEL.2E6M1	0.0
Sniffles2.INS.2F7M15	0.0
Sniffles2.INS.8M0	0.0
Sniffles2.INS.7FM1	0.0
Sniffles2.DEL.F5M14	0.0
Sniffles2.DEL.312M7	0.0
Sniffles2.INS.4B8M8	0.0
Sniffles2.INS.248MD	0.0
Sniffles2.INS.80M0	0.0
Sniffles2.DEL.46DM1	0.0
Sniffles2.DEL.13M11	0.0
Sniffles2.INS.3C8M12	0.0
Sniffles2.INS.241M0	0.0
Sniffles2.INS.199MC	0.0
Sniffles2.INS.155M5	0.0
Sniffles2.DEL.2AM9	0.0
Sniffles2.DEL.443M10	0.0
Sniffles2.DEL.78M15	0.0
Sniffles2.DEL.71BM1	0.0
Sniffles2.INS.A2M10	0.0
Sniffles2.DEL.3A5MF	0.0
Sniffles2.DEL.2C1MF	0.0
Sniffles2.DEL.171M3	0.0
Sniffles2.INS.14FM5	0.0
Sniffles2.DEL.2B7M4	0.0
Sniffles2.INS.308M14	0.0
Sniffles2.INS.84M10	0.0
Sniffles2.INS.140M15	0.0
Sniffles2.DEL.2BBM14	0.0
Sniffles2.DEL.CAM11	0.0
Sniffles2.DEL.140MA	0.0
Sniffles2.INS.34FM4	0.0
Sniffles2.DEL.13AM12	0.0
Sniffles2.INS.139M0	0.0
Sniffles2.INS.207M15	0.0
Sniffles2.INS.155MA	0.0
Sniffles2.DEL.2B4M14	0.0
Sniffles2.INS.3CAM2	0.0
Sniffles2.DEL.E7M7	0.0
Sniffles2.INS.800M1	0.0
Sniffles2.INS.147M15	0.0
Sniffles2.INS.215M9	0.0
Sniffles2.INS.305M1	0.0
Sniffles2.DEL.85M7	0.0
Sniffles2.DEL.10BM12	0.0
Sniffles2.INS.3C0M9	0.0
Sniffles2.DEL.47M17	0.0
Sniffles2.INS.47AM7	0.0
Sniffles2.INS.232M9	0.0
Sniffles2.INS.517M9	0.0
Sniffles2.DEL.54BM2	0.0
Sniffles2.DEL.D4MB	0.0
Sniffles2.DEL.54MC	0.0
Sniffles2.DEL.28DM4	0.0
Sniffles2.INS.57EM9	0.0
Sniffles2.INS.25EM13	0.0
Sniffles2.INS.4D9MB	0.0
Sniffles2.INS.441MB	0.0
Sniffles2.INS.47EM16	0.0
Sniffles2.DEL.197M0	0.0
Sniffles2.DEL.14AME	0.0
Sniffles2.DEL.18CM6	0.0
Sniffles2.INS.4CAM1	0.0
Sniffles2.INS.184M10	0.0
Sniffles2.INS.64FM1	0.0
Sniffles2.DEL.1F4MF	0.0
Sniffles2.DEL.225M8	0.0
Sniffles2.INS.4ECM8	0.0
Sniffles2.DEL.55CM5	0.0
Sniffles2.INS.2DDM9	0.0
Sniffles2.DEL.1B4M13	0.0
Sniffles2.DEL.C1ME	0.0
Sniffles2.DEL.3EEM8	0.0
Sniffles2.INS.26AM6	0.0
Sniffles2.INS.104M0	0.0
Sniffles2.INS.22AM0	0.0
Sniffles2.INS.335ME	0.0
Sniffles2.INS.12CM7	0.0
Sniffles2.INS.386M1	0.0
Sniffles2.INS.F9M16	0.0
Sniffles2.INS.422M0	0.0
Sniffles2.INS.159M7	0.0
Sniffles2.INS.239M13	0.0
Sniffles2.INS.101M0	0.0
Sniffles2.INS.10M5	0.0
Sniffles2.INS.7DM0	0.0
Sniffles2.DEL.309M15	0.0
Sniffles2.INS.6D5M6	0.0
Sniffles2.INS.74ME	0.0
Sniffles2.DEL.21CM13	0.0
Sniffles2.DEL.276M9	0.0
Sniffles2.INS.31FM11	0.0
Sniffles2.INS.307MF	0.0
Sniffles2.DEL.2CCM11	0.0
Sniffles2.INS.130M11	0.0
Sniffles2.DEL.38M14	0.0
Sniffles2.INS.320M8	0.0
Sniffles2.INS.207MF	0.0
Sniffles2.INS.300M14	0.0
Sniffles2.DEL.268M17	0.0
Sniffles2.INS.E5M13	0.0
Sniffles2.INS.396M0	0.0
Sniffles2.INS.118M14	0.0
Sniffles2.DEL.3DBM8	0.0
Sniffles2.INS.2B2M6	0.0
Sniffles2.INS.48EM5	0.0
Sniffles2.DEL.99M2	0.0
Sniffles2.INS.36MD	0.0
Sniffles2.INS.32AMC	0.0
Sniffles2.INS.32AM10	0.0
Sniffles2.DEL.8DM15	0.0
Sniffles2.INS.6M15	0.0
Sniffles2.INS.3BM10	0.0
Sniffles2.DEL.FEM5	0.0
Sniffles2.DEL.3A8M10	0.0
Sniffles2.DEL.709M0	0.0
Sniffles2.DEL.7F3M1	0.0
Sniffles2.INS.46MF	0.0
Sniffles2.INS.361M16	0.0
Sniffles2.INS.128M11	0.0
Sniffles2.DEL.185MB	0.0
Sniffles2.INS.200M11	0.0
Sniffles2.DEL.485M4	0.0
Sniffles2.DEL.1F0M0	0.0
Sniffles2.DEL.217M17	0.0
Sniffles2.INS.53CM6	0.0
Sniffles2.INS.17BM5	0.0
Sniffles2.DEL.4D2M0	0.0
Sniffles2.INS.564M9	0.0
Sniffles2.DEL.242M6	0.0
Sniffles2.INS.1A0MB	0.0
Sniffles2.DEL.1A8M10	0.0
Sniffles2.DEL.3EEM7	0.0
Sniffles2.INS.223M1	0.0
Sniffles2.INS.56ME	0.0
Sniffles2.INS.74FM0	0.0
Sniffles2.INS.437M5	0.0
Sniffles2.DEL.277M12	0.0
Sniffles2.INS.36DM1	0.0
Sniffles2.INS.242MF	0.0
Sniffles2.INS.660M3	0.0
Sniffles2.DEL.4EM3	0.0
Sniffles2.INS.41BM10	0.0
Sniffles2.DEL.6CDM6	0.0
Sniffles2.DEL.16BM14	0.0
Sniffles2.DEL.60M14	0.0
Sniffles2.DEL.251MA	0.0
Sniffles2.DEL.1ABM17	0.0
Sniffles2.INS.3EFM1	0.0
Sniffles2.INS.145M14	0.0
Sniffles2.INS.126M11	0.0
Sniffles2.INS.18EM12	0.0
Sniffles2.DEL.340M2	0.0
Sniffles2.DEL.10DM11	0.0
Sniffles2.INS.83M1	0.0
Sniffles2.INS.242MD	0.0
Sniffles2.DEL.1E5ME	0.0
Sniffles2.INS.245M1	0.0
Sniffles2.DEL.48DM16	0.0
Sniffles2.DEL.2BDM6	0.0
Sniffles2.INS.A4M14	0.0
Sniffles2.INS.41M9	0.0
Sniffles2.INS.5BM1	0.0
Sniffles2.INS.57MF	0.0
Sniffles2.DEL.2B5M6	0.0
Sniffles2.DEL.282M6	0.0
Sniffles2.DEL.601M9	0.0
Sniffles2.DEL.49M17	0.0
Sniffles2.INS.F0M6	0.0
Sniffles2.INS.303M15	0.0
Sniffles2.INS.41DM9	0.0
Sniffles2.INS.27BM13	0.0
Sniffles2.INS.2CCM0	0.0
Sniffles2.INS.4BMD	0.0
Sniffles2.INS.3C5M1	0.0
Sniffles2.DEL.118MB	0.0
Sniffles2.INS.434M7	0.0
Sniffles2.DEL.34M6	0.0
Sniffles2.INS.2DBM1	0.0
Sniffles2.DEL.316M4	0.0
Sniffles2.INS.279M7	0.0
Sniffles2.INS.1M15	0.0
Sniffles2.INS.260M3	0.0
Sniffles2.INS.431M4	0.0
Sniffles2.INS.216MA	0.0
Sniffles2.DEL.3B0M1	0.0
Sniffles2.INS.77M4	0.0
Sniffles2.DEL.11FM1	0.0
Sniffles2.INS.9DM3	0.0
Sniffles2.INS.3FM16	0.0
Sniffles2.DEL.93M0	0.0
Sniffles2.DEL.37BMC	0.0
Sniffles2.INS.21EM3	0.0
Sniffles2.INS.23BM2	0.0
Sniffles2.INS.EBM13	0.0
Sniffles2.DEL.44EM4	0.0
Sniffles2.INS.1F1MD	0.0
Sniffles2.INS.F0M10	0.0
Sniffles2.INS.342M0	0.0
Sniffles2.DEL.2EM4	0.0
Sniffles2.INS.21CM17	0.0
Sniffles2.INS.C7M13	0.0
Sniffles2.INS.1F4M10	0.0
Sniffles2.DEL.3EBM2	0.0
Sniffles2.DEL.1E5M16	0.0
Sniffles2.DEL.45M9	0.0
Sniffles2.INS.39CM4	0.0
Sniffles2.DEL.16M5	0.0
Sniffles2.INS.382M9	0.0
Sniffles2.DEL.322M1	0.0
Sniffles2.INS.C0ME	0.0
Sniffles2.INS.2CCM7	0.0
Sniffles2.INS.115ME	0.0
Sniffles2.INS.103MC	0.0
Sniffles2.INS.26AMA	0.0
Sniffles2.INS.100M5	0.0
Sniffles2.DEL.1A5M5	0.0
Sniffles2.INS.454M5	0.0
Sniffles2.DEL.18BM16	0.0
Sniffles2.INS.9BMF	0.0
Sniffles2.DEL.682M0	0.0
Sniffles2.INS.359M10	0.0
Sniffles2.DEL.30FM14	0.0
Sniffles2.INS.7EM9	0.0
Sniffles2.DEL.45FMA	0.0
Sniffles2.INS.2DAM9	0.0
Sniffles2.INS.294M11	0.0
Sniffles2.INS.33BMB	0.0
Sniffles2.DEL.45CM13	0.0
Sniffles2.DEL.5B8M3	0.0
Sniffles2.DEL.433M16	0.0
Sniffles2.INS.157M6	0.0
Sniffles2.DEL.2C1M13	0.0
Sniffles2.INS.13CM16	0.0
Sniffles2.DEL.60DM5	0.0
Sniffles2.DEL.536M1	0.0
Sniffles2.INS.2AEM15	0.0
Sniffles2.DEL.E3M17	0.0
Sniffles2.DEL.571M6	0.0
Sniffles2.INS.14MA	0.0
Sniffles2.INS.5E0M6	0.0
Sniffles2.INS.132M8	0.0
Sniffles2.DEL.637M0	0.0
Sniffles2.DEL.39MC	0.0
Sniffles2.DEL.525M6	0.0
Sniffles2.INS.414MF	0.0
Sniffles2.DEL.EFM13	0.0
Sniffles2.DEL.534M3	0.0
Sniffles2.DEL.56M10	0.0
Sniffles2.DEL.36AMC	0.0
Sniffles2.INS.2F9MA	0.0
Sniffles2.DEL.1AFM17	0.0
Sniffles2.DEL.3B6MC	0.0
Sniffles2.INS.283M2	0.0
Sniffles2.DEL.37M14	0.0
Sniffles2.DEL.169M14	0.0
Sniffles2.DEL.37M17	0.0
Sniffles2.DEL.6B0M6	0.0
Sniffles2.DEL.D9M6	0.0
Sniffles2.DEL.30EM2	0.0
Sniffles2.DEL.281MF	0.0
Sniffles2.INS.370M16	0.0
Sniffles2.INS.7D7M1	0.0
Sniffles2.DEL.310M10	0.0
Sniffles2.DEL.2B8MA	0.0
Sniffles2.DEL.F6M7	0.0
Sniffles2.DEL.55M9	0.0
Sniffles2.DEL.2E8M13	0.0
Sniffles2.DEL.4DM2	0.0
Sniffles2.INS.F2MF	0.0
Sniffles2.DEL.25CM17	0.0
Sniffles2.INS.1E0M11	0.0
Sniffles2.INS.122M16	0.0
Sniffles2.INS.22EM0	0.0
Sniffles2.DUP.304M13	0.0
Sniffles2.DEL.3DCM8	0.0
Sniffles2.INS.1EAM10	0.0
Sniffles2.INS.D9MC	0.0
Sniffles2.DEL.95MC	0.0
Sniffles2.DEL.20DME	0.0
Sniffles2.INS.6AM10	0.0
Sniffles2.DEL.430M2	0.0
Sniffles2.INS.6E1M6	0.0
Sniffles2.INS.69M0	0.0
Sniffles2.INS.240M0	0.0
Sniffles2.INS.2AM5	0.0
Sniffles2.INS.356M12	0.0
Sniffles2.INS.2F4M15	0.0
Sniffles2.INS.4B7M5	0.0
Sniffles2.INS.ACM11	0.0
Sniffles2.INS.388M8	0.0
Sniffles2.INS.2ACMB	0.0
Sniffles2.INS.1B5M0	0.0
Sniffles2.DEL.299M4	0.0
Sniffles2.DEL.203M0	0.0
Sniffles2.DEL.F7M16	0.0
Sniffles2.DEL.1EDM4	0.0
Sniffles2.INS.A1M17	0.0
Sniffles2.DEL.C2MF	0.0
Sniffles2.DEL.628M3	0.0
Sniffles2.INV.2C7M7	0.0
Sniffles2.DEL.A3M3	0.0
Sniffles2.INS.86M15	0.0
Sniffles2.INS.29DMB	0.0
Sniffles2.DEL.284M17	0.0
Sniffles2.DEL.6FMC	0.0
Sniffles2.DEL.219M16	0.0
Sniffles2.INS.198M0	0.0
Sniffles2.INS.5BMA	0.0
Sniffles2.DEL.5ACM3	0.0
Sniffles2.DEL.641M6	0.0
Sniffles2.INS.32FM14	0.0
Sniffles2.INS.511M0	0.0
Sniffles2.INS.D9M12	0.0
Sniffles2.DEL.42EM13	0.0
Sniffles2.DEL.17FM16	0.0
Sniffles2.DEL.3DDM8	0.0
Sniffles2.INS.308M0	0.0
Sniffles2.INS.83M10	0.0
Sniffles2.INS.D3M17	0.0
Sniffles2.INS.344M1	0.0
Sniffles2.DEL.113M13	0.0
Sniffles2.INS.370M1	0.0
Sniffles2.DEL.18FM1	0.0
Sniffles2.INS.52EM4	0.0
Sniffles2.DEL.238M10	0.0
Sniffles2.DEL.ABMA	0.0
Sniffles2.INS.295M6	0.0
Sniffles2.INS.57M8	0.0
Sniffles2.DEL.7DAM1	0.0
Sniffles2.INS.E6M13	0.0
Sniffles2.DEL.39EM12	0.0
Sniffles2.DEL.126MC	0.0
Sniffles2.INS.323M8	0.0
Sniffles2.INS.74M8	0.0
Sniffles2.INS.475M6	0.0
Sniffles2.DEL.8EM7	0.0
Sniffles2.DEL.57M5	0.0
Sniffles2.INS.D3M14	0.0
Sniffles2.INS.32EM4	0.0
Sniffles2.INS.20EM3	0.0
Sniffles2.INS.1BBM0	0.0
Sniffles2.DEL.5FEM0	0.0
Sniffles2.DEL.6FMD	0.0
Sniffles2.INS.634M4	0.0
Sniffles2.INS.FAM16	0.0
Sniffles2.INV.1D8M0	0.0
Sniffles2.INS.2E7MA	0.0
Sniffles2.INS.23BM4	0.0
Sniffles2.INS.71MB	0.0
Sniffles2.DUP.4BAM0	0.0
Sniffles2.INS.241MD	0.0
Sniffles2.INS.58FM9	0.0
Sniffles2.DEL.25FMD	0.0
Sniffles2.DEL.6EFM0	0.0
Sniffles2.DEL.44M9	0.0
Sniffles2.DEL.232MB	0.0
Sniffles2.INS.EDM16	0.0
Sniffles2.INS.31CM4	0.0
Sniffles2.INS.151M10	0.0
Sniffles2.INS.376M0	0.0
Sniffles2.DEL.13EM2	0.0
Sniffles2.DEL.126M15	0.0
Sniffles2.DEL.6DM4	0.0
Sniffles2.INS.50M4	0.0
Sniffles2.INS.309M7	0.0
Sniffles2.DEL.4A2M3	0.0
Sniffles2.INS.1CEM3	0.0
Sniffles2.DEL.66DM3	0.0
Sniffles2.INS.4FBM0	0.0
Sniffles2.DEL.28FMF	0.0
Sniffles2.DEL.5A3M0	0.0
Sniffles2.DEL.2EDM4	0.0
Sniffles2.INS.607M6	0.0
Sniffles2.DEL.4DDM2	0.0
Sniffles2.INS.21AM11	0.0
Sniffles2.INS.260MB	0.0
Sniffles2.INS.374M9	0.0
Sniffles2.INS.29MA	0.0
Sniffles2.INS.188M11	0.0
Sniffles2.INS.651M1	0.0
Sniffles2.INS.312M14	0.0
Sniffles2.INS.135M11	0.0
Sniffles2.INS.54AM0	0.0
Sniffles2.INS.293MA	0.0
Sniffles2.INS.73M10	0.0
Sniffles2.DEL.43EM0	0.0
Sniffles2.DEL.157M7	0.0
Sniffles2.INS.1DCM4	0.0
Sniffles2.INS.142MC	0.0
Sniffles2.INS.448M8	0.0
Sniffles2.INS.3A7M11	0.0
Sniffles2.DEL.28CM11	0.0
Sniffles2.INV.74M11	0.0
Sniffles2.INS.482M6	0.0
Sniffles2.DEL.191M17	0.0
Sniffles2.INS.646M1	0.0
Sniffles2.INS.359M8	0.0
Sniffles2.INS.2B9ME	0.0
Sniffles2.INS.76M0	0.0
Sniffles2.DEL.171M5	0.0
Sniffles2.INS.1BAMA	0.0
Sniffles2.INS.1ADM7	0.0
Sniffles2.INS.180M8	0.0
Sniffles2.DEL.71M13	0.0
Sniffles2.INS.4AM3	0.0
Sniffles2.INS.4E1MA	0.0
Sniffles2.INS.5B3M5	0.0
Sniffles2.INS.36CM7	0.0
Sniffles2.INS.71M15	0.0
Sniffles2.DEL.414M1	0.0
Sniffles2.DEL.4D7M1	0.0
Sniffles2.INS.45MA	0.0
Sniffles2.INS.F1M7	0.0
Sniffles2.INS.F1M16	0.0
Sniffles2.INS.34DM11	0.0
Sniffles2.INS.6D7M6	0.0
Sniffles2.INS.73AM1	0.0
Sniffles2.DEL.A3M12	0.0
Sniffles2.INS.6BMF	0.0
Sniffles2.INS.207M0	0.0
Sniffles2.INS.318M9	0.0
Sniffles2.INS.155M1	0.0
Sniffles2.DEL.319M9	0.0
Sniffles2.INS.38FM0	0.0
Sniffles2.DEL.282M3	0.0
Sniffles2.DEL.433M2	0.0
Sniffles2.INS.2E0MB	0.0
Sniffles2.DEL.4M16	0.0
Sniffles2.INS.6DCM6	0.0
Sniffles2.DEL.3BAM12	0.0
Sniffles2.DEL.78M7	0.0
Sniffles2.DEL.B0M13	0.0
Sniffles2.DEL.95M8	0.0
Sniffles2.INS.249M7	0.0
Sniffles2.DEL.3DCMA	0.0
Sniffles2.DEL.1F2M6	0.0
Sniffles2.INS.9EMF	0.0
Sniffles2.INS.F8M16	0.0
Sniffles2.INS.344ME	0.0
Sniffles2.DEL.8M10	0.0
Sniffles2.DEL.39AMB	0.0
Sniffles2.DEL.5DCM9	0.0
Sniffles2.DEL.2DEMF	0.0
Sniffles2.INS.1E0MC	0.0
Sniffles2.DEL.492M5	0.0
Sniffles2.INS.35EM16	0.0
Sniffles2.INS.313M11	0.0
Sniffles2.INS.26CM0	0.0
Sniffles2.INS.50BM2	0.0
Sniffles2.DEL.39M15	0.0
Sniffles2.DEL.27FM7	0.0
Sniffles2.INS.565M2	0.0
Sniffles2.DEL.15FMD	0.0
Sniffles2.DEL.453M3	0.0
Sniffles2.DEL.3A7MF	0.0
Sniffles2.INS.338MB	0.0
Sniffles2.INS.4C3M5	0.0
Sniffles2.DEL.24BM4	0.0
Sniffles2.DEL.322M4	0.0
Sniffles2.INS.36EM4	0.0
Sniffles2.DEL.61M7	0.0
Sniffles2.INS.422MB	0.0
Sniffles2.DEL.292M8	0.0
Sniffles2.DEL.42DM0	0.0
Sniffles2.DEL.210M8	0.0
Sniffles2.INS.20M6	0.0
Sniffles2.INS.420M10	0.0
Sniffles2.INS.210M14	0.0
Sniffles2.INS.B8M2	0.0
Sniffles2.INS.4M0	0.0
Sniffles2.INS.1FM13	0.0
Sniffles2.DEL.438M1	0.0
Sniffles2.INS.99MF	0.0
Sniffles2.INS.47CM2	0.0
Sniffles2.DEL.416MC	0.0
Sniffles2.INS.2DDM13	0.0
Sniffles2.DEL.117M16	0.0
Sniffles2.DEL.27AM4	0.0
Sniffles2.DEL.32EMC	0.0
Sniffles2.INS.587M1	0.0
Sniffles2.INS.2FFM10	0.0
Sniffles2.INS.342MF	0.0
Sniffles2.DEL.244M3	0.0
Sniffles2.INS.78MA	0.0
Sniffles2.DEL.267MA	0.0
Sniffles2.INS.1A2M14	0.0
Sniffles2.INS.10ME	0.0
Sniffles2.INS.25EM8	0.0
Sniffles2.INS.323M14	0.0
Sniffles2.INS.2B7ME	0.0
Sniffles2.INS.CM4	0.0
Sniffles2.INS.5C2M3	0.0
Sniffles2.DEL.3F1MF	0.0
Sniffles2.DEL.4EDM1	0.0
Sniffles2.DEL.7EMF	0.0
Sniffles2.INS.F0M0	0.0
Sniffles2.INS.3ADMA	0.0
Sniffles2.DEL.90M14	0.0
Sniffles2.INS.158M5	0.0
Sniffles2.INS.2CMF	0.0
Sniffles2.INS.84DM0	0.0
Sniffles2.INS.31DM8	0.0
Sniffles2.INS.189M6	0.0
Sniffles2.DEL.33M12	0.0
Sniffles2.INS.90M6	0.0
Sniffles2.DEL.340MC	0.0
Sniffles2.INS.2D0ME	0.0
Sniffles2.INS.3DBM9	0.0
Sniffles2.INS.18AM13	0.0
Sniffles2.INS.255M3	0.0
Sniffles2.INS.B8M9	0.0
Sniffles2.DEL.465M16	0.0
Sniffles2.DEL.345MA	0.0
Sniffles2.DEL.4DM14	0.0
Sniffles2.DEL.568M9	0.0
Sniffles2.DEL.581M4	0.0
Sniffles2.DEL.9AM9	0.0
Sniffles2.INS.58EM9	0.0
Sniffles2.DEL.1BFM16	0.0
Sniffles2.INS.197M10	0.0
Sniffles2.DEL.445M0	0.0
Sniffles2.DEL.2F5M1	0.0
Sniffles2.DEL.822M0	0.0
Sniffles2.INS.50DM2	0.0
Sniffles2.INS.250M8	0.0
Sniffles2.INS.3B9M5	0.0
Sniffles2.DEL.38M4	0.0
Sniffles2.INS.2ECM8	0.0
Sniffles2.INS.673M3	0.0
Sniffles2.DEL.268M9	0.0
Sniffles2.DEL.351M16	0.0
Sniffles2.INS.503M8	0.0
Sniffles2.DEL.34FM11	0.0
Sniffles2.INS.41BMB	0.0
Sniffles2.INS.45AM10	0.0
Sniffles2.INS.11ME	0.0
Sniffles2.DEL.68BM0	0.0
Sniffles2.INS.542M8	0.0
Sniffles2.INS.178M1	0.0
Sniffles2.INS.2B4M8	0.0
Sniffles2.DEL.2EAM6	0.0
Sniffles2.DEL.ACM0	0.0
Sniffles2.DEL.20EMF	0.0
Sniffles2.INS.107M5	0.0
Sniffles2.INS.621M1	0.0
Sniffles2.INS.50EM6	0.0
Sniffles2.DEL.205M17	0.0
Sniffles2.DEL.2E3M1	0.0
Sniffles2.DEL.182M3	0.0
Sniffles2.DEL.14BMC	0.0
Sniffles2.DEL.46FM7	0.0
Sniffles2.DEL.15BM8	0.0
Sniffles2.DEL.9EM0	0.0
Sniffles2.INS.3B2MC	0.0
Sniffles2.DEL.427M10	0.0
Sniffles2.INS.338M14	0.0
Sniffles2.DEL.547M5	0.0
Sniffles2.DEL.39M1	0.0
Sniffles2.DEL.21ME	0.0
Sniffles2.DEL.17AM4	0.0
Sniffles2.DEL.59MC	0.0
Sniffles2.INS.4DFM3	0.0
Sniffles2.INS.4BFM0	0.0
Sniffles2.DEL.156MC	0.0
Sniffles2.DEL.3CEM6	0.0
Sniffles2.INS.B3MA	0.0
Sniffles2.INS.59FM1	0.0
Sniffles2.DEL.602M9	0.0
Sniffles2.DEL.441M16	0.0
Sniffles2.DEL.322MA	0.0
Sniffles2.INS.2D3MF	0.0
Sniffles2.DEL.18ME	0.0
Sniffles2.INS.4BDM4	0.0
Sniffles2.DEL.55M14	0.0
Sniffles2.DEL.482M1	0.0
Sniffles2.DEL.18CM8	0.0
Sniffles2.DEL.4E4M5	0.0
Sniffles2.DEL.132M14	0.0
Sniffles2.INS.107M4	0.0
Sniffles2.DEL.46M12	0.0
Sniffles2.DEL.310M7	0.0
Sniffles2.DEL.2AMF	0.0
Sniffles2.DEL.2D6M3	0.0
Sniffles2.DEL.521M2	0.0
Sniffles2.INS.2E7M15	0.0
Sniffles2.INS.94M15	0.0
Sniffles2.DEL.103M11	0.0
Sniffles2.INS.577M0	0.0
Sniffles2.INS.499M4	0.0
Sniffles2.DEL.4D1MB	0.0
Sniffles2.DEL.45FM8	0.0
Sniffles2.DEL.357M11	0.0
Sniffles2.INS.1ACM1	0.0
Sniffles2.INS.4AFM5	0.0
Sniffles2.DEL.16MB	0.0
Sniffles2.INS.DCM4	0.0
Sniffles2.DEL.102MB	0.0
Sniffles2.DEL.336M1	0.0
Sniffles2.INS.1E8ME	0.0
Sniffles2.INS.B3M12	0.0
Sniffles2.INS.25CM13	0.0
Sniffles2.DEL.BCM1	0.0
Sniffles2.INS.20AM0	0.0
Sniffles2.INS.1B5M17	0.0
Sniffles2.INS.65DM6	0.0
Sniffles2.DEL.622M4	0.0
Sniffles2.INS.35EM0	0.0
Sniffles2.INS.412M1	0.0
Sniffles2.DEL.1E3M17	0.0
Sniffles2.DEL.E3M0	0.0
Sniffles2.INS.1D9M0	0.0
Sniffles2.INS.564M6	0.0
Sniffles2.DEL.5A6M6	0.0
Sniffles2.INS.250MC	0.0
Sniffles2.INS.D8M1	0.0
Sniffles2.INS.35AM13	0.0
Sniffles2.DEL.40BM4	0.0
Sniffles2.INS.638M6	0.0
Sniffles2.DEL.205M13	0.0
Sniffles2.DEL.2CMC	0.0
Sniffles2.DEL.108M1	0.0
Sniffles2.INS.367M10	0.0
Sniffles2.INS.2A6M2	0.0
Sniffles2.DEL.519M4	0.0
Sniffles2.DEL.197M14	0.0
Sniffles2.DEL.35M6	0.0
Sniffles2.DEL.84MC	0.0
Sniffles2.INS.37CMA	0.0
Sniffles2.INS.2DEM1	0.0
Sniffles2.DEL.363MF	0.0
Sniffles2.INS.505M0	0.0
Sniffles2.INS.3FM9	0.0
Sniffles2.DEL.E8M16	0.0
Sniffles2.INS.4C6M2	0.0
Sniffles2.INS.376M1	0.0
Sniffles2.DEL.448MA	0.0
Sniffles2.DEL.3AMC	0.0
Sniffles2.DEL.12DM8	0.0
Sniffles2.DEL.62DM1	0.0
Sniffles2.INS.2E0M3	0.0
Sniffles2.INS.C4M10	0.0
Sniffles2.INS.4EDM0	0.0
Sniffles2.DEL.22CM0	0.0
Sniffles2.INS.444M2	0.0
Sniffles2.INS.221M3	0.0
Sniffles2.DEL.219M10	0.0
Sniffles2.DEL.3D6M6	0.0
Sniffles2.DEL.21CMB	0.0
Sniffles2.INS.238M13	0.0
Sniffles2.INS.40EM13	0.0
Sniffles2.INS.62DM3	0.0
Sniffles2.DEL.662M6	0.0
Sniffles2.INS.11M12	0.0
Sniffles2.INS.224M11	0.0
Sniffles2.INS.13M15	0.0
Sniffles2.DEL.317M4	0.0
Sniffles2.DEL.36EM2	0.0
Sniffles2.INS.53M5	0.0
Sniffles2.DEL.32CMB	0.0
Sniffles2.INS.710M0	0.0
Sniffles2.DEL.1AAM17	0.0
Sniffles2.INS.4E7MA	0.0
Sniffles2.INS.7FM14	0.0
Sniffles2.DEL.3F9M3	0.0
Sniffles2.INS.5E9M4	0.0
Sniffles2.INS.8BMC	0.0
Sniffles2.DEL.16AM12	0.0
Sniffles2.INS.49DMB	0.0
Sniffles2.INS.49EMB	0.0
Sniffles2.DEL.183M16	0.0
Sniffles2.DEL.BFMF	0.0
Sniffles2.DEL.60MD	0.0
Sniffles2.INS.67M16	0.0
Sniffles2.DEL.418MC	0.0
Sniffles2.DEL.1BM4	0.0
Sniffles2.INS.168M9	0.0
Sniffles2.DEL.FM10	0.0
Sniffles2.INS.5B3M3	0.0
Sniffles2.DEL.190MA	0.0
Sniffles2.INS.472M3	0.0
Sniffles2.INS.51DM5	0.0
Sniffles2.INS.B9M7	0.0
Sniffles2.DEL.261M8	0.0
Sniffles2.INS.A7MB	0.0
Sniffles2.INS.3C9M13	0.0
Sniffles2.INS.31AMA	0.0
Sniffles2.DEL.435M3	0.0
Sniffles2.DEL.261ME	0.0
Sniffles2.INS.D6M14	0.0
Sniffles2.INV.648M0	0.0
Sniffles2.INS.BBM13	0.0
Sniffles2.DEL.3B9M16	0.0
Sniffles2.DEL.18CM10	0.0
Sniffles2.INS.3B2M3	0.0
Sniffles2.INS.40FM16	0.0
Sniffles2.DEL.584M0	0.0
Sniffles2.INS.4AM1	0.0
Sniffles2.DEL.432M13	0.0
Sniffles2.DEL.531M9	0.0
Sniffles2.DEL.5AAM0	0.0
Sniffles2.DUP.3A7M16	0.0
Sniffles2.DEL.129M17	0.0
Sniffles2.DEL.4DEM9	0.0
Sniffles2.DEL.E3M10	0.0
Sniffles2.DEL.7BAM0	0.0
Sniffles2.INS.5AAM1	0.0
Sniffles2.INS.271M6	0.0
Sniffles2.INS.3F5M3	0.0
Sniffles2.INS.326M10	0.0
Sniffles2.DEL.2C4M10	0.0
Sniffles2.INS.D5M16	0.0
Sniffles2.DEL.114M6	0.0
Sniffles2.INS.3FBM13	0.0
Sniffles2.DEL.3E0M5	0.0
Sniffles2.DEL.148M8	0.0
Sniffles2.DEL.218M10	0.0
Sniffles2.DEL.38BM5	0.0
Sniffles2.INS.4CAM9	0.0
Sniffles2.INS.4A1M13	0.0
Sniffles2.DEL.25FM4	0.0
Sniffles2.DEL.14EME	0.0
Sniffles2.INS.F7MC	0.0
Sniffles2.INS.226M10	0.0
Sniffles2.DEL.289M17	0.0
Sniffles2.DEL.8AM14	0.0
Sniffles2.INS.21CM12	0.0
Sniffles2.INS.405M8	0.0
Sniffles2.INS.10DMA	0.0
Sniffles2.INS.4F5M8	0.0
Sniffles2.DEL.287ME	0.0
Sniffles2.INS.43CM8	0.0
Sniffles2.INS.2M12	0.0
Sniffles2.DEL.250M5	0.0
Sniffles2.INS.2BAM1	0.0
Sniffles2.INS.484M16	0.0
Sniffles2.DEL.34M4	0.0
Sniffles2.INS.3DAMC	0.0
Sniffles2.DEL.5BMD	0.0
Sniffles2.INS.17CM11	0.0
Sniffles2.DEL.1F6M3	0.0
Sniffles2.DEL.ABM17	0.0
Sniffles2.INS.56AM5	0.0
Sniffles2.DEL.2EBM9	0.0
Sniffles2.DEL.381M16	0.0
Sniffles2.INS.30AM14	0.0
Sniffles2.DEL.260MF	0.0
Sniffles2.DEL.BAM16	0.0
Sniffles2.DEL.24FM3	0.0
Sniffles2.INS.5A9M4	0.0
Sniffles2.INS.DBM17	0.0
Sniffles2.DEL.383MC	0.0
Sniffles2.INS.CAM16	0.0
Sniffles2.DEL.1FFM3	0.0
Sniffles2.DEL.1F6M9	0.0
Sniffles2.DEL.44FM4	0.0
Sniffles2.DEL.120MA	0.0
Sniffles2.DEL.626M1	0.0
Sniffles2.INS.4A3M3	0.0
Sniffles2.DEL.3FDM5	0.0
Sniffles2.INS.5A6M9	0.0
Sniffles2.INS.AEM11	0.0
Sniffles2.DEL.364M1	0.0
Sniffles2.INS.84M2	0.0
Sniffles2.INS.391M16	0.0
Sniffles2.INS.153M8	0.0
Sniffles2.INS.3A0M13	0.0
Sniffles2.DEL.29AM4	0.0
Sniffles2.INS.514M6	0.0
Sniffles2.INS.EAM12	0.0
Sniffles2.DEL.218M17	0.0
Sniffles2.INS.17DM2	0.0
Sniffles2.DEL.269M11	0.0
Sniffles2.INS.1B8M7	0.0
Sniffles2.DEL.80M13	0.0
Sniffles2.INS.3F3MF	0.0
Sniffles2.INS.460M10	0.0
Sniffles2.DEL.212M17	0.0
Sniffles2.INS.0MC	0.0
Sniffles2.DEL.66MD	0.0
Sniffles2.DEL.8CM15	0.0
Sniffles2.DEL.471M0	0.0
Sniffles2.INS.4BAM9	0.0
Sniffles2.INS.436M2	0.0
Sniffles2.INS.469M10	0.0
Sniffles2.INS.12EM11	0.0
Sniffles2.INS.86M9	0.0
Sniffles2.DEL.42CM3	0.0
Sniffles2.DUP.10M2	0.0
Sniffles2.DEL.CFM5	0.0
Sniffles2.INS.35FM7	0.0
Sniffles2.INS.474M13	0.0
Sniffles2.DEL.6D0M1	0.0
Sniffles2.INS.262M11	0.0
Sniffles2.DEL.725M1	0.0
Sniffles2.INS.4M5	0.0
Sniffles2.INS.27FM2	0.0
Sniffles2.INS.2D9M14	0.0
Sniffles2.DEL.4CEM0	0.0
Sniffles2.DEL.762M0	0.0
Sniffles2.INS.1C5M10	0.0
Sniffles2.INS.1F6M6	0.0
Sniffles2.DEL.3B1MA	0.0
Sniffles2.INS.11DM10	0.0
Sniffles2.DEL.A7M7	0.0
Sniffles2.DEL.3E6MA	0.0
Sniffles2.INS.9FM8	0.0
Sniffles2.INS.177MD	0.0
Sniffles2.INS.98M16	0.0
Sniffles2.DEL.394M5	0.0
Sniffles2.INS.562M6	0.0
Sniffles2.INS.210M12	0.0
Sniffles2.INS.5D7M9	0.0
Sniffles2.INS.4A4M7	0.0
Sniffles2.DEL.299M3	0.0
Sniffles2.INS.F1MD	0.0
Sniffles2.INS.486M2	0.0
Sniffles2.INS.408M2	0.0
Sniffles2.DEL.308MA	0.0
Sniffles2.INS.FBM3	0.0
Sniffles2.DEL.8BM7	0.0
Sniffles2.INS.9FM1	0.0
Sniffles2.DEL.47DMB	0.0
Sniffles2.DEL.4CAM0	0.0
Sniffles2.INS.421M0	0.0
Sniffles2.INS.2ACME	0.0
Sniffles2.INS.4BFMA	0.0
Sniffles2.DEL.140M11	0.0
Sniffles2.INS.22FM9	0.0
Sniffles2.INS.36AM1	0.0
Sniffles2.DEL.232M16	0.0
Sniffles2.INS.228M2	0.0
Sniffles2.INS.13CME	0.0
Sniffles2.DEL.1E6M8	0.0
Sniffles2.INS.186M10	0.0
Sniffles2.DEL.61FM6	0.0
Sniffles2.DEL.6C5M1	0.0
Sniffles2.INS.3E5M6	0.0
Sniffles2.DEL.36DMF	0.0
Sniffles2.INS.22DM2	0.0
Sniffles2.INS.60BM6	0.0
Sniffles2.INS.3FEM8	0.0
Sniffles2.INS.219M0	0.0
Sniffles2.DEL.67M1	0.0
Sniffles2.INS.66M12	0.0
Sniffles2.INS.54M3	0.0
Sniffles2.DEL.2E2M0	0.0
Sniffles2.DEL.143M16	0.0
Sniffles2.INS.436MA	0.0
Sniffles2.INS.124M11	0.0
Sniffles2.INS.32BMA	0.0
Sniffles2.INS.32CMA	0.0
Sniffles2.INS.C7M12	0.0
Sniffles2.INS.273M5	0.0
Sniffles2.DEL.1FEMF	0.0
Sniffles2.INS.428M0	0.0
Sniffles2.DEL.C9M15	0.0
Sniffles2.INS.31AM4	0.0
Sniffles2.INS.546M6	0.0
Sniffles2.INS.343M16	0.0
Sniffles2.INS.343MF	0.0
Sniffles2.DEL.274ME	0.0
Sniffles2.INS.4D3M2	0.0
Sniffles2.INS.393M8	0.0
Sniffles2.INS.64EM3	0.0
Sniffles2.INS.F4MA	0.0
Sniffles2.INS.505M6	0.0
Sniffles2.DEL.256M13	0.0
Sniffles2.INS.173M17	0.0
Sniffles2.DEL.FAMF	0.0
Sniffles2.INS.159MC	0.0
Sniffles2.INS.307M4	0.0
Sniffles2.DEL.ACM14	0.0
Sniffles2.DEL.25M2	0.0
Sniffles2.INS.28DM14	0.0
Sniffles2.DEL.26M3	0.0
Sniffles2.DEL.1EM15	0.0
Sniffles2.DEL.24CM1	0.0
Sniffles2.INS.7C5M0	0.0
Sniffles2.INS.2B9M15	0.0
Sniffles2.INS.98M2	0.0
Sniffles2.DEL.5FME	0.0
Sniffles2.INS.DFM10	0.0
Sniffles2.DEL.591M4	0.0
Sniffles2.INS.2ACM10	0.0
Sniffles2.DEL.430M3	0.0
Sniffles2.INS.3B9M9	0.0
Sniffles2.INS.38BM11	0.0
Sniffles2.INS.528M6	0.0
Sniffles2.INS.58DM1	0.0
Sniffles2.DEL.32EM13	0.0
Sniffles2.DEL.269M17	0.0
Sniffles2.INS.2A2M5	0.0
Sniffles2.INS.7C4M1	0.0
Sniffles2.INS.36BM9	0.0
Sniffles2.DEL.2CDM2	0.0
Sniffles2.INS.7M15	0.0
Sniffles2.DEL.435M10	0.0
Sniffles2.INS.4A2M2	0.0
Sniffles2.INS.4BBM0	0.0
Sniffles2.INS.A0M15	0.0
Sniffles2.INS.535M9	0.0
Sniffles2.INS.244M15	0.0
Sniffles2.INS.3C6M1	0.0
Sniffles2.INS.40MB	0.0
Sniffles2.DEL.6AM3	0.0
Sniffles2.DEL.29CMD	0.0
Sniffles2.INS.2F6MB	0.0
Sniffles2.DEL.1EBM7	0.0
Sniffles2.DEL.A7M17	0.0
Sniffles2.INS.18DM2	0.0
Sniffles2.DEL.37CMF	0.0
Sniffles2.INS.9M3	0.0
Sniffles2.INS.27FME	0.0
Sniffles2.INS.689M3	0.0
Sniffles2.DEL.2FBM9	0.0
Sniffles2.INS.188M7	0.0
Sniffles2.DEL.235M6	0.0
Sniffles2.INS.3E2MA	0.0
Sniffles2.INS.8AM0	0.0
Sniffles2.INS.5AEM3	0.0
Sniffles2.DEL.1F1M9	0.0
Sniffles2.DEL.57M16	0.0
Sniffles2.DEL.155M11	0.0
Sniffles2.INS.E2M14	0.0
Sniffles2.INS.527M8	0.0
Sniffles2.INS.EAM6	0.0
Sniffles2.DEL.612M9	0.0
Sniffles2.INS.73M13	0.0
Sniffles2.INS.203M17	0.0
Sniffles2.DEL.5FM17	0.0
Sniffles2.DEL.455M0	0.0
Sniffles2.DEL.526M1	0.0
Sniffles2.INS.1CEMF	0.0
Sniffles2.DEL.1F7M3	0.0
Sniffles2.DEL.9AM8	0.0
Sniffles2.INS.517M8	0.0
Sniffles2.DEL.3BAM9	0.0
Sniffles2.DEL.336M12	0.0
Sniffles2.INS.601M1	0.0
Sniffles2.INS.11DMF	0.0
Sniffles2.DEL.4BBM3	0.0
Sniffles2.INS.4E0M5	0.0
Sniffles2.DEL.193MA	0.0
Sniffles2.INS.258M15	0.0
Sniffles2.DEL.1FBM3	0.0
Sniffles2.INS.13CM8	0.0
Sniffles2.DEL.38FM2	0.0
Sniffles2.INS.69MC	0.0
Sniffles2.DEL.2DAM6	0.0
Sniffles2.DEL.103M0	0.0
Sniffles2.DEL.A3M9	0.0
Sniffles2.INS.20M0	0.0
Sniffles2.DEL.3B5M8	0.0
Sniffles2.DEL.2F8M0	0.0
Sniffles2.DEL.1AAM11	0.0
Sniffles2.INS.11AMB	0.0
Sniffles2.INS.4D0M1	0.0
Sniffles2.INS.367M11	0.0
Sniffles2.INS.39CM11	0.0
Sniffles2.INS.3B2M10	0.0
Sniffles2.INS.200M5	0.0
Sniffles2.DEL.AEMA	0.0
Sniffles2.INS.2E8MA	0.0
Sniffles2.DEL.328M5	0.0
Sniffles2.INS.315M8	0.0
Sniffles2.DEL.EEM6	0.0
Sniffles2.INS.37DM3	0.0
Sniffles2.DEL.327ME	0.0
Sniffles2.INS.7F8M1	0.0
Sniffles2.DEL.145M6	0.0
Sniffles2.DEL.498M9	0.0
Sniffles2.INS.96M16	0.0
Sniffles2.INS.23DM17	0.0
Sniffles2.INS.D6M2	0.0
Sniffles2.INS.466M16	0.0
Sniffles2.INS.1F7M15	0.0
Sniffles2.INS.1F4M3	0.0
Sniffles2.INS.3D8MC	0.0
Sniffles2.DEL.1CMD	0.0
Sniffles2.INS.C8M6	0.0
Sniffles2.INS.A8ME	0.0
Sniffles2.DEL.2BEM4	0.0
Sniffles2.INS.459M5	0.0
Sniffles2.INS.49MF	0.0
Sniffles2.INS.67CM6	0.0
Sniffles2.DEL.128M13	0.0
Sniffles2.DEL.225M4	0.0
Sniffles2.INS.87M13	0.0
Sniffles2.INS.2FBM13	0.0
Sniffles2.INS.3E3M1	0.0
Sniffles2.INS.85M10	0.0
Sniffles2.DEL.27M9	0.0
Sniffles2.INS.169M2	0.0
Sniffles2.DEL.2F2M4	0.0
Sniffles2.DEL.49M9	0.0
Sniffles2.DEL.95MB	0.0
Sniffles2.DEL.420MA	0.0
Sniffles2.INS.10FM15	0.0
Sniffles2.INS.4M12	0.0
Sniffles2.DEL.7EFM1	0.0
Sniffles2.INS.2F1M3	0.0
Sniffles2.INS.8MD	0.0
Sniffles2.DEL.195M11	0.0
Sniffles2.DEL.2DEM9	0.0
Sniffles2.DEL.3FDMF	0.0
Sniffles2.DEL.271M3	0.0
Sniffles2.DEL.2B7MC	0.0
Sniffles2.INS.1D5MD	0.0
Sniffles2.INS.2D1M3	0.0
Sniffles2.DEL.6EDM1	0.0
Sniffles2.INS.27CM10	0.0
Sniffles2.DEL.15CM17	0.0
Sniffles2.INS.3CBM9	0.0
Sniffles2.INS.40ME	0.0
Sniffles2.DEL.490M16	0.0
Sniffles2.INS.3C8M13	0.0
Sniffles2.DUP.26EM16	0.0
Sniffles2.INS.455MB	0.0
Sniffles2.DEL.184MD	0.0
Sniffles2.DEL.82MC	0.0
Sniffles2.DEL.36BMF	0.0
Sniffles2.INS.60FM1	0.0
Sniffles2.INS.600M5	0.0
Sniffles2.DEL.2FDM2	0.0
Sniffles2.INS.679M3	0.0
Sniffles2.INS.213M10	0.0
Sniffles2.DEL.113M11	0.0
Sniffles2.DEL.25BM3	0.0
Sniffles2.INS.339M13	0.0
Sniffles2.DEL.6FM8	0.0
Sniffles2.INS.26MD	0.0
Sniffles2.INS.1CAMF	0.0
Sniffles2.DEL.2BEM10	0.0
Sniffles2.INS.45DM0	0.0
Sniffles2.INS.8M8	0.0
Sniffles2.INS.6E8M1	0.0
Sniffles2.INS.3B0MF	0.0
Sniffles2.DEL.29MB	0.0
Sniffles2.DEL.25DM15	0.0
Sniffles2.DEL.273M4	0.0
Sniffles2.INS.3BM7	0.0
Sniffles2.DEL.131M17	0.0
Sniffles2.INS.1F5M12	0.0
Sniffles2.INS.DAM15	0.0
Sniffles2.INS.30MC	0.0
Sniffles2.DEL.27AM6	0.0
Sniffles2.DEL.25M10	0.0
Sniffles2.DEL.35BM16	0.0
Sniffles2.INS.3A0M11	0.0
Sniffles2.INS.335MC	0.0
Sniffles2.DEL.43DM3	0.0
Sniffles2.INS.360M13	0.0
Sniffles2.INS.209M12	0.0
Sniffles2.INS.D9M15	0.0
Sniffles2.INS.CCM2	0.0
Sniffles2.INS.324M12	0.0
Sniffles2.INS.568M4	0.0
Sniffles2.INS.280M12	0.0
Sniffles2.DEL.54M11	0.0
Sniffles2.DEL.86M0	0.0
Sniffles2.DEL.2EBM15	0.0
Sniffles2.DEL.379MC	0.0
Sniffles2.DEL.211M14	0.0
Sniffles2.DEL.3D7MF	0.0
Sniffles2.DEL.165M7	0.0
Sniffles2.DEL.1A7M10	0.0
Sniffles2.INS.1D1M6	0.0
Sniffles2.INS.5C3M5	0.0
Sniffles2.INS.468M16	0.0
Sniffles2.DEL.747M0	0.0
Sniffles2.INS.3FBM6	0.0
Sniffles2.INS.55M6	0.0
Sniffles2.INS.636M1	0.0
Sniffles2.INS.4E2M6	0.0
Sniffles2.INS.425M1	0.0
Sniffles2.INS.3B3M6	0.0
Sniffles2.DEL.360MF	0.0
Sniffles2.DEL.1C0M13	0.0
Sniffles2.INS.674M6	0.0
Sniffles2.DEL.251M3	0.0
Sniffles2.DEL.1B5M16	0.0
Sniffles2.DEL.3F7M16	0.0
Sniffles2.INS.204M17	0.0
Sniffles2.INS.14M15	0.0
Sniffles2.DEL.44AM7	0.0
Sniffles2.INS.30EM14	0.0
Sniffles2.INS.ACM6	0.0
Sniffles2.INS.8CMC	0.0
Sniffles2.DEL.1EM10	0.0
Sniffles2.INS.2B5MD	0.0
Sniffles2.DEL.7BM14	0.0
Sniffles2.DEL.1FBM13	0.0
Sniffles2.DEL.424M13	0.0
Sniffles2.INS.207M6	0.0
Sniffles2.INS.326M4	0.0
Sniffles2.DEL.47M0	0.0
Sniffles2.DEL.20FMF	0.0
Sniffles2.DEL.54M16	0.0
Sniffles2.INS.3DBMA	0.0
Sniffles2.DEL.252M5	0.0
Sniffles2.INS.2A5M13	0.0
Sniffles2.INS.2E6M0	0.0
Sniffles2.DEL.312M9	0.0
Sniffles2.DEL.431MB	0.0
Sniffles2.DEL.64M0	0.0
Sniffles2.INS.7A5M1	0.0
Sniffles2.INS.6DM16	0.0
Sniffles2.INS.2CEMC	0.0
Sniffles2.DEL.19BM17	0.0
Sniffles2.DEL.11EM17	0.0
Sniffles2.INS.4FM10	0.0
Sniffles2.INS.1A8M17	0.0
Sniffles2.DEL.16EMF	0.0
Sniffles2.DEL.84M17	0.0
Sniffles2.INS.2B0M10	0.0
Sniffles2.INS.152M5	0.0
Sniffles2.INS.1E4M0	0.0
Sniffles2.DEL.535M2	0.0
Sniffles2.DEL.1B2M6	0.0
Sniffles2.DEL.639M4	0.0
Sniffles2.DEL.56FM5	0.0
Sniffles2.INS.CBM17	0.0
Sniffles2.DEL.D1M11	0.0
Sniffles2.DEL.299M16	0.0
Sniffles2.INS.22DM14	0.0
Sniffles2.DEL.218M9	0.0
Sniffles2.DEL.8FM14	0.0
Sniffles2.INS.2C9M16	0.0
Sniffles2.DEL.2BCM6	0.0
Sniffles2.INS.198M10	0.0
Sniffles2.INS.8EM6	0.0
Sniffles2.DEL.1A9M11	0.0
Sniffles2.INS.3A5M11	0.0
Sniffles2.INS.46DMA	0.0
Sniffles2.INS.1F5M15	0.0
Sniffles2.INS.6FM15	0.0
Sniffles2.INS.7CM0	0.0
Sniffles2.INS.1AM5	0.0
Sniffles2.INS.108M17	0.0
Sniffles2.DEL.50M16	0.0
Sniffles2.INS.61AM4	0.0
Sniffles2.INS.66MF	0.0
Sniffles2.INS.6C3M6	0.0
Sniffles2.INS.10M4	0.0
Sniffles2.INS.ACME	0.0
Sniffles2.INS.160M0	0.0
Sniffles2.INS.417M10	0.0
Sniffles2.INS.31EM6	0.0
Sniffles2.INS.2B2M15	0.0
Sniffles2.INS.1E3M1	0.0
Sniffles2.INS.41EM13	0.0
Sniffles2.INS.26M12	0.0
Sniffles2.INS.3CEM2	0.0
Sniffles2.INS.CCM0	0.0
Sniffles2.INS.40EM0	0.0
Sniffles2.DEL.FBM0	0.0
Sniffles2.DEL.27FM3	0.0
Sniffles2.INS.53M3	0.0
Sniffles2.INS.491M7	0.0
Sniffles2.INS.4CDMB	0.0
Sniffles2.INS.216MF	0.0
Sniffles2.DEL.337M3	0.0
Sniffles2.INS.152M17	0.0
Sniffles2.DEL.2CCM13	0.0
Sniffles2.DEL.319M4	0.0
Sniffles2.INS.21DM17	0.0
Sniffles2.DEL.130MB	0.0
Sniffles2.INS.C5M1	0.0
Sniffles2.DEL.295MD	0.0
Sniffles2.INS.97M14	0.0
Sniffles2.DEL.3A4M8	0.0
Sniffles2.INS.67MA	0.0
Sniffles2.DEL.41DMF	0.0
Sniffles2.DEL.30M12	0.0
Sniffles2.INS.2D2M13	0.0
Sniffles2.INS.6FBM1	0.0
Sniffles2.DEL.448M16	0.0
Sniffles2.DEL.5B5M3	0.0
Sniffles2.INS.1EFM10	0.0
Sniffles2.INS.A3M16	0.0
Sniffles2.DEL.D5M15	0.0
Sniffles2.DEL.4D9M8	0.0
Sniffles2.DEL.17EM16	0.0
Sniffles2.INS.BBM2	0.0
Sniffles2.DEL.51BM5	0.0
Sniffles2.DEL.613M4	0.0
Sniffles2.DEL.41FMF	0.0
Sniffles2.INS.29DM16	0.0
Sniffles2.DEL.388M11	0.0
Sniffles2.DEL.265MC	0.0
Sniffles2.INS.459M13	0.0
Sniffles2.INS.286M5	0.0
Sniffles2.INS.FM16	0.0
Sniffles2.DEL.45AM1	0.0
Sniffles2.INS.80M14	0.0
Sniffles2.INS.71M17	0.0
Sniffles2.DEL.264M6	0.0
Sniffles2.DEL.3B3M5	0.0
Sniffles2.DEL.24M10	0.0
Sniffles2.DEL.54M10	0.0
Sniffles2.DEL.39DM12	0.0
Sniffles2.INS.324M13	0.0
Sniffles2.DEL.111MB	0.0
Sniffles2.INS.1CM5	0.0
Sniffles2.INS.1E6M13	0.0
Sniffles2.INS.1F5M6	0.0
Sniffles2.DEL.1ACM13	0.0
Sniffles2.INS.1B0MD	0.0
Sniffles2.INS.570M4	0.0
Sniffles2.INS.46AM13	0.0
Sniffles2.DEL.57DM3	0.0
Sniffles2.INS.193M2	0.0
Sniffles2.DEL.222M16	0.0
Sniffles2.DEL.18BM11	0.0
Sniffles2.INS.4EM16	0.0
Sniffles2.DEL.18M17	0.0
Sniffles2.DEL.40DM4	0.0
Sniffles2.DEL.FEME	0.0
Sniffles2.INS.3EEMA	0.0
Sniffles2.INS.21AM3	0.0
Sniffles2.INS.4DM9	0.0
Sniffles2.INS.342M2	0.0
Sniffles2.INS.135MB	0.0
Sniffles2.INS.3FBM0	0.0
Sniffles2.INS.D7M3	0.0
Sniffles2.DEL.238M17	0.0
Sniffles2.DEL.8DMD	0.0
Sniffles2.DEL.63BM3	0.0
Sniffles2.INS.3E1M13	0.0
Sniffles2.INS.551M6	0.0
Sniffles2.INS.68M15	0.0
Sniffles2.DEL.251M15	0.0
Sniffles2.DEL.31FM4	0.0
Sniffles2.DEL.367M2	0.0
Sniffles2.DEL.134MF	0.0
Sniffles2.INS.ADM16	0.0
Sniffles2.DEL.196MD	0.0
Sniffles2.DEL.241M16	0.0
Sniffles2.INS.24DMD	0.0
Sniffles2.DEL.798M1	0.0
Sniffles2.DEL.2D9M11	0.0
Sniffles2.DEL.5E1M3	0.0
Sniffles2.INS.1AAM3	0.0
Sniffles2.DEL.74M4	0.0
Sniffles2.INS.268M1	0.0
Sniffles2.INS.48FM5	0.0
Sniffles2.INS.43AM0	0.0
Sniffles2.INS.52AM6	0.0
Sniffles2.DEL.86M3	0.0
Sniffles2.DEL.1EM6	0.0
Sniffles2.INS.83M8	0.0
Sniffles2.DEL.89M8	0.0
Sniffles2.DEL.18EM15	0.0
Sniffles2.DEL.1C2M14	0.0
Sniffles2.INS.28DM6	0.0
Sniffles2.INS.CEM17	0.0
Sniffles2.DEL.526M4	0.0
Sniffles2.INS.22FM14	0.0
Sniffles2.INS.63DM0	0.0
Sniffles2.INS.110M2	0.0
Sniffles2.INS.A6M10	0.0
Sniffles2.INS.157M14	0.0
Sniffles2.INS.DCM9	0.0
Sniffles2.DEL.331M0	0.0
Sniffles2.DEL.1CBM13	0.0
Sniffles2.INS.337M12	0.0
Sniffles2.DEL.1EBM15	0.0
Sniffles2.INS.A7M13	0.0
Sniffles2.DEL.495M0	0.0
Sniffles2.DEL.2E7M16	0.0
Sniffles2.DEL.25CMA	0.0
Sniffles2.DEL.103M14	0.0
Sniffles2.DEL.8AM13	0.0
Sniffles2.INS.48CM10	0.0
Sniffles2.DEL.1F0M4	0.0
Sniffles2.INS.D8M3	0.0
Sniffles2.INS.496M5	0.0
Sniffles2.DEL.326MB	0.0
Sniffles2.DEL.37BMA	0.0
Sniffles2.DEL.141MD	0.0
Sniffles2.INS.12M11	0.0
Sniffles2.INS.DFM6	0.0
Sniffles2.INS.4C6MA	0.0
Sniffles2.INS.2D1M0	0.0
Sniffles2.DEL.D4ME	0.0
Sniffles2.INS.4EBMB	0.0
Sniffles2.INS.319M1	0.0
Sniffles2.DEL.174M13	0.0
Sniffles2.DEL.53EM8	0.0
Sniffles2.DEL.610M9	0.0
Sniffles2.DEL.2BFM12	0.0
Sniffles2.DEL.26DM5	0.0
Sniffles2.DEL.4B0M0	0.0
Sniffles2.INS.651M6	0.0
Sniffles2.INS.22DM11	0.0
Sniffles2.DEL.421M1	0.0
Sniffles2.INS.352M6	0.0
Sniffles2.INS.65DM1	0.0
Sniffles2.DEL.15AMA	0.0
Sniffles2.DEL.3FM1	0.0
Sniffles2.INS.12M17	0.0
Sniffles2.INS.FAM12	0.0
Sniffles2.DEL.4D8MB	0.0
Sniffles2.DEL.1E3M8	0.0
Sniffles2.DEL.196M10	0.0
Sniffles2.DEL.1F3M4	0.0
Sniffles2.DEL.30CMA	0.0
Sniffles2.DEL.35AM0	0.0
Sniffles2.INS.57M9	0.0
Sniffles2.INS.2FEM5	0.0
Sniffles2.INS.103M16	0.0
Sniffles2.INS.2F4M10	0.0
Sniffles2.INS.270M2	0.0
Sniffles2.DEL.103M12	0.0
Sniffles2.DEL.14AMA	0.0
Sniffles2.INS.1M4	0.0
Sniffles2.DEL.7E9M1	0.0
Sniffles2.INS.779M1	0.0
Sniffles2.INS.48BM0	0.0
Sniffles2.DEL.193M8	0.0
Sniffles2.INS.479M10	0.0
Sniffles2.DEL.D2M11	0.0
Sniffles2.INS.27EM12	0.0
Sniffles2.DEL.C0M6	0.0
Sniffles2.DEL.88ME	0.0
Sniffles2.INS.10BM9	0.0
Sniffles2.INS.383MF	0.0
Sniffles2.DEL.F3M13	0.0
Sniffles2.INS.3EDMF	0.0
Sniffles2.INS.1A1MF	0.0
Sniffles2.DEL.5CM4	0.0
Sniffles2.DEL.639M3	0.0
Sniffles2.INS.301M11	0.0
Sniffles2.INS.96MA	0.0
Sniffles2.DEL.18M2	0.0
Sniffles2.DEL.27EM9	0.0
Sniffles2.INS.367MB	0.0
Sniffles2.DEL.26EM4	0.0
Sniffles2.INS.9DME	0.0
Sniffles2.DEL.7B6M0	0.0
Sniffles2.DEL.9CMA	0.0
Sniffles2.DEL.492M0	0.0
Sniffles2.DEL.589M6	0.0
Sniffles2.DEL.1ECM3	0.0
Sniffles2.INS.55EM6	0.0
Sniffles2.DEL.1C5M13	0.0
Sniffles2.INS.27DM12	0.0
Sniffles2.DEL.F7M6	0.0
Sniffles2.INS.536M2	0.0
Sniffles2.DEL.1EDM13	0.0
Sniffles2.INS.28CMB	0.0
Sniffles2.INS.236M14	0.0
Sniffles2.DEL.2C9M1	0.0
Sniffles2.INS.97M8	0.0
Sniffles2.DEL.3A6MA	0.0
Sniffles2.DEL.36EMC	0.0
Sniffles2.INS.48MD	0.0
Sniffles2.INS.5EM8	0.0
Sniffles2.INS.357M1	0.0
Sniffles2.DEL.158M17	0.0
Sniffles2.DEL.37CMC	0.0
Sniffles2.DEL.4E7M0	0.0
Sniffles2.INS.FME	0.0
Sniffles2.INS.266M6	0.0
Sniffles2.INS.528M9	0.0
Sniffles2.INS.82M6	0.0
Sniffles2.INS.1ABM13	0.0
Sniffles2.DEL.695M0	0.0
Sniffles2.DEL.15BM17	0.0
Sniffles2.DEL.265M12	0.0
Sniffles2.INS.2F1M10	0.0
Sniffles2.DEL.36MA	0.0
Sniffles2.INV.212MF	0.0
Sniffles2.INS.492MA	0.0
Sniffles2.INS.279M17	0.0
Sniffles2.INS.200MA	0.0
Sniffles2.DEL.CM13	0.0
Sniffles2.INS.22FM0	0.0
Sniffles2.INS.3BCM1	0.0
Sniffles2.INS.3EFMA	0.0
Sniffles2.INS.57AM1	0.0
Sniffles2.INS.2ACM2	0.0
Sniffles2.INS.135MA	0.0
Sniffles2.DEL.264M9	0.0
Sniffles2.DEL.324M4	0.0
Sniffles2.DEL.93M10	0.0
Sniffles2.INS.5DM1	0.0
Sniffles2.INS.269M3	0.0
Sniffles2.DEL.4ABMB	0.0
Sniffles2.DEL.6CM5	0.0
Sniffles2.DEL.41FMB	0.0
Sniffles2.INS.EM14	0.0
Sniffles2.DEL.48M7	0.0
Sniffles2.INS.22BMF	0.0
Sniffles2.INS.25AME	0.0
Sniffles2.INS.63BM4	0.0
Sniffles2.INS.23M1	0.0
Sniffles2.INS.416M1	0.0
Sniffles2.DEL.3C8MF	0.0
Sniffles2.DEL.BBM16	0.0
Sniffles2.DEL.26M13	0.0
Sniffles2.DEL.20CM0	0.0
Sniffles2.INS.6DDM6	0.0
Sniffles2.INS.227M1	0.0
Sniffles2.INS.594M1	0.0
Sniffles2.DEL.382M4	0.0
Sniffles2.INS.14CME	0.0
Sniffles2.INS.4EAM1	0.0
Sniffles2.INS.D5M6	0.0
Sniffles2.DEL.4E7M2	0.0
Sniffles2.INS.2FDM5	0.0
Sniffles2.DEL.2FBM11	0.0
Sniffles2.DEL.44AM13	0.0
Sniffles2.DEL.513M4	0.0
Sniffles2.DEL.27M14	0.0
Sniffles2.INS.7BMA	0.0
Sniffles2.INS.5B2M9	0.0
Sniffles2.INS.1FDM0	0.0
Sniffles2.DEL.2D8M0	0.0
Sniffles2.DEL.1CEM5	0.0
Sniffles2.INS.95M12	0.0
Sniffles2.DEL.F6MD	0.0
Sniffles2.DEL.4E2MB	0.0
Sniffles2.INS.65EM3	0.0
Sniffles2.DEL.BM15	0.0
Sniffles2.DEL.4B8M9	0.0
Sniffles2.DEL.73M4	0.0
Sniffles2.INS.D7M7	0.0
Sniffles2.DEL.8M6	0.0
Sniffles2.DEL.2E2M16	0.0
Sniffles2.DEL.2BFM16	0.0
Sniffles2.DEL.133M7	0.0
Sniffles2.INS.68DM3	0.0
Sniffles2.DEL.165MF	0.0
Sniffles2.INS.2FEM14	0.0
Sniffles2.INS.0M16	0.0
Sniffles2.DEL.619M3	0.0
Sniffles2.DEL.26EMA	0.0
Sniffles2.INS.1BCM0	0.0
Sniffles2.INS.162MD	0.0
Sniffles2.INS.38FM10	0.0
Sniffles2.DEL.8CM14	0.0
Sniffles2.INS.5ABM6	0.0
Sniffles2.INS.609M9	0.0
Sniffles2.DEL.41BM0	0.0
Sniffles2.INS.F3M0	0.0
Sniffles2.INS.186M1	0.0
Sniffles2.INS.554M3	0.0
Sniffles2.INS.11EM16	0.0
Sniffles2.INS.10FMA	0.0
Sniffles2.DEL.3DCMC	0.0
Sniffles2.INS.1F4M4	0.0
Sniffles2.DEL.248M17	0.0
Sniffles2.DEL.1E2M13	0.0
Sniffles2.INS.4A7M8	0.0
Sniffles2.DEL.7B1M1	0.0
Sniffles2.DEL.5AM16	0.0
Sniffles2.INS.5EM1	0.0
Sniffles2.DEL.144M3	0.0
Sniffles2.INS.2EM17	0.0
Sniffles2.DEL.34BM12	0.0
Sniffles2.INS.102M0	0.0
Sniffles2.INS.75M11	0.0
Sniffles2.INS.2DMF	0.0
Sniffles2.DEL.B7M17	0.0
Sniffles2.DEL.11CM17	0.0
Sniffles2.DEL.20FM12	0.0
Sniffles2.DEL.238M5	0.0
Sniffles2.INS.4E2M8	0.0
Sniffles2.INS.9AM16	0.0
Sniffles2.INS.662M0	0.0
Sniffles2.INS.11CM9	0.0
Sniffles2.DEL.247M17	0.0
Sniffles2.DEL.5ECM9	0.0
Sniffles2.INS.30CM13	0.0
Sniffles2.DEL.41BM16	0.0
Sniffles2.INS.99M16	0.0
Sniffles2.DEL.28EM3	0.0
Sniffles2.INS.3D4MA	0.0
Sniffles2.INS.241MA	0.0
Sniffles2.INS.20BM0	0.0
Sniffles2.INS.791M1	0.0
Sniffles2.DEL.11FM13	0.0
Sniffles2.INS.410M10	0.0
Sniffles2.INS.A8M11	0.0
Sniffles2.INS.133M8	0.0
Sniffles2.DEL.4E5M2	0.0
Sniffles2.DEL.71M16	0.0
Sniffles2.DEL.4C3MB	0.0
Sniffles2.INS.12BM12	0.0
Sniffles2.DEL.2F2M7	0.0
Sniffles2.DEL.6FM4	0.0
Sniffles2.DEL.2AAMF	0.0
Sniffles2.INS.2C9M13	0.0
Sniffles2.DEL.663M3	0.0
Sniffles2.INS.70M6	0.0
Sniffles2.DEL.E2M9	0.0
Sniffles2.INS.40M2	0.0
Sniffles2.INS.68FM3	0.0
Sniffles2.INS.19BM2	0.0
Sniffles2.INS.113M2	0.0
Sniffles2.DEL.1M17	0.0
Sniffles2.DEL.15BMD	0.0
Sniffles2.DEL.42DMC	0.0
Sniffles2.INS.4EBM9	0.0
Sniffles2.INS.1A8M3	0.0
Sniffles2.DEL.D5ME	0.0
Sniffles2.INS.48DM10	0.0
Sniffles2.INS.1EFMA	0.0
Sniffles2.INS.253MB	0.0
Sniffles2.DEL.224M16	0.0
Sniffles2.INS.4EFM9	0.0
Sniffles2.INS.692M0	0.0
Sniffles2.INS.3B5M6	0.0
Sniffles2.INS.113ME	0.0
Sniffles2.INS.81M4	0.0
Sniffles2.DEL.246M12	0.0
Sniffles2.DEL.13CM14	0.0
Sniffles2.DEL.2BEM12	0.0
Sniffles2.INS.372M4	0.0
Sniffles2.DEL.54FM3	0.0
Sniffles2.INS.389M11	0.0
Sniffles2.INS.80M6	0.0
Sniffles2.INS.119M5	0.0
Sniffles2.INS.1A0M10	0.0
Sniffles2.DEL.303M4	0.0
Sniffles2.DEL.F9M12	0.0
Sniffles2.INS.6B2M0	0.0
Sniffles2.DEL.2F0M1	0.0
Sniffles2.DEL.487M10	0.0
Sniffles2.INS.450M3	0.0
Sniffles2.DEL.31M17	0.0
Sniffles2.INS.140M10	0.0
Sniffles2.DEL.559M2	0.0
Sniffles2.DEL.31BMB	0.0
Sniffles2.INS.299M10	0.0
Sniffles2.DEL.54AM5	0.0
Sniffles2.DEL.21CM10	0.0
Sniffles2.INS.55AM5	0.0
Sniffles2.DEL.213M14	0.0
Sniffles2.INS.3A3M3	0.0
Sniffles2.DEL.22FM7	0.0
Sniffles2.DEL.3C5M0	0.0
Sniffles2.DEL.198M6	0.0
Sniffles2.DEL.BDM14	0.0
Sniffles2.INS.45M13	0.0
Sniffles2.DEL.229M12	0.0
Sniffles2.DEL.380MA	0.0
Sniffles2.DEL.26AM13	0.0
Sniffles2.INS.281M3	0.0
Sniffles2.INS.3E8M0	0.0
Sniffles2.DEL.166M14	0.0
Sniffles2.INS.3D7M12	0.0
Sniffles2.INS.216MB	0.0
Sniffles2.INS.82M1	0.0
Sniffles2.DEL.101M14	0.0
Sniffles2.DEL.39M9	0.0
Sniffles2.INS.333MC	0.0
Sniffles2.INS.1AAMC	0.0
Sniffles2.DEL.3B2M16	0.0
Sniffles2.INS.218M4	0.0
Sniffles2.DEL.213MA	0.0
Sniffles2.DEL.2F0MF	0.0
Sniffles2.INS.43BM6	0.0
Sniffles2.INS.109M17	0.0
Sniffles2.DEL.181M17	0.0
Sniffles2.DEL.B9M9	0.0
Sniffles2.INS.1D2MD	0.0
Sniffles2.INS.324M14	0.0
Sniffles2.INS.1DMB	0.0
Sniffles2.INS.19DM10	0.0
Sniffles2.INS.1DAM2	0.0
Sniffles2.INS.2ECMA	0.0
Sniffles2.INS.141M7	0.0
Sniffles2.INS.451M8	0.0
Sniffles2.DEL.248M5	0.0
Sniffles2.INS.329M11	0.0
Sniffles2.INS.2ECM16	0.0
Sniffles2.INS.F1M13	0.0
Sniffles2.DEL.4B6M6	0.0
Sniffles2.INS.27BM15	0.0
Sniffles2.INS.77M6	0.0
Sniffles2.INS.3E1MC	0.0
Sniffles2.DEL.260M11	0.0
Sniffles2.DEL.20DM0	0.0
Sniffles2.DEL.3DM8	0.0
Sniffles2.DEL.2B9MF	0.0
Sniffles2.INS.4E5M8	0.0
Sniffles2.DEL.284M14	0.0
Sniffles2.INS.3B6MA	0.0
Sniffles2.DEL.376M9	0.0
Sniffles2.INS.2M10	0.0
Sniffles2.DEL.274M16	0.0
Sniffles2.DEL.16CM17	0.0
Sniffles2.INS.8EMA	0.0
Sniffles2.INS.831M0	0.0
Sniffles2.INS.1CAM16	0.0
Sniffles2.DEL.6CME	0.0
Sniffles2.INS.4EM17	0.0
Sniffles2.DEL.779M0	0.0
Sniffles2.DEL.4F0M8	0.0
Sniffles2.INS.1BDM10	0.0
Sniffles2.DEL.160M1	0.0
Sniffles2.DEL.E1M13	0.0
Sniffles2.DEL.BDM2	0.0
Sniffles2.DEL.230M0	0.0
Sniffles2.DEL.3E0M13	0.0
Sniffles2.DEL.60MC	0.0
Sniffles2.DEL.3BEM10	0.0
Sniffles2.INS.1AEMF	0.0
Sniffles2.INS.332M13	0.0
Sniffles2.INS.580M0	0.0
Sniffles2.INS.473M16	0.0
Sniffles2.DEL.AMD	0.0
Sniffles2.INS.91M12	0.0
Sniffles2.INS.55M3	0.0
Sniffles2.DEL.48AM5	0.0
Sniffles2.DEL.406M8	0.0
Sniffles2.DEL.17AM14	0.0
Sniffles2.INS.71M0	0.0
Sniffles2.INS.2E4M10	0.0
Sniffles2.INS.2BM5	0.0
Sniffles2.INS.321MA	0.0
Sniffles2.DEL.102M17	0.0
Sniffles2.DEL.157M9	0.0
Sniffles2.DEL.87M8	0.0
Sniffles2.DEL.98M17	0.0
Sniffles2.INS.1DM1	0.0
Sniffles2.DEL.F8M17	0.0
Sniffles2.DEL.3B1M1	0.0
Sniffles2.DEL.13FMD	0.0
Sniffles2.DEL.76DM1	0.0
Sniffles2.DEL.40M10	0.0
Sniffles2.DEL.286M7	0.0
Sniffles2.INS.3DM16	0.0
Sniffles2.DEL.5FAM6	0.0
Sniffles2.DEL.20BM2	0.0
Sniffles2.DEL.127M8	0.0
Sniffles2.INS.EEM4	0.0
Sniffles2.DEL.136M17	0.0
Sniffles2.DEL.2CEM5	0.0
Sniffles2.INS.48EM0	0.0
Sniffles2.INS.2AM7	0.0
Sniffles2.INS.370M13	0.0
Sniffles2.DEL.32AM7	0.0
Sniffles2.INS.1B0M12	0.0
Sniffles2.INS.31DM4	0.0
Sniffles2.INS.27EM10	0.0
Sniffles2.DEL.CBM13	0.0
Sniffles2.DEL.3DCMF	0.0
Sniffles2.INS.2FAM4	0.0
Sniffles2.DEL.50M11	0.0
Sniffles2.INS.352M0	0.0
Sniffles2.INS.13BM15	0.0
Sniffles2.DEL.310ME	0.0
Sniffles2.INS.A0M16	0.0
Sniffles2.DEL.B6M12	0.0
Sniffles2.DEL.4DCM5	0.0
Sniffles2.DEL.AEM17	0.0
Sniffles2.DEL.116M16	0.0
Sniffles2.INS.31EM3	0.0
Sniffles2.INS.547M2	0.0
Sniffles2.DEL.2CAM1	0.0
Sniffles2.DEL.1E4M10	0.0
Sniffles2.DEL.FFM8	0.0
Sniffles2.INS.1C5MF	0.0
Sniffles2.INS.EEM0	0.0
Sniffles2.INS.1BEM11	0.0
Sniffles2.INS.3C6MB	0.0
Sniffles2.DUP.272M17	0.0
Sniffles2.INS.449M3	0.0
Sniffles2.DEL.47BM6	0.0
Sniffles2.INS.1C9M0	0.0
Sniffles2.DEL.5D1M9	0.0
Sniffles2.INS.483MB	0.0
Sniffles2.DEL.101M13	0.0
Sniffles2.DEL.75M15	0.0
Sniffles2.INS.47BM7	0.0
Sniffles2.INS.37CM4	0.0
Sniffles2.DEL.365MA	0.0
Sniffles2.DEL.45BM13	0.0
Sniffles2.DEL.E4M13	0.0
Sniffles2.INS.31EMC	0.0
Sniffles2.INS.2B2M1	0.0
Sniffles2.INS.12MF	0.0
Sniffles2.DEL.49BMB	0.0
Sniffles2.INS.350ME	0.0
Sniffles2.DEL.8FM17	0.0
Sniffles2.INS.3E2M8	0.0
Sniffles2.DEL.185M15	0.0
Sniffles2.DEL.2E6M13	0.0
Sniffles2.DEL.5C0M6	0.0
Sniffles2.INS.64M7	0.0
Sniffles2.INS.128MD	0.0
Sniffles2.DEL.18DM13	0.0
Sniffles2.DEL.1F9MD	0.0
Sniffles2.DEL.31AM7	0.0
Sniffles2.INS.F0M3	0.0
Sniffles2.INS.4B7M7	0.0
Sniffles2.DEL.4C9M7	0.0
Sniffles2.DEL.55DM5	0.0
Sniffles2.DEL.1F1M16	0.0
Sniffles2.INS.C4M3	0.0
Sniffles2.INS.28FMD	0.0
Sniffles2.DEL.3A8M16	0.0
Sniffles2.INS.214M10	0.0
Sniffles2.DEL.28FM11	0.0
Sniffles2.INS.3CM0	0.0
Sniffles2.INS.42M2	0.0
Sniffles2.DEL.2CCM10	0.0
Sniffles2.INS.28DM9	0.0
Sniffles2.DEL.15BM12	0.0
Sniffles2.DEL.397M3	0.0
Sniffles2.INS.2E0M14	0.0
Sniffles2.INS.330M14	0.0
Sniffles2.DEL.167M12	0.0
Sniffles2.DEL.41M17	0.0
Sniffles2.INS.FAM10	0.0
Sniffles2.DEL.61AM6	0.0
Sniffles2.INS.3ABM0	0.0
Sniffles2.DEL.1DDM7	0.0
Sniffles2.INS.1FM1	0.0
Sniffles2.INS.62M16	0.0
Sniffles2.INS.AMB	0.0
Sniffles2.DEL.24M15	0.0
Sniffles2.INS.13AM16	0.0
Sniffles2.DEL.71M4	0.0
Sniffles2.INS.11AM2	0.0
Sniffles2.DEL.43FMB	0.0
Sniffles2.INS.1E7M11	0.0
Sniffles2.INS.D3M16	0.0
Sniffles2.DEL.193M13	0.0
Sniffles2.INS.4A8M0	0.0
Sniffles2.DEL.37FM4	0.0
Sniffles2.DEL.44EM0	0.0
Sniffles2.DEL.67DM6	0.0
Sniffles2.INS.172M12	0.0
Sniffles2.DEL.23DM0	0.0
Sniffles2.DEL.2C0ME	0.0
Sniffles2.DEL.422M7	0.0
Sniffles2.INS.288M4	0.0
Sniffles2.INS.4F5M3	0.0
Sniffles2.INS.42M16	0.0
Sniffles2.DEL.438M9	0.0
Sniffles2.INS.298M11	0.0
Sniffles2.INS.2CM17	0.0
Sniffles2.INS.3AFM11	0.0
Sniffles2.INS.5C1M3	0.0
Sniffles2.DEL.4C1MB	0.0
Sniffles2.INS.89M15	0.0
Sniffles2.INS.3B7M10	0.0
Sniffles2.DEL.3FEMF	0.0
Sniffles2.DEL.58AM5	0.0
Sniffles2.INS.1D2M14	0.0
Sniffles2.DEL.195MA	0.0
Sniffles2.INS.220MD	0.0
Sniffles2.INS.502M3	0.0
Sniffles2.INS.38FMB	0.0
Sniffles2.DEL.176M16	0.0
Sniffles2.DEL.1AAM12	0.0
Sniffles2.INS.D6M17	0.0
Sniffles2.DEL.92M14	0.0
Sniffles2.DEL.199M2	0.0
Sniffles2.DEL.6D4M0	0.0
Sniffles2.INS.201M17	0.0
Sniffles2.DEL.20BMF	0.0
Sniffles2.DEL.C8MB	0.0
Sniffles2.INS.51CM8	0.0
Sniffles2.INS.2B0ME	0.0
Sniffles2.INS.4DCM9	0.0
Sniffles2.DEL.518M8	0.0
Sniffles2.DEL.98MB	0.0
Sniffles2.INS.15AMC	0.0
Sniffles2.INS.318MF	0.0
Sniffles2.INS.4EFM2	0.0
Sniffles2.DEL.33FM7	0.0
Sniffles2.DEL.41AM1	0.0
Sniffles2.DEL.183M1	0.0
Sniffles2.DEL.27FM9	0.0
Sniffles2.DEL.FBM15	0.0
Sniffles2.INS.F4ME	0.0
Sniffles2.DEL.356MA	0.0
Sniffles2.DEL.355ME	0.0
Sniffles2.INS.2D8M1	0.0
Sniffles2.INS.DCM5	0.0
Sniffles2.DEL.94M17	0.0
Sniffles2.DEL.BMD	0.0
Sniffles2.INS.3F2M13	0.0
Sniffles2.DEL.3D6M10	0.0
Sniffles2.INS.2A3M13	0.0
Sniffles2.INS.49BM13	0.0
Sniffles2.INS.422M8	0.0
Sniffles2.INS.66M11	0.0
Sniffles2.INS.33M1	0.0
Sniffles2.DEL.64AM3	0.0
Sniffles2.INS.15FM4	0.0
Sniffles2.INS.524M6	0.0
Sniffles2.INS.48EMB	0.0
Sniffles2.DEL.4B9M6	0.0
Sniffles2.INS.2F9M14	0.0
Sniffles2.INS.28FM0	0.0
Sniffles2.INS.343MB	0.0
Sniffles2.DEL.20EM4	0.0
Sniffles2.DEL.47AMB	0.0
Sniffles2.INS.1DEMD	0.0
Sniffles2.DEL.385M8	0.0
Sniffles2.DEL.1C2M13	0.0
Sniffles2.INS.20CM11	0.0
Sniffles2.DEL.644M0	0.0
Sniffles2.DEL.1F7MD	0.0
Sniffles2.INS.60FM5	0.0
Sniffles2.INS.26CM15	0.0
Sniffles2.INS.39M5	0.0
Sniffles2.INS.366M2	0.0
Sniffles2.DEL.3ABM9	0.0
Sniffles2.INS.148M4	0.0
Sniffles2.INS.2C1MA	0.0
Sniffles2.INS.241M3	0.0
Sniffles2.INS.366M16	0.0
Sniffles2.DEL.1DCM13	0.0
Sniffles2.DEL.433M4	0.0
Sniffles2.DEL.18BM8	0.0
Sniffles2.INS.56AM0	0.0
Sniffles2.INS.31AM6	0.0
Sniffles2.INS.467MA	0.0
Sniffles2.INS.128ME	0.0
Sniffles2.DEL.3DFM16	0.0
Sniffles2.INS.5C2M5	0.0
Sniffles2.DEL.11EM6	0.0
Sniffles2.DEL.3B7MC	0.0
Sniffles2.INS.78M3	0.0
Sniffles2.INS.33FM1	0.0
Sniffles2.INS.273M1	0.0
Sniffles2.DEL.614M0	0.0
Sniffles2.INS.37FM3	0.0
Sniffles2.INS.1C8M8	0.0
Sniffles2.DEL.36DM0	0.0
Sniffles2.DEL.245MF	0.0
Sniffles2.DEL.308M16	0.0
Sniffles2.DEL.2AM3	0.0
Sniffles2.INS.57FM9	0.0
Sniffles2.INS.81M7	0.0
Sniffles2.DEL.248M13	0.0
Sniffles2.INS.4EEM0	0.0
Sniffles2.INS.111MF	0.0
Sniffles2.DEL.1EFM16	0.0
Sniffles2.INS.73M17	0.0
Sniffles2.INS.37AM11	0.0
Sniffles2.DEL.2EFM1	0.0
Sniffles2.INS.120M0	0.0
Sniffles2.INS.461M10	0.0
Sniffles2.INS.46M13	0.0
Sniffles2.INS.30BM13	0.0
Sniffles2.DEL.358MA	0.0
Sniffles2.DEL.BDM15	0.0
Sniffles2.DEL.C2ME	0.0
Sniffles2.INS.20FM5	0.0
Sniffles2.DEL.394M4	0.0
Sniffles2.INS.431M13	0.0
Sniffles2.DEL.435M1	0.0
Sniffles2.INS.4EAM5	0.0
Sniffles2.INS.60MA	0.0
Sniffles2.INS.21AM6	0.0
Sniffles2.DEL.434M4	0.0
Sniffles2.INS.2E1MC	0.0
Sniffles2.INS.3BM8	0.0
Sniffles2.DEL.3B6M9	0.0
Sniffles2.INS.2F3M14	0.0
Sniffles2.INS.25BME	0.0
Sniffles2.INS.10CM0	0.0
Sniffles2.DEL.2ECM9	0.0
Sniffles2.DEL.23AM5	0.0
Sniffles2.INS.96M14	0.0
Sniffles2.DEL.5DAM6	0.0
Sniffles2.DEL.1F1M13	0.0
Sniffles2.DEL.56MB	0.0
Sniffles2.INS.276M6	0.0
Sniffles2.INS.1D8M10	0.0
Sniffles2.INS.80M4	0.0
Sniffles2.INS.FFMD	0.0
Sniffles2.INS.19CM8	0.0
Sniffles2.DEL.1AFMB	0.0
Sniffles2.INS.33CM3	0.0
Sniffles2.INS.340MF	0.0
Sniffles2.DEL.50M3	0.0
Sniffles2.DEL.219M17	0.0
Sniffles2.INS.615M3	0.0
Sniffles2.INS.139M16	0.0
Sniffles2.INS.1BM10	0.0
Sniffles2.INS.34FME	0.0
Sniffles2.DEL.207M17	0.0
Sniffles2.DEL.471M3	0.0
Sniffles2.INS.40MD	0.0
Sniffles2.INS.227M10	0.0
Sniffles2.DEL.174M15	0.0
Sniffles2.DEL.76M16	0.0
Sniffles2.DEL.2C3M4	0.0
Sniffles2.INS.123M16	0.0
Sniffles2.DEL.ADMA	0.0
Sniffles2.DEL.4A9MB	0.0
Sniffles2.INS.D1MD	0.0
Sniffles2.DEL.521M5	0.0
Sniffles2.INS.157MD	0.0
Sniffles2.DEL.43FM5	0.0
Sniffles2.DEL.216M16	0.0
Sniffles2.INS.2C4M2	0.0
Sniffles2.DEL.11CMC	0.0
Sniffles2.DEL.1DDM13	0.0
Sniffles2.INS.C6M16	0.0
Sniffles2.INS.323MA	0.0
Sniffles2.DEL.25AM15	0.0
Sniffles2.INS.469M16	0.0
Sniffles2.INS.576M9	0.0
Sniffles2.DEL.112M4	0.0
Sniffles2.INS.30CM16	0.0
Sniffles2.DEL.103M17	0.0
Sniffles2.INS.104M4	0.0
Sniffles2.DEL.9DM15	0.0
Sniffles2.DEL.2D7M10	0.0
Sniffles2.INS.210M3	0.0
Sniffles2.DEL.30BM4	0.0
Sniffles2.INS.7DM17	0.0
Sniffles2.INS.3E4M6	0.0
Sniffles2.INS.1E0M10	0.0
Sniffles2.INS.681M6	0.0
Sniffles2.DEL.40DMA	0.0
Sniffles2.INS.6DFM6	0.0
Sniffles2.INS.3FCM0	0.0
Sniffles2.INS.151M8	0.0
Sniffles2.INS.288M3	0.0
Sniffles2.DEL.6A7M0	0.0
Sniffles2.DEL.D1MA	0.0
Sniffles2.INS.17DMC	0.0
Sniffles2.INS.EAM5	0.0
Sniffles2.INS.150MD	0.0
Sniffles2.DEL.120M11	0.0
Sniffles2.INS.45MB	0.0
Sniffles2.INS.318M7	0.0
Sniffles2.DEL.5CCM1	0.0
Sniffles2.INS.379M13	0.0
Sniffles2.DEL.2D8M16	0.0
Sniffles2.INS.33FM12	0.0
Sniffles2.INS.3EM17	0.0
Sniffles2.INS.42BM5	0.0
Sniffles2.DEL.61M5	0.0
Sniffles2.INS.1CBM16	0.0
Sniffles2.DEL.7D4M0	0.0
Sniffles2.INS.68M12	0.0
Sniffles2.DEL.1C0MA	0.0
Sniffles2.INS.5F6M6	0.0
Sniffles2.INS.4BFMB	0.0
Sniffles2.INS.83BM0	0.0
Sniffles2.INS.30CM14	0.0
Sniffles2.DEL.7CM14	0.0
Sniffles2.DEL.EAM7	0.0
Sniffles2.DEL.2CFM0	0.0
Sniffles2.DEL.1D8M17	0.0
Sniffles2.DEL.1E9M4	0.0
Sniffles2.INS.C3MA	0.0
Sniffles2.INS.B2M16	0.0
Sniffles2.INS.2F5M16	0.0
Sniffles2.INS.22AM10	0.0
Sniffles2.INS.2C0M7	0.0
Sniffles2.DEL.90MF	0.0
Sniffles2.INS.158M12	0.0
Sniffles2.DEL.36FM10	0.0
Sniffles2.DEL.4EAM2	0.0
Sniffles2.DEL.29MF	0.0
Sniffles2.INS.1C8M15	0.0
Sniffles2.INS.1D3M8	0.0
Sniffles2.INS.39BM5	0.0
Sniffles2.DEL.3F5M0	0.0
Sniffles2.INS.103M8	0.0
Sniffles2.INS.2MF	0.0
Sniffles2.INS.3BEM13	0.0
Sniffles2.DEL.82M17	0.0
Sniffles2.DEL.35AME	0.0
Sniffles2.DEL.212M11	0.0
Sniffles2.INS.65DM4	0.0
Sniffles2.INS.1B2M1	0.0
Sniffles2.DEL.32MD	0.0
Sniffles2.DEL.514M9	0.0
Sniffles2.DEL.51CM9	0.0
Sniffles2.INS.39BM16	0.0
Sniffles2.INS.369M13	0.0
Sniffles2.INS.285M0	0.0
Sniffles2.INS.51M14	0.0
Sniffles2.DEL.35DM7	0.0
Sniffles2.DEL.19AM1	0.0
Sniffles2.INS.BDMA	0.0
Sniffles2.INS.224M0	0.0
Sniffles2.INS.B9M0	0.0
Sniffles2.DEL.295M16	0.0
Sniffles2.DEL.603M0	0.0
Sniffles2.DEL.61FM4	0.0
Sniffles2.DEL.160MF	0.0
Sniffles2.DEL.3ACM1	0.0
Sniffles2.DEL.251M5	0.0
Sniffles2.DEL.FAM17	0.0
Sniffles2.INS.C7M1	0.0
Sniffles2.INS.48AM8	0.0
Sniffles2.INS.1F8MB	0.0
Sniffles2.DEL.30AM15	0.0
Sniffles2.INS.170M13	0.0
Sniffles2.DEL.ACMA	0.0
Sniffles2.INS.2F7M11	0.0
Sniffles2.DEL.25DM2	0.0
Sniffles2.INS.11M16	0.0
Sniffles2.DEL.7F4M0	0.0
Sniffles2.INS.1ECM9	0.0
Sniffles2.INS.133M12	0.0
Sniffles2.DEL.1BM16	0.0
Sniffles2.DEL.611M5	0.0
Sniffles2.DEL.1C1M10	0.0
Sniffles2.DEL.1F7M16	0.0
Sniffles2.DEL.474M10	0.0
Sniffles2.INS.236MA	0.0
Sniffles2.INS.12EM6	0.0
Sniffles2.DEL.245M17	0.0
Sniffles2.DEL.7AMC	0.0
Sniffles2.DEL.1EBM1	0.0
Sniffles2.INS.7C7M1	0.0
Sniffles2.INS.257M10	0.0
Sniffles2.DEL.72M4	0.0
Sniffles2.INS.321MF	0.0
Sniffles2.INS.CFM6	0.0
Sniffles2.INS.2B9MB	0.0
Sniffles2.DEL.218MF	0.0
Sniffles2.DEL.231M14	0.0
Sniffles2.INS.1F7M0	0.0
Sniffles2.DEL.360M2	0.0
Sniffles2.DEL.2FFM1	0.0
Sniffles2.INS.209M10	0.0
Sniffles2.DEL.35AM9	0.0
Sniffles2.DEL.232M15	0.0
Sniffles2.INS.262M1	0.0
Sniffles2.INS.2F7M10	0.0
Sniffles2.INS.24FM8	0.0
Sniffles2.INS.487M16	0.0
Sniffles2.DEL.241M4	0.0
Sniffles2.DEL.CM15	0.0
Sniffles2.DEL.5EMB	0.0
Sniffles2.DEL.471MA	0.0
Sniffles2.DEL.546M9	0.0
Sniffles2.INS.291MB	0.0
Sniffles2.INS.2DEM6	0.0
Sniffles2.DEL.32AME	0.0
Sniffles2.INS.211M5	0.0
Sniffles2.INS.44MF	0.0
Sniffles2.DEL.30EM4	0.0
Sniffles2.INS.F4M5	0.0
Sniffles2.DEL.1A3M15	0.0
Sniffles2.INS.5AM14	0.0
Sniffles2.DEL.4DDM5	0.0
Sniffles2.INS.14M14	0.0
Sniffles2.DEL.214M17	0.0
Sniffles2.INS.A5M10	0.0
Sniffles2.INS.6FFM0	0.0
Sniffles2.DEL.699M1	0.0
Sniffles2.DEL.90M15	0.0
Sniffles2.DEL.3AM3	0.0
Sniffles2.INS.2ECM4	0.0
Sniffles2.DEL.14DMA	0.0
Sniffles2.DEL.88M7	0.0
Sniffles2.INS.2E3MC	0.0
Sniffles2.INS.238MB	0.0
Sniffles2.INS.149M10	0.0
Sniffles2.DEL.140M16	0.0
Sniffles2.INS.474M16	0.0
Sniffles2.DEL.B4M6	0.0
Sniffles2.INS.41CM10	0.0
Sniffles2.DEL.3D2M2	0.0
Sniffles2.INS.26EMB	0.0
Sniffles2.INS.110M15	0.0
Sniffles2.DEL.C2M17	0.0
Sniffles2.INS.2E5ME	0.0
Sniffles2.DEL.363M6	0.0
Sniffles2.INS.5D5M9	0.0
Sniffles2.DEL.582M3	0.0
Sniffles2.INS.4E0MA	0.0
Sniffles2.INS.39M17	0.0
Sniffles2.INS.217M0	0.0
Sniffles2.DEL.604M6	0.0
Sniffles2.INS.74M12	0.0
Sniffles2.INS.3CBM10	0.0
Sniffles2.INS.1FDM14	0.0
Sniffles2.DEL.2F3M7	0.0
Sniffles2.DEL.586M0	0.0
Sniffles2.INS.26AM11	0.0
Sniffles2.INS.77AM1	0.0
Sniffles2.INS.8DMF	0.0
Sniffles2.DEL.196M17	0.0
Sniffles2.DEL.3EAMC	0.0
Sniffles2.INS.170M16	0.0
Sniffles2.INS.4C8M0	0.0
Sniffles2.DEL.96M17	0.0
Sniffles2.DEL.245M3	0.0
Sniffles2.DEL.42EM6	0.0
Sniffles2.DEL.BM5	0.0
Sniffles2.DEL.45AM4	0.0
Sniffles2.INS.165M16	0.0
Sniffles2.DEL.251M2	0.0
Sniffles2.INS.5CM10	0.0
Sniffles2.INS.498M6	0.0
Sniffles2.DEL.1ADM2	0.0
Sniffles2.INS.153M9	0.0
Sniffles2.INS.165MA	0.0
Sniffles2.INS.215M6	0.0
Sniffles2.DEL.267M5	0.0
Sniffles2.INS.2C6M1	0.0
Sniffles2.INS.84M16	0.0
Sniffles2.DEL.3BFMB	0.0
Sniffles2.DEL.3CMC	0.0
Sniffles2.DEL.85MB	0.0
Sniffles2.INS.3ACMB	0.0
Sniffles2.DEL.59M4	0.0
Sniffles2.DEL.3FAM10	0.0
Sniffles2.DEL.54BM0	0.0
Sniffles2.INS.343M1	0.0
Sniffles2.INS.54DM9	0.0
Sniffles2.INS.236M15	0.0
Sniffles2.DEL.252M17	0.0
Sniffles2.INS.31MB	0.0
Sniffles2.DEL.228M0	0.0
Sniffles2.INS.441M7	0.0
Sniffles2.DEL.35CM2	0.0
Sniffles2.INS.145M7	0.0
Sniffles2.INS.185M7	0.0
Sniffles2.DEL.438MB	0.0
Sniffles2.INS.532M0	0.0
Sniffles2.INS.57BM5	0.0
Sniffles2.INS.195MD	0.0
Sniffles2.DEL.2C0MF	0.0
Sniffles2.INS.4ECM2	0.0
Sniffles2.DEL.449M16	0.0
Sniffles2.DEL.311M13	0.0
Sniffles2.DEL.659M1	0.0
Sniffles2.DEL.3A1M1	0.0
Sniffles2.DEL.519M5	0.0
Sniffles2.DEL.3EFM4	0.0
Sniffles2.DEL.EM10	0.0
Sniffles2.INS.455M7	0.0
Sniffles2.INS.5EBM5	0.0
Sniffles2.DEL.748M0	0.0
Sniffles2.INS.81CM0	0.0
Sniffles2.DEL.5FM8	0.0
Sniffles2.DEL.BBMD	0.0
Sniffles2.INS.CDMC	0.0
Sniffles2.DEL.108M3	0.0
Sniffles2.DEL.319M8	0.0
Sniffles2.DEL.49M8	0.0
Sniffles2.DEL.136M10	0.0
Sniffles2.INS.1D4MD	0.0
Sniffles2.DEL.5FM6	0.0
Sniffles2.DEL.1D9MA	0.0
Sniffles2.INS.34CME	0.0
Sniffles2.INS.1M5	0.0
Sniffles2.DEL.49M10	0.0
Sniffles2.INS.112M0	0.0
Sniffles2.INS.4BCM0	0.0
Sniffles2.INS.74M13	0.0
Sniffles2.INS.B3M1	0.0
Sniffles2.DEL.2A7MA	0.0
Sniffles2.INS.383MB	0.0
Sniffles2.INS.68CM1	0.0
Sniffles2.DEL.BEM6	0.0
Sniffles2.DUP.138M16	0.0
Sniffles2.INS.205MA	0.0
Sniffles2.INS.25M5	0.0
Sniffles2.DEL.17CMB	0.0
Sniffles2.DEL.F5M16	0.0
Sniffles2.DEL.418M3	0.0
Sniffles2.DEL.623M3	0.0
Sniffles2.DEL.46BM4	0.0
Sniffles2.INS.259MC	0.0
Sniffles2.DEL.9BM15	0.0
Sniffles2.DEL.B1MF	0.0
Sniffles2.INS.4M1	0.0
Sniffles2.INS.682M6	0.0
Sniffles2.DEL.3FFMB	0.0
Sniffles2.INS.38DM2	0.0
Sniffles2.INS.374M11	0.0
Sniffles2.DEL.4A8M2	0.0
Sniffles2.INS.2A6MD	0.0
Sniffles2.DEL.1A3MB	0.0
Sniffles2.DEL.3A7M3	0.0
Sniffles2.DEL.69CM6	0.0
Sniffles2.INS.126M13	0.0
Sniffles2.DEL.5EBM9	0.0
Sniffles2.DEL.2FCMF	0.0
Sniffles2.INS.E3ME	0.0
Sniffles2.DEL.2A1M16	0.0
Sniffles2.INS.19FM15	0.0
Sniffles2.DEL.3DFM2	0.0
Sniffles2.DEL.170M14	0.0
Sniffles2.INS.363M12	0.0
Sniffles2.INS.229M5	0.0
Sniffles2.INS.440MA	0.0
Sniffles2.INS.231M8	0.0
Sniffles2.INS.21FM3	0.0
Sniffles2.DEL.2B4M6	0.0
Sniffles2.DEL.468M10	0.0
Sniffles2.DEL.162M8	0.0
Sniffles2.DEL.B3MC	0.0
Sniffles2.DEL.325M16	0.0
Sniffles2.DEL.98MA	0.0
Sniffles2.DEL.136M6	0.0
Sniffles2.DEL.29FMC	0.0
Sniffles2.INS.307M7	0.0
Sniffles2.INS.61M2	0.0
Sniffles2.DUP.188M4	0.0
Sniffles2.DEL.1DMC	0.0
Sniffles2.INS.423M1	0.0
Sniffles2.INS.18MD	0.0
Sniffles2.INS.83M16	0.0
Sniffles2.DEL.4D0M9	0.0
Sniffles2.DEL.86M13	0.0
Sniffles2.INS.503M2	0.0
Sniffles2.DEL.5DBM5	0.0
Sniffles2.DEL.10M10	0.0
Sniffles2.DEL.2DM16	0.0
Sniffles2.INS.46CM0	0.0
Sniffles2.INS.FAM4	0.0
Sniffles2.DUP.305M4	0.0
Sniffles2.INS.65ME	0.0
Sniffles2.DEL.300M1	0.0
Sniffles2.DEL.E9ME	0.0
Sniffles2.DEL.5C3M0	0.0
Sniffles2.DEL.2DM0	0.0
Sniffles2.INS.1MC	0.0
Sniffles2.INS.558M5	0.0
Sniffles2.INS.278M13	0.0
Sniffles2.INS.110M16	0.0
Sniffles2.INS.3AMF	0.0
Sniffles2.INS.23EMA	0.0
Sniffles2.DEL.54AM1	0.0
Sniffles2.INS.147ME	0.0
Sniffles2.INS.22EMA	0.0
Sniffles2.DEL.607M9	0.0
Sniffles2.DEL.2A5M4	0.0
Sniffles2.INS.767M0	0.0
Sniffles2.INS.58M14	0.0
Sniffles2.INS.2A1M5	0.0
Sniffles2.INS.1D5ME	0.0
Sniffles2.DEL.12EM16	0.0
Sniffles2.DEL.5BM8	0.0
Sniffles2.INS.230M3	0.0
Sniffles2.INS.16FMB	0.0
Sniffles2.DEL.387M5	0.0
Sniffles2.INS.1FBM12	0.0
Sniffles2.DEL.78DM1	0.0
Sniffles2.INS.167M16	0.0
Sniffles2.INS.535M5	0.0
Sniffles2.DEL.109MD	0.0
Sniffles2.INS.423M0	0.0
Sniffles2.DEL.99M6	0.0
Sniffles2.INS.DAM16	0.0
Sniffles2.DEL.1DBM13	0.0
Sniffles2.DEL.4ACM16	0.0
Sniffles2.DEL.26FM5	0.0
Sniffles2.DEL.30FM16	0.0
Sniffles2.INS.454M7	0.0
Sniffles2.DEL.1ABM14	0.0
Sniffles2.DEL.F4M17	0.0
Sniffles2.INS.453M4	0.0
Sniffles2.INS.1EAM3	0.0
Sniffles2.DEL.5BCM3	0.0
Sniffles2.INS.130M1	0.0
Sniffles2.DEL.5EM14	0.0
Sniffles2.INS.62EM4	0.0
Sniffles2.DEL.3ABM8	0.0
Sniffles2.INS.543M2	0.0
Sniffles2.INS.17EMC	0.0
Sniffles2.INS.56CM1	0.0
Sniffles2.DEL.1CBM17	0.0
Sniffles2.DEL.1AM3	0.0
Sniffles2.DEL.558M4	0.0
Sniffles2.DEL.66M10	0.0
Sniffles2.INS.4EDMB	0.0
Sniffles2.INS.2F4MA	0.0
Sniffles2.INS.2EM10	0.0
Sniffles2.INS.35BM9	0.0
Sniffles2.DEL.7CMC	0.0
Sniffles2.DEL.8EM14	0.0
Sniffles2.DEL.53M16	0.0
Sniffles2.INS.226M9	0.0
Sniffles2.INS.2BM2	0.0
Sniffles2.INS.1B7MF	0.0
Sniffles2.DEL.469M1	0.0
Sniffles2.DEL.1F7M17	0.0
Sniffles2.INS.33MB	0.0
Sniffles2.INS.79M0	0.0
Sniffles2.INS.3BEM16	0.0
Sniffles2.INS.2C5MC	0.0
Sniffles2.DEL.37FMC	0.0
Sniffles2.DEL.24AM5	0.0
Sniffles2.DEL.3C4M16	0.0
Sniffles2.INS.762M1	0.0
Sniffles2.INS.208M0	0.0
Sniffles2.DEL.4B8MB	0.0
Sniffles2.DEL.15DM16	0.0
Sniffles2.DEL.27M3	0.0
Sniffles2.DEL.275M9	0.0
Sniffles2.DEL.8CM16	0.0
Sniffles2.INS.31M4	0.0
Sniffles2.DEL.2CFM14	0.0
Sniffles2.INS.67DM0	0.0
Sniffles2.INS.318MB	0.0
Sniffles2.DEL.19CM15	0.0
Sniffles2.DEL.2FCM14	0.0
Sniffles2.INS.17BMD	0.0
Sniffles2.DEL.135M17	0.0
Sniffles2.DEL.88M10	0.0
Sniffles2.DEL.5EM7	0.0
Sniffles2.INS.25FM15	0.0
Sniffles2.DEL.4BAM1	0.0
Sniffles2.INS.4C5M0	0.0
Sniffles2.INS.485M2	0.0
Sniffles2.INS.C4M13	0.0
Sniffles2.INS.5F0M9	0.0
Sniffles2.DEL.303M5	0.0
Sniffles2.DEL.2E8M16	0.0
Sniffles2.INS.4A8M8	0.0
Sniffles2.DEL.3A5MB	0.0
Sniffles2.DEL.4B1M7	0.0
Sniffles2.INS.122M0	0.0
Sniffles2.INS.3B0M2	0.0
Sniffles2.DEL.198M9	0.0
Sniffles2.INS.B4M15	0.0
Sniffles2.INS.413M2	0.0
Sniffles2.DEL.2E8M9	0.0
Sniffles2.DEL.45M17	0.0
Sniffles2.INS.166ME	0.0
Sniffles2.INS.53FM1	0.0
Sniffles2.DEL.180MD	0.0
Sniffles2.INS.3E6M16	0.0
Sniffles2.DEL.4AEM2	0.0
Sniffles2.INS.1F9M8	0.0
Sniffles2.DEL.572M4	0.0
Sniffles2.INS.22FMA	0.0
Sniffles2.DEL.54BM6	0.0
Sniffles2.DEL.349M1	0.0
Sniffles2.DEL.C0M10	0.0
Sniffles2.DEL.88MC	0.0
Sniffles2.INS.243M3	0.0
Sniffles2.DEL.250M0	0.0
Sniffles2.INS.849M0	0.0
Sniffles2.DEL.238M6	0.0
Sniffles2.DEL.579M0	0.0
Sniffles2.INS.7E7M1	0.0
Sniffles2.INS.35CM11	0.0
Sniffles2.INS.395M10	0.0
Sniffles2.INS.415M1	0.0
Sniffles2.DEL.156M9	0.0
Sniffles2.INS.144M14	0.0
Sniffles2.INS.CDM11	0.0
Sniffles2.DEL.223M15	0.0
Sniffles2.INS.2D5M12	0.0
Sniffles2.DEL.1E2M8	0.0
Sniffles2.DEL.261M17	0.0
Sniffles2.INS.6F7M1	0.0
Sniffles2.DEL.133M13	0.0
Sniffles2.INS.15CMF	0.0
Sniffles2.INS.31AM13	0.0
Sniffles2.INS.34EMB	0.0
Sniffles2.DEL.1DFM11	0.0
Sniffles2.INS.3A5M3	0.0
Sniffles2.INS.71MF	0.0
Sniffles2.DEL.4DFM2	0.0
Sniffles2.DEL.263M0	0.0
Sniffles2.DEL.243M6	0.0
Sniffles2.DEL.E2M12	0.0
Sniffles2.INS.493M16	0.0
Sniffles2.DEL.31EM4	0.0
Sniffles2.DEL.41AM8	0.0
Sniffles2.DEL.41CM6	0.0
Sniffles2.INS.487M2	0.0
Sniffles2.INS.256M5	0.0
Sniffles2.INS.58MD	0.0
Sniffles2.DEL.391MB	0.0
Sniffles2.INS.15EM10	0.0
Sniffles2.DEL.4ACMB	0.0
Sniffles2.DEL.99MC	0.0
Sniffles2.DEL.1C8M9	0.0
Sniffles2.INS.1F2M3	0.0
Sniffles2.INS.CDMA	0.0
Sniffles2.INS.450M10	0.0
Sniffles2.INS.C0M16	0.0
Sniffles2.DEL.284MD	0.0
Sniffles2.INS.151ME	0.0
Sniffles2.INS.4CAM7	0.0
Sniffles2.INS.C8M16	0.0
Sniffles2.DEL.1B5M10	0.0
Sniffles2.DEL.282M4	0.0
Sniffles2.INS.2C7M11	0.0
Sniffles2.INS.4CM9	0.0
Sniffles2.DEL.1C4M16	0.0
Sniffles2.DEL.154M10	0.0
Sniffles2.INS.234M3	0.0
Sniffles2.DEL.7F8M0	0.0
Sniffles2.DEL.2A3M5	0.0
Sniffles2.INS.1E5M9	0.0
Sniffles2.INS.541M5	0.0
Sniffles2.DEL.342MC	0.0
Sniffles2.INS.263MC	0.0
Sniffles2.INS.27M12	0.0
Sniffles2.INS.2CFM13	0.0
Sniffles2.INS.51DM9	0.0
Sniffles2.DEL.24DM0	0.0
Sniffles2.INS.2E4MA	0.0
Sniffles2.DEL.2BM14	0.0
Sniffles2.INS.1A7M15	0.0
Sniffles2.DEL.F1M10	0.0
Sniffles2.DEL.293MF	0.0
Sniffles2.INS.3E4MF	0.0
Sniffles2.INS.F2M10	0.0
Sniffles2.INS.199M16	0.0
Sniffles2.INS.183M10	0.0
Sniffles2.INS.2FCM12	0.0
Sniffles2.DEL.95ME	0.0
Sniffles2.INS.3FBMF	0.0
Sniffles2.DEL.10CM9	0.0
Sniffles2.INS.E9M8	0.0
Sniffles2.INS.230M15	0.0
Sniffles2.INS.1B3ME	0.0
Sniffles2.DEL.12BM15	0.0
Sniffles2.INS.694M0	0.0
Sniffles2.DEL.45AMA	0.0
Sniffles2.INS.1B5M2	0.0
Sniffles2.INS.2B0M9	0.0
Sniffles2.INS.22AM7	0.0
Sniffles2.DEL.70MC	0.0
Sniffles2.INS.472M4	0.0
Sniffles2.INS.41AM13	0.0
Sniffles2.DEL.31M0	0.0
Sniffles2.DEL.4CAMB	0.0
Sniffles2.DEL.548M5	0.0
Sniffles2.DEL.E0M14	0.0
Sniffles2.DEL.2E7M9	0.0
Sniffles2.DEL.156M16	0.0
Sniffles2.INS.36M1	0.0
Sniffles2.DEL.1DAM13	0.0
Sniffles2.INS.5FM9	0.0
Sniffles2.DEL.141M17	0.0
Sniffles2.INS.D1ME	0.0
Sniffles2.DEL.24AM2	0.0
Sniffles2.DEL.7CMD	-1.0
Sniffles2.DEL.F4MF	-1.0
Sniffles2.INS.647M6	-1.0
Sniffles2.INS.3A9M16	-1.0
Sniffles2.INS.9M9	-1.0
Sniffles2.DEL.372M2	-1.0
Sniffles2.INS.22AM8	-1.0
Sniffles2.DEL.1B4M4	-1.0
Sniffles2.DEL.171M1	-1.0
Sniffles2.DEL.630M1	-1.0
Sniffles2.DEL.45AM9	-1.0
Sniffles2.INS.162M9	-1.0
Sniffles2.INS.287M10	-1.0
Sniffles2.DEL.49BM9	-1.0
Sniffles2.DEL.271M16	-1.0
Sniffles2.INS.48DM4	-1.0
Sniffles2.INS.4DM8	-1.0
Sniffles2.DEL.385M4	-1.0
Sniffles2.DEL.552M1	-1.0
Sniffles2.DEL.13EMA	-1.0
Sniffles2.DEL.5C8M6	-1.0
Sniffles2.DEL.47DM7	-1.0
Sniffles2.DEL.5DM15	-1.0
Sniffles2.DEL.2D1M6	-1.0
Sniffles2.INS.217ME	-1.0
Sniffles2.DEL.371M0	-1.0
Sniffles2.DEL.C4M6	-1.0
Sniffles2.DEL.2A6M1	-1.0
Sniffles2.INS.49CM0	-1.0
Sniffles2.DEL.6CM6	-1.0
Sniffles2.DEL.419M7	-1.0
Sniffles2.INS.3A6M12	-1.0
Sniffles2.DEL.2ECMC	-1.0
Sniffles2.INS.46AM10	-1.0
Sniffles2.DEL.3B0M6	-1.0
Sniffles2.INS.1B2ME	-1.0
Sniffles2.DEL.43BM7	-1.0
Sniffles2.INS.588M3	-1.0
Sniffles2.INS.4A5M0	-1.0
Sniffles2.DEL.653M0	-1.0
Sniffles2.DEL.166M7	-1.0
Sniffles2.DEL.1AFM0	-1.0
Sniffles2.DEL.2EEM0	-1.0
Sniffles2.DEL.1C1MD	-1.0
Sniffles2.DEL.406M0	-1.0
Sniffles2.INS.3EBM13	-1.0
Sniffles2.DEL.350M10	-1.0
Sniffles2.DEL.38DM9	-1.0
Sniffles2.INS.409MF	-1.0
Sniffles2.DEL.11BM7	-1.0
Sniffles2.DEL.C6M8	-1.0
Sniffles2.DEL.1E8M5	-1.0
Sniffles2.INS.4CM11	-1.0
Sniffles2.DEL.E2M15	-1.0
Sniffles2.INS.284M15	-1.0
Sniffles2.DEL.1AAM7	-1.0
Sniffles2.DEL.F9M2	-1.0
Sniffles2.INS.387M3	-1.0
Sniffles2.DEL.53BM1	-1.0
Sniffles2.INS.2E5M15	-1.0
Sniffles2.DEL.6E7M0	-1.0
Sniffles2.DEL.2C0M15	-1.0
Sniffles2.DEL.43FM16	-1.0
Sniffles2.INS.13AM2	-1.0
Sniffles2.INS.4A7M0	-1.0
Sniffles2.INS.34FM0	-1.0
Sniffles2.DEL.2BEM3	-1.0
Sniffles2.INS.387M16	-1.0
Sniffles2.DEL.6BDM0	-1.0
Sniffles2.INS.6F4M6	-1.0
Sniffles2.DEL.384M5	-1.0
Sniffles2.INS.195M16	-1.0
Sniffles2.INS.2DDMB	-1.0
Sniffles2.DEL.2F0M15	-1.0
Sniffles2.DEL.2DBMC	-1.0
Sniffles2.INS.1FFM6	-1.0
Sniffles2.DEL.243M16	-1.0
Sniffles2.DEL.1FAMB	-1.0
Sniffles2.DEL.10EM6	-1.0
Sniffles2.DEL.199M0	-1.0
Sniffles2.INS.306M4	-1.0
Sniffles2.INS.1B4M0	-1.0
Sniffles2.INS.394MF	-1.0
Sniffles2.DEL.5D3M1	-1.0
Sniffles2.DEL.49DM16	-1.0
Sniffles2.DEL.AEM15	-1.0
Sniffles2.INS.5EM11	-1.0
Sniffles2.DEL.47CM6	-1.0
Sniffles2.DEL.B1M1	-1.0
Sniffles2.INS.325MF	-1.0
Sniffles2.DEL.118M9	-1.0
Sniffles2.DEL.F0ME	-1.0
Sniffles2.DEL.496M2	-1.0
Sniffles2.INS.215MF	-1.0
Sniffles2.DEL.12CM9	-1.0
Sniffles2.DEL.2DCM12	-1.0
Sniffles2.INS.3AFM0	-1.0
Sniffles2.INS.FDM16	-1.0
Sniffles2.INS.5D5M5	-1.0
Sniffles2.INS.515M0	-1.0
Sniffles2.DEL.20EM15	-1.0
Sniffles2.DEL.165M12	-1.0
Sniffles2.INS.B6MD	-1.0
Sniffles2.DEL.129ME	-1.0
Sniffles2.DEL.3B3M7	-1.0
Sniffles2.DEL.22FM5	-1.0
Sniffles2.INS.44DM13	-1.0
Sniffles2.INS.11DM5	-1.0
Sniffles2.DEL.4FBM2	-1.0
Sniffles2.INS.351M10	-1.0
Sniffles2.INS.C0MB	-1.0
Sniffles2.DEL.85M6	-1.0
Sniffles2.DEL.37DM5	-1.0
Sniffles2.INS.114MC	-1.0
Sniffles2.DEL.7A1M0	-1.0
Sniffles2.DEL.279M6	-1.0
Sniffles2.INS.17FM1	-1.0
Sniffles2.DEL.211M3	-1.0
Sniffles2.DEL.135M3	-1.0
Sniffles2.DEL.320M3	-1.0
Sniffles2.INS.117M12	-1.0
Sniffles2.DEL.255ME	-1.0
Sniffles2.INS.732M0	-1.0
Sniffles2.DEL.27FMB	-1.0
Sniffles2.DEL.A5M12	-1.0
Sniffles2.INS.22FM8	-1.0
Sniffles2.DEL.12DMA	-1.0
Sniffles2.INS.FEM10	-1.0
Sniffles2.DEL.3D8M0	-1.0
Sniffles2.DEL.138M17	-1.0
Sniffles2.DEL.1D3M7	-1.0
Sniffles2.INS.78M12	-1.0
Sniffles2.DEL.39BM10	-1.0
Sniffles2.INS.AEM9	-1.0
Sniffles2.INS.4FM8	-1.0
Sniffles2.DEL.3DAM4	-1.0
Sniffles2.INS.4A1M1	-1.0
Sniffles2.INS.145M2	-1.0
Sniffles2.DEL.1D9M14	-1.0
Sniffles2.INS.3D0M8	-1.0
Sniffles2.DEL.1C0M6	-1.0
Sniffles2.DEL.2DDM16	-1.0
Sniffles2.INS.5FDM9	-1.0
Sniffles2.DEL.C8M9	-1.0
Sniffles2.INS.140M0	-1.0
Sniffles2.INS.9CM11	-1.0
Sniffles2.DEL.58EM1	-1.0
Sniffles2.DEL.E8M7	-1.0
Sniffles2.INS.388MF	-1.0
Sniffles2.INS.5E9M6	-1.0
Sniffles2.INS.451M1	-1.0
Sniffles2.INS.3EAM4	-1.0
Sniffles2.INS.39DM3	-1.0
Sniffles2.INS.2E6M16	-1.0
Sniffles2.INS.13FM17	-1.0
Sniffles2.INS.B1M4	-1.0
Sniffles2.DEL.15AM1	-1.0
Sniffles2.DEL.91MB	-1.0
Sniffles2.INS.1AAM4	-1.0
Sniffles2.INS.176M5	-1.0
Sniffles2.DEL.1F9M11	-1.0
Sniffles2.INS.12BMC	-1.0
Sniffles2.DEL.36CM3	-1.0
Sniffles2.DEL.4D0MB	-1.0
Sniffles2.INS.4D5M8	-1.0
Sniffles2.INS.D0MA	-1.0
Sniffles2.DEL.39EM5	-1.0
Sniffles2.INS.260M14	-1.0
Sniffles2.DEL.2B3MB	-1.0
Sniffles2.INS.1E9M2	-1.0
Sniffles2.INS.3CDMC	-1.0
Sniffles2.INS.3B0M5	-1.0
Sniffles2.DEL.43EM1	-1.0
Sniffles2.INS.1FDM16	-1.0
Sniffles2.DEL.1CDM1	-1.0
Sniffles2.INS.191MF	-1.0
Sniffles2.DEL.102M9	-1.0
Sniffles2.DEL.3EM1	-1.0
Sniffles2.DEL.14M7	-1.0
Sniffles2.DEL.434M9	-1.0
Sniffles2.INS.3A2M8	-1.0
Sniffles2.INS.39AM5	-1.0
Sniffles2.INS.275MC	-1.0
Sniffles2.DEL.30DM10	-1.0
Sniffles2.DEL.3E4M9	-1.0
Sniffles2.DEL.26BM10	-1.0
Sniffles2.DEL.206M4	-1.0
Sniffles2.INS.4F7MB	-1.0
Sniffles2.INS.386M8	-1.0
Sniffles2.INS.9DM6	-1.0
Sniffles2.DEL.302M0	-1.0
Sniffles2.DEL.91M9	-1.0
Sniffles2.DEL.105M3	-1.0
Sniffles2.DEL.4ECM6	-1.0
Sniffles2.INS.5F5M0	-1.0
Sniffles2.INS.2AM4	-1.0
Sniffles2.INS.218M0	-1.0
Sniffles2.INS.27CMA	-1.0
Sniffles2.DEL.618M1	-1.0
Sniffles2.DEL.3E7M6	-1.0
Sniffles2.INS.200M3	-1.0
Sniffles2.DEL.5AFM1	-1.0
Sniffles2.DEL.6DBM0	-1.0
Sniffles2.INS.5A0M5	-1.0
Sniffles2.DEL.13CM9	-1.0
Sniffles2.DEL.104M2	-1.0
Sniffles2.INS.2B1M5	-1.0
Sniffles2.DEL.BCM16	-1.0
Sniffles2.INS.341M6	-1.0
Sniffles2.INS.3DEM9	-1.0
Sniffles2.INS.279M0	-1.0
Sniffles2.DEL.394M16	-1.0
Sniffles2.DEL.18EM4	-1.0
Sniffles2.DEL.59FM5	-1.0
Sniffles2.INS.576M3	-1.0
Sniffles2.DEL.447M10	-1.0
Sniffles2.DEL.2E9M2	-1.0
Sniffles2.INS.CDM14	-1.0
Sniffles2.DEL.52EM1	-1.0
Sniffles2.INS.7AAM1	-1.0
Sniffles2.INS.33BM1	-1.0
Sniffles2.DEL.465M9	-1.0
Sniffles2.INS.4FBM1	-1.0
Sniffles2.DEL.3F1M3	-1.0
Sniffles2.INS.373M10	-1.0
Sniffles2.INS.595M3	-1.0
Sniffles2.DEL.2EAMB	-1.0
Sniffles2.INS.19AM0	-1.0
Sniffles2.DEL.1BM8	-1.0
Sniffles2.DEL.39FMB	-1.0
Sniffles2.INS.637M1	-1.0
Sniffles2.INS.28AM11	-1.0
Sniffles2.INS.2FEM13	-1.0
Sniffles2.INS.4F6M2	-1.0
Sniffles2.DEL.47M15	-1.0
Sniffles2.DEL.1CBM1	-1.0
Sniffles2.DEL.108M14	-1.0
Sniffles2.INS.D7M8	-1.0
Sniffles2.DEL.121MC	-1.0
Sniffles2.INS.5A2M4	-1.0
Sniffles2.DEL.1C2M1	-1.0
Sniffles2.DEL.40EM7	-1.0
Sniffles2.DEL.D2MA	-1.0
Sniffles2.DEL.440M1	-1.0
Sniffles2.INS.2D5M6	-1.0
Sniffles2.INS.29EM5	-1.0
Sniffles2.DEL.2D8MA	-1.0
Sniffles2.INS.25CMC	-1.0
Sniffles2.INS.16AM10	-1.0
Sniffles2.INS.490M9	-1.0
Sniffles2.INS.129M14	-1.0
Sniffles2.INS.454M2	-1.0
Sniffles2.DEL.488M7	-1.0
Sniffles2.DEL.315M0	-1.0
Sniffles2.DEL.119M6	-1.0
Sniffles2.INS.1M12	-1.0
Sniffles2.INS.A5M9	-1.0
Sniffles2.INS.353M0	-1.0
Sniffles2.DEL.179M8	-1.0
Sniffles2.INS.37EM12	-1.0
Sniffles2.INS.185MC	-1.0
Sniffles2.INS.149M7	-1.0
Sniffles2.INS.2A1M0	-1.0
Sniffles2.DEL.343M13	-1.0
Sniffles2.DEL.227M5	-1.0
Sniffles2.INS.16CM4	-1.0
Sniffles2.DEL.1E8M16	-1.0
Sniffles2.INS.36DM7	-1.0
Sniffles2.INS.9EM4	-1.0
Sniffles2.INS.9CM12	-1.0
Sniffles2.DEL.BAMC	-1.0
Sniffles2.DEL.1CDM4	-1.0
Sniffles2.INS.DEM8	-1.0
Sniffles2.DEL.2D9M7	-1.0
Sniffles2.DEL.238M14	-1.0
Sniffles2.DEL.F5M8	-1.0
Sniffles2.DEL.3D6M1	-1.0
Sniffles2.DEL.10AM6	-1.0
Sniffles2.INS.14EM3	-1.0
Sniffles2.DEL.1AAMF	-1.0
Sniffles2.DEL.1A5M8	-1.0
Sniffles2.DEL.544M4	-1.0
Sniffles2.DEL.32DM3	-1.0
Sniffles2.INS.5AM3	-1.0
Sniffles2.INS.348MA	-1.0
Sniffles2.INS.2EFMB	-1.0
Sniffles2.INS.16AME	-1.0
Sniffles2.DEL.3FM13	-1.0
Sniffles2.INS.490M8	-1.0
Sniffles2.INS.25EM15	-1.0
Sniffles2.DEL.227M11	-1.0
Sniffles2.DEL.48BM13	-1.0
Sniffles2.INS.F7M8	-1.0
Sniffles2.DEL.1ACM10	-1.0
Sniffles2.DEL.1A8M9	-1.0
Sniffles2.INS.6BM9	-1.0
Sniffles2.DEL.58FM4	-1.0
Sniffles2.INS.25CM12	-1.0
Sniffles2.DEL.7EM5	-1.0
Sniffles2.INS.171ME	-1.0
Sniffles2.DEL.243M0	-1.0
Sniffles2.DEL.35AM16	-1.0
Sniffles2.DEL.27AM11	-1.0
Sniffles2.DEL.21DMB	-1.0
Sniffles2.DEL.126M7	-1.0
Sniffles2.INS.37CM3	-1.0
Sniffles2.DEL.13BMA	-1.0
Sniffles2.DEL.146M8	-1.0
Sniffles2.DEL.3EBM0	-1.0
Sniffles2.DEL.3D4M16	-1.0
Sniffles2.DEL.4D4M0	-1.0
Sniffles2.INS.380M5	-1.0
Sniffles2.INS.525M1	-1.0
Sniffles2.DEL.1B3MC	-1.0
Sniffles2.DEL.E3M6	-1.0
Sniffles2.INS.275M17	-1.0
Sniffles2.DEL.314MC	-1.0
Sniffles2.INS.561M3	-1.0
Sniffles2.DEL.223MB	-1.0
Sniffles2.INS.604M0	-1.0
Sniffles2.INS.537M1	-1.0
Sniffles2.INS.47AM10	-1.0
Sniffles2.DEL.F4M8	-1.0
Sniffles2.DEL.F0M1	-1.0
Sniffles2.DEL.2D5M8	-1.0
Sniffles2.DEL.770M0	-1.0
Sniffles2.INS.4FM5	-1.0
Sniffles2.DUP.0M18	-1.0
Sniffles2.INS.384M4	-1.0
Sniffles2.DEL.BM9	-1.0
Sniffles2.INS.286M14	-1.0
Sniffles2.INS.D0M4	-1.0
Sniffles2.DEL.1E9M5	-1.0
Sniffles2.INS.2AFM11	-1.0
Sniffles2.INS.6D1M1	-1.0
Sniffles2.DEL.397M9	-1.0
Sniffles2.DEL.202M11	-1.0
Sniffles2.DEL.1DEMF	-1.0
Sniffles2.INS.136M0	-1.0
Sniffles2.DEL.2C6M8	-1.0
Sniffles2.INS.490M6	-1.0
Sniffles2.INS.176M12	-1.0
Sniffles2.INS.33AMB	-1.0
Sniffles2.DEL.BMA	-1.0
Sniffles2.DEL.39FM9	-1.0
Sniffles2.DEL.13BM2	-1.0
Sniffles2.INS.5BFM0	-1.0
Sniffles2.INS.CBM6	-1.0
Sniffles2.DEL.251MC	-1.0
Sniffles2.DEL.281M1	-1.0
Sniffles2.DEL.502M1	-1.0
Sniffles2.INS.1FDME	-1.0
Sniffles2.DEL.497M0	-1.0
Sniffles2.DEL.49M15	-1.0
Sniffles2.DEL.84M3	-1.0
Sniffles2.DEL.392M2	-1.0
Sniffles2.INS.6A4M6	-1.0
Sniffles2.DEL.24CM7	-1.0
Sniffles2.INS.114M3	-1.0
Sniffles2.INS.28M9	-1.0
Sniffles2.INS.474MA	-1.0
Sniffles2.INS.5E3M6	-1.0
Sniffles2.INS.273M11	-1.0
Sniffles2.INS.3E6M10	-1.0
Sniffles2.INS.1CEM0	-1.0
Sniffles2.DEL.B7ME	-1.0
Sniffles2.DEL.480M5	-1.0
Sniffles2.DEL.19FM4	-1.0
Sniffles2.INS.334M16	-1.0
Sniffles2.INS.220M14	-1.0
Sniffles2.DEL.118ME	-1.0
Sniffles2.DEL.3CFM9	-1.0
Sniffles2.INS.44EM16	-1.0
Sniffles2.DEL.165M10	-1.0
Sniffles2.INS.390M11	-1.0
Sniffles2.DEL.431M7	-1.0
Sniffles2.DEL.266M16	-1.0
Sniffles2.DEL.6FMA	-1.0
Sniffles2.DEL.1B7ME	-1.0
Sniffles2.DEL.2AEM1	-1.0
Sniffles2.INS.272M16	-1.0
Sniffles2.DEL.2D6MB	-1.0
Sniffles2.DEL.663M0	-1.0
Sniffles2.INS.E7M13	-1.0
Sniffles2.INS.419M13	-1.0
Sniffles2.INS.499M6	-1.0
Sniffles2.DEL.2FEM8	-1.0
Sniffles2.INS.98M0	-1.0
Sniffles2.DEL.1C2ME	-1.0
Sniffles2.INS.329M10	-1.0
Sniffles2.DEL.4A1M8	-1.0
Sniffles2.INS.3D9M8	-1.0
Sniffles2.INS.209ME	-1.0
Sniffles2.INS.323M10	-1.0
Sniffles2.INS.136M7	-1.0
Sniffles2.INS.A2M9	-1.0
Sniffles2.DEL.5BEM6	-1.0
Sniffles2.INS.43AM2	-1.0
Sniffles2.DEL.E0MF	-1.0
Sniffles2.DEL.31EM11	-1.0
Sniffles2.DEL.7FM2	-1.0
Sniffles2.INS.251M10	-1.0
Sniffles2.DEL.3F4M0	-1.0
Sniffles2.INS.3D7M0	-1.0
Sniffles2.DEL.432MB	-1.0
Sniffles2.INS.34M2	-1.0
Sniffles2.DEL.11AM5	-1.0
Sniffles2.DEL.21DM16	-1.0
Sniffles2.DEL.524M3	-1.0
Sniffles2.DEL.260MC	-1.0
Sniffles2.DEL.75M8	-1.0
Sniffles2.DEL.4E9M4	-1.0
Sniffles2.INS.1D7M12	-1.0
Sniffles2.DEL.4B2M4	-1.0
Sniffles2.INS.63M8	-1.0
Sniffles2.INS.265M11	-1.0
Sniffles2.DEL.1E1M3	-1.0
Sniffles2.DEL.3E3M4	-1.0
Sniffles2.INS.493M2	-1.0
Sniffles2.DEL.2DEM10	-1.0
Sniffles2.INS.42AM4	-1.0
Sniffles2.INS.21CMF	-1.0
Sniffles2.DEL.307M2	-1.0
Sniffles2.DEL.F3M17	-1.0
Sniffles2.INS.4D7M9	-1.0
Sniffles2.DEL.479M6	-1.0
Sniffles2.INS.CFM7	-1.0
Sniffles2.DEL.15AM0	-1.0
Sniffles2.INS.387M4	-1.0
Sniffles2.DEL.11EM7	-1.0
Sniffles2.DEL.1BFM9	-1.0
Sniffles2.INS.6FM3	-1.0
Sniffles2.INS.3FAM8	-1.0
Sniffles2.INS.4B4M8	-1.0
Sniffles2.INS.4BCM2	-1.0
Sniffles2.DEL.387MF	-1.0
Sniffles2.INS.574M9	-1.0
Sniffles2.DEL.156M3	-1.0
Sniffles2.INS.4EAM4	-1.0
Sniffles2.DEL.392M9	-1.0
Sniffles2.DEL.23BM3	-1.0
Sniffles2.DEL.100M4	-1.0
Sniffles2.DEL.CM9	-1.0
Sniffles2.INS.131M2	-1.0
Sniffles2.INS.119M9	-1.0
Sniffles2.INS.15M11	-1.0
Sniffles2.INS.119M12	-1.0
Sniffles2.INS.1B0M3	-1.0
Sniffles2.INS.9BM0	-1.0
Sniffles2.DEL.32AM12	-1.0
Sniffles2.INS.14M1	-1.0
Sniffles2.INS.2DAM3	-1.0
Sniffles2.INS.1ABM3	-1.0
Sniffles2.DEL.416M9	-1.0
Sniffles2.INS.113MA	-1.0
Sniffles2.DEL.38FMF	-1.0
Sniffles2.INS.51CM5	-1.0
Sniffles2.INS.14DM3	-1.0
Sniffles2.DEL.3FCM13	-1.0
Sniffles2.INS.42BM7	-1.0
Sniffles2.DEL.21AME	-1.0
Sniffles2.INS.299M15	-1.0
Sniffles2.DEL.5AFM0	-1.0
Sniffles2.DEL.12EMC	-1.0
Sniffles2.INS.617M9	-1.0
Sniffles2.INS.4EFM6	-1.0
Sniffles2.DEL.144ME	-1.0
Sniffles2.INS.196M7	-1.0
Sniffles2.DEL.B7MF	-1.0
Sniffles2.INS.63M4	-1.0
Sniffles2.INS.1DBM5	-1.0
Sniffles2.INS.107M9	-1.0
Sniffles2.INS.21EMF	-1.0
Sniffles2.DEL.345MB	-1.0
Sniffles2.INS.F8MD	-1.0
Sniffles2.DEL.2A2M14	-1.0
Sniffles2.INS.493M3	-1.0
Sniffles2.INS.350M6	-1.0
Sniffles2.DEL.1E8M2	-1.0
Sniffles2.INS.E5M0	-1.0
Sniffles2.DEL.69CM1	-1.0
Sniffles2.DEL.31BM13	-1.0
Sniffles2.DEL.4BCM9	-1.0
Sniffles2.DEL.376M16	-1.0
Sniffles2.DEL.1EFM12	-1.0
Sniffles2.DEL.122MD	-1.0
Sniffles2.DEL.2C1M6	-1.0
Sniffles2.INS.8AM8	-1.0
Sniffles2.INS.48DM7	-1.0
Sniffles2.DEL.2DFM8	-1.0
Sniffles2.INS.7ACM0	-1.0
Sniffles2.INS.38BM4	-1.0
Sniffles2.DEL.34CM12	-1.0
Sniffles2.INS.4D0M8	-1.0
Sniffles2.DEL.412M8	-1.0
Sniffles2.DEL.61EM1	-1.0
Sniffles2.INS.18EM7	-1.0
Sniffles2.DEL.44FM7	-1.0
Sniffles2.INS.392M3	-1.0
Sniffles2.DEL.3CCM6	-1.0
Sniffles2.DEL.329MF	-1.0
Sniffles2.DEL.4C0M2	-1.0
Sniffles2.DEL.3FAMB	-1.0
Sniffles2.DEL.63CM1	-1.0
Sniffles2.INS.6D6M0	-1.0
Sniffles2.DEL.C1M12	-1.0
Sniffles2.INS.4ECM4	-1.0
Sniffles2.DEL.2ADMA	-1.0
Sniffles2.DEL.255M12	-1.0
Sniffles2.DEL.6D9M0	-1.0
Sniffles2.DEL.149M0	-1.0
Sniffles2.INS.1D8M15	-1.0
Sniffles2.INS.4B7M8	-1.0
Sniffles2.DEL.236M11	-1.0
Sniffles2.DEL.122M17	-1.0
Sniffles2.DEL.5DFM1	-1.0
Sniffles2.INS.111M4	-1.0
Sniffles2.DEL.1EBM11	-1.0
Sniffles2.DEL.136M1	-1.0
Sniffles2.DEL.674M1	-1.0
Sniffles2.DEL.96M1	-1.0
Sniffles2.INS.23AM1	-1.0
Sniffles2.DEL.85M9	-1.0
Sniffles2.DEL.84M11	-1.0
Sniffles2.DEL.328M9	-1.0
Sniffles2.DEL.458M5	-1.0
Sniffles2.INS.6D7M1	-1.0
Sniffles2.INS.7FM5	-1.0
Sniffles2.INS.C1M4	-1.0
Sniffles2.DEL.2A3M16	-1.0
Sniffles2.DEL.10EM15	-1.0
Sniffles2.DEL.17BM3	-1.0
Sniffles2.INS.4EAM9	-1.0
Sniffles2.DEL.D3M8	-1.0
Sniffles2.DEL.139M4	-1.0
Sniffles2.INS.B2M4	-1.0
Sniffles2.INS.58M12	-1.0
Sniffles2.DEL.364M9	-1.0
Sniffles2.INS.3F0M10	-1.0
Sniffles2.INS.46BM9	-1.0
Sniffles2.DEL.32BM13	-1.0
Sniffles2.INS.814M0	-1.0
Sniffles2.INS.445M1	-1.0
Sniffles2.DEL.39BM0	-1.0
Sniffles2.INS.BM3	-1.0
Sniffles2.INS.3BM12	-1.0
Sniffles2.DEL.2B6M11	-1.0
Sniffles2.INS.2F0M2	-1.0
Sniffles2.DEL.433M3	-1.0
Sniffles2.INS.1BCM16	-1.0
Sniffles2.DEL.166MC	-1.0
Sniffles2.DEL.282M2	-1.0
Sniffles2.DEL.6DEM1	-1.0
Sniffles2.INS.1C8M4	-1.0
Sniffles2.DEL.2CDM11	-1.0
Sniffles2.INS.1AEM11	-1.0
Sniffles2.INS.31FME	-1.0
Sniffles2.INS.82MA	-1.0
Sniffles2.DEL.4E2M1	-1.0
Sniffles2.INS.FCM5	-1.0
Sniffles2.INS.488M3	-1.0
Sniffles2.INS.4C1M9	-1.0
Sniffles2.DEL.3D4M0	-1.0
Sniffles2.DEL.4A3M16	-1.0
Sniffles2.DEL.404M3	-1.0
Sniffles2.DEL.764M0	-1.0
Sniffles2.DEL.DDME	-1.0
Sniffles2.INS.547M3	-1.0
Sniffles2.DEL.10EMC	-1.0
Sniffles2.DEL.359M4	-1.0
Sniffles2.INS.617M6	-1.0
Sniffles2.DEL.343ME	-1.0
Sniffles2.DEL.1A7M1	-1.0
Sniffles2.INS.2F1M2	-1.0
Sniffles2.INS.812M0	-1.0
Sniffles2.DEL.140MD	-1.0
Sniffles2.DEL.BAM4	-1.0
Sniffles2.INS.98M8	-1.0
Sniffles2.DEL.E3M12	-1.0
Sniffles2.INS.486M9	-1.0
Sniffles2.DEL.12FMC	-1.0
