GRCh38_CMRG_10496	1107	1107	0.000468
GRCh38_CMRG_10497	1107	1107	0.000468
GRCh38_CMRG_29945	1102	1102	0.526538
GRCh38_CMRG_29946	1102	1102	0.526538
GRCh38_CMRG_32300	1102	1102	0.0
GRCh38_CMRG_12555	1100	1100	1.0
GRCh38_CMRG_2619	1100	1100	0.84015
GRCh38_CMRG_25258	1099	1099	0.99563
GRCh38_CMRG_34123	1098	1098	0.987232
GRCh38_CMRG_856	1098	1098	1.0
GRCh38_CMRG_8935	1098	1098	1.0
GRCh38_CMRG_8936	1098	1098	1.0
GRCh38_CMRG_1531	1097	1097	0.96999
GRCh38_CMRG_5831	1097	1097	1.0
GRCh38_CMRG_5832	1097	1097	1.0
GRCh38_CMRG_14213	1096	1096	0.708148
GRCh38_CMRG_16921	1096	1096	1.0
GRCh38_CMRG_22724	1096	1096	0.998427
GRCh38_CMRG_48571	1096	1096	0.990198
GRCh38_CMRG_9547	1096	1096	0.000468
GRCh38_CMRG_9921	1096	1096	0.999219
GRCh38_CMRG_14037	1095	1095	0.145041
GRCh38_CMRG_14038	1095	1095	0.145041
GRCh38_CMRG_14268	1095	1095	0.986415
GRCh38_CMRG_16866	1095	1095	1.0
GRCh38_CMRG_29583	1095	1095	0.99919
GRCh38_CMRG_31276	1095	1095	0.847601
GRCh38_CMRG_34591	1095	1095	1.0
GRCh38_CMRG_34592	1095	1095	1.0
GRCh38_CMRG_38777	1095	1095	0.0
GRCh38_CMRG_66392	1095	1095	1.0
GRCh38_CMRG_14214	1094	1094	0.708148
GRCh38_CMRG_32278	1094	1094	0.668592
GRCh38_CMRG_35733	1094	1094	1.0
GRCh38_CMRG_40152	1094	1094	0.0
GRCh38_CMRG_43971	1094	1094	1.0
GRCh38_CMRG_43972	1094	1094	1.0
GRCh38_CMRG_44579	1094	1094	0.999596
GRCh38_CMRG_52533	1094	1094	0.98741
GRCh38_CMRG_52534	1094	1094	0.98741
GRCh38_CMRG_68992	1094	1094	0.932724
GRCh38_CMRG_7181	1094	1094	1.0
GRCh38_CMRG_7182	1094	1094	0.0
GRCh38_CMRG_36711	1093	1093	1.0
GRCh38_CMRG_46341	1093	1093	1.0
GRCh38_CMRG_6082	1093	1093	0.509678
GRCh38_CMRG_66133	1093	1093	1.0
GRCh38_CMRG_68666	1093	1093	1.0
GRCh38_CMRG_68667	1093	1093	0.261896
GRCh38_CMRG_7533	1093	1093	0.794255
GRCh38_CMRG_11670	1092	1092	1.0
GRCh38_CMRG_1380	1092	1092	1.0
GRCh38_CMRG_16684	1092	1092	0.0
GRCh38_CMRG_24924	1092	1092	1.0
GRCh38_CMRG_29710	1092	1092	1.0
GRCh38_CMRG_29815	1092	1092	1.0
GRCh38_CMRG_37575	1092	1092	0.90154
GRCh38_CMRG_40884	1092	1092	0.0
GRCh38_CMRG_42116	1092	1092	0.497993
GRCh38_CMRG_49843	1092	1092	0.499376
GRCh38_CMRG_49844	1092	1092	0.499376
GRCh38_CMRG_51151	1092	1092	0.70981
GRCh38_CMRG_67553	1092	1092	1.0
GRCh38_CMRG_12013	1091	1091	0.47237
GRCh38_CMRG_12259	1091	1091	0.99498
GRCh38_CMRG_14623	1091	1091	0.554976
GRCh38_CMRG_1547	1091	1091	1.0
GRCh38_CMRG_16938	1091	1091	1.0
GRCh38_CMRG_18517	1091	1091	2.4e-05
GRCh38_CMRG_20985	1091	1091	0.865439
GRCh38_CMRG_21379	1091	1091	1.0
GRCh38_CMRG_21380	1091	1091	1.0
GRCh38_CMRG_21996	1091	1091	0.0
GRCh38_CMRG_21997	1091	1091	0.0
GRCh38_CMRG_23138	1091	1091	1.0
GRCh38_CMRG_2363	1091	1091	0.919919
GRCh38_CMRG_24968	1091	1091	1.0
GRCh38_CMRG_24969	1091	1091	1.0
GRCh38_CMRG_27991	1091	1091	1.0
GRCh38_CMRG_28915	1091	1091	1.0
GRCh38_CMRG_29671	1091	1091	0.508383
GRCh38_CMRG_30834	1091	1091	0.953312
GRCh38_CMRG_31284	1091	1091	1.0
GRCh38_CMRG_31285	1091	1091	1.0
GRCh38_CMRG_36444	1091	1091	1.0
GRCh38_CMRG_37223	1091	1091	0.000452
GRCh38_CMRG_49805	1091	1091	0.921948
GRCh38_CMRG_63905	1091	1091	0.874961
GRCh38_CMRG_63906	1091	1091	0.874961
GRCh38_CMRG_65770	1091	1091	1.0
GRCh38_CMRG_6971	1091	1091	0.628377
GRCh38_CMRG_14624	1090	1090	0.554976
GRCh38_CMRG_1512	1090	1090	0.68129
GRCh38_CMRG_19018	1090	1090	0.0
GRCh38_CMRG_19312	1090	1090	0.0
GRCh38_CMRG_19313	1090	1090	0.0
GRCh38_CMRG_28842	1090	1090	1.0
GRCh38_CMRG_32457	1090	1090	1.0
GRCh38_CMRG_33068	1090	1090	0.0
GRCh38_CMRG_33069	1090	1090	0.0
GRCh38_CMRG_33602	1090	1090	1.0
GRCh38_CMRG_36258	1090	1090	0.99984
GRCh38_CMRG_36259	1090	1090	0.99984
GRCh38_CMRG_36523	1090	1090	0.0
GRCh38_CMRG_36524	1090	1090	0.0
GRCh38_CMRG_40316	1090	1090	1.0
GRCh38_CMRG_53949	1090	1090	0.99516
GRCh38_CMRG_5888	1090	1090	1.0
GRCh38_CMRG_5889	1090	1090	1.0
GRCh38_CMRG_6334	1090	1090	0.990244
GRCh38_CMRG_73510	1090	1090	1.0
GRCh38_CMRG_8607	1090	1090	1.0
GRCh38_CMRG_8608	1090	1090	1.0
GRCh38_CMRG_8791	1090	1090	1.0
GRCh38_CMRG_10582	1089	1089	0.999246
GRCh38_CMRG_10583	1089	1089	0.999246
GRCh38_CMRG_1138	1089	1089	1.0
GRCh38_CMRG_1139	1089	1089	1.0
GRCh38_CMRG_142	1089	1089	0.0
GRCh38_CMRG_1511	1089	1089	0.68129
GRCh38_CMRG_16674	1089	1089	0.967666
GRCh38_CMRG_17536	1089	1089	1.0
GRCh38_CMRG_17689	1089	1089	1.0
GRCh38_CMRG_24613	1089	1089	1.0
GRCh38_CMRG_26028	1089	1089	0.0
GRCh38_CMRG_29554	1089	1089	0.99421
GRCh38_CMRG_32769	1089	1089	1.0
GRCh38_CMRG_32770	1089	1089	1.0
GRCh38_CMRG_33070	1089	1089	0.0
GRCh38_CMRG_36203	1089	1089	0.0
GRCh38_CMRG_36304	1089	1089	0.899727
GRCh38_CMRG_37203	1089	1089	1.0
GRCh38_CMRG_39596	1089	1089	1.0
GRCh38_CMRG_40391	1089	1089	0.837028
GRCh38_CMRG_41055	1089	1089	0.96653
GRCh38_CMRG_46081	1089	1089	1.0
GRCh38_CMRG_46082	1089	1089	1.0
GRCh38_CMRG_54479	1089	1089	0.009546
GRCh38_CMRG_55061	1089	1089	0.45832
GRCh38_CMRG_5869	1089	1089	0.504965
GRCh38_CMRG_59880	1089	1089	1.0
GRCh38_CMRG_6594	1089	1089	0.988085
GRCh38_CMRG_686	1089	1089	0.0
GRCh38_CMRG_6952	1089	1089	0.996106
GRCh38_CMRG_6972	1089	1089	0.628377
GRCh38_CMRG_72126	1089	1089	1.0
GRCh38_CMRG_74196	1089	1089	0.544646
GRCh38_CMRG_74197	1089	1089	0.544646
GRCh38_CMRG_8466	1089	1089	1.0
GRCh38_CMRG_10940	1088	1088	1.0
GRCh38_CMRG_11122	1088	1088	0.047659
GRCh38_CMRG_12001	1088	1088	1.0
GRCh38_CMRG_12002	1088	1088	1.0
GRCh38_CMRG_17810	1088	1088	0.991775
GRCh38_CMRG_17926	1088	1088	0.678494
GRCh38_CMRG_17927	1088	1088	0.678494
GRCh38_CMRG_21752	1088	1088	0.83953
GRCh38_CMRG_29555	1088	1088	0.99421
GRCh38_CMRG_31567	1088	1088	0.538013
GRCh38_CMRG_36505	1088	1088	1.0
GRCh38_CMRG_36506	1088	1088	1.0
GRCh38_CMRG_37091	1088	1088	0.0
GRCh38_CMRG_39757	1088	1088	1.0
GRCh38_CMRG_41878	1088	1088	0.99781
GRCh38_CMRG_50043	1088	1088	1.0
GRCh38_CMRG_51475	1088	1088	0.301194
GRCh38_CMRG_51476	1088	1088	0.301194
GRCh38_CMRG_5774	1088	1088	0.9396
GRCh38_CMRG_60047	1088	1088	1.0
GRCh38_CMRG_69110	1088	1088	0.995317
GRCh38_CMRG_7002	1088	1088	0.906694
GRCh38_CMRG_7534	1088	1088	0.794255
GRCh38_CMRG_11173	1087	1087	0.968456
GRCh38_CMRG_14704	1087	1087	1.0
GRCh38_CMRG_14705	1087	1087	1.0
GRCh38_CMRG_18632	1087	1087	0.988033
GRCh38_CMRG_19333	1087	1087	0.993211
GRCh38_CMRG_24562	1087	1087	1.0
GRCh38_CMRG_24830	1087	1087	0.99984
GRCh38_CMRG_24831	1087	1087	0.99984
GRCh38_CMRG_26029	1087	1087	0.0
GRCh38_CMRG_3105	1087	1087	0.0
GRCh38_CMRG_31433	1087	1087	0.99129
GRCh38_CMRG_33994	1087	1087	0.98236
GRCh38_CMRG_35996	1087	1087	1.0
GRCh38_CMRG_35997	1087	1087	1.0
GRCh38_CMRG_37102	1087	1087	0.502443
GRCh38_CMRG_37531	1087	1087	0.99369
GRCh38_CMRG_39435	1087	1087	0.506556
GRCh38_CMRG_39526	1087	1087	0.968531
GRCh38_CMRG_51216	1087	1087	0.939045
GRCh38_CMRG_52358	1087	1087	1.0
GRCh38_CMRG_52359	1087	1087	1.0
GRCh38_CMRG_54480	1087	1087	0.009546
GRCh38_CMRG_55646	1087	1087	1.0
GRCh38_CMRG_61368	1087	1087	0.0
GRCh38_CMRG_65771	1087	1087	1.0
GRCh38_CMRG_69632	1087	1087	1.0
GRCh38_CMRG_70000	1087	1087	0.99969
GRCh38_CMRG_70298	1087	1087	0.99625
GRCh38_CMRG_708	1087	1087	0.50578
GRCh38_CMRG_71979	1087	1087	0.994663
GRCh38_CMRG_73575	1087	1087	1.0
GRCh38_CMRG_73576	1087	1087	1.0
GRCh38_CMRG_76991	1087	1087	0.99969
GRCh38_CMRG_78921	1087	1087	0.99977
GRCh38_CMRG_81362	1087	1087	0.99906
GRCh38_CMRG_9358	1087	1087	1.0
GRCh38_CMRG_9359	1087	1087	1.0
GRCh38_CMRG_1008	1086	1086	0.98494
GRCh38_CMRG_17047	1086	1086	0.0
GRCh38_CMRG_18941	1086	1086	1.0
GRCh38_CMRG_19206	1086	1086	1.0
GRCh38_CMRG_19207	1086	1086	1.0
GRCh38_CMRG_19828	1086	1086	0.99984
GRCh38_CMRG_20898	1086	1086	0.99667
GRCh38_CMRG_2327	1086	1086	1.0
GRCh38_CMRG_2328	1086	1086	1.0
GRCh38_CMRG_25953	1086	1086	0.968529
GRCh38_CMRG_26538	1086	1086	0.830471
GRCh38_CMRG_2762	1086	1086	0.0
GRCh38_CMRG_34130	1086	1086	0.99609
GRCh38_CMRG_35651	1086	1086	4.2e-05
GRCh38_CMRG_36538	1086	1086	0.0
GRCh38_CMRG_40149	1086	1086	1.0
GRCh38_CMRG_43813	1086	1086	1.0
GRCh38_CMRG_47295	1086	1086	0.946772
GRCh38_CMRG_50304	1086	1086	1.0
GRCh38_CMRG_50305	1086	1086	0.0
GRCh38_CMRG_51037	1086	1086	0.492351
GRCh38_CMRG_53986	1086	1086	0.995402
GRCh38_CMRG_54169	1086	1086	0.970132
GRCh38_CMRG_54484	1086	1086	1.0
GRCh38_CMRG_64344	1086	1086	1.0
GRCh38_CMRG_68614	1086	1086	1.0
GRCh38_CMRG_68615	1086	1086	1.0
GRCh38_CMRG_68990	1086	1086	0.772802
GRCh38_CMRG_69382	1086	1086	0.0
GRCh38_CMRG_71018	1086	1086	1.0
GRCh38_CMRG_71019	1086	1086	1.0
GRCh38_CMRG_73735	1086	1086	1.0
GRCh38_CMRG_75632	1086	1086	1.0
GRCh38_CMRG_76695	1086	1086	0.965723
GRCh38_CMRG_79806	1086	1086	1.0
GRCh38_CMRG_837	1086	1086	0.156213
GRCh38_CMRG_8544	1086	1086	1.0
GRCh38_CMRG_12155	1085	1085	0.983353
GRCh38_CMRG_12436	1085	1085	1.0
GRCh38_CMRG_16993	1085	1085	1.0
GRCh38_CMRG_23021	1085	1085	0.97897
GRCh38_CMRG_25357	1085	1085	1.0
GRCh38_CMRG_28753	1085	1085	0.462971
GRCh38_CMRG_28754	1085	1085	0.462971
GRCh38_CMRG_31848	1085	1085	1.0
GRCh38_CMRG_32931	1085	1085	0.461286
GRCh38_CMRG_34280	1085	1085	1.0
GRCh38_CMRG_36262	1085	1085	1.0
GRCh38_CMRG_39177	1085	1085	1.0
GRCh38_CMRG_39372	1085	1085	1.0
GRCh38_CMRG_47382	1085	1085	0.99886
GRCh38_CMRG_48002	1085	1085	0.602024
GRCh38_CMRG_50955	1085	1085	0.809273
GRCh38_CMRG_53672	1085	1085	1.0
GRCh38_CMRG_53673	1085	1085	1.0
GRCh38_CMRG_54483	1085	1085	1.0
GRCh38_CMRG_59955	1085	1085	0.988229
GRCh38_CMRG_59956	1085	1085	0.988229
GRCh38_CMRG_617	1085	1085	1.0
GRCh38_CMRG_64280	1085	1085	0.989674
GRCh38_CMRG_67613	1085	1085	0.996003
GRCh38_CMRG_67614	1085	1085	0.996003
GRCh38_CMRG_7183	1085	1085	0.718839
GRCh38_CMRG_75061	1085	1085	1.0
GRCh38_CMRG_75062	1085	1085	1.0
GRCh38_CMRG_7656	1085	1085	1.0
GRCh38_CMRG_76928	1085	1085	0.489541
GRCh38_CMRG_79449	1085	1085	0.981044
GRCh38_CMRG_10526	1084	1084	1.0
GRCh38_CMRG_13992	1084	1084	0.99984
GRCh38_CMRG_1402	1084	1084	0.495042
GRCh38_CMRG_14174	1084	1084	0.990023
GRCh38_CMRG_14396	1084	1084	0.194097
GRCh38_CMRG_1548	1084	1084	1.0
GRCh38_CMRG_17287	1084	1084	0.963272
GRCh38_CMRG_23548	1084	1084	0.0
GRCh38_CMRG_32444	1084	1084	0.463446
GRCh38_CMRG_32445	1084	1084	0.463446
GRCh38_CMRG_34042	1084	1084	1.0
GRCh38_CMRG_40055	1084	1084	1.0
GRCh38_CMRG_40183	1084	1084	0.9974
GRCh38_CMRG_40184	1084	1084	0.9974
GRCh38_CMRG_41390	1084	1084	0.710108
GRCh38_CMRG_41561	1084	1084	1.0
GRCh38_CMRG_42529	1084	1084	0.95571
GRCh38_CMRG_43633	1084	1084	0.0
GRCh38_CMRG_43677	1084	1084	0.94259
GRCh38_CMRG_43678	1084	1084	0.94259
GRCh38_CMRG_47383	1084	1084	0.99886
GRCh38_CMRG_50874	1084	1084	0.850996
GRCh38_CMRG_51831	1084	1084	0.808361
GRCh38_CMRG_52000	1084	1084	1.0
GRCh38_CMRG_55145	1084	1084	0.418635
GRCh38_CMRG_5838	1084	1084	0.329402
GRCh38_CMRG_5839	1084	1084	0.329402
GRCh38_CMRG_58846	1084	1084	0.798231
GRCh38_CMRG_62629	1084	1084	0.0
GRCh38_CMRG_63834	1084	1084	0.98139
GRCh38_CMRG_63835	1084	1084	0.98139
GRCh38_CMRG_64654	1084	1084	1.0
GRCh38_CMRG_65133	1084	1084	0.960363
GRCh38_CMRG_65134	1084	1084	0.960363
GRCh38_CMRG_7374	1084	1084	0.0
GRCh38_CMRG_74941	1084	1084	0.330998
GRCh38_CMRG_76990	1084	1084	0.99969
GRCh38_CMRG_8810	1084	1084	0.98769
GRCh38_CMRG_8811	1084	1084	0.98769
GRCh38_CMRG_1060	1083	1083	1.0
GRCh38_CMRG_11207	1083	1083	0.047659
GRCh38_CMRG_11208	1083	1083	0.047659
GRCh38_CMRG_144	1083	1083	0.001705
GRCh38_CMRG_1694	1083	1083	0.0
GRCh38_CMRG_22903	1083	1083	0.854643
GRCh38_CMRG_22904	1083	1083	0.854643
GRCh38_CMRG_26605	1083	1083	1.0
GRCh38_CMRG_26606	1083	1083	1.0
GRCh38_CMRG_29726	1083	1083	1.0
GRCh38_CMRG_31609	1083	1083	1.0
GRCh38_CMRG_31610	1083	1083	1.0
GRCh38_CMRG_31938	1083	1083	1.0
GRCh38_CMRG_32616	1083	1083	0.863068
GRCh38_CMRG_37103	1083	1083	0.502443
GRCh38_CMRG_39811	1083	1083	0.994632
GRCh38_CMRG_42601	1083	1083	0.970632
GRCh38_CMRG_44051	1083	1083	1.0
GRCh38_CMRG_44052	1083	1083	1.0
GRCh38_CMRG_45814	1083	1083	0.99176
GRCh38_CMRG_47515	1083	1083	0.695826
GRCh38_CMRG_47568	1083	1083	0.0
GRCh38_CMRG_47671	1083	1083	1.0
GRCh38_CMRG_47672	1083	1083	1.0
GRCh38_CMRG_49964	1083	1083	1.0
GRCh38_CMRG_49965	1083	1083	1.0
GRCh38_CMRG_51832	1083	1083	0.808361
GRCh38_CMRG_6266	1083	1083	1.0
GRCh38_CMRG_6267	1083	1083	1.0
GRCh38_CMRG_63734	1083	1083	0.0
GRCh38_CMRG_64243	1083	1083	1.0
GRCh38_CMRG_6511	1083	1083	0.010921
GRCh38_CMRG_6684	1083	1083	0.99965
GRCh38_CMRG_68557	1083	1083	0.99964
GRCh38_CMRG_69429	1083	1083	1.0
GRCh38_CMRG_69430	1083	1083	1.0
GRCh38_CMRG_74942	1083	1083	0.330998
GRCh38_CMRG_74948	1083	1083	0.99812
GRCh38_CMRG_75011	1083	1083	1.0
GRCh38_CMRG_75012	1083	1083	1.0
GRCh38_CMRG_76739	1083	1083	1.0
GRCh38_CMRG_77080	1083	1083	1.0
GRCh38_CMRG_77081	1083	1083	1.0
GRCh38_CMRG_79463	1083	1083	1.0
GRCh38_CMRG_15040	1082	1082	1.0
GRCh38_CMRG_22522	1082	1082	0.534655
GRCh38_CMRG_2365	1082	1082	1.0
GRCh38_CMRG_28667	1082	1082	0.99436
GRCh38_CMRG_28668	1082	1082	0.99436
GRCh38_CMRG_31662	1082	1082	0.974082
GRCh38_CMRG_32448	1082	1082	1.0
GRCh38_CMRG_32814	1082	1082	1.0
GRCh38_CMRG_32815	1082	1082	1.0
GRCh38_CMRG_34276	1082	1082	0.98016
GRCh38_CMRG_34483	1082	1082	0.586403
GRCh38_CMRG_40846	1082	1082	0.803239
GRCh38_CMRG_42562	1082	1082	1.0
GRCh38_CMRG_42563	1082	1082	1.0
GRCh38_CMRG_49815	1082	1082	0.050736
GRCh38_CMRG_50421	1082	1082	0.99167
GRCh38_CMRG_50796	1082	1082	0.0
GRCh38_CMRG_51424	1082	1082	1.0
GRCh38_CMRG_51932	1082	1082	0.50562
GRCh38_CMRG_54913	1082	1082	0.815603
GRCh38_CMRG_54992	1082	1082	1.0
GRCh38_CMRG_58162	1082	1082	1.0
GRCh38_CMRG_58163	1082	1082	1.0
GRCh38_CMRG_65129	1082	1082	8e-06
GRCh38_CMRG_67103	1082	1082	0.98797
GRCh38_CMRG_68777	1082	1082	1.0
GRCh38_CMRG_70961	1082	1082	0.998525
GRCh38_CMRG_73162	1082	1082	0.99983
GRCh38_CMRG_73694	1082	1082	0.771847
GRCh38_CMRG_74949	1082	1082	0.99812
GRCh38_CMRG_75474	1082	1082	0.681302
GRCh38_CMRG_75475	1082	1082	0.681302
GRCh38_CMRG_80076	1082	1082	0.0
GRCh38_CMRG_80964	1082	1082	1.0
GRCh38_CMRG_81466	1082	1082	0.0
GRCh38_CMRG_8683	1082	1082	0.0
GRCh38_CMRG_13598	1081	1081	1.0
GRCh38_CMRG_13599	1081	1081	1.0
GRCh38_CMRG_22820	1081	1081	0.734094
GRCh38_CMRG_2366	1081	1081	1.0
GRCh38_CMRG_27612	1081	1081	0.564758
GRCh38_CMRG_28843	1081	1081	1.0
GRCh38_CMRG_33618	1081	1081	0.777338
GRCh38_CMRG_41750	1081	1081	1.0
GRCh38_CMRG_42571	1081	1081	1.0
GRCh38_CMRG_44703	1081	1081	0.756947
GRCh38_CMRG_45709	1081	1081	1.0
GRCh38_CMRG_46137	1081	1081	0.99826
GRCh38_CMRG_46138	1081	1081	0.99826
GRCh38_CMRG_46761	1081	1081	0.0
GRCh38_CMRG_48113	1081	1081	1.0
GRCh38_CMRG_49693	1081	1081	1.0
GRCh38_CMRG_51343	1081	1081	0.99845
GRCh38_CMRG_51606	1081	1081	1.0
GRCh38_CMRG_51607	1081	1081	1.0
GRCh38_CMRG_54368	1081	1081	1.0
GRCh38_CMRG_5540	1081	1081	0.0
GRCh38_CMRG_5541	1081	1081	0.0
GRCh38_CMRG_61624	1081	1081	0.0
GRCh38_CMRG_62603	1081	1081	1.0
GRCh38_CMRG_63795	1081	1081	0.99984
GRCh38_CMRG_63796	1081	1081	0.99984
GRCh38_CMRG_64345	1081	1081	0.0
GRCh38_CMRG_64346	1081	1081	0.0
GRCh38_CMRG_69329	1081	1081	8e-06
GRCh38_CMRG_69961	1081	1081	1.0
GRCh38_CMRG_71173	1081	1081	0.9936
GRCh38_CMRG_71174	1081	1081	0.9936
GRCh38_CMRG_7120	1081	1081	0.97912
GRCh38_CMRG_71462	1081	1081	0.984694
GRCh38_CMRG_72987	1081	1081	0.535369
GRCh38_CMRG_73232	1081	1081	0.222573
GRCh38_CMRG_73233	1081	1081	0.222573
GRCh38_CMRG_7661	1081	1081	0.001985
GRCh38_CMRG_79438	1081	1081	1.0
GRCh38_CMRG_79439	1081	1081	1.0
GRCh38_CMRG_80075	1081	1081	0.0
GRCh38_CMRG_1162	1080	1080	0.0
GRCh38_CMRG_15662	1080	1080	0.0
GRCh38_CMRG_16867	1080	1080	0.003981
GRCh38_CMRG_28716	1080	1080	0.9798
GRCh38_CMRG_28851	1080	1080	0.560852
GRCh38_CMRG_32404	1080	1080	0.829746
GRCh38_CMRG_32409	1080	1080	1.0
GRCh38_CMRG_34456	1080	1080	0.494376
GRCh38_CMRG_35863	1080	1080	0.0
GRCh38_CMRG_37266	1080	1080	1.0
GRCh38_CMRG_39822	1080	1080	1.0
GRCh38_CMRG_43638	1080	1080	1.0
GRCh38_CMRG_48067	1080	1080	0.645478
GRCh38_CMRG_50680	1080	1080	0.989269
GRCh38_CMRG_50793	1080	1080	0.0
GRCh38_CMRG_51036	1080	1080	1.0
GRCh38_CMRG_51451	1080	1080	1.0
GRCh38_CMRG_52734	1080	1080	1.0
GRCh38_CMRG_52735	1080	1080	1.0
GRCh38_CMRG_59759	1080	1080	1.0
GRCh38_CMRG_59760	1080	1080	1.0
GRCh38_CMRG_69369	1080	1080	0.0
GRCh38_CMRG_69370	1080	1080	0.0
GRCh38_CMRG_70303	1080	1080	1.0
GRCh38_CMRG_71620	1080	1080	1.0
GRCh38_CMRG_7402	1080	1080	1.0
GRCh38_CMRG_7403	1080	1080	1.0
GRCh38_CMRG_7417	1080	1080	1.0
GRCh38_CMRG_7418	1080	1080	1.0
GRCh38_CMRG_75604	1080	1080	1.0
GRCh38_CMRG_7608	1080	1080	0.535956
GRCh38_CMRG_79137	1080	1080	0.516567
GRCh38_CMRG_81485	1080	1080	1.0
GRCh38_CMRG_8818	1080	1080	0.96349
GRCh38_CMRG_8819	1080	1080	0.96349
GRCh38_CMRG_1064	1079	1079	1.0
GRCh38_CMRG_14015	1079	1079	1.0
GRCh38_CMRG_15125	1079	1079	1.0
GRCh38_CMRG_15126	1079	1079	1.0
GRCh38_CMRG_19009	1079	1079	0.0
GRCh38_CMRG_34154	1079	1079	0.0
GRCh38_CMRG_34502	1079	1079	0.0
GRCh38_CMRG_37007	1079	1079	1.0
GRCh38_CMRG_37008	1079	1079	1.0
GRCh38_CMRG_39390	1079	1079	1.0
GRCh38_CMRG_39391	1079	1079	1.0
GRCh38_CMRG_41665	1079	1079	1.0
GRCh38_CMRG_41666	1079	1079	1.0
GRCh38_CMRG_42480	1079	1079	0.96956
GRCh38_CMRG_42525	1079	1079	0.0
GRCh38_CMRG_44608	1079	1079	1.0
GRCh38_CMRG_46780	1079	1079	0.0
GRCh38_CMRG_51168	1079	1079	0.0
GRCh38_CMRG_51788	1079	1079	0.0
GRCh38_CMRG_578	1079	1079	0.99984
GRCh38_CMRG_58642	1079	1079	0.000122
GRCh38_CMRG_612	1079	1079	0.460809
GRCh38_CMRG_64499	1079	1079	1.0
GRCh38_CMRG_66089	1079	1079	1.0
GRCh38_CMRG_66090	1079	1079	1.0
GRCh38_CMRG_66124	1079	1079	0.9987
GRCh38_CMRG_66125	1079	1079	0.9987
GRCh38_CMRG_69405	1079	1079	1.0
GRCh38_CMRG_70380	1079	1079	0.496598
GRCh38_CMRG_72018	1079	1079	0.811053
GRCh38_CMRG_73126	1079	1079	0.99983
GRCh38_CMRG_74198	1079	1079	0.99914
GRCh38_CMRG_74199	1079	1079	0.99914
GRCh38_CMRG_74239	1079	1079	8e-06
GRCh38_CMRG_74415	1079	1079	1.0
GRCh38_CMRG_74416	1079	1079	1.0
GRCh38_CMRG_75605	1079	1079	1.0
GRCh38_CMRG_1014	1078	1078	0.955979
GRCh38_CMRG_11145	1078	1078	0.509015
GRCh38_CMRG_11146	1078	1078	0.509015
GRCh38_CMRG_13098	1078	1078	0.95605
GRCh38_CMRG_17684	1078	1078	0.502855
GRCh38_CMRG_21199	1078	1078	0.9991
GRCh38_CMRG_21200	1078	1078	0.9991
GRCh38_CMRG_22636	1078	1078	0.48931
GRCh38_CMRG_2461	1078	1078	0.95452
GRCh38_CMRG_2462	1078	1078	0.95452
GRCh38_CMRG_24972	1078	1078	0.858045
GRCh38_CMRG_32600	1078	1078	1.0
GRCh38_CMRG_32603	1078	1078	1.0
GRCh38_CMRG_36490	1078	1078	1.0
GRCh38_CMRG_42526	1078	1078	0.0
GRCh38_CMRG_43680	1078	1078	0.506527
GRCh38_CMRG_44044	1078	1078	1.0
GRCh38_CMRG_44045	1078	1078	1.0
GRCh38_CMRG_46766	1078	1078	1.0
GRCh38_CMRG_48415	1078	1078	0.99967
GRCh38_CMRG_48553	1078	1078	1.0
GRCh38_CMRG_51097	1078	1078	0.000372
GRCh38_CMRG_51574	1078	1078	1.0
GRCh38_CMRG_54990	1078	1078	8e-06
GRCh38_CMRG_54991	1078	1078	8e-06
GRCh38_CMRG_58146	1078	1078	1.0
GRCh38_CMRG_65851	1078	1078	0.835311
GRCh38_CMRG_68656	1078	1078	0.98906
GRCh38_CMRG_68657	1078	1078	0.98906
GRCh38_CMRG_69611	1078	1078	1.0
GRCh38_CMRG_723	1078	1078	1.0
GRCh38_CMRG_73087	1078	1078	1.0
GRCh38_CMRG_76704	1078	1078	0.0
GRCh38_CMRG_76705	1078	1078	0.0
GRCh38_CMRG_76716	1078	1078	0.021074
GRCh38_CMRG_77257	1078	1078	1.0
GRCh38_CMRG_77258	1078	1078	1.0
GRCh38_CMRG_78981	1078	1078	0.993822
GRCh38_CMRG_79297	1078	1078	0.018092
GRCh38_CMRG_81316	1078	1078	1.0
GRCh38_CMRG_81779	1078	1078	1.0
GRCh38_CMRG_12410	1077	1077	0.683879
GRCh38_CMRG_1253	1077	1077	1.0
GRCh38_CMRG_1254	1077	1077	1.0
GRCh38_CMRG_1392	1077	1077	0.0
GRCh38_CMRG_14882	1077	1077	0.525651
GRCh38_CMRG_14883	1077	1077	0.525651
GRCh38_CMRG_17136	1077	1077	0.97685
GRCh38_CMRG_27107	1077	1077	0.994575
GRCh38_CMRG_29720	1077	1077	1.0
GRCh38_CMRG_31449	1077	1077	0.088211
GRCh38_CMRG_32599	1077	1077	1.0
GRCh38_CMRG_33577	1077	1077	0.0
GRCh38_CMRG_36622	1077	1077	0.0
GRCh38_CMRG_36623	1077	1077	0.0
GRCh38_CMRG_37055	1077	1077	0.994298
GRCh38_CMRG_37212	1077	1077	1.0
GRCh38_CMRG_37213	1077	1077	1.0
GRCh38_CMRG_37761	1077	1077	0.701329
GRCh38_CMRG_37762	1077	1077	0.701329
GRCh38_CMRG_39241	1077	1077	0.99652
GRCh38_CMRG_39242	1077	1077	0.99652
GRCh38_CMRG_39703	1077	1077	1.0
GRCh38_CMRG_41466	1077	1077	0.957507
GRCh38_CMRG_42570	1077	1077	1.0
GRCh38_CMRG_43968	1077	1077	1.0
GRCh38_CMRG_43969	1077	1077	1.0
GRCh38_CMRG_44906	1077	1077	1.0
GRCh38_CMRG_45273	1077	1077	0.427851
GRCh38_CMRG_47545	1077	1077	1.0
GRCh38_CMRG_47546	1077	1077	1.0
GRCh38_CMRG_47613	1077	1077	0.0
GRCh38_CMRG_47614	1077	1077	0.0
GRCh38_CMRG_48360	1077	1077	1.0
GRCh38_CMRG_50597	1077	1077	0.88751
GRCh38_CMRG_50598	1077	1077	0.88751
GRCh38_CMRG_50644	1077	1077	0.967476
GRCh38_CMRG_52787	1077	1077	1.0
GRCh38_CMRG_52788	1077	1077	1.0
GRCh38_CMRG_53340	1077	1077	0.98372
GRCh38_CMRG_53341	1077	1077	0.98372
GRCh38_CMRG_569	1077	1077	1.0
GRCh38_CMRG_59798	1077	1077	0.98121
GRCh38_CMRG_65064	1077	1077	1.0
GRCh38_CMRG_65491	1077	1077	0.689282
GRCh38_CMRG_70301	1077	1077	0.0
GRCh38_CMRG_70302	1077	1077	0.0
GRCh38_CMRG_70458	1077	1077	0.0
GRCh38_CMRG_71101	1077	1077	0.99236
GRCh38_CMRG_71102	1077	1077	0.99236
GRCh38_CMRG_7199	1077	1077	0.0
GRCh38_CMRG_7207	1077	1077	0.770096
GRCh38_CMRG_7208	1077	1077	0.770096
GRCh38_CMRG_73477	1077	1077	1.0
GRCh38_CMRG_7634	1077	1077	1.0
GRCh38_CMRG_7635	1077	1077	1.0
GRCh38_CMRG_79217	1077	1077	1.0
GRCh38_CMRG_79218	1077	1077	1.0
GRCh38_CMRG_79837	1077	1077	0.662406
GRCh38_CMRG_8039	1077	1077	0.99768
GRCh38_CMRG_81564	1077	1077	0.507799
GRCh38_CMRG_81680	1077	1077	1.0
GRCh38_CMRG_8734	1077	1077	1.0
GRCh38_CMRG_12930	1076	1076	0.0
GRCh38_CMRG_13251	1076	1076	0.355903
GRCh38_CMRG_13571	1076	1076	1.0
GRCh38_CMRG_13572	1076	1076	1.0
GRCh38_CMRG_14477	1076	1076	1.0
GRCh38_CMRG_22288	1076	1076	1.0
GRCh38_CMRG_22289	1076	1076	1.0
GRCh38_CMRG_27611	1076	1076	0.564758
GRCh38_CMRG_28770	1076	1076	1.0
GRCh38_CMRG_29725	1076	1076	1.0
GRCh38_CMRG_32607	1076	1076	0.943647
GRCh38_CMRG_33682	1076	1076	1.0
GRCh38_CMRG_33683	1076	1076	1.0
GRCh38_CMRG_36330	1076	1076	1.0
GRCh38_CMRG_36331	1076	1076	1.0
GRCh38_CMRG_41203	1076	1076	1.0
GRCh38_CMRG_44893	1076	1076	0.486731
GRCh38_CMRG_49011	1076	1076	1.0
GRCh38_CMRG_49818	1076	1076	1.0
GRCh38_CMRG_49829	1076	1076	0.414696
GRCh38_CMRG_499	1076	1076	1.0
GRCh38_CMRG_500	1076	1076	1.0
GRCh38_CMRG_50993	1076	1076	0.485902
GRCh38_CMRG_51166	1076	1076	0.99758
GRCh38_CMRG_525	1076	1076	0.485326
GRCh38_CMRG_526	1076	1076	0.485326
GRCh38_CMRG_5933	1076	1076	0.951638
GRCh38_CMRG_5960	1076	1076	0.000347
GRCh38_CMRG_6270	1076	1076	0.99766
GRCh38_CMRG_64028	1076	1076	1.0
GRCh38_CMRG_64307	1076	1076	0.464386
GRCh38_CMRG_68498	1076	1076	0.0
GRCh38_CMRG_73478	1076	1076	1.0
GRCh38_CMRG_73752	1076	1076	1.0
GRCh38_CMRG_76828	1076	1076	0.68946
GRCh38_CMRG_1221	1075	1075	1.0
GRCh38_CMRG_1268	1075	1075	1.0
GRCh38_CMRG_1269	1075	1075	1.0
GRCh38_CMRG_13250	1075	1075	0.355903
GRCh38_CMRG_19356	1075	1075	0.000625
GRCh38_CMRG_19830	1075	1075	1.0
GRCh38_CMRG_23193	1075	1075	0.617085
GRCh38_CMRG_23194	1075	1075	0.617085
GRCh38_CMRG_31450	1075	1075	0.088211
GRCh38_CMRG_35891	1075	1075	0.0
GRCh38_CMRG_35906	1075	1075	1.0
GRCh38_CMRG_37057	1075	1075	1.0
GRCh38_CMRG_39781	1075	1075	0.954755
GRCh38_CMRG_43856	1075	1075	0.0
GRCh38_CMRG_44026	1075	1075	0.656124
GRCh38_CMRG_47142	1075	1075	0.0
GRCh38_CMRG_49489	1075	1075	0.0
GRCh38_CMRG_51787	1075	1075	0.0
GRCh38_CMRG_52290	1075	1075	0.9641
GRCh38_CMRG_52731	1075	1075	1.0
GRCh38_CMRG_52732	1075	1075	1.0
GRCh38_CMRG_58613	1075	1075	0.0
GRCh38_CMRG_58614	1075	1075	0.0
GRCh38_CMRG_59630	1075	1075	0.967183
GRCh38_CMRG_61625	1075	1075	0.0
GRCh38_CMRG_63235	1075	1075	0.98974
GRCh38_CMRG_67336	1075	1075	1.0
GRCh38_CMRG_68844	1075	1075	0.527781
GRCh38_CMRG_70388	1075	1075	0.768273
GRCh38_CMRG_70389	1075	1075	0.768273
GRCh38_CMRG_72121	1075	1075	1.0
GRCh38_CMRG_73760	1075	1075	1.0
GRCh38_CMRG_74468	1075	1075	1.0
GRCh38_CMRG_76830	1075	1075	0.518856
GRCh38_CMRG_81640	1075	1075	0.822458
GRCh38_CMRG_9744	1075	1075	0.95348
GRCh38_CMRG_17109	1074	1074	1.0
GRCh38_CMRG_17110	1074	1074	1.0
GRCh38_CMRG_28476	1074	1074	0.701075
GRCh38_CMRG_29673	1074	1074	1.0
GRCh38_CMRG_34281	1074	1074	1.0
GRCh38_CMRG_39268	1074	1074	0.792271
GRCh38_CMRG_40231	1074	1074	0.97338
GRCh38_CMRG_41157	1074	1074	1.0
GRCh38_CMRG_41158	1074	1074	1.0
GRCh38_CMRG_43857	1074	1074	0.0
GRCh38_CMRG_45672	1074	1074	0.078428
GRCh38_CMRG_48052	1074	1074	0.99982
GRCh38_CMRG_50005	1074	1074	0.986922
GRCh38_CMRG_63384	1074	1074	1.0
GRCh38_CMRG_65464	1074	1074	0.0
GRCh38_CMRG_66954	1074	1074	0.0
GRCh38_CMRG_67751	1074	1074	0.503313
GRCh38_CMRG_74337	1074	1074	0.100633
GRCh38_CMRG_74338	1074	1074	0.100633
GRCh38_CMRG_80995	1074	1074	1.0
GRCh38_CMRG_81467	1074	1074	1.0
GRCh38_CMRG_81904	1074	1074	0.997367
GRCh38_CMRG_11201	1073	1073	0.99983
GRCh38_CMRG_12738	1073	1073	1.0
GRCh38_CMRG_12739	1073	1073	1.0
GRCh38_CMRG_13763	1073	1073	0.211541
GRCh38_CMRG_14395	1073	1073	0.0
GRCh38_CMRG_1625	1073	1073	0.002309
GRCh38_CMRG_1626	1073	1073	0.002309
GRCh38_CMRG_1741	1073	1073	0.0
GRCh38_CMRG_2067	1073	1073	1.0
GRCh38_CMRG_28523	1073	1073	6.5e-05
GRCh38_CMRG_29721	1073	1073	0.0
GRCh38_CMRG_31175	1073	1073	0.0
GRCh38_CMRG_31176	1073	1073	0.0
GRCh38_CMRG_32428	1073	1073	0.378188
GRCh38_CMRG_37023	1073	1073	0.984947
GRCh38_CMRG_39266	1073	1073	1.0
GRCh38_CMRG_39446	1073	1073	1.0
GRCh38_CMRG_39447	1073	1073	1.0
GRCh38_CMRG_39755	1073	1073	1.0
GRCh38_CMRG_44452	1073	1073	1.0
GRCh38_CMRG_44650	1073	1073	1.0
GRCh38_CMRG_45064	1073	1073	0.15921
GRCh38_CMRG_45664	1073	1073	1.0
GRCh38_CMRG_45665	1073	1073	1.0
GRCh38_CMRG_45671	1073	1073	0.078428
GRCh38_CMRG_51012	1073	1073	0.0
GRCh38_CMRG_51013	1073	1073	0.0
GRCh38_CMRG_51034	1073	1073	0.9984
GRCh38_CMRG_51035	1073	1073	0.9984
GRCh38_CMRG_53728	1073	1073	1.0
GRCh38_CMRG_53729	1073	1073	1.0
GRCh38_CMRG_59355	1073	1073	0.9602
GRCh38_CMRG_59488	1073	1073	0.859235
GRCh38_CMRG_6160	1073	1073	1.0
GRCh38_CMRG_6161	1073	1073	1.0
GRCh38_CMRG_63898	1073	1073	0.591776
GRCh38_CMRG_63899	1073	1073	0.591776
GRCh38_CMRG_64340	1073	1073	0.0
GRCh38_CMRG_65463	1073	1073	0.0
GRCh38_CMRG_65793	1073	1073	0.0
GRCh38_CMRG_70080	1073	1073	0.99376
GRCh38_CMRG_70873	1073	1073	0.97641
GRCh38_CMRG_75659	1073	1073	1.0
GRCh38_CMRG_75660	1073	1073	1.0
GRCh38_CMRG_77304	1073	1073	1.0
GRCh38_CMRG_79000	1073	1073	0.018092
GRCh38_CMRG_80768	1073	1073	0.0
GRCh38_CMRG_81315	1073	1073	1.0
GRCh38_CMRG_8684	1073	1073	0.0
GRCh38_CMRG_116	1072	1072	0.000352
GRCh38_CMRG_12109	1072	1072	0.99968
GRCh38_CMRG_1293	1072	1072	1.0
GRCh38_CMRG_1294	1072	1072	1.0
GRCh38_CMRG_1383	1072	1072	1.0
GRCh38_CMRG_1384	1072	1072	1.0
GRCh38_CMRG_15115	1072	1072	1.0
GRCh38_CMRG_15460	1072	1072	0.96893
GRCh38_CMRG_17486	1072	1072	1.0
GRCh38_CMRG_2066	1072	1072	1.0
GRCh38_CMRG_21964	1072	1072	0.523884
GRCh38_CMRG_26920	1072	1072	0.95539
GRCh38_CMRG_28921	1072	1072	0.0
GRCh38_CMRG_32606	1072	1072	0.943647
GRCh38_CMRG_37668	1072	1072	0.000465
GRCh38_CMRG_44695	1072	1072	8e-06
GRCh38_CMRG_44894	1072	1072	0.486731
GRCh38_CMRG_48062	1072	1072	1.0
GRCh38_CMRG_49810	1072	1072	0.050736
GRCh38_CMRG_51986	1072	1072	1.0
GRCh38_CMRG_51987	1072	1072	1.0
GRCh38_CMRG_54317	1072	1072	0.9969
GRCh38_CMRG_54318	1072	1072	0.9969
GRCh38_CMRG_6262	1072	1072	0.531533
GRCh38_CMRG_64392	1072	1072	1.0
GRCh38_CMRG_64393	1072	1072	1.0
GRCh38_CMRG_72734	1072	1072	0.0
GRCh38_CMRG_73921	1072	1072	0.735915
GRCh38_CMRG_73922	1072	1072	0.735915
GRCh38_CMRG_74147	1072	1072	1.0
GRCh38_CMRG_74381	1072	1072	1.0
GRCh38_CMRG_74660	1072	1072	0.974243
GRCh38_CMRG_77305	1072	1072	0.820338
GRCh38_CMRG_77342	1072	1072	1.0
GRCh38_CMRG_8821	1072	1072	0.99547
GRCh38_CMRG_12110	1071	1071	0.99968
GRCh38_CMRG_14082	1071	1071	0.454851
GRCh38_CMRG_14083	1071	1071	0.454851
GRCh38_CMRG_15116	1071	1071	1.0
GRCh38_CMRG_19829	1071	1071	1.0
GRCh38_CMRG_27152	1071	1071	4e-05
GRCh38_CMRG_31231	1071	1071	0.798314
GRCh38_CMRG_31232	1071	1071	0.798314
GRCh38_CMRG_32248	1071	1071	0.700534
GRCh38_CMRG_32249	1071	1071	0.700534
GRCh38_CMRG_32310	1071	1071	0.0
GRCh38_CMRG_32605	1071	1071	0.943647
GRCh38_CMRG_42157	1071	1071	0.519494
GRCh38_CMRG_42193	1071	1071	0.554792
GRCh38_CMRG_47090	1071	1071	1.0
GRCh38_CMRG_47091	1071	1071	1.0
GRCh38_CMRG_49379	1071	1071	0.96829
GRCh38_CMRG_50453	1071	1071	0.964564
GRCh38_CMRG_51473	1071	1071	0.99984
GRCh38_CMRG_51474	1071	1071	0.99984
GRCh38_CMRG_51671	1071	1071	1.0
GRCh38_CMRG_51672	1071	1071	1.0
GRCh38_CMRG_5544	1071	1071	0.99984
GRCh38_CMRG_58873	1071	1071	1.0
GRCh38_CMRG_59797	1071	1071	0.598127
GRCh38_CMRG_69441	1071	1071	1.0
GRCh38_CMRG_69537	1071	1071	1.0
GRCh38_CMRG_74177	1071	1071	0.0
GRCh38_CMRG_76756	1071	1071	0.553478
GRCh38_CMRG_77206	1071	1071	1.0
GRCh38_CMRG_77207	1071	1071	1.0
GRCh38_CMRG_789	1071	1071	0.99982
GRCh38_CMRG_81377	1071	1071	1.0
GRCh38_CMRG_81378	1071	1071	1.0
GRCh38_CMRG_841	1071	1071	0.994224
GRCh38_CMRG_8638	1071	1071	1.0
GRCh38_CMRG_9130	1071	1071	1.0
GRCh38_CMRG_1210	1070	1070	0.0
GRCh38_CMRG_13473	1070	1070	0.00086
GRCh38_CMRG_13474	1070	1070	0.00086
GRCh38_CMRG_14678	1070	1070	1.0
GRCh38_CMRG_14679	1070	1070	1.0
GRCh38_CMRG_14735	1070	1070	1.0
GRCh38_CMRG_28579	1070	1070	1.0
GRCh38_CMRG_28580	1070	1070	1.0
GRCh38_CMRG_29674	1070	1070	1.0
GRCh38_CMRG_30622	1070	1070	0.781259
GRCh38_CMRG_31277	1070	1070	0.0
GRCh38_CMRG_44525	1070	1070	0.0
GRCh38_CMRG_44772	1070	1070	1.0
GRCh38_CMRG_45070	1070	1070	0.489815
GRCh38_CMRG_47518	1070	1070	0.984337
GRCh38_CMRG_50591	1070	1070	1.0
GRCh38_CMRG_50592	1070	1070	1.0
GRCh38_CMRG_53763	1070	1070	0.9585
GRCh38_CMRG_59748	1070	1070	0.0
GRCh38_CMRG_59749	1070	1070	0.0
GRCh38_CMRG_67944	1070	1070	1.0
GRCh38_CMRG_67960	1070	1070	0.982516
GRCh38_CMRG_68678	1070	1070	1.0
GRCh38_CMRG_68679	1070	1070	1.0
GRCh38_CMRG_70613	1070	1070	0.0
GRCh38_CMRG_721	1070	1070	1.0
GRCh38_CMRG_722	1070	1070	1.0
GRCh38_CMRG_73301	1070	1070	1.0
GRCh38_CMRG_73302	1070	1070	1.0
GRCh38_CMRG_74698	1070	1070	0.001448
GRCh38_CMRG_76619	1070	1070	0.00389
GRCh38_CMRG_76620	1070	1070	0.00389
GRCh38_CMRG_76931	1070	1070	0.621898
GRCh38_CMRG_77314	1070	1070	1.0
GRCh38_CMRG_79835	1070	1070	0.0
GRCh38_CMRG_1290	1069	1069	0.480188
GRCh38_CMRG_15378	1069	1069	1.0
GRCh38_CMRG_29763	1069	1069	0.0
GRCh38_CMRG_32124	1069	1069	1.0
GRCh38_CMRG_32125	1069	1069	1.0
GRCh38_CMRG_39269	1069	1069	0.0
GRCh38_CMRG_40009	1069	1069	1.0
GRCh38_CMRG_41522	1069	1069	1.0
GRCh38_CMRG_42567	1069	1069	1.0
GRCh38_CMRG_45957	1069	1069	1.0
GRCh38_CMRG_51334	1069	1069	0.99936
GRCh38_CMRG_51335	1069	1069	0.99936
GRCh38_CMRG_55632	1069	1069	9.6e-05
GRCh38_CMRG_55633	1069	1069	9.6e-05
GRCh38_CMRG_58053	1069	1069	1.0
GRCh38_CMRG_58054	1069	1069	1.0
GRCh38_CMRG_59534	1069	1069	1.0
GRCh38_CMRG_59746	1069	1069	1.0
GRCh38_CMRG_59747	1069	1069	1.0
GRCh38_CMRG_67542	1069	1069	0.456447
GRCh38_CMRG_68809	1069	1069	0.663944
GRCh38_CMRG_68810	1069	1069	0.663944
GRCh38_CMRG_70614	1069	1069	0.0
GRCh38_CMRG_71098	1069	1069	0.03231
GRCh38_CMRG_73054	1069	1069	1.0
GRCh38_CMRG_73378	1069	1069	1.0
GRCh38_CMRG_73379	1069	1069	1.0
GRCh38_CMRG_77036	1069	1069	1.0
GRCh38_CMRG_838	1069	1069	0.156213
GRCh38_CMRG_1312	1068	1068	0.5128
GRCh38_CMRG_1313	1068	1068	0.5128
GRCh38_CMRG_1358	1068	1068	0.553933
GRCh38_CMRG_24582	1068	1068	0.99188
GRCh38_CMRG_24583	1068	1068	0.99188
GRCh38_CMRG_32495	1068	1068	0.767874
GRCh38_CMRG_36018	1068	1068	1.0
GRCh38_CMRG_36019	1068	1068	1.0
GRCh38_CMRG_37882	1068	1068	0.000144
GRCh38_CMRG_39684	1068	1068	0.99894
GRCh38_CMRG_39685	1068	1068	0.99894
GRCh38_CMRG_43890	1068	1068	1.0
GRCh38_CMRG_43986	1068	1068	1.0
GRCh38_CMRG_43987	1068	1068	1.0
GRCh38_CMRG_44766	1068	1068	0.0
GRCh38_CMRG_45069	1068	1068	0.489815
GRCh38_CMRG_47520	1068	1068	0.538337
GRCh38_CMRG_52622	1068	1068	0.072964
GRCh38_CMRG_53023	1068	1068	0.99966
GRCh38_CMRG_53024	1068	1068	0.99966
GRCh38_CMRG_54195	1068	1068	1.0
GRCh38_CMRG_59553	1068	1068	0.725606
GRCh38_CMRG_64316	1068	1068	1.0
GRCh38_CMRG_65338	1068	1068	0.137734
GRCh38_CMRG_67541	1068	1068	0.0
GRCh38_CMRG_72735	1068	1068	0.0
GRCh38_CMRG_1011	1067	1067	0.498574
GRCh38_CMRG_15107	1067	1067	0.115486
GRCh38_CMRG_16630	1067	1067	0.0
GRCh38_CMRG_1772	1067	1067	0.0
GRCh38_CMRG_1773	1067	1067	0.0
GRCh38_CMRG_17790	1067	1067	0.94629
GRCh38_CMRG_17791	1067	1067	0.94629
GRCh38_CMRG_26883	1067	1067	0.9811
GRCh38_CMRG_27692	1067	1067	0.492791
GRCh38_CMRG_34541	1067	1067	1.0
GRCh38_CMRG_37737	1067	1067	1.0
GRCh38_CMRG_39568	1067	1067	0.98922
GRCh38_CMRG_39569	1067	1067	0.98922
GRCh38_CMRG_41588	1067	1067	0.0
GRCh38_CMRG_41589	1067	1067	0.0
GRCh38_CMRG_48114	1067	1067	1.0
GRCh38_CMRG_48115	1067	1067	0.0
GRCh38_CMRG_48939	1067	1067	1.0
GRCh38_CMRG_51030	1067	1067	0.023618
GRCh38_CMRG_51622	1067	1067	0.811271
GRCh38_CMRG_5742	1067	1067	0.99853
GRCh38_CMRG_6013	1067	1067	0.984118
GRCh38_CMRG_6127	1067	1067	0.0
GRCh38_CMRG_6439	1067	1067	1.0
GRCh38_CMRG_6512	1067	1067	0.010921
GRCh38_CMRG_65349	1067	1067	0.866764
GRCh38_CMRG_73282	1067	1067	0.0
GRCh38_CMRG_75505	1067	1067	1.0
GRCh38_CMRG_75612	1067	1067	0.937154
GRCh38_CMRG_77348	1067	1067	0.0
GRCh38_CMRG_1065	1066	1066	1.0
GRCh38_CMRG_1066	1066	1066	1.0
GRCh38_CMRG_12411	1066	1066	0.127138
GRCh38_CMRG_12412	1066	1066	0.127138
GRCh38_CMRG_13986	1066	1066	1.0
GRCh38_CMRG_15299	1066	1066	0.0
GRCh38_CMRG_16450	1066	1066	0.0
GRCh38_CMRG_16451	1066	1066	0.0
GRCh38_CMRG_16652	1066	1066	0.823915
GRCh38_CMRG_34138	1066	1066	1.0
GRCh38_CMRG_37592	1066	1066	0.0
GRCh38_CMRG_39919	1066	1066	0.0
GRCh38_CMRG_40010	1066	1066	1.0
GRCh38_CMRG_41499	1066	1066	0.0
GRCh38_CMRG_41500	1066	1066	0.0
GRCh38_CMRG_43666	1066	1066	0.551221
GRCh38_CMRG_45067	1066	1066	0.156369
GRCh38_CMRG_45068	1066	1066	0.156369
GRCh38_CMRG_45272	1066	1066	1.0
GRCh38_CMRG_48009	1066	1066	1.0
GRCh38_CMRG_48938	1066	1066	1.0
GRCh38_CMRG_49724	1066	1066	1.0
GRCh38_CMRG_49725	1066	1066	1.0
GRCh38_CMRG_52054	1066	1066	0.258586
GRCh38_CMRG_52595	1066	1066	1.0
GRCh38_CMRG_52596	1066	1066	1.0
GRCh38_CMRG_60350	1066	1066	0.472963
GRCh38_CMRG_61683	1066	1066	1.0
GRCh38_CMRG_61684	1066	1066	1.0
GRCh38_CMRG_64312	1066	1066	1.0
GRCh38_CMRG_64313	1066	1066	1.0
GRCh38_CMRG_6438	1066	1066	1.0
GRCh38_CMRG_657	1066	1066	0.511673
GRCh38_CMRG_6575	1066	1066	1.0
GRCh38_CMRG_658	1066	1066	0.511673
GRCh38_CMRG_69756	1066	1066	1.0
GRCh38_CMRG_7187	1066	1066	1.0
GRCh38_CMRG_7188	1066	1066	1.0
GRCh38_CMRG_76963	1066	1066	0.032091
GRCh38_CMRG_79114	1066	1066	1.0
GRCh38_CMRG_13588	1065	1065	0.99984
GRCh38_CMRG_13589	1065	1065	0.99984
GRCh38_CMRG_14096	1065	1065	0.0
GRCh38_CMRG_14097	1065	1065	0.0
GRCh38_CMRG_15106	1065	1065	0.115486
GRCh38_CMRG_16631	1065	1065	0.0
GRCh38_CMRG_29858	1065	1065	0.922727
GRCh38_CMRG_32363	1065	1065	4e-05
GRCh38_CMRG_32364	1065	1065	4e-05
GRCh38_CMRG_34475	1065	1065	1.0
GRCh38_CMRG_34476	1065	1065	1.0
GRCh38_CMRG_36288	1065	1065	0.0
GRCh38_CMRG_37935	1065	1065	0.0
GRCh38_CMRG_382	1065	1065	0.99782
GRCh38_CMRG_389	1065	1065	0.001973
GRCh38_CMRG_41627	1065	1065	1.0
GRCh38_CMRG_41628	1065	1065	1.0
GRCh38_CMRG_42117	1065	1065	0.497993
GRCh38_CMRG_44592	1065	1065	1.0
GRCh38_CMRG_44593	1065	1065	1.0
GRCh38_CMRG_44595	1065	1065	0.9983
GRCh38_CMRG_44767	1065	1065	0.0
GRCh38_CMRG_44952	1065	1065	0.868561
GRCh38_CMRG_45568	1065	1065	0.0
GRCh38_CMRG_45569	1065	1065	0.0
GRCh38_CMRG_46015	1065	1065	0.040736
GRCh38_CMRG_46016	1065	1065	0.040736
GRCh38_CMRG_49586	1065	1065	1.0
GRCh38_CMRG_49587	1065	1065	1.0
GRCh38_CMRG_51508	1065	1065	0.681501
GRCh38_CMRG_54196	1065	1065	1.0
GRCh38_CMRG_54796	1065	1065	0.99968
GRCh38_CMRG_59291	1065	1065	0.999223
GRCh38_CMRG_60153	1065	1065	0.99871
GRCh38_CMRG_63546	1065	1065	1.0
GRCh38_CMRG_63547	1065	1065	1.0
GRCh38_CMRG_70618	1065	1065	0.513536
GRCh38_CMRG_7260	1065	1065	0.94198
GRCh38_CMRG_7261	1065	1065	0.94198
GRCh38_CMRG_74294	1065	1065	1.0
GRCh38_CMRG_74295	1065	1065	1.0
GRCh38_CMRG_76962	1065	1065	0.032091
GRCh38_CMRG_35653	1064	1064	0.98341
GRCh38_CMRG_39389	1064	1064	0.000169
GRCh38_CMRG_39759	1064	1064	1.0
GRCh38_CMRG_40232	1064	1064	0.97338
GRCh38_CMRG_50988	1064	1064	0.186996
GRCh38_CMRG_50989	1064	1064	0.186996
GRCh38_CMRG_51994	1064	1064	0.0
GRCh38_CMRG_52182	1064	1064	0.0
GRCh38_CMRG_54797	1064	1064	0.99968
GRCh38_CMRG_55312	1064	1064	0.539325
GRCh38_CMRG_58792	1064	1064	0.99734
GRCh38_CMRG_58793	1064	1064	0.99734
GRCh38_CMRG_61790	1064	1064	1.0
GRCh38_CMRG_64650	1064	1064	0.0
GRCh38_CMRG_69596	1064	1064	1.0
GRCh38_CMRG_71166	1064	1064	0.000379
GRCh38_CMRG_74912	1064	1064	0.0
GRCh38_CMRG_74913	1064	1064	0.0
GRCh38_CMRG_79458	1064	1064	0.53258
GRCh38_CMRG_82153	1064	1064	1.0
GRCh38_CMRG_82154	1064	1064	1.0
GRCh38_CMRG_14533	1063	1063	0.59644
GRCh38_CMRG_19058	1063	1063	0.99965
GRCh38_CMRG_28569	1063	1063	0.0
GRCh38_CMRG_33118	1063	1063	0.99952
GRCh38_CMRG_40083	1063	1063	1.0
GRCh38_CMRG_44596	1063	1063	0.354839
GRCh38_CMRG_45063	1063	1063	0.15921
GRCh38_CMRG_47955	1063	1063	0.0
GRCh38_CMRG_50958	1063	1063	0.002586
GRCh38_CMRG_51033	1063	1063	1.0
GRCh38_CMRG_51536	1063	1063	0.807524
GRCh38_CMRG_52181	1063	1063	0.0
GRCh38_CMRG_65794	1063	1063	0.0
GRCh38_CMRG_6770	1063	1063	0.865283
GRCh38_CMRG_68954	1063	1063	0.591629
GRCh38_CMRG_71885	1063	1063	1.0
GRCh38_CMRG_72467	1063	1063	0.0
GRCh38_CMRG_74697	1063	1063	0.001448
GRCh38_CMRG_79050	1063	1063	1.0
GRCh38_CMRG_79453	1063	1063	1.0
GRCh38_CMRG_79454	1063	1063	1.0
GRCh38_CMRG_81258	1063	1063	1.0
GRCh38_CMRG_81919	1063	1063	0.690448
GRCh38_CMRG_13277	1062	1062	0.98969
GRCh38_CMRG_13278	1062	1062	0.98969
GRCh38_CMRG_1487	1062	1062	0.921
GRCh38_CMRG_1488	1062	1062	0.921
GRCh38_CMRG_1710	1062	1062	1.0
GRCh38_CMRG_21435	1062	1062	0.237857
GRCh38_CMRG_32266	1062	1062	0.479103
GRCh38_CMRG_32922	1062	1062	0.189987
GRCh38_CMRG_44574	1062	1062	1.0
GRCh38_CMRG_44575	1062	1062	1.0
GRCh38_CMRG_47498	1062	1062	0.56158
GRCh38_CMRG_51808	1062	1062	0.001863
GRCh38_CMRG_51809	1062	1062	0.001863
GRCh38_CMRG_52775	1062	1062	0.0
GRCh38_CMRG_55313	1062	1062	0.539325
GRCh38_CMRG_59678	1062	1062	0.95699
GRCh38_CMRG_59679	1062	1062	0.95699
GRCh38_CMRG_59866	1062	1062	0.0
GRCh38_CMRG_69535	1062	1062	0.96844
GRCh38_CMRG_69536	1062	1062	0.96844
GRCh38_CMRG_70933	1062	1062	0.99229
GRCh38_CMRG_70934	1062	1062	0.99229
GRCh38_CMRG_73816	1062	1062	1.0
GRCh38_CMRG_81455	1062	1062	0.001035
GRCh38_CMRG_81543	1062	1062	0.455042
GRCh38_CMRG_81763	1062	1062	0.011239
GRCh38_CMRG_81764	1062	1062	0.011239
GRCh38_CMRG_1256	1061	1061	1.0
GRCh38_CMRG_1257	1061	1061	1.0
GRCh38_CMRG_25385	1061	1061	1.0
GRCh38_CMRG_28516	1061	1061	1.0
GRCh38_CMRG_28517	1061	1061	1.0
GRCh38_CMRG_31568	1061	1061	0.538013
GRCh38_CMRG_31661	1061	1061	0.95083
GRCh38_CMRG_34216	1061	1061	0.98232
GRCh38_CMRG_39471	1061	1061	1.0
GRCh38_CMRG_39514	1061	1061	0.787648
GRCh38_CMRG_43739	1061	1061	1.0
GRCh38_CMRG_43740	1061	1061	1.0
GRCh38_CMRG_53608	1061	1061	1.0
GRCh38_CMRG_53609	1061	1061	1.0
GRCh38_CMRG_53782	1061	1061	1.0
GRCh38_CMRG_60401	1061	1061	0.97678
GRCh38_CMRG_60402	1061	1061	0.97678
GRCh38_CMRG_61765	1061	1061	1.0
GRCh38_CMRG_61766	1061	1061	1.0
GRCh38_CMRG_66064	1061	1061	1.0
GRCh38_CMRG_66065	1061	1061	1.0
GRCh38_CMRG_67761	1061	1061	1.0
GRCh38_CMRG_67762	1061	1061	1.0
GRCh38_CMRG_73158	1061	1061	0.9995
GRCh38_CMRG_73159	1061	1061	0.9995
GRCh38_CMRG_77317	1061	1061	0.623636
GRCh38_CMRG_81544	1061	1061	0.455042
GRCh38_CMRG_81843	1061	1061	0.0
GRCh38_CMRG_81999	1061	1061	1.0
GRCh38_CMRG_8707	1061	1061	1.0
GRCh38_CMRG_13453	1060	1060	7.6e-05
GRCh38_CMRG_14047	1060	1060	0.0
GRCh38_CMRG_14048	1060	1060	0.0
GRCh38_CMRG_17386	1060	1060	0.978631
GRCh38_CMRG_23314	1060	1060	0.99234
GRCh38_CMRG_23315	1060	1060	0.99234
GRCh38_CMRG_25384	1060	1060	1.0
GRCh38_CMRG_26302	1060	1060	0.001079
GRCh38_CMRG_41629	1060	1060	0.99965
GRCh38_CMRG_44903	1060	1060	1.0
GRCh38_CMRG_47499	1060	1060	0.56158
GRCh38_CMRG_50233	1060	1060	0.008876
GRCh38_CMRG_50588	1060	1060	1.0
GRCh38_CMRG_50589	1060	1060	1.0
GRCh38_CMRG_50920	1060	1060	0.988572
GRCh38_CMRG_50959	1060	1060	1.0
GRCh38_CMRG_50960	1060	1060	1.0
GRCh38_CMRG_58151	1060	1060	0.780099
GRCh38_CMRG_58152	1060	1060	0.780099
GRCh38_CMRG_62541	1060	1060	1.0
GRCh38_CMRG_62542	1060	1060	1.0
GRCh38_CMRG_64649	1060	1060	0.99984
GRCh38_CMRG_71336	1060	1060	1.0
GRCh38_CMRG_74412	1060	1060	1.0
GRCh38_CMRG_74413	1060	1060	1.0
GRCh38_CMRG_8152	1060	1060	0.654252
GRCh38_CMRG_81998	1060	1060	1.0
GRCh38_CMRG_13991	1059	1059	0.359806
GRCh38_CMRG_22783	1059	1059	0.95437
GRCh38_CMRG_25875	1059	1059	0.006853
GRCh38_CMRG_27310	1059	1059	1.0
GRCh38_CMRG_27311	1059	1059	1.0
GRCh38_CMRG_30878	1059	1059	0.0
GRCh38_CMRG_30879	1059	1059	0.0
GRCh38_CMRG_31558	1059	1059	0.39841
GRCh38_CMRG_34501	1059	1059	0.509932
GRCh38_CMRG_36878	1059	1059	0.279578
GRCh38_CMRG_43947	1059	1059	0.595787
GRCh38_CMRG_44953	1059	1059	0.868561
GRCh38_CMRG_47574	1059	1059	0.000163
GRCh38_CMRG_47829	1059	1059	1.0
GRCh38_CMRG_52624	1059	1059	1.0
GRCh38_CMRG_52625	1059	1059	1.0
GRCh38_CMRG_53761	1059	1059	1.0
GRCh38_CMRG_53762	1059	1059	1.0
GRCh38_CMRG_55081	1059	1059	0.0
GRCh38_CMRG_59554	1059	1059	0.725606
GRCh38_CMRG_66375	1059	1059	0.0
GRCh38_CMRG_70223	1059	1059	1.0
GRCh38_CMRG_70224	1059	1059	1.0
GRCh38_CMRG_70485	1059	1059	1.0
GRCh38_CMRG_70486	1059	1059	1.0
GRCh38_CMRG_71337	1059	1059	1.0
GRCh38_CMRG_73745	1059	1059	0.461599
GRCh38_CMRG_73916	1059	1059	0.97817
GRCh38_CMRG_73917	1059	1059	0.97817
GRCh38_CMRG_76841	1059	1059	0.99422
GRCh38_CMRG_7694	1059	1059	0.497276
GRCh38_CMRG_7695	1059	1059	0.497276
GRCh38_CMRG_77221	1059	1059	0.539042
GRCh38_CMRG_8726	1059	1059	0.99937
GRCh38_CMRG_8727	1059	1059	0.99937
GRCh38_CMRG_18257	1058	1058	0.005994
GRCh38_CMRG_19598	1058	1058	0.000437
GRCh38_CMRG_22717	1058	1058	0.99953
GRCh38_CMRG_22718	1058	1058	0.99953
GRCh38_CMRG_26415	1058	1058	0.588667
GRCh38_CMRG_26840	1058	1058	0.004172
GRCh38_CMRG_35907	1058	1058	0.487043
GRCh38_CMRG_36287	1058	1058	0.0
GRCh38_CMRG_41166	1058	1058	1.0
GRCh38_CMRG_41167	1058	1058	1.0
GRCh38_CMRG_41376	1058	1058	0.984247
GRCh38_CMRG_44046	1058	1058	1.0
GRCh38_CMRG_44384	1058	1058	5.8e-05
GRCh38_CMRG_44728	1058	1058	8.7e-05
GRCh38_CMRG_46778	1058	1058	0.0
GRCh38_CMRG_46779	1058	1058	0.0
GRCh38_CMRG_49967	1058	1058	0.0
GRCh38_CMRG_49968	1058	1058	0.0
GRCh38_CMRG_52024	1058	1058	0.469221
GRCh38_CMRG_58543	1058	1058	0.0
GRCh38_CMRG_64281	1058	1058	0.0
GRCh38_CMRG_67410	1058	1058	0.0
GRCh38_CMRG_67411	1058	1058	0.0
GRCh38_CMRG_72124	1058	1058	0.0
GRCh38_CMRG_72833	1058	1058	3.3e-05
GRCh38_CMRG_74246	1058	1058	0.0
GRCh38_CMRG_76752	1058	1058	1.0
GRCh38_CMRG_81945	1058	1058	0.0
GRCh38_CMRG_81946	1058	1058	0.0
GRCh38_CMRG_8229	1058	1058	0.0
GRCh38_CMRG_8230	1058	1058	0.0
GRCh38_CMRG_19599	1057	1057	0.000437
GRCh38_CMRG_26499	1057	1057	0.958498
GRCh38_CMRG_26500	1057	1057	0.958498
GRCh38_CMRG_33515	1057	1057	0.0
GRCh38_CMRG_42194	1057	1057	0.554792
GRCh38_CMRG_43948	1057	1057	0.595787
GRCh38_CMRG_44653	1057	1057	0.0
GRCh38_CMRG_48628	1057	1057	0.136305
GRCh38_CMRG_48629	1057	1057	0.136305
GRCh38_CMRG_51965	1057	1057	1.0
GRCh38_CMRG_51966	1057	1057	1.0
GRCh38_CMRG_52875	1057	1057	0.99356
GRCh38_CMRG_55015	1057	1057	0.9889
GRCh38_CMRG_55016	1057	1057	0.9889
GRCh38_CMRG_55412	1057	1057	1.0
GRCh38_CMRG_55413	1057	1057	1.0
GRCh38_CMRG_58302	1057	1057	1.0
GRCh38_CMRG_69529	1057	1057	1.0
GRCh38_CMRG_74292	1057	1057	1.0
GRCh38_CMRG_74293	1057	1057	1.0
GRCh38_CMRG_76753	1057	1057	1.0
GRCh38_CMRG_7706	1057	1057	1.0
GRCh38_CMRG_79134	1057	1057	0.602145
GRCh38_CMRG_8983	1057	1057	0.954125
GRCh38_CMRG_13182	1056	1056	1.0
GRCh38_CMRG_13183	1056	1056	1.0
GRCh38_CMRG_14123	1056	1056	0.000145
GRCh38_CMRG_15088	1056	1056	0.955412
GRCh38_CMRG_1630	1056	1056	1.0
GRCh38_CMRG_1631	1056	1056	1.0
GRCh38_CMRG_16983	1056	1056	0.737874
GRCh38_CMRG_20874	1056	1056	0.0
GRCh38_CMRG_20875	1056	1056	0.0
GRCh38_CMRG_2356	1056	1056	1.0
GRCh38_CMRG_24532	1056	1056	0.99983
GRCh38_CMRG_27298	1056	1056	0.99952
GRCh38_CMRG_27299	1056	1056	0.99952
GRCh38_CMRG_27932	1056	1056	0.0
GRCh38_CMRG_36419	1056	1056	0.007521
GRCh38_CMRG_39705	1056	1056	0.0
GRCh38_CMRG_50417	1056	1056	0.94025
GRCh38_CMRG_51792	1056	1056	0.92862
GRCh38_CMRG_52062	1056	1056	0.99951
GRCh38_CMRG_52744	1056	1056	0.0
GRCh38_CMRG_52874	1056	1056	0.99356
GRCh38_CMRG_5982	1056	1056	0.964383
GRCh38_CMRG_65068	1056	1056	0.000127
GRCh38_CMRG_65069	1056	1056	0.000127
GRCh38_CMRG_69528	1056	1056	1.0
GRCh38_CMRG_69562	1056	1056	1.0
GRCh38_CMRG_72125	1056	1056	0.228643
GRCh38_CMRG_73310	1056	1056	0.257657
GRCh38_CMRG_73311	1056	1056	0.257657
GRCh38_CMRG_75643	1056	1056	0.517434
GRCh38_CMRG_81947	1056	1056	1.0
GRCh38_CMRG_81948	1056	1056	1.0
GRCh38_CMRG_12251	1055	1055	0.961911
GRCh38_CMRG_12626	1055	1055	0.99483
GRCh38_CMRG_28106	1055	1055	0.0
GRCh38_CMRG_28107	1055	1055	0.0
GRCh38_CMRG_2918	1055	1055	0.0
GRCh38_CMRG_34607	1055	1055	0.553142
GRCh38_CMRG_35922	1055	1055	1.0
GRCh38_CMRG_35923	1055	1055	1.0
GRCh38_CMRG_37587	1055	1055	0.0
GRCh38_CMRG_39848	1055	1055	1.0
GRCh38_CMRG_40847	1055	1055	1.0
GRCh38_CMRG_46536	1055	1055	0.0
GRCh38_CMRG_50416	1055	1055	0.94025
GRCh38_CMRG_50654	1055	1055	0.0
GRCh38_CMRG_50655	1055	1055	0.0
GRCh38_CMRG_55617	1055	1055	1.0
GRCh38_CMRG_58752	1055	1055	0.91765
GRCh38_CMRG_58753	1055	1055	0.91765
GRCh38_CMRG_67383	1055	1055	0.708867
GRCh38_CMRG_69635	1055	1055	1.0
GRCh38_CMRG_69636	1055	1055	1.0
GRCh38_CMRG_73377	1055	1055	1.0
GRCh38_CMRG_74182	1055	1055	0.0
GRCh38_CMRG_74681	1055	1055	0.0
GRCh38_CMRG_74682	1055	1055	0.0
GRCh38_CMRG_77192	1055	1055	1.0
GRCh38_CMRG_815	1055	1055	1.0
GRCh38_CMRG_81842	1055	1055	0.0
GRCh38_CMRG_12249	1054	1054	0.96067
GRCh38_CMRG_33514	1054	1054	0.0
GRCh38_CMRG_44904	1054	1054	0.664919
GRCh38_CMRG_45956	1054	1054	1.0
GRCh38_CMRG_45994	1054	1054	0.981712
GRCh38_CMRG_54988	1054	1054	0.0
GRCh38_CMRG_54989	1054	1054	0.0
GRCh38_CMRG_60346	1054	1054	0.0
GRCh38_CMRG_60347	1054	1054	0.0
GRCh38_CMRG_64438	1054	1054	0.538089
GRCh38_CMRG_69609	1054	1054	5.6e-05
GRCh38_CMRG_69980	1054	1054	0.0
GRCh38_CMRG_69981	1054	1054	0.0
GRCh38_CMRG_73199	1054	1054	1.0
GRCh38_CMRG_73200	1054	1054	1.0
GRCh38_CMRG_73376	1054	1054	1.0
GRCh38_CMRG_74466	1054	1054	1.0
GRCh38_CMRG_77191	1054	1054	1.0
GRCh38_CMRG_77199	1054	1054	1.0
GRCh38_CMRG_77200	1054	1054	1.0
GRCh38_CMRG_77222	1054	1054	0.539042
GRCh38_CMRG_77522	1054	1054	0.0
GRCh38_CMRG_77523	1054	1054	0.0
GRCh38_CMRG_79920	1054	1054	0.0
GRCh38_CMRG_82041	1054	1054	0.031685
GRCh38_CMRG_8716	1054	1054	0.994413
GRCh38_CMRG_8717	1054	1054	0.994413
GRCh38_CMRG_9321	1054	1054	0.000468
GRCh38_CMRG_15087	1053	1053	0.955412
GRCh38_CMRG_29942	1053	1053	0.98005
GRCh38_CMRG_29943	1053	1053	0.98005
GRCh38_CMRG_34110	1053	1053	0.0
GRCh38_CMRG_37155	1053	1053	0.9402
GRCh38_CMRG_39343	1053	1053	0.333993
GRCh38_CMRG_44551	1053	1053	1.0
GRCh38_CMRG_44552	1053	1053	1.0
GRCh38_CMRG_44857	1053	1053	0.550442
GRCh38_CMRG_47794	1053	1053	1.0
GRCh38_CMRG_48652	1053	1053	1.0
GRCh38_CMRG_48653	1053	1053	1.0
GRCh38_CMRG_53819	1053	1053	0.631168
GRCh38_CMRG_58351	1053	1053	0.98922
GRCh38_CMRG_60137	1053	1053	1.0
GRCh38_CMRG_60138	1053	1053	1.0
GRCh38_CMRG_61238	1053	1053	0.0
GRCh38_CMRG_64257	1053	1053	0.0
GRCh38_CMRG_64734	1053	1053	0.0
GRCh38_CMRG_64941	1053	1053	0.010462
GRCh38_CMRG_71578	1053	1053	0.832799
GRCh38_CMRG_71886	1053	1053	0.939234
GRCh38_CMRG_73418	1053	1053	1.0
GRCh38_CMRG_73744	1053	1053	0.461599
GRCh38_CMRG_74465	1053	1053	1.0
GRCh38_CMRG_75411	1053	1053	0.0
GRCh38_CMRG_816	1053	1053	0.0
GRCh38_CMRG_817	1053	1053	0.0
GRCh38_CMRG_1456	1052	1052	1.0
GRCh38_CMRG_1476	1052	1052	1.0
GRCh38_CMRG_22757	1052	1052	0.114557
GRCh38_CMRG_22758	1052	1052	0.114557
GRCh38_CMRG_24485	1052	1052	0.534444
GRCh38_CMRG_29543	1052	1052	1.0
GRCh38_CMRG_32458	1052	1052	0.0
GRCh38_CMRG_36544	1052	1052	0.96496
GRCh38_CMRG_44269	1052	1052	0.537333
GRCh38_CMRG_47854	1052	1052	0.956603
GRCh38_CMRG_48869	1052	1052	1.0
GRCh38_CMRG_51082	1052	1052	1.0
GRCh38_CMRG_51482	1052	1052	1.0
GRCh38_CMRG_51483	1052	1052	1.0
GRCh38_CMRG_53807	1052	1052	0.9273
GRCh38_CMRG_62451	1052	1052	0.0
GRCh38_CMRG_65503	1052	1052	0.877771
GRCh38_CMRG_68575	1052	1052	0.0
GRCh38_CMRG_73419	1052	1052	1.0
GRCh38_CMRG_73918	1052	1052	0.0
GRCh38_CMRG_76859	1052	1052	1.0
GRCh38_CMRG_82040	1052	1052	0.031685
GRCh38_CMRG_11436	1051	1051	0.978642
GRCh38_CMRG_14733	1051	1051	0.0
GRCh38_CMRG_1477	1051	1051	1.0
GRCh38_CMRG_17050	1051	1051	0.94593
GRCh38_CMRG_27153	1051	1051	4e-05
GRCh38_CMRG_32864	1051	1051	0.000574
GRCh38_CMRG_34434	1051	1051	0.432082
GRCh38_CMRG_36639	1051	1051	0.000309
GRCh38_CMRG_36640	1051	1051	0.000309
GRCh38_CMRG_43622	1051	1051	0.99967
GRCh38_CMRG_48763	1051	1051	0.982661
GRCh38_CMRG_51272	1051	1051	0.0
GRCh38_CMRG_52048	1051	1051	1.0
GRCh38_CMRG_70617	1051	1051	0.513536
GRCh38_CMRG_73763	1051	1051	1.0
GRCh38_CMRG_73764	1051	1051	1.0
GRCh38_CMRG_77151	1051	1051	1.0
GRCh38_CMRG_79474	1051	1051	1.0
GRCh38_CMRG_79475	1051	1051	1.0
GRCh38_CMRG_79696	1051	1051	0.99729
GRCh38_CMRG_79697	1051	1051	0.99729
GRCh38_CMRG_32279	1050	1050	1.0
GRCh38_CMRG_34498	1050	1050	0.531423
GRCh38_CMRG_35783	1050	1050	0.99547
GRCh38_CMRG_35784	1050	1050	0.99547
GRCh38_CMRG_37163	1050	1050	0.588174
GRCh38_CMRG_37164	1050	1050	0.588174
GRCh38_CMRG_39065	1050	1050	0.768186
GRCh38_CMRG_46621	1050	1050	0.89818
GRCh38_CMRG_52063	1050	1050	0.99951
GRCh38_CMRG_54782	1050	1050	0.0
GRCh38_CMRG_54783	1050	1050	0.0
GRCh38_CMRG_55142	1050	1050	1.0
GRCh38_CMRG_55143	1050	1050	1.0
GRCh38_CMRG_65534	1050	1050	1.0
GRCh38_CMRG_65535	1050	1050	1.0
GRCh38_CMRG_67375	1050	1050	1.0
GRCh38_CMRG_67376	1050	1050	1.0
GRCh38_CMRG_70240	1050	1050	0.98341
GRCh38_CMRG_70241	1050	1050	0.98341
GRCh38_CMRG_70722	1050	1050	0.0
GRCh38_CMRG_71492	1050	1050	0.494849
GRCh38_CMRG_7218	1050	1050	0.0
GRCh38_CMRG_73228	1050	1050	0.0
GRCh38_CMRG_74247	1050	1050	0.0
GRCh38_CMRG_74926	1050	1050	0.99874
GRCh38_CMRG_74927	1050	1050	0.99874
GRCh38_CMRG_76640	1050	1050	6.2e-05
GRCh38_CMRG_76641	1050	1050	6.2e-05
GRCh38_CMRG_7705	1050	1050	1.0
GRCh38_CMRG_77307	1050	1050	0.0
GRCh38_CMRG_77344	1050	1050	1.0
GRCh38_CMRG_77345	1050	1050	1.0
GRCh38_CMRG_8371	1050	1050	0.144352
GRCh38_CMRG_12932	1049	1049	1.0
GRCh38_CMRG_14130	1049	1049	1.0
GRCh38_CMRG_14131	1049	1049	1.0
GRCh38_CMRG_33987	1049	1049	8e-06
GRCh38_CMRG_33988	1049	1049	8e-06
GRCh38_CMRG_36130	1049	1049	0.261844
GRCh38_CMRG_45028	1049	1049	0.0
GRCh38_CMRG_46398	1049	1049	0.0
GRCh38_CMRG_50048	1049	1049	0.627146
GRCh38_CMRG_51381	1049	1049	0.516246
GRCh38_CMRG_52329	1049	1049	1.0
GRCh38_CMRG_53818	1049	1049	0.631168
GRCh38_CMRG_64556	1049	1049	1.0
GRCh38_CMRG_8636	1049	1049	0.945182
GRCh38_CMRG_19061	1048	1048	0.0
GRCh38_CMRG_2871	1048	1048	0.0
GRCh38_CMRG_31169	1048	1048	0.448983
GRCh38_CMRG_35774	1048	1048	0.514783
GRCh38_CMRG_35775	1048	1048	0.514783
GRCh38_CMRG_41342	1048	1048	0.780616
GRCh38_CMRG_45983	1048	1048	0.0
GRCh38_CMRG_52053	1048	1048	0.258586
GRCh38_CMRG_52372	1048	1048	0.95436
GRCh38_CMRG_52373	1048	1048	0.95436
GRCh38_CMRG_6011	1048	1048	1.0
GRCh38_CMRG_6012	1048	1048	1.0
GRCh38_CMRG_62559	1048	1048	1.0
GRCh38_CMRG_63490	1048	1048	0.0
GRCh38_CMRG_64833	1048	1048	0.98254
GRCh38_CMRG_6539	1048	1048	0.774657
GRCh38_CMRG_6540	1048	1048	0.774657
GRCh38_CMRG_73925	1048	1048	0.829593
GRCh38_CMRG_73926	1048	1048	0.829593
GRCh38_CMRG_75675	1048	1048	1.0
GRCh38_CMRG_77438	1048	1048	1.0
GRCh38_CMRG_77439	1048	1048	0.947713
GRCh38_CMRG_8372	1048	1048	0.144352
GRCh38_CMRG_8984	1048	1048	0.90937
GRCh38_CMRG_19878	1047	1047	0.0
GRCh38_CMRG_19879	1047	1047	0.0
GRCh38_CMRG_2872	1047	1047	0.0
GRCh38_CMRG_30708	1047	1047	0.9097
GRCh38_CMRG_34435	1047	1047	0.432082
GRCh38_CMRG_401	1047	1047	1.0
GRCh38_CMRG_402	1047	1047	1.0
GRCh38_CMRG_44102	1047	1047	0.826744
GRCh38_CMRG_44698	1047	1047	0.3
GRCh38_CMRG_6255	1047	1047	0.756791
GRCh38_CMRG_72649	1047	1047	0.781767
GRCh38_CMRG_74146	1047	1047	1.0
GRCh38_CMRG_75656	1047	1047	0.465022
GRCh38_CMRG_75657	1047	1047	0.465022
GRCh38_CMRG_77152	1047	1047	1.0
GRCh38_CMRG_77316	1047	1047	0.0
GRCh38_CMRG_81384	1047	1047	0.001639
GRCh38_CMRG_81385	1047	1047	0.001639
GRCh38_CMRG_81602	1047	1047	0.3897
GRCh38_CMRG_81603	1047	1047	0.3897
GRCh38_CMRG_8822	1047	1047	0.0
GRCh38_CMRG_8823	1047	1047	0.0
GRCh38_CMRG_9763	1047	1047	0.000468
GRCh38_CMRG_11141	1046	1046	0.359753
GRCh38_CMRG_1128	1046	1046	0.99574
GRCh38_CMRG_27022	1046	1046	1.0
GRCh38_CMRG_27023	1046	1046	1.0
GRCh38_CMRG_37026	1046	1046	0.169627
GRCh38_CMRG_49003	1046	1046	0.0
GRCh38_CMRG_54582	1046	1046	0.0
GRCh38_CMRG_58328	1046	1046	0.028233
GRCh38_CMRG_648	1046	1046	0.97875
GRCh38_CMRG_76831	1046	1046	0.060714
GRCh38_CMRG_79785	1046	1046	0.90139
GRCh38_CMRG_13996	1045	1045	1.0
GRCh38_CMRG_18812	1045	1045	0.0
GRCh38_CMRG_19060	1045	1045	0.0
GRCh38_CMRG_36835	1045	1045	0.799159
GRCh38_CMRG_37910	1045	1045	1.0
GRCh38_CMRG_40309	1045	1045	0.0
GRCh38_CMRG_44101	1045	1045	0.826744
GRCh38_CMRG_44699	1045	1045	0.3
GRCh38_CMRG_47855	1045	1045	1.0
GRCh38_CMRG_47856	1045	1045	1.0
GRCh38_CMRG_50965	1045	1045	0.001158
GRCh38_CMRG_52155	1045	1045	0.0
GRCh38_CMRG_58155	1045	1045	0.515298
GRCh38_CMRG_58156	1045	1045	0.515298
GRCh38_CMRG_60324	1045	1045	1.0
GRCh38_CMRG_60325	1045	1045	1.0
GRCh38_CMRG_647	1045	1045	0.97875
GRCh38_CMRG_81860	1045	1045	0.004377
GRCh38_CMRG_13227	1044	1044	1.0
GRCh38_CMRG_13228	1044	1044	1.0
GRCh38_CMRG_13764	1044	1044	9.1e-05
GRCh38_CMRG_1394	1044	1044	0.99776
GRCh38_CMRG_31898	1044	1044	0.03809
GRCh38_CMRG_41341	1044	1044	0.780616
GRCh38_CMRG_41809	1044	1044	1.0
GRCh38_CMRG_45981	1044	1044	0.94329
GRCh38_CMRG_49830	1044	1044	0.414696
GRCh38_CMRG_55058	1044	1044	1.0
GRCh38_CMRG_55643	1044	1044	0.341382
GRCh38_CMRG_65120	1044	1044	8e-06
GRCh38_CMRG_72455	1044	1044	0.0
GRCh38_CMRG_73929	1044	1044	0.0
GRCh38_CMRG_73930	1044	1044	0.0
GRCh38_CMRG_77422	1044	1044	0.99969
GRCh38_CMRG_1127	1043	1043	0.99574
GRCh38_CMRG_12509	1043	1043	0.89527
GRCh38_CMRG_12510	1043	1043	0.89527
GRCh38_CMRG_15379	1043	1043	0.0
GRCh38_CMRG_1546	1043	1043	0.984583
GRCh38_CMRG_17165	1043	1043	0.726262
GRCh38_CMRG_1981	1043	1043	0.533649
GRCh38_CMRG_28183	1043	1043	0.959101
GRCh38_CMRG_28568	1043	1043	0.0
GRCh38_CMRG_31594	1043	1043	0.92446
GRCh38_CMRG_32447	1043	1043	1.0
GRCh38_CMRG_32924	1043	1043	0.0
GRCh38_CMRG_33023	1043	1043	2.7e-05
GRCh38_CMRG_34479	1043	1043	1.0
GRCh38_CMRG_36418	1043	1043	0.007521
GRCh38_CMRG_41288	1043	1043	0.98111
GRCh38_CMRG_44610	1043	1043	0.0
GRCh38_CMRG_45982	1043	1043	0.94329
GRCh38_CMRG_46056	1043	1043	0.99932
GRCh38_CMRG_48662	1043	1043	1.6e-05
GRCh38_CMRG_51027	1043	1043	0.0
GRCh38_CMRG_52370	1043	1043	0.0
GRCh38_CMRG_58452	1043	1043	0.0
GRCh38_CMRG_59965	1043	1043	0.971806
GRCh38_CMRG_6680	1043	1043	0.401826
GRCh38_CMRG_68765	1043	1043	0.157567
GRCh38_CMRG_68766	1043	1043	0.157567
GRCh38_CMRG_70611	1043	1043	0.0
GRCh38_CMRG_70612	1043	1043	0.0
GRCh38_CMRG_72251	1043	1043	0.911921
GRCh38_CMRG_72252	1043	1043	0.911921
GRCh38_CMRG_7290	1043	1043	0.0
GRCh38_CMRG_74541	1043	1043	0.0
GRCh38_CMRG_74542	1043	1043	0.0
GRCh38_CMRG_75122	1043	1043	0.0
GRCh38_CMRG_8154	1043	1043	0.0
GRCh38_CMRG_28522	1042	1042	6.5e-05
GRCh38_CMRG_48217	1042	1042	0.976083
GRCh38_CMRG_48218	1042	1042	0.976083
GRCh38_CMRG_49626	1042	1042	0.778645
GRCh38_CMRG_52156	1042	1042	0.0
GRCh38_CMRG_52170	1042	1042	1.0
GRCh38_CMRG_60176	1042	1042	0.507025
GRCh38_CMRG_6041	1042	1042	0.93345
GRCh38_CMRG_6042	1042	1042	0.93345
GRCh38_CMRG_62151	1042	1042	0.437696
GRCh38_CMRG_62152	1042	1042	0.437696
GRCh38_CMRG_63537	1042	1042	0.98197
GRCh38_CMRG_63538	1042	1042	0.98197
GRCh38_CMRG_68032	1042	1042	1.0
GRCh38_CMRG_72462	1042	1042	0.420816
GRCh38_CMRG_75123	1042	1042	0.0
GRCh38_CMRG_77431	1042	1042	0.0
GRCh38_CMRG_81515	1042	1042	0.432882
GRCh38_CMRG_81516	1042	1042	0.432882
GRCh38_CMRG_86	1042	1042	0.000214
GRCh38_CMRG_998	1042	1042	0.96495
GRCh38_CMRG_999	1042	1042	0.96495
GRCh38_CMRG_14074	1041	1041	0.007043
GRCh38_CMRG_15409	1041	1041	0.0
GRCh38_CMRG_23522	1041	1041	0.0
GRCh38_CMRG_33552	1041	1041	0.584224
GRCh38_CMRG_33553	1041	1041	0.584224
GRCh38_CMRG_45883	1041	1041	0.0
GRCh38_CMRG_47148	1041	1041	1.0
GRCh38_CMRG_50244	1041	1041	0.926822
GRCh38_CMRG_51363	1041	1041	0.0
GRCh38_CMRG_538	1041	1041	0.013586
GRCh38_CMRG_62452	1041	1041	0.0
GRCh38_CMRG_64728	1041	1041	1.0
GRCh38_CMRG_6698	1041	1041	0.0
GRCh38_CMRG_69912	1041	1041	1.0
GRCh38_CMRG_70353	1041	1041	0.567559
GRCh38_CMRG_73530	1041	1041	1.6e-05
GRCh38_CMRG_76932	1041	1041	0.621898
GRCh38_CMRG_17022	1040	1040	0.0
GRCh38_CMRG_17023	1040	1040	0.0
GRCh38_CMRG_32923	1040	1040	0.189987
GRCh38_CMRG_32999	1040	1040	0.0
GRCh38_CMRG_33545	1040	1040	0.0
GRCh38_CMRG_36637	1040	1040	0.058831
GRCh38_CMRG_43623	1040	1040	0.99967
GRCh38_CMRG_44775	1040	1040	0.000272
GRCh38_CMRG_44776	1040	1040	0.000272
GRCh38_CMRG_44910	1040	1040	1.0
GRCh38_CMRG_44911	1040	1040	1.0
GRCh38_CMRG_45039	1040	1040	0.0
GRCh38_CMRG_45409	1040	1040	0.0
GRCh38_CMRG_45410	1040	1040	0.0
GRCh38_CMRG_46057	1040	1040	0.99932
GRCh38_CMRG_50631	1040	1040	0.0
GRCh38_CMRG_51364	1040	1040	0.0
GRCh38_CMRG_59353	1040	1040	0.942866
GRCh38_CMRG_59354	1040	1040	0.942866
GRCh38_CMRG_63850	1040	1040	0.000405
GRCh38_CMRG_64735	1040	1040	0.0
GRCh38_CMRG_6697	1040	1040	0.0
GRCh38_CMRG_68579	1040	1040	0.256384
GRCh38_CMRG_73504	1040	1040	0.000137
GRCh38_CMRG_75424	1040	1040	0.0
GRCh38_CMRG_75644	1040	1040	1.0
GRCh38_CMRG_21963	1039	1039	0.354034
GRCh38_CMRG_25310	1039	1039	0.986264
GRCh38_CMRG_39159	1039	1039	0.0
GRCh38_CMRG_39160	1039	1039	0.0
GRCh38_CMRG_48448	1039	1039	0.99362
GRCh38_CMRG_48449	1039	1039	0.99362
GRCh38_CMRG_58535	1039	1039	0.406792
GRCh38_CMRG_58536	1039	1039	0.406792
GRCh38_CMRG_62089	1039	1039	0.0
GRCh38_CMRG_62090	1039	1039	0.0
GRCh38_CMRG_69841	1039	1039	0.0
GRCh38_CMRG_70144	1039	1039	0.0
GRCh38_CMRG_82165	1039	1039	0.99869
GRCh38_CMRG_1151	1038	1038	0.0
GRCh38_CMRG_12157	1038	1038	0.0
GRCh38_CMRG_12158	1038	1038	0.0
GRCh38_CMRG_14466	1038	1038	0.91282
GRCh38_CMRG_15660	1038	1038	0.0
GRCh38_CMRG_21370	1038	1038	0.917169
GRCh38_CMRG_26263	1038	1038	0.86649
GRCh38_CMRG_29744	1038	1038	0.94368
GRCh38_CMRG_47521	1038	1038	0.538337
GRCh38_CMRG_49035	1038	1038	0.0
GRCh38_CMRG_51208	1038	1038	0.476176
GRCh38_CMRG_51692	1038	1038	0.000296
GRCh38_CMRG_51693	1038	1038	0.000296
GRCh38_CMRG_52749	1038	1038	0.466856
GRCh38_CMRG_55310	1038	1038	0.41038
GRCh38_CMRG_55311	1038	1038	0.41038
GRCh38_CMRG_60003	1038	1038	0.0
GRCh38_CMRG_727	1038	1038	1.0
GRCh38_CMRG_73550	1038	1038	0.0
GRCh38_CMRG_81575	1038	1038	0.99984
GRCh38_CMRG_13770	1037	1037	0.0
GRCh38_CMRG_13771	1037	1037	0.0
GRCh38_CMRG_19983	1037	1037	0.0
GRCh38_CMRG_27500	1037	1037	1.0
GRCh38_CMRG_28241	1037	1037	1.0
GRCh38_CMRG_28444	1037	1037	0.000197
GRCh38_CMRG_28445	1037	1037	0.000197
GRCh38_CMRG_30742	1037	1037	0.005
GRCh38_CMRG_31563	1037	1037	0.536696
GRCh38_CMRG_37018	1037	1037	0.905823
GRCh38_CMRG_37019	1037	1037	0.905823
GRCh38_CMRG_38709	1037	1037	0.004056
GRCh38_CMRG_44856	1037	1037	0.48221
GRCh38_CMRG_45007	1037	1037	0.0
GRCh38_CMRG_45008	1037	1037	0.0
GRCh38_CMRG_45598	1037	1037	0.0
GRCh38_CMRG_47849	1037	1037	1.0
GRCh38_CMRG_47850	1037	1037	1.0
GRCh38_CMRG_50218	1037	1037	0.419181
GRCh38_CMRG_58327	1037	1037	0.028233
GRCh38_CMRG_70926	1037	1037	0.0
GRCh38_CMRG_7289	1037	1037	1.0
GRCh38_CMRG_7296	1037	1037	0.084175
GRCh38_CMRG_7297	1037	1037	0.084175
GRCh38_CMRG_73259	1037	1037	0.859686
GRCh38_CMRG_73574	1037	1037	0.0
GRCh38_CMRG_76918	1037	1037	0.414059
GRCh38_CMRG_76984	1037	1037	0.523565
GRCh38_CMRG_77114	1037	1037	0.94526
GRCh38_CMRG_79590	1037	1037	1.0
GRCh38_CMRG_79591	1037	1037	1.0
GRCh38_CMRG_8385	1037	1037	0.0
GRCh38_CMRG_12673	1036	1036	0.527734
GRCh38_CMRG_20842	1036	1036	0.017719
GRCh38_CMRG_32307	1036	1036	0.0
GRCh38_CMRG_50219	1036	1036	0.419181
GRCh38_CMRG_50754	1036	1036	0.000634
GRCh38_CMRG_51406	1036	1036	0.271615
GRCh38_CMRG_632	1036	1036	0.103515
GRCh38_CMRG_70145	1036	1036	0.0
GRCh38_CMRG_73573	1036	1036	0.0
GRCh38_CMRG_1223	1035	1035	0.476217
GRCh38_CMRG_1224	1035	1035	0.476217
GRCh38_CMRG_36131	1035	1035	0.261844
GRCh38_CMRG_36513	1035	1035	0.92083
GRCh38_CMRG_39284	1035	1035	0.689307
GRCh38_CMRG_480	1035	1035	0.007926
GRCh38_CMRG_48063	1035	1035	0.85635
GRCh38_CMRG_55805	1035	1035	0.121371
GRCh38_CMRG_59873	1035	1035	1.0
GRCh38_CMRG_64353	1035	1035	0.856964
GRCh38_CMRG_6719	1035	1035	1.0
GRCh38_CMRG_8106	1035	1035	0.0
GRCh38_CMRG_8107	1035	1035	0.0
GRCh38_CMRG_8148	1035	1035	0.000806
GRCh38_CMRG_32063	1034	1034	0.0
GRCh38_CMRG_37911	1034	1034	0.0
GRCh38_CMRG_44290	1034	1034	0.153956
GRCh38_CMRG_45003	1034	1034	0.0
GRCh38_CMRG_48008	1034	1034	0.769866
GRCh38_CMRG_48848	1034	1034	1.0
GRCh38_CMRG_51988	1034	1034	1.6e-05
GRCh38_CMRG_51989	1034	1034	1.6e-05
GRCh38_CMRG_52320	1034	1034	1.0
GRCh38_CMRG_52321	1034	1034	1.0
GRCh38_CMRG_540	1034	1034	0.88261
GRCh38_CMRG_64509	1034	1034	0.90485
GRCh38_CMRG_68580	1034	1034	0.256384
GRCh38_CMRG_69952	1034	1034	0.99984
GRCh38_CMRG_7046	1034	1034	1.0
GRCh38_CMRG_7047	1034	1034	1.0
GRCh38_CMRG_81846	1034	1034	0.450359
GRCh38_CMRG_8976	1034	1034	0.0
GRCh38_CMRG_29816	1033	1033	1.0
GRCh38_CMRG_39647	1033	1033	1.0
GRCh38_CMRG_39648	1033	1033	1.0
GRCh38_CMRG_41587	1033	1033	1.0
GRCh38_CMRG_47143	1033	1033	0.000156
GRCh38_CMRG_48847	1033	1033	1.0
GRCh38_CMRG_48883	1033	1033	0.6803
GRCh38_CMRG_48884	1033	1033	0.6803
GRCh38_CMRG_50555	1033	1033	0.228125
GRCh38_CMRG_50635	1033	1033	0.0
GRCh38_CMRG_70601	1033	1033	1.0
GRCh38_CMRG_70602	1033	1033	1.0
GRCh38_CMRG_73051	1033	1033	0.001324
GRCh38_CMRG_7321	1033	1033	0.99564
GRCh38_CMRG_73933	1033	1033	1.0
GRCh38_CMRG_75284	1033	1033	0.968377
GRCh38_CMRG_77027	1033	1033	3.5e-05
GRCh38_CMRG_79280	1033	1033	0.018092
GRCh38_CMRG_81574	1033	1033	0.99984
GRCh38_CMRG_81847	1033	1033	0.450359
GRCh38_CMRG_26472	1032	1032	0.00266
GRCh38_CMRG_31003	1032	1032	1.0
GRCh38_CMRG_36292	1032	1032	0.0
GRCh38_CMRG_36293	1032	1032	0.0
GRCh38_CMRG_37077	1032	1032	1.0
GRCh38_CMRG_41937	1032	1032	0.0
GRCh38_CMRG_42580	1032	1032	0.99984
GRCh38_CMRG_44380	1032	1032	0.0
GRCh38_CMRG_44975	1032	1032	0.00075
GRCh38_CMRG_45408	1032	1032	0.0
GRCh38_CMRG_48040	1032	1032	0.0
GRCh38_CMRG_48041	1032	1032	0.0
GRCh38_CMRG_49811	1032	1032	0.050736
GRCh38_CMRG_58997	1032	1032	0.900747
GRCh38_CMRG_631	1032	1032	0.103515
GRCh38_CMRG_73932	1032	1032	1.0
GRCh38_CMRG_74017	1032	1032	1.0
GRCh38_CMRG_74018	1032	1032	1.0
GRCh38_CMRG_76777	1032	1032	0.016251
GRCh38_CMRG_77249	1032	1032	0.0
GRCh38_CMRG_79436	1032	1032	0.721267
GRCh38_CMRG_8975	1032	1032	0.179172
GRCh38_CMRG_14566	1031	1031	0.87931
GRCh38_CMRG_21962	1031	1031	0.354034
GRCh38_CMRG_43974	1031	1031	0.0
GRCh38_CMRG_43975	1031	1031	0.0
GRCh38_CMRG_6182	1031	1031	0.033957
GRCh38_CMRG_75561	1031	1031	0.428371
GRCh38_CMRG_75633	1031	1031	0.0
GRCh38_CMRG_75634	1031	1031	0.0
GRCh38_CMRG_77502	1031	1031	0.000381
GRCh38_CMRG_80993	1031	1031	1.0
GRCh38_CMRG_12515	1030	1030	0.89587
GRCh38_CMRG_17597	1030	1030	0.895289
GRCh38_CMRG_19150	1030	1030	0.056568
GRCh38_CMRG_29804	1030	1030	0.9544
GRCh38_CMRG_29805	1030	1030	0.9544
GRCh38_CMRG_32440	1030	1030	0.869064
GRCh38_CMRG_32441	1030	1030	0.869064
GRCh38_CMRG_32442	1030	1030	0.8758
GRCh38_CMRG_41599	1030	1030	1.0
GRCh38_CMRG_41600	1030	1030	1.0
GRCh38_CMRG_41685	1030	1030	0.000612
GRCh38_CMRG_43888	1030	1030	1.0
GRCh38_CMRG_43889	1030	1030	1.0
GRCh38_CMRG_45271	1030	1030	0.0
GRCh38_CMRG_52169	1030	1030	1.0
GRCh38_CMRG_539	1030	1030	0.88261
GRCh38_CMRG_58633	1030	1030	0.450251
GRCh38_CMRG_70294	1030	1030	1.0
GRCh38_CMRG_71563	1030	1030	1.0
GRCh38_CMRG_75298	1030	1030	0.0
GRCh38_CMRG_75299	1030	1030	0.0
GRCh38_CMRG_12728	1029	1029	0.0
GRCh38_CMRG_19876	1029	1029	0.0
GRCh38_CMRG_31818	1029	1029	0.0
GRCh38_CMRG_32800	1029	1029	0.0
GRCh38_CMRG_46660	1029	1029	0.0
GRCh38_CMRG_47290	1029	1029	0.89355
GRCh38_CMRG_48238	1029	1029	0.22658
GRCh38_CMRG_48239	1029	1029	0.22658
GRCh38_CMRG_48672	1029	1029	0.0
GRCh38_CMRG_64293	1029	1029	0.0
GRCh38_CMRG_67386	1029	1029	0.013455
GRCh38_CMRG_68564	1029	1029	0.0
GRCh38_CMRG_71564	1029	1029	1.0
GRCh38_CMRG_77306	1029	1029	0.0
GRCh38_CMRG_79844	1029	1029	0.074282
GRCh38_CMRG_81715	1029	1029	0.00481
GRCh38_CMRG_1152	1028	1028	0.913858
GRCh38_CMRG_1259	1028	1028	0.028041
GRCh38_CMRG_1381	1028	1028	1.0
GRCh38_CMRG_1610	1028	1028	0.0
GRCh38_CMRG_2210	1028	1028	0.84394
GRCh38_CMRG_29018	1028	1028	0.410624
GRCh38_CMRG_29646	1028	1028	1.0
GRCh38_CMRG_29647	1028	1028	1.0
GRCh38_CMRG_30743	1028	1028	0.005
GRCh38_CMRG_37078	1028	1028	1.0
GRCh38_CMRG_43755	1028	1028	0.005538
GRCh38_CMRG_47291	1028	1028	0.89355
GRCh38_CMRG_61160	1028	1028	0.0
GRCh38_CMRG_65981	1028	1028	1.0
GRCh38_CMRG_65982	1028	1028	1.0
GRCh38_CMRG_66017	1028	1028	0.000254
GRCh38_CMRG_66018	1028	1028	0.000254
GRCh38_CMRG_69911	1028	1028	1.0
GRCh38_CMRG_74134	1028	1028	1.0
GRCh38_CMRG_74135	1028	1028	1.0
GRCh38_CMRG_7768	1028	1028	0.0
GRCh38_CMRG_79220	1028	1028	1.0
GRCh38_CMRG_79221	1028	1028	1.0
GRCh38_CMRG_81469	1028	1028	0.480559
GRCh38_CMRG_81470	1028	1028	0.480559
GRCh38_CMRG_1335	1027	1027	1.0
GRCh38_CMRG_1336	1027	1027	1.0
GRCh38_CMRG_14323	1027	1027	0.319691
GRCh38_CMRG_14324	1027	1027	0.319691
GRCh38_CMRG_14642	1027	1027	0.95274
GRCh38_CMRG_14643	1027	1027	0.95274
GRCh38_CMRG_16780	1027	1027	0.0
GRCh38_CMRG_17228	1027	1027	0.0
GRCh38_CMRG_21167	1027	1027	0.763451
GRCh38_CMRG_21168	1027	1027	0.763451
GRCh38_CMRG_2211	1027	1027	0.84394
GRCh38_CMRG_41586	1027	1027	1.0
GRCh38_CMRG_43754	1027	1027	0.991474
GRCh38_CMRG_47430	1027	1027	0.91792
GRCh38_CMRG_50424	1027	1027	0.485304
GRCh38_CMRG_54853	1027	1027	0.001935
GRCh38_CMRG_58500	1027	1027	0.508863
GRCh38_CMRG_77211	1027	1027	0.000212
GRCh38_CMRG_77440	1027	1027	0.139734
GRCh38_CMRG_79692	1027	1027	0.0
GRCh38_CMRG_9365	1027	1027	0.87999
GRCh38_CMRG_1258	1026	1026	0.028041
GRCh38_CMRG_20877	1026	1026	0.0
GRCh38_CMRG_20878	1026	1026	0.0
GRCh38_CMRG_34782	1026	1026	0.0
GRCh38_CMRG_34783	1026	1026	0.0
GRCh38_CMRG_45856	1026	1026	0.0
GRCh38_CMRG_49498	1026	1026	0.253959
GRCh38_CMRG_51014	1026	1026	0.035078
GRCh38_CMRG_64555	1026	1026	0.0
GRCh38_CMRG_65178	1026	1026	8e-06
GRCh38_CMRG_8438	1026	1026	0.0
GRCh38_CMRG_14341	1025	1025	1.0
GRCh38_CMRG_14342	1025	1025	1.0
GRCh38_CMRG_15607	1025	1025	0.0
GRCh38_CMRG_15608	1025	1025	0.0
GRCh38_CMRG_17212	1025	1025	0.88271
GRCh38_CMRG_19877	1025	1025	0.0
GRCh38_CMRG_32926	1025	1025	0.0
GRCh38_CMRG_44914	1025	1025	0.425006
GRCh38_CMRG_45193	1025	1025	0.0
GRCh38_CMRG_46397	1025	1025	0.0
GRCh38_CMRG_50791	1025	1025	0.9995
GRCh38_CMRG_55812	1025	1025	1.0
GRCh38_CMRG_55813	1025	1025	1.0
GRCh38_CMRG_73746	1025	1025	1.0
GRCh38_CMRG_73747	1025	1025	1.0
GRCh38_CMRG_77210	1025	1025	0.000212
GRCh38_CMRG_7834	1025	1025	0.0
GRCh38_CMRG_14677	1024	1024	0.0
GRCh38_CMRG_1847	1024	1024	1.0
GRCh38_CMRG_1848	1024	1024	1.0
GRCh38_CMRG_32446	1024	1024	1.0
GRCh38_CMRG_36373	1024	1024	0.479864
GRCh38_CMRG_43746	1024	1024	0.0
GRCh38_CMRG_44564	1024	1024	0.0
GRCh38_CMRG_50897	1024	1024	0.87185
GRCh38_CMRG_51015	1024	1024	0.035078
GRCh38_CMRG_52591	1024	1024	0.86975
GRCh38_CMRG_67561	1024	1024	0.822042
GRCh38_CMRG_68751	1024	1024	0.0
GRCh38_CMRG_72123	1024	1024	0.0
GRCh38_CMRG_7699	1024	1024	0.025086
GRCh38_CMRG_7700	1024	1024	0.025086
GRCh38_CMRG_81911	1024	1024	0.489033
GRCh38_CMRG_81912	1024	1024	0.489033
GRCh38_CMRG_8420	1024	1024	0.0
GRCh38_CMRG_1016	1023	1023	1.0
GRCh38_CMRG_1017	1023	1023	1.0
GRCh38_CMRG_11169	1023	1023	0.047659
GRCh38_CMRG_14676	1023	1023	0.512957
GRCh38_CMRG_19550	1023	1023	0.95893
GRCh38_CMRG_27499	1023	1023	1.0
GRCh38_CMRG_59750	1023	1023	1.0
GRCh38_CMRG_68752	1023	1023	0.0
GRCh38_CMRG_6997	1023	1023	0.000143
GRCh38_CMRG_6998	1023	1023	0.000143
GRCh38_CMRG_74383	1023	1023	1.0
GRCh38_CMRG_74641	1023	1023	0.483662
GRCh38_CMRG_77026	1023	1023	3.5e-05
GRCh38_CMRG_77155	1023	1023	0.0
GRCh38_CMRG_8419	1023	1023	0.0
GRCh38_CMRG_30871	1022	1022	0.92763
GRCh38_CMRG_32511	1022	1022	0.000255
GRCh38_CMRG_482	1022	1022	0.0
GRCh38_CMRG_49865	1022	1022	0.0
GRCh38_CMRG_50908	1022	1022	0.0
GRCh38_CMRG_51128	1022	1022	4.8e-05
GRCh38_CMRG_52688	1022	1022	0.0
GRCh38_CMRG_54701	1022	1022	0.519044
GRCh38_CMRG_6184	1022	1022	0.000312
GRCh38_CMRG_68663	1022	1022	0.428061
GRCh38_CMRG_68664	1022	1022	0.428061
GRCh38_CMRG_68741	1022	1022	0.0
GRCh38_CMRG_74020	1022	1022	0.0
GRCh38_CMRG_78912	1022	1022	0.79691
GRCh38_CMRG_1211	1021	1021	0.71152
GRCh38_CMRG_132	1021	1021	0.004696
GRCh38_CMRG_133	1021	1021	0.004696
GRCh38_CMRG_1771	1021	1021	0.964252
GRCh38_CMRG_31749	1021	1021	0.223361
GRCh38_CMRG_36879	1021	1021	0.279578
GRCh38_CMRG_49947	1021	1021	1.6e-05
GRCh38_CMRG_49948	1021	1021	1.6e-05
GRCh38_CMRG_52748	1021	1021	0.98148
GRCh38_CMRG_65442	1021	1021	0.94251
GRCh38_CMRG_69810	1021	1021	1.0
GRCh38_CMRG_75627	1021	1021	0.0
GRCh38_CMRG_11168	1020	1020	0.047659
GRCh38_CMRG_1982	1020	1020	0.533649
GRCh38_CMRG_27706	1020	1020	1.0
GRCh38_CMRG_27707	1020	1020	1.0
GRCh38_CMRG_31667	1020	1020	0.0
GRCh38_CMRG_33588	1020	1020	0.0
GRCh38_CMRG_40003	1020	1020	0.83333
GRCh38_CMRG_45696	1020	1020	0.837013
GRCh38_CMRG_45697	1020	1020	0.837013
GRCh38_CMRG_46581	1020	1020	0.058175
GRCh38_CMRG_50907	1020	1020	0.0
GRCh38_CMRG_54212	1020	1020	0.88539
GRCh38_CMRG_58061	1020	1020	0.592047
GRCh38_CMRG_65443	1020	1020	0.94251
GRCh38_CMRG_66113	1020	1020	0.96797
GRCh38_CMRG_66114	1020	1020	0.96797
GRCh38_CMRG_73441	1020	1020	0.0
GRCh38_CMRG_77243	1020	1020	0.0
GRCh38_CMRG_81859	1020	1020	0.004377
GRCh38_CMRG_8886	1020	1020	0.0
GRCh38_CMRG_12265	1019	1019	0.0
GRCh38_CMRG_12266	1019	1019	0.0
GRCh38_CMRG_1495	1019	1019	0.70231
GRCh38_CMRG_29094	1019	1019	0.170001
GRCh38_CMRG_49279	1019	1019	1.0
GRCh38_CMRG_50701	1019	1019	0.99655
GRCh38_CMRG_59751	1019	1019	1.0
GRCh38_CMRG_59983	1019	1019	0.0
GRCh38_CMRG_63418	1019	1019	0.360588
GRCh38_CMRG_73039	1019	1019	0.99857
GRCh38_CMRG_73040	1019	1019	0.99857
GRCh38_CMRG_10723	1018	1018	1.0
GRCh38_CMRG_13378	1018	1018	0.0
GRCh38_CMRG_15120	1018	1018	1.0
GRCh38_CMRG_15121	1018	1018	1.0
GRCh38_CMRG_25050	1018	1018	0.001555
GRCh38_CMRG_26520	1018	1018	1.0
GRCh38_CMRG_26521	1018	1018	1.0
GRCh38_CMRG_29541	1018	1018	0.015895
GRCh38_CMRG_29542	1018	1018	0.015895
GRCh38_CMRG_31281	1018	1018	0.0
GRCh38_CMRG_44708	1018	1018	0.88779
GRCh38_CMRG_49278	1018	1018	1.0
GRCh38_CMRG_51765	1018	1018	0.0
GRCh38_CMRG_51766	1018	1018	0.0
GRCh38_CMRG_62442	1018	1018	0.0
GRCh38_CMRG_69418	1018	1018	0.99936
GRCh38_CMRG_69419	1018	1018	0.99936
GRCh38_CMRG_75645	1018	1018	0.48394
GRCh38_CMRG_29925	1017	1017	0.001093
GRCh38_CMRG_31819	1017	1017	0.0
GRCh38_CMRG_38226	1017	1017	0.0
GRCh38_CMRG_39379	1017	1017	0.7559
GRCh38_CMRG_39380	1017	1017	0.7559
GRCh38_CMRG_59240	1017	1017	0.94485
GRCh38_CMRG_61770	1017	1017	0.83354
GRCh38_CMRG_72285	1017	1017	1.0
GRCh38_CMRG_72286	1017	1017	1.0
GRCh38_CMRG_75254	1017	1017	0.88433
GRCh38_CMRG_75255	1017	1017	0.88433
GRCh38_CMRG_30730	1016	1016	0.85201
GRCh38_CMRG_36540	1016	1016	0.0
GRCh38_CMRG_36991	1016	1016	0.88349
GRCh38_CMRG_36992	1016	1016	0.88349
GRCh38_CMRG_38958	1016	1016	0.852267
GRCh38_CMRG_38959	1016	1016	0.852267
GRCh38_CMRG_44253	1016	1016	0.86386
GRCh38_CMRG_49866	1016	1016	0.0
GRCh38_CMRG_50610	1016	1016	0.98237
GRCh38_CMRG_50611	1016	1016	0.98237
GRCh38_CMRG_537	1016	1016	0.013586
GRCh38_CMRG_60178	1016	1016	0.0
GRCh38_CMRG_6200	1016	1016	0.000509
GRCh38_CMRG_79301	1016	1016	1.0
GRCh38_CMRG_8040	1016	1016	0.99768
GRCh38_CMRG_81518	1016	1016	0.821417
GRCh38_CMRG_17892	1015	1015	0.0
GRCh38_CMRG_2763	1015	1015	0.603839
GRCh38_CMRG_29185	1015	1015	0.0
GRCh38_CMRG_37418	1015	1015	0.88546
GRCh38_CMRG_37419	1015	1015	0.88546
GRCh38_CMRG_44127	1015	1015	0.0
GRCh38_CMRG_48317	1015	1015	0.0
GRCh38_CMRG_54374	1015	1015	0.948062
GRCh38_CMRG_5710	1015	1015	0.84135
GRCh38_CMRG_71459	1015	1015	0.914528
GRCh38_CMRG_29922	1014	1014	0.0
GRCh38_CMRG_37154	1014	1014	0.92766
GRCh38_CMRG_39849	1014	1014	0.81031
GRCh38_CMRG_47913	1014	1014	0.805952
GRCh38_CMRG_48320	1014	1014	0.00276
GRCh38_CMRG_51951	1014	1014	0.99879
GRCh38_CMRG_53349	1014	1014	0.82513
GRCh38_CMRG_64832	1014	1014	0.98254
GRCh38_CMRG_76757	1014	1014	0.0
GRCh38_CMRG_8041	1014	1014	0.99768
GRCh38_CMRG_10945	1013	1013	0.047659
GRCh38_CMRG_1163	1013	1013	0.0
GRCh38_CMRG_1410	1013	1013	0.88075
GRCh38_CMRG_1411	1013	1013	0.88075
GRCh38_CMRG_19553	1013	1013	0.0
GRCh38_CMRG_37076	1013	1013	0.0
GRCh38_CMRG_40261	1013	1013	0.803934
GRCh38_CMRG_50055	1013	1013	0.95503
GRCh38_CMRG_50056	1013	1013	0.95503
GRCh38_CMRG_7128	1013	1013	0.001805
GRCh38_CMRG_73439	1013	1013	0.690205
GRCh38_CMRG_73927	1013	1013	0.969529
GRCh38_CMRG_73928	1013	1013	0.969529
GRCh38_CMRG_7711	1013	1013	0.565596
GRCh38_CMRG_1317	1012	1012	0.0
GRCh38_CMRG_38963	1012	1012	0.85577
GRCh38_CMRG_46580	1012	1012	0.058175
GRCh38_CMRG_50934	1012	1012	0.000711
GRCh38_CMRG_54591	1012	1012	0.0
GRCh38_CMRG_54592	1012	1012	0.0
GRCh38_CMRG_61645	1012	1012	8e-06
GRCh38_CMRG_76778	1012	1012	0.016251
GRCh38_CMRG_11158	1011	1011	0.047659
GRCh38_CMRG_11159	1011	1011	0.047659
GRCh38_CMRG_13995	1011	1011	0.82285
GRCh38_CMRG_19149	1011	1011	0.110152
GRCh38_CMRG_23480	1011	1011	0.86351
GRCh38_CMRG_24281	1011	1011	6.7e-05
GRCh38_CMRG_32247	1011	1011	0.83767
GRCh38_CMRG_32640	1011	1011	0.001237
GRCh38_CMRG_45724	1011	1011	0.0
GRCh38_CMRG_50650	1011	1011	8e-06
GRCh38_CMRG_51193	1011	1011	0.110889
GRCh38_CMRG_65131	1011	1011	0.488976
GRCh38_CMRG_65132	1011	1011	0.488976
GRCh38_CMRG_68831	1011	1011	0.0
GRCh38_CMRG_6987	1011	1011	0.000865
GRCh38_CMRG_77540	1011	1011	0.253501
GRCh38_CMRG_11548	1010	1010	0.000468
GRCh38_CMRG_19648	1010	1010	0.84584
GRCh38_CMRG_2271	1010	1010	0.0
GRCh38_CMRG_2272	1010	1010	0.0
GRCh38_CMRG_23419	1010	1010	0.0
GRCh38_CMRG_23420	1010	1010	0.0
GRCh38_CMRG_2635	1010	1010	0.446016
GRCh38_CMRG_30728	1010	1010	0.448798
GRCh38_CMRG_34053	1010	1010	1.0
GRCh38_CMRG_34054	1010	1010	1.0
GRCh38_CMRG_34608	1010	1010	0.553142
GRCh38_CMRG_44863	1010	1010	0.99924
GRCh38_CMRG_45045	1010	1010	0.482208
GRCh38_CMRG_45046	1010	1010	0.482208
GRCh38_CMRG_530	1010	1010	0.0
GRCh38_CMRG_531	1010	1010	0.0
GRCh38_CMRG_54361	1010	1010	0.86583
GRCh38_CMRG_61646	1010	1010	8e-06
GRCh38_CMRG_62481	1010	1010	0.0
GRCh38_CMRG_74837	1010	1010	0.0
GRCh38_CMRG_75462	1010	1010	0.85226
GRCh38_CMRG_16934	1009	1009	0.0
GRCh38_CMRG_19855	1009	1009	0.025688
GRCh38_CMRG_21150	1009	1009	0.931016
GRCh38_CMRG_22697	1009	1009	0.0
GRCh38_CMRG_2483	1009	1009	0.0
GRCh38_CMRG_2934	1009	1009	0.93325
GRCh38_CMRG_2935	1009	1009	0.93325
GRCh38_CMRG_33111	1009	1009	0.0
GRCh38_CMRG_34292	1009	1009	0.0
GRCh38_CMRG_34293	1009	1009	0.0
GRCh38_CMRG_44907	1009	1009	0.0
GRCh38_CMRG_47954	1009	1009	0.0
GRCh38_CMRG_59158	1009	1009	0.444277
GRCh38_CMRG_81375	1009	1009	0.85236
GRCh38_CMRG_81376	1009	1009	0.85236
GRCh38_CMRG_83430	1009	1009	3.9238e-05
GRCh38_CMRG_14795	1008	1008	0.0
GRCh38_CMRG_17787	1008	1008	0.77801
GRCh38_CMRG_19647	1008	1008	0.84584
GRCh38_CMRG_2891	1008	1008	0.0
GRCh38_CMRG_33375	1008	1008	0.588175
GRCh38_CMRG_409	1008	1008	0.4913
GRCh38_CMRG_44696	1008	1008	0.477053
GRCh38_CMRG_44915	1008	1008	0.425006
GRCh38_CMRG_47577	1008	1008	0.0
GRCh38_CMRG_51192	1008	1008	1.0
GRCh38_CMRG_5836	1008	1008	0.99753
GRCh38_CMRG_62129	1008	1008	0.0
GRCh38_CMRG_65081	1008	1008	1.0
GRCh38_CMRG_71941	1008	1008	0.0
GRCh38_CMRG_73937	1008	1008	1.0
GRCh38_CMRG_73938	1008	1008	1.0
GRCh38_CMRG_75595	1008	1008	1.0
GRCh38_CMRG_81464	1008	1008	0.0
GRCh38_CMRG_131	1007	1007	0.454127
GRCh38_CMRG_1382	1007	1007	1.0
GRCh38_CMRG_1711	1007	1007	1.0
GRCh38_CMRG_17788	1007	1007	0.77801
GRCh38_CMRG_17942	1007	1007	0.8378
GRCh38_CMRG_22377	1007	1007	0.766552
GRCh38_CMRG_29095	1007	1007	0.170001
GRCh38_CMRG_29551	1007	1007	0.0
GRCh38_CMRG_41563	1007	1007	1.0
GRCh38_CMRG_50619	1007	1007	0.82702
GRCh38_CMRG_51154	1007	1007	0.881577
GRCh38_CMRG_58132	1007	1007	0.00128
GRCh38_CMRG_64253	1007	1007	0.495352
GRCh38_CMRG_74019	1007	1007	0.0
GRCh38_CMRG_8546	1007	1007	0.365195
GRCh38_CMRG_9176	1007	1007	0.486887
GRCh38_CMRG_18963	1006	1006	0.0
GRCh38_CMRG_32292	1006	1006	0.0
GRCh38_CMRG_37034	1006	1006	0.0
GRCh38_CMRG_37035	1006	1006	0.0
GRCh38_CMRG_40541	1006	1006	0.969514
GRCh38_CMRG_48712	1006	1006	0.22739
GRCh38_CMRG_64339	1006	1006	0.0
GRCh38_CMRG_70289	1006	1006	0.474399
GRCh38_CMRG_74130	1006	1006	0.99983
GRCh38_CMRG_74131	1006	1006	0.99983
GRCh38_CMRG_75596	1006	1006	1.0
GRCh38_CMRG_82936	1006	1006	0.99877
GRCh38_CMRG_12138	1005	1005	0.0
GRCh38_CMRG_21371	1005	1005	0.8854
GRCh38_CMRG_62419	1005	1005	0.535946
GRCh38_CMRG_65832	1005	1005	0.86982
GRCh38_CMRG_65833	1005	1005	0.86982
GRCh38_CMRG_6636	1005	1005	0.0
GRCh38_CMRG_6637	1005	1005	0.0
GRCh38_CMRG_67387	1005	1005	0.013455
GRCh38_CMRG_15285	1004	1004	0.0
GRCh38_CMRG_1617	1004	1004	0.112493
GRCh38_CMRG_46524	1004	1004	0.61817
GRCh38_CMRG_51190	1004	1004	0.0
GRCh38_CMRG_51912	1004	1004	0.0
GRCh38_CMRG_58530	1004	1004	0.0
GRCh38_CMRG_62420	1004	1004	0.535946
GRCh38_CMRG_73358	1004	1004	0.8408
GRCh38_CMRG_2316	1003	1003	0.364155
GRCh38_CMRG_41456	1003	1003	0.83007
GRCh38_CMRG_44697	1003	1003	0.477053
GRCh38_CMRG_48721	1003	1003	0.99915
GRCh38_CMRG_52098	1003	1003	0.0
GRCh38_CMRG_52729	1003	1003	0.94363
GRCh38_CMRG_52730	1003	1003	6.3e-05
GRCh38_CMRG_54692	1003	1003	0.0
GRCh38_CMRG_62350	1003	1003	0.825008
GRCh38_CMRG_68845	1003	1003	0.527781
GRCh38_CMRG_71776	1003	1003	0.94801
GRCh38_CMRG_71777	1003	1003	0.94801
GRCh38_CMRG_80991	1003	1003	0.0
GRCh38_CMRG_19854	1002	1002	0.025688
GRCh38_CMRG_31748	1002	1002	0.223361
GRCh38_CMRG_37075	1002	1002	0.0
GRCh38_CMRG_39957	1002	1002	0.0
GRCh38_CMRG_45723	1002	1002	0.0
GRCh38_CMRG_51407	1002	1002	0.271615
GRCh38_CMRG_59416	1002	1002	0.0
GRCh38_CMRG_67364	1002	1002	0.750654
GRCh38_CMRG_71983	1002	1002	0.0
GRCh38_CMRG_7393	1002	1002	0.841421
GRCh38_CMRG_7394	1002	1002	0.841421
GRCh38_CMRG_74906	1002	1002	8e-06
GRCh38_CMRG_81714	1002	1002	0.00481
GRCh38_CMRG_16996	1001	1001	0.99727
GRCh38_CMRG_24715	1001	1001	0.0
GRCh38_CMRG_33612	1001	1001	0.849428
GRCh38_CMRG_39270	1001	1001	1.0
GRCh38_CMRG_39271	1001	1001	1.0
GRCh38_CMRG_44709	1001	1001	0.88779
GRCh38_CMRG_44862	1001	1001	0.99924
GRCh38_CMRG_53859	1001	1001	0.530315
GRCh38_CMRG_55723	1001	1001	0.504839
GRCh38_CMRG_58131	1001	1001	0.00128
GRCh38_CMRG_59850	1001	1001	0.91046
GRCh38_CMRG_59851	1001	1001	0.91046
GRCh38_CMRG_62169	1001	1001	0.015042
GRCh38_CMRG_6302	1001	1001	0.781737
GRCh38_CMRG_64370	1001	1001	0.0
GRCh38_CMRG_64371	1001	1001	0.0
GRCh38_CMRG_68641	1001	1001	1.0
GRCh38_CMRG_69768	1001	1001	0.88203
GRCh38_CMRG_69769	1001	1001	0.88203
GRCh38_CMRG_70919	1001	1001	1.0
GRCh38_CMRG_70920	1001	1001	1.0
GRCh38_CMRG_74658	1001	1001	0.974243
GRCh38_CMRG_74659	1001	1001	0.974243
GRCh38_CMRG_77262	1001	1001	0.0
GRCh38_CMRG_79959	1001	1001	0.0
GRCh38_CMRG_9764	1001	1001	0.000468
GRCh38_CMRG_13887	1000	1000	0.25163
GRCh38_CMRG_17451	1000	1000	0.000314
GRCh38_CMRG_18846	1000	1000	0.0
GRCh38_CMRG_29672	1000	1000	0.0
GRCh38_CMRG_30909	1000	1000	0.482667
GRCh38_CMRG_38189	1000	1000	0.0
GRCh38_CMRG_39412	1000	1000	0.83176
GRCh38_CMRG_48319	1000	1000	0.00276
GRCh38_CMRG_49009	1000	1000	0.509381
GRCh38_CMRG_49622	1000	1000	0.83213
GRCh38_CMRG_17388	999	999	0.770528
GRCh38_CMRG_21273	999	999	0.237857
GRCh38_CMRG_53445	999	999	0.0
GRCh38_CMRG_55095	999	999	0.599208
GRCh38_CMRG_55271	999	999	0.436629
GRCh38_CMRG_6342	999	999	0.0
GRCh38_CMRG_73050	999	999	0.0
GRCh38_CMRG_76863	999	999	0.9717
GRCh38_CMRG_79437	999	999	0.018092
GRCh38_CMRG_8151	999	999	0.000953
GRCh38_CMRG_81702	999	999	0.372006
GRCh38_CMRG_18066	998	998	0.0
GRCh38_CMRG_32437	998	998	0.0
GRCh38_CMRG_38962	998	998	0.87965
GRCh38_CMRG_55491	998	998	0.0
GRCh38_CMRG_55722	998	998	0.504839
GRCh38_CMRG_6260	998	998	0.543703
GRCh38_CMRG_72529	998	998	0.000545
GRCh38_CMRG_81703	998	998	0.372006
GRCh38_CMRG_10724	997	997	0.047659
GRCh38_CMRG_25837	997	997	0.85224
GRCh38_CMRG_33090	997	997	0.0
GRCh38_CMRG_33091	997	997	0.0
GRCh38_CMRG_45048	997	997	0.0
GRCh38_CMRG_47578	997	997	0.0
GRCh38_CMRG_58705	997	997	0.017964
GRCh38_CMRG_7236	997	997	0.84669
GRCh38_CMRG_76743	997	997	0.631266
GRCh38_CMRG_8046	997	997	0.0
GRCh38_CMRG_83291	997	997	1.0
GRCh38_CMRG_83978	997	997	1.0
GRCh38_CMRG_1207	996	996	0.508383
GRCh38_CMRG_13939	996	996	0.517171
GRCh38_CMRG_14095	996	996	0.77853
GRCh38_CMRG_16462	996	996	1.0
GRCh38_CMRG_51008	996	996	1.0
GRCh38_CMRG_51009	996	996	1.0
GRCh38_CMRG_51584	996	996	0.914702
GRCh38_CMRG_52064	996	996	0.0
GRCh38_CMRG_55806	996	996	0.121371
GRCh38_CMRG_5798	996	996	0.002628
GRCh38_CMRG_5799	996	996	0.002628
GRCh38_CMRG_6245	996	996	0.627748
GRCh38_CMRG_6246	996	996	0.627748
GRCh38_CMRG_63238	996	996	0.674325
GRCh38_CMRG_63239	996	996	0.674325
GRCh38_CMRG_7903	996	996	0.0
GRCh38_CMRG_83290	996	996	1.0
GRCh38_CMRG_26092	995	995	0.000282
GRCh38_CMRG_52335	995	995	0.0
GRCh38_CMRG_608	995	995	8e-06
GRCh38_CMRG_61611	995	995	0.0
GRCh38_CMRG_61918	995	995	0.575305
GRCh38_CMRG_73512	995	995	5.6e-05
GRCh38_CMRG_75110	995	995	0.0
GRCh38_CMRG_80028	995	995	0.000269
GRCh38_CMRG_80029	995	995	0.000269
GRCh38_CMRG_83956	995	995	0.0
GRCh38_CMRG_26755	994	994	0.90239
GRCh38_CMRG_26756	994	994	0.90239
GRCh38_CMRG_41035	994	994	0.877098
GRCh38_CMRG_48158	994	994	0.855875
GRCh38_CMRG_49942	994	994	0.725169
GRCh38_CMRG_70338	994	994	0.88061
GRCh38_CMRG_73511	994	994	5.6e-05
GRCh38_CMRG_76839	994	994	0.0
GRCh38_CMRG_79961	994	994	0.0
GRCh38_CMRG_16997	993	993	0.99727
GRCh38_CMRG_34255	993	993	0.0
GRCh38_CMRG_38188	993	993	0.0
GRCh38_CMRG_48462	993	993	0.0
GRCh38_CMRG_55724	993	993	0.001604
GRCh38_CMRG_59517	993	993	1.0
GRCh38_CMRG_65302	993	993	0.0
GRCh38_CMRG_65303	993	993	0.0
GRCh38_CMRG_67170	993	993	0.0
GRCh38_CMRG_6973	993	993	0.92599
GRCh38_CMRG_6974	993	993	0.92599
GRCh38_CMRG_72175	993	993	0.851648
GRCh38_CMRG_72176	993	993	0.851648
GRCh38_CMRG_74849	993	993	0.47955
GRCh38_CMRG_26075	992	992	0.569494
GRCh38_CMRG_26299	992	992	0.716047
GRCh38_CMRG_31062	992	992	0.319734
GRCh38_CMRG_31709	992	992	0.0
GRCh38_CMRG_31710	992	992	0.0
GRCh38_CMRG_49325	992	992	0.86615
GRCh38_CMRG_49326	992	992	0.86615
GRCh38_CMRG_54900	992	992	0.101507
GRCh38_CMRG_60949	992	992	0.810226
GRCh38_CMRG_73057	992	992	0.713308
GRCh38_CMRG_8134	992	992	1.0
GRCh38_CMRG_8279	992	992	0.636989
GRCh38_CMRG_8280	992	992	0.636989
GRCh38_CMRG_14930	991	991	0.054009
GRCh38_CMRG_27385	991	991	1.6e-05
GRCh38_CMRG_44817	991	991	0.895455
GRCh38_CMRG_44818	991	991	0.895455
GRCh38_CMRG_45153	991	991	1.7e-05
GRCh38_CMRG_46333	991	991	0.80403
GRCh38_CMRG_47141	991	991	0.0
GRCh38_CMRG_49192	991	991	0.0
GRCh38_CMRG_50391	991	991	0.0
GRCh38_CMRG_58150	991	991	0.491196
GRCh38_CMRG_6714	991	991	0.0
GRCh38_CMRG_73250	991	991	0.92376
GRCh38_CMRG_73251	991	991	0.92376
GRCh38_CMRG_77351	991	991	0.004683
GRCh38_CMRG_77352	991	991	0.004683
GRCh38_CMRG_9116	991	991	0.79653
GRCh38_CMRG_9117	991	991	0.79653
GRCh38_CMRG_19714	990	990	0.717765
GRCh38_CMRG_21372	990	990	0.237857
GRCh38_CMRG_22767	990	990	0.99299
GRCh38_CMRG_26786	990	990	8e-06
GRCh38_CMRG_2716	990	990	0.99984
GRCh38_CMRG_41630	990	990	0.99965
GRCh38_CMRG_50418	990	990	0.0
GRCh38_CMRG_50419	990	990	0.0
GRCh38_CMRG_50790	990	990	0.9995
GRCh38_CMRG_51777	990	990	1.0
GRCh38_CMRG_63851	990	990	0.922062
GRCh38_CMRG_64642	990	990	0.0
GRCh38_CMRG_72381	990	990	0.0
GRCh38_CMRG_72382	990	990	0.0
GRCh38_CMRG_8135	990	990	1.0
GRCh38_CMRG_83594	990	990	3.21419e-05
GRCh38_CMRG_13188	989	989	0.79693
GRCh38_CMRG_17723	989	989	0.0
GRCh38_CMRG_21274	989	989	0.237857
GRCh38_CMRG_21777	989	989	0.81953
GRCh38_CMRG_27386	989	989	1.6e-05
GRCh38_CMRG_37475	989	989	4e-05
GRCh38_CMRG_42312	989	989	0.91317
GRCh38_CMRG_42313	989	989	0.91317
GRCh38_CMRG_44814	989	989	0.0
GRCh38_CMRG_51549	989	989	1.0
GRCh38_CMRG_58149	989	989	0.491196
GRCh38_CMRG_59516	989	989	1.0
GRCh38_CMRG_60085	989	989	0.0
GRCh38_CMRG_63580	989	989	0.80583
GRCh38_CMRG_6679	989	989	0.401826
GRCh38_CMRG_701	989	989	0.0
GRCh38_CMRG_73531	989	989	1.6e-05
GRCh38_CMRG_76862	989	989	0.9717
GRCh38_CMRG_76914	989	989	0.022289
GRCh38_CMRG_8133	989	989	1.0
GRCh38_CMRG_9593	989	989	0.79161
GRCh38_CMRG_13189	988	988	0.79693
GRCh38_CMRG_23083	988	988	0.68975
GRCh38_CMRG_36926	988	988	0.864
GRCh38_CMRG_48017	988	988	0.009717
GRCh38_CMRG_63465	988	988	0.0
GRCh38_CMRG_64128	988	988	1.0
GRCh38_CMRG_64129	988	988	1.0
GRCh38_CMRG_64252	988	988	0.495352
GRCh38_CMRG_77573	988	988	0.0
GRCh38_CMRG_83371	988	988	0.490464
GRCh38_CMRG_83641	988	988	1.0
GRCh38_CMRG_16755	987	987	0.142554
GRCh38_CMRG_45397	987	987	0.0
GRCh38_CMRG_45398	987	987	0.0
GRCh38_CMRG_59970	987	987	0.0
GRCh38_CMRG_69542	987	987	0.0
GRCh38_CMRG_69543	987	987	0.0
GRCh38_CMRG_71789	987	987	0.335628
GRCh38_CMRG_72613	987	987	0.000156
GRCh38_CMRG_73804	987	987	0.813985
GRCh38_CMRG_73805	987	987	0.813985
GRCh38_CMRG_80019	987	987	0.0
GRCh38_CMRG_83197	987	987	0.99933
GRCh38_CMRG_11728	986	986	0.77648
GRCh38_CMRG_14736	986	986	0.00817
GRCh38_CMRG_14737	986	986	0.00817
GRCh38_CMRG_21161	986	986	0.84514
GRCh38_CMRG_26267	986	986	0.80375
GRCh38_CMRG_49437	986	986	0.00139
GRCh38_CMRG_60885	986	986	0.0
GRCh38_CMRG_75613	986	986	0.937154
GRCh38_CMRG_84487	986	986	0.0
GRCh38_CMRG_13601	985	985	0.98173
GRCh38_CMRG_14075	985	985	0.007043
GRCh38_CMRG_41710	985	985	1.0
GRCh38_CMRG_45399	985	985	0.0
GRCh38_CMRG_64978	985	985	0.0
GRCh38_CMRG_73208	985	985	1.0
GRCh38_CMRG_73209	985	985	1.0
GRCh38_CMRG_75166	985	985	0.933484
GRCh38_CMRG_82141	985	985	0.0
GRCh38_CMRG_83976	985	985	0.0
GRCh38_CMRG_39290	984	984	0.960974
GRCh38_CMRG_41711	984	984	1.0
GRCh38_CMRG_48155	984	984	0.523982
GRCh38_CMRG_59137	984	984	0.80742
GRCh38_CMRG_59969	984	984	0.99935
GRCh38_CMRG_1149	983	983	3.3e-05
GRCh38_CMRG_1150	983	983	3.3e-05
GRCh38_CMRG_1237	983	983	0.0
GRCh38_CMRG_1660	983	983	0.0
GRCh38_CMRG_21253	983	983	0.96651
GRCh38_CMRG_21254	983	983	0.96651
GRCh38_CMRG_44741	983	983	7.4e-05
GRCh38_CMRG_50021	983	983	0.911985
GRCh38_CMRG_63684	983	983	0.0
GRCh38_CMRG_7288	983	983	1.0
GRCh38_CMRG_73367	983	983	0.9964
GRCh38_CMRG_9398	983	983	0.78429
GRCh38_CMRG_31272	982	982	0.0
GRCh38_CMRG_31273	982	982	0.0
GRCh38_CMRG_33399	982	982	0.05194
GRCh38_CMRG_33400	982	982	0.05194
GRCh38_CMRG_38461	982	982	0.483166
GRCh38_CMRG_38462	982	982	0.483166
GRCh38_CMRG_54979	982	982	0.944316
GRCh38_CMRG_59777	982	982	0.0
GRCh38_CMRG_683	982	982	0.411462
GRCh38_CMRG_69610	982	982	0.81319
GRCh38_CMRG_700	982	982	0.0
GRCh38_CMRG_11609	981	981	1.0
GRCh38_CMRG_11610	981	981	1.0
GRCh38_CMRG_1236	981	981	0.0
GRCh38_CMRG_13028	981	981	0.644732
GRCh38_CMRG_16463	981	981	1.0
GRCh38_CMRG_24948	981	981	0.0
GRCh38_CMRG_2717	981	981	0.99984
GRCh38_CMRG_28053	981	981	0.108066
GRCh38_CMRG_34248	981	981	0.939616
GRCh38_CMRG_44024	981	981	0.0
GRCh38_CMRG_55523	981	981	0.0
GRCh38_CMRG_61751	981	981	0.0
GRCh38_CMRG_682	981	981	0.411462
GRCh38_CMRG_68568	981	981	0.0
GRCh38_CMRG_70847	981	981	0.0
GRCh38_CMRG_77430	981	981	0.0
GRCh38_CMRG_82120	981	981	0.184362
GRCh38_CMRG_12786	980	980	0.0
GRCh38_CMRG_27289	980	980	0.918946
GRCh38_CMRG_34247	980	980	0.939616
GRCh38_CMRG_35957	980	980	0.0
GRCh38_CMRG_45122	980	980	0.0
GRCh38_CMRG_49191	980	980	0.0
GRCh38_CMRG_68484	980	980	1.0
GRCh38_CMRG_68485	980	980	1.0
GRCh38_CMRG_68569	980	980	0.0
GRCh38_CMRG_70035	980	980	0.0
GRCh38_CMRG_70180	980	980	0.004859
GRCh38_CMRG_70314	980	980	1.0
GRCh38_CMRG_70315	980	980	1.0
GRCh38_CMRG_72336	980	980	0.99983
GRCh38_CMRG_7603	980	980	0.0
GRCh38_CMRG_77241	980	980	0.372941
GRCh38_CMRG_18624	979	979	0.0
GRCh38_CMRG_26787	979	979	0.0
GRCh38_CMRG_36962	979	979	0.710584
GRCh38_CMRG_52302	979	979	0.025207
GRCh38_CMRG_52933	979	979	0.791905
GRCh38_CMRG_83042	979	979	0.99558
GRCh38_CMRG_11123	978	978	0.86168
GRCh38_CMRG_1597	978	978	0.000822
GRCh38_CMRG_1598	978	978	0.000822
GRCh38_CMRG_36477	978	978	0.0
GRCh38_CMRG_36478	978	978	0.0
GRCh38_CMRG_38426	978	978	0.99968
GRCh38_CMRG_43697	978	978	0.657175
GRCh38_CMRG_50895	978	978	0.803412
GRCh38_CMRG_6043	978	978	1.0
GRCh38_CMRG_64184	978	978	7.3e-05
GRCh38_CMRG_64185	978	978	7.3e-05
GRCh38_CMRG_75483	978	978	0.0
GRCh38_CMRG_795	978	978	0.0
GRCh38_CMRG_83793	978	978	1.0
GRCh38_CMRG_11450	977	977	0.99936
GRCh38_CMRG_141	977	977	0.0
GRCh38_CMRG_15146	977	977	9e-06
GRCh38_CMRG_15147	977	977	9e-06
GRCh38_CMRG_26924	977	977	0.0
GRCh38_CMRG_37820	977	977	0.0
GRCh38_CMRG_38425	977	977	0.99968
GRCh38_CMRG_48316	977	977	0.0
GRCh38_CMRG_58681	977	977	0.0
GRCh38_CMRG_83695	977	977	0.96278
GRCh38_CMRG_9512	977	977	0.028545
GRCh38_CMRG_48660	976	976	0.0
GRCh38_CMRG_69463	976	976	0.035582
GRCh38_CMRG_72982	976	976	0.839522
GRCh38_CMRG_74933	976	976	0.0
GRCh38_CMRG_77570	976	976	0.683178
GRCh38_CMRG_83057	976	976	0.079301
GRCh38_CMRG_13820	975	975	0.447081
GRCh38_CMRG_31193	975	975	0.0
GRCh38_CMRG_32644	975	975	0.77524
GRCh38_CMRG_44016	975	975	0.0
GRCh38_CMRG_48156	975	975	0.523982
GRCh38_CMRG_59420	975	975	0.856539
GRCh38_CMRG_59421	975	975	0.856539
GRCh38_CMRG_62435	975	975	0.622034
GRCh38_CMRG_68832	975	975	0.0
GRCh38_CMRG_77566	975	975	1.0
GRCh38_CMRG_77567	975	975	1.0
GRCh38_CMRG_83541	975	975	0.0
GRCh38_CMRG_23902	974	974	1.0
GRCh38_CMRG_49812	974	974	0.014687
GRCh38_CMRG_53678	974	974	0.0
GRCh38_CMRG_66145	974	974	0.0
GRCh38_CMRG_70095	974	974	0.78009
GRCh38_CMRG_70096	974	974	0.78009
GRCh38_CMRG_71654	974	974	0.493208
GRCh38_CMRG_75615	974	974	0.450107
GRCh38_CMRG_9054	974	974	0.783484
GRCh38_CMRG_1032	973	973	0.0
GRCh38_CMRG_19926	973	973	0.884483
GRCh38_CMRG_28541	973	973	0.0
GRCh38_CMRG_30732	973	973	0.92341
GRCh38_CMRG_32619	973	973	0.151544
GRCh38_CMRG_43599	973	973	0.744127
GRCh38_CMRG_45176	973	973	0.128323
GRCh38_CMRG_47857	973	973	0.0
GRCh38_CMRG_53677	973	973	0.0
GRCh38_CMRG_53737	973	973	0.890919
GRCh38_CMRG_69464	973	973	0.035582
GRCh38_CMRG_72530	973	973	0.47853
GRCh38_CMRG_73295	973	973	0.0
GRCh38_CMRG_73296	973	973	0.0
GRCh38_CMRG_75504	973	973	0.78121
GRCh38_CMRG_75652	973	973	1.0
GRCh38_CMRG_76767	973	973	0.500937
GRCh38_CMRG_82051	973	973	0.87681
GRCh38_CMRG_83218	973	973	0.0
GRCh38_CMRG_138	972	972	0.497422
GRCh38_CMRG_14453	972	972	0.005151
GRCh38_CMRG_1507	972	972	0.9253
GRCh38_CMRG_1508	972	972	0.9253
GRCh38_CMRG_18980	972	972	0.0
GRCh38_CMRG_41609	972	972	1.0
GRCh38_CMRG_41610	972	972	1.0
GRCh38_CMRG_47841	972	972	0.0
GRCh38_CMRG_50599	972	972	0.99668
GRCh38_CMRG_50600	972	972	0.99668
GRCh38_CMRG_6584	972	972	0.008638
GRCh38_CMRG_67399	972	972	0.0
GRCh38_CMRG_67400	972	972	0.0
GRCh38_CMRG_67	972	972	0.491555
GRCh38_CMRG_68124	972	972	0.491872
GRCh38_CMRG_68125	972	972	0.491872
GRCh38_CMRG_72165	972	972	1.0
GRCh38_CMRG_73902	972	972	1.0
GRCh38_CMRG_73903	972	972	1.0
GRCh38_CMRG_14150	971	971	0.798647
GRCh38_CMRG_18222	971	971	0.007771
GRCh38_CMRG_31097	971	971	0.823688
GRCh38_CMRG_31504	971	971	0.0
GRCh38_CMRG_41801	971	971	1.0
GRCh38_CMRG_44417	971	971	0.0
GRCh38_CMRG_44875	971	971	0.454886
GRCh38_CMRG_63312	971	971	0.840014
GRCh38_CMRG_69455	971	971	0.0
GRCh38_CMRG_69456	971	971	0.0
GRCh38_CMRG_83711	971	971	0.976919
GRCh38_CMRG_83897	971	971	1.0
GRCh38_CMRG_22931	970	970	0.82792
GRCh38_CMRG_29731	970	970	0.051972
GRCh38_CMRG_34067	970	970	0.843834
GRCh38_CMRG_37632	970	970	0.0
GRCh38_CMRG_41394	970	970	0.85636
GRCh38_CMRG_41395	970	970	0.85636
GRCh38_CMRG_463	970	970	0.037241
GRCh38_CMRG_46472	970	970	0.827621
GRCh38_CMRG_58663	970	970	0.0
GRCh38_CMRG_63354	970	970	0.99968
GRCh38_CMRG_70407	970	970	0.0
GRCh38_CMRG_70408	970	970	0.0
GRCh38_CMRG_7910	970	970	0.0
GRCh38_CMRG_83384	970	970	0.0
GRCh38_CMRG_16933	969	969	0.0
GRCh38_CMRG_38550	969	969	0.0
GRCh38_CMRG_38551	969	969	0.0
GRCh38_CMRG_43973	969	969	0.0
GRCh38_CMRG_6340	969	969	0.480487
GRCh38_CMRG_64743	969	969	0.0
GRCh38_CMRG_72757	969	969	0.0
GRCh38_CMRG_73861	969	969	0.000684
GRCh38_CMRG_73862	969	969	0.000684
GRCh38_CMRG_79530	969	969	0.000452
GRCh38_CMRG_79531	969	969	0.000452
GRCh38_CMRG_1208	968	968	0.508383
GRCh38_CMRG_22990	968	968	0.646003
GRCh38_CMRG_23030	968	968	0.001619
GRCh38_CMRG_25264	968	968	0.82725
GRCh38_CMRG_36372	968	968	0.479864
GRCh38_CMRG_37631	968	968	0.0
GRCh38_CMRG_38080	968	968	0.0
GRCh38_CMRG_38081	968	968	0.0
GRCh38_CMRG_50968	968	968	0.82224
GRCh38_CMRG_67015	968	968	0.0
GRCh38_CMRG_68640	968	968	1.0
GRCh38_CMRG_72852	968	968	0.354605
GRCh38_CMRG_73871	968	968	0.000684
GRCh38_CMRG_73872	968	968	0.000684
GRCh38_CMRG_75239	968	968	0.9853
GRCh38_CMRG_75372	968	968	1.7e-05
GRCh38_CMRG_81026	968	968	1.0
GRCh38_CMRG_81027	968	968	1.0
GRCh38_CMRG_8533	968	968	0.0
GRCh38_CMRG_21222	967	967	0.97059
GRCh38_CMRG_21223	967	967	0.97059
GRCh38_CMRG_2224	967	967	0.75654
GRCh38_CMRG_30562	967	967	0.0
GRCh38_CMRG_46101	967	967	0.858897
GRCh38_CMRG_46102	967	967	0.858897
GRCh38_CMRG_55323	967	967	0.0
GRCh38_CMRG_63353	967	967	0.99968
GRCh38_CMRG_65736	967	967	0.0
GRCh38_CMRG_65737	967	967	0.0
GRCh38_CMRG_70350	967	967	0.007636
GRCh38_CMRG_71149	967	967	0.766578
GRCh38_CMRG_79967	967	967	0.0
GRCh38_CMRG_13271	966	966	0.73135
GRCh38_CMRG_13272	966	966	0.73135
GRCh38_CMRG_19942	966	966	0.81459
GRCh38_CMRG_29114	966	966	0.77684
GRCh38_CMRG_32208	966	966	0.85253
GRCh38_CMRG_41562	966	966	1.0
GRCh38_CMRG_45080	966	966	0.000293
GRCh38_CMRG_47302	966	966	0.687721
GRCh38_CMRG_75651	966	966	1.0
GRCh38_CMRG_77240	966	966	0.372941
GRCh38_CMRG_13402	965	965	0.0
GRCh38_CMRG_14784	965	965	0.0
GRCh38_CMRG_44945	965	965	1.0
GRCh38_CMRG_44946	965	965	1.0
GRCh38_CMRG_48811	965	965	0.193905
GRCh38_CMRG_51934	965	965	0.321857
GRCh38_CMRG_5987	965	965	0.77531
GRCh38_CMRG_5988	965	965	0.77531
GRCh38_CMRG_59907	965	965	0.80623
GRCh38_CMRG_62208	965	965	0.0
GRCh38_CMRG_63425	965	965	0.491601
GRCh38_CMRG_63993	965	965	0.091979
GRCh38_CMRG_74968	965	965	0.302
GRCh38_CMRG_79724	965	965	0.0128
GRCh38_CMRG_9044	965	965	0.77874
GRCh38_CMRG_36445	964	964	0.193713
GRCh38_CMRG_6886	964	964	0.0
GRCh38_CMRG_69965	964	964	0.0
GRCh38_CMRG_73913	964	964	0.847424
GRCh38_CMRG_79841	964	964	0.000636
GRCh38_CMRG_79842	964	964	0.000636
GRCh38_CMRG_9174	964	964	0.77567
GRCh38_CMRG_9175	964	964	0.77567
GRCh38_CMRG_14675	963	963	0.512957
GRCh38_CMRG_20838	963	963	0.0
GRCh38_CMRG_20839	963	963	0.0
GRCh38_CMRG_23845	963	963	0.640181
GRCh38_CMRG_2474	963	963	0.827496
GRCh38_CMRG_44600	963	963	0.15914
GRCh38_CMRG_50987	963	963	0.524568
GRCh38_CMRG_51055	963	963	0.0
GRCh38_CMRG_51330	963	963	0.0
GRCh38_CMRG_53452	963	963	0.0
GRCh38_CMRG_53453	963	963	0.0
GRCh38_CMRG_59466	963	963	0.0
GRCh38_CMRG_59467	963	963	0.0
GRCh38_CMRG_64379	963	963	0.0
GRCh38_CMRG_77377	963	963	0.0
GRCh38_CMRG_79358	963	963	0.018092
GRCh38_CMRG_79807	963	963	0.99934
GRCh38_CMRG_79808	963	963	0.99934
GRCh38_CMRG_12258	962	962	0.0
GRCh38_CMRG_16625	962	962	0.92906
GRCh38_CMRG_17441	962	962	0.83636
GRCh38_CMRG_29730	962	962	0.051972
GRCh38_CMRG_30634	962	962	0.442785
GRCh38_CMRG_46141	962	962	0.0
GRCh38_CMRG_46142	962	962	0.0
GRCh38_CMRG_51329	962	962	0.0
GRCh38_CMRG_54736	962	962	0.029242
GRCh38_CMRG_64541	962	962	0.0
GRCh38_CMRG_64758	962	962	0.83631
GRCh38_CMRG_65388	962	962	0.000322
GRCh38_CMRG_67340	962	962	1.0
GRCh38_CMRG_68015	962	962	0.0
GRCh38_CMRG_7333	962	962	0.76006
GRCh38_CMRG_79357	962	962	0.018092
GRCh38_CMRG_83231	962	962	0.98715
GRCh38_CMRG_16639	961	961	0.0
GRCh38_CMRG_18172	961	961	0.625759
GRCh38_CMRG_2807	961	961	0.695286
GRCh38_CMRG_29115	961	961	0.81842
GRCh38_CMRG_33505	961	961	0.0
GRCh38_CMRG_49814	961	961	0.050736
GRCh38_CMRG_52636	961	961	0.0
GRCh38_CMRG_59596	961	961	0.83265
GRCh38_CMRG_59711	961	961	0.010374
GRCh38_CMRG_60293	961	961	0.0
GRCh38_CMRG_6664	961	961	0.476081
GRCh38_CMRG_693	961	961	0.367759
GRCh38_CMRG_694	961	961	0.367759
GRCh38_CMRG_81732	961	961	0.272936
GRCh38_CMRG_8794	961	961	0.275057
GRCh38_CMRG_2041	960	960	0.230996
GRCh38_CMRG_32311	960	960	0.0
GRCh38_CMRG_32620	960	960	0.151544
GRCh38_CMRG_42175	960	960	0.82207
GRCh38_CMRG_5829	960	960	0.467486
GRCh38_CMRG_62532	960	960	0.0
GRCh38_CMRG_68155	960	960	1.0
GRCh38_CMRG_74369	960	960	0.485871
GRCh38_CMRG_75616	960	960	0.450107
GRCh38_CMRG_76873	960	960	0.000113
GRCh38_CMRG_79244	960	960	0.018092
GRCh38_CMRG_80968	960	960	0.99968
GRCh38_CMRG_24542	959	959	0.0
GRCh38_CMRG_44739	959	959	0.0
GRCh38_CMRG_51490	959	959	0.218067
GRCh38_CMRG_83009	959	959	0.0
GRCh38_CMRG_14690	958	958	0.84525
GRCh38_CMRG_16554	958	958	0.0
GRCh38_CMRG_18227	958	958	0.0
GRCh38_CMRG_27933	958	958	0.0
GRCh38_CMRG_33522	958	958	0.099558
GRCh38_CMRG_33523	958	958	0.099558
GRCh38_CMRG_410	958	958	0.4913
GRCh38_CMRG_43880	958	958	0.492534
GRCh38_CMRG_52330	958	958	0.0
GRCh38_CMRG_55144	958	958	0.74929
GRCh38_CMRG_64547	958	958	0.0
GRCh38_CMRG_68638	958	958	1.0
GRCh38_CMRG_68639	958	958	1.0
GRCh38_CMRG_69914	958	958	0.0
GRCh38_CMRG_81389	958	958	0.0
GRCh38_CMRG_13343	957	957	0.0
GRCh38_CMRG_13344	957	957	0.0
GRCh38_CMRG_21087	957	957	0.839597
GRCh38_CMRG_51070	957	957	0.0
GRCh38_CMRG_51489	957	957	0.218067
GRCh38_CMRG_51774	957	957	0.792104
GRCh38_CMRG_54583	957	957	0.0
GRCh38_CMRG_58229	957	957	0.0
GRCh38_CMRG_58918	957	957	0.539806
GRCh38_CMRG_73091	957	957	0.0
GRCh38_CMRG_7638	957	957	0.78761
GRCh38_CMRG_84406	957	957	0.0
GRCh38_CMRG_17116	956	956	0.0
GRCh38_CMRG_18692	956	956	0.0
GRCh38_CMRG_23145	956	956	0.7868
GRCh38_CMRG_23146	956	956	0.7868
GRCh38_CMRG_28861	956	956	0.0
GRCh38_CMRG_28862	956	956	0.0
GRCh38_CMRG_41974	956	956	0.000254
GRCh38_CMRG_5825	956	956	0.0
GRCh38_CMRG_72006	956	956	5.1e-05
GRCh38_CMRG_1251	955	955	0.0
GRCh38_CMRG_17733	955	955	0.0
GRCh38_CMRG_25038	955	955	0.479238
GRCh38_CMRG_44151	955	955	0.0
GRCh38_CMRG_45029	955	955	0.0
GRCh38_CMRG_50881	955	955	0.611944
GRCh38_CMRG_54899	955	955	0.101507
GRCh38_CMRG_60499	955	955	0.0
GRCh38_CMRG_73279	955	955	0.0
GRCh38_CMRG_7792	955	955	0.0
GRCh38_CMRG_79809	955	955	0.0
GRCh38_CMRG_83900	955	955	0.0010542
GRCh38_CMRG_15611	954	954	0.0
GRCh38_CMRG_15612	954	954	0.0
GRCh38_CMRG_22114	954	954	0.0
GRCh38_CMRG_27292	954	954	0.692841
GRCh38_CMRG_35717	954	954	0.0
GRCh38_CMRG_37168	954	954	0.220498
GRCh38_CMRG_45237	954	954	0.100458
GRCh38_CMRG_54735	954	954	0.029242
GRCh38_CMRG_74578	954	954	0.781256
GRCh38_CMRG_17909	953	953	0.0
GRCh38_CMRG_18787	953	953	0.781763
GRCh38_CMRG_2567	953	953	0.741906
GRCh38_CMRG_2568	953	953	0.741906
GRCh38_CMRG_27293	953	953	0.692841
GRCh38_CMRG_38956	953	953	8e-06
GRCh38_CMRG_41033	953	953	0.0
GRCh38_CMRG_45109	953	953	0.0
GRCh38_CMRG_45212	953	953	0.0
GRCh38_CMRG_58716	953	953	0.0
GRCh38_CMRG_71360	953	953	0.0
GRCh38_CMRG_74969	953	953	0.302
GRCh38_CMRG_75004	953	953	0.0
GRCh38_CMRG_31061	952	952	0.319734
GRCh38_CMRG_32206	952	952	0.85253
GRCh38_CMRG_36616	952	952	0.0
GRCh38_CMRG_39293	952	952	0.0
GRCh38_CMRG_39485	952	952	0.899864
GRCh38_CMRG_41526	952	952	1.0
GRCh38_CMRG_45108	952	952	0.0
GRCh38_CMRG_46602	952	952	0.74652
GRCh38_CMRG_50505	952	952	0.77394
GRCh38_CMRG_60366	952	952	0.0
GRCh38_CMRG_64661	952	952	0.85823
GRCh38_CMRG_64662	952	952	8e-06
GRCh38_CMRG_68016	952	952	0.0
GRCh38_CMRG_689	952	952	0.7779
GRCh38_CMRG_690	952	952	0.7779
GRCh38_CMRG_71359	952	952	0.0
GRCh38_CMRG_75003	952	952	0.0
GRCh38_CMRG_12197	951	951	1.7e-05
GRCh38_CMRG_14381	951	951	0.903818
GRCh38_CMRG_46427	951	951	0.83903
GRCh38_CMRG_67760	951	951	0.0
GRCh38_CMRG_10939	950	950	0.73945
GRCh38_CMRG_12018	950	950	3.2e-05
GRCh38_CMRG_44899	950	950	0.0
GRCh38_CMRG_47094	950	950	0.0
GRCh38_CMRG_51491	950	950	0.797069
GRCh38_CMRG_59157	950	950	0.444277
GRCh38_CMRG_60365	950	950	0.0
GRCh38_CMRG_67750	950	950	0.05739
GRCh38_CMRG_71748	950	950	1.0
GRCh38_CMRG_72335	950	950	0.99983
GRCh38_CMRG_75265	950	950	0.74888
GRCh38_CMRG_79776	950	950	1.0
GRCh38_CMRG_79777	950	950	1.0
GRCh38_CMRG_83732	950	950	0.93329
GRCh38_CMRG_84257	950	950	0.902424
GRCh38_CMRG_38211	949	949	0.000903
GRCh38_CMRG_44898	949	949	0.0
GRCh38_CMRG_45158	949	949	0.021594
GRCh38_CMRG_45159	949	949	0.021594
GRCh38_CMRG_59015	949	949	0.73407
GRCh38_CMRG_60110	949	949	0.0
GRCh38_CMRG_6016	949	949	0.89924
GRCh38_CMRG_6017	949	949	0.89924
GRCh38_CMRG_61371	949	949	0.000333
GRCh38_CMRG_61372	949	949	0.000333
GRCh38_CMRG_65298	949	949	0.81867
GRCh38_CMRG_65299	949	949	0.81867
GRCh38_CMRG_65732	949	949	0.0
GRCh38_CMRG_79695	949	949	0.73442
GRCh38_CMRG_84384	949	949	0.553231
GRCh38_CMRG_12735	948	948	0.159838
GRCh38_CMRG_18220	948	948	0.052302
GRCh38_CMRG_18897	948	948	0.517698
GRCh38_CMRG_32133	948	948	0.73975
GRCh38_CMRG_44376	948	948	0.0
GRCh38_CMRG_44783	948	948	0.000893
GRCh38_CMRG_44829	948	948	0.0
GRCh38_CMRG_45820	948	948	0.0
GRCh38_CMRG_51466	948	948	0.351186
GRCh38_CMRG_63884	948	948	0.0
GRCh38_CMRG_65733	948	948	0.0
GRCh38_CMRG_70713	948	948	0.0
GRCh38_CMRG_84251	948	948	0.686581
GRCh38_CMRG_1316	947	947	0.0
GRCh38_CMRG_32013	947	947	0.0
GRCh38_CMRG_32309	947	947	0.0
GRCh38_CMRG_44828	947	947	0.0
GRCh38_CMRG_48216	947	947	0.76875
GRCh38_CMRG_52235	947	947	0.0
GRCh38_CMRG_63633	947	947	0.77043
GRCh38_CMRG_70927	947	947	0.0
GRCh38_CMRG_73552	947	947	0.393757
GRCh38_CMRG_81329	947	947	0.0
GRCh38_CMRG_16600	946	946	0.0
GRCh38_CMRG_31282	946	946	0.0
GRCh38_CMRG_35647	946	946	0.852661
GRCh38_CMRG_39778	946	946	0.83748
GRCh38_CMRG_60766	946	946	0.76943
GRCh38_CMRG_61179	946	946	0.75056
GRCh38_CMRG_63234	946	946	0.84479
GRCh38_CMRG_73204	946	946	0.0
GRCh38_CMRG_73430	946	946	1.0
GRCh38_CMRG_73431	946	946	1.0
GRCh38_CMRG_8258	946	946	0.85191
GRCh38_CMRG_8259	946	946	0.85191
GRCh38_CMRG_83243	946	946	0.0
GRCh38_CMRG_19893	945	945	0.881517
GRCh38_CMRG_27437	945	945	0.886131
GRCh38_CMRG_52889	945	945	0.0
GRCh38_CMRG_52890	945	945	0.0
GRCh38_CMRG_55626	945	945	0.500748
GRCh38_CMRG_72277	945	945	0.000524
GRCh38_CMRG_83124	945	945	0.99427
GRCh38_CMRG_9257	945	945	0.000468
GRCh38_CMRG_17462	944	944	0.73078
GRCh38_CMRG_41094	944	944	0.0
GRCh38_CMRG_41095	944	944	0.0
GRCh38_CMRG_47564	944	944	0.768423
GRCh38_CMRG_50825	944	944	0.84911
GRCh38_CMRG_53798	944	944	0.018173
GRCh38_CMRG_53799	944	944	0.018173
GRCh38_CMRG_61180	944	944	0.75056
GRCh38_CMRG_65614	944	944	0.703715
GRCh38_CMRG_72246	944	944	0.81248
GRCh38_CMRG_9074	944	944	0.000468
GRCh38_CMRG_13817	943	943	0.5
GRCh38_CMRG_17177	943	943	0.560252
GRCh38_CMRG_30797	943	943	1.0
GRCh38_CMRG_32427	943	943	0.0
GRCh38_CMRG_55151	943	943	0.99969
GRCh38_CMRG_55152	943	943	0.99969
GRCh38_CMRG_64930	943	943	0.448798
GRCh38_CMRG_70616	943	943	0.86819
GRCh38_CMRG_29017	942	942	0.410624
GRCh38_CMRG_47528	942	942	0.747391
GRCh38_CMRG_52328	942	942	0.0
GRCh38_CMRG_54869	942	942	0.096955
GRCh38_CMRG_60287	942	942	0.000241
GRCh38_CMRG_65904	942	942	0.0
GRCh38_CMRG_68585	942	942	0.0
GRCh38_CMRG_69891	942	942	0.016825
GRCh38_CMRG_8155	942	942	8e-06
GRCh38_CMRG_9258	942	942	0.000468
GRCh38_CMRG_11065	941	941	0.047659
GRCh38_CMRG_1709	941	941	0.0
GRCh38_CMRG_19972	941	941	0.857044
GRCh38_CMRG_420	941	941	0.011083
GRCh38_CMRG_48195	941	941	0.780121
GRCh38_CMRG_52301	941	941	0.235785
GRCh38_CMRG_62231	941	941	0.984146
GRCh38_CMRG_76936	941	941	0.0008
GRCh38_CMRG_12748	940	940	0.73373
GRCh38_CMRG_14716	940	940	0.483223
GRCh38_CMRG_14717	940	940	0.483223
GRCh38_CMRG_17245	940	940	0.0
GRCh38_CMRG_23305	940	940	0.0
GRCh38_CMRG_2510	940	940	0.0
GRCh38_CMRG_37017	940	940	0.0
GRCh38_CMRG_61419	940	940	0.0
GRCh38_CMRG_62230	940	940	0.0
GRCh38_CMRG_11155	939	939	0.047659
GRCh38_CMRG_13003	939	939	0.000186
GRCh38_CMRG_52833	939	939	0.0
GRCh38_CMRG_53833	939	939	0.0
GRCh38_CMRG_74508	939	939	0.0
GRCh38_CMRG_75541	939	939	0.0
GRCh38_CMRG_2890	938	938	0.0
GRCh38_CMRG_37090	938	938	0.0
GRCh38_CMRG_42282	938	938	0.0
GRCh38_CMRG_72528	938	938	0.000241
GRCh38_CMRG_77441	938	938	6.6e-05
GRCh38_CMRG_83205	938	938	1.0
GRCh38_CMRG_83387	938	938	1.0
GRCh38_CMRG_83680	938	938	0.910681
GRCh38_CMRG_27419	937	937	0.547209
GRCh38_CMRG_55827	937	937	0.0
GRCh38_CMRG_62384	937	937	0.0
GRCh38_CMRG_63638	937	937	0.99946
GRCh38_CMRG_63794	937	937	0.849119
GRCh38_CMRG_74564	937	937	1.0
GRCh38_CMRG_75543	937	937	0.019288
GRCh38_CMRG_82137	937	937	0.0
GRCh38_CMRG_36682	936	936	0.175205
GRCh38_CMRG_71758	936	936	0.000133
GRCh38_CMRG_1209	935	935	0.0
GRCh38_CMRG_16944	935	935	0.84581
GRCh38_CMRG_34420	935	935	0.0
GRCh38_CMRG_48542	935	935	0.284248
GRCh38_CMRG_51031	935	935	1.0
GRCh38_CMRG_51032	935	935	1.0
GRCh38_CMRG_54571	935	935	0.584316
GRCh38_CMRG_75502	935	935	0.764752
GRCh38_CMRG_1661	934	934	0.005049
GRCh38_CMRG_1662	934	934	0.005049
GRCh38_CMRG_20849	934	934	0.0
GRCh38_CMRG_20850	934	934	0.0
GRCh38_CMRG_24528	934	934	0.750853
GRCh38_CMRG_24555	934	934	0.026953
GRCh38_CMRG_26831	934	934	0.72585
GRCh38_CMRG_53597	934	934	0.66718
GRCh38_CMRG_55091	934	934	0.0
GRCh38_CMRG_63233	934	934	0.0
GRCh38_CMRG_77442	934	934	6.6e-05
GRCh38_CMRG_8246	934	934	0.0
GRCh38_CMRG_84156	934	934	0.0
GRCh38_CMRG_11819	933	933	0.000468
GRCh38_CMRG_1728	933	933	0.504995
GRCh38_CMRG_40875	933	933	0.0
GRCh38_CMRG_40876	933	933	0.0
GRCh38_CMRG_41708	933	933	0.0
GRCh38_CMRG_44378	933	933	0.94365
GRCh38_CMRG_47011	933	933	5.6e-05
GRCh38_CMRG_47012	933	933	5.6e-05
GRCh38_CMRG_48541	933	933	0.284248
GRCh38_CMRG_55438	933	933	0.0
GRCh38_CMRG_11820	932	932	0.000468
GRCh38_CMRG_13902	932	932	0.0
GRCh38_CMRG_13969	932	932	0.0
GRCh38_CMRG_14996	932	932	0.477211
GRCh38_CMRG_21118	932	932	0.338098
GRCh38_CMRG_21119	932	932	0.338098
GRCh38_CMRG_24703	932	932	0.0
GRCh38_CMRG_29569	932	932	0.0
GRCh38_CMRG_29570	932	932	0.0
GRCh38_CMRG_31697	932	932	0.0
GRCh38_CMRG_40145	932	932	0.0
GRCh38_CMRG_44025	932	932	0.0
GRCh38_CMRG_52234	932	932	0.0
GRCh38_CMRG_52670	932	932	6.5e-05
GRCh38_CMRG_69775	932	932	0.7566
GRCh38_CMRG_70720	932	932	0.0
GRCh38_CMRG_70881	932	932	0.744455
GRCh38_CMRG_72419	932	932	0.817192
GRCh38_CMRG_72456	932	932	0.0
GRCh38_CMRG_72527	932	932	0.000241
GRCh38_CMRG_79031	932	932	0.531899
GRCh38_CMRG_79932	932	932	0.948974
GRCh38_CMRG_29596	931	931	0.0
GRCh38_CMRG_29597	931	931	0.0
GRCh38_CMRG_44383	931	931	0.0
GRCh38_CMRG_44937	931	931	0.0
GRCh38_CMRG_44938	931	931	0.0
GRCh38_CMRG_55112	931	931	0.0
GRCh38_CMRG_60273	931	931	0.073227
GRCh38_CMRG_64969	931	931	0.0
GRCh38_CMRG_67502	931	931	0.77088
GRCh38_CMRG_67503	931	931	0.77088
GRCh38_CMRG_70882	931	931	0.744455
GRCh38_CMRG_76937	931	931	0.0008
GRCh38_CMRG_8190	931	931	0.0
GRCh38_CMRG_83293	931	931	0.0
GRCh38_CMRG_13168	930	930	0.426792
GRCh38_CMRG_23144	930	930	0.446985
GRCh38_CMRG_27338	930	930	0.0
GRCh38_CMRG_37161	930	930	0.114858
GRCh38_CMRG_38321	930	930	0.0
GRCh38_CMRG_41527	930	930	1.0
GRCh38_CMRG_50962	930	930	0.484686
GRCh38_CMRG_60274	930	930	0.073227
GRCh38_CMRG_6452	930	930	0.99373
GRCh38_CMRG_6453	930	930	0.99373
GRCh38_CMRG_72161	930	930	0.0
GRCh38_CMRG_76762	930	930	0.008858
GRCh38_CMRG_77292	930	930	0.0
GRCh38_CMRG_8146	930	930	0.0
GRCh38_CMRG_19403	929	929	0.554963
GRCh38_CMRG_2701	929	929	0.82672
GRCh38_CMRG_28817	929	929	0.0
GRCh38_CMRG_28818	929	929	0.0
GRCh38_CMRG_38322	929	929	0.0
GRCh38_CMRG_45148	929	929	0.0
GRCh38_CMRG_52962	929	929	0.94889
GRCh38_CMRG_52963	929	929	0.94889
GRCh38_CMRG_58993	929	929	0.664935
GRCh38_CMRG_64614	929	929	0.80074
GRCh38_CMRG_64615	929	929	0.80074
GRCh38_CMRG_73061	929	929	0.052474
GRCh38_CMRG_79823	929	929	0.505308
GRCh38_CMRG_189	928	928	0.042869
GRCh38_CMRG_190	928	928	0.042869
GRCh38_CMRG_27339	928	928	0.0
GRCh38_CMRG_27420	928	928	0.547209
GRCh38_CMRG_44602	928	928	1.0
GRCh38_CMRG_44603	928	928	1.0
GRCh38_CMRG_71845	928	928	0.77997
GRCh38_CMRG_25811	927	927	0.537789
GRCh38_CMRG_79032	927	927	0.83185
GRCh38_CMRG_8001	927	927	0.0
GRCh38_CMRG_8431	927	927	0.75799
GRCh38_CMRG_18743	926	926	0.0
GRCh38_CMRG_18744	926	926	0.0
GRCh38_CMRG_2355	926	926	0.0
GRCh38_CMRG_27840	926	926	0.466235
GRCh38_CMRG_32220	926	926	0.824455
GRCh38_CMRG_37093	926	926	0.0
GRCh38_CMRG_41574	926	926	0.0
GRCh38_CMRG_51217	926	926	0.0
GRCh38_CMRG_52041	926	926	0.009216
GRCh38_CMRG_52488	926	926	0.0
GRCh38_CMRG_58936	926	926	0.55653
GRCh38_CMRG_75318	926	926	0.588501
GRCh38_CMRG_83194	926	926	1.0
GRCh38_CMRG_21494	925	925	0.237857
GRCh38_CMRG_50928	925	925	0.0
GRCh38_CMRG_52106	925	925	0.99968
GRCh38_CMRG_52107	925	925	0.99968
GRCh38_CMRG_53146	925	925	0.81347
GRCh38_CMRG_53764	925	925	0.581193
GRCh38_CMRG_58213	925	925	0.99641
GRCh38_CMRG_61649	925	925	1.0
GRCh38_CMRG_65149	925	925	0.0
GRCh38_CMRG_73248	925	925	0.474159
GRCh38_CMRG_32219	924	924	0.824455
GRCh38_CMRG_43957	924	924	0.5
GRCh38_CMRG_49655	924	924	9.6e-05
GRCh38_CMRG_58214	924	924	0.99641
GRCh38_CMRG_64378	924	924	0.0
GRCh38_CMRG_7226	924	924	0.0
GRCh38_CMRG_14347	923	923	1.0
GRCh38_CMRG_18867	923	923	0.00031
GRCh38_CMRG_19265	923	923	0.72525
GRCh38_CMRG_33759	923	923	0.8564
GRCh38_CMRG_33760	923	923	0.8564
GRCh38_CMRG_41766	923	923	0.0
GRCh38_CMRG_41975	923	923	0.97161
GRCh38_CMRG_41976	923	923	0.97161
GRCh38_CMRG_44021	923	923	0.412419
GRCh38_CMRG_52099	923	923	0.0
GRCh38_CMRG_64883	923	923	0.72016
GRCh38_CMRG_65460	923	923	0.490697
GRCh38_CMRG_67538	923	923	0.97123
GRCh38_CMRG_69320	923	923	0.0
GRCh38_CMRG_70505	923	923	0.0
GRCh38_CMRG_1019	922	922	0.029233
GRCh38_CMRG_11460	922	922	0.820344
GRCh38_CMRG_11461	922	922	0.820344
GRCh38_CMRG_15288	922	922	0.0
GRCh38_CMRG_22742	922	922	0.701642
GRCh38_CMRG_24591	922	922	0.000827
GRCh38_CMRG_24592	922	922	0.000827
GRCh38_CMRG_29924	922	922	0.001093
GRCh38_CMRG_49409	922	922	0.0
GRCh38_CMRG_49410	922	922	0.0
GRCh38_CMRG_49707	922	922	0.670455
GRCh38_CMRG_59537	922	922	0.725388
GRCh38_CMRG_68855	922	922	0.000128
GRCh38_CMRG_71747	922	922	1.0
GRCh38_CMRG_75544	922	922	0.019288
GRCh38_CMRG_80072	922	922	0.063129
GRCh38_CMRG_83091	922	922	0.0
GRCh38_CMRG_14723	921	921	0.770358
GRCh38_CMRG_20903	921	921	0.94933
GRCh38_CMRG_20904	921	921	0.94933
GRCh38_CMRG_32745	921	921	0.0
GRCh38_CMRG_41006	921	921	0.99983
GRCh38_CMRG_41765	921	921	0.0
GRCh38_CMRG_44908	921	921	0.0
GRCh38_CMRG_47262	921	921	0.848307
GRCh38_CMRG_52042	921	921	0.009216
GRCh38_CMRG_60151	921	921	0.001698
GRCh38_CMRG_61262	921	921	8.7e-05
GRCh38_CMRG_64968	921	921	0.0
GRCh38_CMRG_68304	921	921	0.003298
GRCh38_CMRG_76713	921	921	1.0
GRCh38_CMRG_78857	921	921	0.335331
GRCh38_CMRG_83789	921	921	0.571208
GRCh38_CMRG_1322	920	920	0.0
GRCh38_CMRG_29145	920	920	0.79663
GRCh38_CMRG_29146	920	920	0.79663
GRCh38_CMRG_32426	920	920	0.445984
GRCh38_CMRG_41894	920	920	0.009324
GRCh38_CMRG_45213	920	920	0.0
GRCh38_CMRG_67539	920	920	0.97123
GRCh38_CMRG_76763	920	920	0.008858
GRCh38_CMRG_83999	920	920	0.967728
GRCh38_CMRG_14348	919	919	1.0
GRCh38_CMRG_39420	919	919	0.700263
GRCh38_CMRG_45737	919	919	0.450671
GRCh38_CMRG_54030	919	919	0.825349
GRCh38_CMRG_65692	919	919	0.0
GRCh38_CMRG_65693	919	919	0.0
GRCh38_CMRG_81328	919	919	0.0
GRCh38_CMRG_83109	919	919	0.419732
GRCh38_CMRG_83128	919	919	0.554168
GRCh38_CMRG_36124	918	918	0.0
GRCh38_CMRG_40035	918	918	0.71633
GRCh38_CMRG_40769	918	918	0.0
GRCh38_CMRG_40770	918	918	0.0
GRCh38_CMRG_58275	918	918	0.99031
GRCh38_CMRG_58276	918	918	0.99031
GRCh38_CMRG_67588	918	918	0.78227
GRCh38_CMRG_67589	918	918	0.78227
GRCh38_CMRG_69828	918	918	0.0
GRCh38_CMRG_75319	918	918	0.588501
GRCh38_CMRG_77473	918	918	0.001483
GRCh38_CMRG_17500	917	917	0.891324
GRCh38_CMRG_2468	917	917	0.361682
GRCh38_CMRG_28188	917	917	0.00329
GRCh38_CMRG_40864	917	917	0.69192
GRCh38_CMRG_46282	917	917	0.001665
GRCh38_CMRG_59705	917	917	0.647245
GRCh38_CMRG_710	917	917	0.74586
GRCh38_CMRG_71570	917	917	0.024751
GRCh38_CMRG_77175	917	917	0.0
GRCh38_CMRG_77213	917	917	0.408813
GRCh38_CMRG_80948	917	917	0.015116
GRCh38_CMRG_81509	917	917	0.0
GRCh38_CMRG_30875	916	916	0.0
GRCh38_CMRG_72164	916	916	1.0
GRCh38_CMRG_82944	916	916	1.0
GRCh38_CMRG_18509	915	915	0.0
GRCh38_CMRG_19552	915	915	0.0
GRCh38_CMRG_25368	915	915	5.6e-05
GRCh38_CMRG_29350	915	915	0.0
GRCh38_CMRG_33312	915	915	0.48656
GRCh38_CMRG_33313	915	915	0.48656
GRCh38_CMRG_35930	915	915	0.005364
GRCh38_CMRG_38201	915	915	0.0
GRCh38_CMRG_53285	915	915	0.997346
GRCh38_CMRG_54634	915	915	0.0
GRCh38_CMRG_61177	915	915	0.731268
GRCh38_CMRG_61178	915	915	0.731268
GRCh38_CMRG_65380	915	915	0.39463
GRCh38_CMRG_66387	915	915	0.0
GRCh38_CMRG_69859	915	915	0.98776
GRCh38_CMRG_69860	915	915	0.98776
GRCh38_CMRG_75542	915	915	0.0
GRCh38_CMRG_77281	915	915	0.0
GRCh38_CMRG_11156	914	914	0.047659
GRCh38_CMRG_31897	914	914	0.03809
GRCh38_CMRG_36675	914	914	0.470653
GRCh38_CMRG_39916	914	914	0.0
GRCh38_CMRG_39917	914	914	0.0
GRCh38_CMRG_43912	914	914	0.81504
GRCh38_CMRG_43913	914	914	0.81504
GRCh38_CMRG_45719	914	914	0.119599
GRCh38_CMRG_552	914	914	1.0
GRCh38_CMRG_553	914	914	1.0
GRCh38_CMRG_61943	914	914	0.81265
GRCh38_CMRG_63921	914	914	0.477209
GRCh38_CMRG_65339	914	914	0.137734
GRCh38_CMRG_75559	914	914	0.0
GRCh38_CMRG_79830	914	914	0.011751
GRCh38_CMRG_12844	913	913	0.0
GRCh38_CMRG_32093	913	913	0.000535
GRCh38_CMRG_36415	913	913	0.0
GRCh38_CMRG_44450	913	913	1.6e-05
GRCh38_CMRG_45720	913	913	0.119599
GRCh38_CMRG_69842	913	913	0.0
GRCh38_CMRG_70230	913	913	0.0
GRCh38_CMRG_71583	913	913	0.0
GRCh38_CMRG_32108	912	912	0.67857
GRCh38_CMRG_53113	912	912	0.0
GRCh38_CMRG_54854	912	912	0.001935
GRCh38_CMRG_7859	912	912	0.0
GRCh38_CMRG_79831	912	912	0.011751
GRCh38_CMRG_81588	912	912	0.0
GRCh38_CMRG_29070	911	911	0.0
GRCh38_CMRG_37653	911	911	0.0
GRCh38_CMRG_67509	911	911	0.76037
GRCh38_CMRG_67510	911	911	0.76037
GRCh38_CMRG_70232	911	911	0.0
GRCh38_CMRG_70412	911	911	0.000736
GRCh38_CMRG_75406	911	911	0.9917
GRCh38_CMRG_81395	911	911	0.0
GRCh38_CMRG_81595	911	911	0.0
GRCh38_CMRG_10906	910	910	0.463247
GRCh38_CMRG_27164	910	910	0.0
GRCh38_CMRG_38195	910	910	8e-06
GRCh38_CMRG_41483	910	910	0.0
GRCh38_CMRG_41484	910	910	0.0
GRCh38_CMRG_41639	910	910	0.000193
GRCh38_CMRG_42469	910	910	0.71938
GRCh38_CMRG_59306	910	910	6.6e-05
GRCh38_CMRG_59587	910	910	0.0
GRCh38_CMRG_63818	910	910	0.850609
GRCh38_CMRG_65764	910	910	0.0
GRCh38_CMRG_79565	910	910	0.0
GRCh38_CMRG_1046	909	909	0.039036
GRCh38_CMRG_16536	909	909	0.680452
GRCh38_CMRG_27511	909	909	0.842335
GRCh38_CMRG_34004	909	909	0.0
GRCh38_CMRG_38908	909	909	9.8e-05
GRCh38_CMRG_41537	909	909	0.0
GRCh38_CMRG_41538	909	909	0.0
GRCh38_CMRG_43960	909	909	1.0
GRCh38_CMRG_43961	909	909	1.0
GRCh38_CMRG_44752	909	909	0.0
GRCh38_CMRG_52746	909	909	0.021268
GRCh38_CMRG_60883	909	909	0.70046
GRCh38_CMRG_70699	909	909	0.0
GRCh38_CMRG_74937	909	909	0.0
GRCh38_CMRG_17961	908	908	0.007305
GRCh38_CMRG_25780	908	908	0.80713
GRCh38_CMRG_25781	908	908	0.80713
GRCh38_CMRG_31789	908	908	1.0
GRCh38_CMRG_31790	908	908	1.0
GRCh38_CMRG_39645	908	908	0.000107
GRCh38_CMRG_44751	908	908	0.0
GRCh38_CMRG_45891	908	908	0.0
GRCh38_CMRG_22989	907	907	0.646003
GRCh38_CMRG_2343	907	907	0.0
GRCh38_CMRG_32464	907	907	0.389845
GRCh38_CMRG_37663	907	907	0.0
GRCh38_CMRG_41366	907	907	0.832519
GRCh38_CMRG_41378	907	907	0.0
GRCh38_CMRG_45406	907	907	0.0
GRCh38_CMRG_46177	907	907	0.551773
GRCh38_CMRG_50703	907	907	0.69956
GRCh38_CMRG_51944	907	907	0.03347
GRCh38_CMRG_59582	907	907	0.530868
GRCh38_CMRG_61648	907	907	1.0
GRCh38_CMRG_63530	907	907	0.74992
GRCh38_CMRG_65320	907	907	8e-06
GRCh38_CMRG_69054	907	907	0.093939
GRCh38_CMRG_74418	907	907	0.78115
GRCh38_CMRG_79245	907	907	0.018092
GRCh38_CMRG_82909	907	907	0.00134715
GRCh38_CMRG_25945	906	906	2.5e-05
GRCh38_CMRG_2661	906	906	0.9551
GRCh38_CMRG_2662	906	906	0.9551
GRCh38_CMRG_27166	906	906	0.0
GRCh38_CMRG_33824	906	906	0.0
GRCh38_CMRG_51604	906	906	0.00017
GRCh38_CMRG_52275	906	906	0.733861
GRCh38_CMRG_72480	906	906	0.75159
GRCh38_CMRG_75558	906	906	0.428075
GRCh38_CMRG_7906	906	906	0.001265
GRCh38_CMRG_13416	905	905	0.000227
GRCh38_CMRG_24451	905	905	0.001307
GRCh38_CMRG_29096	905	905	0.703825
GRCh38_CMRG_43745	905	905	0.0
GRCh38_CMRG_44379	905	905	0.94365
GRCh38_CMRG_481	905	905	0.0
GRCh38_CMRG_65109	905	905	8e-06
GRCh38_CMRG_67373	905	905	0.0
GRCh38_CMRG_81594	905	905	0.0
GRCh38_CMRG_19566	904	904	0.0
GRCh38_CMRG_19567	904	904	0.0
GRCh38_CMRG_30769	904	904	0.073702
GRCh38_CMRG_36037	904	904	0.677823
GRCh38_CMRG_36038	904	904	0.677823
GRCh38_CMRG_50747	904	904	0.332096
GRCh38_CMRG_68659	904	904	0.0
GRCh38_CMRG_69917	904	904	0.753922
GRCh38_CMRG_69918	904	904	0.753922
GRCh38_CMRG_81895	904	904	0.718643
GRCh38_CMRG_1047	903	903	0.039036
GRCh38_CMRG_11873	903	903	0.000468
GRCh38_CMRG_25369	903	903	5.6e-05
GRCh38_CMRG_44526	903	903	0.801589
GRCh38_CMRG_44813	903	903	1.0
GRCh38_CMRG_47347	903	903	0.754653
GRCh38_CMRG_47348	903	903	0.754653
GRCh38_CMRG_50974	903	903	0.433478
GRCh38_CMRG_59919	903	903	1.0
GRCh38_CMRG_6114	903	903	0.0
GRCh38_CMRG_62183	903	903	0.750952
GRCh38_CMRG_77137	903	903	0.89459
GRCh38_CMRG_80949	903	903	0.015116
GRCh38_CMRG_118	902	902	0.0
GRCh38_CMRG_22641	902	902	0.0
GRCh38_CMRG_28721	902	902	0.0
GRCh38_CMRG_37043	902	902	0.145029
GRCh38_CMRG_37469	902	902	0.527512
GRCh38_CMRG_37470	902	902	0.527512
GRCh38_CMRG_49981	902	902	0.445923
GRCh38_CMRG_59918	902	902	1.0
GRCh38_CMRG_69892	902	902	0.016825
GRCh38_CMRG_72014	902	902	0.048324
GRCh38_CMRG_74284	902	902	0.839994
GRCh38_CMRG_7937	902	902	0.0
GRCh38_CMRG_80951	902	902	0.0
GRCh38_CMRG_81499	902	902	0.188168
GRCh38_CMRG_12843	901	901	0.0
GRCh38_CMRG_28501	901	901	0.0
GRCh38_CMRG_29716	901	901	0.000368
GRCh38_CMRG_39150	901	901	0.838889
GRCh38_CMRG_39524	901	901	0.0
GRCh38_CMRG_41904	901	901	0.595692
GRCh38_CMRG_44812	901	901	1.0
GRCh38_CMRG_45736	901	901	0.450671
GRCh38_CMRG_55324	901	901	0.0
GRCh38_CMRG_62142	901	901	0.067055
GRCh38_CMRG_64677	901	901	0.0
GRCh38_CMRG_75339	901	901	0.0
GRCh38_CMRG_7907	901	901	0.0
GRCh38_CMRG_79958	901	901	0.0
GRCh38_CMRG_81808	901	901	0.099931
GRCh38_CMRG_83319	901	901	0.916662
GRCh38_CMRG_83726	901	901	0.97042
GRCh38_CMRG_14452	900	900	0.005151
GRCh38_CMRG_17179	900	900	0.887924
GRCh38_CMRG_32477	900	900	0.71859
GRCh38_CMRG_33104	900	900	0.0
GRCh38_CMRG_47950	900	900	0.0
GRCh38_CMRG_48720	900	900	0.99915
GRCh38_CMRG_60356	900	900	0.0
GRCh38_CMRG_74891	900	900	0.320457
GRCh38_CMRG_77261	900	900	0.379531
GRCh38_CMRG_77308	900	900	0.519357
GRCh38_CMRG_13838	899	899	0.0
GRCh38_CMRG_2344	899	899	0.0
GRCh38_CMRG_25313	899	899	0.0
GRCh38_CMRG_26470	899	899	0.72292
GRCh38_CMRG_47007	899	899	0.00019
GRCh38_CMRG_54800	899	899	0.0
GRCh38_CMRG_6772	899	899	0.019774
GRCh38_CMRG_71028	899	899	0.158068
GRCh38_CMRG_9107	899	899	0.670954
GRCh38_CMRG_9290	899	899	0.000491
GRCh38_CMRG_1087	898	898	0.226516
GRCh38_CMRG_11671	898	898	0.000468
GRCh38_CMRG_11672	898	898	0.000468
GRCh38_CMRG_1198	898	898	0.007493
GRCh38_CMRG_2345	898	898	0.0
GRCh38_CMRG_26300	898	898	0.0
GRCh38_CMRG_33024	898	898	0.0
GRCh38_CMRG_33025	898	898	0.0
GRCh38_CMRG_36058	898	898	0.0
GRCh38_CMRG_45363	898	898	0.0
GRCh38_CMRG_49842	898	898	0.454474
GRCh38_CMRG_54453	898	898	0.004136
GRCh38_CMRG_54693	898	898	0.0
GRCh38_CMRG_54799	898	898	0.0
GRCh38_CMRG_63634	898	898	0.0
GRCh38_CMRG_70916	898	898	0.860443
GRCh38_CMRG_820	898	898	0.0
GRCh38_CMRG_13837	897	897	0.0
GRCh38_CMRG_37878	897	897	0.0
GRCh38_CMRG_42513	897	897	0.0
GRCh38_CMRG_45890	897	897	0.317752
GRCh38_CMRG_47443	897	897	0.496254
GRCh38_CMRG_70721	897	897	0.0
GRCh38_CMRG_73169	897	897	0.914602
GRCh38_CMRG_7985	897	897	0.089957
GRCh38_CMRG_83295	897	897	1.0
GRCh38_CMRG_83697	897	897	1.06151e-05
GRCh38_CMRG_84055	897	897	0.451452
GRCh38_CMRG_39354	896	896	0.715327
GRCh38_CMRG_49061	896	896	0.0
GRCh38_CMRG_49062	896	896	0.0
GRCh38_CMRG_509	896	896	0.79252
GRCh38_CMRG_63267	896	896	0.77333
GRCh38_CMRG_8322	896	896	0.099071
GRCh38_CMRG_17323	895	895	0.0
GRCh38_CMRG_2529	895	895	0.87363
GRCh38_CMRG_32497	895	895	0.0
GRCh38_CMRG_44587	895	895	0.360973
GRCh38_CMRG_53733	895	895	0.0
GRCh38_CMRG_58834	895	895	0.67538
GRCh38_CMRG_6128	895	895	0.503696
GRCh38_CMRG_67577	895	895	0.374929
GRCh38_CMRG_67578	895	895	0.374929
GRCh38_CMRG_79292	895	895	0.66656
GRCh38_CMRG_8143	895	895	0.0
GRCh38_CMRG_81527	895	895	0.0
GRCh38_CMRG_17085	894	894	0.701399
GRCh38_CMRG_27446	894	894	0.67871
GRCh38_CMRG_32280	894	894	0.026476
GRCh38_CMRG_32281	894	894	0.026476
GRCh38_CMRG_44941	894	894	0.019997
GRCh38_CMRG_50739	894	894	0.69917
GRCh38_CMRG_60319	894	894	0.5537
GRCh38_CMRG_6417	894	894	0.0
GRCh38_CMRG_18221	893	893	0.052302
GRCh38_CMRG_24573	893	893	0.586585
GRCh38_CMRG_39884	893	893	0.71119
GRCh38_CMRG_41479	893	893	0.448312
GRCh38_CMRG_46209	893	893	0.486835
GRCh38_CMRG_50740	893	893	0.69917
GRCh38_CMRG_68114	893	893	0.030693
GRCh38_CMRG_68166	893	893	0.032645
GRCh38_CMRG_69812	893	893	0.014799
GRCh38_CMRG_7048	893	893	0.69339
GRCh38_CMRG_79128	893	893	0.719721
GRCh38_CMRG_79133	893	893	0.602145
GRCh38_CMRG_11442	892	892	0.66916
GRCh38_CMRG_17958	892	892	0.98849
GRCh38_CMRG_33112	892	892	1.0
GRCh38_CMRG_34446	892	892	0.71675
GRCh38_CMRG_55154	892	892	7.9e-05
GRCh38_CMRG_72938	892	892	1.0
GRCh38_CMRG_80803	892	892	0.7102
GRCh38_CMRG_80804	892	892	0.7102
GRCh38_CMRG_30771	891	891	0.582884
GRCh38_CMRG_30772	891	891	0.582884
GRCh38_CMRG_45621	891	891	0.80362
GRCh38_CMRG_50976	891	891	0.0
GRCh38_CMRG_59762	891	891	0.073353
GRCh38_CMRG_65182	891	891	0.056424
GRCh38_CMRG_35751	890	890	0.715985
GRCh38_CMRG_37662	890	890	0.0
GRCh38_CMRG_41918	890	890	0.0
GRCh38_CMRG_45971	890	890	0.80913
GRCh38_CMRG_47879	890	890	0.66822
GRCh38_CMRG_50675	890	890	0.68958
GRCh38_CMRG_54113	890	890	0.00965
GRCh38_CMRG_65183	890	890	0.056424
GRCh38_CMRG_70352	890	890	0.567559
GRCh38_CMRG_74300	890	890	0.0
GRCh38_CMRG_83130	890	890	1.0
GRCh38_CMRG_27934	889	889	0.65545
GRCh38_CMRG_36439	889	889	1.0
GRCh38_CMRG_36440	889	889	1.0
GRCh38_CMRG_37734	889	889	0.0
GRCh38_CMRG_45972	889	889	0.80913
GRCh38_CMRG_54112	889	889	0.00965
GRCh38_CMRG_68854	889	889	0.000128
GRCh38_CMRG_69025	889	889	0.408745
GRCh38_CMRG_84212	889	889	0.00156346
GRCh38_CMRG_8572	889	889	0.731151
GRCh38_CMRG_16998	888	888	0.66267
GRCh38_CMRG_17192	888	888	0.0
GRCh38_CMRG_17472	888	888	0.95974
GRCh38_CMRG_17473	888	888	0.95974
GRCh38_CMRG_42269	888	888	0.74264
GRCh38_CMRG_44386	888	888	0.472331
GRCh38_CMRG_50361	888	888	1.0
GRCh38_CMRG_54640	888	888	0.184333
GRCh38_CMRG_62045	888	888	0.80798
GRCh38_CMRG_62046	888	888	0.80798
GRCh38_CMRG_64420	888	888	0.66372
GRCh38_CMRG_70287	888	888	0.0
GRCh38_CMRG_72582	888	888	0.0
GRCh38_CMRG_74091	888	888	0.70763
GRCh38_CMRG_74092	888	888	0.70763
GRCh38_CMRG_8196	888	888	0.0
GRCh38_CMRG_846	888	888	0.416655
GRCh38_CMRG_8603	888	888	0.077186
GRCh38_CMRG_33110	887	887	0.0
GRCh38_CMRG_38252	887	887	0.0
GRCh38_CMRG_63920	887	887	0.477209
GRCh38_CMRG_6711	887	887	0.0
GRCh38_CMRG_81246	887	887	0.0
GRCh38_CMRG_13056	886	886	0.059618
GRCh38_CMRG_1940	886	886	0.0
GRCh38_CMRG_21493	886	886	0.237857
GRCh38_CMRG_28614	886	886	0.0
GRCh38_CMRG_28745	886	886	0.63188
GRCh38_CMRG_35945	886	886	0.0
GRCh38_CMRG_41638	886	886	0.000193
GRCh38_CMRG_42270	886	886	0.74264
GRCh38_CMRG_44385	886	886	0.472331
GRCh38_CMRG_59974	886	886	0.001491
GRCh38_CMRG_65607	886	886	0.0
GRCh38_CMRG_65608	886	886	0.0
GRCh38_CMRG_7363	886	886	0.0
GRCh38_CMRG_21607	885	885	0.521229
GRCh38_CMRG_22917	885	885	0.576179
GRCh38_CMRG_26301	885	885	0.0
GRCh38_CMRG_29734	885	885	0.0
GRCh38_CMRG_37602	885	885	0.613825
GRCh38_CMRG_40447	885	885	0.541211
GRCh38_CMRG_45056	885	885	0.402222
GRCh38_CMRG_70531	885	885	0.0
GRCh38_CMRG_72630	885	885	0.000157
GRCh38_CMRG_13886	884	884	0.25163
GRCh38_CMRG_17739	884	884	0.002864
GRCh38_CMRG_36830	884	884	0.69515
GRCh38_CMRG_45407	884	884	0.0
GRCh38_CMRG_46770	884	884	0.0
GRCh38_CMRG_54608	884	884	0.703
GRCh38_CMRG_66386	884	884	0.0
GRCh38_CMRG_80793	884	884	0.65405
GRCh38_CMRG_80794	884	884	0.65405
GRCh38_CMRG_82189	884	884	1.0
GRCh38_CMRG_21728	883	883	0.764418
GRCh38_CMRG_69531	883	883	0.375393
GRCh38_CMRG_73453	883	883	0.0
GRCh38_CMRG_73454	883	883	0.0
GRCh38_CMRG_74329	883	883	0.0
GRCh38_CMRG_77374	883	883	1.7e-05
GRCh38_CMRG_8740	883	883	0.0
GRCh38_CMRG_11880	882	882	0.97936
GRCh38_CMRG_11881	882	882	0.97936
GRCh38_CMRG_18512	882	882	0.0
GRCh38_CMRG_28895	882	882	0.00019
GRCh38_CMRG_32030	882	882	0.0
GRCh38_CMRG_32543	882	882	0.599269
GRCh38_CMRG_36683	882	882	0.175205
GRCh38_CMRG_60291	882	882	0.024744
GRCh38_CMRG_70689	882	882	0.66527
GRCh38_CMRG_72809	882	882	1.6e-05
GRCh38_CMRG_73293	882	882	0.015891
GRCh38_CMRG_79283	882	882	0.444097
GRCh38_CMRG_79284	882	882	0.444097
GRCh38_CMRG_82737	882	882	1.0
GRCh38_CMRG_12663	881	881	0.0
GRCh38_CMRG_12664	881	881	0.0
GRCh38_CMRG_1320	881	881	0.0
GRCh38_CMRG_16962	881	881	0.489118
GRCh38_CMRG_23744	881	881	0.0
GRCh38_CMRG_27937	881	881	0.0
GRCh38_CMRG_34757	881	881	0.561188
GRCh38_CMRG_49206	881	881	0.0
GRCh38_CMRG_54643	881	881	0.0
GRCh38_CMRG_58955	881	881	0.0
GRCh38_CMRG_60295	881	881	0.0
GRCh38_CMRG_73294	881	881	0.015891
GRCh38_CMRG_77464	881	881	0.064441
GRCh38_CMRG_21927	880	880	0.505464
GRCh38_CMRG_51174	880	880	0.646766
GRCh38_CMRG_60939	880	880	0.73784
GRCh38_CMRG_69913	880	880	0.0
GRCh38_CMRG_7253	880	880	0.0
GRCh38_CMRG_17452	879	879	0.000314
GRCh38_CMRG_17479	879	879	0.73732
GRCh38_CMRG_17480	879	879	0.73732
GRCh38_CMRG_26290	879	879	0.411303
GRCh38_CMRG_50294	879	879	0.682644
GRCh38_CMRG_50295	879	879	0.682644
GRCh38_CMRG_63986	879	879	0.0
GRCh38_CMRG_7049	879	879	0.69339
GRCh38_CMRG_72697	879	879	0.285567
GRCh38_CMRG_16963	878	878	0.489118
GRCh38_CMRG_25170	878	878	0.814722
GRCh38_CMRG_2636	878	878	0.407839
GRCh38_CMRG_41893	878	878	0.009324
GRCh38_CMRG_44580	878	878	0.0
GRCh38_CMRG_50704	878	878	0.0
GRCh38_CMRG_60106	878	878	0.0
GRCh38_CMRG_69319	878	878	0.0
GRCh38_CMRG_7093	878	878	0.793163
GRCh38_CMRG_13914	877	877	0.0
GRCh38_CMRG_16668	877	877	0.0
GRCh38_CMRG_17316	877	877	0.0
GRCh38_CMRG_32471	877	877	0.73059
GRCh38_CMRG_35609	877	877	0.458648
GRCh38_CMRG_40448	877	877	0.541211
GRCh38_CMRG_59973	877	877	0.001491
GRCh38_CMRG_79350	877	877	0.65917
GRCh38_CMRG_79351	877	877	0.65917
GRCh38_CMRG_81931	877	877	0.0
GRCh38_CMRG_9189	877	877	0.69873
GRCh38_CMRG_33749	876	876	0.76205
GRCh38_CMRG_36426	876	876	0.011126
GRCh38_CMRG_41480	876	876	0.448312
GRCh38_CMRG_64644	876	876	0.65913
GRCh38_CMRG_67302	876	876	1.0
GRCh38_CMRG_67303	876	876	1.0
GRCh38_CMRG_71029	876	876	0.158068
GRCh38_CMRG_71395	876	876	0.760747
GRCh38_CMRG_84521	876	876	1.0
GRCh38_CMRG_22938	875	875	0.083744
GRCh38_CMRG_24123	875	875	0.0
GRCh38_CMRG_25301	875	875	0.0
GRCh38_CMRG_34419	875	875	0.0
GRCh38_CMRG_41099	875	875	0.491032
GRCh38_CMRG_45142	875	875	0.0
GRCh38_CMRG_70686	875	875	0.0
GRCh38_CMRG_7254	875	875	0.0
GRCh38_CMRG_74328	875	875	0.003254
GRCh38_CMRG_78962	875	875	1.0
GRCh38_CMRG_82008	875	875	0.711738
GRCh38_CMRG_82513	875	875	1.0
GRCh38_CMRG_1009	874	874	0.0
GRCh38_CMRG_38669	874	874	0.0
GRCh38_CMRG_59966	874	874	0.351627
GRCh38_CMRG_59967	874	874	0.351627
GRCh38_CMRG_65097	874	874	8e-06
GRCh38_CMRG_73355	874	874	1.6e-05
GRCh38_CMRG_73896	874	874	1.0
GRCh38_CMRG_77572	874	874	0.0
GRCh38_CMRG_82099	874	874	0.007585
GRCh38_CMRG_13041	873	873	0.000175
GRCh38_CMRG_14997	873	873	0.477211
GRCh38_CMRG_37881	873	873	0.0
GRCh38_CMRG_60381	873	873	0.0
GRCh38_CMRG_61552	873	873	0.768997
GRCh38_CMRG_72150	873	873	0.269774
GRCh38_CMRG_72151	873	873	0.269774
GRCh38_CMRG_73897	873	873	1.0
GRCh38_CMRG_80003	873	873	0.003271
GRCh38_CMRG_82376	873	873	0.96646
GRCh38_CMRG_82493	873	873	0.0
GRCh38_CMRG_82824	873	873	0.00053
GRCh38_CMRG_13594	872	872	2.4e-05
GRCh38_CMRG_22632	872	872	0.0
GRCh38_CMRG_34395	872	872	0.0
GRCh38_CMRG_37733	872	872	0.0
GRCh38_CMRG_60079	872	872	0.64579
GRCh38_CMRG_61620	872	872	0.67243
GRCh38_CMRG_63427	872	872	0.0
GRCh38_CMRG_9403	872	872	0.698093
GRCh38_CMRG_9749	872	872	0.231188
GRCh38_CMRG_23309	871	871	0.0
GRCh38_CMRG_26373	871	871	0.0
GRCh38_CMRG_26374	871	871	0.0
GRCh38_CMRG_45049	871	871	0.0
GRCh38_CMRG_65098	871	871	8e-06
GRCh38_CMRG_7023	871	871	0.835324
GRCh38_CMRG_79964	871	871	0.0
GRCh38_CMRG_83710	871	871	1.0
GRCh38_CMRG_24990	870	870	0.71918
GRCh38_CMRG_54718	870	870	0.75867
GRCh38_CMRG_71084	870	870	0.515687
GRCh38_CMRG_73240	870	870	0.001546
GRCh38_CMRG_82657	870	870	0.0
GRCh38_CMRG_9018	870	870	0.000156
GRCh38_CMRG_10874	869	869	0.047659
GRCh38_CMRG_23311	869	869	0.0
GRCh38_CMRG_24693	869	869	0.0
GRCh38_CMRG_24989	869	869	0.71918
GRCh38_CMRG_32865	869	869	0.000574
GRCh38_CMRG_36249	869	869	0.0
GRCh38_CMRG_43667	869	869	0.551221
GRCh38_CMRG_50948	869	869	0.0
GRCh38_CMRG_64773	869	869	0.688324
GRCh38_CMRG_65511	869	869	0.71184
GRCh38_CMRG_68113	869	869	0.030693
GRCh38_CMRG_70530	869	869	0.0
GRCh38_CMRG_75117	869	869	0.0
GRCh38_CMRG_9443	869	869	0.837201
GRCh38_CMRG_381	868	868	0.001198
GRCh38_CMRG_43958	868	868	0.5
GRCh38_CMRG_50880	868	868	0.611944
GRCh38_CMRG_55010	868	868	0.071339
GRCh38_CMRG_58193	868	868	0.649499
GRCh38_CMRG_58194	868	868	0.649499
GRCh38_CMRG_59646	868	868	0.684966
GRCh38_CMRG_61054	868	868	0.0
GRCh38_CMRG_72947	868	868	0.0
GRCh38_CMRG_75351	868	868	0.0
GRCh38_CMRG_7972	868	868	0.0
GRCh38_CMRG_84459	868	868	0.068373
GRCh38_CMRG_11214	867	867	0.69063
GRCh38_CMRG_14322	867	867	0.706206
GRCh38_CMRG_15374	867	867	0.0
GRCh38_CMRG_21281	867	867	0.9992
GRCh38_CMRG_25859	867	867	0.663465
GRCh38_CMRG_32092	867	867	0.000535
GRCh38_CMRG_36102	867	867	0.0
GRCh38_CMRG_37824	867	867	0.515454
GRCh38_CMRG_52035	867	867	0.74468
GRCh38_CMRG_52036	867	867	0.74468
GRCh38_CMRG_55009	867	867	0.071339
GRCh38_CMRG_59645	867	867	0.684966
GRCh38_CMRG_64239	867	867	0.622411
GRCh38_CMRG_67667	867	867	0.0
GRCh38_CMRG_7451	867	867	0.0
GRCh38_CMRG_25732	866	866	0.0
GRCh38_CMRG_25860	866	866	0.663465
GRCh38_CMRG_34641	866	866	0.493766
GRCh38_CMRG_46505	866	866	0.62504
GRCh38_CMRG_58319	866	866	0.391036
GRCh38_CMRG_70845	866	866	0.0
GRCh38_CMRG_72741	866	866	0.12042
GRCh38_CMRG_84094	866	866	0.80316
GRCh38_CMRG_1707	865	865	4.1e-05
GRCh38_CMRG_1708	865	865	4.1e-05
GRCh38_CMRG_18548	865	865	0.0
GRCh38_CMRG_19402	865	865	0.554963
GRCh38_CMRG_28472	865	865	0.0
GRCh38_CMRG_37965	865	865	0.0
GRCh38_CMRG_45132	865	865	0.389767
GRCh38_CMRG_48764	865	865	0.429617
GRCh38_CMRG_55641	865	865	0.0
GRCh38_CMRG_71584	865	865	0.0
GRCh38_CMRG_72755	865	865	0.0
GRCh38_CMRG_81495	865	865	0.81374
GRCh38_CMRG_10897	864	864	0.047659
GRCh38_CMRG_12859	864	864	0.62276
GRCh38_CMRG_41525	864	864	0.99933
GRCh38_CMRG_47721	864	864	0.0
GRCh38_CMRG_53328	864	864	0.014012
GRCh38_CMRG_54605	864	864	3.2e-05
GRCh38_CMRG_63985	864	864	0.0
GRCh38_CMRG_7566	864	864	1.0
GRCh38_CMRG_83389	864	864	0.92171
GRCh38_CMRG_13055	863	863	0.059618
GRCh38_CMRG_19564	863	863	0.0
GRCh38_CMRG_50123	863	863	0.97077
GRCh38_CMRG_54339	863	863	0.577368
GRCh38_CMRG_54340	863	863	0.577368
GRCh38_CMRG_55642	863	863	0.000312
GRCh38_CMRG_61550	863	863	0.562676
GRCh38_CMRG_61551	863	863	0.562676
GRCh38_CMRG_72476	863	863	0.0
GRCh38_CMRG_72477	863	863	0.0
GRCh38_CMRG_73570	863	863	0.64736
GRCh38_CMRG_77539	863	863	0.253501
GRCh38_CMRG_8081	863	863	0.104989
GRCh38_CMRG_81593	863	863	0.0
GRCh38_CMRG_83187	863	863	0.243562
GRCh38_CMRG_30709	862	862	0.617081
GRCh38_CMRG_380	862	862	0.001198
GRCh38_CMRG_71610	862	862	0.814612
GRCh38_CMRG_1659	861	861	0.0
GRCh38_CMRG_2246	861	861	0.207674
GRCh38_CMRG_29097	861	861	0.703825
GRCh38_CMRG_30710	861	861	0.617081
GRCh38_CMRG_37825	861	861	0.0
GRCh38_CMRG_38499	861	861	0.0
GRCh38_CMRG_45050	861	861	0.001604
GRCh38_CMRG_46283	861	861	0.001665
GRCh38_CMRG_48624	861	861	0.393955
GRCh38_CMRG_61548	861	861	0.751158
GRCh38_CMRG_61549	861	861	0.751158
GRCh38_CMRG_64292	861	861	0.762356
GRCh38_CMRG_11149	860	860	0.78026
GRCh38_CMRG_11150	860	860	0.78026
GRCh38_CMRG_26979	860	860	0.0
GRCh38_CMRG_27301	860	860	0.0
GRCh38_CMRG_39583	860	860	0.418053
GRCh38_CMRG_44753	860	860	0.454922
GRCh38_CMRG_59063	860	860	0.0
GRCh38_CMRG_68027	860	860	0.005465
GRCh38_CMRG_79336	860	860	1.0
GRCh38_CMRG_79337	860	860	1.0
GRCh38_CMRG_22227	859	859	0.68693
GRCh38_CMRG_46433	859	859	0.716572
GRCh38_CMRG_64020	859	859	0.0
GRCh38_CMRG_71587	859	859	0.640091
GRCh38_CMRG_79811	859	859	0.0
GRCh38_CMRG_9623	859	859	0.804296
GRCh38_CMRG_12522	858	858	0.85459
GRCh38_CMRG_12523	858	858	0.85459
GRCh38_CMRG_37189	858	858	0.255845
GRCh38_CMRG_45349	858	858	0.509986
GRCh38_CMRG_48404	858	858	0.000132
GRCh38_CMRG_58285	858	858	0.668536
GRCh38_CMRG_69220	858	858	0.0
GRCh38_CMRG_83018	858	858	0.80315
GRCh38_CMRG_844	858	858	0.478754
GRCh38_CMRG_9474	858	858	0.000468
GRCh38_CMRG_9475	858	858	0.000468
GRCh38_CMRG_1134	857	857	0.087731
GRCh38_CMRG_28463	857	857	0.67865
GRCh38_CMRG_30692	857	857	0.68274
GRCh38_CMRG_32983	857	857	0.0
GRCh38_CMRG_34323	857	857	0.71432
GRCh38_CMRG_34324	857	857	0.71432
GRCh38_CMRG_45613	857	857	0.668774
GRCh38_CMRG_46481	857	857	0.0
GRCh38_CMRG_50075	857	857	0.0
GRCh38_CMRG_60863	857	857	0.0
GRCh38_CMRG_12178	856	856	0.0
GRCh38_CMRG_28828	856	856	0.709219
GRCh38_CMRG_32843	856	856	0.0
GRCh38_CMRG_32984	856	856	0.0
GRCh38_CMRG_36657	856	856	0.462843
GRCh38_CMRG_36658	856	856	0.462843
GRCh38_CMRG_37219	856	856	0.60379
GRCh38_CMRG_37672	856	856	0.0
GRCh38_CMRG_44370	856	856	0.823275
GRCh38_CMRG_62561	856	856	0.0
GRCh38_CMRG_64448	856	856	0.000277
GRCh38_CMRG_76897	856	856	0.000371
GRCh38_CMRG_39664	855	855	0.61938
GRCh38_CMRG_48100	855	855	0.69438
GRCh38_CMRG_48101	855	855	0.69438
GRCh38_CMRG_54632	855	855	0.0
GRCh38_CMRG_62649	855	855	0.0
GRCh38_CMRG_70768	855	855	0.0
GRCh38_CMRG_8082	855	855	0.104989
GRCh38_CMRG_824	855	855	0.480019
GRCh38_CMRG_1135	854	854	0.087731
GRCh38_CMRG_1516	854	854	0.000357
GRCh38_CMRG_1517	854	854	0.000357
GRCh38_CMRG_27921	854	854	0.64366
GRCh38_CMRG_37502	854	854	0.614736
GRCh38_CMRG_48405	854	854	0.000132
GRCh38_CMRG_7244	854	854	0.701339
GRCh38_CMRG_72541	854	854	0.0
GRCh38_CMRG_82027	854	854	0.892186
GRCh38_CMRG_11862	853	853	0.707538
GRCh38_CMRG_14506	853	853	0.0
GRCh38_CMRG_17024	853	853	0.643657
GRCh38_CMRG_25250	853	853	0.0
GRCh38_CMRG_39750	853	853	0.0
GRCh38_CMRG_42550	853	853	0.004053
GRCh38_CMRG_5875	853	853	0.60336
GRCh38_CMRG_61282	853	853	0.0
GRCh38_CMRG_76898	853	853	0.000371
GRCh38_CMRG_82226	853	853	0.0
GRCh38_CMRG_11606	852	852	0.715734
GRCh38_CMRG_23127	852	852	0.68371
GRCh38_CMRG_23128	852	852	0.68371
GRCh38_CMRG_32012	852	852	0.0
GRCh38_CMRG_37111	852	852	0.420075
GRCh38_CMRG_49873	852	852	0.68965
GRCh38_CMRG_59614	852	852	0.8828
GRCh38_CMRG_59976	852	852	0.133284
GRCh38_CMRG_6117	852	852	0.558539
GRCh38_CMRG_67126	852	852	0.0
GRCh38_CMRG_67127	852	852	0.0
GRCh38_CMRG_68665	852	852	0.0
GRCh38_CMRG_72740	852	852	0.12042
GRCh38_CMRG_74117	852	852	0.0
GRCh38_CMRG_74118	852	852	0.0
GRCh38_CMRG_81433	852	852	0.0
GRCh38_CMRG_11646	851	851	0.001749
GRCh38_CMRG_27294	851	851	0.000428
GRCh38_CMRG_27295	851	851	0.000428
GRCh38_CMRG_28530	851	851	0.99966
GRCh38_CMRG_28566	851	851	0.05615
GRCh38_CMRG_50098	851	851	0.0
GRCh38_CMRG_55674	851	851	0.0
GRCh38_CMRG_58219	851	851	0.67069
GRCh38_CMRG_58220	851	851	0.67069
GRCh38_CMRG_60105	851	851	0.0
GRCh38_CMRG_60290	851	851	0.001375
GRCh38_CMRG_61926	851	851	0.0
GRCh38_CMRG_61927	851	851	0.0
GRCh38_CMRG_64675	851	851	0.0
GRCh38_CMRG_83885	851	851	0.83786
GRCh38_CMRG_29069	850	850	0.0
GRCh38_CMRG_34111	850	850	0.58259
GRCh38_CMRG_34355	850	850	0.62128
GRCh38_CMRG_44820	850	850	0.420231
GRCh38_CMRG_54801	850	850	0.000171
GRCh38_CMRG_58482	850	850	0.0
GRCh38_CMRG_59613	850	850	0.8828
GRCh38_CMRG_63428	850	850	0.94896
GRCh38_CMRG_72564	850	850	0.292668
GRCh38_CMRG_83718	850	850	0.0
GRCh38_CMRG_18952	849	849	0.001362
GRCh38_CMRG_20862	849	849	1.0
GRCh38_CMRG_20863	849	849	1.0
GRCh38_CMRG_22943	849	849	0.808747
GRCh38_CMRG_22955	849	849	0.712393
GRCh38_CMRG_28477	849	849	0.701075
GRCh38_CMRG_39582	849	849	0.418053
GRCh38_CMRG_41556	849	849	0.0
GRCh38_CMRG_44372	849	849	0.314045
GRCh38_CMRG_44646	849	849	0.09571
GRCh38_CMRG_46051	849	849	0.700347
GRCh38_CMRG_70351	849	849	0.007636
GRCh38_CMRG_14614	848	848	0.0
GRCh38_CMRG_15289	848	848	0.0
GRCh38_CMRG_26859	848	848	0.0
GRCh38_CMRG_29592	848	848	0.6008
GRCh38_CMRG_29593	848	848	0.6008
GRCh38_CMRG_30770	848	848	0.0
GRCh38_CMRG_35646	848	848	0.698888
GRCh38_CMRG_37537	848	848	0.433262
GRCh38_CMRG_53317	848	848	0.70044
GRCh38_CMRG_53318	848	848	0.70044
GRCh38_CMRG_53802	848	848	1.0
GRCh38_CMRG_65560	848	848	6.5e-05
GRCh38_CMRG_71338	848	848	0.83071
GRCh38_CMRG_71339	848	848	0.83071
GRCh38_CMRG_73032	848	848	0.0
GRCh38_CMRG_73033	848	848	0.0
GRCh38_CMRG_83264	848	848	0.57769
GRCh38_CMRG_84457	848	848	0.068373
GRCh38_CMRG_12146	847	847	0.656231
GRCh38_CMRG_17147	847	847	0.000911
GRCh38_CMRG_39668	847	847	0.611776
GRCh38_CMRG_39669	847	847	0.611776
GRCh38_CMRG_45482	847	847	0.0
GRCh38_CMRG_6670	847	847	0.011888
GRCh38_CMRG_69813	847	847	0.014799
GRCh38_CMRG_73249	847	847	0.474159
GRCh38_CMRG_59407	846	846	0.99984
GRCh38_CMRG_59761	846	846	0.073353
GRCh38_CMRG_6547	846	846	0.430598
GRCh38_CMRG_14993	845	845	0.865591
GRCh38_CMRG_28529	845	845	0.99966
GRCh38_CMRG_36181	845	845	0.490932
GRCh38_CMRG_37644	845	845	0.420387
GRCh38_CMRG_45376	845	845	0.0
GRCh38_CMRG_53775	845	845	0.837585
GRCh38_CMRG_65763	845	845	0.0
GRCh38_CMRG_66058	845	845	0.000119
GRCh38_CMRG_9714	845	845	0.765707
GRCh38_CMRG_26555	844	844	0.237155
GRCh38_CMRG_36026	844	844	0.0
GRCh38_CMRG_52489	844	844	0.0
GRCh38_CMRG_58665	844	844	0.0
GRCh38_CMRG_64333	844	844	0.603085
GRCh38_CMRG_6663	844	844	0.476081
GRCh38_CMRG_70451	844	844	0.253402
GRCh38_CMRG_70452	844	844	0.253402
GRCh38_CMRG_70506	844	844	0.0
GRCh38_CMRG_73614	844	844	0.0
GRCh38_CMRG_79103	844	844	0.453325
GRCh38_CMRG_83872	844	844	1.0
GRCh38_CMRG_8497	844	844	0.68938
GRCh38_CMRG_11563	843	843	0.65048
GRCh38_CMRG_11564	843	843	0.65048
GRCh38_CMRG_12479	843	843	0.002876
GRCh38_CMRG_14984	843	843	0.572744
GRCh38_CMRG_16477	843	843	0.0
GRCh38_CMRG_32145	843	843	0.728622
GRCh38_CMRG_33499	843	843	0.0
GRCh38_CMRG_47638	843	843	0.183196
GRCh38_CMRG_83169	843	843	0.0
GRCh38_CMRG_11872	842	842	0.000468
GRCh38_CMRG_13279	842	842	0.71559
GRCh38_CMRG_22541	842	842	0.706365
GRCh38_CMRG_30793	842	842	0.521698
GRCh38_CMRG_48736	842	842	1.6e-05
GRCh38_CMRG_53575	842	842	0.748354
GRCh38_CMRG_53576	842	842	0.748354
GRCh38_CMRG_6885	842	842	0.026184
GRCh38_CMRG_70578	842	842	0.0
GRCh38_CMRG_7482	842	842	0.64968
GRCh38_CMRG_84013	842	842	0.0
GRCh38_CMRG_8778	842	842	0.552451
GRCh38_CMRG_1041	841	841	0.478865
GRCh38_CMRG_15028	841	841	0.0
GRCh38_CMRG_15314	841	841	0.0
GRCh38_CMRG_27819	841	841	4.4e-05
GRCh38_CMRG_28567	841	841	0.48283
GRCh38_CMRG_36615	841	841	0.0
GRCh38_CMRG_36025	840	840	0.0
GRCh38_CMRG_37449	840	840	0.0
GRCh38_CMRG_41950	840	840	0.013498
GRCh38_CMRG_43939	840	840	0.559213
GRCh38_CMRG_48016	840	840	0.009717
GRCh38_CMRG_61975	840	840	0.69474
GRCh38_CMRG_63748	840	840	0.453526
GRCh38_CMRG_73078	840	840	0.0
GRCh38_CMRG_81599	840	840	0.000167
GRCh38_CMRG_11814	839	839	0.000468
GRCh38_CMRG_28608	839	839	0.0
GRCh38_CMRG_41870	839	839	0.0
GRCh38_CMRG_42007	839	839	0.63819
GRCh38_CMRG_42482	839	839	0.0
GRCh38_CMRG_48529	839	839	0.086458
GRCh38_CMRG_53917	839	839	0.0
GRCh38_CMRG_55671	839	839	0.0
GRCh38_CMRG_67349	839	839	1.0
GRCh38_CMRG_67350	839	839	1.0
GRCh38_CMRG_74890	839	839	0.71622
GRCh38_CMRG_79090	839	839	0.31914
GRCh38_CMRG_81498	839	839	0.188168
GRCh38_CMRG_83964	839	839	0.0
GRCh38_CMRG_10992	838	838	0.047659
GRCh38_CMRG_22705	838	838	0.754137
GRCh38_CMRG_23452	838	838	0.0
GRCh38_CMRG_41128	838	838	0.0
GRCh38_CMRG_61378	838	838	0.0
GRCh38_CMRG_63549	838	838	0.88749
GRCh38_CMRG_63550	838	838	0.88749
GRCh38_CMRG_73267	838	838	0.0
GRCh38_CMRG_75503	838	838	0.764752
GRCh38_CMRG_82989	838	838	1.0
GRCh38_CMRG_26310	837	837	0.695698
GRCh38_CMRG_29723	837	837	0.679369
GRCh38_CMRG_50956	837	837	0.67629
GRCh38_CMRG_67202	837	837	0.639422
GRCh38_CMRG_14713	836	836	0.0
GRCh38_CMRG_48246	836	836	0.454227
GRCh38_CMRG_79852	836	836	0.0
GRCh38_CMRG_14701	835	835	0.348503
GRCh38_CMRG_24524	835	835	0.0
GRCh38_CMRG_34739	835	835	0.23894
GRCh38_CMRG_48667	835	835	0.732831
GRCh38_CMRG_54603	835	835	0.770999
GRCh38_CMRG_63232	835	835	0.84479
GRCh38_CMRG_77501	835	835	0.000381
GRCh38_CMRG_197	834	834	0.261495
GRCh38_CMRG_198	834	834	0.261495
GRCh38_CMRG_21120	834	834	0.63314
GRCh38_CMRG_31252	834	834	0.339116
GRCh38_CMRG_31701	834	834	0.60776
GRCh38_CMRG_50074	834	834	0.0
GRCh38_CMRG_67278	834	834	0.558539
GRCh38_CMRG_83731	834	834	0.0
GRCh38_CMRG_22338	833	833	0.63531
GRCh38_CMRG_23302	833	833	0.0
GRCh38_CMRG_24487	833	833	0.659262
GRCh38_CMRG_42454	833	833	0.673013
GRCh38_CMRG_46534	833	833	0.0
GRCh38_CMRG_75522	833	833	0.0
GRCh38_CMRG_77606	833	833	0.0
GRCh38_CMRG_31029	832	832	0.99968
GRCh38_CMRG_31030	832	832	0.99968
GRCh38_CMRG_36128	832	832	0.0
GRCh38_CMRG_37832	832	832	0.0
GRCh38_CMRG_58929	832	832	0.64845
GRCh38_CMRG_71765	832	832	2.6e-05
GRCh38_CMRG_9751	832	832	0.000468
GRCh38_CMRG_12309	831	831	0.0
GRCh38_CMRG_14891	831	831	0.654844
GRCh38_CMRG_6085	831	831	0.630889
GRCh38_CMRG_11645	830	830	0.001749
GRCh38_CMRG_1908	830	830	0.0
GRCh38_CMRG_1909	830	830	0.0
GRCh38_CMRG_21814	830	830	0.60003
GRCh38_CMRG_22682	830	830	0.567207
GRCh38_CMRG_23989	830	830	0.075003
GRCh38_CMRG_27938	830	830	0.0
GRCh38_CMRG_38907	830	830	9.8e-05
GRCh38_CMRG_41779	830	830	0.0
GRCh38_CMRG_65559	830	830	0.0
GRCh38_CMRG_68427	830	830	0.0
GRCh38_CMRG_7509	830	830	0.0
GRCh38_CMRG_83570	830	830	1.0
GRCh38_CMRG_19229	829	829	0.0
GRCh38_CMRG_30633	829	829	0.99803
GRCh38_CMRG_31598	829	829	0.455042
GRCh38_CMRG_41118	829	829	0.83789
GRCh38_CMRG_41119	829	829	0.0
GRCh38_CMRG_47093	829	829	8.9e-05
GRCh38_CMRG_59671	829	829	0.517171
GRCh38_CMRG_62480	829	829	0.60144
GRCh38_CMRG_71621	829	829	0.64262
GRCh38_CMRG_73106	829	829	0.0
GRCh38_CMRG_73107	829	829	0.0
GRCh38_CMRG_75451	829	829	0.349585
GRCh38_CMRG_82597	829	829	0.000194
GRCh38_CMRG_83624	829	829	0.0
GRCh38_CMRG_1483	828	828	0.703125
GRCh38_CMRG_25839	828	828	0.656997
GRCh38_CMRG_2715	828	828	0.016828
GRCh38_CMRG_32096	828	828	0.0
GRCh38_CMRG_32845	828	828	1.0
GRCh38_CMRG_41074	828	828	0.649749
GRCh38_CMRG_52936	828	828	0.0
GRCh38_CMRG_70229	828	828	0.0
GRCh38_CMRG_72152	828	828	0.64688
GRCh38_CMRG_80031	828	828	0.0
GRCh38_CMRG_82598	828	828	0.000194
GRCh38_CMRG_10671	827	827	0.047659
GRCh38_CMRG_111	827	827	0.000545
GRCh38_CMRG_14712	827	827	0.58828
GRCh38_CMRG_41916	827	827	0.65669
GRCh38_CMRG_47092	827	827	8.9e-05
GRCh38_CMRG_51689	827	827	0.340425
GRCh38_CMRG_64884	827	827	0.582012
GRCh38_CMRG_67787	827	827	1.6e-05
GRCh38_CMRG_83428	827	827	0.148178
GRCh38_CMRG_84565	827	827	0.667743
GRCh38_CMRG_84566	827	827	0.667743
GRCh38_CMRG_15333	826	826	0.000142
GRCh38_CMRG_23991	826	826	0.007314
GRCh38_CMRG_27820	826	826	4.4e-05
GRCh38_CMRG_36585	826	826	0.049509
GRCh38_CMRG_37044	826	826	0.145029
GRCh38_CMRG_48528	826	826	0.086458
GRCh38_CMRG_55804	826	826	0.303637
GRCh38_CMRG_70903	826	826	0.65432
GRCh38_CMRG_75418	826	826	0.000644
GRCh38_CMRG_9415	826	826	0.000468
GRCh38_CMRG_9416	826	826	0.000468
GRCh38_CMRG_10524	825	825	0.68326
GRCh38_CMRG_1664	825	825	0.779738
GRCh38_CMRG_23894	825	825	0.0
GRCh38_CMRG_30788	825	825	1e-05
GRCh38_CMRG_45656	825	825	0.790755
GRCh38_CMRG_45657	825	825	0.790755
GRCh38_CMRG_55256	825	825	0.000536
GRCh38_CMRG_59975	825	825	0.133284
GRCh38_CMRG_64691	825	825	0.0
GRCh38_CMRG_706	825	825	0.99968
GRCh38_CMRG_707	825	825	0.99968
GRCh38_CMRG_71331	825	825	0.0218
GRCh38_CMRG_74208	825	825	0.0
GRCh38_CMRG_74749	825	825	0.029705
GRCh38_CMRG_80030	825	825	0.0
GRCh38_CMRG_22185	824	824	0.403602
GRCh38_CMRG_29678	824	824	0.952406
GRCh38_CMRG_30789	824	824	1e-05
GRCh38_CMRG_51601	824	824	0.424569
GRCh38_CMRG_52068	824	824	0.131605
GRCh38_CMRG_65565	824	824	0.391236
GRCh38_CMRG_15558	823	823	0.72383
GRCh38_CMRG_15559	823	823	0.72383
GRCh38_CMRG_18814	823	823	0.000486
GRCh38_CMRG_25405	823	823	0.612079
GRCh38_CMRG_49592	823	823	0.0
GRCh38_CMRG_74078	823	823	0.97976
GRCh38_CMRG_81768	823	823	0.0
GRCh38_CMRG_9154	823	823	0.6278
GRCh38_CMRG_9155	823	823	0.6278
GRCh38_CMRG_10779	822	822	0.257088
GRCh38_CMRG_17190	822	822	0.142236
GRCh38_CMRG_19990	822	822	0.592419
GRCh38_CMRG_26072	822	822	0.64907
GRCh38_CMRG_29905	822	822	0.657098
GRCh38_CMRG_52864	822	822	0.779634
GRCh38_CMRG_68634	822	822	0.61487
GRCh38_CMRG_69530	822	822	0.375393
GRCh38_CMRG_72079	822	822	0.65438
GRCh38_CMRG_72080	822	822	0.65438
GRCh38_CMRG_43963	821	821	0.62516
GRCh38_CMRG_45009	821	821	0.75452
GRCh38_CMRG_50617	821	821	0.61728
GRCh38_CMRG_59481	821	821	0.297173
GRCh38_CMRG_65801	821	821	0.0
GRCh38_CMRG_73390	821	821	0.244411
GRCh38_CMRG_83529	821	821	0.0
GRCh38_CMRG_2230	820	820	0.88075
GRCh38_CMRG_22975	820	820	0.0
GRCh38_CMRG_24352	820	820	0.764648
GRCh38_CMRG_37551	820	820	0.408055
GRCh38_CMRG_42394	820	820	0.658876
GRCh38_CMRG_42395	820	820	0.658876
GRCh38_CMRG_43924	820	820	0.386266
GRCh38_CMRG_49746	820	820	0.769371
GRCh38_CMRG_51189	820	820	0.0
GRCh38_CMRG_535	820	820	0.0
GRCh38_CMRG_536	820	820	0.0
GRCh38_CMRG_62115	820	820	0.307508
GRCh38_CMRG_14923	819	819	4e-05
GRCh38_CMRG_1745	819	819	0.0
GRCh38_CMRG_1760	819	819	9.9e-05
GRCh38_CMRG_24148	819	819	0.0
GRCh38_CMRG_24149	819	819	0.0
GRCh38_CMRG_38062	819	819	0.0
GRCh38_CMRG_39847	819	819	0.56264
GRCh38_CMRG_49747	819	819	0.769371
GRCh38_CMRG_6057	819	819	0.0
GRCh38_CMRG_61563	819	819	5.7e-05
GRCh38_CMRG_71202	819	819	0.0
GRCh38_CMRG_72725	819	819	0.485014
GRCh38_CMRG_73619	819	819	0.485834
GRCh38_CMRG_75523	819	819	0.0
GRCh38_CMRG_82050	819	819	0.61927
GRCh38_CMRG_11178	818	818	0.047659
GRCh38_CMRG_1758	818	818	0.000192
GRCh38_CMRG_34015	818	818	0.443022
GRCh38_CMRG_37516	818	818	0.0
GRCh38_CMRG_43964	818	818	0.62556
GRCh38_CMRG_53496	818	818	0.0
GRCh38_CMRG_61010	818	818	0.62015
GRCh38_CMRG_84499	818	818	0.0
GRCh38_CMRG_9152	818	818	0.000468
GRCh38_CMRG_9153	818	818	0.000468
GRCh38_CMRG_11785	817	817	0.000468
GRCh38_CMRG_12210	817	817	0.0
GRCh38_CMRG_1958	817	817	0.677537
GRCh38_CMRG_1959	817	817	0.677537
GRCh38_CMRG_23306	817	817	0.0
GRCh38_CMRG_26340	817	817	0.00035
GRCh38_CMRG_28136	817	817	0.000486
GRCh38_CMRG_31269	817	817	0.57671
GRCh38_CMRG_38997	817	817	0.315385
GRCh38_CMRG_39821	817	817	0.60099
GRCh38_CMRG_84208	817	817	1.0
GRCh38_CMRG_9067	817	817	0.585701
GRCh38_CMRG_1197	816	816	0.007493
GRCh38_CMRG_13948	816	816	0.58733
GRCh38_CMRG_14764	816	816	0.571027
GRCh38_CMRG_1817	816	816	0.467958
GRCh38_CMRG_1971	816	816	0.58507
GRCh38_CMRG_2148	816	816	0.029123
GRCh38_CMRG_23790	816	816	0.0
GRCh38_CMRG_24358	816	816	0.0
GRCh38_CMRG_29906	816	816	0.657098
GRCh38_CMRG_37887	816	816	0.580451
GRCh38_CMRG_67468	816	816	1.0
GRCh38_CMRG_67469	816	816	1.0
GRCh38_CMRG_68397	816	816	0.0
GRCh38_CMRG_9303	816	816	0.78554
GRCh38_CMRG_23011	815	815	0.0
GRCh38_CMRG_24094	815	815	0.078871
GRCh38_CMRG_2714	815	815	0.016828
GRCh38_CMRG_41873	815	815	0.60836
GRCh38_CMRG_42405	815	815	0.769164
GRCh38_CMRG_67825	815	815	0.001832
GRCh38_CMRG_77104	815	815	0.624536
GRCh38_CMRG_16515	814	814	0.59765
GRCh38_CMRG_2348	814	814	0.0
GRCh38_CMRG_24093	814	814	0.078871
GRCh38_CMRG_37188	814	814	0.004197
GRCh38_CMRG_37635	814	814	0.976747
GRCh38_CMRG_46578	814	814	0.65386
GRCh38_CMRG_47938	814	814	0.599108
GRCh38_CMRG_50775	814	814	0.240438
GRCh38_CMRG_55305	814	814	0.0
GRCh38_CMRG_72765	814	814	0.0
GRCh38_CMRG_25946	813	813	2.5e-05
GRCh38_CMRG_31126	813	813	0.78864
GRCh38_CMRG_31127	813	813	0.78864
GRCh38_CMRG_31628	813	813	0.0
GRCh38_CMRG_38061	813	813	0.0
GRCh38_CMRG_48259	813	813	0.0
GRCh38_CMRG_61846	813	813	0.00629
GRCh38_CMRG_78971	813	813	0.799542
GRCh38_CMRG_79746	813	813	0.0
GRCh38_CMRG_11867	812	812	0.000468
GRCh38_CMRG_12250	812	812	0.095817
GRCh38_CMRG_22642	812	812	0.50413
GRCh38_CMRG_26003	812	812	0.000222
GRCh38_CMRG_28417	812	812	0.014463
GRCh38_CMRG_28418	812	812	0.014463
GRCh38_CMRG_28990	812	812	2.5e-05
GRCh38_CMRG_30616	812	812	0.0
GRCh38_CMRG_31399	812	812	1.0
GRCh38_CMRG_41329	812	812	0.59447
GRCh38_CMRG_41330	812	812	0.59447
GRCh38_CMRG_41780	812	812	0.0
GRCh38_CMRG_47666	812	812	0.790319
GRCh38_CMRG_49395	812	812	0.683196
GRCh38_CMRG_54140	812	812	0.004407
GRCh38_CMRG_55404	812	812	0.0
GRCh38_CMRG_59480	812	812	0.297173
GRCh38_CMRG_63364	812	812	0.614945
GRCh38_CMRG_84337	812	812	0.0
GRCh38_CMRG_9305	812	812	0.99457
GRCh38_CMRG_10957	811	811	0.231814
GRCh38_CMRG_2349	811	811	0.0
GRCh38_CMRG_29091	811	811	0.729245
GRCh38_CMRG_46310	811	811	1.0
GRCh38_CMRG_65825	811	811	0.0
GRCh38_CMRG_65826	811	811	0.0
GRCh38_CMRG_17992	810	810	0.0
GRCh38_CMRG_22335	810	810	0.0
GRCh38_CMRG_52891	810	810	0.591542
GRCh38_CMRG_52892	810	810	0.591542
GRCh38_CMRG_54372	810	810	0.731395
GRCh38_CMRG_54811	810	810	0.0
GRCh38_CMRG_55583	810	810	0.0
GRCh38_CMRG_73794	810	810	0.0
GRCh38_CMRG_7562	810	810	0.494324
GRCh38_CMRG_84338	810	810	0.0
GRCh38_CMRG_26060	809	809	0.804556
GRCh38_CMRG_31415	809	809	0.65997
GRCh38_CMRG_34039	809	809	0.419607
GRCh38_CMRG_34040	809	809	0.419607
GRCh38_CMRG_34642	809	809	0.493766
GRCh38_CMRG_58481	809	809	0.0
GRCh38_CMRG_59159	809	809	0.77012
GRCh38_CMRG_82024	809	809	0.892186
GRCh38_CMRG_13126	808	808	0.0
GRCh38_CMRG_19587	808	808	0.0
GRCh38_CMRG_40372	808	808	0.59076
GRCh38_CMRG_46254	808	808	0.99967
GRCh38_CMRG_50478	808	808	0.406806
GRCh38_CMRG_51935	808	808	0.321857
GRCh38_CMRG_54641	808	808	0.184333
GRCh38_CMRG_58489	808	808	0.0
GRCh38_CMRG_69490	808	808	0.442915
GRCh38_CMRG_71688	808	808	0.011924
GRCh38_CMRG_72425	808	808	0.001438
GRCh38_CMRG_72426	808	808	0.001438
GRCh38_CMRG_72774	808	808	0.339941
GRCh38_CMRG_80026	808	808	4.2e-05
GRCh38_CMRG_81804	808	808	0.471941
GRCh38_CMRG_8321	808	808	0.099071
GRCh38_CMRG_83788	808	808	0.0
GRCh38_CMRG_14575	807	807	0.432393
GRCh38_CMRG_23413	807	807	0.0
GRCh38_CMRG_32473	807	807	0.0
GRCh38_CMRG_36586	807	807	0.0
GRCh38_CMRG_45553	807	807	0.433776
GRCh38_CMRG_48782	807	807	5.9e-05
GRCh38_CMRG_54348	807	807	3.2e-05
GRCh38_CMRG_58986	807	807	0.71166
GRCh38_CMRG_71024	807	807	0.025908
GRCh38_CMRG_9517	807	807	0.000468
GRCh38_CMRG_28194	806	806	8.7e-05
GRCh38_CMRG_28829	806	806	0.59693
GRCh38_CMRG_49656	806	806	9.6e-05
GRCh38_CMRG_53305	806	806	0.57852
GRCh38_CMRG_63650	806	806	0.516815
GRCh38_CMRG_69491	806	806	0.442915
GRCh38_CMRG_70594	806	806	0.0
GRCh38_CMRG_7561	806	806	0.494324
GRCh38_CMRG_77194	806	806	0.0
GRCh38_CMRG_77195	806	806	0.0
GRCh38_CMRG_15290	805	805	0.0
GRCh38_CMRG_21936	805	805	0.237857
GRCh38_CMRG_25256	805	805	0.0
GRCh38_CMRG_31053	805	805	0.487668
GRCh38_CMRG_33026	805	805	0.0
GRCh38_CMRG_37184	805	805	3.8e-05
GRCh38_CMRG_44091	805	805	0.189635
GRCh38_CMRG_48125	805	805	0.659044
GRCh38_CMRG_53302	805	805	0.0
GRCh38_CMRG_5534	805	805	0.0
GRCh38_CMRG_83967	805	805	0.0
GRCh38_CMRG_19228	804	804	0.111527
GRCh38_CMRG_24886	804	804	0.0
GRCh38_CMRG_24887	804	804	0.0
GRCh38_CMRG_39805	804	804	0.755542
GRCh38_CMRG_50479	804	804	0.406806
GRCh38_CMRG_53108	804	804	0.675677
GRCh38_CMRG_60875	804	804	0.0
GRCh38_CMRG_60876	804	804	0.0
GRCh38_CMRG_6611	804	804	0.657818
GRCh38_CMRG_72427	804	804	0.0
GRCh38_CMRG_79243	804	804	0.018092
GRCh38_CMRG_27254	803	803	0.652857
GRCh38_CMRG_29650	803	803	0.147958
GRCh38_CMRG_47920	803	803	0.0
GRCh38_CMRG_48531	803	803	0.086458
GRCh38_CMRG_52393	803	803	8e-06
GRCh38_CMRG_6401	803	803	0.58317
GRCh38_CMRG_79030	803	803	0.67685
GRCh38_CMRG_79863	803	803	0.0
GRCh38_CMRG_83129	803	803	1.0
GRCh38_CMRG_83173	803	803	0.679662
GRCh38_CMRG_11966	802	802	0.653933
GRCh38_CMRG_11967	802	802	0.653933
GRCh38_CMRG_2084	802	802	0.97335
GRCh38_CMRG_28473	802	802	0.0
GRCh38_CMRG_28834	802	802	0.56885
GRCh38_CMRG_28835	802	802	0.56885
GRCh38_CMRG_29211	802	802	0.66257
GRCh38_CMRG_32598	802	802	0.0
GRCh38_CMRG_37597	802	802	0.733041
GRCh38_CMRG_42407	802	802	0.000179
GRCh38_CMRG_52392	802	802	0.559632
GRCh38_CMRG_53629	802	802	0.001915
GRCh38_CMRG_55086	802	802	0.0
GRCh38_CMRG_67623	802	802	0.64583
GRCh38_CMRG_72601	802	802	0.0
GRCh38_CMRG_10950	801	801	0.047659
GRCh38_CMRG_1147	801	801	0.0
GRCh38_CMRG_1148	801	801	0.0
GRCh38_CMRG_12718	801	801	0.61907
GRCh38_CMRG_12888	801	801	0.623787
GRCh38_CMRG_14669	801	801	0.0
GRCh38_CMRG_33043	801	801	0.0
GRCh38_CMRG_38247	801	801	0.0
GRCh38_CMRG_48131	801	801	0.270892
GRCh38_CMRG_52379	801	801	0.002208
GRCh38_CMRG_58561	801	801	0.0
GRCh38_CMRG_6113	801	801	0.0
GRCh38_CMRG_68965	801	801	0.235323
GRCh38_CMRG_70996	801	801	0.737312
GRCh38_CMRG_71582	801	801	1.9e-05
GRCh38_CMRG_81604	801	801	0.687
GRCh38_CMRG_83556	801	801	0.477833
GRCh38_CMRG_13863	800	800	0.56051
GRCh38_CMRG_2903	800	800	0.086325
GRCh38_CMRG_48124	800	800	0.659044
GRCh38_CMRG_50860	800	800	0.0
GRCh38_CMRG_52409	800	800	0.00055
GRCh38_CMRG_55844	800	800	0.0
GRCh38_CMRG_7143	800	800	0.0
GRCh38_CMRG_72659	800	800	0.505464
GRCh38_CMRG_23134	799	799	0.58146
GRCh38_CMRG_2902	799	799	0.086325
GRCh38_CMRG_29857	799	799	0.922727
GRCh38_CMRG_31650	799	799	0.0
GRCh38_CMRG_43923	799	799	0.386266
GRCh38_CMRG_48783	799	799	0.000156
GRCh38_CMRG_9350	799	799	0.53457
GRCh38_CMRG_44750	798	798	0.62886
GRCh38_CMRG_579	798	798	0.0
GRCh38_CMRG_63216	798	798	0.798004
GRCh38_CMRG_65490	798	798	0.0
GRCh38_CMRG_69358	798	798	0.58724
GRCh38_CMRG_7205	798	798	0.542295
GRCh38_CMRG_72825	798	798	0.0
GRCh38_CMRG_72990	798	798	0.0
GRCh38_CMRG_72991	798	798	0.0
GRCh38_CMRG_82640	798	798	0.311492
GRCh38_CMRG_9537	798	798	0.648424
GRCh38_CMRG_9538	798	798	0.648424
GRCh38_CMRG_14740	797	797	0.0
GRCh38_CMRG_17414	797	797	0.0
GRCh38_CMRG_34222	797	797	0.0
GRCh38_CMRG_38071	797	797	0.0
GRCh38_CMRG_58065	797	797	0.0
GRCh38_CMRG_6259	797	797	0.0
GRCh38_CMRG_70214	797	797	1.0
GRCh38_CMRG_70215	797	797	1.0
GRCh38_CMRG_70643	797	797	0.478985
GRCh38_CMRG_73878	797	797	8e-06
GRCh38_CMRG_81435	797	797	0.0
GRCh38_CMRG_27776	796	796	8e-06
GRCh38_CMRG_27777	796	796	8e-06
GRCh38_CMRG_29303	796	796	0.64057
GRCh38_CMRG_29304	796	796	0.64057
GRCh38_CMRG_47404	796	796	0.059006
GRCh38_CMRG_47584	796	796	0.00079
GRCh38_CMRG_48521	796	796	0.697235
GRCh38_CMRG_58361	796	796	0.359488
GRCh38_CMRG_61767	796	796	0.60953
GRCh38_CMRG_62521	796	796	0.0
GRCh38_CMRG_72457	796	796	0.0
GRCh38_CMRG_1520	795	795	2.4e-05
GRCh38_CMRG_38289	795	795	3.4e-05
GRCh38_CMRG_38430	795	795	8e-06
GRCh38_CMRG_39500	795	795	0.604127
GRCh38_CMRG_40054	795	795	0.5967
GRCh38_CMRG_44081	795	795	0.0
GRCh38_CMRG_49980	795	795	0.445923
GRCh38_CMRG_70050	795	795	0.60527
GRCh38_CMRG_70627	795	795	0.0
GRCh38_CMRG_73879	795	795	8e-06
GRCh38_CMRG_74892	795	795	0.320457
GRCh38_CMRG_83536	795	795	0.0
GRCh38_CMRG_11536	794	794	0.000468
GRCh38_CMRG_17928	794	794	0.5963
GRCh38_CMRG_47405	794	794	0.059006
GRCh38_CMRG_63826	794	794	0.55102
GRCh38_CMRG_70798	794	794	0.064615
GRCh38_CMRG_73132	794	794	0.0
GRCh38_CMRG_75226	794	794	0.0
GRCh38_CMRG_75227	794	794	0.0
GRCh38_CMRG_17408	793	793	0.714884
GRCh38_CMRG_17409	793	793	0.714884
GRCh38_CMRG_26707	793	793	0.765507
GRCh38_CMRG_29007	793	793	0.613029
GRCh38_CMRG_29008	793	793	0.613029
GRCh38_CMRG_30639	793	793	0.70151
GRCh38_CMRG_32296	793	793	0.0
GRCh38_CMRG_39371	793	793	0.217429
GRCh38_CMRG_47587	793	793	0.543553
GRCh38_CMRG_50564	793	793	0.0
GRCh38_CMRG_67826	793	793	0.001832
GRCh38_CMRG_7625	793	793	0.76629
GRCh38_CMRG_12652	792	792	0.664247
GRCh38_CMRG_12653	792	792	0.664247
GRCh38_CMRG_23654	792	792	0.115372
GRCh38_CMRG_2764	792	792	0.603839
GRCh38_CMRG_28619	792	792	0.0
GRCh38_CMRG_30592	792	792	0.0
GRCh38_CMRG_37605	792	792	0.532887
GRCh38_CMRG_48567	792	792	1.0
GRCh38_CMRG_51101	792	792	0.000661
GRCh38_CMRG_61108	792	792	0.638962
GRCh38_CMRG_643	792	792	0.412738
GRCh38_CMRG_14668	791	791	0.0
GRCh38_CMRG_18721	791	791	0.74273
GRCh38_CMRG_21988	791	791	0.56527
GRCh38_CMRG_21989	791	791	0.56527
GRCh38_CMRG_2397	791	791	0.0
GRCh38_CMRG_25312	791	791	0.0
GRCh38_CMRG_27178	791	791	0.588738
GRCh38_CMRG_27638	791	791	0.0
GRCh38_CMRG_27639	791	791	0.0
GRCh38_CMRG_30591	791	791	0.0
GRCh38_CMRG_32737	791	791	0.0
GRCh38_CMRG_45785	791	791	0.237865
GRCh38_CMRG_52716	791	791	0.0
GRCh38_CMRG_63998	791	791	0.556895
GRCh38_CMRG_83741	791	791	0.546098
GRCh38_CMRG_9076	791	791	0.682867
GRCh38_CMRG_10942	790	790	0.047659
GRCh38_CMRG_22388	790	790	0.0
GRCh38_CMRG_22531	790	790	0.0
GRCh38_CMRG_37538	790	790	0.212927
GRCh38_CMRG_52368	790	790	0.153464
GRCh38_CMRG_84454	790	790	0.068373
GRCh38_CMRG_13930	789	789	0.58092
GRCh38_CMRG_17764	789	789	0.75289
GRCh38_CMRG_19547	789	789	0.499219
GRCh38_CMRG_29533	789	789	0.58362
GRCh38_CMRG_40965	789	789	0.56677
GRCh38_CMRG_43682	789	789	0.0
GRCh38_CMRG_58457	789	789	0.260169
GRCh38_CMRG_58490	789	789	0.0
GRCh38_CMRG_69471	789	789	0.0
GRCh38_CMRG_81967	789	789	0.0
GRCh38_CMRG_83550	789	789	0.0
GRCh38_CMRG_84021	789	789	0.0
GRCh38_CMRG_19936	788	788	0.0
GRCh38_CMRG_34864	788	788	0.8694
GRCh38_CMRG_38330	788	788	0.000759
GRCh38_CMRG_45506	788	788	0.822887
GRCh38_CMRG_47401	788	788	0.059006
GRCh38_CMRG_47632	788	788	0.55948
GRCh38_CMRG_53	788	788	0.0
GRCh38_CMRG_69031	788	788	0.0
GRCh38_CMRG_7487	788	788	0.0
GRCh38_CMRG_16483	787	787	4.3e-05
GRCh38_CMRG_23223	787	787	0.58017
GRCh38_CMRG_28564	787	787	0.0
GRCh38_CMRG_33268	787	787	0.0
GRCh38_CMRG_38332	787	787	0.0
GRCh38_CMRG_38333	787	787	0.0
GRCh38_CMRG_41012	787	787	0.534811
GRCh38_CMRG_47171	787	787	0.695388
GRCh38_CMRG_48729	787	787	0.0
GRCh38_CMRG_49416	787	787	0.000312
GRCh38_CMRG_50350	787	787	1.0
GRCh38_CMRG_50351	787	787	1.0
GRCh38_CMRG_50618	787	787	0.61728
GRCh38_CMRG_52002	787	787	0.016306
GRCh38_CMRG_62323	787	787	0.0
GRCh38_CMRG_70333	787	787	0.006738
GRCh38_CMRG_77534	787	787	1.0
GRCh38_CMRG_1164	786	786	0.0
GRCh38_CMRG_14659	786	786	0.99984
GRCh38_CMRG_14660	786	786	0.99984
GRCh38_CMRG_16458	786	786	0.670916
GRCh38_CMRG_17259	786	786	0.0
GRCh38_CMRG_17260	786	786	0.0
GRCh38_CMRG_21375	786	786	0.237857
GRCh38_CMRG_21417	786	786	0.619473
GRCh38_CMRG_23307	786	786	0.0
GRCh38_CMRG_28518	786	786	0.58862
GRCh38_CMRG_41363	786	786	0.0
GRCh38_CMRG_45377	786	786	0.0
GRCh38_CMRG_68722	786	786	0.0
GRCh38_CMRG_73063	786	786	0.000117
GRCh38_CMRG_81560	786	786	0.000727
GRCh38_CMRG_13824	785	785	0.5713
GRCh38_CMRG_2859	785	785	0.68237
GRCh38_CMRG_44927	785	785	0.567378
GRCh38_CMRG_44928	785	785	0.567378
GRCh38_CMRG_585	785	785	0.035162
GRCh38_CMRG_58781	785	785	0.0
GRCh38_CMRG_59936	785	785	0.0
GRCh38_CMRG_642	785	785	0.0
GRCh38_CMRG_75569	785	785	0.57291
GRCh38_CMRG_81570	785	785	0.0
GRCh38_CMRG_83571	785	785	0.0457857
GRCh38_CMRG_129	784	784	0.421343
GRCh38_CMRG_1450	784	784	0.000359
GRCh38_CMRG_17313	784	784	0.743983
GRCh38_CMRG_27734	784	784	0.68167
GRCh38_CMRG_29649	784	784	0.147958
GRCh38_CMRG_39513	784	784	0.787648
GRCh38_CMRG_41787	784	784	0.0
GRCh38_CMRG_48533	784	784	0.086458
GRCh38_CMRG_5808	784	784	0.0
GRCh38_CMRG_75367	784	784	0.54704
GRCh38_CMRG_82821	784	784	0.393738
GRCh38_CMRG_82822	784	784	0.393738
GRCh38_CMRG_23578	783	783	0.0
GRCh38_CMRG_41364	783	783	0.0
GRCh38_CMRG_42251	783	783	0.558069
GRCh38_CMRG_51817	783	783	0.00046
GRCh38_CMRG_83544	783	783	0.565217
GRCh38_CMRG_84163	783	783	1.0
GRCh38_CMRG_11683	782	782	0.649136
GRCh38_CMRG_15601	782	782	0.0
GRCh38_CMRG_25328	782	782	0.666926
GRCh38_CMRG_25329	782	782	0.666926
GRCh38_CMRG_28145	782	782	0.0
GRCh38_CMRG_30768	782	782	0.611445
GRCh38_CMRG_33168	782	782	0.0
GRCh38_CMRG_33267	782	782	0.048869
GRCh38_CMRG_62242	782	782	0.77839
GRCh38_CMRG_14931	781	781	0.054009
GRCh38_CMRG_36422	781	781	0.051826
GRCh38_CMRG_41871	781	781	0.0
GRCh38_CMRG_42158	781	781	0.519494
GRCh38_CMRG_59430	781	781	0.56639
GRCh38_CMRG_67236	781	781	0.0
GRCh38_CMRG_68121	781	781	0.0
GRCh38_CMRG_9289	781	781	0.000491
GRCh38_CMRG_10805	780	780	0.210526
GRCh38_CMRG_13125	780	780	0.628446
GRCh38_CMRG_17489	780	780	0.558097
GRCh38_CMRG_34694	780	780	0.0
GRCh38_CMRG_55496	780	780	0.000978
GRCh38_CMRG_61800	780	780	0.54513
GRCh38_CMRG_73820	780	780	0.99648
GRCh38_CMRG_75432	780	780	0.0
GRCh38_CMRG_27891	779	779	0.170728
GRCh38_CMRG_42509	779	779	0.0
GRCh38_CMRG_59661	779	779	0.0
GRCh38_CMRG_60349	779	779	0.0
GRCh38_CMRG_60865	779	779	0.0
GRCh38_CMRG_72536	779	779	0.000908
GRCh38_CMRG_72946	779	779	0.0
GRCh38_CMRG_1073	778	778	1.0
GRCh38_CMRG_1074	778	778	1.0
GRCh38_CMRG_17413	778	778	0.0
GRCh38_CMRG_24385	778	778	0.0
GRCh38_CMRG_31472	778	778	0.72391
GRCh38_CMRG_36335	778	778	0.0
GRCh38_CMRG_71094	778	778	0.0
GRCh38_CMRG_1000	777	777	0.478395
GRCh38_CMRG_32373	777	777	0.0
GRCh38_CMRG_37895	777	777	0.0
GRCh38_CMRG_38597	777	777	0.574949
GRCh38_CMRG_41788	777	777	0.0
GRCh38_CMRG_47238	777	777	0.410346
GRCh38_CMRG_59498	777	777	0.57609
GRCh38_CMRG_59768	777	777	0.504683
GRCh38_CMRG_6578	777	777	0.683122
GRCh38_CMRG_1321	776	776	0.0
GRCh38_CMRG_18021	776	776	0.0
GRCh38_CMRG_21757	776	776	0.237857
GRCh38_CMRG_36411	776	776	0.068732
GRCh38_CMRG_37862	776	776	0.017129
GRCh38_CMRG_37896	776	776	0.0
GRCh38_CMRG_46123	776	776	0.63038
GRCh38_CMRG_59940	776	776	0.01202
GRCh38_CMRG_59941	776	776	0.01202
GRCh38_CMRG_72581	776	776	0.297846
GRCh38_CMRG_82450	776	776	0.0
GRCh38_CMRG_11965	775	775	0.000468
GRCh38_CMRG_16646	775	775	0.0
GRCh38_CMRG_24304	775	775	8e-06
GRCh38_CMRG_2710	775	775	0.0
GRCh38_CMRG_33039	775	775	0.0
GRCh38_CMRG_36729	775	775	0.0
GRCh38_CMRG_50315	775	775	8e-06
GRCh38_CMRG_51747	775	775	0.597738
GRCh38_CMRG_52267	775	775	0.0
GRCh38_CMRG_58605	775	775	0.55971
GRCh38_CMRG_63421	775	775	0.521479
GRCh38_CMRG_6667	775	775	0.014263
GRCh38_CMRG_71963	775	775	0.0
GRCh38_CMRG_71964	775	775	0.0
GRCh38_CMRG_72580	775	775	0.297846
GRCh38_CMRG_72899	775	775	0.140766
GRCh38_CMRG_14655	774	774	0.56118
GRCh38_CMRG_1579	774	774	0.0
GRCh38_CMRG_18041	774	774	0.51344
GRCh38_CMRG_18042	774	774	0.51344
GRCh38_CMRG_28425	774	774	0.0
GRCh38_CMRG_38755	774	774	0.572989
GRCh38_CMRG_38951	774	774	0.579214
GRCh38_CMRG_41789	774	774	0.0
GRCh38_CMRG_42344	774	774	0.0
GRCh38_CMRG_44244	774	774	0.57445
GRCh38_CMRG_47997	774	774	0.54606
GRCh38_CMRG_51947	774	774	0.0
GRCh38_CMRG_72758	774	774	0.0
GRCh38_CMRG_7325	774	774	0.76177
GRCh38_CMRG_83220	774	774	0.0
GRCh38_CMRG_83429	774	774	8.36031e-05
GRCh38_CMRG_11508	773	773	0.60247
GRCh38_CMRG_21582	773	773	0.54037
GRCh38_CMRG_24268	773	773	0.0
GRCh38_CMRG_41951	773	773	0.013498
GRCh38_CMRG_60994	773	773	0.663571
GRCh38_CMRG_6577	773	773	0.683122
GRCh38_CMRG_70796	773	773	0.064615
GRCh38_CMRG_79307	773	773	0.674212
GRCh38_CMRG_82571	773	773	0.87822
GRCh38_CMRG_82572	773	773	0.87822
GRCh38_CMRG_19565	772	772	0.0
GRCh38_CMRG_25090	772	772	0.59612
GRCh38_CMRG_39070	772	772	0.451099
GRCh38_CMRG_41473	772	772	0.0
GRCh38_CMRG_42149	772	772	0.0
GRCh38_CMRG_47823	772	772	0.0
GRCh38_CMRG_54334	772	772	0.435739
GRCh38_CMRG_67115	772	772	0.0
GRCh38_CMRG_13167	771	771	0.450515
GRCh38_CMRG_21249	771	771	0.237857
GRCh38_CMRG_21285	771	771	0.54592
GRCh38_CMRG_25298	771	771	0.357366
GRCh38_CMRG_25897	771	771	0.001616
GRCh38_CMRG_27324	771	771	0.99336
GRCh38_CMRG_31997	771	771	0.003548
GRCh38_CMRG_33038	771	771	0.428973
GRCh38_CMRG_39443	771	771	0.363181
GRCh38_CMRG_41811	771	771	3.3e-05
GRCh38_CMRG_42598	771	771	0.720106
GRCh38_CMRG_53930	771	771	0.0
GRCh38_CMRG_59095	771	771	0.0
GRCh38_CMRG_72446	771	771	0.0
GRCh38_CMRG_72542	771	771	0.0
GRCh38_CMRG_8132	771	771	0.0
GRCh38_CMRG_18728	770	770	0.214111
GRCh38_CMRG_19905	770	770	0.639398
GRCh38_CMRG_22698	770	770	0.0
GRCh38_CMRG_28430	770	770	0.399596
GRCh38_CMRG_50133	770	770	0.639454
GRCh38_CMRG_53847	770	770	0.676552
GRCh38_CMRG_59338	770	770	0.595399
GRCh38_CMRG_61966	770	770	0.0
GRCh38_CMRG_68420	770	770	0.0
GRCh38_CMRG_76638	770	770	0.016046
GRCh38_CMRG_32336	769	769	0.705073
GRCh38_CMRG_37831	769	769	0.59478
GRCh38_CMRG_60959	769	769	0.462067
GRCh38_CMRG_62321	769	769	0.0
GRCh38_CMRG_64125	769	769	0.95824
GRCh38_CMRG_64126	769	769	0.95824
GRCh38_CMRG_77590	769	769	0.385956
GRCh38_CMRG_1190	768	768	0.0
GRCh38_CMRG_16516	768	768	0.0
GRCh38_CMRG_16517	768	768	0.0
GRCh38_CMRG_21623	768	768	0.87638
GRCh38_CMRG_21624	768	768	0.87638
GRCh38_CMRG_36428	768	768	0.0
GRCh38_CMRG_36561	768	768	0.386414
GRCh38_CMRG_54017	768	768	0.0
GRCh38_CMRG_54018	768	768	0.0
GRCh38_CMRG_58838	768	768	0.0
GRCh38_CMRG_70209	768	768	0.0
GRCh38_CMRG_7109	768	768	0.613461
GRCh38_CMRG_73163	768	768	0.0
GRCh38_CMRG_75242	768	768	0.509054
GRCh38_CMRG_76746	768	768	0.004557
GRCh38_CMRG_80071	768	768	0.0
GRCh38_CMRG_8521	768	768	8e-06
GRCh38_CMRG_17915	767	767	0.0
GRCh38_CMRG_21758	767	767	0.237857
GRCh38_CMRG_42510	767	767	0.0
GRCh38_CMRG_47679	767	767	0.005152
GRCh38_CMRG_73042	767	767	0.164927
GRCh38_CMRG_83427	767	767	0.0
GRCh38_CMRG_83559	767	767	0.698797
GRCh38_CMRG_84490	767	767	0.518053
GRCh38_CMRG_17991	766	766	0.0
GRCh38_CMRG_18395	766	766	0.0
GRCh38_CMRG_30894	766	766	0.545199
GRCh38_CMRG_40032	766	766	0.59065
GRCh38_CMRG_43993	766	766	0.541898
GRCh38_CMRG_43994	766	766	0.541898
GRCh38_CMRG_44913	766	766	0.0
GRCh38_CMRG_53344	766	766	0.591568
GRCh38_CMRG_584	766	766	0.035162
GRCh38_CMRG_59871	766	766	0.0
GRCh38_CMRG_59872	766	766	0.0
GRCh38_CMRG_83431	766	766	0.0
GRCh38_CMRG_9113	766	766	0.564759
GRCh38_CMRG_17919	765	765	0.360517
GRCh38_CMRG_19227	765	765	0.111527
GRCh38_CMRG_2042	765	765	0.230996
GRCh38_CMRG_30669	765	765	0.460673
GRCh38_CMRG_33346	765	765	0.0
GRCh38_CMRG_33654	765	765	0.001336
GRCh38_CMRG_45581	765	765	0.56909
GRCh38_CMRG_52184	765	765	1.0
GRCh38_CMRG_58712	765	765	0.000996
GRCh38_CMRG_62499	765	765	0.0
GRCh38_CMRG_7888	765	765	0.0
GRCh38_CMRG_18387	764	764	0.0
GRCh38_CMRG_19909	764	764	0.598088
GRCh38_CMRG_23036	764	764	0.54524
GRCh38_CMRG_24575	764	764	0.0
GRCh38_CMRG_2851	764	764	0.591996
GRCh38_CMRG_58334	764	764	0.387958
GRCh38_CMRG_82025	764	764	0.892186
GRCh38_CMRG_2213	763	763	0.00035
GRCh38_CMRG_38175	763	763	0.0
GRCh38_CMRG_44292	763	763	0.99899
GRCh38_CMRG_44581	763	763	0.0
GRCh38_CMRG_48117	763	763	0.55239
GRCh38_CMRG_54356	763	763	0.169151
GRCh38_CMRG_54748	763	763	0.99169
GRCh38_CMRG_59102	763	763	0.53695
GRCh38_CMRG_61709	763	763	0.0
GRCh38_CMRG_63630	763	763	0.632031
GRCh38_CMRG_78889	763	763	0.018092
GRCh38_CMRG_8074	763	763	0.0
GRCh38_CMRG_83400	763	763	0.85998
GRCh38_CMRG_26731	762	762	0.005877
GRCh38_CMRG_29769	762	762	0.712428
GRCh38_CMRG_36016	762	762	0.50778
GRCh38_CMRG_36275	762	762	0.462334
GRCh38_CMRG_41379	762	762	0.51424
GRCh38_CMRG_41923	762	762	0.434931
GRCh38_CMRG_52615	762	762	0.41449
GRCh38_CMRG_59103	762	762	0.53695
GRCh38_CMRG_68026	762	762	2.4e-05
GRCh38_CMRG_80805	762	762	0.55624
GRCh38_CMRG_80806	762	762	0.55624
GRCh38_CMRG_81429	762	762	0.641658
GRCh38_CMRG_13872	761	761	0.071262
GRCh38_CMRG_13873	761	761	0.071262
GRCh38_CMRG_19810	761	761	0.27188
GRCh38_CMRG_26079	761	761	0.0
GRCh38_CMRG_27691	761	761	0.492791
GRCh38_CMRG_31462	761	761	0.0
GRCh38_CMRG_38127	761	761	0.0
GRCh38_CMRG_49018	761	761	2e-05
GRCh38_CMRG_58342	761	761	0.0
GRCh38_CMRG_64612	761	761	0.203332
GRCh38_CMRG_7599	761	761	0.54623
GRCh38_CMRG_81905	761	761	0.025095
GRCh38_CMRG_21649	760	760	0.237857
GRCh38_CMRG_23647	760	760	0.58127
GRCh38_CMRG_26454	760	760	0.363253
GRCh38_CMRG_31571	760	760	0.517622
GRCh38_CMRG_38419	760	760	0.0
GRCh38_CMRG_44963	760	760	0.0
GRCh38_CMRG_66100	760	760	0.0
GRCh38_CMRG_72804	760	760	0.0
GRCh38_CMRG_7546	760	760	0.0
GRCh38_CMRG_76747	760	760	0.004557
GRCh38_CMRG_79012	760	760	0.82966
GRCh38_CMRG_39577	759	759	0.161401
GRCh38_CMRG_41922	759	759	0.434931
GRCh38_CMRG_79708	759	759	0.0
GRCh38_CMRG_83418	759	759	0.66502
GRCh38_CMRG_83716	759	759	0.0
GRCh38_CMRG_84557	759	759	0.0
GRCh38_CMRG_17187	758	758	0.66421
GRCh38_CMRG_17188	758	758	0.66421
GRCh38_CMRG_22102	758	758	0.77677
GRCh38_CMRG_29195	758	758	0.61157
GRCh38_CMRG_33462	758	758	0.0
GRCh38_CMRG_47265	758	758	0.552842
GRCh38_CMRG_61875	758	758	0.436489
GRCh38_CMRG_74876	758	758	0.0
GRCh38_CMRG_77126	758	758	0.0
GRCh38_CMRG_79525	758	758	0.501513
GRCh38_CMRG_79972	758	758	0.0
GRCh38_CMRG_83817	758	758	2.08455e-05
GRCh38_CMRG_12605	757	757	0.549892
GRCh38_CMRG_13037	757	757	0.54106
GRCh38_CMRG_18962	757	757	0.0
GRCh38_CMRG_20871	757	757	0.0
GRCh38_CMRG_23414	757	757	0.0
GRCh38_CMRG_36998	757	757	0.502842
GRCh38_CMRG_39308	757	757	0.0
GRCh38_CMRG_52614	757	757	0.41449
GRCh38_CMRG_65605	757	757	8e-06
GRCh38_CMRG_65606	757	757	8e-06
GRCh38_CMRG_7317	757	757	8e-06
GRCh38_CMRG_75415	757	757	0.0
GRCh38_CMRG_77327	757	757	0.710299
GRCh38_CMRG_9134	757	757	0.000468
GRCh38_CMRG_16525	756	756	0.03718
GRCh38_CMRG_23558	756	756	0.000405
GRCh38_CMRG_2542	756	756	0.642562
GRCh38_CMRG_43806	756	756	0.0
GRCh38_CMRG_44175	756	756	0.816421
GRCh38_CMRG_47205	756	756	0.448619
GRCh38_CMRG_47454	756	756	0.563485
GRCh38_CMRG_51337	756	756	0.0
GRCh38_CMRG_64944	756	756	0.0
GRCh38_CMRG_65194	756	756	1e-05
GRCh38_CMRG_77179	756	756	0.0
GRCh38_CMRG_77579	756	756	0.99946
GRCh38_CMRG_13971	755	755	0.0
GRCh38_CMRG_29966	755	755	0.5294
GRCh38_CMRG_31930	755	755	0.53193
GRCh38_CMRG_32613	755	755	0.002175
GRCh38_CMRG_37867	755	755	0.0
GRCh38_CMRG_38148	755	755	0.0
GRCh38_CMRG_38149	755	755	0.0
GRCh38_CMRG_38290	755	755	0.0
GRCh38_CMRG_39370	755	755	0.032375
GRCh38_CMRG_46208	755	755	0.486835
GRCh38_CMRG_5780	755	755	8e-05
GRCh38_CMRG_62190	755	755	0.51101
GRCh38_CMRG_66960	755	755	0.003935
GRCh38_CMRG_82163	755	755	0.0
GRCh38_CMRG_83346	755	755	0.000983785
GRCh38_CMRG_1189	754	754	0.000251
GRCh38_CMRG_12369	754	754	0.53908
GRCh38_CMRG_18248	754	754	0.0
GRCh38_CMRG_18902	754	754	0.0
GRCh38_CMRG_23246	754	754	0.657308
GRCh38_CMRG_27314	754	754	0.0
GRCh38_CMRG_39152	754	754	0.0
GRCh38_CMRG_50256	754	754	1.0
GRCh38_CMRG_74162	754	754	1.0
GRCh38_CMRG_83653	754	754	0.0
GRCh38_CMRG_18231	753	753	0.336826
GRCh38_CMRG_23646	753	753	0.0
GRCh38_CMRG_30014	753	753	8e-05
GRCh38_CMRG_32963	753	753	0.0
GRCh38_CMRG_33633	753	753	0.0
GRCh38_CMRG_36425	753	753	0.126168
GRCh38_CMRG_50332	753	753	0.0
GRCh38_CMRG_51396	753	753	0.559093
GRCh38_CMRG_59127	753	753	0.6284
GRCh38_CMRG_6290	753	753	0.0
GRCh38_CMRG_76833	753	753	0.053893
GRCh38_CMRG_82301	753	753	0.000213
GRCh38_CMRG_10951	752	752	0.047659
GRCh38_CMRG_14755	752	752	0.0
GRCh38_CMRG_16452	752	752	0.011931
GRCh38_CMRG_2641	752	752	0.98145
GRCh38_CMRG_36160	752	752	0.0
GRCh38_CMRG_37926	752	752	0.0
GRCh38_CMRG_39686	752	752	0.550514
GRCh38_CMRG_41431	752	752	0.0
GRCh38_CMRG_51569	752	752	0.57839
GRCh38_CMRG_54194	752	752	0.302366
GRCh38_CMRG_58473	752	752	0.206172
GRCh38_CMRG_62113	752	752	0.307508
GRCh38_CMRG_62578	752	752	1.0
GRCh38_CMRG_63491	752	752	0.0
GRCh38_CMRG_64975	752	752	0.0
GRCh38_CMRG_69032	752	752	0.0
GRCh38_CMRG_77580	752	752	0.348086
GRCh38_CMRG_82164	752	752	0.0
GRCh38_CMRG_9428	752	752	0.569005
GRCh38_CMRG_17813	751	751	0.52348
GRCh38_CMRG_29305	751	751	0.0
GRCh38_CMRG_29306	751	751	0.0
GRCh38_CMRG_36801	751	751	0.411588
GRCh38_CMRG_40068	751	751	0.580306
GRCh38_CMRG_52918	751	751	0.008602
GRCh38_CMRG_59146	751	751	0.0
GRCh38_CMRG_59147	751	751	0.0
GRCh38_CMRG_64260	751	751	0.508681
GRCh38_CMRG_70392	751	751	0.000627
GRCh38_CMRG_72665	751	751	0.0
GRCh38_CMRG_82302	751	751	0.0
GRCh38_CMRG_23415	750	750	0.0
GRCh38_CMRG_2713	750	750	0.0
GRCh38_CMRG_32082	750	750	0.0
GRCh38_CMRG_37627	750	750	0.0
GRCh38_CMRG_39576	750	750	0.161401
GRCh38_CMRG_49327	750	750	0.0
GRCh38_CMRG_49516	750	750	1.0
GRCh38_CMRG_49517	750	750	1.0
GRCh38_CMRG_52126	750	750	0.59469
GRCh38_CMRG_53457	750	750	0.9781
GRCh38_CMRG_53458	750	750	0.9781
GRCh38_CMRG_67169	750	750	0.0
GRCh38_CMRG_72949	750	750	0.0
GRCh38_CMRG_73105	750	750	0.0
GRCh38_CMRG_1001	749	749	0.478395
GRCh38_CMRG_10564	749	749	0.000468
GRCh38_CMRG_28512	749	749	0.0
GRCh38_CMRG_32475	749	749	0.0
GRCh38_CMRG_47677	749	749	0.005152
GRCh38_CMRG_59684	749	749	0.71793
GRCh38_CMRG_65372	749	749	0.584642
GRCh38_CMRG_67962	749	749	2.4e-05
GRCh38_CMRG_7320	749	749	0.007037
GRCh38_CMRG_74283	749	749	0.54296
GRCh38_CMRG_82377	749	749	5.6e-05
GRCh38_CMRG_8370	749	749	0.663841
GRCh38_CMRG_23332	748	748	0.0
GRCh38_CMRG_30796	748	748	1.0
GRCh38_CMRG_43019	748	748	0.0
GRCh38_CMRG_46332	748	748	0.681742
GRCh38_CMRG_47676	748	748	0.005152
GRCh38_CMRG_50108	748	748	0.587389
GRCh38_CMRG_51100	748	748	0.000661
GRCh38_CMRG_52094	748	748	0.0
GRCh38_CMRG_79919	748	748	0.0
GRCh38_CMRG_14890	747	747	0.564323
GRCh38_CMRG_16526	747	747	0.03718
GRCh38_CMRG_19165	747	747	0.0
GRCh38_CMRG_34729	747	747	0.671978
GRCh38_CMRG_34730	747	747	0.671978
GRCh38_CMRG_37714	747	747	0.035767
GRCh38_CMRG_63422	747	747	0.521479
GRCh38_CMRG_68720	747	747	0.199852
GRCh38_CMRG_68721	747	747	0.199852
GRCh38_CMRG_72988	747	747	0.370768
GRCh38_CMRG_79247	747	747	0.018092
GRCh38_CMRG_10804	746	746	0.210526
GRCh38_CMRG_18911	746	746	0.0
GRCh38_CMRG_34481	746	746	0.528466
GRCh38_CMRG_42253	746	746	0.50691
GRCh38_CMRG_42254	746	746	0.50691
GRCh38_CMRG_58708	746	746	0.0
GRCh38_CMRG_59853	746	746	0.0
GRCh38_CMRG_65526	746	746	0.0
GRCh38_CMRG_68448	746	746	0.0
GRCh38_CMRG_73104	746	746	0.0
GRCh38_CMRG_79132	746	746	0.49536
GRCh38_CMRG_8144	746	746	0.162786
GRCh38_CMRG_8145	746	746	0.162786
GRCh38_CMRG_28078	745	745	0.704331
GRCh38_CMRG_43946	745	745	0.53953
GRCh38_CMRG_50766	745	745	0.543444
GRCh38_CMRG_50767	745	745	0.543444
GRCh38_CMRG_50814	745	745	0.5759
GRCh38_CMRG_65952	745	745	0.000125
GRCh38_CMRG_80016	745	745	0.0
GRCh38_CMRG_82248	745	745	0.0
GRCh38_CMRG_8656	745	745	0.526141
GRCh38_CMRG_8657	745	745	0.526141
GRCh38_CMRG_11689	744	744	0.544539
GRCh38_CMRG_12392	744	744	0.512629
GRCh38_CMRG_28279	744	744	0.59539
GRCh38_CMRG_28280	744	744	0.59539
GRCh38_CMRG_36424	744	744	0.126168
GRCh38_CMRG_39539	744	744	0.52535
GRCh38_CMRG_45536	744	744	0.0
GRCh38_CMRG_50091	744	744	0.599665
GRCh38_CMRG_50092	744	744	0.599665
GRCh38_CMRG_50815	744	744	0.5759
GRCh38_CMRG_54328	744	744	1.7e-05
GRCh38_CMRG_59778	744	744	1.0
GRCh38_CMRG_67994	744	744	0.0
GRCh38_CMRG_72386	744	744	0.0
GRCh38_CMRG_72387	744	744	0.0
GRCh38_CMRG_77125	744	744	0.000878
GRCh38_CMRG_77375	744	744	1.7e-05
GRCh38_CMRG_79384	744	744	0.072005
GRCh38_CMRG_84303	744	744	0.0
GRCh38_CMRG_10888	743	743	0.52683
GRCh38_CMRG_49183	743	743	0.0
GRCh38_CMRG_49683	743	743	0.0
GRCh38_CMRG_51380	743	743	0.516246
GRCh38_CMRG_51405	743	743	0.0
GRCh38_CMRG_52078	743	743	0.0
GRCh38_CMRG_55664	743	743	0.0
GRCh38_CMRG_72043	743	743	0.000233
GRCh38_CMRG_79868	743	743	0.0
GRCh38_CMRG_83417	743	743	0.204682
GRCh38_CMRG_25201	742	742	0.000389
GRCh38_CMRG_25202	742	742	0.000389
GRCh38_CMRG_31902	742	742	0.412472
GRCh38_CMRG_42594	742	742	0.429285
GRCh38_CMRG_55693	742	742	0.0
GRCh38_CMRG_68080	742	742	0.0
GRCh38_CMRG_69390	742	742	0.714533
GRCh38_CMRG_22390	741	741	0.003738
GRCh38_CMRG_25846	741	741	0.0
GRCh38_CMRG_29153	741	741	0.56826
GRCh38_CMRG_30715	741	741	0.0
GRCh38_CMRG_50990	741	741	0.0
GRCh38_CMRG_51000	741	741	1.0
GRCh38_CMRG_55228	741	741	0.98736
GRCh38_CMRG_61847	741	741	0.00629
GRCh38_CMRG_82357	741	741	0.0
GRCh38_CMRG_9079	741	741	0.456759
GRCh38_CMRG_1696	740	740	0.217298
GRCh38_CMRG_24271	740	740	0.0
GRCh38_CMRG_36057	740	740	0.0
GRCh38_CMRG_48535	740	740	0.086458
GRCh38_CMRG_59305	740	740	6.6e-05
GRCh38_CMRG_70231	740	740	0.0
GRCh38_CMRG_7316	740	740	0.0
GRCh38_CMRG_83560	740	740	0.0
GRCh38_CMRG_25299	739	739	0.357366
GRCh38_CMRG_48051	739	739	0.0
GRCh38_CMRG_50022	739	739	8e-06
GRCh38_CMRG_60579	739	739	0.0
GRCh38_CMRG_77378	739	739	0.0
GRCh38_CMRG_82368	739	739	0.68231
GRCh38_CMRG_10729	738	738	0.558062
GRCh38_CMRG_1222	738	738	0.0
GRCh38_CMRG_13510	738	738	0.190279
GRCh38_CMRG_13960	738	738	0.0
GRCh38_CMRG_33622	738	738	0.0
GRCh38_CMRG_33937	738	738	0.54952
GRCh38_CMRG_36222	738	738	0.588382
GRCh38_CMRG_37124	738	738	0.98185
GRCh38_CMRG_43805	738	738	0.0
GRCh38_CMRG_44407	738	738	0.32363
GRCh38_CMRG_48868	738	738	0.0
GRCh38_CMRG_55374	738	738	0.014184
GRCh38_CMRG_60172	738	738	0.0
GRCh38_CMRG_62432	738	738	0.049629
GRCh38_CMRG_65953	738	738	0.0
GRCh38_CMRG_68317	738	738	0.0
GRCh38_CMRG_7764	738	738	0.618416
GRCh38_CMRG_79707	738	738	0.0
GRCh38_CMRG_80037	738	738	0.0
GRCh38_CMRG_31776	737	737	0.50063
GRCh38_CMRG_50333	737	737	0.0
GRCh38_CMRG_51764	737	737	0.630325
GRCh38_CMRG_52418	737	737	0.0
GRCh38_CMRG_53530	737	737	0.30714
GRCh38_CMRG_58472	737	737	0.206172
GRCh38_CMRG_59815	737	737	0.052514
GRCh38_CMRG_69024	737	737	0.408745
GRCh38_CMRG_70135	737	737	0.339437
GRCh38_CMRG_7330	737	737	0.0
GRCh38_CMRG_74477	737	737	0.0
GRCh38_CMRG_84288	737	737	0.74002
GRCh38_CMRG_27784	736	736	0.51347
GRCh38_CMRG_35738	736	736	0.521962
GRCh38_CMRG_38910	736	736	0.0
GRCh38_CMRG_49444	736	736	0.0
GRCh38_CMRG_60583	736	736	0.0
GRCh38_CMRG_68610	736	736	0.0
GRCh38_CMRG_84195	736	736	0.764117
GRCh38_CMRG_13238	735	735	0.0
GRCh38_CMRG_23418	735	735	0.803405
GRCh38_CMRG_28713	735	735	0.0
GRCh38_CMRG_36297	735	735	0.330631
GRCh38_CMRG_37967	735	735	0.0
GRCh38_CMRG_44293	735	735	0.0
GRCh38_CMRG_58695	735	735	0.256085
GRCh38_CMRG_62522	735	735	0.0
GRCh38_CMRG_65056	735	735	0.000127
GRCh38_CMRG_67064	735	735	0.482497
GRCh38_CMRG_67065	735	735	0.482497
GRCh38_CMRG_74209	735	735	0.67369
GRCh38_CMRG_74210	735	735	0.67369
GRCh38_CMRG_75629	735	735	0.0
GRCh38_CMRG_77652	735	735	0.503268
GRCh38_CMRG_79751	735	735	0.0
GRCh38_CMRG_9557	735	735	0.543302
GRCh38_CMRG_12337	734	734	0.0
GRCh38_CMRG_15600	734	734	0.0
GRCh38_CMRG_18904	734	734	0.0
GRCh38_CMRG_19351	734	734	0.337532
GRCh38_CMRG_25894	734	734	0.027285
GRCh38_CMRG_31133	734	734	0.0
GRCh38_CMRG_39335	734	734	0.246962
GRCh38_CMRG_52836	734	734	0.0
GRCh38_CMRG_64214	734	734	0.0
GRCh38_CMRG_6829	734	734	0.0
GRCh38_CMRG_14585	733	733	0.027162
GRCh38_CMRG_19660	733	733	0.581
GRCh38_CMRG_30646	733	733	0.0
GRCh38_CMRG_38911	733	733	0.0
GRCh38_CMRG_44406	733	733	0.32363
GRCh38_CMRG_44639	733	733	0.51887
GRCh38_CMRG_44640	733	733	0.51887
GRCh38_CMRG_49285	733	733	0.0
GRCh38_CMRG_51026	733	733	0.581052
GRCh38_CMRG_53262	733	733	0.562296
GRCh38_CMRG_55115	733	733	0.706598
GRCh38_CMRG_60182	733	733	7.1e-05
GRCh38_CMRG_68434	733	733	0.095896
GRCh38_CMRG_70436	733	733	0.0
GRCh38_CMRG_72756	733	733	0.0
GRCh38_CMRG_12338	732	732	0.0
GRCh38_CMRG_22398	732	732	0.549258
GRCh38_CMRG_36494	732	732	0.488414
GRCh38_CMRG_38424	732	732	0.0
GRCh38_CMRG_51099	732	732	0.0
GRCh38_CMRG_62535	732	732	0.030197
GRCh38_CMRG_62536	732	732	0.030197
GRCh38_CMRG_65480	732	732	0.434471
GRCh38_CMRG_73263	732	732	0.0
GRCh38_CMRG_76604	732	732	0.0
GRCh38_CMRG_79046	732	732	0.464114
GRCh38_CMRG_79047	732	732	0.464114
GRCh38_CMRG_84497	732	732	1.04225e-05
GRCh38_CMRG_15553	731	731	0.548457
GRCh38_CMRG_22421	731	731	0.559893
GRCh38_CMRG_32627	731	731	0.72645
GRCh38_CMRG_32628	731	731	0.72645
GRCh38_CMRG_45580	731	731	0.0
GRCh38_CMRG_49749	731	731	0.517695
GRCh38_CMRG_65481	731	731	0.434471
GRCh38_CMRG_65585	731	731	0.0
GRCh38_CMRG_81647	731	731	0.0
GRCh38_CMRG_81648	731	731	0.0
GRCh38_CMRG_12257	730	730	0.0
GRCh38_CMRG_36730	730	730	0.0
GRCh38_CMRG_60584	730	730	0.0
GRCh38_CMRG_74528	730	730	1.0
GRCh38_CMRG_79690	730	730	0.0
GRCh38_CMRG_832	730	730	0.40863
GRCh38_CMRG_17383	729	729	0.302434
GRCh38_CMRG_33106	729	729	0.0
GRCh38_CMRG_39816	729	729	0.59247
GRCh38_CMRG_39817	729	729	0.59247
GRCh38_CMRG_44841	729	729	0.009814
GRCh38_CMRG_449	729	729	0.0
GRCh38_CMRG_45474	729	729	0.0
GRCh38_CMRG_50076	729	729	0.66462
GRCh38_CMRG_50626	729	729	0.641758
GRCh38_CMRG_63277	729	729	0.291871
GRCh38_CMRG_63305	729	729	0.0
GRCh38_CMRG_71114	729	729	0.0
GRCh38_CMRG_74779	729	729	0.53268
GRCh38_CMRG_82549	729	729	0.0
GRCh38_CMRG_13455	728	728	0.0
GRCh38_CMRG_1420	728	728	0.0
GRCh38_CMRG_1421	728	728	0.0
GRCh38_CMRG_1431	728	728	0.367447
GRCh38_CMRG_2783	728	728	0.040061
GRCh38_CMRG_28972	728	728	0.58175
GRCh38_CMRG_31595	728	728	0.56663
GRCh38_CMRG_33455	728	728	0.0
GRCh38_CMRG_33880	728	728	0.0
GRCh38_CMRG_37038	728	728	0.63034
GRCh38_CMRG_37628	728	728	0.0
GRCh38_CMRG_38948	728	728	4.8e-05
GRCh38_CMRG_55663	728	728	0.0
GRCh38_CMRG_68092	728	728	0.0
GRCh38_CMRG_72005	728	728	5.1e-05
GRCh38_CMRG_9601	728	728	0.001891
GRCh38_CMRG_17731	727	727	0.737536
GRCh38_CMRG_28400	727	727	0.0
GRCh38_CMRG_28429	727	727	0.399596
GRCh38_CMRG_37952	727	727	0.0
GRCh38_CMRG_45104	727	727	0.006777
GRCh38_CMRG_51538	727	727	0.0
GRCh38_CMRG_77338	727	727	0.000274
GRCh38_CMRG_15017	726	726	0.0
GRCh38_CMRG_24574	726	726	0.0
GRCh38_CMRG_31572	726	726	0.517622
GRCh38_CMRG_31873	726	726	0.535363
GRCh38_CMRG_34656	726	726	0.523953
GRCh38_CMRG_43726	726	726	0.87941
GRCh38_CMRG_61492	726	726	0.0
GRCh38_CMRG_74008	726	726	0.0
GRCh38_CMRG_76781	726	726	0.0
GRCh38_CMRG_9715	726	726	0.765707
GRCh38_CMRG_22579	725	725	0.0
GRCh38_CMRG_24856	725	725	0.638106
GRCh38_CMRG_24857	725	725	0.638106
GRCh38_CMRG_39666	725	725	0.399946
GRCh38_CMRG_41143	725	725	0.99492
GRCh38_CMRG_55581	725	725	0.502411
GRCh38_CMRG_58174	725	725	0.58884
GRCh38_CMRG_58671	725	725	0.47758
GRCh38_CMRG_58672	725	725	0.47758
GRCh38_CMRG_59512	725	725	0.515766
GRCh38_CMRG_711	725	725	0.044727
GRCh38_CMRG_71623	725	725	0.659307
GRCh38_CMRG_73241	725	725	0.0
GRCh38_CMRG_79529	725	725	0.0
GRCh38_CMRG_81561	725	725	0.0
GRCh38_CMRG_82504	725	725	0.0
GRCh38_CMRG_82505	725	725	0.0
GRCh38_CMRG_83115	725	725	0.0
GRCh38_CMRG_11543	724	724	0.525801
GRCh38_CMRG_24474	724	724	0.0
GRCh38_CMRG_24650	724	724	0.0
GRCh38_CMRG_34350	724	724	0.0
GRCh38_CMRG_38638	724	724	0.0
GRCh38_CMRG_47207	724	724	0.448619
GRCh38_CMRG_47211	724	724	0.575231
GRCh38_CMRG_49601	724	724	0.178941
GRCh38_CMRG_54139	724	724	0.004407
GRCh38_CMRG_6390	724	724	0.0
GRCh38_CMRG_8517	724	724	0.668163
GRCh38_CMRG_8518	724	724	0.668163
GRCh38_CMRG_28443	723	723	0.0
GRCh38_CMRG_31773	723	723	0.0
GRCh38_CMRG_58983	723	723	0.578244
GRCh38_CMRG_6762	723	723	0.0
GRCh38_CMRG_71037	723	723	0.0
GRCh38_CMRG_73261	723	723	0.0
GRCh38_CMRG_8369	723	723	0.0
GRCh38_CMRG_84144	723	723	0.0
GRCh38_CMRG_26587	722	722	0.53177
GRCh38_CMRG_33463	722	722	0.0
GRCh38_CMRG_40427	722	722	0.508208
GRCh38_CMRG_50953	722	722	0.600346
GRCh38_CMRG_54426	722	722	0.0
GRCh38_CMRG_55380	722	722	0.861446
GRCh38_CMRG_55525	722	722	0.000686
GRCh38_CMRG_70568	722	722	0.096205
GRCh38_CMRG_71988	722	722	0.467954
GRCh38_CMRG_77280	722	722	0.0
GRCh38_CMRG_8015	722	722	0.82259
GRCh38_CMRG_84150	722	722	0.0
GRCh38_CMRG_18864	721	721	0.0
GRCh38_CMRG_29653	721	721	0.65016
GRCh38_CMRG_33099	721	721	0.0
GRCh38_CMRG_33850	721	721	0.014815
GRCh38_CMRG_36605	721	721	0.499659
GRCh38_CMRG_37436	721	721	0.249702
GRCh38_CMRG_38297	721	721	0.0
GRCh38_CMRG_55497	721	721	0.000978
GRCh38_CMRG_63644	721	721	0.385109
GRCh38_CMRG_68316	721	721	0.0
GRCh38_CMRG_73064	721	721	0.0
GRCh38_CMRG_73292	721	721	0.0
GRCh38_CMRG_77640	721	721	0.0
GRCh38_CMRG_83960	721	721	0.0
GRCh38_CMRG_13542	720	720	0.003903
GRCh38_CMRG_15588	720	720	0.0
GRCh38_CMRG_32939	720	720	0.218824
GRCh38_CMRG_37437	720	720	0.249702
GRCh38_CMRG_37948	720	720	0.0
GRCh38_CMRG_51782	720	720	0.043516
GRCh38_CMRG_58259	720	720	1.0
GRCh38_CMRG_68750	720	720	0.48366
GRCh38_CMRG_71063	720	720	0.0
GRCh38_CMRG_79038	720	720	0.145606
GRCh38_CMRG_83634	720	720	0.0
GRCh38_CMRG_21332	719	719	0.237857
GRCh38_CMRG_28126	719	719	0.0
GRCh38_CMRG_28156	719	719	5e-05
GRCh38_CMRG_34070	719	719	0.0
GRCh38_CMRG_76590	719	719	0.49552
GRCh38_CMRG_33924	718	718	0.0
GRCh38_CMRG_44330	718	718	0.0
GRCh38_CMRG_45605	718	718	0.432765
GRCh38_CMRG_45606	718	718	0.432765
GRCh38_CMRG_55116	718	718	0.00014
GRCh38_CMRG_6047	718	718	0.5
GRCh38_CMRG_77127	718	718	0.0
GRCh38_CMRG_77250	718	718	7.9e-05
GRCh38_CMRG_82049	718	718	0.61927
GRCh38_CMRG_10894	717	717	0.047659
GRCh38_CMRG_12383	717	717	0.482928
GRCh38_CMRG_14598	717	717	0.541552
GRCh38_CMRG_19120	717	717	0.0
GRCh38_CMRG_27439	717	717	0.442086
GRCh38_CMRG_2782	717	717	0.0
GRCh38_CMRG_32943	717	717	0.0
GRCh38_CMRG_363	717	717	0.0
GRCh38_CMRG_47059	717	717	6.4e-05
GRCh38_CMRG_51705	717	717	0.519184
GRCh38_CMRG_52590	717	717	0.51665
GRCh38_CMRG_58261	717	717	0.016964
GRCh38_CMRG_66103	717	717	0.0
GRCh38_CMRG_6666	717	717	0.014263
GRCh38_CMRG_19882	716	716	1.0
GRCh38_CMRG_22683	716	716	0.0
GRCh38_CMRG_28508	716	716	0.0
GRCh38_CMRG_41025	716	716	0.0
GRCh38_CMRG_50054	716	716	0.481278
GRCh38_CMRG_52869	716	716	0.637529
GRCh38_CMRG_53552	716	716	0.581944
GRCh38_CMRG_55028	716	716	0.0
GRCh38_CMRG_55457	716	716	0.745166
GRCh38_CMRG_58258	716	716	1.0
GRCh38_CMRG_66104	716	716	0.0
GRCh38_CMRG_13040	715	715	0.000175
GRCh38_CMRG_18865	715	715	0.890851
GRCh38_CMRG_19880	715	715	1.0
GRCh38_CMRG_19966	715	715	0.721654
GRCh38_CMRG_37947	715	715	0.0
GRCh38_CMRG_44003	715	715	0.0
GRCh38_CMRG_44972	715	715	0.670875
GRCh38_CMRG_45390	715	715	0.020811
GRCh38_CMRG_48739	715	715	0.0
GRCh38_CMRG_49060	715	715	0.0
GRCh38_CMRG_65197	715	715	0.0
GRCh38_CMRG_68796	715	715	0.0
GRCh38_CMRG_72276	715	715	0.000524
GRCh38_CMRG_8070	715	715	0.0
GRCh38_CMRG_8071	715	715	0.0
GRCh38_CMRG_14021	714	714	0.440322
GRCh38_CMRG_14022	714	714	0.440322
GRCh38_CMRG_16478	714	714	0.0
GRCh38_CMRG_17757	714	714	0.228783
GRCh38_CMRG_21396	714	714	0.237857
GRCh38_CMRG_45166	714	714	0.0
GRCh38_CMRG_49524	714	714	0.0
GRCh38_CMRG_55580	714	714	0.502411
GRCh38_CMRG_6853	714	714	2.4e-05
GRCh38_CMRG_69392	714	714	0.47445
GRCh38_CMRG_70228	714	714	0.0
GRCh38_CMRG_79116	714	714	0.481597
GRCh38_CMRG_82623	714	714	0.0
GRCh38_CMRG_16563	713	713	0.472696
GRCh38_CMRG_17642	713	713	0.00127
GRCh38_CMRG_33148	713	713	0.0
GRCh38_CMRG_41223	713	713	0.0
GRCh38_CMRG_61385	713	713	0.538377
GRCh38_CMRG_61386	713	713	0.538377
GRCh38_CMRG_18297	712	712	0.0
GRCh38_CMRG_29231	712	712	0.001153
GRCh38_CMRG_38169	712	712	0.260693
GRCh38_CMRG_50572	712	712	0.135266
GRCh38_CMRG_55027	712	712	0.0
GRCh38_CMRG_55356	712	712	0.363177
GRCh38_CMRG_6852	712	712	2.4e-05
GRCh38_CMRG_71557	712	712	0.0
GRCh38_CMRG_78947	712	712	0.018092
GRCh38_CMRG_78948	712	712	0.018092
GRCh38_CMRG_10733	711	711	0.047659
GRCh38_CMRG_1698	711	711	0.000222
GRCh38_CMRG_17756	711	711	0.490027
GRCh38_CMRG_29180	711	711	0.0
GRCh38_CMRG_33245	711	711	0.0
GRCh38_CMRG_39983	711	711	0.0
GRCh38_CMRG_40738	711	711	0.016765
GRCh38_CMRG_54383	711	711	0.0
GRCh38_CMRG_58359	711	711	0.48433
GRCh38_CMRG_6558	711	711	0.52026
GRCh38_CMRG_6559	711	711	0.52026
GRCh38_CMRG_7328	711	711	0.0
GRCh38_CMRG_1628	710	710	0.0
GRCh38_CMRG_16968	710	710	0.0
GRCh38_CMRG_22008	710	710	3.2e-05
GRCh38_CMRG_22412	710	710	0.616613
GRCh38_CMRG_61991	710	710	0.489031
GRCh38_CMRG_84402	710	710	0.0
GRCh38_CMRG_1627	709	709	0.0
GRCh38_CMRG_17434	709	709	0.002118
GRCh38_CMRG_17931	709	709	0.0
GRCh38_CMRG_19405	709	709	0.0
GRCh38_CMRG_24923	709	709	0.0
GRCh38_CMRG_28396	709	709	0.0
GRCh38_CMRG_29963	709	709	0.605056
GRCh38_CMRG_29964	709	709	0.605056
GRCh38_CMRG_39341	709	709	0.557139
GRCh38_CMRG_39853	709	709	0.0
GRCh38_CMRG_44847	709	709	0.000566
GRCh38_CMRG_45391	709	709	0.020811
GRCh38_CMRG_51143	709	709	0.0
GRCh38_CMRG_54164	709	709	0.000451
GRCh38_CMRG_54404	709	709	0.00667
GRCh38_CMRG_64742	709	709	0.0
GRCh38_CMRG_82004	709	709	0.0
GRCh38_CMRG_82005	709	709	0.0
GRCh38_CMRG_82736	709	709	0.0
GRCh38_CMRG_83053	709	709	0.340463
GRCh38_CMRG_83722	709	709	0.0
GRCh38_CMRG_10826	708	708	0.69396
GRCh38_CMRG_10854	708	708	0.047659
GRCh38_CMRG_11104	708	708	0.45937
GRCh38_CMRG_16473	708	708	0.0
GRCh38_CMRG_22320	708	708	0.593943
GRCh38_CMRG_22413	708	708	0.616613
GRCh38_CMRG_22961	708	708	0.0
GRCh38_CMRG_22962	708	708	0.0
GRCh38_CMRG_24678	708	708	0.0
GRCh38_CMRG_29636	708	708	0.0
GRCh38_CMRG_29637	708	708	0.0
GRCh38_CMRG_59275	708	708	0.0
GRCh38_CMRG_67842	708	708	0.0
GRCh38_CMRG_70136	708	708	0.339437
GRCh38_CMRG_17963	707	707	0.000329
GRCh38_CMRG_27824	707	707	0.0
GRCh38_CMRG_28137	707	707	0.0
GRCh38_CMRG_28142	707	707	0.0
GRCh38_CMRG_34453	707	707	0.0
GRCh38_CMRG_39472	707	707	0.094562
GRCh38_CMRG_40709	707	707	0.572859
GRCh38_CMRG_54127	707	707	0.600086
GRCh38_CMRG_992	707	707	0.000311
GRCh38_CMRG_993	707	707	0.000311
GRCh38_CMRG_31774	706	706	0.0
GRCh38_CMRG_36924	706	706	0.353313
GRCh38_CMRG_40052	706	706	0.00022
GRCh38_CMRG_40369	706	706	0.064143
GRCh38_CMRG_50097	706	706	0.0
GRCh38_CMRG_54777	706	706	0.059976
GRCh38_CMRG_661	706	706	0.48654
GRCh38_CMRG_67843	706	706	0.0
GRCh38_CMRG_71036	706	706	0.0
GRCh38_CMRG_73366	706	706	0.242951
GRCh38_CMRG_74671	706	706	0.60396
GRCh38_CMRG_14145	705	705	0.000253
GRCh38_CMRG_14146	705	705	0.000253
GRCh38_CMRG_25115	705	705	0.237648
GRCh38_CMRG_32506	705	705	0.593247
GRCh38_CMRG_38659	705	705	0.01626
GRCh38_CMRG_55220	705	705	0.0
GRCh38_CMRG_58709	705	705	0.5
GRCh38_CMRG_58761	705	705	0.0
GRCh38_CMRG_61396	705	705	0.532207
GRCh38_CMRG_65162	705	705	0.488529
GRCh38_CMRG_73062	705	705	0.052474
GRCh38_CMRG_77724	705	705	0.0
GRCh38_CMRG_79521	705	705	0.501513
GRCh38_CMRG_13901	704	704	0.0
GRCh38_CMRG_21587	704	704	0.56442
GRCh38_CMRG_26625	704	704	8e-06
GRCh38_CMRG_31040	704	704	1.0
GRCh38_CMRG_31703	704	704	0.4778
GRCh38_CMRG_53880	704	704	0.369185
GRCh38_CMRG_54247	704	704	0.000281
GRCh38_CMRG_55214	704	704	0.038139
GRCh38_CMRG_60582	704	704	0.0
GRCh38_CMRG_70548	704	704	4.2e-05
GRCh38_CMRG_71624	704	704	0.659307
GRCh38_CMRG_82681	704	704	0.0
GRCh38_CMRG_10614	703	703	0.52719
GRCh38_CMRG_2391	703	703	0.0
GRCh38_CMRG_25963	703	703	0.45467
GRCh38_CMRG_25964	703	703	0.45467
GRCh38_CMRG_26598	703	703	0.000912
GRCh38_CMRG_33925	703	703	0.0
GRCh38_CMRG_439	703	703	0.0
GRCh38_CMRG_58710	703	703	0.5
GRCh38_CMRG_6491	703	703	0.0
GRCh38_CMRG_65207	703	703	0.0
GRCh38_CMRG_65945	703	703	0.493049
GRCh38_CMRG_82656	703	703	0.0
GRCh38_CMRG_989	703	703	0.99983
GRCh38_CMRG_12165	702	702	0.0
GRCh38_CMRG_12331	702	702	0.0
GRCh38_CMRG_15400	702	702	0.663909
GRCh38_CMRG_22762	702	702	0.53601
GRCh38_CMRG_47576	702	702	1.0
GRCh38_CMRG_53110	702	702	0.0
GRCh38_CMRG_63694	702	702	0.172763
GRCh38_CMRG_1284	701	701	0.48714
GRCh38_CMRG_31041	701	701	1.0
GRCh38_CMRG_32751	701	701	0.0
GRCh38_CMRG_36336	701	701	0.55153
GRCh38_CMRG_36337	701	701	0.55153
GRCh38_CMRG_39130	701	701	0.52397
GRCh38_CMRG_43586	701	701	0.57585
GRCh38_CMRG_43625	701	701	0.765692
GRCh38_CMRG_49371	701	701	0.329369
GRCh38_CMRG_17715	700	700	0.45873
GRCh38_CMRG_23453	700	700	0.0
GRCh38_CMRG_33546	700	700	0.0
GRCh38_CMRG_37027	700	700	0.169627
GRCh38_CMRG_53827	700	700	0.0
GRCh38_CMRG_73387	700	700	0.0
GRCh38_CMRG_73740	700	700	0.351866
GRCh38_CMRG_8337	700	700	0.00046
GRCh38_CMRG_9513	700	700	0.062488
GRCh38_CMRG_11257	699	699	0.63154
GRCh38_CMRG_11313	699	699	0.047659
GRCh38_CMRG_1869	699	699	0.328516
GRCh38_CMRG_42164	699	699	0.000488
GRCh38_CMRG_48689	699	699	0.567951
GRCh38_CMRG_52152	699	699	0.0
GRCh38_CMRG_52153	699	699	0.0
GRCh38_CMRG_81798	699	699	0.0
GRCh38_CMRG_82591	699	699	0.0
GRCh38_CMRG_104	698	698	0.233751
GRCh38_CMRG_16453	698	698	0.011931
GRCh38_CMRG_23801	698	698	0.66769
GRCh38_CMRG_29762	698	698	0.393292
GRCh38_CMRG_32749	698	698	1.0
GRCh38_CMRG_39473	698	698	0.0
GRCh38_CMRG_42143	698	698	0.0
GRCh38_CMRG_50646	698	698	1.6e-05
GRCh38_CMRG_50647	698	698	1.6e-05
GRCh38_CMRG_58963	698	698	0.0
GRCh38_CMRG_71090	698	698	0.48801
GRCh38_CMRG_79524	698	698	0.501513
GRCh38_CMRG_84433	698	698	0.589349
GRCh38_CMRG_28264	697	697	0.331408
GRCh38_CMRG_37964	697	697	0.514205
GRCh38_CMRG_39511	697	697	0.005137
GRCh38_CMRG_42031	697	697	0.000747
GRCh38_CMRG_42032	697	697	0.000747
GRCh38_CMRG_45126	697	697	0.0
GRCh38_CMRG_45484	697	697	4.1e-05
GRCh38_CMRG_48831	697	697	0.0
GRCh38_CMRG_5935	697	697	0.0
GRCh38_CMRG_65867	697	697	0.0
GRCh38_CMRG_65868	697	697	0.0
GRCh38_CMRG_70549	697	697	4.2e-05
GRCh38_CMRG_22393	696	696	0.347446
GRCh38_CMRG_22394	696	696	0.347446
GRCh38_CMRG_24576	696	696	0.0
GRCh38_CMRG_37214	696	696	0.0
GRCh38_CMRG_37215	696	696	0.0
GRCh38_CMRG_42142	696	696	0.0
GRCh38_CMRG_48882	696	696	0.0
GRCh38_CMRG_53270	696	696	0.0
GRCh38_CMRG_67335	696	696	0.0
GRCh38_CMRG_74831	696	696	8.3e-05
GRCh38_CMRG_75267	696	696	0.0
GRCh38_CMRG_79378	696	696	0.251581
GRCh38_CMRG_81838	696	696	0.0
GRCh38_CMRG_11480	695	695	0.46405
GRCh38_CMRG_13466	695	695	0.0
GRCh38_CMRG_14271	695	695	0.48118
GRCh38_CMRG_19937	695	695	0.360974
GRCh38_CMRG_21349	695	695	0.299987
GRCh38_CMRG_23248	695	695	0.54837
GRCh38_CMRG_23249	695	695	0.54837
GRCh38_CMRG_23497	695	695	0.0
GRCh38_CMRG_27922	695	695	0.52735
GRCh38_CMRG_29735	695	695	0.0
GRCh38_CMRG_51903	695	695	0.0
GRCh38_CMRG_52549	695	695	0.0
GRCh38_CMRG_52550	695	695	0.0
GRCh38_CMRG_54704	695	695	0.620128
GRCh38_CMRG_72694	695	695	0.0
GRCh38_CMRG_7327	695	695	0.0
GRCh38_CMRG_73449	695	695	0.000805
GRCh38_CMRG_8088	695	695	0.491506
GRCh38_CMRG_82921	695	695	1.17862e-05
GRCh38_CMRG_8612	695	695	0.001097
GRCh38_CMRG_11170	694	694	0.047659
GRCh38_CMRG_21875	694	694	0.237857
GRCh38_CMRG_34657	694	694	0.47318
GRCh38_CMRG_38480	694	694	0.0
GRCh38_CMRG_50666	694	694	0.48832
GRCh38_CMRG_51040	694	694	0.0
GRCh38_CMRG_51041	694	694	0.0
GRCh38_CMRG_62389	694	694	0.0
GRCh38_CMRG_70385	694	694	0.45414
GRCh38_CMRG_71923	694	694	0.0
GRCh38_CMRG_74287	694	694	0.003443
GRCh38_CMRG_81777	694	694	0.454214
GRCh38_CMRG_81778	694	694	0.454214
GRCh38_CMRG_8351	694	694	0.0
GRCh38_CMRG_84234	694	694	0.0
GRCh38_CMRG_21307	693	693	0.399281
GRCh38_CMRG_21350	693	693	0.299987
GRCh38_CMRG_22482	693	693	0.0
GRCh38_CMRG_47402	693	693	0.059006
GRCh38_CMRG_59643	693	693	0.620282
GRCh38_CMRG_74317	693	693	0.0
GRCh38_CMRG_82403	693	693	0.0
GRCh38_CMRG_82404	693	693	0.0
GRCh38_CMRG_13931	692	692	0.500722
GRCh38_CMRG_2531	692	692	0.429446
GRCh38_CMRG_2532	692	692	0.429446
GRCh38_CMRG_25896	692	692	0.001616
GRCh38_CMRG_26045	692	692	0.60414
GRCh38_CMRG_32354	692	692	0.0
GRCh38_CMRG_37984	692	692	0.000111
GRCh38_CMRG_44070	692	692	0.001071
GRCh38_CMRG_50257	692	692	1.0
GRCh38_CMRG_53244	692	692	0.440525
GRCh38_CMRG_55363	692	692	0.0
GRCh38_CMRG_58299	692	692	0.0
GRCh38_CMRG_59326	692	692	0.001631
GRCh38_CMRG_70690	692	692	0.0
GRCh38_CMRG_73819	692	692	0.99648
GRCh38_CMRG_79242	692	692	0.018092
GRCh38_CMRG_84008	692	692	0.0
GRCh38_CMRG_29768	691	691	0.361692
GRCh38_CMRG_39598	691	691	0.475367
GRCh38_CMRG_46411	691	691	0.507074
GRCh38_CMRG_63526	691	691	0.0
GRCh38_CMRG_64467	691	691	0.46518
GRCh38_CMRG_73389	691	691	0.0
GRCh38_CMRG_81975	691	691	0.098154
GRCh38_CMRG_84428	691	691	0.744836
GRCh38_CMRG_18347	690	690	0.0
GRCh38_CMRG_18348	690	690	0.0
GRCh38_CMRG_33362	690	690	0.0
GRCh38_CMRG_43881	690	690	0.492534
GRCh38_CMRG_48598	690	690	0.0
GRCh38_CMRG_48823	690	690	0.0
GRCh38_CMRG_59144	690	690	0.000154
GRCh38_CMRG_1951	689	689	0.54447
GRCh38_CMRG_41144	689	689	0.388355
GRCh38_CMRG_45668	689	689	0.0
GRCh38_CMRG_59155	689	689	0.0
GRCh38_CMRG_59335	689	689	0.560551
GRCh38_CMRG_62319	689	689	0.0
GRCh38_CMRG_74619	689	689	0.000228
GRCh38_CMRG_76803	689	689	0.0
GRCh38_CMRG_83047	689	689	0.0
GRCh38_CMRG_19049	688	688	0.0
GRCh38_CMRG_362	688	688	0.0
GRCh38_CMRG_41986	688	688	0.0
GRCh38_CMRG_58661	688	688	0.362004
GRCh38_CMRG_64262	688	688	0.162799
GRCh38_CMRG_69871	688	688	0.58768
GRCh38_CMRG_82308	688	688	0.498209
GRCh38_CMRG_23416	687	687	0.0
GRCh38_CMRG_38769	687	687	0.4992
GRCh38_CMRG_42086	687	687	0.0
GRCh38_CMRG_43636	687	687	0.430281
GRCh38_CMRG_43637	687	687	0.430281
GRCh38_CMRG_45867	687	687	0.736653
GRCh38_CMRG_50327	687	687	2.8e-05
GRCh38_CMRG_60410	687	687	0.0
GRCh38_CMRG_653	687	687	0.012036
GRCh38_CMRG_67297	687	687	0.092101
GRCh38_CMRG_67986	687	687	0.715039
GRCh38_CMRG_6910	687	687	0.000733
GRCh38_CMRG_712	687	687	0.0
GRCh38_CMRG_9264	687	687	0.000468
GRCh38_CMRG_18474	686	686	0.017282
GRCh38_CMRG_22907	686	686	0.0
GRCh38_CMRG_28125	686	686	0.0
GRCh38_CMRG_28307	686	686	0.000941
GRCh38_CMRG_40739	686	686	0.016765
GRCh38_CMRG_44203	686	686	0.0
GRCh38_CMRG_44647	686	686	0.09571
GRCh38_CMRG_50917	686	686	0.0
GRCh38_CMRG_68084	686	686	0.0
GRCh38_CMRG_70021	686	686	0.0
GRCh38_CMRG_73041	686	686	0.000298
GRCh38_CMRG_76847	686	686	0.000239
GRCh38_CMRG_82746	686	686	0.73306
GRCh38_CMRG_23527	685	685	0.0
GRCh38_CMRG_33363	685	685	0.0
GRCh38_CMRG_34701	685	685	0.0
GRCh38_CMRG_34702	685	685	0.0
GRCh38_CMRG_48532	685	685	0.086458
GRCh38_CMRG_50240	685	685	0.56577
GRCh38_CMRG_60572	685	685	0.0
GRCh38_CMRG_61586	685	685	0.46421
GRCh38_CMRG_63682	685	685	0.000624
GRCh38_CMRG_669	685	685	0.0
GRCh38_CMRG_70216	685	685	0.68579
GRCh38_CMRG_73807	685	685	0.397685
GRCh38_CMRG_81873	685	685	7.2e-05
GRCh38_CMRG_84434	685	685	2.12416e-05
GRCh38_CMRG_8735	685	685	0.0
GRCh38_CMRG_9523	685	685	0.205502
GRCh38_CMRG_18026	684	684	0.0
GRCh38_CMRG_29188	684	684	0.0
GRCh38_CMRG_33628	684	684	0.0
GRCh38_CMRG_34093	684	684	0.0
GRCh38_CMRG_41693	684	684	0.0
GRCh38_CMRG_46494	684	684	0.057279
GRCh38_CMRG_50784	684	684	0.290293
GRCh38_CMRG_51074	684	684	8e-06
GRCh38_CMRG_51075	684	684	8e-06
GRCh38_CMRG_53831	684	684	0.632443
GRCh38_CMRG_53832	684	684	0.632443
GRCh38_CMRG_73766	684	684	0.316117
GRCh38_CMRG_7908	684	684	0.0
GRCh38_CMRG_146	683	683	0.0
GRCh38_CMRG_18171	683	683	0.524807
GRCh38_CMRG_25766	683	683	0.57957
GRCh38_CMRG_26375	683	683	0.0
GRCh38_CMRG_27281	683	683	0.0
GRCh38_CMRG_34551	683	683	0.000333
GRCh38_CMRG_34660	683	683	0.380823
GRCh38_CMRG_39229	683	683	6.1e-05
GRCh38_CMRG_44069	683	683	0.001071
GRCh38_CMRG_45060	683	683	0.0
GRCh38_CMRG_48226	683	683	0.244755
GRCh38_CMRG_76804	683	683	0.0
GRCh38_CMRG_19255	682	682	0.66807
GRCh38_CMRG_25045	682	682	0.0
GRCh38_CMRG_29499	682	682	0.5787
GRCh38_CMRG_29500	682	682	0.5787
GRCh38_CMRG_31359	682	682	4e-05
GRCh38_CMRG_34572	682	682	0.43991
GRCh38_CMRG_36159	682	682	0.454993
GRCh38_CMRG_36792	682	682	0.0
GRCh38_CMRG_45900	682	682	0.0
GRCh38_CMRG_52347	682	682	0.0
GRCh38_CMRG_59543	682	682	0.0
GRCh38_CMRG_59667	682	682	0.98047
GRCh38_CMRG_61489	682	682	0.0
GRCh38_CMRG_70475	682	682	0.417171
GRCh38_CMRG_70476	682	682	0.417171
GRCh38_CMRG_9514	682	682	0.303426
GRCh38_CMRG_12330	681	681	0.589316
GRCh38_CMRG_17481	681	681	0.44355
GRCh38_CMRG_2827	681	681	0.454561
GRCh38_CMRG_46434	681	681	0.570829
GRCh38_CMRG_48973	681	681	0.0
GRCh38_CMRG_51273	681	681	0.0
GRCh38_CMRG_54201	681	681	0.445566
GRCh38_CMRG_67159	681	681	0.0
GRCh38_CMRG_68477	681	681	0.0
GRCh38_CMRG_73480	681	681	0.0
GRCh38_CMRG_7485	681	681	0.615204
GRCh38_CMRG_81771	681	681	0.0
GRCh38_CMRG_83751	681	681	0.0
GRCh38_CMRG_10936	680	680	0.047659
GRCh38_CMRG_12439	680	680	0.0
GRCh38_CMRG_16682	680	680	0.688381
GRCh38_CMRG_22775	680	680	0.0
GRCh38_CMRG_31552	680	680	0.0
GRCh38_CMRG_58636	680	680	0.47005
GRCh38_CMRG_60152	680	680	0.3203
GRCh38_CMRG_77458	680	680	0.0
GRCh38_CMRG_2160	679	679	0.0
GRCh38_CMRG_23175	679	679	0.405159
GRCh38_CMRG_46664	679	679	0.0
GRCh38_CMRG_49066	679	679	0.0
GRCh38_CMRG_52966	679	679	0.477867
GRCh38_CMRG_55180	679	679	0.0
GRCh38_CMRG_58340	679	679	0.063362
GRCh38_CMRG_61957	679	679	0.0
GRCh38_CMRG_69551	679	679	0.0
GRCh38_CMRG_81525	679	679	0.0
GRCh38_CMRG_82696	679	679	0.0
GRCh38_CMRG_84194	679	679	0.505625
GRCh38_CMRG_11013	678	678	0.577526
GRCh38_CMRG_12332	678	678	0.0
GRCh38_CMRG_14065	678	678	0.486684
GRCh38_CMRG_19969	678	678	0.0
GRCh38_CMRG_2064	678	678	0.98226
GRCh38_CMRG_27537	678	678	0.477365
GRCh38_CMRG_52863	678	678	0.537465
GRCh38_CMRG_59766	678	678	0.0
GRCh38_CMRG_77493	678	678	0.50066
GRCh38_CMRG_79741	678	678	9.3e-05
GRCh38_CMRG_79757	678	678	0.0
GRCh38_CMRG_79866	678	678	0.290368
GRCh38_CMRG_82809	678	678	0.99983
GRCh38_CMRG_82810	678	678	0.99983
GRCh38_CMRG_82856	678	678	0.370225
GRCh38_CMRG_10525	677	677	0.000468
GRCh38_CMRG_13632	677	677	0.000178
GRCh38_CMRG_14753	677	677	0.644318
GRCh38_CMRG_19389	677	677	2.4e-05
GRCh38_CMRG_22776	677	677	0.0
GRCh38_CMRG_27800	677	677	0.451415
GRCh38_CMRG_30975	677	677	0.474019
GRCh38_CMRG_31245	677	677	9e-06
GRCh38_CMRG_32985	677	677	0.777439
GRCh38_CMRG_36174	677	677	0.468531
GRCh38_CMRG_36412	677	677	0.068732
GRCh38_CMRG_38481	677	677	0.0
GRCh38_CMRG_41026	677	677	0.0
GRCh38_CMRG_62514	677	677	0.783907
GRCh38_CMRG_65261	677	677	0.0
GRCh38_CMRG_66012	677	677	0.0
GRCh38_CMRG_73092	677	677	0.0
GRCh38_CMRG_73604	677	677	0.0
GRCh38_CMRG_7559	677	677	0.000359
GRCh38_CMRG_77311	677	677	0.0
GRCh38_CMRG_79982	677	677	0.225987
GRCh38_CMRG_81253	677	677	0.0
GRCh38_CMRG_8127	677	677	0.0
GRCh38_CMRG_82449	677	677	0.0
GRCh38_CMRG_82519	677	677	0.0
GRCh38_CMRG_11640	676	676	0.48488
GRCh38_CMRG_18961	676	676	8.9e-05
GRCh38_CMRG_32774	676	676	0.0
GRCh38_CMRG_38981	676	676	0.0
GRCh38_CMRG_48225	676	676	0.244755
GRCh38_CMRG_51287	676	676	0.0
GRCh38_CMRG_65334	676	676	0.0
GRCh38_CMRG_65335	676	676	0.0
GRCh38_CMRG_71188	676	676	0.21536
GRCh38_CMRG_74291	676	676	0.017882
GRCh38_CMRG_79061	676	676	0.503458
GRCh38_CMRG_8014	676	676	0.0
GRCh38_CMRG_81547	676	676	0.166402
GRCh38_CMRG_8938	676	676	4.8e-05
GRCh38_CMRG_10737	675	675	0.047659
GRCh38_CMRG_18151	675	675	0.0
GRCh38_CMRG_40158	675	675	0.0
GRCh38_CMRG_42145	675	675	0.0
GRCh38_CMRG_44433	675	675	0.0
GRCh38_CMRG_48321	675	675	0.0
GRCh38_CMRG_51351	675	675	0.0
GRCh38_CMRG_54889	675	675	0.0
GRCh38_CMRG_55434	675	675	0.066689
GRCh38_CMRG_62091	675	675	0.50592
GRCh38_CMRG_6385	675	675	0.49758
GRCh38_CMRG_6492	675	675	0.0
GRCh38_CMRG_81505	675	675	0.0
GRCh38_CMRG_83783	675	675	0.000376853
GRCh38_CMRG_84432	675	675	5.34296e-05
GRCh38_CMRG_14139	674	674	0.9985
GRCh38_CMRG_14457	674	674	0.0
GRCh38_CMRG_19230	674	674	0.419351
GRCh38_CMRG_2145	674	674	0.553924
GRCh38_CMRG_22440	674	674	0.46731
GRCh38_CMRG_40698	674	674	0.463947
GRCh38_CMRG_53925	674	674	0.435546
GRCh38_CMRG_6644	674	674	0.31598
GRCh38_CMRG_67549	674	674	0.470273
GRCh38_CMRG_83548	674	674	0.0
GRCh38_CMRG_17655	673	673	0.578427
GRCh38_CMRG_21034	673	673	0.560745
GRCh38_CMRG_22668	673	673	0.0
GRCh38_CMRG_28206	673	673	0.0
GRCh38_CMRG_42144	673	673	0.0
GRCh38_CMRG_44740	673	673	0.000263
GRCh38_CMRG_51135	673	673	0.012869
GRCh38_CMRG_51136	673	673	0.012869
GRCh38_CMRG_59499	673	673	0.585164
GRCh38_CMRG_78964	673	673	0.656884
GRCh38_CMRG_82136	673	673	0.0
GRCh38_CMRG_13515	672	672	0.0
GRCh38_CMRG_14504	672	672	0.0
GRCh38_CMRG_27773	672	672	0.456915
GRCh38_CMRG_28731	672	672	0.372614
GRCh38_CMRG_35725	672	672	0.0
GRCh38_CMRG_48596	672	672	0.000296
GRCh38_CMRG_54407	672	672	0.0
GRCh38_CMRG_6445	672	672	0.0
GRCh38_CMRG_67770	672	672	0.414627
GRCh38_CMRG_679	672	672	0.0
GRCh38_CMRG_68094	672	672	0.0
GRCh38_CMRG_7573	672	672	0.0
GRCh38_CMRG_80024	672	672	0.0
GRCh38_CMRG_81034	672	672	0.427771
GRCh38_CMRG_81589	672	672	0.0
GRCh38_CMRG_14009	671	671	0.0
GRCh38_CMRG_17122	671	671	0.0
GRCh38_CMRG_21456	671	671	0.528527
GRCh38_CMRG_49473	671	671	4e-05
GRCh38_CMRG_54382	671	671	0.0
GRCh38_CMRG_55524	671	671	0.0
GRCh38_CMRG_6640	671	671	0.029703
GRCh38_CMRG_6641	671	671	0.029703
GRCh38_CMRG_6792	671	671	0.000125
GRCh38_CMRG_71689	671	671	0.011924
GRCh38_CMRG_73906	671	671	0.333177
GRCh38_CMRG_18393	670	670	0.0
GRCh38_CMRG_26376	670	670	0.0
GRCh38_CMRG_2925	670	670	0.454266
GRCh38_CMRG_43980	670	670	0.695648
GRCh38_CMRG_60018	670	670	0.0
GRCh38_CMRG_62253	670	670	0.0
GRCh38_CMRG_63368	670	670	0.0
GRCh38_CMRG_67548	670	670	0.470273
GRCh38_CMRG_70918	670	670	0.0
GRCh38_CMRG_71556	670	670	0.0
GRCh38_CMRG_17435	669	669	0.002118
GRCh38_CMRG_19979	669	669	0.0
GRCh38_CMRG_2579	669	669	0.43202
GRCh38_CMRG_26626	669	669	8e-06
GRCh38_CMRG_30968	669	669	0.41544
GRCh38_CMRG_32612	669	669	0.040278
GRCh38_CMRG_41650	669	669	0.455042
GRCh38_CMRG_41768	669	669	0.019669
GRCh38_CMRG_41803	669	669	0.0
GRCh38_CMRG_45701	669	669	0.000339
GRCh38_CMRG_52600	669	669	0.0
GRCh38_CMRG_52713	669	669	1.6e-05
GRCh38_CMRG_54903	669	669	0.026752
GRCh38_CMRG_54904	669	669	0.026752
GRCh38_CMRG_6793	669	669	0.000125
GRCh38_CMRG_71384	669	669	0.0
GRCh38_CMRG_73218	669	669	0.0
GRCh38_CMRG_75289	669	669	0.0
GRCh38_CMRG_7617	669	669	0.000405
GRCh38_CMRG_32581	668	668	0.418228
GRCh38_CMRG_33975	668	668	0.17014
GRCh38_CMRG_37942	668	668	0.0
GRCh38_CMRG_41995	668	668	0.45813
GRCh38_CMRG_48697	668	668	0.096961
GRCh38_CMRG_52599	668	668	0.0
GRCh38_CMRG_58130	668	668	0.51736
GRCh38_CMRG_59591	668	668	0.628317
GRCh38_CMRG_63693	668	668	0.172763
GRCh38_CMRG_67463	668	668	0.023978
GRCh38_CMRG_69995	668	668	0.45443
GRCh38_CMRG_75039	668	668	0.178941
GRCh38_CMRG_13615	667	667	0.0
GRCh38_CMRG_13883	667	667	0.0
GRCh38_CMRG_32771	667	667	0.0
GRCh38_CMRG_41209	667	667	0.001854
GRCh38_CMRG_48600	667	667	0.0
GRCh38_CMRG_50632	667	667	0.0
GRCh38_CMRG_58341	667	667	0.063362
GRCh38_CMRG_59426	667	667	0.0
GRCh38_CMRG_65958	667	667	0.0
GRCh38_CMRG_6950	667	667	1.0
GRCh38_CMRG_6951	667	667	1.0
GRCh38_CMRG_79943	667	667	0.47787
GRCh38_CMRG_1374	666	666	0.020162
GRCh38_CMRG_21313	666	666	0.427775
GRCh38_CMRG_21314	666	666	0.427775
GRCh38_CMRG_36570	666	666	0.0
GRCh38_CMRG_39381	666	666	0.474589
GRCh38_CMRG_48828	666	666	0.0
GRCh38_CMRG_50633	666	666	0.0
GRCh38_CMRG_52714	666	666	1.6e-05
GRCh38_CMRG_69118	666	666	0.074344
GRCh38_CMRG_76693	666	666	0.0
GRCh38_CMRG_82661	666	666	0.0
GRCh38_CMRG_83539	666	666	0.000160562
GRCh38_CMRG_15321	665	665	0.497572
GRCh38_CMRG_18219	665	665	0.116197
GRCh38_CMRG_22616	665	665	0.337184
GRCh38_CMRG_29204	665	665	0.002512
GRCh38_CMRG_44923	665	665	0.0
GRCh38_CMRG_45089	665	665	0.0
GRCh38_CMRG_54712	665	665	0.576383
GRCh38_CMRG_65856	665	665	0.010627
GRCh38_CMRG_65857	665	665	0.010627
GRCh38_CMRG_7030	665	665	0.0
GRCh38_CMRG_70370	665	665	1.7e-05
GRCh38_CMRG_12703	664	664	0.99757
GRCh38_CMRG_12704	664	664	0.99757
GRCh38_CMRG_24449	664	664	0.221277
GRCh38_CMRG_39649	664	664	0.475981
GRCh38_CMRG_40223	664	664	0.0
GRCh38_CMRG_53829	664	664	0.575215
GRCh38_CMRG_53830	664	664	0.575215
GRCh38_CMRG_58780	664	664	0.45444
GRCh38_CMRG_59278	664	664	0.163357
GRCh38_CMRG_72209	664	664	0.0
GRCh38_CMRG_74717	664	664	0.0
GRCh38_CMRG_77013	664	664	6.4e-05
GRCh38_CMRG_82146	664	664	0.138144
GRCh38_CMRG_8738	664	664	0.0
GRCh38_CMRG_1174	663	663	0.001743
GRCh38_CMRG_2037	663	663	0.333476
GRCh38_CMRG_23868	663	663	8e-06
GRCh38_CMRG_26416	663	663	1.0
GRCh38_CMRG_37941	663	663	0.0
GRCh38_CMRG_40741	663	663	0.016765
GRCh38_CMRG_47979	663	663	0.217314
GRCh38_CMRG_48407	663	663	0.0
GRCh38_CMRG_68366	663	663	0.0
GRCh38_CMRG_68469	663	663	0.0
GRCh38_CMRG_71156	663	663	0.87582
GRCh38_CMRG_83749	663	663	0.0
GRCh38_CMRG_10622	662	662	0.590756
GRCh38_CMRG_12871	662	662	0.66006
GRCh38_CMRG_1375	662	662	0.020162
GRCh38_CMRG_23843	662	662	0.0
GRCh38_CMRG_24147	662	662	0.000312
GRCh38_CMRG_31120	662	662	0.028971
GRCh38_CMRG_40080	662	662	0.456532
GRCh38_CMRG_59990	662	662	0.0
GRCh38_CMRG_7221	662	662	0.334256
GRCh38_CMRG_16742	661	661	0.518339
GRCh38_CMRG_21070	661	661	0.594646
GRCh38_CMRG_31570	661	661	0.098358
GRCh38_CMRG_63789	661	661	0.000579
GRCh38_CMRG_69117	661	661	0.074344
GRCh38_CMRG_713	661	661	0.399811
GRCh38_CMRG_13509	660	660	0.190279
GRCh38_CMRG_19444	660	660	0.115276
GRCh38_CMRG_23528	660	660	0.0
GRCh38_CMRG_36603	660	660	1.0
GRCh38_CMRG_40637	660	660	0.4602
GRCh38_CMRG_47403	660	660	0.004327
GRCh38_CMRG_51384	660	660	0.278693
GRCh38_CMRG_59175	660	660	0.490233
GRCh38_CMRG_71402	660	660	0.4415
GRCh38_CMRG_73569	660	660	0.0
GRCh38_CMRG_82907	660	660	0.0
GRCh38_CMRG_28691	659	659	0.367644
GRCh38_CMRG_32059	659	659	0.0
GRCh38_CMRG_41682	659	659	0.502436
GRCh38_CMRG_49209	659	659	0.0
GRCh38_CMRG_59277	659	659	0.163357
GRCh38_CMRG_70441	659	659	0.556967
GRCh38_CMRG_70442	659	659	0.556967
GRCh38_CMRG_81479	659	659	0.0
GRCh38_CMRG_13657	658	658	0.165824
GRCh38_CMRG_1667	658	658	1.0
GRCh38_CMRG_1668	658	658	1.0
GRCh38_CMRG_17742	658	658	0.43602
GRCh38_CMRG_18232	658	658	0.336826
GRCh38_CMRG_48812	658	658	0.193905
GRCh38_CMRG_55117	658	658	0.000159
GRCh38_CMRG_67193	658	658	0.467324
GRCh38_CMRG_11032	657	657	0.047659
GRCh38_CMRG_25344	657	657	0.561351
GRCh38_CMRG_31733	657	657	0.682206
GRCh38_CMRG_32565	657	657	0.460194
GRCh38_CMRG_39520	657	657	0.42578
GRCh38_CMRG_47196	657	657	0.514657
GRCh38_CMRG_55697	657	657	0.204998
GRCh38_CMRG_59207	657	657	0.0
GRCh38_CMRG_60805	657	657	0.65754
GRCh38_CMRG_61567	657	657	0.0
GRCh38_CMRG_63376	657	657	2.4e-05
GRCh38_CMRG_7069	657	657	0.225085
GRCh38_CMRG_71644	657	657	0.0
GRCh38_CMRG_72092	657	657	0.0
GRCh38_CMRG_7837	657	657	0.0
GRCh38_CMRG_81524	657	657	0.0
GRCh38_CMRG_11062	656	656	0.047659
GRCh38_CMRG_11174	656	656	0.47291
GRCh38_CMRG_15359	656	656	0.0
GRCh38_CMRG_17899	656	656	0.430408
GRCh38_CMRG_19824	656	656	0.42089
GRCh38_CMRG_2124	656	656	0.0
GRCh38_CMRG_21529	656	656	0.643576
GRCh38_CMRG_23095	656	656	0.328006
GRCh38_CMRG_28028	656	656	0.443975
GRCh38_CMRG_59094	656	656	0.0
GRCh38_CMRG_60853	656	656	0.0
GRCh38_CMRG_70656	656	656	0.124283
GRCh38_CMRG_71329	656	656	0.27449
GRCh38_CMRG_71635	656	656	0.0
GRCh38_CMRG_84396	656	656	0.65221
GRCh38_CMRG_18579	655	655	0.00132
GRCh38_CMRG_18580	655	655	0.00132
GRCh38_CMRG_24810	655	655	0.0
GRCh38_CMRG_27821	655	655	0.177134
GRCh38_CMRG_5942	655	655	0.458062
GRCh38_CMRG_5943	655	655	0.458062
GRCh38_CMRG_62320	655	655	0.0
GRCh38_CMRG_72746	655	655	0.000249
GRCh38_CMRG_73405	655	655	0.0
GRCh38_CMRG_73594	655	655	0.134549
GRCh38_CMRG_75565	655	655	0.687797
GRCh38_CMRG_201	654	654	0.0
GRCh38_CMRG_41767	654	654	0.019669
GRCh38_CMRG_41852	654	654	0.0
GRCh38_CMRG_44594	654	654	0.0
GRCh38_CMRG_49770	654	654	3.2e-05
GRCh38_CMRG_58685	654	654	0.0
GRCh38_CMRG_65407	654	654	0.0
GRCh38_CMRG_69504	654	654	0.010072
GRCh38_CMRG_82568	654	654	0.64008
GRCh38_CMRG_20892	653	653	0.43948
GRCh38_CMRG_25177	653	653	0.4127
GRCh38_CMRG_26732	653	653	0.005877
GRCh38_CMRG_2824	653	653	0.450738
GRCh38_CMRG_43979	653	653	0.695648
GRCh38_CMRG_45205	653	653	0.0
GRCh38_CMRG_49100	653	653	0.0
GRCh38_CMRG_75087	653	653	0.0
GRCh38_CMRG_1195	652	652	0.0
GRCh38_CMRG_14762	652	652	0.0
GRCh38_CMRG_17878	652	652	0.39582
GRCh38_CMRG_40557	652	652	0.0
GRCh38_CMRG_44108	652	652	0.408944
GRCh38_CMRG_52708	652	652	0.0
GRCh38_CMRG_59767	652	652	0.504683
GRCh38_CMRG_61707	652	652	0.0
GRCh38_CMRG_63514	652	652	0.0
GRCh38_CMRG_6839	652	652	0.000468
GRCh38_CMRG_6884	652	652	0.369906
GRCh38_CMRG_80034	652	652	0.397723
GRCh38_CMRG_11240	651	651	0.047659
GRCh38_CMRG_17656	651	651	0.50564
GRCh38_CMRG_23653	651	651	0.115372
GRCh38_CMRG_24480	651	651	0.000716
GRCh38_CMRG_34221	651	651	0.0
GRCh38_CMRG_37723	651	651	0.002024
GRCh38_CMRG_45654	651	651	0.0
GRCh38_CMRG_58098	651	651	0.0
GRCh38_CMRG_62160	651	651	0.0
GRCh38_CMRG_62599	651	651	0.0
GRCh38_CMRG_68128	651	651	0.0
GRCh38_CMRG_68444	651	651	0.0
GRCh38_CMRG_71473	651	651	0.175401
GRCh38_CMRG_74971	651	651	0.006875
GRCh38_CMRG_78945	651	651	0.56759
GRCh38_CMRG_81976	651	651	0.098154
GRCh38_CMRG_83533	651	651	0.0
GRCh38_CMRG_14529	650	650	0.0
GRCh38_CMRG_15361	650	650	0.0
GRCh38_CMRG_21796	650	650	0.497509
GRCh38_CMRG_26791	650	650	0.429142
GRCh38_CMRG_31414	650	650	0.49196
GRCh38_CMRG_38915	650	650	0.43286
GRCh38_CMRG_45061	650	650	0.0
GRCh38_CMRG_60045	650	650	0.48526
GRCh38_CMRG_62255	650	650	0.0
GRCh38_CMRG_62517	650	650	0.0
GRCh38_CMRG_64757	650	650	0.444342
GRCh38_CMRG_64886	650	650	0.330471
GRCh38_CMRG_70399	650	650	0.0
GRCh38_CMRG_71922	650	650	0.0
GRCh38_CMRG_82358	650	650	0.0
GRCh38_CMRG_83372	650	650	0.490464
GRCh38_CMRG_32374	649	649	0.000138
GRCh38_CMRG_32946	649	649	0.0
GRCh38_CMRG_32966	649	649	0.035692
GRCh38_CMRG_34196	649	649	0.0
GRCh38_CMRG_37937	649	649	0.0
GRCh38_CMRG_48599	649	649	0.0
GRCh38_CMRG_49389	649	649	0.469084
GRCh38_CMRG_72048	649	649	0.537441
GRCh38_CMRG_83537	649	649	0.282019
GRCh38_CMRG_24005	648	648	6.8e-05
GRCh38_CMRG_24269	648	648	0.0
GRCh38_CMRG_26241	648	648	0.0
GRCh38_CMRG_34785	648	648	0.48425
GRCh38_CMRG_36541	648	648	0.0
GRCh38_CMRG_36542	648	648	0.0
GRCh38_CMRG_36791	648	648	0.0
GRCh38_CMRG_45057	648	648	0.402222
GRCh38_CMRG_46311	648	648	1.0
GRCh38_CMRG_53918	648	648	0.371982
GRCh38_CMRG_64951	648	648	0.058191
GRCh38_CMRG_77381	648	648	0.0
GRCh38_CMRG_79238	648	648	0.018092
GRCh38_CMRG_84210	648	648	0.9952
GRCh38_CMRG_27282	647	647	0.0
GRCh38_CMRG_32295	647	647	0.0
GRCh38_CMRG_33452	647	647	0.0
GRCh38_CMRG_37864	647	647	0.0
GRCh38_CMRG_44874	647	647	0.454886
GRCh38_CMRG_46226	647	647	0.0
GRCh38_CMRG_49771	647	647	3.2e-05
GRCh38_CMRG_71151	647	647	0.0
GRCh38_CMRG_7308	647	647	0.559174
GRCh38_CMRG_7309	647	647	0.559174
GRCh38_CMRG_79491	647	647	0.057208
GRCh38_CMRG_8966	647	647	0.498542
GRCh38_CMRG_16586	646	646	0.0
GRCh38_CMRG_23652	646	646	0.115372
GRCh38_CMRG_71153	646	646	0.0
GRCh38_CMRG_72656	646	646	0.0
GRCh38_CMRG_74074	646	646	0.386027
GRCh38_CMRG_1300	645	645	0.03351
GRCh38_CMRG_13745	645	645	0.757246
GRCh38_CMRG_2112	645	645	8e-06
GRCh38_CMRG_28419	645	645	0.014463
GRCh38_CMRG_36044	645	645	0.0
GRCh38_CMRG_36045	645	645	0.0
GRCh38_CMRG_38722	645	645	0.474106
GRCh38_CMRG_51797	645	645	0.0
GRCh38_CMRG_51910	645	645	0.006567
GRCh38_CMRG_71152	645	645	0.0
GRCh38_CMRG_15100	644	644	0.000921
GRCh38_CMRG_21913	644	644	0.237857
GRCh38_CMRG_27885	644	644	0.192749
GRCh38_CMRG_39510	644	644	0.005137
GRCh38_CMRG_40909	644	644	5.9e-05
GRCh38_CMRG_53659	644	644	0.389189
GRCh38_CMRG_53660	644	644	0.389189
GRCh38_CMRG_54519	644	644	0.41023
GRCh38_CMRG_54862	644	644	0.338213
GRCh38_CMRG_64668	644	644	0.004788
GRCh38_CMRG_72683	644	644	0.0
GRCh38_CMRG_81310	644	644	8.9e-05
GRCh38_CMRG_83116	644	644	0.594427
GRCh38_CMRG_8642	644	644	0.0
GRCh38_CMRG_1588	643	643	0.0
GRCh38_CMRG_23496	643	643	0.0
GRCh38_CMRG_33811	643	643	0.687552
GRCh38_CMRG_33812	643	643	0.687552
GRCh38_CMRG_48272	643	643	0.571053
GRCh38_CMRG_50401	643	643	0.0
GRCh38_CMRG_52026	643	643	0.514973
GRCh38_CMRG_52577	643	643	0.631751
GRCh38_CMRG_58711	643	643	0.000996
GRCh38_CMRG_59424	643	643	0.0
GRCh38_CMRG_70309	643	643	0.429544
GRCh38_CMRG_72042	643	643	0.000233
GRCh38_CMRG_75178	643	643	0.724988
GRCh38_CMRG_79944	643	643	0.0
GRCh38_CMRG_19157	642	642	0.0
GRCh38_CMRG_28738	642	642	0.0
GRCh38_CMRG_32656	642	642	0.421681
GRCh38_CMRG_52832	642	642	0.452003
GRCh38_CMRG_71385	642	642	0.0
GRCh38_CMRG_7165	642	642	0.456419
GRCh38_CMRG_71965	642	642	0.0
GRCh38_CMRG_78968	642	642	0.620056
GRCh38_CMRG_79981	642	642	0.225987
GRCh38_CMRG_11470	641	641	0.4116
GRCh38_CMRG_11500	641	641	0.000468
GRCh38_CMRG_11807	641	641	0.000468
GRCh38_CMRG_2684	641	641	0.0
GRCh38_CMRG_27189	641	641	0.460616
GRCh38_CMRG_29727	641	641	0.0
GRCh38_CMRG_38202	641	641	0.424825
GRCh38_CMRG_42443	641	641	0.000102
GRCh38_CMRG_48827	641	641	0.0
GRCh38_CMRG_53095	641	641	0.0
GRCh38_CMRG_58338	641	641	0.063362
GRCh38_CMRG_68878	641	641	4.1e-05
GRCh38_CMRG_19346	640	640	0.000251
GRCh38_CMRG_25772	640	640	0.49492
GRCh38_CMRG_25773	640	640	0.49492
GRCh38_CMRG_29743	640	640	0.0
GRCh38_CMRG_32750	640	640	1.0
GRCh38_CMRG_33052	640	640	0.0
GRCh38_CMRG_41654	640	640	0.0
GRCh38_CMRG_48475	640	640	0.0
GRCh38_CMRG_52605	640	640	0.0
GRCh38_CMRG_53680	640	640	0.0
GRCh38_CMRG_54595	640	640	0.468237
GRCh38_CMRG_58139	640	640	0.524974
GRCh38_CMRG_65176	640	640	0.1195
GRCh38_CMRG_68031	640	640	0.0
GRCh38_CMRG_68727	640	640	0.0
GRCh38_CMRG_71643	640	640	0.0
GRCh38_CMRG_82058	640	640	0.207078
GRCh38_CMRG_988	640	640	0.99983
GRCh38_CMRG_13432	639	639	0.55617
GRCh38_CMRG_14233	639	639	0.0
GRCh38_CMRG_22072	639	639	0.0
GRCh38_CMRG_2254	639	639	0.43988
GRCh38_CMRG_26813	639	639	0.0
GRCh38_CMRG_2798	639	639	0.036114
GRCh38_CMRG_28421	639	639	0.244558
GRCh38_CMRG_31051	639	639	0.0
GRCh38_CMRG_34480	639	639	0.528466
GRCh38_CMRG_37045	639	639	0.0
GRCh38_CMRG_48530	639	639	0.086458
GRCh38_CMRG_63210	639	639	0.0
GRCh38_CMRG_64542	639	639	0.0
GRCh38_CMRG_68701	639	639	0.0
GRCh38_CMRG_73685	639	639	0.4191
GRCh38_CMRG_82096	639	639	0.0
GRCh38_CMRG_8907	639	639	0.002635
GRCh38_CMRG_24103	638	638	0.0
GRCh38_CMRG_26494	638	638	0.627896
GRCh38_CMRG_32277	638	638	0.0
GRCh38_CMRG_39369	638	638	0.217429
GRCh38_CMRG_40286	638	638	0.560382
GRCh38_CMRG_52675	638	638	0.0
GRCh38_CMRG_65646	638	638	0.0
GRCh38_CMRG_7909	638	638	0.0
GRCh38_CMRG_79662	638	638	0.0
GRCh38_CMRG_12717	637	637	0.42905
GRCh38_CMRG_18903	637	637	0.0
GRCh38_CMRG_41899	637	637	0.006164
GRCh38_CMRG_45066	637	637	0.0
GRCh38_CMRG_46455	637	637	0.332934
GRCh38_CMRG_64149	637	637	0.44826
GRCh38_CMRG_82680	637	637	0.0
GRCh38_CMRG_13411	636	636	0.047966
GRCh38_CMRG_1746	636	636	0.0
GRCh38_CMRG_39230	636	636	2.4e-05
GRCh38_CMRG_39839	636	636	0.48489
GRCh38_CMRG_39840	636	636	0.48489
GRCh38_CMRG_44207	636	636	0.0
GRCh38_CMRG_47033	636	636	0.0
GRCh38_CMRG_61660	636	636	0.4385
GRCh38_CMRG_6546	636	636	0.430598
GRCh38_CMRG_67308	636	636	0.568989
GRCh38_CMRG_81614	636	636	0.0
GRCh38_CMRG_82003	636	636	1.0
GRCh38_CMRG_82849	636	636	0.0
GRCh38_CMRG_83698	636	636	0.00765062
GRCh38_CMRG_12553	635	635	0.0
GRCh38_CMRG_16943	635	635	0.636
GRCh38_CMRG_42599	635	635	0.540764
GRCh38_CMRG_42600	635	635	0.540764
GRCh38_CMRG_54868	635	635	0.096955
GRCh38_CMRG_55120	635	635	7.7e-05
GRCh38_CMRG_63290	635	635	0.452723
GRCh38_CMRG_6444	635	635	0.0
GRCh38_CMRG_70718	635	635	0.0
GRCh38_CMRG_84010	635	635	0.575219
GRCh38_CMRG_12010	634	634	0.0
GRCh38_CMRG_14822	634	634	0.384549
GRCh38_CMRG_1877	634	634	0.0
GRCh38_CMRG_38470	634	634	0.000337
GRCh38_CMRG_40529	634	634	0.391135
GRCh38_CMRG_49821	634	634	0.471585
GRCh38_CMRG_50732	634	634	0.0
GRCh38_CMRG_50733	634	634	0.0
GRCh38_CMRG_53159	634	634	0.000148
GRCh38_CMRG_54263	634	634	0.0
GRCh38_CMRG_71816	634	634	0.534253
GRCh38_CMRG_72749	634	634	1.7e-05
GRCh38_CMRG_16480	633	633	0.008361
GRCh38_CMRG_19077	633	633	0.0
GRCh38_CMRG_19232	633	633	0.0
GRCh38_CMRG_23104	633	633	0.0
GRCh38_CMRG_29205	633	633	0.002512
GRCh38_CMRG_31545	633	633	0.001186
GRCh38_CMRG_32930	633	633	0.0
GRCh38_CMRG_36197	633	633	0.532782
GRCh38_CMRG_45624	633	633	8e-06
GRCh38_CMRG_51690	633	633	0.340425
GRCh38_CMRG_52055	633	633	0.0
GRCh38_CMRG_61016	633	633	0.53522
GRCh38_CMRG_64016	633	633	0.575699
GRCh38_CMRG_65563	633	633	0.0
GRCh38_CMRG_70655	633	633	0.124283
GRCh38_CMRG_77108	633	633	0.451136
GRCh38_CMRG_77487	633	633	0.000913
GRCh38_CMRG_11266	632	632	0.19561
GRCh38_CMRG_15029	632	632	8e-06
GRCh38_CMRG_28439	632	632	0.000532
GRCh38_CMRG_62223	632	632	0.48223
GRCh38_CMRG_63480	632	632	0.177907
GRCh38_CMRG_63481	632	632	0.177907
GRCh38_CMRG_64015	632	632	0.575699
GRCh38_CMRG_15094	631	631	0.460163
GRCh38_CMRG_19284	631	631	0.0
GRCh38_CMRG_2113	631	631	8e-06
GRCh38_CMRG_21849	631	631	0.237857
GRCh38_CMRG_39867	631	631	0.0
GRCh38_CMRG_44722	631	631	0.0
GRCh38_CMRG_44892	631	631	0.0
GRCh38_CMRG_45653	631	631	0.0
GRCh38_CMRG_54780	631	631	0.0
GRCh38_CMRG_62330	631	631	0.58957
GRCh38_CMRG_65849	631	631	0.0
GRCh38_CMRG_8468	631	631	0.70728
GRCh38_CMRG_12042	630	630	0.465731
GRCh38_CMRG_13377	630	630	0.144818
GRCh38_CMRG_18228	630	630	0.0
GRCh38_CMRG_19546	630	630	0.499219
GRCh38_CMRG_3100	630	630	0.0
GRCh38_CMRG_32386	630	630	0.531946
GRCh38_CMRG_33355	630	630	0.0
GRCh38_CMRG_48205	630	630	0.0
GRCh38_CMRG_58118	630	630	0.518756
GRCh38_CMRG_62331	630	630	0.58957
GRCh38_CMRG_65317	630	630	0.001482
GRCh38_CMRG_69115	630	630	0.0
GRCh38_CMRG_69431	630	630	0.500008
GRCh38_CMRG_70400	630	630	0.0
GRCh38_CMRG_24102	629	629	0.0
GRCh38_CMRG_32801	629	629	0.0
GRCh38_CMRG_40373	629	629	0.59076
GRCh38_CMRG_62401	629	629	0.0
GRCh38_CMRG_6303	629	629	0.781737
GRCh38_CMRG_69116	629	629	0.0
GRCh38_CMRG_73698	629	629	1.0
GRCh38_CMRG_13830	628	628	0.48467
GRCh38_CMRG_26832	628	628	0.547243
GRCh38_CMRG_32973	628	628	2.4e-05
GRCh38_CMRG_44001	628	628	0.0
GRCh38_CMRG_45196	628	628	0.0
GRCh38_CMRG_50272	628	628	0.417
GRCh38_CMRG_61898	628	628	0.000934
GRCh38_CMRG_63662	628	628	0.45687
GRCh38_CMRG_68098	628	628	0.25928
GRCh38_CMRG_81949	628	628	0.638891
GRCh38_CMRG_83795	628	628	0.0
GRCh38_CMRG_12462	627	627	0.000676
GRCh38_CMRG_13749	627	627	0.009109
GRCh38_CMRG_31759	627	627	0.0
GRCh38_CMRG_33167	627	627	0.0
GRCh38_CMRG_44082	627	627	0.0
GRCh38_CMRG_45384	627	627	0.020811
GRCh38_CMRG_47240	627	627	0.578017
GRCh38_CMRG_58335	627	627	0.0
GRCh38_CMRG_58336	627	627	0.0
GRCh38_CMRG_6330	627	627	8e-06
GRCh38_CMRG_70235	627	627	0.0
GRCh38_CMRG_83572	627	627	0.0
GRCh38_CMRG_15469	626	626	0.465035
GRCh38_CMRG_2926	626	626	0.454266
GRCh38_CMRG_46359	626	626	0.407714
GRCh38_CMRG_48665	626	626	0.359593
GRCh38_CMRG_49619	626	626	0.012575
GRCh38_CMRG_61787	626	626	0.190438
GRCh38_CMRG_6278	626	626	0.760597
GRCh38_CMRG_65518	626	626	0.0
GRCh38_CMRG_65726	626	626	0.0
GRCh38_CMRG_77386	626	626	0.000501
GRCh38_CMRG_79718	626	626	0.0
GRCh38_CMRG_81006	626	626	0.0
GRCh38_CMRG_1414	625	625	0.0
GRCh38_CMRG_1870	625	625	0.328516
GRCh38_CMRG_19430	625	625	0.321105
GRCh38_CMRG_24131	625	625	0.0
GRCh38_CMRG_28271	625	625	1.0
GRCh38_CMRG_31476	625	625	0.98625
GRCh38_CMRG_37221	625	625	0.0
GRCh38_CMRG_53801	625	625	1.0
GRCh38_CMRG_55425	625	625	0.0
GRCh38_CMRG_58178	625	625	0.016691
GRCh38_CMRG_62405	625	625	0.0
GRCh38_CMRG_63215	625	625	0.51332
GRCh38_CMRG_68239	625	625	0.0
GRCh38_CMRG_69505	625	625	0.010072
GRCh38_CMRG_79189	625	625	0.018092
GRCh38_CMRG_12498	624	624	0.455057
GRCh38_CMRG_33603	624	624	0.39592
GRCh38_CMRG_37361	624	624	0.008019
GRCh38_CMRG_51555	624	624	0.526951
GRCh38_CMRG_55426	624	624	0.0
GRCh38_CMRG_64972	624	624	0.0
GRCh38_CMRG_65073	624	624	0.080331
GRCh38_CMRG_68039	624	624	0.0
GRCh38_CMRG_73072	624	624	0.0
GRCh38_CMRG_77041	624	624	0.469681
GRCh38_CMRG_82323	624	624	0.0
GRCh38_CMRG_8469	624	624	0.0
GRCh38_CMRG_10797	623	623	0.047659
GRCh38_CMRG_52592	623	623	0.037413
GRCh38_CMRG_53477	623	623	0.44021
GRCh38_CMRG_54880	623	623	0.44905
GRCh38_CMRG_63678	623	623	0.004958
GRCh38_CMRG_67283	623	623	0.0
GRCh38_CMRG_68527	623	623	0.0
GRCh38_CMRG_68534	623	623	0.0
GRCh38_CMRG_7222	623	623	0.334256
GRCh38_CMRG_72588	623	623	0.0
GRCh38_CMRG_72674	623	623	0.0
GRCh38_CMRG_74840	623	623	0.48396
GRCh38_CMRG_1457	622	622	0.0
GRCh38_CMRG_15609	622	622	0.93627
GRCh38_CMRG_23865	622	622	0.0
GRCh38_CMRG_38999	622	622	0.315385
GRCh38_CMRG_45339	622	622	0.0
GRCh38_CMRG_46443	622	622	0.0
GRCh38_CMRG_49514	622	622	0.0
GRCh38_CMRG_67363	622	622	0.40152
GRCh38_CMRG_68487	622	622	0.376565
GRCh38_CMRG_68488	622	622	0.376565
GRCh38_CMRG_6941	622	622	0.0
GRCh38_CMRG_71095	622	622	0.551812
GRCh38_CMRG_7118	622	622	0.329888
GRCh38_CMRG_72606	622	622	9e-06
GRCh38_CMRG_77134	622	622	0.0
GRCh38_CMRG_83577	622	622	0.0
GRCh38_CMRG_11364	621	621	0.50143
GRCh38_CMRG_13409	621	621	0.0
GRCh38_CMRG_24323	621	621	0.0
GRCh38_CMRG_2910	621	621	0.258065
GRCh38_CMRG_38796	621	621	0.0
GRCh38_CMRG_46419	621	621	0.45651
GRCh38_CMRG_46619	621	621	0.454936
GRCh38_CMRG_50389	621	621	0.46127
GRCh38_CMRG_55694	621	621	0.709116
GRCh38_CMRG_58749	621	621	0.148597
GRCh38_CMRG_65959	621	621	0.0
GRCh38_CMRG_67634	621	621	0.0
GRCh38_CMRG_7215	621	621	8e-06
GRCh38_CMRG_72680	621	621	0.0
GRCh38_CMRG_77646	621	621	0.067897
GRCh38_CMRG_10783	620	620	0.047659
GRCh38_CMRG_17976	620	620	1e-05
GRCh38_CMRG_17977	620	620	1e-05
GRCh38_CMRG_23001	620	620	0.0
GRCh38_CMRG_23934	620	620	0.0
GRCh38_CMRG_27822	620	620	0.177134
GRCh38_CMRG_40771	620	620	0.345733
GRCh38_CMRG_50975	620	620	0.0
GRCh38_CMRG_53478	620	620	0.44021
GRCh38_CMRG_69633	620	620	0.0
GRCh38_CMRG_79117	620	620	0.481597
GRCh38_CMRG_18136	619	619	0.0
GRCh38_CMRG_22667	619	619	0.0
GRCh38_CMRG_26812	619	619	0.0
GRCh38_CMRG_32313	619	619	0.0
GRCh38_CMRG_47784	619	619	0.43611
GRCh38_CMRG_51945	619	619	0.0
GRCh38_CMRG_52515	619	619	0.07337
GRCh38_CMRG_52707	619	619	0.20684
GRCh38_CMRG_72669	619	619	0.0
GRCh38_CMRG_77613	619	619	0.000368
GRCh38_CMRG_1286	618	618	0.437201
GRCh38_CMRG_23482	618	618	0.015752
GRCh38_CMRG_27248	618	618	0.0
GRCh38_CMRG_32655	618	618	0.421681
GRCh38_CMRG_32849	618	618	0.0
GRCh38_CMRG_38768	618	618	0.000712
GRCh38_CMRG_41851	618	618	0.002369
GRCh38_CMRG_48829	618	618	0.0
GRCh38_CMRG_52725	618	618	0.46971
GRCh38_CMRG_52726	618	618	0.46971
GRCh38_CMRG_70900	618	618	0.579207
GRCh38_CMRG_83665	618	618	0.330665
GRCh38_CMRG_14811	617	617	0.512688
GRCh38_CMRG_19673	617	617	0.0
GRCh38_CMRG_41805	617	617	0.0
GRCh38_CMRG_52296	617	617	0.0
GRCh38_CMRG_52297	617	617	0.0
GRCh38_CMRG_6329	617	617	0.0
GRCh38_CMRG_69389	617	617	5e-05
GRCh38_CMRG_7658	617	617	0.0
GRCh38_CMRG_10736	616	616	0.047659
GRCh38_CMRG_11267	616	616	0.19561
GRCh38_CMRG_12238	616	616	0.0
GRCh38_CMRG_26909	616	616	0.0
GRCh38_CMRG_31216	616	616	0.448736
GRCh38_CMRG_33828	616	616	0.0
GRCh38_CMRG_34521	616	616	0.0
GRCh38_CMRG_44622	616	616	0.0
GRCh38_CMRG_48638	616	616	0.00721
GRCh38_CMRG_53532	616	616	0.69967
GRCh38_CMRG_68479	616	616	0.0
GRCh38_CMRG_77312	616	616	0.0
GRCh38_CMRG_81504	616	616	0.0
GRCh38_CMRG_8429	616	616	0.450124
GRCh38_CMRG_14618	615	615	0.461092
GRCh38_CMRG_19398	615	615	0.0
GRCh38_CMRG_35895	615	615	0.0
GRCh38_CMRG_40046	615	615	0.41301
GRCh38_CMRG_51783	615	615	0.0
GRCh38_CMRG_58488	615	615	0.0
GRCh38_CMRG_61475	615	615	0.499183
GRCh38_CMRG_68323	615	615	0.0
GRCh38_CMRG_69357	615	615	0.00073
GRCh38_CMRG_70285	615	615	0.468166
GRCh38_CMRG_70286	615	615	0.468166
GRCh38_CMRG_718	615	615	0.470295
GRCh38_CMRG_83650	615	615	0.338745
GRCh38_CMRG_11949	614	614	0.400562
GRCh38_CMRG_12687	614	614	0.0
GRCh38_CMRG_26419	614	614	0.396382
GRCh38_CMRG_37951	614	614	0.0
GRCh38_CMRG_38389	614	614	0.0
GRCh38_CMRG_47834	614	614	0.0
GRCh38_CMRG_59493	614	614	0.0
GRCh38_CMRG_69629	614	614	0.000351
GRCh38_CMRG_72670	614	614	0.0
GRCh38_CMRG_74476	614	614	0.0
GRCh38_CMRG_75455	614	614	0.0
GRCh38_CMRG_38187	613	613	0.0
GRCh38_CMRG_40772	613	613	0.345733
GRCh38_CMRG_41854	613	613	0.204056
GRCh38_CMRG_47099	613	613	0.333281
GRCh38_CMRG_48039	613	613	0.000133
GRCh38_CMRG_54543	613	613	0.413315
GRCh38_CMRG_54998	613	613	0.0
GRCh38_CMRG_62631	613	613	0.38204
GRCh38_CMRG_63704	613	613	0.340462
GRCh38_CMRG_72668	613	613	0.0
GRCh38_CMRG_72690	613	613	0.0
GRCh38_CMRG_23569	612	612	0.0
GRCh38_CMRG_24495	612	612	0.0
GRCh38_CMRG_38917	612	612	0.365717
GRCh38_CMRG_45880	612	612	0.0
GRCh38_CMRG_55504	612	612	0.0
GRCh38_CMRG_59548	612	612	0.511923
GRCh38_CMRG_60896	612	612	0.47448
GRCh38_CMRG_64383	612	612	0.40431
GRCh38_CMRG_69216	612	612	0.0
GRCh38_CMRG_71347	612	612	0.0
GRCh38_CMRG_73036	612	612	0.279628
GRCh38_CMRG_8195	612	612	0.0
GRCh38_CMRG_13131	611	611	0.000479
GRCh38_CMRG_14783	611	611	0.381199
GRCh38_CMRG_19919	611	611	0.0
GRCh38_CMRG_28139	611	611	0.0
GRCh38_CMRG_33738	611	611	0.0
GRCh38_CMRG_44948	611	611	0.0
GRCh38_CMRG_50936	611	611	0.502776
GRCh38_CMRG_67799	611	611	0.554206
GRCh38_CMRG_71348	611	611	0.001059
GRCh38_CMRG_72671	611	611	0.0
GRCh38_CMRG_72673	611	611	0.0
GRCh38_CMRG_16610	610	610	0.55234
GRCh38_CMRG_27428	610	610	0.0
GRCh38_CMRG_652	610	610	0.012036
GRCh38_CMRG_70737	610	610	0.0
GRCh38_CMRG_72961	610	610	0.0
GRCh38_CMRG_8191	610	610	0.0
GRCh38_CMRG_36744	609	609	0.39539
GRCh38_CMRG_37646	609	609	0.0
GRCh38_CMRG_46622	609	609	0.38829
GRCh38_CMRG_49515	609	609	0.0
GRCh38_CMRG_60427	609	609	0.0
GRCh38_CMRG_68705	609	609	0.389189
GRCh38_CMRG_77302	609	609	0.12869
GRCh38_CMRG_79020	609	609	0.018092
GRCh38_CMRG_13616	608	608	0.0
GRCh38_CMRG_15095	608	608	0.460163
GRCh38_CMRG_31289	608	608	0.503086
GRCh38_CMRG_39191	608	608	0.0
GRCh38_CMRG_40075	608	608	0.006854
GRCh38_CMRG_44494	608	608	0.0
GRCh38_CMRG_61897	608	608	0.000934
GRCh38_CMRG_62424	608	608	0.0
GRCh38_CMRG_62425	608	608	0.0
GRCh38_CMRG_65088	608	608	0.0
GRCh38_CMRG_65288	608	608	0.002554
GRCh38_CMRG_65289	608	608	0.002554
GRCh38_CMRG_709	608	608	0.50578
GRCh38_CMRG_74575	608	608	0.39929
GRCh38_CMRG_74970	608	608	0.006875
GRCh38_CMRG_79089	608	608	0.018092
GRCh38_CMRG_81	608	608	0.0
GRCh38_CMRG_8183	608	608	0.0
GRCh38_CMRG_8509	608	608	2.4e-05
GRCh38_CMRG_21966	607	607	0.327293
GRCh38_CMRG_25386	607	607	0.555637
GRCh38_CMRG_28962	607	607	0.414173
GRCh38_CMRG_32182	607	607	0.273361
GRCh38_CMRG_40222	607	607	0.0
GRCh38_CMRG_44371	607	607	0.38333
GRCh38_CMRG_48608	607	607	0.0
GRCh38_CMRG_53313	607	607	0.0
GRCh38_CMRG_68800	607	607	0.0
GRCh38_CMRG_72783	607	607	0.035813
GRCh38_CMRG_77315	607	607	0.0
GRCh38_CMRG_78960	607	607	0.018092
GRCh38_CMRG_82569	607	607	0.56968
GRCh38_CMRG_26	606	606	0.0
GRCh38_CMRG_41900	606	606	0.462973
GRCh38_CMRG_42578	606	606	0.0
GRCh38_CMRG_55107	606	606	0.0
GRCh38_CMRG_59450	606	606	0.001672
GRCh38_CMRG_63342	606	606	0.503158
GRCh38_CMRG_63343	606	606	0.503158
GRCh38_CMRG_65057	606	606	0.000127
GRCh38_CMRG_72305	606	606	0.60921
GRCh38_CMRG_10798	605	605	0.047659
GRCh38_CMRG_18478	605	605	0.0
GRCh38_CMRG_24044	605	605	0.0
GRCh38_CMRG_24045	605	605	0.0
GRCh38_CMRG_28461	605	605	0.0
GRCh38_CMRG_28604	605	605	0.194057
GRCh38_CMRG_30733	605	605	0.210318
GRCh38_CMRG_36390	605	605	0.40476
GRCh38_CMRG_53867	605	605	0.49272
GRCh38_CMRG_54747	605	605	0.99169
GRCh38_CMRG_68315	605	605	0.0
GRCh38_CMRG_70572	605	605	0.0
GRCh38_CMRG_74358	605	605	0.0
GRCh38_CMRG_74359	605	605	0.0
GRCh38_CMRG_75231	605	605	0.477577
GRCh38_CMRG_7595	605	605	0.0
GRCh38_CMRG_81440	605	605	0.5
GRCh38_CMRG_83912	605	605	0.0
GRCh38_CMRG_13994	604	604	0.0
GRCh38_CMRG_23901	604	604	0.0
GRCh38_CMRG_27727	604	604	0.43523
GRCh38_CMRG_31250	604	604	0.0
GRCh38_CMRG_32933	604	604	0.203299
GRCh38_CMRG_48140	604	604	0.021469
GRCh38_CMRG_54137	604	604	0.004407
GRCh38_CMRG_60005	604	604	0.004015
GRCh38_CMRG_65053	604	604	0.000127
GRCh38_CMRG_72179	604	604	0.006469
GRCh38_CMRG_73808	604	604	0.397685
GRCh38_CMRG_74000	604	604	0.850445
GRCh38_CMRG_79034	604	604	0.257039
GRCh38_CMRG_79035	604	604	0.257039
GRCh38_CMRG_1217	603	603	0.0
GRCh38_CMRG_14500	603	603	0.151266
GRCh38_CMRG_18276	603	603	0.0
GRCh38_CMRG_33446	603	603	0.0
GRCh38_CMRG_44563	603	603	0.0
GRCh38_CMRG_49065	603	603	0.0
GRCh38_CMRG_50513	603	603	0.562924
GRCh38_CMRG_51781	603	603	0.0
GRCh38_CMRG_5533	603	603	0.000968
GRCh38_CMRG_61102	603	603	0.0
GRCh38_CMRG_61346	603	603	0.0
GRCh38_CMRG_61654	603	603	0.40061
GRCh38_CMRG_67946	603	603	0.002855
GRCh38_CMRG_70255	603	603	0.0
GRCh38_CMRG_82157	603	603	0.0
GRCh38_CMRG_82714	603	603	9e-06
GRCh38_CMRG_83742	603	603	0.0
GRCh38_CMRG_27728	602	602	0.43523
GRCh38_CMRG_37906	602	602	0.0
GRCh38_CMRG_41004	602	602	0.481204
GRCh38_CMRG_41005	602	602	0.481204
GRCh38_CMRG_45734	602	602	0.506638
GRCh38_CMRG_47330	602	602	0.42823
GRCh38_CMRG_50445	602	602	0.402016
GRCh38_CMRG_53128	602	602	0.469118
GRCh38_CMRG_72460	602	602	0.0
GRCh38_CMRG_72677	602	602	0.0
GRCh38_CMRG_77549	602	602	0.0
GRCh38_CMRG_79119	602	602	0.41254
GRCh38_CMRG_21187	601	601	0.0
GRCh38_CMRG_21188	601	601	0.0
GRCh38_CMRG_48770	601	601	0.0
GRCh38_CMRG_48850	601	601	0.0
GRCh38_CMRG_50397	601	601	0.0
GRCh38_CMRG_60373	601	601	0.0
GRCh38_CMRG_68811	601	601	0.007216
GRCh38_CMRG_74719	601	601	0.0
GRCh38_CMRG_10577	600	600	0.238167
GRCh38_CMRG_19968	600	600	0.0
GRCh38_CMRG_33107	600	600	0.0
GRCh38_CMRG_34257	600	600	0.0
GRCh38_CMRG_50278	600	600	0.39446
GRCh38_CMRG_54246	600	600	0.000281
GRCh38_CMRG_68517	600	600	0.09669
GRCh38_CMRG_79254	600	600	0.018092
GRCh38_CMRG_80040	600	600	0.0
GRCh38_CMRG_12204	599	599	0.358103
GRCh38_CMRG_12205	599	599	0.358103
GRCh38_CMRG_1759	599	599	0.000192
GRCh38_CMRG_18883	599	599	0.0
GRCh38_CMRG_23094	599	599	0.447902
GRCh38_CMRG_26993	599	599	0.476741
GRCh38_CMRG_31974	599	599	0.0
GRCh38_CMRG_41850	599	599	0.002369
GRCh38_CMRG_47299	599	599	0.48135
GRCh38_CMRG_53954	599	599	1.0
GRCh38_CMRG_54671	599	599	0.292462
GRCh38_CMRG_54677	599	599	0.407861
GRCh38_CMRG_59199	599	599	0.53348
GRCh38_CMRG_72695	599	599	0.002396
GRCh38_CMRG_72696	599	599	0.002396
GRCh38_CMRG_74353	599	599	0.0
GRCh38_CMRG_75036	599	599	0.0
GRCh38_CMRG_11776	598	598	0.409464
GRCh38_CMRG_18684	598	598	0.111324
GRCh38_CMRG_23889	598	598	0.0
GRCh38_CMRG_28309	598	598	0.0
GRCh38_CMRG_37533	598	598	0.39791
GRCh38_CMRG_52176	598	598	0.450859
GRCh38_CMRG_52479	598	598	0.0
GRCh38_CMRG_62248	598	598	0.0
GRCh38_CMRG_65119	598	598	8e-06
GRCh38_CMRG_68382	598	598	0.0
GRCh38_CMRG_30024	597	597	4.6e-05
GRCh38_CMRG_31389	597	597	0.0
GRCh38_CMRG_32634	597	597	0.0
GRCh38_CMRG_40386	597	597	0.232691
GRCh38_CMRG_41853	597	597	0.0
GRCh38_CMRG_42163	597	597	0.538269
GRCh38_CMRG_44225	597	597	0.485514
GRCh38_CMRG_59964	597	597	0.490037
GRCh38_CMRG_63589	597	597	0.3886
GRCh38_CMRG_63590	597	597	0.3886
GRCh38_CMRG_68078	597	597	0.0
GRCh38_CMRG_75052	597	597	0.0
GRCh38_CMRG_9364	597	597	0.354622
GRCh38_CMRG_13993	596	596	0.9989
GRCh38_CMRG_2315	596	596	0.458974
GRCh38_CMRG_30865	596	596	8.5e-05
GRCh38_CMRG_40740	596	596	0.016765
GRCh38_CMRG_44760	596	596	0.0
GRCh38_CMRG_45111	596	596	0.0
GRCh38_CMRG_45992	596	596	0.020077
GRCh38_CMRG_49404	596	596	0.0
GRCh38_CMRG_65461	596	596	0.490697
GRCh38_CMRG_67309	596	596	0.0
GRCh38_CMRG_69221	596	596	0.0
GRCh38_CMRG_69854	596	596	0.36517
GRCh38_CMRG_81874	596	596	0.021782
GRCh38_CMRG_13045	595	595	0.38041
GRCh38_CMRG_13593	595	595	0.0
GRCh38_CMRG_23859	595	595	1.7e-05
GRCh38_CMRG_31390	595	595	0.0
GRCh38_CMRG_45038	595	595	0.0
GRCh38_CMRG_46213	595	595	0.34181
GRCh38_CMRG_53007	595	595	0.406759
GRCh38_CMRG_54329	595	595	0.0
GRCh38_CMRG_59423	595	595	0.0
GRCh38_CMRG_5974	595	595	0.121008
GRCh38_CMRG_69416	595	595	0.631595
GRCh38_CMRG_84509	595	595	0.00283641
GRCh38_CMRG_2314	594	594	0.458974
GRCh38_CMRG_24292	594	594	0.0
GRCh38_CMRG_34784	594	594	0.376689
GRCh38_CMRG_35981	594	594	0.0
GRCh38_CMRG_41524	594	594	0.0
GRCh38_CMRG_41812	594	594	0.0
GRCh38_CMRG_50945	594	594	0.0
GRCh38_CMRG_53985	594	594	0.00282
GRCh38_CMRG_62159	594	594	0.0
GRCh38_CMRG_65263	594	594	0.0
GRCh38_CMRG_74833	594	594	0.80192
GRCh38_CMRG_74834	594	594	0.80192
GRCh38_CMRG_9759	594	594	0.39232
GRCh38_CMRG_13613	593	593	0.0
GRCh38_CMRG_13614	593	593	0.0
GRCh38_CMRG_15007	593	593	0.00013
GRCh38_CMRG_23465	593	593	0.0
GRCh38_CMRG_27464	593	593	0.010518
GRCh38_CMRG_33072	593	593	0.0
GRCh38_CMRG_51453	593	593	0.401236
GRCh38_CMRG_55221	593	593	0.0
GRCh38_CMRG_60408	593	593	0.0
GRCh38_CMRG_65231	593	593	0.142765
GRCh38_CMRG_68091	593	593	0.0
GRCh38_CMRG_70598	593	593	0.54392
GRCh38_CMRG_72962	593	593	0.0
GRCh38_CMRG_81951	593	593	0.24688
GRCh38_CMRG_10943	592	592	0.047659
GRCh38_CMRG_1856	592	592	0.0
GRCh38_CMRG_28571	592	592	0.0
GRCh38_CMRG_45010	592	592	0.031374
GRCh38_CMRG_48609	592	592	0.0
GRCh38_CMRG_51715	592	592	0.439695
GRCh38_CMRG_63447	592	592	0.206996
GRCh38_CMRG_81450	592	592	0.362541
GRCh38_CMRG_18687	591	591	0.066698
GRCh38_CMRG_18688	591	591	0.066698
GRCh38_CMRG_21886	591	591	0.237857
GRCh38_CMRG_41989	591	591	0.0
GRCh38_CMRG_41990	591	591	0.0
GRCh38_CMRG_49525	591	591	0.000181
GRCh38_CMRG_61476	591	591	0.000683
GRCh38_CMRG_6752	591	591	0.0
GRCh38_CMRG_68130	591	591	0.0
GRCh38_CMRG_68367	591	591	0.0
GRCh38_CMRG_69585	591	591	0.0
GRCh38_CMRG_82087	591	591	0.0
GRCh38_CMRG_8991	591	591	0.0
GRCh38_CMRG_1306	590	590	0.39588
GRCh38_CMRG_19922	590	590	0.0
GRCh38_CMRG_33504	590	590	0.0
GRCh38_CMRG_36184	590	590	0.435656
GRCh38_CMRG_41732	590	590	0.0
GRCh38_CMRG_50741	590	590	8e-06
GRCh38_CMRG_50742	590	590	8e-06
GRCh38_CMRG_55431	590	590	0.0
GRCh38_CMRG_62607	590	590	0.0
GRCh38_CMRG_6328	590	590	0.0
GRCh38_CMRG_65089	590	590	0.0
GRCh38_CMRG_65262	590	590	0.0
GRCh38_CMRG_72691	590	590	0.0
GRCh38_CMRG_74486	590	590	0.011095
GRCh38_CMRG_74623	590	590	0.0
GRCh38_CMRG_8023	590	590	0.449595
GRCh38_CMRG_81003	590	590	0.0
GRCh38_CMRG_81439	590	590	0.5
GRCh38_CMRG_8611	590	590	0.001097
GRCh38_CMRG_13011	589	589	0.031482
GRCh38_CMRG_24816	589	589	0.39836
GRCh38_CMRG_26246	589	589	0.0
GRCh38_CMRG_32974	589	589	0.0
GRCh38_CMRG_32975	589	589	0.0
GRCh38_CMRG_34497	589	589	0.0
GRCh38_CMRG_37969	589	589	0.099045
GRCh38_CMRG_40924	589	589	0.0
GRCh38_CMRG_41785	589	589	0.22284
GRCh38_CMRG_50916	589	589	0.0
GRCh38_CMRG_54501	589	589	0.0
GRCh38_CMRG_59541	589	589	0.0
GRCh38_CMRG_67499	589	589	0.30428
GRCh38_CMRG_68118	589	589	0.0
GRCh38_CMRG_70661	589	589	0.000114
GRCh38_CMRG_71793	589	589	0.0
GRCh38_CMRG_7577	589	589	0.466203
GRCh38_CMRG_79209	589	589	0.018092
GRCh38_CMRG_81508	589	589	8e-06
GRCh38_CMRG_82518	589	589	0.0
GRCh38_CMRG_11127	588	588	0.047659
GRCh38_CMRG_15483	588	588	0.0
GRCh38_CMRG_17637	588	588	0.94259
GRCh38_CMRG_24475	588	588	0.0
GRCh38_CMRG_24494	588	588	0.0
GRCh38_CMRG_43983	588	588	0.730717
GRCh38_CMRG_48138	588	588	0.000273
GRCh38_CMRG_49988	588	588	0.0
GRCh38_CMRG_61656	588	588	0.43467
GRCh38_CMRG_61945	588	588	0.0
GRCh38_CMRG_62406	588	588	0.0
GRCh38_CMRG_67239	588	588	0.014215
GRCh38_CMRG_68396	588	588	0.407565
GRCh38_CMRG_73553	588	588	0.393757
GRCh38_CMRG_75673	588	588	0.0
GRCh38_CMRG_29192	587	587	0.99818
GRCh38_CMRG_31387	587	587	0.562876
GRCh38_CMRG_34058	587	587	0.0
GRCh38_CMRG_37082	587	587	0.452202
GRCh38_CMRG_41927	587	587	0.001731
GRCh38_CMRG_41928	587	587	0.001731
GRCh38_CMRG_62403	587	587	0.0
GRCh38_CMRG_65225	587	587	0.0
GRCh38_CMRG_11179	586	586	0.047659
GRCh38_CMRG_16564	586	586	0.410824
GRCh38_CMRG_17709	586	586	0.38082
GRCh38_CMRG_36870	586	586	0.0
GRCh38_CMRG_38337	586	586	0.0
GRCh38_CMRG_43650	586	586	0.473686
GRCh38_CMRG_58592	586	586	0.0
GRCh38_CMRG_65076	586	586	0.012278
GRCh38_CMRG_69374	586	586	0.432768
GRCh38_CMRG_80960	586	586	0.0
GRCh38_CMRG_12754	585	585	0.0
GRCh38_CMRG_12755	585	585	0.0
GRCh38_CMRG_1458	585	585	0.0
GRCh38_CMRG_21885	585	585	0.237857
GRCh38_CMRG_23788	585	585	0.0
GRCh38_CMRG_26744	585	585	0.426871
GRCh38_CMRG_43767	585	585	0.404136
GRCh38_CMRG_44083	585	585	0.589894
GRCh38_CMRG_44084	585	585	0.589894
GRCh38_CMRG_65091	585	585	0.0
GRCh38_CMRG_72953	585	585	0.0
GRCh38_CMRG_29103	584	584	0.0
GRCh38_CMRG_32981	584	584	0.0
GRCh38_CMRG_36427	584	584	0.011126
GRCh38_CMRG_44997	584	584	0.0
GRCh38_CMRG_46291	584	584	0.0
GRCh38_CMRG_51658	584	584	0.359383
GRCh38_CMRG_58721	584	584	0.457055
GRCh38_CMRG_74457	584	584	0.3701
GRCh38_CMRG_7787	584	584	0.0
GRCh38_CMRG_7788	584	584	0.0
GRCh38_CMRG_9677	584	584	0.000468
GRCh38_CMRG_13460	583	583	0.0
GRCh38_CMRG_15336	583	583	0.427596
GRCh38_CMRG_2265	583	583	0.043004
GRCh38_CMRG_28146	583	583	0.0
GRCh38_CMRG_32327	583	583	0.0
GRCh38_CMRG_50475	583	583	0.362066
GRCh38_CMRG_58573	583	583	0.434734
GRCh38_CMRG_61662	583	583	0.334842
GRCh38_CMRG_74014	583	583	0.0
GRCh38_CMRG_76794	583	583	0.0
GRCh38_CMRG_13561	582	582	5.6e-05
GRCh38_CMRG_17127	582	582	0.327553
GRCh38_CMRG_34244	582	582	0.0
GRCh38_CMRG_37671	582	582	0.0
GRCh38_CMRG_38298	582	582	0.0
GRCh38_CMRG_49669	582	582	0.3867
GRCh38_CMRG_73640	582	582	0.0
GRCh38_CMRG_79717	582	582	0.0
GRCh38_CMRG_80020	582	582	0.0
GRCh38_CMRG_81807	582	582	0.099931
GRCh38_CMRG_82422	582	582	0.0
GRCh38_CMRG_17081	581	581	0.0
GRCh38_CMRG_40387	581	581	0.000195
GRCh38_CMRG_44474	581	581	0.535098
GRCh38_CMRG_49207	581	581	0.0
GRCh38_CMRG_58119	581	581	0.423275
GRCh38_CMRG_71006	581	581	0.0
GRCh38_CMRG_72747	581	581	0.0
GRCh38_CMRG_11810	580	580	0.000468
GRCh38_CMRG_21148	580	580	0.0
GRCh38_CMRG_21735	580	580	0.519311
GRCh38_CMRG_23481	580	580	0.486574
GRCh38_CMRG_28112	580	580	0.0
GRCh38_CMRG_38640	580	580	0.0
GRCh38_CMRG_38642	580	580	0.0
GRCh38_CMRG_42531	580	580	0.0
GRCh38_CMRG_45644	580	580	0.0
GRCh38_CMRG_54134	580	580	0.381666
GRCh38_CMRG_59654	580	580	0.334786
GRCh38_CMRG_60405	580	580	0.506741
GRCh38_CMRG_61777	580	580	0.37696
GRCh38_CMRG_68744	580	580	0.49666
GRCh38_CMRG_68835	580	580	0.0
GRCh38_CMRG_73305	580	580	0.186753
GRCh38_CMRG_84510	580	580	0.00283641
GRCh38_CMRG_14902	579	579	0.0
GRCh38_CMRG_23714	579	579	0.42024
GRCh38_CMRG_42010	579	579	0.0
GRCh38_CMRG_49363	579	579	0.0
GRCh38_CMRG_55258	579	579	0.0
GRCh38_CMRG_59804	579	579	0.000781
GRCh38_CMRG_62445	579	579	0.0
GRCh38_CMRG_63805	579	579	0.40596
GRCh38_CMRG_64887	579	579	0.0
GRCh38_CMRG_68095	579	579	0.305119
GRCh38_CMRG_6856	579	579	0.272475
GRCh38_CMRG_68823	579	579	0.0
GRCh38_CMRG_72666	579	579	0.0
GRCh38_CMRG_77433	579	579	3.5e-05
GRCh38_CMRG_9150	579	579	0.000468
GRCh38_CMRG_1050	578	578	0.165568
GRCh38_CMRG_10590	578	578	0.047659
GRCh38_CMRG_10633	578	578	0.287235
GRCh38_CMRG_13634	578	578	0.169321
GRCh38_CMRG_1692	578	578	0.280053
GRCh38_CMRG_46866	578	578	0.4317
GRCh38_CMRG_48442	578	578	0.0
GRCh38_CMRG_51768	578	578	0.0
GRCh38_CMRG_58994	578	578	0.36961
GRCh38_CMRG_62618	578	578	0.0
GRCh38_CMRG_27148	577	577	0.000413
GRCh38_CMRG_30952	577	577	0.424051
GRCh38_CMRG_36571	577	577	0.0
GRCh38_CMRG_38131	577	577	0.000589
GRCh38_CMRG_41758	577	577	0.310274
GRCh38_CMRG_42488	577	577	0.397159
GRCh38_CMRG_48615	577	577	0.43932
GRCh38_CMRG_50978	577	577	0.380112
GRCh38_CMRG_50979	577	577	0.380112
GRCh38_CMRG_53694	577	577	0.032123
GRCh38_CMRG_61029	577	577	0.0
GRCh38_CMRG_61538	577	577	0.0
GRCh38_CMRG_77509	577	577	0.081328
GRCh38_CMRG_79605	577	577	0.0
GRCh38_CMRG_81422	577	577	0.0
GRCh38_CMRG_12467	576	576	0.36996
GRCh38_CMRG_3101	576	576	0.0
GRCh38_CMRG_39295	576	576	0.425459
GRCh38_CMRG_53102	576	576	0.000938
GRCh38_CMRG_60374	576	576	0.0
GRCh38_CMRG_70507	576	576	0.211046
GRCh38_CMRG_71781	576	576	0.0
GRCh38_CMRG_72748	576	576	1.7e-05
GRCh38_CMRG_79019	576	576	0.018092
GRCh38_CMRG_79606	576	576	0.149888
GRCh38_CMRG_84320	576	576	0.894826
GRCh38_CMRG_9511	576	576	0.001893
GRCh38_CMRG_14543	575	575	0.0
GRCh38_CMRG_19344	575	575	0.009929
GRCh38_CMRG_23931	575	575	0.0
GRCh38_CMRG_37571	575	575	0.026942
GRCh38_CMRG_53354	575	575	0.399066
GRCh38_CMRG_73796	575	575	0.0
GRCh38_CMRG_8756	575	575	0.4074
GRCh38_CMRG_9388	575	575	0.000468
GRCh38_CMRG_11283	574	574	0.057255
GRCh38_CMRG_11371	574	574	0.430871
GRCh38_CMRG_1583	574	574	0.470449
GRCh38_CMRG_2477	574	574	0.232128
GRCh38_CMRG_27463	574	574	0.010518
GRCh38_CMRG_32736	574	574	0.0
GRCh38_CMRG_36134	574	574	0.654398
GRCh38_CMRG_40823	574	574	0.343584
GRCh38_CMRG_42161	574	574	0.538269
GRCh38_CMRG_42412	574	574	0.44371
GRCh38_CMRG_48441	574	574	0.0
GRCh38_CMRG_51909	574	574	0.006567
GRCh38_CMRG_53355	574	574	0.399066
GRCh38_CMRG_54285	574	574	0.39397
GRCh38_CMRG_60409	574	574	0.0
GRCh38_CMRG_607	574	574	8e-06
GRCh38_CMRG_62379	574	574	1.0
GRCh38_CMRG_72692	574	574	0.0
GRCh38_CMRG_76860	574	574	0.0
GRCh38_CMRG_1051	573	573	0.165568
GRCh38_CMRG_11372	573	573	0.430871
GRCh38_CMRG_22703	573	573	0.347175
GRCh38_CMRG_24338	573	573	0.290879
GRCh38_CMRG_34218	573	573	0.0
GRCh38_CMRG_40524	573	573	0.0
GRCh38_CMRG_42273	573	573	0.36063
GRCh38_CMRG_49394	573	573	0.0
GRCh38_CMRG_67636	573	573	0.059261
GRCh38_CMRG_72464	573	573	0.037435
GRCh38_CMRG_13348	572	572	0.0
GRCh38_CMRG_13916	572	572	0.0
GRCh38_CMRG_15134	572	572	0.0
GRCh38_CMRG_17027	572	572	0.0
GRCh38_CMRG_31901	572	572	0.412472
GRCh38_CMRG_36687	572	572	0.41004
GRCh38_CMRG_37909	572	572	4.8e-05
GRCh38_CMRG_40304	572	572	0.394877
GRCh38_CMRG_41882	572	572	0.0
GRCh38_CMRG_45374	572	572	0.0
GRCh38_CMRG_50192	572	572	0.355195
GRCh38_CMRG_50997	572	572	1.0
GRCh38_CMRG_51199	572	572	0.422688
GRCh38_CMRG_58750	572	572	0.01155
GRCh38_CMRG_73729	572	572	0.0
GRCh38_CMRG_74356	572	572	0.260063
GRCh38_CMRG_16917	571	571	0.0
GRCh38_CMRG_18857	571	571	0.0
GRCh38_CMRG_2433	571	571	0.0
GRCh38_CMRG_36050	571	571	0.0
GRCh38_CMRG_37877	571	571	0.0
GRCh38_CMRG_41747	571	571	0.002941
GRCh38_CMRG_41902	571	571	0.39166
GRCh38_CMRG_54262	571	571	0.0
GRCh38_CMRG_59547	571	571	0.0
GRCh38_CMRG_59790	571	571	0.37207
GRCh38_CMRG_61415	571	571	0.020866
GRCh38_CMRG_62398	571	571	0.0
GRCh38_CMRG_69786	571	571	0.199622
GRCh38_CMRG_71456	571	571	0.366187
GRCh38_CMRG_73792	571	571	0.001016
GRCh38_CMRG_75445	571	571	0.4615
GRCh38_CMRG_12684	570	570	0.0
GRCh38_CMRG_16524	570	570	0.0
GRCh38_CMRG_18686	570	570	0.006023
GRCh38_CMRG_37971	570	570	0.0
GRCh38_CMRG_38244	570	570	0.000168
GRCh38_CMRG_38250	570	570	0.0
GRCh38_CMRG_40507	570	570	0.0
GRCh38_CMRG_41881	570	570	0.0
GRCh38_CMRG_50532	570	570	0.0
GRCh38_CMRG_61101	570	570	0.0
GRCh38_CMRG_73641	570	570	0.0
GRCh38_CMRG_75150	570	570	0.0
GRCh38_CMRG_77510	570	570	0.081328
GRCh38_CMRG_79756	570	570	0.0
GRCh38_CMRG_81590	570	570	0.0
GRCh38_CMRG_13296	569	569	0.0
GRCh38_CMRG_14187	569	569	0.077036
GRCh38_CMRG_23924	569	569	0.0
GRCh38_CMRG_24684	569	569	0.457246
GRCh38_CMRG_32166	569	569	0.434231
GRCh38_CMRG_36326	569	569	0.447776
GRCh38_CMRG_40506	569	569	0.0
GRCh38_CMRG_41581	569	569	0.0
GRCh38_CMRG_45180	569	569	0.0
GRCh38_CMRG_45216	569	569	0.0
GRCh38_CMRG_58467	569	569	0.00102
GRCh38_CMRG_66959	569	569	0.003935
GRCh38_CMRG_79348	569	569	0.018092
GRCh38_CMRG_79349	569	569	0.018092
GRCh38_CMRG_81591	569	569	0.0
GRCh38_CMRG_18465	568	568	0.0
GRCh38_CMRG_38775	568	568	0.395908
GRCh38_CMRG_55288	568	568	0.320721
GRCh38_CMRG_68729	568	568	0.0
GRCh38_CMRG_72655	568	568	0.0
GRCh38_CMRG_83278	568	568	0.0
GRCh38_CMRG_84297	568	568	0.262119
GRCh38_CMRG_14861	567	567	0.277833
GRCh38_CMRG_18464	567	567	0.0
GRCh38_CMRG_24253	567	567	0.0
GRCh38_CMRG_2509	567	567	0.0
GRCh38_CMRG_27917	567	567	0.0
GRCh38_CMRG_31429	567	567	1.6e-05
GRCh38_CMRG_36099	567	567	0.0
GRCh38_CMRG_40954	567	567	0.37997
GRCh38_CMRG_48474	567	567	0.002647
GRCh38_CMRG_52400	567	567	0.117433
GRCh38_CMRG_6008	567	567	0.0
GRCh38_CMRG_6243	567	567	0.3255
GRCh38_CMRG_62525	567	567	0.000333
GRCh38_CMRG_65101	567	567	8e-06
GRCh38_CMRG_75484	567	567	0.223293
GRCh38_CMRG_7978	567	567	0.37626
GRCh38_CMRG_82339	567	567	0.240658
GRCh38_CMRG_82340	567	567	0.240658
GRCh38_CMRG_8416	567	567	0.0
GRCh38_CMRG_9758	567	567	0.000468
GRCh38_CMRG_16577	566	566	0.0
GRCh38_CMRG_16594	566	566	0.000104
GRCh38_CMRG_21736	566	566	0.237857
GRCh38_CMRG_23397	566	566	0.34236
GRCh38_CMRG_2476	566	566	0.232128
GRCh38_CMRG_25998	566	566	0.0
GRCh38_CMRG_28127	566	566	0.0
GRCh38_CMRG_32164	566	566	0.35217
GRCh38_CMRG_36307	566	566	0.0
GRCh38_CMRG_36596	566	566	5.1e-05
GRCh38_CMRG_37676	566	566	0.0
GRCh38_CMRG_54505	566	566	0.000131
GRCh38_CMRG_55608	566	566	0.0
GRCh38_CMRG_60303	566	566	0.0
GRCh38_CMRG_60581	566	566	0.0
GRCh38_CMRG_82542	566	566	5.4e-05
GRCh38_CMRG_82847	566	566	0.736829
GRCh38_CMRG_11986	565	565	0.300909
GRCh38_CMRG_24055	565	565	0.306621
GRCh38_CMRG_24164	565	565	0.00016
GRCh38_CMRG_37641	565	565	0.50989
GRCh38_CMRG_40970	565	565	0.0
GRCh38_CMRG_50464	565	565	0.0
GRCh38_CMRG_60801	565	565	0.47541
GRCh38_CMRG_6129	565	565	0.503696
GRCh38_CMRG_68303	565	565	0.007701
GRCh38_CMRG_69499	565	565	0.000286
GRCh38_CMRG_7216	565	565	8e-06
GRCh38_CMRG_77159	565	565	0.0
GRCh38_CMRG_79205	565	565	0.51037
GRCh38_CMRG_27720	564	564	0.000229
GRCh38_CMRG_37821	564	564	0.456523
GRCh38_CMRG_38463	564	564	0.0
GRCh38_CMRG_41435	564	564	0.447007
GRCh38_CMRG_51769	564	564	0.0
GRCh38_CMRG_61455	564	564	0.0
GRCh38_CMRG_69622	564	564	0.0
GRCh38_CMRG_70942	564	564	0.0
GRCh38_CMRG_80025	564	564	0.009251
GRCh38_CMRG_14051	563	563	0.562034
GRCh38_CMRG_19127	563	563	0.0
GRCh38_CMRG_25203	563	563	0.47708
GRCh38_CMRG_33117	563	563	0.0
GRCh38_CMRG_37000	563	563	0.006178
GRCh38_CMRG_40523	563	563	0.0
GRCh38_CMRG_42015	563	563	0.36244
GRCh38_CMRG_54444	563	563	0.0
GRCh38_CMRG_54445	563	563	0.0
GRCh38_CMRG_60400	563	563	0.0
GRCh38_CMRG_63681	563	563	0.0
GRCh38_CMRG_11233	562	562	0.047659
GRCh38_CMRG_21532	562	562	0.237857
GRCh38_CMRG_23464	562	562	0.0
GRCh38_CMRG_24364	562	562	0.0
GRCh38_CMRG_37446	562	562	0.0
GRCh38_CMRG_52981	562	562	0.498794
GRCh38_CMRG_54974	562	562	0.0
GRCh38_CMRG_63568	562	562	0.0
GRCh38_CMRG_72898	562	562	0.140766
GRCh38_CMRG_74313	562	562	8e-06
GRCh38_CMRG_76755	562	562	0.27403
GRCh38_CMRG_77647	562	562	0.067897
GRCh38_CMRG_18385	561	561	0.0
GRCh38_CMRG_21709	561	561	0.4307
GRCh38_CMRG_21710	561	561	0.4307
GRCh38_CMRG_29122	561	561	0.069139
GRCh38_CMRG_38472	561	561	0.0
GRCh38_CMRG_52881	561	561	0.339994
GRCh38_CMRG_55138	561	561	0.0
GRCh38_CMRG_60404	561	561	0.506741
GRCh38_CMRG_68107	561	561	0.000468
GRCh38_CMRG_73755	561	561	0.399572
GRCh38_CMRG_81746	561	561	0.0
GRCh38_CMRG_11658	560	560	0.000468
GRCh38_CMRG_17142	560	560	0.0
GRCh38_CMRG_2388	560	560	0.000105
GRCh38_CMRG_2418	560	560	0.420799
GRCh38_CMRG_38072	560	560	0.0
GRCh38_CMRG_40450	560	560	0.402455
GRCh38_CMRG_49469	560	560	0.0
GRCh38_CMRG_53144	560	560	0.442479
GRCh38_CMRG_54330	560	560	0.0
GRCh38_CMRG_62616	560	560	0.0
GRCh38_CMRG_63958	560	560	0.297846
GRCh38_CMRG_68452	560	560	0.0
GRCh38_CMRG_72368	560	560	2.4e-05
GRCh38_CMRG_7678	560	560	0.410961
GRCh38_CMRG_81772	560	560	0.0
GRCh38_CMRG_83719	560	560	0.790005
GRCh38_CMRG_8591	560	560	0.0
GRCh38_CMRG_9078	560	560	0.000468
GRCh38_CMRG_10847	559	559	0.047659
GRCh38_CMRG_45385	559	559	0.020811
GRCh38_CMRG_45959	559	559	1.0
GRCh38_CMRG_47748	559	559	0.562525
GRCh38_CMRG_49050	559	559	0.227677
GRCh38_CMRG_53177	559	559	0.139737
GRCh38_CMRG_59474	559	559	8e-06
GRCh38_CMRG_6287	559	559	0.0
GRCh38_CMRG_17782	558	558	0.45985
GRCh38_CMRG_17840	558	558	0.443615
GRCh38_CMRG_18033	558	558	0.0
GRCh38_CMRG_31336	558	558	0.0
GRCh38_CMRG_38302	558	558	0.0
GRCh38_CMRG_46093	558	558	0.122121
GRCh38_CMRG_58288	558	558	0.039314
GRCh38_CMRG_61554	558	558	0.392475
GRCh38_CMRG_61555	558	558	0.392475
GRCh38_CMRG_6809	558	558	0.3715
GRCh38_CMRG_72819	558	558	0.001443
GRCh38_CMRG_73170	558	558	0.40685
GRCh38_CMRG_17300	557	557	0.001717
GRCh38_CMRG_29247	557	557	0.0
GRCh38_CMRG_32731	557	557	7.4e-05
GRCh38_CMRG_42345	557	557	0.0
GRCh38_CMRG_51267	557	557	0.46197
GRCh38_CMRG_71968	557	557	0.41111
GRCh38_CMRG_71969	557	557	0.41111
GRCh38_CMRG_79597	557	557	0.400343
GRCh38_CMRG_9454	557	557	0.000468
GRCh38_CMRG_13682	556	556	0.0
GRCh38_CMRG_18275	556	556	0.0
GRCh38_CMRG_2799	556	556	0.036114
GRCh38_CMRG_29563	556	556	1.0
GRCh38_CMRG_33568	556	556	0.0
GRCh38_CMRG_38989	556	556	0.0
GRCh38_CMRG_45164	556	556	0.00642
GRCh38_CMRG_48813	556	556	0.193905
GRCh38_CMRG_48999	556	556	0.0
GRCh38_CMRG_59215	556	556	0.0
GRCh38_CMRG_65287	556	556	0.002554
GRCh38_CMRG_67238	556	556	8e-06
GRCh38_CMRG_71811	556	556	0.222209
GRCh38_CMRG_72270	556	556	0.0
GRCh38_CMRG_80038	556	556	0.0
GRCh38_CMRG_81409	556	556	0.0
GRCh38_CMRG_83276	556	556	0.0
GRCh38_CMRG_8996	556	556	0.0
GRCh38_CMRG_16616	555	555	0.40779
GRCh38_CMRG_17086	555	555	0.701399
GRCh38_CMRG_2085	555	555	0.97335
GRCh38_CMRG_24492	555	555	0.450507
GRCh38_CMRG_32643	555	555	0.0
GRCh38_CMRG_45182	555	555	0.0
GRCh38_CMRG_49739	555	555	0.0
GRCh38_CMRG_50367	555	555	0.207443
GRCh38_CMRG_58644	555	555	0.470499
GRCh38_CMRG_60580	555	555	0.0
GRCh38_CMRG_63300	555	555	0.0
GRCh38_CMRG_67740	555	555	0.1718
GRCh38_CMRG_7017	555	555	0.468774
GRCh38_CMRG_72208	555	555	0.0
GRCh38_CMRG_7556	555	555	0.0
GRCh38_CMRG_82501	555	555	0.0
GRCh38_CMRG_83582	555	555	0.542857
GRCh38_CMRG_10846	554	554	0.047659
GRCh38_CMRG_110	554	554	0.000545
GRCh38_CMRG_1455	554	554	0.434298
GRCh38_CMRG_14948	554	554	0.002189
GRCh38_CMRG_1805	554	554	0.0
GRCh38_CMRG_24493	554	554	0.450507
GRCh38_CMRG_32958	554	554	0.0
GRCh38_CMRG_81839	554	554	0.0
GRCh38_CMRG_19892	553	553	0.0
GRCh38_CMRG_19898	553	553	0.3529
GRCh38_CMRG_23918	553	553	0.0
GRCh38_CMRG_29043	553	553	0.01293
GRCh38_CMRG_40214	553	553	0.454559
GRCh38_CMRG_415	553	553	0.0
GRCh38_CMRG_74947	553	553	0.0
GRCh38_CMRG_76910	553	553	0.499443
GRCh38_CMRG_83965	553	553	0.0
GRCh38_CMRG_19890	552	552	0.0
GRCh38_CMRG_23749	552	552	0.0
GRCh38_CMRG_29958	552	552	0.0
GRCh38_CMRG_37938	552	552	0.0
GRCh38_CMRG_40946	552	552	0.0
GRCh38_CMRG_41757	552	552	0.310274
GRCh38_CMRG_59780	552	552	0.006059
GRCh38_CMRG_60323	552	552	0.0
GRCh38_CMRG_62611	552	552	0.0
GRCh38_CMRG_64142	552	552	0.509089
GRCh38_CMRG_6846	552	552	0.0
GRCh38_CMRG_72132	552	552	0.0
GRCh38_CMRG_76871	552	552	0.527318
GRCh38_CMRG_76920	552	552	0.0
GRCh38_CMRG_81615	552	552	0.0
GRCh38_CMRG_82289	552	552	0.004957
GRCh38_CMRG_13678	551	551	0.0
GRCh38_CMRG_16916	551	551	0.0
GRCh38_CMRG_23204	551	551	0.0
GRCh38_CMRG_23205	551	551	0.0
GRCh38_CMRG_31751	551	551	0.415728
GRCh38_CMRG_32947	551	551	0.0
GRCh38_CMRG_37939	551	551	0.0
GRCh38_CMRG_41651	551	551	0.0
GRCh38_CMRG_44090	551	551	0.189635
GRCh38_CMRG_51461	551	551	0.453481
GRCh38_CMRG_54197	551	551	0.0
GRCh38_CMRG_54217	551	551	0.0
GRCh38_CMRG_55788	551	551	0.0
GRCh38_CMRG_58287	551	551	0.039314
GRCh38_CMRG_59318	551	551	0.05844
GRCh38_CMRG_68135	551	551	0.0
GRCh38_CMRG_14510	550	550	0.332691
GRCh38_CMRG_23468	550	550	0.0
GRCh38_CMRG_24283	550	550	0.0
GRCh38_CMRG_27687	550	550	0.326693
GRCh38_CMRG_37963	550	550	0.514205
GRCh38_CMRG_41123	550	550	0.0
GRCh38_CMRG_45481	550	550	0.173709
GRCh38_CMRG_50607	550	550	0.362965
GRCh38_CMRG_628	550	550	0.0
GRCh38_CMRG_68079	550	550	0.002685
GRCh38_CMRG_69307	550	550	0.0
GRCh38_CMRG_77214	550	550	0.0
GRCh38_CMRG_81729	550	550	0.0
GRCh38_CMRG_9311	550	550	0.000468
GRCh38_CMRG_18394	549	549	0.0
GRCh38_CMRG_1866	549	549	0.0
GRCh38_CMRG_18847	549	549	0.0
GRCh38_CMRG_24458	549	549	0.0
GRCh38_CMRG_24459	549	549	0.0
GRCh38_CMRG_32913	549	549	0.0
GRCh38_CMRG_33149	549	549	0.0
GRCh38_CMRG_44930	549	549	0.0
GRCh38_CMRG_46069	549	549	0.0
GRCh38_CMRG_53315	549	549	0.34089
GRCh38_CMRG_55586	549	549	0.0
GRCh38_CMRG_64908	549	549	0.0
GRCh38_CMRG_66968	549	549	0.0
GRCh38_CMRG_68436	549	549	4.4e-05
GRCh38_CMRG_7232	549	549	0.001405
GRCh38_CMRG_74436	549	549	0.0
GRCh38_CMRG_84127	549	549	0.000348797
GRCh38_CMRG_10512	548	548	0.000468
GRCh38_CMRG_25068	548	548	0.0
GRCh38_CMRG_35688	548	548	0.558432
GRCh38_CMRG_40157	548	548	0.0
GRCh38_CMRG_45742	548	548	0.32163
GRCh38_CMRG_45960	548	548	1.0
GRCh38_CMRG_48406	548	548	0.0
GRCh38_CMRG_48718	548	548	0.99915
GRCh38_CMRG_50394	548	548	0.489725
GRCh38_CMRG_53739	548	548	0.004789
GRCh38_CMRG_59814	548	548	0.052514
GRCh38_CMRG_60369	548	548	0.020594
GRCh38_CMRG_70569	548	548	0.096205
GRCh38_CMRG_70799	548	548	0.008328
GRCh38_CMRG_75536	548	548	0.0
GRCh38_CMRG_75537	548	548	0.0
GRCh38_CMRG_7663	548	548	0.0
GRCh38_CMRG_7984	548	548	0.110806
GRCh38_CMRG_19987	547	547	0.0
GRCh38_CMRG_22444	547	547	0.244066
GRCh38_CMRG_22748	547	547	0.288499
GRCh38_CMRG_38073	547	547	0.0
GRCh38_CMRG_40121	547	547	0.45455
GRCh38_CMRG_40122	547	547	0.45455
GRCh38_CMRG_54135	547	547	0.004407
GRCh38_CMRG_59663	547	547	0.035171
GRCh38_CMRG_61347	547	547	0.0
GRCh38_CMRG_64869	547	547	0.000655
GRCh38_CMRG_65074	547	547	0.0
GRCh38_CMRG_70693	547	547	0.000828
GRCh38_CMRG_72120	547	547	0.000447
GRCh38_CMRG_77400	547	547	0.0
GRCh38_CMRG_19148	546	546	0.110152
GRCh38_CMRG_37844	546	546	0.0
GRCh38_CMRG_41784	546	546	0.22284
GRCh38_CMRG_49474	546	546	0.0
GRCh38_CMRG_59618	546	546	0.488255
GRCh38_CMRG_61967	546	546	0.0
GRCh38_CMRG_69375	546	546	0.432768
GRCh38_CMRG_75094	546	546	0.0
GRCh38_CMRG_75095	546	546	0.0
GRCh38_CMRG_14592	545	545	0.0
GRCh38_CMRG_14593	545	545	0.0
GRCh38_CMRG_18256	545	545	0.005994
GRCh38_CMRG_23495	545	545	0.0
GRCh38_CMRG_24918	545	545	0.373136
GRCh38_CMRG_33621	545	545	0.0
GRCh38_CMRG_41018	545	545	0.0
GRCh38_CMRG_41807	545	545	0.0
GRCh38_CMRG_44940	545	545	0.218812
GRCh38_CMRG_45594	545	545	0.0
GRCh38_CMRG_55022	545	545	0.021675
GRCh38_CMRG_68459	545	545	0.0
GRCh38_CMRG_83618	545	545	2.42072e-05
GRCh38_CMRG_11628	544	544	0.000468
GRCh38_CMRG_23230	544	544	0.000937
GRCh38_CMRG_24577	544	544	0.0
GRCh38_CMRG_25902	544	544	0.0
GRCh38_CMRG_35788	544	544	0.0
GRCh38_CMRG_50140	544	544	3.2e-05
GRCh38_CMRG_62011	544	544	0.652244
GRCh38_CMRG_72459	544	544	0.344138
GRCh38_CMRG_7731	544	544	0.0
GRCh38_CMRG_79977	544	544	0.485114
GRCh38_CMRG_13675	543	543	0.0
GRCh38_CMRG_16656	543	543	0.01677
GRCh38_CMRG_23921	543	543	0.0
GRCh38_CMRG_27893	543	543	0.0
GRCh38_CMRG_48137	543	543	0.021469
GRCh38_CMRG_58706	543	543	0.017964
GRCh38_CMRG_80042	543	543	0.0
GRCh38_CMRG_80840	543	543	0.0
GRCh38_CMRG_8524	543	543	0.0
GRCh38_CMRG_11836	542	542	0.000468
GRCh38_CMRG_12422	542	542	0.0
GRCh38_CMRG_15610	542	542	0.0
GRCh38_CMRG_17603	542	542	0.6444
GRCh38_CMRG_27718	542	542	0.000229
GRCh38_CMRG_36150	542	542	0.34657
GRCh38_CMRG_37410	542	542	0.0
GRCh38_CMRG_54079	542	542	0.37483
GRCh38_CMRG_54192	542	542	0.393334
GRCh38_CMRG_54193	542	542	0.393334
GRCh38_CMRG_60143	542	542	0.0
GRCh38_CMRG_61603	542	542	0.62508
GRCh38_CMRG_7018	542	542	0.408271
GRCh38_CMRG_73116	542	542	0.001303
GRCh38_CMRG_81232	542	542	0.386545
GRCh38_CMRG_8184	542	542	0.33479
GRCh38_CMRG_82223	542	542	0.0
GRCh38_CMRG_13444	541	541	0.486514
GRCh38_CMRG_416	541	541	0.0
GRCh38_CMRG_47621	541	541	0.0
GRCh38_CMRG_61668	541	541	0.45483
GRCh38_CMRG_63717	541	541	0.455207
GRCh38_CMRG_72494	541	541	0.001668
GRCh38_CMRG_77681	541	541	0.0
GRCh38_CMRG_83968	541	541	0.0
GRCh38_CMRG_12921	540	540	0.219011
GRCh38_CMRG_13368	540	540	0.344228
GRCh38_CMRG_26535	540	540	0.5
GRCh38_CMRG_34586	540	540	0.0
GRCh38_CMRG_37970	540	540	0.000133
GRCh38_CMRG_62539	540	540	0.0
GRCh38_CMRG_68028	540	540	0.0
GRCh38_CMRG_72365	540	540	0.000176
GRCh38_CMRG_82093	540	540	0.0
GRCh38_CMRG_9380	540	540	0.524225
GRCh38_CMRG_13585	539	539	0.0
GRCh38_CMRG_14865	539	539	0.269334
GRCh38_CMRG_18752	539	539	0.00054
GRCh38_CMRG_20939	539	539	0.345885
GRCh38_CMRG_21491	539	539	0.445504
GRCh38_CMRG_36638	539	539	0.058831
GRCh38_CMRG_41486	539	539	0.0
GRCh38_CMRG_47256	539	539	0.251312
GRCh38_CMRG_49799	539	539	0.33404
GRCh38_CMRG_50109	539	539	0.587389
GRCh38_CMRG_59189	539	539	0.16917
GRCh38_CMRG_59190	539	539	0.16917
GRCh38_CMRG_60062	539	539	0.000236
GRCh38_CMRG_77212	539	539	0.0
GRCh38_CMRG_8187	539	539	0.0
GRCh38_CMRG_83370	539	539	0.490464
GRCh38_CMRG_10876	538	538	0.047659
GRCh38_CMRG_16614	538	538	0.566023
GRCh38_CMRG_28468	538	538	0.012441
GRCh38_CMRG_29258	538	538	0.38705
GRCh38_CMRG_37146	538	538	0.0
GRCh38_CMRG_38949	538	538	4.8e-05
GRCh38_CMRG_42378	538	538	0.000312
GRCh38_CMRG_45706	538	538	0.0
GRCh38_CMRG_59660	538	538	0.34122
GRCh38_CMRG_74683	538	538	0.136431
GRCh38_CMRG_77094	538	538	0.00054
GRCh38_CMRG_7774	538	538	0.0
GRCh38_CMRG_8210	538	538	0.0
GRCh38_CMRG_82665	538	538	0.0
GRCh38_CMRG_84541	538	538	0.0
GRCh38_CMRG_11209	537	537	0.047659
GRCh38_CMRG_13096	537	537	0.0
GRCh38_CMRG_23398	537	537	0.16936
GRCh38_CMRG_2389	537	537	0.000105
GRCh38_CMRG_26088	537	537	0.0
GRCh38_CMRG_28538	537	537	0.62713
GRCh38_CMRG_29564	537	537	1.0
GRCh38_CMRG_30900	537	537	0.0
GRCh38_CMRG_33459	537	537	0.0
GRCh38_CMRG_33736	537	537	0.0
GRCh38_CMRG_44777	537	537	0.0
GRCh38_CMRG_44931	537	537	0.0
GRCh38_CMRG_47466	537	537	0.382618
GRCh38_CMRG_52937	537	537	0.0
GRCh38_CMRG_58134	537	537	0.0
GRCh38_CMRG_62483	537	537	0.0
GRCh38_CMRG_68592	537	537	0.000795
GRCh38_CMRG_68991	537	537	0.404777
GRCh38_CMRG_70999	537	537	0.0
GRCh38_CMRG_7429	537	537	0.426378
GRCh38_CMRG_7550	537	537	0.045576
GRCh38_CMRG_84342	537	537	0.44516
GRCh38_CMRG_23460	536	536	0.0
GRCh38_CMRG_24775	536	536	0.335238
GRCh38_CMRG_28308	536	536	0.000772
GRCh38_CMRG_28490	536	536	0.003595
GRCh38_CMRG_29102	536	536	0.0
GRCh38_CMRG_49102	536	536	0.028391
GRCh38_CMRG_51957	536	536	0.0
GRCh38_CMRG_54884	536	536	0.0
GRCh38_CMRG_54885	536	536	0.0
GRCh38_CMRG_5851	536	536	0.283935
GRCh38_CMRG_60144	536	536	0.0
GRCh38_CMRG_6125	536	536	0.0
GRCh38_CMRG_17778	535	535	0.000163
GRCh38_CMRG_25219	535	535	0.377001
GRCh38_CMRG_31632	535	535	0.0
GRCh38_CMRG_46383	535	535	0.0
GRCh38_CMRG_51678	535	535	0.269903
GRCh38_CMRG_51796	535	535	0.0
GRCh38_CMRG_54174	535	535	0.403231
GRCh38_CMRG_61585	535	535	0.331934
GRCh38_CMRG_73196	535	535	0.0
GRCh38_CMRG_74532	535	535	0.000109
GRCh38_CMRG_84553	535	535	0.0
GRCh38_CMRG_13683	534	534	0.0
GRCh38_CMRG_23218	534	534	8e-06
GRCh38_CMRG_35819	534	534	0.0
GRCh38_CMRG_37445	534	534	0.0
GRCh38_CMRG_44947	534	534	0.0
GRCh38_CMRG_48595	534	534	0.0
GRCh38_CMRG_50395	534	534	0.489725
GRCh38_CMRG_68880	534	534	0.0
GRCh38_CMRG_77419	534	534	0.0
GRCh38_CMRG_78997	534	534	0.451106
GRCh38_CMRG_8627	534	534	0.37071
GRCh38_CMRG_17090	533	533	0.0
GRCh38_CMRG_22330	533	533	0.353427
GRCh38_CMRG_22331	533	533	0.353427
GRCh38_CMRG_28038	533	533	0.31263
GRCh38_CMRG_30044	533	533	0.000468
GRCh38_CMRG_44901	533	533	0.0
GRCh38_CMRG_51539	533	533	0.000156
GRCh38_CMRG_55241	533	533	0.201335
GRCh38_CMRG_5930	533	533	0.0
GRCh38_CMRG_60575	533	533	0.161213
GRCh38_CMRG_6827	533	533	0.55421
GRCh38_CMRG_69866	533	533	0.468547
GRCh38_CMRG_72373	533	533	9e-06
GRCh38_CMRG_72485	533	533	0.0
GRCh38_CMRG_82576	533	533	0.0
GRCh38_CMRG_13656	532	532	0.165824
GRCh38_CMRG_15481	532	532	0.0
GRCh38_CMRG_17528	532	532	0.0
GRCh38_CMRG_28511	532	532	0.0
GRCh38_CMRG_47257	532	532	0.251312
GRCh38_CMRG_47585	532	532	0.00079
GRCh38_CMRG_51917	532	532	0.273353
GRCh38_CMRG_52352	532	532	0.0
GRCh38_CMRG_52601	532	532	0.0
GRCh38_CMRG_65936	532	532	0.38107
GRCh38_CMRG_65937	532	532	0.38107
GRCh38_CMRG_72763	532	532	0.0
GRCh38_CMRG_7932	532	532	0.0
GRCh38_CMRG_79963	532	532	0.0
GRCh38_CMRG_15015	531	531	0.0
GRCh38_CMRG_1596	531	531	0.0
GRCh38_CMRG_19004	531	531	0.0
GRCh38_CMRG_23400	531	531	0.287387
GRCh38_CMRG_31298	531	531	0.0
GRCh38_CMRG_34575	531	531	0.0
GRCh38_CMRG_35757	531	531	0.273674
GRCh38_CMRG_39148	531	531	0.000223
GRCh38_CMRG_45502	531	531	0.0
GRCh38_CMRG_51691	531	531	0.340425
GRCh38_CMRG_52570	531	531	0.022889
GRCh38_CMRG_53126	531	531	0.0
GRCh38_CMRG_55604	531	531	0.0
GRCh38_CMRG_58240	531	531	0.0
GRCh38_CMRG_66035	531	531	0.178598
GRCh38_CMRG_67947	531	531	2.4e-05
GRCh38_CMRG_71598	531	531	0.0
GRCh38_CMRG_77012	531	531	6.4e-05
GRCh38_CMRG_77486	531	531	0.000913
GRCh38_CMRG_77512	531	531	0.0
GRCh38_CMRG_19111	530	530	0.32076
GRCh38_CMRG_27547	530	530	0.361592
GRCh38_CMRG_38415	530	530	0.0
GRCh38_CMRG_45596	530	530	0.0
GRCh38_CMRG_46385	530	530	0.0
GRCh38_CMRG_46386	530	530	0.0
GRCh38_CMRG_49083	530	530	0.0
GRCh38_CMRG_53515	530	530	0.0
GRCh38_CMRG_59608	530	530	0.39744
GRCh38_CMRG_61970	530	530	0.0
GRCh38_CMRG_65486	530	530	0.024362
GRCh38_CMRG_70743	530	530	0.0
GRCh38_CMRG_74423	530	530	0.0
GRCh38_CMRG_83257	530	530	0.0359478
GRCh38_CMRG_1899	529	529	0.0
GRCh38_CMRG_19054	529	529	0.0
GRCh38_CMRG_48877	529	529	0.0
GRCh38_CMRG_48954	529	529	0.000312
GRCh38_CMRG_52544	529	529	0.222571
GRCh38_CMRG_53695	529	529	0.032123
GRCh38_CMRG_63500	529	529	0.0
GRCh38_CMRG_65618	529	529	0.0
GRCh38_CMRG_69584	529	529	0.0
GRCh38_CMRG_71361	529	529	0.000238
GRCh38_CMRG_75225	529	529	0.0
GRCh38_CMRG_78961	529	529	0.018092
GRCh38_CMRG_81568	529	529	1.8e-05
GRCh38_CMRG_1126	528	528	0.0
GRCh38_CMRG_36217	528	528	0.315017
GRCh38_CMRG_44527	528	528	0.159214
GRCh38_CMRG_52659	528	528	0.0
GRCh38_CMRG_55272	528	528	0.491414
GRCh38_CMRG_64151	528	528	0.374227
GRCh38_CMRG_77002	528	528	0.504318
GRCh38_CMRG_83975	528	528	0.42229
GRCh38_CMRG_18556	527	527	0.029191
GRCh38_CMRG_2855	527	527	0.0
GRCh38_CMRG_41202	527	527	0.3918
GRCh38_CMRG_44098	527	527	0.280385
GRCh38_CMRG_51528	527	527	0.476741
GRCh38_CMRG_7431	527	527	0.426378
GRCh38_CMRG_77158	527	527	0.0
GRCh38_CMRG_79882	527	527	0.566032
GRCh38_CMRG_11920	526	526	0.000468
GRCh38_CMRG_14142	526	526	0.545243
GRCh38_CMRG_16911	526	526	0.32879
GRCh38_CMRG_19479	526	526	0.0
GRCh38_CMRG_19482	526	526	0.0
GRCh38_CMRG_22397	526	526	0.158579
GRCh38_CMRG_24330	526	526	0.401588
GRCh38_CMRG_31385	526	526	0.000387
GRCh38_CMRG_33726	526	526	0.0
GRCh38_CMRG_37743	526	526	0.0
GRCh38_CMRG_41749	526	526	0.0
GRCh38_CMRG_47618	526	526	0.433727
GRCh38_CMRG_47619	526	526	0.433727
GRCh38_CMRG_48014	526	526	0.0
GRCh38_CMRG_49295	526	526	0.0
GRCh38_CMRG_54040	526	526	0.35467
GRCh38_CMRG_54635	526	526	0.536372
GRCh38_CMRG_65180	526	526	8e-06
GRCh38_CMRG_8581	526	526	0.353199
GRCh38_CMRG_9389	526	526	0.000468
GRCh38_CMRG_24303	525	525	0.0
GRCh38_CMRG_24322	525	525	0.0
GRCh38_CMRG_27770	525	525	0.237731
GRCh38_CMRG_31192	525	525	0.0
GRCh38_CMRG_49063	525	525	8e-06
GRCh38_CMRG_53944	525	525	0.0
GRCh38_CMRG_54802	525	525	0.0
GRCh38_CMRG_72839	525	525	0.022063
GRCh38_CMRG_81730	525	525	0.0
GRCh38_CMRG_17204	524	524	0.333333
GRCh38_CMRG_17900	524	524	0.5
GRCh38_CMRG_17901	524	524	0.5
GRCh38_CMRG_20881	524	524	0.0
GRCh38_CMRG_29728	524	524	0.0
GRCh38_CMRG_31519	524	524	0.496358
GRCh38_CMRG_31939	524	524	0.0
GRCh38_CMRG_40078	524	524	0.456532
GRCh38_CMRG_43796	524	524	0.099072
GRCh38_CMRG_49064	524	524	0.0
GRCh38_CMRG_55490	524	524	0.0
GRCh38_CMRG_58837	524	524	0.337037
GRCh38_CMRG_59208	524	524	0.412034
GRCh38_CMRG_68038	524	524	0.306431
GRCh38_CMRG_72490	524	524	0.32334
GRCh38_CMRG_72587	524	524	0.0
GRCh38_CMRG_74986	524	524	0.365836
GRCh38_CMRG_77612	524	524	0.000368
GRCh38_CMRG_81014	524	524	0.0
GRCh38_CMRG_14511	523	523	0.0
GRCh38_CMRG_1697	523	523	0.04931
GRCh38_CMRG_40628	523	523	0.368286
GRCh38_CMRG_41580	523	523	0.0
GRCh38_CMRG_41590	523	523	0.4414
GRCh38_CMRG_48476	523	523	0.0
GRCh38_CMRG_48894	523	523	0.0
GRCh38_CMRG_61457	523	523	0.467666
GRCh38_CMRG_62407	523	523	0.0
GRCh38_CMRG_6893	523	523	0.06926
GRCh38_CMRG_69304	523	523	0.0
GRCh38_CMRG_73793	523	523	0.40264
GRCh38_CMRG_74596	523	523	0.0
GRCh38_CMRG_13036	522	522	0.440934
GRCh38_CMRG_13406	522	522	0.0
GRCh38_CMRG_18568	522	522	0.0
GRCh38_CMRG_21834	522	522	0.391341
GRCh38_CMRG_24315	522	522	0.064424
GRCh38_CMRG_26830	522	522	0.0
GRCh38_CMRG_34103	522	522	0.0
GRCh38_CMRG_45980	522	522	0.405179
GRCh38_CMRG_46357	522	522	0.426735
GRCh38_CMRG_64035	522	522	0.411562
GRCh38_CMRG_68467	522	522	0.0
GRCh38_CMRG_7144	522	522	0.0
GRCh38_CMRG_77276	522	522	0.0
GRCh38_CMRG_7750	522	522	0.810307
GRCh38_CMRG_77697	522	522	0.0
GRCh38_CMRG_81897	522	522	0.0
GRCh38_CMRG_16754	521	521	0.0
GRCh38_CMRG_18413	521	521	0.006144
GRCh38_CMRG_23463	521	521	0.0
GRCh38_CMRG_31520	521	521	0.496358
GRCh38_CMRG_38191	521	521	0.0
GRCh38_CMRG_46289	521	521	0.361836
GRCh38_CMRG_50382	521	521	0.001241
GRCh38_CMRG_60063	521	521	0.000396
GRCh38_CMRG_60412	521	521	0.0
GRCh38_CMRG_6234	521	521	0.403547
GRCh38_CMRG_65972	521	521	0.0
GRCh38_CMRG_71433	521	521	0.35238
GRCh38_CMRG_72731	521	521	0.0
GRCh38_CMRG_72940	521	521	0.0
GRCh38_CMRG_84483	521	521	0.0285052
GRCh38_CMRG_1173	520	520	0.001743
GRCh38_CMRG_17936	520	520	0.0
GRCh38_CMRG_2856	520	520	0.0
GRCh38_CMRG_36147	520	520	0.001717
GRCh38_CMRG_43723	520	520	0.448538
GRCh38_CMRG_46190	520	520	0.0
GRCh38_CMRG_47603	520	520	0.0
GRCh38_CMRG_47604	520	520	0.0
GRCh38_CMRG_67898	520	520	0.174095
GRCh38_CMRG_82423	520	520	0.0
GRCh38_CMRG_83196	520	520	0.0
GRCh38_CMRG_19605	519	519	0.0
GRCh38_CMRG_23457	519	519	0.0
GRCh38_CMRG_29170	519	519	0.109953
GRCh38_CMRG_32583	519	519	0.32184
GRCh38_CMRG_33360	519	519	0.0
GRCh38_CMRG_38429	519	519	0.0
GRCh38_CMRG_41088	519	519	0.0
GRCh38_CMRG_52995	519	519	0.0
GRCh38_CMRG_53074	519	519	0.495677
GRCh38_CMRG_55624	519	519	0.049119
GRCh38_CMRG_67428	519	519	0.0
GRCh38_CMRG_73542	519	519	0.0
GRCh38_CMRG_76982	519	519	0.0
GRCh38_CMRG_83800	519	519	0.036239
GRCh38_CMRG_10591	518	518	0.047659
GRCh38_CMRG_17758	518	518	0.47991
GRCh38_CMRG_33318	518	518	0.025476
GRCh38_CMRG_36279	518	518	0.000497
GRCh38_CMRG_37545	518	518	0.000148
GRCh38_CMRG_41451	518	518	0.29871
GRCh38_CMRG_48640	518	518	0.0
GRCh38_CMRG_64306	518	518	0.363933
GRCh38_CMRG_67427	518	518	0.0
GRCh38_CMRG_72158	518	518	0.0
GRCh38_CMRG_7331	518	518	0.0
GRCh38_CMRG_75391	518	518	0.34283
GRCh38_CMRG_75583	518	518	0.0
GRCh38_CMRG_9379	518	518	0.000468
GRCh38_CMRG_14542	517	517	0.0
GRCh38_CMRG_17292	517	517	0.41294
GRCh38_CMRG_23903	517	517	0.0
GRCh38_CMRG_29540	517	517	0.47196
GRCh38_CMRG_29869	517	517	0.0
GRCh38_CMRG_44192	517	517	0.0
GRCh38_CMRG_48902	517	517	0.0
GRCh38_CMRG_49488	517	517	0.0
GRCh38_CMRG_55023	517	517	0.021675
GRCh38_CMRG_75647	517	517	0.0
GRCh38_CMRG_13805	516	516	0.133718
GRCh38_CMRG_31832	516	516	0.296404
GRCh38_CMRG_37515	516	516	0.0
GRCh38_CMRG_41512	516	516	0.763016
GRCh38_CMRG_41920	516	516	0.434931
GRCh38_CMRG_438	516	516	0.0
GRCh38_CMRG_44187	516	516	0.3177
GRCh38_CMRG_44347	516	516	0.5
GRCh38_CMRG_45570	516	516	0.33597
GRCh38_CMRG_61252	516	516	0.0
GRCh38_CMRG_64198	516	516	0.0
GRCh38_CMRG_64823	516	516	0.405879
GRCh38_CMRG_75382	516	516	0.0
GRCh38_CMRG_77016	516	516	0.0
GRCh38_CMRG_77479	516	516	0.0
GRCh38_CMRG_79931	516	516	0.0
GRCh38_CMRG_80825	516	516	0.0
GRCh38_CMRG_83168	516	516	0.40911
GRCh38_CMRG_9684	516	516	0.000603
GRCh38_CMRG_9685	516	516	0.000603
GRCh38_CMRG_11808	515	515	0.000468
GRCh38_CMRG_13804	515	515	0.0
GRCh38_CMRG_15456	515	515	0.192524
GRCh38_CMRG_15457	515	515	0.192524
GRCh38_CMRG_17691	515	515	0.32103
GRCh38_CMRG_24888	515	515	0.008641
GRCh38_CMRG_38943	515	515	0.30818
GRCh38_CMRG_41007	515	515	0.0
GRCh38_CMRG_43750	515	515	0.0
GRCh38_CMRG_43751	515	515	0.0
GRCh38_CMRG_49556	515	515	0.0
GRCh38_CMRG_52248	515	515	0.294281
GRCh38_CMRG_59375	515	515	0.367568
GRCh38_CMRG_10838	514	514	0.047659
GRCh38_CMRG_27422	514	514	0.29409
GRCh38_CMRG_48536	514	514	0.0
GRCh38_CMRG_48907	514	514	0.232024
GRCh38_CMRG_52300	514	514	0.0
GRCh38_CMRG_52771	514	514	0.457428
GRCh38_CMRG_54732	514	514	0.00027
GRCh38_CMRG_61193	514	514	0.0
GRCh38_CMRG_63307	514	514	0.0
GRCh38_CMRG_67911	514	514	2.4e-05
GRCh38_CMRG_73212	514	514	0.001759
GRCh38_CMRG_8924	514	514	0.0
GRCh38_CMRG_14942	513	513	0.001674
GRCh38_CMRG_19889	513	513	0.0
GRCh38_CMRG_22158	513	513	0.0
GRCh38_CMRG_25162	513	513	0.0
GRCh38_CMRG_32040	513	513	0.33643
GRCh38_CMRG_37811	513	513	0.0
GRCh38_CMRG_50493	513	513	0.31596
GRCh38_CMRG_52478	513	513	0.0
GRCh38_CMRG_53951	513	513	0.0
GRCh38_CMRG_59216	513	513	0.0
GRCh38_CMRG_61658	513	513	0.266731
GRCh38_CMRG_63799	513	513	0.0
GRCh38_CMRG_6486	513	513	0.236367
GRCh38_CMRG_64931	513	513	0.0
GRCh38_CMRG_65619	513	513	0.0
GRCh38_CMRG_70457	513	513	0.464909
GRCh38_CMRG_72820	513	513	0.001443
GRCh38_CMRG_7593	513	513	0.396755
GRCh38_CMRG_9472	513	513	0.000468
GRCh38_CMRG_21902	512	512	0.237857
GRCh38_CMRG_32356	512	512	0.319076
GRCh38_CMRG_33562	512	512	0.0
GRCh38_CMRG_36219	512	512	0.29366
GRCh38_CMRG_38511	512	512	0.0
GRCh38_CMRG_40878	512	512	0.0
GRCh38_CMRG_41210	512	512	0.001854
GRCh38_CMRG_46165	512	512	0.0
GRCh38_CMRG_48897	512	512	0.0
GRCh38_CMRG_55623	512	512	0.049119
GRCh38_CMRG_58443	512	512	0.405258
GRCh38_CMRG_61103	512	512	0.0
GRCh38_CMRG_67956	512	512	2.4e-05
GRCh38_CMRG_68997	512	512	0.156273
GRCh38_CMRG_68998	512	512	0.156273
GRCh38_CMRG_8275	512	512	0.000478
GRCh38_CMRG_23811	511	511	0.0
GRCh38_CMRG_26585	511	511	0.0
GRCh38_CMRG_27510	511	511	0.491237
GRCh38_CMRG_41503	511	511	0.0
GRCh38_CMRG_43703	511	511	0.41937
GRCh38_CMRG_45081	511	511	0.0
GRCh38_CMRG_49869	511	511	0.344917
GRCh38_CMRG_5951	511	511	0.0
GRCh38_CMRG_61429	511	511	0.0
GRCh38_CMRG_64478	511	511	0.00017
GRCh38_CMRG_13631	510	510	0.000133
GRCh38_CMRG_15003	510	510	0.0
GRCh38_CMRG_16571	510	510	0.0
GRCh38_CMRG_28222	510	510	0.000468
GRCh38_CMRG_38320	510	510	0.0
GRCh38_CMRG_49740	510	510	2e-05
GRCh38_CMRG_51534	510	510	0.687927
GRCh38_CMRG_52395	510	510	0.0
GRCh38_CMRG_59716	510	510	0.0
GRCh38_CMRG_19521	509	509	0.007893
GRCh38_CMRG_28988	509	509	0.0
GRCh38_CMRG_53738	509	509	0.004789
GRCh38_CMRG_54725	509	509	0.000312
GRCh38_CMRG_59462	509	509	0.0
GRCh38_CMRG_64704	509	509	0.344243
GRCh38_CMRG_67448	509	509	0.512152
GRCh38_CMRG_68453	509	509	0.0
GRCh38_CMRG_80841	509	509	0.0
GRCh38_CMRG_82427	509	509	0.038525
GRCh38_CMRG_83434	509	509	0.0
GRCh38_CMRG_24409	508	508	0.4535
GRCh38_CMRG_25226	508	508	0.069593
GRCh38_CMRG_26914	508	508	0.494224
GRCh38_CMRG_30880	508	508	0.0
GRCh38_CMRG_31384	508	508	0.45307
GRCh38_CMRG_31670	508	508	0.0
GRCh38_CMRG_35823	508	508	0.271681
GRCh38_CMRG_40453	508	508	6.4e-05
GRCh38_CMRG_43659	508	508	0.000289
GRCh38_CMRG_49449	508	508	0.0
GRCh38_CMRG_50122	508	508	0.97077
GRCh38_CMRG_52835	508	508	0.592178
GRCh38_CMRG_67741	508	508	0.1718
GRCh38_CMRG_82176	508	508	0.000796
GRCh38_CMRG_83265	508	508	0.0
GRCh38_CMRG_14126	507	507	0.0
GRCh38_CMRG_18583	507	507	0.055741
GRCh38_CMRG_21244	507	507	0.375948
GRCh38_CMRG_2671	507	507	0.187606
GRCh38_CMRG_2732	507	507	0.395029
GRCh38_CMRG_38767	507	507	0.0
GRCh38_CMRG_41804	507	507	0.0
GRCh38_CMRG_41872	507	507	0.37266
GRCh38_CMRG_47434	507	507	0.0
GRCh38_CMRG_71802	507	507	0.086976
GRCh38_CMRG_77552	507	507	0.000745
GRCh38_CMRG_81770	507	507	0.0
GRCh38_CMRG_82495	507	507	0.000319
GRCh38_CMRG_83666	507	507	0.233691
GRCh38_CMRG_32028	506	506	0.43148
GRCh38_CMRG_36558	506	506	0.0
GRCh38_CMRG_36738	506	506	0.0
GRCh38_CMRG_40398	506	506	0.0
GRCh38_CMRG_44122	506	506	0.3063
GRCh38_CMRG_46086	506	506	0.221754
GRCh38_CMRG_51235	506	506	0.32553
GRCh38_CMRG_59894	506	506	0.0
GRCh38_CMRG_79180	506	506	0.23385
GRCh38_CMRG_821	506	506	0.0
GRCh38_CMRG_82424	506	506	0.0
GRCh38_CMRG_19773	505	505	4.3e-05
GRCh38_CMRG_21138	505	505	0.347607
GRCh38_CMRG_22675	505	505	0.018315
GRCh38_CMRG_24010	505	505	0.0
GRCh38_CMRG_24617	505	505	0.383347
GRCh38_CMRG_29348	505	505	0.341592
GRCh38_CMRG_29349	505	505	0.341592
GRCh38_CMRG_30897	505	505	0.190657
GRCh38_CMRG_39574	505	505	0.0
GRCh38_CMRG_5958	505	505	0.0
GRCh38_CMRG_67449	505	505	0.512152
GRCh38_CMRG_7927	505	505	0.0
GRCh38_CMRG_83977	505	505	0.0
GRCh38_CMRG_17659	504	504	0.019299
GRCh38_CMRG_26574	504	504	0.321728
GRCh38_CMRG_33808	504	504	0.0
GRCh38_CMRG_40385	504	504	0.232691
GRCh38_CMRG_45933	504	504	0.187242
GRCh38_CMRG_47872	504	504	0.368168
GRCh38_CMRG_52051	504	504	0.002855
GRCh38_CMRG_5993	504	504	0.319773
GRCh38_CMRG_60107	504	504	0.26881
GRCh38_CMRG_68139	504	504	0.0
GRCh38_CMRG_70225	504	504	0.0
GRCh38_CMRG_83983	504	504	0.0
GRCh38_CMRG_12872	503	503	0.373721
GRCh38_CMRG_12873	503	503	0.373721
GRCh38_CMRG_13560	503	503	0.0
GRCh38_CMRG_1360	503	503	0.169503
GRCh38_CMRG_18701	503	503	0.0
GRCh38_CMRG_28039	503	503	0.0
GRCh38_CMRG_32297	503	503	0.0
GRCh38_CMRG_41848	503	503	0.232202
GRCh38_CMRG_41849	503	503	0.002369
GRCh38_CMRG_49377	503	503	0.0
GRCh38_CMRG_49451	503	503	0.0
GRCh38_CMRG_53096	503	503	0.0
GRCh38_CMRG_55667	503	503	0.0
GRCh38_CMRG_58466	503	503	0.00102
GRCh38_CMRG_59753	503	503	0.262061
GRCh38_CMRG_73864	503	503	0.000684
GRCh38_CMRG_74674	503	503	0.009569
GRCh38_CMRG_81809	503	503	0.000138
GRCh38_CMRG_8951	503	503	0.0
GRCh38_CMRG_1462	502	502	0.0
GRCh38_CMRG_1463	502	502	0.0
GRCh38_CMRG_16988	502	502	0.186722
GRCh38_CMRG_21268	502	502	0.237857
GRCh38_CMRG_38135	502	502	0.0
GRCh38_CMRG_38203	502	502	0.424825
GRCh38_CMRG_38339	502	502	0.0
GRCh38_CMRG_566	502	502	0.0
GRCh38_CMRG_59937	502	502	0.0
GRCh38_CMRG_68371	502	502	0.0
GRCh38_CMRG_68457	502	502	0.0
GRCh38_CMRG_68458	502	502	0.0
GRCh38_CMRG_75221	502	502	0.0
GRCh38_CMRG_12612	501	501	0.41916
GRCh38_CMRG_15479	501	501	0.0
GRCh38_CMRG_16989	501	501	0.186722
GRCh38_CMRG_30941	501	501	0.0
GRCh38_CMRG_33266	501	501	0.048869
GRCh38_CMRG_33535	501	501	0.0
GRCh38_CMRG_35946	501	501	0.0
GRCh38_CMRG_39548	501	501	0.000231
GRCh38_CMRG_52193	501	501	0.304236
GRCh38_CMRG_54741	501	501	0.274469
GRCh38_CMRG_61099	501	501	0.0
GRCh38_CMRG_64684	501	501	0.001412
GRCh38_CMRG_65638	501	501	0.32377
GRCh38_CMRG_6956	501	501	0.31
GRCh38_CMRG_71905	501	501	0.482045
GRCh38_CMRG_72281	501	501	0.0
GRCh38_CMRG_82168	501	501	0.0
GRCh38_CMRG_1083	500	500	0.0
GRCh38_CMRG_1188	500	500	0.000251
GRCh38_CMRG_1643	500	500	0.303731
GRCh38_CMRG_19606	500	500	0.545269
GRCh38_CMRG_26436	500	500	0.001423
GRCh38_CMRG_41513	500	500	0.763016
GRCh38_CMRG_48953	500	500	0.000656
GRCh38_CMRG_52772	500	500	0.457428
GRCh38_CMRG_70715	500	500	0.423281
GRCh38_CMRG_41090	499	499	0.332345
GRCh38_CMRG_44346	499	499	0.5
GRCh38_CMRG_48955	499	499	0.000312
GRCh38_CMRG_55665	499	499	0.0
GRCh38_CMRG_58301	499	499	0.375839
GRCh38_CMRG_63292	499	499	0.0
GRCh38_CMRG_74414	499	499	0.532497
GRCh38_CMRG_77506	499	499	0.0
GRCh38_CMRG_81637	499	499	0.405997
GRCh38_CMRG_83827	499	499	0.0
GRCh38_CMRG_19813	498	498	0.0
GRCh38_CMRG_2130	498	498	0.000168
GRCh38_CMRG_33851	498	498	0.014815
GRCh38_CMRG_36582	498	498	0.431669
GRCh38_CMRG_47374	498	498	0.046165
GRCh38_CMRG_52183	498	498	1.0
GRCh38_CMRG_52498	498	498	0.0
GRCh38_CMRG_55685	498	498	0.0
GRCh38_CMRG_59050	498	498	0.378819
GRCh38_CMRG_65224	498	498	0.083434
GRCh38_CMRG_69895	498	498	1.6e-05
GRCh38_CMRG_79911	498	498	0.0
GRCh38_CMRG_79992	498	498	0.0
GRCh38_CMRG_83277	498	498	0.0
GRCh38_CMRG_19607	497	497	0.545269
GRCh38_CMRG_42595	497	497	0.429285
GRCh38_CMRG_43780	497	497	0.0
GRCh38_CMRG_58239	497	497	0.0
GRCh38_CMRG_63839	497	497	0.341618
GRCh38_CMRG_64454	497	497	0.512618
GRCh38_CMRG_65226	497	497	0.0
GRCh38_CMRG_65573	497	497	0.354994
GRCh38_CMRG_68939	497	497	0.192775
GRCh38_CMRG_74459	497	497	0.406125
GRCh38_CMRG_74460	497	497	0.406125
GRCh38_CMRG_79822	497	497	0.0
GRCh38_CMRG_80022	497	497	0.19041
GRCh38_CMRG_82290	497	497	0.001175
GRCh38_CMRG_29128	496	496	0.243008
GRCh38_CMRG_34404	496	496	0.42694
GRCh38_CMRG_42067	496	496	0.38913
GRCh38_CMRG_45192	496	496	0.0
GRCh38_CMRG_45929	496	496	0.254607
GRCh38_CMRG_52058	496	496	0.0
GRCh38_CMRG_54014	496	496	0.0
GRCh38_CMRG_54707	496	496	0.30088
GRCh38_CMRG_68375	496	496	0.0
GRCh38_CMRG_72653	496	496	0.0
GRCh38_CMRG_75414	496	496	0.000516
GRCh38_CMRG_78890	496	496	1.0
GRCh38_CMRG_78891	496	496	1.0
GRCh38_CMRG_83662	496	496	1.06888e-05
GRCh38_CMRG_1552	495	495	0.289369
GRCh38_CMRG_21192	495	495	0.41805
GRCh38_CMRG_34771	495	495	0.0
GRCh38_CMRG_36653	495	495	0.0
GRCh38_CMRG_46252	495	495	0.0
GRCh38_CMRG_48825	495	495	0.0
GRCh38_CMRG_59616	495	495	0.530166
GRCh38_CMRG_67988	495	495	0.0
GRCh38_CMRG_68099	495	495	0.25928
GRCh38_CMRG_68310	495	495	0.0
GRCh38_CMRG_77729	495	495	7.4e-05
GRCh38_CMRG_9399	495	495	0.28766
GRCh38_CMRG_9516	495	495	0.303426
GRCh38_CMRG_16486	494	494	0.421867
GRCh38_CMRG_17937	494	494	0.0
GRCh38_CMRG_28540	494	494	0.293985
GRCh38_CMRG_36624	494	494	0.0
GRCh38_CMRG_39946	494	494	0.462971
GRCh38_CMRG_46592	494	494	0.0
GRCh38_CMRG_53225	494	494	0.368644
GRCh38_CMRG_74772	494	494	0.357915
GRCh38_CMRG_11977	493	493	0.000468
GRCh38_CMRG_14903	493	493	0.0
GRCh38_CMRG_16521	493	493	0.0
GRCh38_CMRG_19068	493	493	0.0
GRCh38_CMRG_19967	493	493	0.0
GRCh38_CMRG_24357	493	493	0.0
GRCh38_CMRG_47204	493	493	0.448619
GRCh38_CMRG_48419	493	493	0.0
GRCh38_CMRG_48420	493	493	0.0
GRCh38_CMRG_49352	493	493	0.0
GRCh38_CMRG_50813	493	493	0.501142
GRCh38_CMRG_61086	493	493	0.366868
GRCh38_CMRG_65177	493	493	0.1195
GRCh38_CMRG_72902	493	493	8e-06
GRCh38_CMRG_17208	492	492	0.0
GRCh38_CMRG_23310	492	492	0.0
GRCh38_CMRG_36482	492	492	0.0
GRCh38_CMRG_37813	492	492	0.0
GRCh38_CMRG_41539	492	492	0.009982
GRCh38_CMRG_45932	492	492	0.187242
GRCh38_CMRG_45995	492	492	0.283681
GRCh38_CMRG_47809	492	492	0.358055
GRCh38_CMRG_48500	492	492	0.0
GRCh38_CMRG_48879	492	492	0.0
GRCh38_CMRG_63270	492	492	0.065858
GRCh38_CMRG_70949	492	492	0.073872
GRCh38_CMRG_81337	492	492	0.50953
GRCh38_CMRG_9727	492	492	0.329238
GRCh38_CMRG_17352	491	491	0.364283
GRCh38_CMRG_21696	491	491	0.237857
GRCh38_CMRG_23409	491	491	0.0
GRCh38_CMRG_24314	491	491	0.064424
GRCh38_CMRG_28558	491	491	2.1e-05
GRCh38_CMRG_42248	491	491	0.0
GRCh38_CMRG_68695	491	491	0.0
GRCh38_CMRG_8568	491	491	0.072711
GRCh38_CMRG_26670	490	490	0.300346
GRCh38_CMRG_29782	490	490	0.5
GRCh38_CMRG_37745	490	490	0.0
GRCh38_CMRG_37804	490	490	0.0
GRCh38_CMRG_40825	490	490	0.32928
GRCh38_CMRG_44163	490	490	0.0
GRCh38_CMRG_44721	490	490	0.0
GRCh38_CMRG_44932	490	490	0.369496
GRCh38_CMRG_50494	490	490	0.32692
GRCh38_CMRG_51956	490	490	0.0
GRCh38_CMRG_52325	490	490	0.000119
GRCh38_CMRG_59142	490	490	0.000305
GRCh38_CMRG_65070	490	490	9e-06
GRCh38_CMRG_68731	490	490	0.0
GRCh38_CMRG_77069	490	490	0.0
GRCh38_CMRG_78863	490	490	0.245536
GRCh38_CMRG_78864	490	490	0.245536
GRCh38_CMRG_1086	489	489	0.364487
GRCh38_CMRG_1857	489	489	0.0
GRCh38_CMRG_33141	489	489	0.0
GRCh38_CMRG_33235	489	489	0.0
GRCh38_CMRG_45163	489	489	0.00642
GRCh38_CMRG_47707	489	489	0.492578
GRCh38_CMRG_47910	489	489	6.5e-05
GRCh38_CMRG_49535	489	489	0.001249
GRCh38_CMRG_55609	489	489	0.0
GRCh38_CMRG_58088	489	489	0.0
GRCh38_CMRG_58199	489	489	0.374259
GRCh38_CMRG_58518	489	489	0.035701
GRCh38_CMRG_58735	489	489	0.352119
GRCh38_CMRG_60420	489	489	0.0
GRCh38_CMRG_62399	489	489	0.0
GRCh38_CMRG_68299	489	489	0.017198
GRCh38_CMRG_68475	489	489	0.003216
GRCh38_CMRG_72931	489	489	0.0
GRCh38_CMRG_82926	489	489	1.04903e-05
GRCh38_CMRG_17028	488	488	0.0
GRCh38_CMRG_23092	488	488	0.411915
GRCh38_CMRG_23300	488	488	0.33724
GRCh38_CMRG_24316	488	488	0.000124
GRCh38_CMRG_32662	488	488	0.34297
GRCh38_CMRG_41781	488	488	0.187358
GRCh38_CMRG_42464	488	488	0.006936
GRCh38_CMRG_47377	488	488	0.046165
GRCh38_CMRG_50919	488	488	0.077925
GRCh38_CMRG_50980	488	488	0.000631
GRCh38_CMRG_50981	488	488	0.000631
GRCh38_CMRG_51541	488	488	0.0
GRCh38_CMRG_60096	488	488	0.0
GRCh38_CMRG_6253	488	488	0.000459
GRCh38_CMRG_6894	488	488	0.06926
GRCh38_CMRG_75126	488	488	0.0
GRCh38_CMRG_7679	488	488	0.410961
GRCh38_CMRG_23255	487	487	0.0
GRCh38_CMRG_27249	487	487	0.0
GRCh38_CMRG_38372	487	487	0.0
GRCh38_CMRG_38428	487	487	0.272632
GRCh38_CMRG_40233	487	487	0.006099
GRCh38_CMRG_47917	487	487	0.363138
GRCh38_CMRG_48534	487	487	0.086458
GRCh38_CMRG_50072	487	487	0.257844
GRCh38_CMRG_61820	487	487	0.91229
GRCh38_CMRG_63758	487	487	0.0
GRCh38_CMRG_67288	487	487	0.186888
GRCh38_CMRG_68547	487	487	0.013254
GRCh38_CMRG_43626	486	486	0.765692
GRCh38_CMRG_43802	486	486	0.0
GRCh38_CMRG_63975	486	486	0.31786
GRCh38_CMRG_65729	486	486	0.0
GRCh38_CMRG_65870	486	486	0.253981
GRCh38_CMRG_65871	486	486	0.253981
GRCh38_CMRG_72583	486	486	0.0
GRCh38_CMRG_8033	486	486	0.152783
GRCh38_CMRG_81451	486	486	0.362541
GRCh38_CMRG_82904	486	486	0.0
GRCh38_CMRG_14125	485	485	0.0
GRCh38_CMRG_23045	485	485	0.344369
GRCh38_CMRG_39795	485	485	0.473545
GRCh38_CMRG_48896	485	485	0.001321
GRCh38_CMRG_58269	485	485	0.297232
GRCh38_CMRG_82492	485	485	0.0
GRCh38_CMRG_84	485	485	0.0
GRCh38_CMRG_8736	485	485	0.0
GRCh38_CMRG_13635	484	484	0.037282
GRCh38_CMRG_27831	484	484	0.003842
GRCh38_CMRG_31428	484	484	1.6e-05
GRCh38_CMRG_34733	484	484	0.0
GRCh38_CMRG_37248	484	484	0.29479
GRCh38_CMRG_37790	484	484	0.209992
GRCh38_CMRG_38066	484	484	0.0
GRCh38_CMRG_39334	484	484	0.003628
GRCh38_CMRG_45483	484	484	4.1e-05
GRCh38_CMRG_50779	484	484	0.29131
GRCh38_CMRG_51430	484	484	0.0
GRCh38_CMRG_59047	484	484	0.0
GRCh38_CMRG_59048	484	484	0.0
GRCh38_CMRG_61905	484	484	0.381986
GRCh38_CMRG_62608	484	484	0.0
GRCh38_CMRG_62609	484	484	0.0
GRCh38_CMRG_65099	484	484	8e-06
GRCh38_CMRG_65163	484	484	0.0
GRCh38_CMRG_68816	484	484	0.0
GRCh38_CMRG_81875	484	484	0.021782
GRCh38_CMRG_82946	484	484	3.14051e-05
GRCh38_CMRG_13335	483	483	0.0
GRCh38_CMRG_29923	483	483	0.0
GRCh38_CMRG_32554	483	483	0.44964
GRCh38_CMRG_36177	483	483	0.0
GRCh38_CMRG_38518	483	483	0.0
GRCh38_CMRG_40234	483	483	0.006099
GRCh38_CMRG_41874	483	483	0.015066
GRCh38_CMRG_47837	483	483	0.629718
GRCh38_CMRG_60411	483	483	0.0
GRCh38_CMRG_6147	483	483	0.0
GRCh38_CMRG_77700	483	483	0.0
GRCh38_CMRG_82948	483	483	0.0
GRCh38_CMRG_9910	483	483	0.000468
GRCh38_CMRG_11188	482	482	0.047659
GRCh38_CMRG_17351	482	482	0.364283
GRCh38_CMRG_21299	482	482	0.237857
GRCh38_CMRG_45583	482	482	0.000624
GRCh38_CMRG_47678	482	482	0.005152
GRCh38_CMRG_51982	482	482	0.0
GRCh38_CMRG_5781	482	482	8e-05
GRCh38_CMRG_72679	482	482	0.0
GRCh38_CMRG_7293	482	482	0.0
GRCh38_CMRG_72945	482	482	0.0
GRCh38_CMRG_9003	482	482	0.400316
GRCh38_CMRG_11838	481	481	0.000468
GRCh38_CMRG_12277	481	481	0.320067
GRCh38_CMRG_12278	481	481	0.320067
GRCh38_CMRG_16977	481	481	0.523396
GRCh38_CMRG_17836	481	481	0.002163
GRCh38_CMRG_27149	481	481	0.000413
GRCh38_CMRG_2803	481	481	0.409619
GRCh38_CMRG_32179	481	481	0.000414
GRCh38_CMRG_39368	481	481	0.217429
GRCh38_CMRG_43782	481	481	0.5
GRCh38_CMRG_46373	481	481	0.0
GRCh38_CMRG_46374	481	481	0.0
GRCh38_CMRG_47407	481	481	0.0
GRCh38_CMRG_49553	481	481	0.0
GRCh38_CMRG_63437	481	481	0.146025
GRCh38_CMRG_68110	481	481	0.002033
GRCh38_CMRG_72608	481	481	0.001777
GRCh38_CMRG_72610	481	481	0.405401
GRCh38_CMRG_82609	481	481	0.0
GRCh38_CMRG_83642	481	481	0.0
GRCh38_CMRG_107	480	480	0.0
GRCh38_CMRG_11619	480	480	0.488457
GRCh38_CMRG_17738	480	480	0.419549
GRCh38_CMRG_19051	480	480	0.0
GRCh38_CMRG_28064	480	480	0.0
GRCh38_CMRG_37715	480	480	0.035767
GRCh38_CMRG_38170	480	480	0.260693
GRCh38_CMRG_45586	480	480	0.0
GRCh38_CMRG_58820	480	480	0.34193
GRCh38_CMRG_6673	480	480	0.0
GRCh38_CMRG_68318	480	480	0.0
GRCh38_CMRG_74770	480	480	0.345294
GRCh38_CMRG_74905	480	480	0.029015
GRCh38_CMRG_9706	480	480	0.000468
GRCh38_CMRG_10502	479	479	0.000468
GRCh38_CMRG_1072	479	479	0.370188
GRCh38_CMRG_12351	479	479	0.0
GRCh38_CMRG_1285	479	479	0.097546
GRCh38_CMRG_13462	479	479	0.0
GRCh38_CMRG_1733	479	479	0.0
GRCh38_CMRG_23270	479	479	0.28512
GRCh38_CMRG_2802	479	479	0.409619
GRCh38_CMRG_29169	479	479	0.109953
GRCh38_CMRG_29953	479	479	0.0
GRCh38_CMRG_41808	479	479	0.0
GRCh38_CMRG_49487	479	479	0.0
GRCh38_CMRG_50386	479	479	0.0
GRCh38_CMRG_55090	479	479	0.0
GRCh38_CMRG_6498	479	479	0.0
GRCh38_CMRG_65448	479	479	0.0
GRCh38_CMRG_66073	479	479	0.0
GRCh38_CMRG_69496	479	479	0.0
GRCh38_CMRG_69497	479	479	0.0
GRCh38_CMRG_8162	479	479	0.0
GRCh38_CMRG_82177	479	479	0.000796
GRCh38_CMRG_1359	478	478	0.169503
GRCh38_CMRG_16593	478	478	0.000104
GRCh38_CMRG_18418	478	478	0.0
GRCh38_CMRG_53639	478	478	0.146974
GRCh38_CMRG_59398	478	478	0.018616
GRCh38_CMRG_59968	478	478	0.0
GRCh38_CMRG_60124	478	478	0.0
GRCh38_CMRG_6840	478	478	0.0
GRCh38_CMRG_7604	478	478	0.0
GRCh38_CMRG_8587	478	478	0.307865
GRCh38_CMRG_8592	478	478	0.0
GRCh38_CMRG_10983	477	477	0.30929
GRCh38_CMRG_11211	477	477	0.047659
GRCh38_CMRG_13927	477	477	0.0
GRCh38_CMRG_14469	477	477	0.298657
GRCh38_CMRG_24050	477	477	0.001354
GRCh38_CMRG_26284	477	477	0.30921
GRCh38_CMRG_29250	477	477	0.002236
GRCh38_CMRG_33247	477	477	0.0
GRCh38_CMRG_37117	477	477	0.0
GRCh38_CMRG_50318	477	477	0.237831
GRCh38_CMRG_67957	477	477	0.363504
GRCh38_CMRG_71326	477	477	0.29023
GRCh38_CMRG_72287	477	477	0.0
GRCh38_CMRG_77416	477	477	0.0
GRCh38_CMRG_79278	477	477	0.277675
GRCh38_CMRG_12102	476	476	0.0
GRCh38_CMRG_21198	476	476	0.38183
GRCh38_CMRG_21308	476	476	0.237857
GRCh38_CMRG_25401	476	476	0.0
GRCh38_CMRG_33625	476	476	0.0
GRCh38_CMRG_41504	476	476	0.0
GRCh38_CMRG_44032	476	476	0.391479
GRCh38_CMRG_47408	476	476	0.0
GRCh38_CMRG_47463	476	476	0.000861
GRCh38_CMRG_55263	476	476	0.0
GRCh38_CMRG_59397	476	476	0.018616
GRCh38_CMRG_6354	476	476	0.0
GRCh38_CMRG_68986	476	476	0.000223
GRCh38_CMRG_70226	476	476	0.003278
GRCh38_CMRG_7396	476	476	0.29139
GRCh38_CMRG_77578	476	476	0.99946
GRCh38_CMRG_79279	476	476	0.277675
GRCh38_CMRG_8473	476	476	0.27894
GRCh38_CMRG_1277	475	475	1.6e-05
GRCh38_CMRG_16772	475	475	0.23338
GRCh38_CMRG_18858	475	475	0.155885
GRCh38_CMRG_32210	475	475	0.31181
GRCh38_CMRG_49178	475	475	0.04695
GRCh38_CMRG_52991	475	475	0.234098
GRCh38_CMRG_54098	475	475	0.0
GRCh38_CMRG_58277	475	475	0.29907
GRCh38_CMRG_63293	475	475	0.0
GRCh38_CMRG_68713	475	475	0.022099
GRCh38_CMRG_69218	475	475	0.0
GRCh38_CMRG_69502	475	475	0.0
GRCh38_CMRG_70284	475	475	0.0
GRCh38_CMRG_70564	475	475	0.005077
GRCh38_CMRG_7571	475	475	6.4e-05
GRCh38_CMRG_77638	475	475	0.0
GRCh38_CMRG_8576	475	475	0.0
GRCh38_CMRG_1554	474	474	0.006484
GRCh38_CMRG_21306	474	474	0.399281
GRCh38_CMRG_2163	474	474	0.25851
GRCh38_CMRG_32074	474	474	0.359423
GRCh38_CMRG_32551	474	474	0.001019
GRCh38_CMRG_36774	474	474	0.0
GRCh38_CMRG_49120	474	474	0.0
GRCh38_CMRG_6256	474	474	0.375278
GRCh38_CMRG_72487	474	474	0.0
GRCh38_CMRG_81605	474	474	0.166936
GRCh38_CMRG_9387	474	474	0.000468
GRCh38_CMRG_11236	473	473	0.047659
GRCh38_CMRG_19738	473	473	0.0
GRCh38_CMRG_21716	473	473	0.35965
GRCh38_CMRG_36741	473	473	0.057692
GRCh38_CMRG_38992	473	473	0.0
GRCh38_CMRG_47319	473	473	0.250702
GRCh38_CMRG_49107	473	473	0.0
GRCh38_CMRG_72681	473	473	0.0
GRCh38_CMRG_7605	473	473	0.0
GRCh38_CMRG_7773	473	473	0.0
GRCh38_CMRG_81760	473	473	0.226533
GRCh38_CMRG_81954	473	473	0.232568
GRCh38_CMRG_9381	473	473	0.000468
GRCh38_CMRG_18479	472	472	0.0
GRCh38_CMRG_18480	472	472	0.0
GRCh38_CMRG_22735	472	472	1.0
GRCh38_CMRG_22736	472	472	1.0
GRCh38_CMRG_23301	472	472	0.33724
GRCh38_CMRG_2676	472	472	0.476577
GRCh38_CMRG_31764	472	472	1.0
GRCh38_CMRG_40048	472	472	0.30895
GRCh38_CMRG_42176	472	472	0.0
GRCh38_CMRG_49454	472	472	0.005643
GRCh38_CMRG_51611	472	472	0.306003
GRCh38_CMRG_53223	472	472	0.057678
GRCh38_CMRG_53627	472	472	0.0
GRCh38_CMRG_54952	472	472	0.246988
GRCh38_CMRG_60418	472	472	0.0
GRCh38_CMRG_66158	472	472	1.6e-05
GRCh38_CMRG_70772	472	472	0.0
GRCh38_CMRG_73461	472	472	1.0
GRCh38_CMRG_73462	472	472	1.0
GRCh38_CMRG_7430	472	472	0.426378
GRCh38_CMRG_75304	472	472	0.487171
GRCh38_CMRG_18169	471	471	0.0
GRCh38_CMRG_18524	471	471	0.0
GRCh38_CMRG_30947	471	471	0.000397
GRCh38_CMRG_40433	471	471	0.021922
GRCh38_CMRG_40651	471	471	0.463743
GRCh38_CMRG_41470	471	471	4e-05
GRCh38_CMRG_41501	471	471	0.0
GRCh38_CMRG_54	471	471	0.0
GRCh38_CMRG_62638	471	471	0.0
GRCh38_CMRG_63655	471	471	0.001023
GRCh38_CMRG_71157	471	471	0.87582
GRCh38_CMRG_82150	471	471	0.0
GRCh38_CMRG_10857	470	470	1.0
GRCh38_CMRG_10858	470	470	1.0
GRCh38_CMRG_12486	470	470	0.278333
GRCh38_CMRG_1333	470	470	0.0
GRCh38_CMRG_19076	470	470	0.0
GRCh38_CMRG_20859	470	470	0.380896
GRCh38_CMRG_23207	470	470	0.0
GRCh38_CMRG_26940	470	470	0.0
GRCh38_CMRG_42242	470	470	0.104247
GRCh38_CMRG_43730	470	470	0.29636
GRCh38_CMRG_44177	470	470	0.2124
GRCh38_CMRG_44191	470	470	0.0
GRCh38_CMRG_44727	470	470	0.120901
GRCh38_CMRG_46449	470	470	0.000556
GRCh38_CMRG_47622	470	470	0.0
GRCh38_CMRG_51631	470	470	0.126822
GRCh38_CMRG_52984	470	470	0.000659
GRCh38_CMRG_58120	470	470	0.0
GRCh38_CMRG_7709	470	470	0.0
GRCh38_CMRG_79641	470	470	0.0
GRCh38_CMRG_82808	470	470	0.0
GRCh38_CMRG_9707	470	470	0.000468
GRCh38_CMRG_18310	469	469	0.0
GRCh38_CMRG_18311	469	469	0.0
GRCh38_CMRG_23862	469	469	0.0
GRCh38_CMRG_24374	469	469	0.070151
GRCh38_CMRG_25252	469	469	0.010621
GRCh38_CMRG_48619	469	469	8e-06
GRCh38_CMRG_51360	469	469	0.402937
GRCh38_CMRG_51361	469	469	0.402937
GRCh38_CMRG_52338	469	469	0.0
GRCh38_CMRG_53904	469	469	0.32457
GRCh38_CMRG_63902	469	469	0.40651
GRCh38_CMRG_68093	469	469	0.0
GRCh38_CMRG_69415	469	469	0.631595
GRCh38_CMRG_70022	469	469	0.0
GRCh38_CMRG_71093	469	469	0.0
GRCh38_CMRG_74274	469	469	2.4e-05
GRCh38_CMRG_75249	469	469	0.270649
GRCh38_CMRG_14796	468	468	0.0
GRCh38_CMRG_27830	468	468	0.003842
GRCh38_CMRG_35612	468	468	0.0
GRCh38_CMRG_38197	468	468	0.0
GRCh38_CMRG_39228	468	468	6.1e-05
GRCh38_CMRG_44256	468	468	0.31487
GRCh38_CMRG_50851	468	468	0.0
GRCh38_CMRG_55084	468	468	0.0
GRCh38_CMRG_5724	468	468	0.0
GRCh38_CMRG_59256	468	468	0.114832
GRCh38_CMRG_69875	468	468	0.443993
GRCh38_CMRG_69882	468	468	0.0
GRCh38_CMRG_75617	468	468	0.0
GRCh38_CMRG_77303	468	468	0.12869
GRCh38_CMRG_81955	468	468	0.232568
GRCh38_CMRG_84671	468	468	0.0
GRCh38_CMRG_15154	467	467	0.006719
GRCh38_CMRG_23861	467	467	0.0
GRCh38_CMRG_24289	467	467	0.0
GRCh38_CMRG_30032	467	467	0.0
GRCh38_CMRG_37234	467	467	0.113017
GRCh38_CMRG_37674	467	467	0.488004
GRCh38_CMRG_37940	467	467	0.0
GRCh38_CMRG_44925	467	467	0.0
GRCh38_CMRG_47376	467	467	0.046165
GRCh38_CMRG_59961	467	467	0.331233
GRCh38_CMRG_62548	467	467	0.096712
GRCh38_CMRG_64778	467	467	0.30152
GRCh38_CMRG_65181	467	467	8e-06
GRCh38_CMRG_670	467	467	0.0
GRCh38_CMRG_68163	467	467	0.0
GRCh38_CMRG_69773	467	467	0.32854
GRCh38_CMRG_70889	467	467	0.003981
GRCh38_CMRG_82914	467	467	0.0
GRCh38_CMRG_1776	466	466	0.00166
GRCh38_CMRG_19053	466	466	0.0
GRCh38_CMRG_22507	466	466	0.335659
GRCh38_CMRG_25186	466	466	0.000781
GRCh38_CMRG_26886	466	466	0.309567
GRCh38_CMRG_31639	466	466	1.0
GRCh38_CMRG_38549	466	466	0.0
GRCh38_CMRG_38797	466	466	0.0
GRCh38_CMRG_39660	466	466	0.0
GRCh38_CMRG_41777	466	466	0.314691
GRCh38_CMRG_44246	466	466	0.004116
GRCh38_CMRG_44247	466	466	0.004116
GRCh38_CMRG_44492	466	466	0.39388
GRCh38_CMRG_46214	466	466	0.34181
GRCh38_CMRG_47206	466	466	0.448619
GRCh38_CMRG_51116	466	466	0.0
GRCh38_CMRG_51630	466	466	0.126822
GRCh38_CMRG_5931	466	466	0.0
GRCh38_CMRG_60009	466	466	0.0
GRCh38_CMRG_6092	466	466	0.290761
GRCh38_CMRG_63901	466	466	0.40651
GRCh38_CMRG_67012	466	466	0.0
GRCh38_CMRG_79006	466	466	0.018092
GRCh38_CMRG_79894	466	466	0.0
GRCh38_CMRG_12350	465	465	0.0
GRCh38_CMRG_22674	465	465	0.018315
GRCh38_CMRG_28453	465	465	0.0
GRCh38_CMRG_30741	465	465	0.337779
GRCh38_CMRG_32010	465	465	0.0
GRCh38_CMRG_32738	465	465	0.0
GRCh38_CMRG_38232	465	465	0.0
GRCh38_CMRG_43785	465	465	0.339549
GRCh38_CMRG_51185	465	465	0.000752
GRCh38_CMRG_52545	465	465	0.222571
GRCh38_CMRG_61056	465	465	0.0
GRCh38_CMRG_64904	465	465	0.0
GRCh38_CMRG_75385	465	465	0.000156
GRCh38_CMRG_82497	465	465	0.46807
GRCh38_CMRG_121	464	464	0.0
GRCh38_CMRG_24140	464	464	0.452232
GRCh38_CMRG_28509	464	464	0.0
GRCh38_CMRG_38198	464	464	0.0
GRCh38_CMRG_48952	464	464	0.000656
GRCh38_CMRG_62569	464	464	0.0
GRCh38_CMRG_63997	464	464	0.0
GRCh38_CMRG_64903	464	464	0.0
GRCh38_CMRG_68336	464	464	0.0
GRCh38_CMRG_68337	464	464	0.0
GRCh38_CMRG_83281	464	464	0.32627
GRCh38_CMRG_84238	464	464	0.37723
GRCh38_CMRG_1367	463	463	0.434484
GRCh38_CMRG_21876	463	463	0.237857
GRCh38_CMRG_26807	463	463	0.207285
GRCh38_CMRG_31262	463	463	1.8e-05
GRCh38_CMRG_33569	463	463	0.0
GRCh38_CMRG_33747	463	463	0.258179
GRCh38_CMRG_41016	463	463	7.9e-05
GRCh38_CMRG_49877	463	463	0.422912
GRCh38_CMRG_53671	463	463	0.303466
GRCh38_CMRG_62626	463	463	0.0
GRCh38_CMRG_72417	463	463	0.01065
GRCh38_CMRG_80041	463	463	0.0
GRCh38_CMRG_11187	462	462	0.047659
GRCh38_CMRG_22125	462	462	0.0
GRCh38_CMRG_25983	462	462	1.0
GRCh38_CMRG_28399	462	462	0.0
GRCh38_CMRG_34547	462	462	0.449179
GRCh38_CMRG_36169	462	462	0.326543
GRCh38_CMRG_36446	462	462	0.0
GRCh38_CMRG_39193	462	462	0.0
GRCh38_CMRG_39459	462	462	0.335937
GRCh38_CMRG_40432	462	462	0.0
GRCh38_CMRG_42414	462	462	0.0
GRCh38_CMRG_43706	462	462	0.0
GRCh38_CMRG_53070	462	462	0.29205
GRCh38_CMRG_54400	462	462	0.033547
GRCh38_CMRG_60154	462	462	0.0
GRCh38_CMRG_7141	462	462	0.020645
GRCh38_CMRG_75023	462	462	0.415419
GRCh38_CMRG_77575	462	462	0.451147
GRCh38_CMRG_79192	462	462	0.018092
GRCh38_CMRG_79441	462	462	0.018092
GRCh38_CMRG_79442	462	462	0.018092
GRCh38_CMRG_79893	462	462	0.0
GRCh38_CMRG_81958	462	462	0.0
GRCh38_CMRG_19079	461	461	0.000666
GRCh38_CMRG_36572	461	461	0.0
GRCh38_CMRG_39691	461	461	0.0
GRCh38_CMRG_52769	461	461	0.722667
GRCh38_CMRG_13583	460	460	0.207475
GRCh38_CMRG_14284	460	460	0.0
GRCh38_CMRG_18455	460	460	0.0
GRCh38_CMRG_19710	460	460	0.225503
GRCh38_CMRG_29818	460	460	0.28481
GRCh38_CMRG_36525	460	460	4e-05
GRCh38_CMRG_47639	460	460	0.183196
GRCh38_CMRG_48935	460	460	0.0
GRCh38_CMRG_58816	460	460	0.0
GRCh38_CMRG_62245	460	460	0.472526
GRCh38_CMRG_64352	460	460	0.410511
GRCh38_CMRG_65260	460	460	0.0
GRCh38_CMRG_68108	460	460	0.0
GRCh38_CMRG_70121	460	460	0.0
GRCh38_CMRG_82138	460	460	0.0
GRCh38_CMRG_18589	459	459	0.019737
GRCh38_CMRG_19368	459	459	0.0
GRCh38_CMRG_24551	459	459	0.0
GRCh38_CMRG_33740	459	459	0.0
GRCh38_CMRG_36654	459	459	0.0
GRCh38_CMRG_52331	459	459	0.0
GRCh38_CMRG_62170	459	459	0.024146
GRCh38_CMRG_65477	459	459	0.30179
GRCh38_CMRG_67114	459	459	0.0
GRCh38_CMRG_7348	459	459	0.0
GRCh38_CMRG_79673	459	459	0.00117
GRCh38_CMRG_82035	459	459	1.7e-05
GRCh38_CMRG_83600	459	459	0.0
GRCh38_CMRG_1330	458	458	0.039517
GRCh38_CMRG_21808	458	458	0.289648
GRCh38_CMRG_27179	458	458	0.0
GRCh38_CMRG_33705	458	458	0.165762
GRCh38_CMRG_37950	458	458	0.0
GRCh38_CMRG_38126	458	458	0.0
GRCh38_CMRG_63827	458	458	0.080519
GRCh38_CMRG_6414	458	458	0.340794
GRCh38_CMRG_64630	458	458	0.329751
GRCh38_CMRG_70733	458	458	0.0
GRCh38_CMRG_75053	458	458	8e-06
GRCh38_CMRG_83208	458	458	0.154338
GRCh38_CMRG_11012	457	457	0.577526
GRCh38_CMRG_1555	457	457	0.006484
GRCh38_CMRG_32617	457	457	0.105557
GRCh38_CMRG_38392	457	457	0.0
GRCh38_CMRG_38484	457	457	0.0
GRCh38_CMRG_39509	457	457	0.187837
GRCh38_CMRG_40482	457	457	0.0
GRCh38_CMRG_42359	457	457	0.124373
GRCh38_CMRG_53388	457	457	0.0
GRCh38_CMRG_60146	457	457	0.0
GRCh38_CMRG_65113	457	457	8e-06
GRCh38_CMRG_67893	457	457	0.0
GRCh38_CMRG_73070	457	457	0.0
GRCh38_CMRG_77101	457	457	0.323963
GRCh38_CMRG_79928	457	457	0.0
GRCh38_CMRG_82249	457	457	0.000111
GRCh38_CMRG_82255	457	457	0.0
GRCh38_CMRG_14513	456	456	0.0
GRCh38_CMRG_25335	456	456	0.447393
GRCh38_CMRG_38193	456	456	0.0
GRCh38_CMRG_43846	456	456	0.000193
GRCh38_CMRG_53689	456	456	0.0
GRCh38_CMRG_60075	456	456	0.0
GRCh38_CMRG_64544	456	456	0.006736
GRCh38_CMRG_69909	456	456	0.0
GRCh38_CMRG_70625	456	456	0.0
GRCh38_CMRG_7142	456	456	0.020645
GRCh38_CMRG_71478	456	456	0.065403
GRCh38_CMRG_73118	456	456	0.000186
GRCh38_CMRG_74675	456	456	0.009569
GRCh38_CMRG_75115	456	456	0.000289
GRCh38_CMRG_82107	456	456	0.0
GRCh38_CMRG_10522	455	455	0.000468
GRCh38_CMRG_22314	455	455	2.4e-05
GRCh38_CMRG_28420	455	455	0.244558
GRCh38_CMRG_28496	455	455	0.27822
GRCh38_CMRG_30638	455	455	0.26744
GRCh38_CMRG_33269	455	455	0.0
GRCh38_CMRG_41615	455	455	6.5e-05
GRCh38_CMRG_47883	455	455	0.292518
GRCh38_CMRG_50949	455	455	0.0
GRCh38_CMRG_52081	455	455	0.0
GRCh38_CMRG_59915	455	455	0.430624
GRCh38_CMRG_65327	455	455	0.0
GRCh38_CMRG_68392	455	455	0.024196
GRCh38_CMRG_77611	455	455	0.00418
GRCh38_CMRG_7957	455	455	0.0
GRCh38_CMRG_9414	455	455	0.000468
GRCh38_CMRG_9909	455	455	0.000468
GRCh38_CMRG_13908	454	454	0.000334
GRCh38_CMRG_14254	454	454	0.32851
GRCh38_CMRG_15110	454	454	0.0
GRCh38_CMRG_15334	454	454	0.000509
GRCh38_CMRG_18773	454	454	0.0
GRCh38_CMRG_22395	454	454	0.0
GRCh38_CMRG_27989	454	454	0.0
GRCh38_CMRG_29511	454	454	0.302808
GRCh38_CMRG_30647	454	454	0.0
GRCh38_CMRG_32178	454	454	0.000414
GRCh38_CMRG_35777	454	454	0.0
GRCh38_CMRG_44224	454	454	0.485514
GRCh38_CMRG_45535	454	454	0.252246
GRCh38_CMRG_46279	454	454	0.0
GRCh38_CMRG_51780	454	454	0.0
GRCh38_CMRG_53916	454	454	0.00036
GRCh38_CMRG_55567	454	454	0.0
GRCh38_CMRG_63697	454	454	0.342431
GRCh38_CMRG_65235	454	454	4.3e-05
GRCh38_CMRG_72805	454	454	0.0
GRCh38_CMRG_75188	454	454	0.0
GRCh38_CMRG_15149	453	453	0.0
GRCh38_CMRG_16519	453	453	0.0
GRCh38_CMRG_17577	453	453	0.0
GRCh38_CMRG_22033	453	453	0.0
GRCh38_CMRG_23225	453	453	0.370825
GRCh38_CMRG_45389	453	453	0.020811
GRCh38_CMRG_50383	453	453	0.0
GRCh38_CMRG_5762	453	453	0.0
GRCh38_CMRG_59069	453	453	0.000236
GRCh38_CMRG_61990	453	453	0.99859
GRCh38_CMRG_70932	453	453	0.23992
GRCh38_CMRG_73181	453	453	0.015977
GRCh38_CMRG_77478	453	453	0.0
GRCh38_CMRG_79027	453	453	0.018092
GRCh38_CMRG_82039	453	453	0.445809
GRCh38_CMRG_10693	452	452	0.047659
GRCh38_CMRG_23510	452	452	0.0
GRCh38_CMRG_25251	452	452	0.0
GRCh38_CMRG_25868	452	452	0.371308
GRCh38_CMRG_28454	452	452	0.0
GRCh38_CMRG_29901	452	452	0.002332
GRCh38_CMRG_41740	452	452	0.0
GRCh38_CMRG_49023	452	452	0.0
GRCh38_CMRG_52057	452	452	0.0
GRCh38_CMRG_70098	452	452	0.136045
GRCh38_CMRG_70662	452	452	0.049351
GRCh38_CMRG_74580	452	452	1.1e-05
GRCh38_CMRG_77218	452	452	0.0
GRCh38_CMRG_8276	452	452	0.000478
GRCh38_CMRG_11066	451	451	0.383342
GRCh38_CMRG_13339	451	451	0.364714
GRCh38_CMRG_16924	451	451	2.4e-05
GRCh38_CMRG_22319	451	451	0.593943
GRCh38_CMRG_26741	451	451	0.0
GRCh38_CMRG_38231	451	451	0.0
GRCh38_CMRG_38764	451	451	0.002902
GRCh38_CMRG_45593	451	451	0.0
GRCh38_CMRG_52007	451	451	0.0
GRCh38_CMRG_52641	451	451	0.0
GRCh38_CMRG_70719	451	451	0.0
GRCh38_CMRG_72366	451	451	0.000176
GRCh38_CMRG_75324	451	451	0.292316
GRCh38_CMRG_83413	451	451	0.0
GRCh38_CMRG_12417	450	450	0.0
GRCh38_CMRG_12418	450	450	0.0
GRCh38_CMRG_1763	450	450	0.0
GRCh38_CMRG_21965	450	450	0.334027
GRCh38_CMRG_23910	450	450	0.0
GRCh38_CMRG_27892	450	450	0.08677
GRCh38_CMRG_28004	450	450	0.0
GRCh38_CMRG_33187	450	450	0.0
GRCh38_CMRG_36475	450	450	0.0
GRCh38_CMRG_41739	450	450	0.0
GRCh38_CMRG_63271	450	450	0.065858
GRCh38_CMRG_74273	450	450	0.000197
GRCh38_CMRG_79069	450	450	0.165379
GRCh38_CMRG_82825	450	450	0.00053
GRCh38_CMRG_13984	449	449	0.0
GRCh38_CMRG_15446	449	449	0.0
GRCh38_CMRG_22163	449	449	0.342332
GRCh38_CMRG_24883	449	449	0.457426
GRCh38_CMRG_32017	449	449	0.390023
GRCh38_CMRG_32866	449	449	0.0
GRCh38_CMRG_36268	449	449	0.0
GRCh38_CMRG_45590	449	449	0.0
GRCh38_CMRG_53227	449	449	0.590228
GRCh38_CMRG_55534	449	449	0.0
GRCh38_CMRG_65138	449	449	0.0
GRCh38_CMRG_67637	449	449	0.002457
GRCh38_CMRG_69620	449	449	0.27981
GRCh38_CMRG_72418	449	449	0.01065
GRCh38_CMRG_77389	449	449	0.0
GRCh38_CMRG_83791	449	449	0.0
GRCh38_CMRG_10578	448	448	0.047659
GRCh38_CMRG_11067	448	448	0.383342
GRCh38_CMRG_18456	448	448	0.0
GRCh38_CMRG_18736	448	448	0.0
GRCh38_CMRG_24702	448	448	0.0
GRCh38_CMRG_24727	448	448	0.0
GRCh38_CMRG_24889	448	448	0.008641
GRCh38_CMRG_38109	448	448	0.0
GRCh38_CMRG_40213	448	448	0.454559
GRCh38_CMRG_45551	448	448	0.0
GRCh38_CMRG_45591	448	448	0.0
GRCh38_CMRG_50105	448	448	0.0
GRCh38_CMRG_53785	448	448	0.09206
GRCh38_CMRG_54296	448	448	0.176385
GRCh38_CMRG_55547	448	448	0.099626
GRCh38_CMRG_60815	448	448	0.3127
GRCh38_CMRG_60816	448	448	0.3127
GRCh38_CMRG_71950	448	448	0.0
GRCh38_CMRG_73687	448	448	0.685423
GRCh38_CMRG_77075	448	448	0.0
GRCh38_CMRG_8324	448	448	0.000115
GRCh38_CMRG_84350	448	448	0.0
GRCh38_CMRG_11038	447	447	0.047659
GRCh38_CMRG_11049	447	447	0.95263
GRCh38_CMRG_13394	447	447	0.0
GRCh38_CMRG_14433	447	447	0.358531
GRCh38_CMRG_1558	447	447	0.006484
GRCh38_CMRG_17850	447	447	0.000112
GRCh38_CMRG_18584	447	447	9e-06
GRCh38_CMRG_23656	447	447	0.208851
GRCh38_CMRG_24700	447	447	0.0
GRCh38_CMRG_28326	447	447	0.0
GRCh38_CMRG_48745	447	447	0.0
GRCh38_CMRG_52239	447	447	0.001065
GRCh38_CMRG_60076	447	447	0.0
GRCh38_CMRG_7059	447	447	0.001873
GRCh38_CMRG_77571	447	447	0.0
GRCh38_CMRG_82923	447	447	0.0
GRCh38_CMRG_9507	447	447	0.353503
GRCh38_CMRG_11815	446	446	0.000468
GRCh38_CMRG_14893	446	446	5.6e-05
GRCh38_CMRG_18398	446	446	0.0
GRCh38_CMRG_39530	446	446	0.37624
GRCh38_CMRG_47199	446	446	0.694817
GRCh38_CMRG_49383	446	446	0.0
GRCh38_CMRG_50946	446	446	0.0
GRCh38_CMRG_59656	446	446	0.0
GRCh38_CMRG_64950	446	446	0.066093
GRCh38_CMRG_69878	446	446	0.0
GRCh38_CMRG_9227	446	446	0.000468
GRCh38_CMRG_19533	445	445	0.000468
GRCh38_CMRG_36529	445	445	0.0
GRCh38_CMRG_46070	445	445	0.251615
GRCh38_CMRG_47198	445	445	0.26042
GRCh38_CMRG_51962	445	445	0.000845
GRCh38_CMRG_59779	445	445	1.0
GRCh38_CMRG_60555	445	445	0.339149
GRCh38_CMRG_67991	445	445	0.0
GRCh38_CMRG_68381	445	445	0.131259
GRCh38_CMRG_7933	445	445	0.0
GRCh38_CMRG_18341	444	444	0.0
GRCh38_CMRG_22032	444	444	0.0
GRCh38_CMRG_27527	444	444	0.52224
GRCh38_CMRG_32867	444	444	0.0
GRCh38_CMRG_36065	444	444	0.23994
GRCh38_CMRG_42146	444	444	0.142008
GRCh38_CMRG_5830	444	444	0.0
GRCh38_CMRG_59259	444	444	0.0
GRCh38_CMRG_6006	444	444	0.346495
GRCh38_CMRG_6917	444	444	0.009166
GRCh38_CMRG_7028	444	444	0.0
GRCh38_CMRG_71494	444	444	0.260051
GRCh38_CMRG_7274	444	444	0.0
GRCh38_CMRG_74527	444	444	1.0
GRCh38_CMRG_77216	444	444	0.0
GRCh38_CMRG_14539	443	443	0.0
GRCh38_CMRG_24662	443	443	0.29528
GRCh38_CMRG_33351	443	443	0.0
GRCh38_CMRG_37765	443	443	0.0
GRCh38_CMRG_40702	443	443	0.0
GRCh38_CMRG_51655	443	443	0.0
GRCh38_CMRG_53465	443	443	0.00022
GRCh38_CMRG_54470	443	443	0.28182
GRCh38_CMRG_59473	443	443	0.361527
GRCh38_CMRG_6609	443	443	0.000266
GRCh38_CMRG_67304	443	443	0.000937
GRCh38_CMRG_73156	443	443	0.303726
GRCh38_CMRG_73157	443	443	0.303726
GRCh38_CMRG_14418	442	442	0.0
GRCh38_CMRG_19109	442	442	0.209625
GRCh38_CMRG_19476	442	442	0.0
GRCh38_CMRG_27279	442	442	0.0
GRCh38_CMRG_27803	442	442	0.0
GRCh38_CMRG_29845	442	442	0.00461
GRCh38_CMRG_33342	442	442	0.0
GRCh38_CMRG_33461	442	442	0.0
GRCh38_CMRG_48743	442	442	0.012261
GRCh38_CMRG_62397	442	442	0.000317
GRCh38_CMRG_72032	442	442	0.54676
GRCh38_CMRG_84572	442	442	1.0
GRCh38_CMRG_12167	441	441	0.868287
GRCh38_CMRG_12743	441	441	0.344192
GRCh38_CMRG_29104	441	441	0.000166
GRCh38_CMRG_30927	441	441	1.7e-05
GRCh38_CMRG_33364	441	441	0.0
GRCh38_CMRG_48994	441	441	0.0
GRCh38_CMRG_58236	441	441	0.010294
GRCh38_CMRG_60093	441	441	0.0
GRCh38_CMRG_61829	441	441	0.0
GRCh38_CMRG_65140	441	441	0.0
GRCh38_CMRG_75550	441	441	0.0
GRCh38_CMRG_18570	440	440	0.0
GRCh38_CMRG_33623	440	440	0.0
GRCh38_CMRG_39397	440	440	0.0
GRCh38_CMRG_43661	440	440	0.000159
GRCh38_CMRG_46194	440	440	0.26903
GRCh38_CMRG_52521	440	440	0.33263
GRCh38_CMRG_6665	440	440	0.476081
GRCh38_CMRG_72288	440	440	0.0
GRCh38_CMRG_22936	439	439	0.0
GRCh38_CMRG_26077	439	439	0.0
GRCh38_CMRG_28510	439	439	0.0
GRCh38_CMRG_32632	439	439	4.1e-05
GRCh38_CMRG_36597	439	439	0.000495
GRCh38_CMRG_36739	439	439	0.0
GRCh38_CMRG_36995	439	439	0.209419
GRCh38_CMRG_45110	439	439	0.509981
GRCh38_CMRG_45755	439	439	0.001153
GRCh38_CMRG_49631	439	439	0.0
GRCh38_CMRG_51110	439	439	0.261529
GRCh38_CMRG_51758	439	439	0.002847
GRCh38_CMRG_55284	439	439	0.10095
GRCh38_CMRG_58125	439	439	0.0
GRCh38_CMRG_6005	439	439	0.346495
GRCh38_CMRG_61393	439	439	0.0
GRCh38_CMRG_618	439	439	0.296475
GRCh38_CMRG_64740	439	439	0.0
GRCh38_CMRG_72031	439	439	0.54676
GRCh38_CMRG_73028	439	439	0.0
GRCh38_CMRG_73398	439	439	0.0
GRCh38_CMRG_9634	439	439	0.374631
GRCh38_CMRG_14002	438	438	0.23633
GRCh38_CMRG_14003	438	438	0.23633
GRCh38_CMRG_19951	438	438	0.226755
GRCh38_CMRG_43725	438	438	0.87941
GRCh38_CMRG_46394	438	438	0.0
GRCh38_CMRG_52686	438	438	0.278021
GRCh38_CMRG_60086	438	438	0.0
GRCh38_CMRG_62138	438	438	0.093786
GRCh38_CMRG_64452	438	438	0.41916
GRCh38_CMRG_79444	438	438	0.018092
GRCh38_CMRG_1090	437	437	0.39679
GRCh38_CMRG_11238	437	437	0.047659
GRCh38_CMRG_11335	437	437	0.209379
GRCh38_CMRG_15576	437	437	0.0
GRCh38_CMRG_17748	437	437	0.0
GRCh38_CMRG_37454	437	437	0.0
GRCh38_CMRG_37747	437	437	0.0
GRCh38_CMRG_40134	437	437	0.174849
GRCh38_CMRG_424	437	437	0.037933
GRCh38_CMRG_55	437	437	0.487599
GRCh38_CMRG_68782	437	437	0.0
GRCh38_CMRG_71330	437	437	0.27449
GRCh38_CMRG_79007	437	437	0.018092
GRCh38_CMRG_818	437	437	0.0
GRCh38_CMRG_82915	437	437	0.0
GRCh38_CMRG_8905	437	437	0.0
GRCh38_CMRG_13115	436	436	0.275367
GRCh38_CMRG_14715	436	436	0.0
GRCh38_CMRG_2743	436	436	0.560313
GRCh38_CMRG_32552	436	436	8e-06
GRCh38_CMRG_37736	436	436	0.0
GRCh38_CMRG_38137	436	436	0.0
GRCh38_CMRG_38200	436	436	0.0
GRCh38_CMRG_39090	436	436	0.28196
GRCh38_CMRG_39665	436	436	0.399946
GRCh38_CMRG_39972	436	436	0.279432
GRCh38_CMRG_49072	436	436	0.0
GRCh38_CMRG_51312	436	436	0.0
GRCh38_CMRG_61337	436	436	0.26489
GRCh38_CMRG_65808	436	436	0.0
GRCh38_CMRG_82731	436	436	0.0
GRCh38_CMRG_9672	436	436	0.000468
GRCh38_CMRG_9898	436	436	0.299575
GRCh38_CMRG_1452	435	435	0.0
GRCh38_CMRG_18982	435	435	0.0
GRCh38_CMRG_23102	435	435	0.188087
GRCh38_CMRG_23103	435	435	0.188087
GRCh38_CMRG_2511	435	435	0.0
GRCh38_CMRG_25400	435	435	0.0
GRCh38_CMRG_39508	435	435	0.187837
GRCh38_CMRG_40390	435	435	0.001078
GRCh38_CMRG_44664	435	435	6.4e-05
GRCh38_CMRG_44924	435	435	0.0
GRCh38_CMRG_45350	435	435	0.509986
GRCh38_CMRG_51331	435	435	0.32515
GRCh38_CMRG_53178	435	435	0.139737
GRCh38_CMRG_53389	435	435	0.0
GRCh38_CMRG_59526	435	435	0.319891
GRCh38_CMRG_64400	435	435	0.0
GRCh38_CMRG_72134	435	435	0.0
GRCh38_CMRG_79870	435	435	0.0
GRCh38_CMRG_27308	434	434	0.000439
GRCh38_CMRG_33456	434	434	0.0
GRCh38_CMRG_37717	434	434	0.182347
GRCh38_CMRG_45678	434	434	0.0
GRCh38_CMRG_46985	434	434	0.000413
GRCh38_CMRG_48066	434	434	0.0
GRCh38_CMRG_49118	434	434	0.0
GRCh38_CMRG_55503	434	434	0.673688
GRCh38_CMRG_58320	434	434	0.0
GRCh38_CMRG_60391	434	434	0.0
GRCh38_CMRG_65379	434	434	0.0
GRCh38_CMRG_67305	434	434	8.4e-05
GRCh38_CMRG_80827	434	434	0.3798
GRCh38_CMRG_81198	434	434	0.401223
GRCh38_CMRG_81335	434	434	0.281087
GRCh38_CMRG_18107	433	433	0.306929
GRCh38_CMRG_22111	433	433	0.239463
GRCh38_CMRG_24694	433	433	0.431818
GRCh38_CMRG_32079	433	433	0.319777
GRCh38_CMRG_32525	433	433	0.0
GRCh38_CMRG_41482	433	433	0.0
GRCh38_CMRG_47379	433	433	0.046165
GRCh38_CMRG_49737	433	433	0.0
GRCh38_CMRG_63379	433	433	0.363854
GRCh38_CMRG_68981	433	433	0.0
GRCh38_CMRG_73433	433	433	0.001886
GRCh38_CMRG_75365	433	433	0.288726
GRCh38_CMRG_854	433	433	0.25462
GRCh38_CMRG_9408	433	433	0.000468
GRCh38_CMRG_11939	432	432	0.354847
GRCh38_CMRG_11940	432	432	0.354847
GRCh38_CMRG_22540	432	432	4.8e-05
GRCh38_CMRG_31335	432	432	0.0
GRCh38_CMRG_59328	432	432	0.0
GRCh38_CMRG_59783	432	432	0.264977
GRCh38_CMRG_6093	432	432	0.252732
GRCh38_CMRG_61657	432	432	0.0
GRCh38_CMRG_65147	432	432	0.488872
GRCh38_CMRG_73368	432	432	0.0
GRCh38_CMRG_73725	432	432	0.166619
GRCh38_CMRG_74379	432	432	0.0
GRCh38_CMRG_77059	432	432	0.0
GRCh38_CMRG_80006	432	432	0.0
GRCh38_CMRG_82309	432	432	3.2e-05
GRCh38_CMRG_1091	431	431	0.39679
GRCh38_CMRG_13396	431	431	0.180071
GRCh38_CMRG_15155	431	431	0.0
GRCh38_CMRG_18712	431	431	0.0
GRCh38_CMRG_47124	431	431	0.0
GRCh38_CMRG_50841	431	431	0.0
GRCh38_CMRG_52238	431	431	0.001065
GRCh38_CMRG_59260	431	431	0.0
GRCh38_CMRG_60342	431	431	2.5e-05
GRCh38_CMRG_68464	431	431	0.0
GRCh38_CMRG_72916	431	431	0.0
GRCh38_CMRG_73353	431	431	0.0
GRCh38_CMRG_77187	431	431	0.0
GRCh38_CMRG_81528	431	431	0.001644
GRCh38_CMRG_27019	430	430	4e-05
GRCh38_CMRG_28402	430	430	0.0
GRCh38_CMRG_45493	430	430	0.0
GRCh38_CMRG_53657	430	430	0.0
GRCh38_CMRG_55666	430	430	0.0
GRCh38_CMRG_65661	430	430	0.286197
GRCh38_CMRG_68462	430	430	0.0
GRCh38_CMRG_68463	430	430	0.0
GRCh38_CMRG_77585	430	430	0.000538
GRCh38_CMRG_11534	429	429	0.000468
GRCh38_CMRG_23458	429	429	0.0
GRCh38_CMRG_23713	429	429	0.0
GRCh38_CMRG_27325	429	429	0.99336
GRCh38_CMRG_33220	429	429	0.0
GRCh38_CMRG_36955	429	429	0.253256
GRCh38_CMRG_39644	429	429	0.000107
GRCh38_CMRG_44067	429	429	0.331345
GRCh38_CMRG_51023	429	429	0.0
GRCh38_CMRG_53884	429	429	0.299454
GRCh38_CMRG_7801	429	429	0.175182
GRCh38_CMRG_7802	429	429	0.175182
GRCh38_CMRG_12774	428	428	0.2648
GRCh38_CMRG_19812	428	428	0.162114
GRCh38_CMRG_22750	428	428	0.0
GRCh38_CMRG_28192	428	428	0.0
GRCh38_CMRG_32519	428	428	0.0
GRCh38_CMRG_43953	428	428	0.81122
GRCh38_CMRG_45496	428	428	0.325352
GRCh38_CMRG_49883	428	428	0.147079
GRCh38_CMRG_52593	428	428	0.037413
GRCh38_CMRG_6424	428	428	0.25825
GRCh38_CMRG_65219	428	428	0.000598
GRCh38_CMRG_67450	428	428	0.0
GRCh38_CMRG_70734	428	428	0.0
GRCh38_CMRG_71441	428	428	0.0
GRCh38_CMRG_7279	428	428	0.366766
GRCh38_CMRG_73182	428	428	0.015977
GRCh38_CMRG_73778	428	428	0.010367
GRCh38_CMRG_76845	428	428	0.0
GRCh38_CMRG_81539	428	428	0.0
GRCh38_CMRG_83180	428	428	1.48854e-05
GRCh38_CMRG_84092	428	428	0.0
GRCh38_CMRG_8953	428	428	0.000156
GRCh38_CMRG_15620	427	427	0.0
GRCh38_CMRG_22261	427	427	0.0
GRCh38_CMRG_31368	427	427	0.0
GRCh38_CMRG_32094	427	427	0.000535
GRCh38_CMRG_39149	427	427	0.000223
GRCh38_CMRG_39373	427	427	0.0
GRCh38_CMRG_49370	427	427	0.329369
GRCh38_CMRG_51763	427	427	0.30202
GRCh38_CMRG_59963	427	427	0.267874
GRCh38_CMRG_64363	427	427	3.3e-05
GRCh38_CMRG_69619	427	427	0.276748
GRCh38_CMRG_72806	427	427	0.0
GRCh38_CMRG_76848	427	427	0.000766
GRCh38_CMRG_10611	426	426	0.047659
GRCh38_CMRG_10639	426	426	0.275795
GRCh38_CMRG_10640	426	426	0.275795
GRCh38_CMRG_15538	426	426	0.0
GRCh38_CMRG_21782	426	426	0.237857
GRCh38_CMRG_23983	426	426	0.0
GRCh38_CMRG_24386	426	426	8e-06
GRCh38_CMRG_26435	426	426	0.001423
GRCh38_CMRG_32011	426	426	0.412804
GRCh38_CMRG_32429	426	426	0.0
GRCh38_CMRG_37087	426	426	0.00015
GRCh38_CMRG_38957	426	426	8e-06
GRCh38_CMRG_45879	426	426	0.0
GRCh38_CMRG_46026	426	426	0.0
GRCh38_CMRG_52709	426	426	0.375829
GRCh38_CMRG_68925	426	426	0.0
GRCh38_CMRG_72028	426	426	0.163378
GRCh38_CMRG_79620	426	426	0.089042
GRCh38_CMRG_96	426	426	0.0
GRCh38_CMRG_21795	425	425	0.261695
GRCh38_CMRG_25023	425	425	0.528638
GRCh38_CMRG_26655	425	425	0.296987
GRCh38_CMRG_28197	425	425	0.0
GRCh38_CMRG_37748	425	425	0.0
GRCh38_CMRG_38572	425	425	0.31282
GRCh38_CMRG_49577	425	425	0.001802
GRCh38_CMRG_51688	425	425	0.340425
GRCh38_CMRG_54020	425	425	0.0
GRCh38_CMRG_58126	425	425	0.0
GRCh38_CMRG_614	425	425	0.0
GRCh38_CMRG_64942	425	425	0.0
GRCh38_CMRG_65222	425	425	0.000994
GRCh38_CMRG_79719	425	425	0.0
GRCh38_CMRG_79980	425	425	0.225987
GRCh38_CMRG_81571	425	425	0.0
GRCh38_CMRG_8514	425	425	0.326444
GRCh38_CMRG_9200	425	425	0.004843
GRCh38_CMRG_13012	424	424	0.031482
GRCh38_CMRG_14143	424	424	0.0
GRCh38_CMRG_19920	424	424	0.0
GRCh38_CMRG_24098	424	424	0.0
GRCh38_CMRG_24135	424	424	0.452232
GRCh38_CMRG_28202	424	424	0.239151
GRCh38_CMRG_33248	424	424	0.0
GRCh38_CMRG_33806	424	424	0.186909
GRCh38_CMRG_38931	424	424	0.000516
GRCh38_CMRG_42427	424	424	0.26363
GRCh38_CMRG_54752	424	424	0.0
GRCh38_CMRG_64134	424	424	0.278669
GRCh38_CMRG_74324	424	424	0.0
GRCh38_CMRG_77413	424	424	0.349096
GRCh38_CMRG_81005	424	424	0.0
GRCh38_CMRG_83030	424	424	0.27041
GRCh38_CMRG_16796	423	423	0.20434
GRCh38_CMRG_23916	423	423	0.0
GRCh38_CMRG_24414	423	423	0.0
GRCh38_CMRG_25249	423	423	0.0
GRCh38_CMRG_33169	423	423	0.0
GRCh38_CMRG_70218	423	423	0.0
GRCh38_CMRG_84441	423	423	0.00850737
GRCh38_CMRG_18417	422	422	0.0
GRCh38_CMRG_18713	422	422	0.0
GRCh38_CMRG_20947	422	422	0.389601
GRCh38_CMRG_24553	422	422	0.279149
GRCh38_CMRG_24554	422	422	0.279149
GRCh38_CMRG_2601	422	422	0.235868
GRCh38_CMRG_28562	422	422	0.517328
GRCh38_CMRG_49972	422	422	0.27006
GRCh38_CMRG_50134	422	422	0.0
GRCh38_CMRG_60142	422	422	0.0
GRCh38_CMRG_60638	422	422	0.123324
GRCh38_CMRG_60843	422	422	0.0
GRCh38_CMRG_62268	422	422	0.0
GRCh38_CMRG_8165	422	422	0.0
GRCh38_CMRG_83996	422	422	0.152004
GRCh38_CMRG_9613	422	422	0.20834
GRCh38_CMRG_19396	421	421	0.0
GRCh38_CMRG_24363	421	421	0.0
GRCh38_CMRG_29590	421	421	0.17375
GRCh38_CMRG_29944	421	421	0.0
GRCh38_CMRG_33827	421	421	0.0
GRCh38_CMRG_40999	421	421	0.000793
GRCh38_CMRG_41208	421	421	0.167138
GRCh38_CMRG_45646	421	421	0.0
GRCh38_CMRG_47725	421	421	0.211364
GRCh38_CMRG_50743	421	421	0.99859
GRCh38_CMRG_50744	421	421	0.99859
GRCh38_CMRG_63304	421	421	0.0
GRCh38_CMRG_69550	421	421	0.0
GRCh38_CMRG_81978	421	421	0.0
GRCh38_CMRG_10523	420	420	0.223072
GRCh38_CMRG_2177	420	420	0.103291
GRCh38_CMRG_24387	420	420	8e-06
GRCh38_CMRG_28198	420	420	0.0
GRCh38_CMRG_32646	420	420	0.0
GRCh38_CMRG_40104	420	420	0.18833
GRCh38_CMRG_50135	420	420	0.0
GRCh38_CMRG_77465	420	420	0.064441
GRCh38_CMRG_79543	420	420	0.002969
GRCh38_CMRG_84872	420	420	1.0
GRCh38_CMRG_29015	419	419	0.0
GRCh38_CMRG_40103	419	419	0.18833
GRCh38_CMRG_40528	419	419	0.0
GRCh38_CMRG_47873	419	419	0.3406
GRCh38_CMRG_63499	419	419	0.0
GRCh38_CMRG_6369	419	419	0.40334
GRCh38_CMRG_76671	419	419	0.255195
GRCh38_CMRG_78987	419	419	0.018092
GRCh38_CMRG_8226	419	419	0.0
GRCh38_CMRG_843	419	419	0.478754
GRCh38_CMRG_22889	418	418	0.0
GRCh38_CMRG_28393	418	418	0.0
GRCh38_CMRG_29051	418	418	0.0
GRCh38_CMRG_30837	418	418	0.304156
GRCh38_CMRG_31386	418	418	0.000387
GRCh38_CMRG_32341	418	418	0.0
GRCh38_CMRG_40437	418	418	0.001876
GRCh38_CMRG_40953	418	418	0.0
GRCh38_CMRG_54733	418	418	0.0
GRCh38_CMRG_61594	418	418	0.0
GRCh38_CMRG_65223	418	418	0.000994
GRCh38_CMRG_67011	418	418	0.0
GRCh38_CMRG_67767	418	418	0.014798
GRCh38_CMRG_78988	418	418	0.018092
GRCh38_CMRG_82580	418	418	0.0
GRCh38_CMRG_14768	417	417	0.308383
GRCh38_CMRG_1861	417	417	3.2e-05
GRCh38_CMRG_2073	417	417	0.06366
GRCh38_CMRG_24862	417	417	3e-05
GRCh38_CMRG_2541	417	417	0.642562
GRCh38_CMRG_29078	417	417	0.393225
GRCh38_CMRG_48673	417	417	0.307834
GRCh38_CMRG_53123	417	417	0.0
GRCh38_CMRG_54896	417	417	0.0
GRCh38_CMRG_62515	417	417	0.783907
GRCh38_CMRG_67892	417	417	0.0
GRCh38_CMRG_70979	417	417	0.0
GRCh38_CMRG_13145	416	416	0.094981
GRCh38_CMRG_13828	416	416	0.274383
GRCh38_CMRG_14483	416	416	0.24835
GRCh38_CMRG_21596	416	416	0.237857
GRCh38_CMRG_23469	416	416	0.0
GRCh38_CMRG_27861	416	416	0.378199
GRCh38_CMRG_34126	416	416	0.0
GRCh38_CMRG_37264	416	416	0.0
GRCh38_CMRG_42087	416	416	0.0
GRCh38_CMRG_51605	416	416	0.0
GRCh38_CMRG_53047	416	416	0.381953
GRCh38_CMRG_58809	416	416	0.22671
GRCh38_CMRG_59118	416	416	0.0
GRCh38_CMRG_59314	416	416	0.102756
GRCh38_CMRG_73119	416	416	0.000186
GRCh38_CMRG_76570	416	416	0.0
GRCh38_CMRG_82863	416	416	0.99975
GRCh38_CMRG_16584	415	415	0.0
GRCh38_CMRG_19560	415	415	0.0
GRCh38_CMRG_23860	415	415	0.0
GRCh38_CMRG_38345	415	415	0.0
GRCh38_CMRG_40436	415	415	0.001876
GRCh38_CMRG_49928	415	415	0.0
GRCh38_CMRG_60479	415	415	0.0
GRCh38_CMRG_60480	415	415	0.0
GRCh38_CMRG_64261	415	415	0.162799
GRCh38_CMRG_68243	415	415	0.35507
GRCh38_CMRG_73117	415	415	0.000186
GRCh38_CMRG_74608	415	415	0.0
GRCh38_CMRG_77076	415	415	0.0
GRCh38_CMRG_83060	415	415	0.285473
GRCh38_CMRG_83094	415	415	0.0
GRCh38_CMRG_84201	415	415	0.0
GRCh38_CMRG_25872	414	414	0.710602
GRCh38_CMRG_28110	414	414	0.000135
GRCh38_CMRG_49075	414	414	0.0
GRCh38_CMRG_50544	414	414	0.0
GRCh38_CMRG_53663	414	414	0.184936
GRCh38_CMRG_61537	414	414	0.0
GRCh38_CMRG_64697	414	414	0.0
GRCh38_CMRG_70607	414	414	0.144173
GRCh38_CMRG_74349	414	414	0.0
GRCh38_CMRG_76622	414	414	8e-06
GRCh38_CMRG_76812	414	414	0.0
GRCh38_CMRG_79099	414	414	0.24313
GRCh38_CMRG_80009	414	414	0.274479
GRCh38_CMRG_82494	414	414	0.31688
GRCh38_CMRG_82601	414	414	0.0
GRCh38_CMRG_11210	413	413	0.047659
GRCh38_CMRG_11835	413	413	0.000468
GRCh38_CMRG_17525	413	413	0.0
GRCh38_CMRG_19584	413	413	0.0
GRCh38_CMRG_33232	413	413	0.0
GRCh38_CMRG_33279	413	413	0.0
GRCh38_CMRG_33946	413	413	0.270517
GRCh38_CMRG_36271	413	413	0.270883
GRCh38_CMRG_39395	413	413	8e-06
GRCh38_CMRG_55290	413	413	0.000503
GRCh38_CMRG_73664	413	413	0.0
GRCh38_CMRG_75577	413	413	0.0
GRCh38_CMRG_76917	413	413	0.0
GRCh38_CMRG_84343	413	413	0.0
GRCh38_CMRG_13972	412	412	0.0
GRCh38_CMRG_19081	412	412	0.0
GRCh38_CMRG_21303	412	412	0.399281
GRCh38_CMRG_31461	412	412	0.0
GRCh38_CMRG_32023	412	412	0.386075
GRCh38_CMRG_32024	412	412	0.386075
GRCh38_CMRG_50781	412	412	0.208935
GRCh38_CMRG_52569	412	412	0.0
GRCh38_CMRG_52982	412	412	0.498794
GRCh38_CMRG_58168	412	412	0.41976
GRCh38_CMRG_58169	412	412	0.41976
GRCh38_CMRG_6583	412	412	0.188241
GRCh38_CMRG_69324	412	412	0.0
GRCh38_CMRG_69396	412	412	0.0
GRCh38_CMRG_79098	412	412	0.188046
GRCh38_CMRG_9543	412	412	0.000468
GRCh38_CMRG_15098	411	411	0.000165
GRCh38_CMRG_28886	411	411	2.5e-05
GRCh38_CMRG_29873	411	411	0.307816
GRCh38_CMRG_31644	411	411	0.107414
GRCh38_CMRG_32095	411	411	0.000535
GRCh38_CMRG_32951	411	411	0.0
GRCh38_CMRG_37532	411	411	0.075175
GRCh38_CMRG_44148	411	411	0.311738
GRCh38_CMRG_45473	411	411	0.0
GRCh38_CMRG_51393	411	411	0.378063
GRCh38_CMRG_54142	411	411	0.0
GRCh38_CMRG_60008	411	411	0.0
GRCh38_CMRG_68797	411	411	0.0
GRCh38_CMRG_75022	411	411	0.0
GRCh38_CMRG_75079	411	411	0.286336
GRCh38_CMRG_77656	411	411	0.0
GRCh38_CMRG_84874	411	411	1.0
GRCh38_CMRG_17939	410	410	0.0
GRCh38_CMRG_26240	410	410	0.0
GRCh38_CMRG_38766	410	410	0.184502
GRCh38_CMRG_55328	410	410	8e-06
GRCh38_CMRG_75546	410	410	0.43771
GRCh38_CMRG_80688	410	410	0.0
GRCh38_CMRG_81802	410	410	0.0
GRCh38_CMRG_14604	409	409	0.383119
GRCh38_CMRG_17773	409	409	0.001253
GRCh38_CMRG_22849	409	409	0.184555
GRCh38_CMRG_26430	409	409	0.0
GRCh38_CMRG_27151	409	409	4e-05
GRCh38_CMRG_37957	409	409	0.0
GRCh38_CMRG_51983	409	409	0.0
GRCh38_CMRG_68996	409	409	0.000203
GRCh38_CMRG_70234	409	409	0.0
GRCh38_CMRG_7375	409	409	0.0
GRCh38_CMRG_74692	409	409	0.0
GRCh38_CMRG_79004	409	409	0.018092
GRCh38_CMRG_18702	408	408	0.0
GRCh38_CMRG_21638	408	408	0.237857
GRCh38_CMRG_23662	408	408	0.0
GRCh38_CMRG_23914	408	408	0.0
GRCh38_CMRG_31032	408	408	7.5e-05
GRCh38_CMRG_41815	408	408	0.0
GRCh38_CMRG_45243	408	408	0.000588
GRCh38_CMRG_48974	408	408	0.0
GRCh38_CMRG_61081	408	408	0.167839
GRCh38_CMRG_61659	408	408	0.0
GRCh38_CMRG_62267	408	408	1.0
GRCh38_CMRG_62378	408	408	1.0
GRCh38_CMRG_62391	408	408	0.0
GRCh38_CMRG_77300	408	408	0.05634
GRCh38_CMRG_10816	407	407	0.23522
GRCh38_CMRG_12584	407	407	0.0
GRCh38_CMRG_16472	407	407	0.0
GRCh38_CMRG_2090	407	407	0.236426
GRCh38_CMRG_2091	407	407	0.236426
GRCh38_CMRG_27715	407	407	0.245239
GRCh38_CMRG_55370	407	407	0.0
GRCh38_CMRG_68232	407	407	0.0
GRCh38_CMRG_70622	407	407	0.000166
GRCh38_CMRG_72065	407	407	0.0
GRCh38_CMRG_72769	407	407	0.339941
GRCh38_CMRG_79905	407	407	0.0
GRCh38_CMRG_8314	407	407	0.0
GRCh38_CMRG_84386	407	407	0.0211572
GRCh38_CMRG_18711	406	406	0.0
GRCh38_CMRG_24557	406	406	0.102926
GRCh38_CMRG_24578	406	406	0.0
GRCh38_CMRG_26974	406	406	0.0
GRCh38_CMRG_29737	406	406	0.0
GRCh38_CMRG_48708	406	406	0.0
GRCh38_CMRG_48995	406	406	0.0
GRCh38_CMRG_52377	406	406	0.0
GRCh38_CMRG_60006	406	406	0.004015
GRCh38_CMRG_6252	406	406	0.000459
GRCh38_CMRG_70621	406	406	0.000166
GRCh38_CMRG_71493	406	406	0.494849
GRCh38_CMRG_72761	406	406	0.56371
GRCh38_CMRG_73560	406	406	0.0
GRCh38_CMRG_75578	406	406	0.0
GRCh38_CMRG_83985	406	406	0.000907833
GRCh38_CMRG_9331	406	406	0.000468
GRCh38_CMRG_27539	405	405	0.268012
GRCh38_CMRG_33178	405	405	0.0
GRCh38_CMRG_38205	405	405	0.0
GRCh38_CMRG_41792	405	405	0.0
GRCh38_CMRG_49110	405	405	0.0
GRCh38_CMRG_59636	405	405	0.0
GRCh38_CMRG_60456	405	405	1.6e-05
GRCh38_CMRG_62141	405	405	0.067055
GRCh38_CMRG_70793	405	405	0.079329
GRCh38_CMRG_71491	405	405	0.494849
GRCh38_CMRG_75404	405	405	0.02519
GRCh38_CMRG_79890	405	405	0.0
GRCh38_CMRG_84290	405	405	0.0
GRCh38_CMRG_29178	404	404	0.0
GRCh38_CMRG_32977	404	404	0.0
GRCh38_CMRG_32978	404	404	0.0
GRCh38_CMRG_38967	404	404	0.248953
GRCh38_CMRG_49284	404	404	0.0
GRCh38_CMRG_58537	404	404	1e-05
GRCh38_CMRG_60370	404	404	4e-05
GRCh38_CMRG_67978	404	404	2.4e-05
GRCh38_CMRG_69321	404	404	0.0
GRCh38_CMRG_70946	404	404	0.313614
GRCh38_CMRG_72767	404	404	0.51519
GRCh38_CMRG_72768	404	404	0.51519
GRCh38_CMRG_81883	404	404	0.0
GRCh38_CMRG_90	404	404	0.0
GRCh38_CMRG_12734	403	403	0.159838
GRCh38_CMRG_13783	403	403	0.0
GRCh38_CMRG_2253	403	403	0.351229
GRCh38_CMRG_26081	403	403	0.0
GRCh38_CMRG_29014	403	403	0.0
GRCh38_CMRG_29497	403	403	0.244168
GRCh38_CMRG_32767	403	403	0.0
GRCh38_CMRG_32950	403	403	0.144946
GRCh38_CMRG_40837	403	403	0.287049
GRCh38_CMRG_45952	403	403	0.0
GRCh38_CMRG_45953	403	403	0.0
GRCh38_CMRG_46454	403	403	0.0
GRCh38_CMRG_51173	403	403	0.646766
GRCh38_CMRG_52266	403	403	0.0
GRCh38_CMRG_59108	403	403	0.22913
GRCh38_CMRG_8063	403	403	0.0
GRCh38_CMRG_84888	403	403	0.484375
GRCh38_CMRG_9110	403	403	0.000468
GRCh38_CMRG_10761	402	402	0.047659
GRCh38_CMRG_12021	402	402	0.0
GRCh38_CMRG_1206	402	402	0.001726
GRCh38_CMRG_13700	402	402	0.0
GRCh38_CMRG_18827	402	402	0.0
GRCh38_CMRG_18908	402	402	0.0
GRCh38_CMRG_25293	402	402	0.119979
GRCh38_CMRG_29179	402	402	0.0
GRCh38_CMRG_29681	402	402	0.174951
GRCh38_CMRG_32728	402	402	0.079896
GRCh38_CMRG_44503	402	402	0.035138
GRCh38_CMRG_52568	402	402	0.022072
GRCh38_CMRG_60185	402	402	0.0
GRCh38_CMRG_61017	402	402	0.0
GRCh38_CMRG_79513	402	402	0.0
GRCh38_CMRG_8992	402	402	0.0
GRCh38_CMRG_10755	401	401	0.047659
GRCh38_CMRG_13628	401	401	0.0
GRCh38_CMRG_15337	401	401	0.008446
GRCh38_CMRG_15360	401	401	0.0
GRCh38_CMRG_32243	401	401	2.4e-05
GRCh38_CMRG_46510	401	401	0.0
GRCh38_CMRG_51567	401	401	0.0
GRCh38_CMRG_561	401	401	0.0
GRCh38_CMRG_61328	401	401	0.2352
GRCh38_CMRG_71851	401	401	0.225791
GRCh38_CMRG_74592	401	401	0.30333
GRCh38_CMRG_77376	401	401	0.0
GRCh38_CMRG_79526	401	401	0.501513
GRCh38_CMRG_82882	401	401	0.0
GRCh38_CMRG_18938	400	400	0.168014
GRCh38_CMRG_42391	400	400	0.000302
GRCh38_CMRG_54269	400	400	0.354834
GRCh38_CMRG_54270	400	400	0.354834
GRCh38_CMRG_58078	400	400	0.0
GRCh38_CMRG_60869	400	400	0.0
GRCh38_CMRG_63555	400	400	0.154635
GRCh38_CMRG_64946	400	400	0.0
GRCh38_CMRG_7355	400	400	0.301477
GRCh38_CMRG_7572	400	400	6.4e-05
GRCh38_CMRG_83663	400	400	0.00193894
GRCh38_CMRG_18694	399	399	0.0
GRCh38_CMRG_21296	399	399	0.307108
GRCh38_CMRG_21473	399	399	0.265647
GRCh38_CMRG_26733	399	399	0.762607
GRCh38_CMRG_33113	399	399	0.0
GRCh38_CMRG_33580	399	399	0.0
GRCh38_CMRG_61540	399	399	0.024514
GRCh38_CMRG_68009	399	399	0.0
GRCh38_CMRG_68010	399	399	0.0
GRCh38_CMRG_79443	399	399	0.018092
GRCh38_CMRG_79803	399	399	0.0
GRCh38_CMRG_8000	399	399	0.484352
GRCh38_CMRG_8062	399	399	0.0
GRCh38_CMRG_81856	399	399	0.0
GRCh38_CMRG_1855	398	398	0.221873
GRCh38_CMRG_22402	398	398	0.000865
GRCh38_CMRG_24768	398	398	0.0
GRCh38_CMRG_29604	398	398	0.020398
GRCh38_CMRG_30031	398	398	6.7e-05
GRCh38_CMRG_33173	398	398	0.0
GRCh38_CMRG_33501	398	398	0.454247
GRCh38_CMRG_38998	398	398	0.315385
GRCh38_CMRG_40118	398	398	0.242578
GRCh38_CMRG_48133	398	398	0.0
GRCh38_CMRG_52642	398	398	1.6e-05
GRCh38_CMRG_53358	398	398	0.219774
GRCh38_CMRG_53955	398	398	1.0
GRCh38_CMRG_55763	398	398	0.064683
GRCh38_CMRG_62181	398	398	0.85555
GRCh38_CMRG_62211	398	398	0.0
GRCh38_CMRG_72067	398	398	0.203871
GRCh38_CMRG_72723	398	398	0.0
GRCh38_CMRG_191	397	397	0.0
GRCh38_CMRG_23466	397	397	0.0
GRCh38_CMRG_37664	397	397	0.0
GRCh38_CMRG_40399	397	397	0.0
GRCh38_CMRG_45753	397	397	0.0
GRCh38_CMRG_51052	397	397	0.208034
GRCh38_CMRG_60588	397	397	0.0
GRCh38_CMRG_67795	397	397	1.0
GRCh38_CMRG_72383	397	397	0.0
GRCh38_CMRG_81531	397	397	0.137472
GRCh38_CMRG_16971	396	396	4.1e-05
GRCh38_CMRG_22747	396	396	0.288499
GRCh38_CMRG_27150	396	396	4e-05
GRCh38_CMRG_27366	396	396	0.25231
GRCh38_CMRG_29082	396	396	0.006459
GRCh38_CMRG_29495	396	396	0.232506
GRCh38_CMRG_29733	396	396	0.0
GRCh38_CMRG_32790	396	396	0.0
GRCh38_CMRG_34484	396	396	0.0
GRCh38_CMRG_37645	396	396	0.0
GRCh38_CMRG_54726	396	396	0.000312
GRCh38_CMRG_55563	396	396	0.0
GRCh38_CMRG_58739	396	396	0.000877
GRCh38_CMRG_67067	396	396	0.050143
GRCh38_CMRG_70584	396	396	0.0
GRCh38_CMRG_7767	396	396	0.29273
GRCh38_CMRG_9544	396	396	0.000468
GRCh38_CMRG_13252	395	395	0.0
GRCh38_CMRG_184	395	395	0.004515
GRCh38_CMRG_185	395	395	0.004515
GRCh38_CMRG_33274	395	395	0.0
GRCh38_CMRG_37585	395	395	0.231367
GRCh38_CMRG_40930	395	395	0.0
GRCh38_CMRG_59411	395	395	0.0
GRCh38_CMRG_6362	395	395	3.8e-05
GRCh38_CMRG_75401	395	395	0.054996
GRCh38_CMRG_17721	394	394	0.250876
GRCh38_CMRG_19345	394	394	0.000251
GRCh38_CMRG_21823	394	394	0.237857
GRCh38_CMRG_22260	394	394	0.0
GRCh38_CMRG_28144	394	394	0.0
GRCh38_CMRG_28513	394	394	2.4e-05
GRCh38_CMRG_37401	394	394	0.329852
GRCh38_CMRG_42319	394	394	0.0
GRCh38_CMRG_46493	394	394	0.057279
GRCh38_CMRG_52350	394	394	0.502364
GRCh38_CMRG_60272	394	394	0.324882
GRCh38_CMRG_70312	394	394	0.218453
GRCh38_CMRG_7062	394	394	0.0
GRCh38_CMRG_70779	394	394	0.0
GRCh38_CMRG_73670	394	394	0.25584
GRCh38_CMRG_74424	394	394	0.0
GRCh38_CMRG_749	394	394	0.25584
GRCh38_CMRG_80011	394	394	0.274479
GRCh38_CMRG_82379	394	394	1.8e-05
GRCh38_CMRG_82530	394	394	2.6e-05
GRCh38_CMRG_13356	393	393	0.173037
GRCh38_CMRG_18939	393	393	0.0
GRCh38_CMRG_26289	393	393	0.205907
GRCh38_CMRG_34205	393	393	0.525289
GRCh38_CMRG_34639	393	393	0.0
GRCh38_CMRG_36479	393	393	0.0
GRCh38_CMRG_37936	393	393	0.0
GRCh38_CMRG_40401	393	393	0.28235
GRCh38_CMRG_45141	393	393	0.0
GRCh38_CMRG_59210	393	393	0.489546
GRCh38_CMRG_65135	393	393	0.0
GRCh38_CMRG_65145	393	393	0.002658
GRCh38_CMRG_69991	393	393	0.0
GRCh38_CMRG_70539	393	393	0.0
GRCh38_CMRG_73993	393	393	0.0
GRCh38_CMRG_73994	393	393	0.0
GRCh38_CMRG_75317	393	393	0.588501
GRCh38_CMRG_79624	393	393	0.240507
GRCh38_CMRG_117	392	392	0.0
GRCh38_CMRG_14184	392	392	0.077036
GRCh38_CMRG_16762	392	392	0.299824
GRCh38_CMRG_16763	392	392	0.299824
GRCh38_CMRG_19559	392	392	0.0
GRCh38_CMRG_19781	392	392	0.0
GRCh38_CMRG_23303	392	392	0.0
GRCh38_CMRG_23979	392	392	0.0
GRCh38_CMRG_24697	392	392	0.0
GRCh38_CMRG_2494	392	392	0.0
GRCh38_CMRG_25396	392	392	0.050862
GRCh38_CMRG_35887	392	392	0.0
GRCh38_CMRG_44555	392	392	0.0
GRCh38_CMRG_46448	392	392	0.0
GRCh38_CMRG_47623	392	392	0.0
GRCh38_CMRG_54818	392	392	0.235717
GRCh38_CMRG_59261	392	392	0.184846
GRCh38_CMRG_63656	392	392	0.0
GRCh38_CMRG_70573	392	392	0.0
GRCh38_CMRG_79991	392	392	0.0
GRCh38_CMRG_82858	392	392	1.0
GRCh38_CMRG_13651	391	391	0.051224
GRCh38_CMRG_14844	391	391	0.207012
GRCh38_CMRG_23263	391	391	0.0
GRCh38_CMRG_23980	391	391	0.0
GRCh38_CMRG_39208	391	391	0.201173
GRCh38_CMRG_50709	391	391	0.0
GRCh38_CMRG_59070	391	391	0.000236
GRCh38_CMRG_62241	391	391	0.0
GRCh38_CMRG_69589	391	391	0.21661
GRCh38_CMRG_70794	391	391	0.0
GRCh38_CMRG_71653	391	391	0.493208
GRCh38_CMRG_823	391	391	0.480019
GRCh38_CMRG_1159	390	390	0.0
GRCh38_CMRG_18737	390	390	0.0
GRCh38_CMRG_49339	390	390	0.01886
GRCh38_CMRG_50052	390	390	0.229581
GRCh38_CMRG_53331	390	390	0.0
GRCh38_CMRG_59327	390	390	0.001631
GRCh38_CMRG_69932	390	390	0.0
GRCh38_CMRG_73337	390	390	1.0
GRCh38_CMRG_73359	390	390	0.0
GRCh38_CMRG_23264	389	389	0.0
GRCh38_CMRG_24366	389	389	0.031204
GRCh38_CMRG_28542	389	389	0.293508
GRCh38_CMRG_37584	389	389	0.231367
GRCh38_CMRG_37670	389	389	0.0
GRCh38_CMRG_48473	389	389	0.002647
GRCh38_CMRG_68308	389	389	0.058882
GRCh38_CMRG_10563	388	388	0.000468
GRCh38_CMRG_1079	388	388	0.0
GRCh38_CMRG_21246	388	388	0.250599
GRCh38_CMRG_22341	388	388	0.63121
GRCh38_CMRG_22751	388	388	0.0
GRCh38_CMRG_28299	388	388	0.0
GRCh38_CMRG_31500	388	388	0.0
GRCh38_CMRG_32837	388	388	0.0
GRCh38_CMRG_34736	388	388	0.23894
GRCh38_CMRG_45140	388	388	0.24162
GRCh38_CMRG_46671	388	388	0.0
GRCh38_CMRG_55629	388	388	0.0
GRCh38_CMRG_60455	388	388	1.6e-05
GRCh38_CMRG_67605	388	388	0.0
GRCh38_CMRG_73757	388	388	9e-06
GRCh38_CMRG_74348	388	388	0.0
GRCh38_CMRG_79053	388	388	0.454297
GRCh38_CMRG_84522	388	388	0.007253
GRCh38_CMRG_8687	388	388	0.000926
GRCh38_CMRG_17527	387	387	0.0
GRCh38_CMRG_23567	387	387	0.0
GRCh38_CMRG_28272	387	387	1.0
GRCh38_CMRG_29806	387	387	0.0
GRCh38_CMRG_33258	387	387	0.0
GRCh38_CMRG_37885	387	387	0.0
GRCh38_CMRG_41249	387	387	0.0
GRCh38_CMRG_44261	387	387	0.358022
GRCh38_CMRG_51022	387	387	0.000343
GRCh38_CMRG_51391	387	387	0.378063
GRCh38_CMRG_64606	387	387	0.0
GRCh38_CMRG_65217	387	387	0.0
GRCh38_CMRG_72231	387	387	0.0
GRCh38_CMRG_72364	387	387	0.24031
GRCh38_CMRG_74047	387	387	0.0
GRCh38_CMRG_80053	387	387	0.036983
GRCh38_CMRG_80945	387	387	0.24002
GRCh38_CMRG_81731	387	387	0.0
GRCh38_CMRG_82042	387	387	0.001561
GRCh38_CMRG_24318	386	386	4.3e-05
GRCh38_CMRG_41802	386	386	0.0
GRCh38_CMRG_44934	386	386	0.369496
GRCh38_CMRG_65158	386	386	0.0
GRCh38_CMRG_72647	386	386	0.0
GRCh38_CMRG_75078	386	386	0.286336
GRCh38_CMRG_75252	386	386	0.0
GRCh38_CMRG_79334	386	386	0.018092
GRCh38_CMRG_9668	386	386	0.000468
GRCh38_CMRG_10866	385	385	0.047659
GRCh38_CMRG_28432	385	385	0.0
GRCh38_CMRG_28524	385	385	6.5e-05
GRCh38_CMRG_32287	385	385	0.0
GRCh38_CMRG_42147	385	385	0.153044
GRCh38_CMRG_64511	385	385	0.0
GRCh38_CMRG_65362	385	385	0.0
GRCh38_CMRG_70099	385	385	0.136045
GRCh38_CMRG_7483	385	385	0.0
GRCh38_CMRG_84241	385	385	0.36118
GRCh38_CMRG_84250	385	385	0.189391
GRCh38_CMRG_18779	384	384	0.0
GRCh38_CMRG_19122	384	384	0.0
GRCh38_CMRG_24356	384	384	0.0
GRCh38_CMRG_24869	384	384	0.0
GRCh38_CMRG_30760	384	384	0.346249
GRCh38_CMRG_42162	384	384	0.538269
GRCh38_CMRG_52349	384	384	0.502364
GRCh38_CMRG_72232	384	384	0.0
GRCh38_CMRG_77404	384	384	0.104025
GRCh38_CMRG_79523	384	384	0.501513
GRCh38_CMRG_79612	384	384	0.0
GRCh38_CMRG_31881	383	383	0.319901
GRCh38_CMRG_35541	383	383	0.0
GRCh38_CMRG_46415	383	383	0.0
GRCh38_CMRG_48878	383	383	0.0
GRCh38_CMRG_53200	383	383	0.229458
GRCh38_CMRG_53474	383	383	0.36086
GRCh38_CMRG_576	383	383	0.0
GRCh38_CMRG_70178	383	383	0.0
GRCh38_CMRG_81964	383	383	0.701781
GRCh38_CMRG_84214	383	383	0.0
GRCh38_CMRG_8721	383	383	0.008048
GRCh38_CMRG_13533	382	382	0.0
GRCh38_CMRG_1792	382	382	0.0
GRCh38_CMRG_18738	382	382	0.0
GRCh38_CMRG_24901	382	382	0.0
GRCh38_CMRG_29191	382	382	0.99818
GRCh38_CMRG_34574	382	382	0.0
GRCh38_CMRG_34735	382	382	0.23894
GRCh38_CMRG_40608	382	382	0.001468
GRCh38_CMRG_45642	382	382	0.0
GRCh38_CMRG_47126	382	382	0.0
GRCh38_CMRG_50371	382	382	0.207443
GRCh38_CMRG_59119	382	382	0.315684
GRCh38_CMRG_69030	382	382	0.0
GRCh38_CMRG_79978	382	382	0.485114
GRCh38_CMRG_18783	381	381	0.364115
GRCh38_CMRG_19627	381	381	0.000484
GRCh38_CMRG_23952	381	381	0.0
GRCh38_CMRG_25984	381	381	1.0
GRCh38_CMRG_31388	381	381	0.562876
GRCh38_CMRG_31882	381	381	0.319901
GRCh38_CMRG_33636	381	381	0.0
GRCh38_CMRG_36664	381	381	0.0
GRCh38_CMRG_39398	381	381	0.0
GRCh38_CMRG_40610	381	381	0.001468
GRCh38_CMRG_41207	381	381	0.167138
GRCh38_CMRG_48311	381	381	0.22387
GRCh38_CMRG_51172	381	381	0.0
GRCh38_CMRG_52747	381	381	0.021268
GRCh38_CMRG_7117	381	381	0.329888
GRCh38_CMRG_79787	381	381	0.0
GRCh38_CMRG_14658	380	380	0.415043
GRCh38_CMRG_23340	380	380	0.0
GRCh38_CMRG_26223	380	380	0.0
GRCh38_CMRG_26380	380	380	0.001696
GRCh38_CMRG_27617	380	380	0.366587
GRCh38_CMRG_34349	380	380	0.0
GRCh38_CMRG_34724	380	380	0.0
GRCh38_CMRG_44796	380	380	0.0
GRCh38_CMRG_48641	380	380	0.0
GRCh38_CMRG_48744	380	380	0.012261
GRCh38_CMRG_64720	380	380	0.0
GRCh38_CMRG_64949	380	380	0.066093
GRCh38_CMRG_70445	380	380	0.033919
GRCh38_CMRG_70520	380	380	0.99984
GRCh38_CMRG_82341	380	380	0.0
GRCh38_CMRG_82935	380	380	0.260225
GRCh38_CMRG_83204	380	380	1.0
GRCh38_CMRG_12773	379	379	0.243334
GRCh38_CMRG_14959	379	379	0.2615
GRCh38_CMRG_21420	379	379	0.27207
GRCh38_CMRG_22310	379	379	0.251919
GRCh38_CMRG_22354	379	379	0.0
GRCh38_CMRG_29705	379	379	0.0
GRCh38_CMRG_31248	379	379	0.0
GRCh38_CMRG_31813	379	379	0.089274
GRCh38_CMRG_31814	379	379	0.089274
GRCh38_CMRG_36874	379	379	0.000208
GRCh38_CMRG_38569	379	379	0.164356
GRCh38_CMRG_40609	379	379	0.001468
GRCh38_CMRG_44162	379	379	0.0
GRCh38_CMRG_49001	379	379	0.0
GRCh38_CMRG_63295	379	379	0.0
GRCh38_CMRG_66056	379	379	0.0
GRCh38_CMRG_68138	379	379	0.0
GRCh38_CMRG_68368	379	379	0.000129
GRCh38_CMRG_82543	379	379	5.4e-05
GRCh38_CMRG_8426	379	379	0.076963
GRCh38_CMRG_9267	379	379	0.015792
GRCh38_CMRG_13654	378	378	0.0
GRCh38_CMRG_2129	378	378	0.269501
GRCh38_CMRG_26662	378	378	0.31412
GRCh38_CMRG_40985	378	378	0.217507
GRCh38_CMRG_54124	378	378	0.0992
GRCh38_CMRG_54163	378	378	0.000451
GRCh38_CMRG_58911	378	378	0.001861
GRCh38_CMRG_59819	378	378	0.322832
GRCh38_CMRG_67979	378	378	0.040268
GRCh38_CMRG_70610	378	378	0.234459
GRCh38_CMRG_83419	378	378	0.0
GRCh38_CMRG_84575	378	378	0.286222
GRCh38_CMRG_12006	377	377	0.0
GRCh38_CMRG_26352	377	377	0.0
GRCh38_CMRG_28651	377	377	0.645484
GRCh38_CMRG_32003	377	377	0.000143
GRCh38_CMRG_41554	377	377	0.178497
GRCh38_CMRG_48905	377	377	5.6e-05
GRCh38_CMRG_49056	377	377	0.0
GRCh38_CMRG_5764	377	377	0.0
GRCh38_CMRG_60064	377	377	0.000396
GRCh38_CMRG_61051	377	377	0.0
GRCh38_CMRG_6146	377	377	0.0
GRCh38_CMRG_62400	377	377	0.0
GRCh38_CMRG_65077	377	377	0.346829
GRCh38_CMRG_72629	377	377	0.002053
GRCh38_CMRG_79661	377	377	0.318299
GRCh38_CMRG_9911	377	377	0.000468
GRCh38_CMRG_1652	376	376	0.0
GRCh38_CMRG_18317	376	376	0.0
GRCh38_CMRG_1937	376	376	0.0
GRCh38_CMRG_19511	376	376	0.21155
GRCh38_CMRG_28131	376	376	0.0
GRCh38_CMRG_31825	376	376	0.0
GRCh38_CMRG_36783	376	376	0.0
GRCh38_CMRG_37686	376	376	0.014192
GRCh38_CMRG_53711	376	376	0.0
GRCh38_CMRG_60388	376	376	0.000118
GRCh38_CMRG_71961	376	376	0.0
GRCh38_CMRG_79742	376	376	0.0
GRCh38_CMRG_12615	375	375	0.0
GRCh38_CMRG_24339	375	375	0.290879
GRCh38_CMRG_27475	375	375	0.0
GRCh38_CMRG_28129	375	375	0.0
GRCh38_CMRG_28605	375	375	9e-05
GRCh38_CMRG_39107	375	375	0.0
GRCh38_CMRG_39464	375	375	0.0
GRCh38_CMRG_44205	375	375	0.0
GRCh38_CMRG_54236	375	375	0.0
GRCh38_CMRG_62062	375	375	0.367
GRCh38_CMRG_73613	375	375	0.0
GRCh38_CMRG_74431	375	375	0.003407
GRCh38_CMRG_81849	375	375	0.0
GRCh38_CMRG_84395	375	375	0.298782
GRCh38_CMRG_99	375	375	0.0
GRCh38_CMRG_11031	374	374	0.047659
GRCh38_CMRG_14915	374	374	0.0
GRCh38_CMRG_1791	374	374	1.0
GRCh38_CMRG_19814	374	374	0.0
GRCh38_CMRG_23446	374	374	0.018188
GRCh38_CMRG_24138	374	374	0.452232
GRCh38_CMRG_24196	374	374	7.8e-05
GRCh38_CMRG_28451	374	374	0.0
GRCh38_CMRG_31586	374	374	0.258696
GRCh38_CMRG_37208	374	374	0.0
GRCh38_CMRG_37209	374	374	0.0
GRCh38_CMRG_37250	374	374	0.081246
GRCh38_CMRG_44797	374	374	0.0
GRCh38_CMRG_47116	374	374	0.0
GRCh38_CMRG_48610	374	374	0.0
GRCh38_CMRG_50071	374	374	0.257844
GRCh38_CMRG_50343	374	374	0.0
GRCh38_CMRG_53514	374	374	0.0
GRCh38_CMRG_65175	374	374	0.1195
GRCh38_CMRG_68300	374	374	0.13495
GRCh38_CMRG_70444	374	374	0.033919
GRCh38_CMRG_7113	374	374	0.29283
GRCh38_CMRG_75585	374	374	0.0
GRCh38_CMRG_79878	374	374	0.0
GRCh38_CMRG_83182	374	374	0.0290629
GRCh38_CMRG_9095	374	374	0.29279
GRCh38_CMRG_18769	373	373	0.0
GRCh38_CMRG_23525	373	373	0.0
GRCh38_CMRG_23917	373	373	0.0
GRCh38_CMRG_24792	373	373	0.0
GRCh38_CMRG_39418	373	373	0.004486
GRCh38_CMRG_39419	373	373	0.004486
GRCh38_CMRG_49044	373	373	0.0594
GRCh38_CMRG_55584	373	373	0.0
GRCh38_CMRG_5939	373	373	0.25981
GRCh38_CMRG_6118	373	373	0.25032
GRCh38_CMRG_61228	373	373	0.0
GRCh38_CMRG_68301	373	373	0.13495
GRCh38_CMRG_71772	373	373	0.0
GRCh38_CMRG_76922	373	373	0.0
GRCh38_CMRG_79770	373	373	0.789841
GRCh38_CMRG_84128	373	373	0.4159
GRCh38_CMRG_11100	372	372	0.047659
GRCh38_CMRG_14912	372	372	0.0
GRCh38_CMRG_21304	372	372	0.399281
GRCh38_CMRG_24956	372	372	0.0
GRCh38_CMRG_32868	372	372	0.0
GRCh38_CMRG_35737	372	372	0.0
GRCh38_CMRG_36127	372	372	0.179519
GRCh38_CMRG_37680	372	372	0.0
GRCh38_CMRG_39114	372	372	0.21383
GRCh38_CMRG_40079	372	372	0.456532
GRCh38_CMRG_54131	372	372	1.6e-05
GRCh38_CMRG_55237	372	372	0.114693
GRCh38_CMRG_6759	372	372	0.19167
GRCh38_CMRG_75340	372	372	0.191158
GRCh38_CMRG_10668	371	371	0.047659
GRCh38_CMRG_11657	371	371	0.000468
GRCh38_CMRG_13945	371	371	0.093544
GRCh38_CMRG_18772	371	371	0.001183
GRCh38_CMRG_24125	371	371	0.0
GRCh38_CMRG_24195	371	371	7.8e-05
GRCh38_CMRG_24496	371	371	0.0
GRCh38_CMRG_33257	371	371	0.0
GRCh38_CMRG_39463	371	371	0.0
GRCh38_CMRG_41763	371	371	0.41408
GRCh38_CMRG_44007	371	371	0.90221
GRCh38_CMRG_45161	371	371	0.0
GRCh38_CMRG_47806	371	371	0.0
GRCh38_CMRG_54606	371	371	0.0
GRCh38_CMRG_61456	371	371	0.0
GRCh38_CMRG_69223	371	371	0.0
GRCh38_CMRG_74073	371	371	0.386027
GRCh38_CMRG_83816	371	371	0.00326114
GRCh38_CMRG_1735	370	370	0.0
GRCh38_CMRG_24478	370	370	0.201623
GRCh38_CMRG_28447	370	370	8e-06
GRCh38_CMRG_32869	370	370	0.0
GRCh38_CMRG_40040	370	370	0.279192
GRCh38_CMRG_65195	370	370	0.080324
GRCh38_CMRG_72213	370	370	0.314763
GRCh38_CMRG_73549	370	370	0.0
GRCh38_CMRG_74378	370	370	0.0
GRCh38_CMRG_84475	370	370	0.0
GRCh38_CMRG_13612	369	369	0.0
GRCh38_CMRG_24299	369	369	0.299095
GRCh38_CMRG_26664	369	369	0.25877
GRCh38_CMRG_29676	369	369	0.952406
GRCh38_CMRG_29677	369	369	0.952406
GRCh38_CMRG_36408	369	369	0.0
GRCh38_CMRG_44431	369	369	0.515736
GRCh38_CMRG_49478	369	369	0.0
GRCh38_CMRG_59059	369	369	0.28135
GRCh38_CMRG_60283	369	369	0.0
GRCh38_CMRG_61989	369	369	0.194349
GRCh38_CMRG_63294	369	369	0.0
GRCh38_CMRG_7112	369	369	0.2007
GRCh38_CMRG_72919	369	369	0.0
GRCh38_CMRG_73110	369	369	0.148276
GRCh38_CMRG_77412	369	369	0.349096
GRCh38_CMRG_84578	369	369	0.0
GRCh38_CMRG_14285	368	368	0.0
GRCh38_CMRG_17821	368	368	0.0
GRCh38_CMRG_21267	368	368	0.237857
GRCh38_CMRG_24020	368	368	0.134211
GRCh38_CMRG_24790	368	368	0.0
GRCh38_CMRG_29243	368	368	0.23691
GRCh38_CMRG_32791	368	368	0.0
GRCh38_CMRG_34708	368	368	0.222338
GRCh38_CMRG_36467	368	368	0.060824
GRCh38_CMRG_45577	368	368	1.6e-05
GRCh38_CMRG_47431	368	368	0.0
GRCh38_CMRG_47432	368	368	0.0
GRCh38_CMRG_52770	368	368	0.722667
GRCh38_CMRG_54237	368	368	0.0
GRCh38_CMRG_54746	368	368	0.282477
GRCh38_CMRG_55262	368	368	0.0
GRCh38_CMRG_63586	368	368	0.000468
GRCh38_CMRG_72214	368	368	0.314763
GRCh38_CMRG_73336	368	368	1.0
GRCh38_CMRG_77310	368	368	0.0
GRCh38_CMRG_15099	367	367	0.000165
GRCh38_CMRG_24500	367	367	0.0
GRCh38_CMRG_26050	367	367	0.000631
GRCh38_CMRG_33252	367	367	0.000129
GRCh38_CMRG_49621	367	367	0.176314
GRCh38_CMRG_50863	367	367	0.288636
GRCh38_CMRG_60123	367	367	0.0
GRCh38_CMRG_67339	367	367	1.0
GRCh38_CMRG_67847	367	367	0.0
GRCh38_CMRG_68146	367	367	0.0
GRCh38_CMRG_82647	367	367	0.0
GRCh38_CMRG_8323	367	367	0.000115
GRCh38_CMRG_84414	367	367	0.0
GRCh38_CMRG_11268	366	366	0.047659
GRCh38_CMRG_12701	366	366	0.0
GRCh38_CMRG_25770	366	366	9.8e-05
GRCh38_CMRG_32898	366	366	0.0
GRCh38_CMRG_46215	366	366	0.34181
GRCh38_CMRG_47942	366	366	0.0
GRCh38_CMRG_50533	366	366	0.0
GRCh38_CMRG_51102	366	366	6.6e-05
GRCh38_CMRG_59258	366	366	0.0
GRCh38_CMRG_64435	366	366	0.019208
GRCh38_CMRG_7977	366	366	0.0
GRCh38_CMRG_14508	365	365	0.0
GRCh38_CMRG_18002	365	365	0.0
GRCh38_CMRG_20936	365	365	0.208443
GRCh38_CMRG_29331	365	365	0.017071
GRCh38_CMRG_30655	365	365	6.4e-05
GRCh38_CMRG_37432	365	365	8e-06
GRCh38_CMRG_37797	365	365	0.0
GRCh38_CMRG_46436	365	365	0.21829
GRCh38_CMRG_47789	365	365	0.0
GRCh38_CMRG_48403	365	365	0.000132
GRCh38_CMRG_51918	365	365	0.273353
GRCh38_CMRG_52417	365	365	0.0
GRCh38_CMRG_59877	365	365	8.3e-05
GRCh38_CMRG_60784	365	365	0.0
GRCh38_CMRG_73392	365	365	0.21007
GRCh38_CMRG_76658	365	365	0.101156
GRCh38_CMRG_77391	365	365	0.0
GRCh38_CMRG_77634	365	365	0.0
GRCh38_CMRG_8128	365	365	0.0
GRCh38_CMRG_1714	364	364	0.99934
GRCh38_CMRG_18358	364	364	0.0
GRCh38_CMRG_18816	364	364	0.0
GRCh38_CMRG_21597	364	364	0.237857
GRCh38_CMRG_24319	364	364	4.3e-05
GRCh38_CMRG_26217	364	364	0.0
GRCh38_CMRG_26623	364	364	0.000139
GRCh38_CMRG_53386	364	364	0.0
GRCh38_CMRG_59764	364	364	0.22656
GRCh38_CMRG_60282	364	364	0.0
GRCh38_CMRG_67638	364	364	0.002457
GRCh38_CMRG_70953	364	364	0.0
GRCh38_CMRG_73609	364	364	0.194661
GRCh38_CMRG_78901	364	364	0.018092
GRCh38_CMRG_14540	363	363	0.0
GRCh38_CMRG_16841	363	363	0.274408
GRCh38_CMRG_1973	363	363	0.099329
GRCh38_CMRG_29344	363	363	0.0
GRCh38_CMRG_31122	363	363	0.0
GRCh38_CMRG_33913	363	363	0.0
GRCh38_CMRG_55423	363	363	0.0
GRCh38_CMRG_55677	363	363	0.0
GRCh38_CMRG_61161	363	363	0.212996
GRCh38_CMRG_61162	363	363	0.212996
GRCh38_CMRG_67798	363	363	0.0
GRCh38_CMRG_73112	363	363	0.0
GRCh38_CMRG_7390	363	363	0.0
GRCh38_CMRG_74684	363	363	0.0
GRCh38_CMRG_1566	362	362	0.056012
GRCh38_CMRG_1879	362	362	0.22635
GRCh38_CMRG_19731	362	362	0.0
GRCh38_CMRG_24287	362	362	0.0
GRCh38_CMRG_33259	362	362	0.0
GRCh38_CMRG_42150	362	362	0.0
GRCh38_CMRG_50526	362	362	0.0
GRCh38_CMRG_55226	362	362	0.040438
GRCh38_CMRG_60476	362	362	0.0
GRCh38_CMRG_62392	362	362	0.0
GRCh38_CMRG_64631	362	362	0.0
GRCh38_CMRG_77569	362	362	0.0
GRCh38_CMRG_84404	362	362	0.0
GRCh38_CMRG_17432	361	361	0.002118
GRCh38_CMRG_24104	361	361	0.0
GRCh38_CMRG_31975	361	361	0.206074
GRCh38_CMRG_33309	361	361	0.0
GRCh38_CMRG_44835	361	361	0.0
GRCh38_CMRG_49119	361	361	0.005813
GRCh38_CMRG_52632	361	361	0.23473
GRCh38_CMRG_70283	361	361	0.0
GRCh38_CMRG_72941	361	361	0.0
GRCh38_CMRG_74593	361	361	0.133165
GRCh38_CMRG_17433	360	360	0.002118
GRCh38_CMRG_22463	360	360	0.0
GRCh38_CMRG_25397	360	360	0.050862
GRCh38_CMRG_25895	360	360	0.027285
GRCh38_CMRG_36470	360	360	1.0
GRCh38_CMRG_38746	360	360	0.0
GRCh38_CMRG_39087	360	360	0.0
GRCh38_CMRG_47828	360	360	0.205089
GRCh38_CMRG_50918	360	360	0.077925
GRCh38_CMRG_60281	360	360	0.0
GRCh38_CMRG_64399	360	360	0.001493
GRCh38_CMRG_64867	360	360	0.0
GRCh38_CMRG_65141	360	360	0.0
GRCh38_CMRG_65365	360	360	0.0
GRCh38_CMRG_71525	360	360	0.39675
GRCh38_CMRG_72017	360	360	0.0
GRCh38_CMRG_7248	360	360	0.0
GRCh38_CMRG_72556	360	360	1.0
GRCh38_CMRG_73821	360	360	0.28551
GRCh38_CMRG_8240	360	360	0.356035
GRCh38_CMRG_19846	359	359	0.341073
GRCh38_CMRG_21203	359	359	0.0
GRCh38_CMRG_28	359	359	0.002185
GRCh38_CMRG_32136	359	359	0.179223
GRCh38_CMRG_38423	359	359	0.0
GRCh38_CMRG_45767	359	359	0.000781
GRCh38_CMRG_46120	359	359	0.189417
GRCh38_CMRG_47500	359	359	0.364705
GRCh38_CMRG_49733	359	359	0.164814
GRCh38_CMRG_55435	359	359	0.066689
GRCh38_CMRG_55548	359	359	0.03606
GRCh38_CMRG_55577	359	359	0.502411
GRCh38_CMRG_60059	359	359	0.0
GRCh38_CMRG_61748	359	359	0.0
GRCh38_CMRG_67834	359	359	0.071593
GRCh38_CMRG_71901	359	359	0.0
GRCh38_CMRG_75171	359	359	0.019534
GRCh38_CMRG_76617	359	359	0.15874
GRCh38_CMRG_13351	358	358	0.0
GRCh38_CMRG_1357	358	358	0.0
GRCh38_CMRG_16474	358	358	0.189106
GRCh38_CMRG_167	358	358	0.0
GRCh38_CMRG_25923	358	358	0.0
GRCh38_CMRG_26277	358	358	0.0
GRCh38_CMRG_28074	358	358	0.065663
GRCh38_CMRG_29256	358	358	0.2241
GRCh38_CMRG_30677	358	358	0.25323
GRCh38_CMRG_31095	358	358	0.0
GRCh38_CMRG_44206	358	358	0.0
GRCh38_CMRG_61448	358	358	0.0
GRCh38_CMRG_67995	358	358	0.007613
GRCh38_CMRG_70559	358	358	0.028929
GRCh38_CMRG_73309	358	358	4.8e-05
GRCh38_CMRG_84143	358	358	1.0902e-05
GRCh38_CMRG_12686	357	357	0.0
GRCh38_CMRG_14393	357	357	0.225409
GRCh38_CMRG_1451	357	357	0.000359
GRCh38_CMRG_2176	357	357	0.103291
GRCh38_CMRG_31527	357	357	0.18005
GRCh38_CMRG_33249	357	357	0.0
GRCh38_CMRG_37570	357	357	0.026942
GRCh38_CMRG_38626	357	357	0.0
GRCh38_CMRG_44795	357	357	0.0
GRCh38_CMRG_47602	357	357	0.0
GRCh38_CMRG_47824	357	357	0.254596
GRCh38_CMRG_55293	357	357	0.000503
GRCh38_CMRG_613	357	357	0.0
GRCh38_CMRG_7086	357	357	0.0
GRCh38_CMRG_75528	357	357	0.003015
GRCh38_CMRG_78975	357	357	0.018092
GRCh38_CMRG_11180	356	356	0.047659
GRCh38_CMRG_1362	356	356	0.06202
GRCh38_CMRG_15030	356	356	0.0
GRCh38_CMRG_18953	356	356	0.0
GRCh38_CMRG_27	356	356	0.002185
GRCh38_CMRG_32515	356	356	0.244121
GRCh38_CMRG_34271	356	356	0.515389
GRCh38_CMRG_45728	356	356	0.0
GRCh38_CMRG_50952	356	356	0.193678
GRCh38_CMRG_6094	356	356	0.292223
GRCh38_CMRG_67009	356	356	0.0
GRCh38_CMRG_71349	356	356	0.0
GRCh38_CMRG_72557	356	356	1.0
GRCh38_CMRG_78956	356	356	0.207277
GRCh38_CMRG_78957	356	356	0.207277
GRCh38_CMRG_79797	356	356	0.205105
GRCh38_CMRG_10630	355	355	0.047659
GRCh38_CMRG_11060	355	355	0.047659
GRCh38_CMRG_15327	355	355	0.0
GRCh38_CMRG_17521	355	355	0.0
GRCh38_CMRG_2123	355	355	0.0
GRCh38_CMRG_32611	355	355	0.254773
GRCh38_CMRG_38431	355	355	0.0
GRCh38_CMRG_46552	355	355	0.14248
GRCh38_CMRG_46553	355	355	0.14248
GRCh38_CMRG_47008	355	355	0.001265
GRCh38_CMRG_51659	355	355	0.359383
GRCh38_CMRG_66051	355	355	0.0
GRCh38_CMRG_67355	355	355	0.21943
GRCh38_CMRG_67599	355	355	0.0
GRCh38_CMRG_72442	355	355	0.0
GRCh38_CMRG_72739	355	355	0.0
GRCh38_CMRG_75257	355	355	0.21154
GRCh38_CMRG_77462	355	355	0.007555
GRCh38_CMRG_7753	355	355	0.0
GRCh38_CMRG_79771	355	355	0.789841
GRCh38_CMRG_80809	355	355	0.27157
GRCh38_CMRG_81762	355	355	0.0
GRCh38_CMRG_16919	354	354	0.216075
GRCh38_CMRG_18356	354	354	0.0
GRCh38_CMRG_21384	354	354	0.237857
GRCh38_CMRG_38702	354	354	0.059668
GRCh38_CMRG_43801	354	354	0.0
GRCh38_CMRG_51264	354	354	0.158757
GRCh38_CMRG_58595	354	354	5.6e-05
GRCh38_CMRG_67572	354	354	0.0
GRCh38_CMRG_7835	354	354	0.0
GRCh38_CMRG_10607	353	353	0.508034
GRCh38_CMRG_21300	353	353	0.237857
GRCh38_CMRG_22368	353	353	0.2178
GRCh38_CMRG_28606	353	353	9e-05
GRCh38_CMRG_32146	353	353	0.269506
GRCh38_CMRG_33502	353	353	0.454247
GRCh38_CMRG_41648	353	353	0.004814
GRCh38_CMRG_418	353	353	0.0
GRCh38_CMRG_42295	353	353	0.205258
GRCh38_CMRG_50345	353	353	0.0
GRCh38_CMRG_60460	353	353	0.0
GRCh38_CMRG_60475	353	353	0.0
GRCh38_CMRG_62171	353	353	0.024146
GRCh38_CMRG_65166	353	353	0.0
GRCh38_CMRG_72930	353	353	0.0
GRCh38_CMRG_73863	353	353	0.088133
GRCh38_CMRG_75116	353	353	0.000289
GRCh38_CMRG_77463	353	353	0.007555
GRCh38_CMRG_10608	352	352	0.508034
GRCh38_CMRG_20004	352	352	0.277916
GRCh38_CMRG_24295	352	352	0.0
GRCh38_CMRG_25372	352	352	0.0
GRCh38_CMRG_25373	352	352	0.0
GRCh38_CMRG_30641	352	352	0.369484
GRCh38_CMRG_37400	352	352	0.329852
GRCh38_CMRG_38065	352	352	0.0
GRCh38_CMRG_40037	352	352	0.204406
GRCh38_CMRG_44393	352	352	0.20384
GRCh38_CMRG_44429	352	352	0.304881
GRCh38_CMRG_48132	352	352	0.270892
GRCh38_CMRG_6044	352	352	0.200848
GRCh38_CMRG_64918	352	352	0.15832
GRCh38_CMRG_66390	352	352	0.0
GRCh38_CMRG_7167	352	352	0.028628
GRCh38_CMRG_71787	352	352	0.297309
GRCh38_CMRG_77701	352	352	0.0
GRCh38_CMRG_2367	351	351	8e-06
GRCh38_CMRG_31919	351	351	0.0
GRCh38_CMRG_33369	351	351	0.0
GRCh38_CMRG_473	351	351	0.0
GRCh38_CMRG_48423	351	351	0.1778
GRCh38_CMRG_51485	351	351	0.0
GRCh38_CMRG_58954	351	351	0.0
GRCh38_CMRG_60587	351	351	8e-06
GRCh38_CMRG_61048	351	351	0.0
GRCh38_CMRG_61345	351	351	0.0
GRCh38_CMRG_6918	351	351	0.0
GRCh38_CMRG_75458	351	351	0.194037
GRCh38_CMRG_78970	351	351	0.018092
GRCh38_CMRG_8671	351	351	0.0
GRCh38_CMRG_10501	350	350	0.000468
GRCh38_CMRG_18770	350	350	0.0
GRCh38_CMRG_25756	350	350	0.21145
GRCh38_CMRG_36569	350	350	0.002374
GRCh38_CMRG_44794	350	350	0.0
GRCh38_CMRG_45160	350	350	0.239678
GRCh38_CMRG_52798	350	350	0.0
GRCh38_CMRG_64554	350	350	4e-05
GRCh38_CMRG_72572	350	350	1.0
GRCh38_CMRG_72733	350	350	0.0
GRCh38_CMRG_74009	350	350	0.478495
GRCh38_CMRG_75128	350	350	0.0
GRCh38_CMRG_76764	350	350	0.130867
GRCh38_CMRG_16771	349	349	0.03798
GRCh38_CMRG_18892	349	349	0.0
GRCh38_CMRG_2036	349	349	0.289689
GRCh38_CMRG_24499	349	349	0.0
GRCh38_CMRG_2683	349	349	0.0
GRCh38_CMRG_28337	349	349	0.0
GRCh38_CMRG_32379	349	349	0.202086
GRCh38_CMRG_33260	349	349	0.0
GRCh38_CMRG_426	349	349	0.0
GRCh38_CMRG_43872	349	349	0.71688
GRCh38_CMRG_45201	349	349	0.0
GRCh38_CMRG_52706	349	349	0.0
GRCh38_CMRG_60439	349	349	0.11086
GRCh38_CMRG_64479	349	349	0.0
GRCh38_CMRG_64647	349	349	0.03649
GRCh38_CMRG_6814	349	349	0.160095
GRCh38_CMRG_75030	349	349	0.002578
GRCh38_CMRG_82908	349	349	0.0
GRCh38_CMRG_83531	349	349	0.0
GRCh38_CMRG_83790	349	349	0.00582649
GRCh38_CMRG_8602	349	349	0.499855
GRCh38_CMRG_19761	348	348	0.001323
GRCh38_CMRG_27330	348	348	0.20066
GRCh38_CMRG_32460	348	348	0.0
GRCh38_CMRG_36875	348	348	0.000208
GRCh38_CMRG_41311	348	348	0.047068
GRCh38_CMRG_55451	348	348	0.0
GRCh38_CMRG_59987	348	348	0.0
GRCh38_CMRG_65584	348	348	0.0
GRCh38_CMRG_67743	348	348	0.0
GRCh38_CMRG_68133	348	348	0.000711
GRCh38_CMRG_72443	348	348	0.456551
GRCh38_CMRG_72772	348	348	0.339941
GRCh38_CMRG_7377	348	348	0.0
GRCh38_CMRG_75031	348	348	0.002578
GRCh38_CMRG_77319	348	348	0.0
GRCh38_CMRG_8829	348	348	0.0
GRCh38_CMRG_14530	347	347	0.0
GRCh38_CMRG_15539	347	347	0.184046
GRCh38_CMRG_19026	347	347	0.31536
GRCh38_CMRG_20990	347	347	0.0
GRCh38_CMRG_2132	347	347	0.0
GRCh38_CMRG_29921	347	347	0.040755
GRCh38_CMRG_43648	347	347	0.301436
GRCh38_CMRG_58133	347	347	0.0
GRCh38_CMRG_59439	347	347	0.002899
GRCh38_CMRG_62373	347	347	0.0
GRCh38_CMRG_82250	347	347	0.00674
GRCh38_CMRG_11369	346	346	0.047659
GRCh38_CMRG_15406	346	346	0.3128
GRCh38_CMRG_17005	346	346	0.27078
GRCh38_CMRG_28431	346	346	0.0
GRCh38_CMRG_28994	346	346	0.0
GRCh38_CMRG_32402	346	346	0.0
GRCh38_CMRG_32647	346	346	0.0
GRCh38_CMRG_32786	346	346	0.0
GRCh38_CMRG_37722	346	346	1.0
GRCh38_CMRG_38011	346	346	0.0
GRCh38_CMRG_43732	346	346	0.177202
GRCh38_CMRG_43847	346	346	0.000193
GRCh38_CMRG_47201	346	346	0.694817
GRCh38_CMRG_52332	346	346	0.0
GRCh38_CMRG_72482	346	346	0.0
GRCh38_CMRG_75308	346	346	0.0
GRCh38_CMRG_77677	346	346	0.0
GRCh38_CMRG_79324	346	346	0.018092
GRCh38_CMRG_22401	345	345	0.0
GRCh38_CMRG_28054	345	345	0.108066
GRCh38_CMRG_31857	345	345	0.184551
GRCh38_CMRG_32608	345	345	0.184968
GRCh38_CMRG_51484	345	345	0.0
GRCh38_CMRG_59805	345	345	0.000781
GRCh38_CMRG_67568	345	345	0.0
GRCh38_CMRG_7346	345	345	0.0
GRCh38_CMRG_74609	345	345	0.0
GRCh38_CMRG_77343	345	345	0.0
GRCh38_CMRG_79922	345	345	0.0
GRCh38_CMRG_82785	345	345	0.0
GRCh38_CMRG_16752	344	344	0.194661
GRCh38_CMRG_23359	344	344	0.0
GRCh38_CMRG_23750	344	344	0.173119
GRCh38_CMRG_23869	344	344	0.0
GRCh38_CMRG_24544	344	344	0.0
GRCh38_CMRG_26087	344	344	0.0
GRCh38_CMRG_26272	344	344	0.001421
GRCh38_CMRG_27646	344	344	0.245419
GRCh38_CMRG_28288	344	344	0.0
GRCh38_CMRG_28450	344	344	0.0
GRCh38_CMRG_30010	344	344	0.000441
GRCh38_CMRG_32919	344	344	0.0
GRCh38_CMRG_41856	344	344	0.285054
GRCh38_CMRG_44061	344	344	0.0
GRCh38_CMRG_47918	344	344	0.242496
GRCh38_CMRG_50357	344	344	0.0
GRCh38_CMRG_53529	344	344	6.4e-05
GRCh38_CMRG_64984	344	344	0.0
GRCh38_CMRG_65108	344	344	0.000763
GRCh38_CMRG_67660	344	344	4e-05
GRCh38_CMRG_70427	344	344	0.548578
GRCh38_CMRG_72701	344	344	0.056197
GRCh38_CMRG_83046	344	344	0.20434
GRCh38_CMRG_83215	344	344	0.0
GRCh38_CMRG_84151	344	344	0.335261
GRCh38_CMRG_84228	344	344	0.0
GRCh38_CMRG_14497	343	343	0.0
GRCh38_CMRG_21171	343	343	0.0
GRCh38_CMRG_2131	343	343	0.000168
GRCh38_CMRG_21995	343	343	0.21129
GRCh38_CMRG_2317	343	343	0.364155
GRCh38_CMRG_24301	343	343	0.0
GRCh38_CMRG_28911	343	343	0.0
GRCh38_CMRG_41078	343	343	0.319569
GRCh38_CMRG_41754	343	343	0.0
GRCh38_CMRG_46515	343	343	0.238109
GRCh38_CMRG_53647	343	343	0.0
GRCh38_CMRG_62547	343	343	0.096712
GRCh38_CMRG_72284	343	343	0.0
GRCh38_CMRG_72675	343	343	0.0
GRCh38_CMRG_31854	342	342	0.254818
GRCh38_CMRG_38180	342	342	0.164377
GRCh38_CMRG_41819	342	342	0.0
GRCh38_CMRG_44430	342	342	0.515736
GRCh38_CMRG_49923	342	342	0.0
GRCh38_CMRG_65165	342	342	0.0
GRCh38_CMRG_65496	342	342	0.0
GRCh38_CMRG_67996	342	342	0.007613
GRCh38_CMRG_79325	342	342	0.018092
GRCh38_CMRG_12752	341	341	0.324115
GRCh38_CMRG_18751	341	341	0.00054
GRCh38_CMRG_22358	341	341	0.000407
GRCh38_CMRG_22893	341	341	0.238033
GRCh38_CMRG_25769	341	341	9.8e-05
GRCh38_CMRG_25789	341	341	0.0
GRCh38_CMRG_29608	341	341	0.196222
GRCh38_CMRG_33076	341	341	0.0
GRCh38_CMRG_58192	341	341	0.267566
GRCh38_CMRG_59449	341	341	0.001672
GRCh38_CMRG_64795	341	341	0.000478
GRCh38_CMRG_69432	341	341	0.099479
GRCh38_CMRG_71829	341	341	0.47107
GRCh38_CMRG_71830	341	341	0.47107
GRCh38_CMRG_77238	341	341	0.0
GRCh38_CMRG_79889	341	341	0.081436
GRCh38_CMRG_81622	341	341	0.014429
GRCh38_CMRG_9442	341	341	0.000468
GRCh38_CMRG_11044	340	340	0.050435
GRCh38_CMRG_1556	340	340	0.006484
GRCh38_CMRG_17522	340	340	0.000436
GRCh38_CMRG_23887	340	340	0.0
GRCh38_CMRG_29707	340	340	0.0
GRCh38_CMRG_30022	340	340	4.6e-05
GRCh38_CMRG_30606	340	340	0.0
GRCh38_CMRG_37356	340	340	0.0
GRCh38_CMRG_46669	340	340	0.0
GRCh38_CMRG_58262	340	340	0.0
GRCh38_CMRG_5955	340	340	0.373007
GRCh38_CMRG_61070	340	340	0.312957
GRCh38_CMRG_6238	340	340	0.0
GRCh38_CMRG_63380	340	340	0.20103
GRCh38_CMRG_64709	340	340	0.080987
GRCh38_CMRG_6591	340	340	0.114312
GRCh38_CMRG_68896	340	340	0.152017
GRCh38_CMRG_73243	340	340	0.0
GRCh38_CMRG_7719	340	340	0.024005
GRCh38_CMRG_77318	340	340	0.0
GRCh38_CMRG_79795	340	340	0.0
GRCh38_CMRG_79796	340	340	0.0
GRCh38_CMRG_80823	340	340	0.0
GRCh38_CMRG_11588	339	339	0.194292
GRCh38_CMRG_17780	339	339	0.0
GRCh38_CMRG_22878	339	339	0.000409
GRCh38_CMRG_32461	339	339	0.000436
GRCh38_CMRG_33150	339	339	0.0
GRCh38_CMRG_44005	339	339	0.000149
GRCh38_CMRG_44267	339	339	0.0
GRCh38_CMRG_51770	339	339	0.0
GRCh38_CMRG_59712	339	339	0.010374
GRCh38_CMRG_60181	339	339	0.0
GRCh38_CMRG_68044	339	339	0.0
GRCh38_CMRG_7513	339	339	2.7e-05
GRCh38_CMRG_76924	339	339	0.104701
GRCh38_CMRG_82182	339	339	0.26714
GRCh38_CMRG_13350	338	338	0.0
GRCh38_CMRG_21918	338	338	0.237857
GRCh38_CMRG_33308	338	338	0.0
GRCh38_CMRG_45712	338	338	0.062013
GRCh38_CMRG_52356	338	338	0.0
GRCh38_CMRG_5893	338	338	0.0
GRCh38_CMRG_64054	338	338	0.289728
GRCh38_CMRG_64492	338	338	0.0
GRCh38_CMRG_74237	338	338	0.0
GRCh38_CMRG_7666	338	338	0.0
GRCh38_CMRG_84011	338	338	0.0
GRCh38_CMRG_13410	337	337	0.0
GRCh38_CMRG_15300	337	337	0.0
GRCh38_CMRG_21283	337	337	0.237857
GRCh38_CMRG_24751	337	337	0.0
GRCh38_CMRG_26785	337	337	0.0
GRCh38_CMRG_26838	337	337	0.0
GRCh38_CMRG_27244	337	337	0.19608
GRCh38_CMRG_28323	337	337	2.4e-05
GRCh38_CMRG_41944	337	337	0.20159
GRCh38_CMRG_49275	337	337	0.0
GRCh38_CMRG_55568	337	337	0.0
GRCh38_CMRG_58829	337	337	0.0
GRCh38_CMRG_61018	337	337	0.0
GRCh38_CMRG_6338	337	337	0.480487
GRCh38_CMRG_68593	337	337	0.0
GRCh38_CMRG_74728	337	337	0.0
GRCh38_CMRG_74879	337	337	0.417755
GRCh38_CMRG_74880	337	337	0.417755
GRCh38_CMRG_7665	337	337	0.0
GRCh38_CMRG_76925	337	337	0.104701
GRCh38_CMRG_77614	337	337	0.0
GRCh38_CMRG_7876	337	337	0.005853
GRCh38_CMRG_79146	337	337	0.018092
GRCh38_CMRG_11569	336	336	0.118439
GRCh38_CMRG_2262	336	336	0.340967
GRCh38_CMRG_26275	336	336	0.294332
GRCh38_CMRG_26837	336	336	5.9e-05
GRCh38_CMRG_26941	336	336	0.0
GRCh38_CMRG_30021	336	336	4.6e-05
GRCh38_CMRG_32329	336	336	0.0
GRCh38_CMRG_32553	336	336	8e-06
GRCh38_CMRG_44500	336	336	0.93847
GRCh38_CMRG_48335	336	336	0.008623
GRCh38_CMRG_49716	336	336	0.0
GRCh38_CMRG_49717	336	336	0.0
GRCh38_CMRG_51333	336	336	0.12273
GRCh38_CMRG_60571	336	336	0.0
GRCh38_CMRG_60613	336	336	0.0
GRCh38_CMRG_61882	336	336	0.420577
GRCh38_CMRG_62527	336	336	0.0
GRCh38_CMRG_68234	336	336	0.0
GRCh38_CMRG_68460	336	336	0.0
GRCh38_CMRG_69397	336	336	0.0
GRCh38_CMRG_72543	336	336	0.0
GRCh38_CMRG_74179	336	336	5.7e-05
GRCh38_CMRG_8237	336	336	0.363165
GRCh38_CMRG_13412	335	335	0.0
GRCh38_CMRG_14311	335	335	0.18733
GRCh38_CMRG_159	335	335	0.0
GRCh38_CMRG_44992	335	335	0.138412
GRCh38_CMRG_45203	335	335	0.0
GRCh38_CMRG_47056	335	335	0.0
GRCh38_CMRG_49585	335	335	0.123775
GRCh38_CMRG_62641	335	335	0.0
GRCh38_CMRG_6581	335	335	0.0
GRCh38_CMRG_72093	335	335	0.0
GRCh38_CMRG_72619	335	335	0.127805
GRCh38_CMRG_75060	335	335	0.0
GRCh38_CMRG_8186	335	335	0.0
GRCh38_CMRG_83874	335	335	0.0563179
GRCh38_CMRG_21395	334	334	0.237857
GRCh38_CMRG_23058	334	334	0.20253
GRCh38_CMRG_23682	334	334	0.0
GRCh38_CMRG_45036	334	334	0.0
GRCh38_CMRG_46065	334	334	0.000206
GRCh38_CMRG_48830	334	334	0.0
GRCh38_CMRG_53976	334	334	0.264691
GRCh38_CMRG_59281	334	334	0.0
GRCh38_CMRG_60430	334	334	0.0
GRCh38_CMRG_6073	334	334	0.0
GRCh38_CMRG_61720	334	334	0.0
GRCh38_CMRG_65583	334	334	0.0
GRCh38_CMRG_68296	334	334	0.000624
GRCh38_CMRG_74420	334	334	0.0
GRCh38_CMRG_75139	334	334	0.09095
GRCh38_CMRG_75264	334	334	0.0
GRCh38_CMRG_84615	334	334	0.0
GRCh38_CMRG_9304	334	334	0.99457
GRCh38_CMRG_12022	333	333	0.0
GRCh38_CMRG_18218	333	333	0.116197
GRCh38_CMRG_20908	333	333	0.0
GRCh38_CMRG_24752	333	333	0.0
GRCh38_CMRG_28108	333	333	0.0
GRCh38_CMRG_29834	333	333	0.000132
GRCh38_CMRG_41497	333	333	0.0
GRCh38_CMRG_45616	333	333	0.0
GRCh38_CMRG_48885	333	333	0.23345
GRCh38_CMRG_50542	333	333	0.0
GRCh38_CMRG_52477	333	333	0.001249
GRCh38_CMRG_53243	333	333	0.0
GRCh38_CMRG_60148	333	333	0.0
GRCh38_CMRG_64061	333	333	0.027879
GRCh38_CMRG_70499	333	333	0.000667
GRCh38_CMRG_70712	333	333	0.0
GRCh38_CMRG_72773	333	333	0.339941
GRCh38_CMRG_72993	333	333	0.449667
GRCh38_CMRG_81906	333	333	0.025095
GRCh38_CMRG_82143	333	333	0.0
GRCh38_CMRG_11101	332	332	0.047659
GRCh38_CMRG_15005	332	332	0.523884
GRCh38_CMRG_17089	332	332	0.0
GRCh38_CMRG_24139	332	332	0.452232
GRCh38_CMRG_38108	332	332	0.000174
GRCh38_CMRG_55291	332	332	0.000503
GRCh38_CMRG_64469	332	332	0.000412
GRCh38_CMRG_75405	332	332	0.02519
GRCh38_CMRG_82167	332	332	0.0
GRCh38_CMRG_8318	332	332	0.0
GRCh38_CMRG_10573	331	331	0.047659
GRCh38_CMRG_12024	331	331	0.044388
GRCh38_CMRG_24273	331	331	0.0
GRCh38_CMRG_29125	331	331	0.0
GRCh38_CMRG_31786	331	331	0.0
GRCh38_CMRG_32639	331	331	0.0
GRCh38_CMRG_37297	331	331	0.003558
GRCh38_CMRG_40629	331	331	0.368286
GRCh38_CMRG_58483	331	331	0.212846
GRCh38_CMRG_58628	331	331	0.003535
GRCh38_CMRG_60447	331	331	0.0
GRCh38_CMRG_61146	331	331	0.0
GRCh38_CMRG_61208	331	331	0.176698
GRCh38_CMRG_74098	331	331	0.0
GRCh38_CMRG_83043	331	331	0.00266501
GRCh38_CMRG_11618	330	330	0.488457
GRCh38_CMRG_23683	330	330	0.0
GRCh38_CMRG_26797	330	330	0.170966
GRCh38_CMRG_32942	330	330	0.0
GRCh38_CMRG_33105	330	330	0.0
GRCh38_CMRG_33830	330	330	0.0
GRCh38_CMRG_37679	330	330	0.0
GRCh38_CMRG_43905	330	330	0.0
GRCh38_CMRG_45782	330	330	0.172977
GRCh38_CMRG_59021	330	330	0.351227
GRCh38_CMRG_62266	330	330	1.0
GRCh38_CMRG_70802	330	330	0.0
GRCh38_CMRG_74272	330	330	0.0
GRCh38_CMRG_75140	330	330	0.09095
GRCh38_CMRG_79654	330	330	0.693934
GRCh38_CMRG_8852	330	330	0.0
GRCh38_CMRG_16967	329	329	0.0
GRCh38_CMRG_19672	329	329	0.0
GRCh38_CMRG_19869	329	329	0.267801
GRCh38_CMRG_2170	329	329	0.196855
GRCh38_CMRG_24868	329	329	0.290179
GRCh38_CMRG_34640	329	329	0.0
GRCh38_CMRG_38575	329	329	0.016735
GRCh38_CMRG_52620	329	329	2.4e-05
GRCh38_CMRG_5938	329	329	0.0
GRCh38_CMRG_61738	329	329	0.19859
GRCh38_CMRG_66121	329	329	0.0
GRCh38_CMRG_67850	329	329	0.0
GRCh38_CMRG_67981	329	329	0.040268
GRCh38_CMRG_74939	329	329	0.0
GRCh38_CMRG_8086	329	329	0.0
GRCh38_CMRG_8087	329	329	0.0
GRCh38_CMRG_82359	329	329	0.0
GRCh38_CMRG_82913	329	329	0.0
GRCh38_CMRG_83250	329	329	0.0
GRCh38_CMRG_14019	328	328	0.1955
GRCh38_CMRG_23893	328	328	0.0
GRCh38_CMRG_2454	328	328	0.0
GRCh38_CMRG_24621	328	328	0.21352
GRCh38_CMRG_32794	328	328	0.0
GRCh38_CMRG_38158	328	328	0.0
GRCh38_CMRG_49691	328	328	0.0142
GRCh38_CMRG_49692	328	328	0.0142
GRCh38_CMRG_60791	328	328	0.0
GRCh38_CMRG_62132	328	328	0.0
GRCh38_CMRG_68407	328	328	0.0
GRCh38_CMRG_69500	328	328	0.000286
GRCh38_CMRG_8181	328	328	0.0
GRCh38_CMRG_12078	327	327	0.0
GRCh38_CMRG_12460	327	327	0.0
GRCh38_CMRG_12624	327	327	0.28637
GRCh38_CMRG_14862	327	327	0.0
GRCh38_CMRG_17765	327	327	0.75289
GRCh38_CMRG_28128	327	327	0.0
GRCh38_CMRG_2947	327	327	0.179176
GRCh38_CMRG_32891	327	327	0.220996
GRCh38_CMRG_34379	327	327	0.282556
GRCh38_CMRG_39581	327	327	5.6e-05
GRCh38_CMRG_39683	327	327	0.020095
GRCh38_CMRG_48590	327	327	0.0
GRCh38_CMRG_55170	327	327	0.006021
GRCh38_CMRG_55841	327	327	0.0
GRCh38_CMRG_64396	327	327	0.339484
GRCh38_CMRG_6514	327	327	0.205497
GRCh38_CMRG_70692	327	327	0.0
GRCh38_CMRG_14458	326	326	0.0
GRCh38_CMRG_15097	326	326	0.000165
GRCh38_CMRG_19363	326	326	0.017624
GRCh38_CMRG_23735	326	326	9e-06
GRCh38_CMRG_24461	326	326	0.054747
GRCh38_CMRG_27719	326	326	0.000229
GRCh38_CMRG_28338	326	326	0.0
GRCh38_CMRG_38068	326	326	0.0
GRCh38_CMRG_53614	326	326	0.0
GRCh38_CMRG_55169	326	326	0.006021
GRCh38_CMRG_60457	326	326	0.0
GRCh38_CMRG_74164	326	326	1.0
GRCh38_CMRG_74165	326	326	1.0
GRCh38_CMRG_77411	326	326	0.349096
GRCh38_CMRG_77417	326	326	0.0
GRCh38_CMRG_79846	326	326	0.0
GRCh38_CMRG_83705	326	326	0.000407953
GRCh38_CMRG_9366	326	326	0.000468
GRCh38_CMRG_9473	326	326	0.000468
GRCh38_CMRG_13753	325	325	0.0
GRCh38_CMRG_14842	325	325	0.0
GRCh38_CMRG_17658	325	325	0.312697
GRCh38_CMRG_19756	325	325	0.017518
GRCh38_CMRG_37387	325	325	0.220357
GRCh38_CMRG_37954	325	325	0.0
GRCh38_CMRG_45792	325	325	0.0
GRCh38_CMRG_60894	325	325	0.0
GRCh38_CMRG_63509	325	325	0.125543
GRCh38_CMRG_65364	325	325	0.0
GRCh38_CMRG_65546	325	325	0.0
GRCh38_CMRG_68672	325	325	0.0
GRCh38_CMRG_70200	325	325	0.0
GRCh38_CMRG_79193	325	325	0.018092
GRCh38_CMRG_79814	325	325	0.0
GRCh38_CMRG_8379	325	325	0.0
GRCh38_CMRG_9520	325	325	0.000468
GRCh38_CMRG_10513	324	324	0.000468
GRCh38_CMRG_12268	324	324	0.036417
GRCh38_CMRG_12706	324	324	0.0
GRCh38_CMRG_17272	324	324	0.0
GRCh38_CMRG_21309	324	324	0.237857
GRCh38_CMRG_23758	324	324	0.0
GRCh38_CMRG_25898	324	324	0.0
GRCh38_CMRG_28147	324	324	8e-06
GRCh38_CMRG_52888	324	324	0.17277
GRCh38_CMRG_59700	324	324	0.388427
GRCh38_CMRG_62461	324	324	0.19489
GRCh38_CMRG_67552	324	324	0.281503
GRCh38_CMRG_68702	324	324	0.0
GRCh38_CMRG_70251	324	324	0.000651
GRCh38_CMRG_74724	324	324	0.215972
GRCh38_CMRG_76872	324	324	0.527318
GRCh38_CMRG_76874	324	324	0.0
GRCh38_CMRG_81015	324	324	0.0
GRCh38_CMRG_82273	324	324	0.000468
GRCh38_CMRG_8353	324	324	9e-06
GRCh38_CMRG_84710	324	324	0.484375
GRCh38_CMRG_10765	323	323	0.047659
GRCh38_CMRG_1699	323	323	0.324539
GRCh38_CMRG_18800	323	323	0.0
GRCh38_CMRG_18991	323	323	0.0
GRCh38_CMRG_19030	323	323	0.000179
GRCh38_CMRG_23927	323	323	0.0
GRCh38_CMRG_32087	323	323	0.267268
GRCh38_CMRG_32499	323	323	0.0
GRCh38_CMRG_32897	323	323	0.0
GRCh38_CMRG_38548	323	323	0.0
GRCh38_CMRG_39557	323	323	0.0
GRCh38_CMRG_43656	323	323	0.523476
GRCh38_CMRG_48753	323	323	0.0
GRCh38_CMRG_49121	323	323	0.000387
GRCh38_CMRG_51872	323	323	0.0
GRCh38_CMRG_52484	323	323	0.0
GRCh38_CMRG_60034	323	323	0.001222
GRCh38_CMRG_64052	323	323	0.18286
GRCh38_CMRG_69933	323	323	0.0
GRCh38_CMRG_71328	323	323	0.253376
GRCh38_CMRG_15542	322	322	0.000819
GRCh38_CMRG_22366	322	322	0.19388
GRCh38_CMRG_23410	322	322	0.0
GRCh38_CMRG_33017	322	322	0.177805
GRCh38_CMRG_33852	322	322	0.0
GRCh38_CMRG_37123	322	322	0.98185
GRCh38_CMRG_383	322	322	0.0
GRCh38_CMRG_40703	322	322	0.0
GRCh38_CMRG_45202	322	322	0.0
GRCh38_CMRG_46000	322	322	0.0
GRCh38_CMRG_46250	322	322	0.205675
GRCh38_CMRG_46327	322	322	9e-06
GRCh38_CMRG_46668	322	322	0.0
GRCh38_CMRG_49300	322	322	0.0
GRCh38_CMRG_51195	322	322	0.0
GRCh38_CMRG_58815	322	322	0.000774
GRCh38_CMRG_63315	322	322	0.20646
GRCh38_CMRG_68836	322	322	0.001603
GRCh38_CMRG_70663	322	322	0.0
GRCh38_CMRG_74702	322	322	0.0
GRCh38_CMRG_75168	322	322	0.33666
GRCh38_CMRG_81959	322	322	0.000843
GRCh38_CMRG_82912	322	322	0.0
GRCh38_CMRG_83069	322	322	0.0
GRCh38_CMRG_13653	321	321	0.0
GRCh38_CMRG_1865	321	321	0.001552
GRCh38_CMRG_24861	321	321	0.5
GRCh38_CMRG_27761	321	321	0.158757
GRCh38_CMRG_37953	321	321	0.0
GRCh38_CMRG_37975	321	321	0.0
GRCh38_CMRG_47035	321	321	0.0
GRCh38_CMRG_48575	321	321	0.0
GRCh38_CMRG_54650	321	321	0.000122
GRCh38_CMRG_58189	321	321	0.1858
GRCh38_CMRG_58291	321	321	0.0
GRCh38_CMRG_58511	321	321	0.0
GRCh38_CMRG_66050	321	321	0.0
GRCh38_CMRG_68374	321	321	0.001361
GRCh38_CMRG_70478	321	321	0.0
GRCh38_CMRG_71912	321	321	0.248888
GRCh38_CMRG_75151	321	321	0.0
GRCh38_CMRG_77148	321	321	0.079855
GRCh38_CMRG_8391	321	321	0.000909
GRCh38_CMRG_11282	320	320	0.057255
GRCh38_CMRG_22207	320	320	0.0
GRCh38_CMRG_2837	320	320	0.255205
GRCh38_CMRG_33596	320	320	0.002089
GRCh38_CMRG_41145	320	320	0.182641
GRCh38_CMRG_42399	320	320	0.147369
GRCh38_CMRG_45375	320	320	0.0
GRCh38_CMRG_51011	320	320	0.0
GRCh38_CMRG_5763	320	320	0.0
GRCh38_CMRG_61100	320	320	0.0
GRCh38_CMRG_64364	320	320	0.230383
GRCh38_CMRG_70470	320	320	0.0
GRCh38_CMRG_8409	320	320	0.178
GRCh38_CMRG_9515	320	320	0.303426
GRCh38_CMRG_11839	319	319	0.000468
GRCh38_CMRG_12008	319	319	0.21662
GRCh38_CMRG_14911	319	319	0.207666
GRCh38_CMRG_18141	319	319	0.416588
GRCh38_CMRG_2620	319	319	0.271414
GRCh38_CMRG_36655	319	319	0.0
GRCh38_CMRG_43825	319	319	0.160572
GRCh38_CMRG_48480	319	319	0.0
GRCh38_CMRG_49668	319	319	0.069617
GRCh38_CMRG_52217	319	319	0.22138
GRCh38_CMRG_65106	319	319	0.000763
GRCh38_CMRG_7514	319	319	2.7e-05
GRCh38_CMRG_7928	319	319	0.0
GRCh38_CMRG_81475	319	319	0.0
GRCh38_CMRG_8225	319	319	0.0
GRCh38_CMRG_2208	318	318	0.0
GRCh38_CMRG_23140	318	318	0.0
GRCh38_CMRG_45143	318	318	0.0
GRCh38_CMRG_46679	318	318	0.0
GRCh38_CMRG_50527	318	318	0.0
GRCh38_CMRG_50910	318	318	0.006594
GRCh38_CMRG_52218	318	318	0.22138
GRCh38_CMRG_58096	318	318	0.0
GRCh38_CMRG_59820	318	318	0.172495
GRCh38_CMRG_63790	318	318	0.000579
GRCh38_CMRG_67926	318	318	2.4e-05
GRCh38_CMRG_68329	318	318	0.0
GRCh38_CMRG_70479	318	318	0.0
GRCh38_CMRG_7874	318	318	0.0
GRCh38_CMRG_82931	318	318	0.0
GRCh38_CMRG_84873	318	318	0.484375
GRCh38_CMRG_11063	317	317	0.047659
GRCh38_CMRG_12023	317	317	0.044388
GRCh38_CMRG_1762	317	317	0.0
GRCh38_CMRG_2153	317	317	0.300211
GRCh38_CMRG_2154	317	317	0.300211
GRCh38_CMRG_22200	317	317	0.00011
GRCh38_CMRG_29920	317	317	0.040755
GRCh38_CMRG_33229	317	317	0.0
GRCh38_CMRG_37133	317	317	0.094546
GRCh38_CMRG_44979	317	317	0.0
GRCh38_CMRG_48909	317	317	0.0
GRCh38_CMRG_52056	317	317	0.0
GRCh38_CMRG_59565	317	317	0.148958
GRCh38_CMRG_63666	317	317	0.190403
GRCh38_CMRG_83411	317	317	0.0
GRCh38_CMRG_84508	317	317	0.245031
GRCh38_CMRG_21594	316	316	0.237857
GRCh38_CMRG_24133	316	316	0.0
GRCh38_CMRG_24259	316	316	0.0
GRCh38_CMRG_33215	316	316	0.0
GRCh38_CMRG_41776	316	316	0.000208
GRCh38_CMRG_45842	316	316	0.0
GRCh38_CMRG_48000	316	316	0.299319
GRCh38_CMRG_6289	316	316	0.0
GRCh38_CMRG_64058	316	316	0.255132
GRCh38_CMRG_64146	316	316	0.033919
GRCh38_CMRG_64934	316	316	0.0
GRCh38_CMRG_65348	316	316	0.0
GRCh38_CMRG_67659	316	316	0.141895
GRCh38_CMRG_72827	316	316	0.0
GRCh38_CMRG_11270	315	315	0.047659
GRCh38_CMRG_17511	315	315	0.0
GRCh38_CMRG_21903	315	315	0.237857
GRCh38_CMRG_24272	315	315	0.0
GRCh38_CMRG_26958	315	315	0.0
GRCh38_CMRG_33174	315	315	0.0
GRCh38_CMRG_33879	315	315	0.0
GRCh38_CMRG_36253	315	315	0.0
GRCh38_CMRG_50950	315	315	0.0
GRCh38_CMRG_59251	315	315	0.0
GRCh38_CMRG_6470	315	315	0.0
GRCh38_CMRG_69896	315	315	1.6e-05
GRCh38_CMRG_77333	315	315	0.0
GRCh38_CMRG_81810	315	315	0.000138
GRCh38_CMRG_84088	315	315	0.0
GRCh38_CMRG_11797	314	314	0.034802
GRCh38_CMRG_15093	314	314	0.460163
GRCh38_CMRG_2122	314	314	0.383798
GRCh38_CMRG_24099	314	314	0.0
GRCh38_CMRG_28457	314	314	0.0
GRCh38_CMRG_30727	314	314	0.0
GRCh38_CMRG_39575	314	314	0.0
GRCh38_CMRG_41219	314	314	0.0
GRCh38_CMRG_53527	314	314	0.0
GRCh38_CMRG_53528	314	314	0.0
GRCh38_CMRG_61173	314	314	0.297267
GRCh38_CMRG_67007	314	314	0.0
GRCh38_CMRG_68567	314	314	0.374759
GRCh38_CMRG_68671	314	314	0.0
GRCh38_CMRG_73030	314	314	0.0
GRCh38_CMRG_77033	314	314	0.0
GRCh38_CMRG_9015	314	314	0.098833
GRCh38_CMRG_14159	313	313	0.0
GRCh38_CMRG_19343	313	313	0.009929
GRCh38_CMRG_2165	313	313	0.002918
GRCh38_CMRG_24984	313	313	0.000587
GRCh38_CMRG_26658	313	313	0.29769
GRCh38_CMRG_26659	313	313	0.29769
GRCh38_CMRG_34060	313	313	0.0
GRCh38_CMRG_43645	313	313	0.002179
GRCh38_CMRG_47009	313	313	8.8e-05
GRCh38_CMRG_50715	313	313	0.16794
GRCh38_CMRG_59666	313	313	0.98047
GRCh38_CMRG_64868	313	313	0.000655
GRCh38_CMRG_64933	313	313	0.0
GRCh38_CMRG_73999	313	313	0.850445
GRCh38_CMRG_7471	313	313	0.0
GRCh38_CMRG_75400	313	313	0.054996
GRCh38_CMRG_76694	313	313	0.0
GRCh38_CMRG_77001	313	313	0.504318
GRCh38_CMRG_77630	313	313	0.000278
GRCh38_CMRG_81660	313	313	0.129796
GRCh38_CMRG_9577	313	313	0.000468
GRCh38_CMRG_11798	312	312	0.000468
GRCh38_CMRG_15540	312	312	0.0
GRCh38_CMRG_22437	312	312	0.0
GRCh38_CMRG_28155	312	312	5e-05
GRCh38_CMRG_33147	312	312	0.0
GRCh38_CMRG_37884	312	312	0.0
GRCh38_CMRG_40007	312	312	1e-05
GRCh38_CMRG_40420	312	312	0.0
GRCh38_CMRG_41289	312	312	0.203069
GRCh38_CMRG_41536	312	312	0.19519
GRCh38_CMRG_53056	312	312	0.175617
GRCh38_CMRG_54861	312	312	0.338213
GRCh38_CMRG_64034	312	312	0.197302
GRCh38_CMRG_65152	312	312	0.035279
GRCh38_CMRG_68131	312	312	0.0
GRCh38_CMRG_69831	312	312	0.271871
GRCh38_CMRG_70850	312	312	0.0
GRCh38_CMRG_7259	312	312	0.0
GRCh38_CMRG_7708	312	312	0.0
GRCh38_CMRG_81913	312	312	0.0
GRCh38_CMRG_8303	312	312	0.0
GRCh38_CMRG_84101	312	312	0.296715
GRCh38_CMRG_9453	312	312	0.326569
GRCh38_CMRG_1155	311	311	0.16973
GRCh38_CMRG_24047	311	311	0.103302
GRCh38_CMRG_31660	311	311	0.19498
GRCh38_CMRG_38418	311	311	0.0
GRCh38_CMRG_44350	311	311	0.296252
GRCh38_CMRG_50136	311	311	0.0
GRCh38_CMRG_60443	311	311	0.061304
GRCh38_CMRG_67602	311	311	0.15985
GRCh38_CMRG_67925	311	311	0.00052
GRCh38_CMRG_68235	311	311	0.0
GRCh38_CMRG_72620	311	311	0.037413
GRCh38_CMRG_72966	311	311	0.0
GRCh38_CMRG_7721	311	311	0.024005
GRCh38_CMRG_79847	311	311	0.0
GRCh38_CMRG_79848	311	311	0.0
GRCh38_CMRG_81674	311	311	0.207142
GRCh38_CMRG_109	310	310	0.061037
GRCh38_CMRG_18060	310	310	0.0
GRCh38_CMRG_22268	310	310	1.7e-05
GRCh38_CMRG_24698	310	310	8e-06
GRCh38_CMRG_2930	310	310	0.0
GRCh38_CMRG_30717	310	310	3.8e-05
GRCh38_CMRG_31256	310	310	0.101148
GRCh38_CMRG_31257	310	310	0.101148
GRCh38_CMRG_31996	310	310	0.003548
GRCh38_CMRG_40587	310	310	0.19866
GRCh38_CMRG_45404	310	310	0.02575
GRCh38_CMRG_48968	310	310	0.0
GRCh38_CMRG_53017	310	310	0.185742
GRCh38_CMRG_54157	310	310	0.0
GRCh38_CMRG_59799	310	310	0.0
GRCh38_CMRG_6130	310	310	0.0
GRCh38_CMRG_61319	310	310	0.301056
GRCh38_CMRG_63861	310	310	0.0
GRCh38_CMRG_79170	310	310	0.299983
GRCh38_CMRG_81962	310	310	0.0
GRCh38_CMRG_83957	310	310	0.0
GRCh38_CMRG_9743	310	310	0.288074
GRCh38_CMRG_13413	309	309	6.6e-05
GRCh38_CMRG_21282	309	309	0.237857
GRCh38_CMRG_21305	309	309	0.399281
GRCh38_CMRG_28095	309	309	0.0053
GRCh38_CMRG_36276	309	309	0.0
GRCh38_CMRG_37249	309	309	0.081246
GRCh38_CMRG_44174	309	309	0.142788
GRCh38_CMRG_55376	309	309	0.0
GRCh38_CMRG_55566	309	309	0.0
GRCh38_CMRG_58206	309	309	0.0
GRCh38_CMRG_58339	309	309	0.063362
GRCh38_CMRG_6755	309	309	0.390812
GRCh38_CMRG_73561	309	309	0.0
GRCh38_CMRG_7668	309	309	0.0
GRCh38_CMRG_108	308	308	0.061037
GRCh38_CMRG_12028	308	308	0.0
GRCh38_CMRG_1303	308	308	0.0
GRCh38_CMRG_26025	308	308	0.0
GRCh38_CMRG_28031	308	308	0.0
GRCh38_CMRG_32588	308	308	0.114558
GRCh38_CMRG_34092	308	308	0.0
GRCh38_CMRG_42465	308	308	0.006936
GRCh38_CMRG_42527	308	308	0.264775
GRCh38_CMRG_45500	308	308	0.0
GRCh38_CMRG_54433	308	308	0.236765
GRCh38_CMRG_62182	308	308	0.196184
GRCh38_CMRG_62281	308	308	0.036069
GRCh38_CMRG_68141	308	308	0.0
GRCh38_CMRG_70480	308	308	0.0
GRCh38_CMRG_7941	308	308	0.0
GRCh38_CMRG_81001	308	308	0.0
GRCh38_CMRG_81002	308	308	0.0
GRCh38_CMRG_19459	307	307	0.0
GRCh38_CMRG_21676	307	307	0.237857
GRCh38_CMRG_23449	307	307	0.0
GRCh38_CMRG_23568	307	307	0.0
GRCh38_CMRG_24782	307	307	0.0
GRCh38_CMRG_26836	307	307	0.20698
GRCh38_CMRG_28277	307	307	0.0
GRCh38_CMRG_31638	307	307	1.0
GRCh38_CMRG_42179	307	307	0.047141
GRCh38_CMRG_50776	307	307	0.0
GRCh38_CMRG_52006	307	307	0.0
GRCh38_CMRG_58353	307	307	0.0
GRCh38_CMRG_731	307	307	0.000549
GRCh38_CMRG_73211	307	307	9e-06
GRCh38_CMRG_77044	307	307	0.181983
GRCh38_CMRG_77045	307	307	0.181983
GRCh38_CMRG_14001	306	306	0.526233
GRCh38_CMRG_23711	306	306	0.210136
GRCh38_CMRG_36750	306	306	0.22522
GRCh38_CMRG_41193	306	306	0.198815
GRCh38_CMRG_59583	306	306	0.0
GRCh38_CMRG_59953	306	306	0.156552
GRCh38_CMRG_70391	306	306	0.000627
GRCh38_CMRG_72560	306	306	0.0
GRCh38_CMRG_81857	306	306	0.0
GRCh38_CMRG_84544	306	306	0.0
GRCh38_CMRG_12526	305	305	0.041309
GRCh38_CMRG_15004	305	305	0.523884
GRCh38_CMRG_16730	305	305	0.187112
GRCh38_CMRG_17394	305	305	0.34198
GRCh38_CMRG_18463	305	305	0.0
GRCh38_CMRG_24275	305	305	0.0
GRCh38_CMRG_24537	305	305	0.0
GRCh38_CMRG_25296	305	305	0.0
GRCh38_CMRG_29332	305	305	0.0
GRCh38_CMRG_42180	305	305	0.047141
GRCh38_CMRG_45480	305	305	0.018103
GRCh38_CMRG_47200	305	305	0.694817
GRCh38_CMRG_48122	305	305	0.659044
GRCh38_CMRG_49071	305	305	0.0
GRCh38_CMRG_49157	305	305	0.0
GRCh38_CMRG_58630	305	305	1.6e-05
GRCh38_CMRG_64032	305	305	0.41242
GRCh38_CMRG_67025	305	305	0.0
GRCh38_CMRG_75038	305	305	0.178941
GRCh38_CMRG_75113	305	305	0.000289
GRCh38_CMRG_76689	305	305	0.0
GRCh38_CMRG_76921	305	305	8e-06
GRCh38_CMRG_84431	305	305	0.0
GRCh38_CMRG_11302	304	304	0.245634
GRCh38_CMRG_1413	304	304	0.0
GRCh38_CMRG_23799	304	304	0.0
GRCh38_CMRG_23937	304	304	0.0
GRCh38_CMRG_24570	304	304	0.0
GRCh38_CMRG_39985	304	304	0.0
GRCh38_CMRG_48637	304	304	0.00721
GRCh38_CMRG_48675	304	304	0.0
GRCh38_CMRG_50777	304	304	0.0
GRCh38_CMRG_58519	304	304	0.0
GRCh38_CMRG_60529	304	304	9e-06
GRCh38_CMRG_61348	304	304	0.0
GRCh38_CMRG_62404	304	304	0.0
GRCh38_CMRG_65100	304	304	8e-06
GRCh38_CMRG_65542	304	304	4.1e-05
GRCh38_CMRG_13760	303	303	0.0
GRCh38_CMRG_15328	303	303	0.0
GRCh38_CMRG_28069	303	303	3.2e-05
GRCh38_CMRG_32961	303	303	0.0
GRCh38_CMRG_33339	303	303	0.0
GRCh38_CMRG_33849	303	303	0.014815
GRCh38_CMRG_36977	303	303	0.0
GRCh38_CMRG_37841	303	303	0.0
GRCh38_CMRG_39984	303	303	0.0
GRCh38_CMRG_46125	303	303	0.000283
GRCh38_CMRG_60796	303	303	0.0
GRCh38_CMRG_61708	303	303	0.0
GRCh38_CMRG_65234	303	303	4.3e-05
GRCh38_CMRG_71007	303	303	0.0
GRCh38_CMRG_74813	303	303	0.0
GRCh38_CMRG_82321	303	303	0.0
GRCh38_CMRG_8327	303	303	0.0
GRCh38_CMRG_83896	303	303	6.25352e-05
GRCh38_CMRG_13457	302	302	0.0
GRCh38_CMRG_17687	302	302	0.0
GRCh38_CMRG_33206	302	302	0.008328
GRCh38_CMRG_33555	302	302	0.0
GRCh38_CMRG_38255	302	302	0.0
GRCh38_CMRG_45128	302	302	0.0
GRCh38_CMRG_52015	302	302	0.0
GRCh38_CMRG_54708	302	302	0.182185
GRCh38_CMRG_61344	302	302	0.352737
GRCh38_CMRG_751	302	302	0.0
GRCh38_CMRG_76784	302	302	0.0
GRCh38_CMRG_77637	302	302	0.0
GRCh38_CMRG_102	301	301	0.0
GRCh38_CMRG_2022	301	301	0.0
GRCh38_CMRG_21059	301	301	0.0
GRCh38_CMRG_21250	301	301	0.237857
GRCh38_CMRG_2164	301	301	0.0
GRCh38_CMRG_33095	301	301	8e-06
GRCh38_CMRG_33544	301	301	0.000108
GRCh38_CMRG_41008	301	301	0.0
GRCh38_CMRG_41029	301	301	0.0
GRCh38_CMRG_41847	301	301	0.232202
GRCh38_CMRG_42199	301	301	0.292354
GRCh38_CMRG_43941	301	301	0.0
GRCh38_CMRG_49925	301	301	0.0
GRCh38_CMRG_51869	301	301	0.259572
GRCh38_CMRG_5952	301	301	0.0
GRCh38_CMRG_68830	301	301	0.456345
GRCh38_CMRG_82766	301	301	0.0
GRCh38_CMRG_82993	301	301	0.265971
GRCh38_CMRG_83702	301	301	0.161945
GRCh38_CMRG_11687	300	300	0.037295
GRCh38_CMRG_14161	300	300	0.0
GRCh38_CMRG_17917	300	300	0.360517
GRCh38_CMRG_22552	300	300	0.001875
GRCh38_CMRG_28073	300	300	0.065663
GRCh38_CMRG_33114	300	300	0.0
GRCh38_CMRG_43620	300	300	0.0
GRCh38_CMRG_49915	300	300	0.0
GRCh38_CMRG_50369	300	300	0.207443
GRCh38_CMRG_6288	300	300	0.000921
GRCh38_CMRG_71126	300	300	0.011804
GRCh38_CMRG_72007	300	300	0.258106
GRCh38_CMRG_72732	300	300	0.0
GRCh38_CMRG_73656	300	300	0.0
GRCh38_CMRG_7911	300	300	0.0
GRCh38_CMRG_92	300	300	0.0
GRCh38_CMRG_12104	299	299	0.0
GRCh38_CMRG_17965	299	299	0.156824
GRCh38_CMRG_21993	299	299	0.237857
GRCh38_CMRG_22572	299	299	0.853148
GRCh38_CMRG_23815	299	299	0.0
GRCh38_CMRG_28135	299	299	0.0
GRCh38_CMRG_31631	299	299	0.0
GRCh38_CMRG_31922	299	299	0.202489
GRCh38_CMRG_38171	299	299	0.0
GRCh38_CMRG_42110	299	299	0.19612
GRCh38_CMRG_54689	299	299	0.0
GRCh38_CMRG_67913	299	299	2.4e-05
GRCh38_CMRG_69673	299	299	0.0
GRCh38_CMRG_72403	299	299	0.0
GRCh38_CMRG_74944	299	299	0.03524
GRCh38_CMRG_80008	299	299	0.274479
GRCh38_CMRG_84473	299	299	0.0
GRCh38_CMRG_13671	298	298	0.0
GRCh38_CMRG_21695	298	298	0.237857
GRCh38_CMRG_23846	298	298	0.0
GRCh38_CMRG_26024	298	298	0.0
GRCh38_CMRG_34513	298	298	0.069924
GRCh38_CMRG_38310	298	298	0.0
GRCh38_CMRG_40367	298	298	0.5
GRCh38_CMRG_53984	298	298	0.158914
GRCh38_CMRG_60458	298	298	0.0
GRCh38_CMRG_68053	298	298	0.0
GRCh38_CMRG_68620	298	298	0.000218
GRCh38_CMRG_73484	298	298	0.16894
GRCh38_CMRG_74372	298	298	0.0
GRCh38_CMRG_79813	298	298	0.046868
GRCh38_CMRG_83147	298	298	0.217233
GRCh38_CMRG_11903	297	297	0.19111
GRCh38_CMRG_29079	297	297	0.0
GRCh38_CMRG_29261	297	297	0.0
GRCh38_CMRG_32676	297	297	0.0
GRCh38_CMRG_44339	297	297	0.000332
GRCh38_CMRG_44720	297	297	0.0
GRCh38_CMRG_49443	297	297	0.0
GRCh38_CMRG_54646	297	297	0.004399
GRCh38_CMRG_61999	297	297	0.50912
GRCh38_CMRG_68629	297	297	0.0
GRCh38_CMRG_72834	297	297	0.000406
GRCh38_CMRG_7664	297	297	0.0
GRCh38_CMRG_79091	297	297	0.31914
GRCh38_CMRG_13417	296	296	0.0
GRCh38_CMRG_33465	296	296	0.006144
GRCh38_CMRG_50216	296	296	0.181266
GRCh38_CMRG_67797	296	296	0.0
GRCh38_CMRG_70682	296	296	0.0
GRCh38_CMRG_74048	296	296	0.0
GRCh38_CMRG_82713	296	296	0.000156
GRCh38_CMRG_9908	296	296	0.166094
GRCh38_CMRG_10575	295	295	0.238167
GRCh38_CMRG_13686	295	295	0.0
GRCh38_CMRG_15089	295	295	0.006123
GRCh38_CMRG_16959	295	295	0.0
GRCh38_CMRG_23401	295	295	0.0
GRCh38_CMRG_25267	295	295	0.156364
GRCh38_CMRG_28256	295	295	0.0
GRCh38_CMRG_31454	295	295	0.208022
GRCh38_CMRG_32037	295	295	0.002813
GRCh38_CMRG_33059	295	295	0.0
GRCh38_CMRG_35942	295	295	0.161452
GRCh38_CMRG_41611	295	295	1.0
GRCh38_CMRG_47785	295	295	0.181801
GRCh38_CMRG_54371	295	295	0.0
GRCh38_CMRG_54406	295	295	0.0
GRCh38_CMRG_54648	295	295	0.001214
GRCh38_CMRG_55819	295	295	0.0
GRCh38_CMRG_59568	295	295	0.0
GRCh38_CMRG_65238	295	295	0.0
GRCh38_CMRG_8050	295	295	0.0
GRCh38_CMRG_80999	295	295	0.001383
GRCh38_CMRG_83855	295	295	0.0230413
GRCh38_CMRG_11905	294	294	0.21364
GRCh38_CMRG_13355	294	294	0.0
GRCh38_CMRG_14144	294	294	0.000186
GRCh38_CMRG_24235	294	294	0.0
GRCh38_CMRG_24709	294	294	0.225531
GRCh38_CMRG_45578	294	294	1.6e-05
GRCh38_CMRG_55089	294	294	0.0
GRCh38_CMRG_61414	294	294	0.020866
GRCh38_CMRG_65196	294	294	0.000358
GRCh38_CMRG_81813	294	294	8e-06
GRCh38_CMRG_82701	294	294	0.0
GRCh38_CMRG_11636	293	293	0.356247
GRCh38_CMRG_11637	293	293	0.356247
GRCh38_CMRG_18859	293	293	0.155885
GRCh38_CMRG_28704	293	293	0.0
GRCh38_CMRG_38577	293	293	0.016735
GRCh38_CMRG_41485	293	293	0.0
GRCh38_CMRG_48818	293	293	0.17109
GRCh38_CMRG_52621	293	293	2.4e-05
GRCh38_CMRG_54129	293	293	0.0
GRCh38_CMRG_6499	293	293	0.003441
GRCh38_CMRG_81932	293	293	0.0
GRCh38_CMRG_17916	292	292	0.360517
GRCh38_CMRG_19286	292	292	0.020831
GRCh38_CMRG_24411	292	292	0.4535
GRCh38_CMRG_26748	292	292	0.217777
GRCh38_CMRG_28278	292	292	0.0
GRCh38_CMRG_38703	292	292	0.059668
GRCh38_CMRG_41248	292	292	0.0
GRCh38_CMRG_44514	292	292	0.0
GRCh38_CMRG_79051	292	292	0.264818
GRCh38_CMRG_81536	292	292	0.142365
GRCh38_CMRG_82342	292	292	2.4e-05
GRCh38_CMRG_8689	292	292	0.5
GRCh38_CMRG_13668	291	291	0.0
GRCh38_CMRG_14962	291	291	0.0
GRCh38_CMRG_20986	291	291	0.0
GRCh38_CMRG_24277	291	291	0.0
GRCh38_CMRG_26992	291	291	0.476741
GRCh38_CMRG_27048	291	291	0.112354
GRCh38_CMRG_28469	291	291	0.0
GRCh38_CMRG_28634	291	291	0.42514
GRCh38_CMRG_38391	291	291	0.011708
GRCh38_CMRG_39218	291	291	0.0
GRCh38_CMRG_40086	291	291	0.0
GRCh38_CMRG_6718	291	291	1.0
GRCh38_CMRG_68147	291	291	0.0
GRCh38_CMRG_71899	291	291	0.0
GRCh38_CMRG_73662	291	291	0.000148
GRCh38_CMRG_7720	291	291	0.024005
GRCh38_CMRG_82593	291	291	0.028381
GRCh38_CMRG_84186	291	291	0.9947
GRCh38_CMRG_84576	291	291	0.0
GRCh38_CMRG_17436	290	290	0.0
GRCh38_CMRG_18298	290	290	0.0
GRCh38_CMRG_18391	290	290	0.0
GRCh38_CMRG_21626	290	290	0.237857
GRCh38_CMRG_30001	290	290	0.000402
GRCh38_CMRG_32540	290	290	0.429363
GRCh38_CMRG_33795	290	290	0.0
GRCh38_CMRG_41967	290	290	0.181849
GRCh38_CMRG_41968	290	290	0.181849
GRCh38_CMRG_48123	290	290	0.659044
GRCh38_CMRG_62409	290	290	0.0
GRCh38_CMRG_71442	290	290	0.99852
GRCh38_CMRG_71443	290	290	0.99852
GRCh38_CMRG_73213	290	290	9e-06
GRCh38_CMRG_75251	290	290	0.0
GRCh38_CMRG_83005	290	290	0.00114656
GRCh38_CMRG_11039	289	289	0.047659
GRCh38_CMRG_13156	289	289	0.0
GRCh38_CMRG_13956	289	289	0.0
GRCh38_CMRG_14499	289	289	0.247374
GRCh38_CMRG_14535	289	289	0.121595
GRCh38_CMRG_1464	289	289	2.8e-05
GRCh38_CMRG_14894	289	289	5.6e-05
GRCh38_CMRG_15438	289	289	0.169269
GRCh38_CMRG_29330	289	289	0.017071
GRCh38_CMRG_31864	289	289	0.0
GRCh38_CMRG_33359	289	289	0.0
GRCh38_CMRG_37966	289	289	0.0
GRCh38_CMRG_40115	289	289	0.363762
GRCh38_CMRG_41960	289	289	0.041401
GRCh38_CMRG_47202	289	289	0.694817
GRCh38_CMRG_48478	289	289	0.0
GRCh38_CMRG_53471	289	289	0.20306
GRCh38_CMRG_60459	289	289	0.0
GRCh38_CMRG_82147	289	289	0.0
GRCh38_CMRG_10725	288	288	0.199077
GRCh38_CMRG_11061	288	288	0.047659
GRCh38_CMRG_11727	288	288	0.273944
GRCh38_CMRG_13482	288	288	2.5e-05
GRCh38_CMRG_19481	288	288	0.0
GRCh38_CMRG_27002	288	288	0.0
GRCh38_CMRG_30642	288	288	0.369484
GRCh38_CMRG_45200	288	288	0.0
GRCh38_CMRG_49074	288	288	0.0
GRCh38_CMRG_51288	288	288	0.143743
GRCh38_CMRG_54309	288	288	0.253139
GRCh38_CMRG_59388	288	288	0.127808
GRCh38_CMRG_6432	288	288	0.185532
GRCh38_CMRG_72998	288	288	0.0
GRCh38_CMRG_13023	287	287	0.0
GRCh38_CMRG_14232	287	287	0.184962
GRCh38_CMRG_15497	287	287	0.0
GRCh38_CMRG_16694	287	287	0.0
GRCh38_CMRG_23915	287	287	0.0
GRCh38_CMRG_27780	287	287	0.0
GRCh38_CMRG_33064	287	287	0.0
GRCh38_CMRG_34178	287	287	0.145482
GRCh38_CMRG_38312	287	287	0.0
GRCh38_CMRG_59410	287	287	0.0
GRCh38_CMRG_59896	287	287	0.0
GRCh38_CMRG_60065	287	287	0.000396
GRCh38_CMRG_61674	287	287	0.0
GRCh38_CMRG_62206	287	287	0.185193
GRCh38_CMRG_64449	287	287	0.218077
GRCh38_CMRG_71502	287	287	0.0
GRCh38_CMRG_71538	287	287	0.000907
GRCh38_CMRG_729	287	287	0.047632
GRCh38_CMRG_74373	287	287	0.0
GRCh38_CMRG_82922	287	287	0.0
GRCh38_CMRG_83070	287	287	0.0
GRCh38_CMRG_13539	286	286	0.0
GRCh38_CMRG_13581	286	286	0.0
GRCh38_CMRG_14160	286	286	0.0
GRCh38_CMRG_24742	286	286	0.33106
GRCh38_CMRG_26673	286	286	0.0
GRCh38_CMRG_27869	286	286	0.000325
GRCh38_CMRG_28318	286	286	0.0
GRCh38_CMRG_39906	286	286	0.0
GRCh38_CMRG_41122	286	286	0.0
GRCh38_CMRG_44836	286	286	0.0
GRCh38_CMRG_45998	286	286	0.296309
GRCh38_CMRG_50184	286	286	0.184049
GRCh38_CMRG_54327	286	286	1.7e-05
GRCh38_CMRG_55188	286	286	0.321896
GRCh38_CMRG_60531	286	286	0.103738
GRCh38_CMRG_70667	286	286	0.000309
GRCh38_CMRG_72817	286	286	0.0
GRCh38_CMRG_15150	285	285	0.0
GRCh38_CMRG_1946	285	285	0.009492
GRCh38_CMRG_2446	285	285	0.19663
GRCh38_CMRG_33384	285	285	0.000762
GRCh38_CMRG_34744	285	285	0.394844
GRCh38_CMRG_45241	285	285	0.0
GRCh38_CMRG_47245	285	285	0.326856
GRCh38_CMRG_52315	285	285	0.0
GRCh38_CMRG_58655	285	285	0.337176
GRCh38_CMRG_60302	285	285	0.0
GRCh38_CMRG_60614	285	285	0.0
GRCh38_CMRG_63438	285	285	0.000193
GRCh38_CMRG_65782	285	285	0.0
GRCh38_CMRG_74464	285	285	0.0
GRCh38_CMRG_81853	285	285	0.0
GRCh38_CMRG_82251	285	285	0.00674
GRCh38_CMRG_18146	284	284	0.205974
GRCh38_CMRG_25275	284	284	0.0
GRCh38_CMRG_2624	284	284	0.18166
GRCh38_CMRG_2897	284	284	0.479816
GRCh38_CMRG_32631	284	284	6.4e-05
GRCh38_CMRG_50099	284	284	0.0
GRCh38_CMRG_51540	284	284	0.0
GRCh38_CMRG_53770	284	284	0.0
GRCh38_CMRG_55292	284	284	0.000503
GRCh38_CMRG_61268	284	284	0.84404
GRCh38_CMRG_6151	284	284	0.16056
GRCh38_CMRG_62207	284	284	0.185193
GRCh38_CMRG_64199	284	284	0.0
GRCh38_CMRG_64954	284	284	0.0
GRCh38_CMRG_74727	284	284	0.0
GRCh38_CMRG_79735	284	284	0.0
GRCh38_CMRG_8028	284	284	0.0
GRCh38_CMRG_8311	284	284	0.0
GRCh38_CMRG_8312	284	284	0.0
GRCh38_CMRG_13459	283	283	0.0
GRCh38_CMRG_18223	283	283	0.0
GRCh38_CMRG_19757	283	283	0.017518
GRCh38_CMRG_40952	283	283	0.0
GRCh38_CMRG_55564	283	283	0.0
GRCh38_CMRG_60011	283	283	0.0
GRCh38_CMRG_64019	283	283	0.0
GRCh38_CMRG_64848	283	283	2.5e-05
GRCh38_CMRG_66032	283	283	0.006762
GRCh38_CMRG_67298	283	283	0.092101
GRCh38_CMRG_67643	283	283	0.0
GRCh38_CMRG_70522	283	283	0.0
GRCh38_CMRG_74067	283	283	8e-06
GRCh38_CMRG_78951	283	283	0.018092
GRCh38_CMRG_7970	283	283	0.0
GRCh38_CMRG_81884	283	283	0.0
GRCh38_CMRG_82994	283	283	0.0
GRCh38_CMRG_14399	282	282	0.0
GRCh38_CMRG_18970	282	282	6.8e-05
GRCh38_CMRG_23368	282	282	0.0
GRCh38_CMRG_41929	282	282	0.0
GRCh38_CMRG_44017	282	282	0.0
GRCh38_CMRG_46058	282	282	0.201781
GRCh38_CMRG_47413	282	282	0.269202
GRCh38_CMRG_48091	282	282	0.007148
GRCh38_CMRG_49698	282	282	0.0
GRCh38_CMRG_50368	282	282	0.207443
GRCh38_CMRG_53715	282	282	0.026223
GRCh38_CMRG_54803	282	282	0.0
GRCh38_CMRG_60280	282	282	0.0
GRCh38_CMRG_64938	282	282	0.0
GRCh38_CMRG_67082	282	282	0.0
GRCh38_CMRG_71820	282	282	0.0
GRCh38_CMRG_76951	282	282	0.126522
GRCh38_CMRG_8027	282	282	0.0
GRCh38_CMRG_83604	282	282	0.000104248
GRCh38_CMRG_1026	281	281	0.019956
GRCh38_CMRG_12635	281	281	0.000673
GRCh38_CMRG_161	281	281	0.0
GRCh38_CMRG_18901	281	281	0.173149
GRCh38_CMRG_22611	281	281	0.0
GRCh38_CMRG_24237	281	281	0.0
GRCh38_CMRG_32380	281	281	0.000994
GRCh38_CMRG_34206	281	281	0.525289
GRCh38_CMRG_34470	281	281	0.228111
GRCh38_CMRG_38129	281	281	0.0
GRCh38_CMRG_38574	281	281	0.016735
GRCh38_CMRG_40077	281	281	0.456532
GRCh38_CMRG_44118	281	281	0.0
GRCh38_CMRG_45555	281	281	0.0
GRCh38_CMRG_50538	281	281	0.005583
GRCh38_CMRG_54645	281	281	0.0
GRCh38_CMRG_59362	281	281	0.119824
GRCh38_CMRG_60612	281	281	0.0
GRCh38_CMRG_63301	281	281	0.0
GRCh38_CMRG_68711	281	281	0.022099
GRCh38_CMRG_70256	281	281	0.0
GRCh38_CMRG_71000	281	281	0.0
GRCh38_CMRG_73603	281	281	0.0
GRCh38_CMRG_74119	281	281	0.0
GRCh38_CMRG_79625	281	281	0.000524
GRCh38_CMRG_79683	281	281	0.027034
GRCh38_CMRG_81336	281	281	0.50953
GRCh38_CMRG_8166	281	281	0.0
GRCh38_CMRG_17848	280	280	0.000112
GRCh38_CMRG_23411	280	280	0.0
GRCh38_CMRG_26674	280	280	0.0
GRCh38_CMRG_32056	280	280	0.0
GRCh38_CMRG_41959	280	280	0.041401
GRCh38_CMRG_448	280	280	0.089881
GRCh38_CMRG_51029	280	280	0.0
GRCh38_CMRG_55578	280	280	0.502411
GRCh38_CMRG_60646	280	280	0.0
GRCh38_CMRG_71358	280	280	0.0
GRCh38_CMRG_77121	280	280	0.0
GRCh38_CMRG_77474	280	280	0.001483
GRCh38_CMRG_80005	280	280	0.0
GRCh38_CMRG_22684	279	279	0.044602
GRCh38_CMRG_39900	279	279	0.0
GRCh38_CMRG_40910	279	279	5.9e-05
GRCh38_CMRG_44834	279	279	0.0
GRCh38_CMRG_48899	279	279	0.0
GRCh38_CMRG_55801	279	279	0.0
GRCh38_CMRG_58463	279	279	0.0
GRCh38_CMRG_65344	279	279	0.0
GRCh38_CMRG_72605	279	279	0.0
GRCh38_CMRG_7777	279	279	0.0
GRCh38_CMRG_8025	279	279	0.0
GRCh38_CMRG_81402	279	279	8e-06
GRCh38_CMRG_10929	278	278	0.047659
GRCh38_CMRG_14400	278	278	0.0
GRCh38_CMRG_15065	278	278	0.0
GRCh38_CMRG_17693	278	278	0.15401
GRCh38_CMRG_17918	278	278	0.360517
GRCh38_CMRG_18265	278	278	0.259767
GRCh38_CMRG_18266	278	278	0.259767
GRCh38_CMRG_19554	278	278	0.000511
GRCh38_CMRG_27068	278	278	0.033264
GRCh38_CMRG_31057	278	278	0.69445
GRCh38_CMRG_33643	278	278	0.0
GRCh38_CMRG_38571	278	278	0.0
GRCh38_CMRG_41822	278	278	1.7e-05
GRCh38_CMRG_44264	278	278	0.198986
GRCh38_CMRG_49303	278	278	0.0
GRCh38_CMRG_49914	278	278	0.0
GRCh38_CMRG_52139	278	278	0.002482
GRCh38_CMRG_53708	278	278	0.0
GRCh38_CMRG_59270	278	278	0.16378
GRCh38_CMRG_60615	278	278	0.0
GRCh38_CMRG_60640	278	278	0.123324
GRCh38_CMRG_61047	278	278	0.232069
GRCh38_CMRG_62049	278	278	0.270425
GRCh38_CMRG_65907	278	278	0.000105
GRCh38_CMRG_75587	278	278	0.0
GRCh38_CMRG_81444	278	278	0.0
GRCh38_CMRG_13013	277	277	0.008359
GRCh38_CMRG_13919	277	277	0.16441
GRCh38_CMRG_14605	277	277	0.383119
GRCh38_CMRG_17151	277	277	0.232039
GRCh38_CMRG_23106	277	277	4e-05
GRCh38_CMRG_28093	277	277	7e-05
GRCh38_CMRG_28401	277	277	0.0
GRCh38_CMRG_32821	277	277	0.001393
GRCh38_CMRG_33154	277	277	0.000937
GRCh38_CMRG_33155	277	277	0.000937
GRCh38_CMRG_33246	277	277	0.0
GRCh38_CMRG_41124	277	277	0.0
GRCh38_CMRG_44217	277	277	0.0
GRCh38_CMRG_49304	277	277	0.0
GRCh38_CMRG_49305	277	277	0.0
GRCh38_CMRG_7432	277	277	0.426378
GRCh38_CMRG_10734	276	276	0.047659
GRCh38_CMRG_13014	276	276	0.008359
GRCh38_CMRG_25043	276	276	0.388869
GRCh38_CMRG_25128	276	276	0.136935
GRCh38_CMRG_28300	276	276	0.0
GRCh38_CMRG_31263	276	276	1.8e-05
GRCh38_CMRG_37696	276	276	0.321805
GRCh38_CMRG_39619	276	276	0.1766
GRCh38_CMRG_42336	276	276	0.0
GRCh38_CMRG_50710	276	276	0.0
GRCh38_CMRG_51776	276	276	0.0
GRCh38_CMRG_52337	276	276	0.0
GRCh38_CMRG_53089	276	276	0.065412
GRCh38_CMRG_53610	276	276	0.0
GRCh38_CMRG_58298	276	276	0.0
GRCh38_CMRG_7064	276	276	0.0
GRCh38_CMRG_7347	276	276	0.0
GRCh38_CMRG_83769	276	276	0.100495
GRCh38_CMRG_13500	275	275	0.0
GRCh38_CMRG_17152	275	275	0.232039
GRCh38_CMRG_18585	275	275	0.0
GRCh38_CMRG_19558	275	275	0.0
GRCh38_CMRG_26994	275	275	0.0
GRCh38_CMRG_38323	275	275	0.006144
GRCh38_CMRG_44933	275	275	0.369496
GRCh38_CMRG_55034	275	275	0.0
GRCh38_CMRG_61680	275	275	0.159538
GRCh38_CMRG_63441	275	275	0.000193
GRCh38_CMRG_68250	275	275	0.0
GRCh38_CMRG_74262	275	275	0.295911
GRCh38_CMRG_75366	275	275	0.288726
GRCh38_CMRG_79636	275	275	0.0
GRCh38_CMRG_79871	275	275	0.0
GRCh38_CMRG_13847	274	274	1.5e-05
GRCh38_CMRG_1515	274	274	0.15079
GRCh38_CMRG_1532	274	274	0.15567
GRCh38_CMRG_34119	274	274	0.0
GRCh38_CMRG_36468	274	274	0.0
GRCh38_CMRG_38382	274	274	0.0
GRCh38_CMRG_41097	274	274	0.0
GRCh38_CMRG_41820	274	274	0.008787
GRCh38_CMRG_44006	274	274	0.001823
GRCh38_CMRG_45503	274	274	0.0
GRCh38_CMRG_49448	274	274	0.0
GRCh38_CMRG_61049	274	274	0.0
GRCh38_CMRG_62246	274	274	0.472526
GRCh38_CMRG_62376	274	274	0.0
GRCh38_CMRG_64374	274	274	0.274025
GRCh38_CMRG_75419	274	274	0.000644
GRCh38_CMRG_83615	274	274	0.0
GRCh38_CMRG_12267	273	273	0.036417
GRCh38_CMRG_17523	273	273	0.0
GRCh38_CMRG_22527	273	273	0.0
GRCh38_CMRG_23402	273	273	0.0
GRCh38_CMRG_2633	273	273	0.0
GRCh38_CMRG_29123	273	273	0.069139
GRCh38_CMRG_30876	273	273	0.245667
GRCh38_CMRG_37121	273	273	0.160711
GRCh38_CMRG_37122	273	273	0.160711
GRCh38_CMRG_37487	273	273	0.0
GRCh38_CMRG_44058	273	273	0.026196
GRCh38_CMRG_49291	273	273	0.000279
GRCh38_CMRG_52503	273	273	0.0
GRCh38_CMRG_59143	273	273	0.000154
GRCh38_CMRG_71039	273	273	0.344237
GRCh38_CMRG_71810	273	273	1.0
GRCh38_CMRG_74015	273	273	0.0
GRCh38_CMRG_9383	273	273	0.524225
GRCh38_CMRG_17163	272	272	0.0
GRCh38_CMRG_17164	272	272	0.0
GRCh38_CMRG_2731	272	272	0.274274
GRCh38_CMRG_29044	272	272	0.000175
GRCh38_CMRG_29260	272	272	0.0
GRCh38_CMRG_32957	272	272	0.0
GRCh38_CMRG_44057	272	272	0.026196
GRCh38_CMRG_44833	272	272	0.013526
GRCh38_CMRG_55621	272	272	0.223949
GRCh38_CMRG_72359	272	272	0.0
GRCh38_CMRG_72441	272	272	0.456551
GRCh38_CMRG_73121	272	272	0.0
GRCh38_CMRG_74296	272	272	0.0
GRCh38_CMRG_13237	271	271	0.0
GRCh38_CMRG_15441	271	271	0.0
GRCh38_CMRG_25046	271	271	0.0
GRCh38_CMRG_26052	271	271	9.7e-05
GRCh38_CMRG_38209	271	271	0.428686
GRCh38_CMRG_38210	271	271	0.428686
GRCh38_CMRG_47459	271	271	0.382618
GRCh38_CMRG_49369	271	271	0.027967
GRCh38_CMRG_52426	271	271	0.0
GRCh38_CMRG_58056	271	271	0.0
GRCh38_CMRG_60313	271	271	0.0
GRCh38_CMRG_72233	271	271	0.0
GRCh38_CMRG_74820	271	271	0.000206
GRCh38_CMRG_76934	271	271	0.0
GRCh38_CMRG_77283	271	271	0.012586
GRCh38_CMRG_81675	271	271	0.207142
GRCh38_CMRG_83656	271	271	0.0
GRCh38_CMRG_11451	270	270	0.99936
GRCh38_CMRG_13136	270	270	0.352962
GRCh38_CMRG_2072	270	270	0.238502
GRCh38_CMRG_21595	270	270	0.237857
GRCh38_CMRG_22679	270	270	0.005033
GRCh38_CMRG_23677	270	270	0.0
GRCh38_CMRG_29324	270	270	0.017071
GRCh38_CMRG_36504	270	270	0.0
GRCh38_CMRG_41957	270	270	0.170487
GRCh38_CMRG_458	270	270	0.0
GRCh38_CMRG_46163	270	270	0.001038
GRCh38_CMRG_49057	270	270	0.27796
GRCh38_CMRG_59406	270	270	0.99984
GRCh38_CMRG_67473	270	270	0.001848
GRCh38_CMRG_72044	270	270	0.208104
GRCh38_CMRG_79888	270	270	0.081436
GRCh38_CMRG_83251	270	270	0.00197051
GRCh38_CMRG_83527	270	270	0.0
GRCh38_CMRG_11074	269	269	0.047659
GRCh38_CMRG_13618	269	269	0.0
GRCh38_CMRG_13754	269	269	0.0
GRCh38_CMRG_18035	269	269	0.14703
GRCh38_CMRG_34510	269	269	0.187435
GRCh38_CMRG_37263	269	269	0.0
GRCh38_CMRG_37331	269	269	0.0
GRCh38_CMRG_474	269	269	0.0
GRCh38_CMRG_48116	269	269	0.158448
GRCh38_CMRG_49122	269	269	1.7e-05
GRCh38_CMRG_52357	269	269	0.0
GRCh38_CMRG_55764	269	269	0.064683
GRCh38_CMRG_62585	269	269	0.0
GRCh38_CMRG_63284	269	269	0.14142
GRCh38_CMRG_74604	269	269	0.0
GRCh38_CMRG_81537	269	269	0.142365
GRCh38_CMRG_1295	268	268	0.0
GRCh38_CMRG_13184	268	268	0.302265
GRCh38_CMRG_23360	268	268	0.0
GRCh38_CMRG_24288	268	268	8e-06
GRCh38_CMRG_32349	268	268	0.217308
GRCh38_CMRG_32520	268	268	0.0
GRCh38_CMRG_32789	268	268	0.0
GRCh38_CMRG_33640	268	268	0.0
GRCh38_CMRG_47530	268	268	0.0
GRCh38_CMRG_55565	268	268	0.0
GRCh38_CMRG_72230	268	268	0.000114
GRCh38_CMRG_72234	268	268	0.0
GRCh38_CMRG_73362	268	268	0.13828
GRCh38_CMRG_84588	268	268	0.82401
GRCh38_CMRG_22606	267	267	0.086031
GRCh38_CMRG_23949	267	267	1.7e-05
GRCh38_CMRG_32002	267	267	0.000143
GRCh38_CMRG_33999	267	267	0.0
GRCh38_CMRG_34101	267	267	0.131736
GRCh38_CMRG_36972	267	267	0.137215
GRCh38_CMRG_39182	267	267	0.12297
GRCh38_CMRG_39863	267	267	0.0
GRCh38_CMRG_43608	267	267	0.218482
GRCh38_CMRG_44837	267	267	0.0
GRCh38_CMRG_49834	267	267	0.031075
GRCh38_CMRG_51001	267	267	1.0
GRCh38_CMRG_65111	267	267	8e-06
GRCh38_CMRG_65154	267	267	0.143815
GRCh38_CMRG_65209	267	267	0.0
GRCh38_CMRG_69476	267	267	0.208247
GRCh38_CMRG_7452	267	267	0.0
GRCh38_CMRG_7557	267	267	0.0
GRCh38_CMRG_80033	267	267	0.397723
GRCh38_CMRG_81227	267	267	0.029496
GRCh38_CMRG_11816	266	266	0.000468
GRCh38_CMRG_12616	266	266	0.0
GRCh38_CMRG_15109	266	266	0.0
GRCh38_CMRG_15606	266	266	0.0
GRCh38_CMRG_16475	266	266	0.189106
GRCh38_CMRG_24159	266	266	0.0
GRCh38_CMRG_27262	266	266	0.089289
GRCh38_CMRG_32233	266	266	0.058965
GRCh38_CMRG_32980	266	266	0.0
GRCh38_CMRG_33044	266	266	0.0
GRCh38_CMRG_38576	266	266	0.016735
GRCh38_CMRG_41542	266	266	0.15052
GRCh38_CMRG_41543	266	266	0.15052
GRCh38_CMRG_47054	266	266	0.0
GRCh38_CMRG_48904	266	266	0.0
GRCh38_CMRG_51666	266	266	0.002069
GRCh38_CMRG_60868	266	266	0.14917
GRCh38_CMRG_69931	266	266	0.0
GRCh38_CMRG_72094	266	266	0.0
GRCh38_CMRG_72992	266	266	0.449667
GRCh38_CMRG_73	266	266	0.0
GRCh38_CMRG_10878	265	265	0.047659
GRCh38_CMRG_11144	265	265	0.15461
GRCh38_CMRG_2955	265	265	0.437542
GRCh38_CMRG_30786	265	265	1e-05
GRCh38_CMRG_35888	265	265	0.0
GRCh38_CMRG_40006	265	265	0.0
GRCh38_CMRG_51002	265	265	0.22306
GRCh38_CMRG_52192	265	265	0.145957
GRCh38_CMRG_52416	265	265	0.0
GRCh38_CMRG_53396	265	265	0.0
GRCh38_CMRG_55191	265	265	0.203982
GRCh38_CMRG_60900	265	265	0.189063
GRCh38_CMRG_74972	265	265	0.0
GRCh38_CMRG_77414	265	265	0.349096
GRCh38_CMRG_82747	265	265	0.001533
GRCh38_CMRG_8722	265	265	0.0
GRCh38_CMRG_9310	265	265	0.195684
GRCh38_CMRG_11691	264	264	0.000468
GRCh38_CMRG_11991	264	264	0.84611
GRCh38_CMRG_14383	264	264	0.000945
GRCh38_CMRG_18960	264	264	8.9e-05
GRCh38_CMRG_21827	264	264	0.320324
GRCh38_CMRG_23850	264	264	0.0
GRCh38_CMRG_25801	264	264	0.360636
GRCh38_CMRG_31645	264	264	0.107414
GRCh38_CMRG_34351	264	264	0.0
GRCh38_CMRG_38450	264	264	0.485014
GRCh38_CMRG_38583	264	264	0.000174
GRCh38_CMRG_40928	264	264	0.0
GRCh38_CMRG_42320	264	264	0.0
GRCh38_CMRG_45113	264	264	0.0
GRCh38_CMRG_49013	264	264	0.0
GRCh38_CMRG_55259	264	264	0.0
GRCh38_CMRG_59691	264	264	0.0
GRCh38_CMRG_62639	264	264	0.0
GRCh38_CMRG_63276	264	264	0.037724
GRCh38_CMRG_70784	264	264	0.0
GRCh38_CMRG_73615	264	264	0.0
GRCh38_CMRG_77699	264	264	0.0
GRCh38_CMRG_79908	264	264	0.0
GRCh38_CMRG_8315	264	264	0.0
GRCh38_CMRG_8682	264	264	0.0
GRCh38_CMRG_13317	263	263	0.0
GRCh38_CMRG_18086	263	263	0.0
GRCh38_CMRG_22048	263	263	0.008184
GRCh38_CMRG_26505	263	263	0.0
GRCh38_CMRG_26844	263	263	0.0
GRCh38_CMRG_2704	263	263	1.6e-05
GRCh38_CMRG_27538	263	263	0.477365
GRCh38_CMRG_29493	263	263	0.232506
GRCh38_CMRG_52250	263	263	0.0
GRCh38_CMRG_53390	263	263	0.24007
GRCh38_CMRG_6048	263	263	0.0
GRCh38_CMRG_68369	263	263	0.0
GRCh38_CMRG_70449	263	263	0.0
GRCh38_CMRG_72672	263	263	0.0
GRCh38_CMRG_74193	263	263	0.0
GRCh38_CMRG_8484	263	263	0.000491
GRCh38_CMRG_13157	262	262	0.0
GRCh38_CMRG_17392	262	262	0.369024
GRCh38_CMRG_25287	262	262	0.0
GRCh38_CMRG_28113	262	262	0.0
GRCh38_CMRG_28339	262	262	0.0
GRCh38_CMRG_2870	262	262	0.0
GRCh38_CMRG_33774	262	262	0.132584
GRCh38_CMRG_37115	262	262	0.001186
GRCh38_CMRG_37626	262	262	0.0
GRCh38_CMRG_41000	262	262	0.000793
GRCh38_CMRG_42448	262	262	0.0
GRCh38_CMRG_45798	262	262	0.0
GRCh38_CMRG_48383	262	262	0.0
GRCh38_CMRG_51675	262	262	0.0
GRCh38_CMRG_59352	262	262	0.0
GRCh38_CMRG_72738	262	262	0.000147
GRCh38_CMRG_78950	262	262	0.018092
GRCh38_CMRG_83845	262	262	0.0
GRCh38_CMRG_13419	261	261	0.0
GRCh38_CMRG_16498	261	261	0.4729
GRCh38_CMRG_169	261	261	0.0
GRCh38_CMRG_18620	261	261	0.0
GRCh38_CMRG_22308	261	261	0.269132
GRCh38_CMRG_23710	261	261	1.8e-05
GRCh38_CMRG_23789	261	261	0.0
GRCh38_CMRG_24241	261	261	0.0
GRCh38_CMRG_27171	261	261	0.0
GRCh38_CMRG_28181	261	261	0.0
GRCh38_CMRG_33772	261	261	0.000138
GRCh38_CMRG_36002	261	261	0.0
GRCh38_CMRG_45633	261	261	0.066481
GRCh38_CMRG_45699	261	261	0.0
GRCh38_CMRG_47398	261	261	0.0
GRCh38_CMRG_47460	261	261	0.382618
GRCh38_CMRG_71440	261	261	0.316515
GRCh38_CMRG_72367	261	261	2.4e-05
GRCh38_CMRG_79102	261	261	0.453325
GRCh38_CMRG_82684	261	261	0.0
GRCh38_CMRG_83224	261	261	0.145645
GRCh38_CMRG_13132	260	260	0.352962
GRCh38_CMRG_15424	260	260	0.145257
GRCh38_CMRG_19277	260	260	0.000179
GRCh38_CMRG_24035	260	260	0.25301
GRCh38_CMRG_24900	260	260	0.0
GRCh38_CMRG_28134	260	260	0.0
GRCh38_CMRG_2847	260	260	0.201029
GRCh38_CMRG_33379	260	260	0.0
GRCh38_CMRG_35799	260	260	0.0
GRCh38_CMRG_39990	260	260	0.18752
GRCh38_CMRG_48068	260	260	0.0
GRCh38_CMRG_49945	260	260	0.155323
GRCh38_CMRG_50708	260	260	0.0
GRCh38_CMRG_52774	260	260	0.0
GRCh38_CMRG_58241	260	260	0.009992
GRCh38_CMRG_61392	260	260	0.0
GRCh38_CMRG_63661	260	260	0.45687
GRCh38_CMRG_680	260	260	0.0
GRCh38_CMRG_68428	260	260	0.000766
GRCh38_CMRG_8306	260	260	0.0
GRCh38_CMRG_1010	259	259	0.0
GRCh38_CMRG_13142	259	259	0.0
GRCh38_CMRG_13438	259	259	0.0
GRCh38_CMRG_17447	259	259	0.0
GRCh38_CMRG_19119	259	259	0.0
GRCh38_CMRG_27051	259	259	0.0
GRCh38_CMRG_31400	259	259	1.0
GRCh38_CMRG_38083	259	259	0.0
GRCh38_CMRG_38579	259	259	0.016735
GRCh38_CMRG_41506	259	259	0.0
GRCh38_CMRG_42406	259	259	0.000179
GRCh38_CMRG_42537	259	259	0.0
GRCh38_CMRG_43619	259	259	0.001245
GRCh38_CMRG_45695	259	259	0.0
GRCh38_CMRG_47002	259	259	0.0
GRCh38_CMRG_54860	259	259	0.0
GRCh38_CMRG_61868	259	259	0.142048
GRCh38_CMRG_64580	259	259	0.0
GRCh38_CMRG_82224	259	259	0.0
GRCh38_CMRG_1276	258	258	0.304666
GRCh38_CMRG_13677	258	258	0.0
GRCh38_CMRG_18878	258	258	0.0
GRCh38_CMRG_19250	258	258	0.002472
GRCh38_CMRG_19274	258	258	0.169253
GRCh38_CMRG_23408	258	258	0.0
GRCh38_CMRG_24479	258	258	0.000716
GRCh38_CMRG_26311	258	258	0.0
GRCh38_CMRG_28682	258	258	0.0
GRCh38_CMRG_29770	258	258	0.712428
GRCh38_CMRG_32572	258	258	0.0
GRCh38_CMRG_41958	258	258	0.0
GRCh38_CMRG_48337	258	258	0.0
GRCh38_CMRG_52304	258	258	0.1079
GRCh38_CMRG_55549	258	258	0.0
GRCh38_CMRG_58571	258	258	0.0
GRCh38_CMRG_61963	258	258	0.0
GRCh38_CMRG_63440	258	258	0.0
GRCh38_CMRG_68558	258	258	0.0
GRCh38_CMRG_70702	258	258	0.0
GRCh38_CMRG_82478	258	258	0.0
GRCh38_CMRG_82588	258	258	0.0
GRCh38_CMRG_1183	257	257	0.0
GRCh38_CMRG_1592	257	257	0.266469
GRCh38_CMRG_17671	257	257	0.0
GRCh38_CMRG_18638	257	257	0.0
GRCh38_CMRG_19249	257	257	0.0
GRCh38_CMRG_23685	257	257	0.0
GRCh38_CMRG_27802	257	257	0.0
GRCh38_CMRG_43763	257	257	0.0
GRCh38_CMRG_45912	257	257	0.0
GRCh38_CMRG_68670	257	257	0.0
GRCh38_CMRG_71982	257	257	0.0
GRCh38_CMRG_77554	257	257	0.367021
GRCh38_CMRG_82372	257	257	0.0
GRCh38_CMRG_1423	256	256	0.0
GRCh38_CMRG_27163	256	256	0.037771
GRCh38_CMRG_39995	256	256	0.0
GRCh38_CMRG_489	256	256	0.0
GRCh38_CMRG_52679	256	256	0.000456
GRCh38_CMRG_55570	256	256	0.018241
GRCh38_CMRG_59187	256	256	0.490699
GRCh38_CMRG_60431	256	256	0.0
GRCh38_CMRG_7009	256	256	1.7e-05
GRCh38_CMRG_74945	256	256	0.0
GRCh38_CMRG_7920	256	256	0.0
GRCh38_CMRG_81663	256	256	0.0
GRCh38_CMRG_8174	256	256	0.0
GRCh38_CMRG_13851	255	255	0.0
GRCh38_CMRG_27331	255	255	0.183836
GRCh38_CMRG_31136	255	255	0.173017
GRCh38_CMRG_32887	255	255	0.0
GRCh38_CMRG_41284	255	255	0.0
GRCh38_CMRG_44059	255	255	0.0
GRCh38_CMRG_45652	255	255	0.0
GRCh38_CMRG_45911	255	255	0.0
GRCh38_CMRG_48898	255	255	0.0
GRCh38_CMRG_53210	255	255	0.0
GRCh38_CMRG_54150	255	255	0.244401
GRCh38_CMRG_55134	255	255	0.0
GRCh38_CMRG_55135	255	255	0.0
GRCh38_CMRG_55410	255	255	0.0
GRCh38_CMRG_55816	255	255	1.8e-05
GRCh38_CMRG_70935	255	255	0.000124
GRCh38_CMRG_71540	255	255	0.000803
GRCh38_CMRG_75554	255	255	0.0
GRCh38_CMRG_11102	254	254	0.047659
GRCh38_CMRG_11289	254	254	0.047659
GRCh38_CMRG_13439	254	254	0.0
GRCh38_CMRG_18235	254	254	0.0
GRCh38_CMRG_21258	254	254	0.237857
GRCh38_CMRG_23939	254	254	0.0
GRCh38_CMRG_23940	254	254	0.0
GRCh38_CMRG_26002	254	254	0.197383
GRCh38_CMRG_29269	254	254	0.15225
GRCh38_CMRG_32052	254	254	0.080481
GRCh38_CMRG_33033	254	254	0.0
GRCh38_CMRG_40780	254	254	0.173769
GRCh38_CMRG_42512	254	254	0.011614
GRCh38_CMRG_45617	254	254	0.0
GRCh38_CMRG_483	254	254	0.0
GRCh38_CMRG_48368	254	254	0.0
GRCh38_CMRG_58242	254	254	0.0
GRCh38_CMRG_65341	254	254	0.0
GRCh38_CMRG_6909	254	254	0.169472
GRCh38_CMRG_7862	254	254	0.0
GRCh38_CMRG_79820	254	254	0.0
GRCh38_CMRG_8874	254	254	0.0
GRCh38_CMRG_11080	253	253	0.047659
GRCh38_CMRG_18848	253	253	0.0
GRCh38_CMRG_21750	253	253	0.237857
GRCh38_CMRG_24298	253	253	0.33877
GRCh38_CMRG_27297	253	253	0.0
GRCh38_CMRG_28138	253	253	0.031671
GRCh38_CMRG_28239	253	253	0.635197
GRCh38_CMRG_28297	253	253	0.0
GRCh38_CMRG_32328	253	253	0.0
GRCh38_CMRG_37625	253	253	0.347861
GRCh38_CMRG_42368	253	253	0.0
GRCh38_CMRG_44344	253	253	0.000686
GRCh38_CMRG_45250	253	253	0.0
GRCh38_CMRG_50499	253	253	0.112867
GRCh38_CMRG_53617	253	253	0.0
GRCh38_CMRG_74843	253	253	0.0
GRCh38_CMRG_77403	253	253	0.104025
GRCh38_CMRG_7875	253	253	0.005853
GRCh38_CMRG_82894	253	253	0.0
GRCh38_CMRG_9308	253	253	0.000468
GRCh38_CMRG_11324	252	252	0.191562
GRCh38_CMRG_12579	252	252	8e-06
GRCh38_CMRG_12869	252	252	0.129254
GRCh38_CMRG_23687	252	252	0.0
GRCh38_CMRG_2393	252	252	0.000718
GRCh38_CMRG_25311	252	252	0.079542
GRCh38_CMRG_27069	252	252	0.0
GRCh38_CMRG_29594	252	252	0.146669
GRCh38_CMRG_37230	252	252	0.1846
GRCh38_CMRG_37866	252	252	0.0
GRCh38_CMRG_40503	252	252	0.13166
GRCh38_CMRG_48754	252	252	0.0
GRCh38_CMRG_61717	252	252	0.126132
GRCh38_CMRG_64803	252	252	0.000381
GRCh38_CMRG_65078	252	252	0.346829
GRCh38_CMRG_68429	252	252	8e-06
GRCh38_CMRG_730	252	252	0.047632
GRCh38_CMRG_73422	252	252	0.0
GRCh38_CMRG_75553	252	252	0.0
GRCh38_CMRG_77282	252	252	0.0
GRCh38_CMRG_7799	252	252	0.0
GRCh38_CMRG_1214	251	251	0.002811
GRCh38_CMRG_15448	251	251	0.0
GRCh38_CMRG_22098	251	251	0.0
GRCh38_CMRG_22220	251	251	0.0
GRCh38_CMRG_22687	251	251	0.126951
GRCh38_CMRG_24155	251	251	0.0
GRCh38_CMRG_25403	251	251	0.0
GRCh38_CMRG_31221	251	251	1.7e-05
GRCh38_CMRG_31457	251	251	9.7e-05
GRCh38_CMRG_32323	251	251	0.251012
GRCh38_CMRG_36978	251	251	4.8e-05
GRCh38_CMRG_41731	251	251	0.0
GRCh38_CMRG_44993	251	251	0.138412
GRCh38_CMRG_48151	251	251	0.0
GRCh38_CMRG_48972	251	251	0.036192
GRCh38_CMRG_49093	251	251	0.0
GRCh38_CMRG_49446	251	251	0.0
GRCh38_CMRG_55579	251	251	0.502411
GRCh38_CMRG_5727	251	251	0.0
GRCh38_CMRG_59442	251	251	0.0
GRCh38_CMRG_61096	251	251	0.0
GRCh38_CMRG_62560	251	251	0.0
GRCh38_CMRG_8488	251	251	0.0
GRCh38_CMRG_8574	251	251	0.0
GRCh38_CMRG_12545	250	250	0.247464
GRCh38_CMRG_13485	250	250	0.0
GRCh38_CMRG_18722	250	250	0.0
GRCh38_CMRG_2417	250	250	0.420799
GRCh38_CMRG_24251	250	250	0.0
GRCh38_CMRG_26339	250	250	0.0
GRCh38_CMRG_26576	250	250	0.0
GRCh38_CMRG_29101	250	250	0.521596
GRCh38_CMRG_30881	250	250	0.234374
GRCh38_CMRG_31212	250	250	0.174821
GRCh38_CMRG_48370	250	250	0.0
GRCh38_CMRG_48645	250	250	0.0
GRCh38_CMRG_49402	250	250	0.0
GRCh38_CMRG_52167	250	250	0.0
GRCh38_CMRG_55031	250	250	0.48697
GRCh38_CMRG_55317	250	250	0.18083
GRCh38_CMRG_55458	250	250	0.109382
GRCh38_CMRG_6756	250	250	0.390812
GRCh38_CMRG_67992	250	250	0.0
GRCh38_CMRG_71362	250	250	0.83601
GRCh38_CMRG_74818	250	250	0.236967
GRCh38_CMRG_79906	250	250	0.0
GRCh38_CMRG_81854	250	250	0.0
GRCh38_CMRG_11307	249	249	0.313754
GRCh38_CMRG_11764	249	249	0.16151
GRCh38_CMRG_1621	249	249	0.0
GRCh38_CMRG_19005	249	249	0.0
GRCh38_CMRG_19628	249	249	0.000484
GRCh38_CMRG_22571	249	249	0.853148
GRCh38_CMRG_23126	249	249	0.293273
GRCh38_CMRG_28002	249	249	0.42942
GRCh38_CMRG_32204	249	249	0.124747
GRCh38_CMRG_33056	249	249	0.0
GRCh38_CMRG_37959	249	249	0.008536
GRCh38_CMRG_39661	249	249	0.0
GRCh38_CMRG_45811	249	249	0.0
GRCh38_CMRG_45928	249	249	0.254607
GRCh38_CMRG_49378	249	249	0.0
GRCh38_CMRG_65051	249	249	0.0
GRCh38_CMRG_65054	249	249	0.000127
GRCh38_CMRG_65055	249	249	0.000127
GRCh38_CMRG_68101	249	249	0.002521
GRCh38_CMRG_72311	249	249	0.134441
GRCh38_CMRG_73214	249	249	9e-06
GRCh38_CMRG_73844	249	249	0.019938
GRCh38_CMRG_75025	249	249	0.167495
GRCh38_CMRG_75193	249	249	0.0
GRCh38_CMRG_75338	249	249	0.153074
GRCh38_CMRG_77448	249	249	0.073876
GRCh38_CMRG_81950	249	249	0.638891
GRCh38_CMRG_82583	249	249	0.0
GRCh38_CMRG_83068	249	249	0.0
GRCh38_CMRG_84102	249	249	0.0
GRCh38_CMRG_9286	249	249	0.021633
GRCh38_CMRG_13127	248	248	0.165798
GRCh38_CMRG_18309	248	248	0.0
GRCh38_CMRG_21639	248	248	0.237857
GRCh38_CMRG_22389	248	248	2.4e-05
GRCh38_CMRG_22755	248	248	0.14306
GRCh38_CMRG_24070	248	248	0.01427
GRCh38_CMRG_29736	248	248	0.0
GRCh38_CMRG_39071	248	248	0.224081
GRCh38_CMRG_41584	248	248	0.0
GRCh38_CMRG_42468	248	248	0.0
GRCh38_CMRG_44689	248	248	0.036367
GRCh38_CMRG_48857	248	248	0.0
GRCh38_CMRG_512	248	248	0.0
GRCh38_CMRG_63439	248	248	0.000193
GRCh38_CMRG_63691	248	248	0.0
GRCh38_CMRG_69916	248	248	0.0
GRCh38_CMRG_72540	248	248	0.22596
GRCh38_CMRG_75088	248	248	0.0
GRCh38_CMRG_79736	248	248	0.0
GRCh38_CMRG_82473	248	248	0.0
GRCh38_CMRG_82607	248	248	0.0
GRCh38_CMRG_12016	247	247	0.0
GRCh38_CMRG_16607	247	247	0.155771
GRCh38_CMRG_16664	247	247	0.0
GRCh38_CMRG_24533	247	247	0.99983
GRCh38_CMRG_25819	247	247	0.03813
GRCh38_CMRG_27759	247	247	0.254888
GRCh38_CMRG_37842	247	247	0.0
GRCh38_CMRG_38343	247	247	0.0
GRCh38_CMRG_44504	247	247	0.0
GRCh38_CMRG_45062	247	247	0.0
GRCh38_CMRG_48273	247	247	0.0
GRCh38_CMRG_48715	247	247	0.0
GRCh38_CMRG_48716	247	247	0.0
GRCh38_CMRG_55411	247	247	0.0
GRCh38_CMRG_60038	247	247	0.0
GRCh38_CMRG_70546	247	247	0.14687
GRCh38_CMRG_71898	247	247	4e-05
GRCh38_CMRG_7231	247	247	0.001405
GRCh38_CMRG_72718	247	247	0.0
GRCh38_CMRG_7510	247	247	0.0
GRCh38_CMRG_75194	247	247	0.0
GRCh38_CMRG_77432	247	247	0.0
GRCh38_CMRG_77714	247	247	0.0
GRCh38_CMRG_80998	247	247	0.001383
GRCh38_CMRG_82314	247	247	0.001052
GRCh38_CMRG_13483	246	246	0.0
GRCh38_CMRG_13642	246	246	7.3e-05
GRCh38_CMRG_18308	246	246	0.0
GRCh38_CMRG_2081	246	246	0.046208
GRCh38_CMRG_24108	246	246	1.6e-05
GRCh38_CMRG_28319	246	246	0.161694
GRCh38_CMRG_2927	246	246	0.454266
GRCh38_CMRG_32343	246	246	0.048826
GRCh38_CMRG_35763	246	246	0.0
GRCh38_CMRG_36604	246	246	0.0
GRCh38_CMRG_37398	246	246	0.329852
GRCh38_CMRG_40752	246	246	0.0
GRCh38_CMRG_40836	246	246	0.214264
GRCh38_CMRG_42084	246	246	0.000135
GRCh38_CMRG_47246	246	246	0.326856
GRCh38_CMRG_47273	246	246	0.0
GRCh38_CMRG_53208	246	246	0.146703
GRCh38_CMRG_55571	246	246	0.0
GRCh38_CMRG_5818	246	246	0.0
GRCh38_CMRG_65728	246	246	0.0
GRCh38_CMRG_6824	246	246	0.00016
GRCh38_CMRG_6825	246	246	0.00016
GRCh38_CMRG_71594	246	246	0.0
GRCh38_CMRG_72730	246	246	0.0
GRCh38_CMRG_79440	246	246	0.018092
GRCh38_CMRG_79570	246	246	0.16529
GRCh38_CMRG_1432	245	245	0.367447
GRCh38_CMRG_18325	245	245	0.0
GRCh38_CMRG_18411	245	245	0.043427
GRCh38_CMRG_33796	245	245	0.0
GRCh38_CMRG_40607	245	245	0.009566
GRCh38_CMRG_41439	245	245	0.0
GRCh38_CMRG_41487	245	245	0.0
GRCh38_CMRG_44305	245	245	0.182587
GRCh38_CMRG_45584	245	245	0.000624
GRCh38_CMRG_53295	245	245	0.0
GRCh38_CMRG_58352	245	245	0.0
GRCh38_CMRG_58937	245	245	0.55653
GRCh38_CMRG_62564	245	245	0.0
GRCh38_CMRG_65228	245	245	0.022385
GRCh38_CMRG_68157	245	245	0.0
GRCh38_CMRG_70608	245	245	0.144173
GRCh38_CMRG_70775	245	245	0.001388
GRCh38_CMRG_71771	245	245	0.0
GRCh38_CMRG_72759	245	245	0.0
GRCh38_CMRG_77624	245	245	0.0
GRCh38_CMRG_80027	245	245	0.002997
GRCh38_CMRG_83246	245	245	0.24561
GRCh38_CMRG_8931	245	245	0.150285
GRCh38_CMRG_11796	244	244	0.034802
GRCh38_CMRG_1301	244	244	0.03351
GRCh38_CMRG_14252	244	244	0.0
GRCh38_CMRG_14709	244	244	0.0
GRCh38_CMRG_18594	244	244	0.005644
GRCh38_CMRG_33264	244	244	0.0
GRCh38_CMRG_38229	244	244	0.146142
GRCh38_CMRG_38442	244	244	0.0
GRCh38_CMRG_44625	244	244	0.260712
GRCh38_CMRG_49301	244	244	0.0
GRCh38_CMRG_51527	244	244	0.476741
GRCh38_CMRG_55622	244	244	0.217815
GRCh38_CMRG_61899	244	244	0.0
GRCh38_CMRG_63607	244	244	0.225841
GRCh38_CMRG_7594	244	244	0.0
GRCh38_CMRG_81228	244	244	0.029496
GRCh38_CMRG_82013	244	244	0.748361
GRCh38_CMRG_11022	243	243	0.047659
GRCh38_CMRG_14505	243	243	0.0
GRCh38_CMRG_18586	243	243	0.0
GRCh38_CMRG_22607	243	243	0.001162
GRCh38_CMRG_23783	243	243	0.0
GRCh38_CMRG_27157	243	243	0.0
GRCh38_CMRG_27224	243	243	0.0
GRCh38_CMRG_28452	243	243	0.0
GRCh38_CMRG_32949	243	243	0.144946
GRCh38_CMRG_34268	243	243	0.216528
GRCh38_CMRG_38128	243	243	0.0
GRCh38_CMRG_41983	243	243	0.004191
GRCh38_CMRG_42478	243	243	0.0
GRCh38_CMRG_43720	243	243	0.146044
GRCh38_CMRG_48775	243	243	0.128005
GRCh38_CMRG_55537	243	243	0.0
GRCh38_CMRG_59465	243	243	0.0
GRCh38_CMRG_62372	243	243	0.0
GRCh38_CMRG_64953	243	243	0.114818
GRCh38_CMRG_65148	243	243	0.0
GRCh38_CMRG_67348	243	243	8e-06
GRCh38_CMRG_6816	243	243	0.216672
GRCh38_CMRG_70787	243	243	0.002174
GRCh38_CMRG_72682	243	243	0.0
GRCh38_CMRG_72838	243	243	0.022063
GRCh38_CMRG_7759	243	243	0.0
GRCh38_CMRG_8291	243	243	0.0
GRCh38_CMRG_13424	242	242	0.0
GRCh38_CMRG_1366	242	242	0.434484
GRCh38_CMRG_17205	242	242	0.001973
GRCh38_CMRG_22337	242	242	0.233642
GRCh38_CMRG_23727	242	242	0.0
GRCh38_CMRG_24160	242	242	0.055393
GRCh38_CMRG_31419	242	242	0.017799
GRCh38_CMRG_36153	242	242	0.165671
GRCh38_CMRG_47225	242	242	0.0
GRCh38_CMRG_49169	242	242	0.215244
GRCh38_CMRG_49221	242	242	0.0
GRCh38_CMRG_49222	242	242	0.0
GRCh38_CMRG_62549	242	242	0.096712
GRCh38_CMRG_65230	242	242	0.022385
GRCh38_CMRG_6590	242	242	0.0
GRCh38_CMRG_73067	242	242	0.0
GRCh38_CMRG_79511	242	242	0.0
GRCh38_CMRG_8715	242	242	0.199103
GRCh38_CMRG_12865	241	241	0.11562
GRCh38_CMRG_28821	241	241	0.117117
GRCh38_CMRG_32881	241	241	0.0
GRCh38_CMRG_38335	241	241	0.0
GRCh38_CMRG_48929	241	241	0.0
GRCh38_CMRG_67334	241	241	0.0
GRCh38_CMRG_67919	241	241	2.4e-05
GRCh38_CMRG_70585	241	241	0.0
GRCh38_CMRG_70807	241	241	0.0
GRCh38_CMRG_72711	241	241	0.0
GRCh38_CMRG_76923	241	241	0.122009
GRCh38_CMRG_79923	241	241	0.0
GRCh38_CMRG_8690	241	241	0.0
GRCh38_CMRG_11445	240	240	0.000468
GRCh38_CMRG_19816	240	240	0.0
GRCh38_CMRG_24107	240	240	1.6e-05
GRCh38_CMRG_31936	240	240	0.0
GRCh38_CMRG_33314	240	240	0.0
GRCh38_CMRG_37505	240	240	0.0
GRCh38_CMRG_41846	240	240	0.260283
GRCh38_CMRG_41877	240	240	0.0
GRCh38_CMRG_45478	240	240	0.0
GRCh38_CMRG_51392	240	240	0.378063
GRCh38_CMRG_59482	240	240	0.297173
GRCh38_CMRG_61060	240	240	0.0
GRCh38_CMRG_62635	240	240	0.008714
GRCh38_CMRG_6838	240	240	0.000468
GRCh38_CMRG_7056	240	240	3.2e-05
GRCh38_CMRG_73616	240	240	0.425235
GRCh38_CMRG_82343	240	240	0.0
GRCh38_CMRG_83214	240	240	0.00514995
GRCh38_CMRG_84237	240	240	0.0
GRCh38_CMRG_14031	239	239	0.445539
GRCh38_CMRG_1811	239	239	0.15087
GRCh38_CMRG_23343	239	239	0.0
GRCh38_CMRG_27130	239	239	0.109116
GRCh38_CMRG_30011	239	239	0.16714
GRCh38_CMRG_37295	239	239	0.0
GRCh38_CMRG_55630	239	239	0.0
GRCh38_CMRG_61679	239	239	0.248663
GRCh38_CMRG_67896	239	239	0.0
GRCh38_CMRG_74611	239	239	0.0
GRCh38_CMRG_75085	239	239	0.141898
GRCh38_CMRG_81443	239	239	0.0
GRCh38_CMRG_83808	239	239	0.178755
GRCh38_CMRG_13626	238	238	0.0
GRCh38_CMRG_17749	238	238	0.0
GRCh38_CMRG_21916	238	238	0.237857
GRCh38_CMRG_24239	238	238	0.0
GRCh38_CMRG_28298	238	238	0.0
GRCh38_CMRG_28324	238	238	2.4e-05
GRCh38_CMRG_28433	238	238	0.0
GRCh38_CMRG_28885	238	238	0.247448
GRCh38_CMRG_29863	238	238	0.233059
GRCh38_CMRG_37678	238	238	0.0
GRCh38_CMRG_39832	238	238	0.0
GRCh38_CMRG_40407	238	238	0.231244
GRCh38_CMRG_45218	238	238	0.0
GRCh38_CMRG_49294	238	238	0.0
GRCh38_CMRG_54942	238	238	0.0
GRCh38_CMRG_55619	238	238	0.223949
GRCh38_CMRG_60804	238	238	0.65754
GRCh38_CMRG_64480	238	238	0.0
GRCh38_CMRG_64785	238	238	0.0
GRCh38_CMRG_65549	238	238	0.0
GRCh38_CMRG_6669	238	238	0.011888
GRCh38_CMRG_81741	238	238	0.063658
GRCh38_CMRG_15584	237	237	0.0
GRCh38_CMRG_24037	237	237	0.0
GRCh38_CMRG_32234	237	237	0.0
GRCh38_CMRG_32276	237	237	0.0
GRCh38_CMRG_33087	237	237	0.217945
GRCh38_CMRG_33146	237	237	0.0
GRCh38_CMRG_38467	237	237	0.320781
GRCh38_CMRG_47706	237	237	0.98183
GRCh38_CMRG_47734	237	237	0.0
GRCh38_CMRG_49351	237	237	0.0
GRCh38_CMRG_55378	237	237	0.0
GRCh38_CMRG_68408	237	237	0.0
GRCh38_CMRG_71374	237	237	0.320514
GRCh38_CMRG_82254	237	237	0.000787
GRCh38_CMRG_13242	236	236	0.0
GRCh38_CMRG_18003	236	236	0.0
GRCh38_CMRG_23178	236	236	0.0
GRCh38_CMRG_23688	236	236	0.0
GRCh38_CMRG_27434	236	236	0.177443
GRCh38_CMRG_37643	236	236	0.14217
GRCh38_CMRG_41700	236	236	0.212004
GRCh38_CMRG_41701	236	236	0.212004
GRCh38_CMRG_44341	236	236	0.001207
GRCh38_CMRG_45769	236	236	7.1e-05
GRCh38_CMRG_53212	236	236	0.098142
GRCh38_CMRG_581	236	236	0.241731
GRCh38_CMRG_64866	236	236	0.0
GRCh38_CMRG_65531	236	236	0.0
GRCh38_CMRG_67737	236	236	0.018646
GRCh38_CMRG_77576	236	236	0.451147
GRCh38_CMRG_79950	236	236	0.016235
GRCh38_CMRG_9370	236	236	0.000468
GRCh38_CMRG_17837	235	235	0.002163
GRCh38_CMRG_18799	235	235	0.0
GRCh38_CMRG_24460	235	235	0.16973
GRCh38_CMRG_28404	235	235	0.0
GRCh38_CMRG_36357	235	235	0.136591
GRCh38_CMRG_40027	235	235	8.8e-05
GRCh38_CMRG_40644	235	235	0.35144
GRCh38_CMRG_46054	235	235	0.0
GRCh38_CMRG_54881	235	235	0.000404
GRCh38_CMRG_55244	235	235	0.0
GRCh38_CMRG_65112	235	235	8e-06
GRCh38_CMRG_71023	235	235	0.025908
GRCh38_CMRG_73436	235	235	0.001886
GRCh38_CMRG_77164	235	235	0.201425
GRCh38_CMRG_7843	235	235	0.13615
GRCh38_CMRG_14138	234	234	0.9985
GRCh38_CMRG_16576	234	234	0.0
GRCh38_CMRG_17812	234	234	0.0
GRCh38_CMRG_20946	234	234	0.15029
GRCh38_CMRG_37150	234	234	0.112236
GRCh38_CMRG_53046	234	234	0.381953
GRCh38_CMRG_551	234	234	0.0
GRCh38_CMRG_55383	234	234	0.001663
GRCh38_CMRG_67016	234	234	0.0
GRCh38_CMRG_68294	234	234	0.0
GRCh38_CMRG_68745	234	234	0.49666
GRCh38_CMRG_8401	234	234	0.000803
GRCh38_CMRG_9335	234	234	0.000468
GRCh38_CMRG_12796	233	233	0.002372
GRCh38_CMRG_15480	233	233	8e-06
GRCh38_CMRG_18581	233	233	0.0
GRCh38_CMRG_22879	233	233	0.265384
GRCh38_CMRG_30002	233	233	0.000402
GRCh38_CMRG_36252	233	233	0.0
GRCh38_CMRG_367	233	233	0.0
GRCh38_CMRG_40257	233	233	0.0
GRCh38_CMRG_40389	233	233	0.001078
GRCh38_CMRG_42373	233	233	0.003739
GRCh38_CMRG_43688	233	233	0.0
GRCh38_CMRG_52131	233	233	0.0
GRCh38_CMRG_55543	233	233	0.0
GRCh38_CMRG_60649	233	233	0.0
GRCh38_CMRG_61688	233	233	0.0
GRCh38_CMRG_67890	233	233	0.0
GRCh38_CMRG_70681	233	233	0.0
GRCh38_CMRG_74973	233	233	0.0
GRCh38_CMRG_79951	233	233	0.016235
GRCh38_CMRG_82283	233	233	0.0
GRCh38_CMRG_9440	233	233	0.000468
GRCh38_CMRG_13318	232	232	0.090722
GRCh38_CMRG_13674	232	232	0.0
GRCh38_CMRG_14028	232	232	0.0
GRCh38_CMRG_18881	232	232	0.0
GRCh38_CMRG_24324	232	232	0.0
GRCh38_CMRG_24450	232	232	0.221277
GRCh38_CMRG_24899	232	232	0.0
GRCh38_CMRG_27799	232	232	0.451415
GRCh38_CMRG_29870	232	232	0.0
GRCh38_CMRG_33357	232	232	0.0
GRCh38_CMRG_37919	232	232	0.065758
GRCh38_CMRG_39374	232	232	0.0
GRCh38_CMRG_41001	232	232	0.000793
GRCh38_CMRG_46195	232	232	0.134705
GRCh38_CMRG_60534	232	232	0.103738
GRCh38_CMRG_61775	232	232	0.090489
GRCh38_CMRG_64988	232	232	0.0
GRCh38_CMRG_67059	232	232	0.13193
GRCh38_CMRG_67625	232	232	0.0
GRCh38_CMRG_67793	232	232	0.0
GRCh38_CMRG_6826	232	232	0.98417
GRCh38_CMRG_70947	232	232	0.073872
GRCh38_CMRG_71660	232	232	0.0
GRCh38_CMRG_74511	232	232	0.164729
GRCh38_CMRG_77513	232	232	0.0
GRCh38_CMRG_82436	232	232	0.0
GRCh38_CMRG_8382	232	232	0.0
GRCh38_CMRG_11558	231	231	0.000468
GRCh38_CMRG_12015	231	231	0.0
GRCh38_CMRG_13968	231	231	0.0
GRCh38_CMRG_19048	231	231	0.0
GRCh38_CMRG_19278	231	231	0.000179
GRCh38_CMRG_22058	231	231	0.0
GRCh38_CMRG_22446	231	231	0.0
GRCh38_CMRG_22609	231	231	0.0
GRCh38_CMRG_28150	231	231	9e-06
GRCh38_CMRG_29263	231	231	0.0
GRCh38_CMRG_31337	231	231	0.0
GRCh38_CMRG_31806	231	231	0.001822
GRCh38_CMRG_32305	231	231	0.0
GRCh38_CMRG_32324	231	231	0.251012
GRCh38_CMRG_33145	231	231	0.0
GRCh38_CMRG_39602	231	231	0.0
GRCh38_CMRG_41283	231	231	0.0
GRCh38_CMRG_41309	231	231	0.047068
GRCh38_CMRG_41855	231	231	0.285054
GRCh38_CMRG_54507	231	231	0.0
GRCh38_CMRG_59351	231	231	0.0
GRCh38_CMRG_62172	231	231	0.0
GRCh38_CMRG_64906	231	231	0.0
GRCh38_CMRG_67835	231	231	0.0
GRCh38_CMRG_68231	231	231	0.0
GRCh38_CMRG_69343	231	231	0.0
GRCh38_CMRG_70543	231	231	0.0
GRCh38_CMRG_72667	231	231	0.0
GRCh38_CMRG_74819	231	231	0.236967
GRCh38_CMRG_74993	231	231	0.0
GRCh38_CMRG_23191	230	230	0.02939
GRCh38_CMRG_25317	230	230	0.246168
GRCh38_CMRG_26682	230	230	0.01382
GRCh38_CMRG_36207	230	230	0.001
GRCh38_CMRG_38515	230	230	0.0
GRCh38_CMRG_43758	230	230	0.217422
GRCh38_CMRG_44621	230	230	0.0
GRCh38_CMRG_45055	230	230	0.0
GRCh38_CMRG_45387	230	230	0.0
GRCh38_CMRG_47943	230	230	0.0
GRCh38_CMRG_49764	230	230	0.009934
GRCh38_CMRG_50999	230	230	1.0
GRCh38_CMRG_51647	230	230	0.252342
GRCh38_CMRG_55620	230	230	0.223949
GRCh38_CMRG_69930	230	230	0.0
GRCh38_CMRG_70545	230	230	0.0
GRCh38_CMRG_72578	230	230	0.0
GRCh38_CMRG_79999	230	230	0.0
GRCh38_CMRG_8097	230	230	0.0
GRCh38_CMRG_8137	230	230	0.630111
GRCh38_CMRG_82641	230	230	0.311492
GRCh38_CMRG_82642	230	230	0.311492
GRCh38_CMRG_9371	230	230	0.208358
GRCh38_CMRG_17271	229	229	0.0
GRCh38_CMRG_19303	229	229	0.1212
GRCh38_CMRG_23848	229	229	0.0
GRCh38_CMRG_37156	229	229	0.0
GRCh38_CMRG_41310	229	229	0.047068
GRCh38_CMRG_42028	229	229	0.0
GRCh38_CMRG_47442	229	229	0.496254
GRCh38_CMRG_52705	229	229	0.0
GRCh38_CMRG_58286	229	229	0.039314
GRCh38_CMRG_63515	229	229	0.0
GRCh38_CMRG_68060	229	229	0.10901
GRCh38_CMRG_70869	229	229	0.0
GRCh38_CMRG_71363	229	229	0.83601
GRCh38_CMRG_7761	229	229	0.0
GRCh38_CMRG_79832	229	229	0.001496
GRCh38_CMRG_8175	229	229	0.0
GRCh38_CMRG_82592	229	229	0.028381
GRCh38_CMRG_10896	228	228	0.047659
GRCh38_CMRG_18912	228	228	0.119352
GRCh38_CMRG_2167	228	228	0.132332
GRCh38_CMRG_22099	228	228	0.0
GRCh38_CMRG_24297	228	228	0.33877
GRCh38_CMRG_26566	228	228	0.0005
GRCh38_CMRG_26567	228	228	0.0005
GRCh38_CMRG_29326	228	228	0.017071
GRCh38_CMRG_41505	228	228	0.0
GRCh38_CMRG_488	228	228	0.000275
GRCh38_CMRG_49299	228	228	0.0
GRCh38_CMRG_64440	228	228	0.12415
GRCh38_CMRG_65227	228	228	0.022385
GRCh38_CMRG_72444	228	228	0.0
GRCh38_CMRG_9435	228	228	0.000468
GRCh38_CMRG_12839	227	227	0.0
GRCh38_CMRG_13120	227	227	0.0
GRCh38_CMRG_28448	227	227	0.0
GRCh38_CMRG_28936	227	227	0.123634
GRCh38_CMRG_41540	227	227	0.009982
GRCh38_CMRG_44554	227	227	0.0
GRCh38_CMRG_58599	227	227	0.162901
GRCh38_CMRG_64605	227	227	0.0
GRCh38_CMRG_6468	227	227	0.17853
GRCh38_CMRG_72361	227	227	0.096624
GRCh38_CMRG_72985	227	227	0.0
GRCh38_CMRG_79960	227	227	0.0
GRCh38_CMRG_18550	226	226	0.069534
GRCh38_CMRG_23726	226	226	0.0
GRCh38_CMRG_29844	226	226	0.00461
GRCh38_CMRG_39219	226	226	0.0
GRCh38_CMRG_46178	226	226	0.0
GRCh38_CMRG_48315	226	226	0.0
GRCh38_CMRG_61413	226	226	0.020866
GRCh38_CMRG_68566	226	226	0.374759
GRCh38_CMRG_74370	226	226	0.0
GRCh38_CMRG_75545	226	226	0.43771
GRCh38_CMRG_13392	225	225	0.0
GRCh38_CMRG_15096	225	225	0.000165
GRCh38_CMRG_21110	225	225	0.0
GRCh38_CMRG_23779	225	225	0.0
GRCh38_CMRG_24835	225	225	0.218767
GRCh38_CMRG_29952	225	225	0.0
GRCh38_CMRG_31691	225	225	0.0
GRCh38_CMRG_38674	225	225	0.215667
GRCh38_CMRG_41308	225	225	0.047068
GRCh38_CMRG_52168	225	225	0.0
GRCh38_CMRG_55535	225	225	0.0
GRCh38_CMRG_60450	225	225	0.0
GRCh38_CMRG_63519	225	225	0.0
GRCh38_CMRG_65908	225	225	0.13986
GRCh38_CMRG_72558	225	225	0.0
GRCh38_CMRG_77525	225	225	0.009182
GRCh38_CMRG_9436	225	225	0.000468
GRCh38_CMRG_14559	224	224	0.0
GRCh38_CMRG_17091	224	224	0.000156
GRCh38_CMRG_18144	224	224	0.0
GRCh38_CMRG_18423	224	224	0.0
GRCh38_CMRG_19847	224	224	0.13409
GRCh38_CMRG_21910	224	224	0.237857
GRCh38_CMRG_27327	224	224	0.168167
GRCh38_CMRG_27328	224	224	0.168167
GRCh38_CMRG_27332	224	224	0.203309
GRCh38_CMRG_29071	224	224	0.0
GRCh38_CMRG_36747	224	224	0.0
GRCh38_CMRG_40388	224	224	0.000195
GRCh38_CMRG_52551	224	224	0.17838
GRCh38_CMRG_55851	224	224	0.044541
GRCh38_CMRG_7135	224	224	0.31468
GRCh38_CMRG_72475	224	224	0.119072
GRCh38_CMRG_72972	224	224	0.0
GRCh38_CMRG_11021	223	223	0.047659
GRCh38_CMRG_12554	223	223	0.0
GRCh38_CMRG_13679	223	223	0.0
GRCh38_CMRG_29494	223	223	0.232506
GRCh38_CMRG_32912	223	223	0.0
GRCh38_CMRG_41139	223	223	0.20903
GRCh38_CMRG_43618	223	223	0.001245
GRCh38_CMRG_51784	223	223	0.0
GRCh38_CMRG_54871	223	223	2.4e-05
GRCh38_CMRG_58507	223	223	0.3081
GRCh38_CMRG_65572	223	223	0.13526
GRCh38_CMRG_75130	223	223	0.0
GRCh38_CMRG_79962	223	223	0.0
GRCh38_CMRG_82156	223	223	0.0
GRCh38_CMRG_82918	223	223	0.0
GRCh38_CMRG_83071	223	223	0.0
GRCh38_CMRG_13665	222	222	0.0
GRCh38_CMRG_13801	222	222	0.0
GRCh38_CMRG_18829	222	222	0.0
GRCh38_CMRG_19033	222	222	0.0
GRCh38_CMRG_23571	222	222	0.0
GRCh38_CMRG_33221	222	222	0.003392
GRCh38_CMRG_38457	222	222	0.0
GRCh38_CMRG_41733	222	222	0.0
GRCh38_CMRG_42551	222	222	0.004053
GRCh38_CMRG_45370	222	222	0.0
GRCh38_CMRG_47984	222	222	0.0
GRCh38_CMRG_49293	222	222	0.0
GRCh38_CMRG_53186	222	222	0.0
GRCh38_CMRG_54506	222	222	0.0
GRCh38_CMRG_71418	222	222	0.013587
GRCh38_CMRG_74782	222	222	0.151411
GRCh38_CMRG_75241	222	222	0.509054
GRCh38_CMRG_82306	222	222	0.0
GRCh38_CMRG_8450	222	222	0.121376
GRCh38_CMRG_22539	221	221	4.8e-05
GRCh38_CMRG_24384	221	221	0.0
GRCh38_CMRG_26456	221	221	0.235596
GRCh38_CMRG_28302	221	221	0.0
GRCh38_CMRG_31834	221	221	0.0
GRCh38_CMRG_32035	221	221	0.0
GRCh38_CMRG_39864	221	221	0.0
GRCh38_CMRG_50250	221	221	0.0
GRCh38_CMRG_55802	221	221	0.0
GRCh38_CMRG_59330	221	221	0.0
GRCh38_CMRG_60616	221	221	0.0
GRCh38_CMRG_61134	221	221	0.0
GRCh38_CMRG_61221	221	221	0.0
GRCh38_CMRG_61729	221	221	0.0
GRCh38_CMRG_66101	221	221	0.0
GRCh38_CMRG_70905	221	221	0.0
GRCh38_CMRG_71807	221	221	3.9e-05
GRCh38_CMRG_77301	221	221	0.05634
GRCh38_CMRG_9367	221	221	0.000468
GRCh38_CMRG_13248	220	220	0.0
GRCh38_CMRG_21603	220	220	0.237857
GRCh38_CMRG_21604	220	220	0.237857
GRCh38_CMRG_24238	220	220	0.0
GRCh38_CMRG_2444	220	220	0.0
GRCh38_CMRG_24448	220	220	0.000176
GRCh38_CMRG_28793	220	220	0.0
GRCh38_CMRG_2896	220	220	0.479816
GRCh38_CMRG_33370	220	220	0.0
GRCh38_CMRG_34380	220	220	0.282556
GRCh38_CMRG_38386	220	220	0.0
GRCh38_CMRG_40782	220	220	0.199524
GRCh38_CMRG_50543	220	220	0.0
GRCh38_CMRG_53751	220	220	0.0
GRCh38_CMRG_54882	220	220	0.0
GRCh38_CMRG_67738	220	220	0.018646
GRCh38_CMRG_69342	220	220	0.0
GRCh38_CMRG_7793	220	220	0.0
GRCh38_CMRG_8119	220	220	0.0
GRCh38_CMRG_26265	219	219	0.119489
GRCh38_CMRG_31635	219	219	0.0
GRCh38_CMRG_38005	219	219	0.0
GRCh38_CMRG_44352	219	219	0.176546
GRCh38_CMRG_46127	219	219	0.0
GRCh38_CMRG_48308	219	219	0.193974
GRCh38_CMRG_68877	219	219	4.1e-05
GRCh38_CMRG_69820	219	219	0.0
GRCh38_CMRG_7536	219	219	0.0
GRCh38_CMRG_77716	219	219	0.0
GRCh38_CMRG_78920	219	219	0.018092
GRCh38_CMRG_10850	218	218	0.047659
GRCh38_CMRG_13498	218	218	0.0
GRCh38_CMRG_14259	218	218	0.0
GRCh38_CMRG_18569	218	218	0.0
GRCh38_CMRG_19240	218	218	0.057434
GRCh38_CMRG_19616	218	218	0.371058
GRCh38_CMRG_2318	218	218	0.0
GRCh38_CMRG_24579	218	218	0.0
GRCh38_CMRG_28734	218	218	0.216438
GRCh38_CMRG_33060	218	218	0.0
GRCh38_CMRG_41422	218	218	0.0
GRCh38_CMRG_41545	218	218	0.0
GRCh38_CMRG_41735	218	218	0.0
GRCh38_CMRG_419	218	218	0.0
GRCh38_CMRG_48906	218	218	5.6e-05
GRCh38_CMRG_49112	218	218	0.0
GRCh38_CMRG_49113	218	218	0.0
GRCh38_CMRG_51955	218	218	0.0
GRCh38_CMRG_54792	218	218	0.199473
GRCh38_CMRG_6672	218	218	0.0
GRCh38_CMRG_68127	218	218	0.0
GRCh38_CMRG_70746	218	218	0.0
GRCh38_CMRG_73108	218	218	0.148276
GRCh38_CMRG_74129	218	218	0.0
GRCh38_CMRG_74920	218	218	0.0
GRCh38_CMRG_76424	218	218	0.0
GRCh38_CMRG_77718	218	218	0.0
GRCh38_CMRG_84096	218	218	0.0129342
GRCh38_CMRG_11741	217	217	0.000468
GRCh38_CMRG_18315	217	217	0.0
GRCh38_CMRG_19272	217	217	1.6e-05
GRCh38_CMRG_26594	217	217	0.0
GRCh38_CMRG_32022	217	217	0.0
GRCh38_CMRG_34359	217	217	0.003509
GRCh38_CMRG_38139	217	217	0.0
GRCh38_CMRG_38224	217	217	0.0
GRCh38_CMRG_47557	217	217	0.224013
GRCh38_CMRG_49835	217	217	0.031075
GRCh38_CMRG_60167	217	217	0.0
GRCh38_CMRG_62173	217	217	0.0
GRCh38_CMRG_67037	217	217	0.0
GRCh38_CMRG_70895	217	217	0.12991
GRCh38_CMRG_81852	217	217	0.0
GRCh38_CMRG_83802	217	217	0.036239
GRCh38_CMRG_84443	217	217	1.04332e-05
GRCh38_CMRG_8795	217	217	0.079348
GRCh38_CMRG_24865	216	216	3e-05
GRCh38_CMRG_27961	216	216	0.0
GRCh38_CMRG_28294	216	216	0.000312
GRCh38_CMRG_32838	216	216	0.0
GRCh38_CMRG_38082	216	216	0.0
GRCh38_CMRG_48573	216	216	0.0
GRCh38_CMRG_49042	216	216	0.175096
GRCh38_CMRG_49833	216	216	0.031075
GRCh38_CMRG_53485	216	216	0.00142
GRCh38_CMRG_70086	216	216	0.000165
GRCh38_CMRG_71187	216	216	0.001009
GRCh38_CMRG_7257	216	216	0.0
GRCh38_CMRG_7467	216	216	0.0
GRCh38_CMRG_7667	216	216	0.0
GRCh38_CMRG_8298	216	216	0.177281
GRCh38_CMRG_83807	216	216	0.0
GRCh38_CMRG_84511	216	216	0.0
GRCh38_CMRG_23690	215	215	0.0
GRCh38_CMRG_23942	215	215	0.0
GRCh38_CMRG_28240	215	215	0.635197
GRCh38_CMRG_28394	215	215	0.0
GRCh38_CMRG_31322	215	215	1e-05
GRCh38_CMRG_51223	215	215	0.0
GRCh38_CMRG_51414	215	215	0.123322
GRCh38_CMRG_53941	215	215	0.235796
GRCh38_CMRG_58572	215	215	0.0
GRCh38_CMRG_638	215	215	0.004093
GRCh38_CMRG_64896	215	215	0.008023
GRCh38_CMRG_72371	215	215	0.0
GRCh38_CMRG_74346	215	215	0.000238
GRCh38_CMRG_75146	215	215	0.0
GRCh38_CMRG_81567	215	215	1.8e-05
GRCh38_CMRG_81624	215	215	0.002435
GRCh38_CMRG_9671	215	215	0.000684
GRCh38_CMRG_14683	214	214	0.0
GRCh38_CMRG_176	214	214	0.0
GRCh38_CMRG_2016	214	214	0.253645
GRCh38_CMRG_33367	214	214	0.0
GRCh38_CMRG_33949	214	214	0.506556
GRCh38_CMRG_40166	214	214	0.0
GRCh38_CMRG_50706	214	214	0.0
GRCh38_CMRG_52123	214	214	0.0
GRCh38_CMRG_62636	214	214	0.008714
GRCh38_CMRG_67928	214	214	2.4e-05
GRCh38_CMRG_76665	214	214	0.102567
GRCh38_CMRG_84243	214	214	0.00793587
GRCh38_CMRG_11788	213	213	0.000468
GRCh38_CMRG_13891	213	213	0.1279
GRCh38_CMRG_22677	213	213	0.005033
GRCh38_CMRG_23932	213	213	0.0
GRCh38_CMRG_28208	213	213	0.0
GRCh38_CMRG_28759	213	213	0.0
GRCh38_CMRG_33115	213	213	0.0
GRCh38_CMRG_33464	213	213	0.006144
GRCh38_CMRG_36300	213	213	0.049335
GRCh38_CMRG_37472	213	213	0.0
GRCh38_CMRG_42027	213	213	0.0
GRCh38_CMRG_60395	213	213	0.000235
GRCh38_CMRG_61107	213	213	0.002554
GRCh38_CMRG_65160	213	213	0.0
GRCh38_CMRG_67224	213	213	0.0
GRCh38_CMRG_69037	213	213	0.0
GRCh38_CMRG_72676	213	213	0.0
GRCh38_CMRG_82113	213	213	0.0
GRCh38_CMRG_84455	213	213	0.0
GRCh38_CMRG_162	212	212	0.0
GRCh38_CMRG_22277	212	212	0.0
GRCh38_CMRG_22933	212	212	0.193204
GRCh38_CMRG_22934	212	212	0.193204
GRCh38_CMRG_26184	212	212	0.0
GRCh38_CMRG_26338	212	212	0.364072
GRCh38_CMRG_27798	212	212	0.144113
GRCh38_CMRG_31865	212	212	0.0
GRCh38_CMRG_36838	212	212	0.0
GRCh38_CMRG_48433	212	212	0.0
GRCh38_CMRG_50853	212	212	1.6e-05
GRCh38_CMRG_55240	212	212	0.003745
GRCh38_CMRG_55384	212	212	9e-06
GRCh38_CMRG_5776	212	212	0.0
GRCh38_CMRG_64415	212	212	0.0
GRCh38_CMRG_65229	212	212	0.022385
GRCh38_CMRG_6671	212	212	0.0
GRCh38_CMRG_68642	212	212	0.000294
GRCh38_CMRG_74718	212	212	0.0
GRCh38_CMRG_78990	212	212	0.018092
GRCh38_CMRG_11286	211	211	0.057255
GRCh38_CMRG_17660	211	211	0.0
GRCh38_CMRG_32118	211	211	0.0
GRCh38_CMRG_37958	211	211	0.0
GRCh38_CMRG_42372	211	211	0.0
GRCh38_CMRG_45217	211	211	0.0
GRCh38_CMRG_45637	211	211	0.0
GRCh38_CMRG_48479	211	211	0.0
GRCh38_CMRG_48988	211	211	0.304747
GRCh38_CMRG_49479	211	211	0.0
GRCh38_CMRG_50798	211	211	0.222839
GRCh38_CMRG_59483	211	211	0.297173
GRCh38_CMRG_77398	211	211	0.0
GRCh38_CMRG_81692	211	211	0.0
GRCh38_CMRG_17570	210	210	0.371937
GRCh38_CMRG_24312	210	210	0.064424
GRCh38_CMRG_24462	210	210	0.054747
GRCh38_CMRG_24781	210	210	0.0
GRCh38_CMRG_25886	210	210	0.053435
GRCh38_CMRG_38514	210	210	0.0
GRCh38_CMRG_392	210	210	0.047455
GRCh38_CMRG_393	210	210	0.047455
GRCh38_CMRG_41660	210	210	0.0
GRCh38_CMRG_49342	210	210	0.225016
GRCh38_CMRG_51904	210	210	0.0
GRCh38_CMRG_59030	210	210	0.17066
GRCh38_CMRG_64676	210	210	0.0
GRCh38_CMRG_65543	210	210	0.0
GRCh38_CMRG_74095	210	210	0.0
GRCh38_CMRG_80801	210	210	0.0
GRCh38_CMRG_8691	210	210	0.0
GRCh38_CMRG_8965	210	210	0.498542
GRCh38_CMRG_11630	209	209	0.09309
GRCh38_CMRG_12941	209	209	0.0
GRCh38_CMRG_19254	209	209	0.079683
GRCh38_CMRG_25069	209	209	0.0
GRCh38_CMRG_34057	209	209	0.206517
GRCh38_CMRG_35816	209	209	0.0
GRCh38_CMRG_36187	209	209	0.0
GRCh38_CMRG_39949	209	209	0.0
GRCh38_CMRG_42442	209	209	0.000102
GRCh38_CMRG_47274	209	209	0.000166
GRCh38_CMRG_52365	209	209	0.010102
GRCh38_CMRG_63289	209	209	0.0
GRCh38_CMRG_68456	209	209	0.040738
GRCh38_CMRG_72935	209	209	0.0
GRCh38_CMRG_11334	208	208	0.170723
GRCh38_CMRG_11631	208	208	0.09309
GRCh38_CMRG_17121	208	208	0.0
GRCh38_CMRG_23105	208	208	4e-05
GRCh38_CMRG_32283	208	208	0.0
GRCh38_CMRG_34388	208	208	0.0
GRCh38_CMRG_36004	208	208	0.0
GRCh38_CMRG_38421	208	208	0.0
GRCh38_CMRG_67282	208	208	0.0
GRCh38_CMRG_68237	208	208	0.0
GRCh38_CMRG_7058	208	208	0.001873
GRCh38_CMRG_72090	208	208	0.0
GRCh38_CMRG_75234	208	208	0.0
GRCh38_CMRG_84274	208	208	0.0
GRCh38_CMRG_11199	207	207	0.076826
GRCh38_CMRG_12421	207	207	0.270598
GRCh38_CMRG_18791	207	207	0.0
GRCh38_CMRG_21929	207	207	0.237857
GRCh38_CMRG_23720	207	207	0.0
GRCh38_CMRG_24538	207	207	0.0
GRCh38_CMRG_28563	207	207	0.0
GRCh38_CMRG_29501	207	207	0.232506
GRCh38_CMRG_31236	207	207	0.0
GRCh38_CMRG_37886	207	207	0.0
GRCh38_CMRG_39603	207	207	0.0
GRCh38_CMRG_43998	207	207	0.0
GRCh38_CMRG_45336	207	207	0.0
GRCh38_CMRG_48996	207	207	0.0
GRCh38_CMRG_55733	207	207	8e-06
GRCh38_CMRG_59067	207	207	0.0
GRCh38_CMRG_61734	207	207	0.154523
GRCh38_CMRG_65071	207	207	0.0
GRCh38_CMRG_70325	207	207	0.0
GRCh38_CMRG_70844	207	207	0.0
GRCh38_CMRG_74231	207	207	0.199013
GRCh38_CMRG_77285	207	207	0.0
GRCh38_CMRG_83725	207	207	0.144543
GRCh38_CMRG_9721	207	207	0.000468
GRCh38_CMRG_155	206	206	0.0
GRCh38_CMRG_18425	206	206	0.0
GRCh38_CMRG_22363	206	206	0.0
GRCh38_CMRG_22999	206	206	0.0
GRCh38_CMRG_24704	206	206	0.000143
GRCh38_CMRG_2900	206	206	0.651003
GRCh38_CMRG_34737	206	206	0.001225
GRCh38_CMRG_45459	206	206	0.0
GRCh38_CMRG_45813	206	206	0.0
GRCh38_CMRG_49453	206	206	0.0
GRCh38_CMRG_55322	206	206	0.0
GRCh38_CMRG_59390	206	206	0.0
GRCh38_CMRG_62462	206	206	0.0
GRCh38_CMRG_64651	206	206	0.12512
GRCh38_CMRG_66111	206	206	0.014678
GRCh38_CMRG_68918	206	206	0.0
GRCh38_CMRG_7079	206	206	0.0
GRCh38_CMRG_72920	206	206	0.0
GRCh38_CMRG_79295	206	206	0.018092
GRCh38_CMRG_80013	206	206	0.0
GRCh38_CMRG_83828	206	206	0.0
GRCh38_CMRG_9126	206	206	0.000468
GRCh38_CMRG_19271	205	205	0.0
GRCh38_CMRG_22483	205	205	0.134392
GRCh38_CMRG_24134	205	205	0.452232
GRCh38_CMRG_26663	205	205	0.224157
GRCh38_CMRG_26849	205	205	0.190252
GRCh38_CMRG_28114	205	205	0.0
GRCh38_CMRG_30051	205	205	0.0
GRCh38_CMRG_31379	205	205	0.135506
GRCh38_CMRG_32203	205	205	0.0
GRCh38_CMRG_33180	205	205	0.0
GRCh38_CMRG_49015	205	205	0.0
GRCh38_CMRG_60442	205	205	0.0
GRCh38_CMRG_6533	205	205	0.076133
GRCh38_CMRG_66059	205	205	0.0
GRCh38_CMRG_68384	205	205	0.0
GRCh38_CMRG_68852	205	205	0.0
GRCh38_CMRG_6895	205	205	0.0
GRCh38_CMRG_69367	205	205	0.127777
GRCh38_CMRG_70357	205	205	0.0
GRCh38_CMRG_7065	205	205	0.0
GRCh38_CMRG_7468	205	205	0.0
GRCh38_CMRG_77383	205	205	0.0
GRCh38_CMRG_80032	205	205	0.097969
GRCh38_CMRG_81720	205	205	0.0
GRCh38_CMRG_13484	204	204	0.0
GRCh38_CMRG_1361	204	204	0.169503
GRCh38_CMRG_13750	204	204	0.009109
GRCh38_CMRG_15605	204	204	0.0
GRCh38_CMRG_18055	204	204	0.137074
GRCh38_CMRG_49565	204	204	0.47783
GRCh38_CMRG_49566	204	204	0.47783
GRCh38_CMRG_51196	204	204	0.220228
GRCh38_CMRG_52567	204	204	0.022072
GRCh38_CMRG_60092	204	204	0.0
GRCh38_CMRG_60785	204	204	0.0
GRCh38_CMRG_61944	204	204	0.0
GRCh38_CMRG_65850	204	204	0.0
GRCh38_CMRG_664	204	204	0.165653
GRCh38_CMRG_67632	204	204	0.0
GRCh38_CMRG_74180	204	204	5.7e-05
GRCh38_CMRG_74565	204	204	1.0
GRCh38_CMRG_7466	204	204	0.0
GRCh38_CMRG_77293	204	204	0.0
GRCh38_CMRG_77693	204	204	0.0
GRCh38_CMRG_80988	204	204	0.0
GRCh38_CMRG_11265	203	203	0.19561
GRCh38_CMRG_16489	203	203	0.0
GRCh38_CMRG_19806	203	203	0.0
GRCh38_CMRG_22242	203	203	0.099587
GRCh38_CMRG_24141	203	203	0.452232
GRCh38_CMRG_2430	203	203	0.0
GRCh38_CMRG_29062	203	203	0.281923
GRCh38_CMRG_32491	203	203	0.13309
GRCh38_CMRG_34425	203	203	0.000588
GRCh38_CMRG_36590	203	203	0.10942
GRCh38_CMRG_37630	203	203	7.4e-05
GRCh38_CMRG_44333	203	203	0.0
GRCh38_CMRG_46247	203	203	0.125419
GRCh38_CMRG_49329	203	203	0.0
GRCh38_CMRG_53513	203	203	0.0
GRCh38_CMRG_54437	203	203	0.0
GRCh38_CMRG_55366	203	203	0.0
GRCh38_CMRG_59988	203	203	0.026722
GRCh38_CMRG_68007	203	203	0.0
GRCh38_CMRG_68494	203	203	0.0
GRCh38_CMRG_70242	203	203	0.0
GRCh38_CMRG_7455	203	203	0.0
GRCh38_CMRG_77653	203	203	0.0
GRCh38_CMRG_80050	203	203	0.0
GRCh38_CMRG_153	202	202	0.0
GRCh38_CMRG_18562	202	202	0.0
GRCh38_CMRG_22898	202	202	0.000151
GRCh38_CMRG_24325	202	202	0.0
GRCh38_CMRG_26248	202	202	0.0
GRCh38_CMRG_28831	202	202	0.0
GRCh38_CMRG_30811	202	202	0.0
GRCh38_CMRG_32478	202	202	0.0
GRCh38_CMRG_36341	202	202	0.085258
GRCh38_CMRG_40957	202	202	0.0
GRCh38_CMRG_41821	202	202	1.7e-05
GRCh38_CMRG_53703	202	202	0.028138
GRCh38_CMRG_54322	202	202	0.0
GRCh38_CMRG_5814	202	202	0.0
GRCh38_CMRG_6627	202	202	0.0
GRCh38_CMRG_79408	202	202	0.018092
GRCh38_CMRG_100	201	201	0.0
GRCh38_CMRG_13741	201	201	0.0
GRCh38_CMRG_22865	201	201	0.14863
GRCh38_CMRG_22908	201	201	0.0
GRCh38_CMRG_23239	201	201	0.498168
GRCh38_CMRG_23930	201	201	0.0
GRCh38_CMRG_24065	201	201	0.000256
GRCh38_CMRG_40023	201	201	0.089315
GRCh38_CMRG_42316	201	201	0.000266
GRCh38_CMRG_45532	201	201	0.0
GRCh38_CMRG_46442	201	201	0.0
GRCh38_CMRG_48083	201	201	0.0
GRCh38_CMRG_48677	201	201	0.026496
GRCh38_CMRG_51167	201	201	0.0
GRCh38_CMRG_53268	201	201	0.367565
GRCh38_CMRG_54441	201	201	0.0
GRCh38_CMRG_58308	201	201	0.0
GRCh38_CMRG_64796	201	201	0.003122
GRCh38_CMRG_65107	201	201	0.000763
GRCh38_CMRG_67333	201	201	0.0
GRCh38_CMRG_70773	201	201	0.0
GRCh38_CMRG_72491	201	201	8e-06
GRCh38_CMRG_81837	201	201	0.0
GRCh38_CMRG_9315	201	201	0.000468
GRCh38_CMRG_11078	200	200	0.047659
GRCh38_CMRG_14673	200	200	0.0
GRCh38_CMRG_17464	200	200	0.0
GRCh38_CMRG_23944	200	200	0.545898
GRCh38_CMRG_29335	200	200	0.0
GRCh38_CMRG_29625	200	200	0.001873
GRCh38_CMRG_30999	200	200	0.0
GRCh38_CMRG_31015	200	200	0.000444
GRCh38_CMRG_32430	200	200	0.0
GRCh38_CMRG_33703	200	200	0.0
GRCh38_CMRG_35548	200	200	0.0
GRCh38_CMRG_35549	200	200	0.0
GRCh38_CMRG_38452	200	200	0.485014
GRCh38_CMRG_38663	200	200	0.0
GRCh38_CMRG_42376	200	200	0.0
GRCh38_CMRG_49021	200	200	0.0
GRCh38_CMRG_50360	200	200	1.0
GRCh38_CMRG_64790	200	200	0.10256
GRCh38_CMRG_65905	200	200	0.0
GRCh38_CMRG_70311	200	200	0.218453
GRCh38_CMRG_77692	200	200	0.0
GRCh38_CMRG_83713	200	200	0.450569
GRCh38_CMRG_9352	200	200	0.883241
GRCh38_CMRG_22210	199	199	0.095179
GRCh38_CMRG_23907	199	199	0.0
GRCh38_CMRG_2395	199	199	0.0
GRCh38_CMRG_2472	199	199	0.20603
GRCh38_CMRG_28029	199	199	0.443975
GRCh38_CMRG_34663	199	199	0.0
GRCh38_CMRG_36601	199	199	0.154795
GRCh38_CMRG_37689	199	199	0.0
GRCh38_CMRG_41901	199	199	0.143995
GRCh38_CMRG_48460	199	199	0.029958
GRCh38_CMRG_55551	199	199	0.0
GRCh38_CMRG_60610	199	199	0.0
GRCh38_CMRG_64558	199	199	0.0
GRCh38_CMRG_68137	199	199	0.0
GRCh38_CMRG_69919	199	199	0.0
GRCh38_CMRG_72609	199	199	0.001777
GRCh38_CMRG_73122	199	199	0.0
GRCh38_CMRG_7745	199	199	0.28702
GRCh38_CMRG_79188	199	199	0.018092
GRCh38_CMRG_803	199	199	0.123252
GRCh38_CMRG_81532	199	199	0.137472
GRCh38_CMRG_8301	199	199	0.147194
GRCh38_CMRG_83379	199	199	0.001093
GRCh38_CMRG_12571	198	198	0.0
GRCh38_CMRG_13866	198	198	3.2e-05
GRCh38_CMRG_18906	198	198	0.0
GRCh38_CMRG_23681	198	198	0.0
GRCh38_CMRG_27683	198	198	0.388223
GRCh38_CMRG_32315	198	198	2.4e-05
GRCh38_CMRG_33271	198	198	0.0
GRCh38_CMRG_38516	198	198	0.0
GRCh38_CMRG_41678	198	198	0.007445
GRCh38_CMRG_49316	198	198	0.0
GRCh38_CMRG_68486	198	198	0.0
GRCh38_CMRG_79704	198	198	0.0
GRCh38_CMRG_8374	198	198	0.0
GRCh38_CMRG_83918	198	198	0.0
GRCh38_CMRG_8973	198	198	0.171978
GRCh38_CMRG_13058	197	197	0.014254
GRCh38_CMRG_14243	197	197	0.11236
GRCh38_CMRG_17203	197	197	0.333333
GRCh38_CMRG_25762	197	197	0.0
GRCh38_CMRG_27791	197	197	0.0
GRCh38_CMRG_29045	197	197	0.000175
GRCh38_CMRG_29220	197	197	0.11102
GRCh38_CMRG_37422	197	197	0.0
GRCh38_CMRG_38003	197	197	0.0
GRCh38_CMRG_51696	197	197	0.000254
GRCh38_CMRG_5811	197	197	0.0
GRCh38_CMRG_59461	197	197	0.0
GRCh38_CMRG_63442	197	197	0.000193
GRCh38_CMRG_64838	197	197	0.0
GRCh38_CMRG_72157	197	197	0.0
GRCh38_CMRG_73230	197	197	0.0
GRCh38_CMRG_80051	197	197	0.0
GRCh38_CMRG_83247	197	197	0.604167
GRCh38_CMRG_11198	196	196	0.076826
GRCh38_CMRG_112	196	196	0.0
GRCh38_CMRG_163	196	196	0.0
GRCh38_CMRG_17852	196	196	0.000267
GRCh38_CMRG_29670	196	196	0.0
GRCh38_CMRG_29740	196	196	0.0
GRCh38_CMRG_29975	196	196	0.0
GRCh38_CMRG_35873	196	196	0.010136
GRCh38_CMRG_36740	196	196	0.057692
GRCh38_CMRG_38580	196	196	0.016735
GRCh38_CMRG_41229	196	196	0.156679
GRCh38_CMRG_52014	196	196	8e-06
GRCh38_CMRG_52177	196	196	0.450859
GRCh38_CMRG_59527	196	196	0.279495
GRCh38_CMRG_59551	196	196	0.000188
GRCh38_CMRG_60774	196	196	0.0
GRCh38_CMRG_68319	196	196	0.0
GRCh38_CMRG_73284	196	196	0.007446
GRCh38_CMRG_73440	196	196	0.690205
GRCh38_CMRG_83378	196	196	0.001093
GRCh38_CMRG_8482	196	196	0.0
GRCh38_CMRG_1020	195	195	0.029233
GRCh38_CMRG_12100	195	195	0.0
GRCh38_CMRG_2646	195	195	0.208228
GRCh38_CMRG_2647	195	195	0.208228
GRCh38_CMRG_27658	195	195	0.0
GRCh38_CMRG_28130	195	195	0.0
GRCh38_CMRG_31988	195	195	0.0
GRCh38_CMRG_33328	195	195	0.0
GRCh38_CMRG_36788	195	195	0.172379
GRCh38_CMRG_39321	195	195	0.0
GRCh38_CMRG_46191	195	195	0.0
GRCh38_CMRG_6046	195	195	0.5
GRCh38_CMRG_63279	195	195	0.0
GRCh38_CMRG_64354	195	195	0.35
GRCh38_CMRG_65095	195	195	8e-06
GRCh38_CMRG_65848	195	195	0.0
GRCh38_CMRG_7055	195	195	0.0
GRCh38_CMRG_71439	195	195	0.316515
GRCh38_CMRG_71808	195	195	3.9e-05
GRCh38_CMRG_72263	195	195	0.393808
GRCh38_CMRG_11789	194	194	0.000468
GRCh38_CMRG_12420	194	194	0.270598
GRCh38_CMRG_12891	194	194	0.0
GRCh38_CMRG_2071	194	194	0.238502
GRCh38_CMRG_41672	194	194	0.003286
GRCh38_CMRG_48740	194	194	0.0
GRCh38_CMRG_48969	194	194	0.0
GRCh38_CMRG_51134	194	194	0.0
GRCh38_CMRG_52717	194	194	0.0
GRCh38_CMRG_52718	194	194	0.0
GRCh38_CMRG_54398	194	194	0.0
GRCh38_CMRG_55354	194	194	0.0
GRCh38_CMRG_55572	194	194	0.0
GRCh38_CMRG_62312	194	194	0.0
GRCh38_CMRG_67674	194	194	0.0
GRCh38_CMRG_68853	194	194	0.0
GRCh38_CMRG_6929	194	194	0.0
GRCh38_CMRG_81880	194	194	0.0
GRCh38_CMRG_82704	194	194	0.303177
GRCh38_CMRG_14952	193	193	0.0
GRCh38_CMRG_2409	193	193	0.157824
GRCh38_CMRG_25820	193	193	0.0
GRCh38_CMRG_2672	193	193	0.187606
GRCh38_CMRG_29576	193	193	0.105526
GRCh38_CMRG_31376	193	193	0.0
GRCh38_CMRG_33454	193	193	0.006144
GRCh38_CMRG_36723	193	193	0.10457
GRCh38_CMRG_45768	193	193	7.1e-05
GRCh38_CMRG_47599	193	193	0.000675
GRCh38_CMRG_49396	193	193	0.0
GRCh38_CMRG_51241	193	193	0.000625
GRCh38_CMRG_52242	193	193	0.08095
GRCh38_CMRG_53275	193	193	0.21858
GRCh38_CMRG_67673	193	193	0.0
GRCh38_CMRG_72453	193	193	0.0
GRCh38_CMRG_74040	193	193	0.003498
GRCh38_CMRG_83380	193	193	0.001093
GRCh38_CMRG_83990	193	193	0.0
GRCh38_CMRG_17831	192	192	0.007152
GRCh38_CMRG_18015	192	192	0.0
GRCh38_CMRG_24571	192	192	0.0
GRCh38_CMRG_2593	192	192	0.150157
GRCh38_CMRG_2594	192	192	0.150157
GRCh38_CMRG_27557	192	192	0.0
GRCh38_CMRG_29663	192	192	0.0
GRCh38_CMRG_31523	192	192	0.0
GRCh38_CMRG_38076	192	192	0.0
GRCh38_CMRG_42546	192	192	0.441632
GRCh38_CMRG_50319	192	192	0.237831
GRCh38_CMRG_55814	192	192	1.8e-05
GRCh38_CMRG_65725	192	192	0.0
GRCh38_CMRG_73109	192	192	0.148276
GRCh38_CMRG_74248	192	192	0.210932
GRCh38_CMRG_77492	192	192	0.000925
GRCh38_CMRG_80048	192	192	0.001766
GRCh38_CMRG_81806	192	192	0.151393
GRCh38_CMRG_8266	192	192	0.0
GRCh38_CMRG_84119	192	192	0.158987
GRCh38_CMRG_11499	191	191	0.000468
GRCh38_CMRG_17056	191	191	0.0
GRCh38_CMRG_18593	191	191	0.237005
GRCh38_CMRG_21763	191	191	0.237857
GRCh38_CMRG_23015	191	191	0.0
GRCh38_CMRG_28119	191	191	0.0
GRCh38_CMRG_28120	191	191	0.0
GRCh38_CMRG_28796	191	191	0.000111
GRCh38_CMRG_2880	191	191	0.221496
GRCh38_CMRG_32245	191	191	8e-05
GRCh38_CMRG_33458	191	191	0.006144
GRCh38_CMRG_34394	191	191	0.0
GRCh38_CMRG_34863	191	191	0.8694
GRCh38_CMRG_39261	191	191	0.0
GRCh38_CMRG_43823	191	191	0.0
GRCh38_CMRG_49298	191	191	0.0
GRCh38_CMRG_54858	191	191	0.0
GRCh38_CMRG_61468	191	191	0.0
GRCh38_CMRG_63299	191	191	0.0
GRCh38_CMRG_64670	191	191	0.0
GRCh38_CMRG_64782	191	191	0.0
GRCh38_CMRG_6658	191	191	0.0
GRCh38_CMRG_67672	191	191	0.0
GRCh38_CMRG_67789	191	191	0.001847
GRCh38_CMRG_68022	191	191	0.290046
GRCh38_CMRG_70109	191	191	4e-05
GRCh38_CMRG_73495	191	191	0.000416
GRCh38_CMRG_77073	191	191	0.0
GRCh38_CMRG_77591	191	191	0.0
GRCh38_CMRG_79039	191	191	0.145606
GRCh38_CMRG_81757	191	191	0.0
GRCh38_CMRG_83310	191	191	0.0
GRCh38_CMRG_83914	191	191	0.184713
GRCh38_CMRG_11517	190	190	0.112564
GRCh38_CMRG_1424	190	190	0.0
GRCh38_CMRG_15551	190	190	0.0
GRCh38_CMRG_1653	190	190	9e-06
GRCh38_CMRG_18305	190	190	0.0
GRCh38_CMRG_21066	190	190	0.17381
GRCh38_CMRG_21920	190	190	0.237857
GRCh38_CMRG_22680	190	190	0.005033
GRCh38_CMRG_28027	190	190	0.051735
GRCh38_CMRG_31439	190	190	0.0
GRCh38_CMRG_35770	190	190	0.0
GRCh38_CMRG_37744	190	190	0.0
GRCh38_CMRG_37898	190	190	0.0
GRCh38_CMRG_38787	190	190	0.0
GRCh38_CMRG_40366	190	190	0.5
GRCh38_CMRG_41823	190	190	0.000112
GRCh38_CMRG_43871	190	190	0.71688
GRCh38_CMRG_44626	190	190	0.0
GRCh38_CMRG_46097	190	190	0.0
GRCh38_CMRG_49802	190	190	0.211355
GRCh38_CMRG_53190	190	190	0.0
GRCh38_CMRG_6870	190	190	0.0
GRCh38_CMRG_83715	190	190	0.450569
GRCh38_CMRG_13333	189	189	0.0
GRCh38_CMRG_14114	189	189	0.0
GRCh38_CMRG_18142	189	189	0.27156
GRCh38_CMRG_2207	189	189	0.0
GRCh38_CMRG_23553	189	189	0.0
GRCh38_CMRG_26021	189	189	0.09335
GRCh38_CMRG_31998	189	189	0.0
GRCh38_CMRG_37167	189	189	0.220498
GRCh38_CMRG_38652	189	189	0.018285
GRCh38_CMRG_40642	189	189	0.35144
GRCh38_CMRG_42374	189	189	0.003739
GRCh38_CMRG_45522	189	189	0.0
GRCh38_CMRG_50799	189	189	0.222839
GRCh38_CMRG_52518	189	189	0.0
GRCh38_CMRG_55218	189	189	0.170781
GRCh38_CMRG_55422	189	189	0.0
GRCh38_CMRG_60149	189	189	0.0
GRCh38_CMRG_6509	189	189	0.094177
GRCh38_CMRG_65404	189	189	0.10472
GRCh38_CMRG_70057	189	189	0.15869
GRCh38_CMRG_70355	189	189	0.0
GRCh38_CMRG_72095	189	189	0.0
GRCh38_CMRG_7616	189	189	0.000301
GRCh38_CMRG_79855	189	189	0.0
GRCh38_CMRG_82145	189	189	0.0
GRCh38_CMRG_8577	189	189	0.0
GRCh38_CMRG_13308	188	188	0.0
GRCh38_CMRG_14738	188	188	0.141433
GRCh38_CMRG_23689	188	188	0.0
GRCh38_CMRG_28190	188	188	0.0
GRCh38_CMRG_31685	188	188	0.33725
GRCh38_CMRG_42259	188	188	0.178388
GRCh38_CMRG_44838	188	188	0.0
GRCh38_CMRG_49028	188	188	0.0
GRCh38_CMRG_52364	188	188	0.010102
GRCh38_CMRG_61821	188	188	0.91229
GRCh38_CMRG_63903	188	188	0.000381
GRCh38_CMRG_65092	188	188	0.024821
GRCh38_CMRG_82485	188	188	0.0
GRCh38_CMRG_2116	187	187	0.156481
GRCh38_CMRG_22529	187	187	0.0
GRCh38_CMRG_22610	187	187	0.0
GRCh38_CMRG_23943	187	187	0.545898
GRCh38_CMRG_24162	187	187	0.0
GRCh38_CMRG_25188	187	187	0.000781
GRCh38_CMRG_28026	187	187	0.051735
GRCh38_CMRG_28506	187	187	0.0
GRCh38_CMRG_28792	187	187	0.09128
GRCh38_CMRG_32055	187	187	0.0
GRCh38_CMRG_36770	187	187	0.001717
GRCh38_CMRG_39394	187	187	8e-06
GRCh38_CMRG_39654	187	187	0.0
GRCh38_CMRG_40684	187	187	0.0
GRCh38_CMRG_48483	187	187	0.094849
GRCh38_CMRG_50153	187	187	0.132532
GRCh38_CMRG_52741	187	187	1.6e-05
GRCh38_CMRG_67128	187	187	0.0
GRCh38_CMRG_6776	187	187	0.0
GRCh38_CMRG_68057	187	187	0.0
GRCh38_CMRG_70745	187	187	0.194273
GRCh38_CMRG_75584	187	187	2.4e-05
GRCh38_CMRG_79184	187	187	0.151583
GRCh38_CMRG_81664	187	187	0.0
GRCh38_CMRG_82995	187	187	0.0
GRCh38_CMRG_83589	187	187	0.148535
GRCh38_CMRG_84009	187	187	0.244453
GRCh38_CMRG_1364	186	186	0.0
GRCh38_CMRG_18264	186	186	0.189192
GRCh38_CMRG_23680	186	186	0.0
GRCh38_CMRG_24958	186	186	0.0
GRCh38_CMRG_25370	186	186	0.0
GRCh38_CMRG_29738	186	186	0.0
GRCh38_CMRG_32021	186	186	0.0
GRCh38_CMRG_34788	186	186	0.0
GRCh38_CMRG_36823	186	186	0.0
GRCh38_CMRG_38513	186	186	0.0
GRCh38_CMRG_39855	186	186	0.002116
GRCh38_CMRG_55119	186	186	7.7e-05
GRCh38_CMRG_55678	186	186	0.0
GRCh38_CMRG_67579	186	186	0.0
GRCh38_CMRG_72363	186	186	0.24031
GRCh38_CMRG_83696	186	186	0.0
GRCh38_CMRG_9351	186	186	0.883241
GRCh38_CMRG_18436	185	185	0.0
GRCh38_CMRG_2001	185	185	0.0
GRCh38_CMRG_24053	185	185	0.306621
GRCh38_CMRG_24063	185	185	0.0
GRCh38_CMRG_2771	185	185	0.0
GRCh38_CMRG_31323	185	185	1e-05
GRCh38_CMRG_32090	185	185	0.000235
GRCh38_CMRG_32954	185	185	0.0
GRCh38_CMRG_32955	185	185	0.0
GRCh38_CMRG_33000	185	185	0.0
GRCh38_CMRG_38140	185	185	0.003382
GRCh38_CMRG_38537	185	185	0.116609
GRCh38_CMRG_38657	185	185	0.001199
GRCh38_CMRG_42538	185	185	0.0
GRCh38_CMRG_44164	185	185	0.0
GRCh38_CMRG_44912	185	185	0.0
GRCh38_CMRG_45345	185	185	0.0
GRCh38_CMRG_51416	185	185	0.0
GRCh38_CMRG_52196	185	185	0.0
GRCh38_CMRG_55602	185	185	5.8e-05
GRCh38_CMRG_6099	185	185	9.9e-05
GRCh38_CMRG_69305	185	185	0.0
GRCh38_CMRG_69379	185	185	0.09694
GRCh38_CMRG_72331	185	185	8e-06
GRCh38_CMRG_73027	185	185	0.006179
GRCh38_CMRG_73332	185	185	0.371202
GRCh38_CMRG_73522	185	185	0.0
GRCh38_CMRG_74321	185	185	0.0
GRCh38_CMRG_7869	185	185	0.0
GRCh38_CMRG_78959	185	185	0.179043
GRCh38_CMRG_79265	185	185	0.018092
GRCh38_CMRG_81364	185	185	0.0
GRCh38_CMRG_81796	185	185	0.0
GRCh38_CMRG_83693	185	185	0.141459
GRCh38_CMRG_13458	184	184	0.0
GRCh38_CMRG_18083	184	184	0.092792
GRCh38_CMRG_18468	184	184	0.0
GRCh38_CMRG_24408	184	184	0.4535
GRCh38_CMRG_29641	184	184	0.0
GRCh38_CMRG_33558	184	184	0.0
GRCh38_CMRG_38254	184	184	0.0
GRCh38_CMRG_42549	184	184	0.0
GRCh38_CMRG_47237	184	184	0.0
GRCh38_CMRG_49836	184	184	0.016293
GRCh38_CMRG_55573	184	184	0.0
GRCh38_CMRG_55638	184	184	0.0
GRCh38_CMRG_58309	184	184	0.0
GRCh38_CMRG_62283	184	184	0.036069
GRCh38_CMRG_62374	184	184	0.0
GRCh38_CMRG_65204	184	184	0.0
GRCh38_CMRG_67611	184	184	0.0
GRCh38_CMRG_67993	184	184	0.0
GRCh38_CMRG_81586	184	184	0.0
GRCh38_CMRG_82534	184	184	0.21883
GRCh38_CMRG_82535	184	184	0.21883
GRCh38_CMRG_82705	184	184	0.303177
GRCh38_CMRG_83798	184	184	0.036239
GRCh38_CMRG_9082	184	184	0.000468
GRCh38_CMRG_14639	183	183	0.001318
GRCh38_CMRG_14921	183	183	0.129555
GRCh38_CMRG_16599	183	183	0.0
GRCh38_CMRG_17574	183	183	0.000775
GRCh38_CMRG_18224	183	183	1.6e-05
GRCh38_CMRG_2441	183	183	0.213893
GRCh38_CMRG_27704	183	183	0.0
GRCh38_CMRG_28067	183	183	0.004301
GRCh38_CMRG_38069	183	183	0.0
GRCh38_CMRG_41662	183	183	0.0
GRCh38_CMRG_41859	183	183	0.285054
GRCh38_CMRG_46520	183	183	0.089098
GRCh38_CMRG_52520	183	183	0.0
GRCh38_CMRG_54145	183	183	0.004407
GRCh38_CMRG_54546	183	183	0.175325
GRCh38_CMRG_55493	183	183	0.0
GRCh38_CMRG_55531	183	183	0.456458
GRCh38_CMRG_59283	183	183	0.0
GRCh38_CMRG_59334	183	183	0.001204
GRCh38_CMRG_61449	183	183	0.0
GRCh38_CMRG_63868	183	183	0.0
GRCh38_CMRG_67094	183	183	0.203191
GRCh38_CMRG_68833	183	183	0.0
GRCh38_CMRG_70797	183	183	0.378947
GRCh38_CMRG_73076	183	183	0.0
GRCh38_CMRG_75127	183	183	0.0
GRCh38_CMRG_76909	183	183	0.499443
GRCh38_CMRG_79413	183	183	0.018092
GRCh38_CMRG_84074	183	183	0.73019
GRCh38_CMRG_9614	183	183	0.029777
GRCh38_CMRG_1048	182	182	0.058576
GRCh38_CMRG_13693	182	182	0.0
GRCh38_CMRG_23908	182	182	0.0
GRCh38_CMRG_27418	182	182	0.0
GRCh38_CMRG_28149	182	182	0.000148
GRCh38_CMRG_28537	182	182	0.62713
GRCh38_CMRG_32162	182	182	0.0
GRCh38_CMRG_34738	182	182	0.23894
GRCh38_CMRG_36588	182	182	0.10169
GRCh38_CMRG_38342	182	182	0.0
GRCh38_CMRG_41027	182	182	0.182034
GRCh38_CMRG_45519	182	182	0.0
GRCh38_CMRG_47783	182	182	3.4e-05
GRCh38_CMRG_48076	182	182	0.0
GRCh38_CMRG_61147	182	182	0.0
GRCh38_CMRG_64809	182	182	0.0
GRCh38_CMRG_65075	182	182	0.000648
GRCh38_CMRG_65102	182	182	8e-06
GRCh38_CMRG_65548	182	182	0.0
GRCh38_CMRG_68686	182	182	0.0
GRCh38_CMRG_68976	182	182	0.107824
GRCh38_CMRG_7063	182	182	0.0
GRCh38_CMRG_72330	182	182	8e-06
GRCh38_CMRG_7657	182	182	0.0
GRCh38_CMRG_77286	182	182	0.0
GRCh38_CMRG_77730	182	182	7.4e-05
GRCh38_CMRG_82653	182	182	0.000223
GRCh38_CMRG_83524	182	182	0.0
GRCh38_CMRG_83818	182	182	0.163227
GRCh38_CMRG_8412	182	182	0.150217
GRCh38_CMRG_1102	181	181	0.0
GRCh38_CMRG_12135	181	181	0.121816
GRCh38_CMRG_22599	181	181	0.0
GRCh38_CMRG_26313	181	181	0.0
GRCh38_CMRG_31626	181	181	0.0
GRCh38_CMRG_34571	181	181	0.0
GRCh38_CMRG_40913	181	181	0.147334
GRCh38_CMRG_42241	181	181	0.104247
GRCh38_CMRG_43764	181	181	0.0
GRCh38_CMRG_496	181	181	0.0
GRCh38_CMRG_50364	181	181	0.0
GRCh38_CMRG_52205	181	181	8e-06
GRCh38_CMRG_54557	181	181	0.200215
GRCh38_CMRG_54694	181	181	0.001969
GRCh38_CMRG_58562	181	181	0.0
GRCh38_CMRG_62187	181	181	0.569742
GRCh38_CMRG_70771	181	181	0.0
GRCh38_CMRG_80035	181	181	5.6e-05
GRCh38_CMRG_82363	181	181	0.0
GRCh38_CMRG_82364	181	181	0.0
GRCh38_CMRG_83889	181	181	0.438869
GRCh38_CMRG_8448	181	181	0.0
GRCh38_CMRG_10879	180	180	0.047659
GRCh38_CMRG_1580	180	180	0.0
GRCh38_CMRG_31760	180	180	0.000191
GRCh38_CMRG_39536	180	180	0.0
GRCh38_CMRG_45071	180	180	0.0
GRCh38_CMRG_45857	180	180	0.085233
GRCh38_CMRG_48698	180	180	0.011413
GRCh38_CMRG_494	180	180	0.0
GRCh38_CMRG_51232	180	180	0.163389
GRCh38_CMRG_60316	180	180	0.0
GRCh38_CMRG_60361	180	180	0.0
GRCh38_CMRG_61474	180	180	0.012745
GRCh38_CMRG_67932	180	180	2.4e-05
GRCh38_CMRG_68158	180	180	0.0
GRCh38_CMRG_68827	180	180	0.10114
GRCh38_CMRG_7342	180	180	0.000227
GRCh38_CMRG_75428	180	180	0.24151
GRCh38_CMRG_7800	180	180	0.0
GRCh38_CMRG_82242	180	180	5.6e-05
GRCh38_CMRG_8406	180	180	0.0
GRCh38_CMRG_11580	179	179	0.000468
GRCh38_CMRG_1416	179	179	0.0
GRCh38_CMRG_21213	179	179	0.342007
GRCh38_CMRG_21214	179	179	0.342007
GRCh38_CMRG_21486	179	179	0.237857
GRCh38_CMRG_30815	179	179	0.0
GRCh38_CMRG_35684	179	179	0.0
GRCh38_CMRG_37486	179	179	0.057474
GRCh38_CMRG_38309	179	179	0.0
GRCh38_CMRG_52653	179	179	0.0
GRCh38_CMRG_58990	179	179	0.169324
GRCh38_CMRG_59675	179	179	0.040718
GRCh38_CMRG_65293	179	179	0.002554
GRCh38_CMRG_70851	179	179	0.0
GRCh38_CMRG_73493	179	179	0.000196
GRCh38_CMRG_75007	179	179	0.0
GRCh38_CMRG_75148	179	179	0.0
GRCh38_CMRG_76706	179	179	0.000873
GRCh38_CMRG_79527	179	179	0.501513
GRCh38_CMRG_81035	179	179	0.427771
GRCh38_CMRG_13516	178	178	0.0
GRCh38_CMRG_15339	178	178	0.000107
GRCh38_CMRG_1601	178	178	0.000333
GRCh38_CMRG_22678	178	178	0.005033
GRCh38_CMRG_2276	178	178	0.0
GRCh38_CMRG_23339	178	178	0.0
GRCh38_CMRG_24161	178	178	0.003324
GRCh38_CMRG_29105	178	178	0.5
GRCh38_CMRG_38976	178	178	0.1
GRCh38_CMRG_52618	178	178	0.0
GRCh38_CMRG_52619	178	178	0.0
GRCh38_CMRG_54964	178	178	8e-06
GRCh38_CMRG_59153	178	178	0.18801
GRCh38_CMRG_62617	178	178	0.0
GRCh38_CMRG_65447	178	178	0.0
GRCh38_CMRG_67010	178	178	0.0
GRCh38_CMRG_6985	178	178	0.0
GRCh38_CMRG_73421	178	178	0.0
GRCh38_CMRG_81693	178	178	0.087157
GRCh38_CMRG_83811	178	178	0.0
GRCh38_CMRG_12461	177	177	0.000676
GRCh38_CMRG_12525	177	177	0.041309
GRCh38_CMRG_18818	177	177	0.0
GRCh38_CMRG_18830	177	177	0.0
GRCh38_CMRG_19267	177	177	0.000296
GRCh38_CMRG_23947	177	177	1.7e-05
GRCh38_CMRG_24260	177	177	0.0
GRCh38_CMRG_24788	177	177	0.0
GRCh38_CMRG_26995	177	177	0.0
GRCh38_CMRG_31222	177	177	1.7e-05
GRCh38_CMRG_37063	177	177	0.168743
GRCh38_CMRG_37307	177	177	0.0
GRCh38_CMRG_38920	177	177	0.06323
GRCh38_CMRG_40397	177	177	0.0
GRCh38_CMRG_44345	177	177	0.5
GRCh38_CMRG_47248	177	177	0.119544
GRCh38_CMRG_48269	177	177	0.003357
GRCh38_CMRG_58202	177	177	4.4e-05
GRCh38_CMRG_63310	177	177	0.0
GRCh38_CMRG_65294	177	177	0.002554
GRCh38_CMRG_69043	177	177	0.113113
GRCh38_CMRG_69044	177	177	0.113113
GRCh38_CMRG_7097	177	177	0.000415
GRCh38_CMRG_7211	177	177	8e-06
GRCh38_CMRG_74013	177	177	0.000139
GRCh38_CMRG_75034	177	177	0.0
GRCh38_CMRG_77655	177	177	0.0
GRCh38_CMRG_84474	177	177	0.179935
GRCh38_CMRG_13799	176	176	0.0
GRCh38_CMRG_17538	176	176	0.0
GRCh38_CMRG_18748	176	176	0.000624
GRCh38_CMRG_19815	176	176	0.0
GRCh38_CMRG_26876	176	176	0.258444
GRCh38_CMRG_28293	176	176	0.000312
GRCh38_CMRG_2882	176	176	0.089078
GRCh38_CMRG_36105	176	176	0.0
GRCh38_CMRG_38660	176	176	0.01626
GRCh38_CMRG_60336	176	176	0.0
GRCh38_CMRG_60641	176	176	0.123324
GRCh38_CMRG_68335	176	176	0.0
GRCh38_CMRG_69797	176	176	0.09772
GRCh38_CMRG_72374	176	176	0.0
GRCh38_CMRG_73188	176	176	0.010662
GRCh38_CMRG_75417	176	176	0.000644
GRCh38_CMRG_79965	176	176	0.0
GRCh38_CMRG_82768	176	176	0.0
GRCh38_CMRG_84211	176	176	0.0
GRCh38_CMRG_84542	176	176	0.5853
GRCh38_CMRG_9708	176	176	0.000468
GRCh38_CMRG_11639	175	175	0.00116
GRCh38_CMRG_12442	175	175	0.098
GRCh38_CMRG_14969	175	175	0.010103
GRCh38_CMRG_17273	175	175	0.145499
GRCh38_CMRG_21822	175	175	0.237857
GRCh38_CMRG_24382	175	175	0.0
GRCh38_CMRG_26351	175	175	0.0
GRCh38_CMRG_33138	175	175	0.0
GRCh38_CMRG_38204	175	175	0.0
GRCh38_CMRG_44011	175	175	0.90221
GRCh38_CMRG_45105	175	175	0.0
GRCh38_CMRG_45791	175	175	0.0
GRCh38_CMRG_47881	175	175	0.000135
GRCh38_CMRG_48458	175	175	0.201784
GRCh38_CMRG_49439	175	175	0.0
GRCh38_CMRG_53085	175	175	0.109245
GRCh38_CMRG_53702	175	175	0.028138
GRCh38_CMRG_61214	175	175	8e-06
GRCh38_CMRG_6392	175	175	0.0
GRCh38_CMRG_655	175	175	0.0
GRCh38_CMRG_714	175	175	0.399811
GRCh38_CMRG_72702	175	175	0.056197
GRCh38_CMRG_81365	175	175	0.0
GRCh38_CMRG_81896	175	175	0.0
GRCh38_CMRG_1405	174	174	0.102488
GRCh38_CMRG_17338	174	174	0.0
GRCh38_CMRG_17686	174	174	0.0
GRCh38_CMRG_37774	174	174	0.0
GRCh38_CMRG_38246	174	174	0.0
GRCh38_CMRG_45240	174	174	0.523986
GRCh38_CMRG_45931	174	174	0.0
GRCh38_CMRG_46292	174	174	0.194509
GRCh38_CMRG_47034	174	174	0.0
GRCh38_CMRG_53791	174	174	0.114343
GRCh38_CMRG_53792	174	174	0.114343
GRCh38_CMRG_59916	174	174	0.430624
GRCh38_CMRG_60509	174	174	0.162455
GRCh38_CMRG_63443	174	174	0.000193
GRCh38_CMRG_63674	174	174	0.096491
GRCh38_CMRG_73141	174	174	0.0
GRCh38_CMRG_7343	174	174	0.000227
GRCh38_CMRG_81650	174	174	0.275727
GRCh38_CMRG_1332	173	173	0.0
GRCh38_CMRG_18592	173	173	0.237005
GRCh38_CMRG_27007	173	173	0.001319
GRCh38_CMRG_32031	173	173	0.0
GRCh38_CMRG_42340	173	173	0.290415
GRCh38_CMRG_55353	173	173	0.0
GRCh38_CMRG_59101	173	173	0.381339
GRCh38_CMRG_60334	173	173	0.0
GRCh38_CMRG_67744	173	173	0.0
GRCh38_CMRG_68783	173	173	0.0
GRCh38_CMRG_72854	173	173	0.20691
GRCh38_CMRG_77643	173	173	0.099833
GRCh38_CMRG_84220	173	173	0.307432
GRCh38_CMRG_18558	172	172	0.117478
GRCh38_CMRG_2740	172	172	0.0
GRCh38_CMRG_27729	172	172	0.0
GRCh38_CMRG_31155	172	172	0.0
GRCh38_CMRG_45347	172	172	0.0
GRCh38_CMRG_45585	172	172	0.0
GRCh38_CMRG_46048	172	172	0.063582
GRCh38_CMRG_50341	172	172	0.365591
GRCh38_CMRG_52077	172	172	0.000272
GRCh38_CMRG_52396	172	172	0.0
GRCh38_CMRG_54831	172	172	0.103341
GRCh38_CMRG_54859	172	172	0.0
GRCh38_CMRG_60392	172	172	0.0
GRCh38_CMRG_66045	172	172	0.0
GRCh38_CMRG_68077	172	172	0.0
GRCh38_CMRG_68364	172	172	0.0
GRCh38_CMRG_68482	172	172	0.0
GRCh38_CMRG_73843	172	172	0.019938
GRCh38_CMRG_74893	172	172	0.448125
GRCh38_CMRG_82806	172	172	8e-06
GRCh38_CMRG_82905	172	172	0.0
GRCh38_CMRG_9441	172	172	0.000468
GRCh38_CMRG_10479	171	171	1.0
GRCh38_CMRG_13692	171	171	0.0
GRCh38_CMRG_34770	171	171	0.0
GRCh38_CMRG_39135	171	171	0.211341
GRCh38_CMRG_422	171	171	0.0
GRCh38_CMRG_46022	171	171	4e-05
GRCh38_CMRG_46440	171	171	0.0
GRCh38_CMRG_49544	171	171	0.0
GRCh38_CMRG_49778	171	171	0.0
GRCh38_CMRG_55485	171	171	0.080393
GRCh38_CMRG_55486	171	171	0.080393
GRCh38_CMRG_60424	171	171	0.99984
GRCh38_CMRG_64756	171	171	7.2e-05
GRCh38_CMRG_68284	171	171	0.0
GRCh38_CMRG_68383	171	171	0.0
GRCh38_CMRG_68391	171	171	0.024196
GRCh38_CMRG_69920	171	171	0.000666
GRCh38_CMRG_79664	171	171	0.0
GRCh38_CMRG_83100	171	171	0.0
GRCh38_CMRG_9737	171	171	0.000468
GRCh38_CMRG_11099	170	170	0.047659
GRCh38_CMRG_18855	170	170	2.6e-05
GRCh38_CMRG_19039	170	170	8e-06
GRCh38_CMRG_24539	170	170	0.0
GRCh38_CMRG_2535	170	170	0.000191
GRCh38_CMRG_31438	170	170	0.0
GRCh38_CMRG_34382	170	170	5.8e-05
GRCh38_CMRG_41264	170	170	0.0
GRCh38_CMRG_41509	170	170	0.0
GRCh38_CMRG_49442	170	170	0.0
GRCh38_CMRG_52173	170	170	0.087094
GRCh38_CMRG_60413	170	170	0.0
GRCh38_CMRG_60991	170	170	0.066699
GRCh38_CMRG_61998	170	170	0.50912
GRCh38_CMRG_68347	170	170	0.0
GRCh38_CMRG_79212	170	170	0.018092
GRCh38_CMRG_79514	170	170	0.0
GRCh38_CMRG_80824	170	170	0.0
GRCh38_CMRG_9092	170	170	0.000468
GRCh38_CMRG_9667	170	170	0.000468
GRCh38_CMRG_15597	169	169	0.0
GRCh38_CMRG_17080	169	169	0.0
GRCh38_CMRG_18932	169	169	0.0
GRCh38_CMRG_18933	169	169	0.0
GRCh38_CMRG_23745	169	169	0.0
GRCh38_CMRG_27181	169	169	9.5e-05
GRCh38_CMRG_27558	169	169	0.0
GRCh38_CMRG_31675	169	169	0.189962
GRCh38_CMRG_32905	169	169	0.0
GRCh38_CMRG_34464	169	169	0.0
GRCh38_CMRG_38466	169	169	0.320781
GRCh38_CMRG_48463	169	169	0.0
GRCh38_CMRG_5859	169	169	0.116477
GRCh38_CMRG_65803	169	169	0.0
GRCh38_CMRG_67948	169	169	2.4e-05
GRCh38_CMRG_68601	169	169	0.0
GRCh38_CMRG_72604	169	169	0.0
GRCh38_CMRG_7358	169	169	0.0
GRCh38_CMRG_83076	169	169	0.15975
GRCh38_CMRG_12912	168	168	0.0
GRCh38_CMRG_13867	168	168	0.0
GRCh38_CMRG_20952	168	168	0.015369
GRCh38_CMRG_27862	168	168	0.378199
GRCh38_CMRG_29936	168	168	0.080393
GRCh38_CMRG_31944	168	168	0.0
GRCh38_CMRG_34291	168	168	4.1e-05
GRCh38_CMRG_34658	168	168	0.47318
GRCh38_CMRG_36519	168	168	0.0
GRCh38_CMRG_369	168	168	0.0
GRCh38_CMRG_38242	168	168	0.0
GRCh38_CMRG_39866	168	168	0.0
GRCh38_CMRG_40515	168	168	0.0
GRCh38_CMRG_413	168	168	0.0
GRCh38_CMRG_498	168	168	0.0
GRCh38_CMRG_50443	168	168	0.158801
GRCh38_CMRG_60639	168	168	0.123324
GRCh38_CMRG_61120	168	168	0.000636
GRCh38_CMRG_82116	168	168	0.0
GRCh38_CMRG_8511	168	168	0.0
GRCh38_CMRG_13797	167	167	0.0
GRCh38_CMRG_16696	167	167	0.0
GRCh38_CMRG_23674	167	167	0.0
GRCh38_CMRG_32314	167	167	0.0
GRCh38_CMRG_47031	167	167	0.0
GRCh38_CMRG_47980	167	167	0.0
GRCh38_CMRG_53560	167	167	0.142475
GRCh38_CMRG_54257	167	167	0.0
GRCh38_CMRG_58684	167	167	0.171777
GRCh38_CMRG_70683	167	167	8e-06
GRCh38_CMRG_79448	167	167	0.018092
GRCh38_CMRG_82407	167	167	0.154988
GRCh38_CMRG_9385	167	167	0.524225
GRCh38_CMRG_11165	166	166	0.047659
GRCh38_CMRG_11980	166	166	0.089916
GRCh38_CMRG_12547	166	166	0.0
GRCh38_CMRG_18022	166	166	0.0
GRCh38_CMRG_22096	166	166	0.120878
GRCh38_CMRG_22097	166	166	0.120878
GRCh38_CMRG_22719	166	166	0.0
GRCh38_CMRG_23361	166	166	0.0
GRCh38_CMRG_23369	166	166	0.0
GRCh38_CMRG_23701	166	166	0.257235
GRCh38_CMRG_26010	166	166	4.5e-05
GRCh38_CMRG_37147	166	166	0.0
GRCh38_CMRG_37739	166	166	0.0
GRCh38_CMRG_37900	166	166	0.0
GRCh38_CMRG_45797	166	166	0.431828
GRCh38_CMRG_50411	166	166	0.000917
GRCh38_CMRG_53209	166	166	0.0
GRCh38_CMRG_60451	166	166	0.0
GRCh38_CMRG_64559	166	166	0.0
GRCh38_CMRG_6960	166	166	0.000148
GRCh38_CMRG_69934	166	166	0.0
GRCh38_CMRG_74974	166	166	0.0
GRCh38_CMRG_8164	166	166	0.0
GRCh38_CMRG_82590	166	166	0.0
GRCh38_CMRG_82622	166	166	0.0
GRCh38_CMRG_82916	166	166	0.0
GRCh38_CMRG_13309	165	165	0.0
GRCh38_CMRG_13501	165	165	0.0
GRCh38_CMRG_13673	165	165	0.0
GRCh38_CMRG_21276	165	165	0.237857
GRCh38_CMRG_21921	165	165	0.237857
GRCh38_CMRG_23988	165	165	0.0
GRCh38_CMRG_32831	165	165	0.0
GRCh38_CMRG_36814	165	165	0.095642
GRCh38_CMRG_40405	165	165	0.0
GRCh38_CMRG_40527	165	165	7.2e-05
GRCh38_CMRG_42581	165	165	0.99984
GRCh38_CMRG_45713	165	165	0.0
GRCh38_CMRG_45793	165	165	0.002916
GRCh38_CMRG_46773	165	165	0.0
GRCh38_CMRG_47154	165	165	0.0
GRCh38_CMRG_47375	165	165	0.046165
GRCh38_CMRG_52868	165	165	0.637529
GRCh38_CMRG_58652	165	165	0.138672
GRCh38_CMRG_59628	165	165	0.106198
GRCh38_CMRG_65159	165	165	0.0
GRCh38_CMRG_65965	165	165	0.133483
GRCh38_CMRG_69041	165	165	0.106993
GRCh38_CMRG_83072	165	165	0.0
GRCh38_CMRG_13352	164	164	0.0
GRCh38_CMRG_13569	164	164	0.0
GRCh38_CMRG_21937	164	164	0.374609
GRCh38_CMRG_28723	164	164	0.0
GRCh38_CMRG_36735	164	164	4.9e-05
GRCh38_CMRG_38340	164	164	0.0
GRCh38_CMRG_38417	164	164	0.0
GRCh38_CMRG_46228	164	164	0.0
GRCh38_CMRG_48477	164	164	0.000468
GRCh38_CMRG_59062	164	164	0.0
GRCh38_CMRG_60021	164	164	0.0
GRCh38_CMRG_61339	164	164	0.000881
GRCh38_CMRG_65105	164	164	8e-06
GRCh38_CMRG_72432	164	164	8.4e-05
GRCh38_CMRG_77296	164	164	0.0
GRCh38_CMRG_81367	164	164	0.0
GRCh38_CMRG_81671	164	164	0.0
GRCh38_CMRG_82374	164	164	0.0
GRCh38_CMRG_8381	164	164	0.0
GRCh38_CMRG_14691	163	163	0.15904
GRCh38_CMRG_14817	163	163	0.07215
GRCh38_CMRG_1523	163	163	0.011147
GRCh38_CMRG_18588	163	163	0.0
GRCh38_CMRG_18595	163	163	0.005644
GRCh38_CMRG_19003	163	163	0.0
GRCh38_CMRG_21663	163	163	0.237857
GRCh38_CMRG_24276	163	163	0.0
GRCh38_CMRG_33450	163	163	0.0
GRCh38_CMRG_40395	163	163	0.000486
GRCh38_CMRG_43999	163	163	0.0
GRCh38_CMRG_45552	163	163	0.0
GRCh38_CMRG_49174	163	163	0.0
GRCh38_CMRG_50175	163	163	0.0
GRCh38_CMRG_50886	163	163	0.0
GRCh38_CMRG_51187	163	163	0.236785
GRCh38_CMRG_54554	163	163	0.000368
GRCh38_CMRG_55670	163	163	0.0
GRCh38_CMRG_59401	163	163	0.002939
GRCh38_CMRG_64010	163	163	0.001342
GRCh38_CMRG_64575	163	163	0.0
GRCh38_CMRG_69628	163	163	0.0
GRCh38_CMRG_77009	163	163	0.0
GRCh38_CMRG_81366	163	163	0.0
GRCh38_CMRG_18322	162	162	0.0
GRCh38_CMRG_25742	162	162	0.0
GRCh38_CMRG_26312	162	162	0.0
GRCh38_CMRG_27013	162	162	0.0
GRCh38_CMRG_28534	162	162	0.0
GRCh38_CMRG_29120	162	162	0.000226
GRCh38_CMRG_31000	162	162	0.0
GRCh38_CMRG_31031	162	162	0.00046
GRCh38_CMRG_31204	162	162	0.0
GRCh38_CMRG_32817	162	162	0.0
GRCh38_CMRG_33160	162	162	0.0
GRCh38_CMRG_36839	162	162	0.0
GRCh38_CMRG_38212	162	162	0.0
GRCh38_CMRG_38468	162	162	0.0
GRCh38_CMRG_47832	162	162	0.0
GRCh38_CMRG_55105	162	162	0.036922
GRCh38_CMRG_55507	162	162	0.0
GRCh38_CMRG_59506	162	162	0.000135
GRCh38_CMRG_60027	162	162	0.0
GRCh38_CMRG_65712	162	162	1.6e-05
GRCh38_CMRG_7340	162	162	0.0
GRCh38_CMRG_9497	162	162	0.000468
GRCh38_CMRG_17268	161	161	0.0
GRCh38_CMRG_19949	161	161	0.0
GRCh38_CMRG_2146	161	161	0.0
GRCh38_CMRG_22967	161	161	0.0
GRCh38_CMRG_25741	161	161	0.0
GRCh38_CMRG_28303	161	161	0.0
GRCh38_CMRG_32580	161	161	0.418228
GRCh38_CMRG_32836	161	161	0.0
GRCh38_CMRG_37421	161	161	0.0
GRCh38_CMRG_38313	161	161	0.0
GRCh38_CMRG_43798	161	161	0.100335
GRCh38_CMRG_46309	161	161	1.0
GRCh38_CMRG_48919	161	161	0.0
GRCh38_CMRG_52251	161	161	0.0
GRCh38_CMRG_53517	161	161	0.0
GRCh38_CMRG_55017	161	161	0.490354
GRCh38_CMRG_61098	161	161	0.0
GRCh38_CMRG_61287	161	161	0.0
GRCh38_CMRG_67675	161	161	0.0
GRCh38_CMRG_70790	161	161	0.0
GRCh38_CMRG_72084	161	161	0.053746
GRCh38_CMRG_75137	161	161	9e-06
GRCh38_CMRG_82047	161	161	0.0
GRCh38_CMRG_82183	161	161	0.26714
GRCh38_CMRG_82373	161	161	0.0
GRCh38_CMRG_83045	161	161	0.307368
GRCh38_CMRG_8319	161	161	0.0
GRCh38_CMRG_8380	161	161	0.0
GRCh38_CMRG_95	161	161	0.008846
GRCh38_CMRG_16907	160	160	0.0
GRCh38_CMRG_18343	160	160	0.0
GRCh38_CMRG_19845	160	160	0.03749
GRCh38_CMRG_23511	160	160	0.0
GRCh38_CMRG_24290	160	160	0.0
GRCh38_CMRG_27857	160	160	0.0
GRCh38_CMRG_28500	160	160	0.0
GRCh38_CMRG_32143	160	160	0.000172
GRCh38_CMRG_39084	160	160	0.0
GRCh38_CMRG_46	160	160	0.0
GRCh38_CMRG_52200	160	160	0.180538
GRCh38_CMRG_52401	160	160	0.117433
GRCh38_CMRG_52799	160	160	0.0
GRCh38_CMRG_54439	160	160	0.0
GRCh38_CMRG_55468	160	160	0.0
GRCh38_CMRG_60422	160	160	0.0
GRCh38_CMRG_62493	160	160	0.0
GRCh38_CMRG_68285	160	160	0.0
GRCh38_CMRG_70801	160	160	0.0
GRCh38_CMRG_77401	160	160	0.0
GRCh38_CMRG_77526	160	160	0.009182
GRCh38_CMRG_79328	160	160	0.018092
GRCh38_CMRG_7945	160	160	0.000754
GRCh38_CMRG_7946	160	160	0.000754
GRCh38_CMRG_81317	160	160	0.011428
GRCh38_CMRG_81623	160	160	0.014429
GRCh38_CMRG_81776	160	160	0.04493
GRCh38_CMRG_82927	160	160	0.0
GRCh38_CMRG_9386	160	160	0.000468
GRCh38_CMRG_21472	159	159	0.237857
GRCh38_CMRG_21826	159	159	0.320324
GRCh38_CMRG_24897	159	159	0.006335
GRCh38_CMRG_26677	159	159	0.0
GRCh38_CMRG_32777	159	159	0.140053
GRCh38_CMRG_32824	159	159	0.0
GRCh38_CMRG_32915	159	159	0.0
GRCh38_CMRG_36454	159	159	0.111516
GRCh38_CMRG_40969	159	159	0.169568
GRCh38_CMRG_41681	159	159	0.0
GRCh38_CMRG_48551	159	159	0.173116
GRCh38_CMRG_49572	159	159	0.0
GRCh38_CMRG_61286	159	159	0.0
GRCh38_CMRG_63992	159	159	0.091979
GRCh38_CMRG_64982	159	159	0.0
GRCh38_CMRG_65216	159	159	0.0
GRCh38_CMRG_68248	159	159	0.0
GRCh38_CMRG_69750	159	159	5.6e-05
GRCh38_CMRG_72133	159	159	0.0
GRCh38_CMRG_9491	159	159	0.000468
GRCh38_CMRG_11443	158	158	0.006042
GRCh38_CMRG_16825	158	158	0.0
GRCh38_CMRG_17224	158	158	0.08111
GRCh38_CMRG_17264	158	158	0.0
GRCh38_CMRG_18401	158	158	0.0
GRCh38_CMRG_2197	158	158	0.141719
GRCh38_CMRG_26292	158	158	0.191754
GRCh38_CMRG_30972	158	158	0.164323
GRCh38_CMRG_31937	158	158	0.0
GRCh38_CMRG_35830	158	158	0.0
GRCh38_CMRG_38327	158	158	0.0
GRCh38_CMRG_39245	158	158	0.5
GRCh38_CMRG_44939	158	158	0.218812
GRCh38_CMRG_52782	158	158	0.0
GRCh38_CMRG_53645	158	158	0.0
GRCh38_CMRG_60060	158	158	0.0
GRCh38_CMRG_60870	158	158	0.0
GRCh38_CMRG_6172	158	158	0.0
GRCh38_CMRG_72283	158	158	0.0
GRCh38_CMRG_72742	158	158	8e-06
GRCh38_CMRG_10867	157	157	0.047659
GRCh38_CMRG_17910	157	157	0.0
GRCh38_CMRG_18754	157	157	0.00054
GRCh38_CMRG_23844	157	157	0.0
GRCh38_CMRG_27167	157	157	0.0
GRCh38_CMRG_31377	157	157	0.0
GRCh38_CMRG_32827	157	157	0.0
GRCh38_CMRG_41680	157	157	0.0
GRCh38_CMRG_45887	157	157	0.0
GRCh38_CMRG_49617	157	157	0.0
GRCh38_CMRG_51450	157	157	0.103965
GRCh38_CMRG_54763	157	157	0.04225
GRCh38_CMRG_69955	157	157	0.0
GRCh38_CMRG_70085	157	157	0.000165
GRCh38_CMRG_80982	157	157	0.0
GRCh38_CMRG_12211	156	156	0.0
GRCh38_CMRG_1651	156	156	0.0
GRCh38_CMRG_26578	156	156	0.0
GRCh38_CMRG_38982	156	156	0.0
GRCh38_CMRG_40368	156	156	0.5
GRCh38_CMRG_41493	156	156	0.0
GRCh38_CMRG_43724	156	156	0.005085
GRCh38_CMRG_52076	156	156	0.000272
GRCh38_CMRG_52079	156	156	0.0
GRCh38_CMRG_53518	156	156	0.0
GRCh38_CMRG_70728	156	156	0.0
GRCh38_CMRG_71034	156	156	0.089916
GRCh38_CMRG_79647	156	156	8.1e-05
GRCh38_CMRG_79998	156	156	0.0
GRCh38_CMRG_8182	156	156	0.0
GRCh38_CMRG_10486	155	155	0.000468
GRCh38_CMRG_11659	155	155	0.000468
GRCh38_CMRG_27168	155	155	0.0
GRCh38_CMRG_33386	155	155	0.20196
GRCh38_CMRG_34220	155	155	0.0
GRCh38_CMRG_35955	155	155	0.0
GRCh38_CMRG_38130	155	155	0.002459
GRCh38_CMRG_44259	155	155	0.354637
GRCh38_CMRG_45025	155	155	0.0
GRCh38_CMRG_46606	155	155	0.0
GRCh38_CMRG_47458	155	155	0.0
GRCh38_CMRG_48276	155	155	0.0
GRCh38_CMRG_49411	155	155	5.6e-05
GRCh38_CMRG_58170	155	155	0.09405
GRCh38_CMRG_5954	155	155	0.373007
GRCh38_CMRG_68388	155	155	0.0
GRCh38_CMRG_72708	155	155	0.0
GRCh38_CMRG_75165	155	155	0.0
GRCh38_CMRG_81993	155	155	0.0
GRCh38_CMRG_82978	155	155	0.096324
GRCh38_CMRG_8403	155	155	0.0
GRCh38_CMRG_12915	154	154	0.0
GRCh38_CMRG_24072	154	154	0.084519
GRCh38_CMRG_28561	154	154	0.517328
GRCh38_CMRG_30557	154	154	0.0
GRCh38_CMRG_31356	154	154	0.0
GRCh38_CMRG_32796	154	154	0.0
GRCh38_CMRG_47399	154	154	0.0
GRCh38_CMRG_49152	154	154	0.0
GRCh38_CMRG_49217	154	154	0.0
GRCh38_CMRG_49452	154	154	0.0
GRCh38_CMRG_49554	154	154	0.005115
GRCh38_CMRG_54304	154	154	0.106511
GRCh38_CMRG_54305	154	154	0.106511
GRCh38_CMRG_59106	154	154	0.0
GRCh38_CMRG_65823	154	154	0.090821
GRCh38_CMRG_6908	154	154	0.0
GRCh38_CMRG_72997	154	154	0.0
GRCh38_CMRG_8057	154	154	0.001055
GRCh38_CMRG_9404	154	154	0.111781
GRCh38_CMRG_14258	153	153	0.114856
GRCh38_CMRG_19273	153	153	0.169253
GRCh38_CMRG_22006	153	153	0.000373
GRCh38_CMRG_23166	153	153	0.0
GRCh38_CMRG_23171	153	153	0.0
GRCh38_CMRG_2387	153	153	0.079457
GRCh38_CMRG_24607	153	153	0.282507
GRCh38_CMRG_30682	153	153	0.007816
GRCh38_CMRG_39897	153	153	0.164171
GRCh38_CMRG_39898	153	153	0.164171
GRCh38_CMRG_42317	153	153	0.0
GRCh38_CMRG_46563	153	153	0.12222
GRCh38_CMRG_50026	153	153	0.0
GRCh38_CMRG_50864	153	153	0.288636
GRCh38_CMRG_55533	153	153	0.0
GRCh38_CMRG_60023	153	153	0.02036
GRCh38_CMRG_60070	153	153	0.0
GRCh38_CMRG_629	153	153	0.0
GRCh38_CMRG_64648	153	153	0.027484
GRCh38_CMRG_68238	153	153	0.0
GRCh38_CMRG_7944	153	153	0.0
GRCh38_CMRG_82252	153	153	0.000787
GRCh38_CMRG_9032	153	153	0.083731
GRCh38_CMRG_14423	152	152	0.131509
GRCh38_CMRG_24246	152	152	0.0
GRCh38_CMRG_32054	152	152	0.236929
GRCh38_CMRG_37901	152	152	0.000117
GRCh38_CMRG_44871	152	152	0.0
GRCh38_CMRG_45191	152	152	0.0
GRCh38_CMRG_53938	152	152	0.0
GRCh38_CMRG_58333	152	152	0.0
GRCh38_CMRG_6056	152	152	0.0
GRCh38_CMRG_60773	152	152	0.0
GRCh38_CMRG_65239	152	152	0.0
GRCh38_CMRG_6706	152	152	0.0646
GRCh38_CMRG_68025	152	152	0.0
GRCh38_CMRG_70966	152	152	8e-06
GRCh38_CMRG_71658	152	152	0.404847
GRCh38_CMRG_73038	152	152	0.0
GRCh38_CMRG_7744	152	152	0.0
GRCh38_CMRG_77496	152	152	0.0
GRCh38_CMRG_82537	152	152	0.019699
GRCh38_CMRG_9031	152	152	0.083731
GRCh38_CMRG_10799	151	151	0.047659
GRCh38_CMRG_12858	151	151	0.0
GRCh38_CMRG_13742	151	151	0.0
GRCh38_CMRG_18591	151	151	0.237005
GRCh38_CMRG_19040	151	151	8e-06
GRCh38_CMRG_22886	151	151	0.095417
GRCh38_CMRG_24572	151	151	0.0
GRCh38_CMRG_32293	151	151	0.0
GRCh38_CMRG_32816	151	151	0.0
GRCh38_CMRG_39918	151	151	0.001856
GRCh38_CMRG_41306	151	151	0.047068
GRCh38_CMRG_59662	151	151	0.035171
GRCh38_CMRG_65918	151	151	0.0
GRCh38_CMRG_6782	151	151	0.079965
GRCh38_CMRG_68770	151	151	0.0624
GRCh38_CMRG_72135	151	151	0.0
GRCh38_CMRG_83762	151	151	0.901943
GRCh38_CMRG_9720	151	151	0.000468
GRCh38_CMRG_12282	150	150	2.4e-05
GRCh38_CMRG_21137	150	150	0.0
GRCh38_CMRG_22380	150	150	0.0
GRCh38_CMRG_24786	150	150	0.0
GRCh38_CMRG_24808	150	150	0.126973
GRCh38_CMRG_26417	150	150	0.387321
GRCh38_CMRG_27225	150	150	0.0
GRCh38_CMRG_31154	150	150	0.0
GRCh38_CMRG_36802	150	150	0.411588
GRCh38_CMRG_41307	150	150	0.047068
GRCh38_CMRG_47191	150	150	0.000474
GRCh38_CMRG_50573	150	150	0.135266
GRCh38_CMRG_62417	150	150	8e-06
GRCh38_CMRG_65346	150	150	0.281718
GRCh38_CMRG_68533	150	150	0.0
GRCh38_CMRG_7026	150	150	0.00052
GRCh38_CMRG_70411	150	150	0.000736
GRCh38_CMRG_77622	150	150	0.0
GRCh38_CMRG_79315	150	150	0.018092
GRCh38_CMRG_7943	150	150	0.0
GRCh38_CMRG_82769	150	150	0.0
GRCh38_CMRG_11151	149	149	0.347883
GRCh38_CMRG_20929	149	149	0.0
GRCh38_CMRG_21609	149	149	0.237857
GRCh38_CMRG_22024	149	149	0.123346
GRCh38_CMRG_25942	149	149	8e-06
GRCh38_CMRG_28148	149	149	0.047268
GRCh38_CMRG_34197	149	149	0.0
GRCh38_CMRG_36401	149	149	0.170175
GRCh38_CMRG_41748	149	149	0.530459
GRCh38_CMRG_47799	149	149	0.0
GRCh38_CMRG_49408	149	149	0.0
GRCh38_CMRG_51198	149	149	0.422688
GRCh38_CMRG_54879	149	149	0.160644
GRCh38_CMRG_55289	149	149	0.320721
GRCh38_CMRG_55736	149	149	0.197366
GRCh38_CMRG_60441	149	149	0.006901
GRCh38_CMRG_61556	149	149	0.0
GRCh38_CMRG_62040	149	149	0.068887
GRCh38_CMRG_62531	149	149	0.0
GRCh38_CMRG_71332	149	149	0.090858
GRCh38_CMRG_76642	149	149	0.033715
GRCh38_CMRG_76969	149	149	0.0
GRCh38_CMRG_7868	149	149	0.0
GRCh38_CMRG_8124	149	149	0.0
GRCh38_CMRG_13310	148	148	0.0
GRCh38_CMRG_13502	148	148	0.0
GRCh38_CMRG_18346	148	148	0.0
GRCh38_CMRG_24067	148	148	0.0
GRCh38_CMRG_24294	148	148	0.641429
GRCh38_CMRG_24791	148	148	0.0
GRCh38_CMRG_31531	148	148	0.042848
GRCh38_CMRG_39255	148	148	0.0
GRCh38_CMRG_41895	148	148	0.0
GRCh38_CMRG_43660	148	148	0.000159
GRCh38_CMRG_44230	148	148	0.081486
GRCh38_CMRG_45546	148	148	0.000211
GRCh38_CMRG_48591	148	148	0.0
GRCh38_CMRG_48910	148	148	0.0
GRCh38_CMRG_55013	148	148	0.0
GRCh38_CMRG_55352	148	148	0.0
GRCh38_CMRG_59007	148	148	0.120947
GRCh38_CMRG_59051	148	148	0.0
GRCh38_CMRG_60421	148	148	0.0
GRCh38_CMRG_62375	148	148	0.0
GRCh38_CMRG_63269	148	148	0.065858
GRCh38_CMRG_69779	148	148	0.001951
GRCh38_CMRG_70735	148	148	0.0
GRCh38_CMRG_74610	148	148	0.0
GRCh38_CMRG_7828	148	148	0.000487
GRCh38_CMRG_79819	148	148	0.00031
GRCh38_CMRG_8456	148	148	0.001627
GRCh38_CMRG_14085	147	147	0.0
GRCh38_CMRG_14371	147	147	0.001884
GRCh38_CMRG_16778	147	147	0.0
GRCh38_CMRG_19041	147	147	0.006556
GRCh38_CMRG_19287	147	147	0.020831
GRCh38_CMRG_23986	147	147	0.0
GRCh38_CMRG_29354	147	147	0.0
GRCh38_CMRG_29974	147	147	0.0
GRCh38_CMRG_33093	147	147	0.0
GRCh38_CMRG_42211	147	147	0.150016
GRCh38_CMRG_45640	147	147	0.0
GRCh38_CMRG_49149	147	147	0.095695
GRCh38_CMRG_52701	147	147	1.0
GRCh38_CMRG_64722	147	147	0.0
GRCh38_CMRG_69553	147	147	9.7e-05
GRCh38_CMRG_70495	147	147	0.0
GRCh38_CMRG_72903	147	147	0.0
GRCh38_CMRG_73186	147	147	0.015977
GRCh38_CMRG_73934	147	147	0.0
GRCh38_CMRG_77429	147	147	0.0
GRCh38_CMRG_82546	147	147	0.0
GRCh38_CMRG_83911	147	147	0.27027
GRCh38_CMRG_8559	147	147	0.3069
GRCh38_CMRG_8569	147	147	0.0
GRCh38_CMRG_29275	146	146	0.0
GRCh38_CMRG_31689	146	146	0.0
GRCh38_CMRG_32456	146	146	0.0
GRCh38_CMRG_32967	146	146	0.0
GRCh38_CMRG_33116	146	146	0.000167
GRCh38_CMRG_34436	146	146	0.133926
GRCh38_CMRG_35874	146	146	0.010136
GRCh38_CMRG_38074	146	146	0.0
GRCh38_CMRG_49330	146	146	0.0
GRCh38_CMRG_49415	146	146	0.29454
GRCh38_CMRG_52917	146	146	0.008602
GRCh38_CMRG_53589	146	146	0.131584
GRCh38_CMRG_64598	146	146	0.0
GRCh38_CMRG_67778	146	146	0.0
GRCh38_CMRG_69681	146	146	0.0
GRCh38_CMRG_72688	146	146	0.0
GRCh38_CMRG_74922	146	146	0.0
GRCh38_CMRG_77555	146	146	0.367021
GRCh38_CMRG_8176	146	146	0.0
GRCh38_CMRG_10994	145	145	0.214804
GRCh38_CMRG_13230	145	145	0.101838
GRCh38_CMRG_13697	145	145	0.0
GRCh38_CMRG_14176	145	145	0.0
GRCh38_CMRG_1823	145	145	0.0
GRCh38_CMRG_1824	145	145	0.0
GRCh38_CMRG_18528	145	145	0.0
GRCh38_CMRG_19576	145	145	0.0
GRCh38_CMRG_2070	145	145	0.238502
GRCh38_CMRG_25912	145	145	0.0
GRCh38_CMRG_28313	145	145	5.3e-05
GRCh38_CMRG_28314	145	145	5.3e-05
GRCh38_CMRG_32788	145	145	0.0
GRCh38_CMRG_36471	145	145	1.0
GRCh38_CMRG_38385	145	145	0.0
GRCh38_CMRG_38459	145	145	0.0
GRCh38_CMRG_41017	145	145	7.1e-05
GRCh38_CMRG_42072	145	145	0.0
GRCh38_CMRG_425	145	145	0.037933
GRCh38_CMRG_44010	145	145	0.90221
GRCh38_CMRG_45186	145	145	0.033029
GRCh38_CMRG_49522	145	145	0.0
GRCh38_CMRG_508	145	145	0.79252
GRCh38_CMRG_52346	145	145	0.0
GRCh38_CMRG_63346	145	145	0.0
GRCh38_CMRG_65143	145	145	0.012972
GRCh38_CMRG_67038	145	145	0.0
GRCh38_CMRG_72023	145	145	0.0
GRCh38_CMRG_73957	145	145	0.0
GRCh38_CMRG_76643	145	145	0.033715
GRCh38_CMRG_76799	145	145	0.129509
GRCh38_CMRG_77176	145	145	0.0
GRCh38_CMRG_7809	145	145	0.138562
GRCh38_CMRG_78979	145	145	0.018092
GRCh38_CMRG_80818	145	145	0.0
GRCh38_CMRG_82370	145	145	0.0
GRCh38_CMRG_82471	145	145	0.0
GRCh38_CMRG_84283	145	145	0.245388
GRCh38_CMRG_16828	144	144	0.000195
GRCh38_CMRG_22010	144	144	0.0
GRCh38_CMRG_22370	144	144	0.0
GRCh38_CMRG_23167	144	144	0.0
GRCh38_CMRG_23928	144	144	0.0
GRCh38_CMRG_23975	144	144	0.0
GRCh38_CMRG_24033	144	144	0.285826
GRCh38_CMRG_27531	144	144	0.0
GRCh38_CMRG_29276	144	144	0.0
GRCh38_CMRG_38526	144	144	0.0
GRCh38_CMRG_52413	144	144	0.0
GRCh38_CMRG_52781	144	144	0.0
GRCh38_CMRG_64652	144	144	0.0
GRCh38_CMRG_68106	144	144	0.000101
GRCh38_CMRG_68926	144	144	0.0
GRCh38_CMRG_70386	144	144	0.113748
GRCh38_CMRG_70641	144	144	0.0
GRCh38_CMRG_72210	144	144	1.0
GRCh38_CMRG_72211	144	144	1.0
GRCh38_CMRG_75674	144	144	0.0
GRCh38_CMRG_77494	144	144	0.50066
GRCh38_CMRG_18472	143	143	0.0
GRCh38_CMRG_22432	143	143	0.267152
GRCh38_CMRG_23935	143	143	0.0
GRCh38_CMRG_23982	143	143	0.0
GRCh38_CMRG_30688	143	143	0.0
GRCh38_CMRG_33244	143	143	0.0
GRCh38_CMRG_36278	143	143	0.000232
GRCh38_CMRG_41624	143	143	0.0
GRCh38_CMRG_45942	143	143	0.0
GRCh38_CMRG_49403	143	143	0.0
GRCh38_CMRG_6355	143	143	0.0
GRCh38_CMRG_71759	143	143	0.000133
GRCh38_CMRG_72180	143	143	0.0
GRCh38_CMRG_77574	143	143	0.0
GRCh38_CMRG_82110	143	143	0.0
GRCh38_CMRG_12223	142	142	0.000111
GRCh38_CMRG_12281	142	142	2.4e-05
GRCh38_CMRG_1674	142	142	0.057402
GRCh38_CMRG_23751	142	142	0.0
GRCh38_CMRG_23849	142	142	0.0
GRCh38_CMRG_24863	142	142	1.6e-05
GRCh38_CMRG_27662	142	142	0.0
GRCh38_CMRG_32284	142	142	0.0
GRCh38_CMRG_32298	142	142	0.0
GRCh38_CMRG_33396	142	142	0.192248
GRCh38_CMRG_48786	142	142	0.0
GRCh38_CMRG_53716	142	142	0.026223
GRCh38_CMRG_54633	142	142	0.0
GRCh38_CMRG_61764	142	142	0.0
GRCh38_CMRG_6363	142	142	3.8e-05
GRCh38_CMRG_67280	142	142	0.007813
GRCh38_CMRG_67281	142	142	0.007813
GRCh38_CMRG_74896	142	142	0.0
GRCh38_CMRG_75250	142	142	0.479248
GRCh38_CMRG_13893	141	141	0.0
GRCh38_CMRG_150	141	141	0.0487
GRCh38_CMRG_152	141	141	0.0
GRCh38_CMRG_1524	141	141	0.011147
GRCh38_CMRG_23017	141	141	0.077909
GRCh38_CMRG_32331	141	141	0.0
GRCh38_CMRG_35886	141	141	0.0
GRCh38_CMRG_44784	141	141	0.006937
GRCh38_CMRG_45244	141	141	0.000588
GRCh38_CMRG_45346	141	141	0.0
GRCh38_CMRG_49521	141	141	0.0
GRCh38_CMRG_51021	141	141	0.0
GRCh38_CMRG_55427	141	141	0.0
GRCh38_CMRG_61541	141	141	0.024514
GRCh38_CMRG_62509	141	141	0.0
GRCh38_CMRG_65336	141	141	0.0
GRCh38_CMRG_70574	141	141	0.0
GRCh38_CMRG_71710	141	141	0.0
GRCh38_CMRG_72782	141	141	0.035813
GRCh38_CMRG_77090	141	141	0.0
GRCh38_CMRG_77172	141	141	0.000142
GRCh38_CMRG_79649	141	141	0.0
GRCh38_CMRG_82517	141	141	0.0
GRCh38_CMRG_83986	141	141	0.000907833
GRCh38_CMRG_12280	140	140	0.0
GRCh38_CMRG_18150	140	140	0.0
GRCh38_CMRG_18891	140	140	0.0
GRCh38_CMRG_19825	140	140	0.095982
GRCh38_CMRG_24526	140	140	0.086543
GRCh38_CMRG_29160	140	140	0.0
GRCh38_CMRG_32904	140	140	0.0
GRCh38_CMRG_34369	140	140	0.066903
GRCh38_CMRG_37912	140	140	0.0
GRCh38_CMRG_44054	140	140	0.0
GRCh38_CMRG_48987	140	140	0.304747
GRCh38_CMRG_48991	140	140	0.0
GRCh38_CMRG_493	140	140	0.0
GRCh38_CMRG_50168	140	140	0.067223
GRCh38_CMRG_51178	140	140	0.012563
GRCh38_CMRG_52201	140	140	0.5
GRCh38_CMRG_53628	140	140	0.001915
GRCh38_CMRG_59611	140	140	0.0
GRCh38_CMRG_6229	140	140	0.102324
GRCh38_CMRG_73219	140	140	0.0
GRCh38_CMRG_74884	140	140	0.016525
GRCh38_CMRG_74894	140	140	0.0
GRCh38_CMRG_7832	140	140	0.0
GRCh38_CMRG_8694	140	140	0.035173
GRCh38_CMRG_8695	140	140	0.035173
GRCh38_CMRG_11813	139	139	0.007627
GRCh38_CMRG_13095	139	139	0.0
GRCh38_CMRG_15596	139	139	0.0
GRCh38_CMRG_24608	139	139	0.282507
GRCh38_CMRG_27856	139	139	0.0
GRCh38_CMRG_28838	139	139	0.0
GRCh38_CMRG_28956	139	139	0.0
GRCh38_CMRG_29320	139	139	0.0
GRCh38_CMRG_30994	139	139	0.91195
GRCh38_CMRG_30995	139	139	0.91195
GRCh38_CMRG_45198	139	139	0.505084
GRCh38_CMRG_49580	139	139	0.001684
GRCh38_CMRG_65104	139	139	8e-06
GRCh38_CMRG_67670	139	139	0.058976
GRCh38_CMRG_68145	139	139	0.0
GRCh38_CMRG_79954	139	139	3.2e-05
GRCh38_CMRG_83649	139	139	0.0
GRCh38_CMRG_10851	138	138	0.047659
GRCh38_CMRG_13961	138	138	0.0
GRCh38_CMRG_18292	138	138	0.0
GRCh38_CMRG_19422	138	138	0.0
GRCh38_CMRG_30798	138	138	0.011452
GRCh38_CMRG_31600	138	138	0.0
GRCh38_CMRG_32312	138	138	2.4e-05
GRCh38_CMRG_38544	138	138	0.381963
GRCh38_CMRG_46605	138	138	0.0
GRCh38_CMRG_51109	138	138	0.261529
GRCh38_CMRG_53882	138	138	0.0
GRCh38_CMRG_59399	138	138	0.0
GRCh38_CMRG_59432	138	138	0.138117
GRCh38_CMRG_59854	138	138	0.0
GRCh38_CMRG_62084	138	138	0.0
GRCh38_CMRG_64895	138	138	0.008023
GRCh38_CMRG_7457	138	138	0.0
GRCh38_CMRG_82472	138	138	0.0
GRCh38_CMRG_11686	137	137	0.037295
GRCh38_CMRG_13959	137	137	3.2e-05
GRCh38_CMRG_17546	137	137	0.001481
GRCh38_CMRG_21613	137	137	0.237857
GRCh38_CMRG_29668	137	137	0.424977
GRCh38_CMRG_34659	137	137	0.0
GRCh38_CMRG_38133	137	137	0.0
GRCh38_CMRG_44063	137	137	0.0
GRCh38_CMRG_48515	137	137	0.0
GRCh38_CMRG_49407	137	137	0.0
GRCh38_CMRG_54148	137	137	0.0
GRCh38_CMRG_55575	137	137	0.000267
GRCh38_CMRG_55600	137	137	0.0
GRCh38_CMRG_58651	137	137	0.0
GRCh38_CMRG_6171	137	137	0.0
GRCh38_CMRG_65268	137	137	0.000257
GRCh38_CMRG_67495	137	137	0.0
GRCh38_CMRG_68817	137	137	0.0
GRCh38_CMRG_70870	137	137	0.0
GRCh38_CMRG_72599	137	137	0.0
GRCh38_CMRG_73037	137	137	0.0
GRCh38_CMRG_80826	137	137	0.0
GRCh38_CMRG_13758	136	136	0.0
GRCh38_CMRG_14335	136	136	0.079472
GRCh38_CMRG_16513	136	136	3.6e-05
GRCh38_CMRG_17734	136	136	0.0
GRCh38_CMRG_18924	136	136	0.0
GRCh38_CMRG_23312	136	136	0.0
GRCh38_CMRG_24452	136	136	0.221277
GRCh38_CMRG_30653	136	136	8e-06
GRCh38_CMRG_33648	136	136	0.0
GRCh38_CMRG_37498	136	136	0.0
GRCh38_CMRG_38219	136	136	0.0
GRCh38_CMRG_43710	136	136	0.0
GRCh38_CMRG_45199	136	136	0.505084
GRCh38_CMRG_47125	136	136	0.0
GRCh38_CMRG_49551	136	136	0.000404
GRCh38_CMRG_49846	136	136	0.125798
GRCh38_CMRG_50396	136	136	0.0
GRCh38_CMRG_52114	136	136	0.0
GRCh38_CMRG_62205	136	136	0.0
GRCh38_CMRG_65174	136	136	8e-06
GRCh38_CMRG_69064	136	136	0.0
GRCh38_CMRG_73025	136	136	0.006179
GRCh38_CMRG_75009	136	136	0.0
GRCh38_CMRG_82578	136	136	0.0
GRCh38_CMRG_1363	135	135	0.06202
GRCh38_CMRG_15001	135	135	0.0
GRCh38_CMRG_18551	135	135	0.069534
GRCh38_CMRG_23274	135	135	0.220278
GRCh38_CMRG_23606	135	135	0.0
GRCh38_CMRG_24242	135	135	0.204003
GRCh38_CMRG_26016	135	135	0.001473
GRCh38_CMRG_31990	135	135	0.0
GRCh38_CMRG_47882	135	135	0.292518
GRCh38_CMRG_61962	135	135	0.0
GRCh38_CMRG_64855	135	135	0.0
GRCh38_CMRG_65161	135	135	0.0
GRCh38_CMRG_67439	135	135	0.0
GRCh38_CMRG_6769	135	135	0.0
GRCh38_CMRG_68282	135	135	0.0
GRCh38_CMRG_68389	135	135	0.0
GRCh38_CMRG_79686	135	135	0.0
GRCh38_CMRG_81855	135	135	0.0
GRCh38_CMRG_84007	135	135	0.00149448
GRCh38_CMRG_18339	134	134	5e-05
GRCh38_CMRG_23673	134	134	0.0
GRCh38_CMRG_27263	134	134	0.089289
GRCh38_CMRG_30799	134	134	0.011452
GRCh38_CMRG_32872	134	134	0.0
GRCh38_CMRG_36790	134	134	0.0
GRCh38_CMRG_37365	134	134	0.0
GRCh38_CMRG_41730	134	134	0.0
GRCh38_CMRG_55562	134	134	0.0
GRCh38_CMRG_65784	134	134	0.0
GRCh38_CMRG_70155	134	134	0.058794
GRCh38_CMRG_70742	134	134	0.002466
GRCh38_CMRG_73382	134	134	1.0
GRCh38_CMRG_8925	134	134	0.00042
GRCh38_CMRG_11241	133	133	0.047659
GRCh38_CMRG_14163	133	133	0.000166
GRCh38_CMRG_28301	133	133	0.0
GRCh38_CMRG_28784	133	133	0.008627
GRCh38_CMRG_31505	133	133	0.0
GRCh38_CMRG_37685	133	133	0.014192
GRCh38_CMRG_39793	133	133	0.07023
GRCh38_CMRG_40016	133	133	0.000436
GRCh38_CMRG_41669	133	133	0.0
GRCh38_CMRG_48655	133	133	0.0
GRCh38_CMRG_48901	133	133	0.0
GRCh38_CMRG_49020	133	133	0.0
GRCh38_CMRG_50200	133	133	0.0
GRCh38_CMRG_55318	133	133	0.0
GRCh38_CMRG_72140	133	133	0.0
GRCh38_CMRG_72486	133	133	0.0
GRCh38_CMRG_74900	133	133	0.0
GRCh38_CMRG_75557	133	133	0.0
GRCh38_CMRG_79379	133	133	0.251581
GRCh38_CMRG_83743	133	133	0.231966
GRCh38_CMRG_83761	133	133	0.0
GRCh38_CMRG_83841	133	133	0.0
GRCh38_CMRG_13638	132	132	7.3e-05
GRCh38_CMRG_28115	132	132	0.0
GRCh38_CMRG_31297	132	132	0.0
GRCh38_CMRG_36595	132	132	3.4e-05
GRCh38_CMRG_36811	132	132	0.0
GRCh38_CMRG_39856	132	132	0.002116
GRCh38_CMRG_41015	132	132	7.9e-05
GRCh38_CMRG_45518	132	132	0.0
GRCh38_CMRG_48833	132	132	0.0
GRCh38_CMRG_49414	132	132	0.29454
GRCh38_CMRG_58596	132	132	0.162901
GRCh38_CMRG_59141	132	132	0.0
GRCh38_CMRG_63308	132	132	0.0
GRCh38_CMRG_65083	132	132	0.0
GRCh38_CMRG_65094	132	132	8e-06
GRCh38_CMRG_65233	132	132	0.024905
GRCh38_CMRG_67008	132	132	0.0
GRCh38_CMRG_68927	132	132	0.0
GRCh38_CMRG_69751	132	132	0.000493
GRCh38_CMRG_71900	132	132	0.0
GRCh38_CMRG_72784	132	132	0.0
GRCh38_CMRG_72960	132	132	0.128168
GRCh38_CMRG_7913	132	132	0.0
GRCh38_CMRG_8228	132	132	0.0
GRCh38_CMRG_82579	132	132	0.001467
GRCh38_CMRG_83610	132	132	0.0
GRCh38_CMRG_13953	131	131	0.0
GRCh38_CMRG_165	131	131	0.001295
GRCh38_CMRG_20993	131	131	0.0
GRCh38_CMRG_32339	131	131	0.0
GRCh38_CMRG_46281	131	131	0.001665
GRCh38_CMRG_48914	131	131	0.0
GRCh38_CMRG_491	131	131	0.0
GRCh38_CMRG_49537	131	131	0.005151
GRCh38_CMRG_53615	131	131	0.0
GRCh38_CMRG_53956	131	131	0.0
GRCh38_CMRG_58266	131	131	0.074298
GRCh38_CMRG_62612	131	131	0.448487
GRCh38_CMRG_64980	131	131	0.0
GRCh38_CMRG_67821	131	131	0.0
GRCh38_CMRG_68618	131	131	0.0
GRCh38_CMRG_68674	131	131	0.0
GRCh38_CMRG_69899	131	131	1.6e-05
GRCh38_CMRG_73283	131	131	0.065373
GRCh38_CMRG_73758	131	131	9e-06
GRCh38_CMRG_79276	131	131	0.018092
GRCh38_CMRG_81326	131	131	0.172446
GRCh38_CMRG_13894	130	130	0.0
GRCh38_CMRG_23945	130	130	0.545898
GRCh38_CMRG_24247	130	130	0.0
GRCh38_CMRG_28880	130	130	2e-05
GRCh38_CMRG_32802	130	130	0.0
GRCh38_CMRG_34354	130	130	0.0
GRCh38_CMRG_34704	130	130	0.0
GRCh38_CMRG_36629	130	130	0.0
GRCh38_CMRG_38546	130	130	0.0
GRCh38_CMRG_45187	130	130	0.0
GRCh38_CMRG_45220	130	130	0.000176
GRCh38_CMRG_45868	130	130	0.730553
GRCh38_CMRG_48858	130	130	0.0
GRCh38_CMRG_48989	130	130	0.135912
GRCh38_CMRG_58332	130	130	0.0
GRCh38_CMRG_61759	130	130	1.8e-05
GRCh38_CMRG_64973	130	130	0.0
GRCh38_CMRG_67881	130	130	0.0
GRCh38_CMRG_70508	130	130	0.0
GRCh38_CMRG_72771	130	130	0.339941
GRCh38_CMRG_73383	130	130	1.0
GRCh38_CMRG_82782	130	130	0.0
GRCh38_CMRG_9696	130	130	0.000468
GRCh38_CMRG_11269	129	129	0.047659
GRCh38_CMRG_13163	129	129	0.0
GRCh38_CMRG_15521	129	129	0.068019
GRCh38_CMRG_17075	129	129	0.046747
GRCh38_CMRG_21345	129	129	0.237857
GRCh38_CMRG_26983	129	129	0.0
GRCh38_CMRG_27409	129	129	0.0
GRCh38_CMRG_32902	129	129	0.0
GRCh38_CMRG_36775	129	129	0.0
GRCh38_CMRG_38493	129	129	0.0
GRCh38_CMRG_53844	129	129	0.0
GRCh38_CMRG_55544	129	129	0.0
GRCh38_CMRG_59139	129	129	0.107061
GRCh38_CMRG_5984	129	129	0.0
GRCh38_CMRG_60171	129	129	0.0
GRCh38_CMRG_60190	129	129	0.114614
GRCh38_CMRG_60925	129	129	0.0
GRCh38_CMRG_67338	129	129	0.0
GRCh38_CMRG_71083	129	129	0.0
GRCh38_CMRG_82781	129	129	0.0
GRCh38_CMRG_84364	129	129	0.0
GRCh38_CMRG_12945	128	128	0.0
GRCh38_CMRG_13164	128	128	0.0
GRCh38_CMRG_23759	128	128	0.0
GRCh38_CMRG_24137	128	128	0.452232
GRCh38_CMRG_27170	128	128	0.0
GRCh38_CMRG_2737	128	128	0.0
GRCh38_CMRG_30749	128	128	0.0
GRCh38_CMRG_38471	128	128	0.0
GRCh38_CMRG_54006	128	128	0.021733
GRCh38_CMRG_59120	128	128	0.0
GRCh38_CMRG_59184	128	128	0.104738
GRCh38_CMRG_60974	128	128	0.0
GRCh38_CMRG_67090	128	128	0.063841
GRCh38_CMRG_68045	128	128	0.0
GRCh38_CMRG_72710	128	128	0.0
GRCh38_CMRG_72777	128	128	0.484791
GRCh38_CMRG_77111	128	128	0.100597
GRCh38_CMRG_82355	128	128	0.0
GRCh38_CMRG_17374	127	127	1.0
GRCh38_CMRG_17375	127	127	1.0
GRCh38_CMRG_17861	127	127	0.0
GRCh38_CMRG_18553	127	127	0.0
GRCh38_CMRG_26793	127	127	0.003526
GRCh38_CMRG_48173	127	127	0.061788
GRCh38_CMRG_49738	127	127	0.0
GRCh38_CMRG_51224	127	127	1.8e-05
GRCh38_CMRG_55319	127	127	0.0
GRCh38_CMRG_5815	127	127	0.0
GRCh38_CMRG_6753	127	127	0.0
GRCh38_CMRG_7866	127	127	0.321635
GRCh38_CMRG_82378	127	127	0.0
GRCh38_CMRG_1867	126	126	0.328516
GRCh38_CMRG_21824	126	126	0.237857
GRCh38_CMRG_23471	126	126	0.0
GRCh38_CMRG_32835	126	126	0.0
GRCh38_CMRG_39256	126	126	8e-06
GRCh38_CMRG_39792	126	126	0.057523
GRCh38_CMRG_44165	126	126	0.0
GRCh38_CMRG_49555	126	126	0.005115
GRCh38_CMRG_53283	126	126	0.000257
GRCh38_CMRG_58520	126	126	0.0
GRCh38_CMRG_59056	126	126	0.0
GRCh38_CMRG_61682	126	126	0.0
GRCh38_CMRG_63813	126	126	0.0
GRCh38_CMRG_67131	126	126	3.2e-05
GRCh38_CMRG_69689	126	126	0.280485
GRCh38_CMRG_70179	126	126	0.0
GRCh38_CMRG_71450	126	126	0.002246
GRCh38_CMRG_74434	126	126	0.0
GRCh38_CMRG_80978	126	126	0.0
GRCh38_CMRG_10958	125	125	0.231814
GRCh38_CMRG_12685	125	125	0.0
GRCh38_CMRG_18587	125	125	0.0
GRCh38_CMRG_24274	125	125	0.0
GRCh38_CMRG_41553	125	125	0.178497
GRCh38_CMRG_45372	125	125	0.0
GRCh38_CMRG_45388	125	125	0.0
GRCh38_CMRG_6420	125	125	0.000707
GRCh38_CMRG_67679	125	125	0.0
GRCh38_CMRG_70492	125	125	0.069934
GRCh38_CMRG_71186	125	125	0.001009
GRCh38_CMRG_79678	125	125	0.068842
GRCh38_CMRG_79716	125	125	7.6e-05
GRCh38_CMRG_8126	125	125	0.0
GRCh38_CMRG_84036	125	125	0.0001828
GRCh38_CMRG_8850	125	125	0.000514
GRCh38_CMRG_11877	124	124	0.25773
GRCh38_CMRG_1292	124	124	0.0
GRCh38_CMRG_14916	124	124	0.099333
GRCh38_CMRG_19543	124	124	0.105583
GRCh38_CMRG_21377	124	124	0.237857
GRCh38_CMRG_22445	124	124	0.0
GRCh38_CMRG_23890	124	124	0.0
GRCh38_CMRG_26379	124	124	0.001696
GRCh38_CMRG_28489	124	124	0.0
GRCh38_CMRG_32330	124	124	0.0
GRCh38_CMRG_37239	124	124	0.0
GRCh38_CMRG_43738	124	124	0.0
GRCh38_CMRG_48267	124	124	0.125
GRCh38_CMRG_48679	124	124	0.0
GRCh38_CMRG_61258	124	124	0.0
GRCh38_CMRG_65277	124	124	0.082735
GRCh38_CMRG_68126	124	124	0.0
GRCh38_CMRG_71451	124	124	0.002246
GRCh38_CMRG_81268	124	124	0.159448
GRCh38_CMRG_82524	124	124	0.022649
GRCh38_CMRG_83216	124	124	0.0
GRCh38_CMRG_8393	124	124	0.0
GRCh38_CMRG_12043	123	123	0.465731
GRCh38_CMRG_13541	123	123	0.0
GRCh38_CMRG_1557	123	123	0.006484
GRCh38_CMRG_22030	123	123	0.0
GRCh38_CMRG_23454	123	123	0.121498
GRCh38_CMRG_25765	123	123	0.000129
GRCh38_CMRG_33897	123	123	0.0
GRCh38_CMRG_34740	123	123	0.0
GRCh38_CMRG_36095	123	123	0.281434
GRCh38_CMRG_45124	123	123	0.0
GRCh38_CMRG_45125	123	123	0.0
GRCh38_CMRG_49053	123	123	0.000783
GRCh38_CMRG_62487	123	123	0.0
GRCh38_CMRG_64009	123	123	0.001342
GRCh38_CMRG_64850	123	123	0.001013
GRCh38_CMRG_67079	123	123	0.071495
GRCh38_CMRG_71031	123	123	0.106046
GRCh38_CMRG_72693	123	123	0.0
GRCh38_CMRG_72964	123	123	0.0
GRCh38_CMRG_73686	123	123	0.685423
GRCh38_CMRG_76795	123	123	0.0
GRCh38_CMRG_79263	123	123	0.018092
GRCh38_CMRG_81359	123	123	0.0
GRCh38_CMRG_9201	123	123	0.004843
GRCh38_CMRG_10748	122	122	0.089852
GRCh38_CMRG_11817	122	122	0.000468
GRCh38_CMRG_14148	122	122	0.0
GRCh38_CMRG_14718	122	122	0.0
GRCh38_CMRG_18840	122	122	0.0
GRCh38_CMRG_24508	122	122	0.0
GRCh38_CMRG_34486	122	122	0.0
GRCh38_CMRG_36480	122	122	8e-06
GRCh38_CMRG_37961	122	122	0.0
GRCh38_CMRG_65062	122	122	0.002665
GRCh38_CMRG_71386	122	122	0.0
GRCh38_CMRG_72466	122	122	0.037435
GRCh38_CMRG_83573	122	122	0.0
GRCh38_CMRG_10829	121	121	0.074792
GRCh38_CMRG_13256	121	121	0.0
GRCh38_CMRG_16878	121	121	0.0
GRCh38_CMRG_19275	121	121	0.187429
GRCh38_CMRG_31582	121	121	0.103748
GRCh38_CMRG_32209	121	121	0.0
GRCh38_CMRG_32629	121	121	0.19715
GRCh38_CMRG_33057	121	121	0.0
GRCh38_CMRG_33061	121	121	0.0
GRCh38_CMRG_33085	121	121	0.000249
GRCh38_CMRG_34423	121	121	8.8e-05
GRCh38_CMRG_35855	121	121	0.0
GRCh38_CMRG_40268	121	121	0.351053
GRCh38_CMRG_41679	121	121	0.007445
GRCh38_CMRG_42579	121	121	0.0
GRCh38_CMRG_44536	121	121	0.0
GRCh38_CMRG_48434	121	121	0.040363
GRCh38_CMRG_49360	121	121	0.0
GRCh38_CMRG_50463	121	121	0.0
GRCh38_CMRG_51649	121	121	0.130119
GRCh38_CMRG_52973	121	121	0.0
GRCh38_CMRG_58094	121	121	0.0
GRCh38_CMRG_61478	121	121	0.006138
GRCh38_CMRG_63268	121	121	0.5
GRCh38_CMRG_65627	121	121	0.0
GRCh38_CMRG_67969	121	121	2.4e-05
GRCh38_CMRG_75332	121	121	0.0
GRCh38_CMRG_7867	121	121	0.0
GRCh38_CMRG_79586	121	121	0.001929
GRCh38_CMRG_81345	121	121	0.001592
GRCh38_CMRG_84188	121	121	0.623643
GRCh38_CMRG_9275	121	121	0.000788
GRCh38_CMRG_10732	120	120	0.047659
GRCh38_CMRG_15541	120	120	0.000819
GRCh38_CMRG_17335	120	120	0.0
GRCh38_CMRG_23213	120	120	0.0
GRCh38_CMRG_24054	120	120	0.306621
GRCh38_CMRG_32968	120	120	0.0
GRCh38_CMRG_36077	120	120	0.000926
GRCh38_CMRG_37667	120	120	0.0
GRCh38_CMRG_45211	120	120	0.607912
GRCh38_CMRG_45215	120	120	0.0
GRCh38_CMRG_49140	120	120	0.0
GRCh38_CMRG_49412	120	120	5.6e-05
GRCh38_CMRG_53009	120	120	0.0
GRCh38_CMRG_54401	120	120	0.033547
GRCh38_CMRG_58491	120	120	0.0
GRCh38_CMRG_60097	120	120	0.006774
GRCh38_CMRG_6185	120	120	0.000312
GRCh38_CMRG_64434	120	120	0.019208
GRCh38_CMRG_70250	120	120	0.000651
GRCh38_CMRG_70488	120	120	0.0
GRCh38_CMRG_73265	120	120	0.0
GRCh38_CMRG_76674	120	120	0.0
GRCh38_CMRG_81349	120	120	0.0
GRCh38_CMRG_81533	120	120	0.0
GRCh38_CMRG_81619	120	120	0.0
GRCh38_CMRG_83086	120	120	0.134206
GRCh38_CMRG_83757	120	120	0.058216
GRCh38_CMRG_14030	119	119	0.445539
GRCh38_CMRG_14411	119	119	0.0
GRCh38_CMRG_16499	119	119	0.4729
GRCh38_CMRG_18342	119	119	0.0
GRCh38_CMRG_19042	119	119	0.006556
GRCh38_CMRG_2605	119	119	0.0
GRCh38_CMRG_26652	119	119	0.104845
GRCh38_CMRG_31730	119	119	0.107088
GRCh38_CMRG_32936	119	119	0.0
GRCh38_CMRG_34124	119	119	0.0
GRCh38_CMRG_41446	119	119	0.0
GRCh38_CMRG_43709	119	119	0.25891
GRCh38_CMRG_46126	119	119	0.0
GRCh38_CMRG_54959	119	119	0.06642
GRCh38_CMRG_61469	119	119	0.0
GRCh38_CMRG_63426	119	119	0.94896
GRCh38_CMRG_72493	119	119	0.001668
GRCh38_CMRG_72753	119	119	0.041285
GRCh38_CMRG_7349	119	119	0.0
GRCh38_CMRG_80002	119	119	0.003271
GRCh38_CMRG_10580	118	118	0.047659
GRCh38_CMRG_18972	118	118	0.060832
GRCh38_CMRG_21967	118	118	0.237857
GRCh38_CMRG_23169	118	118	0.0
GRCh38_CMRG_24124	118	118	0.0
GRCh38_CMRG_26366	118	118	0.00786
GRCh38_CMRG_28152	118	118	0.027011
GRCh38_CMRG_30052	118	118	0.0
GRCh38_CMRG_33666	118	118	0.000598
GRCh38_CMRG_35875	118	118	0.0
GRCh38_CMRG_444	118	118	0.260678
GRCh38_CMRG_45754	118	118	0.001153
GRCh38_CMRG_50559	118	118	0.0
GRCh38_CMRG_62615	118	118	0.007626
GRCh38_CMRG_65179	118	118	8e-06
GRCh38_CMRG_68687	118	118	0.0
GRCh38_CMRG_73266	118	118	0.0
GRCh38_CMRG_76974	118	118	0.0
GRCh38_CMRG_12940	117	117	0.014882
GRCh38_CMRG_15108	117	117	0.000492
GRCh38_CMRG_18295	117	117	0.0
GRCh38_CMRG_24106	117	117	0.0
GRCh38_CMRG_25051	117	117	0.063534
GRCh38_CMRG_33062	117	117	0.0
GRCh38_CMRG_38304	117	117	0.0
GRCh38_CMRG_41217	117	117	0.0
GRCh38_CMRG_54981	117	117	3.4e-05
GRCh38_CMRG_58626	117	117	0.003535
GRCh38_CMRG_76975	117	117	0.0
GRCh38_CMRG_77254	117	117	0.0
GRCh38_CMRG_77406	117	117	0.000205
GRCh38_CMRG_83821	117	117	0.123809
GRCh38_CMRG_83961	117	117	0.00165546
GRCh38_CMRG_8952	117	117	0.000156
GRCh38_CMRG_9439	117	117	0.000468
GRCh38_CMRG_18454	116	116	0.0
GRCh38_CMRG_25929	116	116	0.0
GRCh38_CMRG_29212	116	116	0.0
GRCh38_CMRG_32775	116	116	0.141427
GRCh38_CMRG_33063	116	116	0.0
GRCh38_CMRG_41813	116	116	0.0
GRCh38_CMRG_42547	116	116	0.0
GRCh38_CMRG_44109	116	116	8e-06
GRCh38_CMRG_49144	116	116	0.0
GRCh38_CMRG_50201	116	116	0.0
GRCh38_CMRG_53073	116	116	0.495677
GRCh38_CMRG_54766	116	116	0.087116
GRCh38_CMRG_59687	116	116	0.248018
GRCh38_CMRG_62280	116	116	0.036069
GRCh38_CMRG_68256	116	116	0.0
GRCh38_CMRG_69703	116	116	0.119572
GRCh38_CMRG_71417	116	116	0.140054
GRCh38_CMRG_73262	116	116	0.0
GRCh38_CMRG_75540	116	116	0.113032
GRCh38_CMRG_79129	116	116	0.018092
GRCh38_CMRG_8997	116	116	0.001961
GRCh38_CMRG_8998	116	116	0.0
GRCh38_CMRG_10907	115	115	0.05175
GRCh38_CMRG_1736	115	115	0.0
GRCh38_CMRG_19358	115	115	0.0
GRCh38_CMRG_1989	115	115	0.0
GRCh38_CMRG_22608	115	115	0.001162
GRCh38_CMRG_23371	115	115	0.0
GRCh38_CMRG_24344	115	115	0.0
GRCh38_CMRG_25276	115	115	0.0
GRCh38_CMRG_26681	115	115	0.000893
GRCh38_CMRG_27577	115	115	0.114828
GRCh38_CMRG_28488	115	115	0.0
GRCh38_CMRG_31347	115	115	0.060412
GRCh38_CMRG_32705	115	115	0.0
GRCh38_CMRG_40885	115	115	0.151276
GRCh38_CMRG_41478	115	115	0.0
GRCh38_CMRG_421	115	115	0.0
GRCh38_CMRG_43690	115	115	0.0
GRCh38_CMRG_48809	115	115	0.0
GRCh38_CMRG_58627	115	115	0.003535
GRCh38_CMRG_61259	115	115	0.0
GRCh38_CMRG_71999	115	115	0.0
GRCh38_CMRG_72458	115	115	0.0
GRCh38_CMRG_75668	115	115	0.100843
GRCh38_CMRG_79033	115	115	0.018092
GRCh38_CMRG_7923	115	115	0.0
GRCh38_CMRG_79924	115	115	0.0
GRCh38_CMRG_81404	115	115	5.7e-05
GRCh38_CMRG_8149	115	115	0.0
GRCh38_CMRG_81685	115	115	0.0
GRCh38_CMRG_82310	115	115	3.2e-05
GRCh38_CMRG_82945	115	115	3.14051e-05
GRCh38_CMRG_8378	115	115	0.000108
GRCh38_CMRG_13687	114	114	0.0
GRCh38_CMRG_14010	114	114	0.0
GRCh38_CMRG_23238	114	114	0.498168
GRCh38_CMRG_24038	114	114	0.0
GRCh38_CMRG_26009	114	114	4.5e-05
GRCh38_CMRG_32633	114	114	0.0
GRCh38_CMRG_33737	114	114	0.0
GRCh38_CMRG_36211	114	114	0.0
GRCh38_CMRG_39604	114	114	0.0
GRCh38_CMRG_55420	114	114	0.0
GRCh38_CMRG_55452	114	114	0.174457
GRCh38_CMRG_60547	114	114	0.0
GRCh38_CMRG_60823	114	114	0.069778
GRCh38_CMRG_62441	114	114	0.0
GRCh38_CMRG_63340	114	114	0.049235
GRCh38_CMRG_64646	114	114	0.03649
GRCh38_CMRG_68281	114	114	0.0
GRCh38_CMRG_70384	114	114	0.0
GRCh38_CMRG_72532	114	114	0.0
GRCh38_CMRG_7549	114	114	0.045576
GRCh38_CMRG_79544	114	114	0.002969
GRCh38_CMRG_8297	114	114	0.997502
GRCh38_CMRG_11692	113	113	0.000468
GRCh38_CMRG_11886	113	113	0.000468
GRCh38_CMRG_23589	113	113	0.0
GRCh38_CMRG_28641	113	113	0.0
GRCh38_CMRG_29337	113	113	0.0
GRCh38_CMRG_34732	113	113	0.0
GRCh38_CMRG_37508	113	113	0.000157
GRCh38_CMRG_47524	113	113	0.0
GRCh38_CMRG_48580	113	113	6.4e-05
GRCh38_CMRG_49043	113	113	0.0594
GRCh38_CMRG_59971	113	113	0.0
GRCh38_CMRG_69351	113	113	0.0
GRCh38_CMRG_71104	113	113	0.0
GRCh38_CMRG_72561	113	113	0.0
GRCh38_CMRG_72706	113	113	0.0
GRCh38_CMRG_72719	113	113	0.0
GRCh38_CMRG_73578	113	113	0.0
GRCh38_CMRG_75403	113	113	0.02519
GRCh38_CMRG_7598	113	113	0.011087
GRCh38_CMRG_77620	113	113	0.028784
GRCh38_CMRG_79022	113	113	0.018092
GRCh38_CMRG_11045	112	112	0.050435
GRCh38_CMRG_12168	112	112	0.868287
GRCh38_CMRG_13397	112	112	0.0
GRCh38_CMRG_17098	112	112	0.0
GRCh38_CMRG_1969	112	112	0.0
GRCh38_CMRG_20840	112	112	0.07838
GRCh38_CMRG_22856	112	112	0.0
GRCh38_CMRG_22984	112	112	0.0
GRCh38_CMRG_23948	112	112	0.0
GRCh38_CMRG_26937	112	112	0.08681
GRCh38_CMRG_30556	112	112	0.0
GRCh38_CMRG_31630	112	112	0.0
GRCh38_CMRG_32434	112	112	0.0
GRCh38_CMRG_33421	112	112	0.0
GRCh38_CMRG_36376	112	112	0.0
GRCh38_CMRG_37836	112	112	0.0
GRCh38_CMRG_398	112	112	0.0
GRCh38_CMRG_41723	112	112	0.0
GRCh38_CMRG_49309	112	112	0.0
GRCh38_CMRG_50891	112	112	0.0
GRCh38_CMRG_50892	112	112	0.0
GRCh38_CMRG_55532	112	112	0.456458
GRCh38_CMRG_65337	112	112	0.0
GRCh38_CMRG_70071	112	112	0.126768
GRCh38_CMRG_73424	112	112	0.0
GRCh38_CMRG_82474	112	112	0.0
GRCh38_CMRG_83254	112	112	0.164446
GRCh38_CMRG_9470	112	112	0.000468
GRCh38_CMRG_21569	111	111	0.292378
GRCh38_CMRG_24266	111	111	0.0
GRCh38_CMRG_30960	111	111	0.0
GRCh38_CMRG_33058	111	111	0.0
GRCh38_CMRG_34563	111	111	0.0
GRCh38_CMRG_34564	111	111	0.0
GRCh38_CMRG_39650	111	111	0.475981
GRCh38_CMRG_40956	111	111	0.000478
GRCh38_CMRG_43984	111	111	0.730717
GRCh38_CMRG_46219	111	111	0.00672
GRCh38_CMRG_48583	111	111	6.4e-05
GRCh38_CMRG_51261	111	111	0.0
GRCh38_CMRG_53961	111	111	0.0
GRCh38_CMRG_64145	111	111	0.033919
GRCh38_CMRG_67196	111	111	0.0
GRCh38_CMRG_69898	111	111	0.0
GRCh38_CMRG_72910	111	111	0.001071
GRCh38_CMRG_74612	111	111	0.0
GRCh38_CMRG_74781	111	111	0.151411
GRCh38_CMRG_79130	111	111	0.018092
GRCh38_CMRG_79869	111	111	0.0
GRCh38_CMRG_79898	111	111	0.0
GRCh38_CMRG_8052	111	111	0.0
GRCh38_CMRG_8317	111	111	0.0
GRCh38_CMRG_9485	111	111	0.142161
GRCh38_CMRG_13640	110	110	7.3e-05
GRCh38_CMRG_24836	110	110	0.0
GRCh38_CMRG_25968	110	110	0.0
GRCh38_CMRG_31004	110	110	0.277372
GRCh38_CMRG_36083	110	110	0.475023
GRCh38_CMRG_36621	110	110	0.001423
GRCh38_CMRG_36672	110	110	0.0469
GRCh38_CMRG_36673	110	110	0.0469
GRCh38_CMRG_37507	110	110	0.000157
GRCh38_CMRG_41649	110	110	0.004814
GRCh38_CMRG_45184	110	110	0.624409
GRCh38_CMRG_497	110	110	0.0
GRCh38_CMRG_51657	110	110	0.011931
GRCh38_CMRG_55618	110	110	0.223949
GRCh38_CMRG_58060	110	110	0.298668
GRCh38_CMRG_63710	110	110	0.0
GRCh38_CMRG_64967	110	110	0.0
GRCh38_CMRG_65208	110	110	0.0
GRCh38_CMRG_66998	110	110	0.0
GRCh38_CMRG_68351	110	110	0.0
GRCh38_CMRG_68449	110	110	0.0
GRCh38_CMRG_72024	110	110	0.0
GRCh38_CMRG_72754	110	110	0.041285
GRCh38_CMRG_7350	110	110	0.023263
GRCh38_CMRG_76878	110	110	0.007373
GRCh38_CMRG_77533	110	110	9.8e-05
GRCh38_CMRG_11581	109	109	0.000468
GRCh38_CMRG_11922	109	109	0.000468
GRCh38_CMRG_24407	109	109	0.4535
GRCh38_CMRG_28328	109	109	0.0
GRCh38_CMRG_29667	109	109	0.424977
GRCh38_CMRG_384	109	109	0.0
GRCh38_CMRG_40522	109	109	0.077975
GRCh38_CMRG_44982	109	109	0.0
GRCh38_CMRG_46388	109	109	0.004371
GRCh38_CMRG_5807	109	109	0.0
GRCh38_CMRG_61968	109	109	0.0
GRCh38_CMRG_64920	109	109	0.0
GRCh38_CMRG_67039	109	109	0.0
GRCh38_CMRG_67777	109	109	0.0
GRCh38_CMRG_75	109	109	0.0
GRCh38_CMRG_79327	109	109	0.018092
GRCh38_CMRG_7979	109	109	0.0
GRCh38_CMRG_83252	109	109	0.0
GRCh38_CMRG_17607	108	108	0.0
GRCh38_CMRG_17662	108	108	0.0
GRCh38_CMRG_1947	108	108	0.000189
GRCh38_CMRG_24244	108	108	0.0
GRCh38_CMRG_25308	108	108	0.207848
GRCh38_CMRG_26973	108	108	0.0
GRCh38_CMRG_33741	108	108	0.0
GRCh38_CMRG_33809	108	108	0.0
GRCh38_CMRG_37624	108	108	0.347861
GRCh38_CMRG_42543	108	108	0.0
GRCh38_CMRG_52695	108	108	0.0
GRCh38_CMRG_53003	108	108	0.0
GRCh38_CMRG_72559	108	108	0.0
GRCh38_CMRG_80813	108	108	0.060152
GRCh38_CMRG_13951	107	107	0.012014
GRCh38_CMRG_15316	107	107	0.0
GRCh38_CMRG_154	107	107	0.0
GRCh38_CMRG_18043	107	107	0.01907
GRCh38_CMRG_24286	107	107	0.0
GRCh38_CMRG_32359	107	107	0.0
GRCh38_CMRG_34670	107	107	0.0
GRCh38_CMRG_37238	107	107	0.0
GRCh38_CMRG_45618	107	107	0.0
GRCh38_CMRG_48646	107	107	0.0
GRCh38_CMRG_50885	107	107	0.0
GRCh38_CMRG_52080	107	107	0.000272
GRCh38_CMRG_52102	107	107	0.0
GRCh38_CMRG_60357	107	107	0.0
GRCh38_CMRG_61850	107	107	0.0
GRCh38_CMRG_62630	107	107	0.38204
GRCh38_CMRG_67279	107	107	0.0
GRCh38_CMRG_68759	107	107	1.7e-05
GRCh38_CMRG_71670	107	107	0.0
GRCh38_CMRG_7230	107	107	0.105419
GRCh38_CMRG_74615	107	107	0.0
GRCh38_CMRG_7926	107	107	0.0
GRCh38_CMRG_81191	107	107	0.0
GRCh38_CMRG_81472	107	107	0.055261
GRCh38_CMRG_19276	106	106	0.00021
GRCh38_CMRG_22055	106	106	0.0
GRCh38_CMRG_23970	106	106	0.0
GRCh38_CMRG_23971	106	106	0.0
GRCh38_CMRG_24284	106	106	0.0
GRCh38_CMRG_24489	106	106	0.322688
GRCh38_CMRG_28019	106	106	0.078313
GRCh38_CMRG_29068	106	106	0.0
GRCh38_CMRG_32610	106	106	0.254773
GRCh38_CMRG_33395	106	106	0.192248
GRCh38_CMRG_37224	106	106	0.141666
GRCh38_CMRG_41507	106	106	0.0
GRCh38_CMRG_45195	106	106	0.0
GRCh38_CMRG_48861	106	106	0.0
GRCh38_CMRG_51460	106	106	0.453481
GRCh38_CMRG_58895	106	106	0.099583
GRCh38_CMRG_58896	106	106	0.099583
GRCh38_CMRG_59140	106	106	0.074157
GRCh38_CMRG_73665	106	106	0.0
GRCh38_CMRG_75152	106	106	0.0
GRCh38_CMRG_79223	106	106	0.018092
GRCh38_CMRG_8304	106	106	0.0
GRCh38_CMRG_9673	106	106	0.000468
GRCh38_CMRG_11433	105	105	0.000468
GRCh38_CMRG_13479	105	105	0.0
GRCh38_CMRG_13641	105	105	7.3e-05
GRCh38_CMRG_18860	105	105	0.155885
GRCh38_CMRG_19623	105	105	0.0
GRCh38_CMRG_20989	105	105	0.0
GRCh38_CMRG_21142	105	105	0.0
GRCh38_CMRG_23695	105	105	0.0
GRCh38_CMRG_26276	105	105	0.0
GRCh38_CMRG_26969	105	105	0.0
GRCh38_CMRG_28847	105	105	0.021458
GRCh38_CMRG_32433	105	105	0.0
GRCh38_CMRG_36350	105	105	0.0
GRCh38_CMRG_43929	105	105	0.0
GRCh38_CMRG_44233	105	105	0.016355
GRCh38_CMRG_49158	105	105	0.0
GRCh38_CMRG_52249	105	105	0.294281
GRCh38_CMRG_52483	105	105	0.027917
GRCh38_CMRG_53253	105	105	0.0
GRCh38_CMRG_55454	105	105	0.174457
GRCh38_CMRG_55669	105	105	0.0
GRCh38_CMRG_62524	105	105	0.000333
GRCh38_CMRG_62563	105	105	1.6e-05
GRCh38_CMRG_63996	105	105	0.0
GRCh38_CMRG_67819	105	105	0.001125
GRCh38_CMRG_72959	105	105	0.0
GRCh38_CMRG_77530	105	105	0.069392
GRCh38_CMRG_79023	105	105	0.018092
GRCh38_CMRG_81029	105	105	0.071717
GRCh38_CMRG_84000	105	105	0.0
GRCh38_CMRG_10782	104	104	0.047659
GRCh38_CMRG_1298	104	104	0.0
GRCh38_CMRG_13118	104	104	0.0
GRCh38_CMRG_14054	104	104	0.378719
GRCh38_CMRG_15451	104	104	0.0
GRCh38_CMRG_22206	104	104	0.0
GRCh38_CMRG_22968	104	104	0.0
GRCh38_CMRG_28174	104	104	0.0
GRCh38_CMRG_30033	104	104	0.005187
GRCh38_CMRG_31601	104	104	0.0
GRCh38_CMRG_32829	104	104	0.0
GRCh38_CMRG_32979	104	104	0.0
GRCh38_CMRG_41440	104	104	0.0
GRCh38_CMRG_44158	104	104	0.15156
GRCh38_CMRG_46094	104	104	0.0
GRCh38_CMRG_48749	104	104	0.547456
GRCh38_CMRG_50541	104	104	0.029937
GRCh38_CMRG_51355	104	104	0.105025
GRCh38_CMRG_60560	104	104	0.0
GRCh38_CMRG_6660	104	104	0.0
GRCh38_CMRG_68516	104	104	0.0
GRCh38_CMRG_70280	104	104	0.0
GRCh38_CMRG_70695	104	104	0.108283
GRCh38_CMRG_75170	104	104	0.089772
GRCh38_CMRG_82184	104	104	0.26714
GRCh38_CMRG_82416	104	104	0.0
GRCh38_CMRG_8249	104	104	0.016029
GRCh38_CMRG_83847	104	104	0.0
GRCh38_CMRG_84106	104	104	0.0205573
GRCh38_CMRG_8575	104	104	0.0
GRCh38_CMRG_17545	103	103	0.001481
GRCh38_CMRG_27483	103	103	0.000244
GRCh38_CMRG_41494	103	103	0.0
GRCh38_CMRG_41984	103	103	0.000168
GRCh38_CMRG_45776	103	103	0.0
GRCh38_CMRG_48921	103	103	0.0
GRCh38_CMRG_49017	103	103	0.0
GRCh38_CMRG_50563	103	103	0.0
GRCh38_CMRG_52059	103	103	0.0
GRCh38_CMRG_55467	103	103	3.2e-05
GRCh38_CMRG_59708	103	103	0.0
GRCh38_CMRG_61278	103	103	0.09446
GRCh38_CMRG_656	103	103	0.0
GRCh38_CMRG_73956	103	103	0.0
GRCh38_CMRG_74886	103	103	0.0
GRCh38_CMRG_76973	103	103	0.0
GRCh38_CMRG_79493	103	103	0.080892
GRCh38_CMRG_80010	103	103	0.274479
GRCh38_CMRG_80950	103	103	0.0
GRCh38_CMRG_81909	103	103	0.0
GRCh38_CMRG_9757	103	103	0.000468
GRCh38_CMRG_1713	102	102	0.99934
GRCh38_CMRG_17775	102	102	0.177044
GRCh38_CMRG_2770	102	102	0.0
GRCh38_CMRG_28737	102	102	0.0
GRCh38_CMRG_30681	102	102	0.007816
GRCh38_CMRG_36559	102	102	0.0
GRCh38_CMRG_37509	102	102	0.000157
GRCh38_CMRG_40028	102	102	8.8e-05
GRCh38_CMRG_41658	102	102	0.0
GRCh38_CMRG_49315	102	102	0.0
GRCh38_CMRG_49582	102	102	0.001684
GRCh38_CMRG_68257	102	102	0.0
GRCh38_CMRG_73354	102	102	1.6e-05
GRCh38_CMRG_82026	102	102	0.892186
GRCh38_CMRG_1783	101	101	0.03673
GRCh38_CMRG_19261	101	101	0.33858
GRCh38_CMRG_21775	101	101	0.237857
GRCh38_CMRG_23559	101	101	0.0
GRCh38_CMRG_24510	101	101	0.0
GRCh38_CMRG_24543	101	101	4.3e-05
GRCh38_CMRG_28471	101	101	0.0
GRCh38_CMRG_32776	101	101	0.140053
GRCh38_CMRG_32834	101	101	0.0
GRCh38_CMRG_49355	101	101	0.0
GRCh38_CMRG_51275	101	101	0.099465
GRCh38_CMRG_52001	101	101	0.016306
GRCh38_CMRG_54366	101	101	0.444352
GRCh38_CMRG_54776	101	101	0.059976
GRCh38_CMRG_54983	101	101	0.000168
GRCh38_CMRG_55385	101	101	0.0
GRCh38_CMRG_5809	101	101	0.0
GRCh38_CMRG_72612	101	101	0.039317
GRCh38_CMRG_73680	101	101	0.0
GRCh38_CMRG_18329	100	100	0.0
GRCh38_CMRG_25777	100	100	0.065758
GRCh38_CMRG_27169	100	100	0.0
GRCh38_CMRG_32841	100	100	0.0
GRCh38_CMRG_37913	100	100	0.0
GRCh38_CMRG_41381	100	100	0.001064
GRCh38_CMRG_44002	100	100	0.0
GRCh38_CMRG_48771	100	100	0.089799
GRCh38_CMRG_49529	100	100	0.000849
GRCh38_CMRG_49641	100	100	0.000571
GRCh38_CMRG_49642	100	100	0.000571
GRCh38_CMRG_58124	100	100	0.0
GRCh38_CMRG_58598	100	100	0.162901
GRCh38_CMRG_62550	100	100	0.122274
GRCh38_CMRG_64821	100	100	0.269435
GRCh38_CMRG_65465	100	100	0.000842
GRCh38_CMRG_68302	100	100	0.13495
GRCh38_CMRG_68813	100	100	5.1e-05
GRCh38_CMRG_69956	100	100	0.0
GRCh38_CMRG_70112	100	100	0.0
GRCh38_CMRG_72678	100	100	0.0
GRCh38_CMRG_74033	100	100	0.001391
GRCh38_CMRG_77621	100	100	0.0
GRCh38_CMRG_82356	100	100	0.0
GRCh38_CMRG_11693	99	99	0.000468
GRCh38_CMRG_13019	99	99	0.0
GRCh38_CMRG_13347	99	99	0.0
GRCh38_CMRG_17189	99	99	0.142236
GRCh38_CMRG_23699	99	99	0.0
GRCh38_CMRG_24397	99	99	0.0
GRCh38_CMRG_27165	99	99	0.0
GRCh38_CMRG_33797	99	99	0.0
GRCh38_CMRG_37255	99	99	0.061644
GRCh38_CMRG_38248	99	99	0.0
GRCh38_CMRG_38536	99	99	0.0
GRCh38_CMRG_44456	99	99	1.6e-05
GRCh38_CMRG_44516	99	99	0.010849
GRCh38_CMRG_45835	99	99	0.0
GRCh38_CMRG_49774	99	99	0.0
GRCh38_CMRG_49868	99	99	8.3e-05
GRCh38_CMRG_51248	99	99	0.0
GRCh38_CMRG_55561	99	99	0.000417
GRCh38_CMRG_60440	99	99	0.017128
GRCh38_CMRG_62050	99	99	0.0
GRCh38_CMRG_63316	99	99	0.060553
GRCh38_CMRG_64958	99	99	0.0
GRCh38_CMRG_65571	99	99	0.0
GRCh38_CMRG_65815	99	99	0.0
GRCh38_CMRG_65816	99	99	0.0
GRCh38_CMRG_68255	99	99	0.0
GRCh38_CMRG_73404	99	99	0.0
GRCh38_CMRG_75466	99	99	0.156314
GRCh38_CMRG_76896	99	99	0.0
GRCh38_CMRG_9576	99	99	0.000468
GRCh38_CMRG_12929	98	98	0.238766
GRCh38_CMRG_13639	98	98	7.3e-05
GRCh38_CMRG_17575	98	98	0.000775
GRCh38_CMRG_19012	98	98	0.049589
GRCh38_CMRG_24604	98	98	0.460084
GRCh38_CMRG_27442	98	98	0.003134
GRCh38_CMRG_27750	98	98	1.7e-05
GRCh38_CMRG_28191	98	98	8e-06
GRCh38_CMRG_28882	98	98	0.0
GRCh38_CMRG_29353	98	98	0.0
GRCh38_CMRG_31494	98	98	0.188997
GRCh38_CMRG_32260	98	98	0.001169
GRCh38_CMRG_33250	98	98	0.0
GRCh38_CMRG_33662	98	98	0.05497
GRCh38_CMRG_38361	98	98	0.0
GRCh38_CMRG_45189	98	98	0.624409
GRCh38_CMRG_45209	98	98	0.607912
GRCh38_CMRG_46212	98	98	0.34181
GRCh38_CMRG_47963	98	98	0.101646
GRCh38_CMRG_49267	98	98	0.0
GRCh38_CMRG_51233	98	98	0.0
GRCh38_CMRG_54911	98	98	0.0
GRCh38_CMRG_55430	98	98	0.000663
GRCh38_CMRG_58991	98	98	0.169324
GRCh38_CMRG_60548	98	98	0.0
GRCh38_CMRG_60918	98	98	0.016918
GRCh38_CMRG_67897	98	98	0.0
GRCh38_CMRG_73617	98	98	0.425235
GRCh38_CMRG_74038	98	98	0.003498
GRCh38_CMRG_79891	98	98	0.0
GRCh38_CMRG_14260	97	97	0.0
GRCh38_CMRG_14502	97	97	0.0
GRCh38_CMRG_18336	97	97	0.0
GRCh38_CMRG_18785	97	97	0.0
GRCh38_CMRG_25889	97	97	0.0
GRCh38_CMRG_26997	97	97	0.0
GRCh38_CMRG_27751	97	97	1.7e-05
GRCh38_CMRG_32893	97	97	0.0
GRCh38_CMRG_33632	97	97	0.486979
GRCh38_CMRG_37039	97	97	0.057585
GRCh38_CMRG_41256	97	97	0.0
GRCh38_CMRG_58209	97	97	0.0
GRCh38_CMRG_60423	97	97	0.99984
GRCh38_CMRG_63587	97	97	0.000468
GRCh38_CMRG_63867	97	97	0.0
GRCh38_CMRG_6434	97	97	0.0
GRCh38_CMRG_77169	97	97	0.00034
GRCh38_CMRG_10911	96	96	0.047659
GRCh38_CMRG_17267	96	96	0.0
GRCh38_CMRG_17393	96	96	0.34198
GRCh38_CMRG_21172	96	96	0.0
GRCh38_CMRG_22369	96	96	0.0
GRCh38_CMRG_22838	96	96	0.0
GRCh38_CMRG_23696	96	96	0.0
GRCh38_CMRG_23974	96	96	0.0
GRCh38_CMRG_31602	96	96	0.0
GRCh38_CMRG_33089	96	96	4.9e-05
GRCh38_CMRG_33929	96	96	0.0
GRCh38_CMRG_41764	96	96	0.41408
GRCh38_CMRG_42375	96	96	0.0
GRCh38_CMRG_43909	96	96	0.051099
GRCh38_CMRG_45018	96	96	0.0
GRCh38_CMRG_45185	96	96	0.624409
GRCh38_CMRG_48181	96	96	0.086785
GRCh38_CMRG_49903	96	96	0.016881
GRCh38_CMRG_55282	96	96	0.0
GRCh38_CMRG_58525	96	96	0.906182
GRCh38_CMRG_60362	96	96	0.0
GRCh38_CMRG_60765	96	96	0.00065
GRCh38_CMRG_68140	96	96	0.0
GRCh38_CMRG_68352	96	96	0.0
GRCh38_CMRG_68529	96	96	0.0
GRCh38_CMRG_72027	96	96	0.163378
GRCh38_CMRG_75402	96	96	0.02519
GRCh38_CMRG_8095	96	96	0.0
GRCh38_CMRG_81691	96	96	0.0
GRCh38_CMRG_84363	96	96	0.00012507
GRCh38_CMRG_14953	95	95	0.0
GRCh38_CMRG_32850	95	95	0.0
GRCh38_CMRG_40394	95	95	0.000486
GRCh38_CMRG_41734	95	95	0.000468
GRCh38_CMRG_44329	95	95	0.0
GRCh38_CMRG_47324	95	95	0.0
GRCh38_CMRG_48244	95	95	0.0
GRCh38_CMRG_48270	95	95	0.003357
GRCh38_CMRG_50172	95	95	0.029738
GRCh38_CMRG_51358	95	95	0.059642
GRCh38_CMRG_51722	95	95	0.325099
GRCh38_CMRG_55662	95	95	0.0
GRCh38_CMRG_589	95	95	2.8e-05
GRCh38_CMRG_60170	95	95	0.0
GRCh38_CMRG_61097	95	95	0.0
GRCh38_CMRG_61900	95	95	0.0
GRCh38_CMRG_62052	95	95	0.0
GRCh38_CMRG_67105	95	95	8e-06
GRCh38_CMRG_68526	95	95	5.1e-05
GRCh38_CMRG_70707	95	95	0.0
GRCh38_CMRG_71105	95	95	0.0
GRCh38_CMRG_83801	95	95	0.060573
GRCh38_CMRG_20029	94	94	0.0
GRCh38_CMRG_21917	94	94	0.237857
GRCh38_CMRG_23596	94	94	0.0
GRCh38_CMRG_28720	94	94	0.0
GRCh38_CMRG_28893	94	94	0.00019
GRCh38_CMRG_32253	94	94	0.142991
GRCh38_CMRG_38060	94	94	0.0
GRCh38_CMRG_41392	94	94	0.0
GRCh38_CMRG_41979	94	94	0.0
GRCh38_CMRG_45445	94	94	0.384767
GRCh38_CMRG_46248	94	94	0.067951
GRCh38_CMRG_46623	94	94	0.0
GRCh38_CMRG_49624	94	94	8e-06
GRCh38_CMRG_50358	94	94	0.0
GRCh38_CMRG_52013	94	94	8e-06
GRCh38_CMRG_54184	94	94	0.000103
GRCh38_CMRG_73435	94	94	0.001886
GRCh38_CMRG_7542	94	94	0.043086
GRCh38_CMRG_79329	94	94	0.018092
GRCh38_CMRG_79353	94	94	0.018092
GRCh38_CMRG_81545	94	94	0.0
GRCh38_CMRG_81689	94	94	0.0
GRCh38_CMRG_8199	94	94	0.043044
GRCh38_CMRG_82259	94	94	0.270207
GRCh38_CMRG_82531	94	94	2.6e-05
GRCh38_CMRG_8346	94	94	3.3e-05
GRCh38_CMRG_11277	93	93	0.047659
GRCh38_CMRG_13506	93	93	0.0
GRCh38_CMRG_19802	93	93	0.0
GRCh38_CMRG_22528	93	93	0.0
GRCh38_CMRG_23879	93	93	0.0
GRCh38_CMRG_25845	93	93	0.0
GRCh38_CMRG_27004	93	93	3.2e-05
GRCh38_CMRG_32896	93	93	0.0
GRCh38_CMRG_32901	93	93	0.0
GRCh38_CMRG_41707	93	93	0.0
GRCh38_CMRG_45027	93	93	0.0
GRCh38_CMRG_47226	93	93	0.0
GRCh38_CMRG_48509	93	93	0.0
GRCh38_CMRG_48808	93	93	0.023192
GRCh38_CMRG_49502	93	93	0.0
GRCh38_CMRG_50282	93	93	0.000478
GRCh38_CMRG_54715	93	93	0.080719
GRCh38_CMRG_58597	93	93	0.162901
GRCh38_CMRG_60360	93	93	0.0
GRCh38_CMRG_66047	93	93	0.0
GRCh38_CMRG_69894	93	93	0.0
GRCh38_CMRG_7101	93	93	0.0
GRCh38_CMRG_77284	93	93	0.0
GRCh38_CMRG_77694	93	93	0.0
GRCh38_CMRG_79956	93	93	3.2e-05
GRCh38_CMRG_8399	93	93	0.000803
GRCh38_CMRG_8777	93	93	0.130826
GRCh38_CMRG_9590	93	93	0.000655
GRCh38_CMRG_1184	92	92	0.0
GRCh38_CMRG_13974	92	92	0.0
GRCh38_CMRG_15329	92	92	0.0
GRCh38_CMRG_15468	92	92	0.0
GRCh38_CMRG_2002	92	92	0.0
GRCh38_CMRG_21599	92	92	0.237857
GRCh38_CMRG_23333	92	92	0.023274
GRCh38_CMRG_23395	92	92	0.069094
GRCh38_CMRG_23884	92	92	0.0
GRCh38_CMRG_24545	92	92	0.0
GRCh38_CMRG_25913	92	92	0.0
GRCh38_CMRG_2616	92	92	0.0
GRCh38_CMRG_26650	92	92	0.0
GRCh38_CMRG_31353	92	92	0.0
GRCh38_CMRG_31537	92	92	0.07226
GRCh38_CMRG_35637	92	92	0.191768
GRCh38_CMRG_36752	92	92	0.000156
GRCh38_CMRG_47365	92	92	0.0
GRCh38_CMRG_48810	92	92	0.0
GRCh38_CMRG_59855	92	92	0.03891
GRCh38_CMRG_62576	92	92	1.0
GRCh38_CMRG_62577	92	92	1.0
GRCh38_CMRG_64964	92	92	0.0
GRCh38_CMRG_65274	92	92	0.0
GRCh38_CMRG_68507	92	92	0.0
GRCh38_CMRG_68730	92	92	0.212302
GRCh38_CMRG_71422	92	92	0.0
GRCh38_CMRG_79412	92	92	0.018092
GRCh38_CMRG_11985	91	91	0.0
GRCh38_CMRG_14351	91	91	0.595394
GRCh38_CMRG_15498	91	91	0.0
GRCh38_CMRG_17412	91	91	0.0
GRCh38_CMRG_18320	91	91	0.0
GRCh38_CMRG_19034	91	91	0.0
GRCh38_CMRG_19952	91	91	0.0
GRCh38_CMRG_21460	91	91	0.237857
GRCh38_CMRG_24105	91	91	0.0
GRCh38_CMRG_2721	91	91	0.160125
GRCh38_CMRG_2722	91	91	0.160125
GRCh38_CMRG_32228	91	91	0.0
GRCh38_CMRG_36598	91	91	0.0
GRCh38_CMRG_37492	91	91	0.00683
GRCh38_CMRG_38054	91	91	0.001316
GRCh38_CMRG_50707	91	91	0.0
GRCh38_CMRG_54350	91	91	0.0
GRCh38_CMRG_62324	91	91	0.0
GRCh38_CMRG_68309	91	91	0.0
GRCh38_CMRG_72573	91	91	1.0
GRCh38_CMRG_77149	91	91	0.079855
GRCh38_CMRG_7947	91	91	0.0
GRCh38_CMRG_12922	90	90	0.219011
GRCh38_CMRG_13508	90	90	0.0
GRCh38_CMRG_17737	90	90	0.107987
GRCh38_CMRG_23459	90	90	0.0
GRCh38_CMRG_26716	90	90	0.0
GRCh38_CMRG_27781	90	90	0.000354
GRCh38_CMRG_32840	90	90	0.0
GRCh38_CMRG_33094	90	90	0.0
GRCh38_CMRG_37177	90	90	0.269192
GRCh38_CMRG_37840	90	90	0.0
GRCh38_CMRG_39246	90	90	3.4e-05
GRCh38_CMRG_44373	90	90	0.314045
GRCh38_CMRG_44473	90	90	0.535098
GRCh38_CMRG_49922	90	90	0.0
GRCh38_CMRG_51119	90	90	0.079336
GRCh38_CMRG_52756	90	90	0.0
GRCh38_CMRG_54144	90	90	0.004407
GRCh38_CMRG_64961	90	90	0.0
GRCh38_CMRG_64987	90	90	0.0
GRCh38_CMRG_65783	90	90	0.5
GRCh38_CMRG_68710	90	90	0.022099
GRCh38_CMRG_76817	90	90	0.0
GRCh38_CMRG_77471	90	90	0.00097
GRCh38_CMRG_81534	90	90	0.0
GRCh38_CMRG_81737	90	90	0.0
GRCh38_CMRG_82014	90	90	0.748361
GRCh38_CMRG_83853	90	90	0.0639239
GRCh38_CMRG_11193	89	89	0.047659
GRCh38_CMRG_11868	89	89	0.005032
GRCh38_CMRG_13558	89	89	0.0
GRCh38_CMRG_16747	89	89	0.0
GRCh38_CMRG_17549	89	89	0.0
GRCh38_CMRG_18389	89	89	0.0
GRCh38_CMRG_22259	89	89	0.0
GRCh38_CMRG_29321	89	89	0.0
GRCh38_CMRG_38190	89	89	0.0
GRCh38_CMRG_41442	89	89	0.0
GRCh38_CMRG_41891	89	89	0.0
GRCh38_CMRG_45239	89	89	0.523986
GRCh38_CMRG_47885	89	89	0.002101
GRCh38_CMRG_48903	89	89	0.0
GRCh38_CMRG_51462	89	89	0.453481
GRCh38_CMRG_51670	89	89	1.8e-05
GRCh38_CMRG_550	89	89	0.0
GRCh38_CMRG_62582	89	89	0.0
GRCh38_CMRG_67013	89	89	0.0
GRCh38_CMRG_68883	89	89	0.0
GRCh38_CMRG_77703	89	89	0.0
GRCh38_CMRG_79252	89	89	0.04757
GRCh38_CMRG_7925	89	89	0.0
GRCh38_CMRG_82510	89	89	0.030855
GRCh38_CMRG_16660	88	88	0.0
GRCh38_CMRG_17510	88	88	0.0
GRCh38_CMRG_21068	88	88	0.0
GRCh38_CMRG_21228	88	88	0.237857
GRCh38_CMRG_22258	88	88	0.0
GRCh38_CMRG_27006	88	88	0.004606
GRCh38_CMRG_34141	88	88	0.003592
GRCh38_CMRG_47005	88	88	4.3e-05
GRCh38_CMRG_48860	88	88	0.0
GRCh38_CMRG_51120	88	88	0.079336
GRCh38_CMRG_51664	88	88	0.047263
GRCh38_CMRG_53077	88	88	0.002184
GRCh38_CMRG_53587	88	88	0.09764
GRCh38_CMRG_59878	88	88	0.113307
GRCh38_CMRG_62381	88	88	0.0
GRCh38_CMRG_64805	88	88	0.05143
GRCh38_CMRG_67173	88	88	0.008409
GRCh38_CMRG_67970	88	88	2.4e-05
GRCh38_CMRG_70354	88	88	0.0
GRCh38_CMRG_70374	88	88	0.0
GRCh38_CMRG_70390	88	88	0.0
GRCh38_CMRG_71059	88	88	0.0
GRCh38_CMRG_72975	88	88	0.0
GRCh38_CMRG_73149	88	88	0.0
GRCh38_CMRG_73151	88	88	0.0
GRCh38_CMRG_81476	88	88	0.0
GRCh38_CMRG_81569	88	88	8.4e-05
GRCh38_CMRG_82867	88	88	0.89007
GRCh38_CMRG_84244	88	88	0.00793587
GRCh38_CMRG_18412	87	87	0.043427
GRCh38_CMRG_19375	87	87	2.4e-05
GRCh38_CMRG_23694	87	87	0.0
GRCh38_CMRG_23721	87	87	0.0
GRCh38_CMRG_23926	87	87	0.0
GRCh38_CMRG_28024	87	87	0.051202
GRCh38_CMRG_31989	87	87	0.0
GRCh38_CMRG_32828	87	87	0.0
GRCh38_CMRG_33032	87	87	0.0
GRCh38_CMRG_35643	87	87	0.04368
GRCh38_CMRG_35683	87	87	0.0
GRCh38_CMRG_45447	87	87	0.384767
GRCh38_CMRG_45587	87	87	0.0
GRCh38_CMRG_46253	87	87	0.0
GRCh38_CMRG_47509	87	87	0.0
GRCh38_CMRG_48804	87	87	0.0
GRCh38_CMRG_58289	87	87	0.039314
GRCh38_CMRG_59149	87	87	0.0
GRCh38_CMRG_59566	87	87	0.148958
GRCh38_CMRG_68325	87	87	0.0
GRCh38_CMRG_68422	87	87	0.0
GRCh38_CMRG_70533	87	87	0.0
GRCh38_CMRG_75539	87	87	0.001872
GRCh38_CMRG_80018	87	87	0.428932
GRCh38_CMRG_80783	87	87	0.0
GRCh38_CMRG_80981	87	87	0.0
GRCh38_CMRG_83035	87	87	0.836607
GRCh38_CMRG_84198	87	87	0.0780609
GRCh38_CMRG_84447	87	87	0.00219938
GRCh38_CMRG_11192	86	86	0.047659
GRCh38_CMRG_14182	86	86	0.0
GRCh38_CMRG_15041	86	86	0.0
GRCh38_CMRG_18140	86	86	0.000327
GRCh38_CMRG_37681	86	86	0.0
GRCh38_CMRG_38020	86	86	0.0
GRCh38_CMRG_38253	86	86	0.0
GRCh38_CMRG_39244	86	86	3.4e-05
GRCh38_CMRG_45245	86	86	0.0
GRCh38_CMRG_45850	86	86	0.0
GRCh38_CMRG_64983	86	86	0.0
GRCh38_CMRG_65468	86	86	0.020384
GRCh38_CMRG_67784	86	86	0.0
GRCh38_CMRG_73316	86	86	8e-06
GRCh38_CMRG_7762	86	86	0.0
GRCh38_CMRG_79684	86	86	0.0
GRCh38_CMRG_83787	86	86	0.0
GRCh38_CMRG_12845	85	85	0.0
GRCh38_CMRG_14338	85	85	0.0
GRCh38_CMRG_19930	85	85	0.0
GRCh38_CMRG_30790	85	85	0.0
GRCh38_CMRG_36764	85	85	0.0
GRCh38_CMRG_368	85	85	0.0
GRCh38_CMRG_41024	85	85	0.0
GRCh38_CMRG_41585	85	85	4.5e-05
GRCh38_CMRG_41718	85	85	0.0
GRCh38_CMRG_42545	85	85	0.441632
GRCh38_CMRG_46624	85	85	0.0
GRCh38_CMRG_50540	85	85	0.029937
GRCh38_CMRG_51514	85	85	0.0
GRCh38_CMRG_54827	85	85	0.0
GRCh38_CMRG_65811	85	85	0.0
GRCh38_CMRG_69388	85	85	0.0
GRCh38_CMRG_70901	85	85	0.045728
GRCh38_CMRG_82239	85	85	0.005661
GRCh38_CMRG_82352	85	85	0.0
GRCh38_CMRG_9242	85	85	0.057276
GRCh38_CMRG_9581	85	85	0.000468
GRCh38_CMRG_13644	84	84	0.0
GRCh38_CMRG_13978	84	84	0.001566
GRCh38_CMRG_1680	84	84	0.0
GRCh38_CMRG_17752	84	84	0.0
GRCh38_CMRG_23746	84	84	0.0
GRCh38_CMRG_26885	84	84	0.309567
GRCh38_CMRG_29603	84	84	0.020398
GRCh38_CMRG_37080	84	84	0.0
GRCh38_CMRG_38046	84	84	0.0
GRCh38_CMRG_38167	84	84	0.023743
GRCh38_CMRG_46387	84	84	0.004371
GRCh38_CMRG_59402	84	84	0.002939
GRCh38_CMRG_60977	84	84	0.0
GRCh38_CMRG_62530	84	84	0.0
GRCh38_CMRG_63450	84	84	0.0
GRCh38_CMRG_72548	84	84	0.0
GRCh38_CMRG_7870	84	84	0.004521
GRCh38_CMRG_79410	84	84	0.018092
GRCh38_CMRG_79895	84	84	0.0
GRCh38_CMRG_83119	84	84	0.0
GRCh38_CMRG_10848	83	83	0.047659
GRCh38_CMRG_16976	83	83	0.000464
GRCh38_CMRG_18469	83	83	0.0
GRCh38_CMRG_22643	83	83	0.0
GRCh38_CMRG_26603	83	83	0.002654
GRCh38_CMRG_31820	83	83	0.001471
GRCh38_CMRG_32911	83	83	0.0
GRCh38_CMRG_34778	83	83	0.0
GRCh38_CMRG_34779	83	83	0.0
GRCh38_CMRG_41982	83	83	0.034541
GRCh38_CMRG_45421	83	83	0.0
GRCh38_CMRG_49114	83	83	0.0
GRCh38_CMRG_63209	83	83	9e-05
GRCh38_CMRG_65213	83	83	0.0
GRCh38_CMRG_73666	83	83	0.016352
GRCh38_CMRG_7864	83	83	0.0
GRCh38_CMRG_79331	83	83	0.018092
GRCh38_CMRG_82417	83	83	0.0
GRCh38_CMRG_82509	83	83	0.030855
GRCh38_CMRG_10881	82	82	0.047659
GRCh38_CMRG_12206	82	82	0.000353
GRCh38_CMRG_12733	82	82	0.159838
GRCh38_CMRG_1761	82	82	0.2015
GRCh38_CMRG_18552	82	82	0.0
GRCh38_CMRG_18621	82	82	0.000123
GRCh38_CMRG_23347	82	82	0.25562
GRCh38_CMRG_23870	82	82	0.0
GRCh38_CMRG_33013	82	82	4.4e-05
GRCh38_CMRG_34597	82	82	3.2e-05
GRCh38_CMRG_38026	82	82	0.0
GRCh38_CMRG_38509	82	82	0.0
GRCh38_CMRG_40267	82	82	0.351053
GRCh38_CMRG_44825	82	82	8e-06
GRCh38_CMRG_45342	82	82	0.0
GRCh38_CMRG_49147	82	82	0.0
GRCh38_CMRG_49216	82	82	0.0
GRCh38_CMRG_49438	82	82	0.00139
GRCh38_CMRG_65	82	82	0.0
GRCh38_CMRG_70267	82	82	0.0
GRCh38_CMRG_70364	82	82	0.0
GRCh38_CMRG_73167	82	82	0.0
GRCh38_CMRG_7399	82	82	0.335659
GRCh38_CMRG_74821	82	82	0.0
GRCh38_CMRG_79326	82	82	0.018092
GRCh38_CMRG_82775	82	82	0.0
GRCh38_CMRG_84310	82	82	0.0
GRCh38_CMRG_97	82	82	0.0
GRCh38_CMRG_14325	81	81	0.000103
GRCh38_CMRG_17478	81	81	0.0
GRCh38_CMRG_18421	81	81	0.0
GRCh38_CMRG_20018	81	81	0.297699
GRCh38_CMRG_22290	81	81	0.041453
GRCh38_CMRG_23176	81	81	0.087528
GRCh38_CMRG_24285	81	81	0.0
GRCh38_CMRG_26761	81	81	0.0
GRCh38_CMRG_26996	81	81	0.0
GRCh38_CMRG_34669	81	81	0.002601
GRCh38_CMRG_38500	81	81	0.0
GRCh38_CMRG_39400	81	81	0.383138
GRCh38_CMRG_42450	81	81	0.0
GRCh38_CMRG_44873	81	81	0.0
GRCh38_CMRG_52160	81	81	0.0
GRCh38_CMRG_53947	81	81	0.000367
GRCh38_CMRG_54970	81	81	0.086601
GRCh38_CMRG_60016	81	81	0.0
GRCh38_CMRG_60564	81	81	0.014925
GRCh38_CMRG_65812	81	81	0.0
GRCh38_CMRG_68548	81	81	0.003594
GRCh38_CMRG_7980	81	81	0.110806
GRCh38_CMRG_81004	81	81	0.0
GRCh38_CMRG_11762	80	80	0.000468
GRCh38_CMRG_14843	80	80	0.000167
GRCh38_CMRG_23785	80	80	0.0
GRCh38_CMRG_24279	80	80	0.0
GRCh38_CMRG_29874	80	80	0.0
GRCh38_CMRG_32685	80	80	0.0
GRCh38_CMRG_33184	80	80	0.0
GRCh38_CMRG_37962	80	80	0.0
GRCh38_CMRG_38458	80	80	0.0
GRCh38_CMRG_40632	80	80	0.0
GRCh38_CMRG_43640	80	80	0.076944
GRCh38_CMRG_45533	80	80	0.0
GRCh38_CMRG_46475	80	80	0.000663
GRCh38_CMRG_51661	80	80	0.0
GRCh38_CMRG_53374	80	80	0.0
GRCh38_CMRG_55249	80	80	0.0
GRCh38_CMRG_55849	80	80	0.068401
GRCh38_CMRG_58391	80	80	0.482662
GRCh38_CMRG_60530	80	80	0.103738
GRCh38_CMRG_68466	80	80	0.0
GRCh38_CMRG_6858	80	80	0.0
GRCh38_CMRG_79917	80	80	0.0
GRCh38_CMRG_8060	80	80	0.0
GRCh38_CMRG_82384	80	80	4.1e-05
GRCh38_CMRG_84341	80	80	0.0492775
GRCh38_CMRG_87	80	80	0.0
GRCh38_CMRG_13798	79	79	0.0
GRCh38_CMRG_14149	79	79	0.0
GRCh38_CMRG_14261	79	79	0.0
GRCh38_CMRG_21537	79	79	0.237857
GRCh38_CMRG_21761	79	79	0.237857
GRCh38_CMRG_22107	79	79	0.185202
GRCh38_CMRG_23686	79	79	0.0
GRCh38_CMRG_25918	79	79	0.0
GRCh38_CMRG_30673	79	79	0.160993
GRCh38_CMRG_33540	79	79	0.0
GRCh38_CMRG_34157	79	79	0.000805
GRCh38_CMRG_36189	79	79	0.0
GRCh38_CMRG_36755	79	79	0.0
GRCh38_CMRG_38155	79	79	0.0
GRCh38_CMRG_38238	79	79	0.0
GRCh38_CMRG_41806	79	79	0.0
GRCh38_CMRG_42544	79	79	0.441632
GRCh38_CMRG_46354	79	79	0.022778
GRCh38_CMRG_48215	79	79	0.08791
GRCh38_CMRG_53585	79	79	0.073337
GRCh38_CMRG_54024	79	79	0.0
GRCh38_CMRG_60364	79	79	0.0
GRCh38_CMRG_63732	79	79	0.000126
GRCh38_CMRG_64669	79	79	0.100609
GRCh38_CMRG_6902	79	79	0.001464
GRCh38_CMRG_69928	79	79	0.0
GRCh38_CMRG_70372	79	79	0.0
GRCh38_CMRG_72780	79	79	0.0
GRCh38_CMRG_75020	79	79	0.0
GRCh38_CMRG_82468	79	79	0.0
GRCh38_CMRG_83422	79	79	0.000275565
GRCh38_CMRG_83803	79	79	0.060573
GRCh38_CMRG_10921	78	78	0.047659
GRCh38_CMRG_13917	78	78	0.0
GRCh38_CMRG_21393	78	78	0.237857
GRCh38_CMRG_22828	78	78	0.000347
GRCh38_CMRG_23820	78	78	0.0
GRCh38_CMRG_2390	78	78	0.0
GRCh38_CMRG_24870	78	78	0.0
GRCh38_CMRG_32989	78	78	0.0
GRCh38_CMRG_34252	78	78	0.0
GRCh38_CMRG_37510	78	78	0.000157
GRCh38_CMRG_37697	78	78	0.321805
GRCh38_CMRG_38233	78	78	0.0
GRCh38_CMRG_45441	78	78	0.384767
GRCh38_CMRG_51028	78	78	0.0
GRCh38_CMRG_53965	78	78	0.0
GRCh38_CMRG_54552	78	78	0.0
GRCh38_CMRG_54649	78	78	0.002138
GRCh38_CMRG_55593	78	78	0.0
GRCh38_CMRG_60778	78	78	0.106657
GRCh38_CMRG_62411	78	78	0.0
GRCh38_CMRG_63596	78	78	0.005248
GRCh38_CMRG_65151	78	78	0.035279
GRCh38_CMRG_67773	78	78	0.0
GRCh38_CMRG_68109	78	78	0.002033
GRCh38_CMRG_72253	78	78	0.155651
GRCh38_CMRG_74878	78	78	0.149325
GRCh38_CMRG_75081	78	78	3.2e-05
GRCh38_CMRG_82238	78	78	0.005661
GRCh38_CMRG_83540	78	78	0.000160562
GRCh38_CMRG_84416	78	78	0.359775
GRCh38_CMRG_8629	78	78	0.054144
GRCh38_CMRG_11642	77	77	0.080601
GRCh38_CMRG_1228	77	77	0.413335
GRCh38_CMRG_14287	77	77	0.04291
GRCh38_CMRG_17576	77	77	0.00114
GRCh38_CMRG_17847	77	77	0.000356
GRCh38_CMRG_19450	77	77	0.0
GRCh38_CMRG_22787	77	77	0.0
GRCh38_CMRG_24278	77	77	0.0
GRCh38_CMRG_24367	77	77	0.031204
GRCh38_CMRG_26360	77	77	0.0
GRCh38_CMRG_30706	77	77	0.0
GRCh38_CMRG_30738	77	77	0.000627
GRCh38_CMRG_32899	77	77	0.0
GRCh38_CMRG_36534	77	77	0.0
GRCh38_CMRG_38451	77	77	0.485014
GRCh38_CMRG_43930	77	77	0.0
GRCh38_CMRG_49509	77	77	0.0
GRCh38_CMRG_51515	77	77	0.0
GRCh38_CMRG_53185	77	77	0.0
GRCh38_CMRG_58260	77	77	0.016964
GRCh38_CMRG_60779	77	77	0.106657
GRCh38_CMRG_63345	77	77	0.0
GRCh38_CMRG_64531	77	77	0.0
GRCh38_CMRG_64532	77	77	0.0
GRCh38_CMRG_65720	77	77	0.0
GRCh38_CMRG_66976	77	77	0.0
GRCh38_CMRG_70808	77	77	0.0
GRCh38_CMRG_72549	77	77	0.0
GRCh38_CMRG_72637	77	77	0.0
GRCh38_CMRG_73919	77	77	0.37664
GRCh38_CMRG_83691	77	77	6.29036e-05
GRCh38_CMRG_83820	77	77	0.0
GRCh38_CMRG_9209	77	77	0.000566
GRCh38_CMRG_14459	76	76	0.0
GRCh38_CMRG_24300	76	76	0.299095
GRCh38_CMRG_2523	76	76	0.074268
GRCh38_CMRG_2576	76	76	0.047542
GRCh38_CMRG_26841	76	76	0.0
GRCh38_CMRG_2774	76	76	0.0
GRCh38_CMRG_28573	76	76	0.000664
GRCh38_CMRG_2917	76	76	0.0
GRCh38_CMRG_37801	76	76	0.0
GRCh38_CMRG_37943	76	76	0.0
GRCh38_CMRG_38636	76	76	0.106748
GRCh38_CMRG_38637	76	76	0.106748
GRCh38_CMRG_39692	76	76	0.0
GRCh38_CMRG_397	76	76	0.0
GRCh38_CMRG_41323	76	76	0.0
GRCh38_CMRG_48760	76	76	0.0
GRCh38_CMRG_50400	76	76	0.0
GRCh38_CMRG_55018	76	76	0.490354
GRCh38_CMRG_5858	76	76	0.116477
GRCh38_CMRG_60058	76	76	0.0
GRCh38_CMRG_62340	76	76	0.0
GRCh38_CMRG_64381	76	76	0.0
GRCh38_CMRG_64683	76	76	0.001412
GRCh38_CMRG_72282	76	76	0.0
GRCh38_CMRG_72684	76	76	0.0
GRCh38_CMRG_7529	76	76	0.0
GRCh38_CMRG_7551	76	76	0.0
GRCh38_CMRG_7687	76	76	0.0
GRCh38_CMRG_76985	76	76	0.0
GRCh38_CMRG_82732	76	76	0.0
GRCh38_CMRG_82996	76	76	0.0
GRCh38_CMRG_19485	75	75	8e-06
GRCh38_CMRG_22379	75	75	0.0
GRCh38_CMRG_28186	75	75	0.0
GRCh38_CMRG_29792	75	75	0.0
GRCh38_CMRG_31546	75	75	0.0
GRCh38_CMRG_32832	75	75	0.0
GRCh38_CMRG_33365	75	75	0.0
GRCh38_CMRG_33645	75	75	0.0
GRCh38_CMRG_35689	75	75	0.558432
GRCh38_CMRG_36769	75	75	0.001717
GRCh38_CMRG_38771	75	75	0.001249
GRCh38_CMRG_53114	75	75	0.000429
GRCh38_CMRG_54413	75	75	0.0
GRCh38_CMRG_54553	75	75	0.0
GRCh38_CMRG_55309	75	75	0.41038
GRCh38_CMRG_55436	75	75	0.0
GRCh38_CMRG_5753	75	75	0.0
GRCh38_CMRG_67130	75	75	0.0
GRCh38_CMRG_69377	75	75	0.00082
GRCh38_CMRG_70904	75	75	0.0
GRCh38_CMRG_73083	75	75	0.0
GRCh38_CMRG_73437	75	75	0.0
GRCh38_CMRG_77535	75	75	1.0
GRCh38_CMRG_78969	75	75	0.018092
GRCh38_CMRG_8354	75	75	9e-06
GRCh38_CMRG_8365	75	75	0.000678
GRCh38_CMRG_83748	75	75	0.596154
GRCh38_CMRG_10916	74	74	0.047659
GRCh38_CMRG_17082	74	74	0.0
GRCh38_CMRG_21818	74	74	0.237857
GRCh38_CMRG_23985	74	74	0.0
GRCh38_CMRG_24066	74	74	0.000256
GRCh38_CMRG_27183	74	74	0.0
GRCh38_CMRG_32378	74	74	0.202086
GRCh38_CMRG_32687	74	74	0.0
GRCh38_CMRG_32717	74	74	0.138645
GRCh38_CMRG_32960	74	74	0.0
GRCh38_CMRG_41328	74	74	0.0
GRCh38_CMRG_48937	74	74	0.0
GRCh38_CMRG_50558	74	74	0.0
GRCh38_CMRG_51477	74	74	0.398233
GRCh38_CMRG_59084	74	74	0.121269
GRCh38_CMRG_594	74	74	0.0
GRCh38_CMRG_5986	74	74	1.0
GRCh38_CMRG_62460	74	74	0.000535
GRCh38_CMRG_68142	74	74	0.0
GRCh38_CMRG_70628	74	74	0.0
GRCh38_CMRG_70786	74	74	0.0
GRCh38_CMRG_74994	74	74	0.0
GRCh38_CMRG_80952	74	74	0.06527
GRCh38_CMRG_84381	74	74	0.0
GRCh38_CMRG_8570	74	74	0.0
GRCh38_CMRG_13480	73	73	0.0
GRCh38_CMRG_15298	73	73	0.0
GRCh38_CMRG_16606	73	73	0.004221
GRCh38_CMRG_17064	73	73	0.0
GRCh38_CMRG_177	73	73	0.0
GRCh38_CMRG_18564	73	73	0.0
GRCh38_CMRG_32111	73	73	0.052475
GRCh38_CMRG_32879	73	73	0.0
GRCh38_CMRG_36119	73	73	0.00122
GRCh38_CMRG_37746	73	73	0.0
GRCh38_CMRG_37845	73	73	0.0
GRCh38_CMRG_38057	73	73	0.0
GRCh38_CMRG_44111	73	73	8e-06
GRCh38_CMRG_54155	73	73	1e-05
GRCh38_CMRG_55821	73	73	0.0
GRCh38_CMRG_60175	73	73	0.0
GRCh38_CMRG_65172	73	73	0.007299
GRCh38_CMRG_68478	73	73	0.0
GRCh38_CMRG_70088	73	73	0.000165
GRCh38_CMRG_72607	73	73	9e-06
GRCh38_CMRG_72638	73	73	0.0
GRCh38_CMRG_75149	73	73	0.0
GRCh38_CMRG_82044	73	73	0.0
GRCh38_CMRG_82516	73	73	0.0
GRCh38_CMRG_84164	73	73	0.0
GRCh38_CMRG_11110	72	72	0.047659
GRCh38_CMRG_14183	72	72	0.077036
GRCh38_CMRG_17967	72	72	0.0
GRCh38_CMRG_23823	72	72	0.0
GRCh38_CMRG_26262	72	72	0.306367
GRCh38_CMRG_29867	72	72	0.0
GRCh38_CMRG_33826	72	72	0.0
GRCh38_CMRG_37742	72	72	0.0
GRCh38_CMRG_38064	72	72	0.0
GRCh38_CMRG_39444	72	72	0.0
GRCh38_CMRG_41326	72	72	0.0
GRCh38_CMRG_42408	72	72	0.000179
GRCh38_CMRG_45517	72	72	0.0
GRCh38_CMRG_45554	72	72	0.0
GRCh38_CMRG_46140	72	72	0.059225
GRCh38_CMRG_58123	72	72	0.0
GRCh38_CMRG_64360	72	72	0.0
GRCh38_CMRG_67823	72	72	0.0
GRCh38_CMRG_68437	72	72	4.4e-05
GRCh38_CMRG_68754	72	72	0.0
GRCh38_CMRG_70406	72	72	0.0
GRCh38_CMRG_72603	72	72	0.0
GRCh38_CMRG_81858	72	72	0.0
GRCh38_CMRG_8205	72	72	0.022943
GRCh38_CMRG_8366	72	72	0.0
GRCh38_CMRG_84039	72	72	0.0
GRCh38_CMRG_84418	72	72	0.349699
GRCh38_CMRG_16832	71	71	0.0
GRCh38_CMRG_22774	71	71	0.0
GRCh38_CMRG_32120	71	71	1.6e-05
GRCh38_CMRG_35759	71	71	0.240221
GRCh38_CMRG_35853	71	71	0.0
GRCh38_CMRG_38325	71	71	0.0
GRCh38_CMRG_39592	71	71	0.0
GRCh38_CMRG_40025	71	71	0.0
GRCh38_CMRG_42029	71	71	0.0
GRCh38_CMRG_45420	71	71	0.0
GRCh38_CMRG_46014	71	71	0.000516
GRCh38_CMRG_47351	71	71	0.0
GRCh38_CMRG_49173	71	71	2.5e-05
GRCh38_CMRG_49635	71	71	8e-06
GRCh38_CMRG_50162	71	71	0.093292
GRCh38_CMRG_5886	71	71	0.0
GRCh38_CMRG_59657	71	71	2.4e-05
GRCh38_CMRG_60466	71	71	0.051553
GRCh38_CMRG_63206	71	71	0.143238
GRCh38_CMRG_64197	71	71	0.0
GRCh38_CMRG_65164	71	71	0.0
GRCh38_CMRG_68236	71	71	0.0
GRCh38_CMRG_73853	71	71	0.000684
GRCh38_CMRG_75121	71	71	0.013391
GRCh38_CMRG_7882	71	71	0.0
GRCh38_CMRG_81471	71	71	0.03827
GRCh38_CMRG_20930	70	70	0.0
GRCh38_CMRG_24447	70	70	0.023953
GRCh38_CMRG_27081	70	70	3.2e-05
GRCh38_CMRG_29900	70	70	0.002332
GRCh38_CMRG_34192	70	70	0.0
GRCh38_CMRG_36954	70	70	0.176444
GRCh38_CMRG_41727	70	70	0.045325
GRCh38_CMRG_45094	70	70	0.090874
GRCh38_CMRG_47547	70	70	0.034187
GRCh38_CMRG_47700	70	70	0.0
GRCh38_CMRG_54907	70	70	0.0
GRCh38_CMRG_58147	70	70	0.0
GRCh38_CMRG_58640	70	70	0.040971
GRCh38_CMRG_61148	70	70	0.0
GRCh38_CMRG_67639	70	70	8.1e-05
GRCh38_CMRG_68699	70	70	0.0
GRCh38_CMRG_77113	70	70	0.0
GRCh38_CMRG_77334	70	70	0.002118
GRCh38_CMRG_82414	70	70	0.0
GRCh38_CMRG_17377	69	69	0.069535
GRCh38_CMRG_18400	69	69	0.0
GRCh38_CMRG_18971	69	69	0.060832
GRCh38_CMRG_2313	69	69	0.0
GRCh38_CMRG_30025	69	69	4.6e-05
GRCh38_CMRG_33179	69	69	0.0
GRCh38_CMRG_33315	69	69	0.0
GRCh38_CMRG_33539	69	69	0.0
GRCh38_CMRG_36953	69	69	0.176444
GRCh38_CMRG_37921	69	69	0.000333
GRCh38_CMRG_41096	69	69	0.035929
GRCh38_CMRG_45072	69	69	0.0
GRCh38_CMRG_45434	69	69	0.384767
GRCh38_CMRG_48859	69	69	0.0
GRCh38_CMRG_50985	69	69	0.0
GRCh38_CMRG_51860	69	69	0.000937
GRCh38_CMRG_64578	69	69	0.0
GRCh38_CMRG_65093	69	69	0.024821
GRCh38_CMRG_65236	69	69	0.0
GRCh38_CMRG_67989	69	69	0.0
GRCh38_CMRG_70804	69	69	0.0
GRCh38_CMRG_74848	69	69	0.0
GRCh38_CMRG_76635	69	69	0.5
GRCh38_CMRG_79316	69	69	0.018092
GRCh38_CMRG_8217	69	69	0.061213
GRCh38_CMRG_83024	69	69	0.0
GRCh38_CMRG_13504	68	68	0.0
GRCh38_CMRG_17034	68	68	0.0
GRCh38_CMRG_17424	68	68	0.087707
GRCh38_CMRG_18420	68	68	0.003566
GRCh38_CMRG_18578	68	68	0.0
GRCh38_CMRG_24061	68	68	0.0
GRCh38_CMRG_24267	68	68	0.0
GRCh38_CMRG_25243	68	68	0.0
GRCh38_CMRG_25284	68	68	0.0
GRCh38_CMRG_27397	68	68	0.0
GRCh38_CMRG_28185	68	68	0.0
GRCh38_CMRG_28397	68	68	0.0
GRCh38_CMRG_32839	68	68	0.0
GRCh38_CMRG_37854	68	68	0.0
GRCh38_CMRG_37973	68	68	0.0043
GRCh38_CMRG_38012	68	68	0.0
GRCh38_CMRG_42114	68	68	0.192217
GRCh38_CMRG_45968	68	68	0.160957
GRCh38_CMRG_48152	68	68	0.0
GRCh38_CMRG_65171	68	68	0.007299
GRCh38_CMRG_68361	68	68	0.0
GRCh38_CMRG_68698	68	68	0.0
GRCh38_CMRG_77295	68	68	0.0
GRCh38_CMRG_8096	68	68	0.0
GRCh38_CMRG_84104	68	68	0.0458752
GRCh38_CMRG_84213	68	68	0.0
GRCh38_CMRG_1049	67	67	0.058576
GRCh38_CMRG_10612	67	67	0.047659
GRCh38_CMRG_11358	67	67	0.047659
GRCh38_CMRG_17437	67	67	0.001745
GRCh38_CMRG_17804	67	67	0.0
GRCh38_CMRG_17805	67	67	0.0
GRCh38_CMRG_23231	67	67	0.000937
GRCh38_CMRG_27532	67	67	0.0
GRCh38_CMRG_28058	67	67	0.0
GRCh38_CMRG_34161	67	67	0.056349
GRCh38_CMRG_34662	67	67	0.051994
GRCh38_CMRG_37788	67	67	0.001713
GRCh38_CMRG_38420	67	67	0.0
GRCh38_CMRG_44973	67	67	0.0
GRCh38_CMRG_45775	67	67	0.0
GRCh38_CMRG_48136	67	67	0.021469
GRCh38_CMRG_48713	67	67	0.22739
GRCh38_CMRG_519	67	67	0.0
GRCh38_CMRG_52415	67	67	0.0
GRCh38_CMRG_53311	67	67	0.0
GRCh38_CMRG_59156	67	67	0.0
GRCh38_CMRG_61410	67	67	0.0
GRCh38_CMRG_62240	67	67	0.0
GRCh38_CMRG_63767	67	67	0.0
GRCh38_CMRG_65906	67	67	0.0
GRCh38_CMRG_71633	67	67	0.0
GRCh38_CMRG_81980	67	67	0.0
GRCh38_CMRG_1263	66	66	0.004722
GRCh38_CMRG_13562	66	66	0.001105
GRCh38_CMRG_13649	66	66	0.0
GRCh38_CMRG_17002	66	66	0.0
GRCh38_CMRG_17855	66	66	8e-06
GRCh38_CMRG_18424	66	66	0.0
GRCh38_CMRG_18533	66	66	0.0
GRCh38_CMRG_23633	66	66	0.0
GRCh38_CMRG_23864	66	66	0.0
GRCh38_CMRG_2525	66	66	0.0
GRCh38_CMRG_28216	66	66	0.0
GRCh38_CMRG_2877	66	66	5.3e-05
GRCh38_CMRG_45256	66	66	0.0
GRCh38_CMRG_46176	66	66	3.2e-05
GRCh38_CMRG_471	66	66	0.0
GRCh38_CMRG_48364	66	66	0.000781
GRCh38_CMRG_51234	66	66	0.0
GRCh38_CMRG_53189	66	66	8e-05
GRCh38_CMRG_55236	66	66	0.114693
GRCh38_CMRG_60353	66	66	0.0
GRCh38_CMRG_61589	66	66	0.000428
GRCh38_CMRG_61830	66	66	0.4
GRCh38_CMRG_68252	66	66	0.0
GRCh38_CMRG_70680	66	66	8e-06
GRCh38_CMRG_72856	66	66	0.0
GRCh38_CMRG_75425	66	66	0.00069
GRCh38_CMRG_77678	66	66	0.0
GRCh38_CMRG_89	66	66	0.0
GRCh38_CMRG_16693	65	65	0.0
GRCh38_CMRG_1737	65	65	0.0
GRCh38_CMRG_17902	65	65	0.0
GRCh38_CMRG_21149	65	65	0.0
GRCh38_CMRG_23987	65	65	0.0
GRCh38_CMRG_25815	65	65	0.502871
GRCh38_CMRG_26385	65	65	0.233018
GRCh38_CMRG_26693	65	65	0.196455
GRCh38_CMRG_27008	65	65	0.001319
GRCh38_CMRG_28572	65	65	0.266009
GRCh38_CMRG_39388	65	65	0.0066
GRCh38_CMRG_42115	65	65	0.192217
GRCh38_CMRG_43922	65	65	0.0
GRCh38_CMRG_441	65	65	0.0
GRCh38_CMRG_45725	65	65	0.0
GRCh38_CMRG_46161	65	65	0.000493
GRCh38_CMRG_46633	65	65	0.0
GRCh38_CMRG_49634	65	65	0.003122
GRCh38_CMRG_52291	65	65	0.0
GRCh38_CMRG_52512	65	65	0.085103
GRCh38_CMRG_55502	65	65	0.673688
GRCh38_CMRG_61113	65	65	0.206244
GRCh38_CMRG_65329	65	65	0.0
GRCh38_CMRG_69929	65	65	0.0
GRCh38_CMRG_72224	65	65	0.0
GRCh38_CMRG_72299	65	65	0.0
GRCh38_CMRG_74534	65	65	0.150923
GRCh38_CMRG_81982	65	65	0.0
GRCh38_CMRG_82431	65	65	0.0
GRCh38_CMRG_12246	64	64	0.0
GRCh38_CMRG_13326	64	64	0.0
GRCh38_CMRG_1629	64	64	0.126004
GRCh38_CMRG_17911	64	64	0.0
GRCh38_CMRG_17951	64	64	0.0
GRCh38_CMRG_19860	64	64	0.027619
GRCh38_CMRG_27423	64	64	4e-05
GRCh38_CMRG_32615	64	64	0.0
GRCh38_CMRG_35857	64	64	0.0
GRCh38_CMRG_36902	64	64	0.101997
GRCh38_CMRG_45144	64	64	0.000246
GRCh38_CMRG_49375	64	64	0.0
GRCh38_CMRG_49382	64	64	0.0
GRCh38_CMRG_52427	64	64	0.0
GRCh38_CMRG_58394	64	64	0.0
GRCh38_CMRG_60335	64	64	0.0
GRCh38_CMRG_60647	64	64	0.0
GRCh38_CMRG_63869	64	64	0.059869
GRCh38_CMRG_68249	64	64	0.0
GRCh38_CMRG_6983	64	64	0.0
GRCh38_CMRG_74842	64	64	4.8e-05
GRCh38_CMRG_77623	64	64	0.0
GRCh38_CMRG_8173	64	64	0.0
GRCh38_CMRG_13685	63	63	0.0
GRCh38_CMRG_13691	63	63	0.0
GRCh38_CMRG_14955	63	63	0.027309
GRCh38_CMRG_18696	63	63	0.0
GRCh38_CMRG_22862	63	63	0.0
GRCh38_CMRG_32725	63	63	0.0
GRCh38_CMRG_32726	63	63	0.0
GRCh38_CMRG_33843	63	63	0.0
GRCh38_CMRG_36299	63	63	0.049335
GRCh38_CMRG_38032	63	63	0.0
GRCh38_CMRG_45715	63	63	0.0
GRCh38_CMRG_49503	63	63	0.0
GRCh38_CMRG_50088	63	63	0.0
GRCh38_CMRG_50170	63	63	0.0
GRCh38_CMRG_54299	63	63	0.0
GRCh38_CMRG_58934	63	63	0.0
GRCh38_CMRG_60858	63	63	0.006417
GRCh38_CMRG_67763	63	63	0.003453
GRCh38_CMRG_70110	63	63	9.2e-05
GRCh38_CMRG_70186	63	63	0.0
GRCh38_CMRG_71383	63	63	0.0
GRCh38_CMRG_74339	63	63	0.00521
GRCh38_CMRG_7962	63	63	0.0
GRCh38_CMRG_84444	63	63	0.0
GRCh38_CMRG_12484	62	62	0.0
GRCh38_CMRG_1338	62	62	0.0
GRCh38_CMRG_18759	62	62	0.0
GRCh38_CMRG_22269	62	62	0.053851
GRCh38_CMRG_23754	62	62	8.9e-05
GRCh38_CMRG_26581	62	62	0.081818
GRCh38_CMRG_29318	62	62	0.0
GRCh38_CMRG_30602	62	62	0.0
GRCh38_CMRG_33153	62	62	2.4e-05
GRCh38_CMRG_34152	62	62	0.0
GRCh38_CMRG_41910	62	62	0.0
GRCh38_CMRG_49092	62	62	0.0
GRCh38_CMRG_49461	62	62	0.0
GRCh38_CMRG_49658	62	62	0.0
GRCh38_CMRG_62464	62	62	0.000127
GRCh38_CMRG_64357	62	62	0.35
GRCh38_CMRG_64976	62	62	0.0
GRCh38_CMRG_67501	62	62	0.0
GRCh38_CMRG_73184	62	62	0.0
GRCh38_CMRG_73678	62	62	0.0
GRCh38_CMRG_75556	62	62	0.0
GRCh38_CMRG_77654	62	62	0.0
GRCh38_CMRG_8766	62	62	0.0
GRCh38_CMRG_11191	61	61	0.047659
GRCh38_CMRG_18327	61	61	0.0
GRCh38_CMRG_23170	61	61	0.0
GRCh38_CMRG_24011	61	61	0.0
GRCh38_CMRG_27050	61	61	0.0
GRCh38_CMRG_32490	61	61	0.0
GRCh38_CMRG_36812	61	61	0.0
GRCh38_CMRG_39093	61	61	0.0
GRCh38_CMRG_40556	61	61	0.0
GRCh38_CMRG_41043	61	61	0.0
GRCh38_CMRG_44921	61	61	0.338951
GRCh38_CMRG_45630	61	61	0.287609
GRCh38_CMRG_46670	61	61	0.0
GRCh38_CMRG_49310	61	61	0.0
GRCh38_CMRG_51242	61	61	0.0
GRCh38_CMRG_51313	61	61	0.0
GRCh38_CMRG_54097	61	61	0.0
GRCh38_CMRG_58077	61	61	0.211876
GRCh38_CMRG_58475	61	61	0.41508
GRCh38_CMRG_6169	61	61	0.002633
GRCh38_CMRG_70809	61	61	0.0
GRCh38_CMRG_72912	61	61	0.0
GRCh38_CMRG_75450	61	61	0.349585
GRCh38_CMRG_84591	61	61	0.0
GRCh38_CMRG_13643	60	60	7.3e-05
GRCh38_CMRG_14722	60	60	9.5e-05
GRCh38_CMRG_17337	60	60	0.0
GRCh38_CMRG_1794	60	60	0.0
GRCh38_CMRG_24392	60	60	0.0
GRCh38_CMRG_30	60	60	0.0
GRCh38_CMRG_31	60	60	0.0
GRCh38_CMRG_33152	60	60	0.0
GRCh38_CMRG_33413	60	60	0.0
GRCh38_CMRG_38505	60	60	0.000606
GRCh38_CMRG_399	60	60	0.0
GRCh38_CMRG_44589	60	60	0.001625
GRCh38_CMRG_47128	60	60	0.0
GRCh38_CMRG_48834	60	60	0.377144
GRCh38_CMRG_49142	60	60	0.00044
GRCh38_CMRG_49450	60	60	0.0
GRCh38_CMRG_62590	60	60	0.0
GRCh38_CMRG_62644	60	60	0.257582
GRCh38_CMRG_68714	60	60	0.022099
GRCh38_CMRG_70398	60	60	0.118033
GRCh38_CMRG_71943	60	60	0.073128
GRCh38_CMRG_76988	60	60	0.0
GRCh38_CMRG_79896	60	60	0.0
GRCh38_CMRG_81670	60	60	0.0
GRCh38_CMRG_83901	60	60	0.0
GRCh38_CMRG_11108	59	59	0.047659
GRCh38_CMRG_12693	59	59	0.001364
GRCh38_CMRG_14412	59	59	0.0
GRCh38_CMRG_2093	59	59	0.236426
GRCh38_CMRG_23728	59	59	0.0
GRCh38_CMRG_24048	59	59	0.103302
GRCh38_CMRG_2773	59	59	0.0
GRCh38_CMRG_29242	59	59	0.132106
GRCh38_CMRG_45242	59	59	0.0
GRCh38_CMRG_49445	59	59	0.0
GRCh38_CMRG_49777	59	59	0.0
GRCh38_CMRG_51465	59	59	0.351186
GRCh38_CMRG_51946	59	59	0.0
GRCh38_CMRG_53759	59	59	0.0
GRCh38_CMRG_54478	59	59	0.0
GRCh38_CMRG_573	59	59	0.0
GRCh38_CMRG_60636	59	59	0.123324
GRCh38_CMRG_6688	59	59	0.003084
GRCh38_CMRG_6689	59	59	0.003084
GRCh38_CMRG_70694	59	59	0.108283
GRCh38_CMRG_71799	59	59	0.5
GRCh38_CMRG_74122	59	59	0.0
GRCh38_CMRG_77532	59	59	0.0
GRCh38_CMRG_77702	59	59	0.0
GRCh38_CMRG_79364	59	59	0.018092
GRCh38_CMRG_79997	59	59	0.0
GRCh38_CMRG_15091	58	58	0.0
GRCh38_CMRG_20861	58	58	0.110919
GRCh38_CMRG_23267	58	58	0.0
GRCh38_CMRG_23526	58	58	0.0
GRCh38_CMRG_38144	58	58	0.0
GRCh38_CMRG_39080	58	58	0.277577
GRCh38_CMRG_41471	58	58	0.0
GRCh38_CMRG_44268	58	58	0.0
GRCh38_CMRG_45210	58	58	0.607912
GRCh38_CMRG_45521	58	58	0.0
GRCh38_CMRG_47470	58	58	0.064935
GRCh38_CMRG_51415	58	58	0.123322
GRCh38_CMRG_52029	58	58	0.0
GRCh38_CMRG_53468	58	58	0.0
GRCh38_CMRG_54490	58	58	0.056713
GRCh38_CMRG_55100	58	58	0.0
GRCh38_CMRG_55466	58	58	3.2e-05
GRCh38_CMRG_55587	58	58	0.0
GRCh38_CMRG_58127	58	58	0.0
GRCh38_CMRG_59403	58	58	0.0
GRCh38_CMRG_59542	58	58	0.0
GRCh38_CMRG_61188	58	58	0.0
GRCh38_CMRG_63941	58	58	2.4e-05
GRCh38_CMRG_67295	58	58	0.0
GRCh38_CMRG_74340	58	58	0.00521
GRCh38_CMRG_74907	58	58	0.0
GRCh38_CMRG_77619	58	58	0.028784
GRCh38_CMRG_77639	58	58	0.0
GRCh38_CMRG_82951	58	58	0.0134571
GRCh38_CMRG_83051	58	58	0.0
GRCh38_CMRG_83825	58	58	0.0
GRCh38_CMRG_8515	58	58	0.0
GRCh38_CMRG_23013	57	57	0.0
GRCh38_CMRG_24482	57	57	0.0
GRCh38_CMRG_27212	57	57	4e-05
GRCh38_CMRG_30726	57	57	0.0
GRCh38_CMRG_32261	57	57	0.001169
GRCh38_CMRG_32894	57	57	0.0
GRCh38_CMRG_35859	57	57	0.0
GRCh38_CMRG_48993	57	57	0.0
GRCh38_CMRG_49384	57	57	0.0
GRCh38_CMRG_49564	57	57	0.08774
GRCh38_CMRG_52761	57	57	0.0
GRCh38_CMRG_54185	57	57	0.000103
GRCh38_CMRG_54498	57	57	0.255581
GRCh38_CMRG_55529	57	57	0.0
GRCh38_CMRG_60022	57	57	0.02036
GRCh38_CMRG_61528	57	57	0.056982
GRCh38_CMRG_63286	57	57	0.0
GRCh38_CMRG_63460	57	57	0.0
GRCh38_CMRG_64917	57	57	0.15832
GRCh38_CMRG_67310	57	57	0.003378
GRCh38_CMRG_676	57	57	0.047771
GRCh38_CMRG_68297	57	57	0.000624
GRCh38_CMRG_68510	57	57	0.0
GRCh38_CMRG_68707	57	57	0.001208
GRCh38_CMRG_6896	57	57	0.0
GRCh38_CMRG_71566	57	57	0.0
GRCh38_CMRG_72848	57	57	0.055171
GRCh38_CMRG_77531	57	57	0.000557
GRCh38_CMRG_8093	57	57	0.0
GRCh38_CMRG_8172	57	57	0.0
GRCh38_CMRG_88	57	57	0.0
GRCh38_CMRG_8926	57	57	0.00042
GRCh38_CMRG_9329	57	57	0.000468
GRCh38_CMRG_10616	56	56	0.047659
GRCh38_CMRG_11489	56	56	0.000468
GRCh38_CMRG_12815	56	56	0.0
GRCh38_CMRG_1334	56	56	0.0
GRCh38_CMRG_13662	56	56	0.0
GRCh38_CMRG_18345	56	56	0.0
GRCh38_CMRG_18837	56	56	0.0
GRCh38_CMRG_18923	56	56	0.0
GRCh38_CMRG_19427	56	56	0.0
GRCh38_CMRG_22880	56	56	0.0
GRCh38_CMRG_22972	56	56	0.414455
GRCh38_CMRG_25207	56	56	0.0
GRCh38_CMRG_25924	56	56	0.0
GRCh38_CMRG_33626	56	56	0.0
GRCh38_CMRG_35661	56	56	0.92376
GRCh38_CMRG_36976	56	56	0.029188
GRCh38_CMRG_39213	56	56	0.00451
GRCh38_CMRG_48659	56	56	0.0
GRCh38_CMRG_52449	56	56	0.0
GRCh38_CMRG_53493	56	56	0.0
GRCh38_CMRG_60764	56	56	0.00065
GRCh38_CMRG_677	56	56	0.047771
GRCh38_CMRG_68254	56	56	0.0
GRCh38_CMRG_70805	56	56	0.0
GRCh38_CMRG_7760	56	56	0.0
GRCh38_CMRG_12097	55	55	0.0
GRCh38_CMRG_13781	55	55	0.001349
GRCh38_CMRG_13966	55	55	0.0
GRCh38_CMRG_14417	55	55	0.000574
GRCh38_CMRG_30816	55	55	0.0
GRCh38_CMRG_32732	55	55	7.4e-05
GRCh38_CMRG_33010	55	55	0.0
GRCh38_CMRG_38014	55	55	0.0
GRCh38_CMRG_38177	55	55	0.0
GRCh38_CMRG_41477	55	55	0.0
GRCh38_CMRG_45450	55	55	0.384767
GRCh38_CMRG_48174	55	55	0.061788
GRCh38_CMRG_51854	55	55	0.232494
GRCh38_CMRG_53365	55	55	7.6e-05
GRCh38_CMRG_55437	55	55	0.0
GRCh38_CMRG_58138	55	55	0.0
GRCh38_CMRG_63208	55	55	9e-05
GRCh38_CMRG_64599	55	55	0.001095
GRCh38_CMRG_64679	55	55	0.0
GRCh38_CMRG_64685	55	55	8.4e-05
GRCh38_CMRG_64899	55	55	0.0
GRCh38_CMRG_71355	55	55	0.0
GRCh38_CMRG_72191	55	55	0.0
GRCh38_CMRG_73333	55	55	0.371202
GRCh38_CMRG_10652	54	54	0.047659
GRCh38_CMRG_12485	54	54	0.0
GRCh38_CMRG_14700	54	54	0.348503
GRCh38_CMRG_15589	54	54	0.0
GRCh38_CMRG_19862	54	54	0.027619
GRCh38_CMRG_23052	54	54	0.003415
GRCh38_CMRG_27555	54	54	0.532365
GRCh38_CMRG_2769	54	54	0.0
GRCh38_CMRG_34217	54	54	0.586481
GRCh38_CMRG_34722	54	54	0.558851
GRCh38_CMRG_40829	54	54	0.06853
GRCh38_CMRG_45454	54	54	0.0
GRCh38_CMRG_48514	54	54	0.0
GRCh38_CMRG_50973	54	54	0.433478
GRCh38_CMRG_51161	54	54	0.0
GRCh38_CMRG_51644	54	54	0.167036
GRCh38_CMRG_54156	54	54	0.00126
GRCh38_CMRG_54946	54	54	0.000157
GRCh38_CMRG_59637	54	54	0.069883
GRCh38_CMRG_60495	54	54	0.0
GRCh38_CMRG_62534	54	54	0.0
GRCh38_CMRG_64680	54	54	0.0
GRCh38_CMRG_65719	54	54	0.0
GRCh38_CMRG_67311	54	54	0.003378
GRCh38_CMRG_7318	54	54	0.029074
GRCh38_CMRG_77550	54	54	0.0
GRCh38_CMRG_7931	54	54	0.0
GRCh38_CMRG_82016	54	54	0.000207
GRCh38_CMRG_82106	54	54	0.0
GRCh38_CMRG_83365	54	54	0.0
GRCh38_CMRG_83654	54	54	0.0
GRCh38_CMRG_84306	54	54	1.25631e-05
GRCh38_CMRG_9617	54	54	0.036844
GRCh38_CMRG_13291	53	53	0.062147
GRCh38_CMRG_13582	53	53	0.0
GRCh38_CMRG_19861	53	53	0.027619
GRCh38_CMRG_2297	53	53	0.086832
GRCh38_CMRG_24884	53	53	0.275523
GRCh38_CMRG_25253	53	53	0.010621
GRCh38_CMRG_26762	53	53	4.2e-05
GRCh38_CMRG_26781	53	53	0.000312
GRCh38_CMRG_34233	53	53	0.0
GRCh38_CMRG_37815	53	53	0.070559
GRCh38_CMRG_37850	53	53	0.0
GRCh38_CMRG_38039	53	53	0.0
GRCh38_CMRG_38545	53	53	0.0
GRCh38_CMRG_44758	53	53	0.008444
GRCh38_CMRG_46294	53	53	0.0
GRCh38_CMRG_47	53	53	0.0
GRCh38_CMRG_51125	53	53	0.0
GRCh38_CMRG_54239	53	53	0.444115
GRCh38_CMRG_61202	53	53	0.0
GRCh38_CMRG_62642	53	53	0.0
GRCh38_CMRG_68461	53	53	0.0
GRCh38_CMRG_77505	53	53	0.0
GRCh38_CMRG_78875	53	53	0.018092
GRCh38_CMRG_7936	53	53	0.0
GRCh38_CMRG_82228	53	53	0.0
GRCh38_CMRG_12047	52	52	0.0
GRCh38_CMRG_17364	52	52	7.8e-05
GRCh38_CMRG_17725	52	52	0.082204
GRCh38_CMRG_18007	52	52	0.076214
GRCh38_CMRG_18278	52	52	0.0
GRCh38_CMRG_19209	52	52	0.0
GRCh38_CMRG_23892	52	52	0.0
GRCh38_CMRG_23981	52	52	0.0
GRCh38_CMRG_27657	52	52	0.0
GRCh38_CMRG_29665	52	52	0.0
GRCh38_CMRG_29842	52	52	0.0
GRCh38_CMRG_32884	52	52	0.0
GRCh38_CMRG_33335	52	52	0.0
GRCh38_CMRG_33990	52	52	1.2e-05
GRCh38_CMRG_36417	52	52	0.0
GRCh38_CMRG_41818	52	52	0.0
GRCh38_CMRG_43850	52	52	0.019408
GRCh38_CMRG_48092	52	52	0.465158
GRCh38_CMRG_50459	52	52	0.0
GRCh38_CMRG_53216	52	52	0.67271
GRCh38_CMRG_54838	52	52	0.0
GRCh38_CMRG_55808	52	52	0.0
GRCh38_CMRG_60591	52	52	0.0
GRCh38_CMRG_64613	52	52	0.047675
GRCh38_CMRG_64979	52	52	0.0
GRCh38_CMRG_70189	52	52	0.0
GRCh38_CMRG_74816	52	52	0.428843
GRCh38_CMRG_77642	52	52	0.0
GRCh38_CMRG_79311	52	52	0.018092
GRCh38_CMRG_79737	52	52	0.0
GRCh38_CMRG_84099	52	52	0.0
GRCh38_CMRG_84183	52	52	3.2155e-05
GRCh38_CMRG_1191	51	51	1.6e-05
GRCh38_CMRG_13592	51	51	0.0
GRCh38_CMRG_15010	51	51	0.0
GRCh38_CMRG_21930	51	51	0.237857
GRCh38_CMRG_27894	51	51	0.01916
GRCh38_CMRG_32982	51	51	0.0
GRCh38_CMRG_36362	51	51	0.0
GRCh38_CMRG_38488	51	51	0.0
GRCh38_CMRG_39564	51	51	0.113217
GRCh38_CMRG_490	51	51	0.0
GRCh38_CMRG_49789	51	51	0.0
GRCh38_CMRG_50947	51	51	0.0
GRCh38_CMRG_55379	51	51	0.0
GRCh38_CMRG_590	51	51	2.8e-05
GRCh38_CMRG_59827	51	51	0.0
GRCh38_CMRG_60168	51	51	0.0
GRCh38_CMRG_63365	51	51	0.059015
GRCh38_CMRG_63654	51	51	0.031192
GRCh38_CMRG_65126	51	51	8e-06
GRCh38_CMRG_65232	51	51	0.024905
GRCh38_CMRG_668	51	51	0.0
GRCh38_CMRG_67758	51	51	0.0
GRCh38_CMRG_74761	51	51	0.0
GRCh38_CMRG_79411	51	51	0.018092
GRCh38_CMRG_79687	51	51	0.023572
GRCh38_CMRG_17099	50	50	0.0
GRCh38_CMRG_17137	50	50	8.3e-05
GRCh38_CMRG_19428	50	50	0.055519
GRCh38_CMRG_28395	50	50	0.0
GRCh38_CMRG_30034	50	50	0.005187
GRCh38_CMRG_36146	50	50	0.001717
GRCh38_CMRG_37069	50	50	0.0
GRCh38_CMRG_37334	50	50	0.148487
GRCh38_CMRG_38625	50	50	0.0
GRCh38_CMRG_41844	50	50	0.0
GRCh38_CMRG_46159	50	50	0.0
GRCh38_CMRG_47364	50	50	0.0
GRCh38_CMRG_49536	50	50	0.089597
GRCh38_CMRG_59400	50	50	0.002939
GRCh38_CMRG_60292	50	50	0.0
GRCh38_CMRG_64863	50	50	0.0
GRCh38_CMRG_65788	50	50	9e-06
GRCh38_CMRG_69061	50	50	0.0
GRCh38_CMRG_72632	50	50	0.0
GRCh38_CMRG_7373	50	50	0.0
GRCh38_CMRG_77215	50	50	0.0
GRCh38_CMRG_80969	50	50	0.99968
GRCh38_CMRG_13057	49	49	0.014254
GRCh38_CMRG_16738	49	49	0.02526
GRCh38_CMRG_17058	49	49	0.001548
GRCh38_CMRG_25065	49	49	0.0
GRCh38_CMRG_27474	49	49	0.0
GRCh38_CMRG_28427	49	49	0.0
GRCh38_CMRG_28894	49	49	0.00019
GRCh38_CMRG_28953	49	49	0.007017
GRCh38_CMRG_33226	49	49	0.237749
GRCh38_CMRG_34364	49	49	0.859038
GRCh38_CMRG_39145	49	49	0.0
GRCh38_CMRG_41113	49	49	0.0
GRCh38_CMRG_41335	49	49	0.37567
GRCh38_CMRG_44867	49	49	0.0
GRCh38_CMRG_48436	49	49	0.479601
GRCh38_CMRG_48	49	49	0.0
GRCh38_CMRG_48851	49	49	0.0
GRCh38_CMRG_49633	49	49	0.0
GRCh38_CMRG_52450	49	49	0.0
GRCh38_CMRG_58683	49	49	0.000939
GRCh38_CMRG_64120	49	49	0.39199
GRCh38_CMRG_64356	49	49	0.35
GRCh38_CMRG_64505	49	49	0.420518
GRCh38_CMRG_80049	49	49	0.001766
GRCh38_CMRG_80987	49	49	1.6e-05
GRCh38_CMRG_81546	49	49	0.0
GRCh38_CMRG_84307	49	49	1.25631e-05
GRCh38_CMRG_14734	48	48	0.0
GRCh38_CMRG_15410	48	48	0.000211
GRCh38_CMRG_16542	48	48	0.0
GRCh38_CMRG_16598	48	48	0.0
GRCh38_CMRG_16605	48	48	0.0
GRCh38_CMRG_16647	48	48	0.0
GRCh38_CMRG_16648	48	48	0.0
GRCh38_CMRG_18441	48	48	0.0
GRCh38_CMRG_18819	48	48	0.0
GRCh38_CMRG_21343	48	48	0.237857
GRCh38_CMRG_23370	48	48	0.0
GRCh38_CMRG_23977	48	48	0.0
GRCh38_CMRG_2916	48	48	0.0
GRCh38_CMRG_38022	48	48	0.000309
GRCh38_CMRG_39872	48	48	0.033976
GRCh38_CMRG_39925	48	48	0.0
GRCh38_CMRG_41420	48	48	0.0
GRCh38_CMRG_43855	48	48	0.005138
GRCh38_CMRG_44405	48	48	0.0
GRCh38_CMRG_44872	48	48	0.0
GRCh38_CMRG_48658	48	48	0.0
GRCh38_CMRG_50845	48	48	0.0
GRCh38_CMRG_54376	48	48	3.2e-05
GRCh38_CMRG_63866	48	48	0.046811
GRCh38_CMRG_64966	48	48	0.0
GRCh38_CMRG_68324	48	48	0.0
GRCh38_CMRG_71161	48	48	0.0
GRCh38_CMRG_72766	48	48	0.0
GRCh38_CMRG_72847	48	48	0.055171
GRCh38_CMRG_74391	48	48	0.005759
GRCh38_CMRG_76884	48	48	0.049992
GRCh38_CMRG_77679	48	48	0.0
GRCh38_CMRG_79921	48	48	0.0
GRCh38_CMRG_81903	48	48	0.04447
GRCh38_CMRG_82415	48	48	0.000394
GRCh38_CMRG_83085	48	48	0.134206
GRCh38_CMRG_8355	48	48	0.0
GRCh38_CMRG_1502	47	47	0.028291
GRCh38_CMRG_17235	47	47	0.060531
GRCh38_CMRG_18470	47	47	0.0
GRCh38_CMRG_19121	47	47	0.0
GRCh38_CMRG_21229	47	47	0.237857
GRCh38_CMRG_22867	47	47	0.0
GRCh38_CMRG_25187	47	47	0.000781
GRCh38_CMRG_26818	47	47	0.0
GRCh38_CMRG_27395	47	47	0.0
GRCh38_CMRG_30850	47	47	0.0
GRCh38_CMRG_31722	47	47	0.0
GRCh38_CMRG_33388	47	47	0.20196
GRCh38_CMRG_36899	47	47	0.0
GRCh38_CMRG_37083	47	47	0.004589
GRCh38_CMRG_39565	47	47	0.113217
GRCh38_CMRG_51954	47	47	0.000261
GRCh38_CMRG_5990	47	47	4.5e-05
GRCh38_CMRG_60535	47	47	0.103738
GRCh38_CMRG_62643	47	47	0.0
GRCh38_CMRG_64963	47	47	0.0
GRCh38_CMRG_65804	47	47	0.0
GRCh38_CMRG_70034	47	47	0.0
GRCh38_CMRG_70739	47	47	0.091572
GRCh38_CMRG_71907	47	47	6.4e-05
GRCh38_CMRG_72468	47	47	0.0
GRCh38_CMRG_72636	47	47	0.0
GRCh38_CMRG_74039	47	47	0.003498
GRCh38_CMRG_82745	47	47	0.0
GRCh38_CMRG_83844	47	47	0.0
GRCh38_CMRG_9346	47	47	0.000468
GRCh38_CMRG_10922	46	46	0.047659
GRCh38_CMRG_1575	46	46	0.000465
GRCh38_CMRG_22575	46	46	0.0
GRCh38_CMRG_22868	46	46	0.0
GRCh38_CMRG_23304	46	46	0.0
GRCh38_CMRG_2590	46	46	0.430387
GRCh38_CMRG_32701	46	46	0.0
GRCh38_CMRG_35772	46	46	0.137718
GRCh38_CMRG_37690	46	46	0.0
GRCh38_CMRG_38582	46	46	0.000174
GRCh38_CMRG_46079	46	46	0.0
GRCh38_CMRG_47556	46	46	0.0
GRCh38_CMRG_50174	46	46	0.029738
GRCh38_CMRG_50502	46	46	0.004387
GRCh38_CMRG_54768	46	46	0.000591
GRCh38_CMRG_55463	46	46	0.0
GRCh38_CMRG_63980	46	46	0.0
GRCh38_CMRG_67692	46	46	0.0
GRCh38_CMRG_73450	46	46	0.000805
GRCh38_CMRG_77234	46	46	0.0
GRCh38_CMRG_82256	46	46	0.0
GRCh38_CMRG_8930	46	46	0.059717
GRCh38_CMRG_21748	45	45	0.237857
GRCh38_CMRG_22334	45	45	0.0
GRCh38_CMRG_22451	45	45	0.0
GRCh38_CMRG_23217	45	45	8e-06
GRCh38_CMRG_23774	45	45	0.0
GRCh38_CMRG_23775	45	45	0.0
GRCh38_CMRG_30023	45	45	4.6e-05
GRCh38_CMRG_31506	45	45	0.0
GRCh38_CMRG_33825	45	45	0.0
GRCh38_CMRG_34193	45	45	0.0
GRCh38_CMRG_39544	45	45	0.0
GRCh38_CMRG_40226	45	45	0.0
GRCh38_CMRG_44047	45	45	0.008045
GRCh38_CMRG_45935	45	45	0.0
GRCh38_CMRG_504	45	45	0.0
GRCh38_CMRG_51613	45	45	0.02281
GRCh38_CMRG_55243	45	45	1.6e-05
GRCh38_CMRG_59065	45	45	0.0
GRCh38_CMRG_6503	45	45	9e-06
GRCh38_CMRG_72952	45	45	0.0
GRCh38_CMRG_79853	45	45	0.0
GRCh38_CMRG_82438	45	45	0.0
GRCh38_CMRG_82903	45	45	0.0
GRCh38_CMRG_11275	44	44	0.047659
GRCh38_CMRG_11570	44	44	0.000468
GRCh38_CMRG_12288	44	44	0.03768
GRCh38_CMRG_174	44	44	0.0
GRCh38_CMRG_2025	44	44	0.000225
GRCh38_CMRG_21386	44	44	0.237857
GRCh38_CMRG_22443	44	44	0.244066
GRCh38_CMRG_23912	44	44	0.0
GRCh38_CMRG_27467	44	44	0.0
GRCh38_CMRG_28787	44	44	0.0
GRCh38_CMRG_31824	44	44	0.0
GRCh38_CMRG_32075	44	44	0.110741
GRCh38_CMRG_32392	44	44	0.0
GRCh38_CMRG_33385	44	44	0.20196
GRCh38_CMRG_37956	44	44	0.514205
GRCh38_CMRG_40076	44	44	0.456532
GRCh38_CMRG_45403	44	44	0.02575
GRCh38_CMRG_462	44	44	0.000393
GRCh38_CMRG_50365	44	44	0.0
GRCh38_CMRG_52010	44	44	0.0
GRCh38_CMRG_55429	44	44	0.000663
GRCh38_CMRG_55599	44	44	0.0
GRCh38_CMRG_55751	44	44	0.0
GRCh38_CMRG_5725	44	44	0.0
GRCh38_CMRG_59879	44	44	0.113307
GRCh38_CMRG_6132	44	44	0.000937
GRCh38_CMRG_65547	44	44	0.0
GRCh38_CMRG_67391	44	44	0.200829
GRCh38_CMRG_69060	44	44	0.0
GRCh38_CMRG_71419	44	44	0.013587
GRCh38_CMRG_72915	44	44	0.0
GRCh38_CMRG_77480	44	44	0.0
GRCh38_CMRG_79512	44	44	0.0
GRCh38_CMRG_82088	44	44	0.0
GRCh38_CMRG_82260	44	44	0.0
GRCh38_CMRG_8316	44	44	0.0
GRCh38_CMRG_11495	43	43	0.000468
GRCh38_CMRG_1329	43	43	0.018021
GRCh38_CMRG_13540	43	43	0.0
GRCh38_CMRG_16482	43	43	0.083777
GRCh38_CMRG_18409	43	43	0.000716
GRCh38_CMRG_27868	43	43	0.0
GRCh38_CMRG_32826	43	43	0.0
GRCh38_CMRG_33262	43	43	0.0
GRCh38_CMRG_33669	43	43	0.186701
GRCh38_CMRG_35764	43	43	0.0
GRCh38_CMRG_38456	43	43	0.0
GRCh38_CMRG_45455	43	43	0.0
GRCh38_CMRG_48588	43	43	0.0
GRCh38_CMRG_50469	43	43	0.0
GRCh38_CMRG_51868	43	43	0.004932
GRCh38_CMRG_55673	43	43	0.165007
GRCh38_CMRG_59014	43	43	0.041296
GRCh38_CMRG_64898	43	43	0.0
GRCh38_CMRG_667	43	43	0.0
GRCh38_CMRG_67190	43	43	2.6e-05
GRCh38_CMRG_67927	43	43	2.4e-05
GRCh38_CMRG_68582	43	43	0.0
GRCh38_CMRG_74800	43	43	0.0
GRCh38_CMRG_7624	43	43	0.0
GRCh38_CMRG_7924	43	43	0.0
GRCh38_CMRG_79380	43	43	0.071567
GRCh38_CMRG_79966	43	43	0.0
GRCh38_CMRG_80979	43	43	0.0
GRCh38_CMRG_82288	43	43	0.004957
GRCh38_CMRG_82587	43	43	0.0
GRCh38_CMRG_82599	43	43	0.0
GRCh38_CMRG_17140	42	42	0.000468
GRCh38_CMRG_17582	42	42	0.052361
GRCh38_CMRG_17846	42	42	0.000356
GRCh38_CMRG_18788	42	42	0.0
GRCh38_CMRG_19908	42	42	8e-06
GRCh38_CMRG_2434	42	42	0.0
GRCh38_CMRG_24453	42	42	0.221277
GRCh38_CMRG_26806	42	42	0.207285
GRCh38_CMRG_27406	42	42	6.5e-05
GRCh38_CMRG_33330	42	42	0.0
GRCh38_CMRG_33592	42	42	0.0
GRCh38_CMRG_33744	42	42	0.040058
GRCh38_CMRG_35870	42	42	0.0
GRCh38_CMRG_35998	42	42	0.0
GRCh38_CMRG_41661	42	42	0.0
GRCh38_CMRG_49308	42	42	0.0
GRCh38_CMRG_49518	42	42	0.0
GRCh38_CMRG_50120	42	42	0.000148
GRCh38_CMRG_55464	42	42	0.0
GRCh38_CMRG_55750	42	42	0.0
GRCh38_CMRG_60071	42	42	0.0
GRCh38_CMRG_60417	42	42	0.0
GRCh38_CMRG_61866	42	42	0.0
GRCh38_CMRG_65409	42	42	0.0
GRCh38_CMRG_73479	42	42	0.000755
GRCh38_CMRG_7503	42	42	0.02404
GRCh38_CMRG_7992	42	42	0.010561
GRCh38_CMRG_82155	42	42	0.0
GRCh38_CMRG_82253	42	42	0.000787
GRCh38_CMRG_82502	42	42	0.0
GRCh38_CMRG_83865	42	42	2.09705e-05
GRCh38_CMRG_8522	42	42	0.0
GRCh38_CMRG_8946	42	42	0.185961
GRCh38_CMRG_12285	41	41	0.036757
GRCh38_CMRG_13249	41	41	0.0
GRCh38_CMRG_14115	41	41	0.0
GRCh38_CMRG_17390	41	41	0.0
GRCh38_CMRG_20942	41	41	0.484405
GRCh38_CMRG_20949	41	41	0.025681
GRCh38_CMRG_2188	41	41	0.19598
GRCh38_CMRG_2835	41	41	0.0
GRCh38_CMRG_29121	41	41	0.000226
GRCh38_CMRG_33661	41	41	0.0
GRCh38_CMRG_36882	41	41	0.000352
GRCh38_CMRG_37608	41	41	0.0
GRCh38_CMRG_41887	41	41	0.031576
GRCh38_CMRG_49541	41	41	0.001499
GRCh38_CMRG_51067	41	41	0.0
GRCh38_CMRG_54035	41	41	7.9e-05
GRCh38_CMRG_54036	41	41	7.9e-05
GRCh38_CMRG_58637	41	41	0.0
GRCh38_CMRG_64952	41	41	0.457464
GRCh38_CMRG_65830	41	41	0.00012
GRCh38_CMRG_68017	41	41	0.0
GRCh38_CMRG_68669	41	41	0.0
GRCh38_CMRG_70803	41	41	0.0
GRCh38_CMRG_73434	41	41	0.001886
GRCh38_CMRG_7376	41	41	0.0
GRCh38_CMRG_74807	41	41	0.382944
GRCh38_CMRG_82222	41	41	0.0
GRCh38_CMRG_1675	40	40	0.000999
GRCh38_CMRG_19900	40	40	0.02048
GRCh38_CMRG_22243	40	40	7.5e-05
GRCh38_CMRG_23676	40	40	0.0
GRCh38_CMRG_26468	40	40	7.4e-05
GRCh38_CMRG_27016	40	40	0.0
GRCh38_CMRG_37116	40	40	0.001186
GRCh38_CMRG_38560	40	40	0.074086
GRCh38_CMRG_41441	40	40	0.0
GRCh38_CMRG_43604	40	40	0.0
GRCh38_CMRG_49312	40	40	0.0
GRCh38_CMRG_49583	40	40	0.0
GRCh38_CMRG_51045	40	40	0.0
GRCh38_CMRG_67645	40	40	0.0
GRCh38_CMRG_67713	40	40	0.0
GRCh38_CMRG_68884	40	40	0.0
GRCh38_CMRG_7440	40	40	0.056722
GRCh38_CMRG_75180	40	40	0.0
GRCh38_CMRG_79428	40	40	0.111395
GRCh38_CMRG_79766	40	40	0.0
GRCh38_CMRG_81835	40	40	0.0
GRCh38_CMRG_82371	40	40	0.0
GRCh38_CMRG_83054	40	40	0.0
GRCh38_CMRG_8457	40	40	0.0
GRCh38_CMRG_9496	40	40	0.000468
GRCh38_CMRG_10822	39	39	0.047659
GRCh38_CMRG_1167	39	39	0.0
GRCh38_CMRG_13440	39	39	0.0
GRCh38_CMRG_16597	39	39	0.5448
GRCh38_CMRG_19662	39	39	3.2e-05
GRCh38_CMRG_2049	39	39	0.0
GRCh38_CMRG_23616	39	39	0.0
GRCh38_CMRG_24069	39	39	0.01427
GRCh38_CMRG_28434	39	39	0.0
GRCh38_CMRG_28984	39	39	0.0
GRCh38_CMRG_33241	39	39	0.0
GRCh38_CMRG_35544	39	39	0.0
GRCh38_CMRG_39871	39	39	0.0
GRCh38_CMRG_41317	39	39	0.000155
GRCh38_CMRG_44791	39	39	0.0
GRCh38_CMRG_46342	39	39	0.0
GRCh38_CMRG_47861	39	39	0.000301
GRCh38_CMRG_52256	39	39	0.195857
GRCh38_CMRG_62065	39	39	0.0
GRCh38_CMRG_63241	39	39	0.0
GRCh38_CMRG_67243	39	39	0.331663
GRCh38_CMRG_6999	39	39	0.0
GRCh38_CMRG_70565	39	39	0.0
GRCh38_CMRG_71058	39	39	0.0
GRCh38_CMRG_73239	39	39	0.001596
GRCh38_CMRG_73579	39	39	0.0
GRCh38_CMRG_76	39	39	0.0
GRCh38_CMRG_77140	39	39	0.0
GRCh38_CMRG_79765	39	39	0.0
GRCh38_CMRG_82600	39	39	0.0
GRCh38_CMRG_84317	39	39	0.0
GRCh38_CMRG_84586	39	39	0.0
GRCh38_CMRG_1109	38	38	0.000325
GRCh38_CMRG_12492	38	38	0.002042
GRCh38_CMRG_14278	38	38	0.039937
GRCh38_CMRG_19225	38	38	0.045422
GRCh38_CMRG_19426	38	38	0.000253
GRCh38_CMRG_21204	38	38	0.000356
GRCh38_CMRG_23583	38	38	0.0
GRCh38_CMRG_23698	38	38	0.0
GRCh38_CMRG_25391	38	38	0.022635
GRCh38_CMRG_27125	38	38	0.016547
GRCh38_CMRG_33144	38	38	0.0
GRCh38_CMRG_35806	38	38	0.0
GRCh38_CMRG_37408	38	38	0.042212
GRCh38_CMRG_38454	38	38	0.008415
GRCh38_CMRG_40431	38	38	0.03273
GRCh38_CMRG_42054	38	38	0.022834
GRCh38_CMRG_42409	38	38	0.000179
GRCh38_CMRG_45344	38	38	0.0
GRCh38_CMRG_48516	38	38	0.0
GRCh38_CMRG_49212	38	38	0.0
GRCh38_CMRG_54497	38	38	0.255581
GRCh38_CMRG_5817	38	38	0.0
GRCh38_CMRG_6001	38	38	0.0
GRCh38_CMRG_64267	38	38	0.0
GRCh38_CMRG_64939	38	38	0.0
GRCh38_CMRG_67704	38	38	0.0
GRCh38_CMRG_67984	38	38	2.4e-05
GRCh38_CMRG_70931	38	38	3.3e-05
GRCh38_CMRG_71892	38	38	0.0
GRCh38_CMRG_72	38	38	0.0
GRCh38_CMRG_72602	38	38	0.0
GRCh38_CMRG_73448	38	38	3.4e-05
GRCh38_CMRG_75048	38	38	0.0
GRCh38_CMRG_82777	38	38	0.0
GRCh38_CMRG_12050	37	37	0.038498
GRCh38_CMRG_13324	37	37	0.0
GRCh38_CMRG_13784	37	37	0.0
GRCh38_CMRG_23214	37	37	0.0
GRCh38_CMRG_23364	37	37	0.0
GRCh38_CMRG_28946	37	37	0.185787
GRCh38_CMRG_32861	37	37	0.0
GRCh38_CMRG_35691	37	37	0.0
GRCh38_CMRG_38460	37	37	0.0
GRCh38_CMRG_38578	37	37	0.016735
GRCh38_CMRG_394	37	37	0.001635
GRCh38_CMRG_40225	37	37	3.2e-05
GRCh38_CMRG_46174	37	37	0.049892
GRCh38_CMRG_47361	37	37	0.0
GRCh38_CMRG_48796	37	37	0.00092
GRCh38_CMRG_55250	37	37	0.0
GRCh38_CMRG_58402	37	37	0.0
GRCh38_CMRG_59257	37	37	0.0
GRCh38_CMRG_60643	37	37	0.0
GRCh38_CMRG_62303	37	37	0.0
GRCh38_CMRG_65050	37	37	0.0
GRCh38_CMRG_68258	37	37	0.0
GRCh38_CMRG_69936	37	37	0.0
GRCh38_CMRG_7024	37	37	0.020689
GRCh38_CMRG_72469	37	37	0.0
GRCh38_CMRG_72635	37	37	0.0
GRCh38_CMRG_72849	37	37	0.0
GRCh38_CMRG_7707	37	37	0.041805
GRCh38_CMRG_84592	37	37	0.0
GRCh38_CMRG_1676	36	36	0.000999
GRCh38_CMRG_18338	36	36	0.0
GRCh38_CMRG_18973	36	36	0.060832
GRCh38_CMRG_2052	36	36	0.0
GRCh38_CMRG_21362	36	36	0.237857
GRCh38_CMRG_22173	36	36	0.0
GRCh38_CMRG_23599	36	36	0.0
GRCh38_CMRG_25802	36	36	0.0
GRCh38_CMRG_28981	36	36	0.0
GRCh38_CMRG_29978	36	36	0.0
GRCh38_CMRG_32411	36	36	0.0
GRCh38_CMRG_32825	36	36	0.0
GRCh38_CMRG_33225	36	36	0.0
GRCh38_CMRG_42100	36	36	0.000674
GRCh38_CMRG_43876	36	36	0.0
GRCh38_CMRG_45037	36	36	0.0
GRCh38_CMRG_49354	36	36	0.0
GRCh38_CMRG_51068	36	36	0.0
GRCh38_CMRG_52339	36	36	0.010554
GRCh38_CMRG_52507	36	36	0.0
GRCh38_CMRG_60763	36	36	0.00065
GRCh38_CMRG_64230	36	36	0.0
GRCh38_CMRG_6456	36	36	0.0
GRCh38_CMRG_69353	36	36	0.0
GRCh38_CMRG_73264	36	36	0.0
GRCh38_CMRG_73679	36	36	0.0
GRCh38_CMRG_74096	36	36	8e-06
GRCh38_CMRG_82315	36	36	0.356761
GRCh38_CMRG_12491	35	35	0.0
GRCh38_CMRG_14421	35	35	0.0
GRCh38_CMRG_18399	35	35	0.0
GRCh38_CMRG_18536	35	35	0.0
GRCh38_CMRG_19082	35	35	0.0
GRCh38_CMRG_19247	35	35	0.186303
GRCh38_CMRG_23708	35	35	0.0
GRCh38_CMRG_27139	35	35	0.0
GRCh38_CMRG_27182	35	35	0.0
GRCh38_CMRG_27280	35	35	0.0
GRCh38_CMRG_28615	35	35	0.0
GRCh38_CMRG_31089	35	35	0.0
GRCh38_CMRG_32352	35	35	0.0
GRCh38_CMRG_33097	35	35	8e-06
GRCh38_CMRG_37471	35	35	0.0
GRCh38_CMRG_38388	35	35	0.0
GRCh38_CMRG_38734	35	35	0.06835
GRCh38_CMRG_44839	35	35	0.0
GRCh38_CMRG_45976	35	35	0.0
GRCh38_CMRG_46566	35	35	0.000117
GRCh38_CMRG_47701	35	35	0.000908
GRCh38_CMRG_49170	35	35	0.0
GRCh38_CMRG_50087	35	35	0.244231
GRCh38_CMRG_50260	35	35	0.0
GRCh38_CMRG_50405	35	35	0.0
GRCh38_CMRG_51643	35	35	0.0
GRCh38_CMRG_53675	35	35	0.042923
GRCh38_CMRG_55099	35	35	0.0
GRCh38_CMRG_61038	35	35	0.0
GRCh38_CMRG_6783	35	35	0.000156
GRCh38_CMRG_68334	35	35	0.0
GRCh38_CMRG_69487	35	35	0.00289
GRCh38_CMRG_76820	35	35	0.000154
GRCh38_CMRG_77385	35	35	0.0
GRCh38_CMRG_77582	35	35	0.0
GRCh38_CMRG_77648	35	35	0.03321
GRCh38_CMRG_79584	35	35	0.0
GRCh38_CMRG_83111	35	35	1.19087e-05
GRCh38_CMRG_8449	35	35	0.472613
GRCh38_CMRG_13670	34	34	0.0
GRCh38_CMRG_17766	34	34	0.0
GRCh38_CMRG_1820	34	34	0.0
GRCh38_CMRG_21262	34	34	0.237857
GRCh38_CMRG_23195	34	34	0.0
GRCh38_CMRG_27910	34	34	0.041628
GRCh38_CMRG_28051	34	34	0.0
GRCh38_CMRG_33418	34	34	0.0
GRCh38_CMRG_33627	34	34	0.0
GRCh38_CMRG_36120	34	34	0.00122
GRCh38_CMRG_36476	34	34	0.0
GRCh38_CMRG_37474	34	34	0.00013
GRCh38_CMRG_39227	34	34	6.1e-05
GRCh38_CMRG_39401	34	34	0.383138
GRCh38_CMRG_40454	34	34	6.4e-05
GRCh38_CMRG_41389	34	34	0.025885
GRCh38_CMRG_44851	34	34	0.0
GRCh38_CMRG_44959	34	34	0.0
GRCh38_CMRG_48656	34	34	0.0
GRCh38_CMRG_49141	34	34	0.00044
GRCh38_CMRG_54751	34	34	0.185487
GRCh38_CMRG_58631	34	34	0.0
GRCh38_CMRG_65127	34	34	8e-06
GRCh38_CMRG_68001	34	34	0.0
GRCh38_CMRG_70945	34	34	0.001969
GRCh38_CMRG_72431	34	34	0.0
GRCh38_CMRG_7620	34	34	0.0
GRCh38_CMRG_7692	34	34	0.0
GRCh38_CMRG_794	34	34	0.0
GRCh38_CMRG_80830	34	34	0.005037
GRCh38_CMRG_82125	34	34	0.0
GRCh38_CMRG_9075	34	34	0.000468
GRCh38_CMRG_15535	33	33	0.00082
GRCh38_CMRG_18966	33	33	0.0
GRCh38_CMRG_19280	33	33	0.0
GRCh38_CMRG_21870	33	33	0.237857
GRCh38_CMRG_24410	33	33	0.4535
GRCh38_CMRG_24866	33	33	3e-05
GRCh38_CMRG_31088	33	33	0.0
GRCh38_CMRG_31636	33	33	0.000103
GRCh38_CMRG_35561	33	33	0.0
GRCh38_CMRG_40592	33	33	0.0
GRCh38_CMRG_49098	33	33	0.0
GRCh38_CMRG_49353	33	33	0.0
GRCh38_CMRG_49405	33	33	0.0
GRCh38_CMRG_50783	33	33	0.0
GRCh38_CMRG_52580	33	33	0.02735
GRCh38_CMRG_53233	33	33	8e-06
GRCh38_CMRG_55455	33	33	0.174457
GRCh38_CMRG_58141	33	33	0.001273
GRCh38_CMRG_60557	33	33	0.0
GRCh38_CMRG_60651	33	33	0.0
GRCh38_CMRG_60652	33	33	0.0
GRCh38_CMRG_64959	33	33	0.0
GRCh38_CMRG_68454	33	33	0.0
GRCh38_CMRG_69935	33	33	0.0
GRCh38_CMRG_72596	33	33	0.0
GRCh38_CMRG_73185	33	33	0.015977
GRCh38_CMRG_73268	33	33	0.0
GRCh38_CMRG_7621	33	33	0.0
GRCh38_CMRG_7865	33	33	0.321635
GRCh38_CMRG_82906	33	33	0.0
GRCh38_CMRG_8510	33	33	2.4e-05
GRCh38_CMRG_9471	33	33	0.000468
GRCh38_CMRG_12949	32	32	0.021771
GRCh38_CMRG_17968	32	32	0.0
GRCh38_CMRG_18084	32	32	0.092792
GRCh38_CMRG_23891	32	32	0.0
GRCh38_CMRG_27085	32	32	0.0
GRCh38_CMRG_2767	32	32	0.0
GRCh38_CMRG_27958	32	32	0.0
GRCh38_CMRG_28462	32	32	0.0
GRCh38_CMRG_31011	32	32	0.000108
GRCh38_CMRG_32703	32	32	0.0
GRCh38_CMRG_32910	32	32	0.446305
GRCh38_CMRG_33263	32	32	0.00046
GRCh38_CMRG_33746	32	32	0.258179
GRCh38_CMRG_34741	32	32	0.0
GRCh38_CMRG_36466	32	32	0.0
GRCh38_CMRG_37750	32	32	0.028357
GRCh38_CMRG_39567	32	32	0.0
GRCh38_CMRG_44966	32	32	0.0
GRCh38_CMRG_49447	32	32	0.0
GRCh38_CMRG_51347	32	32	0.127116
GRCh38_CMRG_53866	32	32	0.023235
GRCh38_CMRG_593	32	32	0.0
GRCh38_CMRG_59502	32	32	0.0
GRCh38_CMRG_63265	32	32	0.018394
GRCh38_CMRG_66034	32	32	0.0
GRCh38_CMRG_70780	32	32	0.460797
GRCh38_CMRG_73312	32	32	0.017015
GRCh38_CMRG_7670	32	32	0.413583
GRCh38_CMRG_7710	32	32	0.0
GRCh38_CMRG_77287	32	32	0.0
GRCh38_CMRG_79996	32	32	0.0
GRCh38_CMRG_9571	32	32	0.000468
GRCh38_CMRG_10883	31	31	0.047659
GRCh38_CMRG_10884	31	31	0.047659
GRCh38_CMRG_11537	31	31	0.000468
GRCh38_CMRG_13645	31	31	0.0
GRCh38_CMRG_13761	31	31	0.0
GRCh38_CMRG_18599	31	31	0.0
GRCh38_CMRG_18780	31	31	0.000237
GRCh38_CMRG_21346	31	31	0.237857
GRCh38_CMRG_25376	31	31	0.006571
GRCh38_CMRG_26023	31	31	0.0
GRCh38_CMRG_38030	31	31	0.0
GRCh38_CMRG_38056	31	31	0.0
GRCh38_CMRG_38153	31	31	1.9e-05
GRCh38_CMRG_38299	31	31	0.0
GRCh38_CMRG_42498	31	31	0.0
GRCh38_CMRG_45368	31	31	0.010665
GRCh38_CMRG_45386	31	31	0.0
GRCh38_CMRG_47550	31	31	0.092197
GRCh38_CMRG_48103	31	31	0.0
GRCh38_CMRG_48399	31	31	0.0
GRCh38_CMRG_55255	31	31	0.000536
GRCh38_CMRG_55453	31	31	0.174457
GRCh38_CMRG_63373	31	31	0.0
GRCh38_CMRG_6502	31	31	9e-06
GRCh38_CMRG_6629	31	31	0.0
GRCh38_CMRG_67615	31	31	0.0
GRCh38_CMRG_67677	31	31	0.0
GRCh38_CMRG_7123	31	31	0.161359
GRCh38_CMRG_71523	31	31	0.0
GRCh38_CMRG_75538	31	31	0.0
GRCh38_CMRG_7622	31	31	0.0
GRCh38_CMRG_77184	31	31	0.0
GRCh38_CMRG_79332	31	31	0.018092
GRCh38_CMRG_81721	31	31	0.0
GRCh38_CMRG_82917	31	31	0.0
GRCh38_CMRG_82958	31	31	0.0273383
GRCh38_CMRG_83381	31	31	0.001093
GRCh38_CMRG_10995	30	30	0.047659
GRCh38_CMRG_11079	30	30	0.047659
GRCh38_CMRG_13545	30	30	0.0
GRCh38_CMRG_15420	30	30	0.000468
GRCh38_CMRG_22756	30	30	0.031257
GRCh38_CMRG_23722	30	30	0.0
GRCh38_CMRG_23784	30	30	0.0
GRCh38_CMRG_2445	30	30	0.0
GRCh38_CMRG_25996	30	30	0.0
GRCh38_CMRG_2932	30	30	0.156958
GRCh38_CMRG_32918	30	30	0.446305
GRCh38_CMRG_33224	30	30	0.0
GRCh38_CMRG_33500	30	30	0.0
GRCh38_CMRG_33755	30	30	0.034031
GRCh38_CMRG_40899	30	30	0.019357
GRCh38_CMRG_45873	30	30	0.217559
GRCh38_CMRG_49441	30	30	0.0
GRCh38_CMRG_50854	30	30	1.6e-05
GRCh38_CMRG_53861	30	30	8e-06
GRCh38_CMRG_55748	30	30	0.0
GRCh38_CMRG_60940	30	30	7.5e-05
GRCh38_CMRG_62257	30	30	2.8e-05
GRCh38_CMRG_63752	30	30	0.015454
GRCh38_CMRG_64419	30	30	0.002065
GRCh38_CMRG_64783	30	30	0.0
GRCh38_CMRG_65469	30	30	0.020384
GRCh38_CMRG_67783	30	30	0.0
GRCh38_CMRG_70665	30	30	0.050217
GRCh38_CMRG_70684	30	30	8e-06
GRCh38_CMRG_73831	30	30	0.000156
GRCh38_CMRG_75013	30	30	0.0
GRCh38_CMRG_76926	30	30	0.104701
GRCh38_CMRG_79320	30	30	0.018092
GRCh38_CMRG_84469	30	30	0.0
GRCh38_CMRG_11366	29	29	0.047659
GRCh38_CMRG_22973	29	29	0.414455
GRCh38_CMRG_23432	29	29	0.0
GRCh38_CMRG_24136	29	29	0.452232
GRCh38_CMRG_27554	29	29	0.532365
GRCh38_CMRG_41112	29	29	0.222493
GRCh38_CMRG_41737	29	29	0.0
GRCh38_CMRG_44143	29	29	0.0
GRCh38_CMRG_45033	29	29	0.0
GRCh38_CMRG_45371	29	29	0.010665
GRCh38_CMRG_46343	29	29	0.0
GRCh38_CMRG_55585	29	29	0.0
GRCh38_CMRG_58382	29	29	0.0
GRCh38_CMRG_59100	29	29	0.381339
GRCh38_CMRG_59999	29	29	0.0
GRCh38_CMRG_60589	29	29	8e-06
GRCh38_CMRG_6078	29	29	0.0
GRCh38_CMRG_64355	29	29	0.35
GRCh38_CMRG_67586	29	29	0.0
GRCh38_CMRG_68241	29	29	1.6e-05
GRCh38_CMRG_7039	29	29	0.047692
GRCh38_CMRG_7040	29	29	0.047692
GRCh38_CMRG_72973	29	29	0.0
GRCh38_CMRG_73779	29	29	0.010367
GRCh38_CMRG_74097	29	29	0.0
GRCh38_CMRG_79600	29	29	0.0
GRCh38_CMRG_7975	29	29	0.0
GRCh38_CMRG_81187	29	29	0.1598
GRCh38_CMRG_8712	29	29	0.036235
GRCh38_CMRG_10880	28	28	0.047659
GRCh38_CMRG_10918	28	28	0.047659
GRCh38_CMRG_13357	28	28	0.173037
GRCh38_CMRG_21324	28	28	0.237857
GRCh38_CMRG_23366	28	28	0.0
GRCh38_CMRG_23604	28	28	0.0
GRCh38_CMRG_26711	28	28	0.006167
GRCh38_CMRG_27014	28	28	0.0
GRCh38_CMRG_33337	28	28	0.0
GRCh38_CMRG_33426	28	28	1.6e-05
GRCh38_CMRG_36898	28	28	0.003463
GRCh38_CMRG_38498	28	28	0.0
GRCh38_CMRG_39456	28	28	0.26756
GRCh38_CMRG_41572	28	28	8e-06
GRCh38_CMRG_44701	28	28	0.0
GRCh38_CMRG_44994	28	28	0.0
GRCh38_CMRG_46273	28	28	0.000421
GRCh38_CMRG_47788	28	28	0.0
GRCh38_CMRG_48582	28	28	6.4e-05
GRCh38_CMRG_49106	28	28	0.0
GRCh38_CMRG_52033	28	28	0.0
GRCh38_CMRG_52292	28	28	6.4e-05
GRCh38_CMRG_63492	28	28	0.0
GRCh38_CMRG_63766	28	28	0.0
GRCh38_CMRG_64965	28	28	0.0
GRCh38_CMRG_70426	28	28	0.548578
GRCh38_CMRG_73101	28	28	0.0
GRCh38_CMRG_74394	28	28	0.000781
GRCh38_CMRG_74992	28	28	0.0
GRCh38_CMRG_75631	28	28	1.0
GRCh38_CMRG_82227	28	28	0.0
GRCh38_CMRG_83201	28	28	0.00333911
GRCh38_CMRG_14728	27	27	0.000688
GRCh38_CMRG_16991	27	27	0.0
GRCh38_CMRG_18590	27	27	0.237005
GRCh38_CMRG_23268	27	27	0.0
GRCh38_CMRG_24864	27	27	3e-05
GRCh38_CMRG_25775	27	27	0.0
GRCh38_CMRG_25887	27	27	0.053435
GRCh38_CMRG_31382	27	27	0.0
GRCh38_CMRG_32754	27	27	0.0
GRCh38_CMRG_38216	27	27	2.9e-05
GRCh38_CMRG_39126	27	27	0.0
GRCh38_CMRG_41892	27	27	0.0
GRCh38_CMRG_45190	27	27	0.624409
GRCh38_CMRG_45508	27	27	0.0
GRCh38_CMRG_49313	27	27	0.0
GRCh38_CMRG_495	27	27	0.0
GRCh38_CMRG_51922	27	27	0.415308
GRCh38_CMRG_52375	27	27	0.0
GRCh38_CMRG_71966	27	27	0.0
GRCh38_CMRG_72821	27	27	0.0
GRCh38_CMRG_73245	27	27	0.0
GRCh38_CMRG_74505	27	27	0.0
GRCh38_CMRG_76844	27	27	0.018376
GRCh38_CMRG_79918	27	27	0.029112
GRCh38_CMRG_80839	27	27	0.0
GRCh38_CMRG_82362	27	27	0.0
GRCh38_CMRG_82712	27	27	0.000156
GRCh38_CMRG_83870	27	27	0.0
GRCh38_CMRG_83907	27	27	0.00224152
GRCh38_CMRG_84184	27	27	5.22657e-05
GRCh38_CMRG_14798	26	26	0.000624
GRCh38_CMRG_18422	26	26	0.0
GRCh38_CMRG_20882	26	26	0.0
GRCh38_CMRG_23365	26	26	0.0
GRCh38_CMRG_23700	26	26	0.0
GRCh38_CMRG_23828	26	26	0.0
GRCh38_CMRG_33046	26	26	0.0
GRCh38_CMRG_33096	26	26	0.000122
GRCh38_CMRG_33223	26	26	0.0
GRCh38_CMRG_33829	26	26	0.0
GRCh38_CMRG_36481	26	26	8e-06
GRCh38_CMRG_36864	26	26	0.0
GRCh38_CMRG_38143	26	26	0.0
GRCh38_CMRG_38523	26	26	0.0
GRCh38_CMRG_40133	26	26	0.53382
GRCh38_CMRG_44849	26	26	0.0
GRCh38_CMRG_47317	26	26	0.0
GRCh38_CMRG_478	26	26	8.4e-05
GRCh38_CMRG_48032	26	26	0.425803
GRCh38_CMRG_48579	26	26	0.0
GRCh38_CMRG_54258	26	26	0.0
GRCh38_CMRG_5722	26	26	0.0
GRCh38_CMRG_60935	26	26	0.0
GRCh38_CMRG_64977	26	26	0.0
GRCh38_CMRG_65550	26	26	0.0
GRCh38_CMRG_65809	26	26	0.0
GRCh38_CMRG_6994	26	26	8e-06
GRCh38_CMRG_71936	26	26	0.0
GRCh38_CMRG_72830	26	26	0.0
GRCh38_CMRG_73187	26	26	0.015977
GRCh38_CMRG_74401	26	26	0.0
GRCh38_CMRG_74888	26	26	0.000602
GRCh38_CMRG_75493	26	26	0.0
GRCh38_CMRG_75494	26	26	0.0
GRCh38_CMRG_77198	26	26	0.0
GRCh38_CMRG_79568	26	26	0.063046
GRCh38_CMRG_8250	26	26	0.016029
GRCh38_CMRG_1166	25	25	0.0
GRCh38_CMRG_13835	25	25	0.012678
GRCh38_CMRG_15570	25	25	0.0
GRCh38_CMRG_16531	25	25	0.0
GRCh38_CMRG_17983	25	25	0.0
GRCh38_CMRG_19515	25	25	0.163743
GRCh38_CMRG_19921	25	25	0.0
GRCh38_CMRG_2050	25	25	0.0
GRCh38_CMRG_22484	25	25	0.0
GRCh38_CMRG_22860	25	25	0.043703
GRCh38_CMRG_23697	25	25	0.0
GRCh38_CMRG_23761	25	25	0.0
GRCh38_CMRG_24953	25	25	0.001985
GRCh38_CMRG_29843	25	25	0.0
GRCh38_CMRG_32109	25	25	0.0
GRCh38_CMRG_32230	25	25	0.212482
GRCh38_CMRG_38491	25	25	0.0
GRCh38_CMRG_44471	25	25	0.0
GRCh38_CMRG_49132	25	25	0.0
GRCh38_CMRG_49385	25	25	0.0
GRCh38_CMRG_49434	25	25	0.0
GRCh38_CMRG_52161	25	25	0.0
GRCh38_CMRG_54198	25	25	0.0
GRCh38_CMRG_58641	25	25	0.000122
GRCh38_CMRG_58817	25	25	0.0
GRCh38_CMRG_60432	25	25	0.0
GRCh38_CMRG_64632	25	25	0.0
GRCh38_CMRG_68029	25	25	0.0
GRCh38_CMRG_68306	25	25	0.058882
GRCh38_CMRG_6993	25	25	8e-06
GRCh38_CMRG_72641	25	25	0.0
GRCh38_CMRG_72716	25	25	0.0
GRCh38_CMRG_74171	25	25	0.0
GRCh38_CMRG_745	25	25	0.010851
GRCh38_CMRG_75090	25	25	0.0
GRCh38_CMRG_75133	25	25	0.0
GRCh38_CMRG_76636	25	25	0.5
GRCh38_CMRG_79909	25	25	0.0
GRCh38_CMRG_81687	25	25	0.0
GRCh38_CMRG_10856	24	24	0.047659
GRCh38_CMRG_11202	24	24	0.047659
GRCh38_CMRG_13353	24	24	0.173037
GRCh38_CMRG_1634	24	24	8e-06
GRCh38_CMRG_18798	24	24	0.0
GRCh38_CMRG_29340	24	24	0.0
GRCh38_CMRG_29664	24	24	0.0
GRCh38_CMRG_33159	24	24	0.000454
GRCh38_CMRG_34454	24	24	0.092691
GRCh38_CMRG_36164	24	24	0.0
GRCh38_CMRG_44335	24	24	0.0
GRCh38_CMRG_45267	24	24	0.0
GRCh38_CMRG_46495	24	24	0.0
GRCh38_CMRG_48384	24	24	0.0
GRCh38_CMRG_54728	24	24	0.0
GRCh38_CMRG_58093	24	24	0.0
GRCh38_CMRG_6068	24	24	0.100577
GRCh38_CMRG_68839	24	24	0.488477
GRCh38_CMRG_6977	24	24	0.0
GRCh38_CMRG_6979	24	24	0.0
GRCh38_CMRG_72789	24	24	0.0
GRCh38_CMRG_73682	24	24	0.0
GRCh38_CMRG_74049	24	24	0.0
GRCh38_CMRG_7712	24	24	0.0
GRCh38_CMRG_78871	24	24	0.018092
GRCh38_CMRG_7969	24	24	0.0
GRCh38_CMRG_82896	24	24	0.0
GRCh38_CMRG_83135	24	24	0.0356625
GRCh38_CMRG_10503	23	23	0.000468
GRCh38_CMRG_10510	23	23	0.000468
GRCh38_CMRG_10989	23	23	0.047659
GRCh38_CMRG_11795	23	23	0.034802
GRCh38_CMRG_1635	23	23	8e-06
GRCh38_CMRG_18797	23	23	0.0
GRCh38_CMRG_19516	23	23	0.163743
GRCh38_CMRG_21076	23	23	0.0
GRCh38_CMRG_23953	23	23	0.0
GRCh38_CMRG_24744	23	23	0.0
GRCh38_CMRG_28987	23	23	1.7e-05
GRCh38_CMRG_32618	23	23	0.105557
GRCh38_CMRG_35869	23	23	0.000172
GRCh38_CMRG_38410	23	23	0.009005
GRCh38_CMRG_46496	23	23	0.0
GRCh38_CMRG_46561	23	23	0.0
GRCh38_CMRG_47024	23	23	0.0
GRCh38_CMRG_47450	23	23	0.02277
GRCh38_CMRG_49143	23	23	0.00044
GRCh38_CMRG_51419	23	23	0.0
GRCh38_CMRG_51721	23	23	0.325099
GRCh38_CMRG_52506	23	23	0.0
GRCh38_CMRG_53823	23	23	0.02905
GRCh38_CMRG_67759	23	23	0.0
GRCh38_CMRG_72640	23	23	0.0
GRCh38_CMRG_73399	23	23	0.000312
GRCh38_CMRG_73852	23	23	0.101326
GRCh38_CMRG_74145	23	23	4.1e-05
GRCh38_CMRG_74760	23	23	0.0
GRCh38_CMRG_75201	23	23	0.011239
GRCh38_CMRG_77182	23	23	0.0
GRCh38_CMRG_7914	23	23	0.0
GRCh38_CMRG_79648	23	23	0.004974
GRCh38_CMRG_8029	23	23	0.0
GRCh38_CMRG_8030	23	23	0.0
GRCh38_CMRG_81697	23	23	0.0
GRCh38_CMRG_81960	23	23	0.0
GRCh38_CMRG_83543	23	23	0.0
GRCh38_CMRG_83750	23	23	0.0
GRCh38_CMRG_9208	23	23	0.000566
GRCh38_CMRG_10508	22	22	0.000468
GRCh38_CMRG_12077	22	22	0.0
GRCh38_CMRG_13442	22	22	0.0
GRCh38_CMRG_13802	22	22	0.0
GRCh38_CMRG_17987	22	22	0.0
GRCh38_CMRG_22814	22	22	0.0
GRCh38_CMRG_23493	22	22	0.0
GRCh38_CMRG_23585	22	22	0.0
GRCh38_CMRG_24027	22	22	0.0
GRCh38_CMRG_27534	22	22	0.366541
GRCh38_CMRG_27789	22	22	0.0
GRCh38_CMRG_28225	22	22	0.0
GRCh38_CMRG_28311	22	22	0.461966
GRCh38_CMRG_32921	22	22	0.0
GRCh38_CMRG_32990	22	22	0.0
GRCh38_CMRG_39404	22	22	0.0
GRCh38_CMRG_42	22	22	0.0
GRCh38_CMRG_44349	22	22	0.0
GRCh38_CMRG_46567	22	22	0.0
GRCh38_CMRG_47096	22	22	0.0
GRCh38_CMRG_47958	22	22	0.0
GRCh38_CMRG_52310	22	22	0.0
GRCh38_CMRG_54954	22	22	0.016515
GRCh38_CMRG_58374	22	22	0.0
GRCh38_CMRG_59253	22	22	0.025115
GRCh38_CMRG_64231	22	22	0.0
GRCh38_CMRG_70185	22	22	0.0
GRCh38_CMRG_72590	22	22	0.0
GRCh38_CMRG_73100	22	22	0.0
GRCh38_CMRG_75155	22	22	0.0
GRCh38_CMRG_79267	22	22	0.018092
GRCh38_CMRG_83881	22	22	0.0
GRCh38_CMRG_11551	21	21	0.000468
GRCh38_CMRG_14971	21	21	0.0
GRCh38_CMRG_18335	21	21	0.0
GRCh38_CMRG_33080	21	21	0.347179
GRCh38_CMRG_33536	21	21	0.0
GRCh38_CMRG_33649	21	21	0.0
GRCh38_CMRG_38075	21	21	0.0
GRCh38_CMRG_38682	21	21	0.0
GRCh38_CMRG_39673	21	21	0.001276
GRCh38_CMRG_42416	21	21	0.156114
GRCh38_CMRG_43733	21	21	9e-06
GRCh38_CMRG_44852	21	21	0.0
GRCh38_CMRG_44854	21	21	0.0
GRCh38_CMRG_45438	21	21	0.384767
GRCh38_CMRG_45632	21	21	0.287609
GRCh38_CMRG_49632	21	21	0.0
GRCh38_CMRG_52414	21	21	0.0
GRCh38_CMRG_54095	21	21	0.0
GRCh38_CMRG_55111	21	21	0.000304
GRCh38_CMRG_55163	21	21	0.0
GRCh38_CMRG_58200	21	21	4.4e-05
GRCh38_CMRG_60127	21	21	0.0
GRCh38_CMRG_61572	21	21	0.0
GRCh38_CMRG_63709	21	21	0.0
GRCh38_CMRG_64350	21	21	0.029145
GRCh38_CMRG_6435	21	21	0.0
GRCh38_CMRG_64989	21	21	0.0
GRCh38_CMRG_67707	21	21	0.0
GRCh38_CMRG_67891	21	21	0.0
GRCh38_CMRG_68165	21	21	0.0
GRCh38_CMRG_68307	21	21	0.058882
GRCh38_CMRG_71916	21	21	0.011209
GRCh38_CMRG_72808	21	21	0.0
GRCh38_CMRG_79206	21	21	0.51037
GRCh38_CMRG_81690	21	21	0.022529
GRCh38_CMRG_82285	21	21	0.0
GRCh38_CMRG_82581	21	21	0.0
GRCh38_CMRG_82790	21	21	0.0
GRCh38_CMRG_83065	21	21	0.0
GRCh38_CMRG_84362	21	21	0.00012507
GRCh38_CMRG_8774	21	21	0.0
GRCh38_CMRG_990	21	21	0.0
GRCh38_CMRG_12570	20	20	0.0
GRCh38_CMRG_13441	20	20	0.0
GRCh38_CMRG_14061	20	20	0.00493
GRCh38_CMRG_15537	20	20	0.028185
GRCh38_CMRG_16899	20	20	0.0
GRCh38_CMRG_23600	20	20	0.0
GRCh38_CMRG_24506	20	20	0.0
GRCh38_CMRG_25279	20	20	0.0
GRCh38_CMRG_2712	20	20	0.00221
GRCh38_CMRG_33172	20	20	0.0
GRCh38_CMRG_33457	20	20	0.006144
GRCh38_CMRG_36865	20	20	0.0
GRCh38_CMRG_37960	20	20	0.514205
GRCh38_CMRG_37983	20	20	0.146652
GRCh38_CMRG_41106	20	20	0.000492
GRCh38_CMRG_41268	20	20	0.0
GRCh38_CMRG_44499	20	20	0.93847
GRCh38_CMRG_44999	20	20	0.00099
GRCh38_CMRG_45512	20	20	0.0
GRCh38_CMRG_49361	20	20	0.0
GRCh38_CMRG_52258	20	20	8e-06
GRCh38_CMRG_53964	20	20	0.0
GRCh38_CMRG_54298	20	20	0.283761
GRCh38_CMRG_55251	20	20	0.0
GRCh38_CMRG_63551	20	20	0.000152
GRCh38_CMRG_64981	20	20	0.0
GRCh38_CMRG_67729	20	20	0.0
GRCh38_CMRG_71841	20	20	0.001464
GRCh38_CMRG_72598	20	20	0.0
GRCh38_CMRG_74081	20	20	0.021506
GRCh38_CMRG_75047	20	20	0.0
GRCh38_CMRG_77704	20	20	0.0
GRCh38_CMRG_82295	20	20	0.0
GRCh38_CMRG_82761	20	20	0.029758
GRCh38_CMRG_83723	20	20	0.0
GRCh38_CMRG_11927	19	19	0.000468
GRCh38_CMRG_13266	19	19	0.0
GRCh38_CMRG_13706	19	19	0.0
GRCh38_CMRG_13929	19	19	0.00422
GRCh38_CMRG_16926	19	19	0.0
GRCh38_CMRG_19246	19	19	0.0
GRCh38_CMRG_19338	19	19	0.023082
GRCh38_CMRG_22115	19	19	0.000243
GRCh38_CMRG_23520	19	19	0.0
GRCh38_CMRG_23603	19	19	0.0
GRCh38_CMRG_28974	19	19	0.0
GRCh38_CMRG_33921	19	19	0.014718
GRCh38_CMRG_34009	19	19	0.00039
GRCh38_CMRG_36319	19	19	0.0
GRCh38_CMRG_38338	19	19	0.0
GRCh38_CMRG_40549	19	19	0.0
GRCh38_CMRG_43631	19	19	0.0
GRCh38_CMRG_44690	19	19	0.0
GRCh38_CMRG_44691	19	19	0.0
GRCh38_CMRG_47286	19	19	0.132309
GRCh38_CMRG_48104	19	19	0.0
GRCh38_CMRG_50933	19	19	0.000711
GRCh38_CMRG_51003	19	19	0.001424
GRCh38_CMRG_51357	19	19	5.9e-05
GRCh38_CMRG_52016	19	19	0.0
GRCh38_CMRG_52308	19	19	0.0
GRCh38_CMRG_55780	19	19	0.0
GRCh38_CMRG_63934	19	19	0.0
GRCh38_CMRG_6467	19	19	0.01033
GRCh38_CMRG_68295	19	19	0.0
GRCh38_CMRG_72815	19	19	0.0
GRCh38_CMRG_7319	19	19	0.007037
GRCh38_CMRG_78937	19	19	0.018092
GRCh38_CMRG_7963	19	19	0.0
GRCh38_CMRG_82805	19	19	8e-06
GRCh38_CMRG_8400	19	19	0.000803
GRCh38_CMRG_12063	18	18	0.01053
GRCh38_CMRG_12829	18	18	0.13788
GRCh38_CMRG_12946	18	18	0.028804
GRCh38_CMRG_18344	18	18	0.0
GRCh38_CMRG_22209	18	18	0.013076
GRCh38_CMRG_22278	18	18	0.0
GRCh38_CMRG_22957	18	18	0.000619
GRCh38_CMRG_23584	18	18	0.0
GRCh38_CMRG_23709	18	18	0.0
GRCh38_CMRG_26656	18	18	0.296987
GRCh38_CMRG_27495	18	18	3.4e-05
GRCh38_CMRG_30904	18	18	0.034837
GRCh38_CMRG_32808	18	18	0.0
GRCh38_CMRG_33425	18	18	0.0
GRCh38_CMRG_33432	18	18	0.0
GRCh38_CMRG_38318	18	18	0.0
GRCh38_CMRG_41670	18	18	0.0
GRCh38_CMRG_41673	18	18	0.000119
GRCh38_CMRG_41786	18	18	0.0
GRCh38_CMRG_44340	18	18	0.000332
GRCh38_CMRG_44919	18	18	0.0
GRCh38_CMRG_464	18	18	0.037241
GRCh38_CMRG_47381	18	18	0.032071
GRCh38_CMRG_52069	18	18	0.131605
GRCh38_CMRG_53076	18	18	0.002184
GRCh38_CMRG_54260	18	18	0.0
GRCh38_CMRG_55212	18	18	0.038139
GRCh38_CMRG_63266	18	18	0.018394
GRCh38_CMRG_65110	18	18	8e-06
GRCh38_CMRG_65350	18	18	0.732751
GRCh38_CMRG_7102	18	18	0.0
GRCh38_CMRG_71902	18	18	0.000138
GRCh38_CMRG_72687	18	18	0.0
GRCh38_CMRG_80686	18	18	0.0
GRCh38_CMRG_8140	18	18	0.0
GRCh38_CMRG_83171	18	18	0.0457315
GRCh38_CMRG_84148	18	18	4.18892e-05
GRCh38_CMRG_84239	18	18	0.0
GRCh38_CMRG_11235	17	17	0.047659
GRCh38_CMRG_13295	17	17	0.0
GRCh38_CMRG_13666	17	17	0.0
GRCh38_CMRG_14461	17	17	0.0
GRCh38_CMRG_17497	17	17	0.0
GRCh38_CMRG_18008	17	17	0.076214
GRCh38_CMRG_2111	17	17	0.0
GRCh38_CMRG_22882	17	17	0.299849
GRCh38_CMRG_22958	17	17	0.000619
GRCh38_CMRG_30683	17	17	0.007816
GRCh38_CMRG_30787	17	17	1e-05
GRCh38_CMRG_30983	17	17	0.0
GRCh38_CMRG_31157	17	17	0.16495
GRCh38_CMRG_32720	17	17	0.0
GRCh38_CMRG_33440	17	17	0.0
GRCh38_CMRG_37110	17	17	0.037457
GRCh38_CMRG_40720	17	17	0.0
GRCh38_CMRG_44700	17	17	0.0
GRCh38_CMRG_45112	17	17	0.0
GRCh38_CMRG_45178	17	17	2.3e-05
GRCh38_CMRG_45395	17	17	0.012633
GRCh38_CMRG_45588	17	17	0.0
GRCh38_CMRG_47957	17	17	0.0
GRCh38_CMRG_48719	17	17	0.99915
GRCh38_CMRG_49374	17	17	0.0
GRCh38_CMRG_54770	17	17	0.0
GRCh38_CMRG_55606	17	17	0.0
GRCh38_CMRG_70405	17	17	0.0
GRCh38_CMRG_70558	17	17	0.0
GRCh38_CMRG_7124	17	17	0.161359
GRCh38_CMRG_72022	17	17	0.001562
GRCh38_CMRG_72642	17	17	0.0
GRCh38_CMRG_74722	17	17	0.0
GRCh38_CMRG_78932	17	17	0.018092
GRCh38_CMRG_81827	17	17	0.0
GRCh38_CMRG_10690	16	16	0.047659
GRCh38_CMRG_11519	16	16	0.000468
GRCh38_CMRG_12710	16	16	0.000333
GRCh38_CMRG_12824	16	16	0.0
GRCh38_CMRG_13434	16	16	0.0
GRCh38_CMRG_13617	16	16	0.0
GRCh38_CMRG_14429	16	16	0.0
GRCh38_CMRG_17092	16	16	0.0
GRCh38_CMRG_18444	16	16	0.0
GRCh38_CMRG_21360	16	16	0.237857
GRCh38_CMRG_23693	16	16	0.0
GRCh38_CMRG_23723	16	16	0.0
GRCh38_CMRG_24420	16	16	0.0
GRCh38_CMRG_2604	16	16	0.0
GRCh38_CMRG_31756	16	16	0.25575
GRCh38_CMRG_36910	16	16	8e-06
GRCh38_CMRG_38015	16	16	0.0
GRCh38_CMRG_38521	16	16	3.3e-05
GRCh38_CMRG_38522	16	16	3.3e-05
GRCh38_CMRG_38745	16	16	0.0
GRCh38_CMRG_39929	16	16	0.0
GRCh38_CMRG_40779	16	16	0.020867
GRCh38_CMRG_41089	16	16	0.0
GRCh38_CMRG_45396	16	16	0.012633
GRCh38_CMRG_50119	16	16	0.000722
GRCh38_CMRG_51629	16	16	0.0
GRCh38_CMRG_54027	16	16	0.02875
GRCh38_CMRG_54729	16	16	0.0
GRCh38_CMRG_60351	16	16	0.0
GRCh38_CMRG_60966	16	16	0.0
GRCh38_CMRG_61149	16	16	0.0
GRCh38_CMRG_65271	16	16	0.0
GRCh38_CMRG_67118	16	16	0.090835
GRCh38_CMRG_68506	16	16	0.0
GRCh38_CMRG_69452	16	16	0.000312
GRCh38_CMRG_70174	16	16	2.5e-05
GRCh38_CMRG_70448	16	16	0.253402
GRCh38_CMRG_70861	16	16	0.0
GRCh38_CMRG_72745	16	16	0.0
GRCh38_CMRG_73323	16	16	0.0
GRCh38_CMRG_74723	16	16	0.0
GRCh38_CMRG_82151	16	16	0.0
GRCh38_CMRG_82237	16	16	0.0
GRCh38_CMRG_82950	16	16	0.0
GRCh38_CMRG_83528	16	16	0.0
GRCh38_CMRG_12999	15	15	0.0
GRCh38_CMRG_17985	15	15	0.0
GRCh38_CMRG_18514	15	15	0.0
GRCh38_CMRG_18965	15	15	0.005944
GRCh38_CMRG_19050	15	15	0.0
GRCh38_CMRG_23911	15	15	0.0
GRCh38_CMRG_2464	15	15	0.53797
GRCh38_CMRG_31044	15	15	0.0
GRCh38_CMRG_32502	15	15	0.0
GRCh38_CMRG_32516	15	15	0.000143
GRCh38_CMRG_34422	15	15	8.8e-05
GRCh38_CMRG_38932	15	15	7.2e-05
GRCh38_CMRG_52360	15	15	0.0
GRCh38_CMRG_52404	15	15	8e-06
GRCh38_CMRG_55165	15	15	0.001434
GRCh38_CMRG_55213	15	15	0.038139
GRCh38_CMRG_59320	15	15	7.9e-05
GRCh38_CMRG_59484	15	15	0.0
GRCh38_CMRG_60503	15	15	0.0
GRCh38_CMRG_60619	15	15	0.0
GRCh38_CMRG_67720	15	15	0.0
GRCh38_CMRG_67721	15	15	0.0
GRCh38_CMRG_67726	15	15	0.0
GRCh38_CMRG_67968	15	15	0.077498
GRCh38_CMRG_68117	15	15	0.0
GRCh38_CMRG_71696	15	15	0.0
GRCh38_CMRG_79509	15	15	0.006442
GRCh38_CMRG_7988	15	15	0.0
GRCh38_CMRG_80778	15	15	0.0
GRCh38_CMRG_8227	15	15	0.0
GRCh38_CMRG_9468	15	15	0.087019
GRCh38_CMRG_172	14	14	0.0
GRCh38_CMRG_18452	14	14	0.0
GRCh38_CMRG_18609	14	14	0.0
GRCh38_CMRG_19022	14	14	1.6e-05
GRCh38_CMRG_19569	14	14	0.002425
GRCh38_CMRG_19755	14	14	0.0
GRCh38_CMRG_22356	14	14	0.0
GRCh38_CMRG_23925	14	14	0.0
GRCh38_CMRG_2530	14	14	0.87363
GRCh38_CMRG_29255	14	14	8e-06
GRCh38_CMRG_32962	14	14	0.0
GRCh38_CMRG_37692	14	14	0.0
GRCh38_CMRG_38441	14	14	0.0
GRCh38_CMRG_47640	14	14	0.0
GRCh38_CMRG_49576	14	14	0.001802
GRCh38_CMRG_51998	14	14	0.0
GRCh38_CMRG_54351	14	14	0.0
GRCh38_CMRG_55002	14	14	0.0
GRCh38_CMRG_59282	14	14	2.4e-05
GRCh38_CMRG_59685	14	14	0.008708
GRCh38_CMRG_61273	14	14	0.0
GRCh38_CMRG_61665	14	14	0.066819
GRCh38_CMRG_67678	14	14	0.0
GRCh38_CMRG_67680	14	14	0.0
GRCh38_CMRG_67698	14	14	0.0
GRCh38_CMRG_67722	14	14	0.0
GRCh38_CMRG_68008	14	14	0.0
GRCh38_CMRG_71481	14	14	0.037823
GRCh38_CMRG_72563	14	14	0.0
GRCh38_CMRG_7269	14	14	0.027397
GRCh38_CMRG_81656	14	14	0.000303
GRCh38_CMRG_82536	14	14	0.019699
GRCh38_CMRG_82586	14	14	0.0
GRCh38_CMRG_82767	14	14	0.0
GRCh38_CMRG_83747	14	14	0.000529582
GRCh38_CMRG_11934	13	13	0.008543
GRCh38_CMRG_12788	13	13	0.0
GRCh38_CMRG_12811	13	13	0.0
GRCh38_CMRG_12992	13	13	0.0
GRCh38_CMRG_13903	13	13	0.0
GRCh38_CMRG_14729	13	13	0.0
GRCh38_CMRG_14970	13	13	0.010103
GRCh38_CMRG_17014	13	13	0.000669
GRCh38_CMRG_18831	13	13	0.0
GRCh38_CMRG_21556	13	13	0.237857
GRCh38_CMRG_2182	13	13	0.0
GRCh38_CMRG_23587	13	13	0.0
GRCh38_CMRG_23936	13	13	0.0
GRCh38_CMRG_25156	13	13	0.109463
GRCh38_CMRG_30932	13	13	0.09435
GRCh38_CMRG_31014	13	13	0.000444
GRCh38_CMRG_32290	13	13	2.4e-05
GRCh38_CMRG_32711	13	13	0.0
GRCh38_CMRG_32778	13	13	0.0
GRCh38_CMRG_33170	13	13	0.0
GRCh38_CMRG_34679	13	13	0.0
GRCh38_CMRG_37894	13	13	0.0
GRCh38_CMRG_38225	13	13	0.0
GRCh38_CMRG_38538	13	13	0.0
GRCh38_CMRG_39347	13	13	0.021122
GRCh38_CMRG_41295	13	13	0.001683
GRCh38_CMRG_41869	13	13	1.7e-05
GRCh38_CMRG_431	13	13	0.0
GRCh38_CMRG_43722	13	13	0.0
GRCh38_CMRG_43851	13	13	0.019408
GRCh38_CMRG_45449	13	13	0.384767
GRCh38_CMRG_47965	13	13	0.014722
GRCh38_CMRG_49126	13	13	0.0
GRCh38_CMRG_49205	13	13	0.0
GRCh38_CMRG_518	13	13	0.0
GRCh38_CMRG_53361	13	13	0.009401
GRCh38_CMRG_60073	13	13	0.0
GRCh38_CMRG_615	13	13	0.0
GRCh38_CMRG_61862	13	13	0.0
GRCh38_CMRG_64109	13	13	0.0
GRCh38_CMRG_65644	13	13	0.639869
GRCh38_CMRG_67077	13	13	0.0471
GRCh38_CMRG_71021	13	13	0.02236
GRCh38_CMRG_71798	13	13	0.5
GRCh38_CMRG_72634	13	13	0.0
GRCh38_CMRG_72689	13	13	0.0
GRCh38_CMRG_73558	13	13	0.0
GRCh38_CMRG_73883	13	13	0.0
GRCh38_CMRG_74390	13	13	0.005759
GRCh38_CMRG_7986	13	13	1.6e-05
GRCh38_CMRG_79904	13	13	0.0
GRCh38_CMRG_83236	13	13	0.0
GRCh38_CMRG_84965	13	13	0.484375
GRCh38_CMRG_10595	12	12	0.047659
GRCh38_CMRG_11821	12	12	0.313626
GRCh38_CMRG_1496	12	12	0.0
GRCh38_CMRG_16633	12	12	0.012401
GRCh38_CMRG_17317	12	12	0.0
GRCh38_CMRG_19067	12	12	0.244546
GRCh38_CMRG_22450	12	12	0.0
GRCh38_CMRG_24412	12	12	0.4535
GRCh38_CMRG_24695	12	12	0.431818
GRCh38_CMRG_2551	12	12	0.005968
GRCh38_CMRG_25973	12	12	0.0
GRCh38_CMRG_26004	12	12	0.0
GRCh38_CMRG_27003	12	12	0.004606
GRCh38_CMRG_29369	12	12	0.43002
GRCh38_CMRG_30654	12	12	0.60085
GRCh38_CMRG_33329	12	12	0.0
GRCh38_CMRG_34678	12	12	7e-05
GRCh38_CMRG_38058	12	12	0.0
GRCh38_CMRG_40275	12	12	0.014196
GRCh38_CMRG_51740	12	12	4e-05
GRCh38_CMRG_51857	12	12	0.0
GRCh38_CMRG_52135	12	12	0.000206
GRCh38_CMRG_53447	12	12	0.0
GRCh38_CMRG_54412	12	12	0.0
GRCh38_CMRG_55672	12	12	0.165007
GRCh38_CMRG_60095	12	12	0.0
GRCh38_CMRG_60363	12	12	0.0
GRCh38_CMRG_61437	12	12	2.4e-05
GRCh38_CMRG_64021	12	12	0.0
GRCh38_CMRG_68341	12	12	0.0
GRCh38_CMRG_68419	12	12	8e-06
GRCh38_CMRG_71951	12	12	0.0
GRCh38_CMRG_72144	12	12	0.0
GRCh38_CMRG_74577	12	12	0.0
GRCh38_CMRG_81668	12	12	9e-06
GRCh38_CMRG_82022	12	12	0.052761
GRCh38_CMRG_82845	12	12	0.0
GRCh38_CMRG_82899	12	12	0.0607056
GRCh38_CMRG_94	12	12	0.008846
GRCh38_CMRG_10875	11	11	0.047659
GRCh38_CMRG_12943	11	11	0.0
GRCh38_CMRG_15350	11	11	0.0
GRCh38_CMRG_17382	11	11	0.003122
GRCh38_CMRG_17989	11	11	0.0
GRCh38_CMRG_20853	11	11	0.0
GRCh38_CMRG_2095	11	11	0.966906
GRCh38_CMRG_21501	11	11	0.237857
GRCh38_CMRG_23308	11	11	0.0
GRCh38_CMRG_23494	11	11	0.0
GRCh38_CMRG_24254	11	11	0.006271
GRCh38_CMRG_28627	11	11	0.103768
GRCh38_CMRG_28705	11	11	0.0
GRCh38_CMRG_29656	11	11	0.000333
GRCh38_CMRG_33083	11	11	0.347179
GRCh38_CMRG_33171	11	11	0.0
GRCh38_CMRG_34753	11	11	0.005308
GRCh38_CMRG_34754	11	11	0.005308
GRCh38_CMRG_35960	11	11	0.0
GRCh38_CMRG_35961	11	11	0.0
GRCh38_CMRG_36021	11	11	0.0
GRCh38_CMRG_36178	11	11	0.0
GRCh38_CMRG_38156	11	11	0.004916
GRCh38_CMRG_39479	11	11	0.0
GRCh38_CMRG_40749	11	11	0.005293
GRCh38_CMRG_41415	11	11	0.000319
GRCh38_CMRG_423	11	11	0.0
GRCh38_CMRG_45419	11	11	0.0
GRCh38_CMRG_46223	11	11	0.0
GRCh38_CMRG_46229	11	11	0.0
GRCh38_CMRG_46437	11	11	0.022638
GRCh38_CMRG_47038	11	11	2.6e-05
GRCh38_CMRG_53455	11	11	0.001379
GRCh38_CMRG_54311	11	11	0.0
GRCh38_CMRG_60586	11	11	8e-06
GRCh38_CMRG_62537	11	11	0.0
GRCh38_CMRG_63449	11	11	0.0
GRCh38_CMRG_64081	11	11	0.0
GRCh38_CMRG_64169	11	11	0.0
GRCh38_CMRG_67694	11	11	0.0
GRCh38_CMRG_68240	11	11	1.6e-05
GRCh38_CMRG_72918	11	11	0.0
GRCh38_CMRG_73650	11	11	0.0
GRCh38_CMRG_81484	11	11	0.0
GRCh38_CMRG_81666	11	11	0.0
GRCh38_CMRG_81840	11	11	0.0
GRCh38_CMRG_83238	11	11	0.0
GRCh38_CMRG_83980	11	11	0.0
GRCh38_CMRG_10687	10	10	0.047659
GRCh38_CMRG_13384	10	10	0.0
GRCh38_CMRG_14621	10	10	0.002369
GRCh38_CMRG_18261	10	10	0.0
GRCh38_CMRG_18330	10	10	0.0
GRCh38_CMRG_18362	10	10	0.0
GRCh38_CMRG_22650	10	10	0.004683
GRCh38_CMRG_22786	10	10	0.0
GRCh38_CMRG_23028	10	10	0.004683
GRCh38_CMRG_23152	10	10	0.098996
GRCh38_CMRG_23736	10	10	9e-06
GRCh38_CMRG_23922	10	10	0.001919
GRCh38_CMRG_27608	10	10	0.0
GRCh38_CMRG_29058	10	10	0.0
GRCh38_CMRG_29187	10	10	0.0
GRCh38_CMRG_31908	10	10	0.012981
GRCh38_CMRG_33002	10	10	0.0
GRCh38_CMRG_34010	10	10	0.00039
GRCh38_CMRG_34478	10	10	1.0
GRCh38_CMRG_35680	10	10	0.0
GRCh38_CMRG_38369	10	10	0.0
GRCh38_CMRG_40763	10	10	0.014866
GRCh38_CMRG_42506	10	10	0.0
GRCh38_CMRG_45090	10	10	0.0
GRCh38_CMRG_53018	10	10	0.0
GRCh38_CMRG_53480	10	10	0.0
GRCh38_CMRG_53776	10	10	7.2e-05
GRCh38_CMRG_53922	10	10	0.0
GRCh38_CMRG_55207	10	10	0.001989
GRCh38_CMRG_58270	10	10	0.297232
GRCh38_CMRG_58554	10	10	0.0
GRCh38_CMRG_58603	10	10	0.000818
GRCh38_CMRG_64890	10	10	0.05132
GRCh38_CMRG_64940	10	10	0.0
GRCh38_CMRG_65435	10	10	0.0
GRCh38_CMRG_67687	10	10	0.0
GRCh38_CMRG_67689	10	10	0.0
GRCh38_CMRG_67781	10	10	0.0
GRCh38_CMRG_70	10	10	0.0
GRCh38_CMRG_70853	10	10	0.0
GRCh38_CMRG_73016	10	10	0.0
GRCh38_CMRG_73782	10	10	8e-06
GRCh38_CMRG_76939	10	10	0.0
GRCh38_CMRG_81252	10	10	3.2e-05
GRCh38_CMRG_82722	10	10	0.0
GRCh38_CMRG_10830	9	9	0.337382
GRCh38_CMRG_12480	9	9	0.0
GRCh38_CMRG_14011	9	9	0.0
GRCh38_CMRG_1600	9	9	0.0
GRCh38_CMRG_16666	9	9	0.0
GRCh38_CMRG_17776	9	9	0.177044
GRCh38_CMRG_18615	9	9	0.0
GRCh38_CMRG_20026	9	9	0.0
GRCh38_CMRG_21344	9	9	0.237857
GRCh38_CMRG_21804	9	9	0.237857
GRCh38_CMRG_24236	9	9	0.0
GRCh38_CMRG_27429	9	9	0.0
GRCh38_CMRG_28435	9	9	0.0
GRCh38_CMRG_28746	9	9	0.0
GRCh38_CMRG_31394	9	9	0.0
GRCh38_CMRG_32291	9	9	2.4e-05
GRCh38_CMRG_33443	9	9	0.0
GRCh38_CMRG_33839	9	9	0.0
GRCh38_CMRG_34566	9	9	0.0
GRCh38_CMRG_37666	9	9	0.006577
GRCh38_CMRG_38029	9	9	0.0
GRCh38_CMRG_41550	9	9	0.180456
GRCh38_CMRG_41751	9	9	0.091362
GRCh38_CMRG_44221	9	9	0.0
GRCh38_CMRG_49862	9	9	0.0
GRCh38_CMRG_52442	9	9	0.0
GRCh38_CMRG_55172	9	9	0.0
GRCh38_CMRG_60338	9	9	0.425962
GRCh38_CMRG_60507	9	9	0.000335
GRCh38_CMRG_60566	9	9	0.0
GRCh38_CMRG_6524	9	9	0.0
GRCh38_CMRG_67306	9	9	0.000799
GRCh38_CMRG_68247	9	9	0.0
GRCh38_CMRG_6948	9	9	0.0
GRCh38_CMRG_70208	9	9	0.0
GRCh38_CMRG_70421	9	9	0.0
GRCh38_CMRG_72304	9	9	0.115204
GRCh38_CMRG_72921	9	9	0.0
GRCh38_CMRG_73023	9	9	0.0
GRCh38_CMRG_74220	9	9	0.0
GRCh38_CMRG_74762	9	9	0.0
GRCh38_CMRG_77542	9	9	0.0
GRCh38_CMRG_77599	9	9	0.0
GRCh38_CMRG_80777	9	9	0.0
GRCh38_CMRG_80782	9	9	0.0
GRCh38_CMRG_81988	9	9	0.0
GRCh38_CMRG_82178	9	9	0.0
GRCh38_CMRG_82268	9	9	0.0
GRCh38_CMRG_82521	9	9	0.0
GRCh38_CMRG_82608	9	9	0.0
GRCh38_CMRG_84046	9	9	0.0
GRCh38_CMRG_84875	9	9	0.484375
GRCh38_CMRG_9087	9	9	0.000468
GRCh38_CMRG_9740	9	9	0.000468
GRCh38_CMRG_10773	8	8	0.047659
GRCh38_CMRG_10967	8	8	0.047659
GRCh38_CMRG_11770	8	8	0.054507
GRCh38_CMRG_11931	8	8	0.008543
GRCh38_CMRG_12831	8	8	2.4e-05
GRCh38_CMRG_12905	8	8	0.462741
GRCh38_CMRG_14672	8	8	0.0
GRCh38_CMRG_14831	8	8	0.0
GRCh38_CMRG_14914	8	8	0.001292
GRCh38_CMRG_15026	8	8	0.0
GRCh38_CMRG_17061	8	8	0.0
GRCh38_CMRG_19961	8	8	0.0
GRCh38_CMRG_21877	8	8	0.237857
GRCh38_CMRG_26434	8	8	0.005085
GRCh38_CMRG_27374	8	8	0.000577
GRCh38_CMRG_27471	8	8	0.0
GRCh38_CMRG_30028	8	8	0.0
GRCh38_CMRG_30757	8	8	0.004763
GRCh38_CMRG_31151	8	8	0.0
GRCh38_CMRG_31258	8	8	0.136393
GRCh38_CMRG_31259	8	8	0.136393
GRCh38_CMRG_33431	8	8	0.0
GRCh38_CMRG_33542	8	8	0.001105
GRCh38_CMRG_33598	8	8	0.002089
GRCh38_CMRG_34384	8	8	0.000161
GRCh38_CMRG_35545	8	8	0.0
GRCh38_CMRG_35983	8	8	0.000146
GRCh38_CMRG_38487	8	8	0.0
GRCh38_CMRG_38529	8	8	0.064953
GRCh38_CMRG_40960	8	8	0.335512
GRCh38_CMRG_455	8	8	1.0
GRCh38_CMRG_48372	8	8	0.0
GRCh38_CMRG_48692	8	8	0.82797
GRCh38_CMRG_55747	8	8	0.0
GRCh38_CMRG_60037	8	8	0.0
GRCh38_CMRG_60094	8	8	0.0
GRCh38_CMRG_60909	8	8	0.0
GRCh38_CMRG_61607	8	8	0.059253
GRCh38_CMRG_61938	8	8	0.013443
GRCh38_CMRG_64945	8	8	0.000262
GRCh38_CMRG_67112	8	8	0.0
GRCh38_CMRG_67152	8	8	0.0
GRCh38_CMRG_72828	8	8	0.0
GRCh38_CMRG_73077	8	8	0.004823
GRCh38_CMRG_73244	8	8	0.0
GRCh38_CMRG_73768	8	8	0.009969
GRCh38_CMRG_7662	8	8	0.0
GRCh38_CMRG_7733	8	8	5.9e-05
GRCh38_CMRG_79986	8	8	0.0
GRCh38_CMRG_81578	8	8	5.8e-05
GRCh38_CMRG_82595	8	8	0.0
GRCh38_CMRG_17864	7	7	0.0
GRCh38_CMRG_18447	7	7	0.0
GRCh38_CMRG_18448	7	7	0.0
GRCh38_CMRG_18453	7	7	0.0
GRCh38_CMRG_18786	7	7	0.0
GRCh38_CMRG_22244	7	7	7.5e-05
GRCh38_CMRG_23831	7	7	0.000494
GRCh38_CMRG_2423	7	7	9.5e-05
GRCh38_CMRG_29262	7	7	0.006606
GRCh38_CMRG_29883	7	7	0.0
GRCh38_CMRG_33971	7	7	0.0
GRCh38_CMRG_34371	7	7	0.0
GRCh38_CMRG_37245	7	7	0.0
GRCh38_CMRG_38566	7	7	0.104681
GRCh38_CMRG_42440	7	7	0.0
GRCh38_CMRG_45516	7	7	0.0
GRCh38_CMRG_45548	7	7	0.100251
GRCh38_CMRG_48279	7	7	0.001858
GRCh38_CMRG_48922	7	7	9.4e-05
GRCh38_CMRG_49166	7	7	0.0
GRCh38_CMRG_49350	7	7	0.0
GRCh38_CMRG_50146	7	7	0.037278
GRCh38_CMRG_53191	7	7	0.0
GRCh38_CMRG_53858	7	7	0.530315
GRCh38_CMRG_61515	7	7	0.002587
GRCh38_CMRG_64246	7	7	0.0
GRCh38_CMRG_65758	7	7	0.5
GRCh38_CMRG_67116	7	7	0.0
GRCh38_CMRG_67682	7	7	0.0
GRCh38_CMRG_67715	7	7	0.0
GRCh38_CMRG_67844	7	7	0.0
GRCh38_CMRG_71661	7	7	0.003006
GRCh38_CMRG_72968	7	7	0.048783
GRCh38_CMRG_73842	7	7	0.000684
GRCh38_CMRG_77098	7	7	0.006869
GRCh38_CMRG_77365	7	7	0.0
GRCh38_CMRG_7827	7	7	0.034052
GRCh38_CMRG_82121	7	7	0.0
GRCh38_CMRG_82520	7	7	0.0
GRCh38_CMRG_82919	7	7	0.0
GRCh38_CMRG_8344	7	7	0.0
GRCh38_CMRG_84408	7	7	0.531468
GRCh38_CMRG_9419	7	7	0.000468
GRCh38_CMRG_10483	6	6	0.000634
GRCh38_CMRG_10689	6	6	0.047659
GRCh38_CMRG_12993	6	6	0.0
GRCh38_CMRG_13053	6	6	0.043451
GRCh38_CMRG_13260	6	6	0.0
GRCh38_CMRG_13486	6	6	2.5e-05
GRCh38_CMRG_14746	6	6	0.0
GRCh38_CMRG_17800	6	6	0.0
GRCh38_CMRG_17865	6	6	0.0
GRCh38_CMRG_17990	6	6	0.0
GRCh38_CMRG_1974	6	6	0.029527
GRCh38_CMRG_21046	6	6	0.035421
GRCh38_CMRG_21622	6	6	0.237857
GRCh38_CMRG_22427	6	6	0.060115
GRCh38_CMRG_26040	6	6	0.0
GRCh38_CMRG_2656	6	6	0.0
GRCh38_CMRG_28182	6	6	0.0
GRCh38_CMRG_29333	6	6	7.9e-05
GRCh38_CMRG_31018	6	6	0.000996
GRCh38_CMRG_33082	6	6	0.347179
GRCh38_CMRG_33660	6	6	0.055665
GRCh38_CMRG_33782	6	6	0.0
GRCh38_CMRG_34073	6	6	0.412171
GRCh38_CMRG_35881	6	6	0.0088
GRCh38_CMRG_35934	6	6	5.7e-05
GRCh38_CMRG_38151	6	6	0.004916
GRCh38_CMRG_38409	6	6	0.009005
GRCh38_CMRG_40694	6	6	0.002347
GRCh38_CMRG_40980	6	6	0.170863
GRCh38_CMRG_41142	6	6	0.002404
GRCh38_CMRG_43607	6	6	0.001018
GRCh38_CMRG_43962	6	6	0.0
GRCh38_CMRG_45266	6	6	0.0
GRCh38_CMRG_45467	6	6	0.0
GRCh38_CMRG_45510	6	6	0.0
GRCh38_CMRG_46122	6	6	0.0
GRCh38_CMRG_48704	6	6	0.0
GRCh38_CMRG_49562	6	6	0.47783
GRCh38_CMRG_49563	6	6	0.47783
GRCh38_CMRG_49573	6	6	0.0
GRCh38_CMRG_53377	6	6	0.00728
GRCh38_CMRG_53476	6	6	0.382142
GRCh38_CMRG_58177	6	6	0.016691
GRCh38_CMRG_58368	6	6	0.0
GRCh38_CMRG_58502	6	6	0.031785
GRCh38_CMRG_60082	6	6	0.000468
GRCh38_CMRG_60300	6	6	0.0
GRCh38_CMRG_60326	6	6	3.4e-05
GRCh38_CMRG_60645	6	6	0.000176
GRCh38_CMRG_69607	6	6	0.450359
GRCh38_CMRG_69608	6	6	0.450359
GRCh38_CMRG_71484	6	6	0.362239
GRCh38_CMRG_71915	6	6	0.011209
GRCh38_CMRG_74155	6	6	0.000357
GRCh38_CMRG_74824	6	6	8e-06
GRCh38_CMRG_75348	6	6	0.0
GRCh38_CMRG_78953	6	6	0.018092
GRCh38_CMRG_79082	6	6	0.018092
GRCh38_CMRG_79851	6	6	0.0
GRCh38_CMRG_81990	6	6	0.0
GRCh38_CMRG_84712	6	6	0.484375
GRCh38_CMRG_8582	6	6	0.009176
GRCh38_CMRG_9413	6	6	0.000468
GRCh38_CMRG_12226	5	5	0.0
GRCh38_CMRG_12994	5	5	0.0
GRCh38_CMRG_14093	5	5	0.0
GRCh38_CMRG_15332	5	5	0.000142
GRCh38_CMRG_18332	5	5	0.0
GRCh38_CMRG_19458	5	5	0.001173
GRCh38_CMRG_21130	5	5	0.0
GRCh38_CMRG_22695	5	5	0.0
GRCh38_CMRG_22988	5	5	0.0
GRCh38_CMRG_23629	5	5	0.0
GRCh38_CMRG_24233	5	5	0.00912
GRCh38_CMRG_24293	5	5	0.641429
GRCh38_CMRG_27134	5	5	0.0
GRCh38_CMRG_27468	5	5	0.0
GRCh38_CMRG_31152	5	5	0.0
GRCh38_CMRG_32288	5	5	0.0
GRCh38_CMRG_32299	5	5	2.4e-05
GRCh38_CMRG_36650	5	5	0.0
GRCh38_CMRG_36808	5	5	0.0
GRCh38_CMRG_38125	5	5	0.002459
GRCh38_CMRG_39851	5	5	0.0
GRCh38_CMRG_40017	5	5	0.001359
GRCh38_CMRG_41886	5	5	0.002508
GRCh38_CMRG_41985	5	5	0.000168
GRCh38_CMRG_43606	5	5	0.0
GRCh38_CMRG_43848	5	5	0.0
GRCh38_CMRG_45378	5	5	0.226545
GRCh38_CMRG_45380	5	5	0.226545
GRCh38_CMRG_47494	5	5	0.150057
GRCh38_CMRG_49311	5	5	0.0
GRCh38_CMRG_51005	5	5	0.0
GRCh38_CMRG_53442	5	5	0.0
GRCh38_CMRG_53750	5	5	0.0
GRCh38_CMRG_54096	5	5	0.0
GRCh38_CMRG_54612	5	5	0.002874
GRCh38_CMRG_55800	5	5	0.0
GRCh38_CMRG_58724	5	5	0.0
GRCh38_CMRG_59074	5	5	0.0
GRCh38_CMRG_596	5	5	0.0
GRCh38_CMRG_59803	5	5	0.278427
GRCh38_CMRG_60975	5	5	0.005235
GRCh38_CMRG_61234	5	5	0.0
GRCh38_CMRG_61826	5	5	8e-06
GRCh38_CMRG_61930	5	5	0.001484
GRCh38_CMRG_62368	5	5	0.0
GRCh38_CMRG_63845	5	5	0.0
GRCh38_CMRG_67096	5	5	1.7e-05
GRCh38_CMRG_67712	5	5	0.0
GRCh38_CMRG_69979	5	5	0.0
GRCh38_CMRG_74405	5	5	1.6e-05
GRCh38_CMRG_77242	5	5	0.034359
GRCh38_CMRG_77482	5	5	0.0
GRCh38_CMRG_79386	5	5	0.107097
GRCh38_CMRG_82612	5	5	0.0
GRCh38_CMRG_8476	5	5	0.0
GRCh38_CMRG_8910	5	5	0.0
GRCh38_CMRG_991	5	5	0.000636
GRCh38_CMRG_13435	4	4	0.0
GRCh38_CMRG_13547	4	4	0.0
GRCh38_CMRG_14122	4	4	0.000145
GRCh38_CMRG_17207	4	4	0.0
GRCh38_CMRG_18294	4	4	0.0
GRCh38_CMRG_18450	4	4	0.0
GRCh38_CMRG_18457	4	4	0.0
GRCh38_CMRG_18838	4	4	0.0
GRCh38_CMRG_19415	4	4	0.0
GRCh38_CMRG_19448	4	4	0.003361
GRCh38_CMRG_19706	4	4	0.004373
GRCh38_CMRG_22704	4	4	0.0
GRCh38_CMRG_27834	4	4	0.76317
GRCh38_CMRG_28117	4	4	0.0
GRCh38_CMRG_2844	4	4	8e-06
GRCh38_CMRG_28935	4	4	0.000508
GRCh38_CMRG_29158	4	4	0.0
GRCh38_CMRG_32844	4	4	0.0
GRCh38_CMRG_32994	4	4	0.0
GRCh38_CMRG_33067	4	4	0.0
GRCh38_CMRG_34383	4	4	0.000161
GRCh38_CMRG_37857	4	4	0.0
GRCh38_CMRG_39424	4	4	0.00281
GRCh38_CMRG_41175	4	4	0.0
GRCh38_CMRG_44983	4	4	0.0
GRCh38_CMRG_45886	4	4	0.0
GRCh38_CMRG_47930	4	4	8e-06
GRCh38_CMRG_47931	4	4	8e-06
GRCh38_CMRG_48280	4	4	0.001858
GRCh38_CMRG_49458	4	4	0.0
GRCh38_CMRG_49523	4	4	0.0
GRCh38_CMRG_51718	4	4	0.113331
GRCh38_CMRG_52410	4	4	0.0
GRCh38_CMRG_53469	4	4	0.00242
GRCh38_CMRG_54047	4	4	0.005847
GRCh38_CMRG_54392	4	4	0.078559
GRCh38_CMRG_55556	4	4	0.502411
GRCh38_CMRG_5810	4	4	0.0
GRCh38_CMRG_59295	4	4	0.01156
GRCh38_CMRG_59437	4	4	0.002899
GRCh38_CMRG_60328	4	4	0.0
GRCh38_CMRG_61861	4	4	0.291311
GRCh38_CMRG_62153	4	4	0.000527
GRCh38_CMRG_63784	4	4	0.000402
GRCh38_CMRG_64439	4	4	0.000344
GRCh38_CMRG_66010	4	4	0.0
GRCh38_CMRG_67684	4	4	0.0
GRCh38_CMRG_67701	4	4	0.0
GRCh38_CMRG_67709	4	4	0.0
GRCh38_CMRG_67717	4	4	0.0
GRCh38_CMRG_67718	4	4	0.0
GRCh38_CMRG_68450	4	4	0.0
GRCh38_CMRG_68900	4	4	0.0
GRCh38_CMRG_70561	4	4	0.0
GRCh38_CMRG_72639	4	4	0.0
GRCh38_CMRG_72845	4	4	0.055171
GRCh38_CMRG_74535	4	4	0.0
GRCh38_CMRG_77356	4	4	0.0
GRCh38_CMRG_77596	4	4	0.0
GRCh38_CMRG_82045	4	4	0.0
GRCh38_CMRG_82307	4	4	0.0
GRCh38_CMRG_82920	4	4	0.0
GRCh38_CMRG_855	4	4	0.0
GRCh38_CMRG_10959	3	3	0.047659
GRCh38_CMRG_11131	3	3	0.047659
GRCh38_CMRG_11381	3	3	0.047659
GRCh38_CMRG_11552	3	3	0.000468
GRCh38_CMRG_12274	3	3	0.0
GRCh38_CMRG_12599	3	3	0.0
GRCh38_CMRG_13688	3	3	0.0
GRCh38_CMRG_14102	3	3	0.0
GRCh38_CMRG_14169	3	3	0.77907
GRCh38_CMRG_17216	3	3	0.0
GRCh38_CMRG_18429	3	3	0.006254
GRCh38_CMRG_19164	3	3	0.022011
GRCh38_CMRG_21922	3	3	0.237857
GRCh38_CMRG_22148	3	3	0.0
GRCh38_CMRG_22294	3	3	0.0
GRCh38_CMRG_23450	3	3	0.0
GRCh38_CMRG_24947	3	3	0.00019
GRCh38_CMRG_26059	3	3	0.0
GRCh38_CMRG_29930	3	3	0.420766
GRCh38_CMRG_32993	3	3	0.0
GRCh38_CMRG_33336	3	3	0.0
GRCh38_CMRG_33547	3	3	0.0
GRCh38_CMRG_34180	3	3	0.0
GRCh38_CMRG_34472	3	3	0.000328
GRCh38_CMRG_34751	3	3	0.005308
GRCh38_CMRG_34752	3	3	0.0
GRCh38_CMRG_35977	3	3	0.0
GRCh38_CMRG_37709	3	3	0.0
GRCh38_CMRG_44424	3	3	0.0
GRCh38_CMRG_44964	3	3	0.0
GRCh38_CMRG_45235	3	3	0.0
GRCh38_CMRG_45509	3	3	0.0
GRCh38_CMRG_45549	3	3	0.100251
GRCh38_CMRG_45747	3	3	0.000509
GRCh38_CMRG_48073	3	3	0.266804
GRCh38_CMRG_50086	3	3	0.0
GRCh38_CMRG_50539	3	3	0.005583
GRCh38_CMRG_51050	3	3	0.0
GRCh38_CMRG_52755	3	3	0.0
GRCh38_CMRG_54297	3	3	0.283761
GRCh38_CMRG_54957	3	3	0.15267
GRCh38_CMRG_55668	3	3	0.165007
GRCh38_CMRG_5755	3	3	0.0
GRCh38_CMRG_59562	3	3	0.0
GRCh38_CMRG_63714	3	3	0.0
GRCh38_CMRG_66388	3	3	0.0
GRCh38_CMRG_67089	3	3	0.000908
GRCh38_CMRG_67296	3	3	0.0
GRCh38_CMRG_67331	3	3	0.0
GRCh38_CMRG_67705	3	3	0.0
GRCh38_CMRG_67706	3	3	0.0
GRCh38_CMRG_67711	3	3	0.0
GRCh38_CMRG_67716	3	3	0.0
GRCh38_CMRG_67730	3	3	0.0
GRCh38_CMRG_68270	3	3	0.0
GRCh38_CMRG_69884	3	3	0.0
GRCh38_CMRG_70596	3	3	0.007378
GRCh38_CMRG_70749	3	3	0.0
GRCh38_CMRG_72685	3	3	0.0
GRCh38_CMRG_73340	3	3	0.0
GRCh38_CMRG_73637	3	3	0.008998
GRCh38_CMRG_74259	3	3	0.009678
GRCh38_CMRG_74267	3	3	0.0
GRCh38_CMRG_81750	3	3	0.0
GRCh38_CMRG_81870	3	3	0.0
GRCh38_CMRG_82553	3	3	1.6e-05
GRCh38_CMRG_82585	3	3	0.0
GRCh38_CMRG_82742	3	3	0.0
GRCh38_CMRG_82772	3	3	0.322892
GRCh38_CMRG_8893	3	3	0.006631
GRCh38_CMRG_9146	3	3	0.000468
GRCh38_CMRG_10901	2	2	0.047659
GRCh38_CMRG_11177	2	2	0.047659
GRCh38_CMRG_11406	2	2	0.000468
GRCh38_CMRG_12112	2	2	0.001031
GRCh38_CMRG_12231	2	2	0.0
GRCh38_CMRG_12275	2	2	0.0
GRCh38_CMRG_13305	2	2	0.003884
GRCh38_CMRG_13499	2	2	0.0
GRCh38_CMRG_13672	2	2	0.0
GRCh38_CMRG_13689	2	2	0.0
GRCh38_CMRG_14650	2	2	0.0
GRCh38_CMRG_15319	2	2	0.000624
GRCh38_CMRG_16461	2	2	4.5e-05
GRCh38_CMRG_17249	2	2	0.000937
GRCh38_CMRG_18117	2	2	0.0
GRCh38_CMRG_18834	2	2	0.000349
GRCh38_CMRG_19563	2	2	0.0
GRCh38_CMRG_21828	2	2	0.237857
GRCh38_CMRG_22497	2	2	0.327193
GRCh38_CMRG_22577	2	2	0.0
GRCh38_CMRG_22740	2	2	0.364583
GRCh38_CMRG_23782	2	2	0.0
GRCh38_CMRG_23933	2	2	0.0
GRCh38_CMRG_25083	2	2	0.0
GRCh38_CMRG_25407	2	2	0.0
GRCh38_CMRG_2761	2	2	0.850765
GRCh38_CMRG_28063	2	2	0.0
GRCh38_CMRG_28086	2	2	0.0
GRCh38_CMRG_28650	2	2	0.645484
GRCh38_CMRG_28906	2	2	0.281636
GRCh38_CMRG_2905	2	2	0.0
GRCh38_CMRG_30012	2	2	0.16714
GRCh38_CMRG_31102	2	2	0.330471
GRCh38_CMRG_33567	2	2	0.0
GRCh38_CMRG_33668	2	2	0.0
GRCh38_CMRG_34772	2	2	0.0
GRCh38_CMRG_35546	2	2	0.0
GRCh38_CMRG_35547	2	2	0.0
GRCh38_CMRG_37405	2	2	0.184415
GRCh38_CMRG_37623	2	2	0.0
GRCh38_CMRG_37695	2	2	0.321805
GRCh38_CMRG_37713	2	2	0.0
GRCh38_CMRG_37843	2	2	0.0
GRCh38_CMRG_37872	2	2	0.0
GRCh38_CMRG_38033	2	2	0.0
GRCh38_CMRG_38048	2	2	0.0
GRCh38_CMRG_38053	2	2	0.001316
GRCh38_CMRG_39708	2	2	0.0
GRCh38_CMRG_39938	2	2	0.0
GRCh38_CMRG_41199	2	2	0.0
GRCh38_CMRG_43928	2	2	0.001102
GRCh38_CMRG_44635	2	2	0.00281
GRCh38_CMRG_45093	2	2	0.0
GRCh38_CMRG_45179	2	2	2.3e-05
GRCh38_CMRG_45416	2	2	0.139745
GRCh38_CMRG_45461	2	2	0.0
GRCh38_CMRG_46390	2	2	0.181773
GRCh38_CMRG_46391	2	2	0.181773
GRCh38_CMRG_48074	2	2	0.266804
GRCh38_CMRG_48657	2	2	0.000179
GRCh38_CMRG_49159	2	2	0.0
GRCh38_CMRG_49160	2	2	0.0
GRCh38_CMRG_49400	2	2	0.0
GRCh38_CMRG_49897	2	2	0.0
GRCh38_CMRG_50684	2	2	0.0
GRCh38_CMRG_51529	2	2	0.000312
GRCh38_CMRG_51530	2	2	0.000214
GRCh38_CMRG_52221	2	2	0.041206
GRCh38_CMRG_53031	2	2	0.000453
GRCh38_CMRG_54415	2	2	0.0
GRCh38_CMRG_54773	2	2	8e-06
GRCh38_CMRG_55530	2	2	0.0
GRCh38_CMRG_55557	2	2	0.016069
GRCh38_CMRG_55607	2	2	0.0
GRCh38_CMRG_55835	2	2	0.0
GRCh38_CMRG_58943	2	2	0.0
GRCh38_CMRG_59787	2	2	0.004604
GRCh38_CMRG_60199	2	2	0.0
GRCh38_CMRG_62	2	2	0.0
GRCh38_CMRG_64971	2	2	0.0
GRCh38_CMRG_67097	2	2	0.0
GRCh38_CMRG_68416	2	2	3.2e-05
GRCh38_CMRG_72823	2	2	0.0
GRCh38_CMRG_72908	2	2	0.0
GRCh38_CMRG_72917	2	2	1.6e-05
GRCh38_CMRG_73347	2	2	0.0
GRCh38_CMRG_74817	2	2	0.236967
GRCh38_CMRG_79266	2	2	0.018092
GRCh38_CMRG_7942	2	2	0.0
GRCh38_CMRG_80	2	2	0.0
GRCh38_CMRG_80687	2	2	0.0
GRCh38_CMRG_8108	2	2	0.0
GRCh38_CMRG_81321	2	2	0.0
GRCh38_CMRG_81587	2	2	0.0
GRCh38_CMRG_82360	2	2	0.0
GRCh38_CMRG_82477	2	2	0.67368
GRCh38_CMRG_82483	2	2	0.0
GRCh38_CMRG_83321	2	2	0.0
GRCh38_CMRG_1035	1	1	0.0
GRCh38_CMRG_10968	1	1	0.047659
GRCh38_CMRG_11759	1	1	0.000468
GRCh38_CMRG_1177	1	1	0.007772
GRCh38_CMRG_12665	1	1	0.187201
GRCh38_CMRG_12789	1	1	0.0
GRCh38_CMRG_12842	1	1	0.0
GRCh38_CMRG_13555	1	1	0.002626
GRCh38_CMRG_13624	1	1	0.0
GRCh38_CMRG_14103	1	1	0.0
GRCh38_CMRG_14918	1	1	0.0
GRCh38_CMRG_15340	1	1	9.9e-05
GRCh38_CMRG_18205	1	1	0.0
GRCh38_CMRG_18610	1	1	0.0
GRCh38_CMRG_18685	1	1	0.111324
GRCh38_CMRG_18994	1	1	0.000156
GRCh38_CMRG_19174	1	1	0.0
GRCh38_CMRG_21545	1	1	0.364717
GRCh38_CMRG_21647	1	1	0.237857
GRCh38_CMRG_21803	1	1	0.237857
GRCh38_CMRG_22300	1	1	0.0
GRCh38_CMRG_22355	1	1	0.0
GRCh38_CMRG_2278	1	1	0.11594
GRCh38_CMRG_23692	1	1	0.0
GRCh38_CMRG_23730	1	1	0.0
GRCh38_CMRG_24321	1	1	0.0
GRCh38_CMRG_24625	1	1	0.0
GRCh38_CMRG_26308	1	1	0.000937
GRCh38_CMRG_26615	1	1	0.0
GRCh38_CMRG_26745	1	1	0.002183
GRCh38_CMRG_26776	1	1	0.251483
GRCh38_CMRG_27497	1	1	0.132672
GRCh38_CMRG_28596	1	1	0.0145
GRCh38_CMRG_28726	1	1	1.8e-05
GRCh38_CMRG_29571	1	1	0.0
GRCh38_CMRG_29617	1	1	0.0
GRCh38_CMRG_31300	1	1	0.0
GRCh38_CMRG_32706	1	1	0.0
GRCh38_CMRG_32757	1	1	0.0
GRCh38_CMRG_33334	1	1	0.0
GRCh38_CMRG_34750	1	1	0.0
GRCh38_CMRG_35993	1	1	0.0
GRCh38_CMRG_36405	1	1	0.335171
GRCh38_CMRG_36491	1	1	0.0
GRCh38_CMRG_36511	1	1	0.0
GRCh38_CMRG_36982	1	1	0.0
GRCh38_CMRG_37495	1	1	0.0
GRCh38_CMRG_38228	1	1	0.0
GRCh38_CMRG_38368	1	1	0.0
GRCh38_CMRG_40114	1	1	0.001047
GRCh38_CMRG_42046	1	1	0.0
GRCh38_CMRG_42182	1	1	6.4e-05
GRCh38_CMRG_42301	1	1	0.0
GRCh38_CMRG_45	1	1	0.0
GRCh38_CMRG_45261	1	1	0.0
GRCh38_CMRG_45356	1	1	0.0
GRCh38_CMRG_45547	1	1	0.100251
GRCh38_CMRG_45731	1	1	0.0
GRCh38_CMRG_46023	1	1	4e-05
GRCh38_CMRG_48643	1	1	0.0
GRCh38_CMRG_49117	1	1	0.005813
GRCh38_CMRG_49283	1	1	4.1e-05
GRCh38_CMRG_49493	1	1	0.0
GRCh38_CMRG_49751	1	1	0.0
GRCh38_CMRG_50817	1	1	0.024428
GRCh38_CMRG_52207	1	1	0.0
GRCh38_CMRG_52305	1	1	0.1079
GRCh38_CMRG_52341	1	1	0.0
GRCh38_CMRG_52571	1	1	0.022889
GRCh38_CMRG_53030	1	1	0.000453
GRCh38_CMRG_53329	1	1	0.0
GRCh38_CMRG_53581	1	1	0.003566
GRCh38_CMRG_54466	1	1	4.1e-05
GRCh38_CMRG_54533	1	1	0.0
GRCh38_CMRG_54920	1	1	0.002762
GRCh38_CMRG_55276	1	1	0.0
GRCh38_CMRG_55473	1	1	0.000183
GRCh38_CMRG_59438	1	1	0.002899
GRCh38_CMRG_60202	1	1	0.0
GRCh38_CMRG_60444	1	1	2.5e-05
GRCh38_CMRG_60648	1	1	0.0
GRCh38_CMRG_61351	1	1	0.0
GRCh38_CMRG_61842	1	1	0.0
GRCh38_CMRG_62218	1	1	0.0
GRCh38_CMRG_62301	1	1	0.007576
GRCh38_CMRG_62593	1	1	0.0
GRCh38_CMRG_63212	1	1	0.0
GRCh38_CMRG_63889	1	1	0.0
GRCh38_CMRG_64666	1	1	0.014281
GRCh38_CMRG_64960	1	1	0.0
GRCh38_CMRG_65452	1	1	1.6e-05
GRCh38_CMRG_65739	1	1	0.0
GRCh38_CMRG_65740	1	1	0.0
GRCh38_CMRG_66389	1	1	0.0
GRCh38_CMRG_67708	1	1	0.0
GRCh38_CMRG_68266	1	1	0.0
GRCh38_CMRG_68492	1	1	0.0
GRCh38_CMRG_68508	1	1	0.0
GRCh38_CMRG_69524	1	1	0.07689
GRCh38_CMRG_70211	1	1	0.000461
GRCh38_CMRG_70860	1	1	0.0
GRCh38_CMRG_71116	1	1	0.0
GRCh38_CMRG_71741	1	1	0.0
GRCh38_CMRG_73287	1	1	0.0
GRCh38_CMRG_73456	1	1	0.000849
GRCh38_CMRG_73457	1	1	0.000849
GRCh38_CMRG_73513	1	1	0.0
GRCh38_CMRG_73655	1	1	0.0
GRCh38_CMRG_74251	1	1	0.0
GRCh38_CMRG_74825	1	1	5.6e-05
GRCh38_CMRG_75027	1	1	1.6e-05
GRCh38_CMRG_75461	1	1	0.0
GRCh38_CMRG_76462	1	1	0.0
GRCh38_CMRG_77	1	1	0.0
GRCh38_CMRG_77279	1	1	0.0
GRCh38_CMRG_7790	1	1	0.0
GRCh38_CMRG_7829	1	1	0.0
GRCh38_CMRG_7836	1	1	0.0
GRCh38_CMRG_78930	1	1	0.018092
GRCh38_CMRG_79506	1	1	0.000699
GRCh38_CMRG_79873	1	1	0.007857
GRCh38_CMRG_79907	1	1	0.029112
GRCh38_CMRG_82225	1	1	0.0
GRCh38_CMRG_82230	1	1	0.0
GRCh38_CMRG_82257	1	1	0.337478
GRCh38_CMRG_82391	1	1	0.001861
GRCh38_CMRG_82503	1	1	0.0
GRCh38_CMRG_82508	1	1	0.0
GRCh38_CMRG_82558	1	1	0.0
GRCh38_CMRG_83898	1	1	0.0
GRCh38_CMRG_83902	1	1	0.00204282
GRCh38_CMRG_84422	1	1	0.00466154
GRCh38_CMRG_8472	1	1	0.0
GRCh38_CMRG_1005	0	0	0.767256
GRCh38_CMRG_101	0	0	0.0
GRCh38_CMRG_1024	0	0	0.0
GRCh38_CMRG_1028	0	0	0.0
GRCh38_CMRG_1036	0	0	0.0
GRCh38_CMRG_1038	0	0	0.0
GRCh38_CMRG_1039	0	0	0.0
GRCh38_CMRG_1043	0	0	0.0
GRCh38_CMRG_10487	0	0	0.0
GRCh38_CMRG_10488	0	0	9e-06
GRCh38_CMRG_10494	0	0	0.4564
GRCh38_CMRG_10499	0	0	0.0
GRCh38_CMRG_10500	0	0	0.041203
GRCh38_CMRG_10504	0	0	0.000468
GRCh38_CMRG_10509	0	0	0.0
GRCh38_CMRG_10527	0	0	0.570737
GRCh38_CMRG_10530	0	0	0.416276
GRCh38_CMRG_10538	0	0	0.000468
GRCh38_CMRG_10539	0	0	0.603028
GRCh38_CMRG_10550	0	0	0.657401
GRCh38_CMRG_10555	0	0	0.3424
GRCh38_CMRG_10556	0	0	0.0
GRCh38_CMRG_10557	0	0	0.747998
GRCh38_CMRG_10565	0	0	0.688562
GRCh38_CMRG_10570	0	0	0.0
GRCh38_CMRG_10576	0	0	0.0
GRCh38_CMRG_10585	0	0	0.766214
GRCh38_CMRG_10593	0	0	0.033728
GRCh38_CMRG_10596	0	0	0.0
GRCh38_CMRG_106	0	0	0.23063
GRCh38_CMRG_10615	0	0	0.0
GRCh38_CMRG_10620	0	0	0.105032
GRCh38_CMRG_10643	0	0	0.459101
GRCh38_CMRG_10646	0	0	0.763497
GRCh38_CMRG_10647	0	0	0.44137
GRCh38_CMRG_10649	0	0	0.024119
GRCh38_CMRG_10651	0	0	0.014834
GRCh38_CMRG_10653	0	0	0.0
GRCh38_CMRG_10655	0	0	0.0
GRCh38_CMRG_10666	0	0	0.0
GRCh38_CMRG_10673	0	0	0.00223
GRCh38_CMRG_1068	0	0	0.452709
GRCh38_CMRG_10685	0	0	0.001107
GRCh38_CMRG_10686	0	0	0.016079
GRCh38_CMRG_10688	0	0	0.477053
GRCh38_CMRG_10694	0	0	0.21861
GRCh38_CMRG_10719	0	0	0.337791
GRCh38_CMRG_10721	0	0	0.0
GRCh38_CMRG_10722	0	0	0.0
GRCh38_CMRG_10741	0	0	0.0
GRCh38_CMRG_10745	0	0	0.0
GRCh38_CMRG_10746	0	0	0.0
GRCh38_CMRG_1075	0	0	0.0
GRCh38_CMRG_10751	0	0	0.116874
GRCh38_CMRG_10756	0	0	0.0
GRCh38_CMRG_10757	0	0	0.0
GRCh38_CMRG_1076	0	0	0.0
GRCh38_CMRG_10762	0	0	0.0
GRCh38_CMRG_10763	0	0	0.007728
GRCh38_CMRG_10771	0	0	0.511711
GRCh38_CMRG_10772	0	0	0.0
GRCh38_CMRG_10774	0	0	0.0
GRCh38_CMRG_10777	0	0	0.257088
GRCh38_CMRG_10784	0	0	0.0
GRCh38_CMRG_10785	0	0	0.135
GRCh38_CMRG_10791	0	0	0.0
GRCh38_CMRG_10793	0	0	0.34973
GRCh38_CMRG_10794	0	0	0.34973
GRCh38_CMRG_1080	0	0	0.0
GRCh38_CMRG_1081	0	0	0.0
GRCh38_CMRG_10810	0	0	0.0
GRCh38_CMRG_10812	0	0	0.298328
GRCh38_CMRG_10815	0	0	0.307056
GRCh38_CMRG_10821	0	0	0.0
GRCh38_CMRG_10831	0	0	0.07883
GRCh38_CMRG_10832	0	0	0.0
GRCh38_CMRG_10833	0	0	0.323157
GRCh38_CMRG_10839	0	0	0.0
GRCh38_CMRG_10841	0	0	0.0
GRCh38_CMRG_10861	0	0	0.985341
GRCh38_CMRG_10871	0	0	0.0
GRCh38_CMRG_1088	0	0	0.00089
GRCh38_CMRG_10882	0	0	4.8e-05
GRCh38_CMRG_10886	0	0	0.0
GRCh38_CMRG_10893	0	0	0.0
GRCh38_CMRG_10895	0	0	1.6e-05
GRCh38_CMRG_10902	0	0	0.0
GRCh38_CMRG_10903	0	0	0.0
GRCh38_CMRG_10912	0	0	0.000558
GRCh38_CMRG_10933	0	0	0.793879
GRCh38_CMRG_10934	0	0	0.0
GRCh38_CMRG_10938	0	0	0.0
GRCh38_CMRG_10969	0	0	2.4e-05
GRCh38_CMRG_1097	0	0	3.2e-05
GRCh38_CMRG_10970	0	0	2.4e-05
GRCh38_CMRG_10971	0	0	0.047659
GRCh38_CMRG_10972	0	0	0.0
GRCh38_CMRG_10977	0	0	0.047659
GRCh38_CMRG_10978	0	0	0.047659
GRCh38_CMRG_1098	0	0	3.2e-05
GRCh38_CMRG_10984	0	0	0.01955
GRCh38_CMRG_10988	0	0	0.466904
GRCh38_CMRG_1099	0	0	0.114854
GRCh38_CMRG_10993	0	0	0.113577
GRCh38_CMRG_10999	0	0	0.047659
GRCh38_CMRG_11002	0	0	0.004092
GRCh38_CMRG_11014	0	0	0.136783
GRCh38_CMRG_11015	0	0	0.0
GRCh38_CMRG_11017	0	0	9.5e-05
GRCh38_CMRG_11019	0	0	0.0
GRCh38_CMRG_11026	0	0	0.465739
GRCh38_CMRG_11033	0	0	0.0
GRCh38_CMRG_1104	0	0	0.706681
GRCh38_CMRG_11042	0	0	0.305338
GRCh38_CMRG_1105	0	0	0.698311
GRCh38_CMRG_11054	0	0	0.4563
GRCh38_CMRG_11069	0	0	0.0
GRCh38_CMRG_11070	0	0	0.0
GRCh38_CMRG_11071	0	0	0.734312
GRCh38_CMRG_11082	0	0	0.0
GRCh38_CMRG_11083	0	0	0.0
GRCh38_CMRG_11094	0	0	0.722381
GRCh38_CMRG_11095	0	0	0.0
GRCh38_CMRG_11116	0	0	0.0
GRCh38_CMRG_11117	0	0	0.0
GRCh38_CMRG_1112	0	0	0.0
GRCh38_CMRG_11121	0	0	0.746566
GRCh38_CMRG_11125	0	0	0.890972
GRCh38_CMRG_11128	0	0	0.0
GRCh38_CMRG_11129	0	0	0.0
GRCh38_CMRG_1113	0	0	0.394623
GRCh38_CMRG_11130	0	0	0.091713
GRCh38_CMRG_11135	0	0	0.0
GRCh38_CMRG_11139	0	0	0.0
GRCh38_CMRG_11154	0	0	4.1e-05
GRCh38_CMRG_11161	0	0	0.0
GRCh38_CMRG_11164	0	0	0.332995
GRCh38_CMRG_11166	0	0	0.536992
GRCh38_CMRG_11172	0	0	0.107737
GRCh38_CMRG_11185	0	0	0.958928
GRCh38_CMRG_11190	0	0	0.02052
GRCh38_CMRG_11197	0	0	0.490319
GRCh38_CMRG_11203	0	0	0.432385
GRCh38_CMRG_11217	0	0	0.762813
GRCh38_CMRG_11222	0	0	0.001739
GRCh38_CMRG_11225	0	0	0.892869
GRCh38_CMRG_11226	0	0	0.0
GRCh38_CMRG_11229	0	0	0.0
GRCh38_CMRG_11246	0	0	8e-06
GRCh38_CMRG_11271	0	0	0.0
GRCh38_CMRG_11272	0	0	0.0
GRCh38_CMRG_11273	0	0	0.0
GRCh38_CMRG_11274	0	0	0.0
GRCh38_CMRG_11276	0	0	0.388854
GRCh38_CMRG_11278	0	0	0.0
GRCh38_CMRG_11293	0	0	0.0
GRCh38_CMRG_11294	0	0	0.000828
GRCh38_CMRG_11300	0	0	0.4101
GRCh38_CMRG_11301	0	0	0.694504
GRCh38_CMRG_11305	0	0	0.233819
GRCh38_CMRG_11308	0	0	0.097906
GRCh38_CMRG_11309	0	0	0.097906
GRCh38_CMRG_11315	0	0	0.0
GRCh38_CMRG_11319	0	0	0.047659
GRCh38_CMRG_11320	0	0	0.0
GRCh38_CMRG_11333	0	0	0.0
GRCh38_CMRG_11340	0	0	0.0
GRCh38_CMRG_11341	0	0	0.0
GRCh38_CMRG_11342	0	0	0.0
GRCh38_CMRG_11365	0	0	0.0
GRCh38_CMRG_11392	0	0	0.945163
GRCh38_CMRG_11394	0	0	0.2717
GRCh38_CMRG_11402	0	0	1.6e-05
GRCh38_CMRG_11412	0	0	0.193318
GRCh38_CMRG_11420	0	0	0.0
GRCh38_CMRG_11426	0	0	0.0
GRCh38_CMRG_11427	0	0	0.389781
GRCh38_CMRG_11456	0	0	0.356385
GRCh38_CMRG_11457	0	0	0.355292
GRCh38_CMRG_11494	0	0	0.66656
GRCh38_CMRG_11496	0	0	0.0
GRCh38_CMRG_11497	0	0	0.0
GRCh38_CMRG_11506	0	0	0.0
GRCh38_CMRG_11507	0	0	0.001907
GRCh38_CMRG_11513	0	0	0.249401
GRCh38_CMRG_11515	0	0	0.925553
GRCh38_CMRG_11518	0	0	0.0
GRCh38_CMRG_11521	0	0	0.403999
GRCh38_CMRG_11527	0	0	0.826767
GRCh38_CMRG_11538	0	0	0.480949
GRCh38_CMRG_11540	0	0	0.0
GRCh38_CMRG_11541	0	0	0.0
GRCh38_CMRG_11555	0	0	0.835137
GRCh38_CMRG_11557	0	0	0.191448
GRCh38_CMRG_11559	0	0	0.675617
GRCh38_CMRG_11565	0	0	0.207247
GRCh38_CMRG_11579	0	0	0.000877
GRCh38_CMRG_11584	0	0	0.493283
GRCh38_CMRG_11596	0	0	0.009578
GRCh38_CMRG_11597	0	0	0.200719
GRCh38_CMRG_11605	0	0	0.556742
GRCh38_CMRG_11608	0	0	0.957605
GRCh38_CMRG_11612	0	0	0.0
GRCh38_CMRG_11625	0	0	0.319713
GRCh38_CMRG_11626	0	0	0.319713
GRCh38_CMRG_11634	0	0	0.369421
GRCh38_CMRG_11635	0	0	0.966282
GRCh38_CMRG_11638	0	0	0.02176
GRCh38_CMRG_11643	0	0	0.012085
GRCh38_CMRG_11650	0	0	0.872825
GRCh38_CMRG_11651	0	0	0.0
GRCh38_CMRG_11652	0	0	0.391474
GRCh38_CMRG_11653	0	0	0.0
GRCh38_CMRG_11655	0	0	0.419247
GRCh38_CMRG_11661	0	0	0.0
GRCh38_CMRG_11667	0	0	0.971277
GRCh38_CMRG_11669	0	0	0.0
GRCh38_CMRG_11678	0	0	0.782079
GRCh38_CMRG_1168	0	0	0.413205
GRCh38_CMRG_11688	0	0	0.655137
GRCh38_CMRG_1171	0	0	0.0
GRCh38_CMRG_11714	0	0	0.741968
GRCh38_CMRG_11718	0	0	0.2626
GRCh38_CMRG_11719	0	0	0.000468
GRCh38_CMRG_1172	0	0	0.0
GRCh38_CMRG_11726	0	0	0.0
GRCh38_CMRG_11729	0	0	0.163096
GRCh38_CMRG_11736	0	0	0.049798
GRCh38_CMRG_11738	0	0	0.0
GRCh38_CMRG_11739	0	0	0.0
GRCh38_CMRG_11744	0	0	0.000468
GRCh38_CMRG_11749	0	0	0.307981
GRCh38_CMRG_1175	0	0	0.337235
GRCh38_CMRG_11753	0	0	0.478
GRCh38_CMRG_11754	0	0	0.613338
GRCh38_CMRG_11763	0	0	0.0
GRCh38_CMRG_11769	0	0	2.4e-05
GRCh38_CMRG_11773	0	0	0.678323
GRCh38_CMRG_1178	0	0	0.514995
GRCh38_CMRG_11780	0	0	0.942921
GRCh38_CMRG_11781	0	0	0.097384
GRCh38_CMRG_11787	0	0	0.7481
GRCh38_CMRG_1181	0	0	0.0
GRCh38_CMRG_11818	0	0	0.0
GRCh38_CMRG_1182	0	0	0.0
GRCh38_CMRG_11829	0	0	0.023655
GRCh38_CMRG_11832	0	0	0.035901
GRCh38_CMRG_11840	0	0	0.920231
GRCh38_CMRG_11844	0	0	0.047318
GRCh38_CMRG_11846	0	0	0.616297
GRCh38_CMRG_11848	0	0	0.002615
GRCh38_CMRG_11853	0	0	0.14424
GRCh38_CMRG_11885	0	0	0.000585
GRCh38_CMRG_11891	0	0	0.360916
GRCh38_CMRG_11892	0	0	0.79116
GRCh38_CMRG_11893	0	0	0.179888
GRCh38_CMRG_11915	0	0	0.453793
GRCh38_CMRG_1192	0	0	0.1252
GRCh38_CMRG_11929	0	0	0.59694
GRCh38_CMRG_11930	0	0	0.000151
GRCh38_CMRG_11944	0	0	0.468459
GRCh38_CMRG_11948	0	0	0.124764
GRCh38_CMRG_11952	0	0	0.731656
GRCh38_CMRG_11962	0	0	0.045603
GRCh38_CMRG_11963	0	0	0.676686
GRCh38_CMRG_11968	0	0	0.0
GRCh38_CMRG_11975	0	0	2.4e-05
GRCh38_CMRG_11976	0	0	0.0
GRCh38_CMRG_11978	0	0	0.038714
GRCh38_CMRG_11999	0	0	0.0
GRCh38_CMRG_1200	0	0	0.16203
GRCh38_CMRG_12004	0	0	0.350639
GRCh38_CMRG_12007	0	0	0.110398
GRCh38_CMRG_1201	0	0	0.932095
GRCh38_CMRG_12011	0	0	0.0
GRCh38_CMRG_12012	0	0	0.0
GRCh38_CMRG_12025	0	0	0.974866
GRCh38_CMRG_12030	0	0	0.836053
GRCh38_CMRG_12031	0	0	0.315809
GRCh38_CMRG_12036	0	0	0.678583
GRCh38_CMRG_12041	0	0	0.005619
GRCh38_CMRG_12052	0	0	0.0
GRCh38_CMRG_12053	0	0	0.000777
GRCh38_CMRG_12062	0	0	0.904692
GRCh38_CMRG_12064	0	0	0.0
GRCh38_CMRG_12093	0	0	0.298417
GRCh38_CMRG_12094	0	0	0.298417
GRCh38_CMRG_12103	0	0	0.989661
GRCh38_CMRG_12119	0	0	0.0
GRCh38_CMRG_12121	0	0	0.807942
GRCh38_CMRG_12125	0	0	0.0
GRCh38_CMRG_12126	0	0	0.1194
GRCh38_CMRG_12130	0	0	0.083945
GRCh38_CMRG_12134	0	0	0.0
GRCh38_CMRG_12140	0	0	9e-06
GRCh38_CMRG_12141	0	0	9e-06
GRCh38_CMRG_12143	0	0	0.0
GRCh38_CMRG_12149	0	0	0.001779
GRCh38_CMRG_12162	0	0	0.224374
GRCh38_CMRG_12166	0	0	0.0
GRCh38_CMRG_12169	0	0	0.474367
GRCh38_CMRG_12173	0	0	0.982642
GRCh38_CMRG_12179	0	0	8e-06
GRCh38_CMRG_12187	0	0	0.346869
GRCh38_CMRG_12188	0	0	0.326103
GRCh38_CMRG_12190	0	0	0.0
GRCh38_CMRG_12192	0	0	0.125963
GRCh38_CMRG_12193	0	0	8e-06
GRCh38_CMRG_12194	0	0	0.0
GRCh38_CMRG_12198	0	0	0.006165
GRCh38_CMRG_12217	0	0	0.983391
GRCh38_CMRG_12221	0	0	0.398645
GRCh38_CMRG_12237	0	0	0.206371
GRCh38_CMRG_12240	0	0	0.845629
GRCh38_CMRG_12242	0	0	0.0
GRCh38_CMRG_12245	0	0	0.93125
GRCh38_CMRG_12248	0	0	0.443083
GRCh38_CMRG_12260	0	0	0.085312
GRCh38_CMRG_1227	0	0	0.651244
GRCh38_CMRG_12272	0	0	0.355615
GRCh38_CMRG_12276	0	0	0.168221
GRCh38_CMRG_12284	0	0	0.0
GRCh38_CMRG_12286	0	0	0.89104
GRCh38_CMRG_12287	0	0	0.927264
GRCh38_CMRG_12290	0	0	0.796565
GRCh38_CMRG_12298	0	0	0.338175
GRCh38_CMRG_123	0	0	0.342701
GRCh38_CMRG_12306	0	0	0.0
GRCh38_CMRG_12311	0	0	0.367312
GRCh38_CMRG_12327	0	0	4.2e-05
GRCh38_CMRG_12334	0	0	0.173743
GRCh38_CMRG_1235	0	0	0.0
GRCh38_CMRG_12360	0	0	0.567657
GRCh38_CMRG_12361	0	0	0.002285
GRCh38_CMRG_12362	0	0	0.764226
GRCh38_CMRG_12367	0	0	0.006104
GRCh38_CMRG_12378	0	0	0.408567
GRCh38_CMRG_12381	0	0	0.524984
GRCh38_CMRG_12391	0	0	0.0
GRCh38_CMRG_12395	0	0	0.440853
GRCh38_CMRG_124	0	0	0.0
GRCh38_CMRG_1244	0	0	0.0
GRCh38_CMRG_12448	0	0	0.0
GRCh38_CMRG_12449	0	0	0.0
GRCh38_CMRG_1245	0	0	0.0
GRCh38_CMRG_12457	0	0	0.0
GRCh38_CMRG_12458	0	0	0.0
GRCh38_CMRG_1246	0	0	0.5
GRCh38_CMRG_1247	0	0	0.0
GRCh38_CMRG_12471	0	0	0.952124
GRCh38_CMRG_12475	0	0	0.184168
GRCh38_CMRG_12476	0	0	0.325274
GRCh38_CMRG_12477	0	0	0.325274
GRCh38_CMRG_1248	0	0	0.0
GRCh38_CMRG_1249	0	0	0.0
GRCh38_CMRG_125	0	0	0.790698
GRCh38_CMRG_12506	0	0	0.006211
GRCh38_CMRG_12511	0	0	0.852794
GRCh38_CMRG_12514	0	0	8e-06
GRCh38_CMRG_12516	0	0	0.985014
GRCh38_CMRG_12521	0	0	0.665093
GRCh38_CMRG_12528	0	0	0.844868
GRCh38_CMRG_12537	0	0	0.276786
GRCh38_CMRG_12548	0	0	0.000194
GRCh38_CMRG_12568	0	0	0.005409
GRCh38_CMRG_12572	0	0	0.0
GRCh38_CMRG_12575	0	0	0.002939
GRCh38_CMRG_12580	0	0	0.171982
GRCh38_CMRG_12592	0	0	0.985753
GRCh38_CMRG_12617	0	0	0.501633
GRCh38_CMRG_12618	0	0	0.011067
GRCh38_CMRG_12619	0	0	0.011067
GRCh38_CMRG_1262	0	0	0.285223
GRCh38_CMRG_12631	0	0	0.391664
GRCh38_CMRG_12640	0	0	0.587198
GRCh38_CMRG_12641	0	0	0.0
GRCh38_CMRG_12644	0	0	0.0
GRCh38_CMRG_12645	0	0	8.1e-05
GRCh38_CMRG_12647	0	0	0.142054
GRCh38_CMRG_1265	0	0	0.0
GRCh38_CMRG_12658	0	0	0.169374
GRCh38_CMRG_12666	0	0	0.000256
GRCh38_CMRG_12668	0	0	0.364282
GRCh38_CMRG_1267	0	0	0.0
GRCh38_CMRG_12682	0	0	0.000463
GRCh38_CMRG_12683	0	0	0.0
GRCh38_CMRG_12689	0	0	0.0
GRCh38_CMRG_127	0	0	0.0
GRCh38_CMRG_1271	0	0	0.825788
GRCh38_CMRG_12736	0	0	0.0
GRCh38_CMRG_12765	0	0	0.467782
GRCh38_CMRG_12770	0	0	0.322129
GRCh38_CMRG_12777	0	0	0.0
GRCh38_CMRG_12778	0	0	0.000584
GRCh38_CMRG_12785	0	0	0.666318
GRCh38_CMRG_12790	0	0	0.001598
GRCh38_CMRG_12791	0	0	0.0
GRCh38_CMRG_12795	0	0	8e-06
GRCh38_CMRG_12804	0	0	0.431751
GRCh38_CMRG_12806	0	0	0.175773
GRCh38_CMRG_12810	0	0	2.5e-05
GRCh38_CMRG_12812	0	0	0.0
GRCh38_CMRG_12813	0	0	0.0
GRCh38_CMRG_12814	0	0	0.0
GRCh38_CMRG_12816	0	0	0.0
GRCh38_CMRG_12817	0	0	0.0
GRCh38_CMRG_12818	0	0	0.0
GRCh38_CMRG_12822	0	0	0.001059
GRCh38_CMRG_12840	0	0	0.869252
GRCh38_CMRG_12851	0	0	0.891006
GRCh38_CMRG_12852	0	0	0.890259
GRCh38_CMRG_12857	0	0	0.09302
GRCh38_CMRG_12882	0	0	0.0
GRCh38_CMRG_12885	0	0	0.002185
GRCh38_CMRG_12892	0	0	0.8456
GRCh38_CMRG_12907	0	0	0.0
GRCh38_CMRG_12908	0	0	0.0
GRCh38_CMRG_12913	0	0	0.0
GRCh38_CMRG_12917	0	0	0.266409
GRCh38_CMRG_12918	0	0	0.0
GRCh38_CMRG_12923	0	0	0.3154
GRCh38_CMRG_12924	0	0	0.3154
GRCh38_CMRG_12925	0	0	0.0
GRCh38_CMRG_12939	0	0	0.0
GRCh38_CMRG_12942	0	0	0.002487
GRCh38_CMRG_12944	0	0	0.000129
GRCh38_CMRG_1296	0	0	0.0
GRCh38_CMRG_12965	0	0	0.0
GRCh38_CMRG_1297	0	0	0.0
GRCh38_CMRG_12973	0	0	0.0
GRCh38_CMRG_12980	0	0	0.24415
GRCh38_CMRG_12988	0	0	0.0
GRCh38_CMRG_12989	0	0	0.0
GRCh38_CMRG_12991	0	0	6.3e-05
GRCh38_CMRG_13002	0	0	0.0
GRCh38_CMRG_13020	0	0	0.129082
GRCh38_CMRG_13025	0	0	0.705528
GRCh38_CMRG_13030	0	0	0.380422
GRCh38_CMRG_13038	0	0	0.0
GRCh38_CMRG_1304	0	0	0.227562
GRCh38_CMRG_13042	0	0	0.58695
GRCh38_CMRG_13046	0	0	0.100437
GRCh38_CMRG_13049	0	0	0.534439
GRCh38_CMRG_13050	0	0	0.534439
GRCh38_CMRG_13051	0	0	0.997075
GRCh38_CMRG_13052	0	0	0.997075
GRCh38_CMRG_13103	0	0	0.212372
GRCh38_CMRG_13104	0	0	0.199188
GRCh38_CMRG_13111	0	0	0.744458
GRCh38_CMRG_13119	0	0	0.0
GRCh38_CMRG_13122	0	0	0.0
GRCh38_CMRG_13123	0	0	0.0
GRCh38_CMRG_13124	0	0	0.279744
GRCh38_CMRG_13128	0	0	0.0
GRCh38_CMRG_13134	0	0	0.0
GRCh38_CMRG_13135	0	0	0.0
GRCh38_CMRG_13139	0	0	0.0
GRCh38_CMRG_13148	0	0	1.0
GRCh38_CMRG_13149	0	0	1.0
GRCh38_CMRG_13150	0	0	0.000271
GRCh38_CMRG_13152	0	0	0.0
GRCh38_CMRG_13154	0	0	0.0
GRCh38_CMRG_13161	0	0	0.0
GRCh38_CMRG_13165	0	0	0.263101
GRCh38_CMRG_13187	0	0	0.002035
GRCh38_CMRG_13190	0	0	0.01223
GRCh38_CMRG_13191	0	0	0.0
GRCh38_CMRG_13192	0	0	0.0
GRCh38_CMRG_13193	0	0	0.0
GRCh38_CMRG_13196	0	0	0.0
GRCh38_CMRG_13197	0	0	0.0
GRCh38_CMRG_13199	0	0	0.0
GRCh38_CMRG_13202	0	0	0.0
GRCh38_CMRG_13203	0	0	0.0
GRCh38_CMRG_13204	0	0	0.0
GRCh38_CMRG_13205	0	0	0.0
GRCh38_CMRG_13206	0	0	0.0
GRCh38_CMRG_13207	0	0	0.236859
GRCh38_CMRG_13208	0	0	0.430401
GRCh38_CMRG_13211	0	0	0.0
GRCh38_CMRG_13213	0	0	0.0
GRCh38_CMRG_13214	0	0	0.0
GRCh38_CMRG_13219	0	0	0.001661
GRCh38_CMRG_13224	0	0	0.28625
GRCh38_CMRG_13225	0	0	0.0
GRCh38_CMRG_13229	0	0	0.515202
GRCh38_CMRG_13245	0	0	0.0
GRCh38_CMRG_13246	0	0	0.002277
GRCh38_CMRG_1326	0	0	0.112933
GRCh38_CMRG_13262	0	0	0.0
GRCh38_CMRG_13263	0	0	0.0
GRCh38_CMRG_13267	0	0	0.00085
GRCh38_CMRG_13269	0	0	0.414577
GRCh38_CMRG_1327	0	0	0.0
GRCh38_CMRG_1328	0	0	0.0
GRCh38_CMRG_13286	0	0	0.286384
GRCh38_CMRG_13287	0	0	0.001131
GRCh38_CMRG_13290	0	0	0.0
GRCh38_CMRG_13300	0	0	0.0
GRCh38_CMRG_13302	0	0	0.004144
GRCh38_CMRG_13303	0	0	0.0
GRCh38_CMRG_13304	0	0	0.0
GRCh38_CMRG_13306	0	0	0.083871
GRCh38_CMRG_1331	0	0	0.0
GRCh38_CMRG_13311	0	0	0.47709
GRCh38_CMRG_13312	0	0	0.0
GRCh38_CMRG_13313	0	0	0.47709
GRCh38_CMRG_13314	0	0	0.0
GRCh38_CMRG_13322	0	0	0.258425
GRCh38_CMRG_13323	0	0	0.476498
GRCh38_CMRG_13327	0	0	0.0
GRCh38_CMRG_13332	0	0	0.0
GRCh38_CMRG_13334	0	0	0.0
GRCh38_CMRG_13337	0	0	0.389206
GRCh38_CMRG_13354	0	0	0.000159
GRCh38_CMRG_13358	0	0	0.484442
GRCh38_CMRG_13369	0	0	0.255832
GRCh38_CMRG_1337	0	0	0.0
GRCh38_CMRG_13374	0	0	0.0
GRCh38_CMRG_13376	0	0	0.198481
GRCh38_CMRG_13379	0	0	1.6e-05
GRCh38_CMRG_13383	0	0	0.0
GRCh38_CMRG_1339	0	0	0.0
GRCh38_CMRG_13395	0	0	0.0
GRCh38_CMRG_13399	0	0	0.0
GRCh38_CMRG_13403	0	0	0.390845
GRCh38_CMRG_13404	0	0	0.926943
GRCh38_CMRG_13407	0	0	0.000251
GRCh38_CMRG_13418	0	0	0.0
GRCh38_CMRG_13420	0	0	0.0
GRCh38_CMRG_13423	0	0	0.0
GRCh38_CMRG_13425	0	0	0.0
GRCh38_CMRG_13427	0	0	0.640117
GRCh38_CMRG_13428	0	0	0.496877
GRCh38_CMRG_13429	0	0	0.496877
GRCh38_CMRG_13433	0	0	0.124804
GRCh38_CMRG_13443	0	0	0.140481
GRCh38_CMRG_13445	0	0	0.047905
GRCh38_CMRG_13447	0	0	0.0
GRCh38_CMRG_13448	0	0	0.0
GRCh38_CMRG_13449	0	0	0.0
GRCh38_CMRG_1345	0	0	0.0
GRCh38_CMRG_13450	0	0	0.00408
GRCh38_CMRG_13452	0	0	0.431918
GRCh38_CMRG_13463	0	0	0.008202
GRCh38_CMRG_13464	0	0	0.0
GRCh38_CMRG_13468	0	0	0.0
GRCh38_CMRG_1347	0	0	0.203311
GRCh38_CMRG_13471	0	0	6e-05
GRCh38_CMRG_13477	0	0	0.0
GRCh38_CMRG_1348	0	0	0.0
GRCh38_CMRG_13492	0	0	0.0
GRCh38_CMRG_13493	0	0	0.0
GRCh38_CMRG_13511	0	0	0.354132
GRCh38_CMRG_13512	0	0	0.1889
GRCh38_CMRG_13518	0	0	0.0
GRCh38_CMRG_13520	0	0	0.0
GRCh38_CMRG_13521	0	0	0.0
GRCh38_CMRG_13522	0	0	0.0
GRCh38_CMRG_13525	0	0	0.0
GRCh38_CMRG_13526	0	0	0.0
GRCh38_CMRG_13527	0	0	0.0
GRCh38_CMRG_1353	0	0	0.0
GRCh38_CMRG_13531	0	0	0.0
GRCh38_CMRG_13532	0	0	0.0
GRCh38_CMRG_13535	0	0	0.0
GRCh38_CMRG_13537	0	0	0.0
GRCh38_CMRG_13538	0	0	0.00349
GRCh38_CMRG_13549	0	0	0.0
GRCh38_CMRG_13552	0	0	0.0
GRCh38_CMRG_13553	0	0	0.0
GRCh38_CMRG_13554	0	0	0.002626
GRCh38_CMRG_13563	0	0	0.000571
GRCh38_CMRG_13565	0	0	0.0
GRCh38_CMRG_13566	0	0	0.0
GRCh38_CMRG_13568	0	0	0.0
GRCh38_CMRG_13573	0	0	0.0
GRCh38_CMRG_13574	0	0	3.2e-05
GRCh38_CMRG_13575	0	0	0.0
GRCh38_CMRG_13578	0	0	0.0
GRCh38_CMRG_13586	0	0	0.000238
GRCh38_CMRG_13590	0	0	0.0
GRCh38_CMRG_13595	0	0	0.016773
GRCh38_CMRG_13596	0	0	0.0
GRCh38_CMRG_136	0	0	0.5508
GRCh38_CMRG_13600	0	0	0.111508
GRCh38_CMRG_13602	0	0	0.0
GRCh38_CMRG_13604	0	0	0.141467
GRCh38_CMRG_13607	0	0	0.0
GRCh38_CMRG_13609	0	0	0.0
GRCh38_CMRG_13610	0	0	0.0
GRCh38_CMRG_13619	0	0	0.0
GRCh38_CMRG_13620	0	0	0.0
GRCh38_CMRG_13625	0	0	0.0
GRCh38_CMRG_13629	0	0	0.005508
GRCh38_CMRG_13636	0	0	0.0
GRCh38_CMRG_13637	0	0	0.0
GRCh38_CMRG_13647	0	0	0.002797
GRCh38_CMRG_13648	0	0	0.0
GRCh38_CMRG_13650	0	0	1.6e-05
GRCh38_CMRG_13655	0	0	0.120366
GRCh38_CMRG_13704	0	0	0.0
GRCh38_CMRG_13705	0	0	0.180044
GRCh38_CMRG_13708	0	0	0.000312
GRCh38_CMRG_1371	0	0	0.256715
GRCh38_CMRG_13737	0	0	0.152243
GRCh38_CMRG_13738	0	0	0.152243
GRCh38_CMRG_13739	0	0	0.0
GRCh38_CMRG_13746	0	0	0.0
GRCh38_CMRG_13747	0	0	2.5e-05
GRCh38_CMRG_13755	0	0	0.738331
GRCh38_CMRG_13780	0	0	0.0
GRCh38_CMRG_13788	0	0	0.99467
GRCh38_CMRG_13792	0	0	0.0
GRCh38_CMRG_13793	0	0	5.6e-05
GRCh38_CMRG_13795	0	0	0.082837
GRCh38_CMRG_13796	0	0	0.082837
GRCh38_CMRG_13807	0	0	0.531201
GRCh38_CMRG_13812	0	0	0.0
GRCh38_CMRG_13825	0	0	0.113438
GRCh38_CMRG_13829	0	0	0.498906
GRCh38_CMRG_13845	0	0	0.0
GRCh38_CMRG_13846	0	0	0.157073
GRCh38_CMRG_13853	0	0	0.0
GRCh38_CMRG_13854	0	0	0.004544
GRCh38_CMRG_13855	0	0	0.98515
GRCh38_CMRG_13857	0	0	0.0
GRCh38_CMRG_13860	0	0	0.961911
GRCh38_CMRG_1387	0	0	0.0
GRCh38_CMRG_13877	0	0	0.084318
GRCh38_CMRG_13878	0	0	0.0
GRCh38_CMRG_1388	0	0	0.0
GRCh38_CMRG_13881	0	0	0.0
GRCh38_CMRG_1389	0	0	0.0
GRCh38_CMRG_13892	0	0	8.1e-05
GRCh38_CMRG_1391	0	0	0.0
GRCh38_CMRG_13922	0	0	0.046693
GRCh38_CMRG_13923	0	0	0.032673
GRCh38_CMRG_13924	0	0	0.119027
GRCh38_CMRG_13925	0	0	0.328919
GRCh38_CMRG_13926	0	0	0.0
GRCh38_CMRG_13942	0	0	0.412582
GRCh38_CMRG_13947	0	0	0.660595
GRCh38_CMRG_13949	0	0	0.265171
GRCh38_CMRG_13963	0	0	0.182049
GRCh38_CMRG_13965	0	0	0.261399
GRCh38_CMRG_13967	0	0	0.0
GRCh38_CMRG_13975	0	0	0.573604
GRCh38_CMRG_13997	0	0	0.14463
GRCh38_CMRG_13999	0	0	0.066968
GRCh38_CMRG_14004	0	0	2.4e-05
GRCh38_CMRG_14006	0	0	0.290546
GRCh38_CMRG_14013	0	0	0.0
GRCh38_CMRG_14014	0	0	0.0
GRCh38_CMRG_14016	0	0	0.268894
GRCh38_CMRG_14017	0	0	0.0
GRCh38_CMRG_14025	0	0	0.0
GRCh38_CMRG_14026	0	0	0.0
GRCh38_CMRG_14039	0	0	0.817359
GRCh38_CMRG_1404	0	0	0.0
GRCh38_CMRG_14041	0	0	0.188944
GRCh38_CMRG_14070	0	0	1.6e-05
GRCh38_CMRG_14071	0	0	1.6e-05
GRCh38_CMRG_14072	0	0	0.0
GRCh38_CMRG_14073	0	0	0.0
GRCh38_CMRG_14076	0	0	0.663772
GRCh38_CMRG_14094	0	0	0.000168
GRCh38_CMRG_14099	0	0	0.003843
GRCh38_CMRG_14100	0	0	0.000325
GRCh38_CMRG_14105	0	0	0.89301
GRCh38_CMRG_14111	0	0	0.0
GRCh38_CMRG_14116	0	0	0.07447
GRCh38_CMRG_1412	0	0	0.0
GRCh38_CMRG_14120	0	0	0.0
GRCh38_CMRG_14121	0	0	0.0
GRCh38_CMRG_14127	0	0	0.6598
GRCh38_CMRG_14128	0	0	0.6598
GRCh38_CMRG_14140	0	0	0.256019
GRCh38_CMRG_14156	0	0	0.025632
GRCh38_CMRG_14158	0	0	0.2034
GRCh38_CMRG_14170	0	0	0.0
GRCh38_CMRG_14178	0	0	0.000812
GRCh38_CMRG_14179	0	0	0.035123
GRCh38_CMRG_14185	0	0	0.0
GRCh38_CMRG_14186	0	0	1.6e-05
GRCh38_CMRG_14191	0	0	0.834629
GRCh38_CMRG_14205	0	0	8.8e-05
GRCh38_CMRG_14217	0	0	0.522827
GRCh38_CMRG_14219	0	0	0.639401
GRCh38_CMRG_1422	0	0	0.6714
GRCh38_CMRG_14228	0	0	0.536372
GRCh38_CMRG_14231	0	0	0.0
GRCh38_CMRG_14242	0	0	0.63074
GRCh38_CMRG_14244	0	0	0.398303
GRCh38_CMRG_14253	0	0	0.180495
GRCh38_CMRG_14267	0	0	0.319135
GRCh38_CMRG_14272	0	0	0.0
GRCh38_CMRG_14320	0	0	0.00389
GRCh38_CMRG_14321	0	0	0.0
GRCh38_CMRG_14326	0	0	0.569727
GRCh38_CMRG_14327	0	0	0.485326
GRCh38_CMRG_14329	0	0	0.4706
GRCh38_CMRG_1433	0	0	0.0
GRCh38_CMRG_14330	0	0	0.474399
GRCh38_CMRG_14334	0	0	0.655323
GRCh38_CMRG_14343	0	0	0.778
GRCh38_CMRG_14345	0	0	0.262834
GRCh38_CMRG_1435	0	0	0.0
GRCh38_CMRG_14350	0	0	0.0
GRCh38_CMRG_14357	0	0	0.348921
GRCh38_CMRG_1436	0	0	0.509369
GRCh38_CMRG_14360	0	0	0.0
GRCh38_CMRG_14367	0	0	0.0
GRCh38_CMRG_14368	0	0	0.0
GRCh38_CMRG_1437	0	0	8e-06
GRCh38_CMRG_14386	0	0	0.863097
GRCh38_CMRG_14390	0	0	0.0
GRCh38_CMRG_14391	0	0	0.052451
GRCh38_CMRG_14401	0	0	0.0
GRCh38_CMRG_14402	0	0	0.0
GRCh38_CMRG_14403	0	0	0.0
GRCh38_CMRG_14415	0	0	0.564627
GRCh38_CMRG_14435	0	0	0.002526
GRCh38_CMRG_14444	0	0	0.00053
GRCh38_CMRG_14445	0	0	0.00053
GRCh38_CMRG_14446	0	0	0.0
GRCh38_CMRG_14447	0	0	0.0
GRCh38_CMRG_14456	0	0	0.0
GRCh38_CMRG_1446	0	0	0.0
GRCh38_CMRG_14463	0	0	0.0
GRCh38_CMRG_14479	0	0	5.3e-05
GRCh38_CMRG_14481	0	0	0.017974
GRCh38_CMRG_14489	0	0	0.0
GRCh38_CMRG_14491	0	0	0.001931
GRCh38_CMRG_14512	0	0	0.0
GRCh38_CMRG_14518	0	0	0.0
GRCh38_CMRG_14520	0	0	8e-06
GRCh38_CMRG_1453	0	0	0.0
GRCh38_CMRG_14534	0	0	0.308481
GRCh38_CMRG_1454	0	0	0.0
GRCh38_CMRG_14555	0	0	0.980109
GRCh38_CMRG_14558	0	0	0.948517
GRCh38_CMRG_14577	0	0	0.1825
GRCh38_CMRG_14578	0	0	2.4e-05
GRCh38_CMRG_14579	0	0	8e-06
GRCh38_CMRG_14580	0	0	8e-06
GRCh38_CMRG_14586	0	0	0.057722
GRCh38_CMRG_14589	0	0	0.18591
GRCh38_CMRG_1459	0	0	0.177936
GRCh38_CMRG_14591	0	0	0.369144
GRCh38_CMRG_14594	0	0	0.0
GRCh38_CMRG_14599	0	0	0.8044
GRCh38_CMRG_1460	0	0	0.243285
GRCh38_CMRG_14601	0	0	0.0
GRCh38_CMRG_14603	0	0	0.687378
GRCh38_CMRG_14607	0	0	0.760381
GRCh38_CMRG_14617	0	0	0.410032
GRCh38_CMRG_14622	0	0	0.136903
GRCh38_CMRG_14637	0	0	0.0
GRCh38_CMRG_14638	0	0	0.00083
GRCh38_CMRG_14644	0	0	0.427256
GRCh38_CMRG_14653	0	0	0.0
GRCh38_CMRG_14654	0	0	0.0
GRCh38_CMRG_14666	0	0	0.0
GRCh38_CMRG_14671	0	0	0.0
GRCh38_CMRG_1468	0	0	0.424589
GRCh38_CMRG_14681	0	0	0.0
GRCh38_CMRG_14686	0	0	0.517796
GRCh38_CMRG_14687	0	0	0.732594
GRCh38_CMRG_14693	0	0	0.974103
GRCh38_CMRG_14694	0	0	0.135062
GRCh38_CMRG_147	0	0	0.0
GRCh38_CMRG_14710	0	0	0.3899
GRCh38_CMRG_14731	0	0	0.010432
GRCh38_CMRG_14732	0	0	0.0
GRCh38_CMRG_14741	0	0	0.0
GRCh38_CMRG_14747	0	0	0.0
GRCh38_CMRG_14751	0	0	0.552099
GRCh38_CMRG_14756	0	0	0.0
GRCh38_CMRG_14760	0	0	0.000375
GRCh38_CMRG_14776	0	0	0.0
GRCh38_CMRG_14788	0	0	0.0
GRCh38_CMRG_148	0	0	0.0
GRCh38_CMRG_1480	0	0	0.387761
GRCh38_CMRG_14801	0	0	0.507961
GRCh38_CMRG_14809	0	0	0.0
GRCh38_CMRG_14830	0	0	0.0
GRCh38_CMRG_14838	0	0	0.784205
GRCh38_CMRG_14850	0	0	0.0
GRCh38_CMRG_14863	0	0	8.7e-05
GRCh38_CMRG_14881	0	0	0.256555
GRCh38_CMRG_14888	0	0	0.234508
GRCh38_CMRG_14889	0	0	0.833925
GRCh38_CMRG_14896	0	0	0.379948
GRCh38_CMRG_149	0	0	0.0
GRCh38_CMRG_14900	0	0	0.00877
GRCh38_CMRG_14926	0	0	3.2e-05
GRCh38_CMRG_14944	0	0	0.089916
GRCh38_CMRG_14945	0	0	0.0
GRCh38_CMRG_14949	0	0	0.0
GRCh38_CMRG_14951	0	0	3.2e-05
GRCh38_CMRG_14965	0	0	0.0
GRCh38_CMRG_14972	0	0	0.0
GRCh38_CMRG_1498	0	0	0.080549
GRCh38_CMRG_14980	0	0	0.0
GRCh38_CMRG_14992	0	0	7.1e-05
GRCh38_CMRG_14998	0	0	0.00193
GRCh38_CMRG_15002	0	0	0.386794
GRCh38_CMRG_15016	0	0	0.390453
GRCh38_CMRG_15025	0	0	0.0
GRCh38_CMRG_15027	0	0	0.0
GRCh38_CMRG_15034	0	0	0.6223
GRCh38_CMRG_15044	0	0	0.083153
GRCh38_CMRG_15045	0	0	0.441149
GRCh38_CMRG_15053	0	0	0.676397
GRCh38_CMRG_15055	0	0	0.7246
GRCh38_CMRG_15056	0	0	0.348853
GRCh38_CMRG_15062	0	0	0.360696
GRCh38_CMRG_15068	0	0	0.479705
GRCh38_CMRG_15070	0	0	0.0
GRCh38_CMRG_15072	0	0	0.0
GRCh38_CMRG_15073	0	0	0.579688
GRCh38_CMRG_15079	0	0	0.66
GRCh38_CMRG_15085	0	0	0.26421
GRCh38_CMRG_15111	0	0	0.0
GRCh38_CMRG_15112	0	0	0.0
GRCh38_CMRG_15123	0	0	0.291253
GRCh38_CMRG_15124	0	0	0.291253
GRCh38_CMRG_15127	0	0	0.2576
GRCh38_CMRG_15128	0	0	0.2576
GRCh38_CMRG_15138	0	0	0.0
GRCh38_CMRG_15139	0	0	0.48743
GRCh38_CMRG_15141	0	0	0.407845
GRCh38_CMRG_15158	0	0	0.0
GRCh38_CMRG_15159	0	0	6.4e-05
GRCh38_CMRG_1528	0	0	0.0
GRCh38_CMRG_15287	0	0	0.0
GRCh38_CMRG_15292	0	0	0.000781
GRCh38_CMRG_15305	0	0	0.222028
GRCh38_CMRG_15315	0	0	0.0
GRCh38_CMRG_15320	0	0	0.10713
GRCh38_CMRG_15326	0	0	0.5
GRCh38_CMRG_15330	0	0	0.0
GRCh38_CMRG_15331	0	0	0.168503
GRCh38_CMRG_15346	0	0	0.234196
GRCh38_CMRG_15351	0	0	0.001054
GRCh38_CMRG_15352	0	0	0.001054
GRCh38_CMRG_15368	0	0	0.0
GRCh38_CMRG_1537	0	0	0.010741
GRCh38_CMRG_15381	0	0	0.68951
GRCh38_CMRG_15390	0	0	0.0
GRCh38_CMRG_15391	0	0	0.000279
GRCh38_CMRG_15401	0	0	0.0
GRCh38_CMRG_15403	0	0	0.765696
GRCh38_CMRG_15415	0	0	0.078598
GRCh38_CMRG_15417	0	0	0.405991
GRCh38_CMRG_15423	0	0	0.983436
GRCh38_CMRG_15426	0	0	0.0
GRCh38_CMRG_15427	0	0	0.241249
GRCh38_CMRG_15432	0	0	0.002779
GRCh38_CMRG_15433	0	0	0.002779
GRCh38_CMRG_15435	0	0	0.0
GRCh38_CMRG_15436	0	0	0.209764
GRCh38_CMRG_15442	0	0	0.78413
GRCh38_CMRG_15443	0	0	0.402998
GRCh38_CMRG_15444	0	0	0.0
GRCh38_CMRG_15447	0	0	0.0
GRCh38_CMRG_15452	0	0	0.000111
GRCh38_CMRG_15464	0	0	0.282702
GRCh38_CMRG_15472	0	0	0.839475
GRCh38_CMRG_15473	0	0	0.171775
GRCh38_CMRG_15488	0	0	0.083672
GRCh38_CMRG_15489	0	0	0.275818
GRCh38_CMRG_15507	0	0	0.0
GRCh38_CMRG_15513	0	0	0.0
GRCh38_CMRG_15514	0	0	0.0
GRCh38_CMRG_15519	0	0	0.233385
GRCh38_CMRG_15549	0	0	0.0
GRCh38_CMRG_15577	0	0	0.0
GRCh38_CMRG_15599	0	0	0.0
GRCh38_CMRG_156	0	0	0.001717
GRCh38_CMRG_1560	0	0	0.0
GRCh38_CMRG_15621	0	0	0.0
GRCh38_CMRG_157	0	0	0.0
GRCh38_CMRG_1573	0	0	0.04718
GRCh38_CMRG_1577	0	0	0.773802
GRCh38_CMRG_1594	0	0	6.839e-05
GRCh38_CMRG_160	0	0	0.0
GRCh38_CMRG_1603	0	0	0.376842
GRCh38_CMRG_1607	0	0	0.0
GRCh38_CMRG_1632	0	0	0.0
GRCh38_CMRG_1633	0	0	0.0
GRCh38_CMRG_1638	0	0	0.845926
GRCh38_CMRG_164	0	0	0.098929
GRCh38_CMRG_16496	0	0	0.002953
GRCh38_CMRG_16497	0	0	0.002953
GRCh38_CMRG_16509	0	0	0.000222
GRCh38_CMRG_16527	0	0	0.3382
GRCh38_CMRG_16528	0	0	0.3382
GRCh38_CMRG_16530	0	0	2.5e-05
GRCh38_CMRG_16533	0	0	0.0
GRCh38_CMRG_16539	0	0	0.814237
GRCh38_CMRG_16543	0	0	0.495178
GRCh38_CMRG_16547	0	0	0.933968
GRCh38_CMRG_16552	0	0	0.246125
GRCh38_CMRG_16553	0	0	0.287057
GRCh38_CMRG_16557	0	0	0.289193
GRCh38_CMRG_16566	0	0	0.252264
GRCh38_CMRG_16583	0	0	0.152669
GRCh38_CMRG_166	0	0	0.0
GRCh38_CMRG_16602	0	0	0.179516
GRCh38_CMRG_16618	0	0	0.000201
GRCh38_CMRG_16619	0	0	0.000201
GRCh38_CMRG_16623	0	0	0.0
GRCh38_CMRG_16624	0	0	0.000564
GRCh38_CMRG_16628	0	0	0.311534
GRCh38_CMRG_16629	0	0	0.783953
GRCh38_CMRG_16635	0	0	0.7969
GRCh38_CMRG_16643	0	0	0.0
GRCh38_CMRG_16649	0	0	0.0
GRCh38_CMRG_16665	0	0	0.0
GRCh38_CMRG_16669	0	0	0.973302
GRCh38_CMRG_16697	0	0	0.215255
GRCh38_CMRG_16713	0	0	0.170422
GRCh38_CMRG_16714	0	0	0.233454
GRCh38_CMRG_16729	0	0	0.1936
GRCh38_CMRG_16764	0	0	0.980064
GRCh38_CMRG_16765	0	0	0.024728
GRCh38_CMRG_16781	0	0	0.965876
GRCh38_CMRG_16784	0	0	0.000794
GRCh38_CMRG_16788	0	0	0.2529
GRCh38_CMRG_16789	0	0	0.0
GRCh38_CMRG_1679	0	0	0.0
GRCh38_CMRG_16792	0	0	0.935262
GRCh38_CMRG_16797	0	0	0.435998
GRCh38_CMRG_16799	0	0	0.106161
GRCh38_CMRG_16812	0	0	0.248205
GRCh38_CMRG_16815	0	0	0.980329
GRCh38_CMRG_16843	0	0	0.716263
GRCh38_CMRG_16849	0	0	0.011781
GRCh38_CMRG_16865	0	0	0.904992
GRCh38_CMRG_16881	0	0	0.0
GRCh38_CMRG_16885	0	0	0.258084
GRCh38_CMRG_1689	0	0	0.0
GRCh38_CMRG_16893	0	0	0.0
GRCh38_CMRG_16894	0	0	0.0
GRCh38_CMRG_16903	0	0	0.522753
GRCh38_CMRG_16909	0	0	0.0
GRCh38_CMRG_16918	0	0	0.5303
GRCh38_CMRG_16920	0	0	0.940915
GRCh38_CMRG_16931	0	0	0.127753
GRCh38_CMRG_16936	0	0	0.0
GRCh38_CMRG_16937	0	0	0.0
GRCh38_CMRG_16947	0	0	0.904262
GRCh38_CMRG_16948	0	0	0.430573
GRCh38_CMRG_16953	0	0	0.0
GRCh38_CMRG_16960	0	0	0.399906
GRCh38_CMRG_16979	0	0	0.037531
GRCh38_CMRG_16980	0	0	0.0
GRCh38_CMRG_16985	0	0	0.799901
GRCh38_CMRG_16987	0	0	0.0
GRCh38_CMRG_16999	0	0	0.1918
GRCh38_CMRG_170	0	0	0.0
GRCh38_CMRG_17003	0	0	0.0
GRCh38_CMRG_17009	0	0	0.0
GRCh38_CMRG_17010	0	0	0.244764
GRCh38_CMRG_17013	0	0	0.0
GRCh38_CMRG_17019	0	0	0.016389
GRCh38_CMRG_17031	0	0	0.7555
GRCh38_CMRG_17032	0	0	0.7555
GRCh38_CMRG_17036	0	0	0.340831
GRCh38_CMRG_17039	0	0	0.029219
GRCh38_CMRG_17040	0	0	0.03658
GRCh38_CMRG_17043	0	0	0.333923
GRCh38_CMRG_17048	0	0	0.928326
GRCh38_CMRG_17057	0	0	0.0
GRCh38_CMRG_17060	0	0	0.470019
GRCh38_CMRG_17074	0	0	0.206524
GRCh38_CMRG_17076	0	0	0.0
GRCh38_CMRG_17077	0	0	0.617895
GRCh38_CMRG_17079	0	0	4e-05
GRCh38_CMRG_171	0	0	0.0
GRCh38_CMRG_17124	0	0	0.0
GRCh38_CMRG_17125	0	0	0.0
GRCh38_CMRG_17132	0	0	0.141966
GRCh38_CMRG_17141	0	0	0.0
GRCh38_CMRG_17159	0	0	0.869299
GRCh38_CMRG_17167	0	0	0.43631
GRCh38_CMRG_17172	0	0	0.0
GRCh38_CMRG_17185	0	0	0.0
GRCh38_CMRG_17209	0	0	0.0
GRCh38_CMRG_17217	0	0	0.5
GRCh38_CMRG_17218	0	0	0.000422
GRCh38_CMRG_17219	0	0	0.000422
GRCh38_CMRG_17236	0	0	0.001296
GRCh38_CMRG_1724	0	0	0.0
GRCh38_CMRG_17240	0	0	0.470069
GRCh38_CMRG_17241	0	0	0.470069
GRCh38_CMRG_1725	0	0	0.0
GRCh38_CMRG_17258	0	0	0.09145
GRCh38_CMRG_17265	0	0	0.19235
GRCh38_CMRG_17266	0	0	0.435097
GRCh38_CMRG_17269	0	0	0.0
GRCh38_CMRG_17270	0	0	0.0
GRCh38_CMRG_17278	0	0	0.004789
GRCh38_CMRG_17280	0	0	0.0
GRCh38_CMRG_17281	0	0	0.393815
GRCh38_CMRG_17289	0	0	0.537728
GRCh38_CMRG_1729	0	0	0.212425
GRCh38_CMRG_17290	0	0	0.537728
GRCh38_CMRG_17293	0	0	0.046033
GRCh38_CMRG_17297	0	0	0.297767
GRCh38_CMRG_1730	0	0	0.203915
GRCh38_CMRG_17301	0	0	0.0
GRCh38_CMRG_17310	0	0	0.473388
GRCh38_CMRG_17312	0	0	0.1838
GRCh38_CMRG_17322	0	0	0.326735
GRCh38_CMRG_17328	0	0	0.758336
GRCh38_CMRG_17329	0	0	0.023614
GRCh38_CMRG_17342	0	0	0.0
GRCh38_CMRG_17343	0	0	0.705432
GRCh38_CMRG_17350	0	0	0.360912
GRCh38_CMRG_17357	0	0	0.0
GRCh38_CMRG_17360	0	0	0.747344
GRCh38_CMRG_17365	0	0	0.972472
GRCh38_CMRG_17372	0	0	0.857829
GRCh38_CMRG_17376	0	0	8e-06
GRCh38_CMRG_17389	0	0	0.456563
GRCh38_CMRG_17391	0	0	0.0
GRCh38_CMRG_1740	0	0	0.0
GRCh38_CMRG_17400	0	0	0.0
GRCh38_CMRG_17401	0	0	0.0
GRCh38_CMRG_17406	0	0	0.0
GRCh38_CMRG_17407	0	0	0.0
GRCh38_CMRG_17417	0	0	0.0
GRCh38_CMRG_17418	0	0	0.0
GRCh38_CMRG_17427	0	0	0.925695
GRCh38_CMRG_1743	0	0	0.206101
GRCh38_CMRG_17443	0	0	0.10464
GRCh38_CMRG_17445	0	0	0.071846
GRCh38_CMRG_17458	0	0	7.2e-05
GRCh38_CMRG_17465	0	0	0.000175
GRCh38_CMRG_17466	0	0	0.162438
GRCh38_CMRG_17475	0	0	0.941132
GRCh38_CMRG_17483	0	0	0.0
GRCh38_CMRG_17488	0	0	0.290838
GRCh38_CMRG_17492	0	0	0.0
GRCh38_CMRG_17494	0	0	0.0
GRCh38_CMRG_175	0	0	0.0
GRCh38_CMRG_17513	0	0	0.633424
GRCh38_CMRG_17526	0	0	0.281287
GRCh38_CMRG_17531	0	0	0.358501
GRCh38_CMRG_17539	0	0	0.0
GRCh38_CMRG_17547	0	0	3.4e-05
GRCh38_CMRG_17554	0	0	0.634025
GRCh38_CMRG_17562	0	0	0.0
GRCh38_CMRG_17564	0	0	0.475594
GRCh38_CMRG_17572	0	0	0.217199
GRCh38_CMRG_17584	0	0	0.0
GRCh38_CMRG_17590	0	0	0.850765
GRCh38_CMRG_17596	0	0	0.458633
GRCh38_CMRG_17598	0	0	0.8133
GRCh38_CMRG_17613	0	0	4e-05
GRCh38_CMRG_17615	0	0	0.903745
GRCh38_CMRG_17629	0	0	1.6e-05
GRCh38_CMRG_17630	0	0	0.0
GRCh38_CMRG_17631	0	0	0.0
GRCh38_CMRG_17633	0	0	0.0
GRCh38_CMRG_17644	0	0	0.038401
GRCh38_CMRG_17645	0	0	0.324823
GRCh38_CMRG_17646	0	0	0.0
GRCh38_CMRG_17661	0	0	0.0
GRCh38_CMRG_1768	0	0	0.359256
GRCh38_CMRG_17682	0	0	0.0
GRCh38_CMRG_17683	0	0	0.0
GRCh38_CMRG_17694	0	0	0.847378
GRCh38_CMRG_17706	0	0	0.240319
GRCh38_CMRG_17707	0	0	0.0
GRCh38_CMRG_17717	0	0	0.027852
GRCh38_CMRG_17718	0	0	0.002441
GRCh38_CMRG_17728	0	0	0.350468
GRCh38_CMRG_17753	0	0	0.0
GRCh38_CMRG_17767	0	0	0.0
GRCh38_CMRG_17772	0	0	0.0
GRCh38_CMRG_17777	0	0	0.0
GRCh38_CMRG_17786	0	0	0.818906
GRCh38_CMRG_1779	0	0	0.0
GRCh38_CMRG_1780	0	0	0.000351
GRCh38_CMRG_17802	0	0	0.317501
GRCh38_CMRG_17803	0	0	0.0
GRCh38_CMRG_17808	0	0	0.0
GRCh38_CMRG_17824	0	0	0.0
GRCh38_CMRG_17825	0	0	0.1157
GRCh38_CMRG_17832	0	0	0.0
GRCh38_CMRG_17833	0	0	0.0
GRCh38_CMRG_17835	0	0	0.51549
GRCh38_CMRG_1785	0	0	0.0
GRCh38_CMRG_17851	0	0	0.0
GRCh38_CMRG_17853	0	0	0.000494
GRCh38_CMRG_17854	0	0	0.0
GRCh38_CMRG_17858	0	0	0.0
GRCh38_CMRG_17859	0	0	0.115649
GRCh38_CMRG_17863	0	0	0.6753
GRCh38_CMRG_17868	0	0	0.0
GRCh38_CMRG_1787	0	0	0.0
GRCh38_CMRG_17871	0	0	0.002221
GRCh38_CMRG_17873	0	0	0.308036
GRCh38_CMRG_17876	0	0	0.08073
GRCh38_CMRG_17877	0	0	0.218282
GRCh38_CMRG_17879	0	0	0.0
GRCh38_CMRG_17882	0	0	0.480412
GRCh38_CMRG_1789	0	0	0.0
GRCh38_CMRG_17903	0	0	0.0
GRCh38_CMRG_1793	0	0	0.0
GRCh38_CMRG_17947	0	0	0.0
GRCh38_CMRG_17953	0	0	0.0
GRCh38_CMRG_17954	0	0	0.681376
GRCh38_CMRG_17956	0	0	0.1188
GRCh38_CMRG_17969	0	0	0.0
GRCh38_CMRG_17970	0	0	0.3074
GRCh38_CMRG_17979	0	0	0.7151
GRCh38_CMRG_1798	0	0	0.934284
GRCh38_CMRG_17980	0	0	0.0
GRCh38_CMRG_17984	0	0	0.085579
GRCh38_CMRG_17986	0	0	0.0
GRCh38_CMRG_17988	0	0	0.127382
GRCh38_CMRG_17998	0	0	0.0
GRCh38_CMRG_17999	0	0	0.002538
GRCh38_CMRG_18000	0	0	0.0
GRCh38_CMRG_18001	0	0	0.782152
GRCh38_CMRG_18009	0	0	0.000181
GRCh38_CMRG_1801	0	0	0.528255
GRCh38_CMRG_18025	0	0	0.08356
GRCh38_CMRG_1803	0	0	0.810967
GRCh38_CMRG_18031	0	0	8.7e-05
GRCh38_CMRG_18046	0	0	0.9472
GRCh38_CMRG_18049	0	0	0.0
GRCh38_CMRG_18056	0	0	0.0
GRCh38_CMRG_18057	0	0	0.0
GRCh38_CMRG_18059	0	0	0.620587
GRCh38_CMRG_18061	0	0	0.0
GRCh38_CMRG_18081	0	0	0.935433
GRCh38_CMRG_1809	0	0	0.984801
GRCh38_CMRG_18093	0	0	0.153459
GRCh38_CMRG_18094	0	0	0.0
GRCh38_CMRG_18096	0	0	0.0
GRCh38_CMRG_18099	0	0	0.008464
GRCh38_CMRG_18116	0	0	0.006486
GRCh38_CMRG_18119	0	0	0.031473
GRCh38_CMRG_18122	0	0	0.41735
GRCh38_CMRG_18129	0	0	0.748837
GRCh38_CMRG_1813	0	0	0.347583
GRCh38_CMRG_18135	0	0	0.316578
GRCh38_CMRG_18148	0	0	0.592221
GRCh38_CMRG_18154	0	0	0.544238
GRCh38_CMRG_18157	0	0	0.0
GRCh38_CMRG_18160	0	0	0.382985
GRCh38_CMRG_18161	0	0	0.580862
GRCh38_CMRG_18164	0	0	1.6e-05
GRCh38_CMRG_18166	0	0	0.05651
GRCh38_CMRG_18167	0	0	0.0
GRCh38_CMRG_18175	0	0	0.072272
GRCh38_CMRG_18181	0	0	0.0
GRCh38_CMRG_18182	0	0	0.0
GRCh38_CMRG_18185	0	0	0.780993
GRCh38_CMRG_18189	0	0	0.628005
GRCh38_CMRG_18192	0	0	0.560465
GRCh38_CMRG_18196	0	0	0.470919
GRCh38_CMRG_18197	0	0	0.435529
GRCh38_CMRG_18201	0	0	0.683578
GRCh38_CMRG_18204	0	0	0.0
GRCh38_CMRG_18208	0	0	0.0
GRCh38_CMRG_18217	0	0	0.0
GRCh38_CMRG_18226	0	0	0.450812
GRCh38_CMRG_18229	0	0	0.0
GRCh38_CMRG_18230	0	0	0.416953
GRCh38_CMRG_18240	0	0	0.290268
GRCh38_CMRG_18244	0	0	0.8168
GRCh38_CMRG_18245	0	0	0.663648
GRCh38_CMRG_1825	0	0	0.639724
GRCh38_CMRG_18250	0	0	0.169093
GRCh38_CMRG_18251	0	0	0.0
GRCh38_CMRG_18260	0	0	0.0
GRCh38_CMRG_18269	0	0	0.000409
GRCh38_CMRG_18274	0	0	0.0
GRCh38_CMRG_18279	0	0	0.098752
GRCh38_CMRG_18282	0	0	0.0
GRCh38_CMRG_18285	0	0	0.139138
GRCh38_CMRG_18287	0	0	0.139138
GRCh38_CMRG_18288	0	0	0.0
GRCh38_CMRG_18289	0	0	8e-06
GRCh38_CMRG_18291	0	0	0.040595
GRCh38_CMRG_18293	0	0	0.004587
GRCh38_CMRG_18296	0	0	0.0
GRCh38_CMRG_18299	0	0	0.29929
GRCh38_CMRG_18300	0	0	0.0
GRCh38_CMRG_18302	0	0	0.000468
GRCh38_CMRG_18306	0	0	0.0
GRCh38_CMRG_18307	0	0	0.000209
GRCh38_CMRG_1831	0	0	0.917577
GRCh38_CMRG_18312	0	0	0.0
GRCh38_CMRG_18313	0	0	0.000209
GRCh38_CMRG_18316	0	0	0.0
GRCh38_CMRG_18318	0	0	0.0
GRCh38_CMRG_18324	0	0	0.0
GRCh38_CMRG_18326	0	0	0.001071
GRCh38_CMRG_18331	0	0	0.0
GRCh38_CMRG_18334	0	0	0.0
GRCh38_CMRG_18340	0	0	4.8e-05
GRCh38_CMRG_18350	0	0	0.0
GRCh38_CMRG_18355	0	0	0.0
GRCh38_CMRG_18361	0	0	0.000828
GRCh38_CMRG_18363	0	0	0.0
GRCh38_CMRG_1837	0	0	0.095183
GRCh38_CMRG_1838	0	0	0.39341
GRCh38_CMRG_18384	0	0	0.258423
GRCh38_CMRG_18386	0	0	5.5e-05
GRCh38_CMRG_18388	0	0	0.0
GRCh38_CMRG_18405	0	0	0.257447
GRCh38_CMRG_18406	0	0	0.257447
GRCh38_CMRG_18416	0	0	0.0
GRCh38_CMRG_18427	0	0	0.0
GRCh38_CMRG_18431	0	0	0.004935
GRCh38_CMRG_18432	0	0	4.8e-05
GRCh38_CMRG_18434	0	0	0.384447
GRCh38_CMRG_18435	0	0	0.0
GRCh38_CMRG_18437	0	0	0.0
GRCh38_CMRG_18439	0	0	0.0
GRCh38_CMRG_18440	0	0	0.010672
GRCh38_CMRG_18442	0	0	0.412473
GRCh38_CMRG_18443	0	0	0.0
GRCh38_CMRG_18446	0	0	0.000664
GRCh38_CMRG_18451	0	0	0.037643
GRCh38_CMRG_18458	0	0	0.0
GRCh38_CMRG_18459	0	0	0.0
GRCh38_CMRG_1846	0	0	0.000884
GRCh38_CMRG_18461	0	0	0.0
GRCh38_CMRG_18462	0	0	0.0
GRCh38_CMRG_18475	0	0	0.0
GRCh38_CMRG_18483	0	0	0.0
GRCh38_CMRG_18484	0	0	0.0
GRCh38_CMRG_18486	0	0	0.47034
GRCh38_CMRG_18491	0	0	0.0
GRCh38_CMRG_18492	0	0	0.0
GRCh38_CMRG_18493	0	0	0.0
GRCh38_CMRG_1850	0	0	0.347643
GRCh38_CMRG_1851	0	0	0.347643
GRCh38_CMRG_18510	0	0	0.3039
GRCh38_CMRG_18513	0	0	0.0
GRCh38_CMRG_18515	0	0	0.0
GRCh38_CMRG_18518	0	0	0.0
GRCh38_CMRG_18520	0	0	0.019312
GRCh38_CMRG_18523	0	0	0.020489
GRCh38_CMRG_18531	0	0	0.000184
GRCh38_CMRG_18534	0	0	3.6e-05
GRCh38_CMRG_18539	0	0	0.118542
GRCh38_CMRG_18545	0	0	0.342276
GRCh38_CMRG_18554	0	0	0.0
GRCh38_CMRG_18560	0	0	0.024265
GRCh38_CMRG_18561	0	0	0.0
GRCh38_CMRG_18563	0	0	0.026928
GRCh38_CMRG_18565	0	0	0.0
GRCh38_CMRG_18566	0	0	0.0
GRCh38_CMRG_18567	0	0	0.0
GRCh38_CMRG_18574	0	0	0.0
GRCh38_CMRG_18575	0	0	0.146737
GRCh38_CMRG_18582	0	0	0.0
GRCh38_CMRG_18596	0	0	0.000397
GRCh38_CMRG_18597	0	0	0.0
GRCh38_CMRG_18598	0	0	0.0
GRCh38_CMRG_18601	0	0	0.638034
GRCh38_CMRG_18602	0	0	0.638034
GRCh38_CMRG_18606	0	0	0.000191
GRCh38_CMRG_18607	0	0	0.0
GRCh38_CMRG_18611	0	0	0.0
GRCh38_CMRG_18616	0	0	0.0
GRCh38_CMRG_18622	0	0	0.0
GRCh38_CMRG_18633	0	0	0.0
GRCh38_CMRG_18636	0	0	0.0
GRCh38_CMRG_18637	0	0	0.0
GRCh38_CMRG_18680	0	0	0.568373
GRCh38_CMRG_18698	0	0	0.0
GRCh38_CMRG_18704	0	0	0.000161
GRCh38_CMRG_18705	0	0	0.0
GRCh38_CMRG_18706	0	0	0.103888
GRCh38_CMRG_18707	0	0	0.0
GRCh38_CMRG_18708	0	0	0.0
GRCh38_CMRG_18709	0	0	0.0
GRCh38_CMRG_18710	0	0	0.000183
GRCh38_CMRG_18719	0	0	0.0
GRCh38_CMRG_18720	0	0	9.5e-05
GRCh38_CMRG_18723	0	0	0.0
GRCh38_CMRG_18724	0	0	0.000311
GRCh38_CMRG_18727	0	0	0.00569
GRCh38_CMRG_18730	0	0	0.0
GRCh38_CMRG_18733	0	0	0.0
GRCh38_CMRG_18745	0	0	4.2e-05
GRCh38_CMRG_18760	0	0	0.375665
GRCh38_CMRG_18762	0	0	0.0
GRCh38_CMRG_18764	0	0	0.577634
GRCh38_CMRG_18774	0	0	0.0
GRCh38_CMRG_18777	0	0	0.0
GRCh38_CMRG_18778	0	0	0.009522
GRCh38_CMRG_18781	0	0	0.0
GRCh38_CMRG_18789	0	0	0.352592
GRCh38_CMRG_18792	0	0	0.254431
GRCh38_CMRG_18793	0	0	0.593252
GRCh38_CMRG_18794	0	0	0.000108
GRCh38_CMRG_18796	0	0	0.000436
GRCh38_CMRG_18821	0	0	0.0
GRCh38_CMRG_18822	0	0	0.068292
GRCh38_CMRG_18824	0	0	0.0
GRCh38_CMRG_18825	0	0	0.009524
GRCh38_CMRG_18828	0	0	0.077452
GRCh38_CMRG_18832	0	0	0.0
GRCh38_CMRG_18833	0	0	0.479261
GRCh38_CMRG_18850	0	0	0.0
GRCh38_CMRG_18854	0	0	0.0
GRCh38_CMRG_18861	0	0	0.0
GRCh38_CMRG_18869	0	0	0.0
GRCh38_CMRG_18871	0	0	0.6292
GRCh38_CMRG_18873	0	0	0.000469
GRCh38_CMRG_18877	0	0	0.0
GRCh38_CMRG_18879	0	0	0.0
GRCh38_CMRG_18880	0	0	0.0
GRCh38_CMRG_18885	0	0	0.3709
GRCh38_CMRG_18887	0	0	0.0
GRCh38_CMRG_18889	0	0	0.005936
GRCh38_CMRG_18890	0	0	0.0
GRCh38_CMRG_18896	0	0	0.0
GRCh38_CMRG_18899	0	0	0.0
GRCh38_CMRG_18900	0	0	0.059833
GRCh38_CMRG_18915	0	0	0.0
GRCh38_CMRG_18925	0	0	0.0
GRCh38_CMRG_18928	0	0	0.000437
GRCh38_CMRG_18936	0	0	0.046394
GRCh38_CMRG_1894	0	0	0.433409
GRCh38_CMRG_18943	0	0	2.4e-05
GRCh38_CMRG_18944	0	0	0.549188
GRCh38_CMRG_18947	0	0	0.0
GRCh38_CMRG_18949	0	0	5.6e-05
GRCh38_CMRG_1895	0	0	0.128208
GRCh38_CMRG_18955	0	0	0.0
GRCh38_CMRG_18964	0	0	0.510888
GRCh38_CMRG_18967	0	0	8e-06
GRCh38_CMRG_18969	0	0	0.870706
GRCh38_CMRG_18990	0	0	0.0
GRCh38_CMRG_18996	0	0	0.0
GRCh38_CMRG_18997	0	0	0.0
GRCh38_CMRG_19006	0	0	0.0
GRCh38_CMRG_19011	0	0	0.049589
GRCh38_CMRG_19013	0	0	0.0
GRCh38_CMRG_1903	0	0	0.879956
GRCh38_CMRG_19032	0	0	0.0
GRCh38_CMRG_19044	0	0	0.478709
GRCh38_CMRG_19055	0	0	8e-06
GRCh38_CMRG_19056	0	0	0.0
GRCh38_CMRG_19062	0	0	0.0
GRCh38_CMRG_19064	0	0	0.0
GRCh38_CMRG_19065	0	0	0.305367
GRCh38_CMRG_19066	0	0	0.0
GRCh38_CMRG_1907	0	0	0.166368
GRCh38_CMRG_19070	0	0	0.250078
GRCh38_CMRG_19071	0	0	0.0
GRCh38_CMRG_19072	0	0	0.0
GRCh38_CMRG_19073	0	0	0.0
GRCh38_CMRG_19078	0	0	0.0
GRCh38_CMRG_19085	0	0	0.000146
GRCh38_CMRG_19090	0	0	0.425825
GRCh38_CMRG_19095	0	0	0.03801
GRCh38_CMRG_19099	0	0	0.450047
GRCh38_CMRG_19101	0	0	8e-06
GRCh38_CMRG_19110	0	0	0.157703
GRCh38_CMRG_19112	0	0	0.0
GRCh38_CMRG_19113	0	0	0.0
GRCh38_CMRG_19114	0	0	0.0
GRCh38_CMRG_1912	0	0	0.0
GRCh38_CMRG_19123	0	0	0.0
GRCh38_CMRG_19130	0	0	0.378083
GRCh38_CMRG_19133	0	0	0.0
GRCh38_CMRG_19135	0	0	0.000312
GRCh38_CMRG_19136	0	0	0.0
GRCh38_CMRG_19137	0	0	0.0
GRCh38_CMRG_19140	0	0	0.0
GRCh38_CMRG_19156	0	0	0.0
GRCh38_CMRG_19162	0	0	3.2e-05
GRCh38_CMRG_19167	0	0	0.22916
GRCh38_CMRG_19168	0	0	0.00014
GRCh38_CMRG_19169	0	0	0.0
GRCh38_CMRG_19175	0	0	0.000136
GRCh38_CMRG_192	0	0	0.0
GRCh38_CMRG_19203	0	0	0.588226
GRCh38_CMRG_19205	0	0	0.551265
GRCh38_CMRG_19210	0	0	0.0
GRCh38_CMRG_19211	0	0	0.3401
GRCh38_CMRG_19213	0	0	0.199029
GRCh38_CMRG_19214	0	0	0.0
GRCh38_CMRG_19219	0	0	0.636805
GRCh38_CMRG_19222	0	0	0.0
GRCh38_CMRG_1923	0	0	0.958819
GRCh38_CMRG_19244	0	0	0.0
GRCh38_CMRG_19245	0	0	0.0
GRCh38_CMRG_19252	0	0	0.003176
GRCh38_CMRG_19260	0	0	0.0
GRCh38_CMRG_19262	0	0	0.0
GRCh38_CMRG_19279	0	0	1.8e-05
GRCh38_CMRG_19285	0	0	8e-05
GRCh38_CMRG_19302	0	0	0.0
GRCh38_CMRG_19305	0	0	0.0
GRCh38_CMRG_19306	0	0	4.9e-05
GRCh38_CMRG_19320	0	0	0.392148
GRCh38_CMRG_19321	0	0	0.392148
GRCh38_CMRG_19326	0	0	0.446912
GRCh38_CMRG_19337	0	0	0.0
GRCh38_CMRG_19340	0	0	0.0
GRCh38_CMRG_19350	0	0	0.0
GRCh38_CMRG_19357	0	0	0.0
GRCh38_CMRG_1936	0	0	0.0
GRCh38_CMRG_19365	0	0	0.0
GRCh38_CMRG_19372	0	0	7.7e-05
GRCh38_CMRG_19378	0	0	0.027211
GRCh38_CMRG_19379	0	0	0.0
GRCh38_CMRG_19387	0	0	0.971819
GRCh38_CMRG_19388	0	0	0.0
GRCh38_CMRG_19391	0	0	0.0
GRCh38_CMRG_19392	0	0	0.0
GRCh38_CMRG_19416	0	0	0.0
GRCh38_CMRG_19417	0	0	0.0
GRCh38_CMRG_19418	0	0	0.0
GRCh38_CMRG_19419	0	0	0.012583
GRCh38_CMRG_19423	0	0	0.717309
GRCh38_CMRG_19424	0	0	0.0
GRCh38_CMRG_19434	0	0	0.181275
GRCh38_CMRG_19435	0	0	0.0
GRCh38_CMRG_19437	0	0	0.467024
GRCh38_CMRG_19443	0	0	0.0
GRCh38_CMRG_19445	0	0	0.0
GRCh38_CMRG_19464	0	0	0.1647
GRCh38_CMRG_19465	0	0	0.1647
GRCh38_CMRG_19472	0	0	0.64408
GRCh38_CMRG_19486	0	0	0.0
GRCh38_CMRG_19487	0	0	0.0
GRCh38_CMRG_19492	0	0	0.6015
GRCh38_CMRG_19493	0	0	0.284965
GRCh38_CMRG_19495	0	0	0.0
GRCh38_CMRG_19498	0	0	0.66348
GRCh38_CMRG_19517	0	0	0.577729
GRCh38_CMRG_19539	0	0	0.376526
GRCh38_CMRG_19545	0	0	0.686321
GRCh38_CMRG_1955	0	0	0.0
GRCh38_CMRG_1956	0	0	0.0
GRCh38_CMRG_19562	0	0	0.0
GRCh38_CMRG_19574	0	0	0.515933
GRCh38_CMRG_19580	0	0	0.1036
GRCh38_CMRG_19590	0	0	0.0
GRCh38_CMRG_19591	0	0	0.0
GRCh38_CMRG_19611	0	0	0.509445
GRCh38_CMRG_19619	0	0	0.202531
GRCh38_CMRG_19634	0	0	0.0
GRCh38_CMRG_19642	0	0	0.892718
GRCh38_CMRG_19644	0	0	0.162348
GRCh38_CMRG_19645	0	0	0.0
GRCh38_CMRG_19646	0	0	0.0
GRCh38_CMRG_19654	0	0	0.0
GRCh38_CMRG_19676	0	0	0.831518
GRCh38_CMRG_19678	0	0	0.87611
GRCh38_CMRG_19683	0	0	0.799811
GRCh38_CMRG_1970	0	0	0.652806
GRCh38_CMRG_19712	0	0	0.008463
GRCh38_CMRG_19717	0	0	0.346658
GRCh38_CMRG_1972	0	0	0.001338
GRCh38_CMRG_19744	0	0	0.0
GRCh38_CMRG_19746	0	0	0.2139
GRCh38_CMRG_19747	0	0	0.0
GRCh38_CMRG_19748	0	0	0.0
GRCh38_CMRG_1975	0	0	0.323907
GRCh38_CMRG_19751	0	0	2.4e-05
GRCh38_CMRG_19754	0	0	0.0
GRCh38_CMRG_19762	0	0	0.376691
GRCh38_CMRG_19763	0	0	0.167529
GRCh38_CMRG_19768	0	0	0.0
GRCh38_CMRG_19769	0	0	0.0
GRCh38_CMRG_19779	0	0	0.303677
GRCh38_CMRG_19786	0	0	0.702154
GRCh38_CMRG_1979	0	0	0.628629
GRCh38_CMRG_19790	0	0	0.002511
GRCh38_CMRG_19793	0	0	0.119527
GRCh38_CMRG_19796	0	0	0.953603
GRCh38_CMRG_1980	0	0	0.158949
GRCh38_CMRG_19803	0	0	0.085455
GRCh38_CMRG_19805	0	0	0.161618
GRCh38_CMRG_19808	0	0	0.212904
GRCh38_CMRG_19820	0	0	0.05316
GRCh38_CMRG_19822	0	0	0.080897
GRCh38_CMRG_19823	0	0	5.6e-05
GRCh38_CMRG_19836	0	0	0.0
GRCh38_CMRG_19838	0	0	0.010716
GRCh38_CMRG_19840	0	0	0.112698
GRCh38_CMRG_19841	0	0	0.765568
GRCh38_CMRG_19857	0	0	0.401659
GRCh38_CMRG_19859	0	0	0.001185
GRCh38_CMRG_19867	0	0	0.177041
GRCh38_CMRG_19868	0	0	0.531307
GRCh38_CMRG_19871	0	0	0.012219
GRCh38_CMRG_19895	0	0	0.0
GRCh38_CMRG_199	0	0	0.391664
GRCh38_CMRG_19903	0	0	0.5891
GRCh38_CMRG_19913	0	0	0.060459
GRCh38_CMRG_19924	0	0	0.025795
GRCh38_CMRG_19927	0	0	0.39544
GRCh38_CMRG_19929	0	0	0.512697
GRCh38_CMRG_19935	0	0	0.955374
GRCh38_CMRG_19944	0	0	0.96056
GRCh38_CMRG_19945	0	0	0.86981
GRCh38_CMRG_19948	0	0	0.455287
GRCh38_CMRG_19950	0	0	0.0
GRCh38_CMRG_19960	0	0	0.0
GRCh38_CMRG_19977	0	0	0.007493
GRCh38_CMRG_19978	0	0	0.504831
GRCh38_CMRG_19995	0	0	0.0
GRCh38_CMRG_20003	0	0	0.0
GRCh38_CMRG_20008	0	0	0.0
GRCh38_CMRG_20009	0	0	0.0
GRCh38_CMRG_20010	0	0	0.0
GRCh38_CMRG_20013	0	0	0.371435
GRCh38_CMRG_20014	0	0	0.0
GRCh38_CMRG_20015	0	0	0.0
GRCh38_CMRG_20017	0	0	0.0
GRCh38_CMRG_20027	0	0	0.9231
GRCh38_CMRG_20028	0	0	0.9231
GRCh38_CMRG_2010	0	0	0.689129
GRCh38_CMRG_2013	0	0	0.0
GRCh38_CMRG_2024	0	0	0.458041
GRCh38_CMRG_2029	0	0	0.986262
GRCh38_CMRG_2032	0	0	0.760078
GRCh38_CMRG_2034	0	0	0.705882
GRCh38_CMRG_2045	0	0	0.982835
GRCh38_CMRG_2051	0	0	0.032938
GRCh38_CMRG_2055	0	0	0.305963
GRCh38_CMRG_2059	0	0	0.98979
GRCh38_CMRG_2060	0	0	0.017408
GRCh38_CMRG_2077	0	0	0.2153
GRCh38_CMRG_2079	0	0	0.670518
GRCh38_CMRG_20841	0	0	0.0
GRCh38_CMRG_20856	0	0	0.0
GRCh38_CMRG_2086	0	0	0.508452
GRCh38_CMRG_20891	0	0	0.511049
GRCh38_CMRG_20893	0	0	0.374214
GRCh38_CMRG_20897	0	0	0.583106
GRCh38_CMRG_20912	0	0	0.387003
GRCh38_CMRG_20923	0	0	0.852049
GRCh38_CMRG_20932	0	0	0.0
GRCh38_CMRG_20945	0	0	8e-06
GRCh38_CMRG_20948	0	0	0.238719
GRCh38_CMRG_20951	0	0	0.0
GRCh38_CMRG_2096	0	0	0.933316
GRCh38_CMRG_2097	0	0	0.422251
GRCh38_CMRG_20979	0	0	0.491902
GRCh38_CMRG_20980	0	0	0.519192
GRCh38_CMRG_20988	0	0	0.0
GRCh38_CMRG_20995	0	0	0.552
GRCh38_CMRG_21001	0	0	0.000312
GRCh38_CMRG_21002	0	0	0.000312
GRCh38_CMRG_21003	0	0	0.0
GRCh38_CMRG_21004	0	0	0.0
GRCh38_CMRG_21013	0	0	0.0
GRCh38_CMRG_21016	0	0	0.0
GRCh38_CMRG_21018	0	0	0.55961
GRCh38_CMRG_21021	0	0	0.0
GRCh38_CMRG_21025	0	0	0.863288
GRCh38_CMRG_21029	0	0	0.04073
GRCh38_CMRG_2104	0	0	0.000659
GRCh38_CMRG_21040	0	0	0.126327
GRCh38_CMRG_21054	0	0	0.414272
GRCh38_CMRG_2107	0	0	0.362473
GRCh38_CMRG_21072	0	0	0.366063
GRCh38_CMRG_21077	0	0	0.0
GRCh38_CMRG_21080	0	0	0.0
GRCh38_CMRG_21081	0	0	0.0
GRCh38_CMRG_21091	0	0	0.0
GRCh38_CMRG_21094	0	0	0.068066
GRCh38_CMRG_21095	0	0	0.0
GRCh38_CMRG_21102	0	0	0.235677
GRCh38_CMRG_21108	0	0	0.0
GRCh38_CMRG_21112	0	0	0.731814
GRCh38_CMRG_21127	0	0	0.000841
GRCh38_CMRG_21128	0	0	0.26444
GRCh38_CMRG_21129	0	0	0.0
GRCh38_CMRG_21133	0	0	0.223075
GRCh38_CMRG_21147	0	0	0.0
GRCh38_CMRG_21153	0	0	0.85995
GRCh38_CMRG_21162	0	0	0.1362
GRCh38_CMRG_21163	0	0	0.329638
GRCh38_CMRG_2118	0	0	0.98948
GRCh38_CMRG_21189	0	0	0.557536
GRCh38_CMRG_21194	0	0	0.948166
GRCh38_CMRG_21195	0	0	0.0
GRCh38_CMRG_2120	0	0	0.0
GRCh38_CMRG_21206	0	0	0.0
GRCh38_CMRG_21207	0	0	0.456603
GRCh38_CMRG_2121	0	0	0.032928
GRCh38_CMRG_21211	0	0	0.0
GRCh38_CMRG_21212	0	0	0.725737
GRCh38_CMRG_21217	0	0	0.690446
GRCh38_CMRG_21234	0	0	0.0
GRCh38_CMRG_21235	0	0	0.0
GRCh38_CMRG_21236	0	0	0.237857
GRCh38_CMRG_21237	0	0	0.237857
GRCh38_CMRG_21238	0	0	0.202439
GRCh38_CMRG_21240	0	0	0.011117
GRCh38_CMRG_21245	0	0	0.267718
GRCh38_CMRG_21259	0	0	0.152045
GRCh38_CMRG_21269	0	0	0.0
GRCh38_CMRG_21271	0	0	0.0
GRCh38_CMRG_21277	0	0	0.772308
GRCh38_CMRG_21287	0	0	0.0
GRCh38_CMRG_21288	0	0	0.017137
GRCh38_CMRG_21289	0	0	0.017137
GRCh38_CMRG_21293	0	0	0.874328
GRCh38_CMRG_21318	0	0	0.465421
GRCh38_CMRG_2133	0	0	0.074808
GRCh38_CMRG_21333	0	0	0.099529
GRCh38_CMRG_21347	0	0	0.008692
GRCh38_CMRG_2135	0	0	0.0
GRCh38_CMRG_21351	0	0	0.0
GRCh38_CMRG_21353	0	0	0.286071
GRCh38_CMRG_21358	0	0	0.502342
GRCh38_CMRG_21363	0	0	0.0
GRCh38_CMRG_21381	0	0	0.38148
GRCh38_CMRG_2139	0	0	0.947064
GRCh38_CMRG_21397	0	0	0.0
GRCh38_CMRG_21399	0	0	1.7e-05
GRCh38_CMRG_21400	0	0	1.7e-05
GRCh38_CMRG_21419	0	0	0.768777
GRCh38_CMRG_21430	0	0	0.669013
GRCh38_CMRG_21431	0	0	0.325934
GRCh38_CMRG_21444	0	0	0.940493
GRCh38_CMRG_21449	0	0	0.0
GRCh38_CMRG_21452	0	0	0.982958
GRCh38_CMRG_21458	0	0	0.0
GRCh38_CMRG_21461	0	0	0.0
GRCh38_CMRG_21463	0	0	0.350775
GRCh38_CMRG_21467	0	0	0.004494
GRCh38_CMRG_21468	0	0	0.403189
GRCh38_CMRG_21476	0	0	0.749676
GRCh38_CMRG_21497	0	0	0.661189
GRCh38_CMRG_2150	0	0	0.0
GRCh38_CMRG_21506	0	0	0.237857
GRCh38_CMRG_21509	0	0	0.0
GRCh38_CMRG_21510	0	0	0.0
GRCh38_CMRG_21511	0	0	0.0
GRCh38_CMRG_21512	0	0	0.0
GRCh38_CMRG_2152	0	0	2.4e-05
GRCh38_CMRG_21522	0	0	0.4473
GRCh38_CMRG_21524	0	0	0.709219
GRCh38_CMRG_21535	0	0	0.420206
GRCh38_CMRG_21539	0	0	0.932584
GRCh38_CMRG_21546	0	0	0.302079
GRCh38_CMRG_21547	0	0	0.1978
GRCh38_CMRG_21554	0	0	0.081862
GRCh38_CMRG_2156	0	0	0.60735
GRCh38_CMRG_21564	0	0	0.595247
GRCh38_CMRG_21565	0	0	0.367444
GRCh38_CMRG_2157	0	0	0.0
GRCh38_CMRG_21570	0	0	0.196752
GRCh38_CMRG_21571	0	0	0.33947
GRCh38_CMRG_21572	0	0	0.0
GRCh38_CMRG_21575	0	0	0.645222
GRCh38_CMRG_21578	0	0	0.01231
GRCh38_CMRG_21581	0	0	0.287352
GRCh38_CMRG_21585	0	0	0.967961
GRCh38_CMRG_21601	0	0	0.66578
GRCh38_CMRG_21605	0	0	0.0
GRCh38_CMRG_21617	0	0	0.430511
GRCh38_CMRG_21618	0	0	0.906309
GRCh38_CMRG_21621	0	0	0.271557
GRCh38_CMRG_21628	0	0	0.071446
GRCh38_CMRG_21629	0	0	0.071446
GRCh38_CMRG_21640	0	0	0.0
GRCh38_CMRG_21648	0	0	0.453759
GRCh38_CMRG_21650	0	0	0.0
GRCh38_CMRG_21654	0	0	0.161723
GRCh38_CMRG_21662	0	0	0.371393
GRCh38_CMRG_21667	0	0	0.345319
GRCh38_CMRG_21671	0	0	0.466971
GRCh38_CMRG_21683	0	0	0.979325
GRCh38_CMRG_21688	0	0	0.469792
GRCh38_CMRG_21698	0	0	0.287699
GRCh38_CMRG_21700	0	0	0.0
GRCh38_CMRG_21706	0	0	0.035998
GRCh38_CMRG_21708	0	0	0.0
GRCh38_CMRG_21714	0	0	0.402648
GRCh38_CMRG_21718	0	0	0.297534
GRCh38_CMRG_21721	0	0	0.606039
GRCh38_CMRG_21722	0	0	0.542843
GRCh38_CMRG_21724	0	0	0.18389
GRCh38_CMRG_21726	0	0	0.123322
GRCh38_CMRG_21727	0	0	0.0
GRCh38_CMRG_21730	0	0	0.6244
GRCh38_CMRG_21751	0	0	0.978785
GRCh38_CMRG_21765	0	0	0.761152
GRCh38_CMRG_21766	0	0	0.196079
GRCh38_CMRG_21768	0	0	0.000629
GRCh38_CMRG_21774	0	0	9.5e-05
GRCh38_CMRG_21784	0	0	0.015898
GRCh38_CMRG_21785	0	0	0.0
GRCh38_CMRG_21788	0	0	0.04395
GRCh38_CMRG_21789	0	0	0.438727
GRCh38_CMRG_21798	0	0	0.0
GRCh38_CMRG_2180	0	0	0.0
GRCh38_CMRG_21801	0	0	0.23759
GRCh38_CMRG_21805	0	0	0.107281
GRCh38_CMRG_21806	0	0	0.5154
GRCh38_CMRG_2181	0	0	0.0
GRCh38_CMRG_21816	0	0	0.536674
GRCh38_CMRG_21817	0	0	0.0
GRCh38_CMRG_21821	0	0	0.185222
GRCh38_CMRG_21832	0	0	0.0
GRCh38_CMRG_21833	0	0	0.097087
GRCh38_CMRG_21835	0	0	0.688573
GRCh38_CMRG_21836	0	0	0.201842
GRCh38_CMRG_21845	0	0	0.0
GRCh38_CMRG_21847	0	0	0.205247
GRCh38_CMRG_21851	0	0	0.453623
GRCh38_CMRG_21859	0	0	0.74149
GRCh38_CMRG_21863	0	0	0.022404
GRCh38_CMRG_21865	0	0	0.937426
GRCh38_CMRG_21868	0	0	0.000185
GRCh38_CMRG_21869	0	0	0.0
GRCh38_CMRG_21872	0	0	0.555434
GRCh38_CMRG_21874	0	0	0.0
GRCh38_CMRG_21883	0	0	0.455903
GRCh38_CMRG_2189	0	0	0.267
GRCh38_CMRG_21892	0	0	0.006057
GRCh38_CMRG_21893	0	0	0.006057
GRCh38_CMRG_21894	0	0	0.3407
GRCh38_CMRG_21908	0	0	0.050734
GRCh38_CMRG_21912	0	0	0.622425
GRCh38_CMRG_21923	0	0	0.199378
GRCh38_CMRG_21928	0	0	0.501024
GRCh38_CMRG_21942	0	0	0.828833
GRCh38_CMRG_21946	0	0	0.85114
GRCh38_CMRG_21953	0	0	0.0
GRCh38_CMRG_21957	0	0	0.949455
GRCh38_CMRG_2196	0	0	0.0
GRCh38_CMRG_21973	0	0	0.599531
GRCh38_CMRG_21976	0	0	0.709335
GRCh38_CMRG_21986	0	0	0.614
GRCh38_CMRG_21987	0	0	0.614
GRCh38_CMRG_22004	0	0	1.6e-05
GRCh38_CMRG_22009	0	0	0.0
GRCh38_CMRG_22011	0	0	0.1721
GRCh38_CMRG_22012	0	0	0.1696
GRCh38_CMRG_22013	0	0	0.929194
GRCh38_CMRG_22020	0	0	0.324764
GRCh38_CMRG_22026	0	0	0.013105
GRCh38_CMRG_22035	0	0	0.2155
GRCh38_CMRG_22037	0	0	0.0
GRCh38_CMRG_22038	0	0	0.799492
GRCh38_CMRG_2204	0	0	0.649456
GRCh38_CMRG_22040	0	0	0.571597
GRCh38_CMRG_22042	0	0	0.302529
GRCh38_CMRG_22045	0	0	0.019553
GRCh38_CMRG_22046	0	0	0.0
GRCh38_CMRG_22057	0	0	0.0
GRCh38_CMRG_22065	0	0	3.2e-05
GRCh38_CMRG_22066	0	0	0.0
GRCh38_CMRG_22067	0	0	0.0
GRCh38_CMRG_22078	0	0	0.870229
GRCh38_CMRG_22085	0	0	0.012388
GRCh38_CMRG_22086	0	0	0.2741
GRCh38_CMRG_22101	0	0	0.73119
GRCh38_CMRG_22112	0	0	0.458789
GRCh38_CMRG_22120	0	0	0.094502
GRCh38_CMRG_22121	0	0	0.000198
GRCh38_CMRG_22128	0	0	0.03155
GRCh38_CMRG_22140	0	0	0.0
GRCh38_CMRG_22142	0	0	0.009889
GRCh38_CMRG_22143	0	0	1.6e-05
GRCh38_CMRG_22149	0	0	0.0
GRCh38_CMRG_22160	0	0	0.001893
GRCh38_CMRG_22162	0	0	0.323832
GRCh38_CMRG_22168	0	0	0.0
GRCh38_CMRG_22174	0	0	0.380112
GRCh38_CMRG_22176	0	0	0.0
GRCh38_CMRG_22180	0	0	0.830483
GRCh38_CMRG_22196	0	0	0.0
GRCh38_CMRG_22199	0	0	0.000938
GRCh38_CMRG_2222	0	0	0.404167
GRCh38_CMRG_22224	0	0	0.0
GRCh38_CMRG_22230	0	0	0.208412
GRCh38_CMRG_22239	0	0	0.267874
GRCh38_CMRG_22240	0	0	0.304653
GRCh38_CMRG_22246	0	0	0.309494
GRCh38_CMRG_22247	0	0	0.0
GRCh38_CMRG_22250	0	0	0.928611
GRCh38_CMRG_22251	0	0	0.0
GRCh38_CMRG_22253	0	0	0.06796
GRCh38_CMRG_22256	0	0	0.400136
GRCh38_CMRG_22270	0	0	0.088505
GRCh38_CMRG_22274	0	0	0.672905
GRCh38_CMRG_22275	0	0	0.026514
GRCh38_CMRG_22276	0	0	0.730907
GRCh38_CMRG_22287	0	0	0.0
GRCh38_CMRG_22296	0	0	0.0
GRCh38_CMRG_22298	0	0	0.0
GRCh38_CMRG_22299	0	0	0.0
GRCh38_CMRG_22305	0	0	0.002998
GRCh38_CMRG_22307	0	0	0.328623
GRCh38_CMRG_22312	0	0	0.625634
GRCh38_CMRG_22316	0	0	0.817744
GRCh38_CMRG_22318	0	0	0.707649
GRCh38_CMRG_22325	0	0	0.6645
GRCh38_CMRG_22327	0	0	0.931487
GRCh38_CMRG_22328	0	0	0.05448
GRCh38_CMRG_2234	0	0	8e-06
GRCh38_CMRG_22342	0	0	0.561973
GRCh38_CMRG_22344	0	0	0.0
GRCh38_CMRG_22345	0	0	0.0
GRCh38_CMRG_22346	0	0	0.0
GRCh38_CMRG_22347	0	0	0.0
GRCh38_CMRG_22351	0	0	0.003834
GRCh38_CMRG_22360	0	0	0.2234
GRCh38_CMRG_22381	0	0	0.285747
GRCh38_CMRG_22408	0	0	0.333788
GRCh38_CMRG_22409	0	0	0.031876
GRCh38_CMRG_22414	0	0	0.913335
GRCh38_CMRG_22415	0	0	0.0
GRCh38_CMRG_22425	0	0	0.949584
GRCh38_CMRG_2245	0	0	0.0
GRCh38_CMRG_22458	0	0	0.000326
GRCh38_CMRG_22460	0	0	0.421619
GRCh38_CMRG_22469	0	0	0.215138
GRCh38_CMRG_2247	0	0	0.601459
GRCh38_CMRG_22475	0	0	0.071974
GRCh38_CMRG_22480	0	0	0.0
GRCh38_CMRG_22486	0	0	0.045842
GRCh38_CMRG_22489	0	0	3.5e-05
GRCh38_CMRG_22498	0	0	0.327193
GRCh38_CMRG_22502	0	0	0.0
GRCh38_CMRG_22504	0	0	0.4373
GRCh38_CMRG_2251	0	0	0.691334
GRCh38_CMRG_22511	0	0	7.2e-05
GRCh38_CMRG_22516	0	0	0.322567
GRCh38_CMRG_22517	0	0	0.0
GRCh38_CMRG_22518	0	0	8e-06
GRCh38_CMRG_22532	0	0	0.0651
GRCh38_CMRG_22547	0	0	0.0551
GRCh38_CMRG_2255	0	0	0.73579
GRCh38_CMRG_22554	0	0	0.0
GRCh38_CMRG_22555	0	0	0.385908
GRCh38_CMRG_22573	0	0	0.0
GRCh38_CMRG_22576	0	0	0.0
GRCh38_CMRG_22578	0	0	0.0
GRCh38_CMRG_22580	0	0	0.0
GRCh38_CMRG_22583	0	0	0.02143
GRCh38_CMRG_22584	0	0	0.0
GRCh38_CMRG_22586	0	0	0.773721
GRCh38_CMRG_22594	0	0	0.0
GRCh38_CMRG_22597	0	0	0.986091
GRCh38_CMRG_22602	0	0	0.0
GRCh38_CMRG_22603	0	0	0.0
GRCh38_CMRG_22604	0	0	0.0
GRCh38_CMRG_22614	0	0	0.0
GRCh38_CMRG_22619	0	0	0.398657
GRCh38_CMRG_22644	0	0	0.0
GRCh38_CMRG_22645	0	0	0.52975
GRCh38_CMRG_22655	0	0	0.085866
GRCh38_CMRG_22659	0	0	0.0729
GRCh38_CMRG_22665	0	0	0.0
GRCh38_CMRG_22688	0	0	0.0
GRCh38_CMRG_22701	0	0	5.5e-05
GRCh38_CMRG_22702	0	0	5.5e-05
GRCh38_CMRG_22706	0	0	0.410541
GRCh38_CMRG_22716	0	0	0.116308
GRCh38_CMRG_22720	0	0	0.0
GRCh38_CMRG_22728	0	0	0.0
GRCh38_CMRG_22738	0	0	0.000128
GRCh38_CMRG_22741	0	0	0.952979
GRCh38_CMRG_2275	0	0	0.53024
GRCh38_CMRG_22760	0	0	0.0
GRCh38_CMRG_22766	0	0	0.0
GRCh38_CMRG_2277	0	0	0.773756
GRCh38_CMRG_22773	0	0	0.0
GRCh38_CMRG_22788	0	0	0.0
GRCh38_CMRG_22789	0	0	0.0
GRCh38_CMRG_22793	0	0	0.00118
GRCh38_CMRG_22794	0	0	0.0
GRCh38_CMRG_22795	0	0	0.000312
GRCh38_CMRG_22799	0	0	0.0
GRCh38_CMRG_2280	0	0	0.769363
GRCh38_CMRG_22813	0	0	0.0
GRCh38_CMRG_22818	0	0	0.391562
GRCh38_CMRG_22822	0	0	0.08438
GRCh38_CMRG_22823	0	0	0.0
GRCh38_CMRG_22826	0	0	0.199365
GRCh38_CMRG_2283	0	0	0.588269
GRCh38_CMRG_22842	0	0	0.283172
GRCh38_CMRG_22850	0	0	0.0
GRCh38_CMRG_22851	0	0	0.000668
GRCh38_CMRG_22858	0	0	0.764741
GRCh38_CMRG_22863	0	0	0.233977
GRCh38_CMRG_22873	0	0	0.0
GRCh38_CMRG_2288	0	0	0.0
GRCh38_CMRG_22881	0	0	0.0
GRCh38_CMRG_2289	0	0	0.0
GRCh38_CMRG_22892	0	0	0.0
GRCh38_CMRG_22894	0	0	0.498439
GRCh38_CMRG_22895	0	0	0.0
GRCh38_CMRG_22899	0	0	0.322873
GRCh38_CMRG_2290	0	0	0.048834
GRCh38_CMRG_2291	0	0	0.0
GRCh38_CMRG_22913	0	0	0.0
GRCh38_CMRG_22916	0	0	0.0
GRCh38_CMRG_2292	0	0	4e-05
GRCh38_CMRG_22924	0	0	0.0
GRCh38_CMRG_22926	0	0	0.000625
GRCh38_CMRG_22930	0	0	0.8088
GRCh38_CMRG_22944	0	0	0.384521
GRCh38_CMRG_22947	0	0	0.998901
GRCh38_CMRG_22948	0	0	0.000227
GRCh38_CMRG_22965	0	0	0.779649
GRCh38_CMRG_22978	0	0	0.0
GRCh38_CMRG_22980	0	0	0.000174
GRCh38_CMRG_22986	0	0	0.0
GRCh38_CMRG_22993	0	0	0.161364
GRCh38_CMRG_2300	0	0	0.0
GRCh38_CMRG_23023	0	0	8e-06
GRCh38_CMRG_23024	0	0	0.468837
GRCh38_CMRG_23029	0	0	0.0
GRCh38_CMRG_23034	0	0	0.495433
GRCh38_CMRG_23040	0	0	0.394035
GRCh38_CMRG_23041	0	0	0.0
GRCh38_CMRG_2305	0	0	0.825109
GRCh38_CMRG_23051	0	0	0.430808
GRCh38_CMRG_23055	0	0	0.389055
GRCh38_CMRG_23060	0	0	0.658289
GRCh38_CMRG_23061	0	0	0.000343
GRCh38_CMRG_23066	0	0	0.0
GRCh38_CMRG_23067	0	0	0.0
GRCh38_CMRG_23076	0	0	0.507686
GRCh38_CMRG_23079	0	0	0.357767
GRCh38_CMRG_23084	0	0	0.3998
GRCh38_CMRG_23107	0	0	0.299586
GRCh38_CMRG_23111	0	0	0.243285
GRCh38_CMRG_23115	0	0	0.0
GRCh38_CMRG_23125	0	0	0.024503
GRCh38_CMRG_23129	0	0	0.035048
GRCh38_CMRG_23130	0	0	0.035048
GRCh38_CMRG_23143	0	0	0.321567
GRCh38_CMRG_23151	0	0	0.315203
GRCh38_CMRG_23153	0	0	0.000703
GRCh38_CMRG_23165	0	0	0.0
GRCh38_CMRG_23168	0	0	0.28963
GRCh38_CMRG_23173	0	0	0.0
GRCh38_CMRG_23174	0	0	0.0
GRCh38_CMRG_23183	0	0	0.0
GRCh38_CMRG_23188	0	0	0.645313
GRCh38_CMRG_23197	0	0	0.985222
GRCh38_CMRG_23200	0	0	0.0
GRCh38_CMRG_23210	0	0	0.182797
GRCh38_CMRG_23235	0	0	0.55373
GRCh38_CMRG_23240	0	0	0.52966
GRCh38_CMRG_23241	0	0	0.214623
GRCh38_CMRG_23253	0	0	0.017959
GRCh38_CMRG_23256	0	0	0.575265
GRCh38_CMRG_23257	0	0	0.575265
GRCh38_CMRG_23266	0	0	0.0
GRCh38_CMRG_23269	0	0	0.825104
GRCh38_CMRG_23275	0	0	0.735015
GRCh38_CMRG_23285	0	0	0.992817
GRCh38_CMRG_23288	0	0	0.0
GRCh38_CMRG_23289	0	0	8e-06
GRCh38_CMRG_2329	0	0	0.810056
GRCh38_CMRG_23298	0	0	0.48057
GRCh38_CMRG_23337	0	0	0.054128
GRCh38_CMRG_23338	0	0	0.0
GRCh38_CMRG_23342	0	0	0.0
GRCh38_CMRG_23344	0	0	0.0
GRCh38_CMRG_23354	0	0	0.0
GRCh38_CMRG_23355	0	0	0.0
GRCh38_CMRG_23367	0	0	0.0
GRCh38_CMRG_23380	0	0	0.000718
GRCh38_CMRG_23382	0	0	0.226421
GRCh38_CMRG_23385	0	0	0.933266
GRCh38_CMRG_23391	0	0	0.0
GRCh38_CMRG_23392	0	0	0.379919
GRCh38_CMRG_23393	0	0	0.379919
GRCh38_CMRG_23403	0	0	0.000437
GRCh38_CMRG_23404	0	0	0.0
GRCh38_CMRG_23405	0	0	0.192785
GRCh38_CMRG_23407	0	0	0.016826
GRCh38_CMRG_23424	0	0	0.0
GRCh38_CMRG_23430	0	0	0.199094
GRCh38_CMRG_23431	0	0	0.199094
GRCh38_CMRG_23433	0	0	0.0
GRCh38_CMRG_23442	0	0	0.002582
GRCh38_CMRG_23443	0	0	0.0
GRCh38_CMRG_23444	0	0	0.044712
GRCh38_CMRG_23447	0	0	0.002824
GRCh38_CMRG_23448	0	0	0.000135
GRCh38_CMRG_23451	0	0	0.971433
GRCh38_CMRG_23455	0	0	0.0
GRCh38_CMRG_2346	0	0	0.85779
GRCh38_CMRG_23461	0	0	0.0
GRCh38_CMRG_23473	0	0	0.00027
GRCh38_CMRG_23474	0	0	0.0
GRCh38_CMRG_23477	0	0	0.682734
GRCh38_CMRG_23478	0	0	0.542038
GRCh38_CMRG_23484	0	0	0.690609
GRCh38_CMRG_23485	0	0	0.0
GRCh38_CMRG_23487	0	0	0.001279
GRCh38_CMRG_23488	0	0	0.0
GRCh38_CMRG_23503	0	0	0.0
GRCh38_CMRG_23504	0	0	0.000296
GRCh38_CMRG_23507	0	0	0.18997
GRCh38_CMRG_23509	0	0	0.0
GRCh38_CMRG_23516	0	0	0.461219
GRCh38_CMRG_23517	0	0	0.357198
GRCh38_CMRG_23519	0	0	7.2e-05
GRCh38_CMRG_23521	0	0	0.206369
GRCh38_CMRG_2354	0	0	0.0
GRCh38_CMRG_23547	0	0	0.027194
GRCh38_CMRG_23552	0	0	0.116148
GRCh38_CMRG_23554	0	0	0.000312
GRCh38_CMRG_23555	0	0	0.0
GRCh38_CMRG_23556	0	0	0.0
GRCh38_CMRG_23564	0	0	0.0
GRCh38_CMRG_23565	0	0	0.234155
GRCh38_CMRG_23572	0	0	0.926191
GRCh38_CMRG_23577	0	0	0.0
GRCh38_CMRG_23579	0	0	0.0
GRCh38_CMRG_23580	0	0	0.0
GRCh38_CMRG_23581	0	0	0.0
GRCh38_CMRG_23582	0	0	0.0
GRCh38_CMRG_23586	0	0	0.0
GRCh38_CMRG_23588	0	0	2.4e-05
GRCh38_CMRG_23590	0	0	0.0
GRCh38_CMRG_23591	0	0	0.0
GRCh38_CMRG_23592	0	0	0.0
GRCh38_CMRG_23593	0	0	0.0
GRCh38_CMRG_23594	0	0	0.0
GRCh38_CMRG_23595	0	0	0.0
GRCh38_CMRG_23597	0	0	0.0
GRCh38_CMRG_23598	0	0	6e-05
GRCh38_CMRG_23601	0	0	0.0
GRCh38_CMRG_23602	0	0	0.0
GRCh38_CMRG_23605	0	0	0.0
GRCh38_CMRG_23607	0	0	5.7e-05
GRCh38_CMRG_23608	0	0	0.0
GRCh38_CMRG_23609	0	0	0.000478
GRCh38_CMRG_23610	0	0	0.0
GRCh38_CMRG_23611	0	0	0.0
GRCh38_CMRG_23612	0	0	0.0
GRCh38_CMRG_23613	0	0	0.0
GRCh38_CMRG_23614	0	0	0.0
GRCh38_CMRG_23615	0	0	0.000112
GRCh38_CMRG_23617	0	0	0.0
GRCh38_CMRG_23618	0	0	2.5e-05
GRCh38_CMRG_23619	0	0	0.0
GRCh38_CMRG_23620	0	0	0.0
GRCh38_CMRG_23621	0	0	0.0
GRCh38_CMRG_23622	0	0	0.0
GRCh38_CMRG_23623	0	0	0.0
GRCh38_CMRG_23624	0	0	0.0
GRCh38_CMRG_23625	0	0	0.0
GRCh38_CMRG_23626	0	0	0.0
GRCh38_CMRG_23627	0	0	0.0
GRCh38_CMRG_23628	0	0	0.0
GRCh38_CMRG_23630	0	0	0.245923
GRCh38_CMRG_23632	0	0	0.0
GRCh38_CMRG_23640	0	0	0.050145
GRCh38_CMRG_23643	0	0	0.002908
GRCh38_CMRG_23644	0	0	0.0
GRCh38_CMRG_23655	0	0	0.05795
GRCh38_CMRG_23664	0	0	0.531933
GRCh38_CMRG_23666	0	0	0.070348
GRCh38_CMRG_23703	0	0	0.0
GRCh38_CMRG_23704	0	0	0.0
GRCh38_CMRG_23707	0	0	0.0
GRCh38_CMRG_23715	0	0	0.0
GRCh38_CMRG_23718	0	0	0.5925
GRCh38_CMRG_23719	0	0	0.0
GRCh38_CMRG_23724	0	0	0.0
GRCh38_CMRG_23725	0	0	0.0
GRCh38_CMRG_23729	0	0	0.000398
GRCh38_CMRG_23733	0	0	0.0
GRCh38_CMRG_23734	0	0	0.0
GRCh38_CMRG_23737	0	0	1.7e-05
GRCh38_CMRG_2374	0	0	0.231321
GRCh38_CMRG_23741	0	0	0.001112
GRCh38_CMRG_23747	0	0	0.616001
GRCh38_CMRG_23748	0	0	0.2872
GRCh38_CMRG_23753	0	0	0.001213
GRCh38_CMRG_23756	0	0	0.073681
GRCh38_CMRG_23760	0	0	0.007043
GRCh38_CMRG_23762	0	0	0.0
GRCh38_CMRG_23763	0	0	0.0
GRCh38_CMRG_23765	0	0	0.0
GRCh38_CMRG_23766	0	0	0.0
GRCh38_CMRG_23768	0	0	0.0
GRCh38_CMRG_23769	0	0	0.0
GRCh38_CMRG_23770	0	0	0.0
GRCh38_CMRG_23771	0	0	0.0
GRCh38_CMRG_23772	0	0	0.0
GRCh38_CMRG_23776	0	0	0.000104
GRCh38_CMRG_23777	0	0	0.879644
GRCh38_CMRG_23781	0	0	0.190785
GRCh38_CMRG_2379	0	0	0.48547
GRCh38_CMRG_23791	0	0	0.0
GRCh38_CMRG_23793	0	0	0.0
GRCh38_CMRG_23794	0	0	0.00141
GRCh38_CMRG_23795	0	0	0.00141
GRCh38_CMRG_23796	0	0	0.635403
GRCh38_CMRG_23802	0	0	0.9027
GRCh38_CMRG_23804	0	0	0.0
GRCh38_CMRG_23805	0	0	3.2e-05
GRCh38_CMRG_23807	0	0	0.003339
GRCh38_CMRG_23808	0	0	0.0
GRCh38_CMRG_23810	0	0	0.0
GRCh38_CMRG_23812	0	0	0.278274
GRCh38_CMRG_23813	0	0	0.034053
GRCh38_CMRG_23814	0	0	0.181012
GRCh38_CMRG_23816	0	0	0.0
GRCh38_CMRG_23818	0	0	8e-06
GRCh38_CMRG_23819	0	0	0.075522
GRCh38_CMRG_23824	0	0	0.991776
GRCh38_CMRG_23829	0	0	0.303716
GRCh38_CMRG_23833	0	0	0.774834
GRCh38_CMRG_23836	0	0	0.0
GRCh38_CMRG_23837	0	0	0.0
GRCh38_CMRG_23839	0	0	0.7987
GRCh38_CMRG_2384	0	0	0.000897
GRCh38_CMRG_23847	0	0	0.026199
GRCh38_CMRG_2385	0	0	0.000897
GRCh38_CMRG_23852	0	0	0.0
GRCh38_CMRG_23853	0	0	0.0
GRCh38_CMRG_23857	0	0	0.0
GRCh38_CMRG_23863	0	0	0.0
GRCh38_CMRG_23876	0	0	0.0
GRCh38_CMRG_23877	0	0	0.290821
GRCh38_CMRG_23881	0	0	0.267958
GRCh38_CMRG_23882	0	0	0.0
GRCh38_CMRG_23896	0	0	0.0
GRCh38_CMRG_23897	0	0	0.0
GRCh38_CMRG_23898	0	0	0.0
GRCh38_CMRG_23904	0	0	0.0
GRCh38_CMRG_23976	0	0	0.0
GRCh38_CMRG_23990	0	0	0.0
GRCh38_CMRG_23993	0	0	0.00105
GRCh38_CMRG_23996	0	0	0.0
GRCh38_CMRG_23997	0	0	0.0
GRCh38_CMRG_23998	0	0	0.0
GRCh38_CMRG_23999	0	0	0.0
GRCh38_CMRG_24002	0	0	0.0
GRCh38_CMRG_24003	0	0	0.3903
GRCh38_CMRG_24006	0	0	0.459117
GRCh38_CMRG_24007	0	0	0.000726
GRCh38_CMRG_24012	0	0	0.0
GRCh38_CMRG_24013	0	0	0.0
GRCh38_CMRG_24014	0	0	0.0
GRCh38_CMRG_24015	0	0	0.0
GRCh38_CMRG_24016	0	0	0.0
GRCh38_CMRG_24018	0	0	0.0
GRCh38_CMRG_24019	0	0	0.0
GRCh38_CMRG_24021	0	0	0.0
GRCh38_CMRG_24022	0	0	0.139653
GRCh38_CMRG_24023	0	0	0.0
GRCh38_CMRG_24024	0	0	0.0
GRCh38_CMRG_24025	0	0	0.001277
GRCh38_CMRG_24029	0	0	0.00016
GRCh38_CMRG_24030	0	0	0.0
GRCh38_CMRG_24031	0	0	0.0
GRCh38_CMRG_24032	0	0	0.0
GRCh38_CMRG_24043	0	0	0.0
GRCh38_CMRG_24049	0	0	0.0
GRCh38_CMRG_24056	0	0	0.0
GRCh38_CMRG_24057	0	0	0.0
GRCh38_CMRG_24058	0	0	0.0
GRCh38_CMRG_24064	0	0	0.0
GRCh38_CMRG_24071	0	0	0.0
GRCh38_CMRG_24075	0	0	0.0
GRCh38_CMRG_24076	0	0	0.0
GRCh38_CMRG_24096	0	0	0.0
GRCh38_CMRG_24110	0	0	0.0
GRCh38_CMRG_24111	0	0	0.024647
GRCh38_CMRG_24112	0	0	0.024647
GRCh38_CMRG_24113	0	0	0.0
GRCh38_CMRG_24114	0	0	0.000491
GRCh38_CMRG_24116	0	0	0.0
GRCh38_CMRG_24117	0	0	0.0
GRCh38_CMRG_24118	0	0	0.0
GRCh38_CMRG_24122	0	0	0.419455
GRCh38_CMRG_24126	0	0	0.0
GRCh38_CMRG_24127	0	0	0.0
GRCh38_CMRG_24128	0	0	0.0
GRCh38_CMRG_24143	0	0	0.3219
GRCh38_CMRG_24150	0	0	0.0
GRCh38_CMRG_24151	0	0	0.0
GRCh38_CMRG_24163	0	0	0.0
GRCh38_CMRG_24168	0	0	0.0
GRCh38_CMRG_24169	0	0	0.0
GRCh38_CMRG_24171	0	0	0.0
GRCh38_CMRG_24172	0	0	0.0
GRCh38_CMRG_24173	0	0	0.0
GRCh38_CMRG_24174	0	0	0.0
GRCh38_CMRG_24176	0	0	0.0
GRCh38_CMRG_24177	0	0	0.0
GRCh38_CMRG_24180	0	0	0.0
GRCh38_CMRG_24181	0	0	0.0
GRCh38_CMRG_24182	0	0	0.0
GRCh38_CMRG_24185	0	0	0.0
GRCh38_CMRG_24186	0	0	0.0
GRCh38_CMRG_24188	0	0	0.0
GRCh38_CMRG_24189	0	0	0.0
GRCh38_CMRG_24190	0	0	0.0
GRCh38_CMRG_24248	0	0	0.0
GRCh38_CMRG_24249	0	0	0.360396
GRCh38_CMRG_24250	0	0	0.000992
GRCh38_CMRG_24252	0	0	0.0
GRCh38_CMRG_24255	0	0	0.2839
GRCh38_CMRG_24257	0	0	0.221971
GRCh38_CMRG_2426	0	0	0.963003
GRCh38_CMRG_24262	0	0	0.0
GRCh38_CMRG_24263	0	0	0.0
GRCh38_CMRG_24264	0	0	0.0
GRCh38_CMRG_24265	0	0	0.0
GRCh38_CMRG_24280	0	0	0.344618
GRCh38_CMRG_24282	0	0	0.0
GRCh38_CMRG_24305	0	0	0.057324
GRCh38_CMRG_24308	0	0	0.0
GRCh38_CMRG_24309	0	0	8e-06
GRCh38_CMRG_24310	0	0	0.000344
GRCh38_CMRG_24320	0	0	0.0
GRCh38_CMRG_24329	0	0	0.0
GRCh38_CMRG_24335	0	0	0.278645
GRCh38_CMRG_24336	0	0	0.512648
GRCh38_CMRG_24337	0	0	0.512648
GRCh38_CMRG_24342	0	0	0.360681
GRCh38_CMRG_24347	0	0	0.314335
GRCh38_CMRG_2435	0	0	0.000718
GRCh38_CMRG_2437	0	0	0.0
GRCh38_CMRG_24372	0	0	0.8125
GRCh38_CMRG_24375	0	0	0.439141
GRCh38_CMRG_24377	0	0	0.353346
GRCh38_CMRG_2438	0	0	0.453467
GRCh38_CMRG_24380	0	0	0.0
GRCh38_CMRG_24381	0	0	0.142225
GRCh38_CMRG_24388	0	0	0.0
GRCh38_CMRG_24398	0	0	0.042034
GRCh38_CMRG_2440	0	0	0.307434
GRCh38_CMRG_24413	0	0	0.000334
GRCh38_CMRG_24419	0	0	6.4e-05
GRCh38_CMRG_24425	0	0	0.467843
GRCh38_CMRG_24427	0	0	0.0
GRCh38_CMRG_24428	0	0	0.0
GRCh38_CMRG_24433	0	0	0.002393
GRCh38_CMRG_24436	0	0	0.144812
GRCh38_CMRG_24438	0	0	0.0
GRCh38_CMRG_24440	0	0	0.8133
GRCh38_CMRG_24442	0	0	0.0
GRCh38_CMRG_24464	0	0	0.0
GRCh38_CMRG_24466	0	0	0.828456
GRCh38_CMRG_24467	0	0	0.804165
GRCh38_CMRG_24470	0	0	0.000343
GRCh38_CMRG_24471	0	0	0.4695
GRCh38_CMRG_24472	0	0	0.4695
GRCh38_CMRG_2451	0	0	0.002168
GRCh38_CMRG_24514	0	0	0.0
GRCh38_CMRG_24529	0	0	0.0
GRCh38_CMRG_24530	0	0	0.0
GRCh38_CMRG_2455	0	0	0.525895
GRCh38_CMRG_24552	0	0	0.0
GRCh38_CMRG_24563	0	0	0.0
GRCh38_CMRG_24564	0	0	0.045953
GRCh38_CMRG_24589	0	0	0.696926
GRCh38_CMRG_24596	0	0	0.055551
GRCh38_CMRG_24597	0	0	0.0
GRCh38_CMRG_24601	0	0	0.06918
GRCh38_CMRG_24602	0	0	0.465343
GRCh38_CMRG_24603	0	0	0.002538
GRCh38_CMRG_24605	0	0	0.453844
GRCh38_CMRG_24624	0	0	0.0
GRCh38_CMRG_24627	0	0	0.596888
GRCh38_CMRG_2463	0	0	0.0
GRCh38_CMRG_24632	0	0	0.0
GRCh38_CMRG_24641	0	0	0.327507
GRCh38_CMRG_24644	0	0	0.000501
GRCh38_CMRG_24652	0	0	0.468623
GRCh38_CMRG_24654	0	0	0.977724
GRCh38_CMRG_24663	0	0	0.934598
GRCh38_CMRG_24664	0	0	0.94981
GRCh38_CMRG_24670	0	0	0.1351
GRCh38_CMRG_24674	0	0	0.0
GRCh38_CMRG_24682	0	0	0.715
GRCh38_CMRG_24685	0	0	0.0
GRCh38_CMRG_24686	0	0	0.4119
GRCh38_CMRG_24687	0	0	0.0
GRCh38_CMRG_2469	0	0	0.200194
GRCh38_CMRG_24692	0	0	0.000461
GRCh38_CMRG_24706	0	0	0.96531
GRCh38_CMRG_24710	0	0	0.000223
GRCh38_CMRG_24711	0	0	0.0
GRCh38_CMRG_24712	0	0	0.000669
GRCh38_CMRG_24714	0	0	0.0
GRCh38_CMRG_24720	0	0	0.022189
GRCh38_CMRG_24721	0	0	0.0
GRCh38_CMRG_24725	0	0	0.028973
GRCh38_CMRG_24728	0	0	0.0
GRCh38_CMRG_24733	0	0	0.481195
GRCh38_CMRG_24734	0	0	0.481195
GRCh38_CMRG_24735	0	0	0.003657
GRCh38_CMRG_24736	0	0	0.0
GRCh38_CMRG_24737	0	0	0.000303
GRCh38_CMRG_24745	0	0	0.382681
GRCh38_CMRG_24749	0	0	0.06623
GRCh38_CMRG_24750	0	0	0.07249
GRCh38_CMRG_24762	0	0	0.168332
GRCh38_CMRG_24770	0	0	0.460072
GRCh38_CMRG_24771	0	0	0.971192
GRCh38_CMRG_24772	0	0	0.005641
GRCh38_CMRG_24776	0	0	0.0
GRCh38_CMRG_24777	0	0	0.0
GRCh38_CMRG_24784	0	0	0.0
GRCh38_CMRG_24799	0	0	0.008593
GRCh38_CMRG_24802	0	0	0.155772
GRCh38_CMRG_24805	0	0	0.17868
GRCh38_CMRG_2481	0	0	0.0
GRCh38_CMRG_24811	0	0	0.0
GRCh38_CMRG_24812	0	0	0.0
GRCh38_CMRG_24814	0	0	0.0
GRCh38_CMRG_2482	0	0	0.0
GRCh38_CMRG_24828	0	0	0.226931
GRCh38_CMRG_24871	0	0	0.0
GRCh38_CMRG_24876	0	0	0.0
GRCh38_CMRG_2488	0	0	0.356623
GRCh38_CMRG_24890	0	0	0.076335
GRCh38_CMRG_24896	0	0	0.157196
GRCh38_CMRG_24902	0	0	5.1e-05
GRCh38_CMRG_24910	0	0	0.198793
GRCh38_CMRG_24929	0	0	0.0
GRCh38_CMRG_24939	0	0	0.2425
GRCh38_CMRG_24945	0	0	0.710181
GRCh38_CMRG_24950	0	0	0.000312
GRCh38_CMRG_24954	0	0	0.490412
GRCh38_CMRG_24955	0	0	0.001285
GRCh38_CMRG_24962	0	0	0.040269
GRCh38_CMRG_24987	0	0	0.239594
GRCh38_CMRG_24995	0	0	0.723532
GRCh38_CMRG_2500	0	0	0.857417
GRCh38_CMRG_25007	0	0	0.0
GRCh38_CMRG_25010	0	0	0.641828
GRCh38_CMRG_25016	0	0	4e-05
GRCh38_CMRG_25017	0	0	0.576359
GRCh38_CMRG_25019	0	0	0.826762
GRCh38_CMRG_25022	0	0	0.851032
GRCh38_CMRG_25027	0	0	0.042276
GRCh38_CMRG_25034	0	0	0.93428
GRCh38_CMRG_25041	0	0	0.973561
GRCh38_CMRG_25042	0	0	0.208062
GRCh38_CMRG_25044	0	0	0.251795
GRCh38_CMRG_25047	0	0	0.0
GRCh38_CMRG_25048	0	0	0.016922
GRCh38_CMRG_25049	0	0	0.016922
GRCh38_CMRG_25058	0	0	0.296341
GRCh38_CMRG_2506	0	0	0.000777
GRCh38_CMRG_25060	0	0	0.539863
GRCh38_CMRG_25061	0	0	0.012914
GRCh38_CMRG_25062	0	0	0.012914
GRCh38_CMRG_25063	0	0	0.0
GRCh38_CMRG_25064	0	0	1.6e-05
GRCh38_CMRG_25066	0	0	0.44
GRCh38_CMRG_2507	0	0	0.184934
GRCh38_CMRG_25093	0	0	0.0
GRCh38_CMRG_25095	0	0	0.027121
GRCh38_CMRG_25104	0	0	6.2e-05
GRCh38_CMRG_25111	0	0	8e-06
GRCh38_CMRG_25114	0	0	0.522079
GRCh38_CMRG_25118	0	0	0.0
GRCh38_CMRG_25119	0	0	0.0
GRCh38_CMRG_2512	0	0	4.8e-05
GRCh38_CMRG_25120	0	0	0.0
GRCh38_CMRG_25121	0	0	0.017328
GRCh38_CMRG_25122	0	0	0.017328
GRCh38_CMRG_25125	0	0	0.000231
GRCh38_CMRG_2513	0	0	4.8e-05
GRCh38_CMRG_25137	0	0	0.476049
GRCh38_CMRG_25138	0	0	0.0
GRCh38_CMRG_25145	0	0	0.322184
GRCh38_CMRG_25147	0	0	0.3533
GRCh38_CMRG_25160	0	0	0.902374
GRCh38_CMRG_25167	0	0	0.3951
GRCh38_CMRG_25168	0	0	0.3951
GRCh38_CMRG_2517	0	0	0.034629
GRCh38_CMRG_25189	0	0	0.280974
GRCh38_CMRG_25191	0	0	0.694968
GRCh38_CMRG_25193	0	0	0.0
GRCh38_CMRG_25195	0	0	0.667561
GRCh38_CMRG_25212	0	0	0.002498
GRCh38_CMRG_25213	0	0	0.0
GRCh38_CMRG_25214	0	0	0.000937
GRCh38_CMRG_25217	0	0	0.3525
GRCh38_CMRG_25229	0	0	0.470478
GRCh38_CMRG_25230	0	0	0.04836
GRCh38_CMRG_25231	0	0	0.071003
GRCh38_CMRG_25235	0	0	0.0
GRCh38_CMRG_25237	0	0	0.347347
GRCh38_CMRG_25238	0	0	0.0
GRCh38_CMRG_25244	0	0	0.403372
GRCh38_CMRG_25246	0	0	0.462934
GRCh38_CMRG_25247	0	0	0.462934
GRCh38_CMRG_25260	0	0	0.005391
GRCh38_CMRG_25269	0	0	0.478852
GRCh38_CMRG_25271	0	0	0.0
GRCh38_CMRG_25272	0	0	0.165925
GRCh38_CMRG_25277	0	0	0.350477
GRCh38_CMRG_25278	0	0	0.350477
GRCh38_CMRG_25280	0	0	0.0
GRCh38_CMRG_25282	0	0	0.0
GRCh38_CMRG_25285	0	0	0.0
GRCh38_CMRG_25300	0	0	0.0
GRCh38_CMRG_25333	0	0	0.421062
GRCh38_CMRG_25336	0	0	0.001619
GRCh38_CMRG_25337	0	0	0.001568
GRCh38_CMRG_25341	0	0	0.372966
GRCh38_CMRG_25343	0	0	0.0
GRCh38_CMRG_25350	0	0	0.0
GRCh38_CMRG_25360	0	0	0.649079
GRCh38_CMRG_25365	0	0	0.312461
GRCh38_CMRG_25366	0	0	0.0
GRCh38_CMRG_25374	0	0	0.000817
GRCh38_CMRG_25375	0	0	0.0
GRCh38_CMRG_25381	0	0	0.481679
GRCh38_CMRG_25382	0	0	0.504491
GRCh38_CMRG_25388	0	0	0.0
GRCh38_CMRG_25408	0	0	0.47
GRCh38_CMRG_25409	0	0	6.839e-05
GRCh38_CMRG_25410	0	0	0.4598
GRCh38_CMRG_25411	0	0	0.4591
GRCh38_CMRG_2545	0	0	0.333317
GRCh38_CMRG_2548	0	0	0.0
GRCh38_CMRG_2549	0	0	0.0
GRCh38_CMRG_2557	0	0	0.0
GRCh38_CMRG_25736	0	0	0.0
GRCh38_CMRG_25737	0	0	0.0
GRCh38_CMRG_25739	0	0	0.0
GRCh38_CMRG_25740	0	0	0.0
GRCh38_CMRG_25744	0	0	0.0
GRCh38_CMRG_25751	0	0	0.2014
GRCh38_CMRG_25767	0	0	0.120158
GRCh38_CMRG_2578	0	0	0.346035
GRCh38_CMRG_25782	0	0	0.0
GRCh38_CMRG_25792	0	0	2.4e-05
GRCh38_CMRG_25793	0	0	0.858668
GRCh38_CMRG_25799	0	0	0.16258
GRCh38_CMRG_2581	0	0	0.213346
GRCh38_CMRG_25810	0	0	0.891877
GRCh38_CMRG_25812	0	0	0.0
GRCh38_CMRG_25813	0	0	0.0
GRCh38_CMRG_25814	0	0	0.821986
GRCh38_CMRG_25821	0	0	0.0
GRCh38_CMRG_25826	0	0	0.210608
GRCh38_CMRG_25827	0	0	0.0
GRCh38_CMRG_25828	0	0	0.309926
GRCh38_CMRG_25829	0	0	0.0
GRCh38_CMRG_25833	0	0	0.0
GRCh38_CMRG_25834	0	0	0.0
GRCh38_CMRG_25838	0	0	8e-05
GRCh38_CMRG_2584	0	0	0.000367
GRCh38_CMRG_25844	0	0	0.0
GRCh38_CMRG_25853	0	0	0.0
GRCh38_CMRG_25857	0	0	0.4341
GRCh38_CMRG_25873	0	0	0.057944
GRCh38_CMRG_25882	0	0	0.867468
GRCh38_CMRG_25888	0	0	0.933167
GRCh38_CMRG_2589	0	0	0.5571
GRCh38_CMRG_25890	0	0	0.238093
GRCh38_CMRG_25891	0	0	0.104154
GRCh38_CMRG_25892	0	0	0.2279
GRCh38_CMRG_25907	0	0	0.467419
GRCh38_CMRG_2591	0	0	0.0
GRCh38_CMRG_25910	0	0	0.01486
GRCh38_CMRG_25916	0	0	0.0
GRCh38_CMRG_2592	0	0	0.777659
GRCh38_CMRG_25922	0	0	0.0
GRCh38_CMRG_25931	0	0	0.481353
GRCh38_CMRG_25935	0	0	0.0
GRCh38_CMRG_25936	0	0	0.0
GRCh38_CMRG_25954	0	0	0.001873
GRCh38_CMRG_25957	0	0	0.737041
GRCh38_CMRG_25961	0	0	0.053834
GRCh38_CMRG_25971	0	0	0.443563
GRCh38_CMRG_25972	0	0	3.2e-05
GRCh38_CMRG_25977	0	0	0.0
GRCh38_CMRG_25979	0	0	0.025867
GRCh38_CMRG_2598	0	0	0.0
GRCh38_CMRG_25985	0	0	0.201643
GRCh38_CMRG_25986	0	0	0.815802
GRCh38_CMRG_25995	0	0	0.375087
GRCh38_CMRG_26001	0	0	0.65991
GRCh38_CMRG_26005	0	0	3.2e-05
GRCh38_CMRG_26017	0	0	0.838341
GRCh38_CMRG_2602	0	0	0.0
GRCh38_CMRG_26038	0	0	0.0
GRCh38_CMRG_2607	0	0	0.0
GRCh38_CMRG_2608	0	0	0.0
GRCh38_CMRG_26082	0	0	0.501874
GRCh38_CMRG_2609	0	0	0.44925
GRCh38_CMRG_26090	0	0	0.000889
GRCh38_CMRG_26091	0	0	0.0
GRCh38_CMRG_2610	0	0	0.0
GRCh38_CMRG_2612	0	0	0.0
GRCh38_CMRG_2613	0	0	0.0
GRCh38_CMRG_26182	0	0	0.0
GRCh38_CMRG_26183	0	0	0.0
GRCh38_CMRG_26187	0	0	0.442565
GRCh38_CMRG_26191	0	0	0.0
GRCh38_CMRG_26213	0	0	0.204738
GRCh38_CMRG_26214	0	0	0.590981
GRCh38_CMRG_26216	0	0	0.001881
GRCh38_CMRG_26219	0	0	0.013942
GRCh38_CMRG_26226	0	0	0.86454
GRCh38_CMRG_26243	0	0	0.406389
GRCh38_CMRG_26245	0	0	0.356018
GRCh38_CMRG_26247	0	0	0.0
GRCh38_CMRG_2625	0	0	0.981201
GRCh38_CMRG_26269	0	0	0.451752
GRCh38_CMRG_2627	0	0	0.937559
GRCh38_CMRG_26270	0	0	0.618483
GRCh38_CMRG_26273	0	0	0.902747
GRCh38_CMRG_26279	0	0	0.329843
GRCh38_CMRG_2628	0	0	0.467541
GRCh38_CMRG_26288	0	0	0.046486
GRCh38_CMRG_26294	0	0	0.0
GRCh38_CMRG_26295	0	0	0.156582
GRCh38_CMRG_26306	0	0	0.852831
GRCh38_CMRG_26307	0	0	0.586366
GRCh38_CMRG_26325	0	0	0.626444
GRCh38_CMRG_26329	0	0	0.0
GRCh38_CMRG_26337	0	0	0.130494
GRCh38_CMRG_26349	0	0	0.0
GRCh38_CMRG_26350	0	0	0.0
GRCh38_CMRG_26364	0	0	0.592489
GRCh38_CMRG_26368	0	0	0.804246
GRCh38_CMRG_26369	0	0	0.73694
GRCh38_CMRG_2637	0	0	0.0
GRCh38_CMRG_26392	0	0	0.541504
GRCh38_CMRG_26399	0	0	0.694817
GRCh38_CMRG_26402	0	0	0.137215
GRCh38_CMRG_26405	0	0	0.920463
GRCh38_CMRG_26408	0	0	0.000214
GRCh38_CMRG_26410	0	0	0.0
GRCh38_CMRG_26411	0	0	0.0
GRCh38_CMRG_26432	0	0	0.0
GRCh38_CMRG_26438	0	0	0.0
GRCh38_CMRG_26450	0	0	0.255796
GRCh38_CMRG_26451	0	0	0.0
GRCh38_CMRG_26452	0	0	0.000119
GRCh38_CMRG_26469	0	0	0.895465
GRCh38_CMRG_26475	0	0	0.543709
GRCh38_CMRG_2648	0	0	0.0
GRCh38_CMRG_26483	0	0	0.283853
GRCh38_CMRG_26484	0	0	0.754789
GRCh38_CMRG_26485	0	0	0.676904
GRCh38_CMRG_26491	0	0	0.752967
GRCh38_CMRG_26492	0	0	0.752967
GRCh38_CMRG_26493	0	0	0.0
GRCh38_CMRG_26504	0	0	0.616774
GRCh38_CMRG_26513	0	0	0.773262
GRCh38_CMRG_26515	0	0	0.843042
GRCh38_CMRG_26524	0	0	0.56885
GRCh38_CMRG_2653	0	0	0.0
GRCh38_CMRG_26532	0	0	0.0
GRCh38_CMRG_26545	0	0	0.0
GRCh38_CMRG_2655	0	0	0.0
GRCh38_CMRG_26553	0	0	0.506987
GRCh38_CMRG_26558	0	0	0.595391
GRCh38_CMRG_26570	0	0	0.313047
GRCh38_CMRG_2658	0	0	0.0
GRCh38_CMRG_26580	0	0	0.936594
GRCh38_CMRG_2659	0	0	0.342908
GRCh38_CMRG_26593	0	0	0.865815
GRCh38_CMRG_26599	0	0	0.5915
GRCh38_CMRG_2660	0	0	0.347263
GRCh38_CMRG_26610	0	0	0.148785
GRCh38_CMRG_26616	0	0	0.0
GRCh38_CMRG_26617	0	0	0.215959
GRCh38_CMRG_26621	0	0	0.394093
GRCh38_CMRG_26635	0	0	0.7177
GRCh38_CMRG_26644	0	0	0.042836
GRCh38_CMRG_26645	0	0	0.0
GRCh38_CMRG_26649	0	0	0.361617
GRCh38_CMRG_26651	0	0	0.017499
GRCh38_CMRG_26657	0	0	0.797804
GRCh38_CMRG_26660	0	0	0.0
GRCh38_CMRG_26667	0	0	0.214949
GRCh38_CMRG_26669	0	0	0.455999
GRCh38_CMRG_26671	0	0	0.0
GRCh38_CMRG_26676	0	0	0.0
GRCh38_CMRG_26678	0	0	0.936882
GRCh38_CMRG_2668	0	0	0.174266
GRCh38_CMRG_26680	0	0	0.0
GRCh38_CMRG_26686	0	0	0.608403
GRCh38_CMRG_26691	0	0	0.0
GRCh38_CMRG_26700	0	0	0.442152
GRCh38_CMRG_26701	0	0	0.0
GRCh38_CMRG_26703	0	0	9e-06
GRCh38_CMRG_26714	0	0	0.0
GRCh38_CMRG_26715	0	0	0.0
GRCh38_CMRG_26719	0	0	0.271267
GRCh38_CMRG_26725	0	0	0.760381
GRCh38_CMRG_26734	0	0	0.817146
GRCh38_CMRG_26735	0	0	0.669945
GRCh38_CMRG_2675	0	0	0.055791
GRCh38_CMRG_26752	0	0	0.724079
GRCh38_CMRG_26759	0	0	0.005282
GRCh38_CMRG_26777	0	0	0.054735
GRCh38_CMRG_26790	0	0	0.0
GRCh38_CMRG_26794	0	0	0.0
GRCh38_CMRG_26799	0	0	0.0
GRCh38_CMRG_26802	0	0	0.0
GRCh38_CMRG_26803	0	0	0.219003
GRCh38_CMRG_26804	0	0	0.452232
GRCh38_CMRG_2681	0	0	0.911248
GRCh38_CMRG_26811	0	0	0.0
GRCh38_CMRG_26814	0	0	0.008083
GRCh38_CMRG_26815	0	0	0.0
GRCh38_CMRG_26817	0	0	0.0
GRCh38_CMRG_26820	0	0	0.0
GRCh38_CMRG_26821	0	0	0.0
GRCh38_CMRG_26822	0	0	0.040162
GRCh38_CMRG_26852	0	0	8e-06
GRCh38_CMRG_26874	0	0	0.891976
GRCh38_CMRG_26889	0	0	0.0
GRCh38_CMRG_26890	0	0	0.0
GRCh38_CMRG_26896	0	0	0.427765
GRCh38_CMRG_26905	0	0	1.6e-05
GRCh38_CMRG_26906	0	0	1.6e-05
GRCh38_CMRG_26907	0	0	0.021693
GRCh38_CMRG_26910	0	0	0.177424
GRCh38_CMRG_26913	0	0	0.614112
GRCh38_CMRG_26917	0	0	0.891018
GRCh38_CMRG_2692	0	0	0.144708
GRCh38_CMRG_26921	0	0	0.653606
GRCh38_CMRG_26928	0	0	0.3167
GRCh38_CMRG_26929	0	0	0.398861
GRCh38_CMRG_26933	0	0	0.864015
GRCh38_CMRG_26938	0	0	0.111677
GRCh38_CMRG_26945	0	0	0.764787
GRCh38_CMRG_26952	0	0	0.0
GRCh38_CMRG_26953	0	0	0.0
GRCh38_CMRG_26956	0	0	0.185978
GRCh38_CMRG_2696	0	0	0.493082
GRCh38_CMRG_26962	0	0	0.615204
GRCh38_CMRG_26986	0	0	0.0
GRCh38_CMRG_26988	0	0	0.0
GRCh38_CMRG_26991	0	0	0.177315
GRCh38_CMRG_26998	0	0	0.046514
GRCh38_CMRG_26999	0	0	0.0
GRCh38_CMRG_27000	0	0	0.273063
GRCh38_CMRG_27001	0	0	0.188607
GRCh38_CMRG_27005	0	0	0.0
GRCh38_CMRG_27028	0	0	0.0
GRCh38_CMRG_27030	0	0	0.0
GRCh38_CMRG_27031	0	0	0.842605
GRCh38_CMRG_27037	0	0	0.674056
GRCh38_CMRG_27039	0	0	0.0
GRCh38_CMRG_27041	0	0	0.0
GRCh38_CMRG_27045	0	0	0.0
GRCh38_CMRG_27046	0	0	0.0
GRCh38_CMRG_27055	0	0	0.0
GRCh38_CMRG_27064	0	0	0.259392
GRCh38_CMRG_27065	0	0	0.160831
GRCh38_CMRG_27078	0	0	0.640223
GRCh38_CMRG_2708	0	0	0.0
GRCh38_CMRG_27080	0	0	0.0
GRCh38_CMRG_27084	0	0	0.018954
GRCh38_CMRG_27086	0	0	0.931
GRCh38_CMRG_27087	0	0	0.299044
GRCh38_CMRG_27089	0	0	0.54099
GRCh38_CMRG_2709	0	0	0.0
GRCh38_CMRG_27092	0	0	1.6e-05
GRCh38_CMRG_27098	0	0	0.0
GRCh38_CMRG_27101	0	0	0.779426
GRCh38_CMRG_27109	0	0	0.000791
GRCh38_CMRG_27113	0	0	0.0
GRCh38_CMRG_27122	0	0	0.140019
GRCh38_CMRG_27133	0	0	0.000143
GRCh38_CMRG_27143	0	0	0.0
GRCh38_CMRG_27147	0	0	0.485225
GRCh38_CMRG_27185	0	0	0.000262
GRCh38_CMRG_27188	0	0	0.05278
GRCh38_CMRG_27191	0	0	0.0
GRCh38_CMRG_27197	0	0	0.000325
GRCh38_CMRG_27199	0	0	0.426002
GRCh38_CMRG_2720	0	0	0.293
GRCh38_CMRG_27201	0	0	8.8e-05
GRCh38_CMRG_27205	0	0	0.645188
GRCh38_CMRG_27208	0	0	0.395254
GRCh38_CMRG_27218	0	0	0.386312
GRCh38_CMRG_27221	0	0	0.04381
GRCh38_CMRG_27238	0	0	1.1e-05
GRCh38_CMRG_27251	0	0	0.294503
GRCh38_CMRG_27256	0	0	0.00016
GRCh38_CMRG_27258	0	0	0.0
GRCh38_CMRG_27275	0	0	0.0
GRCh38_CMRG_27283	0	0	0.250547
GRCh38_CMRG_27312	0	0	0.374459
GRCh38_CMRG_27335	0	0	0.387708
GRCh38_CMRG_27337	0	0	0.990554
GRCh38_CMRG_27340	0	0	0.831512
GRCh38_CMRG_27343	0	0	0.0
GRCh38_CMRG_27356	0	0	0.0
GRCh38_CMRG_27369	0	0	0.100429
GRCh38_CMRG_27371	0	0	0.081568
GRCh38_CMRG_2739	0	0	0.0
GRCh38_CMRG_27392	0	0	0.0
GRCh38_CMRG_27393	0	0	8e-06
GRCh38_CMRG_27396	0	0	0.0
GRCh38_CMRG_27398	0	0	8e-06
GRCh38_CMRG_27400	0	0	0.33677
GRCh38_CMRG_27426	0	0	0.0
GRCh38_CMRG_27433	0	0	0.754782
GRCh38_CMRG_27440	0	0	0.002804
GRCh38_CMRG_27443	0	0	0.0
GRCh38_CMRG_27444	0	0	0.354043
GRCh38_CMRG_27455	0	0	0.0
GRCh38_CMRG_2746	0	0	0.312676
GRCh38_CMRG_2747	0	0	0.0
GRCh38_CMRG_27476	0	0	0.209281
GRCh38_CMRG_27485	0	0	0.266246
GRCh38_CMRG_27515	0	0	0.418618
GRCh38_CMRG_27516	0	0	9e-06
GRCh38_CMRG_27525	0	0	0.0
GRCh38_CMRG_27526	0	0	0.5547
GRCh38_CMRG_27541	0	0	0.539963
GRCh38_CMRG_27546	0	0	0.072276
GRCh38_CMRG_27552	0	0	0.5
GRCh38_CMRG_27562	0	0	0.077175
GRCh38_CMRG_27570	0	0	0.141995
GRCh38_CMRG_27571	0	0	0.420188
GRCh38_CMRG_27572	0	0	0.718856
GRCh38_CMRG_27574	0	0	0.305651
GRCh38_CMRG_27579	0	0	0.217208
GRCh38_CMRG_27591	0	0	0.88476
GRCh38_CMRG_27595	0	0	0.000925
GRCh38_CMRG_27596	0	0	0.0
GRCh38_CMRG_27610	0	0	0.272377
GRCh38_CMRG_27632	0	0	0.312129
GRCh38_CMRG_27636	0	0	0.0
GRCh38_CMRG_27641	0	0	0.000435
GRCh38_CMRG_27645	0	0	0.5
GRCh38_CMRG_27652	0	0	0.159694
GRCh38_CMRG_27655	0	0	0.952983
GRCh38_CMRG_27660	0	0	0.0
GRCh38_CMRG_27679	0	0	0.4683
GRCh38_CMRG_27681	0	0	0.141524
GRCh38_CMRG_2772	0	0	0.432838
GRCh38_CMRG_27725	0	0	0.810551
GRCh38_CMRG_27743	0	0	0.379181
GRCh38_CMRG_27748	0	0	0.001494
GRCh38_CMRG_2775	0	0	0.0
GRCh38_CMRG_27755	0	0	0.209422
GRCh38_CMRG_27758	0	0	0.754109
GRCh38_CMRG_2777	0	0	0.992969
GRCh38_CMRG_2778	0	0	0.0557
GRCh38_CMRG_27782	0	0	0.100519
GRCh38_CMRG_27788	0	0	0.0
GRCh38_CMRG_2779	0	0	0.483339
GRCh38_CMRG_27790	0	0	0.0
GRCh38_CMRG_27795	0	0	0.0
GRCh38_CMRG_2780	0	0	0.483339
GRCh38_CMRG_27805	0	0	0.0
GRCh38_CMRG_27825	0	0	0.205444
GRCh38_CMRG_27826	0	0	0.0
GRCh38_CMRG_27832	0	0	0.0
GRCh38_CMRG_27833	0	0	0.664872
GRCh38_CMRG_27836	0	0	0.411279
GRCh38_CMRG_27837	0	0	0.104642
GRCh38_CMRG_27846	0	0	0.0
GRCh38_CMRG_27859	0	0	0.512729
GRCh38_CMRG_27864	0	0	0.0
GRCh38_CMRG_27875	0	0	1.8e-05
GRCh38_CMRG_27876	0	0	0.0
GRCh38_CMRG_27879	0	0	0.387102
GRCh38_CMRG_27880	0	0	0.0
GRCh38_CMRG_27884	0	0	9e-06
GRCh38_CMRG_27907	0	0	0.802747
GRCh38_CMRG_27925	0	0	0.0
GRCh38_CMRG_27930	0	0	0.232907
GRCh38_CMRG_27931	0	0	0.778103
GRCh38_CMRG_2794	0	0	0.0
GRCh38_CMRG_27942	0	0	0.0
GRCh38_CMRG_27946	0	0	0.0
GRCh38_CMRG_27960	0	0	0.001932
GRCh38_CMRG_27968	0	0	0.0
GRCh38_CMRG_2797	0	0	0.64488
GRCh38_CMRG_27981	0	0	0.184567
GRCh38_CMRG_27982	0	0	0.184567
GRCh38_CMRG_27986	0	0	0.729927
GRCh38_CMRG_28000	0	0	9e-06
GRCh38_CMRG_28001	0	0	0.0
GRCh38_CMRG_28003	0	0	0.42942
GRCh38_CMRG_28005	0	0	0.0
GRCh38_CMRG_28008	0	0	0.291087
GRCh38_CMRG_28036	0	0	0.0
GRCh38_CMRG_28041	0	0	0.492881
GRCh38_CMRG_28050	0	0	1.7e-05
GRCh38_CMRG_28052	0	0	0.007348
GRCh38_CMRG_28055	0	0	0.0
GRCh38_CMRG_28056	0	0	0.000468
GRCh38_CMRG_28059	0	0	0.0
GRCh38_CMRG_28061	0	0	0.08196
GRCh38_CMRG_28062	0	0	0.0
GRCh38_CMRG_28070	0	0	0.0
GRCh38_CMRG_28071	0	0	0.0
GRCh38_CMRG_28081	0	0	0.0
GRCh38_CMRG_28082	0	0	0.008026
GRCh38_CMRG_28083	0	0	0.015372
GRCh38_CMRG_28085	0	0	0.0
GRCh38_CMRG_28089	0	0	0.583385
GRCh38_CMRG_28096	0	0	0.0
GRCh38_CMRG_28099	0	0	0.0
GRCh38_CMRG_28100	0	0	0.008294
GRCh38_CMRG_28101	0	0	0.034638
GRCh38_CMRG_28102	0	0	2.4e-05
GRCh38_CMRG_28103	0	0	0.0
GRCh38_CMRG_28109	0	0	0.0
GRCh38_CMRG_28111	0	0	0.218516
GRCh38_CMRG_28116	0	0	0.074825
GRCh38_CMRG_28124	0	0	0.0
GRCh38_CMRG_2813	0	0	0.001873
GRCh38_CMRG_2814	0	0	0.001873
GRCh38_CMRG_28157	0	0	0.0
GRCh38_CMRG_28161	0	0	0.0
GRCh38_CMRG_28164	0	0	7.2e-05
GRCh38_CMRG_28165	0	0	0.164897
GRCh38_CMRG_28168	0	0	0.0
GRCh38_CMRG_2817	0	0	0.000496
GRCh38_CMRG_28173	0	0	0.5667
GRCh38_CMRG_28175	0	0	0.240062
GRCh38_CMRG_2818	0	0	0.000496
GRCh38_CMRG_28180	0	0	0.330106
GRCh38_CMRG_28204	0	0	0.0
GRCh38_CMRG_28215	0	0	0.0
GRCh38_CMRG_28220	0	0	0.0
GRCh38_CMRG_28221	0	0	0.0
GRCh38_CMRG_28227	0	0	0.0
GRCh38_CMRG_28228	0	0	0.0
GRCh38_CMRG_28229	0	0	0.0
GRCh38_CMRG_28230	0	0	0.0
GRCh38_CMRG_28231	0	0	0.0
GRCh38_CMRG_28236	0	0	0.0
GRCh38_CMRG_28237	0	0	0.0
GRCh38_CMRG_2825	0	0	0.0
GRCh38_CMRG_28254	0	0	0.357946
GRCh38_CMRG_28259	0	0	0.0
GRCh38_CMRG_28261	0	0	0.0
GRCh38_CMRG_28268	0	0	0.2857
GRCh38_CMRG_28269	0	0	8.6e-05
GRCh38_CMRG_28270	0	0	8.6e-05
GRCh38_CMRG_28274	0	0	0.0
GRCh38_CMRG_28275	0	0	0.350926
GRCh38_CMRG_28283	0	0	0.0
GRCh38_CMRG_2829	0	0	0.20264
GRCh38_CMRG_28290	0	0	0.1624
GRCh38_CMRG_28304	0	0	0.05016
GRCh38_CMRG_28310	0	0	0.0
GRCh38_CMRG_28312	0	0	0.0
GRCh38_CMRG_28327	0	0	3.2e-05
GRCh38_CMRG_28329	0	0	0.0
GRCh38_CMRG_2833	0	0	0.303404
GRCh38_CMRG_28330	0	0	0.0
GRCh38_CMRG_28331	0	0	0.0
GRCh38_CMRG_28332	0	0	0.0
GRCh38_CMRG_28333	0	0	0.000111
GRCh38_CMRG_28335	0	0	0.0
GRCh38_CMRG_28341	0	0	8e-06
GRCh38_CMRG_2836	0	0	0.0
GRCh38_CMRG_28384	0	0	0.0
GRCh38_CMRG_28385	0	0	0.0
GRCh38_CMRG_28386	0	0	0.014734
GRCh38_CMRG_28387	0	0	0.178182
GRCh38_CMRG_28391	0	0	0.715334
GRCh38_CMRG_28392	0	0	0.715334
GRCh38_CMRG_28398	0	0	0.0
GRCh38_CMRG_28405	0	0	0.0
GRCh38_CMRG_28407	0	0	0.0
GRCh38_CMRG_28408	0	0	0.0
GRCh38_CMRG_28409	0	0	0.574618
GRCh38_CMRG_28410	0	0	0.429263
GRCh38_CMRG_28411	0	0	0.0
GRCh38_CMRG_28412	0	0	0.0
GRCh38_CMRG_28413	0	0	0.019304
GRCh38_CMRG_28422	0	0	0.372362
GRCh38_CMRG_28423	0	0	0.0
GRCh38_CMRG_28426	0	0	0.0
GRCh38_CMRG_28436	0	0	0.0
GRCh38_CMRG_28458	0	0	0.0
GRCh38_CMRG_28459	0	0	0.0
GRCh38_CMRG_2846	0	0	0.295504
GRCh38_CMRG_28474	0	0	0.0
GRCh38_CMRG_28475	0	0	0.0
GRCh38_CMRG_28479	0	0	0.0
GRCh38_CMRG_2848	0	0	0.61966
GRCh38_CMRG_28482	0	0	0.0
GRCh38_CMRG_28483	0	0	0.400219
GRCh38_CMRG_28484	0	0	0.0
GRCh38_CMRG_28487	0	0	0.257311
GRCh38_CMRG_28497	0	0	0.881674
GRCh38_CMRG_28498	0	0	0.0
GRCh38_CMRG_28502	0	0	0.037397
GRCh38_CMRG_28504	0	0	0.000444
GRCh38_CMRG_28520	0	0	0.0
GRCh38_CMRG_28528	0	0	0.697434
GRCh38_CMRG_28536	0	0	0.0
GRCh38_CMRG_28547	0	0	0.000781
GRCh38_CMRG_28548	0	0	0.0
GRCh38_CMRG_28549	0	0	0.0
GRCh38_CMRG_28550	0	0	0.0
GRCh38_CMRG_28551	0	0	0.0
GRCh38_CMRG_28552	0	0	0.0
GRCh38_CMRG_28553	0	0	0.0
GRCh38_CMRG_28554	0	0	0.0
GRCh38_CMRG_28555	0	0	0.0
GRCh38_CMRG_28556	0	0	0.0
GRCh38_CMRG_28557	0	0	0.0
GRCh38_CMRG_28559	0	0	0.000397
GRCh38_CMRG_28560	0	0	0.0
GRCh38_CMRG_28565	0	0	0.0
GRCh38_CMRG_28584	0	0	0.909784
GRCh38_CMRG_28594	0	0	0.0
GRCh38_CMRG_28595	0	0	2.4e-05
GRCh38_CMRG_28607	0	0	0.756634
GRCh38_CMRG_28612	0	0	0.0
GRCh38_CMRG_28613	0	0	0.512648
GRCh38_CMRG_2862	0	0	0.566521
GRCh38_CMRG_28628	0	0	0.103768
GRCh38_CMRG_28629	0	0	0.000171
GRCh38_CMRG_28630	0	0	0.0
GRCh38_CMRG_28631	0	0	0.0
GRCh38_CMRG_28635	0	0	0.86932
GRCh38_CMRG_28639	0	0	0.0
GRCh38_CMRG_2864	0	0	0.0
GRCh38_CMRG_28642	0	0	0.763429
GRCh38_CMRG_28659	0	0	0.0
GRCh38_CMRG_28677	0	0	0.32497
GRCh38_CMRG_2868	0	0	0.153833
GRCh38_CMRG_28683	0	0	0.003231
GRCh38_CMRG_28684	0	0	0.285788
GRCh38_CMRG_2869	0	0	0.721979
GRCh38_CMRG_28695	0	0	0.947376
GRCh38_CMRG_28696	0	0	0.006015
GRCh38_CMRG_28700	0	0	0.382142
GRCh38_CMRG_28701	0	0	0.0
GRCh38_CMRG_28719	0	0	0.0
GRCh38_CMRG_28724	0	0	0.656884
GRCh38_CMRG_28725	0	0	0.0
GRCh38_CMRG_28727	0	0	0.000344
GRCh38_CMRG_28728	0	0	0.642099
GRCh38_CMRG_28729	0	0	0.642099
GRCh38_CMRG_2873	0	0	0.236259
GRCh38_CMRG_2874	0	0	0.0
GRCh38_CMRG_28747	0	0	0.839994
GRCh38_CMRG_28750	0	0	0.48085
GRCh38_CMRG_28773	0	0	0.969607
GRCh38_CMRG_28774	0	0	0.912155
GRCh38_CMRG_28781	0	0	0.89147
GRCh38_CMRG_28804	0	0	2.4e-05
GRCh38_CMRG_28805	0	0	0.0
GRCh38_CMRG_28824	0	0	0.0
GRCh38_CMRG_28826	0	0	0.0
GRCh38_CMRG_28832	0	0	0.016941
GRCh38_CMRG_2884	0	0	0.610843
GRCh38_CMRG_28841	0	0	0.353202
GRCh38_CMRG_28864	0	0	0.7314
GRCh38_CMRG_2888	0	0	0.289728
GRCh38_CMRG_28889	0	0	0.0
GRCh38_CMRG_28890	0	0	0.0
GRCh38_CMRG_28907	0	0	0.052018
GRCh38_CMRG_28919	0	0	0.659582
GRCh38_CMRG_28955	0	0	0.0
GRCh38_CMRG_28965	0	0	0.430958
GRCh38_CMRG_28975	0	0	4e-05
GRCh38_CMRG_28976	0	0	0.492663
GRCh38_CMRG_28986	0	0	0.134465
GRCh38_CMRG_28989	0	0	0.652745
GRCh38_CMRG_28998	0	0	0.732591
GRCh38_CMRG_29005	0	0	0.632064
GRCh38_CMRG_2901	0	0	0.0
GRCh38_CMRG_29019	0	0	0.0
GRCh38_CMRG_29020	0	0	0.028707
GRCh38_CMRG_29024	0	0	2.4e-05
GRCh38_CMRG_29025	0	0	0.00012
GRCh38_CMRG_29034	0	0	0.990639
GRCh38_CMRG_29050	0	0	0.115084
GRCh38_CMRG_29056	0	0	0.0
GRCh38_CMRG_29059	0	0	0.89837
GRCh38_CMRG_29076	0	0	0.344411
GRCh38_CMRG_29080	0	0	0.243209
GRCh38_CMRG_29084	0	0	0.0
GRCh38_CMRG_29085	0	0	0.0
GRCh38_CMRG_29090	0	0	0.434705
GRCh38_CMRG_29092	0	0	0.004915
GRCh38_CMRG_29117	0	0	0.725796
GRCh38_CMRG_29118	0	0	0.000183
GRCh38_CMRG_29119	0	0	0.000183
GRCh38_CMRG_29126	0	0	0.002408
GRCh38_CMRG_29130	0	0	0.007722
GRCh38_CMRG_29131	0	0	0.027273
GRCh38_CMRG_29134	0	0	0.032313
GRCh38_CMRG_29150	0	0	0.131764
GRCh38_CMRG_29156	0	0	0.004013
GRCh38_CMRG_29162	0	0	0.0
GRCh38_CMRG_29163	0	0	0.0
GRCh38_CMRG_29164	0	0	0.0
GRCh38_CMRG_29165	0	0	0.0
GRCh38_CMRG_29182	0	0	0.291237
GRCh38_CMRG_2919	0	0	0.859084
GRCh38_CMRG_29196	0	0	0.667841
GRCh38_CMRG_29197	0	0	0.002578
GRCh38_CMRG_2920	0	0	0.110244
GRCh38_CMRG_29200	0	0	0.0
GRCh38_CMRG_29209	0	0	0.0
GRCh38_CMRG_29213	0	0	0.079179
GRCh38_CMRG_29215	0	0	0.105798
GRCh38_CMRG_29216	0	0	0.57904
GRCh38_CMRG_29217	0	0	0.001174
GRCh38_CMRG_29221	0	0	0.930356
GRCh38_CMRG_29226	0	0	0.034692
GRCh38_CMRG_29227	0	0	0.0
GRCh38_CMRG_29228	0	0	0.620666
GRCh38_CMRG_29230	0	0	3.3e-05
GRCh38_CMRG_29233	0	0	0.789481
GRCh38_CMRG_29235	0	0	0.474613
GRCh38_CMRG_29236	0	0	0.474613
GRCh38_CMRG_29259	0	0	0.00318
GRCh38_CMRG_29264	0	0	0.0
GRCh38_CMRG_29265	0	0	0.004493
GRCh38_CMRG_29272	0	0	0.126643
GRCh38_CMRG_29278	0	0	8e-06
GRCh38_CMRG_29279	0	0	0.000156
GRCh38_CMRG_2928	0	0	0.0
GRCh38_CMRG_29280	0	0	0.000156
GRCh38_CMRG_29281	0	0	0.0
GRCh38_CMRG_29292	0	0	0.080697
GRCh38_CMRG_29294	0	0	0.294503
GRCh38_CMRG_29296	0	0	0.889756
GRCh38_CMRG_29302	0	0	0.558245
GRCh38_CMRG_29309	0	0	0.0
GRCh38_CMRG_29311	0	0	0.0
GRCh38_CMRG_29319	0	0	0.0
GRCh38_CMRG_29323	0	0	0.0
GRCh38_CMRG_29329	0	0	0.0
GRCh38_CMRG_29334	0	0	0.5
GRCh38_CMRG_29339	0	0	2.4e-05
GRCh38_CMRG_29342	0	0	0.533653
GRCh38_CMRG_29347	0	0	0.0
GRCh38_CMRG_29359	0	0	0.7594
GRCh38_CMRG_29362	0	0	0.605872
GRCh38_CMRG_29368	0	0	0.510532
GRCh38_CMRG_2943	0	0	0.113035
GRCh38_CMRG_2946	0	0	0.002051
GRCh38_CMRG_2948	0	0	0.239343
GRCh38_CMRG_29481	0	0	0.232506
GRCh38_CMRG_29482	0	0	0.0
GRCh38_CMRG_29483	0	0	0.092591
GRCh38_CMRG_29486	0	0	0.5707
GRCh38_CMRG_29488	0	0	0.5712
GRCh38_CMRG_29491	0	0	0.232506
GRCh38_CMRG_29492	0	0	0.0
GRCh38_CMRG_29496	0	0	0.044145
GRCh38_CMRG_29498	0	0	0.60615
GRCh38_CMRG_29504	0	0	0.733123
GRCh38_CMRG_29505	0	0	0.557302
GRCh38_CMRG_29506	0	0	0.557302
GRCh38_CMRG_29509	0	0	0.747424
GRCh38_CMRG_29510	0	0	0.058868
GRCh38_CMRG_29512	0	0	0.638663
GRCh38_CMRG_29513	0	0	0.23569
GRCh38_CMRG_29517	0	0	0.039262
GRCh38_CMRG_29520	0	0	0.41024
GRCh38_CMRG_29530	0	0	0.034663
GRCh38_CMRG_29534	0	0	0.413335
GRCh38_CMRG_29538	0	0	0.0
GRCh38_CMRG_29556	0	0	0.0
GRCh38_CMRG_29557	0	0	0.4782
GRCh38_CMRG_29562	0	0	0.0
GRCh38_CMRG_29568	0	0	0.648611
GRCh38_CMRG_2957	0	0	0.0
GRCh38_CMRG_29577	0	0	0.157496
GRCh38_CMRG_29585	0	0	0.0
GRCh38_CMRG_29609	0	0	0.295284
GRCh38_CMRG_29610	0	0	0.295284
GRCh38_CMRG_29615	0	0	0.0
GRCh38_CMRG_29616	0	0	0.0
GRCh38_CMRG_29620	0	0	0.0
GRCh38_CMRG_29635	0	0	0.924932
GRCh38_CMRG_29654	0	0	0.0
GRCh38_CMRG_29655	0	0	0.0
GRCh38_CMRG_29657	0	0	0.0
GRCh38_CMRG_29659	0	0	0.034964
GRCh38_CMRG_29660	0	0	0.034964
GRCh38_CMRG_29684	0	0	0.693065
GRCh38_CMRG_29693	0	0	0.656406
GRCh38_CMRG_29701	0	0	0.025918
GRCh38_CMRG_29703	0	0	0.0
GRCh38_CMRG_29718	0	0	0.512644
GRCh38_CMRG_29746	0	0	0.0
GRCh38_CMRG_29748	0	0	0.0
GRCh38_CMRG_29773	0	0	0.622385
GRCh38_CMRG_29776	0	0	0.0
GRCh38_CMRG_29793	0	0	0.0
GRCh38_CMRG_29795	0	0	0.0
GRCh38_CMRG_29798	0	0	0.321207
GRCh38_CMRG_29801	0	0	0.632215
GRCh38_CMRG_29802	0	0	0.011408
GRCh38_CMRG_29814	0	0	0.415096
GRCh38_CMRG_29865	0	0	7.6e-05
GRCh38_CMRG_29871	0	0	0.0
GRCh38_CMRG_29880	0	0	0.0
GRCh38_CMRG_29885	0	0	0.234591
GRCh38_CMRG_29894	0	0	0.573621
GRCh38_CMRG_29899	0	0	0.33401
GRCh38_CMRG_29908	0	0	0.3125
GRCh38_CMRG_29912	0	0	0.599594
GRCh38_CMRG_29915	0	0	0.93102
GRCh38_CMRG_29919	0	0	0.435563
GRCh38_CMRG_29931	0	0	0.00049
GRCh38_CMRG_29948	0	0	0.705341
GRCh38_CMRG_29956	0	0	0.0
GRCh38_CMRG_29968	0	0	0.0
GRCh38_CMRG_29976	0	0	0.0
GRCh38_CMRG_29983	0	0	0.0
GRCh38_CMRG_29987	0	0	0.0
GRCh38_CMRG_29988	0	0	0.0
GRCh38_CMRG_29989	0	0	0.944873
GRCh38_CMRG_29994	0	0	0.348779
GRCh38_CMRG_29995	0	0	0.048109
GRCh38_CMRG_29996	0	0	0.928886
GRCh38_CMRG_30005	0	0	0.158182
GRCh38_CMRG_30007	0	0	0.460156
GRCh38_CMRG_30009	0	0	0.159538
GRCh38_CMRG_30013	0	0	0.0
GRCh38_CMRG_30016	0	0	0.0
GRCh38_CMRG_30027	0	0	8e-06
GRCh38_CMRG_30030	0	0	0.200848
GRCh38_CMRG_30042	0	0	0.723121
GRCh38_CMRG_30045	0	0	0.591661
GRCh38_CMRG_3006	0	0	0.0
GRCh38_CMRG_3007	0	0	0.001249
GRCh38_CMRG_3008	0	0	0.001249
GRCh38_CMRG_3009	0	0	0.0
GRCh38_CMRG_30553	0	0	0.2618
GRCh38_CMRG_30555	0	0	0.0
GRCh38_CMRG_30559	0	0	0.0
GRCh38_CMRG_30561	0	0	0.0
GRCh38_CMRG_30593	0	0	0.0
GRCh38_CMRG_30594	0	0	0.0
GRCh38_CMRG_30596	0	0	0.0
GRCh38_CMRG_30597	0	0	0.1792
GRCh38_CMRG_30605	0	0	0.0
GRCh38_CMRG_30609	0	0	0.0
GRCh38_CMRG_30610	0	0	0.0
GRCh38_CMRG_30615	0	0	0.0
GRCh38_CMRG_30617	0	0	0.195874
GRCh38_CMRG_30636	0	0	0.232031
GRCh38_CMRG_30643	0	0	0.0
GRCh38_CMRG_30644	0	0	0.617114
GRCh38_CMRG_30645	0	0	0.246922
GRCh38_CMRG_30649	0	0	0.376976
GRCh38_CMRG_30652	0	0	0.540621
GRCh38_CMRG_30674	0	0	0.000974
GRCh38_CMRG_30678	0	0	0.0
GRCh38_CMRG_30679	0	0	0.803873
GRCh38_CMRG_30680	0	0	0.799435
GRCh38_CMRG_30686	0	0	0.247628
GRCh38_CMRG_30690	0	0	0.0
GRCh38_CMRG_30702	0	0	0.0
GRCh38_CMRG_30703	0	0	0.532513
GRCh38_CMRG_30712	0	0	0.002392
GRCh38_CMRG_30713	0	0	0.002392
GRCh38_CMRG_30735	0	0	1.7e-05
GRCh38_CMRG_30736	0	0	0.0
GRCh38_CMRG_30751	0	0	0.0
GRCh38_CMRG_30756	0	0	4.3e-05
GRCh38_CMRG_30778	0	0	0.0
GRCh38_CMRG_30781	0	0	0.257924
GRCh38_CMRG_30782	0	0	0.005212
GRCh38_CMRG_30801	0	0	0.436829
GRCh38_CMRG_30821	0	0	0.0
GRCh38_CMRG_30830	0	0	0.0
GRCh38_CMRG_30831	0	0	2.4e-05
GRCh38_CMRG_30833	0	0	0.0
GRCh38_CMRG_30836	0	0	0.780922
GRCh38_CMRG_30838	0	0	0.369822
GRCh38_CMRG_30849	0	0	0.110526
GRCh38_CMRG_30854	0	0	9.6e-05
GRCh38_CMRG_30855	0	0	0.000397
GRCh38_CMRG_30859	0	0	0.0
GRCh38_CMRG_30869	0	0	0.526143
GRCh38_CMRG_30874	0	0	0.0
GRCh38_CMRG_30888	0	0	0.822343
GRCh38_CMRG_30896	0	0	0.315762
GRCh38_CMRG_30898	0	0	0.79566
GRCh38_CMRG_30899	0	0	0.04913
GRCh38_CMRG_30901	0	0	0.471901
GRCh38_CMRG_30912	0	0	0.871371
GRCh38_CMRG_30922	0	0	0.007998
GRCh38_CMRG_30930	0	0	0.664599
GRCh38_CMRG_30939	0	0	0.479888
GRCh38_CMRG_30942	0	0	0.310125
GRCh38_CMRG_30943	0	0	0.212753
GRCh38_CMRG_3095	0	0	0.0
GRCh38_CMRG_30950	0	0	0.661513
GRCh38_CMRG_30955	0	0	1e-05
GRCh38_CMRG_30962	0	0	0.0
GRCh38_CMRG_30963	0	0	1.7e-05
GRCh38_CMRG_30966	0	0	0.008699
GRCh38_CMRG_30967	0	0	0.0
GRCh38_CMRG_30973	0	0	0.016196
GRCh38_CMRG_30984	0	0	0.0
GRCh38_CMRG_31010	0	0	0.048522
GRCh38_CMRG_31012	0	0	0.048522
GRCh38_CMRG_31013	0	0	0.000444
GRCh38_CMRG_31020	0	0	6.3e-05
GRCh38_CMRG_31027	0	0	0.0
GRCh38_CMRG_31028	0	0	0.000934
GRCh38_CMRG_31035	0	0	5.6e-05
GRCh38_CMRG_31047	0	0	0.0
GRCh38_CMRG_31056	0	0	0.0
GRCh38_CMRG_31058	0	0	0.383576
GRCh38_CMRG_31083	0	0	0.853419
GRCh38_CMRG_31087	0	0	0.041509
GRCh38_CMRG_31100	0	0	0.674154
GRCh38_CMRG_31103	0	0	0.23233
GRCh38_CMRG_31110	0	0	0.879763
GRCh38_CMRG_31113	0	0	0.0
GRCh38_CMRG_31115	0	0	0.01638
GRCh38_CMRG_31129	0	0	0.34416
GRCh38_CMRG_31130	0	0	0.417455
GRCh38_CMRG_31131	0	0	0.0
GRCh38_CMRG_31135	0	0	0.10307
GRCh38_CMRG_31147	0	0	0.350605
GRCh38_CMRG_31153	0	0	0.0
GRCh38_CMRG_31160	0	0	0.537278
GRCh38_CMRG_31161	0	0	0.0
GRCh38_CMRG_31162	0	0	0.0
GRCh38_CMRG_31172	0	0	0.0
GRCh38_CMRG_31181	0	0	0.261293
GRCh38_CMRG_31186	0	0	0.761365
GRCh38_CMRG_31197	0	0	0.0
GRCh38_CMRG_31199	0	0	0.0
GRCh38_CMRG_31205	0	0	0.755081
GRCh38_CMRG_31206	0	0	0.357487
GRCh38_CMRG_31219	0	0	0.335684
GRCh38_CMRG_31223	0	0	0.375956
GRCh38_CMRG_31226	0	0	0.39519
GRCh38_CMRG_31227	0	0	0.475496
GRCh38_CMRG_31229	0	0	0.0
GRCh38_CMRG_31230	0	0	0.0
GRCh38_CMRG_31237	0	0	0.0
GRCh38_CMRG_31241	0	0	0.471721
GRCh38_CMRG_31242	0	0	0.773927
GRCh38_CMRG_31244	0	0	0.673329
GRCh38_CMRG_31261	0	0	0.226156
GRCh38_CMRG_31267	0	0	0.000514
GRCh38_CMRG_31268	0	0	0.000514
GRCh38_CMRG_31275	0	0	0.0
GRCh38_CMRG_31280	0	0	0.220576
GRCh38_CMRG_31316	0	0	0.930378
GRCh38_CMRG_31321	0	0	0.752099
GRCh38_CMRG_31324	0	0	0.668036
GRCh38_CMRG_31331	0	0	8e-05
GRCh38_CMRG_31341	0	0	0.07062
GRCh38_CMRG_31354	0	0	0.0
GRCh38_CMRG_31358	0	0	0.0
GRCh38_CMRG_31378	0	0	0.180095
GRCh38_CMRG_31392	0	0	0.0
GRCh38_CMRG_31397	0	0	0.502185
GRCh38_CMRG_31405	0	0	9.5e-05
GRCh38_CMRG_31406	0	0	0.3671
GRCh38_CMRG_31408	0	0	0.67817
GRCh38_CMRG_31409	0	0	0.490702
GRCh38_CMRG_31418	0	0	0.0
GRCh38_CMRG_31421	0	0	0.0
GRCh38_CMRG_31422	0	0	0.0
GRCh38_CMRG_31423	0	0	0.0
GRCh38_CMRG_31425	0	0	0.178313
GRCh38_CMRG_31426	0	0	0.27084
GRCh38_CMRG_31431	0	0	0.916529
GRCh38_CMRG_31442	0	0	0.443676
GRCh38_CMRG_31448	0	0	0.0
GRCh38_CMRG_31456	0	0	0.545256
GRCh38_CMRG_31459	0	0	0.933591
GRCh38_CMRG_31465	0	0	0.0
GRCh38_CMRG_31466	0	0	0.0
GRCh38_CMRG_31467	0	0	0.797968
GRCh38_CMRG_31470	0	0	0.01607
GRCh38_CMRG_31471	0	0	0.116505
GRCh38_CMRG_31480	0	0	0.772207
GRCh38_CMRG_31482	0	0	0.0
GRCh38_CMRG_31483	0	0	0.0
GRCh38_CMRG_31484	0	0	0.0
GRCh38_CMRG_31490	0	0	0.0
GRCh38_CMRG_31491	0	0	0.979474
GRCh38_CMRG_31493	0	0	0.018132
GRCh38_CMRG_31517	0	0	0.0
GRCh38_CMRG_31526	0	0	0.000837
GRCh38_CMRG_31528	0	0	0.0
GRCh38_CMRG_31533	0	0	0.298002
GRCh38_CMRG_31536	0	0	0.0
GRCh38_CMRG_31540	0	0	0.0022
GRCh38_CMRG_31550	0	0	0.000313
GRCh38_CMRG_31555	0	0	0.000156
GRCh38_CMRG_31575	0	0	0.0
GRCh38_CMRG_31576	0	0	2.4e-05
GRCh38_CMRG_31581	0	0	0.0
GRCh38_CMRG_31605	0	0	0.0
GRCh38_CMRG_31608	0	0	0.056576
GRCh38_CMRG_31613	0	0	0.721152
GRCh38_CMRG_31627	0	0	0.514366
GRCh38_CMRG_31634	0	0	0.010084
GRCh38_CMRG_31654	0	0	0.610498
GRCh38_CMRG_31676	0	0	0.529347
GRCh38_CMRG_31681	0	0	0.758145
GRCh38_CMRG_31692	0	0	0.147032
GRCh38_CMRG_31698	0	0	0.901155
GRCh38_CMRG_31702	0	0	0.0
GRCh38_CMRG_31707	0	0	0.056096
GRCh38_CMRG_31715	0	0	0.878921
GRCh38_CMRG_31718	0	0	0.048676
GRCh38_CMRG_31720	0	0	3.2e-05
GRCh38_CMRG_31732	0	0	0.0
GRCh38_CMRG_31742	0	0	0.888523
GRCh38_CMRG_31745	0	0	0.980719
GRCh38_CMRG_31753	0	0	0.0
GRCh38_CMRG_31757	0	0	0.0
GRCh38_CMRG_31758	0	0	0.0
GRCh38_CMRG_31763	0	0	0.0
GRCh38_CMRG_31766	0	0	0.2558
GRCh38_CMRG_31767	0	0	0.00273
GRCh38_CMRG_31768	0	0	0.540066
GRCh38_CMRG_31796	0	0	0.464721
GRCh38_CMRG_31797	0	0	0.597193
GRCh38_CMRG_31802	0	0	0.310275
GRCh38_CMRG_31809	0	0	0.0
GRCh38_CMRG_31810	0	0	0.0
GRCh38_CMRG_31811	0	0	0.0
GRCh38_CMRG_31816	0	0	0.588477
GRCh38_CMRG_31831	0	0	0.001019
GRCh38_CMRG_31835	0	0	0.00027
GRCh38_CMRG_31837	0	0	0.418514
GRCh38_CMRG_31844	0	0	0.002888
GRCh38_CMRG_31846	0	0	0.0
GRCh38_CMRG_31849	0	0	0.041836
GRCh38_CMRG_31852	0	0	0.0
GRCh38_CMRG_31856	0	0	0.384917
GRCh38_CMRG_31870	0	0	1.6e-05
GRCh38_CMRG_31877	0	0	0.801686
GRCh38_CMRG_31888	0	0	0.0
GRCh38_CMRG_31889	0	0	0.0
GRCh38_CMRG_31892	0	0	0.6974
GRCh38_CMRG_31893	0	0	0.422039
GRCh38_CMRG_31895	0	0	0.313989
GRCh38_CMRG_31899	0	0	0.006349
GRCh38_CMRG_31900	0	0	0.0
GRCh38_CMRG_31907	0	0	0.691847
GRCh38_CMRG_31917	0	0	0.477677
GRCh38_CMRG_31920	0	0	0.012263
GRCh38_CMRG_31926	0	0	0.105904
GRCh38_CMRG_31935	0	0	0.82348
GRCh38_CMRG_31957	0	0	0.0
GRCh38_CMRG_31963	0	0	0.0
GRCh38_CMRG_31982	0	0	0.203345
GRCh38_CMRG_31984	0	0	0.68648
GRCh38_CMRG_31991	0	0	0.0
GRCh38_CMRG_31992	0	0	0.0
GRCh38_CMRG_31993	0	0	0.0
GRCh38_CMRG_31994	0	0	0.0
GRCh38_CMRG_31995	0	0	0.0
GRCh38_CMRG_32005	0	0	0.0953
GRCh38_CMRG_32009	0	0	0.721885
GRCh38_CMRG_32019	0	0	0.0
GRCh38_CMRG_32034	0	0	0.976183
GRCh38_CMRG_32046	0	0	0.111535
GRCh38_CMRG_32053	0	0	0.210643
GRCh38_CMRG_32066	0	0	0.083405
GRCh38_CMRG_32083	0	0	0.35675
GRCh38_CMRG_32101	0	0	0.480324
GRCh38_CMRG_32104	0	0	0.531
GRCh38_CMRG_32105	0	0	0.250516
GRCh38_CMRG_32106	0	0	0.439576
GRCh38_CMRG_32114	0	0	0.000217
GRCh38_CMRG_32115	0	0	0.368717
GRCh38_CMRG_32127	0	0	0.044879
GRCh38_CMRG_32128	0	0	0.0
GRCh38_CMRG_32129	0	0	0.0
GRCh38_CMRG_32138	0	0	0.320879
GRCh38_CMRG_32144	0	0	0.0
GRCh38_CMRG_32150	0	0	0.003962
GRCh38_CMRG_32157	0	0	0.713929
GRCh38_CMRG_32158	0	0	0.0
GRCh38_CMRG_32159	0	0	0.0
GRCh38_CMRG_32161	0	0	0.242152
GRCh38_CMRG_32163	0	0	0.508724
GRCh38_CMRG_32168	0	0	0.0
GRCh38_CMRG_32172	0	0	0.257898
GRCh38_CMRG_32180	0	0	0.858148
GRCh38_CMRG_32181	0	0	0.348482
GRCh38_CMRG_32184	0	0	0.058331
GRCh38_CMRG_32186	0	0	0.207609
GRCh38_CMRG_32189	0	0	1.6e-05
GRCh38_CMRG_32190	0	0	0.001717
GRCh38_CMRG_32193	0	0	0.351139
GRCh38_CMRG_32201	0	0	0.039638
GRCh38_CMRG_32218	0	0	0.000292
GRCh38_CMRG_32224	0	0	0.0
GRCh38_CMRG_32227	0	0	0.0
GRCh38_CMRG_32229	0	0	0.0
GRCh38_CMRG_32236	0	0	0.544191
GRCh38_CMRG_32239	0	0	0.0
GRCh38_CMRG_32257	0	0	0.0
GRCh38_CMRG_32259	0	0	0.0
GRCh38_CMRG_32282	0	0	0.0
GRCh38_CMRG_32289	0	0	0.0
GRCh38_CMRG_32301	0	0	0.0
GRCh38_CMRG_32304	0	0	0.0
GRCh38_CMRG_32320	0	0	0.243731
GRCh38_CMRG_32335	0	0	0.255993
GRCh38_CMRG_32338	0	0	0.890727
GRCh38_CMRG_32345	0	0	0.0
GRCh38_CMRG_32353	0	0	0.0
GRCh38_CMRG_32355	0	0	0.0
GRCh38_CMRG_32369	0	0	0.709069
GRCh38_CMRG_32370	0	0	0.503011
GRCh38_CMRG_32371	0	0	0.503011
GRCh38_CMRG_32381	0	0	0.3467
GRCh38_CMRG_32387	0	0	0.0
GRCh38_CMRG_32388	0	0	0.000247
GRCh38_CMRG_32389	0	0	0.294743
GRCh38_CMRG_32393	0	0	0.011417
GRCh38_CMRG_32396	0	0	0.599697
GRCh38_CMRG_32397	0	0	0.866163
GRCh38_CMRG_32412	0	0	0.441131
GRCh38_CMRG_32415	0	0	0.0
GRCh38_CMRG_32418	0	0	0.231814
GRCh38_CMRG_32421	0	0	0.0
GRCh38_CMRG_32422	0	0	0.0
GRCh38_CMRG_32436	0	0	0.0
GRCh38_CMRG_32438	0	0	0.207424
GRCh38_CMRG_32439	0	0	0.207424
GRCh38_CMRG_32452	0	0	0.0
GRCh38_CMRG_32453	0	0	0.0
GRCh38_CMRG_32454	0	0	1.0
GRCh38_CMRG_32455	0	0	0.0
GRCh38_CMRG_32463	0	0	0.000128
GRCh38_CMRG_32486	0	0	0.0
GRCh38_CMRG_32487	0	0	0.0
GRCh38_CMRG_32489	0	0	0.648391
GRCh38_CMRG_32493	0	0	3.2e-05
GRCh38_CMRG_32509	0	0	0.0
GRCh38_CMRG_32512	0	0	0.083096
GRCh38_CMRG_32514	0	0	0.0
GRCh38_CMRG_32517	0	0	0.0
GRCh38_CMRG_32521	0	0	0.365137
GRCh38_CMRG_32524	0	0	0.09297
GRCh38_CMRG_32527	0	0	0.000911
GRCh38_CMRG_32531	0	0	0.0
GRCh38_CMRG_32533	0	0	0.25972
GRCh38_CMRG_32541	0	0	0.00011
GRCh38_CMRG_32546	0	0	0.010498
GRCh38_CMRG_32549	0	0	0.014222
GRCh38_CMRG_32550	0	0	0.0
GRCh38_CMRG_32557	0	0	0.38554
GRCh38_CMRG_32559	0	0	0.0
GRCh38_CMRG_32560	0	0	0.0
GRCh38_CMRG_32567	0	0	0.18108
GRCh38_CMRG_32594	0	0	0.5652
GRCh38_CMRG_32604	0	0	0.0
GRCh38_CMRG_32623	0	0	0.0
GRCh38_CMRG_32624	0	0	0.0
GRCh38_CMRG_32626	0	0	0.382886
GRCh38_CMRG_32648	0	0	0.0
GRCh38_CMRG_32650	0	0	0.016311
GRCh38_CMRG_32651	0	0	2.5e-05
GRCh38_CMRG_32657	0	0	0.0
GRCh38_CMRG_32660	0	0	0.0
GRCh38_CMRG_32663	0	0	0.534917
GRCh38_CMRG_32667	0	0	0.393947
GRCh38_CMRG_32669	0	0	0.145967
GRCh38_CMRG_32672	0	0	0.21216
GRCh38_CMRG_32673	0	0	0.0
GRCh38_CMRG_32674	0	0	0.0
GRCh38_CMRG_32677	0	0	0.002401
GRCh38_CMRG_32679	0	0	0.0
GRCh38_CMRG_32681	0	0	0.0
GRCh38_CMRG_32682	0	0	0.001494
GRCh38_CMRG_32683	0	0	0.001494
GRCh38_CMRG_32684	0	0	0.000224
GRCh38_CMRG_32689	0	0	0.0
GRCh38_CMRG_32692	0	0	0.053707
GRCh38_CMRG_32696	0	0	0.0
GRCh38_CMRG_32700	0	0	0.0
GRCh38_CMRG_32708	0	0	0.0
GRCh38_CMRG_32709	0	0	0.000187
GRCh38_CMRG_32710	0	0	0.0
GRCh38_CMRG_32713	0	0	0.0
GRCh38_CMRG_32721	0	0	0.002661
GRCh38_CMRG_32722	0	0	0.0
GRCh38_CMRG_32723	0	0	0.0
GRCh38_CMRG_32733	0	0	0.0
GRCh38_CMRG_32755	0	0	0.012444
GRCh38_CMRG_32759	0	0	4e-05
GRCh38_CMRG_32782	0	0	0.0
GRCh38_CMRG_32783	0	0	0.0
GRCh38_CMRG_32784	0	0	0.0
GRCh38_CMRG_32785	0	0	0.0
GRCh38_CMRG_32799	0	0	0.0
GRCh38_CMRG_32805	0	0	8e-06
GRCh38_CMRG_32806	0	0	0.455352
GRCh38_CMRG_32807	0	0	0.0
GRCh38_CMRG_32812	0	0	0.0
GRCh38_CMRG_32819	0	0	0.0
GRCh38_CMRG_32847	0	0	0.0
GRCh38_CMRG_32848	0	0	0.0
GRCh38_CMRG_32852	0	0	0.462668
GRCh38_CMRG_32853	0	0	0.462668
GRCh38_CMRG_32855	0	0	0.0
GRCh38_CMRG_32856	0	0	0.0
GRCh38_CMRG_32860	0	0	0.009159
GRCh38_CMRG_32862	0	0	0.0
GRCh38_CMRG_32863	0	0	0.0
GRCh38_CMRG_32877	0	0	0.0
GRCh38_CMRG_32880	0	0	0.0
GRCh38_CMRG_32882	0	0	0.0
GRCh38_CMRG_32883	0	0	0.0
GRCh38_CMRG_32885	0	0	0.0
GRCh38_CMRG_32886	0	0	0.0
GRCh38_CMRG_32888	0	0	0.0
GRCh38_CMRG_32889	0	0	4e-05
GRCh38_CMRG_32890	0	0	0.0
GRCh38_CMRG_32895	0	0	0.0
GRCh38_CMRG_32900	0	0	0.0
GRCh38_CMRG_32903	0	0	0.006375
GRCh38_CMRG_32908	0	0	0.0
GRCh38_CMRG_32916	0	0	2.5e-05
GRCh38_CMRG_32928	0	0	0.961693
GRCh38_CMRG_32932	0	0	0.0
GRCh38_CMRG_32934	0	0	0.736195
GRCh38_CMRG_32941	0	0	0.503435
GRCh38_CMRG_32944	0	0	2.8e-05
GRCh38_CMRG_32945	0	0	0.0
GRCh38_CMRG_32986	0	0	0.0
GRCh38_CMRG_32988	0	0	0.1347
GRCh38_CMRG_32997	0	0	0.0
GRCh38_CMRG_33001	0	0	0.0
GRCh38_CMRG_33003	0	0	0.0
GRCh38_CMRG_33004	0	0	0.0
GRCh38_CMRG_33005	0	0	0.0
GRCh38_CMRG_33014	0	0	0.0
GRCh38_CMRG_33018	0	0	0.000346
GRCh38_CMRG_33019	0	0	0.0
GRCh38_CMRG_33020	0	0	0.0
GRCh38_CMRG_33022	0	0	0.0
GRCh38_CMRG_33027	0	0	0.318565
GRCh38_CMRG_33028	0	0	0.125057
GRCh38_CMRG_33037	0	0	0.443794
GRCh38_CMRG_33040	0	0	0.0
GRCh38_CMRG_33047	0	0	0.064392
GRCh38_CMRG_33048	0	0	0.4379
GRCh38_CMRG_33049	0	0	0.4379
GRCh38_CMRG_33065	0	0	0.0
GRCh38_CMRG_33071	0	0	0.0
GRCh38_CMRG_33073	0	0	1.6e-05
GRCh38_CMRG_33074	0	0	0.7784
GRCh38_CMRG_33078	0	0	0.306588
GRCh38_CMRG_33081	0	0	0.0
GRCh38_CMRG_33084	0	0	0.00058
GRCh38_CMRG_33086	0	0	0.0
GRCh38_CMRG_33088	0	0	0.021699
GRCh38_CMRG_33119	0	0	0.0
GRCh38_CMRG_33120	0	0	0.373712
GRCh38_CMRG_33121	0	0	0.373712
GRCh38_CMRG_33122	0	0	0.0
GRCh38_CMRG_33123	0	0	0.0
GRCh38_CMRG_33124	0	0	0.0
GRCh38_CMRG_33125	0	0	0.0
GRCh38_CMRG_33126	0	0	0.0
GRCh38_CMRG_33127	0	0	0.0
GRCh38_CMRG_33128	0	0	0.0
GRCh38_CMRG_33129	0	0	0.0
GRCh38_CMRG_33130	0	0	0.0
GRCh38_CMRG_33131	0	0	0.0
GRCh38_CMRG_33132	0	0	0.0
GRCh38_CMRG_33133	0	0	5.6e-05
GRCh38_CMRG_33134	0	0	0.438164
GRCh38_CMRG_33135	0	0	0.0
GRCh38_CMRG_33136	0	0	0.4368
GRCh38_CMRG_33139	0	0	0.0
GRCh38_CMRG_33140	0	0	0.013233
GRCh38_CMRG_33142	0	0	0.332347
GRCh38_CMRG_33143	0	0	0.016341
GRCh38_CMRG_33151	0	0	0.0
GRCh38_CMRG_33157	0	0	0.007091
GRCh38_CMRG_33162	0	0	9.5e-05
GRCh38_CMRG_33163	0	0	0.435274
GRCh38_CMRG_33164	0	0	0.435274
GRCh38_CMRG_33175	0	0	0.000937
GRCh38_CMRG_33176	0	0	0.0
GRCh38_CMRG_33177	0	0	0.0
GRCh38_CMRG_33182	0	0	0.0
GRCh38_CMRG_33185	0	0	0.066806
GRCh38_CMRG_33186	0	0	0.000119
GRCh38_CMRG_33208	0	0	0.0
GRCh38_CMRG_33211	0	0	0.0
GRCh38_CMRG_33213	0	0	0.271264
GRCh38_CMRG_33216	0	0	0.0
GRCh38_CMRG_33218	0	0	0.0
GRCh38_CMRG_33228	0	0	0.0
GRCh38_CMRG_33231	0	0	0.0
GRCh38_CMRG_33233	0	0	0.002511
GRCh38_CMRG_33236	0	0	0.0
GRCh38_CMRG_33237	0	0	0.0
GRCh38_CMRG_33253	0	0	0.0
GRCh38_CMRG_33255	0	0	0.347973
GRCh38_CMRG_33256	0	0	0.347973
GRCh38_CMRG_33261	0	0	0.0
GRCh38_CMRG_33265	0	0	0.208615
GRCh38_CMRG_33273	0	0	0.001723
GRCh38_CMRG_33276	0	0	0.0
GRCh38_CMRG_33278	0	0	0.246084
GRCh38_CMRG_33283	0	0	0.0
GRCh38_CMRG_33304	0	0	0.46576
GRCh38_CMRG_33305	0	0	0.0
GRCh38_CMRG_33306	0	0	0.0
GRCh38_CMRG_33310	0	0	0.008038
GRCh38_CMRG_33316	0	0	0.009099
GRCh38_CMRG_33317	0	0	0.012824
GRCh38_CMRG_33332	0	0	0.000333
GRCh38_CMRG_33338	0	0	0.0
GRCh38_CMRG_33340	0	0	0.000159
GRCh38_CMRG_33341	0	0	0.0
GRCh38_CMRG_33344	0	0	0.0
GRCh38_CMRG_33345	0	0	0.0
GRCh38_CMRG_33349	0	0	0.23267
GRCh38_CMRG_33356	0	0	0.530752
GRCh38_CMRG_33361	0	0	0.641679
GRCh38_CMRG_33366	0	0	0.0
GRCh38_CMRG_33368	0	0	0.342755
GRCh38_CMRG_33376	0	0	0.024379
GRCh38_CMRG_33380	0	0	0.0
GRCh38_CMRG_33382	0	0	0.0
GRCh38_CMRG_33383	0	0	0.0
GRCh38_CMRG_33387	0	0	0.0
GRCh38_CMRG_33389	0	0	0.0
GRCh38_CMRG_33390	0	0	0.000247
GRCh38_CMRG_33392	0	0	0.0
GRCh38_CMRG_33393	0	0	0.0
GRCh38_CMRG_33394	0	0	0.0
GRCh38_CMRG_33397	0	0	0.03058
GRCh38_CMRG_33398	0	0	0.03058
GRCh38_CMRG_33403	0	0	0.0
GRCh38_CMRG_33405	0	0	0.0
GRCh38_CMRG_33406	0	0	0.0
GRCh38_CMRG_33407	0	0	0.011445
GRCh38_CMRG_33408	0	0	0.0
GRCh38_CMRG_33411	0	0	0.0
GRCh38_CMRG_33412	0	0	0.062512
GRCh38_CMRG_33423	0	0	0.11174
GRCh38_CMRG_33424	0	0	0.0
GRCh38_CMRG_33429	0	0	0.0
GRCh38_CMRG_33430	0	0	0.0
GRCh38_CMRG_33433	0	0	0.0
GRCh38_CMRG_33434	0	0	0.0
GRCh38_CMRG_33437	0	0	0.011016
GRCh38_CMRG_33439	0	0	0.207716
GRCh38_CMRG_33441	0	0	0.231603
GRCh38_CMRG_33442	0	0	0.3823
GRCh38_CMRG_33444	0	0	0.0
GRCh38_CMRG_33445	0	0	0.0
GRCh38_CMRG_33448	0	0	0.0
GRCh38_CMRG_33449	0	0	0.4091
GRCh38_CMRG_33466	0	0	0.007072
GRCh38_CMRG_33491	0	0	0.0
GRCh38_CMRG_33493	0	0	0.01628
GRCh38_CMRG_33497	0	0	0.000159
GRCh38_CMRG_33498	0	0	0.0
GRCh38_CMRG_33506	0	0	0.0
GRCh38_CMRG_33507	0	0	0.000312
GRCh38_CMRG_33508	0	0	0.0
GRCh38_CMRG_33512	0	0	0.00332
GRCh38_CMRG_33516	0	0	0.06429
GRCh38_CMRG_33517	0	0	0.0
GRCh38_CMRG_33524	0	0	0.001072
GRCh38_CMRG_33529	0	0	0.006565
GRCh38_CMRG_33530	0	0	0.0
GRCh38_CMRG_33533	0	0	9e-06
GRCh38_CMRG_33534	0	0	0.0
GRCh38_CMRG_33537	0	0	0.0
GRCh38_CMRG_33543	0	0	0.0
GRCh38_CMRG_33556	0	0	0.008361
GRCh38_CMRG_33557	0	0	0.15681
GRCh38_CMRG_33560	0	0	0.288759
GRCh38_CMRG_33563	0	0	0.0
GRCh38_CMRG_33564	0	0	0.0
GRCh38_CMRG_33566	0	0	0.0
GRCh38_CMRG_33570	0	0	0.0
GRCh38_CMRG_33571	0	0	0.0
GRCh38_CMRG_33578	0	0	0.000252
GRCh38_CMRG_33579	0	0	0.0
GRCh38_CMRG_33585	0	0	0.24208
GRCh38_CMRG_33586	0	0	0.0
GRCh38_CMRG_33589	0	0	0.0
GRCh38_CMRG_33595	0	0	0.0
GRCh38_CMRG_33597	0	0	0.8262
GRCh38_CMRG_33607	0	0	0.001285
GRCh38_CMRG_33617	0	0	0.038887
GRCh38_CMRG_33620	0	0	0.047662
GRCh38_CMRG_33629	0	0	0.2669
GRCh38_CMRG_33634	0	0	0.0
GRCh38_CMRG_33635	0	0	0.0
GRCh38_CMRG_33638	0	0	0.3027
GRCh38_CMRG_33642	0	0	0.0
GRCh38_CMRG_33644	0	0	0.036203
GRCh38_CMRG_33656	0	0	0.124035
GRCh38_CMRG_33664	0	0	0.0
GRCh38_CMRG_33675	0	0	0.433557
GRCh38_CMRG_33676	0	0	0.433557
GRCh38_CMRG_33685	0	0	0.412117
GRCh38_CMRG_33708	0	0	0.017155
GRCh38_CMRG_33709	0	0	0.017155
GRCh38_CMRG_33727	0	0	0.0
GRCh38_CMRG_33730	0	0	0.618686
GRCh38_CMRG_33731	0	0	0.4929
GRCh38_CMRG_33748	0	0	0.308921
GRCh38_CMRG_33752	0	0	0.656035
GRCh38_CMRG_33754	0	0	0.0
GRCh38_CMRG_33770	0	0	0.816378
GRCh38_CMRG_33781	0	0	0.0
GRCh38_CMRG_33783	0	0	0.0
GRCh38_CMRG_33794	0	0	0.509367
GRCh38_CMRG_33800	0	0	0.605392
GRCh38_CMRG_33823	0	0	0.602872
GRCh38_CMRG_33841	0	0	0.427693
GRCh38_CMRG_33842	0	0	0.227405
GRCh38_CMRG_33854	0	0	0.193354
GRCh38_CMRG_33856	0	0	0.945351
GRCh38_CMRG_33857	0	0	0.232997
GRCh38_CMRG_33866	0	0	0.143628
GRCh38_CMRG_33867	0	0	0.0
GRCh38_CMRG_33868	0	0	0.0
GRCh38_CMRG_33869	0	0	0.0
GRCh38_CMRG_33871	0	0	0.0
GRCh38_CMRG_33872	0	0	0.274281
GRCh38_CMRG_33875	0	0	0.764687
GRCh38_CMRG_33876	0	0	0.767162
GRCh38_CMRG_33883	0	0	0.0
GRCh38_CMRG_33894	0	0	0.968889
GRCh38_CMRG_33898	0	0	0.0
GRCh38_CMRG_33899	0	0	0.0
GRCh38_CMRG_33900	0	0	0.523476
GRCh38_CMRG_33903	0	0	0.0
GRCh38_CMRG_33904	0	0	0.001723
GRCh38_CMRG_33905	0	0	0.0
GRCh38_CMRG_33906	0	0	0.0
GRCh38_CMRG_33910	0	0	0.00173
GRCh38_CMRG_33926	0	0	0.048407
GRCh38_CMRG_33932	0	0	0.433656
GRCh38_CMRG_33939	0	0	4.8e-05
GRCh38_CMRG_33945	0	0	0.886231
GRCh38_CMRG_33958	0	0	0.005388
GRCh38_CMRG_33959	0	0	0.005388
GRCh38_CMRG_33966	0	0	0.0
GRCh38_CMRG_33967	0	0	0.0
GRCh38_CMRG_33972	0	0	0.004943
GRCh38_CMRG_33976	0	0	0.1225
GRCh38_CMRG_33981	0	0	0.0
GRCh38_CMRG_33989	0	0	0.0
GRCh38_CMRG_33991	0	0	0.0
GRCh38_CMRG_33992	0	0	0.0
GRCh38_CMRG_34007	0	0	0.429145
GRCh38_CMRG_34014	0	0	0.211245
GRCh38_CMRG_34018	0	0	0.003791
GRCh38_CMRG_34020	0	0	0.714263
GRCh38_CMRG_34022	0	0	0.523267
GRCh38_CMRG_34023	0	0	0.054695
GRCh38_CMRG_34027	0	0	0.0
GRCh38_CMRG_34049	0	0	0.727627
GRCh38_CMRG_34051	0	0	0.000517
GRCh38_CMRG_34052	0	0	0.000517
GRCh38_CMRG_34059	0	0	0.000222
GRCh38_CMRG_34065	0	0	0.255975
GRCh38_CMRG_34068	0	0	0.043832
GRCh38_CMRG_34069	0	0	0.757727
GRCh38_CMRG_34084	0	0	0.664261
GRCh38_CMRG_34085	0	0	0.000161
GRCh38_CMRG_34088	0	0	0.881986
GRCh38_CMRG_34089	0	0	0.254997
GRCh38_CMRG_34090	0	0	0.021194
GRCh38_CMRG_34107	0	0	0.0
GRCh38_CMRG_34108	0	0	0.0
GRCh38_CMRG_34109	0	0	0.21752
GRCh38_CMRG_34112	0	0	0.0
GRCh38_CMRG_34113	0	0	0.0
GRCh38_CMRG_34132	0	0	0.482652
GRCh38_CMRG_34137	0	0	0.961057
GRCh38_CMRG_34144	0	0	0.365812
GRCh38_CMRG_34165	0	0	0.302947
GRCh38_CMRG_34174	0	0	0.0
GRCh38_CMRG_34181	0	0	0.0
GRCh38_CMRG_34183	0	0	0.0
GRCh38_CMRG_34184	0	0	0.141433
GRCh38_CMRG_34195	0	0	0.0
GRCh38_CMRG_34211	0	0	0.209803
GRCh38_CMRG_34215	0	0	0.0
GRCh38_CMRG_34229	0	0	0.757661
GRCh38_CMRG_34234	0	0	0.0
GRCh38_CMRG_34236	0	0	0.0
GRCh38_CMRG_34237	0	0	0.0
GRCh38_CMRG_34242	0	0	0.0
GRCh38_CMRG_34243	0	0	0.056945
GRCh38_CMRG_34253	0	0	0.0
GRCh38_CMRG_34254	0	0	0.051645
GRCh38_CMRG_34260	0	0	0.09358
GRCh38_CMRG_34270	0	0	0.57281
GRCh38_CMRG_34272	0	0	0.51146
GRCh38_CMRG_34273	0	0	0.878338
GRCh38_CMRG_34279	0	0	0.986855
GRCh38_CMRG_34287	0	0	0.299813
GRCh38_CMRG_34296	0	0	0.0
GRCh38_CMRG_34298	0	0	0.002406
GRCh38_CMRG_34299	0	0	0.002406
GRCh38_CMRG_34300	0	0	0.009997
GRCh38_CMRG_34301	0	0	0.009997
GRCh38_CMRG_34303	0	0	0.0
GRCh38_CMRG_34326	0	0	0.0
GRCh38_CMRG_34329	0	0	0.287254
GRCh38_CMRG_34331	0	0	0.4243
GRCh38_CMRG_34332	0	0	0.427028
GRCh38_CMRG_34340	0	0	0.452797
GRCh38_CMRG_34353	0	0	0.737362
GRCh38_CMRG_34365	0	0	0.89228
GRCh38_CMRG_34390	0	0	0.0
GRCh38_CMRG_34398	0	0	0.582098
GRCh38_CMRG_34426	0	0	0.0
GRCh38_CMRG_34427	0	0	0.0
GRCh38_CMRG_34444	0	0	0.827193
GRCh38_CMRG_34445	0	0	0.846045
GRCh38_CMRG_34469	0	0	0.0
GRCh38_CMRG_34471	0	0	0.0
GRCh38_CMRG_34474	0	0	0.263625
GRCh38_CMRG_34482	0	0	0.429582
GRCh38_CMRG_34488	0	0	0.0
GRCh38_CMRG_34490	0	0	0.0
GRCh38_CMRG_34491	0	0	0.0
GRCh38_CMRG_34492	0	0	0.0
GRCh38_CMRG_34493	0	0	0.0
GRCh38_CMRG_34494	0	0	0.475336
GRCh38_CMRG_34496	0	0	0.005622
GRCh38_CMRG_34508	0	0	0.174578
GRCh38_CMRG_34519	0	0	0.071027
GRCh38_CMRG_34522	0	0	0.3932
GRCh38_CMRG_34533	0	0	0.0
GRCh38_CMRG_34534	0	0	0.008724
GRCh38_CMRG_34537	0	0	0.145363
GRCh38_CMRG_34550	0	0	0.0
GRCh38_CMRG_34555	0	0	0.304752
GRCh38_CMRG_34558	0	0	0.000112
GRCh38_CMRG_34562	0	0	0.0
GRCh38_CMRG_34565	0	0	0.0
GRCh38_CMRG_34577	0	0	1.6e-05
GRCh38_CMRG_34584	0	0	0.407464
GRCh38_CMRG_34585	0	0	0.0
GRCh38_CMRG_34587	0	0	0.628674
GRCh38_CMRG_34594	0	0	0.0
GRCh38_CMRG_34600	0	0	0.0
GRCh38_CMRG_34602	0	0	0.0
GRCh38_CMRG_34623	0	0	0.397173
GRCh38_CMRG_34632	0	0	0.893343
GRCh38_CMRG_34633	0	0	0.546288
GRCh38_CMRG_34645	0	0	0.473765
GRCh38_CMRG_34661	0	0	0.077061
GRCh38_CMRG_34668	0	0	0.8801
GRCh38_CMRG_34674	0	0	0.080129
GRCh38_CMRG_34677	0	0	0.0
GRCh38_CMRG_34681	0	0	0.420855
GRCh38_CMRG_34695	0	0	0.011708
GRCh38_CMRG_34703	0	0	0.664687
GRCh38_CMRG_34706	0	0	0.0
GRCh38_CMRG_34709	0	0	0.22354
GRCh38_CMRG_34714	0	0	0.204007
GRCh38_CMRG_34719	0	0	0.0
GRCh38_CMRG_34721	0	0	0.43832
GRCh38_CMRG_34725	0	0	0.0
GRCh38_CMRG_34726	0	0	0.215517
GRCh38_CMRG_34727	0	0	2.4e-05
GRCh38_CMRG_34759	0	0	0.448825
GRCh38_CMRG_34765	0	0	0.296774
GRCh38_CMRG_34766	0	0	0.000468
GRCh38_CMRG_34769	0	0	0.0
GRCh38_CMRG_34786	0	0	0.567465
GRCh38_CMRG_34862	0	0	0.000781
GRCh38_CMRG_35540	0	0	0.0
GRCh38_CMRG_35542	0	0	0.0
GRCh38_CMRG_35543	0	0	0.0
GRCh38_CMRG_35550	0	0	0.0
GRCh38_CMRG_35551	0	0	0.0
GRCh38_CMRG_35552	0	0	0.0
GRCh38_CMRG_35553	0	0	0.0
GRCh38_CMRG_35554	0	0	0.0
GRCh38_CMRG_35555	0	0	0.0
GRCh38_CMRG_35556	0	0	0.0
GRCh38_CMRG_35557	0	0	0.0
GRCh38_CMRG_35558	0	0	0.0
GRCh38_CMRG_35559	0	0	0.0
GRCh38_CMRG_35560	0	0	0.0
GRCh38_CMRG_35610	0	0	0.004822
GRCh38_CMRG_35613	0	0	0.0
GRCh38_CMRG_35614	0	0	0.0
GRCh38_CMRG_35644	0	0	0.000156
GRCh38_CMRG_35654	0	0	0.949511
GRCh38_CMRG_35658	0	0	0.354432
GRCh38_CMRG_35660	0	0	0.0
GRCh38_CMRG_35681	0	0	0.0
GRCh38_CMRG_35685	0	0	0.5
GRCh38_CMRG_35686	0	0	0.0
GRCh38_CMRG_35687	0	0	0.275181
GRCh38_CMRG_35714	0	0	0.6362
GRCh38_CMRG_35723	0	0	0.216088
GRCh38_CMRG_35735	0	0	0.0
GRCh38_CMRG_35736	0	0	0.88113
GRCh38_CMRG_35762	0	0	0.0
GRCh38_CMRG_35781	0	0	0.275211
GRCh38_CMRG_35790	0	0	0.0
GRCh38_CMRG_35793	0	0	0.786161
GRCh38_CMRG_35817	0	0	0.0
GRCh38_CMRG_35832	0	0	0.0
GRCh38_CMRG_35833	0	0	0.000477
GRCh38_CMRG_35836	0	0	0.244458
GRCh38_CMRG_35837	0	0	0.0
GRCh38_CMRG_35854	0	0	0.0
GRCh38_CMRG_35856	0	0	0.0
GRCh38_CMRG_35860	0	0	0.1763
GRCh38_CMRG_35861	0	0	0.0
GRCh38_CMRG_35862	0	0	0.000714
GRCh38_CMRG_35865	0	0	0.899955
GRCh38_CMRG_35897	0	0	0.287148
GRCh38_CMRG_35900	0	0	0.064036
GRCh38_CMRG_35901	0	0	0.064036
GRCh38_CMRG_35915	0	0	0.521705
GRCh38_CMRG_35917	0	0	0.01078
GRCh38_CMRG_35926	0	0	0.598209
GRCh38_CMRG_35932	0	0	0.0
GRCh38_CMRG_35933	0	0	0.0
GRCh38_CMRG_35938	0	0	0.100063
GRCh38_CMRG_35939	0	0	0.100063
GRCh38_CMRG_35941	0	0	0.703154
GRCh38_CMRG_35948	0	0	0.0
GRCh38_CMRG_35956	0	0	0.634659
GRCh38_CMRG_35959	0	0	0.0
GRCh38_CMRG_35965	0	0	0.0
GRCh38_CMRG_35966	0	0	0.0
GRCh38_CMRG_35967	0	0	0.0
GRCh38_CMRG_35970	0	0	0.0
GRCh38_CMRG_35976	0	0	0.0
GRCh38_CMRG_35984	0	0	0.341917
GRCh38_CMRG_35988	0	0	0.330686
GRCh38_CMRG_36	0	0	0.0
GRCh38_CMRG_36001	0	0	1.6e-05
GRCh38_CMRG_36003	0	0	8e-06
GRCh38_CMRG_36010	0	0	0.0
GRCh38_CMRG_36013	0	0	0.495315
GRCh38_CMRG_36014	0	0	0.0
GRCh38_CMRG_36027	0	0	0.338665
GRCh38_CMRG_36030	0	0	0.0
GRCh38_CMRG_36034	0	0	0.107888
GRCh38_CMRG_36047	0	0	5.6e-05
GRCh38_CMRG_36048	0	0	5.6e-05
GRCh38_CMRG_36052	0	0	0.413658
GRCh38_CMRG_36053	0	0	0.5019
GRCh38_CMRG_36059	0	0	0.0
GRCh38_CMRG_36060	0	0	0.0
GRCh38_CMRG_36067	0	0	0.442945
GRCh38_CMRG_36072	0	0	0.613016
GRCh38_CMRG_36092	0	0	0.0
GRCh38_CMRG_36094	0	0	0.0
GRCh38_CMRG_36101	0	0	0.0
GRCh38_CMRG_36107	0	0	0.890873
GRCh38_CMRG_36132	0	0	0.869812
GRCh38_CMRG_36140	0	0	0.760225
GRCh38_CMRG_36141	0	0	0.142999
GRCh38_CMRG_36142	0	0	0.4244
GRCh38_CMRG_36149	0	0	0.476239
GRCh38_CMRG_36158	0	0	0.001114
GRCh38_CMRG_36171	0	0	0.223551
GRCh38_CMRG_36173	0	0	0.569521
GRCh38_CMRG_36176	0	0	0.082735
GRCh38_CMRG_36185	0	0	0.2313
GRCh38_CMRG_36186	0	0	0.923916
GRCh38_CMRG_36188	0	0	0.0
GRCh38_CMRG_36193	0	0	0.0
GRCh38_CMRG_36194	0	0	0.515766
GRCh38_CMRG_36195	0	0	0.831657
GRCh38_CMRG_36206	0	0	0.209626
GRCh38_CMRG_36213	0	0	0.0
GRCh38_CMRG_36228	0	0	0.0319
GRCh38_CMRG_36230	0	0	0.001249
GRCh38_CMRG_36246	0	0	0.836985
GRCh38_CMRG_36251	0	0	0.0
GRCh38_CMRG_36257	0	0	0.008593
GRCh38_CMRG_36261	0	0	0.820003
GRCh38_CMRG_36263	0	0	0.879787
GRCh38_CMRG_36266	0	0	0.0
GRCh38_CMRG_36289	0	0	0.0
GRCh38_CMRG_36290	0	0	0.641318
GRCh38_CMRG_36295	0	0	0.752766
GRCh38_CMRG_36301	0	0	0.501253
GRCh38_CMRG_36313	0	0	0.013496
GRCh38_CMRG_36314	0	0	0.884251
GRCh38_CMRG_36327	0	0	0.0
GRCh38_CMRG_36338	0	0	0.3408
GRCh38_CMRG_36340	0	0	0.177688
GRCh38_CMRG_36344	0	0	0.590986
GRCh38_CMRG_36353	0	0	0.0
GRCh38_CMRG_36354	0	0	0.0
GRCh38_CMRG_36366	0	0	0.760939
GRCh38_CMRG_36374	0	0	0.800457
GRCh38_CMRG_36378	0	0	0.947533
GRCh38_CMRG_36394	0	0	0.19232
GRCh38_CMRG_364	0	0	0.0
GRCh38_CMRG_36406	0	0	0.924744
GRCh38_CMRG_36420	0	0	0.000254
GRCh38_CMRG_36442	0	0	0.0045
GRCh38_CMRG_36447	0	0	0.0
GRCh38_CMRG_36448	0	0	8e-06
GRCh38_CMRG_36457	0	0	0.0
GRCh38_CMRG_36465	0	0	0.213341
GRCh38_CMRG_36473	0	0	2.4e-05
GRCh38_CMRG_36474	0	0	2.4e-05
GRCh38_CMRG_36492	0	0	0.0
GRCh38_CMRG_36493	0	0	0.0
GRCh38_CMRG_365	0	0	0.0
GRCh38_CMRG_36502	0	0	0.0
GRCh38_CMRG_36503	0	0	0.958634
GRCh38_CMRG_36522	0	0	0.999579
GRCh38_CMRG_36535	0	0	9e-05
GRCh38_CMRG_36537	0	0	0.004867
GRCh38_CMRG_36543	0	0	0.137753
GRCh38_CMRG_36546	0	0	0.5426
GRCh38_CMRG_36551	0	0	0.943177
GRCh38_CMRG_36553	0	0	0.0
GRCh38_CMRG_36560	0	0	0.15513
GRCh38_CMRG_36564	0	0	0.136471
GRCh38_CMRG_36565	0	0	0.55116
GRCh38_CMRG_36566	0	0	0.645069
GRCh38_CMRG_36573	0	0	0.0
GRCh38_CMRG_36574	0	0	0.5
GRCh38_CMRG_36575	0	0	0.465345
GRCh38_CMRG_36577	0	0	0.3394
GRCh38_CMRG_36583	0	0	0.05882
GRCh38_CMRG_36584	0	0	0.442895
GRCh38_CMRG_36589	0	0	0.0
GRCh38_CMRG_366	0	0	0.0
GRCh38_CMRG_36607	0	0	0.35831
GRCh38_CMRG_36630	0	0	0.0
GRCh38_CMRG_36631	0	0	0.0
GRCh38_CMRG_36643	0	0	0.0
GRCh38_CMRG_36644	0	0	0.0
GRCh38_CMRG_36647	0	0	0.380884
GRCh38_CMRG_36648	0	0	0.341612
GRCh38_CMRG_36649	0	0	0.001208
GRCh38_CMRG_36656	0	0	0.750455
GRCh38_CMRG_36665	0	0	0.631047
GRCh38_CMRG_36670	0	0	0.774553
GRCh38_CMRG_36671	0	0	0.46309
GRCh38_CMRG_36679	0	0	0.688007
GRCh38_CMRG_36692	0	0	0.298687
GRCh38_CMRG_36695	0	0	0.0
GRCh38_CMRG_36704	0	0	0.0
GRCh38_CMRG_36727	0	0	0.0
GRCh38_CMRG_36746	0	0	0.0
GRCh38_CMRG_36751	0	0	0.96268
GRCh38_CMRG_36765	0	0	3.2e-05
GRCh38_CMRG_36766	0	0	3.2e-05
GRCh38_CMRG_36771	0	0	0.516172
GRCh38_CMRG_36777	0	0	0.0
GRCh38_CMRG_36798	0	0	0.00043
GRCh38_CMRG_36806	0	0	2.5e-05
GRCh38_CMRG_36815	0	0	0.689822
GRCh38_CMRG_36828	0	0	0.656922
GRCh38_CMRG_36831	0	0	0.00023
GRCh38_CMRG_36842	0	0	0.982266
GRCh38_CMRG_36848	0	0	0.535505
GRCh38_CMRG_36859	0	0	0.496067
GRCh38_CMRG_36862	0	0	0.010791
GRCh38_CMRG_36863	0	0	0.314647
GRCh38_CMRG_36871	0	0	0.085651
GRCh38_CMRG_36872	0	0	0.085651
GRCh38_CMRG_36873	0	0	0.0
GRCh38_CMRG_36905	0	0	0.352444
GRCh38_CMRG_36906	0	0	0.352444
GRCh38_CMRG_36911	0	0	0.3049
GRCh38_CMRG_36912	0	0	0.3049
GRCh38_CMRG_36929	0	0	0.000436
GRCh38_CMRG_36930	0	0	0.000436
GRCh38_CMRG_36931	0	0	0.0
GRCh38_CMRG_36938	0	0	0.0
GRCh38_CMRG_36946	0	0	0.000103
GRCh38_CMRG_36951	0	0	0.000152
GRCh38_CMRG_36952	0	0	0.000152
GRCh38_CMRG_36974	0	0	0.751461
GRCh38_CMRG_36981	0	0	0.749631
GRCh38_CMRG_36985	0	0	0.648142
GRCh38_CMRG_36986	0	0	0.0
GRCh38_CMRG_36999	0	0	0.198782
GRCh38_CMRG_37	0	0	0.0
GRCh38_CMRG_37002	0	0	0.192236
GRCh38_CMRG_37003	0	0	0.983716
GRCh38_CMRG_37004	0	0	0.983716
GRCh38_CMRG_37010	0	0	0.206967
GRCh38_CMRG_37014	0	0	0.0
GRCh38_CMRG_37015	0	0	0.0
GRCh38_CMRG_37097	0	0	0.246252
GRCh38_CMRG_37098	0	0	0.359499
GRCh38_CMRG_37099	0	0	0.874805
GRCh38_CMRG_37107	0	0	0.000781
GRCh38_CMRG_37113	0	0	0.306142
GRCh38_CMRG_37138	0	0	0.663804
GRCh38_CMRG_37139	0	0	0.663804
GRCh38_CMRG_37174	0	0	0.575486
GRCh38_CMRG_37176	0	0	0.0
GRCh38_CMRG_37179	0	0	0.546519
GRCh38_CMRG_37183	0	0	0.0
GRCh38_CMRG_37190	0	0	0.526131
GRCh38_CMRG_372	0	0	0.0
GRCh38_CMRG_37206	0	0	0.0
GRCh38_CMRG_37211	0	0	0.0
GRCh38_CMRG_37216	0	0	0.0
GRCh38_CMRG_37222	0	0	0.661879
GRCh38_CMRG_37229	0	0	0.431226
GRCh38_CMRG_37232	0	0	8e-06
GRCh38_CMRG_37233	0	0	0.168596
GRCh38_CMRG_37242	0	0	0.0
GRCh38_CMRG_37244	0	0	4e-05
GRCh38_CMRG_37252	0	0	0.0
GRCh38_CMRG_37253	0	0	0.325214
GRCh38_CMRG_37260	0	0	0.069778
GRCh38_CMRG_37265	0	0	0.66906
GRCh38_CMRG_37267	0	0	0.0
GRCh38_CMRG_37269	0	0	0.442894
GRCh38_CMRG_37272	0	0	0.0
GRCh38_CMRG_373	0	0	0.0
GRCh38_CMRG_37300	0	0	0.827818
GRCh38_CMRG_37301	0	0	0.003286
GRCh38_CMRG_37302	0	0	0.007653
GRCh38_CMRG_37306	0	0	0.001858
GRCh38_CMRG_37310	0	0	0.0
GRCh38_CMRG_37333	0	0	0.00303
GRCh38_CMRG_37336	0	0	0.0
GRCh38_CMRG_37342	0	0	0.169171
GRCh38_CMRG_37343	0	0	0.169171
GRCh38_CMRG_37345	0	0	0.0
GRCh38_CMRG_37346	0	0	0.0
GRCh38_CMRG_37347	0	0	0.0
GRCh38_CMRG_37349	0	0	0.0
GRCh38_CMRG_37351	0	0	0.450047
GRCh38_CMRG_37357	0	0	0.035106
GRCh38_CMRG_37366	0	0	0.000706
GRCh38_CMRG_37367	0	0	0.0
GRCh38_CMRG_37373	0	0	0.1985
GRCh38_CMRG_37376	0	0	0.0
GRCh38_CMRG_37381	0	0	0.000858
GRCh38_CMRG_37384	0	0	0.000891
GRCh38_CMRG_37402	0	0	0.4803
GRCh38_CMRG_37403	0	0	0.0
GRCh38_CMRG_37404	0	0	0.184415
GRCh38_CMRG_37406	0	0	0.707936
GRCh38_CMRG_37412	0	0	0.0
GRCh38_CMRG_37414	0	0	0.0
GRCh38_CMRG_37415	0	0	0.0
GRCh38_CMRG_37417	0	0	0.0
GRCh38_CMRG_37423	0	0	0.0
GRCh38_CMRG_37427	0	0	0.857871
GRCh38_CMRG_37434	0	0	0.001532
GRCh38_CMRG_37435	0	0	0.652208
GRCh38_CMRG_37442	0	0	0.045053
GRCh38_CMRG_37447	0	0	0.004069
GRCh38_CMRG_37448	0	0	0.286777
GRCh38_CMRG_37450	0	0	0.029135
GRCh38_CMRG_37451	0	0	0.0
GRCh38_CMRG_37452	0	0	0.259288
GRCh38_CMRG_37465	0	0	0.199183
GRCh38_CMRG_37468	0	0	0.0
GRCh38_CMRG_37483	0	0	0.010662
GRCh38_CMRG_37484	0	0	0.010662
GRCh38_CMRG_37485	0	0	0.596628
GRCh38_CMRG_37491	0	0	0.0
GRCh38_CMRG_375	0	0	0.000159
GRCh38_CMRG_37501	0	0	0.0
GRCh38_CMRG_37511	0	0	0.0
GRCh38_CMRG_37514	0	0	0.0
GRCh38_CMRG_37534	0	0	0.672236
GRCh38_CMRG_37536	0	0	0.596826
GRCh38_CMRG_37543	0	0	0.575215
GRCh38_CMRG_37544	0	0	0.004337
GRCh38_CMRG_37546	0	0	0.0
GRCh38_CMRG_37552	0	0	0.2845
GRCh38_CMRG_37553	0	0	0.0
GRCh38_CMRG_37557	0	0	1.0
GRCh38_CMRG_37559	0	0	1.6e-05
GRCh38_CMRG_37562	0	0	0.0
GRCh38_CMRG_37565	0	0	0.0
GRCh38_CMRG_37567	0	0	0.144728
GRCh38_CMRG_37574	0	0	0.817289
GRCh38_CMRG_37578	0	0	0.0
GRCh38_CMRG_37586	0	0	0.0
GRCh38_CMRG_37588	0	0	0.0
GRCh38_CMRG_37603	0	0	0.460037
GRCh38_CMRG_37607	0	0	0.000127
GRCh38_CMRG_37609	0	0	0.001705
GRCh38_CMRG_37610	0	0	0.351204
GRCh38_CMRG_37611	0	0	0.0
GRCh38_CMRG_37612	0	0	0.487608
GRCh38_CMRG_37613	0	0	0.0
GRCh38_CMRG_37615	0	0	0.0
GRCh38_CMRG_37616	0	0	0.0
GRCh38_CMRG_37617	0	0	0.010079
GRCh38_CMRG_37621	0	0	0.397
GRCh38_CMRG_37629	0	0	0.0
GRCh38_CMRG_37636	0	0	0.000346
GRCh38_CMRG_37647	0	0	0.0
GRCh38_CMRG_37649	0	0	0.022119
GRCh38_CMRG_37651	0	0	0.411618
GRCh38_CMRG_37652	0	0	0.746042
GRCh38_CMRG_37661	0	0	0.0
GRCh38_CMRG_37665	0	0	0.0
GRCh38_CMRG_37675	0	0	0.0
GRCh38_CMRG_37682	0	0	0.0038
GRCh38_CMRG_37683	0	0	0.0
GRCh38_CMRG_37687	0	0	0.0
GRCh38_CMRG_37693	0	0	0.000643
GRCh38_CMRG_37694	0	0	0.3421
GRCh38_CMRG_37698	0	0	0.000389
GRCh38_CMRG_37699	0	0	0.013147
GRCh38_CMRG_377	0	0	0.0
GRCh38_CMRG_37711	0	0	0.4071
GRCh38_CMRG_37712	0	0	0.0
GRCh38_CMRG_37716	0	0	0.001102
GRCh38_CMRG_37718	0	0	0.04928
GRCh38_CMRG_37719	0	0	0.0
GRCh38_CMRG_37724	0	0	0.261537
GRCh38_CMRG_37725	0	0	0.261537
GRCh38_CMRG_37726	0	0	0.003683
GRCh38_CMRG_37727	0	0	0.0
GRCh38_CMRG_37728	0	0	0.413011
GRCh38_CMRG_37729	0	0	0.0
GRCh38_CMRG_37730	0	0	0.482633
GRCh38_CMRG_37731	0	0	0.001771
GRCh38_CMRG_37740	0	0	0.441425
GRCh38_CMRG_37751	0	0	0.0
GRCh38_CMRG_37763	0	0	0.16046
GRCh38_CMRG_37771	0	0	9e-06
GRCh38_CMRG_37781	0	0	0.0
GRCh38_CMRG_37783	0	0	4.8e-05
GRCh38_CMRG_37784	0	0	0.00023
GRCh38_CMRG_37785	0	0	0.00023
GRCh38_CMRG_37791	0	0	0.266973
GRCh38_CMRG_37793	0	0	0.0
GRCh38_CMRG_37794	0	0	0.348937
GRCh38_CMRG_37796	0	0	0.0
GRCh38_CMRG_37802	0	0	3.4e-05
GRCh38_CMRG_37808	0	0	0.35724
GRCh38_CMRG_37809	0	0	0.0
GRCh38_CMRG_37819	0	0	0.000256
GRCh38_CMRG_37823	0	0	0.0
GRCh38_CMRG_37826	0	0	0.00768
GRCh38_CMRG_37827	0	0	0.0
GRCh38_CMRG_37829	0	0	0.0
GRCh38_CMRG_37830	0	0	0.000278
GRCh38_CMRG_37833	0	0	0.202061
GRCh38_CMRG_37835	0	0	0.0
GRCh38_CMRG_37838	0	0	0.0
GRCh38_CMRG_37847	0	0	0.0
GRCh38_CMRG_37849	0	0	0.0
GRCh38_CMRG_37852	0	0	0.002608
GRCh38_CMRG_37858	0	0	0.0
GRCh38_CMRG_37859	0	0	0.0
GRCh38_CMRG_37863	0	0	0.0
GRCh38_CMRG_37865	0	0	0.0
GRCh38_CMRG_37868	0	0	0.3448
GRCh38_CMRG_37869	0	0	0.0
GRCh38_CMRG_37871	0	0	0.0
GRCh38_CMRG_37874	0	0	0.0
GRCh38_CMRG_37875	0	0	0.0
GRCh38_CMRG_37876	0	0	0.0
GRCh38_CMRG_37883	0	0	0.112689
GRCh38_CMRG_37889	0	0	8e-06
GRCh38_CMRG_37893	0	0	0.0
GRCh38_CMRG_37897	0	0	0.0
GRCh38_CMRG_379	0	0	0.059305
GRCh38_CMRG_37903	0	0	0.0
GRCh38_CMRG_37904	0	0	0.396783
GRCh38_CMRG_37907	0	0	0.346502
GRCh38_CMRG_37908	0	0	0.270645
GRCh38_CMRG_37916	0	0	0.001439
GRCh38_CMRG_37922	0	0	0.026434
GRCh38_CMRG_37923	0	0	0.0
GRCh38_CMRG_37927	0	0	0.004441
GRCh38_CMRG_37928	0	0	0.0
GRCh38_CMRG_37929	0	0	0.0
GRCh38_CMRG_37930	0	0	0.0
GRCh38_CMRG_37931	0	0	0.0
GRCh38_CMRG_37932	0	0	0.0
GRCh38_CMRG_37933	0	0	0.009019
GRCh38_CMRG_37934	0	0	0.0
GRCh38_CMRG_37944	0	0	0.0
GRCh38_CMRG_37946	0	0	0.000642
GRCh38_CMRG_37949	0	0	8.7e-05
GRCh38_CMRG_37968	0	0	0.0
GRCh38_CMRG_37972	0	0	0.000241
GRCh38_CMRG_37976	0	0	0.0
GRCh38_CMRG_37978	0	0	0.834218
GRCh38_CMRG_37979	0	0	4.8e-05
GRCh38_CMRG_37980	0	0	0.5189
GRCh38_CMRG_37981	0	0	0.722274
GRCh38_CMRG_37985	0	0	0.468284
GRCh38_CMRG_38	0	0	0.678326
GRCh38_CMRG_38007	0	0	0.0
GRCh38_CMRG_38009	0	0	0.0
GRCh38_CMRG_38010	0	0	0.001417
GRCh38_CMRG_38018	0	0	0.0
GRCh38_CMRG_38019	0	0	5.1e-05
GRCh38_CMRG_38021	0	0	0.000119
GRCh38_CMRG_38023	0	0	0.0002
GRCh38_CMRG_38034	0	0	0.0
GRCh38_CMRG_38036	0	0	0.0
GRCh38_CMRG_38037	0	0	0.256715
GRCh38_CMRG_38041	0	0	0.0
GRCh38_CMRG_38043	0	0	0.1727
GRCh38_CMRG_38047	0	0	9e-05
GRCh38_CMRG_38049	0	0	3.5e-05
GRCh38_CMRG_38050	0	0	0.179127
GRCh38_CMRG_38052	0	0	0.000714
GRCh38_CMRG_38063	0	0	0.0
GRCh38_CMRG_38077	0	0	0.0
GRCh38_CMRG_38097	0	0	0.032588
GRCh38_CMRG_38098	0	0	0.0
GRCh38_CMRG_38099	0	0	0.000214
GRCh38_CMRG_38100	0	0	0.0
GRCh38_CMRG_38101	0	0	0.0
GRCh38_CMRG_38102	0	0	0.0
GRCh38_CMRG_38103	0	0	0.0
GRCh38_CMRG_38104	0	0	0.0
GRCh38_CMRG_38105	0	0	0.0
GRCh38_CMRG_38122	0	0	8e-06
GRCh38_CMRG_38123	0	0	0.194254
GRCh38_CMRG_38124	0	0	0.0
GRCh38_CMRG_38141	0	0	0.001376
GRCh38_CMRG_38152	0	0	0.0
GRCh38_CMRG_38157	0	0	0.0
GRCh38_CMRG_38168	0	0	0.267061
GRCh38_CMRG_38172	0	0	0.001796
GRCh38_CMRG_38174	0	0	0.0
GRCh38_CMRG_38176	0	0	0.001741
GRCh38_CMRG_38178	0	0	0.0
GRCh38_CMRG_38183	0	0	0.0
GRCh38_CMRG_38194	0	0	0.0
GRCh38_CMRG_38206	0	0	0.0
GRCh38_CMRG_38207	0	0	0.388507
GRCh38_CMRG_38214	0	0	0.225868
GRCh38_CMRG_38218	0	0	0.015205
GRCh38_CMRG_38220	0	0	0.0
GRCh38_CMRG_38221	0	0	0.152082
GRCh38_CMRG_38222	0	0	0.096246
GRCh38_CMRG_38227	0	0	0.019382
GRCh38_CMRG_38234	0	0	0.000345
GRCh38_CMRG_38236	0	0	9e-06
GRCh38_CMRG_38239	0	0	0.0
GRCh38_CMRG_38241	0	0	0.0
GRCh38_CMRG_38245	0	0	0.0
GRCh38_CMRG_38256	0	0	0.409106
GRCh38_CMRG_38257	0	0	0.5233
GRCh38_CMRG_38258	0	0	0.084495
GRCh38_CMRG_38259	0	0	0.084495
GRCh38_CMRG_38263	0	0	0.0
GRCh38_CMRG_38264	0	0	0.0
GRCh38_CMRG_38287	0	0	0.0
GRCh38_CMRG_38288	0	0	0.012335
GRCh38_CMRG_38292	0	0	0.004406
GRCh38_CMRG_38294	0	0	0.0
GRCh38_CMRG_38300	0	0	0.001038
GRCh38_CMRG_38315	0	0	0.0
GRCh38_CMRG_38329	0	0	0.0
GRCh38_CMRG_38331	0	0	0.0
GRCh38_CMRG_38336	0	0	0.0
GRCh38_CMRG_38341	0	0	0.152025
GRCh38_CMRG_38344	0	0	0.0
GRCh38_CMRG_38346	0	0	0.0
GRCh38_CMRG_38347	0	0	0.0
GRCh38_CMRG_38348	0	0	0.0
GRCh38_CMRG_38349	0	0	0.0
GRCh38_CMRG_38350	0	0	0.0
GRCh38_CMRG_38351	0	0	0.0
GRCh38_CMRG_38353	0	0	0.5
GRCh38_CMRG_38354	0	0	0.0
GRCh38_CMRG_38355	0	0	0.0
GRCh38_CMRG_38356	0	0	0.0
GRCh38_CMRG_38357	0	0	0.0
GRCh38_CMRG_38358	0	0	0.0
GRCh38_CMRG_38359	0	0	0.0
GRCh38_CMRG_38362	0	0	0.0
GRCh38_CMRG_38363	0	0	0.0
GRCh38_CMRG_38364	0	0	0.0
GRCh38_CMRG_38366	0	0	0.0
GRCh38_CMRG_38367	0	0	0.0
GRCh38_CMRG_38370	0	0	5.6e-05
GRCh38_CMRG_38371	0	0	0.0
GRCh38_CMRG_38373	0	0	0.0
GRCh38_CMRG_38374	0	0	0.0
GRCh38_CMRG_38376	0	0	0.1752
GRCh38_CMRG_38378	0	0	0.0
GRCh38_CMRG_38379	0	0	0.0
GRCh38_CMRG_38380	0	0	0.0
GRCh38_CMRG_38381	0	0	0.0
GRCh38_CMRG_38383	0	0	0.0
GRCh38_CMRG_38390	0	0	0.0
GRCh38_CMRG_38394	0	0	0.0
GRCh38_CMRG_38396	0	0	0.787477
GRCh38_CMRG_38398	0	0	0.0
GRCh38_CMRG_38399	0	0	0.0
GRCh38_CMRG_38401	0	0	0.139048
GRCh38_CMRG_38402	0	0	0.113916
GRCh38_CMRG_38403	0	0	0.0
GRCh38_CMRG_38405	0	0	0.0
GRCh38_CMRG_38406	0	0	0.743598
GRCh38_CMRG_38407	0	0	0.0
GRCh38_CMRG_38411	0	0	0.0
GRCh38_CMRG_38412	0	0	0.01705
GRCh38_CMRG_38413	0	0	0.01705
GRCh38_CMRG_38416	0	0	0.0
GRCh38_CMRG_38422	0	0	0.009545
GRCh38_CMRG_38433	0	0	0.001515
GRCh38_CMRG_38434	0	0	3.4e-05
GRCh38_CMRG_38436	0	0	0.000231
GRCh38_CMRG_38438	0	0	0.183819
GRCh38_CMRG_38439	0	0	0.412242
GRCh38_CMRG_38440	0	0	4e-05
GRCh38_CMRG_38443	0	0	0.275297
GRCh38_CMRG_38444	0	0	0.0
GRCh38_CMRG_38445	0	0	0.0
GRCh38_CMRG_38446	0	0	0.0
GRCh38_CMRG_38447	0	0	0.0
GRCh38_CMRG_38448	0	0	0.744377
GRCh38_CMRG_38449	0	0	0.0
GRCh38_CMRG_38453	0	0	0.0
GRCh38_CMRG_38455	0	0	0.012967
GRCh38_CMRG_38464	0	0	0.4494
GRCh38_CMRG_38465	0	0	0.444254
GRCh38_CMRG_38473	0	0	0.320425
GRCh38_CMRG_38475	0	0	0.08564
GRCh38_CMRG_38477	0	0	0.1604
GRCh38_CMRG_38478	0	0	4.4e-05
GRCh38_CMRG_38479	0	0	0.0
GRCh38_CMRG_38485	0	0	0.0
GRCh38_CMRG_38489	0	0	0.0
GRCh38_CMRG_38492	0	0	0.201992
GRCh38_CMRG_38494	0	0	0.0
GRCh38_CMRG_38497	0	0	0.0
GRCh38_CMRG_38501	0	0	0.0
GRCh38_CMRG_38503	0	0	0.0
GRCh38_CMRG_38504	0	0	0.7253
GRCh38_CMRG_38528	0	0	0.161474
GRCh38_CMRG_38530	0	0	0.0
GRCh38_CMRG_38533	0	0	0.337539
GRCh38_CMRG_38542	0	0	0.024951
GRCh38_CMRG_38543	0	0	0.0
GRCh38_CMRG_38547	0	0	0.0
GRCh38_CMRG_38553	0	0	0.0
GRCh38_CMRG_38558	0	0	0.0
GRCh38_CMRG_38559	0	0	0.0
GRCh38_CMRG_38565	0	0	4.2e-05
GRCh38_CMRG_38570	0	0	0.0
GRCh38_CMRG_38619	0	0	0.0
GRCh38_CMRG_38627	0	0	0.0
GRCh38_CMRG_38629	0	0	0.362265
GRCh38_CMRG_38630	0	0	8e-06
GRCh38_CMRG_38632	0	0	0.0
GRCh38_CMRG_38635	0	0	0.005165
GRCh38_CMRG_38649	0	0	0.0
GRCh38_CMRG_38670	0	0	0.001135
GRCh38_CMRG_38672	0	0	0.486478
GRCh38_CMRG_38676	0	0	0.002586
GRCh38_CMRG_38677	0	0	0.0
GRCh38_CMRG_38678	0	0	0.007887
GRCh38_CMRG_38680	0	0	0.0
GRCh38_CMRG_38681	0	0	0.0
GRCh38_CMRG_38685	0	0	0.0
GRCh38_CMRG_38686	0	0	0.0
GRCh38_CMRG_38699	0	0	0.001757
GRCh38_CMRG_38700	0	0	0.28171
GRCh38_CMRG_38710	0	0	0.510843
GRCh38_CMRG_38713	0	0	0.740651
GRCh38_CMRG_38717	0	0	0.461551
GRCh38_CMRG_38727	0	0	0.00011
GRCh38_CMRG_38728	0	0	0.00011
GRCh38_CMRG_38733	0	0	0.595341
GRCh38_CMRG_38735	0	0	0.078762
GRCh38_CMRG_38739	0	0	0.164869
GRCh38_CMRG_38740	0	0	0.0
GRCh38_CMRG_38741	0	0	0.0
GRCh38_CMRG_38749	0	0	0.056157
GRCh38_CMRG_38753	0	0	0.210672
GRCh38_CMRG_38754	0	0	0.396886
GRCh38_CMRG_38761	0	0	2.4e-05
GRCh38_CMRG_38762	0	0	0.0
GRCh38_CMRG_38765	0	0	0.0
GRCh38_CMRG_38770	0	0	1.6e-05
GRCh38_CMRG_38780	0	0	0.0
GRCh38_CMRG_38781	0	0	0.0
GRCh38_CMRG_38785	0	0	0.055174
GRCh38_CMRG_38798	0	0	0.802917
GRCh38_CMRG_38800	0	0	0.0
GRCh38_CMRG_38802	0	0	0.010365
GRCh38_CMRG_38803	0	0	0.285183
GRCh38_CMRG_38804	0	0	0.895723
GRCh38_CMRG_38807	0	0	0.0
GRCh38_CMRG_38808	0	0	0.0
GRCh38_CMRG_38809	0	0	0.000235
GRCh38_CMRG_38810	0	0	0.0
GRCh38_CMRG_38906	0	0	0.444758
GRCh38_CMRG_38913	0	0	0.282304
GRCh38_CMRG_38926	0	0	0.000446
GRCh38_CMRG_38928	0	0	0.058214
GRCh38_CMRG_38929	0	0	0.058214
GRCh38_CMRG_38933	0	0	0.0
GRCh38_CMRG_38934	0	0	0.0
GRCh38_CMRG_38952	0	0	0.008864
GRCh38_CMRG_38953	0	0	0.008864
GRCh38_CMRG_38954	0	0	0.0
GRCh38_CMRG_38968	0	0	0.0
GRCh38_CMRG_38972	0	0	0.017898
GRCh38_CMRG_38973	0	0	0.017898
GRCh38_CMRG_38974	0	0	0.0
GRCh38_CMRG_38979	0	0	0.001622
GRCh38_CMRG_38983	0	0	0.232979
GRCh38_CMRG_38985	0	0	0.0
GRCh38_CMRG_38986	0	0	0.110002
GRCh38_CMRG_38990	0	0	0.30409
GRCh38_CMRG_38995	0	0	0.4625
GRCh38_CMRG_39008	0	0	0.225
GRCh38_CMRG_39011	0	0	0.380735
GRCh38_CMRG_39012	0	0	0.0
GRCh38_CMRG_39076	0	0	0.08604
GRCh38_CMRG_39077	0	0	0.002551
GRCh38_CMRG_39089	0	0	0.356361
GRCh38_CMRG_39091	0	0	0.931701
GRCh38_CMRG_39097	0	0	0.971094
GRCh38_CMRG_39101	0	0	0.005731
GRCh38_CMRG_39102	0	0	0.001514
GRCh38_CMRG_39123	0	0	0.958544
GRCh38_CMRG_39124	0	0	0.110649
GRCh38_CMRG_39127	0	0	0.065221
GRCh38_CMRG_39141	0	0	0.008491
GRCh38_CMRG_39161	0	0	0.965719
GRCh38_CMRG_39162	0	0	0.0
GRCh38_CMRG_39164	0	0	0.0
GRCh38_CMRG_39167	0	0	8e-06
GRCh38_CMRG_39168	0	0	0.321886
GRCh38_CMRG_39174	0	0	0.426977
GRCh38_CMRG_39178	0	0	0.0
GRCh38_CMRG_39181	0	0	0.0
GRCh38_CMRG_39183	0	0	0.000596
GRCh38_CMRG_39185	0	0	8e-06
GRCh38_CMRG_39186	0	0	8e-06
GRCh38_CMRG_39189	0	0	0.737072
GRCh38_CMRG_39192	0	0	0.0
GRCh38_CMRG_39195	0	0	0.134561
GRCh38_CMRG_39203	0	0	7.2e-05
GRCh38_CMRG_39206	0	0	0.843691
GRCh38_CMRG_39209	0	0	0.713985
GRCh38_CMRG_39215	0	0	0.003784
GRCh38_CMRG_39216	0	0	0.0
GRCh38_CMRG_39220	0	0	0.0
GRCh38_CMRG_39222	0	0	0.0
GRCh38_CMRG_39223	0	0	0.0
GRCh38_CMRG_39224	0	0	0.0
GRCh38_CMRG_39231	0	0	0.323084
GRCh38_CMRG_39243	0	0	0.0
GRCh38_CMRG_39248	0	0	0.0
GRCh38_CMRG_39279	0	0	0.013246
GRCh38_CMRG_39280	0	0	0.001983
GRCh38_CMRG_39289	0	0	0.0
GRCh38_CMRG_39307	0	0	0.299251
GRCh38_CMRG_39310	0	0	1.7e-05
GRCh38_CMRG_39322	0	0	0.0
GRCh38_CMRG_39323	0	0	0.023196
GRCh38_CMRG_39324	0	0	0.023196
GRCh38_CMRG_39345	0	0	0.279122
GRCh38_CMRG_39346	0	0	0.238835
GRCh38_CMRG_39352	0	0	0.666649
GRCh38_CMRG_39355	0	0	0.229628
GRCh38_CMRG_39358	0	0	0.958145
GRCh38_CMRG_39360	0	0	0.0
GRCh38_CMRG_39382	0	0	0.251951
GRCh38_CMRG_39387	0	0	0.0
GRCh38_CMRG_39416	0	0	0.0
GRCh38_CMRG_39426	0	0	0.0
GRCh38_CMRG_39428	0	0	0.032313
GRCh38_CMRG_39449	0	0	0.009692
GRCh38_CMRG_39450	0	0	0.303622
GRCh38_CMRG_39454	0	0	0.0
GRCh38_CMRG_39461	0	0	0.0
GRCh38_CMRG_39470	0	0	0.996383
GRCh38_CMRG_39484	0	0	0.871527
GRCh38_CMRG_39505	0	0	0.537037
GRCh38_CMRG_39506	0	0	0.537037
GRCh38_CMRG_39507	0	0	0.94029
GRCh38_CMRG_39512	0	0	0.0
GRCh38_CMRG_39521	0	0	0.1617
GRCh38_CMRG_39528	0	0	0.001168
GRCh38_CMRG_39535	0	0	0.0
GRCh38_CMRG_39543	0	0	0.0
GRCh38_CMRG_39547	0	0	0.023355
GRCh38_CMRG_39558	0	0	0.784421
GRCh38_CMRG_39580	0	0	0.0
GRCh38_CMRG_39584	0	0	0.419302
GRCh38_CMRG_39585	0	0	0.419302
GRCh38_CMRG_39586	0	0	0.002231
GRCh38_CMRG_39593	0	0	0.0
GRCh38_CMRG_39601	0	0	0.0
GRCh38_CMRG_39605	0	0	0.125351
GRCh38_CMRG_39606	0	0	0.009852
GRCh38_CMRG_39613	0	0	0.0
GRCh38_CMRG_39616	0	0	0.395485
GRCh38_CMRG_39620	0	0	0.180612
GRCh38_CMRG_39622	0	0	0.697573
GRCh38_CMRG_39630	0	0	0.589503
GRCh38_CMRG_39638	0	0	0.0
GRCh38_CMRG_39639	0	0	0.0
GRCh38_CMRG_39640	0	0	0.23311
GRCh38_CMRG_39651	0	0	0.488841
GRCh38_CMRG_39670	0	0	0.842599
GRCh38_CMRG_39672	0	0	0.0
GRCh38_CMRG_39675	0	0	0.0
GRCh38_CMRG_39677	0	0	0.201632
GRCh38_CMRG_39689	0	0	0.8469
GRCh38_CMRG_39690	0	0	0.709963
GRCh38_CMRG_39693	0	0	0.375619
GRCh38_CMRG_39698	0	0	0.061458
GRCh38_CMRG_39699	0	0	7.9e-05
GRCh38_CMRG_39701	0	0	0.062874
GRCh38_CMRG_39704	0	0	0.0
GRCh38_CMRG_39744	0	0	0.0
GRCh38_CMRG_39749	0	0	0.7436
GRCh38_CMRG_39774	0	0	0.000152
GRCh38_CMRG_39791	0	0	0.076022
GRCh38_CMRG_39802	0	0	0.505776
GRCh38_CMRG_39808	0	0	0.348702
GRCh38_CMRG_39818	0	0	0.729488
GRCh38_CMRG_39830	0	0	0.165777
GRCh38_CMRG_39837	0	0	0.074461
GRCh38_CMRG_39842	0	0	0.375898
GRCh38_CMRG_39850	0	0	0.0
GRCh38_CMRG_39859	0	0	0.600171
GRCh38_CMRG_39868	0	0	0.0
GRCh38_CMRG_39882	0	0	0.784353
GRCh38_CMRG_39883	0	0	0.0
GRCh38_CMRG_39885	0	0	0.5961
GRCh38_CMRG_39888	0	0	0.865595
GRCh38_CMRG_39889	0	0	0.092701
GRCh38_CMRG_39896	0	0	0.0
GRCh38_CMRG_39899	0	0	0.784488
GRCh38_CMRG_39903	0	0	0.0
GRCh38_CMRG_39908	0	0	0.387152
GRCh38_CMRG_39911	0	0	0.0
GRCh38_CMRG_39913	0	0	8e-06
GRCh38_CMRG_39914	0	0	0.0
GRCh38_CMRG_39915	0	0	0.421792
GRCh38_CMRG_39920	0	0	0.001856
GRCh38_CMRG_39921	0	0	0.027314
GRCh38_CMRG_39922	0	0	0.130013
GRCh38_CMRG_39928	0	0	0.0
GRCh38_CMRG_39931	0	0	0.247043
GRCh38_CMRG_39935	0	0	0.0
GRCh38_CMRG_39936	0	0	0.844822
GRCh38_CMRG_39953	0	0	0.550416
GRCh38_CMRG_39956	0	0	0.147062
GRCh38_CMRG_39967	0	0	0.0
GRCh38_CMRG_39968	0	0	0.0
GRCh38_CMRG_39969	0	0	0.0
GRCh38_CMRG_39975	0	0	0.461911
GRCh38_CMRG_39989	0	0	0.54243
GRCh38_CMRG_40001	0	0	0.0
GRCh38_CMRG_40011	0	0	0.0
GRCh38_CMRG_40033	0	0	0.368802
GRCh38_CMRG_40038	0	0	0.3985
GRCh38_CMRG_40049	0	0	0.0
GRCh38_CMRG_40053	0	0	0.0
GRCh38_CMRG_40062	0	0	0.671558
GRCh38_CMRG_40088	0	0	0.0
GRCh38_CMRG_40094	0	0	0.513757
GRCh38_CMRG_40095	0	0	0.0
GRCh38_CMRG_40100	0	0	0.271367
GRCh38_CMRG_40110	0	0	0.413763
GRCh38_CMRG_40111	0	0	0.0
GRCh38_CMRG_40119	0	0	0.188556
GRCh38_CMRG_40123	0	0	0.773015
GRCh38_CMRG_40127	0	0	0.0
GRCh38_CMRG_40147	0	0	0.887637
GRCh38_CMRG_40153	0	0	0.1667
GRCh38_CMRG_40154	0	0	0.000369
GRCh38_CMRG_40164	0	0	0.274541
GRCh38_CMRG_40168	0	0	0.097439
GRCh38_CMRG_40169	0	0	0.41191
GRCh38_CMRG_40174	0	0	0.140389
GRCh38_CMRG_40175	0	0	0.0
GRCh38_CMRG_40182	0	0	0.680924
GRCh38_CMRG_40186	0	0	0.0
GRCh38_CMRG_40190	0	0	1.6e-05
GRCh38_CMRG_40191	0	0	0.514617
GRCh38_CMRG_40194	0	0	0.052251
GRCh38_CMRG_40195	0	0	8.7e-05
GRCh38_CMRG_40196	0	0	0.788994
GRCh38_CMRG_40197	0	0	0.615244
GRCh38_CMRG_40206	0	0	0.1396
GRCh38_CMRG_40208	0	0	0.000156
GRCh38_CMRG_40220	0	0	0.653464
GRCh38_CMRG_40221	0	0	0.591534
GRCh38_CMRG_40239	0	0	8e-06
GRCh38_CMRG_40242	0	0	0.145735
GRCh38_CMRG_40246	0	0	0.0
GRCh38_CMRG_40247	0	0	0.048835
GRCh38_CMRG_40250	0	0	0.0
GRCh38_CMRG_40263	0	0	0.414272
GRCh38_CMRG_40273	0	0	0.0
GRCh38_CMRG_40279	0	0	0.0
GRCh38_CMRG_40280	0	0	0.0
GRCh38_CMRG_40285	0	0	0.0
GRCh38_CMRG_40288	0	0	0.029715
GRCh38_CMRG_40300	0	0	0.486245
GRCh38_CMRG_40310	0	0	0.0
GRCh38_CMRG_40311	0	0	0.0
GRCh38_CMRG_40312	0	0	0.675181
GRCh38_CMRG_40370	0	0	0.123193
GRCh38_CMRG_40374	0	0	2.2e-05
GRCh38_CMRG_40375	0	0	0.0
GRCh38_CMRG_40376	0	0	0.0
GRCh38_CMRG_40381	0	0	0.0
GRCh38_CMRG_40382	0	0	0.332996
GRCh38_CMRG_40393	0	0	0.0
GRCh38_CMRG_404	0	0	0.0
GRCh38_CMRG_40408	0	0	0.21663
GRCh38_CMRG_40411	0	0	0.53563
GRCh38_CMRG_40412	0	0	0.595342
GRCh38_CMRG_40413	0	0	0.995095
GRCh38_CMRG_40415	0	0	0.243558
GRCh38_CMRG_40425	0	0	0.4113
GRCh38_CMRG_40434	0	0	0.0
GRCh38_CMRG_40446	0	0	0.70639
GRCh38_CMRG_40452	0	0	0.342143
GRCh38_CMRG_40455	0	0	0.124639
GRCh38_CMRG_40456	0	0	0.0
GRCh38_CMRG_40459	0	0	0.0
GRCh38_CMRG_40478	0	0	0.0
GRCh38_CMRG_40479	0	0	0.0
GRCh38_CMRG_40485	0	0	0.007984
GRCh38_CMRG_40491	0	0	0.0
GRCh38_CMRG_40496	0	0	0.422534
GRCh38_CMRG_405	0	0	0.0
GRCh38_CMRG_40513	0	0	0.0
GRCh38_CMRG_40520	0	0	0.395801
GRCh38_CMRG_40521	0	0	0.395801
GRCh38_CMRG_40533	0	0	0.0
GRCh38_CMRG_40535	0	0	0.918982
GRCh38_CMRG_40545	0	0	0.582099
GRCh38_CMRG_40550	0	0	0.322135
GRCh38_CMRG_40555	0	0	0.983379
GRCh38_CMRG_40560	0	0	0.761651
GRCh38_CMRG_40569	0	0	0.000104
GRCh38_CMRG_40574	0	0	0.0
GRCh38_CMRG_40582	0	0	0.4389
GRCh38_CMRG_40585	0	0	0.120415
GRCh38_CMRG_40595	0	0	0.0
GRCh38_CMRG_40597	0	0	0.0
GRCh38_CMRG_406	0	0	0.12692
GRCh38_CMRG_40606	0	0	0.31064
GRCh38_CMRG_40620	0	0	0.168333
GRCh38_CMRG_40621	0	0	0.136066
GRCh38_CMRG_40622	0	0	0.0
GRCh38_CMRG_40633	0	0	0.004286
GRCh38_CMRG_40635	0	0	0.0
GRCh38_CMRG_40636	0	0	0.0
GRCh38_CMRG_40645	0	0	0.0
GRCh38_CMRG_40647	0	0	0.0
GRCh38_CMRG_40655	0	0	0.37336
GRCh38_CMRG_40663	0	0	0.910325
GRCh38_CMRG_40676	0	0	0.0
GRCh38_CMRG_40685	0	0	0.540431
GRCh38_CMRG_40693	0	0	0.0
GRCh38_CMRG_40699	0	0	0.463772
GRCh38_CMRG_407	0	0	0.0
GRCh38_CMRG_40700	0	0	0.14856
GRCh38_CMRG_40705	0	0	0.423509
GRCh38_CMRG_40707	0	0	0.0
GRCh38_CMRG_40715	0	0	0.706783
GRCh38_CMRG_40716	0	0	0.0
GRCh38_CMRG_40723	0	0	0.63043
GRCh38_CMRG_40728	0	0	0.0
GRCh38_CMRG_40730	0	0	0.631705
GRCh38_CMRG_40734	0	0	0.0
GRCh38_CMRG_40735	0	0	0.7043
GRCh38_CMRG_40742	0	0	0.0
GRCh38_CMRG_40762	0	0	0.505545
GRCh38_CMRG_40776	0	0	0.386825
GRCh38_CMRG_40784	0	0	0.506943
GRCh38_CMRG_40792	0	0	0.973485
GRCh38_CMRG_40794	0	0	0.524257
GRCh38_CMRG_408	0	0	0.202545
GRCh38_CMRG_40803	0	0	0.982412
GRCh38_CMRG_40809	0	0	0.751363
GRCh38_CMRG_40818	0	0	0.087956
GRCh38_CMRG_40826	0	0	0.820566
GRCh38_CMRG_40830	0	0	0.098672
GRCh38_CMRG_40831	0	0	0.000201
GRCh38_CMRG_40841	0	0	0.3988
GRCh38_CMRG_40842	0	0	0.208196
GRCh38_CMRG_40844	0	0	2.4e-05
GRCh38_CMRG_40850	0	0	0.723384
GRCh38_CMRG_40852	0	0	0.0
GRCh38_CMRG_40857	0	0	0.0
GRCh38_CMRG_40859	0	0	0.0
GRCh38_CMRG_40866	0	0	0.645957
GRCh38_CMRG_40867	0	0	0.0
GRCh38_CMRG_40868	0	0	0.0
GRCh38_CMRG_40873	0	0	0.0803
GRCh38_CMRG_40879	0	0	0.829227
GRCh38_CMRG_40886	0	0	0.0
GRCh38_CMRG_40887	0	0	0.825573
GRCh38_CMRG_40895	0	0	0.542161
GRCh38_CMRG_40908	0	0	0.590553
GRCh38_CMRG_40921	0	0	0.209
GRCh38_CMRG_40923	0	0	0.151786
GRCh38_CMRG_40929	0	0	0.0
GRCh38_CMRG_40941	0	0	0.0
GRCh38_CMRG_40947	0	0	0.3997
GRCh38_CMRG_40949	0	0	0.610694
GRCh38_CMRG_40950	0	0	0.622008
GRCh38_CMRG_40968	0	0	0.326141
GRCh38_CMRG_40981	0	0	0.2201
GRCh38_CMRG_40995	0	0	0.348532
GRCh38_CMRG_40996	0	0	0.0
GRCh38_CMRG_41	0	0	0.0
GRCh38_CMRG_41003	0	0	0.764212
GRCh38_CMRG_41034	0	0	0.207382
GRCh38_CMRG_41040	0	0	0.514447
GRCh38_CMRG_41044	0	0	0.000781
GRCh38_CMRG_41047	0	0	0.921924
GRCh38_CMRG_41048	0	0	0.484858
GRCh38_CMRG_41058	0	0	0.40306
GRCh38_CMRG_41064	0	0	0.769845
GRCh38_CMRG_41069	0	0	0.0023
GRCh38_CMRG_41072	0	0	4.8e-05
GRCh38_CMRG_41080	0	0	0.0
GRCh38_CMRG_41081	0	0	0.0
GRCh38_CMRG_41091	0	0	0.353981
GRCh38_CMRG_41092	0	0	0.353981
GRCh38_CMRG_41107	0	0	2.4e-05
GRCh38_CMRG_41110	0	0	0.979388
GRCh38_CMRG_41120	0	0	0.353887
GRCh38_CMRG_41136	0	0	0.0
GRCh38_CMRG_41147	0	0	0.013593
GRCh38_CMRG_41148	0	0	0.0
GRCh38_CMRG_41149	0	0	0.0
GRCh38_CMRG_41150	0	0	7.9e-05
GRCh38_CMRG_41164	0	0	0.351135
GRCh38_CMRG_41169	0	0	0.535979
GRCh38_CMRG_41171	0	0	0.0
GRCh38_CMRG_41172	0	0	0.000309
GRCh38_CMRG_41173	0	0	0.026406
GRCh38_CMRG_41177	0	0	0.5781
GRCh38_CMRG_41187	0	0	0.0
GRCh38_CMRG_41201	0	0	0.463628
GRCh38_CMRG_41212	0	0	0.0
GRCh38_CMRG_41213	0	0	0.500873
GRCh38_CMRG_41238	0	0	0.635906
GRCh38_CMRG_41242	0	0	8e-06
GRCh38_CMRG_41243	0	0	0.0
GRCh38_CMRG_41244	0	0	0.000209
GRCh38_CMRG_41245	0	0	0.0
GRCh38_CMRG_41246	0	0	0.0
GRCh38_CMRG_41251	0	0	0.121372
GRCh38_CMRG_41253	0	0	0.0
GRCh38_CMRG_41254	0	0	0.000182
GRCh38_CMRG_41265	0	0	0.001796
GRCh38_CMRG_41277	0	0	0.412054
GRCh38_CMRG_41278	0	0	0.412054
GRCh38_CMRG_41302	0	0	0.513663
GRCh38_CMRG_41314	0	0	0.008123
GRCh38_CMRG_41319	0	0	0.304746
GRCh38_CMRG_41324	0	0	0.0
GRCh38_CMRG_41331	0	0	0.0
GRCh38_CMRG_41346	0	0	0.716524
GRCh38_CMRG_41349	0	0	0.681912
GRCh38_CMRG_41357	0	0	0.0
GRCh38_CMRG_41383	0	0	0.001484
GRCh38_CMRG_41386	0	0	0.0
GRCh38_CMRG_41393	0	0	0.169997
GRCh38_CMRG_41400	0	0	0.005151
GRCh38_CMRG_41401	0	0	0.0
GRCh38_CMRG_41403	0	0	0.84752
GRCh38_CMRG_41417	0	0	0.0
GRCh38_CMRG_41419	0	0	0.0
GRCh38_CMRG_41425	0	0	0.120657
GRCh38_CMRG_41426	0	0	0.501405
GRCh38_CMRG_41433	0	0	0.0
GRCh38_CMRG_41438	0	0	0.465022
GRCh38_CMRG_41447	0	0	0.0
GRCh38_CMRG_41448	0	0	0.479536
GRCh38_CMRG_41450	0	0	0.0
GRCh38_CMRG_41463	0	0	0.0
GRCh38_CMRG_41464	0	0	0.0
GRCh38_CMRG_41472	0	0	0.0
GRCh38_CMRG_41475	0	0	0.0
GRCh38_CMRG_41488	0	0	0.3449
GRCh38_CMRG_41496	0	0	0.0
GRCh38_CMRG_41519	0	0	0.000216
GRCh38_CMRG_41528	0	0	0.0
GRCh38_CMRG_41529	0	0	0.0
GRCh38_CMRG_41531	0	0	0.287671
GRCh38_CMRG_41533	0	0	0.0
GRCh38_CMRG_41534	0	0	0.0
GRCh38_CMRG_41541	0	0	0.000786
GRCh38_CMRG_41546	0	0	0.0
GRCh38_CMRG_41548	0	0	0.011161
GRCh38_CMRG_41549	0	0	0.050819
GRCh38_CMRG_41557	0	0	0.0
GRCh38_CMRG_41558	0	0	0.0
GRCh38_CMRG_41571	0	0	0.000349
GRCh38_CMRG_41583	0	0	0.002371
GRCh38_CMRG_41591	0	0	0.161013
GRCh38_CMRG_41593	0	0	0.298465
GRCh38_CMRG_41594	0	0	1.6e-05
GRCh38_CMRG_41595	0	0	0.0
GRCh38_CMRG_41596	0	0	2.5e-05
GRCh38_CMRG_41597	0	0	0.819072
GRCh38_CMRG_41608	0	0	0.0
GRCh38_CMRG_41619	0	0	0.0
GRCh38_CMRG_41623	0	0	0.0
GRCh38_CMRG_41625	0	0	0.0
GRCh38_CMRG_41632	0	0	0.006695
GRCh38_CMRG_41634	0	0	0.4955
GRCh38_CMRG_41635	0	0	6.4e-05
GRCh38_CMRG_41636	0	0	0.0
GRCh38_CMRG_41637	0	0	0.0
GRCh38_CMRG_41643	0	0	0.070703
GRCh38_CMRG_41645	0	0	0.0
GRCh38_CMRG_41646	0	0	0.001644
GRCh38_CMRG_41663	0	0	0.0
GRCh38_CMRG_41668	0	0	0.0
GRCh38_CMRG_41674	0	0	0.0
GRCh38_CMRG_41695	0	0	0.0
GRCh38_CMRG_41696	0	0	0.0
GRCh38_CMRG_41699	0	0	0.0
GRCh38_CMRG_41704	0	0	0.15973
GRCh38_CMRG_41705	0	0	8e-06
GRCh38_CMRG_41717	0	0	0.297966
GRCh38_CMRG_41728	0	0	0.287789
GRCh38_CMRG_41729	0	0	0.899163
GRCh38_CMRG_41738	0	0	0.0
GRCh38_CMRG_41741	0	0	0.0
GRCh38_CMRG_41752	0	0	0.005994
GRCh38_CMRG_41753	0	0	0.493444
GRCh38_CMRG_41755	0	0	0.633202
GRCh38_CMRG_41759	0	0	0.439231
GRCh38_CMRG_41769	0	0	0.0
GRCh38_CMRG_41771	0	0	0.549235
GRCh38_CMRG_41773	0	0	0.314735
GRCh38_CMRG_41774	0	0	0.314735
GRCh38_CMRG_41775	0	0	0.001066
GRCh38_CMRG_41782	0	0	0.460502
GRCh38_CMRG_41793	0	0	0.0
GRCh38_CMRG_41794	0	0	0.0
GRCh38_CMRG_41795	0	0	0.0
GRCh38_CMRG_41796	0	0	0.0
GRCh38_CMRG_41797	0	0	0.0
GRCh38_CMRG_41798	0	0	0.0
GRCh38_CMRG_41800	0	0	0.0
GRCh38_CMRG_41814	0	0	0.6361
GRCh38_CMRG_41816	0	0	0.510856
GRCh38_CMRG_41824	0	0	0.599031
GRCh38_CMRG_41825	0	0	0.0
GRCh38_CMRG_41826	0	0	0.0
GRCh38_CMRG_41843	0	0	0.2798
GRCh38_CMRG_41845	0	0	0.0
GRCh38_CMRG_41857	0	0	0.0
GRCh38_CMRG_41860	0	0	0.584216
GRCh38_CMRG_41862	0	0	0.490578
GRCh38_CMRG_41915	0	0	8e-06
GRCh38_CMRG_41921	0	0	8e-06
GRCh38_CMRG_41932	0	0	0.993833
GRCh38_CMRG_41946	0	0	0.0
GRCh38_CMRG_41952	0	0	0.96415
GRCh38_CMRG_41953	0	0	0.318139
GRCh38_CMRG_41956	0	0	0.520925
GRCh38_CMRG_41973	0	0	0.0
GRCh38_CMRG_41980	0	0	0.0
GRCh38_CMRG_41987	0	0	0.5
GRCh38_CMRG_41991	0	0	0.540587
GRCh38_CMRG_41993	0	0	0.987743
GRCh38_CMRG_42003	0	0	0.0
GRCh38_CMRG_42024	0	0	0.182732
GRCh38_CMRG_42025	0	0	0.0903
GRCh38_CMRG_42042	0	0	0.169708
GRCh38_CMRG_42048	0	0	0.670621
GRCh38_CMRG_42059	0	0	0.793836
GRCh38_CMRG_42060	0	0	0.971296
GRCh38_CMRG_42068	0	0	0.3133
GRCh38_CMRG_42073	0	0	0.269405
GRCh38_CMRG_42095	0	0	0.44722
GRCh38_CMRG_42126	0	0	0.833281
GRCh38_CMRG_42148	0	0	0.764596
GRCh38_CMRG_42152	0	0	0.57154
GRCh38_CMRG_42159	0	0	0.43381
GRCh38_CMRG_42173	0	0	0.219882
GRCh38_CMRG_42183	0	0	0.001212
GRCh38_CMRG_42197	0	0	0.0
GRCh38_CMRG_42201	0	0	0.4816
GRCh38_CMRG_42202	0	0	0.4816
GRCh38_CMRG_42209	0	0	0.465969
GRCh38_CMRG_42215	0	0	0.872371
GRCh38_CMRG_42219	0	0	0.0
GRCh38_CMRG_42223	0	0	0.0
GRCh38_CMRG_42225	0	0	0.000358
GRCh38_CMRG_42239	0	0	0.001492
GRCh38_CMRG_42256	0	0	0.0
GRCh38_CMRG_42264	0	0	0.0
GRCh38_CMRG_42275	0	0	0.297202
GRCh38_CMRG_42283	0	0	0.923978
GRCh38_CMRG_42284	0	0	0.932771
GRCh38_CMRG_42303	0	0	0.000171
GRCh38_CMRG_42337	0	0	0.336279
GRCh38_CMRG_42350	0	0	0.542548
GRCh38_CMRG_42361	0	0	0.242691
GRCh38_CMRG_42363	0	0	0.243687
GRCh38_CMRG_42385	0	0	0.881673
GRCh38_CMRG_42390	0	0	0.004023
GRCh38_CMRG_42392	0	0	0.003334
GRCh38_CMRG_42400	0	0	0.888934
GRCh38_CMRG_42411	0	0	0.0
GRCh38_CMRG_42421	0	0	0.376522
GRCh38_CMRG_42422	0	0	0.752379
GRCh38_CMRG_42439	0	0	0.475492
GRCh38_CMRG_42456	0	0	0.416529
GRCh38_CMRG_42484	0	0	0.0
GRCh38_CMRG_42485	0	0	0.434104
GRCh38_CMRG_42493	0	0	0.477053
GRCh38_CMRG_42494	0	0	0.0
GRCh38_CMRG_42495	0	0	0.240796
GRCh38_CMRG_42519	0	0	0.472335
GRCh38_CMRG_42552	0	0	0.0
GRCh38_CMRG_42555	0	0	0.667835
GRCh38_CMRG_42557	0	0	5.5e-05
GRCh38_CMRG_42558	0	0	5.5e-05
GRCh38_CMRG_42559	0	0	0.518195
GRCh38_CMRG_42561	0	0	0.588388
GRCh38_CMRG_42573	0	0	0.0
GRCh38_CMRG_42585	0	0	0.0
GRCh38_CMRG_42586	0	0	0.03382
GRCh38_CMRG_42596	0	0	0.000373
GRCh38_CMRG_428	0	0	0.0
GRCh38_CMRG_430	0	0	0.0
GRCh38_CMRG_433	0	0	0.1377
GRCh38_CMRG_434	0	0	0.00095
GRCh38_CMRG_435	0	0	0.3214
GRCh38_CMRG_43572	0	0	8e-06
GRCh38_CMRG_43573	0	0	0.0
GRCh38_CMRG_43581	0	0	0.982993
GRCh38_CMRG_43582	0	0	0.651279
GRCh38_CMRG_43584	0	0	0.677436
GRCh38_CMRG_43585	0	0	0.503122
GRCh38_CMRG_43588	0	0	0.007952
GRCh38_CMRG_43589	0	0	0.8651
GRCh38_CMRG_43591	0	0	0.0
GRCh38_CMRG_43614	0	0	0.0
GRCh38_CMRG_43615	0	0	0.0
GRCh38_CMRG_43616	0	0	0.0
GRCh38_CMRG_43629	0	0	0.829535
GRCh38_CMRG_43632	0	0	0.076035
GRCh38_CMRG_43635	0	0	0.0
GRCh38_CMRG_43653	0	0	0.927256
GRCh38_CMRG_43655	0	0	0.0
GRCh38_CMRG_43657	0	0	0.0
GRCh38_CMRG_43662	0	0	0.045592
GRCh38_CMRG_43684	0	0	0.0
GRCh38_CMRG_43685	0	0	0.0
GRCh38_CMRG_43686	0	0	0.0
GRCh38_CMRG_43692	0	0	0.0
GRCh38_CMRG_43695	0	0	0.178089
GRCh38_CMRG_43698	0	0	0.473454
GRCh38_CMRG_43699	0	0	0.473454
GRCh38_CMRG_437	0	0	0.0
GRCh38_CMRG_43702	0	0	0.6382
GRCh38_CMRG_43704	0	0	0.0
GRCh38_CMRG_43711	0	0	0.0
GRCh38_CMRG_43721	0	0	0.4248
GRCh38_CMRG_43727	0	0	0.003265
GRCh38_CMRG_43729	0	0	0.0
GRCh38_CMRG_43734	0	0	0.0
GRCh38_CMRG_43737	0	0	0.281475
GRCh38_CMRG_43771	0	0	0.635235
GRCh38_CMRG_43772	0	0	9.5e-05
GRCh38_CMRG_43786	0	0	0.544243
GRCh38_CMRG_43791	0	0	0.093241
GRCh38_CMRG_43793	0	0	0.508093
GRCh38_CMRG_43795	0	0	0.090027
GRCh38_CMRG_43797	0	0	0.000229
GRCh38_CMRG_43800	0	0	0.055889
GRCh38_CMRG_43804	0	0	0.000108
GRCh38_CMRG_43807	0	0	0.87721
GRCh38_CMRG_43815	0	0	0.409424
GRCh38_CMRG_43816	0	0	0.0
GRCh38_CMRG_43817	0	0	0.0
GRCh38_CMRG_43821	0	0	0.871487
GRCh38_CMRG_43830	0	0	0.557608
GRCh38_CMRG_43831	0	0	0.480603
GRCh38_CMRG_43832	0	0	0.480603
GRCh38_CMRG_43836	0	0	0.433046
GRCh38_CMRG_43839	0	0	0.00811
GRCh38_CMRG_43843	0	0	0.172032
GRCh38_CMRG_43849	0	0	0.406907
GRCh38_CMRG_43875	0	0	0.796441
GRCh38_CMRG_43878	0	0	0.0
GRCh38_CMRG_43892	0	0	0.0
GRCh38_CMRG_43893	0	0	0.0
GRCh38_CMRG_43897	0	0	9e-06
GRCh38_CMRG_43902	0	0	0.7582
GRCh38_CMRG_43903	0	0	0.0
GRCh38_CMRG_43907	0	0	0.051632
GRCh38_CMRG_43915	0	0	2.8e-05
GRCh38_CMRG_43919	0	0	0.919919
GRCh38_CMRG_43932	0	0	0.075
GRCh38_CMRG_43935	0	0	0.0
GRCh38_CMRG_43936	0	0	0.0
GRCh38_CMRG_43938	0	0	0.384313
GRCh38_CMRG_43950	0	0	0.0
GRCh38_CMRG_43952	0	0	0.0
GRCh38_CMRG_43954	0	0	0.857222
GRCh38_CMRG_43966	0	0	0.741531
GRCh38_CMRG_43967	0	0	0.0
GRCh38_CMRG_43976	0	0	0.033528
GRCh38_CMRG_43977	0	0	0.0
GRCh38_CMRG_43989	0	0	0.0
GRCh38_CMRG_44008	0	0	0.000291
GRCh38_CMRG_44012	0	0	0.40383
GRCh38_CMRG_44015	0	0	0.243053
GRCh38_CMRG_44028	0	0	0.0
GRCh38_CMRG_44030	0	0	0.0
GRCh38_CMRG_44039	0	0	0.0
GRCh38_CMRG_44056	0	0	0.442086
GRCh38_CMRG_44066	0	0	0.67187
GRCh38_CMRG_44068	0	0	0.0
GRCh38_CMRG_44072	0	0	0.004511
GRCh38_CMRG_44073	0	0	0.004511
GRCh38_CMRG_44075	0	0	0.972129
GRCh38_CMRG_44103	0	0	0.0
GRCh38_CMRG_44104	0	0	0.0
GRCh38_CMRG_44110	0	0	0.0
GRCh38_CMRG_44113	0	0	0.0
GRCh38_CMRG_44121	0	0	0.70517
GRCh38_CMRG_44124	0	0	0.165408
GRCh38_CMRG_44126	0	0	0.432095
GRCh38_CMRG_44129	0	0	0.643546
GRCh38_CMRG_44144	0	0	0.0
GRCh38_CMRG_44147	0	0	0.0
GRCh38_CMRG_44160	0	0	0.673865
GRCh38_CMRG_44166	0	0	0.92507
GRCh38_CMRG_44167	0	0	0.048085
GRCh38_CMRG_44183	0	0	0.540375
GRCh38_CMRG_44188	0	0	0.0
GRCh38_CMRG_44196	0	0	0.137028
GRCh38_CMRG_44197	0	0	1.6e-05
GRCh38_CMRG_44198	0	0	0.0
GRCh38_CMRG_44212	0	0	0.0
GRCh38_CMRG_44215	0	0	0.0
GRCh38_CMRG_44223	0	0	0.0
GRCh38_CMRG_44227	0	0	0.424317
GRCh38_CMRG_44229	0	0	0.120356
GRCh38_CMRG_44232	0	0	0.000192
GRCh38_CMRG_44239	0	0	0.294244
GRCh38_CMRG_44240	0	0	0.294244
GRCh38_CMRG_44242	0	0	0.13196
GRCh38_CMRG_44243	0	0	0.13196
GRCh38_CMRG_44258	0	0	0.0
GRCh38_CMRG_44273	0	0	0.275921
GRCh38_CMRG_44274	0	0	0.966271
GRCh38_CMRG_44285	0	0	0.871135
GRCh38_CMRG_443	0	0	0.0
GRCh38_CMRG_44307	0	0	0.0
GRCh38_CMRG_44308	0	0	0.462355
GRCh38_CMRG_44315	0	0	0.721689
GRCh38_CMRG_44321	0	0	0.389542
GRCh38_CMRG_44356	0	0	0.437948
GRCh38_CMRG_44360	0	0	0.000255
GRCh38_CMRG_44365	0	0	0.0
GRCh38_CMRG_44369	0	0	5.3e-05
GRCh38_CMRG_44374	0	0	0.957852
GRCh38_CMRG_44388	0	0	0.0
GRCh38_CMRG_44389	0	0	0.0
GRCh38_CMRG_44391	0	0	0.824696
GRCh38_CMRG_44402	0	0	0.0
GRCh38_CMRG_44428	0	0	0.309734
GRCh38_CMRG_44434	0	0	0.915704
GRCh38_CMRG_44445	0	0	0.0
GRCh38_CMRG_44484	0	0	0.0
GRCh38_CMRG_44491	0	0	0.0
GRCh38_CMRG_445	0	0	0.0
GRCh38_CMRG_44506	0	0	0.005235
GRCh38_CMRG_44508	0	0	0.0
GRCh38_CMRG_44512	0	0	0.408367
GRCh38_CMRG_44513	0	0	0.946997
GRCh38_CMRG_44528	0	0	0.253435
GRCh38_CMRG_44532	0	0	0.007734
GRCh38_CMRG_44545	0	0	0.071726
GRCh38_CMRG_44546	0	0	0.261095
GRCh38_CMRG_44548	0	0	0.0
GRCh38_CMRG_44550	0	0	0.741336
GRCh38_CMRG_44556	0	0	0.0
GRCh38_CMRG_44558	0	0	0.0
GRCh38_CMRG_44559	0	0	0.000288
GRCh38_CMRG_44609	0	0	0.0
GRCh38_CMRG_44611	0	0	0.258305
GRCh38_CMRG_44615	0	0	0.319177
GRCh38_CMRG_44616	0	0	0.0
GRCh38_CMRG_44656	0	0	0.0
GRCh38_CMRG_44657	0	0	0.0
GRCh38_CMRG_44658	0	0	0.0
GRCh38_CMRG_44659	0	0	0.8455
GRCh38_CMRG_44660	0	0	0.8455
GRCh38_CMRG_44665	0	0	0.125976
GRCh38_CMRG_44669	0	0	0.000292
GRCh38_CMRG_44673	0	0	0.87707
GRCh38_CMRG_44677	0	0	0.6878
GRCh38_CMRG_44678	0	0	0.0
GRCh38_CMRG_44685	0	0	0.403102
GRCh38_CMRG_44686	0	0	0.284108
GRCh38_CMRG_44692	0	0	0.0
GRCh38_CMRG_44693	0	0	0.0
GRCh38_CMRG_44694	0	0	0.566908
GRCh38_CMRG_44723	0	0	0.0
GRCh38_CMRG_44724	0	0	0.0
GRCh38_CMRG_44738	0	0	0.0
GRCh38_CMRG_44763	0	0	0.317644
GRCh38_CMRG_44764	0	0	0.003946
GRCh38_CMRG_44768	0	0	0.000312
GRCh38_CMRG_44779	0	0	0.9596
GRCh38_CMRG_44792	0	0	0.0
GRCh38_CMRG_44799	0	0	0.37685
GRCh38_CMRG_44809	0	0	0.823903
GRCh38_CMRG_44810	0	0	0.280674
GRCh38_CMRG_44819	0	0	0.0
GRCh38_CMRG_44821	0	0	0.005664
GRCh38_CMRG_44823	0	0	0.961725
GRCh38_CMRG_44826	0	0	0.840415
GRCh38_CMRG_44840	0	0	0.04605
GRCh38_CMRG_44843	0	0	4.8e-05
GRCh38_CMRG_44848	0	0	0.0
GRCh38_CMRG_44850	0	0	0.5074
GRCh38_CMRG_44859	0	0	0.0
GRCh38_CMRG_44860	0	0	0.0
GRCh38_CMRG_44861	0	0	0.388551
GRCh38_CMRG_44866	0	0	0.0
GRCh38_CMRG_44868	0	0	0.0
GRCh38_CMRG_44869	0	0	0.0
GRCh38_CMRG_44870	0	0	0.0
GRCh38_CMRG_44879	0	0	0.0
GRCh38_CMRG_44880	0	0	0.0
GRCh38_CMRG_44905	0	0	0.000191
GRCh38_CMRG_44917	0	0	0.0
GRCh38_CMRG_44918	0	0	0.0
GRCh38_CMRG_44920	0	0	0.0
GRCh38_CMRG_44922	0	0	0.000382
GRCh38_CMRG_44935	0	0	0.000183
GRCh38_CMRG_44936	0	0	0.001287
GRCh38_CMRG_44949	0	0	0.587196
GRCh38_CMRG_44951	0	0	0.581849
GRCh38_CMRG_44957	0	0	0.195353
GRCh38_CMRG_44958	0	0	0.195353
GRCh38_CMRG_44965	0	0	0.348039
GRCh38_CMRG_44980	0	0	0.0
GRCh38_CMRG_44981	0	0	0.0
GRCh38_CMRG_44985	0	0	8e-06
GRCh38_CMRG_44995	0	0	0.0
GRCh38_CMRG_44996	0	0	0.00101
GRCh38_CMRG_45000	0	0	0.0
GRCh38_CMRG_45001	0	0	0.0
GRCh38_CMRG_45004	0	0	0.493912
GRCh38_CMRG_45016	0	0	0.000731
GRCh38_CMRG_45026	0	0	9e-06
GRCh38_CMRG_45031	0	0	0.324797
GRCh38_CMRG_45032	0	0	0.845301
GRCh38_CMRG_45035	0	0	0.0
GRCh38_CMRG_45058	0	0	0.0
GRCh38_CMRG_45059	0	0	0.0
GRCh38_CMRG_45085	0	0	0.002176
GRCh38_CMRG_45095	0	0	0.372736
GRCh38_CMRG_45096	0	0	0.283924
GRCh38_CMRG_451	0	0	0.0
GRCh38_CMRG_45102	0	0	0.0
GRCh38_CMRG_45107	0	0	0.718926
GRCh38_CMRG_45117	0	0	0.044338
GRCh38_CMRG_45119	0	0	0.000516
GRCh38_CMRG_45120	0	0	0.0
GRCh38_CMRG_45129	0	0	0.380472
GRCh38_CMRG_45135	0	0	0.0
GRCh38_CMRG_45136	0	0	0.0
GRCh38_CMRG_45139	0	0	0.0
GRCh38_CMRG_45169	0	0	0.0
GRCh38_CMRG_45170	0	0	0.0
GRCh38_CMRG_45171	0	0	0.0
GRCh38_CMRG_45172	0	0	0.0
GRCh38_CMRG_45173	0	0	0.0
GRCh38_CMRG_45177	0	0	0.001063
GRCh38_CMRG_45188	0	0	0.0
GRCh38_CMRG_45204	0	0	0.5804
GRCh38_CMRG_45206	0	0	0.0
GRCh38_CMRG_45207	0	0	0.0
GRCh38_CMRG_45208	0	0	0.0
GRCh38_CMRG_45219	0	0	0.0
GRCh38_CMRG_45221	0	0	0.0
GRCh38_CMRG_45226	0	0	0.0
GRCh38_CMRG_45228	0	0	0.0
GRCh38_CMRG_45229	0	0	0.0
GRCh38_CMRG_45232	0	0	0.0
GRCh38_CMRG_45234	0	0	0.0
GRCh38_CMRG_45247	0	0	0.00073
GRCh38_CMRG_45249	0	0	0.101031
GRCh38_CMRG_45255	0	0	0.0
GRCh38_CMRG_45259	0	0	0.476033
GRCh38_CMRG_45260	0	0	0.0
GRCh38_CMRG_45262	0	0	0.006384
GRCh38_CMRG_45263	0	0	0.043332
GRCh38_CMRG_45264	0	0	0.0
GRCh38_CMRG_45265	0	0	0.043332
GRCh38_CMRG_45269	0	0	6.4e-05
GRCh38_CMRG_45270	0	0	0.07664
GRCh38_CMRG_45274	0	0	0.0
GRCh38_CMRG_45275	0	0	0.006937
GRCh38_CMRG_45276	0	0	0.0
GRCh38_CMRG_45348	0	0	0.421325
GRCh38_CMRG_45354	0	0	0.0
GRCh38_CMRG_45361	0	0	0.5411
GRCh38_CMRG_45365	0	0	0.353176
GRCh38_CMRG_45366	0	0	0.353176
GRCh38_CMRG_45369	0	0	0.312677
GRCh38_CMRG_45379	0	0	0.0
GRCh38_CMRG_45381	0	0	0.0
GRCh38_CMRG_45382	0	0	0.0
GRCh38_CMRG_45383	0	0	0.0
GRCh38_CMRG_45392	0	0	0.0
GRCh38_CMRG_45393	0	0	0.5
GRCh38_CMRG_45394	0	0	0.5
GRCh38_CMRG_45400	0	0	0.0
GRCh38_CMRG_45405	0	0	0.0
GRCh38_CMRG_45413	0	0	0.41452
GRCh38_CMRG_45414	0	0	0.0
GRCh38_CMRG_45418	0	0	0.0
GRCh38_CMRG_45422	0	0	0.281543
GRCh38_CMRG_45423	0	0	0.0
GRCh38_CMRG_45424	0	0	0.0
GRCh38_CMRG_45425	0	0	8e-06
GRCh38_CMRG_45429	0	0	0.091975
GRCh38_CMRG_45435	0	0	0.000756
GRCh38_CMRG_45440	0	0	0.0
GRCh38_CMRG_45448	0	0	0.013403
GRCh38_CMRG_45456	0	0	0.0
GRCh38_CMRG_45457	0	0	0.0
GRCh38_CMRG_45460	0	0	0.131139
GRCh38_CMRG_45462	0	0	0.00023
GRCh38_CMRG_45464	0	0	0.111287
GRCh38_CMRG_45465	0	0	0.0
GRCh38_CMRG_45466	0	0	0.156523
GRCh38_CMRG_45468	0	0	0.191111
GRCh38_CMRG_45469	0	0	0.1789
GRCh38_CMRG_45471	0	0	0.084521
GRCh38_CMRG_45476	0	0	0.0
GRCh38_CMRG_45479	0	0	0.0
GRCh38_CMRG_45485	0	0	0.0
GRCh38_CMRG_45486	0	0	0.0
GRCh38_CMRG_45487	0	0	0.24697
GRCh38_CMRG_45488	0	0	0.24697
GRCh38_CMRG_45492	0	0	0.0
GRCh38_CMRG_45498	0	0	0.0
GRCh38_CMRG_45501	0	0	0.003079
GRCh38_CMRG_45504	0	0	0.088146
GRCh38_CMRG_45507	0	0	0.0
GRCh38_CMRG_45511	0	0	0.0
GRCh38_CMRG_45514	0	0	1.6e-05
GRCh38_CMRG_45515	0	0	1.6e-05
GRCh38_CMRG_45520	0	0	0.0
GRCh38_CMRG_45526	0	0	0.0
GRCh38_CMRG_45530	0	0	0.0
GRCh38_CMRG_45543	0	0	0.004064
GRCh38_CMRG_45544	0	0	0.3268
GRCh38_CMRG_45545	0	0	0.3268
GRCh38_CMRG_45557	0	0	0.0
GRCh38_CMRG_45559	0	0	0.0
GRCh38_CMRG_45565	0	0	0.0
GRCh38_CMRG_45566	0	0	3.2e-05
GRCh38_CMRG_45567	0	0	0.0
GRCh38_CMRG_45574	0	0	0.0
GRCh38_CMRG_45575	0	0	0.0
GRCh38_CMRG_45579	0	0	0.796027
GRCh38_CMRG_45599	0	0	0.0
GRCh38_CMRG_456	0	0	0.055621
GRCh38_CMRG_45600	0	0	0.00351
GRCh38_CMRG_45601	0	0	0.0
GRCh38_CMRG_45602	0	0	0.173987
GRCh38_CMRG_45611	0	0	0.0
GRCh38_CMRG_45622	0	0	0.1387
GRCh38_CMRG_45626	0	0	0.656988
GRCh38_CMRG_45628	0	0	0.0
GRCh38_CMRG_45631	0	0	0.00819
GRCh38_CMRG_45634	0	0	0.0
GRCh38_CMRG_45635	0	0	0.477284
GRCh38_CMRG_45638	0	0	0.189283
GRCh38_CMRG_45639	0	0	0.0
GRCh38_CMRG_45648	0	0	0.0
GRCh38_CMRG_45649	0	0	0.038122
GRCh38_CMRG_45650	0	0	0.0
GRCh38_CMRG_45661	0	0	0.0
GRCh38_CMRG_45680	0	0	0.0
GRCh38_CMRG_45681	0	0	0.444058
GRCh38_CMRG_45684	0	0	0.483771
GRCh38_CMRG_45685	0	0	0.000145
GRCh38_CMRG_45692	0	0	0.0
GRCh38_CMRG_45703	0	0	6.3e-05
GRCh38_CMRG_45707	0	0	0.026923
GRCh38_CMRG_45716	0	0	0.0
GRCh38_CMRG_45718	0	0	0.469185
GRCh38_CMRG_45726	0	0	0.029732
GRCh38_CMRG_45727	0	0	0.002048
GRCh38_CMRG_45732	0	0	0.030577
GRCh38_CMRG_45740	0	0	0.0
GRCh38_CMRG_45750	0	0	0.0
GRCh38_CMRG_45758	0	0	0.748723
GRCh38_CMRG_45764	0	0	0.044556
GRCh38_CMRG_45770	0	0	0.980504
GRCh38_CMRG_45771	0	0	0.0
GRCh38_CMRG_45773	0	0	0.723207
GRCh38_CMRG_45777	0	0	0.477989
GRCh38_CMRG_45779	0	0	0.0
GRCh38_CMRG_45780	0	0	0.0
GRCh38_CMRG_45802	0	0	0.234647
GRCh38_CMRG_45808	0	0	0.059004
GRCh38_CMRG_45815	0	0	0.010455
GRCh38_CMRG_45824	0	0	0.861814
GRCh38_CMRG_45828	0	0	0.090346
GRCh38_CMRG_45830	0	0	0.000278
GRCh38_CMRG_45831	0	0	0.541926
GRCh38_CMRG_45832	0	0	0.209375
GRCh38_CMRG_45838	0	0	0.838695
GRCh38_CMRG_45839	0	0	0.0
GRCh38_CMRG_45840	0	0	0.0
GRCh38_CMRG_45852	0	0	0.0
GRCh38_CMRG_45853	0	0	0.0
GRCh38_CMRG_45858	0	0	0.417806
GRCh38_CMRG_45859	0	0	0.417806
GRCh38_CMRG_45875	0	0	0.347105
GRCh38_CMRG_45877	0	0	0.67269
GRCh38_CMRG_45884	0	0	0.0
GRCh38_CMRG_45889	0	0	0.0
GRCh38_CMRG_45892	0	0	0.0
GRCh38_CMRG_45894	0	0	0.0
GRCh38_CMRG_45896	0	0	0.21133
GRCh38_CMRG_45898	0	0	0.0
GRCh38_CMRG_45902	0	0	0.0
GRCh38_CMRG_45904	0	0	0.0
GRCh38_CMRG_45907	0	0	0.873088
GRCh38_CMRG_45918	0	0	0.188476
GRCh38_CMRG_45926	0	0	0.193811
GRCh38_CMRG_45941	0	0	0.4299
GRCh38_CMRG_45963	0	0	0.715547
GRCh38_CMRG_45973	0	0	0.453997
GRCh38_CMRG_45974	0	0	0.349048
GRCh38_CMRG_45977	0	0	0.0
GRCh38_CMRG_45978	0	0	0.0
GRCh38_CMRG_45984	0	0	0.938671
GRCh38_CMRG_45999	0	0	0.131168
GRCh38_CMRG_46003	0	0	0.003103
GRCh38_CMRG_46004	0	0	0.0
GRCh38_CMRG_46005	0	0	0.0
GRCh38_CMRG_46007	0	0	0.603823
GRCh38_CMRG_46008	0	0	0.345301
GRCh38_CMRG_46009	0	0	0.0
GRCh38_CMRG_46011	0	0	0.082756
GRCh38_CMRG_46024	0	0	0.359174
GRCh38_CMRG_46025	0	0	0.0
GRCh38_CMRG_46027	0	0	0.086189
GRCh38_CMRG_46028	0	0	0.0
GRCh38_CMRG_46039	0	0	0.0
GRCh38_CMRG_46042	0	0	0.0
GRCh38_CMRG_46043	0	0	0.0
GRCh38_CMRG_46044	0	0	0.338226
GRCh38_CMRG_46059	0	0	0.544177
GRCh38_CMRG_46060	0	0	0.259642
GRCh38_CMRG_46062	0	0	0.31159
GRCh38_CMRG_46066	0	0	0.0
GRCh38_CMRG_46071	0	0	0.440499
GRCh38_CMRG_46078	0	0	0.0
GRCh38_CMRG_46083	0	0	0.0
GRCh38_CMRG_46087	0	0	0.5
GRCh38_CMRG_46088	0	0	0.667883
GRCh38_CMRG_46099	0	0	0.449735
GRCh38_CMRG_461	0	0	0.0
GRCh38_CMRG_46100	0	0	0.43631
GRCh38_CMRG_46109	0	0	0.0
GRCh38_CMRG_46130	0	0	0.274882
GRCh38_CMRG_46131	0	0	0.494068
GRCh38_CMRG_46132	0	0	0.010502
GRCh38_CMRG_46143	0	0	0.058518
GRCh38_CMRG_46144	0	0	0.0
GRCh38_CMRG_46150	0	0	0.108976
GRCh38_CMRG_46151	0	0	0.047612
GRCh38_CMRG_46155	0	0	0.680506
GRCh38_CMRG_46182	0	0	0.057184
GRCh38_CMRG_46186	0	0	0.011491
GRCh38_CMRG_46187	0	0	0.011491
GRCh38_CMRG_46189	0	0	0.398657
GRCh38_CMRG_46192	0	0	0.071089
GRCh38_CMRG_46201	0	0	0.689146
GRCh38_CMRG_46204	0	0	0.006676
GRCh38_CMRG_46206	0	0	0.421689
GRCh38_CMRG_46224	0	0	0.160916
GRCh38_CMRG_46235	0	0	0.015448
GRCh38_CMRG_46236	0	0	0.000144
GRCh38_CMRG_46239	0	0	0.30704
GRCh38_CMRG_46241	0	0	0.577115
GRCh38_CMRG_46244	0	0	0.162462
GRCh38_CMRG_46263	0	0	0.16673
GRCh38_CMRG_46265	0	0	0.0
GRCh38_CMRG_46272	0	0	0.067227
GRCh38_CMRG_46284	0	0	0.705589
GRCh38_CMRG_46295	0	0	0.197659
GRCh38_CMRG_46297	0	0	0.023664
GRCh38_CMRG_46301	0	0	0.367338
GRCh38_CMRG_46303	0	0	0.0
GRCh38_CMRG_46304	0	0	0.0
GRCh38_CMRG_46317	0	0	0.0
GRCh38_CMRG_46318	0	0	0.0
GRCh38_CMRG_46323	0	0	0.69939
GRCh38_CMRG_46324	0	0	0.950516
GRCh38_CMRG_46326	0	0	0.0
GRCh38_CMRG_46344	0	0	0.0
GRCh38_CMRG_46345	0	0	0.0
GRCh38_CMRG_46347	0	0	3.2e-05
GRCh38_CMRG_46348	0	0	0.272915
GRCh38_CMRG_46352	0	0	0.533593
GRCh38_CMRG_46355	0	0	0.149412
GRCh38_CMRG_46356	0	0	0.906806
GRCh38_CMRG_46365	0	0	0.5398
GRCh38_CMRG_46370	0	0	0.0
GRCh38_CMRG_46376	0	0	0.0
GRCh38_CMRG_46377	0	0	0.0
GRCh38_CMRG_46379	0	0	0.0
GRCh38_CMRG_46393	0	0	0.0
GRCh38_CMRG_46401	0	0	0.297195
GRCh38_CMRG_46402	0	0	0.0
GRCh38_CMRG_46441	0	0	0.0
GRCh38_CMRG_46452	0	0	0.539643
GRCh38_CMRG_46453	0	0	0.085835
GRCh38_CMRG_46476	0	0	0.000408
GRCh38_CMRG_46490	0	0	0.461627
GRCh38_CMRG_46497	0	0	0.0
GRCh38_CMRG_46501	0	0	0.486102
GRCh38_CMRG_46509	0	0	0.004292
GRCh38_CMRG_46519	0	0	0.963614
GRCh38_CMRG_46528	0	0	0.136005
GRCh38_CMRG_46537	0	0	0.112239
GRCh38_CMRG_46539	0	0	0.324308
GRCh38_CMRG_46542	0	0	0.104433
GRCh38_CMRG_46565	0	0	0.648708
GRCh38_CMRG_46571	0	0	0.0
GRCh38_CMRG_46575	0	0	0.0
GRCh38_CMRG_46585	0	0	0.0
GRCh38_CMRG_46586	0	0	0.0
GRCh38_CMRG_46590	0	0	0.15423
GRCh38_CMRG_46591	0	0	0.000159
GRCh38_CMRG_46594	0	0	0.0
GRCh38_CMRG_466	0	0	0.0
GRCh38_CMRG_46603	0	0	0.0
GRCh38_CMRG_46604	0	0	4e-05
GRCh38_CMRG_46620	0	0	0.78364
GRCh38_CMRG_46630	0	0	0.0
GRCh38_CMRG_46631	0	0	0.0
GRCh38_CMRG_46665	0	0	0.0
GRCh38_CMRG_467	0	0	4.3e-05
GRCh38_CMRG_46762	0	0	0.0
GRCh38_CMRG_46767	0	0	0.09765
GRCh38_CMRG_46768	0	0	0.0
GRCh38_CMRG_46769	0	0	0.1468
GRCh38_CMRG_46771	0	0	0.0
GRCh38_CMRG_46772	0	0	0.01667
GRCh38_CMRG_46776	0	0	0.0
GRCh38_CMRG_46777	0	0	0.0
GRCh38_CMRG_468	0	0	0.4783
GRCh38_CMRG_469	0	0	1.6e-05
GRCh38_CMRG_46989	0	0	0.008286
GRCh38_CMRG_46990	0	0	0.016621
GRCh38_CMRG_470	0	0	0.241568
GRCh38_CMRG_47021	0	0	0.488743
GRCh38_CMRG_47026	0	0	0.492495
GRCh38_CMRG_47027	0	0	0.0
GRCh38_CMRG_47029	0	0	0.0
GRCh38_CMRG_47030	0	0	0.3895
GRCh38_CMRG_47043	0	0	0.023824
GRCh38_CMRG_47044	0	0	0.0
GRCh38_CMRG_47057	0	0	0.521548
GRCh38_CMRG_47058	0	0	0.521548
GRCh38_CMRG_47061	0	0	0.004396
GRCh38_CMRG_47095	0	0	0.0
GRCh38_CMRG_47101	0	0	0.000723
GRCh38_CMRG_47127	0	0	0.967737
GRCh38_CMRG_47130	0	0	0.040505
GRCh38_CMRG_47138	0	0	0.124244
GRCh38_CMRG_47156	0	0	0.93561
GRCh38_CMRG_47164	0	0	0.000592
GRCh38_CMRG_47170	0	0	0.0
GRCh38_CMRG_47172	0	0	0.0
GRCh38_CMRG_47176	0	0	2.4e-05
GRCh38_CMRG_47177	0	0	0.0
GRCh38_CMRG_47178	0	0	0.0
GRCh38_CMRG_47181	0	0	0.000847
GRCh38_CMRG_47185	0	0	0.2048
GRCh38_CMRG_47186	0	0	0.0
GRCh38_CMRG_47192	0	0	0.0
GRCh38_CMRG_47195	0	0	0.912301
GRCh38_CMRG_47209	0	0	0.0
GRCh38_CMRG_47212	0	0	0.877624
GRCh38_CMRG_47218	0	0	0.017088
GRCh38_CMRG_47231	0	0	0.325681
GRCh38_CMRG_47235	0	0	0.305963
GRCh38_CMRG_47242	0	0	0.0
GRCh38_CMRG_47243	0	0	0.009439
GRCh38_CMRG_47249	0	0	0.0
GRCh38_CMRG_47268	0	0	0.0
GRCh38_CMRG_47269	0	0	0.0
GRCh38_CMRG_47271	0	0	0.0
GRCh38_CMRG_47272	0	0	0.0
GRCh38_CMRG_47276	0	0	0.001749
GRCh38_CMRG_47282	0	0	0.599453
GRCh38_CMRG_47307	0	0	0.0
GRCh38_CMRG_47309	0	0	0.001553
GRCh38_CMRG_47310	0	0	0.0
GRCh38_CMRG_47339	0	0	0.290873
GRCh38_CMRG_47341	0	0	0.0
GRCh38_CMRG_47342	0	0	2.4e-05
GRCh38_CMRG_47350	0	0	0.027984
GRCh38_CMRG_47353	0	0	0.966692
GRCh38_CMRG_47354	0	0	0.193473
GRCh38_CMRG_47355	0	0	6.5e-05
GRCh38_CMRG_47362	0	0	0.361667
GRCh38_CMRG_47363	0	0	0.0
GRCh38_CMRG_47380	0	0	0.0
GRCh38_CMRG_47391	0	0	0.146159
GRCh38_CMRG_47393	0	0	0.6318
GRCh38_CMRG_47396	0	0	0.010743
GRCh38_CMRG_47435	0	0	0.0
GRCh38_CMRG_47455	0	0	0.211618
GRCh38_CMRG_47468	0	0	0.8787
GRCh38_CMRG_47472	0	0	0.0
GRCh38_CMRG_47473	0	0	0.0
GRCh38_CMRG_47474	0	0	0.0
GRCh38_CMRG_47477	0	0	0.012285
GRCh38_CMRG_47478	0	0	0.012285
GRCh38_CMRG_47481	0	0	0.105526
GRCh38_CMRG_47508	0	0	0.0
GRCh38_CMRG_47526	0	0	0.0
GRCh38_CMRG_47543	0	0	0.0
GRCh38_CMRG_47544	0	0	0.355882
GRCh38_CMRG_47548	0	0	0.407053
GRCh38_CMRG_47549	0	0	0.617152
GRCh38_CMRG_47553	0	0	0.0
GRCh38_CMRG_47558	0	0	0.8821
GRCh38_CMRG_47559	0	0	0.8821
GRCh38_CMRG_47592	0	0	0.006392
GRCh38_CMRG_47594	0	0	0.0
GRCh38_CMRG_47596	0	0	0.0
GRCh38_CMRG_47597	0	0	0.0
GRCh38_CMRG_476	0	0	0.0
GRCh38_CMRG_47601	0	0	0.167532
GRCh38_CMRG_47606	0	0	0.015825
GRCh38_CMRG_47607	0	0	0.0
GRCh38_CMRG_47608	0	0	0.0
GRCh38_CMRG_47609	0	0	0.0
GRCh38_CMRG_47620	0	0	0.550013
GRCh38_CMRG_47624	0	0	0.0
GRCh38_CMRG_47626	0	0	0.0
GRCh38_CMRG_47634	0	0	0.3087
GRCh38_CMRG_47647	0	0	0.24758
GRCh38_CMRG_47648	0	0	0.699032
GRCh38_CMRG_47660	0	0	0.0
GRCh38_CMRG_47667	0	0	0.0
GRCh38_CMRG_47668	0	0	2.4e-05
GRCh38_CMRG_47695	0	0	0.680362
GRCh38_CMRG_47697	0	0	0.435966
GRCh38_CMRG_47699	0	0	0.0
GRCh38_CMRG_47709	0	0	0.0
GRCh38_CMRG_47715	0	0	0.944066
GRCh38_CMRG_47753	0	0	0.844833
GRCh38_CMRG_47755	0	0	0.342465
GRCh38_CMRG_47772	0	0	0.6238
GRCh38_CMRG_47773	0	0	0.148248
GRCh38_CMRG_47790	0	0	0.238743
GRCh38_CMRG_47792	0	0	0.610205
GRCh38_CMRG_47795	0	0	0.289544
GRCh38_CMRG_47798	0	0	0.030573
GRCh38_CMRG_47811	0	0	0.706546
GRCh38_CMRG_47814	0	0	0.866802
GRCh38_CMRG_47820	0	0	0.1052
GRCh38_CMRG_47821	0	0	0.088355
GRCh38_CMRG_47822	0	0	0.790443
GRCh38_CMRG_47863	0	0	0.65046
GRCh38_CMRG_47871	0	0	0.520533
GRCh38_CMRG_47886	0	0	0.0
GRCh38_CMRG_47887	0	0	0.0
GRCh38_CMRG_47890	0	0	3.2e-05
GRCh38_CMRG_47893	0	0	0.52123
GRCh38_CMRG_47905	0	0	0.907431
GRCh38_CMRG_47906	0	0	0.24777
GRCh38_CMRG_47907	0	0	0.0
GRCh38_CMRG_47928	0	0	0.895411
GRCh38_CMRG_47934	0	0	0.3234
GRCh38_CMRG_47939	0	0	0.603965
GRCh38_CMRG_47947	0	0	0.0
GRCh38_CMRG_47951	0	0	0.0
GRCh38_CMRG_47978	0	0	0.788054
GRCh38_CMRG_47983	0	0	0.000103
GRCh38_CMRG_47987	0	0	0.190134
GRCh38_CMRG_47993	0	0	0.083145
GRCh38_CMRG_48004	0	0	0.0
GRCh38_CMRG_48018	0	0	0.935665
GRCh38_CMRG_48019	0	0	0.56919
GRCh38_CMRG_48022	0	0	0.433339
GRCh38_CMRG_48023	0	0	0.0
GRCh38_CMRG_48026	0	0	0.169733
GRCh38_CMRG_48027	0	0	0.0
GRCh38_CMRG_48028	0	0	0.0
GRCh38_CMRG_48030	0	0	0.0
GRCh38_CMRG_48031	0	0	0.0
GRCh38_CMRG_48033	0	0	0.0
GRCh38_CMRG_48035	0	0	0.219706
GRCh38_CMRG_48037	0	0	0.0
GRCh38_CMRG_48045	0	0	0.0
GRCh38_CMRG_48046	0	0	0.0
GRCh38_CMRG_48070	0	0	0.0
GRCh38_CMRG_48075	0	0	0.0
GRCh38_CMRG_48082	0	0	0.052264
GRCh38_CMRG_48089	0	0	2.9e-05
GRCh38_CMRG_48090	0	0	2.9e-05
GRCh38_CMRG_48093	0	0	0.0
GRCh38_CMRG_48094	0	0	0.0
GRCh38_CMRG_48106	0	0	0.444582
GRCh38_CMRG_48110	0	0	0.093814
GRCh38_CMRG_48118	0	0	0.000627
GRCh38_CMRG_48128	0	0	0.468543
GRCh38_CMRG_48141	0	0	0.1715
GRCh38_CMRG_48142	0	0	0.474756
GRCh38_CMRG_48149	0	0	0.0
GRCh38_CMRG_48170	0	0	0.0004
GRCh38_CMRG_48180	0	0	0.101905
GRCh38_CMRG_48186	0	0	0.615641
GRCh38_CMRG_48191	0	0	0.0004
GRCh38_CMRG_48194	0	0	0.012383
GRCh38_CMRG_48196	0	0	0.67888
GRCh38_CMRG_48198	0	0	0.0
GRCh38_CMRG_48199	0	0	0.0
GRCh38_CMRG_48201	0	0	0.492815
GRCh38_CMRG_48220	0	0	0.371212
GRCh38_CMRG_48248	0	0	0.395418
GRCh38_CMRG_48251	0	0	0.978302
GRCh38_CMRG_48252	0	0	0.0
GRCh38_CMRG_48271	0	0	0.0
GRCh38_CMRG_48281	0	0	0.27529
GRCh38_CMRG_48282	0	0	0.0
GRCh38_CMRG_48283	0	0	8e-06
GRCh38_CMRG_48284	0	0	0.419685
GRCh38_CMRG_48294	0	0	0.0
GRCh38_CMRG_48298	0	0	0.913592
GRCh38_CMRG_48339	0	0	0.0
GRCh38_CMRG_48351	0	0	0.502107
GRCh38_CMRG_48353	0	0	0.0
GRCh38_CMRG_48363	0	0	0.984699
GRCh38_CMRG_48382	0	0	0.000139
GRCh38_CMRG_48389	0	0	0.0
GRCh38_CMRG_48390	0	0	1.0
GRCh38_CMRG_48393	0	0	0.580299
GRCh38_CMRG_48396	0	0	0.979054
GRCh38_CMRG_48411	0	0	0.001181
GRCh38_CMRG_48426	0	0	0.000167
GRCh38_CMRG_48430	0	0	0.0
GRCh38_CMRG_48437	0	0	0.496229
GRCh38_CMRG_48438	0	0	0.004566
GRCh38_CMRG_48443	0	0	0.0
GRCh38_CMRG_48456	0	0	0.000111
GRCh38_CMRG_48466	0	0	0.718857
GRCh38_CMRG_48486	0	0	0.373604
GRCh38_CMRG_48502	0	0	0.340679
GRCh38_CMRG_48513	0	0	0.26483
GRCh38_CMRG_48538	0	0	0.0
GRCh38_CMRG_48539	0	0	0.0
GRCh38_CMRG_48544	0	0	0.694688
GRCh38_CMRG_48548	0	0	0.308894
GRCh38_CMRG_48558	0	0	0.0
GRCh38_CMRG_48559	0	0	0.000131
GRCh38_CMRG_48568	0	0	0.0
GRCh38_CMRG_48578	0	0	0.0
GRCh38_CMRG_48581	0	0	0.0
GRCh38_CMRG_48584	0	0	0.0
GRCh38_CMRG_48632	0	0	0.917071
GRCh38_CMRG_48644	0	0	0.002773
GRCh38_CMRG_48654	0	0	0.0
GRCh38_CMRG_48666	0	0	0.226775
GRCh38_CMRG_48693	0	0	0.0
GRCh38_CMRG_48696	0	0	0.917204
GRCh38_CMRG_48731	0	0	0.0
GRCh38_CMRG_48732	0	0	0.296276
GRCh38_CMRG_48733	0	0	0.0
GRCh38_CMRG_48755	0	0	0.344989
GRCh38_CMRG_48761	0	0	0.021506
GRCh38_CMRG_48762	0	0	0.021506
GRCh38_CMRG_48776	0	0	0.0
GRCh38_CMRG_48777	0	0	0.699407
GRCh38_CMRG_48778	0	0	0.0
GRCh38_CMRG_48784	0	0	0.0
GRCh38_CMRG_48787	0	0	0.495376
GRCh38_CMRG_48789	0	0	0.221974
GRCh38_CMRG_48799	0	0	0.015394
GRCh38_CMRG_48800	0	0	0.025814
GRCh38_CMRG_48801	0	0	0.0
GRCh38_CMRG_48802	0	0	0.320315
GRCh38_CMRG_48803	0	0	0.196752
GRCh38_CMRG_48806	0	0	3.2e-05
GRCh38_CMRG_48814	0	0	0.003209
GRCh38_CMRG_48815	0	0	0.0
GRCh38_CMRG_48816	0	0	0.0
GRCh38_CMRG_48817	0	0	0.0
GRCh38_CMRG_48822	0	0	0.027983
GRCh38_CMRG_48835	0	0	7.8e-05
GRCh38_CMRG_48836	0	0	0.377144
GRCh38_CMRG_48837	0	0	0.377144
GRCh38_CMRG_48839	0	0	0.74197
GRCh38_CMRG_48840	0	0	8e-06
GRCh38_CMRG_48842	0	0	0.203274
GRCh38_CMRG_48854	0	0	0.2728
GRCh38_CMRG_48855	0	0	0.2728
GRCh38_CMRG_48856	0	0	0.0
GRCh38_CMRG_48864	0	0	0.0
GRCh38_CMRG_48887	0	0	0.17556
GRCh38_CMRG_48889	0	0	0.0
GRCh38_CMRG_48908	0	0	0.232024
GRCh38_CMRG_48916	0	0	0.0
GRCh38_CMRG_48920	0	0	0.0
GRCh38_CMRG_48924	0	0	9e-06
GRCh38_CMRG_48933	0	0	0.491236
GRCh38_CMRG_48943	0	0	0.0
GRCh38_CMRG_48944	0	0	0.002545
GRCh38_CMRG_48946	0	0	0.24014
GRCh38_CMRG_48947	0	0	0.000844
GRCh38_CMRG_48957	0	0	0.0
GRCh38_CMRG_48963	0	0	0.0
GRCh38_CMRG_48964	0	0	0.302155
GRCh38_CMRG_48970	0	0	0.0
GRCh38_CMRG_48971	0	0	0.4565
GRCh38_CMRG_48976	0	0	8e-06
GRCh38_CMRG_48977	0	0	0.0
GRCh38_CMRG_48979	0	0	0.2532
GRCh38_CMRG_48980	0	0	0.0
GRCh38_CMRG_48981	0	0	0.0
GRCh38_CMRG_48982	0	0	0.000239
GRCh38_CMRG_48983	0	0	0.425359
GRCh38_CMRG_48985	0	0	0.0
GRCh38_CMRG_48986	0	0	0.239479
GRCh38_CMRG_48997	0	0	0.129779
GRCh38_CMRG_49000	0	0	0.0
GRCh38_CMRG_49002	0	0	0.0
GRCh38_CMRG_49005	0	0	0.0
GRCh38_CMRG_49008	0	0	0.312406
GRCh38_CMRG_49025	0	0	0.0
GRCh38_CMRG_49027	0	0	0.0
GRCh38_CMRG_49032	0	0	0.0
GRCh38_CMRG_49033	0	0	0.000515
GRCh38_CMRG_49036	0	0	0.0
GRCh38_CMRG_49037	0	0	0.0
GRCh38_CMRG_49038	0	0	0.0
GRCh38_CMRG_49039	0	0	0.21968
GRCh38_CMRG_49040	0	0	0.0
GRCh38_CMRG_49046	0	0	0.0
GRCh38_CMRG_49047	0	0	0.0
GRCh38_CMRG_49048	0	0	0.0
GRCh38_CMRG_49079	0	0	0.206917
GRCh38_CMRG_49080	0	0	0.0
GRCh38_CMRG_49086	0	0	0.000816
GRCh38_CMRG_49087	0	0	0.0
GRCh38_CMRG_49094	0	0	0.422705
GRCh38_CMRG_49096	0	0	0.321613
GRCh38_CMRG_49101	0	0	0.0001
GRCh38_CMRG_49104	0	0	0.000156
GRCh38_CMRG_49105	0	0	0.0
GRCh38_CMRG_49109	0	0	0.25
GRCh38_CMRG_49111	0	0	0.0
GRCh38_CMRG_49115	0	0	0.341661
GRCh38_CMRG_49125	0	0	0.0
GRCh38_CMRG_49128	0	0	0.0
GRCh38_CMRG_49129	0	0	0.0
GRCh38_CMRG_49136	0	0	0.000183
GRCh38_CMRG_49146	0	0	0.0
GRCh38_CMRG_49148	0	0	0.0
GRCh38_CMRG_49150	0	0	0.0
GRCh38_CMRG_49155	0	0	0.272869
GRCh38_CMRG_49156	0	0	0.0
GRCh38_CMRG_49163	0	0	0.0
GRCh38_CMRG_49164	0	0	0.0
GRCh38_CMRG_49167	0	0	0.379748
GRCh38_CMRG_49168	0	0	0.311558
GRCh38_CMRG_49180	0	0	0.0
GRCh38_CMRG_49182	0	0	0.30646
GRCh38_CMRG_49184	0	0	0.0
GRCh38_CMRG_49185	0	0	0.0
GRCh38_CMRG_49186	0	0	0.41473
GRCh38_CMRG_49188	0	0	0.3292
GRCh38_CMRG_49189	0	0	0.0
GRCh38_CMRG_49190	0	0	0.0
GRCh38_CMRG_49199	0	0	0.543269
GRCh38_CMRG_49200	0	0	0.0
GRCh38_CMRG_49201	0	0	0.290196
GRCh38_CMRG_49202	0	0	0.0
GRCh38_CMRG_49208	0	0	0.0
GRCh38_CMRG_49211	0	0	0.168756
GRCh38_CMRG_49218	0	0	0.0
GRCh38_CMRG_49219	0	0	0.0
GRCh38_CMRG_49226	0	0	0.0
GRCh38_CMRG_49227	0	0	0.0
GRCh38_CMRG_49228	0	0	0.0
GRCh38_CMRG_49229	0	0	0.0
GRCh38_CMRG_49230	0	0	0.0
GRCh38_CMRG_49231	0	0	0.0
GRCh38_CMRG_49232	0	0	0.000454
GRCh38_CMRG_49235	0	0	0.0
GRCh38_CMRG_49269	0	0	0.276701
GRCh38_CMRG_49274	0	0	0.009428
GRCh38_CMRG_49276	0	0	0.001374
GRCh38_CMRG_49277	0	0	0.0
GRCh38_CMRG_49282	0	0	0.0
GRCh38_CMRG_49287	0	0	0.000136
GRCh38_CMRG_49288	0	0	0.0
GRCh38_CMRG_49289	0	0	0.0
GRCh38_CMRG_49290	0	0	0.0
GRCh38_CMRG_49292	0	0	0.0
GRCh38_CMRG_49296	0	0	0.006168
GRCh38_CMRG_49306	0	0	0.0
GRCh38_CMRG_49314	0	0	0.0
GRCh38_CMRG_49317	0	0	0.0
GRCh38_CMRG_49318	0	0	0.0
GRCh38_CMRG_49319	0	0	0.0
GRCh38_CMRG_49321	0	0	0.0
GRCh38_CMRG_49323	0	0	0.024748
GRCh38_CMRG_49324	0	0	0.267333
GRCh38_CMRG_49332	0	0	0.0
GRCh38_CMRG_49336	0	0	8e-06
GRCh38_CMRG_49338	0	0	0.008258
GRCh38_CMRG_49343	0	0	0.0
GRCh38_CMRG_49348	0	0	0.000341
GRCh38_CMRG_49349	0	0	0.2847
GRCh38_CMRG_49358	0	0	0.0
GRCh38_CMRG_49359	0	0	0.000605
GRCh38_CMRG_49372	0	0	0.0
GRCh38_CMRG_49373	0	0	0.0
GRCh38_CMRG_49376	0	0	0.495767
GRCh38_CMRG_49386	0	0	1.6e-05
GRCh38_CMRG_49387	0	0	0.0
GRCh38_CMRG_49401	0	0	2.4e-05
GRCh38_CMRG_49406	0	0	0.176332
GRCh38_CMRG_49417	0	0	0.016787
GRCh38_CMRG_49418	0	0	0.0
GRCh38_CMRG_49419	0	0	0.0
GRCh38_CMRG_49420	0	0	0.0
GRCh38_CMRG_49421	0	0	0.0
GRCh38_CMRG_49422	0	0	0.0
GRCh38_CMRG_49423	0	0	0.0
GRCh38_CMRG_49424	0	0	0.000824
GRCh38_CMRG_49425	0	0	0.082577
GRCh38_CMRG_49426	0	0	0.0
GRCh38_CMRG_49428	0	0	0.000232
GRCh38_CMRG_49432	0	0	0.1543
GRCh38_CMRG_49433	0	0	0.0
GRCh38_CMRG_49463	0	0	0.0
GRCh38_CMRG_49465	0	0	0.2057
GRCh38_CMRG_49470	0	0	0.0
GRCh38_CMRG_49471	0	0	8.8e-05
GRCh38_CMRG_49476	0	0	0.001584
GRCh38_CMRG_49477	0	0	0.0
GRCh38_CMRG_49483	0	0	0.0
GRCh38_CMRG_49490	0	0	0.132107
GRCh38_CMRG_49492	0	0	0.0
GRCh38_CMRG_49495	0	0	1.6e-05
GRCh38_CMRG_49499	0	0	0.0
GRCh38_CMRG_49500	0	0	0.353061
GRCh38_CMRG_49505	0	0	0.0
GRCh38_CMRG_49506	0	0	0.0
GRCh38_CMRG_49507	0	0	0.0
GRCh38_CMRG_49508	0	0	0.0
GRCh38_CMRG_49520	0	0	0.0
GRCh38_CMRG_49531	0	0	0.1672
GRCh38_CMRG_49532	0	0	0.885509
GRCh38_CMRG_49534	0	0	0.002293
GRCh38_CMRG_49538	0	0	0.487777
GRCh38_CMRG_49539	0	0	0.487777
GRCh38_CMRG_49548	0	0	0.0
GRCh38_CMRG_49550	0	0	0.0
GRCh38_CMRG_49559	0	0	0.0
GRCh38_CMRG_49560	0	0	0.125776
GRCh38_CMRG_49561	0	0	0.125776
GRCh38_CMRG_49567	0	0	0.00039
GRCh38_CMRG_49588	0	0	0.452388
GRCh38_CMRG_49589	0	0	0.452388
GRCh38_CMRG_49597	0	0	0.0
GRCh38_CMRG_49602	0	0	8e-06
GRCh38_CMRG_49611	0	0	0.240527
GRCh38_CMRG_49615	0	0	0.0
GRCh38_CMRG_49620	0	0	0.412178
GRCh38_CMRG_49625	0	0	0.432454
GRCh38_CMRG_49637	0	0	0.0
GRCh38_CMRG_49638	0	0	0.0
GRCh38_CMRG_49640	0	0	0.0
GRCh38_CMRG_49665	0	0	0.367735
GRCh38_CMRG_49667	0	0	0.801207
GRCh38_CMRG_49688	0	0	0.019441
GRCh38_CMRG_49690	0	0	0.062093
GRCh38_CMRG_49699	0	0	0.075866
GRCh38_CMRG_49703	0	0	0.329911
GRCh38_CMRG_49704	0	0	0.0
GRCh38_CMRG_49708	0	0	0.047349
GRCh38_CMRG_49709	0	0	0.167083
GRCh38_CMRG_49711	0	0	0.401811
GRCh38_CMRG_49715	0	0	0.5255
GRCh38_CMRG_49728	0	0	0.4744
GRCh38_CMRG_49731	0	0	0.615364
GRCh38_CMRG_49750	0	0	0.0
GRCh38_CMRG_49752	0	0	0.0
GRCh38_CMRG_49753	0	0	0.0
GRCh38_CMRG_49754	0	0	0.0
GRCh38_CMRG_49756	0	0	0.5444
GRCh38_CMRG_49757	0	0	0.228
GRCh38_CMRG_49765	0	0	0.489237
GRCh38_CMRG_49767	0	0	0.000366
GRCh38_CMRG_49769	0	0	0.0
GRCh38_CMRG_49773	0	0	0.0
GRCh38_CMRG_49782	0	0	0.27847
GRCh38_CMRG_49787	0	0	0.05651
GRCh38_CMRG_49790	0	0	0.465231
GRCh38_CMRG_49792	0	0	0.0
GRCh38_CMRG_49809	0	0	0.0
GRCh38_CMRG_49816	0	0	0.24444
GRCh38_CMRG_49822	0	0	0.232282
GRCh38_CMRG_49825	0	0	0.129031
GRCh38_CMRG_49827	0	0	0.628056
GRCh38_CMRG_49841	0	0	0.482946
GRCh38_CMRG_49855	0	0	0.878362
GRCh38_CMRG_49856	0	0	0.0
GRCh38_CMRG_49858	0	0	0.0
GRCh38_CMRG_49859	0	0	0.038306
GRCh38_CMRG_49860	0	0	0.0
GRCh38_CMRG_49861	0	0	0.0
GRCh38_CMRG_49867	0	0	0.698797
GRCh38_CMRG_49899	0	0	0.000629
GRCh38_CMRG_49900	0	0	0.000629
GRCh38_CMRG_49901	0	0	0.0
GRCh38_CMRG_49902	0	0	0.976625
GRCh38_CMRG_49907	0	0	0.305075
GRCh38_CMRG_49911	0	0	0.745883
GRCh38_CMRG_49918	0	0	0.638845
GRCh38_CMRG_49921	0	0	0.5
GRCh38_CMRG_49935	0	0	0.0
GRCh38_CMRG_49939	0	0	0.462367
GRCh38_CMRG_49957	0	0	0.001405
GRCh38_CMRG_49958	0	0	0.001405
GRCh38_CMRG_49989	0	0	0.0
GRCh38_CMRG_49995	0	0	0.039686
GRCh38_CMRG_50009	0	0	0.784403
GRCh38_CMRG_50023	0	0	0.021023
GRCh38_CMRG_50029	0	0	0.0
GRCh38_CMRG_50032	0	0	0.067567
GRCh38_CMRG_50033	0	0	0.0
GRCh38_CMRG_50040	0	0	0.2412
GRCh38_CMRG_50041	0	0	0.130904
GRCh38_CMRG_50050	0	0	0.0
GRCh38_CMRG_50077	0	0	0.033413
GRCh38_CMRG_50081	0	0	0.482981
GRCh38_CMRG_501	0	0	0.067374
GRCh38_CMRG_50104	0	0	0.62
GRCh38_CMRG_50111	0	0	0.407409
GRCh38_CMRG_50127	0	0	0.689663
GRCh38_CMRG_50128	0	0	0.707643
GRCh38_CMRG_50143	0	0	0.486721
GRCh38_CMRG_50147	0	0	0.13075
GRCh38_CMRG_50151	0	0	6.4e-05
GRCh38_CMRG_50154	0	0	0.0
GRCh38_CMRG_50160	0	0	0.001092
GRCh38_CMRG_50161	0	0	0.004297
GRCh38_CMRG_50164	0	0	0.012901
GRCh38_CMRG_50167	0	0	0.125171
GRCh38_CMRG_50171	0	0	0.0
GRCh38_CMRG_50173	0	0	0.0
GRCh38_CMRG_50181	0	0	0.325008
GRCh38_CMRG_50194	0	0	0.669854
GRCh38_CMRG_502	0	0	0.0
GRCh38_CMRG_50203	0	0	0.0
GRCh38_CMRG_50204	0	0	0.0
GRCh38_CMRG_50205	0	0	0.562375
GRCh38_CMRG_50210	0	0	0.000175
GRCh38_CMRG_50213	0	0	0.364182
GRCh38_CMRG_50214	0	0	0.364182
GRCh38_CMRG_50224	0	0	0.0
GRCh38_CMRG_50225	0	0	0.57876
GRCh38_CMRG_50238	0	0	0.371935
GRCh38_CMRG_50259	0	0	0.62162
GRCh38_CMRG_50261	0	0	0.433365
GRCh38_CMRG_50265	0	0	0.00115
GRCh38_CMRG_50271	0	0	0.522188
GRCh38_CMRG_50273	0	0	0.0
GRCh38_CMRG_50274	0	0	0.392601
GRCh38_CMRG_50284	0	0	0.0
GRCh38_CMRG_50285	0	0	0.0
GRCh38_CMRG_50288	0	0	0.025296
GRCh38_CMRG_50290	0	0	0.0
GRCh38_CMRG_50291	0	0	0.276895
GRCh38_CMRG_50303	0	0	0.0
GRCh38_CMRG_50307	0	0	0.740936
GRCh38_CMRG_50313	0	0	0.709246
GRCh38_CMRG_50325	0	0	0.1111
GRCh38_CMRG_50335	0	0	0.208394
GRCh38_CMRG_50337	0	0	0.0
GRCh38_CMRG_50354	0	0	0.04335
GRCh38_CMRG_50355	0	0	0.001282
GRCh38_CMRG_50359	0	0	9e-06
GRCh38_CMRG_50366	0	0	0.0
GRCh38_CMRG_50370	0	0	0.001583
GRCh38_CMRG_50373	0	0	0.42614
GRCh38_CMRG_50378	0	0	8e-06
GRCh38_CMRG_50384	0	0	4e-05
GRCh38_CMRG_50388	0	0	0.536339
GRCh38_CMRG_50398	0	0	0.0
GRCh38_CMRG_50403	0	0	0.271607
GRCh38_CMRG_50422	0	0	0.572297
GRCh38_CMRG_50434	0	0	0.014806
GRCh38_CMRG_50439	0	0	0.822978
GRCh38_CMRG_50440	0	0	0.830941
GRCh38_CMRG_50451	0	0	0.964515
GRCh38_CMRG_50455	0	0	0.14123
GRCh38_CMRG_50456	0	0	0.000103
GRCh38_CMRG_50461	0	0	0.003006
GRCh38_CMRG_50470	0	0	0.0
GRCh38_CMRG_50472	0	0	0.441773
GRCh38_CMRG_50473	0	0	0.424773
GRCh38_CMRG_50480	0	0	0.253748
GRCh38_CMRG_50488	0	0	0.846108
GRCh38_CMRG_50492	0	0	0.01058
GRCh38_CMRG_50500	0	0	0.0
GRCh38_CMRG_50507	0	0	0.024185
GRCh38_CMRG_50517	0	0	0.0
GRCh38_CMRG_50522	0	0	0.935685
GRCh38_CMRG_50523	0	0	0.598445
GRCh38_CMRG_50531	0	0	0.008964
GRCh38_CMRG_50537	0	0	0.0
GRCh38_CMRG_50547	0	0	0.0
GRCh38_CMRG_50560	0	0	0.456357
GRCh38_CMRG_50562	0	0	0.473618
GRCh38_CMRG_50583	0	0	0.3318
GRCh38_CMRG_50595	0	0	0.496957
GRCh38_CMRG_50596	0	0	0.496957
GRCh38_CMRG_50609	0	0	0.349383
GRCh38_CMRG_50615	0	0	0.718369
GRCh38_CMRG_50620	0	0	0.834604
GRCh38_CMRG_50625	0	0	0.528484
GRCh38_CMRG_50629	0	0	0.673281
GRCh38_CMRG_50630	0	0	0.4445
GRCh38_CMRG_50634	0	0	0.4769
GRCh38_CMRG_50636	0	0	0.986104
GRCh38_CMRG_50643	0	0	0.516385
GRCh38_CMRG_50645	0	0	0.0
GRCh38_CMRG_50648	0	0	0.528
GRCh38_CMRG_50649	0	0	0.60256
GRCh38_CMRG_50652	0	0	0.0
GRCh38_CMRG_50660	0	0	0.915592
GRCh38_CMRG_50670	0	0	0.0
GRCh38_CMRG_50672	0	0	0.0
GRCh38_CMRG_50681	0	0	0.0
GRCh38_CMRG_50685	0	0	0.4285
GRCh38_CMRG_50686	0	0	0.007918
GRCh38_CMRG_50700	0	0	0.4384
GRCh38_CMRG_50702	0	0	0.0
GRCh38_CMRG_50705	0	0	0.1529
GRCh38_CMRG_50716	0	0	0.0
GRCh38_CMRG_50772	0	0	0.0
GRCh38_CMRG_50780	0	0	0.340598
GRCh38_CMRG_50801	0	0	0.239238
GRCh38_CMRG_50806	0	0	0.203935
GRCh38_CMRG_50810	0	0	0.053761
GRCh38_CMRG_50811	0	0	0.0
GRCh38_CMRG_50819	0	0	0.236571
GRCh38_CMRG_50823	0	0	0.0
GRCh38_CMRG_50824	0	0	0.954398
GRCh38_CMRG_50834	0	0	0.000156
GRCh38_CMRG_50838	0	0	0.0
GRCh38_CMRG_50842	0	0	0.0
GRCh38_CMRG_50843	0	0	0.0
GRCh38_CMRG_50844	0	0	0.0
GRCh38_CMRG_50846	0	0	0.0
GRCh38_CMRG_50847	0	0	0.0
GRCh38_CMRG_50848	0	0	0.0
GRCh38_CMRG_50849	0	0	0.0
GRCh38_CMRG_50850	0	0	0.843916
GRCh38_CMRG_50852	0	0	0.287189
GRCh38_CMRG_50855	0	0	0.006096
GRCh38_CMRG_50876	0	0	0.0
GRCh38_CMRG_50877	0	0	0.000248
GRCh38_CMRG_50882	0	0	0.461514
GRCh38_CMRG_50883	0	0	0.461514
GRCh38_CMRG_50887	0	0	0.0
GRCh38_CMRG_50894	0	0	0.0
GRCh38_CMRG_50906	0	0	0.852105
GRCh38_CMRG_50921	0	0	0.0
GRCh38_CMRG_50930	0	0	0.0
GRCh38_CMRG_50931	0	0	0.000739
GRCh38_CMRG_50935	0	0	0.0
GRCh38_CMRG_50939	0	0	0.276527
GRCh38_CMRG_50944	0	0	0.636591
GRCh38_CMRG_50954	0	0	0.752888
GRCh38_CMRG_50957	0	0	0.3799
GRCh38_CMRG_50969	0	0	0.016014
GRCh38_CMRG_50982	0	0	0.938992
GRCh38_CMRG_50992	0	0	0.675522
GRCh38_CMRG_51004	0	0	0.001129
GRCh38_CMRG_51018	0	0	0.402514
GRCh38_CMRG_51024	0	0	0.0
GRCh38_CMRG_51044	0	0	0.449291
GRCh38_CMRG_51069	0	0	0.0
GRCh38_CMRG_51071	0	0	0.312617
GRCh38_CMRG_51092	0	0	0.00051
GRCh38_CMRG_51095	0	0	0.0
GRCh38_CMRG_51096	0	0	0.0
GRCh38_CMRG_51098	0	0	0.0
GRCh38_CMRG_51103	0	0	0.000104
GRCh38_CMRG_51107	0	0	0.0
GRCh38_CMRG_51115	0	0	0.906155
GRCh38_CMRG_51127	0	0	0.090786
GRCh38_CMRG_51152	0	0	0.624259
GRCh38_CMRG_51158	0	0	0.403789
GRCh38_CMRG_51177	0	0	0.282948
GRCh38_CMRG_51245	0	0	0.000152
GRCh38_CMRG_51256	0	0	0.081067
GRCh38_CMRG_51268	0	0	0.4778
GRCh38_CMRG_51277	0	0	0.0
GRCh38_CMRG_51278	0	0	0.0
GRCh38_CMRG_51281	0	0	0.0
GRCh38_CMRG_513	0	0	0.026812
GRCh38_CMRG_51319	0	0	0.528099
GRCh38_CMRG_51325	0	0	0.027198
GRCh38_CMRG_51354	0	0	0.0
GRCh38_CMRG_51362	0	0	0.0
GRCh38_CMRG_51366	0	0	0.0
GRCh38_CMRG_51370	0	0	0.001496
GRCh38_CMRG_51390	0	0	0.0
GRCh38_CMRG_514	0	0	0.0
GRCh38_CMRG_51410	0	0	8e-06
GRCh38_CMRG_51411	0	0	0.0
GRCh38_CMRG_51412	0	0	0.0
GRCh38_CMRG_51413	0	0	0.0
GRCh38_CMRG_51420	0	0	0.0
GRCh38_CMRG_51423	0	0	0.430959
GRCh38_CMRG_51425	0	0	0.421923
GRCh38_CMRG_51426	0	0	0.421923
GRCh38_CMRG_51439	0	0	0.1225
GRCh38_CMRG_51487	0	0	0.532064
GRCh38_CMRG_51492	0	0	0.997822
GRCh38_CMRG_51497	0	0	0.385003
GRCh38_CMRG_51498	0	0	0.820693
GRCh38_CMRG_515	0	0	0.0
GRCh38_CMRG_51500	0	0	0.708319
GRCh38_CMRG_51513	0	0	0.424914
GRCh38_CMRG_51517	0	0	0.469706
GRCh38_CMRG_51531	0	0	0.52763
GRCh38_CMRG_51542	0	0	0.014983
GRCh38_CMRG_51546	0	0	0.140693
GRCh38_CMRG_51568	0	0	0.571789
GRCh38_CMRG_51573	0	0	0.115771
GRCh38_CMRG_51588	0	0	0.000224
GRCh38_CMRG_51589	0	0	0.303473
GRCh38_CMRG_51590	0	0	0.000223
GRCh38_CMRG_51596	0	0	0.137915
GRCh38_CMRG_51602	0	0	0.0
GRCh38_CMRG_51603	0	0	0.026702
GRCh38_CMRG_51615	0	0	0.0
GRCh38_CMRG_51616	0	0	0.0
GRCh38_CMRG_51617	0	0	0.0
GRCh38_CMRG_51618	0	0	0.078632
GRCh38_CMRG_51620	0	0	0.997935
GRCh38_CMRG_51625	0	0	0.0
GRCh38_CMRG_51626	0	0	0.0
GRCh38_CMRG_51656	0	0	0.0
GRCh38_CMRG_51682	0	0	0.584961
GRCh38_CMRG_51685	0	0	0.0
GRCh38_CMRG_51694	0	0	0.0
GRCh38_CMRG_51695	0	0	0.000183
GRCh38_CMRG_51697	0	0	0.163128
GRCh38_CMRG_517	0	0	0.0
GRCh38_CMRG_51700	0	0	0.0
GRCh38_CMRG_51703	0	0	0.90306
GRCh38_CMRG_51709	0	0	0.976109
GRCh38_CMRG_51723	0	0	0.0
GRCh38_CMRG_51724	0	0	0.0
GRCh38_CMRG_51725	0	0	0.0
GRCh38_CMRG_51727	0	0	0.64502
GRCh38_CMRG_51732	0	0	0.962217
GRCh38_CMRG_51741	0	0	4e-05
GRCh38_CMRG_51772	0	0	0.0
GRCh38_CMRG_51785	0	0	1.7e-05
GRCh38_CMRG_51786	0	0	0.535777
GRCh38_CMRG_51789	0	0	0.177334
GRCh38_CMRG_51811	0	0	0.0
GRCh38_CMRG_51812	0	0	0.8929
GRCh38_CMRG_51815	0	0	0.0
GRCh38_CMRG_51818	0	0	0.0
GRCh38_CMRG_51820	0	0	0.0
GRCh38_CMRG_51838	0	0	0.742612
GRCh38_CMRG_51839	0	0	0.720262
GRCh38_CMRG_51842	0	0	0.69527
GRCh38_CMRG_51845	0	0	0.34822
GRCh38_CMRG_51856	0	0	7.1e-05
GRCh38_CMRG_51878	0	0	0.219806
GRCh38_CMRG_51900	0	0	0.408779
GRCh38_CMRG_51908	0	0	0.000136
GRCh38_CMRG_51914	0	0	0.0
GRCh38_CMRG_51930	0	0	0.0
GRCh38_CMRG_51964	0	0	3.2e-05
GRCh38_CMRG_51967	0	0	0.0
GRCh38_CMRG_51971	0	0	0.0
GRCh38_CMRG_51976	0	0	0.00466
GRCh38_CMRG_51995	0	0	0.002007
GRCh38_CMRG_51996	0	0	8e-06
GRCh38_CMRG_51997	0	0	0.0
GRCh38_CMRG_52004	0	0	0.0
GRCh38_CMRG_52005	0	0	0.0
GRCh38_CMRG_52022	0	0	0.2606
GRCh38_CMRG_52028	0	0	0.0
GRCh38_CMRG_52065	0	0	0.001983
GRCh38_CMRG_52075	0	0	0.0
GRCh38_CMRG_52091	0	0	0.930846
GRCh38_CMRG_52093	0	0	0.109658
GRCh38_CMRG_52111	0	0	0.0
GRCh38_CMRG_52113	0	0	0.0
GRCh38_CMRG_52138	0	0	0.783953
GRCh38_CMRG_52143	0	0	0.397273
GRCh38_CMRG_52144	0	0	0.0
GRCh38_CMRG_52189	0	0	0.0
GRCh38_CMRG_52194	0	0	0.0
GRCh38_CMRG_52195	0	0	4.8e-05
GRCh38_CMRG_52204	0	0	0.57493
GRCh38_CMRG_52206	0	0	0.075887
GRCh38_CMRG_52211	0	0	0.141142
GRCh38_CMRG_52222	0	0	0.27724
GRCh38_CMRG_52227	0	0	0.0
GRCh38_CMRG_52232	0	0	0.272698
GRCh38_CMRG_52236	0	0	0.0
GRCh38_CMRG_52252	0	0	0.0
GRCh38_CMRG_52269	0	0	0.472229
GRCh38_CMRG_52274	0	0	0.231033
GRCh38_CMRG_52284	0	0	0.0
GRCh38_CMRG_52288	0	0	0.0
GRCh38_CMRG_52298	0	0	0.32318
GRCh38_CMRG_52299	0	0	0.32318
GRCh38_CMRG_52303	0	0	0.07757
GRCh38_CMRG_52309	0	0	0.0
GRCh38_CMRG_52313	0	0	0.0
GRCh38_CMRG_52316	0	0	0.0
GRCh38_CMRG_52322	0	0	0.408231
GRCh38_CMRG_52334	0	0	0.409102
GRCh38_CMRG_52340	0	0	0.0
GRCh38_CMRG_52342	0	0	0.0
GRCh38_CMRG_52343	0	0	0.002176
GRCh38_CMRG_52354	0	0	0.0
GRCh38_CMRG_52369	0	0	0.0
GRCh38_CMRG_52374	0	0	0.0
GRCh38_CMRG_52378	0	0	0.0
GRCh38_CMRG_52381	0	0	0.000119
GRCh38_CMRG_52382	0	0	0.5324
GRCh38_CMRG_52384	0	0	0.0
GRCh38_CMRG_52385	0	0	0.0
GRCh38_CMRG_52386	0	0	0.0
GRCh38_CMRG_52389	0	0	0.399504
GRCh38_CMRG_52390	0	0	0.399504
GRCh38_CMRG_52397	0	0	0.004189
GRCh38_CMRG_52402	0	0	0.3029
GRCh38_CMRG_52408	0	0	0.2745
GRCh38_CMRG_52411	0	0	0.0
GRCh38_CMRG_52412	0	0	0.0
GRCh38_CMRG_52419	0	0	0.0
GRCh38_CMRG_52420	0	0	0.001993
GRCh38_CMRG_52423	0	0	0.0
GRCh38_CMRG_52425	0	0	0.060564
GRCh38_CMRG_52428	0	0	0.0
GRCh38_CMRG_52429	0	0	0.0
GRCh38_CMRG_52435	0	0	0.017305
GRCh38_CMRG_52436	0	0	0.0
GRCh38_CMRG_52439	0	0	0.0
GRCh38_CMRG_52440	0	0	0.0
GRCh38_CMRG_52441	0	0	0.0
GRCh38_CMRG_52443	0	0	0.0
GRCh38_CMRG_52444	0	0	0.0
GRCh38_CMRG_52445	0	0	0.0
GRCh38_CMRG_52446	0	0	0.0
GRCh38_CMRG_52447	0	0	0.00657
GRCh38_CMRG_52448	0	0	0.00657
GRCh38_CMRG_52480	0	0	3.2e-05
GRCh38_CMRG_52482	0	0	0.008952
GRCh38_CMRG_52486	0	0	0.001689
GRCh38_CMRG_52487	0	0	0.0
GRCh38_CMRG_52491	0	0	0.0
GRCh38_CMRG_52499	0	0	0.0
GRCh38_CMRG_52500	0	0	0.0
GRCh38_CMRG_52501	0	0	0.0
GRCh38_CMRG_52502	0	0	0.0
GRCh38_CMRG_52504	0	0	0.0
GRCh38_CMRG_52505	0	0	0.0
GRCh38_CMRG_52516	0	0	0.004447
GRCh38_CMRG_52519	0	0	0.0
GRCh38_CMRG_52524	0	0	0.0
GRCh38_CMRG_52538	0	0	0.0
GRCh38_CMRG_52541	0	0	0.429009
GRCh38_CMRG_52543	0	0	0.000625
GRCh38_CMRG_52553	0	0	0.0
GRCh38_CMRG_52554	0	0	0.0
GRCh38_CMRG_52555	0	0	0.0
GRCh38_CMRG_52556	0	0	0.332694
GRCh38_CMRG_52557	0	0	0.0
GRCh38_CMRG_52558	0	0	0.0
GRCh38_CMRG_52559	0	0	0.0
GRCh38_CMRG_52560	0	0	0.0
GRCh38_CMRG_52561	0	0	0.0
GRCh38_CMRG_52562	0	0	0.0
GRCh38_CMRG_52565	0	0	0.004033
GRCh38_CMRG_52578	0	0	0.151464
GRCh38_CMRG_52583	0	0	0.002211
GRCh38_CMRG_52597	0	0	0.0
GRCh38_CMRG_52598	0	0	0.249844
GRCh38_CMRG_52603	0	0	0.0
GRCh38_CMRG_52606	0	0	0.0
GRCh38_CMRG_52609	0	0	0.0
GRCh38_CMRG_52610	0	0	0.0
GRCh38_CMRG_52611	0	0	0.0
GRCh38_CMRG_52612	0	0	0.0
GRCh38_CMRG_52617	0	0	0.024657
GRCh38_CMRG_52629	0	0	0.010744
GRCh38_CMRG_52633	0	0	0.0
GRCh38_CMRG_52668	0	0	0.0
GRCh38_CMRG_52690	0	0	0.003658
GRCh38_CMRG_52691	0	0	0.357697
GRCh38_CMRG_52693	0	0	0.0
GRCh38_CMRG_52696	0	0	0.0
GRCh38_CMRG_52697	0	0	0.0
GRCh38_CMRG_52715	0	0	0.0
GRCh38_CMRG_52724	0	0	0.025659
GRCh38_CMRG_52727	0	0	0.0
GRCh38_CMRG_52736	0	0	0.6944
GRCh38_CMRG_52737	0	0	0.6944
GRCh38_CMRG_52738	0	0	0.254144
GRCh38_CMRG_52742	0	0	0.2503
GRCh38_CMRG_52745	0	0	0.0
GRCh38_CMRG_52753	0	0	0.0
GRCh38_CMRG_52760	0	0	0.0
GRCh38_CMRG_52766	0	0	0.000447
GRCh38_CMRG_52784	0	0	0.197533
GRCh38_CMRG_52786	0	0	0.442038
GRCh38_CMRG_52793	0	0	0.481736
GRCh38_CMRG_52796	0	0	0.0
GRCh38_CMRG_52820	0	0	0.821562
GRCh38_CMRG_52823	0	0	0.0
GRCh38_CMRG_52828	0	0	0.932226
GRCh38_CMRG_52870	0	0	8e-06
GRCh38_CMRG_52873	0	0	0.494662
GRCh38_CMRG_52876	0	0	0.319849
GRCh38_CMRG_52878	0	0	0.602248
GRCh38_CMRG_52886	0	0	0.0
GRCh38_CMRG_52887	0	0	0.517773
GRCh38_CMRG_52894	0	0	0.0
GRCh38_CMRG_52897	0	0	0.0
GRCh38_CMRG_52898	0	0	0.0
GRCh38_CMRG_52899	0	0	0.0
GRCh38_CMRG_52900	0	0	0.0
GRCh38_CMRG_52901	0	0	0.0
GRCh38_CMRG_52902	0	0	0.0
GRCh38_CMRG_52903	0	0	0.0
GRCh38_CMRG_52904	0	0	0.0
GRCh38_CMRG_52905	0	0	0.0
GRCh38_CMRG_52907	0	0	0.154186
GRCh38_CMRG_52910	0	0	0.0
GRCh38_CMRG_52911	0	0	0.0
GRCh38_CMRG_52912	0	0	0.015355
GRCh38_CMRG_52913	0	0	0.008602
GRCh38_CMRG_52914	0	0	0.008602
GRCh38_CMRG_52919	0	0	0.008602
GRCh38_CMRG_52920	0	0	0.0
GRCh38_CMRG_52921	0	0	0.008602
GRCh38_CMRG_52922	0	0	0.0
GRCh38_CMRG_52923	0	0	0.008602
GRCh38_CMRG_52924	0	0	0.008602
GRCh38_CMRG_52925	0	0	0.0
GRCh38_CMRG_52926	0	0	0.008602
GRCh38_CMRG_52927	0	0	0.432603
GRCh38_CMRG_52928	0	0	0.398571
GRCh38_CMRG_52929	0	0	0.448585
GRCh38_CMRG_52930	0	0	0.0
GRCh38_CMRG_52931	0	0	0.0
GRCh38_CMRG_52934	0	0	0.0
GRCh38_CMRG_52935	0	0	0.0
GRCh38_CMRG_52946	0	0	0.558557
GRCh38_CMRG_52949	0	0	0.257074
GRCh38_CMRG_52952	0	0	0.03276
GRCh38_CMRG_52953	0	0	0.0
GRCh38_CMRG_52954	0	0	0.0
GRCh38_CMRG_52955	0	0	0.0
GRCh38_CMRG_52957	0	0	0.0
GRCh38_CMRG_52967	0	0	0.151627
GRCh38_CMRG_52971	0	0	0.0
GRCh38_CMRG_52972	0	0	0.0
GRCh38_CMRG_52974	0	0	0.0
GRCh38_CMRG_52975	0	0	0.0
GRCh38_CMRG_52985	0	0	0.333806
GRCh38_CMRG_52992	0	0	0.026521
GRCh38_CMRG_53004	0	0	0.008117
GRCh38_CMRG_53008	0	0	0.629247
GRCh38_CMRG_53028	0	0	0.318927
GRCh38_CMRG_53029	0	0	0.318927
GRCh38_CMRG_53032	0	0	1.7e-05
GRCh38_CMRG_53042	0	0	0.0
GRCh38_CMRG_53051	0	0	0.505151
GRCh38_CMRG_53065	0	0	0.491218
GRCh38_CMRG_53072	0	0	0.843931
GRCh38_CMRG_53082	0	0	0.0
GRCh38_CMRG_53111	0	0	8.7e-05
GRCh38_CMRG_53127	0	0	0.73985
GRCh38_CMRG_53139	0	0	0.963831
GRCh38_CMRG_53141	0	0	0.340982
GRCh38_CMRG_53147	0	0	0.000246
GRCh38_CMRG_53149	0	0	0.019219
GRCh38_CMRG_53150	0	0	0.0
GRCh38_CMRG_53156	0	0	0.458031
GRCh38_CMRG_53164	0	0	0.0
GRCh38_CMRG_53194	0	0	0.6152
GRCh38_CMRG_53229	0	0	0.284165
GRCh38_CMRG_53230	0	0	0.650734
GRCh38_CMRG_53242	0	0	0.973403
GRCh38_CMRG_53257	0	0	0.0
GRCh38_CMRG_53261	0	0	0.86016
GRCh38_CMRG_53276	0	0	0.0
GRCh38_CMRG_53284	0	0	0.351683
GRCh38_CMRG_53296	0	0	0.805647
GRCh38_CMRG_53310	0	0	0.423641
GRCh38_CMRG_53314	0	0	0.540907
GRCh38_CMRG_53316	0	0	0.188261
GRCh38_CMRG_53319	0	0	0.177334
GRCh38_CMRG_53330	0	0	0.0
GRCh38_CMRG_53333	0	0	8.7e-05
GRCh38_CMRG_53334	0	0	0.0
GRCh38_CMRG_53359	0	0	0.0
GRCh38_CMRG_53362	0	0	0.035233
GRCh38_CMRG_53363	0	0	0.035233
GRCh38_CMRG_53368	0	0	0.021542
GRCh38_CMRG_53370	0	0	0.832102
GRCh38_CMRG_53379	0	0	0.3418
GRCh38_CMRG_53383	0	0	0.0
GRCh38_CMRG_53384	0	0	0.0
GRCh38_CMRG_53391	0	0	0.0
GRCh38_CMRG_53392	0	0	6.839e-05
GRCh38_CMRG_53393	0	0	0.0
GRCh38_CMRG_53394	0	0	0.0
GRCh38_CMRG_53395	0	0	0.172
GRCh38_CMRG_53441	0	0	0.01993
GRCh38_CMRG_53443	0	0	0.0
GRCh38_CMRG_53446	0	0	0.0
GRCh38_CMRG_53454	0	0	0.0
GRCh38_CMRG_53475	0	0	0.230244
GRCh38_CMRG_53482	0	0	0.0
GRCh38_CMRG_53483	0	0	0.0
GRCh38_CMRG_53484	0	0	0.274274
GRCh38_CMRG_53520	0	0	0.004163
GRCh38_CMRG_53526	0	0	0.736234
GRCh38_CMRG_53539	0	0	0.0
GRCh38_CMRG_53540	0	0	0.900929
GRCh38_CMRG_53543	0	0	0.0
GRCh38_CMRG_53545	0	0	0.767186
GRCh38_CMRG_53547	0	0	0.767856
GRCh38_CMRG_53549	0	0	0.0
GRCh38_CMRG_53558	0	0	0.710981
GRCh38_CMRG_53579	0	0	0.842289
GRCh38_CMRG_53582	0	0	0.0
GRCh38_CMRG_53593	0	0	0.022324
GRCh38_CMRG_53602	0	0	0.494718
GRCh38_CMRG_53603	0	0	0.34041
GRCh38_CMRG_53612	0	0	0.378308
GRCh38_CMRG_53622	0	0	0.98206
GRCh38_CMRG_53644	0	0	0.388993
GRCh38_CMRG_53648	0	0	0.004932
GRCh38_CMRG_53654	0	0	0.197385
GRCh38_CMRG_53655	0	0	0.25344
GRCh38_CMRG_53667	0	0	0.334166
GRCh38_CMRG_53669	0	0	0.05485
GRCh38_CMRG_53676	0	0	0.0
GRCh38_CMRG_53700	0	0	0.000972
GRCh38_CMRG_53720	0	0	0.001325
GRCh38_CMRG_53727	0	0	0.273229
GRCh38_CMRG_53745	0	0	0.055445
GRCh38_CMRG_53754	0	0	0.003279
GRCh38_CMRG_53768	0	0	0.0
GRCh38_CMRG_53773	0	0	0.873382
GRCh38_CMRG_53809	0	0	0.0
GRCh38_CMRG_53810	0	0	0.0
GRCh38_CMRG_53811	0	0	1.6e-05
GRCh38_CMRG_53821	0	0	9e-06
GRCh38_CMRG_53824	0	0	0.0
GRCh38_CMRG_53838	0	0	0.106835
GRCh38_CMRG_53843	0	0	0.0
GRCh38_CMRG_53850	0	0	0.12395
GRCh38_CMRG_53851	0	0	0.007586
GRCh38_CMRG_53852	0	0	0.0
GRCh38_CMRG_53853	0	0	0.184399
GRCh38_CMRG_53855	0	0	0.001508
GRCh38_CMRG_53862	0	0	0.0
GRCh38_CMRG_53863	0	0	0.236326
GRCh38_CMRG_53865	0	0	0.417292
GRCh38_CMRG_53870	0	0	0.273845
GRCh38_CMRG_53871	0	0	0.273845
GRCh38_CMRG_53876	0	0	0.000683
GRCh38_CMRG_53889	0	0	0.825476
GRCh38_CMRG_53891	0	0	0.0
GRCh38_CMRG_53910	0	0	0.503163
GRCh38_CMRG_53911	0	0	0.0
GRCh38_CMRG_53937	0	0	0.058047
GRCh38_CMRG_53943	0	0	0.000468
GRCh38_CMRG_53946	0	0	5.6e-05
GRCh38_CMRG_53948	0	0	0.757645
GRCh38_CMRG_53959	0	0	0.0
GRCh38_CMRG_53962	0	0	0.0
GRCh38_CMRG_53963	0	0	0.0
GRCh38_CMRG_53968	0	0	0.588511
GRCh38_CMRG_53972	0	0	0.31874
GRCh38_CMRG_53977	0	0	0.7011
GRCh38_CMRG_53994	0	0	4e-05
GRCh38_CMRG_53998	0	0	0.0
GRCh38_CMRG_53999	0	0	0.0
GRCh38_CMRG_54005	0	0	0.0
GRCh38_CMRG_54008	0	0	0.000437
GRCh38_CMRG_54022	0	0	0.618832
GRCh38_CMRG_54042	0	0	0.5517
GRCh38_CMRG_54046	0	0	0.181818
GRCh38_CMRG_54053	0	0	0.0
GRCh38_CMRG_54054	0	0	0.0
GRCh38_CMRG_54055	0	0	0.0
GRCh38_CMRG_54060	0	0	0.369497
GRCh38_CMRG_54064	0	0	0.7701
GRCh38_CMRG_54070	0	0	0.39553
GRCh38_CMRG_54092	0	0	0.0
GRCh38_CMRG_54093	0	0	0.0
GRCh38_CMRG_54102	0	0	0.173317
GRCh38_CMRG_54110	0	0	0.708579
GRCh38_CMRG_54136	0	0	0.0
GRCh38_CMRG_54141	0	0	0.0
GRCh38_CMRG_54143	0	0	0.0
GRCh38_CMRG_54153	0	0	0.00037
GRCh38_CMRG_54154	0	0	0.00037
GRCh38_CMRG_54160	0	0	0.0
GRCh38_CMRG_54167	0	0	0.020757
GRCh38_CMRG_54173	0	0	0.420146
GRCh38_CMRG_54179	0	0	0.312294
GRCh38_CMRG_54180	0	0	0.312294
GRCh38_CMRG_54206	0	0	1.6e-05
GRCh38_CMRG_54216	0	0	0.253267
GRCh38_CMRG_54218	0	0	0.10018
GRCh38_CMRG_54241	0	0	0.0
GRCh38_CMRG_54252	0	0	0.028737
GRCh38_CMRG_54268	0	0	0.579882
GRCh38_CMRG_54280	0	0	0.847024
GRCh38_CMRG_54284	0	0	0.170786
GRCh38_CMRG_54300	0	0	0.331832
GRCh38_CMRG_54306	0	0	0.018559
GRCh38_CMRG_54325	0	0	0.0
GRCh38_CMRG_54326	0	0	0.0
GRCh38_CMRG_54335	0	0	0.766981
GRCh38_CMRG_54343	0	0	0.0
GRCh38_CMRG_54357	0	0	0.0
GRCh38_CMRG_54363	0	0	0.0
GRCh38_CMRG_54365	0	0	0.0
GRCh38_CMRG_54399	0	0	0.0
GRCh38_CMRG_54402	0	0	0.456147
GRCh38_CMRG_54408	0	0	0.802627
GRCh38_CMRG_54409	0	0	0.93874
GRCh38_CMRG_54414	0	0	0.38148
GRCh38_CMRG_54421	0	0	0.0
GRCh38_CMRG_54422	0	0	0.213021
GRCh38_CMRG_54431	0	0	0.0
GRCh38_CMRG_54447	0	0	0.001169
GRCh38_CMRG_54456	0	0	0.000381
GRCh38_CMRG_54458	0	0	0.684671
GRCh38_CMRG_54461	0	0	0.300769
GRCh38_CMRG_54469	0	0	0.606487
GRCh38_CMRG_54472	0	0	0.436182
GRCh38_CMRG_54474	0	0	0.328142
GRCh38_CMRG_54496	0	0	0.378551
GRCh38_CMRG_54503	0	0	0.877733
GRCh38_CMRG_54508	0	0	0.746408
GRCh38_CMRG_54509	0	0	0.0
GRCh38_CMRG_54527	0	0	0.0
GRCh38_CMRG_54528	0	0	0.0
GRCh38_CMRG_54529	0	0	0.0
GRCh38_CMRG_54531	0	0	0.0
GRCh38_CMRG_54547	0	0	0.922885
GRCh38_CMRG_54551	0	0	0.529035
GRCh38_CMRG_54558	0	0	0.0
GRCh38_CMRG_54572	0	0	0.218379
GRCh38_CMRG_54574	0	0	0.002689
GRCh38_CMRG_54590	0	0	0.2069
GRCh38_CMRG_546	0	0	0.0
GRCh38_CMRG_54614	0	0	0.0
GRCh38_CMRG_54617	0	0	0.0
GRCh38_CMRG_54618	0	0	0.0
GRCh38_CMRG_54621	0	0	0.0
GRCh38_CMRG_54636	0	0	4.9e-05
GRCh38_CMRG_54644	0	0	0.976489
GRCh38_CMRG_54674	0	0	6.4e-05
GRCh38_CMRG_54688	0	0	0.619739
GRCh38_CMRG_547	0	0	0.0343
GRCh38_CMRG_54702	0	0	0.0
GRCh38_CMRG_54750	0	0	0.213069
GRCh38_CMRG_54753	0	0	0.0
GRCh38_CMRG_54759	0	0	0.0
GRCh38_CMRG_54765	0	0	0.0
GRCh38_CMRG_54769	0	0	0.003033
GRCh38_CMRG_54771	0	0	0.085907
GRCh38_CMRG_54772	0	0	0.085907
GRCh38_CMRG_54788	0	0	0.0
GRCh38_CMRG_548	0	0	0.0
GRCh38_CMRG_54812	0	0	0.248929
GRCh38_CMRG_54815	0	0	0.461454
GRCh38_CMRG_54829	0	0	0.142679
GRCh38_CMRG_54832	0	0	0.008494
GRCh38_CMRG_54834	0	0	0.229317
GRCh38_CMRG_54835	0	0	0.229317
GRCh38_CMRG_54842	0	0	0.0
GRCh38_CMRG_54846	0	0	0.0
GRCh38_CMRG_54848	0	0	0.0
GRCh38_CMRG_54857	0	0	0.0
GRCh38_CMRG_54863	0	0	1.6e-05
GRCh38_CMRG_54864	0	0	0.397789
GRCh38_CMRG_54870	0	0	0.856329
GRCh38_CMRG_54872	0	0	0.0
GRCh38_CMRG_54908	0	0	0.06291
GRCh38_CMRG_54923	0	0	0.0
GRCh38_CMRG_54932	0	0	0.0
GRCh38_CMRG_54936	0	0	0.0
GRCh38_CMRG_54944	0	0	0.0
GRCh38_CMRG_54956	0	0	0.0
GRCh38_CMRG_54982	0	0	0.000633
GRCh38_CMRG_54984	0	0	0.0
GRCh38_CMRG_54999	0	0	0.0
GRCh38_CMRG_55000	0	0	0.004886
GRCh38_CMRG_55007	0	0	0.0
GRCh38_CMRG_55011	0	0	0.004306
GRCh38_CMRG_55012	0	0	0.2958
GRCh38_CMRG_55035	0	0	0.79285
GRCh38_CMRG_55039	0	0	0.0
GRCh38_CMRG_55043	0	0	0.0
GRCh38_CMRG_55045	0	0	0.0
GRCh38_CMRG_55046	0	0	0.775835
GRCh38_CMRG_55049	0	0	0.000176
GRCh38_CMRG_55050	0	0	0.0
GRCh38_CMRG_55054	0	0	0.0
GRCh38_CMRG_55056	0	0	0.0
GRCh38_CMRG_55057	0	0	0.0
GRCh38_CMRG_55073	0	0	0.407006
GRCh38_CMRG_55074	0	0	0.407006
GRCh38_CMRG_55083	0	0	0.002186
GRCh38_CMRG_55097	0	0	0.963013
GRCh38_CMRG_55098	0	0	0.963013
GRCh38_CMRG_55104	0	0	0.234312
GRCh38_CMRG_55108	0	0	0.028188
GRCh38_CMRG_55113	0	0	0.034771
GRCh38_CMRG_55136	0	0	0.361902
GRCh38_CMRG_55139	0	0	0.677955
GRCh38_CMRG_55147	0	0	0.008147
GRCh38_CMRG_55150	0	0	0.087323
GRCh38_CMRG_55158	0	0	0.0
GRCh38_CMRG_55161	0	0	0.0
GRCh38_CMRG_55164	0	0	0.0
GRCh38_CMRG_55168	0	0	0.308127
GRCh38_CMRG_55187	0	0	0.284666
GRCh38_CMRG_55189	0	0	0.349339
GRCh38_CMRG_55192	0	0	0.491063
GRCh38_CMRG_55199	0	0	0.000767
GRCh38_CMRG_55203	0	0	0.0
GRCh38_CMRG_55208	0	0	0.19064
GRCh38_CMRG_55210	0	0	0.034429
GRCh38_CMRG_55222	0	0	3.2e-05
GRCh38_CMRG_55224	0	0	0.594585
GRCh38_CMRG_55227	0	0	0.975485
GRCh38_CMRG_55231	0	0	0.009009
GRCh38_CMRG_55233	0	0	0.386122
GRCh38_CMRG_55235	0	0	0.0
GRCh38_CMRG_55248	0	0	0.083498
GRCh38_CMRG_55252	0	0	0.381319
GRCh38_CMRG_55254	0	0	0.000455
GRCh38_CMRG_55261	0	0	0.0
GRCh38_CMRG_55277	0	0	0.0
GRCh38_CMRG_55278	0	0	0.0
GRCh38_CMRG_55279	0	0	0.0
GRCh38_CMRG_55280	0	0	0.0
GRCh38_CMRG_55283	0	0	0.0
GRCh38_CMRG_55299	0	0	0.304804
GRCh38_CMRG_55300	0	0	0.000103
GRCh38_CMRG_55301	0	0	0.00792
GRCh38_CMRG_55307	0	0	0.235158
GRCh38_CMRG_55315	0	0	0.0
GRCh38_CMRG_55320	0	0	0.000787
GRCh38_CMRG_55331	0	0	0.0
GRCh38_CMRG_55332	0	0	0.0
GRCh38_CMRG_55333	0	0	0.0
GRCh38_CMRG_55345	0	0	0.0
GRCh38_CMRG_55347	0	0	0.005237
GRCh38_CMRG_55350	0	0	0.0
GRCh38_CMRG_55361	0	0	0.0
GRCh38_CMRG_55368	0	0	0.685067
GRCh38_CMRG_55369	0	0	0.202902
GRCh38_CMRG_55375	0	0	0.861935
GRCh38_CMRG_55377	0	0	0.502514
GRCh38_CMRG_5538	0	0	0.0
GRCh38_CMRG_55381	0	0	0.440748
GRCh38_CMRG_55387	0	0	0.0
GRCh38_CMRG_55388	0	0	0.0
GRCh38_CMRG_5539	0	0	0.0
GRCh38_CMRG_55390	0	0	0.0
GRCh38_CMRG_55391	0	0	0.0
GRCh38_CMRG_55392	0	0	0.0
GRCh38_CMRG_55394	0	0	0.0
GRCh38_CMRG_55395	0	0	0.0
GRCh38_CMRG_55396	0	0	0.0
GRCh38_CMRG_55397	0	0	8e-06
GRCh38_CMRG_55398	0	0	0.0
GRCh38_CMRG_55401	0	0	0.0006
GRCh38_CMRG_55416	0	0	0.000175
GRCh38_CMRG_55418	0	0	0.0
GRCh38_CMRG_55421	0	0	0.0
GRCh38_CMRG_5543	0	0	0.095455
GRCh38_CMRG_55432	0	0	0.0
GRCh38_CMRG_55433	0	0	0.0
GRCh38_CMRG_55440	0	0	0.0
GRCh38_CMRG_55443	0	0	0.0
GRCh38_CMRG_55446	0	0	0.0
GRCh38_CMRG_55447	0	0	0.368463
GRCh38_CMRG_55460	0	0	0.267694
GRCh38_CMRG_55469	0	0	8e-06
GRCh38_CMRG_55470	0	0	8e-06
GRCh38_CMRG_55474	0	0	0.053134
GRCh38_CMRG_55475	0	0	0.0
GRCh38_CMRG_55476	0	0	0.3239
GRCh38_CMRG_55477	0	0	0.000265
GRCh38_CMRG_55488	0	0	0.0
GRCh38_CMRG_55489	0	0	0.16305
GRCh38_CMRG_55494	0	0	0.140378
GRCh38_CMRG_55499	0	0	0.0
GRCh38_CMRG_555	0	0	0.001742
GRCh38_CMRG_55500	0	0	0.000369
GRCh38_CMRG_55501	0	0	0.155579
GRCh38_CMRG_55506	0	0	0.0
GRCh38_CMRG_55513	0	0	0.001288
GRCh38_CMRG_55517	0	0	0.0
GRCh38_CMRG_55519	0	0	0.0
GRCh38_CMRG_55520	0	0	0.0
GRCh38_CMRG_55521	0	0	0.0
GRCh38_CMRG_55522	0	0	0.0
GRCh38_CMRG_55526	0	0	0.443945
GRCh38_CMRG_55528	0	0	0.32529
GRCh38_CMRG_55538	0	0	0.0
GRCh38_CMRG_55539	0	0	0.245566
GRCh38_CMRG_55540	0	0	0.171843
GRCh38_CMRG_55541	0	0	0.171843
GRCh38_CMRG_55542	0	0	0.079342
GRCh38_CMRG_55545	0	0	0.107933
GRCh38_CMRG_55559	0	0	0.000734
GRCh38_CMRG_55574	0	0	0.414301
GRCh38_CMRG_55582	0	0	0.0
GRCh38_CMRG_55589	0	0	0.0
GRCh38_CMRG_55595	0	0	0.0
GRCh38_CMRG_55596	0	0	0.0
GRCh38_CMRG_55597	0	0	0.0
GRCh38_CMRG_556	0	0	0.0
GRCh38_CMRG_55605	0	0	0.224
GRCh38_CMRG_55612	0	0	0.0
GRCh38_CMRG_55613	0	0	1.1e-05
GRCh38_CMRG_55616	0	0	0.0
GRCh38_CMRG_55631	0	0	0.0
GRCh38_CMRG_55634	0	0	0.420572
GRCh38_CMRG_55636	0	0	0.0
GRCh38_CMRG_55639	0	0	0.0
GRCh38_CMRG_55640	0	0	0.003328
GRCh38_CMRG_55683	0	0	0.150445
GRCh38_CMRG_55684	0	0	0.004947
GRCh38_CMRG_55690	0	0	0.0
GRCh38_CMRG_55691	0	0	0.4847
GRCh38_CMRG_55692	0	0	4.4e-05
GRCh38_CMRG_55699	0	0	0.009846
GRCh38_CMRG_557	0	0	0.001249
GRCh38_CMRG_55700	0	0	0.0
GRCh38_CMRG_55701	0	0	0.5615
GRCh38_CMRG_55725	0	0	0.0
GRCh38_CMRG_55726	0	0	0.0
GRCh38_CMRG_55727	0	0	0.079434
GRCh38_CMRG_55728	0	0	0.0
GRCh38_CMRG_55729	0	0	0.0
GRCh38_CMRG_55741	0	0	0.000151
GRCh38_CMRG_55742	0	0	0.0
GRCh38_CMRG_55743	0	0	0.576827
GRCh38_CMRG_55762	0	0	0.0
GRCh38_CMRG_55767	0	0	0.0
GRCh38_CMRG_55768	0	0	0.0
GRCh38_CMRG_55769	0	0	0.019893
GRCh38_CMRG_55770	0	0	0.0
GRCh38_CMRG_55772	0	0	0.000121
GRCh38_CMRG_55778	0	0	0.091086
GRCh38_CMRG_55787	0	0	0.0
GRCh38_CMRG_55789	0	0	0.0
GRCh38_CMRG_55791	0	0	0.0
GRCh38_CMRG_55794	0	0	0.0
GRCh38_CMRG_55798	0	0	0.0
GRCh38_CMRG_55807	0	0	4e-05
GRCh38_CMRG_55820	0	0	0.0
GRCh38_CMRG_55822	0	0	0.0
GRCh38_CMRG_55825	0	0	0.0
GRCh38_CMRG_55828	0	0	0.1518
GRCh38_CMRG_55830	0	0	0.0
GRCh38_CMRG_55833	0	0	0.0
GRCh38_CMRG_55834	0	0	0.0
GRCh38_CMRG_55836	0	0	0.0
GRCh38_CMRG_55846	0	0	0.0
GRCh38_CMRG_55847	0	0	0.000136
GRCh38_CMRG_55848	0	0	0.0
GRCh38_CMRG_55850	0	0	8e-06
GRCh38_CMRG_568	0	0	0.0
GRCh38_CMRG_5713	0	0	0.0
GRCh38_CMRG_5718	0	0	0.944583
GRCh38_CMRG_5721	0	0	0.059816
GRCh38_CMRG_5728	0	0	0.001166
GRCh38_CMRG_5736	0	0	0.455128
GRCh38_CMRG_5737	0	0	0.455128
GRCh38_CMRG_5738	0	0	0.0
GRCh38_CMRG_5747	0	0	0.280182
GRCh38_CMRG_575	0	0	0.03831
GRCh38_CMRG_5754	0	0	0.00031
GRCh38_CMRG_5760	0	0	0.000128
GRCh38_CMRG_5761	0	0	0.000128
GRCh38_CMRG_5765	0	0	0.0
GRCh38_CMRG_5770	0	0	0.56497
GRCh38_CMRG_5775	0	0	0.445052
GRCh38_CMRG_5777	0	0	0.532948
GRCh38_CMRG_5790	0	0	0.000168
GRCh38_CMRG_5791	0	0	0.034779
GRCh38_CMRG_5792	0	0	0.242531
GRCh38_CMRG_58057	0	0	0.005776
GRCh38_CMRG_58068	0	0	0.0
GRCh38_CMRG_58091	0	0	0.0
GRCh38_CMRG_58092	0	0	0.5243
GRCh38_CMRG_58101	0	0	0.000155
GRCh38_CMRG_58104	0	0	0.840462
GRCh38_CMRG_58116	0	0	0.0
GRCh38_CMRG_58117	0	0	0.0
GRCh38_CMRG_5812	0	0	0.0
GRCh38_CMRG_58154	0	0	0.000613
GRCh38_CMRG_58157	0	0	0.827307
GRCh38_CMRG_58171	0	0	0.0
GRCh38_CMRG_58176	0	0	0.0
GRCh38_CMRG_58181	0	0	0.0
GRCh38_CMRG_58185	0	0	0.749875
GRCh38_CMRG_58196	0	0	0.537465
GRCh38_CMRG_58201	0	0	0.370841
GRCh38_CMRG_58211	0	0	0.010271
GRCh38_CMRG_58212	0	0	0.0
GRCh38_CMRG_58253	0	0	0.366404
GRCh38_CMRG_58254	0	0	0.0
GRCh38_CMRG_58256	0	0	0.80454
GRCh38_CMRG_58267	0	0	0.0
GRCh38_CMRG_58272	0	0	0.000304
GRCh38_CMRG_58282	0	0	0.0
GRCh38_CMRG_58294	0	0	0.305725
GRCh38_CMRG_58310	0	0	5.6e-05
GRCh38_CMRG_58311	0	0	0.0
GRCh38_CMRG_58317	0	0	0.440734
GRCh38_CMRG_58318	0	0	0.0
GRCh38_CMRG_58344	0	0	0.903582
GRCh38_CMRG_58362	0	0	0.44158
GRCh38_CMRG_58365	0	0	0.808929
GRCh38_CMRG_58367	0	0	0.0
GRCh38_CMRG_58369	0	0	0.456021
GRCh38_CMRG_5837	0	0	0.956902
GRCh38_CMRG_58370	0	0	0.456021
GRCh38_CMRG_58371	0	0	0.722621
GRCh38_CMRG_58375	0	0	0.0
GRCh38_CMRG_58377	0	0	0.000591
GRCh38_CMRG_58378	0	0	0.000591
GRCh38_CMRG_58379	0	0	0.205711
GRCh38_CMRG_58380	0	0	0.205711
GRCh38_CMRG_58384	0	0	0.0
GRCh38_CMRG_58385	0	0	0.0
GRCh38_CMRG_58387	0	0	0.0
GRCh38_CMRG_58388	0	0	0.0
GRCh38_CMRG_58389	0	0	0.576875
GRCh38_CMRG_58407	0	0	0.068551
GRCh38_CMRG_58413	0	0	0.023865
GRCh38_CMRG_58417	0	0	0.672079
GRCh38_CMRG_5842	0	0	0.0
GRCh38_CMRG_58426	0	0	0.639244
GRCh38_CMRG_58428	0	0	0.0
GRCh38_CMRG_58438	0	0	0.417925
GRCh38_CMRG_58441	0	0	0.0
GRCh38_CMRG_58444	0	0	0.605
GRCh38_CMRG_58445	0	0	0.605
GRCh38_CMRG_58446	0	0	0.145645
GRCh38_CMRG_58464	0	0	0.0
GRCh38_CMRG_58471	0	0	0.012353
GRCh38_CMRG_58474	0	0	0.214145
GRCh38_CMRG_58478	0	0	0.002625
GRCh38_CMRG_5848	0	0	0.0
GRCh38_CMRG_5849	0	0	0.153294
GRCh38_CMRG_58492	0	0	0.0
GRCh38_CMRG_58496	0	0	0.0
GRCh38_CMRG_58509	0	0	4e-05
GRCh38_CMRG_58510	0	0	0.0
GRCh38_CMRG_58514	0	0	0.504471
GRCh38_CMRG_58522	0	0	0.415739
GRCh38_CMRG_58531	0	0	0.626702
GRCh38_CMRG_58539	0	0	0.468211
GRCh38_CMRG_5855	0	0	0.202208
GRCh38_CMRG_58563	0	0	0.52159
GRCh38_CMRG_58565	0	0	0.000355
GRCh38_CMRG_58579	0	0	0.548174
GRCh38_CMRG_58581	0	0	0.641586
GRCh38_CMRG_5860	0	0	0.520918
GRCh38_CMRG_58607	0	0	0.533406
GRCh38_CMRG_5861	0	0	0.478826
GRCh38_CMRG_58610	0	0	0.528362
GRCh38_CMRG_58621	0	0	0.403662
GRCh38_CMRG_58629	0	0	0.415424
GRCh38_CMRG_5863	0	0	0.0
GRCh38_CMRG_58634	0	0	0.359023
GRCh38_CMRG_58639	0	0	0.401655
GRCh38_CMRG_5864	0	0	0.763979
GRCh38_CMRG_58653	0	0	0.0
GRCh38_CMRG_58654	0	0	0.504867
GRCh38_CMRG_58662	0	0	0.980548
GRCh38_CMRG_58666	0	0	0.196463
GRCh38_CMRG_58678	0	0	0.628629
GRCh38_CMRG_5868	0	0	0.133362
GRCh38_CMRG_58686	0	0	0.3412
GRCh38_CMRG_58696	0	0	0.0
GRCh38_CMRG_58697	0	0	0.00548
GRCh38_CMRG_58699	0	0	0.001915
GRCh38_CMRG_587	0	0	0.5625
GRCh38_CMRG_5870	0	0	0.704771
GRCh38_CMRG_58704	0	0	0.29113
GRCh38_CMRG_58707	0	0	0.0
GRCh38_CMRG_58715	0	0	0.890727
GRCh38_CMRG_58740	0	0	0.202615
GRCh38_CMRG_58741	0	0	0.0
GRCh38_CMRG_58742	0	0	0.0
GRCh38_CMRG_58743	0	0	0.0
GRCh38_CMRG_58744	0	0	0.000862
GRCh38_CMRG_58745	0	0	0.0
GRCh38_CMRG_58746	0	0	0.04793
GRCh38_CMRG_58747	0	0	0.11673
GRCh38_CMRG_58751	0	0	0.0
GRCh38_CMRG_58760	0	0	0.000898
GRCh38_CMRG_58766	0	0	0.823541
GRCh38_CMRG_58770	0	0	0.000643
GRCh38_CMRG_58772	0	0	0.451021
GRCh38_CMRG_58782	0	0	0.0
GRCh38_CMRG_58787	0	0	0.0
GRCh38_CMRG_58788	0	0	0.358513
GRCh38_CMRG_58789	0	0	0.0
GRCh38_CMRG_58794	0	0	0.0
GRCh38_CMRG_58795	0	0	0.3345
GRCh38_CMRG_588	0	0	0.0
GRCh38_CMRG_5880	0	0	0.828828
GRCh38_CMRG_58802	0	0	0.0
GRCh38_CMRG_58803	0	0	0.605716
GRCh38_CMRG_58807	0	0	0.594384
GRCh38_CMRG_5881	0	0	8e-06
GRCh38_CMRG_58810	0	0	0.368137
GRCh38_CMRG_58812	0	0	0.198744
GRCh38_CMRG_58813	0	0	0.198744
GRCh38_CMRG_5882	0	0	8e-06
GRCh38_CMRG_58833	0	0	0.458991
GRCh38_CMRG_58836	0	0	0.046063
GRCh38_CMRG_58841	0	0	0.117106
GRCh38_CMRG_58842	0	0	0.00093
GRCh38_CMRG_58843	0	0	0.019592
GRCh38_CMRG_5885	0	0	0.000145
GRCh38_CMRG_5887	0	0	0.465
GRCh38_CMRG_58899	0	0	0.0
GRCh38_CMRG_58905	0	0	0.173265
GRCh38_CMRG_5891	0	0	0.001179
GRCh38_CMRG_58919	0	0	0.04513
GRCh38_CMRG_58923	0	0	0.623687
GRCh38_CMRG_58924	0	0	0.0
GRCh38_CMRG_58928	0	0	0.657352
GRCh38_CMRG_58931	0	0	0.000733
GRCh38_CMRG_58946	0	0	0.010422
GRCh38_CMRG_58947	0	0	0.009884
GRCh38_CMRG_58953	0	0	5.7e-05
GRCh38_CMRG_58956	0	0	0.0
GRCh38_CMRG_58959	0	0	0.0
GRCh38_CMRG_58960	0	0	8e-06
GRCh38_CMRG_58967	0	0	0.625377
GRCh38_CMRG_58972	0	0	0.093134
GRCh38_CMRG_58973	0	0	0.093134
GRCh38_CMRG_58981	0	0	0.442648
GRCh38_CMRG_58988	0	0	0.089135
GRCh38_CMRG_59009	0	0	0.888937
GRCh38_CMRG_5901	0	0	0.000151
GRCh38_CMRG_59019	0	0	0.119732
GRCh38_CMRG_59025	0	0	0.099919
GRCh38_CMRG_59034	0	0	0.186485
GRCh38_CMRG_59037	0	0	0.0
GRCh38_CMRG_59041	0	0	0.0
GRCh38_CMRG_59044	0	0	0.147362
GRCh38_CMRG_59052	0	0	0.316209
GRCh38_CMRG_59053	0	0	0.223733
GRCh38_CMRG_59061	0	0	0.0
GRCh38_CMRG_59064	0	0	0.0
GRCh38_CMRG_59075	0	0	0.678767
GRCh38_CMRG_59076	0	0	7.2e-05
GRCh38_CMRG_59077	0	0	0.625789
GRCh38_CMRG_59105	0	0	0.133599
GRCh38_CMRG_59110	0	0	0.0
GRCh38_CMRG_59111	0	0	0.0
GRCh38_CMRG_59113	0	0	0.189166
GRCh38_CMRG_59115	0	0	0.564487
GRCh38_CMRG_59117	0	0	2.4e-05
GRCh38_CMRG_59121	0	0	0.00359
GRCh38_CMRG_59136	0	0	0.0
GRCh38_CMRG_59138	0	0	0.0
GRCh38_CMRG_59148	0	0	0.0
GRCh38_CMRG_59160	0	0	0.54065
GRCh38_CMRG_59161	0	0	0.000612
GRCh38_CMRG_59162	0	0	0.000612
GRCh38_CMRG_59182	0	0	0.974223
GRCh38_CMRG_59183	0	0	0.167323
GRCh38_CMRG_59185	0	0	0.0
GRCh38_CMRG_59193	0	0	0.712181
GRCh38_CMRG_59194	0	0	0.712181
GRCh38_CMRG_592	0	0	0.117788
GRCh38_CMRG_5920	0	0	0.903216
GRCh38_CMRG_59214	0	0	0.0
GRCh38_CMRG_59218	0	0	0.0
GRCh38_CMRG_59225	0	0	0.0
GRCh38_CMRG_59228	0	0	0.0
GRCh38_CMRG_59231	0	0	0.45951
GRCh38_CMRG_59232	0	0	0.572188
GRCh38_CMRG_59234	0	0	0.945808
GRCh38_CMRG_59245	0	0	0.0
GRCh38_CMRG_59247	0	0	0.016126
GRCh38_CMRG_59248	0	0	0.0
GRCh38_CMRG_59265	0	0	0.780581
GRCh38_CMRG_59268	0	0	0.0
GRCh38_CMRG_59286	0	0	0.465957
GRCh38_CMRG_59299	0	0	0.541153
GRCh38_CMRG_59311	0	0	0.028336
GRCh38_CMRG_59325	0	0	0.0
GRCh38_CMRG_59333	0	0	0.0
GRCh38_CMRG_59359	0	0	0.644323
GRCh38_CMRG_59364	0	0	0.0
GRCh38_CMRG_59365	0	0	0.044174
GRCh38_CMRG_59369	0	0	0.0
GRCh38_CMRG_59370	0	0	0.0
GRCh38_CMRG_59372	0	0	0.752438
GRCh38_CMRG_59378	0	0	0.0
GRCh38_CMRG_59413	0	0	0.876576
GRCh38_CMRG_59417	0	0	0.0
GRCh38_CMRG_59418	0	0	0.0
GRCh38_CMRG_59419	0	0	0.0
GRCh38_CMRG_59434	0	0	0.715243
GRCh38_CMRG_59435	0	0	0.000734
GRCh38_CMRG_59441	0	0	0.21995
GRCh38_CMRG_59444	0	0	0.617553
GRCh38_CMRG_59445	0	0	0.080569
GRCh38_CMRG_59446	0	0	0.0
GRCh38_CMRG_59452	0	0	0.0
GRCh38_CMRG_59454	0	0	0.538384
GRCh38_CMRG_59455	0	0	0.0
GRCh38_CMRG_59472	0	0	0.027536
GRCh38_CMRG_59477	0	0	0.0
GRCh38_CMRG_59497	0	0	0.033296
GRCh38_CMRG_595	0	0	0.060451
GRCh38_CMRG_59510	0	0	0.0
GRCh38_CMRG_59522	0	0	0.769359
GRCh38_CMRG_59523	0	0	0.0
GRCh38_CMRG_59524	0	0	0.019732
GRCh38_CMRG_59535	0	0	0.005046
GRCh38_CMRG_5956	0	0	0.370746
GRCh38_CMRG_5957	0	0	0.753505
GRCh38_CMRG_59571	0	0	8e-06
GRCh38_CMRG_59572	0	0	8e-06
GRCh38_CMRG_59577	0	0	0.0
GRCh38_CMRG_59584	0	0	0.995327
GRCh38_CMRG_59593	0	0	0.367596
GRCh38_CMRG_59598	0	0	0.006944
GRCh38_CMRG_59610	0	0	0.0
GRCh38_CMRG_59619	0	0	0.68315
GRCh38_CMRG_59625	0	0	0.0
GRCh38_CMRG_59631	0	0	0.965561
GRCh38_CMRG_59647	0	0	0.92536
GRCh38_CMRG_59673	0	0	0.297307
GRCh38_CMRG_59676	0	0	0.056364
GRCh38_CMRG_59680	0	0	0.272176
GRCh38_CMRG_59681	0	0	0.272176
GRCh38_CMRG_59682	0	0	0.0
GRCh38_CMRG_59702	0	0	0.0
GRCh38_CMRG_59704	0	0	1.0
GRCh38_CMRG_59717	0	0	0.0
GRCh38_CMRG_5972	0	0	0.127927
GRCh38_CMRG_59729	0	0	0.930378
GRCh38_CMRG_59763	0	0	0.841753
GRCh38_CMRG_59772	0	0	0.0
GRCh38_CMRG_59781	0	0	0.0
GRCh38_CMRG_59782	0	0	0.0
GRCh38_CMRG_59784	0	0	0.0
GRCh38_CMRG_59788	0	0	0.435841
GRCh38_CMRG_59789	0	0	0.557067
GRCh38_CMRG_598	0	0	0.1423
GRCh38_CMRG_59821	0	0	0.000338
GRCh38_CMRG_59824	0	0	0.521836
GRCh38_CMRG_59825	0	0	0.315428
GRCh38_CMRG_59834	0	0	0.027622
GRCh38_CMRG_59838	0	0	0.0
GRCh38_CMRG_59839	0	0	0.69845
GRCh38_CMRG_59840	0	0	0.69845
GRCh38_CMRG_59844	0	0	0.030166
GRCh38_CMRG_5985	0	0	0.0
GRCh38_CMRG_59860	0	0	0.003278
GRCh38_CMRG_59861	0	0	0.89477
GRCh38_CMRG_59863	0	0	0.898892
GRCh38_CMRG_59876	0	0	0.767079
GRCh38_CMRG_59883	0	0	0.027171
GRCh38_CMRG_59888	0	0	0.94693
GRCh38_CMRG_59889	0	0	0.0
GRCh38_CMRG_59892	0	0	0.0
GRCh38_CMRG_59897	0	0	0.0
GRCh38_CMRG_599	0	0	0.1413
GRCh38_CMRG_59906	0	0	0.769614
GRCh38_CMRG_5991	0	0	0.7316
GRCh38_CMRG_59911	0	0	0.640381
GRCh38_CMRG_59917	0	0	0.030032
GRCh38_CMRG_59923	0	0	0.368842
GRCh38_CMRG_59939	0	0	0.0
GRCh38_CMRG_59949	0	0	0.701107
GRCh38_CMRG_59958	0	0	0.152406
GRCh38_CMRG_59960	0	0	0.0
GRCh38_CMRG_5997	0	0	0.0
GRCh38_CMRG_59977	0	0	0.320637
GRCh38_CMRG_59984	0	0	0.493523
GRCh38_CMRG_6002	0	0	0.0
GRCh38_CMRG_60020	0	0	0.0
GRCh38_CMRG_60028	0	0	0.0
GRCh38_CMRG_60030	0	0	1.6e-05
GRCh38_CMRG_60035	0	0	0.0
GRCh38_CMRG_60039	0	0	0.0
GRCh38_CMRG_60040	0	0	0.0
GRCh38_CMRG_60041	0	0	0.001019
GRCh38_CMRG_60043	0	0	0.000873
GRCh38_CMRG_60044	0	0	0.0
GRCh38_CMRG_60050	0	0	0.0
GRCh38_CMRG_60057	0	0	0.0
GRCh38_CMRG_60061	0	0	0.156126
GRCh38_CMRG_60066	0	0	0.235961
GRCh38_CMRG_60074	0	0	0.0
GRCh38_CMRG_60078	0	0	0.173326
GRCh38_CMRG_60081	0	0	0.0
GRCh38_CMRG_60083	0	0	0.0
GRCh38_CMRG_60098	0	0	0.0
GRCh38_CMRG_60099	0	0	0.363367
GRCh38_CMRG_60104	0	0	0.982931
GRCh38_CMRG_60108	0	0	0.0
GRCh38_CMRG_60111	0	0	0.562305
GRCh38_CMRG_60112	0	0	0.562305
GRCh38_CMRG_60116	0	0	0.24982
GRCh38_CMRG_60121	0	0	0.0
GRCh38_CMRG_60125	0	0	0.0
GRCh38_CMRG_60128	0	0	0.0001368
GRCh38_CMRG_60129	0	0	0.0
GRCh38_CMRG_60135	0	0	0.0
GRCh38_CMRG_60136	0	0	0.0
GRCh38_CMRG_60160	0	0	0.020841
GRCh38_CMRG_60166	0	0	0.0
GRCh38_CMRG_60174	0	0	0.0
GRCh38_CMRG_60183	0	0	0.000312
GRCh38_CMRG_60188	0	0	0.0
GRCh38_CMRG_60189	0	0	0.0
GRCh38_CMRG_60192	0	0	0.414741
GRCh38_CMRG_602	0	0	0.195034
GRCh38_CMRG_60201	0	0	0.107181
GRCh38_CMRG_6021	0	0	0.000286
GRCh38_CMRG_60279	0	0	0.0
GRCh38_CMRG_60288	0	0	0.008396
GRCh38_CMRG_60296	0	0	0.009384
GRCh38_CMRG_60297	0	0	0.458015
GRCh38_CMRG_60298	0	0	0.0
GRCh38_CMRG_60301	0	0	0.185846
GRCh38_CMRG_60304	0	0	0.000112
GRCh38_CMRG_60305	0	0	0.0
GRCh38_CMRG_60306	0	0	0.0
GRCh38_CMRG_60307	0	0	0.0
GRCh38_CMRG_6031	0	0	0.0
GRCh38_CMRG_60312	0	0	0.0
GRCh38_CMRG_6032	0	0	0.0
GRCh38_CMRG_60322	0	0	0.0
GRCh38_CMRG_6033	0	0	0.0
GRCh38_CMRG_60330	0	0	0.0
GRCh38_CMRG_60332	0	0	0.0
GRCh38_CMRG_60337	0	0	0.0
GRCh38_CMRG_60339	0	0	0.0
GRCh38_CMRG_6034	0	0	0.4965
GRCh38_CMRG_60344	0	0	0.0
GRCh38_CMRG_60345	0	0	0.0
GRCh38_CMRG_60348	0	0	0.0
GRCh38_CMRG_60352	0	0	0.0
GRCh38_CMRG_60355	0	0	0.817147
GRCh38_CMRG_60368	0	0	0.0
GRCh38_CMRG_60377	0	0	0.0
GRCh38_CMRG_60383	0	0	0.974252
GRCh38_CMRG_60384	0	0	0.0
GRCh38_CMRG_60386	0	0	0.044646
GRCh38_CMRG_60389	0	0	0.499982
GRCh38_CMRG_60390	0	0	0.0
GRCh38_CMRG_60394	0	0	0.0
GRCh38_CMRG_60414	0	0	0.0
GRCh38_CMRG_60416	0	0	0.0
GRCh38_CMRG_60425	0	0	0.0
GRCh38_CMRG_60426	0	0	0.0
GRCh38_CMRG_60438	0	0	0.025088
GRCh38_CMRG_60445	0	0	0.002545
GRCh38_CMRG_60446	0	0	8e-06
GRCh38_CMRG_60448	0	0	0.086253
GRCh38_CMRG_60449	0	0	8e-06
GRCh38_CMRG_6045	0	0	0.0
GRCh38_CMRG_60453	0	0	0.0
GRCh38_CMRG_60454	0	0	0.0
GRCh38_CMRG_60462	0	0	0.000981
GRCh38_CMRG_60463	0	0	0.000981
GRCh38_CMRG_60464	0	0	0.1963
GRCh38_CMRG_60467	0	0	0.3781
GRCh38_CMRG_60468	0	0	0.3781
GRCh38_CMRG_60469	0	0	0.0
GRCh38_CMRG_60470	0	0	0.0
GRCh38_CMRG_60491	0	0	0.001073
GRCh38_CMRG_60492	0	0	0.0
GRCh38_CMRG_60500	0	0	0.0
GRCh38_CMRG_60501	0	0	0.0
GRCh38_CMRG_60505	0	0	0.0
GRCh38_CMRG_60506	0	0	0.0
GRCh38_CMRG_60508	0	0	0.0
GRCh38_CMRG_60527	0	0	0.0
GRCh38_CMRG_6053	0	0	0.0
GRCh38_CMRG_60532	0	0	0.0
GRCh38_CMRG_60536	0	0	0.001487
GRCh38_CMRG_60537	0	0	0.0
GRCh38_CMRG_60538	0	0	0.0
GRCh38_CMRG_6054	0	0	0.0
GRCh38_CMRG_60544	0	0	0.000214
GRCh38_CMRG_60545	0	0	0.0
GRCh38_CMRG_60556	0	0	0.005978
GRCh38_CMRG_60558	0	0	0.0
GRCh38_CMRG_60559	0	0	0.281548
GRCh38_CMRG_60561	0	0	0.281548
GRCh38_CMRG_60562	0	0	0.036331
GRCh38_CMRG_60565	0	0	0.0
GRCh38_CMRG_60567	0	0	0.0
GRCh38_CMRG_60568	0	0	0.004296
GRCh38_CMRG_60569	0	0	0.0
GRCh38_CMRG_60570	0	0	0.2399
GRCh38_CMRG_60573	0	0	0.0
GRCh38_CMRG_60576	0	0	0.1144
GRCh38_CMRG_60578	0	0	0.0
GRCh38_CMRG_6059	0	0	0.441979
GRCh38_CMRG_6060	0	0	0.292096
GRCh38_CMRG_60608	0	0	0.002786
GRCh38_CMRG_60609	0	0	0.002786
GRCh38_CMRG_60620	0	0	0.0
GRCh38_CMRG_6063	0	0	1.6e-05
GRCh38_CMRG_60637	0	0	0.0
GRCh38_CMRG_6064	0	0	0.0
GRCh38_CMRG_60642	0	0	0.0
GRCh38_CMRG_6066	0	0	0.0
GRCh38_CMRG_6067	0	0	0.000553
GRCh38_CMRG_6072	0	0	0.108757
GRCh38_CMRG_6074	0	0	8e-06
GRCh38_CMRG_6075	0	0	0.0
GRCh38_CMRG_6076	0	0	0.081182
GRCh38_CMRG_60767	0	0	0.717896
GRCh38_CMRG_60768	0	0	0.138341
GRCh38_CMRG_60769	0	0	0.0
GRCh38_CMRG_60780	0	0	8e-06
GRCh38_CMRG_60781	0	0	8e-06
GRCh38_CMRG_60786	0	0	0.005073
GRCh38_CMRG_6079	0	0	0.001561
GRCh38_CMRG_60793	0	0	0.0
GRCh38_CMRG_60798	0	0	0.00133
GRCh38_CMRG_60809	0	0	0.788587
GRCh38_CMRG_60819	0	0	0.561349
GRCh38_CMRG_60821	0	0	0.024441
GRCh38_CMRG_60847	0	0	0.0
GRCh38_CMRG_60848	0	0	0.0
GRCh38_CMRG_60849	0	0	0.968613
GRCh38_CMRG_60856	0	0	0.052679
GRCh38_CMRG_60857	0	0	0.0
GRCh38_CMRG_60859	0	0	0.640823
GRCh38_CMRG_60866	0	0	0.0
GRCh38_CMRG_60871	0	0	0.147808
GRCh38_CMRG_60873	0	0	0.031058
GRCh38_CMRG_60880	0	0	0.0
GRCh38_CMRG_60882	0	0	0.399781
GRCh38_CMRG_60899	0	0	0.242182
GRCh38_CMRG_609	0	0	0.206906
GRCh38_CMRG_60910	0	0	0.0
GRCh38_CMRG_60911	0	0	0.0
GRCh38_CMRG_60913	0	0	0.589588
GRCh38_CMRG_60947	0	0	0.0
GRCh38_CMRG_60951	0	0	0.0
GRCh38_CMRG_60953	0	0	0.0
GRCh38_CMRG_60954	0	0	0.345189
GRCh38_CMRG_60970	0	0	0.632688
GRCh38_CMRG_60978	0	0	0.0
GRCh38_CMRG_60979	0	0	0.0
GRCh38_CMRG_60987	0	0	0.0
GRCh38_CMRG_60990	0	0	0.573018
GRCh38_CMRG_60992	0	0	0.950262
GRCh38_CMRG_61000	0	0	0.847651
GRCh38_CMRG_61004	0	0	0.592457
GRCh38_CMRG_6102	0	0	0.0
GRCh38_CMRG_61030	0	0	0.279288
GRCh38_CMRG_6104	0	0	0.210272
GRCh38_CMRG_61041	0	0	0.790756
GRCh38_CMRG_61043	0	0	0.019011
GRCh38_CMRG_61053	0	0	0.275367
GRCh38_CMRG_61058	0	0	0.1415
GRCh38_CMRG_61066	0	0	0.000414
GRCh38_CMRG_61076	0	0	0.166338
GRCh38_CMRG_61077	0	0	0.522523
GRCh38_CMRG_61084	0	0	0.263201
GRCh38_CMRG_61085	0	0	0.167655
GRCh38_CMRG_61112	0	0	0.0
GRCh38_CMRG_6112	0	0	0.45068
GRCh38_CMRG_61132	0	0	0.0
GRCh38_CMRG_61133	0	0	0.0
GRCh38_CMRG_61139	0	0	0.057738
GRCh38_CMRG_61140	0	0	0.0
GRCh38_CMRG_61141	0	0	0.651888
GRCh38_CMRG_61142	0	0	0.034498
GRCh38_CMRG_61143	0	0	0.068641
GRCh38_CMRG_61152	0	0	0.246332
GRCh38_CMRG_61155	0	0	0.001205
GRCh38_CMRG_61163	0	0	0.0
GRCh38_CMRG_61165	0	0	0.0
GRCh38_CMRG_61166	0	0	0.285202
GRCh38_CMRG_61175	0	0	0.449719
GRCh38_CMRG_61206	0	0	0.0
GRCh38_CMRG_61213	0	0	0.244853
GRCh38_CMRG_61226	0	0	0.774026
GRCh38_CMRG_61229	0	0	0.0
GRCh38_CMRG_61243	0	0	0.458837
GRCh38_CMRG_61247	0	0	0.472512
GRCh38_CMRG_6126	0	0	0.0
GRCh38_CMRG_61291	0	0	0.003145
GRCh38_CMRG_61296	0	0	0.929815
GRCh38_CMRG_61329	0	0	0.746892
GRCh38_CMRG_61352	0	0	0.4068
GRCh38_CMRG_61357	0	0	0.522763
GRCh38_CMRG_61361	0	0	0.190437
GRCh38_CMRG_61362	0	0	0.36568
GRCh38_CMRG_61366	0	0	0.780174
GRCh38_CMRG_61374	0	0	0.778957
GRCh38_CMRG_61377	0	0	0.268894
GRCh38_CMRG_61388	0	0	0.565803
GRCh38_CMRG_61389	0	0	0.0
GRCh38_CMRG_6142	0	0	0.495785
GRCh38_CMRG_61443	0	0	0.869898
GRCh38_CMRG_61450	0	0	0.0
GRCh38_CMRG_61454	0	0	0.0
GRCh38_CMRG_61482	0	0	0.879027
GRCh38_CMRG_61507	0	0	0.489073
GRCh38_CMRG_61512	0	0	0.068369
GRCh38_CMRG_61514	0	0	0.0
GRCh38_CMRG_61519	0	0	0.0
GRCh38_CMRG_61520	0	0	0.548941
GRCh38_CMRG_61526	0	0	0.0
GRCh38_CMRG_61534	0	0	0.0
GRCh38_CMRG_61535	0	0	0.0
GRCh38_CMRG_61543	0	0	0.268498
GRCh38_CMRG_61545	0	0	0.0
GRCh38_CMRG_61546	0	0	0.385768
GRCh38_CMRG_61547	0	0	0.385768
GRCh38_CMRG_61564	0	0	0.187637
GRCh38_CMRG_61571	0	0	0.0
GRCh38_CMRG_61578	0	0	4e-05
GRCh38_CMRG_61579	0	0	4e-05
GRCh38_CMRG_61593	0	0	0.65
GRCh38_CMRG_61596	0	0	0.072457
GRCh38_CMRG_616	0	0	0.0
GRCh38_CMRG_61610	0	0	0.332735
GRCh38_CMRG_61612	0	0	0.0
GRCh38_CMRG_61626	0	0	0.0
GRCh38_CMRG_61627	0	0	0.0
GRCh38_CMRG_61628	0	0	0.350862
GRCh38_CMRG_61635	0	0	0.481561
GRCh38_CMRG_61640	0	0	0.132266
GRCh38_CMRG_61643	0	0	0.0
GRCh38_CMRG_61651	0	0	0.378395
GRCh38_CMRG_61655	0	0	0.003404
GRCh38_CMRG_61671	0	0	0.691208
GRCh38_CMRG_61678	0	0	0.996401
GRCh38_CMRG_61696	0	0	0.000604
GRCh38_CMRG_61698	0	0	0.0
GRCh38_CMRG_61699	0	0	0.0
GRCh38_CMRG_61702	0	0	0.514442
GRCh38_CMRG_61706	0	0	0.811115
GRCh38_CMRG_61710	0	0	0.0
GRCh38_CMRG_61711	0	0	0.001777
GRCh38_CMRG_61715	0	0	0.096627
GRCh38_CMRG_61723	0	0	0.0
GRCh38_CMRG_61724	0	0	0.0
GRCh38_CMRG_61728	0	0	0.840774
GRCh38_CMRG_61733	0	0	0.738966
GRCh38_CMRG_61760	0	0	0.0
GRCh38_CMRG_61768	0	0	0.00056
GRCh38_CMRG_61773	0	0	0.0
GRCh38_CMRG_61774	0	0	0.0
GRCh38_CMRG_61780	0	0	0.115387
GRCh38_CMRG_61799	0	0	0.0
GRCh38_CMRG_61806	0	0	0.0
GRCh38_CMRG_61808	0	0	0.425237
GRCh38_CMRG_61824	0	0	0.1691
GRCh38_CMRG_61831	0	0	0.565063
GRCh38_CMRG_61833	0	0	0.341469
GRCh38_CMRG_61839	0	0	0.0
GRCh38_CMRG_61863	0	0	0.0
GRCh38_CMRG_61864	0	0	0.0
GRCh38_CMRG_61865	0	0	0.019823
GRCh38_CMRG_61870	0	0	0.000111
GRCh38_CMRG_61877	0	0	0.514226
GRCh38_CMRG_61887	0	0	0.889479
GRCh38_CMRG_6189	0	0	0.152669
GRCh38_CMRG_61890	0	0	0.01048
GRCh38_CMRG_61894	0	0	0.98765
GRCh38_CMRG_6190	0	0	0.0
GRCh38_CMRG_61909	0	0	0.2417
GRCh38_CMRG_61914	0	0	0.0
GRCh38_CMRG_61936	0	0	0.769086
GRCh38_CMRG_61942	0	0	0.768142
GRCh38_CMRG_61952	0	0	0.531568
GRCh38_CMRG_6196	0	0	0.277644
GRCh38_CMRG_61961	0	0	0.754906
GRCh38_CMRG_61976	0	0	0.636044
GRCh38_CMRG_61979	0	0	0.816818
GRCh38_CMRG_6199	0	0	0.0
GRCh38_CMRG_62002	0	0	0.0
GRCh38_CMRG_62005	0	0	0.257415
GRCh38_CMRG_62007	0	0	0.008428
GRCh38_CMRG_6201	0	0	0.852794
GRCh38_CMRG_62018	0	0	0.0
GRCh38_CMRG_62021	0	0	0.0
GRCh38_CMRG_62031	0	0	0.0
GRCh38_CMRG_62034	0	0	0.000136
GRCh38_CMRG_62042	0	0	0.0
GRCh38_CMRG_62054	0	0	0.0
GRCh38_CMRG_62058	0	0	0.0
GRCh38_CMRG_62059	0	0	0.388236
GRCh38_CMRG_62066	0	0	0.0
GRCh38_CMRG_62072	0	0	0.991099
GRCh38_CMRG_62076	0	0	0.0001026
GRCh38_CMRG_62077	0	0	3.2e-05
GRCh38_CMRG_6208	0	0	0.0
GRCh38_CMRG_62080	0	0	0.005507
GRCh38_CMRG_62086	0	0	0.928299
GRCh38_CMRG_62092	0	0	0.0
GRCh38_CMRG_62093	0	0	0.0
GRCh38_CMRG_62094	0	0	0.0
GRCh38_CMRG_62096	0	0	8e-06
GRCh38_CMRG_62098	0	0	0.465628
GRCh38_CMRG_62110	0	0	0.000465
GRCh38_CMRG_62112	0	0	0.0
GRCh38_CMRG_62114	0	0	0.0
GRCh38_CMRG_62116	0	0	0.0
GRCh38_CMRG_62118	0	0	0.000142
GRCh38_CMRG_62119	0	0	0.0
GRCh38_CMRG_62120	0	0	0.020354
GRCh38_CMRG_62122	0	0	0.0
GRCh38_CMRG_62125	0	0	0.0
GRCh38_CMRG_62126	0	0	0.0
GRCh38_CMRG_62148	0	0	0.0
GRCh38_CMRG_62149	0	0	0.229588
GRCh38_CMRG_62177	0	0	0.0
GRCh38_CMRG_6218	0	0	0.0
GRCh38_CMRG_62193	0	0	0.0
GRCh38_CMRG_62203	0	0	0.030303
GRCh38_CMRG_62204	0	0	0.255855
GRCh38_CMRG_62209	0	0	0.001222
GRCh38_CMRG_62215	0	0	0.0
GRCh38_CMRG_62217	0	0	0.0
GRCh38_CMRG_62219	0	0	0.005013
GRCh38_CMRG_62222	0	0	8e-06
GRCh38_CMRG_62226	0	0	0.0
GRCh38_CMRG_62232	0	0	0.0
GRCh38_CMRG_62233	0	0	0.017157
GRCh38_CMRG_62239	0	0	0.017807
GRCh38_CMRG_62260	0	0	0.0
GRCh38_CMRG_62261	0	0	0.0
GRCh38_CMRG_62263	0	0	0.0
GRCh38_CMRG_62286	0	0	0.394763
GRCh38_CMRG_62291	0	0	0.0
GRCh38_CMRG_62299	0	0	0.5281
GRCh38_CMRG_623	0	0	0.033458
GRCh38_CMRG_62300	0	0	0.0
GRCh38_CMRG_62302	0	0	0.00138
GRCh38_CMRG_62304	0	0	0.0
GRCh38_CMRG_62306	0	0	0.505821
GRCh38_CMRG_62308	0	0	0.011426
GRCh38_CMRG_62313	0	0	0.0104
GRCh38_CMRG_62322	0	0	0.00027
GRCh38_CMRG_62339	0	0	0.389483
GRCh38_CMRG_62343	0	0	0.095889
GRCh38_CMRG_62365	0	0	0.048751
GRCh38_CMRG_62366	0	0	0.0
GRCh38_CMRG_62377	0	0	0.034116
GRCh38_CMRG_62388	0	0	0.691314
GRCh38_CMRG_62393	0	0	0.026465
GRCh38_CMRG_62410	0	0	0.0
GRCh38_CMRG_62415	0	0	0.050217
GRCh38_CMRG_62418	0	0	0.0
GRCh38_CMRG_62429	0	0	0.0
GRCh38_CMRG_62430	0	0	0.0
GRCh38_CMRG_62431	0	0	0.0
GRCh38_CMRG_62434	0	0	8e-06
GRCh38_CMRG_62436	0	0	0.0
GRCh38_CMRG_62437	0	0	0.0
GRCh38_CMRG_6244	0	0	0.362274
GRCh38_CMRG_62443	0	0	0.0
GRCh38_CMRG_62446	0	0	0.635867
GRCh38_CMRG_62450	0	0	0.034493
GRCh38_CMRG_62457	0	0	0.161452
GRCh38_CMRG_62458	0	0	0.0
GRCh38_CMRG_62459	0	0	5.7e-05
GRCh38_CMRG_62465	0	0	0.0
GRCh38_CMRG_62467	0	0	0.148907
GRCh38_CMRG_62478	0	0	0.0
GRCh38_CMRG_6248	0	0	0.525503
GRCh38_CMRG_62482	0	0	0.503197
GRCh38_CMRG_62489	0	0	0.388936
GRCh38_CMRG_62490	0	0	0.0
GRCh38_CMRG_62492	0	0	0.0
GRCh38_CMRG_62495	0	0	0.001651
GRCh38_CMRG_62498	0	0	0.0
GRCh38_CMRG_6250	0	0	0.961545
GRCh38_CMRG_62503	0	0	0.337969
GRCh38_CMRG_62519	0	0	0.390259
GRCh38_CMRG_62543	0	0	0.0
GRCh38_CMRG_62545	0	0	0.0
GRCh38_CMRG_62553	0	0	0.0
GRCh38_CMRG_62556	0	0	0.117436
GRCh38_CMRG_62558	0	0	0.005365
GRCh38_CMRG_62565	0	0	0.002517
GRCh38_CMRG_62579	0	0	0.6016
GRCh38_CMRG_62580	0	0	0.0
GRCh38_CMRG_62591	0	0	0.0
GRCh38_CMRG_62594	0	0	0.0
GRCh38_CMRG_62595	0	0	0.0
GRCh38_CMRG_62596	0	0	0.175515
GRCh38_CMRG_62597	0	0	0.172997
GRCh38_CMRG_62600	0	0	0.0
GRCh38_CMRG_62601	0	0	0.319488
GRCh38_CMRG_62602	0	0	0.0
GRCh38_CMRG_62610	0	0	0.0
GRCh38_CMRG_62614	0	0	0.063305
GRCh38_CMRG_62619	0	0	0.0
GRCh38_CMRG_62620	0	0	0.0
GRCh38_CMRG_62621	0	0	0.0
GRCh38_CMRG_62622	0	0	0.0
GRCh38_CMRG_62623	0	0	0.0
GRCh38_CMRG_62632	0	0	0.0
GRCh38_CMRG_62633	0	0	0.0
GRCh38_CMRG_62637	0	0	0.0
GRCh38_CMRG_62647	0	0	0.0
GRCh38_CMRG_62648	0	0	0.512976
GRCh38_CMRG_62710	0	0	0.1042
GRCh38_CMRG_6282	0	0	6.5e-05
GRCh38_CMRG_6283	0	0	0.025734
GRCh38_CMRG_6284	0	0	0.0
GRCh38_CMRG_6297	0	0	0.0
GRCh38_CMRG_6298	0	0	0.150988
GRCh38_CMRG_63	0	0	0.0
GRCh38_CMRG_6315	0	0	2.4e-05
GRCh38_CMRG_6316	0	0	0.713719
GRCh38_CMRG_6318	0	0	0.778054
GRCh38_CMRG_63207	0	0	0.0
GRCh38_CMRG_63231	0	0	0.141452
GRCh38_CMRG_63240	0	0	0.0
GRCh38_CMRG_63248	0	0	0.92531
GRCh38_CMRG_63249	0	0	0.571726
GRCh38_CMRG_63252	0	0	0.0
GRCh38_CMRG_63262	0	0	0.001469
GRCh38_CMRG_63273	0	0	0.395098
GRCh38_CMRG_63274	0	0	0.0
GRCh38_CMRG_63275	0	0	0.0
GRCh38_CMRG_63287	0	0	0.304246
GRCh38_CMRG_63288	0	0	0.0
GRCh38_CMRG_63297	0	0	0.544646
GRCh38_CMRG_633	0	0	0.0
GRCh38_CMRG_63321	0	0	0.0
GRCh38_CMRG_63327	0	0	0.00721
GRCh38_CMRG_63336	0	0	0.0
GRCh38_CMRG_63349	0	0	0.869029
GRCh38_CMRG_6335	0	0	0.0
GRCh38_CMRG_63351	0	0	0.0
GRCh38_CMRG_63352	0	0	0.0
GRCh38_CMRG_63357	0	0	0.225415
GRCh38_CMRG_63367	0	0	0.0
GRCh38_CMRG_63371	0	0	0.226394
GRCh38_CMRG_63378	0	0	7.1e-05
GRCh38_CMRG_63381	0	0	0.0
GRCh38_CMRG_634	0	0	0.185633
GRCh38_CMRG_63420	0	0	0.7559
GRCh38_CMRG_63431	0	0	0.0
GRCh38_CMRG_63448	0	0	0.120727
GRCh38_CMRG_63454	0	0	0.000254
GRCh38_CMRG_63455	0	0	0.000254
GRCh38_CMRG_63468	0	0	0.0
GRCh38_CMRG_63482	0	0	0.0
GRCh38_CMRG_63483	0	0	0.07851
GRCh38_CMRG_63487	0	0	0.625039
GRCh38_CMRG_6349	0	0	0.798
GRCh38_CMRG_63494	0	0	0.095529
GRCh38_CMRG_635	0	0	0.06636
GRCh38_CMRG_6350	0	0	0.0
GRCh38_CMRG_63512	0	0	0.0
GRCh38_CMRG_63527	0	0	0.203403
GRCh38_CMRG_63528	0	0	0.0
GRCh38_CMRG_63539	0	0	0.578007
GRCh38_CMRG_63553	0	0	0.56926
GRCh38_CMRG_63556	0	0	0.528507
GRCh38_CMRG_63557	0	0	0.0
GRCh38_CMRG_63561	0	0	0.893537
GRCh38_CMRG_63572	0	0	0.0824
GRCh38_CMRG_63573	0	0	0.0824
GRCh38_CMRG_63574	0	0	0.229785
GRCh38_CMRG_63594	0	0	8e-06
GRCh38_CMRG_636	0	0	0.0
GRCh38_CMRG_63605	0	0	0.298417
GRCh38_CMRG_63610	0	0	0.000231
GRCh38_CMRG_63625	0	0	0.881293
GRCh38_CMRG_63631	0	0	0.659792
GRCh38_CMRG_63637	0	0	0.0
GRCh38_CMRG_6364	0	0	0.0
GRCh38_CMRG_6365	0	0	0.0
GRCh38_CMRG_63652	0	0	0.0
GRCh38_CMRG_63667	0	0	0.802879
GRCh38_CMRG_63687	0	0	0.627337
GRCh38_CMRG_637	0	0	0.0
GRCh38_CMRG_63705	0	0	0.506092
GRCh38_CMRG_6371	0	0	0.933492
GRCh38_CMRG_63720	0	0	0.812956
GRCh38_CMRG_63723	0	0	0.000113
GRCh38_CMRG_63728	0	0	0.0
GRCh38_CMRG_63730	0	0	0.0
GRCh38_CMRG_63738	0	0	0.535592
GRCh38_CMRG_6375	0	0	8e-06
GRCh38_CMRG_63750	0	0	0.0
GRCh38_CMRG_63761	0	0	0.0
GRCh38_CMRG_63763	0	0	0.000852
GRCh38_CMRG_63769	0	0	0.000533
GRCh38_CMRG_6377	0	0	0.640915
GRCh38_CMRG_63771	0	0	0.0
GRCh38_CMRG_63782	0	0	0.296517
GRCh38_CMRG_63787	0	0	0.066322
GRCh38_CMRG_63788	0	0	0.061524
GRCh38_CMRG_63791	0	0	0.0
GRCh38_CMRG_63798	0	0	0.02537
GRCh38_CMRG_6380	0	0	0.344491
GRCh38_CMRG_63811	0	0	0.780522
GRCh38_CMRG_63820	0	0	3e-05
GRCh38_CMRG_63821	0	0	0.350787
GRCh38_CMRG_63837	0	0	0.152779
GRCh38_CMRG_63848	0	0	0.046037
GRCh38_CMRG_63854	0	0	0.9163
GRCh38_CMRG_63864	0	0	0.957602
GRCh38_CMRG_63890	0	0	0.12284
GRCh38_CMRG_63891	0	0	0.12284
GRCh38_CMRG_639	0	0	0.0
GRCh38_CMRG_63926	0	0	0.0
GRCh38_CMRG_63927	0	0	0.0
GRCh38_CMRG_63929	0	0	0.0
GRCh38_CMRG_63930	0	0	0.0
GRCh38_CMRG_63931	0	0	0.0
GRCh38_CMRG_63932	0	0	0.0
GRCh38_CMRG_63933	0	0	8e-06
GRCh38_CMRG_6394	0	0	0.243923
GRCh38_CMRG_63944	0	0	0.602248
GRCh38_CMRG_63946	0	0	0.000273
GRCh38_CMRG_63953	0	0	0.651264
GRCh38_CMRG_63970	0	0	0.0
GRCh38_CMRG_63971	0	0	0.0
GRCh38_CMRG_63974	0	0	0.988857
GRCh38_CMRG_63977	0	0	0.000163
GRCh38_CMRG_63978	0	0	0.000465
GRCh38_CMRG_63981	0	0	0.0
GRCh38_CMRG_6399	0	0	0.0
GRCh38_CMRG_63999	0	0	0.0
GRCh38_CMRG_640	0	0	0.0
GRCh38_CMRG_64000	0	0	0.0
GRCh38_CMRG_64011	0	0	0.0
GRCh38_CMRG_64043	0	0	0.341818
GRCh38_CMRG_64044	0	0	0.324227
GRCh38_CMRG_64048	0	0	0.955667
GRCh38_CMRG_64059	0	0	0.0
GRCh38_CMRG_64076	0	0	0.919027
GRCh38_CMRG_64079	0	0	0.5609
GRCh38_CMRG_64083	0	0	0.048023
GRCh38_CMRG_6409	0	0	0.471259
GRCh38_CMRG_64097	0	0	0.0
GRCh38_CMRG_64098	0	0	0.0
GRCh38_CMRG_64104	0	0	0.034435
GRCh38_CMRG_6412	0	0	0.747606
GRCh38_CMRG_64124	0	0	0.003375
GRCh38_CMRG_64132	0	0	0.964564
GRCh38_CMRG_64148	0	0	0.391817
GRCh38_CMRG_6415	0	0	0.2815
GRCh38_CMRG_64153	0	0	0.365439
GRCh38_CMRG_64162	0	0	0.001323
GRCh38_CMRG_64165	0	0	0.0
GRCh38_CMRG_64170	0	0	0.021706
GRCh38_CMRG_64177	0	0	0.978145
GRCh38_CMRG_64189	0	0	0.285048
GRCh38_CMRG_64190	0	0	0.004426
GRCh38_CMRG_64191	0	0	5.6e-05
GRCh38_CMRG_64192	0	0	0.0
GRCh38_CMRG_64193	0	0	0.0
GRCh38_CMRG_64200	0	0	0.79836
GRCh38_CMRG_64204	0	0	0.501718
GRCh38_CMRG_64205	0	0	0.501718
GRCh38_CMRG_64207	0	0	0.71122
GRCh38_CMRG_64215	0	0	0.0
GRCh38_CMRG_64216	0	0	0.0
GRCh38_CMRG_6422	0	0	0.0
GRCh38_CMRG_64224	0	0	0.0
GRCh38_CMRG_64225	0	0	0.0
GRCh38_CMRG_64242	0	0	0.042222
GRCh38_CMRG_64247	0	0	0.0
GRCh38_CMRG_64249	0	0	0.0
GRCh38_CMRG_64250	0	0	0.0
GRCh38_CMRG_64251	0	0	0.0
GRCh38_CMRG_64263	0	0	0.503122
GRCh38_CMRG_64271	0	0	0.000159
GRCh38_CMRG_64273	0	0	0.837417
GRCh38_CMRG_64277	0	0	0.390005
GRCh38_CMRG_64285	0	0	0.513205
GRCh38_CMRG_64287	0	0	0.0
GRCh38_CMRG_64290	0	0	0.373722
GRCh38_CMRG_64294	0	0	0.067383
GRCh38_CMRG_64295	0	0	0.067383
GRCh38_CMRG_64296	0	0	0.0
GRCh38_CMRG_64299	0	0	0.0
GRCh38_CMRG_64300	0	0	0.0
GRCh38_CMRG_64305	0	0	6.9e-05
GRCh38_CMRG_64310	0	0	0.000312
GRCh38_CMRG_64311	0	0	0.000312
GRCh38_CMRG_64323	0	0	8.2e-05
GRCh38_CMRG_64329	0	0	0.0
GRCh38_CMRG_64337	0	0	0.0
GRCh38_CMRG_64351	0	0	0.382443
GRCh38_CMRG_64358	0	0	0.527218
GRCh38_CMRG_64369	0	0	0.858258
GRCh38_CMRG_64375	0	0	0.0
GRCh38_CMRG_64394	0	0	0.0
GRCh38_CMRG_64395	0	0	0.0
GRCh38_CMRG_64405	0	0	0.000684
GRCh38_CMRG_64411	0	0	0.0
GRCh38_CMRG_64412	0	0	0.0
GRCh38_CMRG_64416	0	0	0.0
GRCh38_CMRG_64418	0	0	0.0
GRCh38_CMRG_64422	0	0	0.0
GRCh38_CMRG_64423	0	0	0.65345
GRCh38_CMRG_64424	0	0	3.2e-05
GRCh38_CMRG_64425	0	0	0.535246
GRCh38_CMRG_64426	0	0	0.583555
GRCh38_CMRG_64428	0	0	0.134501
GRCh38_CMRG_64433	0	0	2.5e-05
GRCh38_CMRG_64457	0	0	0.0
GRCh38_CMRG_64458	0	0	0.0
GRCh38_CMRG_6447	0	0	0.447221
GRCh38_CMRG_64470	0	0	0.00054
GRCh38_CMRG_64473	0	0	0.010248
GRCh38_CMRG_64477	0	0	0.0
GRCh38_CMRG_64481	0	0	0.52462
GRCh38_CMRG_64487	0	0	0.63351
GRCh38_CMRG_64489	0	0	0.0
GRCh38_CMRG_64496	0	0	0.14366
GRCh38_CMRG_64507	0	0	0.0
GRCh38_CMRG_64508	0	0	0.0
GRCh38_CMRG_6451	0	0	2.4e-05
GRCh38_CMRG_64510	0	0	0.0
GRCh38_CMRG_64515	0	0	0.0
GRCh38_CMRG_64516	0	0	0.000603
GRCh38_CMRG_64523	0	0	0.0
GRCh38_CMRG_64529	0	0	0.007617
GRCh38_CMRG_64530	0	0	0.007617
GRCh38_CMRG_64533	0	0	0.0
GRCh38_CMRG_64536	0	0	0.000605
GRCh38_CMRG_64546	0	0	0.194436
GRCh38_CMRG_64548	0	0	0.0
GRCh38_CMRG_6455	0	0	0.001357
GRCh38_CMRG_64553	0	0	0.006942
GRCh38_CMRG_64561	0	0	0.003746
GRCh38_CMRG_64566	0	0	0.019304
GRCh38_CMRG_64568	0	0	0.0
GRCh38_CMRG_64576	0	0	0.0
GRCh38_CMRG_64579	0	0	0.0
GRCh38_CMRG_64581	0	0	0.0
GRCh38_CMRG_6459	0	0	0.940501
GRCh38_CMRG_64591	0	0	0.0
GRCh38_CMRG_64593	0	0	0.0
GRCh38_CMRG_64596	0	0	0.0
GRCh38_CMRG_64597	0	0	0.0
GRCh38_CMRG_64600	0	0	8e-06
GRCh38_CMRG_6461	0	0	0.0
GRCh38_CMRG_6462	0	0	0.000272
GRCh38_CMRG_64627	0	0	0.0
GRCh38_CMRG_64645	0	0	0.730418
GRCh38_CMRG_64653	0	0	0.475818
GRCh38_CMRG_64657	0	0	0.0
GRCh38_CMRG_64658	0	0	0.0
GRCh38_CMRG_64665	0	0	0.0
GRCh38_CMRG_64667	0	0	0.039963
GRCh38_CMRG_64671	0	0	0.0
GRCh38_CMRG_64678	0	0	0.0
GRCh38_CMRG_64681	0	0	0.0
GRCh38_CMRG_64686	0	0	0.000187
GRCh38_CMRG_64687	0	0	0.000187
GRCh38_CMRG_64688	0	0	0.0
GRCh38_CMRG_64694	0	0	0.0
GRCh38_CMRG_64695	0	0	0.0
GRCh38_CMRG_64698	0	0	0.000122
GRCh38_CMRG_64705	0	0	0.788335
GRCh38_CMRG_64710	0	0	0.0
GRCh38_CMRG_64711	0	0	0.0
GRCh38_CMRG_64716	0	0	0.0
GRCh38_CMRG_64718	0	0	0.1803
GRCh38_CMRG_64736	0	0	0.522696
GRCh38_CMRG_64746	0	0	0.095757
GRCh38_CMRG_64748	0	0	0.0
GRCh38_CMRG_64764	0	0	0.156515
GRCh38_CMRG_64774	0	0	8e-06
GRCh38_CMRG_64777	0	0	0.237147
GRCh38_CMRG_64779	0	0	0.01866
GRCh38_CMRG_64781	0	0	0.001269
GRCh38_CMRG_64798	0	0	0.005605
GRCh38_CMRG_64804	0	0	0.432791
GRCh38_CMRG_64807	0	0	0.672556
GRCh38_CMRG_64808	0	0	0.672556
GRCh38_CMRG_64812	0	0	0.47813
GRCh38_CMRG_64815	0	0	0.384999
GRCh38_CMRG_64816	0	0	0.221667
GRCh38_CMRG_64824	0	0	0.000265
GRCh38_CMRG_64825	0	0	0.0
GRCh38_CMRG_64826	0	0	0.0
GRCh38_CMRG_64834	0	0	0.5718
GRCh38_CMRG_64847	0	0	0.0
GRCh38_CMRG_64849	0	0	0.0
GRCh38_CMRG_6485	0	0	0.660424
GRCh38_CMRG_64851	0	0	0.003492
GRCh38_CMRG_64853	0	0	0.0
GRCh38_CMRG_64854	0	0	0.0
GRCh38_CMRG_64856	0	0	0.0
GRCh38_CMRG_64857	0	0	0.0
GRCh38_CMRG_64861	0	0	0.0
GRCh38_CMRG_64864	0	0	0.011046
GRCh38_CMRG_64871	0	0	0.0
GRCh38_CMRG_64872	0	0	0.0
GRCh38_CMRG_64873	0	0	0.0601
GRCh38_CMRG_64874	0	0	0.018135
GRCh38_CMRG_64878	0	0	0.752732
GRCh38_CMRG_64879	0	0	0.0
GRCh38_CMRG_64891	0	0	0.0
GRCh38_CMRG_64892	0	0	0.849001
GRCh38_CMRG_64894	0	0	0.000166
GRCh38_CMRG_64909	0	0	0.01097
GRCh38_CMRG_64914	0	0	0.294256
GRCh38_CMRG_64916	0	0	0.0
GRCh38_CMRG_64919	0	0	0.0
GRCh38_CMRG_64927	0	0	0.0
GRCh38_CMRG_64928	0	0	0.125761
GRCh38_CMRG_64929	0	0	0.61099
GRCh38_CMRG_64936	0	0	0.0
GRCh38_CMRG_64943	0	0	0.426823
GRCh38_CMRG_64957	0	0	0.0
GRCh38_CMRG_64962	0	0	0.0
GRCh38_CMRG_6497	0	0	0.1476
GRCh38_CMRG_64970	0	0	0.0
GRCh38_CMRG_64974	0	0	0.0
GRCh38_CMRG_64985	0	0	8e-06
GRCh38_CMRG_64986	0	0	8e-06
GRCh38_CMRG_64991	0	0	0.246354
GRCh38_CMRG_6501	0	0	0.001625
GRCh38_CMRG_6504	0	0	0.552367
GRCh38_CMRG_65049	0	0	0.0
GRCh38_CMRG_65058	0	0	0.0
GRCh38_CMRG_65060	0	0	0.0
GRCh38_CMRG_65065	0	0	0.166982
GRCh38_CMRG_65066	0	0	0.0
GRCh38_CMRG_6508	0	0	0.561519
GRCh38_CMRG_65082	0	0	0.0
GRCh38_CMRG_65090	0	0	0.408077
GRCh38_CMRG_65114	0	0	0.0
GRCh38_CMRG_65116	0	0	0.0
GRCh38_CMRG_65121	0	0	0.0
GRCh38_CMRG_65122	0	0	0.000368
GRCh38_CMRG_65128	0	0	0.0
GRCh38_CMRG_65130	0	0	0.381468
GRCh38_CMRG_65137	0	0	0.0
GRCh38_CMRG_6516	0	0	0.0
GRCh38_CMRG_6517	0	0	0.0
GRCh38_CMRG_6518	0	0	0.0
GRCh38_CMRG_65187	0	0	0.0
GRCh38_CMRG_65188	0	0	0.158252
GRCh38_CMRG_65191	0	0	0.004728
GRCh38_CMRG_65192	0	0	0.426716
GRCh38_CMRG_65193	0	0	0.0
GRCh38_CMRG_65198	0	0	0.0
GRCh38_CMRG_65199	0	0	0.0
GRCh38_CMRG_65205	0	0	0.0
GRCh38_CMRG_65212	0	0	3.3e-05
GRCh38_CMRG_65215	0	0	0.0
GRCh38_CMRG_65220	0	0	0.0
GRCh38_CMRG_65237	0	0	0.00461
GRCh38_CMRG_6525	0	0	0.0
GRCh38_CMRG_65270	0	0	0.0
GRCh38_CMRG_65272	0	0	0.8453
GRCh38_CMRG_65273	0	0	0.0
GRCh38_CMRG_65275	0	0	0.457214
GRCh38_CMRG_65276	0	0	0.0
GRCh38_CMRG_65279	0	0	0.103023
GRCh38_CMRG_65280	0	0	0.000902
GRCh38_CMRG_65281	0	0	0.0
GRCh38_CMRG_65284	0	0	0.169738
GRCh38_CMRG_65285	0	0	8e-06
GRCh38_CMRG_65291	0	0	7.1e-05
GRCh38_CMRG_65292	0	0	0.1044
GRCh38_CMRG_65300	0	0	0.0
GRCh38_CMRG_65305	0	0	0.0
GRCh38_CMRG_65309	0	0	0.294525
GRCh38_CMRG_65315	0	0	1.6e-05
GRCh38_CMRG_65316	0	0	0.0
GRCh38_CMRG_65328	0	0	0.0
GRCh38_CMRG_65330	0	0	0.0
GRCh38_CMRG_65333	0	0	0.459668
GRCh38_CMRG_65384	0	0	0.0
GRCh38_CMRG_65385	0	0	0.000794
GRCh38_CMRG_65395	0	0	0.228302
GRCh38_CMRG_65399	0	0	3.2e-05
GRCh38_CMRG_6541	0	0	0.68876
GRCh38_CMRG_65415	0	0	0.362901
GRCh38_CMRG_65428	0	0	0.0
GRCh38_CMRG_65433	0	0	0.0
GRCh38_CMRG_65436	0	0	8e-06
GRCh38_CMRG_65454	0	0	0.001512
GRCh38_CMRG_65471	0	0	0.419848
GRCh38_CMRG_65487	0	0	0.0
GRCh38_CMRG_65492	0	0	0.0
GRCh38_CMRG_65493	0	0	0.0
GRCh38_CMRG_65504	0	0	0.0
GRCh38_CMRG_65505	0	0	0.0
GRCh38_CMRG_65506	0	0	0.0
GRCh38_CMRG_65521	0	0	0.346655
GRCh38_CMRG_6553	0	0	0.272245
GRCh38_CMRG_65530	0	0	0.130795
GRCh38_CMRG_65541	0	0	6e-05
GRCh38_CMRG_65544	0	0	0.0
GRCh38_CMRG_65545	0	0	0.0
GRCh38_CMRG_65551	0	0	3.2e-05
GRCh38_CMRG_65556	0	0	0.0
GRCh38_CMRG_65558	0	0	0.0
GRCh38_CMRG_65569	0	0	0.000721
GRCh38_CMRG_65577	0	0	0.104433
GRCh38_CMRG_65589	0	0	0.0
GRCh38_CMRG_65600	0	0	0.504683
GRCh38_CMRG_6561	0	0	0.0
GRCh38_CMRG_65624	0	0	0.0
GRCh38_CMRG_65639	0	0	0.861251
GRCh38_CMRG_65641	0	0	0.789572
GRCh38_CMRG_65658	0	0	0.040742
GRCh38_CMRG_65659	0	0	0.34
GRCh38_CMRG_65690	0	0	2.4e-05
GRCh38_CMRG_65691	0	0	0.090169
GRCh38_CMRG_65714	0	0	0.0
GRCh38_CMRG_65721	0	0	0.0
GRCh38_CMRG_65722	0	0	0.0
GRCh38_CMRG_65738	0	0	0.127383
GRCh38_CMRG_6574	0	0	0.961868
GRCh38_CMRG_65760	0	0	0.530035
GRCh38_CMRG_65766	0	0	0.302498
GRCh38_CMRG_65767	0	0	0.0
GRCh38_CMRG_65772	0	0	0.388039
GRCh38_CMRG_65798	0	0	0.0
GRCh38_CMRG_6580	0	0	0.0
GRCh38_CMRG_65802	0	0	8.4e-05
GRCh38_CMRG_65814	0	0	0.0
GRCh38_CMRG_65821	0	0	0.495196
GRCh38_CMRG_65827	0	0	0.0
GRCh38_CMRG_65828	0	0	0.835451
GRCh38_CMRG_65831	0	0	0.0
GRCh38_CMRG_65844	0	0	0.613469
GRCh38_CMRG_65854	0	0	0.0
GRCh38_CMRG_65855	0	0	0.0
GRCh38_CMRG_65862	0	0	0.731934
GRCh38_CMRG_6588	0	0	0.313768
GRCh38_CMRG_65885	0	0	0.0
GRCh38_CMRG_65886	0	0	0.0
GRCh38_CMRG_65909	0	0	0.692476
GRCh38_CMRG_65912	0	0	0.745395
GRCh38_CMRG_65915	0	0	4.9e-05
GRCh38_CMRG_65921	0	0	0.845266
GRCh38_CMRG_65932	0	0	0.3417
GRCh38_CMRG_65950	0	0	0.641138
GRCh38_CMRG_65963	0	0	0.0
GRCh38_CMRG_65964	0	0	0.0
GRCh38_CMRG_65967	0	0	0.0
GRCh38_CMRG_6597	0	0	0.792382
GRCh38_CMRG_65971	0	0	0.0
GRCh38_CMRG_65983	0	0	0.0
GRCh38_CMRG_6599	0	0	0.0
GRCh38_CMRG_65993	0	0	0.7641
GRCh38_CMRG_65998	0	0	0.11838
GRCh38_CMRG_66001	0	0	0.783316
GRCh38_CMRG_66015	0	0	0.491597
GRCh38_CMRG_66016	0	0	0.273856
GRCh38_CMRG_66021	0	0	0.724304
GRCh38_CMRG_66026	0	0	0.762418
GRCh38_CMRG_66033	0	0	0.349398
GRCh38_CMRG_66040	0	0	0.778808
GRCh38_CMRG_66044	0	0	0.0
GRCh38_CMRG_66061	0	0	0.0
GRCh38_CMRG_66062	0	0	0.0
GRCh38_CMRG_66063	0	0	0.028452
GRCh38_CMRG_66075	0	0	0.000781
GRCh38_CMRG_66076	0	0	8e-06
GRCh38_CMRG_66083	0	0	0.0
GRCh38_CMRG_66084	0	0	0.0
GRCh38_CMRG_66095	0	0	0.000146
GRCh38_CMRG_66096	0	0	0.017739
GRCh38_CMRG_66097	0	0	7.9e-05
GRCh38_CMRG_66098	0	0	0.0
GRCh38_CMRG_66099	0	0	0.0
GRCh38_CMRG_66115	0	0	0.0
GRCh38_CMRG_66116	0	0	0.000666
GRCh38_CMRG_66117	0	0	0.000312
GRCh38_CMRG_66118	0	0	0.000312
GRCh38_CMRG_66119	0	0	0.0
GRCh38_CMRG_66120	0	0	0.0
GRCh38_CMRG_66122	0	0	0.0
GRCh38_CMRG_66132	0	0	0.0
GRCh38_CMRG_66144	0	0	0.000127
GRCh38_CMRG_66151	0	0	0.507649
GRCh38_CMRG_66154	0	0	0.000801
GRCh38_CMRG_6626	0	0	0.004561
GRCh38_CMRG_6630	0	0	0.0
GRCh38_CMRG_6635	0	0	0.000183
GRCh38_CMRG_6639	0	0	0.0
GRCh38_CMRG_6655	0	0	0.240979
GRCh38_CMRG_6676	0	0	0.284931
GRCh38_CMRG_6677	0	0	0.110293
GRCh38_CMRG_6683	0	0	0.119613
GRCh38_CMRG_6691	0	0	0.000252
GRCh38_CMRG_6692	0	0	0.000252
GRCh38_CMRG_66951	0	0	0.0
GRCh38_CMRG_66958	0	0	0.4432
GRCh38_CMRG_66964	0	0	0.0
GRCh38_CMRG_66967	0	0	0.449474
GRCh38_CMRG_66970	0	0	0.0
GRCh38_CMRG_66971	0	0	0.947044
GRCh38_CMRG_66975	0	0	0.006805
GRCh38_CMRG_66980	0	0	0.546519
GRCh38_CMRG_6699	0	0	0.0
GRCh38_CMRG_66999	0	0	0.0
GRCh38_CMRG_6701	0	0	0.176241
GRCh38_CMRG_67023	0	0	0.0
GRCh38_CMRG_67024	0	0	0.0
GRCh38_CMRG_67034	0	0	0.0
GRCh38_CMRG_67035	0	0	7.2e-05
GRCh38_CMRG_67040	0	0	0.010074
GRCh38_CMRG_67043	0	0	0.078314
GRCh38_CMRG_67083	0	0	0.0
GRCh38_CMRG_67095	0	0	0.0
GRCh38_CMRG_6710	0	0	0.07793
GRCh38_CMRG_67111	0	0	0.0
GRCh38_CMRG_6712	0	0	0.06917
GRCh38_CMRG_67122	0	0	0.0
GRCh38_CMRG_67124	0	0	0.646912
GRCh38_CMRG_6713	0	0	0.003932
GRCh38_CMRG_67137	0	0	0.0
GRCh38_CMRG_67139	0	0	9.9e-05
GRCh38_CMRG_67140	0	0	0.0
GRCh38_CMRG_67142	0	0	0.026826
GRCh38_CMRG_67144	0	0	0.0
GRCh38_CMRG_67146	0	0	1.6e-05
GRCh38_CMRG_67147	0	0	0.005572
GRCh38_CMRG_67148	0	0	0.461662
GRCh38_CMRG_67150	0	0	0.0
GRCh38_CMRG_67168	0	0	0.351689
GRCh38_CMRG_67171	0	0	0.0
GRCh38_CMRG_67174	0	0	0.399988
GRCh38_CMRG_67175	0	0	0.00667
GRCh38_CMRG_67183	0	0	0.513183
GRCh38_CMRG_67195	0	0	0.501093
GRCh38_CMRG_67201	0	0	0.789572
GRCh38_CMRG_67203	0	0	0.0
GRCh38_CMRG_67204	0	0	0.000626
GRCh38_CMRG_67216	0	0	1.6e-05
GRCh38_CMRG_6722	0	0	0.0
GRCh38_CMRG_67220	0	0	0.162347
GRCh38_CMRG_67221	0	0	0.0
GRCh38_CMRG_67228	0	0	0.408807
GRCh38_CMRG_67229	0	0	0.408807
GRCh38_CMRG_6723	0	0	0.0
GRCh38_CMRG_67237	0	0	0.000986
GRCh38_CMRG_67241	0	0	0.573993
GRCh38_CMRG_67272	0	0	0.0
GRCh38_CMRG_67273	0	0	0.300393
GRCh38_CMRG_67290	0	0	0.0
GRCh38_CMRG_67292	0	0	0.160751
GRCh38_CMRG_67294	0	0	0.0
GRCh38_CMRG_67314	0	0	0.0
GRCh38_CMRG_67319	0	0	0.0
GRCh38_CMRG_6732	0	0	0.0
GRCh38_CMRG_67327	0	0	0.571853
GRCh38_CMRG_6733	0	0	0.0
GRCh38_CMRG_67341	0	0	0.462572
GRCh38_CMRG_67354	0	0	0.073001
GRCh38_CMRG_67356	0	0	0.28161
GRCh38_CMRG_6736	0	0	0.048514
GRCh38_CMRG_67367	0	0	0.666719
GRCh38_CMRG_67401	0	0	0.901493
GRCh38_CMRG_67415	0	0	0.000111
GRCh38_CMRG_67446	0	0	0.310318
GRCh38_CMRG_67452	0	0	0.351655
GRCh38_CMRG_67462	0	0	0.418826
GRCh38_CMRG_67471	0	0	0.228375
GRCh38_CMRG_67476	0	0	0.540687
GRCh38_CMRG_67477	0	0	0.177497
GRCh38_CMRG_6749	0	0	0.010631
GRCh38_CMRG_67494	0	0	0.0
GRCh38_CMRG_675	0	0	0.0
GRCh38_CMRG_6750	0	0	0.5695
GRCh38_CMRG_67505	0	0	0.243993
GRCh38_CMRG_6751	0	0	0.651277
GRCh38_CMRG_67511	0	0	0.0
GRCh38_CMRG_67512	0	0	0.386186
GRCh38_CMRG_67513	0	0	0.514656
GRCh38_CMRG_67520	0	0	0.0
GRCh38_CMRG_67523	0	0	0.0
GRCh38_CMRG_6754	0	0	0.0
GRCh38_CMRG_67546	0	0	8e-06
GRCh38_CMRG_67551	0	0	0.078361
GRCh38_CMRG_67557	0	0	0.286783
GRCh38_CMRG_67559	0	0	0.926765
GRCh38_CMRG_67562	0	0	0.4461
GRCh38_CMRG_67567	0	0	0.0
GRCh38_CMRG_67569	0	0	0.104541
GRCh38_CMRG_6757	0	0	0.005957
GRCh38_CMRG_67570	0	0	0.0
GRCh38_CMRG_6758	0	0	0.0
GRCh38_CMRG_67584	0	0	0.186462
GRCh38_CMRG_67587	0	0	0.47918
GRCh38_CMRG_67594	0	0	0.0
GRCh38_CMRG_67595	0	0	0.0
GRCh38_CMRG_67616	0	0	0.019461
GRCh38_CMRG_67617	0	0	0.019461
GRCh38_CMRG_67618	0	0	0.0
GRCh38_CMRG_67619	0	0	0.0
GRCh38_CMRG_67620	0	0	0.0
GRCh38_CMRG_67626	0	0	0.0
GRCh38_CMRG_67628	0	0	0.0
GRCh38_CMRG_67633	0	0	1.7e-05
GRCh38_CMRG_67641	0	0	0.0
GRCh38_CMRG_67642	0	0	0.0
GRCh38_CMRG_67652	0	0	0.0
GRCh38_CMRG_67662	0	0	0.605722
GRCh38_CMRG_67664	0	0	0.0
GRCh38_CMRG_67665	0	0	0.0
GRCh38_CMRG_67671	0	0	0.0
GRCh38_CMRG_67676	0	0	0.00018
GRCh38_CMRG_6768	0	0	0.0
GRCh38_CMRG_67681	0	0	0.0
GRCh38_CMRG_67686	0	0	0.0
GRCh38_CMRG_67688	0	0	0.0
GRCh38_CMRG_67691	0	0	0.0
GRCh38_CMRG_67693	0	0	0.0
GRCh38_CMRG_67697	0	0	0.0
GRCh38_CMRG_67699	0	0	0.0
GRCh38_CMRG_67702	0	0	0.0
GRCh38_CMRG_67703	0	0	0.0
GRCh38_CMRG_67725	0	0	0.0
GRCh38_CMRG_67746	0	0	0.000105
GRCh38_CMRG_67749	0	0	0.0
GRCh38_CMRG_6775	0	0	0.0
GRCh38_CMRG_67755	0	0	0.043151
GRCh38_CMRG_67756	0	0	0.043151
GRCh38_CMRG_67757	0	0	1.6e-05
GRCh38_CMRG_67774	0	0	0.0
GRCh38_CMRG_67786	0	0	0.739391
GRCh38_CMRG_67792	0	0	0.0
GRCh38_CMRG_67794	0	0	0.0
GRCh38_CMRG_6780	0	0	0.476955
GRCh38_CMRG_67800	0	0	0.358838
GRCh38_CMRG_67801	0	0	0.358838
GRCh38_CMRG_67814	0	0	0.0
GRCh38_CMRG_67829	0	0	0.0
GRCh38_CMRG_67838	0	0	0.0
GRCh38_CMRG_67839	0	0	0.355292
GRCh38_CMRG_6784	0	0	0.303635
GRCh38_CMRG_67845	0	0	0.0
GRCh38_CMRG_6785	0	0	0.0
GRCh38_CMRG_67879	0	0	0.000719
GRCh38_CMRG_67888	0	0	0.0
GRCh38_CMRG_67894	0	0	0.0
GRCh38_CMRG_6790	0	0	0.039026
GRCh38_CMRG_67905	0	0	0.592172
GRCh38_CMRG_67906	0	0	0.0
GRCh38_CMRG_67907	0	0	0.02369
GRCh38_CMRG_67921	0	0	0.0
GRCh38_CMRG_67923	0	0	0.0
GRCh38_CMRG_67929	0	0	0.0
GRCh38_CMRG_67930	0	0	0.550726
GRCh38_CMRG_67931	0	0	0.0
GRCh38_CMRG_67933	0	0	0.0
GRCh38_CMRG_67934	0	0	0.0
GRCh38_CMRG_67935	0	0	0.430824
GRCh38_CMRG_67936	0	0	0.0
GRCh38_CMRG_67939	0	0	0.0
GRCh38_CMRG_67941	0	0	0.0
GRCh38_CMRG_67945	0	0	0.375558
GRCh38_CMRG_67950	0	0	2.4e-05
GRCh38_CMRG_67961	0	0	0.000378
GRCh38_CMRG_67965	0	0	0.0
GRCh38_CMRG_67966	0	0	0.0
GRCh38_CMRG_67971	0	0	0.0
GRCh38_CMRG_67976	0	0	0.001992
GRCh38_CMRG_67977	0	0	0.0
GRCh38_CMRG_6798	0	0	0.0
GRCh38_CMRG_67980	0	0	0.0
GRCh38_CMRG_68	0	0	0.0
GRCh38_CMRG_68018	0	0	0.0
GRCh38_CMRG_68020	0	0	0.0
GRCh38_CMRG_68024	0	0	0.024834
GRCh38_CMRG_68033	0	0	1.7e-05
GRCh38_CMRG_68036	0	0	0.0
GRCh38_CMRG_68043	0	0	0.000453
GRCh38_CMRG_68048	0	0	0.0
GRCh38_CMRG_68052	0	0	0.0
GRCh38_CMRG_68054	0	0	0.000103
GRCh38_CMRG_68055	0	0	0.0
GRCh38_CMRG_68061	0	0	0.0
GRCh38_CMRG_68081	0	0	0.0
GRCh38_CMRG_68082	0	0	0.0
GRCh38_CMRG_68083	0	0	0.0
GRCh38_CMRG_68086	0	0	0.0
GRCh38_CMRG_68087	0	0	0.118281
GRCh38_CMRG_68096	0	0	0.414609
GRCh38_CMRG_68100	0	0	0.005662
GRCh38_CMRG_68102	0	0	0.0
GRCh38_CMRG_68103	0	0	0.0
GRCh38_CMRG_68104	0	0	0.0
GRCh38_CMRG_68105	0	0	0.0
GRCh38_CMRG_68111	0	0	0.0
GRCh38_CMRG_68119	0	0	0.0
GRCh38_CMRG_68123	0	0	0.0
GRCh38_CMRG_68148	0	0	0.003568
GRCh38_CMRG_68153	0	0	0.0
GRCh38_CMRG_68156	0	0	0.0
GRCh38_CMRG_68161	0	0	0.002968
GRCh38_CMRG_68164	0	0	0.0
GRCh38_CMRG_68171	0	0	0.07734
GRCh38_CMRG_68172	0	0	0.0
GRCh38_CMRG_68173	0	0	0.0
GRCh38_CMRG_68174	0	0	0.0
GRCh38_CMRG_68178	0	0	0.0
GRCh38_CMRG_6822	0	0	0.0
GRCh38_CMRG_68228	0	0	0.001134
GRCh38_CMRG_68229	0	0	0.0
GRCh38_CMRG_6823	0	0	0.320334
GRCh38_CMRG_68230	0	0	0.6833
GRCh38_CMRG_68242	0	0	0.000186
GRCh38_CMRG_68244	0	0	0.0
GRCh38_CMRG_68253	0	0	0.0
GRCh38_CMRG_68264	0	0	0.0
GRCh38_CMRG_68265	0	0	0.0
GRCh38_CMRG_68268	0	0	0.002186
GRCh38_CMRG_68269	0	0	0.0
GRCh38_CMRG_68271	0	0	0.0
GRCh38_CMRG_68272	0	0	0.0
GRCh38_CMRG_68273	0	0	0.0
GRCh38_CMRG_68274	0	0	0.0
GRCh38_CMRG_68275	0	0	0.0
GRCh38_CMRG_68276	0	0	0.0
GRCh38_CMRG_68277	0	0	0.0
GRCh38_CMRG_68278	0	0	0.266727
GRCh38_CMRG_68279	0	0	0.034362
GRCh38_CMRG_68280	0	0	8e-06
GRCh38_CMRG_68283	0	0	0.379919
GRCh38_CMRG_68286	0	0	0.046308
GRCh38_CMRG_68287	0	0	0.345911
GRCh38_CMRG_68288	0	0	0.384291
GRCh38_CMRG_68290	0	0	0.0
GRCh38_CMRG_68291	0	0	0.0
GRCh38_CMRG_68292	0	0	0.37664
GRCh38_CMRG_68298	0	0	3.2e-05
GRCh38_CMRG_68312	0	0	0.0
GRCh38_CMRG_68313	0	0	0.128036
GRCh38_CMRG_68314	0	0	0.757908
GRCh38_CMRG_68320	0	0	0.294284
GRCh38_CMRG_68321	0	0	0.004162
GRCh38_CMRG_68326	0	0	0.370482
GRCh38_CMRG_68327	0	0	0.545211
GRCh38_CMRG_68330	0	0	0.006621
GRCh38_CMRG_68332	0	0	0.0
GRCh38_CMRG_68339	0	0	0.0
GRCh38_CMRG_6834	0	0	0.0
GRCh38_CMRG_68342	0	0	0.0
GRCh38_CMRG_68343	0	0	0.0
GRCh38_CMRG_68345	0	0	0.0
GRCh38_CMRG_68348	0	0	0.0
GRCh38_CMRG_6835	0	0	0.0
GRCh38_CMRG_68354	0	0	0.0
GRCh38_CMRG_68356	0	0	0.0
GRCh38_CMRG_68362	0	0	0.0
GRCh38_CMRG_68370	0	0	0.0
GRCh38_CMRG_68372	0	0	0.1054
GRCh38_CMRG_68385	0	0	0.0
GRCh38_CMRG_68386	0	0	0.0
GRCh38_CMRG_68387	0	0	0.0
GRCh38_CMRG_68390	0	0	0.1335
GRCh38_CMRG_68398	0	0	0.0
GRCh38_CMRG_68399	0	0	0.0
GRCh38_CMRG_68400	0	0	0.0
GRCh38_CMRG_68401	0	0	0.0
GRCh38_CMRG_68403	0	0	0.677036
GRCh38_CMRG_68405	0	0	0.042907
GRCh38_CMRG_68406	0	0	0.002704
GRCh38_CMRG_68409	0	0	0.0
GRCh38_CMRG_68410	0	0	0.0
GRCh38_CMRG_68411	0	0	0.0
GRCh38_CMRG_68412	0	0	0.0
GRCh38_CMRG_68413	0	0	0.0
GRCh38_CMRG_68414	0	0	0.018577
GRCh38_CMRG_68417	0	0	0.0
GRCh38_CMRG_68421	0	0	0.0
GRCh38_CMRG_68426	0	0	0.003412
GRCh38_CMRG_68430	0	0	0.0
GRCh38_CMRG_68433	0	0	0.0
GRCh38_CMRG_68439	0	0	0.174067
GRCh38_CMRG_68441	0	0	0.0
GRCh38_CMRG_68446	0	0	0.0
GRCh38_CMRG_68447	0	0	0.0
GRCh38_CMRG_68470	0	0	0.0
GRCh38_CMRG_68471	0	0	0.0
GRCh38_CMRG_68474	0	0	0.0
GRCh38_CMRG_68476	0	0	0.0
GRCh38_CMRG_68480	0	0	0.001404
GRCh38_CMRG_68483	0	0	0.2992
GRCh38_CMRG_68489	0	0	0.39438
GRCh38_CMRG_6849	0	0	0.678939
GRCh38_CMRG_68490	0	0	0.0
GRCh38_CMRG_68491	0	0	0.000238
GRCh38_CMRG_68496	0	0	0.0
GRCh38_CMRG_68497	0	0	0.0
GRCh38_CMRG_68505	0	0	0.0
GRCh38_CMRG_68509	0	0	0.0
GRCh38_CMRG_68520	0	0	0.08367
GRCh38_CMRG_68523	0	0	5.6e-05
GRCh38_CMRG_68535	0	0	0.217765
GRCh38_CMRG_6854	0	0	0.391975
GRCh38_CMRG_68550	0	0	0.5148
GRCh38_CMRG_68551	0	0	0.0
GRCh38_CMRG_68553	0	0	0.0
GRCh38_CMRG_68556	0	0	0.5352
GRCh38_CMRG_68560	0	0	0.0
GRCh38_CMRG_68561	0	0	0.048223
GRCh38_CMRG_68563	0	0	0.0
GRCh38_CMRG_68565	0	0	0.010614
GRCh38_CMRG_68583	0	0	0.030847
GRCh38_CMRG_68584	0	0	9.6e-05
GRCh38_CMRG_68588	0	0	0.242051
GRCh38_CMRG_68603	0	0	0.0
GRCh38_CMRG_68604	0	0	0.0
GRCh38_CMRG_68605	0	0	0.0
GRCh38_CMRG_68607	0	0	0.0
GRCh38_CMRG_6861	0	0	0.2684
GRCh38_CMRG_68612	0	0	0.0
GRCh38_CMRG_68616	0	0	0.070524
GRCh38_CMRG_68623	0	0	0.0
GRCh38_CMRG_68626	0	0	0.011789
GRCh38_CMRG_68628	0	0	0.0
GRCh38_CMRG_68636	0	0	0.347
GRCh38_CMRG_68647	0	0	0.005443
GRCh38_CMRG_68652	0	0	0.0
GRCh38_CMRG_68655	0	0	0.0
GRCh38_CMRG_68658	0	0	0.0
GRCh38_CMRG_68662	0	0	0.0
GRCh38_CMRG_68668	0	0	0.000171
GRCh38_CMRG_68675	0	0	2.4e-05
GRCh38_CMRG_68692	0	0	7.1e-05
GRCh38_CMRG_68704	0	0	0.0
GRCh38_CMRG_68706	0	0	0.764752
GRCh38_CMRG_68709	0	0	0.193569
GRCh38_CMRG_68738	0	0	0.0
GRCh38_CMRG_68753	0	0	0.128244
GRCh38_CMRG_68772	0	0	0.181137
GRCh38_CMRG_68773	0	0	0.0
GRCh38_CMRG_68785	0	0	0.0
GRCh38_CMRG_68798	0	0	9e-06
GRCh38_CMRG_68799	0	0	0.0
GRCh38_CMRG_68805	0	0	0.0
GRCh38_CMRG_68808	0	0	0.126352
GRCh38_CMRG_6882	0	0	0.377296
GRCh38_CMRG_68828	0	0	0.60275
GRCh38_CMRG_68847	0	0	0.293319
GRCh38_CMRG_68848	0	0	0.0
GRCh38_CMRG_68856	0	0	0.0
GRCh38_CMRG_68857	0	0	0.0
GRCh38_CMRG_68859	0	0	0.175571
GRCh38_CMRG_68865	0	0	0.0
GRCh38_CMRG_68866	0	0	0.0
GRCh38_CMRG_6887	0	0	0.430415
GRCh38_CMRG_68876	0	0	0.910822
GRCh38_CMRG_68882	0	0	0.3208
GRCh38_CMRG_68886	0	0	0.358511
GRCh38_CMRG_6889	0	0	0.000373
GRCh38_CMRG_68899	0	0	0.1899
GRCh38_CMRG_68901	0	0	0.283193
GRCh38_CMRG_68905	0	0	0.0
GRCh38_CMRG_68906	0	0	0.0
GRCh38_CMRG_68910	0	0	0.0
GRCh38_CMRG_68911	0	0	0.1361
GRCh38_CMRG_68912	0	0	0.642007
GRCh38_CMRG_68919	0	0	0.0
GRCh38_CMRG_68921	0	0	0.0
GRCh38_CMRG_68922	0	0	0.0
GRCh38_CMRG_68931	0	0	0.0
GRCh38_CMRG_68932	0	0	0.0
GRCh38_CMRG_68938	0	0	0.690418
GRCh38_CMRG_68942	0	0	0.0
GRCh38_CMRG_68946	0	0	0.155399
GRCh38_CMRG_68964	0	0	0.939849
GRCh38_CMRG_68977	0	0	0.0
GRCh38_CMRG_68978	0	0	0.548392
GRCh38_CMRG_68982	0	0	0.001103
GRCh38_CMRG_68983	0	0	0.0
GRCh38_CMRG_68994	0	0	0.000424
GRCh38_CMRG_69	0	0	0.0
GRCh38_CMRG_69005	0	0	0.444097
GRCh38_CMRG_69006	0	0	0.45659
GRCh38_CMRG_69008	0	0	0.469863
GRCh38_CMRG_69026	0	0	0.284698
GRCh38_CMRG_6903	0	0	4.8e-05
GRCh38_CMRG_69033	0	0	0.754933
GRCh38_CMRG_69038	0	0	0.08726
GRCh38_CMRG_6905	0	0	0.388987
GRCh38_CMRG_69051	0	0	0.230136
GRCh38_CMRG_69052	0	0	0.230136
GRCh38_CMRG_69057	0	0	0.3042
GRCh38_CMRG_69059	0	0	0.0
GRCh38_CMRG_69062	0	0	0.0
GRCh38_CMRG_69072	0	0	0.715876
GRCh38_CMRG_69112	0	0	0.0
GRCh38_CMRG_69113	0	0	0.08463
GRCh38_CMRG_69114	0	0	0.0
GRCh38_CMRG_6919	0	0	0.006609
GRCh38_CMRG_69213	0	0	0.0
GRCh38_CMRG_69214	0	0	0.0
GRCh38_CMRG_69217	0	0	0.0
GRCh38_CMRG_69219	0	0	0.0
GRCh38_CMRG_6922	0	0	0.185823
GRCh38_CMRG_69222	0	0	0.0
GRCh38_CMRG_6925	0	0	0.0
GRCh38_CMRG_69292	0	0	0.4259
GRCh38_CMRG_6930	0	0	0.000262
GRCh38_CMRG_6931	0	0	0.485083
GRCh38_CMRG_69316	0	0	0.499528
GRCh38_CMRG_69323	0	0	0.381166
GRCh38_CMRG_69325	0	0	0.453623
GRCh38_CMRG_69326	0	0	0.453623
GRCh38_CMRG_69327	0	0	0.0
GRCh38_CMRG_69340	0	0	8e-06
GRCh38_CMRG_69350	0	0	0.465
GRCh38_CMRG_69352	0	0	0.0
GRCh38_CMRG_69361	0	0	0.012852
GRCh38_CMRG_69365	0	0	0.0
GRCh38_CMRG_69366	0	0	0.0
GRCh38_CMRG_69368	0	0	0.000476
GRCh38_CMRG_6937	0	0	0.728116
GRCh38_CMRG_69371	0	0	8e-06
GRCh38_CMRG_69373	0	0	0.607492
GRCh38_CMRG_69378	0	0	0.0
GRCh38_CMRG_69383	0	0	0.138152
GRCh38_CMRG_69385	0	0	0.0
GRCh38_CMRG_69387	0	0	1.7e-05
GRCh38_CMRG_6940	0	0	2.4e-05
GRCh38_CMRG_69400	0	0	0.392578
GRCh38_CMRG_6942	0	0	0.859503
GRCh38_CMRG_69422	0	0	0.00142
GRCh38_CMRG_69423	0	0	0.00142
GRCh38_CMRG_69426	0	0	0.323575
GRCh38_CMRG_69459	0	0	3.2e-05
GRCh38_CMRG_69467	0	0	0.16547
GRCh38_CMRG_69478	0	0	0.0
GRCh38_CMRG_69481	0	0	0.004683
GRCh38_CMRG_69482	0	0	0.004683
GRCh38_CMRG_69483	0	0	0.0
GRCh38_CMRG_69484	0	0	0.000904
GRCh38_CMRG_69485	0	0	0.0
GRCh38_CMRG_69486	0	0	0.0
GRCh38_CMRG_69489	0	0	0.453547
GRCh38_CMRG_69495	0	0	0.0
GRCh38_CMRG_69503	0	0	0.0
GRCh38_CMRG_69514	0	0	0.04937
GRCh38_CMRG_69522	0	0	0.356635
GRCh38_CMRG_69523	0	0	0.356635
GRCh38_CMRG_69533	0	0	0.517383
GRCh38_CMRG_69547	0	0	0.095848
GRCh38_CMRG_69555	0	0	2.4e-05
GRCh38_CMRG_69559	0	0	0.0
GRCh38_CMRG_69560	0	0	0.0
GRCh38_CMRG_69565	0	0	0.00086
GRCh38_CMRG_69566	0	0	0.0
GRCh38_CMRG_69569	0	0	0.463151
GRCh38_CMRG_69570	0	0	0.684016
GRCh38_CMRG_69575	0	0	0.001044
GRCh38_CMRG_69578	0	0	0.0
GRCh38_CMRG_69580	0	0	0.00135
GRCh38_CMRG_69581	0	0	1.0
GRCh38_CMRG_69582	0	0	1.0
GRCh38_CMRG_69583	0	0	0.18207
GRCh38_CMRG_69594	0	0	0.200063
GRCh38_CMRG_69595	0	0	0.015429
GRCh38_CMRG_69597	0	0	0.0
GRCh38_CMRG_69606	0	0	0.000801
GRCh38_CMRG_69616	0	0	0.27981
GRCh38_CMRG_69617	0	0	0.27981
GRCh38_CMRG_69621	0	0	0.273087
GRCh38_CMRG_69626	0	0	0.0
GRCh38_CMRG_69627	0	0	0.156232
GRCh38_CMRG_69641	0	0	0.005576
GRCh38_CMRG_69642	0	0	0.005576
GRCh38_CMRG_69649	0	0	0.0
GRCh38_CMRG_69651	0	0	0.0
GRCh38_CMRG_69654	0	0	0.0
GRCh38_CMRG_69655	0	0	0.005221
GRCh38_CMRG_69657	0	0	0.0
GRCh38_CMRG_69658	0	0	0.0
GRCh38_CMRG_6967	0	0	0.663397
GRCh38_CMRG_69675	0	0	7.2e-05
GRCh38_CMRG_69679	0	0	0.001792
GRCh38_CMRG_69684	0	0	3.2e-05
GRCh38_CMRG_69685	0	0	0.0
GRCh38_CMRG_69686	0	0	0.0
GRCh38_CMRG_69688	0	0	0.0
GRCh38_CMRG_69695	0	0	0.001898
GRCh38_CMRG_69698	0	0	0.131296
GRCh38_CMRG_697	0	0	0.0
GRCh38_CMRG_69708	0	0	0.156531
GRCh38_CMRG_69748	0	0	0.178969
GRCh38_CMRG_6976	0	0	0.013092
GRCh38_CMRG_69770	0	0	0.0
GRCh38_CMRG_69782	0	0	0.444223
GRCh38_CMRG_69783	0	0	0.479549
GRCh38_CMRG_69787	0	0	0.964877
GRCh38_CMRG_6980	0	0	0.0
GRCh38_CMRG_69801	0	0	0.002697
GRCh38_CMRG_69805	0	0	0.0
GRCh38_CMRG_69806	0	0	0.0
GRCh38_CMRG_69817	0	0	0.0
GRCh38_CMRG_69818	0	0	0.4426
GRCh38_CMRG_6982	0	0	0.00012
GRCh38_CMRG_69834	0	0	0.000584
GRCh38_CMRG_69836	0	0	0.0
GRCh38_CMRG_69838	0	0	8e-06
GRCh38_CMRG_69843	0	0	0.71995
GRCh38_CMRG_69844	0	0	0.71995
GRCh38_CMRG_69861	0	0	0.0
GRCh38_CMRG_69869	0	0	8e-06
GRCh38_CMRG_69870	0	0	0.0
GRCh38_CMRG_69879	0	0	0.0
GRCh38_CMRG_69885	0	0	0.0
GRCh38_CMRG_69886	0	0	0.401249
GRCh38_CMRG_69888	0	0	0.12082
GRCh38_CMRG_6989	0	0	0.738138
GRCh38_CMRG_69893	0	0	0.0
GRCh38_CMRG_6990	0	0	0.425677
GRCh38_CMRG_69903	0	0	0.37177
GRCh38_CMRG_69905	0	0	0.136088
GRCh38_CMRG_6991	0	0	0.161435
GRCh38_CMRG_69924	0	0	0.2003
GRCh38_CMRG_69946	0	0	0.602092
GRCh38_CMRG_69957	0	0	0.023609
GRCh38_CMRG_69963	0	0	0.401509
GRCh38_CMRG_69993	0	0	0.415247
GRCh38_CMRG_69999	0	0	0.1599
GRCh38_CMRG_70016	0	0	0.565801
GRCh38_CMRG_70019	0	0	0.180668
GRCh38_CMRG_70028	0	0	0.29669
GRCh38_CMRG_70029	0	0	0.0
GRCh38_CMRG_70045	0	0	0.0
GRCh38_CMRG_70046	0	0	0.0
GRCh38_CMRG_70049	0	0	0.0
GRCh38_CMRG_70059	0	0	0.0
GRCh38_CMRG_70060	0	0	0.0
GRCh38_CMRG_70062	0	0	0.0
GRCh38_CMRG_70063	0	0	0.000134
GRCh38_CMRG_70065	0	0	0.0
GRCh38_CMRG_70070	0	0	0.884649
GRCh38_CMRG_70077	0	0	0.863345
GRCh38_CMRG_70081	0	0	0.0
GRCh38_CMRG_70084	0	0	1.6e-05
GRCh38_CMRG_70087	0	0	0.0
GRCh38_CMRG_70089	0	0	0.0
GRCh38_CMRG_70090	0	0	0.567135
GRCh38_CMRG_70113	0	0	0.22328
GRCh38_CMRG_70115	0	0	0.600154
GRCh38_CMRG_70134	0	0	0.000143
GRCh38_CMRG_70143	0	0	0.998928
GRCh38_CMRG_70152	0	0	0.0
GRCh38_CMRG_70158	0	0	0.0
GRCh38_CMRG_70184	0	0	0.820196
GRCh38_CMRG_70191	0	0	0.0
GRCh38_CMRG_70194	0	0	0.085157
GRCh38_CMRG_70197	0	0	0.029586
GRCh38_CMRG_70198	0	0	0.008123
GRCh38_CMRG_7020	0	0	0.511008
GRCh38_CMRG_70248	0	0	0.0
GRCh38_CMRG_70266	0	0	0.15765
GRCh38_CMRG_7027	0	0	0.0
GRCh38_CMRG_70271	0	0	0.0
GRCh38_CMRG_70274	0	0	0.75987
GRCh38_CMRG_70278	0	0	0.002384
GRCh38_CMRG_70288	0	0	0.458164
GRCh38_CMRG_7029	0	0	9.5e-05
GRCh38_CMRG_70291	0	0	0.428887
GRCh38_CMRG_70306	0	0	0.0
GRCh38_CMRG_70330	0	0	0.006624
GRCh38_CMRG_70331	0	0	0.006624
GRCh38_CMRG_70335	0	0	0.922573
GRCh38_CMRG_70345	0	0	0.603648
GRCh38_CMRG_70346	0	0	0.502342
GRCh38_CMRG_70347	0	0	0.089449
GRCh38_CMRG_70348	0	0	0.000937
GRCh38_CMRG_70349	0	0	9e-06
GRCh38_CMRG_7035	0	0	0.00063
GRCh38_CMRG_70359	0	0	0.001388
GRCh38_CMRG_70360	0	0	0.0
GRCh38_CMRG_70361	0	0	7.9e-05
GRCh38_CMRG_70368	0	0	0.0
GRCh38_CMRG_70371	0	0	8e-06
GRCh38_CMRG_70377	0	0	0.001415
GRCh38_CMRG_70378	0	0	0.033718
GRCh38_CMRG_70379	0	0	0.0
GRCh38_CMRG_70381	0	0	0.540865
GRCh38_CMRG_70387	0	0	0.4791
GRCh38_CMRG_70413	0	0	0.0
GRCh38_CMRG_70425	0	0	0.199569
GRCh38_CMRG_70431	0	0	0.0
GRCh38_CMRG_70439	0	0	0.157611
GRCh38_CMRG_70446	0	0	0.015524
GRCh38_CMRG_70447	0	0	4.8e-05
GRCh38_CMRG_7045	0	0	0.446848
GRCh38_CMRG_70460	0	0	0.119816
GRCh38_CMRG_70462	0	0	0.0
GRCh38_CMRG_70467	0	0	0.0
GRCh38_CMRG_70468	0	0	0.0
GRCh38_CMRG_70493	0	0	0.0
GRCh38_CMRG_70494	0	0	0.002894
GRCh38_CMRG_70497	0	0	0.0
GRCh38_CMRG_70502	0	0	0.0
GRCh38_CMRG_70503	0	0	0.399186
GRCh38_CMRG_70504	0	0	0.399186
GRCh38_CMRG_70511	0	0	0.0
GRCh38_CMRG_70513	0	0	0.0
GRCh38_CMRG_70514	0	0	0.477134
GRCh38_CMRG_70515	0	0	0.02346
GRCh38_CMRG_70516	0	0	0.00188
GRCh38_CMRG_70518	0	0	0.0
GRCh38_CMRG_70521	0	0	0.092956
GRCh38_CMRG_70527	0	0	0.0
GRCh38_CMRG_70528	0	0	0.314667
GRCh38_CMRG_70529	0	0	0.211997
GRCh38_CMRG_70534	0	0	0.0
GRCh38_CMRG_70538	0	0	0.570297
GRCh38_CMRG_70540	0	0	0.0
GRCh38_CMRG_70544	0	0	0.056115
GRCh38_CMRG_70547	0	0	0.180033
GRCh38_CMRG_70550	0	0	0.000421
GRCh38_CMRG_70553	0	0	0.0
GRCh38_CMRG_70554	0	0	0.0
GRCh38_CMRG_70555	0	0	0.2346
GRCh38_CMRG_70556	0	0	0.0
GRCh38_CMRG_70557	0	0	0.0
GRCh38_CMRG_70560	0	0	0.0
GRCh38_CMRG_70566	0	0	0.0
GRCh38_CMRG_7057	0	0	0.0
GRCh38_CMRG_70576	0	0	0.0
GRCh38_CMRG_70580	0	0	0.058284
GRCh38_CMRG_70581	0	0	0.0
GRCh38_CMRG_70597	0	0	0.434241
GRCh38_CMRG_70599	0	0	9e-05
GRCh38_CMRG_70603	0	0	0.488445
GRCh38_CMRG_70604	0	0	0.488445
GRCh38_CMRG_70609	0	0	0.0
GRCh38_CMRG_70624	0	0	0.295761
GRCh38_CMRG_70626	0	0	0.519211
GRCh38_CMRG_70632	0	0	0.553382
GRCh38_CMRG_70635	0	0	0.661952
GRCh38_CMRG_70637	0	0	0.384149
GRCh38_CMRG_70644	0	0	0.0
GRCh38_CMRG_70645	0	0	0.002214
GRCh38_CMRG_70646	0	0	0.58401
GRCh38_CMRG_70648	0	0	0.0
GRCh38_CMRG_70649	0	0	0.0
GRCh38_CMRG_70651	0	0	0.0
GRCh38_CMRG_70652	0	0	0.0
GRCh38_CMRG_70660	0	0	0.0
GRCh38_CMRG_70664	0	0	0.0
GRCh38_CMRG_70668	0	0	0.0
GRCh38_CMRG_70673	0	0	0.363636
GRCh38_CMRG_70679	0	0	0.00023
GRCh38_CMRG_70685	0	0	0.002029
GRCh38_CMRG_70687	0	0	0.027768
GRCh38_CMRG_70688	0	0	0.0
GRCh38_CMRG_70700	0	0	0.0
GRCh38_CMRG_70701	0	0	0.0
GRCh38_CMRG_70703	0	0	0.220063
GRCh38_CMRG_70716	0	0	0.000143
GRCh38_CMRG_70732	0	0	0.0
GRCh38_CMRG_70736	0	0	0.070483
GRCh38_CMRG_70750	0	0	0.042472
GRCh38_CMRG_70751	0	0	0.0
GRCh38_CMRG_70753	0	0	0.0
GRCh38_CMRG_70754	0	0	0.203922
GRCh38_CMRG_70756	0	0	0.086993
GRCh38_CMRG_70759	0	0	5.4e-05
GRCh38_CMRG_7076	0	0	0.985641
GRCh38_CMRG_70760	0	0	0.0
GRCh38_CMRG_70761	0	0	0.0
GRCh38_CMRG_70762	0	0	0.0
GRCh38_CMRG_70763	0	0	0.0
GRCh38_CMRG_70765	0	0	0.0
GRCh38_CMRG_70766	0	0	0.0
GRCh38_CMRG_70770	0	0	0.0
GRCh38_CMRG_70774	0	0	0.0
GRCh38_CMRG_70777	0	0	0.0
GRCh38_CMRG_70783	0	0	0.0
GRCh38_CMRG_70789	0	0	0.0
GRCh38_CMRG_70792	0	0	0.391508
GRCh38_CMRG_70800	0	0	0.0
GRCh38_CMRG_7082	0	0	0.967374
GRCh38_CMRG_7084	0	0	0.000127
GRCh38_CMRG_70848	0	0	0.0
GRCh38_CMRG_70849	0	0	0.0
GRCh38_CMRG_70852	0	0	0.408017
GRCh38_CMRG_70858	0	0	0.0
GRCh38_CMRG_70859	0	0	0.0
GRCh38_CMRG_70864	0	0	0.0
GRCh38_CMRG_70867	0	0	3.2e-05
GRCh38_CMRG_7087	0	0	0.000613
GRCh38_CMRG_70872	0	0	0.17842
GRCh38_CMRG_70880	0	0	0.420967
GRCh38_CMRG_7089	0	0	0.921417
GRCh38_CMRG_70893	0	0	0.0
GRCh38_CMRG_70898	0	0	0.191424
GRCh38_CMRG_70902	0	0	0.0
GRCh38_CMRG_70906	0	0	0.806604
GRCh38_CMRG_70908	0	0	0.476584
GRCh38_CMRG_7091	0	0	4e-05
GRCh38_CMRG_70915	0	0	0.460242
GRCh38_CMRG_70938	0	0	0.0
GRCh38_CMRG_70941	0	0	0.0
GRCh38_CMRG_70952	0	0	0.118034
GRCh38_CMRG_70963	0	0	0.980481
GRCh38_CMRG_70965	0	0	0.0
GRCh38_CMRG_70968	0	0	0.525546
GRCh38_CMRG_70969	0	0	0.344892
GRCh38_CMRG_70976	0	0	0.0
GRCh38_CMRG_70980	0	0	0.129461
GRCh38_CMRG_70992	0	0	0.000635
GRCh38_CMRG_71	0	0	0.0
GRCh38_CMRG_71011	0	0	0.0
GRCh38_CMRG_71012	0	0	0.313158
GRCh38_CMRG_71013	0	0	0.0
GRCh38_CMRG_71017	0	0	0.091128
GRCh38_CMRG_71022	0	0	0.84577
GRCh38_CMRG_71030	0	0	0.576022
GRCh38_CMRG_71033	0	0	0.596862
GRCh38_CMRG_71041	0	0	0.81166
GRCh38_CMRG_71043	0	0	0.289466
GRCh38_CMRG_71044	0	0	0.289466
GRCh38_CMRG_71053	0	0	0.248974
GRCh38_CMRG_7106	0	0	0.915718
GRCh38_CMRG_71060	0	0	0.407743
GRCh38_CMRG_71065	0	0	0.5479
GRCh38_CMRG_71066	0	0	0.5479
GRCh38_CMRG_71069	0	0	6.5e-05
GRCh38_CMRG_71077	0	0	0.430094
GRCh38_CMRG_71088	0	0	4e-05
GRCh38_CMRG_71091	0	0	0.491258
GRCh38_CMRG_7110	0	0	2.6e-05
GRCh38_CMRG_71100	0	0	0.0
GRCh38_CMRG_71108	0	0	0.000513
GRCh38_CMRG_71109	0	0	0.0
GRCh38_CMRG_7111	0	0	2.6e-05
GRCh38_CMRG_71110	0	0	0.0
GRCh38_CMRG_71117	0	0	0.0
GRCh38_CMRG_71118	0	0	3.2e-05
GRCh38_CMRG_71119	0	0	0.0
GRCh38_CMRG_71120	0	0	0.0
GRCh38_CMRG_71124	0	0	0.0
GRCh38_CMRG_71139	0	0	0.798057
GRCh38_CMRG_7114	0	0	0.257869
GRCh38_CMRG_71144	0	0	0.077645
GRCh38_CMRG_71145	0	0	0.0
GRCh38_CMRG_71147	0	0	0.077363
GRCh38_CMRG_7115	0	0	0.77443
GRCh38_CMRG_71162	0	0	0.0
GRCh38_CMRG_71170	0	0	0.0
GRCh38_CMRG_71182	0	0	0.05089
GRCh38_CMRG_71185	0	0	0.24967
GRCh38_CMRG_71189	0	0	0.0
GRCh38_CMRG_71193	0	0	8.6e-05
GRCh38_CMRG_71199	0	0	0.503014
GRCh38_CMRG_71201	0	0	0.0
GRCh38_CMRG_7125	0	0	0.0
GRCh38_CMRG_7130	0	0	0.36264
GRCh38_CMRG_71340	0	0	0.230781
GRCh38_CMRG_71356	0	0	0.0
GRCh38_CMRG_71370	0	0	0.6013
GRCh38_CMRG_71372	0	0	0.135831
GRCh38_CMRG_71378	0	0	0.0
GRCh38_CMRG_7138	0	0	0.850629
GRCh38_CMRG_71380	0	0	0.0
GRCh38_CMRG_71390	0	0	0.517574
GRCh38_CMRG_71396	0	0	0.354942
GRCh38_CMRG_7140	0	0	0.0
GRCh38_CMRG_71403	0	0	0.045768
GRCh38_CMRG_71410	0	0	0.310563
GRCh38_CMRG_71412	0	0	0.356097
GRCh38_CMRG_71414	0	0	0.0
GRCh38_CMRG_71421	0	0	0.006227
GRCh38_CMRG_71430	0	0	0.621136
GRCh38_CMRG_71435	0	0	0.278624
GRCh38_CMRG_71436	0	0	0.0
GRCh38_CMRG_71438	0	0	0.961477
GRCh38_CMRG_71449	0	0	0.000177
GRCh38_CMRG_71460	0	0	0.000574
GRCh38_CMRG_71461	0	0	0.0
GRCh38_CMRG_71471	0	0	0.00023
GRCh38_CMRG_71472	0	0	0.680101
GRCh38_CMRG_71475	0	0	0.175401
GRCh38_CMRG_71477	0	0	0.0
GRCh38_CMRG_71479	0	0	0.363943
GRCh38_CMRG_71485	0	0	0.00027
GRCh38_CMRG_71486	0	0	0.0
GRCh38_CMRG_7149	0	0	0.5409
GRCh38_CMRG_7150	0	0	0.471893
GRCh38_CMRG_71505	0	0	0.000268
GRCh38_CMRG_71510	0	0	0.0
GRCh38_CMRG_71522	0	0	0.0
GRCh38_CMRG_7153	0	0	0.749445
GRCh38_CMRG_71535	0	0	0.743678
GRCh38_CMRG_71536	0	0	0.0
GRCh38_CMRG_71544	0	0	0.0
GRCh38_CMRG_71545	0	0	0.0
GRCh38_CMRG_71565	0	0	0.0
GRCh38_CMRG_71568	0	0	0.57025
GRCh38_CMRG_71569	0	0	0.739776
GRCh38_CMRG_71591	0	0	0.0
GRCh38_CMRG_71596	0	0	0.107508
GRCh38_CMRG_71599	0	0	0.775628
GRCh38_CMRG_716	0	0	0.0
GRCh38_CMRG_71600	0	0	0.282479
GRCh38_CMRG_71606	0	0	0.0
GRCh38_CMRG_71607	0	0	0.000714
GRCh38_CMRG_7163	0	0	0.635727
GRCh38_CMRG_71640	0	0	0.937837
GRCh38_CMRG_71642	0	0	4e-05
GRCh38_CMRG_71646	0	0	0.165082
GRCh38_CMRG_71655	0	0	0.0
GRCh38_CMRG_71673	0	0	0.89204
GRCh38_CMRG_71677	0	0	0.0
GRCh38_CMRG_71678	0	0	0.133646
GRCh38_CMRG_71680	0	0	0.5
GRCh38_CMRG_71685	0	0	0.0
GRCh38_CMRG_71690	0	0	0.06001
GRCh38_CMRG_71695	0	0	0.0
GRCh38_CMRG_71697	0	0	0.0
GRCh38_CMRG_71705	0	0	0.0
GRCh38_CMRG_71706	0	0	0.274984
GRCh38_CMRG_71711	0	0	0.925385
GRCh38_CMRG_71713	0	0	0.531983
GRCh38_CMRG_71715	0	0	0.47823
GRCh38_CMRG_71728	0	0	0.670953
GRCh38_CMRG_71729	0	0	0.149265
GRCh38_CMRG_71733	0	0	0.4141
GRCh38_CMRG_71738	0	0	0.006355
GRCh38_CMRG_71739	0	0	0.0
GRCh38_CMRG_7174	0	0	0.254308
GRCh38_CMRG_71740	0	0	0.0
GRCh38_CMRG_71745	0	0	0.122848
GRCh38_CMRG_71755	0	0	0.0
GRCh38_CMRG_71756	0	0	0.0
GRCh38_CMRG_71769	0	0	0.99817
GRCh38_CMRG_71770	0	0	0.0
GRCh38_CMRG_71774	0	0	0.642455
GRCh38_CMRG_71779	0	0	0.0
GRCh38_CMRG_71783	0	0	0.0
GRCh38_CMRG_71803	0	0	0.000265
GRCh38_CMRG_71804	0	0	0.000265
GRCh38_CMRG_71822	0	0	0.38901
GRCh38_CMRG_71825	0	0	0.009117
GRCh38_CMRG_71842	0	0	0.0
GRCh38_CMRG_71856	0	0	0.0
GRCh38_CMRG_71858	0	0	0.0
GRCh38_CMRG_71866	0	0	0.0
GRCh38_CMRG_71874	0	0	0.000426
GRCh38_CMRG_71878	0	0	0.5304
GRCh38_CMRG_71880	0	0	0.0
GRCh38_CMRG_71881	0	0	0.5304
GRCh38_CMRG_71888	0	0	0.0
GRCh38_CMRG_7189	0	0	0.498751
GRCh38_CMRG_71896	0	0	0.961636
GRCh38_CMRG_71897	0	0	0.0
GRCh38_CMRG_7190	0	0	0.498751
GRCh38_CMRG_71908	0	0	0.0
GRCh38_CMRG_7191	0	0	1.0
GRCh38_CMRG_71911	0	0	8e-06
GRCh38_CMRG_71913	0	0	0.2874
GRCh38_CMRG_71919	0	0	0.173238
GRCh38_CMRG_7192	0	0	1.0
GRCh38_CMRG_71924	0	0	0.787936
GRCh38_CMRG_71942	0	0	0.196092
GRCh38_CMRG_71946	0	0	0.427795
GRCh38_CMRG_71947	0	0	8e-06
GRCh38_CMRG_71954	0	0	0.0
GRCh38_CMRG_71974	0	0	0.640427
GRCh38_CMRG_71980	0	0	0.450753
GRCh38_CMRG_71981	0	0	0.450753
GRCh38_CMRG_71984	0	0	4.8e-05
GRCh38_CMRG_71987	0	0	0.269
GRCh38_CMRG_71994	0	0	0.0
GRCh38_CMRG_71997	0	0	0.964299
GRCh38_CMRG_72001	0	0	0.895723
GRCh38_CMRG_72003	0	0	0.0
GRCh38_CMRG_72004	0	0	0.0
GRCh38_CMRG_72010	0	0	0.0
GRCh38_CMRG_72011	0	0	0.146937
GRCh38_CMRG_72021	0	0	0.0
GRCh38_CMRG_72034	0	0	0.0
GRCh38_CMRG_72035	0	0	0.334439
GRCh38_CMRG_72050	0	0	0.0
GRCh38_CMRG_72060	0	0	0.0
GRCh38_CMRG_72064	0	0	0.000983
GRCh38_CMRG_72078	0	0	0.528865
GRCh38_CMRG_72101	0	0	0.113614
GRCh38_CMRG_72102	0	0	0.0
GRCh38_CMRG_72103	0	0	0.0
GRCh38_CMRG_72109	0	0	1.6e-05
GRCh38_CMRG_72110	0	0	0.0
GRCh38_CMRG_7212	0	0	0.0
GRCh38_CMRG_7213	0	0	0.0
GRCh38_CMRG_7214	0	0	0.0
GRCh38_CMRG_72145	0	0	0.0
GRCh38_CMRG_72149	0	0	0.000286
GRCh38_CMRG_72160	0	0	0.000954
GRCh38_CMRG_72170	0	0	0.277416
GRCh38_CMRG_72177	0	0	0.984762
GRCh38_CMRG_72181	0	0	0.0
GRCh38_CMRG_72187	0	0	0.070462
GRCh38_CMRG_72189	0	0	0.0
GRCh38_CMRG_72190	0	0	0.0
GRCh38_CMRG_72192	0	0	0.388336
GRCh38_CMRG_72193	0	0	0.0
GRCh38_CMRG_72194	0	0	0.495818
GRCh38_CMRG_72205	0	0	0.0
GRCh38_CMRG_72216	0	0	0.0
GRCh38_CMRG_72217	0	0	0.0
GRCh38_CMRG_72218	0	0	0.000221
GRCh38_CMRG_72219	0	0	0.000221
GRCh38_CMRG_72220	0	0	0.0
GRCh38_CMRG_72227	0	0	0.0
GRCh38_CMRG_72235	0	0	0.0
GRCh38_CMRG_72242	0	0	8e-06
GRCh38_CMRG_72243	0	0	0.272746
GRCh38_CMRG_72247	0	0	0.0
GRCh38_CMRG_72265	0	0	0.291988
GRCh38_CMRG_72278	0	0	0.591422
GRCh38_CMRG_7228	0	0	0.165616
GRCh38_CMRG_7229	0	0	1.6e-05
GRCh38_CMRG_72296	0	0	0.772401
GRCh38_CMRG_72303	0	0	0.268705
GRCh38_CMRG_72315	0	0	0.53314
GRCh38_CMRG_72318	0	0	0.000405
GRCh38_CMRG_72322	0	0	0.0
GRCh38_CMRG_72325	0	0	0.95769
GRCh38_CMRG_72338	0	0	0.0
GRCh38_CMRG_72348	0	0	0.726197
GRCh38_CMRG_72352	0	0	0.495174
GRCh38_CMRG_72376	0	0	0.0
GRCh38_CMRG_72377	0	0	0.0
GRCh38_CMRG_72380	0	0	0.842457
GRCh38_CMRG_72391	0	0	0.004249
GRCh38_CMRG_72392	0	0	0.0
GRCh38_CMRG_72393	0	0	0.0
GRCh38_CMRG_72398	0	0	0.0
GRCh38_CMRG_72406	0	0	0.0
GRCh38_CMRG_7242	0	0	0.735859
GRCh38_CMRG_72421	0	0	0.012436
GRCh38_CMRG_72422	0	0	0.547641
GRCh38_CMRG_72423	0	0	0.291464
GRCh38_CMRG_72424	0	0	0.10573
GRCh38_CMRG_72428	0	0	0.0
GRCh38_CMRG_72429	0	0	0.0
GRCh38_CMRG_72430	0	0	0.069699
GRCh38_CMRG_72434	0	0	0.1531
GRCh38_CMRG_72440	0	0	0.595535
GRCh38_CMRG_72445	0	0	0.000379
GRCh38_CMRG_7246	0	0	0.284423
GRCh38_CMRG_72472	0	0	8e-06
GRCh38_CMRG_72473	0	0	0.0
GRCh38_CMRG_72478	0	0	0.750859
GRCh38_CMRG_72483	0	0	0.0
GRCh38_CMRG_72495	0	0	0.0
GRCh38_CMRG_72500	0	0	0.0
GRCh38_CMRG_72501	0	0	0.0
GRCh38_CMRG_72502	0	0	0.0
GRCh38_CMRG_72503	0	0	0.436324
GRCh38_CMRG_72511	0	0	8e-06
GRCh38_CMRG_72521	0	0	0.000312
GRCh38_CMRG_72535	0	0	0.0
GRCh38_CMRG_72537	0	0	0.04586
GRCh38_CMRG_72544	0	0	0.0
GRCh38_CMRG_72550	0	0	4.4e-05
GRCh38_CMRG_72551	0	0	0.0
GRCh38_CMRG_72553	0	0	0.033563
GRCh38_CMRG_72554	0	0	0.616003
GRCh38_CMRG_7256	0	0	0.368223
GRCh38_CMRG_72567	0	0	0.16275
GRCh38_CMRG_72568	0	0	0.400062
GRCh38_CMRG_72569	0	0	0.16275
GRCh38_CMRG_72570	0	0	0.148516
GRCh38_CMRG_72571	0	0	0.148516
GRCh38_CMRG_72579	0	0	0.045817
GRCh38_CMRG_72584	0	0	0.0
GRCh38_CMRG_72585	0	0	0.0
GRCh38_CMRG_72586	0	0	0.0
GRCh38_CMRG_72594	0	0	0.376796
GRCh38_CMRG_72600	0	0	0.0
GRCh38_CMRG_72616	0	0	0.0
GRCh38_CMRG_72621	0	0	0.010264
GRCh38_CMRG_72622	0	0	0.838382
GRCh38_CMRG_72623	0	0	0.838382
GRCh38_CMRG_72624	0	0	0.0
GRCh38_CMRG_72625	0	0	0.0
GRCh38_CMRG_72626	0	0	0.0
GRCh38_CMRG_72631	0	0	0.000111
GRCh38_CMRG_72633	0	0	0.0
GRCh38_CMRG_72643	0	0	0.0
GRCh38_CMRG_72644	0	0	0.0
GRCh38_CMRG_72646	0	0	0.003874
GRCh38_CMRG_72658	0	0	0.0
GRCh38_CMRG_7266	0	0	0.0
GRCh38_CMRG_72660	0	0	0.0
GRCh38_CMRG_72661	0	0	0.0
GRCh38_CMRG_72686	0	0	0.0
GRCh38_CMRG_72699	0	0	0.0
GRCh38_CMRG_72700	0	0	0.00099
GRCh38_CMRG_72705	0	0	0.0
GRCh38_CMRG_72709	0	0	0.0
GRCh38_CMRG_7271	0	0	0.0
GRCh38_CMRG_72713	0	0	0.0
GRCh38_CMRG_72714	0	0	0.0
GRCh38_CMRG_72726	0	0	0.265928
GRCh38_CMRG_72736	0	0	0.0
GRCh38_CMRG_72743	0	0	0.615553
GRCh38_CMRG_7275	0	0	0.5
GRCh38_CMRG_72760	0	0	0.0
GRCh38_CMRG_72764	0	0	4e-05
GRCh38_CMRG_72775	0	0	0.0
GRCh38_CMRG_72779	0	0	0.0
GRCh38_CMRG_7278	0	0	0.8011
GRCh38_CMRG_72786	0	0	0.3079
GRCh38_CMRG_72792	0	0	0.6361
GRCh38_CMRG_72793	0	0	0.6361
GRCh38_CMRG_72795	0	0	0.0
GRCh38_CMRG_72796	0	0	0.0
GRCh38_CMRG_7280	0	0	0.018617
GRCh38_CMRG_72800	0	0	0.0
GRCh38_CMRG_72801	0	0	0.0
GRCh38_CMRG_72811	0	0	0.0
GRCh38_CMRG_72812	0	0	0.0
GRCh38_CMRG_72813	0	0	0.0
GRCh38_CMRG_72814	0	0	0.0
GRCh38_CMRG_72816	0	0	2.4e-05
GRCh38_CMRG_72822	0	0	0.0
GRCh38_CMRG_72829	0	0	0.0
GRCh38_CMRG_72831	0	0	0.0
GRCh38_CMRG_72832	0	0	0.0
GRCh38_CMRG_72841	0	0	0.0
GRCh38_CMRG_72842	0	0	0.0
GRCh38_CMRG_72843	0	0	0.0
GRCh38_CMRG_72851	0	0	0.63148
GRCh38_CMRG_72858	0	0	6.5e-05
GRCh38_CMRG_72901	0	0	0.0
GRCh38_CMRG_72906	0	0	0.006753
GRCh38_CMRG_72907	0	0	0.122257
GRCh38_CMRG_72909	0	0	0.503123
GRCh38_CMRG_72913	0	0	0.003605
GRCh38_CMRG_72925	0	0	0.0
GRCh38_CMRG_72926	0	0	0.0
GRCh38_CMRG_72927	0	0	0.0
GRCh38_CMRG_72928	0	0	0.0
GRCh38_CMRG_72936	0	0	0.0
GRCh38_CMRG_72937	0	0	0.0
GRCh38_CMRG_72942	0	0	0.005022
GRCh38_CMRG_72944	0	0	0.0
GRCh38_CMRG_72948	0	0	0.0
GRCh38_CMRG_72958	0	0	0.375554
GRCh38_CMRG_72967	0	0	0.1932
GRCh38_CMRG_72979	0	0	0.026566
GRCh38_CMRG_72981	0	0	0.002253
GRCh38_CMRG_72986	0	0	0.0
GRCh38_CMRG_72989	0	0	0.495682
GRCh38_CMRG_72995	0	0	0.239285
GRCh38_CMRG_72996	0	0	0.0
GRCh38_CMRG_7300	0	0	0.61941
GRCh38_CMRG_73017	0	0	0.0
GRCh38_CMRG_73024	0	0	0.001113
GRCh38_CMRG_73046	0	0	0.189313
GRCh38_CMRG_73047	0	0	0.496563
GRCh38_CMRG_73066	0	0	0.008235
GRCh38_CMRG_7307	0	0	0.0
GRCh38_CMRG_73080	0	0	0.002468
GRCh38_CMRG_73086	0	0	0.184153
GRCh38_CMRG_73088	0	0	0.0
GRCh38_CMRG_73089	0	0	0.55965
GRCh38_CMRG_73090	0	0	0.0
GRCh38_CMRG_73095	0	0	1.6e-05
GRCh38_CMRG_73098	0	0	0.033553
GRCh38_CMRG_73099	0	0	0.033553
GRCh38_CMRG_73113	0	0	0.0
GRCh38_CMRG_73136	0	0	0.072584
GRCh38_CMRG_73137	0	0	0.2792
GRCh38_CMRG_73138	0	0	0.02922
GRCh38_CMRG_73139	0	0	0.009401
GRCh38_CMRG_73140	0	0	0.0
GRCh38_CMRG_73143	0	0	0.0
GRCh38_CMRG_73144	0	0	0.0
GRCh38_CMRG_73145	0	0	0.000389
GRCh38_CMRG_73147	0	0	0.782813
GRCh38_CMRG_73164	0	0	0.527
GRCh38_CMRG_73165	0	0	0.005568
GRCh38_CMRG_73174	0	0	8e-06
GRCh38_CMRG_73175	0	0	0.0
GRCh38_CMRG_73176	0	0	0.0
GRCh38_CMRG_73177	0	0	0.0
GRCh38_CMRG_73178	0	0	0.0
GRCh38_CMRG_73179	0	0	0.0
GRCh38_CMRG_73180	0	0	0.0
GRCh38_CMRG_73190	0	0	0.0
GRCh38_CMRG_73194	0	0	0.2074
GRCh38_CMRG_73195	0	0	0.0
GRCh38_CMRG_73197	0	0	0.0
GRCh38_CMRG_73198	0	0	0.460337
GRCh38_CMRG_73201	0	0	0.09055
GRCh38_CMRG_73202	0	0	0.425396
GRCh38_CMRG_73207	0	0	0.002532
GRCh38_CMRG_73210	0	0	0.0
GRCh38_CMRG_73215	0	0	0.0
GRCh38_CMRG_73238	0	0	0.0
GRCh38_CMRG_73242	0	0	0.359463
GRCh38_CMRG_73247	0	0	0.0
GRCh38_CMRG_73253	0	0	0.000338
GRCh38_CMRG_73256	0	0	0.433948
GRCh38_CMRG_73257	0	0	0.433948
GRCh38_CMRG_73258	0	0	0.468574
GRCh38_CMRG_73288	0	0	0.0
GRCh38_CMRG_73298	0	0	0.654355
GRCh38_CMRG_73299	0	0	0.524828
GRCh38_CMRG_733	0	0	0.651009
GRCh38_CMRG_73306	0	0	0.007473
GRCh38_CMRG_73307	0	0	0.0
GRCh38_CMRG_73308	0	0	8.8e-05
GRCh38_CMRG_73321	0	0	0.018435
GRCh38_CMRG_73322	0	0	0.230112
GRCh38_CMRG_73328	0	0	0.294134
GRCh38_CMRG_73331	0	0	0.687701
GRCh38_CMRG_73334	0	0	0.0
GRCh38_CMRG_73339	0	0	0.002007
GRCh38_CMRG_73342	0	0	0.0
GRCh38_CMRG_73343	0	0	3.2e-05
GRCh38_CMRG_73344	0	0	0.0
GRCh38_CMRG_73345	0	0	0.0
GRCh38_CMRG_73346	0	0	0.5
GRCh38_CMRG_73348	0	0	0.0
GRCh38_CMRG_73350	0	0	3.2e-05
GRCh38_CMRG_73352	0	0	0.023439
GRCh38_CMRG_73375	0	0	0.240338
GRCh38_CMRG_7338	0	0	0.621188
GRCh38_CMRG_73380	0	0	0.0
GRCh38_CMRG_73386	0	0	0.0
GRCh38_CMRG_73393	0	0	0.0
GRCh38_CMRG_73396	0	0	0.000713
GRCh38_CMRG_73397	0	0	0.127144
GRCh38_CMRG_73402	0	0	0.0
GRCh38_CMRG_73406	0	0	0.203935
GRCh38_CMRG_73414	0	0	0.445817
GRCh38_CMRG_73415	0	0	0.326937
GRCh38_CMRG_73420	0	0	0.858667
GRCh38_CMRG_73428	0	0	8e-06
GRCh38_CMRG_73451	0	0	3.7e-05
GRCh38_CMRG_73455	0	0	0.0
GRCh38_CMRG_73458	0	0	0.000849
GRCh38_CMRG_73483	0	0	0.642775
GRCh38_CMRG_73486	0	0	0.010758
GRCh38_CMRG_73491	0	0	0.0
GRCh38_CMRG_73494	0	0	0.0
GRCh38_CMRG_73507	0	0	0.0
GRCh38_CMRG_73545	0	0	0.743457
GRCh38_CMRG_73547	0	0	0.5579
GRCh38_CMRG_7356	0	0	0.867468
GRCh38_CMRG_73566	0	0	0.2361
GRCh38_CMRG_73568	0	0	0.368873
GRCh38_CMRG_7357	0	0	5.6e-05
GRCh38_CMRG_73580	0	0	0.000532
GRCh38_CMRG_73581	0	0	0.002252
GRCh38_CMRG_73584	0	0	0.000273
GRCh38_CMRG_7359	0	0	0.504614
GRCh38_CMRG_73593	0	0	0.0
GRCh38_CMRG_73608	0	0	0.625181
GRCh38_CMRG_7361	0	0	0.0
GRCh38_CMRG_73620	0	0	0.546519
GRCh38_CMRG_73630	0	0	0.007283
GRCh38_CMRG_73635	0	0	0.0
GRCh38_CMRG_73639	0	0	0.128694
GRCh38_CMRG_73642	0	0	0.207475
GRCh38_CMRG_73645	0	0	0.0
GRCh38_CMRG_73647	0	0	0.0
GRCh38_CMRG_73649	0	0	0.464241
GRCh38_CMRG_73652	0	0	0.0
GRCh38_CMRG_73673	0	0	0.2781
GRCh38_CMRG_73675	0	0	0.117465
GRCh38_CMRG_73677	0	0	0.0
GRCh38_CMRG_7368	0	0	0.423613
GRCh38_CMRG_73681	0	0	0.0
GRCh38_CMRG_73683	0	0	0.0
GRCh38_CMRG_7369	0	0	0.423613
GRCh38_CMRG_73690	0	0	0.04138
GRCh38_CMRG_73691	0	0	0.55735
GRCh38_CMRG_73696	0	0	0.0
GRCh38_CMRG_73715	0	0	0.0
GRCh38_CMRG_73724	0	0	0.466058
GRCh38_CMRG_73727	0	0	0.0
GRCh38_CMRG_73728	0	0	0.0
GRCh38_CMRG_73736	0	0	0.23119
GRCh38_CMRG_73750	0	0	0.440019
GRCh38_CMRG_73761	0	0	0.38261
GRCh38_CMRG_73774	0	0	0.0
GRCh38_CMRG_73776	0	0	0.0
GRCh38_CMRG_73777	0	0	0.306923
GRCh38_CMRG_73783	0	0	0.22767
GRCh38_CMRG_73787	0	0	0.71674
GRCh38_CMRG_73809	0	0	0.0
GRCh38_CMRG_7381	0	0	0.0
GRCh38_CMRG_73810	0	0	0.0
GRCh38_CMRG_73811	0	0	0.0
GRCh38_CMRG_73812	0	0	0.0
GRCh38_CMRG_73818	0	0	0.0
GRCh38_CMRG_7382	0	0	0.0
GRCh38_CMRG_73828	0	0	0.567437
GRCh38_CMRG_7383	0	0	0.0
GRCh38_CMRG_73834	0	0	0.331564
GRCh38_CMRG_73845	0	0	0.483444
GRCh38_CMRG_73847	0	0	0.0
GRCh38_CMRG_73849	0	0	0.0
GRCh38_CMRG_73857	0	0	8e-05
GRCh38_CMRG_73867	0	0	0.0
GRCh38_CMRG_73875	0	0	0.0
GRCh38_CMRG_73881	0	0	0.0
GRCh38_CMRG_73882	0	0	0.0
GRCh38_CMRG_73884	0	0	0.008797
GRCh38_CMRG_73889	0	0	0.736576
GRCh38_CMRG_73900	0	0	0.727042
GRCh38_CMRG_73907	0	0	0.0
GRCh38_CMRG_73923	0	0	0.893069
GRCh38_CMRG_73935	0	0	0.009635
GRCh38_CMRG_7395	0	0	0.0
GRCh38_CMRG_73991	0	0	0.7605
GRCh38_CMRG_73997	0	0	0.0
GRCh38_CMRG_74	0	0	0.0
GRCh38_CMRG_74010	0	0	0.0
GRCh38_CMRG_74028	0	0	0.0
GRCh38_CMRG_74032	0	0	0.515923
GRCh38_CMRG_74036	0	0	0.0
GRCh38_CMRG_74043	0	0	0.0
GRCh38_CMRG_74051	0	0	0.048503
GRCh38_CMRG_74055	0	0	0.3099
GRCh38_CMRG_74056	0	0	0.865439
GRCh38_CMRG_74057	0	0	0.0
GRCh38_CMRG_74058	0	0	0.019572
GRCh38_CMRG_74059	0	0	0.019572
GRCh38_CMRG_7406	0	0	0.095678
GRCh38_CMRG_74061	0	0	0.0
GRCh38_CMRG_74062	0	0	0.0
GRCh38_CMRG_74068	0	0	0.076501
GRCh38_CMRG_74070	0	0	0.001131
GRCh38_CMRG_74077	0	0	0.0
GRCh38_CMRG_74085	0	0	0.550118
GRCh38_CMRG_74089	0	0	0.0
GRCh38_CMRG_74093	0	0	0.0
GRCh38_CMRG_7410	0	0	0.005498
GRCh38_CMRG_74124	0	0	0.162816
GRCh38_CMRG_74138	0	0	0.0
GRCh38_CMRG_74149	0	0	0.521746
GRCh38_CMRG_74157	0	0	0.0
GRCh38_CMRG_74159	0	0	0.0
GRCh38_CMRG_74160	0	0	0.0
GRCh38_CMRG_74184	0	0	0.08773
GRCh38_CMRG_74187	0	0	0.171906
GRCh38_CMRG_74201	0	0	0.0
GRCh38_CMRG_74202	0	0	0.0
GRCh38_CMRG_74206	0	0	0.467208
GRCh38_CMRG_74207	0	0	0.617368
GRCh38_CMRG_74214	0	0	8e-06
GRCh38_CMRG_74222	0	0	0.0
GRCh38_CMRG_74224	0	0	0.003903
GRCh38_CMRG_74225	0	0	0.189154
GRCh38_CMRG_74233	0	0	0.618436
GRCh38_CMRG_74240	0	0	0.945901
GRCh38_CMRG_74243	0	0	0.224898
GRCh38_CMRG_74252	0	0	0.0
GRCh38_CMRG_74257	0	0	0.02966
GRCh38_CMRG_74260	0	0	0.02966
GRCh38_CMRG_74265	0	0	0.0
GRCh38_CMRG_74268	0	0	0.0
GRCh38_CMRG_7427	0	0	0.001571
GRCh38_CMRG_7428	0	0	0.000604
GRCh38_CMRG_74281	0	0	0.0
GRCh38_CMRG_74290	0	0	0.0
GRCh38_CMRG_74299	0	0	0.0
GRCh38_CMRG_74314	0	0	0.226383
GRCh38_CMRG_74320	0	0	0.0
GRCh38_CMRG_74327	0	0	0.011649
GRCh38_CMRG_7433	0	0	0.36981
GRCh38_CMRG_74335	0	0	0.766021
GRCh38_CMRG_74342	0	0	0.0
GRCh38_CMRG_74343	0	0	0.0
GRCh38_CMRG_74344	0	0	0.445941
GRCh38_CMRG_74350	0	0	0.0
GRCh38_CMRG_74362	0	0	0.0
GRCh38_CMRG_74363	0	0	0.0
GRCh38_CMRG_74365	0	0	0.309194
GRCh38_CMRG_74386	0	0	0.55949
GRCh38_CMRG_74388	0	0	0.0
GRCh38_CMRG_74389	0	0	0.0
GRCh38_CMRG_74399	0	0	0.387449
GRCh38_CMRG_74400	0	0	0.387449
GRCh38_CMRG_74404	0	0	0.191539
GRCh38_CMRG_74408	0	0	0.0
GRCh38_CMRG_74411	0	0	0.0
GRCh38_CMRG_7442	0	0	0.0
GRCh38_CMRG_74421	0	0	0.003305
GRCh38_CMRG_74433	0	0	0.248673
GRCh38_CMRG_74438	0	0	7.1e-05
GRCh38_CMRG_74444	0	0	0.97237
GRCh38_CMRG_74446	0	0	0.0
GRCh38_CMRG_74458	0	0	0.1111
GRCh38_CMRG_74461	0	0	0.0
GRCh38_CMRG_74471	0	0	0.57774
GRCh38_CMRG_74475	0	0	0.392445
GRCh38_CMRG_74479	0	0	0.53247
GRCh38_CMRG_74485	0	0	0.0
GRCh38_CMRG_74487	0	0	0.177506
GRCh38_CMRG_74488	0	0	0.150952
GRCh38_CMRG_74490	0	0	0.0
GRCh38_CMRG_74493	0	0	0.498749
GRCh38_CMRG_74494	0	0	0.498749
GRCh38_CMRG_74497	0	0	0.802685
GRCh38_CMRG_74514	0	0	0.350675
GRCh38_CMRG_74516	0	0	0.0
GRCh38_CMRG_74517	0	0	0.0
GRCh38_CMRG_74529	0	0	0.226307
GRCh38_CMRG_74536	0	0	0.0
GRCh38_CMRG_74539	0	0	0.0
GRCh38_CMRG_74540	0	0	0.0
GRCh38_CMRG_74545	0	0	0.0
GRCh38_CMRG_74546	0	0	0.0
GRCh38_CMRG_74550	0	0	0.0
GRCh38_CMRG_74552	0	0	0.002009
GRCh38_CMRG_74556	0	0	0.1667
GRCh38_CMRG_74570	0	0	0.0
GRCh38_CMRG_74571	0	0	0.022877
GRCh38_CMRG_74572	0	0	0.000214
GRCh38_CMRG_74579	0	0	0.000901
GRCh38_CMRG_74582	0	0	0.0
GRCh38_CMRG_74583	0	0	0.0
GRCh38_CMRG_74585	0	0	0.00036
GRCh38_CMRG_74586	0	0	0.0
GRCh38_CMRG_74589	0	0	0.0
GRCh38_CMRG_74601	0	0	0.296497
GRCh38_CMRG_74605	0	0	0.396967
GRCh38_CMRG_7461	0	0	0.0
GRCh38_CMRG_74613	0	0	0.0
GRCh38_CMRG_74614	0	0	0.0
GRCh38_CMRG_74617	0	0	0.002342
GRCh38_CMRG_74618	0	0	8e-06
GRCh38_CMRG_7462	0	0	0.0
GRCh38_CMRG_74624	0	0	0.245385
GRCh38_CMRG_7463	0	0	0.499766
GRCh38_CMRG_74646	0	0	0.008119
GRCh38_CMRG_74652	0	0	0.185122
GRCh38_CMRG_74654	0	0	0.021267
GRCh38_CMRG_74661	0	0	0.0
GRCh38_CMRG_74664	0	0	0.179523
GRCh38_CMRG_74665	0	0	0.04083
GRCh38_CMRG_74667	0	0	0.003287
GRCh38_CMRG_74668	0	0	0.003287
GRCh38_CMRG_74670	0	0	6.4e-05
GRCh38_CMRG_74677	0	0	0.0
GRCh38_CMRG_74687	0	0	0.028337
GRCh38_CMRG_74690	0	0	0.397081
GRCh38_CMRG_74691	0	0	0.0
GRCh38_CMRG_74699	0	0	0.0
GRCh38_CMRG_74704	0	0	0.000104
GRCh38_CMRG_74705	0	0	0.000104
GRCh38_CMRG_74711	0	0	0.0
GRCh38_CMRG_74713	0	0	0.375409
GRCh38_CMRG_74715	0	0	0.0
GRCh38_CMRG_74720	0	0	0.0
GRCh38_CMRG_74721	0	0	0.0
GRCh38_CMRG_74732	0	0	0.90306
GRCh38_CMRG_74735	0	0	0.010263
GRCh38_CMRG_74736	0	0	0.0
GRCh38_CMRG_74739	0	0	0.1715
GRCh38_CMRG_7474	0	0	0.325788
GRCh38_CMRG_74740	0	0	0.9088
GRCh38_CMRG_74741	0	0	0.303282
GRCh38_CMRG_74745	0	0	0.0
GRCh38_CMRG_74746	0	0	0.177347
GRCh38_CMRG_74747	0	0	0.177347
GRCh38_CMRG_74748	0	0	0.0
GRCh38_CMRG_74750	0	0	0.024829
GRCh38_CMRG_74756	0	0	0.0
GRCh38_CMRG_74757	0	0	0.0
GRCh38_CMRG_74758	0	0	0.805655
GRCh38_CMRG_74759	0	0	0.016032
GRCh38_CMRG_7476	0	0	0.144755
GRCh38_CMRG_74764	0	0	0.0
GRCh38_CMRG_74765	0	0	0.0
GRCh38_CMRG_74768	0	0	0.668683
GRCh38_CMRG_74769	0	0	0.045791
GRCh38_CMRG_7477	0	0	0.0
GRCh38_CMRG_74771	0	0	0.0
GRCh38_CMRG_74778	0	0	0.0
GRCh38_CMRG_74787	0	0	0.106811
GRCh38_CMRG_74788	0	0	0.0
GRCh38_CMRG_74793	0	0	0.0
GRCh38_CMRG_74794	0	0	0.0
GRCh38_CMRG_74795	0	0	0.0
GRCh38_CMRG_74796	0	0	0.0
GRCh38_CMRG_74797	0	0	0.001739
GRCh38_CMRG_7480	0	0	0.703748
GRCh38_CMRG_74805	0	0	0.0
GRCh38_CMRG_74806	0	0	0.0
GRCh38_CMRG_74814	0	0	0.0
GRCh38_CMRG_74826	0	0	4.8e-05
GRCh38_CMRG_74827	0	0	0.000905
GRCh38_CMRG_74829	0	0	0.0
GRCh38_CMRG_74830	0	0	0.0
GRCh38_CMRG_74835	0	0	0.0
GRCh38_CMRG_74839	0	0	0.000132
GRCh38_CMRG_74845	0	0	8e-06
GRCh38_CMRG_74851	0	0	0.19083
GRCh38_CMRG_74853	0	0	0.0
GRCh38_CMRG_74856	0	0	0.000238
GRCh38_CMRG_74858	0	0	0.007653
GRCh38_CMRG_7486	0	0	0.002355
GRCh38_CMRG_74885	0	0	0.0
GRCh38_CMRG_74887	0	0	0.0
GRCh38_CMRG_74898	0	0	0.574199
GRCh38_CMRG_74899	0	0	0.0
GRCh38_CMRG_7490	0	0	0.913604
GRCh38_CMRG_74902	0	0	0.003737
GRCh38_CMRG_74903	0	0	0.003737
GRCh38_CMRG_74908	0	0	0.0
GRCh38_CMRG_7491	0	0	0.0
GRCh38_CMRG_74914	0	0	0.0
GRCh38_CMRG_74921	0	0	0.23044
GRCh38_CMRG_74923	0	0	0.0
GRCh38_CMRG_74924	0	0	0.0
GRCh38_CMRG_74934	0	0	0.398836
GRCh38_CMRG_74938	0	0	0.0
GRCh38_CMRG_74943	0	0	0.0
GRCh38_CMRG_74951	0	0	0.270612
GRCh38_CMRG_74952	0	0	0.270612
GRCh38_CMRG_74953	0	0	0.000355
GRCh38_CMRG_74954	0	0	0.000355
GRCh38_CMRG_74956	0	0	0.848266
GRCh38_CMRG_7496	0	0	0.825497
GRCh38_CMRG_74961	0	0	0.008785
GRCh38_CMRG_74962	0	0	0.008785
GRCh38_CMRG_74979	0	0	0.0
GRCh38_CMRG_74982	0	0	0.0
GRCh38_CMRG_74998	0	0	8e-06
GRCh38_CMRG_74999	0	0	8e-06
GRCh38_CMRG_75000	0	0	0.382886
GRCh38_CMRG_75001	0	0	0.376884
GRCh38_CMRG_75014	0	0	3.2e-05
GRCh38_CMRG_75015	0	0	0.0
GRCh38_CMRG_75016	0	0	0.0
GRCh38_CMRG_75017	0	0	0.0
GRCh38_CMRG_75018	0	0	0.0
GRCh38_CMRG_75019	0	0	0.0
GRCh38_CMRG_7502	0	0	0.493131
GRCh38_CMRG_75021	0	0	0.10602
GRCh38_CMRG_75026	0	0	0.627068
GRCh38_CMRG_75028	0	0	0.244
GRCh38_CMRG_75029	0	0	0.0
GRCh38_CMRG_75035	0	0	0.0
GRCh38_CMRG_75041	0	0	0.499529
GRCh38_CMRG_75043	0	0	0.574305
GRCh38_CMRG_75044	0	0	0.0
GRCh38_CMRG_75046	0	0	0.0
GRCh38_CMRG_7505	0	0	0.036372
GRCh38_CMRG_75051	0	0	0.080059
GRCh38_CMRG_75055	0	0	0.0
GRCh38_CMRG_75056	0	0	0.0
GRCh38_CMRG_75058	0	0	0.0
GRCh38_CMRG_75063	0	0	0.011761
GRCh38_CMRG_75064	0	0	0.011761
GRCh38_CMRG_75068	0	0	0.0
GRCh38_CMRG_75069	0	0	0.176241
GRCh38_CMRG_75074	0	0	0.029956
GRCh38_CMRG_75077	0	0	0.797388
GRCh38_CMRG_75080	0	0	0.068452
GRCh38_CMRG_75083	0	0	0.4408
GRCh38_CMRG_75091	0	0	0.848287
GRCh38_CMRG_7511	0	0	0.0
GRCh38_CMRG_75118	0	0	0.335779
GRCh38_CMRG_7512	0	0	0.0
GRCh38_CMRG_75120	0	0	9.9e-05
GRCh38_CMRG_75125	0	0	0.357914
GRCh38_CMRG_75132	0	0	0.0
GRCh38_CMRG_75142	0	0	0.084488
GRCh38_CMRG_75154	0	0	0.000238
GRCh38_CMRG_75159	0	0	0.814237
GRCh38_CMRG_75160	0	0	0.814237
GRCh38_CMRG_75167	0	0	0.0
GRCh38_CMRG_75173	0	0	0.058265
GRCh38_CMRG_75176	0	0	0.000152
GRCh38_CMRG_75177	0	0	0.0
GRCh38_CMRG_75181	0	0	0.0
GRCh38_CMRG_7519	0	0	0.050367
GRCh38_CMRG_75191	0	0	0.0
GRCh38_CMRG_75192	0	0	0.595992
GRCh38_CMRG_75196	0	0	0.781611
GRCh38_CMRG_75198	0	0	0.368277
GRCh38_CMRG_75199	0	0	0.0
GRCh38_CMRG_75200	0	0	0.244415
GRCh38_CMRG_75204	0	0	0.882313
GRCh38_CMRG_75205	0	0	0.27162
GRCh38_CMRG_75235	0	0	0.167837
GRCh38_CMRG_75262	0	0	0.29207
GRCh38_CMRG_7527	0	0	0.106281
GRCh38_CMRG_75272	0	0	0.486887
GRCh38_CMRG_75274	0	0	0.095728
GRCh38_CMRG_75276	0	0	0.739151
GRCh38_CMRG_75278	0	0	0.0
GRCh38_CMRG_75297	0	0	0.855662
GRCh38_CMRG_7530	0	0	4.8e-05
GRCh38_CMRG_75303	0	0	0.004411
GRCh38_CMRG_75310	0	0	0.232156
GRCh38_CMRG_75326	0	0	0.0
GRCh38_CMRG_75341	0	0	0.693361
GRCh38_CMRG_75347	0	0	0.000122
GRCh38_CMRG_75349	0	0	0.000103
GRCh38_CMRG_75361	0	0	0.000808
GRCh38_CMRG_75362	0	0	0.0
GRCh38_CMRG_75409	0	0	0.300636
GRCh38_CMRG_75410	0	0	0.746478
GRCh38_CMRG_75412	0	0	0.0
GRCh38_CMRG_75413	0	0	0.020442
GRCh38_CMRG_7543	0	0	8e-06
GRCh38_CMRG_75441	0	0	0.025445
GRCh38_CMRG_75447	0	0	0.0
GRCh38_CMRG_75448	0	0	7.1e-05
GRCh38_CMRG_75453	0	0	0.15956
GRCh38_CMRG_75454	0	0	0.0
GRCh38_CMRG_75460	0	0	0.267577
GRCh38_CMRG_75471	0	0	0.004623
GRCh38_CMRG_75472	0	0	0.004623
GRCh38_CMRG_75473	0	0	0.992909
GRCh38_CMRG_75476	0	0	0.04733
GRCh38_CMRG_75491	0	0	0.0
GRCh38_CMRG_75508	0	0	0.0
GRCh38_CMRG_75514	0	0	0.699656
GRCh38_CMRG_75516	0	0	0.792554
GRCh38_CMRG_75534	0	0	0.000107
GRCh38_CMRG_75535	0	0	0.0
GRCh38_CMRG_75551	0	0	0.0
GRCh38_CMRG_75552	0	0	0.000419
GRCh38_CMRG_75567	0	0	0.00285
GRCh38_CMRG_75568	0	0	0.00285
GRCh38_CMRG_75572	0	0	0.662281
GRCh38_CMRG_7558	0	0	0.0
GRCh38_CMRG_75580	0	0	0.602869
GRCh38_CMRG_75588	0	0	0.5973
GRCh38_CMRG_75592	0	0	0.00162
GRCh38_CMRG_75597	0	0	0.000334
GRCh38_CMRG_75598	0	0	0.000334
GRCh38_CMRG_75611	0	0	0.8209
GRCh38_CMRG_75623	0	0	0.0
GRCh38_CMRG_75628	0	0	0.200739
GRCh38_CMRG_7563	0	0	0.545223
GRCh38_CMRG_75639	0	0	0.0102
GRCh38_CMRG_75648	0	0	0.0
GRCh38_CMRG_75653	0	0	0.0
GRCh38_CMRG_75654	0	0	0.001766
GRCh38_CMRG_75655	0	0	0.796129
GRCh38_CMRG_75658	0	0	0.000565
GRCh38_CMRG_75669	0	0	0.0
GRCh38_CMRG_75670	0	0	0.100843
GRCh38_CMRG_75705	0	0	0.2744
GRCh38_CMRG_75706	0	0	6.839e-05
GRCh38_CMRG_75707	0	0	0.6236
GRCh38_CMRG_7575	0	0	0.0
GRCh38_CMRG_7576	0	0	0.0
GRCh38_CMRG_7579	0	0	0.0
GRCh38_CMRG_7588	0	0	0.551514
GRCh38_CMRG_7589	0	0	0.0
GRCh38_CMRG_7590	0	0	0.0
GRCh38_CMRG_7591	0	0	0.0
GRCh38_CMRG_7611	0	0	0.35255
GRCh38_CMRG_7612	0	0	0.0
GRCh38_CMRG_7613	0	0	0.0
GRCh38_CMRG_7614	0	0	0.0
GRCh38_CMRG_7618	0	0	0.371336
GRCh38_CMRG_7619	0	0	0.371336
GRCh38_CMRG_7626	0	0	0.329199
GRCh38_CMRG_7629	0	0	0.0
GRCh38_CMRG_7630	0	0	0.007663
GRCh38_CMRG_7632	0	0	0.0
GRCh38_CMRG_7642	0	0	0.0
GRCh38_CMRG_76425	0	0	0.0
GRCh38_CMRG_76426	0	0	0.0
GRCh38_CMRG_7643	0	0	0.0
GRCh38_CMRG_7644	0	0	0.0
GRCh38_CMRG_76454	0	0	0.0
GRCh38_CMRG_76455	0	0	0.0
GRCh38_CMRG_76456	0	0	0.0
GRCh38_CMRG_76457	0	0	0.0
GRCh38_CMRG_76458	0	0	0.0
GRCh38_CMRG_76459	0	0	0.0
GRCh38_CMRG_7646	0	0	0.0
GRCh38_CMRG_76460	0	0	0.0
GRCh38_CMRG_76461	0	0	0.0
GRCh38_CMRG_76463	0	0	0.0
GRCh38_CMRG_76464	0	0	0.0
GRCh38_CMRG_76465	0	0	0.0
GRCh38_CMRG_76466	0	0	0.0
GRCh38_CMRG_7647	0	0	0.0
GRCh38_CMRG_7648	0	0	0.0
GRCh38_CMRG_7649	0	0	0.249232
GRCh38_CMRG_7650	0	0	0.249232
GRCh38_CMRG_7651	0	0	0.0
GRCh38_CMRG_7652	0	0	0.5805
GRCh38_CMRG_7654	0	0	0.000444
GRCh38_CMRG_7655	0	0	0.430429
GRCh38_CMRG_7659	0	0	0.0
GRCh38_CMRG_76592	0	0	0.0
GRCh38_CMRG_76603	0	0	0.0
GRCh38_CMRG_76632	0	0	0.019664
GRCh38_CMRG_76634	0	0	0.996099
GRCh38_CMRG_76649	0	0	0.615865
GRCh38_CMRG_76650	0	0	0.615865
GRCh38_CMRG_76651	0	0	0.248576
GRCh38_CMRG_76653	0	0	0.076394
GRCh38_CMRG_76655	0	0	0.0
GRCh38_CMRG_76656	0	0	0.000149
GRCh38_CMRG_76659	0	0	0.0
GRCh38_CMRG_76662	0	0	0.0
GRCh38_CMRG_76672	0	0	0.985795
GRCh38_CMRG_76678	0	0	0.597302
GRCh38_CMRG_76682	0	0	0.315385
GRCh38_CMRG_76685	0	0	0.545153
GRCh38_CMRG_76688	0	0	0.749321
GRCh38_CMRG_76692	0	0	0.054948
GRCh38_CMRG_76700	0	0	0.0
GRCh38_CMRG_76702	0	0	0.0
GRCh38_CMRG_76724	0	0	0.800486
GRCh38_CMRG_76725	0	0	2.4e-05
GRCh38_CMRG_76727	0	0	0.0
GRCh38_CMRG_76728	0	0	0.0
GRCh38_CMRG_7673	0	0	0.0
GRCh38_CMRG_7674	0	0	0.0
GRCh38_CMRG_7675	0	0	0.0
GRCh38_CMRG_7676	0	0	0.0
GRCh38_CMRG_76769	0	0	0.1974
GRCh38_CMRG_7677	0	0	0.0
GRCh38_CMRG_76770	0	0	0.1974
GRCh38_CMRG_76774	0	0	0.0
GRCh38_CMRG_76787	0	0	0.758109
GRCh38_CMRG_76807	0	0	0.105561
GRCh38_CMRG_76808	0	0	0.220887
GRCh38_CMRG_7681	0	0	0.0
GRCh38_CMRG_76818	0	0	0.224709
GRCh38_CMRG_76824	0	0	0.0
GRCh38_CMRG_76829	0	0	0.001158
GRCh38_CMRG_76834	0	0	0.579681
GRCh38_CMRG_76837	0	0	0.753737
GRCh38_CMRG_76842	0	0	0.985519
GRCh38_CMRG_7686	0	0	0.0
GRCh38_CMRG_76867	0	0	0.000711
GRCh38_CMRG_76870	0	0	0.036309
GRCh38_CMRG_76876	0	0	0.531413
GRCh38_CMRG_76877	0	0	0.00698
GRCh38_CMRG_7688	0	0	0.000391
GRCh38_CMRG_76883	0	0	0.000286
GRCh38_CMRG_76886	0	0	0.328878
GRCh38_CMRG_7689	0	0	0.0
GRCh38_CMRG_7690	0	0	0.0
GRCh38_CMRG_76908	0	0	0.0
GRCh38_CMRG_7691	0	0	0.0
GRCh38_CMRG_76941	0	0	0.0
GRCh38_CMRG_76942	0	0	0.0
GRCh38_CMRG_76943	0	0	0.000816
GRCh38_CMRG_76944	0	0	0.0
GRCh38_CMRG_76945	0	0	0.0
GRCh38_CMRG_76946	0	0	0.01598
GRCh38_CMRG_76948	0	0	6.4e-05
GRCh38_CMRG_76955	0	0	0.0
GRCh38_CMRG_76956	0	0	0.0
GRCh38_CMRG_76957	0	0	0.0
GRCh38_CMRG_76959	0	0	2.4e-05
GRCh38_CMRG_76965	0	0	0.433724
GRCh38_CMRG_76978	0	0	0.0
GRCh38_CMRG_76981	0	0	0.509678
GRCh38_CMRG_76986	0	0	0.59
GRCh38_CMRG_76992	0	0	0.0
GRCh38_CMRG_76998	0	0	0.0
GRCh38_CMRG_7701	0	0	0.0
GRCh38_CMRG_7702	0	0	0.0
GRCh38_CMRG_77031	0	0	0.000727
GRCh38_CMRG_77039	0	0	0.0
GRCh38_CMRG_77047	0	0	0.2734
GRCh38_CMRG_77061	0	0	0.22282
GRCh38_CMRG_77078	0	0	0.0
GRCh38_CMRG_77092	0	0	8e-06
GRCh38_CMRG_77107	0	0	0.660795
GRCh38_CMRG_77109	0	0	0.0
GRCh38_CMRG_77115	0	0	0.0
GRCh38_CMRG_77119	0	0	0.325854
GRCh38_CMRG_77120	0	0	0.0
GRCh38_CMRG_77124	0	0	0.0
GRCh38_CMRG_77129	0	0	0.007829
GRCh38_CMRG_7713	0	0	0.152561
GRCh38_CMRG_77130	0	0	0.0
GRCh38_CMRG_77131	0	0	0.043004
GRCh38_CMRG_77132	0	0	0.1266
GRCh38_CMRG_77135	0	0	0.495708
GRCh38_CMRG_77136	0	0	0.81073
GRCh38_CMRG_77141	0	0	0.0
GRCh38_CMRG_77142	0	0	0.0
GRCh38_CMRG_77154	0	0	0.1608
GRCh38_CMRG_7716	0	0	0.0
GRCh38_CMRG_77160	0	0	0.0
GRCh38_CMRG_77163	0	0	3.4e-05
GRCh38_CMRG_77165	0	0	0.0
GRCh38_CMRG_77166	0	0	0.0
GRCh38_CMRG_7717	0	0	0.0
GRCh38_CMRG_77171	0	0	1.6e-05
GRCh38_CMRG_77178	0	0	0.055697
GRCh38_CMRG_7718	0	0	0.1744
GRCh38_CMRG_77188	0	0	0.09667
GRCh38_CMRG_77190	0	0	0.0
GRCh38_CMRG_77201	0	0	0.0
GRCh38_CMRG_77217	0	0	0.000972
GRCh38_CMRG_7723	0	0	0.761868
GRCh38_CMRG_77236	0	0	0.0
GRCh38_CMRG_77237	0	0	0.0
GRCh38_CMRG_7726	0	0	0.003429
GRCh38_CMRG_77269	0	0	0.01157
GRCh38_CMRG_7727	0	0	0.0
GRCh38_CMRG_77275	0	0	0.0
GRCh38_CMRG_77277	0	0	0.0
GRCh38_CMRG_77278	0	0	0.0
GRCh38_CMRG_7728	0	0	0.0
GRCh38_CMRG_77289	0	0	0.0
GRCh38_CMRG_77297	0	0	0.0
GRCh38_CMRG_77299	0	0	0.0
GRCh38_CMRG_77313	0	0	0.506712
GRCh38_CMRG_77322	0	0	0.0
GRCh38_CMRG_77323	0	0	0.0
GRCh38_CMRG_77325	0	0	0.011469
GRCh38_CMRG_77328	0	0	0.367739
GRCh38_CMRG_77330	0	0	0.0
GRCh38_CMRG_77335	0	0	0.0
GRCh38_CMRG_77336	0	0	0.002909
GRCh38_CMRG_77337	0	0	0.0
GRCh38_CMRG_77339	0	0	0.0
GRCh38_CMRG_77340	0	0	0.0
GRCh38_CMRG_77341	0	0	0.001145
GRCh38_CMRG_77353	0	0	0.0
GRCh38_CMRG_77354	0	0	0.0
GRCh38_CMRG_77355	0	0	0.0
GRCh38_CMRG_77357	0	0	0.0
GRCh38_CMRG_77358	0	0	0.0
GRCh38_CMRG_7736	0	0	0.0
GRCh38_CMRG_77360	0	0	0.0
GRCh38_CMRG_77361	0	0	4e-05
GRCh38_CMRG_77362	0	0	4e-05
GRCh38_CMRG_77363	0	0	0.000239
GRCh38_CMRG_77366	0	0	0.0
GRCh38_CMRG_77367	0	0	0.0
GRCh38_CMRG_77368	0	0	0.011044
GRCh38_CMRG_77369	0	0	0.783362
GRCh38_CMRG_7737	0	0	0.0
GRCh38_CMRG_77371	0	0	0.0
GRCh38_CMRG_77372	0	0	0.0
GRCh38_CMRG_77379	0	0	0.660475
GRCh38_CMRG_7738	0	0	0.0
GRCh38_CMRG_77382	0	0	0.0
GRCh38_CMRG_77384	0	0	0.0
GRCh38_CMRG_77388	0	0	0.0
GRCh38_CMRG_7739	0	0	0.0
GRCh38_CMRG_77394	0	0	0.0
GRCh38_CMRG_77397	0	0	0.0
GRCh38_CMRG_7740	0	0	0.0
GRCh38_CMRG_7741	0	0	0.0
GRCh38_CMRG_77415	0	0	0.0
GRCh38_CMRG_7742	0	0	0.0
GRCh38_CMRG_77421	0	0	0.0
GRCh38_CMRG_77427	0	0	0.0
GRCh38_CMRG_77428	0	0	0.0
GRCh38_CMRG_7743	0	0	0.0
GRCh38_CMRG_77451	0	0	0.0
GRCh38_CMRG_77452	0	0	8e-05
GRCh38_CMRG_77469	0	0	0.0
GRCh38_CMRG_7747	0	0	0.150687
GRCh38_CMRG_77470	0	0	0.0
GRCh38_CMRG_7748	0	0	0.150687
GRCh38_CMRG_77483	0	0	0.0
GRCh38_CMRG_77484	0	0	0.0
GRCh38_CMRG_77489	0	0	0.004368
GRCh38_CMRG_77495	0	0	0.0
GRCh38_CMRG_77500	0	0	0.000453
GRCh38_CMRG_77508	0	0	0.759913
GRCh38_CMRG_77514	0	0	0.3382
GRCh38_CMRG_77515	0	0	0.0
GRCh38_CMRG_77516	0	0	0.3382
GRCh38_CMRG_77518	0	0	5.9e-05
GRCh38_CMRG_77520	0	0	0.0
GRCh38_CMRG_77521	0	0	0.0
GRCh38_CMRG_77528	0	0	0.00137
GRCh38_CMRG_77529	0	0	0.001489
GRCh38_CMRG_77536	0	0	0.066578
GRCh38_CMRG_77543	0	0	0.0
GRCh38_CMRG_77544	0	0	0.0
GRCh38_CMRG_77545	0	0	0.0
GRCh38_CMRG_77546	0	0	0.002069
GRCh38_CMRG_77547	0	0	0.0
GRCh38_CMRG_77557	0	0	0.0
GRCh38_CMRG_77558	0	0	0.0
GRCh38_CMRG_77559	0	0	0.0
GRCh38_CMRG_77561	0	0	0.0
GRCh38_CMRG_77563	0	0	9.5e-05
GRCh38_CMRG_7757	0	0	0.000119
GRCh38_CMRG_77586	0	0	0.0
GRCh38_CMRG_77587	0	0	0.233035
GRCh38_CMRG_77589	0	0	0.0
GRCh38_CMRG_77594	0	0	0.002903
GRCh38_CMRG_77597	0	0	0.0
GRCh38_CMRG_77603	0	0	0.0
GRCh38_CMRG_77604	0	0	0.017996
GRCh38_CMRG_77609	0	0	0.4409
GRCh38_CMRG_77615	0	0	0.0
GRCh38_CMRG_77616	0	0	0.000708
GRCh38_CMRG_77626	0	0	0.0
GRCh38_CMRG_77627	0	0	0.032679
GRCh38_CMRG_7763	0	0	0.17824
GRCh38_CMRG_77633	0	0	0.0
GRCh38_CMRG_77636	0	0	0.0
GRCh38_CMRG_77641	0	0	0.049106
GRCh38_CMRG_77644	0	0	0.0
GRCh38_CMRG_77650	0	0	0.5709
GRCh38_CMRG_77651	0	0	0.01278
GRCh38_CMRG_7766	0	0	0.346406
GRCh38_CMRG_77680	0	0	0.0
GRCh38_CMRG_77689	0	0	0.0
GRCh38_CMRG_77690	0	0	0.0
GRCh38_CMRG_7770	0	0	0.0
GRCh38_CMRG_77706	0	0	0.0
GRCh38_CMRG_77707	0	0	0.0
GRCh38_CMRG_77709	0	0	0.0
GRCh38_CMRG_77711	0	0	0.185253
GRCh38_CMRG_77713	0	0	0.0
GRCh38_CMRG_77715	0	0	0.0
GRCh38_CMRG_77717	0	0	0.0
GRCh38_CMRG_77719	0	0	0.0
GRCh38_CMRG_7772	0	0	0.05021
GRCh38_CMRG_77720	0	0	0.0
GRCh38_CMRG_77721	0	0	0.0
GRCh38_CMRG_77722	0	0	0.0
GRCh38_CMRG_7779	0	0	0.879919
GRCh38_CMRG_7782	0	0	0.09471
GRCh38_CMRG_7789	0	0	0.955001
GRCh38_CMRG_7791	0	0	0.0
GRCh38_CMRG_78	0	0	0.0
GRCh38_CMRG_7806	0	0	0.0
GRCh38_CMRG_7807	0	0	0.0
GRCh38_CMRG_7812	0	0	0.005528
GRCh38_CMRG_7814	0	0	7.8e-05
GRCh38_CMRG_7815	0	0	0.0
GRCh38_CMRG_7816	0	0	0.0
GRCh38_CMRG_7817	0	0	0.00415
GRCh38_CMRG_7818	0	0	0.0
GRCh38_CMRG_7819	0	0	0.00103
GRCh38_CMRG_7822	0	0	0.0
GRCh38_CMRG_7823	0	0	0.0
GRCh38_CMRG_7824	0	0	0.0
GRCh38_CMRG_7825	0	0	0.0
GRCh38_CMRG_7826	0	0	0.0
GRCh38_CMRG_7830	0	0	0.0
GRCh38_CMRG_7831	0	0	2.4e-05
GRCh38_CMRG_7861	0	0	0.0
GRCh38_CMRG_7863	0	0	0.0
GRCh38_CMRG_7871	0	0	0.0
GRCh38_CMRG_7878	0	0	0.0
GRCh38_CMRG_7880	0	0	0.003866
GRCh38_CMRG_7881	0	0	0.118986
GRCh38_CMRG_7883	0	0	0.0
GRCh38_CMRG_7884	0	0	0.0
GRCh38_CMRG_7885	0	0	0.159302
GRCh38_CMRG_7886	0	0	0.0
GRCh38_CMRG_78860	0	0	0.384194
GRCh38_CMRG_78861	0	0	0.061577
GRCh38_CMRG_78862	0	0	0.0
GRCh38_CMRG_78865	0	0	0.268361
GRCh38_CMRG_7887	0	0	0.0
GRCh38_CMRG_78870	0	0	0.0
GRCh38_CMRG_78872	0	0	0.0
GRCh38_CMRG_78877	0	0	0.018092
GRCh38_CMRG_78878	0	0	0.022222
GRCh38_CMRG_78879	0	0	0.217746
GRCh38_CMRG_78883	0	0	0.597674
GRCh38_CMRG_78884	0	0	0.318608
GRCh38_CMRG_7890	0	0	0.0
GRCh38_CMRG_78900	0	0	0.58795
GRCh38_CMRG_78903	0	0	0.383481
GRCh38_CMRG_78908	0	0	0.00057
GRCh38_CMRG_78915	0	0	0.160827
GRCh38_CMRG_78923	0	0	0.0
GRCh38_CMRG_78924	0	0	0.0
GRCh38_CMRG_78927	0	0	0.0
GRCh38_CMRG_7893	0	0	0.240631
GRCh38_CMRG_78933	0	0	0.0
GRCh38_CMRG_78934	0	0	0.0
GRCh38_CMRG_78935	0	0	0.0
GRCh38_CMRG_78936	0	0	0.0
GRCh38_CMRG_78939	0	0	0.01962
GRCh38_CMRG_78940	0	0	0.01962
GRCh38_CMRG_78941	0	0	0.018092
GRCh38_CMRG_78942	0	0	0.0
GRCh38_CMRG_78946	0	0	0.437577
GRCh38_CMRG_7895	0	0	0.0
GRCh38_CMRG_78965	0	0	0.2278
GRCh38_CMRG_7897	0	0	0.249485
GRCh38_CMRG_78972	0	0	0.413492
GRCh38_CMRG_78976	0	0	0.011562
GRCh38_CMRG_78978	0	0	0.0
GRCh38_CMRG_78994	0	0	0.000151
GRCh38_CMRG_79	0	0	0.0
GRCh38_CMRG_7900	0	0	0.0
GRCh38_CMRG_79002	0	0	0.112742
GRCh38_CMRG_7901	0	0	0.0
GRCh38_CMRG_79021	0	0	0.0
GRCh38_CMRG_79036	0	0	0.018092
GRCh38_CMRG_79037	0	0	0.11355
GRCh38_CMRG_79054	0	0	0.0
GRCh38_CMRG_79070	0	0	0.220832
GRCh38_CMRG_79074	0	0	0.632119
GRCh38_CMRG_79075	0	0	0.496083
GRCh38_CMRG_79076	0	0	0.496083
GRCh38_CMRG_79083	0	0	0.0
GRCh38_CMRG_79085	0	0	0.0
GRCh38_CMRG_79086	0	0	0.0
GRCh38_CMRG_79088	0	0	0.470268
GRCh38_CMRG_79095	0	0	0.356697
GRCh38_CMRG_791	0	0	0.0
GRCh38_CMRG_79101	0	0	0.0
GRCh38_CMRG_79109	0	0	0.0
GRCh38_CMRG_79115	0	0	0.007237
GRCh38_CMRG_7912	0	0	0.0
GRCh38_CMRG_79127	0	0	0.003474
GRCh38_CMRG_79136	0	0	0.750828
GRCh38_CMRG_79140	0	0	0.876054
GRCh38_CMRG_79141	0	0	0.0
GRCh38_CMRG_79142	0	0	0.018092
GRCh38_CMRG_79143	0	0	0.018092
GRCh38_CMRG_79144	0	0	0.0
GRCh38_CMRG_79145	0	0	0.018092
GRCh38_CMRG_7916	0	0	0.0
GRCh38_CMRG_79165	0	0	0.64788
GRCh38_CMRG_79168	0	0	0.018092
GRCh38_CMRG_79172	0	0	0.0
GRCh38_CMRG_79182	0	0	0.0
GRCh38_CMRG_7919	0	0	3.2e-05
GRCh38_CMRG_7921	0	0	0.0
GRCh38_CMRG_79210	0	0	0.0
GRCh38_CMRG_79216	0	0	0.6082
GRCh38_CMRG_79224	0	0	0.594897
GRCh38_CMRG_79225	0	0	0.877548
GRCh38_CMRG_79236	0	0	0.0
GRCh38_CMRG_79237	0	0	0.0
GRCh38_CMRG_79255	0	0	0.487171
GRCh38_CMRG_79261	0	0	0.001662
GRCh38_CMRG_79264	0	0	0.0
GRCh38_CMRG_79268	0	0	0.0
GRCh38_CMRG_79269	0	0	0.55615
GRCh38_CMRG_79270	0	0	0.0
GRCh38_CMRG_79287	0	0	0.832032
GRCh38_CMRG_79288	0	0	0.0
GRCh38_CMRG_79296	0	0	0.0
GRCh38_CMRG_79299	0	0	0.0
GRCh38_CMRG_793	0	0	0.0
GRCh38_CMRG_7930	0	0	0.0
GRCh38_CMRG_79300	0	0	0.0
GRCh38_CMRG_79317	0	0	0.0
GRCh38_CMRG_79318	0	0	8e-06
GRCh38_CMRG_79321	0	0	0.0
GRCh38_CMRG_79323	0	0	0.00145
GRCh38_CMRG_79330	0	0	0.0
GRCh38_CMRG_79333	0	0	0.0
GRCh38_CMRG_7934	0	0	0.033649
GRCh38_CMRG_79347	0	0	0.041321
GRCh38_CMRG_7935	0	0	0.0
GRCh38_CMRG_79352	0	0	0.0
GRCh38_CMRG_79366	0	0	0.490634
GRCh38_CMRG_79385	0	0	0.804935
GRCh38_CMRG_79388	0	0	0.816848
GRCh38_CMRG_7939	0	0	0.0
GRCh38_CMRG_79394	0	0	0.118364
GRCh38_CMRG_7940	0	0	0.0
GRCh38_CMRG_79400	0	0	0.0
GRCh38_CMRG_79403	0	0	0.0
GRCh38_CMRG_79406	0	0	0.031414
GRCh38_CMRG_79432	0	0	0.340731
GRCh38_CMRG_79446	0	0	0.0
GRCh38_CMRG_79450	0	0	0.340062
GRCh38_CMRG_79455	0	0	0.366506
GRCh38_CMRG_79456	0	0	0.0
GRCh38_CMRG_79459	0	0	0.0
GRCh38_CMRG_79460	0	0	0.933656
GRCh38_CMRG_7948	0	0	0.0
GRCh38_CMRG_79482	0	0	0.003176
GRCh38_CMRG_79484	0	0	0.501405
GRCh38_CMRG_79485	0	0	0.501405
GRCh38_CMRG_79488	0	0	2.6e-05
GRCh38_CMRG_7949	0	0	0.227
GRCh38_CMRG_79498	0	0	0.424291
GRCh38_CMRG_79499	0	0	0.424291
GRCh38_CMRG_7950	0	0	0.0
GRCh38_CMRG_79501	0	0	0.202003
GRCh38_CMRG_79503	0	0	0.0
GRCh38_CMRG_79507	0	0	0.0
GRCh38_CMRG_7951	0	0	0.0
GRCh38_CMRG_79515	0	0	0.0
GRCh38_CMRG_79516	0	0	0.0
GRCh38_CMRG_79517	0	0	0.0
GRCh38_CMRG_7952	0	0	0.0
GRCh38_CMRG_79528	0	0	0.599461
GRCh38_CMRG_7953	0	0	0.0
GRCh38_CMRG_79536	0	0	0.0
GRCh38_CMRG_79537	0	0	0.156615
GRCh38_CMRG_79539	0	0	4.8e-05
GRCh38_CMRG_7954	0	0	0.198626
GRCh38_CMRG_79540	0	0	4.8e-05
GRCh38_CMRG_79545	0	0	0.0
GRCh38_CMRG_79546	0	0	0.123774
GRCh38_CMRG_79549	0	0	0.515726
GRCh38_CMRG_79552	0	0	0.0
GRCh38_CMRG_79555	0	0	0.0
GRCh38_CMRG_79559	0	0	0.318255
GRCh38_CMRG_79560	0	0	0.318255
GRCh38_CMRG_79564	0	0	0.274509
GRCh38_CMRG_79579	0	0	5.6e-05
GRCh38_CMRG_7958	0	0	0.295027
GRCh38_CMRG_79581	0	0	0.0
GRCh38_CMRG_79582	0	0	0.0
GRCh38_CMRG_79585	0	0	0.12015
GRCh38_CMRG_7959	0	0	0.0
GRCh38_CMRG_79593	0	0	0.0
GRCh38_CMRG_79599	0	0	0.0
GRCh38_CMRG_7960	0	0	0.606652
GRCh38_CMRG_79601	0	0	0.0
GRCh38_CMRG_79602	0	0	0.000427
GRCh38_CMRG_79603	0	0	0.0
GRCh38_CMRG_79607	0	0	0.09265
GRCh38_CMRG_79610	0	0	0.002724
GRCh38_CMRG_79611	0	0	0.002724
GRCh38_CMRG_79613	0	0	0.0
GRCh38_CMRG_79618	0	0	0.209869
GRCh38_CMRG_79619	0	0	0.209869
GRCh38_CMRG_79627	0	0	0.22541
GRCh38_CMRG_79629	0	0	0.0
GRCh38_CMRG_79630	0	0	0.6502
GRCh38_CMRG_79631	0	0	0.6502
GRCh38_CMRG_7964	0	0	0.0
GRCh38_CMRG_7965	0	0	0.0
GRCh38_CMRG_79652	0	0	0.0
GRCh38_CMRG_79653	0	0	0.0
GRCh38_CMRG_79656	0	0	0.0
GRCh38_CMRG_79657	0	0	0.0
GRCh38_CMRG_79658	0	0	0.0
GRCh38_CMRG_79659	0	0	0.0
GRCh38_CMRG_7966	0	0	0.0
GRCh38_CMRG_79663	0	0	0.0
GRCh38_CMRG_7967	0	0	0.0
GRCh38_CMRG_79679	0	0	0.000105
GRCh38_CMRG_7968	0	0	0.0
GRCh38_CMRG_79680	0	0	0.017592
GRCh38_CMRG_79688	0	0	0.0
GRCh38_CMRG_79689	0	0	0.0
GRCh38_CMRG_79715	0	0	0.0
GRCh38_CMRG_79726	0	0	0.0
GRCh38_CMRG_79729	0	0	0.031887
GRCh38_CMRG_79730	0	0	3.2e-05
GRCh38_CMRG_79731	0	0	0.0
GRCh38_CMRG_79732	0	0	0.001647
GRCh38_CMRG_79739	0	0	0.196489
GRCh38_CMRG_79749	0	0	0.0
GRCh38_CMRG_79753	0	0	0.000167
GRCh38_CMRG_79754	0	0	0.0
GRCh38_CMRG_79759	0	0	0.0
GRCh38_CMRG_79764	0	0	0.001929
GRCh38_CMRG_79768	0	0	4.8e-05
GRCh38_CMRG_79769	0	0	1.6e-05
GRCh38_CMRG_79773	0	0	0.334718
GRCh38_CMRG_79778	0	0	0.0
GRCh38_CMRG_79780	0	0	0.788589
GRCh38_CMRG_79798	0	0	0.001304
GRCh38_CMRG_79804	0	0	0.053307
GRCh38_CMRG_7981	0	0	0.116245
GRCh38_CMRG_79810	0	0	0.00669
GRCh38_CMRG_79815	0	0	0.0
GRCh38_CMRG_79816	0	0	0.0
GRCh38_CMRG_79818	0	0	0.0
GRCh38_CMRG_7982	0	0	0.491568
GRCh38_CMRG_79825	0	0	0.04852
GRCh38_CMRG_79827	0	0	0.0
GRCh38_CMRG_79828	0	0	0.504374
GRCh38_CMRG_79829	0	0	0.0
GRCh38_CMRG_7983	0	0	0.0
GRCh38_CMRG_79839	0	0	0.0
GRCh38_CMRG_79850	0	0	0.003304
GRCh38_CMRG_79856	0	0	0.0
GRCh38_CMRG_79858	0	0	0.0
GRCh38_CMRG_79859	0	0	0.0
GRCh38_CMRG_79860	0	0	0.0
GRCh38_CMRG_79861	0	0	0.0
GRCh38_CMRG_79864	0	0	0.003682
GRCh38_CMRG_7987	0	0	0.0
GRCh38_CMRG_79872	0	0	0.0
GRCh38_CMRG_79874	0	0	0.268093
GRCh38_CMRG_79875	0	0	0.268093
GRCh38_CMRG_79876	0	0	0.0
GRCh38_CMRG_79879	0	0	0.0
GRCh38_CMRG_79880	0	0	0.0
GRCh38_CMRG_79885	0	0	0.0
GRCh38_CMRG_7989	0	0	0.0
GRCh38_CMRG_79897	0	0	0.146031
GRCh38_CMRG_7990	0	0	0.000111
GRCh38_CMRG_79900	0	0	0.008647
GRCh38_CMRG_79902	0	0	0.615265
GRCh38_CMRG_79903	0	0	0.0
GRCh38_CMRG_79912	0	0	0.000967
GRCh38_CMRG_79925	0	0	0.0
GRCh38_CMRG_79933	0	0	0.0
GRCh38_CMRG_79934	0	0	3.7e-05
GRCh38_CMRG_79935	0	0	0.000794
GRCh38_CMRG_79938	0	0	0.0
GRCh38_CMRG_79939	0	0	0.0
GRCh38_CMRG_79946	0	0	0.0
GRCh38_CMRG_79949	0	0	0.0
GRCh38_CMRG_7996	0	0	0.229587
GRCh38_CMRG_79968	0	0	0.486797
GRCh38_CMRG_79970	0	0	0.0
GRCh38_CMRG_79974	0	0	0.000135
GRCh38_CMRG_79976	0	0	0.0
GRCh38_CMRG_79979	0	0	0.0
GRCh38_CMRG_7998	0	0	7.2e-05
GRCh38_CMRG_79987	0	0	0.0
GRCh38_CMRG_79988	0	0	0.0
GRCh38_CMRG_79989	0	0	0.004491
GRCh38_CMRG_79990	0	0	0.0
GRCh38_CMRG_79994	0	0	0.001867
GRCh38_CMRG_79995	0	0	0.079635
GRCh38_CMRG_80017	0	0	0.0
GRCh38_CMRG_80021	0	0	0.0
GRCh38_CMRG_8003	0	0	0.31896
GRCh38_CMRG_80036	0	0	0.0
GRCh38_CMRG_80039	0	0	0.0
GRCh38_CMRG_80043	0	0	0.000133
GRCh38_CMRG_80046	0	0	0.3424
GRCh38_CMRG_80047	0	0	0.0
GRCh38_CMRG_8005	0	0	0.0
GRCh38_CMRG_80055	0	0	0.4374
GRCh38_CMRG_8006	0	0	0.0
GRCh38_CMRG_8007	0	0	0.0
GRCh38_CMRG_8008	0	0	0.0
GRCh38_CMRG_8009	0	0	0.0
GRCh38_CMRG_8010	0	0	0.0
GRCh38_CMRG_8011	0	0	0.5
GRCh38_CMRG_8012	0	0	0.0
GRCh38_CMRG_8013	0	0	0.766864
GRCh38_CMRG_8017	0	0	0.0
GRCh38_CMRG_8018	0	0	0.0
GRCh38_CMRG_8019	0	0	0.0
GRCh38_CMRG_8020	0	0	1.6e-05
GRCh38_CMRG_8021	0	0	0.515928
GRCh38_CMRG_8022	0	0	0.0
GRCh38_CMRG_8024	0	0	0.013232
GRCh38_CMRG_8026	0	0	0.0
GRCh38_CMRG_8031	0	0	0.611763
GRCh38_CMRG_8032	0	0	0.0
GRCh38_CMRG_8035	0	0	0.116632
GRCh38_CMRG_8042	0	0	0.296
GRCh38_CMRG_8043	0	0	0.0
GRCh38_CMRG_8044	0	0	0.0
GRCh38_CMRG_8047	0	0	0.0
GRCh38_CMRG_8053	0	0	0.0
GRCh38_CMRG_8059	0	0	0.00052
GRCh38_CMRG_8061	0	0	0.278763
GRCh38_CMRG_8067	0	0	0.0
GRCh38_CMRG_80689	0	0	0.0
GRCh38_CMRG_80690	0	0	0.0
GRCh38_CMRG_807	0	0	0.308773
GRCh38_CMRG_8075	0	0	0.0
GRCh38_CMRG_8076	0	0	0.0
GRCh38_CMRG_80784	0	0	0.3503
GRCh38_CMRG_80785	0	0	0.3503
GRCh38_CMRG_80786	0	0	0.0
GRCh38_CMRG_80787	0	0	0.0
GRCh38_CMRG_80796	0	0	0.1961
GRCh38_CMRG_808	0	0	0.294347
GRCh38_CMRG_80811	0	0	0.412513
GRCh38_CMRG_80821	0	0	0.49157
GRCh38_CMRG_809	0	0	0.301628
GRCh38_CMRG_80939	0	0	0.59313
GRCh38_CMRG_8094	0	0	0.002534
GRCh38_CMRG_80944	0	0	0.429955
GRCh38_CMRG_80946	0	0	0.000156
GRCh38_CMRG_80955	0	0	2.4e-05
GRCh38_CMRG_80956	0	0	0.0
GRCh38_CMRG_80966	0	0	0.0
GRCh38_CMRG_80975	0	0	0.001325
GRCh38_CMRG_80977	0	0	0.0
GRCh38_CMRG_80984	0	0	0.0
GRCh38_CMRG_80986	0	0	0.0
GRCh38_CMRG_8099	0	0	0.0
GRCh38_CMRG_81010	0	0	0.021802
GRCh38_CMRG_81017	0	0	0.0
GRCh38_CMRG_81018	0	0	0.0
GRCh38_CMRG_8102	0	0	0.0
GRCh38_CMRG_8103	0	0	0.410397
GRCh38_CMRG_81032	0	0	0.189563
GRCh38_CMRG_8104	0	0	0.410397
GRCh38_CMRG_8105	0	0	0.0
GRCh38_CMRG_8111	0	0	0.0
GRCh38_CMRG_8112	0	0	0.531112
GRCh38_CMRG_81149	0	0	3.5e-05
GRCh38_CMRG_81185	0	0	0.0
GRCh38_CMRG_81186	0	0	0.2344
GRCh38_CMRG_81188	0	0	0.064649
GRCh38_CMRG_81190	0	0	0.0
GRCh38_CMRG_81194	0	0	0.000161
GRCh38_CMRG_81196	0	0	0.85839
GRCh38_CMRG_81197	0	0	0.85839
GRCh38_CMRG_81200	0	0	0.270129
GRCh38_CMRG_81202	0	0	0.11389
GRCh38_CMRG_81203	0	0	0.109493
GRCh38_CMRG_81206	0	0	0.155229
GRCh38_CMRG_81207	0	0	0.451724
GRCh38_CMRG_81208	0	0	0.683167
GRCh38_CMRG_81209	0	0	0.383111
GRCh38_CMRG_8121	0	0	0.0
GRCh38_CMRG_81213	0	0	0.002185
GRCh38_CMRG_81214	0	0	0.0
GRCh38_CMRG_81215	0	0	0.225201
GRCh38_CMRG_81221	0	0	0.000335
GRCh38_CMRG_81223	0	0	0.0
GRCh38_CMRG_81224	0	0	0.0
GRCh38_CMRG_81225	0	0	0.003381
GRCh38_CMRG_81248	0	0	0.0
GRCh38_CMRG_81279	0	0	0.424397
GRCh38_CMRG_8129	0	0	0.0
GRCh38_CMRG_81292	0	0	0.743129
GRCh38_CMRG_81295	0	0	0.205132
GRCh38_CMRG_81297	0	0	0.006714
GRCh38_CMRG_813	0	0	8.7e-05
GRCh38_CMRG_81331	0	0	0.57802
GRCh38_CMRG_81340	0	0	0.1688
GRCh38_CMRG_81341	0	0	0.196422
GRCh38_CMRG_81347	0	0	0.000175
GRCh38_CMRG_81351	0	0	0.499654
GRCh38_CMRG_81360	0	0	0.0
GRCh38_CMRG_81371	0	0	0.074169
GRCh38_CMRG_81372	0	0	0.0
GRCh38_CMRG_81382	0	0	9.5e-05
GRCh38_CMRG_81397	0	0	0.0
GRCh38_CMRG_81408	0	0	0.927858
GRCh38_CMRG_81410	0	0	0.0
GRCh38_CMRG_81416	0	0	0.0
GRCh38_CMRG_81417	0	0	0.386102
GRCh38_CMRG_81418	0	0	0.097648
GRCh38_CMRG_81424	0	0	0.207135
GRCh38_CMRG_81441	0	0	0.0
GRCh38_CMRG_81449	0	0	0.567614
GRCh38_CMRG_81454	0	0	0.549686
GRCh38_CMRG_81457	0	0	0.032626
GRCh38_CMRG_81474	0	0	0.028106
GRCh38_CMRG_81480	0	0	0.359808
GRCh38_CMRG_81481	0	0	0.0
GRCh38_CMRG_81487	0	0	0.749409
GRCh38_CMRG_81490	0	0	0.594583
GRCh38_CMRG_81492	0	0	0.198875
GRCh38_CMRG_81493	0	0	0.000378
GRCh38_CMRG_81517	0	0	0.205263
GRCh38_CMRG_81538	0	0	0.007708
GRCh38_CMRG_81553	0	0	0.1645
GRCh38_CMRG_81554	0	0	0.415847
GRCh38_CMRG_81558	0	0	0.219547
GRCh38_CMRG_81559	0	0	0.483419
GRCh38_CMRG_8156	0	0	0.29659
GRCh38_CMRG_81566	0	0	0.000165
GRCh38_CMRG_8157	0	0	0.066098
GRCh38_CMRG_81582	0	0	6.4e-05
GRCh38_CMRG_81584	0	0	0.217
GRCh38_CMRG_8161	0	0	0.202385
GRCh38_CMRG_81613	0	0	0.854285
GRCh38_CMRG_81618	0	0	0.0
GRCh38_CMRG_81627	0	0	0.0
GRCh38_CMRG_81628	0	0	0.0
GRCh38_CMRG_81632	0	0	0.506118
GRCh38_CMRG_81639	0	0	0.131926
GRCh38_CMRG_81651	0	0	0.651409
GRCh38_CMRG_81658	0	0	0.006215
GRCh38_CMRG_81662	0	0	0.655226
GRCh38_CMRG_81688	0	0	0.0
GRCh38_CMRG_81694	0	0	0.0
GRCh38_CMRG_81695	0	0	0.052763
GRCh38_CMRG_81698	0	0	0.005703
GRCh38_CMRG_81709	0	0	0.264867
GRCh38_CMRG_81710	0	0	0.0
GRCh38_CMRG_81711	0	0	8e-06
GRCh38_CMRG_81712	0	0	0.012976
GRCh38_CMRG_81722	0	0	0.002769
GRCh38_CMRG_81723	0	0	0.0
GRCh38_CMRG_81724	0	0	0.0
GRCh38_CMRG_81725	0	0	0.050182
GRCh38_CMRG_81745	0	0	0.0
GRCh38_CMRG_81747	0	0	0.261366
GRCh38_CMRG_81751	0	0	0.0
GRCh38_CMRG_81752	0	0	0.0
GRCh38_CMRG_81754	0	0	4.3e-05
GRCh38_CMRG_81758	0	0	0.000997
GRCh38_CMRG_81759	0	0	0.000175
GRCh38_CMRG_81773	0	0	0.0
GRCh38_CMRG_81780	0	0	0.3692
GRCh38_CMRG_81783	0	0	0.435207
GRCh38_CMRG_81786	0	0	0.422011
GRCh38_CMRG_81787	0	0	0.144215
GRCh38_CMRG_81794	0	0	0.082705
GRCh38_CMRG_81795	0	0	0.598831
GRCh38_CMRG_81799	0	0	0.00059
GRCh38_CMRG_81818	0	0	0.363054
GRCh38_CMRG_81820	0	0	0.0
GRCh38_CMRG_81822	0	0	0.059072
GRCh38_CMRG_81823	0	0	0.389132
GRCh38_CMRG_81824	0	0	0.0
GRCh38_CMRG_81826	0	0	0.0
GRCh38_CMRG_81830	0	0	0.0
GRCh38_CMRG_81831	0	0	0.0
GRCh38_CMRG_81832	0	0	0.001103
GRCh38_CMRG_81834	0	0	0.0
GRCh38_CMRG_81836	0	0	0.09371
GRCh38_CMRG_81848	0	0	0.0
GRCh38_CMRG_81850	0	0	0.0
GRCh38_CMRG_81862	0	0	0.0
GRCh38_CMRG_81866	0	0	0.0
GRCh38_CMRG_81869	0	0	0.0
GRCh38_CMRG_81878	0	0	0.003951
GRCh38_CMRG_81879	0	0	0.0
GRCh38_CMRG_81887	0	0	0.1413
GRCh38_CMRG_81888	0	0	0.188536
GRCh38_CMRG_81891	0	0	0.0
GRCh38_CMRG_81892	0	0	0.258432
GRCh38_CMRG_81893	0	0	0.2958
GRCh38_CMRG_81899	0	0	0.1545
GRCh38_CMRG_81914	0	0	0.0
GRCh38_CMRG_81923	0	0	0.634188
GRCh38_CMRG_81924	0	0	0.213785
GRCh38_CMRG_81925	0	0	0.213785
GRCh38_CMRG_81926	0	0	0.0
GRCh38_CMRG_81928	0	0	9.5e-05
GRCh38_CMRG_81929	0	0	0.0
GRCh38_CMRG_81937	0	0	0.0
GRCh38_CMRG_81938	0	0	0.0
GRCh38_CMRG_81939	0	0	0.320581
GRCh38_CMRG_81940	0	0	0.0
GRCh38_CMRG_81944	0	0	0.0
GRCh38_CMRG_81952	0	0	0.640537
GRCh38_CMRG_81961	0	0	0.0
GRCh38_CMRG_81977	0	0	0.070666
GRCh38_CMRG_8198	0	0	0.152867
GRCh38_CMRG_81981	0	0	0.0
GRCh38_CMRG_81985	0	0	0.002066
GRCh38_CMRG_81986	0	0	0.0
GRCh38_CMRG_81989	0	0	0.000518
GRCh38_CMRG_81992	0	0	0.0
GRCh38_CMRG_82000	0	0	0.16399
GRCh38_CMRG_82001	0	0	0.381591
GRCh38_CMRG_8202	0	0	0.0
GRCh38_CMRG_82020	0	0	0.0
GRCh38_CMRG_82030	0	0	0.0
GRCh38_CMRG_82032	0	0	0.469926
GRCh38_CMRG_8204	0	0	0.576184
GRCh38_CMRG_82043	0	0	0.000468
GRCh38_CMRG_82046	0	0	3.3e-05
GRCh38_CMRG_82053	0	0	0.210116
GRCh38_CMRG_82054	0	0	0.018154
GRCh38_CMRG_82057	0	0	0.0
GRCh38_CMRG_82061	0	0	6.8e-05
GRCh38_CMRG_82062	0	0	0.411954
GRCh38_CMRG_82063	0	0	0.0
GRCh38_CMRG_82064	0	0	0.0
GRCh38_CMRG_82065	0	0	0.0
GRCh38_CMRG_82067	0	0	0.0
GRCh38_CMRG_82069	0	0	0.0
GRCh38_CMRG_82071	0	0	0.0
GRCh38_CMRG_82073	0	0	0.0
GRCh38_CMRG_82074	0	0	0.0
GRCh38_CMRG_82076	0	0	0.161213
GRCh38_CMRG_82085	0	0	0.0
GRCh38_CMRG_82094	0	0	0.5642
GRCh38_CMRG_82097	0	0	0.0
GRCh38_CMRG_82103	0	0	0.000575
GRCh38_CMRG_82105	0	0	0.0
GRCh38_CMRG_82111	0	0	0.0
GRCh38_CMRG_82112	0	0	0.0
GRCh38_CMRG_82115	0	0	0.0
GRCh38_CMRG_82127	0	0	0.394285
GRCh38_CMRG_82128	0	0	0.394285
GRCh38_CMRG_82132	0	0	0.0
GRCh38_CMRG_8214	0	0	0.0
GRCh38_CMRG_82144	0	0	0.082615
GRCh38_CMRG_8215	0	0	0.11714
GRCh38_CMRG_82159	0	0	0.192848
GRCh38_CMRG_82160	0	0	0.000282
GRCh38_CMRG_82161	0	0	0.0
GRCh38_CMRG_82166	0	0	0.0
GRCh38_CMRG_82170	0	0	0.095023
GRCh38_CMRG_82179	0	0	0.0
GRCh38_CMRG_82180	0	0	0.0
GRCh38_CMRG_82181	0	0	0.1876
GRCh38_CMRG_82185	0	0	0.0
GRCh38_CMRG_82186	0	0	0.0
GRCh38_CMRG_82190	0	0	0.039692
GRCh38_CMRG_8221	0	0	0.0
GRCh38_CMRG_82231	0	0	0.0
GRCh38_CMRG_82232	0	0	0.0
GRCh38_CMRG_82235	0	0	0.292541
GRCh38_CMRG_82236	0	0	0.0
GRCh38_CMRG_82240	0	0	0.0
GRCh38_CMRG_82241	0	0	0.0
GRCh38_CMRG_82243	0	0	0.0
GRCh38_CMRG_82245	0	0	0.0
GRCh38_CMRG_82261	0	0	0.0
GRCh38_CMRG_82271	0	0	0.0
GRCh38_CMRG_82275	0	0	0.0
GRCh38_CMRG_82277	0	0	0.084412
GRCh38_CMRG_82281	0	0	0.0
GRCh38_CMRG_82287	0	0	0.241847
GRCh38_CMRG_82291	0	0	0.0
GRCh38_CMRG_82292	0	0	0.0
GRCh38_CMRG_82293	0	0	0.005517
GRCh38_CMRG_82296	0	0	0.0
GRCh38_CMRG_82297	0	0	0.0
GRCh38_CMRG_82298	0	0	0.0
GRCh38_CMRG_82300	0	0	0.000817
GRCh38_CMRG_82303	0	0	0.0
GRCh38_CMRG_82312	0	0	0.574226
GRCh38_CMRG_82317	0	0	0.356761
GRCh38_CMRG_82318	0	0	0.435041
GRCh38_CMRG_82319	0	0	0.210378
GRCh38_CMRG_82320	0	0	0.462211
GRCh38_CMRG_82345	0	0	0.0
GRCh38_CMRG_82346	0	0	0.018102
GRCh38_CMRG_82348	0	0	0.0
GRCh38_CMRG_82349	0	0	0.0
GRCh38_CMRG_8235	0	0	0.0
GRCh38_CMRG_82350	0	0	0.0
GRCh38_CMRG_82351	0	0	0.0
GRCh38_CMRG_82353	0	0	0.0
GRCh38_CMRG_82367	0	0	0.0
GRCh38_CMRG_82380	0	0	0.2896
GRCh38_CMRG_82386	0	0	4.9e-05
GRCh38_CMRG_82390	0	0	0.004563
GRCh38_CMRG_82393	0	0	0.0
GRCh38_CMRG_82395	0	0	0.00051
GRCh38_CMRG_82396	0	0	0.0
GRCh38_CMRG_82397	0	0	0.0
GRCh38_CMRG_82398	0	0	0.0
GRCh38_CMRG_82405	0	0	0.0
GRCh38_CMRG_82406	0	0	0.0
GRCh38_CMRG_82408	0	0	0.00107
GRCh38_CMRG_82410	0	0	0.196891
GRCh38_CMRG_82411	0	0	0.118951
GRCh38_CMRG_82413	0	0	0.0
GRCh38_CMRG_82418	0	0	0.127544
GRCh38_CMRG_82419	0	0	0.400531
GRCh38_CMRG_8242	0	0	0.916302
GRCh38_CMRG_82421	0	0	8.5e-05
GRCh38_CMRG_82428	0	0	0.0
GRCh38_CMRG_82429	0	0	0.0
GRCh38_CMRG_82434	0	0	0.262367
GRCh38_CMRG_82439	0	0	0.004596
GRCh38_CMRG_82441	0	0	0.4813
GRCh38_CMRG_82442	0	0	0.0
GRCh38_CMRG_82445	0	0	0.139342
GRCh38_CMRG_82446	0	0	0.0
GRCh38_CMRG_82447	0	0	0.0
GRCh38_CMRG_82452	0	0	0.0
GRCh38_CMRG_82453	0	0	0.004918
GRCh38_CMRG_82457	0	0	0.0
GRCh38_CMRG_82458	0	0	0.5459
GRCh38_CMRG_82460	0	0	0.4448
GRCh38_CMRG_82461	0	0	0.0
GRCh38_CMRG_82463	0	0	0.036473
GRCh38_CMRG_82464	0	0	0.0
GRCh38_CMRG_82465	0	0	0.449933
GRCh38_CMRG_82475	0	0	0.330159
GRCh38_CMRG_82476	0	0	0.0
GRCh38_CMRG_82479	0	0	0.0
GRCh38_CMRG_82490	0	0	0.0
GRCh38_CMRG_82491	0	0	0.002006
GRCh38_CMRG_82499	0	0	0.5198
GRCh38_CMRG_82500	0	0	0.0
GRCh38_CMRG_82506	0	0	0.002846
GRCh38_CMRG_82507	0	0	0.016982
GRCh38_CMRG_8251	0	0	0.825834
GRCh38_CMRG_82514	0	0	0.002029
GRCh38_CMRG_82522	0	0	0.34619
GRCh38_CMRG_82523	0	0	0.019131
GRCh38_CMRG_82532	0	0	0.232511
GRCh38_CMRG_82538	0	0	0.0
GRCh38_CMRG_82539	0	0	0.0
GRCh38_CMRG_82540	0	0	0.0
GRCh38_CMRG_82541	0	0	0.0
GRCh38_CMRG_82547	0	0	0.0
GRCh38_CMRG_8255	0	0	0.712116
GRCh38_CMRG_82550	0	0	0.0
GRCh38_CMRG_82555	0	0	0.0
GRCh38_CMRG_82556	0	0	0.0
GRCh38_CMRG_82559	0	0	0.0
GRCh38_CMRG_82560	0	0	0.0
GRCh38_CMRG_82561	0	0	0.002807
GRCh38_CMRG_82562	0	0	0.002807
GRCh38_CMRG_82565	0	0	0.0
GRCh38_CMRG_82567	0	0	0.0
GRCh38_CMRG_8257	0	0	0.0
GRCh38_CMRG_82570	0	0	0.434819
GRCh38_CMRG_82589	0	0	0.0
GRCh38_CMRG_82594	0	0	0.000705
GRCh38_CMRG_82596	0	0	0.0
GRCh38_CMRG_82603	0	0	0.0
GRCh38_CMRG_82604	0	0	0.0
GRCh38_CMRG_82606	0	0	0.0
GRCh38_CMRG_8261	0	0	0.0
GRCh38_CMRG_82614	0	0	0.0
GRCh38_CMRG_82615	0	0	0.0
GRCh38_CMRG_82616	0	0	0.000191
GRCh38_CMRG_82617	0	0	0.0
GRCh38_CMRG_82618	0	0	0.0
GRCh38_CMRG_82619	0	0	0.0
GRCh38_CMRG_82620	0	0	0.0
GRCh38_CMRG_82621	0	0	0.0
GRCh38_CMRG_82625	0	0	0.000163
GRCh38_CMRG_82626	0	0	0.005502
GRCh38_CMRG_82629	0	0	0.540287
GRCh38_CMRG_82630	0	0	0.540287
GRCh38_CMRG_82634	0	0	0.0
GRCh38_CMRG_82635	0	0	0.0
GRCh38_CMRG_82638	0	0	0.0
GRCh38_CMRG_82643	0	0	0.339878
GRCh38_CMRG_82644	0	0	0.339878
GRCh38_CMRG_82645	0	0	0.0001
GRCh38_CMRG_82651	0	0	0.0
GRCh38_CMRG_82660	0	0	0.240943
GRCh38_CMRG_82666	0	0	0.0
GRCh38_CMRG_82670	0	0	0.0
GRCh38_CMRG_82678	0	0	0.0
GRCh38_CMRG_82683	0	0	0.003007
GRCh38_CMRG_82686	0	0	0.3623
GRCh38_CMRG_82692	0	0	0.26609
GRCh38_CMRG_82693	0	0	0.737358
GRCh38_CMRG_82694	0	0	0.068767
GRCh38_CMRG_82695	0	0	0.0
GRCh38_CMRG_82697	0	0	0.20068
GRCh38_CMRG_82698	0	0	0.000143
GRCh38_CMRG_82703	0	0	0.3117
GRCh38_CMRG_82708	0	0	0.0
GRCh38_CMRG_82709	0	0	0.6814
GRCh38_CMRG_8271	0	0	0.0
GRCh38_CMRG_82716	0	0	0.0
GRCh38_CMRG_82717	0	0	0.150547
GRCh38_CMRG_82719	0	0	0.0
GRCh38_CMRG_82720	0	0	0.65105
GRCh38_CMRG_82723	0	0	0.0
GRCh38_CMRG_82724	0	0	0.0
GRCh38_CMRG_82725	0	0	0.078052
GRCh38_CMRG_82729	0	0	0.011175
GRCh38_CMRG_82733	0	0	0.0
GRCh38_CMRG_82735	0	0	0.070407
GRCh38_CMRG_82739	0	0	0.599157
GRCh38_CMRG_82740	0	0	0.599157
GRCh38_CMRG_82741	0	0	0.0
GRCh38_CMRG_82755	0	0	0.0
GRCh38_CMRG_82759	0	0	0.0
GRCh38_CMRG_82773	0	0	0.413804
GRCh38_CMRG_82774	0	0	0.0
GRCh38_CMRG_82779	0	0	0.0
GRCh38_CMRG_82783	0	0	0.0
GRCh38_CMRG_82786	0	0	0.0
GRCh38_CMRG_82788	0	0	0.0
GRCh38_CMRG_82792	0	0	0.0
GRCh38_CMRG_82793	0	0	0.032914
GRCh38_CMRG_82794	0	0	0.0
GRCh38_CMRG_82795	0	0	0.0
GRCh38_CMRG_82796	0	0	0.0
GRCh38_CMRG_82797	0	0	0.0
GRCh38_CMRG_82798	0	0	0.0
GRCh38_CMRG_82800	0	0	0.0
GRCh38_CMRG_82801	0	0	0.2579
GRCh38_CMRG_82802	0	0	0.0
GRCh38_CMRG_82817	0	0	0.0
GRCh38_CMRG_82819	0	0	0.0
GRCh38_CMRG_82827	0	0	0.0
GRCh38_CMRG_82829	0	0	0.0
GRCh38_CMRG_82840	0	0	0.0
GRCh38_CMRG_82841	0	0	0.0
GRCh38_CMRG_82844	0	0	0.0
GRCh38_CMRG_8285	0	0	0.369395
GRCh38_CMRG_82850	0	0	0.00918561
GRCh38_CMRG_82853	0	0	0.0
GRCh38_CMRG_8286	0	0	0.130855
GRCh38_CMRG_82861	0	0	0.0
GRCh38_CMRG_82865	0	0	0.958399
GRCh38_CMRG_82868	0	0	0.0
GRCh38_CMRG_82871	0	0	0.8518
GRCh38_CMRG_82874	0	0	0.0668064
GRCh38_CMRG_82879	0	0	0.791675
GRCh38_CMRG_82880	0	0	0.0
GRCh38_CMRG_82881	0	0	0.0
GRCh38_CMRG_8289	0	0	0.012871
GRCh38_CMRG_8290	0	0	0.012871
GRCh38_CMRG_82900	0	0	0.48027
GRCh38_CMRG_82910	0	0	0.0914283
GRCh38_CMRG_82930	0	0	0.0
GRCh38_CMRG_82937	0	0	2.12251e-05
GRCh38_CMRG_82947	0	0	0.001873
GRCh38_CMRG_8295	0	0	0.353046
GRCh38_CMRG_82968	0	0	0.2356
GRCh38_CMRG_82976	0	0	0.65713
GRCh38_CMRG_82977	0	0	0.210602
GRCh38_CMRG_82986	0	0	0.0
GRCh38_CMRG_83002	0	0	0.0
GRCh38_CMRG_83004	0	0	0.824836
GRCh38_CMRG_83006	0	0	0.277636
GRCh38_CMRG_83019	0	0	0.0
GRCh38_CMRG_8302	0	0	0.0
GRCh38_CMRG_83020	0	0	0.0
GRCh38_CMRG_83022	0	0	0.0
GRCh38_CMRG_83023	0	0	0.0
GRCh38_CMRG_83038	0	0	0.549286
GRCh38_CMRG_8305	0	0	0.0
GRCh38_CMRG_8307	0	0	0.000485
GRCh38_CMRG_83075	0	0	0.00804313
GRCh38_CMRG_83079	0	0	0.55061
GRCh38_CMRG_8308	0	0	0.0
GRCh38_CMRG_83083	0	0	0.105044
GRCh38_CMRG_83097	0	0	0.0
GRCh38_CMRG_83113	0	0	0.0
GRCh38_CMRG_83118	0	0	0.0
GRCh38_CMRG_83120	0	0	0.0
GRCh38_CMRG_83149	0	0	0.2912
GRCh38_CMRG_83152	0	0	0.000561554
GRCh38_CMRG_83154	0	0	0.0
GRCh38_CMRG_83157	0	0	0.509662
GRCh38_CMRG_83161	0	0	0.0666868
GRCh38_CMRG_83170	0	0	0.17336
GRCh38_CMRG_83176	0	0	0.00520748
GRCh38_CMRG_83189	0	0	0.0
GRCh38_CMRG_83193	0	0	0.0
GRCh38_CMRG_83199	0	0	0.459714
GRCh38_CMRG_83202	0	0	0.935964
GRCh38_CMRG_83229	0	0	0.00148275
GRCh38_CMRG_83235	0	0	0.00354036
GRCh38_CMRG_83244	0	0	0.000857104
GRCh38_CMRG_83248	0	0	0.0
GRCh38_CMRG_83253	0	0	0.0
GRCh38_CMRG_83258	0	0	0.00116189
GRCh38_CMRG_8328	0	0	0.0
GRCh38_CMRG_83283	0	0	0.368518
GRCh38_CMRG_83286	0	0	0.000808
GRCh38_CMRG_83287	0	0	0.0
GRCh38_CMRG_833	0	0	0.001494
GRCh38_CMRG_83313	0	0	0.000624
GRCh38_CMRG_83314	0	0	0.0
GRCh38_CMRG_8332	0	0	0.0
GRCh38_CMRG_83322	0	0	0.003526
GRCh38_CMRG_83348	0	0	0.0
GRCh38_CMRG_83349	0	0	0.0
GRCh38_CMRG_8336	0	0	0.945119
GRCh38_CMRG_83364	0	0	0.0
GRCh38_CMRG_83391	0	0	0.0
GRCh38_CMRG_83393	0	0	0.0
GRCh38_CMRG_83395	0	0	0.448667
GRCh38_CMRG_83398	0	0	0.0
GRCh38_CMRG_8340	0	0	6.6e-05
GRCh38_CMRG_83401	0	0	0.0
GRCh38_CMRG_83412	0	0	1.04304e-05
GRCh38_CMRG_83416	0	0	0.22815
GRCh38_CMRG_83432	0	0	0.0
GRCh38_CMRG_83433	0	0	0.0
GRCh38_CMRG_83525	0	0	0.0
GRCh38_CMRG_8356	0	0	0.051883
GRCh38_CMRG_83563	0	0	0.622141
GRCh38_CMRG_83565	0	0	0.660465
GRCh38_CMRG_83576	0	0	0.0
GRCh38_CMRG_83592	0	0	0.246076
GRCh38_CMRG_83595	0	0	0.0
GRCh38_CMRG_83606	0	0	0.0
GRCh38_CMRG_83611	0	0	0.75
GRCh38_CMRG_83612	0	0	0.0
GRCh38_CMRG_83617	0	0	0.908536
GRCh38_CMRG_83620	0	0	0.258664
GRCh38_CMRG_83623	0	0	2.13336e-05
GRCh38_CMRG_83637	0	0	0.307945
GRCh38_CMRG_83647	0	0	0.822817
GRCh38_CMRG_83660	0	0	0.476871
GRCh38_CMRG_83668	0	0	0.776967
GRCh38_CMRG_8368	0	0	0.0
GRCh38_CMRG_83681	0	0	0.187367
GRCh38_CMRG_83688	0	0	0.2197
GRCh38_CMRG_83689	0	0	0.214643
GRCh38_CMRG_83703	0	0	0.0
GRCh38_CMRG_83706	0	0	0.0
GRCh38_CMRG_83712	0	0	0.0
GRCh38_CMRG_83714	0	0	0.0
GRCh38_CMRG_83727	0	0	0.003278
GRCh38_CMRG_8373	0	0	0.184671
GRCh38_CMRG_83734	0	0	0.000156871
GRCh38_CMRG_83736	0	0	0.0
GRCh38_CMRG_83746	0	0	5.31943e-05
GRCh38_CMRG_8375	0	0	0.695591
GRCh38_CMRG_83754	0	0	0.717195
GRCh38_CMRG_83755	0	0	0.762586
GRCh38_CMRG_83770	0	0	0.0
GRCh38_CMRG_83779	0	0	0.320248
GRCh38_CMRG_83786	0	0	4.22972e-05
GRCh38_CMRG_83792	0	0	0.00361458
GRCh38_CMRG_83805	0	0	0.0
GRCh38_CMRG_83819	0	0	0.5829
GRCh38_CMRG_83829	0	0	0.216745
GRCh38_CMRG_83835	0	0	0.273967
GRCh38_CMRG_83851	0	0	0.581827
GRCh38_CMRG_83860	0	0	0.0
GRCh38_CMRG_83869	0	0	0.00985289
GRCh38_CMRG_8387	0	0	0.0
GRCh38_CMRG_83877	0	0	0.0
GRCh38_CMRG_8388	0	0	0.0
GRCh38_CMRG_83883	0	0	0.0
GRCh38_CMRG_83884	0	0	0.0595558
GRCh38_CMRG_83892	0	0	3.12803e-05
GRCh38_CMRG_83899	0	0	0.528905
GRCh38_CMRG_83904	0	0	0.170448
GRCh38_CMRG_83905	0	0	0.597071
GRCh38_CMRG_83919	0	0	0.949644
GRCh38_CMRG_83959	0	0	0.0
GRCh38_CMRG_84005	0	0	0.0
GRCh38_CMRG_84016	0	0	0.0
GRCh38_CMRG_84018	0	0	0.0372026
GRCh38_CMRG_84022	0	0	0.350929
GRCh38_CMRG_84024	0	0	0.962349
GRCh38_CMRG_8404	0	0	0.001071
GRCh38_CMRG_84040	0	0	3.23614e-05
GRCh38_CMRG_84044	0	0	0.160249
GRCh38_CMRG_84045	0	0	0.0
GRCh38_CMRG_84048	0	0	0.0
GRCh38_CMRG_84052	0	0	0.0
GRCh38_CMRG_84053	0	0	0.0
GRCh38_CMRG_84057	0	0	0.981839
GRCh38_CMRG_84058	0	0	0.115587
GRCh38_CMRG_8407	0	0	0.241665
GRCh38_CMRG_84098	0	0	0.024886
GRCh38_CMRG_84107	0	0	0.488625
GRCh38_CMRG_84120	0	0	0.667
GRCh38_CMRG_84122	0	0	0.0120278
GRCh38_CMRG_84124	0	0	0.0
GRCh38_CMRG_84129	0	0	0.686657
GRCh38_CMRG_84131	0	0	0.0
GRCh38_CMRG_84132	0	0	0.0
GRCh38_CMRG_84140	0	0	0.0
GRCh38_CMRG_84146	0	0	0.854072
GRCh38_CMRG_84147	0	0	0.0
GRCh38_CMRG_84159	0	0	0.000198169
GRCh38_CMRG_84161	0	0	0.418577
GRCh38_CMRG_84162	0	0	0.0
GRCh38_CMRG_84166	0	0	0.0
GRCh38_CMRG_84174	0	0	0.257034
GRCh38_CMRG_84175	0	0	0.249619
GRCh38_CMRG_84176	0	0	0.0
GRCh38_CMRG_8418	0	0	0.089968
GRCh38_CMRG_84182	0	0	4.46214e-05
GRCh38_CMRG_84191	0	0	0.0
GRCh38_CMRG_84199	0	0	0.00152721
GRCh38_CMRG_84217	0	0	0.0
GRCh38_CMRG_84226	0	0	0.238181
GRCh38_CMRG_84227	0	0	0.0
GRCh38_CMRG_84231	0	0	0.0
GRCh38_CMRG_8424	0	0	0.0
GRCh38_CMRG_8425	0	0	1.6e-05
GRCh38_CMRG_84254	0	0	0.0044797
GRCh38_CMRG_84259	0	0	0.0
GRCh38_CMRG_84262	0	0	0.0
GRCh38_CMRG_8427	0	0	0.0
GRCh38_CMRG_84277	0	0	0.984599
GRCh38_CMRG_8428	0	0	0.0
GRCh38_CMRG_84287	0	0	0.0
GRCh38_CMRG_84296	0	0	0.698495
GRCh38_CMRG_84298	0	0	0.0
GRCh38_CMRG_84299	0	0	0.0
GRCh38_CMRG_84302	0	0	0.891349
GRCh38_CMRG_84309	0	0	0.814659
GRCh38_CMRG_84313	0	0	0.0
GRCh38_CMRG_84318	0	0	0.814393
GRCh38_CMRG_8432	0	0	0.032918
GRCh38_CMRG_84340	0	0	0.0
GRCh38_CMRG_84345	0	0	0.0
GRCh38_CMRG_84354	0	0	8.46194e-05
GRCh38_CMRG_84361	0	0	0.136586
GRCh38_CMRG_84366	0	0	0.0
GRCh38_CMRG_84367	0	0	0.0
GRCh38_CMRG_84368	0	0	0.241433
GRCh38_CMRG_84371	0	0	0.426354
GRCh38_CMRG_84374	0	0	0.383528
GRCh38_CMRG_84375	0	0	0.389177
GRCh38_CMRG_84385	0	0	0.837758
GRCh38_CMRG_84388	0	0	0.00298085
GRCh38_CMRG_8439	0	0	0.045838
GRCh38_CMRG_84397	0	0	0.0
GRCh38_CMRG_84400	0	0	0.000282948
GRCh38_CMRG_84401	0	0	0.586382
GRCh38_CMRG_84410	0	0	0.0
GRCh38_CMRG_8442	0	0	0.5417
GRCh38_CMRG_84423	0	0	0.670711
GRCh38_CMRG_84429	0	0	0.000146942
GRCh38_CMRG_8443	0	0	0.5417
GRCh38_CMRG_84435	0	0	0.325476
GRCh38_CMRG_84436	0	0	0.614199
GRCh38_CMRG_8444	0	0	0.0
GRCh38_CMRG_84440	0	0	2.09363e-05
GRCh38_CMRG_84445	0	0	0.0
GRCh38_CMRG_84465	0	0	0.932376
GRCh38_CMRG_84477	0	0	0.085389
GRCh38_CMRG_84479	0	0	0.0
GRCh38_CMRG_84493	0	0	0.303595
GRCh38_CMRG_84494	0	0	0.036566
GRCh38_CMRG_84498	0	0	0.0
GRCh38_CMRG_845	0	0	0.0
GRCh38_CMRG_84504	0	0	0.100155
GRCh38_CMRG_84507	0	0	0.0
GRCh38_CMRG_8451	0	0	0.169396
GRCh38_CMRG_84517	0	0	0.142003
GRCh38_CMRG_8452	0	0	0.0
GRCh38_CMRG_84528	0	0	0.127798
GRCh38_CMRG_8453	0	0	0.0
GRCh38_CMRG_84533	0	0	0.316166
GRCh38_CMRG_8454	0	0	0.00276
GRCh38_CMRG_84540	0	0	0.0379117
GRCh38_CMRG_8455	0	0	0.396627
GRCh38_CMRG_84561	0	0	0.697455
GRCh38_CMRG_84579	0	0	0.0
GRCh38_CMRG_8458	0	0	0.000841
GRCh38_CMRG_84581	0	0	0.0
GRCh38_CMRG_84584	0	0	0.0
GRCh38_CMRG_84585	0	0	0.0
GRCh38_CMRG_8460	0	0	0.0
GRCh38_CMRG_84608	0	0	0.178253
GRCh38_CMRG_84613	0	0	0.0
GRCh38_CMRG_8462	0	0	0.0
GRCh38_CMRG_84672	0	0	0.0
GRCh38_CMRG_84674	0	0	0.000329513
GRCh38_CMRG_8471	0	0	0.216516
GRCh38_CMRG_84711	0	0	0.0
GRCh38_CMRG_8478	0	0	0.0
GRCh38_CMRG_8479	0	0	0.0
GRCh38_CMRG_8480	0	0	0.0
GRCh38_CMRG_84867	0	0	0.0
GRCh38_CMRG_84876	0	0	0.484375
GRCh38_CMRG_84877	0	0	0.0
GRCh38_CMRG_84878	0	0	0.484375
GRCh38_CMRG_84879	0	0	0.0
GRCh38_CMRG_84880	0	0	0.0
GRCh38_CMRG_84896	0	0	0.484375
GRCh38_CMRG_84897	0	0	0.0
GRCh38_CMRG_8490	0	0	0.0
GRCh38_CMRG_8492	0	0	0.0
GRCh38_CMRG_8495	0	0	0.0
GRCh38_CMRG_8499	0	0	0.09616
GRCh38_CMRG_85007	0	0	0.0
GRCh38_CMRG_8506	0	0	0.0
GRCh38_CMRG_8507	0	0	0.7953
GRCh38_CMRG_8512	0	0	0.0
GRCh38_CMRG_8513	0	0	0.0
GRCh38_CMRG_8523	0	0	0.0
GRCh38_CMRG_8527	0	0	0.981892
GRCh38_CMRG_8530	0	0	0.0
GRCh38_CMRG_8531	0	0	0.0
GRCh38_CMRG_8532	0	0	0.585247
GRCh38_CMRG_8535	0	0	0.570871
GRCh38_CMRG_8566	0	0	0.213237
GRCh38_CMRG_8567	0	0	0.213237
GRCh38_CMRG_8586	0	0	0.0
GRCh38_CMRG_8588	0	0	0.0
GRCh38_CMRG_8589	0	0	0.0
GRCh38_CMRG_8596	0	0	0.204247
GRCh38_CMRG_8618	0	0	0.783328
GRCh38_CMRG_8650	0	0	0.323378
GRCh38_CMRG_8661	0	0	0.004125
GRCh38_CMRG_8666	0	0	0.0
GRCh38_CMRG_8673	0	0	0.0
GRCh38_CMRG_8680	0	0	0.0
GRCh38_CMRG_8681	0	0	0.0
GRCh38_CMRG_8703	0	0	0.905462
GRCh38_CMRG_8704	0	0	0.954418
GRCh38_CMRG_8725	0	0	0.18329
GRCh38_CMRG_8732	0	0	6.4e-05
GRCh38_CMRG_8737	0	0	0.0
GRCh38_CMRG_8746	0	0	0.613338
GRCh38_CMRG_8751	0	0	0.253696
GRCh38_CMRG_8753	0	0	0.0
GRCh38_CMRG_8754	0	0	0.0
GRCh38_CMRG_8758	0	0	0.0
GRCh38_CMRG_8771	0	0	0.0
GRCh38_CMRG_8772	0	0	0.001755
GRCh38_CMRG_8781	0	0	0.765414
GRCh38_CMRG_8788	0	0	0.0
GRCh38_CMRG_8789	0	0	0.0
GRCh38_CMRG_8808	0	0	0.348391
GRCh38_CMRG_8809	0	0	0.0
GRCh38_CMRG_8844	0	0	0.000386
GRCh38_CMRG_8866	0	0	0.435175
GRCh38_CMRG_8868	0	0	0.702319
GRCh38_CMRG_8870	0	0	0.273019
GRCh38_CMRG_8876	0	0	0.0
GRCh38_CMRG_8882	0	0	0.50525
GRCh38_CMRG_8889	0	0	0.044649
GRCh38_CMRG_8898	0	0	0.025628
GRCh38_CMRG_8900	0	0	0.21205
GRCh38_CMRG_8901	0	0	0.461755
GRCh38_CMRG_8904	0	0	8.2e-05
GRCh38_CMRG_8906	0	0	0.0
GRCh38_CMRG_8913	0	0	0.0
GRCh38_CMRG_8919	0	0	0.0
GRCh38_CMRG_8934	0	0	0.0
GRCh38_CMRG_8937	0	0	0.54392
GRCh38_CMRG_8944	0	0	0.0
GRCh38_CMRG_8954	0	0	0.0
GRCh38_CMRG_8955	0	0	0.0
GRCh38_CMRG_8959	0	0	0.344298
GRCh38_CMRG_8970	0	0	0.043655
GRCh38_CMRG_8971	0	0	0.087638
GRCh38_CMRG_8977	0	0	0.814549
GRCh38_CMRG_8987	0	0	0.0
GRCh38_CMRG_9000	0	0	0.632419
GRCh38_CMRG_9002	0	0	0.0
GRCh38_CMRG_9008	0	0	0.401437
GRCh38_CMRG_9021	0	0	0.2575
GRCh38_CMRG_9026	0	0	0.798603
GRCh38_CMRG_9035	0	0	0.410713
GRCh38_CMRG_9043	0	0	0.183914
GRCh38_CMRG_9063	0	0	0.001673
GRCh38_CMRG_9066	0	0	0.437305
GRCh38_CMRG_9071	0	0	0.706331
GRCh38_CMRG_9088	0	0	0.0
GRCh38_CMRG_9089	0	0	0.134821
GRCh38_CMRG_9096	0	0	0.223211
GRCh38_CMRG_9099	0	0	0.765928
GRCh38_CMRG_91	0	0	0.0
GRCh38_CMRG_9105	0	0	0.209401
GRCh38_CMRG_9106	0	0	0.722321
GRCh38_CMRG_9108	0	0	0.0
GRCh38_CMRG_9109	0	0	0.0
GRCh38_CMRG_9114	0	0	0.0
GRCh38_CMRG_9124	0	0	0.220822
GRCh38_CMRG_9129	0	0	0.0
GRCh38_CMRG_9142	0	0	0.334218
GRCh38_CMRG_9144	0	0	0.0
GRCh38_CMRG_9148	0	0	0.0
GRCh38_CMRG_9149	0	0	0.0
GRCh38_CMRG_9151	0	0	0.207457
GRCh38_CMRG_9161	0	0	0.0
GRCh38_CMRG_9162	0	0	0.0
GRCh38_CMRG_9166	0	0	0.045909
GRCh38_CMRG_9167	0	0	0.359975
GRCh38_CMRG_9170	0	0	0.888269
GRCh38_CMRG_9205	0	0	0.095219
GRCh38_CMRG_9206	0	0	0.000119
GRCh38_CMRG_9211	0	0	0.00023
GRCh38_CMRG_9223	0	0	0.352097
GRCh38_CMRG_9233	0	0	0.261318
GRCh38_CMRG_9235	0	0	0.016912
GRCh38_CMRG_9236	0	0	0.1275
GRCh38_CMRG_9246	0	0	0.702744
GRCh38_CMRG_9249	0	0	0.692942
GRCh38_CMRG_9276	0	0	0.0
GRCh38_CMRG_9283	0	0	0.0
GRCh38_CMRG_9288	0	0	0.0
GRCh38_CMRG_9291	0	0	0.0
GRCh38_CMRG_9293	0	0	0.130189
GRCh38_CMRG_9294	0	0	8e-06
GRCh38_CMRG_9297	0	0	4e-05
GRCh38_CMRG_93	0	0	0.362495
GRCh38_CMRG_9319	0	0	0.0
GRCh38_CMRG_9332	0	0	0.434572
GRCh38_CMRG_9333	0	0	0.0
GRCh38_CMRG_9334	0	0	0.000595
GRCh38_CMRG_9336	0	0	0.0
GRCh38_CMRG_9343	0	0	0.157196
GRCh38_CMRG_9347	0	0	0.0
GRCh38_CMRG_9369	0	0	0.397909
GRCh38_CMRG_9378	0	0	0.0
GRCh38_CMRG_9396	0	0	0.0
GRCh38_CMRG_9397	0	0	0.0
GRCh38_CMRG_9410	0	0	0.979856
GRCh38_CMRG_9412	0	0	0.793787
GRCh38_CMRG_9417	0	0	0.0
GRCh38_CMRG_9420	0	0	0.502981
GRCh38_CMRG_9437	0	0	0.0
GRCh38_CMRG_9452	0	0	0.059259
GRCh38_CMRG_9457	0	0	0.136662
GRCh38_CMRG_9458	0	0	0.0
GRCh38_CMRG_9466	0	0	1e-05
GRCh38_CMRG_9479	0	0	0.0
GRCh38_CMRG_9481	0	0	0.0
GRCh38_CMRG_9489	0	0	0.562306
GRCh38_CMRG_9494	0	0	0.0
GRCh38_CMRG_9500	0	0	0.0
GRCh38_CMRG_9518	0	0	0.306343
GRCh38_CMRG_9522	0	0	0.000174
GRCh38_CMRG_9525	0	0	0.0
GRCh38_CMRG_9535	0	0	0.0
GRCh38_CMRG_9536	0	0	0.0
GRCh38_CMRG_9548	0	0	0.000468
GRCh38_CMRG_9565	0	0	0.000574
GRCh38_CMRG_9568	0	0	0.000208
GRCh38_CMRG_9569	0	0	0.0
GRCh38_CMRG_9570	0	0	0.005172
GRCh38_CMRG_9572	0	0	0.0
GRCh38_CMRG_9574	0	0	0.001406
GRCh38_CMRG_9584	0	0	0.979982
GRCh38_CMRG_9585	0	0	0.584034
GRCh38_CMRG_9592	0	0	0.7849
GRCh38_CMRG_9596	0	0	0.642477
GRCh38_CMRG_9598	0	0	0.0
GRCh38_CMRG_9605	0	0	0.0
GRCh38_CMRG_9615	0	0	0.364867
GRCh38_CMRG_9621	0	0	0.46316
GRCh38_CMRG_9628	0	0	0.577532
GRCh38_CMRG_9630	0	0	0.0
GRCh38_CMRG_9633	0	0	0.616985
GRCh38_CMRG_9635	0	0	0.576741
GRCh38_CMRG_9636	0	0	0.221102
GRCh38_CMRG_9666	0	0	0.0
GRCh38_CMRG_9681	0	0	0.0
GRCh38_CMRG_9690	0	0	0.812427
GRCh38_CMRG_9692	0	0	0.0
GRCh38_CMRG_9694	0	0	0.0
GRCh38_CMRG_9695	0	0	0.0
GRCh38_CMRG_9712	0	0	0.151747
GRCh38_CMRG_9713	0	0	0.0
GRCh38_CMRG_9716	0	0	7.9e-05
GRCh38_CMRG_9718	0	0	0.0
GRCh38_CMRG_9719	0	0	0.0
GRCh38_CMRG_9725	0	0	0.0
GRCh38_CMRG_9738	0	0	0.0
GRCh38_CMRG_9745	0	0	0.918882
GRCh38_CMRG_9755	0	0	0.830471
GRCh38_CMRG_9761	0	0	0.216024
GRCh38_CMRG_9765	0	0	0.353
GRCh38_CMRG_9768	0	0	0.0
GRCh38_CMRG_9893	0	0	0.221961
GRCh38_CMRG_9896	0	0	0.0
GRCh38_CMRG_9904	0	0	0.888074
GRCh38_CMRG_9907	0	0	0.244121
GRCh38_CMRG_9920	0	0	0.172683
GRCh38_CMRG_9922	0	0	0.666302
GRCh38_CMRG_997	0	0	0.0
