svid	allele_frequency
GRCh38_CMRG_29486	1.0
GRCh38_CMRG_15053	1.0
GRCh38_CMRG_54643	1.0
GRCh38_CMRG_72462	1.0
GRCh38_CMRG_21380	1.0
GRCh38_CMRG_68287	1.0
GRCh38_CMRG_41448	1.0
GRCh38_CMRG_63274	1.0
GRCh38_CMRG_19825	1.0
GRCh38_CMRG_22934	1.0
GRCh38_CMRG_50517	1.0
GRCh38_CMRG_45665	1.0
GRCh38_CMRG_7181	1.0
GRCh38_CMRG_33987	1.0
GRCh38_CMRG_75651	1.0
GRCh38_CMRG_2093	1.0
GRCh38_CMRG_44122	1.0
GRCh38_CMRG_81385	1.0
GRCh38_CMRG_33278	1.0
GRCh38_CMRG_64358	1.0
GRCh38_CMRG_64028	1.0
GRCh38_CMRG_5889	1.0
GRCh38_CMRG_36067	1.0
GRCh38_CMRG_2224	1.0
GRCh38_CMRG_21833	1.0
GRCh38_CMRG_43871	1.0
GRCh38_CMRG_509	1.0
GRCh38_CMRG_618	1.0
GRCh38_CMRG_35681	1.0
GRCh38_CMRG_25267	1.0
GRCh38_CMRG_81637	1.0
GRCh38_CMRG_28716	1.0
GRCh38_CMRG_64919	1.0
GRCh38_CMRG_16742	1.0
GRCh38_CMRG_1011	1.0
GRCh38_CMRG_7418	1.0
GRCh38_CMRG_31397	1.0
GRCh38_CMRG_11670	1.0
GRCh38_CMRG_51360	1.0
GRCh38_CMRG_80046	1.0
GRCh38_CMRG_7048	1.0
GRCh38_CMRG_16669	1.0
GRCh38_CMRG_32495	1.0
GRCh38_CMRG_79449	1.0
GRCh38_CMRG_69787	1.0
GRCh38_CMRG_58873	1.0
GRCh38_CMRG_50955	1.0
GRCh38_CMRG_17877	1.0
GRCh38_CMRG_64816	1.0
GRCh38_CMRG_2365	1.0
GRCh38_CMRG_733	1.0
GRCh38_CMRG_49883	1.0
GRCh38_CMRG_8586	1.0
GRCh38_CMRG_6172	1.0
GRCh38_CMRG_51672	1.0
GRCh38_CMRG_17787	1.0
GRCh38_CMRG_14882	1.0
GRCh38_CMRG_26415	1.0
GRCh38_CMRG_84436	1.0
GRCh38_CMRG_29533	1.0
GRCh38_CMRG_22289	1.0
GRCh38_CMRG_71535	1.0
GRCh38_CMRG_38440	1.0
GRCh38_CMRG_73375	1.0
GRCh38_CMRG_73302	1.0
GRCh38_CMRG_36584	1.0
GRCh38_CMRG_38764	1.0
GRCh38_CMRG_5770	1.0
GRCh38_CMRG_39241	1.0
GRCh38_CMRG_70580	1.0
GRCh38_CMRG_1532	1.0
GRCh38_CMRG_6282	1.0
GRCh38_CMRG_76746	1.0
GRCh38_CMRG_39268	1.0
GRCh38_CMRG_81515	1.0
GRCh38_CMRG_13996	1.0
GRCh38_CMRG_22933	1.0
GRCh38_CMRG_39832	1.0
GRCh38_CMRG_68557	1.0
GRCh38_CMRG_50043	1.0
GRCh38_CMRG_34042	1.0
GRCh38_CMRG_6160	1.0
GRCh38_CMRG_51035	1.0
GRCh38_CMRG_14883	1.0
GRCh38_CMRG_29946	1.0
GRCh38_CMRG_75117	1.0
GRCh38_CMRG_2880	1.0
GRCh38_CMRG_12843	1.0
GRCh38_CMRG_32030	1.0
GRCh38_CMRG_17027	1.0
GRCh38_CMRG_27991	1.0
GRCh38_CMRG_75340	1.0
GRCh38_CMRG_30834	1.0
GRCh38_CMRG_43856	1.0
GRCh38_CMRG_73724	1.0
GRCh38_CMRG_75077	1.0
GRCh38_CMRG_75629	1.0
GRCh38_CMRG_30692	1.0
GRCh38_CMRG_2818	1.0
GRCh38_CMRG_38992	1.0
GRCh38_CMRG_36344	1.0
GRCh38_CMRG_15611	1.0
GRCh38_CMRG_67336	1.0
GRCh38_CMRG_1284	1.0
GRCh38_CMRG_39379	1.0
GRCh38_CMRG_44335	1.0
GRCh38_CMRG_83695	1.0
GRCh38_CMRG_11104	1.0
GRCh38_CMRG_51808	1.0
GRCh38_CMRG_11159	1.0
GRCh38_CMRG_1139	1.0
GRCh38_CMRG_69369	1.0
GRCh38_CMRG_2113	1.0
GRCh38_CMRG_74468	1.0
GRCh38_CMRG_68906	1.0
GRCh38_CMRG_42316	1.0
GRCh38_CMRG_38511	1.0
GRCh38_CMRG_51097	1.0
GRCh38_CMRG_40459	1.0
GRCh38_CMRG_54641	1.0
GRCh38_CMRG_26605	1.0
GRCh38_CMRG_64153	1.0
GRCh38_CMRG_14489	1.0
GRCh38_CMRG_42443	1.0
GRCh38_CMRG_23138	1.0
GRCh38_CMRG_32164	1.0
GRCh38_CMRG_29499	1.0
GRCh38_CMRG_81472	1.0
GRCh38_CMRG_81035	1.0
GRCh38_CMRG_41479	1.0
GRCh38_CMRG_77578	1.0
GRCh38_CMRG_21200	1.0
GRCh38_CMRG_52111	1.0
GRCh38_CMRG_75235	1.0
GRCh38_CMRG_31461	1.0
GRCh38_CMRG_69214	1.0
GRCh38_CMRG_77532	1.0
GRCh38_CMRG_41610	1.0
GRCh38_CMRG_39400	1.0
GRCh38_CMRG_2947	1.0
GRCh38_CMRG_17124	1.0
GRCh38_CMRG_64576	1.0
GRCh38_CMRG_70408	1.0
GRCh38_CMRG_16919	1.0
GRCh38_CMRG_47613	1.0
GRCh38_CMRG_13509	1.0
GRCh38_CMRG_499	1.0
GRCh38_CMRG_14214	1.0
GRCh38_CMRG_14174	1.0
GRCh38_CMRG_6575	1.0
GRCh38_CMRG_76862	1.0
GRCh38_CMRG_34280	1.0
GRCh38_CMRG_6547	1.0
GRCh38_CMRG_9614	1.0
GRCh38_CMRG_51607	1.0
GRCh38_CMRG_9162	1.0
GRCh38_CMRG_40427	1.0
GRCh38_CMRG_1207	1.0
GRCh38_CMRG_35736	1.0
GRCh38_CMRG_31749	1.0
GRCh38_CMRG_27857	1.0
GRCh38_CMRG_51384	1.0
GRCh38_CMRG_80948	1.0
GRCh38_CMRG_17266	1.0
GRCh38_CMRG_40947	1.0
GRCh38_CMRG_13251	1.0
GRCh38_CMRG_32034	1.0
GRCh38_CMRG_47383	1.0
GRCh38_CMRG_169	1.0
GRCh38_CMRG_41561	1.0
GRCh38_CMRG_43750	1.0
GRCh38_CMRG_59291	1.0
GRCh38_CMRG_31378	1.0
GRCh38_CMRG_47614	1.0
GRCh38_CMRG_41095	1.0
GRCh38_CMRG_39598	1.0
GRCh38_CMRG_38920	1.0
GRCh38_CMRG_45724	1.0
GRCh38_CMRG_9523	1.0
GRCh38_CMRG_40118	1.0
GRCh38_CMRG_73232	1.0
GRCh38_CMRG_65803	1.0
GRCh38_CMRG_21244	1.0
GRCh38_CMRG_24924	1.0
GRCh38_CMRG_49964	1.0
GRCh38_CMRG_14015	1.0
GRCh38_CMRG_81847	1.0
GRCh38_CMRG_856	1.0
GRCh38_CMRG_52196	1.0
GRCh38_CMRG_14679	1.0
GRCh38_CMRG_48113	1.0
GRCh38_CMRG_39822	1.0
GRCh38_CMRG_30592	1.0
GRCh38_CMRG_24450	1.0
GRCh38_CMRG_70611	1.0
GRCh38_CMRG_82051	1.0
GRCh38_CMRG_42199	1.0
GRCh38_CMRG_52024	1.0
GRCh38_CMRG_77438	1.0
GRCh38_CMRG_30881	1.0
GRCh38_CMRG_82154	1.0
GRCh38_CMRG_73415	1.0
GRCh38_CMRG_67553	1.0
GRCh38_CMRG_658	1.0
GRCh38_CMRG_69430	1.0
GRCh38_CMRG_48938	1.0
GRCh38_CMRG_1265	1.0
GRCh38_CMRG_33164	1.0
GRCh38_CMRG_73177	1.0
GRCh38_CMRG_69980	1.0
GRCh38_CMRG_16729	1.0
GRCh38_CMRG_13272	1.0
GRCh38_CMRG_39703	1.0
GRCh38_CMRG_49821	1.0
GRCh38_CMRG_68678	1.0
GRCh38_CMRG_71568	1.0
GRCh38_CMRG_2379	1.0
GRCh38_CMRG_76898	1.0
GRCh38_CMRG_50583	1.0
GRCh38_CMRG_38963	1.0
GRCh38_CMRG_79074	1.0
GRCh38_CMRG_29653	1.0
GRCh38_CMRG_69307	1.0
GRCh38_CMRG_1668	1.0
GRCh38_CMRG_1511	1.0
GRCh38_CMRG_6692	1.0
GRCh38_CMRG_81595	1.0
GRCh38_CMRG_68679	1.0
GRCh38_CMRG_64892	1.0
GRCh38_CMRG_2783	1.0
GRCh38_CMRG_7230	1.0
GRCh38_CMRG_66090	1.0
GRCh38_CMRG_28518	1.0
GRCh38_CMRG_70485	1.0
GRCh38_CMRG_45046	1.0
GRCh38_CMRG_25964	1.0
GRCh38_CMRG_24613	1.0
GRCh38_CMRG_71043	1.0
GRCh38_CMRG_40184	1.0
GRCh38_CMRG_59488	1.0
GRCh38_CMRG_32439	1.0
GRCh38_CMRG_22851	1.0
GRCh38_CMRG_72424	1.0
GRCh38_CMRG_51615	1.0
GRCh38_CMRG_6540	1.0
GRCh38_CMRG_1313	1.0
GRCh38_CMRG_29597	1.0
GRCh38_CMRG_45049	1.0
GRCh38_CMRG_78921	1.0
GRCh38_CMRG_52429	1.0
GRCh38_CMRG_36801	1.0
GRCh38_CMRG_17136	1.0
GRCh38_CMRG_46448	1.0
GRCh38_CMRG_83706	1.0
GRCh38_CMRG_63637	1.0
GRCh38_CMRG_18192	1.0
GRCh38_CMRG_5988	1.0
GRCh38_CMRG_33442	1.0
GRCh38_CMRG_43909	1.0
GRCh38_CMRG_39805	1.0
GRCh38_CMRG_27960	1.0
GRCh38_CMRG_42391	1.0
GRCh38_CMRG_18257	1.0
GRCh38_CMRG_40095	1.0
GRCh38_CMRG_36259	1.0
GRCh38_CMRG_22717	1.0
GRCh38_CMRG_23718	1.0
GRCh38_CMRG_71640	1.0
GRCh38_CMRG_79333	1.0
GRCh38_CMRG_35658	1.0
GRCh38_CMRG_362	1.0
GRCh38_CMRG_39372	1.0
GRCh38_CMRG_41591	1.0
GRCh38_CMRG_28851	1.0
GRCh38_CMRG_16987	1.0
GRCh38_CMRG_39669	1.0
GRCh38_CMRG_30968	1.0
GRCh38_CMRG_68667	1.0
GRCh38_CMRG_38686	1.0
GRCh38_CMRG_51789	1.0
GRCh38_CMRG_50054	1.0
GRCh38_CMRG_9358	1.0
GRCh38_CMRG_77199	1.0
GRCh38_CMRG_51216	1.0
GRCh38_CMRG_76956	1.0
GRCh38_CMRG_51034	1.0
GRCh38_CMRG_76984	1.0
GRCh38_CMRG_36692	1.0
GRCh38_CMRG_44526	1.0
GRCh38_CMRG_48002	1.0
GRCh38_CMRG_51151	1.0
GRCh38_CMRG_58229	1.0
GRCh38_CMRG_2016	1.0
GRCh38_CMRG_81594	1.0
GRCh38_CMRG_75659	1.0
GRCh38_CMRG_27571	1.0
GRCh38_CMRG_81763	1.0
GRCh38_CMRG_44174	1.0
GRCh38_CMRG_73477	1.0
GRCh38_CMRG_28885	1.0
GRCh38_CMRG_989	1.0
GRCh38_CMRG_21639	1.0
GRCh38_CMRG_15146	1.0
GRCh38_CMRG_53023	1.0
GRCh38_CMRG_16938	1.0
GRCh38_CMRG_77002	1.0
GRCh38_CMRG_25335	1.0
GRCh38_CMRG_39683	1.0
GRCh38_CMRG_81680	1.0
GRCh38_CMRG_25963	1.0
GRCh38_CMRG_1512	1.0
GRCh38_CMRG_1468	1.0
GRCh38_CMRG_30638	1.0
GRCh38_CMRG_55312	1.0
GRCh38_CMRG_24528	1.0
GRCh38_CMRG_75338	1.0
GRCh38_CMRG_7634	1.0
GRCh38_CMRG_76991	1.0
GRCh38_CMRG_25372	1.0
GRCh38_CMRG_42295	1.0
GRCh38_CMRG_58213	1.0
GRCh38_CMRG_15125	1.0
GRCh38_CMRG_70352	1.0
GRCh38_CMRG_38018	1.0
GRCh38_CMRG_43813	1.0
GRCh38_CMRG_6539	1.0
GRCh38_CMRG_74198	1.0
GRCh38_CMRG_2328	1.0
GRCh38_CMRG_1547	1.0
GRCh38_CMRG_16754	1.0
GRCh38_CMRG_12645	1.0
GRCh38_CMRG_789	1.0
GRCh38_CMRG_29511	1.0
GRCh38_CMRG_43723	1.0
GRCh38_CMRG_34141	1.0
GRCh38_CMRG_37762	1.0
GRCh38_CMRG_79902	1.0
GRCh38_CMRG_63572	1.0
GRCh38_CMRG_39135	1.0
GRCh38_CMRG_17899	1.0
GRCh38_CMRG_68805	1.0
GRCh38_CMRG_65463	1.0
GRCh38_CMRG_69370	1.0
GRCh38_CMRG_50555	1.0
GRCh38_CMRG_38672	1.0
GRCh38_CMRG_2265	1.0
GRCh38_CMRG_26301	1.0
GRCh38_CMRG_46427	1.0
GRCh38_CMRG_69596	1.0
GRCh38_CMRG_51277	1.0
GRCh38_CMRG_17788	1.0
GRCh38_CMRG_42273	1.0
GRCh38_CMRG_70612	1.0
GRCh38_CMRG_44775	1.0
GRCh38_CMRG_7402	1.0
GRCh38_CMRG_39354	1.0
GRCh38_CMRG_79531	1.0
GRCh38_CMRG_1855	1.0
GRCh38_CMRG_39065	1.0
GRCh38_CMRG_73755	1.0
GRCh38_CMRG_51491	1.0
GRCh38_CMRG_42270	1.0
GRCh38_CMRG_69533	1.0
GRCh38_CMRG_13737	1.0
GRCh38_CMRG_50633	1.0
GRCh38_CMRG_76739	1.0
GRCh38_CMRG_38551	1.0
GRCh38_CMRG_29368	1.0
GRCh38_CMRG_53738	1.0
GRCh38_CMRG_38769	1.0
GRCh38_CMRG_21493	1.0
GRCh38_CMRG_6246	1.0
GRCh38_CMRG_51334	1.0
GRCh38_CMRG_43604	1.0
GRCh38_CMRG_31169	1.0
GRCh38_CMRG_17322	1.0
GRCh38_CMRG_73575	1.0
GRCh38_CMRG_30901	1.0
GRCh38_CMRG_24830	1.0
GRCh38_CMRG_50813	1.0
GRCh38_CMRG_75041	1.0
GRCh38_CMRG_1971	1.0
GRCh38_CMRG_841	1.0
GRCh38_CMRG_51809	1.0
GRCh38_CMRG_77126	1.0
GRCh38_CMRG_23076	1.0
GRCh38_CMRG_75462	1.0
GRCh38_CMRG_41005	1.0
GRCh38_CMRG_52098	1.0
GRCh38_CMRG_19379	1.0
GRCh38_CMRG_44203	1.0
GRCh38_CMRG_74124	1.0
GRCh38_CMRG_38943	1.0
GRCh38_CMRG_41704	1.0
GRCh38_CMRG_75656	1.0
GRCh38_CMRG_68615	1.0
GRCh38_CMRG_30772	1.0
GRCh38_CMRG_49711	1.0
GRCh38_CMRG_75284	1.0
GRCh38_CMRG_18231	1.0
GRCh38_CMRG_38804	1.0
GRCh38_CMRG_17689	1.0
GRCh38_CMRG_74579	1.0
GRCh38_CMRG_17407	1.0
GRCh38_CMRG_22990	1.0
GRCh38_CMRG_82176	1.0
GRCh38_CMRG_32583	1.0
GRCh38_CMRG_78924	1.0
GRCh38_CMRG_39435	1.0
GRCh38_CMRG_2535	1.0
GRCh38_CMRG_80995	1.0
GRCh38_CMRG_17596	1.0
GRCh38_CMRG_6835	1.0
GRCh38_CMRG_41777	1.0
GRCh38_CMRG_72018	1.0
GRCh38_CMRG_31536	1.0
GRCh38_CMRG_18025	1.0
GRCh38_CMRG_9898	1.0
GRCh38_CMRG_2254	1.0
GRCh38_CMRG_1455	1.0
GRCh38_CMRG_73126	1.0
GRCh38_CMRG_19779	1.0
GRCh38_CMRG_50883	1.0
GRCh38_CMRG_76752	1.0
GRCh38_CMRG_74146	1.0
GRCh38_CMRG_73783	1.0
GRCh38_CMRG_40448	1.0
GRCh38_CMRG_17110	1.0
GRCh38_CMRG_71510	1.0
GRCh38_CMRG_21623	1.0
GRCh38_CMRG_79463	1.0
GRCh38_CMRG_23474	1.0
GRCh38_CMRG_6839	1.0
GRCh38_CMRG_74487	1.0
GRCh38_CMRG_39203	1.0
GRCh38_CMRG_24487	1.0
GRCh38_CMRG_17691	1.0
GRCh38_CMRG_81946	1.0
GRCh38_CMRG_29258	1.0
GRCh38_CMRG_45070	1.0
GRCh38_CMRG_69841	1.0
GRCh38_CMRG_50127	1.0
GRCh38_CMRG_8795	1.0
GRCh38_CMRG_29498	1.0
GRCh38_CMRG_35996	1.0
GRCh38_CMRG_66089	1.0
GRCh38_CMRG_69456	1.0
GRCh38_CMRG_75504	1.0
GRCh38_CMRG_79438	1.0
GRCh38_CMRG_77342	1.0
GRCh38_CMRG_19854	1.0
GRCh38_CMRG_79218	1.0
GRCh38_CMRG_52732	1.0
GRCh38_CMRG_75226	1.0
GRCh38_CMRG_71822	1.0
GRCh38_CMRG_8936	1.0
GRCh38_CMRG_28496	1.0
GRCh38_CMRG_39114	1.0
GRCh38_CMRG_51666	1.0
GRCh38_CMRG_32478	1.0
GRCh38_CMRG_44616	1.0
GRCh38_CMRG_75657	1.0
GRCh38_CMRG_24989	1.0
GRCh38_CMRG_75385	1.0
GRCh38_CMRG_12859	1.0
GRCh38_CMRG_68407	1.0
GRCh38_CMRG_19763	1.0
GRCh38_CMRG_31418	1.0
GRCh38_CMRG_42254	1.0
GRCh38_CMRG_77027	1.0
GRCh38_CMRG_31415	1.0
GRCh38_CMRG_36638	1.0
GRCh38_CMRG_44207	1.0
GRCh38_CMRG_54640	1.0
GRCh38_CMRG_2409	1.0
GRCh38_CMRG_32120	1.0
GRCh38_CMRG_5881	1.0
GRCh38_CMRG_81575	1.0
GRCh38_CMRG_7308	1.0
GRCh38_CMRG_680	1.0
GRCh38_CMRG_16866	1.0
GRCh38_CMRG_81764	1.0
GRCh38_CMRG_81779	1.0
GRCh38_CMRG_18737	1.0
GRCh38_CMRG_74239	1.0
GRCh38_CMRG_5875	1.0
GRCh38_CMRG_73576	1.0
GRCh38_CMRG_72440	1.0
GRCh38_CMRG_68765	1.0
GRCh38_CMRG_36506	1.0
GRCh38_CMRG_1548	1.0
GRCh38_CMRG_32865	1.0
GRCh38_CMRG_14710	1.0
GRCh38_CMRG_43923	1.0
GRCh38_CMRG_49011	1.0
GRCh38_CMRG_45008	1.0
GRCh38_CMRG_29710	1.0
GRCh38_CMRG_10582	1.0
GRCh38_CMRG_43975	1.0
GRCh38_CMRG_64423	1.0
GRCh38_CMRG_80805	1.0
GRCh38_CMRG_13228	1.0
GRCh38_CMRG_44350	1.0
GRCh38_CMRG_23748	1.0
GRCh38_CMRG_75201	1.0
GRCh38_CMRG_36505	1.0
GRCh38_CMRG_68470	1.0
GRCh38_CMRG_24319	1.0
GRCh38_CMRG_72553	1.0
GRCh38_CMRG_8466	1.0
GRCh38_CMRG_74858	1.0
GRCh38_CMRG_81429	1.0
GRCh38_CMRG_2647	1.0
GRCh38_CMRG_41390	1.0
GRCh38_CMRG_27683	1.0
GRCh38_CMRG_50954	1.0
GRCh38_CMRG_75474	1.0
GRCh38_CMRG_9893	1.0
GRCh38_CMRG_42580	1.0
GRCh38_CMRG_39341	1.0
GRCh38_CMRG_13045	1.0
GRCh38_CMRG_72315	1.0
GRCh38_CMRG_6641	1.0
GRCh38_CMRG_43912	1.0
GRCh38_CMRG_29593	1.0
GRCh38_CMRG_76650	1.0
GRCh38_CMRG_9076	1.0
GRCh38_CMRG_81376	1.0
GRCh38_CMRG_52232	1.0
GRCh38_CMRG_29302	1.0
GRCh38_CMRG_71066	1.0
GRCh38_CMRG_76763	1.0
GRCh38_CMRG_9003	1.0
GRCh38_CMRG_58627	1.0
GRCh38_CMRG_75249	1.0
GRCh38_CMRG_38958	1.0
GRCh38_CMRG_51574	1.0
GRCh38_CMRG_75011	1.0
GRCh38_CMRG_80029	1.0
GRCh38_CMRG_50814	1.0
GRCh38_CMRG_1150	1.0
GRCh38_CMRG_44177	1.0
GRCh38_CMRG_2441	1.0
GRCh38_CMRG_44659	1.0
GRCh38_CMRG_18146	1.0
GRCh38_CMRG_657	1.0
GRCh38_CMRG_1306	1.0
GRCh38_CMRG_28842	1.0
GRCh38_CMRG_31881	1.0
GRCh38_CMRG_73647	1.0
GRCh38_CMRG_837	1.0
GRCh38_CMRG_25756	1.0
GRCh38_CMRG_75528	1.0
GRCh38_CMRG_39390	1.0
GRCh38_CMRG_75382	1.0
GRCh38_CMRG_1975	1.0
GRCh38_CMRG_2675	1.0
GRCh38_CMRG_15070	1.0
GRCh38_CMRG_71947	1.0
GRCh38_CMRG_39972	1.0
GRCh38_CMRG_73350	1.0
GRCh38_CMRG_17312	1.0
GRCh38_CMRG_21163	1.0
GRCh38_CMRG_70380	1.0
GRCh38_CMRG_53959	1.0
GRCh38_CMRG_1276	1.0
GRCh38_CMRG_49505	1.0
GRCh38_CMRG_25128	1.0
GRCh38_CMRG_24884	1.0
GRCh38_CMRG_43677	1.0
GRCh38_CMRG_50916	1.0
GRCh38_CMRG_18684	1.0
GRCh38_CMRG_51541	1.0
GRCh38_CMRG_39811	1.0
GRCh38_CMRG_53672	1.0
GRCh38_CMRG_51967	1.0
GRCh38_CMRG_55061	1.0
GRCh38_CMRG_44024	1.0
GRCh38_CMRG_45664	1.0
GRCh38_CMRG_73162	1.0
GRCh38_CMRG_29091	1.0
GRCh38_CMRG_1312	1.0
GRCh38_CMRG_71878	1.0
GRCh38_CMRG_50956	1.0
GRCh38_CMRG_83109	1.0
GRCh38_CMRG_8938	1.0
GRCh38_CMRG_39087	1.0
GRCh38_CMRG_22246	1.0
GRCh38_CMRG_81778	1.0
GRCh38_CMRG_32442	1.0
GRCh38_CMRG_1515	1.0
GRCh38_CMRG_48939	1.0
GRCh38_CMRG_43706	1.0
GRCh38_CMRG_537	1.0
GRCh38_CMRG_63465	1.0
GRCh38_CMRG_44937	1.0
GRCh38_CMRG_70223	1.0
GRCh38_CMRG_58721	1.0
GRCh38_CMRG_27734	1.0
GRCh38_CMRG_44767	1.0
GRCh38_CMRG_77211	1.0
GRCh38_CMRG_30710	1.0
GRCh38_CMRG_30709	1.0
GRCh38_CMRG_50291	1.0
GRCh38_CMRG_40055	1.0
GRCh38_CMRG_16993	1.0
GRCh38_CMRG_2851	1.0
GRCh38_CMRG_32386	1.0
GRCh38_CMRG_74381	1.0
GRCh38_CMRG_36297	1.0
GRCh38_CMRG_44552	1.0
GRCh38_CMRG_51013	1.0
GRCh38_CMRG_17043	1.0
GRCh38_CMRG_9071	1.0
GRCh38_CMRG_6302	1.0
GRCh38_CMRG_2837	1.0
GRCh38_CMRG_77104	1.0
GRCh38_CMRG_14735	1.0
GRCh38_CMRG_14048	1.0
GRCh38_CMRG_53986	1.0
GRCh38_CMRG_16629	1.0
GRCh38_CMRG_6415	1.0
GRCh38_CMRG_79454	1.0
GRCh38_CMRG_31594	1.0
GRCh38_CMRG_68327	1.0
GRCh38_CMRG_31316	1.0
GRCh38_CMRG_21358	1.0
GRCh38_CMRG_33959	1.0
GRCh38_CMRG_76756	1.0
GRCh38_CMRG_38550	1.0
GRCh38_CMRG_38530	1.0
GRCh38_CMRG_53801	1.0
GRCh38_CMRG_38681	1.0
GRCh38_CMRG_73298	1.0
GRCh38_CMRG_52358	1.0
GRCh38_CMRG_70090	1.0
GRCh38_CMRG_72549	1.0
GRCh38_CMRG_838	1.0
GRCh38_CMRG_71403	1.0
GRCh38_CMRG_1257	1.0
GRCh38_CMRG_72303	1.0
GRCh38_CMRG_79280	1.0
GRCh38_CMRG_1410	1.0
GRCh38_CMRG_81464	1.0
GRCh38_CMRG_39391	1.0
GRCh38_CMRG_35939	1.0
GRCh38_CMRG_31289	1.0
GRCh38_CMRG_19929	1.0
GRCh38_CMRG_74739	1.0
GRCh38_CMRG_50305	1.0
GRCh38_CMRG_81268	1.0
GRCh38_CMRG_32565	1.0
GRCh38_CMRG_6497	1.0
GRCh38_CMRG_41394	1.0
GRCh38_CMRG_14323	1.0
GRCh38_CMRG_19829	1.0
GRCh38_CMRG_44253	1.0
GRCh38_CMRG_31237	1.0
GRCh38_CMRG_74416	1.0
GRCh38_CMRG_67891	1.0
GRCh38_CMRG_7835	1.0
GRCh38_CMRG_53024	1.0
GRCh38_CMRG_79217	1.0
GRCh38_CMRG_40866	1.0
GRCh38_CMRG_29082	1.0
GRCh38_CMRG_70224	1.0
GRCh38_CMRG_3007	1.0
GRCh38_CMRG_51786	1.0
GRCh38_CMRG_43872	1.0
GRCh38_CMRG_54134	1.0
GRCh38_CMRG_77210	1.0
GRCh38_CMRG_39107	1.0
GRCh38_CMRG_69756	1.0
GRCh38_CMRG_24808	1.0
GRCh38_CMRG_18596	1.0
GRCh38_CMRG_2612	1.0
GRCh38_CMRG_28542	1.0
GRCh38_CMRG_39596	1.0
GRCh38_CMRG_64243	1.0
GRCh38_CMRG_43633	1.0
GRCh38_CMRG_79970	1.0
GRCh38_CMRG_42251	1.0
GRCh38_CMRG_24775	1.0
GRCh38_CMRG_44045	1.0
GRCh38_CMRG_34281	1.0
GRCh38_CMRG_29583	1.0
GRCh38_CMRG_74399	1.0
GRCh38_CMRG_39914	1.0
GRCh38_CMRG_1197	1.0
GRCh38_CMRG_1382	1.0
GRCh38_CMRG_84566	1.0
GRCh38_CMRG_74849	1.0
GRCh38_CMRG_31703	1.0
GRCh38_CMRG_22288	1.0
GRCh38_CMRG_15488	1.0
GRCh38_CMRG_14591	1.0
GRCh38_CMRG_52887	1.0
GRCh38_CMRG_69783	1.0
GRCh38_CMRG_43983	1.0
GRCh38_CMRG_7534	1.0
GRCh38_CMRG_77080	1.0
GRCh38_CMRG_84572	1.0
GRCh38_CMRG_69610	1.0
GRCh38_CMRG_24475	1.0
GRCh38_CMRG_39208	1.0
GRCh38_CMRG_78959	1.0
GRCh38_CMRG_68845	1.0
GRCh38_CMRG_75428	1.0
GRCh38_CMRG_73164	1.0
GRCh38_CMRG_71156	1.0
GRCh38_CMRG_8217	1.0
GRCh38_CMRG_38710	1.0
GRCh38_CMRG_75522	1.0
GRCh38_CMRG_46056	1.0
GRCh38_CMRG_69382	1.0
GRCh38_CMRG_988	1.0
GRCh38_CMRG_75255	1.0
GRCh38_CMRG_38777	1.0
GRCh38_CMRG_25376	1.0
GRCh38_CMRG_73157	1.0
GRCh38_CMRG_21996	1.0
GRCh38_CMRG_72251	1.0
GRCh38_CMRG_69842	1.0
GRCh38_CMRG_22342	1.0
GRCh38_CMRG_42015	1.0
GRCh38_CMRG_71620	1.0
GRCh38_CMRG_2163	1.0
GRCh38_CMRG_1208	1.0
GRCh38_CMRG_28734	1.0
GRCh38_CMRG_37003	1.0
GRCh38_CMRG_22256	1.0
GRCh38_CMRG_37423	1.0
GRCh38_CMRG_74415	1.0
GRCh38_CMRG_7309	1.0
GRCh38_CMRG_38674	1.0
GRCh38_CMRG_28723	1.0
GRCh38_CMRG_84888	1.0
GRCh38_CMRG_1592	1.0
GRCh38_CMRG_70288	1.0
GRCh38_CMRG_74338	1.0
GRCh38_CMRG_43971	1.0
GRCh38_CMRG_75559	1.0
GRCh38_CMRG_68439	1.0
GRCh38_CMRG_25953	1.0
GRCh38_CMRG_44417	1.0
GRCh38_CMRG_17683	1.0
GRCh38_CMRG_43767	1.0
GRCh38_CMRG_30952	1.0
GRCh38_CMRG_64344	1.0
GRCh38_CMRG_50618	1.0
GRCh38_CMRG_33988	1.0
GRCh38_CMRG_47546	1.0
GRCh38_CMRG_6640	1.0
GRCh38_CMRG_7745	1.0
GRCh38_CMRG_32236	1.0
GRCh38_CMRG_29563	1.0
GRCh38_CMRG_34109	1.0
GRCh38_CMRG_24482	1.0
GRCh38_CMRG_31222	1.0
GRCh38_CMRG_17188	1.0
GRCh38_CMRG_664	1.0
GRCh38_CMRG_26366	1.0
GRCh38_CMRG_42469	1.0
GRCh38_CMRG_51473	1.0
GRCh38_CMRG_64807	1.0
GRCh38_CMRG_69432	1.0
GRCh38_CMRG_19061	1.0
GRCh38_CMRG_36695	1.0
GRCh38_CMRG_1483	1.0
GRCh38_CMRG_42269	1.0
GRCh38_CMRG_67557	1.0
GRCh38_CMRG_46082	1.0
GRCh38_CMRG_31848	1.0
GRCh38_CMRG_51033	1.0
GRCh38_CMRG_47382	1.0
GRCh38_CMRG_22944	1.0
GRCh38_CMRG_15079	1.0
GRCh38_CMRG_39380	1.0
GRCh38_CMRG_63561	1.0
GRCh38_CMRG_54992	1.0
GRCh38_CMRG_15116	1.0
GRCh38_CMRG_44893	1.0
GRCh38_CMRG_42427	1.0
GRCh38_CMRG_28829	1.0
GRCh38_CMRG_500	1.0
GRCh38_CMRG_31748	1.0
GRCh38_CMRG_48848	1.0
GRCh38_CMRG_7403	1.0
GRCh38_CMRG_63351	1.0
GRCh38_CMRG_62603	1.0
GRCh38_CMRG_46433	1.0
GRCh38_CMRG_39159	1.0
GRCh38_CMRG_15147	1.0
GRCh38_CMRG_8321	1.0
GRCh38_CMRG_76859	1.0
GRCh38_CMRG_72619	1.0
GRCh38_CMRG_84044	1.0
GRCh38_CMRG_75064	1.0
GRCh38_CMRG_83205	1.0
GRCh38_CMRG_70486	1.0
GRCh38_CMRG_21259	1.0
GRCh38_CMRG_27254	1.0
GRCh38_CMRG_72775	1.0
GRCh38_CMRG_83170	1.0
GRCh38_CMRG_75632	1.0
GRCh38_CMRG_43730	1.0
GRCh38_CMRG_79459	1.0
GRCh38_CMRG_39665	1.0
GRCh38_CMRG_37203	1.0
GRCh38_CMRG_661	1.0
GRCh38_CMRG_48052	1.0
GRCh38_CMRG_8517	1.0
GRCh38_CMRG_29731	1.0
GRCh38_CMRG_43785	1.0
GRCh38_CMRG_18744	1.0
GRCh38_CMRG_41665	1.0
GRCh38_CMRG_21349	1.0
GRCh38_CMRG_80806	1.0
GRCh38_CMRG_21350	1.0
GRCh38_CMRG_81663	1.0
GRCh38_CMRG_36648	1.0
GRCh38_CMRG_2746	1.0
GRCh38_CMRG_12155	1.0
GRCh38_CMRG_64499	1.0
GRCh38_CMRG_44740	1.0
GRCh38_CMRG_68777	1.0
GRCh38_CMRG_38967	1.0
GRCh38_CMRG_51613	1.0
GRCh38_CMRG_44433	1.0
GRCh38_CMRG_33602	1.0
GRCh38_CMRG_14213	1.0
GRCh38_CMRG_73530	1.0
GRCh38_CMRG_72782	1.0
GRCh38_CMRG_6041	1.0
GRCh38_CMRG_79439	1.0
GRCh38_CMRG_77348	1.0
GRCh38_CMRG_63655	1.0
GRCh38_CMRG_39160	1.0
GRCh38_CMRG_50192	1.0
GRCh38_CMRG_19060	1.0
GRCh38_CMRG_40847	1.0
GRCh38_CMRG_35559	1.0
GRCh38_CMRG_49559	1.0
GRCh38_CMRG_28956	1.0
GRCh38_CMRG_48218	1.0
GRCh38_CMRG_81005	1.0
GRCh38_CMRG_28522	1.0
GRCh38_CMRG_35997	1.0
GRCh38_CMRG_142	1.0
GRCh38_CMRG_7183	1.0
GRCh38_CMRG_28452	1.0
GRCh38_CMRG_82146	1.0
GRCh38_CMRG_79254	1.0
GRCh38_CMRG_79300	1.0
GRCh38_CMRG_2079	1.0
GRCh38_CMRG_64847	1.0
GRCh38_CMRG_54169	1.0
GRCh38_CMRG_14704	1.0
GRCh38_CMRG_45158	1.0
GRCh38_CMRG_69423	1.0
GRCh38_CMRG_31849	1.0
GRCh38_CMRG_49842	1.0
GRCh38_CMRG_39908	1.0
GRCh38_CMRG_73257	1.0
GRCh38_CMRG_72542	1.0
GRCh38_CMRG_49844	1.0
GRCh38_CMRG_48067	1.0
GRCh38_CMRG_24352	1.0
GRCh38_CMRG_69655	1.0
GRCh38_CMRG_81504	1.0
GRCh38_CMRG_2763	1.0
GRCh38_CMRG_32124	1.0
GRCh38_CMRG_49965	1.0
GRCh38_CMRG_71430	1.0
GRCh38_CMRG_39915	1.0
GRCh38_CMRG_63748	1.0
GRCh38_CMRG_1380	1.0
GRCh38_CMRG_77523	1.0
GRCh38_CMRG_75537	1.0
GRCh38_CMRG_27554	1.0
GRCh38_CMRG_32371	1.0
GRCh38_CMRG_8935	1.0
GRCh38_CMRG_47829	1.0
GRCh38_CMRG_29562	1.0
GRCh38_CMRG_68992	1.0
GRCh38_CMRG_21018	1.0
GRCh38_CMRG_77439	1.0
GRCh38_CMRG_45159	1.0
GRCh38_CMRG_44695	1.0
GRCh38_CMRG_40555	1.0
GRCh38_CMRG_2170	1.0
GRCh38_CMRG_69748	1.0
GRCh38_CMRG_34533	1.0
GRCh38_CMRG_70000	1.0
GRCh38_CMRG_526	1.0
GRCh38_CMRG_75623	1.0
GRCh38_CMRG_24968	1.0
GRCh38_CMRG_75458	1.0
GRCh38_CMRG_8607	1.0
GRCh38_CMRG_6075	1.0
GRCh38_CMRG_38771	1.0
GRCh38_CMRG_80804	1.0
GRCh38_CMRG_51671	1.0
GRCh38_CMRG_80993	1.0
GRCh38_CMRG_37026	1.0
GRCh38_CMRG_21624	1.0
GRCh38_CMRG_40033	1.0
GRCh38_CMRG_38981	1.0
GRCh38_CMRG_31442	1.0
GRCh38_CMRG_73386	1.0
GRCh38_CMRG_14016	1.0
GRCh38_CMRG_41785	1.0
GRCh38_CMRG_27538	1.0
GRCh38_CMRG_6637	1.0
GRCh38_CMRG_68811	1.0
GRCh38_CMRG_24571	1.0
GRCh38_CMRG_50917	1.0
GRCh38_CMRG_1411	1.0
GRCh38_CMRG_77249	1.0
GRCh38_CMRG_43913	1.0
GRCh38_CMRG_55617	1.0
GRCh38_CMRG_83314	1.0
GRCh38_CMRG_76674	1.0
GRCh38_CMRG_23130	1.0
GRCh38_CMRG_55646	1.0
GRCh38_CMRG_21138	1.0
GRCh38_CMRG_28864	1.0
GRCh38_CMRG_51012	1.0
GRCh38_CMRG_50572	1.0
GRCh38_CMRG_31922	1.0
GRCh38_CMRG_32220	1.0
GRCh38_CMRG_40841	1.0
GRCh38_CMRG_1138	1.0
GRCh38_CMRG_79403	1.0
GRCh38_CMRG_80964	1.0
GRCh38_CMRG_76986	1.0
GRCh38_CMRG_17278	1.0
GRCh38_CMRG_22107	1.0
GRCh38_CMRG_79137	1.0
GRCh38_CMRG_483	1.0
GRCh38_CMRG_68882	1.0
GRCh38_CMRG_50104	1.0
GRCh38_CMRG_40316	1.0
GRCh38_CMRG_64129	1.0
GRCh38_CMRG_49843	1.0
GRCh38_CMRG_38722	1.0
GRCh38_CMRG_81574	1.0
GRCh38_CMRG_8246	1.0
GRCh38_CMRG_29945	1.0
GRCh38_CMRG_22718	1.0
GRCh38_CMRG_44067	1.0
GRCh38_CMRG_73301	1.0
GRCh38_CMRG_32364	1.0
GRCh38_CMRG_19922	1.0
GRCh38_CMRG_21604	1.0
GRCh38_CMRG_6414	1.0
GRCh38_CMRG_42407	1.0
GRCh38_CMRG_43994	1.0
GRCh38_CMRG_10583	1.0
GRCh38_CMRG_38475	1.0
GRCh38_CMRG_68990	1.0
GRCh38_CMRG_52933	1.0
GRCh38_CMRG_17882	1.0
GRCh38_CMRG_23051	1.0
GRCh38_CMRG_21102	1.0
GRCh38_CMRG_21245	1.0
GRCh38_CMRG_6266	1.0
GRCh38_CMRG_21379	1.0
GRCh38_CMRG_1667	1.0
GRCh38_CMRG_31231	1.0
GRCh38_CMRG_42010	1.0
GRCh38_CMRG_16664	1.0
GRCh38_CMRG_34123	1.0
GRCh38_CMRG_79349	1.0
GRCh38_CMRG_20923	1.0
GRCh38_CMRG_44098	1.0
GRCh38_CMRG_11022	1.0
GRCh38_CMRG_78883	1.0
GRCh38_CMRG_33074	1.0
GRCh38_CMRG_8106	1.0
GRCh38_CMRG_68766	1.0
GRCh38_CMRG_69580	1.0
GRCh38_CMRG_49805	1.0
GRCh38_CMRG_15489	1.0
GRCh38_CMRG_70045	1.0
GRCh38_CMRG_17472	1.0
GRCh38_CMRG_68855	1.0
GRCh38_CMRG_77345	1.0
GRCh38_CMRG_75415	1.0
GRCh38_CMRG_81232	1.0
GRCh38_CMRG_24948	1.0
GRCh38_CMRG_28936	1.0
GRCh38_CMRG_68480	1.0
GRCh38_CMRG_33255	1.0
GRCh38_CMRG_14678	1.0
GRCh38_CMRG_44026	1.0
GRCh38_CMRG_8432	1.0
GRCh38_CMRG_39242	1.0
GRCh38_CMRG_77352	1.0
GRCh38_CMRG_1381	1.0
GRCh38_CMRG_2613	1.0
GRCh38_CMRG_29974	1.0
GRCh38_CMRG_5774	1.0
GRCh38_CMRG_81362	1.0
GRCh38_CMRG_79987	1.0
GRCh38_CMRG_26050	1.0
GRCh38_CMRG_6267	1.0
GRCh38_CMRG_44776	1.0
GRCh38_CMRG_36258	1.0
GRCh38_CMRG_76747	1.0
GRCh38_CMRG_75475	1.0
GRCh38_CMRG_5888	1.0
GRCh38_CMRG_21752	1.0
GRCh38_CMRG_13098	1.0
GRCh38_CMRG_3105	1.0
GRCh38_CMRG_31610	1.0
GRCh38_CMRG_70908	1.0
GRCh38_CMRG_29671	1.0
GRCh38_CMRG_2764	1.0
GRCh38_CMRG_49855	1.0
GRCh38_CMRG_76955	1.0
GRCh38_CMRG_50968	1.0
GRCh38_CMRG_79453	1.0
GRCh38_CMRG_44025	1.0
GRCh38_CMRG_413	1.0
GRCh38_CMRG_38959	1.0
GRCh38_CMRG_15124	1.0
GRCh38_CMRG_1198	1.0
GRCh38_CMRG_12002	1.0
GRCh38_CMRG_50685	1.0
GRCh38_CMRG_7599	1.0
GRCh38_CMRG_1072	1.0
GRCh38_CMRG_51542	1.0
GRCh38_CMRG_5855	1.0
GRCh38_CMRG_51168	1.0
GRCh38_CMRG_64804	1.0
GRCh38_CMRG_31660	1.0
GRCh38_CMRG_75225	1.0
GRCh38_CMRG_63926	1.0
GRCh38_CMRG_29726	1.0
GRCh38_CMRG_50882	1.0
GRCh38_CMRG_29342	1.0
GRCh38_CMRG_11173	1.0
GRCh38_CMRG_46057	1.0
GRCh38_CMRG_76874	1.0
GRCh38_CMRG_71462	1.0
GRCh38_CMRG_5831	1.0
GRCh38_CMRG_21987	1.0
GRCh38_CMRG_26606	1.0
GRCh38_CMRG_26045	1.0
GRCh38_CMRG_44244	1.0
GRCh38_CMRG_77308	1.0
GRCh38_CMRG_63384	1.0
GRCh38_CMRG_7563	1.0
GRCh38_CMRG_41548	1.0
GRCh38_CMRG_5737	1.0
GRCh38_CMRG_14624	1.0
GRCh38_CMRG_39605	1.0
GRCh38_CMRG_52907	1.0
GRCh38_CMRG_6511	1.0
GRCh38_CMRG_24918	1.0
GRCh38_CMRG_16812	1.0
GRCh38_CMRG_31609	1.0
GRCh38_CMRG_38642	1.0
GRCh38_CMRG_69542	1.0
GRCh38_CMRG_76753	1.0
GRCh38_CMRG_81919	1.0
GRCh38_CMRG_28264	1.0
GRCh38_CMRG_71360	1.0
GRCh38_CMRG_64530	1.0
GRCh38_CMRG_39077	1.0
GRCh38_CMRG_27612	1.0
GRCh38_CMRG_12436	1.0
GRCh38_CMRG_19746	1.0
GRCh38_CMRG_5736	1.0
GRCh38_CMRG_81516	1.0
GRCh38_CMRG_24856	1.0
GRCh38_CMRG_1060	1.0
GRCh38_CMRG_29488	1.0
GRCh38_CMRG_18232	1.0
GRCh38_CMRG_31389	1.0
GRCh38_CMRG_68634	1.0
GRCh38_CMRG_38768	1.0
GRCh38_CMRG_25368	1.0
GRCh38_CMRG_28915	1.0
GRCh38_CMRG_7260	1.0
GRCh38_CMRG_44579	1.0
GRCh38_CMRG_7417	1.0
GRCh38_CMRG_15126	1.0
GRCh38_CMRG_30760	1.0
GRCh38_CMRG_69441	1.0
GRCh38_CMRG_41989	1.0
GRCh38_CMRG_25815	1.0
GRCh38_CMRG_50304	1.0
GRCh38_CMRG_61957	1.0
GRCh38_CMRG_32087	1.0
GRCh38_CMRG_46081	1.0
GRCh38_CMRG_39793	1.0
GRCh38_CMRG_6201	1.0
GRCh38_CMRG_41092	1.0
GRCh38_CMRG_10565	1.0
GRCh38_CMRG_59256	1.0
GRCh38_CMRG_73156	1.0
GRCh38_CMRG_9359	1.0
GRCh38_CMRG_44269	1.0
GRCh38_CMRG_44051	1.0
GRCh38_CMRG_43648	1.0
GRCh38_CMRG_24831	1.0
GRCh38_CMRG_2592	1.0
GRCh38_CMRG_52864	1.0
GRCh38_CMRG_80028	1.0
GRCh38_CMRG_80949	1.0
GRCh38_CMRG_38951	1.0
GRCh38_CMRG_14047	1.0
GRCh38_CMRG_42054	1.0
GRCh38_CMRG_17443	1.0
GRCh38_CMRG_24553	1.0
GRCh38_CMRG_79488	1.0
GRCh38_CMRG_70584	1.0
GRCh38_CMRG_72126	1.0
GRCh38_CMRG_68809	1.0
GRCh38_CMRG_81948	1.0
GRCh38_CMRG_51513	1.0
GRCh38_CMRG_7474	1.0
GRCh38_CMRG_42084	1.0
GRCh38_CMRG_18871	1.0
GRCh38_CMRG_52000	1.0
GRCh38_CMRG_1662	1.0
GRCh38_CMRG_50993	1.0
GRCh38_CMRG_21997	1.0
GRCh38_CMRG_17273	1.0
GRCh38_CMRG_19302	1.0
GRCh38_CMRG_24969	1.0
GRCh38_CMRG_25839	1.0
GRCh38_CMRG_71981	1.0
GRCh38_CMRG_37266	1.0
GRCh38_CMRG_8308	1.0
GRCh38_CMRG_42007	1.0
GRCh38_CMRG_44818	1.0
GRCh38_CMRG_76884	1.0
GRCh38_CMRG_29730	1.0
GRCh38_CMRG_33580	1.0
GRCh38_CMRG_55145	1.0
GRCh38_CMRG_2211	1.0
GRCh38_CMRG_22989	1.0
GRCh38_CMRG_17536	1.0
GRCh38_CMRG_69632	1.0
GRCh38_CMRG_7216	1.0
GRCh38_CMRG_64148	1.0
GRCh38_CMRG_37063	1.0
GRCh38_CMRG_51787	1.0
GRCh38_CMRG_16528	1.0
GRCh38_CMRG_44376	1.0
GRCh38_CMRG_45069	1.0
GRCh38_CMRG_76998	1.0
GRCh38_CMRG_75012	1.0
GRCh38_CMRG_535	1.0
GRCh38_CMRG_68614	1.0
GRCh38_CMRG_21271	1.0
GRCh38_CMRG_1014	1.0
GRCh38_CMRG_32278	1.0
GRCh38_CMRG_33070	1.0
GRCh38_CMRG_21199	1.0
GRCh38_CMRG_74400	1.0
GRCh38_CMRG_686	1.0
GRCh38_CMRG_75083	1.0
GRCh38_CMRG_24650	1.0
GRCh38_CMRG_19493	1.0
GRCh38_CMRG_13571	1.0
GRCh38_CMRG_41995	1.0
GRCh38_CMRG_39792	1.0
GRCh38_CMRG_42241	1.0
GRCh38_CMRG_13227	1.0
GRCh38_CMRG_76665	1.0
GRCh38_CMRG_75242	1.0
GRCh38_CMRG_22820	1.0
GRCh38_CMRG_12135	1.0
GRCh38_CMRG_1402	1.0
GRCh38_CMRG_25328	1.0
GRCh38_CMRG_77207	1.0
GRCh38_CMRG_538	1.0
GRCh38_CMRG_40183	1.0
GRCh38_CMRG_33037	1.0
GRCh38_CMRG_21863	1.0
GRCh38_CMRG_48571	1.0
GRCh38_CMRG_75178	1.0
GRCh38_CMRG_54913	1.0
GRCh38_CMRG_29494	1.0
GRCh38_CMRG_17441	1.0
GRCh38_CMRG_18812	1.0
GRCh38_CMRG_49502	1.0
GRCh38_CMRG_51335	1.0
GRCh38_CMRG_69455	1.0
GRCh38_CMRG_24573	1.0
GRCh38_CMRG_81228	1.0
GRCh38_CMRG_41058	1.0
GRCh38_CMRG_65464	1.0
GRCh38_CMRG_6594	1.0
GRCh38_CMRG_74444	1.0
GRCh38_CMRG_713	1.0
GRCh38_CMRG_79559	1.0
GRCh38_CMRG_76653	1.0
GRCh38_CMRG_68657	1.0
GRCh38_CMRG_54127	1.0
GRCh38_CMRG_40846	1.0
GRCh38_CMRG_7111	1.0
GRCh38_CMRG_61625	1.0
GRCh38_CMRG_68954	1.0
GRCh38_CMRG_43972	1.0
GRCh38_CMRG_8608	1.0
GRCh38_CMRG_69426	1.0
GRCh38_CMRG_33958	1.0
GRCh38_CMRG_9130	1.0
GRCh38_CMRG_69476	1.0
GRCh38_CMRG_17488	1.0
GRCh38_CMRG_31384	1.0
GRCh38_CMRG_44341	1.0
GRCh38_CMRG_1817	1.0
GRCh38_CMRG_69467	1.0
GRCh38_CMRG_1847	1.0
GRCh38_CMRG_68847	1.0
GRCh38_CMRG_1008	1.0
GRCh38_CMRG_23176	1.0
GRCh38_CMRG_44407	1.0
GRCh38_CMRG_14006	1.0
GRCh38_CMRG_22397	1.0
GRCh38_CMRG_67023	1.0
GRCh38_CMRG_7182	1.0
GRCh38_CMRG_29964	1.0
GRCh38_CMRG_19645	1.0
GRCh38_CMRG_31662	1.0
GRCh38_CMRG_51362	1.0
GRCh38_CMRG_32193	1.0
GRCh38_CMRG_76799	1.0
GRCh38_CMRG_30943	1.0
GRCh38_CMRG_44044	1.0
GRCh38_CMRG_28753	1.0
GRCh38_CMRG_36564	1.0
GRCh38_CMRG_34591	1.0
GRCh38_CMRG_77114	1.0
GRCh38_CMRG_6952	1.0
GRCh38_CMRG_79075	1.0
GRCh38_CMRG_38461	1.0
GRCh38_CMRG_40522	1.0
GRCh38_CMRG_79000	1.0
GRCh38_CMRG_2871	1.0
GRCh38_CMRG_34592	1.0
GRCh38_CMRG_49799	1.0
GRCh38_CMRG_44894	1.0
GRCh38_CMRG_84226	1.0
GRCh38_CMRG_61808	1.0
GRCh38_CMRG_26914	1.0
GRCh38_CMRG_78981	1.0
GRCh38_CMRG_19321	1.0
GRCh38_CMRG_14019	1.0
GRCh38_CMRG_83118	1.0
GRCh38_CMRG_58655	1.0
GRCh38_CMRG_83372	1.0
GRCh38_CMRG_72829	1.0
GRCh38_CMRG_51474	1.0
GRCh38_CMRG_32040	1.0
GRCh38_CMRG_1597	1.0
GRCh38_CMRG_29500	1.0
GRCh38_CMRG_2720	1.0
GRCh38_CMRG_51361	1.0
GRCh38_CMRG_17031	1.0
GRCh38_CMRG_8951	1.0
GRCh38_CMRG_40535	1.0
GRCh38_CMRG_79835	1.0
GRCh38_CMRG_32667	1.0
GRCh38_CMRG_69543	1.0
GRCh38_CMRG_18632	1.0
GRCh38_CMRG_7275	1.0
GRCh38_CMRG_18825	1.0
GRCh38_CMRG_5931	1.0
GRCh38_CMRG_24330	1.0
GRCh38_CMRG_35938	1.0
GRCh38_CMRG_30972	1.0
GRCh38_CMRG_46341	1.0
GRCh38_CMRG_79455	1.0
GRCh38_CMRG_7635	1.0
GRCh38_CMRG_8612	1.0
GRCh38_CMRG_69636	1.0
GRCh38_CMRG_28843	1.0
GRCh38_CMRG_64832	1.0
GRCh38_CMRG_52731	1.0
GRCh38_CMRG_77101	1.0
GRCh38_CMRG_1286	1.0
GRCh38_CMRG_80794	1.0
GRCh38_CMRG_38637	1.0
GRCh38_CMRG_38499	1.0
GRCh38_CMRG_81640	1.0
GRCh38_CMRG_12278	1.0
GRCh38_CMRG_77304	1.0
GRCh38_CMRG_51424	1.0
GRCh38_CMRG_14533	1.0
GRCh38_CMRG_21835	1.0
GRCh38_CMRG_63207	1.0
GRCh38_CMRG_7789	1.0
GRCh38_CMRG_19960	1.0
GRCh38_CMRG_75227	1.0
GRCh38_CMRG_76716	1.0
GRCh38_CMRG_25046	1.0
GRCh38_CMRG_75391	1.0
GRCh38_CMRG_64654	1.0
GRCh38_CMRG_51815	1.0
GRCh38_CMRG_69611	1.0
GRCh38_CMRG_71018	1.0
GRCh38_CMRG_27107	1.0
GRCh38_CMRG_2327	1.0
GRCh38_CMRG_6684	1.0
GRCh38_CMRG_6827	1.0
GRCh38_CMRG_31127	1.0
GRCh38_CMRG_31938	1.0
GRCh38_CMRG_58983	1.0
GRCh38_CMRG_40010	1.0
GRCh38_CMRG_68535	1.0
GRCh38_CMRG_15127	1.0
GRCh38_CMRG_42416	1.0
GRCh38_CMRG_75675	1.0
GRCh38_CMRG_41004	1.0
GRCh38_CMRG_13271	1.0
GRCh38_CMRG_43751	1.0
GRCh38_CMRG_83229	1.0
GRCh38_CMRG_43857	1.0
GRCh38_CMRG_22111	1.0
GRCh38_CMRG_525	1.0
GRCh38_CMRG_36444	1.0
GRCh38_CMRG_2692	1.0
GRCh38_CMRG_39177	1.0
GRCh38_CMRG_2289	1.0
GRCh38_CMRG_40837	1.0
GRCh38_CMRG_1694	1.0
GRCh38_CMRG_27331	1.0
GRCh38_CMRG_5960	1.0
GRCh38_CMRG_22947	1.0
GRCh38_CMRG_46449	1.0
GRCh38_CMRG_54150	1.0
GRCh38_CMRG_37010	1.0
GRCh38_CMRG_39513	1.0
GRCh38_CMRG_1224	1.0
GRCh38_CMRG_69854	1.0
GRCh38_CMRG_43993	1.0
GRCh38_CMRG_10725	1.0
GRCh38_CMRG_67762	1.0
GRCh38_CMRG_81880	1.0
GRCh38_CMRG_12555	1.0
GRCh38_CMRG_26300	1.0
GRCh38_CMRG_5540	1.0
GRCh38_CMRG_43710	1.0
GRCh38_CMRG_32445	1.0
GRCh38_CMRG_74337	1.0
GRCh38_CMRG_26791	1.0
GRCh38_CMRG_68810	1.0
GRCh38_CMRG_77127	1.0
GRCh38_CMRG_69429	1.0
GRCh38_CMRG_31433	1.0
GRCh38_CMRG_72149	1.0
GRCh38_CMRG_59175	1.0
GRCh38_CMRG_14228	1.0
GRCh38_CMRG_24554	1.0
GRCh38_CMRG_32444	1.0
GRCh38_CMRG_6504	1.0
GRCh38_CMRG_73478	1.0
GRCh38_CMRG_44052	1.0
GRCh38_CMRG_15115	1.0
GRCh38_CMRG_16968	1.0
GRCh38_CMRG_6161	1.0
GRCh38_CMRG_2732	1.0
GRCh38_CMRG_7656	1.0
GRCh38_CMRG_43986	1.0
GRCh38_CMRG_24544	1.0
GRCh38_CMRG_81912	1.0
GRCh38_CMRG_30616	1.0
GRCh38_CMRG_47545	1.0
GRCh38_CMRG_38910	1.0
GRCh38_CMRG_30876	1.0
GRCh38_CMRG_77164	1.0
GRCh38_CMRG_30897	1.0
GRCh38_CMRG_7087	1.0
GRCh38_CMRG_51606	1.0
GRCh38_CMRG_43636	1.0
GRCh38_CMRG_29966	1.0
GRCh38_CMRG_14324	1.0
GRCh38_CMRG_64710	1.0
GRCh38_CMRG_39668	1.0
GRCh38_CMRG_32552	1.0
GRCh38_CMRG_32133	1.0
GRCh38_CMRG_39539	1.0
GRCh38_CMRG_29818	1.0
GRCh38_CMRG_8544	1.0
GRCh38_CMRG_23802	1.0
GRCh38_CMRG_69995	1.0
GRCh38_CMRG_31454	1.0
GRCh38_CMRG_13572	1.0
GRCh38_CMRG_29906	1.0
GRCh38_CMRG_33256	1.0
GRCh38_CMRG_68320	1.0
GRCh38_CMRG_25252	1.0
GRCh38_CMRG_25023	1.0
GRCh38_CMRG_14205	1.0
GRCh38_CMRG_33618	1.0
GRCh38_CMRG_44032	1.0
GRCh38_CMRG_17287	1.0
GRCh38_CMRG_77016	1.0
GRCh38_CMRG_23521	1.0
GRCh38_CMRG_37098	1.0
GRCh38_CMRG_74199	1.0
GRCh38_CMRG_14705	1.0
GRCh38_CMRG_25219	1.0
GRCh38_CMRG_6691	1.0
GRCh38_CMRG_32409	1.0
GRCh38_CMRG_35541	1.0
GRCh38_CMRG_49693	1.0
GRCh38_CMRG_29948	1.0
GRCh38_CMRG_64200	1.0
GRCh38_CMRG_13593	1.0
GRCh38_CMRG_29723	1.0
GRCh38_CMRG_63837	1.0
GRCh38_CMRG_41593	1.0
GRCh38_CMRG_75198	1.0
GRCh38_CMRG_8468	1.0
GRCh38_CMRG_53739	1.0
GRCh38_CMRG_44992	1.0
GRCh38_CMRG_83057	1.0
GRCh38_CMRG_38426	1.0
GRCh38_CMRG_74758	1.0
GRCh38_CMRG_18941	1.0
GRCh38_CMRG_31877	1.0
GRCh38_CMRG_7112	1.0
GRCh38_CMRG_77200	1.0
GRCh38_CMRG_21288	1.0
GRCh38_CMRG_34481	1.0
GRCh38_CMRG_1294	1.0
GRCh38_CMRG_51166	1.0
GRCh38_CMRG_8295	1.0
GRCh38_CMRG_38402	1.0
GRCh38_CMRG_32146	1.0
GRCh38_CMRG_38636	1.0
GRCh38_CMRG_65222	1.0
GRCh38_CMRG_18057	1.0
GRCh38_CMRG_39584	1.0
GRCh38_CMRG_41395	1.0
GRCh38_CMRG_51492	1.0
GRCh38_CMRG_71019	1.0
GRCh38_CMRG_21847	1.0
GRCh38_CMRG_77305	1.0
GRCh38_CMRG_40859	1.0
GRCh38_CMRG_82976	1.0
GRCh38_CMRG_44264	1.0
GRCh38_CMRG_76932	1.0
GRCh38_CMRG_50860	1.0
GRCh38_CMRG_71913	1.0
GRCh38_CMRG_42594	1.0
GRCh38_CMRG_2737	1.0
GRCh38_CMRG_37761	1.0
GRCh38_CMRG_68487	1.0
GRCh38_CMRG_81911	1.0
GRCh38_CMRG_53729	1.0
GRCh38_CMRG_64369	1.0
GRCh38_CMRG_408	1.0
GRCh38_CMRG_64477	1.0
GRCh38_CMRG_80793	1.0
GRCh38_CMRG_46051	1.0
GRCh38_CMRG_50478	1.0
GRCh38_CMRG_24857	1.0
GRCh38_CMRG_31806	1.0
GRCh38_CMRG_71199	1.0
GRCh38_CMRG_79046	1.0
GRCh38_CMRG_647	1.0
GRCh38_CMRG_50796	1.0
GRCh38_CMRG_8302	1.0
GRCh38_CMRG_39295	1.0
GRCh38_CMRG_68413	1.0
GRCh38_CMRG_50632	1.0
GRCh38_CMRG_59880	1.0
GRCh38_CMRG_44863	1.0
GRCh38_CMRG_53728	1.0
GRCh38_CMRG_33842	1.0
GRCh38_CMRG_53955	1.0
GRCh38_CMRG_31882	1.0
GRCh38_CMRG_83793	1.0
GRCh38_CMRG_37567	1.0
GRCh38_CMRG_1086	1.0
GRCh38_CMRG_84306	1.0
GRCh38_CMRG_17125	1.0
GRCh38_CMRG_24241	1.0
GRCh38_CMRG_41636	1.0
GRCh38_CMRG_19219	1.0
GRCh38_CMRG_8707	1.0
GRCh38_CMRG_77603	1.0
GRCh38_CMRG_1128	1.0
GRCh38_CMRG_51589	1.0
GRCh38_CMRG_78865	1.0
GRCh38_CMRG_77111	1.0
GRCh38_CMRG_15055	1.0
GRCh38_CMRG_63431	1.0
GRCh38_CMRG_46120	1.0
GRCh38_CMRG_75061	1.0
GRCh38_CMRG_29863	1.0
GRCh38_CMRG_32017	1.0
GRCh38_CMRG_32125	1.0
GRCh38_CMRG_16553	1.0
GRCh38_CMRG_14623	1.0
GRCh38_CMRG_77234	1.0
GRCh38_CMRG_2646	1.0
GRCh38_CMRG_30947	1.0
GRCh38_CMRG_48652	1.0
GRCh38_CMRG_21001	1.0
GRCh38_CMRG_16616	1.0
GRCh38_CMRG_79366	1.0
GRCh38_CMRG_77382	1.0
GRCh38_CMRG_31832	1.0
GRCh38_CMRG_8322	1.0
GRCh38_CMRG_72621	1.0
GRCh38_CMRG_52359	1.0
GRCh38_CMRG_76695	1.0
GRCh38_CMRG_55313	1.0
GRCh38_CMRG_7165	1.0
GRCh38_CMRG_82189	1.0
GRCh38_CMRG_18936	1.0
GRCh38_CMRG_30007	1.0
GRCh38_CMRG_14865	1.0
GRCh38_CMRG_44766	1.0
GRCh38_CMRG_31919	1.0
GRCh38_CMRG_1531	1.0
GRCh38_CMRG_44548	1.0
GRCh38_CMRG_41666	1.0
GRCh38_CMRG_72467	1.0
GRCh38_CMRG_34350	1.0
GRCh38_CMRG_6697	1.0
GRCh38_CMRG_21400	1.0
GRCh38_CMRG_24684	1.0
GRCh38_CMRG_71095	1.0
GRCh38_CMRG_42513	1.0
GRCh38_CMRG_81315	1.0
GRCh38_CMRG_73256	1.0
GRCh38_CMRG_58626	1.0
GRCh38_CMRG_77081	1.0
GRCh38_CMRG_12001	1.0
GRCh38_CMRG_22425	1.0
GRCh38_CMRG_37724	1.0
GRCh38_CMRG_67761	1.0
GRCh38_CMRG_1696	1.0
GRCh38_CMRG_76461	1.0
GRCh38_CMRG_31414	1.0
GRCh38_CMRG_43638	1.0
GRCh38_CMRG_64128	1.0
GRCh38_CMRG_72193	1.0
GRCh38_CMRG_63539	1.0
GRCh38_CMRG_2314	1.0
GRCh38_CMRG_48653	1.0
GRCh38_CMRG_16921	1.0
GRCh38_CMRG_44102	1.0
GRCh38_CMRG_21287	1.0
GRCh38_CMRG_6171	1.0
GRCh38_CMRG_84561	1.0
GRCh38_CMRG_73258	1.0
GRCh38_CMRG_64307	1.0
GRCh38_CMRG_653	1.0
GRCh38_CMRG_81467	1.0
GRCh38_CMRG_71348	1.0
GRCh38_CMRG_62522	1.0
GRCh38_CMRG_15378	1.0
GRCh38_CMRG_17032	1.0
GRCh38_CMRG_61624	1.0
GRCh38_CMRG_84174	1.0
GRCh38_CMRG_31269	1.0
GRCh38_CMRG_29592	1.0
GRCh38_CMRG_76923	1.0
GRCh38_CMRG_37223	1.0
GRCh38_CMRG_68666	1.0
GRCh38_CMRG_75473	1.0
GRCh38_CMRG_78912	1.0
GRCh38_CMRG_46352	1.0
GRCh38_CMRG_28834	1.0
GRCh38_CMRG_1598	1.0
GRCh38_CMRG_58214	1.0
GRCh38_CMRG_75062	1.0
GRCh38_CMRG_2619	1.0
GRCh38_CMRG_16730	1.0
GRCh38_CMRG_76990	1.0
GRCh38_CMRG_72793	1.0
GRCh38_CMRG_8353	1.0
GRCh38_CMRG_63490	1.0
GRCh38_CMRG_6245	1.0
GRCh38_CMRG_69635	1.0
GRCh38_CMRG_73531	1.0
GRCh38_CMRG_10526	1.0
GRCh38_CMRG_29816	1.0
GRCh38_CMRG_993	1.0
GRCh38_CMRG_18264	1.0
GRCh38_CMRG_50005	1.0
GRCh38_CMRG_21072	1.0
GRCh38_CMRG_81947	1.0
GRCh38_CMRG_39464	1.0
GRCh38_CMRG_39090	1.0
GRCh38_CMRG_42336	1.0
GRCh38_CMRG_31321	1.0
GRCh38_CMRG_77344	1.0
GRCh38_CMRG_7440	0.999
GRCh38_CMRG_67578	0.999
GRCh38_CMRG_46398	0.999
GRCh38_CMRG_6082	0.999
GRCh38_CMRG_54896	0.999
GRCh38_CMRG_7617	0.999
GRCh38_CMRG_17224	0.999
GRCh38_CMRG_17942	0.999
GRCh38_CMRG_37122	0.999
GRCh38_CMRG_74081	0.999
GRCh38_CMRG_9613	0.999
GRCh38_CMRG_67399	0.999
GRCh38_CMRG_6452	0.999
GRCh38_CMRG_34744	0.999
GRCh38_CMRG_11146	0.999
GRCh38_CMRG_16489	0.999
GRCh38_CMRG_46394	0.999
GRCh38_CMRG_14795	0.999
GRCh38_CMRG_36924	0.999
GRCh38_CMRG_54872	0.999
GRCh38_CMRG_73200	0.999
GRCh38_CMRG_12018	0.999
GRCh38_CMRG_31423	0.999
GRCh38_CMRG_12710	0.999
GRCh38_CMRG_69961	0.999
GRCh38_CMRG_22962	0.999
GRCh38_CMRG_54991	0.999
GRCh38_CMRG_8818	0.999
GRCh38_CMRG_36288	0.999
GRCh38_CMRG_52192	0.999
GRCh38_CMRG_7978	0.999
GRCh38_CMRG_52619	0.999
GRCh38_CMRG_81443	0.999
GRCh38_CMRG_20946	0.999
GRCh38_CMRG_13851	0.999
GRCh38_CMRG_49173	0.999
GRCh38_CMRG_73862	0.999
GRCh38_CMRG_48782	0.999
GRCh38_CMRG_39757	0.999
GRCh38_CMRG_70388	0.999
GRCh38_CMRG_74134	0.999
GRCh38_CMRG_12449	0.999
GRCh38_CMRG_14598	0.999
GRCh38_CMRG_66125	0.999
GRCh38_CMRG_12330	0.999
GRCh38_CMRG_12197	0.999
GRCh38_CMRG_54552	0.999
GRCh38_CMRG_75494	0.999
GRCh38_CMRG_55317	0.999
GRCh38_CMRG_58220	0.999
GRCh38_CMRG_12282	0.999
GRCh38_CMRG_71098	0.999
GRCh38_CMRG_53328	0.999
GRCh38_CMRG_14400	0.999
GRCh38_CMRG_19149	0.999
GRCh38_CMRG_138	0.999
GRCh38_CMRG_39269	0.999
GRCh38_CMRG_19284	0.999
GRCh38_CMRG_84483	0.999
GRCh38_CMRG_52863	0.999
GRCh38_CMRG_31298	0.999
GRCh38_CMRG_74131	0.999
GRCh38_CMRG_16630	0.999
GRCh38_CMRG_8524	0.999
GRCh38_CMRG_13230	0.999
GRCh38_CMRG_12050	0.999
GRCh38_CMRG_48423	0.999
GRCh38_CMRG_30849	0.999
GRCh38_CMRG_60137	0.999
GRCh38_CMRG_18026	0.999
GRCh38_CMRG_58192	0.999
GRCh38_CMRG_16483	0.999
GRCh38_CMRG_48675	0.999
GRCh38_CMRG_83060	0.999
GRCh38_CMRG_749	0.999
GRCh38_CMRG_59426	0.999
GRCh38_CMRG_65851	0.999
GRCh38_CMRG_49945	0.999
GRCh38_CMRG_9155	0.999
GRCh38_CMRG_35942	0.999
GRCh38_CMRG_45891	0.999
GRCh38_CMRG_9441	0.999
GRCh38_CMRG_1047	0.999
GRCh38_CMRG_73392	0.999
GRCh38_CMRG_34730	0.999
GRCh38_CMRG_53144	0.999
GRCh38_CMRG_19576	0.999
GRCh38_CMRG_83816	0.999
GRCh38_CMRG_62481	0.999
GRCh38_CMRG_51490	0.999
GRCh38_CMRG_73484	0.999
GRCh38_CMRG_9634	0.999
GRCh38_CMRG_50881	0.999
GRCh38_CMRG_35823	0.999
GRCh38_CMRG_1487	0.999
GRCh38_CMRG_46770	0.999
GRCh38_CMRG_41203	0.999
GRCh38_CMRG_11940	0.999
GRCh38_CMRG_31379	0.999
GRCh38_CMRG_2461	0.999
GRCh38_CMRG_6118	0.999
GRCh38_CMRG_24440	0.999
GRCh38_CMRG_53344	0.999
GRCh38_CMRG_73994	0.999
GRCh38_CMRG_68022	0.999
GRCh38_CMRG_36159	0.999
GRCh38_CMRG_44593	0.999
GRCh38_CMRG_36203	0.999
GRCh38_CMRG_8756	0.999
GRCh38_CMRG_36524	0.999
GRCh38_CMRG_72214	0.999
GRCh38_CMRG_61724	0.999
GRCh38_CMRG_17521	0.999
GRCh38_CMRG_15107	0.999
GRCh38_CMRG_74460	0.999
GRCh38_CMRG_53549	0.999
GRCh38_CMRG_75612	0.999
GRCh38_CMRG_37733	0.999
GRCh38_CMRG_53764	0.999
GRCh38_CMRG_54179	0.999
GRCh38_CMRG_73922	0.999
GRCh38_CMRG_34708	0.999
GRCh38_CMRG_52892	0.999
GRCh38_CMRG_52891	0.999
GRCh38_CMRG_27283	0.999
GRCh38_CMRG_30801	0.999
GRCh38_CMRG_84238	0.999
GRCh38_CMRG_6660	0.999
GRCh38_CMRG_36130	0.999
GRCh38_CMRG_73204	0.999
GRCh38_CMRG_6997	0.999
GRCh38_CMRG_40083	0.999
GRCh38_CMRG_55582	0.999
GRCh38_CMRG_14429	0.999
GRCh38_CMRG_2122	0.999
GRCh38_CMRG_14784	0.999
GRCh38_CMRG_31284	0.999
GRCh38_CMRG_73752	0.999
GRCh38_CMRG_11642	0.999
GRCh38_CMRG_6611	0.999
GRCh38_CMRG_82050	0.999
GRCh38_CMRG_73923	0.999
GRCh38_CMRG_2567	0.999
GRCh38_CMRG_28530	0.999
GRCh38_CMRG_44492	0.999
GRCh38_CMRG_32603	0.999
GRCh38_CMRG_67427	0.999
GRCh38_CMRG_7002	0.999
GRCh38_CMRG_70080	0.999
GRCh38_CMRG_50105	0.999
GRCh38_CMRG_33811	0.999
GRCh38_CMRG_73453	0.999
GRCh38_CMRG_30999	0.999
GRCh38_CMRG_55134	0.999
GRCh38_CMRG_61547	0.999
GRCh38_CMRG_54329	0.999
GRCh38_CMRG_70475	0.999
GRCh38_CMRG_66976	0.999
GRCh38_CMRG_50635	0.999
GRCh38_CMRG_53659	0.999
GRCh38_CMRG_74948	0.999
GRCh38_CMRG_36830	0.999
GRCh38_CMRG_54361	0.999
GRCh38_CMRG_11637	0.999
GRCh38_CMRG_54944	0.999
GRCh38_CMRG_54285	0.999
GRCh38_CMRG_84259	0.999
GRCh38_CMRG_28483	0.999
GRCh38_CMRG_52724	0.999
GRCh38_CMRG_74556	0.999
GRCh38_CMRG_22320	0.999
GRCh38_CMRG_84055	0.999
GRCh38_CMRG_82936	0.999
GRCh38_CMRG_12265	0.999
GRCh38_CMRG_76928	0.999
GRCh38_CMRG_46472	0.999
GRCh38_CMRG_14278	0.999
GRCh38_CMRG_19598	0.999
GRCh38_CMRG_70530	0.999
GRCh38_CMRG_10783	0.999
GRCh38_CMRG_58753	0.999
GRCh38_CMRG_34395	0.999
GRCh38_CMRG_14926	0.999
GRCh38_CMRG_13188	0.999
GRCh38_CMRG_31450	0.999
GRCh38_CMRG_70720	0.999
GRCh38_CMRG_2847	0.999
GRCh38_CMRG_1254	0.999
GRCh38_CMRG_38180	0.999
GRCh38_CMRG_37475	0.999
GRCh38_CMRG_14065	0.999
GRCh38_CMRG_14014	0.999
GRCh38_CMRG_1981	0.999
GRCh38_CMRG_73916	0.999
GRCh38_CMRG_68009	0.999
GRCh38_CMRG_74942	0.999
GRCh38_CMRG_23045	0.999
GRCh38_CMRG_76962	0.999
GRCh38_CMRG_18575	0.999
GRCh38_CMRG_8874	0.999
GRCh38_CMRG_1488	0.999
GRCh38_CMRG_6432	0.999
GRCh38_CMRG_83169	0.999
GRCh38_CMRG_46494	0.999
GRCh38_CMRG_7163	0.999
GRCh38_CMRG_70144	0.999
GRCh38_CMRG_52771	0.999
GRCh38_CMRG_54862	0.999
GRCh38_CMRG_74379	0.999
GRCh38_CMRG_23713	0.999
GRCh38_CMRG_52946	0.999
GRCh38_CMRG_6514	0.999
GRCh38_CMRG_12412	0.999
GRCh38_CMRG_34434	0.999
GRCh38_CMRG_66124	0.999
GRCh38_CMRG_37602	0.999
GRCh38_CMRG_34702	0.999
GRCh38_CMRG_32599	0.999
GRCh38_CMRG_12664	0.999
GRCh38_CMRG_59759	0.999
GRCh38_CMRG_68032	0.999
GRCh38_CMRG_14655	0.999
GRCh38_CMRG_7113	0.999
GRCh38_CMRG_7593	0.999
GRCh38_CMRG_1064	0.999
GRCh38_CMRG_12146	0.999
GRCh38_CMRG_9267	0.999
GRCh38_CMRG_51601	0.999
GRCh38_CMRG_16907	0.999
GRCh38_CMRG_9544	0.999
GRCh38_CMRG_70267	0.999
GRCh38_CMRG_7638	0.999
GRCh38_CMRG_47348	0.999
GRCh38_CMRG_36750	0.999
GRCh38_CMRG_8370	0.999
GRCh38_CMRG_35647	0.999
GRCh38_CMRG_58118	0.999
GRCh38_CMRG_11123	0.999
GRCh38_CMRG_52591	0.999
GRCh38_CMRG_79456	0.999
GRCh38_CMRG_72985	0.999
GRCh38_CMRG_74091	0.999
GRCh38_CMRG_20862	0.999
GRCh38_CMRG_67588	0.999
GRCh38_CMRG_5859	0.999
GRCh38_CMRG_69115	0.999
GRCh38_CMRG_50475	0.999
GRCh38_CMRG_51776	0.999
GRCh38_CMRG_84368	0.999
GRCh38_CMRG_10622	0.999
GRCh38_CMRG_82909	0.999
GRCh38_CMRG_14738	0.999
GRCh38_CMRG_53007	0.999
GRCh38_CMRG_17414	0.999
GRCh38_CMRG_74074	0.999
GRCh38_CMRG_53700	0.999
GRCh38_CMRG_13318	0.999
GRCh38_CMRG_17977	0.999
GRCh38_CMRG_58163	0.999
GRCh38_CMRG_84404	0.999
GRCh38_CMRG_6335	0.999
GRCh38_CMRG_36523	0.999
GRCh38_CMRG_47347	0.999
GRCh38_CMRG_53866	0.999
GRCh38_CMRG_11963	0.999
GRCh38_CMRG_31644	0.999
GRCh38_CMRG_11728	0.999
GRCh38_CMRG_14477	0.999
GRCh38_CMRG_69952	0.999
GRCh38_CMRG_29078	0.999
GRCh38_CMRG_55412	0.999
GRCh38_CMRG_53678	0.999
GRCh38_CMRG_36127	0.999
GRCh38_CMRG_54318	0.999
GRCh38_CMRG_59956	0.999
GRCh38_CMRG_25995	0.999
GRCh38_CMRG_8973	0.999
GRCh38_CMRG_7773	0.999
GRCh38_CMRG_54988	0.999
GRCh38_CMRG_24589	0.999
GRCh38_CMRG_35549	0.999
GRCh38_CMRG_8819	0.999
GRCh38_CMRG_58162	0.999
GRCh38_CMRG_35906	0.999
GRCh38_CMRG_44796	0.999
GRCh38_CMRG_71969	0.999
GRCh38_CMRG_58152	0.999
GRCh38_CMRG_74749	0.999
GRCh38_CMRG_9116	0.999
GRCh38_CMRG_74092	0.999
GRCh38_CMRG_21988	0.999
GRCh38_CMRG_32613	0.999
GRCh38_CMRG_2262	0.999
GRCh38_CMRG_74247	0.999
GRCh38_CMRG_10847	0.999
GRCh38_CMRG_51528	0.999
GRCh38_CMRG_49928	0.999
GRCh38_CMRG_37674	0.999
GRCh38_CMRG_58735	0.999
GRCh38_CMRG_28472	0.999
GRCh38_CMRG_51396	0.999
GRCh38_CMRG_12266	0.999
GRCh38_CMRG_36616	0.999
GRCh38_CMRG_70215	0.999
GRCh38_CMRG_6329	0.999
GRCh38_CMRG_46194	0.999
GRCh38_CMRG_70622	0.999
GRCh38_CMRG_14150	0.999
GRCh38_CMRG_34586	0.999
GRCh38_CMRG_49967	0.999
GRCh38_CMRG_2037	0.999
GRCh38_CMRG_55612	0.999
GRCh38_CMRG_74578	0.999
GRCh38_CMRG_53128	0.999
GRCh38_CMRG_34782	0.999
GRCh38_CMRG_73805	0.999
GRCh38_CMRG_13482	0.999
GRCh38_CMRG_7018	0.999
GRCh38_CMRG_46138	0.999
GRCh38_CMRG_69320	0.999
GRCh38_CMRG_22955	0.999
GRCh38_CMRG_80076	0.999
GRCh38_CMRG_52632	0.999
GRCh38_CMRG_32600	0.999
GRCh38_CMRG_40684	0.999
GRCh38_CMRG_81003	0.999
GRCh38_CMRG_35806	0.999
GRCh38_CMRG_53340	0.999
GRCh38_CMRG_14510	0.999
GRCh38_CMRG_9428	0.999
GRCh38_CMRG_54195	0.999
GRCh38_CMRG_50781	0.999
GRCh38_CMRG_49061	0.999
GRCh38_CMRG_65832	0.999
GRCh38_CMRG_75613	0.999
GRCh38_CMRG_17900	0.999
GRCh38_CMRG_47238	0.999
GRCh38_CMRG_47515	0.999
GRCh38_CMRG_36490	0.999
GRCh38_CMRG_13916	0.999
GRCh38_CMRG_82858	0.999
GRCh38_CMRG_9547	0.999
GRCh38_CMRG_74542	0.999
GRCh38_CMRG_11558	0.999
GRCh38_CMRG_73316	0.999
GRCh38_CMRG_18172	0.999
GRCh38_CMRG_689	0.999
GRCh38_CMRG_44352	0.999
GRCh38_CMRG_52372	0.999
GRCh38_CMRG_27037	0.999
GRCh38_CMRG_55693	0.999
GRCh38_CMRG_15400	0.999
GRCh38_CMRG_55144	0.999
GRCh38_CMRG_29834	0.999
GRCh38_CMRG_19312	0.999
GRCh38_CMRG_7396	0.999
GRCh38_CMRG_70451	0.999
GRCh38_CMRG_29763	0.999
GRCh38_CMRG_12888	0.999
GRCh38_CMRG_26438	0.999
GRCh38_CMRG_36561	0.999
GRCh38_CMRG_74274	0.999
GRCh38_CMRG_8473	0.999
GRCh38_CMRG_28754	0.999
GRCh38_CMRG_25193	0.999
GRCh38_CMRG_19313	0.999
GRCh38_CMRG_2780	0.999
GRCh38_CMRG_73199	0.999
GRCh38_CMRG_7321	0.999
GRCh38_CMRG_5986	0.999
GRCh38_CMRG_45656	0.999
GRCh38_CMRG_73561	0.999
GRCh38_CMRG_37419	0.999
GRCh38_CMRG_58671	0.999
GRCh38_CMRG_79837	0.999
GRCh38_CMRG_19828	0.999
GRCh38_CMRG_26700	0.999
GRCh38_CMRG_74119	0.999
GRCh38_CMRG_26735	0.999
GRCh38_CMRG_47854	0.999
GRCh38_CMRG_82340	0.999
GRCh38_CMRG_59923	0.999
GRCh38_CMRG_15379	0.999
GRCh38_CMRG_45912	0.999
GRCh38_CMRG_59056	0.999
GRCh38_CMRG_14861	0.999
GRCh38_CMRG_83732	0.999
GRCh38_CMRG_16458	0.999
GRCh38_CMRG_11543	0.999
GRCh38_CMRG_15480	0.999
GRCh38_CMRG_54164	0.999
GRCh38_CMRG_55016	0.999
GRCh38_CMRG_34446	0.999
GRCh38_CMRG_9404	0.999
GRCh38_CMRG_8409	0.999
GRCh38_CMRG_73087	0.999
GRCh38_CMRG_12418	0.999
GRCh38_CMRG_14458	0.999
GRCh38_CMRG_43732	0.999
GRCh38_CMRG_75	0.999
GRCh38_CMRG_7557	0.999
GRCh38_CMRG_48692	0.999
GRCh38_CMRG_58053	0.999
GRCh38_CMRG_70625	0.999
GRCh38_CMRG_37821	0.999
GRCh38_CMRG_27485	0.999
GRCh38_CMRG_32725	0.999
GRCh38_CMRG_25048	0.999
GRCh38_CMRG_8184	0.999
GRCh38_CMRG_36019	0.999
GRCh38_CMRG_13968	0.999
GRCh38_CMRG_11819	0.999
GRCh38_CMRG_18265	0.999
GRCh38_CMRG_9350	0.999
GRCh38_CMRG_72213	0.999
GRCh38_CMRG_74541	0.999
GRCh38_CMRG_81578	0.999
GRCh38_CMRG_59819	0.999
GRCh38_CMRG_81906	0.999
GRCh38_CMRG_36687	0.999
GRCh38_CMRG_32210	0.999
GRCh38_CMRG_54174	0.999
GRCh38_CMRG_44386	0.999
GRCh38_CMRG_16752	0.999
GRCh38_CMRG_34057	0.999
GRCh38_CMRG_60297	0.999
GRCh38_CMRG_29497	0.999
GRCh38_CMRG_59596	0.999
GRCh38_CMRG_59108	0.999
GRCh38_CMRG_26599	0.999
GRCh38_CMRG_24871	0.999
GRCh38_CMRG_9744	0.999
GRCh38_CMRG_30769	0.999
GRCh38_CMRG_53904	0.999
GRCh38_CMRG_50987	0.999
GRCh38_CMRG_14022	0.999
GRCh38_CMRG_16841	0.999
GRCh38_CMRG_38108	0.999
GRCh38_CMRG_52707	0.999
GRCh38_CMRG_83182	0.999
GRCh38_CMRG_7533	0.999
GRCh38_CMRG_23103	0.999
GRCh38_CMRG_70689	0.999
GRCh38_CMRG_73054	0.999
GRCh38_CMRG_83595	0.999
GRCh38_CMRG_17024	0.999
GRCh38_CMRG_13956	0.999
GRCh38_CMRG_37663	0.999
GRCh38_CMRG_1155	0.999
GRCh38_CMRG_73957	0.999
GRCh38_CMRG_67613	0.999
GRCh38_CMRG_25277	0.999
GRCh38_CMRG_21296	0.999
GRCh38_CMRG_12008	0.999
GRCh38_CMRG_47993	0.999
GRCh38_CMRG_54592	0.999
GRCh38_CMRG_25838	0.999
GRCh38_CMRG_613	0.999
GRCh38_CMRG_14433	0.999
GRCh38_CMRG_36300	0.999
GRCh38_CMRG_50947	0.999
GRCh38_CMRG_84508	0.999
GRCh38_CMRG_2348	0.999
GRCh38_CMRG_81377	0.999
GRCh38_CMRG_15333	0.999
GRCh38_CMRG_6229	0.999
GRCh38_CMRG_45613	0.999
GRCh38_CMRG_53832	0.999
GRCh38_CMRG_41750	0.999
GRCh38_CMRG_54437	0.999
GRCh38_CMRG_58285	0.999
GRCh38_CMRG_46250	0.999
GRCh38_CMRG_37449	0.999
GRCh38_CMRG_52181	0.999
GRCh38_CMRG_60374	0.999
GRCh38_CMRG_17658	0.999
GRCh38_CMRG_46515	0.999
GRCh38_CMRG_73560	0.999
GRCh38_CMRG_70285	0.999
GRCh38_CMRG_61389	0.999
GRCh38_CMRG_45911	0.999
GRCh38_CMRG_34248	0.999
GRCh38_CMRG_69405	0.999
GRCh38_CMRG_54192	0.999
GRCh38_CMRG_54989	0.999
GRCh38_CMRG_53477	0.999
GRCh38_CMRG_27836	0.999
GRCh38_CMRG_70186	0.999
GRCh38_CMRG_14243	0.999
GRCh38_CMRG_26010	0.999
GRCh38_CMRG_15457	0.999
GRCh38_CMRG_55600	0.999
GRCh38_CMRG_74459	0.999
GRCh38_CMRG_50168	0.999
GRCh38_CMRG_54368	0.999
GRCh38_CMRG_9365	0.999
GRCh38_CMRG_34152	0.999
GRCh38_CMRG_76828	0.999
GRCh38_CMRG_46102	0.999
GRCh38_CMRG_52296	0.999
GRCh38_CMRG_71028	0.999
GRCh38_CMRG_74949	0.999
GRCh38_CMRG_1046	0.999
GRCh38_CMRG_70399	0.999
GRCh38_CMRG_54880	0.999
GRCh38_CMRG_58929	0.999
GRCh38_CMRG_58202	0.999
GRCh38_CMRG_37038	0.999
GRCh38_CMRG_44728	0.999
GRCh38_CMRG_54309	0.999
GRCh38_CMRG_66960	0.999
GRCh38_CMRG_11207	0.999
GRCh38_CMRG_27078	0.999
GRCh38_CMRG_12545	0.999
GRCh38_CMRG_75022	0.999
GRCh38_CMRG_62419	0.999
GRCh38_CMRG_58060	0.999
GRCh38_CMRG_44592	0.999
GRCh38_CMRG_47950	0.999
GRCh38_CMRG_74660	0.999
GRCh38_CMRG_53478	0.999
GRCh38_CMRG_17878	0.999
GRCh38_CMRG_8636	0.999
GRCh38_CMRG_54402	0.999
GRCh38_CMRG_81842	0.999
GRCh38_CMRG_53216	0.999
GRCh38_CMRG_60272	0.999
GRCh38_CMRG_23102	0.999
GRCh38_CMRG_69589	0.999
GRCh38_CMRG_36995	0.999
GRCh38_CMRG_47879	0.999
GRCh38_CMRG_69396	0.999
GRCh38_CMRG_73358	0.999
GRCh38_CMRG_28579	0.999
GRCh38_CMRG_14268	0.999
GRCh38_CMRG_51392	0.999
GRCh38_CMRG_2154	0.999
GRCh38_CMRG_17527	0.999
GRCh38_CMRG_12653	0.999
GRCh38_CMRG_14716	0.999
GRCh38_CMRG_50216	0.999
GRCh38_CMRG_9227	0.999
GRCh38_CMRG_77243	0.999
GRCh38_CMRG_17721	0.999
GRCh38_CMRG_60462	0.999
GRCh38_CMRG_15456	0.999
GRCh38_CMRG_11939	0.999
GRCh38_CMRG_1699	0.999
GRCh38_CMRG_73921	0.999
GRCh38_CMRG_7254	0.999
GRCh38_CMRG_34093	0.999
GRCh38_CMRG_53046	0.999
GRCh38_CMRG_60347	0.999
GRCh38_CMRG_50880	0.999
GRCh38_CMRG_53977	0.999
GRCh38_CMRG_13182	0.999
GRCh38_CMRG_638	0.999
GRCh38_CMRG_22705	0.999
GRCh38_CMRG_83731	0.999
GRCh38_CMRG_45982	0.999
GRCh38_CMRG_74130	0.999
GRCh38_CMRG_12157	0.999
GRCh38_CMRG_67589	0.999
GRCh38_CMRG_83900	0.999
GRCh38_CMRG_14271	0.999
GRCh38_CMRG_17976	0.999
GRCh38_CMRG_16755	0.999
GRCh38_CMRG_45867	0.999
GRCh38_CMRG_53657	0.999
GRCh38_CMRG_33946	0.999
GRCh38_CMRG_7167	0.999
GRCh38_CMRG_37163	0.999
GRCh38_CMRG_58119	0.999
GRCh38_CMRG_58391	0.999
GRCh38_CMRG_59764	0.999
GRCh38_CMRG_18607	0.999
GRCh38_CMRG_34324	0.999
GRCh38_CMRG_6956	0.999
GRCh38_CMRG_25168	0.999
GRCh38_CMRG_55261	0.999
GRCh38_CMRG_51037	0.999
GRCh38_CMRG_30617	0.999
GRCh38_CMRG_31285	0.999
GRCh38_CMRG_36730	0.999
GRCh38_CMRG_37864	0.999
GRCh38_CMRG_36128	0.999
GRCh38_CMRG_2153	0.999
GRCh38_CMRG_1643	0.999
GRCh38_CMRG_18356	0.999
GRCh38_CMRG_198	0.999
GRCh38_CMRG_44797	0.999
GRCh38_CMRG_73993	0.999
GRCh38_CMRG_5943	0.999
GRCh38_CMRG_36879	0.999
GRCh38_CMRG_6918	0.999
GRCh38_CMRG_59820	0.999
GRCh38_CMRG_58328	0.999
GRCh38_CMRG_23191	0.999
GRCh38_CMRG_32726	0.999
GRCh38_CMRG_21529	0.999
GRCh38_CMRG_83173	0.999
GRCh38_CMRG_44016	0.999
GRCh38_CMRG_73578	0.999
GRCh38_CMRG_14130	0.999
GRCh38_CMRG_47148	0.999
GRCh38_CMRG_10497	0.999
GRCh38_CMRG_37605	0.999
GRCh38_CMRG_68721	0.999
GRCh38_CMRG_58141	0.999
GRCh38_CMRG_6200	0.999
GRCh38_CMRG_52577	0.999
GRCh38_CMRG_70309	0.999
GRCh38_CMRG_31449	0.999
GRCh38_CMRG_16554	0.999
GRCh38_CMRG_48311	0.999
GRCh38_CMRG_8249	0.999
GRCh38_CMRG_77522	0.999
GRCh38_CMRG_17738	0.999
GRCh38_CMRG_24047	0.999
GRCh38_CMRG_46228	0.999
GRCh38_CMRG_51405	0.999
GRCh38_CMRG_9714	0.999
GRCh38_CMRG_77316	0.999
GRCh38_CMRG_2349	0.999
GRCh38_CMRG_14618	0.999
GRCh38_CMRG_83999	0.999
GRCh38_CMRG_83231	0.999
GRCh38_CMRG_9015	0.999
GRCh38_CMRG_34785	0.999
GRCh38_CMRG_36479	0.999
GRCh38_CMRG_83130	0.999
GRCh38_CMRG_51234	0.999
GRCh38_CMRG_83187	0.999
GRCh38_CMRG_2462	0.999
GRCh38_CMRG_53355	0.999
GRCh38_CMRG_52734	0.999
GRCh38_CMRG_36998	0.999
GRCh38_CMRG_73740	0.999
GRCh38_CMRG_53938	0.999
GRCh38_CMRG_51611	0.999
GRCh38_CMRG_27574	0.999
GRCh38_CMRG_37018	0.999
GRCh38_CMRG_34323	0.999
GRCh38_CMRG_74073	0.999
GRCh38_CMRG_15088	0.999
GRCh38_CMRG_51190	0.999
GRCh38_CMRG_53089	0.999
GRCh38_CMRG_74418	0.999
GRCh38_CMRG_75605	0.999
GRCh38_CMRG_58684	0.999
GRCh38_CMRG_14002	0.999
GRCh38_CMRG_69342	0.999
GRCh38_CMRG_58138	0.999
GRCh38_CMRG_6005	0.999
GRCh38_CMRG_15154	0.999
GRCh38_CMRG_64542	0.999
GRCh38_CMRG_51715	0.999
GRCh38_CMRG_37734	0.999
GRCh38_CMRG_37121	0.999
GRCh38_CMRG_46434	0.999
GRCh38_CMRG_58672	0.999
GRCh38_CMRG_31219	0.999
GRCh38_CMRG_49869	0.999
GRCh38_CMRG_6792	0.999
GRCh38_CMRG_16762	0.999
GRCh38_CMRG_17733	0.999
GRCh38_CMRG_55220	0.999
GRCh38_CMRG_50979	0.999
GRCh38_CMRG_50952	0.999
GRCh38_CMRG_67602	0.999
GRCh38_CMRG_54326	0.999
GRCh38_CMRG_48308	0.999
GRCh38_CMRG_45981	0.999
GRCh38_CMRG_47240	0.999
GRCh38_CMRG_19303	0.999
GRCh38_CMRG_58327	0.999
GRCh38_CMRG_54480	0.999
GRCh38_CMRG_14396	0.999
GRCh38_CMRG_9044	0.999
GRCh38_CMRG_68720	0.999
GRCh38_CMRG_28275	0.999
GRCh38_CMRG_12498	0.999
GRCh38_CMRG_10748	0.999
GRCh38_CMRG_55322	0.999
GRCh38_CMRG_65825	0.999
GRCh38_CMRG_51264	0.999
GRCh38_CMRG_54236	0.999
GRCh38_CMRG_1236	0.999
GRCh38_CMRG_47302	0.999
GRCh38_CMRG_50631	0.999
GRCh38_CMRG_84237	0.999
GRCh38_CMRG_74265	0.999
GRCh38_CMRG_84021	0.999
GRCh38_CMRG_75493	0.999
GRCh38_CMRG_81470	0.999
GRCh38_CMRG_54173	0.999
GRCh38_CMRG_70286	0.999
GRCh38_CMRG_12796	0.999
GRCh38_CMRG_50092	0.999
GRCh38_CMRG_58452	0.999
GRCh38_CMRG_50493	0.999
GRCh38_CMRG_6234	0.999
GRCh38_CMRG_34555	0.999
GRCh38_CMRG_59362	0.999
GRCh38_CMRG_21187	0.999
GRCh38_CMRG_32218	0.999
GRCh38_CMRG_53009	0.999
GRCh38_CMRG_36357	0.999
GRCh38_CMRG_36045	0.999
GRCh38_CMRG_74196	0.999
GRCh38_CMRG_83168	0.999
GRCh38_CMRG_49112	0.999
GRCh38_CMRG_43740	0.999
GRCh38_CMRG_52275	0.999
GRCh38_CMRG_47295	0.999
GRCh38_CMRG_34292	0.999
GRCh38_CMRG_54113	0.999
GRCh38_CMRG_14335	0.999
GRCh38_CMRG_83427	0.999
GRCh38_CMRG_14891	0.999
GRCh38_CMRG_9759	0.999
GRCh38_CMRG_74724	0.999
GRCh38_CMRG_14466	0.999
GRCh38_CMRG_54070	0.999
GRCh38_CMRG_81843	0.999
GRCh38_CMRG_51774	0.999
GRCh38_CMRG_26468	0.999
GRCh38_CMRG_31540	0.999
GRCh38_CMRG_58705	0.999
GRCh38_CMRG_26991	0.999
GRCh38_CMRG_49062	0.999
GRCh38_CMRG_74020	0.999
GRCh38_CMRG_7731	0.999
GRCh38_CMRG_52981	0.999
GRCh38_CMRG_27652	0.999
GRCh38_CMRG_10611	0.999
GRCh38_CMRG_7843	0.999
GRCh38_CMRG_22058	0.999
GRCh38_CMRG_13343	0.999
GRCh38_CMRG_43640	0.999
GRCh38_CMRG_74019	0.999
GRCh38_CMRG_84128	0.999
GRCh38_CMRG_9537	0.999
GRCh38_CMRG_50739	0.999
GRCh38_CMRG_14959	0.999
GRCh38_CMRG_13863	0.999
GRCh38_CMRG_73763	0.999
GRCh38_CMRG_34483	0.999
GRCh38_CMRG_8385	0.999
GRCh38_CMRG_11067	0.999
GRCh38_CMRG_11178	0.999
GRCh38_CMRG_12417	0.999
GRCh38_CMRG_33515	0.999
GRCh38_CMRG_34255	0.999
GRCh38_CMRG_53597	0.999
GRCh38_CMRG_69392	0.999
GRCh38_CMRG_16631	0.999
GRCh38_CMRG_41499	0.999
GRCh38_CMRG_51430	0.999
GRCh38_CMRG_32052	0.999
GRCh38_CMRG_51014	0.999
GRCh38_CMRG_82165	0.999
GRCh38_CMRG_10512	0.999
GRCh38_CMRG_81466	0.999
GRCh38_CMRG_60365	0.999
GRCh38_CMRG_11949	0.999
GRCh38_CMRG_17693	0.999
GRCh38_CMRG_59050	0.999
GRCh38_CMRG_73337	0.999
GRCh38_CMRG_70695	0.999
GRCh38_CMRG_76817	0.999
GRCh38_CMRG_52918	0.999
GRCh38_CMRG_9557	0.999
GRCh38_CMRG_23522	0.999
GRCh38_CMRG_51678	0.999
GRCh38_CMRG_74532	0.999
GRCh38_CMRG_37641	0.999
GRCh38_CMRG_55138	0.999
GRCh38_CMRG_6385	0.999
GRCh38_CMRG_18418	0.999
GRCh38_CMRG_69530	0.999
GRCh38_CMRG_6094	0.999
GRCh38_CMRG_50133	0.999
GRCh38_CMRG_22961	0.999
GRCh38_CMRG_46273	0.999
GRCh38_CMRG_9507	0.999
GRCh38_CMRG_67400	0.999
GRCh38_CMRG_48039	0.999
GRCh38_CMRG_1253	0.999
GRCh38_CMRG_37587	0.999
GRCh38_CMRG_34732	0.999
GRCh38_CMRG_30975	0.999
GRCh38_CMRG_15087	0.999
GRCh38_CMRG_36018	0.999
GRCh38_CMRG_13919	0.999
GRCh38_CMRG_18171	0.999
GRCh38_CMRG_6509	0.999
GRCh38_CMRG_16778	0.999
GRCh38_CMRG_23017	0.999
GRCh38_CMRG_53074	0.999
GRCh38_CMRG_6782	0.999
GRCh38_CMRG_24627	0.999
GRCh38_CMRG_51675	0.999
GRCh38_CMRG_2430	0.999
GRCh38_CMRG_26432	0.999
GRCh38_CMRG_83004	0.999
GRCh38_CMRG_51036	0.999
GRCh38_CMRG_13377	0.999
GRCh38_CMRG_51747	0.999
GRCh38_CMRG_68939	0.999
GRCh38_CMRG_54746	0.999
GRCh38_CMRG_50766	0.999
GRCh38_CMRG_33121	0.999
GRCh38_CMRG_36991	0.999
GRCh38_CMRG_1285	0.999
GRCh38_CMRG_37082	0.999
GRCh38_CMRG_53110	0.999
GRCh38_CMRG_10940	0.999
GRCh38_CMRG_17386	0.999
GRCh38_CMRG_19389	0.999
GRCh38_CMRG_17109	0.999
GRCh38_CMRG_36623	0.999
GRCh38_CMRG_6894	0.999
GRCh38_CMRG_32608	0.999
GRCh38_CMRG_14890	0.999
GRCh38_CMRG_45737	0.999
GRCh38_CMRG_15030	0.999
GRCh38_CMRG_55722	0.999
GRCh38_CMRG_13951	0.999
GRCh38_CMRG_13873	0.999
GRCh38_CMRG_52912	0.999
GRCh38_CMRG_5942	0.999
GRCh38_CMRG_52889	0.999
GRCh38_CMRG_69304	0.999
GRCh38_CMRG_690	0.999
GRCh38_CMRG_11672	0.999
GRCh38_CMRG_14701	0.999
GRCh38_CMRG_9668	0.999
GRCh38_CMRG_73760	0.999
GRCh38_CMRG_58749	0.999
GRCh38_CMRG_18041	0.999
GRCh38_CMRG_15514	0.999
GRCh38_CMRG_69216	0.999
GRCh38_CMRG_8023	0.999
GRCh38_CMRG_25125	0.999
GRCh38_CMRG_5838	0.999
GRCh38_CMRG_9154	0.999
GRCh38_CMRG_14622	0.999
GRCh38_CMRG_8791	0.999
GRCh38_CMRG_58291	0.999
GRCh38_CMRG_36446	0.999
GRCh38_CMRG_74912	0.999
GRCh38_CMRG_73735	0.999
GRCh38_CMRG_65826	0.999
GRCh38_CMRG_60111	0.999
GRCh38_CMRG_15106	0.999
GRCh38_CMRG_76963	0.999
GRCh38_CMRG_37154	0.999
GRCh38_CMRG_17756	0.999
GRCh38_CMRG_48638	0.999
GRCh38_CMRG_15521	0.999
GRCh38_CMRG_58189	0.999
GRCh38_CMRG_52373	0.999
GRCh38_CMRG_69054	0.999
GRCh38_CMRG_35725	0.999
GRCh38_CMRG_14054	0.999
GRCh38_CMRG_29103	0.999
GRCh38_CMRG_504	0.999
GRCh38_CMRG_37845	0.999
GRCh38_CMRG_6334	0.999
GRCh38_CMRG_67173	0.999
GRCh38_CMRG_58123	0.999
GRCh38_CMRG_55011	0.999
GRCh38_CMRG_14311	0.999
GRCh38_CMRG_69529	0.999
GRCh38_CMRG_47091	0.999
GRCh38_CMRG_83197	0.999
GRCh38_CMRG_79103	0.999
GRCh38_CMRG_55496	0.999
GRCh38_CMRG_16828	0.999
GRCh38_CMRG_19846	0.999
GRCh38_CMRG_13103	0.999
GRCh38_CMRG_14371	0.999
GRCh38_CMRG_2797	0.999
GRCh38_CMRG_48158	0.999
GRCh38_CMRG_50740	0.999
GRCh38_CMRG_37668	0.999
GRCh38_CMRG_23126	0.999
GRCh38_CMRG_53354	0.999
GRCh38_CMRG_13256	0.999
GRCh38_CMRG_45995	0.999
GRCh38_CMRG_13820	0.999
GRCh38_CMRG_47035	0.999
GRCh38_CMRG_16998	0.999
GRCh38_CMRG_34435	0.999
GRCh38_CMRG_48783	0.999
GRCh38_CMRG_21989	0.999
GRCh38_CMRG_69367	0.999
GRCh38_CMRG_83537	0.999
GRCh38_CMRG_50919	0.999
GRCh38_CMRG_9175	0.999
GRCh38_CMRG_67202	0.999
GRCh38_CMRG_26009	0.999
GRCh38_CMRG_5839	0.999
GRCh38_CMRG_70613	0.999
GRCh38_CMRG_82907	0.999
GRCh38_CMRG_69866	0.999
GRCh38_CMRG_36540	0.999
GRCh38_CMRG_13473	0.999
GRCh38_CMRG_16451	0.999
GRCh38_CMRG_6092	0.999
GRCh38_CMRG_7039	0.999
GRCh38_CMRG_41078	0.999
GRCh38_CMRG_53146	0.999
GRCh38_CMRG_70096	0.999
GRCh38_CMRG_7661	0.999
GRCh38_CMRG_6559	0.999
GRCh38_CMRG_82894	0.999
GRCh38_CMRG_37055	0.999
GRCh38_CMRG_25049	0.999
GRCh38_CMRG_51854	0.999
GRCh38_CMRG_50767	0.999
GRCh38_CMRG_72084	0.999
GRCh38_CMRG_8642	0.999
GRCh38_CMRG_51233	0.999
GRCh38_CMRG_81336	0.999
GRCh38_CMRG_104	0.999
GRCh38_CMRG_21283	0.999
GRCh38_CMRG_36065	0.999
GRCh38_CMRG_31575	0.999
GRCh38_CMRG_79460	0.999
GRCh38_CMRG_54911	0.999
GRCh38_CMRG_50978	0.999
GRCh38_CMRG_55221	0.999
GRCh38_CMRG_1899	0.999
GRCh38_CMRG_8734	0.999
GRCh38_CMRG_81444	0.999
GRCh38_CMRG_36615	0.999
GRCh38_CMRG_14675	0.999
GRCh38_CMRG_7207	0.999
GRCh38_CMRG_1191	0.999
GRCh38_CMRG_69773	0.999
GRCh38_CMRG_13028	0.999
GRCh38_CMRG_52251	0.999
GRCh38_CMRG_25247	0.999
GRCh38_CMRG_55015	0.999
GRCh38_CMRG_31527	0.999
GRCh38_CMRG_5939	0.999
GRCh38_CMRG_52029	0.999
GRCh38_CMRG_37248	0.999
GRCh38_CMRG_74837	0.999
GRCh38_CMRG_65614	0.999
GRCh38_CMRG_54990	0.999
GRCh38_CMRG_8497	0.999
GRCh38_CMRG_46137	0.999
GRCh38_CMRG_7363	0.999
GRCh38_CMRG_44709	0.999
GRCh38_CMRG_42558	0.999
GRCh38_CMRG_13542	0.999
GRCh38_CMRG_59208	0.999
GRCh38_CMRG_53113	0.999
GRCh38_CMRG_83431	0.999
GRCh38_CMRG_36222	0.999
GRCh38_CMRG_74596	0.999
GRCh38_CMRG_15089	0.999
GRCh38_CMRG_53210	0.999
GRCh38_CMRG_11066	0.999
GRCh38_CMRG_61319	0.999
GRCh38_CMRG_75604	0.999
GRCh38_CMRG_83384	0.999
GRCh38_CMRG_7668	0.999
GRCh38_CMRG_60138	0.999
GRCh38_CMRG_197	0.999
GRCh38_CMRG_694	0.999
GRCh38_CMRG_58613	0.999
GRCh38_CMRG_70476	0.999
GRCh38_CMRG_578	0.999
GRCh38_CMRG_44083	0.999
GRCh38_CMRG_10804	0.999
GRCh38_CMRG_73251	0.999
GRCh38_CMRG_14683	0.999
GRCh38_CMRG_59232	0.999
GRCh38_CMRG_49749	0.999
GRCh38_CMRG_81469	0.999
GRCh38_CMRG_14423	0.999
GRCh38_CMRG_18580	0.999
GRCh38_CMRG_54193	0.999
GRCh38_CMRG_45605	0.999
GRCh38_CMRG_59915	0.999
GRCh38_CMRG_34470	0.999
GRCh38_CMRG_36723	0.999
GRCh38_CMRG_54497	0.999
GRCh38_CMRG_36422	0.999
GRCh38_CMRG_9117	0.999
GRCh38_CMRG_12773	0.999
GRCh38_CMRG_14712	0.999
GRCh38_CMRG_29102	0.999
GRCh38_CMRG_8420	0.999
GRCh38_CMRG_43739	0.999
GRCh38_CMRG_13824	0.999
GRCh38_CMRG_31897	0.999
GRCh38_CMRG_10907	0.999
GRCh38_CMRG_60900	0.999
GRCh38_CMRG_34497	0.999
GRCh38_CMRG_17840	0.999
GRCh38_CMRG_83417	0.999
GRCh38_CMRG_70614	0.999
GRCh38_CMRG_54766	0.999
GRCh38_CMRG_48689	0.999
GRCh38_CMRG_38149	0.999
GRCh38_CMRG_58809	0.999
GRCh38_CMRG_19206	0.999
GRCh38_CMRG_52621	0.999
GRCh38_CMRG_58752	0.999
GRCh38_CMRG_614	0.999
GRCh38_CMRG_36169	0.999
GRCh38_CMRG_7393	0.999
GRCh38_CMRG_46385	0.999
GRCh38_CMRG_24902	0.999
GRCh38_CMRG_8736	0.999
GRCh38_CMRG_9399	0.999
GRCh38_CMRG_36504	0.999
GRCh38_CMRG_52890	0.999
GRCh38_CMRG_58489	0.999
GRCh38_CMRG_74197	0.999
GRCh38_CMRG_52832	0.999
GRCh38_CMRG_6809	0.999
GRCh38_CMRG_69377	0.999
GRCh38_CMRG_53223	0.999
GRCh38_CMRG_36671	0.999
GRCh38_CMRG_84290	0.999
GRCh38_CMRG_10761	0.999
GRCh38_CMRG_52966	0.999
GRCh38_CMRG_36174	0.999
GRCh38_CMRG_52735	0.999
GRCh38_CMRG_37215	0.999
GRCh38_CMRG_84584	0.999
GRCh38_CMRG_54110	0.999
GRCh38_CMRG_54180	0.999
GRCh38_CMRG_8431	0.999
GRCh38_CMRG_11862	0.999
GRCh38_CMRG_12738	0.999
GRCh38_CMRG_74378	0.999
GRCh38_CMRG_14817	0.999
GRCh38_CMRG_2474	0.999
GRCh38_CMRG_73685	0.999
GRCh38_CMRG_48712	0.999
GRCh38_CMRG_75095	0.999
GRCh38_CMRG_36038	0.999
GRCh38_CMRG_31844	0.999
GRCh38_CMRG_41500	0.999
GRCh38_CMRG_48869	0.999
GRCh38_CMRG_51763	0.999
GRCh38_CMRG_35548	0.999
GRCh38_CMRG_48116	0.999
GRCh38_CMRG_46388	0.999
GRCh38_CMRG_70733	0.999
GRCh38_CMRG_46191	0.999
GRCh38_CMRG_44750	0.999
GRCh38_CMRG_53918	0.999
GRCh38_CMRG_80075	0.999
GRCh38_CMRG_72711	0.999
GRCh38_CMRG_70564	0.999
GRCh38_CMRG_53946	0.999
GRCh38_CMRG_11508	0.999
GRCh38_CMRG_1237	0.999
GRCh38_CMRG_47873	0.999
GRCh38_CMRG_77295	0.999
GRCh38_CMRG_14021	0.999
GRCh38_CMRG_11636	0.999
GRCh38_CMRG_58994	0.999
GRCh38_CMRG_73405	0.999
GRCh38_CMRG_82944	0.999
GRCh38_CMRG_37877	0.999
GRCh38_CMRG_54595	0.999
GRCh38_CMRG_12704	0.999
GRCh38_CMRG_46333	0.999
GRCh38_CMRG_54479	0.999
GRCh38_CMRG_45734	0.999
GRCh38_CMRG_82167	0.999
GRCh38_CMRG_14232	0.999
GRCh38_CMRG_13931	0.999
GRCh38_CMRG_65607	0.999
GRCh38_CMRG_11905	0.999
GRCh38_CMRG_13872	0.999
GRCh38_CMRG_84010	0.999
GRCh38_CMRG_31864	0.999
GRCh38_CMRG_66100	0.999
GRCh38_CMRG_36519	0.999
GRCh38_CMRG_73808	0.999
GRCh38_CMRG_54112	0.999
GRCh38_CMRG_6910	0.999
GRCh38_CMRG_46387	0.999
GRCh38_CMRG_9371	0.999
GRCh38_CMRG_51272	0.999
GRCh38_CMRG_67428	0.999
GRCh38_CMRG_82986	0.999
GRCh38_CMRG_12442	0.999
GRCh38_CMRG_36814	0.999
GRCh38_CMRG_59965	0.999
GRCh38_CMRG_69750	0.999
GRCh38_CMRG_16763	0.999
GRCh38_CMRG_81378	0.999
GRCh38_CMRG_13189	0.999
GRCh38_CMRG_34701	0.999
GRCh38_CMRG_13632	0.999
GRCh38_CMRG_6793	0.999
GRCh38_CMRG_12652	0.999
GRCh38_CMRG_13788	0.999
GRCh38_CMRG_36337	0.999
GRCh38_CMRG_389	0.999
GRCh38_CMRG_58054	0.999
GRCh38_CMRG_2568	0.999
GRCh38_CMRG_54635	0.999
GRCh38_CMRG_14529	0.999
GRCh38_CMRG_54671	0.999
GRCh38_CMRG_83018	0.999
GRCh38_CMRG_8715	0.999
GRCh38_CMRG_55497	0.999
GRCh38_CMRG_37532	0.999
GRCh38_CMRG_18042	0.999
GRCh38_CMRG_37111	0.999
GRCh38_CMRG_50091	0.999
GRCh38_CMRG_65661	0.999
GRCh38_CMRG_37019	0.999
GRCh38_CMRG_693	0.999
GRCh38_CMRG_72281	0.999
GRCh38_CMRG_107	0.999
GRCh38_CMRG_11480	0.999
GRCh38_CMRG_74356	0.999
GRCh38_CMRG_53108	0.999
GRCh38_CMRG_36044	0.999
GRCh38_CMRG_14511	0.999
GRCh38_CMRG_28506	0.999
GRCh38_CMRG_51015	0.999
GRCh38_CMRG_83618	0.999
GRCh38_CMRG_73918	0.999
GRCh38_CMRG_44084	0.999
GRCh38_CMRG_7040	0.999
GRCh38_CMRG_45535	0.999
GRCh38_CMRG_45569	0.999
GRCh38_CMRG_68579	0.999
GRCh38_CMRG_15608	0.999
GRCh38_CMRG_69431	0.999
GRCh38_CMRG_74772	0.999
GRCh38_CMRG_74886	0.999
GRCh38_CMRG_70389	0.999
GRCh38_CMRG_73619	0.999
GRCh38_CMRG_44708	0.999
GRCh38_CMRG_37035	0.999
GRCh38_CMRG_54557	0.999
GRCh38_CMRG_74359	0.999
GRCh38_CMRG_69528	0.999
GRCh38_CMRG_16453	0.999
GRCh38_CMRG_27420	0.999
GRCh38_CMRG_37164	0.999
GRCh38_CMRG_17764	0.999
GRCh38_CMRG_26434	0.999
GRCh38_CMRG_9538	0.999
GRCh38_CMRG_55135	0.999
GRCh38_CMRG_20850	0.999
GRCh38_CMRG_7208	0.999
GRCh38_CMRG_51450	0.999
GRCh38_CMRG_9403	0.999
GRCh38_CMRG_14709	0.999
GRCh38_CMRG_11776	0.999
GRCh38_CMRG_26635	0.999
GRCh38_CMRG_13368	0.999
GRCh38_CMRG_59675	0.998
GRCh38_CMRG_40752	0.998
GRCh38_CMRG_48393	0.998
GRCh38_CMRG_61252	0.998
GRCh38_CMRG_62519	0.998
GRCh38_CMRG_68707	0.998
GRCh38_CMRG_58795	0.998
GRCh38_CMRG_47709	0.998
GRCh38_CMRG_21916	0.998
GRCh38_CMRG_29569	0.998
GRCh38_CMRG_21034	0.998
GRCh38_CMRG_59663	0.998
GRCh38_CMRG_72386	0.998
GRCh38_CMRG_19232	0.998
GRCh38_CMRG_65481	0.998
GRCh38_CMRG_59369	0.998
GRCh38_CMRG_19230	0.998
GRCh38_CMRG_49109	0.998
GRCh38_CMRG_20939	0.998
GRCh38_CMRG_29674	0.998
GRCh38_CMRG_69768	0.998
GRCh38_CMRG_51120	0.998
GRCh38_CMRG_19356	0.998
GRCh38_CMRG_8375	0.998
GRCh38_CMRG_72742	0.998
GRCh38_CMRG_11948	0.998
GRCh38_CMRG_59966	0.998
GRCh38_CMRG_58536	0.998
GRCh38_CMRG_19990	0.998
GRCh38_CMRG_8442	0.998
GRCh38_CMRG_41158	0.998
GRCh38_CMRG_19011	0.998
GRCh38_CMRG_61010	0.998
GRCh38_CMRG_72734	0.998
GRCh38_CMRG_11302	0.998
GRCh38_CMRG_33450	0.998
GRCh38_CMRG_22701	0.998
GRCh38_CMRG_59537	0.998
GRCh38_CMRG_61952	0.998
GRCh38_CMRG_63418	0.998
GRCh38_CMRG_9633	0.998
GRCh38_CMRG_8810	0.998
GRCh38_CMRG_44946	0.998
GRCh38_CMRG_61927	0.998
GRCh38_CMRG_59497	0.998
GRCh38_CMRG_9592	0.998
GRCh38_CMRG_21777	0.998
GRCh38_CMRG_41927	0.998
GRCh38_CMRG_31661	0.998
GRCh38_CMRG_71456	0.998
GRCh38_CMRG_19245	0.998
GRCh38_CMRG_21763	0.998
GRCh38_CMRG_83897	0.998
GRCh38_CMRG_40104	0.998
GRCh38_CMRG_32984	0.998
GRCh38_CMRG_59158	0.998
GRCh38_CMRG_29646	0.998
GRCh38_CMRG_41536	0.998
GRCh38_CMRG_59119	0.998
GRCh38_CMRG_69769	0.998
GRCh38_CMRG_71885	0.998
GRCh38_CMRG_83885	0.998
GRCh38_CMRG_72121	0.998
GRCh38_CMRG_72735	0.998
GRCh38_CMRG_50754	0.998
GRCh38_CMRG_60097	0.998
GRCh38_CMRG_23471	0.998
GRCh38_CMRG_61385	0.998
GRCh38_CMRG_40231	0.998
GRCh38_CMRG_64949	0.998
GRCh38_CMRG_10694	0.998
GRCh38_CMRG_21168	0.998
GRCh38_CMRG_45875	0.998
GRCh38_CMRG_83649	0.998
GRCh38_CMRG_71587	0.998
GRCh38_CMRG_23256	0.998
GRCh38_CMRG_9236	0.998
GRCh38_CMRG_62418	0.998
GRCh38_CMRG_32248	0.998
GRCh38_CMRG_11667	0.998
GRCh38_CMRG_41928	0.998
GRCh38_CMRG_65764	0.998
GRCh38_CMRG_9246	0.998
GRCh38_CMRG_53858	0.998
GRCh38_CMRG_15576	0.998
GRCh38_CMRG_11753	0.998
GRCh38_CMRG_44783	0.998
GRCh38_CMRG_22903	0.998
GRCh38_CMRG_63796	0.998
GRCh38_CMRG_58654	0.998
GRCh38_CMRG_60548	0.998
GRCh38_CMRG_70284	0.998
GRCh38_CMRG_19673	0.998
GRCh38_CMRG_2594	0.998
GRCh38_CMRG_13250	0.998
GRCh38_CMRG_19802	0.998
GRCh38_CMRG_84194	0.998
GRCh38_CMRG_44516	0.998
GRCh38_CMRG_8121	0.998
GRCh38_CMRG_71564	0.998
GRCh38_CMRG_19968	0.998
GRCh38_CMRG_48541	0.998
GRCh38_CMRG_71330	0.998
GRCh38_CMRG_41193	0.998
GRCh38_CMRG_19511	0.998
GRCh38_CMRG_48615	0.998
GRCh38_CMRG_59051	0.998
GRCh38_CMRG_72649	0.998
GRCh38_CMRG_48106	0.998
GRCh38_CMRG_8104	0.998
GRCh38_CMRG_10591	0.998
GRCh38_CMRG_47753	0.998
GRCh38_CMRG_13214	0.998
GRCh38_CMRG_10832	0.998
GRCh38_CMRG_49003	0.998
GRCh38_CMRG_76622	0.998
GRCh38_CMRG_47626	0.998
GRCh38_CMRG_41718	0.998
GRCh38_CMRG_59798	0.998
GRCh38_CMRG_8407	0.998
GRCh38_CMRG_59645	0.998
GRCh38_CMRG_45448	0.998
GRCh38_CMRG_29570	0.998
GRCh38_CMRG_13165	0.998
GRCh38_CMRG_59990	0.998
GRCh38_CMRG_8499	0.998
GRCh38_CMRG_60273	0.998
GRCh38_CMRG_72079	0.998
GRCh38_CMRG_61368	0.998
GRCh38_CMRG_41878	0.998
GRCh38_CMRG_45369	0.998
GRCh38_CMRG_45488	0.998
GRCh38_CMRG_44596	0.998
GRCh38_CMRG_60018	0.998
GRCh38_CMRG_72529	0.998
GRCh38_CMRG_65763	0.998
GRCh38_CMRG_69609	0.998
GRCh38_CMRG_59646	0.998
GRCh38_CMRG_63530	0.998
GRCh38_CMRG_21120	0.998
GRCh38_CMRG_20018	0.998
GRCh38_CMRG_63905	0.998
GRCh38_CMRG_40068	0.998
GRCh38_CMRG_21313	0.998
GRCh38_CMRG_72696	0.998
GRCh38_CMRG_39568	0.998
GRCh38_CMRG_10794	0.998
GRCh38_CMRG_39840	0.998
GRCh38_CMRG_71395	0.998
GRCh38_CMRG_58535	0.998
GRCh38_CMRG_71563	0.998
GRCh38_CMRG_60768	0.998
GRCh38_CMRG_71329	0.998
GRCh38_CMRG_59866	0.998
GRCh38_CMRG_72387	0.998
GRCh38_CMRG_20859	0.998
GRCh38_CMRG_50654	0.998
GRCh38_CMRG_59984	0.998
GRCh38_CMRG_58402	0.998
GRCh38_CMRG_69357	0.998
GRCh38_CMRG_41537	0.998
GRCh38_CMRG_3101	0.998
GRCh38_CMRG_72610	0.998
GRCh38_CMRG_6079	0.998
GRCh38_CMRG_60192	0.998
GRCh38_CMRG_47721	0.998
GRCh38_CMRG_12924	0.998
GRCh38_CMRG_20947	0.998
GRCh38_CMRG_29160	0.998
GRCh38_CMRG_21569	0.998
GRCh38_CMRG_58943	0.998
GRCh38_CMRG_22975	0.998
GRCh38_CMRG_59717	0.998
GRCh38_CMRG_40770	0.998
GRCh38_CMRG_60176	0.998
GRCh38_CMRG_83956	0.998
GRCh38_CMRG_59660	0.998
GRCh38_CMRG_47558	0.998
GRCh38_CMRG_33313	0.998
GRCh38_CMRG_18960	0.998
GRCh38_CMRG_21314	0.998
GRCh38_CMRG_50655	0.998
GRCh38_CMRG_59598	0.998
GRCh38_CMRG_61926	0.998
GRCh38_CMRG_59335	0.998
GRCh38_CMRG_59543	0.998
GRCh38_CMRG_44639	0.998
GRCh38_CMRG_27638	0.998
GRCh38_CMRG_41901	0.998
GRCh38_CMRG_59364	0.998
GRCh38_CMRG_71787	0.998
GRCh38_CMRG_9920	0.998
GRCh38_CMRG_48542	0.998
GRCh38_CMRG_19026	0.998
GRCh38_CMRG_59760	0.998
GRCh38_CMRG_69918	0.998
GRCh38_CMRG_21806	0.998
GRCh38_CMRG_84395	0.998
GRCh38_CMRG_32447	0.998
GRCh38_CMRG_83218	0.998
GRCh38_CMRG_41451	0.998
GRCh38_CMRG_18901	0.998
GRCh38_CMRG_47773	0.998
GRCh38_CMRG_19275	0.998
GRCh38_CMRG_13573	0.998
GRCh38_CMRG_39447	0.998
GRCh38_CMRG_59618	0.998
GRCh38_CMRG_41894	0.998
GRCh38_CMRG_8913	0.998
GRCh38_CMRG_19546	0.998
GRCh38_CMRG_41872	0.998
GRCh38_CMRG_83978	0.998
GRCh38_CMRG_59679	0.998
GRCh38_CMRG_10688	0.998
GRCh38_CMRG_39872	0.998
GRCh38_CMRG_63845	0.998
GRCh38_CMRG_40391	0.998
GRCh38_CMRG_39321	0.998
GRCh38_CMRG_40506	0.998
GRCh38_CMRG_31245	0.998
GRCh38_CMRG_60047	0.998
GRCh38_CMRG_40702	0.998
GRCh38_CMRG_48220	0.998
GRCh38_CMRG_84013	0.998
GRCh38_CMRG_11500	0.998
GRCh38_CMRG_32983	0.998
GRCh38_CMRG_11565	0.998
GRCh38_CMRG_48860	0.998
GRCh38_CMRG_7901	0.998
GRCh38_CMRG_22377	0.998
GRCh38_CMRG_83975	0.998
GRCh38_CMRG_71941	0.998
GRCh38_CMRG_31272	0.998
GRCh38_CMRG_9035	0.998
GRCh38_CMRG_64061	0.998
GRCh38_CMRG_6259	0.998
GRCh38_CMRG_59127	0.998
GRCh38_CMRG_32769	0.998
GRCh38_CMRG_22368	0.998
GRCh38_CMRG_42395	0.998
GRCh38_CMRG_42394	0.998
GRCh38_CMRG_19247	0.998
GRCh38_CMRG_66119	0.998
GRCh38_CMRG_9479	0.998
GRCh38_CMRG_32616	0.998
GRCh38_CMRG_63607	0.998
GRCh38_CMRG_71202	0.998
GRCh38_CMRG_45773	0.998
GRCh38_CMRG_48101	0.998
GRCh38_CMRG_19647	0.998
GRCh38_CMRG_7616	0.998
GRCh38_CMRG_64420	0.998
GRCh38_CMRG_12605	0.998
GRCh38_CMRG_59871	0.998
GRCh38_CMRG_50443	0.998
GRCh38_CMRG_59234	0.998
GRCh38_CMRG_32770	0.998
GRCh38_CMRG_59137	0.998
GRCh38_CMRG_47257	0.998
GRCh38_CMRG_72381	0.998
GRCh38_CMRG_44371	0.998
GRCh38_CMRG_47872	0.998
GRCh38_CMRG_58715	0.998
GRCh38_CMRG_8650	0.998
GRCh38_CMRG_12477	0.998
GRCh38_CMRG_47094	0.998
GRCh38_CMRG_19229	0.998
GRCh38_CMRG_84008	0.998
GRCh38_CMRG_19228	0.998
GRCh38_CMRG_6591	0.998
GRCh38_CMRG_40587	0.998
GRCh38_CMRG_40372	0.998
GRCh38_CMRG_62489	0.998
GRCh38_CMRG_59548	0.998
GRCh38_CMRG_22758	0.998
GRCh38_CMRG_21274	0.998
GRCh38_CMRG_47863	0.998
GRCh38_CMRG_33682	0.998
GRCh38_CMRG_40642	0.998
GRCh38_CMRG_21473	0.998
GRCh38_CMRG_18517	0.998
GRCh38_CMRG_14768	0.998
GRCh38_CMRG_59790	0.998
GRCh38_CMRG_21396	0.998
GRCh38_CMRG_78964	0.998
GRCh38_CMRG_63644	0.998
GRCh38_CMRG_46174	0.998
GRCh38_CMRG_84195	0.998
GRCh38_CMRG_61717	0.998
GRCh38_CMRG_20838	0.998
GRCh38_CMRG_58474	0.998
GRCh38_CMRG_47128	0.998
GRCh38_CMRG_72032	0.998
GRCh38_CMRG_58661	0.998
GRCh38_CMRG_61773	0.998
GRCh38_CMRG_47481	0.998
GRCh38_CMRG_59680	0.998
GRCh38_CMRG_9151	0.998
GRCh38_CMRG_12812	0.998
GRCh38_CMRG_59961	0.998
GRCh38_CMRG_60079	0.998
GRCh38_CMRG_39404	0.998
GRCh38_CMRG_7903	0.998
GRCh38_CMRG_31974	0.998
GRCh38_CMRG_65480	0.998
GRCh38_CMRG_19207	0.998
GRCh38_CMRG_2593	0.998
GRCh38_CMRG_61564	0.998
GRCh38_CMRG_47978	0.998
GRCh38_CMRG_21966	0.998
GRCh38_CMRG_12162	0.998
GRCh38_CMRG_59907	0.998
GRCh38_CMRG_45602	0.998
GRCh38_CMRG_39569	0.998
GRCh38_CMRG_19648	0.998
GRCh38_CMRG_22742	0.998
GRCh38_CMRG_14395	0.998
GRCh38_CMRG_41893	0.998
GRCh38_CMRG_59103	0.998
GRCh38_CMRG_9743	0.998
GRCh38_CMRG_72694	0.998
GRCh38_CMRG_59678	0.998
GRCh38_CMRG_61706	0.998
GRCh38_CMRG_40709	0.998
GRCh38_CMRG_49531	0.998
GRCh38_CMRG_69535	0.998
GRCh38_CMRG_41099	0.998
GRCh38_CMRG_40965	0.998
GRCh38_CMRG_83990	0.998
GRCh38_CMRG_21628	0.998
GRCh38_CMRG_19430	0.998
GRCh38_CMRG_60153	0.998
GRCh38_CMRG_31586	0.998
GRCh38_CMRG_50294	0.998
GRCh38_CMRG_59059	0.998
GRCh38_CMRG_72044	0.998
GRCh38_CMRG_59705	0.998
GRCh38_CMRG_41435	0.998
GRCh38_CMRG_13123	0.998
GRCh38_CMRG_21784	0.998
GRCh38_CMRG_64950	0.998
GRCh38_CMRG_72665	0.998
GRCh38_CMRG_59070	0.998
GRCh38_CMRG_83817	0.998
GRCh38_CMRG_22616	0.998
GRCh38_CMRG_7559	0.998
GRCh38_CMRG_33312	0.998
GRCh38_CMRG_8438	0.998
GRCh38_CMRG_60401	0.998
GRCh38_CMRG_61386	0.998
GRCh38_CMRG_23223	0.998
GRCh38_CMRG_83656	0.998
GRCh38_CMRG_22904	0.998
GRCh38_CMRG_47043	0.998
GRCh38_CMRG_59512	0.998
GRCh38_CMRG_41844	0.998
GRCh38_CMRG_12521	0.998
GRCh38_CMRG_59117	0.998
GRCh38_CMRG_59969	0.998
GRCh38_CMRG_72695	0.998
GRCh38_CMRG_81471	0.998
GRCh38_CMRG_32249	0.998
GRCh38_CMRG_83828	0.998
GRCh38_CMRG_72419	0.998
GRCh38_CMRG_39839	0.998
GRCh38_CMRG_19905	0.998
GRCh38_CMRG_23451	0.998
GRCh38_CMRG_47679	0.998
GRCh38_CMRG_61698	0.998
GRCh38_CMRG_60990	0.998
GRCh38_CMRG_19403	0.998
GRCh38_CMRG_48419	0.998
GRCh38_CMRG_12942	0.998
GRCh38_CMRG_41873	0.998
GRCh38_CMRG_58380	0.998
GRCh38_CMRG_33683	0.998
GRCh38_CMRG_61620	0.998
GRCh38_CMRG_47498	0.998
GRCh38_CMRG_46048	0.998
GRCh38_CMRG_58751	0.998
GRCh38_CMRG_58359	0.998
GRCh38_CMRG_22702	0.998
GRCh38_CMRG_38962	0.998
GRCh38_CMRG_40954	0.998
GRCh38_CMRG_60313	0.998
GRCh38_CMRG_27639	0.998
GRCh38_CMRG_83757	0.998
GRCh38_CMRG_47632	0.998
GRCh38_CMRG_32247	0.998
GRCh38_CMRG_33118	0.998
GRCh38_CMRG_83914	0.998
GRCh38_CMRG_58444	0.998
GRCh38_CMRG_46553	0.998
GRCh38_CMRG_12237	0.998
GRCh38_CMRG_7128	0.998
GRCh38_CMRG_47499	0.998
GRCh38_CMRG_62141	0.998
GRCh38_CMRG_60575	0.998
GRCh38_CMRG_33399	0.998
GRCh38_CMRG_59587	0.998
GRCh38_CMRG_19547	0.998
GRCh38_CMRG_51620	0.998
GRCh38_CMRG_10831	0.998
GRCh38_CMRG_41904	0.998
GRCh38_CMRG_81808	0.998
GRCh38_CMRG_63216	0.998
GRCh38_CMRG_19120	0.998
GRCh38_CMRG_47871	0.998
GRCh38_CMRG_11506	0.998
GRCh38_CMRG_50295	0.998
GRCh38_CMRG_11606	0.998
GRCh38_CMRG_2774	0.998
GRCh38_CMRG_12248	0.998
GRCh38_CMRG_59193	0.998
GRCh38_CMRG_63795	0.998
GRCh38_CMRG_41025	0.998
GRCh38_CMRG_21384	0.998
GRCh38_CMRG_21456	0.998
GRCh38_CMRG_1566	0.998
GRCh38_CMRG_2824	0.998
GRCh38_CMRG_59964	0.998
GRCh38_CMRG_9148	0.998
GRCh38_CMRG_47824	0.998
GRCh38_CMRG_58308	0.998
GRCh38_CMRG_48181	0.998
GRCh38_CMRG_65106	0.998
GRCh38_CMRG_48117	0.998
GRCh38_CMRG_19265	0.998
GRCh38_CMRG_60274	0.998
GRCh38_CMRG_83589	0.998
GRCh38_CMRG_21377	0.998
GRCh38_CMRG_32448	0.998
GRCh38_CMRG_33318	0.998
GRCh38_CMRG_39755	0.998
GRCh38_CMRG_10496	0.998
GRCh38_CMRG_72080	0.998
GRCh38_CMRG_33522	0.998
GRCh38_CMRG_11559	0.998
GRCh38_CMRG_33267	0.998
GRCh38_CMRG_84096	0.998
GRCh38_CMRG_39644	0.998
GRCh38_CMRG_83818	0.998
GRCh38_CMRG_19606	0.998
GRCh38_CMRG_19388	0.998
GRCh38_CMRG_59030	0.998
GRCh38_CMRG_58445	0.998
GRCh38_CMRG_60509	0.998
GRCh38_CMRG_8811	0.998
GRCh38_CMRG_47568	0.998
GRCh38_CMRG_19405	0.998
GRCh38_CMRG_52058	0.998
GRCh38_CMRG_50416	0.998
GRCh38_CMRG_60324	0.998
GRCh38_CMRG_41144	0.998
GRCh38_CMRG_8532	0.998
GRCh38_CMRG_60565	0.998
GRCh38_CMRG_41035	0.998
GRCh38_CMRG_44640	0.998
GRCh38_CMRG_61030	0.998
GRCh38_CMRG_60767	0.998
GRCh38_CMRG_40836	0.998
GRCh38_CMRG_19422	0.998
GRCh38_CMRG_61388	0.998
GRCh38_CMRG_28186	0.998
GRCh38_CMRG_72150	0.998
GRCh38_CMRG_59102	0.998
GRCh38_CMRG_59375	0.998
GRCh38_CMRG_48704	0.998
GRCh38_CMRG_33744	0.998
GRCh38_CMRG_69536	0.998
GRCh38_CMRG_12568	0.998
GRCh38_CMRG_41768	0.998
GRCh38_CMRG_71688	0.998
GRCh38_CMRG_39446	0.998
GRCh38_CMRG_48883	0.998
GRCh38_CMRG_44653	0.998
GRCh38_CMRG_22539	0.998
GRCh38_CMRG_59052	0.998
GRCh38_CMRG_70283	0.998
GRCh38_CMRG_18783	0.998
GRCh38_CMRG_70411	0.998
GRCh38_CMRG_49093	0.998
GRCh38_CMRG_46552	0.998
GRCh38_CMRG_40969	0.998
GRCh38_CMRG_59333	0.998
GRCh38_CMRG_43667	0.998
GRCh38_CMRG_71578	0.998
GRCh38_CMRG_60873	0.998
GRCh38_CMRG_39957	0.998
GRCh38_CMRG_21167	0.998
GRCh38_CMRG_10590	0.998
GRCh38_CMRG_47235	0.998
GRCh38_CMRG_45164	0.998
GRCh38_CMRG_10530	0.998
GRCh38_CMRG_72540	0.998
GRCh38_CMRG_36788	0.998
GRCh38_CMRG_29673	0.998
GRCh38_CMRG_41767	0.998
GRCh38_CMRG_31675	0.998
GRCh38_CMRG_63906	0.998
GRCh38_CMRG_59608	0.998
GRCh38_CMRG_10826	0.998
GRCh38_CMRG_48046	0.998
GRCh38_CMRG_72476	0.998
GRCh38_CMRG_71326	0.998
GRCh38_CMRG_18953	0.998
GRCh38_CMRG_51860	0.997
GRCh38_CMRG_38298	0.997
GRCh38_CMRG_37737	0.997
GRCh38_CMRG_36153	0.997
GRCh38_CMRG_21372	0.997
GRCh38_CMRG_28445	0.997
GRCh38_CMRG_26840	0.997
GRCh38_CMRG_79223	0.997
GRCh38_CMRG_67411	0.997
GRCh38_CMRG_55798	0.997
GRCh38_CMRG_79475	0.997
GRCh38_CMRG_23092	0.997
GRCh38_CMRG_47090	0.997
GRCh38_CMRG_53818	0.997
GRCh38_CMRG_79796	0.997
GRCh38_CMRG_22412	0.997
GRCh38_CMRG_61787	0.997
GRCh38_CMRG_67503	0.997
GRCh38_CMRG_71101	0.997
GRCh38_CMRG_71034	0.997
GRCh38_CMRG_38338	0.997
GRCh38_CMRG_44274	0.997
GRCh38_CMRG_78863	0.997
GRCh38_CMRG_79357	0.997
GRCh38_CMRG_45124	0.997
GRCh38_CMRG_23420	0.997
GRCh38_CMRG_32457	0.997
GRCh38_CMRG_47171	0.997
GRCh38_CMRG_29542	0.997
GRCh38_CMRG_24591	0.997
GRCh38_CMRG_79351	0.997
GRCh38_CMRG_32059	0.997
GRCh38_CMRG_2590	0.997
GRCh38_CMRG_22507	0.997
GRCh38_CMRG_22643	0.997
GRCh38_CMRG_42209	0.997
GRCh38_CMRG_65573	0.997
GRCh38_CMRG_47725	0.997
GRCh38_CMRG_24592	0.997
GRCh38_CMRG_73744	0.997
GRCh38_CMRG_48000	0.997
GRCh38_CMRG_67363	0.997
GRCh38_CMRG_22394	0.997
GRCh38_CMRG_20936	0.997
GRCh38_CMRG_68567	0.997
GRCh38_CMRG_22898	0.997
GRCh38_CMRG_71084	0.997
GRCh38_CMRG_44862	0.997
GRCh38_CMRG_79620	0.997
GRCh38_CMRG_33975	0.997
GRCh38_CMRG_74262	0.997
GRCh38_CMRG_22413	0.997
GRCh38_CMRG_43698	0.997
GRCh38_CMRG_21472	0.997
GRCh38_CMRG_7694	0.997
GRCh38_CMRG_29736	0.997
GRCh38_CMRG_71525	0.997
GRCh38_CMRG_44574	0.997
GRCh38_CMRG_20853	0.997
GRCh38_CMRG_31531	0.997
GRCh38_CMRG_29901	0.997
GRCh38_CMRG_80030	0.997
GRCh38_CMRG_71083	0.997
GRCh38_CMRG_45107	0.997
GRCh38_CMRG_22936	0.997
GRCh38_CMRG_72898	0.997
GRCh38_CMRG_41946	0.997
GRCh38_CMRG_23656	0.997
GRCh38_CMRG_28444	0.997
GRCh38_CMRG_44611	0.997
GRCh38_CMRG_21795	0.997
GRCh38_CMRG_23036	0.997
GRCh38_CMRG_11495	0.997
GRCh38_CMRG_29636	0.997
GRCh38_CMRG_70946	0.997
GRCh38_CMRG_47957	0.997
GRCh38_CMRG_7199	0.997
GRCh38_CMRG_46411	0.997
GRCh38_CMRG_45068	0.997
GRCh38_CMRG_2722	0.997
GRCh38_CMRG_23248	0.997
GRCh38_CMRG_47093	0.997
GRCh38_CMRG_43969	0.997
GRCh38_CMRG_7678	0.997
GRCh38_CMRG_23894	0.997
GRCh38_CMRG_23332	0.997
GRCh38_CMRG_23145	0.997
GRCh38_CMRG_79128	0.997
GRCh38_CMRG_79807	0.997
GRCh38_CMRG_47290	0.997
GRCh38_CMRG_23021	0.997
GRCh38_CMRG_79695	0.997
GRCh38_CMRG_78864	0.997
GRCh38_CMRG_32815	0.997
GRCh38_CMRG_46580	0.997
GRCh38_CMRG_42599	0.997
GRCh38_CMRG_23480	0.997
GRCh38_CMRG_43968	0.997
GRCh38_CMRG_73312	0.997
GRCh38_CMRG_73816	0.997
GRCh38_CMRG_79116	0.997
GRCh38_CMRG_67502	0.997
GRCh38_CMRG_44082	0.997
GRCh38_CMRG_71402	0.997
GRCh38_CMRG_42283	0.997
GRCh38_CMRG_47291	0.997
GRCh38_CMRG_23300	0.997
GRCh38_CMRG_72067	0.997
GRCh38_CMRG_29495	0.997
GRCh38_CMRG_42600	0.997
GRCh38_CMRG_67552	0.997
GRCh38_CMRG_44240	0.997
GRCh38_CMRG_44658	0.997
GRCh38_CMRG_47211	0.997
GRCh38_CMRG_73745	0.997
GRCh38_CMRG_79184	0.997
GRCh38_CMRG_53819	0.997
GRCh38_CMRG_75660	0.997
GRCh38_CMRG_33154	0.997
GRCh38_CMRG_11201	0.997
GRCh38_CMRG_22755	0.997
GRCh38_CMRG_46581	0.997
GRCh38_CMRG_7017	0.997
GRCh38_CMRG_77716	0.997
GRCh38_CMRG_29721	0.997
GRCh38_CMRG_19756	0.997
GRCh38_CMRG_29858	0.997
GRCh38_CMRG_19559	0.997
GRCh38_CMRG_67127	0.997
GRCh38_CMRG_36711	0.997
GRCh38_CMRG_2882	0.997
GRCh38_CMRG_74817	0.997
GRCh38_CMRG_79284	0.997
GRCh38_CMRG_33737	0.997
GRCh38_CMRG_46289	0.997
GRCh38_CMRG_67348	0.997
GRCh38_CMRG_43699	0.997
GRCh38_CMRG_67944	0.997
GRCh38_CMRG_39781	0.997
GRCh38_CMRG_68060	0.997
GRCh38_CMRG_22541	0.997
GRCh38_CMRG_79117	0.997
GRCh38_CMRG_67298	0.997
GRCh38_CMRG_22522	0.997
GRCh38_CMRG_67065	0.997
GRCh38_CMRG_68705	0.997
GRCh38_CMRG_7695	0.997
GRCh38_CMRG_68155	0.997
GRCh38_CMRG_67799	0.997
GRCh38_CMRG_38333	0.997
GRCh38_CMRG_1736	0.997
GRCh38_CMRG_68569	0.997
GRCh38_CMRG_44242	0.997
GRCh38_CMRG_70882	0.997
GRCh38_CMRG_31568	0.997
GRCh38_CMRG_43832	0.997
GRCh38_CMRG_70881	0.997
GRCh38_CMRG_29555	0.997
GRCh38_CMRG_79458	0.997
GRCh38_CMRG_6583	0.997
GRCh38_CMRG_45129	0.997
GRCh38_CMRG_34404	0.997
GRCh38_CMRG_37913	0.997
GRCh38_CMRG_32266	0.997
GRCh38_CMRG_48575	0.997
GRCh38_CMRG_79841	0.997
GRCh38_CMRG_29637	0.997
GRCh38_CMRG_50140	0.997
GRCh38_CMRG_47092	0.997
GRCh38_CMRG_55589	0.997
GRCh38_CMRG_65232	0.997
GRCh38_CMRG_71031	0.997
GRCh38_CMRG_36271	0.997
GRCh38_CMRG_79119	0.997
GRCh38_CMRG_29018	0.997
GRCh38_CMRG_2721	0.997
GRCh38_CMRG_68701	0.997
GRCh38_CMRG_38462	0.997
GRCh38_CMRG_44393	0.997
GRCh38_CMRG_47500	0.997
GRCh38_CMRG_42202	0.997
GRCh38_CMRG_31567	0.997
GRCh38_CMRG_22393	0.997
GRCh38_CMRG_48415	0.997
GRCh38_CMRG_71102	0.997
GRCh38_CMRG_79716	0.997
GRCh38_CMRG_23301	0.997
GRCh38_CMRG_29554	0.997
GRCh38_CMRG_36582	0.997
GRCh38_CMRG_21393	0.997
GRCh38_CMRG_71039	0.997
GRCh38_CMRG_71104	0.997
GRCh38_CMRG_47564	0.997
GRCh38_CMRG_71621	0.997
GRCh38_CMRG_71166	0.997
GRCh38_CMRG_72175	0.997
GRCh38_CMRG_79252	0.997
GRCh38_CMRG_41843	0.997
GRCh38_CMRG_68498	0.997
GRCh38_CMRG_79842	0.997
GRCh38_CMRG_32814	0.997
GRCh38_CMRG_19554	0.997
GRCh38_CMRG_71363	0.997
GRCh38_CMRG_67410	0.997
GRCh38_CMRG_33155	0.997
GRCh38_CMRG_7062	0.997
GRCh38_CMRG_72176	0.997
GRCh38_CMRG_70966	0.997
GRCh38_CMRG_44243	0.997
GRCh38_CMRG_48813	0.997
GRCh38_CMRG_71362	0.997
GRCh38_CMRG_44575	0.997
GRCh38_CMRG_47619	0.997
GRCh38_CMRG_45067	0.997
GRCh38_CMRG_43831	0.997
GRCh38_CMRG_43588	0.997
GRCh38_CMRG_40830	0.996
GRCh38_CMRG_18221	0.996
GRCh38_CMRG_17259	0.996
GRCh38_CMRG_45835	0.996
GRCh38_CMRG_15558	0.996
GRCh38_CMRG_27366	0.996
GRCh38_CMRG_27292	0.996
GRCh38_CMRG_51364	0.996
GRCh38_CMRG_65225	0.996
GRCh38_CMRG_18316	0.996
GRCh38_CMRG_15559	0.996
GRCh38_CMRG_17424	0.996
GRCh38_CMRG_184	0.996
GRCh38_CMRG_25258	0.996
GRCh38_CMRG_46454	0.996
GRCh38_CMRG_65236	0.996
GRCh38_CMRG_45980	0.996
GRCh38_CMRG_65945	0.996
GRCh38_CMRG_26340	0.996
GRCh38_CMRG_26744	0.996
GRCh38_CMRG_41504	0.996
GRCh38_CMRG_44429	0.996
GRCh38_CMRG_65349	0.996
GRCh38_CMRG_26663	0.996
GRCh38_CMRG_26623	0.996
GRCh38_CMRG_39270	0.996
GRCh38_CMRG_22330	0.996
GRCh38_CMRG_65209	0.996
GRCh38_CMRG_65147	0.996
GRCh38_CMRG_9107	0.996
GRCh38_CMRG_21375	0.996
GRCh38_CMRG_67196	0.996
GRCh38_CMRG_17939	0.996
GRCh38_CMRG_26832	0.996
GRCh38_CMRG_25401	0.996
GRCh38_CMRG_47381	0.996
GRCh38_CMRG_65477	0.996
GRCh38_CMRG_27840	0.996
GRCh38_CMRG_48775	0.996
GRCh38_CMRG_21420	0.996
GRCh38_CMRG_39470	0.996
GRCh38_CMRG_43680	0.996
GRCh38_CMRG_2890	0.996
GRCh38_CMRG_42482	0.996
GRCh38_CMRG_9921	0.996
GRCh38_CMRG_23398	0.996
GRCh38_CMRG_20985	0.996
GRCh38_CMRG_47734	0.996
GRCh38_CMRG_49586	0.996
GRCh38_CMRG_17050	0.996
GRCh38_CMRG_46780	0.996
GRCh38_CMRG_48215	0.996
GRCh38_CMRG_45857	0.996
GRCh38_CMRG_13589	0.996
GRCh38_CMRG_20004	0.996
GRCh38_CMRG_49665	0.996
GRCh38_CMRG_10729	0.996
GRCh38_CMRG_46475	0.996
GRCh38_CMRG_70952	0.996
GRCh38_CMRG_39231	0.996
GRCh38_CMRG_68753	0.996
GRCh38_CMRG_17715	0.996
GRCh38_CMRG_47856	0.996
GRCh38_CMRG_65534	0.996
GRCh38_CMRG_26002	0.996
GRCh38_CMRG_26655	0.996
GRCh38_CMRG_9095	0.996
GRCh38_CMRG_22338	0.996
GRCh38_CMRG_27311	0.996
GRCh38_CMRG_46592	0.996
GRCh38_CMRG_32111	0.996
GRCh38_CMRG_46140	0.996
GRCh38_CMRG_65160	0.996
GRCh38_CMRG_48721	0.996
GRCh38_CMRG_65870	0.996
GRCh38_CMRG_16983	0.996
GRCh38_CMRG_15483	0.996
GRCh38_CMRG_11727	0.996
GRCh38_CMRG_7801	0.996
GRCh38_CMRG_41974	0.996
GRCh38_CMRG_26092	0.996
GRCh38_CMRG_29070	0.996
GRCh38_CMRG_65442	0.996
GRCh38_CMRG_6719	0.996
GRCh38_CMRG_70715	0.996
GRCh38_CMRG_75298	0.996
GRCh38_CMRG_46436	0.996
GRCh38_CMRG_18348	0.996
GRCh38_CMRG_49125	0.996
GRCh38_CMRG_49402	0.996
GRCh38_CMRG_21716	0.996
GRCh38_CMRG_70457	0.996
GRCh38_CMRG_1546	0.996
GRCh38_CMRG_76842	0.996
GRCh38_CMRG_7802	0.996
GRCh38_CMRG_42259	0.996
GRCh38_CMRG_70797	0.996
GRCh38_CMRG_46195	0.996
GRCh38_CMRG_50777	0.996
GRCh38_CMRG_49503	0.996
GRCh38_CMRG_1221	0.996
GRCh38_CMRG_18347	0.996
GRCh38_CMRG_40375	0.996
GRCh38_CMRG_20898	0.996
GRCh38_CMRG_12204	0.996
GRCh38_CMRG_23058	0.996
GRCh38_CMRG_75299	0.996
GRCh38_CMRG_22331	0.996
GRCh38_CMRG_65327	0.996
GRCh38_CMRG_27328	0.996
GRCh38_CMRG_6985	0.996
GRCh38_CMRG_23482	0.996
GRCh38_CMRG_25837	0.996
GRCh38_CMRG_38425	0.996
GRCh38_CMRG_11335	0.996
GRCh38_CMRG_28038	0.996
GRCh38_CMRG_13992	0.996
GRCh38_CMRG_21282	0.996
GRCh38_CMRG_16517	0.996
GRCh38_CMRG_21258	0.996
GRCh38_CMRG_70492	0.996
GRCh38_CMRG_12205	0.996
GRCh38_CMRG_49415	0.996
GRCh38_CMRG_76592	0.996
GRCh38_CMRG_77388	0.996
GRCh38_CMRG_25397	0.996
GRCh38_CMRG_34607	0.996
GRCh38_CMRG_65871	0.996
GRCh38_CMRG_110	0.996
GRCh38_CMRG_51208	0.996
GRCh38_CMRG_45998	0.996
GRCh38_CMRG_16600	0.996
GRCh38_CMRG_27511	0.996
GRCh38_CMRG_79114	0.996
GRCh38_CMRG_27293	0.996
GRCh38_CMRG_34130	0.996
GRCh38_CMRG_39639	0.996
GRCh38_CMRG_17260	0.996
GRCh38_CMRG_69490	0.996
GRCh38_CMRG_65905	0.996
GRCh38_CMRG_45929	0.996
GRCh38_CMRG_9398	0.996
GRCh38_CMRG_41503	0.996
GRCh38_CMRG_44224	0.996
GRCh38_CMRG_21066	0.996
GRCh38_CMRG_36601	0.996
GRCh38_CMRG_27784	0.996
GRCh38_CMRG_16796	0.996
GRCh38_CMRG_65344	0.996
GRCh38_CMRG_15337	0.996
GRCh38_CMRG_67170	0.996
GRCh38_CMRG_16516	0.996
GRCh38_CMRG_65784	0.996
GRCh38_CMRG_21995	0.996
GRCh38_CMRG_65364	0.996
GRCh38_CMRG_21649	0.996
GRCh38_CMRG_16878	0.996
GRCh38_CMRG_43754	0.996
GRCh38_CMRG_12309	0.996
GRCh38_CMRG_2197	0.996
GRCh38_CMRG_382	0.996
GRCh38_CMRG_47248	0.996
GRCh38_CMRG_70351	0.996
GRCh38_CMRG_69487	0.996
GRCh38_CMRG_71769	0.996
GRCh38_CMRG_50776	0.996
GRCh38_CMRG_49454	0.996
GRCh38_CMRG_51363	0.996
GRCh38_CMRG_14918	0.996
GRCh38_CMRG_25170	0.996
GRCh38_CMRG_21192	0.996
GRCh38_CMRG_26831	0.996
GRCh38_CMRG_37044	0.996
GRCh38_CMRG_14970	0.996
GRCh38_CMRG_531	0.996
GRCh38_CMRG_69491	0.996
GRCh38_CMRG_69523	0.996
GRCh38_CMRG_185	0.996
GRCh38_CMRG_47099	0.996
GRCh38_CMRG_27933	0.996
GRCh38_CMRG_65443	0.996
GRCh38_CMRG_22227	0.996
GRCh38_CMRG_41975	0.996
GRCh38_CMRG_42547	0.996
GRCh38_CMRG_26844	0.996
GRCh38_CMRG_70298	0.996
GRCh38_CMRG_40300	0.996
GRCh38_CMRG_49053	0.995
GRCh38_CMRG_48697	0.995
GRCh38_CMRG_28516	0.995
GRCh38_CMRG_48662	0.995
GRCh38_CMRG_612	0.995
GRCh38_CMRG_46058	0.995
GRCh38_CMRG_76462	0.995
GRCh38_CMRG_48483	0.995
GRCh38_CMRG_76936	0.995
GRCh38_CMRG_67090	0.995
GRCh38_CMRG_28517	0.995
GRCh38_CMRG_62542	0.995
GRCh38_CMRG_61678	0.995
GRCh38_CMRG_52184	0.995
GRCh38_CMRG_54715	0.995
GRCh38_CMRG_6127	0.995
GRCh38_CMRG_44898	0.995
GRCh38_CMRG_45096	0.995
GRCh38_CMRG_70949	0.995
GRCh38_CMRG_41611	0.995
GRCh38_CMRG_32075	0.995
GRCh38_CMRG_22142	0.995
GRCh38_CMRG_45272	0.995
GRCh38_CMRG_29008	0.995
GRCh38_CMRG_54098	0.995
GRCh38_CMRG_53315	0.995
GRCh38_CMRG_6664	0.995
GRCh38_CMRG_48551	0.995
GRCh38_CMRG_63594	0.995
GRCh38_CMRG_60994	0.995
GRCh38_CMRG_52971	0.995
GRCh38_CMRG_61942	0.995
GRCh38_CMRG_75424	0.995
GRCh38_CMRG_33921	0.995
GRCh38_CMRG_52549	0.995
GRCh38_CMRG_63364	0.995
GRCh38_CMRG_52545	0.995
GRCh38_CMRG_5753	0.995
GRCh38_CMRG_51333	0.995
GRCh38_CMRG_75221	0.995
GRCh38_CMRG_44434	0.995
GRCh38_CMRG_41588	0.995
GRCh38_CMRG_27065	0.995
GRCh38_CMRG_29261	0.995
GRCh38_CMRG_62541	0.995
GRCh38_CMRG_83434	0.995
GRCh38_CMRG_53880	0.995
GRCh38_CMRG_63818	0.995
GRCh38_CMRG_28394	0.995
GRCh38_CMRG_48907	0.995
GRCh38_CMRG_83742	0.995
GRCh38_CMRG_25027	0.995
GRCh38_CMRG_52741	0.995
GRCh38_CMRG_53830	0.995
GRCh38_CMRG_62579	0.995
GRCh38_CMRG_27859	0.995
GRCh38_CMRG_61362	0.995
GRCh38_CMRG_43948	0.995
GRCh38_CMRG_62547	0.995
GRCh38_CMRG_71478	0.995
GRCh38_CMRG_51777	0.995
GRCh38_CMRG_43947	0.995
GRCh38_CMRG_84150	0.995
GRCh38_CMRG_83751	0.995
GRCh38_CMRG_62148	0.995
GRCh38_CMRG_53200	0.995
GRCh38_CMRG_53807	0.995
GRCh38_CMRG_62509	0.995
GRCh38_CMRG_53829	0.995
GRCh38_CMRG_64644	0.995
GRCh38_CMRG_64204	0.995
GRCh38_CMRG_27371	0.995
GRCh38_CMRG_41710	0.995
GRCh38_CMRG_53552	0.995
GRCh38_CMRG_70961	0.995
GRCh38_CMRG_41589	0.995
GRCh38_CMRG_44899	0.995
GRCh38_CMRG_79180	0.995
GRCh38_CMRG_54708	0.995
GRCh38_CMRG_63239	0.995
GRCh38_CMRG_81384	0.995
GRCh38_CMRG_48217	0.995
GRCh38_CMRG_24113	0.995
GRCh38_CMRG_54970	0.995
GRCh38_CMRG_52065	0.995
GRCh38_CMRG_66065	0.995
GRCh38_CMRG_79170	0.995
GRCh38_CMRG_50459	0.995
GRCh38_CMRG_53949	0.995
GRCh38_CMRG_53085	0.995
GRCh38_CMRG_72455	0.995
GRCh38_CMRG_34369	0.995
GRCh38_CMRG_47918	0.995
GRCh38_CMRG_53560	0.995
GRCh38_CMRG_76937	0.995
GRCh38_CMRG_51534	0.995
GRCh38_CMRG_52167	0.995
GRCh38_CMRG_28580	0.995
GRCh38_CMRG_75151	0.995
GRCh38_CMRG_62331	0.995
GRCh38_CMRG_79132	0.995
GRCh38_CMRG_22716	0.995
GRCh38_CMRG_61768	0.995
GRCh38_CMRG_60798	0.995
GRCh38_CMRG_48974	0.995
GRCh38_CMRG_63460	0.995
GRCh38_CMRG_83254	0.995
GRCh38_CMRG_64205	0.995
GRCh38_CMRG_67137	0.995
GRCh38_CMRG_55736	0.995
GRCh38_CMRG_41711	0.995
GRCh38_CMRG_61108	0.995
GRCh38_CMRG_52521	0.995
GRCh38_CMRG_48216	0.995
GRCh38_CMRG_41157	0.995
GRCh38_CMRG_28792	0.995
GRCh38_CMRG_62160	0.995
GRCh38_CMRG_40529	0.995
GRCh38_CMRG_44906	0.994
GRCh38_CMRG_63267	0.994
GRCh38_CMRG_63509	0.994
GRCh38_CMRG_79830	0.994
GRCh38_CMRG_13278	0.994
GRCh38_CMRG_67539	0.994
GRCh38_CMRG_67355	0.994
GRCh38_CMRG_63235	0.994
GRCh38_CMRG_63343	0.994
GRCh38_CMRG_63290	0.994
GRCh38_CMRG_1463	0.994
GRCh38_CMRG_63238	0.994
GRCh38_CMRG_63884	0.994
GRCh38_CMRG_79570	0.994
GRCh38_CMRG_6974	0.994
GRCh38_CMRG_52787	0.994
GRCh38_CMRG_34154	0.994
GRCh38_CMRG_79051	0.994
GRCh38_CMRG_50303	0.994
GRCh38_CMRG_13277	0.994
GRCh38_CMRG_36150	0.994
GRCh38_CMRG_73121	0.994
GRCh38_CMRG_2167	0.994
GRCh38_CMRG_70655	0.994
GRCh38_CMRG_23200	0.994
GRCh38_CMRG_79493	0.994
GRCh38_CMRG_63590	0.994
GRCh38_CMRG_38952	0.994
GRCh38_CMRG_78957	0.994
GRCh38_CMRG_78956	0.994
GRCh38_CMRG_73063	0.994
GRCh38_CMRG_52788	0.994
GRCh38_CMRG_63342	0.994
GRCh38_CMRG_34425	0.994
GRCh38_CMRG_37531	0.994
GRCh38_CMRG_63589	0.994
GRCh38_CMRG_63289	0.994
GRCh38_CMRG_79831	0.994
GRCh38_CMRG_63215	0.994
GRCh38_CMRG_74122	0.994
GRCh38_CMRG_20842	0.994
GRCh38_CMRG_78968	0.994
GRCh38_CMRG_480	0.994
GRCh38_CMRG_73504	0.994
GRCh38_CMRG_1339	0.994
GRCh38_CMRG_2658	0.994
GRCh38_CMRG_62629	0.994
GRCh38_CMRG_36362	0.994
GRCh38_CMRG_67538	0.994
GRCh38_CMRG_53994	0.994
GRCh38_CMRG_63284	0.994
GRCh38_CMRG_37437	0.994
GRCh38_CMRG_79278	0.994
GRCh38_CMRG_37436	0.994
GRCh38_CMRG_41993	0.994
GRCh38_CMRG_79279	0.994
GRCh38_CMRG_27910	0.994
GRCh38_CMRG_79089	0.994
GRCh38_CMRG_52888	0.994
GRCh38_CMRG_63974	0.994
GRCh38_CMRG_79437	0.994
GRCh38_CMRG_63276	0.994
GRCh38_CMRG_34268	0.994
GRCh38_CMRG_78997	0.994
GRCh38_CMRG_43839	0.994
GRCh38_CMRG_51232	0.993
GRCh38_CMRG_42527	0.993
GRCh38_CMRG_24489	0.993
GRCh38_CMRG_64052	0.993
GRCh38_CMRG_69043	0.993
GRCh38_CMRG_27434	0.993
GRCh38_CMRG_66158	0.993
GRCh38_CMRG_24709	0.993
GRCh38_CMRG_66386	0.993
GRCh38_CMRG_47450	0.993
GRCh38_CMRG_51275	0.993
GRCh38_CMRG_50052	0.993
GRCh38_CMRG_41145	0.993
GRCh38_CMRG_31359	0.993
GRCh38_CMRG_26920	0.993
GRCh38_CMRG_51649	0.993
GRCh38_CMRG_67391	0.993
GRCh38_CMRG_31975	0.993
GRCh38_CMRG_50421	0.993
GRCh38_CMRG_67308	0.993
GRCh38_CMRG_50075	0.993
GRCh38_CMRG_49846	0.993
GRCh38_CMRG_25186	0.993
GRCh38_CMRG_52193	0.993
GRCh38_CMRG_50958	0.993
GRCh38_CMRG_67623	0.993
GRCh38_CMRG_63678	0.993
GRCh38_CMRG_63839	0.993
GRCh38_CMRG_67751	0.993
GRCh38_CMRG_69044	0.993
GRCh38_CMRG_44514	0.993
GRCh38_CMRG_49707	0.993
GRCh38_CMRG_63986	0.993
GRCh38_CMRG_25311	0.993
GRCh38_CMRG_65965	0.993
GRCh38_CMRG_63985	0.993
GRCh38_CMRG_24972	0.993
GRCh38_CMRG_65936	0.993
GRCh38_CMRG_72331	0.993
GRCh38_CMRG_70145	0.993
GRCh38_CMRG_27728	0.993
GRCh38_CMRG_50744	0.993
GRCh38_CMRG_40780	0.993
GRCh38_CMRG_51068	0.993
GRCh38_CMRG_52349	0.993
GRCh38_CMRG_27539	0.993
GRCh38_CMRG_69485	0.993
GRCh38_CMRG_26470	0.993
GRCh38_CMRG_63958	0.993
GRCh38_CMRG_67059	0.993
GRCh38_CMRG_8226	0.993
GRCh38_CMRG_25789	0.993
GRCh38_CMRG_32926	0.993
GRCh38_CMRG_48771	0.993
GRCh38_CMRG_7076	0.993
GRCh38_CMRG_32861	0.993
GRCh38_CMRG_51067	0.993
GRCh38_CMRG_49551	0.993
GRCh38_CMRG_72330	0.993
GRCh38_CMRG_27922	0.993
GRCh38_CMRG_22421	0.993
GRCh38_CMRG_48673	0.993
GRCh38_CMRG_64449	0.993
GRCh38_CMRG_64020	0.993
GRCh38_CMRG_65823	0.993
GRCh38_CMRG_50494	0.993
GRCh38_CMRG_27770	0.993
GRCh38_CMRG_8240	0.993
GRCh38_CMRG_50680	0.993
GRCh38_CMRG_25766	0.993
GRCh38_CMRG_27715	0.993
GRCh38_CMRG_44703	0.993
GRCh38_CMRG_67509	0.993
GRCh38_CMRG_64292	0.993
GRCh38_CMRG_46536	0.993
GRCh38_CMRG_65380	0.993
GRCh38_CMRG_44689	0.993
GRCh38_CMRG_63630	0.993
GRCh38_CMRG_67541	0.993
GRCh38_CMRG_2438	0.993
GRCh38_CMRG_32145	0.993
GRCh38_CMRG_69628	0.993
GRCh38_CMRG_41139	0.993
GRCh38_CMRG_50743	0.993
GRCh38_CMRG_52035	0.993
GRCh38_CMRG_40413	0.992
GRCh38_CMRG_40772	0.992
GRCh38_CMRG_49190	0.992
GRCh38_CMRG_44875	0.992
GRCh38_CMRG_39619	0.992
GRCh38_CMRG_34642	0.992
GRCh38_CMRG_39506	0.992
GRCh38_CMRG_40771	0.992
GRCh38_CMRG_76831	0.992
GRCh38_CMRG_48149	0.992
GRCh38_CMRG_5538	0.992
GRCh38_CMRG_49094	0.992
GRCh38_CMRG_46594	0.992
GRCh38_CMRG_46310	0.992
GRCh38_CMRG_72598	0.992
GRCh38_CMRG_78939	0.992
GRCh38_CMRG_79336	0.992
GRCh38_CMRG_46441	0.992
GRCh38_CMRG_49008	0.992
GRCh38_CMRG_17926	0.992
GRCh38_CMRG_43987	0.992
GRCh38_CMRG_63499	0.992
GRCh38_CMRG_39290	0.992
GRCh38_CMRG_39505	0.992
GRCh38_CMRG_47354	0.992
GRCh38_CMRG_73861	0.992
GRCh38_CMRG_47553	0.992
GRCh38_CMRG_60868	0.992
GRCh38_CMRG_46578	0.992
GRCh38_CMRG_47822	0.992
GRCh38_CMRG_2118	0.992
GRCh38_CMRG_17927	0.992
GRCh38_CMRG_72007	0.992
GRCh38_CMRG_46571	0.992
GRCh38_CMRG_5539	0.992
GRCh38_CMRG_41932	0.992
GRCh38_CMRG_37575	0.992
GRCh38_CMRG_48022	0.992
GRCh38_CMRG_46318	0.992
GRCh38_CMRG_45007	0.992
GRCh38_CMRG_45471	0.992
GRCh38_CMRG_17235	0.991
GRCh38_CMRG_64396	0.991
GRCh38_CMRG_36673	0.991
GRCh38_CMRG_49802	0.991
GRCh38_CMRG_9485	0.991
GRCh38_CMRG_60107	0.991
GRCh38_CMRG_53225	0.991
GRCh38_CMRG_58946	0.991
GRCh38_CMRG_74982	0.991
GRCh38_CMRG_2627	0.991
GRCh38_CMRG_22337	0.991
GRCh38_CMRG_76634	0.991
GRCh38_CMRG_74668	0.991
GRCh38_CMRG_23285	0.991
GRCh38_CMRG_28987	0.991
GRCh38_CMRG_15438	0.991
GRCh38_CMRG_74497	0.991
GRCh38_CMRG_36390	0.991
GRCh38_CMRG_74722	0.991
GRCh38_CMRG_50522	0.991
GRCh38_CMRG_51475	0.991
GRCh38_CMRG_70934	0.991
GRCh38_CMRG_13023	0.991
GRCh38_CMRG_59584	0.991
GRCh38_CMRG_59872	0.991
GRCh38_CMRG_43626	0.991
GRCh38_CMRG_55485	0.991
GRCh38_CMRG_77474	0.991
GRCh38_CMRG_74667	0.991
GRCh38_CMRG_73399	0.991
GRCh38_CMRG_36672	0.991
GRCh38_CMRG_53576	0.991
GRCh38_CMRG_73089	0.991
GRCh38_CMRG_11372	0.991
GRCh38_CMRG_77206	0.991
GRCh38_CMRG_47299	0.991
GRCh38_CMRG_59654	0.991
GRCh38_CMRG_53311	0.991
GRCh38_CMRG_53575	0.991
GRCh38_CMRG_73511	0.991
GRCh38_CMRG_64393	0.991
GRCh38_CMRG_37831	0.991
GRCh38_CMRG_51476	0.991
GRCh38_CMRG_12392	0.991
GRCh38_CMRG_45868	0.991
GRCh38_CMRG_54763	0.991
GRCh38_CMRG_11371	0.991
GRCh38_CMRG_17813	0.991
GRCh38_CMRG_64392	0.991
GRCh38_CMRG_16607	0.991
GRCh38_CMRG_40698	0.991
GRCh38_CMRG_12735	0.991
GRCh38_CMRG_63654	0.991
GRCh38_CMRG_59140	0.991
GRCh38_CMRG_70933	0.991
GRCh38_CMRG_16593	0.991
GRCh38_CMRG_45933	0.991
GRCh38_CMRG_46254	0.991
GRCh38_CMRG_12259	0.991
GRCh38_CMRG_54677	0.991
GRCh38_CMRG_64452	0.99
GRCh38_CMRG_64345	0.99
GRCh38_CMRG_81950	0.99
GRCh38_CMRG_71174	0.99
GRCh38_CMRG_64134	0.99
GRCh38_CMRG_67114	0.99
GRCh38_CMRG_2710	0.99
GRCh38_CMRG_34660	0.99
GRCh38_CMRG_82153	0.99
GRCh38_CMRG_49498	0.99
GRCh38_CMRG_17137	0.99
GRCh38_CMRG_63537	0.99
GRCh38_CMRG_64016	0.99
GRCh38_CMRG_49403	0.99
GRCh38_CMRG_64034	0.99
GRCh38_CMRG_64015	0.99
GRCh38_CMRG_49488	0.99
GRCh38_CMRG_59138	0.99
GRCh38_CMRG_69875	0.99
GRCh38_CMRG_53362	0.99
GRCh38_CMRG_27048	0.99
GRCh38_CMRG_5951	0.99
GRCh38_CMRG_16917	0.99
GRCh38_CMRG_63491	0.99
GRCh38_CMRG_64346	0.99
GRCh38_CMRG_26472	0.99
GRCh38_CMRG_53368	0.99
GRCh38_CMRG_63380	0.99
GRCh38_CMRG_81326	0.99
GRCh38_CMRG_18308	0.99
GRCh38_CMRG_83051	0.99
GRCh38_CMRG_68665	0.99
GRCh38_CMRG_54093	0.99
GRCh38_CMRG_69041	0.99
GRCh38_CMRG_64281	0.99
GRCh38_CMRG_55277	0.99
GRCh38_CMRG_14723	0.99
GRCh38_CMRG_52139	0.99
GRCh38_CMRG_64704	0.99
GRCh38_CMRG_64151	0.99
GRCh38_CMRG_55413	0.99
GRCh38_CMRG_64884	0.99
GRCh38_CMRG_52556	0.99
GRCh38_CMRG_2059	0.99
GRCh38_CMRG_63693	0.99
GRCh38_CMRG_45274	0.99
GRCh38_CMRG_5869	0.99
GRCh38_CMRG_63998	0.99
GRCh38_CMRG_12774	0.99
GRCh38_CMRG_71173	0.99
GRCh38_CMRG_64352	0.99
GRCh38_CMRG_16450	0.99
GRCh38_CMRG_53622	0.99
GRCh38_CMRG_63538	0.99
GRCh38_CMRG_53194	0.99
GRCh38_CMRG_67469	0.99
GRCh38_CMRG_37150	0.99
GRCh38_CMRG_32967	0.989
GRCh38_CMRG_12619	0.989
GRCh38_CMRG_1794	0.989
GRCh38_CMRG_29158	0.989
GRCh38_CMRG_30894	0.989
GRCh38_CMRG_46761	0.989
GRCh38_CMRG_29034	0.989
GRCh38_CMRG_73758	0.989
GRCh38_CMRG_648	0.989
GRCh38_CMRG_12618	0.989
GRCh38_CMRG_29668	0.989
GRCh38_CMRG_36477	0.989
GRCh38_CMRG_11930	0.989
GRCh38_CMRG_37209	0.989
GRCh38_CMRG_77307	0.989
GRCh38_CMRG_31520	0.989
GRCh38_CMRG_34039	0.989
GRCh38_CMRG_1292	0.989
GRCh38_CMRG_37230	0.989
GRCh38_CMRG_34040	0.989
GRCh38_CMRG_31519	0.989
GRCh38_CMRG_37224	0.989
GRCh38_CMRG_35733	0.989
GRCh38_CMRG_29243	0.989
GRCh38_CMRG_31425	0.989
GRCh38_CMRG_43979	0.989
GRCh38_CMRG_29306	0.989
GRCh38_CMRG_36330	0.989
GRCh38_CMRG_65907	0.989
GRCh38_CMRG_48155	0.989
GRCh38_CMRG_29348	0.989
GRCh38_CMRG_12592	0.989
GRCh38_CMRG_45273	0.989
GRCh38_CMRG_36331	0.989
GRCh38_CMRG_36976	0.989
GRCh38_CMRG_28528	0.989
GRCh38_CMRG_36478	0.989
GRCh38_CMRG_37208	0.989
GRCh38_CMRG_82504	0.989
GRCh38_CMRG_29768	0.989
GRCh38_CMRG_36417	0.989
GRCh38_CMRG_8870	0.989
GRCh38_CMRG_74383	0.989
GRCh38_CMRG_579	0.989
GRCh38_CMRG_29667	0.989
GRCh38_CMRG_27337	0.988
GRCh38_CMRG_63920	0.988
GRCh38_CMRG_77317	0.988
GRCh38_CMRG_65089	0.988
GRCh38_CMRG_64984	0.988
GRCh38_CMRG_27191	0.988
GRCh38_CMRG_32208	0.988
GRCh38_CMRG_31710	0.988
GRCh38_CMRG_65081	0.988
GRCh38_CMRG_64869	0.988
GRCh38_CMRG_25935	0.988
GRCh38_CMRG_31347	0.988
GRCh38_CMRG_28327	0.988
GRCh38_CMRG_64778	0.988
GRCh38_CMRG_64280	0.988
GRCh38_CMRG_65075	0.988
GRCh38_CMRG_64364	0.988
GRCh38_CMRG_72966	0.988
GRCh38_CMRG_65064	0.988
GRCh38_CMRG_64651	0.988
GRCh38_CMRG_46604	0.988
GRCh38_CMRG_65074	0.988
GRCh38_CMRG_64383	0.988
GRCh38_CMRG_25260	0.988
GRCh38_CMRG_7331	0.988
GRCh38_CMRG_43653	0.988
GRCh38_CMRG_45672	0.988
GRCh38_CMRG_24413	0.988
GRCh38_CMRG_2029	0.988
GRCh38_CMRG_64809	0.988
GRCh38_CMRG_32206	0.988
GRCh38_CMRG_27356	0.988
GRCh38_CMRG_28770	0.988
GRCh38_CMRG_65056	0.988
GRCh38_CMRG_13569	0.988
GRCh38_CMRG_30642	0.988
GRCh38_CMRG_45590	0.988
GRCh38_CMRG_24177	0.988
GRCh38_CMRG_63866	0.988
GRCh38_CMRG_28283	0.988
GRCh38_CMRG_45695	0.988
GRCh38_CMRG_44650	0.988
GRCh38_CMRG_26907	0.988
GRCh38_CMRG_31854	0.988
GRCh38_CMRG_64823	0.988
GRCh38_CMRG_73169	0.988
GRCh38_CMRG_64630	0.988
GRCh38_CMRG_64230	0.988
GRCh38_CMRG_9126	0.987
GRCh38_CMRG_37138	0.987
GRCh38_CMRG_83193	0.987
GRCh38_CMRG_38124	0.987
GRCh38_CMRG_26520	0.987
GRCh38_CMRG_15468	0.987
GRCh38_CMRG_81783	0.987
GRCh38_CMRG_17192	0.987
GRCh38_CMRG_17810	0.987
GRCh38_CMRG_26521	0.987
GRCh38_CMRG_46563	0.987
GRCh38_CMRG_12013	0.987
GRCh38_CMRG_11965	0.987
GRCh38_CMRG_22096	0.987
GRCh38_CMRG_25736	0.987
GRCh38_CMRG_34474	0.987
GRCh38_CMRG_22097	0.987
GRCh38_CMRG_51032	0.987
GRCh38_CMRG_81695	0.987
GRCh38_CMRG_61894	0.987
GRCh38_CMRG_81418	0.987
GRCh38_CMRG_52515	0.987
GRCh38_CMRG_61780	0.987
GRCh38_CMRG_45723	0.987
GRCh38_CMRG_21386	0.987
GRCh38_CMRG_81209	0.987
GRCh38_CMRG_8656	0.987
GRCh38_CMRG_12752	0.987
GRCh38_CMRG_82062	0.987
GRCh38_CMRG_8657	0.987
GRCh38_CMRG_12949	0.987
GRCh38_CMRG_11172	0.987
GRCh38_CMRG_52534	0.987
GRCh38_CMRG_80786	0.987
GRCh38_CMRG_81929	0.987
GRCh38_CMRG_12743	0.987
GRCh38_CMRG_34279	0.987
GRCh38_CMRG_79935	0.987
GRCh38_CMRG_81018	0.987
GRCh38_CMRG_82958	0.987
GRCh38_CMRG_74293	0.987
GRCh38_CMRG_81449	0.987
GRCh38_CMRG_18083	0.987
GRCh38_CMRG_52533	0.987
GRCh38_CMRG_46122	0.987
GRCh38_CMRG_36188	0.987
GRCh38_CMRG_79839	0.987
GRCh38_CMRG_74292	0.987
GRCh38_CMRG_12173	0.987
GRCh38_CMRG_33709	0.987
GRCh38_CMRG_83135	0.987
GRCh38_CMRG_58507	0.986
GRCh38_CMRG_35863	0.986
GRCh38_CMRG_7571	0.986
GRCh38_CMRG_54842	0.986
GRCh38_CMRG_48396	0.986
GRCh38_CMRG_48004	0.986
GRCh38_CMRG_58554	0.986
GRCh38_CMRG_18962	0.986
GRCh38_CMRG_63633	0.986
GRCh38_CMRG_40407	0.986
GRCh38_CMRG_75123	0.986
GRCh38_CMRG_22931	0.986
GRCh38_CMRG_37632	0.986
GRCh38_CMRG_59499	0.986
GRCh38_CMRG_21613	0.986
GRCh38_CMRG_71328	0.986
GRCh38_CMRG_19351	0.986
GRCh38_CMRG_64531	0.986
GRCh38_CMRG_44230	0.986
GRCh38_CMRG_64757	0.986
GRCh38_CMRG_59955	0.986
GRCh38_CMRG_75122	0.986
GRCh38_CMRG_32628	0.986
GRCh38_CMRG_20949	0.986
GRCh38_CMRG_64532	0.986
GRCh38_CMRG_22724	0.986
GRCh38_CMRG_47242	0.986
GRCh38_CMRG_6698	0.986
GRCh38_CMRG_71799	0.986
GRCh38_CMRG_33747	0.986
GRCh38_CMRG_71793	0.986
GRCh38_CMRG_18963	0.986
GRCh38_CMRG_32279	0.986
GRCh38_CMRG_5974	0.986
GRCh38_CMRG_19009	0.986
GRCh38_CMRG_18754	0.986
GRCh38_CMRG_23225	0.986
GRCh38_CMRG_19845	0.986
GRCh38_CMRG_54409	0.986
GRCh38_CMRG_79098	0.986
GRCh38_CMRG_26574	0.985
GRCh38_CMRG_47608	0.985
GRCh38_CMRG_70301	0.985
GRCh38_CMRG_83847	0.985
GRCh38_CMRG_49326	0.985
GRCh38_CMRG_46265	0.985
GRCh38_CMRG_16799	0.985
GRCh38_CMRG_84288	0.985
GRCh38_CMRG_27152	0.985
GRCh38_CMRG_2160	0.985
GRCh38_CMRG_49295	0.985
GRCh38_CMRG_50732	0.985
GRCh38_CMRG_13855	0.985
GRCh38_CMRG_79188	0.985
GRCh38_CMRG_24318	0.985
GRCh38_CMRG_47905	0.985
GRCh38_CMRG_70302	0.985
GRCh38_CMRG_38060	0.985
GRCh38_CMRG_27547	0.985
GRCh38_CMRG_83996	0.985
GRCh38_CMRG_84106	0.985
GRCh38_CMRG_27153	0.985
GRCh38_CMRG_79530	0.985
GRCh38_CMRG_84257	0.985
GRCh38_CMRG_69489	0.985
GRCh38_CMRG_25051	0.985
GRCh38_CMRG_25202	0.985
GRCh38_CMRG_49325	0.985
GRCh38_CMRG_34161	0.985
GRCh38_CMRG_50733	0.985
GRCh38_CMRG_59007	0.985
GRCh38_CMRG_17753	0.985
GRCh38_CMRG_37333	0.984
GRCh38_CMRG_82810	0.984
GRCh38_CMRG_11631	0.984
GRCh38_CMRG_8905	0.984
GRCh38_CMRG_26538	0.984
GRCh38_CMRG_26748	0.984
GRCh38_CMRG_52835	0.984
GRCh38_CMRG_26670	0.984
GRCh38_CMRG_53361	0.984
GRCh38_CMRG_10782	0.984
GRCh38_CMRG_86	0.984
GRCh38_CMRG_37483	0.984
GRCh38_CMRG_27499	0.984
GRCh38_CMRG_11630	0.984
GRCh38_CMRG_12510	0.984
GRCh38_CMRG_33854	0.984
GRCh38_CMRG_26580	0.984
GRCh38_CMRG_27500	0.984
GRCh38_CMRG_12869	0.984
GRCh38_CMRG_27687	0.984
GRCh38_CMRG_61833	0.984
GRCh38_CMRG_28107	0.984
GRCh38_CMRG_12509	0.984
GRCh38_CMRG_26419	0.984
GRCh38_CMRG_25898	0.984
GRCh38_CMRG_82571	0.984
GRCh38_CMRG_62072	0.984
GRCh38_CMRG_44589	0.984
GRCh38_CMRG_37343	0.984
GRCh38_CMRG_50644	0.984
GRCh38_CMRG_27932	0.984
GRCh38_CMRG_63899	0.983
GRCh38_CMRG_51101	0.983
GRCh38_CMRG_21333	0.983
GRCh38_CMRG_30741	0.983
GRCh38_CMRG_63425	0.983
GRCh38_CMRG_65535	0.983
GRCh38_CMRG_37004	0.983
GRCh38_CMRG_74328	0.983
GRCh38_CMRG_9031	0.983
GRCh38_CMRG_32928	0.983
GRCh38_CMRG_52321	0.983
GRCh38_CMRG_37445	0.983
GRCh38_CMRG_63898	0.983
GRCh38_CMRG_9032	0.983
GRCh38_CMRG_11517	0.983
GRCh38_CMRG_79474	0.983
GRCh38_CMRG_51419	0.983
GRCh38_CMRG_40779	0.983
GRCh38_CMRG_11165	0.983
GRCh38_CMRG_51217	0.983
GRCh38_CMRG_41110	0.983
GRCh38_CMRG_37592	0.983
GRCh38_CMRG_34541	0.983
GRCh38_CMRG_35612	0.983
GRCh38_CMRG_64886	0.983
GRCh38_CMRG_67272	0.982
GRCh38_CMRG_73033	0.982
GRCh38_CMRG_67341	0.982
GRCh38_CMRG_80813	0.982
GRCh38_CMRG_67577	0.982
GRCh38_CMRG_65130	0.982
GRCh38_CMRG_70034	0.982
GRCh38_CMRG_66083	0.982
GRCh38_CMRG_12537	0.982
GRCh38_CMRG_65912	0.982
GRCh38_CMRG_9584	0.982
GRCh38_CMRG_68656	0.982
GRCh38_CMRG_66063	0.982
GRCh38_CMRG_65395	0.982
GRCh38_CMRG_67103	0.982
GRCh38_CMRG_66154	0.982
GRCh38_CMRG_66076	0.982
GRCh38_CMRG_67756	0.982
GRCh38_CMRG_47942	0.982
GRCh38_CMRG_65493	0.982
GRCh38_CMRG_65272	0.982
GRCh38_CMRG_68770	0.982
GRCh38_CMRG_77643	0.982
GRCh38_CMRG_84212	0.982
GRCh38_CMRG_66033	0.982
GRCh38_CMRG_65309	0.982
GRCh38_CMRG_66040	0.982
GRCh38_CMRG_2426	0.982
GRCh38_CMRG_48363	0.981
GRCh38_CMRG_13510	0.981
GRCh38_CMRG_67559	0.981
GRCh38_CMRG_47286	0.981
GRCh38_CMRG_32499	0.981
GRCh38_CMRG_9189	0.981
GRCh38_CMRG_71829	0.981
GRCh38_CMRG_65964	0.981
GRCh38_CMRG_29693	0.981
GRCh38_CMRG_29182	0.981
GRCh38_CMRG_54246	0.981
GRCh38_CMRG_8298	0.981
GRCh38_CMRG_19913	0.981
GRCh38_CMRG_30756	0.981
GRCh38_CMRG_65963	0.981
GRCh38_CMRG_8086	0.981
GRCh38_CMRG_67614	0.981
GRCh38_CMRG_71830	0.981
GRCh38_CMRG_32493	0.981
GRCh38_CMRG_41112	0.981
GRCh38_CMRG_77314	0.981
GRCh38_CMRG_43019	0.981
GRCh38_CMRG_55244	0.981
GRCh38_CMRG_67111	0.981
GRCh38_CMRG_44739	0.981
GRCh38_CMRG_47470	0.981
GRCh38_CMRG_9209	0.981
GRCh38_CMRG_23197	0.981
GRCh38_CMRG_55271	0.981
GRCh38_CMRG_63835	0.98
GRCh38_CMRG_59637	0.98
GRCh38_CMRG_66954	0.98
GRCh38_CMRG_40663	0.98
GRCh38_CMRG_30639	0.98
GRCh38_CMRG_29256	0.98
GRCh38_CMRG_84542	0.98
GRCh38_CMRG_29220	0.98
GRCh38_CMRG_31902	0.98
GRCh38_CMRG_29576	0.98
GRCh38_CMRG_31834	0.98
GRCh38_CMRG_63834	0.98
GRCh38_CMRG_59014	0.98
GRCh38_CMRG_32506	0.98
GRCh38_CMRG_70289	0.98
GRCh38_CMRG_72469	0.98
GRCh38_CMRG_29762	0.98
GRCh38_CMRG_72536	0.98
GRCh38_CMRG_60801	0.98
GRCh38_CMRG_23414	0.98
GRCh38_CMRG_7561	0.979
GRCh38_CMRG_45407	0.979
GRCh38_CMRG_72833	0.979
GRCh38_CMRG_7562	0.979
GRCh38_CMRG_45770	0.979
GRCh38_CMRG_37168	0.979
GRCh38_CMRG_45403	0.979
GRCh38_CMRG_2523	0.979
GRCh38_CMRG_34216	0.979
GRCh38_CMRG_45409	0.979
GRCh38_CMRG_2859	0.979
GRCh38_CMRG_12739	0.978
GRCh38_CMRG_9413	0.978
GRCh38_CMRG_40953	0.978
GRCh38_CMRG_36926	0.978
GRCh38_CMRG_21683	0.978
GRCh38_CMRG_36791	0.978
GRCh38_CMRG_1773	0.977
GRCh38_CMRG_61372	0.977
GRCh38_CMRG_84386	0.977
GRCh38_CMRG_83697	0.977
GRCh38_CMRG_61371	0.977
GRCh38_CMRG_12795	0.977
GRCh38_CMRG_30686	0.977
GRCh38_CMRG_41887	0.977
GRCh38_CMRG_1772	0.977
GRCh38_CMRG_61596	0.977
GRCh38_CMRG_61887	0.976
GRCh38_CMRG_23134	0.976
GRCh38_CMRG_45681	0.976
GRCh38_CMRG_5933	0.976
GRCh38_CMRG_65113	0.976
GRCh38_CMRG_44603	0.975
GRCh38_CMRG_50143	0.975
GRCh38_CMRG_34020	0.975
GRCh38_CMRG_61180	0.975
GRCh38_CMRG_36503	0.975
GRCh38_CMRG_62062	0.975
GRCh38_CMRG_37357	0.975
GRCh38_CMRG_35614	0.975
GRCh38_CMRG_61585	0.975
GRCh38_CMRG_36314	0.975
GRCh38_CMRG_36213	0.975
GRCh38_CMRG_17365	0.974
GRCh38_CMRG_39091	0.974
GRCh38_CMRG_52099	0.974
GRCh38_CMRG_83788	0.974
GRCh38_CMRG_41074	0.974
GRCh38_CMRG_51709	0.974
GRCh38_CMRG_7120	0.974
GRCh38_CMRG_74941	0.974
GRCh38_CMRG_58621	0.974
GRCh38_CMRG_17661	0.974
GRCh38_CMRG_17988	0.974
GRCh38_CMRG_84119	0.974
GRCh38_CMRG_19346	0.974
GRCh38_CMRG_61113	0.973
GRCh38_CMRG_61654	0.973
GRCh38_CMRG_55639	0.973
GRCh38_CMRG_61177	0.973
GRCh38_CMRG_61475	0.973
GRCh38_CMRG_61378	0.973
GRCh38_CMRG_60939	0.973
GRCh38_CMRG_61660	0.973
GRCh38_CMRG_61178	0.973
GRCh38_CMRG_61552	0.973
GRCh38_CMRG_72123	0.973
GRCh38_CMRG_32934	0.972
GRCh38_CMRG_59941	0.972
GRCh38_CMRG_31491	0.972
GRCh38_CMRG_61938	0.972
GRCh38_CMRG_1982	0.972
GRCh38_CMRG_8546	0.972
GRCh38_CMRG_36955	0.972
GRCh38_CMRG_78970	0.972
GRCh38_CMRG_59940	0.972
GRCh38_CMRG_80010	0.972
GRCh38_CMRG_8777	0.972
GRCh38_CMRG_59797	0.972
GRCh38_CMRG_24654	0.972
GRCh38_CMRG_79920	0.972
GRCh38_CMRG_79061	0.972
GRCh38_CMRG_33004	0.972
GRCh38_CMRG_61777	0.972
GRCh38_CMRG_48008	0.971
GRCh38_CMRG_1420	0.971
GRCh38_CMRG_1421	0.971
GRCh38_CMRG_5724	0.97
GRCh38_CMRG_50411	0.97
GRCh38_CMRG_26711	0.97
GRCh38_CMRG_32074	0.97
GRCh38_CMRG_61766	0.97
GRCh38_CMRG_49972	0.97
GRCh38_CMRG_83524	0.97
GRCh38_CMRG_61765	0.97
GRCh38_CMRG_59631	0.97
GRCh38_CMRG_2620	0.969
GRCh38_CMRG_74145	0.969
GRCh38_CMRG_1725	0.969
GRCh38_CMRG_64184	0.969
GRCh38_CMRG_19018	0.969
GRCh38_CMRG_9727	0.969
GRCh38_CMRG_12718	0.969
GRCh38_CMRG_74135	0.969
GRCh38_CMRG_2625	0.969
GRCh38_CMRG_72311	0.968
GRCh38_CMRG_71979	0.968
GRCh38_CMRG_72090	0.968
GRCh38_CMRG_72366	0.968
GRCh38_CMRG_32446	0.968
GRCh38_CMRG_72094	0.968
GRCh38_CMRG_18086	0.968
GRCh38_CMRG_60325	0.968
GRCh38_CMRG_36629	0.968
GRCh38_CMRG_18579	0.968
GRCh38_CMRG_28106	0.968
GRCh38_CMRG_34788	0.967
GRCh38_CMRG_41202	0.967
GRCh38_CMRG_73694	0.967
GRCh38_CMRG_41090	0.967
GRCh38_CMRG_44856	0.967
GRCh38_CMRG_41364	0.967
GRCh38_CMRG_61396	0.967
GRCh38_CMRG_33654	0.967
GRCh38_CMRG_33106	0.967
GRCh38_CMRG_41363	0.967
GRCh38_CMRG_37894	0.967
GRCh38_CMRG_1256	0.967
GRCh38_CMRG_33994	0.967
GRCh38_CMRG_8205	0.966
GRCh38_CMRG_28523	0.966
GRCh38_CMRG_8400	0.966
GRCh38_CMRG_8683	0.966
GRCh38_CMRG_77026	0.966
GRCh38_CMRG_29242	0.966
GRCh38_CMRG_46519	0.965
GRCh38_CMRG_47269	0.965
GRCh38_CMRG_70180	0.964
GRCh38_CMRG_70178	0.964
GRCh38_CMRG_751	0.964
GRCh38_CMRG_68731	0.964
GRCh38_CMRG_12932	0.964
GRCh38_CMRG_64293	0.963
GRCh38_CMRG_64661	0.963
GRCh38_CMRG_73209	0.963
GRCh38_CMRG_83710	0.963
GRCh38_CMRG_64662	0.963
GRCh38_CMRG_73698	0.962
GRCh38_CMRG_76833	0.962
GRCh38_CMRG_28566	0.962
GRCh38_CMRG_51965	0.961
GRCh38_CMRG_51647	0.961
GRCh38_CMRG_67823	0.961
GRCh38_CMRG_51555	0.961
GRCh38_CMRG_10649	0.961
GRCh38_CMRG_52218	0.961
GRCh38_CMRG_11844	0.961
GRCh38_CMRG_13125	0.961
GRCh38_CMRG_52217	0.961
GRCh38_CMRG_11154	0.961
GRCh38_CMRG_19830	0.961
GRCh38_CMRG_69620	0.961
GRCh38_CMRG_64165	0.961
GRCh38_CMRG_61550	0.96
GRCh38_CMRG_6772	0.96
GRCh38_CMRG_61551	0.96
GRCh38_CMRG_81846	0.96
GRCh38_CMRG_7024	0.96
GRCh38_CMRG_82008	0.96
GRCh38_CMRG_58895	0.959
GRCh38_CMRG_27655	0.959
GRCh38_CMRG_58896	0.959
GRCh38_CMRG_33375	0.959
GRCh38_CMRG_59141	0.959
GRCh38_CMRG_33523	0.959
GRCh38_CMRG_59534	0.959
GRCh38_CMRG_27552	0.959
GRCh38_CMRG_61683	0.959
GRCh38_CMRG_17538	0.958
GRCh38_CMRG_11226	0.958
GRCh38_CMRG_60290	0.958
GRCh38_CMRG_1322	0.957
GRCh38_CMRG_52320	0.957
GRCh38_CMRG_7218	0.957
GRCh38_CMRG_52329	0.957
GRCh38_CMRG_19599	0.956
GRCh38_CMRG_41379	0.956
GRCh38_CMRG_75652	0.956
GRCh38_CMRG_22999	0.956
GRCh38_CMRG_27799	0.956
GRCh38_CMRG_22957	0.956
GRCh38_CMRG_47273	0.956
GRCh38_CMRG_67239	0.955
GRCh38_CMRG_36445	0.955
GRCh38_CMRG_37034	0.955
GRCh38_CMRG_65452	0.955
GRCh38_CMRG_30875	0.955
GRCh38_CMRG_31857	0.955
GRCh38_CMRG_31582	0.955
GRCh38_CMRG_61247	0.955
GRCh38_CMRG_72945	0.955
GRCh38_CMRG_72960	0.955
GRCh38_CMRG_48364	0.954
GRCh38_CMRG_51358	0.954
GRCh38_CMRG_32891	0.954
GRCh38_CMRG_50715	0.954
GRCh38_CMRG_24104	0.953
GRCh38_CMRG_54027	0.953
GRCh38_CMRG_23991	0.953
GRCh38_CMRG_40232	0.953
GRCh38_CMRG_24107	0.953
GRCh38_CMRG_24033	0.953
GRCh38_CMRG_37964	0.953
GRCh38_CMRG_71811	0.953
GRCh38_CMRG_50823	0.953
GRCh38_CMRG_13945	0.953
GRCh38_CMRG_12612	0.953
GRCh38_CMRG_21229	0.952
GRCh38_CMRG_71789	0.952
GRCh38_CMRG_70448	0.952
GRCh38_CMRG_27310	0.952
GRCh38_CMRG_45349	0.952
GRCh38_CMRG_45345	0.952
GRCh38_CMRG_19067	0.952
GRCh38_CMRG_42359	0.952
GRCh38_CMRG_70303	0.952
GRCh38_CMRG_19225	0.952
GRCh38_CMRG_19058	0.952
GRCh38_CMRG_19584	0.952
GRCh38_CMRG_75552	0.951
GRCh38_CMRG_52041	0.951
GRCh38_CMRG_12701	0.951
GRCh38_CMRG_26652	0.951
GRCh38_CMRG_55630	0.95
GRCh38_CMRG_1848	0.95
GRCh38_CMRG_13634	0.95
GRCh38_CMRG_54433	0.95
GRCh38_CMRG_59855	0.949
GRCh38_CMRG_44741	0.949
GRCh38_CMRG_29304	0.948
GRCh38_CMRG_29303	0.948
GRCh38_CMRG_77351	0.948
GRCh38_CMRG_31751	0.948
GRCh38_CMRG_1127	0.946
GRCh38_CMRG_50772	0.946
GRCh38_CMRG_25860	0.946
GRCh38_CMRG_25859	0.946
GRCh38_CMRG_31459	0.945
GRCh38_CMRG_58146	0.945
GRCh38_CMRG_58178	0.945
GRCh38_CMRG_73352	0.944
GRCh38_CMRG_73764	0.943
GRCh38_CMRG_53782	0.943
GRCh38_CMRG_72277	0.943
GRCh38_CMRG_22762	0.942
GRCh38_CMRG_82120	0.942
GRCh38_CMRG_12703	0.942
GRCh38_CMRG_49746	0.942
GRCh38_CMRG_60459	0.941
GRCh38_CMRG_68366	0.941
GRCh38_CMRG_2116	0.941
GRCh38_CMRG_43939	0.941
GRCh38_CMRG_1211	0.941
GRCh38_CMRG_68299	0.941
GRCh38_CMRG_6243	0.941
GRCh38_CMRG_55643	0.94
GRCh38_CMRG_55120	0.94
GRCh38_CMRG_13041	0.94
GRCh38_CMRG_53976	0.94
GRCh38_CMRG_59416	0.94
GRCh38_CMRG_58520	0.94
GRCh38_CMRG_59047	0.94
GRCh38_CMRG_55191	0.94
GRCh38_CMRG_58724	0.94
GRCh38_CMRG_61548	0.939
GRCh38_CMRG_61173	0.939
GRCh38_CMRG_61081	0.939
GRCh38_CMRG_81372	0.939
GRCh38_CMRG_61054	0.939
GRCh38_CMRG_61555	0.939
GRCh38_CMRG_62183	0.939
GRCh38_CMRG_61554	0.939
GRCh38_CMRG_14500	0.939
GRCh38_CMRG_60319	0.939
GRCh38_CMRG_61800	0.939
GRCh38_CMRG_61429	0.939
GRCh38_CMRG_61679	0.939
GRCh38_CMRG_61047	0.939
GRCh38_CMRG_61549	0.939
GRCh38_CMRG_61415	0.939
GRCh38_CMRG_61540	0.939
GRCh38_CMRG_62190	0.939
GRCh38_CMRG_61767	0.939
GRCh38_CMRG_17790	0.937
GRCh38_CMRG_58426	0.937
GRCh38_CMRG_17791	0.937
GRCh38_CMRG_5780	0.936
GRCh38_CMRG_62559	0.936
GRCh38_CMRG_62182	0.936
GRCh38_CMRG_69221	0.936
GRCh38_CMRG_15040	0.936
GRCh38_CMRG_53458	0.936
GRCh38_CMRG_1959	0.936
GRCh38_CMRG_62608	0.936
GRCh38_CMRG_24868	0.936
GRCh38_CMRG_54591	0.936
GRCh38_CMRG_1958	0.936
GRCh38_CMRG_53457	0.936
GRCh38_CMRG_62045	0.936
GRCh38_CMRG_54605	0.936
GRCh38_CMRG_62046	0.936
GRCh38_CMRG_36740	0.936
GRCh38_CMRG_26731	0.936
GRCh38_CMRG_1617	0.936
GRCh38_CMRG_64306	0.935
GRCh38_CMRG_47557	0.935
GRCh38_CMRG_24532	0.935
GRCh38_CMRG_51966	0.935
GRCh38_CMRG_61990	0.934
GRCh38_CMRG_61287	0.933
GRCh38_CMRG_12663	0.933
GRCh38_CMRG_61286	0.933
GRCh38_CMRG_60823	0.933
GRCh38_CMRG_14258	0.932
GRCh38_CMRG_79378	0.931
GRCh38_CMRG_41700	0.931
GRCh38_CMRG_41701	0.931
GRCh38_CMRG_5825	0.931
GRCh38_CMRG_45266	0.931
GRCh38_CMRG_41229	0.931
GRCh38_CMRG_41976	0.93
GRCh38_CMRG_74089	0.93
GRCh38_CMRG_74887	0.93
GRCh38_CMRG_79020	0.929
GRCh38_CMRG_11324	0.929
GRCh38_CMRG_28279	0.929
GRCh38_CMRG_79019	0.929
GRCh38_CMRG_28156	0.929
GRCh38_CMRG_37869	0.929
GRCh38_CMRG_28280	0.929
GRCh38_CMRG_14717	0.928
GRCh38_CMRG_12286	0.927
GRCh38_CMRG_14009	0.927
GRCh38_CMRG_76860	0.926
GRCh38_CMRG_39191	0.926
GRCh38_CMRG_79193	0.926
GRCh38_CMRG_14469	0.923
GRCh38_CMRG_13891	0.923
GRCh38_CMRG_58500	0.923
GRCh38_CMRG_13929	0.923
GRCh38_CMRG_13939	0.923
GRCh38_CMRG_844	0.923
GRCh38_CMRG_33457	0.922
GRCh38_CMRG_33335	0.922
GRCh38_CMRG_73820	0.922
GRCh38_CMRG_48027	0.921
GRCh38_CMRG_18712	0.921
GRCh38_CMRG_18692	0.921
GRCh38_CMRG_6184	0.921
GRCh38_CMRG_44290	0.92
GRCh38_CMRG_45487	0.92
GRCh38_CMRG_29530	0.92
GRCh38_CMRG_80031	0.92
GRCh38_CMRG_48463	0.919
GRCh38_CMRG_26662	0.919
GRCh38_CMRG_28338	0.919
GRCh38_CMRG_77534	0.918
GRCh38_CMRG_8107	0.918
GRCh38_CMRG_25249	0.918
GRCh38_CMRG_27761	0.918
GRCh38_CMRG_26797	0.918
GRCh38_CMRG_52234	0.916
GRCh38_CMRG_13344	0.912
GRCh38_CMRG_1579	0.911
GRCh38_CMRG_824	0.91
GRCh38_CMRG_58955	0.91
GRCh38_CMRG_51466	0.907
GRCh38_CMRG_83896	0.904
GRCh38_CMRG_68382	0.904
GRCh38_CMRG_21119	0.904
GRCh38_CMRG_11451	0.903
GRCh38_CMRG_73109	0.902
GRCh38_CMRG_10736	0.902
GRCh38_CMRG_29769	0.902
GRCh38_CMRG_82016	0.901
GRCh38_CMRG_47059	0.901
GRCh38_CMRG_42567	0.901
GRCh38_CMRG_70099	0.9
GRCh38_CMRG_15424	0.899
GRCh38_CMRG_11563	0.898
GRCh38_CMRG_40122	0.898
GRCh38_CMRG_11564	0.898
GRCh38_CMRG_39583	0.898
GRCh38_CMRG_40121	0.898
GRCh38_CMRG_37307	0.897
GRCh38_CMRG_26265	0.897
GRCh38_CMRG_9242	0.896
GRCh38_CMRG_62266	0.895
GRCh38_CMRG_75536	0.894
GRCh38_CMRG_33850	0.894
GRCh38_CMRG_18227	0.893
GRCh38_CMRG_33229	0.893
GRCh38_CMRG_50219	0.892
GRCh38_CMRG_32598	0.89
GRCh38_CMRG_31570	0.89
GRCh38_CMRG_38332	0.888
GRCh38_CMRG_43974	0.887
GRCh38_CMRG_62569	0.884
GRCh38_CMRG_77302	0.883
GRCh38_CMRG_44945	0.883
GRCh38_CMRG_25366	0.879
GRCh38_CMRG_75523	0.879
GRCh38_CMRG_83902	0.878
GRCh38_CMRG_11687	0.878
GRCh38_CMRG_67795	0.877
GRCh38_CMRG_13453	0.877
GRCh38_CMRG_79980	0.877
GRCh38_CMRG_68436	0.876
GRCh38_CMRG_45062	0.876
GRCh38_CMRG_69859	0.875
GRCh38_CMRG_26755	0.874
GRCh38_CMRG_24099	0.874
GRCh38_CMRG_50074	0.874
GRCh38_CMRG_24098	0.874
GRCh38_CMRG_26756	0.874
GRCh38_CMRG_67335	0.872
GRCh38_CMRG_51797	0.872
GRCh38_CMRG_59450	0.872
GRCh38_CMRG_9749	0.872
GRCh38_CMRG_51549	0.872
GRCh38_CMRG_49877	0.872
GRCh38_CMRG_36738	0.87
GRCh38_CMRG_30995	0.87
GRCh38_CMRG_30994	0.87
GRCh38_CMRG_61658	0.869
GRCh38_CMRG_68290	0.869
GRCh38_CMRG_34222	0.868
GRCh38_CMRG_83722	0.867
GRCh38_CMRG_40899	0.864
GRCh38_CMRG_72819	0.863
GRCh38_CMRG_68239	0.863
GRCh38_CMRG_58937	0.863
GRCh38_CMRG_29647	0.861
GRCh38_CMRG_77506	0.86
GRCh38_CMRG_18276	0.86
GRCh38_CMRG_71982	0.86
GRCh38_CMRG_76658	0.859
GRCh38_CMRG_55009	0.859
GRCh38_CMRG_55404	0.859
GRCh38_CMRG_55010	0.859
GRCh38_CMRG_13183	0.858
GRCh38_CMRG_44913	0.858
GRCh38_CMRG_53585	0.858
GRCh38_CMRG_62561	0.857
GRCh38_CMRG_44551	0.857
GRCh38_CMRG_48131	0.856
GRCh38_CMRG_31051	0.855
GRCh38_CMRG_38330	0.855
GRCh38_CMRG_59853	0.853
GRCh38_CMRG_48868	0.851
GRCh38_CMRG_23783	0.847
GRCh38_CMRG_22571	0.847
GRCh38_CMRG_62281	0.847
GRCh38_CMRG_59783	0.843
GRCh38_CMRG_62515	0.842
GRCh38_CMRG_74717	0.841
GRCh38_CMRG_48847	0.841
GRCh38_CMRG_51956	0.838
GRCh38_CMRG_83171	0.836
GRCh38_CMRG_62649	0.834
GRCh38_CMRG_29192	0.832
GRCh38_CMRG_53627	0.831
GRCh38_CMRG_50108	0.829
GRCh38_CMRG_69223	0.826
GRCh38_CMRG_51173	0.823
GRCh38_CMRG_70682	0.821
GRCh38_CMRG_77729	0.821
GRCh38_CMRG_48567	0.821
GRCh38_CMRG_74986	0.818
GRCh38_CMRG_44941	0.817
GRCh38_CMRG_11208	0.816
GRCh38_CMRG_39271	0.816
GRCh38_CMRG_67340	0.813
GRCh38_CMRG_73604	0.812
GRCh38_CMRG_72210	0.811
GRCh38_CMRG_68986	0.811
GRCh38_CMRG_72211	0.811
GRCh38_CMRG_31545	0.809
GRCh38_CMRG_54748	0.808
GRCh38_CMRG_29728	0.801
GRCh38_CMRG_33069	0.799
GRCh38_CMRG_80003	0.797
GRCh38_CMRG_52392	0.797
GRCh38_CMRG_9311	0.794
GRCh38_CMRG_32750	0.793
GRCh38_CMRG_64728	0.79
GRCh38_CMRG_48720	0.786
GRCh38_CMRG_52304	0.786
GRCh38_CMRG_66392	0.783
GRCh38_CMRG_38169	0.776
GRCh38_CMRG_52248	0.775
GRCh38_CMRG_17085	0.769
GRCh38_CMRG_26416	0.768
GRCh38_CMRG_58640	0.765
GRCh38_CMRG_14001	0.759
GRCh38_CMRG_727	0.749
GRCh38_CMRG_55263	0.737
GRCh38_CMRG_38702	0.732
GRCh38_CMRG_26436	0.73
GRCh38_CMRG_51489	0.713
GRCh38_CMRG_52235	0.697
GRCh38_CMRG_29873	0.696
GRCh38_CMRG_31281	0.688
GRCh38_CMRG_29541	0.673
GRCh38_CMRG_79509	0.602
GRCh38_CMRG_15607	0.58
GRCh38_CMRG_60427	0.527
GRCh38_CMRG_42571	0.998
GRCh38_CMRG_42570	0.998
GRCh38_CMRG_81455	0.998
GRCh38_CMRG_46766	0.996
GRCh38_CMRG_23824	0.995
GRCh38_CMRG_14038	0.994
GRCh38_CMRG_14037	0.994
GRCh38_CMRG_44857	0.993
GRCh38_CMRG_36878	0.991
GRCh38_CMRG_15662	0.991
GRCh38_CMRG_55751	0.991
GRCh38_CMRG_54707	0.991
GRCh38_CMRG_17778	0.991
GRCh38_CMRG_68027	0.991
GRCh38_CMRG_64177	0.991
GRCh38_CMRG_55750	0.991
GRCh38_CMRG_67960	0.991
GRCh38_CMRG_54571	0.991
GRCh38_CMRG_21253	0.99
GRCh38_CMRG_21254	0.99
GRCh38_CMRG_13598	0.989
GRCh38_CMRG_1358	0.989
GRCh38_CMRG_44261	0.989
GRCh38_CMRG_29936	0.989
GRCh38_CMRG_13599	0.989
GRCh38_CMRG_45085	0.989
GRCh38_CMRG_28921	0.989
GRCh38_CMRG_29115	0.988
GRCh38_CMRG_31276	0.988
GRCh38_CMRG_26021	0.988
GRCh38_CMRG_31212	0.988
GRCh38_CMRG_43851	0.988
GRCh38_CMRG_76672	0.988
GRCh38_CMRG_24555	0.988
GRCh38_CMRG_51027	0.987
GRCh38_CMRG_25034	0.987
GRCh38_CMRG_44823	0.987
GRCh38_CMRG_63315	0.986
GRCh38_CMRG_63734	0.986
GRCh38_CMRG_63752	0.986
GRCh38_CMRG_64887	0.986
GRCh38_CMRG_49374	0.985
GRCh38_CMRG_35907	0.985
GRCh38_CMRG_49451	0.985
GRCh38_CMRG_36304	0.985
GRCh38_CMRG_34722	0.985
GRCh38_CMRG_49360	0.985
GRCh38_CMRG_49352	0.985
GRCh38_CMRG_49350	0.985
GRCh38_CMRG_49489	0.985
GRCh38_CMRG_21751	0.983
GRCh38_CMRG_40629	0.983
GRCh38_CMRG_8161	0.983
GRCh38_CMRG_40628	0.983
GRCh38_CMRG_39161	0.983
GRCh38_CMRG_70057	0.982
GRCh38_CMRG_83860	0.982
GRCh38_CMRG_60104	0.982
GRCh38_CMRG_65060	0.982
GRCh38_CMRG_65639	0.982
GRCh38_CMRG_84151	0.982
GRCh38_CMRG_70963	0.982
GRCh38_CMRG_54357	0.982
GRCh38_CMRG_29814	0.981
GRCh38_CMRG_53341	0.981
GRCh38_CMRG_53018	0.981
GRCh38_CMRG_14083	0.981
GRCh38_CMRG_63902	0.98
GRCh38_CMRG_64615	0.98
GRCh38_CMRG_21452	0.98
GRCh38_CMRG_64340	0.98
GRCh38_CMRG_28274	0.979
GRCh38_CMRG_27143	0.979
GRCh38_CMRG_11635	0.979
GRCh38_CMRG_25041	0.978
GRCh38_CMRG_46151	0.978
GRCh38_CMRG_7082	0.978
GRCh38_CMRG_12217	0.977
GRCh38_CMRG_61243	0.977
GRCh38_CMRG_23263	0.976
GRCh38_CMRG_8271	0.976
GRCh38_CMRG_23011	0.976
GRCh38_CMRG_23264	0.976
GRCh38_CMRG_22278	0.976
GRCh38_CMRG_5718	0.976
GRCh38_CMRG_552	0.976
GRCh38_CMRG_12516	0.976
GRCh38_CMRG_65491	0.975
GRCh38_CMRG_50634	0.975
GRCh38_CMRG_50629	0.975
GRCh38_CMRG_61734	0.975
GRCh38_CMRG_21435	0.974
GRCh38_CMRG_64790	0.974
GRCh38_CMRG_19333	0.974
GRCh38_CMRG_64833	0.974
GRCh38_CMRG_13860	0.973
GRCh38_CMRG_71680	0.973
GRCh38_CMRG_28695	0.972
GRCh38_CMRG_70905	0.971
GRCh38_CMRG_64132	0.97
GRCh38_CMRG_36751	0.97
GRCh38_CMRG_11158	0.969
GRCh38_CMRG_33894	0.969
GRCh38_CMRG_23558	0.969
GRCh38_CMRG_22826	0.969
GRCh38_CMRG_13291	0.969
GRCh38_CMRG_2762	0.969
GRCh38_CMRG_24771	0.969
GRCh38_CMRG_42562	0.968
GRCh38_CMRG_28773	0.968
GRCh38_CMRG_41389	0.967
GRCh38_CMRG_60383	0.967
GRCh38_CMRG_82822	0.967
GRCh38_CMRG_29943	0.967
GRCh38_CMRG_58662	0.967
GRCh38_CMRG_9129	0.967
GRCh38_CMRG_33829	0.967
GRCh38_CMRG_35891	0.967
GRCh38_CMRG_36664	0.967
GRCh38_CMRG_12025	0.967
GRCh38_CMRG_41055	0.967
GRCh38_CMRG_29942	0.967
GRCh38_CMRG_58707	0.967
GRCh38_CMRG_11177	0.966
GRCh38_CMRG_13295	0.966
GRCh38_CMRG_11145	0.966
GRCh38_CMRG_65932	0.966
GRCh38_CMRG_66151	0.966
GRCh38_CMRG_67977	0.966
GRCh38_CMRG_34276	0.965
GRCh38_CMRG_17686	0.964
GRCh38_CMRG_17047	0.964
GRCh38_CMRG_18169	0.964
GRCh38_CMRG_45210	0.964
GRCh38_CMRG_42060	0.963
GRCh38_CMRG_69566	0.963
GRCh38_CMRG_21585	0.962
GRCh38_CMRG_39097	0.961
GRCh38_CMRG_49379	0.96
GRCh38_CMRG_45635	0.96
GRCh38_CMRG_55097	0.96
GRCh38_CMRG_39985	0.959
GRCh38_CMRG_40875	0.959
GRCh38_CMRG_41466	0.959
GRCh38_CMRG_49079	0.959
GRCh38_CMRG_46762	0.959
GRCh38_CMRG_28053	0.958
GRCh38_CMRG_44021	0.957
GRCh38_CMRG_7343	0.956
GRCh38_CMRG_1392	0.956
GRCh38_CMRG_5742	0.956
GRCh38_CMRG_49155	0.955
GRCh38_CMRG_28821	0.955
GRCh38_CMRG_39335	0.955
GRCh38_CMRG_39884	0.954
GRCh38_CMRG_41329	0.954
GRCh38_CMRG_50920	0.954
GRCh38_CMRG_40985	0.954
GRCh38_CMRG_39389	0.954
GRCh38_CMRG_11966	0.953
GRCh38_CMRG_13588	0.951
GRCh38_CMRG_17475	0.951
GRCh38_CMRG_74769	0.951
GRCh38_CMRG_13237	0.951
GRCh38_CMRG_32363	0.948
GRCh38_CMRG_41967	0.948
GRCh38_CMRG_42480	0.948
GRCh38_CMRG_41968	0.948
GRCh38_CMRG_7490	0.948
GRCh38_CMRG_47928	0.945
GRCh38_CMRG_74405	0.944
GRCh38_CMRG_74641	0.944
GRCh38_CMRG_48696	0.944
GRCh38_CMRG_5991	0.943
GRCh38_CMRG_30622	0.941
GRCh38_CMRG_61489	0.939
GRCh38_CMRG_59975	0.939
GRCh38_CMRG_60796	0.939
GRCh38_CMRG_23794	0.939
GRCh38_CMRG_63447	0.938
GRCh38_CMRG_37302	0.938
GRCh38_CMRG_38063	0.938
GRCh38_CMRG_6459	0.937
GRCh38_CMRG_35546	0.936
GRCh38_CMRG_35547	0.936
GRCh38_CMRG_48640	0.935
GRCh38_CMRG_45080	0.935
GRCh38_CMRG_45212	0.935
GRCh38_CMRG_45213	0.935
GRCh38_CMRG_60885	0.933
GRCh38_CMRG_60766	0.933
GRCh38_CMRG_41328	0.931
GRCh38_CMRG_41708	0.931
GRCh38_CMRG_8162	0.929
GRCh38_CMRG_2848	0.929
GRCh38_CMRG_7920	0.929
GRCh38_CMRG_8148	0.929
GRCh38_CMRG_52365	0.929
GRCh38_CMRG_12287	0.928
GRCh38_CMRG_7861	0.928
GRCh38_CMRG_44428	0.928
GRCh38_CMRG_84432	0.924
GRCh38_CMRG_66375	0.921
GRCh38_CMRG_10640	0.919
GRCh38_CMRG_10639	0.919
GRCh38_CMRG_37039	0.919
GRCh38_CMRG_18463	0.918
GRCh38_CMRG_6541	0.91
GRCh38_CMRG_31431	0.907
GRCh38_CMRG_14923	0.905
GRCh38_CMRG_14811	0.905
GRCh38_CMRG_68166	0.905
GRCh38_CMRG_74898	0.9
GRCh38_CMRG_38069	0.898
GRCh38_CMRG_19855	0.895
GRCh38_CMRG_17737	0.892
GRCh38_CMRG_20863	0.891
GRCh38_CMRG_43802	0.891
GRCh38_CMRG_28425	0.882
GRCh38_CMRG_28397	0.882
GRCh38_CMRG_44030	0.879
GRCh38_CMRG_17582	0.875
GRCh38_CMRG_17500	0.875
GRCh38_CMRG_16633	0.875
GRCh38_CMRG_72380	0.874
GRCh38_CMRG_28074	0.867
GRCh38_CMRG_10486	0.866
GRCh38_CMRG_29920	0.864
GRCh38_CMRG_73999	0.851
GRCh38_CMRG_42551	0.838
GRCh38_CMRG_19574	0.834
GRCh38_CMRG_2084	0.828
GRCh38_CMRG_60346	0.824
GRCh38_CMRG_27019	0.822
GRCh38_CMRG_52007	0.818
GRCh38_CMRG_44622	0.803
GRCh38_CMRG_38148	0.795
GRCh38_CMRG_46209	0.777
GRCh38_CMRG_51912	0.742
GRCh38_CMRG_23218	0.732
GRCh38_CMRG_23714	0.732
GRCh38_CMRG_65365	0.69
GRCh38_CMRG_15612	0.657
GRCh38_CMRG_84163	0.647
GRCh38_CMRG_50701	0.641
GRCh38_CMRG_63299	0.995
GRCh38_CMRG_64743	0.993
GRCh38_CMRG_64742	0.993
GRCh38_CMRG_795	0.991
GRCh38_CMRG_36538	0.99
GRCh38_CMRG_36418	0.989
GRCh38_CMRG_82597	0.989
GRCh38_CMRG_37408	0.989
GRCh38_CMRG_26500	0.987
GRCh38_CMRG_26499	0.987
GRCh38_CMRG_45632	0.987
GRCh38_CMRG_45709	0.987
GRCh38_CMRG_44075	0.985
GRCh38_CMRG_70458	0.983
GRCh38_CMRG_70294	0.983
GRCh38_CMRG_8081	0.983
GRCh38_CMRG_41143	0.983
GRCh38_CMRG_31232	0.98
GRCh38_CMRG_41072	0.98
GRCh38_CMRG_15423	0.979
GRCh38_CMRG_46324	0.978
GRCh38_CMRG_34137	0.977
GRCh38_CMRG_2045	0.976
GRCh38_CMRG_16815	0.976
GRCh38_CMRG_22783	0.976
GRCh38_CMRG_55227	0.976
GRCh38_CMRG_49901	0.975
GRCh38_CMRG_22511	0.975
GRCh38_CMRG_83346	0.974
GRCh38_CMRG_52242	0.974
GRCh38_CMRG_27611	0.973
GRCh38_CMRG_49902	0.973
GRCh38_CMRG_62452	0.973
GRCh38_CMRG_6250	0.972
GRCh38_CMRG_14747	0.972
GRCh38_CMRG_23777	0.972
GRCh38_CMRG_49968	0.97
GRCh38_CMRG_71438	0.967
GRCh38_CMRG_21318	0.965
GRCh38_CMRG_41952	0.963
GRCh38_CMRG_50451	0.962
GRCh38_CMRG_50048	0.961
GRCh38_CMRG_47955	0.959
GRCh38_CMRG_58772	0.958
GRCh38_CMRG_37695	0.957
GRCh38_CMRG_45707	0.955
GRCh38_CMRG_63789	0.954
GRCh38_CMRG_48553	0.954
GRCh38_CMRG_47353	0.953
GRCh38_CMRG_13763	0.953
GRCh38_CMRG_17684	0.953
GRCh38_CMRG_42529	0.952
GRCh38_CMRG_59355	0.951
GRCh38_CMRG_75508	0.951
GRCh38_CMRG_14693	0.951
GRCh38_CMRG_2139	0.95
GRCh38_CMRG_71997	0.949
GRCh38_CMRG_45568	0.949
GRCh38_CMRG_36287	0.948
GRCh38_CMRG_41600	0.948
GRCh38_CMRG_40520	0.946
GRCh38_CMRG_72151	0.944
GRCh38_CMRG_37725	0.943
GRCh38_CMRG_44861	0.942
GRCh38_CMRG_23001	0.942
GRCh38_CMRG_8460	0.942
GRCh38_CMRG_11944	0.941
GRCh38_CMRG_72430	0.94
GRCh38_CMRG_23845	0.938
GRCh38_CMRG_23782	0.938
GRCh38_CMRG_73047	0.938
GRCh38_CMRG_8336	0.938
GRCh38_CMRG_21808	0.938
GRCh38_CMRG_47574	0.937
GRCh38_CMRG_17048	0.936
GRCh38_CMRG_46768	0.934
GRCh38_CMRG_73917	0.929
GRCh38_CMRG_73202	0.924
GRCh38_CMRG_17786	0.924
GRCh38_CMRG_51536	0.916
GRCh38_CMRG_14822	0.908
GRCh38_CMRG_68422	0.904
GRCh38_CMRG_7215	0.902
GRCh38_CMRG_20875	0.9
GRCh38_CMRG_23274	0.9
GRCh38_CMRG_23083	0.9
GRCh38_CMRG_28120	0.892
GRCh38_CMRG_28119	0.892
GRCh38_CMRG_36798	0.887
GRCh38_CMRG_76897	0.876
GRCh38_CMRG_23989	0.874
GRCh38_CMRG_19550	0.868
GRCh38_CMRG_26594	0.865
GRCh38_CMRG_35558	0.861
GRCh38_CMRG_42488	0.86
GRCh38_CMRG_54543	0.859
GRCh38_CMRG_54439	0.859
GRCh38_CMRG_54270	0.859
GRCh38_CMRG_54269	0.859
GRCh38_CMRG_60405	0.848
GRCh38_CMRG_54415	0.838
GRCh38_CMRG_46373	0.834
GRCh38_CMRG_46374	0.834
GRCh38_CMRG_8419	0.821
GRCh38_CMRG_31252	0.82
GRCh38_CMRG_22274	0.814
GRCh38_CMRG_44721	0.808
GRCh38_CMRG_45205	0.806
GRCh38_CMRG_54334	0.799
GRCh38_CMRG_49100	0.786
GRCh38_CMRG_47788	0.778
GRCh38_CMRG_1776	0.775
GRCh38_CMRG_49284	0.749
GRCh38_CMRG_26292	0.726
GRCh38_CMRG_14125	0.705
GRCh38_CMRG_79297	0.994
GRCh38_CMRG_78871	0.994
GRCh38_CMRG_37882	0.994
GRCh38_CMRG_2366	0.989
GRCh38_CMRG_7670	0.989
GRCh38_CMRG_6255	0.986
GRCh38_CMRG_84277	0.982
GRCh38_CMRG_58642	0.98
GRCh38_CMRG_58603	0.98
GRCh38_CMRG_43581	0.979
GRCh38_CMRG_76705	0.978
GRCh38_CMRG_16867	0.975
GRCh38_CMRG_26937	0.975
GRCh38_CMRG_24706	0.973
GRCh38_CMRG_79358	0.972
GRCh38_CMRG_70873	0.971
GRCh38_CMRG_35653	0.97
GRCh38_CMRG_23333	0.969
GRCh38_CMRG_16781	0.969
GRCh38_CMRG_29915	0.968
GRCh38_CMRG_16764	0.968
GRCh38_CMRG_1903	0.968
GRCh38_CMRG_46097	0.967
GRCh38_CMRG_45814	0.967
GRCh38_CMRG_36131	0.967
GRCh38_CMRG_2363	0.964
GRCh38_CMRG_84872	0.964
GRCh38_CMRG_1293	0.962
GRCh38_CMRG_50841	0.961
GRCh38_CMRG_51622	0.961
GRCh38_CMRG_38627	0.96
GRCh38_CMRG_63231	0.96
GRCh38_CMRG_36378	0.958
GRCh38_CMRG_60402	0.958
GRCh38_CMRG_23444	0.958
GRCh38_CMRG_50162	0.956
GRCh38_CMRG_52091	0.953
GRCh38_CMRG_1923	0.953
GRCh38_CMRG_47127	0.952
GRCh38_CMRG_83531	0.952
GRCh38_CMRG_23572	0.951
GRCh38_CMRG_33900	0.949
GRCh38_CMRG_11185	0.949
GRCh38_CMRG_39744	0.948
GRCh38_CMRG_27788	0.945
GRCh38_CMRG_39358	0.945
GRCh38_CMRG_26678	0.945
GRCh38_CMRG_70335	0.945
GRCh38_CMRG_54197	0.945
GRCh38_CMRG_5837	0.944
GRCh38_CMRG_7830	0.944
GRCh38_CMRG_39484	0.944
GRCh38_CMRG_60992	0.942
GRCh38_CMRG_11608	0.942
GRCh38_CMRG_39454	0.94
GRCh38_CMRG_39123	0.94
GRCh38_CMRG_80944	0.939
GRCh38_CMRG_74913	0.939
GRCh38_CMRG_29744	0.939
GRCh38_CMRG_69965	0.937
GRCh38_CMRG_53139	0.937
GRCh38_CMRG_55169	0.937
GRCh38_CMRG_37300	0.935
GRCh38_CMRG_58413	0.934
GRCh38_CMRG_39705	0.934
GRCh38_CMRG_17040	0.933
GRCh38_CMRG_51703	0.931
GRCh38_CMRG_51136	0.929
GRCh38_CMRG_51792	0.929
GRCh38_CMRG_51135	0.929
GRCh38_CMRG_8983	0.929
GRCh38_CMRG_21910	0.928
GRCh38_CMRG_81408	0.928
GRCh38_CMRG_50417	0.928
GRCh38_CMRG_73207	0.926
GRCh38_CMRG_12007	0.925
GRCh38_CMRG_1798	0.919
GRCh38_CMRG_30871	0.918
GRCh38_CMRG_60866	0.918
GRCh38_CMRG_12851	0.917
GRCh38_CMRG_45003	0.915
GRCh38_CMRG_44784	0.915
GRCh38_CMRG_23230	0.913
GRCh38_CMRG_12852	0.913
GRCh38_CMRG_12511	0.909
GRCh38_CMRG_54547	0.907
GRCh38_CMRG_71419	0.899
GRCh38_CMRG_72252	0.899
GRCh38_CMRG_71459	0.899
GRCh38_CMRG_78978	0.891
GRCh38_CMRG_25882	0.89
GRCh38_CMRG_13902	0.879
GRCh38_CMRG_6917	0.864
GRCh38_CMRG_28650	0.832
GRCh38_CMRG_59406	0.83
GRCh38_CMRG_49914	0.828
GRCh38_CMRG_52478	0.818
GRCh38_CMRG_52484	0.818
GRCh38_CMRG_83968	0.786
GRCh38_CMRG_64867	0.743
GRCh38_CMRG_83544	0.718
GRCh38_CMRG_8275	0.717
GRCh38_CMRG_81945	0.696
GRCh38_CMRG_36569	0.683
GRCh38_CMRG_73454	0.507
GRCh38_CMRG_18583	0.504
GRCh38_CMRG_39685	0.992
GRCh38_CMRG_59838	0.992
GRCh38_CMRG_39684	0.992
GRCh38_CMRG_1065	0.992
GRCh38_CMRG_1066	0.992
GRCh38_CMRG_25050	0.985
GRCh38_CMRG_48884	0.983
GRCh38_CMRG_60499	0.982
GRCh38_CMRG_71053	0.98
GRCh38_CMRG_23380	0.974
GRCh38_CMRG_35832	0.964
GRCh38_CMRG_50649	0.963
GRCh38_CMRG_8279	0.963
GRCh38_CMRG_40803	0.962
GRCh38_CMRG_53242	0.961
GRCh38_CMRG_52290	0.961
GRCh38_CMRG_43919	0.961
GRCh38_CMRG_59182	0.961
GRCh38_CMRG_22597	0.96
GRCh38_CMRG_36544	0.96
GRCh38_CMRG_59729	0.957
GRCh38_CMRG_51732	0.957
GRCh38_CMRG_19387	0.957
GRCh38_CMRG_50636	0.957
GRCh38_CMRG_37023	0.957
GRCh38_CMRG_22756	0.957
GRCh38_CMRG_44779	0.956
GRCh38_CMRG_5920	0.955
GRCh38_CMRG_63782	0.954
GRCh38_CMRG_21865	0.954
GRCh38_CMRG_48251	0.953
GRCh38_CMRG_15460	0.953
GRCh38_CMRG_16547	0.953
GRCh38_CMRG_49939	0.953
GRCh38_CMRG_54952	0.952
GRCh38_CMRG_55470	0.952
GRCh38_CMRG_5544	0.951
GRCh38_CMRG_45153	0.951
GRCh38_CMRG_24485	0.95
GRCh38_CMRG_59593	0.95
GRCh38_CMRG_24664	0.95
GRCh38_CMRG_53763	0.95
GRCh38_CMRG_53882	0.95
GRCh38_CMRG_59432	0.949
GRCh38_CMRG_59630	0.949
GRCh38_CMRG_31277	0.948
GRCh38_CMRG_54445	0.943
GRCh38_CMRG_50982	0.941
GRCh38_CMRG_44513	0.941
GRCh38_CMRG_50742	0.941
GRCh38_CMRG_60991	0.941
GRCh38_CMRG_2779	0.941
GRCh38_CMRG_54404	0.94
GRCh38_CMRG_71943	0.939
GRCh38_CMRG_33310	0.939
GRCh38_CMRG_36551	0.937
GRCh38_CMRG_58344	0.935
GRCh38_CMRG_17377	0.932
GRCh38_CMRG_29635	0.93
GRCh38_CMRG_11054	0.929
GRCh38_CMRG_77292	0.927
GRCh38_CMRG_45408	0.926
GRCh38_CMRG_79785	0.924
GRCh38_CMRG_47715	0.924
GRCh38_CMRG_54644	0.923
GRCh38_CMRG_14844	0.922
GRCh38_CMRG_16652	0.922
GRCh38_CMRG_35865	0.921
GRCh38_CMRG_55787	0.919
GRCh38_CMRG_79692	0.916
GRCh38_CMRG_22325	0.91
GRCh38_CMRG_36107	0.908
GRCh38_CMRG_17019	0.907
GRCh38_CMRG_14386	0.907
GRCh38_CMRG_22327	0.905
GRCh38_CMRG_45907	0.905
GRCh38_CMRG_62086	0.901
GRCh38_CMRG_15660	0.893
GRCh38_CMRG_34668	0.882
GRCh38_CMRG_59861	0.881
GRCh38_CMRG_84414	0.88
GRCh38_CMRG_50747	0.858
GRCh38_CMRG_49588	0.856
GRCh38_CMRG_54959	0.838
GRCh38_CMRG_67283	0.823
GRCh38_CMRG_64939	0.803
GRCh38_CMRG_51845	0.769
GRCh38_CMRG_52618	0.762
GRCh38_CMRG_12923	0.752
GRCh38_CMRG_12042	0.725
GRCh38_CMRG_27218	0.988
GRCh38_CMRG_52622	0.987
GRCh38_CMRG_83291	0.985
GRCh38_CMRG_13474	0.983
GRCh38_CMRG_83202	0.982
GRCh38_CMRG_84251	0.98
GRCh38_CMRG_22767	0.976
GRCh38_CMRG_83290	0.964
GRCh38_CMRG_50453	0.956
GRCh38_CMRG_49716	0.956
GRCh38_CMRG_52102	0.956
GRCh38_CMRG_49717	0.956
GRCh38_CMRG_83243	0.956
GRCh38_CMRG_21957	0.953
GRCh38_CMRG_12930	0.953
GRCh38_CMRG_19935	0.952
GRCh38_CMRG_59647	0.949
GRCh38_CMRG_65503	0.948
GRCh38_CMRG_2777	0.943
GRCh38_CMRG_22636	0.942
GRCh38_CMRG_22740	0.942
GRCh38_CMRG_64290	0.941
GRCh38_CMRG_11392	0.939
GRCh38_CMRG_18046	0.939
GRCh38_CMRG_61586	0.939
GRCh38_CMRG_6371	0.937
GRCh38_CMRG_6409	0.936
GRCh38_CMRG_70926	0.934
GRCh38_CMRG_38542	0.934
GRCh38_CMRG_21194	0.934
GRCh38_CMRG_18409	0.932
GRCh38_CMRG_17228	0.932
GRCh38_CMRG_17216	0.932
GRCh38_CMRG_22013	0.93
GRCh38_CMRG_29989	0.929
GRCh38_CMRG_17427	0.928
GRCh38_CMRG_45994	0.928
GRCh38_CMRG_17590	0.926
GRCh38_CMRG_30633	0.926
GRCh38_CMRG_50838	0.926
GRCh38_CMRG_48632	0.926
GRCh38_CMRG_47430	0.926
GRCh38_CMRG_50824	0.924
GRCh38_CMRG_41986	0.924
GRCh38_CMRG_33640	0.922
GRCh38_CMRG_79221	0.92
GRCh38_CMRG_12492	0.919
GRCh38_CMRG_11436	0.919
GRCh38_CMRG_18081	0.918
GRCh38_CMRG_37099	0.917
GRCh38_CMRG_31275	0.916
GRCh38_CMRG_1112	0.913
GRCh38_CMRG_50647	0.912
GRCh38_CMRG_50646	0.912
GRCh38_CMRG_68729	0.911
GRCh38_CMRG_68585	0.911
GRCh38_CMRG_30912	0.904
GRCh38_CMRG_34587	0.899
GRCh38_CMRG_74056	0.899
GRCh38_CMRG_30869	0.898
GRCh38_CMRG_32458	0.897
GRCh38_CMRG_41403	0.892
GRCh38_CMRG_78972	0.891
GRCh38_CMRG_73552	0.891
GRCh38_CMRG_29090	0.852
GRCh38_CMRG_42526	0.844
GRCh38_CMRG_10805	0.83
GRCh38_CMRG_6057	0.814
GRCh38_CMRG_42412	0.8
GRCh38_CMRG_59063	0.796
GRCh38_CMRG_13971	0.783
GRCh38_CMRG_76762	0.765
GRCh38_CMRG_42313	0.986
GRCh38_CMRG_42312	0.986
GRCh38_CMRG_28502	0.981
GRCh38_CMRG_50921	0.98
GRCh38_CMRG_33028	0.974
GRCh38_CMRG_64185	0.969
GRCh38_CMRG_70488	0.964
GRCh38_CMRG_6706	0.96
GRCh38_CMRG_32234	0.955
GRCh38_CMRG_32931	0.954
GRCh38_CMRG_51508	0.954
GRCh38_CMRG_82177	0.953
GRCh38_CMRG_44525	0.952
GRCh38_CMRG_58539	0.951
GRCh38_CMRG_74529	0.951
GRCh38_CMRG_19944	0.951
GRCh38_CMRG_19945	0.95
GRCh38_CMRG_19796	0.942
GRCh38_CMRG_25888	0.935
GRCh38_CMRG_7261	0.933
GRCh38_CMRG_10957	0.929
GRCh38_CMRG_45984	0.929
GRCh38_CMRG_23338	0.929
GRCh38_CMRG_49035	0.929
GRCh38_CMRG_43635	0.927
GRCh38_CMRG_66971	0.924
GRCh38_CMRG_38300	0.923
GRCh38_CMRG_41047	0.923
GRCh38_CMRG_27798	0.919
GRCh38_CMRG_28183	0.919
GRCh38_CMRG_17615	0.918
GRCh38_CMRG_32024	0.917
GRCh38_CMRG_585	0.917
GRCh38_CMRG_32023	0.917
GRCh38_CMRG_50660	0.913
GRCh38_CMRG_50161	0.913
GRCh38_CMRG_8567	0.913
GRCh38_CMRG_12624	0.913
GRCh38_CMRG_37852	0.911
GRCh38_CMRG_32338	0.91
GRCh38_CMRG_74732	0.908
GRCh38_CMRG_72001	0.907
GRCh38_CMRG_8984	0.907
GRCh38_CMRG_49626	0.907
GRCh38_CMRG_31558	0.906
GRCh38_CMRG_61775	0.905
GRCh38_CMRG_62231	0.905
GRCh38_CMRG_61188	0.905
GRCh38_CMRG_62340	0.905
GRCh38_CMRG_58633	0.905
GRCh38_CMRG_21922	0.904
GRCh38_CMRG_47559	0.901
GRCh38_CMRG_16865	0.901
GRCh38_CMRG_34068	0.898
GRCh38_CMRG_63625	0.897
GRCh38_CMRG_29185	0.897
GRCh38_CMRG_79182	0.895
GRCh38_CMRG_79269	0.895
GRCh38_CMRG_77045	0.895
GRCh38_CMRG_77724	0.895
GRCh38_CMRG_77044	0.895
GRCh38_CMRG_76914	0.892
GRCh38_CMRG_23741	0.887
GRCh38_CMRG_18846	0.868
GRCh38_CMRG_17808	0.867
GRCh38_CMRG_74057	0.857
GRCh38_CMRG_16660	0.85
GRCh38_CMRG_52390	0.834
GRCh38_CMRG_44938	0.777
GRCh38_CMRG_81952	0.759
GRCh38_CMRG_39293	0.728
GRCh38_CMRG_1171	0.7
GRCh38_CMRG_64650	0.986
GRCh38_CMRG_64649	0.986
GRCh38_CMRG_77377	0.982
GRCh38_CMRG_83711	0.982
GRCh38_CMRG_84057	0.98
GRCh38_CMRG_69329	0.979
GRCh38_CMRG_22351	0.975
GRCh38_CMRG_1290	0.971
GRCh38_CMRG_76743	0.967
GRCh38_CMRG_34293	0.956
GRCh38_CMRG_58614	0.956
GRCh38_CMRG_58820	0.956
GRCh38_CMRG_31707	0.953
GRCh38_CMRG_7045	0.947
GRCh38_CMRG_49981	0.942
GRCh38_CMRG_14558	0.941
GRCh38_CMRG_64439	0.939
GRCh38_CMRG_61970	0.939
GRCh38_CMRG_61238	0.939
GRCh38_CMRG_12471	0.937
GRCh38_CMRG_9535	0.937
GRCh38_CMRG_71896	0.937
GRCh38_CMRG_29221	0.935
GRCh38_CMRG_6770	0.93
GRCh38_CMRG_36186	0.93
GRCh38_CMRG_35654	0.93
GRCh38_CMRG_45983	0.929
GRCh38_CMRG_39507	0.928
GRCh38_CMRG_49769	0.927
GRCh38_CMRG_22308	0.927
GRCh38_CMRG_6574	0.925
GRCh38_CMRG_47156	0.925
GRCh38_CMRG_6042	0.923
GRCh38_CMRG_29059	0.92
GRCh38_CMRG_19642	0.919
GRCh38_CMRG_34783	0.918
GRCh38_CMRG_9745	0.917
GRCh38_CMRG_46356	0.917
GRCh38_CMRG_45557	0.917
GRCh38_CMRG_80991	0.914
GRCh38_CMRG_82022	0.914
GRCh38_CMRG_50990	0.912
GRCh38_CMRG_55310	0.908
GRCh38_CMRG_53540	0.906
GRCh38_CMRG_25907	0.906
GRCh38_CMRG_67383	0.905
GRCh38_CMRG_48298	0.904
GRCh38_CMRG_37418	0.9
GRCh38_CMRG_1638	0.894
GRCh38_CMRG_68441	0.893
GRCh38_CMRG_18244	0.892
GRCh38_CMRG_61839	0.891
GRCh38_CMRG_14566	0.891
GRCh38_CMRG_41699	0.889
GRCh38_CMRG_25793	0.888
GRCh38_CMRG_125	0.887
GRCh38_CMRG_34494	0.887
GRCh38_CMRG_60003	0.887
GRCh38_CMRG_50650	0.878
GRCh38_CMRG_27750	0.871
GRCh38_CMRG_27751	0.871
GRCh38_CMRG_31709	0.87
GRCh38_CMRG_28584	0.869
GRCh38_CMRG_70077	0.869
GRCh38_CMRG_70070	0.869
GRCh38_CMRG_21370	0.863
GRCh38_CMRG_81831	0.858
GRCh38_CMRG_82099	0.839
GRCh38_CMRG_29226	0.818
GRCh38_CMRG_52974	0.794
GRCh38_CMRG_24044	0.793
GRCh38_CMRG_53999	0.784
GRCh38_CMRG_18847	0.769
GRCh38_CMRG_29953	0.706
GRCh38_CMRG_65854	0.982
GRCh38_CMRG_71747	0.982
GRCh38_CMRG_17268	0.972
GRCh38_CMRG_1223	0.964
GRCh38_CMRG_55447	0.956
GRCh38_CMRG_28728	0.951
GRCh38_CMRG_44205	0.951
GRCh38_CMRG_74182	0.948
GRCh38_CMRG_8737	0.942
GRCh38_CMRG_6248	0.935
GRCh38_CMRG_11780	0.931
GRCh38_CMRG_26273	0.931
GRCh38_CMRG_22741	0.93
GRCh38_CMRG_33856	0.929
GRCh38_CMRG_80072	0.929
GRCh38_CMRG_83634	0.927
GRCh38_CMRG_42385	0.926
GRCh38_CMRG_51812	0.926
GRCh38_CMRG_72800	0.925
GRCh38_CMRG_67148	0.922
GRCh38_CMRG_16920	0.92
GRCh38_CMRG_14479	0.92
GRCh38_CMRG_41426	0.92
GRCh38_CMRG_36513	0.918
GRCh38_CMRG_16772	0.915
GRCh38_CMRG_14131	0.915
GRCh38_CMRG_61482	0.915
GRCh38_CMRG_36842	0.915
GRCh38_CMRG_68964	0.914
GRCh38_CMRG_1831	0.91
GRCh38_CMRG_83180	0.908
GRCh38_CMRG_73828	0.903
GRCh38_CMRG_50533	0.902
GRCh38_CMRG_26593	0.902
GRCh38_CMRG_68564	0.901
GRCh38_CMRG_17165	0.899
GRCh38_CMRG_46620	0.899
GRCh38_CMRG_46621	0.899
GRCh38_CMRG_26581	0.897
GRCh38_CMRG_26263	0.897
GRCh38_CMRG_75615	0.893
GRCh38_CMRG_9904	0.893
GRCh38_CMRG_17597	0.893
GRCh38_CMRG_14666	0.893
GRCh38_CMRG_81613	0.892
GRCh38_CMRG_58104	0.884
GRCh38_CMRG_70338	0.877
GRCh38_CMRG_6941	0.874
GRCh38_CMRG_41862	0.873
GRCh38_CMRG_71022	0.87
GRCh38_CMRG_25777	0.866
GRCh38_CMRG_25301	0.866
GRCh38_CMRG_21371	0.865
GRCh38_CMRG_84493	0.839
GRCh38_CMRG_75451	0.838
GRCh38_CMRG_63850	0.835
GRCh38_CMRG_63868	0.835
GRCh38_CMRG_599	0.79
GRCh38_CMRG_67787	0.719
GRCh38_CMRG_84309	0.961
GRCh38_CMRG_44907	0.955
GRCh38_CMRG_28103	0.952
GRCh38_CMRG_45718	0.946
GRCh38_CMRG_63864	0.941
GRCh38_CMRG_63378	0.941
GRCh38_CMRG_15299	0.939
GRCh38_CMRG_17873	0.931
GRCh38_CMRG_47518	0.926
GRCh38_CMRG_60953	0.924
GRCh38_CMRG_36835	0.916
GRCh38_CMRG_49942	0.91
GRCh38_CMRG_65109	0.91
GRCh38_CMRG_8242	0.909
GRCh38_CMRG_29996	0.906
GRCh38_CMRG_68397	0.904
GRCh38_CMRG_31742	0.902
GRCh38_CMRG_61979	0.902
GRCh38_CMRG_44285	0.901
GRCh38_CMRG_31997	0.898
GRCh38_CMRG_60572	0.893
GRCh38_CMRG_37155	0.891
GRCh38_CMRG_58997	0.89
GRCh38_CMRG_43821	0.886
GRCh38_CMRG_8156	0.881
GRCh38_CMRG_33400	0.879
GRCh38_CMRG_44817	0.868
GRCh38_CMRG_8703	0.867
GRCh38_CMRG_60373	0.853
GRCh38_CMRG_43954	0.844
GRCh38_CMRG_14139	0.844
GRCh38_CMRG_72521	0.842
GRCh38_CMRG_37184	0.828
GRCh38_CMRG_73250	0.825
GRCh38_CMRG_55214	0.975
GRCh38_CMRG_30728	0.955
GRCh38_CMRG_29603	0.955
GRCh38_CMRG_68785	0.943
GRCh38_CMRG_47443	0.935
GRCh38_CMRG_14555	0.93
GRCh38_CMRG_30682	0.927
GRCh38_CMRG_20874	0.927
GRCh38_CMRG_24514	0.922
GRCh38_CMRG_42284	0.921
GRCh38_CMRG_64941	0.914
GRCh38_CMRG_64257	0.913
GRCh38_CMRG_64968	0.913
GRCh38_CMRG_61374	0.91
GRCh38_CMRG_9755	0.909
GRCh38_CMRG_23040	0.909
GRCh38_CMRG_64438	0.907
GRCh38_CMRG_21618	0.904
GRCh38_CMRG_34498	0.904
GRCh38_CMRG_21869	0.904
GRCh38_CMRG_45598	0.903
GRCh38_CMRG_59582	0.902
GRCh38_CMRG_2346	0.901
GRCh38_CMRG_5982	0.9
GRCh38_CMRG_18524	0.9
GRCh38_CMRG_33545	0.898
GRCh38_CMRG_7763	0.895
GRCh38_CMRG_27086	0.893
GRCh38_CMRG_34445	0.893
GRCh38_CMRG_26874	0.889
GRCh38_CMRG_7089	0.889
GRCh38_CMRG_29296	0.888
GRCh38_CMRG_75231	0.887
GRCh38_CMRG_61572	0.886
GRCh38_CMRG_61162	0.886
GRCh38_CMRG_61161	0.886
GRCh38_CMRG_62451	0.886
GRCh38_CMRG_70346	0.886
GRCh38_CMRG_62417	0.886
GRCh38_CMRG_54431	0.885
GRCh38_CMRG_26917	0.885
GRCh38_CMRG_75254	0.885
GRCh38_CMRG_64779	0.883
GRCh38_CMRG_47814	0.883
GRCh38_CMRG_9170	0.88
GRCh38_CMRG_25160	0.879
GRCh38_CMRG_51002	0.879
GRCh38_CMRG_50479	0.879
GRCh38_CMRG_68876	0.878
GRCh38_CMRG_42400	0.875
GRCh38_CMRG_53072	0.871
GRCh38_CMRG_22250	0.871
GRCh38_CMRG_45856	0.865
GRCh38_CMRG_17637	0.863
GRCh38_CMRG_31083	0.856
GRCh38_CMRG_51500	0.853
GRCh38_CMRG_61282	0.851
GRCh38_CMRG_72852	0.832
GRCh38_CMRG_70700	0.82
GRCh38_CMRG_72827	0.801
GRCh38_CMRG_55547	0.799
GRCh38_CMRG_23849	0.716
GRCh38_CMRG_68292	0.675
GRCh38_CMRG_84384	0.949
GRCh38_CMRG_12306	0.942
GRCh38_CMRG_11161	0.942
GRCh38_CMRG_58318	0.93
GRCh38_CMRG_2096	0.919
GRCh38_CMRG_48018	0.918
GRCh38_CMRG_70845	0.914
GRCh38_CMRG_21444	0.914
GRCh38_CMRG_13812	0.914
GRCh38_CMRG_81487	0.904
GRCh38_CMRG_12250	0.902
GRCh38_CMRG_67077	0.894
GRCh38_CMRG_65490	0.894
GRCh38_CMRG_22414	0.89
GRCh38_CMRG_23516	0.89
GRCh38_CMRG_15472	0.885
GRCh38_CMRG_18969	0.884
GRCh38_CMRG_23454	0.876
GRCh38_CMRG_28747	0.875
GRCh38_CMRG_31089	0.875
GRCh38_CMRG_6942	0.874
GRCh38_CMRG_24663	0.873
GRCh38_CMRG_29672	0.867
GRCh38_CMRG_40541	0.862
GRCh38_CMRG_9176	0.858
GRCh38_CMRG_77155	0.852
GRCh38_CMRG_2500	0.847
GRCh38_CMRG_81395	0.847
GRCh38_CMRG_61989	0.847
GRCh38_CMRG_61611	0.847
GRCh38_CMRG_61770	0.845
GRCh38_CMRG_27340	0.839
GRCh38_CMRG_26924	0.838
GRCh38_CMRG_46144	0.836
GRCh38_CMRG_58766	0.83
GRCh38_CMRG_7908	0.814
GRCh38_CMRG_7862	0.814
GRCh38_CMRG_27419	0.803
GRCh38_CMRG_6453	0.737
GRCh38_CMRG_48905	0.723
GRCh38_CMRG_53149	0.719
GRCh38_CMRG_2272	0.685
GRCh38_CMRG_1457	0.685
GRCh38_CMRG_84024	0.956
GRCh38_CMRG_68741	0.942
GRCh38_CMRG_54503	0.899
GRCh38_CMRG_11515	0.896
GRCh38_CMRG_47954	0.892
GRCh38_CMRG_47547	0.892
GRCh38_CMRG_26777	0.89
GRCh38_CMRG_27238	0.889
GRCh38_CMRG_27591	0.889
GRCh38_CMRG_7779	0.887
GRCh38_CMRG_26570	0.887
GRCh38_CMRG_75627	0.887
GRCh38_CMRG_23385	0.885
GRCh38_CMRG_77570	0.883
GRCh38_CMRG_10646	0.88
GRCh38_CMRG_59863	0.872
GRCh38_CMRG_39670	0.872
GRCh38_CMRG_51115	0.864
GRCh38_CMRG_51976	0.864
GRCh38_CMRG_48063	0.863
GRCh38_CMRG_55035	0.862
GRCh38_CMRG_65828	0.858
GRCh38_CMRG_58061	0.851
GRCh38_CMRG_42215	0.85
GRCh38_CMRG_44391	0.841
GRCh38_CMRG_80787	0.837
GRCh38_CMRG_29217	0.837
GRCh38_CMRG_67561	0.835
GRCh38_CMRG_16646	0.814
GRCh38_CMRG_6636	0.766
GRCh38_CMRG_68478	0.763
GRCh38_CMRG_71661	0.705
GRCh38_CMRG_21273	0.615
GRCh38_CMRG_11657	0.593
GRCh38_CMRG_82865	0.96
GRCh38_CMRG_83976	0.952
GRCh38_CMRG_67035	0.951
GRCh38_CMRG_82910	0.949
GRCh38_CMRG_1201	0.927
GRCh38_CMRG_42557	0.903
GRCh38_CMRG_24181	0.9
GRCh38_CMRG_13883	0.897
GRCh38_CMRG_1437	0.897
GRCh38_CMRG_45039	0.896
GRCh38_CMRG_2681	0.888
GRCh38_CMRG_52653	0.886
GRCh38_CMRG_34088	0.882
GRCh38_CMRG_63349	0.882
GRCh38_CMRG_71946	0.876
GRCh38_CMRG_41782	0.876
GRCh38_CMRG_49324	0.875
GRCh38_CMRG_44372	0.872
GRCh38_CMRG_54280	0.871
GRCh38_CMRG_27324	0.865
GRCh38_CMRG_50244	0.865
GRCh38_CMRG_27759	0.865
GRCh38_CMRG_53889	0.86
GRCh38_CMRG_72296	0.858
GRCh38_CMRG_13378	0.855
GRCh38_CMRG_71642	0.85
GRCh38_CMRG_21150	0.847
GRCh38_CMRG_34365	0.845
GRCh38_CMRG_19056	0.842
GRCh38_CMRG_1152	0.831
GRCh38_CMRG_7618	0.825
GRCh38_CMRG_81931	0.821
GRCh38_CMRG_52350	0.793
GRCh38_CMRG_40213	0.778
GRCh38_CMRG_72457	0.757
GRCh38_CMRG_71024	0.732
GRCh38_CMRG_28450	0.715
GRCh38_CMRG_69110	0.53
GRCh38_CMRG_13019	0.487
GRCh38_CMRG_83919	0.955
GRCh38_CMRG_83594	0.948
GRCh38_CMRG_33759	0.945
GRCh38_CMRG_33760	0.945
GRCh38_CMRG_47143	0.911
GRCh38_CMRG_37484	0.903
GRCh38_CMRG_7106	0.886
GRCh38_CMRG_11166	0.882
GRCh38_CMRG_12728	0.878
GRCh38_CMRG_12097	0.878
GRCh38_CMRG_54815	0.876
GRCh38_CMRG_43629	0.868
GRCh38_CMRG_24947	0.867
GRCh38_CMRG_27301	0.867
GRCh38_CMRG_131	0.863
GRCh38_CMRG_39412	0.86
GRCh38_CMRG_45061	0.859
GRCh38_CMRG_21025	0.859
GRCh38_CMRG_7768	0.856
GRCh38_CMRG_5710	0.841
GRCh38_CMRG_61728	0.836
GRCh38_CMRG_70184	0.829
GRCh38_CMRG_5880	0.827
GRCh38_CMRG_53349	0.824
GRCh38_CMRG_54506	0.824
GRCh38_CMRG_24238	0.721
GRCh38_CMRG_2133	0.597
GRCh38_CMRG_31555	0.949
GRCh38_CMRG_1267	0.941
GRCh38_CMRG_64224	0.922
GRCh38_CMRG_22206	0.913
GRCh38_CMRG_21539	0.91
GRCh38_CMRG_53333	0.898
GRCh38_CMRG_12673	0.898
GRCh38_CMRG_11840	0.897
GRCh38_CMRG_9321	0.88
GRCh38_CMRG_59413	0.876
GRCh38_CMRG_12179	0.876
GRCh38_CMRG_27101	0.876
GRCh38_CMRG_71570	0.863
GRCh38_CMRG_71418	0.863
GRCh38_CMRG_27907	0.862
GRCh38_CMRG_37427	0.86
GRCh38_CMRG_75297	0.859
GRCh38_CMRG_81196	0.855
GRCh38_CMRG_81375	0.855
GRCh38_CMRG_81197	0.855
GRCh38_CMRG_32806	0.855
GRCh38_CMRG_61041	0.849
GRCh38_CMRG_21748	0.846
GRCh38_CMRG_19972	0.846
GRCh38_CMRG_26306	0.841
GRCh38_CMRG_11650	0.828
GRCh38_CMRG_51498	0.825
GRCh38_CMRG_79388	0.814
GRCh38_CMRG_45032	0.813
GRCh38_CMRG_36586	0.805
GRCh38_CMRG_13601	0.782
GRCh38_CMRG_16509	0.782
GRCh38_CMRG_75001	0.774
GRCh38_CMRG_70920	0.755
GRCh38_CMRG_59936	0.728
GRCh38_CMRG_25369	0.719
GRCh38_CMRG_2802	0.949
GRCh38_CMRG_2803	0.949
GRCh38_CMRG_28001	0.925
GRCh38_CMRG_48802	0.921
GRCh38_CMRG_71711	0.908
GRCh38_CMRG_16792	0.904
GRCh38_CMRG_7711	0.895
GRCh38_CMRG_25310	0.892
GRCh38_CMRG_26812	0.892
GRCh38_CMRG_26813	0.892
GRCh38_CMRG_79299	0.891
GRCh38_CMRG_5761	0.882
GRCh38_CMRG_29677	0.873
GRCh38_CMRG_19678	0.873
GRCh38_CMRG_45271	0.865
GRCh38_CMRG_46177	0.86
GRCh38_CMRG_43807	0.859
GRCh38_CMRG_65833	0.858
GRCh38_CMRG_71758	0.856
GRCh38_CMRG_21768	0.856
GRCh38_CMRG_19676	0.854
GRCh38_CMRG_7356	0.848
GRCh38_CMRG_74933	0.843
GRCh38_CMRG_54932	0.836
GRCh38_CMRG_67	0.835
GRCh38_CMRG_36261	0.833
GRCh38_CMRG_45035	0.828
GRCh38_CMRG_19714	0.827
GRCh38_CMRG_17245	0.824
GRCh38_CMRG_17241	0.823
GRCh38_CMRG_51154	0.822
GRCh38_CMRG_19927	0.822
GRCh38_CMRG_19926	0.821
GRCh38_CMRG_60561	0.81
GRCh38_CMRG_79780	0.808
GRCh38_CMRG_30898	0.794
GRCh38_CMRG_1740	0.74
GRCh38_CMRG_70503	0.724
GRCh38_CMRG_47543	0.966
GRCh38_CMRG_10906	0.959
GRCh38_CMRG_83869	0.933
GRCh38_CMRG_52828	0.908
GRCh38_CMRG_52538	0.908
GRCh38_CMRG_45193	0.893
GRCh38_CMRG_58745	0.887
GRCh38_CMRG_28774	0.876
GRCh38_CMRG_1809	0.875
GRCh38_CMRG_43589	0.873
GRCh38_CMRG_45365	0.873
GRCh38_CMRG_31698	0.873
GRCh38_CMRG_24945	0.871
GRCh38_CMRG_60949	0.87
GRCh38_CMRG_52064	0.868
GRCh38_CMRG_29551	0.862
GRCh38_CMRG_26734	0.857
GRCh38_CMRG_39888	0.851
GRCh38_CMRG_34023	0.848
GRCh38_CMRG_23269	0.841
GRCh38_CMRG_73593	0.837
GRCh38_CMRG_34444	0.836
GRCh38_CMRG_1271	0.836
GRCh38_CMRG_41456	0.831
GRCh38_CMRG_34657	0.825
GRCh38_CMRG_11610	0.825
GRCh38_CMRG_73259	0.825
GRCh38_CMRG_21054	0.82
GRCh38_CMRG_2210	0.82
GRCh38_CMRG_2529	0.812
GRCh38_CMRG_62648	0.808
GRCh38_CMRG_7236	0.806
GRCh38_CMRG_6468	0.806
GRCh38_CMRG_40261	0.799
GRCh38_CMRG_17824	0.794
GRCh38_CMRG_44474	0.759
GRCh38_CMRG_8876	0.926
GRCh38_CMRG_18509	0.918
GRCh38_CMRG_22757	0.913
GRCh38_CMRG_22695	0.913
GRCh38_CMRG_23411	0.913
GRCh38_CMRG_5791	0.909
GRCh38_CMRG_46204	0.908
GRCh38_CMRG_33027	0.898
GRCh38_CMRG_31110	0.874
GRCh38_CMRG_25732	0.871
GRCh38_CMRG_10539	0.864
GRCh38_CMRG_9518	0.859
GRCh38_CMRG_59967	0.841
GRCh38_CMRG_54296	0.84
GRCh38_CMRG_45838	0.837
GRCh38_CMRG_9043	0.837
GRCh38_CMRG_17388	0.833
GRCh38_CMRG_7394	0.833
GRCh38_CMRG_55375	0.826
GRCh38_CMRG_11125	0.817
GRCh38_CMRG_61000	0.807
GRCh38_CMRG_47033	0.805
GRCh38_CMRG_8013	0.786
GRCh38_CMRG_68453	0.782
GRCh38_CMRG_45169	0.727
GRCh38_CMRG_74179	0.662
GRCh38_CMRG_74014	0.642
GRCh38_CMRG_73228	0.92
GRCh38_CMRG_2708	0.91
GRCh38_CMRG_11168	0.887
GRCh38_CMRG_15285	0.884
GRCh38_CMRG_64277	0.865
GRCh38_CMRG_12515	0.859
GRCh38_CMRG_12030	0.848
GRCh38_CMRG_7115	0.847
GRCh38_CMRG_83053	0.844
GRCh38_CMRG_25350	0.827
GRCh38_CMRG_67364	0.827
GRCh38_CMRG_13995	0.826
GRCh38_CMRG_60166	0.822
GRCh38_CMRG_1495	0.814
GRCh38_CMRG_12121	0.812
GRCh38_CMRG_26725	0.812
GRCh38_CMRG_40887	0.802
GRCh38_CMRG_36246	0.796
GRCh38_CMRG_60085	0.79
GRCh38_CMRG_61708	0.784
GRCh38_CMRG_46401	0.775
GRCh38_CMRG_51616	0.939
GRCh38_CMRG_35557	0.911
GRCh38_CMRG_83719	0.907
GRCh38_CMRG_54317	0.893
GRCh38_CMRG_29165	0.887
GRCh38_CMRG_44197	0.884
GRCh38_CMRG_16780	0.873
GRCh38_CMRG_54212	0.859
GRCh38_CMRG_54305	0.859
GRCh38_CMRG_59467	0.859
GRCh38_CMRG_54304	0.859
GRCh38_CMRG_71093	0.853
GRCh38_CMRG_35544	0.852
GRCh38_CMRG_75146	0.85
GRCh38_CMRG_75166	0.85
GRCh38_CMRG_75155	0.85
GRCh38_CMRG_50424	0.848
GRCh38_CMRG_64350	0.847
GRCh38_CMRG_63851	0.847
GRCh38_CMRG_72982	0.846
GRCh38_CMRG_1803	0.838
GRCh38_CMRG_31667	0.836
GRCh38_CMRG_8251	0.83
GRCh38_CMRG_27031	0.83
GRCh38_CMRG_28497	0.828
GRCh38_CMRG_9751	0.823
GRCh38_CMRG_28323	0.822
GRCh38_CMRG_27289	0.822
GRCh38_CMRG_43697	0.819
GRCh38_CMRG_75003	0.818
GRCh38_CMRG_74535	0.818
GRCh38_CMRG_26368	0.815
GRCh38_CMRG_23833	0.813
GRCh38_CMRG_67024	0.808
GRCh38_CMRG_51319	0.808
GRCh38_CMRG_8898	0.805
GRCh38_CMRG_30561	0.803
GRCh38_CMRG_16539	0.8
GRCh38_CMRG_41597	0.794
GRCh38_CMRG_44809	0.785
GRCh38_CMRG_28990	0.765
GRCh38_CMRG_81570	0.757
GRCh38_CMRG_7657	0.747
GRCh38_CMRG_52936	0.735
GRCh38_CMRG_22388	0.71
GRCh38_CMRG_191	0.71
GRCh38_CMRG_75643	0.932
GRCh38_CMRG_2468	0.914
GRCh38_CMRG_41538	0.908
GRCh38_CMRG_64395	0.896
GRCh38_CMRG_34632	0.875
GRCh38_CMRG_47913	0.871
GRCh38_CMRG_17212	0.865
GRCh38_CMRG_44166	0.846
GRCh38_CMRG_30730	0.845
GRCh38_CMRG_3095	0.843
GRCh38_CMRG_36366	0.83
GRCh38_CMRG_36543	0.82
GRCh38_CMRG_17598	0.817
GRCh38_CMRG_65809	0.817
GRCh38_CMRG_27437	0.817
GRCh38_CMRG_27125	0.817
GRCh38_CMRG_30680	0.815
GRCh38_CMRG_25986	0.815
GRCh38_CMRG_2507	0.814
GRCh38_CMRG_62492	0.807
GRCh38_CMRG_37980	0.805
GRCh38_CMRG_11095	0.798
GRCh38_CMRG_53261	0.794
GRCh38_CMRG_41609	0.791
GRCh38_CMRG_24053	0.789
GRCh38_CMRG_17360	0.785
GRCh38_CMRG_40913	0.776
GRCh38_CMRG_41789	0.776
GRCh38_CMRG_54803	0.751
GRCh38_CMRG_74177	0.719
GRCh38_CMRG_13637	0.695
GRCh38_CMRG_31273	0.652
GRCh38_CMRG_54143	0.956
GRCh38_CMRG_53082	0.956
GRCh38_CMRG_84156	0.93
GRCh38_CMRG_67401	0.906
GRCh38_CMRG_64509	0.877
GRCh38_CMRG_55491	0.859
GRCh38_CMRG_54881	0.859
GRCh38_CMRG_53445	0.858
GRCh38_CMRG_15464	0.856
GRCh38_CMRG_34706	0.856
GRCh38_CMRG_71041	0.852
GRCh38_CMRG_31267	0.837
GRCh38_CMRG_75655	0.824
GRCh38_CMRG_36132	0.822
GRCh38_CMRG_12240	0.82
GRCh38_CMRG_52138	0.82
GRCh38_CMRG_34195	0.819
GRCh38_CMRG_36195	0.819
GRCh38_CMRG_55056	0.818
GRCh38_CMRG_44840	0.817
GRCh38_CMRG_11548	0.811
GRCh38_CMRG_33883	0.804
GRCh38_CMRG_45148	0.804
GRCh38_CMRG_17723	0.776
GRCh38_CMRG_18288	0.752
GRCh38_CMRG_49269	0.625
GRCh38_CMRG_21195	0.581
GRCh38_CMRG_84127	0.945
GRCh38_CMRG_9066	0.926
GRCh38_CMRG_68130	0.904
GRCh38_CMRG_63854	0.87
GRCh38_CMRG_30591	0.863
GRCh38_CMRG_79076	0.861
GRCh38_CMRG_21153	0.854
GRCh38_CMRG_50531	0.848
GRCh38_CMRG_12141	0.847
GRCh38_CMRG_79225	0.845
GRCh38_CMRG_61443	0.836
GRCh38_CMRG_79115	0.835
GRCh38_CMRG_46332	0.826
GRCh38_CMRG_7138	0.826
GRCh38_CMRG_74740	0.823
GRCh38_CMRG_59906	0.819
GRCh38_CMRG_2305	0.817
GRCh38_CMRG_8507	0.817
GRCh38_CMRG_43973	0.814
GRCh38_CMRG_40003	0.812
GRCh38_CMRG_30679	0.812
GRCh38_CMRG_9412	0.811
GRCh38_CMRG_49911	0.809
GRCh38_CMRG_73050	0.807
GRCh38_CMRG_41142	0.806
GRCh38_CMRG_45824	0.806
GRCh38_CMRG_38061	0.805
GRCh38_CMRG_58256	0.796
GRCh38_CMRG_24542	0.791
GRCh38_CMRG_36374	0.786
GRCh38_CMRG_35983	0.779
GRCh38_CMRG_63312	0.775
GRCh38_CMRG_77175	0.76
GRCh38_CMRG_18743	0.757
GRCh38_CMRG_33346	0.739
GRCh38_CMRG_33341	0.687
GRCh38_CMRG_64405	0.908
GRCh38_CMRG_75658	0.872
GRCh38_CMRG_53539	0.865
GRCh38_CMRG_33588	0.856
GRCh38_CMRG_54374	0.852
GRCh38_CMRG_43875	0.848
GRCh38_CMRG_24281	0.847
GRCh38_CMRG_34007	0.842
GRCh38_CMRG_22180	0.842
GRCh38_CMRG_12138	0.842
GRCh38_CMRG_62442	0.84
GRCh38_CMRG_52833	0.839
GRCh38_CMRG_2919	0.835
GRCh38_CMRG_50440	0.835
GRCh38_CMRG_49622	0.817
GRCh38_CMRG_6987	0.812
GRCh38_CMRG_48770	0.805
GRCh38_CMRG_17879	0.805
GRCh38_CMRG_16947	0.803
GRCh38_CMRG_71359	0.797
GRCh38_CMRG_39849	0.794
GRCh38_CMRG_60355	0.792
GRCh38_CMRG_30562	0.79
GRCh38_CMRG_62435	0.787
GRCh38_CMRG_61877	0.784
GRCh38_CMRG_37881	0.758
GRCh38_CMRG_61179	0.752
GRCh38_CMRG_67930	0.731
GRCh38_CMRG_61865	0.72
GRCh38_CMRG_39174	0.908
GRCh38_CMRG_84302	0.904
GRCh38_CMRG_63454	0.898
GRCh38_CMRG_11169	0.876
GRCh38_CMRG_54870	0.845
GRCh38_CMRG_47212	0.839
GRCh38_CMRG_51766	0.834
GRCh38_CMRG_49668	0.833
GRCh38_CMRG_36263	0.828
GRCh38_CMRG_17372	0.822
GRCh38_CMRG_45740	0.821
GRCh38_CMRG_19683	0.819
GRCh38_CMRG_8029	0.814
GRCh38_CMRG_8030	0.814
GRCh38_CMRG_82137	0.814
GRCh38_CMRG_55046	0.812
GRCh38_CMRG_49683	0.811
GRCh38_CMRG_50021	0.811
GRCh38_CMRG_74335	0.803
GRCh38_CMRG_64193	0.802
GRCh38_CMRG_71888	0.801
GRCh38_CMRG_72177	0.801
GRCh38_CMRG_69033	0.8
GRCh38_CMRG_32397	0.791
GRCh38_CMRG_7496	0.788
GRCh38_CMRG_19942	0.786
GRCh38_CMRG_8582	0.781
GRCh38_CMRG_9593	0.781
GRCh38_CMRG_70095	0.778
GRCh38_CMRG_65915	0.775
GRCh38_CMRG_53737	0.774
GRCh38_CMRG_10585	0.77
GRCh38_CMRG_78915	0.753
GRCh38_CMRG_25235	0.707
GRCh38_CMRG_70621	0.54
GRCh38_CMRG_69112	0.531
GRCh38_CMRG_69220	0.479
GRCh38_CMRG_52412	0.924
GRCh38_CMRG_74240	0.873
GRCh38_CMRG_26405	0.858
GRCh38_CMRG_64076	0.844
GRCh38_CMRG_49567	0.836
GRCh38_CMRG_50488	0.835
GRCh38_CMRG_39206	0.829
GRCh38_CMRG_49587	0.821
GRCh38_CMRG_25137	0.816
GRCh38_CMRG_26226	0.816
GRCh38_CMRG_7451	0.808
GRCh38_CMRG_13323	0.807
GRCh38_CMRG_41094	0.805
GRCh38_CMRG_52820	0.803
GRCh38_CMRG_63252	0.803
GRCh38_CMRG_40879	0.803
GRCh38_CMRG_19423	0.802
GRCh38_CMRG_37978	0.8
GRCh38_CMRG_13111	0.797
GRCh38_CMRG_55833	0.796
GRCh38_CMRG_25264	0.795
GRCh38_CMRG_45621	0.793
GRCh38_CMRG_14095	0.791
GRCh38_CMRG_25887	0.79
GRCh38_CMRG_74956	0.79
GRCh38_CMRG_64758	0.787
GRCh38_CMRG_32624	0.783
GRCh38_CMRG_7910	0.782
GRCh38_CMRG_62286	0.778
GRCh38_CMRG_5864	0.777
GRCh38_CMRG_5863	0.777
GRCh38_CMRG_8694	0.767
GRCh38_CMRG_9174	0.767
GRCh38_CMRG_8695	0.767
GRCh38_CMRG_46602	0.766
GRCh38_CMRG_39558	0.765
GRCh38_CMRG_45511	0.755
GRCh38_CMRG_40876	0.743
GRCh38_CMRG_27467	0.739
GRCh38_CMRG_79012	0.732
GRCh38_CMRG_76863	0.942
GRCh38_CMRG_116	0.917
GRCh38_CMRG_53334	0.873
GRCh38_CMRG_12062	0.865
GRCh38_CMRG_32511	0.864
GRCh38_CMRG_29571	0.864
GRCh38_CMRG_68310	0.863
GRCh38_CMRG_82141	0.85
GRCh38_CMRG_536	0.846
GRCh38_CMRG_16788	0.843
GRCh38_CMRG_54701	0.824
GRCh38_CMRG_17694	0.824
GRCh38_CMRG_38081	0.818
GRCh38_CMRG_62350	0.811
GRCh38_CMRG_74369	0.807
GRCh38_CMRG_26295	0.806
GRCh38_CMRG_68706	0.79
GRCh38_CMRG_53370	0.789
GRCh38_CMRG_25814	0.786
GRCh38_CMRG_46101	0.782
GRCh38_CMRG_9690	0.777
GRCh38_CMRG_36295	0.776
GRCh38_CMRG_25957	0.774
GRCh38_CMRG_28614	0.764
GRCh38_CMRG_52378	0.762
GRCh38_CMRG_81382	0.687
GRCh38_CMRG_79101	0.903
GRCh38_CMRG_54335	0.85
GRCh38_CMRG_59240	0.844
GRCh38_CMRG_19055	0.841
GRCh38_CMRG_38407	0.838
GRCh38_CMRG_65772	0.837
GRCh38_CMRG_64871	0.831
GRCh38_CMRG_50464	0.828
GRCh38_CMRG_55210	0.822
GRCh38_CMRG_63580	0.814
GRCh38_CMRG_67350	0.814
GRCh38_CMRG_59009	0.813
GRCh38_CMRG_48321	0.811
GRCh38_CMRG_10861	0.807
GRCh38_CMRG_64642	0.803
GRCh38_CMRG_73787	0.802
GRCh38_CMRG_14039	0.8
GRCh38_CMRG_25333	0.797
GRCh38_CMRG_67587	0.794
GRCh38_CMRG_23030	0.784
GRCh38_CMRG_36140	0.784
GRCh38_CMRG_63684	0.783
GRCh38_CMRG_2329	0.777
GRCh38_CMRG_6714	0.773
GRCh38_CMRG_73279	0.773
GRCh38_CMRG_37544	0.769
GRCh38_CMRG_63999	0.766
GRCh38_CMRG_80952	0.748
GRCh38_CMRG_81246	0.748
GRCh38_CMRG_40560	0.748
GRCh38_CMRG_18043	0.723
GRCh38_CMRG_53147	0.928
GRCh38_CMRG_84007	0.895
GRCh38_CMRG_83091	0.895
GRCh38_CMRG_45045	0.86
GRCh38_CMRG_73420	0.851
GRCh38_CMRG_17892	0.848
GRCh38_CMRG_72382	0.847
GRCh38_CMRG_32180	0.847
GRCh38_CMRG_68983	0.838
GRCh38_CMRG_39816	0.832
GRCh38_CMRG_7834	0.821
GRCh38_CMRG_40844	0.812
GRCh38_CMRG_63848	0.81
GRCh38_CMRG_64273	0.809
GRCh38_CMRG_11584	0.808
GRCh38_CMRG_73727	0.802
GRCh38_CMRG_15442	0.799
GRCh38_CMRG_53948	0.796
GRCh38_CMRG_40196	0.795
GRCh38_CMRG_14191	0.793
GRCh38_CMRG_6597	0.791
GRCh38_CMRG_32277	0.791
GRCh38_CMRG_24466	0.785
GRCh38_CMRG_31892	0.783
GRCh38_CMRG_50928	0.781
GRCh38_CMRG_74078	0.779
GRCh38_CMRG_27931	0.777
GRCh38_CMRG_42059	0.775
GRCh38_CMRG_64614	0.773
GRCh38_CMRG_21112	0.769
GRCh38_CMRG_72630	0.762
GRCh38_CMRG_23146	0.759
GRCh38_CMRG_35988	0.747
GRCh38_CMRG_28613	0.659
GRCh38_CMRG_62525	0.64
GRCh38_CMRG_42601	0.901
GRCh38_CMRG_41729	0.856
GRCh38_CMRG_62129	0.847
GRCh38_CMRG_8046	0.837
GRCh38_CMRG_61213	0.826
GRCh38_CMRG_32150	0.811
GRCh38_CMRG_52267	0.808
GRCh38_CMRG_48749	0.807
GRCh38_CMRG_49191	0.807
GRCh38_CMRG_58365	0.807
GRCh38_CMRG_41438	0.806
GRCh38_CMRG_26267	0.804
GRCh38_CMRG_34069	0.785
GRCh38_CMRG_1005	0.784
GRCh38_CMRG_24467	0.784
GRCh38_CMRG_21710	0.782
GRCh38_CMRG_21709	0.782
GRCh38_CMRG_63528	0.777
GRCh38_CMRG_63527	0.777
GRCh38_CMRG_71845	0.772
GRCh38_CMRG_18980	0.77
GRCh38_CMRG_7665	0.769
GRCh38_CMRG_7333	0.769
GRCh38_CMRG_32644	0.766
GRCh38_CMRG_9684	0.765
GRCh38_CMRG_9685	0.765
GRCh38_CMRG_70348	0.763
GRCh38_CMRG_2032	0.757
GRCh38_CMRG_40769	0.755
GRCh38_CMRG_67786	0.753
GRCh38_CMRG_47262	0.75
GRCh38_CMRG_81787	0.744
GRCh38_CMRG_37636	0.736
GRCh38_CMRG_7837	0.719
GRCh38_CMRG_54712	0.692
GRCh38_CMRG_21204	0.621
GRCh38_CMRG_19909	0.621
GRCh38_CMRG_47195	0.852
GRCh38_CMRG_1081	0.836
GRCh38_CMRG_79328	0.833
GRCh38_CMRG_39485	0.829
GRCh38_CMRG_55523	0.827
GRCh38_CMRG_53847	0.827
GRCh38_CMRG_60366	0.799
GRCh38_CMRG_70407	0.795
GRCh38_CMRG_53545	0.794
GRCh38_CMRG_36962	0.792
GRCh38_CMRG_7065	0.791
GRCh38_CMRG_50388	0.789
GRCh38_CMRG_50620	0.785
GRCh38_CMRG_50619	0.785
GRCh38_CMRG_9896	0.783
GRCh38_CMRG_16639	0.776
GRCh38_CMRG_62091	0.775
GRCh38_CMRG_61751	0.775
GRCh38_CMRG_70880	0.771
GRCh38_CMRG_73847	0.769
GRCh38_CMRG_12036	0.764
GRCh38_CMRG_50119	0.763
GRCh38_CMRG_69072	0.761
GRCh38_CMRG_38717	0.76
GRCh38_CMRG_44600	0.75
GRCh38_CMRG_59434	0.749
GRCh38_CMRG_30942	0.748
GRCh38_CMRG_13578	0.74
GRCh38_CMRG_12804	0.738
GRCh38_CMRG_39167	0.729
GRCh38_CMRG_18864	0.719
GRCh38_CMRG_52395	0.717
GRCh38_CMRG_33236	0.648
GRCh38_CMRG_79658	0.54
GRCh38_CMRG_36992	0.855
GRCh38_CMRG_44564	0.845
GRCh38_CMRG_32966	0.844
GRCh38_CMRG_11739	0.822
GRCh38_CMRG_39936	0.813
GRCh38_CMRG_76620	0.813
GRCh38_CMRG_12528	0.813
GRCh38_CMRG_8618	0.812
GRCh38_CMRG_1560	0.805
GRCh38_CMRG_69641	0.797
GRCh38_CMRG_52352	0.792
GRCh38_CMRG_8143	0.792
GRCh38_CMRG_2701	0.791
GRCh38_CMRG_28781	0.791
GRCh38_CMRG_39882	0.788
GRCh38_CMRG_75196	0.787
GRCh38_CMRG_70916	0.769
GRCh38_CMRG_35717	0.766
GRCh38_CMRG_33612	0.762
GRCh38_CMRG_31205	0.761
GRCh38_CMRG_52330	0.76
GRCh38_CMRG_65223	0.753
GRCh38_CMRG_26993	0.717
GRCh38_CMRG_45879	0.635
GRCh38_CMRG_34864	0.613
GRCh38_CMRG_71120	0.922
GRCh38_CMRG_8977	0.851
GRCh38_CMRG_8154	0.832
GRCh38_CMRG_67792	0.801
GRCh38_CMRG_7278	0.8
GRCh38_CMRG_30836	0.793
GRCh38_CMRG_2280	0.792
GRCh38_CMRG_31258	0.791
GRCh38_CMRG_31259	0.791
GRCh38_CMRG_26657	0.787
GRCh38_CMRG_63667	0.777
GRCh38_CMRG_73804	0.774
GRCh38_CMRG_2807	0.772
GRCh38_CMRG_63248	0.771
GRCh38_CMRG_73991	0.77
GRCh38_CMRG_21277	0.767
GRCh38_CMRG_30904	0.762
GRCh38_CMRG_31097	0.762
GRCh38_CMRG_40826	0.761
GRCh38_CMRG_34049	0.76
GRCh38_CMRG_47528	0.756
GRCh38_CMRG_7723	0.741
GRCh38_CMRG_8629	0.74
GRCh38_CMRG_9054	0.74
GRCh38_CMRG_71460	0.733
GRCh38_CMRG_58634	0.724
GRCh38_CMRG_78857	0.719
GRCh38_CMRG_41886	0.714
GRCh38_CMRG_23391	0.683
GRCh38_CMRG_70679	0.682
GRCh38_CMRG_42149	0.668
GRCh38_CMRG_30051	0.627
GRCh38_CMRG_13745	0.859
GRCh38_CMRG_34273	0.825
GRCh38_CMRG_40147	0.82
GRCh38_CMRG_22930	0.803
GRCh38_CMRG_32486	0.802
GRCh38_CMRG_46524	0.793
GRCh38_CMRG_40850	0.792
GRCh38_CMRG_11225	0.789
GRCh38_CMRG_5997	0.788
GRCh38_CMRG_21087	0.786
GRCh38_CMRG_52370	0.786
GRCh38_CMRG_22260	0.786
GRCh38_CMRG_27725	0.779
GRCh38_CMRG_60121	0.778
GRCh38_CMRG_79498	0.776
GRCh38_CMRG_10689	0.765
GRCh38_CMRG_40792	0.761
GRCh38_CMRG_70736	0.734
GRCh38_CMRG_40878	0.727
GRCh38_CMRG_75341	0.727
GRCh38_CMRG_55366	0.677
GRCh38_CMRG_41539	0.626
GRCh38_CMRG_83009	0.897
GRCh38_CMRG_26787	0.871
GRCh38_CMRG_33111	0.845
GRCh38_CMRG_50439	0.811
GRCh38_CMRG_62232	0.805
GRCh38_CMRG_26933	0.802
GRCh38_CMRG_59777	0.792
GRCh38_CMRG_29798	0.79
GRCh38_CMRG_42148	0.786
GRCh38_CMRG_9099	0.786
GRCh38_CMRG_65921	0.783
GRCh38_CMRG_26017	0.783
GRCh38_CMRG_73728	0.77
GRCh38_CMRG_26299	0.764
GRCh38_CMRG_40685	0.764
GRCh38_CMRG_18122	0.763
GRCh38_CMRG_50505	0.762
GRCh38_CMRG_29359	0.757
GRCh38_CMRG_13755	0.752
GRCh38_CMRG_17462	0.749
GRCh38_CMRG_38504	0.732
GRCh38_CMRG_60978	0.731
GRCh38_CMRG_72784	0.72
GRCh38_CMRG_424	0.716
GRCh38_CMRG_65904	0.71
GRCh38_CMRG_72579	0.692
GRCh38_CMRG_59780	0.663
GRCh38_CMRG_24478	0.628
GRCh38_CMRG_67948	0.908
GRCh38_CMRG_84544	0.899
GRCh38_CMRG_84385	0.85
GRCh38_CMRG_12641	0.847
GRCh38_CMRG_50897	0.837
GRCh38_CMRG_8155	0.829
GRCh38_CMRG_37728	0.829
GRCh38_CMRG_58716	0.823
GRCh38_CMRG_75276	0.792
GRCh38_CMRG_60291	0.789
GRCh38_CMRG_6823	0.785
GRCh38_CMRG_29114	0.78
GRCh38_CMRG_79216	0.778
GRCh38_CMRG_22965	0.776
GRCh38_CMRG_50895	0.77
GRCh38_CMRG_19337	0.766
GRCh38_CMRG_13738	0.766
GRCh38_CMRG_22486	0.765
GRCh38_CMRG_44550	0.761
GRCh38_CMRG_26752	0.756
GRCh38_CMRG_17077	0.751
GRCh38_CMRG_24524	0.748
GRCh38_CMRG_59876	0.747
GRCh38_CMRG_48855	0.745
GRCh38_CMRG_67201	0.732
GRCh38_CMRG_11714	0.731
GRCh38_CMRG_21859	0.722
GRCh38_CMRG_9026	0.691
GRCh38_CMRG_32985	0.689
GRCh38_CMRG_5930	0.65
GRCh38_CMRG_59411	0.585
GRCh38_CMRG_8740	0.896
GRCh38_CMRG_32063	0.872
GRCh38_CMRG_39853	0.867
GRCh38_CMRG_8257	0.844
GRCh38_CMRG_7940	0.826
GRCh38_CMRG_8754	0.826
GRCh38_CMRG_61296	0.804
GRCh38_CMRG_38798	0.791
GRCh38_CMRG_67510	0.789
GRCh38_CMRG_55626	0.781
GRCh38_CMRG_54889	0.781
GRCh38_CMRG_53270	0.781
GRCh38_CMRG_27055	0.776
GRCh38_CMRG_22101	0.775
GRCh38_CMRG_54979	0.77
GRCh38_CMRG_39310	0.767
GRCh38_CMRG_8794	0.764
GRCh38_CMRG_33770	0.759
GRCh38_CMRG_81292	0.756
GRCh38_CMRG_14607	0.752
GRCh38_CMRG_73811	0.751
GRCh38_CMRG_14343	0.75
GRCh38_CMRG_68230	0.747
GRCh38_CMRG_75167	0.746
GRCh38_CMRG_18001	0.746
GRCh38_CMRG_1452	0.732
GRCh38_CMRG_72480	0.732
GRCh38_CMRG_20015	0.67
GRCh38_CMRG_49323	0.916
GRCh38_CMRG_21293	0.835
GRCh38_CMRG_50906	0.825
GRCh38_CMRG_22665	0.817
GRCh38_CMRG_70081	0.814
GRCh38_CMRG_68832	0.814
GRCh38_CMRG_35930	0.809
GRCh38_CMRG_22114	0.784
GRCh38_CMRG_12362	0.783
GRCh38_CMRG_73198	0.774
GRCh38_CMRG_62366	0.772
GRCh38_CMRG_19841	0.759
GRCh38_CMRG_39308	0.753
GRCh38_CMRG_58993	0.752
GRCh38_CMRG_58157	0.746
GRCh38_CMRG_48839	0.73
GRCh38_CMRG_18793	0.73
GRCh38_CMRG_11678	0.727
GRCh38_CMRG_37265	0.708
GRCh38_CMRG_36184	0.684
GRCh38_CMRG_58092	0.672
GRCh38_CMRG_83680	0.88
GRCh38_CMRG_36101	0.826
GRCh38_CMRG_61160	0.815
GRCh38_CMRG_8047	0.787
GRCh38_CMRG_33945	0.772
GRCh38_CMRG_75265	0.772
GRCh38_CMRG_7859	0.77
GRCh38_CMRG_49667	0.764
GRCh38_CMRG_74461	0.763
GRCh38_CMRG_60078	0.76
GRCh38_CMRG_49180	0.753
GRCh38_CMRG_19350	0.744
GRCh38_CMRG_62532	0.741
GRCh38_CMRG_81297	0.736
GRCh38_CMRG_40735	0.734
GRCh38_CMRG_68314	0.734
GRCh38_CMRG_14381	0.734
GRCh38_CMRG_54064	0.728
GRCh38_CMRG_61733	0.726
GRCh38_CMRG_9106	0.72
GRCh38_CMRG_82107	0.716
GRCh38_CMRG_55769	0.67
GRCh38_CMRG_82076	0.65
GRCh38_CMRG_70872	0.649
GRCh38_CMRG_74954	0.863
GRCh38_CMRG_83617	0.863
GRCh38_CMRG_17486	0.827
GRCh38_CMRG_45553	0.809
GRCh38_CMRG_12840	0.805
GRCh38_CMRG_16625	0.793
GRCh38_CMRG_30838	0.791
GRCh38_CMRG_21946	0.785
GRCh38_CMRG_11065	0.782
GRCh38_CMRG_60821	0.777
GRCh38_CMRG_81485	0.775
GRCh38_CMRG_53471	0.771
GRCh38_CMRG_54608	0.77
GRCh38_CMRG_74508	0.766
GRCh38_CMRG_38394	0.765
GRCh38_CMRG_58918	0.76
GRCh38_CMRG_14889	0.76
GRCh38_CMRG_5987	0.759
GRCh38_CMRG_52328	0.754
GRCh38_CMRG_14984	0.754
GRCh38_CMRG_19786	0.752
GRCh38_CMRG_33925	0.752
GRCh38_CMRG_9442	0.751
GRCh38_CMRG_1728	0.751
GRCh38_CMRG_46323	0.74
GRCh38_CMRG_35948	0.736
GRCh38_CMRG_34237	0.732
GRCh38_CMRG_13838	0.732
GRCh38_CMRG_76837	0.723
GRCh38_CMRG_39580	0.723
GRCh38_CMRG_29350	0.715
GRCh38_CMRG_2024	0.714
GRCh38_CMRG_26219	0.712
GRCh38_CMRG_64883	0.711
GRCh38_CMRG_21607	0.692
GRCh38_CMRG_28114	0.679
GRCh38_CMRG_49199	0.666
GRCh38_CMRG_79808	0.662
GRCh38_CMRG_79525	0.662
GRCh38_CMRG_35609	0.616
GRCh38_CMRG_73449	0.545
GRCh38_CMRG_9114	0.823
GRCh38_CMRG_49597	0.792
GRCh38_CMRG_65801	0.78
GRCh38_CMRG_18624	0.769
GRCh38_CMRG_30782	0.768
GRCh38_CMRG_65641	0.755
GRCh38_CMRG_51256	0.755
GRCh38_CMRG_54508	0.754
GRCh38_CMRG_41033	0.753
GRCh38_CMRG_29509	0.746
GRCh38_CMRG_52221	0.738
GRCh38_CMRG_51312	0.738
GRCh38_CMRG_44914	0.737
GRCh38_CMRG_34067	0.737
GRCh38_CMRG_48195	0.734
GRCh38_CMRG_68977	0.727
GRCh38_CMRG_72478	0.726
GRCh38_CMRG_7509	0.726
GRCh38_CMRG_64422	0.72
GRCh38_CMRG_26399	0.717
GRCh38_CMRG_69416	0.715
GRCh38_CMRG_32626	0.68
GRCh38_CMRG_71912	0.459
GRCh38_CMRG_74062	0.806
GRCh38_CMRG_62377	0.784
GRCh38_CMRG_64705	0.778
GRCh38_CMRG_39899	0.762
GRCh38_CMRG_1374	0.761
GRCh38_CMRG_1032	0.761
GRCh38_CMRG_7153	0.759
GRCh38_CMRG_73091	0.758
GRCh38_CMRG_34332	0.75
GRCh38_CMRG_26515	0.745
GRCh38_CMRG_72348	0.74
GRCh38_CMRG_29504	0.738
GRCh38_CMRG_22316	0.737
GRCh38_CMRG_59015	0.733
GRCh38_CMRG_74284	0.731
GRCh38_CMRG_44908	0.725
GRCh38_CMRG_79283	0.724
GRCh38_CMRG_75063	0.724
GRCh38_CMRG_50147	0.722
GRCh38_CMRG_50307	0.721
GRCh38_CMRG_59911	0.712
GRCh38_CMRG_11795	0.689
GRCh38_CMRG_21927	0.673
GRCh38_CMRG_81925	0.669
GRCh38_CMRG_39102	0.653
GRCh38_CMRG_45502	0.639
GRCh38_CMRG_33499	0.898
GRCh38_CMRG_83293	0.873
GRCh38_CMRG_23622	0.812
GRCh38_CMRG_59037	0.797
GRCh38_CMRG_58981	0.785
GRCh38_CMRG_11892	0.763
GRCh38_CMRG_53579	0.763
GRCh38_CMRG_50598	0.751
GRCh38_CMRG_47841	0.751
GRCh38_CMRG_59265	0.751
GRCh38_CMRG_21476	0.747
GRCh38_CMRG_71924	0.746
GRCh38_CMRG_45852	0.745
GRCh38_CMRG_11071	0.745
GRCh38_CMRG_50313	0.744
GRCh38_CMRG_62384	0.741
GRCh38_CMRG_31467	0.741
GRCh38_CMRG_61262	0.737
GRCh38_CMRG_21976	0.732
GRCh38_CMRG_1709	0.732
GRCh38_CMRG_33157	0.73
GRCh38_CMRG_34757	0.729
GRCh38_CMRG_43702	0.728
GRCh38_CMRG_39749	0.727
GRCh38_CMRG_7480	0.719
GRCh38_CMRG_51842	0.709
GRCh38_CMRG_23257	0.699
GRCh38_CMRG_65725	0.618
GRCh38_CMRG_6044	0.468
GRCh38_CMRG_41759	0.809
GRCh38_CMRG_44559	0.795
GRCh38_CMRG_64124	0.761
GRCh38_CMRG_44151	0.755
GRCh38_CMRG_45736	0.754
GRCh38_CMRG_26290	0.748
GRCh38_CMRG_12063	0.745
GRCh38_CMRG_12748	0.745
GRCh38_CMRG_77136	0.743
GRCh38_CMRG_37093	0.742
GRCh38_CMRG_70603	0.741
GRCh38_CMRG_22020	0.74
GRCh38_CMRG_21942	0.74
GRCh38_CMRG_43599	0.731
GRCh38_CMRG_44826	0.719
GRCh38_CMRG_49416	0.717
GRCh38_CMRG_64773	0.711
GRCh38_CMRG_1577	0.71
GRCh38_CMRG_32461	0.706
GRCh38_CMRG_79630	0.703
GRCh38_CMRG_13749	0.703
GRCh38_CMRG_40447	0.697
GRCh38_CMRG_11214	0.696
GRCh38_CMRG_33044	0.674
GRCh38_CMRG_23569	0.658
GRCh38_CMRG_67738	0.589
GRCh38_CMRG_2628	0.901
GRCh38_CMRG_12093	0.886
GRCh38_CMRG_6998	0.836
GRCh38_CMRG_21161	0.814
GRCh38_CMRG_22078	0.812
GRCh38_CMRG_67961	0.798
GRCh38_CMRG_31715	0.785
GRCh38_CMRG_53233	0.767
GRCh38_CMRG_71149	0.765
GRCh38_CMRG_55091	0.741
GRCh38_CMRG_76688	0.739
GRCh38_CMRG_27087	0.737
GRCh38_CMRG_59684	0.734
GRCh38_CMRG_75410	0.727
GRCh38_CMRG_21728	0.725
GRCh38_CMRG_58185	0.722
GRCh38_CMRG_27758	0.714
GRCh38_CMRG_40864	0.712
GRCh38_CMRG_53547	0.711
GRCh38_CMRG_34353	0.709
GRCh38_CMRG_12754	0.707
GRCh38_CMRG_12755	0.707
GRCh38_CMRG_2124	0.691
GRCh38_CMRG_53004	0.69
GRCh38_CMRG_65690	0.663
GRCh38_CMRG_79995	0.577
GRCh38_CMRG_55819	0.783
GRCh38_CMRG_55642	0.783
GRCh38_CMRG_33708	0.779
GRCh38_CMRG_2255	0.773
GRCh38_CMRG_23029	0.74
GRCh38_CMRG_32515	0.738
GRCh38_CMRG_11527	0.737
GRCh38_CMRG_43793	0.737
GRCh38_CMRG_30045	0.726
GRCh38_CMRG_10939	0.724
GRCh38_CMRG_61610	0.72
GRCh38_CMRG_8868	0.715
GRCh38_CMRG_45031	0.712
GRCh38_CMRG_31186	0.709
GRCh38_CMRG_52288	0.707
GRCh38_CMRG_51390	0.7
GRCh38_CMRG_76787	0.682
GRCh38_CMRG_37222	0.677
GRCh38_CMRG_19605	0.644
GRCh38_CMRG_8732	0.884
GRCh38_CMRG_59462	0.821
GRCh38_CMRG_74998	0.794
GRCh38_CMRG_60871	0.782
GRCh38_CMRG_53773	0.778
GRCh38_CMRG_59778	0.775
GRCh38_CMRG_22818	0.76
GRCh38_CMRG_35793	0.758
GRCh38_CMRG_19893	0.757
GRCh38_CMRG_25386	0.751
GRCh38_CMRG_48985	0.748
GRCh38_CMRG_61419	0.744
GRCh38_CMRG_61528	0.744
GRCh38_CMRG_24372	0.742
GRCh38_CMRG_32463	0.741
GRCh38_CMRG_22916	0.741
GRCh38_CMRG_73240	0.739
GRCh38_CMRG_60110	0.737
GRCh38_CMRG_59685	0.737
GRCh38_CMRG_76839	0.733
GRCh38_CMRG_79565	0.732
GRCh38_CMRG_20878	0.732
GRCh38_CMRG_22858	0.728
GRCh38_CMRG_22586	0.721
GRCh38_CMRG_36415	0.72
GRCh38_CMRG_63720	0.715
GRCh38_CMRG_18129	0.712
GRCh38_CMRG_24693	0.709
GRCh38_CMRG_71987	0.709
GRCh38_CMRG_81208	0.698
GRCh38_CMRG_40446	0.692
GRCh38_CMRG_22344	0.691
GRCh38_CMRG_1692	0.653
GRCh38_CMRG_36729	0.601
GRCh38_CMRG_6455	0.806
GRCh38_CMRG_27884	0.802
GRCh38_CMRG_32066	0.79
GRCh38_CMRG_75026	0.76
GRCh38_CMRG_43966	0.745
GRCh38_CMRG_32627	0.739
GRCh38_CMRG_39420	0.738
GRCh38_CMRG_20849	0.735
GRCh38_CMRG_59372	0.733
GRCh38_CMRG_38713	0.732
GRCh38_CMRG_7049	0.728
GRCh38_CMRG_67367	0.723
GRCh38_CMRG_51838	0.721
GRCh38_CMRG_67168	0.718
GRCh38_CMRG_77369	0.709
GRCh38_CMRG_2034	0.68
GRCh38_CMRG_65983	0.81
GRCh38_CMRG_11788	0.765
GRCh38_CMRG_11789	0.765
GRCh38_CMRG_71596	0.762
GRCh38_CMRG_37002	0.762
GRCh38_CMRG_25810	0.76
GRCh38_CMRG_18787	0.758
GRCh38_CMRG_71673	0.75
GRCh38_CMRG_32473	0.738
GRCh38_CMRG_32471	0.735
GRCh38_CMRG_72161	0.732
GRCh38_CMRG_61563	0.732
GRCh38_CMRG_32475	0.732
GRCh38_CMRG_10992	0.727
GRCh38_CMRG_64711	0.723
GRCh38_CMRG_80803	0.723
GRCh38_CMRG_75192	0.712
GRCh38_CMRG_10557	0.705
GRCh38_CMRG_28567	0.704
GRCh38_CMRG_44370	0.703
GRCh38_CMRG_24358	0.701
GRCh38_CMRG_27833	0.693
GRCh38_CMRG_37883	0.692
GRCh38_CMRG_54634	0.691
GRCh38_CMRG_77137	0.685
GRCh38_CMRG_6903	0.67
GRCh38_CMRG_68153	0.629
GRCh38_CMRG_55331	0.622
GRCh38_CMRG_45591	0.611
GRCh38_CMRG_37827	0.592
GRCh38_CMRG_1956	0.893
GRCh38_CMRG_83533	0.85
GRCh38_CMRG_79939	0.798
GRCh38_CMRG_9568	0.77
GRCh38_CMRG_55641	0.768
GRCh38_CMRG_60987	0.744
GRCh38_CMRG_36124	0.737
GRCh38_CMRG_25022	0.735
GRCh38_CMRG_40145	0.725
GRCh38_CMRG_1607	0.721
GRCh38_CMRG_77325	0.713
GRCh38_CMRG_51839	0.712
GRCh38_CMRG_44819	0.712
GRCh38_CMRG_73889	0.708
GRCh38_CMRG_12892	0.706
GRCh38_CMRG_10838	0.703
GRCh38_CMRG_28919	0.701
GRCh38_CMRG_26369	0.698
GRCh38_CMRG_24990	0.697
GRCh38_CMRG_58685	0.685
GRCh38_CMRG_64207	0.679
GRCh38_CMRG_44963	0.657
GRCh38_CMRG_41877	0.592
GRCh38_CMRG_36575	0.879
GRCh38_CMRG_28059	0.806
GRCh38_CMRG_17401	0.79
GRCh38_CMRG_71139	0.745
GRCh38_CMRG_60287	0.745
GRCh38_CMRG_70699	0.744
GRCh38_CMRG_40809	0.743
GRCh38_CMRG_53754	0.741
GRCh38_CMRG_16953	0.731
GRCh38_CMRG_8017	0.723
GRCh38_CMRG_34065	0.722
GRCh38_CMRG_74890	0.718
GRCh38_CMRG_10524	0.717
GRCh38_CMRG_61961	0.715
GRCh38_CMRG_59821	0.712
GRCh38_CMRG_35941	0.712
GRCh38_CMRG_22276	0.71
GRCh38_CMRG_29128	0.71
GRCh38_CMRG_47231	0.699
GRCh38_CMRG_58219	0.695
GRCh38_CMRG_24093	0.69
GRCh38_CMRG_15381	0.677
GRCh38_CMRG_15314	0.674
GRCh38_CMRG_19472	0.669
GRCh38_CMRG_64826	0.667
GRCh38_CMRG_25047	0.656
GRCh38_CMRG_13747	0.624
GRCh38_CMRG_41488	0.59
GRCh38_CMRG_39889	0.886
GRCh38_CMRG_83430	0.849
GRCh38_CMRG_59983	0.825
GRCh38_CMRG_14686	0.741
GRCh38_CMRG_67923	0.739
GRCh38_CMRG_23606	0.739
GRCh38_CMRG_24682	0.739
GRCh38_CMRG_14687	0.734
GRCh38_CMRG_32930	0.732
GRCh38_CMRG_50135	0.721
GRCh38_CMRG_21332	0.716
GRCh38_CMRG_64333	0.715
GRCh38_CMRG_63794	0.714
GRCh38_CMRG_31409	0.708
GRCh38_CMRG_17292	0.704
GRCh38_CMRG_28998	0.703
GRCh38_CMRG_77633	0.703
GRCh38_CMRG_59949	0.699
GRCh38_CMRG_17328	0.695
GRCh38_CMRG_72792	0.691
GRCh38_CMRG_21662	0.687
GRCh38_CMRG_77386	0.685
GRCh38_CMRG_49047	0.684
GRCh38_CMRG_60883	0.683
GRCh38_CMRG_68028	0.645
GRCh38_CMRG_68326	0.62
GRCh38_CMRG_32800	0.835
GRCh38_CMRG_58530	0.795
GRCh38_CMRG_79804	0.762
GRCh38_CMRG_75091	0.752
GRCh38_CMRG_59136	0.75
GRCh38_CMRG_38379	0.744
GRCh38_CMRG_14599	0.74
GRCh38_CMRG_69775	0.739
GRCh38_CMRG_15374	0.736
GRCh38_CMRG_32219	0.735
GRCh38_CMRG_40035	0.73
GRCh38_CMRG_32157	0.724
GRCh38_CMRG_72765	0.723
GRCh38_CMRG_69327	0.722
GRCh38_CMRG_29211	0.718
GRCh38_CMRG_72541	0.715
GRCh38_CMRG_41366	0.707
GRCh38_CMRG_22038	0.706
GRCh38_CMRG_26945	0.701
GRCh38_CMRG_59522	0.701
GRCh38_CMRG_40062	0.692
GRCh38_CMRG_36675	0.687
GRCh38_CMRG_34703	0.685
GRCh38_CMRG_34015	0.679
GRCh38_CMRG_29716	0.678
GRCh38_CMRG_45363	0.676
GRCh38_CMRG_21575	0.67
GRCh38_CMRG_33876	0.668
GRCh38_CMRG_33875	0.668
GRCh38_CMRG_36034	0.661
GRCh38_CMRG_41277	0.641
GRCh38_CMRG_71361	0.637
GRCh38_CMRG_79863	0.619
GRCh38_CMRG_3100	0.606
GRCh38_CMRG_84479	0.85
GRCh38_CMRG_84490	0.836
GRCh38_CMRG_84366	0.836
GRCh38_CMRG_84094	0.828
GRCh38_CMRG_64225	0.775
GRCh38_CMRG_12258	0.765
GRCh38_CMRG_46272	0.755
GRCh38_CMRG_6937	0.755
GRCh38_CMRG_21419	0.753
GRCh38_CMRG_30042	0.728
GRCh38_CMRG_28642	0.726
GRCh38_CMRG_29215	0.722
GRCh38_CMRG_33553	0.72
GRCh38_CMRG_48736	0.72
GRCh38_CMRG_43938	0.717
GRCh38_CMRG_58789	0.714
GRCh38_CMRG_50850	0.71
GRCh38_CMRG_75572	0.71
GRCh38_CMRG_52551	0.707
GRCh38_CMRG_52670	0.707
GRCh38_CMRG_1113	0.706
GRCh38_CMRG_45095	0.704
GRCh38_CMRG_7242	0.701
GRCh38_CMRG_6318	0.697
GRCh38_CMRG_17177	0.697
GRCh38_CMRG_48100	0.688
GRCh38_CMRG_77379	0.687
GRCh38_CMRG_8255	0.686
GRCh38_CMRG_3009	0.678
GRCh38_CMRG_16918	0.667
GRCh38_CMRG_7347	0.611
GRCh38_CMRG_25201	0.851
GRCh38_CMRG_83899	0.828
GRCh38_CMRG_84423	0.828
GRCh38_CMRG_44402	0.78
GRCh38_CMRG_5829	0.757
GRCh38_CMRG_11541	0.745
GRCh38_CMRG_10874	0.744
GRCh38_CMRG_11612	0.737
GRCh38_CMRG_25019	0.733
GRCh38_CMRG_32464	0.728
GRCh38_CMRG_79823	0.726
GRCh38_CMRG_14321	0.725
GRCh38_CMRG_31133	0.722
GRCh38_CMRG_32281	0.709
GRCh38_CMRG_23144	0.709
GRCh38_CMRG_31984	0.697
GRCh38_CMRG_14076	0.692
GRCh38_CMRG_44258	0.688
GRCh38_CMRG_42024	0.688
GRCh38_CMRG_50703	0.681
GRCh38_CMRG_50704	0.669
GRCh38_CMRG_22318	0.65
GRCh38_CMRG_33116	0.808
GRCh38_CMRG_12786	0.779
GRCh38_CMRG_66001	0.768
GRCh38_CMRG_34229	0.749
GRCh38_CMRG_13402	0.747
GRCh38_CMRG_2869	0.731
GRCh38_CMRG_12327	0.725
GRCh38_CMRG_61975	0.72
GRCh38_CMRG_55381	0.705
GRCh38_CMRG_30888	0.702
GRCh38_CMRG_78927	0.7
GRCh38_CMRG_81194	0.699
GRCh38_CMRG_21524	0.698
GRCh38_CMRG_74314	0.693
GRCh38_CMRG_6834	0.689
GRCh38_CMRG_69325	0.677
GRCh38_CMRG_25910	0.676
GRCh38_CMRG_73675	0.674
GRCh38_CMRG_8746	0.67
GRCh38_CMRG_26921	0.663
GRCh38_CMRG_70143	0.658
GRCh38_CMRG_46201	0.657
GRCh38_CMRG_63634	0.656
GRCh38_CMRG_14671	0.651
GRCh38_CMRG_23646	0.643
GRCh38_CMRG_7369	0.805
GRCh38_CMRG_84146	0.796
GRCh38_CMRG_39606	0.794
GRCh38_CMRG_37017	0.766
GRCh38_CMRG_21902	0.758
GRCh38_CMRG_117	0.735
GRCh38_CMRG_31697	0.721
GRCh38_CMRG_32807	0.717
GRCh38_CMRG_78976	0.712
GRCh38_CMRG_28724	0.707
GRCh38_CMRG_26513	0.703
GRCh38_CMRG_58665	0.7
GRCh38_CMRG_58834	0.697
GRCh38_CMRG_32543	0.687
GRCh38_CMRG_60809	0.682
GRCh38_CMRG_74831	0.68
GRCh38_CMRG_37562	0.679
GRCh38_CMRG_72152	0.677
GRCh38_CMRG_50675	0.677
GRCh38_CMRG_49873	0.675
GRCh38_CMRG_70898	0.67
GRCh38_CMRG_37712	0.667
GRCh38_CMRG_14334	0.659
GRCh38_CMRG_72921	0.637
GRCh38_CMRG_70134	0.631
GRCh38_CMRG_83754	0.807
GRCh38_CMRG_51095	0.777
GRCh38_CMRG_72246	0.769
GRCh38_CMRG_11555	0.737
GRCh38_CMRG_50009	0.725
GRCh38_CMRG_55772	0.725
GRCh38_CMRG_51604	0.719
GRCh38_CMRG_8934	0.7
GRCh38_CMRG_66021	0.696
GRCh38_CMRG_37534	0.695
GRCh38_CMRG_30645	0.695
GRCh38_CMRG_11217	0.694
GRCh38_CMRG_54030	0.689
GRCh38_CMRG_9396	0.689
GRCh38_CMRG_45963	0.686
GRCh38_CMRG_3006	0.685
GRCh38_CMRG_12290	0.681
GRCh38_CMRG_61579	0.68
GRCh38_CMRG_67183	0.679
GRCh38_CMRG_77606	0.673
GRCh38_CMRG_54348	0.671
GRCh38_CMRG_53496	0.656
GRCh38_CMRG_58490	0.617
GRCh38_CMRG_6438	0.577
GRCh38_CMRG_48995	0.568
GRCh38_CMRG_83319	0.844
GRCh38_CMRG_31429	0.722
GRCh38_CMRG_82054	0.708
GRCh38_CMRG_41128	0.706
GRCh38_CMRG_63420	0.701
GRCh38_CMRG_63953	0.698
GRCh38_CMRG_37652	0.693
GRCh38_CMRG_38430	0.692
GRCh38_CMRG_40730	0.683
GRCh38_CMRG_40123	0.679
GRCh38_CMRG_76724	0.679
GRCh38_CMRG_59075	0.676
GRCh38_CMRG_67278	0.675
GRCh38_CMRG_77328	0.666
GRCh38_CMRG_73267	0.661
GRCh38_CMRG_18512	0.66
GRCh38_CMRG_65909	0.657
GRCh38_CMRG_19255	0.655
GRCh38_CMRG_5887	0.655
GRCh38_CMRG_43582	0.647
GRCh38_CMRG_41792	0.746
GRCh38_CMRG_41317	0.746
GRCh38_CMRG_47857	0.739
GRCh38_CMRG_45820	0.73
GRCh38_CMRG_42048	0.726
GRCh38_CMRG_32856	0.713
GRCh38_CMRG_81895	0.712
GRCh38_CMRG_25811	0.699
GRCh38_CMRG_18185	0.695
GRCh38_CMRG_32172	0.692
GRCh38_CMRG_37867	0.689
GRCh38_CMRG_7086	0.687
GRCh38_CMRG_29905	0.68
GRCh38_CMRG_26003	0.677
GRCh38_CMRG_71569	0.666
GRCh38_CMRG_71472	0.656
GRCh38_CMRG_71536	0.656
GRCh38_CMRG_21986	0.653
GRCh38_CMRG_31040	0.652
GRCh38_CMRG_22917	0.652
GRCh38_CMRG_73750	0.652
GRCh38_CMRG_16536	0.647
GRCh38_CMRG_33361	0.646
GRCh38_CMRG_46575	0.644
GRCh38_CMRG_17659	0.61
GRCh38_CMRG_39243	0.605
GRCh38_CMRG_37897	0.585
GRCh38_CMRG_49437	0.83
GRCh38_CMRG_54490	0.733
GRCh38_CMRG_55827	0.733
GRCh38_CMRG_2246	0.72
GRCh38_CMRG_41378	0.712
GRCh38_CMRG_79109	0.696
GRCh38_CMRG_51727	0.694
GRCh38_CMRG_73768	0.691
GRCh38_CMRG_77299	0.689
GRCh38_CMRG_16524	0.682
GRCh38_CMRG_31242	0.682
GRCh38_CMRG_17660	0.682
GRCh38_CMRG_46443	0.679
GRCh38_CMRG_2385	0.676
GRCh38_CMRG_48971	0.675
GRCh38_CMRG_72659	0.672
GRCh38_CMRG_52379	0.665
GRCh38_CMRG_15326	0.642
GRCh38_CMRG_31825	0.634
GRCh38_CMRG_39750	0.628
GRCh38_CMRG_35946	0.839
GRCh38_CMRG_35945	0.829
GRCh38_CMRG_28312	0.812
GRCh38_CMRG_31935	0.798
GRCh38_CMRG_16916	0.732
GRCh38_CMRG_72981	0.725
GRCh38_CMRG_70274	0.725
GRCh38_CMRG_1083	0.72
GRCh38_CMRG_48466	0.712
GRCh38_CMRG_49115	0.712
GRCh38_CMRG_55608	0.698
GRCh38_CMRG_50615	0.696
GRCh38_CMRG_21381	0.693
GRCh38_CMRG_18148	0.687
GRCh38_CMRG_36037	0.684
GRCh38_CMRG_58581	0.683
GRCh38_CMRG_23770	0.682
GRCh38_CMRG_9388	0.681
GRCh38_CMRG_72446	0.681
GRCh38_CMRG_69917	0.678
GRCh38_CMRG_21217	0.677
GRCh38_CMRG_61329	0.676
GRCh38_CMRG_37551	0.673
GRCh38_CMRG_54458	0.673
GRCh38_CMRG_13615	0.672
GRCh38_CMRG_36027	0.669
GRCh38_CMRG_54453	0.662
GRCh38_CMRG_29362	0.661
GRCh38_CMRG_82094	0.659
GRCh38_CMRG_70690	0.655
GRCh38_CMRG_27446	0.65
GRCh38_CMRG_21730	0.65
GRCh38_CMRG_77590	0.622
GRCh38_CMRG_45701	0.825
GRCh38_CMRG_84533	0.798
GRCh38_CMRG_16635	0.772
GRCh38_CMRG_11461	0.765
GRCh38_CMRG_11460	0.765
GRCh38_CMRG_7676	0.751
GRCh38_CMRG_50825	0.744
GRCh38_CMRG_47095	0.737
GRCh38_CMRG_77508	0.725
GRCh38_CMRG_15028	0.72
GRCh38_CMRG_15588	0.72
GRCh38_CMRG_64079	0.717
GRCh38_CMRG_42282	0.714
GRCh38_CMRG_33039	0.706
GRCh38_CMRG_9018	0.695
GRCh38_CMRG_65993	0.691
GRCh38_CMRG_41918	0.684
GRCh38_CMRG_28463	0.679
GRCh38_CMRG_67933	0.671
GRCh38_CMRG_53296	0.671
GRCh38_CMRG_49387	0.668
GRCh38_CMRG_39956	0.668
GRCh38_CMRG_31408	0.664
GRCh38_CMRG_71610	0.662
GRCh38_CMRG_1424	0.654
GRCh38_CMRG_33823	0.645
GRCh38_CMRG_67159	0.639
GRCh38_CMRG_72227	0.636
GRCh38_CMRG_38528	0.636
GRCh38_CMRG_27179	0.589
GRCh38_CMRG_83755	0.791
GRCh38_CMRG_37546	0.752
GRCh38_CMRG_43924	0.732
GRCh38_CMRG_2355	0.717
GRCh38_CMRG_6412	0.713
GRCh38_CMRG_19378	0.699
GRCh38_CMRG_22641	0.694
GRCh38_CMRG_34765	0.69
GRCh38_CMRG_41064	0.683
GRCh38_CMRG_58788	0.674
GRCh38_CMRG_40182	0.673
GRCh38_CMRG_73570	0.67
GRCh38_CMRG_24096	0.664
GRCh38_CMRG_27221	0.657
GRCh38_CMRG_47026	0.655
GRCh38_CMRG_19444	0.651
GRCh38_CMRG_55418	0.648
GRCh38_CMRG_25343	0.632
GRCh38_CMRG_32003	0.616
GRCh38_CMRG_44057	0.586
GRCh38_CMRG_1043	0.869
GRCh38_CMRG_26859	0.839
GRCh38_CMRG_2918	0.804
GRCh38_CMRG_20839	0.782
GRCh38_CMRG_47648	0.737
GRCh38_CMRG_38954	0.736
GRCh38_CMRG_9108	0.718
GRCh38_CMRG_27030	0.707
GRCh38_CMRG_1105	0.7
GRCh38_CMRG_38911	0.696
GRCh38_CMRG_53230	0.694
GRCh38_CMRG_38597	0.683
GRCh38_CMRG_7972	0.677
GRCh38_CMRG_31907	0.674
GRCh38_CMRG_6417	0.669
GRCh38_CMRG_67907	0.666
GRCh38_CMRG_51071	0.663
GRCh38_CMRG_41916	0.659
GRCh38_CMRG_55764	0.646
GRCh38_CMRG_20003	0.643
GRCh38_CMRG_8572	0.642
GRCh38_CMRG_41386	0.639
GRCh38_CMRG_18059	0.637
GRCh38_CMRG_74423	0.63
GRCh38_CMRG_55807	0.629
GRCh38_CMRG_39426	0.62
GRCh38_CMRG_71485	0.785
GRCh38_CMRG_12547	0.759
GRCh38_CMRG_41583	0.722
GRCh38_CMRG_29117	0.722
GRCh38_CMRG_55107	0.715
GRCh38_CMRG_54206	0.715
GRCh38_CMRG_69595	0.698
GRCh38_CMRG_65565	0.685
GRCh38_CMRG_2010	0.684
GRCh38_CMRG_11787	0.677
GRCh38_CMRG_53526	0.663
GRCh38_CMRG_53127	0.663
GRCh38_CMRG_40382	0.663
GRCh38_CMRG_11442	0.661
GRCh38_CMRG_17728	0.66
GRCh38_CMRG_48624	0.657
GRCh38_CMRG_12391	0.655
GRCh38_CMRG_68096	0.653
GRCh38_CMRG_59619	0.652
GRCh38_CMRG_27934	0.652
GRCh38_CMRG_37906	0.65
GRCh38_CMRG_3008	0.639
GRCh38_CMRG_18226	0.639
GRCh38_CMRG_24929	0.625
GRCh38_CMRG_68772	0.609
GRCh38_CMRG_41485	0.834
GRCh38_CMRG_72705	0.806
GRCh38_CMRG_84045	0.803
GRCh38_CMRG_19140	0.755
GRCh38_CMRG_68854	0.72
GRCh38_CMRG_39576	0.702
GRCh38_CMRG_75339	0.699
GRCh38_CMRG_48441	0.693
GRCh38_CMRG_18189	0.688
GRCh38_CMRG_41201	0.671
GRCh38_CMRG_25191	0.669
GRCh38_CMRG_70686	0.664
GRCh38_CMRG_34522	0.663
GRCh38_CMRG_54603	0.661
GRCh38_CMRG_49395	0.661
GRCh38_CMRG_45579	0.66
GRCh38_CMRG_28504	0.659
GRCh38_CMRG_65862	0.656
GRCh38_CMRG_52377	0.654
GRCh38_CMRG_9443	0.637
GRCh38_CMRG_33589	0.633
GRCh38_CMRG_28461	0.613
GRCh38_CMRG_5836	0.837
GRCh38_CMRG_49211	0.795
GRCh38_CMRG_79482	0.736
GRCh38_CMRG_8603	0.712
GRCh38_CMRG_1979	0.702
GRCh38_CMRG_38175	0.686
GRCh38_CMRG_74471	0.683
GRCh38_CMRG_793	0.682
GRCh38_CMRG_18915	0.679
GRCh38_CMRG_8196	0.677
GRCh38_CMRG_27433	0.671
GRCh38_CMRG_1779	0.67
GRCh38_CMRG_6380	0.663
GRCh38_CMRG_41650	0.654
GRCh38_CMRG_14838	0.64
GRCh38_CMRG_18061	0.64
GRCh38_CMRG_60970	0.636
GRCh38_CMRG_72265	0.619
GRCh38_CMRG_6182	0.617
GRCh38_CMRG_16668	0.615
GRCh38_CMRG_55258	0.611
GRCh38_CMRG_29987	0.6
GRCh38_CMRG_45780	0.553
GRCh38_CMRG_33120	0.768
GRCh38_CMRG_23151	0.755
GRCh38_CMRG_25812	0.731
GRCh38_CMRG_23183	0.714
GRCh38_CMRG_52886	0.705
GRCh38_CMRG_79729	0.698
GRCh38_CMRG_53532	0.698
GRCh38_CMRG_8102	0.691
GRCh38_CMRG_53558	0.678
GRCh38_CMRG_81341	0.674
GRCh38_CMRG_1450	0.67
GRCh38_CMRG_18201	0.662
GRCh38_CMRG_69570	0.661
GRCh38_CMRG_9249	0.66
GRCh38_CMRG_19085	0.656
GRCh38_CMRG_74300	0.654
GRCh38_CMRG_39524	0.653
GRCh38_CMRG_74876	0.653
GRCh38_CMRG_31100	0.652
GRCh38_CMRG_12770	0.652
GRCh38_CMRG_42337	0.652
GRCh38_CMRG_5870	0.65
GRCh38_CMRG_35956	0.647
GRCh38_CMRG_48864	0.645
GRCh38_CMRG_30950	0.641
GRCh38_CMRG_37981	0.632
GRCh38_CMRG_25138	0.629
GRCh38_CMRG_14401	0.574
GRCh38_CMRG_73057	0.837
GRCh38_CMRG_29543	0.831
GRCh38_CMRG_58543	0.828
GRCh38_CMRG_79753	0.804
GRCh38_CMRG_79724	0.75
GRCh38_CMRG_25238	0.743
GRCh38_CMRG_55618	0.727
GRCh38_CMRG_51026	0.723
GRCh38_CMRG_45196	0.716
GRCh38_CMRG_42519	0.714
GRCh38_CMRG_62059	0.696
GRCh38_CMRG_36679	0.681
GRCh38_CMRG_37653	0.681
GRCh38_CMRG_31628	0.673
GRCh38_CMRG_31730	0.673
GRCh38_CMRG_65511	0.671
GRCh38_CMRG_81433	0.67
GRCh38_CMRG_23143	0.669
GRCh38_CMRG_70903	0.663
GRCh38_CMRG_7214	0.662
GRCh38_CMRG_16985	0.661
GRCh38_CMRG_41223	0.658
GRCh38_CMRG_11688	0.657
GRCh38_CMRG_48667	0.649
GRCh38_CMRG_48480	0.649
GRCh38_CMRG_7023	0.647
GRCh38_CMRG_64239	0.647
GRCh38_CMRG_29773	0.646
GRCh38_CMRG_30930	0.646
GRCh38_CMRG_72011	0.642
GRCh38_CMRG_74768	0.627
GRCh38_CMRG_41814	0.62
GRCh38_CMRG_79798	0.576
GRCh38_CMRG_33163	0.57
GRCh38_CMRG_55112	0.715
GRCh38_CMRG_39774	0.712
GRCh38_CMRG_64918	0.707
GRCh38_CMRG_28721	0.684
GRCh38_CMRG_48198	0.678
GRCh38_CMRG_58967	0.673
GRCh38_CMRG_8809	0.642
GRCh38_CMRG_49918	0.641
GRCh38_CMRG_29005	0.637
GRCh38_CMRG_31605	0.631
GRCh38_CMRG_77640	0.624
GRCh38_CMRG_18857	0.624
GRCh38_CMRG_82879	0.769
GRCh38_CMRG_39935	0.704
GRCh38_CMRG_36985	0.691
GRCh38_CMRG_36815	0.683
GRCh38_CMRG_19090	0.675
GRCh38_CMRG_55139	0.675
GRCh38_CMRG_46284	0.669
GRCh38_CMRG_81768	0.669
GRCh38_CMRG_71599	0.668
GRCh38_CMRG_65415	0.662
GRCh38_CMRG_45889	0.66
GRCh38_CMRG_48246	0.652
GRCh38_CMRG_9152	0.65
GRCh38_CMRG_32373	0.65
GRCh38_CMRG_35751	0.649
GRCh38_CMRG_71410	0.648
GRCh38_CMRG_51152	0.645
GRCh38_CMRG_37644	0.644
GRCh38_CMRG_17954	0.639
GRCh38_CMRG_46155	0.639
GRCh38_CMRG_29305	0.639
GRCh38_CMRG_15034	0.636
GRCh38_CMRG_27572	0.636
GRCh38_CMRG_70793	0.636
GRCh38_CMRG_8157	0.63
GRCh38_CMRG_23477	0.629
GRCh38_CMRG_40100	0.628
GRCh38_CMRG_68584	0.615
GRCh38_CMRG_22185	0.612
GRCh38_CMRG_70680	0.761
GRCh38_CMRG_52036	0.698
GRCh38_CMRG_70594	0.683
GRCh38_CMRG_26484	0.683
GRCh38_CMRG_70242	0.683
GRCh38_CMRG_15403	0.675
GRCh38_CMRG_66103	0.673
GRCh38_CMRG_63631	0.672
GRCh38_CMRG_81651	0.669
GRCh38_CMRG_9922	0.666
GRCh38_CMRG_33268	0.659
GRCh38_CMRG_68405	0.655
GRCh38_CMRG_75351	0.654
GRCh38_CMRG_23744	0.641
GRCh38_CMRG_76649	0.64
GRCh38_CMRG_72961	0.637
GRCh38_CMRG_76883	0.636
GRCh38_CMRG_11652	0.623
GRCh38_CMRG_59704	0.607
GRCh38_CMRG_58299	0.604
GRCh38_CMRG_19464	0.59
GRCh38_CMRG_65152	0.54
GRCh38_CMRG_83647	0.779
GRCh38_CMRG_49192	0.772
GRCh38_CMRG_70635	0.694
GRCh38_CMRG_36181	0.68
GRCh38_CMRG_83691	0.675
GRCh38_CMRG_21212	0.663
GRCh38_CMRG_10897	0.651
GRCh38_CMRG_75204	0.642
GRCh38_CMRG_7244	0.641
GRCh38_CMRG_64059	0.634
GRCh38_CMRG_7503	0.633
GRCh38_CMRG_6117	0.633
GRCh38_CMRG_22682	0.632
GRCh38_CMRG_19372	0.631
GRCh38_CMRG_68912	0.627
GRCh38_CMRG_29568	0.613
GRCh38_CMRG_18161	0.606
GRCh38_CMRG_50315	0.603
GRCh38_CMRG_41596	0.595
GRCh38_CMRG_21706	0.583
GRCh38_CMRG_60356	0.577
GRCh38_CMRG_76632	0.573
GRCh38_CMRG_28124	0.746
GRCh38_CMRG_31324	0.678
GRCh38_CMRG_50992	0.671
GRCh38_CMRG_47772	0.671
GRCh38_CMRG_11121	0.661
GRCh38_CMRG_19127	0.658
GRCh38_CMRG_79292	0.655
GRCh38_CMRG_59671	0.653
GRCh38_CMRG_44751	0.653
GRCh38_CMRG_62389	0.647
GRCh38_CMRG_8771	0.646
GRCh38_CMRG_47893	0.641
GRCh38_CMRG_1227	0.641
GRCh38_CMRG_23275	0.632
GRCh38_CMRG_40220	0.632
GRCh38_CMRG_28745	0.628
GRCh38_CMRG_6989	0.626
GRCh38_CMRG_62521	0.622
GRCh38_CMRG_31701	0.616
GRCh38_CMRG_61141	0.613
GRCh38_CMRG_60112	0.581
GRCh38_CMRG_13493	0.492
GRCh38_CMRG_39150	0.702
GRCh38_CMRG_58963	0.695
GRCh38_CMRG_23041	0.685
GRCh38_CMRG_46565	0.672
GRCh38_CMRG_44121	0.664
GRCh38_CMRG_24438	0.656
GRCh38_CMRG_43806	0.656
GRCh38_CMRG_40452	0.656
GRCh38_CMRG_51069	0.647
GRCh38_CMRG_27439	0.645
GRCh38_CMRG_29684	0.645
GRCh38_CMRG_29801	0.643
GRCh38_CMRG_54688	0.638
GRCh38_CMRG_29512	0.634
GRCh38_CMRG_2204	0.612
GRCh38_CMRG_27205	0.605
GRCh38_CMRG_59917	0.588
GRCh38_CMRG_84016	0.763
GRCh38_CMRG_72582	0.752
GRCh38_CMRG_24103	0.712
GRCh38_CMRG_71029	0.702
GRCh38_CMRG_61699	0.695
GRCh38_CMRG_32843	0.692
GRCh38_CMRG_1104	0.677
GRCh38_CMRG_32745	0.674
GRCh38_CMRG_43964	0.67
GRCh38_CMRG_43963	0.669
GRCh38_CMRG_9067	0.668
GRCh38_CMRG_9470	0.668
GRCh38_CMRG_1041	0.657
GRCh38_CMRG_14993	0.652
GRCh38_CMRG_44356	0.647
GRCh38_CMRG_80784	0.638
GRCh38_CMRG_33175	0.632
GRCh38_CMRG_50259	0.631
GRCh38_CMRG_64296	0.625
GRCh38_CMRG_19545	0.622
GRCh38_CMRG_46505	0.621
GRCh38_CMRG_7573	0.617
GRCh38_CMRG_11820	0.532
GRCh38_CMRG_41376	0.834
GRCh38_CMRG_82871	0.768
GRCh38_CMRG_70660	0.668
GRCh38_CMRG_17179	0.654
GRCh38_CMRG_17382	0.654
GRCh38_CMRG_77709	0.646
GRCh38_CMRG_71077	0.645
GRCh38_CMRG_62446	0.629
GRCh38_CMRG_27720	0.626
GRCh38_CMRG_71728	0.624
GRCh38_CMRG_37979	0.62
GRCh38_CMRG_2247	0.616
GRCh38_CMRG_81780	0.613
GRCh38_CMRG_49525	0.606
GRCh38_CMRG_71441	0.603
GRCh38_CMRG_18181	0.581
GRCh38_CMRG_58133	0.527
GRCh38_CMRG_47587	0.725
GRCh38_CMRG_6849	0.675
GRCh38_CMRG_36828	0.665
GRCh38_CMRG_44066	0.657
GRCh38_CMRG_45204	0.644
GRCh38_CMRG_65855	0.64
GRCh38_CMRG_11952	0.634
GRCh38_CMRG_27130	0.627
GRCh38_CMRG_23640	0.625
GRCh38_CMRG_53917	0.619
GRCh38_CMRG_59844	0.618
GRCh38_CMRG_40723	0.612
GRCh38_CMRG_81475	0.609
GRCh38_CMRG_37219	0.597
GRCh38_CMRG_72564	0.597
GRCh38_CMRG_64000	0.587
GRCh38_CMRG_77250	0.579
GRCh38_CMRG_87	0.542
GRCh38_CMRG_40622	0.535
GRCh38_CMRG_39360	0.733
GRCh38_CMRG_43849	0.72
GRCh38_CMRG_36981	0.691
GRCh38_CMRG_65608	0.688
GRCh38_CMRG_63694	0.687
GRCh38_CMRG_13792	0.681
GRCh38_CMRG_129	0.675
GRCh38_CMRG_7482	0.669
GRCh38_CMRG_14322	0.666
GRCh38_CMRG_73637	0.658
GRCh38_CMRG_32489	0.646
GRCh38_CMRG_26311	0.642
GRCh38_CMRG_22128	0.641
GRCh38_CMRG_71685	0.638
GRCh38_CMRG_59245	0.637
GRCh38_CMRG_13124	0.636
GRCh38_CMRG_74619	0.632
GRCh38_CMRG_40574	0.629
GRCh38_CMRG_69999	0.628
GRCh38_CMRG_25360	0.628
GRCh38_CMRG_23188	0.622
GRCh38_CMRG_7253	0.621
GRCh38_CMRG_24887	0.621
GRCh38_CMRG_42219	0.62
GRCh38_CMRG_64487	0.609
GRCh38_CMRG_26325	0.608
GRCh38_CMRG_55804	0.6
GRCh38_CMRG_60322	0.598
GRCh38_CMRG_70493	0.595
GRCh38_CMRG_50194	0.579
GRCh38_CMRG_60804	0.578
GRCh38_CMRG_61029	0.478
GRCh38_CMRG_65867	0.79
GRCh38_CMRG_65868	0.79
GRCh38_CMRG_38195	0.734
GRCh38_CMRG_54811	0.679
GRCh38_CMRG_34084	0.672
GRCh38_CMRG_1940	0.667
GRCh38_CMRG_18245	0.658
GRCh38_CMRG_22354	0.638
GRCh38_CMRG_13930	0.638
GRCh38_CMRG_79350	0.635
GRCh38_CMRG_14589	0.635
GRCh38_CMRG_675	0.628
GRCh38_CMRG_67520	0.617
GRCh38_CMRG_39664	0.615
GRCh38_CMRG_68434	0.615
GRCh38_CMRG_34355	0.615
GRCh38_CMRG_43584	0.614
GRCh38_CMRG_47549	0.613
GRCh38_CMRG_21973	0.605
GRCh38_CMRG_39500	0.597
GRCh38_CMRG_38178	0.577
GRCh38_CMRG_70844	0.515
GRCh38_CMRG_1251	0.773
GRCh38_CMRG_40585	0.682
GRCh38_CMRG_45132	0.654
GRCh38_CMRG_17492	0.636
GRCh38_CMRG_48521	0.634
GRCh38_CMRG_54801	0.626
GRCh38_CMRG_40886	0.624
GRCh38_CMRG_33939	0.62
GRCh38_CMRG_69324	0.612
GRCh38_CMRG_44677	0.608
GRCh38_CMRG_27275	0.606
GRCh38_CMRG_58181	0.599
GRCh38_CMRG_643	0.598
GRCh38_CMRG_16515	0.594
GRCh38_CMRG_55525	0.583
GRCh38_CMRG_36529	0.583
GRCh38_CMRG_24347	0.58
GRCh38_CMRG_83395	0.786
GRCh38_CMRG_79400	0.742
GRCh38_CMRG_32108	0.686
GRCh38_CMRG_127	0.683
GRCh38_CMRG_42422	0.676
GRCh38_CMRG_32805	0.673
GRCh38_CMRG_70637	0.671
GRCh38_CMRG_43967	0.653
GRCh38_CMRG_50507	0.641
GRCh38_CMRG_50128	0.641
GRCh38_CMRG_26913	0.63
GRCh38_CMRG_28188	0.627
GRCh38_CMRG_46186	0.625
GRCh38_CMRG_2455	0.624
GRCh38_CMRG_64645	0.624
GRCh38_CMRG_26962	0.619
GRCh38_CMRG_54558	0.617
GRCh38_CMRG_61546	0.617
GRCh38_CMRG_68938	0.616
GRCh38_CMRG_26270	0.611
GRCh38_CMRG_42454	0.61
GRCh38_CMRG_39885	0.609
GRCh38_CMRG_63650	0.609
GRCh38_CMRG_2513	0.605
GRCh38_CMRG_35714	0.605
GRCh38_CMRG_77615	0.595
GRCh38_CMRG_18897	0.594
GRCh38_CMRG_26719	0.581
GRCh38_CMRG_46189	0.561
GRCh38_CMRG_7487	0.561
GRCh38_CMRG_66032	0.521
GRCh38_CMRG_41672	0.76
GRCh38_CMRG_77261	0.724
GRCh38_CMRG_19820	0.692
GRCh38_CMRG_38390	0.685
GRCh38_CMRG_72809	0.678
GRCh38_CMRG_7093	0.668
GRCh38_CMRG_81981	0.666
GRCh38_CMRG_77107	0.661
GRCh38_CMRG_44108	0.656
GRCh38_CMRG_29196	0.655
GRCh38_CMRG_63944	0.647
GRCh38_CMRG_14219	0.626
GRCh38_CMRG_9113	0.615
GRCh38_CMRG_26184	0.613
GRCh38_CMRG_74233	0.613
GRCh38_CMRG_47939	0.604
GRCh38_CMRG_81923	0.602
GRCh38_CMRG_1825	0.598
GRCh38_CMRG_12706	0.597
GRCh38_CMRG_7300	0.579
GRCh38_CMRG_81517	0.576
GRCh38_CMRG_51818	0.565
GRCh38_CMRG_28268	0.563
GRCh38_CMRG_17116	0.824
GRCh38_CMRG_83220	0.783
GRCh38_CMRG_84400	0.717
GRCh38_CMRG_81569	0.697
GRCh38_CMRG_81804	0.697
GRCh38_CMRG_18055	0.69
GRCh38_CMRG_11426	0.687
GRCh38_CMRG_73174	0.656
GRCh38_CMRG_710	0.655
GRCh38_CMRG_41587	0.653
GRCh38_CMRG_41177	0.63
GRCh38_CMRG_31613	0.629
GRCh38_CMRG_39461	0.629
GRCh38_CMRG_49867	0.627
GRCh38_CMRG_30793	0.624
GRCh38_CMRG_54014	0.623
GRCh38_CMRG_26504	0.613
GRCh38_CMRG_53008	0.611
GRCh38_CMRG_62432	0.603
GRCh38_CMRG_67097	0.603
GRCh38_CMRG_13397	0.59
GRCh38_CMRG_39821	0.582
GRCh38_CMRG_21727	0.748
GRCh38_CMRG_37574	0.732
GRCh38_CMRG_70906	0.717
GRCh38_CMRG_70115	0.656
GRCh38_CMRG_22943	0.642
GRCh38_CMRG_23166	0.642
GRCh38_CMRG_11301	0.639
GRCh38_CMRG_61366	0.637
GRCh38_CMRG_59763	0.637
GRCh38_CMRG_70306	0.63
GRCh38_CMRG_15112	0.629
GRCh38_CMRG_18814	0.628
GRCh38_CMRG_32096	0.628
GRCh38_CMRG_58919	0.623
GRCh38_CMRG_32009	0.618
GRCh38_CMRG_23231	0.612
GRCh38_CMRG_58678	0.612
GRCh38_CMRG_8778	0.611
GRCh38_CMRG_45506	0.61
GRCh38_CMRG_33752	0.605
GRCh38_CMRG_45657	0.594
GRCh38_CMRG_69006	0.592
GRCh38_CMRG_61593	0.591
GRCh38_CMRG_39677	0.588
GRCh38_CMRG_28538	0.582
GRCh38_CMRG_50325	0.576
GRCh38_CMRG_18721	0.574
GRCh38_CMRG_59803	0.55
GRCh38_CMRG_59716	0.55
GRCh38_CMRG_5851	0.548
GRCh38_CMRG_61945	0.543
GRCh38_CMRG_12939	0.71
GRCh38_CMRG_24703	0.669
GRCh38_CMRG_30771	0.667
GRCh38_CMRG_60105	0.646
GRCh38_CMRG_37969	0.623
GRCh38_CMRG_70626	0.623
GRCh38_CMRG_29216	0.619
GRCh38_CMRG_1337	0.617
GRCh38_CMRG_53968	0.616
GRCh38_CMRG_29912	0.613
GRCh38_CMRG_55623	0.61
GRCh38_CMRG_34694	0.605
GRCh38_CMRG_67327	0.601
GRCh38_CMRG_77397	0.597
GRCh38_CMRG_67124	0.595
GRCh38_CMRG_36566	0.591
GRCh38_CMRG_53951	0.588
GRCh38_CMRG_7381	0.584
GRCh38_CMRG_6470	0.583
GRCh38_CMRG_72429	0.578
GRCh38_CMRG_77119	0.576
GRCh38_CMRG_38464	0.575
GRCh38_CMRG_49577	0.506
GRCh38_CMRG_7226	0.821
GRCh38_CMRG_65722	0.768
GRCh38_CMRG_67015	0.73
GRCh38_CMRG_29233	0.689
GRCh38_CMRG_6861	0.665
GRCh38_CMRG_37647	0.651
GRCh38_CMRG_38424	0.618
GRCh38_CMRG_53689	0.611
GRCh38_CMRG_52409	0.61
GRCh38_CMRG_37985	0.605
GRCh38_CMRG_11846	0.601
GRCh38_CMRG_28236	0.598
GRCh38_CMRG_41580	0.598
GRCh38_CMRG_67241	0.595
GRCh38_CMRG_6905	0.594
GRCh38_CMRG_12064	0.592
GRCh38_CMRG_50617	0.583
GRCh38_CMRG_6401	0.582
GRCh38_CMRG_23844	0.523
GRCh38_CMRG_38125	0.51
GRCh38_CMRG_28541	0.703
GRCh38_CMRG_24428	0.697
GRCh38_CMRG_52176	0.695
GRCh38_CMRG_54788	0.64
GRCh38_CMRG_16843	0.64
GRCh38_CMRG_41349	0.631
GRCh38_CMRG_27256	0.631
GRCh38_CMRG_37832	0.627
GRCh38_CMRG_32369	0.625
GRCh38_CMRG_36249	0.624
GRCh38_CMRG_21814	0.618
GRCh38_CMRG_60579	0.617
GRCh38_CMRG_17258	0.613
GRCh38_CMRG_36494	0.604
GRCh38_CMRG_72608	0.6
GRCh38_CMRG_55844	0.599
GRCh38_CMRG_32549	0.597
GRCh38_CMRG_59444	0.594
GRCh38_CMRG_70799	0.592
GRCh38_CMRG_81795	0.591
GRCh38_CMRG_17554	0.588
GRCh38_CMRG_64426	0.587
GRCh38_CMRG_34681	0.58
GRCh38_CMRG_11002	0.571
GRCh38_CMRG_38431	0.552
GRCh38_CMRG_52606	0.534
GRCh38_CMRG_2112	0.705
GRCh38_CMRG_13335	0.681
GRCh38_CMRG_23578	0.627
GRCh38_CMRG_58472	0.626
GRCh38_CMRG_61976	0.626
GRCh38_CMRG_26454	0.626
GRCh38_CMRG_58928	0.613
GRCh38_CMRG_42555	0.607
GRCh38_CMRG_11496	0.602
GRCh38_CMRG_65950	0.602
GRCh38_CMRG_59789	0.59
GRCh38_CMRG_6895	0.588
GRCh38_CMRG_71655	0.587
GRCh38_CMRG_58838	0.586
GRCh38_CMRG_74283	0.585
GRCh38_CMRG_11836	0.584
GRCh38_CMRG_60975	0.549
GRCh38_CMRG_61392	0.526
GRCh38_CMRG_10841	0.758
GRCh38_CMRG_29230	0.645
GRCh38_CMRG_73017	0.637
GRCh38_CMRG_24043	0.632
GRCh38_CMRG_46534	0.628
GRCh38_CMRG_30966	0.622
GRCh38_CMRG_68403	0.613
GRCh38_CMRG_2251	0.612
GRCh38_CMRG_21497	0.609
GRCh38_CMRG_39209	0.605
GRCh38_CMRG_73331	0.605
GRCh38_CMRG_77039	0.601
GRCh38_CMRG_31654	0.601
GRCh38_CMRG_36275	0.599
GRCh38_CMRG_40175	0.586
GRCh38_CMRG_64944	0.584
GRCh38_CMRG_30644	0.583
GRCh38_CMRG_53305	0.58
GRCh38_CMRG_75514	0.576
GRCh38_CMRG_51357	0.576
GRCh38_CMRG_64808	0.573
GRCh38_CMRG_65605	0.573
GRCh38_CMRG_64668	0.568
GRCh38_CMRG_74902	0.562
GRCh38_CMRG_38211	0.747
GRCh38_CMRG_36102	0.679
GRCh38_CMRG_9369	0.653
GRCh38_CMRG_13927	0.646
GRCh38_CMRG_19203	0.633
GRCh38_CMRG_25217	0.632
GRCh38_CMRG_79731	0.625
GRCh38_CMRG_38670	0.623
GRCh38_CMRG_54426	0.62
GRCh38_CMRG_52878	0.611
GRCh38_CMRG_18867	0.61
GRCh38_CMRG_71100	0.61
GRCh38_CMRG_10756	0.607
GRCh38_CMRG_31280	0.598
GRCh38_CMRG_14949	0.593
GRCh38_CMRG_29228	0.582
GRCh38_CMRG_55180	0.582
GRCh38_CMRG_53377	0.582
GRCh38_CMRG_72580	0.573
GRCh38_CMRG_8953	0.55
GRCh38_CMRG_6676	0.532
GRCh38_CMRG_36670	0.704
GRCh38_CMRG_32487	0.677
GRCh38_CMRG_58371	0.631
GRCh38_CMRG_11671	0.629
GRCh38_CMRG_72392	0.627
GRCh38_CMRG_18000	0.624
GRCh38_CMRG_9124	0.621
GRCh38_CMRG_21836	0.612
GRCh38_CMRG_6967	0.608
GRCh38_CMRG_31126	0.605
GRCh38_CMRG_60863	0.604
GRCh38_CMRG_11197	0.595
GRCh38_CMRG_69551	0.584
GRCh38_CMRG_59430	0.581
GRCh38_CMRG_9264	0.58
GRCh38_CMRG_66098	0.578
GRCh38_CMRG_53663	0.576
GRCh38_CMRG_41012	0.573
GRCh38_CMRG_82058	0.564
GRCh38_CMRG_48764	0.563
GRCh38_CMRG_49087	0.546
GRCh38_CMRG_18310	0.497
GRCh38_CMRG_18311	0.497
GRCh38_CMRG_69673	0.433
GRCh38_CMRG_45492	0.795
GRCh38_CMRG_83821	0.784
GRCh38_CMRG_83536	0.784
GRCh38_CMRG_33841	0.762
GRCh38_CMRG_15409	0.738
GRCh38_CMRG_8781	0.679
GRCh38_CMRG_38669	0.676
GRCh38_CMRG_77327	0.626
GRCh38_CMRG_50944	0.619
GRCh38_CMRG_35643	0.616
GRCh38_CMRG_35646	0.616
GRCh38_CMRG_44315	0.614
GRCh38_CMRG_37406	0.614
GRCh38_CMRG_63487	0.613
GRCh38_CMRG_60172	0.612
GRCh38_CMRG_79726	0.612
GRCh38_CMRG_9596	0.6
GRCh38_CMRG_73390	0.597
GRCh38_CMRG_44160	0.59
GRCh38_CMRG_52382	0.59
GRCh38_CMRG_45941	0.585
GRCh38_CMRG_40312	0.583
GRCh38_CMRG_70528	0.581
GRCh38_CMRG_32782	0.58
GRCh38_CMRG_18728	0.578
GRCh38_CMRG_19165	0.576
GRCh38_CMRG_26558	0.575
GRCh38_CMRG_28078	0.573
GRCh38_CMRG_21936	0.568
GRCh38_CMRG_47192	0.562
GRCh38_CMRG_38699	0.559
GRCh38_CMRG_70979	0.551
GRCh38_CMRG_37824	0.543
GRCh38_CMRG_12028	0.516
GRCh38_CMRG_17409	0.771
GRCh38_CMRG_17408	0.771
GRCh38_CMRG_846	0.681
GRCh38_CMRG_12785	0.665
GRCh38_CMRG_41346	0.663
GRCh38_CMRG_32612	0.648
GRCh38_CMRG_22632	0.646
GRCh38_CMRG_61671	0.641
GRCh38_CMRG_27921	0.601
GRCh38_CMRG_48186	0.596
GRCh38_CMRG_32336	0.584
GRCh38_CMRG_46007	0.575
GRCh38_CMRG_60819	0.575
GRCh38_CMRG_39456	0.574
GRCh38_CMRG_77641	0.572
GRCh38_CMRG_47920	0.572
GRCh38_CMRG_79007	0.557
GRCh38_CMRG_141	0.557
GRCh38_CMRG_59661	0.551
GRCh38_CMRG_24176	0.536
GRCh38_CMRG_75365	0.509
GRCh38_CMRG_38321	0.7
GRCh38_CMRG_27426	0.681
GRCh38_CMRG_69836	0.635
GRCh38_CMRG_31797	0.625
GRCh38_CMRG_36974	0.624
GRCh38_CMRG_23060	0.621
GRCh38_CMRG_1422	0.607
GRCh38_CMRG_40715	0.605
GRCh38_CMRG_34111	0.602
GRCh38_CMRG_54022	0.6
GRCh38_CMRG_21309	0.599
GRCh38_CMRG_6751	0.591
GRCh38_CMRG_66115	0.591
GRCh38_CMRG_54802	0.586
GRCh38_CMRG_6377	0.576
GRCh38_CMRG_37543	0.575
GRCh38_CMRG_47997	0.565
GRCh38_CMRG_34270	0.562
GRCh38_CMRG_2283	0.559
GRCh38_CMRG_73398	0.55
GRCh38_CMRG_433	0.524
GRCh38_CMRG_83668	0.708
GRCh38_CMRG_7654	0.673
GRCh38_CMRG_37984	0.62
GRCh38_CMRG_49027	0.612
GRCh38_CMRG_10550	0.608
GRCh38_CMRG_18413	0.595
GRCh38_CMRG_2862	0.587
GRCh38_CMRG_6315	0.584
GRCh38_CMRG_69629	0.577
GRCh38_CMRG_45785	0.577
GRCh38_CMRG_31226	0.575
GRCh38_CMRG_28684	0.574
GRCh38_CMRG_40908	0.561
GRCh38_CMRG_42405	0.56
GRCh38_CMRG_55457	0.557
GRCh38_CMRG_12913	0.51
GRCh38_CMRG_33220	0.407
GRCh38_CMRG_42201	0.661
GRCh38_CMRG_77494	0.629
GRCh38_CMRG_40032	0.624
GRCh38_CMRG_13042	0.612
GRCh38_CMRG_73794	0.61
GRCh38_CMRG_63811	0.609
GRCh38_CMRG_19823	0.605
GRCh38_CMRG_11683	0.582
GRCh38_CMRG_60859	0.581
GRCh38_CMRG_71065	0.577
GRCh38_CMRG_23796	0.569
GRCh38_CMRG_34398	0.565
GRCh38_CMRG_28554	0.562
GRCh38_CMRG_73163	0.558
GRCh38_CMRG_72428	0.552
GRCh38_CMRG_67126	0.541
GRCh38_CMRG_17901	0.522
GRCh38_CMRG_41044	0.517
GRCh38_CMRG_83115	0.722
GRCh38_CMRG_52636	0.688
GRCh38_CMRG_9500	0.667
GRCh38_CMRG_62556	0.636
GRCh38_CMRG_11536	0.634
GRCh38_CMRG_39689	0.629
GRCh38_CMRG_31244	0.618
GRCh38_CMRG_67236	0.617
GRCh38_CMRG_65815	0.617
GRCh38_CMRG_65816	0.617
GRCh38_CMRG_52393	0.616
GRCh38_CMRG_9623	0.615
GRCh38_CMRG_37211	0.605
GRCh38_CMRG_69569	0.602
GRCh38_CMRG_63297	0.597
GRCh38_CMRG_49048	0.589
GRCh38_CMRG_71030	0.588
GRCh38_CMRG_75569	0.587
GRCh38_CMRG_28835	0.581
GRCh38_CMRG_2545	0.576
GRCh38_CMRG_14760	0.574
GRCh38_CMRG_1502	0.574
GRCh38_CMRG_70624	0.572
GRCh38_CMRG_17931	0.558
GRCh38_CMRG_72743	0.555
GRCh38_CMRG_73132	0.538
GRCh38_CMRG_83556	0.725
GRCh38_CMRG_42087	0.698
GRCh38_CMRG_37926	0.666
GRCh38_CMRG_45758	0.659
GRCh38_CMRG_11094	0.644
GRCh38_CMRG_19495	0.638
GRCh38_CMRG_11929	0.623
GRCh38_CMRG_28989	0.619
GRCh38_CMRG_67452	0.609
GRCh38_CMRG_51189	0.604
GRCh38_CMRG_77616	0.599
GRCh38_CMRG_8725	0.596
GRCh38_CMRG_47811	0.586
GRCh38_CMRG_49163	0.586
GRCh38_CMRG_64929	0.583
GRCh38_CMRG_38	0.583
GRCh38_CMRG_32594	0.58
GRCh38_CMRG_47938	0.576
GRCh38_CMRG_70271	0.575
GRCh38_CMRG_45473	0.573
GRCh38_CMRG_68828	0.572
GRCh38_CMRG_38473	0.566
GRCh38_CMRG_18680	0.563
GRCh38_CMRG_29483	0.56
GRCh38_CMRG_76834	0.56
GRCh38_CMRG_65487	0.559
GRCh38_CMRG_74386	0.55
GRCh38_CMRG_24147	0.549
GRCh38_CMRG_40930	0.537
GRCh38_CMRG_29610	0.511
GRCh38_CMRG_45877	0.4
GRCh38_CMRG_72391	0.745
GRCh38_CMRG_84499	0.738
GRCh38_CMRG_69499	0.683
GRCh38_CMRG_23902	0.68
GRCh38_CMRG_73879	0.626
GRCh38_CMRG_55694	0.615
GRCh38_CMRG_68080	0.597
GRCh38_CMRG_2182	0.592
GRCh38_CMRG_2230	0.592
GRCh38_CMRG_51569	0.588
GRCh38_CMRG_21765	0.587
GRCh38_CMRG_25104	0.579
GRCh38_CMRG_28713	0.579
GRCh38_CMRG_81967	0.576
GRCh38_CMRG_73907	0.574
GRCh38_CMRG_31816	0.573
GRCh38_CMRG_31598	0.571
GRCh38_CMRG_16960	0.566
GRCh38_CMRG_24814	0.565
GRCh38_CMRG_59359	0.563
GRCh38_CMRG_70649	0.557
GRCh38_CMRG_81754	0.557
GRCh38_CMRG_73883	0.539
GRCh38_CMRG_74358	0.521
GRCh38_CMRG_68332	0.7
GRCh38_CMRG_62208	0.685
GRCh38_CMRG_54020	0.629
GRCh38_CMRG_13416	0.617
GRCh38_CMRG_48964	0.613
GRCh38_CMRG_71922	0.6
GRCh38_CMRG_40054	0.598
GRCh38_CMRG_51354	0.592
GRCh38_CMRG_55401	0.586
GRCh38_CMRG_75043	0.581
GRCh38_CMRG_65618	0.578
GRCh38_CMRG_26707	0.577
GRCh38_CMRG_69358	0.577
GRCh38_CMRG_31053	0.566
GRCh38_CMRG_50523	0.565
GRCh38_CMRG_40221	0.562
GRCh38_CMRG_7205	0.562
GRCh38_CMRG_30596	0.561
GRCh38_CMRG_17313	0.561
GRCh38_CMRG_36030	0.556
GRCh38_CMRG_63826	0.555
GRCh38_CMRG_73620	0.547
GRCh38_CMRG_8443	0.537
GRCh38_CMRG_45581	0.534
GRCh38_CMRG_67794	0.521
GRCh38_CMRG_52927	0.446
GRCh38_CMRG_84429	0.718
GRCh38_CMRG_32657	0.66
GRCh38_CMRG_71765	0.615
GRCh38_CMRG_2548	0.61
GRCh38_CMRG_72947	0.604
GRCh38_CMRG_41812	0.584
GRCh38_CMRG_23647	0.583
GRCh38_CMRG_11494	0.581
GRCh38_CMRG_51997	0.578
GRCh38_CMRG_37887	0.578
GRCh38_CMRG_37174	0.576
GRCh38_CMRG_62480	0.575
GRCh38_CMRG_81331	0.573
GRCh38_CMRG_19937	0.556
GRCh38_CMRG_17383	0.555
GRCh38_CMRG_45580	0.55
GRCh38_CMRG_44068	0.539
GRCh38_CMRG_47454	0.537
GRCh38_CMRG_80071	0.535
GRCh38_CMRG_14764	0.597
GRCh38_CMRG_71974	0.596
GRCh38_CMRG_55724	0.593
GRCh38_CMRG_9489	0.589
GRCh38_CMRG_17928	0.588
GRCh38_CMRG_18021	0.586
GRCh38_CMRG_6762	0.585
GRCh38_CMRG_72278	0.577
GRCh38_CMRG_62388	0.577
GRCh38_CMRG_20986	0.573
GRCh38_CMRG_21285	0.567
GRCh38_CMRG_41845	0.564
GRCh38_CMRG_41991	0.564
GRCh38_CMRG_42561	0.559
GRCh38_CMRG_62499	0.559
GRCh38_CMRG_79528	0.552
GRCh38_CMRG_50271	0.552
GRCh38_CMRG_31470	0.551
GRCh38_CMRG_38638	0.548
GRCh38_CMRG_19344	0.546
GRCh38_CMRG_24005	0.542
GRCh38_CMRG_8204	0.536
GRCh38_CMRG_78901	0.501
GRCh38_CMRG_12238	0.736
GRCh38_CMRG_77452	0.726
GRCh38_CMRG_13648	0.72
GRCh38_CMRG_31483	0.63
GRCh38_CMRG_28089	0.601
GRCh38_CMRG_13025	0.585
GRCh38_CMRG_14575	0.581
GRCh38_CMRG_72554	0.571
GRCh38_CMRG_28608	0.57
GRCh38_CMRG_2277	0.569
GRCh38_CMRG_5534	0.565
GRCh38_CMRG_49096	0.563
GRCh38_CMRG_67620	0.563
GRCh38_CMRG_21816	0.562
GRCh38_CMRG_63738	0.561
GRCh38_CMRG_52590	0.559
GRCh38_CMRG_31676	0.557
GRCh38_CMRG_62434	0.556
GRCh38_CMRG_33213	0.556
GRCh38_CMRG_22409	0.554
GRCh38_CMRG_81873	0.553
GRCh38_CMRG_23246	0.553
GRCh38_CMRG_58361	0.551
GRCh38_CMRG_22642	0.547
GRCh38_CMRG_35915	0.538
GRCh38_CMRG_22889	0.536
GRCh38_CMRG_49756	0.535
GRCh38_CMRG_74937	0.534
GRCh38_CMRG_63662	0.673
GRCh38_CMRG_28115	0.62
GRCh38_CMRG_14242	0.612
GRCh38_CMRG_63568	0.611
GRCh38_CMRG_77171	0.609
GRCh38_CMRG_35926	0.582
GRCh38_CMRG_65492	0.581
GRCh38_CMRG_32771	0.578
GRCh38_CMRG_29153	0.573
GRCh38_CMRG_25329	0.573
GRCh38_CMRG_45468	0.568
GRCh38_CMRG_32168	0.567
GRCh38_CMRG_11773	0.563
GRCh38_CMRG_21912	0.559
GRCh38_CMRG_21851	0.529
GRCh38_CMRG_41815	0.523
GRCh38_CMRG_19533	0.512
GRCh38_CMRG_45339	0.506
GRCh38_CMRG_74585	0.746
GRCh38_CMRG_51055	0.691
GRCh38_CMRG_40949	0.609
GRCh38_CMRG_68390	0.606
GRCh38_CMRG_74671	0.602
GRCh38_CMRG_11155	0.6
GRCh38_CMRG_53810	0.594
GRCh38_CMRG_11967	0.588
GRCh38_CMRG_21430	0.587
GRCh38_CMRG_53775	0.584
GRCh38_CMRG_33445	0.569
GRCh38_CMRG_37179	0.569
GRCh38_CMRG_50801	0.566
GRCh38_CMRG_52269	0.566
GRCh38_CMRG_39630	0.565
GRCh38_CMRG_14603	0.562
GRCh38_CMRG_41330	0.561
GRCh38_CMRG_61831	0.558
GRCh38_CMRG_79307	0.557
GRCh38_CMRG_77134	0.55
GRCh38_CMRG_26524	0.548
GRCh38_CMRG_50240	0.544
GRCh38_CMRG_16979	0.544
GRCh38_CMRG_47393	0.532
GRCh38_CMRG_31995	0.525
GRCh38_CMRG_28501	0.69
GRCh38_CMRG_84296	0.686
GRCh38_CMRG_40079	0.646
GRCh38_CMRG_12125	0.613
GRCh38_CMRG_48933	0.593
GRCh38_CMRG_70050	0.59
GRCh38_CMRG_9601	0.589
GRCh38_CMRG_43946	0.582
GRCh38_CMRG_36335	0.571
GRCh38_CMRG_37898	0.57
GRCh38_CMRG_34729	0.566
GRCh38_CMRG_48019	0.564
GRCh38_CMRG_74779	0.561
GRCh38_CMRG_39352	0.56
GRCh38_CMRG_20897	0.56
GRCh38_CMRG_41519	0.56
GRCh38_CMRG_43786	0.555
GRCh38_CMRG_19936	0.552
GRCh38_CMRG_74839	0.548
GRCh38_CMRG_36173	0.547
GRCh38_CMRG_52126	0.546
GRCh38_CMRG_32082	0.542
GRCh38_CMRG_10888	0.537
GRCh38_CMRG_23028	0.532
GRCh38_CMRG_77212	0.675
GRCh38_CMRG_13269	0.661
GRCh38_CMRG_39690	0.604
GRCh38_CMRG_74207	0.585
GRCh38_CMRG_25167	0.584
GRCh38_CMRG_8966	0.582
GRCh38_CMRG_17281	0.579
GRCh38_CMRG_6196	0.573
GRCh38_CMRG_27986	0.569
GRCh38_CMRG_49111	0.565
GRCh38_CMRG_30715	0.564
GRCh38_CMRG_29262	0.564
GRCh38_CMRG_44951	0.563
GRCh38_CMRG_33245	0.563
GRCh38_CMRG_8132	0.561
GRCh38_CMRG_36585	0.56
GRCh38_CMRG_49747	0.558
GRCh38_CMRG_33800	0.557
GRCh38_CMRG_68628	0.555
GRCh38_CMRG_70652	0.545
GRCh38_CMRG_19607	0.542
GRCh38_CMRG_58389	0.54
GRCh38_CMRG_26307	0.537
GRCh38_CMRG_66951	0.537
GRCh38_CMRG_45267	0.523
GRCh38_CMRG_45166	0.523
GRCh38_CMRG_36016	0.516
GRCh38_CMRG_48904	0.496
GRCh38_CMRG_80006	0.494
GRCh38_CMRG_84107	0.684
GRCh38_CMRG_64448	0.624
GRCh38_CMRG_81310	0.592
GRCh38_CMRG_79689	0.588
GRCh38_CMRG_69818	0.581
GRCh38_CMRG_58605	0.58
GRCh38_CMRG_37485	0.579
GRCh38_CMRG_45802	0.574
GRCh38_CMRG_21872	0.572
GRCh38_CMRG_59225	0.571
GRCh38_CMRG_64914	0.566
GRCh38_CMRG_74624	0.566
GRCh38_CMRG_47666	0.563
GRCh38_CMRG_33812	0.56
GRCh38_CMRG_23418	0.558
GRCh38_CMRG_43771	0.557
GRCh38_CMRG_38478	0.551
GRCh38_CMRG_73608	0.549
GRCh38_CMRG_32550	0.547
GRCh38_CMRG_47044	0.546
GRCh38_CMRG_13948	0.543
GRCh38_CMRG_7546	0.543
GRCh38_CMRG_23249	0.535
GRCh38_CMRG_21582	0.53
GRCh38_CMRG_55224	0.52
GRCh38_CMRG_55370	0.511
GRCh38_CMRG_65972	0.511
GRCh38_CMRG_47809	0.501
GRCh38_CMRG_76463	0.445
GRCh38_CMRG_52325	0.438
GRCh38_CMRG_34110	0.755
GRCh38_CMRG_82849	0.666
GRCh38_CMRG_77115	0.664
GRCh38_CMRG_36727	0.609
GRCh38_CMRG_44760	0.607
GRCh38_CMRG_54201	0.602
GRCh38_CMRG_146	0.586
GRCh38_CMRG_13455	0.58
GRCh38_CMRG_49018	0.578
GRCh38_CMRG_66099	0.572
GRCh38_CMRG_14585	0.571
GRCh38_CMRG_72988	0.571
GRCh38_CMRG_39622	0.56
GRCh38_CMRG_67879	0.556
GRCh38_CMRG_37597	0.552
GRCh38_CMRG_65844	0.55
GRCh38_CMRG_52418	0.548
GRCh38_CMRG_19587	0.547
GRCh38_CMRG_75580	0.546
GRCh38_CMRG_10614	0.539
GRCh38_CMRG_51487	0.538
GRCh38_CMRG_75367	0.524
GRCh38_CMRG_70209	0.519
GRCh38_CMRG_68583	0.513
GRCh38_CMRG_2798	0.615
GRCh38_CMRG_49235	0.615
GRCh38_CMRG_1664	0.604
GRCh38_CMRG_60098	0.604
GRCh38_CMRG_65317	0.579
GRCh38_CMRG_49601	0.563
GRCh38_CMRG_7109	0.552
GRCh38_CMRG_39185	0.548
GRCh38_CMRG_74845	0.546
GRCh38_CMRG_21431	0.543
GRCh38_CMRG_79627	0.539
GRCh38_CMRG_44028	0.539
GRCh38_CMRG_12381	0.537
GRCh38_CMRG_46415	0.537
GRCh38_CMRG_13427	0.536
GRCh38_CMRG_61229	0.531
GRCh38_CMRG_58196	0.526
GRCh38_CMRG_75707	0.638
GRCh38_CMRG_46241	0.574
GRCh38_CMRG_59498	0.573
GRCh38_CMRG_62306	0.566
GRCh38_CMRG_25195	0.565
GRCh38_CMRG_27369	0.559
GRCh38_CMRG_74028	0.558
GRCh38_CMRG_27541	0.557
GRCh38_CMRG_72477	0.556
GRCh38_CMRG_64951	0.551
GRCh38_CMRG_37662	0.551
GRCh38_CMRG_64964	0.551
GRCh38_CMRG_68978	0.548
GRCh38_CMRG_34656	0.544
GRCh38_CMRG_11179	0.543
GRCh38_CMRG_38494	0.54
GRCh38_CMRG_79295	0.537
GRCh38_CMRG_67064	0.533
GRCh38_CMRG_60028	0.533
GRCh38_CMRG_81887	0.531
GRCh38_CMRG_18944	0.519
GRCh38_CMRG_83624	0.664
GRCh38_CMRG_27577	0.605
GRCh38_CMRG_15446	0.599
GRCh38_CMRG_31681	0.596
GRCh38_CMRG_64991	0.564
GRCh38_CMRG_39867	0.563
GRCh38_CMRG_55368	0.558
GRCh38_CMRG_47823	0.556
GRCh38_CMRG_58607	0.554
GRCh38_CMRG_72949	0.554
GRCh38_CMRG_14327	0.553
GRCh38_CMRG_33537	0.548
GRCh38_CMRG_42152	0.54
GRCh38_CMRG_63376	0.534
GRCh38_CMRG_10771	0.53
GRCh38_CMRG_79047	0.526
GRCh38_CMRG_60959	0.526
GRCh38_CMRG_21189	0.523
GRCh38_CMRG_19712	0.522
GRCh38_CMRG_23788	0.515
GRCh38_CMRG_32774	0.499
GRCh38_CMRG_19738	0.487
GRCh38_CMRG_24168	0.705
GRCh38_CMRG_2464	0.699
GRCh38_CMRG_17863	0.611
GRCh38_CMRG_69633	0.605
GRCh38_CMRG_43682	0.595
GRCh38_CMRG_29231	0.585
GRCh38_CMRG_69903	0.575
GRCh38_CMRG_58531	0.564
GRCh38_CMRG_10527	0.562
GRCh38_CMRG_50022	0.561
GRCh38_CMRG_15073	0.553
GRCh38_CMRG_31595	0.551
GRCh38_CMRG_46059	0.549
GRCh38_CMRG_64612	0.546
GRCh38_CMRG_26587	0.533
GRCh38_CMRG_9000	0.533
GRCh38_CMRG_65827	0.532
GRCh38_CMRG_61004	0.526
GRCh38_CMRG_45177	0.525
GRCh38_CMRG_1801	0.518
GRCh38_CMRG_25744	0.517
GRCh38_CMRG_2672	0.501
GRCh38_CMRG_22789	0.483
GRCh38_CMRG_84396	0.666
GRCh38_CMRG_26979	0.625
GRCh38_CMRG_48196	0.598
GRCh38_CMRG_25060	0.585
GRCh38_CMRG_68942	0.578
GRCh38_CMRG_37435	0.576
GRCh38_CMRG_40412	0.556
GRCh38_CMRG_36336	0.556
GRCh38_CMRG_40197	0.555
GRCh38_CMRG_75588	0.555
GRCh38_CMRG_26060	0.552
GRCh38_CMRG_52204	0.548
GRCh38_CMRG_55488	0.546
GRCh38_CMRG_52633	0.545
GRCh38_CMRG_29007	0.542
GRCh38_CMRG_21564	0.538
GRCh38_CMRG_68556	0.537
GRCh38_CMRG_72989	0.535
GRCh38_CMRG_55299	0.532
GRCh38_CMRG_50784	0.529
GRCh38_CMRG_52400	0.522
GRCh38_CMRG_59159	0.521
GRCh38_CMRG_65486	0.406
GRCh38_CMRG_8424	0.606
GRCh38_CMRG_75432	0.57
GRCh38_CMRG_22650	0.56
GRCh38_CMRG_22579	0.56
GRCh38_CMRG_66980	0.555
GRCh38_CMRG_26929	0.545
GRCh38_CMRG_79757	0.544
GRCh38_CMRG_65600	0.543
GRCh38_CMRG_74008	0.539
GRCh38_CMRG_31917	0.535
GRCh38_CMRG_39008	0.534
GRCh38_CMRG_30652	0.533
GRCh38_CMRG_53838	0.527
GRCh38_CMRG_31873	0.521
GRCh38_CMRG_28976	0.521
GRCh38_CMRG_7069	0.504
GRCh38_CMRG_7579	0.703
GRCh38_CMRG_84129	0.655
GRCh38_CMRG_12284	0.624
GRCh38_CMRG_18879	0.618
GRCh38_CMRG_69390	0.601
GRCh38_CMRG_59115	0.599
GRCh38_CMRG_8444	0.579
GRCh38_CMRG_12640	0.572
GRCh38_CMRG_47396	0.555
GRCh38_CMRG_23240	0.554
GRCh38_CMRG_26485	0.551
GRCh38_CMRG_49065	0.545
GRCh38_CMRG_67847	0.544
GRCh38_CMRG_14231	0.54
GRCh38_CMRG_6750	0.534
GRCh38_CMRG_14120	0.534
GRCh38_CMRG_9134	0.533
GRCh38_CMRG_30555	0.529
GRCh38_CMRG_78900	0.529
GRCh38_CMRG_62548	0.528
GRCh38_CMRG_48284	0.528
GRCh38_CMRG_65082	0.526
GRCh38_CMRG_73569	0.526
GRCh38_CMRG_78889	0.525
GRCh38_CMRG_54551	0.523
GRCh38_CMRG_17731	0.518
GRCh38_CMRG_69316	0.499
GRCh38_CMRG_8033	0.464
GRCh38_CMRG_83079	0.663
GRCh38_CMRG_37967	0.578
GRCh38_CMRG_39323	0.564
GRCh38_CMRG_11867	0.564
GRCh38_CMRG_14415	0.564
GRCh38_CMRG_49602	0.56
GRCh38_CMRG_70643	0.552
GRCh38_CMRG_70802	0.552
GRCh38_CMRG_28409	0.545
GRCh38_CMRG_6829	0.541
GRCh38_CMRG_42197	0.539
GRCh38_CMRG_8076	0.537
GRCh38_CMRG_24678	0.532
GRCh38_CMRG_44949	0.519
GRCh38_CMRG_32973	0.513
GRCh38_CMRG_45125	0.502
GRCh38_CMRG_18991	0.489
GRCh38_CMRG_49183	0.483
GRCh38_CMRG_84402	0.647
GRCh38_CMRG_19903	0.632
GRCh38_CMRG_27157	0.614
GRCh38_CMRG_50422	0.582
GRCh38_CMRG_38986	0.568
GRCh38_CMRG_81490	0.568
GRCh38_CMRG_18764	0.544
GRCh38_CMRG_14320	0.544
GRCh38_CMRG_32663	0.533
GRCh38_CMRG_81424	0.529
GRCh38_CMRG_74032	0.527
GRCh38_CMRG_33393	0.527
GRCh38_CMRG_44129	0.525
GRCh38_CMRG_38244	0.511
GRCh38_CMRG_28402	0.503
GRCh38_CMRG_38438	0.478
GRCh38_CMRG_84303	0.666
GRCh38_CMRG_50939	0.629
GRCh38_CMRG_22531	0.596
GRCh38_CMRG_49592	0.594
GRCh38_CMRG_16931	0.553
GRCh38_CMRG_17757	0.542
GRCh38_CMRG_24674	0.534
GRCh38_CMRG_55701	0.532
GRCh38_CMRG_201	0.529
GRCh38_CMRG_70502	0.523
GRCh38_CMRG_42598	0.517
GRCh38_CMRG_9725	0.512
GRCh38_CMRG_31776	0.506
GRCh38_CMRG_60178	0.618
GRCh38_CMRG_72606	0.588
GRCh38_CMRG_17748	0.581
GRCh38_CMRG_6085	0.578
GRCh38_CMRG_38741	0.577
GRCh38_CMRG_37793	0.553
GRCh38_CMRG_79136	0.542
GRCh38_CMRG_33872	0.54
GRCh38_CMRG_77179	0.529
GRCh38_CMRG_70645	0.528
GRCh38_CMRG_21070	0.527
GRCh38_CMRG_68279	0.525
GRCh38_CMRG_5972	0.641
GRCh38_CMRG_21449	0.584
GRCh38_CMRG_77626	0.583
GRCh38_CMRG_45626	0.572
GRCh38_CMRG_36428	0.558
GRCh38_CMRG_41811	0.558
GRCh38_CMRG_55305	0.557
GRCh38_CMRG_11038	0.548
GRCh38_CMRG_6316	0.545
GRCh38_CMRG_76920	0.543
GRCh38_CMRG_52347	0.543
GRCh38_CMRG_49827	0.541
GRCh38_CMRG_68905	0.54
GRCh38_CMRG_17494	0.528
GRCh38_CMRG_70737	0.527
GRCh38_CMRG_79095	0.522
GRCh38_CMRG_22894	0.52
GRCh38_CMRG_19810	0.519
GRCh38_CMRG_47620	0.517
GRCh38_CMRG_17389	0.515
GRCh38_CMRG_7463	0.513
GRCh38_CMRG_39189	0.506
GRCh38_CMRG_74853	0.505
GRCh38_CMRG_45606	0.504
GRCh38_CMRG_77636	0.496
GRCh38_CMRG_74291	0.489
GRCh38_CMRG_18483	0.607
GRCh38_CMRG_21417	0.566
GRCh38_CMRG_1689	0.56
GRCh38_CMRG_38755	0.56
GRCh38_CMRG_59452	0.545
GRCh38_CMRG_42253	0.525
GRCh38_CMRG_69005	0.518
GRCh38_CMRG_75413	0.513
GRCh38_CMRG_53930	0.513
GRCh38_CMRG_8611	0.509
GRCh38_CMRG_23175	0.501
GRCh38_CMRG_13339	0.496
GRCh38_CMRG_30768	0.589
GRCh38_CMRG_13037	0.57
GRCh38_CMRG_41464	0.554
GRCh38_CMRG_31422	0.554
GRCh38_CMRG_31576	0.551
GRCh38_CMRG_79968	0.545
GRCh38_CMRG_6655	0.542
GRCh38_CMRG_55043	0.537
GRCh38_CMRG_55115	0.535
GRCh38_CMRG_70599	0.534
GRCh38_CMRG_19498	0.533
GRCh38_CMRG_37794	0.529
GRCh38_CMRG_43711	0.527
GRCh38_CMRG_64554	0.519
GRCh38_CMRG_7897	0.519
GRCh38_CMRG_48272	0.516
GRCh38_CMRG_34085	0.512
GRCh38_CMRG_76685	0.51
GRCh38_CMRG_53831	0.505
GRCh38_CMRG_9457	0.505
GRCh38_CMRG_29084	0.502
GRCh38_CMRG_576	0.501
GRCh38_CMRG_64323	0.491
GRCh38_CMRG_27224	0.484
GRCh38_CMRG_997	0.469
GRCh38_CMRG_1763	0.457
GRCh38_CMRG_83157	0.655
GRCh38_CMRG_39585	0.618
GRCh38_CMRG_70927	0.603
GRCh38_CMRG_27314	0.568
GRCh38_CMRG_28194	0.561
GRCh38_CMRG_67986	0.555
GRCh38_CMRG_8067	0.536
GRCh38_CMRG_54469	0.535
GRCh38_CMRG_39847	0.529
GRCh38_CMRG_33967	0.529
GRCh38_CMRG_9079	0.522
GRCh38_CMRG_41771	0.52
GRCh38_CMRG_58761	0.513
GRCh38_CMRG_25280	0.506
GRCh38_CMRG_44546	0.506
GRCh38_CMRG_44183	0.505
GRCh38_CMRG_76781	0.505
GRCh38_CMRG_46665	0.504
GRCh38_CMRG_70330	0.499
GRCh38_CMRG_72653	0.499
GRCh38_CMRG_73241	0.498
GRCh38_CMRG_64481	0.491
GRCh38_CMRG_74085	0.489
GRCh38_CMRG_22032	0.485
GRCh38_CMRG_72708	0.483
GRCh38_CMRG_13351	0.448
GRCh38_CMRG_32963	0.637
GRCh38_CMRG_83418	0.632
GRCh38_CMRG_38926	0.587
GRCh38_CMRG_67667	0.579
GRCh38_CMRG_74208	0.573
GRCh38_CMRG_33218	0.545
GRCh38_CMRG_31831	0.539
GRCh38_CMRG_50775	0.538
GRCh38_CMRG_73387	0.538
GRCh38_CMRG_13466	0.536
GRCh38_CMRG_69946	0.535
GRCh38_CMRG_70016	0.533
GRCh38_CMRG_77489	0.523
GRCh38_CMRG_41091	0.519
GRCh38_CMRG_71715	0.518
GRCh38_CMRG_31385	0.517
GRCh38_CMRG_74206	0.516
GRCh38_CMRG_17513	0.512
GRCh38_CMRG_45001	0.511
GRCh38_CMRG_9319	0.511
GRCh38_CMRG_65076	0.506
GRCh38_CMRG_82190	0.502
GRCh38_CMRG_71091	0.502
GRCh38_CMRG_34354	0.493
GRCh38_CMRG_74840	0.492
GRCh38_CMRG_61545	0.49
GRCh38_CMRG_12104	0.433
GRCh38_CMRG_77706	0.594
GRCh38_CMRG_39152	0.59
GRCh38_CMRG_63687	0.581
GRCh38_CMRG_81582	0.576
GRCh38_CMRG_29150	0.554
GRCh38_CMRG_2836	0.537
GRCh38_CMRG_81747	0.531
GRCh38_CMRG_37139	0.52
GRCh38_CMRG_70381	0.518
GRCh38_CMRG_36774	0.51
GRCh38_CMRG_34022	0.507
GRCh38_CMRG_71090	0.501
GRCh38_CMRG_74704	0.5
GRCh38_CMRG_63249	0.498
GRCh38_CMRG_40127	0.495
GRCh38_CMRG_53051	0.491
GRCh38_CMRG_37450	0.455
GRCh38_CMRG_7143	0.577
GRCh38_CMRG_37968	0.565
GRCh38_CMRG_54372	0.563
GRCh38_CMRG_68469	0.558
GRCh38_CMRG_21774	0.538
GRCh38_CMRG_62253	0.537
GRCh38_CMRG_22398	0.535
GRCh38_CMRG_28070	0.535
GRCh38_CMRG_54447	0.53
GRCh38_CMRG_58342	0.522
GRCh38_CMRG_66958	0.521
GRCh38_CMRG_60045	0.514
GRCh38_CMRG_43585	0.504
GRCh38_CMRG_75014	0.502
GRCh38_CMRG_10894	0.499
GRCh38_CMRG_17835	0.499
GRCh38_CMRG_64263	0.499
GRCh38_CMRG_74317	0.498
GRCh38_CMRG_72194	0.49
GRCh38_CMRG_79334	0.49
GRCh38_CMRG_18789	0.471
GRCh38_CMRG_37771	0.687
GRCh38_CMRG_49615	0.671
GRCh38_CMRG_51273	0.579
GRCh38_CMRG_19969	0.562
GRCh38_CMRG_26676	0.548
GRCh38_CMRG_16586	0.546
GRCh38_CMRG_21721	0.546
GRCh38_CMRG_14158	0.537
GRCh38_CMRG_50033	0.536
GRCh38_CMRG_73396	0.534
GRCh38_CMRG_79900	0.521
GRCh38_CMRG_38480	0.521
GRCh38_CMRG_19966	0.517
GRCh38_CMRG_6283	0.516
GRCh38_CMRG_81892	0.515
GRCh38_CMRG_73807	0.515
GRCh38_CMRG_33363	0.515
GRCh38_CMRG_71713	0.506
GRCh38_CMRG_6840	0.5
GRCh38_CMRG_77518	0.496
GRCh38_CMRG_51682	0.49
GRCh38_CMRG_37621	0.489
GRCh38_CMRG_32374	0.488
GRCh38_CMRG_67309	0.484
GRCh38_CMRG_33187	0.472
GRCh38_CMRG_21300	0.641
GRCh38_CMRG_45173	0.544
GRCh38_CMRG_44225	0.53
GRCh38_CMRG_1345	0.518
GRCh38_CMRG_47021	0.504
GRCh38_CMRG_52793	0.499
GRCh38_CMRG_6072	0.496
GRCh38_CMRG_64834	0.489
GRCh38_CMRG_59577	0.484
GRCh38_CMRG_68087	0.484
GRCh38_CMRG_24433	0.579
GRCh38_CMRG_50318	0.577
GRCh38_CMRG_71774	0.569
GRCh38_CMRG_16643	0.558
GRCh38_CMRG_13647	0.546
GRCh38_CMRG_61437	0.544
GRCh38_CMRG_68430	0.535
GRCh38_CMRG_13829	0.534
GRCh38_CMRG_41824	0.53
GRCh38_CMRG_9712	0.526
GRCh38_CMRG_36665	0.521
GRCh38_CMRG_45493	0.52
GRCh38_CMRG_69879	0.52
GRCh38_CMRG_37796	0.519
GRCh38_CMRG_67662	0.516
GRCh38_CMRG_26392	0.514
GRCh38_CMRG_26553	0.51
GRCh38_CMRG_546	0.507
GRCh38_CMRG_53314	0.503
GRCh38_CMRG_23478	0.5
GRCh38_CMRG_81951	0.498
GRCh38_CMRG_73389	0.497
GRCh38_CMRG_48486	0.494
GRCh38_CMRG_73845	0.49
GRCh38_CMRG_23235	0.489
GRCh38_CMRG_59318	0.485
GRCh38_CMRG_65958	0.67
GRCh38_CMRG_84401	0.609
GRCh38_CMRG_60030	0.549
GRCh38_CMRG_21722	0.537
GRCh38_CMRG_80966	0.536
GRCh38_CMRG_48973	0.535
GRCh38_CMRG_15017	0.531
GRCh38_CMRG_51817	0.531
GRCh38_CMRG_15007	0.527
GRCh38_CMRG_47282	0.526
GRCh38_CMRG_59455	0.521
GRCh38_CMRG_46060	0.516
GRCh38_CMRG_77458	0.513
GRCh38_CMRG_46131	0.509
GRCh38_CMRG_31930	0.502
GRCh38_CMRG_72247	0.502
GRCh38_CMRG_18885	0.5
GRCh38_CMRG_7644	0.498
GRCh38_CMRG_24425	0.497
GRCh38_CMRG_17871	0.497
GRCh38_CMRG_23455	0.497
GRCh38_CMRG_24810	0.492
GRCh38_CMRG_29894	0.492
GRCh38_CMRG_27869	0.475
GRCh38_CMRG_49394	0.471
GRCh38_CMRG_72305	0.453
GRCh38_CMRG_8003	0.434
GRCh38_CMRG_83983	0.397
GRCh38_CMRG_82937	0.655
GRCh38_CMRG_23484	0.58
GRCh38_CMRG_25090	0.57
GRCh38_CMRG_24950	0.57
GRCh38_CMRG_26952	0.562
GRCh38_CMRG_63526	0.556
GRCh38_CMRG_8369	0.52
GRCh38_CMRG_58098	0.519
GRCh38_CMRG_47695	0.518
GRCh38_CMRG_45482	0.516
GRCh38_CMRG_71033	0.511
GRCh38_CMRG_14329	0.51
GRCh38_CMRG_14330	0.51
GRCh38_CMRG_40263	0.508
GRCh38_CMRG_21708	0.502
GRCh38_CMRG_67921	0.498
GRCh38_CMRG_25010	0.497
GRCh38_CMRG_23868	0.495
GRCh38_CMRG_63277	0.494
GRCh38_CMRG_29281	0.491
GRCh38_CMRG_24869	0.49
GRCh38_CMRG_65372	0.487
GRCh38_CMRG_77690	0.487
GRCh38_CMRG_46501	0.481
GRCh38_CMRG_67140	0.481
GRCh38_CMRG_26082	0.48
GRCh38_CMRG_51517	0.476
GRCh38_CMRG_28277	0.451
GRCh38_CMRG_73247	0.598
GRCh38_CMRG_50815	0.57
GRCh38_CMRG_41980	0.559
GRCh38_CMRG_32639	0.55
GRCh38_CMRG_11689	0.518
GRCh38_CMRG_40052	0.509
GRCh38_CMRG_46619	0.494
GRCh38_CMRG_18943	0.492
GRCh38_CMRG_5860	0.484
GRCh38_CMRG_38422	0.478
GRCh38_CMRG_49500	0.471
GRCh38_CMRG_33185	0.456
GRCh38_CMRG_64260	0.446
GRCh38_CMRG_13164	0.444
GRCh38_CMRG_46093	0.577
GRCh38_CMRG_33937	0.566
GRCh38_CMRG_32908	0.546
GRCh38_CMRG_40950	0.532
GRCh38_CMRG_64695	0.529
GRCh38_CMRG_63556	0.524
GRCh38_CMRG_28443	0.519
GRCh38_CMRG_38733	0.512
GRCh38_CMRG_46130	0.507
GRCh38_CMRG_34070	0.503
GRCh38_CMRG_8937	0.503
GRCh38_CMRG_20995	0.498
GRCh38_CMRG_20980	0.496
GRCh38_CMRG_51268	0.495
GRCh38_CMRG_59824	0.494
GRCh38_CMRG_6328	0.494
GRCh38_CMRG_73906	0.491
GRCh38_CMRG_7630	0.49
GRCh38_CMRG_28759	0.487
GRCh38_CMRG_48252	0.481
GRCh38_CMRG_84120	0.606
GRCh38_CMRG_40280	0.557
GRCh38_CMRG_33730	0.543
GRCh38_CMRG_55434	0.537
GRCh38_CMRG_15290	0.535
GRCh38_CMRG_5842	0.532
GRCh38_CMRG_17159	0.525
GRCh38_CMRG_64653	0.522
GRCh38_CMRG_58579	0.52
GRCh38_CMRG_59338	0.514
GRCh38_CMRG_48051	0.511
GRCh38_CMRG_47265	0.506
GRCh38_CMRG_166	0.505
GRCh38_CMRG_59493	0.493
GRCh38_CMRG_38290	0.493
GRCh38_CMRG_37607	0.492
GRCh38_CMRG_45750	0.492
GRCh38_CMRG_77313	0.49
GRCh38_CMRG_28487	0.486
GRCh38_CMRG_16943	0.484
GRCh38_CMRG_36870	0.476
GRCh38_CMRG_2156	0.474
GRCh38_CMRG_70996	0.609
GRCh38_CMRG_51539	0.584
GRCh38_CMRG_33126	0.579
GRCh38_CMRG_30669	0.564
GRCh38_CMRG_40545	0.547
GRCh38_CMRG_62445	0.546
GRCh38_CMRG_37190	0.53
GRCh38_CMRG_36013	0.521
GRCh38_CMRG_71643	0.51
GRCh38_CMRG_13614	0.51
GRCh38_CMRG_12369	0.506
GRCh38_CMRG_9105	0.504
GRCh38_CMRG_51531	0.5
GRCh38_CMRG_63468	0.499
GRCh38_CMRG_64162	0.494
GRCh38_CMRG_81554	0.493
GRCh38_CMRG_33261	0.492
GRCh38_CMRG_13229	0.49
GRCh38_CMRG_10556	0.487
GRCh38_CMRG_36052	0.485
GRCh38_CMRG_36746	0.485
GRCh38_CMRG_55526	0.483
GRCh38_CMRG_51018	0.466
GRCh38_CMRG_1583	0.464
GRCh38_CMRG_61449	0.439
GRCh38_CMRG_41164	0.534
GRCh38_CMRG_40557	0.532
GRCh38_CMRG_49515	0.526
GRCh38_CMRG_9517	0.526
GRCh38_CMRG_45668	0.523
GRCh38_CMRG_63553	0.519
GRCh38_CMRG_45559	0.518
GRCh38_CMRG_71378	0.509
GRCh38_CMRG_74614	0.507
GRCh38_CMRG_39802	0.502
GRCh38_CMRG_37545	0.492
GRCh38_CMRG_5935	0.491
GRCh38_CMRG_28206	0.491
GRCh38_CMRG_19611	0.487
GRCh38_CMRG_68750	0.486
GRCh38_CMRG_38419	0.483
GRCh38_CMRG_8261	0.478
GRCh38_CMRG_75673	0.477
GRCh38_CMRG_11640	0.476
GRCh38_CMRG_64425	0.476
GRCh38_CMRG_48128	0.474
GRCh38_CMRG_11749	0.473
GRCh38_CMRG_81786	0.469
GRCh38_CMRG_19924	0.62
GRCh38_CMRG_41238	0.586
GRCh38_CMRG_72158	0.543
GRCh38_CMRG_80821	0.529
GRCh38_CMRG_58781	0.526
GRCh38_CMRG_79866	0.52
GRCh38_CMRG_13807	0.505
GRCh38_CMRG_40053	0.502
GRCh38_CMRG_24131	0.497
GRCh38_CMRG_49287	0.496
GRCh38_CMRG_31160	0.49
GRCh38_CMRG_23859	0.475
GRCh38_CMRG_16977	0.475
GRCh38_CMRG_23644	0.462
GRCh38_CMRG_68031	0.673
GRCh38_CMRG_81248	0.555
GRCh38_CMRG_22482	0.553
GRCh38_CMRG_79868	0.532
GRCh38_CMRG_67146	0.528
GRCh38_CMRG_41637	0.525
GRCh38_CMRG_54356	0.507
GRCh38_CMRG_24248	0.504
GRCh38_CMRG_49731	0.499
GRCh38_CMRG_16543	0.496
GRCh38_CMRG_41663	0.485
GRCh38_CMRG_33356	0.479
GRCh38_CMRG_81977	0.478
GRCh38_CMRG_55050	0.473
GRCh38_CMRG_79919	0.465
GRCh38_CMRG_48882	0.457
GRCh38_CMRG_37000	0.449
GRCh38_CMRG_82847	0.582
GRCh38_CMRG_37221	0.552
GRCh38_CMRG_11838	0.547
GRCh38_CMRG_45216	0.518
GRCh38_CMRG_79555	0.517
GRCh38_CMRG_8518	0.508
GRCh38_CMRG_28490	0.506
GRCh38_CMRG_37331	0.506
GRCh38_CMRG_44847	0.49
GRCh38_CMRG_71390	0.476
GRCh38_CMRG_35917	0.473
GRCh38_CMRG_73566	0.471
GRCh38_CMRG_25782	0.467
GRCh38_CMRG_18151	0.464
GRCh38_CMRG_76678	0.463
GRCh38_CMRG_46866	0.46
GRCh38_CMRG_21648	0.449
GRCh38_CMRG_37635	0.702
GRCh38_CMRG_53394	0.568
GRCh38_CMRG_19747	0.559
GRCh38_CMRG_8738	0.542
GRCh38_CMRG_79690	0.538
GRCh38_CMRG_58807	0.528
GRCh38_CMRG_62637	0.525
GRCh38_CMRG_48963	0.523
GRCh38_CMRG_59591	0.521
GRCh38_CMRG_73299	0.514
GRCh38_CMRG_43780	0.514
GRCh38_CMRG_72655	0.504
GRCh38_CMRG_18474	0.503
GRCh38_CMRG_48205	0.497
GRCh38_CMRG_22112	0.496
GRCh38_CMRG_2884	0.494
GRCh38_CMRG_36050	0.491
GRCh38_CMRG_51568	0.491
GRCh38_CMRG_43692	0.49
GRCh38_CMRG_46664	0.485
GRCh38_CMRG_30646	0.483
GRCh38_CMRG_46452	0.482
GRCh38_CMRG_7020	0.479
GRCh38_CMRG_17489	0.478
GRCh38_CMRG_23865	0.477
GRCh38_CMRG_75080	0.477
GRCh38_CMRG_18705	0.476
GRCh38_CMRG_68517	0.472
GRCh38_CMRG_79432	0.464
GRCh38_CMRG_29025	0.452
GRCh38_CMRG_8448	0.45
GRCh38_CMRG_25801	0.447
GRCh38_CMRG_84018	0.605
GRCh38_CMRG_53393	0.567
GRCh38_CMRG_28109	0.549
GRCh38_CMRG_39424	0.534
GRCh38_CMRG_62304	0.512
GRCh38_CMRG_77591	0.511
GRCh38_CMRG_60463	0.506
GRCh38_CMRG_34018	0.505
GRCh38_CMRG_64467	0.498
GRCh38_CMRG_63705	0.496
GRCh38_CMRG_18967	0.494
GRCh38_CMRG_49376	0.494
GRCh38_CMRG_67905	0.493
GRCh38_CMRG_31456	0.49
GRCh38_CMRG_21688	0.488
GRCh38_CMRG_11885	0.488
GRCh38_CMRG_18545	0.487
GRCh38_CMRG_34558	0.486
GRCh38_CMRG_77621	0.482
GRCh38_CMRG_76693	0.482
GRCh38_CMRG_76876	0.48
GRCh38_CMRG_41169	0.454
GRCh38_CMRG_41781	0.449
GRCh38_CMRG_72992	0.447
GRCh38_CMRG_35550	0.674
GRCh38_CMRG_83416	0.602
GRCh38_CMRG_83257	0.597
GRCh38_CMRG_73212	0.584
GRCh38_CMRG_66145	0.539
GRCh38_CMRG_6142	0.537
GRCh38_CMRG_9621	0.521
GRCh38_CMRG_39443	0.51
GRCh38_CMRG_28972	0.503
GRCh38_CMRG_67171	0.499
GRCh38_CMRG_14801	0.497
GRCh38_CMRG_27773	0.495
GRCh38_CMRG_79224	0.49
GRCh38_CMRG_27837	0.489
GRCh38_CMRG_167	0.488
GRCh38_CMRG_38479	0.487
GRCh38_CMRG_64149	0.485
GRCh38_CMRG_10799	0.481
GRCh38_CMRG_23747	0.48
GRCh38_CMRG_23801	0.475
GRCh38_CMRG_40784	0.46
GRCh38_CMRG_58592	0.458
GRCh38_CMRG_15062	0.673
GRCh38_CMRG_51764	0.546
GRCh38_CMRG_22799	0.543
GRCh38_CMRG_21188	0.534
GRCh38_CMRG_12257	0.523
GRCh38_CMRG_60418	0.508
GRCh38_CMRG_11313	0.502
GRCh38_CMRG_38241	0.489
GRCh38_CMRG_34633	0.489
GRCh38_CMRG_55697	0.484
GRCh38_CMRG_12929	0.479
GRCh38_CMRG_25145	0.478
GRCh38_CMRG_31796	0.478
GRCh38_CMRG_32541	0.473
GRCh38_CMRG_16903	0.472
GRCh38_CMRG_70235	0.462
GRCh38_CMRG_65120	0.695
GRCh38_CMRG_59968	0.603
GRCh38_CMRG_44091	0.6
GRCh38_CMRG_79491	0.52
GRCh38_CMRG_53925	0.511
GRCh38_CMRG_14233	0.5
GRCh38_CMRG_47979	0.497
GRCh38_CMRG_61520	0.494
GRCh38_CMRG_53262	0.483
GRCh38_CMRG_74479	0.472
GRCh38_CMRG_48645	0.465
GRCh38_CMRG_38366	0.452
GRCh38_CMRG_37206	0.56
GRCh38_CMRG_81525	0.552
GRCh38_CMRG_58923	0.514
GRCh38_CMRG_58924	0.513
GRCh38_CMRG_54704	0.499
GRCh38_CMRG_31552	0.498
GRCh38_CMRG_24122	0.498
GRCh38_CMRG_7502	0.498
GRCh38_CMRG_74646	0.497
GRCh38_CMRG_12169	0.497
GRCh38_CMRG_53660	0.49
GRCh38_CMRG_31227	0.486
GRCh38_CMRG_6486	0.481
GRCh38_CMRG_64242	0.477
GRCh38_CMRG_46365	0.473
GRCh38_CMRG_53530	0.472
GRCh38_CMRG_15005	0.47
GRCh38_CMRG_6780	0.469
GRCh38_CMRG_24652	0.465
GRCh38_CMRG_28333	0.404
GRCh38_CMRG_28832	0.549
GRCh38_CMRG_16682	0.528
GRCh38_CMRG_75272	0.515
GRCh38_CMRG_70291	0.502
GRCh38_CMRG_9235	0.501
GRCh38_CMRG_67770	0.5
GRCh38_CMRG_33132	0.496
GRCh38_CMRG_1768	0.487
GRCh38_CMRG_66035	0.485
GRCh38_CMRG_38389	0.475
GRCh38_CMRG_42559	0.468
GRCh38_CMRG_12617	0.466
GRCh38_CMRG_36072	0.466
GRCh38_CMRG_59185	0.463
GRCh38_CMRG_61702	0.462
GRCh38_CMRG_15321	0.461
GRCh38_CMRG_48842	0.46
GRCh38_CMRG_59207	0.458
GRCh38_CMRG_61077	0.455
GRCh38_CMRG_71988	0.453
GRCh38_CMRG_10876	0.398
GRCh38_CMRG_81527	0.648
GRCh38_CMRG_79816	0.643
GRCh38_CMRG_1610	0.637
GRCh38_CMRG_50023	0.566
GRCh38_CMRG_51772	0.56
GRCh38_CMRG_45611	0.544
GRCh38_CMRG_58417	0.542
GRCh38_CMRG_28111	0.532
GRCh38_CMRG_60865	0.524
GRCh38_CMRG_41357	0.51
GRCh38_CMRG_22580	0.504
GRCh38_CMRG_62614	0.493
GRCh38_CMRG_6976	0.492
GRCh38_CMRG_81547	0.481
GRCh38_CMRG_14217	0.475
GRCh38_CMRG_38373	0.472
GRCh38_CMRG_8971	0.472
GRCh38_CMRG_64581	0.472
GRCh38_CMRG_22645	0.47
GRCh38_CMRG_36605	0.468
GRCh38_CMRG_55356	0.468
GRCh38_CMRG_39686	0.468
GRCh38_CMRG_27428	0.468
GRCh38_CMRG_1068	0.461
GRCh38_CMRG_69361	0.459
GRCh38_CMRG_9635	0.458
GRCh38_CMRG_18196	0.453
GRCh38_CMRG_11915	0.445
GRCh38_CMRG_43637	0.444
GRCh38_CMRG_12012	0.432
GRCh38_CMRG_84445	0.685
GRCh38_CMRG_41705	0.564
GRCh38_CMRG_31336	0.498
GRCh38_CMRG_72626	0.493
GRCh38_CMRG_43796	0.493
GRCh38_CMRG_1970	0.482
GRCh38_CMRG_60108	0.479
GRCh38_CMRG_54702	0.478
GRCh38_CMRG_7663	0.474
GRCh38_CMRG_52094	0.466
GRCh38_CMRG_16563	0.46
GRCh38_CMRG_29963	0.457
GRCh38_CMRG_52836	0.457
GRCh38_CMRG_39520	0.455
GRCh38_CMRG_13516	0.451
GRCh38_CMRG_52369	0.451
GRCh38_CMRG_61016	0.433
GRCh38_CMRG_37726	0.419
GRCh38_CMRG_832	0.588
GRCh38_CMRG_54505	0.513
GRCh38_CMRG_14783	0.508
GRCh38_CMRG_8996	0.504
GRCh38_CMRG_27610	0.498
GRCh38_CMRG_44491	0.489
GRCh38_CMRG_55320	0.481
GRCh38_CMRG_73092	0.478
GRCh38_CMRG_46165	0.473
GRCh38_CMRG_44012	0.47
GRCh38_CMRG_27147	0.468
GRCh38_CMRG_11625	0.456
GRCh38_CMRG_11333	0.454
GRCh38_CMRG_37097	0.448
GRCh38_CMRG_38518	0.445
GRCh38_CMRG_29782	0.438
GRCh38_CMRG_65091	0.433
GRCh38_CMRG_14017	0.433
GRCh38_CMRG_39416	0.371
GRCh38_CMRG_84297	0.58
GRCh38_CMRG_72376	0.561
GRCh38_CMRG_25873	0.541
GRCh38_CMRG_58573	0.539
GRCh38_CMRG_59766	0.501
GRCh38_CMRG_40762	0.478
GRCh38_CMRG_65526	0.476
GRCh38_CMRG_19492	0.474
GRCh38_CMRG_41048	0.473
GRCh38_CMRG_6054	0.471
GRCh38_CMRG_48997	0.47
GRCh38_CMRG_28557	0.47
GRCh38_CMRG_48654	0.468
GRCh38_CMRG_37361	0.465
GRCh38_CMRG_19006	0.464
GRCh38_CMRG_70385	0.462
GRCh38_CMRG_72996	0.451
GRCh38_CMRG_14506	0.555
GRCh38_CMRG_31757	0.551
GRCh38_CMRG_14013	0.543
GRCh38_CMRG_7338	0.536
GRCh38_CMRG_34488	0.504
GRCh38_CMRG_47748	0.496
GRCh38_CMRG_6644	0.491
GRCh38_CMRG_71598	0.488
GRCh38_CMRG_2213	0.474
GRCh38_CMRG_50666	0.473
GRCh38_CMRG_47792	0.466
GRCh38_CMRG_77381	0.465
GRCh38_CMRG_74922	0.465
GRCh38_CMRG_13830	0.464
GRCh38_CMRG_44223	0.463
GRCh38_CMRG_26598	0.46
GRCh38_CMRG_59160	0.456
GRCh38_CMRG_14456	0.454
GRCh38_CMRG_77433	0.453
GRCh38_CMRG_34721	0.451
GRCh38_CMRG_55499	0.45
GRCh38_CMRG_25344	0.45
GRCh38_CMRG_10643	0.448
GRCh38_CMRG_25226	0.447
GRCh38_CMRG_22698	0.559
GRCh38_CMRG_48259	0.503
GRCh38_CMRG_45004	0.491
GRCh38_CMRG_21849	0.487
GRCh38_CMRG_6034	0.484
GRCh38_CMRG_80939	0.481
GRCh38_CMRG_17057	0.478
GRCh38_CMRG_25846	0.478
GRCh38_CMRG_67462	0.468
GRCh38_CMRG_8061	0.464
GRCh38_CMRG_70345	0.452
GRCh38_CMRG_34786	0.437
GRCh38_CMRG_79205	0.435
GRCh38_CMRG_38762	0.433
GRCh38_CMRG_13804	0.433
GRCh38_CMRG_59506	0.419
GRCh38_CMRG_74528	0.686
GRCh38_CMRG_25300	0.607
GRCh38_CMRG_39818	0.558
GRCh38_CMRG_77483	0.5
GRCh38_CMRG_12383	0.492
GRCh38_CMRG_8970	0.483
GRCh38_CMRG_45456	0.479
GRCh38_CMRG_55504	0.479
GRCh38_CMRG_70218	0.477
GRCh38_CMRG_38481	0.476
GRCh38_CMRG_32759	0.475
GRCh38_CMRG_65760	0.473
GRCh38_CMRG_62607	0.469
GRCh38_CMRG_29654	0.463
GRCh38_CMRG_51705	0.458
GRCh38_CMRG_45680	0.458
GRCh38_CMRG_48142	0.454
GRCh38_CMRG_55168	0.453
GRCh38_CMRG_26187	0.452
GRCh38_CMRG_26535	0.452
GRCh38_CMRG_31130	0.45
GRCh38_CMRG_9628	0.45
GRCh38_CMRG_25408	0.449
GRCh38_CMRG_34551	0.445
GRCh38_CMRG_19868	0.445
GRCh38_CMRG_19157	0.434
GRCh38_CMRG_628	0.427
GRCh38_CMRG_26364	0.508
GRCh38_CMRG_9074	0.505
GRCh38_CMRG_28261	0.48
GRCh38_CMRG_64214	0.478
GRCh38_CMRG_69871	0.472
GRCh38_CMRG_23344	0.468
GRCh38_CMRG_12717	0.463
GRCh38_CMRG_52480	0.462
GRCh38_CMRG_77681	0.461
GRCh38_CMRG_42164	0.459
GRCh38_CMRG_7951	0.459
GRCh38_CMRG_79004	0.451
GRCh38_CMRG_17742	0.451
GRCh38_CMRG_47256	0.446
GRCh38_CMRG_37717	0.445
GRCh38_CMRG_45066	0.434
GRCh38_CMRG_26804	0.428
GRCh38_CMRG_9577	0.414
GRCh38_CMRG_8183	0.579
GRCh38_CMRG_84397	0.554
GRCh38_CMRG_69218	0.531
GRCh38_CMRG_70667	0.531
GRCh38_CMRG_17655	0.516
GRCh38_CMRG_15553	0.504
GRCh38_CMRG_17209	0.499
GRCh38_CMRG_79943	0.483
GRCh38_CMRG_42493	0.461
GRCh38_CMRG_35560	0.459
GRCh38_CMRG_33273	0.455
GRCh38_CMRG_41816	0.452
GRCh38_CMRG_8059	0.449
GRCh38_CMRG_48889	0.449
GRCh38_CMRG_79888	0.442
GRCh38_CMRG_40699	0.44
GRCh38_CMRG_26001	0.439
GRCh38_CMRG_42264	0.439
GRCh38_CMRG_62517	0.427
GRCh38_CMRG_77262	0.606
GRCh38_CMRG_71635	0.494
GRCh38_CMRG_55616	0.479
GRCh38_CMRG_79255	0.476
GRCh38_CMRG_73253	0.475
GRCh38_CMRG_7764	0.473
GRCh38_CMRG_33072	0.463
GRCh38_CMRG_70900	0.458
GRCh38_CMRG_35897	0.458
GRCh38_CMRG_69008	0.458
GRCh38_CMRG_25244	0.455
GRCh38_CMRG_11605	0.445
GRCh38_CMRG_37442	0.444
GRCh38_CMRG_52356	0.418
GRCh38_CMRG_69385	0.675
GRCh38_CMRG_48957	0.517
GRCh38_CMRG_25115	0.49
GRCh38_CMRG_51567	0.483
GRCh38_CMRG_59673	0.474
GRCh38_CMRG_68946	0.47
GRCh38_CMRG_73542	0.463
GRCh38_CMRG_51695	0.455
GRCh38_CMRG_62222	0.449
GRCh38_CMRG_65821	0.444
GRCh38_CMRG_48665	0.443
GRCh38_CMRG_75565	0.441
GRCh38_CMRG_40164	0.44
GRCh38_CMRG_25411	0.44
GRCh38_CMRG_16797	0.438
GRCh38_CMRG_49168	0.433
GRCh38_CMRG_34513	0.39
GRCh38_CMRG_84052	0.593
GRCh38_CMRG_60099	0.568
GRCh38_CMRG_15289	0.549
GRCh38_CMRG_54621	0.522
GRCh38_CMRG_28439	0.518
GRCh38_CMRG_33731	0.51
GRCh38_CMRG_1222	0.494
GRCh38_CMRG_53379	0.482
GRCh38_CMRG_79949	0.474
GRCh38_CMRG_39983	0.468
GRCh38_CMRG_1877	0.466
GRCh38_CMRG_407	0.465
GRCh38_CMRG_22360	0.462
GRCh38_CMRG_50473	0.46
GRCh38_CMRG_79529	0.459
GRCh38_CMRG_50472	0.459
GRCh38_CMRG_60464	0.453
GRCh38_CMRG_60913	0.448
GRCh38_CMRG_62223	0.446
GRCh38_CMRG_46026	0.446
GRCh38_CMRG_45010	0.445
GRCh38_CMRG_25272	0.444
GRCh38_CMRG_24910	0.442
GRCh38_CMRG_70387	0.44
GRCh38_CMRG_10508	0.436
GRCh38_CMRG_12871	0.436
GRCh38_CMRG_82156	0.379
GRCh38_CMRG_62112	0.603
GRCh38_CMRG_6278	0.602
GRCh38_CMRG_72338	0.576
GRCh38_CMRG_7937	0.543
GRCh38_CMRG_39472	0.521
GRCh38_CMRG_42095	0.483
GRCh38_CMRG_55524	0.481
GRCh38_CMRG_23897	0.47
GRCh38_CMRG_42439	0.469
GRCh38_CMRG_74670	0.468
GRCh38_CMRG_70663	0.45
GRCh38_CMRG_19437	0.445
GRCh38_CMRG_32320	0.443
GRCh38_CMRG_39651	0.443
GRCh38_CMRG_32101	0.44
GRCh38_CMRG_27861	0.437
GRCh38_CMRG_82850	0.556
GRCh38_CMRG_41007	0.492
GRCh38_CMRG_15100	0.49
GRCh38_CMRG_68626	0.487
GRCh38_CMRG_77120	0.478
GRCh38_CMRG_18432	0.475
GRCh38_CMRG_54042	0.474
GRCh38_CMRG_23024	0.464
GRCh38_CMRG_49473	0.461
GRCh38_CMRG_73292	0.452
GRCh38_CMRG_49102	0.45
GRCh38_CMRG_54421	0.446
GRCh38_CMRG_20891	0.445
GRCh38_CMRG_75583	0.443
GRCh38_CMRG_7890	0.442
GRCh38_CMRG_11507	0.44
GRCh38_CMRG_49858	0.44
GRCh38_CMRG_40620	0.436
GRCh38_CMRG_35723	0.436
GRCh38_CMRG_58836	0.423
GRCh38_CMRG_20979	0.421
GRCh38_CMRG_36187	0.4
GRCh38_CMRG_14713	0.567
GRCh38_CMRG_72726	0.516
GRCh38_CMRG_26475	0.503
GRCh38_CMRG_37214	0.492
GRCh38_CMRG_49771	0.491
GRCh38_CMRG_63610	0.461
GRCh38_CMRG_21789	0.449
GRCh38_CMRG_45769	0.447
GRCh38_CMRG_33508	0.444
GRCh38_CMRG_49136	0.444
GRCh38_CMRG_32554	0.444
GRCh38_CMRG_67193	0.444
GRCh38_CMRG_42552	0.441
GRCh38_CMRG_24551	0.439
GRCh38_CMRG_49900	0.436
GRCh38_CMRG_82020	0.436
GRCh38_CMRG_82136	0.435
GRCh38_CMRG_32951	0.43
GRCh38_CMRG_28220	0.374
GRCh38_CMRG_24923	0.498
GRCh38_CMRG_12226	0.493
GRCh38_CMRG_1453	0.49
GRCh38_CMRG_6558	0.485
GRCh38_CMRG_39660	0.481
GRCh38_CMRG_36862	0.477
GRCh38_CMRG_32184	0.475
GRCh38_CMRG_79088	0.473
GRCh38_CMRG_61175	0.469
GRCh38_CMRG_70673	0.466
GRCh38_CMRG_52487	0.464
GRCh38_CMRG_29520	0.462
GRCh38_CMRG_19781	0.461
GRCh38_CMRG_26494	0.454
GRCh38_CMRG_67288	0.453
GRCh38_CMRG_79238	0.451
GRCh38_CMRG_37740	0.45
GRCh38_CMRG_40434	0.45
GRCh38_CMRG_992	0.447
GRCh38_CMRG_20892	0.445
GRCh38_CMRG_74149	0.445
GRCh38_CMRG_68043	0.439
GRCh38_CMRG_43836	0.437
GRCh38_CMRG_40286	0.435
GRCh38_CMRG_6768	0.435
GRCh38_CMRG_15417	0.434
GRCh38_CMRG_22040	0.434
GRCh38_CMRG_26938	0.431
GRCh38_CMRG_65181	0.421
GRCh38_CMRG_29517	0.411
GRCh38_CMRG_24169	0.39
GRCh38_CMRG_7125	0.648
GRCh38_CMRG_11341	0.598
GRCh38_CMRG_2713	0.504
GRCh38_CMRG_23734	0.496
GRCh38_CMRG_45050	0.494
GRCh38_CMRG_61357	0.481
GRCh38_CMRG_37351	0.479
GRCh38_CMRG_38915	0.474
GRCh38_CMRG_17060	0.469
GRCh38_CMRG_36053	0.469
GRCh38_CMRG_15045	0.467
GRCh38_CMRG_40186	0.466
GRCh38_CMRG_8882	0.459
GRCh38_CMRG_6925	0.457
GRCh38_CMRG_9150	0.451
GRCh38_CMRG_14508	0.447
GRCh38_CMRG_59077	0.444
GRCh38_CMRG_53827	0.443
GRCh38_CMRG_58130	0.433
GRCh38_CMRG_72031	0.426
GRCh38_CMRG_25177	0.42
GRCh38_CMRG_68592	0.417
GRCh38_CMRG_70566	0.39
GRCh38_CMRG_83565	0.628
GRCh38_CMRG_61656	0.609
GRCh38_CMRG_82170	0.55
GRCh38_CMRG_61890	0.486
GRCh38_CMRG_76981	0.472
GRCh38_CMRG_70718	0.471
GRCh38_CMRG_68396	0.465
GRCh38_CMRG_68527	0.458
GRCh38_CMRG_7575	0.456
GRCh38_CMRG_40582	0.448
GRCh38_CMRG_28635	0.445
GRCh38_CMRG_74414	0.444
GRCh38_CMRG_75094	0.439
GRCh38_CMRG_38141	0.437
GRCh38_CMRG_52541	0.434
GRCh38_CMRG_46100	0.433
GRCh38_CMRG_73550	0.658
GRCh38_CMRG_79860	0.6
GRCh38_CMRG_83113	0.534
GRCh38_CMRG_45594	0.491
GRCh38_CMRG_17656	0.482
GRCh38_CMRG_2910	0.461
GRCh38_CMRG_31197	0.459
GRCh38_CMRG_54017	0.459
GRCh38_CMRG_53244	0.444
GRCh38_CMRG_45727	0.442
GRCh38_CMRG_22895	0.441
GRCh38_CMRG_69565	0.44
GRCh38_CMRG_17481	0.44
GRCh38_CMRG_71370	0.438
GRCh38_CMRG_45496	0.437
GRCh38_CMRG_74353	0.436
GRCh38_CMRG_46099	0.433
GRCh38_CMRG_25410	0.432
GRCh38_CMRG_8198	0.427
GRCh38_CMRG_32674	0.427
GRCh38_CMRG_77190	0.424
GRCh38_CMRG_68547	0.423
GRCh38_CMRG_80688	0.375
GRCh38_CMRG_67190	0.503
GRCh38_CMRG_45208	0.494
GRCh38_CMRG_59325	0.492
GRCh38_CMRG_65178	0.49
GRCh38_CMRG_39130	0.471
GRCh38_CMRG_49715	0.459
GRCh38_CMRG_54759	0.455
GRCh38_CMRG_46455	0.455
GRCh38_CMRG_74486	0.438
GRCh38_CMRG_6394	0.435
GRCh38_CMRG_38109	0.424
GRCh38_CMRG_18197	0.422
GRCh38_CMRG_65053	0.421
GRCh38_CMRG_10620	0.42
GRCh38_CMRG_73243	0.397
GRCh38_CMRG_24472	0.515
GRCh38_CMRG_14740	0.505
GRCh38_CMRG_1520	0.504
GRCh38_CMRG_40191	0.499
GRCh38_CMRG_9768	0.479
GRCh38_CMRG_6677	0.457
GRCh38_CMRG_74583	0.452
GRCh38_CMRG_10500	0.441
GRCh38_CMRG_63805	0.441
GRCh38_CMRG_2433	0.433
GRCh38_CMRG_2181	0.422
GRCh38_CMRG_61567	0.416
GRCh38_CMRG_15452	0.415
GRCh38_CMRG_53126	0.406
GRCh38_CMRG_38765	0.39
GRCh38_CMRG_50648	0.378
GRCh38_CMRG_2872	0.577
GRCh38_CMRG_83650	0.538
GRCh38_CMRG_67220	0.503
GRCh38_CMRG_23893	0.503
GRCh38_CMRG_52736	0.473
GRCh38_CMRG_52026	0.46
GRCh38_CMRG_70661	0.448
GRCh38_CMRG_31406	0.444
GRCh38_CMRG_68081	0.442
GRCh38_CMRG_54956	0.441
GRCh38_CMRG_68123	0.439
GRCh38_CMRG_46622	0.427
GRCh38_CMRG_51423	0.427
GRCh38_CMRG_19824	0.424
GRCh38_CMRG_10936	0.423
GRCh38_CMRG_34572	0.422
GRCh38_CMRG_6516	0.421
GRCh38_CMRG_49790	0.414
GRCh38_CMRG_62159	0.412
GRCh38_CMRG_83094	0.538
GRCh38_CMRG_79933	0.507
GRCh38_CMRG_28731	0.458
GRCh38_CMRG_46291	0.448
GRCh38_CMRG_44512	0.448
GRCh38_CMRG_34287	0.441
GRCh38_CMRG_39535	0.44
GRCh38_CMRG_74575	0.439
GRCh38_CMRG_14753	0.434
GRCh38_CMRG_14751	0.433
GRCh38_CMRG_38418	0.433
GRCh38_CMRG_68244	0.427
GRCh38_CMRG_45485	0.427
GRCh38_CMRG_70507	0.423
GRCh38_CMRG_34132	0.42
GRCh38_CMRG_50626	0.419
GRCh38_CMRG_59691	0.419
GRCh38_CMRG_54472	0.418
GRCh38_CMRG_1195	0.411
GRCh38_CMRG_77094	0.406
GRCh38_CMRG_52143	0.406
GRCh38_CMRG_22460	0.406
GRCh38_CMRG_12011	0.39
GRCh38_CMRG_31131	0.602
GRCh38_CMRG_26183	0.545
GRCh38_CMRG_11538	0.481
GRCh38_CMRG_33857	0.479
GRCh38_CMRG_59643	0.476
GRCh38_CMRG_23298	0.466
GRCh38_CMRG_68312	0.458
GRCh38_CMRG_55685	0.449
GRCh38_CMRG_36099	0.444
GRCh38_CMRG_70538	0.439
GRCh38_CMRG_55233	0.437
GRCh38_CMRG_44545	0.43
GRCh38_CMRG_21601	0.422
GRCh38_CMRG_54750	0.421
GRCh38_CMRG_75445	0.413
GRCh38_CMRG_24700	0.404
GRCh38_CMRG_64933	0.4
GRCh38_CMRG_21801	0.395
GRCh38_CMRG_83563	0.618
GRCh38_CMRG_83038	0.565
GRCh38_CMRG_41651	0.494
GRCh38_CMRG_18997	0.469
GRCh38_CMRG_22251	0.468
GRCh38_CMRG_19979	0.458
GRCh38_CMRG_21537	0.458
GRCh38_CMRG_23023	0.453
GRCh38_CMRG_51453	0.445
GRCh38_CMRG_9585	0.438
GRCh38_CMRG_50562	0.437
GRCh38_CMRG_48850	0.437
GRCh38_CMRG_32560	0.436
GRCh38_CMRG_81746	0.435
GRCh38_CMRG_11829	0.431
GRCh38_CMRG_53680	0.427
GRCh38_CMRG_70598	0.427
GRCh38_CMRG_2579	0.425
GRCh38_CMRG_8492	0.419
GRCh38_CMRG_41900	0.418
GRCh38_CMRG_21622	0.414
GRCh38_CMRG_22072	0.414
GRCh38_CMRG_80055	0.401
GRCh38_CMRG_24596	0.39
GRCh38_CMRG_69118	0.355
GRCh38_CMRG_13425	0.549
GRCh38_CMRG_12288	0.521
GRCh38_CMRG_12337	0.521
GRCh38_CMRG_61626	0.496
GRCh38_CMRG_18534	0.477
GRCh38_CMRG_67476	0.473
GRCh38_CMRG_49372	0.473
GRCh38_CMRG_21937	0.45
GRCh38_CMRG_18230	0.442
GRCh38_CMRG_8088	0.442
GRCh38_CMRG_14326	0.439
GRCh38_CMRG_29534	0.428
GRCh38_CMRG_5775	0.425
GRCh38_CMRG_22504	0.424
GRCh38_CMRG_46771	0.423
GRCh38_CMRG_48456	0.414
GRCh38_CMRG_68086	0.413
GRCh38_CMRG_34126	0.413
GRCh38_CMRG_32055	0.41
GRCh38_CMRG_8391	0.407
GRCh38_CMRG_70790	0.402
GRCh38_CMRG_11977	0.397
GRCh38_CMRG_39127	0.391
GRCh38_CMRG_64561	0.601
GRCh38_CMRG_43703	0.58
GRCh38_CMRG_84191	0.474
GRCh38_CMRG_36771	0.469
GRCh38_CMRG_55820	0.468
GRCh38_CMRG_70938	0.465
GRCh38_CMRG_49463	0.459
GRCh38_CMRG_63750	0.456
GRCh38_CMRG_7921	0.456
GRCh38_CMRG_25114	0.442
GRCh38_CMRG_50272	0.44
GRCh38_CMRG_69389	0.436
GRCh38_CMRG_70198	0.434
GRCh38_CMRG_11364	0.433
GRCh38_CMRG_43695	0.432
GRCh38_CMRG_62011	0.431
GRCh38_CMRG_59299	0.427
GRCh38_CMRG_21360	0.427
GRCh38_CMRG_66975	0.427
GRCh38_CMRG_31837	0.426
GRCh38_CMRG_48351	0.425
GRCh38_CMRG_36929	0.422
GRCh38_CMRG_64399	0.419
GRCh38_CMRG_29620	0.419
GRCh38_CMRG_29250	0.417
GRCh38_CMRG_23095	0.417
GRCh38_CMRG_33603	0.417
GRCh38_CMRG_40094	0.416
GRCh38_CMRG_32163	0.415
GRCh38_CMRG_623	0.411
GRCh38_CMRG_77041	0.409
GRCh38_CMRG_28222	0.408
GRCh38_CMRG_65971	0.399
GRCh38_CMRG_13612	0.377
GRCh38_CMRG_80024	0.547
GRCh38_CMRG_32437	0.537
GRCh38_CMRG_83116	0.512
GRCh38_CMRG_79718	0.481
GRCh38_CMRG_47784	0.463
GRCh38_CMRG_52881	0.459
GRCh38_CMRG_19978	0.453
GRCh38_CMRG_76604	0.452
GRCh38_CMRG_718	0.45
GRCh38_CMRG_13376	0.449
GRCh38_CMRG_53910	0.44
GRCh38_CMRG_6508	0.44
GRCh38_CMRG_41590	0.44
GRCh38_CMRG_373	0.439
GRCh38_CMRG_11365	0.431
GRCh38_CMRG_60296	0.43
GRCh38_CMRG_51900	0.429
GRCh38_CMRG_73547	0.428
GRCh38_CMRG_39842	0.425
GRCh38_CMRG_1894	0.422
GRCh38_CMRG_39975	0.421
GRCh38_CMRG_7766	0.419
GRCh38_CMRG_75029	0.418
GRCh38_CMRG_31047	0.415
GRCh38_CMRG_28962	0.414
GRCh38_CMRG_9630	0.41
GRCh38_CMRG_79549	0.405
GRCh38_CMRG_50936	0.401
GRCh38_CMRG_83550	0.598
GRCh38_CMRG_58595	0.477
GRCh38_CMRG_25365	0.459
GRCh38_CMRG_77187	0.457
GRCh38_CMRG_21796	0.455
GRCh38_CMRG_60182	0.453
GRCh38_CMRG_23887	0.448
GRCh38_CMRG_69350	0.444
GRCh38_CMRG_2275	0.432
GRCh38_CMRG_33446	0.427
GRCh38_CMRG_72048	0.426
GRCh38_CMRG_64943	0.426
GRCh38_CMRG_33449	0.424
GRCh38_CMRG_75074	0.424
GRCh38_CMRG_40533	0.418
GRCh38_CMRG_34059	0.414
GRCh38_CMRG_64374	0.392
GRCh38_CMRG_34534	0.387
GRCh38_CMRG_47607	0.377
GRCh38_CMRG_48935	0.336
GRCh38_CMRG_61662	0.606
GRCh38_CMRG_34257	0.502
GRCh38_CMRG_6485	0.465
GRCh38_CMRG_48877	0.443
GRCh38_CMRG_43586	0.435
GRCh38_CMRG_68488	0.431
GRCh38_CMRG_47697	0.418
GRCh38_CMRG_28700	0.415
GRCh38_CMRG_33642	0.412
GRCh38_CMRG_32933	0.404
GRCh38_CMRG_16552	0.403
GRCh38_CMRG_36197	0.395
GRCh38_CMRG_62246	0.391
GRCh38_CMRG_48201	0.467
GRCh38_CMRG_17717	0.451
GRCh38_CMRG_44694	0.448
GRCh38_CMRG_1813	0.448
GRCh38_CMRG_40046	0.445
GRCh38_CMRG_38320	0.441
GRCh38_CMRG_14142	0.432
GRCh38_CMRG_28110	0.427
GRCh38_CMRG_27679	0.427
GRCh38_CMRG_51158	0.426
GRCh38_CMRG_28387	0.416
GRCh38_CMRG_31733	0.415
GRCh38_CMRG_68265	0.403
GRCh38_CMRG_22086	0.4
GRCh38_CMRG_81593	0.525
GRCh38_CMRG_84354	0.515
GRCh38_CMRG_26686	0.489
GRCh38_CMRG_47330	0.452
GRCh38_CMRG_12439	0.451
GRCh38_CMRG_38137	0.449
GRCh38_CMRG_37301	0.438
GRCh38_CMRG_11203	0.435
GRCh38_CMRG_1206	0.431
GRCh38_CMRG_81773	0.43
GRCh38_CMRG_43791	0.426
GRCh38_CMRG_31768	0.422
GRCh38_CMRG_28000	0.421
GRCh38_CMRG_44979	0.418
GRCh38_CMRG_20912	0.412
GRCh38_CMRG_40995	0.41
GRCh38_CMRG_54974	0.408
GRCh38_CMRG_52505	0.401
GRCh38_CMRG_60160	0.4
GRCh38_CMRG_53065	0.397
GRCh38_CMRG_26651	0.394
GRCh38_CMRG_54129	0.394
GRCh38_CMRG_11127	0.392
GRCh38_CMRG_1162	0.559
GRCh38_CMRG_55192	0.451
GRCh38_CMRG_34521	0.45
GRCh38_CMRG_69597	0.439
GRCh38_CMRG_67888	0.436
GRCh38_CMRG_18698	0.435
GRCh38_CMRG_70266	0.423
GRCh38_CMRG_25382	0.421
GRCh38_CMRG_47196	0.421
GRCh38_CMRG_46044	0.42
GRCh38_CMRG_67450	0.419
GRCh38_CMRG_32389	0.416
GRCh38_CMRG_51098	0.413
GRCh38_CMRG_60154	0.411
GRCh38_CMRG_23510	0.405
GRCh38_CMRG_50386	0.398
GRCh38_CMRG_73141	0.384
GRCh38_CMRG_68534	0.454
GRCh38_CMRG_27028	0.451
GRCh38_CMRG_61824	0.441
GRCh38_CMRG_58833	0.437
GRCh38_CMRG_77427	0.436
GRCh38_CMRG_34272	0.417
GRCh38_CMRG_33899	0.415
GRCh38_CMRG_65714	0.415
GRCh38_CMRG_66051	0.413
GRCh38_CMRG_19065	0.41
GRCh38_CMRG_63273	0.409
GRCh38_CMRG_49841	0.408
GRCh38_CMRG_42421	0.402
GRCh38_CMRG_34340	0.401
GRCh38_CMRG_22706	0.399
GRCh38_CMRG_6390	0.398
GRCh38_CMRG_9677	0.396
GRCh38_CMRG_29540	0.396
GRCh38_CMRG_633	0.391
GRCh38_CMRG_65333	0.353
GRCh38_CMRG_5764	0.34
GRCh38_CMRG_73288	0.491
GRCh38_CMRG_37603	0.451
GRCh38_CMRG_22440	0.43
GRCh38_CMRG_37896	0.427
GRCh38_CMRG_13296	0.425
GRCh38_CMRG_23125	0.424
GRCh38_CMRG_73242	0.421
GRCh38_CMRG_44056	0.42
GRCh38_CMRG_26785	0.42
GRCh38_CMRG_8758	0.413
GRCh38_CMRG_54216	0.409
GRCh38_CMRG_38372	0.407
GRCh38_CMRG_45830	0.402
GRCh38_CMRG_38194	0.398
GRCh38_CMRG_5721	0.396
GRCh38_CMRG_64536	0.396
GRCh38_CMRG_74475	0.394
GRCh38_CMRG_54217	0.394
GRCh38_CMRG_55604	0.392
GRCh38_CMRG_11470	0.387
GRCh38_CMRG_26246	0.384
GRCh38_CMRG_18523	0.364
GRCh38_CMRG_45207	0.358
GRCh38_CMRG_34453	0.453
GRCh38_CMRG_19205	0.452
GRCh38_CMRG_29746	0.447
GRCh38_CMRG_55825	0.443
GRCh38_CMRG_25066	0.437
GRCh38_CMRG_45429	0.431
GRCh38_CMRG_28691	0.43
GRCh38_CMRG_16571	0.424
GRCh38_CMRG_14888	0.421
GRCh38_CMRG_43650	0.419
GRCh38_CMRG_41654	0.418
GRCh38_CMRG_36546	0.416
GRCh38_CMRG_21667	0.413
GRCh38_CMRG_61651	0.412
GRCh38_CMRG_10647	0.406
GRCh38_CMRG_82093	0.406
GRCh38_CMRG_73170	0.404
GRCh38_CMRG_2696	0.403
GRCh38_CMRG_75484	0.396
GRCh38_CMRG_74055	0.395
GRCh38_CMRG_59788	0.394
GRCh38_CMRG_72494	0.381
GRCh38_CMRG_60470	0.381
GRCh38_CMRG_24720	0.603
GRCh38_CMRG_67969	0.518
GRCh38_CMRG_39989	0.475
GRCh38_CMRG_58317	0.471
GRCh38_CMRG_50337	0.458
GRCh38_CMRG_70609	0.454
GRCh38_CMRG_38553	0.443
GRCh38_CMRG_39543	0.443
GRCh38_CMRG_23094	0.425
GRCh38_CMRG_24006	0.419
GRCh38_CMRG_58639	0.419
GRCh38_CMRG_12765	0.418
GRCh38_CMRG_63704	0.412
GRCh38_CMRG_43976	0.411
GRCh38_CMRG_49405	0.408
GRCh38_CMRG_68800	0.407
GRCh38_CMRG_17127	0.403
GRCh38_CMRG_40823	0.401
GRCh38_CMRG_16989	0.397
GRCh38_CMRG_13975	0.389
GRCh38_CMRG_38906	0.386
GRCh38_CMRG_79829	0.351
GRCh38_CMRG_75121	0.546
GRCh38_CMRG_81479	0.455
GRCh38_CMRG_60092	0.441
GRCh38_CMRG_375	0.436
GRCh38_CMRG_47795	0.426
GRCh38_CMRG_34645	0.424
GRCh38_CMRG_41902	0.419
GRCh38_CMRG_36142	0.414
GRCh38_CMRG_82097	0.409
GRCh38_CMRG_68991	0.407
GRCh38_CMRG_25792	0.402
GRCh38_CMRG_25282	0.401
GRCh38_CMRG_33620	0.399
GRCh38_CMRG_12575	0.397
GRCh38_CMRG_45828	0.394
GRCh38_CMRG_69373	0.392
GRCh38_CMRG_48822	0.389
GRCh38_CMRG_26649	0.385
GRCh38_CMRG_34577	0.384
GRCh38_CMRG_54519	0.384
GRCh38_CMRG_69116	0.341
GRCh38_CMRG_79938	0.525
GRCh38_CMRG_83208	0.495
GRCh38_CMRG_28384	0.476
GRCh38_CMRG_31387	0.448
GRCh38_CMRG_21671	0.426
GRCh38_CMRG_81188	0.424
GRCh38_CMRG_67898	0.423
GRCh38_CMRG_73792	0.421
GRCh38_CMRG_70918	0.419
GRCh38_CMRG_75412	0.416
GRCh38_CMRG_35819	0.41
GRCh38_CMRG_72003	0.404
GRCh38_CMRG_46252	0.4
GRCh38_CMRG_50455	0.398
GRCh38_CMRG_72948	0.396
GRCh38_CMRG_37448	0.393
GRCh38_CMRG_30865	0.392
GRCh38_CMRG_68313	0.39
GRCh38_CMRG_50445	0.388
GRCh38_CMRG_13444	0.387
GRCh38_CMRG_5728	0.386
GRCh38_CMRG_14284	0.377
GRCh38_CMRG_18491	0.469
GRCh38_CMRG_40895	0.437
GRCh38_CMRG_62599	0.428
GRCh38_CMRG_32396	0.425
GRCh38_CMRG_49611	0.421
GRCh38_CMRG_12631	0.416
GRCh38_CMRG_51930	0.409
GRCh38_CMRG_13942	0.408
GRCh38_CMRG_48248	0.405
GRCh38_CMRG_53102	0.402
GRCh38_CMRG_28571	0.4
GRCh38_CMRG_28513	0.398
GRCh38_CMRG_49186	0.398
GRCh38_CMRG_6533	0.397
GRCh38_CMRG_38429	0.396
GRCh38_CMRG_24816	0.387
GRCh38_CMRG_73568	0.38
GRCh38_CMRG_26329	0.379
GRCh38_CMRG_73875	0.489
GRCh38_CMRG_7702	0.453
GRCh38_CMRG_13563	0.44
GRCh38_CMRG_14762	0.414
GRCh38_CMRG_26269	0.412
GRCh38_CMRG_32527	0.411
GRCh38_CMRG_12422	0.403
GRCh38_CMRG_31250	0.4
GRCh38_CMRG_34331	0.399
GRCh38_CMRG_67957	0.391
GRCh38_CMRG_68823	0.384
GRCh38_CMRG_435	0.38
GRCh38_CMRG_79869	0.369
GRCh38_CMRG_62080	0.451
GRCh38_CMRG_38172	0.434
GRCh38_CMRG_15110	0.412
GRCh38_CMRG_44594	0.412
GRCh38_CMRG_70789	0.407
GRCh38_CMRG_72763	0.406
GRCh38_CMRG_61519	0.403
GRCh38_CMRG_29538	0.402
GRCh38_CMRG_43830	0.401
GRCh38_CMRG_80020	0.399
GRCh38_CMRG_82112	0.399
GRCh38_CMRG_51780	0.398
GRCh38_CMRG_73729	0.396
GRCh38_CMRG_14644	0.394
GRCh38_CMRG_5861	0.393
GRCh38_CMRG_50111	0.392
GRCh38_CMRG_48896	0.383
GRCh38_CMRG_40304	0.373
GRCh38_CMRG_65362	0.369
GRCh38_CMRG_54846	0.368
GRCh38_CMRG_55789	0.364
GRCh38_CMRG_68270	0.346
GRCh38_CMRG_46990	0.318
GRCh38_CMRG_79756	0.497
GRCh38_CMRG_62482	0.442
GRCh38_CMRG_21535	0.438
GRCh38_CMRG_67562	0.429
GRCh38_CMRG_28259	0.415
GRCh38_CMRG_548	0.412
GRCh38_CMRG_41956	0.407
GRCh38_CMRG_70968	0.406
GRCh38_CMRG_37269	0.405
GRCh38_CMRG_45596	0.403
GRCh38_CMRG_1588	0.402
GRCh38_CMRG_61707	0.401
GRCh38_CMRG_37384	0.401
GRCh38_CMRG_28965	0.398
GRCh38_CMRG_79859	0.393
GRCh38_CMRG_46386	0.388
GRCh38_CMRG_18157	0.388
GRCh38_CMRG_42159	0.384
GRCh38_CMRG_58899	0.384
GRCh38_CMRG_70754	0.38
GRCh38_CMRG_2315	0.375
GRCh38_CMRG_24110	0.373
GRCh38_CMRG_59210	0.373
GRCh38_CMRG_61655	0.457
GRCh38_CMRG_12351	0.422
GRCh38_CMRG_14948	0.419
GRCh38_CMRG_19099	0.417
GRCh38_CMRG_49471	0.416
GRCh38_CMRG_45654	0.415
GRCh38_CMRG_58780	0.413
GRCh38_CMRG_65070	0.411
GRCh38_CMRG_42399	0.408
GRCh38_CMRG_25922	0.407
GRCh38_CMRG_48894	0.406
GRCh38_CMRG_54268	0.398
GRCh38_CMRG_12506	0.394
GRCh38_CMRG_50278	0.394
GRCh38_CMRG_37588	0.378
GRCh38_CMRG_79189	0.363
GRCh38_CMRG_69292	0.307
GRCh38_CMRG_48353	0.484
GRCh38_CMRG_60951	0.471
GRCh38_CMRG_27885	0.46
GRCh38_CMRG_25381	0.441
GRCh38_CMRG_28102	0.43
GRCh38_CMRG_72656	0.428
GRCh38_CMRG_79348	0.426
GRCh38_CMRG_15469	0.42
GRCh38_CMRG_29247	0.414
GRCh38_CMRG_73857	0.388
GRCh38_CMRG_13881	0.381
GRCh38_CMRG_55476	0.362
GRCh38_CMRG_24954	0.434
GRCh38_CMRG_49202	0.425
GRCh38_CMRG_51143	0.414
GRCh38_CMRG_41990	0.411
GRCh38_CMRG_27208	0.399
GRCh38_CMRG_65937	0.399
GRCh38_CMRG_54780	0.397
GRCh38_CMRG_38292	0.385
GRCh38_CMRG_17350	0.381
GRCh38_CMRG_28173	0.376
GRCh38_CMRG_77371	0.375
GRCh38_CMRG_62609	0.373
GRCh38_CMRG_73545	0.369
GRCh38_CMRG_50957	0.367
GRCh38_CMRG_72786	0.361
GRCh38_CMRG_36401	0.357
GRCh38_CMRG_46359	0.425
GRCh38_CMRG_33824	0.418
GRCh38_CMRG_59616	0.399
GRCh38_CMRG_42350	0.396
GRCh38_CMRG_27335	0.388
GRCh38_CMRG_48568	0.386
GRCh38_CMRG_69786	0.378
GRCh38_CMRG_72713	0.375
GRCh38_CMRG_27515	0.374
GRCh38_CMRG_23481	0.372
GRCh38_CMRG_12006	0.37
GRCh38_CMRG_68553	0.369
GRCh38_CMRG_26830	0.305
GRCh38_CMRG_72736	0.508
GRCh38_CMRG_33394	0.491
GRCh38_CMRG_50681	0.479
GRCh38_CMRG_65560	0.466
GRCh38_CMRG_33099	0.436
GRCh38_CMRG_23084	0.418
GRCh38_CMRG_55045	0.4
GRCh38_CMRG_68483	0.39
GRCh38_CMRG_30941	0.389
GRCh38_CMRG_41825	0.386
GRCh38_CMRG_32166	0.385
GRCh38_CMRG_58139	0.384
GRCh38_CMRG_2157	0.379
GRCh38_CMRG_41107	0.377
GRCh38_CMRG_77297	0.376
GRCh38_CMRG_11628	0.375
GRCh38_CMRG_24770	0.372
GRCh38_CMRG_49553	0.371
GRCh38_CMRG_74570	0.369
GRCh38_CMRG_34714	0.366
GRCh38_CMRG_26817	0.361
GRCh38_CMRG_84541	0.508
GRCh38_CMRG_84342	0.469
GRCh38_CMRG_23772	0.434
GRCh38_CMRG_52381	0.414
GRCh38_CMRG_21522	0.411
GRCh38_CMRG_9416	0.409
GRCh38_CMRG_9415	0.409
GRCh38_CMRG_73796	0.409
GRCh38_CMRG_10525	0.409
GRCh38_CMRG_67906	0.408
GRCh38_CMRG_18486	0.403
GRCh38_CMRG_62330	0.403
GRCh38_CMRG_34107	0.395
GRCh38_CMRG_81207	0.394
GRCh38_CMRG_1552	0.394
GRCh38_CMRG_7491	0.391
GRCh38_CMRG_53944	0.387
GRCh38_CMRG_43815	0.386
GRCh38_CMRG_63761	0.385
GRCh38_CMRG_124	0.381
GRCh38_CMRG_23034	0.375
GRCh38_CMRG_59214	0.375
GRCh38_CMRG_82042	0.374
GRCh38_CMRG_73422	0.373
GRCh38_CMRG_32849	0.369
GRCh38_CMRG_76965	0.361
GRCh38_CMRG_31550	0.437
GRCh38_CMRG_61657	0.427
GRCh38_CMRG_27930	0.412
GRCh38_CMRG_37928	0.408
GRCh38_CMRG_45653	0.404
GRCh38_CMRG_36493	0.401
GRCh38_CMRG_13211	0.4
GRCh38_CMRG_28458	0.398
GRCh38_CMRG_69834	0.395
GRCh38_CMRG_50205	0.394
GRCh38_CMRG_52297	0.394
GRCh38_CMRG_37146	0.393
GRCh38_CMRG_16496	0.393
GRCh38_CMRG_54474	0.388
GRCh38_CMRG_79085	0.387
GRCh38_CMRG_40705	0.383
GRCh38_CMRG_67499	0.382
GRCh38_CMRG_12378	0.382
GRCh38_CMRG_58644	0.381
GRCh38_CMRG_36134	0.381
GRCh38_CMRG_59547	0.38
GRCh38_CMRG_42390	0.38
GRCh38_CMRG_50625	0.38
GRCh38_CMRG_60894	0.378
GRCh38_CMRG_54060	0.376
GRCh38_CMRG_70942	0.375
GRCh38_CMRG_9713	0.374
GRCh38_CMRG_49669	0.372
GRCh38_CMRG_20908	0.36
GRCh38_CMRG_7590	0.523
GRCh38_CMRG_83736	0.517
GRCh38_CMRG_38685	0.485
GRCh38_CMRG_33145	0.464
GRCh38_CMRG_12395	0.437
GRCh38_CMRG_35981	0.408
GRCh38_CMRG_8042	0.398
GRCh38_CMRG_49469	0.392
GRCh38_CMRG_12360	0.391
GRCh38_CMRG_59286	0.389
GRCh38_CMRG_51110	0.386
GRCh38_CMRG_32182	0.384
GRCh38_CMRG_32181	0.384
GRCh38_CMRG_21735	0.382
GRCh38_CMRG_36565	0.38
GRCh38_CMRG_21736	0.379
GRCh38_CMRG_10573	0.372
GRCh38_CMRG_72723	0.346
GRCh38_CMRG_7716	0.557
GRCh38_CMRG_48739	0.497
GRCh38_CMRG_41574	0.447
GRCh38_CMRG_67628	0.445
GRCh38_CMRG_22775	0.425
GRCh38_CMRG_45374	0.41
GRCh38_CMRG_27089	0.398
GRCh38_CMRG_42578	0.397
GRCh38_CMRG_8425	0.397
GRCh38_CMRG_36301	0.391
GRCh38_CMRG_74782	0.391
GRCh38_CMRG_24670	0.39
GRCh38_CMRG_28326	0.386
GRCh38_CMRG_21782	0.385
GRCh38_CMRG_5533	0.384
GRCh38_CMRG_54079	0.379
GRCh38_CMRG_72714	0.378
GRCh38_CMRG_40742	0.377
GRCh38_CMRG_44685	0.375
GRCh38_CMRG_12467	0.369
GRCh38_CMRG_18833	0.368
GRCh38_CMRG_9283	0.353
GRCh38_CMRG_7652	0.346
GRCh38_CMRG_84465	0.502
GRCh38_CMRG_11174	0.44
GRCh38_CMRG_29180	0.429
GRCh38_CMRG_29705	0.412
GRCh38_CMRG_33932	0.411
GRCh38_CMRG_6112	0.402
GRCh38_CMRG_461	0.398
GRCh38_CMRG_17036	0.397
GRCh38_CMRG_82132	0.392
GRCh38_CMRG_67945	0.389
GRCh38_CMRG_66967	0.385
GRCh38_CMRG_45192	0.383
GRCh38_CMRG_25857	0.382
GRCh38_CMRG_31852	0.381
GRCh38_CMRG_60882	0.375
GRCh38_CMRG_68010	0.374
GRCh38_CMRG_50700	0.373
GRCh38_CMRG_1528	0.373
GRCh38_CMRG_7228	0.369
GRCh38_CMRG_24436	0.366
GRCh38_CMRG_54496	0.365
GRCh38_CMRG_13585	0.358
GRCh38_CMRG_52727	0.356
GRCh38_CMRG_33020	0.35
GRCh38_CMRG_79715	0.34
GRCh38_CMRG_77289	0.477
GRCh38_CMRG_32604	0.467
GRCh38_CMRG_7476	0.445
GRCh38_CMRG_1217	0.43
GRCh38_CMRG_72942	0.411
GRCh38_CMRG_49363	0.403
GRCh38_CMRG_49289	0.402
GRCh38_CMRG_7483	0.4
GRCh38_CMRG_77135	0.389
GRCh38_CMRG_66968	0.384
GRCh38_CMRG_11049	0.379
GRCh38_CMRG_50643	0.376
GRCh38_CMRG_75264	0.373
GRCh38_CMRG_63586	0.372
GRCh38_CMRG_27727	0.372
GRCh38_CMRG_7800	0.362
GRCh38_CMRG_79746	0.518
GRCh38_CMRG_372	0.433
GRCh38_CMRG_19044	0.406
GRCh38_CMRG_73305	0.393
GRCh38_CMRG_52708	0.393
GRCh38_CMRG_44126	0.39
GRCh38_CMRG_37533	0.384
GRCh38_CMRG_15305	0.383
GRCh38_CMRG_13626	0.369
GRCh38_CMRG_61048	0.356
GRCh38_CMRG_70771	0.337
GRCh38_CMRG_7317	0.482
GRCh38_CMRG_62215	0.462
GRCh38_CMRG_420	0.457
GRCh38_CMRG_70941	0.43
GRCh38_CMRG_71968	0.427
GRCh38_CMRG_49737	0.411
GRCh38_CMRG_79717	0.406
GRCh38_CMRG_74287	0.395
GRCh38_CMRG_8772	0.389
GRCh38_CMRG_49474	0.387
GRCh38_CMRG_69820	0.387
GRCh38_CMRG_6059	0.382
GRCh38_CMRG_40968	0.382
GRCh38_CMRG_64936	0.381
GRCh38_CMRG_2097	0.369
GRCh38_CMRG_8112	0.366
GRCh38_CMRG_81628	0.365
GRCh38_CMRG_17584	0.363
GRCh38_CMRG_60305	0.476
GRCh38_CMRG_7629	0.423
GRCh38_CMRG_45992	0.419
GRCh38_CMRG_21206	0.417
GRCh38_CMRG_82087	0.398
GRCh38_CMRG_41623	0.393
GRCh38_CMRG_36744	0.387
GRCh38_CMRG_14252	0.382
GRCh38_CMRG_10555	0.374
GRCh38_CMRG_566	0.369
GRCh38_CMRG_40169	0.362
GRCh38_CMRG_52786	0.36
GRCh38_CMRG_67659	0.36
GRCh38_CMRG_60491	0.358
GRCh38_CMRG_28448	0.356
GRCh38_CMRG_73078	0.51
GRCh38_CMRG_51538	0.476
GRCh38_CMRG_83851	0.47
GRCh38_CMRG_37229	0.451
GRCh38_CMRG_38465	0.406
GRCh38_CMRG_33794	0.405
GRCh38_CMRG_81454	0.405
GRCh38_CMRG_52051	0.401
GRCh38_CMRG_7750	0.399
GRCh38_CMRG_15139	0.387
GRCh38_CMRG_32115	0.384
GRCh38_CMRG_2557	0.381
GRCh38_CMRG_14051	0.38
GRCh38_CMRG_76978	0.379
GRCh38_CMRG_24303	0.365
GRCh38_CMRG_70439	0.363
GRCh38_CMRG_26243	0.363
GRCh38_CMRG_40776	0.361
GRCh38_CMRG_9078	0.359
GRCh38_CMRG_58301	0.354
GRCh38_CMRG_62585	0.341
GRCh38_CMRG_44727	0.34
GRCh38_CMRG_7248	0.333
GRCh38_CMRG_74344	0.293
GRCh38_CMRG_80840	0.474
GRCh38_CMRG_52714	0.432
GRCh38_CMRG_18136	0.398
GRCh38_CMRG_44563	0.393
GRCh38_CMRG_72500	0.392
GRCh38_CMRG_6889	0.389
GRCh38_CMRG_53867	0.388
GRCh38_CMRG_15141	0.387
GRCh38_CMRG_22174	0.387
GRCh38_CMRG_18049	0.386
GRCh38_CMRG_48981	0.385
GRCh38_CMRG_17564	0.38
GRCh38_CMRG_19898	0.373
GRCh38_CMRG_37884	0.37
GRCh38_CMRG_31856	0.369
GRCh38_CMRG_24802	0.368
GRCh38_CMRG_37045	0.364
GRCh38_CMRG_36859	0.363
GRCh38_CMRG_18832	0.361
GRCh38_CMRG_24388	0.36
GRCh38_CMRG_70200	0.358
GRCh38_CMRG_23504	0.354
GRCh38_CMRG_38288	0.337
GRCh38_CMRG_83582	0.491
GRCh38_CMRG_23253	0.47
GRCh38_CMRG_58537	0.419
GRCh38_CMRG_70597	0.409
GRCh38_CMRG_82030	0.408
GRCh38_CMRG_19156	0.39
GRCh38_CMRG_2234	0.387
GRCh38_CMRG_67415	0.382
GRCh38_CMRG_22048	0.379
GRCh38_CMRG_60954	0.375
GRCh38_CMRG_44777	0.368
GRCh38_CMRG_6147	0.365
GRCh38_CMRG_6856	0.365
GRCh38_CMRG_54040	0.363
GRCh38_CMRG_24727	0.357
GRCh38_CMRG_6990	0.348
GRCh38_CMRG_28482	0.537
GRCh38_CMRG_63210	0.415
GRCh38_CMRG_77165	0.398
GRCh38_CMRG_17531	0.387
GRCh38_CMRG_10988	0.382
GRCh38_CMRG_74623	0.381
GRCh38_CMRG_25931	0.377
GRCh38_CMRG_37446	0.375
GRCh38_CMRG_69886	0.374
GRCh38_CMRG_439	0.373
GRCh38_CMRG_36217	0.367
GRCh38_CMRG_13290	0.359
GRCh38_CMRG_41136	0.359
GRCh38_CMRG_9167	0.358
GRCh38_CMRG_68148	0.358
GRCh38_CMRG_16564	0.357
GRCh38_CMRG_81279	0.354
GRCh38_CMRG_38775	0.353
GRCh38_CMRG_2856	0.348
GRCh38_CMRG_7433	0.346
GRCh38_CMRG_84581	0.29
GRCh38_CMRG_22341	0.29
GRCh38_CMRG_52603	0.49
GRCh38_CMRG_84522	0.47
GRCh38_CMRG_71461	0.438
GRCh38_CMRG_26807	0.414
GRCh38_CMRG_7880	0.4
GRCh38_CMRG_36783	0.39
GRCh38_CMRG_49178	0.388
GRCh38_CMRG_9716	0.383
GRCh38_CMRG_81	0.379
GRCh38_CMRG_71006	0.374
GRCh38_CMRG_74093	0.366
GRCh38_CMRG_46039	0.364
GRCh38_CMRG_18154	0.363
GRCh38_CMRG_34196	0.363
GRCh38_CMRG_21714	0.361
GRCh38_CMRG_28558	0.359
GRCh38_CMRG_45171	0.359
GRCh38_CMRG_53667	0.356
GRCh38_CMRG_69323	0.355
GRCh38_CMRG_64043	0.355
GRCh38_CMRG_32821	0.352
GRCh38_CMRG_76590	0.35
GRCh38_CMRG_77484	0.348
GRCh38_CMRG_37948	0.319
GRCh38_CMRG_54998	0.445
GRCh38_CMRG_31216	0.405
GRCh38_CMRG_1353	0.395
GRCh38_CMRG_37514	0.38
GRCh38_CMRG_62138	0.377
GRCh38_CMRG_1805	0.376
GRCh38_CMRG_72078	0.368
GRCh38_CMRG_26288	0.36
GRCh38_CMRG_72620	0.36
GRCh38_CMRG_58120	0.359
GRCh38_CMRG_11026	0.359
GRCh38_CMRG_61696	0.359
GRCh38_CMRG_24375	0.358
GRCh38_CMRG_35881	0.357
GRCh38_CMRG_15085	0.356
GRCh38_CMRG_72220	0.353
GRCh38_CMRG_14357	0.352
GRCh38_CMRG_809	0.351
GRCh38_CMRG_62268	0.346
GRCh38_CMRG_39995	0.344
GRCh38_CMRG_32118	0.339
GRCh38_CMRG_20010	0.492
GRCh38_CMRG_25396	0.469
GRCh38_CMRG_820	0.408
GRCh38_CMRG_29259	0.405
GRCh38_CMRG_72644	0.4
GRCh38_CMRG_38917	0.391
GRCh38_CMRG_26669	0.383
GRCh38_CMRG_58810	0.372
GRCh38_CMRG_53614	0.366
GRCh38_CMRG_17937	0.363
GRCh38_CMRG_34108	0.363
GRCh38_CMRG_13154	0.363
GRCh38_CMRG_37626	0.361
GRCh38_CMRG_53985	0.361
GRCh38_CMRG_52985	0.352
GRCh38_CMRG_81191	0.348
GRCh38_CMRG_26621	0.341
GRCh38_CMRG_79879	0.341
GRCh38_CMRG_84140	0.495
GRCh38_CMRG_59510	0.436
GRCh38_CMRG_44330	0.432
GRCh38_CMRG_38995	0.419
GRCh38_CMRG_36160	0.414
GRCh38_CMRG_70632	0.384
GRCh38_CMRG_61799	0.381
GRCh38_CMRG_82096	0.377
GRCh38_CMRG_67834	0.372
GRCh38_CMRG_12277	0.372
GRCh38_CMRG_44227	0.371
GRCh38_CMRG_46008	0.364
GRCh38_CMRG_68135	0.364
GRCh38_CMRG_33433	0.36
GRCh38_CMRG_45728	0.358
GRCh38_CMRG_39913	0.357
GRCh38_CMRG_39182	0.348
GRCh38_CMRG_16948	0.348
GRCh38_CMRG_36219	0.346
GRCh38_CMRG_11891	0.345
GRCh38_CMRG_8581	0.344
GRCh38_CMRG_41302	0.4
GRCh38_CMRG_60420	0.395
GRCh38_CMRG_72352	0.383
GRCh38_CMRG_68356	0.369
GRCh38_CMRG_17709	0.364
GRCh38_CMRG_28750	0.363
GRCh38_CMRG_9615	0.361
GRCh38_CMRG_38761	0.356
GRCh38_CMRG_44810	0.354
GRCh38_CMRG_28101	0.347
GRCh38_CMRG_13518	0.346
GRCh38_CMRG_28988	0.401
GRCh38_CMRG_58610	0.387
GRCh38_CMRG_60348	0.371
GRCh38_CMRG_58563	0.369
GRCh38_CMRG_2222	0.366
GRCh38_CMRG_41040	0.364
GRCh38_CMRG_58522	0.363
GRCh38_CMRG_72594	0.36
GRCh38_CMRG_36149	0.354
GRCh38_CMRG_81351	0.351
GRCh38_CMRG_30649	0.35
GRCh38_CMRG_23507	0.35
GRCh38_CMRG_81422	0.346
GRCh38_CMRG_36326	0.34
GRCh38_CMRG_30717	0.339
GRCh38_CMRG_9364	0.338
GRCh38_CMRG_13213	0.334
GRCh38_CMRG_8075	0.333
GRCh38_CMRG_65128	0.48
GRCh38_CMRG_58815	0.378
GRCh38_CMRG_37893	0.377
GRCh38_CMRG_52605	0.376
GRCh38_CMRG_37434	0.373
GRCh38_CMRG_68738	0.366
GRCh38_CMRG_74436	0.363
GRCh38_CMRG_31533	0.358
GRCh38_CMRG_13399	0.358
GRCh38_CMRG_33235	0.356
GRCh38_CMRG_55446	0.355
GRCh38_CMRG_72459	0.354
GRCh38_CMRG_2107	0.354
GRCh38_CMRG_19987	0.353
GRCh38_CMRG_69400	0.352
GRCh38_CMRG_41987	0.349
GRCh38_CMRG_11340	0.348
GRCh38_CMRG_33643	0.342
GRCh38_CMRG_71733	0.342
GRCh38_CMRG_39373	0.342
GRCh38_CMRG_1596	0.56
GRCh38_CMRG_19123	0.443
GRCh38_CMRG_31759	0.419
GRCh38_CMRG_17167	0.396
GRCh38_CMRG_55489	0.393
GRCh38_CMRG_30859	0.392
GRCh38_CMRG_22892	0.385
GRCh38_CMRG_7688	0.375
GRCh38_CMRG_46182	0.369
GRCh38_CMRG_71433	0.368
GRCh38_CMRG_59101	0.367
GRCh38_CMRG_45570	0.361
GRCh38_CMRG_1537	0.353
GRCh38_CMRG_36014	0.351
GRCh38_CMRG_6846	0.349
GRCh38_CMRG_47980	0.348
GRCh38_CMRG_13224	0.346
GRCh38_CMRG_49050	0.335
GRCh38_CMRG_148	0.495
GRCh38_CMRG_81798	0.482
GRCh38_CMRG_83199	0.45
GRCh38_CMRG_25269	0.417
GRCh38_CMRG_64285	0.413
GRCh38_CMRG_70743	0.392
GRCh38_CMRG_37909	0.387
GRCh38_CMRG_43935	0.384
GRCh38_CMRG_22547	0.378
GRCh38_CMRG_28396	0.373
GRCh38_CMRG_52715	0.365
GRCh38_CMRG_27795	0.357
GRCh38_CMRG_55585	0.356
GRCh38_CMRG_74457	0.352
GRCh38_CMRG_634	0.352
GRCh38_CMRG_40450	0.352
GRCh38_CMRG_51331	0.35
GRCh38_CMRG_32083	0.341
GRCh38_CMRG_37908	0.34
GRCh38_CMRG_21894	0.336
GRCh38_CMRG_80801	0.319
GRCh38_CMRG_16934	0.439
GRCh38_CMRG_9543	0.403
GRCh38_CMRG_71781	0.392
GRCh38_CMRG_59370	0.387
GRCh38_CMRG_19920	0.38
GRCh38_CMRG_46383	0.378
GRCh38_CMRG_44555	0.374
GRCh38_CMRG_7269	0.374
GRCh38_CMRG_7556	0.374
GRCh38_CMRG_69496	0.373
GRCh38_CMRG_70915	0.36
GRCh38_CMRG_60096	0.351
GRCh38_CMRG_39168	0.351
GRCh38_CMRG_53229	0.35
GRCh38_CMRG_68253	0.341
GRCh38_CMRG_19479	0.336
GRCh38_CMRG_44369	0.333
GRCh38_CMRG_66387	0.529
GRCh38_CMRG_37432	0.49
GRCh38_CMRG_83905	0.459
GRCh38_CMRG_33452	0.448
GRCh38_CMRG_82935	0.42
GRCh38_CMRG_58267	0.388
GRCh38_CMRG_21874	0.375
GRCh38_CMRG_62248	0.371
GRCh38_CMRG_8304	0.359
GRCh38_CMRG_38484	0.353
GRCh38_CMRG_52937	0.353
GRCh38_CMRG_11187	0.351
GRCh38_CMRG_22913	0.35
GRCh38_CMRG_60174	0.348
GRCh38_CMRG_31963	0.347
GRCh38_CMRG_23342	0.346
GRCh38_CMRG_13245	0.346
GRCh38_CMRG_69478	0.334
GRCh38_CMRG_41506	0.333
GRCh38_CMRG_28073	0.309
GRCh38_CMRG_7130	0.513
GRCh38_CMRG_84435	0.46
GRCh38_CMRG_49036	0.42
GRCh38_CMRG_6008	0.409
GRCh38_CMRG_37627	0.397
GRCh38_CMRG_81409	0.386
GRCh38_CMRG_69550	0.363
GRCh38_CMRG_19948	0.359
GRCh38_CMRG_24329	0.358
GRCh38_CMRG_81639	0.355
GRCh38_CMRG_7274	0.343
GRCh38_CMRG_77069	0.339
GRCh38_CMRG_59963	0.337
GRCh38_CMRG_19064	0.331
GRCh38_CMRG_1937	0.308
GRCh38_CMRG_6063	0.392
GRCh38_CMRG_21363	0.378
GRCh38_CMRG_36268	0.374
GRCh38_CMRG_59894	0.372
GRCh38_CMRG_41899	0.371
GRCh38_CMRG_8429	0.36
GRCh38_CMRG_53865	0.359
GRCh38_CMRG_24464	0.358
GRCh38_CMRG_43804	0.341
GRCh38_CMRG_11042	0.341
GRCh38_CMRG_63975	0.34
GRCh38_CMRG_61936	0.34
GRCh38_CMRG_48803	0.338
GRCh38_CMRG_71412	0.33
GRCh38_CMRG_55136	0.328
GRCh38_CMRG_79822	0.444
GRCh38_CMRG_15029	0.392
GRCh38_CMRG_27527	0.391
GRCh38_CMRG_70028	0.376
GRCh38_CMRG_36307	0.361
GRCh38_CMRG_52252	0.349
GRCh38_CMRG_11188	0.348
GRCh38_CMRG_45742	0.342
GRCh38_CMRG_1480	0.338
GRCh38_CMRG_55012	0.33
GRCh38_CMRG_60135	0.329
GRCh38_CMRG_1357	0.313
GRCh38_CMRG_28185	0.304
GRCh38_CMRG_83827	0.424
GRCh38_CMRG_53785	0.396
GRCh38_CMRG_18478	0.392
GRCh38_CMRG_19101	0.366
GRCh38_CMRG_28254	0.366
GRCh38_CMRG_31457	0.354
GRCh38_CMRG_29590	0.354
GRCh38_CMRG_49754	0.347
GRCh38_CMRG_50630	0.345
GRCh38_CMRG_38754	0.342
GRCh38_CMRG_45932	0.338
GRCh38_CMRG_40011	0.336
GRCh38_CMRG_21617	0.334
GRCh38_CMRG_38629	0.332
GRCh38_CMRG_64098	0.467
GRCh38_CMRG_52873	0.397
GRCh38_CMRG_28204	0.391
GRCh38_CMRG_2794	0.384
GRCh38_CMRG_75017	0.379
GRCh38_CMRG_45973	0.377
GRCh38_CMRG_35922	0.36
GRCh38_CMRG_79654	0.35
GRCh38_CMRG_17970	0.343
GRCh38_CMRG_60856	0.336
GRCh38_CMRG_28498	0.336
GRCh38_CMRG_19068	0.333
GRCh38_CMRG_38123	0.323
GRCh38_CMRG_69422	0.407
GRCh38_CMRG_7256	0.351
GRCh38_CMRG_41120	0.351
GRCh38_CMRG_46224	0.348
GRCh38_CMRG_11655	0.345
GRCh38_CMRG_61076	0.342
GRCh38_CMRG_48745	0.34
GRCh38_CMRG_38630	0.339
GRCh38_CMRG_72783	0.338
GRCh38_CMRG_70194	0.337
GRCh38_CMRG_64553	0.336
GRCh38_CMRG_69993	0.336
GRCh38_CMRG_9565	0.335
GRCh38_CMRG_71866	0.334
GRCh38_CMRG_79661	0.333
GRCh38_CMRG_72490	0.329
GRCh38_CMRG_68375	0.487
GRCh38_CMRG_22907	0.439
GRCh38_CMRG_83725	0.386
GRCh38_CMRG_24023	0.366
GRCh38_CMRG_55	0.365
GRCh38_CMRG_39693	0.365
GRCh38_CMRG_39193	0.363
GRCh38_CMRG_33726	0.359
GRCh38_CMRG_12311	0.356
GRCh38_CMRG_26452	0.356
GRCh38_CMRG_27444	0.349
GRCh38_CMRG_49338	0.348
GRCh38_CMRG_59048	0.348
GRCh38_CMRG_1792	0.348
GRCh38_CMRG_69057	0.342
GRCh38_CMRG_19517	0.342
GRCh38_CMRG_52992	0.341
GRCh38_CMRG_29349	0.34
GRCh38_CMRG_46206	0.339
GRCh38_CMRG_60323	0.339
GRCh38_CMRG_68038	0.338
GRCh38_CMRG_43608	0.33
GRCh38_CMRG_74683	0.33
GRCh38_CMRG_22042	0.328
GRCh38_CMRG_6244	0.328
GRCh38_CMRG_13780	0.453
GRCh38_CMRG_24173	0.396
GRCh38_CMRG_65197	0.394
GRCh38_CMRG_78860	0.358
GRCh38_CMRG_75705	0.356
GRCh38_CMRG_8959	0.35
GRCh38_CMRG_6447	0.349
GRCh38_CMRG_21463	0.346
GRCh38_CMRG_44187	0.341
GRCh38_CMRG_60456	0.34
GRCh38_CMRG_16911	0.339
GRCh38_CMRG_15044	0.339
GRCh38_CMRG_30815	0.332
GRCh38_CMRG_48816	0.327
GRCh38_CMRG_38371	0.322
GRCh38_CMRG_54857	0.322
GRCh38_CMRG_7792	0.429
GRCh38_CMRG_8187	0.374
GRCh38_CMRG_48999	0.366
GRCh38_CMRG_61628	0.361
GRCh38_CMRG_65219	0.358
GRCh38_CMRG_6517	0.357
GRCh38_CMRG_67513	0.341
GRCh38_CMRG_70668	0.341
GRCh38_CMRG_16614	0.34
GRCh38_CMRG_25162	0.337
GRCh38_CMRG_62503	0.328
GRCh38_CMRG_18574	0.327
GRCh38_CMRG_71591	0.325
GRCh38_CMRG_58277	0.325
GRCh38_CMRG_39450	0.317
GRCh38_CMRG_80689	0.312
GRCh38_CMRG_49021	0.436
GRCh38_CMRG_70732	0.428
GRCh38_CMRG_74805	0.416
GRCh38_CMRG_41615	0.367
GRCh38_CMRG_52022	0.364
GRCh38_CMRG_19590	0.361
GRCh38_CMRG_26811	0.358
GRCh38_CMRG_73812	0.346
GRCh38_CMRG_11457	0.336
GRCh38_CMRG_28696	0.334
GRCh38_CMRG_16527	0.331
GRCh38_CMRG_26585	0.331
GRCh38_CMRG_74299	0.329
GRCh38_CMRG_30605	0.324
GRCh38_CMRG_73725	0.32
GRCh38_CMRG_9223	0.314
GRCh38_CMRG_55049	0.444
GRCh38_CMRG_44657	0.433
GRCh38_CMRG_13225	0.401
GRCh38_CMRG_42531	0.373
GRCh38_CMRG_71060	0.37
GRCh38_CMRG_37491	0.364
GRCh38_CMRG_30939	0.359
GRCh38_CMRG_27199	0.357
GRCh38_CMRG_17009	0.357
GRCh38_CMRG_33441	0.338
GRCh38_CMRG_11070	0.334
GRCh38_CMRG_19326	0.332
GRCh38_CMRG_50181	0.332
GRCh38_CMRG_41557	0.331
GRCh38_CMRG_38569	0.33
GRCh38_CMRG_2578	0.329
GRCh38_CMRG_75132	0.327
GRCh38_CMRG_54124	0.323
GRCh38_CMRG_64249	0.32
GRCh38_CMRG_51172	0.314
GRCh38_CMRG_81796	0.302
GRCh38_CMRG_17836	0.435
GRCh38_CMRG_28237	0.431
GRCh38_CMRG_18822	0.386
GRCh38_CMRG_13462	0.374
GRCh38_CMRG_81879	0.369
GRCh38_CMRG_22703	0.364
GRCh38_CMRG_31888	0.349
GRCh38_CMRG_51044	0.348
GRCh38_CMRG_77400	0.348
GRCh38_CMRG_38264	0.347
GRCh38_CMRG_6630	0.343
GRCh38_CMRG_46086	0.338
GRCh38_CMRG_13036	0.336
GRCh38_CMRG_13337	0.336
GRCh38_CMRG_11456	0.332
GRCh38_CMRG_26408	0.328
GRCh38_CMRG_75188	0.325
GRCh38_CMRG_9142	0.325
GRCh38_CMRG_58514	0.321
GRCh38_CMRG_59977	0.318
GRCh38_CMRG_29019	0.316
GRCh38_CMRG_28386	0.305
GRCh38_CMRG_69896	0.296
GRCh38_CMRG_33342	0.275
GRCh38_CMRG_22125	0.391
GRCh38_CMRG_19895	0.36
GRCh38_CMRG_38746	0.355
GRCh38_CMRG_23400	0.347
GRCh38_CMRG_72460	0.343
GRCh38_CMRG_65638	0.336
GRCh38_CMRG_41249	0.335
GRCh38_CMRG_24342	0.334
GRCh38_CMRG_13030	0.333
GRCh38_CMRG_21468	0.333
GRCh38_CMRG_77656	0.329
GRCh38_CMRG_61457	0.327
GRCh38_CMRG_75304	0.325
GRCh38_CMRG_55801	0.322
GRCh38_CMRG_70662	0.321
GRCh38_CMRG_54046	0.321
GRCh38_CMRG_50238	0.32
GRCh38_CMRG_79787	0.299
GRCh38_CMRG_79928	0.408
GRCh38_CMRG_79818	0.388
GRCh38_CMRG_45551	0.378
GRCh38_CMRG_64698	0.372
GRCh38_CMRG_55241	0.371
GRCh38_CMRG_19365	0.367
GRCh38_CMRG_8627	0.367
GRCh38_CMRG_55007	0.357
GRCh38_CMRG_60368	0.353
GRCh38_CMRG_62527	0.348
GRCh38_CMRG_69963	0.343
GRCh38_CMRG_24003	0.337
GRCh38_CMRG_25007	0.336
GRCh38_CMRG_45753	0.336
GRCh38_CMRG_53313	0.336
GRCh38_CMRG_64697	0.335
GRCh38_CMRG_80022	0.325
GRCh38_CMRG_50327	0.324
GRCh38_CMRG_65530	0.323
GRCh38_CMRG_47274	0.317
GRCh38_CMRG_23877	0.316
GRCh38_CMRG_19368	0.314
GRCh38_CMRG_18827	0.309
GRCh38_CMRG_83779	0.411
GRCh38_CMRG_71108	0.409
GRCh38_CMRG_52300	0.361
GRCh38_CMRG_49470	0.359
GRCh38_CMRG_32159	0.342
GRCh38_CMRG_26852	0.341
GRCh38_CMRG_14518	0.339
GRCh38_CMRG_75628	0.338
GRCh38_CMRG_61476	0.337
GRCh38_CMRG_47934	0.334
GRCh38_CMRG_19049	0.33
GRCh38_CMRG_50210	0.329
GRCh38_CMRG_72120	0.324
GRCh38_CMRG_46327	0.318
GRCh38_CMRG_9696	0.308
GRCh38_CMRG_60438	0.299
GRCh38_CMRG_13917	0.289
GRCh38_CMRG_28269	0.46
GRCh38_CMRG_83892	0.414
GRCh38_CMRG_27002	0.375
GRCh38_CMRG_62626	0.357
GRCh38_CMRG_44494	0.343
GRCh38_CMRG_55490	0.343
GRCh38_CMRG_18773	0.331
GRCh38_CMRG_70750	0.33
GRCh38_CMRG_34584	0.325
GRCh38_CMRG_40381	0.322
GRCh38_CMRG_40794	0.321
GRCh38_CMRG_48969	0.319
GRCh38_CMRG_37356	0.317
GRCh38_CMRG_24123	0.313
GRCh38_CMRG_31223	0.312
GRCh38_CMRG_12584	0.302
GRCh38_CMRG_78884	0.301
GRCh38_CMRG_51656	0.515
GRCh38_CMRG_41431	0.451
GRCh38_CMRG_52553	0.41
GRCh38_CMRG_40655	0.389
GRCh38_CMRG_21532	0.374
GRCh38_CMRG_78946	0.354
GRCh38_CMRG_27464	0.333
GRCh38_CMRG_63379	0.331
GRCh38_CMRG_72832	0.33
GRCh38_CMRG_48420	0.327
GRCh38_CMRG_73761	0.326
GRCh38_CMRG_33052	0.326
GRCh38_CMRG_30927	0.323
GRCh38_CMRG_68996	0.323
GRCh38_CMRG_53284	0.321
GRCh38_CMRG_24363	0.321
GRCh38_CMRG_7757	0.32
GRCh38_CMRG_8035	0.316
GRCh38_CMRG_71905	0.314
GRCh38_CMRG_83642	0.407
GRCh38_CMRG_49066	0.354
GRCh38_CMRG_72940	0.343
GRCh38_CMRG_11019	0.336
GRCh38_CMRG_2509	0.334
GRCh38_CMRG_42068	0.331
GRCh38_CMRG_33141	0.327
GRCh38_CMRG_46009	0.326
GRCh38_CMRG_68079	0.324
GRCh38_CMRG_24374	0.321
GRCh38_CMRG_13653	0.321
GRCh38_CMRG_11394	0.32
GRCh38_CMRG_2055	0.319
GRCh38_CMRG_13616	0.318
GRCh38_CMRG_22314	0.316
GRCh38_CMRG_52928	0.31
GRCh38_CMRG_36653	0.307
GRCh38_CMRG_13966	0.281
GRCh38_CMRG_71851	0.471
GRCh38_CMRG_83620	0.434
GRCh38_CMRG_53164	0.355
GRCh38_CMRG_23907	0.345
GRCh38_CMRG_62600	0.345
GRCh38_CMRG_55113	0.344
GRCh38_CMRG_54194	0.339
GRCh38_CMRG_32158	0.331
GRCh38_CMRG_2743	0.323
GRCh38_CMRG_62002	0.319
GRCh38_CMRG_47548	0.318
GRCh38_CMRG_30896	0.317
GRCh38_CMRG_26928	0.313
GRCh38_CMRG_65145	0.313
GRCh38_CMRG_40632	0.311
GRCh38_CMRG_52929	0.308
GRCh38_CMRG_34585	0.442
GRCh38_CMRG_79741	0.382
GRCh38_CMRG_33403	0.379
GRCh38_CMRG_54923	0.356
GRCh38_CMRG_22554	0.353
GRCh38_CMRG_23664	0.339
GRCh38_CMRG_7543	0.336
GRCh38_CMRG_47837	0.333
GRCh38_CMRG_79680	0.332
GRCh38_CMRG_51588	0.33
GRCh38_CMRG_2712	0.329
GRCh38_CMRG_65659	0.321
GRCh38_CMRG_81989	0.318
GRCh38_CMRG_44527	0.316
GRCh38_CMRG_6931	0.313
GRCh38_CMRG_1178	0.311
GRCh38_CMRG_19646	0.308
GRCh38_CMRG_14559	0.286
GRCh38_CMRG_68078	0.36
GRCh38_CMRG_34759	0.346
GRCh38_CMRG_32588	0.345
GRCh38_CMRG_77343	0.339
GRCh38_CMRG_21594	0.327
GRCh38_CMRG_75648	0.327
GRCh38_CMRG_45622	0.325
GRCh38_CMRG_52706	0.324
GRCh38_CMRG_81698	0.322
GRCh38_CMRG_53543	0.32
GRCh38_CMRG_64400	0.319
GRCh38_CMRG_34244	0.317
GRCh38_CMRG_1039	0.314
GRCh38_CMRG_44738	0.313
GRCh38_CMRG_61905	0.313
GRCh38_CMRG_69909	0.313
GRCh38_CMRG_11619	0.312
GRCh38_CMRG_15068	0.308
GRCh38_CMRG_28039	0.306
GRCh38_CMRG_38345	0.303
GRCh38_CMRG_55187	0.303
GRCh38_CMRG_44256	0.3
GRCh38_CMRG_77296	0.355
GRCh38_CMRG_33355	0.339
GRCh38_CMRG_74939	0.337
GRCh38_CMRG_65766	0.334
GRCh38_CMRG_61226	0.331
GRCh38_CMRG_35788	0.327
GRCh38_CMRG_73402	0.326
GRCh38_CMRG_45706	0.326
GRCh38_CMRG_63723	0.324
GRCh38_CMRG_27743	0.324
GRCh38_CMRG_40946	0.322
GRCh38_CMRG_71435	0.305
GRCh38_CMRG_77431	0.302
GRCh38_CMRG_50670	0.268
GRCh38_CMRG_83283	0.385
GRCh38_CMRG_79903	0.353
GRCh38_CMRG_14350	0.34
GRCh38_CMRG_7359	0.336
GRCh38_CMRG_65285	0.333
GRCh38_CMRG_42414	0.333
GRCh38_CMRG_21823	0.332
GRCh38_CMRG_42378	0.332
GRCh38_CMRG_31670	0.316
GRCh38_CMRG_71396	0.308
GRCh38_CMRG_71126	0.308
GRCh38_CMRG_52524	0.301
GRCh38_CMRG_70644	0.297
GRCh38_CMRG_83281	0.384
GRCh38_CMRG_75150	0.363
GRCh38_CMRG_6290	0.339
GRCh38_CMRG_75349	0.332
GRCh38_CMRG_50213	0.331
GRCh38_CMRG_31058	0.323
GRCh38_CMRG_60124	0.32
GRCh38_CMRG_10719	0.319
GRCh38_CMRG_75142	0.314
GRCh38_CMRG_50851	0.314
GRCh38_CMRG_49083	0.313
GRCh38_CMRG_37349	0.312
GRCh38_CMRG_8587	0.311
GRCh38_CMRG_1159	0.31
GRCh38_CMRG_41953	0.31
GRCh38_CMRG_7361	0.307
GRCh38_CMRG_74420	0.305
GRCh38_CMRG_14788	0.301
GRCh38_CMRG_48133	0.297
GRCh38_CMRG_68173	0.296
GRCh38_CMRG_83637	0.423
GRCh38_CMRG_11651	0.341
GRCh38_CMRG_59583	0.329
GRCh38_CMRG_1454	0.327
GRCh38_CMRG_62098	0.325
GRCh38_CMRG_47618	0.317
GRCh38_CMRG_68336	0.316
GRCh38_CMRG_13541	0.315
GRCh38_CMRG_50863	0.311
GRCh38_CMRG_81605	0.307
GRCh38_CMRG_28565	0.305
GRCh38_CMRG_47319	0.305
GRCh38_CMRG_62339	0.305
GRCh38_CMRG_23079	0.302
GRCh38_CMRG_39859	0.301
GRCh38_CMRG_29294	0.298
GRCh38_CMRG_8530	0.38
GRCh38_CMRG_25147	0.342
GRCh38_CMRG_72270	0.335
GRCh38_CMRG_37117	0.332
GRCh38_CMRG_46357	0.323
GRCh38_CMRG_78961	0.321
GRCh38_CMRG_13610	0.319
GRCh38_CMRG_44239	0.319
GRCh38_CMRG_38416	0.314
GRCh38_CMRG_82057	0.312
GRCh38_CMRG_71356	0.312
GRCh38_CMRG_34482	0.311
GRCh38_CMRG_20881	0.308
GRCh38_CMRG_35777	0.306
GRCh38_CMRG_40401	0.306
GRCh38_CMRG_67664	0.305
GRCh38_CMRG_29496	0.305
GRCh38_CMRG_13908	0.303
GRCh38_CMRG_39946	0.301
GRCh38_CMRG_77545	0.296
GRCh38_CMRG_48619	0.287
GRCh38_CMRG_33406	0.391
GRCh38_CMRG_79925	0.39
GRCh38_CMRG_13501	0.372
GRCh38_CMRG_8495	0.371
GRCh38_CMRG_48787	0.327
GRCh38_CMRG_46539	0.324
GRCh38_CMRG_32356	0.323
GRCh38_CMRG_81417	0.319
GRCh38_CMRG_60188	0.312
GRCh38_CMRG_36338	0.312
GRCh38_CMRG_59118	0.303
GRCh38_CMRG_27981	0.302
GRCh38_CMRG_70534	0.301
GRCh38_CMRG_44843	0.3
GRCh38_CMRG_30855	0.293
GRCh38_CMRG_16924	0.454
GRCh38_CMRG_13561	0.361
GRCh38_CMRG_52597	0.354
GRCh38_CMRG_81978	0.349
GRCh38_CMRG_68171	0.347
GRCh38_CMRG_18818	0.345
GRCh38_CMRG_78960	0.327
GRCh38_CMRG_24876	0.322
GRCh38_CMRG_59231	0.321
GRCh38_CMRG_448	0.319
GRCh38_CMRG_78861	0.317
GRCh38_CMRG_37791	0.316
GRCh38_CMRG_18730	0.307
GRCh38_CMRG_10666	0.296
GRCh38_CMRG_36577	0.296
GRCh38_CMRG_16519	0.295
GRCh38_CMRG_53972	0.293
GRCh38_CMRG_80827	0.34
GRCh38_CMRG_23289	0.323
GRCh38_CMRG_22158	0.318
GRCh38_CMRG_68054	0.316
GRCh38_CMRG_6498	0.312
GRCh38_CMRG_68994	0.309
GRCh38_CMRG_32662	0.307
GRCh38_CMRG_27109	0.306
GRCh38_CMRG_66073	0.305
GRCh38_CMRG_61377	0.302
GRCh38_CMRG_40049	0.301
GRCh38_CMRG_1973	0.3
GRCh38_CMRG_54864	0.299
GRCh38_CMRG_22160	0.296
GRCh38_CMRG_22163	0.295
GRCh38_CMRG_25341	0.293
GRCh38_CMRG_24280	0.292
GRCh38_CMRG_60649	0.288
GRCh38_CMRG_69562	0.498
GRCh38_CMRG_68610	0.446
GRCh38_CMRG_2367	0.441
GRCh38_CMRG_76671	0.345
GRCh38_CMRG_62601	0.344
GRCh38_CMRG_8452	0.342
GRCh38_CMRG_47806	0.339
GRCh38_CMRG_39397	0.324
GRCh38_CMRG_33636	0.323
GRCh38_CMRG_24745	0.317
GRCh38_CMRG_74770	0.315
GRCh38_CMRG_81958	0.31
GRCh38_CMRG_75262	0.31
GRCh38_CMRG_55501	0.308
GRCh38_CMRG_64815	0.306
GRCh38_CMRG_63827	0.304
GRCh38_CMRG_27422	0.302
GRCh38_CMRG_24552	0.3
GRCh38_CMRG_46000	0.3
GRCh38_CMRG_32738	0.3
GRCh38_CMRG_15334	0.3
GRCh38_CMRG_40482	0.298
GRCh38_CMRG_22162	0.295
GRCh38_CMRG_48755	0.294
GRCh38_CMRG_10522	0.291
GRCh38_CMRG_19717	0.288
GRCh38_CMRG_84440	0.423
GRCh38_CMRG_70497	0.403
GRCh38_CMRG_67962	0.39
GRCh38_CMRG_69878	0.347
GRCh38_CMRG_55189	0.331
GRCh38_CMRG_24056	0.326
GRCh38_CMRG_74490	0.324
GRCh38_CMRG_36420	0.322
GRCh38_CMRG_12102	0.321
GRCh38_CMRG_40825	0.32
GRCh38_CMRG_77561	0.312
GRCh38_CMRG_19130	0.309
GRCh38_CMRG_44113	0.297
GRCh38_CMRG_12486	0.291
GRCh38_CMRG_21198	0.286
GRCh38_CMRG_26028	0.283
GRCh38_CMRG_8661	0.34
GRCh38_CMRG_23401	0.329
GRCh38_CMRG_72731	0.324
GRCh38_CMRG_2747	0.324
GRCh38_CMRG_74764	0.323
GRCh38_CMRG_46490	0.323
GRCh38_CMRG_64851	0.316
GRCh38_CMRG_58362	0.316
GRCh38_CMRG_67911	0.312
GRCh38_CMRG_52876	0.306
GRCh38_CMRG_10815	0.303
GRCh38_CMRG_47061	0.3
GRCh38_CMRG_74036	0.295
GRCh38_CMRG_70225	0.294
GRCh38_CMRG_52402	0.292
GRCh38_CMRG_24702	0.291
GRCh38_CMRG_64627	0.29
GRCh38_CMRG_17706	0.287
GRCh38_CMRG_21491	0.398
GRCh38_CMRG_84176	0.388
GRCh38_CMRG_70436	0.375
GRCh38_CMRG_28085	0.351
GRCh38_CMRG_40040	0.339
GRCh38_CMRG_45775	0.327
GRCh38_CMRG_39463	0.32
GRCh38_CMRG_64035	0.314
GRCh38_CMRG_13892	0.314
GRCh38_CMRG_21834	0.306
GRCh38_CMRG_41284	0.306
GRCh38_CMRG_59261	0.304
GRCh38_CMRG_75653	0.304
GRCh38_CMRG_40425	0.303
GRCh38_CMRG_10693	0.299
GRCh38_CMRG_58117	0.297
GRCh38_CMRG_53884	0.296
GRCh38_CMRG_19710	0.294
GRCh38_CMRG_10983	0.294
GRCh38_CMRG_38572	0.293
GRCh38_CMRG_55847	0.292
GRCh38_CMRG_10972	0.291
GRCh38_CMRG_70992	0.289
GRCh38_CMRG_62217	0.287
GRCh38_CMRG_83791	0.39
GRCh38_CMRG_13003	0.382
GRCh38_CMRG_82186	0.367
GRCh38_CMRG_75051	0.333
GRCh38_CMRG_59477	0.328
GRCh38_CMRG_75019	0.318
GRCh38_CMRG_82039	0.318
GRCh38_CMRG_11420	0.315
GRCh38_CMRG_82035	0.314
GRCh38_CMRG_65090	0.307
GRCh38_CMRG_48761	0.305
GRCh38_CMRG_33177	0.303
GRCh38_CMRG_79210	0.299
GRCh38_CMRG_31129	0.297
GRCh38_CMRG_62591	0.295
GRCh38_CMRG_47177	0.295
GRCh38_CMRG_72944	0.257
GRCh38_CMRG_24474	0.448
GRCh38_CMRG_83703	0.419
GRCh38_CMRG_12245	0.406
GRCh38_CMRG_84350	0.373
GRCh38_CMRG_18567	0.357
GRCh38_CMRG_2589	0.349
GRCh38_CMRG_18774	0.341
GRCh38_CMRG_72902	0.338
GRCh38_CMRG_31802	0.324
GRCh38_CMRG_31241	0.32
GRCh38_CMRG_52659	0.32
GRCh38_CMRG_27632	0.318
GRCh38_CMRG_40924	0.313
GRCh38_CMRG_34271	0.311
GRCh38_CMRG_67354	0.31
GRCh38_CMRG_5738	0.308
GRCh38_CMRG_67919	0.305
GRCh38_CMRG_65569	0.303
GRCh38_CMRG_74571	0.3
GRCh38_CMRG_6887	0.3
GRCh38_CMRG_68695	0.299
GRCh38_CMRG_36001	0.299
GRCh38_CMRG_81200	0.297
GRCh38_CMRG_40647	0.296
GRCh38_CMRG_53141	0.291
GRCh38_CMRG_38449	0.287
GRCh38_CMRG_15002	0.286
GRCh38_CMRG_50609	0.331
GRCh38_CMRG_52675	0.331
GRCh38_CMRG_50607	0.331
GRCh38_CMRG_53042	0.326
GRCh38_CMRG_81813	0.319
GRCh38_CMRG_59228	0.315
GRCh38_CMRG_78862	0.309
GRCh38_CMRG_18745	0.308
GRCh38_CMRG_5938	0.301
GRCh38_CMRG_70969	0.301
GRCh38_CMRG_24737	0.299
GRCh38_CMRG_67746	0.296
GRCh38_CMRG_30647	0.295
GRCh38_CMRG_40048	0.294
GRCh38_CMRG_32028	0.293
GRCh38_CMRG_81760	0.293
GRCh38_CMRG_23876	0.289
GRCh38_CMRG_58253	0.288
GRCh38_CMRG_8829	0.288
GRCh38_CMRG_84241	0.408
GRCh38_CMRG_65559	0.358
GRCh38_CMRG_81862	0.339
GRCh38_CMRG_15015	0.316
GRCh38_CMRG_26284	0.312
GRCh38_CMRG_8751	0.308
GRCh38_CMRG_32257	0.306
GRCh38_CMRG_59960	0.306
GRCh38_CMRG_61193	0.304
GRCh38_CMRG_19634	0.303
GRCh38_CMRG_77609	0.303
GRCh38_CMRG_79739	0.301
GRCh38_CMRG_5958	0.298
GRCh38_CMRG_28520	0.298
GRCh38_CMRG_18762	0.297
GRCh38_CMRG_13925	0.296
GRCh38_CMRG_19476	0.295
GRCh38_CMRG_26733	0.292
GRCh38_CMRG_18982	0.284
GRCh38_CMRG_24617	0.283
GRCh38_CMRG_71942	0.281
GRCh38_CMRG_70251	0.278
GRCh38_CMRG_12031	0.277
GRCh38_CMRG_32341	0.272
GRCh38_CMRG_68655	0.401
GRCh38_CMRG_83660	0.383
GRCh38_CMRG_24414	0.379
GRCh38_CMRG_10673	0.379
GRCh38_CMRG_53671	0.349
GRCh38_CMRG_31147	0.333
GRCh38_CMRG_68636	0.322
GRCh38_CMRG_33705	0.316
GRCh38_CMRG_61643	0.314
GRCh38_CMRG_18990	0.308
GRCh38_CMRG_53047	0.307
GRCh38_CMRG_26799	0.306
GRCh38_CMRG_2659	0.298
GRCh38_CMRG_52482	0.297
GRCh38_CMRG_7989	0.294
GRCh38_CMRG_29908	0.293
GRCh38_CMRG_69026	0.293
GRCh38_CMRG_37336	0.292
GRCh38_CMRG_24282	0.29
GRCh38_CMRG_5747	0.29
GRCh38_CMRG_22381	0.283
GRCh38_CMRG_64740	0.282
GRCh38_CMRG_19762	0.28
GRCh38_CMRG_48502	0.278
GRCh38_CMRG_72979	0.269
GRCh38_CMRG_26247	0.257
GRCh38_CMRG_74408	0.357
GRCh38_CMRG_10797	0.342
GRCh38_CMRG_74702	0.31
GRCh38_CMRG_67067	0.303
GRCh38_CMRG_12668	0.302
GRCh38_CMRG_70499	0.302
GRCh38_CMRG_61337	0.301
GRCh38_CMRG_48035	0.301
GRCh38_CMRG_32138	0.3
GRCh38_CMRG_20893	0.3
GRCh38_CMRG_32525	0.294
GRCh38_CMRG_58953	0.293
GRCh38_CMRG_19110	0.292
GRCh38_CMRG_16521	0.291
GRCh38_CMRG_75023	0.29
GRCh38_CMRG_50779	0.287
GRCh38_CMRG_50780	0.287
GRCh38_CMRG_6256	0.286
GRCh38_CMRG_75409	0.285
GRCh38_CMRG_61206	0.284
GRCh38_CMRG_49349	0.278
GRCh38_CMRG_72910	0.249
GRCh38_CMRG_14041	0.319
GRCh38_CMRG_38968	0.303
GRCh38_CMRG_64580	0.302
GRCh38_CMRG_5830	0.3
GRCh38_CMRG_1262	0.299
GRCh38_CMRG_48920	0.295
GRCh38_CMRG_7589	0.292
GRCh38_CMRG_10774	0.291
GRCh38_CMRG_72941	0.291
GRCh38_CMRG_41319	0.287
GRCh38_CMRG_33586	0.287
GRCh38_CMRG_2440	0.285
GRCh38_CMRG_33221	0.283
GRCh38_CMRG_24812	0.283
GRCh38_CMRG_81848	0.278
GRCh38_CMRG_69459	0.273
GRCh38_CMRG_37731	0.413
GRCh38_CMRG_15435	0.412
GRCh38_CMRG_79751	0.402
GRCh38_CMRG_82861	0.36
GRCh38_CMRG_11063	0.342
GRCh38_CMRG_45831	0.308
GRCh38_CMRG_21351	0.307
GRCh38_CMRG_41245	0.305
GRCh38_CMRG_64489	0.301
GRCh38_CMRG_62487	0.298
GRCh38_CMRG_27251	0.292
GRCh38_CMRG_30837	0.289
GRCh38_CMRG_13445	0.286
GRCh38_CMRG_31766	0.283
GRCh38_CMRG_64812	0.279
GRCh38_CMRG_79820	0.279
GRCh38_CMRG_21095	0.349
GRCh38_CMRG_52554	0.346
GRCh38_CMRG_28413	0.34
GRCh38_CMRG_63861	0.329
GRCh38_CMRG_33562	0.319
GRCh38_CMRG_68497	0.31
GRCh38_CMRG_49358	0.306
GRCh38_CMRG_18417	0.305
GRCh38_CMRG_10501	0.3
GRCh38_CMRG_71012	0.3
GRCh38_CMRG_74327	0.295
GRCh38_CMRG_40716	0.295
GRCh38_CMRG_24289	0.294
GRCh38_CMRG_21718	0.292
GRCh38_CMRG_2660	0.29
GRCh38_CMRG_7558	0.286
GRCh38_CMRG_28008	0.285
GRCh38_CMRG_16486	0.283
GRCh38_CMRG_52222	0.279
GRCh38_CMRG_68981	0.277
GRCh38_CMRG_47544	0.277
GRCh38_CMRG_75125	0.275
GRCh38_CMRG_26974	0.275
GRCh38_CMRG_73348	0.262
GRCh38_CMRG_62255	0.367
GRCh38_CMRG_59953	0.35
GRCh38_CMRG_27312	0.296
GRCh38_CMRG_43737	0.294
GRCh38_CMRG_70792	0.293
GRCh38_CMRG_64299	0.293
GRCh38_CMRG_11521	0.288
GRCh38_CMRG_47917	0.287
GRCh38_CMRG_555	0.287
GRCh38_CMRG_63652	0.279
GRCh38_CMRG_13115	0.277
GRCh38_CMRG_1028	0.361
GRCh38_CMRG_26088	0.343
GRCh38_CMRG_36607	0.311
GRCh38_CMRG_27510	0.303
GRCh38_CMRG_19111	0.297
GRCh38_CMRG_53602	0.294
GRCh38_CMRG_81899	0.293
GRCh38_CMRG_75617	0.288
GRCh38_CMRG_41728	0.287
GRCh38_CMRG_27925	0.284
GRCh38_CMRG_9008	0.281
GRCh38_CMRG_29681	0.279
GRCh38_CMRG_21817	0.278
GRCh38_CMRG_52738	0.275
GRCh38_CMRG_53070	0.275
GRCh38_CMRG_83097	0.41
GRCh38_CMRG_8987	0.366
GRCh38_CMRG_54617	0.319
GRCh38_CMRG_26988	0.311
GRCh38_CMRG_1907	0.301
GRCh38_CMRG_14272	0.298
GRCh38_CMRG_71436	0.295
GRCh38_CMRG_7774	0.291
GRCh38_CMRG_60148	0.29
GRCh38_CMRG_29919	0.289
GRCh38_CMRG_35781	0.288
GRCh38_CMRG_79444	0.286
GRCh38_CMRG_18135	0.279
GRCh38_CMRG_61053	0.276
GRCh38_CMRG_2825	0.276
GRCh38_CMRG_58704	0.275
GRCh38_CMRG_23485	0.275
GRCh38_CMRG_38913	0.268
GRCh38_CMRG_26660	0.266
GRCh38_CMRG_24259	0.264
GRCh38_CMRG_49935	0.376
GRCh38_CMRG_84374	0.352
GRCh38_CMRG_52570	0.33
GRCh38_CMRG_73397	0.329
GRCh38_CMRG_445	0.311
GRCh38_CMRG_34623	0.307
GRCh38_CMRG_68670	0.3
GRCh38_CMRG_41482	0.289
GRCh38_CMRG_25336	0.284
GRCh38_CMRG_74281	0.284
GRCh38_CMRG_59053	0.28
GRCh38_CMRG_24828	0.278
GRCh38_CMRG_80811	0.274
GRCh38_CMRG_39581	0.274
GRCh38_CMRG_26213	0.271
GRCh38_CMRG_10523	0.271
GRCh38_CMRG_47056	0.27
GRCh38_CMRG_5762	0.268
GRCh38_CMRG_1912	0.265
GRCh38_CMRG_84874	0.462
GRCh38_CMRG_84873	0.462
GRCh38_CMRG_50558	0.355
GRCh38_CMRG_21913	0.338
GRCh38_CMRG_9233	0.317
GRCh38_CMRG_55438	0.309
GRCh38_CMRG_51185	0.308
GRCh38_CMRG_13219	0.304
GRCh38_CMRG_55500	0.296
GRCh38_CMRG_45348	0.283
GRCh38_CMRG_2833	0.279
GRCh38_CMRG_58088	0.275
GRCh38_CMRG_37830	0.273
GRCh38_CMRG_80945	0.272
GRCh38_CMRG_31221	0.271
GRCh38_CMRG_17465	0.268
GRCh38_CMRG_70932	0.264
GRCh38_CMRG_50480	0.263
GRCh38_CMRG_37091	0.37
GRCh38_CMRG_31028	0.317
GRCh38_CMRG_12298	0.317
GRCh38_CMRG_9408	0.316
GRCh38_CMRG_49907	0.305
GRCh38_CMRG_81198	0.29
GRCh38_CMRG_67174	0.287
GRCh38_CMRG_13152	0.286
GRCh38_CMRG_60555	0.28
GRCh38_CMRG_72926	0.279
GRCh38_CMRG_38415	0.276
GRCh38_CMRG_63697	0.275
GRCh38_CMRG_68616	0.274
GRCh38_CMRG_47198	0.271
GRCh38_CMRG_8484	0.269
GRCh38_CMRG_65199	0.299
GRCh38_CMRG_8426	0.292
GRCh38_CMRG_1277	0.292
GRCh38_CMRG_70544	0.284
GRCh38_CMRG_29513	0.283
GRCh38_CMRG_18518	0.279
GRCh38_CMRG_22395	0.276
GRCh38_CMRG_13984	0.272
GRCh38_CMRG_44273	0.272
GRCh38_CMRG_8753	0.453
GRCh38_CMRG_84613	0.431
GRCh38_CMRG_48023	0.421
GRCh38_CMRG_49476	0.38
GRCh38_CMRG_10755	0.308
GRCh38_CMRG_40496	0.294
GRCh38_CMRG_84672	0.293
GRCh38_CMRG_61056	0.286
GRCh38_CMRG_21698	0.285
GRCh38_CMRG_64044	0.285
GRCh38_CMRG_40651	0.283
GRCh38_CMRG_16849	0.278
GRCh38_CMRG_55451	0.277
GRCh38_CMRG_73777	0.272
GRCh38_CMRG_51497	0.272
GRCh38_CMRG_32418	0.271
GRCh38_CMRG_14504	0.27
GRCh38_CMRG_77059	0.268
GRCh38_CMRG_42003	0.266
GRCh38_CMRG_22408	0.262
GRCh38_CMRG_32669	0.382
GRCh38_CMRG_80021	0.323
GRCh38_CMRG_58154	0.31
GRCh38_CMRG_84671	0.304
GRCh38_CMRG_50560	0.297
GRCh38_CMRG_28841	0.294
GRCh38_CMRG_10833	0.293
GRCh38_CMRG_76992	0.292
GRCh38_CMRG_39307	0.289
GRCh38_CMRG_49339	0.285
GRCh38_CMRG_81650	0.282
GRCh38_CMRG_8418	0.281
GRCh38_CMRG_81658	0.281
GRCh38_CMRG_78903	0.28
GRCh38_CMRG_55841	0.277
GRCh38_CMRG_13369	0.272
GRCh38_CMRG_73673	0.27
GRCh38_CMRG_31426	0.269
GRCh38_CMRG_61152	0.264
GRCh38_CMRG_83149	0.349
GRCh38_CMRG_53639	0.315
GRCh38_CMRG_38381	0.304
GRCh38_CMRG_29200	0.284
GRCh38_CMRG_2292	0.279
GRCh38_CMRG_43645	0.278
GRCh38_CMRG_35687	0.275
GRCh38_CMRG_51655	0.269
GRCh38_CMRG_44015	0.265
GRCh38_CMRG_74711	0.246
GRCh38_CMRG_8210	0.331
GRCh38_CMRG_24016	0.316
GRCh38_CMRG_11170	0.314
GRCh38_CMRG_33504	0.299
GRCh38_CMRG_37410	0.294
GRCh38_CMRG_27657	0.289
GRCh38_CMRG_31895	0.289
GRCh38_CMRG_38976	0.288
GRCh38_CMRG_53484	0.286
GRCh38_CMRG_79593	0.276
GRCh38_CMRG_21458	0.275
GRCh38_CMRG_70234	0.272
GRCh38_CMRG_6093	0.271
GRCh38_CMRG_16656	0.27
GRCh38_CMRG_29585	0.268
GRCh38_CMRG_12188	0.268
GRCh38_CMRG_12187	0.267
GRCh38_CMRG_14862	0.266
GRCh38_CMRG_1391	0.258
GRCh38_CMRG_49064	0.255
GRCh38_CMRG_40007	0.251
GRCh38_CMRG_36475	0.227
GRCh38_CMRG_55188	0.415
GRCh38_CMRG_84431	0.361
GRCh38_CMRG_28619	0.349
GRCh38_CMRG_25913	0.332
GRCh38_CMRG_42320	0.289
GRCh38_CMRG_38363	0.282
GRCh38_CMRG_74047	0.28
GRCh38_CMRG_77130	0.28
GRCh38_CMRG_11634	0.274
GRCh38_CMRG_14267	0.271
GRCh38_CMRG_55433	0.27
GRCh38_CMRG_59825	0.267
GRCh38_CMRG_67572	0.265
GRCh38_CMRG_34724	0.262
GRCh38_CMRG_77160	0.261
GRCh38_CMRG_37625	0.261
GRCh38_CMRG_34379	0.26
GRCh38_CMRG_64720	0.259
GRCh38_CMRG_37113	0.258
GRCh38_CMRG_29125	0.254
GRCh38_CMRG_74237	0.251
GRCh38_CMRG_15056	0.251
GRCh38_CMRG_70773	0.25
GRCh38_CMRG_24035	0.37
GRCh38_CMRG_32010	0.295
GRCh38_CMRG_34218	0.294
GRCh38_CMRG_26896	0.29
GRCh38_CMRG_10895	0.286
GRCh38_CMRG_61214	0.284
GRCh38_CMRG_77275	0.282
GRCh38_CMRG_67238	0.281
GRCh38_CMRG_52709	0.28
GRCh38_CMRG_21883	0.278
GRCh38_CMRG_79054	0.278
GRCh38_CMRG_74431	0.276
GRCh38_CMRG_44528	0.275
GRCh38_CMRG_80053	0.273
GRCh38_CMRG_52322	0.273
GRCh38_CMRG_22842	0.273
GRCh38_CMRG_13665	0.272
GRCh38_CMRG_26430	0.269
GRCh38_CMRG_49765	0.269
GRCh38_CMRG_75460	0.269
GRCh38_CMRG_34547	0.268
GRCh38_CMRG_24377	0.264
GRCh38_CMRG_14003	0.26
GRCh38_CMRG_36647	0.257
GRCh38_CMRG_77330	0.257
GRCh38_CMRG_74735	0.256
GRCh38_CMRG_81835	0.25
GRCh38_CMRG_37115	0.248
GRCh38_CMRG_81509	0.246
GRCh38_CMRG_84367	0.412
GRCh38_CMRG_51070	0.351
GRCh38_CMRG_83600	0.344
GRCh38_CMRG_24020	0.309
GRCh38_CMRG_24032	0.309
GRCh38_CMRG_61711	0.286
GRCh38_CMRG_24772	0.274
GRCh38_CMRG_75278	0.269
GRCh38_CMRG_28202	0.269
GRCh38_CMRG_15287	0.267
GRCh38_CMRG_49023	0.265
GRCh38_CMRG_18107	0.264
GRCh38_CMRG_74778	0.264
GRCh38_CMRG_55539	0.263
GRCh38_CMRG_34550	0.262
GRCh38_CMRG_13700	0.262
GRCh38_CMRG_2601	0.398
GRCh38_CMRG_60377	0.391
GRCh38_CMRG_70849	0.337
GRCh38_CMRG_75068	0.315
GRCh38_CMRG_48283	0.279
GRCh38_CMRG_24883	0.276
GRCh38_CMRG_61963	0.272
GRCh38_CMRG_13038	0.268
GRCh38_CMRG_68039	0.267
GRCh38_CMRG_19867	0.265
GRCh38_CMRG_59064	0.264
GRCh38_CMRG_64908	0.263
GRCh38_CMRG_8450	0.262
GRCh38_CMRG_23140	0.259
GRCh38_CMRG_14534	0.258
GRCh38_CMRG_37454	0.254
GRCh38_CMRG_31702	0.254
GRCh38_CMRG_46671	0.247
GRCh38_CMRG_81720	0.234
GRCh38_CMRG_50547	0.338
GRCh38_CMRG_37947	0.327
GRCh38_CMRG_60400	0.304
GRCh38_CMRG_13311	0.293
GRCh38_CMRG_67512	0.277
GRCh38_CMRG_40842	0.277
GRCh38_CMRG_46070	0.271
GRCh38_CMRG_2676	0.271
GRCh38_CMRG_18830	0.27
GRCh38_CMRG_81632	0.269
GRCh38_CMRG_32161	0.265
GRCh38_CMRG_15621	0.259
GRCh38_CMRG_49764	0.254
GRCh38_CMRG_83398	0.373
GRCh38_CMRG_70848	0.326
GRCh38_CMRG_45900	0.302
GRCh38_CMRG_50470	0.294
GRCh38_CMRG_39183	0.291
GRCh38_CMRG_55822	0.29
GRCh38_CMRG_2846	0.277
GRCh38_CMRG_30833	0.271
GRCh38_CMRG_71494	0.27
GRCh38_CMRG_55252	0.269
GRCh38_CMRG_73683	0.267
GRCh38_CMRG_77711	0.267
GRCh38_CMRG_72816	0.266
GRCh38_CMRG_21147	0.264
GRCh38_CMRG_53916	0.262
GRCh38_CMRG_14658	0.259
GRCh38_CMRG_22489	0.257
GRCh38_CMRG_70364	0.247
GRCh38_CMRG_27400	0.247
GRCh38_CMRG_84124	0.398
GRCh38_CMRG_37820	0.39
GRCh38_CMRG_60295	0.349
GRCh38_CMRG_16936	0.332
GRCh38_CMRG_16933	0.313
GRCh38_CMRG_19654	0.302
GRCh38_CMRG_54167	0.281
GRCh38_CMRG_40873	0.28
GRCh38_CMRG_13046	0.275
GRCh38_CMRG_47218	0.27
GRCh38_CMRG_31122	0.27
GRCh38_CMRG_25868	0.267
GRCh38_CMRG_33139	0.264
GRCh38_CMRG_71505	0.262
GRCh38_CMRG_24015	0.261
GRCh38_CMRG_74665	0.261
GRCh38_CMRG_10652	0.26
GRCh38_CMRG_77634	0.258
GRCh38_CMRG_7718	0.257
GRCh38_CMRG_71189	0.249
GRCh38_CMRG_46669	0.223
GRCh38_CMRG_53733	0.348
GRCh38_CMRG_33022	0.292
GRCh38_CMRG_24310	0.263
GRCh38_CMRG_52144	0.258
GRCh38_CMRG_6369	0.258
GRCh38_CMRG_38497	0.256
GRCh38_CMRG_13617	0.254
GRCh38_CMRG_22849	0.251
GRCh38_CMRG_24782	0.249
GRCh38_CMRG_74601	0.245
GRCh38_CMRG_22253	0.244
GRCh38_CMRG_2888	0.242
GRCh38_CMRG_83525	0.337
GRCh38_CMRG_83792	0.329
GRCh38_CMRG_25016	0.302
GRCh38_CMRG_71874	0.291
GRCh38_CMRG_26272	0.288
GRCh38_CMRG_67881	0.282
GRCh38_CMRG_32079	0.275
GRCh38_CMRG_24644	0.266
GRCh38_CMRG_26217	0.264
GRCh38_CMRG_44118	0.263
GRCh38_CMRG_76651	0.262
GRCh38_CMRG_40550	0.26
GRCh38_CMRG_23270	0.254
GRCh38_CMRG_33981	0.253
GRCh38_CMRG_12272	0.252
GRCh38_CMRG_12367	0.252
GRCh38_CMRG_32786	0.252
GRCh38_CMRG_39355	0.251
GRCh38_CMRG_28290	0.24
GRCh38_CMRG_42512	0.323
GRCh38_CMRG_52612	0.3
GRCh38_CMRG_81190	0.299
GRCh38_CMRG_71124	0.284
GRCh38_CMRG_64454	0.283
GRCh38_CMRG_40257	0.279
GRCh38_CMRG_41501	0.275
GRCh38_CMRG_24011	0.271
GRCh38_CMRG_60344	0.271
GRCh38_CMRG_68433	0.27
GRCh38_CMRG_28096	0.267
GRCh38_CMRG_14390	0.266
GRCh38_CMRG_32345	0.263
GRCh38_CMRG_38405	0.263
GRCh38_CMRG_33180	0.262
GRCh38_CMRG_14863	0.26
GRCh38_CMRG_79099	0.259
GRCh38_CMRG_23567	0.258
GRCh38_CMRG_78965	0.254
GRCh38_CMRG_26814	0.252
GRCh38_CMRG_24621	0.248
GRCh38_CMRG_55543	0.248
GRCh38_CMRG_32019	0.244
GRCh38_CMRG_21246	0.243
GRCh38_CMRG_40103	0.241
GRCh38_CMRG_31889	0.272
GRCh38_CMRG_81893	0.271
GRCh38_CMRG_28725	0.27
GRCh38_CMRG_70716	0.264
GRCh38_CMRG_47647	0.262
GRCh38_CMRG_63798	0.258
GRCh38_CMRG_30781	0.256
GRCh38_CMRG_77713	0.255
GRCh38_CMRG_52408	0.252
GRCh38_CMRG_17821	0.251
GRCh38_CMRG_33186	0.245
GRCh38_CMRG_14535	0.244
GRCh38_CMRG_72995	0.235
GRCh38_CMRG_55395	0.305
GRCh38_CMRG_7457	0.29
GRCh38_CMRG_59454	0.285
GRCh38_CMRG_60149	0.283
GRCh38_CMRG_49105	0.257
GRCh38_CMRG_62092	0.256
GRCh38_CMRG_45808	0.255
GRCh38_CMRG_49782	0.254
GRCh38_CMRG_32022	0.254
GRCh38_CMRG_32836	0.252
GRCh38_CMRG_72383	0.25
GRCh38_CMRG_48548	0.249
GRCh38_CMRG_6581	0.245
GRCh38_CMRG_9291	0.245
GRCh38_CMRG_16584	0.244
GRCh38_CMRG_83253	0.379
GRCh38_CMRG_33629	0.278
GRCh38_CMRG_60384	0.277
GRCh38_CMRG_58956	0.276
GRCh38_CMRG_7686	0.275
GRCh38_CMRG_28447	0.262
GRCh38_CMRG_16566	0.258
GRCh38_CMRG_76812	0.257
GRCh38_CMRG_62042	0.256
GRCh38_CMRG_24557	0.252
GRCh38_CMRG_170	0.249
GRCh38_CMRG_14483	0.244
GRCh38_CMRG_37763	0.241
GRCh38_CMRG_37923	0.24
GRCh38_CMRG_38183	0.314
GRCh38_CMRG_84092	0.314
GRCh38_CMRG_83154	0.294
GRCh38_CMRG_64351	0.269
GRCh38_CMRG_8416	0.262
GRCh38_CMRG_36207	0.26
GRCh38_CMRG_27343	0.258
GRCh38_CMRG_71600	0.256
GRCh38_CMRG_30553	0.245
GRCh38_CMRG_68286	0.241
GRCh38_CMRG_7770	0.228
GRCh38_CMRG_32572	0.212
GRCh38_CMRG_42494	0.322
GRCh38_CMRG_84343	0.321
GRCh38_CMRG_10821	0.289
GRCh38_CMRG_9525	0.28
GRCh38_CMRG_12915	0.274
GRCh38_CMRG_18908	0.273
GRCh38_CMRG_6627	0.258
GRCh38_CMRG_37452	0.255
GRCh38_CMRG_79858	0.253
GRCh38_CMRG_62054	0.248
GRCh38_CMRG_24563	0.247
GRCh38_CMRG_34329	0.246
GRCh38_CMRG_72764	0.242
GRCh38_CMRG_60448	0.237
GRCh38_CMRG_26248	0.223
GRCh38_CMRG_13304	0.293
GRCh38_CMRG_38546	0.287
GRCh38_CMRG_12149	0.283
GRCh38_CMRG_78975	0.282
GRCh38_CMRG_76908	0.268
GRCh38_CMRG_61882	0.266
GRCh38_CMRG_60880	0.256
GRCh38_CMRG_18031	0.252
GRCh38_CMRG_58747	0.252
GRCh38_CMRG_7009	0.249
GRCh38_CMRG_29944	0.246
GRCh38_CMRG_22176	0.244
GRCh38_CMRG_13418	0.244
GRCh38_CMRG_40134	0.243
GRCh38_CMRG_46192	0.241
GRCh38_CMRG_72170	0.24
GRCh38_CMRG_37133	0.231
GRCh38_CMRG_44892	0.291
GRCh38_CMRG_2253	0.263
GRCh38_CMRG_54470	0.255
GRCh38_CMRG_84553	0.252
GRCh38_CMRG_79797	0.25
GRCh38_CMRG_67660	0.247
GRCh38_CMRG_17526	0.244
GRCh38_CMRG_51102	0.244
GRCh38_CMRG_28288	0.244
GRCh38_CMRG_38652	0.242
GRCh38_CMRG_76808	0.24
GRCh38_CMRG_74593	0.238
GRCh38_CMRG_33556	0.236
GRCh38_CMRG_2120	0.234
GRCh38_CMRG_13208	0.327
GRCh38_CMRG_83877	0.312
GRCh38_CMRG_70713	0.302
GRCh38_CMRG_33040	0.27
GRCh38_CMRG_48082	0.267
GRCh38_CMRG_33253	0.265
GRCh38_CMRG_34165	0.264
GRCh38_CMRG_40038	0.26
GRCh38_CMRG_6588	0.258
GRCh38_CMRG_29994	0.258
GRCh38_CMRG_1879	0.257
GRCh38_CMRG_38810	0.256
GRCh38_CMRG_26191	0.253
GRCh38_CMRG_6854	0.248
GRCh38_CMRG_67473	0.245
GRCh38_CMRG_61543	0.243
GRCh38_CMRG_1866	0.242
GRCh38_CMRG_2446	0.242
GRCh38_CMRG_8900	0.238
GRCh38_CMRG_46348	0.237
GRCh38_CMRG_6424	0.237
GRCh38_CMRG_32559	0.235
GRCh38_CMRG_65300	0.297
GRCh38_CMRG_63799	0.291
GRCh38_CMRG_50811	0.29
GRCh38_CMRG_7957	0.262
GRCh38_CMRG_74070	0.257
GRCh38_CMRG_10593	0.251
GRCh38_CMRG_854	0.25
GRCh38_CMRG_74741	0.246
GRCh38_CMRG_23577	0.244
GRCh38_CMRG_7410	0.244
GRCh38_CMRG_41819	0.235
GRCh38_CMRG_10494	0.233
GRCh38_CMRG_53648	0.229
GRCh38_CMRG_8186	0.274
GRCh38_CMRG_52984	0.264
GRCh38_CMRG_14244	0.263
GRCh38_CMRG_52550	0.256
GRCh38_CMRG_22200	0.251
GRCh38_CMRG_24384	0.251
GRCh38_CMRG_47170	0.249
GRCh38_CMRG_7959	0.245
GRCh38_CMRG_75257	0.242
GRCh38_CMRG_17525	0.242
GRCh38_CMRG_23433	0.24
GRCh38_CMRG_79846	0.238
GRCh38_CMRG_33349	0.236
GRCh38_CMRG_25058	0.234
GRCh38_CMRG_71783	0.232
GRCh38_CMRG_84337	0.336
GRCh38_CMRG_84022	0.313
GRCh38_CMRG_26616	0.274
GRCh38_CMRG_36525	0.262
GRCh38_CMRG_49925	0.253
GRCh38_CMRG_75448	0.251
GRCh38_CMRG_33252	0.248
GRCh38_CMRG_31172	0.245
GRCh38_CMRG_20013	0.244
GRCh38_CMRG_70278	0.242
GRCh38_CMRG_70248	0.239
GRCh38_CMRG_77301	0.239
GRCh38_CMRG_7140	0.239
GRCh38_CMRG_54461	0.238
GRCh38_CMRG_31368	0.234
GRCh38_CMRG_8808	0.233
GRCh38_CMRG_77238	0.229
GRCh38_CMRG_64879	0.254
GRCh38_CMRG_26245	0.251
GRCh38_CMRG_64424	0.251
GRCh38_CMRG_27617	0.25
GRCh38_CMRG_19812	0.249
GRCh38_CMRG_53474	0.237
GRCh38_CMRG_53475	0.237
GRCh38_CMRG_10816	0.231
GRCh38_CMRG_59218	0.231
GRCh38_CMRG_66061	0.35
GRCh38_CMRG_64691	0.309
GRCh38_CMRG_64957	0.271
GRCh38_CMRG_6525	0.253
GRCh38_CMRG_31893	0.25
GRCh38_CMRG_67568	0.25
GRCh38_CMRG_55788	0.249
GRCh38_CMRG_58739	0.246
GRCh38_CMRG_40250	0.246
GRCh38_CMRG_36468	0.241
GRCh38_CMRG_40110	0.237
GRCh38_CMRG_31206	0.235
GRCh38_CMRG_32679	0.234
GRCh38_CMRG_17010	0.232
GRCh38_CMRG_48666	0.229
GRCh38_CMRG_48740	0.227
GRCh38_CMRG_10785	0.223
GRCh38_CMRG_6342	0.327
GRCh38_CMRG_1446	0.258
GRCh38_CMRG_61760	0.254
GRCh38_CMRG_63574	0.254
GRCh38_CMRG_65712	0.247
GRCh38_CMRG_68830	0.246
GRCh38_CMRG_33434	0.245
GRCh38_CMRG_19769	0.243
GRCh38_CMRG_37234	0.241
GRCh38_CMRG_42042	0.24
GRCh38_CMRG_67273	0.24
GRCh38_CMRG_68886	0.239
GRCh38_CMRG_7212	0.237
GRCh38_CMRG_1404	0.235
GRCh38_CMRG_49017	0.235
GRCh38_CMRG_47789	0.23
GRCh38_CMRG_7717	0.38
GRCh38_CMRG_82185	0.282
GRCh38_CMRG_37447	0.267
GRCh38_CMRG_44365	0.264
GRCh38_CMRG_9765	0.252
GRCh38_CMRG_60304	0.248
GRCh38_CMRG_21353	0.246
GRCh38_CMRG_49343	0.24
GRCh38_CMRG_46062	0.239
GRCh38_CMRG_69621	0.238
GRCh38_CMRG_79764	0.238
GRCh38_CMRG_13145	0.236
GRCh38_CMRG_70355	0.234
GRCh38_CMRG_49348	0.233
GRCh38_CMRG_6422	0.231
GRCh38_CMRG_29079	0.23
GRCh38_CMRG_29050	0.226
GRCh38_CMRG_27645	0.226
GRCh38_CMRG_28064	0.272
GRCh38_CMRG_38477	0.267
GRCh38_CMRG_75324	0.264
GRCh38_CMRG_74736	0.264
GRCh38_CMRG_60784	0.259
GRCh38_CMRG_55699	0.257
GRCh38_CMRG_42361	0.253
GRCh38_CMRG_49822	0.247
GRCh38_CMRG_48337	0.246
GRCh38_CMRG_73863	0.246
GRCh38_CMRG_54818	0.241
GRCh38_CMRG_38331	0.239
GRCh38_CMRG_24250	0.238
GRCh38_CMRG_6199	0.236
GRCh38_CMRG_61070	0.233
GRCh38_CMRG_31500	0.23
GRCh38_CMRG_37683	0.23
GRCh38_CMRG_65850	0.23
GRCh38_CMRG_1679	0.222
GRCh38_CMRG_68371	0.292
GRCh38_CMRG_83835	0.29
GRCh38_CMRG_10502	0.268
GRCh38_CMRG_45000	0.262
GRCh38_CMRG_1823	0.258
GRCh38_CMRG_49000	0.255
GRCh38_CMRG_27989	0.252
GRCh38_CMRG_74713	0.243
GRCh38_CMRG_65341	0.239
GRCh38_CMRG_64736	0.238
GRCh38_CMRG_6759	0.235
GRCh38_CMRG_68489	0.233
GRCh38_CMRG_12134	0.232
GRCh38_CMRG_28108	0.231
GRCh38_CMRG_29076	0.228
GRCh38_CMRG_59268	0.269
GRCh38_CMRG_29885	0.263
GRCh38_CMRG_7655	0.258
GRCh38_CMRG_72998	0.258
GRCh38_CMRG_77627	0.254
GRCh38_CMRG_74654	0.245
GRCh38_CMRG_44686	0.243
GRCh38_CMRG_81397	0.236
GRCh38_CMRG_23111	0.235
GRCh38_CMRG_18727	0.234
GRCh38_CMRG_8105	0.229
GRCh38_CMRG_609	0.229
GRCh38_CMRG_55307	0.228
GRCh38_CMRG_36553	0.227
GRCh38_CMRG_84615	0.225
GRCh38_CMRG_20948	0.224
GRCh38_CMRG_76917	0.221
GRCh38_CMRG_35799	0.219
GRCh38_CMRG_37087	0.199
GRCh38_CMRG_22045	0.312
GRCh38_CMRG_49128	0.258
GRCh38_CMRG_14025	0.258
GRCh38_CMRG_77637	0.251
GRCh38_CMRG_78920	0.249
GRCh38_CMRG_41123	0.245
GRCh38_CMRG_71471	0.238
GRCh38_CMRG_27832	0.236
GRCh38_CMRG_81834	0.229
GRCh38_CMRG_9308	0.227
GRCh38_CMRG_48986	0.224
GRCh38_CMRG_34211	0.222
GRCh38_CMRG_27330	0.217
GRCh38_CMRG_83046	0.31
GRCh38_CMRG_54741	0.303
GRCh38_CMRG_23790	0.297
GRCh38_CMRG_28400	0.294
GRCh38_CMRG_53593	0.281
GRCh38_CMRG_37976	0.28
GRCh38_CMRG_48806	0.275
GRCh38_CMRG_76617	0.255
GRCh38_CMRG_75028	0.246
GRCh38_CMRG_38245	0.246
GRCh38_CMRG_37833	0.235
GRCh38_CMRG_64593	0.235
GRCh38_CMRG_7279	0.233
GRCh38_CMRG_9096	0.229
GRCh38_CMRG_81186	0.227
GRCh38_CMRG_2655	0.226
GRCh38_CMRG_73609	0.219
GRCh38_CMRG_49733	0.215
GRCh38_CMRG_14715	0.296
GRCh38_CMRG_32932	0.294
GRCh38_CMRG_17208	0.271
GRCh38_CMRG_79237	0.265
GRCh38_CMRG_61454	0.26
GRCh38_CMRG_9581	0.254
GRCh38_CMRG_72205	0.24
GRCh38_CMRG_44215	0.236
GRCh38_CMRG_75310	0.228
GRCh38_CMRG_18850	0.218
GRCh38_CMRG_70349	0.216
GRCh38_CMRG_2602	0.207
GRCh38_CMRG_79815	0.339
GRCh38_CMRG_6340	0.245
GRCh38_CMRG_40941	0.244
GRCh38_CMRG_10513	0.242
GRCh38_CMRG_18240	0.236
GRCh38_CMRG_58510	0.235
GRCh38_CMRG_81724	0.234
GRCh38_CMRG_22469	0.233
GRCh38_CMRG_2494	0.233
GRCh38_CMRG_73406	0.23
GRCh38_CMRG_67505	0.229
GRCh38_CMRG_41248	0.227
GRCh38_CMRG_49336	0.225
GRCh38_CMRG_63	0.224
GRCh38_CMRG_45500	0.224
GRCh38_CMRG_65624	0.223
GRCh38_CMRG_77047	0.219
GRCh38_CMRG_77406	0.216
GRCh38_CMRG_11082	0.215
GRCh38_CMRG_83419	0.329
GRCh38_CMRG_13374	0.295
GRCh38_CMRG_42573	0.249
GRCh38_CMRG_36482	0.248
GRCh38_CMRG_72946	0.245
GRCh38_CMRG_70610	0.242
GRCh38_CMRG_38802	0.234
GRCh38_CMRG_59892	0.231
GRCh38_CMRG_75654	0.23
GRCh38_CMRG_21546	0.23
GRCh38_CMRG_82111	0.23
GRCh38_CMRG_28304	0.227
GRCh38_CMRG_54618	0.227
GRCh38_CMRG_72017	0.225
GRCh38_CMRG_24987	0.222
GRCh38_CMRG_2129	0.219
GRCh38_CMRG_67980	0.216
GRCh38_CMRG_36649	0.233
GRCh38_CMRG_13568	0.229
GRCh38_CMRG_62034	0.228
GRCh38_CMRG_79769	0.227
GRCh38_CMRG_7246	0.226
GRCh38_CMRG_47634	0.225
GRCh38_CMRG_12658	0.223
GRCh38_CMRG_62313	0.223
GRCh38_CMRG_22463	0.22
GRCh38_CMRG_8291	0.22
GRCh38_CMRG_74243	0.219
GRCh38_CMRG_48677	0.218
GRCh38_CMRG_64546	0.217
GRCh38_CMRG_7881	0.216
GRCh38_CMRG_49005	0.214
GRCh38_CMRG_11893	0.214
GRCh38_CMRG_73194	0.213
GRCh38_CMRG_13120	0.205
GRCh38_CMRG_74851	0.322
GRCh38_CMRG_55363	0.269
GRCh38_CMRG_1460	0.241
GRCh38_CMRG_561	0.233
GRCh38_CMRG_77630	0.232
GRCh38_CMRG_41425	0.229
GRCh38_CMRG_18779	0.229
GRCh38_CMRG_1079	0.225
GRCh38_CMRG_55821	0.22
GRCh38_CMRG_76694	0.218
GRCh38_CMRG_38234	0.216
GRCh38_CMRG_31113	0.215
GRCh38_CMRG_2164	0.214
GRCh38_CMRG_50706	0.198
GRCh38_CMRG_16533	0.263
GRCh38_CMRG_36777	0.261
GRCh38_CMRG_65116	0.251
GRCh38_CMRG_75550	0.246
GRCh38_CMRG_45716	0.246
GRCh38_CMRG_6330	0.245
GRCh38_CMRG_71414	0.243
GRCh38_CMRG_55147	0.242
GRCh38_CMRG_60301	0.234
GRCh38_CMRG_67652	0.233
GRCh38_CMRG_33279	0.23
GRCh38_CMRG_23565	0.228
GRCh38_CMRG_37736	0.227
GRCh38_CMRG_1304	0.226
GRCh38_CMRG_7174	0.225
GRCh38_CMRG_40415	0.224
GRCh38_CMRG_23793	0.223
GRCh38_CMRG_70019	0.222
GRCh38_CMRG_37819	0.221
GRCh38_CMRG_75200	0.22
GRCh38_CMRG_40208	0.218
GRCh38_CMRG_67523	0.217
GRCh38_CMRG_61612	0.216
GRCh38_CMRG_37727	0.212
GRCh38_CMRG_71170	0.207
GRCh38_CMRG_72530	0.313
GRCh38_CMRG_19539	0.241
GRCh38_CMRG_74690	0.229
GRCh38_CMRG_79742	0.228
GRCh38_CMRG_17297	0.223
GRCh38_CMRG_65471	0.221
GRCh38_CMRG_13002	0.218
GRCh38_CMRG_41553	0.216
GRCh38_CMRG_72543	0.215
GRCh38_CMRG_35955	0.211
GRCh38_CMRG_53056	0.211
GRCh38_CMRG_26277	0.21
GRCh38_CMRG_37417	0.206
GRCh38_CMRG_28426	0.194
GRCh38_CMRG_21676	0.262
GRCh38_CMRG_37790	0.244
GRCh38_CMRG_22516	0.228
GRCh38_CMRG_39808	0.228
GRCh38_CMRG_67025	0.228
GRCh38_CMRG_33546	0.225
GRCh38_CMRG_1010	0.225
GRCh38_CMRG_74514	0.223
GRCh38_CMRG_72967	0.223
GRCh38_CMRG_67645	0.22
GRCh38_CMRG_64470	0.218
GRCh38_CMRG_51811	0.214
GRCh38_CMRG_33913	0.212
GRCh38_CMRG_37912	0.212
GRCh38_CMRG_48815	0.21
GRCh38_CMRG_61084	0.21
GRCh38_CMRG_64848	0.207
GRCh38_CMRG_26532	0.206
GRCh38_CMRG_31600	0.205
GRCh38_CMRG_24762	0.204
GRCh38_CMRG_51052	0.27
GRCh38_CMRG_43936	0.251
GRCh38_CMRG_31421	0.233
GRCh38_CMRG_26741	0.231
GRCh38_CMRG_52742	0.23
GRCh38_CMRG_39990	0.224
GRCh38_CMRG_28294	0.222
GRCh38_CMRG_11513	0.219
GRCh38_CMRG_58294	0.218
GRCh38_CMRG_15292	0.214
GRCh38_CMRG_53316	0.212
GRCh38_CMRG_53319	0.212
GRCh38_CMRG_74320	0.21
GRCh38_CMRG_13379	0.21
GRCh38_CMRG_79612	0.206
GRCh38_CMRG_37680	0.198
GRCh38_CMRG_6609	0.188
GRCh38_CMRG_83874	0.279
GRCh38_CMRG_68084	0.241
GRCh38_CMRG_41497	0.231
GRCh38_CMRG_74687	0.23
GRCh38_CMRG_27332	0.229
GRCh38_CMRG_33992	0.229
GRCh38_CMRG_75044	0.223
GRCh38_CMRG_59441	0.222
GRCh38_CMRG_59378	0.219
GRCh38_CMRG_7753	0.211
GRCh38_CMRG_15577	0.21
GRCh38_CMRG_72937	0.21
GRCh38_CMRG_74572	0.204
GRCh38_CMRG_18297	0.191
GRCh38_CMRG_24721	0.366
GRCh38_CMRG_53465	0.283
GRCh38_CMRG_60136	0.249
GRCh38_CMRG_13704	0.238
GRCh38_CMRG_62005	0.228
GRCh38_CMRG_58438	0.227
GRCh38_CMRG_42073	0.22
GRCh38_CMRG_19761	0.22
GRCh38_CMRG_44321	0.22
GRCh38_CMRG_71961	0.22
GRCh38_CMRG_40676	0.218
GRCh38_CMRG_77500	0.218
GRCh38_CMRG_67599	0.215
GRCh38_CMRG_40645	0.213
GRCh38_CMRG_68699	0.213
GRCh38_CMRG_11305	0.211
GRCh38_CMRG_50834	0.21
GRCh38_CMRG_41034	0.209
GRCh38_CMRG_61738	0.208
GRCh38_CMRG_76764	0.208
GRCh38_CMRG_47054	0.203
GRCh38_CMRG_78870	0.35
GRCh38_CMRG_67894	0.259
GRCh38_CMRG_46631	0.24
GRCh38_CMRG_65885	0.231
GRCh38_CMRG_42585	0.229
GRCh38_CMRG_51278	0.228
GRCh38_CMRG_62478	0.224
GRCh38_CMRG_75177	0.224
GRCh38_CMRG_32546	0.224
GRCh38_CMRG_64469	0.223
GRCh38_CMRG_38700	0.218
GRCh38_CMRG_512	0.217
GRCh38_CMRG_27579	0.214
GRCh38_CMRG_33206	0.213
GRCh38_CMRG_31760	0.209
GRCh38_CMRG_451	0.206
GRCh38_CMRG_38632	0.203
GRCh38_CMRG_77714	0.198
GRCh38_CMRG_83689	0.267
GRCh38_CMRG_83072	0.262
GRCh38_CMRG_73080	0.248
GRCh38_CMRG_18947	0.244
GRCh38_CMRG_77604	0.23
GRCh38_CMRG_11729	0.223
GRCh38_CMRG_12818	0.221
GRCh38_CMRG_14393	0.217
GRCh38_CMRG_12572	0.212
GRCh38_CMRG_7863	0.21
GRCh38_CMRG_60334	0.21
GRCh38_CMRG_12918	0.209
GRCh38_CMRG_33248	0.208
GRCh38_CMRG_23241	0.206
GRCh38_CMRG_81215	0.204
GRCh38_CMRG_29670	0.203
GRCh38_CMRG_28099	0.201
GRCh38_CMRG_84101	0.267
GRCh38_CMRG_83688	0.266
GRCh38_CMRG_72322	0.221
GRCh38_CMRG_60123	0.22
GRCh38_CMRG_55150	0.219
GRCh38_CMRG_68709	0.216
GRCh38_CMRG_40190	0.214
GRCh38_CMRG_1838	0.213
GRCh38_CMRG_26910	0.212
GRCh38_CMRG_68044	0.211
GRCh38_CMRG_42110	0.208
GRCh38_CMRG_70772	0.207
GRCh38_CMRG_28682	0.206
GRCh38_CMRG_71374	0.205
GRCh38_CMRG_71901	0.202
GRCh38_CMRG_16557	0.202
GRCh38_CMRG_71950	0.243
GRCh38_CMRG_28886	0.237
GRCh38_CMRG_24014	0.227
GRCh38_CMRG_29080	0.214
GRCh38_CMRG_72658	0.214
GRCh38_CMRG_53891	0.212
GRCh38_CMRG_14776	0.212
GRCh38_CMRG_45504	0.211
GRCh38_CMRG_53727	0.208
GRCh38_CMRG_68052	0.207
GRCh38_CMRG_70703	0.206
GRCh38_CMRG_32053	0.203
GRCh38_CMRG_21581	0.202
GRCh38_CMRG_76656	0.202
GRCh38_CMRG_25821	0.2
GRCh38_CMRG_72578	0.197
GRCh38_CMRG_27483	0.197
GRCh38_CMRG_11588	0.323
GRCh38_CMRG_83147	0.258
GRCh38_CMRG_65174	0.257
GRCh38_CMRG_33506	0.246
GRCh38_CMRG_13417	0.237
GRCh38_CMRG_61328	0.221
GRCh38_CMRG_60791	0.22
GRCh38_CMRG_81402	0.218
GRCh38_CMRG_41463	0.212
GRCh38_CMRG_2472	0.212
GRCh38_CMRG_60816	0.211
GRCh38_CMRG_68329	0.21
GRCh38_CMRG_64824	0.21
GRCh38_CMRG_17236	0.209
GRCh38_CMRG_23758	0.209
GRCh38_CMRG_52784	0.205
GRCh38_CMRG_32919	0.203
GRCh38_CMRG_39345	0.2
GRCh38_CMRG_74296	0.196
GRCh38_CMRG_79446	0.193
GRCh38_CMRG_83770	0.261
GRCh38_CMRG_21077	0.235
GRCh38_CMRG_52274	0.231
GRCh38_CMRG_53395	0.226
GRCh38_CMRG_49406	0.22
GRCh38_CMRG_9666	0.218
GRCh38_CMRG_79803	0.218
GRCh38_CMRG_36977	0.211
GRCh38_CMRG_55104	0.211
GRCh38_CMRG_64492	0.211
GRCh38_CMRG_58787	0.21
GRCh38_CMRG_41717	0.208
GRCh38_CMRG_30593	0.207
GRCh38_CMRG_79795	0.206
GRCh38_CMRG_30606	0.205
GRCh38_CMRG_70559	0.203
GRCh38_CMRG_32863	0.198
GRCh38_CMRG_47455	0.197
GRCh38_CMRG_59682	0.194
GRCh38_CMRG_58463	0.192
GRCh38_CMRG_28208	0.247
GRCh38_CMRG_74692	0.222
GRCh38_CMRG_5765	0.217
GRCh38_CMRG_2873	0.214
GRCh38_CMRG_51011	0.213
GRCh38_CMRG_40921	0.209
GRCh38_CMRG_27646	0.209
GRCh38_CMRG_25044	0.209
GRCh38_CMRG_65738	0.208
GRCh38_CMRG_60332	0.208
GRCh38_CMRG_58483	0.207
GRCh38_CMRG_33466	0.207
GRCh38_CMRG_12917	0.206
GRCh38_CMRG_61208	0.206
GRCh38_CMRG_34014	0.206
GRCh38_CMRG_22606	0.205
GRCh38_CMRG_60175	0.203
GRCh38_CMRG_19806	0.203
GRCh38_CMRG_7084	0.202
GRCh38_CMRG_13949	0.202
GRCh38_CMRG_73642	0.202
GRCh38_CMRG_68321	0.201
GRCh38_CMRG_65213	0.199
GRCh38_CMRG_7271	0.199
GRCh38_CMRG_9021	0.198
GRCh38_CMRG_6922	0.196
GRCh38_CMRG_17687	0.244
GRCh38_CMRG_54772	0.236
GRCh38_CMRG_21571	0.223
GRCh38_CMRG_15072	0.213
GRCh38_CMRG_34484	0.212
GRCh38_CMRG_40981	0.208
GRCh38_CMRG_40408	0.205
GRCh38_CMRG_6073	0.201
GRCh38_CMRG_27244	0.2
GRCh38_CMRG_2036	0.2
GRCh38_CMRG_42173	0.2
GRCh38_CMRG_41944	0.199
GRCh38_CMRG_29493	0.199
GRCh38_CMRG_45918	0.196
GRCh38_CMRG_68456	0.183
GRCh38_CMRG_13793	0.258
GRCh38_CMRG_66084	0.241
GRCh38_CMRG_55361	0.216
GRCh38_CMRG_68018	0.215
GRCh38_CMRG_42239	0.214
GRCh38_CMRG_41253	0.214
GRCh38_CMRG_38455	0.209
GRCh38_CMRG_76784	0.208
GRCh38_CMRG_69991	0.208
GRCh38_CMRG_44232	0.206
GRCh38_CMRG_34709	0.203
GRCh38_CMRG_72284	0.198
GRCh38_CMRG_10734	0.196
GRCh38_CMRG_27968	0.196
GRCh38_CMRG_67890	0.194
GRCh38_CMRG_71820	0.192
GRCh38_CMRG_24058	0.189
GRCh38_CMRG_41780	0.29
GRCh38_CMRG_70368	0.227
GRCh38_CMRG_6882	0.222
GRCh38_CMRG_33748	0.221
GRCh38_CMRG_21724	0.215
GRCh38_CMRG_34640	0.211
GRCh38_CMRG_9520	0.211
GRCh38_CMRG_34508	0.207
GRCh38_CMRG_70460	0.206
GRCh38_CMRG_47027	0.204
GRCh38_CMRG_33274	0.203
GRCh38_CMRG_29608	0.203
GRCh38_CMRG_55638	0.202
GRCh38_CMRG_74728	0.198
GRCh38_CMRG_1729	0.197
GRCh38_CMRG_1730	0.197
GRCh38_CMRG_15605	0.197
GRCh38_CMRG_7114	0.197
GRCh38_CMRG_80690	0.194
GRCh38_CMRG_69113	0.191
GRCh38_CMRG_44061	0.185
GRCh38_CMRG_83712	0.256
GRCh38_CMRG_58829	0.229
GRCh38_CMRG_65646	0.22
GRCh38_CMRG_74586	0.218
GRCh38_CMRG_38635	0.217
GRCh38_CMRG_22035	0.211
GRCh38_CMRG_21570	0.208
GRCh38_CMRG_24249	0.206
GRCh38_CMRG_47596	0.206
GRCh38_CMRG_25237	0.203
GRCh38_CMRG_47592	0.202
GRCh38_CMRG_61720	0.199
GRCh38_CMRG_65428	0.197
GRCh38_CMRG_59034	0.193
GRCh38_CMRG_51869	0.192
GRCh38_CMRG_8337	0.297
GRCh38_CMRG_10871	0.258
GRCh38_CMRG_16881	0.228
GRCh38_CMRG_45771	0.214
GRCh38_CMRG_24257	0.214
GRCh38_CMRG_31786	0.206
GRCh38_CMRG_50783	0.205
GRCh38_CMRG_22366	0.202
GRCh38_CMRG_49169	0.202
GRCh38_CMRG_47249	0.202
GRCh38_CMRG_27864	0.201
GRCh38_CMRG_51878	0.201
GRCh38_CMRG_36171	0.198
GRCh38_CMRG_15331	0.198
GRCh38_CMRG_5713	0.21
GRCh38_CMRG_74321	0.203
GRCh38_CMRG_22196	0.203
GRCh38_CMRG_67446	0.199
GRCh38_CMRG_11412	0.198
GRCh38_CMRG_70770	0.194
GRCh38_CMRG_9636	0.194
GRCh38_CMRG_13953	0.193
GRCh38_CMRG_36747	0.192
GRCh38_CMRG_25977	0.191
GRCh38_CMRG_27064	0.191
GRCh38_CMRG_81360	0.18
GRCh38_CMRG_44997	0.23
GRCh38_CMRG_24984	0.215
GRCh38_CMRG_39011	0.208
GRCh38_CMRG_11151	0.207
GRCh38_CMRG_65215	0.202
GRCh38_CMRG_33999	0.199
GRCh38_CMRG_73362	0.199
GRCh38_CMRG_51605	0.199
GRCh38_CMRG_28174	0.195
GRCh38_CMRG_10929	0.194
GRCh38_CMRG_30677	0.194
GRCh38_CMRG_64764	0.192
GRCh38_CMRG_60447	0.192
GRCh38_CMRG_73393	0.191
GRCh38_CMRG_46679	0.183
GRCh38_CMRG_11814	0.183
GRCh38_CMRG_84287	0.255
GRCh38_CMRG_65385	0.246
GRCh38_CMRG_40867	0.23
GRCh38_CMRG_68077	0.208
GRCh38_CMRG_24357	0.2
GRCh38_CMRG_48732	0.198
GRCh38_CMRG_1405	0.197
GRCh38_CMRG_81340	0.195
GRCh38_CMRG_7713	0.194
GRCh38_CMRG_81741	0.188
GRCh38_CMRG_48814	0.187
GRCh38_CMRG_45782	0.185
GRCh38_CMRG_75706	0.18
GRCh38_CMRG_23729	0.172
GRCh38_CMRG_48037	0.17
GRCh38_CMRG_69222	0.17
GRCh38_CMRG_41433	0.273
GRCh38_CMRG_83246	0.269
GRCh38_CMRG_67584	0.242
GRCh38_CMRG_7612	0.227
GRCh38_CMRG_58841	0.213
GRCh38_CMRG_7793	0.211
GRCh38_CMRG_1175	0.204
GRCh38_CMRG_13590	0.201
GRCh38_CMRG_2624	0.2
GRCh38_CMRG_68899	0.198
GRCh38_CMRG_53243	0.196
GRCh38_CMRG_47029	0.194
GRCh38_CMRG_833	0.194
GRCh38_CMRG_42363	0.194
GRCh38_CMRG_13596	0.191
GRCh38_CMRG_15584	0.187
GRCh38_CMRG_52668	0.185
GRCh38_CMRG_81359	0.18
GRCh38_CMRG_15606	0.177
GRCh38_CMRG_11342	0.319
GRCh38_CMRG_18723	0.222
GRCh38_CMRG_63758	0.217
GRCh38_CMRG_77237	0.212
GRCh38_CMRG_36978	0.204
GRCh38_CMRG_39586	0.203
GRCh38_CMRG_37944	0.202
GRCh38_CMRG_48818	0.198
GRCh38_CMRG_5848	0.195
GRCh38_CMRG_67570	0.195
GRCh38_CMRG_1026	0.195
GRCh38_CMRG_64418	0.194
GRCh38_CMRG_22863	0.194
GRCh38_CMRG_60449	0.19
GRCh38_CMRG_64058	0.19
GRCh38_CMRG_66122	0.19
GRCh38_CMRG_74727	0.187
GRCh38_CMRG_52155	0.187
GRCh38_CMRG_68367	0.301
GRCh38_CMRG_31811	0.293
GRCh38_CMRG_23431	0.248
GRCh38_CMRG_47413	0.215
GRCh38_CMRG_1846	0.202
GRCh38_CMRG_54322	0.201
GRCh38_CMRG_11903	0.2
GRCh38_CMRG_15519	0.197
GRCh38_CMRG_12980	0.197
GRCh38_CMRG_47987	0.197
GRCh38_CMRG_63321	0.192
GRCh38_CMRG_60974	0.192
GRCh38_CMRG_60899	0.192
GRCh38_CMRG_37376	0.191
GRCh38_CMRG_34101	0.191
GRCh38_CMRG_6284	0.191
GRCh38_CMRG_19805	0.191
GRCh38_CMRG_37147	0.191
GRCh38_CMRG_70065	0.189
GRCh38_CMRG_53017	0.189
GRCh38_CMRG_22865	0.188
GRCh38_CMRG_31103	0.181
GRCh38_CMRG_53984	0.18
GRCh38_CMRG_5952	0.247
GRCh38_CMRG_28082	0.225
GRCh38_CMRG_55830	0.214
GRCh38_CMRG_29802	0.214
GRCh38_CMRG_23735	0.192
GRCh38_CMRG_38383	0.189
GRCh38_CMRG_59270	0.189
GRCh38_CMRG_60336	0.189
GRCh38_CMRG_68048	0.188
GRCh38_CMRG_444	0.186
GRCh38_CMRG_22813	0.186
GRCh38_CMRG_68629	0.185
GRCh38_CMRG_62066	0.185
GRCh38_CMRG_70520	0.184
GRCh38_CMRG_83743	0.241
GRCh38_CMRG_8944	0.226
GRCh38_CMRG_76755	0.212
GRCh38_CMRG_68672	0.211
GRCh38_CMRG_40239	0.205
GRCh38_CMRG_60569	0.203
GRCh38_CMRG_60125	0.2
GRCh38_CMRG_697	0.198
GRCh38_CMRG_60041	0.196
GRCh38_CMRG_71044	0.194
GRCh38_CMRG_44792	0.192
GRCh38_CMRG_13267	0.191
GRCh38_CMRG_70702	0.19
GRCh38_CMRG_62096	0.19
GRCh38_CMRG_17812	0.189
GRCh38_CMRG_43704	0.189
GRCh38_CMRG_64718	0.189
GRCh38_CMRG_14140	0.188
GRCh38_CMRG_18060	0.187
GRCh38_CMRG_79636	0.187
GRCh38_CMRG_42368	0.184
GRCh38_CMRG_17570	0.184
GRCh38_CMRG_70742	0.178
GRCh38_CMRG_19260	0.17
GRCh38_CMRG_84132	0.278
GRCh38_CMRG_25853	0.211
GRCh38_CMRG_27475	0.209
GRCh38_CMRG_68444	0.202
GRCh38_CMRG_25373	0.2
GRCh38_CMRG_27876	0.193
GRCh38_CMRG_26450	0.192
GRCh38_CMRG_38239	0.188
GRCh38_CMRG_11557	0.188
GRCh38_CMRG_2444	0.187
GRCh38_CMRG_14345	0.185
GRCh38_CMRG_65328	0.185
GRCh38_CMRG_27092	0.185
GRCh38_CMRG_2704	0.184
GRCh38_CMRG_11129	0.184
GRCh38_CMRG_74748	0.183
GRCh38_CMRG_68278	0.181
GRCh38_CMRG_11144	0.181
GRCh38_CMRG_38376	0.176
GRCh38_CMRG_47890	0.176
GRCh38_CMRG_58151	0.257
GRCh38_CMRG_52760	0.252
GRCh38_CMRG_84102	0.24
GRCh38_CMRG_40868	0.226
GRCh38_CMRG_60059	0.218
GRCh38_CMRG_41738	0.206
GRCh38_CMRG_68896	0.197
GRCh38_CMRG_36394	0.196
GRCh38_CMRG_36406	0.191
GRCh38_CMRG_15065	0.191
GRCh38_CMRG_18588	0.189
GRCh38_CMRG_24896	0.187
GRCh38_CMRG_75069	0.186
GRCh38_CMRG_10893	0.186
GRCh38_CMRG_28911	0.183
GRCh38_CMRG_28318	0.182
GRCh38_CMRG_11117	0.18
GRCh38_CMRG_23210	0.178
GRCh38_CMRG_30559	0.178
GRCh38_CMRG_383	0.178
GRCh38_CMRG_13853	0.271
GRCh38_CMRG_19553	0.264
GRCh38_CMRG_2150	0.227
GRCh38_CMRG_17858	0.2
GRCh38_CMRG_61594	0.191
GRCh38_CMRG_50852	0.189
GRCh38_CMRG_8559	0.186
GRCh38_CMRG_51697	0.185
GRCh38_CMRG_48335	0.184
GRCh38_CMRG_52695	0.183
GRCh38_CMRG_41219	0.182
GRCh38_CMRG_50887	0.179
GRCh38_CMRG_53863	0.178
GRCh38_CMRG_52028	0.251
GRCh38_CMRG_77333	0.216
GRCh38_CMRG_50403	0.205
GRCh38_CMRG_2731	0.195
GRCh38_CMRG_17329	0.192
GRCh38_CMRG_18796	0.19
GRCh38_CMRG_81185	0.188
GRCh38_CMRG_81878	0.187
GRCh38_CMRG_32913	0.185
GRCh38_CMRG_33585	0.183
GRCh38_CMRG_62461	0.18
GRCh38_CMRG_74488	0.177
GRCh38_CMRG_51245	0.176
GRCh38_CMRG_60060	0.213
GRCh38_CMRG_77653	0.202
GRCh38_CMRG_32847	0.201
GRCh38_CMRG_22437	0.191
GRCh38_CMRG_44859	0.19
GRCh38_CMRG_48857	0.187
GRCh38_CMRG_13433	0.186
GRCh38_CMRG_17707	0.185
GRCh38_CMRG_54689	0.181
GRCh38_CMRG_37465	0.181
GRCh38_CMRG_21993	0.179
GRCh38_CMRG_49032	0.176
GRCh38_CMRG_26793	0.236
GRCh38_CMRG_49189	0.229
GRCh38_CMRG_74009	0.214
GRCh38_CMRG_9109	0.205
GRCh38_CMRG_61155	0.203
GRCh38_CMRG_46301	0.197
GRCh38_CMRG_1837	0.195
GRCh38_CMRG_37900	0.194
GRCh38_CMRG_18794	0.187
GRCh38_CMRG_32037	0.182
GRCh38_CMRG_12166	0.179
GRCh38_CMRG_32162	0.178
GRCh38_CMRG_39967	0.178
GRCh38_CMRG_10763	0.178
GRCh38_CMRG_71017	0.175
GRCh38_CMRG_48731	0.175
GRCh38_CMRG_14681	0.174
GRCh38_CMRG_61682	0.173
GRCh38_CMRG_50930	0.243
GRCh38_CMRG_23487	0.239
GRCh38_CMRG_83811	0.231
GRCh38_CMRG_7681	0.211
GRCh38_CMRG_27917	0.199
GRCh38_CMRG_462	0.198
GRCh38_CMRG_33558	0.192
GRCh38_CMRG_32660	0.184
GRCh38_CMRG_35862	0.182
GRCh38_CMRG_40115	0.182
GRCh38_CMRG_24641	0.181
GRCh38_CMRG_434	0.181
GRCh38_CMRG_81584	0.18
GRCh38_CMRG_23404	0.179
GRCh38_CMRG_68339	0.178
GRCh38_CMRG_55410	0.177
GRCh38_CMRG_26279	0.175
GRCh38_CMRG_43843	0.172
GRCh38_CMRG_41289	0.172
GRCh38_CMRG_2435	0.165
GRCh38_CMRG_18459	0.163
GRCh38_CMRG_17447	0.268
GRCh38_CMRG_70688	0.239
GRCh38_CMRG_7689	0.198
GRCh38_CMRG_15406	0.191
GRCh38_CMRG_43878	0.187
GRCh38_CMRG_77419	0.186
GRCh38_CMRG_50261	0.184
GRCh38_CMRG_27476	0.182
GRCh38_CMRG_45269	0.181
GRCh38_CMRG_68476	0.181
GRCh38_CMRG_24126	0.179
GRCh38_CMRG_36206	0.176
GRCh38_CMRG_81913	0.175
GRCh38_CMRG_41251	0.167
GRCh38_CMRG_28880	0.202
GRCh38_CMRG_24419	0.197
GRCh38_CMRG_8919	0.191
GRCh38_CMRG_2668	0.19
GRCh38_CMRG_8591	0.19
GRCh38_CMRG_13246	0.188
GRCh38_CMRG_77398	0.182
GRCh38_CMRG_69831	0.182
GRCh38_CMRG_17671	0.18
GRCh38_CMRG_81759	0.179
GRCh38_CMRG_80043	0.179
GRCh38_CMRG_38388	0.179
GRCh38_CMRG_13463	0.178
GRCh38_CMRG_18638	0.177
GRCh38_CMRG_42495	0.177
GRCh38_CMRG_39900	0.177
GRCh38_CMRG_67147	0.175
GRCh38_CMRG_48094	0.174
GRCh38_CMRG_62462	0.171
GRCh38_CMRG_47185	0.168
GRCh38_CMRG_46190	0.166
GRCh38_CMRG_38649	0.165
GRCh38_CMRG_18465	0.162
GRCh38_CMRG_65506	0.245
GRCh38_CMRG_14896	0.203
GRCh38_CMRG_33344	0.196
GRCh38_CMRG_42275	0.182
GRCh38_CMRG_18912	0.181
GRCh38_CMRG_8327	0.179
GRCh38_CMRG_13620	0.179
GRCh38_CMRG_77339	0.176
GRCh38_CMRG_2835	0.175
GRCh38_CMRG_50335	0.175
GRCh38_CMRG_49149	0.175
GRCh38_CMRG_24380	0.174
GRCh38_CMRG_58905	0.173
GRCh38_CMRG_33607	0.172
GRCh38_CMRG_13104	0.172
GRCh38_CMRG_19112	0.172
GRCh38_CMRG_27516	0.17
GRCh38_CMRG_36276	0.169
GRCh38_CMRG_62007	0.168
GRCh38_CMRG_48276	0.166
GRCh38_CMRG_44384	0.302
GRCh38_CMRG_25068	0.202
GRCh38_CMRG_39928	0.198
GRCh38_CMRG_41625	0.194
GRCh38_CMRG_82053	0.182
GRCh38_CMRG_16628	0.182
GRCh38_CMRG_11083	0.181
GRCh38_CMRG_15441	0.181
GRCh38_CMRG_10812	0.18
GRCh38_CMRG_74604	0.179
GRCh38_CMRG_60453	0.177
GRCh38_CMRG_54160	0.174
GRCh38_CMRG_31405	0.174
GRCh38_CMRG_74225	0.174
GRCh38_CMRG_74664	0.168
GRCh38_CMRG_76689	0.167
GRCh38_CMRG_72050	0.166
GRCh38_CMRG_74691	0.185
GRCh38_CMRG_2374	0.18
GRCh38_CMRG_26876	0.178
GRCh38_CMRG_2454	0.178
GRCh38_CMRG_61759	0.177
GRCh38_CMRG_640	0.176
GRCh38_CMRG_59248	0.174
GRCh38_CMRG_21920	0.174
GRCh38_CMRG_62209	0.173
GRCh38_CMRG_23405	0.173
GRCh38_CMRG_81836	0.172
GRCh38_CMRG_8305	0.17
GRCh38_CMRG_63691	0.17
GRCh38_CMRG_69801	0.169
GRCh38_CMRG_81032	0.169
GRCh38_CMRG_26402	0.168
GRCh38_CMRG_7930	0.168
GRCh38_CMRG_12579	0.164
GRCh38_CMRG_61163	0.275
GRCh38_CMRG_79861	0.265
GRCh38_CMRG_84175	0.216
GRCh38_CMRG_83789	0.214
GRCh38_CMRG_6798	0.2
GRCh38_CMRG_48983	0.194
GRCh38_CMRG_81539	0.183
GRCh38_CMRG_14842	0.183
GRCh38_CMRG_24320	0.18
GRCh38_CMRG_79448	0.177
GRCh38_CMRG_49369	0.177
GRCh38_CMRG_2022	0.176
GRCh38_CMRG_6701	0.173
GRCh38_CMRG_38423	0.172
GRCh38_CMRG_7911	0.17
GRCh38_CMRG_70641	0.168
GRCh38_CMRG_11209	0.168
GRCh38_CMRG_8506	0.168
GRCh38_CMRG_74994	0.165
GRCh38_CMRG_71502	0.162
GRCh38_CMRG_77571	0.248
GRCh38_CMRG_83592	0.233
GRCh38_CMRG_83006	0.225
GRCh38_CMRG_83224	0.211
GRCh38_CMRG_17662	0.193
GRCh38_CMRG_19240	0.176
GRCh38_CMRG_70545	0.174
GRCh38_CMRG_70546	0.174
GRCh38_CMRG_70547	0.173
GRCh38_CMRG_7935	0.171
GRCh38_CMRG_82144	0.169
GRCh38_CMRG_49757	0.167
GRCh38_CMRG_47138	0.166
GRCh38_CMRG_24242	0.163
GRCh38_CMRG_10854	0.255
GRCh38_CMRG_66970	0.202
GRCh38_CMRG_18903	0.197
GRCh38_CMRG_2948	0.189
GRCh38_CMRG_49383	0.184
GRCh38_CMRG_37387	0.18
GRCh38_CMRG_70550	0.173
GRCh38_CMRG_8050	0.171
GRCh38_CMRG_32186	0.171
GRCh38_CMRG_1972	0.169
GRCh38_CMRG_33411	0.168
GRCh38_CMRG_38436	0.167
GRCh38_CMRG_26821	0.163
GRCh38_CMRG_17868	0.16
GRCh38_CMRG_79749	0.254
GRCh38_CMRG_72834	0.176
GRCh38_CMRG_18792	0.174
GRCh38_CMRG_1621	0.174
GRCh38_CMRG_21923	0.169
GRCh38_CMRG_77448	0.167
GRCh38_CMRG_37373	0.164
GRCh38_CMRG_54006	0.162
GRCh38_CMRG_1811	0.16
GRCh38_CMRG_49709	0.16
GRCh38_CMRG_33283	0.16
GRCh38_CMRG_75110	0.275
GRCh38_CMRG_7030	0.203
GRCh38_CMRG_68754	0.189
GRCh38_CMRG_8406	0.177
GRCh38_CMRG_13464	0.175
GRCh38_CMRG_61748	0.173
GRCh38_CMRG_70893	0.169
GRCh38_CMRG_44405	0.167
GRCh38_CMRG_36465	0.166
GRCh38_CMRG_32567	0.165
GRCh38_CMRG_17301	0.165
GRCh38_CMRG_73736	0.162
GRCh38_CMRG_13058	0.161
GRCh38_CMRG_28319	0.161
GRCh38_CMRG_68496	0.197
GRCh38_CMRG_12806	0.181
GRCh38_CMRG_45163	0.178
GRCh38_CMRG_68111	0.177
GRCh38_CMRG_61112	0.174
GRCh38_CMRG_52774	0.173
GRCh38_CMRG_18035	0.173
GRCh38_CMRG_67122	0.17
GRCh38_CMRG_77353	0.169
GRCh38_CMRG_5727	0.167
GRCh38_CMRG_72854	0.167
GRCh38_CMRG_21547	0.166
GRCh38_CMRG_41383	0.166
GRCh38_CMRG_79878	0.166
GRCh38_CMRG_36313	0.164
GRCh38_CMRG_26667	0.163
GRCh38_CMRG_17903	0.16
GRCh38_CMRG_5893	0.16
GRCh38_CMRG_13424	0.159
GRCh38_CMRG_52557	0.159
GRCh38_CMRG_16583	0.158
GRCh38_CMRG_83433	0.157
GRCh38_CMRG_66390	0.153
GRCh38_CMRG_51420	0.191
GRCh38_CMRG_33351	0.185
GRCh38_CMRG_72482	0.185
GRCh38_CMRG_8373	0.18
GRCh38_CMRG_55425	0.169
GRCh38_CMRG_14965	0.168
GRCh38_CMRG_65154	0.168
GRCh38_CMRG_18598	0.168
GRCh38_CMRG_14962	0.168
GRCh38_CMRG_74067	0.166
GRCh38_CMRG_73507	0.166
GRCh38_CMRG_46590	0.166
GRCh38_CMRG_72913	0.166
GRCh38_CMRG_34510	0.159
GRCh38_CMRG_8931	0.267
GRCh38_CMRG_31136	0.176
GRCh38_CMRG_34144	0.174
GRCh38_CMRG_33160	0.173
GRCh38_CMRG_55376	0.172
GRCh38_CMRG_12100	0.17
GRCh38_CMRG_22011	0.169
GRCh38_CMRG_22012	0.169
GRCh38_CMRG_58446	0.164
GRCh38_CMRG_24155	0.163
GRCh38_CMRG_45842	0.163
GRCh38_CMRG_79856	0.163
GRCh38_CMRG_7536	0.16
GRCh38_CMRG_11597	0.159
GRCh38_CMRG_30615	0.158
GRCh38_CMRG_30973	0.157
GRCh38_CMRG_53529	0.157
GRCh38_CMRG_58407	0.156
GRCh38_CMRG_26986	0.156
GRCh38_CMRG_58171	0.156
GRCh38_CMRG_53770	0.151
GRCh38_CMRG_68412	0.183
GRCh38_CMRG_9343	0.176
GRCh38_CMRG_32284	0.175
GRCh38_CMRG_48194	0.172
GRCh38_CMRG_8094	0.17
GRCh38_CMRG_501	0.17
GRCh38_CMRG_37889	0.169
GRCh38_CMRG_37176	0.169
GRCh38_CMRG_36560	0.167
GRCh38_CMRG_25287	0.163
GRCh38_CMRG_55208	0.163
GRCh38_CMRG_49104	0.159
GRCh38_CMRG_39224	0.158
GRCh38_CMRG_12334	0.157
GRCh38_CMRG_84388	0.25
GRCh38_CMRG_37233	0.195
GRCh38_CMRG_77335	0.181
GRCh38_CMRG_10762	0.171
GRCh38_CMRG_41029	0.168
GRCh38_CMRG_67471	0.167
GRCh38_CMRG_55506	0.165
GRCh38_CMRG_55507	0.163
GRCh38_CMRG_19051	0.163
GRCh38_CMRG_12815	0.163
GRCh38_CMRG_32540	0.162
GRCh38_CMRG_6104	0.161
GRCh38_CMRG_32035	0.159
GRCh38_CMRG_36972	0.159
GRCh38_CMRG_29269	0.158
GRCh38_CMRG_40119	0.157
GRCh38_CMRG_52688	0.276
GRCh38_CMRG_9331	0.181
GRCh38_CMRG_37874	0.18
GRCh38_CMRG_46263	0.175
GRCh38_CMRG_72398	0.171
GRCh38_CMRG_15300	0.171
GRCh38_CMRG_6769	0.166
GRCh38_CMRG_9907	0.163
GRCh38_CMRG_58206	0.162
GRCh38_CMRG_55700	0.16
GRCh38_CMRG_65237	0.16
GRCh38_CMRG_8346	0.159
GRCh38_CMRG_69924	0.158
GRCh38_CMRG_43905	0.157
GRCh38_CMRG_61680	0.157
GRCh38_CMRG_71358	0.155
GRCh38_CMRG_46769	0.154
GRCh38_CMRG_51962	0.145
GRCh38_CMRG_45263	0.273
GRCh38_CMRG_74511	0.254
GRCh38_CMRG_18622	0.191
GRCh38_CMRG_68816	0.187
GRCh38_CMRG_38800	0.172
GRCh38_CMRG_64591	0.171
GRCh38_CMRG_77401	0.168
GRCh38_CMRG_55848	0.163
GRCh38_CMRG_22099	0.163
GRCh38_CMRG_9908	0.162
GRCh38_CMRG_45136	0.16
GRCh38_CMRG_73853	0.158
GRCh38_CMRG_33073	0.157
GRCh38_CMRG_46379	0.218
GRCh38_CMRG_81806	0.216
GRCh38_CMRG_73140	0.177
GRCh38_CMRG_1980	0.17
GRCh38_CMRG_31718	0.169
GRCh38_CMRG_74923	0.165
GRCh38_CMRG_55039	0.165
GRCh38_CMRG_62495	0.164
GRCh38_CMRG_81404	0.16
GRCh38_CMRG_60190	0.159
GRCh38_CMRG_8099	0.156
GRCh38_CMRG_21250	0.155
GRCh38_CMRG_33635	0.155
GRCh38_CMRG_72243	0.153
GRCh38_CMRG_68475	0.169
GRCh38_CMRG_70560	0.166
GRCh38_CMRG_61361	0.165
GRCh38_CMRG_80013	0.164
GRCh38_CMRG_24265	0.163
GRCh38_CMRG_48980	0.162
GRCh38_CMRG_12839	0.162
GRCh38_CMRG_36823	0.159
GRCh38_CMRG_46520	0.158
GRCh38_CMRG_64652	0.154
GRCh38_CMRG_54554	0.153
GRCh38_CMRG_36502	0.149
GRCh38_CMRG_25317	0.149
GRCh38_CMRG_36279	0.258
GRCh38_CMRG_52519	0.179
GRCh38_CMRG_28634	0.166
GRCh38_CMRG_41788	0.161
GRCh38_CMRG_60074	0.154
GRCh38_CMRG_33517	0.154
GRCh38_CMRG_28847	0.154
GRCh38_CMRG_60642	0.154
GRCh38_CMRG_53850	0.151
GRCh38_CMRG_39521	0.151
GRCh38_CMRG_81553	0.149
GRCh38_CMRG_52949	0.147
GRCh38_CMRG_36251	0.144
GRCh38_CMRG_45483	0.201
GRCh38_CMRG_24264	0.18
GRCh38_CMRG_68178	0.174
GRCh38_CMRG_8306	0.169
GRCh38_CMRG_34103	0.163
GRCh38_CMRG_22899	0.161
GRCh38_CMRG_67913	0.16
GRCh38_CMRG_48273	0.157
GRCh38_CMRG_50153	0.157
GRCh38_CMRG_36946	0.154
GRCh38_CMRG_76702	0.154
GRCh38_CMRG_17132	0.15
GRCh38_CMRG_45055	0.148
GRCh38_CMRG_29263	0.148
GRCh38_CMRG_68976	0.145
GRCh38_CMRG_458	0.202
GRCh38_CMRG_79754	0.174
GRCh38_CMRG_67850	0.17
GRCh38_CMRG_28036	0.168
GRCh38_CMRG_79759	0.167
GRCh38_CMRG_53655	0.165
GRCh38_CMRG_53647	0.16
GRCh38_CMRG_32335	0.155
GRCh38_CMRG_28385	0.153
GRCh38_CMRG_67494	0.152
GRCh38_CMRG_79002	0.152
GRCh38_CMRG_50705	0.152
GRCh38_CMRG_61085	0.151
GRCh38_CMRG_73935	0.15
GRCh38_CMRG_67546	0.149
GRCh38_CMRG_22307	0.149
GRCh38_CMRG_65191	0.146
GRCh38_CMRG_45699	0.198
GRCh38_CMRG_48968	0.17
GRCh38_CMRG_41776	0.162
GRCh38_CMRG_61729	0.16
GRCh38_CMRG_77376	0.157
GRCh38_CMRG_40111	0.155
GRCh38_CMRG_59958	0.152
GRCh38_CMRG_23745	0.151
GRCh38_CMRG_25093	0.149
GRCh38_CMRG_74138	0.149
GRCh38_CMRG_61478	0.148
GRCh38_CMRG_2581	0.148
GRCh38_CMRG_73776	0.146
GRCh38_CMRG_60527	0.146
GRCh38_CMRG_81295	0.145
GRCh38_CMRG_46028	0.145
GRCh38_CMRG_23654	0.259
GRCh38_CMRG_22037	0.184
GRCh38_CMRG_65280	0.161
GRCh38_CMRG_51872	0.157
GRCh38_CMRG_67567	0.156
GRCh38_CMRG_68386	0.154
GRCh38_CMRG_45336	0.152
GRCh38_CMRG_51596	0.15
GRCh38_CMRG_54792	0.149
GRCh38_CMRG_49816	0.147
GRCh38_CMRG_28256	0.147
GRCh38_CMRG_11596	0.147
GRCh38_CMRG_6991	0.145
GRCh38_CMRG_6908	0.142
GRCh38_CMRG_18581	0.138
GRCh38_CMRG_37835	0.135
GRCh38_CMRG_81528	0.247
GRCh38_CMRG_83047	0.24
GRCh38_CMRG_68133	0.185
GRCh38_CMRG_68931	0.162
GRCh38_CMRG_65071	0.158
GRCh38_CMRG_51370	0.156
GRCh38_CMRG_7399	0.155
GRCh38_CMRG_42468	0.153
GRCh38_CMRG_69114	0.152
GRCh38_CMRG_14980	0.152
GRCh38_CMRG_25946	0.152
GRCh38_CMRG_791	0.151
GRCh38_CMRG_47790	0.15
GRCh38_CMRG_38325	0.147
GRCh38_CMRG_18539	0.146
GRCh38_CMRG_64440	0.146
GRCh38_CMRG_25751	0.145
GRCh38_CMRG_67778	0.142
GRCh38_CMRG_75326	0.163
GRCh38_CMRG_28975	0.162
GRCh38_CMRG_12281	0.16
GRCh38_CMRG_17076	0.155
GRCh38_CMRG_44504	0.154
GRCh38_CMRG_27122	0.154
GRCh38_CMRG_39640	0.149
GRCh38_CMRG_33014	0.149
GRCh38_CMRG_43720	0.149
GRCh38_CMRG_13407	0.148
GRCh38_CMRG_13558	0.146
GRCh38_CMRG_72102	0.139
GRCh38_CMRG_45593	0.176
GRCh38_CMRG_49107	0.165
GRCh38_CMRG_46239	0.162
GRCh38_CMRG_22026	0.161
GRCh38_CMRG_53603	0.159
GRCh38_CMRG_49025	0.157
GRCh38_CMRG_46054	0.153
GRCh38_CMRG_39222	0.153
GRCh38_CMRG_63728	0.153
GRCh38_CMRG_64853	0.152
GRCh38_CMRG_14383	0.151
GRCh38_CMRG_24038	0.149
GRCh38_CMRG_30678	0.148
GRCh38_CMRG_74878	0.148
GRCh38_CMRG_8266	0.147
GRCh38_CMRG_58666	0.147
GRCh38_CMRG_6151	0.146
GRCh38_CMRG_41393	0.146
GRCh38_CMRG_79613	0.145
GRCh38_CMRG_26682	0.144
GRCh38_CMRG_42478	0.144
GRCh38_CMRG_33357	0.144
GRCh38_CMRG_80783	0.143
GRCh38_CMRG_55354	0.141
GRCh38_CMRG_71646	0.141
GRCh38_CMRG_33754	0.14
GRCh38_CMRG_13574	0.22
GRCh38_CMRG_23419	0.186
GRCh38_CMRG_7613	0.161
GRCh38_CMRG_55549	0.154
GRCh38_CMRG_19847	0.153
GRCh38_CMRG_63763	0.149
GRCh38_CMRG_14601	0.147
GRCh38_CMRG_76934	0.145
GRCh38_CMRG_581	0.143
GRCh38_CMRG_12865	0.141
GRCh38_CMRG_77432	0.14
GRCh38_CMRG_69371	0.136
GRCh38_CMRG_36454	0.135
GRCh38_CMRG_70756	0.173
GRCh38_CMRG_45474	0.17
GRCh38_CMRG_27532	0.163
GRCh38_CMRG_60280	0.156
GRCh38_CMRG_10765	0.153
GRCh38_CMRG_30636	0.149
GRCh38_CMRG_72393	0.149
GRCh38_CMRG_25296	0.146
GRCh38_CMRG_8332	0.145
GRCh38_CMRG_24007	0.143
GRCh38_CMRG_29577	0.141
GRCh38_CMRG_74899	0.14
GRCh38_CMRG_18582	0.135
GRCh38_CMRG_46025	0.2
GRCh38_CMRG_79871	0.188
GRCh38_CMRG_36010	0.175
GRCh38_CMRG_54005	0.166
GRCh38_CMRG_64199	0.148
GRCh38_CMRG_1955	0.148
GRCh38_CMRG_33555	0.145
GRCh38_CMRG_67477	0.143
GRCh38_CMRG_51696	0.14
GRCh38_CMRG_8175	0.137
GRCh38_CMRG_68623	0.137
GRCh38_CMRG_30005	0.136
GRCh38_CMRG_55846	0.156
GRCh38_CMRG_74652	0.151
GRCh38_CMRG_24939	0.145
GRCh38_CMRG_19443	0.144
GRCh38_CMRG_27755	0.144
GRCh38_CMRG_74193	0.143
GRCh38_CMRG_66016	0.14
GRCh38_CMRG_32512	0.139
GRCh38_CMRG_48026	0.134
GRCh38_CMRG_50931	0.2
GRCh38_CMRG_32684	0.195
GRCh38_CMRG_31390	0.161
GRCh38_CMRG_77638	0.156
GRCh38_CMRG_22594	0.151
GRCh38_CMRG_76886	0.15
GRCh38_CMRG_53610	0.148
GRCh38_CMRG_63357	0.145
GRCh38_CMRG_24697	0.144
GRCh38_CMRG_68372	0.144
GRCh38_CMRG_11741	0.143
GRCh38_CMRG_25826	0.142
GRCh38_CMRG_31692	0.142
GRCh38_CMRG_49148	0.141
GRCh38_CMRG_75056	0.139
GRCh38_CMRG_40206	0.139
GRCh38_CMRG_72434	0.139
GRCh38_CMRG_18208	0.138
GRCh38_CMRG_77429	0.138
GRCh38_CMRG_17831	0.137
GRCh38_CMRG_36573	0.177
GRCh38_CMRG_70576	0.163
GRCh38_CMRG_71710	0.157
GRCh38_CMRG_43591	0.156
GRCh38_CMRG_63240	0.154
GRCh38_CMRG_11853	0.151
GRCh38_CMRG_32737	0.148
GRCh38_CMRG_19213	0.144
GRCh38_CMRG_41543	0.142
GRCh38_CMRG_25985	0.142
GRCh38_CMRG_31691	0.141
GRCh38_CMRG_71594	0.141
GRCh38_CMRG_19445	0.141
GRCh38_CMRG_437	0.14
GRCh38_CMRG_60446	0.139
GRCh38_CMRG_79679	0.138
GRCh38_CMRG_51573	0.138
GRCh38_CMRG_60454	0.137
GRCh38_CMRG_13963	0.137
GRCh38_CMRG_60128	0.136
GRCh38_CMRG_42317	0.136
GRCh38_CMRG_45459	0.136
GRCh38_CMRG_71011	0.135
GRCh38_CMRG_47154	0.131
GRCh38_CMRG_80019	0.21
GRCh38_CMRG_83808	0.182
GRCh38_CMRG_26909	0.165
GRCh38_CMRG_38382	0.149
GRCh38_CMRG_64496	0.142
GRCh38_CMRG_17466	0.142
GRCh38_CMRG_70895	0.14
GRCh38_CMRG_67551	0.138
GRCh38_CMRG_80946	0.137
GRCh38_CMRG_44905	0.137
GRCh38_CMRG_52500	0.137
GRCh38_CMRG_41723	0.136
GRCh38_CMRG_47391	0.136
GRCh38_CMRG_75058	0.131
GRCh38_CMRG_84517	0.185
GRCh38_CMRG_83244	0.185
GRCh38_CMRG_83005	0.182
GRCh38_CMRG_13682	0.17
GRCh38_CMRG_31358	0.167
GRCh38_CMRG_81618	0.164
GRCh38_CMRG_80026	0.147
GRCh38_CMRG_67941	0.147
GRCh38_CMRG_47984	0.147
GRCh38_CMRG_76818	0.145
GRCh38_CMRG_13655	0.145
GRCh38_CMRG_53359	0.143
GRCh38_CMRG_24037	0.142
GRCh38_CMRG_65284	0.141
GRCh38_CMRG_44124	0.141
GRCh38_CMRG_2920	0.141
GRCh38_CMRG_37295	0.14
GRCh38_CMRG_79146	0.14
GRCh38_CMRG_5543	0.138
GRCh38_CMRG_13825	0.138
GRCh38_CMRG_37643	0.138
GRCh38_CMRG_47002	0.136
GRCh38_CMRG_30009	0.135
GRCh38_CMRG_74750	0.135
GRCh38_CMRG_71919	0.135
GRCh38_CMRG_19836	0.135
GRCh38_CMRG_9370	0.134
GRCh38_CMRG_51868	0.134
GRCh38_CMRG_45631	0.133
GRCh38_CMRG_45120	0.131
GRCh38_CMRG_50969	0.131
GRCh38_CMRG_69681	0.126
GRCh38_CMRG_23812	0.123
GRCh38_CMRG_7953	0.169
GRCh38_CMRG_39195	0.146
GRCh38_CMRG_2189	0.142
GRCh38_CMRG_28404	0.142
GRCh38_CMRG_70543	0.142
GRCh38_CMRG_28986	0.14
GRCh38_CMRG_39620	0.137
GRCh38_CMRG_21766	0.135
GRCh38_CMRG_64558	0.132
GRCh38_CMRG_33437	0.13
GRCh38_CMRG_2864	0.123
GRCh38_CMRG_83918	0.168
GRCh38_CMRG_82882	0.154
GRCh38_CMRG_13651	0.148
GRCh38_CMRG_9569	0.142
GRCh38_CMRG_65572	0.14
GRCh38_CMRG_68662	0.139
GRCh38_CMRG_12647	0.137
GRCh38_CMRG_2318	0.137
GRCh38_CMRG_42211	0.136
GRCh38_CMRG_38214	0.134
GRCh38_CMRG_73076	0.133
GRCh38_CMRG_36185	0.133
GRCh38_CMRG_23442	0.132
GRCh38_CMRG_40503	0.132
GRCh38_CMRG_67793	0.132
GRCh38_CMRG_22098	0.131
GRCh38_CMRG_19114	0.13
GRCh38_CMRG_18854	0.13
GRCh38_CMRG_43727	0.128
GRCh38_CMRG_34181	0.121
GRCh38_CMRG_59625	0.144
GRCh38_CMRG_25886	0.138
GRCh38_CMRG_68558	0.136
GRCh38_CMRG_55828	0.135
GRCh38_CMRG_10784	0.134
GRCh38_CMRG_79990	0.13
GRCh38_CMRG_79994	0.13
GRCh38_CMRG_8682	0.129
GRCh38_CMRG_60050	0.129
GRCh38_CMRG_49071	0.127
GRCh38_CMRG_14156	0.127
GRCh38_CMRG_40693	0.125
GRCh38_CMRG_1192	0.124
GRCh38_CMRG_63605	0.15
GRCh38_CMRG_55353	0.145
GRCh38_CMRG_47191	0.142
GRCh38_CMRG_31181	0.139
GRCh38_CMRG_25890	0.138
GRCh38_CMRG_6816	0.137
GRCh38_CMRG_11653	0.135
GRCh38_CMRG_27068	0.134
GRCh38_CMRG_13262	0.134
GRCh38_CMRG_23288	0.134
GRCh38_CMRG_34537	0.132
GRCh38_CMRG_13419	0.131
GRCh38_CMRG_68061	0.13
GRCh38_CMRG_33557	0.13
GRCh38_CMRG_45894	0.12
GRCh38_CMRG_83076	0.224
GRCh38_CMRG_21605	0.208
GRCh38_CMRG_38364	0.145
GRCh38_CMRG_68588	0.144
GRCh38_CMRG_16999	0.137
GRCh38_CMRG_68387	0.135
GRCh38_CMRG_47783	0.135
GRCh38_CMRG_19808	0.135
GRCh38_CMRG_33774	0.134
GRCh38_CMRG_70425	0.134
GRCh38_CMRG_59149	0.131
GRCh38_CMRG_26815	0.131
GRCh38_CMRG_51546	0.131
GRCh38_CMRG_43729	0.129
GRCh38_CMRG_67224	0.129
GRCh38_CMRG_54829	0.128
GRCh38_CMRG_69383	0.125
GRCh38_CMRG_45926	0.125
GRCh38_CMRG_9681	0.125
GRCh38_CMRG_41800	0.155
GRCh38_CMRG_32848	0.151
GRCh38_CMRG_7888	0.141
GRCh38_CMRG_6822	0.14
GRCh38_CMRG_32905	0.132
GRCh38_CMRG_38619	0.132
GRCh38_CMRG_49028	0.132
GRCh38_CMRG_75085	0.13
GRCh38_CMRG_53956	0.129
GRCh38_CMRG_40023	0.128
GRCh38_CMRG_77178	0.127
GRCh38_CMRG_13997	0.127
GRCh38_CMRG_12475	0.124
GRCh38_CMRG_22873	0.124
GRCh38_CMRG_7814	0.123
GRCh38_CMRG_33123	0.19
GRCh38_CMRG_45892	0.154
GRCh38_CMRG_81253	0.153
GRCh38_CMRG_68529	0.152
GRCh38_CMRG_51439	0.145
GRCh38_CMRG_53844	0.137
GRCh38_CMRG_60183	0.135
GRCh38_CMRG_36589	0.135
GRCh38_CMRG_58931	0.133
GRCh38_CMRG_26505	0.133
GRCh38_CMRG_64838	0.13
GRCh38_CMRG_55551	0.129
GRCh38_CMRG_64904	0.129
GRCh38_CMRG_16713	0.129
GRCh38_CMRG_17956	0.126
GRCh38_CMRG_78879	0.123
GRCh38_CMRG_40782	0.122
GRCh38_CMRG_55279	0.12
GRCh38_CMRG_34388	0.119
GRCh38_CMRG_84009	0.218
GRCh38_CMRG_54330	0.198
GRCh38_CMRG_7477	0.173
GRCh38_CMRG_84039	0.16
GRCh38_CMRG_7954	0.14
GRCh38_CMRG_52423	0.136
GRCh38_CMRG_11669	0.134
GRCh38_CMRG_37367	0.132
GRCh38_CMRG_64515	0.131
GRCh38_CMRG_2245	0.13
GRCh38_CMRG_44305	0.128
GRCh38_CMRG_45465	0.128
GRCh38_CMRG_60500	0.128
GRCh38_CMRG_18781	0.128
GRCh38_CMRG_37788	0.127
GRCh38_CMRG_29501	0.126
GRCh38_CMRG_64722	0.124
GRCh38_CMRG_49147	0.123
GRCh38_CMRG_55199	0.121
GRCh38_CMRG_8005	0.115
GRCh38_CMRG_32129	0.146
GRCh38_CMRG_18777	0.135
GRCh38_CMRG_7383	0.132
GRCh38_CMRG_49355	0.131
GRCh38_CMRG_62467	0.13
GRCh38_CMRG_52194	0.129
GRCh38_CMRG_441	0.128
GRCh38_CMRG_7357	0.127
GRCh38_CMRG_21603	0.126
GRCh38_CMRG_80035	0.125
GRCh38_CMRG_36341	0.125
GRCh38_CMRG_15473	0.122
GRCh38_CMRG_82166	0.122
GRCh38_CMRG_55519	0.121
GRCh38_CMRG_48914	0.119
GRCh38_CMRG_72377	0.203
GRCh38_CMRG_48339	0.137
GRCh38_CMRG_17577	0.132
GRCh38_CMRG_63519	0.131
GRCh38_CMRG_45999	0.127
GRCh38_CMRG_44985	0.127
GRCh38_CMRG_60857	0.127
GRCh38_CMRG_22277	0.125
GRCh38_CMRG_46528	0.124
GRCh38_CMRG_27570	0.123
GRCh38_CMRG_45476	0.115
GRCh38_CMRG_83681	0.159
GRCh38_CMRG_1102	0.155
GRCh38_CMRG_28231	0.154
GRCh38_CMRG_26456	0.133
GRCh38_CMRG_33949	0.131
GRCh38_CMRG_21654	0.128
GRCh38_CMRG_32676	0.127
GRCh38_CMRG_13392	0.127
GRCh38_CMRG_62644	0.126
GRCh38_CMRG_55538	0.125
GRCh38_CMRG_70774	0.125
GRCh38_CMRG_45853	0.124
GRCh38_CMRG_74938	0.123
GRCh38_CMRG_49113	0.121
GRCh38_CMRG_72403	0.121
GRCh38_CMRG_71660	0.121
GRCh38_CMRG_6683	0.121
GRCh38_CMRG_2276	0.118
GRCh38_CMRG_73321	0.116
GRCh38_CMRG_52520	0.116
GRCh38_CMRG_33000	0.114
GRCh38_CMRG_62710	0.112
GRCh38_CMRG_75455	0.18
GRCh38_CMRG_23415	0.178
GRCh38_CMRG_72629	0.15
GRCh38_CMRG_17205	0.129
GRCh38_CMRG_68652	0.129
GRCh38_CMRG_28831	0.128
GRCh38_CMRG_47186	0.128
GRCh38_CMRG_1326	0.128
GRCh38_CMRG_68563	0.127
GRCh38_CMRG_38537	0.125
GRCh38_CMRG_52315	0.123
GRCh38_CMRG_38787	0.122
GRCh38_CMRG_51908	0.122
GRCh38_CMRG_79704	0.121
GRCh38_CMRG_47530	0.12
GRCh38_CMRG_9082	0.116
GRCh38_CMRG_62094	0.163
GRCh38_CMRG_40970	0.132
GRCh38_CMRG_33071	0.131
GRCh38_CMRG_69916	0.129
GRCh38_CMRG_77078	0.127
GRCh38_CMRG_18748	0.126
GRCh38_CMRG_69547	0.123
GRCh38_CMRG_45481	0.122
GRCh38_CMRG_11980	0.122
GRCh38_CMRG_65348	0.122
GRCh38_CMRG_77644	0.121
GRCh38_CMRG_49690	0.12
GRCh38_CMRG_7079	0.119
GRCh38_CMRG_55513	0.116
GRCh38_CMRG_38220	0.116
GRCh38_CMRG_51416	0.208
GRCh38_CMRG_38099	0.188
GRCh38_CMRG_84274	0.152
GRCh38_CMRG_33368	0.141
GRCh38_CMRG_52562	0.132
GRCh38_CMRG_45462	0.131
GRCh38_CMRG_8032	0.128
GRCh38_CMRG_34089	0.127
GRCh38_CMRG_27327	0.125
GRCh38_CMRG_39903	0.125
GRCh38_CMRG_59105	0.125
GRCh38_CMRG_41619	0.12
GRCh38_CMRG_55493	0.12
GRCh38_CMRG_72103	0.118
GRCh38_CMRG_68486	0.116
GRCh38_CMRG_84565	0.216
GRCh38_CMRG_18925	0.156
GRCh38_CMRG_64458	0.136
GRCh38_CMRG_1573	0.136
GRCh38_CMRG_63494	0.128
GRCh38_CMRG_39536	0.126
GRCh38_CMRG_2829	0.123
GRCh38_CMRG_49001	0.123
GRCh38_CMRG_38979	0.122
GRCh38_CMRG_49015	0.122
GRCh38_CMRG_65908	0.12
GRCh38_CMRG_38224	0.118
GRCh38_CMRG_9002	0.116
GRCh38_CMRG_13586	0.115
GRCh38_CMRG_44333	0.113
GRCh38_CMRG_33929	0.113
GRCh38_CMRG_68055	0.153
GRCh38_CMRG_48141	0.125
GRCh38_CMRG_59106	0.123
GRCh38_CMRG_18554	0.121
GRCh38_CMRG_50250	0.121
GRCh38_CMRG_13760	0.121
GRCh38_CMRG_7576	0.119
GRCh38_CMRG_52512	0.118
GRCh38_CMRG_44665	0.117
GRCh38_CMRG_53862	0.117
GRCh38_CMRG_25968	0.117
GRCh38_CMRG_29748	0.115
GRCh38_CMRG_16602	0.113
GRCh38_CMRG_7772	0.11
GRCh38_CMRG_11999	0.11
GRCh38_CMRG_60106	0.178
GRCh38_CMRG_61043	0.13
GRCh38_CMRG_61909	0.13
GRCh38_CMRG_80796	0.126
GRCh38_CMRG_79719	0.124
GRCh38_CMRG_67594	0.122
GRCh38_CMRG_23804	0.122
GRCh38_CMRG_78878	0.117
GRCh38_CMRG_24704	0.116
GRCh38_CMRG_74231	0.115
GRCh38_CMRG_14691	0.115
GRCh38_CMRG_1601	0.115
GRCh38_CMRG_40700	0.114
GRCh38_CMRG_54363	0.113
GRCh38_CMRG_59883	0.113
GRCh38_CMRG_70495	0.111
GRCh38_CMRG_67611	0.11
GRCh38_CMRG_65404	0.109
GRCh38_CMRG_84058	0.152
GRCh38_CMRG_49514	0.145
GRCh38_CMRG_54879	0.121
GRCh38_CMRG_32491	0.12
GRCh38_CMRG_77563	0.117
GRCh38_CMRG_48573	0.116
GRCh38_CMRG_31626	0.114
GRCh38_CMRG_53720	0.113
GRCh38_CMRG_77154	0.113
GRCh38_CMRG_24260	0.113
GRCh38_CMRG_31236	0.11
GRCh38_CMRG_75180	0.109
GRCh38_CMRG_51477	0.109
GRCh38_CMRG_70029	0.108
GRCh38_CMRG_46292	0.181
GRCh38_CMRG_37183	0.169
GRCh38_CMRG_12912	0.158
GRCh38_CMRG_81627	0.145
GRCh38_CMRG_31810	0.142
GRCh38_CMRG_7777	0.131
GRCh38_CMRG_7519	0.128
GRCh38_CMRG_77589	0.123
GRCh38_CMRG_23178	0.118
GRCh38_CMRG_81820	0.118
GRCh38_CMRG_68783	0.117
GRCh38_CMRG_9092	0.117
GRCh38_CMRG_21822	0.116
GRCh38_CMRG_17497	0.116
GRCh38_CMRG_70965	0.115
GRCh38_CMRG_18840	0.115
GRCh38_CMRG_36775	0.113
GRCh38_CMRG_8111	0.113
GRCh38_CMRG_14491	0.113
GRCh38_CMRG_22210	0.113
GRCh38_CMRG_42543	0.112
GRCh38_CMRG_47601	0.112
GRCh38_CMRG_65589	0.16
GRCh38_CMRG_24112	0.123
GRCh38_CMRG_21162	0.121
GRCh38_CMRG_74098	0.119
GRCh38_CMRG_39868	0.117
GRCh38_CMRG_59610	0.117
GRCh38_CMRG_24012	0.117
GRCh38_CMRG_67633	0.116
GRCh38_CMRG_12126	0.116
GRCh38_CMRG_68808	0.113
GRCh38_CMRG_24309	0.113
GRCh38_CMRG_21609	0.112
GRCh38_CMRG_69560	0.112
GRCh38_CMRG_68523	0.112
GRCh38_CMRG_54102	0.111
GRCh38_CMRG_68242	0.109
GRCh38_CMRG_8119	0.109
GRCh38_CMRG_45815	0.109
GRCh38_CMRG_2868	0.107
GRCh38_CMRG_84361	0.141
GRCh38_CMRG_71677	0.135
GRCh38_CMRG_67956	0.126
GRCh38_CMRG_70858	0.123
GRCh38_CMRG_20017	0.119
GRCh38_CMRG_21908	0.118
GRCh38_CMRG_70155	0.115
GRCh38_CMRG_45478	0.114
GRCh38_CMRG_71984	0.113
GRCh38_CMRG_63674	0.111
GRCh38_CMRG_27562	0.109
GRCh38_CMRG_40174	0.109
GRCh38_CMRG_74434	0.176
GRCh38_CMRG_76824	0.137
GRCh38_CMRG_24735	0.123
GRCh38_CMRG_18887	0.12
GRCh38_CMRG_60303	0.116
GRCh38_CMRG_69861	0.116
GRCh38_CMRG_39346	0.113
GRCh38_CMRG_46355	0.112
GRCh38_CMRG_59113	0.112
GRCh38_CMRG_46767	0.112
GRCh38_CMRG_22483	0.109
GRCh38_CMRG_12988	0.102
GRCh38_CMRG_83120	0.164
GRCh38_CMRG_9110	0.122
GRCh38_CMRG_61688	0.119
GRCh38_CMRG_14403	0.112
GRCh38_CMRG_1412	0.11
GRCh38_CMRG_54284	0.109
GRCh38_CMRG_59061	0.108
GRCh38_CMRG_54590	0.106
GRCh38_CMRG_22415	0.105
GRCh38_CMRG_39076	0.104
GRCh38_CMRG_63512	0.128
GRCh38_CMRG_46989	0.115
GRCh38_CMRG_11286	0.114
GRCh38_CMRG_32872	0.114
GRCh38_CMRG_16714	0.112
GRCh38_CMRG_67626	0.109
GRCh38_CMRG_69559	0.109
GRCh38_CMRG_45567	0.109
GRCh38_CMRG_52173	0.108
GRCh38_CMRG_11848	0.105
GRCh38_CMRG_17861	0.103
GRCh38_CMRG_28055	0.1
GRCh38_CMRG_38011	0.135
GRCh38_CMRG_39080	0.118
GRCh38_CMRG_49544	0.113
GRCh38_CMRG_21726	0.111
GRCh38_CMRG_77132	0.11
GRCh38_CMRG_66998	0.106
GRCh38_CMRG_18955	0.106
GRCh38_CMRG_28152	0.105
GRCh38_CMRG_17335	0.105
GRCh38_CMRG_24284	0.101
GRCh38_CMRG_77337	0.184
GRCh38_CMRG_26	0.133
GRCh38_CMRG_52426	0.116
GRCh38_CMRG_29865	0.115
GRCh38_CMRG_36588	0.115
GRCh38_CMRG_37865	0.112
GRCh38_CMRG_54572	0.11
GRCh38_CMRG_46244	0.108
GRCh38_CMRG_43798	0.106
GRCh38_CMRG_62312	0.104
GRCh38_CMRG_77557	0.103
GRCh38_CMRG_33228	0.103
GRCh38_CMRG_71147	0.103
GRCh38_CMRG_43738	0.103
GRCh38_CMRG_54769	0.103
GRCh38_CMRG_74187	0.102
GRCh38_CMRG_1498	0.102
GRCh38_CMRG_69797	0.102
GRCh38_CMRG_17264	0.172
GRCh38_CMRG_8301	0.11
GRCh38_CMRG_65102	0.109
GRCh38_CMRG_81619	0.108
GRCh38_CMRG_22451	0.108
GRCh38_CMRG_65270	0.106
GRCh38_CMRG_64428	0.106
GRCh38_CMRG_69888	0.105
GRCh38_CMRG_18855	0.105
GRCh38_CMRG_25767	0.101
GRCh38_CMRG_52583	0.1
GRCh38_CMRG_71745	0.097
GRCh38_CMRG_77389	0.113
GRCh38_CMRG_36590	0.113
GRCh38_CMRG_44995	0.109
GRCh38_CMRG_22599	0.108
GRCh38_CMRG_70761	0.107
GRCh38_CMRG_13801	0.107
GRCh38_CMRG_69555	0.103
GRCh38_CMRG_72646	0.103
GRCh38_CMRG_40370	0.101
GRCh38_CMRG_15448	0.1
GRCh38_CMRG_49825	0.1
GRCh38_CMRG_49209	0.148
GRCh38_CMRG_83904	0.13
GRCh38_CMRG_36769	0.117
GRCh38_CMRG_72774	0.114
GRCh38_CMRG_23737	0.112
GRCh38_CMRG_53809	0.109
GRCh38_CMRG_24301	0.107
GRCh38_CMRG_33664	0.107
GRCh38_CMRG_34600	0.106
GRCh38_CMRG_74458	0.105
GRCh38_CMRG_23847	0.105
GRCh38_CMRG_76807	0.104
GRCh38_CMRG_38770	0.104
GRCh38_CMRG_9481	0.102
GRCh38_CMRG_13471	0.102
GRCh38_CMRG_31353	0.102
GRCh38_CMRG_81993	0.101
GRCh38_CMRG_31377	0.1
GRCh38_CMRG_58988	0.099
GRCh38_CMRG_37615	0.099
GRCh38_CMRG_67821	0.099
GRCh38_CMRG_32514	0.098
GRCh38_CMRG_8020	0.141
GRCh38_CMRG_55778	0.113
GRCh38_CMRG_45498	0.105
GRCh38_CMRG_68409	0.104
GRCh38_CMRG_24781	0.103
GRCh38_CMRG_33617	0.103
GRCh38_CMRG_65918	0.102
GRCh38_CMRG_25403	0.101
GRCh38_CMRG_48315	0.099
GRCh38_CMRG_22552	0.126
GRCh38_CMRG_365	0.124
GRCh38_CMRG_45978	0.119
GRCh38_CMRG_65886	0.117
GRCh38_CMRG_49921	0.107
GRCh38_CMRG_67130	0.106
GRCh38_CMRG_25892	0.105
GRCh38_CMRG_13595	0.105
GRCh38_CMRG_49698	0.103
GRCh38_CMRG_24287	0.099
GRCh38_CMRG_52967	0.099
GRCh38_CMRG_50026	0.098
GRCh38_CMRG_45220	0.097
GRCh38_CMRG_67501	0.097
GRCh38_CMRG_19803	0.096
GRCh38_CMRG_5868	0.096
GRCh38_CMRG_32005	0.094
GRCh38_CMRG_64906	0.093
GRCh38_CMRG_25308	0.092
GRCh38_CMRG_68620	0.113
GRCh38_CMRG_69770	0.103
GRCh38_CMRG_24890	0.102
GRCh38_CMRG_23519	0.101
GRCh38_CMRG_60316	0.101
GRCh38_CMRG_71994	0.1
GRCh38_CMRG_36986	0.099
GRCh38_CMRG_1895	0.099
GRCh38_CMRG_59019	0.097
GRCh38_CMRG_40168	0.096
GRCh38_CMRG_69037	0.095
GRCh38_CMRG_37901	0.094
GRCh38_CMRG_70280	0.093
GRCh38_CMRG_18309	0.092
GRCh38_CMRG_24189	0.142
GRCh38_CMRG_71088	0.105
GRCh38_CMRG_55259	0.104
GRCh38_CMRG_6499	0.103
GRCh38_CMRG_23554	0.1
GRCh38_CMRG_33397	0.1
GRCh38_CMRG_2943	0.099
GRCh38_CMRG_54831	0.098
GRCh38_CMRG_38218	0.096
GRCh38_CMRG_31471	0.095
GRCh38_CMRG_49572	0.094
GRCh38_CMRG_80841	0.105
GRCh38_CMRG_60450	0.102
GRCh38_CMRG_46542	0.102
GRCh38_CMRG_26969	0.099
GRCh38_CMRG_36105	0.099
GRCh38_CMRG_79586	0.099
GRCh38_CMRG_25891	0.098
GRCh38_CMRG_17572	0.097
GRCh38_CMRG_47820	0.097
GRCh38_CMRG_31926	0.095
GRCh38_CMRG_59044	0.095
GRCh38_CMRG_59183	0.095
GRCh38_CMRG_75021	0.092
GRCh38_CMRG_27201	0.145
GRCh38_CMRG_72601	0.124
GRCh38_CMRG_79809	0.124
GRCh38_CMRG_84477	0.121
GRCh38_CMRG_18336	0.108
GRCh38_CMRG_21276	0.103
GRCh38_CMRG_49267	0.099
GRCh38_CMRG_33866	0.094
GRCh38_CMRG_8451	0.094
GRCh38_CMRG_38362	0.093
GRCh38_CMRG_55486	0.092
GRCh38_CMRG_13020	0.091
GRCh38_CMRG_47508	0.091
GRCh38_CMRG_9315	0.09
GRCh38_CMRG_84213	0.125
GRCh38_CMRG_28534	0.106
GRCh38_CMRG_83071	0.105
GRCh38_CMRG_7744	0.097
GRCh38_CMRG_51196	0.095
GRCh38_CMRG_67010	0.093
GRCh38_CMRG_7511	0.093
GRCh38_CMRG_73332	0.091
GRCh38_CMRG_32054	0.09
GRCh38_CMRG_33910	0.09
GRCh38_CMRG_38212	0.16
GRCh38_CMRG_41242	0.096
GRCh38_CMRG_47881	0.094
GRCh38_CMRG_13799	0.093
GRCh38_CMRG_55593	0.093
GRCh38_CMRG_12857	0.092
GRCh38_CMRG_70390	0.092
GRCh38_CMRG_18896	0.092
GRCh38_CMRG_13697	0.09
GRCh38_CMRG_34197	0.089
GRCh38_CMRG_21626	0.139
GRCh38_CMRG_54371	0.137
GRCh38_CMRG_45094	0.106
GRCh38_CMRG_48924	0.098
GRCh38_CMRG_63368	0.098
GRCh38_CMRG_8286	0.096
GRCh38_CMRG_54546	0.095
GRCh38_CMRG_2946	0.092
GRCh38_CMRG_53589	0.092
GRCh38_CMRG_1327	0.091
GRCh38_CMRG_12280	0.091
GRCh38_CMRG_68692	0.089
GRCh38_CMRG_6858	0.089
GRCh38_CMRG_59708	0.088
GRCh38_CMRG_18446	0.088
GRCh38_CMRG_77533	0.088
GRCh38_CMRG_42392	0.088
GRCh38_CMRG_17825	0.088
GRCh38_CMRG_64894	0.085
GRCh38_CMRG_72422	0.126
GRCh38_CMRG_37765	0.117
GRCh38_CMRG_65057	0.106
GRCh38_CMRG_43656	0.103
GRCh38_CMRG_83216	0.099
GRCh38_CMRG_38753	0.096
GRCh38_CMRG_45037	0.096
GRCh38_CMRG_68526	0.095
GRCh38_CMRG_55602	0.094
GRCh38_CMRG_55692	0.093
GRCh38_CMRG_32253	0.092
GRCh38_CMRG_517	0.091
GRCh38_CMRG_32339	0.09
GRCh38_CMRG_66132	0.089
GRCh38_CMRG_14944	0.086
GRCh38_CMRG_40885	0.129
GRCh38_CMRG_58637	0.098
GRCh38_CMRG_74719	0.097
GRCh38_CMRG_10916	0.096
GRCh38_CMRG_20840	0.094
GRCh38_CMRG_36004	0.092
GRCh38_CMRG_22993	0.091
GRCh38_CMRG_16784	0.091
GRCh38_CMRG_6753	0.09
GRCh38_CMRG_32936	0.088
GRCh38_CMRG_72371	0.087
GRCh38_CMRG_73639	0.087
GRCh38_CMRG_59628	0.084
GRCh38_CMRG_77586	0.098
GRCh38_CMRG_37836	0.092
GRCh38_CMRG_47324	0.092
GRCh38_CMRG_22728	0.092
GRCh38_CMRG_40242	0.091
GRCh38_CMRG_59676	0.089
GRCh38_CMRG_19619	0.089
GRCh38_CMRG_28100	0.088
GRCh38_CMRG_29272	0.088
GRCh38_CMRG_23791	0.087
GRCh38_CMRG_45764	0.085
GRCh38_CMRG_40923	0.084
GRCh38_CMRG_23106	0.084
GRCh38_CMRG_41323	0.084
GRCh38_CMRG_8062	0.114
GRCh38_CMRG_84507	0.109
GRCh38_CMRG_9293	0.096
GRCh38_CMRG_40527	0.095
GRCh38_CMRG_7598	0.092
GRCh38_CMRG_19840	0.091
GRCh38_CMRG_34326	0.09
GRCh38_CMRG_24792	0.086
GRCh38_CMRG_53645	0.086
GRCh38_CMRG_44229	0.085
GRCh38_CMRG_35685	0.081
GRCh38_CMRG_84131	0.16
GRCh38_CMRG_84310	0.117
GRCh38_CMRG_68827	0.09
GRCh38_CMRG_47597	0.09
GRCh38_CMRG_23896	0.088
GRCh38_CMRG_51261	0.088
GRCh38_CMRG_22120	0.088
GRCh38_CMRG_8052	0.086
GRCh38_CMRG_25844	0.084
GRCh38_CMRG_81986	0.084
GRCh38_CMRG_18291	0.083
GRCh38_CMRG_21269	0.083
GRCh38_CMRG_73095	0.082
GRCh38_CMRG_79585	0.081
GRCh38_CMRG_74485	0.104
GRCh38_CMRG_23525	0.092
GRCh38_CMRG_41096	0.091
GRCh38_CMRG_1785	0.09
GRCh38_CMRG_51178	0.09
GRCh38_CMRG_11868	0.089
GRCh38_CMRG_33216	0.086
GRCh38_CMRG_35759	0.085
GRCh38_CMRG_65998	0.085
GRCh38_CMRG_48944	0.084
GRCh38_CMRG_22984	0.083
GRCh38_CMRG_38500	0.082
GRCh38_CMRG_80818	0.082
GRCh38_CMRG_8228	0.082
GRCh38_CMRG_73881	0.081
GRCh38_CMRG_73165	0.079
GRCh38_CMRG_48922	0.079
GRCh38_CMRG_60578	0.116
GRCh38_CMRG_51024	0.115
GRCh38_CMRG_62443	0.101
GRCh38_CMRG_47602	0.097
GRCh38_CMRG_18902	0.097
GRCh38_CMRG_32886	0.092
GRCh38_CMRG_38294	0.09
GRCh38_CMRG_45016	0.09
GRCh38_CMRG_35998	0.089
GRCh38_CMRG_38304	0.089
GRCh38_CMRG_34663	0.088
GRCh38_CMRG_41635	0.088
GRCh38_CMRG_64433	0.087
GRCh38_CMRG_45423	0.086
GRCh38_CMRG_69038	0.086
GRCh38_CMRG_79678	0.085
GRCh38_CMRG_47821	0.085
GRCh38_CMRG_27729	0.085
GRCh38_CMRG_29275	0.084
GRCh38_CMRG_49146	0.084
GRCh38_CMRG_39830	0.083
GRCh38_CMRG_31204	0.081
GRCh38_CMRG_50469	0.081
GRCh38_CMRG_14945	0.08
GRCh38_CMRG_46005	0.132
GRCh38_CMRG_53520	0.103
GRCh38_CMRG_82840	0.103
GRCh38_CMRG_67767	0.094
GRCh38_CMRG_75055	0.091
GRCh38_CMRG_18528	0.088
GRCh38_CMRG_32209	0.088
GRCh38_CMRG_55352	0.086
GRCh38_CMRG_71908	0.086
GRCh38_CMRG_45715	0.086
GRCh38_CMRG_61966	0.084
GRCh38_CMRG_12260	0.084
GRCh38_CMRG_32392	0.084
GRCh38_CMRG_41256	0.083
GRCh38_CMRG_10970	0.083
GRCh38_CMRG_49292	0.083
GRCh38_CMRG_23857	0.081
GRCh38_CMRG_32817	0.081
GRCh38_CMRG_73190	0.08
GRCh38_CMRG_81349	0.079
GRCh38_CMRG_64988	0.078
GRCh38_CMRG_54984	0.103
GRCh38_CMRG_22287	0.098
GRCh38_CMRG_70745	0.096
GRCh38_CMRG_48708	0.095
GRCh38_CMRG_15027	0.095
GRCh38_CMRG_49499	0.087
GRCh38_CMRG_69388	0.084
GRCh38_CMRG_32524	0.084
GRCh38_CMRG_19580	0.084
GRCh38_CMRG_84504	0.104
GRCh38_CMRG_27016	0.091
GRCh38_CMRG_69321	0.089
GRCh38_CMRG_52448	0.084
GRCh38_CMRG_14756	0.084
GRCh38_CMRG_14085	0.082
GRCh38_CMRG_51685	0.081
GRCh38_CMRG_60538	0.08
GRCh38_CMRG_55559	0.079
GRCh38_CMRG_9494	0.078
GRCh38_CMRG_16765	0.078
GRCh38_CMRG_40420	0.077
GRCh38_CMRG_14673	0.144
GRCh38_CMRG_84217	0.107
GRCh38_CMRG_83829	0.107
GRCh38_CMRG_33407	0.092
GRCh38_CMRG_39911	0.086
GRCh38_CMRG_12223	0.085
GRCh38_CMRG_72558	0.084
GRCh38_CMRG_72903	0.084
GRCh38_CMRG_24071	0.083
GRCh38_CMRG_67642	0.081
GRCh38_CMRG_52443	0.081
GRCh38_CMRG_18222	0.079
GRCh38_CMRG_53275	0.079
GRCh38_CMRG_74745	0.079
GRCh38_CMRG_71372	0.078
GRCh38_CMRG_55574	0.078
GRCh38_CMRG_38509	0.078
GRCh38_CMRG_384	0.074
GRCh38_CMRG_62240	0.089
GRCh38_CMRG_62615	0.082
GRCh38_CMRG_11877	0.081
GRCh38_CMRG_27704	0.081
GRCh38_CMRG_54832	0.08
GRCh38_CMRG_70808	0.079
GRCh38_CMRG_37498	0.079
GRCh38_CMRG_29276	0.079
GRCh38_CMRG_2648	0.078
GRCh38_CMRG_51725	0.078
GRCh38_CMRG_46069	0.076
GRCh38_CMRG_32785	0.075
GRCh38_CMRG_31820	0.075
GRCh38_CMRG_23067	0.075
GRCh38_CMRG_10509	0.089
GRCh38_CMRG_61764	0.082
GRCh38_CMRG_12813	0.082
GRCh38_CMRG_43977	0.081
GRCh38_CMRG_38327	0.081
GRCh38_CMRG_65277	0.08
GRCh38_CMRG_54257	0.079
GRCh38_CMRG_18150	0.079
GRCh38_CMRG_17562	0.077
GRCh38_CMRG_73046	0.077
GRCh38_CMRG_36350	0.075
GRCh38_CMRG_67672	0.072
GRCh38_CMRG_10668	0.094
GRCh38_CMRG_22067	0.092
GRCh38_CMRG_20952	0.088
GRCh38_CMRG_36353	0.08
GRCh38_CMRG_7736	0.079
GRCh38_CMRG_51127	0.079
GRCh38_CMRG_55411	0.079
GRCh38_CMRG_41024	0.077
GRCh38_CMRG_53077	0.077
GRCh38_CMRG_28489	0.075
GRCh38_CMRG_68237	0.074
GRCh38_CMRG_72483	0.074
GRCh38_CMRG_49114	0.074
GRCh38_CMRG_22659	0.074
GRCh38_CMRG_7406	0.117
GRCh38_CMRG_17947	0.102
GRCh38_CMRG_11241	0.089
GRCh38_CMRG_84	0.079
GRCh38_CMRG_71729	0.078
GRCh38_CMRG_43989	0.078
GRCh38_CMRG_58816	0.075
GRCh38_CMRG_11886	0.074
GRCh38_CMRG_21761	0.074
GRCh38_CMRG_23165	0.074
GRCh38_CMRG_21824	0.073
GRCh38_CMRG_18302	0.073
GRCh38_CMRG_8374	0.073
GRCh38_CMRG_55542	0.072
GRCh38_CMRG_27546	0.071
GRCh38_CMRG_54018	0.084
GRCh38_CMRG_53811	0.079
GRCh38_CMRG_72761	0.077
GRCh38_CMRG_21021	0.076
GRCh38_CMRG_36790	0.075
GRCh38_CMRG_67079	0.073
GRCh38_CMRG_67569	0.073
GRCh38_CMRG_68516	0.073
GRCh38_CMRG_17876	0.072
GRCh38_CMRG_18175	0.072
GRCh38_CMRG_17767	0.072
GRCh38_CMRG_15538	0.081
GRCh38_CMRG_10829	0.079
GRCh38_CMRG_73934	0.077
GRCh38_CMRG_62381	0.076
GRCh38_CMRG_74184	0.075
GRCh38_CMRG_39837	0.074
GRCh38_CMRG_81149	0.073
GRCh38_CMRG_7816	0.073
GRCh38_CMRG_73145	0.073
GRCh38_CMRG_83128	0.073
GRCh38_CMRG_46132	0.072
GRCh38_CMRG_59025	0.072
GRCh38_CMRG_60558	0.072
GRCh38_CMRG_81206	0.07
GRCh38_CMRG_24344	0.07
GRCh38_CMRG_7944	0.07
GRCh38_CMRG_48817	0.07
GRCh38_CMRG_36457	0.069
GRCh38_CMRG_68560	0.082
GRCh38_CMRG_32355	0.078
GRCh38_CMRG_64480	0.077
GRCh38_CMRG_33570	0.077
GRCh38_CMRG_24749	0.075
GRCh38_CMRG_58653	0.075
GRCh38_CMRG_46370	0.073
GRCh38_CMRG_52211	0.073
GRCh38_CMRG_48110	0.071
GRCh38_CMRG_44825	0.07
GRCh38_CMRG_54218	0.07
GRCh38_CMRG_48443	0.07
GRCh38_CMRG_14459	0.07
GRCh38_CMRG_62441	0.069
GRCh38_CMRG_24526	0.069
GRCh38_CMRG_54908	0.069
GRCh38_CMRG_18167	0.068
GRCh38_CMRG_8152	0.116
GRCh38_CMRG_23889	0.112
GRCh38_CMRG_84104	0.099
GRCh38_CMRG_83075	0.086
GRCh38_CMRG_13383	0.082
GRCh38_CMRG_38191	0.08
GRCh38_CMRG_2653	0.078
GRCh38_CMRG_7809	0.076
GRCh38_CMRG_14992	0.074
GRCh38_CMRG_67641	0.074
GRCh38_CMRG_63933	0.074
GRCh38_CMRG_54157	0.074
GRCh38_CMRG_60016	0.074
GRCh38_CMRG_81832	0.073
GRCh38_CMRG_31135	0.073
GRCh38_CMRG_51248	0.072
GRCh38_CMRG_61278	0.07
GRCh38_CMRG_77124	0.069
GRCh38_CMRG_27681	0.067
GRCh38_CMRG_65205	0.067
GRCh38_CMRG_34519	0.067
GRCh38_CMRG_48578	0.066
GRCh38_CMRG_8766	0.066
GRCh38_CMRG_79653	0.088
GRCh38_CMRG_32877	0.074
GRCh38_CMRG_63787	0.073
GRCh38_CMRG_72140	0.073
GRCh38_CMRG_61715	0.071
GRCh38_CMRG_34674	0.07
GRCh38_CMRG_2387	0.069
GRCh38_CMRG_52093	0.069
GRCh38_CMRG_60560	0.069
GRCh38_CMRG_26681	0.067
GRCh38_CMRG_62539	0.09
GRCh38_CMRG_13460	0.088
GRCh38_CMRG_37927	0.082
GRCh38_CMRG_39398	0.073
GRCh38_CMRG_58652	0.072
GRCh38_CMRG_17953	0.072
GRCh38_CMRG_39791	0.069
GRCh38_CMRG_18299	0.068
GRCh38_CMRG_59139	0.067
GRCh38_CMRG_54399	0.067
GRCh38_CMRG_7782	0.067
GRCh38_CMRG_59275	0.066
GRCh38_CMRG_58760	0.064
GRCh38_CMRG_26953	0.097
GRCh38_CMRG_48406	0.096
GRCh38_CMRG_41798	0.093
GRCh38_CMRG_45195	0.082
GRCh38_CMRG_23749	0.076
GRCh38_CMRG_60547	0.073
GRCh38_CMRG_44073	0.071
GRCh38_CMRG_18166	0.071
GRCh38_CMRG_33444	0.07
GRCh38_CMRG_58651	0.068
GRCh38_CMRG_26337	0.068
GRCh38_CMRG_25271	0.067
GRCh38_CMRG_7815	0.065
GRCh38_CMRG_55318	0.065
GRCh38_CMRG_26349	0.065
GRCh38_CMRG_52823	0.064
GRCh38_CMRG_7968	0.063
GRCh38_CMRG_48090	0.072
GRCh38_CMRG_13629	0.071
GRCh38_CMRG_27662	0.068
GRCh38_CMRG_70386	0.067
GRCh38_CMRG_29213	0.067
GRCh38_CMRG_28488	0.067
GRCh38_CMRG_61512	0.067
GRCh38_CMRG_49699	0.066
GRCh38_CMRG_69651	0.066
GRCh38_CMRG_68607	0.066
GRCh38_CMRG_50167	0.065
GRCh38_CMRG_62343	0.065
GRCh38_CMRG_54413	0.064
GRCh38_CMRG_69679	0.064
GRCh38_CMRG_49658	0.064
GRCh38_CMRG_36534	0.063
GRCh38_CMRG_44723	0.117
GRCh38_CMRG_84410	0.094
GRCh38_CMRG_1674	0.078
GRCh38_CMRG_55117	0.077
GRCh38_CMRG_45424	0.069
GRCh38_CMRG_43929	0.069
GRCh38_CMRG_36176	0.067
GRCh38_CMRG_6710	0.067
GRCh38_CMRG_47351	0.066
GRCh38_CMRG_29212	0.066
GRCh38_CMRG_23904	0.064
GRCh38_CMRG_17172	0.064
GRCh38_CMRG_50041	0.064
GRCh38_CMRG_75454	0.063
GRCh38_CMRG_84166	0.094
GRCh38_CMRG_13552	0.087
GRCh38_CMRG_77428	0.081
GRCh38_CMRG_13974	0.074
GRCh38_CMRG_49174	0.07
GRCh38_CMRG_24013	0.07
GRCh38_CMRG_24064	0.068
GRCh38_CMRG_43876	0.066
GRCh38_CMRG_1387	0.065
GRCh38_CMRG_39675	0.065
GRCh38_CMRG_1629	0.064
GRCh38_CMRG_64805	0.064
GRCh38_CMRG_73323	0.062
GRCh38_CMRG_42025	0.062
GRCh38_CMRG_31331	0.062
GRCh38_CMRG_55475	0.061
GRCh38_CMRG_23528	0.079
GRCh38_CMRG_37895	0.071
GRCh38_CMRG_33370	0.069
GRCh38_CMRG_23343	0.066
GRCh38_CMRG_10938	0.065
GRCh38_CMRG_75181	0.065
GRCh38_CMRG_36119	0.065
GRCh38_CMRG_6712	0.065
GRCh38_CMRG_43984	0.065
GRCh38_CMRG_66044	0.065
GRCh38_CMRG_22328	0.063
GRCh38_CMRG_22532	0.063
GRCh38_CMRG_45247	0.061
GRCh38_CMRG_34766	0.061
GRCh38_CMRG_67043	0.061
GRCh38_CMRG_7632	0.061
GRCh38_CMRG_55545	0.06
GRCh38_CMRG_34260	0.06
GRCh38_CMRG_18889	0.059
GRCh38_CMRG_45601	0.102
GRCh38_CMRG_84214	0.084
GRCh38_CMRG_45484	0.082
GRCh38_CMRG_34382	0.066
GRCh38_CMRG_72191	0.065
GRCh38_CMRG_63316	0.065
GRCh38_CMRG_52498	0.063
GRCh38_CMRG_48840	0.063
GRCh38_CMRG_48244	0.061
GRCh38_CMRG_69698	0.061
GRCh38_CMRG_77574	0.06
GRCh38_CMRG_69689	0.06
GRCh38_CMRG_46453	0.059
GRCh38_CMRG_18831	0.058
GRCh38_CMRG_18298	0.058
GRCh38_CMRG_45038	0.069
GRCh38_CMRG_18633	0.066
GRCh38_CMRG_15447	0.064
GRCh38_CMRG_73849	0.064
GRCh38_CMRG_68647	0.062
GRCh38_CMRG_54024	0.061
GRCh38_CMRG_9417	0.061
GRCh38_CMRG_33429	0.06
GRCh38_CMRG_7712	0.06
GRCh38_CMRG_71690	0.06
GRCh38_CMRG_59184	0.06
GRCh38_CMRG_29292	0.059
GRCh38_CMRG_52354	0.059
GRCh38_CMRG_41662	0.059
GRCh38_CMRG_69703	0.059
GRCh38_CMRG_14718	0.058
GRCh38_CMRG_72997	0.063
GRCh38_CMRG_39479	0.062
GRCh38_CMRG_11726	0.062
GRCh38_CMRG_23769	0.059
GRCh38_CMRG_2637	0.059
GRCh38_CMRG_14481	0.058
GRCh38_CMRG_32144	0.058
GRCh38_CMRG_71999	0.072
GRCh38_CMRG_62633	0.067
GRCh38_CMRG_49750	0.066
GRCh38_CMRG_54633	0.061
GRCh38_CMRG_65279	0.06
GRCh38_CMRG_33124	0.059
GRCh38_CMRG_43632	0.059
GRCh38_CMRG_40194	0.058
GRCh38_CMRG_39701	0.058
GRCh38_CMRG_14843	0.058
GRCh38_CMRG_47963	0.057
GRCh38_CMRG_14694	0.057
GRCh38_CMRG_40515	0.057
GRCh38_CMRG_13999	0.057
GRCh38_CMRG_25961	0.057
GRCh38_CMRG_6983	0.056
GRCh38_CMRG_17980	0.056
GRCh38_CMRG_73122	0.056
GRCh38_CMRG_12817	0.055
GRCh38_CMRG_77544	0.055
GRCh38_CMRG_83278	0.091
GRCh38_CMRG_38378	0.087
GRCh38_CMRG_49778	0.062
GRCh38_CMRG_60786	0.061
GRCh38_CMRG_1328	0.06
GRCh38_CMRG_10822	0.059
GRCh38_CMRG_28459	0.058
GRCh38_CMRG_39698	0.057
GRCh38_CMRG_69708	0.056
GRCh38_CMRG_34704	0.056
GRCh38_CMRG_37802	0.056
GRCh38_CMRG_37866	0.056
GRCh38_CMRG_46027	0.055
GRCh38_CMRG_81029	0.055
GRCh38_CMRG_31448	0.078
GRCh38_CMRG_22614	0.071
GRCh38_CMRG_45376	0.066
GRCh38_CMRG_43930	0.061
GRCh38_CMRG_28431	0.057
GRCh38_CMRG_37844	0.057
GRCh38_CMRG_33013	0.056
GRCh38_CMRG_33423	0.055
GRCh38_CMRG_22475	0.055
GRCh38_CMRG_36704	0.053
GRCh38_CMRG_32683	0.078
GRCh38_CMRG_72625	0.074
GRCh38_CMRG_33085	0.068
GRCh38_CMRG_81940	0.066
GRCh38_CMRG_65051	0.065
GRCh38_CMRG_70226	0.063
GRCh38_CMRG_80955	0.06
GRCh38_CMRG_38558	0.058
GRCh38_CMRG_23993	0.058
GRCh38_CMRG_53257	0.056
GRCh38_CMRG_52427	0.056
GRCh38_CMRG_49792	0.053
GRCh38_CMRG_37260	0.053
GRCh38_CMRG_22057	0.052
GRCh38_CMRG_66034	0.057
GRCh38_CMRG_67925	0.056
GRCh38_CMRG_65274	0.054
GRCh38_CMRG_41769	0.054
GRCh38_CMRG_40829	0.054
GRCh38_CMRG_18570	0.054
GRCh38_CMRG_40166	0.054
GRCh38_CMRG_68520	0.054
GRCh38_CMRG_34486	0.053
GRCh38_CMRG_35644	0.053
GRCh38_CMRG_26716	0.052
GRCh38_CMRG_81903	0.052
GRCh38_CMRG_67757	0.052
GRCh38_CMRG_70521	0.051
GRCh38_CMRG_33086	0.067
GRCh38_CMRG_84381	0.066
GRCh38_CMRG_72839	0.065
GRCh38_CMRG_2180	0.06
GRCh38_CMRG_81493	0.057
GRCh38_CMRG_72975	0.056
GRCh38_CMRG_1109	0.055
GRCh38_CMRG_73306	0.055
GRCh38_CMRG_19450	0.055
GRCh38_CMRG_10615	0.054
GRCh38_CMRG_11110	0.054
GRCh38_CMRG_48679	0.053
GRCh38_CMRG_29510	0.053
GRCh38_CMRG_70446	0.053
GRCh38_CMRG_73136	0.052
GRCh38_CMRG_76692	0.052
GRCh38_CMRG_22269	0.052
GRCh38_CMRG_11781	0.05
GRCh38_CMRG_15288	0.087
GRCh38_CMRG_22290	0.083
GRCh38_CMRG_50401	0.077
GRCh38_CMRG_75007	0.055
GRCh38_CMRG_10722	0.052
GRCh38_CMRG_37863	0.052
GRCh38_CMRG_75274	0.052
GRCh38_CMRG_18455	0.049
GRCh38_CMRG_49787	0.049
GRCh38_CMRG_45685	0.083
GRCh38_CMRG_83654	0.072
GRCh38_CMRG_83161	0.07
GRCh38_CMRG_8303	0.063
GRCh38_CMRG_46326	0.06
GRCh38_CMRG_14399	0.055
GRCh38_CMRG_46150	0.052
GRCh38_CMRG_43662	0.05
GRCh38_CMRG_1263	0.05
GRCh38_CMRG_73584	0.05
GRCh38_CMRG_73774	0.05
GRCh38_CMRG_35637	0.05
GRCh38_CMRG_22085	0.049
GRCh38_CMRG_78908	0.049
GRCh38_CMRG_14722	0.049
GRCh38_CMRG_70480	0.048
GRCh38_CMRG_73195	0.048
GRCh38_CMRG_32999	0.087
GRCh38_CMRG_19793	0.052
GRCh38_CMRG_77543	0.05
GRCh38_CMRG_79979	0.05
GRCh38_CMRG_61627	0.05
GRCh38_CMRG_43722	0.05
GRCh38_CMRG_25111	0.05
GRCh38_CMRG_9166	0.05
GRCh38_CMRG_34661	0.049
GRCh38_CMRG_45692	0.048
GRCh38_CMRG_71145	0.048
GRCh38_CMRG_45249	0.048
GRCh38_CMRG_50500	0.048
GRCh38_CMRG_7927	0.062
GRCh38_CMRG_77597	0.053
GRCh38_CMRG_63448	0.053
GRCh38_CMRG_74582	0.051
GRCh38_CMRG_9205	0.051
GRCh38_CMRG_73956	0.05
GRCh38_CMRG_47624	0.049
GRCh38_CMRG_73696	0.049
GRCh38_CMRG_64599	0.048
GRCh38_CMRG_69514	0.048
GRCh38_CMRG_32531	0.048
GRCh38_CMRG_60442	0.048
GRCh38_CMRG_22270	0.047
GRCh38_CMRG_39124	0.046
GRCh38_CMRG_13922	0.046
GRCh38_CMRG_82085	0.046
GRCh38_CMRG_36252	0.064
GRCh38_CMRG_61868	0.057
GRCh38_CMRG_76774	0.055
GRCh38_CMRG_27069	0.054
GRCh38_CMRG_29707	0.053
GRCh38_CMRG_79876	0.049
GRCh38_CMRG_16832	0.048
GRCh38_CMRG_17390	0.048
GRCh38_CMRG_68269	0.048
GRCh38_CMRG_45141	0.048
GRCh38_CMRG_80039	0.047
GRCh38_CMRG_33010	0.046
GRCh38_CMRG_165	0.046
GRCh38_CMRG_38503	0.046
GRCh38_CMRG_2778	0.046
GRCh38_CMRG_81010	0.046
GRCh38_CMRG_7064	0.046
GRCh38_CMRG_24171	0.045
GRCh38_CMRG_65207	0.045
GRCh38_CMRG_12130	0.047
GRCh38_CMRG_36327	0.047
GRCh38_CMRG_21554	0.047
GRCh38_CMRG_17725	0.046
GRCh38_CMRG_13508	0.046
GRCh38_CMRG_22655	0.045
GRCh38_CMRG_23698	0.045
GRCh38_CMRG_45661	0.045
GRCh38_CMRG_81824	0.071
GRCh38_CMRG_72747	0.058
GRCh38_CMRG_71779	0.052
GRCh38_CMRG_72359	0.05
GRCh38_CMRG_71182	0.049
GRCh38_CMRG_28405	0.049
GRCh38_CMRG_7659	0.049
GRCh38_CMRG_24030	0.048
GRCh38_CMRG_60312	0.047
GRCh38_CMRG_28024	0.046
GRCh38_CMRG_44959	0.045
GRCh38_CMRG_58394	0.045
GRCh38_CMRG_474	0.045
GRCh38_CMRG_77528	0.044
GRCh38_CMRG_44758	0.044
GRCh38_CMRG_84199	0.055
GRCh38_CMRG_11099	0.051
GRCh38_CMRG_46317	0.049
GRCh38_CMRG_59067	0.049
GRCh38_CMRG_34157	0.045
GRCh38_CMRG_58147	0.045
GRCh38_CMRG_54650	0.045
GRCh38_CMRG_33661	0.044
GRCh38_CMRG_11978	0.044
GRCh38_CMRG_14998	0.044
GRCh38_CMRG_18456	0.043
GRCh38_CMRG_29983	0.043
GRCh38_CMRG_75453	0.043
GRCh38_CMRG_50154	0.042
GRCh38_CMRG_37255	0.042
GRCh38_CMRG_40728	0.042
GRCh38_CMRG_41645	0.043
GRCh38_CMRG_41545	0.042
GRCh38_CMRG_53582	0.042
GRCh38_CMRG_47861	0.042
GRCh38_CMRG_2957	0.059
GRCh38_CMRG_51287	0.053
GRCh38_CMRG_17909	0.053
GRCh38_CMRG_65305	0.049
GRCh38_CMRG_80998	0.048
GRCh38_CMRG_17364	0.046
GRCh38_CMRG_17607	0.046
GRCh38_CMRG_39181	0.044
GRCh38_CMRG_28793	0.044
GRCh38_CMRG_68330	0.044
GRCh38_CMRG_68082	0.043
GRCh38_CMRG_17478	0.043
GRCh38_CMRG_52560	0.043
GRCh38_CMRG_21788	0.043
GRCh38_CMRG_18204	0.042
GRCh38_CMRG_18306	0.04
GRCh38_CMRG_27596	0.062
GRCh38_CMRG_30735	0.055
GRCh38_CMRG_7026	0.05
GRCh38_CMRG_68533	0.044
GRCh38_CMRG_59568	0.044
GRCh38_CMRG_45245	0.044
GRCh38_CMRG_7658	0.042
GRCh38_CMRG_10596	0.042
GRCh38_CMRG_6639	0.041
GRCh38_CMRG_65049	0.041
GRCh38_CMRG_38374	0.041
GRCh38_CMRG_79546	0.04
GRCh38_CMRG_77372	0.04
GRCh38_CMRG_37801	0.04
GRCh38_CMRG_55164	0.039
GRCh38_CMRG_21094	0.039
GRCh38_CMRG_32997	0.052
GRCh38_CMRG_12332	0.049
GRCh38_CMRG_70361	0.044
GRCh38_CMRG_34464	0.043
GRCh38_CMRG_30899	0.043
GRCh38_CMRG_83250	0.043
GRCh38_CMRG_17999	0.041
GRCh38_CMRG_67819	0.039
GRCh38_CMRG_68352	0.039
GRCh38_CMRG_73197	0.039
GRCh38_CMRG_64891	0.039
GRCh38_CMRG_18305	0.038
GRCh38_CMRG_10993	0.038
GRCh38_CMRG_23553	0.038
GRCh38_CMRG_20029	0.046
GRCh38_CMRG_54827	0.041
GRCh38_CMRG_60568	0.041
GRCh38_CMRG_70431	0.039
GRCh38_CMRG_64774	0.039
GRCh38_CMRG_48509	0.039
GRCh38_CMRG_70508	0.039
GRCh38_CMRG_48031	0.039
GRCh38_CMRG_79584	0.039
GRCh38_CMRG_45797	0.038
GRCh38_CMRG_18440	0.038
GRCh38_CMRG_79607	0.038
GRCh38_CMRG_47130	0.038
GRCh38_CMRG_75173	0.038
GRCh38_CMRG_23579	0.037
GRCh38_CMRG_34454	0.037
GRCh38_CMRG_39093	0.037
GRCh38_CMRG_64598	0.037
GRCh38_CMRG_39557	0.046
GRCh38_CMRG_74068	0.043
GRCh38_CMRG_11985	0.04
GRCh38_CMRG_49002	0.04
GRCh38_CMRG_72604	0.039
GRCh38_CMRG_39984	0.039
GRCh38_CMRG_7916	0.039
GRCh38_CMRG_73143	0.038
GRCh38_CMRG_8924	0.038
GRCh38_CMRG_6790	0.038
GRCh38_CMRG_33338	0.037
GRCh38_CMRG_81017	0.037
GRCh38_CMRG_77131	0.037
GRCh38_CMRG_14116	0.037
GRCh38_CMRG_45840	0.036
GRCh38_CMRG_53493	0.036
GRCh38_CMRG_77536	0.036
GRCh38_CMRG_44558	0.057
GRCh38_CMRG_63514	0.046
GRCh38_CMRG_49524	0.045
GRCh38_CMRG_83825	0.045
GRCh38_CMRG_12460	0.042
GRCh38_CMRG_18578	0.041
GRCh38_CMRG_24125	0.04
GRCh38_CMRG_18597	0.04
GRCh38_CMRG_64803	0.039
GRCh38_CMRG_9329	0.039
GRCh38_CMRG_8012	0.037
GRCh38_CMRG_67083	0.037
GRCh38_CMRG_12940	0.037
GRCh38_CMRG_14287	0.036
GRCh38_CMRG_22838	0.036
GRCh38_CMRG_14179	0.036
GRCh38_CMRG_7825	0.036
GRCh38_CMRG_45270	0.036
GRCh38_CMRG_13926	0.036
GRCh38_CMRG_60416	0.061
GRCh38_CMRG_58065	0.051
GRCh38_CMRG_33628	0.049
GRCh38_CMRG_33809	0.046
GRCh38_CMRG_60773	0.044
GRCh38_CMRG_72187	0.041
GRCh38_CMRG_8589	0.039
GRCh38_CMRG_29776	0.037
GRCh38_CMRG_36902	0.036
GRCh38_CMRG_55105	0.036
GRCh38_CMRG_12491	0.036
GRCh38_CMRG_17445	0.036
GRCh38_CMRG_21029	0.035
GRCh38_CMRG_33826	0.035
GRCh38_CMRG_38412	0.034
GRCh38_CMRG_84198	0.045
GRCh38_CMRG_32353	0.038
GRCh38_CMRG_80027	0.036
GRCh38_CMRG_6940	0.036
GRCh38_CMRG_63336	0.036
GRCh38_CMRG_60647	0.035
GRCh38_CMRG_7505	0.034
GRCh38_CMRG_25243	0.034
GRCh38_CMRG_40818	0.034
GRCh38_CMRG_41979	0.034
GRCh38_CMRG_79364	0.034
GRCh38_CMRG_28058	0.034
GRCh38_CMRG_23908	0.033
GRCh38_CMRG_79021	0.033
GRCh38_CMRG_14360	0.033
GRCh38_CMRG_83432	0.042
GRCh38_CMRG_41080	0.04
GRCh38_CMRG_23805	0.039
GRCh38_CMRG_73070	0.035
GRCh38_CMRG_72144	0.035
GRCh38_CMRG_70746	0.034
GRCh38_CMRG_18484	0.034
GRCh38_CMRG_81371	0.033
GRCh38_CMRG_84575	0.032
GRCh38_CMRG_18388	0.032
GRCh38_CMRG_70511	0.04
GRCh38_CMRG_62230	0.039
GRCh38_CMRG_13527	0.037
GRCh38_CMRG_24116	0.034
GRCh38_CMRG_49218	0.034
GRCh38_CMRG_40707	0.033
GRCh38_CMRG_6699	0.033
GRCh38_CMRG_72616	0.033
GRCh38_CMRG_399	0.032
GRCh38_CMRG_52284	0.032
GRCh38_CMRG_6076	0.032
GRCh38_CMRG_17034	0.032
GRCh38_CMRG_33224	0.031
GRCh38_CMRG_54131	0.031
GRCh38_CMRG_81928	0.031
GRCh38_CMRG_64360	0.031
GRCh38_CMRG_37946	0.031
GRCh38_CMRG_71153	0.038
GRCh38_CMRG_29880	0.034
GRCh38_CMRG_79923	0.033
GRCh38_CMRG_48976	0.033
GRCh38_CMRG_46393	0.033
GRCh38_CMRG_49212	0.032
GRCh38_CMRG_72596	0.031
GRCh38_CMRG_63286	0.031
GRCh38_CMRG_31581	0.031
GRCh38_CMRG_7818	0.031
GRCh38_CMRG_81745	0.03
GRCh38_CMRG_24564	0.03
GRCh38_CMRG_32402	0.043
GRCh38_CMRG_84317	0.036
GRCh38_CMRG_51366	0.033
GRCh38_CMRG_45135	0.032
GRCh38_CMRG_29976	0.031
GRCh38_CMRG_72935	0.031
GRCh38_CMRG_28659	0.03
GRCh38_CMRG_76460	0.03
GRCh38_CMRG_10839	0.03
GRCh38_CMRG_28412	0.03
GRCh38_CMRG_42223	0.029
GRCh38_CMRG_63869	0.029
GRCh38_CMRG_76870	0.029
GRCh38_CMRG_55054	0.036
GRCh38_CMRG_64928	0.036
GRCh38_CMRG_35861	0.034
GRCh38_CMRG_406	0.033
GRCh38_CMRG_59041	0.033
GRCh38_CMRG_18329	0.031
GRCh38_CMRG_33512	0.03
GRCh38_CMRG_5792	0.03
GRCh38_CMRG_71185	0.03
GRCh38_CMRG_53365	0.029
GRCh38_CMRG_32986	0.029
GRCh38_CMRG_16542	0.029
GRCh38_CMRG_34662	0.029
GRCh38_CMRG_82115	0.029
GRCh38_CMRG_64667	0.029
GRCh38_CMRG_443	0.028
GRCh38_CMRG_55684	0.028
GRCh38_CMRG_53768	0.028
GRCh38_CMRG_32201	0.028
GRCh38_CMRG_34243	0.028
GRCh38_CMRG_17272	0.028
GRCh38_CMRG_49708	0.03
GRCh38_CMRG_1969	0.029
GRCh38_CMRG_60364	0.029
GRCh38_CMRG_25929	0.029
GRCh38_CMRG_17293	0.028
GRCh38_CMRG_55369	0.028
GRCh38_CMRG_50175	0.027
GRCh38_CMRG_34254	0.027
GRCh38_CMRG_9378	0.045
GRCh38_CMRG_8022	0.038
GRCh38_CMRG_18824	0.033
GRCh38_CMRG_7316	0.031
GRCh38_CMRG_30963	0.029
GRCh38_CMRG_22675	0.029
GRCh38_CMRG_71705	0.029
GRCh38_CMRG_43690	0.028
GRCh38_CMRG_68836	0.028
GRCh38_CMRG_72699	0.028
GRCh38_CMRG_74793	0.028
GRCh38_CMRG_48294	0.028
GRCh38_CMRG_53441	0.028
GRCh38_CMRG_74816	0.028
GRCh38_CMRG_18788	0.028
GRCh38_CMRG_9763	0.027
GRCh38_CMRG_61139	0.027
GRCh38_CMRG_61140	0.027
GRCh38_CMRG_68922	0.027
GRCh38_CMRG_41594	0.027
GRCh38_CMRG_63946	0.026
GRCh38_CMRG_44054	0.026
GRCh38_CMRG_33390	0.026
GRCh38_CMRG_53745	0.026
GRCh38_CMRG_35970	0.05
GRCh38_CMRG_45400	0.037
GRCh38_CMRG_33047	0.029
GRCh38_CMRG_41533	0.028
GRCh38_CMRG_79732	0.027
GRCh38_CMRG_64825	0.027
GRCh38_CMRG_53468	0.027
GRCh38_CMRG_45515	0.026
GRCh38_CMRG_18322	0.025
GRCh38_CMRG_14734	0.025
GRCh38_CMRG_22862	0.025
GRCh38_CMRG_64267	0.025
GRCh38_CMRG_40957	0.025
GRCh38_CMRG_16665	0.025
GRCh38_CMRG_15535	0.025
GRCh38_CMRG_69869	0.025
GRCh38_CMRG_81697	0.025
GRCh38_CMRG_53821	0.025
GRCh38_CMRG_75441	0.025
GRCh38_CMRG_84494	0.031
GRCh38_CMRG_71633	0.028
GRCh38_CMRG_81492	0.027
GRCh38_CMRG_48595	0.027
GRCh38_CMRG_39547	0.026
GRCh38_CMRG_38749	0.025
GRCh38_CMRG_72953	0.025
GRCh38_CMRG_33065	0.025
GRCh38_CMRG_23633	0.025
GRCh38_CMRG_14593	0.025
GRCh38_CMRG_39699	0.025
GRCh38_CMRG_79406	0.024
GRCh38_CMRG_48851	0.024
GRCh38_CMRG_77547	0.024
GRCh38_CMRG_49033	0.024
GRCh38_CMRG_15330	0.024
GRCh38_CMRG_12285	0.024
GRCh38_CMRG_8930	0.024
GRCh38_CMRG_70413	0.024
GRCh38_CMRG_45178	0.024
GRCh38_CMRG_77278	0.024
GRCh38_CMRG_79687	0.024
GRCh38_CMRG_72856	0.024
GRCh38_CMRG_35817	0.024
GRCh38_CMRG_12210	0.035
GRCh38_CMRG_54936	0.027
GRCh38_CMRG_16991	0.025
GRCh38_CMRG_28683	0.025
GRCh38_CMRG_22502	0.025
GRCh38_CMRG_33262	0.024
GRCh38_CMRG_31087	0.024
GRCh38_CMRG_33645	0.024
GRCh38_CMRG_19900	0.024
GRCh38_CMRG_29871	0.023
GRCh38_CMRG_79688	0.023
GRCh38_CMRG_79261	0.023
GRCh38_CMRG_1303	0.026
GRCh38_CMRG_71678	0.026
GRCh38_CMRG_55463	0.025
GRCh38_CMRG_52504	0.024
GRCh38_CMRG_28157	0.024
GRCh38_CMRG_12004	0.024
GRCh38_CMRG_68280	0.023
GRCh38_CMRG_32648	0.023
GRCh38_CMRG_54365	0.023
GRCh38_CMRG_47556	0.023
GRCh38_CMRG_42586	0.023
GRCh38_CMRG_71566	0.023
GRCh38_CMRG_72472	0.023
GRCh38_CMRG_23990	0.022
GRCh38_CMRG_62580	0.022
GRCh38_CMRG_44167	0.022
GRCh38_CMRG_9617	0.022
GRCh38_CMRG_51964	0.022
GRCh38_CMRG_18531	0.022
GRCh38_CMRG_1698	0.029
GRCh38_CMRG_26794	0.026
GRCh38_CMRG_21059	0.026
GRCh38_CMRG_6629	0.024
GRCh38_CMRG_22823	0.023
GRCh38_CMRG_70377	0.022
GRCh38_CMRG_21076	0.022
GRCh38_CMRG_1338	0.022
GRCh38_CMRG_22881	0.021
GRCh38_CMRG_66144	0.021
GRCh38_CMRG_27534	0.021
GRCh38_CMRG_71911	0.021
GRCh38_CMRG_84459	0.033
GRCh38_CMRG_84005	0.026
GRCh38_CMRG_34112	0.026
GRCh38_CMRG_62545	0.024
GRCh38_CMRG_23403	0.024
GRCh38_CMRG_33571	0.024
GRCh38_CMRG_84099	0.023
GRCh38_CMRG_74814	0.022
GRCh38_CMRG_161	0.022
GRCh38_CMRG_19814	0.022
GRCh38_CMRG_70378	0.021
GRCh38_CMRG_41915	0.021
GRCh38_CMRG_2121	0.021
GRCh38_CMRG_31341	0.021
GRCh38_CMRG_46561	0.021
GRCh38_CMRG_18702	0.021
GRCh38_CMRG_72600	0.02
GRCh38_CMRG_29995	0.02
GRCh38_CMRG_23813	0.02
GRCh38_CMRG_72551	0.02
GRCh38_CMRG_9452	0.02
GRCh38_CMRG_59076	0.023
GRCh38_CMRG_43962	0.022
GRCh38_CMRG_68105	0.021
GRCh38_CMRG_50077	0.02
GRCh38_CMRG_16597	0.02
GRCh38_CMRG_77184	0.02
GRCh38_CMRG_31758	0.02
GRCh38_CMRG_68551	0.02
GRCh38_CMRG_33232	0.02
GRCh38_CMRG_26360	0.02
GRCh38_CMRG_77182	0.019
GRCh38_CMRG_55111	0.019
GRCh38_CMRG_44678	0.019
GRCh38_CMRG_26822	0.019
GRCh38_CMRG_81685	0.019
GRCh38_CMRG_73677	0.019
GRCh38_CMRG_31528	0.019
GRCh38_CMRG_39164	0.019
GRCh38_CMRG_68911	0.019
GRCh38_CMRG_81337	0.028
GRCh38_CMRG_84540	0.025
GRCh38_CMRG_84239	0.024
GRCh38_CMRG_75036	0.023
GRCh38_CMRG_77642	0.021
GRCh38_CMRG_8439	0.021
GRCh38_CMRG_24725	0.021
GRCh38_CMRG_38222	0.02
GRCh38_CMRG_38242	0.019
GRCh38_CMRG_33097	0.019
GRCh38_CMRG_42498	0.019
GRCh38_CMRG_6736	0.018
GRCh38_CMRG_33332	0.018
GRCh38_CMRG_44918	0.018
GRCh38_CMRG_76867	0.018
GRCh38_CMRG_49132	0.018
GRCh38_CMRG_9297	0.018
GRCh38_CMRG_80036	0.018
GRCh38_CMRG_65217	0.018
GRCh38_CMRG_29795	0.018
GRCh38_CMRG_27958	0.018
GRCh38_CMRG_50819	0.018
GRCh38_CMRG_54260	0.018
GRCh38_CMRG_38663	0.018
GRCh38_CMRG_18759	0.018
GRCh38_CMRG_82241	0.034
GRCh38_CMRG_38548	0.025
GRCh38_CMRG_32114	0.021
GRCh38_CMRG_37934	0.02
GRCh38_CMRG_45182	0.02
GRCh38_CMRG_47494	0.019
GRCh38_CMRG_52761	0.019
GRCh38_CMRG_38318	0.019
GRCh38_CMRG_42450	0.018
GRCh38_CMRG_67976	0.018
GRCh38_CMRG_68156	0.018
GRCh38_CMRG_79976	0.018
GRCh38_CMRG_32692	0.018
GRCh38_CMRG_46229	0.018
GRCh38_CMRG_1496	0.017
GRCh38_CMRG_18119	0.017
GRCh38_CMRG_55276	0.017
GRCh38_CMRG_81474	0.017
GRCh38_CMRG_37232	0.017
GRCh38_CMRG_64903	0.017
GRCh38_CMRG_36583	0.017
GRCh38_CMRG_44047	0.017
GRCh38_CMRG_17014	0.017
GRCh38_CMRG_13650	0.017
GRCh38_CMRG_58744	0.017
GRCh38_CMRG_19095	0.017
GRCh38_CMRG_33926	0.017
GRCh38_CMRG_50456	0.017
GRCh38_CMRG_60425	0.017
GRCh38_CMRG_49995	0.017
GRCh38_CMRG_405	0.021
GRCh38_CMRG_13654	0.021
GRCh38_CMRG_82874	0.02
GRCh38_CMRG_18140	0.02
GRCh38_CMRG_73196	0.019
GRCh38_CMRG_33839	0.019
GRCh38_CMRG_80830	0.017
GRCh38_CMRG_52033	0.017
GRCh38_CMRG_40956	0.017
GRCh38_CMRG_13348	0.017
GRCh38_CMRG_12047	0.016
GRCh38_CMRG_10686	0.016
GRCh38_CMRG_67814	0.016
GRCh38_CMRG_38498	0.016
GRCh38_CMRG_32844	0.016
GRCh38_CMRG_15316	0.016
GRCh38_CMRG_40247	0.016
GRCh38_CMRG_61142	0.016
GRCh38_CMRG_18350	0.016
GRCh38_CMRG_21501	0.016
GRCh38_CMRG_33018	0.016
GRCh38_CMRG_68001	0.016
GRCh38_CMRG_39162	0.016
GRCh38_CMRG_84608	0.03
GRCh38_CMRG_62610	0.025
GRCh38_CMRG_60935	0.021
GRCh38_CMRG_83870	0.019
GRCh38_CMRG_45479	0.019
GRCh38_CMRG_67893	0.019
GRCh38_CMRG_64677	0.018
GRCh38_CMRG_53391	0.016
GRCh38_CMRG_52445	0.016
GRCh38_CMRG_6783	0.016
GRCh38_CMRG_53384	0.016
GRCh38_CMRG_54860	0.016
GRCh38_CMRG_10984	0.015
GRCh38_CMRG_31115	0.015
GRCh38_CMRG_77718	0.015
GRCh38_CMRG_49458	0.015
GRCh38_CMRG_23811	0.015
GRCh38_CMRG_54252	0.015
GRCh38_CMRG_11222	0.015
GRCh38_CMRG_23061	0.015
GRCh38_CMRG_65658	0.015
GRCh38_CMRG_21240	0.015
GRCh38_CMRG_23496	0.02
GRCh38_CMRG_59314	0.02
GRCh38_CMRG_83429	0.02
GRCh38_CMRG_81711	0.016
GRCh38_CMRG_28423	0.016
GRCh38_CMRG_83907	0.016
GRCh38_CMRG_7229	0.016
GRCh38_CMRG_31015	0.015
GRCh38_CMRG_25979	0.015
GRCh38_CMRG_38570	0.015
GRCh38_CMRG_40397	0.014
GRCh38_CMRG_32888	0.014
GRCh38_CMRG_51643	0.014
GRCh38_CMRG_23407	0.014
GRCh38_CMRG_47350	0.014
GRCh38_CMRG_68675	0.014
GRCh38_CMRG_71907	0.014
GRCh38_CMRG_60417	0.014
GRCh38_CMRG_14004	0.014
GRCh38_CMRG_24172	0.014
GRCh38_CMRG_48426	0.014
GRCh38_CMRG_8140	0.014
GRCh38_CMRG_14731	0.014
GRCh38_CMRG_58509	0.017
GRCh38_CMRG_41813	0.014
GRCh38_CMRG_21262	0.014
GRCh38_CMRG_27393	0.014
GRCh38_CMRG_68408	0.014
GRCh38_CMRG_70462	0.014
GRCh38_CMRG_61538	0.013
GRCh38_CMRG_44556	0.013
GRCh38_CMRG_73366	0.013
GRCh38_CMRG_27748	0.013
GRCh38_CMRG_53669	0.013
GRCh38_CMRG_72253	0.013
GRCh38_CMRG_60283	0.013
GRCh38_CMRG_59074	0.013
GRCh38_CMRG_68354	0.013
GRCh38_CMRG_77648	0.013
GRCh38_CMRG_67673	0.013
GRCh38_CMRG_38336	0.013
GRCh38_CMRG_60508	0.013
GRCh38_CMRG_47594	0.013
GRCh38_CMRG_42484	0.013
GRCh38_CMRG_84880	0.024
GRCh38_CMRG_25391	0.014
GRCh38_CMRG_55231	0.013
GRCh38_CMRG_61864	0.013
GRCh38_CMRG_28061	0.012
GRCh38_CMRG_40154	0.012
GRCh38_CMRG_75199	0.012
GRCh38_CMRG_77542	0.012
GRCh38_CMRG_44471	0.012
GRCh38_CMRG_68276	0.012
GRCh38_CMRG_47958	0.012
GRCh38_CMRG_48970	0.012
GRCh38_CMRG_77198	0.012
GRCh38_CMRG_22529	0.012
GRCh38_CMRG_68582	0.012
GRCh38_CMRG_34733	0.014
GRCh38_CMRG_48539	0.013
GRCh38_CMRG_36289	0.012
GRCh38_CMRG_59253	0.012
GRCh38_CMRG_84048	0.012
GRCh38_CMRG_51629	0.012
GRCh38_CMRG_44999	0.012
GRCh38_CMRG_13575	0.011
GRCh38_CMRG_36448	0.011
GRCh38_CMRG_74721	0.011
GRCh38_CMRG_37629	0.011
GRCh38_CMRG_37781	0.011
GRCh38_CMRG_1298	0.011
GRCh38_CMRG_76877	0.011
GRCh38_CMRG_54954	0.011
GRCh38_CMRG_74914	0.011
GRCh38_CMRG_14972	0.011
GRCh38_CMRG_25207	0.011
GRCh38_CMRG_39387	0.011
GRCh38_CMRG_33542	0.011
GRCh38_CMRG_22773	0.011
GRCh38_CMRG_23547	0.011
GRCh38_CMRG_62239	0.011
GRCh38_CMRG_72760	0.011
GRCh38_CMRG_69626	0.016
GRCh38_CMRG_77651	0.012
GRCh38_CMRG_26451	0.012
GRCh38_CMRG_27658	0.012
GRCh38_CMRG_2437	0.011
GRCh38_CMRG_12811	0.011
GRCh38_CMRG_51325	0.011
GRCh38_CMRG_23614	0.011
GRCh38_CMRG_49897	0.011
GRCh38_CMRG_64104	0.01
GRCh38_CMRG_23999	0.01
GRCh38_CMRG_49688	0.01
GRCh38_CMRG_55416	0.01
GRCh38_CMRG_41632	0.01
GRCh38_CMRG_76844	0.01
GRCh38_CMRG_7280	0.01
GRCh38_CMRG_72821	0.01
GRCh38_CMRG_39230	0.01
GRCh38_CMRG_58385	0.012
GRCh38_CMRG_58282	0.012
GRCh38_CMRG_60058	0.012
GRCh38_CMRG_49075	0.01
GRCh38_CMRG_17092	0.01
GRCh38_CMRG_23910	0.01
GRCh38_CMRG_6064	0.01
GRCh38_CMRG_73842	0.01
GRCh38_CMRG_55392	0.01
GRCh38_CMRG_79629	0.01
GRCh38_CMRG_14497	0.009
GRCh38_CMRG_81891	0.009
GRCh38_CMRG_2060	0.009
GRCh38_CMRG_17376	0.009
GRCh38_CMRG_55165	0.009
GRCh38_CMRG_70783	0.009
GRCh38_CMRG_63709	0.009
GRCh38_CMRG_13802	0.009
GRCh38_CMRG_45090	0.009
GRCh38_CMRG_33246	0.009
GRCh38_CMRG_61291	0.009
GRCh38_CMRG_2905	0.009
GRCh38_CMRG_6754	0.009
GRCh38_CMRG_40491	0.009
GRCh38_CMRG_33083	0.009
GRCh38_CMRG_37878	0.016
GRCh38_CMRG_73230	0.013
GRCh38_CMRG_70627	0.012
GRCh38_CMRG_74829	0.01
GRCh38_CMRG_37972	0.01
GRCh38_CMRG_7620	0.009
GRCh38_CMRG_65541	0.009
GRCh38_CMRG_58311	0.009
GRCh38_CMRG_12999	0.008
GRCh38_CMRG_73630	0.008
GRCh38_CMRG_5984	0.008
GRCh38_CMRG_41450	0.008
GRCh38_CMRG_33634	0.008
GRCh38_CMRG_54412	0.008
GRCh38_CMRG_6467	0.008
GRCh38_CMRG_32883	0.008
GRCh38_CMRG_22988	0.008
GRCh38_CMRG_17099	0.008
GRCh38_CMRG_55207	0.008
GRCh38_CMRG_24897	0.008
GRCh38_CMRG_68565	0.008
GRCh38_CMRG_71738	0.008
GRCh38_CMRG_81410	0.008
GRCh38_CMRG_7990	0.008
GRCh38_CMRG_41670	0.008
GRCh38_CMRG_73175	0.014
GRCh38_CMRG_21234	0.012
GRCh38_CMRG_21235	0.012
GRCh38_CMRG_29740	0.009
GRCh38_CMRG_47268	0.009
GRCh38_CMRG_40386	0.009
GRCh38_CMRG_26566	0.008
GRCh38_CMRG_26567	0.008
GRCh38_CMRG_61103	0.008
GRCh38_CMRG_7743	0.008
GRCh38_CMRG_68341	0.007
GRCh38_CMRG_7998	0.007
GRCh38_CMRG_68095	0.007
GRCh38_CMRG_64920	0.007
GRCh38_CMRG_32617	0.007
GRCh38_CMRG_17961	0.007
GRCh38_CMRG_68308	0.007
GRCh38_CMRG_16666	0.007
GRCh38_CMRG_64945	0.007
GRCh38_CMRG_12448	0.007
GRCh38_CMRG_28411	0.007
GRCh38_CMRG_366	0.007
GRCh38_CMRG_23589	0.007
GRCh38_CMRG_49205	0.007
GRCh38_CMRG_83747	0.007
GRCh38_CMRG_62263	0.007
GRCh38_CMRG_72812	0.007
GRCh38_CMRG_77394	0.007
GRCh38_CMRG_39141	0.007
GRCh38_CMRG_40275	0.007
GRCh38_CMRG_37949	0.007
GRCh38_CMRG_50395	0.007
GRCh38_CMRG_72858	0.007
GRCh38_CMRG_69979	0.007
GRCh38_CMRG_67294	0.007
GRCh38_CMRG_8060	0.007
GRCh38_CMRG_65435	0.007
GRCh38_CMRG_70687	0.007
GRCh38_CMRG_14850	0.007
GRCh38_CMRG_23759	0.007
GRCh38_CMRG_82240	0.012
GRCh38_CMRG_55323	0.007
GRCh38_CMRG_670	0.007
GRCh38_CMRG_41199	0.007
GRCh38_CMRG_59897	0.007
GRCh38_CMRG_25095	0.006
GRCh38_CMRG_81721	0.006
GRCh38_CMRG_46223	0.006
GRCh38_CMRG_18883	0.006
GRCh38_CMRG_76456	0.006
GRCh38_CMRG_23997	0.006
GRCh38_CMRG_69957	0.006
GRCh38_CMRG_17338	0.006
GRCh38_CMRG_52975	0.006
GRCh38_CMRG_11661	0.006
GRCh38_CMRG_62233	0.006
GRCh38_CMRG_7512	0.006
GRCh38_CMRG_10488	0.006
GRCh38_CMRG_32393	0.006
GRCh38_CMRG_26216	0.006
GRCh38_CMRG_14900	0.006
GRCh38_CMRG_14672	0.006
GRCh38_CMRG_13202	0.006
GRCh38_CMRG_489	0.006
GRCh38_CMRG_82121	0.006
GRCh38_CMRG_52441	0.006
GRCh38_CMRG_14746	0.006
GRCh38_CMRG_14461	0.006
GRCh38_CMRG_19961	0.006
GRCh38_CMRG_53851	0.006
GRCh38_CMRG_62205	0.006
GRCh38_CMRG_33088	0.006
GRCh38_CMRG_26493	0.006
GRCh38_CMRG_48609	0.009
GRCh38_CMRG_53469	0.009
GRCh38_CMRG_22046	0.009
GRCh38_CMRG_54606	0.008
GRCh38_CMRG_12925	0.007
GRCh38_CMRG_32203	0.007
GRCh38_CMRG_24188	0.006
GRCh38_CMRG_72755	0.006
GRCh38_CMRG_84340	0.006
GRCh38_CMRG_70753	0.006
GRCh38_CMRG_41446	0.006
GRCh38_CMRG_13521	0.006
GRCh38_CMRG_59472	0.006
GRCh38_CMRG_60584	0.005
GRCh38_CMRG_19995	0.005
GRCh38_CMRG_7603	0.005
GRCh38_CMRG_60095	0.005
GRCh38_CMRG_15513	0.005
GRCh38_CMRG_19073	0.005
GRCh38_CMRG_48438	0.005
GRCh38_CMRG_11229	0.005
GRCh38_CMRG_33151	0.005
GRCh38_CMRG_59524	0.005
GRCh38_CMRG_40720	0.005
GRCh38_CMRG_23996	0.005
GRCh38_CMRG_39929	0.005
GRCh38_CMRG_77482	0.005
GRCh38_CMRG_49386	0.005
GRCh38_CMRG_63791	0.005
GRCh38_CMRG_5812	0.005
GRCh38_CMRG_8043	0.005
GRCh38_CMRG_18217	0.005
GRCh38_CMRG_28889	0.005
GRCh38_CMRG_72757	0.005
GRCh38_CMRG_13260	0.005
GRCh38_CMRG_37675	0.005
GRCh38_CMRG_40549	0.005
GRCh38_CMRG_8340	0.005
GRCh38_CMRG_55443	0.005
GRCh38_CMRG_59787	0.008
GRCh38_CMRG_82287	0.008
GRCh38_CMRG_15368	0.007
GRCh38_CMRG_20856	0.005
GRCh38_CMRG_72962	0.005
GRCh38_CMRG_23520	0.005
GRCh38_CMRG_24480	0.005
GRCh38_CMRG_60506	0.005
GRCh38_CMRG_39449	0.004
GRCh38_CMRG_54306	0.004
GRCh38_CMRG_7948	0.004
GRCh38_CMRG_68674	0.004
GRCh38_CMRG_19952	0.004
GRCh38_CMRG_49276	0.004
GRCh38_CMRG_75461	0.004
GRCh38_CMRG_616	0.004
GRCh38_CMRG_17777	0.004
GRCh38_CMRG_81221	0.004
GRCh38_CMRG_23564	0.004
GRCh38_CMRG_66097	0.004
GRCh38_CMRG_7591	0.004
GRCh38_CMRG_32521	0.004
GRCh38_CMRG_8006	0.004
GRCh38_CMRG_79810	0.004
GRCh38_CMRG_11128	0.004
GRCh38_CMRG_60619	0.004
GRCh38_CMRG_52506	0.004
GRCh38_CMRG_615	0.004
GRCh38_CMRG_49433	0.004
GRCh38_CMRG_33265	0.004
GRCh38_CMRG_77277	0.004
GRCh38_CMRG_55237	0.004
GRCh38_CMRG_18346	0.004
GRCh38_CMRG_2591	0.004
GRCh38_CMRG_58947	0.004
GRCh38_CMRG_7675	0.004
GRCh38_CMRG_14099	0.004
GRCh38_CMRG_55742	0.004
GRCh38_CMRG_38403	0.006
GRCh38_CMRG_7726	0.006
GRCh38_CMRG_59162	0.006
GRCh38_CMRG_59161	0.006
GRCh38_CMRG_74848	0.005
GRCh38_CMRG_10503	0.005
GRCh38_CMRG_80	0.004
GRCh38_CMRG_7965	0.004
GRCh38_CMRG_18713	0.004
GRCh38_CMRG_49508	0.004
GRCh38_CMRG_67331	0.004
GRCh38_CMRG_7690	0.003
GRCh38_CMRG_38056	0.003
GRCh38_CMRG_59320	0.003
GRCh38_CMRG_13205	0.003
GRCh38_CMRG_29156	0.003
GRCh38_CMRG_26838	0.003
GRCh38_CMRG_31630	0.003
GRCh38_CMRG_32224	0.003
GRCh38_CMRG_82423	0.003
GRCh38_CMRG_377	0.003
GRCh38_CMRG_31634	0.003
GRCh38_CMRG_81328	0.003
GRCh38_CMRG_64287	0.003
GRCh38_CMRG_55800	0.003
GRCh38_CMRG_50686	0.003
GRCh38_CMRG_19113	0.003
GRCh38_CMRG_22704	0.003
GRCh38_CMRG_23630	0.003
GRCh38_CMRG_60006	0.003
GRCh38_CMRG_83911	0.003
GRCh38_CMRG_38232	0.003
GRCh38_CMRG_46109	0.003
GRCh38_CMRG_23616	0.003
GRCh38_CMRG_82069	0.003
GRCh38_CMRG_12905	0.003
GRCh38_CMRG_9570	0.003
GRCh38_CMRG_8893	0.003
GRCh38_CMRG_73066	0.003
GRCh38_CMRG_18900	0.003
GRCh38_CMRG_17864	0.003
GRCh38_CMRG_37711	0.003
GRCh38_CMRG_12885	0.003
GRCh38_CMRG_25063	0.003
GRCh38_CMRG_49563	0.004
GRCh38_CMRG_82238	0.004
GRCh38_CMRG_84875	0.004
GRCh38_CMRG_18865	0.004
GRCh38_CMRG_66096	0.004
GRCh38_CMRG_49562	0.004
GRCh38_CMRG_82290	0.004
GRCh38_CMRG_6013	0.004
GRCh38_CMRG_29734	0.003
GRCh38_CMRG_37825	0.003
GRCh38_CMRG_37713	0.003
GRCh38_CMRG_68364	0.003
GRCh38_CMRG_55631	0.002
GRCh38_CMRG_30922	0.002
GRCh38_CMRG_47435	0.002
GRCh38_CMRG_45377	0.002
GRCh38_CMRG_40763	0.002
GRCh38_CMRG_36164	0.002
GRCh38_CMRG_34349	0.002
GRCh38_CMRG_2844	0.002
GRCh38_CMRG_73486	0.002
GRCh38_CMRG_49282	0.002
GRCh38_CMRG_49449	0.002
GRCh38_CMRG_51785	0.002
GRCh38_CMRG_49219	0.002
GRCh38_CMRG_32352	0.002
GRCh38_CMRG_11406	0.002
GRCh38_CMRG_18338	0.002
GRCh38_CMRG_18318	0.002
GRCh38_CMRG_40606	0.002
GRCh38_CMRG_27164	0.002
GRCh38_CMRG_37716	0.002
GRCh38_CMRG_38174	0.002
GRCh38_CMRG_63549	0.002
GRCh38_CMRG_36059	0.002
GRCh38_CMRG_83750	0.002
GRCh38_CMRG_2451	0.002
GRCh38_CMRG_547	0.002
GRCh38_CMRG_69495	0.002
GRCh38_CMRG_63371	0.002
GRCh38_CMRG_11818	0.002
GRCh38_CMRG_23930	0.002
GRCh38_CMRG_58478	0.002
GRCh38_CMRG_23779	0.002
GRCh38_CMRG_83248	0.002
GRCh38_CMRG_12548	0.002
GRCh38_CMRG_71770	0.002
GRCh38_CMRG_13555	0.002
GRCh38_CMRG_75303	0.002
GRCh38_CMRG_37719	0.002
GRCh38_CMRG_18416	0.002
GRCh38_CMRG_68426	0.002
GRCh38_CMRG_79659	0.002
GRCh38_CMRG_48835	0.002
GRCh38_CMRG_33740	0.002
GRCh38_CMRG_34496	0.002
GRCh38_CMRG_25954	0.002
GRCh38_CMRG_50418	0.002
GRCh38_CMRG_37381	0.002
GRCh38_CMRG_44935	0.002
GRCh38_CMRG_82275	0.002
GRCh38_CMRG_82591	0.002
GRCh38_CMRG_7102	0.002
GRCh38_CMRG_82518	0.002
GRCh38_CMRG_70809	0.002
GRCh38_CMRG_82312	0.002
GRCh38_CMRG_82530	0.002
GRCh38_CMRG_82927	0.002
GRCh38_CMRG_60093	0.002
GRCh38_CMRG_82824	0.002
GRCh38_CMRG_82692	0.002
GRCh38_CMRG_68880	0.002
GRCh38_CMRG_54920	0.001
GRCh38_CMRG_18289	0.001
GRCh38_CMRG_45634	0.001
GRCh38_CMRG_62593	0.001
GRCh38_CMRG_9548	0.001
GRCh38_CMRG_45583	0.001
GRCh38_CMRG_2656	0.001
GRCh38_CMRG_23153	0.001
GRCh38_CMRG_38263	0.001
GRCh38_CMRG_72636	0.001
GRCh38_CMRG_33068	0.001
GRCh38_CMRG_36831	0.001
GRCh38_CMRG_41150	0.001
GRCh38_CMRG_38355	0.001
GRCh38_CMRG_24955	0.001
GRCh38_CMRG_11240	0.001
GRCh38_CMRG_1865	0.001
GRCh38_CMRG_67150	0.001
GRCh38_CMRG_25829	0.001
GRCh38_CMRG_11381	0.001
GRCh38_CMRG_50029	0.001
GRCh38_CMRG_39708	0.001
GRCh38_CMRG_33058	0.001
GRCh38_CMRG_60769	0.001
GRCh38_CMRG_81416	0.001
GRCh38_CMRG_41669	0.001
GRCh38_CMRG_23709	0.001
GRCh38_CMRG_1295	0.001
GRCh38_CMRG_44768	0.001
GRCh38_CMRG_60094	0.001
GRCh38_CMRG_58502	0.001
GRCh38_CMRG_60909	0.001
GRCh38_CMRG_27041	0.001
GRCh38_CMRG_33462	0.001
GRCh38_CMRG_31732	0.001
GRCh38_CMRG_24049	0.001
GRCh38_CMRG_6713	0.001
GRCh38_CMRG_36808	0.001
GRCh38_CMRG_18339	0.001
GRCh38_CMRG_59939	0.001
GRCh38_CMRG_48170	0.001
GRCh38_CMRG_79318	0.001
GRCh38_CMRG_37216	0.001
GRCh38_CMRG_60281	0.001
GRCh38_CMRG_36257	0.001
GRCh38_CMRG_52081	0.001
GRCh38_CMRG_23469	0.001
GRCh38_CMRG_49401	0.001
GRCh38_CMRG_17249	0.001
GRCh38_CMRG_14463	0.001
GRCh38_CMRG_40513	0.001
GRCh38_CMRG_47951	0.001
GRCh38_CMRG_52486	0.001
GRCh38_CMRG_8476	0.001
GRCh38_CMRG_77358	0.001
GRCh38_CMRG_60181	0.001
GRCh38_CMRG_45172	0.001
GRCh38_CMRG_66116	0.001
GRCh38_CMRG_80826	0.001
GRCh38_CMRG_10651	0.001
GRCh38_CMRG_72823	0.001
GRCh38_CMRG_24277	0.001
GRCh38_CMRG_80041	0.001
GRCh38_CMRG_44799	0.001
GRCh38_CMRG_58057	0.001
GRCh38_CMRG_24162	0.001
GRCh38_CMRG_48271	0.001
GRCh38_CMRG_49444	0.001
GRCh38_CMRG_58471	0.001
GRCh38_CMRG_60439	0.001
GRCh38_CMRG_32981	0.001
GRCh38_CMRG_2775	0.001
GRCh38_CMRG_64972	0.001
GRCh38_CMRG_18994	0.001
GRCh38_CMRG_39178	0.001
GRCh38_CMRG_79730	0.001
GRCh38_CMRG_58960	0.001
GRCh38_CMRG_30757	0.001
GRCh38_CMRG_54732	0.001
GRCh38_CMRG_19755	0.001
GRCh38_CMRG_32950	0.001
GRCh38_CMRG_12112	0.001
GRCh38_CMRG_15599	0.001
GRCh38_CMRG_65399	0.001
GRCh38_CMRG_60020	0.001
GRCh38_CMRG_27392	0.001
GRCh38_CMRG_29092	0.001
GRCh38_CMRG_29265	0.001
GRCh38_CMRG_78877	0.001
GRCh38_CMRG_23458	0.001
GRCh38_CMRG_22401	0.001
GRCh38_CMRG_23862	0.001
GRCh38_CMRG_55000	0.001
GRCh38_CMRG_55762	0.001
GRCh38_CMRG_455	0.001
GRCh38_CMRG_7960	0.0
GRCh38_CMRG_67039	0.0
GRCh38_CMRG_52436	0.0
GRCh38_CMRG_68926	0.0
GRCh38_CMRG_23214	0.0
GRCh38_CMRG_18687	0.0
GRCh38_CMRG_67729	0.0
GRCh38_CMRG_156	0.0
GRCh38_CMRG_12021	0.0
GRCh38_CMRG_75234	0.0
GRCh38_CMRG_81909	0.0
GRCh38_CMRG_17351	0.0
GRCh38_CMRG_46476	0.0
GRCh38_CMRG_28551	0.0
GRCh38_CMRG_61049	0.0
GRCh38_CMRG_8276	0.0
GRCh38_CMRG_72808	0.0
GRCh38_CMRG_49217	0.0
GRCh38_CMRG_45128	0.0
GRCh38_CMRG_473	0.0
GRCh38_CMRG_16909	0.0
GRCh38_CMRG_82271	0.0
GRCh38_CMRG_58068	0.0
GRCh38_CMRG_60896	0.0
GRCh38_CMRG_44610	0.0
GRCh38_CMRG_39848	0.0
GRCh38_CMRG_13302	0.0
GRCh38_CMRG_38521	0.0
GRCh38_CMRG_76655	0.0
GRCh38_CMRG_12907	0.0
GRCh38_CMRG_23850	0.0
GRCh38_CMRG_33569	0.0
GRCh38_CMRG_67698	0.0
GRCh38_CMRG_65235	0.0
GRCh38_CMRG_68745	0.0
GRCh38_CMRG_77075	0.0
GRCh38_CMRG_77241	0.0
GRCh38_CMRG_37552	0.0
GRCh38_CMRG_59749	0.0
GRCh38_CMRG_11552	0.0
GRCh38_CMRG_29071	0.0
GRCh38_CMRG_18401	0.0
GRCh38_CMRG_44724	0.0
GRCh38_CMRG_79329	0.0
GRCh38_CMRG_81830	0.0
GRCh38_CMRG_44964	0.0
GRCh38_CMRG_11079	0.0
GRCh38_CMRG_13447	0.0
GRCh38_CMRG_1507	0.0
GRCh38_CMRG_18164	0.0
GRCh38_CMRG_43941	0.0
GRCh38_CMRG_49009	0.0
GRCh38_CMRG_18278	0.0
GRCh38_CMRG_18923	0.0
GRCh38_CMRG_36558	0.0
GRCh38_CMRG_82143	0.0
GRCh38_CMRG_55468	0.0
GRCh38_CMRG_32960	0.0
GRCh38_CMRG_24308	0.0
GRCh38_CMRG_24870	0.0
GRCh38_CMRG_23408	0.0
GRCh38_CMRG_68342	0.0
GRCh38_CMRG_47473	0.0
GRCh38_CMRG_28787	0.0
GRCh38_CMRG_36481	0.0
GRCh38_CMRG_26090	0.0
GRCh38_CMRG_29191	0.0
GRCh38_CMRG_5777	0.0
GRCh38_CMRG_52411	0.0
GRCh38_CMRG_68249	0.0
GRCh38_CMRG_28824	0.0
GRCh38_CMRG_13522	0.0
GRCh38_CMRG_72899	0.0
GRCh38_CMRG_6129	0.0
GRCh38_CMRG_70109	0.0
GRCh38_CMRG_21903	0.0
GRCh38_CMRG_33560	0.0
GRCh38_CMRG_71808	0.0
GRCh38_CMRG_154	0.0
GRCh38_CMRG_41422	0.0
GRCh38_CMRG_2636	0.0
GRCh38_CMRG_13645	0.0
GRCh38_CMRG_47307	0.0
GRCh38_CMRG_27258	0.0
GRCh38_CMRG_1246	0.0
GRCh38_CMRG_65460	0.0
GRCh38_CMRG_32299	0.0
GRCh38_CMRG_6434	0.0
GRCh38_CMRG_8821	0.0
GRCh38_CMRG_79516	0.0
GRCh38_CMRG_21892	0.0
GRCh38_CMRG_43763	0.0
GRCh38_CMRG_69583	0.0
GRCh38_CMRG_73282	0.0
GRCh38_CMRG_67128	0.0
GRCh38_CMRG_64508	0.0
GRCh38_CMRG_15415	0.0
GRCh38_CMRG_23681	0.0
GRCh38_CMRG_48269	0.0
GRCh38_CMRG_17833	0.0
GRCh38_CMRG_30799	0.0
GRCh38_CMRG_59614	0.0
GRCh38_CMRG_41309	0.0
GRCh38_CMRG_53587	0.0
GRCh38_CMRG_30743	0.0
GRCh38_CMRG_37123	0.0
GRCh38_CMRG_48579	0.0
GRCh38_CMRG_31636	0.0
GRCh38_CMRG_64942	0.0
GRCh38_CMRG_82630	0.0
GRCh38_CMRG_7514	0.0
GRCh38_CMRG_50559	0.0
GRCh38_CMRG_36425	0.0
GRCh38_CMRG_64120	0.0
GRCh38_CMRG_49321	0.0
GRCh38_CMRG_72706	0.0
GRCh38_CMRG_35833	0.0
GRCh38_CMRG_69882	0.0
GRCh38_CMRG_19773	0.0
GRCh38_CMRG_54649	0.0
GRCh38_CMRG_46440	0.0
GRCh38_CMRG_72769	0.0
GRCh38_CMRG_77236	0.0
GRCh38_CMRG_35772	0.0
GRCh38_CMRG_70707	0.0
GRCh38_CMRG_1363	0.0
GRCh38_CMRG_50056	0.0
GRCh38_CMRG_11991	0.0
GRCh38_CMRG_63996	0.0
GRCh38_CMRG_15339	0.0
GRCh38_CMRG_68281	0.0
GRCh38_CMRG_24337	0.0
GRCh38_CMRG_58078	0.0
GRCh38_CMRG_74097	0.0
GRCh38_CMRG_79515	0.0
GRCh38_CMRG_33133	0.0
GRCh38_CMRG_83912	0.0
GRCh38_CMRG_51741	0.0
GRCh38_CMRG_82740	0.0
GRCh38_CMRG_65804	0.0
GRCh38_CMRG_30742	0.0
GRCh38_CMRG_43688	0.0
GRCh38_CMRG_45460	0.0
GRCh38_CMRG_67634	0.0
GRCh38_CMRG_2070	0.0
GRCh38_CMRG_23750	0.0
GRCh38_CMRG_28019	0.0
GRCh38_CMRG_62319	0.0
GRCh38_CMRG_54612	0.0
GRCh38_CMRG_67638	0.0
GRCh38_CMRG_72216	0.0
GRCh38_CMRG_11835	0.0
GRCh38_CMRG_67670	0.0
GRCh38_CMRG_37057	0.0
GRCh38_CMRG_27826	0.0
GRCh38_CMRG_53276	0.0
GRCh38_CMRG_72487	0.0
GRCh38_CMRG_64940	0.0
GRCh38_CMRG_51406	0.0
GRCh38_CMRG_18472	0.0
GRCh38_CMRG_84299	0.0
GRCh38_CMRG_23205	0.0
GRCh38_CMRG_62122	0.0
GRCh38_CMRG_70902	0.0
GRCh38_CMRG_70384	0.0
GRCh38_CMRG_13531	0.0
GRCh38_CMRG_82684	0.0
GRCh38_CMRG_42067	0.0
GRCh38_CMRG_67932	0.0
GRCh38_CMRG_51934	0.0
GRCh38_CMRG_1149	0.0
GRCh38_CMRG_21137	0.0
GRCh38_CMRG_81855	0.0
GRCh38_CMRG_27182	0.0
GRCh38_CMRG_33225	0.0
GRCh38_CMRG_33746	0.0
GRCh38_CMRG_82867	0.0
GRCh38_CMRG_23626	0.0
GRCh38_CMRG_46219	0.0
GRCh38_CMRG_45976	0.0
GRCh38_CMRG_74494	0.0
GRCh38_CMRG_37646	0.0
GRCh38_CMRG_21650	0.0
GRCh38_CMRG_71023	0.0
GRCh38_CMRG_13122	0.0
GRCh38_CMRG_22296	0.0
GRCh38_CMRG_18738	0.0
GRCh38_CMRG_33328	0.0
GRCh38_CMRG_37469	0.0
GRCh38_CMRG_74464	0.0
GRCh38_CMRG_818	0.0
GRCh38_CMRG_68282	0.0
GRCh38_CMRG_19222	0.0
GRCh38_CMRG_10918	0.0
GRCh38_CMRG_82339	0.0
GRCh38_CMRG_32276	0.0
GRCh38_CMRG_51177	0.0
GRCh38_CMRG_18834	0.0
GRCh38_CMRG_40456	0.0
GRCh38_CMRG_28003	0.0
GRCh38_CMRG_67688	0.0
GRCh38_CMRG_48534	0.0
GRCh38_CMRG_49160	0.0
GRCh38_CMRG_41638	0.0
GRCh38_CMRG_49412	0.0
GRCh38_CMRG_23892	0.0
GRCh38_CMRG_72917	0.0
GRCh38_CMRG_83845	0.0
GRCh38_CMRG_45650	0.0
GRCh38_CMRG_82926	0.0
GRCh38_CMRG_31032	0.0
GRCh38_CMRG_41802	0.0
GRCh38_CMRG_50354	0.0
GRCh38_CMRG_70232	0.0
GRCh38_CMRG_75534	0.0
GRCh38_CMRG_6288	0.0
GRCh38_CMRG_73178	0.0
GRCh38_CMRG_48908	0.0
GRCh38_CMRG_31767	0.0
GRCh38_CMRG_68229	0.0
GRCh38_CMRG_82150	0.0
GRCh38_CMRG_70760	0.0
GRCh38_CMRG_2297	0.0
GRCh38_CMRG_34119	0.0
GRCh38_CMRG_81818	0.0
GRCh38_CMRG_34456	0.0
GRCh38_CMRG_49773	0.0
GRCh38_CMRG_52256	0.0
GRCh38_CMRG_32343	0.0
GRCh38_CMRG_79212	0.0
GRCh38_CMRG_70569	0.0
GRCh38_CMRG_77213	0.0
GRCh38_CMRG_38451	0.0
GRCh38_CMRG_31268	0.0
GRCh38_CMRG_14182	0.0
GRCh38_CMRG_77281	0.0
GRCh38_CMRG_47660	0.0
GRCh38_CMRG_8453	0.0
GRCh38_CMRG_82025	0.0
GRCh38_CMRG_1087	0.0
GRCh38_CMRG_81866	0.0
GRCh38_CMRG_17458	0.0
GRCh38_CMRG_7289	0.0
GRCh38_CMRG_26578	0.0
GRCh38_CMRG_51426	0.0
GRCh38_CMRG_49432	0.0
GRCh38_CMRG_39921	0.0
GRCh38_CMRG_18961	0.0
GRCh38_CMRG_77221	0.0
GRCh38_CMRG_2517	0.0
GRCh38_CMRG_82680	0.0
GRCh38_CMRG_1360	0.0
GRCh38_CMRG_34092	0.0
GRCh38_CMRG_14030	0.0
GRCh38_CMRG_79894	0.0
GRCh38_CMRG_21203	0.0
GRCh38_CMRG_36541	0.0
GRCh38_CMRG_32791	0.0
GRCh38_CMRG_13095	0.0
GRCh38_CMRG_13096	0.0
GRCh38_CMRG_29720	0.0
GRCh38_CMRG_36872	0.0
GRCh38_CMRG_28229	0.0
GRCh38_CMRG_54884	0.0
GRCh38_CMRG_1000	0.0
GRCh38_CMRG_28126	0.0
GRCh38_CMRG_52420	0.0
GRCh38_CMRG_39395	0.0
GRCh38_CMRG_52746	0.0
GRCh38_CMRG_1783	0.0
GRCh38_CMRG_37682	0.0
GRCh38_CMRG_46630	0.0
GRCh38_CMRG_39601	0.0
GRCh38_CMRG_45161	0.0
GRCh38_CMRG_38133	0.0
GRCh38_CMRG_74795	0.0
GRCh38_CMRG_14951	0.0
GRCh38_CMRG_67835	0.0
GRCh38_CMRG_81481	0.0
GRCh38_CMRG_18345	0.0
GRCh38_CMRG_77693	0.0
GRCh38_CMRG_82912	0.0
GRCh38_CMRG_2463	0.0
GRCh38_CMRG_68884	0.0
GRCh38_CMRG_68901	0.0
GRCh38_CMRG_61861	0.0
GRCh38_CMRG_68374	0.0
GRCh38_CMRG_28309	0.0
GRCh38_CMRG_32315	0.0
GRCh38_CMRG_64411	0.0
GRCh38_CMRG_77113	0.0
GRCh38_CMRG_70470	0.0
GRCh38_CMRG_68458	0.0
GRCh38_CMRG_79053	0.0
GRCh38_CMRG_64946	0.0
GRCh38_CMRG_62493	0.0
GRCh38_CMRG_72132	0.0
GRCh38_CMRG_79506	0.0
GRCh38_CMRG_41243	0.0
GRCh38_CMRG_34602	0.0
GRCh38_CMRG_45056	0.0
GRCh38_CMRG_82044	0.0
GRCh38_CMRG_27139	0.0
GRCh38_CMRG_47204	0.0
GRCh38_CMRG_31162	0.0
GRCh38_CMRG_72570	0.0
GRCh38_CMRG_75152	0.0
GRCh38_CMRG_32696	0.0
GRCh38_CMRG_73662	0.0
GRCh38_CMRG_55018	0.0
GRCh38_CMRG_45577	0.0
GRCh38_CMRG_48660	0.0
GRCh38_CMRG_2041	0.0
GRCh38_CMRG_32106	0.0
GRCh38_CMRG_69934	0.0
GRCh38_CMRG_17646	0.0
GRCh38_CMRG_54900	0.0
GRCh38_CMRG_50071	0.0
GRCh38_CMRG_61410	0.0
GRCh38_CMRG_11497	0.0
GRCh38_CMRG_81505	0.0
GRCh38_CMRG_83965	0.0
GRCh38_CMRG_82363	0.0
GRCh38_CMRG_21832	0.0
GRCh38_CMRG_77368	0.0
GRCh38_CMRG_27374	0.0
GRCh38_CMRG_54981	0.0
GRCh38_CMRG_42409	0.0
GRCh38_CMRG_1364	0.0
GRCh38_CMRG_24461	0.0
GRCh38_CMRG_2770	0.0
GRCh38_CMRG_32689	0.0
GRCh38_CMRG_74118	0.0
GRCh38_CMRG_8472	0.0
GRCh38_CMRG_498	0.0
GRCh38_CMRG_22379	0.0
GRCh38_CMRG_52419	0.0
GRCh38_CMRG_67152	0.0
GRCh38_CMRG_39071	0.0
GRCh38_CMRG_7906	0.0
GRCh38_CMRG_13805	0.0
GRCh38_CMRG_26885	0.0
GRCh38_CMRG_44609	0.0
GRCh38_CMRG_49836	0.0
GRCh38_CMRG_63767	0.0
GRCh38_CMRG_821	0.0
GRCh38_CMRG_68146	0.0
GRCh38_CMRG_30790	0.0
GRCh38_CMRG_28083	0.0
GRCh38_CMRG_45260	0.0
GRCh38_CMRG_7947	0.0
GRCh38_CMRG_32516	0.0
GRCh38_CMRG_6950	0.0
GRCh38_CMRG_17290	0.0
GRCh38_CMRG_63771	0.0
GRCh38_CMRG_64435	0.0
GRCh38_CMRG_72660	0.0
GRCh38_CMRG_25043	0.0
GRCh38_CMRG_1074	0.0
GRCh38_CMRG_83795	0.0
GRCh38_CMRG_82047	0.0
GRCh38_CMRG_48991	0.0
GRCh38_CMRG_22878	0.0
GRCh38_CMRG_14831	0.0
GRCh38_CMRG_71776	0.0
GRCh38_CMRG_54376	0.0
GRCh38_CMRG_8095	0.0
GRCh38_CMRG_61863	0.0
GRCh38_CMRG_71188	0.0
GRCh38_CMRG_73158	0.0
GRCh38_CMRG_45406	0.0
GRCh38_CMRG_74661	0.0
GRCh38_CMRG_67228	0.0
GRCh38_CMRG_21046	0.0
GRCh38_CMRG_52599	0.0
GRCh38_CMRG_1714	0.0
GRCh38_CMRG_38144	0.0
GRCh38_CMRG_9290	0.0
GRCh38_CMRG_60127	0.0
GRCh38_CMRG_27825	0.0
GRCh38_CMRG_44866	0.0
GRCh38_CMRG_19949	0.0
GRCh38_CMRG_28893	0.0
GRCh38_CMRG_61866	0.0
GRCh38_CMRG_24148	0.0
GRCh38_CMRG_67282	0.0
GRCh38_CMRG_48811	0.0
GRCh38_CMRG_55290	0.0
GRCh38_CMRG_36802	0.0
GRCh38_CMRG_59987	0.0
GRCh38_CMRG_73340	0.0
GRCh38_CMRG_37916	0.0
GRCh38_CMRG_5886	0.0
GRCh38_CMRG_394	0.0
GRCh38_CMRG_79770	0.0
GRCh38_CMRG_9574	0.0
GRCh38_CMRG_50373	0.0
GRCh38_CMRG_31870	0.0
GRCh38_CMRG_6671	0.0
GRCh38_CMRG_79129	0.0
GRCh38_CMRG_61414	0.0
GRCh38_CMRG_32776	0.0
GRCh38_CMRG_53123	0.0
GRCh38_CMRG_12684	0.0
GRCh38_CMRG_19013	0.0
GRCh38_CMRG_79511	0.0
GRCh38_CMRG_30713	0.0
GRCh38_CMRG_70578	0.0
GRCh38_CMRG_79245	0.0
GRCh38_CMRG_75115	0.0
GRCh38_CMRG_8108	0.0
GRCh38_CMRG_33431	0.0
GRCh38_CMRG_49166	0.0
GRCh38_CMRG_7799	0.0
GRCh38_CMRG_8568	0.0
GRCh38_CMRG_45719	0.0
GRCh38_CMRG_54036	0.0
GRCh38_CMRG_8726	0.0
GRCh38_CMRG_68965	0.0
GRCh38_CMRG_68385	0.0
GRCh38_CMRG_82808	0.0
GRCh38_CMRG_28216	0.0
GRCh38_CMRG_42442	0.0
GRCh38_CMRG_48514	0.0
GRCh38_CMRG_6666	0.0
GRCh38_CMRG_28272	0.0
GRCh38_CMRG_72325	0.0
GRCh38_CMRG_49315	0.0
GRCh38_CMRG_49522	0.0
GRCh38_CMRG_45399	0.0
GRCh38_CMRG_73782	0.0
GRCh38_CMRG_55023	0.0
GRCh38_CMRG_84345	0.0
GRCh38_CMRG_15600	0.0
GRCh38_CMRG_48994	0.0
GRCh38_CMRG_18394	0.0
GRCh38_CMRG_81924	0.0
GRCh38_CMRG_52799	0.0
GRCh38_CMRG_31031	0.0
GRCh38_CMRG_58813	0.0
GRCh38_CMRG_48796	0.0
GRCh38_CMRG_32832	0.0
GRCh38_CMRG_16577	0.0
GRCh38_CMRG_16526	0.0
GRCh38_CMRG_24510	0.0
GRCh38_CMRG_72209	0.0
GRCh38_CMRG_28175	0.0
GRCh38_CMRG_26673	0.0
GRCh38_CMRG_45187	0.0
GRCh38_CMRG_54783	0.0
GRCh38_CMRG_54882	0.0
GRCh38_CMRG_14914	0.0
GRCh38_CMRG_12168	0.0
GRCh38_CMRG_28297	0.0
GRCh38_CMRG_37953	0.0
GRCh38_CMRG_71802	0.0
GRCh38_CMRG_77413	0.0
GRCh38_CMRG_65233	0.0
GRCh38_CMRG_22610	0.0
GRCh38_CMRG_70945	0.0
GRCh38_CMRG_2345	0.0
GRCh38_CMRG_83967	0.0
GRCh38_CMRG_31546	0.0
GRCh38_CMRG_21228	0.0
GRCh38_CMRG_32553	0.0
GRCh38_CMRG_27003	0.0
GRCh38_CMRG_7059	0.0
GRCh38_CMRG_2067	0.0
GRCh38_CMRG_38470	0.0
GRCh38_CMRG_10745	0.0
GRCh38_CMRG_81566	0.0
GRCh38_CMRG_23683	0.0
GRCh38_CMRG_33114	0.0
GRCh38_CMRG_2388	0.0
GRCh38_CMRG_82013	0.0
GRCh38_CMRG_26999	0.0
GRCh38_CMRG_34739	0.0
GRCh38_CMRG_15138	0.0
GRCh38_CMRG_1575	0.0
GRCh38_CMRG_43855	0.0
GRCh38_CMRG_26059	0.0
GRCh38_CMRG_59879	0.0
GRCh38_CMRG_12052	0.0
GRCh38_CMRG_81214	0.0
GRCh38_CMRG_83030	0.0
GRCh38_CMRG_58492	0.0
GRCh38_CMRG_59700	0.0
GRCh38_CMRG_49704	0.0
GRCh38_CMRG_36447	0.0
GRCh38_CMRG_73574	0.0
GRCh38_CMRG_64415	0.0
GRCh38_CMRG_79172	0.0
GRCh38_CMRG_28149	0.0
GRCh38_CMRG_47585	0.0
GRCh38_CMRG_30708	0.0
GRCh38_CMRG_81224	0.0
GRCh38_CMRG_75168	0.0
GRCh38_CMRG_11518	0.0
GRCh38_CMRG_15340	0.0
GRCh38_CMRG_60530	0.0
GRCh38_CMRG_7349	0.0
GRCh38_CMRG_7055	0.0
GRCh38_CMRG_30733	0.0
GRCh38_CMRG_16513	0.0
GRCh38_CMRG_70728	0.0
GRCh38_CMRG_22677	0.0
GRCh38_CMRG_13040	0.0
GRCh38_CMRG_74349	0.0
GRCh38_CMRG_25972	0.0
GRCh38_CMRG_38735	0.0
GRCh38_CMRG_82163	0.0
GRCh38_CMRG_27165	0.0
GRCh38_CMRG_11976	0.0
GRCh38_CMRG_25984	0.0
GRCh38_CMRG_64981	0.0
GRCh38_CMRG_32796	0.0
GRCh38_CMRG_76982	0.0
GRCh38_CMRG_41306	0.0
GRCh38_CMRG_52048	0.0
GRCh38_CMRG_73819	0.0
GRCh38_CMRG_75647	0.0
GRCh38_CMRG_55677	0.0
GRCh38_CMRG_47246	0.0
GRCh38_CMRG_61469	0.0
GRCh38_CMRG_38209	0.0
GRCh38_CMRG_54751	0.0
GRCh38_CMRG_49283	0.0
GRCh38_CMRG_1477	0.0
GRCh38_CMRG_7373	0.0
GRCh38_CMRG_70392	0.0
GRCh38_CMRG_8478	0.0
GRCh38_CMRG_47096	0.0
GRCh38_CMRG_71481	0.0
GRCh38_CMRG_81389	0.0
GRCh38_CMRG_25834	0.0
GRCh38_CMRG_18422	0.0
GRCh38_CMRG_10653	0.0
GRCh38_CMRG_65334	0.0
GRCh38_CMRG_23934	0.0
GRCh38_CMRG_17986	0.0
GRCh38_CMRG_42595	0.0
GRCh38_CMRG_31773	0.0
GRCh38_CMRG_72691	0.0
GRCh38_CMRG_1820	0.0
GRCh38_CMRG_64795	0.0
GRCh38_CMRG_51951	0.0
GRCh38_CMRG_73441	0.0
GRCh38_CMRG_23925	0.0
GRCh38_CMRG_47883	0.0
GRCh38_CMRG_59896	0.0
GRCh38_CMRG_62623	0.0
GRCh38_CMRG_12908	0.0
GRCh38_CMRG_63307	0.0
GRCh38_CMRG_81484	0.0
GRCh38_CMRG_73640	0.0
GRCh38_CMRG_6270	0.0
GRCh38_CMRG_36982	0.0
GRCh38_CMRG_60793	0.0
GRCh38_CMRG_18821	0.0
GRCh38_CMRG_37415	0.0
GRCh38_CMRG_41850	0.0
GRCh38_CMRG_18733	0.0
GRCh38_CMRG_48777	0.0
GRCh38_CMRG_25299	0.0
GRCh38_CMRG_54692	0.0
GRCh38_CMRG_72560	0.0
GRCh38_CMRG_72368	0.0
GRCh38_CMRG_30044	0.0
GRCh38_CMRG_71162	0.0
GRCh38_CMRG_45898	0.0
GRCh38_CMRG_52182	0.0
GRCh38_CMRG_45184	0.0
GRCh38_CMRG_68317	0.0
GRCh38_CMRG_55633	0.0
GRCh38_CMRG_51288	0.0
GRCh38_CMRG_74906	0.0
GRCh38_CMRG_31689	0.0
GRCh38_CMRG_58750	0.0
GRCh38_CMRG_83411	0.0
GRCh38_CMRG_82634	0.0
GRCh38_CMRG_32962	0.0
GRCh38_CMRG_32629	0.0
GRCh38_CMRG_13287	0.0
GRCh38_CMRG_54907	0.0
GRCh38_CMRG_73844	0.0
GRCh38_CMRG_71337	0.0
GRCh38_CMRG_83666	0.0
GRCh38_CMRG_18769	0.0
GRCh38_CMRG_64821	0.0
GRCh38_CMRG_58368	0.0
GRCh38_CMRG_64544	0.0
GRCh38_CMRG_20027	0.0
GRCh38_CMRG_44340	0.0
GRCh38_CMRG_82915	0.0
GRCh38_CMRG_70735	0.0
GRCh38_CMRG_13592	0.0
GRCh38_CMRG_84878	0.0
GRCh38_CMRG_67979	0.0
GRCh38_CMRG_82541	0.0
GRCh38_CMRG_45239	0.0
GRCh38_CMRG_60005	0.0
GRCh38_CMRG_24865	0.0
GRCh38_CMRG_6189	0.0
GRCh38_CMRG_82896	0.0
GRCh38_CMRG_18616	0.0
GRCh38_CMRG_33112	0.0
GRCh38_CMRG_32728	0.0
GRCh38_CMRG_2290	0.0
GRCh38_CMRG_25231	0.0
GRCh38_CMRG_53855	0.0
GRCh38_CMRG_33096	0.0
GRCh38_CMRG_7319	0.0
GRCh38_CMRG_24075	0.0
GRCh38_CMRG_7046	0.0
GRCh38_CMRG_39574	0.0
GRCh38_CMRG_77222	0.0
GRCh38_CMRG_45392	0.0
GRCh38_CMRG_58375	0.0
GRCh38_CMRG_13688	0.0
GRCh38_CMRG_51688	0.0
GRCh38_CMRG_13148	0.0
GRCh38_CMRG_21397	0.0
GRCh38_CMRG_38932	0.0
GRCh38_CMRG_26417	0.0
GRCh38_CMRG_73852	0.0
GRCh38_CMRG_7297	0.0
GRCh38_CMRG_49439	0.0
GRCh38_CMRG_61165	0.0
GRCh38_CMRG_39218	0.0
GRCh38_CMRG_13135	0.0
GRCh38_CMRG_23975	0.0
GRCh38_CMRG_14144	0.0
GRCh38_CMRG_60853	0.0
GRCh38_CMRG_72160	0.0
GRCh38_CMRG_23267	0.0
GRCh38_CMRG_1414	0.0
GRCh38_CMRG_82125	0.0
GRCh38_CMRG_24293	0.0
GRCh38_CMRG_72134	0.0
GRCh38_CMRG_67789	0.0
GRCh38_CMRG_60388	0.0
GRCh38_CMRG_25813	0.0
GRCh38_CMRG_7141	0.0
GRCh38_CMRG_63890	0.0
GRCh38_CMRG_33117	0.0
GRCh38_CMRG_53833	0.0
GRCh38_CMRG_75027	0.0
GRCh38_CMRG_426	0.0
GRCh38_CMRG_71110	0.0
GRCh38_CMRG_71193	0.0
GRCh38_CMRG_14996	0.0
GRCh38_CMRG_49308	0.0
GRCh38_CMRG_62181	0.0
GRCh38_CMRG_63656	0.0
GRCh38_CMRG_72758	0.0
GRCh38_CMRG_9715	0.0
GRCh38_CMRG_6016	0.0
GRCh38_CMRG_25769	0.0
GRCh38_CMRG_68231	0.0
GRCh38_CMRG_59328	0.0
GRCh38_CMRG_75567	0.0
GRCh38_CMRG_79536	0.0
GRCh38_CMRG_100	0.0
GRCh38_CMRG_23609	0.0
GRCh38_CMRG_62187	0.0
GRCh38_CMRG_76794	0.0
GRCh38_CMRG_21876	0.0
GRCh38_CMRG_24835	0.0
GRCh38_CMRG_48859	0.0
GRCh38_CMRG_45503	0.0
GRCh38_CMRG_26837	0.0
GRCh38_CMRG_7358	0.0
GRCh38_CMRG_33360	0.0
GRCh38_CMRG_29481	0.0
GRCh38_CMRG_82446	0.0
GRCh38_CMRG_79961	0.0
GRCh38_CMRG_38433	0.0
GRCh38_CMRG_53517	0.0
GRCh38_CMRG_7035	0.0
GRCh38_CMRG_69531	0.0
GRCh38_CMRG_25213	0.0
GRCh38_CMRG_77142	0.0
GRCh38_CMRG_81888	0.0
GRCh38_CMRG_25983	0.0
GRCh38_CMRG_72583	0.0
GRCh38_CMRG_28138	0.0
GRCh38_CMRG_50088	0.0
GRCh38_CMRG_19041	0.0
GRCh38_CMRG_48226	0.0
GRCh38_CMRG_70554	0.0
GRCh38_CMRG_79143	0.0
GRCh38_CMRG_11569	0.0
GRCh38_CMRG_62399	0.0
GRCh38_CMRG_34436	0.0
GRCh38_CMRG_65226	0.0
GRCh38_CMRG_72537	0.0
GRCh38_CMRG_77416	0.0
GRCh38_CMRG_67826	0.0
GRCh38_CMRG_75332	0.0
GRCh38_CMRG_14530	0.0
GRCh38_CMRG_21929	0.0
GRCh38_CMRG_45942	0.0
GRCh38_CMRG_8527	0.0
GRCh38_CMRG_23774	0.0
GRCh38_CMRG_41494	0.0
GRCh38_CMRG_52755	0.0
GRCh38_CMRG_23882	0.0
GRCh38_CMRG_62560	0.0
GRCh38_CMRG_36412	0.0
GRCh38_CMRG_37907	0.0
GRCh38_CMRG_51910	0.0
GRCh38_CMRG_59401	0.0
GRCh38_CMRG_42465	0.0
GRCh38_CMRG_2477	0.0
GRCh38_CMRG_59283	0.0
GRCh38_CMRG_79649	0.0
GRCh38_CMRG_62564	0.0
GRCh38_CMRG_72590	0.0
GRCh38_CMRG_74039	0.0
GRCh38_CMRG_37970	0.0
GRCh38_CMRG_64054	0.0
GRCh38_CMRG_569	0.0
GRCh38_CMRG_71798	0.0
GRCh38_CMRG_64473	0.0
GRCh38_CMRG_24451	0.0
GRCh38_CMRG_84428	0.0
GRCh38_CMRG_69828	0.0
GRCh38_CMRG_26081	0.0
GRCh38_CMRG_73656	0.0
GRCh38_CMRG_65065	0.0
GRCh38_CMRG_11074	0.0
GRCh38_CMRG_46226	0.0
GRCh38_CMRG_79982	0.0
GRCh38_CMRG_54441	0.0
GRCh38_CMRG_38019	0.0
GRCh38_CMRG_49452	0.0
GRCh38_CMRG_60466	0.0
GRCh38_CMRG_77569	0.0
GRCh38_CMRG_73108	0.0
GRCh38_CMRG_54055	0.0
GRCh38_CMRG_52555	0.0
GRCh38_CMRG_44006	0.0
GRCh38_CMRG_26483	0.0
GRCh38_CMRG_45009	0.0
GRCh38_CMRG_48442	0.0
GRCh38_CMRG_41757	0.0
GRCh38_CMRG_144	0.0
GRCh38_CMRG_69912	0.0
GRCh38_CMRG_7330	0.0
GRCh38_CMRG_19950	0.0
GRCh38_CMRG_23828	0.0
GRCh38_CMRG_38036	0.0
GRCh38_CMRG_21621	0.0
GRCh38_CMRG_76466	0.0
GRCh38_CMRG_55311	0.0
GRCh38_CMRG_51096	0.0
GRCh38_CMRG_45588	0.0
GRCh38_CMRG_82024	0.0
GRCh38_CMRG_655	0.0
GRCh38_CMRG_33675	0.0
GRCh38_CMRG_59187	0.0
GRCh38_CMRG_31632	0.0
GRCh38_CMRG_73558	0.0
GRCh38_CMRG_82946	0.0
GRCh38_CMRG_52156	0.0
GRCh38_CMRG_6814	0.0
GRCh38_CMRG_52870	0.0
GRCh38_CMRG_24128	0.0
GRCh38_CMRG_25827	0.0
GRCh38_CMRG_38083	0.0
GRCh38_CMRG_25740	0.0
GRCh38_CMRG_79539	0.0
GRCh38_CMRG_82698	0.0
GRCh38_CMRG_28422	0.0
GRCh38_CMRG_81723	0.0
GRCh38_CMRG_81985	0.0
GRCh38_CMRG_84161	0.0
GRCh38_CMRG_41171	0.0
GRCh38_CMRG_6722	0.0
GRCh38_CMRG_50378	0.0
GRCh38_CMRG_23174	0.0
GRCh38_CMRG_79601	0.0
GRCh38_CMRG_64081	0.0
GRCh38_CMRG_65158	0.0
GRCh38_CMRG_45396	0.0
GRCh38_CMRG_71923	0.0
GRCh38_CMRG_33113	0.0
GRCh38_CMRG_32708	0.0
GRCh38_CMRG_42303	0.0
GRCh38_CMRG_60361	0.0
GRCh38_CMRG_19815	0.0
GRCh38_CMRG_79317	0.0
GRCh38_CMRG_51005	0.0
GRCh38_CMRG_11986	0.0
GRCh38_CMRG_62391	0.0
GRCh38_CMRG_89	0.0
GRCh38_CMRG_17479	0.0
GRCh38_CMRG_54154	0.0
GRCh38_CMRG_46985	0.0
GRCh38_CMRG_65788	0.0
GRCh38_CMRG_39084	0.0
GRCh38_CMRG_11033	0.0
GRCh38_CMRG_51107	0.0
GRCh38_CMRG_10576	0.0
GRCh38_CMRG_36467	0.0
GRCh38_CMRG_73264	0.0
GRCh38_CMRG_7700	0.0
GRCh38_CMRG_73346	0.0
GRCh38_CMRG_33448	0.0
GRCh38_CMRG_74000	0.0
GRCh38_CMRG_22209	0.0
GRCh38_CMRG_23711	0.0
GRCh38_CMRG_67991	0.0
GRCh38_CMRG_45262	0.0
GRCh38_CMRG_79331	0.0
GRCh38_CMRG_75140	0.0
GRCh38_CMRG_50702	0.0
GRCh38_CMRG_24136	0.0
GRCh38_CMRG_68158	0.0
GRCh38_CMRG_19813	0.0
GRCh38_CMRG_31438	0.0
GRCh38_CMRG_35860	0.0
GRCh38_CMRG_65546	0.0
GRCh38_CMRG_81777	0.0
GRCh38_CMRG_37847	0.0
GRCh38_CMRG_17919	0.0
GRCh38_CMRG_60529	0.0
GRCh38_CMRG_54574	0.0
GRCh38_CMRG_28420	0.0
GRCh38_CMRG_81316	0.0
GRCh38_CMRG_11315	0.0
GRCh38_CMRG_53453	0.0
GRCh38_CMRG_49332	0.0
GRCh38_CMRG_58378	0.0
GRCh38_CMRG_50974	0.0
GRCh38_CMRG_55073	0.0
GRCh38_CMRG_34862	0.0
GRCh38_CMRG_52006	0.0
GRCh38_CMRG_70208	0.0
GRCh38_CMRG_81722	0.0
GRCh38_CMRG_75366	0.0
GRCh38_CMRG_32990	0.0
GRCh38_CMRG_65691	0.0
GRCh38_CMRG_48898	0.0
GRCh38_CMRG_52435	0.0
GRCh38_CMRG_82474	0.0
GRCh38_CMRG_68449	0.0
GRCh38_CMRG_24024	0.0
GRCh38_CMRG_81856	0.0
GRCh38_CMRG_8866	0.0
GRCh38_CMRG_55619	0.0
GRCh38_CMRG_52690	0.0
GRCh38_CMRG_27085	0.0
GRCh38_CMRG_74545	0.0
GRCh38_CMRG_38037	0.0
GRCh38_CMRG_23860	0.0
GRCh38_CMRG_44903	0.0
GRCh38_CMRG_29120	0.0
GRCh38_CMRG_79889	0.0
GRCh38_CMRG_65239	0.0
GRCh38_CMRG_71607	0.0
GRCh38_CMRG_16452	0.0
GRCh38_CMRG_69649	0.0
GRCh38_CMRG_79966	0.0
GRCh38_CMRG_45265	0.0
GRCh38_CMRG_12824	0.0
GRCh38_CMRG_13515	0.0
GRCh38_CMRG_49922	0.0
GRCh38_CMRG_45520	0.0
GRCh38_CMRG_55768	0.0
GRCh38_CMRG_67204	0.0
GRCh38_CMRG_96	0.0
GRCh38_CMRG_64965	0.0
GRCh38_CMRG_18447	0.0
GRCh38_CMRG_6420	0.0
GRCh38_CMRG_13404	0.0
GRCh38_CMRG_73023	0.0
GRCh38_CMRG_30031	0.0
GRCh38_CMRG_42158	0.0
GRCh38_CMRG_13448	0.0
GRCh38_CMRG_82535	0.0
GRCh38_CMRG_13483	0.0
GRCh38_CMRG_6017	0.0
GRCh38_CMRG_73613	0.0
GRCh38_CMRG_18326	0.0
GRCh38_CMRG_8031	0.0
GRCh38_CMRG_55748	0.0
GRCh38_CMRG_79590	0.0
GRCh38_CMRG_12615	0.0
GRCh38_CMRG_2510	0.0
GRCh38_CMRG_73831	0.0
GRCh38_CMRG_2317	0.0
GRCh38_CMRG_68268	0.0
GRCh38_CMRG_26745	0.0
GRCh38_CMRG_72559	0.0
GRCh38_CMRG_70751	0.0
GRCh38_CMRG_83570	0.0
GRCh38_CMRG_65330	0.0
GRCh38_CMRG_13878	0.0
GRCh38_CMRG_26379	0.0
GRCh38_CMRG_11815	0.0
GRCh38_CMRG_55432	0.0
GRCh38_CMRG_75669	0.0
GRCh38_CMRG_59750	0.0
GRCh38_CMRG_32904	0.0
GRCh38_CMRG_50174	0.0
GRCh38_CMRG_16463	0.0
GRCh38_CMRG_25971	0.0
GRCh38_CMRG_21467	0.0
GRCh38_CMRG_72561	0.0
GRCh38_CMRG_60451	0.0
GRCh38_CMRG_5760	0.0
GRCh38_CMRG_2525	0.0
GRCh38_CMRG_52340	0.0
GRCh38_CMRG_38515	0.0
GRCh38_CMRG_71340	0.0
GRCh38_CMRG_39070	0.0
GRCh38_CMRG_55385	0.0
GRCh38_CMRG_17240	0.0
GRCh38_CMRG_1459	0.0
GRCh38_CMRG_30726	0.0
GRCh38_CMRG_67717	0.0
GRCh38_CMRG_26818	0.0
GRCh38_CMRG_23416	0.0
GRCh38_CMRG_68482	0.0
GRCh38_CMRG_82622	0.0
GRCh38_CMRG_41973	0.0
GRCh38_CMRG_23932	0.0
GRCh38_CMRG_48628	0.0
GRCh38_CMRG_12193	0.0
GRCh38_CMRG_24411	0.0
GRCh38_CMRG_83693	0.0
GRCh38_CMRG_11062	0.0
GRCh38_CMRG_29649	0.0
GRCh38_CMRG_47200	0.0
GRCh38_CMRG_82353	0.0
GRCh38_CMRG_73182	0.0
GRCh38_CMRG_38933	0.0
GRCh38_CMRG_44764	0.0
GRCh38_CMRG_54899	0.0
GRCh38_CMRG_60413	0.0
GRCh38_CMRG_33135	0.0
GRCh38_CMRG_17772	0.0
GRCh38_CMRG_67339	0.0
GRCh38_CMRG_55422	0.0
GRCh38_CMRG_72964	0.0
GRCh38_CMRG_64756	0.0
GRCh38_CMRG_17851	0.0
GRCh38_CMRG_18442	0.0
GRCh38_CMRG_82681	0.0
GRCh38_CMRG_72093	0.0
GRCh38_CMRG_29145	0.0
GRCh38_CMRG_26703	0.0
GRCh38_CMRG_23987	0.0
GRCh38_CMRG_49227	0.0
GRCh38_CMRG_9258	0.0
GRCh38_CMRG_69930	0.0
GRCh38_CMRG_71417	0.0
GRCh38_CMRG_72603	0.0
GRCh38_CMRG_82543	0.0
GRCh38_CMRG_59326	0.0
GRCh38_CMRG_9435	0.0
GRCh38_CMRG_73641	0.0
GRCh38_CMRG_24506	0.0
GRCh38_CMRG_32812	0.0
GRCh38_CMRG_79523	0.0
GRCh38_CMRG_9439	0.0
GRCh38_CMRG_38929	0.0
GRCh38_CMRG_72027	0.0
GRCh38_CMRG_60411	0.0
GRCh38_CMRG_44660	0.0
GRCh38_CMRG_28225	0.0
GRCh38_CMRG_82414	0.0
GRCh38_CMRG_36637	0.0
GRCh38_CMRG_59157	0.0
GRCh38_CMRG_29770	0.0
GRCh38_CMRG_82755	0.0
GRCh38_CMRG_12041	0.0
GRCh38_CMRG_14185	0.0
GRCh38_CMRG_37718	0.0
GRCh38_CMRG_62411	0.0
GRCh38_CMRG_75414	0.0
GRCh38_CMRG_1389	0.0
GRCh38_CMRG_60537	0.0
GRCh38_CMRG_21965	0.0
GRCh38_CMRG_77646	0.0
GRCh38_CMRG_82397	0.0
GRCh38_CMRG_75401	0.0
GRCh38_CMRG_14592	0.0
GRCh38_CMRG_33078	0.0
GRCh38_CMRG_49520	0.0
GRCh38_CMRG_50716	0.0
GRCh38_CMRG_61107	0.0
GRCh38_CMRG_32788	0.0
GRCh38_CMRG_73248	0.0
GRCh38_CMRG_73101	0.0
GRCh38_CMRG_50790	0.0
GRCh38_CMRG_54964	0.0
GRCh38_CMRG_23308	0.0
GRCh38_CMRG_71475	0.0
GRCh38_CMRG_6445	0.0
GRCh38_CMRG_19070	0.0
GRCh38_CMRG_17969	0.0
GRCh38_CMRG_69319	0.0
GRCh38_CMRG_33808	0.0
GRCh38_CMRG_67744	0.0
GRCh38_CMRG_38203	0.0
GRCh38_CMRG_67280	0.0
GRCh38_CMRG_29922	0.0
GRCh38_CMRG_38780	0.0
GRCh38_CMRG_82477	0.0
GRCh38_CMRG_34727	0.0
GRCh38_CMRG_29330	0.0
GRCh38_CMRG_49641	0.0
GRCh38_CMRG_19287	0.0
GRCh38_CMRG_73512	0.0
GRCh38_CMRG_68484	0.0
GRCh38_CMRG_79144	0.0
GRCh38_CMRG_79974	0.0
GRCh38_CMRG_31493	0.0
GRCh38_CMRG_81875	0.0
GRCh38_CMRG_24160	0.0
GRCh38_CMRG_33082	0.0
GRCh38_CMRG_77580	0.0
GRCh38_CMRG_13857	0.0
GRCh38_CMRG_74896	0.0
GRCh38_CMRG_9332	0.0
GRCh38_CMRG_65238	0.0
GRCh38_CMRG_49129	0.0
GRCh38_CMRG_2897	0.0
GRCh38_CMRG_70046	0.0
GRCh38_CMRG_25872	0.0
GRCh38_CMRG_26240	0.0
GRCh38_CMRG_45522	0.0
GRCh38_CMRG_24686	0.0
GRCh38_CMRG_59782	0.0
GRCh38_CMRG_61339	0.0
GRCh38_CMRG_43782	0.0
GRCh38_CMRG_32477	0.0
GRCh38_CMRG_8381	0.0
GRCh38_CMRG_121	0.0
GRCh38_CMRG_60848	0.0
GRCh38_CMRG_33167	0.0
GRCh38_CMRG_13837	0.0
GRCh38_CMRG_69378	0.0
GRCh38_CMRG_75466	0.0
GRCh38_CMRG_53954	0.0
GRCh38_CMRG_67709	0.0
GRCh38_CMRG_24601	0.0
GRCh38_CMRG_46567	0.0
GRCh38_CMRG_32794	0.0
GRCh38_CMRG_72466	0.0
GRCh38_CMRG_17269	0.0
GRCh38_CMRG_8488	0.0
GRCh38_CMRG_8351	0.0
GRCh38_CMRG_75015	0.0
GRCh38_CMRG_26781	0.0
GRCh38_CMRG_46094	0.0
GRCh38_CMRG_61607	0.0
GRCh38_CMRG_38250	0.0
GRCh38_CMRG_31199	0.0
GRCh38_CMRG_37966	0.0
GRCh38_CMRG_15596	0.0
GRCh38_CMRG_9514	0.0
GRCh38_CMRG_8133	0.0
GRCh38_CMRG_37962	0.0
GRCh38_CMRG_794	0.0
GRCh38_CMRG_67096	0.0
GRCh38_CMRG_38227	0.0
GRCh38_CMRG_38032	0.0
GRCh38_CMRG_81799	0.0
GRCh38_CMRG_60651	0.0
GRCh38_CMRG_26996	0.0
GRCh38_CMRG_72548	0.0
GRCh38_CMRG_33060	0.0
GRCh38_CMRG_46345	0.0
GRCh38_CMRG_70656	0.0
GRCh38_CMRG_6056	0.0
GRCh38_CMRG_74365	0.0
GRCh38_CMRG_21002	0.0
GRCh38_CMRG_25285	0.0
GRCh38_CMRG_51223	0.0
GRCh38_CMRG_807	0.0
GRCh38_CMRG_82695	0.0
GRCh38_CMRG_23588	0.0
GRCh38_CMRG_15150	0.0
GRCh38_CMRG_55345	0.0
GRCh38_CMRG_32754	0.0
GRCh38_CMRG_49550	0.0
GRCh38_CMRG_50343	0.0
GRCh38_CMRG_43572	0.0
GRCh38_CMRG_82184	0.0
GRCh38_CMRG_17393	0.0
GRCh38_CMRG_31004	0.0
GRCh38_CMRG_73377	0.0
GRCh38_CMRG_79083	0.0
GRCh38_CMRG_45887	0.0
GRCh38_CMRG_24180	0.0
GRCh38_CMRG_23944	0.0
GRCh38_CMRG_31899	0.0
GRCh38_CMRG_6669	0.0
GRCh38_CMRG_41493	0.0
GRCh38_CMRG_43709	0.0
GRCh38_CMRG_67711	0.0
GRCh38_CMRG_12989	0.0
GRCh38_CMRG_8019	0.0
GRCh38_CMRG_2512	0.0
GRCh38_CMRG_14453	0.0
GRCh38_CMRG_82345	0.0
GRCh38_CMRG_82314	0.0
GRCh38_CMRG_41779	0.0
GRCh38_CMRG_37983	0.0
GRCh38_CMRG_59712	0.0
GRCh38_CMRG_47243	0.0
GRCh38_CMRG_88	0.0
GRCh38_CMRG_11785	0.0
GRCh38_CMRG_13609	0.0
GRCh38_CMRG_36930	0.0
GRCh38_CMRG_38491	0.0
GRCh38_CMRG_48316	0.0
GRCh38_CMRG_48713	0.0
GRCh38_CMRG_22867	0.0
GRCh38_CMRG_77415	0.0
GRCh38_CMRG_82237	0.0
GRCh38_CMRG_17483	0.0
GRCh38_CMRG_19419	0.0
GRCh38_CMRG_67686	0.0
GRCh38_CMRG_67116	0.0
GRCh38_CMRG_68303	0.0
GRCh38_CMRG_68264	0.0
GRCh38_CMRG_81750	0.0
GRCh38_CMRG_24297	0.0
GRCh38_CMRG_16647	0.0
GRCh38_CMRG_1316	0.0
GRCh38_CMRG_49465	0.0
GRCh38_CMRG_13750	0.0
GRCh38_CMRG_14798	0.0
GRCh38_CMRG_18965	0.0
GRCh38_CMRG_35957	0.0
GRCh38_CMRG_49167	0.0
GRCh38_CMRG_45190	0.0
GRCh38_CMRG_37723	0.0
GRCh38_CMRG_27822	0.0
GRCh38_CMRG_70370	0.0
GRCh38_CMRG_13358	0.0
GRCh38_CMRG_62301	0.0
GRCh38_CMRG_75252	0.0
GRCh38_CMRG_70573	0.0
GRCh38_CMRG_76848	0.0
GRCh38_CMRG_55726	0.0
GRCh38_CMRG_63232	0.0
GRCh38_CMRG_5811	0.0
GRCh38_CMRG_65721	0.0
GRCh38_CMRG_41646	0.0
GRCh38_CMRG_29123	0.0
GRCh38_CMRG_37746	0.0
GRCh38_CMRG_27197	0.0
GRCh38_CMRG_51987	0.0
GRCh38_CMRG_11369	0.0
GRCh38_CMRG_27707	0.0
GRCh38_CMRG_38102	0.0
GRCh38_CMRG_64575	0.0
GRCh38_CMRG_46376	0.0
GRCh38_CMRG_13901	0.0
GRCh38_CMRG_1555	0.0
GRCh38_CMRG_33536	0.0
GRCh38_CMRG_25896	0.0
GRCh38_CMRG_51351	0.0
GRCh38_CMRG_54753	0.0
GRCh38_CMRG_44070	0.0
GRCh38_CMRG_23307	0.0
GRCh38_CMRG_76640	0.0
GRCh38_CMRG_38565	0.0
GRCh38_CMRG_70804	0.0
GRCh38_CMRG_59251	0.0
GRCh38_CMRG_38420	0.0
GRCh38_CMRG_79602	0.0
GRCh38_CMRG_38448	0.0
GRCh38_CMRG_58636	0.0
GRCh38_CMRG_50540	0.0
GRCh38_CMRG_82538	0.0
GRCh38_CMRG_81926	0.0
GRCh38_CMRG_21587	0.0
GRCh38_CMRG_18084	0.0
GRCh38_CMRG_67801	0.0
GRCh38_CMRG_24118	0.0
GRCh38_CMRG_19030	0.0
GRCh38_CMRG_44952	0.0
GRCh38_CMRG_45904	0.0
GRCh38_CMRG_64896	0.0
GRCh38_CMRG_39244	0.0
GRCh38_CMRG_53031	0.0
GRCh38_CMRG_28227	0.0
GRCh38_CMRG_73421	0.0
GRCh38_CMRG_40027	0.0
GRCh38_CMRG_48	0.0
GRCh38_CMRG_49157	0.0
GRCh38_CMRG_6980	0.0
GRCh38_CMRG_13538	0.0
GRCh38_CMRG_82293	0.0
GRCh38_CMRG_51659	0.0
GRCh38_CMRG_65182	0.0
GRCh38_CMRG_73088	0.0
GRCh38_CMRG_18620	0.0
GRCh38_CMRG_59215	0.0
GRCh38_CMRG_65736	0.0
GRCh38_CMRG_52596	0.0
GRCh38_CMRG_10810	0.0
GRCh38_CMRG_45226	0.0
GRCh38_CMRG_15327	0.0
GRCh38_CMRG_82536	0.0
GRCh38_CMRG_33976	0.0
GRCh38_CMRG_41748	0.0
GRCh38_CMRG_84234	0.0
GRCh38_CMRG_39213	0.0
GRCh38_CMRG_28631	0.0
GRCh38_CMRG_72841	0.0
GRCh38_CMRG_53253	0.0
GRCh38_CMRG_62378	0.0
GRCh38_CMRG_68713	0.0
GRCh38_CMRG_60979	0.0
GRCh38_CMRG_18548	0.0
GRCh38_CMRG_78969	0.0
GRCh38_CMRG_52258	0.0
GRCh38_CMRG_49507	0.0
GRCh38_CMRG_19426	0.0
GRCh38_CMRG_66133	0.0
GRCh38_CMRG_15158	0.0
GRCh38_CMRG_77521	0.0
GRCh38_CMRG_34113	0.0
GRCh38_CMRG_32755	0.0
GRCh38_CMRG_41513	0.0
GRCh38_CMRG_36542	0.0
GRCh38_CMRG_6982	0.0
GRCh38_CMRG_155	0.0
GRCh38_CMRG_81034	0.0
GRCh38_CMRG_70478	0.0
GRCh38_CMRG_2391	0.0
GRCh38_CMRG_35895	0.0
GRCh38_CMRG_8202	0.0
GRCh38_CMRG_47245	0.0
GRCh38_CMRG_82800	0.0
GRCh38_CMRG_18533	0.0
GRCh38_CMRG_82517	0.0
GRCh38_CMRG_36228	0.0
GRCh38_CMRG_67349	0.0
GRCh38_CMRG_49313	0.0
GRCh38_CMRG_37334	0.0
GRCh38_CMRG_49306	0.0
GRCh38_CMRG_22498	0.0
GRCh38_CMRG_24267	0.0
GRCh38_CMRG_72814	0.0
GRCh38_CMRG_21346	0.0
GRCh38_CMRG_67934	0.0
GRCh38_CMRG_58236	0.0
GRCh38_CMRG_47116	0.0
GRCh38_CMRG_29625	0.0
GRCh38_CMRG_24294	0.0
GRCh38_CMRG_79352	0.0
GRCh38_CMRG_45552	0.0
GRCh38_CMRG_67825	0.0
GRCh38_CMRG_72588	0.0
GRCh38_CMRG_15336	0.0
GRCh38_CMRG_34010	0.0
GRCh38_CMRG_36906	0.0
GRCh38_CMRG_18220	0.0
GRCh38_CMRG_28434	0.0
GRCh38_CMRG_44931	0.0
GRCh38_CMRG_54047	0.0
GRCh38_CMRG_70398	0.0
GRCh38_CMRG_55573	0.0
GRCh38_CMRG_25894	0.0
GRCh38_CMRG_11060	0.0
GRCh38_CMRG_55158	0.0
GRCh38_CMRG_40152	0.0
GRCh38_CMRG_47463	0.0
GRCh38_CMRG_83844	0.0
GRCh38_CMRG_60023	0.0
GRCh38_CMRG_47339	0.0
GRCh38_CMRG_82452	0.0
GRCh38_CMRG_32720	0.0
GRCh38_CMRG_37940	0.0
GRCh38_CMRG_66026	0.0
GRCh38_CMRG_74953	0.0
GRCh38_CMRG_43797	0.0
GRCh38_CMRG_83042	0.0
GRCh38_CMRG_34562	0.0
GRCh38_CMRG_44385	0.0
GRCh38_CMRG_38501	0.0
GRCh38_CMRG_83068	0.0
GRCh38_CMRG_1383	0.0
GRCh38_CMRG_75568	0.0
GRCh38_CMRG_28137	0.0
GRCh38_CMRG_40595	0.0
GRCh38_CMRG_5754	0.0
GRCh38_CMRG_49445	0.0
GRCh38_CMRG_59666	0.0
GRCh38_CMRG_48028	0.0
GRCh38_CMRG_13499	0.0
GRCh38_CMRG_46773	0.0
GRCh38_CMRG_36094	0.0
GRCh38_CMRG_75674	0.0
GRCh38_CMRG_81560	0.0
GRCh38_CMRG_20877	0.0
GRCh38_CMRG_23493	0.0
GRCh38_CMRG_46402	0.0
GRCh38_CMRG_23347	0.0
GRCh38_CMRG_52615	0.0
GRCh38_CMRG_70174	0.0
GRCh38_CMRG_41268	0.0
GRCh38_CMRG_41856	0.0
GRCh38_CMRG_71540	0.0
GRCh38_CMRG_55794	0.0
GRCh38_CMRG_69884	0.0
GRCh38_CMRG_74934	0.0
GRCh38_CMRG_74718	0.0
GRCh38_CMRG_59827	0.0
GRCh38_CMRG_83045	0.0
GRCh38_CMRG_46606	0.0
GRCh38_CMRG_26302	0.0
GRCh38_CMRG_54982	0.0
GRCh38_CMRG_24744	0.0
GRCh38_CMRG_22298	0.0
GRCh38_CMRG_77363	0.0
GRCh38_CMRG_38577	0.0
GRCh38_CMRG_37938	0.0
GRCh38_CMRG_31993	0.0
GRCh38_CMRG_72373	0.0
GRCh38_CMRG_27805	0.0
GRCh38_CMRG_84098	0.0
GRCh38_CMRG_60422	0.0
GRCh38_CMRG_22747	0.0
GRCh38_CMRG_68236	0.0
GRCh38_CMRG_36952	0.0
GRCh38_CMRG_54648	0.0
GRCh38_CMRG_82914	0.0
GRCh38_CMRG_16885	0.0
GRCh38_CMRG_67617	0.0
GRCh38_CMRG_82393	0.0
GRCh38_CMRG_69932	0.0
GRCh38_CMRG_81498	0.0
GRCh38_CMRG_29930	0.0
GRCh38_CMRG_73665	0.0
GRCh38_CMRG_23309	0.0
GRCh38_CMRG_32700	0.0
GRCh38_CMRG_51781	0.0
GRCh38_CMRG_77152	0.0
GRCh38_CMRG_38439	0.0
GRCh38_CMRG_72224	0.0
GRCh38_CMRG_6665	0.0
GRCh38_CMRG_64970	0.0
GRCh38_CMRG_82553	0.0
GRCh38_CMRG_47442	0.0
GRCh38_CMRG_59711	0.0
GRCh38_CMRG_24453	0.0
GRCh38_CMRG_55057	0.0
GRCh38_CMRG_64189	0.0
GRCh38_CMRG_45508	0.0
GRCh38_CMRG_75154	0.0
GRCh38_CMRG_12571	0.0
GRCh38_CMRG_50950	0.0
GRCh38_CMRG_31989	0.0
GRCh38_CMRG_70684	0.0
GRCh38_CMRG_37495	0.0
GRCh38_CMRG_70607	0.0
GRCh38_CMRG_31300	0.0
GRCh38_CMRG_8124	0.0
GRCh38_CMRG_46143	0.0
GRCh38_CMRG_72028	0.0
GRCh38_CMRG_48411	0.0
GRCh38_CMRG_52249	0.0
GRCh38_CMRG_79568	0.0
GRCh38_CMRG_37670	0.0
GRCh38_CMRG_77312	0.0
GRCh38_CMRG_1456	0.0
GRCh38_CMRG_18228	0.0
GRCh38_CMRG_83236	0.0
GRCh38_CMRG_44046	0.0
GRCh38_CMRG_75088	0.0
GRCh38_CMRG_28508	0.0
GRCh38_CMRG_13535	0.0
GRCh38_CMRG_65050	0.0
GRCh38_CMRG_24233	0.0
GRCh38_CMRG_39645	0.0
GRCh38_CMRG_32104	0.0
GRCh38_CMRG_27636	0.0
GRCh38_CMRG_34566	0.0
GRCh38_CMRG_13562	0.0
GRCh38_CMRG_23115	0.0
GRCh38_CMRG_47398	0.0
GRCh38_CMRG_82993	0.0
GRCh38_CMRG_71842	0.0
GRCh38_CMRG_40637	0.0
GRCh38_CMRG_11807	0.0
GRCh38_CMRG_48897	0.0
GRCh38_CMRG_52972	0.0
GRCh38_CMRG_82145	0.0
GRCh38_CMRG_2739	0.0
GRCh38_CMRG_82303	0.0
GRCh38_CMRG_83572	0.0
GRCh38_CMRG_82406	0.0
GRCh38_CMRG_59353	0.0
GRCh38_CMRG_1631	0.0
GRCh38_CMRG_37973	0.0
GRCh38_CMRG_81860	0.0
GRCh38_CMRG_82704	0.0
GRCh38_CMRG_81949	0.0
GRCh38_CMRG_8191	0.0
GRCh38_CMRG_652	0.0
GRCh38_CMRG_17435	0.0
GRCh38_CMRG_9276	0.0
GRCh38_CMRG_71624	0.0
GRCh38_CMRG_6553	0.0
GRCh38_CMRG_25256	0.0
GRCh38_CMRG_79610	0.0
GRCh38_CMRG_81656	0.0
GRCh38_CMRG_51903	0.0
GRCh38_CMRG_29727	0.0
GRCh38_CMRG_37843	0.0
GRCh38_CMRG_68165	0.0
GRCh38_CMRG_18566	0.0
GRCh38_CMRG_631	0.0
GRCh38_CMRG_82457	0.0
GRCh38_CMRG_12844	0.0
GRCh38_CMRG_6066	0.0
GRCh38_CMRG_48016	0.0
GRCh38_CMRG_46123	0.0
GRCh38_CMRG_41572	0.0
GRCh38_CMRG_10575	0.0
GRCh38_CMRG_22335	0.0
GRCh38_CMRG_18340	0.0
GRCh38_CMRG_67040	0.0
GRCh38_CMRG_33025	0.0
GRCh38_CMRG_47405	0.0
GRCh38_CMRG_45102	0.0
GRCh38_CMRG_83119	0.0
GRCh38_CMRG_8691	0.0
GRCh38_CMRG_10732	0.0
GRCh38_CMRG_59889	0.0
GRCh38_CMRG_78891	0.0
GRCh38_CMRG_23940	0.0
GRCh38_CMRG_80777	0.0
GRCh38_CMRG_25038	0.0
GRCh38_CMRG_37975	0.0
GRCh38_CMRG_52416	0.0
GRCh38_CMRG_38803	0.0
GRCh38_CMRG_62089	0.0
GRCh38_CMRG_83884	0.0
GRCh38_CMRG_13324	0.0
GRCh38_CMRG_74979	0.0
GRCh38_CMRG_11274	0.0
GRCh38_CMRG_60582	0.0
GRCh38_CMRG_18066	0.0
GRCh38_CMRG_81852	0.0
GRCh38_CMRG_55522	0.0
GRCh38_CMRG_13134	0.0
GRCh38_CMRG_2049	0.0
GRCh38_CMRG_52417	0.0
GRCh38_CMRG_28479	0.0
GRCh38_CMRG_11273	0.0
GRCh38_CMRG_77530	0.0
GRCh38_CMRG_5955	0.0
GRCh38_CMRG_6977	0.0
GRCh38_CMRG_36596	0.0
GRCh38_CMRG_7807	0.0
GRCh38_CMRG_82559	0.0
GRCh38_CMRG_18385	0.0
GRCh38_CMRG_16472	0.0
GRCh38_CMRG_2900	0.0
GRCh38_CMRG_7619	0.0
GRCh38_CMRG_59399	0.0
GRCh38_CMRG_2598	0.0
GRCh38_CMRG_44973	0.0
GRCh38_CMRG_82429	0.0
GRCh38_CMRG_69899	0.0
GRCh38_CMRG_24063	0.0
GRCh38_CMRG_13504	0.0
GRCh38_CMRG_82418	0.0
GRCh38_CMRG_38485	0.0
GRCh38_CMRG_52753	0.0
GRCh38_CMRG_32428	0.0
GRCh38_CMRG_81538	0.0
GRCh38_CMRG_30932	0.0
GRCh38_CMRG_35691	0.0
GRCh38_CMRG_65556	0.0
GRCh38_CMRG_31523	0.0
GRCh38_CMRG_45379	0.0
GRCh38_CMRG_33507	0.0
GRCh38_CMRG_7913	0.0
GRCh38_CMRG_67694	0.0
GRCh38_CMRG_7709	0.0
GRCh38_CMRG_30556	0.0
GRCh38_CMRG_18399	0.0
GRCh38_CMRG_61668	0.0
GRCh38_CMRG_17642	0.0
GRCh38_CMRG_83020	0.0
GRCh38_CMRG_51971	0.0
GRCh38_CMRG_37871	0.0
GRCh38_CMRG_52332	0.0
GRCh38_CMRG_6102	0.0
GRCh38_CMRG_13604	0.0
GRCh38_CMRG_23976	0.0
GRCh38_CMRG_79543	0.0
GRCh38_CMRG_41324	0.0
GRCh38_CMRG_37690	0.0
GRCh38_CMRG_7057	0.0
GRCh38_CMRG_53076	0.0
GRCh38_CMRG_60345	0.0
GRCh38_CMRG_18441	0.0
GRCh38_CMRG_23580	0.0
GRCh38_CMRG_44192	0.0
GRCh38_CMRG_36511	0.0
GRCh38_CMRG_70628	0.0
GRCh38_CMRG_13347	0.0
GRCh38_CMRG_8455	0.0
GRCh38_CMRG_48829	0.0
GRCh38_CMRG_22577	0.0
GRCh38_CMRG_1458	0.0
GRCh38_CMRG_70608	0.0
GRCh38_CMRG_68024	0.0
GRCh38_CMRG_41001	0.0
GRCh38_CMRG_60774	0.0
GRCh38_CMRG_59973	0.0
GRCh38_CMRG_38989	0.0
GRCh38_CMRG_60557	0.0
GRCh38_CMRG_67713	0.0
GRCh38_CMRG_22576	0.0
GRCh38_CMRG_41541	0.0
GRCh38_CMRG_61646	0.0
GRCh38_CMRG_66121	0.0
GRCh38_CMRG_74658	0.0
GRCh38_CMRG_21511	0.0
GRCh38_CMRG_45642	0.0
GRCh38_CMRG_72756	0.0
GRCh38_CMRG_53963	0.0
GRCh38_CMRG_71777	0.0
GRCh38_CMRG_59919	0.0
GRCh38_CMRG_81944	0.0
GRCh38_CMRG_71523	0.0
GRCh38_CMRG_19004	0.0
GRCh38_CMRG_28392	0.0
GRCh38_CMRG_38259	0.0
GRCh38_CMRG_18791	0.0
GRCh38_CMRG_78948	0.0
GRCh38_CMRG_29594	0.0
GRCh38_CMRG_45425	0.0
GRCh38_CMRG_17968	0.0
GRCh38_CMRG_33990	0.0
GRCh38_CMRG_15350	0.0
GRCh38_CMRG_65543	0.0
GRCh38_CMRG_18457	0.0
GRCh38_CMRG_41563	0.0
GRCh38_CMRG_79737	0.0
GRCh38_CMRG_31020	0.0
GRCh38_CMRG_54946	0.0
GRCh38_CMRG_69481	0.0
GRCh38_CMRG_164	0.0
GRCh38_CMRG_65379	0.0
GRCh38_CMRG_68337	0.0
GRCh38_CMRG_46215	0.0
GRCh38_CMRG_491	0.0
GRCh38_CMRG_22609	0.0
GRCh38_CMRG_18515	0.0
GRCh38_CMRG_13119	0.0
GRCh38_CMRG_18877	0.0
GRCh38_CMRG_12991	0.0
GRCh38_CMRG_70516	0.0
GRCh38_CMRG_32839	0.0
GRCh38_CMRG_52962	0.0
GRCh38_CMRG_28341	0.0
GRCh38_CMRG_73510	0.0
GRCh38_CMRG_68302	0.0
GRCh38_CMRG_51998	0.0
GRCh38_CMRG_34564	0.0
GRCh38_CMRG_2633	0.0
GRCh38_CMRG_44953	0.0
GRCh38_CMRG_19567	0.0
GRCh38_CMRG_36440	0.0
GRCh38_CMRG_8311	0.0
GRCh38_CMRG_41599	0.0
GRCh38_CMRG_61821	0.0
GRCh38_CMRG_44379	0.0
GRCh38_CMRG_52004	0.0
GRCh38_CMRG_11192	0.0
GRCh38_CMRG_22573	0.0
GRCh38_CMRG_45380	0.0
GRCh38_CMRG_82806	0.0
GRCh38_CMRG_77579	0.0
GRCh38_CMRG_82572	0.0
GRCh38_CMRG_59334	0.0
GRCh38_CMRG_76728	0.0
GRCh38_CMRG_27295	0.0
GRCh38_CMRG_40268	0.0
GRCh38_CMRG_81027	0.0
GRCh38_CMRG_63381	0.0
GRCh38_CMRG_70861	0.0
GRCh38_CMRG_44795	0.0
GRCh38_CMRG_419	0.0
GRCh38_CMRG_70312	0.0
GRCh38_CMRG_34659	0.0
GRCh38_CMRG_28303	0.0
GRCh38_CMRG_45884	0.0
GRCh38_CMRG_65175	0.0
GRCh38_CMRG_19079	0.0
GRCh38_CMRG_9571	0.0
GRCh38_CMRG_5849	0.0
GRCh38_CMRG_52078	0.0
GRCh38_CMRG_13693	0.0
GRCh38_CMRG_68325	0.0
GRCh38_CMRG_60562	0.0
GRCh38_CMRG_51393	0.0
GRCh38_CMRG_48372	0.0
GRCh38_CMRG_68277	0.0
GRCh38_CMRG_13754	0.0
GRCh38_CMRG_64976	0.0
GRCh38_CMRG_55535	0.0
GRCh38_CMRG_22679	0.0
GRCh38_CMRG_75039	0.0
GRCh38_CMRG_15539	0.0
GRCh38_CMRG_37739	0.0
GRCh38_CMRG_33924	0.0
GRCh38_CMRG_21344	0.0
GRCh38_CMRG_34184	0.0
GRCh38_CMRG_6503	0.0
GRCh38_CMRG_84338	0.0
GRCh38_CMRG_48030	0.0
GRCh38_CMRG_48834	0.0
GRCh38_CMRG_41016	0.0
GRCh38_CMRG_14881	0.0
GRCh38_CMRG_82923	0.0
GRCh38_CMRG_72768	0.0
GRCh38_CMRG_81990	0.0
GRCh38_CMRG_75308	0.0
GRCh38_CMRG_74891	0.0
GRCh38_CMRG_48641	0.0
GRCh38_CMRG_73431	0.0
GRCh38_CMRG_16594	0.0
GRCh38_CMRG_8134	0.0
GRCh38_CMRG_15601	0.0
GRCh38_CMRG_31153	0.0
GRCh38_CMRG_48878	0.0
GRCh38_CMRG_29056	0.0
GRCh38_CMRG_23982	0.0
GRCh38_CMRG_36292	0.0
GRCh38_CMRG_42072	0.0
GRCh38_CMRG_22584	0.0
GRCh38_CMRG_48076	0.0
GRCh38_CMRG_72406	0.0
GRCh38_CMRG_32095	0.0
GRCh38_CMRG_73483	0.0
GRCh38_CMRG_13583	0.0
GRCh38_CMRG_48744	0.0
GRCh38_CMRG_52769	0.0
GRCh38_CMRG_77654	0.0
GRCh38_CMRG_60869	0.0
GRCh38_CMRG_58598	0.0
GRCh38_CMRG_65346	0.0
GRCh38_CMRG_79951	0.0
GRCh38_CMRG_23653	0.0
GRCh38_CMRG_84592	0.0
GRCh38_CMRG_27167	0.0
GRCh38_CMRG_76643	0.0
GRCh38_CMRG_65496	0.0
GRCh38_CMRG_17837	0.0
GRCh38_CMRG_62632	0.0
GRCh38_CMRG_24496	0.0
GRCh38_CMRG_52954	0.0
GRCh38_CMRG_7936	0.0
GRCh38_CMRG_68411	0.0
GRCh38_CMRG_70405	0.0
GRCh38_CMRG_64516	0.0
GRCh38_CMRG_41630	0.0
GRCh38_CMRG_28050	0.0
GRCh38_CMRG_67037	0.0
GRCh38_CMRG_48437	0.0
GRCh38_CMRG_33413	0.0
GRCh38_CMRG_77354	0.0
GRCh38_CMRG_19252	0.0
GRCh38_CMRG_7933	0.0
GRCh38_CMRG_7812	0.0
GRCh38_CMRG_39938	0.0
GRCh38_CMRG_58384	0.0
GRCh38_CMRG_22578	0.0
GRCh38_CMRG_45202	0.0
GRCh38_CMRG_71484	0.0
GRCh38_CMRG_60544	0.0
GRCh38_CMRG_60342	0.0
GRCh38_CMRG_78947	0.0
GRCh38_CMRG_52693	0.0
GRCh38_CMRG_7468	0.0
GRCh38_CMRG_21016	0.0
GRCh38_CMRG_53629	0.0
GRCh38_CMRG_77611	0.0
GRCh38_CMRG_33425	0.0
GRCh38_CMRG_36905	0.0
GRCh38_CMRG_83800	0.0
GRCh38_CMRG_83322	0.0
GRCh38_CMRG_38908	0.0
GRCh38_CMRG_22720	0.0
GRCh38_CMRG_22868	0.0
GRCh38_CMRG_79647	0.0
GRCh38_CMRG_77383	0.0
GRCh38_CMRG_23213	0.0
GRCh38_CMRG_76925	0.0
GRCh38_CMRG_72719	0.0
GRCh38_CMRG_12525	0.0
GRCh38_CMRG_67310	0.0
GRCh38_CMRG_15444	0.0
GRCh38_CMRG_26435	0.0
GRCh38_CMRG_52914	0.0
GRCh38_CMRG_72374	0.0
GRCh38_CMRG_17963	0.0
GRCh38_CMRG_22024	0.0
GRCh38_CMRG_24459	0.0
GRCh38_CMRG_81715	0.0
GRCh38_CMRG_74370	0.0
GRCh38_CMRG_17545	0.0
GRCh38_CMRG_29329	0.0
GRCh38_CMRG_68137	0.0
GRCh38_CMRG_14677	0.0
GRCh38_CMRG_17992	0.0
GRCh38_CMRG_68419	0.0
GRCh38_CMRG_38157	0.0
GRCh38_CMRG_41556	0.0
GRCh38_CMRG_13204	0.0
GRCh38_CMRG_9389	0.0
GRCh38_CMRG_41820	0.0
GRCh38_CMRG_37664	0.0
GRCh38_CMRG_33797	0.0
GRCh38_CMRG_63930	0.0
GRCh38_CMRG_13484	0.0
GRCh38_CMRG_78971	0.0
GRCh38_CMRG_39778	0.0
GRCh38_CMRG_18292	0.0
GRCh38_CMRG_33174	0.0
GRCh38_CMRG_41982	0.0
GRCh38_CMRG_38492	0.0
GRCh38_CMRG_12178	0.0
GRCh38_CMRG_17098	0.0
GRCh38_CMRG_64356	0.0
GRCh38_CMRG_61649	0.0
GRCh38_CMRG_22055	0.0
GRCh38_CMRG_24295	0.0
GRCh38_CMRG_82794	0.0
GRCh38_CMRG_13683	0.0
GRCh38_CMRG_48804	0.0
GRCh38_CMRG_17271	0.0
GRCh38_CMRG_48124	0.0
GRCh38_CMRG_41696	0.0
GRCh38_CMRG_41629	0.0
GRCh38_CMRG_41246	0.0
GRCh38_CMRG_70768	0.0
GRCh38_CMRG_53209	0.0
GRCh38_CMRG_31602	0.0
GRCh38_CMRG_55743	0.0
GRCh38_CMRG_33249	0.0
GRCh38_CMRG_62308	0.0
GRCh38_CMRG_62076	0.0
GRCh38_CMRG_55213	0.0
GRCh38_CMRG_38999	0.0
GRCh38_CMRG_37911	0.0
GRCh38_CMRG_38727	0.0
GRCh38_CMRG_7759	0.0
GRCh38_CMRG_49448	0.0
GRCh38_CMRG_51661	0.0
GRCh38_CMRG_77403	0.0
GRCh38_CMRG_83641	0.0
GRCh38_CMRG_58562	0.0
GRCh38_CMRG_17267	0.0
GRCh38_CMRG_29491	0.0
GRCh38_CMRG_33633	0.0
GRCh38_CMRG_25230	0.0
GRCh38_CMRG_81712	0.0
GRCh38_CMRG_54885	0.0
GRCh38_CMRG_82989	0.0
GRCh38_CMRG_9146	0.0
GRCh38_CMRG_18224	0.0
GRCh38_CMRG_83313	0.0
GRCh38_CMRG_39692	0.0
GRCh38_CMRG_82616	0.0
GRCh38_CMRG_20861	0.0
GRCh38_CMRG_33061	0.0
GRCh38_CMRG_18435	0.0
GRCh38_CMRG_50389	0.0
GRCh38_CMRG_82434	0.0
GRCh38_CMRG_32864	0.0
GRCh38_CMRG_52292	0.0
GRCh38_CMRG_73061	0.0
GRCh38_CMRG_31490	0.0
GRCh38_CMRG_65409	0.0
GRCh38_CMRG_77361	0.0
GRCh38_CMRG_50962	0.0
GRCh38_CMRG_77430	0.0
GRCh38_CMRG_48901	0.0
GRCh38_CMRG_42029	0.0
GRCh38_CMRG_27084	0.0
GRCh38_CMRG_7028	0.0
GRCh38_CMRG_77526	0.0
GRCh38_CMRG_519	0.0
GRCh38_CMRG_71880	0.0
GRCh38_CMRG_77125	0.0
GRCh38_CMRG_73263	0.0
GRCh38_CMRG_476	0.0
GRCh38_CMRG_82625	0.0
GRCh38_CMRG_19435	0.0
GRCh38_CMRG_11080	0.0
GRCh38_CMRG_13887	0.0
GRCh38_CMRG_19838	0.0
GRCh38_CMRG_77303	0.0
GRCh38_CMRG_64688	0.0
GRCh38_CMRG_49396	0.0
GRCh38_CMRG_45519	0.0
GRCh38_CMRG_32105	0.0
GRCh38_CMRG_66047	0.0
GRCh38_CMRG_79625	0.0
GRCh38_CMRG_14402	0.0
GRCh38_CMRG_77284	0.0
GRCh38_CMRG_63294	0.0
GRCh38_CMRG_29988	0.0
GRCh38_CMRG_7791	0.0
GRCh38_CMRG_38391	0.0
GRCh38_CMRG_32227	0.0
GRCh38_CMRG_2604	0.0
GRCh38_CMRG_34291	0.0
GRCh38_CMRG_64190	0.0
GRCh38_CMRG_24262	0.0
GRCh38_CMRG_13428	0.0
GRCh38_CMRG_79776	0.0
GRCh38_CMRG_69497	0.0
GRCh38_CMRG_32517	0.0
GRCh38_CMRG_29101	0.0
GRCh38_CMRG_70762	0.0
GRCh38_CMRG_62458	0.0
GRCh38_CMRG_69843	0.0
GRCh38_CMRG_8250	0.0
GRCh38_CMRG_71538	0.0
GRCh38_CMRG_50351	0.0
GRCh38_CMRG_73245	0.0
GRCh38_CMRG_55228	0.0
GRCh38_CMRG_1016	0.0
GRCh38_CMRG_18859	0.0
GRCh38_CMRG_81660	0.0
GRCh38_CMRG_11796	0.0
GRCh38_CMRG_23052	0.0
GRCh38_CMRG_28056	0.0
GRCh38_CMRG_19082	0.0
GRCh38_CMRG_12993	0.0
GRCh38_CMRG_36439	0.0
GRCh38_CMRG_67988	0.0
GRCh38_CMRG_54097	0.0
GRCh38_CMRG_45276	0.0
GRCh38_CMRG_74033	0.0
GRCh38_CMRG_23922	0.0
GRCh38_CMRG_38066	0.0
GRCh38_CMRG_12267	0.0
GRCh38_CMRG_41679	0.0
GRCh38_CMRG_52068	0.0
GRCh38_CMRG_6909	0.0
GRCh38_CMRG_83069	0.0
GRCh38_CMRG_10999	0.0
GRCh38_CMRG_32655	0.0
GRCh38_CMRG_33568	0.0
GRCh38_CMRG_41473	0.0
GRCh38_CMRG_1076	0.0
GRCh38_CMRG_43615	0.0
GRCh38_CMRG_55474	0.0
GRCh38_CMRG_7662	0.0
GRCh38_CMRG_82447	0.0
GRCh38_CMRG_73083	0.0
GRCh38_CMRG_9572	0.0
GRCh38_CMRG_41529	0.0
GRCh38_CMRG_48531	0.0
GRCh38_CMRG_38015	0.0
GRCh38_CMRG_18785	0.0
GRCh38_CMRG_46176	0.0
GRCh38_CMRG_54054	0.0
GRCh38_CMRG_58496	0.0
GRCh38_CMRG_50564	0.0
GRCh38_CMRG_46537	0.0
GRCh38_CMRG_68389	0.0
GRCh38_CMRG_79270	0.0
GRCh38_CMRG_2042	0.0
GRCh38_CMRG_2066	0.0
GRCh38_CMRG_33169	0.0
GRCh38_CMRG_7625	0.0
GRCh38_CMRG_72759	0.0
GRCh38_CMRG_18361	0.0
GRCh38_CMRG_38034	0.0
GRCh38_CMRG_22389	0.0
GRCh38_CMRG_83762	0.0
GRCh38_CMRG_7429	0.0
GRCh38_CMRG_24736	0.0
GRCh38_CMRG_60492	0.0
GRCh38_CMRG_67706	0.0
GRCh38_CMRG_17718	0.0
GRCh38_CMRG_81002	0.0
GRCh38_CMRG_2772	0.0
GRCh38_CMRG_46510	0.0
GRCh38_CMRG_81737	0.0
GRCh38_CMRG_72587	0.0
GRCh38_CMRG_13486	0.0
GRCh38_CMRG_34784	0.0
GRCh38_CMRG_35869	0.0
GRCh38_CMRG_17776	0.0
GRCh38_CMRG_50849	0.0
GRCh38_CMRG_28408	0.0
GRCh38_CMRG_74251	0.0
GRCh38_CMRG_80975	0.0
GRCh38_CMRG_13238	0.0
GRCh38_CMRG_33259	0.0
GRCh38_CMRG_21818	0.0
GRCh38_CMRG_67625	0.0
GRCh38_CMRG_7720	0.0
GRCh38_CMRG_60441	0.0
GRCh38_CMRG_6672	0.0
GRCh38_CMRG_36898	0.0
GRCh38_CMRG_40644	0.0
GRCh38_CMRG_72672	0.0
GRCh38_CMRG_49774	0.0
GRCh38_CMRG_54241	0.0
GRCh38_CMRG_16696	0.0
GRCh38_CMRG_32606	0.0
GRCh38_CMRG_81623	0.0
GRCh38_CMRG_73099	0.0
GRCh38_CMRG_45111	0.0
GRCh38_CMRG_52303	0.0
GRCh38_CMRG_68124	0.0
GRCh38_CMRG_70427	0.0
GRCh38_CMRG_49493	0.0
GRCh38_CMRG_50918	0.0
GRCh38_CMRG_709	0.0
GRCh38_CMRG_52442	0.0
GRCh38_CMRG_17204	0.0
GRCh38_CMRG_16962	0.0
GRCh38_CMRG_17434	0.0
GRCh38_CMRG_82288	0.0
GRCh38_CMRG_82317	0.0
GRCh38_CMRG_81536	0.0
GRCh38_CMRG_6350	0.0
GRCh38_CMRG_34253	0.0
GRCh38_CMRG_19169	0.0
GRCh38_CMRG_73603	0.0
GRCh38_CMRG_18550	0.0
GRCh38_CMRG_23765	0.0
GRCh38_CMRG_33129	0.0
GRCh38_CMRG_41847	0.0
GRCh38_CMRG_21918	0.0
GRCh38_CMRG_32305	0.0
GRCh38_CMRG_67950	0.0
GRCh38_CMRG_7624	0.0
GRCh38_CMRG_7719	0.0
GRCh38_CMRG_43817	0.0
GRCh38_CMRG_24479	0.0
GRCh38_CMRG_41707	0.0
GRCh38_CMRG_27149	0.0
GRCh38_CMRG_41786	0.0
GRCh38_CMRG_81807	0.0
GRCh38_CMRG_47599	0.0
GRCh38_CMRG_30653	0.0
GRCh38_CMRG_62537	0.0
GRCh38_CMRG_36047	0.0
GRCh38_CMRG_43893	0.0
GRCh38_CMRG_24530	0.0
GRCh38_CMRG_21845	0.0
GRCh38_CMRG_8399	0.0
GRCh38_CMRG_45221	0.0
GRCh38_CMRG_54771	0.0
GRCh38_CMRG_54392	0.0
GRCh38_CMRG_45517	0.0
GRCh38_CMRG_77404	0.0
GRCh38_CMRG_41295	0.0
GRCh38_CMRG_60765	0.0
GRCh38_CMRG_73211	0.0
GRCh38_CMRG_74214	0.0
GRCh38_CMRG_23674	0.0
GRCh38_CMRG_79442	0.0
GRCh38_CMRG_18260	0.0
GRCh38_CMRG_30789	0.0
GRCh38_CMRG_75402	0.0
GRCh38_CMRG_5885	0.0
GRCh38_CMRG_69585	0.0
GRCh38_CMRG_50592	0.0
GRCh38_CMRG_27297	0.0
GRCh38_CMRG_68145	0.0
GRCh38_CMRG_44834	0.0
GRCh38_CMRG_18561	0.0
GRCh38_CMRG_14011	0.0
GRCh38_CMRG_82555	0.0
GRCh38_CMRG_29956	0.0
GRCh38_CMRG_81905	0.0
GRCh38_CMRG_55272	0.0
GRCh38_CMRG_48972	0.0
GRCh38_CMRG_30028	0.0
GRCh38_CMRG_10848	0.0
GRCh38_CMRG_14031	0.0
GRCh38_CMRG_68510	0.0
GRCh38_CMRG_75317	0.0
GRCh38_CMRG_136	0.0
GRCh38_CMRG_82405	0.0
GRCh38_CMRG_37784	0.0
GRCh38_CMRG_29311	0.0
GRCh38_CMRG_17185	0.0
GRCh38_CMRG_36405	0.0
GRCh38_CMRG_37080	0.0
GRCh38_CMRG_37681	0.0
GRCh38_CMRG_24694	0.0
GRCh38_CMRG_18837	0.0
GRCh38_CMRG_75406	0.0
GRCh38_CMRG_42464	0.0
GRCh38_CMRG_1724	0.0
GRCh38_CMRG_67968	0.0
GRCh38_CMRG_83714	0.0
GRCh38_CMRG_7588	0.0
GRCh38_CMRG_65100	0.0
GRCh38_CMRG_81329	0.0
GRCh38_CMRG_45633	0.0
GRCh38_CMRG_49201	0.0
GRCh38_CMRG_28308	0.0
GRCh38_CMRG_69779	0.0
GRCh38_CMRG_36373	0.0
GRCh38_CMRG_38549	0.0
GRCh38_CMRG_14930	0.0
GRCh38_CMRG_63206	0.0
GRCh38_CMRG_83371	0.0
GRCh38_CMRG_63480	0.0
GRCh38_CMRG_8165	0.0
GRCh38_CMRG_68254	0.0
GRCh38_CMRG_998	0.0
GRCh38_CMRG_64412	0.0
GRCh38_CMRG_66018	0.0
GRCh38_CMRG_61166	0.0
GRCh38_CMRG_24710	0.0
GRCh38_CMRG_9522	0.0
GRCh38_CMRG_380	0.0
GRCh38_CMRG_68759	0.0
GRCh38_CMRG_52598	0.0
GRCh38_CMRG_64687	0.0
GRCh38_CMRG_45883	0.0
GRCh38_CMRG_33080	0.0
GRCh38_CMRG_77539	0.0
GRCh38_CMRG_58986	0.0
GRCh38_CMRG_14170	0.0
GRCh38_CMRG_69885	0.0
GRCh38_CMRG_50959	0.0
GRCh38_CMRG_1558	0.0
GRCh38_CMRG_73249	0.0
GRCh38_CMRG_23936	0.0
GRCh38_CMRG_70602	0.0
GRCh38_CMRG_63682	0.0
GRCh38_CMRG_9161	0.0
GRCh38_CMRG_41149	0.0
GRCh38_CMRG_7737	0.0
GRCh38_CMRG_23952	0.0
GRCh38_CMRG_70889	0.0
GRCh38_CMRG_18610	0.0
GRCh38_CMRG_33179	0.0
GRCh38_CMRG_13742	0.0
GRCh38_CMRG_29319	0.0
GRCh38_CMRG_27468	0.0
GRCh38_CMRG_32293	0.0
GRCh38_CMRG_38252	0.0
GRCh38_CMRG_65137	0.0
GRCh38_CMRG_49903	0.0
GRCh38_CMRG_189	0.0
GRCh38_CMRG_30967	0.0
GRCh38_CMRG_39896	0.0
GRCh38_CMRG_65198	0.0
GRCh38_CMRG_46585	0.0
GRCh38_CMRG_8965	0.0
GRCh38_CMRG_45140	0.0
GRCh38_CMRG_32980	0.0
GRCh38_CMRG_84510	0.0
GRCh38_CMRG_41480	0.0
GRCh38_CMRG_8151	0.0
GRCh38_CMRG_76425	0.0
GRCh38_CMRG_70372	0.0
GRCh38_CMRG_73151	0.0
GRCh38_CMRG_36021	0.0
GRCh38_CMRG_54092	0.0
GRCh38_CMRG_29924	0.0
GRCh38_CMRG_37559	0.0
GRCh38_CMRG_11880	0.0
GRCh38_CMRG_52236	0.0
GRCh38_CMRG_17633	0.0
GRCh38_CMRG_41417	0.0
GRCh38_CMRG_45792	0.0
GRCh38_CMRG_72024	0.0
GRCh38_CMRG_63821	0.0
GRCh38_CMRG_44981	0.0
GRCh38_CMRG_82273	0.0
GRCh38_CMRG_73433	0.0
GRCh38_CMRG_68711	0.0
GRCh38_CMRG_60648	0.0
GRCh38_CMRG_58934	0.0
GRCh38_CMRG_11300	0.0
GRCh38_CMRG_38329	0.0
GRCh38_CMRG_73025	0.0
GRCh38_CMRG_70616	0.0
GRCh38_CMRG_54483	0.0
GRCh38_CMRG_72572	0.0
GRCh38_CMRG_73176	0.0
GRCh38_CMRG_39666	0.0
GRCh38_CMRG_7967	0.0
GRCh38_CMRG_23935	0.0
GRCh38_CMRG_29122	0.0
GRCh38_CMRG_83086	0.0
GRCh38_CMRG_67012	0.0
GRCh38_CMRG_79768	0.0
GRCh38_CMRG_7926	0.0
GRCh38_CMRG_52298	0.0
GRCh38_CMRG_72777	0.0
GRCh38_CMRG_32329	0.0
GRCh38_CMRG_81858	0.0
GRCh38_CMRG_50097	0.0
GRCh38_CMRG_33540	0.0
GRCh38_CMRG_40852	0.0
GRCh38_CMRG_79267	0.0
GRCh38_CMRG_1761	0.0
GRCh38_CMRG_2511	0.0
GRCh38_CMRG_51670	0.0
GRCh38_CMRG_70701	0.0
GRCh38_CMRG_13142	0.0
GRCh38_CMRG_22258	0.0
GRCh38_CMRG_54422	0.0
GRCh38_CMRG_64686	0.0
GRCh38_CMRG_38171	0.0
GRCh38_CMRG_45264	0.0
GRCh38_CMRG_62114	0.0
GRCh38_CMRG_30811	0.0
GRCh38_CMRG_13854	0.0
GRCh38_CMRG_5954	0.0
GRCh38_CMRG_6689	0.0
GRCh38_CMRG_22978	0.0
GRCh38_CMRG_64295	0.0
GRCh38_CMRG_32939	0.0
GRCh38_CMRG_63287	0.0
GRCh38_CMRG_84674	0.0
GRCh38_CMRG_58842	0.0
GRCh38_CMRG_43733	0.0
GRCh38_CMRG_32802	0.0
GRCh38_CMRG_21118	0.0
GRCh38_CMRG_29097	0.0
GRCh38_CMRG_53268	0.0
GRCh38_CMRG_7648	0.0
GRCh38_CMRG_10880	0.0
GRCh38_CMRG_61100	0.0
GRCh38_CMRG_58911	0.0
GRCh38_CMRG_422	0.0
GRCh38_CMRG_23311	0.0
GRCh38_CMRG_13545	0.0
GRCh38_CMRG_72780	0.0
GRCh38_CMRG_28436	0.0
GRCh38_CMRG_41693	0.0
GRCh38_CMRG_77493	0.0
GRCh38_CMRG_30727	0.0
GRCh38_CMRG_73016	0.0
GRCh38_CMRG_22908	0.0
GRCh38_CMRG_51082	0.0
GRCh38_CMRG_11975	0.0
GRCh38_CMRG_1347	0.0
GRCh38_CMRG_39856	0.0
GRCh38_CMRG_81213	0.0
GRCh38_CMRG_64979	0.0
GRCh38_CMRG_83189	0.0
GRCh38_CMRG_21572	0.0
GRCh38_CMRG_59277	0.0
GRCh38_CMRG_15620	0.0
GRCh38_CMRG_26308	0.0
GRCh38_CMRG_9576	0.0
GRCh38_CMRG_32916	0.0
GRCh38_CMRG_82493	0.0
GRCh38_CMRG_58338	0.0
GRCh38_CMRG_80979	0.0
GRCh38_CMRG_77098	0.0
GRCh38_CMRG_55579	0.0
GRCh38_CMRG_55282	0.0
GRCh38_CMRG_82618	0.0
GRCh38_CMRG_52316	0.0
GRCh38_CMRG_48389	0.0
GRCh38_CMRG_22450	0.0
GRCh38_CMRG_24448	0.0
GRCh38_CMRG_58803	0.0
GRCh38_CMRG_43953	0.0
GRCh38_CMRG_42375	0.0
GRCh38_CMRG_1317	0.0
GRCh38_CMRG_18219	0.0
GRCh38_CMRG_74888	0.0
GRCh38_CMRG_55420	0.0
GRCh38_CMRG_52919	0.0
GRCh38_CMRG_36092	0.0
GRCh38_CMRG_74346	0.0
GRCh38_CMRG_23517	0.0
GRCh38_CMRG_27178	0.0
GRCh38_CMRG_44484	0.0
GRCh38_CMRG_46295	0.0
GRCh38_CMRG_44090	0.0
GRCh38_CMRG_82106	0.0
GRCh38_CMRG_43623	0.0
GRCh38_CMRG_32808	0.0
GRCh38_CMRG_51415	0.0
GRCh38_CMRG_31484	0.0
GRCh38_CMRG_47849	0.0
GRCh38_CMRG_7893	0.0
GRCh38_CMRG_77442	0.0
GRCh38_CMRG_24286	0.0
GRCh38_CMRG_27692	0.0
GRCh38_CMRG_18707	0.0
GRCh38_CMRG_18799	0.0
GRCh38_CMRG_55161	0.0
GRCh38_CMRG_37242	0.0
GRCh38_CMRG_508	0.0
GRCh38_CMRG_31482	0.0
GRCh38_CMRG_73655	0.0
GRCh38_CMRG_82587	0.0
GRCh38_CMRG_52062	0.0
GRCh38_CMRG_46212	0.0
GRCh38_CMRG_2423	0.0
GRCh38_CMRG_67798	0.0
GRCh38_CMRG_33127	0.0
GRCh38_CMRG_61710	0.0
GRCh38_CMRG_71759	0.0
GRCh38_CMRG_62616	0.0
GRCh38_CMRG_12778	0.0
GRCh38_CMRG_69642	0.0
GRCh38_CMRG_33017	0.0
GRCh38_CMRG_1331	0.0
GRCh38_CMRG_488	0.0
GRCh38_CMRG_84243	0.0
GRCh38_CMRG_69032	0.0
GRCh38_CMRG_61998	0.0
GRCh38_CMRG_82473	0.0
GRCh38_CMRG_48596	0.0
GRCh38_CMRG_55816	0.0
GRCh38_CMRG_30681	0.0
GRCh38_CMRG_10945	0.0
GRCh38_CMRG_11639	0.0
GRCh38_CMRG_28719	0.0
GRCh38_CMRG_70522	0.0
GRCh38_CMRG_77502	0.0
GRCh38_CMRG_65078	0.0
GRCh38_CMRG_6260	0.0
GRCh38_CMRG_91	0.0
GRCh38_CMRG_41695	0.0
GRCh38_CMRG_51664	0.0
GRCh38_CMRG_29353	0.0
GRCh38_CMRG_39471	0.0
GRCh38_CMRG_18287	0.0
GRCh38_CMRG_14338	0.0
GRCh38_CMRG_82568	0.0
GRCh38_CMRG_64246	0.0
GRCh38_CMRG_2111	0.0
GRCh38_CMRG_34639	0.0
GRCh38_CMRG_40028	0.0
GRCh38_CMRG_33772	0.0
GRCh38_CMRG_39953	0.0
GRCh38_CMRG_73649	0.0
GRCh38_CMRG_52205	0.0
GRCh38_CMRG_34779	0.0
GRCh38_CMRG_39925	0.0
GRCh38_CMRG_37571	0.0
GRCh38_CMRG_7817	0.0
GRCh38_CMRG_63638	0.0
GRCh38_CMRG_53911	0.0
GRCh38_CMRG_32289	0.0
GRCh38_CMRG_75251	0.0
GRCh38_CMRG_58837	0.0
GRCh38_CMRG_13395	0.0
GRCh38_CMRG_72709	0.0
GRCh38_CMRG_62125	0.0
GRCh38_CMRG_34394	0.0
GRCh38_CMRG_2131	0.0
GRCh38_CMRG_7928	0.0
GRCh38_CMRG_60615	0.0
GRCh38_CMRG_82619	0.0
GRCh38_CMRG_83726	0.0
GRCh38_CMRG_76636	0.0
GRCh38_CMRG_50319	0.0
GRCh38_CMRG_11268	0.0
GRCh38_CMRG_51692	0.0
GRCh38_CMRG_123	0.0
GRCh38_CMRG_67007	0.0
GRCh38_CMRG_64419	0.0
GRCh38_CMRG_11922	0.0
GRCh38_CMRG_29332	0.0
GRCh38_CMRG_77697	0.0
GRCh38_CMRG_13306	0.0
GRCh38_CMRG_49359	0.0
GRCh38_CMRG_8531	0.0
GRCh38_CMRG_62170	0.0
GRCh38_CMRG_39897	0.0
GRCh38_CMRG_51626	0.0
GRCh38_CMRG_14010	0.0
GRCh38_CMRG_32896	0.0
GRCh38_CMRG_7527	0.0
GRCh38_CMRG_49117	0.0
GRCh38_CMRG_68447	0.0
GRCh38_CMRG_82519	0.0
GRCh38_CMRG_51617	0.0
GRCh38_CMRG_63717	0.0
GRCh38_CMRG_38065	0.0
GRCh38_CMRG_6680	0.0
GRCh38_CMRG_51782	0.0
GRCh38_CMRG_49724	0.0
GRCh38_CMRG_24698	0.0
GRCh38_CMRG_70089	0.0
GRCh38_CMRG_53159	0.0
GRCh38_CMRG_68509	0.0
GRCh38_CMRG_50537	0.0
GRCh38_CMRG_81544	0.0
GRCh38_CMRG_71841	0.0
GRCh38_CMRG_34725	0.0
GRCh38_CMRG_33340	0.0
GRCh38_CMRG_38657	0.0
GRCh38_CMRG_39255	0.0
GRCh38_CMRG_37365	0.0
GRCh38_CMRG_75557	0.0
GRCh38_CMRG_68461	0.0
GRCh38_CMRG_2354	0.0
GRCh38_CMRG_50201	0.0
GRCh38_CMRG_24067	0.0
GRCh38_CMRG_51161	0.0
GRCh38_CMRG_37451	0.0
GRCh38_CMRG_28230	0.0
GRCh38_CMRG_34390	0.0
GRCh38_CMRG_49426	0.0
GRCh38_CMRG_38062	0.0
GRCh38_CMRG_68053	0.0
GRCh38_CMRG_65770	0.0
GRCh38_CMRG_730	0.0
GRCh38_CMRG_76713	0.0
GRCh38_CMRG_17187	0.0
GRCh38_CMRG_39284	0.0
GRCh38_CMRG_77214	0.0
GRCh38_CMRG_65088	0.0
GRCh38_CMRG_45873	0.0
GRCh38_CMRG_84298	0.0
GRCh38_CMRG_28475	0.0
GRCh38_CMRG_13847	0.0
GRCh38_CMRG_58597	0.0
GRCh38_CMRG_47983	0.0
GRCh38_CMRG_82113	0.0
GRCh38_CMRG_58631	0.0
GRCh38_CMRG_65811	0.0
GRCh38_CMRG_33432	0.0
GRCh38_CMRG_79325	0.0
GRCh38_CMRG_55374	0.0
GRCh38_CMRG_28882	0.0
GRCh38_CMRG_11618	0.0
GRCh38_CMRG_82899	0.0
GRCh38_CMRG_17510	0.0
GRCh38_CMRG_52057	0.0
GRCh38_CMRG_60381	0.0
GRCh38_CMRG_15391	0.0
GRCh38_CMRG_1361	0.0
GRCh38_CMRG_82475	0.0
GRCh38_CMRG_63732	0.0
GRCh38_CMRG_70557	0.0
GRCh38_CMRG_83615	0.0
GRCh38_CMRG_11308	0.0
GRCh38_CMRG_28838	0.0
GRCh38_CMRG_77341	0.0
GRCh38_CMRG_67448	0.0
GRCh38_CMRG_32311	0.0
GRCh38_CMRG_24269	0.0
GRCh38_CMRG_7977	0.0
GRCh38_CMRG_23751	0.0
GRCh38_CMRG_5755	0.0
GRCh38_CMRG_60589	0.0
GRCh38_CMRG_81770	0.0
GRCh38_CMRG_45726	0.0
GRCh38_CMRG_9515	0.0
GRCh38_CMRG_44039	0.0
GRCh38_CMRG_48225	0.0
GRCh38_CMRG_14605	0.0
GRCh38_CMRG_72475	0.0
GRCh38_CMRG_31394	0.0
GRCh38_CMRG_32703	0.0
GRCh38_CMRG_16474	0.0
GRCh38_CMRG_80005	0.0
GRCh38_CMRG_72511	0.0
GRCh38_CMRG_9667	0.0
GRCh38_CMRG_68392	0.0
GRCh38_CMRG_7710	0.0
GRCh38_CMRG_65729	0.0
GRCh38_CMRG_63208	0.0
GRCh38_CMRG_62459	0.0
GRCh38_CMRG_54053	0.0
GRCh38_CMRG_74246	0.0
GRCh38_CMRG_28228	0.0
GRCh38_CMRG_2717	0.0
GRCh38_CMRG_51125	0.0
GRCh38_CMRG_14668	0.0
GRCh38_CMRG_7740	0.0
GRCh38_CMRG_68036	0.0
GRCh38_CMRG_65180	0.0
GRCh38_CMRG_18218	0.0
GRCh38_CMRG_22402	0.0
GRCh38_CMRG_75194	0.0
GRCh38_CMRG_41860	0.0
GRCh38_CMRG_54	0.0
GRCh38_CMRG_53483	0.0
GRCh38_CMRG_45554	0.0
GRCh38_CMRG_77311	0.0
GRCh38_CMRG_79603	0.0
GRCh38_CMRG_58711	0.0
GRCh38_CMRG_49098	0.0
GRCh38_CMRG_37885	0.0
GRCh38_CMRG_77149	0.0
GRCh38_CMRG_74394	0.0
GRCh38_CMRG_14502	0.0
GRCh38_CMRG_17300	0.0
GRCh38_CMRG_38248	0.0
GRCh38_CMRG_21578	0.0
GRCh38_CMRG_64381	0.0
GRCh38_CMRG_21460	0.0
GRCh38_CMRG_82460	0.0
GRCh38_CMRG_23446	0.0
GRCh38_CMRG_23785	0.0
GRCh38_CMRG_6885	0.0
GRCh38_CMRG_24471	0.0
GRCh38_CMRG_38579	0.0
GRCh38_CMRG_48382	0.0
GRCh38_CMRG_26241	0.0
GRCh38_CMRG_68026	0.0
GRCh38_CMRG_37693	0.0
GRCh38_CMRG_1824	0.0
GRCh38_CMRG_82608	0.0
GRCh38_CMRG_79033	0.0
GRCh38_CMRG_45180	0.0
GRCh38_CMRG_12479	0.0
GRCh38_CMRG_72928	0.0
GRCh38_CMRG_50050	0.0
GRCh38_CMRG_21238	0.0
GRCh38_CMRG_31011	0.0
GRCh38_CMRG_52982	0.0
GRCh38_CMRG_35933	0.0
GRCh38_CMRG_65619	0.0
GRCh38_CMRG_6973	0.0
GRCh38_CMRG_24018	0.0
GRCh38_CMRG_44647	0.0
GRCh38_CMRG_63981	0.0
GRCh38_CMRG_16697	0.0
GRCh38_CMRG_33172	0.0
GRCh38_CMRG_9757	0.0
GRCh38_CMRG_72925	0.0
GRCh38_CMRG_65183	0.0
GRCh38_CMRG_24888	0.0
GRCh38_CMRG_45389	0.0
GRCh38_CMRG_72851	0.0
GRCh38_CMRG_15359	0.0
GRCh38_CMRG_55575	0.0
GRCh38_CMRG_22484	0.0
GRCh38_CMRG_34738	0.0
GRCh38_CMRG_65121	0.0
GRCh38_CMRG_37586	0.0
GRCh38_CMRG_62530	0.0
GRCh38_CMRG_37715	0.0
GRCh38_CMRG_74015	0.0
GRCh38_CMRG_33024	0.0
GRCh38_CMRG_51119	0.0
GRCh38_CMRG_69685	0.0
GRCh38_CMRG_23195	0.0
GRCh38_CMRG_49948	0.0
GRCh38_CMRG_26312	0.0
GRCh38_CMRG_41043	0.0
GRCh38_CMRG_69657	0.0
GRCh38_CMRG_9692	0.0
GRCh38_CMRG_60640	0.0
GRCh38_CMRG_84228	0.0
GRCh38_CMRG_45566	0.0
GRCh38_CMRG_67844	0.0
GRCh38_CMRG_74609	0.0
GRCh38_CMRG_1423	0.0
GRCh38_CMRG_81849	0.0
GRCh38_CMRG_8393	0.0
GRCh38_CMRG_602	0.0
GRCh38_CMRG_731	0.0
GRCh38_CMRG_22958	0.0
GRCh38_CMRG_73239	0.0
GRCh38_CMRG_7923	0.0
GRCh38_CMRG_79673	0.0
GRCh38_CMRG_45191	0.0
GRCh38_CMRG_55319	0.0
GRCh38_CMRG_22880	0.0
GRCh38_CMRG_42408	0.0
GRCh38_CMRG_52595	0.0
GRCh38_CMRG_74974	0.0
GRCh38_CMRG_26956	0.0
GRCh38_CMRG_49490	0.0
GRCh38_CMRG_55454	0.0
GRCh38_CMRG_19227	0.0
GRCh38_CMRG_53961	0.0
GRCh38_CMRG_45421	0.0
GRCh38_CMRG_18362	0.0
GRCh38_CMRG_69117	0.0
GRCh38_CMRG_45461	0.0
GRCh38_CMRG_40405	0.0
GRCh38_CMRG_27706	0.0
GRCh38_CMRG_36630	0.0
GRCh38_CMRG_30001	0.0
GRCh38_CMRG_28005	0.0
GRCh38_CMRG_11309	0.0
GRCh38_CMRG_37612	0.0
GRCh38_CMRG_59542	0.0
GRCh38_CMRG_23810	0.0
GRCh38_CMRG_74834	0.0
GRCh38_CMRG_33579	0.0
GRCh38_CMRG_44910	0.0
GRCh38_CMRG_50853	0.0
GRCh38_CMRG_11131	0.0
GRCh38_CMRG_17523	0.0
GRCh38_CMRG_2542	0.0
GRCh38_CMRG_11235	0.0
GRCh38_CMRG_48500	0.0
GRCh38_CMRG_7895	0.0
GRCh38_CMRG_23914	0.0
GRCh38_CMRG_82558	0.0
GRCh38_CMRG_26275	0.0
GRCh38_CMRG_31824	0.0
GRCh38_CMRG_8380	0.0
GRCh38_CMRG_48125	0.0
GRCh38_CMRG_32829	0.0
GRCh38_CMRG_62	0.0
GRCh38_CMRG_45725	0.0
GRCh38_CMRG_2817	0.0
GRCh38_CMRG_72675	0.0
GRCh38_CMRG_54725	0.0
GRCh38_CMRG_83606	0.0
GRCh38_CMRG_73580	0.0
GRCh38_CMRG_54747	0.0
GRCh38_CMRG_60081	0.0
GRCh38_CMRG_82064	0.0
GRCh38_CMRG_62065	0.0
GRCh38_CMRG_44111	0.0
GRCh38_CMRG_6733	0.0
GRCh38_CMRG_15016	0.0
GRCh38_CMRG_33043	0.0
GRCh38_CMRG_60292	0.0
GRCh38_CMRG_60370	0.0
GRCh38_CMRG_2482	0.0
GRCh38_CMRG_30002	0.0
GRCh38_CMRG_12242	0.0
GRCh38_CMRG_75585	0.0
GRCh38_CMRG_73757	0.0
GRCh38_CMRG_24315	0.0
GRCh38_CMRG_1190	0.0
GRCh38_CMRG_33266	0.0
GRCh38_CMRG_31900	0.0
GRCh38_CMRG_13520	0.0
GRCh38_CMRG_63426	0.0
GRCh38_CMRG_25122	0.0
GRCh38_CMRG_14128	0.0
GRCh38_CMRG_32204	0.0
GRCh38_CMRG_37750	0.0
GRCh38_CMRG_32954	0.0
GRCh38_CMRG_6667	0.0
GRCh38_CMRG_10630	0.0
GRCh38_CMRG_52561	0.0
GRCh38_CMRG_46282	0.0
GRCh38_CMRG_45189	0.0
GRCh38_CMRG_13631	0.0
GRCh38_CMRG_61066	0.0
GRCh38_CMRG_28026	0.0
GRCh38_CMRG_14348	0.0
GRCh38_CMRG_55581	0.0
GRCh38_CMRG_7886	0.0
GRCh38_CMRG_81668	0.0
GRCh38_CMRG_5985	0.0
GRCh38_CMRG_37212	0.0
GRCh38_CMRG_74945	0.0
GRCh38_CMRG_58630	0.0
GRCh38_CMRG_44378	0.0
GRCh38_CMRG_35762	0.0
GRCh38_CMRG_49317	0.0
GRCh38_CMRG_2813	0.0
GRCh38_CMRG_1182	0.0
GRCh38_CMRG_17432	0.0
GRCh38_CMRG_50434	0.0
GRCh38_CMRG_59390	0.0
GRCh38_CMRG_69031	0.0
GRCh38_CMRG_18275	0.0
GRCh38_CMRG_83801	0.0
GRCh38_CMRG_8844	0.0
GRCh38_CMRG_60636	0.0
GRCh38_CMRG_41984	0.0
GRCh38_CMRG_70721	0.0
GRCh38_CMRG_61571	0.0
GRCh38_CMRG_53096	0.0
GRCh38_CMRG_26339	0.0
GRCh38_CMRG_513	0.0
GRCh38_CMRG_5799	0.0
GRCh38_CMRG_76896	0.0
GRCh38_CMRG_63450	0.0
GRCh38_CMRG_48856	0.0
GRCh38_CMRG_23623	0.0
GRCh38_CMRG_59445	0.0
GRCh38_CMRG_64952	0.0
GRCh38_CMRG_38997	0.0
GRCh38_CMRG_67981	0.0
GRCh38_CMRG_62031	0.0
GRCh38_CMRG_74171	0.0
GRCh38_CMRG_69892	0.0
GRCh38_CMRG_58353	0.0
GRCh38_CMRG_52679	0.0
GRCh38_CMRG_55278	0.0
GRCh38_CMRG_38193	0.0
GRCh38_CMRG_8403	0.0
GRCh38_CMRG_31010	0.0
GRCh38_CMRG_59421	0.0
GRCh38_CMRG_53876	0.0
GRCh38_CMRG_27395	0.0
GRCh38_CMRG_83412	0.0
GRCh38_CMRG_18594	0.0
GRCh38_CMRG_50965	0.0
GRCh38_CMRG_45391	0.0
GRCh38_CMRG_32790	0.0
GRCh38_CMRG_53156	0.0
GRCh38_CMRG_81532	0.0
GRCh38_CMRG_65126	0.0
GRCh38_CMRG_48173	0.0
GRCh38_CMRG_24045	0.0
GRCh38_CMRG_44008	0.0
GRCh38_CMRG_37501	0.0
GRCh38_CMRG_69503	0.0
GRCh38_CMRG_33162	0.0
GRCh38_CMRG_13677	0.0
GRCh38_CMRG_53396	0.0
GRCh38_CMRG_84313	0.0
GRCh38_CMRG_34478	0.0
GRCh38_CMRG_15097	0.0
GRCh38_CMRG_6238	0.0
GRCh38_CMRG_48858	0.0
GRCh38_CMRG_48789	0.0
GRCh38_CMRG_33405	0.0
GRCh38_CMRG_76959	0.0
GRCh38_CMRG_62498	0.0
GRCh38_CMRG_28629	0.0
GRCh38_CMRG_37090	0.0
GRCh38_CMRG_49389	0.0
GRCh38_CMRG_62597	0.0
GRCh38_CMRG_60545	0.0
GRCh38_CMRG_64142	0.0
GRCh38_CMRG_72445	0.0
GRCh38_CMRG_26262	0.0
GRCh38_CMRG_18294	0.0
GRCh38_CMRG_32618	0.0
GRCh38_CMRG_83696	0.0
GRCh38_CMRG_58596	0.0
GRCh38_CMRG_12665	0.0
GRCh38_CMRG_82623	0.0
GRCh38_CMRG_33173	0.0
GRCh38_CMRG_51337	0.0
GRCh38_CMRG_61635	0.0
GRCh38_CMRG_44692	0.0
GRCh38_CMRG_77464	0.0
GRCh38_CMRG_7887	0.0
GRCh38_CMRG_83035	0.0
GRCh38_CMRG_14073	0.0
GRCh38_CMRG_26374	0.0
GRCh38_CMRG_76465	0.0
GRCh38_CMRG_33524	0.0
GRCh38_CMRG_39603	0.0
GRCh38_CMRG_82931	0.0
GRCh38_CMRG_78932	0.0
GRCh38_CMRG_47142	0.0
GRCh38_CMRG_7869	0.0
GRCh38_CMRG_37965	0.0
GRCh38_CMRG_84406	0.0
GRCh38_CMRG_27051	0.0
GRCh38_CMRG_59311	0.0
GRCh38_CMRG_83054	0.0
GRCh38_CMRG_23695	0.0
GRCh38_CMRG_11257	0.0
GRCh38_CMRG_53513	0.0
GRCh38_CMRG_64748	0.0
GRCh38_CMRG_27608	0.0
GRCh38_CMRG_50123	0.0
GRCh38_CMRG_82308	0.0
GRCh38_CMRG_28796	0.0
GRCh38_CMRG_48448	0.0
GRCh38_CMRG_45935	0.0
GRCh38_CMRG_82978	0.0
GRCh38_CMRG_7943	0.0
GRCh38_CMRG_40524	0.0
GRCh38_CMRG_64596	0.0
GRCh38_CMRG_72501	0.0
GRCh38_CMRG_82950	0.0
GRCh38_CMRG_18760	0.0
GRCh38_CMRG_79031	0.0
GRCh38_CMRG_37267	0.0
GRCh38_CMRG_190	0.0
GRCh38_CMRG_41983	0.0
GRCh38_CMRG_81884	0.0
GRCh38_CMRG_54797	0.0
GRCh38_CMRG_24072	0.0
GRCh38_CMRG_19121	0.0
GRCh38_CMRG_65112	0.0
GRCh38_CMRG_21545	0.0
GRCh38_CMRG_79353	0.0
GRCh38_CMRG_26052	0.0
GRCh38_CMRG_67548	0.0
GRCh38_CMRG_63305	0.0
GRCh38_CMRG_49580	0.0
GRCh38_CMRG_49038	0.0
GRCh38_CMRG_37686	0.0
GRCh38_CMRG_13525	0.0
GRCh38_CMRG_12822	0.0
GRCh38_CMRG_79873	0.0
GRCh38_CMRG_38039	0.0
GRCh38_CMRG_22607	0.0
GRCh38_CMRG_82531	0.0
GRCh38_CMRG_82594	0.0
GRCh38_CMRG_72740	0.0
GRCh38_CMRG_12094	0.0
GRCh38_CMRG_59352	0.0
GRCh38_CMRG_82181	0.0
GRCh38_CMRG_1870	0.0
GRCh38_CMRG_12872	0.0
GRCh38_CMRG_65726	0.0
GRCh38_CMRG_59189	0.0
GRCh38_CMRG_65165	0.0
GRCh38_CMRG_39347	0.0
GRCh38_CMRG_2605	0.0
GRCh38_CMRG_38543	0.0
GRCh38_CMRG_11881	0.0
GRCh38_CMRG_48535	0.0
GRCh38_CMRG_70088	0.0
GRCh38_CMRG_45516	0.0
GRCh38_CMRG_83378	0.0
GRCh38_CMRG_55350	0.0
GRCh38_CMRG_62291	0.0
GRCh38_CMRG_13199	0.0
GRCh38_CMRG_27537	0.0
GRCh38_CMRG_48584	0.0
GRCh38_CMRG_72622	0.0
GRCh38_CMRG_45435	0.0
GRCh38_CMRG_23169	0.0
GRCh38_CMRG_28398	0.0
GRCh38_CMRG_45712	0.0
GRCh38_CMRG_24111	0.0
GRCh38_CMRG_82522	0.0
GRCh38_CMRG_74412	0.0
GRCh38_CMRG_73457	0.0
GRCh38_CMRG_24385	0.0
GRCh38_CMRG_27263	0.0
GRCh38_CMRG_7706	0.0
GRCh38_CMRG_33440	0.0
GRCh38_CMRG_18479	0.0
GRCh38_CMRG_72283	0.0
GRCh38_CMRG_18425	0.0
GRCh38_CMRG_82565	0.0
GRCh38_CMRG_1431	0.0
GRCh38_CMRG_31462	0.0
GRCh38_CMRG_81603	0.0
GRCh38_CMRG_68301	0.0
GRCh38_CMRG_69415	0.0
GRCh38_CMRG_608	0.0
GRCh38_CMRG_59142	0.0
GRCh38_CMRG_17847	0.0
GRCh38_CMRG_77514	0.0
GRCh38_CMRG_62639	0.0
GRCh38_CMRG_80037	0.0
GRCh38_CMRG_52368	0.0
GRCh38_CMRG_67463	0.0
GRCh38_CMRG_47038	0.0
GRCh38_CMRG_8093	0.0
GRCh38_CMRG_48987	0.0
GRCh38_CMRG_81980	0.0
GRCh38_CMRG_77479	0.0
GRCh38_CMRG_52374	0.0
GRCh38_CMRG_6461	0.0
GRCh38_CMRG_23988	0.0
GRCh38_CMRG_18431	0.0
GRCh38_CMRG_51198	0.0
GRCh38_CMRG_49517	0.0
GRCh38_CMRG_19983	0.0
GRCh38_CMRG_40078	0.0
GRCh38_CMRG_82793	0.0
GRCh38_CMRG_45811	0.0
GRCh38_CMRG_73244	0.0
GRCh38_CMRG_71804	0.0
GRCh38_CMRG_13242	0.0
GRCh38_CMRG_19062	0.0
GRCh38_CMRG_33388	0.0
GRCh38_CMRG_30854	0.0
GRCh38_CMRG_28784	0.0
GRCh38_CMRG_68174	0.0
GRCh38_CMRG_18551	0.0
GRCh38_CMRG_81687	0.0
GRCh38_CMRG_716	0.0
GRCh38_CMRG_6893	0.0
GRCh38_CMRG_74611	0.0
GRCh38_CMRG_9737	0.0
GRCh38_CMRG_79964	0.0
GRCh38_CMRG_11045	0.0
GRCh38_CMRG_48801	0.0
GRCh38_CMRG_14417	0.0
GRCh38_CMRG_60567	0.0
GRCh38_CMRG_15001	0.0
GRCh38_CMRG_1946	0.0
GRCh38_CMRG_11293	0.0
GRCh38_CMRG_48591	0.0
GRCh38_CMRG_8998	0.0
GRCh38_CMRG_68007	0.0
GRCh38_CMRG_65188	0.0
GRCh38_CMRG_70765	0.0
GRCh38_CMRG_9336	0.0
GRCh38_CMRG_72468	0.0
GRCh38_CMRG_23621	0.0
GRCh38_CMRG_48810	0.0
GRCh38_CMRG_79436	0.0
GRCh38_CMRG_13308	0.0
GRCh38_CMRG_54163	0.0
GRCh38_CMRG_55074	0.0
GRCh38_CMRG_69062	0.0
GRCh38_CMRG_72906	0.0
GRCh38_CMRG_38459	0.0
GRCh38_CMRG_73818	0.0
GRCh38_CMRG_19250	0.0
GRCh38_CMRG_46311	0.0
GRCh38_CMRG_69935	0.0
GRCh38_CMRG_63820	0.0
GRCh38_CMRG_36621	0.0
GRCh38_CMRG_13877	0.0
GRCh38_CMRG_14163	0.0
GRCh38_CMRG_51527	0.0
GRCh38_CMRG_61850	0.0
GRCh38_CMRG_71886	0.0
GRCh38_CMRG_52449	0.0
GRCh38_CMRG_83805	0.0
GRCh38_CMRG_13817	0.0
GRCh38_CMRG_683	0.0
GRCh38_CMRG_10737	0.0
GRCh38_CMRG_79311	0.0
GRCh38_CMRG_83790	0.0
GRCh38_CMRG_2532	0.0
GRCh38_CMRG_50122	0.0
GRCh38_CMRG_48754	0.0
GRCh38_CMRG_19274	0.0
GRCh38_CMRG_64370	0.0
GRCh38_CMRG_82777	0.0
GRCh38_CMRG_29321	0.0
GRCh38_CMRG_13485	0.0
GRCh38_CMRG_61096	0.0
GRCh38_CMRG_45027	0.0
GRCh38_CMRG_32189	0.0
GRCh38_CMRG_82032	0.0
GRCh38_CMRG_64670	0.0
GRCh38_CMRG_82501	0.0
GRCh38_CMRG_61826	0.0
GRCh38_CMRG_72556	0.0
GRCh38_CMRG_60066	0.0
GRCh38_CMRG_67636	0.0
GRCh38_CMRG_68348	0.0
GRCh38_CMRG_13753	0.0
GRCh38_CMRG_74040	0.0
GRCh38_CMRG_15597	0.0
GRCh38_CMRG_44673	0.0
GRCh38_CMRG_8063	0.0
GRCh38_CMRG_73461	0.0
GRCh38_CMRG_30609	0.0
GRCh38_CMRG_65337	0.0
GRCh38_CMRG_82251	0.0
GRCh38_CMRG_6099	0.0
GRCh38_CMRG_73581	0.0
GRCh38_CMRG_41439	0.0
GRCh38_CMRG_33150	0.0
GRCh38_CMRG_2389	0.0
GRCh38_CMRG_51769	0.0
GRCh38_CMRG_26492	0.0
GRCh38_CMRG_32011	0.0
GRCh38_CMRG_36931	0.0
GRCh38_CMRG_18296	0.0
GRCh38_CMRG_12275	0.0
GRCh38_CMRG_18406	0.0
GRCh38_CMRG_55640	0.0
GRCh38_CMRG_9397	0.0
GRCh38_CMRG_7342	0.0
GRCh38_CMRG_22774	0.0
GRCh38_CMRG_24608	0.0
GRCh38_CMRG_59526	0.0
GRCh38_CMRG_75633	0.0
GRCh38_CMRG_14103	0.0
GRCh38_CMRG_69213	0.0
GRCh38_CMRG_49637	0.0
GRCh38_CMRG_79874	0.0
GRCh38_CMRG_24323	0.0
GRCh38_CMRG_72299	0.0
GRCh38_CMRG_13539	0.0
GRCh38_CMRG_23655	0.0
GRCh38_CMRG_59541	0.0
GRCh38_CMRG_55256	0.0
GRCh38_CMRG_6218	0.0
GRCh38_CMRG_68448	0.0
GRCh38_CMRG_44532	0.0
GRCh38_CMRG_77550	0.0
GRCh38_CMRG_83002	0.0
GRCh38_CMRG_79988	0.0
GRCh38_CMRG_79394	0.0
GRCh38_CMRG_14505	0.0
GRCh38_CMRG_42411	0.0
GRCh38_CMRG_68798	0.0
GRCh38_CMRG_60467	0.0
GRCh38_CMRG_5541	0.0
GRCh38_CMRG_83540	0.0
GRCh38_CMRG_47609	0.0
GRCh38_CMRG_39419	0.0
GRCh38_CMRG_45110	0.0
GRCh38_CMRG_59194	0.0
GRCh38_CMRG_72702	0.0
GRCh38_CMRG_23948	0.0
GRCh38_CMRG_61674	0.0
GRCh38_CMRG_33247	0.0
GRCh38_CMRG_19427	0.0
GRCh38_CMRG_55503	0.0
GRCh38_CMRG_47031	0.0
GRCh38_CMRG_1711	0.0
GRCh38_CMRG_7604	0.0
GRCh38_CMRG_28677	0.0
GRCh38_CMRG_41585	0.0
GRCh38_CMRG_79652	0.0
GRCh38_CMRG_37919	0.0
GRCh38_CMRG_29015	0.0
GRCh38_CMRG_45586	0.0
GRCh38_CMRG_79524	0.0
GRCh38_CMRG_54144	0.0
GRCh38_CMRG_41326	0.0
GRCh38_CMRG_23985	0.0
GRCh38_CMRG_68410	0.0
GRCh38_CMRG_76872	0.0
GRCh38_CMRG_24574	0.0
GRCh38_CMRG_68921	0.0
GRCh38_CMRG_68109	0.0
GRCh38_CMRG_55397	0.0
GRCh38_CMRG_82640	0.0
GRCh38_CMRG_65289	0.0
GRCh38_CMRG_79330	0.0
GRCh38_CMRG_67237	0.0
GRCh38_CMRG_45972	0.0
GRCh38_CMRG_35764	0.0
GRCh38_CMRG_65234	0.0
GRCh38_CMRG_18405	0.0
GRCh38_CMRG_64676	0.0
GRCh38_CMRG_28594	0.0
GRCh38_CMRG_26998	0.0
GRCh38_CMRG_20945	0.0
GRCh38_CMRG_30821	0.0
GRCh38_CMRG_64192	0.0
GRCh38_CMRG_62424	0.0
GRCh38_CMRG_45956	0.0
GRCh38_CMRG_28726	0.0
GRCh38_CMRG_9294	0.0
GRCh38_CMRG_42563	0.0
GRCh38_CMRG_51329	0.0
GRCh38_CMRG_25385	0.0
GRCh38_CMRG_84183	0.0
GRCh38_CMRG_68248	0.0
GRCh38_CMRG_29975	0.0
GRCh38_CMRG_192	0.0
GRCh38_CMRG_38734	0.0
GRCh38_CMRG_50170	0.0
GRCh38_CMRG_82576	0.0
GRCh38_CMRG_38575	0.0
GRCh38_CMRG_79507	0.0
GRCh38_CMRG_83295	0.0
GRCh38_CMRG_74077	0.0
GRCh38_CMRG_39388	0.0
GRCh38_CMRG_14071	0.0
GRCh38_CMRG_79206	0.0
GRCh38_CMRG_73359	0.0
GRCh38_CMRG_83238	0.0
GRCh38_CMRG_74129	0.0
GRCh38_CMRG_37366	0.0
GRCh38_CMRG_37161	0.0
GRCh38_CMRG_8886	0.0
GRCh38_CMRG_58156	0.0
GRCh38_CMRG_22220	0.0
GRCh38_CMRG_75127	0.0
GRCh38_CMRG_21803	0.0
GRCh38_CMRG_68307	0.0
GRCh38_CMRG_74	0.0
GRCh38_CMRG_23461	0.0
GRCh38_CMRG_35984	0.0
GRCh38_CMRG_9466	0.0
GRCh38_CMRG_1856	0.0
GRCh38_CMRG_8449	0.0
GRCh38_CMRG_1259	0.0
GRCh38_CMRG_19878	0.0
GRCh38_CMRG_74516	0.0
GRCh38_CMRG_31152	0.0
GRCh38_CMRG_32651	0.0
GRCh38_CMRG_7510	0.0
GRCh38_CMRG_11277	0.0
GRCh38_CMRG_13156	0.0
GRCh38_CMRG_50136	0.0
GRCh38_CMRG_82256	0.0
GRCh38_CMRG_48089	0.0
GRCh38_CMRG_70513	0.0
GRCh38_CMRG_68494	0.0
GRCh38_CMRG_55597	0.0
GRCh38_CMRG_49980	0.0
GRCh38_CMRG_45464	0.0
GRCh38_CMRG_51045	0.0
GRCh38_CMRG_60057	0.0
GRCh38_CMRG_7471	0.0
GRCh38_CMRG_35738	0.0
GRCh38_CMRG_58093	0.0
GRCh38_CMRG_63365	0.0
GRCh38_CMRG_22822	0.0
GRCh38_CMRG_62375	0.0
GRCh38_CMRG_77287	0.0
GRCh38_CMRG_29334	0.0
GRCh38_CMRG_55494	0.0
GRCh38_CMRG_6718	0.0
GRCh38_CMRG_64109	0.0
GRCh38_CMRG_31356	0.0
GRCh38_CMRG_65224	0.0
GRCh38_CMRG_82302	0.0
GRCh38_CMRG_82590	0.0
GRCh38_CMRG_73024	0.0
GRCh38_CMRG_45630	0.0
GRCh38_CMRG_70931	0.0
GRCh38_CMRG_41265	0.0
GRCh38_CMRG_34053	0.0
GRCh38_CMRG_24625	0.0
GRCh38_CMRG_2607	0.0
GRCh38_CMRG_68773	0.0
GRCh38_CMRG_79323	0.0
GRCh38_CMRG_75034	0.0
GRCh38_CMRG_1024	0.0
GRCh38_CMRG_53965	0.0
GRCh38_CMRG_8480	0.0
GRCh38_CMRG_68	0.0
GRCh38_CMRG_26491	0.0
GRCh38_CMRG_59762	0.0
GRCh38_CMRG_62368	0.0
GRCh38_CMRG_48733	0.0
GRCh38_CMRG_22828	0.0
GRCh38_CMRG_45378	0.0
GRCh38_CMRG_24305	0.0
GRCh38_CMRG_37404	0.0
GRCh38_CMRG_65339	0.0
GRCh38_CMRG_37687	0.0
GRCh38_CMRG_82945	0.0
GRCh38_CMRG_11078	0.0
GRCh38_CMRG_33498	0.0
GRCh38_CMRG_28895	0.0
GRCh38_CMRG_11069	0.0
GRCh38_CMRG_65077	0.0
GRCh38_CMRG_18860	0.0
GRCh38_CMRG_62172	0.0
GRCh38_CMRG_82390	0.0
GRCh38_CMRG_62322	0.0
GRCh38_CMRG_19757	0.0
GRCh38_CMRG_24061	0.0
GRCh38_CMRG_37840	0.0
GRCh38_CMRG_29609	0.0
GRCh38_CMRG_50350	0.0
GRCh38_CMRG_70553	0.0
GRCh38_CMRG_64878	0.0
GRCh38_CMRG_10989	0.0
GRCh38_CMRG_15096	0.0
GRCh38_CMRG_28615	0.0
GRCh38_CMRG_13197	0.0
GRCh38_CMRG_23559	0.0
GRCh38_CMRG_67373	0.0
GRCh38_CMRG_1793	0.0
GRCh38_CMRG_2152	0.0
GRCh38_CMRG_45026	0.0
GRCh38_CMRG_43660	0.0
GRCh38_CMRG_82612	0.0
GRCh38_CMRG_52737	0.0
GRCh38_CMRG_11962	0.0
GRCh38_CMRG_19109	0.0
GRCh38_CMRG_61352	0.0
GRCh38_CMRG_65563	0.0
GRCh38_CMRG_17802	0.0
GRCh38_CMRG_48474	0.0
GRCh38_CMRG_27181	0.0
GRCh38_CMRG_17418	0.0
GRCh38_CMRG_60369	0.0
GRCh38_CMRG_10779	0.0
GRCh38_CMRG_11294	0.0
GRCh38_CMRG_24275	0.0
GRCh38_CMRG_79921	0.0
GRCh38_CMRG_75193	0.0
GRCh38_CMRG_14642	0.0
GRCh38_CMRG_77639	0.0
GRCh38_CMRG_40157	0.0
GRCh38_CMRG_82644	0.0
GRCh38_CMRG_30597	0.0
GRCh38_CMRG_74517	0.0
GRCh38_CMRG_35837	0.0
GRCh38_CMRG_73440	0.0
GRCh38_CMRG_32581	0.0
GRCh38_CMRG_32894	0.0
GRCh38_CMRG_81026	0.0
GRCh38_CMRG_83194	0.0
GRCh38_CMRG_1791	0.0
GRCh38_CMRG_34565	0.0
GRCh38_CMRG_13441	0.0
GRCh38_CMRG_36643	0.0
GRCh38_CMRG_54582	0.0
GRCh38_CMRG_33806	0.0
GRCh38_CMRG_1249	0.0
GRCh38_CMRG_40395	0.0
GRCh38_CMRG_50290	0.0
GRCh38_CMRG_81725	0.0
GRCh38_CMRG_430	0.0
GRCh38_CMRG_47124	0.0
GRCh38_CMRG_18829	0.0
GRCh38_CMRG_33171	0.0
GRCh38_CMRG_7368	0.0
GRCh38_CMRG_589	0.0
GRCh38_CMRG_73106	0.0
GRCh38_CMRG_23707	0.0
GRCh38_CMRG_29051	0.0
GRCh38_CMRG_47521	0.0
GRCh38_CMRG_48955	0.0
GRCh38_CMRG_18838	0.0
GRCh38_CMRG_24742	0.0
GRCh38_CMRG_23977	0.0
GRCh38_CMRG_18008	0.0
GRCh38_CMRG_26410	0.0
GRCh38_CMRG_41803	0.0
GRCh38_CMRG_7950	0.0
GRCh38_CMRG_44911	0.0
GRCh38_CMRG_19416	0.0
GRCh38_CMRG_27008	0.0
GRCh38_CMRG_82599	0.0
GRCh38_CMRG_72442	0.0
GRCh38_CMRG_29703	0.0
GRCh38_CMRG_68102	0.0
GRCh38_CMRG_82540	0.0
GRCh38_CMRG_1049	0.0
GRCh38_CMRG_80017	0.0
GRCh38_CMRG_24572	0.0
GRCh38_CMRG_38678	0.0
GRCh38_CMRG_75030	0.0
GRCh38_CMRG_28029	0.0
GRCh38_CMRG_24134	0.0
GRCh38_CMRG_64866	0.0
GRCh38_CMRG_55423	0.0
GRCh38_CMRG_59199	0.0
GRCh38_CMRG_52620	0.0
GRCh38_CMRG_51820	0.0
GRCh38_CMRG_51740	0.0
GRCh38_CMRG_29264	0.0
GRCh38_CMRG_23662	0.0
GRCh38_CMRG_79882	0.0
GRCh38_CMRG_22065	0.0
GRCh38_CMRG_16480	0.0
GRCh38_CMRG_494	0.0
GRCh38_CMRG_49319	0.0
GRCh38_CMRG_41737	0.0
GRCh38_CMRG_77587	0.0
GRCh38_CMRG_35555	0.0
GRCh38_CMRG_8522	0.0
GRCh38_CMRG_49814	0.0
GRCh38_CMRG_44188	0.0
GRCh38_CMRG_47576	0.0
GRCh38_CMRG_53870	0.0
GRCh38_CMRG_58467	0.0
GRCh38_CMRG_59480	0.0
GRCh38_CMRG_43661	0.0
GRCh38_CMRG_52153	0.0
GRCh38_CMRG_69505	0.0
GRCh38_CMRG_82349	0.0
GRCh38_CMRG_22583	0.0
GRCh38_CMRG_69504	0.0
GRCh38_CMRG_49752	0.0
GRCh38_CMRG_32331	0.0
GRCh38_CMRG_27555	0.0
GRCh38_CMRG_55095	0.0
GRCh38_CMRG_22355	0.0
GRCh38_CMRG_64962	0.0
GRCh38_CMRG_34233	0.0
GRCh38_CMRG_83024	0.0
GRCh38_CMRG_10499	0.0
GRCh38_CMRG_58194	0.0
GRCh38_CMRG_33543	0.0
GRCh38_CMRG_33547	0.0
GRCh38_CMRG_1857	0.0
GRCh38_CMRG_33627	0.0
GRCh38_CMRG_51935	0.0
GRCh38_CMRG_52973	0.0
GRCh38_CMRG_39473	0.0
GRCh38_CMRG_13163	0.0
GRCh38_CMRG_18701	0.0
GRCh38_CMRG_79972	0.0
GRCh38_CMRG_39638	0.0
GRCh38_CMRG_70901	0.0
GRCh38_CMRG_42319	0.0
GRCh38_CMRG_27185	0.0
GRCh38_CMRG_83539	0.0
GRCh38_CMRG_803	0.0
GRCh38_CMRG_84262	0.0
GRCh38_CMRG_45953	0.0
GRCh38_CMRG_53861	0.0
GRCh38_CMRG_47828	0.0
GRCh38_CMRG_62578	0.0
GRCh38_CMRG_82239	0.0
GRCh38_CMRG_70734	0.0
GRCh38_CMRG_44923	0.0
GRCh38_CMRG_47342	0.0
GRCh38_CMRG_36083	0.0
GRCh38_CMRG_44868	0.0
GRCh38_CMRG_642	0.0
GRCh38_CMRG_8137	0.0
GRCh38_CMRG_52955	0.0
GRCh38_CMRG_54674	0.0
GRCh38_CMRG_36025	0.0
GRCh38_CMRG_45240	0.0
GRCh38_CMRG_24734	0.0
GRCh38_CMRG_45346	0.0
GRCh38_CMRG_71161	0.0
GRCh38_CMRG_11150	0.0
GRCh38_CMRG_82257	0.0
GRCh38_CMRG_38236	0.0
GRCh38_CMRG_23921	0.0
GRCh38_CMRG_13947	0.0
GRCh38_CMRG_63271	0.0
GRCh38_CMRG_2064	0.0
GRCh38_CMRG_31030	0.0
GRCh38_CMRG_28630	0.0
GRCh38_CMRG_60360	0.0
GRCh38_CMRG_8229	0.0
GRCh38_CMRG_64097	0.0
GRCh38_CMRG_69352	0.0
GRCh38_CMRG_75176	0.0
GRCh38_CMRG_28051	0.0
GRCh38_CMRG_33215	0.0
GRCh38_CMRG_32898	0.0
GRCh38_CMRG_36951	0.0
GRCh38_CMRG_34027	0.0
GRCh38_CMRG_82786	0.0
GRCh38_CMRG_42145	0.0
GRCh38_CMRG_81546	0.0
GRCh38_CMRG_18451	0.0
GRCh38_CMRG_41106	0.0
GRCh38_CMRG_14676	0.0
GRCh38_CMRG_75126	0.0
GRCh38_CMRG_46142	0.0
GRCh38_CMRG_67693	0.0
GRCh38_CMRG_55388	0.0
GRCh38_CMRG_49373	0.0
GRCh38_CMRG_61234	0.0
GRCh38_CMRG_83571	0.0
GRCh38_CMRG_33153	0.0
GRCh38_CMRG_11754	0.0
GRCh38_CMRG_11017	0.0
GRCh38_CMRG_64986	0.0
GRCh38_CMRG_7374	0.0
GRCh38_CMRG_1789	0.0
GRCh38_CMRG_8026	0.0
GRCh38_CMRG_9764	0.0
GRCh38_CMRG_32955	0.0
GRCh38_CMRG_34301	0.0
GRCh38_CMRG_65448	0.0
GRCh38_CMRG_24462	0.0
GRCh38_CMRG_14580	0.0
GRCh38_CMRG_43915	0.0
GRCh38_CMRG_23682	0.0
GRCh38_CMRG_79911	0.0
GRCh38_CMRG_59144	0.0
GRCh38_CMRG_1172	0.0
GRCh38_CMRG_61556	0.0
GRCh38_CMRG_27474	0.0
GRCh38_CMRG_49342	0.0
GRCh38_CMRG_69905	0.0
GRCh38_CMRG_33727	0.0
GRCh38_CMRG_33738	0.0
GRCh38_CMRG_77679	0.0
GRCh38_CMRG_52450	0.0
GRCh38_CMRG_9367	0.0
GRCh38_CMRG_47458	0.0
GRCh38_CMRG_36470	0.0
GRCh38_CMRG_64685	0.0
GRCh38_CMRG_11102	0.0
GRCh38_CMRG_72189	0.0
GRCh38_CMRG_23760	0.0
GRCh38_CMRG_53392	0.0
GRCh38_CMRG_41808	0.0
GRCh38_CMRG_50874	0.0
GRCh38_CMRG_51029	0.0
GRCh38_CMRG_51603	0.0
GRCh38_CMRG_33384	0.0
GRCh38_CMRG_66075	0.0
GRCh38_CMRG_64973	0.0
GRCh38_CMRG_54782	0.0
GRCh38_CMRG_63867	0.0
GRCh38_CMRG_75120	0.0
GRCh38_CMRG_73032	0.0
GRCh38_CMRG_31419	0.0
GRCh38_CMRG_75241	0.0
GRCh38_CMRG_1296	0.0
GRCh38_CMRG_38410	0.0
GRCh38_CMRG_23903	0.0
GRCh38_CMRG_49483	0.0
GRCh38_CMRG_28293	0.0
GRCh38_CMRG_23852	0.0
GRCh38_CMRG_25312	0.0
GRCh38_CMRG_60075	0.0
GRCh38_CMRG_48833	0.0
GRCh38_CMRG_45549	0.0
GRCh38_CMRG_18563	0.0
GRCh38_CMRG_49988	0.0
GRCh38_CMRG_38982	0.0
GRCh38_CMRG_22967	0.0
GRCh38_CMRG_46493	0.0
GRCh38_CMRG_71386	0.0
GRCh38_CMRG_48729	0.0
GRCh38_CMRG_41678	0.0
GRCh38_CMRG_47468	0.0
GRCh38_CMRG_2095	0.0
GRCh38_CMRG_10903	0.0
GRCh38_CMRG_7909	0.0
GRCh38_CMRG_37774	0.0
GRCh38_CMRG_40831	0.0
GRCh38_CMRG_60298	0.0
GRCh38_CMRG_13594	0.0
GRCh38_CMRG_82603	0.0
GRCh38_CMRG_49407	0.0
GRCh38_CMRG_18558	0.0
GRCh38_CMRG_39148	0.0
GRCh38_CMRG_67295	0.0
GRCh38_CMRG_83380	0.0
GRCh38_CMRG_75060	0.0
GRCh38_CMRG_18342	0.0
GRCh38_CMRG_12873	0.0
GRCh38_CMRG_79708	0.0
GRCh38_CMRG_23304	0.0
GRCh38_CMRG_73747	0.0
GRCh38_CMRG_9305	0.0
GRCh38_CMRG_44017	0.0
GRCh38_CMRG_39508	0.0
GRCh38_CMRG_25845	0.0
GRCh38_CMRG_45350	0.0
GRCh38_CMRG_19558	0.0
GRCh38_CMRG_79806	0.0
GRCh38_CMRG_6993	0.0
GRCh38_CMRG_27013	0.0
GRCh38_CMRG_18708	0.0
GRCh38_CMRG_32404	0.0
GRCh38_CMRG_41806	0.0
GRCh38_CMRG_62430	0.0
GRCh38_CMRG_12944	0.0
GRCh38_CMRG_1301	0.0
GRCh38_CMRG_14183	0.0
GRCh38_CMRG_81589	0.0
GRCh38_CMRG_7058	0.0
GRCh38_CMRG_14412	0.0
GRCh38_CMRG_42161	0.0
GRCh38_CMRG_40385	0.0
GRCh38_CMRG_80768	0.0
GRCh38_CMRG_32828	0.0
GRCh38_CMRG_76944	0.0
GRCh38_CMRG_70086	0.0
GRCh38_CMRG_38140	0.0
GRCh38_CMRG_72908	0.0
GRCh38_CMRG_82516	0.0
GRCh38_CMRG_65407	0.0
GRCh38_CMRG_71964	0.0
GRCh38_CMRG_50368	0.0
GRCh38_CMRG_37751	0.0
GRCh38_CMRG_28737	0.0
GRCh38_CMRG_8317	0.0
GRCh38_CMRG_82285	0.0
GRCh38_CMRG_80839	0.0
GRCh38_CMRG_50204	0.0
GRCh38_CMRG_74674	0.0
GRCh38_CMRG_27325	0.0
GRCh38_CMRG_48629	0.0
GRCh38_CMRG_44699	0.0
GRCh38_CMRG_51330	0.0
GRCh38_CMRG_74157	0.0
GRCh38_CMRG_40273	0.0
GRCh38_CMRG_39369	0.0
GRCh38_CMRG_8997	0.0
GRCh38_CMRG_38640	0.0
GRCh38_CMRG_18205	0.0
GRCh38_CMRG_28607	0.0
GRCh38_CMRG_82283	0.0
GRCh38_CMRG_54136	0.0
GRCh38_CMRG_55240	0.0
GRCh38_CMRG_38198	0.0
GRCh38_CMRG_13512	0.0
GRCh38_CMRG_18869	0.0
GRCh38_CMRG_41821	0.0
GRCh38_CMRG_679	0.0
GRCh38_CMRG_35961	0.0
GRCh38_CMRG_45971	0.0
GRCh38_CMRG_73213	0.0
GRCh38_CMRG_37124	0.0
GRCh38_CMRG_50260	0.0
GRCh38_CMRG_24186	0.0
GRCh38_CMRG_53331	0.0
GRCh38_CMRG_32903	0.0
GRCh38_CMRG_72668	0.0
GRCh38_CMRG_32509	0.0
GRCh38_CMRG_60805	0.0
GRCh38_CMRG_68659	0.0
GRCh38_CMRG_32520	0.0
GRCh38_CMRG_18514	0.0
GRCh38_CMRG_23315	0.0
GRCh38_CMRG_70540	0.0
GRCh38_CMRG_37239	0.0
GRCh38_CMRG_74943	0.0
GRCh38_CMRG_73185	0.0
GRCh38_CMRG_1626	0.0
GRCh38_CMRG_1600	0.0
GRCh38_CMRG_74433	0.0
GRCh38_CMRG_20932	0.0
GRCh38_CMRG_73419	0.0
GRCh38_CMRG_10578	0.0
GRCh38_CMRG_11920	0.0
GRCh38_CMRG_7257	0.0
GRCh38_CMRG_18400	0.0
GRCh38_CMRG_60202	0.0
GRCh38_CMRG_14259	0.0
GRCh38_CMRG_50492	0.0
GRCh38_CMRG_12816	0.0
GRCh38_CMRG_62226	0.0
GRCh38_CMRG_74404	0.0
GRCh38_CMRG_52201	0.0
GRCh38_CMRG_82343	0.0
GRCh38_CMRG_62483	0.0
GRCh38_CMRG_22980	0.0
GRCh38_CMRG_35874	0.0
GRCh38_CMRG_33146	0.0
GRCh38_CMRG_24776	0.0
GRCh38_CMRG_8221	0.0
GRCh38_CMRG_64145	0.0
GRCh38_CMRG_18453	0.0
GRCh38_CMRG_33595	0.0
GRCh38_CMRG_29650	0.0
GRCh38_CMRG_65140	0.0
GRCh38_CMRG_77471	0.0
GRCh38_CMRG_33439	0.0
GRCh38_CMRG_33454	0.0
GRCh38_CMRG_72145	0.0
GRCh38_CMRG_27691	0.0
GRCh38_CMRG_38228	0.0
GRCh38_CMRG_8149	0.0
GRCh38_CMRG_26079	0.0
GRCh38_CMRG_6045	0.0
GRCh38_CMRG_2932	0.0
GRCh38_CMRG_30673	0.0
GRCh38_CMRG_43618	0.0
GRCh38_CMRG_37937	0.0
GRCh38_CMRG_38399	0.0
GRCh38_CMRG_29883	0.0
GRCh38_CMRG_62152	0.0
GRCh38_CMRG_19398	0.0
GRCh38_CMRG_73214	0.0
GRCh38_CMRG_70651	0.0
GRCh38_CMRG_75170	0.0
GRCh38_CMRG_12119	0.0
GRCh38_CMRG_46668	0.0
GRCh38_CMRG_82164	0.0
GRCh38_CMRG_23305	0.0
GRCh38_CMRG_32327	0.0
GRCh38_CMRG_50817	0.0
GRCh38_CMRG_52565	0.0
GRCh38_CMRG_15320	0.0
GRCh38_CMRG_61603	0.0
GRCh38_CMRG_46078	0.0
GRCh38_CMRG_18591	0.0
GRCh38_CMRG_50109	0.0
GRCh38_CMRG_55212	0.0
GRCh38_CMRG_24135	0.0
GRCh38_CMRG_50707	0.0
GRCh38_CMRG_73147	0.0
GRCh38_CMRG_33049	0.0
GRCh38_CMRG_44939	0.0
GRCh38_CMRG_14639	0.0
GRCh38_CMRG_46343	0.0
GRCh38_CMRG_13167	0.0
GRCh38_CMRG_26411	0.0
GRCh38_CMRG_59562	0.0
GRCh38_CMRG_68266	0.0
GRCh38_CMRG_72688	0.0
GRCh38_CMRG_72528	0.0
GRCh38_CMRG_37611	0.0
GRCh38_CMRG_39228	0.0
GRCh38_CMRG_28981	0.0
GRCh38_CMRG_52568	0.0
GRCh38_CMRG_55521	0.0
GRCh38_CMRG_81317	0.0
GRCh38_CMRG_17412	0.0
GRCh38_CMRG_38367	0.0
GRCh38_CMRG_8041	0.0
GRCh38_CMRG_68505	0.0
GRCh38_CMRG_23753	0.0
GRCh38_CMRG_43724	0.0
GRCh38_CMRG_7707	0.0
GRCh38_CMRG_68368	0.0
GRCh38_CMRG_28301	0.0
GRCh38_CMRG_49767	0.0
GRCh38_CMRG_82351	0.0
GRCh38_CMRG_41212	0.0
GRCh38_CMRG_76939	0.0
GRCh38_CMRG_83727	0.0
GRCh38_CMRG_50146	0.0
GRCh38_CMRG_45640	0.0
GRCh38_CMRG_69464	0.0
GRCh38_CMRG_23368	0.0
GRCh38_CMRG_62647	0.0
GRCh38_CMRG_26656	0.0
GRCh38_CMRG_75013	0.0
GRCh38_CMRG_49411	0.0
GRCh38_CMRG_2877	0.0
GRCh38_CMRG_13423	0.0
GRCh38_CMRG_48716	0.0
GRCh38_CMRG_31627	0.0
GRCh38_CMRG_46603	0.0
GRCh38_CMRG_84318	0.0
GRCh38_CMRG_74391	0.0
GRCh38_CMRG_84444	0.0
GRCh38_CMRG_79958	0.0
GRCh38_CMRG_61790	0.0
GRCh38_CMRG_45198	0.0
GRCh38_CMRG_1148	0.0
GRCh38_CMRG_70325	0.0
GRCh38_CMRG_32778	0.0
GRCh38_CMRG_62618	0.0
GRCh38_CMRG_32721	0.0
GRCh38_CMRG_27281	0.0
GRCh38_CMRG_33387	0.0
GRCh38_CMRG_51410	0.0
GRCh38_CMRG_73513	0.0
GRCh38_CMRG_25996	0.0
GRCh38_CMRG_84182	0.0
GRCh38_CMRG_48140	0.0
GRCh38_CMRG_62535	0.0
GRCh38_CMRG_47034	0.0
GRCh38_CMRG_24029	0.0
GRCh38_CMRG_46279	0.0
GRCh38_CMRG_82380	0.0
GRCh38_CMRG_50597	0.0
GRCh38_CMRG_32921	0.0
GRCh38_CMRG_67743	0.0
GRCh38_CMRG_82724	0.0
GRCh38_CMRG_10483	0.0
GRCh38_CMRG_53871	0.0
GRCh38_CMRG_26603	0.0
GRCh38_CMRG_60300	0.0
GRCh38_CMRG_28271	0.0
GRCh38_CMRG_59516	0.0
GRCh38_CMRG_22242	0.0
GRCh38_CMRG_77699	0.0
GRCh38_CMRG_449	0.0
GRCh38_CMRG_59517	0.0
GRCh38_CMRG_466	0.0
GRCh38_CMRG_37076	0.0
GRCh38_CMRG_79385	0.0
GRCh38_CMRG_29743	0.0
GRCh38_CMRG_70719	0.0
GRCh38_CMRG_51529	0.0
GRCh38_CMRG_74476	0.0
GRCh38_CMRG_60027	0.0
GRCh38_CMRG_47520	0.0
GRCh38_CMRG_6658	0.0
GRCh38_CMRG_12687	0.0
GRCh38_CMRG_73266	0.0
GRCh38_CMRG_23818	0.0
GRCh38_CMRG_47640	0.0
GRCh38_CMRG_7605	0.0
GRCh38_CMRG_14621	0.0
GRCh38_CMRG_43734	0.0
GRCh38_CMRG_47477	0.0
GRCh38_CMRG_65320	0.0
GRCh38_CMRG_38974	0.0
GRCh38_CMRG_43825	0.0
GRCh38_CMRG_23815	0.0
GRCh38_CMRG_49200	0.0
GRCh38_CMRG_21211	0.0
GRCh38_CMRG_84591	0.0
GRCh38_CMRG_74348	0.0
GRCh38_CMRG_36739	0.0
GRCh38_CMRG_47472	0.0
GRCh38_CMRG_9474	0.0
GRCh38_CMRG_60171	0.0
GRCh38_CMRG_11934	0.0
GRCh38_CMRG_61918	0.0
GRCh38_CMRG_2740	0.0
GRCh38_CMRG_84509	0.0
GRCh38_CMRG_10969	0.0
GRCh38_CMRG_28605	0.0
GRCh38_CMRG_77384	0.0
GRCh38_CMRG_72842	0.0
GRCh38_CMRG_74017	0.0
GRCh38_CMRG_1869	0.0
GRCh38_CMRG_72109	0.0
GRCh38_CMRG_47226	0.0
GRCh38_CMRG_25945	0.0
GRCh38_CMRG_67314	0.0
GRCh38_CMRG_38529	0.0
GRCh38_CMRG_27782	0.0
GRCh38_CMRG_13613	0.0
GRCh38_CMRG_65179	0.0
GRCh38_CMRG_38413	0.0
GRCh38_CMRG_78875	0.0
GRCh38_CMRG_37346	0.0
GRCh38_CMRG_83370	0.0
GRCh38_CMRG_26091	0.0
GRCh38_CMRG_79411	0.0
GRCh38_CMRG_13674	0.0
GRCh38_CMRG_15420	0.0
GRCh38_CMRG_44932	0.0
GRCh38_CMRG_23371	0.0
GRCh38_CMRG_82507	0.0
GRCh38_CMRG_12023	0.0
GRCh38_CMRG_8638	0.0
GRCh38_CMRG_53030	0.0
GRCh38_CMRG_64541	0.0
GRCh38_CMRG_48041	0.0
GRCh38_CMRG_12829	0.0
GRCh38_CMRG_13394	0.0
GRCh38_CMRG_23703	0.0
GRCh38_CMRG_68477	0.0
GRCh38_CMRG_7432	0.0
GRCh38_CMRG_35542	0.0
GRCh38_CMRG_75546	0.0
GRCh38_CMRG_75031	0.0
GRCh38_CMRG_78994	0.0
GRCh38_CMRG_59437	0.0
GRCh38_CMRG_25120	0.0
GRCh38_CMRG_82341	0.0
GRCh38_CMRG_32243	0.0
GRCh38_CMRG_50684	0.0
GRCh38_CMRG_41528	0.0
GRCh38_CMRG_70870	0.0
GRCh38_CMRG_52444	0.0
GRCh38_CMRG_55791	0.0
GRCh38_CMRG_80032	0.0
GRCh38_CMRG_84557	0.0
GRCh38_CMRG_48830	0.0
GRCh38_CMRG_37872	0.0
GRCh38_CMRG_33095	0.0
GRCh38_CMRG_34754	0.0
GRCh38_CMRG_67304	0.0
GRCh38_CMRG_60444	0.0
GRCh38_CMRG_82845	0.0
GRCh38_CMRG_71117	0.0
GRCh38_CMRG_48808	0.0
GRCh38_CMRG_36604	0.0
GRCh38_CMRG_48136	0.0
GRCh38_CMRG_53922	0.0
GRCh38_CMRG_54258	0.0
GRCh38_CMRG_13796	0.0
GRCh38_CMRG_18881	0.0
GRCh38_CMRG_6785	0.0
GRCh38_CMRG_27429	0.0
GRCh38_CMRG_67777	0.0
GRCh38_CMRG_72670	0.0
GRCh38_CMRG_55632	0.0
GRCh38_CMRG_30706	0.0
GRCh38_CMRG_12882	0.0
GRCh38_CMRG_59247	0.0
GRCh38_CMRG_9672	0.0
GRCh38_CMRG_41766	0.0
GRCh38_CMRG_162	0.0
GRCh38_CMRG_18709	0.0
GRCh38_CMRG_77612	0.0
GRCh38_CMRG_61058	0.0
GRCh38_CMRG_77411	0.0
GRCh38_CMRG_48319	0.0
GRCh38_CMRG_81938	0.0
GRCh38_CMRG_32233	0.0
GRCh38_CMRG_66015	0.0
GRCh38_CMRG_77191	0.0
GRCh38_CMRG_31263	0.0
GRCh38_CMRG_18686	0.0
GRCh38_CMRG_22115	0.0
GRCh38_CMRG_77412	0.0
GRCh38_CMRG_65143	0.0
GRCh38_CMRG_29347	0.0
GRCh38_CMRG_82908	0.0
GRCh38_CMRG_67927	0.0
GRCh38_CMRG_22882	0.0
GRCh38_CMRG_72912	0.0
GRCh38_CMRG_75361	0.0
GRCh38_CMRG_16963	0.0
GRCh38_CMRG_65148	0.0
GRCh38_CMRG_8789	0.0
GRCh38_CMRG_70869	0.0
GRCh38_CMRG_1909	0.0
GRCh38_CMRG_77254	0.0
GRCh38_CMRG_9671	0.0
GRCh38_CMRG_80956	0.0
GRCh38_CMRG_72838	0.0
GRCh38_CMRG_50960	0.0
GRCh38_CMRG_40952	0.0
GRCh38_CMRG_66111	0.0
GRCh38_CMRG_82225	0.0
GRCh38_CMRG_77478	0.0
GRCh38_CMRG_41921	0.0
GRCh38_CMRG_34419	0.0
GRCh38_CMRG_67675	0.0
GRCh38_CMRG_44966	0.0
GRCh38_CMRG_64019	0.0
GRCh38_CMRG_38297	0.0
GRCh38_CMRG_22604	0.0
GRCh38_CMRG_38167	0.0
GRCh38_CMRG_8146	0.0
GRCh38_CMRG_12858	0.0
GRCh38_CMRG_7687	0.0
GRCh38_CMRG_18355	0.0
GRCh38_CMRG_72920	0.0
GRCh38_CMRG_71021	0.0
GRCh38_CMRG_34719	0.0
GRCh38_CMRG_62219	0.0
GRCh38_CMRG_43614	0.0
GRCh38_CMRG_84164	0.0
GRCh38_CMRG_30962	0.0
GRCh38_CMRG_18770	0.0
GRCh38_CMRG_2145	0.0
GRCh38_CMRG_46377	0.0
GRCh38_CMRG_43725	0.0
GRCh38_CMRG_64271	0.0
GRCh38_CMRG_72779	0.0
GRCh38_CMRG_84074	0.0
GRCh38_CMRG_21306	0.0
GRCh38_CMRG_49538	0.0
GRCh38_CMRG_72432	0.0
GRCh38_CMRG_74659	0.0
GRCh38_CMRG_82916	0.0
GRCh38_CMRG_51192	0.0
GRCh38_CMRG_24538	0.0
GRCh38_CMRG_38458	0.0
GRCh38_CMRG_83653	0.0
GRCh38_CMRG_68671	0.0
GRCh38_CMRG_23603	0.0
GRCh38_CMRG_70347	0.0
GRCh38_CMRG_13624	0.0
GRCh38_CMRG_18704	0.0
GRCh38_CMRG_49631	0.0
GRCh38_CMRG_2384	0.0
GRCh38_CMRG_44957	0.0
GRCh38_CMRG_8176	0.0
GRCh38_CMRG_49418	0.0
GRCh38_CMRG_44233	0.0
GRCh38_CMRG_58428	0.0
GRCh38_CMRG_49170	0.0
GRCh38_CMRG_82705	0.0
GRCh38_CMRG_53388	0.0
GRCh38_CMRG_22684	0.0
GRCh38_CMRG_72716	0.0
GRCh38_CMRG_82291	0.0
GRCh38_CMRG_81772	0.0
GRCh38_CMRG_68853	0.0
GRCh38_CMRG_45466	0.0
GRCh38_CMRG_27113	0.0
GRCh38_CMRG_7428	0.0
GRCh38_CMRG_40608	0.0
GRCh38_CMRG_65135	0.0
GRCh38_CMRG_73746	0.0
GRCh38_CMRG_52917	0.0
GRCh38_CMRG_21963	0.0
GRCh38_CMRG_14736	0.0
GRCh38_CMRG_45575	0.0
GRCh38_CMRG_497	0.0
GRCh38_CMRG_25775	0.0
GRCh38_CMRG_37811	0.0
GRCh38_CMRG_42183	0.0
GRCh38_CMRG_63300	0.0
GRCh38_CMRG_65273	0.0
GRCh38_CMRG_29163	0.0
GRCh38_CMRG_17406	0.0
GRCh38_CMRG_74746	0.0
GRCh38_CMRG_65982	0.0
GRCh38_CMRG_52010	0.0
GRCh38_CMRG_6524	0.0
GRCh38_CMRG_70780	0.0
GRCh38_CMRG_37610	0.0
GRCh38_CMRG_67038	0.0
GRCh38_CMRG_26806	0.0
GRCh38_CMRG_22458	0.0
GRCh38_CMRG_38533	0.0
GRCh38_CMRG_62173	0.0
GRCh38_CMRG_52930	0.0
GRCh38_CMRG_15108	0.0
GRCh38_CMRG_48588	0.0
GRCh38_CMRG_64559	0.0
GRCh38_CMRG_18973	0.0
GRCh38_CMRG_28168	0.0
GRCh38_CMRG_60870	0.0
GRCh38_CMRG_14617	0.0
GRCh38_CMRG_32885	0.0
GRCh38_CMRG_59970	0.0
GRCh38_CMRG_69616	0.0
GRCh38_CMRG_22972	0.0
GRCh38_CMRG_38559	0.0
GRCh38_CMRG_8689	0.0
GRCh38_CMRG_37672	0.0
GRCh38_CMRG_37069	0.0
GRCh38_CMRG_37698	0.0
GRCh38_CMRG_45530	0.0
GRCh38_CMRG_48239	0.0
GRCh38_CMRG_12831	0.0
GRCh38_CMRG_28391	0.0
GRCh38_CMRG_47855	0.0
GRCh38_CMRG_65094	0.0
GRCh38_CMRG_28150	0.0
GRCh38_CMRG_31571	0.0
GRCh38_CMRG_6679	0.0
GRCh38_CMRG_48906	0.0
GRCh38_CMRG_32827	0.0
GRCh38_CMRG_32387	0.0
GRCh38_CMRG_68466	0.0
GRCh38_CMRG_18343	0.0
GRCh38_CMRG_69366	0.0
GRCh38_CMRG_27005	0.0
GRCh38_CMRG_12921	0.0
GRCh38_CMRG_69838	0.0
GRCh38_CMRG_82014	0.0
GRCh38_CMRG_52569	0.0
GRCh38_CMRG_64555	0.0
GRCh38_CMRG_33563	0.0
GRCh38_CMRG_40114	0.0
GRCh38_CMRG_64669	0.0
GRCh38_CMRG_63766	0.0
GRCh38_CMRG_82598	0.0
GRCh38_CMRG_55662	0.0
GRCh38_CMRG_18586	0.0
GRCh38_CMRG_49521	0.0
GRCh38_CMRG_81534	0.0
GRCh38_CMRG_33056	0.0
GRCh38_CMRG_19889	0.0
GRCh38_CMRG_19458	0.0
GRCh38_CMRG_8535	0.0
GRCh38_CMRG_10866	0.0
GRCh38_CMRG_32975	0.0
GRCh38_CMRG_77033	0.0
GRCh38_CMRG_7673	0.0
GRCh38_CMRG_68033	0.0
GRCh38_CMRG_478	0.0
GRCh38_CMRG_10943	0.0
GRCh38_CMRG_75400	0.0
GRCh38_CMRG_24314	0.0
GRCh38_CMRG_74781	0.0
GRCh38_CMRG_61101	0.0
GRCh38_CMRG_1189	0.0
GRCh38_CMRG_83022	0.0
GRCh38_CMRG_49830	0.0
GRCh38_CMRG_27409	0.0
GRCh38_CMRG_44814	0.0
GRCh38_CMRG_36656	0.0
GRCh38_CMRG_59259	0.0
GRCh38_CMRG_67947	0.0
GRCh38_CMRG_14114	0.0
GRCh38_CMRG_33226	0.0
GRCh38_CMRG_17039	0.0
GRCh38_CMRG_1135	0.0
GRCh38_CMRG_68603	0.0
GRCh38_CMRG_38098	0.0
GRCh38_CMRG_49564	0.0
GRCh38_CMRG_72918	0.0
GRCh38_CMRG_44664	0.0
GRCh38_CMRG_13263	0.0
GRCh38_CMRG_59878	0.0
GRCh38_CMRG_38226	0.0
GRCh38_CMRG_47402	0.0
GRCh38_CMRG_79050	0.0
GRCh38_CMRG_55587	0.0
GRCh38_CMRG_80009	0.0
GRCh38_CMRG_8666	0.0
GRCh38_CMRG_12553	0.0
GRCh38_CMRG_24285	0.0
GRCh38_CMRG_83124	0.0
GRCh38_CMRG_82615	0.0
GRCh38_CMRG_6046	0.0
GRCh38_CMRG_7594	0.0
GRCh38_CMRG_55116	0.0
GRCh38_CMRG_48479	0.0
GRCh38_CMRG_79552	0.0
GRCh38_CMRG_84122	0.0
GRCh38_CMRG_51040	0.0
GRCh38_CMRG_63428	0.0
GRCh38_CMRG_13492	0.0
GRCh38_CMRG_27880	0.0
GRCh38_CMRG_65073	0.0
GRCh38_CMRG_73867	0.0
GRCh38_CMRG_1244	0.0
GRCh38_CMRG_51000	0.0
GRCh38_CMRG_27396	0.0
GRCh38_CMRG_21506	0.0
GRCh38_CMRG_55453	0.0
GRCh38_CMRG_51281	0.0
GRCh38_CMRG_72901	0.0
GRCh38_CMRG_82514	0.0
GRCh38_CMRG_81998	0.0
GRCh38_CMRG_77678	0.0
GRCh38_CMRG_65055	0.0
GRCh38_CMRG_83872	0.0
GRCh38_CMRG_52106	0.0
GRCh38_CMRG_10721	0.0
GRCh38_CMRG_712	0.0
GRCh38_CMRG_68457	0.0
GRCh38_CMRG_75118	0.0
GRCh38_CMRG_33087	0.0
GRCh38_CMRG_41749	0.0
GRCh38_CMRG_51100	0.0
GRCh38_CMRG_51784	0.0
GRCh38_CMRG_83349	0.0
GRCh38_CMRG_13565	0.0
GRCh38_CMRG_34641	0.0
GRCh38_CMRG_17003	0.0
GRCh38_CMRG_45255	0.0
GRCh38_CMRG_24492	0.0
GRCh38_CMRG_50214	0.0
GRCh38_CMRG_6886	0.0
GRCh38_CMRG_52749	0.0
GRCh38_CMRG_28069	0.0
GRCh38_CMRG_28524	0.0
GRCh38_CMRG_50357	0.0
GRCh38_CMRG_45532	0.0
GRCh38_CMRG_7970	0.0
GRCh38_CMRG_31537	0.0
GRCh38_CMRG_64613	0.0
GRCh38_CMRG_7395	0.0
GRCh38_CMRG_49548	0.0
GRCh38_CMRG_62283	0.0
GRCh38_CMRG_2177	0.0
GRCh38_CMRG_70565	0.0
GRCh38_CMRG_42537	0.0
GRCh38_CMRG_38080	0.0
GRCh38_CMRG_79885	0.0
GRCh38_CMRG_24862	0.0
GRCh38_CMRG_17081	0.0
GRCh38_CMRG_47309	0.0
GRCh38_CMRG_711	0.0
GRCh38_CMRG_18924	0.0
GRCh38_CMRG_24246	0.0
GRCh38_CMRG_8000	0.0
GRCh38_CMRG_60386	0.0
GRCh38_CMRG_13409	0.0
GRCh38_CMRG_28417	0.0
GRCh38_CMRG_75668	0.0
GRCh38_CMRG_67632	0.0
GRCh38_CMRG_47947	0.0
GRCh38_CMRG_45356	0.0
GRCh38_CMRG_70617	0.0
GRCh38_CMRG_44993	0.0
GRCh38_CMRG_12522	0.0
GRCh38_CMRG_14942	0.0
GRCh38_CMRG_34205	0.0
GRCh38_CMRG_68091	0.0
GRCh38_CMRG_76969	0.0
GRCh38_CMRG_24066	0.0
GRCh38_CMRG_73686	0.0
GRCh38_CMRG_28935	0.0
GRCh38_CMRG_31035	0.0
GRCh38_CMRG_32013	0.0
GRCh38_CMRG_79825	0.0
GRCh38_CMRG_33827	0.0
GRCh38_CMRG_60116	0.0
GRCh38_CMRG_1632	0.0
GRCh38_CMRG_58370	0.0
GRCh38_CMRG_23624	0.0
GRCh38_CMRG_37167	0.0
GRCh38_CMRG_37941	0.0
GRCh38_CMRG_30016	0.0
GRCh38_CMRG_40279	0.0
GRCh38_CMRG_52782	0.0
GRCh38_CMRG_68686	0.0
GRCh38_CMRG_77013	0.0
GRCh38_CMRG_30770	0.0
GRCh38_CMRG_67333	0.0
GRCh38_CMRG_14952	0.0
GRCh38_CMRG_82790	0.0
GRCh38_CMRG_43726	0.0
GRCh38_CMRG_79039	0.0
GRCh38_CMRG_1163	0.0
GRCh38_CMRG_54728	0.0
GRCh38_CMRG_82492	0.0
GRCh38_CMRG_18248	0.0
GRCh38_CMRG_7542	0.0
GRCh38_CMRG_5809	0.0
GRCh38_CMRG_73067	0.0
GRCh38_CMRG_53208	0.0
GRCh38_CMRG_40884	0.0
GRCh38_CMRG_32912	0.0
GRCh38_CMRG_32682	0.0
GRCh38_CMRG_7377	0.0
GRCh38_CMRG_68128	0.0
GRCh38_CMRG_68568	0.0
GRCh38_CMRG_2935	0.0
GRCh38_CMRG_41784	0.0
GRCh38_CMRG_75148	0.0
GRCh38_CMRG_74677	0.0
GRCh38_CMRG_28606	0.0
GRCh38_CMRG_42027	0.0
GRCh38_CMRG_41787	0.0
GRCh38_CMRG_59156	0.0
GRCh38_CMRG_28500	0.0
GRCh38_CMRG_64505	0.0
GRCh38_CMRG_50099	0.0
GRCh38_CMRG_83783	0.0
GRCh38_CMRG_34298	0.0
GRCh38_CMRG_34090	0.0
GRCh38_CMRG_49777	0.0
GRCh38_CMRG_48800	0.0
GRCh38_CMRG_14115	0.0
GRCh38_CMRG_39582	0.0
GRCh38_CMRG_54871	0.0
GRCh38_CMRG_72848	0.0
GRCh38_CMRG_8680	0.0
GRCh38_CMRG_1151	0.0
GRCh38_CMRG_23466	0.0
GRCh38_CMRG_44928	0.0
GRCh38_CMRG_7870	0.0
GRCh38_CMRG_32452	0.0
GRCh38_CMRG_38972	0.0
GRCh38_CMRG_55806	0.0
GRCh38_CMRG_80785	0.0
GRCh38_CMRG_52169	0.0
GRCh38_CMRG_10577	0.0
GRCh38_CMRG_33152	0.0
GRCh38_CMRG_47205	0.0
GRCh38_CMRG_58177	0.0
GRCh38_CMRG_65465	0.0
GRCh38_CMRG_41069	0.0
GRCh38_CMRG_28994	0.0
GRCh38_CMRG_28469	0.0
GRCh38_CMRG_58155	0.0
GRCh38_CMRG_84487	0.0
GRCh38_CMRG_55387	0.0
GRCh38_CMRG_40556	0.0
GRCh38_CMRG_7551	0.0
GRCh38_CMRG_58262	0.0
GRCh38_CMRG_52518	0.0
GRCh38_CMRG_66012	0.0
GRCh38_CMRG_1394	0.0
GRCh38_CMRG_9149	0.0
GRCh38_CMRG_6289	0.0
GRCh38_CMRG_41522	0.0
GRCh38_CMRG_69482	0.0
GRCh38_CMRG_84341	0.0
GRCh38_CMRG_1628	0.0
GRCh38_CMRG_51134	0.0
GRCh38_CMRG_77529	0.0
GRCh38_CMRG_50151	0.0
GRCh38_CMRG_75250	0.0
GRCh38_CMRG_79811	0.0
GRCh38_CMRG_82453	0.0
GRCh38_CMRG_51644	0.0
GRCh38_CMRG_8462	0.0
GRCh38_CMRG_409	0.0
GRCh38_CMRG_18751	0.0
GRCh38_CMRG_8512	0.0
GRCh38_CMRG_45064	0.0
GRCh38_CMRG_18828	0.0
GRCh38_CMRG_40636	0.0
GRCh38_CMRG_54340	0.0
GRCh38_CMRG_26182	0.0
GRCh38_CMRG_75052	0.0
GRCh38_CMRG_49305	0.0
GRCh38_CMRG_83310	0.0
GRCh38_CMRG_32261	0.0
GRCh38_CMRG_11366	0.0
GRCh38_CMRG_33264	0.0
GRCh38_CMRG_51721	0.0
GRCh38_CMRG_38189	0.0
GRCh38_CMRG_34751	0.0
GRCh38_CMRG_60279	0.0
GRCh38_CMRG_38411	0.0
GRCh38_CMRG_64734	0.0
GRCh38_CMRG_63997	0.0
GRCh38_CMRG_10607	0.0
GRCh38_CMRG_28313	0.0
GRCh38_CMRG_18778	0.0
GRCh38_CMRG_67221	0.0
GRCh38_CMRG_7885	0.0
GRCh38_CMRG_22856	0.0
GRCh38_CMRG_60352	0.0
GRCh38_CMRG_8314	0.0
GRCh38_CMRG_67716	0.0
GRCh38_CMRG_65281	0.0
GRCh38_CMRG_13649	0.0
GRCh38_CMRG_64681	0.0
GRCh38_CMRG_27385	0.0
GRCh38_CMRG_7708	0.0
GRCh38_CMRG_11872	0.0
GRCh38_CMRG_45375	0.0
GRCh38_CMRG_27443	0.0
GRCh38_CMRG_41643	0.0
GRCh38_CMRG_14660	0.0
GRCh38_CMRG_32310	0.0
GRCh38_CMRG_27660	0.0
GRCh38_CMRG_77323	0.0
GRCh38_CMRG_10978	0.0
GRCh38_CMRG_79412	0.0
GRCh38_CMRG_1168	0.0
GRCh38_CMRG_63269	0.0
GRCh38_CMRG_54137	0.0
GRCh38_CMRG_33552	0.0
GRCh38_CMRG_84371	0.0
GRCh38_CMRG_50134	0.0
GRCh38_CMRG_79242	0.0
GRCh38_CMRG_40310	0.0
GRCh38_CMRG_60591	0.0
GRCh38_CMRG_55013	0.0
GRCh38_CMRG_79244	0.0
GRCh38_CMRG_82419	0.0
GRCh38_CMRG_41741	0.0
GRCh38_CMRG_14512	0.0
GRCh38_CMRG_74821	0.0
GRCh38_CMRG_21893	0.0
GRCh38_CMRG_53711	0.0
GRCh38_CMRG_33596	0.0
GRCh38_CMRG_63455	0.0
GRCh38_CMRG_1164	0.0
GRCh38_CMRG_27802	0.0
GRCh38_CMRG_49753	0.0
GRCh38_CMRG_49638	0.0
GRCh38_CMRG_52991	0.0
GRCh38_CMRG_84201	0.0
GRCh38_CMRG_82642	0.0
GRCh38_CMRG_70447	0.0
GRCh38_CMRG_37876	0.0
GRCh38_CMRG_37942	0.0
GRCh38_CMRG_47209	0.0
GRCh38_CMRG_72635	0.0
GRCh38_CMRG_12268	0.0
GRCh38_CMRG_67619	0.0
GRCh38_CMRG_16624	0.0
GRCh38_CMRG_46071	0.0
GRCh38_CMRG_54406	0.0
GRCh38_CMRG_70796	0.0
GRCh38_CMRG_70685	0.0
GRCh38_CMRG_7288	0.0
GRCh38_CMRG_72042	0.0
GRCh38_CMRG_81823	0.0
GRCh38_CMRG_37538	0.0
GRCh38_CMRG_22010	0.0
GRCh38_CMRG_68361	0.0
GRCh38_CMRG_48458	0.0
GRCh38_CMRG_33567	0.0
GRCh38_CMRG_51917	0.0
GRCh38_CMRG_51989	0.0
GRCh38_CMRG_8382	0.0
GRCh38_CMRG_72164	0.0
GRCh38_CMRG_52953	0.0
GRCh38_CMRG_62404	0.0
GRCh38_CMRG_34423	0.0
GRCh38_CMRG_72843	0.0
GRCh38_CMRG_82428	0.0
GRCh38_CMRG_33505	0.0
GRCh38_CMRG_20026	0.0
GRCh38_CMRG_68315	0.0
GRCh38_CMRG_18722	0.0
GRCh38_CMRG_52183	0.0
GRCh38_CMRG_84422	0.0
GRCh38_CMRG_31095	0.0
GRCh38_CMRG_50332	0.0
GRCh38_CMRG_72458	0.0
GRCh38_CMRG_71492	0.0
GRCh38_CMRG_42485	0.0
GRCh38_CMRG_45555	0.0
GRCh38_CMRG_39672	0.0
GRCh38_CMRG_28639	0.0
GRCh38_CMRG_7462	0.0
GRCh38_CMRG_73439	0.0
GRCh38_CMRG_14741	0.0
GRCh38_CMRG_72443	0.0
GRCh38_CMRG_33271	0.0
GRCh38_CMRG_11135	0.0
GRCh38_CMRG_62177	0.0
GRCh38_CMRG_32012	0.0
GRCh38_CMRG_59111	0.0
GRCh38_CMRG_33208	0.0
GRCh38_CMRG_23726	0.0
GRCh38_CMRG_24805	0.0
GRCh38_CMRG_7142	0.0
GRCh38_CMRG_45434	0.0
GRCh38_CMRG_26610	0.0
GRCh38_CMRG_58240	0.0
GRCh38_CMRG_37272	0.0
GRCh38_CMRG_7949	0.0
GRCh38_CMRG_39648	0.0
GRCh38_CMRG_28339	0.0
GRCh38_CMRG_6012	0.0
GRCh38_CMRG_29236	0.0
GRCh38_CMRG_49226	0.0
GRCh38_CMRG_69024	0.0
GRCh38_CMRG_60064	0.0
GRCh38_CMRG_59446	0.0
GRCh38_CMRG_73715	0.0
GRCh38_CMRG_25188	0.0
GRCh38_CMRG_14418	0.0
GRCh38_CMRG_59702	0.0
GRCh38_CMRG_33314	0.0
GRCh38_CMRG_49811	0.0
GRCh38_CMRG_23615	0.0
GRCh38_CMRG_79032	0.0
GRCh38_CMRG_23756	0.0
GRCh38_CMRG_61723	0.0
GRCh38_CMRG_67720	0.0
GRCh38_CMRG_24958	0.0
GRCh38_CMRG_68722	0.0
GRCh38_CMRG_42544	0.0
GRCh38_CMRG_27248	0.0
GRCh38_CMRG_14096	0.0
GRCh38_CMRG_82660	0.0
GRCh38_CMRG_75516	0.0
GRCh38_CMRG_7762	0.0
GRCh38_CMRG_53943	0.0
GRCh38_CMRG_47639	0.0
GRCh38_CMRG_52080	0.0
GRCh38_CMRG_13758	0.0
GRCh38_CMRG_24545	0.0
GRCh38_CMRG_49738	0.0
GRCh38_CMRG_45585	0.0
GRCh38_CMRG_415	0.0
GRCh38_CMRG_41400	0.0
GRCh38_CMRG_24604	0.0
GRCh38_CMRG_1371	0.0
GRCh38_CMRG_45859	0.0
GRCh38_CMRG_47206	0.0
GRCh38_CMRG_6951	0.0
GRCh38_CMRG_75417	0.0
GRCh38_CMRG_81853	0.0
GRCh38_CMRG_28473	0.0
GRCh38_CMRG_62052	0.0
GRCh38_CMRG_71007	0.0
GRCh38_CMRG_41419	0.0
GRCh38_CMRG_40453	0.0
GRCh38_CMRG_68045	0.0
GRCh38_CMRG_78945	0.0
GRCh38_CMRG_26625	0.0
GRCh38_CMRG_70800	0.0
GRCh38_CMRG_47460	0.0
GRCh38_CMRG_15549	0.0
GRCh38_CMRG_68250	0.0
GRCh38_CMRG_81840	0.0
GRCh38_CMRG_47199	0.0
GRCh38_CMRG_82920	0.0
GRCh38_CMRG_74577	0.0
GRCh38_CMRG_72813	0.0
GRCh38_CMRG_19119	0.0
GRCh38_CMRG_41752	0.0
GRCh38_CMRG_17967	0.0
GRCh38_CMRG_44722	0.0
GRCh38_CMRG_29255	0.0
GRCh38_CMRG_82391	0.0
GRCh38_CMRG_41846	0.0
GRCh38_CMRG_54498	0.0
GRCh38_CMRG_53617	0.0
GRCh38_CMRG_47202	0.0
GRCh38_CMRG_27961	0.0
GRCh38_CMRG_18009	0.0
GRCh38_CMRG_15026	0.0
GRCh38_CMRG_25357	0.0
GRCh38_CMRG_73884	0.0
GRCh38_CMRG_69928	0.0
GRCh38_CMRG_82977	0.0
GRCh38_CMRG_70353	0.0
GRCh38_CMRG_49384	0.0
GRCh38_CMRG_14186	0.0
GRCh38_CMRG_29121	0.0
GRCh38_CMRG_29095	0.0
GRCh38_CMRG_82297	0.0
GRCh38_CMRG_17086	0.0
GRCh38_CMRG_84040	0.0
GRCh38_CMRG_27166	0.0
GRCh38_CMRG_23715	0.0
GRCh38_CMRG_7467	0.0
GRCh38_CMRG_6599	0.0
GRCh38_CMRG_81999	0.0
GRCh38_CMRG_17528	0.0
GRCh38_CMRG_68730	0.0
GRCh38_CMRG_58387	0.0
GRCh38_CMRG_52397	0.0
GRCh38_CMRG_19748	0.0
GRCh38_CMRG_11764	0.0
GRCh38_CMRG_13923	0.0
GRCh38_CMRG_84876	0.0
GRCh38_CMRG_74209	0.0
GRCh38_CMRG_8509	0.0
GRCh38_CMRG_67013	0.0
GRCh38_CMRG_47361	0.0
GRCh38_CMRG_23979	0.0
GRCh38_CMRG_41088	0.0
GRCh38_CMRG_17629	0.0
GRCh38_CMRG_84457	0.0
GRCh38_CMRG_13607	0.0
GRCh38_CMRG_29318	0.0
GRCh38_CMRG_64313	0.0
GRCh38_CMRG_77624	0.0
GRCh38_CMRG_45928	0.0
GRCh38_CMRG_74794	0.0
GRCh38_CMRG_18274	0.0
GRCh38_CMRG_75598	0.0
GRCh38_CMRG_38337	0.0
GRCh38_CMRG_24247	0.0
GRCh38_CMRG_19210	0.0
GRCh38_CMRG_77172	0.0
GRCh38_CMRG_48753	0.0
GRCh38_CMRG_82384	0.0
GRCh38_CMRG_33459	0.0
GRCh38_CMRG_41763	0.0
GRCh38_CMRG_23268	0.0
GRCh38_CMRG_1710	0.0
GRCh38_CMRG_37823	0.0
GRCh38_CMRG_19211	0.0
GRCh38_CMRG_38443	0.0
GRCh38_CMRG_50394	0.0
GRCh38_CMRG_41874	0.0
GRCh38_CMRG_60535	0.0
GRCh38_CMRG_1661	0.0
GRCh38_CMRG_44581	0.0
GRCh38_CMRG_23761	0.0
GRCh38_CMRG_33383	0.0
GRCh38_CMRG_13012	0.0
GRCh38_CMRG_22793	0.0
GRCh38_CMRG_59435	0.0
GRCh38_CMRG_22572	0.0
GRCh38_CMRG_33369	0.0
GRCh38_CMRG_68100	0.0
GRCh38_CMRG_9381	0.0
GRCh38_CMRG_38343	0.0
GRCh38_CMRG_30751	0.0
GRCh38_CMRG_37661	0.0
GRCh38_CMRG_55251	0.0
GRCh38_CMRG_7614	0.0
GRCh38_CMRG_23916	0.0
GRCh38_CMRG_23548	0.0
GRCh38_CMRG_39661	0.0
GRCh38_CMRG_11570	0.0
GRCh38_CMRG_25187	0.0
GRCh38_CMRG_69810	0.0
GRCh38_CMRG_79514	0.0
GRCh38_CMRG_22688	0.0
GRCh38_CMRG_32946	0.0
GRCh38_CMRG_6870	0.0
GRCh38_CMRG_28953	0.0
GRCh38_CMRG_45385	0.0
GRCh38_CMRG_6756	0.0
GRCh38_CMRG_11100	0.0
GRCh38_CMRG_46042	0.0
GRCh38_CMRG_32824	0.0
GRCh38_CMRG_45059	0.0
GRCh38_CMRG_52063	0.0
GRCh38_CMRG_8024	0.0
GRCh38_CMRG_35561	0.0
GRCh38_CMRG_29659	0.0
GRCh38_CMRG_67011	0.0
GRCh38_CMRG_34371	0.0
GRCh38_CMRG_12523	0.0
GRCh38_CMRG_17142	0.0
GRCh38_CMRG_7192	0.0
GRCh38_CMRG_34863	0.0
GRCh38_CMRG_22121	0.0
GRCh38_CMRG_61060	0.0
GRCh38_CMRG_82609	0.0
GRCh38_CMRG_73913	0.0
GRCh38_CMRG_468	0.0
GRCh38_CMRG_34051	0.0
GRCh38_CMRG_9087	0.0
GRCh38_CMRG_73344	0.0
GRCh38_CMRG_1759	0.0
GRCh38_CMRG_39922	0.0
GRCh38_CMRG_75542	0.0
GRCh38_CMRG_43928	0.0
GRCh38_CMRG_20882	0.0
GRCh38_CMRG_73311	0.0
GRCh38_CMRG_70548	0.0
GRCh38_CMRG_2661	0.0
GRCh38_CMRG_49860	0.0
GRCh38_CMRG_23105	0.0
GRCh38_CMRG_28299	0.0
GRCh38_CMRG_50842	0.0
GRCh38_CMRG_12736	0.0
GRCh38_CMRG_43686	0.0
GRCh38_CMRG_70556	0.0
GRCh38_CMRG_23355	0.0
GRCh38_CMRG_35966	0.0
GRCh38_CMRG_58333	0.0
GRCh38_CMRG_77	0.0
GRCh38_CMRG_39616	0.0
GRCh38_CMRG_74884	0.0
GRCh38_CMRG_37474	0.0
GRCh38_CMRG_63345	0.0
GRCh38_CMRG_629	0.0
GRCh38_CMRG_34735	0.0
GRCh38_CMRG_7375	0.0
GRCh38_CMRG_74362	0.0
GRCh38_CMRG_23837	0.0
GRCh38_CMRG_36442	0.0
GRCh38_CMRG_19135	0.0
GRCh38_CMRG_17122	0.0
GRCh38_CMRG_52305	0.0
GRCh38_CMRG_54156	0.0
GRCh38_CMRG_13846	0.0
GRCh38_CMRG_36764	0.0
GRCh38_CMRG_21281	0.0
GRCh38_CMRG_65099	0.0
GRCh38_CMRG_55570	0.0
GRCh38_CMRG_69500	0.0
GRCh38_CMRG_37537	0.0
GRCh38_CMRG_82003	0.0
GRCh38_CMRG_23725	0.0
GRCh38_CMRG_72640	0.0
GRCh38_CMRG_38100	0.0
GRCh38_CMRG_46	0.0
GRCh38_CMRG_37078	0.0
GRCh38_CMRG_67845	0.0
GRCh38_CMRG_1652	0.0
GRCh38_CMRG_13333	0.0
GRCh38_CMRG_67131	0.0
GRCh38_CMRG_55741	0.0
GRCh38_CMRG_32710	0.0
GRCh38_CMRG_26023	0.0
GRCh38_CMRG_40225	0.0
GRCh38_CMRG_82063	0.0
GRCh38_CMRG_82395	0.0
GRCh38_CMRG_37858	0.0
GRCh38_CMRG_31014	0.0
GRCh38_CMRG_49408	0.0
GRCh38_CMRG_587	0.0
GRCh38_CMRG_13670	0.0
GRCh38_CMRG_42374	0.0
GRCh38_CMRG_22697	0.0
GRCh38_CMRG_55834	0.0
GRCh38_CMRG_36158	0.0
GRCh38_CMRG_51718	0.0
GRCh38_CMRG_25017	0.0
GRCh38_CMRG_45	0.0
GRCh38_CMRG_83748	0.0
GRCh38_CMRG_12015	0.0
GRCh38_CMRG_27891	0.0
GRCh38_CMRG_28302	0.0
GRCh38_CMRG_39444	0.0
GRCh38_CMRG_36812	0.0
GRCh38_CMRG_18300	0.0
GRCh38_CMRG_82367	0.0
GRCh38_CMRG_8523	0.0
GRCh38_CMRG_22427	0.0
GRCh38_CMRG_29604	0.0
GRCh38_CMRG_45648	0.0
GRCh38_CMRG_55119	0.0
GRCh38_CMRG_83610	0.0
GRCh38_CMRG_72733	0.0
GRCh38_CMRG_2901	0.0
GRCh38_CMRG_72532	0.0
GRCh38_CMRG_2476	0.0
GRCh38_CMRG_30960	0.0
GRCh38_CMRG_44069	0.0
GRCh38_CMRG_67996	0.0
GRCh38_CMRG_8096	0.0
GRCh38_CMRG_67615	0.0
GRCh38_CMRG_79443	0.0
GRCh38_CMRG_21509	0.0
GRCh38_CMRG_75319	0.0
GRCh38_CMRG_1635	0.0
GRCh38_CMRG_49518	0.0
GRCh38_CMRG_38289	0.0
GRCh38_CMRG_62420	0.0
GRCh38_CMRG_32282	0.0
GRCh38_CMRG_43685	0.0
GRCh38_CMRG_82026	0.0
GRCh38_CMRG_13641	0.0
GRCh38_CMRG_61202	0.0
GRCh38_CMRG_10911	0.0
GRCh38_CMRG_33143	0.0
GRCh38_CMRG_62376	0.0
GRCh38_CMRG_51788	0.0
GRCh38_CMRG_81897	0.0
GRCh38_CMRG_41853	0.0
GRCh38_CMRG_60337	0.0
GRCh38_CMRG_38409	0.0
GRCh38_CMRG_15542	0.0
GRCh38_CMRG_60328	0.0
GRCh38_CMRG_33250	0.0
GRCh38_CMRG_19034	0.0
GRCh38_CMRG_59190	0.0
GRCh38_CMRG_18720	0.0
GRCh38_CMRG_21964	0.0
GRCh38_CMRG_74747	0.0
GRCh38_CMRG_23762	0.0
GRCh38_CMRG_54773	0.0
GRCh38_CMRG_12635	0.0
GRCh38_CMRG_66120	0.0
GRCh38_CMRG_64961	0.0
GRCh38_CMRG_77310	0.0
GRCh38_CMRG_60495	0.0
GRCh38_CMRG_17911	0.0
GRCh38_CMRG_62563	0.0
GRCh38_CMRG_54339	0.0
GRCh38_CMRG_28134	0.0
GRCh38_CMRG_75577	0.0
GRCh38_CMRG_5957	0.0
GRCh38_CMRG_11643	0.0
GRCh38_CMRG_82352	0.0
GRCh38_CMRG_23971	0.0
GRCh38_CMRG_58209	0.0
GRCh38_CMRG_38580	0.0
GRCh38_CMRG_75191	0.0
GRCh38_CMRG_79263	0.0
GRCh38_CMRG_27014	0.0
GRCh38_CMRG_37253	0.0
GRCh38_CMRG_37083	0.0
GRCh38_CMRG_29105	0.0
GRCh38_CMRG_50894	0.0
GRCh38_CMRG_38030	0.0
GRCh38_CMRG_45201	0.0
GRCh38_CMRG_64675	0.0
GRCh38_CMRG_7739	0.0
GRCh38_CMRG_44389	0.0
GRCh38_CMRG_82521	0.0
GRCh38_CMRG_71899	0.0
GRCh38_CMRG_23723	0.0
GRCh38_CMRG_73181	0.0
GRCh38_CMRG_1388	0.0
GRCh38_CMRG_31992	0.0
GRCh38_CMRG_21128	0.0
GRCh38_CMRG_24811	0.0
GRCh38_CMRG_62595	0.0
GRCh38_CMRG_1936	0.0
GRCh38_CMRG_73112	0.0
GRCh38_CMRG_54300	0.0
GRCh38_CMRG_72680	0.0
GRCh38_CMRG_22860	0.0
GRCh38_CMRG_29178	0.0
GRCh38_CMRG_72673	0.0
GRCh38_CMRG_25773	0.0
GRCh38_CMRG_25045	0.0
GRCh38_CMRG_32323	0.0
GRCh38_CMRG_28451	0.0
GRCh38_CMRG_79909	0.0
GRCh38_CMRG_44982	0.0
GRCh38_CMRG_37509	0.0
GRCh38_CMRG_45791	0.0
GRCh38_CMRG_68300	0.0
GRCh38_CMRG_32533	0.0
GRCh38_CMRG_39654	0.0
GRCh38_CMRG_7110	0.0
GRCh38_CMRG_32831	0.0
GRCh38_CMRG_41122	0.0
GRCh38_CMRG_43952	0.0
GRCh38_CMRG_50225	0.0
GRCh38_CMRG_34193	0.0
GRCh38_CMRG_72165	0.0
GRCh38_CMRG_24607	0.0
GRCh38_CMRG_29806	0.0
GRCh38_CMRG_73900	0.0
GRCh38_CMRG_28181	0.0
GRCh38_CMRG_32380	0.0
GRCh38_CMRG_59751	0.0
GRCh38_CMRG_70561	0.0
GRCh38_CMRG_26223	0.0
GRCh38_CMRG_41581	0.0
GRCh38_CMRG_28164	0.0
GRCh38_CMRG_74413	0.0
GRCh38_CMRG_38097	0.0
GRCh38_CMRG_75419	0.0
GRCh38_CMRG_60570	0.0
GRCh38_CMRG_6001	0.0
GRCh38_CMRG_38068	0.0
GRCh38_CMRG_50848	0.0
GRCh38_CMRG_55236	0.0
GRCh38_CMRG_24695	0.0
GRCh38_CMRG_23864	0.0
GRCh38_CMRG_38206	0.0
GRCh38_CMRG_58663	0.0
GRCh38_CMRG_77486	0.0
GRCh38_CMRG_13602	0.0
GRCh38_CMRG_55089	0.0
GRCh38_CMRG_52614	0.0
GRCh38_CMRG_29119	0.0
GRCh38_CMRG_32607	0.0
GRCh38_CMRG_63587	0.0
GRCh38_CMRG_81203	0.0
GRCh38_CMRG_48762	0.0
GRCh38_CMRG_51693	0.0
GRCh38_CMRG_41546	0.0
GRCh38_CMRG_75584	0.0
GRCh38_CMRG_58686	0.0
GRCh38_CMRG_55540	0.0
GRCh38_CMRG_37671	0.0
GRCh38_CMRG_83853	0.0
GRCh38_CMRG_58091	0.0
GRCh38_CMRG_6349	0.0
GRCh38_CMRG_35887	0.0
GRCh38_CMRG_45441	0.0
GRCh38_CMRG_79773	0.0
GRCh38_CMRG_81533	0.0
GRCh38_CMRG_68125	0.0
GRCh38_CMRG_24069	0.0
GRCh38_CMRG_65108	0.0
GRCh38_CMRG_77001	0.0
GRCh38_CMRG_13678	0.0
GRCh38_CMRG_52931	0.0
GRCh38_CMRG_7866	0.0
GRCh38_CMRG_79891	0.0
GRCh38_CMRG_25229	0.0
GRCh38_CMRG_81558	0.0
GRCh38_CMRG_34479	0.0
GRCh38_CMRG_16937	0.0
GRCh38_CMRG_65119	0.0
GRCh38_CMRG_51957	0.0
GRCh38_CMRG_70847	0.0
GRCh38_CMRG_40214	0.0
GRCh38_CMRG_82479	0.0
GRCh38_CMRG_45228	0.0
GRCh38_CMRG_49101	0.0
GRCh38_CMRG_37624	0.0
GRCh38_CMRG_74248	0.0
GRCh38_CMRG_58289	0.0
GRCh38_CMRG_64253	0.0
GRCh38_CMRG_55664	0.0
GRCh38_CMRG_33843	0.0
GRCh38_CMRG_38956	0.0
GRCh38_CMRG_23585	0.0
GRCh38_CMRG_24624	0.0
GRCh38_CMRG_22760	0.0
GRCh38_CMRG_23152	0.0
GRCh38_CMRG_14729	0.0
GRCh38_CMRG_44920	0.0
GRCh38_CMRG_26905	0.0
GRCh38_CMRG_55836	0.0
GRCh38_CMRG_44927	0.0
GRCh38_CMRG_24325	0.0
GRCh38_CMRG_58473	0.0
GRCh38_CMRG_70549	0.0
GRCh38_CMRG_83111	0.0
GRCh38_CMRG_34563	0.0
GRCh38_CMRG_73680	0.0
GRCh38_CMRG_13207	0.0
GRCh38_CMRG_34004	0.0
GRCh38_CMRG_34493	0.0
GRCh38_CMRG_32429	0.0
GRCh38_CMRG_34138	0.0
GRCh38_CMRG_45126	0.0
GRCh38_CMRG_75087	0.0
GRCh38_CMRG_79499	0.0
GRCh38_CMRG_18890	0.0
GRCh38_CMRG_81604	0.0
GRCh38_CMRG_7985	0.0
GRCh38_CMRG_13312	0.0
GRCh38_CMRG_37116	0.0
GRCh38_CMRG_64646	0.0
GRCh38_CMRG_25875	0.0
GRCh38_CMRG_49353	0.0
GRCh38_CMRG_67703	0.0
GRCh38_CMRG_37007	0.0
GRCh38_CMRG_21347	0.0
GRCh38_CMRG_70712	0.0
GRCh38_CMRG_77322	0.0
GRCh38_CMRG_75634	0.0
GRCh38_CMRG_45545	0.0
GRCh38_CMRG_53	0.0
GRCh38_CMRG_22240	0.0
GRCh38_CMRG_71653	0.0
GRCh38_CMRG_45410	0.0
GRCh38_CMRG_15507	0.0
GRCh38_CMRG_68306	0.0
GRCh38_CMRG_38453	0.0
GRCh38_CMRG_38309	0.0
GRCh38_CMRG_21110	0.0
GRCh38_CMRG_1297	0.0
GRCh38_CMRG_79287	0.0
GRCh38_CMRG_45029	0.0
GRCh38_CMRG_81937	0.0
GRCh38_CMRG_74765	0.0
GRCh38_CMRG_77470	0.0
GRCh38_CMRG_84148	0.0
GRCh38_CMRG_11238	0.0
GRCh38_CMRG_83715	0.0
GRCh38_CMRG_82930	0.0
GRCh38_CMRG_23582	0.0
GRCh38_CMRG_13350	0.0
GRCh38_CMRG_51109	0.0
GRCh38_CMRG_44058	0.0
GRCh38_CMRG_1524	0.0
GRCh38_CMRG_1134	0.0
GRCh38_CMRG_81252	0.0
GRCh38_CMRG_54614	0.0
GRCh38_CMRG_59971	0.0
GRCh38_CMRG_36003	0.0
GRCh38_CMRG_77129	0.0
GRCh38_CMRG_64671	0.0
GRCh38_CMRG_65261	0.0
GRCh38_CMRG_438	0.0
GRCh38_CMRG_24398	0.0
GRCh38_CMRG_9288	0.0
GRCh38_CMRG_60071	0.0
GRCh38_CMRG_6824	0.0
GRCh38_CMRG_23449	0.0
GRCh38_CMRG_80047	0.0
GRCh38_CMRG_10846	0.0
GRCh38_CMRG_48070	0.0
GRCh38_CMRG_54645	0.0
GRCh38_CMRG_20904	0.0
GRCh38_CMRG_45768	0.0
GRCh38_CMRG_14955	0.0
GRCh38_CMRG_42340	0.0
GRCh38_CMRG_46022	0.0
GRCh38_CMRG_9310	0.0
GRCh38_CMRG_19022	0.0
GRCh38_CMRG_607	0.0
GRCh38_CMRG_58843	0.0
GRCh38_CMRG_52920	0.0
GRCh38_CMRG_28553	0.0
GRCh38_CMRG_31257	0.0
GRCh38_CMRG_37102	0.0
GRCh38_CMRG_48823	0.0
GRCh38_CMRG_82523	0.0
GRCh38_CMRG_33002	0.0
GRCh38_CMRG_79315	0.0
GRCh38_CMRG_27022	0.0
GRCh38_CMRG_45256	0.0
GRCh38_CMRG_369	0.0
GRCh38_CMRG_58286	0.0
GRCh38_CMRG_42525	0.0
GRCh38_CMRG_49447	0.0
GRCh38_CMRG_29170	0.0
GRCh38_CMRG_49278	0.0
GRCh38_CMRG_11289	0.0
GRCh38_CMRG_6749	0.0
GRCh38_CMRG_6126	0.0
GRCh38_CMRG_50382	0.0
GRCh38_CMRG_53283	0.0
GRCh38_CMRG_78937	0.0
GRCh38_CMRG_2085	0.0
GRCh38_CMRG_41118	0.0
GRCh38_CMRG_73778	0.0
GRCh38_CMRG_19320	0.0
GRCh38_CMRG_45420	0.0
GRCh38_CMRG_19343	0.0
GRCh38_CMRG_13452	0.0
GRCh38_CMRG_33125	0.0
GRCh38_CMRG_68710	0.0
GRCh38_CMRG_58641	0.0
GRCh38_CMRG_69919	0.0
GRCh38_CMRG_10896	0.0
GRCh38_CMRG_79023	0.0
GRCh38_CMRG_11283	0.0
GRCh38_CMRG_71916	0.0
GRCh38_CMRG_40017	0.0
GRCh38_CMRG_49589	0.0
GRCh38_CMRG_75047	0.0
GRCh38_CMRG_71059	0.0
GRCh38_CMRG_37903	0.0
GRCh38_CMRG_49371	0.0
GRCh38_CMRG_70506	0.0
GRCh38_CMRG_34299	0.0
GRCh38_CMRG_15410	0.0
GRCh38_CMRG_74992	0.0
GRCh38_CMRG_43657	0.0
GRCh38_CMRG_68288	0.0
GRCh38_CMRG_77257	0.0
GRCh38_CMRG_36057	0.0
GRCh38_CMRG_68454	0.0
GRCh38_CMRG_19859	0.0
GRCh38_CMRG_60022	0.0
GRCh38_CMRG_52869	0.0
GRCh38_CMRG_77680	0.0
GRCh38_CMRG_72915	0.0
GRCh38_CMRG_68663	0.0
GRCh38_CMRG_73404	0.0
GRCh38_CMRG_82503	0.0
GRCh38_CMRG_21640	0.0
GRCh38_CMRG_8181	0.0
GRCh38_CMRG_81757	0.0
GRCh38_CMRG_19486	0.0
GRCh38_CMRG_18510	0.0
GRCh38_CMRG_62582	0.0
GRCh38_CMRG_24196	0.0
GRCh38_CMRG_54140	0.0
GRCh38_CMRG_42180	0.0
GRCh38_CMRG_68016	0.0
GRCh38_CMRG_42596	0.0
GRCh38_CMRG_62636	0.0
GRCh38_CMRG_62118	0.0
GRCh38_CMRG_33851	0.0
GRCh38_CMRG_1366	0.0
GRCh38_CMRG_82422	0.0
GRCh38_CMRG_41624	0.0
GRCh38_CMRG_39649	0.0
GRCh38_CMRG_69594	0.0
GRCh38_CMRG_51909	0.0
GRCh38_CMRG_7485	0.0
GRCh38_CMRG_58374	0.0
GRCh38_CMRG_82223	0.0
GRCh38_CMRG_36811	0.0
GRCh38_CMRG_52559	0.0
GRCh38_CMRG_7865	0.0
GRCh38_CMRG_22766	0.0
GRCh38_CMRG_29323	0.0
GRCh38_CMRG_12420	0.0
GRCh38_CMRG_64457	0.0
GRCh38_CMRG_33991	0.0
GRCh38_CMRG_27558	0.0
GRCh38_CMRG_75372	0.0
GRCh38_CMRG_58802	0.0
GRCh38_CMRG_72190	0.0
GRCh38_CMRG_54141	0.0
GRCh38_CMRG_19892	0.0
GRCh38_CMRG_74388	0.0
GRCh38_CMRG_65069	0.0
GRCh38_CMRG_26659	0.0
GRCh38_CMRG_68462	0.0
GRCh38_CMRG_32580	0.0
GRCh38_CMRG_53515	0.0
GRCh38_CMRG_48580	0.0
GRCh38_CMRG_30	0.0
GRCh38_CMRG_36193	0.0
GRCh38_CMRG_7149	0.0
GRCh38_CMRG_33337	0.0
GRCh38_CMRG_17951	0.0
GRCh38_CMRG_11645	0.0
GRCh38_CMRG_71755	0.0
GRCh38_CMRG_24452	0.0
GRCh38_CMRG_5790	0.0
GRCh38_CMRG_51483	0.0
GRCh38_CMRG_72990	0.0
GRCh38_CMRG_13332	0.0
GRCh38_CMRG_59877	0.0
GRCh38_CMRG_74833	0.0
GRCh38_CMRG_32677	0.0
GRCh38_CMRG_30788	0.0
GRCh38_CMRG_2771	0.0
GRCh38_CMRG_76777	0.0
GRCh38_CMRG_23820	0.0
GRCh38_CMRG_23571	0.0
GRCh38_CMRG_47407	0.0
GRCh38_CMRG_43823	0.0
GRCh38_CMRG_17855	0.0
GRCh38_CMRG_74926	0.0
GRCh38_CMRG_39949	0.0
GRCh38_CMRG_63481	0.0
GRCh38_CMRG_50980	0.0
GRCh38_CMRG_18256	0.0
GRCh38_CMRG_53114	0.0
GRCh38_CMRG_79946	0.0
GRCh38_CMRG_23306	0.0
GRCh38_CMRG_23677	0.0
GRCh38_CMRG_47677	0.0
GRCh38_CMRG_65159	0.0
GRCh38_CMRG_49833	0.0
GRCh38_CMRG_70646	0.0
GRCh38_CMRG_35686	0.0
GRCh38_CMRG_58332	0.0
GRCh38_CMRG_60469	0.0
GRCh38_CMRG_17852	0.0
GRCh38_CMRG_37666	0.0
GRCh38_CMRG_72806	0.0
GRCh38_CMRG_7063	0.0
GRCh38_CMRG_65110	0.0
GRCh38_CMRG_68982	0.0
GRCh38_CMRG_68414	0.0
GRCh38_CMRG_15098	0.0
GRCh38_CMRG_52726	0.0
GRCh38_CMRG_72612	0.0
GRCh38_CMRG_13410	0.0
GRCh38_CMRG_55578	0.0
GRCh38_CMRG_24397	0.0
GRCh38_CMRG_23911	0.0
GRCh38_CMRG_72930	0.0
GRCh38_CMRG_77647	0.0
GRCh38_CMRG_32923	0.0
GRCh38_CMRG_19790	0.0
GRCh38_CMRG_1038	0.0
GRCh38_CMRG_68580	0.0
GRCh38_CMRG_68309	0.0
GRCh38_CMRG_45858	0.0
GRCh38_CMRG_29733	0.0
GRCh38_CMRG_44473	0.0
GRCh38_CMRG_72671	0.0
GRCh38_CMRG_72234	0.0
GRCh38_CMRG_24235	0.0
GRCh38_CMRG_80986	0.0
GRCh38_CMRG_13746	0.0
GRCh38_CMRG_44772	0.0
GRCh38_CMRG_9707	0.0
GRCh38_CMRG_17859	0.0
GRCh38_CMRG_14893	0.0
GRCh38_CMRG_6113	0.0
GRCh38_CMRG_74466	0.0
GRCh38_CMRG_64899	0.0
GRCh38_CMRG_78	0.0
GRCh38_CMRG_12053	0.0
GRCh38_CMRG_54694	0.0
GRCh38_CMRG_23763	0.0
GRCh38_CMRG_34303	0.0
GRCh38_CMRG_24299	0.0
GRCh38_CMRG_77480	0.0
GRCh38_CMRG_59482	0.0
GRCh38_CMRG_33365	0.0
GRCh38_CMRG_36735	0.0
GRCh38_CMRG_13675	0.0
GRCh38_CMRG_60389	0.0
GRCh38_CMRG_67707	0.0
GRCh38_CMRG_84443	0.0
GRCh38_CMRG_19286	0.0
GRCh38_CMRG_55528	0.0
GRCh38_CMRG_81870	0.0
GRCh38_CMRG_59423	0.0
GRCh38_CMRG_81758	0.0
GRCh38_CMRG_82505	0.0
GRCh38_CMRG_72179	0.0
GRCh38_CMRG_6518	0.0
GRCh38_CMRG_35965	0.0
GRCh38_CMRG_74180	0.0
GRCh38_CMRG_392	0.0
GRCh38_CMRG_59306	0.0
GRCh38_CMRG_53032	0.0
GRCh38_CMRG_82678	0.0
GRCh38_CMRG_25918	0.0
GRCh38_CMRG_81666	0.0
GRCh38_CMRG_34469	0.0
GRCh38_CMRG_1771	0.0
GRCh38_CMRG_37507	0.0
GRCh38_CMRG_50989	0.0
GRCh38_CMRG_50184	0.0
GRCh38_CMRG_59420	0.0
GRCh38_CMRG_1557	0.0
GRCh38_CMRG_59566	0.0
GRCh38_CMRG_69052	0.0
GRCh38_CMRG_72639	0.0
GRCh38_CMRG_70240	0.0
GRCh38_CMRG_59473	0.0
GRCh38_CMRG_12078	0.0
GRCh38_CMRG_51460	0.0
GRCh38_CMRG_6930	0.0
GRCh38_CMRG_52745	0.0
GRCh38_CMRG_18568	0.0
GRCh38_CMRG_36864	0.0
GRCh38_CMRG_62576	0.0
GRCh38_CMRG_27868	0.0
GRCh38_CMRG_6673	0.0
GRCh38_CMRG_69893	0.0
GRCh38_CMRG_50846	0.0
GRCh38_CMRG_77567	0.0
GRCh38_CMRG_31937	0.0
GRCh38_CMRG_36476	0.0
GRCh38_CMRG_82236	0.0
GRCh38_CMRG_14586	0.0
GRCh38_CMRG_21629	0.0
GRCh38_CMRG_36293	0.0
GRCh38_CMRG_14368	0.0
GRCh38_CMRG_29017	0.0
GRCh38_CMRG_54142	0.0
GRCh38_CMRG_60646	0.0
GRCh38_CMRG_58367	0.0
GRCh38_CMRG_19967	0.0
GRCh38_CMRG_82431	0.0
GRCh38_CMRG_24031	0.0
GRCh38_CMRG_31865	0.0
GRCh38_CMRG_64917	0.0
GRCh38_CMRG_44346	0.0
GRCh38_CMRG_32736	0.0
GRCh38_CMRG_63275	0.0
GRCh38_CMRG_68381	0.0
GRCh38_CMRG_8214	0.0
GRCh38_CMRG_17848	0.0
GRCh38_CMRG_77576	0.0
GRCh38_CMRG_32775	0.0
GRCh38_CMRG_52902	0.0
GRCh38_CMRG_39526	0.0
GRCh38_CMRG_64960	0.0
GRCh38_CMRG_82903	0.0
GRCh38_CMRG_46497	0.0
GRCh38_CMRG_43998	0.0
GRCh38_CMRG_45219	0.0
GRCh38_CMRG_10733	0.0
GRCh38_CMRG_52360	0.0
GRCh38_CMRG_32733	0.0
GRCh38_CMRG_74018	0.0
GRCh38_CMRG_82277	0.0
GRCh38_CMRG_7674	0.0
GRCh38_CMRG_75079	0.0
GRCh38_CMRG_363	0.0
GRCh38_CMRG_35757	0.0
GRCh38_CMRG_67750	0.0
GRCh38_CMRG_18595	0.0
GRCh38_CMRG_47931	0.0
GRCh38_CMRG_59554	0.0
GRCh38_CMRG_21213	0.0
GRCh38_CMRG_49899	0.0
GRCh38_CMRG_23776	0.0
GRCh38_CMRG_14700	0.0
GRCh38_CMRG_41244	0.0
GRCh38_CMRG_49509	0.0
GRCh38_CMRG_2610	0.0
GRCh38_CMRG_31996	0.0
GRCh38_CMRG_41764	0.0
GRCh38_CMRG_50218	0.0
GRCh38_CMRG_68844	0.0
GRCh38_CMRG_13835	0.0
GRCh38_CMRG_72064	0.0
GRCh38_CMRG_32179	0.0
GRCh38_CMRG_60394	0.0
GRCh38_CMRG_34300	0.0
GRCh38_CMRG_44109	0.0
GRCh38_CMRG_73929	0.0
GRCh38_CMRG_41213	0.0
GRCh38_CMRG_75090	0.0
GRCh38_CMRG_58709	0.0
GRCh38_CMRG_18891	0.0
GRCh38_CMRG_82556	0.0
GRCh38_CMRG_23339	0.0
GRCh38_CMRG_69340	0.0
GRCh38_CMRG_74536	0.0
GRCh38_CMRG_45217	0.0
GRCh38_CMRG_53330	0.0
GRCh38_CMRG_8684	0.0
GRCh38_CMRG_24106	0.0
GRCh38_CMRG_58340	0.0
GRCh38_CMRG_16477	0.0
GRCh38_CMRG_22358	0.0
GRCh38_CMRG_79981	0.0
GRCh38_CMRG_38488	0.0
GRCh38_CMRG_75078	0.0
GRCh38_CMRG_23393	0.0
GRCh38_CMRG_72697	0.0
GRCh38_CMRG_55390	0.0
GRCh38_CMRG_45185	0.0
GRCh38_CMRG_11101	0.0
GRCh38_CMRG_37904	0.0
GRCh38_CMRG_19122	0.0
GRCh38_CMRG_82796	0.0
GRCh38_CMRG_24603	0.0
GRCh38_CMRG_33263	0.0
GRCh38_CMRG_12457	0.0
GRCh38_CMRG_23853	0.0
GRCh38_CMRG_41855	0.0
GRCh38_CMRG_2799	0.0
GRCh38_CMRG_49635	0.0
GRCh38_CMRG_50200	0.0
GRCh38_CMRG_82606	0.0
GRCh38_CMRG_8190	0.0
GRCh38_CMRG_45261	0.0
GRCh38_CMRG_41	0.0
GRCh38_CMRG_6948	0.0
GRCh38_CMRG_11839	0.0
GRCh38_CMRG_79944	0.0
GRCh38_CMRG_10724	0.0
GRCh38_CMRG_64967	0.0
GRCh38_CMRG_79618	0.0
GRCh38_CMRG_40437	0.0
GRCh38_CMRG_82782	0.0
GRCh38_CMRG_73347	0.0
GRCh38_CMRG_10878	0.0
GRCh38_CMRG_35684	0.0
GRCh38_CMRG_12616	0.0
GRCh38_CMRG_27790	0.0
GRCh38_CMRG_38313	0.0
GRCh38_CMRG_23127	0.0
GRCh38_CMRG_38047	0.0
GRCh38_CMRG_50098	0.0
GRCh38_CMRG_70059	0.0
GRCh38_CMRG_36473	0.0
GRCh38_CMRG_53150	0.0
GRCh38_CMRG_553	0.0
GRCh38_CMRG_28310	0.0
GRCh38_CMRG_64963	0.0
GRCh38_CMRG_18904	0.0
GRCh38_CMRG_29058	0.0
GRCh38_CMRG_77141	0.0
GRCh38_CMRG_49377	0.0
GRCh38_CMRG_59100	0.0
GRCh38_CMRG_22168	0.0
GRCh38_CMRG_84143	0.0
GRCh38_CMRG_71331	0.0
GRCh38_CMRG_67118	0.0
GRCh38_CMRG_75053	0.0
GRCh38_CMRG_17091	0.0
GRCh38_CMRG_8103	0.0
GRCh38_CMRG_8946	0.0
GRCh38_CMRG_14075	0.0
GRCh38_CMRG_39418	0.0
GRCh38_CMRG_38229	0.0
GRCh38_CMRG_71186	0.0
GRCh38_CMRG_18609	0.0
GRCh38_CMRG_38740	0.0
GRCh38_CMRG_30874	0.0
GRCh38_CMRG_25820	0.0
GRCh38_CMRG_29179	0.0
GRCh38_CMRG_6896	0.0
GRCh38_CMRG_38058	0.0
GRCh38_CMRG_82665	0.0
GRCh38_CMRG_64252	0.0
GRCh38_CMRG_33317	0.0
GRCh38_CMRG_83276	0.0
GRCh38_CMRG_79999	0.0
GRCh38_CMRG_65692	0.0
GRCh38_CMRG_73456	0.0
GRCh38_CMRG_1332	0.0
GRCh38_CMRG_60610	0.0
GRCh38_CMRG_53185	0.0
GRCh38_CMRG_37421	0.0
GRCh38_CMRG_12077	0.0
GRCh38_CMRG_50588	0.0
GRCh38_CMRG_72571	0.0
GRCh38_CMRG_7346	0.0
GRCh38_CMRG_64479	0.0
GRCh38_CMRG_33598	0.0
GRCh38_CMRG_74165	0.0
GRCh38_CMRG_160	0.0
GRCh38_CMRG_25973	0.0
GRCh38_CMRG_69675	0.0
GRCh38_CMRG_47799	0.0
GRCh38_CMRG_68428	0.0
GRCh38_CMRG_82407	0.0
GRCh38_CMRG_81202	0.0
GRCh38_CMRG_41018	0.0
GRCh38_CMRG_67115	0.0
GRCh38_CMRG_21757	0.0
GRCh38_CMRG_82404	0.0
GRCh38_CMRG_17392	0.0
GRCh38_CMRG_65584	0.0
GRCh38_CMRG_9605	0.0
GRCh38_CMRG_13502	0.0
GRCh38_CMRG_28432	0.0
GRCh38_CMRG_79852	0.0
GRCh38_CMRG_37263	0.0
GRCh38_CMRG_38073	0.0
GRCh38_CMRG_50595	0.0
GRCh38_CMRG_63266	0.0
GRCh38_CMRG_72035	0.0
GRCh38_CMRG_58710	0.0
GRCh38_CMRG_77613	0.0
GRCh38_CMRG_33107	0.0
GRCh38_CMRG_63354	0.0
GRCh38_CMRG_24582	0.0
GRCh38_CMRG_708	0.0
GRCh38_CMRG_19816	0.0
GRCh38_CMRG_68865	0.0
GRCh38_CMRG_81662	0.0
GRCh38_CMRG_73462	0.0
GRCh38_CMRG_63992	0.0
GRCh38_CMRG_23370	0.0
GRCh38_CMRG_22555	0.0
GRCh38_CMRG_13118	0.0
GRCh38_CMRG_31988	0.0
GRCh38_CMRG_21223	0.0
GRCh38_CMRG_73100	0.0
GRCh38_CMRG_1258	0.0
GRCh38_CMRG_7646	0.0
GRCh38_CMRG_18996	0.0
GRCh38_CMRG_67679	0.0
GRCh38_CMRG_46624	0.0
GRCh38_CMRG_71897	0.0
GRCh38_CMRG_38998	0.0
GRCh38_CMRG_54198	0.0
GRCh38_CMRG_36354	0.0
GRCh38_CMRG_55090	0.0
GRCh38_CMRG_53389	0.0
GRCh38_CMRG_7864	0.0
GRCh38_CMRG_23980	0.0
GRCh38_CMRG_11267	0.0
GRCh38_CMRG_76841	0.0
GRCh38_CMRG_74684	0.0
GRCh38_CMRG_45383	0.0
GRCh38_CMRG_55430	0.0
GRCh38_CMRG_76845	0.0
GRCh38_CMRG_43999	0.0
GRCh38_CMRG_45510	0.0
GRCh38_CMRG_32860	0.0
GRCh38_CMRG_22788	0.0
GRCh38_CMRG_45381	0.0
GRCh38_CMRG_49541	0.0
GRCh38_CMRG_24151	0.0
GRCh38_CMRG_41524	0.0
GRCh38_CMRG_47024	0.0
GRCh38_CMRG_35816	0.0
GRCh38_CMRG_39864	0.0
GRCh38_CMRG_40399	0.0
GRCh38_CMRG_18317	0.0
GRCh38_CMRG_79141	0.0
GRCh38_CMRG_82074	0.0
GRCh38_CMRG_72124	0.0
GRCh38_CMRG_49156	0.0
GRCh38_CMRG_68240	0.0
GRCh38_CMRG_33703	0.0
GRCh38_CMRG_6185	0.0
GRCh38_CMRG_33534	0.0
GRCh38_CMRG_71881	0.0
GRCh38_CMRG_49957	0.0
GRCh38_CMRG_26375	0.0
GRCh38_CMRG_81571	0.0
GRCh38_CMRG_73930	0.0
GRCh38_CMRG_41959	0.0
GRCh38_CMRG_28421	0.0
GRCh38_CMRG_47009	0.0
GRCh38_CMRG_73834	0.0
GRCh38_CMRG_55723	0.0
GRCh38_CMRG_6492	0.0
GRCh38_CMRG_66062	0.0
GRCh38_CMRG_68252	0.0
GRCh38_CMRG_60445	0.0
GRCh38_CMRG_18251	0.0
GRCh38_CMRG_60040	0.0
GRCh38_CMRG_48075	0.0
GRCh38_CMRG_550	0.0
GRCh38_CMRG_38809	0.0
GRCh38_CMRG_7296	0.0
GRCh38_CMRG_77188	0.0
GRCh38_CMRG_37515	0.0
GRCh38_CMRG_58441	0.0
GRCh38_CMRG_33168	0.0
GRCh38_CMRG_71816	0.0
GRCh38_CMRG_39528	0.0
GRCh38_CMRG_65329	0.0
GRCh38_CMRG_19162	0.0
GRCh38_CMRG_81794	0.0
GRCh38_CMRG_24788	0.0
GRCh38_CMRG_81859	0.0
GRCh38_CMRG_68235	0.0
GRCh38_CMRG_10793	0.0
GRCh38_CMRG_48996	0.0
GRCh38_CMRG_70468	0.0
GRCh38_CMRG_82260	0.0
GRCh38_CMRG_45105	0.0
GRCh38_CMRG_29340	0.0
GRCh38_CMRG_72	0.0
GRCh38_CMRG_46481	0.0
GRCh38_CMRG_14445	0.0
GRCh38_CMRG_28192	0.0
GRCh38_CMRG_63270	0.0
GRCh38_CMRG_18800	0.0
GRCh38_CMRG_72502	0.0
GRCh38_CMRG_69061	0.0
GRCh38_CMRG_79931	0.0
GRCh38_CMRG_47678	0.0
GRCh38_CMRG_68575	0.0
GRCh38_CMRG_24339	0.0
GRCh38_CMRG_9286	0.0
GRCh38_CMRG_27298	0.0
GRCh38_CMRG_16789	0.0
GRCh38_CMRG_48786	0.0
GRCh38_CMRG_31297	0.0
GRCh38_CMRG_27471	0.0
GRCh38_CMRG_72692	0.0
GRCh38_CMRG_14149	0.0
GRCh38_CMRG_45813	0.0
GRCh38_CMRG_8788	0.0
GRCh38_CMRG_29339	0.0
GRCh38_CMRG_23942	0.0
GRCh38_CMRG_52428	0.0
GRCh38_CMRG_32879	0.0
GRCh38_CMRG_23555	0.0
GRCh38_CMRG_13783	0.0
GRCh38_CMRG_38152	0.0
GRCh38_CMRG_1235	0.0
GRCh38_CMRG_28604	0.0
GRCh38_CMRG_55163	0.0
GRCh38_CMRG_74343	0.0
GRCh38_CMRG_23710	0.0
GRCh38_CMRG_82307	0.0
GRCh38_CMRG_33089	0.0
GRCh38_CMRG_40311	0.0
GRCh38_CMRG_28031	0.0
GRCh38_CMRG_43655	0.0
GRCh38_CMRG_855	0.0
GRCh38_CMRG_8215	0.0
GRCh38_CMRG_79030	0.0
GRCh38_CMRG_28331	0.0
GRCh38_CMRG_19306	0.0
GRCh38_CMRG_2081	0.0
GRCh38_CMRG_73287	0.0
GRCh38_CMRG_37245	0.0
GRCh38_CMRG_37785	0.0
GRCh38_CMRG_55143	0.0
GRCh38_CMRG_72767	0.0
GRCh38_CMRG_38128	0.0
GRCh38_CMRG_49576	0.0
GRCh38_CMRG_39514	0.0
GRCh38_CMRG_70787	0.0
GRCh38_CMRG_75025	0.0
GRCh38_CMRG_2506	0.0
GRCh38_CMRG_83881	0.0
GRCh38_CMRG_5815	0.0
GRCh38_CMRG_50589	0.0
GRCh38_CMRG_32887	0.0
GRCh38_CMRG_29664	0.0
GRCh38_CMRG_50333	0.0
GRCh38_CMRG_82318	0.0
GRCh38_CMRG_72285	0.0
GRCh38_CMRG_52925	0.0
GRCh38_CMRG_64798	0.0
GRCh38_CMRG_7996	0.0
GRCh38_CMRG_71380	0.0
GRCh38_CMRG_18099	0.0
GRCh38_CMRG_48828	0.0
GRCh38_CMRG_26650	0.0
GRCh38_CMRG_82127	0.0
GRCh38_CMRG_32436	0.0
GRCh38_CMRG_44994	0.0
GRCh38_CMRG_46633	0.0
GRCh38_CMRG_52310	0.0
GRCh38_CMRG_72431	0.0
GRCh38_CMRG_83381	0.0
GRCh38_CMRG_82817	0.0
GRCh38_CMRG_23586	0.0
GRCh38_CMRG_34575	0.0
GRCh38_CMRG_62611	0.0
GRCh38_CMRG_83215	0.0
GRCh38_CMRG_11122	0.0
GRCh38_CMRG_32291	0.0
GRCh38_CMRG_15551	0.0
GRCh38_CMRG_65227	0.0
GRCh38_CMRG_32922	0.0
GRCh38_CMRG_42115	0.0
GRCh38_CMRG_53695	0.0
GRCh38_CMRG_31229	0.0
GRCh38_CMRG_72584	0.0
GRCh38_CMRG_24500	0.0
GRCh38_CMRG_60201	0.0
GRCh38_CMRG_13638	0.0
GRCh38_CMRG_38350	0.0
GRCh38_CMRG_83348	0.0
GRCh38_CMRG_79337	0.0
GRCh38_CMRG_45779	0.0
GRCh38_CMRG_13190	0.0
GRCh38_CMRG_32685	0.0
GRCh38_CMRG_32228	0.0
GRCh38_CMRG_47785	0.0
GRCh38_CMRG_27280	0.0
GRCh38_CMRG_65093	0.0
GRCh38_CMRG_44063	0.0
GRCh38_CMRG_40001	0.0
GRCh38_CMRG_19050	0.0
GRCh38_CMRG_51050	0.0
GRCh38_CMRG_29616	0.0
GRCh38_CMRG_8071	0.0
GRCh38_CMRG_82320	0.0
GRCh38_CMRG_44635	0.0
GRCh38_CMRG_34472	0.0
GRCh38_CMRG_41755	0.0
GRCh38_CMRG_19861	0.0
GRCh38_CMRG_18636	0.0
GRCh38_CMRG_28552	0.0
GRCh38_CMRG_8577	0.0
GRCh38_CMRG_84469	0.0
GRCh38_CMRG_27189	0.0
GRCh38_CMRG_33396	0.0
GRCh38_CMRG_77549	0.0
GRCh38_CMRG_51700	0.0
GRCh38_CMRG_24367	0.0
GRCh38_CMRG_55624	0.0
GRCh38_CMRG_45397	0.0
GRCh38_CMRG_59483	0.0
GRCh38_CMRG_82661	0.0
GRCh38_CMRG_17317	0.0
GRCh38_CMRG_31013	0.0
GRCh38_CMRG_62622	0.0
GRCh38_CMRG_68919	0.0
GRCh38_CMRG_40734	0.0
GRCh38_CMRG_63427	0.0
GRCh38_CMRG_37553	0.0
GRCh38_CMRG_64977	0.0
GRCh38_CMRG_2196	0.0
GRCh38_CMRG_32128	0.0
GRCh38_CMRG_637	0.0
GRCh38_CMRG_40609	0.0
GRCh38_CMRG_17147	0.0
GRCh38_CMRG_62465	0.0
GRCh38_CMRG_68323	0.0
GRCh38_CMRG_79641	0.0
GRCh38_CMRG_42028	0.0
GRCh38_CMRG_38257	0.0
GRCh38_CMRG_54736	0.0
GRCh38_CMRG_65105	0.0
GRCh38_CMRG_59257	0.0
GRCh38_CMRG_28146	0.0
GRCh38_CMRG_49834	0.0
GRCh38_CMRG_13798	0.0
GRCh38_CMRG_37714	0.0
GRCh38_CMRG_74843	0.0
GRCh38_CMRG_6979	0.0
GRCh38_CMRG_61102	0.0
GRCh38_CMRG_14169	0.0
GRCh38_CMRG_34571	0.0
GRCh38_CMRG_55083	0.0
GRCh38_CMRG_33426	0.0
GRCh38_CMRG_68463	0.0
GRCh38_CMRG_19543	0.0
GRCh38_CMRG_39089	0.0
GRCh38_CMRG_17064	0.0
GRCh38_CMRG_26997	0.0
GRCh38_CMRG_14028	0.0
GRCh38_CMRG_13566	0.0
GRCh38_CMRG_35737	0.0
GRCh38_CMRG_8925	0.0
GRCh38_CMRG_36657	0.0
GRCh38_CMRG_50793	0.0
GRCh38_CMRG_5763	0.0
GRCh38_CMRG_64861	0.0
GRCh38_CMRG_59147	0.0
GRCh38_CMRG_13673	0.0
GRCh38_CMRG_23611	0.0
GRCh38_CMRG_52725	0.0
GRCh38_CMRG_43607	0.0
GRCh38_CMRG_18393	0.0
GRCh38_CMRG_68351	0.0
GRCh38_CMRG_81714	0.0
GRCh38_CMRG_32551	0.0
GRCh38_CMRG_44360	0.0
GRCh38_CMRG_36806	0.0
GRCh38_CMRG_6002	0.0
GRCh38_CMRG_50365	0.0
GRCh38_CMRG_58239	0.0
GRCh38_CMRG_23599	0.0
GRCh38_CMRG_22230	0.0
GRCh38_CMRG_69353	0.0
GRCh38_CMRG_68859	0.0
GRCh38_CMRG_17452	0.0
GRCh38_CMRG_67783	0.0
GRCh38_CMRG_73188	0.0
GRCh38_CMRG_26940	0.0
GRCh38_CMRG_13784	0.0
GRCh38_CMRG_53676	0.0
GRCh38_CMRG_67034	0.0
GRCh38_CMRG_6354	0.0
GRCh38_CMRG_82110	0.0
GRCh38_CMRG_81674	0.0
GRCh38_CMRG_23937	0.0
GRCh38_CMRG_9453	0.0
GRCh38_CMRG_32825	0.0
GRCh38_CMRG_39401	0.0
GRCh38_CMRG_34054	0.0
GRCh38_CMRG_70505	0.0
GRCh38_CMRG_36658	0.0
GRCh38_CMRG_47058	0.0
GRCh38_CMRG_45512	0.0
GRCh38_CMRG_21207	0.0
GRCh38_CMRG_816	0.0
GRCh38_CMRG_12480	0.0
GRCh38_CMRG_38385	0.0
GRCh38_CMRG_82792	0.0
GRCh38_CMRG_70412	0.0
GRCh38_CMRG_73691	0.0
GRCh38_CMRG_10850	0.0
GRCh38_CMRG_80686	0.0
GRCh38_CMRG_49583	0.0
GRCh38_CMRG_66959	0.0
GRCh38_CMRG_77469	0.0
GRCh38_CMRG_1697	0.0
GRCh38_CMRG_79977	0.0
GRCh38_CMRG_32620	0.0
GRCh38_CMRG_24185	0.0
GRCh38_CMRG_38547	0.0
GRCh38_CMRG_14102	0.0
GRCh38_CMRG_33685	0.0
GRCh38_CMRG_55690	0.0
GRCh38_CMRG_82490	0.0
GRCh38_CMRG_70759	0.0
GRCh38_CMRG_61097	0.0
GRCh38_CMRG_27080	0.0
GRCh38_CMRG_43746	0.0
GRCh38_CMRG_44259	0.0
GRCh38_CMRG_15120	0.0
GRCh38_CMRG_32647	0.0
GRCh38_CMRG_10881	0.0
GRCh38_CMRG_79450	0.0
GRCh38_CMRG_44838	0.0
GRCh38_CMRG_10633	0.0
GRCh38_CMRG_63901	0.0
GRCh38_CMRG_83100	0.0
GRCh38_CMRG_82656	0.0
GRCh38_CMRG_29596	0.0
GRCh38_CMRG_37492	0.0
GRCh38_CMRG_46566	0.0
GRCh38_CMRG_6456	0.0
GRCh38_CMRG_67929	0.0
GRCh38_CMRG_19402	0.0
GRCh38_CMRG_65782	0.0
GRCh38_CMRG_72637	0.0
GRCh38_CMRG_54507	0.0
GRCh38_CMRG_31088	0.0
GRCh38_CMRG_24387	0.0
GRCh38_CMRG_50274	0.0
GRCh38_CMRG_7189	0.0
GRCh38_CMRG_74807	0.0
GRCh38_CMRG_54957	0.0
GRCh38_CMRG_397	0.0
GRCh38_CMRG_79895	0.0
GRCh38_CMRG_28559	0.0
GRCh38_CMRG_23503	0.0
GRCh38_CMRG_150	0.0
GRCh38_CMRG_24579	0.0
GRCh38_CMRG_9387	0.0
GRCh38_CMRG_48399	0.0
GRCh38_CMRG_43902	0.0
GRCh38_CMRG_54770	0.0
GRCh38_CMRG_13057	0.0
GRCh38_CMRG_63889	0.0
GRCh38_CMRG_68831	0.0
GRCh38_CMRG_61456	0.0
GRCh38_CMRG_23619	0.0
GRCh38_CMRG_59976	0.0
GRCh38_CMRG_8225	0.0
GRCh38_CMRG_24605	0.0
GRCh38_CMRG_14126	0.0
GRCh38_CMRG_44347	0.0
GRCh38_CMRG_49288	0.0
GRCh38_CMRG_64250	0.0
GRCh38_CMRG_13443	0.0
GRCh38_CMRG_48530	0.0
GRCh38_CMRG_77169	0.0
GRCh38_CMRG_82900	0.0
GRCh38_CMRG_52744	0.0
GRCh38_CMRG_8954	0.0
GRCh38_CMRG_51004	0.0
GRCh38_CMRG_70229	0.0
GRCh38_CMRG_79832	0.0
GRCh38_CMRG_41113	0.0
GRCh38_CMRG_32853	0.0
GRCh38_CMRG_81771	0.0
GRCh38_CMRG_40366	0.0
GRCh38_CMRG_73479	0.0
GRCh38_CMRG_29320	0.0
GRCh38_CMRG_29952	0.0
GRCh38_CMRG_21003	0.0
GRCh38_CMRG_48137	0.0
GRCh38_CMRG_2955	0.0
GRCh38_CMRG_23107	0.0
GRCh38_CMRG_15589	0.0
GRCh38_CMRG_36419	0.0
GRCh38_CMRG_24889	0.0
GRCh38_CMRG_59449	0.0
GRCh38_CMRG_14540	0.0
GRCh38_CMRG_60781	0.0
GRCh38_CMRG_63813	0.0
GRCh38_CMRG_58174	0.0
GRCh38_CMRG_18313	0.0
GRCh38_CMRG_69936	0.0
GRCh38_CMRG_74160	0.0
GRCh38_CMRG_81258	0.0
GRCh38_CMRG_43922	0.0
GRCh38_CMRG_41527	0.0
GRCh38_CMRG_49506	0.0
GRCh38_CMRG_60083	0.0
GRCh38_CMRG_65693	0.0
GRCh38_CMRG_1019	0.0
GRCh38_CMRG_28052	0.0
GRCh38_CMRG_32092	0.0
GRCh38_CMRG_52796	0.0
GRCh38_CMRG_37826	0.0
GRCh38_CMRG_82731	0.0
GRCh38_CMRG_64874	0.0
GRCh38_CMRG_32259	0.0
GRCh38_CMRG_23382	0.0
GRCh38_CMRG_82589	0.0
GRCh38_CMRG_22312	0.0
GRCh38_CMRG_21236	0.0
GRCh38_CMRG_30880	0.0
GRCh38_CMRG_44841	0.0
GRCh38_CMRG_2051	0.0
GRCh38_CMRG_71951	0.0
GRCh38_CMRG_28314	0.0
GRCh38_CMRG_132	0.0
GRCh38_CMRG_29900	0.0
GRCh38_CMRG_14654	0.0
GRCh38_CMRG_49303	0.0
GRCh38_CMRG_60086	0.0
GRCh38_CMRG_14543	0.0
GRCh38_CMRG_58697	0.0
GRCh38_CMRG_16771	0.0
GRCh38_CMRG_33241	0.0
GRCh38_CMRG_65802	0.0
GRCh38_CMRG_63441	0.0
GRCh38_CMRG_12693	0.0
GRCh38_CMRG_64873	0.0
GRCh38_CMRG_76795	0.0
GRCh38_CMRG_17782	0.0
GRCh38_CMRG_67994	0.0
GRCh38_CMRG_25924	0.0
GRCh38_CMRG_22776	0.0
GRCh38_CMRG_68296	0.0
GRCh38_CMRG_10687	0.0
GRCh38_CMRG_82296	0.0
GRCh38_CMRG_38957	0.0
GRCh38_CMRG_48899	0.0
GRCh38_CMRG_40478	0.0
GRCh38_CMRG_40246	0.0
GRCh38_CMRG_82465	0.0
GRCh38_CMRG_9200	0.0
GRCh38_CMRG_69929	0.0
GRCh38_CMRG_23685	0.0
GRCh38_CMRG_59281	0.0
GRCh38_CMRG_40080	0.0
GRCh38_CMRG_58379	0.0
GRCh38_CMRG_74342	0.0
GRCh38_CMRG_67689	0.0
GRCh38_CMRG_17343	0.0
GRCh38_CMRG_7883	0.0
GRCh38_CMRG_71144	0.0
GRCh38_CMRG_65101	0.0
GRCh38_CMRG_12580	0.0
GRCh38_CMRG_65733	0.0
GRCh38_CMRG_52239	0.0
GRCh38_CMRG_37815	0.0
GRCh38_CMRG_11769	0.0
GRCh38_CMRG_28112	0.0
GRCh38_CMRG_1433	0.0
GRCh38_CMRG_45447	0.0
GRCh38_CMRG_149	0.0
GRCh38_CMRG_9088	0.0
GRCh38_CMRG_82769	0.0
GRCh38_CMRG_19077	0.0
GRCh38_CMRG_42256	0.0
GRCh38_CMRG_17631	0.0
GRCh38_CMRG_9496	0.0
GRCh38_CMRG_37933	0.0
GRCh38_CMRG_68399	0.0
GRCh38_CMRG_38571	0.0
GRCh38_CMRG_72441	0.0
GRCh38_CMRG_33669	0.0
GRCh38_CMRG_48073	0.0
GRCh38_CMRG_12992	0.0
GRCh38_CMRG_19623	0.0
GRCh38_CMRG_17805	0.0
GRCh38_CMRG_82494	0.0
GRCh38_CMRG_74550	0.0
GRCh38_CMRG_14903	0.0
GRCh38_CMRG_18470	0.0
GRCh38_CMRG_13355	0.0
GRCh38_CMRG_49621	0.0
GRCh38_CMRG_73137	0.0
GRCh38_CMRG_6462	0.0
GRCh38_CMRG_38139	0.0
GRCh38_CMRG_47638	0.0
GRCh38_CMRG_72125	0.0
GRCh38_CMRG_72927	0.0
GRCh38_CMRG_40741	0.0
GRCh38_CMRG_18939	0.0
GRCh38_CMRG_20841	0.0
GRCh38_CMRG_77596	0.0
GRCh38_CMRG_73062	0.0
GRCh38_CMRG_13691	0.0
GRCh38_CMRG_52200	0.0
GRCh38_CMRG_26714	0.0
GRCh38_CMRG_60414	0.0
GRCh38_CMRG_38505	0.0
GRCh38_CMRG_73308	0.0
GRCh38_CMRG_50384	0.0
GRCh38_CMRG_51199	0.0
GRCh38_CMRG_44922	0.0
GRCh38_CMRG_60390	0.0
GRCh38_CMRG_17775	0.0
GRCh38_CMRG_47910	0.0
GRCh38_CMRG_22973	0.0
GRCh38_CMRG_49404	0.0
GRCh38_CMRG_62457	0.0
GRCh38_CMRG_33062	0.0
GRCh38_CMRG_54185	0.0
GRCh38_CMRG_9511	0.0
GRCh38_CMRG_28131	0.0
GRCh38_CMRG_64251	0.0
GRCh38_CMRG_62093	0.0
GRCh38_CMRG_16980	0.0
GRCh38_CMRG_32412	0.0
GRCh38_CMRG_63241	0.0
GRCh38_CMRG_36376	0.0
GRCh38_CMRG_40523	0.0
GRCh38_CMRG_45394	0.0
GRCh38_CMRG_60421	0.0
GRCh38_CMRG_74921	0.0
GRCh38_CMRG_43881	0.0
GRCh38_CMRG_16997	0.0
GRCh38_CMRG_61665	0.0
GRCh38_CMRG_28701	0.0
GRCh38_CMRG_38322	0.0
GRCh38_CMRG_79380	0.0
GRCh38_CMRG_37854	0.0
GRCh38_CMRG_62299	0.0
GRCh38_CMRG_27495	0.0
GRCh38_CMRG_24899	0.0
GRCh38_CMRG_682	0.0
GRCh38_CMRG_79656	0.0
GRCh38_CMRG_46004	0.0
GRCh38_CMRG_84434	0.0
GRCh38_CMRG_68641	0.0
GRCh38_CMRG_36650	0.0
GRCh38_CMRG_61149	0.0
GRCh38_CMRG_79906	0.0
GRCh38_CMRG_49740	0.0
GRCh38_CMRG_82495	0.0
GRCh38_CMRG_68998	0.0
GRCh38_CMRG_50502	0.0
GRCh38_CMRG_67586	0.0
GRCh38_CMRG_72567	0.0
GRCh38_CMRG_23643	0.0
GRCh38_CMRG_37516	0.0
GRCh38_CMRG_8323	0.0
GRCh38_CMRG_47008	0.0
GRCh38_CMRG_68370	0.0
GRCh38_CMRG_19563	0.0
GRCh38_CMRG_19862	0.0
GRCh38_CMRG_27134	0.0
GRCh38_CMRG_8127	0.0
GRCh38_CMRG_84159	0.0
GRCh38_CMRG_45089	0.0
GRCh38_CMRG_22687	0.0
GRCh38_CMRG_78935	0.0
GRCh38_CMRG_18878	0.0
GRCh38_CMRG_17316	0.0
GRCh38_CMRG_49159	0.0
GRCh38_CMRG_30690	0.0
GRCh38_CMRG_14105	0.0
GRCh38_CMRG_36863	0.0
GRCh38_CMRG_35610	0.0
GRCh38_CMRG_44143	0.0
GRCh38_CMRG_79165	0.0
GRCh38_CMRG_72701	0.0
GRCh38_CMRG_31012	0.0
GRCh38_CMRG_61900	0.0
GRCh38_CMRG_81648	0.0
GRCh38_CMRG_25313	0.0
GRCh38_CMRG_8904	0.0
GRCh38_CMRG_62169	0.0
GRCh38_CMRG_1335	0.0
GRCh38_CMRG_74421	0.0
GRCh38_CMRG_11534	0.0
GRCh38_CMRG_71152	0.0
GRCh38_CMRG_25828	0.0
GRCh38_CMRG_28197	0.0
GRCh38_CMRG_63970	0.0
GRCh38_CMRG_19262	0.0
GRCh38_CMRG_26350	0.0
GRCh38_CMRG_54299	0.0
GRCh38_CMRG_17289	0.0
GRCh38_CMRG_83786	0.0
GRCh38_CMRG_41628	0.0
GRCh38_CMRG_39883	0.0
GRCh38_CMRG_82289	0.0
GRCh38_CMRG_65814	0.0
GRCh38_CMRG_18002	0.0
GRCh38_CMRG_27001	0.0
GRCh38_CMRG_46066	0.0
GRCh38_CMRG_17522	0.0
GRCh38_CMRG_70211	0.0
GRCh38_CMRG_71803	0.0
GRCh38_CMRG_52331	0.0
GRCh38_CMRG_84965	0.0
GRCh38_CMRG_29931	0.0
GRCh38_CMRG_32974	0.0
GRCh38_CMRG_35976	0.0
GRCh38_CMRG_19214	0.0
GRCh38_CMRG_23915	0.0
GRCh38_CMRG_37971	0.0
GRCh38_CMRG_83901	0.0
GRCh38_CMRG_9063	0.0
GRCh38_CMRG_40528	0.0
GRCh38_CMRG_67755	0.0
GRCh38_CMRG_51484	0.0
GRCh38_CMRG_55502	0.0
GRCh38_CMRG_72741	0.0
GRCh38_CMRG_48390	0.0
GRCh38_CMRG_33464	0.0
GRCh38_CMRG_19137	0.0
GRCh38_CMRG_29505	0.0
GRCh38_CMRG_79777	0.0
GRCh38_CMRG_37631	0.0
GRCh38_CMRG_63515	0.0
GRCh38_CMRG_83761	0.0
GRCh38_CMRG_36875	0.0
GRCh38_CMRG_62400	0.0
GRCh38_CMRG_2469	0.0
GRCh38_CMRG_44872	0.0
GRCh38_CMRG_59021	0.0
GRCh38_CMRG_12110	0.0
GRCh38_CMRG_79648	0.0
GRCh38_CMRG_7806	0.0
GRCh38_CMRG_33972	0.0
GRCh38_CMRG_63288	0.0
GRCh38_CMRG_31939	0.0
GRCh38_CMRG_7945	0.0
GRCh38_CMRG_50645	0.0
GRCh38_CMRG_70	0.0
GRCh38_CMRG_13384	0.0
GRCh38_CMRG_48698	0.0
GRCh38_CMRG_27893	0.0
GRCh38_CMRG_30634	0.0
GRCh38_CMRG_32979	0.0
GRCh38_CMRG_13352	0.0
GRCh38_CMRG_70683	0.0
GRCh38_CMRG_21108	0.0
GRCh38_CMRG_31465	0.0
GRCh38_CMRG_65384	0.0
GRCh38_CMRG_77510	0.0
GRCh38_CMRG_82408	0.0
GRCh38_CMRG_77440	0.0
GRCh38_CMRG_25121	0.0
GRCh38_CMRG_69575	0.0
GRCh38_CMRG_72958	0.0
GRCh38_CMRG_12476	0.0
GRCh38_CMRG_58743	0.0
GRCh38_CMRG_44921	0.0
GRCh38_CMRG_28311	0.0
GRCh38_CMRG_64371	0.0
GRCh38_CMRG_68161	0.0
GRCh38_CMRG_72336	0.0
GRCh38_CMRG_13657	0.0
GRCh38_CMRG_22497	0.0
GRCh38_CMRG_52571	0.0
GRCh38_CMRG_76943	0.0
GRCh38_CMRG_68796	0.0
GRCh38_CMRG_53792	0.0
GRCh38_CMRG_25156	0.0
GRCh38_CMRG_48436	0.0
GRCh38_CMRG_16531	0.0
GRCh38_CMRG_83705	0.0
GRCh38_CMRG_32646	0.0
GRCh38_CMRG_83387	0.0
GRCh38_CMRG_77276	0.0
GRCh38_CMRG_23823	0.0
GRCh38_CMRG_60338	0.0
GRCh38_CMRG_54478	0.0
GRCh38_CMRG_68008	0.0
GRCh38_CMRG_71440	0.0
GRCh38_CMRG_49184	0.0
GRCh38_CMRG_7932	0.0
GRCh38_CMRG_70228	0.0
GRCh38_CMRG_48199	0.0
GRCh38_CMRG_635	0.0
GRCh38_CMRG_59465	0.0
GRCh38_CMRG_1247	0.0
GRCh38_CMRG_82809	0.0
GRCh38_CMRG_65549	0.0
GRCh38_CMRG_7455	0.0
GRCh38_CMRG_13639	0.0
GRCh38_CMRG_77558	0.0
GRCh38_CMRG_34608	0.0
GRCh38_CMRG_82281	0.0
GRCh38_CMRG_23452	0.0
GRCh38_CMRG_70087	0.0
GRCh38_CMRG_6146	0.0
GRCh38_CMRG_45616	0.0
GRCh38_CMRG_33276	0.0
GRCh38_CMRG_368	0.0
GRCh38_CMRG_75009	0.0
GRCh38_CMRG_49232	0.0
GRCh38_CMRG_22968	0.0
GRCh38_CMRG_70049	0.0
GRCh38_CMRG_50949	0.0
GRCh38_CMRG_67243	0.0
GRCh38_CMRG_68108	0.0
GRCh38_CMRG_23724	0.0
GRCh38_CMRG_23746	0.0
GRCh38_CMRG_65302	0.0
GRCh38_CMRG_28556	0.0
GRCh38_CMRG_31027	0.0
GRCh38_CMRG_83577	0.0
GRCh38_CMRG_14093	0.0
GRCh38_CMRG_52600	0.0
GRCh38_CMRG_36848	0.0
GRCh38_CMRG_71	0.0
GRCh38_CMRG_22948	0.0
GRCh38_CMRG_8015	0.0
GRCh38_CMRG_38057	0.0
GRCh38_CMRG_36597	0.0
GRCh38_CMRG_43800	0.0
GRCh38_CMRG_55814	0.0
GRCh38_CMRG_47906	0.0
GRCh38_CMRG_79771	0.0
GRCh38_CMRG_74944	0.0
GRCh38_CMRG_6169	0.0
GRCh38_CMRG_83019	0.0
GRCh38_CMRG_20951	0.0
GRCh38_CMRG_23625	0.0
GRCh38_CMRG_42175	0.0
GRCh38_CMRG_54407	0.0
GRCh38_CMRG_79379	0.0
GRCh38_CMRG_14138	0.0
GRCh38_CMRG_79696	0.0
GRCh38_CMRG_106	0.0
GRCh38_CMRG_51983	0.0
GRCh38_CMRG_70071	0.0
GRCh38_CMRG_32021	0.0
GRCh38_CMRG_13526	0.0
GRCh38_CMRG_38523	0.0
GRCh38_CMRG_19174	0.0
GRCh38_CMRG_70216	0.0
GRCh38_CMRG_2925	0.0
GRCh38_CMRG_38370	0.0
GRCh38_CMRG_34422	0.0
GRCh38_CMRG_75128	0.0
GRCh38_CMRG_38953	0.0
GRCh38_CMRG_65054	0.0
GRCh38_CMRG_45755	0.0
GRCh38_CMRG_49632	0.0
GRCh38_CMRG_54139	0.0
GRCh38_CMRG_64978	0.0
GRCh38_CMRG_33260	0.0
GRCh38_CMRG_49294	0.0
GRCh38_CMRG_43980	0.0
GRCh38_CMRG_52001	0.0
GRCh38_CMRG_24410	0.0
GRCh38_CMRG_38054	0.0
GRCh38_CMRG_50945	0.0
GRCh38_CMRG_43631	0.0
GRCh38_CMRG_79663	0.0
GRCh38_CMRG_21663	0.0
GRCh38_CMRG_16497	0.0
GRCh38_CMRG_50652	0.0
GRCh38_CMRG_8237	0.0
GRCh38_CMRG_74903	0.0
GRCh38_CMRG_44345	0.0
GRCh38_CMRG_28705	0.0
GRCh38_CMRG_52903	0.0
GRCh38_CMRG_32911	0.0
GRCh38_CMRG_46125	0.0
GRCh38_CMRG_58168	0.0
GRCh38_CMRG_77546	0.0
GRCh38_CMRG_77719	0.0
GRCh38_CMRG_8575	0.0
GRCh38_CMRG_77108	0.0
GRCh38_CMRG_46163	0.0
GRCh38_CMRG_32650	0.0
GRCh38_CMRG_49417	0.0
GRCh38_CMRG_53798	0.0
GRCh38_CMRG_32454	0.0
GRCh38_CMRG_74222	0.0
GRCh38_CMRG_37177	0.0
GRCh38_CMRG_23410	0.0
GRCh38_CMRG_76931	0.0
GRCh38_CMRG_41217	0.0
GRCh38_CMRG_53363	0.0
GRCh38_CMRG_82719	0.0
GRCh38_CMRG_71422	0.0
GRCh38_CMRG_80969	0.0
GRCh38_CMRG_80988	0.0
GRCh38_CMRG_44880	0.0
GRCh38_CMRG_43801	0.0
GRCh38_CMRG_62242	0.0
GRCh38_CMRG_32296	0.0
GRCh38_CMRG_28946	0.0
GRCh38_CMRG_74438	0.0
GRCh38_CMRG_11039	0.0
GRCh38_CMRG_82160	0.0
GRCh38_CMRG_50946	0.0
GRCh38_CMRG_31901	0.0
GRCh38_CMRG_65212	0.0
GRCh38_CMRG_67718	0.0
GRCh38_CMRG_13357	0.0
GRCh38_CMRG_64678	0.0
GRCh38_CMRG_33093	0.0
GRCh38_CMRG_24366	0.0
GRCh38_CMRG_64647	0.0
GRCh38_CMRG_36189	0.0
GRCh38_CMRG_23666	0.0
GRCh38_CMRG_72801	0.0
GRCh38_CMRG_55384	0.0
GRCh38_CMRG_64511	0.0
GRCh38_CMRG_23447	0.0
GRCh38_CMRG_82604	0.0
GRCh38_CMRG_47459	0.0
GRCh38_CMRG_25897	0.0
GRCh38_CMRG_34476	0.0
GRCh38_CMRG_24271	0.0
GRCh38_CMRG_77496	0.0
GRCh38_CMRG_1050	0.0
GRCh38_CMRG_38406	0.0
GRCh38_CMRG_32834	0.0
GRCh38_CMRG_9346	0.0
GRCh38_CMRG_68258	0.0
GRCh38_CMRG_65550	0.0
GRCh38_CMRG_55596	0.0
GRCh38_CMRG_65298	0.0
GRCh38_CMRG_10867	0.0
GRCh38_CMRG_67712	0.0
GRCh38_CMRG_12943	0.0
GRCh38_CMRG_82464	0.0
GRCh38_CMRG_79890	0.0
GRCh38_CMRG_84498	0.0
GRCh38_CMRG_72986	0.0
GRCh38_CMRG_68345	0.0
GRCh38_CMRG_72544	0.0
GRCh38_CMRG_72361	0.0
GRCh38_CMRG_38359	0.0
GRCh38_CMRG_19267	0.0
GRCh38_CMRG_81964	0.0
GRCh38_CMRG_63449	0.0
GRCh38_CMRG_34778	0.0
GRCh38_CMRG_13192	0.0
GRCh38_CMRG_10595	0.0
GRCh38_CMRG_52713	0.0
GRCh38_CMRG_53823	0.0
GRCh38_CMRG_49461	0.0
GRCh38_CMRG_32901	0.0
GRCh38_CMRG_28974	0.0
GRCh38_CMRG_81567	0.0
GRCh38_CMRG_47399	0.0
GRCh38_CMRG_70803	0.0
GRCh38_CMRG_28510	0.0
GRCh38_CMRG_50973	0.0
GRCh38_CMRG_48809	0.0
GRCh38_CMRG_29482	0.0
GRCh38_CMRG_17005	0.0
GRCh38_CMRG_41307	0.0
GRCh38_CMRG_13193	0.0
GRCh38_CMRG_43816	0.0
GRCh38_CMRG_8227	0.0
GRCh38_CMRG_77073	0.0
GRCh38_CMRG_7135	0.0
GRCh38_CMRG_19081	0.0
GRCh38_CMRG_6776	0.0
GRCh38_CMRG_64709	0.0
GRCh38_CMRG_19053	0.0
GRCh38_CMRG_73843	0.0
GRCh38_CMRG_37250	0.0
GRCh38_CMRG_9304	0.0
GRCh38_CMRG_77421	0.0
GRCh38_CMRG_48921	0.0
GRCh38_CMRG_19071	0.0
GRCh38_CMRG_65758	0.0
GRCh38_CMRG_37585	0.0
GRCh38_CMRG_70022	0.0
GRCh38_CMRG_39592	0.0
GRCh38_CMRG_44697	0.0
GRCh38_CMRG_79485	0.0
GRCh38_CMRG_7721	0.0
GRCh38_CMRG_83559	0.0
GRCh38_CMRG_41308	0.0
GRCh38_CMRG_13432	0.0
GRCh38_CMRG_42157	0.0
GRCh38_CMRG_40909	0.0
GRCh38_CMRG_1746	0.0
GRCh38_CMRG_5776	0.0
GRCh38_CMRG_38205	0.0
GRCh38_CMRG_73144	0.0
GRCh38_CMRG_23594	0.0
GRCh38_CMRG_55151	0.0
GRCh38_CMRG_41584	0.0
GRCh38_CMRG_12198	0.0
GRCh38_CMRG_37952	0.0
GRCh38_CMRG_84447	0.0
GRCh38_CMRG_10977	0.0
GRCh38_CMRG_71772	0.0
GRCh38_CMRG_50257	0.0
GRCh38_CMRG_60037	0.0
GRCh38_CMRG_45057	0.0
GRCh38_CMRG_36899	0.0
GRCh38_CMRG_46014	0.0
GRCh38_CMRG_27440	0.0
GRCh38_CMRG_52342	0.0
GRCh38_CMRG_67296	0.0
GRCh38_CMRG_81729	0.0
GRCh38_CMRG_21805	0.0
GRCh38_CMRG_28894	0.0
GRCh38_CMRG_50542	0.0
GRCh38_CMRG_79038	0.0
GRCh38_CMRG_6190	0.0
GRCh38_CMRG_44690	0.0
GRCh38_CMRG_23720	0.0
GRCh38_CMRG_23898	0.0
GRCh38_CMRG_68910	0.0
GRCh38_CMRG_49277	0.0
GRCh38_CMRG_71036	0.0
GRCh38_CMRG_80782	0.0
GRCh38_CMRG_27171	0.0
GRCh38_CMRG_61134	0.0
GRCh38_CMRG_68138	0.0
GRCh38_CMRG_8040	0.0
GRCh38_CMRG_55727	0.0
GRCh38_CMRG_33648	0.0
GRCh38_CMRG_32610	0.0
GRCh38_CMRG_79102	0.0
GRCh38_CMRG_50265	0.0
GRCh38_CMRG_84576	0.0
GRCh38_CMRG_29146	0.0
GRCh38_CMRG_38417	0.0
GRCh38_CMRG_13537	0.0
GRCh38_CMRG_60170	0.0
GRCh38_CMRG_27821	0.0
GRCh38_CMRG_18552	0.0
GRCh38_CMRG_50610	0.0
GRCh38_CMRG_11759	0.0
GRCh38_CMRG_27150	0.0
GRCh38_CMRG_26761	0.0
GRCh38_CMRG_59461	0.0
GRCh38_CMRG_50934	0.0
GRCh38_CMRG_49150	0.0
GRCh38_CMRG_80950	0.0
GRCh38_CMRG_18420	0.0
GRCh38_CMRG_588	0.0
GRCh38_CMRG_15352	0.0
GRCh38_CMRG_31608	0.0
GRCh38_CMRG_49043	0.0
GRCh38_CMRG_54145	0.0
GRCh38_CMRG_8412	0.0
GRCh38_CMRG_83985	0.0
GRCh38_CMRG_67725	0.0
GRCh38_CMRG_64329	0.0
GRCh38_CMRG_64606	0.0
GRCh38_CMRG_64198	0.0
GRCh38_CMRG_18423	0.0
GRCh38_CMRG_18520	0.0
GRCh38_CMRG_76757	0.0
GRCh38_CMRG_38401	0.0
GRCh38_CMRG_2313	0.0
GRCh38_CMRG_18266	0.0
GRCh38_CMRG_38973	0.0
GRCh38_CMRG_7232	0.0
GRCh38_CMRG_29024	0.0
GRCh38_CMRG_30798	0.0
GRCh38_CMRG_20871	0.0
GRCh38_CMRG_28704	0.0
GRCh38_CMRG_41634	0.0
GRCh38_CMRG_45241	0.0
GRCh38_CMRG_59805	0.0
GRCh38_CMRG_39509	0.0
GRCh38_CMRG_31685	0.0
GRCh38_CMRG_29333	0.0
GRCh38_CMRG_38020	0.0
GRCh38_CMRG_54383	0.0
GRCh38_CMRG_36624	0.0
GRCh38_CMRG_12526	0.0
GRCh38_CMRG_68247	0.0
GRCh38_CMRG_79893	0.0
GRCh38_CMRG_73928	0.0
GRCh38_CMRG_77338	0.0
GRCh38_CMRG_71654	0.0
GRCh38_CMRG_84000	0.0
GRCh38_CMRG_69217	0.0
GRCh38_CMRG_24861	0.0
GRCh38_CMRG_55098	0.0
GRCh38_CMRG_59687	0.0
GRCh38_CMRG_77216	0.0
GRCh38_CMRG_22787	0.0
GRCh38_CMRG_48929	0.0
GRCh38_CMRG_67892	0.0
GRCh38_CMRG_38808	0.0
GRCh38_CMRG_32349	0.0
GRCh38_CMRG_19039	0.0
GRCh38_CMRG_82717	0.0
GRCh38_CMRG_82315	0.0
GRCh38_CMRG_77512	0.0
GRCh38_CMRG_31388	0.0
GRCh38_CMRG_45072	0.0
GRCh38_CMRG_33868	0.0
GRCh38_CMRG_82243	0.0
GRCh38_CMRG_37709	0.0
GRCh38_CMRG_33364	0.0
GRCh38_CMRG_14604	0.0
GRCh38_CMRG_74527	0.0
GRCh38_CMRG_39602	0.0
GRCh38_CMRG_38225	0.0
GRCh38_CMRG_83713	0.0
GRCh38_CMRG_54247	0.0
GRCh38_CMRG_53383	0.0
GRCh38_CMRG_82736	0.0
GRCh38_CMRG_72641	0.0
GRCh38_CMRG_62392	0.0
GRCh38_CMRG_24094	0.0
GRCh38_CMRG_22444	0.0
GRCh38_CMRG_82350	0.0
GRCh38_CMRG_70467	0.0
GRCh38_CMRG_83889	0.0
GRCh38_CMRG_11139	0.0
GRCh38_CMRG_64337	0.0
GRCh38_CMRG_32850	0.0
GRCh38_CMRG_13013	0.0
GRCh38_CMRG_79934	0.0
GRCh38_CMRG_2662	0.0
GRCh38_CMRG_58699	0.0
GRCh38_CMRG_55544	0.0
GRCh38_CMRG_46342	0.0
GRCh38_CMRG_26615	0.0
GRCh38_CMRG_8057	0.0
GRCh38_CMRG_7931	0.0
GRCh38_CMRG_14650	0.0
GRCh38_CMRG_79963	0.0
GRCh38_CMRG_61578	0.0
GRCh38_CMRG_82001	0.0
GRCh38_CMRG_43932	0.0
GRCh38_CMRG_14755	0.0
GRCh38_CMRG_33796	0.0
GRCh38_CMRG_18906	0.0
GRCh38_CMRG_14325	0.0
GRCh38_CMRG_16462	0.0
GRCh38_CMRG_83718	0.0
GRCh38_CMRG_54636	0.0
GRCh38_CMRG_17061	0.0
GRCh38_CMRG_61146	0.0
GRCh38_CMRG_12249	0.0
GRCh38_CMRG_10951	0.0
GRCh38_CMRG_79611	0.0
GRCh38_CMRG_52898	0.0
GRCh38_CMRG_58628	0.0
GRCh38_CMRG_38703	0.0
GRCh38_CMRG_80033	0.0
GRCh38_CMRG_18553	0.0
GRCh38_CMRG_63903	0.0
GRCh38_CMRG_54398	0.0
GRCh38_CMRG_573	0.0
GRCh38_CMRG_37238	0.0
GRCh38_CMRG_82356	0.0
GRCh38_CMRG_52013	0.0
GRCh38_CMRG_79243	0.0
GRCh38_CMRG_9208	0.0
GRCh38_CMRG_11265	0.0
GRCh38_CMRG_14342	0.0
GRCh38_CMRG_10857	0.0
GRCh38_CMRG_1035	0.0
GRCh38_CMRG_34060	0.0
GRCh38_CMRG_11763	0.0
GRCh38_CMRG_19417	0.0
GRCh38_CMRG_81227	0.0
GRCh38_CMRG_44003	0.0
GRCh38_CMRG_2896	0.0
GRCh38_CMRG_45455	0.0
GRCh38_CMRG_23628	0.0
GRCh38_CMRG_58124	0.0
GRCh38_CMRG_37943	0.0
GRCh38_CMRG_48032	0.0
GRCh38_CMRG_59388	0.0
GRCh38_CMRG_23939	0.0
GRCh38_CMRG_60620	0.0
GRCh38_CMRG_33059	0.0
GRCh38_CMRG_71954	0.0
GRCh38_CMRG_18858	0.0
GRCh38_CMRG_2176	0.0
GRCh38_CMRG_27531	0.0
GRCh38_CMRG_19357	0.0
GRCh38_CMRG_81564	0.0
GRCh38_CMRG_70256	0.0
GRCh38_CMRG_25902	0.0
GRCh38_CMRG_84528	0.0
GRCh38_CMRG_68139	0.0
GRCh38_CMRG_74757	0.0
GRCh38_CMRG_18142	0.0
GRCh38_CMRG_19562	0.0
GRCh38_CMRG_40223	0.0
GRCh38_CMRG_48559	0.0
GRCh38_CMRG_27846	0.0
GRCh38_CMRG_82583	0.0
GRCh38_CMRG_36471	0.0
GRCh38_CMRG_65294	0.0
GRCh38_CMRG_33367	0.0
GRCh38_CMRG_65271	0.0
GRCh38_CMRG_33530	0.0
GRCh38_CMRG_402	0.0
GRCh38_CMRG_8097	0.0
GRCh38_CMRG_38053	0.0
GRCh38_CMRG_37808	0.0
GRCh38_CMRG_2608	0.0
GRCh38_CMRG_7742	0.0
GRCh38_CMRG_13770	0.0
GRCh38_CMRG_47671	0.0
GRCh38_CMRG_32379	0.0
GRCh38_CMRG_28180	0.0
GRCh38_CMRG_17936	0.0
GRCh38_CMRG_24298	0.0
GRCh38_CMRG_6365	0.0
GRCh38_CMRG_26038	0.0
GRCh38_CMRG_30674	0.0
GRCh38_CMRG_73	0.0
GRCh38_CMRG_23688	0.0
GRCh38_CMRG_1416	0.0
GRCh38_CMRG_31120	0.0
GRCh38_CMRG_80025	0.0
GRCh38_CMRG_23459	0.0
GRCh38_CMRG_82601	0.0
GRCh38_CMRG_37608	0.0
GRCh38_CMRG_46777	0.0
GRCh38_CMRG_67216	0.0
GRCh38_CMRG_67741	0.0
GRCh38_CMRG_25064	0.0
GRCh38_CMRG_66101	0.0
GRCh38_CMRG_69911	0.0
GRCh38_CMRG_31192	0.0
GRCh38_CMRG_13334	0.0
GRCh38_CMRG_58131	0.0
GRCh38_CMRG_81690	0.0
GRCh38_CMRG_62431	0.0
GRCh38_CMRG_49495	0.0
GRCh38_CMRG_74820	0.0
GRCh38_CMRG_64683	0.0
GRCh38_CMRG_17915	0.0
GRCh38_CMRG_51465	0.0
GRCh38_CMRG_41870	0.0
GRCh38_CMRG_14579	0.0
GRCh38_CMRG_58990	0.0
GRCh38_CMRG_23303	0.0
GRCh38_CMRG_29925	0.0
GRCh38_CMRG_58972	0.0
GRCh38_CMRG_45203	0.0
GRCh38_CMRG_72023	0.0
GRCh38_CMRG_69537	0.0
GRCh38_CMRG_64930	0.0
GRCh38_CMRG_62436	0.0
GRCh38_CMRG_53615	0.0
GRCh38_CMRG_31466	0.0
GRCh38_CMRG_28324	0.0
GRCh38_CMRG_82411	0.0
GRCh38_CMRG_7868	0.0
GRCh38_CMRG_79905	0.0
GRCh38_CMRG_67680	0.0
GRCh38_CMRG_48138	0.0
GRCh38_CMRG_8457	0.0
GRCh38_CMRG_81914	0.0
GRCh38_CMRG_55170	0.0
GRCh38_CMRG_52440	0.0
GRCh38_CMRG_72772	0.0
GRCh38_CMRG_23457	0.0
GRCh38_CMRG_79288	0.0
GRCh38_CMRG_43950	0.0
GRCh38_CMRG_31994	0.0
GRCh38_CMRG_33408	0.0
GRCh38_CMRG_21921	0.0
GRCh38_CMRG_81537	0.0
GRCh38_CMRG_7836	0.0
GRCh38_CMRG_38398	0.0
GRCh38_CMRG_74618	0.0
GRCh38_CMRG_77176	0.0
GRCh38_CMRG_30688	0.0
GRCh38_CMRG_45518	0.0
GRCh38_CMRG_68318	0.0
GRCh38_CMRG_6919	0.0
GRCh38_CMRG_1384	0.0
GRCh38_CMRG_18536	0.0
GRCh38_CMRG_36178	0.0
GRCh38_CMRG_24533	0.0
GRCh38_CMRG_18427	0.0
GRCh38_CMRG_73932	0.0
GRCh38_CMRG_81435	0.0
GRCh38_CMRG_24712	0.0
GRCh38_CMRG_7980	0.0
GRCh38_CMRG_77622	0.0
GRCh38_CMRG_48646	0.0
GRCh38_CMRG_23701	0.0
GRCh38_CMRG_74800	0.0
GRCh38_CMRG_45370	0.0
GRCh38_CMRG_68639	0.0
GRCh38_CMRG_59481	0.0
GRCh38_CMRG_53776	0.0
GRCh38_CMRG_82513	0.0
GRCh38_CMRG_70287	0.0
GRCh38_CMRG_45413	0.0
GRCh38_CMRG_67697	0.0
GRCh38_CMRG_11320	0.0
GRCh38_CMRG_77520	0.0
GRCh38_CMRG_68398	0.0
GRCh38_CMRG_15361	0.0
GRCh38_CMRG_55517	0.0
GRCh38_CMRG_79950	0.0
GRCh38_CMRG_45457	0.0
GRCh38_CMRG_45649	0.0
GRCh38_CMRG_72738	0.0
GRCh38_CMRG_11609	0.0
GRCh38_CMRG_44196	0.0
GRCh38_CMRG_23448	0.0
GRCh38_CMRG_63790	0.0
GRCh38_CMRG_34052	0.0
GRCh38_CMRG_66388	0.0
GRCh38_CMRG_32941	0.0
GRCh38_CMRG_47907	0.0
GRCh38_CMRG_50997	0.0
GRCh38_CMRG_27148	0.0
GRCh38_CMRG_17374	0.0
GRCh38_CMRG_82358	0.0
GRCh38_CMRG_25405	0.0
GRCh38_CMRG_73690	0.0
GRCh38_CMRG_77487	0.0
GRCh38_CMRG_46213	0.0
GRCh38_CMRG_61914	0.0
GRCh38_CMRG_22480	0.0
GRCh38_CMRG_7117	0.0
GRCh38_CMRG_8164	0.0
GRCh38_CMRG_27163	0.0
GRCh38_CMRG_64916	0.0
GRCh38_CMRG_70529	0.0
GRCh38_CMRG_64909	0.0
GRCh38_CMRG_52995	0.0
GRCh38_CMRG_61830	0.0
GRCh38_CMRG_42248	0.0
GRCh38_CMRG_80048	0.0
GRCh38_CMRG_73294	0.0
GRCh38_CMRG_82438	0.0
GRCh38_CMRG_82510	0.0
GRCh38_CMRG_24237	0.0
GRCh38_CMRG_50366	0.0
GRCh38_CMRG_72936	0.0
GRCh38_CMRG_8906	0.0
GRCh38_CMRG_14915	0.0
GRCh38_CMRG_62090	0.0
GRCh38_CMRG_8195	0.0
GRCh38_CMRG_32819	0.0
GRCh38_CMRG_7608	0.0
GRCh38_CMRG_7882	0.0
GRCh38_CMRG_34736	0.0
GRCh38_CMRG_48637	0.0
GRCh38_CMRG_24141	0.0
GRCh38_CMRG_27982	0.0
GRCh38_CMRG_24019	0.0
GRCh38_CMRG_82508	0.0
GRCh38_CMRG_41006	0.0
GRCh38_CMRG_70919	0.0
GRCh38_CMRG_53708	0.0
GRCh38_CMRG_23605	0.0
GRCh38_CMRG_49829	0.0
GRCh38_CMRG_8324	0.0
GRCh38_CMRG_73293	0.0
GRCh38_CMRG_44508	0.0
GRCh38_CMRG_58149	0.0
GRCh38_CMRG_47176	0.0
GRCh38_CMRG_35977	0.0
GRCh38_CMRG_14122	0.0
GRCh38_CMRG_6577	0.0
GRCh38_CMRG_25375	0.0
GRCh38_CMRG_82768	0.0
GRCh38_CMRG_16605	0.0
GRCh38_CMRG_7701	0.0
GRCh38_CMRG_28117	0.0
GRCh38_CMRG_15149	0.0
GRCh38_CMRG_10875	0.0
GRCh38_CMRG_14261	0.0
GRCh38_CMRG_79967	0.0
GRCh38_CMRG_75553	0.0
GRCh38_CMRG_83235	0.0
GRCh38_CMRG_21556	0.0
GRCh38_CMRG_82580	0.0
GRCh38_CMRG_7091	0.0
GRCh38_CMRG_7979	0.0
GRCh38_CMRG_45671	0.0
GRCh38_CMRG_26889	0.0
GRCh38_CMRG_1051	0.0
GRCh38_CMRG_81809	0.0
GRCh38_CMRG_71936	0.0
GRCh38_CMRG_72557	0.0
GRCh38_CMRG_19375	0.0
GRCh38_CMRG_38454	0.0
GRCh38_CMRG_33334	0.0
GRCh38_CMRG_79540	0.0
GRCh38_CMRG_61098	0.0
GRCh38_CMRG_10690	0.0
GRCh38_CMRG_55467	0.0
GRCh38_CMRG_73573	0.0
GRCh38_CMRG_8014	0.0
GRCh38_CMRG_8975	0.0
GRCh38_CMRG_31835	0.0
GRCh38_CMRG_13582	0.0
GRCh38_CMRG_17987	0.0
GRCh38_CMRG_16694	0.0
GRCh38_CMRG_47577	0.0
GRCh38_CMRG_70241	0.0
GRCh38_CMRG_67839	0.0
GRCh38_CMRG_65163	0.0
GRCh38_CMRG_7987	0.0
GRCh38_CMRG_45832	0.0
GRCh38_CMRG_16606	0.0
GRCh38_CMRG_81960	0.0
GRCh38_CMRG_45235	0.0
GRCh38_CMRG_82904	0.0
GRCh38_CMRG_59767	0.0
GRCh38_CMRG_29118	0.0
GRCh38_CMRG_8355	0.0
GRCh38_CMRG_79327	0.0
GRCh38_CMRG_47164	0.0
GRCh38_CMRG_7828	0.0
GRCh38_CMRG_18861	0.0
GRCh38_CMRG_42509	0.0
GRCh38_CMRG_47707	0.0
GRCh38_CMRG_37954	0.0
GRCh38_CMRG_49419	0.0
GRCh38_CMRG_32046	0.0
GRCh38_CMRG_33825	0.0
GRCh38_CMRG_26545	0.0
GRCh38_CMRG_38202	0.0
GRCh38_CMRG_60652	0.0
GRCh38_CMRG_31155	0.0
GRCh38_CMRG_37486	0.0
GRCh38_CMRG_58706	0.0
GRCh38_CMRG_16598	0.0
GRCh38_CMRG_55568	0.0
GRCh38_CMRG_65164	0.0
GRCh38_CMRG_68093	0.0
GRCh38_CMRG_68017	0.0
GRCh38_CMRG_49478	0.0
GRCh38_CMRG_82733	0.0
GRCh38_CMRG_42144	0.0
GRCh38_CMRG_77166	0.0
GRCh38_CMRG_13249	0.0
GRCh38_CMRG_64510	0.0
GRCh38_CMRG_51765	0.0
GRCh38_CMRG_53480	0.0
GRCh38_CMRG_55605	0.0
GRCh38_CMRG_70999	0.0
GRCh38_CMRG_83798	0.0
GRCh38_CMRG_19012	0.0
GRCh38_CMRG_32784	0.0
GRCh38_CMRG_33649	0.0
GRCh38_CMRG_2300	0.0
GRCh38_CMRG_77283	0.0
GRCh38_CMRG_30786	0.0
GRCh38_CMRG_65583	0.0
GRCh38_CMRG_32324	0.0
GRCh38_CMRG_62040	0.0
GRCh38_CMRG_55154	0.0
GRCh38_CMRG_72287	0.0
GRCh38_CMRG_33182	0.0
GRCh38_CMRG_68658	0.0
GRCh38_CMRG_64354	0.0
GRCh38_CMRG_82255	0.0
GRCh38_CMRG_37875	0.0
GRCh38_CMRG_76769	0.0
GRCh38_CMRG_6501	0.0
GRCh38_CMRG_49410	0.0
GRCh38_CMRG_82651	0.0
GRCh38_CMRG_37613	0.0
GRCh38_CMRG_74971	0.0
GRCh38_CMRG_72043	0.0
GRCh38_CMRG_74259	0.0
GRCh38_CMRG_45618	0.0
GRCh38_CMRG_48407	0.0
GRCh38_CMRG_17630	0.0
GRCh38_CMRG_20009	0.0
GRCh38_CMRG_25250	0.0
GRCh38_CMRG_83422	0.0
GRCh38_CMRG_38315	0.0
GRCh38_CMRG_82061	0.0
GRCh38_CMRG_9590	0.0
GRCh38_CMRG_33463	0.0
GRCh38_CMRG_83716	0.0
GRCh38_CMRG_72938	0.0
GRCh38_CMRG_47526	0.0
GRCh38_CMRG_61345	0.0
GRCh38_CMRG_82509	0.0
GRCh38_CMRG_81367	0.0
GRCh38_CMRG_8490	0.0
GRCh38_CMRG_1733	0.0
GRCh38_CMRG_32681	0.0
GRCh38_CMRG_51075	0.0
GRCh38_CMRG_21149	0.0
GRCh38_CMRG_82863	0.0
GRCh38_CMRG_49625	0.0
GRCh38_CMRG_38676	0.0
GRCh38_CMRG_7626	0.0
GRCh38_CMRG_49207	0.0
GRCh38_CMRG_48180	0.0
GRCh38_CMRG_26576	0.0
GRCh38_CMRG_44587	0.0
GRCh38_CMRG_15099	0.0
GRCh38_CMRG_22924	0.0
GRCh38_CMRG_19271	0.0
GRCh38_CMRG_1166	0.0
GRCh38_CMRG_10570	0.0
GRCh38_CMRG_41674	0.0
GRCh38_CMRG_37936	0.0
GRCh38_CMRG_36146	0.0
GRCh38_CMRG_29492	0.0
GRCh38_CMRG_10777	0.0
GRCh38_CMRG_63788	0.0
GRCh38_CMRG_44915	0.0
GRCh38_CMRG_36060	0.0
GRCh38_CMRG_19591	0.0
GRCh38_CMRG_29062	0.0
GRCh38_CMRG_14421	0.0
GRCh38_CMRG_67439	0.0
GRCh38_CMRG_44163	0.0
GRCh38_CMRG_11402	0.0
GRCh38_CMRG_60643	0.0
GRCh38_CMRG_6362	0.0
GRCh38_CMRG_24324	0.0
GRCh38_CMRG_23239	0.0
GRCh38_CMRG_53442	0.0
GRCh38_CMRG_70445	0.0
GRCh38_CMRG_50171	0.0
GRCh38_CMRG_53443	0.0
GRCh38_CMRG_23784	0.0
GRCh38_CMRG_17352	0.0
GRCh38_CMRG_69920	0.0
GRCh38_CMRG_38487	0.0
GRCh38_CMRG_54529	0.0
GRCh38_CMRG_81954	0.0
GRCh38_CMRG_46660	0.0
GRCh38_CMRG_73871	0.0
GRCh38_CMRG_16899	0.0
GRCh38_CMRG_37699	0.0
GRCh38_CMRG_27294	0.0
GRCh38_CMRG_27279	0.0
GRCh38_CMRG_70763	0.0
GRCh38_CMRG_63373	0.0
GRCh38_CMRG_71771	0.0
GRCh38_CMRG_67749	0.0
GRCh38_CMRG_67978	0.0
GRCh38_CMRG_34234	0.0
GRCh38_CMRG_79686	0.0
GRCh38_CMRG_10538	0.0
GRCh38_CMRG_67334	0.0
GRCh38_CMRG_31813	0.0
GRCh38_CMRG_58388	0.0
GRCh38_CMRG_8515	0.0
GRCh38_CMRG_23392	0.0
GRCh38_CMRG_77365	0.0
GRCh38_CMRG_60168	0.0
GRCh38_CMRG_80981	0.0
GRCh38_CMRG_64300	0.0
GRCh38_CMRG_48122	0.0
GRCh38_CMRG_82588	0.0
GRCh38_CMRG_67089	0.0
GRCh38_CMRG_30557	0.0
GRCh38_CMRG_77707	0.0
GRCh38_CMRG_18480	0.0
GRCh38_CMRG_17800	0.0
GRCh38_CMRG_19879	0.0
GRCh38_CMRG_8570	0.0
GRCh38_CMRG_52113	0.0
GRCh38_CMRG_6355	0.0
GRCh38_CMRG_23397	0.0
GRCh38_CMRG_49560	0.0
GRCh38_CMRG_54184	0.0
GRCh38_CMRG_16649	0.0
GRCh38_CMRG_18334	0.0
GRCh38_CMRG_13139	0.0
GRCh38_CMRG_72263	0.0
GRCh38_CMRG_23600	0.0
GRCh38_CMRG_48644	0.0
GRCh38_CMRG_33380	0.0
GRCh38_CMRG_25042	0.0
GRCh38_CMRG_76922	0.0
GRCh38_CMRG_49354	0.0
GRCh38_CMRG_59120	0.0
GRCh38_CMRG_82532	0.0
GRCh38_CMRG_60062	0.0
GRCh38_CMRG_52910	0.0
GRCh38_CMRG_13978	0.0
GRCh38_CMRG_62218	0.0
GRCh38_CMRG_71336	0.0
GRCh38_CMRG_39863	0.0
GRCh38_CMRG_31399	0.0
GRCh38_CMRG_99	0.0
GRCh38_CMRG_29657	0.0
GRCh38_CMRG_28270	0.0
GRCh38_CMRG_32280	0.0
GRCh38_CMRG_79848	0.0
GRCh38_CMRG_37570	0.0
GRCh38_CMRG_19560	0.0
GRCh38_CMRG_70494	0.0
GRCh38_CMRG_8569	0.0
GRCh38_CMRG_69578	0.0
GRCh38_CMRG_8344	0.0
GRCh38_CMRG_54859	0.0
GRCh38_CMRG_37842	0.0
GRCh38_CMRG_70777	0.0
GRCh38_CMRG_79954	0.0
GRCh38_CMRG_17337	0.0
GRCh38_CMRG_84454	0.0
GRCh38_CMRG_49739	0.0
GRCh38_CMRG_60351	0.0
GRCh38_CMRG_11798	0.0
GRCh38_CMRG_32300	0.0
GRCh38_CMRG_36683	0.0
GRCh38_CMRG_24494	0.0
GRCh38_CMRG_9347	0.0
GRCh38_CMRG_51187	0.0
GRCh38_CMRG_60008	0.0
GRCh38_CMRG_65149	0.0
GRCh38_CMRG_80051	0.0
GRCh38_CMRG_14638	0.0
GRCh38_CMRG_31151	0.0
GRCh38_CMRG_18564	0.0
GRCh38_CMRG_8039	0.0
GRCh38_CMRG_24290	0.0
GRCh38_CMRG_29260	0.0
GRCh38_CMRG_49633	0.0
GRCh38_CMRG_24409	0.0
GRCh38_CMRG_45025	0.0
GRCh38_CMRG_17576	0.0
GRCh38_CMRG_53390	0.0
GRCh38_CMRG_81559	0.0
GRCh38_CMRG_82168	0.0
GRCh38_CMRG_49060	0.0
GRCh38_CMRG_38151	0.0
GRCh38_CMRG_38197	0.0
GRCh38_CMRG_82249	0.0
GRCh38_CMRG_84711	0.0
GRCh38_CMRG_398	0.0
GRCh38_CMRG_82300	0.0
GRCh38_CMRG_24382	0.0
GRCh38_CMRG_24575	0.0
GRCh38_CMRG_9738	0.0
GRCh38_CMRG_41000	0.0
GRCh38_CMRG_62211	0.0
GRCh38_CMRG_33392	0.0
GRCh38_CMRG_63293	0.0
GRCh38_CMRG_10564	0.0
GRCh38_CMRG_37850	0.0
GRCh38_CMRG_18307	0.0
GRCh38_CMRG_33421	0.0
GRCh38_CMRG_32845	0.0
GRCh38_CMRG_46390	0.0
GRCh38_CMRG_79917	0.0
GRCh38_CMRG_67684	0.0
GRCh38_CMRG_51631	0.0
GRCh38_CMRG_7355	0.0
GRCh38_CMRG_26995	0.0
GRCh38_CMRG_72678	0.0
GRCh38_CMRG_82116	0.0
GRCh38_CMRG_22347	0.0
GRCh38_CMRG_60641	0.0
GRCh38_CMRG_38071	0.0
GRCh38_CMRG_76706	0.0
GRCh38_CMRG_36095	0.0
GRCh38_CMRG_27262	0.0
GRCh38_CMRG_33497	0.0
GRCh38_CMRG_36048	0.0
GRCh38_CMRG_81671	0.0
GRCh38_CMRG_32094	0.0
GRCh38_CMRG_59523	0.0
GRCh38_CMRG_61875	0.0
GRCh38_CMRG_723	0.0
GRCh38_CMRG_16525	0.0
GRCh38_CMRG_67800	0.0
GRCh38_CMRG_72931	0.0
GRCh38_CMRG_19871	0.0
GRCh38_CMRG_62058	0.0
GRCh38_CMRG_65066	0.0
GRCh38_CMRG_74295	0.0
GRCh38_CMRG_68918	0.0
GRCh38_CMRG_24195	0.0
GRCh38_CMRG_38428	0.0
GRCh38_CMRG_81689	0.0
GRCh38_CMRG_43678	0.0
GRCh38_CMRG_30032	0.0
GRCh38_CMRG_37667	0.0
GRCh38_CMRG_82468	0.0
GRCh38_CMRG_70371	0.0
GRCh38_CMRG_76910	0.0
GRCh38_CMRG_45117	0.0
GRCh38_CMRG_36480	0.0
GRCh38_CMRG_79872	0.0
GRCh38_CMRG_7748	0.0
GRCh38_CMRG_42032	0.0
GRCh38_CMRG_32290	0.0
GRCh38_CMRG_40479	0.0
GRCh38_CMRG_77282	0.0
GRCh38_CMRG_15497	0.0
GRCh38_CMRG_31018	0.0
GRCh38_CMRG_81347	0.0
GRCh38_CMRG_38077	0.0
GRCh38_CMRG_67740	0.0
GRCh38_CMRG_11246	0.0
GRCh38_CMRG_21399	0.0
GRCh38_CMRG_74210	0.0
GRCh38_CMRG_8955	0.0
GRCh38_CMRG_17850	0.0
GRCh38_CMRG_52415	0.0
GRCh38_CMRG_28401	0.0
GRCh38_CMRG_63978	0.0
GRCh38_CMRG_24304	0.0
GRCh38_CMRG_54768	0.0
GRCh38_CMRG_23881	0.0
GRCh38_CMRG_47057	0.0
GRCh38_CMRG_65229	0.0
GRCh38_CMRG_34073	0.0
GRCh38_CMRG_60940	0.0
GRCh38_CMRG_82561	0.0
GRCh38_CMRG_49144	0.0
GRCh38_CMRG_65433	0.0
GRCh38_CMRG_431	0.0
GRCh38_CMRG_41730	0.0
GRCh38_CMRG_45179	0.0
GRCh38_CMRG_64478	0.0
GRCh38_CMRG_74552	0.0
GRCh38_CMRG_32801	0.0
GRCh38_CMRG_37623	0.0
GRCh38_CMRG_37932	0.0
GRCh38_CMRG_73382	0.0
GRCh38_CMRG_52578	0.0
GRCh38_CMRG_13994	0.0
GRCh38_CMRG_64375	0.0
GRCh38_CMRG_49285	0.0
GRCh38_CMRG_84455	0.0
GRCh38_CMRG_13705	0.0
GRCh38_CMRG_82747	0.0
GRCh38_CMRG_27151	0.0
GRCh38_CMRG_76945	0.0
GRCh38_CMRG_39227	0.0
GRCh38_CMRG_33269	0.0
GRCh38_CMRG_22199	0.0
GRCh38_CMRG_24127	0.0
GRCh38_CMRG_59662	0.0
GRCh38_CMRG_10772	0.0
GRCh38_CMRG_23983	0.0
GRCh38_CMRG_52410	0.0
GRCh38_CMRG_54237	0.0
GRCh38_CMRG_41735	0.0
GRCh38_CMRG_33662	0.0
GRCh38_CMRG_34178	0.0
GRCh38_CMRG_27023	0.0
GRCh38_CMRG_47355	0.0
GRCh38_CMRG_9436	0.0
GRCh38_CMRG_64566	0.0
GRCh38_CMRG_53111	0.0
GRCh38_CMRG_24537	0.0
GRCh38_CMRG_23943	0.0
GRCh38_CMRG_17916	0.0
GRCh38_CMRG_49142	0.0
GRCh38_CMRG_44373	0.0
GRCh38_CMRG_8354	0.0
GRCh38_CMRG_46442	0.0
GRCh38_CMRG_42176	0.0
GRCh38_CMRG_68852	0.0
GRCh38_CMRG_40432	0.0
GRCh38_CMRG_80049	0.0
GRCh38_CMRG_33128	0.0
GRCh38_CMRG_16747	0.0
GRCh38_CMRG_52266	0.0
GRCh38_CMRG_73938	0.0
GRCh38_CMRG_5798	0.0
GRCh38_CMRG_69608	0.0
GRCh38_CMRG_74493	0.0
GRCh38_CMRG_17413	0.0
GRCh38_CMRG_16967	0.0
GRCh38_CMRG_40521	0.0
GRCh38_CMRG_12143	0.0
GRCh38_CMRG_29209	0.0
GRCh38_CMRG_64684	0.0
GRCh38_CMRG_11658	0.0
GRCh38_CMRG_47668	0.0
GRCh38_CMRG_73201	0.0
GRCh38_CMRG_51657	0.0
GRCh38_CMRG_59502	0.0
GRCh38_CMRG_82844	0.0
GRCh38_CMRG_50599	0.0
GRCh38_CMRG_60645	0.0
GRCh38_CMRG_82774	0.0
GRCh38_CMRG_42448	0.0
GRCh38_CMRG_18384	0.0
GRCh38_CMRG_53581	0.0
GRCh38_CMRG_11626	0.0
GRCh38_CMRG_13741	0.0
GRCh38_CMRG_51995	0.0
GRCh38_CMRG_65740	0.0
GRCh38_CMRG_65794	0.0
GRCh38_CMRG_13191	0.0
GRCh38_CMRG_72952	0.0
GRCh38_CMRG_32977	0.0
GRCh38_CMRG_30909	0.0
GRCh38_CMRG_64568	0.0
GRCh38_CMRG_67992	0.0
GRCh38_CMRG_8145	0.0
GRCh38_CMRG_65454	0.0
GRCh38_CMRG_22517	0.0
GRCh38_CMRG_55421	0.0
GRCh38_CMRG_13668	0.0
GRCh38_CMRG_1147	0.0
GRCh38_CMRG_22738	0.0
GRCh38_CMRG_48434	0.0
GRCh38_CMRG_7124	0.0
GRCh38_CMRG_31756	0.0
GRCh38_CMRG_8901	0.0
GRCh38_CMRG_61132	0.0
GRCh38_CMRG_54262	0.0
GRCh38_CMRG_7549	0.0
GRCh38_CMRG_37729	0.0
GRCh38_CMRG_74697	0.0
GRCh38_CMRG_76455	0.0
GRCh38_CMRG_31392	0.0
GRCh38_CMRG_59403	0.0
GRCh38_CMRG_41849	0.0
GRCh38_CMRG_32882	0.0
GRCh38_CMRG_75538	0.0
GRCh38_CMRG_72095	0.0
GRCh38_CMRG_32706	0.0
GRCh38_CMRG_21647	0.0
GRCh38_CMRG_35870	0.0
GRCh38_CMRG_52479	0.0
GRCh38_CMRG_75631	0.0
GRCh38_CMRG_36147	0.0
GRCh38_CMRG_41487	0.0
GRCh38_CMRG_2609	0.0
GRCh38_CMRG_48937	0.0
GRCh38_CMRG_68094	0.0
GRCh38_CMRG_52168	0.0
GRCh38_CMRG_34670	0.0
GRCh38_CMRG_44007	0.0
GRCh38_CMRG_7027	0.0
GRCh38_CMRG_46391	0.0
GRCh38_CMRG_54484	0.0
GRCh38_CMRG_7123	0.0
GRCh38_CMRG_13894	0.0
GRCh38_CMRG_28128	0.0
GRCh38_CMRG_35551	0.0
GRCh38_CMRG_82827	0.0
GRCh38_CMRG_61393	0.0
GRCh38_CMRG_64983	0.0
GRCh38_CMRG_13672	0.0
GRCh38_CMRG_63932	0.0
GRCh38_CMRG_33458	0.0
GRCh38_CMRG_21214	0.0
GRCh38_CMRG_23617	0.0
GRCh38_CMRG_59814	0.0
GRCh38_CMRG_7787	0.0
GRCh38_CMRG_81693	0.0
GRCh38_CMRG_54729	0.0
GRCh38_CMRG_25083	0.0
GRCh38_CMRG_7651	0.0
GRCh38_CMRG_23708	0.0
GRCh38_CMRG_24190	0.0
GRCh38_CMRG_51411	0.0
GRCh38_CMRG_82417	0.0
GRCh38_CMRG_46281	0.0
GRCh38_CMRG_14061	0.0
GRCh38_CMRG_74505	0.0
GRCh38_CMRG_48045	0.0
GRCh38_CMRG_23926	0.0
GRCh38_CMRG_55563	0.0
GRCh38_CMRG_30703	0.0
GRCh38_CMRG_63710	0.0
GRCh38_CMRG_72684	0.0
GRCh38_CMRG_69351	0.0
GRCh38_CMRG_37347	0.0
GRCh38_CMRG_70604	0.0
GRCh38_CMRG_74842	0.0
GRCh38_CMRG_18424	0.0
GRCh38_CMRG_52313	0.0
GRCh38_CMRG_59424	0.0
GRCh38_CMRG_29204	0.0
GRCh38_CMRG_83204	0.0
GRCh38_CMRG_21080	0.0
GRCh38_CMRG_1248	0.0
GRCh38_CMRG_51694	0.0
GRCh38_CMRG_21758	0.0
GRCh38_CMRG_67726	0.0
GRCh38_CMRG_8018	0.0
GRCh38_CMRG_31376	0.0
GRCh38_CMRG_44821	0.0
GRCh38_CMRG_77704	0.0
GRCh38_CMRG_76847	0.0
GRCh38_CMRG_38766	0.0
GRCh38_CMRG_37472	0.0
GRCh38_CMRG_25279	0.0
GRCh38_CMRG_171	0.0
GRCh38_CMRG_74059	0.0
GRCh38_CMRG_58241	0.0
GRCh38_CMRG_42	0.0
GRCh38_CMRG_23104	0.0
GRCh38_CMRG_62084	0.0
GRCh38_CMRG_73821	0.0
GRCh38_CMRG_9695	0.0
GRCh38_CMRG_22243	0.0
GRCh38_CMRG_47403	0.0
GRCh38_CMRG_48279	0.0
GRCh38_CMRG_50864	0.0
GRCh38_CMRG_55226	0.0
GRCh38_CMRG_59094	0.0
GRCh38_CMRG_72633	0.0
GRCh38_CMRG_65548	0.0
GRCh38_CMRG_2316	0.0
GRCh38_CMRG_76975	0.0
GRCh38_CMRG_23807	0.0
GRCh38_CMRG_11198	0.0
GRCh38_CMRG_51770	0.0
GRCh38_CMRG_70426	0.0
GRCh38_CMRG_52483	0.0
GRCh38_CMRG_23463	0.0
GRCh38_CMRG_6580	0.0
GRCh38_CMRG_37939	0.0
GRCh38_CMRG_13845	0.0
GRCh38_CMRG_70354	0.0
GRCh38_CMRG_75543	0.0
GRCh38_CMRG_72276	0.0
GRCh38_CMRG_45536	0.0
GRCh38_CMRG_13011	0.0
GRCh38_CMRG_26776	0.0
GRCh38_CMRG_18899	0.0
GRCh38_CMRG_48091	0.0
GRCh38_CMRG_1735	0.0
GRCh38_CMRG_8366	0.0
GRCh38_CMRG_69418	0.0
GRCh38_CMRG_71670	0.0
GRCh38_CMRG_52705	0.0
GRCh38_CMRG_61535	0.0
GRCh38_CMRG_80977	0.0
GRCh38_CMRG_8521	0.0
GRCh38_CMRG_41639	0.0
GRCh38_CMRG_67681	0.0
GRCh38_CMRG_18250	0.0
GRCh38_CMRG_45361	0.0
GRCh38_CMRG_42550	0.0
GRCh38_CMRG_17217	0.0
GRCh38_CMRG_68241	0.0
GRCh38_CMRG_33081	0.0
GRCh38_CMRG_18696	0.0
GRCh38_CMRG_49020	0.0
GRCh38_CMRG_52503	0.0
GRCh38_CMRG_55100	0.0
GRCh38_CMRG_61967	0.0
GRCh38_CMRG_74947	0.0
GRCh38_CMRG_38434	0.0
GRCh38_CMRG_72746	0.0
GRCh38_CMRG_38545	0.0
GRCh38_CMRG_55436	0.0
GRCh38_CMRG_55599	0.0
GRCh38_CMRG_9458	0.0
GRCh38_CMRG_44669	0.0
GRCh38_CMRG_32178	0.0
GRCh38_CMRG_69686	0.0
GRCh38_CMRG_41775	0.0
GRCh38_CMRG_26376	0.0
GRCh38_CMRG_68140	0.0
GRCh38_CMRG_82722	0.0
GRCh38_CMRG_50055	0.0
GRCh38_CMRG_45139	0.0
GRCh38_CMRG_13056	0.0
GRCh38_CMRG_6031	0.0
GRCh38_CMRG_47317	0.0
GRCh38_CMRG_15433	0.0
GRCh38_CMRG_47310	0.0
GRCh38_CMRG_51856	0.0
GRCh38_CMRG_8850	0.0
GRCh38_CMRG_40149	0.0
GRCh38_CMRG_84879	0.0
GRCh38_CMRG_73594	0.0
GRCh38_CMRG_55315	0.0
GRCh38_CMRG_49424	0.0
GRCh38_CMRG_69695	0.0
GRCh38_CMRG_32127	0.0
GRCh38_CMRG_65299	0.0
GRCh38_CMRG_13248	0.0
GRCh38_CMRG_18565	0.0
GRCh38_CMRG_76662	0.0
GRCh38_CMRG_23829	0.0
GRCh38_CMRG_41773	0.0
GRCh38_CMRG_37156	0.0
GRCh38_CMRG_50672	0.0
GRCh38_CMRG_68727	0.0
GRCh38_CMRG_29094	0.0
GRCh38_CMRG_74756	0.0
GRCh38_CMRG_33223	0.0
GRCh38_CMRG_13196	0.0
GRCh38_CMRG_13965	0.0
GRCh38_CMRG_55309	0.0
GRCh38_CMRG_35545	0.0
GRCh38_CMRG_24407	0.0
GRCh38_CMRG_8823	0.0
GRCh38_CMRG_16623	0.0
GRCh38_CMRG_82629	0.0
GRCh38_CMRG_61143	0.0
GRCh38_CMRG_13168	0.0
GRCh38_CMRG_79142	0.0
GRCh38_CMRG_24901	0.0
GRCh38_CMRG_74446	0.0
GRCh38_CMRG_14446	0.0
GRCh38_CMRG_50844	0.0
GRCh38_CMRG_45093	0.0
GRCh38_CMRG_6512	0.0
GRCh38_CMRG_55391	0.0
GRCh38_CMRG_26680	0.0
GRCh38_CMRG_64261	0.0
GRCh38_CMRG_33880	0.0
GRCh38_CMRG_7983	0.0
GRCh38_CMRG_39145	0.0
GRCh38_CMRG_40485	0.0
GRCh38_CMRG_7942	0.0
GRCh38_CMRG_73864	0.0
GRCh38_CMRG_73450	0.0
GRCh38_CMRG_79736	0.0
GRCh38_CMRG_28828	0.0
GRCh38_CMRG_6011	0.0
GRCh38_CMRG_79907	0.0
GRCh38_CMRG_27831	0.0
GRCh38_CMRG_40368	0.0
GRCh38_CMRG_77715	0.0
GRCh38_CMRG_26906	0.0
GRCh38_CMRG_72682	0.0
GRCh38_CMRG_62379	0.0
GRCh38_CMRG_62241	0.0
GRCh38_CMRG_47509	0.0
GRCh38_CMRG_32229	0.0
GRCh38_CMRG_51451	0.0
GRCh38_CMRG_23312	0.0
GRCh38_CMRG_11180	0.0
GRCh38_CMRG_79819	0.0
GRCh38_CMRG_58770	0.0
GRCh38_CMRG_23924	0.0
GRCh38_CMRG_67842	0.0
GRCh38_CMRG_6758	0.0
GRCh38_CMRG_33033	0.0
GRCh38_CMRG_21172	0.0
GRCh38_CMRG_64533	0.0
GRCh38_CMRG_1516	0.0
GRCh38_CMRG_23354	0.0
GRCh38_CMRG_55802	0.0
GRCh38_CMRG_52131	0.0
GRCh38_CMRG_37027	0.0
GRCh38_CMRG_65166	0.0
GRCh38_CMRG_77357	0.0
GRCh38_CMRG_14070	0.0
GRCh38_CMRG_34677	0.0
GRCh38_CMRG_51031	0.0
GRCh38_CMRG_28221	0.0
GRCh38_CMRG_59999	0.0
GRCh38_CMRG_11013	0.0
GRCh38_CMRG_13960	0.0
GRCh38_CMRG_36253	0.0
GRCh38_CMRG_22370	0.0
GRCh38_CMRG_76570	0.0
GRCh38_CMRG_70853	0.0
GRCh38_CMRG_82178	0.0
GRCh38_CMRG_2683	0.0
GRCh38_CMRG_53675	0.0
GRCh38_CMRG_48953	0.0
GRCh38_CMRG_55629	0.0
GRCh38_CMRG_48582	0.0
GRCh38_CMRG_13406	0.0
GRCh38_CMRG_23947	0.0
GRCh38_CMRG_17613	0.0
GRCh38_CMRG_82578	0.0
GRCh38_CMRG_70867	0.0
GRCh38_CMRG_48132	0.0
GRCh38_CMRG_74268	0.0
GRCh38_CMRG_69817	0.0
GRCh38_CMRG_19278	0.0
GRCh38_CMRG_13127	0.0
GRCh38_CMRG_9410	0.0
GRCh38_CMRG_41795	0.0
GRCh38_CMRG_67935	0.0
GRCh38_CMRG_63931	0.0
GRCh38_CMRG_28116	0.0
GRCh38_CMRG_46236	0.0
GRCh38_CMRG_71706	0.0
GRCh38_CMRG_37689	0.0
GRCh38_CMRG_76767	0.0
GRCh38_CMRG_44002	0.0
GRCh38_CMRG_53852	0.0
GRCh38_CMRG_27780	0.0
GRCh38_CMRG_77319	0.0
GRCh38_CMRG_49516	0.0
GRCh38_CMRG_80984	0.0
GRCh38_CMRG_82741	0.0
GRCh38_CMRG_12845	0.0
GRCh38_CMRG_43846	0.0
GRCh38_CMRG_6852	0.0
GRCh38_CMRG_11190	0.0
GRCh38_CMRG_74117	0.0
GRCh38_CMRG_70664	0.0
GRCh38_CMRG_71473	0.0
GRCh38_CMRG_68416	0.0
GRCh38_CMRG_62372	0.0
GRCh38_CMRG_48600	0.0
GRCh38_CMRG_30021	0.0
GRCh38_CMRG_43684	0.0
GRCh38_CMRG_52601	0.0
GRCh38_CMRG_74681	0.0
GRCh38_CMRG_52059	0.0
GRCh38_CMRG_75035	0.0
GRCh38_CMRG_11191	0.0
GRCh38_CMRG_8404	0.0
GRCh38_CMRG_82371	0.0
GRCh38_CMRG_39917	0.0
GRCh38_CMRG_68618	0.0
GRCh38_CMRG_77148	0.0
GRCh38_CMRG_92	0.0
GRCh38_CMRG_77036	0.0
GRCh38_CMRG_53802	0.0
GRCh38_CMRG_73077	0.0
GRCh38_CMRG_76878	0.0
GRCh38_CMRG_584	0.0
GRCh38_CMRG_54776	0.0
GRCh38_CMRG_8454	0.0
GRCh38_CMRG_79441	0.0
GRCh38_CMRG_25765	0.0
GRCh38_CMRG_54401	0.0
GRCh38_CMRG_67082	0.0
GRCh38_CMRG_63921	0.0
GRCh38_CMRG_58287	0.0
GRCh38_CMRG_12462	0.0
GRCh38_CMRG_28062	0.0
GRCh38_CMRG_74610	0.0
GRCh38_CMRG_7486	0.0
GRCh38_CMRG_53612	0.0
GRCh38_CMRG_514	0.0
GRCh38_CMRG_49296	0.0
GRCh38_CMRG_47798	0.0
GRCh38_CMRG_24470	0.0
GRCh38_CMRG_18816	0.0
GRCh38_CMRG_28298	0.0
GRCh38_CMRG_42538	0.0
GRCh38_CMRG_51982	0.0
GRCh38_CMRG_24163	0.0
GRCh38_CMRG_24070	0.0
GRCh38_CMRG_79896	0.0
GRCh38_CMRG_60583	0.0
GRCh38_CMRG_45731	0.0
GRCh38_CMRG_14148	0.0
GRCh38_CMRG_15427	0.0
GRCh38_CMRG_43957	0.0
GRCh38_CMRG_70121	0.0
GRCh38_CMRG_60073	0.0
GRCh38_CMRG_50396	0.0
GRCh38_CMRG_112	0.0
GRCh38_CMRG_32056	0.0
GRCh38_CMRG_38310	0.0
GRCh38_CMRG_65260	0.0
GRCh38_CMRG_39647	0.0
GRCh38_CMRG_38560	0.0
GRCh38_CMRG_21597	0.0
GRCh38_CMRG_38931	0.0
GRCh38_CMRG_54509	0.0
GRCh38_CMRG_38204	0.0
GRCh38_CMRG_10901	0.0
GRCh38_CMRG_17539	0.0
GRCh38_CMRG_68668	0.0
GRCh38_CMRG_35960	0.0
GRCh38_CMRG_6068	0.0
GRCh38_CMRG_11236	0.0
GRCh38_CMRG_71119	0.0
GRCh38_CMRG_24025	0.0
GRCh38_CMRG_19919	0.0
GRCh38_CMRG_23509	0.0
GRCh38_CMRG_65739	0.0
GRCh38_CMRG_29557	0.0
GRCh38_CMRG_52227	0.0
GRCh38_CMRG_29344	0.0
GRCh38_CMRG_76926	0.0
GRCh38_CMRG_61346	0.0
GRCh38_CMRG_50361	0.0
GRCh38_CMRG_11266	0.0
GRCh38_CMRG_17985	0.0
GRCh38_CMRG_22644	0.0
GRCh38_CMRG_68601	0.0
GRCh38_CMRG_83252	0.0
GRCh38_CMRG_38582	0.0
GRCh38_CMRG_70859	0.0
GRCh38_CMRG_49624	0.0
GRCh38_CMRG_39759	0.0
GRCh38_CMRG_41542	0.0
GRCh38_CMRG_32330	0.0
GRCh38_CMRG_65129	0.0
GRCh38_CMRG_79960	0.0
GRCh38_CMRG_41172	0.0
GRCh38_CMRG_60616	0.0
GRCh38_CMRG_32640	0.0
GRCh38_CMRG_62120	0.0
GRCh38_CMRG_36491	0.0
GRCh38_CMRG_18706	0.0
GRCh38_CMRG_67511	0.0
GRCh38_CMRG_81709	0.0
GRCh38_CMRG_82821	0.0
GRCh38_CMRG_39866	0.0
GRCh38_CMRG_60780	0.0
GRCh38_CMRG_40374	0.0
GRCh38_CMRG_82439	0.0
GRCh38_CMRG_40195	0.0
GRCh38_CMRG_49106	0.0
GRCh38_CMRG_21804	0.0
GRCh38_CMRG_23719	0.0
GRCh38_CMRG_84710	0.0
GRCh38_CMRG_41314	0.0
GRCh38_CMRG_47	0.0
GRCh38_CMRG_44430	0.0
GRCh38_CMRG_24021	0.0
GRCh38_CMRG_67984	0.0
GRCh38_CMRG_47005	0.0
GRCh38_CMRG_60480	0.0
GRCh38_CMRG_72101	0.0
GRCh38_CMRG_32605	0.0
GRCh38_CMRG_37857	0.0
GRCh38_CMRG_53947	0.0
GRCh38_CMRG_72110	0.0
GRCh38_CMRG_72847	0.0
GRCh38_CMRG_35901	0.0
GRCh38_CMRG_79683	0.0
GRCh38_CMRG_53482	0.0
GRCh38_CMRG_73334	0.0
GRCh38_CMRG_83898	0.0
GRCh38_CMRG_50538	0.0
GRCh38_CMRG_16619	0.0
GRCh38_CMRG_79813	0.0
GRCh38_CMRG_82254	0.0
GRCh38_CMRG_62549	0.0
GRCh38_CMRG_17375	0.0
GRCh38_CMRG_60779	0.0
GRCh38_CMRG_73105	0.0
GRCh38_CMRG_79998	0.0
GRCh38_CMRG_43616	0.0
GRCh38_CMRG_71980	0.0
GRCh38_CMRG_80018	0.0
GRCh38_CMRG_65195	0.0
GRCh38_CMRG_44656	0.0
GRCh38_CMRG_79501	0.0
GRCh38_CMRG_58936	0.0
GRCh38_CMRG_31000	0.0
GRCh38_CMRG_27386	0.0
GRCh38_CMRG_39650	0.0
GRCh38_CMRG_38010	0.0
GRCh38_CMRG_33130	0.0
GRCh38_CMRG_74962	0.0
GRCh38_CMRG_44308	0.0
GRCh38_CMRG_33149	0.0
GRCh38_CMRG_24836	0.0
GRCh38_CMRG_72773	0.0
GRCh38_CMRG_24866	0.0
GRCh38_CMRG_40267	0.0
GRCh38_CMRG_8379	0.0
GRCh38_CMRG_59761	0.0
GRCh38_CMRG_1359	0.0
GRCh38_CMRG_62524	0.0
GRCh38_CMRG_68932	0.0
GRCh38_CMRG_12016	0.0
GRCh38_CMRG_42143	0.0
GRCh38_CMRG_33176	0.0
GRCh38_CMRG_65720	0.0
GRCh38_CMRG_8712	0.0
GRCh38_CMRG_48776	0.0
GRCh38_CMRG_27789	0.0
GRCh38_CMRG_28529	0.0
GRCh38_CMRG_67616	0.0
GRCh38_CMRG_69619	0.0
GRCh38_CMRG_44980	0.0
GRCh38_CMRG_52798	0.0
GRCh38_CMRG_64578	0.0
GRCh38_CMRG_14111	0.0
GRCh38_CMRG_41512	0.0
GRCh38_CMRG_66389	0.0
GRCh38_CMRG_12685	0.0
GRCh38_CMRG_33140	0.0
GRCh38_CMRG_73138	0.0
GRCh38_CMRG_45234	0.0
GRCh38_CMRG_410	0.0
GRCh38_CMRG_41774	0.0
GRCh38_CMRG_7611	0.0
GRCh38_CMRG_38948	0.0
GRCh38_CMRG_40607	0.0
GRCh38_CMRG_72753	0.0
GRCh38_CMRG_72718	0.0
GRCh38_CMRG_1099	0.0
GRCh38_CMRG_48544	0.0
GRCh38_CMRG_37841	0.0
GRCh38_CMRG_2418	0.0
GRCh38_CMRG_82458	0.0
GRCh38_CMRG_72822	0.0
GRCh38_CMRG_69483	0.0
GRCh38_CMRG_32855	0.0
GRCh38_CMRG_70739	0.0
GRCh38_CMRG_82562	0.0
GRCh38_CMRG_82614	0.0
GRCh38_CMRG_17152	0.0
GRCh38_CMRG_36058	0.0
GRCh38_CMRG_45218	0.0
GRCh38_CMRG_58310	0.0
GRCh38_CMRG_7788	0.0
GRCh38_CMRG_67721	0.0
GRCh38_CMRG_31176	0.0
GRCh38_CMRG_64312	0.0
GRCh38_CMRG_69365	0.0
GRCh38_CMRG_71105	0.0
GRCh38_CMRG_676	0.0
GRCh38_CMRG_50854	0.0
GRCh38_CMRG_71965	0.0
GRCh38_CMRG_45058	0.0
GRCh38_CMRG_22736	0.0
GRCh38_CMRG_63934	0.0
GRCh38_CMRG_55557	0.0
GRCh38_CMRG_7266	0.0
GRCh38_CMRG_38340	0.0
GRCh38_CMRG_79006	0.0
GRCh38_CMRG_82683	0.0
GRCh38_CMRG_47524	0.0
GRCh38_CMRG_68234	0.0
GRCh38_CMRG_6902	0.0
GRCh38_CMRG_24105	0.0
GRCh38_CMRG_68927	0.0
GRCh38_CMRG_38471	0.0
GRCh38_CMRG_77623	0.0
GRCh38_CMRG_25061	0.0
GRCh38_CMRG_31322	0.0
GRCh38_CMRG_76871	0.0
GRCh38_CMRG_72573	0.0
GRCh38_CMRG_51540	0.0
GRCh38_CMRG_44851	0.0
GRCh38_CMRG_73139	0.0
GRCh38_CMRG_68900	0.0
GRCh38_CMRG_45450	0.0
GRCh38_CMRG_82802	0.0
GRCh38_CMRG_22008	0.0
GRCh38_CMRG_44595	0.0
GRCh38_CMRG_28462	0.0
GRCh38_CMRG_64680	0.0
GRCh38_CMRG_80050	0.0
GRCh38_CMRG_58708	0.0
GRCh38_CMRG_55288	0.0
GRCh38_CMRG_48477	0.0
GRCh38_CMRG_18873	0.0
GRCh38_CMRG_51224	0.0
GRCh38_CMRG_18966	0.0
GRCh38_CMRG_21827	0.0
GRCh38_CMRG_81710	0.0
GRCh38_CMRG_82913	0.0
GRCh38_CMRG_70112	0.0
GRCh38_CMRG_7824	0.0
GRCh38_CMRG_2930	0.0
GRCh38_CMRG_60391	0.0
GRCh38_CMRG_60581	0.0
GRCh38_CMRG_11691	0.0
GRCh38_CMRG_54752	0.0
GRCh38_CMRG_77501	0.0
GRCh38_CMRG_37511	0.0
GRCh38_CMRG_73159	0.0
GRCh38_CMRG_64357	0.0
GRCh38_CMRG_45548	0.0
GRCh38_CMRG_70191	0.0
GRCh38_CMRG_58127	0.0
GRCh38_CMRG_79735	0.0
GRCh38_CMRG_72674	0.0
GRCh38_CMRG_82499	0.0
GRCh38_CMRG_82147	0.0
GRCh38_CMRG_61829	0.0
GRCh38_CMRG_51022	0.0
GRCh38_CMRG_7992	0.0
GRCh38_CMRG_19706	0.0
GRCh38_CMRG_41923	0.0
GRCh38_CMRG_45697	0.0
GRCh38_CMRG_46779	0.0
GRCh38_CMRG_38131	0.0
GRCh38_CMRG_48946	0.0
GRCh38_CMRG_64980	0.0
GRCh38_CMRG_33094	0.0
GRCh38_CMRG_83769	0.0
GRCh38_CMRG_1413	0.0
GRCh38_CMRG_72700	0.0
GRCh38_CMRG_29104	0.0
GRCh38_CMRG_21081	0.0
GRCh38_CMRG_8596	0.0
GRCh38_CMRG_66114	0.0
GRCh38_CMRG_37508	0.0
GRCh38_CMRG_44919	0.0
GRCh38_CMRG_38190	0.0
GRCh38_CMRG_68698	0.0
GRCh38_CMRG_13442	0.0
GRCh38_CMRG_27819	0.0
GRCh38_CMRG_12231	0.0
GRCh38_CMRG_21395	0.0
GRCh38_CMRG_64170	0.0
GRCh38_CMRG_67705	0.0
GRCh38_CMRG_49619	0.0
GRCh38_CMRG_36871	0.0
GRCh38_CMRG_77336	0.0
GRCh38_CMRG_39245	0.0
GRCh38_CMRG_45229	0.0
GRCh38_CMRG_23693	0.0
GRCh38_CMRG_32656	0.0
GRCh38_CMRG_73872	0.0
GRCh38_CMRG_70444	0.0
GRCh38_CMRG_50891	0.0
GRCh38_CMRG_69584	0.0
GRCh38_CMRG_59143	0.0
GRCh38_CMRG_34364	0.0
GRCh38_CMRG_28573	0.0
GRCh38_CMRG_82045	0.0
GRCh38_CMRG_53799	0.0
GRCh38_CMRG_65728	0.0
GRCh38_CMRG_27183	0.0
GRCh38_CMRG_75404	0.0
GRCh38_CMRG_34490	0.0
GRCh38_CMRG_72815	0.0
GRCh38_CMRG_60457	0.0
GRCh38_CMRG_496	0.0
GRCh38_CMRG_65151	0.0
GRCh38_CMRG_65132	0.0
GRCh38_CMRG_38493	0.0
GRCh38_CMRG_9516	0.0
GRCh38_CMRG_63492	0.0
GRCh38_CMRG_73262	0.0
GRCh38_CMRG_22299	0.0
GRCh38_CMRG_77366	0.0
GRCh38_CMRG_13666	0.0
GRCh38_CMRG_52611	0.0
GRCh38_CMRG_77300	0.0
GRCh38_CMRG_44870	0.0
GRCh38_CMRG_21127	0.0
GRCh38_CMRG_22334	0.0
GRCh38_CMRG_18798	0.0
GRCh38_CMRG_63212	0.0
GRCh38_CMRG_24278	0.0
GRCh38_CMRG_41797	0.0
GRCh38_CMRG_64849	0.0
GRCh38_CMRG_44925	0.0
GRCh38_CMRG_82579	0.0
GRCh38_CMRG_45206	0.0
GRCh38_CMRG_2390	0.0
GRCh38_CMRG_24583	0.0
GRCh38_CMRG_83365	0.0
GRCh38_CMRG_84896	0.0
GRCh38_CMRG_71187	0.0
GRCh38_CMRG_30984	0.0
GRCh38_CMRG_58973	0.0
GRCh38_CMRG_44217	0.0
GRCh38_CMRG_64597	0.0
GRCh38_CMRG_45896	0.0
GRCh38_CMRG_68291	0.0
GRCh38_CMRG_7958	0.0
GRCh38_CMRG_72208	0.0
GRCh38_CMRG_44158	0.0
GRCh38_CMRG_18411	0.0
GRCh38_CMRG_52629	0.0
GRCh38_CMRG_71109	0.0
GRCh38_CMRG_75476	0.0
GRCh38_CMRG_73418	0.0
GRCh38_CMRG_49442	0.0
GRCh38_CMRG_19150	0.0
GRCh38_CMRG_53759	0.0
GRCh38_CMRG_60556	0.0
GRCh38_CMRG_73027	0.0
GRCh38_CMRG_9721	0.0
GRCh38_CMRG_40025	0.0
GRCh38_CMRG_32705	0.0
GRCh38_CMRG_49868	0.0
GRCh38_CMRG_60586	0.0
GRCh38_CMRG_80982	0.0
GRCh38_CMRG_19280	0.0
GRCh38_CMRG_29014	0.0
GRCh38_CMRG_75289	0.0
GRCh38_CMRG_73480	0.0
GRCh38_CMRG_61842	0.0
GRCh38_CMRG_23699	0.0
GRCh38_CMRG_64657	0.0
GRCh38_CMRG_47676	0.0
GRCh38_CMRG_38075	0.0
GRCh38_CMRG_26836	0.0
GRCh38_CMRG_70515	0.0
GRCh38_CMRG_16926	0.0
GRCh38_CMRG_26469	0.0
GRCh38_CMRG_45886	0.0
GRCh38_CMRG_33159	0.0
GRCh38_CMRG_77367	0.0
GRCh38_CMRG_28818	0.0
GRCh38_CMRG_50419	0.0
GRCh38_CMRG_82595	0.0
GRCh38_CMRG_22066	0.0
GRCh38_CMRG_64931	0.0
GRCh38_CMRG_9720	0.0
GRCh38_CMRG_76458	0.0
GRCh38_CMRG_75483	0.0
GRCh38_CMRG_49725	0.0
GRCh38_CMRG_21953	0.0
GRCh38_CMRG_11968	0.0
GRCh38_CMRG_60293	0.0
GRCh38_CMRG_28054	0.0
GRCh38_CMRG_44148	0.0
GRCh38_CMRG_73342	0.0
GRCh38_CMRG_8280	0.0
GRCh38_CMRG_13764	0.0
GRCh38_CMRG_29665	0.0
GRCh38_CMRG_52177	0.0
GRCh38_CMRG_26849	0.0
GRCh38_CMRG_36077	0.0
GRCh38_CMRG_33115	0.0
GRCh38_CMRG_47622	0.0
GRCh38_CMRG_19005	0.0
GRCh38_CMRG_32288	0.0
GRCh38_CMRG_59772	0.0
GRCh38_CMRG_73283	0.0
GRCh38_CMRG_37696	0.0
GRCh38_CMRG_33736	0.0
GRCh38_CMRG_15498	0.0
GRCh38_CMRG_38514	0.0
GRCh38_CMRG_49121	0.0
GRCh38_CMRG_51690	0.0
GRCh38_CMRG_65798	0.0
GRCh38_CMRG_19249	0.0
GRCh38_CMRG_39931	0.0
GRCh38_CMRG_28563	0.0
GRCh38_CMRG_49582	0.0
GRCh38_CMRG_55562	0.0
GRCh38_CMRG_40088	0.0
GRCh38_CMRG_23402	0.0
GRCh38_CMRG_72232	0.0
GRCh38_CMRG_70063	0.0
GRCh38_CMRG_28549	0.0
GRCh38_CMRG_1594	0.0
GRCh38_CMRG_22879	0.0
GRCh38_CMRG_45880	0.0
GRCh38_CMRG_14176	0.0
GRCh38_CMRG_1737	0.0
GRCh38_CMRG_72581	0.0
GRCh38_CMRG_1173	0.0
GRCh38_CMRG_62203	0.0
GRCh38_CMRG_17163	0.0
GRCh38_CMRG_43890	0.0
GRCh38_CMRG_55534	0.0
GRCh38_CMRG_163	0.0
GRCh38_CMRG_68383	0.0
GRCh38_CMRG_72643	0.0
GRCh38_CMRG_8126	0.0
GRCh38_CMRG_18450	0.0
GRCh38_CMRG_17574	0.0
GRCh38_CMRG_82570	0.0
GRCh38_CMRG_50341	0.0
GRCh38_CMRG_52935	0.0
GRCh38_CMRG_23193	0.0
GRCh38_CMRG_77465	0.0
GRCh38_CMRG_55580	0.0
GRCh38_CMRG_79978	0.0
GRCh38_CMRG_60918	0.0
GRCh38_CMRG_7647	0.0
GRCh38_CMRG_64379	0.0
GRCh38_CMRG_45108	0.0
GRCh38_CMRG_42372	0.0
GRCh38_CMRG_39220	0.0
GRCh38_CMRG_68857	0.0
GRCh38_CMRG_67737	0.0
GRCh38_CMRG_37813	0.0
GRCh38_CMRG_7733	0.0
GRCh38_CMRG_28239	0.0
GRCh38_CMRG_32709	0.0
GRCh38_CMRG_16693	0.0
GRCh38_CMRG_6590	0.0
GRCh38_CMRG_53310	0.0
GRCh38_CMRG_72745	0.0
GRCh38_CMRG_52747	0.0
GRCh38_CMRG_79296	0.0
GRCh38_CMRG_72825	0.0
GRCh38_CMRG_11031	0.0
GRCh38_CMRG_1073	0.0
GRCh38_CMRG_8721	0.0
GRCh38_CMRG_6755	0.0
GRCh38_CMRG_58201	0.0
GRCh38_CMRG_36953	0.0
GRCh38_CMRG_47380	0.0
GRCh38_CMRG_21171	0.0
GRCh38_CMRG_39916	0.0
GRCh38_CMRG_11692	0.0
GRCh38_CMRG_34359	0.0
GRCh38_CMRG_38990	0.0
GRCh38_CMRG_13300	0.0
GRCh38_CMRG_6838	0.0
GRCh38_CMRG_7427	0.0
GRCh38_CMRG_17164	0.0
GRCh38_CMRG_55460	0.0
GRCh38_CMRG_50975	0.0
GRCh38_CMRG_7667	0.0
GRCh38_CMRG_7738	0.0
GRCh38_CMRG_45186	0.0
GRCh38_CMRG_67678	0.0
GRCh38_CMRG_44339	0.0
GRCh38_CMRG_65216	0.0
GRCh38_CMRG_25802	0.0
GRCh38_CMRG_64987	0.0
GRCh38_CMRG_32783	0.0
GRCh38_CMRG_575	0.0
GRCh38_CMRG_41852	0.0
GRCh38_CMRG_79247	0.0
GRCh38_CMRG_78930	0.0
GRCh38_CMRG_23430	0.0
GRCh38_CMRG_1367	0.0
GRCh38_CMRG_50847	0.0
GRCh38_CMRG_33244	0.0
GRCh38_CMRG_72230	0.0
GRCh38_CMRG_45372	0.0
GRCh38_CMRG_45957	0.0
GRCh38_CMRG_16894	0.0
GRCh38_CMRG_37249	0.0
GRCh38_CMRG_72550	0.0
GRCh38_CMRG_32840	0.0
GRCh38_CMRG_22680	0.0
GRCh38_CMRG_6626	0.0
GRCh38_CMRG_47408	0.0
GRCh38_CMRG_82653	0.0
GRCh38_CMRG_45081	0.0
GRCh38_CMRG_84473	0.0
GRCh38_CMRG_82250	0.0
GRCh38_CMRG_36427	0.0
GRCh38_CMRG_72607	0.0
GRCh38_CMRG_82739	0.0
GRCh38_CMRG_26701	0.0
GRCh38_CMRG_8469	0.0
GRCh38_CMRG_42031	0.0
GRCh38_CMRG_55571	0.0
GRCh38_CMRG_13412	0.0
GRCh38_CMRG_82180	0.0
GRCh38_CMRG_31818	0.0
GRCh38_CMRG_22319	0.0
GRCh38_CMRG_41097	0.0
GRCh38_CMRG_52580	0.0
GRCh38_CMRG_82041	0.0
GRCh38_CMRG_76946	0.0
GRCh38_CMRG_8318	0.0
GRCh38_CMRG_22518	0.0
GRCh38_CMRG_82641	0.0
GRCh38_CMRG_80008	0.0
GRCh38_CMRG_18282	0.0
GRCh38_CMRG_21695	0.0
GRCh38_CMRG_26617	0.0
GRCh38_CMRG_19880	0.0
GRCh38_CMRG_84227	0.0
GRCh38_CMRG_81586	0.0
GRCh38_CMRG_49529	0.0
GRCh38_CMRG_26715	0.0
GRCh38_CMRG_7986	0.0
GRCh38_CMRG_38256	0.0
GRCh38_CMRG_11015	0.0
GRCh38_CMRG_48982	0.0
GRCh38_CMRG_67139	0.0
GRCh38_CMRG_32789	0.0
GRCh38_CMRG_31990	0.0
GRCh38_CMRG_75160	0.0
GRCh38_CMRG_79503	0.0
GRCh38_CMRG_81896	0.0
GRCh38_CMRG_64857	0.0
GRCh38_CMRG_73284	0.0
GRCh38_CMRG_23848	0.0
GRCh38_CMRG_37862	0.0
GRCh38_CMRG_59681	0.0
GRCh38_CMRG_60408	0.0
GRCh38_CMRG_24864	0.0
GRCh38_CMRG_60576	0.0
GRCh38_CMRG_54466	0.0
GRCh38_CMRG_82105	0.0
GRCh38_CMRG_72754	0.0
GRCh38_CMRG_15128	0.0
GRCh38_CMRG_21303	0.0
GRCh38_CMRG_37401	0.0
GRCh38_CMRG_32312	0.0
GRCh38_CMRG_48909	0.0
GRCh38_CMRG_71443	0.0
GRCh38_CMRG_68452	0.0
GRCh38_CMRG_59667	0.0
GRCh38_CMRG_19345	0.0
GRCh38_CMRG_26983	0.0
GRCh38_CMRG_84586	0.0
GRCh38_CMRG_40367	0.0
GRCh38_CMRG_60910	0.0
GRCh38_CMRG_48093	0.0
GRCh38_CMRG_77700	0.0
GRCh38_CMRG_31774	0.0
GRCh38_CMRG_73376	0.0
GRCh38_CMRG_27299	0.0
GRCh38_CMRG_83573	0.0
GRCh38_CMRG_19857	0.0
GRCh38_CMRG_79384	0.0
GRCh38_CMRG_9740	0.0
GRCh38_CMRG_17765	0.0
GRCh38_CMRG_21595	0.0
GRCh38_CMRG_15360	0.0
GRCh38_CMRG_48583	0.0
GRCh38_CMRG_18606	0.0
GRCh38_CMRG_48281	0.0
GRCh38_CMRG_12192	0.0
GRCh38_CMRG_60455	0.0
GRCh38_CMRG_77619	0.0
GRCh38_CMRG_55249	0.0
GRCh38_CMRG_37747	0.0
GRCh38_CMRG_40006	0.0
GRCh38_CMRG_15159	0.0
GRCh38_CMRG_33064	0.0
GRCh38_CMRG_50539	0.0
GRCh38_CMRG_67704	0.0
GRCh38_CMRG_79209	0.0
GRCh38_CMRG_8428	0.0
GRCh38_CMRG_10757	0.0
GRCh38_CMRG_14732	0.0
GRCh38_CMRG_54155	0.0
GRCh38_CMRG_13313	0.0
GRCh38_CMRG_79864	0.0
GRCh38_CMRG_33019	0.0
GRCh38_CMRG_52386	0.0
GRCh38_CMRG_6060	0.0
GRCh38_CMRG_21877	0.0
GRCh38_CMRG_40433	0.0
GRCh38_CMRG_9909	0.0
GRCh38_CMRG_41801	0.0
GRCh38_CMRG_40928	0.0
GRCh38_CMRG_64781	0.0
GRCh38_CMRG_79707	0.0
GRCh38_CMRG_28328	0.0
GRCh38_CMRG_33830	0.0
GRCh38_CMRG_2902	0.0
GRCh38_CMRG_28562	0.0
GRCh38_CMRG_19448	0.0
GRCh38_CMRG_13206	0.0
GRCh38_CMRG_26762	0.0
GRCh38_CMRG_11744	0.0
GRCh38_CMRG_53446	0.0
GRCh38_CMRG_43619	0.0
GRCh38_CMRG_13157	0.0
GRCh38_CMRG_23590	0.0
GRCh38_CMRG_58954	0.0
GRCh38_CMRG_72642	0.0
GRCh38_CMRG_7577	0.0
GRCh38_CMRG_54328	0.0
GRCh38_CMRG_71449	0.0
GRCh38_CMRG_18461	0.0
GRCh38_CMRG_59804	0.0
GRCh38_CMRG_2356	0.0
GRCh38_CMRG_67708	0.0
GRCh38_CMRG_69844	0.0
GRCh38_CMRG_18437	0.0
GRCh38_CMRG_74043	0.0
GRCh38_CMRG_7643	0.0
GRCh38_CMRG_54501	0.0
GRCh38_CMRG_33395	0.0
GRCh38_CMRG_73925	0.0
GRCh38_CMRG_59918	0.0
GRCh38_CMRG_69524	0.0
GRCh38_CMRG_23686	0.0
GRCh38_CMRG_20990	0.0
GRCh38_CMRG_50544	0.0
GRCh38_CMRG_37849	0.0
GRCh38_CMRG_51103	0.0
GRCh38_CMRG_24356	0.0
GRCh38_CMRG_72304	0.0
GRCh38_CMRG_82415	0.0
GRCh38_CMRG_41167	0.0
GRCh38_CMRG_66017	0.0
GRCh38_CMRG_50285	0.0
GRCh38_CMRG_667	0.0
GRCh38_CMRG_37306	0.0
GRCh38_CMRG_31517	0.0
GRCh38_CMRG_45144	0.0
GRCh38_CMRG_82413	0.0
GRCh38_CMRG_31003	0.0
GRCh38_CMRG_44791	0.0
GRCh38_CMRG_51235	0.0
GRCh38_CMRG_36938	0.0
GRCh38_CMRG_62320	0.0
GRCh38_CMRG_75139	0.0
GRCh38_CMRG_73208	0.0
GRCh38_CMRG_6074	0.0
GRCh38_CMRG_14447	0.0
GRCh38_CMRG_39920	0.0
GRCh38_CMRG_12331	0.0
GRCh38_CMRG_24662	0.0
GRCh38_CMRG_70400	0.0
GRCh38_CMRG_33795	0.0
GRCh38_CMRG_23928	0.0
GRCh38_CMRG_45713	0.0
GRCh38_CMRG_72849	0.0
GRCh38_CMRG_64355	0.0
GRCh38_CMRG_55081	0.0
GRCh38_CMRG_38127	0.0
GRCh38_CMRG_34384	0.0
GRCh38_CMRG_44983	0.0
GRCh38_CMRG_72335	0.0
GRCh38_CMRG_65461	0.0
GRCh38_CMRG_45959	0.0
GRCh38_CMRG_46304	0.0
GRCh38_CMRG_7984	0.0
GRCh38_CMRG_38357	0.0
GRCh38_CMRG_14452	0.0
GRCh38_CMRG_68744	0.0
GRCh38_CMRG_31161	0.0
GRCh38_CMRG_41209	0.0
GRCh38_CMRG_38216	0.0
GRCh38_CMRG_17189	0.0
GRCh38_CMRG_52913	0.0
GRCh38_CMRG_81762	0.0
GRCh38_CMRG_84511	0.0
GRCh38_CMRG_82759	0.0
GRCh38_CMRG_14082	0.0
GRCh38_CMRG_36002	0.0
GRCh38_CMRG_74824	0.0
GRCh38_CMRG_65058	0.0
GRCh38_CMRG_50288	0.0
GRCh38_CMRG_33465	0.0
GRCh38_CMRG_41910	0.0
GRCh38_CMRG_24002	0.0
GRCh38_CMRG_73041	0.0
GRCh38_CMRG_36299	0.0
GRCh38_CMRG_53386	0.0
GRCh38_CMRG_69305	0.0
GRCh38_CMRG_45533	0.0
GRCh38_CMRG_29280	0.0
GRCh38_CMRG_82716	0.0
GRCh38_CMRG_13511	0.0
GRCh38_CMRG_62410	0.0
GRCh38_CMRG_38356	0.0
GRCh38_CMRG_35774	0.0
GRCh38_CMRG_65134	0.0
GRCh38_CMRG_52899	0.0
GRCh38_CMRG_36631	0.0
GRCh38_CMRG_6375	0.0
GRCh38_CMRG_79897	0.0
GRCh38_CMRG_28307	0.0
GRCh38_CMRG_38253	0.0
GRCh38_CMRG_10921	0.0
GRCh38_CMRG_49316	0.0
GRCh38_CMRG_48270	0.0
GRCh38_CMRG_47237	0.0
GRCh38_CMRG_36654	0.0
GRCh38_CMRG_33316	0.0
GRCh38_CMRG_19930	0.0
GRCh38_CMRG_69894	0.0
GRCh38_CMRG_72845	0.0
GRCh38_CMRG_48009	0.0
GRCh38_CMRG_61273	0.0
GRCh38_CMRG_9333	0.0
GRCh38_CMRG_2091	0.0
GRCh38_CMRG_30738	0.0
GRCh38_CMRG_73635	0.0
GRCh38_CMRG_1321	0.0
GRCh38_CMRG_73793	0.0
GRCh38_CMRG_77375	0.0
GRCh38_CMRG_65104	0.0
GRCh38_CMRG_22247	0.0
GRCh38_CMRG_60363	0.0
GRCh38_CMRG_41166	0.0
GRCh38_CMRG_73878	0.0
GRCh38_CMRG_33003	0.0
GRCh38_CMRG_50953	0.0
GRCh38_CMRG_17846	0.0
GRCh38_CMRG_10933	0.0
GRCh38_CMRG_7982	0.0
GRCh38_CMRG_50933	0.0
GRCh38_CMRG_82403	0.0
GRCh38_CMRG_58132	0.0
GRCh38_CMRG_65767	0.0
GRCh38_CMRG_80038	0.0
GRCh38_CMRG_49152	0.0
GRCh38_CMRG_84375	0.0
GRCh38_CMRG_72677	0.0
GRCh38_CMRG_67671	0.0
GRCh38_CMRG_68406	0.0
GRCh38_CMRG_79581	0.0
GRCh38_CMRG_70585	0.0
GRCh38_CMRG_79130	0.0
GRCh38_CMRG_76918	0.0
GRCh38_CMRG_23970	0.0
GRCh38_CMRG_46347	0.0
GRCh38_CMRG_49487	0.0
GRCh38_CMRG_46303	0.0
GRCh38_CMRG_51955	0.0
GRCh38_CMRG_28433	0.0
GRCh38_CMRG_52446	0.0
GRCh38_CMRG_17207	0.0
GRCh38_CMRG_32837	0.0
GRCh38_CMRG_7939	0.0
GRCh38_CMRG_44849	0.0
GRCh38_CMRG_52609	0.0
GRCh38_CMRG_51425	0.0
GRCh38_CMRG_71477	0.0
GRCh38_CMRG_32313	0.0
GRCh38_CMRG_41401	0.0
GRCh38_CMRG_81802	0.0
GRCh38_CMRG_36912	0.0
GRCh38_CMRG_38709	0.0
GRCh38_CMRG_79956	0.0
GRCh38_CMRG_33903	0.0
GRCh38_CMRG_18022	0.0
GRCh38_CMRG_6670	0.0
GRCh38_CMRG_53791	0.0
GRCh38_CMRG_18972	0.0
GRCh38_CMRG_27791	0.0
GRCh38_CMRG_28095	0.0
GRCh38_CMRG_65098	0.0
GRCh38_CMRG_81869	0.0
GRCh38_CMRG_72427	0.0
GRCh38_CMRG_68294	0.0
GRCh38_CMRG_31476	0.0
GRCh38_CMRG_70539	0.0
GRCh38_CMRG_67311	0.0
GRCh38_CMRG_51918	0.0
GRCh38_CMRG_74900	0.0
GRCh38_CMRG_81225	0.0
GRCh38_CMRG_19521	0.0
GRCh38_CMRG_12158	0.0
GRCh38_CMRG_11282	0.0
GRCh38_CMRG_59260	0.0
GRCh38_CMRG_18952	0.0
GRCh38_CMRG_22224	0.0
GRCh38_CMRG_71013	0.0
GRCh38_CMRG_59888	0.0
GRCh38_CMRG_72739	0.0
GRCh38_CMRG_5993	0.0
GRCh38_CMRG_8510	0.0
GRCh38_CMRG_49428	0.0
GRCh38_CMRG_65335	0.0
GRCh38_CMRG_81988	0.0
GRCh38_CMRG_11164	0.0
GRCh38_CMRG_41540	0.0
GRCh38_CMRG_53761	0.0
GRCh38_CMRG_44940	0.0
GRCh38_CMRG_74155	0.0
GRCh38_CMRG_79904	0.0
GRCh38_CMRG_27050	0.0
GRCh38_CMRG_10934	0.0
GRCh38_CMRG_48743	0.0
GRCh38_CMRG_52343	0.0
GRCh38_CMRG_18685	0.0
GRCh38_CMRG_84497	0.0
GRCh38_CMRG_19032	0.0
GRCh38_CMRG_13310	0.0
GRCh38_CMRG_71915	0.0
GRCh38_CMRG_52610	0.0
GRCh38_CMRG_41496	0.0
GRCh38_CMRG_44873	0.0
GRCh38_CMRG_23596	0.0
GRCh38_CMRG_67966	0.0
GRCh38_CMRG_73549	0.0
GRCh38_CMRG_82772	0.0
GRCh38_CMRG_55398	0.0
GRCh38_CMRG_44615	0.0
GRCh38_CMRG_14145	0.0
GRCh38_CMRG_39704	0.0
GRCh38_CMRG_47667	0.0
GRCh38_CMRG_44813	0.0
GRCh38_CMRG_66050	0.0
GRCh38_CMRG_79386	0.0
GRCh38_CMRG_51003	0.0
GRCh38_CMRG_22030	0.0
GRCh38_CMRG_33046	0.0
GRCh38_CMRG_29096	0.0
GRCh38_CMRG_31102	0.0
GRCh38_CMRG_82995	0.0
GRCh38_CMRG_64966	0.0
GRCh38_CMRG_8482	0.0
GRCh38_CMRG_71338	0.0
GRCh38_CMRG_13706	0.0
GRCh38_CMRG_34427	0.0
GRCh38_CMRG_38105	0.0
GRCh38_CMRG_16482	0.0
GRCh38_CMRG_70110	0.0
GRCh38_CMRG_48383	0.0
GRCh38_CMRG_10723	0.0
GRCh38_CMRG_77417	0.0
GRCh38_CMRG_33315	0.0
GRCh38_CMRG_46495	0.0
GRCh38_CMRG_68243	0.0
GRCh38_CMRG_68285	0.0
GRCh38_CMRG_9910	0.0
GRCh38_CMRG_36141	0.0
GRCh38_CMRG_82226	0.0
GRCh38_CMRG_38168	0.0
GRCh38_CMRG_68319	0.0
GRCh38_CMRG_30013	0.0
GRCh38_CMRG_13413	0.0
GRCh38_CMRG_82626	0.0
GRCh38_CMRG_817	0.0
GRCh38_CMRG_55218	0.0
GRCh38_CMRG_28906	0.0
GRCh38_CMRG_49042	0.0
GRCh38_CMRG_7529	0.0
GRCh38_CMRG_70479	0.0
GRCh38_CMRG_55584	0.0
GRCh38_CMRG_37075	0.0
GRCh38_CMRG_17357	0.0
GRCh38_CMRG_34221	0.0
GRCh38_CMRG_49216	0.0
GRCh38_CMRG_8070	0.0
GRCh38_CMRG_77692	0.0
GRCh38_CMRG_69419	0.0
GRCh38_CMRG_20989	0.0
GRCh38_CMRG_13052	0.0
GRCh38_CMRG_5814	0.0
GRCh38_CMRG_49140	0.0
GRCh38_CMRG_40394	0.0
GRCh38_CMRG_44874	0.0
GRCh38_CMRG_53644	0.0
GRCh38_CMRG_81703	0.0
GRCh38_CMRG_58212	0.0
GRCh38_CMRG_48590	0.0
GRCh38_CMRG_45514	0.0
GRCh38_CMRG_53318	0.0
GRCh38_CMRG_51023	0.0
GRCh38_CMRG_28907	0.0
GRCh38_CMRG_8576	0.0
GRCh38_CMRG_72014	0.0
GRCh38_CMRG_23974	0.0
GRCh38_CMRG_13411	0.0
GRCh38_CMRG_68103	0.0
GRCh38_CMRG_58817	0.0
GRCh38_CMRG_23453	0.0
GRCh38_CMRG_59402	0.0
GRCh38_CMRG_71157	0.0
GRCh38_CMRG_2549	0.0
GRCh38_CMRG_60412	0.0
GRCh38_CMRG_24022	0.0
GRCh38_CMRG_74201	0.0
GRCh38_CMRG_59295	0.0
GRCh38_CMRG_2397	0.0
GRCh38_CMRG_5882	0.0
GRCh38_CMRG_12109	0.0
GRCh38_CMRG_75447	0.0
GRCh38_CMRG_19877	0.0
GRCh38_CMRG_35873	0.0
GRCh38_CMRG_8592	0.0
GRCh38_CMRG_31056	0.0
GRCh38_CMRG_76700	0.0
GRCh38_CMRG_59815	0.0
GRCh38_CMRG_82919	0.0
GRCh38_CMRG_50855	0.0
GRCh38_CMRG_14577	0.0
GRCh38_CMRG_67993	0.0
GRCh38_CMRG_31846	0.0
GRCh38_CMRG_45033	0.0
GRCh38_CMRG_52055	0.0
GRCh38_CMRG_39371	0.0
GRCh38_CMRG_71037	0.0
GRCh38_CMRG_79301	0.0
GRCh38_CMRG_25780	0.0
GRCh38_CMRG_34753	0.0
GRCh38_CMRG_84521	0.0
GRCh38_CMRG_26310	0.0
GRCh38_CMRG_63234	0.0
GRCh38_CMRG_37487	0.0
GRCh38_CMRG_1707	0.0
GRCh38_CMRG_17644	0.0
GRCh38_CMRG_11719	0.0
GRCh38_CMRG_590	0.0
GRCh38_CMRG_32777	0.0
GRCh38_CMRG_51758	0.0
GRCh38_CMRG_50532	0.0
GRCh38_CMRG_79624	0.0
GRCh38_CMRG_18464	0.0
GRCh38_CMRG_75639	0.0
GRCh38_CMRG_35934	0.0
GRCh38_CMRG_55763	0.0
GRCh38_CMRG_18015	0.0
GRCh38_CMRG_6972	0.0
GRCh38_CMRG_8514	0.0
GRCh38_CMRG_45232	0.0
GRCh38_CMRG_13961	0.0
GRCh38_CMRG_23771	0.0
GRCh38_CMRG_69060	0.0
GRCh38_CMRG_18589	0.0
GRCh38_CMRG_18611	0.0
GRCh38_CMRG_40703	0.0
GRCh38_CMRG_59553	0.0
GRCh38_CMRG_41731	0.0
GRCh38_CMRG_74826	0.0
GRCh38_CMRG_72689	0.0
GRCh38_CMRG_48608	0.0
GRCh38_CMRG_83401	0.0
GRCh38_CMRG_26664	0.0
GRCh38_CMRG_74613	0.0
GRCh38_CMRG_35680	0.0
GRCh38_CMRG_84254	0.0
GRCh38_CMRG_101	0.0
GRCh38_CMRG_24316	0.0
GRCh38_CMRG_67946	0.0
GRCh38_CMRG_79962	0.0
GRCh38_CMRG_36639	0.0
GRCh38_CMRG_493	0.0
GRCh38_CMRG_16674	0.0
GRCh38_CMRG_32297	0.0
GRCh38_CMRG_71623	0.0
GRCh38_CMRG_556	0.0
GRCh38_CMRG_19434	0.0
GRCh38_CMRG_75596	0.0
GRCh38_CMRG_35923	0.0
GRCh38_CMRG_14285	0.0
GRCh38_CMRG_64311	0.0
GRCh38_CMRG_68421	0.0
GRCh38_CMRG_19358	0.0
GRCh38_CMRG_49555	0.0
GRCh38_CMRG_77509	0.0
GRCh38_CMRG_8172	0.0
GRCh38_CMRG_1200	0.0
GRCh38_CMRG_34220	0.0
GRCh38_CMRG_14728	0.0
GRCh38_CMRG_83201	0.0
GRCh38_CMRG_32441	0.0
GRCh38_CMRG_62018	0.0
GRCh38_CMRG_55566	0.0
GRCh38_CMRG_72217	0.0
GRCh38_CMRG_52781	0.0
GRCh38_CMRG_68866	0.0
GRCh38_CMRG_81602	0.0
GRCh38_CMRG_60849	0.0
GRCh38_CMRG_177	0.0
GRCh38_CMRG_6033	0.0
GRCh38_CMRG_18462	0.0
GRCh38_CMRG_6048	0.0
GRCh38_CMRG_55377	0.0
GRCh38_CMRG_11211	0.0
GRCh38_CMRG_58200	0.0
GRCh38_CMRG_19273	0.0
GRCh38_CMRG_42182	0.0
GRCh38_CMRG_38353	0.0
GRCh38_CMRG_15155	0.0
GRCh38_CMRG_70185	0.0
GRCh38_CMRG_41854	0.0
GRCh38_CMRG_59407	0.0
GRCh38_CMRG_63557	0.0
GRCh38_CMRG_37963	0.0
GRCh38_CMRG_18601	0.0
GRCh38_CMRG_44972	0.0
GRCh38_CMRG_17080	0.0
GRCh38_CMRG_52016	0.0
GRCh38_CMRG_44924	0.0
GRCh38_CMRG_54835	0.0
GRCh38_CMRG_82424	0.0
GRCh38_CMRG_83529	0.0
GRCh38_CMRG_28144	0.0
GRCh38_CMRG_636	0.0
GRCh38_CMRG_13771	0.0
GRCh38_CMRG_25741	0.0
GRCh38_CMRG_77009	0.0
GRCh38_CMRG_1362	0.0
GRCh38_CMRG_46247	0.0
GRCh38_CMRG_73186	0.0
GRCh38_CMRG_28081	0.0
GRCh38_CMRG_32899	0.0
GRCh38_CMRG_38907	0.0
GRCh38_CMRG_77655	0.0
GRCh38_CMRG_35552	0.0
GRCh38_CMRG_18560	0.0
GRCh38_CMRG_61659	0.0
GRCh38_CMRG_10882	0.0
GRCh38_CMRG_55606	0.0
GRCh38_CMRG_52625	0.0
GRCh38_CMRG_38544	0.0
GRCh38_CMRG_60505	0.0
GRCh38_CMRG_23861	0.0
GRCh38_CMRG_79037	0.0
GRCh38_CMRG_14902	0.0
GRCh38_CMRG_82549	0.0
GRCh38_CMRG_33233	0.0
GRCh38_CMRG_38143	0.0
GRCh38_CMRG_59305	0.0
GRCh38_CMRG_67142	0.0
GRCh38_CMRG_7966	0.0
GRCh38_CMRG_36319	0.0
GRCh38_CMRG_82670	0.0
GRCh38_CMRG_8365	0.0
GRCh38_CMRG_81961	0.0
GRCh38_CMRG_61846	0.0
GRCh38_CMRG_82829	0.0
GRCh38_CMRG_23704	0.0
GRCh38_CMRG_75595	0.0
GRCh38_CMRG_44010	0.0
GRCh38_CMRG_10671	0.0
GRCh38_CMRG_18096	0.0
GRCh38_CMRG_14097	0.0
GRCh38_CMRG_81810	0.0
GRCh38_CMRG_23949	0.0
GRCh38_CMRG_13014	0.0
GRCh38_CMRG_71450	0.0
GRCh38_CMRG_36278	0.0
GRCh38_CMRG_61120	0.0
GRCh38_CMRG_34124	0.0
GRCh38_CMRG_72453	0.0
GRCh38_CMRG_82073	0.0
GRCh38_CMRG_19175	0.0
GRCh38_CMRG_18780	0.0
GRCh38_CMRG_41823	0.0
GRCh38_CMRG_35836	0.0
GRCh38_CMRG_28	0.0
GRCh38_CMRG_44110	0.0
GRCh38_CMRG_60043	0.0
GRCh38_CMRG_59781	0.0
GRCh38_CMRG_6132	0.0
GRCh38_CMRG_77140	0.0
GRCh38_CMRG_49535	0.0
GRCh38_CMRG_48191	0.0
GRCh38_CMRG_27875	0.0
GRCh38_CMRG_15134	0.0
GRCh38_CMRG_11319	0.0
GRCh38_CMRG_33170	0.0
GRCh38_CMRG_73615	0.0
GRCh38_CMRG_22149	0.0
GRCh38_CMRG_46283	0.0
GRCh38_CMRG_38576	0.0
GRCh38_CMRG_67549	0.0
GRCh38_CMRG_28002	0.0
GRCh38_CMRG_82841	0.0
GRCh38_CMRG_82295	0.0
GRCh38_CMRG_52911	0.0
GRCh38_CMRG_69343	0.0
GRCh38_CMRG_31957	0.0
GRCh38_CMRG_12361	0.0
GRCh38_CMRG_72599	0.0
GRCh38_CMRG_42179	0.0
GRCh38_CMRG_7832	0.0
GRCh38_CMRG_36622	0.0
GRCh38_CMRG_45747	0.0
GRCh38_CMRG_46235	0.0
GRCh38_CMRG_6635	0.0
GRCh38_CMRG_52385	0.0
GRCh38_CMRG_364	0.0
GRCh38_CMRG_24236	0.0
GRCh38_CMRG_26645	0.0
GRCh38_CMRG_29506	0.0
GRCh38_CMRG_71094	0.0
GRCh38_CMRG_6298	0.0
GRCh38_CMRG_76924	0.0
GRCh38_CMRG_48657	0.0
GRCh38_CMRG_72425	0.0
GRCh38_CMRG_1476	0.0
GRCh38_CMRG_52756	0.0
GRCh38_CMRG_64796	0.0
GRCh38_CMRG_83070	0.0
GRCh38_CMRG_67297	0.0
GRCh38_CMRG_44871	0.0
GRCh38_CMRG_11233	0.0
GRCh38_CMRG_73090	0.0
GRCh38_CMRG_74048	0.0
GRCh38_CMRG_8822	0.0
GRCh38_CMRG_37189	0.0
GRCh38_CMRG_44701	0.0
GRCh38_CMRG_70136	0.0
GRCh38_CMRG_16971	0.0
GRCh38_CMRG_51590	0.0
GRCh38_CMRG_36408	0.0
GRCh38_CMRG_60843	0.0
GRCh38_CMRG_45028	0.0
GRCh38_CMRG_62577	0.0
GRCh38_CMRG_82323	0.0
GRCh38_CMRG_49947	0.0
GRCh38_CMRG_2445	0.0
GRCh38_CMRG_18033	0.0
GRCh38_CMRG_32961	0.0
GRCh38_CMRG_24685	0.0
GRCh38_CMRG_48831	0.0
GRCh38_CMRG_7466	0.0
GRCh38_CMRG_17832	0.0
GRCh38_CMRG_61492	0.0
GRCh38_CMRG_79027	0.0
GRCh38_CMRG_47376	0.0
GRCh38_CMRG_55613	0.0
GRCh38_CMRG_24288	0.0
GRCh38_CMRG_84053	0.0
GRCh38_CMRG_13643	0.0
GRCh38_CMRG_49311	0.0
GRCh38_CMRG_68298	0.0
GRCh38_CMRG_48902	0.0
GRCh38_CMRG_14614	0.0
GRCh38_CMRG_67639	0.0
GRCh38_CMRG_78950	0.0
GRCh38_CMRG_59535	0.0
GRCh38_CMRG_50988	0.0
GRCh38_CMRG_42581	0.0
GRCh38_CMRG_1780	0.0
GRCh38_CMRG_68485	0.0
GRCh38_CMRG_76424	0.0
GRCh38_CMRG_381	0.0
GRCh38_CMRG_28407	0.0
GRCh38_CMRG_81939	0.0
GRCh38_CMRG_62119	0.0
GRCh38_CMRG_41478	0.0
GRCh38_CMRG_55255	0.0
GRCh38_CMRG_22668	0.0
GRCh38_CMRG_44933	0.0
GRCh38_CMRG_2123	0.0
GRCh38_CMRG_82742	0.0
GRCh38_CMRG_78951	0.0
GRCh38_CMRG_72092	0.0
GRCh38_CMRG_16618	0.0
GRCh38_CMRG_6971	0.0
GRCh38_CMRG_19254	0.0
GRCh38_CMRG_81822	0.0
GRCh38_CMRG_13131	0.0
GRCh38_CMRG_44445	0.0
GRCh38_CMRG_24578	0.0
GRCh38_CMRG_55812	0.0
GRCh38_CMRG_69622	0.0
GRCh38_CMRG_29564	0.0
GRCh38_CMRG_72623	0.0
GRCh38_CMRG_73167	0.0
GRCh38_CMRG_41682	0.0
GRCh38_CMRG_36911	0.0
GRCh38_CMRG_62397	0.0
GRCh38_CMRG_41392	0.0
GRCh38_CMRG_20008	0.0
GRCh38_CMRG_72795	0.0
GRCh38_CMRG_26313	0.0
GRCh38_CMRG_55300	0.0
GRCh38_CMRG_20028	0.0
GRCh38_CMRG_12514	0.0
GRCh38_CMRG_47434	0.0
GRCh38_CMRG_34471	0.0
GRCh38_CMRG_13459	0.0
GRCh38_CMRG_64310	0.0
GRCh38_CMRG_5891	0.0
GRCh38_CMRG_61962	0.0
GRCh38_CMRG_8722	0.0
GRCh38_CMRG_54350	0.0
GRCh38_CMRG_22446	0.0
GRCh38_CMRG_7941	0.0
GRCh38_CMRG_26803	0.0
GRCh38_CMRG_22006	0.0
GRCh38_CMRG_49865	0.0
GRCh38_CMRG_46088	0.0
GRCh38_CMRG_33305	0.0
GRCh38_CMRG_51584	0.0
GRCh38_CMRG_55426	0.0
GRCh38_CMRG_51691	0.0
GRCh38_CMRG_82713	0.0
GRCh38_CMRG_70374	0.0
GRCh38_CMRG_27777	0.0
GRCh38_CMRG_2393	0.0
GRCh38_CMRG_54327	0.0
GRCh38_CMRG_55729	0.0
GRCh38_CMRG_77722	0.0
GRCh38_CMRG_74273	0.0
GRCh38_CMRG_22239	0.0
GRCh38_CMRG_9513	0.0
GRCh38_CMRG_44380	0.0
GRCh38_CMRG_33539	0.0
GRCh38_CMRG_49566	0.0
GRCh38_CMRG_42506	0.0
GRCh38_CMRG_32611	0.0
GRCh38_CMRG_32915	0.0
GRCh38_CMRG_25065	0.0
GRCh38_CMRG_45754	0.0
GRCh38_CMRG_6287	0.0
GRCh38_CMRG_52926	0.0
GRCh38_CMRG_72233	0.0
GRCh38_CMRG_62206	0.0
GRCh38_CMRG_83251	0.0
GRCh38_CMRG_41793	0.0
GRCh38_CMRG_72218	0.0
GRCh38_CMRG_30879	0.0
GRCh38_CMRG_2165	0.0
GRCh38_CMRG_1517	0.0
GRCh38_CMRG_21596	0.0
GRCh38_CMRG_44934	0.0
GRCh38_CMRG_78987	0.0
GRCh38_CMRG_33376	0.0
GRCh38_CMRG_21267	0.0
GRCh38_CMRG_18229	0.0
GRCh38_CMRG_27004	0.0
GRCh38_CMRG_28817	0.0
GRCh38_CMRG_9911	0.0
GRCh38_CMRG_53485	0.0
GRCh38_CMRG_23587	0.0
GRCh38_CMRG_46309	0.0
GRCh38_CMRG_8312	0.0
GRCh38_CMRG_79070	0.0
GRCh38_CMRG_34058	0.0
GRCh38_CMRG_81647	0.0
GRCh38_CMRG_38796	0.0
GRCh38_CMRG_50040	0.0
GRCh38_CMRG_34658	0.0
GRCh38_CMRG_78872	0.0
GRCh38_CMRG_37470	0.0
GRCh38_CMRG_77159	0.0
GRCh38_CMRG_41550	0.0
GRCh38_CMRG_21885	0.0
GRCh38_CMRG_11130	0.0
GRCh38_CMRG_59571	0.0
GRCh38_CMRG_39126	0.0
GRCh38_CMRG_38467	0.0
GRCh38_CMRG_11581	0.0
GRCh38_CMRG_77473	0.0
GRCh38_CMRG_6826	0.0
GRCh38_CMRG_48538	0.0
GRCh38_CMRG_24263	0.0
GRCh38_CMRG_25374	0.0
GRCh38_CMRG_79316	0.0
GRCh38_CMRG_84162	0.0
GRCh38_CMRG_74999	0.0
GRCh38_CMRG_23799	0.0
GRCh38_CMRG_44833	0.0
GRCh38_CMRG_27803	0.0
GRCh38_CMRG_7621	0.0
GRCh38_CMRG_38210	0.0
GRCh38_CMRG_61268	0.0
GRCh38_CMRG_51380	0.0
GRCh38_CMRG_36954	0.0
GRCh38_CMRG_64971	0.0
GRCh38_CMRG_78923	0.0
GRCh38_CMRG_25253	0.0
GRCh38_CMRG_23696	0.0
GRCh38_CMRG_24602	0.0
GRCh38_CMRG_26994	0.0
GRCh38_CMRG_9472	0.0
GRCh38_CMRG_8128	0.0
GRCh38_CMRG_74465	0.0
GRCh38_CMRG_2855	0.0
GRCh38_CMRG_59410	0.0
GRCh38_CMRG_18602	0.0
GRCh38_CMRG_29354	0.0
GRCh38_CMRG_40929	0.0
GRCh38_CMRG_18315	0.0
GRCh38_CMRG_68107	0.0
GRCh38_CMRG_19133	0.0
GRCh38_CMRG_58695	0.0
GRCh38_CMRG_49301	0.0
GRCh38_CMRG_1228	0.0
GRCh38_CMRG_82179	0.0
GRCh38_CMRG_74813	0.0
GRCh38_CMRG_73379	0.0
GRCh38_CMRG_77677	0.0
GRCh38_CMRG_82708	0.0
GRCh38_CMRG_77076	0.0
GRCh38_CMRG_59062	0.0
GRCh38_CMRG_83393	0.0
GRCh38_CMRG_83746	0.0
GRCh38_CMRG_54800	0.0
GRCh38_CMRG_33782	0.0
GRCh38_CMRG_77559	0.0
GRCh38_CMRG_82905	0.0
GRCh38_CMRG_52309	0.0
GRCh38_CMRG_45720	0.0
GRCh38_CMRG_44292	0.0
GRCh38_CMRG_61099	0.0
GRCh38_CMRG_47225	0.0
GRCh38_CMRG_82441	0.0
GRCh38_CMRG_68121	0.0
GRCh38_CMRG_62621	0.0
GRCh38_CMRG_8166	0.0
GRCh38_CMRG_33879	0.0
GRCh38_CMRG_74534	0.0
GRCh38_CMRG_36230	0.0
GRCh38_CMRG_44763	0.0
GRCh38_CMRG_43960	0.0
GRCh38_CMRG_34475	0.0
GRCh38_CMRG_49789	0.0
GRCh38_CMRG_39850	0.0
GRCh38_CMRG_69870	0.0
GRCh38_CMRG_43897	0.0
GRCh38_CMRG_71748	0.0
GRCh38_CMRG_83820	0.0
GRCh38_CMRG_24529	0.0
GRCh38_CMRG_40376	0.0
GRCh38_CMRG_60009	0.0
GRCh38_CMRG_428	0.0
GRCh38_CMRG_24048	0.0
GRCh38_CMRG_37694	0.0
GRCh38_CMRG_75137	0.0
GRCh38_CMRG_77730	0.0
GRCh38_CMRG_69805	0.0
GRCh38_CMRG_22345	0.0
GRCh38_CMRG_24274	0.0
GRCh38_CMRG_464	0.0
GRCh38_CMRG_76635	0.0
GRCh38_CMRG_71332	0.0
GRCh38_CMRG_55031	0.0
GRCh38_CMRG_26025	0.0
GRCh38_CMRG_47699	0.0
GRCh38_CMRG_12789	0.0
GRCh38_CMRG_73927	0.0
GRCh38_CMRG_17979	0.0
GRCh38_CMRG_14499	0.0
GRCh38_CMRG_9383	0.0
GRCh38_CMRG_6723	0.0
GRCh38_CMRG_47474	0.0
GRCh38_CMRG_72493	0.0
GRCh38_CMRG_82471	0.0
GRCh38_CMRG_73670	0.0
GRCh38_CMRG_18387	0.0
GRCh38_CMRG_22261	0.0
GRCh38_CMRG_40996	0.0
GRCh38_CMRG_10958	0.0
GRCh38_CMRG_45543	0.0
GRCh38_CMRG_68275	0.0
GRCh38_CMRG_39256	0.0
GRCh38_CMRG_13317	0.0
GRCh38_CMRG_64600	0.0
GRCh38_CMRG_7572	0.0
GRCh38_CMRG_60185	0.0
GRCh38_CMRG_2052	0.0
GRCh38_CMRG_40633	0.0
GRCh38_CMRG_60362	0.0
GRCh38_CMRG_54632	0.0
GRCh38_CMRG_12194	0.0
GRCh38_CMRG_82686	0.0
GRCh38_CMRG_68848	0.0
GRCh38_CMRG_24408	0.0
GRCh38_CMRG_19277	0.0
GRCh38_CMRG_7884	0.0
GRCh38_CMRG_69684	0.0
GRCh38_CMRG_10612	0.0
GRCh38_CMRG_10616	0.0
GRCh38_CMRG_18468	0.0
GRCh38_CMRG_68334	0.0
GRCh38_CMRG_68391	0.0
GRCh38_CMRG_33430	0.0
GRCh38_CMRG_67691	0.0
GRCh38_CMRG_23613	0.0
GRCh38_CMRG_41895	0.0
GRCh38_CMRG_7829	0.0
GRCh38_CMRG_50948	0.0
GRCh38_CMRG_49318	0.0
GRCh38_CMRG_31814	0.0
GRCh38_CMRG_82427	0.0
GRCh38_CMRG_58259	0.0
GRCh38_CMRG_36290	0.0
GRCh38_CMRG_38574	0.0
GRCh38_CMRG_42545	0.0
GRCh38_CMRG_2025	0.0
GRCh38_CMRG_33781	0.0
GRCh38_CMRG_2135	0.0
GRCh38_CMRG_11445	0.0
GRCh38_CMRG_12043	0.0
GRCh38_CMRG_68459	0.0
GRCh38_CMRG_65719	0.0
GRCh38_CMRG_68384	0.0
GRCh38_CMRG_77061	0.0
GRCh38_CMRG_24539	0.0
GRCh38_CMRG_29867	0.0
GRCh38_CMRG_50369	0.0
GRCh38_CMRG_75165	0.0
GRCh38_CMRG_19564	0.0
GRCh38_CMRG_72609	0.0
GRCh38_CMRG_13533	0.0
GRCh38_CMRG_17965	0.0
GRCh38_CMRG_48370	0.0
GRCh38_CMRG_18688	0.0
GRCh38_CMRG_24751	0.0
GRCh38_CMRG_13498	0.0
GRCh38_CMRG_11156	0.0
GRCh38_CMRG_61899	0.0
GRCh38_CMRG_72235	0.0
GRCh38_CMRG_43958	0.0
GRCh38_CMRG_14100	0.0
GRCh38_CMRG_55002	0.0
GRCh38_CMRG_34669	0.0
GRCh38_CMRG_48062	0.0
GRCh38_CMRG_48104	0.0
GRCh38_CMRG_55027	0.0
GRCh38_CMRG_74477	0.0
GRCh38_CMRG_79236	0.0
GRCh38_CMRG_83604	0.0
GRCh38_CMRG_33237	0.0
GRCh38_CMRG_13687	0.0
GRCh38_CMRG_58481	0.0
GRCh38_CMRG_19305	0.0
GRCh38_CMRG_21130	0.0
GRCh38_CMRG_64353	0.0
GRCh38_CMRG_38233	0.0
GRCh38_CMRG_33134	0.0
GRCh38_CMRG_28862	0.0
GRCh38_CMRG_46297	0.0
GRCh38_CMRG_45968	0.0
GRCh38_CMRG_64247	0.0
GRCh38_CMRG_18117	0.0
GRCh38_CMRG_60335	0.0
GRCh38_CMRG_68925	0.0
GRCh38_CMRG_42225	0.0
GRCh38_CMRG_31936	0.0
GRCh38_CMRG_13322	0.0
GRCh38_CMRG_10995	0.0
GRCh38_CMRG_5832	0.0
GRCh38_CMRG_82868	0.0
GRCh38_CMRG_70098	0.0
GRCh38_CMRG_28457	0.0
GRCh38_CMRG_68429	0.0
GRCh38_CMRG_32751	0.0
GRCh38_CMRG_22667	0.0
GRCh38_CMRG_7211	0.0
GRCh38_CMRG_32031	0.0
GRCh38_CMRG_17804	0.0
GRCh38_CMRG_45438	0.0
GRCh38_CMRG_6732	0.0
GRCh38_CMRG_51904	0.0
GRCh38_CMRG_61820	0.0
GRCh38_CMRG_52775	0.0
GRCh38_CMRG_21638	0.0
GRCh38_CMRG_707	0.0
GRCh38_CMRG_36	0.0
GRCh38_CMRG_72661	0.0
GRCh38_CMRG_78890	0.0
GRCh38_CMRG_74760	0.0
GRCh38_CMRG_32944	0.0
GRCh38_CMRG_73040	0.0
GRCh38_CMRG_34480	0.0
GRCh38_CMRG_17984	0.0
GRCh38_CMRG_55017	0.0
GRCh38_CMRG_31154	0.0
GRCh38_CMRG_79410	0.0
GRCh38_CMRG_74564	0.0
GRCh38_CMRG_75539	0.0
GRCh38_CMRG_18116	0.0
GRCh38_CMRG_33105	0.0
GRCh38_CMRG_1651	0.0
GRCh38_CMRG_51946	0.0
GRCh38_CMRG_62409	0.0
GRCh38_CMRG_28484	0.0
GRCh38_CMRG_152	0.0
GRCh38_CMRG_29804	0.0
GRCh38_CMRG_38335	0.0
GRCh38_CMRG_83807	0.0
GRCh38_CMRG_62631	0.0
GRCh38_CMRG_75038	0.0
GRCh38_CMRG_83321	0.0
GRCh38_CMRG_58116	0.0
GRCh38_CMRG_32245	0.0
GRCh38_CMRG_47272	0.0
GRCh38_CMRG_33566	0.0
GRCh38_CMRG_74605	0.0
GRCh38_CMRG_63439	0.0
GRCh38_CMRG_18584	0.0
GRCh38_CMRG_38023	0.0
GRCh38_CMRG_21599	0.0
GRCh38_CMRG_1330	0.0
GRCh38_CMRG_76426	0.0
GRCh38_CMRG_45018	0.0
GRCh38_CMRG_19628	0.0
GRCh38_CMRG_38463	0.0
GRCh38_CMRG_67763	0.0
GRCh38_CMRG_55222	0.0
GRCh38_CMRG_7047	0.0
GRCh38_CMRG_28145	0.0
GRCh38_CMRG_73179	0.0
GRCh38_CMRG_5901	0.0
GRCh38_CMRG_46586	0.0
GRCh38_CMRG_44424	0.0
GRCh38_CMRG_24139	0.0
GRCh38_CMRG_24266	0.0
GRCh38_CMRG_38468	0.0
GRCh38_CMRG_8199	0.0
GRCh38_CMRG_37921	0.0
GRCh38_CMRG_73187	0.0
GRCh38_CMRG_68813	0.0
GRCh38_CMRG_38807	0.0
GRCh38_CMRG_81615	0.0
GRCh38_CMRG_55203	0.0
GRCh38_CMRG_41381	0.0
GRCh38_CMRG_8910	0.0
GRCh38_CMRG_15332	0.0
GRCh38_CMRG_65268	0.0
GRCh38_CMRG_59327	0.0
GRCh38_CMRG_73051	0.0
GRCh38_CMRG_48320	0.0
GRCh38_CMRG_2207	0.0
GRCh38_CMRG_52005	0.0
GRCh38_CMRG_18797	0.0
GRCh38_CMRG_45678	0.0
GRCh38_CMRG_79997	0.0
GRCh38_CMRG_32631	0.0
GRCh38_CMRG_82798	0.0
GRCh38_CMRG_19482	0.0
GRCh38_CMRG_64011	0.0
GRCh38_CMRG_41859	0.0
GRCh38_CMRG_33501	0.0
GRCh38_CMRG_74880	0.0
GRCh38_CMRG_73494	0.0
GRCh38_CMRG_6338	0.0
GRCh38_CMRG_41818	0.0
GRCh38_CMRG_23754	0.0
GRCh38_CMRG_69933	0.0
GRCh38_CMRG_71479	0.0
GRCh38_CMRG_46011	0.0
GRCh38_CMRG_65571	0.0
GRCh38_CMRG_27046	0.0
GRCh38_CMRG_23839	0.0
GRCh38_CMRG_7513	0.0
GRCh38_CMRG_2086	0.0
GRCh38_CMRG_539	0.0
GRCh38_CMRG_8316	0.0
GRCh38_CMRG_30749	0.0
GRCh38_CMRG_17089	0.0
GRCh38_CMRG_2916	0.0
GRCh38_CMRG_23728	0.0
GRCh38_CMRG_72421	0.0
GRCh38_CMRG_55728	0.0
GRCh38_CMRG_23473	0.0
GRCh38_CMRG_55850	0.0
GRCh38_CMRG_8401	0.0
GRCh38_CMRG_1660	0.0
GRCh38_CMRG_17079	0.0
GRCh38_CMRG_82373	0.0
GRCh38_CMRG_38516	0.0
GRCh38_CMRG_18344	0.0
GRCh38_CMRG_41549	0.0
GRCh38_CMRG_73064	0.0
GRCh38_CMRG_29870	0.0
GRCh38_CMRG_13396	0.0
GRCh38_CMRG_62321	0.0
GRCh38_CMRG_53608	0.0
GRCh38_CMRG_64523	0.0
GRCh38_CMRG_74908	0.0
GRCh38_CMRG_27862	0.0
GRCh38_CMRG_79847	0.0
GRCh38_CMRG_77158	0.0
GRCh38_CMRG_23015	0.0
GRCh38_CMRG_70406	0.0
GRCh38_CMRG_67784	0.0
GRCh38_CMRG_49375	0.0
GRCh38_CMRG_77217	0.0
GRCh38_CMRG_24252	0.0
GRCh38_CMRG_82819	0.0
GRCh38_CMRG_8566	0.0
GRCh38_CMRG_76	0.0
GRCh38_CMRG_19672	0.0
GRCh38_CMRG_32862	0.0
GRCh38_CMRG_48475	0.0
GRCh38_CMRG_43847	0.0
GRCh38_CMRG_55394	0.0
GRCh38_CMRG_7650	0.0
GRCh38_CMRG_28555	0.0
GRCh38_CMRG_61133	0.0
GRCh38_CMRG_33666	0.0
GRCh38_CMRG_68467	0.0
GRCh38_CMRG_32869	0.0
GRCh38_CMRG_39510	0.0
GRCh38_CMRG_77286	0.0
GRCh38_CMRG_74819	0.0
GRCh38_CMRG_54838	0.0
GRCh38_CMRG_82542	0.0
GRCh38_CMRG_24495	0.0
GRCh38_CMRG_44246	0.0
GRCh38_CMRG_9718	0.0
GRCh38_CMRG_35932	0.0
GRCh38_CMRG_51412	0.0
GRCh38_CMRG_62303	0.0
GRCh38_CMRG_38450	0.0
GRCh38_CMRG_14997	0.0
GRCh38_CMRG_84231	0.0
GRCh38_CMRG_34180	0.0
GRCh38_CMRG_84211	0.0
GRCh38_CMRG_7290	0.0
GRCh38_CMRG_74010	0.0
GRCh38_CMRG_44720	0.0
GRCh38_CMRG_80999	0.0
GRCh38_CMRG_36026	0.0
GRCh38_CMRG_47365	0.0
GRCh38_CMRG_32868	0.0
GRCh38_CMRG_46178	0.0
GRCh38_CMRG_26820	0.0
GRCh38_CMRG_29978	0.0
GRCh38_CMRG_49414	0.0
GRCh38_CMRG_36839	0.0
GRCh38_CMRG_81545	0.0
GRCh38_CMRG_17983	0.0
GRCh38_CMRG_7320	0.0
GRCh38_CMRG_62126	0.0
GRCh38_CMRG_44820	0.0
GRCh38_CMRG_54848	0.0
GRCh38_CMRG_67971	0.0
GRCh38_CMRG_44499	0.0
GRCh38_CMRG_14253	0.0
GRCh38_CMRG_70786	0.0
GRCh38_CMRG_45071	0.0
GRCh38_CMRG_23495	0.0
GRCh38_CMRG_50810	0.0
GRCh38_CMRG_37679	0.0
GRCh38_CMRG_58511	0.0
GRCh38_CMRG_52042	0.0
GRCh38_CMRG_62464	0.0
GRCh38_CMRG_40390	0.0
GRCh38_CMRG_13635	0.0
GRCh38_CMRG_36882	0.0
GRCh38_CMRG_11659	0.0
GRCh38_CMRG_18819	0.0
GRCh38_CMRG_74761	0.0
GRCh38_CMRG_49231	0.0
GRCh38_CMRG_8378	0.0
GRCh38_CMRG_38447	0.0
GRCh38_CMRG_27463	0.0
GRCh38_CMRG_74324	0.0
GRCh38_CMRG_26072	0.0
GRCh38_CMRG_67302	0.0
GRCh38_CMRG_74424	0.0
GRCh38_CMRG_49330	0.0
GRCh38_CMRG_70084	0.0
GRCh38_CMRG_15003	0.0
GRCh38_CMRG_51831	0.0
GRCh38_CMRG_23694	0.0
GRCh38_CMRG_70531	0.0
GRCh38_CMRG_44867	0.0
GRCh38_CMRG_12140	0.0
GRCh38_CMRG_67356	0.0
GRCh38_CMRG_45501	0.0
GRCh38_CMRG_23460	0.0
GRCh38_CMRG_71892	0.0
GRCh38_CMRG_11014	0.0
GRCh38_CMRG_15004	0.0
GRCh38_CMRG_44930	0.0
GRCh38_CMRG_60146	0.0
GRCh38_CMRG_82539	0.0
GRCh38_CMRG_8290	0.0
GRCh38_CMRG_49479	0.0
GRCh38_CMRG_46778	0.0
GRCh38_CMRG_7691	0.0
GRCh38_CMRG_24239	0.0
GRCh38_CMRG_65193	0.0
GRCh38_CMRG_14123	0.0
GRCh38_CMRG_26886	0.0
GRCh38_CMRG_13479	0.0
GRCh38_CMRG_60564	0.0
GRCh38_CMRG_69484	0.0
GRCh38_CMRG_26029	0.0
GRCh38_CMRG_53715	0.0
GRCh38_CMRG_14916	0.0
GRCh38_CMRG_13993	0.0
GRCh38_CMRG_48581	0.0
GRCh38_CMRG_65436	0.0
GRCh38_CMRG_68669	0.0
GRCh38_CMRG_13468	0.0
GRCh38_CMRG_55520	0.0
GRCh38_CMRG_45440	0.0
GRCh38_CMRG_14444	0.0
GRCh38_CMRG_48887	0.0
GRCh38_CMRG_6053	0.0
GRCh38_CMRG_14351	0.0
GRCh38_CMRG_22275	0.0
GRCh38_CMRG_62245	0.0
GRCh38_CMRG_71486	0.0
GRCh38_CMRG_70798	0.0
GRCh38_CMRG_75597	0.0
GRCh38_CMRG_23194	0.0
GRCh38_CMRG_21928	0.0
GRCh38_CMRG_79140	0.0
GRCh38_CMRG_41254	0.0
GRCh38_CMRG_83391	0.0
GRCh38_CMRG_65644	0.0
GRCh38_CMRG_52107	0.0
GRCh38_CMRG_77492	0.0
GRCh38_CMRG_82775	0.0
GRCh38_CMRG_44700	0.0
GRCh38_CMRG_73896	0.0
GRCh38_CMRG_18443	0.0
GRCh38_CMRG_19363	0.0
GRCh38_CMRG_75425	0.0
GRCh38_CMRG_42546	0.0
GRCh38_CMRG_38386	0.0
GRCh38_CMRG_62401	0.0
GRCh38_CMRG_64197	0.0
GRCh38_CMRG_51602	0.0
GRCh38_CMRG_76682	0.0
GRCh38_CMRG_32230	0.0
GRCh38_CMRG_38129	0.0
GRCh38_CMRG_49119	0.0
GRCh38_CMRG_28419	0.0
GRCh38_CMRG_9491	0.0
GRCh38_CMRG_81568	0.0
GRCh38_CMRG_48656	0.0
GRCh38_CMRG_82450	0.0
GRCh38_CMRG_28300	0.0
GRCh38_CMRG_38583	0.0
GRCh38_CMRG_69981	0.0
GRCh38_CMRG_14146	0.0
GRCh38_CMRG_45839	0.0
GRCh38_CMRG_28430	0.0
GRCh38_CMRG_77280	0.0
GRCh38_CMRG_82607	0.0
GRCh38_CMRG_18312	0.0
GRCh38_CMRG_39343	0.0
GRCh38_CMRG_41661	0.0
GRCh38_CMRG_48478	0.0
GRCh38_CMRG_65133	0.0
GRCh38_CMRG_22850	0.0
GRCh38_CMRG_60875	0.0
GRCh38_CMRG_6999	0.0
GRCh38_CMRG_404	0.0
GRCh38_CMRG_82947	0.0
GRCh38_CMRG_23766	0.0
GRCh38_CMRG_79	0.0
GRCh38_CMRG_58077	0.0
GRCh38_CMRG_79428	0.0
GRCh38_CMRG_80011	0.0
GRCh38_CMRG_82346	0.0
GRCh38_CMRG_9497	0.0
GRCh38_CMRG_77391	0.0
GRCh38_CMRG_61221	0.0
GRCh38_CMRG_48718	0.0
GRCh38_CMRG_27133	0.0
GRCh38_CMRG_51030	0.0
GRCh38_CMRG_81591	0.0
GRCh38_CMRG_467	0.0
GRCh38_CMRG_58096	0.0
GRCh38_CMRG_27007	0.0
GRCh38_CMRG_31041	0.0
GRCh38_CMRG_7188	0.0
GRCh38_CMRG_1329	0.0
GRCh38_CMRG_67112	0.0
GRCh38_CMRG_38022	0.0
GRCh38_CMRG_65627	0.0
GRCh38_CMRG_65315	0.0
GRCh38_CMRG_36340	0.0
GRCh38_CMRG_19890	0.0
GRCh38_CMRG_17473	0.0
GRCh38_CMRG_5817	0.0
GRCh38_CMRG_13449	0.0
GRCh38_CMRG_68797	0.0
GRCh38_CMRG_48536	0.0
GRCh38_CMRG_1867	0.0
GRCh38_CMRG_65469	0.0
GRCh38_CMRG_48152	0.0
GRCh38_CMRG_6021	0.0
GRCh38_CMRG_11762	0.0
GRCh38_CMRG_40393	0.0
GRCh38_CMRG_58571	0.0
GRCh38_CMRG_8144	0.0
GRCh38_CMRG_49143	0.0
GRCh38_CMRG_64927	0.0
GRCh38_CMRG_58288	0.0
GRCh38_CMRG_82228	0.0
GRCh38_CMRG_73437	0.0
GRCh38_CMRG_7566	0.0
GRCh38_CMRG_64783	0.0
GRCh38_CMRG_19662	0.0
GRCh38_CMRG_75491	0.0
GRCh38_CMRG_62021	0.0
GRCh38_CMRG_69914	0.0
GRCh38_CMRG_16825	0.0
GRCh38_CMRG_52696	0.0
GRCh38_CMRG_21798	0.0
GRCh38_CMRG_77414	0.0
GRCh38_CMRG_70441	0.0
GRCh38_CMRG_33626	0.0
GRCh38_CMRG_77194	0.0
GRCh38_CMRG_62543	0.0
GRCh38_CMRG_84210	0.0
GRCh38_CMRG_60350	0.0
GRCh38_CMRG_25739	0.0
GRCh38_CMRG_72495	0.0
GRCh38_CMRG_63769	0.0
GRCh38_CMRG_18892	0.0
GRCh38_CMRG_60392	0.0
GRCh38_CMRG_82442	0.0
GRCh38_CMRG_2071	0.0
GRCh38_CMRG_62151	0.0
GRCh38_CMRG_25069	0.0
GRCh38_CMRG_62619	0.0
GRCh38_CMRG_32732	0.0
GRCh38_CMRG_71151	0.0
GRCh38_CMRG_37809	0.0
GRCh38_CMRG_6929	0.0
GRCh38_CMRG_27455	0.0
GRCh38_CMRG_59636	0.0
GRCh38_CMRG_2483	0.0
GRCh38_CMRG_1184	0.0
GRCh38_CMRG_67773	0.0
GRCh38_CMRG_12338	0.0
GRCh38_CMRG_48074	0.0
GRCh38_CMRG_21304	0.0
GRCh38_CMRG_33091	0.0
GRCh38_CMRG_72972	0.0
GRCh38_CMRG_22786	0.0
GRCh38_CMRG_74905	0.0
GRCh38_CMRG_60911	0.0
GRCh38_CMRG_75545	0.0
GRCh38_CMRG_67376	0.0
GRCh38_CMRG_50985	0.0
GRCh38_CMRG_38466	0.0
GRCh38_CMRG_44267	0.0
GRCh38_CMRG_27946	0.0
GRCh38_CMRG_26385	0.0
GRCh38_CMRG_33142	0.0
GRCh38_CMRG_18444	0.0
GRCh38_CMRG_83258	0.0
GRCh38_CMRG_1009	0.0
GRCh38_CMRG_33418	0.0
GRCh38_CMRG_61999	0.0
GRCh38_CMRG_18160	0.0
GRCh38_CMRG_58712	0.0
GRCh38_CMRG_83723	0.0
GRCh38_CMRG_59146	0.0
GRCh38_CMRG_51783	0.0
GRCh38_CMRG_75541	0.0
GRCh38_CMRG_24255	0.0
GRCh38_CMRG_64958	0.0
GRCh38_CMRG_22751	0.0
GRCh38_CMRG_71606	0.0
GRCh38_CMRG_67281	0.0
GRCh38_CMRG_26786	0.0
GRCh38_CMRG_50573	0.0
GRCh38_CMRG_18513	0.0
GRCh38_CMRG_82709	0.0
GRCh38_CMRG_67676	0.0
GRCh38_CMRG_60532	0.0
GRCh38_CMRG_79168	0.0
GRCh38_CMRG_70504	0.0
GRCh38_CMRG_82359	0.0
GRCh38_CMRG_9334	0.0
GRCh38_CMRG_62450	0.0
GRCh38_CMRG_48384	0.0
GRCh38_CMRG_25833	0.0
GRCh38_CMRG_76725	0.0
GRCh38_CMRG_423	0.0
GRCh38_CMRG_47850	0.0
GRCh38_CMRG_58561	0.0
GRCh38_CMRG_49385	0.0
GRCh38_CMRG_37297	0.0
GRCh38_CMRG_59860	0.0
GRCh38_CMRG_38074	0.0
GRCh38_CMRG_70618	0.0
GRCh38_CMRG_48282	0.0
GRCh38_CMRG_72638	0.0
GRCh38_CMRG_15426	0.0
GRCh38_CMRG_55770	0.0
GRCh38_CMRG_53186	0.0
GRCh38_CMRG_69812	0.0
GRCh38_CMRG_79606	0.0
GRCh38_CMRG_82593	0.0
GRCh38_CMRG_20014	0.0
GRCh38_CMRG_64856	0.0
GRCh38_CMRG_17958	0.0
GRCh38_CMRG_26075	0.0
GRCh38_CMRG_24576	0.0
GRCh38_CMRG_34740	0.0
GRCh38_CMRG_43880	0.0
GRCh38_CMRG_46294	0.0
GRCh38_CMRG_58258	0.0
GRCh38_CMRG_37398	0.0
GRCh38_CMRG_82319	0.0
GRCh38_CMRG_23055	0.0
GRCh38_CMRG_48693	0.0
GRCh38_CMRG_52489	0.0
GRCh38_CMRG_51922	0.0
GRCh38_CMRG_72282	0.0
GRCh38_CMRG_50935	0.0
GRCh38_CMRG_14643	0.0
GRCh38_CMRG_23768	0.0
GRCh38_CMRG_27938	0.0
GRCh38_CMRG_11738	0.0
GRCh38_CMRG_48068	0.0
GRCh38_CMRG_81508	0.0
GRCh38_CMRG_79321	0.0
GRCh38_CMRG_84363	0.0
GRCh38_CMRG_50273	0.0
GRCh38_CMRG_36411	0.0
GRCh38_CMRG_48118	0.0
GRCh38_CMRG_58696	0.0
GRCh38_CMRG_21068	0.0
GRCh38_CMRG_17749	0.0
GRCh38_CMRG_38046	0.0
GRCh38_CMRG_23689	0.0
GRCh38_CMRG_48659	0.0
GRCh38_CMRG_18293	0.0
GRCh38_CMRG_32958	0.0
GRCh38_CMRG_32426	0.0
GRCh38_CMRG_44198	0.0
GRCh38_CMRG_12485	0.0
GRCh38_CMRG_71491	0.0
GRCh38_CMRG_10580	0.0
GRCh38_CMRG_47886	0.0
GRCh38_CMRG_39192	0.0
GRCh38_CMRG_71966	0.0
GRCh38_CMRG_43758	0.0
GRCh38_CMRG_13581	0.0
GRCh38_CMRG_41187	0.0
GRCh38_CMRG_82856	0.0
GRCh38_CMRG_75081	0.0
GRCh38_CMRG_8602	0.0
GRCh38_CMRG_63482	0.0
GRCh38_CMRG_48403	0.0
GRCh38_CMRG_49862	0.0
GRCh38_CMRG_74389	0.0
GRCh38_CMRG_79766	0.0
GRCh38_CMRG_75450	0.0
GRCh38_CMRG_21129	0.0
GRCh38_CMRG_26351	0.0
GRCh38_CMRG_67008	0.0
GRCh38_CMRG_2208	0.0
GRCh38_CMRG_70851	0.0
GRCh38_CMRG_73882	0.0
GRCh38_CMRG_82994	0.0
GRCh38_CMRG_54854	0.0
GRCh38_CMRG_44752	0.0
GRCh38_CMRG_77218	0.0
GRCh38_CMRG_81531	0.0
GRCh38_CMRG_76454	0.0
GRCh38_CMRG_33119	0.0
GRCh38_CMRG_31991	0.0
GRCh38_CMRG_82581	0.0
GRCh38_CMRG_83548	0.0
GRCh38_CMRG_83841	0.0
GRCh38_CMRG_29085	0.0
GRCh38_CMRG_38578	0.0
GRCh38_CMRG_75405	0.0
GRCh38_CMRG_44329	0.0
GRCh38_CMRG_32260	0.0
GRCh38_CMRG_19977	0.0
GRCh38_CMRG_73042	0.0
GRCh38_CMRG_73430	0.0
GRCh38_CMRG_82374	0.0
GRCh38_CMRG_64898	0.0
GRCh38_CMRG_74049	0.0
GRCh38_CMRG_14072	0.0
GRCh38_CMRG_77462	0.0
GRCh38_CMRG_12458	0.0
GRCh38_CMRG_55805	0.0
GRCh38_CMRG_62115	0.0
GRCh38_CMRG_69627	0.0
GRCh38_CMRG_70333	0.0
GRCh38_CMRG_29735	0.0
GRCh38_CMRG_7790	0.0
GRCh38_CMRG_24137	0.0
GRCh38_CMRG_17323	0.0
GRCh38_CMRG_639	0.0
GRCh38_CMRG_33258	0.0
GRCh38_CMRG_52077	0.0
GRCh38_CMRG_71439	0.0
GRCh38_CMRG_47885	0.0
GRCh38_CMRG_45793	0.0
GRCh38_CMRG_34501	0.0
GRCh38_CMRG_50173	0.0
GRCh38_CMRG_82617	0.0
GRCh38_CMRG_64777	0.0
GRCh38_CMRG_1091	0.0
GRCh38_CMRG_28667	0.0
GRCh38_CMRG_81524	0.0
GRCh38_CMRG_38007	0.0
GRCh38_CMRG_81335	0.0
GRCh38_CMRG_52015	0.0
GRCh38_CMRG_28641	0.0
GRCh38_CMRG_41960	0.0
GRCh38_CMRG_63977	0.0
GRCh38_CMRG_75670	0.0
GRCh38_CMRG_82155	0.0
GRCh38_CMRG_84364	0.0
GRCh38_CMRG_72683	0.0
GRCh38_CMRG_82421	0.0
GRCh38_CMRG_68782	0.0
GRCh38_CMRG_77092	0.0
GRCh38_CMRG_18325	0.0
GRCh38_CMRG_63352	0.0
GRCh38_CMRG_50345	0.0
GRCh38_CMRG_77385	0.0
GRCh38_CMRG_22102	0.0
GRCh38_CMRG_64146	0.0
GRCh38_CMRG_44344	0.0
GRCh38_CMRG_52921	0.0
GRCh38_CMRG_74973	0.0
GRCh38_CMRG_7642	0.0
GRCh38_CMRG_44901	0.0
GRCh38_CMRG_49314	0.0
GRCh38_CMRG_11832	0.0
GRCh38_CMRG_79851	0.0
GRCh38_CMRG_49859	0.0
GRCh38_CMRG_73455	0.0
GRCh38_CMRG_70421	0.0
GRCh38_CMRG_52952	0.0
GRCh38_CMRG_12891	0.0
GRCh38_CMRG_53227	0.0
GRCh38_CMRG_15541	0.0
GRCh38_CMRG_71696	0.0
GRCh38_CMRG_82309	0.0
GRCh38_CMRG_5990	0.0
GRCh38_CMRG_32881	0.0
GRCh38_CMRG_28720	0.0
GRCh38_CMRG_7924	0.0
GRCh38_CMRG_82635	0.0
GRCh38_CMRG_60847	0.0
GRCh38_CMRG_68593	0.0
GRCh38_CMRG_8258	0.0
GRCh38_CMRG_61774	0.0
GRCh38_CMRG_2130	0.0
GRCh38_CMRG_40387	0.0
GRCh38_CMRG_8009	0.0
GRCh38_CMRG_44698	0.0
GRCh38_CMRG_22602	0.0
GRCh38_CMRG_40960	0.0
GRCh38_CMRG_45395	0.0
GRCh38_CMRG_2714	0.0
GRCh38_CMRG_13886	0.0
GRCh38_CMRG_82472	0.0
GRCh38_CMRG_68420	0.0
GRCh38_CMRG_18363	0.0
GRCh38_CMRG_71522	0.0
GRCh38_CMRG_49312	0.0
GRCh38_CMRG_28071	0.0
GRCh38_CMRG_19148	0.0
GRCh38_CMRG_30610	0.0
GRCh38_CMRG_36644	0.0
GRCh38_CMRG_93	0.0
GRCh38_CMRG_72535	0.0
GRCh38_CMRG_28804	0.0
GRCh38_CMRG_21133	0.0
GRCh38_CMRG_82785	0.0
GRCh38_CMRG_67386	0.0
GRCh38_CMRG_50383	0.0
GRCh38_CMRG_74993	0.0
GRCh38_CMRG_24420	0.0
GRCh38_CMRG_33622	0.0
GRCh38_CMRG_38457	0.0
GRCh38_CMRG_36910	0.0
GRCh38_CMRG_18724	0.0
GRCh38_CMRG_65131	0.0
GRCh38_CMRG_11816	0.0
GRCh38_CMRG_33849	0.0
GRCh38_CMRG_70801	0.0
GRCh38_CMRG_18421	0.0
GRCh38_CMRG_30878	0.0
GRCh38_CMRG_82666	0.0
GRCh38_CMRG_79597	0.0
GRCh38_CMRG_28471	0.0
GRCh38_CMRG_77293	0.0
GRCh38_CMRG_7699	0.0
GRCh38_CMRG_53454	0.0
GRCh38_CMRG_65808	0.0
GRCh38_CMRG_118	0.0
GRCh38_CMRG_26380	0.0
GRCh38_CMRG_81015	0.0
GRCh38_CMRG_81904	0.0
GRCh38_CMRG_47276	0.0
GRCh38_CMRG_60580	0.0
GRCh38_CMRG_64746	0.0
GRCh38_CMRG_73666	0.0
GRCh38_CMRG_7101	0.0
GRCh38_CMRG_52701	0.0
GRCh38_CMRG_50877	0.0
GRCh38_CMRG_83702	0.0
GRCh38_CMRG_52206	0.0
GRCh38_CMRG_82230	0.0
GRCh38_CMRG_33330	0.0
GRCh38_CMRG_8907	0.0
GRCh38_CMRG_94	0.0
GRCh38_CMRG_59258	0.0
GRCh38_CMRG_38103	0.0
GRCh38_CMRG_53824	0.0
GRCh38_CMRG_58341	0.0
GRCh38_CMRG_55541	0.0
GRCh38_CMRG_30033	0.0
GRCh38_CMRG_50463	0.0
GRCh38_CMRG_55577	0.0
GRCh38_CMRG_54799	0.0
GRCh38_CMRG_64126	0.0
GRCh38_CMRG_62437	0.0
GRCh38_CMRG_29205	0.0
GRCh38_CMRG_28550	0.0
GRCh38_CMRG_72464	0.0
GRCh38_CMRG_15093	0.0
GRCh38_CMRG_72830	0.0
GRCh38_CMRG_38014	0.0
GRCh38_CMRG_73434	0.0
GRCh38_CMRG_62149	0.0
GRCh38_CMRG_35688	0.0
GRCh38_CMRG_54834	0.0
GRCh38_CMRG_28330	0.0
GRCh38_CMRG_84867	0.0
GRCh38_CMRG_73687	0.0
GRCh38_CMRG_8028	0.0
GRCh38_CMRG_32731	0.0
GRCh38_CMRG_33424	0.0
GRCh38_CMRG_45211	0.0
GRCh38_CMRG_82183	0.0
GRCh38_CMRG_60288	0.0
GRCh38_CMRG_19751	0.0
GRCh38_CMRG_81365	0.0
GRCh38_CMRG_9385	0.0
GRCh38_CMRG_53673	0.0
GRCh38_CMRG_8356	0.0
GRCh38_CMRG_79986	0.0
GRCh38_CMRG_45414	0.0
GRCh38_CMRG_36537	0.0
GRCh38_CMRG_24562	0.0
GRCh38_CMRG_39968	0.0
GRCh38_CMRG_38026	0.0
GRCh38_CMRG_15443	0.0
GRCh38_CMRG_81839	0.0
GRCh38_CMRG_12206	0.0
GRCh38_CMRG_37922	0.0
GRCh38_CMRG_74830	0.0
GRCh38_CMRG_77652	0.0
GRCh38_CMRG_17265	0.0
GRCh38_CMRG_82040	0.0
GRCh38_CMRG_515	0.0
GRCh38_CMRG_33138	0.0
GRCh38_CMRG_58270	0.0
GRCh38_CMRG_70197	0.0
GRCh38_CMRG_29660	0.0
GRCh38_CMRG_53853	0.0
GRCh38_CMRG_18621	0.0
GRCh38_CMRG_11810	0.0
GRCh38_CMRG_45259	0.0
GRCh38_CMRG_35553	0.0
GRCh38_CMRG_7259	0.0
GRCh38_CMRG_2767	0.0
GRCh38_CMRG_19168	0.0
GRCh38_CMRG_21343	0.0
GRCh38_CMRG_2891	0.0
GRCh38_CMRG_74401	0.0
GRCh38_CMRG_28511	0.0
GRCh38_CMRG_32287	0.0
GRCh38_CMRG_9475	0.0
GRCh38_CMRG_73339	0.0
GRCh38_CMRG_55572	0.0
GRCh38_CMRG_32370	0.0
GRCh38_CMRG_54148	0.0
GRCh38_CMRG_33869	0.0
GRCh38_CMRG_2481	0.0
GRCh38_CMRG_31057	0.0
GRCh38_CMRG_75561	0.0
GRCh38_CMRG_68612	0.0
GRCh38_CMRG_61537	0.0
GRCh38_CMRG_68687	0.0
GRCh38_CMRG_22926	0.0
GRCh38_CMRG_62257	0.0
GRCh38_CMRG_67797	0.0
GRCh38_CMRG_10994	0.0
GRCh38_CMRG_14143	0.0
GRCh38_CMRG_24412	0.0
GRCh38_CMRG_23204	0.0
GRCh38_CMRG_74920	0.0
GRCh38_CMRG_12024	0.0
GRCh38_CMRG_44869	0.0
GRCh38_CMRG_33309	0.0
GRCh38_CMRG_18971	0.0
GRCh38_CMRG_41484	0.0
GRCh38_CMRG_55622	0.0
GRCh38_CMRG_65230	0.0
GRCh38_CMRG_9758	0.0
GRCh38_CMRG_19396	0.0
GRCh38_CMRG_59572	0.0
GRCh38_CMRG_30027	0.0
GRCh38_CMRG_10746	0.0
GRCh38_CMRG_65542	0.0
GRCh38_CMRG_36426	0.0
GRCh38_CMRG_7867	0.0
GRCh38_CMRG_54718	0.0
GRCh38_CMRG_77582	0.0
GRCh38_CMRG_79996	0.0
GRCh38_CMRG_33533	0.0
GRCh38_CMRG_49450	0.0
GRCh38_CMRG_31157	0.0
GRCh38_CMRG_77525	0.0
GRCh38_CMRG_13050	0.0
GRCh38_CMRG_74363	0.0
GRCh38_CMRG_72367	0.0
GRCh38_CMRG_48919	0.0
GRCh38_CMRG_69030	0.0
GRCh38_CMRG_65857	0.0
GRCh38_CMRG_15610	0.0
GRCh38_CMRG_23310	0.0
GRCh38_CMRG_32711	0.0
GRCh38_CMRG_49532	0.0
GRCh38_CMRG_80016	0.0
GRCh38_CMRG_33412	0.0
GRCh38_CMRG_50081	0.0
GRCh38_CMRG_24133	0.0
GRCh38_CMRG_50120	0.0
GRCh38_CMRG_24140	0.0
GRCh38_CMRG_35855	0.0
GRCh38_CMRG_37609	0.0
GRCh38_CMRG_77090	0.0
GRCh38_CMRG_52334	0.0
GRCh38_CMRG_41442	0.0
GRCh38_CMRG_70749	0.0
GRCh38_CMRG_33366	0.0
GRCh38_CMRG_55674	0.0
GRCh38_CMRG_22369	0.0
GRCh38_CMRG_41753	0.0
GRCh38_CMRG_60076	0.0
GRCh38_CMRG_34491	0.0
GRCh38_CMRG_82729	0.0
GRCh38_CMRG_44850	0.0
GRCh38_CMRG_33023	0.0
GRCh38_CMRG_37557	0.0
GRCh38_CMRG_11276	0.0
GRCh38_CMRG_58782	0.0
GRCh38_CMRG_19876	0.0
GRCh38_CMRG_48812	0.0
GRCh38_CMRG_19279	0.0
GRCh38_CMRG_79332	0.0
GRCh38_CMRG_82222	0.0
GRCh38_CMRG_35543	0.0
GRCh38_CMRG_12733	0.0
GRCh38_CMRG_64785	0.0
GRCh38_CMRG_82620	0.0
GRCh38_CMRG_19167	0.0
GRCh38_CMRG_15121	0.0
GRCh38_CMRG_77650	0.0
GRCh38_CMRG_12666	0.0
GRCh38_CMRG_71442	0.0
GRCh38_CMRG_68015	0.0
GRCh38_CMRG_31631	0.0
GRCh38_CMRG_60424	0.0
GRCh38_CMRG_50526	0.0
GRCh38_CMRG_68127	0.0
GRCh38_CMRG_48854	0.0
GRCh38_CMRG_38158	0.0
GRCh38_CMRG_59839	0.0
GRCh38_CMRG_72005	0.0
GRCh38_CMRG_68704	0.0
GRCh38_CMRG_18295	0.0
GRCh38_CMRG_58565	0.0
GRCh38_CMRG_13914	0.0
GRCh38_CMRG_77552	0.0
GRCh38_CMRG_55663	0.0
GRCh38_CMRG_27719	0.0
GRCh38_CMRG_18710	0.0
GRCh38_CMRG_44996	0.0
GRCh38_CMRG_68490	0.0
GRCh38_CMRG_74885	0.0
GRCh38_CMRG_8025	0.0
GRCh38_CMRG_68369	0.0
GRCh38_CMRG_32298	0.0
GRCh38_CMRG_11736	0.0
GRCh38_CMRG_51174	0.0
GRCh38_CMRG_70665	0.0
GRCh38_CMRG_47431	0.0
GRCh38_CMRG_69898	0.0
GRCh38_CMRG_26790	0.0
GRCh38_CMRG_41441	0.0
GRCh38_CMRG_82396	0.0
GRCh38_CMRG_13549	0.0
GRCh38_CMRG_67495	0.0
GRCh38_CMRG_41558	0.0
GRCh38_CMRG_50072	0.0
GRCh38_CMRG_24900	0.0
GRCh38_CMRG_60129	0.0
GRCh38_CMRG_32295	0.0
GRCh38_CMRG_71385	0.0
GRCh38_CMRG_82712	0.0
GRCh38_CMRG_19066	0.0
GRCh38_CMRG_73116	0.0
GRCh38_CMRG_808	0.0
GRCh38_CMRG_12965	0.0
GRCh38_CMRG_45104	0.0
GRCh38_CMRG_50799	0.0
GRCh38_CMRG_55427	0.0
GRCh38_CMRG_41420	0.0
GRCh38_CMRG_74705	0.0
GRCh38_CMRG_52772	0.0
GRCh38_CMRG_19040	0.0
GRCh38_CMRG_73650	0.0
GRCh38_CMRG_10883	0.0
GRCh38_CMRG_991	0.0
GRCh38_CMRG_23597	0.0
GRCh38_CMRG_21870	0.0
GRCh38_CMRG_24268	0.0
GRCh38_CMRG_50391	0.0
GRCh38_CMRG_38392	0.0
GRCh38_CMRG_84144	0.0
GRCh38_CMRG_44852	0.0
GRCh38_CMRG_7222	0.0
GRCh38_CMRG_60339	0.0
GRCh38_CMRG_65288	0.0
GRCh38_CMRG_62429	0.0
GRCh38_CMRG_39851	0.0
GRCh38_CMRG_42142	0.0
GRCh38_CMRG_63681	0.0
GRCh38_CMRG_55022	0.0
GRCh38_CMRG_53716	0.0
GRCh38_CMRG_63327	0.0
GRCh38_CMRG_47755	0.0
GRCh38_CMRG_40086	0.0
GRCh38_CMRG_24055	0.0
GRCh38_CMRG_32717	0.0
GRCh38_CMRG_38354	0.0
GRCh38_CMRG_55452	0.0
GRCh38_CMRG_39280	0.0
GRCh38_CMRG_1075	0.0
GRCh38_CMRG_1268	0.0
GRCh38_CMRG_39324	0.0
GRCh38_CMRG_79959	0.0
GRCh38_CMRG_40569	0.0
GRCh38_CMRG_30014	0.0
GRCh38_CMRG_1017	0.0
GRCh38_CMRG_81688	0.0
GRCh38_CMRG_68228	0.0
GRCh38_CMRG_59873	0.0
GRCh38_CMRG_1850	0.0
GRCh38_CMRG_13986	0.0
GRCh38_CMRG_14542	0.0
GRCh38_CMRG_61930	0.0
GRCh38_CMRG_44456	0.0
GRCh38_CMRG_79918	0.0
GRCh38_CMRG_31193	0.0
GRCh38_CMRG_61640	0.0
GRCh38_CMRG_75239	0.0
GRCh38_CMRG_67970	0.0
GRCh38_CMRG_23066	0.0
GRCh38_CMRG_45387	0.0
GRCh38_CMRG_33971	0.0
GRCh38_CMRG_61259	0.0
GRCh38_CMRG_24276	0.0
GRCh38_CMRG_63346	0.0
GRCh38_CMRG_65287	0.0
GRCh38_CMRG_79778	0.0
GRCh38_CMRG_18279	0.0
GRCh38_CMRG_63265	0.0
GRCh38_CMRG_64631	0.0
GRCh38_CMRG_69219	0.0
GRCh38_CMRG_55533	0.0
GRCh38_CMRG_25246	0.0
GRCh38_CMRG_37043	0.0
GRCh38_CMRG_18911	0.0
GRCh38_CMRG_54904	0.0
GRCh38_CMRG_75503	0.0
GRCh38_CMRG_37403	0.0
GRCh38_CMRG_75471	0.0
GRCh38_CMRG_47030	0.0
GRCh38_CMRG_55666	0.0
GRCh38_CMRG_1209	0.0
GRCh38_CMRG_33898	0.0
GRCh38_CMRG_425	0.0
GRCh38_CMRG_54311	0.0
GRCh38_CMRG_60588	0.0
GRCh38_CMRG_17219	0.0
GRCh38_CMRG_17766	0.0
GRCh38_CMRG_61806	0.0
GRCh38_CMRG_15436	0.0
GRCh38_CMRG_21917	0.0
GRCh38_CMRG_9380	0.0
GRCh38_CMRG_83083	0.0
GRCh38_CMRG_28399	0.0
GRCh38_CMRG_40133	0.0
GRCh38_CMRG_73104	0.0
GRCh38_CMRG_23870	0.0
GRCh38_CMRG_10942	0.0
GRCh38_CMRG_68752	0.0
GRCh38_CMRG_68714	0.0
GRCh38_CMRG_36572	0.0
GRCh38_CMRG_463	0.0
GRCh38_CMRG_12246	0.0
GRCh38_CMRG_7390	0.0
GRCh38_CMRG_55248	0.0
GRCh38_CMRG_73336	0.0
GRCh38_CMRG_28147	0.0
GRCh38_CMRG_52766	0.0
GRCh38_CMRG_60044	0.0
GRCh38_CMRG_39673	0.0
GRCh38_CMRG_26674	0.0
GRCh38_CMRG_15025	0.0
GRCh38_CMRG_62407	0.0
GRCh38_CMRG_18615	0.0
GRCh38_CMRG_28984	0.0
GRCh38_CMRG_79266	0.0
GRCh38_CMRG_8053	0.0
GRCh38_CMRG_24715	0.0
GRCh38_CMRG_75544	0.0
GRCh38_CMRG_44503	0.0
GRCh38_CMRG_62393	0.0
GRCh38_CMRG_55086	0.0
GRCh38_CMRG_47700	0.0
GRCh38_CMRG_46214	0.0
GRCh38_CMRG_76985	0.0
GRCh38_CMRG_82398	0.0
GRCh38_CMRG_31230	0.0
GRCh38_CMRG_29617	0.0
GRCh38_CMRG_7822	0.0
GRCh38_CMRG_28129	0.0
GRCh38_CMRG_43721	0.0
GRCh38_CMRG_38728	0.0
GRCh38_CMRG_41331	0.0
GRCh38_CMRG_33656	0.0
GRCh38_CMRG_82697	0.0
GRCh38_CMRG_70904	0.0
GRCh38_CMRG_7595	0.0
GRCh38_CMRG_52439	0.0
GRCh38_CMRG_45209	0.0
GRCh38_CMRG_30778	0.0
GRCh38_CMRG_42126	0.0
GRCh38_CMRG_54382	0.0
GRCh38_CMRG_8129	0.0
GRCh38_CMRG_153	0.0
GRCh38_CMRG_46003	0.0
GRCh38_CMRG_41571	0.0
GRCh38_CMRG_53859	0.0
GRCh38_CMRG_38538	0.0
GRCh38_CMRG_30830	0.0
GRCh38_CMRG_39266	0.0
GRCh38_CMRG_70359	0.0
GRCh38_CMRG_35683	0.0
GRCh38_CMRG_39279	0.0
GRCh38_CMRG_27169	0.0
GRCh38_CMRG_17917	0.0
GRCh38_CMRG_20993	0.0
GRCh38_CMRG_79347	0.0
GRCh38_CMRG_48903	0.0
GRCh38_CMRG_47377	0.0
GRCh38_CMRG_55670	0.0
GRCh38_CMRG_68883	0.0
GRCh38_CMRG_11646	0.0
GRCh38_CMRG_47943	0.0
GRCh38_CMRG_24150	0.0
GRCh38_CMRG_13420	0.0
GRCh38_CMRG_6825	0.0
GRCh38_CMRG_36873	0.0
GRCh38_CMRG_22140	0.0
GRCh38_CMRG_28041	0.0
GRCh38_CMRG_64231	0.0
GRCh38_CMRG_19552	0.0
GRCh38_CMRG_1675	0.0
GRCh38_CMRG_7761	0.0
GRCh38_CMRG_49310	0.0
GRCh38_CMRG_23789	0.0
GRCh38_CMRG_6884	0.0
GRCh38_CMRG_701	0.0
GRCh38_CMRG_72647	0.0
GRCh38_CMRG_8011	0.0
GRCh38_CMRG_33110	0.0
GRCh38_CMRG_75048	0.0
GRCh38_CMRG_24108	0.0
GRCh38_CMRG_12421	0.0
GRCh38_CMRG_19487	0.0
GRCh38_CMRG_15570	0.0
GRCh38_CMRG_12922	0.0
GRCh38_CMRG_77620	0.0
GRCh38_CMRG_502	0.0
GRCh38_CMRG_23610	0.0
GRCh38_CMRG_72569	0.0
GRCh38_CMRG_74162	0.0
GRCh38_CMRG_17464	0.0
GRCh38_CMRG_73897	0.0
GRCh38_CMRG_52686	0.0
GRCh38_CMRG_82534	0.0
GRCh38_CMRG_38299	0.0
GRCh38_CMRG_37958	0.0
GRCh38_CMRG_24791	0.0
GRCh38_CMRG_12022	0.0
GRCh38_CMRG_50596	0.0
GRCh38_CMRG_38170	0.0
GRCh38_CMRG_32889	0.0
GRCh38_CMRG_8479	0.0
GRCh38_CMRG_1269	0.0
GRCh38_CMRG_50461	0.0
GRCh38_CMRG_1908	0.0
GRCh38_CMRG_21307	0.0
GRCh38_CMRG_83980	0.0
GRCh38_CMRG_42194	0.0
GRCh38_CMRG_67760	0.0
GRCh38_CMRG_9144	0.0
GRCh38_CMRG_48763	0.0
GRCh38_CMRG_70807	0.0
GRCh38_CMRG_38302	0.0
GRCh38_CMRG_24956	0.0
GRCh38_CMRG_73036	0.0
GRCh38_CMRG_75348	0.0
GRCh38_CMRG_50397	0.0
GRCh38_CMRG_66104	0.0
GRCh38_CMRG_17865	0.0
GRCh38_CMRG_59418	0.0
GRCh38_CMRG_82491	0.0
GRCh38_CMRG_45624	0.0
GRCh38_CMRG_71963	0.0
GRCh38_CMRG_83819	0.0
GRCh38_CMRG_45574	0.0
GRCh38_CMRG_24790	0.0
GRCh38_CMRG_18007	0.0
GRCh38_CMRG_49655	0.0
GRCh38_CMRG_71000	0.0
GRCh38_CMRG_7925	0.0
GRCh38_CMRG_41922	0.0
GRCh38_CMRG_2773	0.0
GRCh38_CMRG_50256	0.0
GRCh38_CMRG_58126	0.0
GRCh38_CMRG_71451	0.0
GRCh38_CMRG_12276	0.0
GRCh38_CMRG_71545	0.0
GRCh38_CMRG_44836	0.0
GRCh38_CMRG_48827	0.0
GRCh38_CMRG_54153	0.0
GRCh38_CMRG_22305	0.0
GRCh38_CMRG_62374	0.0
GRCh38_CMRG_64989	0.0
GRCh38_CMRG_81450	0.0
GRCh38_CMRG_30641	0.0
GRCh38_CMRG_62514	0.0
GRCh38_CMRG_55280	0.0
GRCh38_CMRG_67995	0.0
GRCh38_CMRG_76778	0.0
GRCh38_CMRG_24054	0.0
GRCh38_CMRG_71898	0.0
GRCh38_CMRG_33989	0.0
GRCh38_CMRG_31506	0.0
GRCh38_CMRG_63440	0.0
GRCh38_CMRG_14809	0.0
GRCh38_CMRG_61968	0.0
GRCh38_CMRG_7728	0.0
GRCh38_CMRG_46024	0.0
GRCh38_CMRG_24962	0.0
GRCh38_CMRG_32880	0.0
GRCh38_CMRG_42510	0.0
GRCh38_CMRG_42373	0.0
GRCh38_CMRG_55634	0.0
GRCh38_CMRG_55531	0.0
GRCh38_CMRG_61645	0.0
GRCh38_CMRG_34380	0.0
GRCh38_CMRG_8976	0.0
GRCh38_CMRG_82436	0.0
GRCh38_CMRG_19392	0.0
GRCh38_CMRG_67305	0.0
GRCh38_CMRG_52875	0.0
GRCh38_CMRG_71582	0.0
GRCh38_CMRG_80778	0.0
GRCh38_CMRG_47125	0.0
GRCh38_CMRG_79684	0.0
GRCh38_CMRG_26732	0.0
GRCh38_CMRG_68446	0.0
GRCh38_CMRG_23819	0.0
GRCh38_CMRG_47478	0.0
GRCh38_CMRG_38522	0.0
GRCh38_CMRG_31789	0.0
GRCh38_CMRG_62594	0.0
GRCh38_CMRG_22346	0.0
GRCh38_CMRG_74969	0.0
GRCh38_CMRG_69860	0.0
GRCh38_CMRG_47364	0.0
GRCh38_CMRG_33493	0.0
GRCh38_CMRG_82461	0.0
GRCh38_CMRG_41668	0.0
GRCh38_CMRG_421	0.0
GRCh38_CMRG_36603	0.0
GRCh38_CMRG_32852	0.0
GRCh38_CMRG_81827	0.0
GRCh38_CMRG_34594	0.0
GRCh38_CMRG_45368	0.0
GRCh38_CMRG_13625	0.0
GRCh38_CMRG_72568	0.0
GRCh38_CMRG_75578	0.0
GRCh38_CMRG_13628	0.0
GRCh38_CMRG_32422	0.0
GRCh38_CMRG_65083	0.0
GRCh38_CMRG_72423	0.0
GRCh38_CMRG_67595	0.0
GRCh38_CMRG_18434	0.0
GRCh38_CMRG_36874	0.0
GRCh38_CMRG_23340	0.0
GRCh38_CMRG_83964	0.0
GRCh38_CMRG_71983	0.0
GRCh38_CMRG_1177	0.0
GRCh38_CMRG_16475	0.0
GRCh38_CMRG_58261	0.0
GRCh38_CMRG_82046	0.0
GRCh38_CMRG_34771	0.0
GRCh38_CMRG_18093	0.0
GRCh38_CMRG_68508	0.0
GRCh38_CMRG_23831	0.0
GRCh38_CMRG_58369	0.0
GRCh38_CMRG_74720	0.0
GRCh38_CMRG_69891	0.0
GRCh38_CMRG_73380	0.0
GRCh38_CMRG_33783	0.0
GRCh38_CMRG_39370	0.0
GRCh38_CMRG_62643	0.0
GRCh38_CMRG_46776	0.0
GRCh38_CMRG_73614	0.0
GRCh38_CMRG_24292	0.0
GRCh38_CMRG_27800	0.0
GRCh38_CMRG_45119	0.0
GRCh38_CMRG_27006	0.0
GRCh38_CMRG_28241	0.0
GRCh38_CMRG_6130	0.0
GRCh38_CMRG_38155	0.0
GRCh38_CMRG_49063	0.0
GRCh38_CMRG_68638	0.0
GRCh38_CMRG_38441	0.0
GRCh38_CMRG_2343	0.0
GRCh38_CMRG_13132	0.0
GRCh38_CMRG_9089	0.0
GRCh38_CMRG_58176	0.0
GRCh38_CMRG_11044	0.0
GRCh38_CMRG_23607	0.0
GRCh38_CMRG_42147	0.0
GRCh38_CMRG_13161	0.0
GRCh38_CMRG_24392	0.0
GRCh38_CMRG_16738	0.0
GRCh38_CMRG_82379	0.0
GRCh38_CMRG_24312	0.0
GRCh38_CMRG_2761	0.0
GRCh38_CMRG_36755	0.0
GRCh38_CMRG_2926	0.0
GRCh38_CMRG_48643	0.0
GRCh38_CMRG_60925	0.0
GRCh38_CMRG_18412	0.0
GRCh38_CMRG_73679	0.0
GRCh38_CMRG_14830	0.0
GRCh38_CMRG_69374	0.0
GRCh38_CMRG_64363	0.0
GRCh38_CMRG_21324	0.0
GRCh38_CMRG_72676	0.0
GRCh38_CMRG_65092	0.0
GRCh38_CMRG_52507	0.0
GRCh38_CMRG_69522	0.0
GRCh38_CMRG_33755	0.0
GRCh38_CMRG_35886	0.0
GRCh38_CMRG_50499	0.0
GRCh38_CMRG_79265	0.0
GRCh38_CMRG_28135	0.0
GRCh38_CMRG_70060	0.0
GRCh38_CMRG_55284	0.0
GRCh38_CMRG_81675	0.0
GRCh38_CMRG_74329	0.0
GRCh38_CMRG_41807	0.0
GRCh38_CMRG_77702	0.0
GRCh38_CMRG_28093	0.0
GRCh38_CMRG_72034	0.0
GRCh38_CMRG_71584	0.0
GRCh38_CMRG_13761	0.0
GRCh38_CMRG_36177	0.0
GRCh38_CMRG_79526	0.0
GRCh38_CMRG_49923	0.0
GRCh38_CMRG_74411	0.0
GRCh38_CMRG_38122	0.0
GRCh38_CMRG_73343	0.0
GRCh38_CMRG_59988	0.0
GRCh38_CMRG_72634	0.0
GRCh38_CMRG_38003	0.0
GRCh38_CMRG_24577	0.0
GRCh38_CMRG_32109	0.0
GRCh38_CMRG_47401	0.0
GRCh38_CMRG_32453	0.0
GRCh38_CMRG_59354	0.0
GRCh38_CMRG_12251	0.0
GRCh38_CMRG_15609	0.0
GRCh38_CMRG_25284	0.0
GRCh38_CMRG_41440	0.0
GRCh38_CMRG_40373	0.0
GRCh38_CMRG_23581	0.0
GRCh38_CMRG_12945	0.0
GRCh38_CMRG_22009	0.0
GRCh38_CMRG_59611	0.0
GRCh38_CMRG_49573	0.0
GRCh38_CMRG_28198	0.0
GRCh38_CMRG_64694	0.0
GRCh38_CMRG_68295	0.0
GRCh38_CMRG_82103	0.0
GRCh38_CMRG_71544	0.0
GRCh38_CMRG_19418	0.0
GRCh38_CMRG_64169	0.0
GRCh38_CMRG_29845	0.0
GRCh38_CMRG_44854	0.0
GRCh38_CMRG_28537	0.0
GRCh38_CMRG_84877	0.0
GRCh38_CMRG_84474	0.0
GRCh38_CMRG_63443	0.0
GRCh38_CMRG_49915	0.0
GRCh38_CMRG_72192	0.0
GRCh38_CMRG_416	0.0
GRCh38_CMRG_594	0.0
GRCh38_CMRG_63310	0.0
GRCh38_CMRG_41857	0.0
GRCh38_CMRG_82703	0.0
GRCh38_CMRG_82157	0.0
GRCh38_CMRG_74617	0.0
GRCh38_CMRG_27423	0.0
GRCh38_CMRG_11210	0.0
GRCh38_CMRG_76973	0.0
GRCh38_CMRG_17022	0.0
GRCh38_CMRG_18752	0.0
GRCh38_CMRG_32893	0.0
GRCh38_CMRG_73310	0.0
GRCh38_CMRG_33038	0.0
GRCh38_CMRG_72364	0.0
GRCh38_CMRG_75318	0.0
GRCh38_CMRG_46083	0.0
GRCh38_CMRG_73030	0.0
GRCh38_CMRG_37188	0.0
GRCh38_CMRG_42242	0.0
GRCh38_CMRG_42162	0.0
GRCh38_CMRG_76659	0.0
GRCh38_CMRG_18719	0.0
GRCh38_CMRG_8315	0.0
GRCh38_CMRG_45652	0.0
GRCh38_CMRG_29331	0.0
GRCh38_CMRG_71114	0.0
GRCh38_CMRG_49299	0.0
GRCh38_CMRG_12411	0.0
GRCh38_CMRG_23360	0.0
GRCh38_CMRG_469	0.0
GRCh38_CMRG_14187	0.0
GRCh38_CMRG_24493	0.0
GRCh38_CMRG_53751	0.0
GRCh38_CMRG_2488	0.0
GRCh38_CMRG_73107	0.0
GRCh38_CMRG_111	0.0
GRCh38_CMRG_70572	0.0
GRCh38_CMRG_52691	0.0
GRCh38_CMRG_2709	0.0
GRCh38_CMRG_24102	0.0
GRCh38_CMRG_28651	0.0
GRCh38_CMRG_37685	0.0
GRCh38_CMRG_44554	0.0
GRCh38_CMRG_62153	0.0
GRCh38_CMRG_7118	0.0
GRCh38_CMRG_32713	0.0
GRCh38_CMRG_82537	0.0
GRCh38_CMRG_81004	0.0
GRCh38_CMRG_2073	0.0
GRCh38_CMRG_28509	0.0
GRCh38_CMRG_52642	0.0
GRCh38_CMRG_82245	0.0
GRCh38_CMRG_6252	0.0
GRCh38_CMRG_37505	0.0
GRCh38_CMRG_51689	0.0
GRCh38_CMRG_23986	0.0
GRCh38_CMRG_71347	0.0
GRCh38_CMRG_16988	0.0
GRCh38_CMRG_10912	0.0
GRCh38_CMRG_14260	0.0
GRCh38_CMRG_41892	0.0
GRCh38_CMRG_49056	0.0
GRCh38_CMRG_40016	0.0
GRCh38_CMRG_1188	0.0
GRCh38_CMRG_22148	0.0
GRCh38_CMRG_44104	0.0
GRCh38_CMRG_69955	0.0
GRCh38_CMRG_706	0.0
GRCh38_CMRG_17480	0.0
GRCh38_CMRG_30643	0.0
GRCh38_CMRG_51128	0.0
GRCh38_CMRG_49958	0.0
GRCh38_CMRG_55668	0.0
GRCh38_CMRG_65544	0.0
GRCh38_CMRG_79264	0.0
GRCh38_CMRG_10858	0.0
GRCh38_CMRG_27398	0.0
GRCh38_CMRG_58134	0.0
GRCh38_CMRG_48599	0.0
GRCh38_CMRG_60460	0.0
GRCh38_CMRG_17121	0.0
GRCh38_CMRG_90	0.0
GRCh38_CMRG_46419	0.0
GRCh38_CMRG_59657	0.0
GRCh38_CMRG_83129	0.0
GRCh38_CMRG_55058	0.0
GRCh38_CMRG_38201	0.0
GRCh38_CMRG_55099	0.0
GRCh38_CMRG_73219	0.0
GRCh38_CMRG_82377	0.0
GRCh38_CMRG_58683	0.0
GRCh38_CMRG_23598	0.0
GRCh38_CMRG_80823	0.0
GRCh38_CMRG_55383	0.0
GRCh38_CMRG_19566	0.0
GRCh38_CMRG_24164	0.0
GRCh38_CMRG_32988	0.0
GRCh38_CMRG_55586	0.0
GRCh38_CMRG_44625	0.0
GRCh38_CMRG_82342	0.0
GRCh38_CMRG_68604	0.0
GRCh38_CMRG_55609	0.0
GRCh38_CMRG_7190	0.0
GRCh38_CMRG_17056	0.0
GRCh38_CMRG_77451	0.0
GRCh38_CMRG_73428	0.0
GRCh38_CMRG_67702	0.0
GRCh38_CMRG_23998	0.0
GRCh38_CMRG_72831	0.0
GRCh38_CMRG_71583	0.0
GRCh38_CMRG_9673	0.0
GRCh38_CMRG_23795	0.0
GRCh38_CMRG_50355	0.0
GRCh38_CMRG_45521	0.0
GRCh38_CMRG_68232	0.0
GRCh38_CMRG_31261	0.0
GRCh38_CMRG_17998	0.0
GRCh38_CMRG_62641	0.0
GRCh38_CMRG_7914	0.0
GRCh38_CMRG_22719	0.0
GRCh38_CMRG_9420	0.0
GRCh38_CMRG_82261	0.0
GRCh38_CMRG_44693	0.0
GRCh38_CMRG_52337	0.0
GRCh38_CMRG_54297	0.0
GRCh38_CMRG_37649	0.0
GRCh38_CMRG_70311	0.0
GRCh38_CMRG_33104	0.0
GRCh38_CMRG_11108	0.0
GRCh38_CMRG_55548	0.0
GRCh38_CMRG_65122	0.0
GRCh38_CMRG_71063	0.0
GRCh38_CMRG_81588	0.0
GRCh38_CMRG_25370	0.0
GRCh38_CMRG_41727	0.0
GRCh38_CMRG_70648	0.0
GRCh38_CMRG_28668	0.0
GRCh38_CMRG_25212	0.0
GRCh38_CMRG_70189	0.0
GRCh38_CMRG_77031	0.0
GRCh38_CMRG_54408	0.0
GRCh38_CMRG_62113	0.0
GRCh38_CMRG_50160	0.0
GRCh38_CMRG_32455	0.0
GRCh38_CMRG_38200	0.0
GRCh38_CMRG_83541	0.0
GRCh38_CMRG_27894	0.0
GRCh38_CMRG_68304	0.0
GRCh38_CMRG_40153	0.0
GRCh38_CMRG_82645	0.0
GRCh38_CMRG_59779	0.0
GRCh38_CMRG_64974	0.0
GRCh38_CMRG_22611	0.0
GRCh38_CMRG_49692	0.0
GRCh38_CMRG_62193	0.0
GRCh38_CMRG_60763	0.0
GRCh38_CMRG_8372	0.0
GRCh38_CMRG_24076	0.0
GRCh38_CMRG_72789	0.0
GRCh38_CMRG_52425	0.0
GRCh38_CMRG_25251	0.0
GRCh38_CMRG_37961	0.0
GRCh38_CMRG_1214	0.0
GRCh38_CMRG_51768	0.0
GRCh38_CMRG_65447	0.0
GRCh38_CMRG_70449	0.0
GRCh38_CMRG_81959	0.0
GRCh38_CMRG_26677	0.0
GRCh38_CMRG_11519	0.0
GRCh38_CMRG_67936	0.0
GRCh38_CMRG_49304	0.0
GRCh38_CMRG_14513	0.0
GRCh38_CMRG_77513	0.0
GRCh38_CMRG_49810	0.0
GRCh38_CMRG_81850	0.0
GRCh38_CMRG_74806	0.0
GRCh38_CMRG_49537	0.0
GRCh38_CMRG_22678	0.0
GRCh38_CMRG_30022	0.0
GRCh38_CMRG_64294	0.0
GRCh38_CMRG_37697	0.0
GRCh38_CMRG_49812	0.0
GRCh38_CMRG_11199	0.0
GRCh38_CMRG_39248	0.0
GRCh38_CMRG_28190	0.0
GRCh38_CMRG_39817	0.0
GRCh38_CMRG_60151	0.0
GRCh38_CMRG_10741	0.0
GRCh38_CMRG_7988	0.0
GRCh38_CMRG_12682	0.0
GRCh38_CMRG_73215	0.0
GRCh38_CMRG_48473	0.0
GRCh38_CMRG_77573	0.0
GRCh38_CMRG_65196	0.0
GRCh38_CMRG_32438	0.0
GRCh38_CMRG_24027	0.0
GRCh38_CMRG_72602	0.0
GRCh38_CMRG_41531	0.0
GRCh38_CMRG_76942	0.0
GRCh38_CMRG_46141	0.0
GRCh38_CMRG_83986	0.0
GRCh38_CMRG_71556	0.0
GRCh38_CMRG_48799	0.0
GRCh38_CMRG_1436	0.0
GRCh38_CMRG_7029	0.0
GRCh38_CMRG_82161	0.0
GRCh38_CMRG_39215	0.0
GRCh38_CMRG_31601	0.0
GRCh38_CMRG_41796	0.0
GRCh38_CMRG_6128	0.0
GRCh38_CMRG_82159	0.0
GRCh38_CMRG_40999	0.0
GRCh38_CMRG_82968	0.0
GRCh38_CMRG_64782	0.0
GRCh38_CMRG_60423	0.0
GRCh38_CMRG_52904	0.0
GRCh38_CMRG_14953	0.0
GRCh38_CMRG_22814	0.0
GRCh38_CMRG_13532	0.0
GRCh38_CMRG_21308	0.0
GRCh38_CMRG_1741	0.0
GRCh38_CMRG_64416	0.0
GRCh38_CMRG_45798	0.0
GRCh38_CMRG_55333	0.0
GRCh38_CMRG_24138	0.0
GRCh38_CMRG_60479	0.0
GRCh38_CMRG_52717	0.0
GRCh38_CMRG_41505	0.0
GRCh38_CMRG_41148	0.0
GRCh38_CMRG_27406	0.0
GRCh38_CMRG_58320	0.0
GRCh38_CMRG_77566	0.0
GRCh38_CMRG_23917	0.0
GRCh38_CMRG_30024	0.0
GRCh38_CMRG_82259	0.0
GRCh38_CMRG_39381	0.0
GRCh38_CMRG_39565	0.0
GRCh38_CMRG_41985	0.0
GRCh38_CMRG_59851	0.0
GRCh38_CMRG_45200	0.0
GRCh38_CMRG_28127	0.0
GRCh38_CMRG_47603	0.0
GRCh38_CMRG_44452	0.0
GRCh38_CMRG_69375	0.0
GRCh38_CMRG_72242	0.0
GRCh38_CMRG_714	0.0
GRCh38_CMRG_7900	0.0
GRCh38_CMRG_59916	0.0
GRCh38_CMRG_72613	0.0
GRCh38_CMRG_81670	0.0
GRCh38_CMRG_11032	0.0
GRCh38_CMRG_49642	0.0
GRCh38_CMRG_9352	0.0
GRCh38_CMRG_8044	0.0
GRCh38_CMRG_29326	0.0
GRCh38_CMRG_67292	0.0
GRCh38_CMRG_22795	0.0
GRCh38_CMRG_1760	0.0
GRCh38_CMRG_68114	0.0
GRCh38_CMRG_61474	0.0
GRCh38_CMRG_73682	0.0
GRCh38_CMRG_48610	0.0
GRCh38_CMRG_74540	0.0
GRCh38_CMRG_37744	0.0
GRCh38_CMRG_8513	0.0
GRCh38_CMRG_72485	0.0
GRCh38_CMRG_37748	0.0
GRCh38_CMRG_28476	0.0
GRCh38_CMRG_19481	0.0
GRCh38_CMRG_64262	0.0
GRCh38_CMRG_67195	0.0
GRCh38_CMRG_24273	0.0
GRCh38_CMRG_82922	0.0
GRCh38_CMRG_13440	0.0
GRCh38_CMRG_7871	0.0
GRCh38_CMRG_35784	0.0
GRCh38_CMRG_17603	0.0
GRCh38_CMRG_13656	0.0
GRCh38_CMRG_2072	0.0
GRCh38_CMRG_12814	0.0
GRCh38_CMRG_48672	0.0
GRCh38_CMRG_58740	0.0
GRCh38_CMRG_18141	0.0
GRCh38_CMRG_12211	0.0
GRCh38_CMRG_19209	0.0
GRCh38_CMRG_79069	0.0
GRCh38_CMRG_41758	0.0
GRCh38_CMRG_68131	0.0
GRCh38_CMRG_77012	0.0
GRCh38_CMRG_64632	0.0
GRCh38_CMRG_17511	0.0
GRCh38_CMRG_52491	0.0
GRCh38_CMRG_19485	0.0
GRCh38_CMRG_7962	0.0
GRCh38_CMRG_79145	0.0
GRCh38_CMRG_43889	0.0
GRCh38_CMRG_16684	0.0
GRCh38_CMRG_66056	0.0
GRCh38_CMRG_31282	0.0
GRCh38_CMRG_76974	0.0
GRCh38_CMRG_68271	0.0
GRCh38_CMRG_38048	0.0
GRCh38_CMRG_14094	0.0
GRCh38_CMRG_21305	0.0
GRCh38_CMRG_33084	0.0
GRCh38_CMRG_60573	0.0
GRCh38_CMRG_64716	0.0
GRCh38_CMRG_65848	0.0
GRCh38_CMRG_67692	0.0
GRCh38_CMRG_13356	0.0
GRCh38_CMRG_1336	0.0
GRCh38_CMRG_28067	0.0
GRCh38_CMRG_17910	0.0
GRCh38_CMRG_6399	0.0
GRCh38_CMRG_32002	0.0
GRCh38_CMRG_59753	0.0
GRCh38_CMRG_65856	0.0
GRCh38_CMRG_33389	0.0
GRCh38_CMRG_18469	0.0
GRCh38_CMRG_72004	0.0
GRCh38_CMRG_6262	0.0
GRCh38_CMRG_82224	0.0
GRCh38_CMRG_52922	0.0
GRCh38_CMRG_12410	0.0
GRCh38_CMRG_36792	0.0
GRCh38_CMRG_24386	0.0
GRCh38_CMRG_24543	0.0
GRCh38_CMRG_74546	0.0
GRCh38_CMRG_83528	0.0
GRCh38_CMRG_38489	0.0
GRCh38_CMRG_38660	0.0
GRCh38_CMRG_79484	0.0
GRCh38_CMRG_64339	0.0
GRCh38_CMRG_52897	0.0
GRCh38_CMRG_48460	0.0
GRCh38_CMRG_45405	0.0
GRCh38_CMRG_62261	0.0
GRCh38_CMRG_48993	0.0
GRCh38_CMRG_83960	0.0
GRCh38_CMRG_25819	0.0
GRCh38_CMRG_13252	0.0
GRCh38_CMRG_72766	0.0
GRCh38_CMRG_8574	0.0
GRCh38_CMRG_67468	0.0
GRCh38_CMRG_6392	0.0
GRCh38_CMRG_2013	0.0
GRCh38_CMRG_24886	0.0
GRCh38_CMRG_29958	0.0
GRCh38_CMRG_17773	0.0
GRCh38_CMRG_18452	0.0
GRCh38_CMRG_70596	0.0
GRCh38_CMRG_39969	0.0
GRCh38_CMRG_79898	0.0
GRCh38_CMRG_83379	0.0
GRCh38_CMRG_38368	0.0
GRCh38_CMRG_11927	0.0
GRCh38_CMRG_49620	0.0
GRCh38_CMRG_11271	0.0
GRCh38_CMRG_50224	0.0
GRCh38_CMRG_490	0.0
GRCh38_CMRG_17549	0.0
GRCh38_CMRG_70568	0.0
GRCh38_CMRG_52341	0.0
GRCh38_CMRG_73553	0.0
GRCh38_CMRG_19731	0.0
GRCh38_CMRG_47363	0.0
GRCh38_CMRG_50999	0.0
GRCh38_CMRG_70085	0.0
GRCh38_CMRG_49329	0.0
GRCh38_CMRG_38349	0.0
GRCh38_CMRG_49378	0.0
GRCh38_CMRG_58482	0.0
GRCh38_CMRG_23167	0.0
GRCh38_CMRG_2104	0.0
GRCh38_CMRG_53628	0.0
GRCh38_CMRG_21700	0.0
GRCh38_CMRG_26626	0.0
GRCh38_CMRG_45507	0.0
GRCh38_CMRG_14733	0.0
GRCh38_CMRG_48267	0.0
GRCh38_CMRG_1713	0.0
GRCh38_CMRG_33638	0.0
GRCh38_CMRG_80951	0.0
GRCh38_CMRG_23602	0.0
GRCh38_CMRG_70558	0.0
GRCh38_CMRG_60152	0.0
GRCh38_CMRG_11821	0.0
GRCh38_CMRG_18429	0.0
GRCh38_CMRG_28086	0.0
GRCh38_CMRG_33897	0.0
GRCh38_CMRG_50282	0.0
GRCh38_CMRG_19627	0.0
GRCh38_CMRG_65967	0.0
GRCh38_CMRG_33660	0.0
GRCh38_CMRG_74252	0.0
GRCh38_CMRG_44975	0.0
GRCh38_CMRG_38176	0.0
GRCh38_CMRG_72959	0.0
GRCh38_CMRG_7307	0.0
GRCh38_CMRG_38012	0.0
GRCh38_CMRG_65793	0.0
GRCh38_CMRG_49185	0.0
GRCh38_CMRG_67375	0.0
GRCh38_CMRG_10685	0.0
GRCh38_CMRG_47178	0.0
GRCh38_CMRG_52396	0.0
GRCh38_CMRG_62635	0.0
GRCh38_CMRG_67896	0.0
GRCh38_CMRG_84588	0.0
GRCh38_CMRG_25409	0.0
GRCh38_CMRG_10773	0.0
GRCh38_CMRG_37665	0.0
GRCh38_CMRG_58309	0.0
GRCh38_CMRG_17437	0.0
GRCh38_CMRG_59466	0.0
GRCh38_CMRG_45142	0.0
GRCh38_CMRG_73902	0.0
GRCh38_CMRG_60063	0.0
GRCh38_CMRG_15540	0.0
GRCh38_CMRG_13560	0.0
GRCh38_CMRG_55250	0.0
GRCh38_CMRG_12788	0.0
GRCh38_CMRG_12190	0.0
GRCh38_CMRG_65111	0.0
GRCh38_CMRG_51945	0.0
GRCh38_CMRG_68164	0.0
GRCh38_CMRG_23591	0.0
GRCh38_CMRG_21512	0.0
GRCh38_CMRG_73233	0.0
GRCh38_CMRG_159	0.0
GRCh38_CMRG_49617	0.0
GRCh38_CMRG_74723	0.0
GRCh38_CMRG_33544	0.0
GRCh38_CMRG_81702	0.0
GRCh38_CMRG_27834	0.0
GRCh38_CMRG_1508	0.0
GRCh38_CMRG_2050	0.0
GRCh38_CMRG_59417	0.0
GRCh38_CMRG_44212	0.0
GRCh38_CMRG_7975	0.0
GRCh38_CMRG_77201	0.0
GRCh38_CMRG_55379	0.0
GRCh38_CMRG_13279	0.0
GRCh38_CMRG_37743	0.0
GRCh38_CMRG_59474	0.0
GRCh38_CMRG_26671	0.0
GRCh38_CMRG_42116	0.0
GRCh38_CMRG_1603	0.0
GRCh38_CMRG_55537	0.0
GRCh38_CMRG_71658	0.0
GRCh38_CMRG_41283	0.0
GRCh38_CMRG_24449	0.0
GRCh38_CMRG_32902	0.0
GRCh38_CMRG_36765	0.0
GRCh38_CMRG_37110	0.0
GRCh38_CMRG_7760	0.0
GRCh38_CMRG_11116	0.0
GRCh38_CMRG_55595	0.0
GRCh38_CMRG_6006	0.0
GRCh38_CMRG_20930	0.0
GRCh38_CMRG_19869	0.0
GRCh38_CMRG_38188	0.0
GRCh38_CMRG_38797	0.0
GRCh38_CMRG_7430	0.0
GRCh38_CMRG_60034	0.0
GRCh38_CMRG_53178	0.0
GRCh38_CMRG_44162	0.0
GRCh38_CMRG_72725	0.0
GRCh38_CMRG_77356	0.0
GRCh38_CMRG_38348	0.0
GRCh38_CMRG_22259	0.0
GRCh38_CMRG_49441	0.0
GRCh38_CMRG_79844	0.0
GRCh38_CMRG_32301	0.0
GRCh38_CMRG_37107	0.0
GRCh38_CMRG_49222	0.0
GRCh38_CMRG_32415	0.0
GRCh38_CMRG_75418	0.0
GRCh38_CMRG_27879	0.0
GRCh38_CMRG_45250	0.0
GRCh38_CMRG_37422	0.0
GRCh38_CMRG_29044	0.0
GRCh38_CMRG_70152	0.0
GRCh38_CMRG_77315	0.0
GRCh38_CMRG_6960	0.0
GRCh38_CMRG_29805	0.0
GRCh38_CMRG_7875	0.0
GRCh38_CMRG_28738	0.0
GRCh38_CMRG_31472	0.0
GRCh38_CMRG_23808	0.0
GRCh38_CMRG_83576	0.0
GRCh38_CMRG_59551	0.0
GRCh38_CMRG_147	0.0
GRCh38_CMRG_59747	0.0
GRCh38_CMRG_82445	0.0
GRCh38_CMRG_23337	0.0
GRCh38_CMRG_82638	0.0
GRCh38_CMRG_45546	0.0
GRCh38_CMRG_81692	0.0
GRCh38_CMRG_19516	0.0
GRCh38_CMRG_72679	0.0
GRCh38_CMRG_49370	0.0
GRCh38_CMRG_15091	0.0
GRCh38_CMRG_19261	0.0
GRCh38_CMRG_62323	0.0
GRCh38_CMRG_73353	0.0
GRCh38_CMRG_65545	0.0
GRCh38_CMRG_73919	0.0
GRCh38_CMRG_39564	0.0
GRCh38_CMRG_24711	0.0
GRCh38_CMRG_18556	0.0
GRCh38_CMRG_7677	0.0
GRCh38_CMRG_19340	0.0
GRCh38_CMRG_47584	0.0
GRCh38_CMRG_79599	0.0
GRCh38_CMRG_81731	0.0
GRCh38_CMRG_32378	0.0
GRCh38_CMRG_19136	0.0
GRCh38_CMRG_31764	0.0
GRCh38_CMRG_55747	0.0
GRCh38_CMRG_59365	0.0
GRCh38_CMRG_70021	0.0
GRCh38_CMRG_51167	0.0
GRCh38_CMRG_46670	0.0
GRCh38_CMRG_23593	0.0
GRCh38_CMRG_32090	0.0
GRCh38_CMRG_14254	0.0
GRCh38_CMRG_62373	0.0
GRCh38_CMRG_79320	0.0
GRCh38_CMRG_17645	0.0
GRCh38_CMRG_40398	0.0
GRCh38_CMRG_50364	0.0
GRCh38_CMRG_11193	0.0
GRCh38_CMRG_38767	0.0
GRCh38_CMRG_17058	0.0
GRCh38_CMRG_81439	0.0
GRCh38_CMRG_41660	0.0
GRCh38_CMRG_49040	0.0
GRCh38_CMRG_38983	0.0
GRCh38_CMRG_73295	0.0
GRCh38_CMRG_19054	0.0
GRCh38_CMRG_26992	0.0
GRCh38_CMRG_30736	0.0
GRCh38_CMRG_26644	0.0
GRCh38_CMRG_7187	0.0
GRCh38_CMRG_73322	0.0
GRCh38_CMRG_45952	0.0
GRCh38_CMRG_48515	0.0
GRCh38_CMRG_49126	0.0
GRCh38_CMRG_65505	0.0
GRCh38_CMRG_41680	0.0
GRCh38_CMRG_13795	0.0
GRCh38_CMRG_8852	0.0
GRCh38_CMRG_11021	0.0
GRCh38_CMRG_1181	0.0
GRCh38_CMRG_15094	0.0
GRCh38_CMRG_18223	0.0
GRCh38_CMRG_2271	0.0
GRCh38_CMRG_37252	0.0
GRCh38_CMRG_52901	0.0
GRCh38_CMRG_1630	0.0
GRCh38_CMRG_64982	0.0
GRCh38_CMRG_81495	0.0
GRCh38_CMRG_55435	0.0
GRCh38_CMRG_49221	0.0
GRCh38_CMRG_38041	0.0
GRCh38_CMRG_43848	0.0
GRCh38_CMRG_65531	0.0
GRCh38_CMRG_53358	0.0
GRCh38_CMRG_64507	0.0
GRCh38_CMRG_63209	0.0
GRCh38_CMRG_69486	0.0
GRCh38_CMRG_61017	0.0
GRCh38_CMRG_52558	0.0
GRCh38_CMRG_68817	0.0
GRCh38_CMRG_35775	0.0
GRCh38_CMRG_32307	0.0
GRCh38_CMRG_51041	0.0
GRCh38_CMRG_37584	0.0
GRCh38_CMRG_22938	0.0
GRCh38_CMRG_28395	0.0
GRCh38_CMRG_67144	0.0
GRCh38_CMRG_46496	0.0
GRCh38_CMRG_32943	0.0
GRCh38_CMRG_17547	0.0
GRCh38_CMRG_44059	0.0
GRCh38_CMRG_42549	0.0
GRCh38_CMRG_35993	0.0
GRCh38_CMRG_1762	0.0
GRCh38_CMRG_7191	0.0
GRCh38_CMRG_79989	0.0
GRCh38_CMRG_29134	0.0
GRCh38_CMRG_26004	0.0
GRCh38_CMRG_79870	0.0
GRCh38_CMRG_7530	0.0
GRCh38_CMRG_34247	0.0
GRCh38_CMRG_80825	0.0
GRCh38_CMRG_63295	0.0
GRCh38_CMRG_32456	0.0
GRCh38_CMRG_40738	0.0
GRCh38_CMRG_17734	0.0
GRCh38_CMRG_36522	0.0
GRCh38_CMRG_82065	0.0
GRCh38_CMRG_64010	0.0
GRCh38_CMRG_47621	0.0
GRCh38_CMRG_9351	0.0
GRCh38_CMRG_23676	0.0
GRCh38_CMRG_55691	0.0
GRCh38_CMRG_83287	0.0
GRCh38_CMRG_55262	0.0
GRCh38_CMRG_52160	0.0
GRCh38_CMRG_79932	0.0
GRCh38_CMRG_6439	0.0
GRCh38_CMRG_23128	0.0
GRCh38_CMRG_17002	0.0
GRCh38_CMRG_62260	0.0
GRCh38_CMRG_36598	0.0
GRCh38_CMRG_23612	0.0
GRCh38_CMRG_19908	0.0
GRCh38_CMRG_82360	0.0
GRCh38_CMRG_55380	0.0
GRCh38_CMRG_55034	0.0
GRCh38_CMRG_19822	0.0
GRCh38_CMRG_23601	0.0
GRCh38_CMRG_55437	0.0
GRCh38_CMRG_55583	0.0
GRCh38_CMRG_76770	0.0
GRCh38_CMRG_77515	0.0
GRCh38_CMRG_73119	0.0
GRCh38_CMRG_109	0.0
GRCh38_CMRG_37829	0.0
GRCh38_CMRG_49728	0.0
GRCh38_CMRG_23945	0.0
GRCh38_CMRG_24065	0.0
GRCh38_CMRG_35556	0.0
GRCh38_CMRG_41210	0.0
GRCh38_CMRG_23361	0.0
GRCh38_CMRG_1333	0.0
GRCh38_CMRG_37468	0.0
GRCh38_CMRG_15319	0.0
GRCh38_CMRG_13924	0.0
GRCh38_CMRG_60966	0.0
GRCh38_CMRG_7452	0.0
GRCh38_CMRG_33749	0.0
GRCh38_CMRG_68172	0.0
GRCh38_CMRG_79579	0.0
GRCh38_CMRG_64579	0.0
GRCh38_CMRG_38101	0.0
GRCh38_CMRG_80034	0.0
GRCh38_CMRG_21930	0.0
GRCh38_CMRG_49856	0.0
GRCh38_CMRG_39101	0.0
GRCh38_CMRG_60431	0.0
GRCh38_CMRG_59937	0.0
GRCh38_CMRG_45599	0.0
GRCh38_CMRG_70850	0.0
GRCh38_CMRG_41342	0.0
GRCh38_CMRG_28155	0.0
GRCh38_CMRG_23556	0.0
GRCh38_CMRG_1088	0.0
GRCh38_CMRG_73810	0.0
GRCh38_CMRG_67701	0.0
GRCh38_CMRG_74612	0.0
GRCh38_CMRG_36865	0.0
GRCh38_CMRG_32701	0.0
GRCh38_CMRG_71695	0.0
GRCh38_CMRG_54035	0.0
GRCh38_CMRG_36559	0.0
GRCh38_CMRG_38153	0.0
GRCh38_CMRG_51001	0.0
GRCh38_CMRG_50086	0.0
GRCh38_CMRG_45587	0.0
GRCh38_CMRG_67094	0.0
GRCh38_CMRG_64959	0.0
GRCh38_CMRG_22527	0.0
GRCh38_CMRG_58150	0.0
GRCh38_CMRG_54325	0.0
GRCh38_CMRG_74927	0.0
GRCh38_CMRG_41805	0.0
GRCh38_CMRG_65114	0.0
GRCh38_CMRG_53095	0.0
GRCh38_CMRG_75116	0.0
GRCh38_CMRG_55301	0.0
GRCh38_CMRG_32434	0.0
GRCh38_CMRG_58101	0.0
GRCh38_CMRG_11307	0.0
GRCh38_CMRG_67095	0.0
GRCh38_CMRG_69379	0.0
GRCh38_CMRG_31638	0.0
GRCh38_CMRG_13136	0.0
GRCh38_CMRG_22683	0.0
GRCh38_CMRG_77340	0.0
GRCh38_CMRG_52697	0.0
GRCh38_CMRG_24364	0.0
GRCh38_CMRG_55477	0.0
GRCh38_CMRG_19164	0.0
GRCh38_CMRG_82138	0.0
GRCh38_CMRG_8716	0.0
GRCh38_CMRG_84088	0.0
GRCh38_CMRG_8174	0.0
GRCh38_CMRG_12274	0.0
GRCh38_CMRG_61344	0.0
GRCh38_CMRG_58339	0.0
GRCh38_CMRG_999	0.0
GRCh38_CMRG_27776	0.0
GRCh38_CMRG_52389	0.0
GRCh38_CMRG_28628	0.0
GRCh38_CMRG_70179	0.0
GRCh38_CMRG_30654	0.0
GRCh38_CMRG_35900	0.0
GRCh38_CMRG_9512	0.0
GRCh38_CMRG_17270	0.0
GRCh38_CMRG_62403	0.0
GRCh38_CMRG_73424	0.0
GRCh38_CMRG_52401	0.0
GRCh38_CMRG_39334	0.0
GRCh38_CMRG_67303	0.0
GRCh38_CMRG_17310	0.0
GRCh38_CMRG_67306	0.0
GRCh38_CMRG_28805	0.0
GRCh38_CMRG_55332	0.0
GRCh38_CMRG_81732	0.0
GRCh38_CMRG_11450	0.0
GRCh38_CMRG_44221	0.0
GRCh38_CMRG_49861	0.0
GRCh38_CMRG_36466	0.0
GRCh38_CMRG_9335	0.0
GRCh38_CMRG_34502	0.0
GRCh38_CMRG_52488	0.0
GRCh38_CMRG_6853	0.0
GRCh38_CMRG_68083	0.0
GRCh38_CMRG_38526	0.0
GRCh38_CMRG_72907	0.0
GRCh38_CMRG_13867	0.0
GRCh38_CMRG_41554	0.0
GRCh38_CMRG_67579	0.0
GRCh38_CMRG_68147	0.0
GRCh38_CMRG_42086	0.0
GRCh38_CMRG_60189	0.0
GRCh38_CMRG_74350	0.0
GRCh38_CMRG_84250	0.0
GRCh38_CMRG_45486	0.0
GRCh38_CMRG_81854	0.0
GRCh38_CMRG_79582	0.0
GRCh38_CMRG_65	0.0
GRCh38_CMRG_77355	0.0
GRCh38_CMRG_58269	0.0
GRCh38_CMRG_73333	0.0
GRCh38_CMRG_36999	0.0
GRCh38_CMRG_18587	0.0
GRCh38_CMRG_65585	0.0
GRCh38_CMRG_69895	0.0
GRCh38_CMRG_25889	0.0
GRCh38_CMRG_31175	0.0
GRCh38_CMRG_81982	0.0
GRCh38_CMRG_24149	0.0
GRCh38_CMRG_60876	0.0
GRCh38_CMRG_24427	0.0
GRCh38_CMRG_40610	0.0
GRCh38_CMRG_53191	0.0
GRCh38_CMRG_8588	0.0
GRCh38_CMRG_68283	0.0
GRCh38_CMRG_8074	0.0
GRCh38_CMRG_31635	0.0
GRCh38_CMRG_44621	0.0
GRCh38_CMRG_39544	0.0
GRCh38_CMRG_79127	0.0
GRCh38_CMRG_81476	0.0
GRCh38_CMRG_31323	0.0
GRCh38_CMRG_62550	0.0
GRCh38_CMRG_13434	0.0
GRCh38_CMRG_15010	0.0
GRCh38_CMRG_24733	0.0
GRCh38_CMRG_540	0.0
GRCh38_CMRG_67542	0.0
GRCh38_CMRG_13554	0.0
GRCh38_CMRG_55561	0.0
GRCh38_CMRG_23781	0.0
GRCh38_CMRG_31062	0.0
GRCh38_CMRG_55028	0.0
GRCh38_CMRG_49523	0.0
GRCh38_CMRG_48825	0.0
GRCh38_CMRG_11873	0.0
GRCh38_CMRG_49230	0.0
GRCh38_CMRG_40749	0.0
GRCh38_CMRG_65316	0.0
GRCh38_CMRG_35853	0.0
GRCh38_CMRG_71421	0.0
GRCh38_CMRG_60199	0.0
GRCh38_CMRG_23814	0.0
GRCh38_CMRG_49274	0.0
GRCh38_CMRG_81518	0.0
GRCh38_CMRG_44860	0.0
GRCh38_CMRG_82948	0.0
GRCh38_CMRG_73766	0.0
GRCh38_CMRG_31505	0.0
GRCh38_CMRG_21750	0.0
GRCh38_CMRG_45684	0.0
GRCh38_CMRG_23432	0.0
GRCh38_CMRG_64665	0.0
GRCh38_CMRG_23526	0.0
GRCh38_CMRG_42344	0.0
GRCh38_CMRG_71807	0.0
GRCh38_CMRG_36266	0.0
GRCh38_CMRG_27045	0.0
GRCh38_CMRG_37959	0.0
GRCh38_CMRG_45388	0.0
GRCh38_CMRG_22443	0.0
GRCh38_CMRG_72669	0.0
GRCh38_CMRG_41447	0.0
GRCh38_CMRG_55565	0.0
GRCh38_CMRG_48516	0.0
GRCh38_CMRG_24570	0.0
GRCh38_CMRG_70360	0.0
GRCh38_CMRG_15451	0.0
GRCh38_CMRG_38949	0.0
GRCh38_CMRG_68566	0.0
GRCh38_CMRG_23981	0.0
GRCh38_CMRG_40411	0.0
GRCh38_CMRG_37676	0.0
GRCh38_CMRG_60503	0.0
GRCh38_CMRG_18493	0.0
GRCh38_CMRG_31920	0.0
GRCh38_CMRG_72993	0.0
GRCh38_CMRG_64305	0.0
GRCh38_CMRG_19338	0.0
GRCh38_CMRG_64850	0.0
GRCh38_CMRG_24244	0.0
GRCh38_CMRG_62365	0.0
GRCh38_CMRG_48430	0.0
GRCh38_CMRG_37804	0.0
GRCh38_CMRG_67759	0.0
GRCh38_CMRG_71058	0.0
GRCh38_CMRG_79855	0.0
GRCh38_CMRG_76638	0.0
GRCh38_CMRG_38021	0.0
GRCh38_CMRG_50360	0.0
GRCh38_CMRG_52957	0.0
GRCh38_CMRG_17394	0.0
GRCh38_CMRG_52923	0.0
GRCh38_CMRG_41207	0.0
GRCh38_CMRG_18439	0.0
GRCh38_CMRG_17854	0.0
GRCh38_CMRG_35613	0.0
GRCh38_CMRG_38421	0.0
GRCh38_CMRG_64648	0.0
GRCh38_CMRG_60330	0.0
GRCh38_CMRG_74051	0.0
GRCh38_CMRG_55455	0.0
GRCh38_CMRG_13506	0.0
GRCh38_CMRG_43625	0.0
GRCh38_CMRG_32918	0.0
GRCh38_CMRG_2716	0.0
GRCh38_CMRG_38287	0.0
GRCh38_CMRG_45509	0.0
GRCh38_CMRG_34215	0.0
GRCh38_CMRG_52900	0.0
GRCh38_CMRG_37412	0.0
GRCh38_CMRG_6047	0.0
GRCh38_CMRG_1183	0.0
GRCh38_CMRG_39906	0.0
GRCh38_CMRG_19272	0.0
GRCh38_CMRG_18585	0.0
GRCh38_CMRG_54942	0.0
GRCh38_CMRG_7741	0.0
GRCh38_CMRG_79134	0.0
GRCh38_CMRG_30034	0.0
GRCh38_CMRG_25337	0.0
GRCh38_CMRG_1126	0.0
GRCh38_CMRG_68029	0.0
GRCh38_CMRG_28139	0.0
GRCh38_CMRG_65504	0.0
GRCh38_CMRG_70692	0.0
GRCh38_CMRG_54135	0.0
GRCh38_CMRG_28215	0.0
GRCh38_CMRG_2395	0.0
GRCh38_CMRG_16473	0.0
GRCh38_CMRG_45112	0.0
GRCh38_CMRG_76909	0.0
GRCh38_CMRG_49290	0.0
GRCh38_CMRG_45398	0.0
GRCh38_CMRG_23364	0.0
GRCh38_CMRG_39613	0.0
GRCh38_CMRG_47466	0.0
GRCh38_CMRG_50886	0.0
GRCh38_CMRG_64215	0.0
GRCh38_CMRG_81622	0.0
GRCh38_CMRG_42146	0.0
GRCh38_CMRG_28568	0.0
GRCh38_CMRG_52302	0.0
GRCh38_CMRG_40226	0.0
GRCh38_CMRG_72060	0.0
GRCh38_CMRG_47101	0.0
GRCh38_CMRG_11817	0.0
GRCh38_CMRG_49866	0.0
GRCh38_CMRG_50284	0.0
GRCh38_CMRG_823	0.0
GRCh38_CMRG_13055	0.0
GRCh38_CMRG_65107	0.0
GRCh38_CMRG_29874	0.0
GRCh38_CMRG_70113	0.0
GRCh38_CMRG_47965	0.0
GRCh38_CMRG_22674	0.0
GRCh38_CMRG_75644	0.0
GRCh38_CMRG_2291	0.0
GRCh38_CMRG_27212	0.0
GRCh38_CMRG_69913	0.0
GRCh38_CMRG_77554	0.0
GRCh38_CMRG_73491	0.0
GRCh38_CMRG_55564	0.0
GRCh38_CMRG_7727	0.0
GRCh38_CMRG_68257	0.0
GRCh38_CMRG_44948	0.0
GRCh38_CMRG_40455	0.0
GRCh38_CMRG_51008	0.0
GRCh38_CMRG_53937	0.0
GRCh38_CMRG_38346	0.0
GRCh38_CMRG_79521	0.0
GRCh38_CMRG_27718	0.0
GRCh38_CMRG_30655	0.0
GRCh38_CMRG_175	0.0
GRCh38_CMRG_42114	0.0
GRCh38_CMRG_14347	0.0
GRCh38_CMRG_13797	0.0
GRCh38_CMRG_1633	0.0
GRCh38_CMRG_28028	0.0
GRCh38_CMRG_63301	0.0
GRCh38_CMRG_49039	0.0
GRCh38_CMRG_81614	0.0
GRCh38_CMRG_62415	0.0
GRCh38_CMRG_61870	0.0
GRCh38_CMRG_67715	0.0
GRCh38_CMRG_50892	0.0
GRCh38_CMRG_24728	0.0
GRCh38_CMRG_33514	0.0
GRCh38_CMRG_8471	0.0
GRCh38_CMRG_30602	0.0
GRCh38_CMRG_75502	0.0
GRCh38_CMRG_49188	0.0
GRCh38_CMRG_24161	0.0
GRCh38_CMRG_29187	0.0
GRCh38_CMRG_26214	0.0
GRCh38_CMRG_25916	0.0
GRCh38_CMRG_41732	0.0
GRCh38_CMRG_8992	0.0
GRCh38_CMRG_61898	0.0
GRCh38_CMRG_18938	0.0
GRCh38_CMRG_7664	0.0
GRCh38_CMRG_83787	0.0
GRCh38_CMRG_77555	0.0
GRCh38_CMRG_73309	0.0
GRCh38_CMRG_63442	0.0
GRCh38_CMRG_75411	0.0
GRCh38_CMRG_30702	0.0
GRCh38_CMRG_45469	0.0
GRCh38_CMRG_23359	0.0
GRCh38_CMRG_68141	0.0
GRCh38_CMRG_10884	0.0
GRCh38_CMRG_44696	0.0
GRCh38_CMRG_48837	0.0
GRCh38_CMRG_69553	0.0
GRCh38_CMRG_81590	0.0
GRCh38_CMRG_52056	0.0
GRCh38_CMRG_37414	0.0
GRCh38_CMRG_24321	0.0
GRCh38_CMRG_26658	0.0
GRCh38_CMRG_73072	0.0
GRCh38_CMRG_76641	0.0
GRCh38_CMRG_37628	0.0
GRCh38_CMRG_61051	0.0
GRCh38_CMRG_23497	0.0
GRCh38_CMRG_33398	0.0
GRCh38_CMRG_11275	0.0
GRCh38_CMRG_82693	0.0
GRCh38_CMRG_1097	0.0
GRCh38_CMRG_54366	0.0
GRCh38_CMRG_84585	0.0
GRCh38_CMRG_64434	0.0
GRCh38_CMRG_44917	0.0
GRCh38_CMRG_84307	0.0
GRCh38_CMRG_54999	0.0
GRCh38_CMRG_79440	0.0
GRCh38_CMRG_36211	0.0
GRCh38_CMRG_68256	0.0
GRCh38_CMRG_72219	0.0
GRCh38_CMRG_13781	0.0
GRCh38_CMRG_44383	0.0
GRCh38_CMRG_70379	0.0
GRCh38_CMRG_16610	0.0
GRCh38_CMRG_41740	0.0
GRCh38_CMRG_8952	0.0
GRCh38_CMRG_38049	0.0
GRCh38_CMRG_72021	0.0
GRCh38_CMRG_70533	0.0
GRCh38_CMRG_44839	0.0
GRCh38_CMRG_656	0.0
GRCh38_CMRG_2417	0.0
GRCh38_CMRG_82483	0.0
GRCh38_CMRG_74968	0.0
GRCh38_CMRG_11202	0.0
GRCh38_CMRG_12461	0.0
GRCh38_CMRG_8328	0.0
GRCh38_CMRG_2715	0.0
GRCh38_CMRG_59155	0.0
GRCh38_CMRG_71116	0.0
GRCh38_CMRG_7318	0.0
GRCh38_CMRG_83428	0.0
GRCh38_CMRG_38659	0.0
GRCh38_CMRG_9075	0.0
GRCh38_CMRG_43620	0.0
GRCh38_CMRG_64953	0.0
GRCh38_CMRG_54095	0.0
GRCh38_CMRG_78941	0.0
GRCh38_CMRG_7382	0.0
GRCh38_CMRG_72624	0.0
GRCh38_CMRG_17758	0.0
GRCh38_CMRG_22390	0.0
GRCh38_CMRG_35770	0.0
GRCh38_CMRG_10751	0.0
GRCh38_CMRG_74159	0.0
GRCh38_CMRG_25214	0.0
GRCh38_CMRG_13671	0.0
GRCh38_CMRG_51407	0.0
GRCh38_CMRG_11358	0.0
GRCh38_CMRG_32978	0.0
GRCh38_CMRG_82520	0.0
GRCh38_CMRG_23901	0.0
GRCh38_CMRG_47012	0.0
GRCh38_CMRG_49539	0.0
GRCh38_CMRG_52617	0.0
GRCh38_CMRG_38625	0.0
GRCh38_CMRG_26883	0.0
GRCh38_CMRG_63438	0.0
GRCh38_CMRG_84036	0.0
GRCh38_CMRG_18786	0.0
GRCh38_CMRG_25936	0.0
GRCh38_CMRG_65204	0.0
GRCh38_CMRG_42150	0.0
GRCh38_CMRG_50563	0.0
GRCh38_CMRG_35859	0.0
GRCh38_CMRG_61351	0.0
GRCh38_CMRG_82701	0.0
GRCh38_CMRG_74565	0.0
GRCh38_CMRG_55808	0.0
GRCh38_CMRG_74797	0.0
GRCh38_CMRG_27098	0.0
GRCh38_CMRG_68507	0.0
GRCh38_CMRG_65172	0.0
GRCh38_CMRG_43764	0.0
GRCh38_CMRG_27	0.0
GRCh38_CMRG_73451	0.0
GRCh38_CMRG_31382	0.0
GRCh38_CMRG_37783	0.0
GRCh38_CMRG_54869	0.0
GRCh38_CMRG_24953	0.0
GRCh38_CMRG_33304	0.0
GRCh38_CMRG_62398	0.0
GRCh38_CMRG_65952	0.0
GRCh38_CMRG_54693	0.0
GRCh38_CMRG_44646	0.0
GRCh38_CMRG_7831	0.0
GRCh38_CMRG_52868	0.0
GRCh38_CMRG_62110	0.0
GRCh38_CMRG_50032	0.0
GRCh38_CMRG_30712	0.0
GRCh38_CMRG_54726	0.0
GRCh38_CMRG_13640	0.0
GRCh38_CMRG_28955	0.0
GRCh38_CMRG_49634	0.0
GRCh38_CMRG_35854	0.0
GRCh38_CMRG_73493	0.0
GRCh38_CMRG_23168	0.0
GRCh38_CMRG_10959	0.0
GRCh38_CMRG_52413	0.0
GRCh38_CMRG_35651	0.0
GRCh38_CMRG_37	0.0
GRCh38_CMRG_6784	0.0
GRCh38_CMRG_41475	0.0
GRCh38_CMRG_81499	0.0
GRCh38_CMRG_49443	0.0
GRCh38_CMRG_23468	0.0
GRCh38_CMRG_12484	0.0
GRCh38_CMRG_19459	0.0
GRCh38_CMRG_76829	0.0
GRCh38_CMRG_1947	0.0
GRCh38_CMRG_52189	0.0
GRCh38_CMRG_69581	0.0
GRCh38_CMRG_41003	0.0
GRCh38_CMRG_51658	0.0
GRCh38_CMRG_45122	0.0
GRCh38_CMRG_37742	0.0
GRCh38_CMRG_13309	0.0
GRCh38_CMRG_48368	0.0
GRCh38_CMRG_15315	0.0
GRCh38_CMRG_63421	0.0
GRCh38_CMRG_30025	0.0
GRCh38_CMRG_1659	0.0
GRCh38_CMRG_13685	0.0
GRCh38_CMRG_70574	0.0
GRCh38_CMRG_23568	0.0
GRCh38_CMRG_65187	0.0
GRCh38_CMRG_62171	0.0
GRCh38_CMRG_79086	0.0
GRCh38_CMRG_55473	0.0
GRCh38_CMRG_18330	0.0
GRCh38_CMRG_55293	0.0
GRCh38_CMRG_28474	0.0
GRCh38_CMRG_68142	0.0
GRCh38_CMRG_18562	0.0
GRCh38_CMRG_41649	0.0
GRCh38_CMRG_50358	0.0
GRCh38_CMRG_58319	0.0
GRCh38_CMRG_10608	0.0
GRCh38_CMRG_13429	0.0
GRCh38_CMRG_21091	0.0
GRCh38_CMRG_34574	0.0
GRCh38_CMRG_55152	0.0
GRCh38_CMRG_83665	0.0
GRCh38_CMRG_73328	0.0
GRCh38_CMRG_49477	0.0
GRCh38_CMRG_23836	0.0
GRCh38_CMRG_34737	0.0
GRCh38_CMRG_24254	0.0
GRCh38_CMRG_68997	0.0
GRCh38_CMRG_28165	0.0
GRCh38_CMRG_37578	0.0
GRCh38_CMRG_75645	0.0
GRCh38_CMRG_82071	0.0
GRCh38_CMRG_37960	0.0
GRCh38_CMRG_24336	0.0
GRCh38_CMRG_37565	0.0
GRCh38_CMRG_63308	0.0
GRCh38_CMRG_32427	0.0
GRCh38_CMRG_44293	0.0
GRCh38_CMRG_66964	0.0
GRCh38_CMRG_5722	0.0
GRCh38_CMRG_29921	0.0
GRCh38_CMRG_81976	0.0
GRCh38_CMRG_73579	0.0
GRCh38_CMRG_80960	0.0
GRCh38_CMRG_9201	0.0
GRCh38_CMRG_48066	0.0
GRCh38_CMRG_45644	0.0
GRCh38_CMRG_81561	0.0
GRCh38_CMRG_47672	0.0
GRCh38_CMRG_24458	0.0
GRCh38_CMRG_38258	0.0
GRCh38_CMRG_72180	0.0
GRCh38_CMRG_30796	0.0
GRCh38_CMRG_48719	0.0
GRCh38_CMRG_73110	0.0
GRCh38_CMRG_69452	0.0
GRCh38_CMRG_84362	0.0
GRCh38_CMRG_2814	0.0
GRCh38_CMRG_24338	0.0
GRCh38_CMRG_82310	0.0
GRCh38_CMRG_73678	0.0
GRCh38_CMRG_21345	0.0
GRCh38_CMRG_34597	0.0
GRCh38_CMRG_50876	0.0
GRCh38_CMRG_50405	0.0
GRCh38_CMRG_32835	0.0
GRCh38_CMRG_72820	0.0
GRCh38_CMRG_29615	0.0
GRCh38_CMRG_60476	0.0
GRCh38_CMRG_62590	0.0
GRCh38_CMRG_44164	0.0
GRCh38_CMRG_31645	0.0
GRCh38_CMRG_75472	0.0
GRCh38_CMRG_16530	0.0
GRCh38_CMRG_32895	0.0
GRCh38_CMRG_84184	0.0
GRCh38_CMRG_35856	0.0
GRCh38_CMRG_32557	0.0
GRCh38_CMRG_52905	0.0
GRCh38_CMRG_1020	0.0
GRCh38_CMRG_37103	0.0
GRCh38_CMRG_24124	0.0
GRCh38_CMRG_41882	0.0
GRCh38_CMRG_18454	0.0
GRCh38_CMRG_68020	0.0
GRCh38_CMRG_74856	0.0
GRCh38_CMRG_49141	0.0
GRCh38_CMRG_7907	0.0
GRCh38_CMRG_50543	0.0
GRCh38_CMRG_9257	0.0
GRCh38_CMRG_38460	0.0
GRCh38_CMRG_73039	0.0
GRCh38_CMRG_72010	0.0
GRCh38_CMRG_58298	0.0
GRCh38_CMRG_13866	0.0
GRCh38_CMRG_65959	0.0
GRCh38_CMRG_60559	0.0
GRCh38_CMRG_29278	0.0
GRCh38_CMRG_14026	0.0
GRCh38_CMRG_51914	0.0
GRCh38_CMRG_52499	0.0
GRCh38_CMRG_13150	0.0
GRCh38_CMRG_68856	0.0
GRCh38_CMRG_82306	0.0
GRCh38_CMRG_65127	0.0
GRCh38_CMRG_44753	0.0
GRCh38_CMRG_64872	0.0
GRCh38_CMRG_6444	0.0
GRCh38_CMRG_20942	0.0
GRCh38_CMRG_55291	0.0
GRCh38_CMRG_28161	0.0
GRCh38_CMRG_68274	0.0
GRCh38_CMRG_46043	0.0
GRCh38_CMRG_70693	0.0
GRCh38_CMRG_37930	0.0
GRCh38_CMRG_81187	0.0
GRCh38_CMRG_70980	0.0
GRCh38_CMRG_7964	0.0
GRCh38_CMRG_41477	0.0
GRCh38_CMRG_60609	0.0
GRCh38_CMRG_13547	0.0
GRCh38_CMRG_14127	0.0
GRCh38_CMRG_19921	0.0
GRCh38_CMRG_2616	0.0
GRCh38_CMRG_63233	0.0
GRCh38_CMRG_82000	0.0
GRCh38_CMRG_60764	0.0
GRCh38_CMRG_82550	0.0
GRCh38_CMRG_72006	0.0
GRCh38_CMRG_69064	0.0
GRCh38_CMRG_45646	0.0
GRCh38_CMRG_79564	0.0
GRCh38_CMRG_19246	0.0
GRCh38_CMRG_18592	0.0
GRCh38_CMRG_73238	0.0
GRCh38_CMRG_44500	0.0
GRCh38_CMRG_23129	0.0
GRCh38_CMRG_49086	0.0
GRCh38_CMRG_54733	0.0
GRCh38_CMRG_67203	0.0
GRCh38_CMRG_41739	0.0
GRCh38_CMRG_68057	0.0
GRCh38_CMRG_63340	0.0
GRCh38_CMRG_37264	0.0
GRCh38_CMRG_45776	0.0
GRCh38_CMRG_31439	0.0
GRCh38_CMRG_74825	0.0
GRCh38_CMRG_48532	0.0
GRCh38_CMRG_27442	0.0
GRCh38_CMRG_8735	0.0
GRCh38_CMRG_32643	0.0
GRCh38_CMRG_25799	0.0
GRCh38_CMRG_29815	0.0
GRCh38_CMRG_34420	0.0
GRCh38_CMRG_1758	0.0
GRCh38_CMRG_551	0.0
GRCh38_CMRG_30983	0.0
GRCh38_CMRG_49556	0.0
GRCh38_CMRG_68273	0.0
GRCh38_CMRG_11579	0.0
GRCh38_CMRG_70527	0.0
GRCh38_CMRG_50791	0.0
GRCh38_CMRG_54583	0.0
GRCh38_CMRG_62460	0.0
GRCh38_CMRG_79036	0.0
GRCh38_CMRG_23464	0.0
GRCh38_CMRG_74589	0.0
GRCh38_CMRG_70314	0.0
GRCh38_CMRG_13642	0.0
GRCh38_CMRG_39871	0.0
GRCh38_CMRG_22173	0.0
GRCh38_CMRG_18003	0.0
GRCh38_CMRG_54553	0.0
GRCh38_CMRG_39577	0.0
GRCh38_CMRG_38446	0.0
GRCh38_CMRG_83023	0.0
GRCh38_CMRG_55849	0.0
GRCh38_CMRG_70357	0.0
GRCh38_CMRG_18235	0.0
GRCh38_CMRG_2541	0.0
GRCh38_CMRG_38221	0.0
GRCh38_CMRG_41507	0.0
GRCh38_CMRG_21486	0.0
GRCh38_CMRG_75540	0.0
GRCh38_CMRG_48658	0.0
GRCh38_CMRG_75587	0.0
GRCh38_CMRG_50910	0.0
GRCh38_CMRG_23170	0.0
GRCh38_CMRG_28746	0.0
GRCh38_CMRG_25772	0.0
GRCh38_CMRG_83196	0.0
GRCh38_CMRG_67175	0.0
GRCh38_CMRG_7348	0.0
GRCh38_CMRG_36574	0.0
GRCh38_CMRG_71557	0.0
GRCh38_CMRG_11638	0.0
GRCh38_CMRG_51313	0.0
GRCh38_CMRG_79544	0.0
GRCh38_CMRG_24784	0.0
GRCh38_CMRG_67643	0.0
GRCh38_CMRG_33535	0.0
GRCh38_CMRG_18056	0.0
GRCh38_CMRG_2870	0.0
GRCh38_CMRG_39512	0.0
GRCh38_CMRG_77192	0.0
GRCh38_CMRG_23697	0.0
GRCh38_CMRG_1787	0.0
GRCh38_CMRG_47930	0.0
GRCh38_CMRG_37015	0.0
GRCh38_CMRG_74894	0.0
GRCh38_CMRG_68437	0.0
GRCh38_CMRG_29793	0.0
GRCh38_CMRG_33057	0.0
GRCh38_CMRG_1001	0.0
GRCh38_CMRG_68833	0.0
GRCh38_CMRG_46016	0.0
GRCh38_CMRG_68839	0.0
GRCh38_CMRG_32623	0.0
GRCh38_CMRG_67449	0.0
GRCh38_CMRG_26958	0.0
GRCh38_CMRG_74095	0.0
GRCh38_CMRG_71756	0.0
GRCh38_CMRG_49534	0.0
GRCh38_CMRG_6502	0.0
GRCh38_CMRG_38052	0.0
GRCh38_CMRG_65291	0.0
GRCh38_CMRG_40234	0.0
GRCh38_CMRG_79268	0.0
GRCh38_CMRG_77516	0.0
GRCh38_CMRG_51116	0.0
GRCh38_CMRG_64969	0.0
GRCh38_CMRG_2903	0.0
GRCh38_CMRG_32388	0.0
GRCh38_CMRG_74260	0.0
GRCh38_CMRG_12946	0.0
GRCh38_CMRG_67682	0.0
GRCh38_CMRG_70035	0.0
GRCh38_CMRG_51630	0.0
GRCh38_CMRG_65095	0.0
GRCh38_CMRG_81006	0.0
GRCh38_CMRG_35540	0.0
GRCh38_CMRG_45977	0.0
GRCh38_CMRG_6584	0.0
GRCh38_CMRG_50371	0.0
GRCh38_CMRG_55556	0.0
GRCh38_CMRG_60353	0.0
GRCh38_CMRG_67897	0.0
GRCh38_CMRG_64954	0.0
GRCh38_CMRG_24335	0.0
GRCh38_CMRG_71069	0.0
GRCh38_CMRG_60638	0.0
GRCh38_CMRG_27641	0.0
GRCh38_CMRG_52207	0.0
GRCh38_CMRG_38785	0.0
GRCh38_CMRG_79875	0.0
GRCh38_CMRG_25119	0.0
GRCh38_CMRG_46079	0.0
GRCh38_CMRG_77334	0.0
GRCh38_CMRG_59613	0.0
GRCh38_CMRG_52053	0.0
GRCh38_CMRG_32239	0.0
GRCh38_CMRG_68491	0.0
GRCh38_CMRG_12554	0.0
GRCh38_CMRG_30955	0.0
GRCh38_CMRG_75592	0.0
GRCh38_CMRG_65521	0.0
GRCh38_CMRG_48598	0.0
GRCh38_CMRG_60613	0.0
GRCh38_CMRG_45547	0.0
GRCh38_CMRG_52414	0.0
GRCh38_CMRG_45767	0.0
GRCh38_CMRG_84186	0.0
GRCh38_CMRG_38082	0.0
GRCh38_CMRG_41471	0.0
GRCh38_CMRG_62617	0.0
GRCh38_CMRG_32947	0.0
GRCh38_CMRG_80809	0.0
GRCh38_CMRG_10563	0.0
GRCh38_CMRG_52152	0.0
GRCh38_CMRG_32619	0.0
GRCh38_CMRG_44247	0.0
GRCh38_CMRG_55767	0.0
GRCh38_CMRG_32945	0.0
GRCh38_CMRG_51530	0.0
GRCh38_CMRG_67605	0.0
GRCh38_CMRG_38452	0.0
GRCh38_CMRG_45170	0.0
GRCh38_CMRG_51618	0.0
GRCh38_CMRG_82779	0.0
GRCh38_CMRG_5956	0.0
GRCh38_CMRG_54196	0.0
GRCh38_CMRG_60404	0.0
GRCh38_CMRG_45244	0.0
GRCh38_CMRG_33345	0.0
GRCh38_CMRG_50611	0.0
GRCh38_CMRG_8727	0.0
GRCh38_CMRG_72909	0.0
GRCh38_CMRG_23775	0.0
GRCh38_CMRG_8087	0.0
GRCh38_CMRG_41509	0.0
GRCh38_CMRG_83865	0.0
GRCh38_CMRG_34770	0.0
GRCh38_CMRG_79922	0.0
GRCh38_CMRG_72318	0.0
GRCh38_CMRG_53073	0.0
GRCh38_CMRG_70135	0.0
GRCh38_CMRG_48778	0.0
GRCh38_CMRG_29324	0.0
GRCh38_CMRG_49691	0.0
GRCh38_CMRG_79924	0.0
GRCh38_CMRG_70779	0.0
GRCh38_CMRG_74592	0.0
GRCh38_CMRG_48174	0.0
GRCh38_CMRG_97	0.0
GRCh38_CMRG_12350	0.0
GRCh38_CMRG_67838	0.0
GRCh38_CMRG_33147	0.0
GRCh38_CMRG_44307	0.0
GRCh38_CMRG_48558	0.0
GRCh38_CMRG_27249	0.0
GRCh38_CMRG_74096	0.0
GRCh38_CMRG_24863	0.0
GRCh38_CMRG_59527	0.0
GRCh38_CMRG_79517	0.0
GRCh38_CMRG_49453	0.0
GRCh38_CMRG_11499	0.0
GRCh38_CMRG_82321	0.0
GRCh38_CMRG_16648	0.0
GRCh38_CMRG_50845	0.0
GRCh38_CMRG_33867	0.0
GRCh38_CMRG_71689	0.0
GRCh38_CMRG_23013	0.0
GRCh38_CMRG_23687	0.0
GRCh38_CMRG_38380	0.0
GRCh38_CMRG_37692	0.0
GRCh38_CMRG_8388	0.0
GRCh38_CMRG_13286	0.0
GRCh38_CMRG_45404	0.0
GRCh38_CMRG_82767	0.0
GRCh38_CMRG_83286	0.0
GRCh38_CMRG_78934	0.0
GRCh38_CMRG_30683	0.0
GRCh38_CMRG_76804	0.0
GRCh38_CMRG_26890	0.0
GRCh38_CMRG_82253	0.0
GRCh38_CMRG_82227	0.0
GRCh38_CMRG_60142	0.0
GRCh38_CMRG_63551	0.0
GRCh38_CMRG_69931	0.0
GRCh38_CMRG_33564	0.0
GRCh38_CMRG_61086	0.0
GRCh38_CMRG_44081	0.0
GRCh38_CMRG_59565	0.0
GRCh38_CMRG_595	0.0
GRCh38_CMRG_49446	0.0
GRCh38_CMRG_11580	0.0
GRCh38_CMRG_70935	0.0
GRCh38_CMRG_55292	0.0
GRCh38_CMRG_72730	0.0
GRCh38_CMRG_32519	0.0
GRCh38_CMRG_61347	0.0
GRCh38_CMRG_26289	0.0
GRCh38_CMRG_38347	0.0
GRCh38_CMRG_83527	0.0
GRCh38_CMRG_102	0.0
GRCh38_CMRG_470	0.0
GRCh38_CMRG_9473	0.0
GRCh38_CMRG_83265	0.0
GRCh38_CMRG_63941	0.0
GRCh38_CMRG_76873	0.0
GRCh38_CMRG_68118	0.0
GRCh38_CMRG_81364	0.0
GRCh38_CMRG_48715	0.0
GRCh38_CMRG_32994	0.0
GRCh38_CMRG_30052	0.0
GRCh38_CMRG_74313	0.0
GRCh38_CMRG_15123	0.0
GRCh38_CMRG_12167	0.0
GRCh38_CMRG_46087	0.0
GRCh38_CMRG_77441	0.0
GRCh38_CMRG_23302	0.0
GRCh38_CMRG_40037	0.0
GRCh38_CMRG_23367	0.0
GRCh38_CMRG_21362	0.0
GRCh38_CMRG_70331	0.0
GRCh38_CMRG_33048	0.0
GRCh38_CMRG_13203	0.0
GRCh38_CMRG_1580	0.0
GRCh38_CMRG_23690	0.0
GRCh38_CMRG_58475	0.0
GRCh38_CMRG_24057	0.0
GRCh38_CMRG_28063	0.0
GRCh38_CMRG_37956	0.0
GRCh38_CMRG_14184	0.0
GRCh38_CMRG_22244	0.0
GRCh38_CMRG_50203	0.0
GRCh38_CMRG_11433	0.0
GRCh38_CMRG_41851	0.0
GRCh38_CMRG_13967	0.0
GRCh38_CMRG_31400	0.0
GRCh38_CMRG_53212	0.0
GRCh38_CMRG_72710	0.0
GRCh38_CMRG_53762	0.0
GRCh38_CMRG_31809	0.0
GRCh38_CMRG_65068	0.0
GRCh38_CMRG_9153	0.0
GRCh38_CMRG_45544	0.0
GRCh38_CMRG_21696	0.0
GRCh38_CMRG_82252	0.0
GRCh38_CMRG_59110	0.0
GRCh38_CMRG_82600	0.0
GRCh38_CMRG_17400	0.0
GRCh38_CMRG_82560	0.0
GRCh38_CMRG_60608	0.0
GRCh38_CMRG_82386	0.0
GRCh38_CMRG_2641	0.0
GRCh38_CMRG_72749	0.0
GRCh38_CMRG_32292	0.0
GRCh38_CMRG_33148	0.0
GRCh38_CMRG_28612	0.0
GRCh38_CMRG_60167	0.0
GRCh38_CMRG_29869	0.0
GRCh38_CMRG_74272	0.0
GRCh38_CMRG_17028	0.0
GRCh38_CMRG_33529	0.0
GRCh38_CMRG_41562	0.0
GRCh38_CMRG_13636	0.0
GRCh38_CMRG_42100	0.0
GRCh38_CMRG_44965	0.0
GRCh38_CMRG_32190	0.0
GRCh38_CMRG_61897	0.0
GRCh38_CMRG_59834	0.0
GRCh38_CMRG_41734	0.0
GRCh38_CMRG_60410	0.0
GRCh38_CMRG_40285	0.0
GRCh38_CMRG_21268	0.0
GRCh38_CMRG_23620	0.0
GRCh38_CMRG_63555	0.0
GRCh38_CMRG_53527	0.0
GRCh38_CMRG_59084	0.0
GRCh38_CMRG_75171	0.0
GRCh38_CMRG_15329	0.0
GRCh38_CMRG_39219	0.0
GRCh38_CMRG_70794	0.0
GRCh38_CMRG_51241	0.0
GRCh38_CMRG_11540	0.0
GRCh38_CMRG_69	0.0
GRCh38_CMRG_38246	0.0
GRCh38_CMRG_63422	0.0
GRCh38_CMRG_67319	0.0
GRCh38_CMRG_44191	0.0
GRCh38_CMRG_75403	0.0
GRCh38_CMRG_59784	0.0
GRCh38_CMRG_36262	0.0
GRCh38_CMRG_34492	0.0
GRCh38_CMRG_24768	0.0
GRCh38_CMRG_51482	0.0
GRCh38_CMRG_32143	0.0
GRCh38_CMRG_30797	0.0
GRCh38_CMRG_6125	0.0
GRCh38_CMRG_34183	0.0
GRCh38_CMRG_55347	0.0
GRCh38_CMRG_29843	0.0
GRCh38_CMRG_13991	0.0
GRCh38_CMRG_46159	0.0
GRCh38_CMRG_80042	0.0
GRCh38_CMRG_70581	0.0
GRCh38_CMRG_73378	0.0
GRCh38_CMRG_24460	0.0
GRCh38_CMRG_813	0.0
GRCh38_CMRG_60326	0.0
GRCh38_CMRG_50164	0.0
GRCh38_CMRG_745	0.0
GRCh38_CMRG_83855	0.0
GRCh38_CMRG_63353	0.0
GRCh38_CMRG_55636	0.0
GRCh38_CMRG_83612	0.0
GRCh38_CMRG_35790	0.0
GRCh38_CMRG_7431	0.0
GRCh38_CMRG_60144	0.0
GRCh38_CMRG_33336	0.0
GRCh38_CMRG_14391	0.0
GRCh38_CMRG_37014	0.0
GRCh38_CMRG_41470	0.0
GRCh38_CMRG_14921	0.0
GRCh38_CMRG_41027	0.0
GRCh38_CMRG_43795	0.0
GRCh38_CMRG_24447	0.0
GRCh38_CMRG_71858	0.0
GRCh38_CMRG_19276	0.0
GRCh38_CMRG_7461	0.0
GRCh38_CMRG_6032	0.0
GRCh38_CMRG_27526	0.0
GRCh38_CMRG_53329	0.0
GRCh38_CMRG_60501	0.0
GRCh38_CMRG_28332	0.0
GRCh38_CMRG_55532	0.0
GRCh38_CMRG_46623	0.0
GRCh38_CMRG_18848	0.0
GRCh38_CMRG_80687	0.0
GRCh38_CMRG_39530	0.0
GRCh38_CMRG_54812	0.0
GRCh38_CMRG_52934	0.0
GRCh38_CMRG_65263	0.0
GRCh38_CMRG_84320	0.0
GRCh38_CMRG_33828	0.0
GRCh38_CMRG_48836	0.0
GRCh38_CMRG_82745	0.0
GRCh38_CMRG_27418	0.0
GRCh38_CMRG_52135	0.0
GRCh38_CMRG_28572	0.0
GRCh38_CMRG_70231	0.0
GRCh38_CMRG_15401	0.0
GRCh38_CMRG_76951	0.0
GRCh38_CMRG_34383	0.0
GRCh38_CMRG_15111	0.0
GRCh38_CMRG_2188	0.0
GRCh38_CMRG_15346	0.0
GRCh38_CMRG_77694	0.0
GRCh38_CMRG_2769	0.0
GRCh38_CMRG_70681	0.0
GRCh38_CMRG_19285	0.0
GRCh38_CMRG_60426	0.0
GRCh38_CMRG_39216	0.0
GRCh38_CMRG_1435	0.0
GRCh38_CMRG_23879	0.0
GRCh38_CMRG_69387	0.0
GRCh38_CMRG_44431	0.0
GRCh38_CMRG_69051	0.0
GRCh38_CMRG_71355	0.0
GRCh38_CMRG_37213	0.0
GRCh38_CMRG_18332	0.0
GRCh38_CMRG_55733	0.0
GRCh38_CMRG_31720	0.0
GRCh38_CMRG_68400	0.0
GRCh38_CMRG_1680	0.0
GRCh38_CMRG_32440	0.0
GRCh38_CMRG_17682	0.0
GRCh38_CMRG_24182	0.0
GRCh38_CMRG_45048	0.0
GRCh38_CMRG_82720	0.0
GRCh38_CMRG_40076	0.0
GRCh38_CMRG_16944	0.0
GRCh38_CMRG_36535	0.0
GRCh38_CMRG_23608	0.0
GRCh38_CMRG_44001	0.0
GRCh38_CMRG_65518	0.0
GRCh38_CMRG_31504	0.0
GRCh38_CMRG_6752	0.0
GRCh38_CMRG_74796	0.0
GRCh38_CMRG_41264	0.0
GRCh38_CMRG_77572	0.0
GRCh38_CMRG_13403	0.0
GRCh38_CMRG_41826	0.0
GRCh38_CMRG_28729	0.0
GRCh38_CMRG_45639	0.0
GRCh38_CMRG_52079	0.0
GRCh38_CMRG_31029	0.0
GRCh38_CMRG_17090	0.0
GRCh38_CMRG_55328	0.0
GRCh38_CMRG_36424	0.0
GRCh38_CMRG_48513	0.0
GRCh38_CMRG_53285	0.0
GRCh38_CMRG_53964	0.0
GRCh38_CMRG_33001	0.0
GRCh38_CMRG_79850	0.0
GRCh38_CMRG_48943	0.0
GRCh38_CMRG_79035	0.0
GRCh38_CMRG_83247	0.0
GRCh38_CMRG_74294	0.0
GRCh38_CMRG_28418	0.0
GRCh38_CMRG_38207	0.0
GRCh38_CMRG_60302	0.0
GRCh38_CMRG_33178	0.0
GRCh38_CMRG_33461	0.0
GRCh38_CMRG_23511	0.0
GRCh38_CMRG_63483	0.0
GRCh38_CMRG_70805	0.0
GRCh38_CMRG_67674	0.0
GRCh38_CMRG_6688	0.0
GRCh38_CMRG_50233	0.0
GRCh38_CMRG_69326	0.0
GRCh38_CMRG_48092	0.0
GRCh38_CMRG_13303	0.0
GRCh38_CMRG_58488	0.0
GRCh38_CMRG_8717	0.0
GRCh38_CMRG_1951	0.0
GRCh38_CMRG_14411	0.0
GRCh38_CMRG_47834	0.0
GRCh38_CMRG_75149	0.0
GRCh38_CMRG_1634	0.0
GRCh38_CMRG_43659	0.0
GRCh38_CMRG_73210	0.0
GRCh38_CMRG_69782	0.0
GRCh38_CMRG_1048	0.0
GRCh38_CMRG_60534	0.0
GRCh38_CMRG_54765	0.0
GRCh38_CMRG_52544	0.0
GRCh38_CMRG_82151	0.0
GRCh38_CMRG_48433	0.0
GRCh38_CMRG_133	0.0
GRCh38_CMRG_18285	0.0
GRCh38_CMRG_82298	0.0
GRCh38_CMRG_35735	0.0
GRCh38_CMRG_65138	0.0
GRCh38_CMRG_23365	0.0
GRCh38_CMRG_84416	0.0
GRCh38_CMRG_25298	0.0
GRCh38_CMRG_38104	0.0
GRCh38_CMRG_45696	0.0
GRCh38_CMRG_58336	0.0
GRCh38_CMRG_34217	0.0
GRCh38_CMRG_51242	0.0
GRCh38_CMRG_82372	0.0
GRCh38_CMRG_176	0.0
GRCh38_CMRG_65577	0.0
GRCh38_CMRG_1627	0.0
GRCh38_CMRG_33502	0.0
GRCh38_CMRG_38231	0.0
GRCh38_CMRG_24714	0.0
GRCh38_CMRG_19569	0.0
GRCh38_CMRG_10851	0.0
GRCh38_CMRG_82746	0.0
GRCh38_CMRG_41208	0.0
GRCh38_CMRG_68104	0.0
GRCh38_CMRG_17190	0.0
GRCh38_CMRG_41871	0.0
GRCh38_CMRG_81001	0.0
GRCh38_CMRG_31572	0.0
GRCh38_CMRG_84188	0.0
GRCh38_CMRG_23736	0.0
GRCh38_CMRG_39374	0.0
GRCh38_CMRG_72973	0.0
GRCh38_CMRG_39691	0.0
GRCh38_CMRG_81587	0.0
GRCh38_CMRG_21237	0.0
GRCh38_CMRG_59148	0.0
GRCh38_CMRG_53317	0.0
GRCh38_CMRG_51343	0.0
GRCh38_CMRG_26941	0.0
GRCh38_CMRG_24279	0.0
GRCh38_CMRG_26077	0.0
GRCh38_CMRG_38626	0.0
GRCh38_CMRG_63993	0.0
GRCh38_CMRG_51515	0.0
GRCh38_CMRG_61515	0.0
GRCh38_CMRG_8021	0.0
GRCh38_CMRG_51462	0.0
GRCh38_CMRG_58275	0.0
GRCh38_CMRG_24143	0.0
GRCh38_CMRG_46015	0.0
GRCh38_CMRG_82647	0.0
GRCh38_CMRG_54414	0.0
GRCh38_CMRG_65551	0.0
GRCh38_CMRG_76957	0.0
GRCh38_CMRG_21222	0.0
GRCh38_CMRG_52567	0.0
GRCh38_CMRG_74972	0.0
GRCh38_CMRG_38135	0.0
GRCh38_CMRG_33632	0.0
GRCh38_CMRG_37536	0.0
GRCh38_CMRG_50976	0.0
GRCh38_CMRG_72771	0.0
GRCh38_CMRG_81955	0.0
GRCh38_CMRG_27338	0.0
GRCh38_CMRG_75133	0.0
GRCh38_CMRG_32867	0.0
GRCh38_CMRG_22575	0.0
GRCh38_CMRG_34174	0.0
GRCh38_CMRG_41173	0.0
GRCh38_CMRG_32460	0.0
GRCh38_CMRG_82853	0.0
GRCh38_CMRG_14969	0.0
GRCh38_CMRG_72690	0.0
GRCh38_CMRG_76642	0.0
GRCh38_CMRG_49818	0.0
GRCh38_CMRG_33905	0.0
GRCh38_CMRG_17739	0.0
GRCh38_CMRG_46397	0.0
GRCh38_CMRG_7221	0.0
GRCh38_CMRG_74058	0.0
GRCh38_CMRG_11808	0.0
GRCh38_CMRG_8774	0.0
GRCh38_CMRG_24508	0.0
GRCh38_CMRG_24752	0.0
GRCh38_CMRG_26973	0.0
GRCh38_CMRG_54528	0.0
GRCh38_CMRG_47271	0.0
GRCh38_CMRG_54903	0.0
GRCh38_CMRG_495	0.0
GRCh38_CMRG_32957	0.0
GRCh38_CMRG_58302	0.0
GRCh38_CMRG_32884	0.0
GRCh38_CMRG_41958	0.0
GRCh38_CMRG_44005	0.0
GRCh38_CMRG_67699	0.0
GRCh38_CMRG_47432	0.0
GRCh38_CMRG_722	0.0
GRCh38_CMRG_18324	0.0
GRCh38_CMRG_68474	0.0
GRCh38_CMRG_32283	0.0
GRCh38_CMRG_2278	0.0
GRCh38_CMRG_82524	0.0
GRCh38_CMRG_39394	0.0
GRCh38_CMRG_55671	0.0
GRCh38_CMRG_68324	0.0
GRCh38_CMRG_75046	0.0
GRCh38_CMRG_29197	0.0
GRCh38_CMRG_72181	0.0
GRCh38_CMRG_568	0.0
GRCh38_CMRG_67989	0.0
GRCh38_CMRG_28512	0.0
GRCh38_CMRG_21826	0.0
GRCh38_CMRG_8926	0.0
GRCh38_CMRG_23918	0.0
GRCh38_CMRG_32615	0.0
GRCh38_CMRG_2827	0.0
GRCh38_CMRG_16599	0.0
GRCh38_CMRG_7946	0.0
GRCh38_CMRG_68157	0.0
GRCh38_CMRG_700	0.0
GRCh38_CMRG_51485	0.0
GRCh38_CMRG_66117	0.0
GRCh38_CMRG_40431	0.0
GRCh38_CMRG_44848	0.0
GRCh38_CMRG_68255	0.0
GRCh38_CMRG_52593	0.0
GRCh38_CMRG_367	0.0
GRCh38_CMRG_81776	0.0
GRCh38_CMRG_65171	0.0
GRCh38_CMRG_68450	0.0
GRCh38_CMRG_68605	0.0
GRCh38_CMRG_64378	0.0
GRCh38_CMRG_7231	0.0
GRCh38_CMRG_33871	0.0
GRCh38_CMRG_65275	0.0
GRCh38_CMRG_13458	0.0
GRCh38_CMRG_54983	0.0
GRCh38_CMRG_26802	0.0
GRCh38_CMRG_17203	0.0
GRCh38_CMRG_11141	0.0
GRCh38_CMRG_34679	0.0
GRCh38_CMRG_76941	0.0
GRCh38_CMRG_42193	0.0
GRCh38_CMRG_83065	0.0
GRCh38_CMRG_64679	0.0
GRCh38_CMRG_79133	0.0
GRCh38_CMRG_82797	0.0
GRCh38_CMRG_74787	0.0
GRCh38_CMRG_48529	0.0
GRCh38_CMRG_18358	0.0
GRCh38_CMRG_37722	0.0
GRCh38_CMRG_52238	0.0
GRCh38_CMRG_63500	0.0
GRCh38_CMRG_28329	0.0
GRCh38_CMRG_82449	0.0
GRCh38_CMRG_54868	0.0
GRCh38_CMRG_41951	0.0
GRCh38_CMRG_49080	0.0
GRCh38_CMRG_12973	0.0
GRCh38_CMRG_82621	0.0
GRCh38_CMRG_17342	0.0
GRCh38_CMRG_45777	0.0
GRCh38_CMRG_68548	0.0
GRCh38_CMRG_52516	0.0
GRCh38_CMRG_32993	0.0
GRCh38_CMRG_53703	0.0
GRCh38_CMRG_37510	0.0
GRCh38_CMRG_47374	0.0
GRCh38_CMRG_52477	0.0
GRCh38_CMRG_41747	0.0
GRCh38_CMRG_44837	0.0
GRCh38_CMRG_67279	0.0
GRCh38_CMRG_1036	0.0
GRCh38_CMRG_22300	0.0
GRCh38_CMRG_68025	0.0
GRCh38_CMRG_82368	0.0
GRCh38_CMRG_82546	0.0
GRCh38_CMRG_67843	0.0
GRCh38_CMRG_12777	0.0
GRCh38_CMRG_49291	0.0
GRCh38_CMRG_23443	0.0
GRCh38_CMRG_44011	0.0
GRCh38_CMRG_58260	0.0
GRCh38_CMRG_63980	0.0
GRCh38_CMRG_82235	0.0
GRCh38_CMRG_44580	0.0
GRCh38_CMRG_55378	0.0
GRCh38_CMRG_72919	0.0
GRCh38_CMRG_82232	0.0
GRCh38_CMRG_39918	0.0
GRCh38_CMRG_76988	0.0
GRCh38_CMRG_1210	0.0
GRCh38_CMRG_64216	0.0
GRCh38_CMRG_73265	0.0
GRCh38_CMRG_32381	0.0
GRCh38_CMRG_70518	0.0
GRCh38_CMRG_71349	0.0
GRCh38_CMRG_11443	0.0
GRCh38_CMRG_41335	0.0
GRCh38_CMRG_14160	0.0
GRCh38_CMRG_83957	0.0
GRCh38_CMRG_31908	0.0
GRCh38_CMRG_55607	0.0
GRCh38_CMRG_19391	0.0
GRCh38_CMRG_30900	0.0
GRCh38_CMRG_47604	0.0
GRCh38_CMRG_60815	0.0
GRCh38_CMRG_76803	0.0
GRCh38_CMRG_49361	0.0
GRCh38_CMRG_845	0.0
GRCh38_CMRG_70694	0.0
GRCh38_CMRG_7823	0.0
GRCh38_CMRG_45199	0.0
GRCh38_CMRG_2551	0.0
GRCh38_CMRG_33966	0.0
GRCh38_CMRG_37471	0.0
GRCh38_CMRG_25770	0.0
GRCh38_CMRG_70452	0.0
GRCh38_CMRG_55725	0.0
GRCh38_CMRG_38339	0.0
GRCh38_CMRG_32826	0.0
GRCh38_CMRG_16478	0.0
GRCh38_CMRG_12734	0.0
GRCh38_CMRG_79880	0.0
GRCh38_CMRG_31650	0.0
GRCh38_CMRG_54351	0.0
GRCh38_CMRG_45188	0.0
GRCh38_CMRG_9211	0.0
GRCh38_CMRG_62406	0.0
GRCh38_CMRG_21494	0.0
GRCh38_CMRG_63714	0.0
GRCh38_CMRG_64556	0.0
GRCh38_CMRG_82027	0.0
GRCh38_CMRG_35875	0.0
GRCh38_CMRG_62077	0.0
GRCh38_CMRG_70230	0.0
GRCh38_CMRG_17989	0.0
GRCh38_CMRG_23927	0.0
GRCh38_CMRG_47882	0.0
GRCh38_CMRG_41534	0.0
GRCh38_CMRG_53518	0.0
GRCh38_CMRG_25276	0.0
GRCh38_CMRG_74771	0.0
GRCh38_CMRG_79814	0.0
GRCh38_CMRG_17853	0.0
GRCh38_CMRG_50843	0.0
GRCh38_CMRG_18448	0.0
GRCh38_CMRG_52375	0.0
GRCh38_CMRG_31790	0.0
GRCh38_CMRG_67009	0.0
GRCh38_CMRG_33379	0.0
GRCh38_CMRG_29043	0.0
GRCh38_CMRG_18261	0.0
GRCh38_CMRG_71201	0.0
GRCh38_CMRG_7144	0.0
GRCh38_CMRG_18949	0.0
GRCh38_CMRG_41526	0.0
GRCh38_CMRG_41822	0.0
GRCh38_CMRG_9414	0.0
GRCh38_CMRG_54400	0.0
GRCh38_CMRG_48784	0.0
GRCh38_CMRG_21148	0.0
GRCh38_CMRG_64605	0.0
GRCh38_CMRG_64864	0.0
GRCh38_CMRG_79912	0.0
GRCh38_CMRG_28596	0.0
GRCh38_CMRG_83264	0.0
GRCh38_CMRG_77594	0.0
GRCh38_CMRG_42440	0.0
GRCh38_CMRG_49118	0.0
GRCh38_CMRG_28113	0.0
GRCh38_CMRG_32723	0.0
GRCh38_CMRG_38247	0.0
GRCh38_CMRG_29131	0.0
GRCh38_CMRG_38033	0.0
GRCh38_CMRG_68561	0.0
GRCh38_CMRG_27820	0.0
GRCh38_CMRG_29337	0.0
GRCh38_CMRG_51028	0.0
GRCh38_CMRG_63927	0.0
GRCh38_CMRG_64548	0.0
GRCh38_CMRG_12010	0.0
GRCh38_CMRG_58846	0.0
GRCh38_CMRG_74893	0.0
GRCh38_CMRG_50908	0.0
GRCh38_CMRG_72748	0.0
GRCh38_CMRG_69956	0.0
GRCh38_CMRG_28335	0.0
GRCh38_CMRG_40369	0.0
GRCh38_CMRG_62207	0.0
GRCh38_CMRG_32673	0.0
GRCh38_CMRG_82416	0.0
GRCh38_CMRG_6363	0.0
GRCh38_CMRG_72916	0.0
GRCh38_CMRG_50798	0.0
GRCh38_CMRG_52384	0.0
GRCh38_CMRG_13972	0.0
GRCh38_CMRG_66058	0.0
GRCh38_CMRG_8235	0.0
GRCh38_CMRG_82788	0.0
GRCh38_CMRG_74924	0.0
GRCh38_CMRG_8690	0.0
GRCh38_CMRG_28148	0.0
GRCh38_CMRG_40910	0.0
GRCh38_CMRG_77535	0.0
GRCh38_CMRG_16959	0.0
GRCh38_CMRG_82880	0.0
GRCh38_CMRG_44947	0.0
GRCh38_CMRG_59850	0.0
GRCh38_CMRG_40980	0.0
GRCh38_CMRG_48879	0.0
GRCh38_CMRG_82547	0.0
GRCh38_CMRG_19078	0.0
GRCh38_CMRG_23409	0.0
GRCh38_CMRG_25275	0.0
GRCh38_CMRG_6578	0.0
GRCh38_CMRG_43805	0.0
GRCh38_CMRG_37868	0.0
GRCh38_CMRG_72157	0.0
GRCh38_CMRG_5725	0.0
GRCh38_CMRG_52076	0.0
GRCh38_CMRG_31	0.0
GRCh38_CMRG_41658	0.0
GRCh38_CMRG_44406	0.0
GRCh38_CMRG_73903	0.0
GRCh38_CMRG_45445	0.0
GRCh38_CMRG_64394	0.0
GRCh38_CMRG_8387	0.0
GRCh38_CMRG_47832	0.0
GRCh38_CMRG_48151	0.0
GRCh38_CMRG_75004	0.0
GRCh38_CMRG_83961	0.0
GRCh38_CMRG_79091	0.0
GRCh38_CMRG_44175	0.0
GRCh38_CMRG_65141	0.0
GRCh38_CMRG_70315	0.0
GRCh38_CMRG_815	0.0
GRCh38_CMRG_77495	0.0
GRCh38_CMRG_25781	0.0
GRCh38_CMRG_41794	0.0
GRCh38_CMRG_1743	0.0
GRCh38_CMRG_18599	0.0
GRCh38_CMRG_23217	0.0
GRCh38_CMRG_9379	0.0
GRCh38_CMRG_74224	0.0
GRCh38_CMRG_69471	0.0
GRCh38_CMRG_22886	0.0
GRCh38_CMRG_53750	0.0
GRCh38_CMRG_38156	0.0
GRCh38_CMRG_51986	0.0
GRCh38_CMRG_76704	0.0
GRCh38_CMRG_53694	0.0
GRCh38_CMRG_47887	0.0
GRCh38_CMRG_43961	0.0
GRCh38_CMRG_33644	0.0
GRCh38_CMRG_12103	0.0
GRCh38_CMRG_38219	0.0
GRCh38_CMRG_37310	0.0
GRCh38_CMRG_60468	0.0
GRCh38_CMRG_61413	0.0
GRCh38_CMRG_82348	0.0
GRCh38_CMRG_33359	0.0
GRCh38_CMRG_59397	0.0
GRCh38_CMRG_62630	0.0
GRCh38_CMRG_51021	0.0
GRCh38_CMRG_82918	0.0
GRCh38_CMRG_51514	0.0
GRCh38_CMRG_26276	0.0
GRCh38_CMRG_13618	0.0
GRCh38_CMRG_75159	0.0
GRCh38_CMRG_8135	0.0
GRCh38_CMRG_72685	0.0
GRCh38_CMRG_38536	0.0
GRCh38_CMRG_38680	0.0
GRCh38_CMRG_50709	0.0
GRCh38_CMRG_33578	0.0
GRCh38_CMRG_79853	0.0
GRCh38_CMRG_45931	0.0
GRCh38_CMRG_21461	0.0
GRCh38_CMRG_17991	0.0
GRCh38_CMRG_32354	0.0
GRCh38_CMRG_38472	0.0
GRCh38_CMRG_62565	0.0
GRCh38_CMRG_45393	0.0
GRCh38_CMRG_33741	0.0
GRCh38_CMRG_29718	0.0
GRCh38_CMRG_33852	0.0
GRCh38_CMRG_48947	0.0
GRCh38_CMRG_37244	0.0
GRCh38_CMRG_62049	0.0
GRCh38_CMRG_32633	0.0
GRCh38_CMRG_11537	0.0
GRCh38_CMRG_617	0.0
GRCh38_CMRG_33904	0.0
GRCh38_CMRG_71739	0.0
GRCh38_CMRG_51947	0.0
GRCh38_CMRG_67290	0.0
GRCh38_CMRG_33623	0.0
GRCh38_CMRG_33032	0.0
GRCh38_CMRG_82182	0.0
GRCh38_CMRG_108	0.0
GRCh38_CMRG_42163	0.0
GRCh38_CMRG_52114	0.0
GRCh38_CMRG_65062	0.0
GRCh38_CMRG_23395	0.0
GRCh38_CMRG_59095	0.0
GRCh38_CMRG_72503	0.0
GRCh38_CMRG_23652	0.0
GRCh38_CMRG_17218	0.0
GRCh38_CMRG_82231	0.0
GRCh38_CMRG_2001	0.0
GRCh38_CMRG_79992	0.0
GRCh38_CMRG_27595	0.0
GRCh38_CMRG_10510	0.0
GRCh38_CMRG_60637	0.0
GRCh38_CMRG_25062	0.0
GRCh38_CMRG_7649	0.0
GRCh38_CMRG_38369	0.0
GRCh38_CMRG_7819	0.0
GRCh38_CMRG_74267	0.0
GRCh38_CMRG_6757	0.0
GRCh38_CMRG_74608	0.0
GRCh38_CMRG_44072	0.0
GRCh38_CMRG_39289	0.0
GRCh38_CMRG_79513	0.0
GRCh38_CMRG_51074	0.0
GRCh38_CMRG_38934	0.0
GRCh38_CMRG_29899	0.0
GRCh38_CMRG_52170	0.0
GRCh38_CMRG_61148	0.0
GRCh38_CMRG_34351	0.0
GRCh38_CMRG_61038	0.0
GRCh38_CMRG_41751	0.0
GRCh38_CMRG_49640	0.0
GRCh38_CMRG_74339	0.0
GRCh38_CMRG_74061	0.0
GRCh38_CMRG_76820	0.0
GRCh38_CMRG_18341	0.0
GRCh38_CMRG_52447	0.0
GRCh38_CMRG_10922	0.0
GRCh38_CMRG_46509	0.0
GRCh38_CMRG_58382	0.0
GRCh38_CMRG_28727	0.0
GRCh38_CMRG_44904	0.0
GRCh38_CMRG_28240	0.0
GRCh38_CMRG_37929	0.0
GRCh38_CMRG_7827	0.0
GRCh38_CMRG_34206	0.0
GRCh38_CMRG_18327	0.0
GRCh38_CMRG_54853	0.0
GRCh38_CMRG_58334	0.0
GRCh38_CMRG_52894	0.0
GRCh38_CMRG_17023	0.0
GRCh38_CMRG_44103	0.0
GRCh38_CMRG_49809	0.0
GRCh38_CMRG_31480	0.0
GRCh38_CMRG_40597	0.0
GRCh38_CMRG_44147	0.0
GRCh38_CMRG_1556	0.0
GRCh38_CMRG_14796	0.0
GRCh38_CMRG_53302	0.0
GRCh38_CMRG_50076	0.0
GRCh38_CMRG_31354	0.0
GRCh38_CMRG_73038	0.0
GRCh38_CMRG_32949	0.0
GRCh38_CMRG_21785	0.0
GRCh38_CMRG_41869	0.0
GRCh38_CMRG_6043	0.0
GRCh38_CMRG_28595	0.0
GRCh38_CMRG_62642	0.0
GRCh38_CMRG_43622	0.0
GRCh38_CMRG_7327	0.0
GRCh38_CMRG_39604	0.0
GRCh38_CMRG_11770	0.0
GRCh38_CMRG_55529	0.0
GRCh38_CMRG_41089	0.0
GRCh38_CMRG_51722	0.0
GRCh38_CMRG_73028	0.0
GRCh38_CMRG_71856	0.0
GRCh38_CMRG_50741	0.0
GRCh38_CMRG_27525	0.0
GRCh38_CMRG_49565	0.0
GRCh38_CMRG_65350	0.0
GRCh38_CMRG_45416	0.0
GRCh38_CMRG_45565	0.0
GRCh38_CMRG_84147	0.0
GRCh38_CMRG_69582	0.0
GRCh38_CMRG_37645	0.0
GRCh38_CMRG_52716	0.0
GRCh38_CMRG_63550	0.0
GRCh38_CMRG_60306	0.0
GRCh38_CMRG_7293	0.0
GRCh38_CMRG_60395	0.0
GRCh38_CMRG_12994	0.0
GRCh38_CMRG_22143	0.0
GRCh38_CMRG_14737	0.0
GRCh38_CMRG_73436	0.0
GRCh38_CMRG_61468	0.0
GRCh38_CMRG_18331	0.0
GRCh38_CMRG_35857	0.0
GRCh38_CMRG_20988	0.0
GRCh38_CMRG_2132	0.0
GRCh38_CMRG_8511	0.0
GRCh38_CMRG_8681	0.0
GRCh38_CMRG_58211	0.0
GRCh38_CMRG_9468	0.0
GRCh38_CMRG_1375	0.0
GRCh38_CMRG_9454	0.0
GRCh38_CMRG_77163	0.0
GRCh38_CMRG_84579	0.0
GRCh38_CMRG_68272	0.0
GRCh38_CMRG_23552	0.0
GRCh38_CMRG_49423	0.0
GRCh38_CMRG_34769	0.0
GRCh38_CMRG_668	0.0
GRCh38_CMRG_82478	0.0
GRCh38_CMRG_54444	0.0
GRCh38_CMRG_70250	0.0
GRCh38_CMRG_33076	0.0
GRCh38_CMRG_32866	0.0
GRCh38_CMRG_62490	0.0
GRCh38_CMRG_29227	0.0
GRCh38_CMRG_75535	0.0
GRCh38_CMRG_55851	0.0
GRCh38_CMRG_59278	0.0
GRCh38_CMRG_23891	0.0
GRCh38_CMRG_72817	0.0
GRCh38_CMRG_41026	0.0
GRCh38_CMRG_7952	0.0
GRCh38_CMRG_82268	0.0
GRCh38_CMRG_68664	0.0
GRCh38_CMRG_71810	0.0
GRCh38_CMRG_41586	0.0
GRCh38_CMRG_60475	0.0
GRCh38_CMRG_79991	0.0
GRCh38_CMRG_33131	0.0
GRCh38_CMRG_40621	0.0
GRCh38_CMRG_45600	0.0
GRCh38_CMRG_1334	0.0
GRCh38_CMRG_11012	0.0
GRCh38_CMRG_51413	0.0
GRCh38_CMRG_632	0.0
GRCh38_CMRG_65338	0.0
GRCh38_CMRG_10879	0.0
GRCh38_CMRG_34192	0.0
GRCh38_CMRG_38072	0.0
GRCh38_CMRG_18593	0.0
GRCh38_CMRG_46187	0.0
GRCh38_CMRG_13450	0.0
GRCh38_CMRG_69617	0.0
GRCh38_CMRG_47181	0.0
GRCh38_CMRG_74580	0.0
GRCh38_CMRG_7912	0.0
GRCh38_CMRG_84433	0.0
GRCh38_CMRG_28890	0.0
GRCh38_CMRG_74970	0.0
GRCh38_CMRG_74164	0.0
GRCh38_CMRG_25189	0.0
GRCh38_CMRG_38130	0.0
GRCh38_CMRG_28130	0.0
GRCh38_CMRG_73268	0.0
GRCh38_CMRG_32490	0.0
GRCh38_CMRG_12221	0.0
GRCh38_CMRG_79324	0.0
GRCh38_CMRG_65303	0.0
GRCh38_CMRG_62204	0.0
GRCh38_CMRG_72796	0.0
GRCh38_CMRG_28004	0.0
GRCh38_CMRG_58464	0.0
GRCh38_CMRG_13327	0.0
GRCh38_CMRG_72135	0.0
GRCh38_CMRG_843	0.0
GRCh38_CMRG_21013	0.0
GRCh38_CMRG_74013	0.0
GRCh38_CMRG_26691	0.0
GRCh38_CMRG_79664	0.0
GRCh38_CMRG_22528	0.0
GRCh38_CMRG_13354	0.0
GRCh38_CMRG_69368	0.0
GRCh38_CMRG_49409	0.0
GRCh38_CMRG_31248	0.0
GRCh38_CMRG_45637	0.0
GRCh38_CMRG_54008	0.0
GRCh38_CMRG_22608	0.0
GRCh38_CMRG_58056	0.0
GRCh38_CMRG_83803	0.0
GRCh38_CMRG_38456	0.0
GRCh38_CMRG_83802	0.0
GRCh38_CMRG_66095	0.0
GRCh38_CMRG_46208	0.0
GRCh38_CMRG_70214	0.0
GRCh38_CMRG_44144	0.0
GRCh38_CMRG_73180	0.0
GRCh38_CMRG_12689	0.0
GRCh38_CMRG_45960	0.0
GRCh38_CMRG_61455	0.0
GRCh38_CMRG_2684	0.0
GRCh38_CMRG_51195	0.0
GRCh38_CMRG_34741	0.0
GRCh38_CMRG_45384	0.0
GRCh38_CMRG_25912	0.0
GRCh38_CMRG_45275	0.0
GRCh38_CMRG_47201	0.0
GRCh38_CMRG_24251	0.0
GRCh38_CMRG_31262	0.0
GRCh38_CMRG_41608	0.0
GRCh38_CMRG_26087	0.0
GRCh38_CMRG_15390	0.0
GRCh38_CMRG_64316	0.0
GRCh38_CMRG_36741	0.0
GRCh38_CMRG_471	0.0
GRCh38_CMRG_18436	0.0
GRCh38_CMRG_79605	0.0
GRCh38_CMRG_13708	0.0
GRCh38_CMRG_63304	0.0
GRCh38_CMRG_67637	0.0
GRCh38_CMRG_47362	0.0
GRCh38_CMRG_82497	0.0
GRCh38_CMRG_61589	0.0
GRCh38_CMRG_80987	0.0
GRCh38_CMRG_69654	0.0
GRCh38_CMRG_25737	0.0
GRCh38_CMRG_7876	0.0
GRCh38_CMRG_60440	0.0
GRCh38_CMRG_73218	0.0
GRCh38_CMRG_35660	0.0
GRCh38_CMRG_23733	0.0
GRCh38_CMRG_26555	0.0
GRCh38_CMRG_54777	0.0
GRCh38_CMRG_74892	0.0
GRCh38_CMRG_27039	0.0
GRCh38_CMRG_65771	0.0
GRCh38_CMRG_79965	0.0
GRCh38_CMRG_45344	0.0
GRCh38_CMRG_23604	0.0
GRCh38_CMRG_68751	0.0
GRCh38_CMRG_52404	0.0
GRCh38_CMRG_13903	0.0
GRCh38_CMRG_10655	0.0
GRCh38_CMRG_58352	0.0
GRCh38_CMRG_49072	0.0
GRCh38_CMRG_11797	0.0
GRCh38_CMRG_52075	0.0
GRCh38_CMRG_41627	0.0
GRCh38_CMRG_29656	0.0
GRCh38_CMRG_70350	0.0
GRCh38_CMRG_41950	0.0
GRCh38_CMRG_45215	0.0
GRCh38_CMRG_22893	0.0
GRCh38_CMRG_74762	0.0
GRCh38_CMRG_75016	0.0
GRCh38_CMRG_33306	0.0
GRCh38_CMRG_30732	0.0
GRCh38_CMRG_63661	0.0
GRCh38_CMRG_79697	0.0
GRCh38_CMRG_48760	0.0
GRCh38_CMRG_53177	0.0
GRCh38_CMRG_15328	0.0
GRCh38_CMRG_74257	0.0
GRCh38_CMRG_60282	0.0
GRCh38_CMRG_6435	0.0
GRCh38_CMRG_46023	0.0
GRCh38_CMRG_44936	0.0
GRCh38_CMRG_11427	0.0
GRCh38_CMRG_49438	0.0
GRCh38_CMRG_5808	0.0
GRCh38_CMRG_73086	0.0
GRCh38_CMRG_84441	0.0
GRCh38_CMRG_19768	0.0
GRCh38_CMRG_8289	0.0
GRCh38_CMRG_25203	0.0
GRCh38_CMRG_1245	0.0
GRCh38_CMRG_72732	0.0
GRCh38_CMRG_50527	0.0
GRCh38_CMRG_53843	0.0
GRCh38_CMRG_34426	0.0
GRCh38_CMRG_82585	0.0
GRCh38_CMRG_79765	0.0
GRCh38_CMRG_55172	0.0
GRCh38_CMRG_82592	0.0
GRCh38_CMRG_48083	0.0
GRCh38_CMRG_62553	0.0
GRCh38_CMRG_32767	0.0
GRCh38_CMRG_14539	0.0
GRCh38_CMRG_27225	0.0
GRCh38_CMRG_68284	0.0
GRCh38_CMRG_52729	0.0
GRCh38_CMRG_28278	0.0
GRCh38_CMRG_82773	0.0
GRCh38_CMRG_33067	0.0
GRCh38_CMRG_62558	0.0
GRCh38_CMRG_41809	0.0
GRCh38_CMRG_18964	0.0
GRCh38_CMRG_83085	0.0
GRCh38_CMRG_18094	0.0
GRCh38_CMRG_23890	0.0
GRCh38_CMRG_12791	0.0
GRCh38_CMRG_38076	0.0
GRCh38_CMRG_55235	0.0
GRCh38_CMRG_18386	0.0
GRCh38_CMRG_17436	0.0
GRCh38_CMRG_22445	0.0
GRCh38_CMRG_45109	0.0
GRCh38_CMRG_45060	0.0
GRCh38_CMRG_60536	0.0
GRCh38_CMRG_68347	0.0
GRCh38_CMRG_79908	0.0
GRCh38_CMRG_71339	0.0
GRCh38_CMRG_71825	0.0
GRCh38_CMRG_68479	0.0
GRCh38_CMRG_39795	0.0
GRCh38_CMRG_45036	0.0
GRCh38_CMRG_32816	0.0
GRCh38_CMRG_44958	0.0
GRCh38_CMRG_30816	0.0
GRCh38_CMRG_47578	0.0
GRCh38_CMRG_73448	0.0
GRCh38_CMRG_85007	0.0
GRCh38_CMRG_13480	0.0
GRCh38_CMRG_40740	0.0
GRCh38_CMRG_65162	0.0
GRCh38_CMRG_7826	0.0
GRCh38_CMRG_84475	0.0
GRCh38_CMRG_14435	0.0
GRCh38_CMRG_54239	0.0
GRCh38_CMRG_50708	0.0
GRCh38_CMRG_48405	0.0
GRCh38_CMRG_7350	0.0
GRCh38_CMRG_44835	0.0
GRCh38_CMRG_68492	0.0
GRCh38_CMRG_59799	0.0
GRCh38_CMRG_40388	0.0
GRCh38_CMRG_77721	0.0
GRCh38_CMRG_55835	0.0
GRCh38_CMRG_32890	0.0
GRCh38_CMRG_82696	0.0
GRCh38_CMRG_73354	0.0
GRCh38_CMRG_5781	0.0
GRCh38_CMRG_78942	0.0
GRCh38_CMRG_32924	0.0
GRCh38_CMRG_55669	0.0
GRCh38_CMRG_34726	0.0
GRCh38_CMRG_81691	0.0
GRCh38_CMRG_76619	0.0
GRCh38_CMRG_41472	0.0
GRCh38_CMRG_29169	0.0
GRCh38_CMRG_46344	0.0
GRCh38_CMRG_72417	0.0
GRCh38_CMRG_55530	0.0
GRCh38_CMRG_37935	0.0
GRCh38_CMRG_2090	0.0
GRCh38_CMRG_19048	0.0
GRCh38_CMRG_73937	0.0
GRCh38_CMRG_72585	0.0
GRCh38_CMRG_95	0.0
GRCh38_CMRG_48533	0.0
GRCh38_CMRG_23583	0.0
GRCh38_CMRG_32359	0.0
GRCh38_CMRG_49492	0.0
GRCh38_CMRG_70860	0.0
GRCh38_CMRG_79619	0.0
GRCh38_CMRG_72605	0.0
GRCh38_CMRG_41920	0.0
GRCh38_CMRG_73458	0.0
GRCh38_CMRG_62324	0.0
GRCh38_CMRG_59330	0.0
GRCh38_CMRG_73435	0.0
GRCh38_CMRG_14594	0.0
GRCh38_CMRG_74675	0.0
GRCh38_CMRG_37730	0.0
GRCh38_CMRG_8319	0.0
GRCh38_CMRG_23953	0.0
GRCh38_CMRG_55254	0.0
GRCh38_CMRG_38029	0.0
GRCh38_CMRG_17140	0.0
GRCh38_CMRG_27188	0.0
GRCh38_CMRG_6303	0.0
GRCh38_CMRG_49536	0.0
GRCh38_CMRG_60614	0.0
GRCh38_CMRG_41486	0.0
GRCh38_CMRG_73149	0.0
GRCh38_CMRG_31386	0.0
GRCh38_CMRG_74788	0.0
GRCh38_CMRG_44828	0.0
GRCh38_CMRG_7056	0.0
GRCh38_CMRG_1300	0.0
GRCh38_CMRG_49434	0.0
GRCh38_CMRG_65192	0.0
GRCh38_CMRG_48979	0.0
GRCh38_CMRG_32838	0.0
GRCh38_CMRG_16893	0.0
GRCh38_CMRG_73098	0.0
GRCh38_CMRG_13053	0.0
GRCh38_CMRG_38342	0.0
GRCh38_CMRG_32502	0.0
GRCh38_CMRG_33382	0.0
GRCh38_CMRG_77575	0.0
GRCh38_CMRG_41119	0.0
GRCh38_CMRG_54796	0.0
GRCh38_CMRG_7150	0.0
GRCh38_CMRG_51857	0.0
GRCh38_CMRG_75113	0.0
GRCh38_CMRG_13326	0.0
GRCh38_CMRG_45578	0.0
GRCh38_CMRG_28561	0.0
GRCh38_CMRG_48954	0.0
GRCh38_CMRG_2635	0.0
GRCh38_CMRG_45703	0.0
GRCh38_CMRG_8889	0.0
GRCh38_CMRG_27339	0.0
GRCh38_CMRG_68106	0.0
GRCh38_CMRG_73645	0.0
GRCh38_CMRG_7969	0.0
GRCh38_CMRG_72667	0.0
GRCh38_CMRG_1080	0.0
GRCh38_CMRG_77306	0.0
GRCh38_CMRG_64547	0.0
GRCh38_CMRG_38009	0.0
GRCh38_CMRG_68238	0.0
GRCh38_CMRG_64048	0.0
GRCh38_CMRG_62050	0.0
GRCh38_CMRG_19465	0.0
GRCh38_CMRG_1708	0.0
GRCh38_CMRG_38255	0.0
GRCh38_CMRG_29737	0.0
GRCh38_CMRG_17151	0.0
GRCh38_CMRG_7874	0.0
GRCh38_CMRG_19951	0.0
GRCh38_CMRG_64985	0.0
GRCh38_CMRG_58272	0.0
GRCh38_CMRG_58335	0.0
GRCh38_CMRG_41525	0.0
GRCh38_CMRG_2434	0.0
GRCh38_CMRG_60458	0.0
GRCh38_CMRG_76459	0.0
GRCh38_CMRG_34009	0.0
GRCh38_CMRG_48033	0.0
GRCh38_CMRG_23884	0.0
GRCh38_CMRG_10902	0.0
GRCh38_CMRG_15109	0.0
GRCh38_CMRG_24750	0.0
GRCh38_CMRG_51994	0.0
GRCh38_CMRG_13969	0.0
GRCh38_CMRG_39575	0.0
GRCh38_CMRG_38442	0.0
GRCh38_CMRG_58746	0.0
GRCh38_CMRG_15481	0.0
GRCh38_CMRG_65220	0.0
GRCh38_CMRG_70601	0.0
GRCh38_CMRG_44829	0.0
GRCh38_CMRG_60612	0.0
GRCh38_CMRG_23933	0.0
GRCh38_CMRG_38043	0.0
GRCh38_CMRG_18269	0.0
GRCh38_CMRG_2584	0.0
GRCh38_CMRG_30030	0.0
GRCh38_CMRG_44879	0.0
GRCh38_CMRG_83277	0.0
GRCh38_CMRG_39919	0.0
GRCh38_CMRG_23527	0.0
GRCh38_CMRG_44165	0.0
GRCh38_CMRG_81457	0.0
GRCh38_CMRG_49770	0.0
GRCh38_CMRG_23592	0.0
GRCh38_CMRG_78988	0.0
GRCh38_CMRG_51267	0.0
GRCh38_CMRG_75347	0.0
GRCh38_CMRG_6364	0.0
GRCh38_CMRG_77720	0.0
GRCh38_CMRG_82567	0.0
GRCh38_CMRG_40288	0.0
GRCh38_CMRG_16461	0.0
GRCh38_CMRG_71383	0.0
GRCh38_CMRG_72363	0.0
GRCh38_CMRG_44374	0.0
GRCh38_CMRG_31337	0.0
GRCh38_CMRG_27170	0.0
GRCh38_CMRG_53514	0.0
GRCh38_CMRG_22986	0.0
GRCh38_CMRG_82766	0.0
GRCh38_CMRG_21249	0.0
GRCh38_CMRG_10504	0.0
GRCh38_CMRG_53455	0.0
GRCh38_CMRG_29335	0.0
GRCh38_CMRG_64868	0.0
GRCh38_CMRG_27000	0.0
GRCh38_CMRG_33090	0.0
GRCh38_CMRG_68835	0.0
GRCh38_CMRG_8673	0.0
GRCh38_CMRG_49046	0.0
GRCh38_CMRG_47172	0.0
GRCh38_CMRG_2917	0.0
GRCh38_CMRG_30850	0.0
GRCh38_CMRG_37745	0.0
GRCh38_CMRG_35959	0.0
GRCh38_CMRG_45242	0.0
GRCh38_CMRG_23173	0.0
GRCh38_CMRG_72527	0.0
GRCh38_CMRG_28560	0.0
GRCh38_CMRG_401	0.0
GRCh38_CMRG_72991	0.0
GRCh38_CMRG_27856	0.0
GRCh38_CMRG_35830	0.0
GRCh38_CMRG_58169	0.0
GRCh38_CMRG_17280	0.0
GRCh38_CMRG_33385	0.0
GRCh38_CMRG_28435	0.0
GRCh38_CMRG_58193	0.0
GRCh38_CMRG_47404	0.0
GRCh38_CMRG_19428	0.0
GRCh38_CMRG_77614	0.0
GRCh38_CMRG_66118	0.0
GRCh38_CMRG_19415	0.0
GRCh38_CMRG_2671	0.0
GRCh38_CMRG_18933	0.0
GRCh38_CMRG_52299	0.0
GRCh38_CMRG_63929	0.0
GRCh38_CMRG_25293	0.0
GRCh38_CMRG_59065	0.0
GRCh38_CMRG_49164	0.0
GRCh38_CMRG_18144	0.0
GRCh38_CMRG_33592	0.0
GRCh38_CMRG_41288	0.0
GRCh38_CMRG_49182	0.0
GRCh38_CMRG_77258	0.0
GRCh38_CMRG_28337	0.0
GRCh38_CMRG_82917	0.0
GRCh38_CMRG_55683	0.0
GRCh38_CMRG_12941	0.0
GRCh38_CMRG_77151	0.0
GRCh38_CMRG_49074	0.0
GRCh38_CMRG_18391	0.0
GRCh38_CMRG_61709	0.0
GRCh38_CMRG_37630	0.0
GRCh38_CMRG_71697	0.0
GRCh38_CMRG_38005	0.0
GRCh38_CMRG_39511	0.0
GRCh38_CMRG_23207	0.0
GRCh38_CMRG_45732	0.0
GRCh38_CMRG_46772	0.0
GRCh38_CMRG_63891	0.0
GRCh38_CMRG_51009	0.0
GRCh38_CMRG_64895	0.0
GRCh38_CMRG_37342	0.0
GRCh38_CMRG_73926	0.0
GRCh38_CMRG_79413	0.0
GRCh38_CMRG_45974	0.0
GRCh38_CMRG_49309	0.0
GRCh38_CMRG_80968	0.0
GRCh38_CMRG_77362	0.0
GRCh38_CMRG_59351	0.0
GRCh38_CMRG_55142	0.0
GRCh38_CMRG_393	0.0
GRCh38_CMRG_27081	0.0
GRCh38_CMRG_77242	0.0
GRCh38_CMRG_83749	0.0
GRCh38_CMRG_82881	0.0
GRCh38_CMRG_82643	0.0
GRCh38_CMRG_18970	0.0
GRCh38_CMRG_67677	0.0
GRCh38_CMRG_53190	0.0
GRCh38_CMRG_67665	0.0
GRCh38_CMRG_39567	0.0
GRCh38_CMRG_41957	0.0
GRCh38_CMRG_11334	0.0
GRCh38_CMRG_23816	0.0
GRCh38_CMRG_51832	0.0
GRCh38_CMRG_68362	0.0
GRCh38_CMRG_45584	0.0
GRCh38_CMRG_2344	0.0
GRCh38_CMRG_74390	0.0
GRCh38_CMRG_41685	0.0
GRCh38_CMRG_68343	0.0
GRCh38_CMRG_82088	0.0
GRCh38_CMRG_13457	0.0
GRCh38_CMRG_40309	0.0
GRCh38_CMRG_53528	0.0
GRCh38_CMRG_13679	0.0
GRCh38_CMRG_9719	0.0
GRCh38_CMRG_557	0.0
GRCh38_CMRG_65558	0.0
GRCh38_CMRG_28393	0.0
GRCh38_CMRG_75205	0.0
GRCh38_CMRG_29369	0.0
GRCh38_CMRG_72987	0.0
GRCh38_CMRG_60507	0.0
GRCh38_CMRG_33257	0.0
GRCh38_CMRG_61448	0.0
GRCh38_CMRG_54735	0.0
GRCh38_CMRG_74818	0.0
GRCh38_CMRG_60021	0.0
GRCh38_CMRG_55567	0.0
GRCh38_CMRG_69502	0.0
GRCh38_CMRG_72586	0.0
GRCh38_CMRG_58794	0.0
GRCh38_CMRG_37617	0.0
GRCh38_CMRG_74682	0.0
GRCh38_CMRG_10967	0.0
GRCh38_CMRG_67687	0.0
GRCh38_CMRG_52339	0.0
GRCh38_CMRG_11278	0.0
GRCh38_CMRG_68163	0.0
GRCh38_CMRG_68427	0.0
GRCh38_CMRG_74961	0.0
GRCh38_CMRG_75558	0.0
GRCh38_CMRG_82364	0.0
GRCh38_CMRG_65292	0.0
GRCh38_CMRG_35689	0.0
GRCh38_CMRG_11931	0.0
GRCh38_CMRG_33456	0.0
GRCh38_CMRG_8230	0.0
GRCh38_CMRG_47606	0.0
GRCh38_CMRG_13128	0.0
GRCh38_CMRG_79220	0.0
GRCh38_CMRG_58959	0.0
GRCh38_CMRG_6711	0.0
GRCh38_CMRG_77279	0.0
GRCh38_CMRG_82506	0.0
GRCh38_CMRG_22294	0.0
GRCh38_CMRG_2077	0.0
GRCh38_CMRG_45628	0.0
GRCh38_CMRG_74907	0.0
GRCh38_CMRG_82500	0.0
GRCh38_CMRG_9366	0.0
GRCh38_CMRG_60566	0.0
GRCh38_CMRG_55431	0.0
GRCh38_CMRG_52501	0.0
GRCh38_CMRG_75551	0.0
GRCh38_CMRG_6253	0.0
GRCh38_CMRG_70391	0.0
GRCh38_CMRG_42301	0.0
GRCh38_CMRG_1348	0.0
GRCh38_CMRG_15432	0.0
GRCh38_CMRG_28429	0.0
GRCh38_CMRG_72563	0.0
GRCh38_CMRG_49120	0.0
GRCh38_CMRG_40635	0.0
GRCh38_CMRG_64529	0.0
GRCh38_CMRG_77215	0.0
GRCh38_CMRG_65208	0.0
GRCh38_CMRG_55466	0.0
GRCh38_CMRG_41341	0.0
GRCh38_CMRG_64658	0.0
GRCh38_CMRG_42456	0.0
GRCh38_CMRG_1851	0.0
GRCh38_CMRG_25384	0.0
GRCh38_CMRG_58457	0.0
GRCh38_CMRG_28540	0.0
GRCh38_CMRG_31944	0.0
GRCh38_CMRG_6775	0.0
GRCh38_CMRG_47126	0.0
GRCh38_CMRG_22540	0.0
GRCh38_CMRG_79090	0.0
GRCh38_CMRG_15041	0.0
GRCh38_CMRG_84011	0.0
GRCh38_CMRG_32897	0.0
GRCh38_CMRG_7705	0.0
GRCh38_CMRG_49229	0.0
GRCh38_CMRG_23869	0.0
GRCh38_CMRG_53677	0.0
GRCh38_CMRG_29195	0.0
GRCh38_CMRG_29738	0.0
GRCh38_CMRG_31044	0.0
GRCh38_CMRG_28125	0.0
GRCh38_CMRG_62280	0.0
GRCh38_CMRG_76457	0.0
GRCh38_CMRG_18637	0.0
GRCh38_CMRG_52748	0.0
GRCh38_CMRG_33329	0.0
GRCh38_CMRG_19660	0.0
GRCh38_CMRG_9708	0.0
GRCh38_CMRG_9437	0.0
GRCh38_CMRG_54531	0.0
GRCh38_CMRG_49037	0.0
GRCh38_CMRG_48449	0.0
GRCh38_CMRG_46437	0.0
GRCh38_CMRG_83560	0.0
GRCh38_CMRG_1464	0.0
GRCh38_CMRG_5807	0.0
GRCh38_CMRG_39322	0.0
GRCh38_CMRG_10798	0.0
GRCh38_CMRG_47007	0.0
GRCh38_CMRG_28410	0.0
GRCh38_CMRG_73345	0.0
GRCh38_CMRG_13305	0.0
GRCh38_CMRG_55440	0.0
GRCh38_CMRG_677	0.0
GRCh38_CMRG_32430	0.0
GRCh38_CMRG_42579	0.0
GRCh38_CMRG_75000	0.0
GRCh38_CMRG_14690	0.0
GRCh38_CMRG_73367	0.0
GRCh38_CMRG_22380	0.0
GRCh38_CMRG_9761	0.0
GRCh38_CMRG_73681	0.0
GRCh38_CMRG_18694	0.0
GRCh38_CMRG_64855	0.0
GRCh38_CMRG_36752	0.0
GRCh38_CMRG_49044	0.0
GRCh38_CMRG_36492	0.0
GRCh38_CMRG_65276	0.0
GRCh38_CMRG_13184	0.0
GRCh38_CMRG_46161	0.0
GRCh38_CMRG_72805	0.0
GRCh38_CMRG_59484	0.0
GRCh38_CMRG_68506	0.0
GRCh38_CMRG_38682	0.0
GRCh38_CMRG_28826	0.0
GRCh38_CMRG_41081	0.0
GRCh38_CMRG_77285	0.0
GRCh38_CMRG_60039	0.0
GRCh38_CMRG_45617	0.0
GRCh38_CMRG_55780	0.0
GRCh38_CMRG_25923	0.0
GRCh38_CMRG_21828	0.0
GRCh38_CMRG_19860	0.0
GRCh38_CMRG_62531	0.0
GRCh38_CMRG_52624	0.0
GRCh38_CMRG_65812	0.0
GRCh38_CMRG_51347	0.0
GRCh38_CMRG_65468	0.0
GRCh38_CMRG_29641	0.0
GRCh38_CMRG_80040	0.0
GRCh38_CMRG_43888	0.0
GRCh38_CMRG_44127	0.0
GRCh38_CMRG_23465	0.0
GRCh38_CMRG_58254	0.0
GRCh38_CMRG_72444	0.0
GRCh38_CMRG_27497	0.0
GRCh38_CMRG_21299	0.0
GRCh38_CMRG_44450	0.0
GRCh38_CMRG_63279	0.0
GRCh38_CMRG_54863	0.0
GRCh38_CMRG_63666	0.0
GRCh38_CMRG_32799	0.0
GRCh38_CMRG_172	0.0
GRCh38_CMRG_10479	0.0
GRCh38_CMRG_16499	0.0
GRCh38_CMRG_62405	0.0
GRCh38_CMRG_45113	0.0
GRCh38_CMRG_36770	0.0
GRCh38_CMRG_44794	0.0
GRCh38_CMRG_36571	0.0
GRCh38_CMRG_54298	0.0
GRCh38_CMRG_8533	0.0
GRCh38_CMRG_77195	0.0
GRCh38_CMRG_72231	0.0
GRCh38_CMRG_74759	0.0
GRCh38_CMRG_1090	0.0
GRCh38_CMRG_69688	0.0
GRCh38_CMRG_72065	0.0
GRCh38_CMRG_70976	0.0
GRCh38_CMRG_81992	0.0
GRCh38_CMRG_46591	0.0
GRCh38_CMRG_24786	0.0
GRCh38_CMRG_73037	0.0
GRCh38_CMRG_456	0.0
GRCh38_CMRG_67829	0.0
GRCh38_CMRG_66064	0.0
GRCh38_CMRG_73118	0.0
GRCh38_CMRG_54263	0.0
GRCh38_CMRG_26338	0.0
GRCh38_CMRG_67926	0.0
GRCh38_CMRG_37651	0.0
GRCh38_CMRG_61534	0.0
GRCh38_CMRG_65831	0.0
GRCh38_CMRG_33500	0.0
GRCh38_CMRG_62620	0.0
GRCh38_CMRG_44206	0.0
GRCh38_CMRG_7981	0.0
GRCh38_CMRG_1174	0.0
GRCh38_CMRG_22033	0.0
GRCh38_CMRG_43850	0.0
GRCh38_CMRG_82596	0.0
GRCh38_CMRG_68110	0.0
GRCh38_CMRG_72681	0.0
GRCh38_CMRG_23314	0.0
GRCh38_CMRG_64934	0.0
GRCh38_CMRG_2934	0.0
GRCh38_CMRG_8027	0.0
GRCh38_CMRG_61847	0.0
GRCh38_CMRG_82485	0.0
GRCh38_CMRG_49425	0.0
GRCh38_CMRG_52123	0.0
GRCh38_CMRG_41483	0.0
GRCh38_CMRG_39261	0.0
GRCh38_CMRG_36838	0.0
GRCh38_CMRG_82004	0.0
GRCh38_CMRG_9419	0.0
GRCh38_CMRG_45449	0.0
GRCh38_CMRG_14520	0.0
GRCh38_CMRG_37931	0.0
GRCh38_CMRG_37008	0.0
GRCh38_CMRG_60082	0.0
GRCh38_CMRG_18932	0.0
GRCh38_CMRG_79827	0.0
GRCh38_CMRG_82714	0.0
GRCh38_CMRG_81826	0.0
GRCh38_CMRG_74835	0.0
GRCh38_CMRG_30010	0.0
GRCh38_CMRG_78990	0.0
GRCh38_CMRG_61514	0.0
GRCh38_CMRG_77121	0.0
GRCh38_CMRG_29725	0.0
GRCh38_CMRG_17391	0.0
GRCh38_CMRG_14894	0.0
GRCh38_CMRG_23618	0.0
GRCh38_CMRG_82357	0.0
GRCh38_CMRG_60785	0.0
GRCh38_CMRG_62536	0.0
GRCh38_CMRG_53452	0.0
GRCh38_CMRG_55621	0.0
GRCh38_CMRG_31753	0.0
GRCh38_CMRG_65737	0.0
GRCh38_CMRG_481	0.0
GRCh38_CMRG_8007	0.0
GRCh38_CMRG_55667	0.0
GRCh38_CMRG_17990	0.0
GRCh38_CMRG_38187	0.0
GRCh38_CMRG_82355	0.0
GRCh38_CMRG_55620	0.0
GRCh38_CMRG_42117	0.0
GRCh38_CMRG_15095	0.0
GRCh38_CMRG_12810	0.0
GRCh38_CMRG_9303	0.0
GRCh38_CMRG_58793	0.0
GRCh38_CMRG_29842	0.0
GRCh38_CMRG_53028	0.0
GRCh38_CMRG_32433	0.0
GRCh38_CMRG_79512	0.0
GRCh38_CMRG_52770	0.0
GRCh38_CMRG_33362	0.0
GRCh38_CMRG_54533	0.0
GRCh38_CMRG_82410	0.0
GRCh38_CMRG_68126	0.0
GRCh38_CMRG_33443	0.0
GRCh38_CMRG_18772	0.0
GRCh38_CMRG_60307	0.0
GRCh38_CMRG_49013	0.0
GRCh38_CMRG_46605	0.0
GRCh38_CMRG_52308	0.0
GRCh38_CMRG_38344	0.0
GRCh38_CMRG_48988	0.0
GRCh38_CMRG_67169	0.0
GRCh38_CMRG_67730	0.0
GRCh38_CMRG_19003	0.0
GRCh38_CMRG_64863	0.0
GRCh38_CMRG_44812	0.0
GRCh38_CMRG_84418	0.0
GRCh38_CMRG_28454	0.0
GRCh38_CMRG_55084	0.0
GRCh38_CMRG_28136	0.0
GRCh38_CMRG_34750	0.0
GRCh38_CMRG_65194	0.0
GRCh38_CMRG_82732	0.0
GRCh38_CMRG_13619	0.0
GRCh38_CMRG_61943	0.0
GRCh38_CMRG_31819	0.0
GRCh38_CMRG_66045	0.0
GRCh38_CMRG_530	0.0
GRCh38_CMRG_18928	0.0
GRCh38_CMRG_55396	0.0
GRCh38_CMRG_81014	0.0
GRCh38_CMRG_52357	0.0
GRCh38_CMRG_13051	0.0
GRCh38_CMRG_32687	0.0
GRCh38_CMRG_68092	0.0
GRCh38_CMRG_48885	0.0
GRCh38_CMRG_65732	0.0
GRCh38_CMRG_5810	0.0
GRCh38_CMRG_7340	0.0
GRCh38_CMRG_24159	0.0
GRCh38_CMRG_39898	0.0
GRCh38_CMRG_49208	0.0
GRCh38_CMRG_6491	0.0
GRCh38_CMRG_52250	0.0
GRCh38_CMRG_60357	0.0
GRCh38_CMRG_35554	0.0
GRCh38_CMRG_41310	0.0
GRCh38_CMRG_82005	0.0
GRCh38_CMRG_17013	0.0
GRCh38_CMRG_58792	0.0
GRCh38_CMRG_50907	0.0
GRCh38_CMRG_38050	0.0
GRCh38_CMRG_9706	0.0
GRCh38_CMRG_52730	0.0
GRCh38_CMRG_82586	0.0
GRCh38_CMRG_29678	0.0
GRCh38_CMRG_27168	0.0
GRCh38_CMRG_16498	0.0
GRCh38_CMRG_38323	0.0
GRCh38_CMRG_78933	0.0
GRCh38_CMRG_50087	0.0
GRCh38_CMRG_36595	0.0
GRCh38_CMRG_77531	0.0
GRCh38_CMRG_40857	0.0
GRCh38_CMRG_81751	0.0
GRCh38_CMRG_48989	0.0
GRCh38_CMRG_53374	0.0
GRCh38_CMRG_47623	0.0
GRCh38_CMRG_81837	0.0
GRCh38_CMRG_24010	0.0
GRCh38_CMRG_32749	0.0
GRCh38_CMRG_53295	0.0
GRCh38_CMRG_6078	0.0
GRCh38_CMRG_67016	0.0
GRCh38_CMRG_59069	0.0
GRCh38_CMRG_17918	0.0
GRCh38_CMRG_14912	0.0
GRCh38_CMRG_47701	0.0
GRCh38_CMRG_81962	0.0
GRCh38_CMRG_32309	0.0
GRCh38_CMRG_64191	0.0
GRCh38_CMRG_77703	0.0
GRCh38_CMRG_33621	0.0
GRCh38_CMRG_47706	0.0
GRCh38_CMRG_50591	0.0
GRCh38_CMRG_43892	0.0
GRCh38_CMRG_22363	0.0
GRCh38_CMRG_82362	0.0
GRCh38_CMRG_19744	0.0
GRCh38_CMRG_71902	0.0
GRCh38_CMRG_81451	0.0
GRCh38_CMRG_51099	0.0
GRCh38_CMRG_58518	0.0
GRCh38_CMRG_78936	0.0
GRCh38_CMRG_32314	0.0
GRCh38_CMRG_81694	0.0
GRCh38_CMRG_61258	0.0
GRCh38_CMRG_33026	0.0
GRCh38_CMRG_82463	0.0
GRCh38_CMRG_7213	0.0
GRCh38_CMRG_65953	0.0
GRCh38_CMRG_38513	0.0
GRCh38_CMRG_52338	0.0
GRCh38_CMRG_8456	0.0
GRCh38_CMRG_72456	0.0
GRCh38_CMRG_76464	0.0
GRCh38_CMRG_29020	0.0
GRCh38_CMRG_83043	0.0
GRCh38_CMRG_82301	0.0
GRCh38_CMRG_65176	0.0
GRCh38_CMRG_64021	0.0
GRCh38_CMRG_29068	0.0
GRCh38_CMRG_31563	0.0
GRCh38_CMRG_13600	0.0
GRCh38_CMRG_81874	0.0
GRCh38_CMRG_14637	0.0
GRCh38_CMRG_49421	0.0
GRCh38_CMRG_55672	0.0
GRCh38_CMRG_67338	0.0
GRCh38_CMRG_71118	0.0
GRCh38_CMRG_41017	0.0
GRCh38_CMRG_11686	0.0
GRCh38_CMRG_18569	0.0
GRCh38_CMRG_69059	0.0
GRCh38_CMRG_40077	0.0
GRCh38_CMRG_26294	0.0
GRCh38_CMRG_53654	0.0
GRCh38_CMRG_21142	0.0
GRCh38_CMRG_37957	0.0
GRCh38_CMRG_76948	0.0
GRCh38_CMRG_71384	0.0
GRCh38_CMRG_59840	0.0
GRCh38_CMRG_8427	0.0
GRCh38_CMRG_59398	0.0
GRCh38_CMRG_14367	0.0
GRCh38_CMRG_60035	0.0
GRCh38_CMRG_65231	0.0
GRCh38_CMRG_74290	0.0
GRCh38_CMRG_48156	0.0
GRCh38_CMRG_64083	0.0
GRCh38_CMRG_60061	0.0
GRCh38_CMRG_22004	0.0
GRCh38_CMRG_7097	0.0
GRCh38_CMRG_18475	0.0
GRCh38_CMRG_1451	0.0
GRCh38_CMRG_45386	0.0
GRCh38_CMRG_14971	0.0
GRCh38_CMRG_22268	0.0
GRCh38_CMRG_80824	0.0
GRCh38_CMRG_50806	0.0
GRCh38_CMRG_8371	0.0
GRCh38_CMRG_82694	0.0
GRCh38_CMRG_2576	0.0
GRCh38_CMRG_22310	0.0
GRCh38_CMRG_23680	0.0
GRCh38_CMRG_2928	0.0
GRCh38_CMRG_26016	0.0
GRCh38_CMRG_518	0.0
GRCh38_CMRG_13126	0.0
GRCh38_CMRG_2148	0.0
GRCh38_CMRG_70784	0.0
GRCh38_CMRG_65388	0.0
GRCh38_CMRG_6297	0.0
GRCh38_CMRG_79527	0.0
GRCh38_CMRG_82376	0.0
GRCh38_CMRG_55464	0.0
GRCh38_CMRG_19882	0.0
GRCh38_CMRG_61944	0.0
GRCh38_CMRG_67387	0.0
GRCh38_CMRG_51954	0.0
GRCh38_CMRG_55673	0.0
GRCh38_CMRG_73261	0.0
GRCh38_CMRG_14341	0.0
GRCh38_CMRG_18395	0.0
GRCh38_CMRG_28477	0.0
GRCh38_CMRG_8297	0.0
GRCh38_CMRG_13644	0.0
GRCh38_CMRG_17780	0.0
GRCh38_CMRG_8259	0.0
GRCh38_CMRG_39428	0.0
GRCh38_CMRG_42376	0.0
GRCh38_CMRG_62638	0.0
GRCh38_CMRG_11269	0.0
GRCh38_CMRG_23629	0.0
GRCh38_CMRG_2002	0.0
GRCh38_CMRG_59854	0.0
GRCh38_CMRG_47011	0.0
GRCh38_CMRG_39368	0.0
GRCh38_CMRG_27942	0.0
GRCh38_CMRG_22356	0.0
GRCh38_CMRG_73307	0.0
GRCh38_CMRG_39382	0.0
GRCh38_CMRG_592	0.0
GRCh38_CMRG_50367	0.0
GRCh38_CMRG_34296	0.0
GRCh38_CMRG_58125	0.0
GRCh38_CMRG_30023	0.0
GRCh38_CMRG_34678	0.0
GRCh38_CMRG_43666	0.0
GRCh38_CMRG_27892	0.0
GRCh38_CMRG_25895	0.0
GRCh38_CMRG_29792	0.0
GRCh38_CMRG_38396	0.0
GRCh38_CMRG_34695	0.0
GRCh38_CMRG_61684	0.0
GRCh38_CMRG_82723	0.0
GRCh38_CMRG_49835	0.0
GRCh38_CMRG_51724	0.0
GRCh38_CMRG_83152	0.0
GRCh38_CMRG_49293	0.0
GRCh38_CMRG_21962	0.0
GRCh38_CMRG_26373	0.0
GRCh38_CMRG_9275	0.0
GRCh38_CMRG_75267	0.0
GRCh38_CMRG_52002	0.0
GRCh38_CMRG_53609	0.0
GRCh38_CMRG_81932	0.0
GRCh38_CMRG_18398	0.0
GRCh38_CMRG_8671	0.0
GRCh38_CMRG_44268	0.0
GRCh38_CMRG_48861	0.0
GRCh38_CMRG_63730	0.0
GRCh38_CMRG_1167	0.0
GRCh38_CMRG_74952	0.0
GRCh38_CMRG_38361	0.0
GRCh38_CMRG_32757	0.0
GRCh38_CMRG_60977	0.0
GRCh38_CMRG_62534	0.0
GRCh38_CMRG_35783	0.0
GRCh38_CMRG_64938	0.0
GRCh38_CMRG_29556	0.0
GRCh38_CMRG_59216	0.0
GRCh38_CMRG_73296	0.0
GRCh38_CMRG_12599	0.0
GRCh38_CMRG_24799	0.0
GRCh38_CMRG_44388	0.0
GRCh38_CMRG_13353	0.0
GRCh38_CMRG_13692	0.0
GRCh38_CMRG_64032	0.0
GRCh38_CMRG_26841	0.0
GRCh38_CMRG_29279	0.0
GRCh38_CMRG_29655	0.0
GRCh38_CMRG_24300	0.0
GRCh38_CMRG_55324	0.0
GRCh38_CMRG_52161	0.0
GRCh38_CMRG_60443	0.0
GRCh38_CMRG_10968	0.0
GRCh38_CMRG_51193	0.0
GRCh38_CMRG_2927	0.0
GRCh38_CMRG_8704	0.0
GRCh38_CMRG_35967	0.0
GRCh38_CMRG_50398	0.0
GRCh38_CMRG_68099	0.0
GRCh38_CMRG_62142	0.0
GRCh38_CMRG_7767	0.0
GRCh38_CMRG_65981	0.0
GRCh38_CMRG_65228	0.0
GRCh38_CMRG_63262	0.0
GRCh38_CMRG_48977	0.0
GRCh38_CMRG_53962	0.0
GRCh38_CMRG_17902	0.0
GRCh38_CMRG_75616	0.0
GRCh38_CMRG_58629	0.0
GRCh38_CMRG_72631	0.0
GRCh38_CMRG_48462	0.0
GRCh38_CMRG_60432	0.0
GRCh38_CMRG_82370	0.0
GRCh38_CMRG_8173	0.0
GRCh38_CMRG_61147	0.0
GRCh38_CMRG_68101	0.0
GRCh38_CMRG_24283	0.0
GRCh38_CMRG_51944	0.0
GRCh38_CMRG_40739	0.0
GRCh38_CMRG_47379	0.0
GRCh38_CMRG_63784	0.0
GRCh38_CMRG_45243	0.0
GRCh38_CMRG_24272	0.0
GRCh38_CMRG_29188	0.0
GRCh38_CMRG_2146	0.0
GRCh38_CMRG_82378	0.0
GRCh38_CMRG_44101	0.0
GRCh38_CMRG_13266	0.0
GRCh38_CMRG_61862	0.0
GRCh38_CMRG_26693	0.0
GRCh38_CMRG_83611	0.0
GRCh38_CMRG_31722	0.0
GRCh38_CMRG_73117	0.0
GRCh38_CMRG_23843	0.0
GRCh38_CMRG_55243	0.0
GRCh38_CMRG_24050	0.0
GRCh38_CMRG_22207	0.0
GRCh38_CMRG_48017	0.0
GRCh38_CMRG_35763	0.0
GRCh38_CMRG_11693	0.0
GRCh38_CMRG_62267	0.0
GRCh38_CMRG_50359	0.0
GRCh38_CMRG_23846	0.0
GRCh38_CMRG_42406	0.0
GRCh38_CMRG_70766	0.0
GRCh38_CMRG_29069	0.0
GRCh38_CMRG_49300	0.0
GRCh38_CMRG_17803	0.0
GRCh38_CMRG_10487	0.0
GRCh38_CMRG_14659	0.0
GRCh38_CMRG_63292	0.0
GRCh38_CMRG_33625	0.0
GRCh38_CMRG_5818	0.0
GRCh38_CMRG_39012	0.0
GRCh38_CMRG_53189	0.0
GRCh38_CMRG_31428	0.0
GRCh38_CMRG_14457	0.0
GRCh38_CMRG_84897	0.0
GRCh38_CMRG_23450	0.0
GRCh38_CMRG_32411	0.0
GRCh38_CMRG_43745	0.0
GRCh38_CMRG_593	0.0
GRCh38_CMRG_32841	0.0
GRCh38_CMRG_81624	0.0
GRCh38_CMRG_77540	0.0
GRCh38_CMRG_79022	0.0
GRCh38_CMRG_79560	0.0
GRCh38_CMRG_38351	0.0
GRCh38_CMRG_67965	0.0
GRCh38_CMRG_49561	0.0
GRCh38_CMRG_27781	0.0
GRCh38_CMRG_73616	0.0
GRCh38_CMRG_17575	0.0
GRCh38_CMRG_60143	0.0
GRCh38_CMRG_84220	0.0
GRCh38_CMRG_59656	0.0
GRCh38_CMRG_52291	0.0
GRCh38_CMRG_19515	0.0
GRCh38_CMRG_40436	0.0
GRCh38_CMRG_29857	0.0
GRCh38_CMRG_47341	0.0
GRCh38_CMRG_72804	0.0
GRCh38_CMRG_68297	0.0
GRCh38_CMRG_52592	0.0
GRCh38_CMRG_21565	0.0
GRCh38_CMRG_64854	0.0
GRCh38_CMRG_43755	0.0
GRCh38_CMRG_74373	0.0
GRCh38_CMRG_29162	0.0
GRCh38_CMRG_82502	0.0
GRCh38_CMRG_19616	0.0
GRCh38_CMRG_28142	0.0
GRCh38_CMRG_33577	0.0
GRCh38_CMRG_7934	0.0
GRCh38_CMRG_58170	0.0
GRCh38_CMRG_40075	0.0
GRCh38_CMRG_38745	0.0
GRCh38_CMRG_8008	0.0
GRCh38_CMRG_30831	0.0
GRCh38_CMRG_70852	0.0
GRCh38_CMRG_68119	0.0
GRCh38_CMRG_34252	0.0
GRCh38_CMRG_41015	0.0
GRCh38_CMRG_38781	0.0
GRCh38_CMRG_12644	0.0
GRCh38_CMRG_51723	0.0
GRCh38_CMRG_12626	0.0
GRCh38_CMRG_67774	0.0
GRCh38_CMRG_83883	0.0
GRCh38_CMRG_83214	0.0
GRCh38_CMRG_58742	0.0
GRCh38_CMRG_67781	0.0
GRCh38_CMRG_41804	0.0
GRCh38_CMRG_29968	0.0
GRCh38_CMRG_68799	0.0
GRCh38_CMRG_13686	0.0
GRCh38_CMRG_54527	0.0
GRCh38_CMRG_59153	0.0
GRCh38_CMRG_83734	0.0
GRCh38_CMRG_12842	0.0
GRCh38_CMRG_1523	0.0
GRCh38_CMRG_79408	0.0
GRCh38_CMRG_63268	0.0
GRCh38_CMRG_72473	0.0
GRCh38_CMRG_68117	0.0
GRCh38_CMRG_42345	0.0
GRCh38_CMRG_33063	0.0
GRCh38_CMRG_58491	0.0
GRCh38_CMRG_41648	0.0
GRCh38_CMRG_79192	0.0
GRCh38_CMRG_63367	0.0
GRCh38_CMRG_36372	0.0
GRCh38_CMRG_48476	0.0
GRCh38_CMRG_14578	0.0
GRCh38_CMRG_14931	0.0
GRCh38_CMRG_74340	0.0
GRCh38_CMRG_58519	0.0
GRCh38_CMRG_81857	0.0
GRCh38_CMRG_74951	0.0
GRCh38_CMRG_5858	0.0
GRCh38_CMRG_72486	0.0
GRCh38_CMRG_38739	0.0
GRCh38_CMRG_598	0.0
GRCh38_CMRG_66999	0.0
GRCh38_CMRG_2530	0.0
GRCh38_CMRG_7328	0.0
GRCh38_CMRG_82657	0.0
GRCh38_CMRG_9440	0.0
GRCh38_CMRG_31335	0.0
GRCh38_CMRG_49422	0.0
GRCh38_CMRG_30594	0.0
GRCh38_CMRG_15479	0.0
GRCh38_CMRG_76603	0.0
GRCh38_CMRG_40389	0.0
GRCh38_CMRG_67931	0.0
GRCh38_CMRG_2288	0.0
GRCh38_CMRG_28536	0.0
GRCh38_CMRG_48360	0.0
GRCh38_CMRG_16996	0.0
GRCh38_CMRG_39223	0.0
GRCh38_CMRG_58466	0.0
GRCh38_CMRG_17417	0.0
GRCh38_CMRG_60011	0.0
GRCh38_CMRG_6546	0.0
GRCh38_CMRG_77505	0.0
GRCh38_CMRG_82805	0.0
GRCh38_CMRG_23700	0.0
GRCh38_CMRG_990	0.0
GRCh38_CMRG_13893	0.0
GRCh38_CMRG_45467	0.0
GRCh38_CMRG_58276	0.0
GRCh38_CMRG_65830	0.0
GRCh38_CMRG_72968	0.0
GRCh38_CMRG_81345	0.0
GRCh38_CMRG_32722	0.0
GRCh38_CMRG_1098	0.0
GRCh38_CMRG_21510	0.0
GRCh38_CMRG_34752	0.0
GRCh38_CMRG_39149	0.0
GRCh38_CMRG_81883	0.0
GRCh38_CMRG_21967	0.0
GRCh38_CMRG_82761	0.0
GRCh38_CMRG_32093	0.0
GRCh38_CMRG_74699	0.0
GRCh38_CMRG_33308	0.0
GRCh38_CMRG_69397	0.0
GRCh38_CMRG_52346	0.0
GRCh38_CMRG_78962	0.0
GRCh38_CMRG_76830	0.0
GRCh38_CMRG_51988	0.0
GRCh38_CMRG_23366	0.0
GRCh38_CMRG_52718	0.0
GRCh38_CMRG_55108	0.0
GRCh38_CMRG_46253	0.0
GRCh38_CMRG_82781	0.0
GRCh38_CMRG_7963	0.0
GRCh38_CMRG_83400	0.0
GRCh38_CMRG_48238	0.0
GRCh38_CMRG_45176	0.0
GRCh38_CMRG_79631	0.0
GRCh38_CMRG_81543	0.0
GRCh38_CMRG_21775	0.0
GRCh38_CMRG_28627	0.0
GRCh38_CMRG_48114	0.0
GRCh38_CMRG_62132	0.0
GRCh38_CMRG_25118	0.0
GRCh38_CMRG_70442	0.0
GRCh38_CMRG_33597	0.0
GRCh38_CMRG_1625	0.0
GRCh38_CMRG_60065	0.0
GRCh38_CMRG_55678	0.0
GRCh38_CMRG_69751	0.0
GRCh38_CMRG_45342	0.0
GRCh38_CMRG_32328	0.0
GRCh38_CMRG_28861	0.0
GRCh38_CMRG_13149	0.0
GRCh38_CMRG_15351	0.0
GRCh38_CMRG_60858	0.0
GRCh38_CMRG_6994	0.0
GRCh38_CMRG_17082	0.0
GRCh38_CMRG_75505	0.0
GRCh38_CMRG_52963	0.0
GRCh38_CMRG_54858	0.0
GRCh38_CMRG_49400	0.0
GRCh38_CMRG_20903	0.0
GRCh38_CMRG_23721	0.0
GRCh38_CMRG_32910	0.0
GRCh38_CMRG_24995	0.0
GRCh38_CMRG_24381	0.0
GRCh38_CMRG_41175	0.0
GRCh38_CMRG_75362	0.0
GRCh38_CMRG_38177	0.0
GRCh38_CMRG_49122	0.0
GRCh38_CMRG_67939	0.0
GRCh38_CMRG_84712	0.0
GRCh38_CMRG_83662	0.0
GRCh38_CMRG_41595	0.0
GRCh38_CMRG_11061	0.0
GRCh38_CMRG_48910	0.0
GRCh38_CMRG_39548	0.0
GRCh38_CMRG_7919	0.0
GRCh38_CMRG_38238	0.0
GRCh38_CMRG_23863	0.0
GRCh38_CMRG_76921	0.0
GRCh38_CMRG_40694	0.0
GRCh38_CMRG_32672	0.0
GRCh38_CMRG_82128	0.0
GRCh38_CMRG_62425	0.0
GRCh38_CMRG_49703	0.0
GRCh38_CMRG_17141	0.0
GRCh38_CMRG_669	0.0
GRCh38_CMRG_23494	0.0
GRCh38_CMRG_83663	0.0
GRCh38_CMRG_12686	0.0
GRCh38_CMRG_44506	0.0
GRCh38_CMRG_37405	0.0
GRCh38_CMRG_81730	0.0
GRCh38_CMRG_13500	0.0
GRCh38_CMRG_48115	0.0
GRCh38_CMRG_11551	0.0
GRCh38_CMRG_38444	0.0
GRCh38_CMRG_82248	0.0
GRCh38_CMRG_18182	0.0
GRCh38_CMRG_83623	0.0
GRCh38_CMRG_58572	0.0
GRCh38_CMRG_81838	0.0
GRCh38_CMRG_73184	0.0
GRCh38_CMRG_62300	0.0
GRCh38_CMRG_71741	0.0
GRCh38_CMRG_64975	0.0
GRCh38_CMRG_83364	0.0
GRCh38_CMRG_81441	0.0
GRCh38_CMRG_20929	0.0
GRCh38_CMRG_13553	0.0
GRCh38_CMRG_38064	0.0
GRCh38_CMRG_50710	0.0
GRCh38_CMRG_17074	0.0
GRCh38_CMRG_69806	0.0
GRCh38_CMRG_21875	0.0
GRCh38_CMRG_47141	0.0
GRCh38_CMRG_9206	0.0
GRCh38_CMRG_73779	0.0
GRCh38_CMRG_39229	0.0
GRCh38_CMRG_67229	0.0
GRCh38_CMRG_78940	0.0
GRCh38_CMRG_68642	0.0
GRCh38_CMRG_46354	0.0
GRCh38_CMRG_30011	0.0
GRCh38_CMRG_40592	0.0
GRCh38_CMRG_36120	0.0
GRCh38_CMRG_1320	0.0
GRCh38_CMRG_51414	0.0
GRCh38_CMRG_44602	0.0
GRCh38_CMRG_78953	0.0
GRCh38_CMRG_51996	0.0
GRCh38_CMRG_68464	0.0
GRCh38_CMRG_72133	0.0
GRCh38_CMRG_45638	0.0
GRCh38_CMRG_64890	0.0
GRCh38_CMRG_23171	0.0
GRCh38_CMRG_37616	0.0
GRCh38_CMRG_13689	0.0
GRCh38_CMRG_71493	0.0
GRCh38_CMRG_77240	0.0
GRCh38_CMRG_68335	0.0
GRCh38_CMRG_83543	0.0
GRCh38_CMRG_73933	0.0
GRCh38_CMRG_51355	0.0
GRCh38_CMRG_45422	0.0
GRCh38_CMRG_60409	0.0
GRCh38_CMRG_47207	0.0
GRCh38_CMRG_31745	0.0
GRCh38_CMRG_44536	0.0
GRCh38_CMRG_64735	0.0
GRCh38_CMRG_53003	0.0
GRCh38_CMRG_45063	0.0
GRCh38_CMRG_79537	0.0
GRCh38_CMRG_32304	0.0
GRCh38_CMRG_61541	0.0
GRCh38_CMRG_63596	0.0
GRCh38_CMRG_32497	0.0
GRCh38_CMRG_69658	0.0
GRCh38_CMRG_13540	0.0
GRCh38_CMRG_82292	0.0
GRCh38_CMRG_49158	0.0
GRCh38_CMRG_29235	0.0
GRCh38_CMRG_44912	0.0
GRCh38_CMRG_61228	0.0
GRCh38_CMRG_74879	0.0
GRCh38_CMRG_52014	0.0
GRCh38_CMRG_55469	0.0
GRCh38_CMRG_68878	0.0
GRCh38_CMRG_31256	0.0
GRCh38_CMRG_59400	0.0
GRCh38_CMRG_23931	0.0
GRCh38_CMRG_72666	0.0
GRCh38_CMRG_82725	0.0
GRCh38_CMRG_19033	0.0
GRCh38_CMRG_49989	0.0
GRCh38_CMRG_38445	0.0
GRCh38_CMRG_79034	0.0
GRCh38_CMRG_81752	0.0
GRCh38_CMRG_73414	0.0
GRCh38_CMRG_6114	0.0
GRCh38_CMRG_29844	0.0
GRCh38_CMRG_77717	0.0
GRCh38_CMRG_21868	0.0
GRCh38_CMRG_65293	0.0
GRCh38_CMRG_45366	0.0
GRCh38_CMRG_23730	0.0
GRCh38_CMRG_30012	0.0
GRCh38_CMRG_72022	0.0
GRCh38_CMRG_68316	0.0
GRCh38_CMRG_74372	0.0
GRCh38_CMRG_31898	0.0
GRCh38_CMRG_79082	0.0
GRCh38_CMRG_18458	0.0
GRCh38_CMRG_37400	0.0
GRCh38_CMRG_82825	0.0
GRCh38_CMRG_33668	0.0
GRCh38_CMRG_77585	0.0
GRCh38_CMRG_17075	0.0
GRCh38_CMRG_28547	0.0
GRCh38_CMRG_48916	0.0
GRCh38_CMRG_11489	0.0
GRCh38_CMRG_37678	0.0
GRCh38_CMRG_19072	0.0
GRCh38_CMRG_39186	0.0
GRCh38_CMRG_51461	0.0
GRCh38_CMRG_24597	0.0
GRCh38_CMRG_45526	0.0
GRCh38_CMRG_28191	0.0
GRCh38_CMRG_62602	0.0
GRCh38_CMRG_77422	0.0
GRCh38_CMRG_16976	0.0
GRCh38_CMRG_63971	0.0
GRCh38_CMRG_32634	0.0
GRCh38_CMRG_37859	0.0
GRCh38_CMRG_38566	0.0
GRCh38_CMRG_1861	0.0
GRCh38_CMRG_68550	0.0
GRCh38_CMRG_2782	0.0
GRCh38_CMRG_49751	0.0
GRCh38_CMRG_49382	0.0
GRCh38_CMRG_729	0.0
GRCh38_CMRG_13477	0.0
GRCh38_CMRG_39459	0.0
GRCh38_CMRG_33231	0.0
GRCh38_CMRG_65177	0.0
GRCh38_CMRG_14669	0.0
GRCh38_CMRG_77109	0.0
GRCh38_CMRG_27824	0.0
GRCh38_CMRG_9694	0.0
GRCh38_CMRG_22748	0.0
GRCh38_CMRG_38341	0.0
GRCh38_CMRG_24114	0.0
GRCh38_CMRG_23673	0.0
GRCh38_CMRG_51381	0.0
GRCh38_CMRG_23727	0.0
GRCh38_CMRG_49420	0.0
GRCh38_CMRG_46127	0.0
GRCh38_CMRG_82735	0.0
GRCh38_CMRG_51092	0.0
GRCh38_CMRG_26759	0.0
GRCh38_CMRG_11149	0.0
GRCh38_CMRG_68702	0.0
GRCh38_CMRG_26352	0.0
GRCh38_CMRG_38254	0.0
GRCh38_CMRG_44349	0.0
GRCh38_CMRG_19644	0.0
GRCh38_CMRG_83741	0.0
GRCh38_CMRG_68113	0.0
GRCh38_CMRG_24174	0.0
GRCh38_CMRG_28468	0.0
GRCh38_CMRG_24499	0.0
GRCh38_CMRG_50172	0.0
GRCh38_CMRG_40507	0.0
GRCh38_CMRG_81975	0.0
GRCh38_CMRG_11272	0.0
GRCh38_CMRG_72687	0.0
GRCh38_CMRG_7442	0.0
GRCh38_CMRG_48123	0.0
GRCh38_CMRG_70158	0.0
GRCh38_CMRG_53029	0.0
GRCh38_CMRG_9289	0.0
GRCh38_CMRG_58351	0.0
GRCh38_CMRG_41733	0.0
GRCh38_CMRG_52543	0.0
GRCh38_CMRG_58741	0.0
GRCh38_CMRG_22619	0.0
GRCh38_CMRG_41754	0.0
GRCh38_CMRG_83698	0.0
GRCh38_CMRG_31763	0.0
GRCh38_CMRG_8082	0.0
GRCh38_CMRG_83413	0.0
GRCh38_CMRG_41848	0.0
GRCh38_CMRG_1989	0.0
GRCh38_CMRG_40454	0.0
GRCh38_CMRG_33516	0.0
GRCh38_CMRG_28027	0.0
GRCh38_CMRG_75020	0.0
GRCh38_CMRG_82921	0.0
GRCh38_CMRG_46126	0.0
GRCh38_CMRG_26005	0.0
GRCh38_CMRG_83176	0.0
GRCh38_CMRG_37502	0.0
GRCh38_CMRG_21886	0.0
GRCh38_CMRG_58242	0.0
GRCh38_CMRG_82569	0.0
GRCh38_CMRG_7550	0.0
GRCh38_CMRG_64009	0.0
GRCh38_CMRG_39246	0.0
GRCh38_CMRG_41937	0.0
GRCh38_CMRG_17433	0.0
GRCh38_CMRG_82783	0.0
GRCh38_CMRG_52364	0.0
GRCh38_CMRG_34242	0.0
GRCh38_CMRG_80978	0.0
GRCh38_CMRG_68098	0.0
GRCh38_CMRG_18335	0.0
GRCh38_CMRG_418	0.0
GRCh38_CMRG_18590	0.0
GRCh38_CMRG_35661	0.0
GRCh38_CMRG_73617	0.0
GRCh38_CMRG_55429	0.0
GRCh38_CMRG_58266	0.0
GRCh38_CMRG_32632	0.0
GRCh38_CMRG_33339	0.0
GRCh38_CMRG_157	0.0
GRCh38_CMRG_69607	0.0
GRCh38_CMRG_1974	0.0
GRCh38_CMRG_13435	0.0
GRCh38_CMRG_41765	0.0
GRCh38_CMRG_48952	0.0
GRCh38_CMRG_22735	0.0
GRCh38_CMRG_32968	0.0
GRCh38_CMRG_27557	0.0
GRCh38_CMRG_49815	0.0
GRCh38_CMRG_45454	0.0
GRCh38_CMRG_58681	0.0
GRCh38_CMRG_65262	0.0
GRCh38_CMRG_73664	0.0
GRCh38_CMRG_75611	0.0
GRCh38_CMRG_43903	0.0
GRCh38_CMRG_52335	0.0
GRCh38_CMRG_60778	0.0
GRCh38_CMRG_23266	0.0
GRCh38_CMRG_34236	0.0
GRCh38_CMRG_42046	0.0
GRCh38_CMRG_12165	0.0
GRCh38_CMRG_81664	0.0
GRCh38_CMRG_45371	0.0
GRCh38_CMRG_65161	0.0
GRCh38_CMRG_67722	0.0
GRCh38_CMRG_19076	0.0
GRCh38_CMRG_31061	0.0
GRCh38_CMRG_2531	0.0
GRCh38_CMRG_55813	0.0
GRCh38_CMRG_59974	0.0
GRCh38_CMRG_60947	0.0
GRCh38_CMRG_75556	0.0
GRCh38_CMRG_23238	0.0
GRCh38_CMRG_50981	0.0
GRCh38_CMRG_54343	0.0
GRCh38_CMRG_65547	0.0
GRCh38_CMRG_47794	0.0
GRCh38_CMRG_21289	0.0
GRCh38_CMRG_25942	0.0
GRCh38_CMRG_41147	0.0
GRCh38_CMRG_72418	0.0
GRCh38_CMRG_25407	0.0
GRCh38_CMRG_41415	0.0
GRCh38_CMRG_37886	0.0
GRCh38_CMRG_61991	0.0
GRCh38_CMRG_37950	0.0
GRCh38_CMRG_77701	0.0
GRCh38_CMRG_25388	0.0
GRCh38_CMRG_65849	0.0
GRCh38_CMRG_25278	0.0
GRCh38_CMRG_48528	0.0
GRCh38_CMRG_35888	0.0
GRCh38_CMRG_1462	0.0
GRCh38_CMRG_14178	0.0
GRCh38_CMRG_13828	0.0
GRCh38_CMRG_25400	0.0
GRCh38_CMRG_29309	0.0
GRCh38_CMRG_29045	0.0
GRCh38_CMRG_81366	0.0
GRCh38_CMRG_58199	0.0
GRCh38_CMRG_8010	0.0
GRCh38_CMRG_6663	0.0
GRCh38_CMRG_22603	0.0
GRCh38_CMRG_18711	0.0
GRCh38_CMRG_72365	0.0
GRCh38_CMRG_7878	0.0
GRCh38_CMRG_63547	0.0
GRCh38_CMRG_15537	0.0
GRCh38_CMRG_17451	0.0
GRCh38_CMRG_41008	0.0
GRCh38_CMRG_64125	0.0
GRCh38_CMRG_36474	0.0
GRCh38_CMRG_40009	0.0
GRCh38_CMRG_8307	0.0
GRCh38_CMRG_62612	0.0
GRCh38_CMRG_81440	0.0
GRCh38_CMRG_13314	0.0
GRCh38_CMRG_36655	0.0
GRCh38_CMRG_16576	0.0
GRCh38_CMRG_10830	0.0
GRCh38_CMRG_67618	0.0
GRCh38_CMRG_58991	0.0
GRCh38_CMRG_45418	0.0
GRCh38_CMRG_8458	0.0
GRCh38_CMRG_2874	0.0
GRCh38_CMRG_28182	0.0
GRCh38_CMRG_68460	0.0
GRCh38_CMRG_81599	0.0
GRCh38_CMRG_84283	0.0
GRCh38_CMRG_82951	0.0
GRCh38_CMRG_37838	0.0
GRCh38_CMRG_69025	0.0
GRCh38_CMRG_18880	0.0
GRCh38_CMRG_7747	0.0
GRCh38_CMRG_18736	0.0
GRCh38_CMRG_12790	0.0
GRCh38_CMRG_38358	0.0
GRCh38_CMRG_69606	0.0
GRCh38_CMRG_44626	0.0
GRCh38_CMRG_14159	0.0
GRCh38_CMRG_82476	0.0
GRCh38_CMRG_52874	0.0
GRCh38_CMRG_72811	0.0
GRCh38_CMRG_24777	0.0
GRCh38_CMRG_54861	0.0
GRCh38_CMRG_11718	0.0
GRCh38_CMRG_13438	0.0
GRCh38_CMRG_70255	0.0
GRCh38_CMRG_74715	0.0
GRCh38_CMRG_23632	0.0
GRCh38_CMRG_45237	0.0
GRCh38_CMRG_37345	0.0
GRCh38_CMRG_70514	0.0
GRCh38_CMRG_13439	0.0
GRCh38_CMRG_24442	0.0
GRCh38_CMRG_84408	0.0
GRCh38_CMRG_33386	0.0
GRCh38_CMRG_41278	0.0
GRCh38_CMRG_77269	0.0
GRCh38_CMRG_78979	0.0
GRCh38_CMRG_79657	0.0
GRCh38_CMRG_61526	0.0
GRCh38_CMRG_33676	0.0
GRCh38_CMRG_14074	0.0
GRCh38_CMRG_40222	0.0
GRCh38_CMRG_59419	0.0
GRCh38_CMRG_79591	0.0
GRCh38_CMRG_79326	0.0
GRCh38_CMRG_68388	0.0
GRCh38_CMRG_52924	0.0
GRCh38_CMRG_79545	0.0
GRCh38_CMRG_73809	0.0
GRCh38_CMRG_60038	0.0
GRCh38_CMRG_76727	0.0
GRCh38_CMRG_49656	0.0
GRCh38_CMRG_36194	0.0
GRCh38_CMRG_81223	0.0
GRCh38_CMRG_46065	0.0
GRCh38_CMRG_24253	0.0
GRCh38_CMRG_65783	0.0
GRCh38_CMRG_77463	0.0
GRCh38_CMRG_32942	0.0
GRCh38_CMRG_23413	0.0
GRCh38_CMRG_65606	0.0
GRCh38_CMRG_59282	0.0
GRCh38_CMRG_14161	0.0
GRCh38_CMRG_68401	0.0
GRCh38_CMRG_60587	0.0
GRCh38_CMRG_45354	0.0
GRCh38_CMRG_23424	0.0
GRCh38_CMRG_61348	0.0
GRCh38_CMRG_10856	0.0
GRCh38_CMRG_77689	0.0
GRCh38_CMRG_29701	0.0
GRCh38_CMRG_49206	0.0
GRCh38_CMRG_48280	0.0
GRCh38_CMRG_9598	0.0
GRCh38_CMRG_36766	0.0
GRCh38_CMRG_52301	0.0
GRCh38_CMRG_36570	0.0
GRCh38_CMRG_33211	0.0
GRCh38_CMRG_38126	0.0
GRCh38_CMRG_74698	0.0
GRCh38_CMRG_68877	0.0
GRCh38_CMRG_13187	0.0
GRCh38_CMRG_30787	0.0
GRCh38_CMRG_31639	0.0
GRCh38_CMRG_31998	0.0
GRCh38_CMRG_49351	0.0
GRCh38_CMRG_37077	0.0
GRCh38_CMRG_199	0.0
GRCh38_CMRG_1432	0.0
GRCh38_CMRG_12683	0.0
GRCh38_CMRG_66010	0.0
GRCh38_CMRG_74220	0.0
GRCh38_CMRG_75130	0.0
GRCh38_CMRG_7666	0.0
GRCh38_CMRG_13662	0.0
GRCh38_CMRG_45890	0.0
GRCh38_CMRG_37910	0.0
GRCh38_CMRG_32982	0.0
GRCh38_CMRG_24632	0.0
GRCh38_CMRG_21821	0.0
GRCh38_CMRG_59121	0.0
GRCh38_CMRG_68417	0.0
GRCh38_CMRG_15298	0.0
GRCh38_CMRG_72286	0.0
GRCh38_CMRG_32900	0.0
GRCh38_CMRG_17546	0.0
GRCh38_CMRG_58599	0.0
GRCh38_CMRG_82996	0.0
GRCh38_CMRG_33136	0.0
GRCh38_CMRG_82242	0.0
GRCh38_CMRG_49279	0.0
GRCh38_CMRG_70555	0.0
GRCh38_CMRG_77318	0.0
GRCh38_CMRG_11270	0.0
GRCh38_CMRG_70062	0.0
GRCh38_CMRG_45902	0.0
GRCh38_CMRG_28548	0.0
GRCh38_CMRG_31982	0.0
GRCh38_CMRG_25762	0.0
GRCh38_CMRG_43606	0.0
GRCh38_CMRG_27308	0.0
GRCh38_CMRG_59768	0.0
GRCh38_CMRG_29126	0.0
GRCh38_CMRG_19042	0.0
GRCh38_CMRG_29676	0.0
GRCh38_CMRG_33122	0.0
GRCh38_CMRG_33144	0.0
GRCh38_CMRG_80002	0.0
GRCh38_CMRG_174	0.0
GRCh38_CMRG_49327	0.0
GRCh38_CMRG_54096	0.0
GRCh38_CMRG_45419	0.0
GRCh38_CMRG_82737	0.0
GRCh38_CMRG_26024	0.0
GRCh38_CMRG_40233	0.0
GRCh38_CMRG_67928	0.0
GRCh38_CMRG_79600	0.0
GRCh38_CMRG_34772	0.0
GRCh38_CMRG_43573	0.0
GRCh38_CMRG_14911	0.0
GRCh38_CMRG_24117	0.0
GRCh38_CMRG_41891	0.0
GRCh38_CMRG_67758	0.0
GRCh38_CMRG_53702	0.0
GRCh38_CMRG_44691	0.0
GRCh38_CMRG_40158	0.0
GRCh38_CMRG_55283	0.0
GRCh38_CMRG_74038	0.0
GRCh38_CMRG_9471	0.0
GRCh38_CMRG_379	0.0
GRCh38_CMRG_10950	0.0
GRCh38_CMRG_58443	0.0
GRCh38_CMRG_84244	0.0
GRCh38_CMRG_82801	0.0
GRCh38_CMRG_54456	0.0
GRCh38_CMRG_65906	0.0
GRCh38_CMRG_32989	0.0
GRCh38_CMRG_26040	0.0
GRCh38_CMRG_51932	0.0
GRCh38_CMRG_48014	0.0
GRCh38_CMRG_49228	0.0
GRCh38_CMRG_66113	0.0
GRCh38_CMRG_74202	0.0
GRCh38_CMRG_45347	0.0
GRCh38_CMRG_60639	0.0
GRCh38_CMRG_59748	0.0
GRCh38_CMRG_50513	0.0
GRCh38_CMRG_59442	0.0
GRCh38_CMRG_45850	0.0
GRCh38_CMRG_55665	0.0
GRCh38_CMRG_62116	0.0
GRCh38_CMRG_1653	0.0
GRCh38_CMRG_50541	0.0
GRCh38_CMRG_59746	0.0
GRCh38_CMRG_24687	0.0
GRCh38_CMRG_33184	0.0
GRCh38_CMRG_59438	0.0
GRCh38_CMRG_25742	0.0
GRCh38_CMRG_23912	0.0
GRCh38_CMRG_13959	0.0
GRCh38_CMRG_28569	0.0
GRCh38_CMRG_64666	0.0
GRCh38_CMRG_70722	0.0
GRCh38_CMRG_48040	0.0
GRCh38_CMRG_84578	0.0
GRCh38_CMRG_52054	0.0
GRCh38_CMRG_38928	0.0
GRCh38_CMRG_6208	0.0
GRCh38_CMRG_6451	0.0
GRCh38_CMRG_23722	0.0
GRCh38_CMRG_72828	0.0
GRCh38_CMRG_39593	0.0
GRCh38_CMRG_73113	0.0
GRCh38_CMRG_48103	0.0
GRCh38_CMRG_41124	0.0
GRCh38_CMRG_50885	0.0
GRCh38_CMRG_72426	0.0
GRCh38_CMRG_61450	0.0
GRCh38_CMRG_7376	0.0
GRCh38_CMRG_50370	0.0
GRCh38_CMRG_29923	0.0
GRCh38_CMRG_60531	0.0
GRCh38_CMRG_70775	0.0
GRCh38_CMRG_47550	0.0
GRCh38_CMRG_7692	0.0
GRCh38_CMRG_19244	0.0
GRCh38_CMRG_58377	0.0
GRCh38_CMRG_71644	0.0
GRCh38_CMRG_9386	0.0
GRCh38_CMRG_70864	0.0
GRCh38_CMRG_71900	0.0
GRCh38_CMRG_53447	0.0
GRCh38_CMRG_18389	0.0
GRCh38_CMRG_73997	0.0
GRCh38_CMRG_74147	0.0
GRCh38_CMRG_79276	0.0
GRCh38_CMRG_82795	0.0
GRCh38_CMRG_69813	0.0
GRCh38_CMRG_61018	0.0
GRCh38_CMRG_53476	0.0
GRCh38_CMRG_60070	0.0
GRCh38_CMRG_73522	0.0
GRCh38_CMRG_61507	0.0
GRCh38_CMRG_28427	0.0
GRCh38_CMRG_84208	0.0
GRCh38_CMRG_53998	0.0
GRCh38_CMRG_10971	0.0
GRCh38_CMRG_22750	0.0
GRCh38_CMRG_71740	0.0
GRCh38_CMRG_38985	0.0
GRCh38_CMRG_51391	0.0
GRCh38_CMRG_10886	0.0
GRCh38_CMRG_33906	0.0
GRCh38_CMRG_41929	0.0
GRCh38_CMRG_73383	0.0
GRCh38_CMRG_29663	0.0
GRCh38_CMRG_48317	0.0
GRCh38_CMRG_58812	0.0
GRCh38_CMRG_52069	0.0
GRCh38_CMRG_60349	0.0
GRCh38_CMRG_23255	0.0
GRCh38_CMRG_12570	0.0
GRCh38_CMRG_63437	0.0
GRCh38_CMRG_14121	0.0
GRCh38_CMRG_75554	0.0
GRCh38_CMRG_18320	0.0
GRCh38_CMRG_37797	0.0
GRCh38_CMRG_46248	0.0
GRCh38_CMRG_23369	0.0
GRCh38_CMRG_61648	0.0
GRCh38_CMRG_29164	0.0
GRCh38_CMRG_67105	0.0
GRCh38_CMRG_33491	0.0
GRCh38_CMRG_73368	0.0
GRCh38_CMRG_43772	0.0
GRCh38_CMRG_49554	0.0
GRCh38_CMRG_36682	0.0
GRCh38_CMRG_65097	0.0
GRCh38_CMRG_72632	0.0
GRCh38_CMRG_21040	0.0
GRCh38_CMRG_58094	0.0
GRCh38_CMRG_41881	0.0
GRCh38_CMRG_33005	0.0
GRCh38_CMRG_63546	0.0
GRCh38_CMRG_33455	0.0
GRCh38_CMRG_71565	0.0
GRCh38_CMRG_82906	0.0
GRCh38_CMRG_23488	0.0
GRCh38_CMRG_65336	0.0
GRCh38_CMRG_53941	0.0
GRCh38_CMRG_47375	0.0
GRCh38_CMRG_63573	0.0
GRCh38_CMRG_29130	0.0
GRCh38_CMRG_45382	0.0
GRCh38_CMRG_72491	0.0
GRCh38_CMRG_60430	0.0
GRCh38_CMRG_73495	0.0
GRCh38_CMRG_41681	0.0
GRCh38_CMRG_17752	0.0
GRCh38_CMRG_52195	0.0
GRCh38_CMRG_22432	0.0
GRCh38_CMRG_23584	0.0
GRCh38_CMRG_81480	0.0
GRCh38_CMRG_77374	0.0
GRCh38_CMRG_8001	0.0
GRCh38_CMRG_66059	0.0
GRCh38_CMRG_74539	0.0
GRCh38_CMRG_10791	0.0
GRCh38_CMRG_68471	0.0
GRCh38_CMRG_44608	0.0
GRCh38_CMRG_82043	0.0
GRCh38_CMRG_7325	0.0
GRCh38_CMRG_21004	0.0
GRCh38_CMRG_58525	0.0
GRCh38_CMRG_62302	0.0
GRCh38_CMRG_8687	0.0
GRCh38_CMRG_27282	0.0
GRCh38_CMRG_52502	0.0
GRCh38_CMRG_27830	0.0
GRCh38_CMRG_23595	0.0
GRCh38_CMRG_77599	0.0
GRCh38_CMRG_49275	0.0
GRCh38_CMRG_28453	0.0
GRCh38_CMRG_55458	0.0
GRCh38_CMRG_60571	0.0
GRCh38_CMRG_48655	0.0
GRCh38_CMRG_9536	0.0
GRCh38_CMRG_70947	0.0
GRCh38_CMRG_45390	0.0
GRCh38_CMRG_18492	0.0
GRCh38_CMRG_37951	0.0
GRCh38_CMRG_77360	0.0
GRCh38_CMRG_24692	0.0
GRCh38_CMRG_23692	0.0
GRCh38_CMRG_6561	0.0
GRCh38_CMRG_6067	0.0
GRCh38_CMRG_59439	0.0
GRCh38_CMRG_25998	0.0
GRCh38_CMRG_38312	0.0
GRCh38_CMRG_73355	0.0
GRCh38_CMRG_55289	0.0
GRCh38_CMRG_7679	0.0
GRCh38_CMRG_13049	0.0
GRCh38_CMRG_82049	0.0
GRCh38_CMRG_22794	0.0
GRCh38_CMRG_68640	0.0
GRCh38_CMRG_72288	0.0
GRCh38_CMRG_49057	0.0
GRCh38_CMRG_31526	0.0
GRCh38_CMRG_13739	0.0
GRCh38_CMRG_52641	0.0
GRCh38_CMRG_49110	0.0
GRCh38_CMRG_8991	0.0
GRCh38_CMRG_24322	0.0
GRCh38_CMRG_49298	0.0
GRCh38_CMRG_482	0.0
GRCh38_CMRG_84046	0.0
GRCh38_CMRG_41311	0.0
GRCh38_CMRG_45143	0.0
GRCh38_CMRG_596	0.0
GRCh38_CMRG_77378	0.0
GRCh38_CMRG_79662	0.0
GRCh38_CMRG_1554	0.0
GRCh38_CMRG_11813	0.0
GRCh38_CMRG_14653	0.0
GRCh38_CMRG_75018	0.0
GRCh38_CMRG_54646	0.0
GRCh38_CMRG_1676	0.0
GRCh38_CMRG_45480	0.0
GRCh38_CMRG_27397	0.0
GRCh38_CMRG_32421	0.0
GRCh38_CMRG_70953	0.0
GRCh38_CMRG_45160	0.0
GRCh38_CMRG_7622	0.0
GRCh38_CMRG_19565	0.0
GRCh38_CMRG_72693	0.0
GRCh38_CMRG_83977	0.0
GRCh38_CMRG_32136	0.0
GRCh38_CMRG_23627	0.0
GRCh38_CMRG_28564	0.0
GRCh38_CMRG_62596	0.0
GRCh38_CMRG_36640	0.0
GRCh38_CMRG_82067	0.0
GRCh38_CMRG_1745	0.0
GRCh38_CMRG_49092	0.0
GRCh38_CMRG_73652	0.0
GRCh38_CMRG_49585	0.0
GRCh38_CMRG_74615	0.0
GRCh38_CMRG_50400	0.0
GRCh38_CMRG_721	0.0
GRCh38_CMRG_19754	0.0
GRCh38_CMRG_19424	0.0
GRCh38_CMRG_72686	0.0
GRCh38_CMRG_27937	0.0
GRCh38_CMRG_83389	0.0
GRCh38_CMRG_79828	0.0
GRCh38_CMRG_81321	0.0
GRCh38_CMRG_69463	0.0
GRCh38_CMRG_31494	0.0
GRCh38_CMRG_51625	0.0
GRCh38_CMRG_37402	0.0
GRCh38_CMRG_43907	0.0
GRCh38_CMRG_38677	0.0
GRCh38_CMRG_83959	0.0
GRCh38_CMRG_50600	0.0
GRCh38_CMRG_8368	0.0
GRCh38_CMRG_8182	0.0
GRCh38_CMRG_51796	0.0
GRCh38_CMRG_41673	0.0
GRCh38_CMRG_48404	0.0
GRCh38_CMRG_74827	0.0
GRCh38_CMRG_8285	0.0
GRCh38_CMRG_39855	0.0
