	svid	stix_samples_mr1	stix_samples_mr5	needlr_af_ov05	needlr_af_ov07	needlr_af_ov09
0	HGSV_10559	1108	1108	0.0	0.0	0.0
1	HGSV_10563	1108	1108	0.0	0.0	0.0
2	HGSV_10583	1108	1092	0.002	0.0	0.0
3	HGSV_10584	1108	1090	0.0	0.0	0.0
4	HGSV_1091	1108	1094	0.0	0.0	0.0
5	HGSV_11512	1108	1088	1.0	0.0	0.0
6	HGSV_11683	1108	1102	0.0	0.0	0.0
7	HGSV_12062	1108	1089	0.99	0.99	0.0
8	HGSV_12671	1108	1067	0.004	0.004	0.0
9	HGSV_1300	1108	1084	0.0	0.0	0.0
10	HGSV_13288	1108	1105	0.0	0.0	0.0
11	HGSV_13351	1108	1091	1.0	1.0	1.0
12	HGSV_1348	1108	1106	0.0	0.0	0.0
13	HGSV_13740	1108	1076	0.0	0.0	0.0
14	HGSV_14095	1108	1089	0.0	0.0	0.0
15	HGSV_15252	1108	1089	1.0	0.0	0.0
16	HGSV_15482	1108	1108	0.0	0.0	0.0
17	HGSV_1575	1108	1071	1.0	1.0	1.0
18	HGSV_16149	1108	1105	0.01	0.01	0.01
19	HGSV_16823	1108	1089	1.0	1.0	0.0
20	HGSV_16937	1108	1088	0.999	0.999	0.0
21	HGSV_17604	1108	1097	0.999	0.999	0.999
22	HGSV_17703	1108	1093	0.0	0.0	0.0
23	HGSV_17716	1108	1085	1.0	1.0	0.0
24	HGSV_18333	1108	1093	0.848	0.848	0.848
25	HGSV_18927	1108	1093	0.999	0.0	0.0
26	HGSV_1896	1108	1084	0.0	0.0	0.0
27	HGSV_1931	1108	1086	1.0	0.0	0.0
28	HGSV_1967	1108	1067	0.999	0.999	0.0
29	HGSV_1990	1108	1108	0.0	0.0	0.0
30	HGSV_3191	1108	1068	1.0	1.0	0.0
31	HGSV_3964	1108	1089	1.0	1.0	1.0
32	HGSV_4061	1108	1097	1.0	0.0	0.0
33	HGSV_4187	1108	1108	0.0	0.0	0.0
34	HGSV_448	1108	1075	0.0	0.0	0.0
35	HGSV_4725	1108	1093	0.0	0.0	0.0
36	HGSV_556	1108	1102	0.0	0.0	0.0
37	HGSV_566	1108	1092	0.0	0.0	0.0
38	HGSV_6506	1108	1087	0.99	0.99	0.99
39	HGSV_662	1108	1046	0.992	0.0	0.0
40	HGSV_6744	1108	1086	0.992	0.992	0.992
41	HGSV_725	1108	1079	1.0	1.0	1.0
42	HGSV_8129	1108	1093	0.982	0.982	0.982
43	HGSV_8980	1108	1100	1.0	0.0	0.0
44	HGSV_9740	1108	1091	1.0	1.0	1.0
45	HGSV_10482	1107	1078	0.779	0.0	0.0
46	HGSV_10483	1107	1080	0.0	0.0	0.0
47	HGSV_10566	1107	1084	0.0	0.0	0.0
48	HGSV_10573	1107	1083	0.0	0.0	0.0
49	HGSV_10582	1107	1092	0.0	0.0	0.0
50	HGSV_10974	1107	1082	0.0	0.0	0.0
51	HGSV_1126	1107	1082	0.0	0.0	0.0
52	HGSV_11298	1107	1091	0.976	0.976	0.976
53	HGSV_1179	1107	1087	0.999	0.999	0.0
54	HGSV_12558	1107	1087	0.943	0.943	0.0
55	HGSV_154127	1107	1103	0.0	0.0	0.0
56	HGSV_15526	1107	1083	1.0	1.0	1.0
57	HGSV_17190	1107	1093	0.993	0.993	0.993
58	HGSV_17218	1107	1088	0.978	0.978	0.978
59	HGSV_17391	1107	1081	0.974	0.974	0.974
60	HGSV_17815	1107	1077	0.999	0.999	0.0
61	HGSV_18100	1107	1088	0.0	0.0	0.0
62	HGSV_18287	1107	1078	0.0	0.0	0.0
63	HGSV_19194	1107	1080	0.994	0.0	0.0
64	HGSV_19411	1107	1106	0.0	0.0	0.0
65	HGSV_3150	1107	1069	0.971	0.0	0.0
66	HGSV_3317	1107	1082	0.0	0.0	0.0
67	HGSV_4172	1107	1043	0.996	0.0	0.0
68	HGSV_437	1107	1065	0.996	0.996	0.996
69	HGSV_485	1107	1084	0.0	0.0	0.0
70	HGSV_5564	1107	1082	0.908	0.908	0.0
71	HGSV_627	1107	1076	0.983	0.983	0.0
72	HGSV_6316	1107	1091	0.988	0.988	0.988
73	HGSV_9023	1107	1089	0.969	0.969	0.969
74	HGSV_9033	1107	1098	0.991	0.991	0.991
75	HGSV_1125	1106	1079	0.0	0.0	0.0
76	HGSV_11720	1106	1072	0.0	0.0	0.0
77	HGSV_13650	1106	1047	0.0	0.0	0.0
78	HGSV_148266	1106	1103	0.0	0.0	0.0
79	HGSV_1969	1106	1060	1.0	1.0	1.0
80	HGSV_2424	1106	1043	1.0	1.0	1.0
81	HGSV_6314	1106	1064	0.0	0.0	0.0
82	HGSV_986	1106	1046	0.989	0.989	0.989
83	HGSV_991	1106	1070	0.995	0.995	0.0
84	HGSV_10578	1105	1096	0.0	0.0	0.0
85	HGSV_13612	1105	1086	0.972	0.972	0.972
86	HGSV_13899	1105	1053	0.989	0.989	0.0
87	HGSV_144636	1105	1104	0.0	0.0	0.0
88	HGSV_147231	1105	1101	0.0	0.0	0.0
89	HGSV_147232	1105	1103	0.0	0.0	0.0
90	HGSV_147236	1105	1077	0.0	0.0	0.0
91	HGSV_147253	1105	1103	0.115	0.115	0.0
92	HGSV_152276	1105	1080	1.0	1.0	0.0
93	HGSV_17560	1105	1081	0.722	0.722	0.0
94	HGSV_18780	1105	1074	0.948	0.948	0.948
95	HGSV_19581	1105	1105	0.082	0.082	0.082
96	HGSV_2949	1105	1044	0.001	0.001	0.0
97	HGSV_3494	1105	1064	1.0	0.0	0.0
98	HGSV_5764	1105	1079	0.968	0.968	0.968
99	HGSV_5832	1105	1077	0.953	0.953	0.953
100	HGSV_6427	1105	1086	0.976	0.976	0.976
101	HGSV_7896	1105	1091	0.964	0.0	0.0
102	HGSV_10995	1104	1071	1.0	1.0	1.0
103	HGSV_11724	1104	1026	0.0	0.0	0.0
104	HGSV_12283	1104	1078	0.955	0.955	0.955
105	HGSV_143614	1104	1104	0.004	0.004	0.0
106	HGSV_143852	1104	1092	0.976	0.976	0.0
107	HGSV_144011	1104	1080	0.0	0.0	0.0
108	HGSV_144013	1104	1081	0.979	0.979	0.979
109	HGSV_144125	1104	1083	0.967	0.0	0.0
110	HGSV_144645	1104	1102	0.0	0.0	0.0
111	HGSV_145909	1104	1085	0.978	0.978	0.978
112	HGSV_147215	1104	1104	0.906	0.0	0.0
113	HGSV_147216	1104	1104	0.0	0.0	0.0
114	HGSV_147217	1104	1103	0.0	0.0	0.0
115	HGSV_147219	1104	1104	0.002	0.002	0.0
116	HGSV_147222	1104	1104	0.0	0.0	0.0
117	HGSV_147224	1104	1104	0.003	0.0	0.0
118	HGSV_147226	1104	1088	0.0	0.0	0.0
119	HGSV_147227	1104	1103	0.0	0.0	0.0
120	HGSV_147228	1104	1103	0.0	0.0	0.0
121	HGSV_147229	1104	1103	0.0	0.0	0.0
122	HGSV_147230	1104	1096	0.009	0.009	0.009
123	HGSV_147234	1104	1094	0.0	0.0	0.0
124	HGSV_147266	1104	1100	0.037	0.0	0.0
125	HGSV_147681	1104	1083	0.971	0.0	0.0
126	HGSV_147708	1104	1095	0.998	0.998	0.0
127	HGSV_147887	1104	1082	0.952	0.952	0.952
128	HGSV_148621	1104	1086	0.993	0.0	0.0
129	HGSV_148993	1104	1084	1.0	1.0	1.0
130	HGSV_149516	1104	1062	0.998	0.0	0.0
131	HGSV_149813	1104	1080	0.0	0.0	0.0
132	HGSV_151358	1104	1091	0.0	0.0	0.0
133	HGSV_152064	1104	1064	0.0	0.0	0.0
134	HGSV_152225	1104	1074	1.0	1.0	1.0
135	HGSV_152626	1104	1085	0.005	0.0	0.0
136	HGSV_152887	1104	1042	0.0	0.0	0.0
137	HGSV_153604	1104	1087	0.981	0.981	0.981
138	HGSV_153689	1104	1075	0.986	0.986	0.986
139	HGSV_153706	1104	1078	0.997	0.997	0.997
140	HGSV_154207	1104	1096	1.0	0.0	0.0
141	HGSV_154391	1104	1083	0.0	0.0	0.0
142	HGSV_154547	1104	1096	0.0	0.0	0.0
143	HGSV_155006	1104	1099	0.0	0.0	0.0
144	HGSV_155137	1104	1103	0.0	0.0	0.0
145	HGSV_6851	1104	1074	0.95	0.95	0.95
146	HGSV_9631	1104	1075	1.0	1.0	0.0
147	HGSV_9637	1104	1073	0.941	0.941	0.0
148	HGSV_10579	1103	1090	0.0	0.0	0.0
149	HGSV_11823	1103	1082	0.944	0.944	0.944
150	HGSV_144578	1103	1091	0.004	0.004	0.0
151	HGSV_145066	1103	1081	0.999	0.999	0.999
152	HGSV_145074	1103	1084	0.0	0.0	0.0
153	HGSV_145908	1103	1033	0.0	0.0	0.0
154	HGSV_146593	1103	1073	0.965	0.965	0.965
155	HGSV_146879	1103	1071	0.0	0.0	0.0
156	HGSV_14748	1103	1060	0.0	0.0	0.0
157	HGSV_148911	1103	1080	0.953	0.953	0.953
158	HGSV_151498	1103	1089	0.0	0.0	0.0
159	HGSV_154607	1103	1092	0.0	0.0	0.0
160	HGSV_154608	1103	1003	0.996	0.996	0.996
161	HGSV_154795	1103	1091	0.0	0.0	0.0
162	HGSV_154840	1103	1093	0.0	0.0	0.0
163	HGSV_154889	1103	1033	0.983	0.0	0.0
164	HGSV_155003	1103	1076	0.224	0.224	0.0
165	HGSV_155004	1103	1076	0.0	0.0	0.0
166	HGSV_156501	1103	1091	0.987	0.0	0.0
167	HGSV_157248	1103	1074	1.0	0.0	0.0
168	HGSV_157792	1103	1094	0.0	0.0	0.0
169	HGSV_158883	1103	1082	0.984	0.984	0.984
170	HGSV_17980	1103	1065	0.933	0.933	0.933
171	HGSV_1987	1103	1030	0.0	0.0	0.0
172	HGSV_9955	1103	1056	0.587	0.587	0.587
173	HGSV_13597	1102	1073	0.935	0.935	0.935
174	HGSV_13611	1102	999	0.0	0.0	0.0
175	HGSV_14275	1102	1063	0.937	0.937	0.937
176	HGSV_143460	1102	1072	0.998	0.998	0.0
177	HGSV_144576	1102	1085	0.415	0.0	0.0
178	HGSV_14749	1102	1083	0.937	0.937	0.937
179	HGSV_147944	1102	1064	0.0	0.0	0.0
180	HGSV_151499	1102	1087	0.985	0.985	0.985
181	HGSV_153836	1102	1039	0.995	0.0	0.0
182	HGSV_155005	1102	1077	0.006	0.0	0.0
183	HGSV_155165	1102	1089	0.01	0.01	0.0
184	HGSV_155504	1102	1074	0.0	0.0	0.0
185	HGSV_155764	1102	1087	0.0	0.0	0.0
186	HGSV_156531	1102	1060	0.0	0.0	0.0
187	HGSV_156660	1102	1092	1.0	1.0	0.0
188	HGSV_19368	1102	1074	0.25	0.0	0.0
189	HGSV_210	1102	1072	0.0	0.0	0.0
190	HGSV_8267	1102	1078	0.952	0.952	0.952
191	HGSV_8366	1102	1009	0.982	0.0	0.0
192	HGSV_10576	1101	1088	0.0	0.0	0.0
193	HGSV_143459	1101	1070	0.998	0.0	0.0
194	HGSV_143688	1101	1095	0.032	0.0	0.0
195	HGSV_144493	1101	1045	0.0	0.0	0.0
196	HGSV_146160	1101	1058	0.0	0.0	0.0
197	HGSV_147209	1101	1048	0.0	0.0	0.0
198	HGSV_154549	1101	1080	0.0	0.0	0.0
199	HGSV_154753	1101	1070	0.0	0.0	0.0
200	HGSV_154754	1101	1094	0.899	0.899	0.0
201	HGSV_155176	1101	1013	0.008	0.0	0.0
202	HGSV_17217	1101	964	0.0	0.0	0.0
203	HGSV_1913	1101	1042	0.941	0.0	0.0
204	HGSV_3313	1101	1070	0.0	0.0	0.0
205	HGSV_9858	1101	1079	0.929	0.929	0.929
206	HGSV_12750	1100	1042	0.923	0.923	0.923
207	HGSV_143456	1100	1069	0.0	0.0	0.0
208	HGSV_144189	1100	1080	0.0	0.0	0.0
209	HGSV_144275	1100	1080	0.0	0.0	0.0
210	HGSV_147233	1100	1044	0.0	0.0	0.0
211	HGSV_15025	1100	1061	0.91	0.91	0.91
212	HGSV_15145	1100	1079	0.925	0.925	0.925
213	HGSV_331	1100	1041	0.0	0.0	0.0
214	HGSV_5362	1100	1056	0.919	0.919	0.919
215	HGSV_5515	1100	1059	0.91	0.91	0.91
216	HGSV_147260	1099	1041	0.0	0.0	0.0
217	HGSV_151599	1099	1070	0.945	0.945	0.945
218	HGSV_153104	1099	1082	0.953	0.953	0.953
219	HGSV_156883	1099	1068	0.973	0.973	0.973
220	HGSV_157397	1099	1049	0.961	0.0	0.0
221	HGSV_159062	1099	1069	0.956	0.956	0.956
222	HGSV_2666	1099	1076	0.927	0.927	0.927
223	HGSV_1156	1098	825	1.0	0.0	0.0
224	HGSV_14274	1098	959	0.0	0.0	0.0
225	HGSV_154237	1098	1070	0.0	0.0	0.0
226	HGSV_155142	1098	1069	0.0	0.0	0.0
227	HGSV_155173	1098	1009	0.001	0.0	0.0
228	HGSV_155219	1098	1066	0.666	0.666	0.0
229	HGSV_156630	1098	1077	0.0	0.0	0.0
230	HGSV_159053	1098	1068	0.962	0.962	0.962
231	HGSV_19730	1098	1039	0.0	0.0	0.0
232	HGSV_2676	1098	996	0.979	0.979	0.0
233	HGSV_3881	1098	1062	0.924	0.924	0.924
234	HGSV_6120	1098	1043	0.972	0.0	0.0
235	HGSV_12353	1097	1076	0.926	0.926	0.926
236	HGSV_153815	1097	948	0.0	0.0	0.0
237	HGSV_154403	1097	1065	0.926	0.926	0.926
238	HGSV_154543	1097	1067	0.944	0.944	0.944
239	HGSV_155255	1097	1085	0.057	0.057	0.0
240	HGSV_155411	1097	1071	0.96	0.96	0.96
241	HGSV_157437	1097	1013	0.982	0.0	0.0
242	HGSV_143859	1096	1020	0.0	0.0	0.0
243	HGSV_14718	1096	929	0.999	0.999	1.0
244	HGSV_9071	1096	1010	0.0	0.0	0.0
245	HGSV_10345	1095	1009	0.0	0.0	0.0
246	HGSV_150475	1095	1052	0.924	0.924	0.924
247	HGSV_152518	1095	1039	0.0	0.0	0.0
248	HGSV_155144	1095	1068	0.0	0.0	0.0
249	HGSV_155145	1095	1067	0.0	0.0	0.0
250	HGSV_19280	1095	990	0.024	0.024	0.0
251	HGSV_30	1095	884	0.0	0.0	0.0
252	HGSV_3220	1095	859	0.0	0.0	0.0
253	HGSV_144341	1094	1057	0.905	0.905	0.905
254	HGSV_149673	1094	1070	0.926	0.0	0.0
255	HGSV_154717	1094	1051	0.928	0.0	0.0
256	HGSV_155039	1094	1039	0.0	0.0	0.0
257	HGSV_10477	1093	888	0.0	0.0	0.0
258	HGSV_147078	1093	1058	0.899	0.899	0.899
259	HGSV_158268	1093	1078	0.42	0.0	0.0
260	HGSV_17979	1093	875	0.0	0.0	0.0
261	HGSV_744	1093	1058	0.62	0.0	0.0
262	HGSV_10542	1092	981	0.0	0.0	0.0
263	HGSV_10824	1092	998	0.0	0.0	0.0
264	HGSV_13671	1092	998	1.0	1.0	0.0
265	HGSV_148011	1092	1053	0.925	0.925	0.925
266	HGSV_151223	1092	1052	0.961	0.961	0.961
267	HGSV_152067	1092	1067	0.918	0.918	0.918
268	HGSV_153299	1092	1058	0.904	0.904	0.904
269	HGSV_155079	1092	1067	0.447	0.447	0.0
270	HGSV_155174	1092	1009	0.001	0.0	0.0
271	HGSV_147257	1091	1017	0.003	0.0	0.0
272	HGSV_15861	1091	1063	0.93	0.0	0.0
273	HGSV_159061	1091	880	0.0	0.0	0.0
274	HGSV_19549	1091	1060	0.887	0.887	0.887
275	HGSV_2682	1091	1021	0.941	0.941	0.0
276	HGSV_9091	1091	752	0.979	0.979	0.0
277	HGSV_144499	1090	1052	0.0	0.0	0.0
278	HGSV_144501	1090	1062	0.929	0.929	0.929
279	HGSV_146046	1090	1049	0.917	0.917	0.917
280	HGSV_148009	1090	1003	0.0	0.0	0.0
281	HGSV_149222	1090	1027	0.926	0.926	0.926
282	HGSV_149359	1090	1060	0.002	0.002	0.002
283	HGSV_155503	1090	1016	0.0	0.0	0.0
284	HGSV_155683	1090	1046	0.856	0.856	0.856
285	HGSV_155784	1090	1042	0.907	0.0	0.0
286	HGSV_157417	1090	977	0.01	0.01	0.0
287	HGSV_16880	1090	993	0.927	0.0	0.0
288	HGSV_276	1090	1046	0.0	0.0	0.0
289	HGSV_3950	1090	972	0.888	0.0	0.0
290	HGSV_11384	1089	1043	0.801	0.801	0.801
291	HGSV_14101	1089	964	0.245	0.245	0.245
292	HGSV_147079	1089	1050	0.899	0.899	0.899
293	HGSV_155078	1089	1061	0.0	0.0	0.0
294	HGSV_155292	1089	1050	0.0	0.0	0.0
295	HGSV_156692	1089	1050	0.89	0.89	0.89
296	HGSV_17325	1089	1051	0.886	0.886	0.886
297	HGSV_89	1089	1033	0.778	0.0	0.0
298	HGSV_9636	1089	847	0.0	0.0	0.0
299	HGSV_12536	1088	1056	0.9	0.0	0.0
300	HGSV_144497	1088	1044	0.929	0.929	0.929
301	HGSV_158861	1088	1056	0.928	0.928	0.928
302	HGSV_19279	1088	1012	0.008	0.008	0.008
303	HGSV_277	1088	1053	0.887	0.887	0.0
304	HGSV_4573	1088	1050	0.894	0.894	0.894
305	HGSV_145435	1087	858	0.0	0.0	0.0
306	HGSV_149897	1087	1055	0.901	0.901	0.0
307	HGSV_154773	1087	799	0.002	0.002	0.0
308	HGSV_350	1087	871	0.0	0.0	0.0
309	HGSV_9144	1087	906	0.96	0.0	0.0
310	HGSV_149361	1086	1072	0.826	0.0	0.0
311	HGSV_153219	1086	1031	0.528	0.528	0.528
312	HGSV_14146	1085	1076	0.0	0.0	0.0
313	HGSV_143853	1085	1066	0.0	0.0	0.0
314	HGSV_144188	1085	1044	0.308	0.308	0.0
315	HGSV_158912	1085	1027	0.848	0.0	0.0
316	HGSV_143437	1084	954	0.921	0.921	0.0
317	HGSV_6665	1084	1054	0.919	0.919	0.919
318	HGSV_7165	1084	1028	0.82	0.82	0.82
319	HGSV_10290	1083	1033	0.835	0.835	0.835
320	HGSV_3584	1083	1013	0.883	0.883	0.883
321	HGSV_12169	1082	1024	0.827	0.827	0.827
322	HGSV_155563	1082	986	0.001	0.001	0.0
323	HGSV_10568	1081	825	0.0	0.0	0.0
324	HGSV_12175	1081	1019	0.655	0.655	0.655
325	HGSV_155175	1081	1000	0.001	0.001	0.001
326	HGSV_17430	1081	824	0.0	0.0	0.0
327	HGSV_150908	1080	1023	0.883	0.883	0.0
328	HGSV_16778	1080	1020	0.874	0.874	0.874
329	HGSV_501	1080	1024	0.524	0.0	0.0
330	HGSV_8288	1080	918	0.914	0.0	0.0
331	HGSV_17915	1079	997	0.806	0.806	0.806
332	HGSV_19398	1079	1013	0.0	0.0	0.0
333	HGSV_12170	1078	925	0.002	0.002	0.002
334	HGSV_158084	1078	1041	0.865	0.0	0.0
335	HGSV_8459	1078	1020	0.847	0.847	0.847
336	HGSV_155223	1077	994	0.992	0.0	0.0
337	HGSV_158972	1077	1027	0.835	0.835	0.835
338	HGSV_313	1077	1007	0.863	0.0	0.0
339	HGSV_533	1077	1039	0.0	0.0	0.0
340	HGSV_17272	1076	1046	0.889	0.889	0.889
341	HGSV_6910	1076	1013	0.0	0.0	0.0
342	HGSV_143633	1075	1010	0.262	0.0	0.0
343	HGSV_148599	1075	1029	0.883	0.883	0.883
344	HGSV_152255	1075	1035	0.863	0.863	0.863
345	HGSV_154757	1075	1023	0.845	0.845	0.0
346	HGSV_154758	1075	1016	0.003	0.003	0.0
347	HGSV_155314	1075	996	0.0	0.0	0.0
348	HGSV_188	1075	1034	0.0	0.0	0.0
349	HGSV_7755	1075	1026	0.901	0.901	0.901
350	HGSV_8171	1075	1016	0.656	0.656	0.0
351	HGSV_9259	1075	1033	0.888	0.888	0.888
352	HGSV_150602	1074	1007	0.852	0.852	0.852
353	HGSV_155245	1074	907	0.0	0.0	0.0
354	HGSV_5422	1074	1020	0.875	0.875	0.0
355	HGSV_12173	1073	850	0.002	0.002	0.002
356	HGSV_2491	1073	1029	0.0	0.0	0.0
357	HGSV_7586	1073	1041	0.0	0.0	0.0
358	HGSV_7588	1073	1041	0.817	0.817	0.817
359	HGSV_12681	1072	949	0.905	0.0	0.0
360	HGSV_148248	1072	1020	0.852	0.852	0.852
361	HGSV_155226	1072	980	0.0	0.0	0.0
362	HGSV_9354	1072	790	0.004	0.004	0.0
363	HGSV_155626	1071	1047	0.0	0.0	0.0
364	HGSV_29	1071	743	0.0	0.0	0.0
365	HGSV_353	1071	877	0.0	0.0	0.0
366	HGSV_17348	1070	1030	0.847	0.847	0.847
367	HGSV_323	1070	972	0.752	0.752	0.752
368	HGSV_10691	1069	903	0.0	0.0	0.0
369	HGSV_144203	1069	1037	0.837	0.837	0.837
370	HGSV_155662	1069	645	0.876	0.876	0.0
371	HGSV_15654	1069	1014	0.0	0.0	0.0
372	HGSV_147273	1068	752	0.0	0.0	0.0
373	HGSV_18425	1068	1002	0.833	0.833	0.833
374	HGSV_19689	1068	999	0.14	0.14	0.14
375	HGSV_11805	1067	1008	1.0	1.0	1.0
376	HGSV_145966	1067	986	0.826	0.826	0.826
377	HGSV_155625	1067	1007	0.0	0.0	0.0
378	HGSV_155860	1067	963	0.0	0.0	0.0
379	HGSV_3916	1067	1019	0.814	0.0	0.0
380	HGSV_3917	1067	1019	0.814	0.0	0.0
381	HGSV_143514	1066	1042	0.0	0.0	0.0
382	HGSV_143534	1066	1005	0.568	0.568	0.0
383	HGSV_2963	1066	942	0.001	0.001	0.001
384	HGSV_11213	1064	1015	0.841	0.841	0.841
385	HGSV_143536	1064	1005	0.0	0.0	0.0
386	HGSV_147250	1064	939	0.946	0.0	0.0
387	HGSV_151530	1064	1014	0.871	0.0	0.0
388	HGSV_107	1063	980	0.0	0.0	0.0
389	HGSV_158966	1063	931	0.0	0.0	0.0
390	HGSV_1915	1063	813	1.0	0.0	0.0
391	HGSV_10561	1062	678	0.0	0.0	0.0
392	HGSV_143624	1062	899	0.0	0.0	0.0
393	HGSV_143887	1062	1027	0.0	0.0	0.0
394	HGSV_15492	1062	989	0.532	0.532	0.0
395	HGSV_17534	1062	1000	0.826	0.826	0.826
396	HGSV_7484	1062	986	0.792	0.792	0.792
397	HGSV_156916	1061	1003	0.809	0.809	0.809
398	HGSV_407	1061	1021	0.0	0.0	0.0
399	HGSV_5391	1061	994	0.838	0.838	0.838
400	HGSV_6280	1061	991	0.714	0.714	0.0
401	HGSV_154925	1060	879	0.0	0.0	0.0
402	HGSV_154926	1060	882	0.0	0.0	0.0
403	HGSV_155002	1060	994	0.194	0.194	0.0
404	HGSV_148300	1059	995	0.839	0.839	0.839
405	HGSV_158967	1059	1007	0.811	0.811	0.811
406	HGSV_2965	1059	1006	0.836	0.836	0.836
407	HGSV_144492	1058	1000	0.7	0.0	0.0
408	HGSV_147203	1058	750	0.836	0.0	0.0
409	HGSV_154122	1058	777	0.0	0.0	0.0
410	HGSV_146278	1057	951	0.857	0.857	0.857
411	HGSV_15279	1057	979	0.791	0.791	0.791
412	HGSV_155355	1057	991	0.863	0.863	0.863
413	HGSV_155777	1057	1000	0.817	0.817	0.817
414	HGSV_11684	1056	653	0.0	0.0	0.0
415	HGSV_154080	1056	697	0.0	0.0	0.0
416	HGSV_9337	1056	929	0.791	0.791	0.791
417	HGSV_12013	1055	1004	0.777	0.777	0.777
418	HGSV_13077	1055	894	0.859	0.859	0.0
419	HGSV_155206	1055	961	0.0	0.0	0.0
420	HGSV_2964	1055	860	0.0	0.0	0.0
421	HGSV_18804	1054	988	0.788	0.788	0.788
422	HGSV_143466	1053	892	0.0	0.0	0.0
423	HGSV_146615	1051	1004	0.793	0.0	0.0
424	HGSV_151001	1051	1000	0.83	0.83	0.83
425	HGSV_153814	1050	771	0.424	0.0	0.0
426	HGSV_154081	1050	669	0.343	0.343	0.0
427	HGSV_355	1050	826	0.0	0.0	0.0
428	HGSV_144159	1048	988	0.806	0.806	0.806
429	HGSV_155578	1048	961	0.505	0.505	0.505
430	HGSV_18183	1046	707	0.0	0.0	0.0
431	HGSV_144820	1045	963	0.759	0.759	0.759
432	HGSV_144997	1044	1004	0.0	0.0	0.0
433	HGSV_143631	1043	701	0.0	0.0	0.0
434	HGSV_155315	1043	969	0.247	0.0	0.0
435	HGSV_2025	1043	968	0.0	0.0	0.0
436	HGSV_144888	1042	967	0.782	0.782	0.782
437	HGSV_147258	1042	664	0.0	0.0	0.0
438	HGSV_148268	1042	698	0.003	0.0	0.0
439	HGSV_152532	1042	962	0.781	0.781	0.781
440	HGSV_19282	1042	985	0.346	0.346	0.0
441	HGSV_156532	1041	978	0.0	0.0	0.0
442	HGSV_17538	1041	650	0.0	0.0	0.0
443	HGSV_18057	1041	973	0.8	0.8	0.8
444	HGSV_7682	1041	975	0.777	0.777	0.777
445	HGSV_156533	1040	1004	0.0	0.0	0.0
446	HGSV_151229	1039	969	0.0	0.0	0.0
447	HGSV_18184	1039	662	0.0	0.0	0.0
448	HGSV_8669	1039	693	0.651	0.0	0.0
449	HGSV_155203	1038	995	0.153	0.153	0.153
450	HGSV_155498	1038	964	0.019	0.019	0.019
451	HGSV_155624	1038	976	0.002	0.002	0.0
452	HGSV_6838	1038	942	0.0	0.0	0.0
453	HGSV_12553	1037	965	0.759	0.759	0.759
454	HGSV_143573	1037	972	0.0	0.0	0.0
455	HGSV_16113	1037	965	0.77	0.77	0.77
456	HGSV_18922	1037	819	0.005	0.0	0.0
457	HGSV_148655	1035	964	0.778	0.778	0.778
458	HGSV_18254	1035	962	0.769	0.769	0.769
459	HGSV_260	1035	991	0.0	0.0	0.0
460	HGSV_8934	1035	818	0.0	0.0	0.0
461	HGSV_155977	1034	971	0.764	0.764	0.764
462	HGSV_154545	1033	835	0.0	0.0	0.0
463	HGSV_19417	1033	966	0.741	0.741	0.741
464	HGSV_5134	1033	933	0.0	0.0	0.0
465	HGSV_143527	1032	807	0.0	0.0	0.0
466	HGSV_144488	1032	890	0.754	0.0	0.0
467	HGSV_148010	1032	601	0.0	0.0	0.0
468	HGSV_348	1032	830	0.045	0.045	0.0
469	HGSV_6323	1032	962	0.757	0.757	0.757
470	HGSV_6329	1032	928	0.68	0.68	0.68
471	HGSV_8903	1032	920	0.001	0.001	0.001
472	HGSV_146969	1031	952	0.766	0.766	0.766
473	HGSV_147252	1031	797	0.0	0.0	0.0
474	HGSV_1096	1030	952	0.783	0.783	0.783
475	HGSV_152660	1029	994	0.796	0.796	0.796
476	HGSV_8153	1029	758	0.003	0.003	0.003
477	HGSV_151711	1028	651	0.025	0.025	0.025
478	HGSV_155204	1028	963	0.027	0.0	0.0
479	HGSV_4391	1028	954	0.0	0.0	0.0
480	HGSV_8905	1028	945	0.751	0.0	0.0
481	HGSV_155347	1027	782	0.0	0.0	0.0
482	HGSV_19257	1027	957	0.772	0.772	0.772
483	HGSV_11549	1026	902	0.503	0.0	0.0
484	HGSV_149931	1026	944	0.735	0.735	0.735
485	HGSV_16748	1026	973	0.755	0.755	0.755
486	HGSV_147945	1025	638	0.998	0.998	0.0
487	HGSV_152799	1025	941	0.734	0.734	0.734
488	HGSV_152876	1025	947	0.758	0.758	0.758
489	HGSV_17578	1025	957	0.759	0.759	0.759
490	HGSV_9723	1025	961	0.772	0.0	0.0
491	HGSV_18732	1024	930	0.719	0.719	0.719
492	HGSV_11104	1023	815	0.0	0.0	0.0
493	HGSV_145309	1023	907	0.86	0.86	0.0
494	HGSV_1924	1023	947	0.784	0.784	0.784
495	HGSV_148476	1022	921	0.75	0.0	0.0
496	HGSV_155222	1022	590	0.003	0.003	0.003
497	HGSV_3731	1021	970	0.761	0.761	0.0
498	HGSV_8666	1021	898	0.812	0.812	0.812
499	HGSV_452	1019	878	0.0	0.0	0.0
500	HGSV_147201	1018	658	0.0	0.0	0.0
501	HGSV_157617	1018	744	0.829	0.0	0.0
502	HGSV_157618	1018	744	0.829	0.0	0.0
503	HGSV_18731	1018	861	0.0	0.0	0.0
504	HGSV_4238	1017	961	0.71	0.71	0.71
505	HGSV_150802	1016	915	0.426	0.426	0.426
506	HGSV_155576	1016	641	0.032	0.032	0.0
507	HGSV_1658	1016	855	0.91	0.91	0.0
508	HGSV_12541	1015	686	0.0	0.0	0.0
509	HGSV_143559	1015	639	0.0	0.0	0.0
510	HGSV_9968	1015	946	0.731	0.731	0.731
511	HGSV_146469	1014	970	0.778	0.778	0.778
512	HGSV_155659	1014	876	0.0	0.0	0.0
513	HGSV_108	1013	800	0.0	0.0	0.0
514	HGSV_143468	1013	901	0.501	0.0	0.0
515	HGSV_143762	1013	641	0.009	0.0	0.0
516	HGSV_145905	1013	952	0.74	0.74	0.74
517	HGSV_152807	1013	887	0.012	0.012	0.012
518	HGSV_154854	1012	943	0.745	0.745	0.0
519	HGSV_154855	1012	941	0.0	0.0	0.0
520	HGSV_3241	1012	980	0.0	0.0	0.0
521	HGSV_7373	1012	941	0.773	0.773	0.773
522	HGSV_147235	1011	932	0.0	0.0	0.0
523	HGSV_16746	1011	799	0.0	0.0	0.0
524	HGSV_1730	1011	858	0.923	0.0	0.0
525	HGSV_17821	1011	845	0.0	0.0	0.0
526	HGSV_7477	1011	827	0.001	0.001	0.001
527	HGSV_14555	1010	932	0.713	0.713	0.713
528	HGSV_152055	1010	866	0.0	0.0	0.0
529	HGSV_48	1010	941	0.0	0.0	0.0
530	HGSV_7730	1010	937	0.652	0.652	0.652
531	HGSV_145387	1009	876	0.0	0.0	0.0
532	HGSV_155312	1009	946	0.395	0.395	0.0
533	HGSV_149261	1008	897	0.935	0.0	0.0
534	HGSV_149720	1008	942	0.756	0.756	0.756
535	HGSV_74	1007	882	0.583	0.583	0.0
536	HGSV_154834	1006	923	0.73	0.73	0.73
537	HGSV_7479	1005	931	0.569	0.569	0.569
538	HGSV_143763	1004	601	0.0	0.0	0.0
539	HGSV_145634	1004	811	1.0	1.0	1.0
540	HGSV_147293	1004	988	0.001	0.001	0.001
541	HGSV_143743	1003	891	0.793	0.793	0.793
542	HGSV_11547	1002	900	0.0	0.0	0.0
543	HGSV_609	1002	929	0.786	0.786	0.0
544	HGSV_742	1002	921	0.0	0.0	0.0
545	HGSV_144019	1001	929	0.69	0.69	0.69
546	HGSV_147296	1001	952	0.0	0.0	0.0
547	HGSV_149980	1001	792	0.725	0.0	0.0
548	HGSV_288	1001	877	0.0	0.0	0.0
549	HGSV_10550	1000	610	0.0	0.0	0.0
550	HGSV_12820	1000	911	0.0	0.0	0.0
551	HGSV_143656	1000	888	0.0	0.0	0.0
552	HGSV_155607	1000	959	0.825	0.825	0.0
553	HGSV_155610	1000	959	0.0	0.0	0.0
554	HGSV_3723	1000	859	0.0	0.0	0.0
555	HGSV_685	1000	488	0.0	0.0	0.0
556	HGSV_7017	999	825	0.0	0.0	0.0
557	HGSV_155616	998	960	0.606	0.606	0.0
558	HGSV_155658	998	983	0.0	0.0	0.0
559	HGSV_157650	997	863	0.833	0.0	0.0
560	HGSV_19221	997	902	0.001	0.0	0.0
561	HGSV_8935	995	783	0.03	0.0	0.0
562	HGSV_143927	994	901	0.754	0.754	0.0
563	HGSV_18233	994	774	0.882	0.0	0.0
564	HGSV_18682	994	646	0.0	0.0	0.0
565	HGSV_19235	994	944	0.825	0.0	0.0
566	HGSV_143655	993	881	0.0	0.0	0.0
567	HGSV_147294	993	685	0.0	0.0	0.0
568	HGSV_155199	992	767	0.992	0.0	0.0
569	HGSV_469	992	913	0.0	0.0	0.0
570	HGSV_13960	991	921	0.697	0.697	0.697
571	HGSV_148267	991	485	0.003	0.0	0.0
572	HGSV_7822	991	932	0.0	0.0	0.0
573	HGSV_153917	989	894	0.712	0.712	0.712
574	HGSV_2307	989	921	0.7	0.7	0.7
575	HGSV_153819	988	420	0.072	0.072	0.072
576	HGSV_6208	988	868	0.684	0.684	0.684
577	HGSV_143442	987	881	0.0	0.0	0.0
578	HGSV_17931	986	897	0.701	0.701	0.701
579	HGSV_12074	985	883	0.65	0.65	0.65
580	HGSV_10524	984	889	1.0	0.0	0.0
581	HGSV_145904	984	619	0.001	0.001	0.001
582	HGSV_148908	984	441	0.0	0.0	0.0
583	HGSV_17133	984	879	0.728	0.728	0.728
584	HGSV_143712	983	910	0.0	0.0	0.0
585	HGSV_156771	983	852	0.675	0.675	0.675
586	HGSV_158364	983	922	0.744	0.744	0.744
587	HGSV_18802	983	512	0.001	0.001	0.001
588	HGSV_494	983	523	1.0	0.0	0.0
589	HGSV_145389	982	878	0.0	0.0	0.0
590	HGSV_146561	982	862	0.481	0.481	0.481
591	HGSV_147212	982	344	0.0	0.0	0.0
592	HGSV_152383	982	855	0.688	0.688	0.688
593	HGSV_158353	982	916	0.721	0.721	0.721
594	HGSV_155177	981	820	0.946	0.946	0.0
595	HGSV_6596	981	802	1.0	1.0	1.0
596	HGSV_10546	980	528	0.0	0.0	0.0
597	HGSV_155285	980	511	0.0	0.0	0.0
598	HGSV_157665	980	925	0.007	0.007	0.007
599	HGSV_19729	980	668	0.001	0.001	0.0
600	HGSV_143443	979	888	0.611	0.611	0.0
601	HGSV_145388	979	877	0.561	0.561	0.0
602	HGSV_15668	979	370	0.0	0.0	0.0
603	HGSV_159129	979	803	0.0	0.0	0.0
604	HGSV_145774	978	901	0.669	0.669	0.669
605	HGSV_155089	978	850	0.001	0.001	0.001
606	HGSV_157666	978	891	0.641	0.641	0.0
607	HGSV_18923	978	779	0.285	0.285	0.0
608	HGSV_19625	977	910	0.0	0.0	0.0
609	HGSV_7280	977	800	0.0	0.0	0.0
610	HGSV_10831	976	600	0.0	0.0	0.0
611	HGSV_155132	976	863	0.589	0.0	0.0
612	HGSV_155615	976	749	0.0	0.0	0.0
613	HGSV_156740	976	882	0.627	0.627	0.627
614	HGSV_19244	976	912	0.012	0.012	0.012
615	HGSV_145103	975	895	0.0	0.0	0.0
616	HGSV_147484	975	896	0.655	0.655	0.655
617	HGSV_16270	975	882	0.675	0.675	0.675
618	HGSV_245	975	900	0.0	0.0	0.0
619	HGSV_6588	975	948	0.637	0.637	0.637
620	HGSV_155178	973	864	0.0	0.0	0.0
621	HGSV_157664	973	880	0.641	0.641	0.641
622	HGSV_921	973	869	0.609	0.609	0.0
623	HGSV_154984	972	886	0.675	0.0	0.0
624	HGSV_143664	971	895	0.66	0.0	0.0
625	HGSV_156938	971	694	0.0	0.0	0.0
626	HGSV_18660	971	811	0.165	0.165	0.165
627	HGSV_2306	971	892	0.677	0.677	0.677
628	HGSV_3805	971	883	0.0	0.0	0.0
629	HGSV_7016	971	776	0.0	0.0	0.0
630	HGSV_155334	970	835	0.551	0.0	0.0
631	HGSV_7281	970	756	0.0	0.0	0.0
632	HGSV_261	969	773	0.0	0.0	0.0
633	HGSV_7142	969	878	0.612	0.612	0.612
634	HGSV_1191	968	917	0.655	0.655	0.655
635	HGSV_145104	968	906	0.639	0.639	0.639
636	HGSV_145194	968	868	0.64	0.64	0.64
637	HGSV_318	968	900	0.059	0.0	0.0
638	HGSV_148538	967	856	0.0	0.0	0.0
639	HGSV_155087	967	844	0.004	0.0	0.0
640	HGSV_16819	966	885	0.715	0.0	0.0
641	HGSV_7278	966	727	0.0	0.0	0.0
642	HGSV_148920	965	754	0.248	0.0	0.0
643	HGSV_158666	964	923	0.674	0.674	0.0
644	HGSV_144274	963	688	0.612	0.612	0.0
645	HGSV_154976	963	899	0.613	0.613	0.613
646	HGSV_156997	963	893	0.615	0.615	0.0
647	HGSV_19084	963	688	0.791	0.791	0.0
648	HGSV_16891	962	883	0.626	0.626	0.626
649	HGSV_2591	962	577	0.0	0.0	0.0
650	HGSV_154151	961	890	0.618	0.618	0.0
651	HGSV_151800	960	908	0.679	0.679	0.679
652	HGSV_155618	960	641	0.0	0.0	0.0
653	HGSV_144796	959	820	0.549	0.549	0.549
654	HGSV_9945	959	785	0.699	0.699	0.699
655	HGSV_10556	958	728	0.0	0.0	0.0
656	HGSV_143519	958	838	0.0	0.0	0.0
657	HGSV_150664	958	876	0.671	0.671	0.0
658	HGSV_155179	958	841	0.545	0.545	0.545
659	HGSV_16870	958	887	0.608	0.608	0.608
660	HGSV_4008	958	851	0.0	0.0	0.0
661	HGSV_153824	957	306	0.0	0.0	0.0
662	HGSV_6082	957	891	0.702	0.702	0.702
663	HGSV_146873	956	814	0.654	0.654	0.654
664	HGSV_151351	956	890	0.637	0.637	0.637
665	HGSV_151625	956	721	0.0	0.0	0.0
666	HGSV_154776	956	746	0.009	0.009	0.009
667	HGSV_19428	956	898	0.688	0.688	0.688
668	HGSV_2047	956	841	0.657	0.0	0.0
669	HGSV_2048	956	841	0.657	0.0	0.0
670	HGSV_9796	956	790	0.001	0.001	0.001
671	HGSV_145431	955	854	0.657	0.657	0.657
672	HGSV_154384	955	861	0.0	0.0	0.0
673	HGSV_10606	954	575	0.0	0.0	0.0
674	HGSV_157542	954	729	0.822	0.0	0.0
675	HGSV_16397	954	828	0.654	0.654	0.654
676	HGSV_10557	953	690	0.001	0.0	0.0
677	HGSV_157949	953	636	0.975	0.975	0.975
678	HGSV_6887	953	719	0.0	0.0	0.633
679	HGSV_7357	953	860	0.612	0.612	0.612
680	HGSV_151404	952	865	0.641	0.641	0.0
681	HGSV_144299	951	660	0.4	0.4	0.0
682	HGSV_143777	950	680	0.0	0.0	0.0
683	HGSV_2777	950	864	0.641	0.641	0.641
684	HGSV_143864	949	755	0.0	0.0	0.0
685	HGSV_19414	949	367	0.003	0.0	0.0
686	HGSV_150183	948	862	0.0	0.0	0.0
687	HGSV_156936	948	867	0.641	0.641	0.641
688	HGSV_4334	948	865	0.597	0.597	0.597
689	HGSV_9685	948	843	0.591	0.591	0.591
690	HGSV_146293	947	859	0.662	0.662	0.662
691	HGSV_16582	947	741	0.001	0.001	0.001
692	HGSV_16583	947	727	0.002	0.002	0.002
693	HGSV_374	947	745	0.002	0.002	0.002
694	HGSV_155151	946	568	0.001	0.001	0.001
695	HGSV_155218	946	815	0.0	0.0	0.0
696	HGSV_146567	945	866	0.621	0.621	0.621
697	HGSV_143974	944	860	0.659	0.659	0.659
698	HGSV_144104	944	861	0.003	0.0	0.0
699	HGSV_146558	944	555	0.0	0.0	0.0
700	HGSV_158140	944	854	0.631	0.631	0.631
701	HGSV_17278	944	865	0.668	0.668	0.0
702	HGSV_5490	944	839	0.598	0.598	0.598
703	HGSV_144588	942	856	0.575	0.575	0.575
704	HGSV_150184	941	892	0.737	0.737	0.737
705	HGSV_6886	941	702	0.0	0.0	0.0
706	HGSV_13021	940	852	0.633	0.0	0.0
707	HGSV_13252	940	856	0.582	0.582	0.582
708	HGSV_14254	940	707	0.709	0.0	0.0
709	HGSV_147205	940	312	0.0	0.0	0.0
710	HGSV_144413	939	823	0.585	0.585	0.0
711	HGSV_144637	939	233	0.0	0.0	0.0
712	HGSV_17063	939	871	0.647	0.0	0.0
713	HGSV_19242	939	793	0.92	0.0	0.0
714	HGSV_19058	938	726	0.0	0.0	0.0
715	HGSV_155508	937	584	0.0	0.0	0.0
716	HGSV_18741	937	842	0.669	0.669	0.669
717	HGSV_147291	936	452	0.002	0.002	0.002
718	HGSV_149864	936	846	0.613	0.613	0.613
719	HGSV_155612	936	708	0.0	0.0	0.0
720	HGSV_5905	936	448	0.0	0.0	0.0
721	HGSV_14327	935	821	0.576	0.576	0.576
722	HGSV_10572	934	454	0.0	0.0	0.0
723	HGSV_143720	934	857	0.569	0.569	0.569
724	HGSV_155130	934	828	0.043	0.0	0.0
725	HGSV_17934	934	854	0.641	0.0	0.0
726	HGSV_7325	934	802	0.0	0.0	0.0
727	HGSV_144773	933	849	0.603	0.603	0.603
728	HGSV_5470	933	817	0.298	0.298	0.298
729	HGSV_1025	932	848	0.0	0.0	0.0
730	HGSV_154721	932	865	0.563	0.0	0.0
731	HGSV_155197	932	803	0.561	0.0	0.0
732	HGSV_146765	931	850	0.672	0.672	0.672
733	HGSV_19486	931	556	0.0	0.0	0.0
734	HGSV_151654	930	829	0.604	0.604	0.604
735	HGSV_157454	930	774	0.679	0.679	0.0
736	HGSV_154488	929	835	0.649	0.649	0.649
737	HGSV_154924	929	606	0.001	0.0	0.0
738	HGSV_7326	929	824	0.616	0.616	0.616
739	HGSV_3169	927	731	0.001	0.001	0.001
740	HGSV_146119	926	467	0.0	0.0	0.0
741	HGSV_144333	925	421	0.001	0.001	0.001
742	HGSV_147259	925	289	0.001	0.0	0.0
743	HGSV_152747	925	827	0.596	0.596	0.596
744	HGSV_16586	925	834	0.594	0.594	0.594
745	HGSV_158437	923	834	0.0	0.0	0.0
746	HGSV_12104	922	853	0.617	0.617	0.617
747	HGSV_155329	922	828	0.0	0.0	0.0
748	HGSV_7092	922	838	0.578	0.0	0.0
749	HGSV_143788	921	825	0.594	0.594	0.594
750	HGSV_157861	921	823	0.579	0.579	0.579
751	HGSV_3634	921	825	0.607	0.607	0.607
752	HGSV_144862	919	589	0.001	0.001	0.001
753	HGSV_148690	919	592	0.448	0.448	0.448
754	HGSV_11528	918	834	0.588	0.588	0.588
755	HGSV_146658	917	831	0.0	0.0	0.0
756	HGSV_147628	917	769	0.0	0.0	0.0
757	HGSV_154173	916	802	0.0	0.0	0.0
758	HGSV_147627	915	754	0.0	0.0	0.0
759	HGSV_18123	915	828	0.579	0.579	0.579
760	HGSV_148941	914	772	0.0	0.0	0.0
761	HGSV_155167	914	725	0.0	0.0	0.0
762	HGSV_155572	914	758	0.471	0.471	0.0
763	HGSV_4717	914	820	0.604	0.604	0.604
764	HGSV_143612	913	806	0.61	0.61	0.61
765	HGSV_155461	913	812	0.661	0.0	0.0
766	HGSV_19222	913	717	0.005	0.005	0.0
767	HGSV_8220	913	838	0.624	0.624	0.624
768	HGSV_15795	912	821	0.591	0.591	0.591
769	HGSV_15886	909	873	0.0	0.0	0.0
770	HGSV_938	908	792	0.598	0.598	0.0
771	HGSV_15310	907	805	0.0	0.0	0.0
772	HGSV_4378	907	743	0.0	0.0	0.0
773	HGSV_15181	906	804	0.562	0.562	0.562
774	HGSV_155185	906	774	0.0	0.0	0.0
775	HGSV_7262	906	820	0.592	0.592	0.592
776	HGSV_151259	905	813	0.0	0.0	0.0
777	HGSV_11240	904	833	0.001	0.001	0.001
778	HGSV_12231	904	628	0.947	0.947	0.0
779	HGSV_14467	904	803	0.582	0.582	0.582
780	HGSV_152141	904	605	0.684	0.0	0.0
781	HGSV_1584	904	369	0.013	0.013	0.013
782	HGSV_152803	903	815	0.598	0.598	0.598
783	HGSV_144988	901	701	0.651	0.651	0.0
784	HGSV_145359	901	817	0.567	0.567	0.567
785	HGSV_147200	901	309	0.003	0.003	0.003
786	HGSV_149093	901	820	0.532	0.532	0.532
787	HGSV_151260	901	816	0.618	0.618	0.618
788	HGSV_18052	901	818	0.558	0.558	0.0
789	HGSV_11385	900	698	0.136	0.136	0.0
790	HGSV_144190	899	801	0.496	0.496	0.0
791	HGSV_151569	899	802	0.0	0.0	0.0
792	HGSV_154374	899	768	0.546	0.546	0.546
793	HGSV_16702	899	813	0.596	0.596	0.596
794	HGSV_15180	898	801	0.001	0.0	0.0
795	HGSV_152585	898	602	0.002	0.0	0.0
796	HGSV_16093	898	822	0.555	0.555	0.555
797	HGSV_19474	898	774	0.014	0.014	0.0
798	HGSV_12883	897	831	0.0	0.0	0.0
799	HGSV_143431	897	516	0.0	0.0	0.0
800	HGSV_150896	897	792	0.586	0.586	0.586
801	HGSV_10963	896	798	0.0	0.0	0.0
802	HGSV_143521	895	521	0.0	0.0	0.0
803	HGSV_155687	895	819	0.0	0.0	0.0
804	HGSV_14868	894	766	0.541	0.541	0.541
805	HGSV_10775	893	788	0.0	0.0	0.0
806	HGSV_154099	893	796	0.634	0.634	0.634
807	HGSV_158562	893	793	0.54	0.54	0.54
808	HGSV_447	893	757	0.0	0.0	0.0
809	HGSV_6057	893	816	0.601	0.601	0.601
810	HGSV_8824	892	513	0.723	0.723	0.0
811	HGSV_11490	890	850	0.56	0.56	0.56
812	HGSV_146556	890	378	0.0	0.0	0.0
813	HGSV_19203	890	721	0.0	0.0	0.0
814	HGSV_19243	890	382	0.001	0.001	0.001
815	HGSV_13953	889	815	1.0	1.0	1.0
816	HGSV_147196	889	515	0.0	0.0	0.0
817	HGSV_155040	889	733	0.002	0.002	0.0
818	HGSV_150290	888	812	0.563	0.563	0.563
819	HGSV_15465	888	688	0.0	0.0	0.0
820	HGSV_147354	887	792	0.578	0.578	0.578
821	HGSV_151916	886	773	0.0	0.0	0.0
822	HGSV_5386	886	788	0.518	0.518	0.518
823	HGSV_153935	885	323	0.002	0.0	0.0
824	HGSV_155121	885	715	0.351	0.0	0.0
825	HGSV_156168	884	610	0.722	0.722	0.0
826	HGSV_143670	883	695	0.0	0.0	0.0
827	HGSV_5969	883	817	0.596	0.596	0.596
828	HGSV_145561	882	800	0.574	0.574	0.574
829	HGSV_151646	882	814	0.576	0.576	0.576
830	HGSV_156359	882	771	0.535	0.535	0.535
831	HGSV_3173	881	211	0.0	0.0	0.0
832	HGSV_10117	880	785	0.494	0.494	0.494
833	HGSV_1904	880	787	0.0	0.0	0.0
834	HGSV_8152	880	783	0.579	0.579	0.579
835	HGSV_145961	879	747	0.757	0.757	0.757
836	HGSV_148575	878	762	0.526	0.526	0.526
837	HGSV_17165	878	727	0.812	0.0	0.0
838	HGSV_555	878	256	0.004	0.0	0.0
839	HGSV_12831	877	711	0.0	0.0	0.0
840	HGSV_6141	877	792	0.597	0.597	0.597
841	HGSV_143752	876	793	0.572	0.572	0.572
842	HGSV_148395	876	777	0.0	0.0	0.0
843	HGSV_155519	875	271	0.0	0.0	0.0
844	HGSV_149337	873	756	0.537	0.537	0.537
845	HGSV_151011	873	775	0.0	0.0	0.0
846	HGSV_10551	872	230	0.0	0.0	0.0
847	HGSV_6574	872	781	0.553	0.553	0.553
848	HGSV_10198	870	108	0.009	0.0	0.0
849	HGSV_147092	870	417	0.0	0.0	0.0
850	HGSV_152074	870	738	0.0	0.0	0.0
851	HGSV_158225	870	783	0.552	0.552	0.552
852	HGSV_916	870	796	0.431	0.431	0.0
853	HGSV_144062	869	791	0.584	0.0	0.0
854	HGSV_150431	869	778	0.518	0.518	0.518
855	HGSV_154526	869	749	0.835	0.835	0.0
856	HGSV_150595	867	559	0.496	0.0	0.0
857	HGSV_157974	867	813	0.444	0.0	0.0
858	HGSV_1909	867	741	0.015	0.015	0.015
859	HGSV_143520	866	748	0.388	0.0	0.0
860	HGSV_15388	865	752	0.0	0.0	0.0
861	HGSV_147272	864	765	0.44	0.44	0.44
862	HGSV_149148	864	646	0.162	0.0	0.0
863	HGSV_7494	863	760	0.559	0.559	0.559
864	HGSV_148491	862	758	0.506	0.506	0.506
865	HGSV_150082	862	788	0.561	0.561	0.561
866	HGSV_155345	862	661	0.375	0.375	0.0
867	HGSV_17269	862	480	0.537	0.537	0.714
868	HGSV_152075	861	770	0.564	0.564	0.564
869	HGSV_158887	861	772	0.582	0.582	0.582
870	HGSV_143672	860	724	0.0	0.0	0.0
871	HGSV_143674	860	765	0.534	0.534	0.534
872	HGSV_14550	860	760	0.528	0.0	0.0
873	HGSV_156269	860	781	0.499	0.499	0.499
874	HGSV_4344	858	551	0.0	0.0	0.0
875	HGSV_152464	856	763	0.534	0.534	0.534
876	HGSV_63	856	142	0.917	0.0	0.0
877	HGSV_7170	856	751	0.0	0.0	0.0
878	HGSV_145390	855	207	0.01	0.01	0.0
879	HGSV_151918	854	774	0.565	0.565	0.565
880	HGSV_155406	854	750	0.494	0.494	0.494
881	HGSV_154174	853	705	0.0	0.0	0.0
882	HGSV_156592	853	766	0.541	0.541	0.541
883	HGSV_151	852	443	0.0	0.0	0.0
884	HGSV_155510	850	665	0.001	0.0	0.0
885	HGSV_143526	849	304	0.0	0.0	0.0
886	HGSV_18655	849	332	0.395	0.395	0.395
887	HGSV_19158	848	761	0.574	0.574	0.574
888	HGSV_155330	847	768	0.0	0.0	0.0
889	HGSV_157586	847	744	0.538	0.538	0.538
890	HGSV_1693	847	730	0.588	0.0	0.0
891	HGSV_146068	845	392	0.255	0.255	0.0
892	HGSV_155281	844	489	0.0	0.0	0.0
893	HGSV_755	844	590	0.0	0.0	0.0
894	HGSV_145034	842	701	0.0	0.0	0.0
895	HGSV_146057	842	360	0.268	0.268	0.268
896	HGSV_154079	842	316	0.0	0.0	0.0
897	HGSV_15420	841	689	0.0	0.0	0.0
898	HGSV_9367	840	753	0.0	0.0	0.0
899	HGSV_12542	839	422	0.0	0.0	0.0
900	HGSV_154938	838	637	0.0	0.0	0.0
901	HGSV_19637	838	379	0.0	0.0	0.0
902	HGSV_564	838	237	0.0	0.0	0.0
903	HGSV_11976	837	744	0.484	0.484	0.484
904	HGSV_146087	837	722	0.473	0.473	0.473
905	HGSV_149342	837	533	0.132	0.0	0.0
906	HGSV_154862	837	668	0.432	0.432	0.432
907	HGSV_9873	837	764	0.506	0.506	0.506
908	HGSV_153	836	487	0.0	0.0	0.0
909	HGSV_15910	836	718	0.469	0.469	0.469
910	HGSV_17337	836	767	0.552	0.0	0.0
911	HGSV_503	836	669	0.38	0.0	0.0
912	HGSV_156199	835	738	0.513	0.513	0.513
913	HGSV_10263	834	621	0.0	0.0	0.0
914	HGSV_144328	834	713	0.001	0.0	0.0
915	HGSV_11135	833	555	0.0	0.0	0.0
916	HGSV_154765	833	675	0.11	0.11	0.11
917	HGSV_156319	833	732	0.518	0.518	0.0
918	HGSV_17160	833	166	0.001	0.001	0.0
919	HGSV_144326	832	708	0.0	0.0	0.0
920	HGSV_154764	832	684	0.0	0.0	0.0
921	HGSV_16469	831	526	0.004	0.004	0.004
922	HGSV_5340	831	655	0.205	0.205	0.0
923	HGSV_1359	830	737	0.471	0.471	0.471
924	HGSV_706	830	722	0.504	0.0	0.0
925	HGSV_147470	829	738	0.504	0.504	0.504
926	HGSV_155753	829	469	0.0	0.0	0.0
927	HGSV_16101	829	386	0.0	0.0	0.0
928	HGSV_13988	828	735	0.568	0.568	0.568
929	HGSV_155424	828	596	0.047	0.0	0.0
930	HGSV_157615	828	528	0.0	0.0	0.0
931	HGSV_15794	828	746	0.534	0.534	0.534
932	HGSV_150787	827	740	0.466	0.466	0.466
933	HGSV_155348	827	317	0.0	0.0	0.0
934	HGSV_16890	827	287	0.001	0.001	0.001
935	HGSV_147290	826	135	0.0	0.0	0.0
936	HGSV_152599	826	726	0.454	0.454	0.454
937	HGSV_155592	826	701	0.0	0.0	0.0
938	HGSV_156022	826	738	0.0	0.0	0.0
939	HGSV_155267	825	399	0.0	0.0	0.0
940	HGSV_157692	822	681	0.554	0.554	0.0
941	HGSV_18750	822	681	0.518	0.518	0.0
942	HGSV_1986	822	424	0.0	0.0	0.0
943	HGSV_11176	821	341	0.0	0.0	0.0
944	HGSV_537	821	664	0.398	0.398	0.0
945	HGSV_145035	819	712	0.509	0.509	0.509
946	HGSV_148298	819	724	0.487	0.487	0.487
947	HGSV_150128	819	757	0.563	0.563	0.563
948	HGSV_17043	819	716	0.479	0.479	0.479
949	HGSV_153102	817	395	0.0	0.0	0.0
950	HGSV_14224	816	576	0.0	0.0	0.0
951	HGSV_149991	816	501	0.0	0.0	0.0
952	HGSV_150057	816	733	0.517	0.517	0.517
953	HGSV_153295	816	703	0.419	0.419	0.419
954	HGSV_155293	816	653	0.0	0.0	0.0
955	HGSV_546	816	661	0.0	0.0	0.0
956	HGSV_8708	816	664	0.0	0.0	0.0
957	HGSV_146370	814	713	0.482	0.482	0.482
958	HGSV_155096	814	549	0.0	0.0	0.0
959	HGSV_157613	814	404	0.0	0.0	0.0
960	HGSV_153200	812	643	0.516	0.0	0.0
961	HGSV_153290	812	722	0.504	0.504	0.504
962	HGSV_156232	812	662	0.459	0.459	0.0
963	HGSV_153859	811	592	0.002	0.002	0.002
964	HGSV_155168	811	509	0.0	0.0	0.0
965	HGSV_1581	811	703	0.47	0.47	0.47
966	HGSV_15858	811	704	0.0	0.0	0.0
967	HGSV_9280	811	501	0.0	0.0	0.0
968	HGSV_153810	810	466	0.0	0.0	0.0
969	HGSV_155035	810	91	0.954	0.0	0.0
970	HGSV_6038	810	724	0.482	0.482	0.482
971	HGSV_156963	809	728	0.0	0.0	0.0
972	HGSV_19520	809	738	0.473	0.0	0.0
973	HGSV_14225	808	725	0.514	0.0	0.0
974	HGSV_143565	808	642	0.0	0.0	0.0
975	HGSV_157434	808	688	0.488	0.488	0.0
976	HGSV_16157	807	731	0.0	0.0	0.0
977	HGSV_457	805	729	0.0	0.0	0.0
978	HGSV_8312	805	273	0.789	0.789	0.0
979	HGSV_147198	803	169	0.001	0.001	0.001
980	HGSV_147288	803	127	0.0	0.0	0.0
981	HGSV_154232	803	434	0.08	0.08	0.08
982	HGSV_146849	802	691	0.516	0.516	0.516
983	HGSV_147670	802	639	0.0	0.0	0.0
984	HGSV_152224	802	741	0.0	0.0	0.0
985	HGSV_4523	802	714	0.482	0.482	0.482
986	HGSV_143654	801	537	0.0	0.0	0.0
987	HGSV_144257	801	401	0.0	0.0	0.0
988	HGSV_153809	801	220	0.0	0.0	0.0
989	HGSV_155339	801	669	0.404	0.404	0.0
990	HGSV_155501	801	236	0.065	0.0	0.0
991	HGSV_399	801	687	0.545	0.545	0.0
992	HGSV_1267	800	616	0.0	0.0	0.0
993	HGSV_143623	800	590	0.001	0.001	0.0
994	HGSV_144004	800	193	0.991	0.0	0.0
995	HGSV_144747	800	638	0.42	0.42	0.42
996	HGSV_148702	800	707	0.523	0.523	0.523
997	HGSV_152547	800	625	0.0	0.0	0.0
998	HGSV_155358	800	468	0.0	0.0	0.0
999	HGSV_7485	800	706	0.479	0.479	0.479
1000	HGSV_90	800	548	0.002	0.0	0.0
1001	HGSV_15803	799	302	0.705	0.705	0.0
1002	HGSV_19521	799	692	0.419	0.0	0.0
1003	HGSV_3337	799	317	0.0	0.0	0.0
1004	HGSV_154932	798	483	0.0	0.0	0.0
1005	HGSV_2213	798	706	0.461	0.461	0.461
1006	HGSV_13879	797	561	0.0	0.0	0.0
1007	HGSV_2958	797	735	0.483	0.483	0.483
1008	HGSV_18691	796	699	0.513	0.513	0.513
1009	HGSV_10826	795	488	0.0	0.0	0.0
1010	HGSV_147015	795	685	0.393	0.393	0.0
1011	HGSV_15417	795	98	0.0	0.0	0.0
1012	HGSV_3358	795	612	0.381	0.381	0.0
1013	HGSV_155518	794	496	0.0	0.0	0.0
1014	HGSV_12358	793	699	0.0	0.0	0.0
1015	HGSV_13878	793	548	0.0	0.0	0.0
1016	HGSV_147072	793	621	0.494	0.0	0.0
1017	HGSV_147084	793	644	0.485	0.485	0.485
1018	HGSV_155166	793	521	0.021	0.0	0.0
1019	HGSV_6941	793	705	0.474	0.474	0.474
1020	HGSV_154907	792	198	0.0	0.0	0.0
1021	HGSV_8911	792	695	0.0	0.0	0.0
1022	HGSV_149997	791	496	0.804	0.0	0.0
1023	HGSV_152548	791	664	0.474	0.474	0.474
1024	HGSV_154076	791	300	0.0	0.0	0.0
1025	HGSV_9580	790	519	0.706	0.0	0.0
1026	HGSV_146177	789	691	0.514	0.514	0.514
1027	HGSV_148362	789	700	0.492	0.492	0.492
1028	HGSV_154931	789	551	0.0	0.0	0.0
1029	HGSV_18273	789	702	0.536	0.536	0.536
1030	HGSV_10193	788	149	0.347	0.0	0.0
1031	HGSV_150429	788	422	0.0	0.0	0.0
1032	HGSV_2854	788	246	0.0	0.0	0.0
1033	HGSV_143781	787	307	0.056	0.056	0.0
1034	HGSV_14873	787	698	0.44	0.44	0.44
1035	HGSV_18562	787	270	0.0	0.0	0.0
1036	HGSV_343	787	601	0.0	0.0	0.0
1037	HGSV_17848	786	642	0.443	0.443	0.0
1038	HGSV_3116	786	701	0.507	0.507	0.507
1039	HGSV_14829	785	686	0.465	0.465	0.465
1040	HGSV_401	785	640	0.0	0.0	0.0
1041	HGSV_144797	783	305	0.992	0.992	0.992
1042	HGSV_144882	783	668	0.433	0.433	0.433
1043	HGSV_147506	783	680	0.405	0.0	0.0
1044	HGSV_154455	783	142	0.0	0.0	0.0
1045	HGSV_18825	783	695	0.498	0.498	0.498
1046	HGSV_911	783	677	0.458	0.0	0.0
1047	HGSV_146884	782	700	0.503	0.503	0.0
1048	HGSV_154125	782	96	0.0	0.0	0.0
1049	HGSV_358	782	637	0.0	0.0	0.0
1050	HGSV_152811	781	669	0.467	0.467	0.467
1051	HGSV_19362	781	659	1.0	0.0	0.0
1052	HGSV_756	781	611	0.187	0.0	0.0
1053	HGSV_143473	780	615	0.0	0.0	0.0
1054	HGSV_1473	780	652	0.471	0.471	0.471
1055	HGSV_15117	780	711	0.485	0.485	0.485
1056	HGSV_996	780	706	0.452	0.452	0.452
1057	HGSV_154939	779	535	0.001	0.0	0.0
1058	HGSV_344	779	597	0.288	0.0	0.0
1059	HGSV_150950	778	607	0.679	0.679	0.0
1060	HGSV_154	778	656	0.0	0.0	0.0
1061	HGSV_156	778	656	0.174	0.0	0.0
1062	HGSV_154793	777	629	0.338	0.0	0.0
1063	HGSV_19337	777	679	0.164	0.0	0.0
1064	HGSV_12728	776	647	0.484	0.484	0.484
1065	HGSV_144115	776	527	0.0	0.0	0.0
1066	HGSV_153668	776	672	0.478	0.478	0.478
1067	HGSV_14703	774	617	0.349	0.349	0.349
1068	HGSV_147286	774	144	0.0	0.0	0.0
1069	HGSV_153558	774	654	0.425	0.425	0.425
1070	HGSV_149	773	350	0.0	0.0	0.0
1071	HGSV_150806	773	541	0.0	0.0	0.0
1072	HGSV_152	773	345	0.0	0.0	0.0
1073	HGSV_158190	773	668	0.467	0.467	0.467
1074	HGSV_155288	772	379	0.0	0.0	0.0
1075	HGSV_157	772	656	0.297	0.297	0.297
1076	HGSV_19706	772	171	0.999	0.999	0.0
1077	HGSV_144881	770	664	0.433	0.433	0.433
1078	HGSV_155200	770	642	0.398	0.398	0.0
1079	HGSV_11535	768	663	0.425	0.425	0.425
1080	HGSV_143560	767	580	0.0	0.0	0.0
1081	HGSV_147261	766	103	0.0	0.0	0.0
1082	HGSV_14872	765	385	0.0	0.0	0.0
1083	HGSV_14354	764	675	0.4	0.4	0.4
1084	HGSV_148643	764	599	0.619	0.619	0.619
1085	HGSV_6533	764	600	0.973	0.973	0.0
1086	HGSV_9212	764	633	0.449	0.449	0.0
1087	HGSV_9316	764	643	1.0	0.0	0.0
1088	HGSV_150673	763	630	0.415	0.415	0.0
1089	HGSV_155620	763	173	0.0	0.0	0.0
1090	HGSV_5809	763	650	0.455	0.455	0.0
1091	HGSV_156206	762	613	0.388	0.388	0.388
1092	HGSV_159118	762	657	0.459	0.459	0.459
1093	HGSV_146219	761	621	0.456	0.0	0.0
1094	HGSV_150435	761	653	0.418	0.418	0.418
1095	HGSV_155897	761	122	0.001	0.001	0.0
1096	HGSV_881	761	573	0.352	0.352	0.352
1097	HGSV_10552	760	150	0.0	0.0	0.0
1098	HGSV_15411	760	296	0.0	0.0	0.0
1099	HGSV_155525	760	468	0.0	0.0	0.0
1100	HGSV_159120	760	671	0.46	0.46	0.46
1101	HGSV_17120	760	667	0.468	0.0	0.0
1102	HGSV_17880	760	573	0.0	0.0	0.0
1103	HGSV_275	760	248	0.0	0.0	0.0
1104	HGSV_9321	760	641	0.397	0.397	0.397
1105	HGSV_15161	758	371	0.925	0.925	0.0
1106	HGSV_152652	758	676	0.0	0.0	0.0
1107	HGSV_153960	758	662	0.451	0.451	0.451
1108	HGSV_158232	758	694	0.441	0.0	0.0
1109	HGSV_549	758	705	0.0	0.0	0.0
1110	HGSV_13150	757	673	0.537	0.537	0.537
1111	HGSV_146295	757	668	0.47	0.47	0.0
1112	HGSV_154998	757	606	0.242	0.0	0.0
1113	HGSV_158229	757	677	0.0	0.0	0.0
1114	HGSV_19353	757	393	0.0	0.0	0.0
1115	HGSV_9104	757	469	0.0	0.0	0.0
1116	HGSV_155000	756	607	0.0	0.0	0.0
1117	HGSV_156568	755	646	0.0	0.0	0.0
1118	HGSV_156912	755	348	0.0	0.0	0.0
1119	HGSV_2639	755	641	0.0	0.0	0.0
1120	HGSV_147671	754	586	0.317	0.317	0.0
1121	HGSV_143554	753	425	0.0	0.0	0.0
1122	HGSV_154324	753	469	0.0	0.0	0.0
1123	HGSV_551	753	658	0.394	0.394	0.0
1124	HGSV_155291	752	114	0.0	0.0	0.0
1125	HGSV_9032	752	228	0.0	0.0	0.0
1126	HGSV_148446	751	654	0.435	0.435	0.435
1127	HGSV_7754	751	223	0.0	0.0	0.0
1128	HGSV_8854	751	669	0.425	0.425	0.425
1129	HGSV_156462	750	616	0.414	0.414	0.414
1130	HGSV_11997	749	631	0.393	0.393	0.393
1131	HGSV_146356	749	533	0.0	0.0	0.0
1132	HGSV_9309	749	643	0.403	0.403	0.403
1133	HGSV_10827	748	267	0.0	0.0	0.0
1134	HGSV_150235	748	592	0.287	0.287	0.287
1135	HGSV_1521	748	515	0.181	0.181	0.181
1136	HGSV_7227	748	625	0.366	0.366	0.366
1137	HGSV_18736	747	633	0.387	0.387	0.0
1138	HGSV_146024	746	623	0.393	0.393	0.393
1139	HGSV_18734	746	633	0.0	0.0	0.0
1140	HGSV_7424	745	584	0.0	0.0	0.0
1141	HGSV_6340	743	662	0.412	0.0	0.0
1142	HGSV_12391	742	655	0.44	0.44	0.44
1143	HGSV_7460	741	632	0.432	0.432	0.432
1144	HGSV_147171	740	578	0.46	0.46	0.46
1145	HGSV_17742	740	600	0.0	0.0	0.0
1146	HGSV_8777	740	526	0.001	0.001	0.001
1147	HGSV_149619	739	564	0.372	0.372	0.372
1148	HGSV_17743	739	599	0.0	0.0	0.0
1149	HGSV_5681	739	642	0.0	0.0	0.0
1150	HGSV_9691	739	269	0.0	0.0	0.0
1151	HGSV_11988	738	623	0.466	0.466	0.466
1152	HGSV_13013	736	645	0.402	0.402	0.402
1153	HGSV_148250	736	657	0.421	0.421	0.421
1154	HGSV_4118	736	509	0.048	0.048	0.048
1155	HGSV_7371	736	639	0.393	0.393	0.393
1156	HGSV_148404	735	627	0.446	0.446	0.446
1157	HGSV_150874	735	504	0.501	0.0	0.0
1158	HGSV_152080	735	626	0.434	0.434	0.434
1159	HGSV_6058	735	149	0.0	0.0	0.0
1160	HGSV_10685	734	347	0.0	0.0	0.0
1161	HGSV_146337	734	598	0.439	0.0	0.0
1162	HGSV_14833	734	626	0.411	0.411	0.411
1163	HGSV_150671	734	320	0.0	0.0	0.0
1164	HGSV_3180	733	588	0.0	0.0	0.0
1165	HGSV_146357	732	618	0.428	0.428	0.428
1166	HGSV_147908	732	626	0.441	0.441	0.441
1167	HGSV_154124	732	63	0.0	0.0	0.0
1168	HGSV_17969	732	631	0.37	0.37	0.37
1169	HGSV_619	732	436	0.229	0.0	0.0
1170	HGSV_143558	731	314	0.001	0.001	0.001
1171	HGSV_4181	731	572	0.0	0.0	0.0
1172	HGSV_143783	730	650	0.0	0.0	0.0
1173	HGSV_8899	729	552	0.349	0.349	0.0
1174	HGSV_146381	727	637	0.455	0.455	0.0
1175	HGSV_671	727	108	0.004	0.0	0.0
1176	HGSV_143643	726	535	0.0	0.0	0.0
1177	HGSV_10828	725	299	0.0	0.0	0.0
1178	HGSV_143537	725	536	0.003	0.0	0.0
1179	HGSV_147242	725	396	0.0	0.0	0.0
1180	HGSV_158728	725	621	0.433	0.433	0.0
1181	HGSV_19151	725	629	0.451	0.451	0.0
1182	HGSV_8898	725	484	0.0	0.0	0.0
1183	HGSV_12187	724	639	1.0	0.0	0.0
1184	HGSV_15945	724	489	0.0	0.0	0.0
1185	HGSV_18140	724	648	0.415	0.415	0.415
1186	HGSV_143662	723	105	0.0	0.0	0.0
1187	HGSV_143782	723	621	0.0	0.0	0.0
1188	HGSV_5738	723	618	0.422	0.422	0.422
1189	HGSV_17618	722	642	0.41	0.41	0.41
1190	HGSV_151312	721	612	0.447	0.447	0.447
1191	HGSV_158230	721	627	0.44	0.44	0.44
1192	HGSV_17452	719	608	0.325	0.325	0.0
1193	HGSV_270	719	332	0.0	0.0	0.0
1194	HGSV_15681	718	497	0.432	0.432	0.0
1195	HGSV_156646	717	603	0.408	0.408	0.408
1196	HGSV_2215	717	568	0.355	0.355	0.0
1197	HGSV_144430	716	613	0.405	0.405	0.405
1198	HGSV_17451	716	607	0.0	0.0	0.0
1199	HGSV_12811	715	620	0.382	0.382	0.382
1200	HGSV_153398	715	556	0.35	0.0	0.0
1201	HGSV_16896	715	602	0.348	0.348	0.348
1202	HGSV_156047	714	563	0.333	0.333	0.333
1203	HGSV_18568	714	574	0.346	0.346	0.346
1204	HGSV_147214	712	65	0.0	0.0	0.0
1205	HGSV_158280	712	112	0.668	0.668	0.0
1206	HGSV_156056	710	616	0.424	0.424	0.0
1207	HGSV_31	710	223	0.0	0.0	0.0
1208	HGSV_154550	709	244	0.0	0.0	0.0
1209	HGSV_156645	709	604	0.0	0.0	0.0
1210	HGSV_8853	709	576	0.329	0.329	0.0
1211	HGSV_19117	708	560	0.0	0.0	0.0
1212	HGSV_154894	707	397	0.0	0.0	0.0
1213	HGSV_10960	706	603	0.0	0.0	0.0
1214	HGSV_13567	706	584	0.328	0.328	0.0
1215	HGSV_144531	706	598	0.996	0.0	0.0
1216	HGSV_153059	706	616	0.405	0.405	0.405
1217	HGSV_153629	706	293	0.992	0.0	0.0
1218	HGSV_155422	706	526	0.0	0.0	0.0
1219	HGSV_5306	706	39	0.999	0.999	0.0
1220	HGSV_148972	705	622	0.422	0.422	0.422
1221	HGSV_150073	705	202	0.001	0.001	0.001
1222	HGSV_1522	705	202	0.0	0.0	0.0
1223	HGSV_150670	704	266	0.0	0.0	0.0
1224	HGSV_157900	704	608	0.44	0.44	0.44
1225	HGSV_149459	703	616	0.406	0.406	0.406
1226	HGSV_156145	703	569	0.363	0.0	0.0
1227	HGSV_144097	702	169	0.0	0.0	0.0
1228	HGSV_144140	702	579	0.46	0.46	0.46
1229	HGSV_147080	702	609	0.427	0.427	0.427
1230	HGSV_150	702	287	0.0	0.0	0.0
1231	HGSV_157748	701	596	0.389	0.389	0.389
1232	HGSV_8522	701	198	0.0	0.0	0.0
1233	HGSV_155335	700	371	0.0	0.0	0.0
1234	HGSV_154328	699	577	0.419	0.419	0.419
1235	HGSV_154942	699	530	0.0	0.0	0.0
1236	HGSV_6667	699	583	0.369	0.369	0.369
1237	HGSV_147223	698	48	0.0	0.0	0.0
1238	HGSV_148624	698	524	0.615	0.0	0.0
1239	HGSV_154917	698	610	0.0	0.0	0.0
1240	HGSV_154944	697	484	0.005	0.005	0.0
1241	HGSV_11995	696	270	0.0	0.0	0.0
1242	HGSV_3181	696	590	0.375	0.375	0.375
1243	HGSV_4503	696	620	0.44	0.44	0.44
1244	HGSV_558	696	586	0.433	0.433	0.433
1245	HGSV_176	695	610	0.429	0.0	0.0
1246	HGSV_143880	694	558	0.0	0.0	0.0
1247	HGSV_154973	694	56	0.996	0.996	0.0
1248	HGSV_17882	694	574	0.001	0.0	0.0
1249	HGSV_455	694	599	0.0	0.0	0.0
1250	HGSV_157619	693	594	0.392	0.392	0.0
1251	HGSV_158234	693	600	0.394	0.394	0.394
1252	HGSV_4387	693	513	0.302	0.0	0.0
1253	HGSV_11903	692	611	0.359	0.359	0.359
1254	HGSV_154816	692	423	0.0	0.0	0.0
1255	HGSV_157734	692	274	0.0	0.0	0.0
1256	HGSV_10182	691	132	0.998	0.998	0.0
1257	HGSV_155535	691	222	0.0	0.0	0.0
1258	HGSV_155693	691	219	0.001	0.001	0.001
1259	HGSV_3823	691	596	0.345	0.345	0.345
1260	HGSV_6703	691	564	0.354	0.354	0.354
1261	HGSV_7622	691	596	0.375	0.375	0.375
1262	HGSV_146075	689	627	0.425	0.425	0.425
1263	HGSV_157485	689	596	0.417	0.417	0.417
1264	HGSV_13673	688	40	0.994	0.994	0.0
1265	HGSV_151519	688	470	0.0	0.0	0.0
1266	HGSV_1918	688	245	0.0	0.0	0.0
1267	HGSV_157505	687	311	0.806	0.0	0.0
1268	HGSV_145502	686	561	0.36	0.36	0.0
1269	HGSV_8339	686	575	0.0	0.0	0.0
1270	HGSV_156400	685	539	0.0	0.0	0.0
1271	HGSV_159016	684	602	0.388	0.388	0.388
1272	HGSV_150716	683	619	0.463	0.463	0.463
1273	HGSV_154883	683	347	0.0	0.0	0.0
1274	HGSV_155968	683	395	0.273	0.273	0.273
1275	HGSV_13472	682	574	0.354	0.354	0.354
1276	HGSV_156202	682	593	0.42	0.42	0.42
1277	HGSV_5396	682	558	0.0	0.0	0.0
1278	HGSV_155336	681	512	0.289	0.0	0.0
1279	HGSV_17950	680	588	0.365	0.365	0.0
1280	HGSV_3234	680	607	0.0	0.0	0.0
1281	HGSV_6338	680	421	0.412	0.412	0.0
1282	HGSV_10528	679	105	0.0	0.0	0.0
1283	HGSV_157886	679	585	0.394	0.394	0.394
1284	HGSV_143917	678	602	0.383	0.383	0.383
1285	HGSV_150647	678	478	0.004	0.004	0.004
1286	HGSV_156534	678	557	0.378	0.0	0.0
1287	HGSV_145211	677	395	0.0	0.0	0.0
1288	HGSV_154884	677	331	0.005	0.005	0.0
1289	HGSV_13079	676	91	0.0	0.0	0.0
1290	HGSV_16076	676	560	0.0	0.0	0.0
1291	HGSV_146509	675	562	0.323	0.323	0.323
1292	HGSV_15946	675	603	1.0	0.0	0.0
1293	HGSV_143750	674	551	0.325	0.325	0.325
1294	HGSV_10544	673	288	0.0	0.0	0.0
1295	HGSV_143477	673	413	0.96	0.0	0.0
1296	HGSV_14936	673	591	0.0	0.0	0.0
1297	HGSV_156062	673	596	0.338	0.338	0.338
1298	HGSV_147241	672	152	0.001	0.001	0.001
1299	HGSV_157984	671	505	0.335	0.335	0.335
1300	HGSV_19027	670	541	0.391	0.391	0.391
1301	HGSV_19408	670	228	0.0	0.0	0.0
1302	HGSV_5892	670	523	0.304	0.304	0.304
1303	HGSV_154696	669	558	0.294	0.294	0.294
1304	HGSV_17975	669	572	0.351	0.351	0.351
1305	HGSV_12836	668	576	0.427	0.427	0.427
1306	HGSV_145441	668	550	0.339	0.339	0.339
1307	HGSV_155980	668	582	0.372	0.372	0.372
1308	HGSV_12299	667	505	0.326	0.326	0.326
1309	HGSV_144491	667	578	0.377	0.377	0.377
1310	HGSV_351	667	196	0.0	0.0	0.0
1311	HGSV_1089	665	154	0.0	0.0	0.0
1312	HGSV_18343	664	546	0.0	0.0	0.0
1313	HGSV_143640	663	231	0.001	0.001	0.001
1314	HGSV_19620	663	457	0.0	0.0	0.0
1315	HGSV_19622	663	456	0.0	0.0	0.0
1316	HGSV_11721	662	222	0.0	0.0	0.0
1317	HGSV_143435	662	472	0.0	0.0	0.0
1318	HGSV_11455	661	460	0.0	0.0	0.0
1319	HGSV_13565	661	232	0.0	0.0	0.0
1320	HGSV_155574	661	434	0.294	0.294	0.0
1321	HGSV_3861	661	575	0.338	0.338	0.338
1322	HGSV_154941	660	308	0.0	0.0	0.0
1323	HGSV_155098	660	150	0.0	0.0	0.0
1324	HGSV_157838	660	576	0.33	0.33	0.33
1325	HGSV_16313	660	579	0.365	0.365	0.365
1326	HGSV_6185	660	189	0.0	0.0	0.0
1327	HGSV_17074	659	111	0.0	0.0	0.0
1328	HGSV_150612	658	565	0.404	0.0	0.0
1329	HGSV_1285	657	443	0.278	0.278	0.0
1330	HGSV_57	656	97	0.0	0.0	0.0
1331	HGSV_144606	655	551	0.364	0.364	0.364
1332	HGSV_147298	655	41	0.0	0.0	0.0
1333	HGSV_18345	655	555	0.336	0.336	0.336
1334	HGSV_1243	654	516	0.332	0.332	0.332
1335	HGSV_18169	654	167	0.0	0.0	0.0
1336	HGSV_10216	652	556	0.348	0.348	0.348
1337	HGSV_18638	652	535	0.34	0.34	0.34
1338	HGSV_5864	652	582	0.382	0.382	0.382
1339	HGSV_96	652	441	0.0	0.0	0.0
1340	HGSV_155007	650	80	0.001	0.0	0.0
1341	HGSV_17693	650	525	0.308	0.308	0.308
1342	HGSV_328	650	534	0.135	0.0	0.0
1343	HGSV_329	650	542	0.079	0.079	0.0
1344	HGSV_147783	649	454	0.411	0.411	0.0
1345	HGSV_155512	648	188	0.079	0.079	0.079
1346	HGSV_19351	648	540	0.355	0.355	0.355
1347	HGSV_149285	647	414	0.0	0.0	0.0
1348	HGSV_154882	647	306	0.0	0.0	0.0
1349	HGSV_155155	647	84	0.005	0.005	0.005
1350	HGSV_8362	647	544	0.335	0.335	0.335
1351	HGSV_154831	645	195	0.012	0.012	0.012
1352	HGSV_156046	645	303	0.0	0.0	0.0
1353	HGSV_18704	645	517	0.349	0.349	0.349
1354	HGSV_9835	645	532	0.277	0.277	0.277
1355	HGSV_6009	644	572	0.398	0.398	0.398
1356	HGSV_2581	642	529	0.311	0.311	0.311
1357	HGSV_19616	641	327	0.0	0.0	0.0
1358	HGSV_3796	640	370	0.241	0.0	0.0
1359	HGSV_13820	639	546	0.366	0.366	0.366
1360	HGSV_149843	639	536	0.318	0.318	0.318
1361	HGSV_12643	638	442	0.078	0.0	0.0
1362	HGSV_150937	638	537	0.378	0.378	0.378
1363	HGSV_456	638	466	0.0	0.0	0.0
1364	HGSV_10660	637	74	0.0	0.0	0.0
1365	HGSV_144868	637	69	0.0	0.0	0.0
1366	HGSV_143601	636	424	0.008	0.008	0.008
1367	HGSV_151264	636	332	0.0	0.0	0.0
1368	HGSV_16154	636	304	1.0	1.0	0.0
1369	HGSV_18973	636	463	0.0	0.0	0.0
1370	HGSV_5431	636	539	0.381	0.381	0.381
1371	HGSV_154940	635	393	0.0	0.0	0.0
1372	HGSV_3478	635	494	0.372	0.372	0.372
1373	HGSV_6325	635	265	0.0	0.0	0.0
1374	HGSV_143935	634	548	0.342	0.342	0.342
1375	HGSV_2018	634	308	0.706	0.706	0.706
1376	HGSV_4552	634	545	0.318	0.318	0.318
1377	HGSV_11425	633	494	0.29	0.29	0.0
1378	HGSV_154794	632	424	0.0	0.0	0.0
1379	HGSV_154781	631	519	0.327	0.327	0.327
1380	HGSV_155148	631	466	0.241	0.241	0.0
1381	HGSV_157192	631	393	0.202	0.202	0.202
1382	HGSV_17488	631	541	0.313	0.313	0.313
1383	HGSV_1077	630	486	0.338	0.338	0.338
1384	HGSV_146931	630	543	0.378	0.378	0.378
1385	HGSV_154326	629	297	0.002	0.002	0.002
1386	HGSV_16079	629	558	0.425	0.425	0.425
1387	HGSV_262	628	391	0.0	0.0	0.0
1388	HGSV_10496	627	198	0.0	0.0	0.0
1389	HGSV_1258	627	442	0.445	0.445	0.445
1390	HGSV_13774	627	554	0.341	0.341	0.341
1391	HGSV_157807	627	526	0.332	0.332	0.332
1392	HGSV_16716	627	504	0.313	0.313	0.313
1393	HGSV_156315	626	547	0.0	0.0	0.0
1394	HGSV_10906	625	417	0.0	0.0	0.0
1395	HGSV_158408	625	416	0.213	0.213	0.213
1396	HGSV_19688	625	462	0.001	0.0	0.0
1397	HGSV_151524	624	521	0.306	0.306	0.306
1398	HGSV_19264	624	360	0.0	0.0	0.0
1399	HGSV_149287	623	504	0.309	0.309	0.309
1400	HGSV_13558	622	567	0.352	0.352	0.352
1401	HGSV_13666	622	566	0.0	0.0	0.0
1402	HGSV_150135	622	485	0.0	0.0	0.0
1403	HGSV_18972	622	487	0.309	0.309	0.309
1404	HGSV_536	622	376	0.22	0.0	0.0
1405	HGSV_154360	621	499	0.0	0.0	0.0
1406	HGSV_19469	621	540	0.0	0.0	0.0
1407	HGSV_150769	620	461	0.284	0.284	0.284
1408	HGSV_154682	620	104	0.002	0.002	0.0
1409	HGSV_158055	620	502	0.32	0.32	0.32
1410	HGSV_16494	620	508	0.3	0.3	0.3
1411	HGSV_144339	619	452	0.997	0.0	0.0
1412	HGSV_148392	619	516	0.368	0.368	0.368
1413	HGSV_143649	618	514	0.312	0.312	0.312
1414	HGSV_1920	618	490	0.316	0.316	0.316
1415	HGSV_10141	617	449	0.242	0.242	0.242
1416	HGSV_112	617	555	0.049	0.049	0.049
1417	HGSV_19615	617	296	0.0	0.0	0.0
1418	HGSV_4224	616	502	0.428	0.0	0.0
1419	HGSV_5109	616	543	0.364	0.364	0.0
1420	HGSV_145619	614	494	0.0	0.0	0.0
1421	HGSV_155331	614	116	0.0	0.0	0.0
1422	HGSV_17187	614	538	0.326	0.326	0.326
1423	HGSV_153490	613	518	0.354	0.354	0.354
1424	HGSV_17145	613	486	0.362	0.362	0.362
1425	HGSV_590	612	188	0.0	0.0	0.0
1426	HGSV_155371	611	445	0.278	0.278	0.0
1427	HGSV_145793	610	523	0.363	0.363	0.363
1428	HGSV_154930	610	253	0.0	0.0	0.0
1429	HGSV_2421	610	528	0.0	0.0	0.0
1430	HGSV_4908	610	312	0.193	0.193	0.0
1431	HGSV_10046	609	361	0.0	0.0	0.0
1432	HGSV_13504	609	521	0.306	0.306	0.306
1433	HGSV_154009	609	493	0.278	0.278	0.278
1434	HGSV_155036	609	14	0.954	0.0	0.0
1435	HGSV_16750	609	401	0.0	0.0	0.0
1436	HGSV_19687	608	461	0.001	0.001	0.001
1437	HGSV_8645	608	514	0.384	0.384	0.0
1438	HGSV_143504	607	10	0.001	0.0	0.0
1439	HGSV_146672	607	521	0.324	0.324	0.324
1440	HGSV_2911	607	336	0.0	0.0	0.0
1441	HGSV_150044	606	526	0.317	0.317	0.317
1442	HGSV_16207	606	37	0.0	0.0	0.0
1443	HGSV_17484	606	518	0.319	0.319	0.319
1444	HGSV_272	606	124	0.0	0.0	0.0
1445	HGSV_327	606	501	0.0	0.0	0.0
1446	HGSV_10774	605	171	0.007	0.007	0.007
1447	HGSV_155363	605	536	0.0	0.0	0.0
1448	HGSV_144121	604	376	0.001	0.001	0.001
1449	HGSV_15209	604	532	0.0	0.0	0.0
1450	HGSV_155638	604	151	0.0	0.0	0.0
1451	HGSV_267	604	163	0.0	0.0	0.0
1452	HGSV_9549	604	510	0.324	0.0	0.0
1453	HGSV_143646	603	516	0.361	0.361	0.361
1454	HGSV_144494	603	522	0.347	0.347	0.347
1455	HGSV_152148	603	472	0.301	0.301	0.301
1456	HGSV_156482	603	539	0.35	0.35	0.35
1457	HGSV_17502	603	506	0.0	0.0	0.0
1458	HGSV_101	602	439	0.239	0.239	0.0
1459	HGSV_150795	601	526	0.363	0.363	0.363
1460	HGSV_154893	600	384	0.0	0.0	0.0
1461	HGSV_155019	600	410	0.184	0.0	0.0
1462	HGSV_152930	599	320	0.471	0.0	0.0
1463	HGSV_152149	597	472	0.0	0.0	0.0
1464	HGSV_15923	597	157	0.0	0.0	0.0
1465	HGSV_16693	597	169	0.014	0.014	0.014
1466	HGSV_8900	597	101	0.0	0.0	0.0
1467	HGSV_156221	596	514	0.336	0.336	0.336
1468	HGSV_156749	596	511	0.317	0.317	0.317
1469	HGSV_326	596	483	0.0	0.0	0.0
1470	HGSV_3794	596	180	0.0	0.0	0.0
1471	HGSV_143	595	406	0.0	0.0	0.0
1472	HGSV_233	595	500	0.362	0.362	0.362
1473	HGSV_3036	595	520	0.354	0.354	0.354
1474	HGSV_4542	595	502	0.0	0.0	0.0
1475	HGSV_149405	594	498	0.289	0.289	0.289
1476	HGSV_152189	593	232	0.0	0.0	0.0
1477	HGSV_155661	593	332	0.325	0.325	0.325
1478	HGSV_156907	593	473	0.305	0.305	0.305
1479	HGSV_15787	593	442	0.276	0.276	0.276
1480	HGSV_15885	592	162	0.0	0.0	0.0
1481	HGSV_18047	592	362	0.343	0.343	0.343
1482	HGSV_6457	592	488	0.319	0.319	0.319
1483	HGSV_9497	592	507	0.301	0.301	0.301
1484	HGSV_144094	591	159	0.0	0.0	0.0
1485	HGSV_554	591	124	0.0	0.0	0.0
1486	HGSV_144861	590	226	0.002	0.0	0.0
1487	HGSV_125	589	241	0.0	0.0	0.0
1488	HGSV_14124	589	503	0.324	0.324	0.324
1489	HGSV_152806	589	196	0.0	0.0	0.0
1490	HGSV_2633	589	529	0.326	0.326	0.326
1491	HGSV_367	589	337	0.0	0.0	0.0
1492	HGSV_148319	588	312	0.009	0.009	0.009
1493	HGSV_3560	588	431	0.0	0.0	0.0
1494	HGSV_11106	587	171	0.0	0.0	0.0
1495	HGSV_143600	587	205	0.437	0.0	0.0
1496	HGSV_145812	587	364	0.008	0.008	0.008
1497	HGSV_14866	587	459	0.0	0.0	0.0
1498	HGSV_151316	587	504	0.316	0.316	0.316
1499	HGSV_3031	587	490	0.324	0.324	0.324
1500	HGSV_154066	586	510	0.0	0.0	0.0
1501	HGSV_9572	586	513	0.0	0.0	0.0
1502	HGSV_156393	585	446	0.269	0.269	0.269
1503	HGSV_1671	585	506	0.0	0.0	0.0
1504	HGSV_151122	584	483	0.333	0.333	0.333
1505	HGSV_151637	584	482	0.334	0.334	0.334
1506	HGSV_155366	584	440	0.0	0.0	0.0
1507	HGSV_10907	582	214	0.0	0.0	0.0
1508	HGSV_12449	582	493	0.0	0.0	0.0
1509	HGSV_155018	582	408	0.0	0.0	0.0
1510	HGSV_10044	581	279	0.0	0.0	0.0
1511	HGSV_12757	581	222	0.062	0.062	0.062
1512	HGSV_149117	581	223	0.0	0.0	0.0
1513	HGSV_2220	581	479	0.322	0.322	0.322
1514	HGSV_10773	580	158	0.004	0.004	0.004
1515	HGSV_347	580	106	0.0	0.0	0.0
1516	HGSV_5260	580	449	0.241	0.241	0.241
1517	HGSV_11867	579	247	0.002	0.002	0.002
1518	HGSV_149118	579	226	0.0	0.0	0.0
1519	HGSV_18368	579	167	0.0	0.0	0.0
1520	HGSV_19599	579	491	0.372	0.372	0.372
1521	HGSV_156421	577	470	0.254	0.254	0.254
1522	HGSV_147269	576	45	0.002	0.002	0.002
1523	HGSV_16856	576	501	0.304	0.304	0.304
1524	HGSV_2912	576	454	0.299	0.299	0.299
1525	HGSV_15414	575	160	0.0	0.0	0.0
1526	HGSV_18639	575	196	0.0	0.0	0.0
1527	HGSV_357	575	90	0.011	0.0	0.0
1528	HGSV_10047	574	466	0.318	0.318	0.318
1529	HGSV_150608	574	465	0.284	0.284	0.284
1530	HGSV_143474	573	381	0.001	0.001	0.001
1531	HGSV_10990	572	118	0.0	0.0	0.0
1532	HGSV_147812	572	467	0.223	0.223	0.223
1533	HGSV_15241	572	451	0.258	0.258	0.258
1534	HGSV_16694	571	172	0.009	0.009	0.0
1535	HGSV_151030	570	474	0.307	0.307	0.307
1536	HGSV_432	570	453	0.321	0.321	0.321
1537	HGSV_126	569	448	0.0	0.0	0.0
1538	HGSV_16752	569	437	0.242	0.242	0.242
1539	HGSV_19325	569	483	0.295	0.295	0.0
1540	HGSV_155100	568	89	0.002	0.002	0.0
1541	HGSV_18439	568	478	0.289	0.289	0.289
1542	HGSV_4598	568	500	0.282	0.282	0.282
1543	HGSV_156394	567	445	0.0	0.0	0.0
1544	HGSV_19326	567	481	0.295	0.295	0.295
1545	HGSV_19524	567	396	0.0	0.0	0.0
1546	HGSV_148963	565	145	0.0	0.0	0.0
1547	HGSV_151552	565	485	0.287	0.287	0.287
1548	HGSV_152190	565	465	0.289	0.289	0.0
1549	HGSV_9244	564	443	0.258	0.258	0.258
1550	HGSV_152940	563	96	0.0	0.0	0.0
1551	HGSV_153848	563	236	0.0	0.0	0.0
1552	HGSV_6062	563	459	0.283	0.283	0.283
1553	HGSV_9141	562	447	0.298	0.298	0.298
1554	HGSV_9793	562	487	0.279	0.279	0.279
1555	HGSV_9985	562	432	0.214	0.214	0.214
1556	HGSV_154921	561	100	0.007	0.007	0.0
1557	HGSV_155272	561	26	0.0	0.0	0.0
1558	HGSV_156120	561	457	0.258	0.258	0.258
1559	HGSV_13397	560	463	0.0	0.0	0.0
1560	HGSV_17076	560	434	0.236	0.236	0.236
1561	HGSV_3176	559	388	0.0	0.0	0.0
1562	HGSV_14558	558	458	0.288	0.288	0.288
1563	HGSV_156313	558	43	0.0	0.0	0.0
1564	HGSV_157537	558	133	0.0	0.0	0.0
1565	HGSV_155016	557	394	0.002	0.002	0.002
1566	HGSV_155157	555	79	0.0	0.0	0.0
1567	HGSV_17936	555	374	0.0	0.0	0.0
1568	HGSV_1919	555	181	0.0	0.0	0.0
1569	HGSV_19357	555	477	0.283	0.283	0.0
1570	HGSV_8178	555	439	0.285	0.285	0.285
1571	HGSV_143467	554	285	0.0	0.0	0.0
1572	HGSV_155492	554	44	0.022	0.022	0.022
1573	HGSV_5364	554	477	0.386	0.386	0.386
1574	HGSV_145985	553	316	0.341	0.341	0.0
1575	HGSV_15898	553	104	0.0	0.0	0.0
1576	HGSV_18291	553	414	0.272	0.272	0.0
1577	HGSV_2277	553	429	0.292	0.292	0.0
1578	HGSV_15171	552	277	0.104	0.104	0.104
1579	HGSV_149761	551	436	0.282	0.282	0.282
1580	HGSV_17820	549	421	0.0	0.0	0.0
1581	HGSV_3034	549	474	0.0	0.0	0.0
1582	HGSV_9242	549	472	0.271	0.271	0.271
1583	HGSV_12921	548	469	0.277	0.277	0.0
1584	HGSV_13651	547	474	0.286	0.286	0.286
1585	HGSV_155951	547	422	0.281	0.281	0.281
1586	HGSV_19478	547	238	0.0	0.0	0.0
1587	HGSV_12988	546	479	0.275	0.0	0.0
1588	HGSV_157538	546	411	0.258	0.258	0.258
1589	HGSV_7207	546	439	0.26	0.26	0.26
1590	HGSV_143479	545	140	0.0	0.0	0.0
1591	HGSV_147244	545	253	0.0	0.0	0.0
1592	HGSV_8389	545	464	0.239	0.239	0.0
1593	HGSV_148749	544	473	0.305	0.0	0.0
1594	HGSV_154535	544	127	0.0	0.0	0.0
1595	HGSV_17102	543	209	0.348	0.348	0.0
1596	HGSV_152338	542	165	0.0	0.0	0.0
1597	HGSV_156035	542	275	0.0	0.0	0.0
1598	HGSV_154588	541	433	0.282	0.282	0.0
1599	HGSV_18093	541	462	0.301	0.301	0.301
1600	HGSV_10589	540	93	0.0	0.0	0.0
1601	HGSV_152154	540	423	0.279	0.279	0.279
1602	HGSV_17503	540	301	0.29	0.29	0.29
1603	HGSV_7395	540	432	0.297	0.297	0.297
1604	HGSV_9493	540	272	0.0	0.0	0.0
1605	HGSV_145415	539	437	0.272	0.272	0.272
1606	HGSV_151461	539	482	0.298	0.298	0.298
1607	HGSV_143616	538	195	0.0	0.0	0.0
1608	HGSV_149821	538	448	0.277	0.277	0.0
1609	HGSV_7605	538	401	0.243	0.243	0.243
1610	HGSV_9142	538	447	0.29	0.29	0.29
1611	HGSV_12821	537	205	0.001	0.001	0.001
1612	HGSV_155494	537	19	0.0	0.0	0.0
1613	HGSV_146006	536	446	0.237	0.237	0.237
1614	HGSV_147239	536	341	0.0	0.0	0.0
1615	HGSV_19322	535	246	0.936	0.936	0.0
1616	HGSV_144085	534	386	0.211	0.211	0.211
1617	HGSV_7351	534	454	0.282	0.282	0.282
1618	HGSV_149291	533	436	0.257	0.257	0.257
1619	HGSV_11690	532	153	0.078	0.078	0.078
1620	HGSV_14560	532	439	0.253	0.253	0.0
1621	HGSV_7062	532	470	0.336	0.336	0.336
1622	HGSV_8169	532	198	0.047	0.047	0.047
1623	HGSV_1140	531	359	0.227	0.227	0.227
1624	HGSV_14214	531	350	0.177	0.177	0.0
1625	HGSV_145903	531	155	0.0	0.0	0.0
1626	HGSV_19645	531	98	0.0	0.0	0.0
1627	HGSV_8928	531	425	0.398	0.398	0.398
1628	HGSV_11893	530	447	0.264	0.264	0.264
1629	HGSV_155150	530	414	0.0	0.0	0.0
1630	HGSV_158955	530	100	0.0	0.0	0.0
1631	HGSV_17937	530	411	0.226	0.226	0.226
1632	HGSV_150892	528	405	0.269	0.269	0.269
1633	HGSV_18284	528	413	1.0	1.0	0.0
1634	HGSV_8982	528	376	0.0	0.0	0.0
1635	HGSV_150487	527	431	0.256	0.256	0.256
1636	HGSV_1771	527	420	0.233	0.233	0.233
1637	HGSV_5536	527	411	0.213	0.213	0.213
1638	HGSV_649	527	110	0.0	0.0	0.0
1639	HGSV_154836	526	385	0.246	0.246	0.246
1640	HGSV_19285	526	423	0.258	0.258	0.258
1641	HGSV_128	525	407	0.044	0.0	0.0
1642	HGSV_156050	525	430	0.259	0.259	0.259
1643	HGSV_18476	525	441	0.278	0.278	0.278
1644	HGSV_6640	525	315	0.0	0.0	0.0
1645	HGSV_7289	525	451	0.307	0.307	0.0
1646	HGSV_8282	525	107	0.0	0.0	0.0
1647	HGSV_144805	524	407	0.239	0.239	0.239
1648	HGSV_153865	524	330	0.0	0.0	0.0
1649	HGSV_11470	523	409	0.0	0.0	0.0
1650	HGSV_3021	523	398	0.445	0.0	0.0
1651	HGSV_148265	522	445	0.271	0.271	0.271
1652	HGSV_154911	522	254	0.0	0.0	0.0
1653	HGSV_155327	522	18	0.749	0.0	0.0
1654	HGSV_147742	521	448	0.294	0.294	0.294
1655	HGSV_155149	520	405	0.0	0.0	0.0
1656	HGSV_148176	519	414	0.283	0.283	0.283
1657	HGSV_144154	518	438	0.235	0.235	0.235
1658	HGSV_15185	518	418	0.0	0.0	0.0
1659	HGSV_15369	518	453	0.295	0.295	0.0
1660	HGSV_154546	518	9	0.0	0.0	0.0
1661	HGSV_155099	518	202	0.868	0.983	0.0
1662	HGSV_17273	518	126	0.0	0.0	0.0
1663	HGSV_144352	517	355	0.196	0.196	0.196
1664	HGSV_154575	517	302	0.001	0.001	0.001
1665	HGSV_155449	517	19	0.636	0.636	0.0
1666	HGSV_6912	517	422	0.267	0.267	0.0
1667	HGSV_15	516	33	0.897	0.0	0.0
1668	HGSV_9227	516	91	0.0	0.0	0.0
1669	HGSV_154156	515	419	0.249	0.249	0.249
1670	HGSV_9627	515	387	0.214	0.214	0.214
1671	HGSV_149388	514	373	0.189	0.189	0.189
1672	HGSV_17424	514	116	0.039	0.0	0.0
1673	HGSV_7955	514	277	0.0	0.0	0.0
1674	HGSV_913	514	221	0.0	0.0	0.0
1675	HGSV_145153	512	439	0.301	0.301	0.301
1676	HGSV_5604	512	392	0.058	0.058	0.058
1677	HGSV_145849	511	299	0.014	0.014	0.0
1678	HGSV_146106	511	199	0.0	0.0	0.0
1679	HGSV_157159	511	422	0.315	0.315	0.315
1680	HGSV_11471	509	410	0.217	0.217	0.217
1681	HGSV_9582	509	214	0.001	0.001	0.001
1682	HGSV_14260	508	419	0.258	0.258	0.258
1683	HGSV_150511	508	378	0.247	0.247	0.0
1684	HGSV_18062	508	428	0.233	0.233	0.233
1685	HGSV_12817	507	264	0.0	0.0	0.0
1686	HGSV_15339	507	44	0.0	0.0	0.0
1687	HGSV_2123	507	405	0.209	0.209	0.209
1688	HGSV_838	505	439	0.263	0.263	0.263
1689	HGSV_9532	505	436	0.323	0.323	0.323
1690	HGSV_148214	504	381	0.168	0.168	0.168
1691	HGSV_14679	503	422	0.31	0.31	0.31
1692	HGSV_153986	503	400	0.261	0.261	0.0
1693	HGSV_155273	502	14	0.0	0.0	0.0
1694	HGSV_18032	502	434	0.251	0.251	0.251
1695	HGSV_6065	502	396	0.269	0.269	0.269
1696	HGSV_7954	501	345	0.18	0.18	0.18
1697	HGSV_11926	500	71	0.0	0.0	0.0
1698	HGSV_154502	500	417	0.245	0.245	0.245
1699	HGSV_14608	499	428	0.237	0.237	0.237
1700	HGSV_152773	499	388	0.227	0.227	0.227
1701	HGSV_17284	499	388	0.235	0.235	0.235
1702	HGSV_11519	498	372	0.0	0.0	0.0
1703	HGSV_150094	498	385	0.225	0.225	0.225
1704	HGSV_18437	498	70	0.0	0.0	0.0
1705	HGSV_6049	498	368	0.215	0.215	0.215
1706	HGSV_145349	497	431	0.276	0.276	0.276
1707	HGSV_15452	497	193	0.0	0.0	0.0
1708	HGSV_1822	497	433	0.25	0.25	0.25
1709	HGSV_12923	496	432	0.271	0.0	0.0
1710	HGSV_15415	496	54	0.0	0.0	0.0
1711	HGSV_17647	496	399	0.225	0.225	0.225
1712	HGSV_148398	495	397	0.304	0.304	0.304
1713	HGSV_17720	494	262	0.0	0.0	0.0
1714	HGSV_823	494	393	0.0	0.0	0.0
1715	HGSV_11208	493	171	0.0	0.0	0.0
1716	HGSV_14647	493	378	0.275	0.275	0.275
1717	HGSV_152462	493	430	0.235	0.235	0.0
1718	HGSV_2563	493	413	0.204	0.204	0.0
1719	HGSV_7021	493	410	0.247	0.247	0.247
1720	HGSV_11502	492	300	0.178	0.178	0.178
1721	HGSV_148211	492	82	0.0	0.0	0.0
1722	HGSV_145575	491	50	0.0	0.0	0.0
1723	HGSV_151409	491	416	0.0	0.0	0.0
1724	HGSV_154485	491	383	0.229	0.229	0.229
1725	HGSV_1447	490	394	0.272	0.272	0.272
1726	HGSV_147735	490	314	0.153	0.153	0.153
1727	HGSV_15509	490	36	0.0	0.0	0.0
1728	HGSV_2173	490	377	0.252	0.252	0.252
1729	HGSV_143877	489	388	0.0	0.0	0.0
1730	HGSV_150178	489	392	0.262	0.262	0.262
1731	HGSV_19129	489	140	0.0	0.0	0.0
1732	HGSV_14542	488	102	0.0	0.0	0.0
1733	HGSV_5475	487	66	0.001	0.0	0.0
1734	HGSV_7363	487	403	0.263	0.263	0.263
1735	HGSV_13249	485	252	0.979	0.979	0.979
1736	HGSV_150942	485	375	0.409	0.0	0.0
1737	HGSV_154912	485	317	0.0	0.0	0.0
1738	HGSV_155445	485	61	0.001	0.0	0.0
1739	HGSV_148295	484	343	0.201	0.201	0.201
1740	HGSV_16596	484	84	0.0	0.0	0.0
1741	HGSV_103	483	103	0.0	0.0	0.0
1742	HGSV_12723	483	78	0.0	0.0	0.0
1743	HGSV_154962	483	258	0.107	0.0	0.0
1744	HGSV_19644	483	26	0.0	0.0	0.0
1745	HGSV_9506	483	388	0.253	0.253	0.253
1746	HGSV_10160	482	408	0.0	0.0	0.0
1747	HGSV_151465	482	74	0.0	0.0	0.0
1748	HGSV_2254	482	383	0.0	0.0	0.0
1749	HGSV_147197	481	35	0.0	0.0	0.0
1750	HGSV_1510	481	98	0.0	0.0	0.0
1751	HGSV_154642	480	382	0.198	0.198	0.198
1752	HGSV_15603	480	325	0.173	0.173	0.0
1753	HGSV_156849	480	397	0.213	0.213	0.213
1754	HGSV_153215	479	180	0.0	0.0	0.0
1755	HGSV_5334	479	156	0.0	0.0	0.0
1756	HGSV_7945	479	264	0.0	0.0	0.0
1757	HGSV_8091	479	390	0.231	0.231	0.231
1758	HGSV_8741	479	407	0.0	0.0	0.0
1759	HGSV_13804	478	423	0.297	0.297	0.297
1760	HGSV_146151	478	401	0.284	0.0	0.0
1761	HGSV_144288	477	355	0.219	0.219	0.219
1762	HGSV_145496	477	61	0.0	0.0	0.0
1763	HGSV_17171	477	404	0.259	0.259	0.259
1764	HGSV_155282	476	158	0.0	0.0	0.0
1765	HGSV_157091	476	156	0.0	0.0	0.0
1766	HGSV_16731	476	77	0.0	0.0	0.0
1767	HGSV_18454	476	3	0.0	0.0	0.0
1768	HGSV_5402	475	281	0.24	0.0	0.0
1769	HGSV_143776	474	182	0.0	0.0	0.0
1770	HGSV_151323	474	419	0.249	0.249	0.249
1771	HGSV_7589	474	115	0.0	0.0	0.0
1772	HGSV_10741	473	123	0.0	0.0	0.0
1773	HGSV_143465	473	164	0.059	0.0	0.0
1774	HGSV_149987	473	321	0.795	0.795	0.795
1775	HGSV_2557	473	142	0.001	0.001	0.001
1776	HGSV_149145	472	102	0.892	0.0	0.0
1777	HGSV_152725	472	328	0.227	0.227	0.227
1778	HGSV_156569	472	349	0.247	0.247	0.247
1779	HGSV_11457	471	71	0.0	0.0	0.0
1780	HGSV_13760	470	378	0.239	0.239	0.239
1781	HGSV_145317	470	384	0.226	0.0	0.0
1782	HGSV_15433	470	68	0.0	0.0	0.0
1783	HGSV_155154	470	300	0.001	0.001	0.001
1784	HGSV_157611	470	112	0.0	0.0	0.0
1785	HGSV_11488	469	197	0.0	0.0	0.0
1786	HGSV_9799	469	414	0.316	0.316	0.316
1787	HGSV_154920	468	96	0.0	0.0	0.0
1788	HGSV_3803	468	295	0.0	0.0	0.0
1789	HGSV_5035	468	76	1.0	1.0	1.0
1790	HGSV_9417	468	334	0.211	0.211	0.211
1791	HGSV_147285	467	12	0.0	0.0	0.0
1792	HGSV_157425	467	392	0.223	0.223	0.0
1793	HGSV_17832	467	363	0.248	0.248	0.248
1794	HGSV_2105	467	372	0.176	0.0	0.0
1795	HGSV_6407	467	371	0.217	0.217	0.217
1796	HGSV_7236	467	394	0.225	0.225	0.225
1797	HGSV_9252	467	75	0.0	0.0	0.0
1798	HGSV_143470	466	324	0.003	0.003	0.0
1799	HGSV_154570	466	366	0.0	0.0	0.0
1800	HGSV_2293	466	50	0.0	0.0	0.0
1801	HGSV_153380	465	383	0.263	0.263	0.263
1802	HGSV_5283	465	342	0.0	0.0	0.0
1803	HGSV_5592	465	378	0.238	0.238	0.0
1804	HGSV_10389	464	366	0.189	0.189	0.189
1805	HGSV_10909	464	111	0.0	0.0	0.0
1806	HGSV_144783	464	7	0.0	0.0	0.0
1807	HGSV_149894	464	312	0.161	0.161	0.161
1808	HGSV_147414	463	73	0.001	0.001	0.001
1809	HGSV_17347	463	371	0.197	0.197	0.197
1810	HGSV_19400	463	345	0.0	0.0	0.0
1811	HGSV_10829	462	40	0.0	0.0	0.0
1812	HGSV_143530	462	261	0.055	0.0	0.0
1813	HGSV_147206	462	86	0.0	0.0	0.0
1814	HGSV_154059	462	216	0.041	0.0	0.0
1815	HGSV_12376	461	373	0.218	0.218	0.218
1816	HGSV_154571	461	366	0.211	0.211	0.0
1817	HGSV_154741	461	303	0.0	0.0	0.0
1818	HGSV_433	461	302	0.0	0.0	0.0
1819	HGSV_139	460	352	0.226	0.226	0.226
1820	HGSV_148477	460	255	0.13	0.13	0.13
1821	HGSV_3698	460	399	0.267	0.267	0.267
1822	HGSV_10357	459	368	0.221	0.221	0.0
1823	HGSV_10596	459	180	0.0	0.0	0.0
1824	HGSV_18043	458	81	0.0	0.0	0.0
1825	HGSV_157319	457	187	0.0	0.0	0.0
1826	HGSV_12803	456	351	0.214	0.214	0.214
1827	HGSV_145848	456	320	0.197	0.197	0.197
1828	HGSV_152001	456	402	0.215	0.0	0.0
1829	HGSV_146838	455	287	0.003	0.003	0.0
1830	HGSV_17721	455	322	0.227	0.227	0.227
1831	HGSV_47	455	99	0.0	0.0	0.0
1832	HGSV_158158	454	347	0.184	0.184	0.184
1833	HGSV_5284	454	350	0.187	0.187	0.187
1834	HGSV_16674	453	329	0.215	0.215	0.215
1835	HGSV_2643	453	65	0.0	0.0	0.0
1836	HGSV_9895	453	58	0.0	0.0	0.0
1837	HGSV_154236	452	329	0.0	0.0	0.0
1838	HGSV_143617	451	198	0.272	0.272	0.0
1839	HGSV_143779	451	180	0.0	0.0	0.0
1840	HGSV_1541	451	65	0.0	0.0	0.0
1841	HGSV_157614	451	70	0.0	0.0	0.0
1842	HGSV_16463	451	376	0.222	0.222	0.222
1843	HGSV_1962	451	249	0.0	0.0	0.0
1844	HGSV_6639	451	281	0.001	0.001	0.001
1845	HGSV_6653	451	11	0.905	0.905	0.0
1846	HGSV_10720	450	155	0.0	0.0	0.0
1847	HGSV_13581	450	58	0.0	0.0	0.0
1848	HGSV_16459	450	321	0.0	0.0	0.0
1849	HGSV_132	449	238	0.001	0.001	0.001
1850	HGSV_146195	449	345	0.21	0.21	0.21
1851	HGSV_146442	449	398	0.224	0.224	0.224
1852	HGSV_155123	449	230	0.0	0.0	0.0
1853	HGSV_156361	449	223	0.248	0.248	0.0
1854	HGSV_157487	449	353	0.252	0.252	0.252
1855	HGSV_149404	448	66	0.0	0.0	0.0
1856	HGSV_150738	448	379	0.257	0.0	0.0
1857	HGSV_152205	448	284	0.168	0.168	0.168
1858	HGSV_154077	448	115	0.0	0.0	0.0
1859	HGSV_19401	448	349	0.194	0.0	0.0
1860	HGSV_4620	448	375	0.238	0.238	0.238
1861	HGSV_15262	447	315	0.222	0.222	0.222
1862	HGSV_6820	447	378	0.219	0.219	0.219
1863	HGSV_7942	447	312	0.219	0.219	0.0
1864	HGSV_152617	446	372	0.237	0.237	0.237
1865	HGSV_155402	446	100	0.0	0.0	0.0
1866	HGSV_158459	446	382	0.241	0.241	0.241
1867	HGSV_7729	446	313	0.18	0.18	0.18
1868	HGSV_14170	445	329	0.2	0.2	0.2
1869	HGSV_147824	445	318	0.131	0.0	0.0
1870	HGSV_5137	445	306	0.197	0.197	0.197
1871	HGSV_153421	444	316	0.16	0.16	0.16
1872	HGSV_154085	444	324	0.35	0.35	0.35
1873	HGSV_6789	444	288	0.245	0.245	0.0
1874	HGSV_12972	443	339	0.161	0.161	0.161
1875	HGSV_151887	443	350	0.242	0.242	0.0
1876	HGSV_11181	442	116	0.0	0.0	0.0
1877	HGSV_13025	442	373	0.282	0.282	0.282
1878	HGSV_144126	442	205	0.0	0.0	0.0
1879	HGSV_144993	442	373	0.193	0.193	0.193
1880	HGSV_146837	442	285	0.0	0.0	0.0
1881	HGSV_15689	442	258	0.282	0.282	0.0
1882	HGSV_2283	442	68	0.019	0.019	0.0
1883	HGSV_4313	442	278	0.204	0.204	0.204
1884	HGSV_7221	442	57	0.0	0.0	0.0
1885	HGSV_8566	442	71	0.011	0.011	0.011
1886	HGSV_143858	441	97	0.0	0.0	0.0
1887	HGSV_154574	441	346	0.196	0.196	0.196
1888	HGSV_16358	441	29	0.007	0.007	0.0
1889	HGSV_5140	441	312	0.197	0.197	0.197
1890	HGSV_5434	441	59	0.0	0.0	0.0
1891	HGSV_143753	440	378	0.245	0.245	0.245
1892	HGSV_145246	440	195	0.0	0.0	0.0
1893	HGSV_148429	440	59	0.0	0.0	0.0
1894	HGSV_153019	440	325	0.0	0.0	0.0
1895	HGSV_155603	440	306	0.0	0.0	0.0
1896	HGSV_13248	439	111	0.979	0.979	0.0
1897	HGSV_144849	439	53	0.0	0.0	0.0
1898	HGSV_145248	439	239	0.0	0.0	0.0
1899	HGSV_148420	439	369	0.222	0.222	0.222
1900	HGSV_153020	439	326	0.193	0.193	0.193
1901	HGSV_17343	438	369	0.193	0.193	0.193
1902	HGSV_17835	438	56	0.0	0.0	0.0
1903	HGSV_19538	438	3	0.0	0.0	0.0
1904	HGSV_12816	437	283	0.17	0.17	0.0
1905	HGSV_13230	437	66	0.0	0.0	0.0
1906	HGSV_145937	437	333	0.198	0.198	0.198
1907	HGSV_146322	437	45	0.0	0.0	0.0
1908	HGSV_149134	437	306	0.251	0.251	0.0
1909	HGSV_153374	437	64	0.0	0.0	0.0
1910	HGSV_145478	436	378	0.263	0.263	0.263
1911	HGSV_151033	436	357	0.22	0.22	0.22
1912	HGSV_16820	436	67	0.0	0.0	0.0
1913	HGSV_4336	436	51	0.0	0.0	0.0
1914	HGSV_156039	435	387	0.0	0.0	0.0
1915	HGSV_16668	435	345	0.196	0.196	0.196
1916	HGSV_17345	435	374	0.194	0.194	0.194
1917	HGSV_19653	435	283	0.0	0.0	0.0
1918	HGSV_13670	434	63	0.001	0.001	0.001
1919	HGSV_13833	434	58	0.0	0.0	0.0
1920	HGSV_147292	434	48	0.0	0.0	0.0
1921	HGSV_147528	434	271	0.0	0.0	0.0
1922	HGSV_15059	434	65	0.0	0.0	0.0
1923	HGSV_15220	434	330	0.26	0.26	0.26
1924	HGSV_144981	433	358	0.201	0.201	0.0
1925	HGSV_149339	433	344	0.197	0.197	0.197
1926	HGSV_15991	433	367	0.243	0.243	0.243
1927	HGSV_3781	433	54	0.327	0.327	0.0
1928	HGSV_12327	432	328	0.187	0.0	0.0
1929	HGSV_156957	432	29	0.975	0.975	0.0
1930	HGSV_16918	432	103	0.0	0.0	0.0
1931	HGSV_3599	432	285	0.0	0.0	0.0
1932	HGSV_146211	431	56	0.003	0.003	0.0
1933	HGSV_12932	430	356	0.213	0.213	0.213
1934	HGSV_14598	430	350	0.242	0.242	0.242
1935	HGSV_15649	430	205	0.613	0.613	0.0
1936	HGSV_16184	430	207	0.001	0.001	0.001
1937	HGSV_19643	430	105	0.07	0.07	0.07
1938	HGSV_146251	429	162	0.003	0.003	0.003
1939	HGSV_153762	429	351	0.198	0.198	0.198
1940	HGSV_158921	429	57	0.0	0.0	0.0
1941	HGSV_16299	429	365	0.192	0.192	0.192
1942	HGSV_6957	429	330	0.177	0.177	0.177
1943	HGSV_149132	428	379	0.231	0.231	0.231
1944	HGSV_18851	428	34	0.998	0.0	0.0
1945	HGSV_7569	428	224	0.0	0.0	0.0
1946	HGSV_11505	427	117	0.0	0.0	0.0
1947	HGSV_154395	427	3	0.958	0.958	0.0
1948	HGSV_154881	427	116	0.058	0.058	0.058
1949	HGSV_155365	427	53	0.003	0.0	0.0
1950	HGSV_17259	427	45	0.0	0.0	0.0
1951	HGSV_4108	427	326	0.191	0.0	0.0
1952	HGSV_153502	426	61	0.0	0.0	0.0
1953	HGSV_154890	426	333	0.256	0.256	0.0
1954	HGSV_17387	426	58	0.0	0.0	0.0
1955	HGSV_434	426	307	0.077	0.077	0.077
1956	HGSV_6567	426	331	0.204	0.204	0.0
1957	HGSV_7669	426	51	0.0	0.0	0.0
1958	HGSV_154519	425	261	0.226	0.226	0.0
1959	HGSV_9194	425	355	0.0	0.0	0.0
1960	HGSV_146299	424	365	0.242	0.242	0.242
1961	HGSV_151840	424	330	0.197	0.197	0.197
1962	HGSV_155601	424	295	0.169	0.169	0.169
1963	HGSV_19648	424	12	0.001	0.001	0.0
1964	HGSV_15821	423	372	0.235	0.235	0.235
1965	HGSV_12470	422	54	0.0	0.0	0.0
1966	HGSV_14439	422	7	0.001	0.001	0.001
1967	HGSV_153137	422	359	0.246	0.246	0.246
1968	HGSV_6566	422	47	0.001	0.001	0.001
1969	HGSV_10387	421	328	0.187	0.187	0.187
1970	HGSV_13395	421	218	0.0	0.0	0.0
1971	HGSV_155899	421	74	0.0	0.0	0.0
1972	HGSV_158751	421	310	0.191	0.191	0.191
1973	HGSV_16110	421	243	0.0	0.0	0.0
1974	HGSV_1856	421	108	1.0	1.0	0.0
1975	HGSV_3802	421	129	0.0	0.0	0.0
1976	HGSV_9172	421	126	0.0	0.0	0.0
1977	HGSV_1	420	72	0.0	0.0	0.0
1978	HGSV_147676	420	113	0.0	0.0	0.0
1979	HGSV_15740	420	53	0.0	0.0	0.0
1980	HGSV_18657	420	333	0.223	0.223	0.223
1981	HGSV_5889	420	55	0.0	0.0	0.0
1982	HGSV_5890	420	51	0.0	0.0	0.0
1983	HGSV_143683	419	16	0.0	0.0	0.0
1984	HGSV_150405	419	68	0.003	0.003	0.003
1985	HGSV_154708	419	344	0.234	0.0	0.0
1986	HGSV_6332	419	349	0.2	0.2	0.2
1987	HGSV_6418	419	325	0.0	0.0	0.0
1988	HGSV_146589	418	343	0.209	0.209	0.209
1989	HGSV_147929	418	275	0.166	0.166	0.166
1990	HGSV_148778	418	327	0.2	0.2	0.2
1991	HGSV_8985	418	320	0.289	0.289	0.289
1992	HGSV_9779	418	20	0.0	0.0	0.0
1993	HGSV_10836	417	64	0.0	0.0	0.0
1994	HGSV_1334	417	21	0.0	0.0	0.0
1995	HGSV_143691	417	300	0.223	0.223	0.223
1996	HGSV_146719	417	355	0.205	0.205	0.0
1997	HGSV_151652	417	332	0.0	0.0	0.0
1998	HGSV_17752	417	11	0.0	0.0	0.0
1999	HGSV_18614	417	355	0.247	0.247	0.0
2000	HGSV_404	417	277	0.17	0.0	0.0
2001	HGSV_4769	417	53	0.0	0.0	0.0
2002	HGSV_145341	416	41	0.0	0.0	0.0
2003	HGSV_156027	416	266	0.159	0.159	0.159
2004	HGSV_3097	416	41	0.001	0.001	0.001
2005	HGSV_143682	415	28	0.001	0.001	0.001
2006	HGSV_146913	415	297	0.166	0.166	0.166
2007	HGSV_148720	414	300	0.167	0.167	0.167
2008	HGSV_149219	414	273	0.155	0.155	0.155
2009	HGSV_151208	413	326	0.213	0.213	0.0
2010	HGSV_155749	413	184	0.0	0.0	0.0
2011	HGSV_158279	413	22	0.0	0.0	0.0
2012	HGSV_9154	413	359	0.221	0.221	0.221
2013	HGSV_150546	412	337	0.235	0.235	0.0
2014	HGSV_16944	412	44	0.0	0.0	0.0
2015	HGSV_435	412	18	0.0	0.0	0.0
2016	HGSV_7860	412	323	0.228	0.228	0.228
2017	HGSV_13503	411	44	0.0	0.0	0.0
2018	HGSV_146244	411	148	0.0	0.0	0.0
2019	HGSV_18909	411	48	0.0	0.0	0.0
2020	HGSV_2320	411	22	0.0	0.0	0.0
2021	HGSV_10927	410	341	0.218	0.218	0.218
2022	HGSV_17189	410	46	0.0	0.0	0.0
2023	HGSV_3068	410	344	0.179	0.179	0.0
2024	HGSV_4312	410	258	0.0	0.0	0.0
2025	HGSV_1513	409	163	0.0	0.0	0.0
2026	HGSV_7415	409	336	0.227	0.227	0.227
2027	HGSV_14741	408	108	0.0	0.0	0.0
2028	HGSV_158792	408	311	0.205	0.205	0.205
2029	HGSV_4462	408	307	0.0	0.0	0.0
2030	HGSV_4464	408	308	0.194	0.194	0.194
2031	HGSV_5534	408	282	0.195	0.195	0.0
2032	HGSV_6988	408	329	0.226	0.226	0.226
2033	HGSV_148970	407	50	0.0	0.0	0.0
2034	HGSV_150485	406	47	0.0	0.0	0.0
2035	HGSV_403	406	277	0.0	0.0	0.0
2036	HGSV_857	406	77	0.0	0.0	0.0
2037	HGSV_10683	405	32	0.0	0.0	0.0
2038	HGSV_11142	405	47	0.0	0.0	0.0
2039	HGSV_14856	405	267	0.147	0.147	0.0
2040	HGSV_151557	405	337	0.171	0.171	0.0
2041	HGSV_152375	405	42	0.0	0.0	0.0
2042	HGSV_156185	405	302	0.16	0.16	0.16
2043	HGSV_19179	405	257	0.0	0.0	0.0
2044	HGSV_1497	404	71	0.0	0.0	0.0
2045	HGSV_152014	404	323	0.185	0.185	0.185
2046	HGSV_153156	404	47	0.0	0.0	0.0
2047	HGSV_156543	404	257	0.147	0.147	0.147
2048	HGSV_788	404	40	0.0	0.0	0.0
2049	HGSV_8359	404	297	0.163	0.163	0.163
2050	HGSV_143760	403	211	0.348	0.561	0.561
2051	HGSV_145391	403	6	0.0	0.0	0.0
2052	HGSV_148470	403	265	0.174	0.174	0.174
2053	HGSV_14902	403	45	0.001	0.001	0.001
2054	HGSV_150766	403	257	0.0	0.0	0.0
2055	HGSV_9614	403	43	0.0	0.0	0.0
2056	HGSV_146634	402	334	0.0	0.0	0.0
2057	HGSV_15518	402	260	0.121	0.0	0.0
2058	HGSV_155528	402	130	0.0	0.0	0.0
2059	HGSV_6920	402	317	0.195	0.195	0.0
2060	HGSV_158491	401	299	0.175	0.175	0.175
2061	HGSV_4528	401	49	0.0	0.0	0.0
2062	HGSV_145797	400	182	0.001	0.001	0.001
2063	HGSV_18664	400	32	0.009	0.009	0.009
2064	HGSV_146254	399	329	0.175	0.175	0.175
2065	HGSV_155426	399	45	0.001	0.001	0.0
2066	HGSV_15963	399	40	0.0	0.0	0.0
2067	HGSV_16726	399	343	0.183	0.183	0.183
2068	HGSV_6810	399	56	0.001	0.001	0.001
2069	HGSV_6977	399	309	0.0	0.0	0.0
2070	HGSV_11261	398	284	0.181	0.181	0.0
2071	HGSV_143532	398	201	0.0	0.0	0.0
2072	HGSV_143678	398	193	0.0	0.0	0.0
2073	HGSV_147662	398	57	0.0	0.0	0.0
2074	HGSV_10620	397	171	0.013	0.013	0.013
2075	HGSV_13485	397	68	0.0	0.0	0.0
2076	HGSV_154126	397	12	0.0	0.0	0.0
2077	HGSV_15434	397	51	0.032	0.0	0.0
2078	HGSV_16072	397	320	0.159	0.159	0.159
2079	HGSV_241	397	336	0.205	0.205	0.205
2080	HGSV_10649	396	19	0.0	0.0	0.0
2081	HGSV_14440	396	253	0.0	0.0	0.0
2082	HGSV_145607	396	322	0.214	0.214	0.214
2083	HGSV_146154	394	234	0.148	0.148	0.148
2084	HGSV_146490	394	331	0.203	0.203	0.203
2085	HGSV_14892	394	329	0.23	0.23	0.0
2086	HGSV_17447	394	125	0.0	0.0	0.0
2087	HGSV_3588	394	236	0.11	0.11	0.11
2088	HGSV_12834	393	340	0.0	0.0	0.0
2089	HGSV_146	393	276	0.156	0.156	0.156
2090	HGSV_16223	393	234	0.0	0.0	0.0
2091	HGSV_391	393	188	0.0	0.0	0.0
2092	HGSV_6800	393	314	0.255	0.255	0.255
2093	HGSV_7056	393	308	0.142	0.0	0.0
2094	HGSV_13221	392	233	0.106	0.106	0.106
2095	HGSV_154560	392	298	0.165	0.165	0.165
2096	HGSV_16139	392	264	0.146	0.146	0.146
2097	HGSV_3195	392	142	0.0	0.0	0.0
2098	HGSV_3211	392	18	0.0	0.0	0.0
2099	HGSV_519	392	163	0.0	0.0	0.0
2100	HGSV_52	392	76	0.0	0.0	0.0
2101	HGSV_156031	391	286	0.0	0.0	0.0
2102	HGSV_9177	391	286	0.19	0.19	0.19
2103	HGSV_12855	390	289	0.979	0.0	0.0
2104	HGSV_145997	390	33	0.001	0.001	0.001
2105	HGSV_157689	390	305	0.161	0.161	0.161
2106	HGSV_2555	390	33	0.001	0.001	0.0
2107	HGSV_6547	390	278	0.177	0.177	0.177
2108	HGSV_9590	390	3	0.0	0.0	0.0
2109	HGSV_11670	389	302	0.171	0.171	0.0
2110	HGSV_147521	389	93	0.0	0.0	0.0
2111	HGSV_153702	389	291	0.208	0.208	0.208
2112	HGSV_155479	389	283	0.22	0.22	0.0
2113	HGSV_17184	389	9	0.0	0.0	0.0
2114	HGSV_12075	388	48	0.0	0.0	0.0
2115	HGSV_143506	388	156	0.0	0.0	0.0
2116	HGSV_145331	388	321	0.206	0.206	0.0
2117	HGSV_6272	388	298	0.0	0.0	0.0
2118	HGSV_159097	387	326	0.191	0.191	0.191
2119	HGSV_342	387	82	0.006	0.006	0.006
2120	HGSV_4413	387	331	0.21	0.21	0.21
2121	HGSV_8287	387	255	0.149	0.149	0.0
2122	HGSV_13836	386	58	0.0	0.0	0.0
2123	HGSV_154945	386	49	0.003	0.003	0.003
2124	HGSV_158780	386	259	0.16	0.16	0.16
2125	HGSV_17423	386	277	0.901	0.0	0.0
2126	HGSV_2588	386	245	0.125	0.125	0.125
2127	HGSV_5607	386	308	0.17	0.17	0.17
2128	HGSV_8865	386	288	0.148	0.148	0.148
2129	HGSV_11262	385	279	0.059	0.059	0.059
2130	HGSV_150668	385	260	0.15	0.15	0.15
2131	HGSV_156363	385	276	0.167	0.0	0.0
2132	HGSV_16923	385	73	0.0	0.0	0.0
2133	HGSV_465	385	115	0.0	0.0	0.0
2134	HGSV_144041	384	330	0.001	0.0	0.0
2135	HGSV_146253	384	240	0.0	0.0	0.0
2136	HGSV_11128	383	83	0.994	0.994	0.0
2137	HGSV_144040	383	330	0.185	0.185	0.0
2138	HGSV_149521	383	193	0.232	0.232	0.0
2139	HGSV_156175	383	320	0.0	0.0	0.0
2140	HGSV_4129	383	292	0.177	0.177	0.177
2141	HGSV_147823	382	128	0.013	0.0	0.0
2142	HGSV_151572	382	222	0.114	0.114	0.114
2143	HGSV_1523	382	88	0.0	0.0	0.0
2144	HGSV_17448	382	127	0.084	0.084	0.0
2145	HGSV_877	382	248	0.169	0.169	0.169
2146	HGSV_12168	381	37	0.0	0.0	0.0
2147	HGSV_153745	381	3	0.0	0.0	0.0
2148	HGSV_147098	380	140	0.0	0.0	0.0
2149	HGSV_151427	380	32	0.0	0.0	0.0
2150	HGSV_3562	380	153	0.197	0.0	0.0
2151	HGSV_8219	380	327	0.0	0.0	0.0
2152	HGSV_10031	379	285	0.0	0.0	0.0
2153	HGSV_144361	379	53	0.0	0.0	0.0
2154	HGSV_149065	379	260	0.136	0.136	0.136
2155	HGSV_152928	379	280	0.188	0.188	0.188
2156	HGSV_155959	379	318	0.196	0.196	0.196
2157	HGSV_156265	379	10	0.0	0.0	0.0
2158	HGSV_158358	379	316	0.18	0.18	0.18
2159	HGSV_114	378	105	0.002	0.002	0.0
2160	HGSV_14377	377	43	0.001	0.001	0.001
2161	HGSV_144304	377	149	0.1	0.1	0.0
2162	HGSV_146240	377	272	0.221	0.221	0.0
2163	HGSV_151950	377	316	0.183	0.183	0.183
2164	HGSV_9803	377	320	0.187	0.187	0.187
2165	HGSV_151328	376	299	0.0	0.0	0.0
2166	HGSV_156264	376	10	0.0	0.0	0.0
2167	HGSV_2009	376	281	0.001	0.0	0.0
2168	HGSV_144100	374	63	0.0	0.0	0.0
2169	HGSV_152591	374	242	0.0	0.125	0.0
2170	HGSV_3864	374	9	0.742	0.0	0.0
2171	HGSV_155653	373	287	0.0	0.0	0.0
2172	HGSV_445	373	30	0.0	0.0	0.0
2173	HGSV_5297	373	37	0.0	0.0	0.0
2174	HGSV_11753	372	229	0.182	0.182	0.182
2175	HGSV_142	372	246	0.135	0.135	0.0
2176	HGSV_148727	372	263	0.15	0.15	0.15
2177	HGSV_159033	372	294	0.192	0.192	0.192
2178	HGSV_147096	371	148	0.034	0.02	0.02
2179	HGSV_154530	371	23	0.001	0.001	0.001
2180	HGSV_15476	371	135	0.0	0.0	0.0
2181	HGSV_876	371	135	0.0	0.0	0.0
2182	HGSV_147278	370	4	0.0	0.0	0.0
2183	HGSV_147699	369	248	0.139	0.139	0.0
2184	HGSV_151277	369	146	0.0	0.0	0.0
2185	HGSV_16920	369	249	0.145	0.145	0.145
2186	HGSV_3853	369	317	0.21	0.0	0.0
2187	HGSV_7282	369	60	0.0	0.0	0.0
2188	HGSV_149051	368	312	0.0	0.0	0.0
2189	HGSV_150767	368	280	0.15	0.15	0.15
2190	HGSV_622	368	19	0.0	0.0	0.0
2191	HGSV_1043	367	18	0.0	0.0	0.0
2192	HGSV_11063	367	123	0.0	0.0	0.0
2193	HGSV_12026	367	187	0.096	0.096	0.096
2194	HGSV_13782	367	309	0.0	0.0	0.0
2195	HGSV_154529	366	5	0.834	0.834	0.834
2196	HGSV_16183	366	95	0.0	0.0	0.0
2197	HGSV_19275	366	286	0.154	0.154	0.154
2198	HGSV_144053	365	95	0.0	0.0	0.0
2199	HGSV_152317	365	240	0.144	0.144	0.144
2200	HGSV_157171	365	270	0.163	0.163	0.0
2201	HGSV_15798	365	9	0.0	0.0	0.0
2202	HGSV_17758	365	191	0.0	0.0	0.0
2203	HGSV_6116	365	290	0.17	0.17	0.17
2204	HGSV_10991	364	256	0.138	0.138	0.0
2205	HGSV_1259	364	34	0.0	0.0	0.0
2206	HGSV_2700	364	201	0.143	0.143	0.0
2207	HGSV_5605	364	235	0.168	0.168	0.0
2208	HGSV_10554	363	9	0.0	0.0	0.0
2209	HGSV_154178	363	74	0.686	0.686	0.686
2210	HGSV_154647	363	284	0.189	0.189	0.0
2211	HGSV_4366	363	306	0.179	0.179	0.179
2212	HGSV_5433	363	119	1.0	0.0	0.0
2213	HGSV_10322	362	231	0.141	0.141	0.141
2214	HGSV_154820	362	293	0.198	0.0	0.0
2215	HGSV_155193	362	297	0.0	0.0	0.0
2216	HGSV_6097	362	1	0.0	0.0	0.0
2217	HGSV_874	362	129	0.005	0.005	0.005
2218	HGSV_143967	361	127	0.001	0.001	0.001
2219	HGSV_146245	361	260	0.145	0.0	0.0
2220	HGSV_146715	361	259	0.0	0.0	0.0
2221	HGSV_15208	361	217	0.101	0.101	0.101
2222	HGSV_14304	360	289	0.0	0.0	0.0
2223	HGSV_152337	360	39	0.0	0.0	0.0
2224	HGSV_149385	359	89	0.0	0.0	0.0
2225	HGSV_7317	359	219	0.0	0.0	0.0
2226	HGSV_9232	359	302	0.198	0.198	0.198
2227	HGSV_11093	358	17	0.0	0.0	0.0
2228	HGSV_145278	358	189	0.091	0.0	0.0
2229	HGSV_147025	358	75	0.0	0.0	0.0
2230	HGSV_147248	358	14	0.0	0.0	0.0
2231	HGSV_18663	358	198	0.189	0.189	0.0
2232	HGSV_13552	357	147	0.091	0.091	0.091
2233	HGSV_2615	357	217	0.124	0.124	0.124
2234	HGSV_3103	357	246	0.0	0.0	0.0
2235	HGSV_330	357	127	0.0	0.0	0.0
2236	HGSV_145029	356	51	0.0	0.0	0.0
2237	HGSV_152592	356	243	0.125	0.0	0.0
2238	HGSV_153071	356	303	0.193	0.0	0.0
2239	HGSV_154819	356	286	0.0	0.0	0.0
2240	HGSV_156234	356	239	0.133	0.133	0.133
2241	HGSV_16714	356	87	0.245	0.245	0.0
2242	HGSV_11637	355	257	0.196	0.196	0.0
2243	HGSV_12132	355	31	0.001	0.0	0.0
2244	HGSV_12829	355	308	0.158	0.158	0.158
2245	HGSV_144209	355	11	0.0	0.0	0.0
2246	HGSV_154195	355	15	0.0	0.0	0.0
2247	HGSV_155455	355	42	0.0	0.0	0.0
2248	HGSV_155969	355	54	0.0	0.0	0.0
2249	HGSV_16185	355	278	0.143	0.143	0.143
2250	HGSV_8061	355	282	1.0	1.0	1.0
2251	HGSV_10837	354	54	0.0	0.0	0.0
2252	HGSV_155748	354	138	0.0	0.0	0.0
2253	HGSV_2507	354	311	0.168	0.168	0.168
2254	HGSV_7319	354	220	0.133	0.133	0.133
2255	HGSV_155065	353	156	0.014	0.014	0.014
2256	HGSV_2776	353	201	0.115	0.115	0.115
2257	HGSV_149993	352	215	0.112	0.112	0.112
2258	HGSV_155729	352	292	0.183	0.183	0.183
2259	HGSV_19573	352	58	0.0	0.0	0.0
2260	HGSV_8124	352	150	0.114	0.114	0.114
2261	HGSV_9692	352	15	0.252	0.252	0.0
2262	HGSV_988	352	155	0.013	0.013	0.013
2263	HGSV_149744	351	289	0.207	0.0	0.0
2264	HGSV_15216	351	293	0.0	0.0	0.0
2265	HGSV_155884	351	41	0.0	0.0	0.0
2266	HGSV_156178	351	269	0.196	0.0	0.0
2267	HGSV_19323	351	82	0.069	0.069	0.0
2268	HGSV_5739	351	210	0.099	0.099	0.099
2269	HGSV_9289	351	231	0.114	0.114	0.114
2270	HGSV_152898	350	266	0.154	0.154	0.154
2271	HGSV_5627	350	273	0.0	0.0	0.0
2272	HGSV_13538	349	183	0.118	0.118	0.118
2273	HGSV_154487	349	47	0.017	0.0	0.0
2274	HGSV_157225	349	83	0.0	0.0	0.0
2275	HGSV_158241	349	27	0.0	0.0	0.0
2276	HGSV_3104	349	245	0.0	0.0	0.0
2277	HGSV_11456	348	36	0.0	0.0	0.0
2278	HGSV_151893	348	166	0.081	0.081	0.081
2279	HGSV_152114	348	267	0.134	0.134	0.0
2280	HGSV_156417	348	294	0.207	0.207	0.207
2281	HGSV_2926	348	300	0.0	0.0	0.0
2282	HGSV_144205	347	190	0.0	0.0	0.0
2283	HGSV_146070	347	17	0.0	0.0	0.0
2284	HGSV_158500	347	276	0.141	0.141	0.141
2285	HGSV_19699	347	192	0.117	0.117	0.117
2286	HGSV_8939	347	25	0.0	0.0	0.0
2287	HGSV_13736	346	15	0.002	0.002	0.002
2288	HGSV_144560	345	198	0.218	0.218	0.0
2289	HGSV_145394	345	9	0.0	0.0	0.0
2290	HGSV_145553	345	268	0.162	0.162	0.162
2291	HGSV_154960	345	41	0.0	0.0	0.0
2292	HGSV_6809	345	280	0.162	0.162	0.0
2293	HGSV_14769	344	227	0.16	0.16	0.16
2294	HGSV_148200	344	241	0.151	0.151	0.151
2295	HGSV_157840	344	268	0.165	0.165	0.165
2296	HGSV_7570	344	264	0.145	0.145	0.145
2297	HGSV_11594	343	99	0.035	0.035	0.035
2298	HGSV_157348	343	252	0.152	0.152	0.152
2299	HGSV_3986	343	274	0.195	0.195	0.195
2300	HGSV_145092	342	100	0.051	0.051	0.0
2301	HGSV_14637	342	288	0.166	0.166	0.166
2302	HGSV_155527	342	10	0.0	0.0	0.0
2303	HGSV_2962	342	100	0.0	0.0	0.0
2304	HGSV_5443	342	245	0.0	0.0	0.0
2305	HGSV_5444	342	239	0.16	0.16	0.16
2306	HGSV_5573	342	234	0.152	0.152	0.0
2307	HGSV_617	342	245	0.145	0.145	0.145
2308	HGSV_157429	341	149	0.0	0.0	0.0
2309	HGSV_11042	340	34	0.0	0.0	0.0
2310	HGSV_14462	340	10	0.0	0.0	0.0
2311	HGSV_146311	340	74	0.002	0.002	0.002
2312	HGSV_155774	340	89	0.0	0.0	0.0
2313	HGSV_16502	340	222	0.212	0.212	0.0
2314	HGSV_4320	340	222	0.13	0.13	0.13
2315	HGSV_5995	340	291	0.176	0.176	0.0
2316	HGSV_141	339	227	0.0	0.0	0.0
2317	HGSV_155046	339	69	0.0	0.0	0.0
2318	HGSV_155333	339	133	0.0	0.0	0.0
2319	HGSV_155651	339	198	0.002	0.002	0.002
2320	HGSV_156241	339	118	0.395	0.395	0.395
2321	HGSV_15802	339	2	0.0	0.0	0.0
2322	HGSV_8182	339	266	0.168	0.168	0.168
2323	HGSV_11887	338	6	0.0	0.0	0.0
2324	HGSV_11939	338	239	0.143	0.143	0.143
2325	HGSV_145210	338	142	0.997	0.0	0.0
2326	HGSV_146596	338	184	0.0	0.0	0.0
2327	HGSV_9070	338	77	0.0	0.0	0.0
2328	HGSV_144784	337	282	0.148	0.148	0.0
2329	HGSV_146846	337	75	0.0	0.0	0.0
2330	HGSV_153397	337	228	0.152	0.152	0.152
2331	HGSV_19692	337	196	0.0	0.0	0.0
2332	HGSV_600	337	213	0.001	0.001	0.001
2333	HGSV_676	337	77	0.002	0.002	0.002
2334	HGSV_147720	336	259	0.158	0.158	0.0
2335	HGSV_1577	336	8	0.001	0.001	0.001
2336	HGSV_1578	336	4	0.0	0.0	0.0
2337	HGSV_13182	335	284	0.146	0.146	0.146
2338	HGSV_149317	335	162	0.002	0.002	0.002
2339	HGSV_18632	335	278	0.173	0.173	0.173
2340	HGSV_8677	335	238	0.142	0.142	0.142
2341	HGSV_154843	334	247	0.137	0.137	0.0
2342	HGSV_16671	334	229	0.0	0.0	0.0
2343	HGSV_16672	334	231	0.122	0.122	0.122
2344	HGSV_4063	334	274	0.167	0.167	0.167
2345	HGSV_5800	334	201	0.101	0.101	0.0
2346	HGSV_156026	333	63	0.0	0.0	0.0
2347	HGSV_156858	333	246	0.123	0.123	0.123
2348	HGSV_156991	333	94	0.0	0.0	0.0
2349	HGSV_2795	333	276	0.999	0.999	0.0
2350	HGSV_9006	333	284	0.2	0.2	0.2
2351	HGSV_11748	332	15	0.0	0.0	0.0
2352	HGSV_146392	332	153	0.0	0.0	0.0
2353	HGSV_153557	332	276	0.152	0.152	0.0
2354	HGSV_155044	332	118	0.0	0.0	0.0
2355	HGSV_156212	332	266	0.0	0.0	0.0
2356	HGSV_157636	332	228	0.178	0.178	0.0
2357	HGSV_18227	332	208	0.131	0.131	0.131
2358	HGSV_7068	332	194	0.091	0.091	0.091
2359	HGSV_9108	332	275	0.167	0.167	0.167
2360	HGSV_150686	331	32	0.0	0.0	0.0
2361	HGSV_155801	331	180	0.112	0.112	0.112
2362	HGSV_18189	331	217	0.126	0.126	0.0
2363	HGSV_1120	330	81	0.048	0.048	0.048
2364	HGSV_11265	330	268	0.0	0.0	0.0
2365	HGSV_147706	330	3	0.0	0.0	0.0
2366	HGSV_151593	330	245	0.187	0.187	0.187
2367	HGSV_1579	330	4	0.001	0.001	0.001
2368	HGSV_16967	330	256	0.141	0.0	0.0
2369	HGSV_17747	330	137	0.0	0.0	0.0
2370	HGSV_4052	330	27	0.0	0.0	0.0
2371	HGSV_10825	329	130	0.0	0.0	0.0
2372	HGSV_9790	329	290	0.17	0.17	0.17
2373	HGSV_144259	328	32	0.001	0.001	0.001
2374	HGSV_154091	328	135	0.189	0.189	0.0
2375	HGSV_155140	328	230	0.992	0.992	0.992
2376	HGSV_155279	328	67	0.0	0.0	0.0
2377	HGSV_155420	328	144	0.0	0.0	0.0
2378	HGSV_61	328	188	0.0	0.0	0.0
2379	HGSV_155751	327	182	0.075	0.0	0.0
2380	HGSV_882	327	267	0.231	0.231	0.231
2381	HGSV_13243	326	178	0.901	0.0	0.0
2382	HGSV_144071	326	8	0.0	0.0	0.0
2383	HGSV_2513	326	130	0.002	0.002	0.002
2384	HGSV_6556	326	258	0.182	0.182	0.182
2385	HGSV_6769	325	213	0.157	0.157	0.157
2386	HGSV_147100	324	136	0.034	0.0	0.0
2387	HGSV_147530	324	263	0.155	0.155	0.155
2388	HGSV_9100	324	134	0.0	0.0	0.0
2389	HGSV_149701	323	117	0.077	0.077	0.077
2390	HGSV_157701	323	271	0.153	0.153	0.0
2391	HGSV_4257	323	217	0.114	0.114	0.114
2392	HGSV_1176	322	131	0.04	0.04	0.04
2393	HGSV_154293	322	1	0.001	0.001	0.001
2394	HGSV_155242	322	105	0.0	0.0	0.0
2395	HGSV_11175	321	163	0.0	0.0	0.0
2396	HGSV_12285	321	284	0.18	0.18	0.18
2397	HGSV_12857	321	222	0.152	0.152	0.152
2398	HGSV_155067	321	83	0.0	0.0	0.0
2399	HGSV_16362	321	101	0.02	0.02	0.02
2400	HGSV_18338	321	183	0.117	0.0	0.0
2401	HGSV_10594	320	3	0.0	0.0	0.0
2402	HGSV_10692	320	52	0.0	0.0	0.0
2403	HGSV_14624	320	260	0.0	0.0	0.0
2404	HGSV_18843	320	63	0.0	0.0	0.0
2405	HGSV_143685	319	36	0.0	0.0	0.0
2406	HGSV_15836	319	43	0.0	0.0	0.0
2407	HGSV_504	319	5	0.0	0.0	0.0
2408	HGSV_149702	318	132	0.077	0.077	0.0
2409	HGSV_19505	318	261	0.163	0.163	0.163
2410	HGSV_8035	318	266	0.184	0.184	0.184
2411	HGSV_145449	317	155	0.084	0.084	0.084
2412	HGSV_152138	317	24	0.0	0.0	0.0
2413	HGSV_16100	317	156	0.0	0.0	0.0
2414	HGSV_3233	317	10	0.0	0.0	0.0
2415	HGSV_149726	316	265	0.0	0.0	0.0
2416	HGSV_151639	316	224	0.147	0.147	0.147
2417	HGSV_19647	316	53	0.0	0.0	0.0
2418	HGSV_10294	315	23	1.0	1.0	0.0
2419	HGSV_16957	315	264	0.185	0.185	0.0
2420	HGSV_154528	314	2	0.003	0.003	0.0
2421	HGSV_153823	313	33	0.0	0.0	0.0
2422	HGSV_359	313	6	0.0	0.0	0.0
2423	HGSV_10756	312	68	0.0	0.0	0.0
2424	HGSV_145815	312	20	0.006	0.006	0.0
2425	HGSV_147614	312	51	0.0	0.0	0.0
2426	HGSV_153208	312	250	0.0	0.0	0.0
2427	HGSV_154203	312	263	0.0	0.0	0.0
2428	HGSV_156341	312	240	0.144	0.144	0.144
2429	HGSV_157700	312	16	0.0	0.0	0.0
2430	HGSV_422	312	183	0.121	0.121	0.121
2431	HGSV_9208	312	26	0.0	0.0	0.0
2432	HGSV_11034	311	85	0.0	0.0	0.0
2433	HGSV_151195	311	261	0.124	0.124	0.0
2434	HGSV_151784	311	7	0.0	0.0	0.0
2435	HGSV_155359	311	93	0.0	0.0	0.0
2436	HGSV_157669	310	27	0.0	0.0	0.0
2437	HGSV_13486	309	10	0.0	0.0	0.0
2438	HGSV_1458	309	253	0.18	0.18	0.18
2439	HGSV_19726	309	235	0.189	0.189	0.189
2440	HGSV_143490	308	65	0.0	0.0	0.0
2441	HGSV_147153	308	10	0.0	0.0	0.0
2442	HGSV_152581	308	50	0.0	0.0	0.0
2443	HGSV_491	308	1	1.0	1.0	0.0
2444	HGSV_8713	308	251	0.135	0.135	0.135
2445	HGSV_147835	307	81	0.0	0.0	0.0
2446	HGSV_148746	307	29	0.001	0.001	0.001
2447	HGSV_151713	307	52	0.031	0.031	0.031
2448	HGSV_155125	307	78	0.0	0.0	0.0
2449	HGSV_156413	307	9	0.0	0.0	0.0
2450	HGSV_2541	306	54	0.0	0.0	0.0
2451	HGSV_9846	306	260	0.138	0.138	0.138
2452	HGSV_10994	305	54	0.0	0.0	0.0
2453	HGSV_17759	305	120	0.061	0.061	0.061
2454	HGSV_113	304	18	0.002	0.002	0.002
2455	HGSV_147365	304	248	0.0	0.0	0.0
2456	HGSV_154825	304	23	0.0	0.0	0.0
2457	HGSV_2506	304	17	0.0	0.0	0.0
2458	HGSV_144821	303	123	0.043	0.043	0.0
2459	HGSV_155153	303	129	0.0	0.0	0.0
2460	HGSV_5669	303	178	0.112	0.112	0.112
2461	HGSV_144058	302	56	0.023	0.023	0.023
2462	HGSV_152272	302	25	0.0	0.0	0.0
2463	HGSV_154751	302	215	0.136	0.136	0.0
2464	HGSV_15671	302	5	0.0	0.0	0.0
2465	HGSV_157011	302	261	0.114	0.114	0.114
2466	HGSV_19693	302	201	0.102	0.102	0.102
2467	HGSV_2745	302	53	0.001	0.001	0.001
2468	HGSV_6016	302	193	0.164	0.164	0.164
2469	HGSV_11107	301	4	0.0	0.0	0.0
2470	HGSV_14312	301	48	0.272	0.272	0.0
2471	HGSV_157346	301	246	0.151	0.151	0.0
2472	HGSV_17116	301	189	0.138	0.138	0.138
2473	HGSV_9574	301	218	0.0	0.0	0.0
2474	HGSV_145453	300	241	0.142	0.142	0.0
2475	HGSV_151945	300	89	0.048	0.048	0.048
2476	HGSV_158737	300	206	0.131	0.131	0.0
2477	HGSV_19110	300	10	0.0	0.0	0.0
2478	HGSV_3349	300	255	0.0	0.0	0.0
2479	HGSV_7047	300	107	0.0	0.0	0.0
2480	HGSV_143941	299	52	0.0	0.0	0.0
2481	HGSV_145280	299	194	0.0	0.0	0.0
2482	HGSV_154826	299	23	0.001	0.001	0.0
2483	HGSV_490	299	1	1.0	1.0	0.0
2484	HGSV_71	299	50	0.003	0.003	0.0
2485	HGSV_7666	299	44	0.0	0.0	0.0
2486	HGSV_801	299	65	0.0	0.0	0.0
2487	HGSV_144250	298	13	0.0	0.0	0.0
2488	HGSV_146920	298	239	0.174	0.174	0.174
2489	HGSV_151021	298	189	0.0	0.0	0.0
2490	HGSV_5100	298	41	0.0	0.0	0.0
2491	HGSV_5130	298	36	0.0	0.0	0.0
2492	HGSV_5336	298	28	0.0	0.0	0.0
2493	HGSV_9753	298	163	0.068	0.068	0.068
2494	HGSV_155298	297	52	0.0	0.0	0.0
2495	HGSV_3921	297	152	0.102	0.102	0.0
2496	HGSV_7991	297	212	0.068	0.0	0.0
2497	HGSV_1496	296	45	0.001	0.001	0.001
2498	HGSV_152578	296	43	0.001	0.001	0.001
2499	HGSV_17109	296	8	0.0	0.0	0.0
2500	HGSV_198	296	81	0.002	0.0	0.0
2501	HGSV_201	296	80	0.002	0.0	0.0
2502	HGSV_145417	295	233	0.152	0.152	0.152
2503	HGSV_146038	295	202	0.112	0.112	0.112
2504	HGSV_149728	295	154	0.08	0.08	0.08
2505	HGSV_151022	295	189	0.092	0.0	0.0
2506	HGSV_1624	295	11	0.351	0.0	0.0
2507	HGSV_144265	294	30	0.002	0.002	0.0
2508	HGSV_152580	294	61	0.0	0.0	0.0
2509	HGSV_154168	294	77	0.0	0.0	0.0
2510	HGSV_15694	294	154	0.096	0.0	0.0
2511	HGSV_17958	294	146	0.09	0.09	0.0
2512	HGSV_12000	293	173	0.097	0.097	0.097
2513	HGSV_143798	293	9	0.821	0.821	0.821
2514	HGSV_145090	293	110	0.052	0.052	0.052
2515	HGSV_148910	293	146	0.073	0.073	0.073
2516	HGSV_154971	293	149	0.027	0.027	0.027
2517	HGSV_157892	293	197	0.109	0.109	0.109
2518	HGSV_19595	293	172	0.09	0.09	0.0
2519	HGSV_3231	293	184	0.128	0.128	0.128
2520	HGSV_146501	292	152	0.069	0.069	0.069
2521	HGSV_155124	292	69	0.0	0.0	0.0
2522	HGSV_157801	292	228	0.137	0.137	0.137
2523	HGSV_4010	292	142	0.095	0.095	0.095
2524	HGSV_11590	291	59	0.0	0.0	0.0
2525	HGSV_144073	291	200	0.124	0.124	0.124
2526	HGSV_147240	291	24	0.0	0.0	0.0
2527	HGSV_1551	291	61	0.0	0.0	0.0
2528	HGSV_16475	291	243	0.154	0.154	0.154
2529	HGSV_411	291	89	0.0	0.0	0.0
2530	HGSV_6614	291	72	0.0	0.0	0.0
2531	HGSV_10830	290	16	0.0	0.0	0.0
2532	HGSV_156819	290	0	0.0	0.0	0.0
2533	HGSV_17561	290	19	0.003	0.003	0.003
2534	HGSV_5565	290	184	0.0	0.0	0.0
2535	HGSV_153789	289	55	0.003	0.003	0.003
2536	HGSV_15971	289	128	0.0	0.0	0.0
2537	HGSV_6548	289	231	0.0	0.0	0.0
2538	HGSV_145571	288	204	0.108	0.108	0.108
2539	HGSV_1477	288	146	0.0	0.0	0.0
2540	HGSV_1478	288	146	0.066	0.066	0.066
2541	HGSV_15088	288	33	0.0	0.0	0.0
2542	HGSV_153585	288	159	0.129	0.129	0.0
2543	HGSV_155259	288	4	0.001	0.001	0.001
2544	HGSV_155306	288	63	0.0	0.0	0.0
2545	HGSV_155534	288	24	0.0	0.0	0.0
2546	HGSV_156573	288	182	0.1	0.1	0.1
2547	HGSV_5877	288	49	0.0	0.0	0.0
2548	HGSV_7750	288	83	0.048	0.048	0.048
2549	HGSV_10910	287	33	0.0	0.0	0.0
2550	HGSV_11211	287	11	0.0	0.0	0.0
2551	HGSV_147083	287	4	0.0	0.0	0.0
2552	HGSV_149226	287	233	0.135	0.135	0.135
2553	HGSV_158367	287	233	0.133	0.133	0.0
2554	HGSV_15970	287	128	0.0	0.0	0.0
2555	HGSV_16528	287	131	0.036	0.036	0.036
2556	HGSV_6586	287	171	0.086	0.086	0.086
2557	HGSV_9963	287	183	0.0	0.0	0.0
2558	HGSV_12781	286	105	0.0	0.0	0.0
2559	HGSV_151516	286	221	0.241	0.241	0.241
2560	HGSV_5097	286	41	0.001	0.001	0.001
2561	HGSV_156019	285	152	0.075	0.075	0.075
2562	HGSV_5554	285	238	0.161	0.161	0.161
2563	HGSV_728	285	236	0.143	0.143	0.143
2564	HGSV_1501	284	83	0.0	0.0	0.0
2565	HGSV_150655	284	20	0.0	0.0	0.0
2566	HGSV_11239	283	23	0.343	0.343	0.0
2567	HGSV_11589	283	36	0.0	0.0	0.0
2568	HGSV_143610	283	1	0.0	0.0	0.0
2569	HGSV_144249	283	15	0.001	0.001	0.001
2570	HGSV_145530	283	237	0.128	0.128	0.0
2571	HGSV_157430	283	212	0.102	0.102	0.102
2572	HGSV_9964	283	186	0.107	0.107	0.107
2573	HGSV_144822	282	123	0.0	0.0	0.0
2574	HGSV_148675	282	193	0.114	0.114	0.114
2575	HGSV_10489	281	53	0.0	0.0	0.0
2576	HGSV_1297	281	14	0.001	0.001	0.001
2577	HGSV_155511	281	32	0.0	0.0	0.0
2578	HGSV_138	280	16	0.751	0.0	0.0
2579	HGSV_145956	280	175	0.124	0.124	0.124
2580	HGSV_14767	280	24	0.0	0.0	0.0
2581	HGSV_16917	280	36	0.0	0.0	0.0
2582	HGSV_18186	280	2	0.402	0.0	0.0
2583	HGSV_446	280	95	0.014	0.014	0.014
2584	HGSV_5272	280	212	0.0	0.0	0.0
2585	HGSV_119	279	162	0.116	0.0	0.0
2586	HGSV_148203	279	230	0.14	0.14	0.14
2587	HGSV_153609	279	136	0.087	0.087	0.087
2588	HGSV_157296	279	152	0.1	0.1	0.1
2589	HGSV_18932	279	214	0.0	0.0	0.0
2590	HGSV_11137	278	44	0.017	0.017	0.017
2591	HGSV_146733	278	97	0.0	0.0	0.0
2592	HGSV_1897	278	128	1.0	0.0	0.0
2593	HGSV_3133	278	10	0.0	0.0	0.0
2594	HGSV_10370	277	186	0.099	0.099	0.099
2595	HGSV_10527	277	27	0.0	0.0	0.0
2596	HGSV_13814	277	92	0.0	0.0	0.0
2597	HGSV_13972	277	177	0.12	0.12	0.12
2598	HGSV_19254	277	75	0.001	0.001	0.001
2599	HGSV_11140	276	22	0.0	0.0	0.0
2600	HGSV_13898	276	9	0.0	0.0	0.0
2601	HGSV_14007	276	226	0.16	0.16	0.0
2602	HGSV_144561	276	192	0.127	0.127	0.127
2603	HGSV_147106	276	109	0.016	0.016	0.016
2604	HGSV_156387	276	64	0.031	0.031	0.031
2605	HGSV_12417	275	27	0.0	0.0	0.0
2606	HGSV_147144	275	81	0.0	0.0	0.0
2607	HGSV_282	275	52	0.0	0.0	0.0
2608	HGSV_10912	274	16	0.0	0.0	0.0
2609	HGSV_11035	274	81	0.0	0.0	0.0
2610	HGSV_11064	274	53	0.0	0.0	0.0
2611	HGSV_146247	274	33	0.0	0.0	0.0
2612	HGSV_147027	274	44	0.0	0.0	0.0
2613	HGSV_147108	274	67	0.0	0.0	0.0
2614	HGSV_155268	274	1	0.0	0.0	0.0
2615	HGSV_9039	274	202	0.163	0.163	0.163
2616	HGSV_9556	274	8	0.0	0.0	0.0
2617	HGSV_14721	273	130	0.087	0.087	0.087
2618	HGSV_148312	273	52	0.001	0.001	0.001
2619	HGSV_15092	273	7	0.0	0.0	0.0
2620	HGSV_153705	273	8	0.0	0.0	0.0
2621	HGSV_158582	273	17	0.0	0.0	0.0
2622	HGSV_158908	273	175	0.091	0.091	0.091
2623	HGSV_8117	273	47	0.0	0.0	0.0
2624	HGSV_143906	272	4	0.0	0.0	0.0
2625	HGSV_153212	272	82	0.0	0.0	0.0
2626	HGSV_156057	272	117	0.075	0.075	0.075
2627	HGSV_1723	272	0	0.0	0.0	0.0
2628	HGSV_10271	271	165	0.06	0.06	0.06
2629	HGSV_14028	271	181	0.127	0.127	0.127
2630	HGSV_150027	271	11	0.992	0.0	0.0
2631	HGSV_15272	271	186	0.096	0.096	0.096
2632	HGSV_155152	271	214	0.0	0.0	0.0
2633	HGSV_5794	271	139	0.06	0.06	0.0
2634	HGSV_144001	270	52	0.0	0.0	0.0
2635	HGSV_145147	270	106	0.055	0.055	0.055
2636	HGSV_146338	270	15	0.0	0.0	0.0
2637	HGSV_148202	270	228	0.14	0.14	0.0
2638	HGSV_151820	270	221	0.0	0.0	0.0
2639	HGSV_157007	270	58	0.0	0.0	0.0
2640	HGSV_157568	270	22	0.0	0.0	0.0
2641	HGSV_16080	270	12	0.0	0.0	0.0
2642	HGSV_17798	270	2	0.001	0.001	0.001
2643	HGSV_11133	269	15	0.0	0.0	0.0
2644	HGSV_144080	269	184	0.09	0.09	0.09
2645	HGSV_152020	269	1	0.0	0.0	0.0
2646	HGSV_154199	269	157	0.101	0.101	0.101
2647	HGSV_1845	269	93	0.051	0.051	0.051
2648	HGSV_4419	269	32	0.0	0.0	0.0
2649	HGSV_144385	268	3	0.001	0.0	0.0
2650	HGSV_155236	268	21	0.0	0.0	0.0
2651	HGSV_1554	268	166	0.07	0.07	0.0
2652	HGSV_17177	268	59	0.239	0.239	0.0
2653	HGSV_19420	268	58	0.0	0.0	0.0
2654	HGSV_5753	268	10	0.0	0.0	0.0
2655	HGSV_961	268	9	0.0	0.0	0.0
2656	HGSV_144263	267	30	0.0	0.0	0.0
2657	HGSV_146900	267	147	0.089	0.089	0.089
2658	HGSV_152648	267	11	0.0	0.0	0.0
2659	HGSV_154815	267	64	0.0	0.0	0.0
2660	HGSV_155263	267	12	0.0	0.0	0.0
2661	HGSV_2300	267	146	0.135	0.135	0.0
2662	HGSV_6974	267	57	0.271	0.271	0.271
2663	HGSV_7109	267	218	0.143	0.143	0.0
2664	HGSV_7548	267	123	0.0	0.0	0.0
2665	HGSV_8895	267	78	0.0	0.0	0.0
2666	HGSV_149187	266	9	0.001	0.001	0.001
2667	HGSV_149671	266	14	0.0	0.0	0.0
2668	HGSV_149895	266	217	0.136	0.136	0.136
2669	HGSV_153554	266	189	0.0	0.0	0.0
2670	HGSV_154035	266	11	0.002	0.002	0.0
2671	HGSV_154807	266	104	0.014	0.0	0.0
2672	HGSV_15872	266	2	0.0	0.0	0.0
2673	HGSV_10834	265	12	0.0	0.0	0.0
2674	HGSV_11178	265	34	0.0	0.0	0.0
2675	HGSV_14325	265	100	0.001	0.001	0.001
2676	HGSV_151607	265	231	0.0	0.0	0.0
2677	HGSV_155802	265	177	0.116	0.116	0.116
2678	HGSV_156118	265	137	0.0	0.0	0.0
2679	HGSV_16815	265	222	0.127	0.127	0.0
2680	HGSV_17053	265	18	0.0	0.0	0.0
2681	HGSV_290	265	64	0.0	0.0	0.0
2682	HGSV_6712	265	9	0.678	0.678	0.678
2683	HGSV_9164	265	49	0.0	0.0	0.0
2684	HGSV_12188	264	9	0.001	0.001	0.001
2685	HGSV_145936	264	61	0.164	0.164	0.0
2686	HGSV_153367	264	219	0.14	0.14	0.14
2687	HGSV_155013	264	152	0.0	0.0	0.0
2688	HGSV_1791	264	34	0.0	0.0	0.0
2689	HGSV_603	264	171	0.083	0.083	0.0
2690	HGSV_143731	263	6	0.278	0.278	0.0
2691	HGSV_146188	263	110	0.065	0.065	0.065
2692	HGSV_1500	263	30	0.0	0.0	0.0
2693	HGSV_153871	263	171	0.0	0.0	0.0
2694	HGSV_155943	263	220	0.111	0.111	0.111
2695	HGSV_15640	263	112	0.067	0.067	0.067
2696	HGSV_7010	263	203	0.129	0.129	0.129
2697	HGSV_12545	262	205	0.201	0.201	0.201
2698	HGSV_13017	262	51	0.0	0.0	0.0
2699	HGSV_149318	262	187	0.099	0.099	0.099
2700	HGSV_155385	262	27	0.0	0.0	0.0
2701	HGSV_157527	262	135	0.064	0.064	0.064
2702	HGSV_17011	262	20	0.0	0.0	0.0
2703	HGSV_2747	262	55	0.01	0.01	0.0
2704	HGSV_5971	262	181	0.154	0.154	0.154
2705	HGSV_12700	261	221	0.109	0.109	0.109
2706	HGSV_13018	261	51	0.0	0.0	0.0
2707	HGSV_13117	261	24	0.0	0.0	0.0
2708	HGSV_143707	261	191	0.144	0.0	0.0
2709	HGSV_146180	261	58	0.0	0.0	0.0
2710	HGSV_146405	261	27	0.0	0.0	0.0
2711	HGSV_149484	261	202	0.124	0.124	0.0
2712	HGSV_17104	261	2	0.465	0.0	0.0
2713	HGSV_17526	261	147	0.084	0.084	0.0
2714	HGSV_18083	261	27	0.0	0.0	0.0
2715	HGSV_10688	260	79	0.0	0.0	0.0
2716	HGSV_11134	260	7	0.0	0.0	0.0
2717	HGSV_13338	260	48	0.0	0.0	0.0
2718	HGSV_3099	260	9	0.002	0.002	0.002
2719	HGSV_1420	259	17	0.0	0.0	0.0
2720	HGSV_150231	259	84	0.052	0.052	0.052
2721	HGSV_154456	259	16	0.0	0.0	0.0
2722	HGSV_155307	259	204	0.143	0.0	0.0
2723	HGSV_155531	259	11	0.0	0.0	0.0
2724	HGSV_155599	259	39	0.672	0.672	0.71
2725	HGSV_212	259	37	0.0	0.0	0.0
2726	HGSV_4622	259	34	0.0	0.0	0.0
2727	HGSV_11105	258	30	0.0	0.0	0.0
2728	HGSV_12135	258	221	0.153	0.153	0.153
2729	HGSV_144262	258	18	0.0	0.0	0.0
2730	HGSV_146071	258	10	0.0	0.0	0.0
2731	HGSV_147989	258	27	0.0	0.0	0.0
2732	HGSV_148684	258	197	0.135	0.135	0.135
2733	HGSV_153395	258	59	0.0	0.0	0.0
2734	HGSV_155524	258	160	0.0	0.0	0.0
2735	HGSV_156939	258	147	0.107	0.107	0.107
2736	HGSV_157569	258	9	0.927	0.927	0.0
2737	HGSV_19572	258	178	0.097	0.097	0.097
2738	HGSV_283	258	66	0.0	0.0	0.0
2739	HGSV_8751	258	202	0.161	0.161	0.161
2740	HGSV_9453	258	25	0.002	0.002	0.002
2741	HGSV_1377	257	36	0.0	0.0	0.0
2742	HGSV_148242	257	203	0.124	0.124	0.124
2743	HGSV_150654	257	15	0.0	0.0	0.0
2744	HGSV_1849	257	11	0.0	0.0	0.0
2745	HGSV_2952	257	58	0.0	0.0	0.0
2746	HGSV_3325	257	55	0.018	0.018	0.018
2747	HGSV_50	257	42	0.0	0.0	0.0
2748	HGSV_8299	257	199	0.212	0.212	0.212
2749	HGSV_11103	256	17	0.0	0.0	0.0
2750	HGSV_143455	256	99	0.0	0.0	0.0
2751	HGSV_148394	256	16	0.0	0.0	0.0
2752	HGSV_149421	256	181	0.115	0.115	0.0
2753	HGSV_151541	256	120	0.078	0.078	0.078
2754	HGSV_154028	256	212	0.11	0.11	0.11
2755	HGSV_155775	256	70	0.042	0.042	0.042
2756	HGSV_17491	256	217	0.139	0.139	0.0
2757	HGSV_3157	256	169	0.1	0.1	0.1
2758	HGSV_7135	256	87	0.158	0.158	0.0
2759	HGSV_8284	256	7	0.0	0.0	0.0
2760	HGSV_10753	255	58	0.0	0.0	0.0
2761	HGSV_12672	255	182	0.095	0.095	0.095
2762	HGSV_148012	255	13	0.001	0.001	0.001
2763	HGSV_150980	255	175	0.097	0.097	0.097
2764	HGSV_153938	255	188	0.126	0.126	0.126
2765	HGSV_1846	255	27	0.0	0.0	0.0
2766	HGSV_4420	255	114	0.065	0.065	0.065
2767	HGSV_11115	254	14	0.0	0.0	0.0
2768	HGSV_143403	254	73	0.0	0.0	0.0
2769	HGSV_147647	254	107	0.0	0.0	0.0
2770	HGSV_1509	254	75	0.0	0.0	0.0
2771	HGSV_17052	254	14	0.0	0.0	0.0
2772	HGSV_197	254	42	0.0	0.0	0.0
2773	HGSV_5390	254	93	0.146	0.146	0.0
2774	HGSV_144179	253	22	0.0	0.0	0.0
2775	HGSV_149731	253	3	0.0	0.0	0.0
2776	HGSV_150582	253	18	0.0	0.0	0.0
2777	HGSV_158198	253	99	0.069	0.069	0.069
2778	HGSV_158661	253	79	0.0	0.0	0.0
2779	HGSV_12473	252	16	0.001	0.001	0.001
2780	HGSV_145577	252	67	0.104	0.104	0.0
2781	HGSV_147667	252	23	0.0	0.0	0.0
2782	HGSV_152879	252	16	0.0	0.0	0.0
2783	HGSV_17051	252	10	0.0	0.0	0.0
2784	HGSV_18968	252	71	0.0	0.0	0.0
2785	HGSV_18971	252	18	0.0	0.0	0.0
2786	HGSV_6363	252	12	0.0	0.0	0.0
2787	HGSV_7088	252	12	0.0	0.0	0.0
2788	HGSV_757	252	24	0.0	0.0	0.0
2789	HGSV_11576	251	15	0.0	0.0	0.0
2790	HGSV_145340	251	49	0.026	0.026	0.026
2791	HGSV_146143	251	30	0.0	0.0	0.0
2792	HGSV_146704	251	182	0.102	0.102	0.102
2793	HGSV_154961	251	114	0.998	0.0	0.0
2794	HGSV_156503	251	11	0.0	0.0	0.0
2795	HGSV_18195	251	2	0.0	0.0	0.0
2796	HGSV_1079	250	144	0.088	0.088	0.088
2797	HGSV_13172	250	147	0.093	0.093	0.093
2798	HGSV_13949	250	7	0.0	0.0	0.0
2799	HGSV_14159	250	51	0.003	0.003	0.003
2800	HGSV_153197	250	34	0.0	0.0	0.0
2801	HGSV_157782	250	171	0.105	0.105	0.105
2802	HGSV_158733	250	177	0.119	0.119	0.119
2803	HGSV_15932	250	78	0.038	0.038	0.038
2804	HGSV_18602	250	27	0.0	0.0	0.0
2805	HGSV_5679	250	44	0.0	0.0	0.0
2806	HGSV_7903	250	14	0.0	0.0	0.0
2807	HGSV_10421	249	126	0.097	0.097	0.097
2808	HGSV_155711	249	32	0.0	0.0	0.0
2809	HGSV_37	249	14	0.0	0.0	0.0
2810	HGSV_3765	249	22	0.0	0.0	0.0
2811	HGSV_5608	249	14	0.0	0.0	0.0
2812	HGSV_7894	249	197	0.099	0.099	0.099
2813	HGSV_11459	248	21	0.0	0.0	0.0
2814	HGSV_147686	248	68	0.0	0.0	0.0
2815	HGSV_18017	248	204	0.127	0.127	0.0
2816	HGSV_18835	248	63	0.034	0.034	0.034
2817	HGSV_12012	247	42	0.001	0.001	0.001
2818	HGSV_146725	247	131	0.094	0.094	0.0
2819	HGSV_1529	247	34	0.0	0.0	0.0
2820	HGSV_154791	247	8	0.0	0.0	0.0
2821	HGSV_155372	247	15	0.0	0.0	0.0
2822	HGSV_155828	247	80	0.026	0.026	0.026
2823	HGSV_156119	247	138	0.066	0.066	0.066
2824	HGSV_19711	247	84	0.0	0.0	0.0
2825	HGSV_56	247	91	0.044	0.044	0.044
2826	HGSV_6846	247	200	0.0	0.0	0.0
2827	HGSV_134	246	165	0.106	0.106	0.106
2828	HGSV_14040	246	30	0.0	0.0	0.0
2829	HGSV_144417	246	3	0.001	0.001	0.0
2830	HGSV_147711	246	35	0.0	0.0	0.0
2831	HGSV_158215	246	10	0.0	0.0	0.0
2832	HGSV_768	246	30	1.0	1.0	1.0
2833	HGSV_937	246	1	0.0	0.0	0.0
2834	HGSV_10681	245	88	0.052	0.052	0.052
2835	HGSV_143797	245	20	0.0	0.0	0.0
2836	HGSV_147572	245	9	0.203	0.203	0.745
2837	HGSV_150931	245	29	0.012	0.012	0.012
2838	HGSV_151764	245	90	0.033	0.033	0.033
2839	HGSV_154169	245	94	0.046	0.0	0.0
2840	HGSV_158316	245	15	0.001	0.001	0.001
2841	HGSV_6331	245	1	0.0	0.0	0.0
2842	HGSV_9257	245	17	0.0	0.0	0.0
2843	HGSV_1004	244	206	0.099	0.099	0.099
2844	HGSV_10512	244	15	0.0	0.0	0.0
2845	HGSV_11390	244	19	0.0	0.0	0.0
2846	HGSV_149488	244	145	0.093	0.093	0.093
2847	HGSV_18211	244	10	0.0	0.0	0.0
2848	HGSV_265	244	74	0.0	0.0	0.0
2849	HGSV_5286	244	16	0.008	0.008	0.008
2850	HGSV_10669	243	31	0.0	0.0	0.0
2851	HGSV_10911	243	23	0.003	0.003	0.003
2852	HGSV_147137	243	53	0.0	0.0	0.0
2853	HGSV_148469	243	110	0.109	0.109	0.0
2854	HGSV_149397	243	12	0.33	0.33	0.33
2855	HGSV_150683	243	15	0.0	0.0	0.0
2856	HGSV_2815	243	81	0.003	0.003	0.003
2857	HGSV_10062	242	191	0.096	0.096	0.096
2858	HGSV_10752	242	52	0.0	0.0	0.0
2859	HGSV_10760	242	13	0.0	0.0	0.0
2860	HGSV_10913	242	27	0.026	0.026	0.0
2861	HGSV_11091	242	15	0.0	0.0	0.0
2862	HGSV_153294	242	14	0.0	0.0	0.0
2863	HGSV_153662	242	141	0.06	0.06	0.06
2864	HGSV_155674	242	66	0.001	0.001	0.001
2865	HGSV_16112	242	59	0.026	0.026	0.026
2866	HGSV_1954	242	16	0.0	0.0	0.0
2867	HGSV_578	242	188	0.127	0.127	0.127
2868	HGSV_6462	242	101	0.056	0.056	0.056
2869	HGSV_10732	241	16	0.0	0.0	0.0
2870	HGSV_10751	241	60	0.0	0.0	0.0
2871	HGSV_13601	241	42	0.0	0.0	0.0
2872	HGSV_14220	241	187	0.113	0.113	0.113
2873	HGSV_145446	241	44	0.001	0.001	0.0
2874	HGSV_146372	241	138	0.059	0.059	0.059
2875	HGSV_150361	241	188	0.0	0.0	0.0
2876	HGSV_150568	241	18	0.0	0.0	0.0
2877	HGSV_150685	241	17	0.0	0.0	0.0
2878	HGSV_153918	241	13	0.0	0.0	0.0
2879	HGSV_158531	241	11	0.0	0.0	0.0
2880	HGSV_17181	241	35	0.0	0.0	0.0
2881	HGSV_2425	241	76	0.0	0.0	0.0
2882	HGSV_2527	241	41	0.002	0.002	0.002
2883	HGSV_11113	240	19	0.0	0.0	0.0
2884	HGSV_146144	240	29	0.0	0.0	0.0
2885	HGSV_1508	240	86	0.0	0.0	0.0
2886	HGSV_15103	240	14	0.0	0.0	0.0
2887	HGSV_156709	240	5	0.287	0.287	0.0
2888	HGSV_156993	240	99	0.0	0.0	0.0
2889	HGSV_157131	240	145	0.107	0.107	0.107
2890	HGSV_2625	240	73	0.034	0.034	0.034
2891	HGSV_5293	240	13	0.0	0.0	0.0
2892	HGSV_5954	240	77	0.016	0.0	0.0
2893	HGSV_7689	240	147	0.067	0.067	0.067
2894	HGSV_10709	239	11	0.001	0.001	0.001
2895	HGSV_11100	239	8	0.0	0.0	0.0
2896	HGSV_11548	239	40	0.0	0.0	0.0
2897	HGSV_11744	239	6	0.0	0.0	0.0
2898	HGSV_149313	239	185	0.111	0.111	0.111
2899	HGSV_150210	239	103	0.061	0.061	0.061
2900	HGSV_155043	239	67	0.0	0.0	0.0
2901	HGSV_155694	239	1	0.001	0.0	0.0
2902	HGSV_16510	239	18	0.0	0.0	0.0
2903	HGSV_17021	239	30	0.005	0.005	0.005
2904	HGSV_278	239	47	0.0	0.0	0.0
2905	HGSV_6452	239	1	0.0	0.0	0.0
2906	HGSV_9217	239	187	0.12	0.12	0.12
2907	HGSV_11160	238	15	0.0	0.0	0.0
2908	HGSV_144680	238	150	0.0	0.0	0.0
2909	HGSV_147914	238	13	0.0	0.0	0.0
2910	HGSV_16047	238	11	0.0	0.0	0.0
2911	HGSV_19239	238	101	0.01	0.01	0.01
2912	HGSV_2528	238	41	0.012	0.012	0.012
2913	HGSV_9293	238	188	0.12	0.12	0.12
2914	HGSV_151448	237	55	0.504	0.504	0.0
2915	HGSV_157471	237	39	0.0	0.0	0.0
2916	HGSV_158473	237	26	0.0	0.0	0.0
2917	HGSV_17193	237	12	0.0	0.0	0.0
2918	HGSV_2279	237	11	0.0	0.0	0.0
2919	HGSV_3672	237	56	0.0	0.0	0.0
2920	HGSV_8757	237	15	0.0	0.0	0.0
2921	HGSV_11352	236	10	0.0	0.0	0.0
2922	HGSV_1257	236	41	0.03	0.03	0.03
2923	HGSV_12860	236	13	0.0	0.0	0.0
2924	HGSV_144827	236	7	0.0	0.0	0.0
2925	HGSV_147180	236	48	0.002	0.002	0.0
2926	HGSV_154744	236	11	0.0	0.0	0.0
2927	HGSV_155109	236	36	0.509	0.509	0.509
2928	HGSV_155541	236	50	0.0	0.0	0.0
2929	HGSV_156043	236	153	0.114	0.114	0.114
2930	HGSV_4421	236	111	0.0	0.0	0.0
2931	HGSV_5956	236	191	0.0	0.0	0.0
2932	HGSV_9469	236	18	0.002	0.002	0.002
2933	HGSV_9630	236	140	0.074	0.0	0.0
2934	HGSV_11479	235	23	0.0	0.0	0.0
2935	HGSV_13484	235	29	0.004	0.004	0.004
2936	HGSV_143989	235	50	0.032	0.032	0.032
2937	HGSV_144697	235	142	0.064	0.064	0.064
2938	HGSV_145540	235	44	0.0	0.0	0.0
2939	HGSV_147101	235	45	0.034	0.014	0.014
2940	HGSV_147103	235	23	0.0	0.0	0.0
2941	HGSV_151290	235	6	0.0	0.0	0.0
2942	HGSV_151303	235	42	0.0	0.0	0.0
2943	HGSV_16500	235	131	0.0	0.0	0.0
2944	HGSV_17942	235	3	0.49	0.0	0.0
2945	HGSV_2842	235	16	0.229	0.229	0.229
2946	HGSV_4927	235	6	0.0	0.0	0.0
2947	HGSV_5110	235	19	0.014	0.014	0.014
2948	HGSV_6585	235	138	0.086	0.086	0.086
2949	HGSV_6998	235	184	0.112	0.112	0.0
2950	HGSV_10738	234	9	0.0	0.0	0.0
2951	HGSV_11382	234	4	0.0	0.0	0.0
2952	HGSV_13920	234	117	0.092	0.092	0.092
2953	HGSV_143594	234	28	0.0	0.0	0.0
2954	HGSV_144267	234	28	0.0	0.0	0.0
2955	HGSV_145790	234	14	0.0	0.0	0.0
2956	HGSV_153910	234	184	0.124	0.124	0.124
2957	HGSV_155055	234	57	0.0	0.0	0.0
2958	HGSV_155605	234	107	0.0	0.0	0.0
2959	HGSV_155664	234	40	0.0	0.0	0.0
2960	HGSV_17405	234	149	0.094	0.094	0.094
2961	HGSV_3726	234	14	0.0	0.0	0.0
2962	HGSV_6648	234	61	0.0	0.0	0.0
2963	HGSV_81	234	17	0.0	0.0	0.0
2964	HGSV_9606	234	94	0.038	0.038	0.0
2965	HGSV_12027	233	174	0.12	0.12	0.12
2966	HGSV_12842	233	33	0.0	0.0	0.0
2967	HGSV_144002	233	72	0.0	0.0	0.0
2968	HGSV_145799	233	174	0.181	0.181	0.181
2969	HGSV_148948	233	19	0.0	0.0	0.0
2970	HGSV_149679	233	183	0.117	0.117	0.0
2971	HGSV_150990	233	141	0.085	0.085	0.085
2972	HGSV_151079	233	76	0.0	0.0	0.0
2973	HGSV_154213	233	21	0.003	0.003	0.003
2974	HGSV_155287	233	110	0.0	0.0	0.0
2975	HGSV_1555	233	69	0.001	0.001	0.001
2976	HGSV_156490	233	191	0.117	0.117	0.0
2977	HGSV_15840	233	126	0.06	0.06	0.06
2978	HGSV_158646	233	13	0.0	0.0	0.0
2979	HGSV_158652	233	63	0.031	0.031	0.031
2980	HGSV_1599	233	70	0.042	0.042	0.042
2981	HGSV_17178	233	47	0.0	0.0	0.0
2982	HGSV_6453	233	1	0.0	0.0	0.0
2983	HGSV_143414	232	21	0.0	0.0	0.0
2984	HGSV_148197	232	16	0.0	0.0	0.0
2985	HGSV_149646	232	107	0.065	0.065	0.065
2986	HGSV_152426	232	129	0.071	0.071	0.071
2987	HGSV_156467	232	99	0.0	0.0	0.0
2988	HGSV_17183	232	12	0.0	0.0	0.0
2989	HGSV_2862	232	42	0.0	0.0	0.0
2990	HGSV_9620	232	45	0.029	0.029	0.029
2991	HGSV_10758	231	20	0.0	0.0	0.0
2992	HGSV_11118	231	16	0.0	0.0	0.0
2993	HGSV_12521	231	162	0.083	0.083	0.083
2994	HGSV_144064	231	14	0.0	0.0	0.0
2995	HGSV_150679	231	13	0.0	0.0	0.0
2996	HGSV_152511	231	26	0.0	0.0	0.0
2997	HGSV_15361	231	3	0.0	0.0	0.0
2998	HGSV_153793	231	11	0.0	0.0	0.0
2999	HGSV_154665	231	5	0.0	0.0	0.0
3000	HGSV_158374	231	9	0.001	0.001	0.001
3001	HGSV_18383	231	15	0.0	0.0	0.0
3002	HGSV_19223	231	25	0.008	0.008	0.008
3003	HGSV_10722	230	14	0.0	0.0	0.0
3004	HGSV_13704	230	168	0.101	0.101	0.0
3005	HGSV_147718	230	77	0.0	0.0	0.0
3006	HGSV_148107	230	6	0.0	0.0	0.0
3007	HGSV_150404	230	22	0.0	0.0	0.0
3008	HGSV_150904	230	153	0.072	0.072	0.072
3009	HGSV_15105	230	15	0.0	0.0	0.0
3010	HGSV_1538	230	18	0.0	0.0	0.0
3011	HGSV_157183	230	154	0.079	0.079	0.079
3012	HGSV_157484	230	58	0.0	0.0	0.0
3013	HGSV_158020	230	11	0.001	0.001	0.001
3014	HGSV_158423	230	147	0.077	0.077	0.077
3015	HGSV_2825	230	87	0.051	0.051	0.0
3016	HGSV_8896	230	72	0.046	0.046	0.046
3017	HGSV_931	230	9	0.0	0.0	0.0
3018	HGSV_10478	229	6	0.0	0.0	0.0
3019	HGSV_10514	229	19	0.614	0.614	0.0
3020	HGSV_10763	229	15	0.0	0.0	0.0
3021	HGSV_145258	229	93	0.992	0.992	0.0
3022	HGSV_147701	229	40	0.0	0.0	0.0
3023	HGSV_148632	229	188	0.123	0.123	0.123
3024	HGSV_153790	229	13	0.0	0.0	0.0
3025	HGSV_18882	229	180	0.0	0.0	0.0
3026	HGSV_5131	229	166	0.097	0.097	0.0
3027	HGSV_8363	229	26	0.002	0.002	0.002
3028	HGSV_10719	228	21	0.0	0.0	0.0
3029	HGSV_11012	228	11	0.0	0.0	0.0
3030	HGSV_12602	228	84	0.024	0.024	0.024
3031	HGSV_14392	228	44	0.0	0.0	0.0
3032	HGSV_145900	228	10	0.0	0.0	0.0
3033	HGSV_146955	228	24	0.0	0.0	0.0
3034	HGSV_147181	228	47	0.002	0.002	0.644
3035	HGSV_147793	228	6	0.0	0.0	0.0
3036	HGSV_149326	228	172	0.0	0.0	0.0
3037	HGSV_150537	228	16	0.0	0.0	0.0
3038	HGSV_157088	228	183	0.114	0.114	0.114
3039	HGSV_1795	228	44	0.002	0.002	0.0
3040	HGSV_19146	228	21	0.0	0.0	0.0
3041	HGSV_8909	228	192	0.1	0.1	0.1
3042	HGSV_9764	228	14	0.001	0.001	0.001
3043	HGSV_10687	227	12	0.0	0.0	0.0
3044	HGSV_11111	227	18	0.0	0.0	0.0
3045	HGSV_11832	227	15	0.998	0.998	0.998
3046	HGSV_144391	227	39	0.027	0.027	0.0
3047	HGSV_146806	227	6	0.0	0.0	0.0
3048	HGSV_147892	227	9	0.0	0.0	0.0
3049	HGSV_148108	227	3	0.002	0.002	0.0
3050	HGSV_15470	227	4	0.0	0.0	0.0
3051	HGSV_3739	227	12	0.0	0.0	0.0
3052	HGSV_5121	227	3	0.0	0.0	0.0
3053	HGSV_523	227	29	0.001	0.001	0.001
3054	HGSV_10759	226	23	0.0	0.0	0.0
3055	HGSV_10997	226	54	0.031	0.031	0.0
3056	HGSV_11056	226	11	0.0	0.0	0.0
3057	HGSV_11461	226	12	0.0	0.0	0.0
3058	HGSV_146805	226	5	0.0	0.0	0.0
3059	HGSV_147189	226	6	0.0	0.0	0.0
3060	HGSV_147917	226	10	0.0	0.0	0.0
3061	HGSV_149841	226	173	0.0	0.0	0.0
3062	HGSV_155062	226	100	0.034	0.034	0.0
3063	HGSV_157462	226	168	0.097	0.097	0.0
3064	HGSV_15952	226	18	0.0	0.0	0.0
3065	HGSV_16064	226	25	0.0	0.0	0.0
3066	HGSV_2631	226	100	0.0	0.0	0.0
3067	HGSV_2738	226	16	0.0	0.0	0.0
3068	HGSV_3093	226	8	0.0	0.0	0.0
3069	HGSV_4111	226	48	0.0	0.0	0.0
3070	HGSV_4354	226	5	0.0	0.0	0.0
3071	HGSV_5291	226	25	0.013	0.013	0.013
3072	HGSV_10928	225	25	0.0	0.0	0.0
3073	HGSV_10969	225	10	0.0	0.0	0.0
3074	HGSV_14039	225	36	0.016	0.016	0.016
3075	HGSV_148671	225	58	0.021	0.021	0.021
3076	HGSV_149664	225	46	0.03	0.03	0.03
3077	HGSV_150384	225	15	0.0	0.0	0.0
3078	HGSV_151111	225	182	0.088	0.088	0.088
3079	HGSV_151141	225	3	0.0	0.0	0.0
3080	HGSV_151449	225	52	0.028	0.028	0.028
3081	HGSV_152005	225	13	0.0	0.0	0.0
3082	HGSV_158520	225	5	0.0	0.0	0.0
3083	HGSV_16062	225	43	0.002	0.002	0.002
3084	HGSV_16094	225	162	0.066	0.066	0.066
3085	HGSV_1810	225	57	0.03	0.03	0.03
3086	HGSV_2715	225	44	0.0	0.0	0.0
3087	HGSV_274	225	28	0.0	0.0	0.0
3088	HGSV_2810	225	7	0.0	0.0	0.0
3089	HGSV_4361	225	8	0.0	0.0	0.0
3090	HGSV_10879	224	19	0.0	0.0	0.0
3091	HGSV_11087	224	17	0.0	0.0	0.0
3092	HGSV_11088	224	9	0.0	0.0	0.0
3093	HGSV_146407	224	8	0.0	0.0	0.0
3094	HGSV_147687	224	25	0.0	0.0	0.0
3095	HGSV_15104	224	16	0.0	0.0	0.0
3096	HGSV_152035	224	11	0.0	0.0	0.0
3097	HGSV_155932	224	11	0.0	0.0	0.0
3098	HGSV_1604	224	17	0.0	0.0	0.0
3099	HGSV_18960	224	10	0.0	0.0	0.0
3100	HGSV_2564	224	9	0.0	0.0	0.0
3101	HGSV_3919	224	18	0.001	0.001	0.001
3102	HGSV_5755	224	12	0.0	0.0	0.0
3103	HGSV_10211	223	159	0.086	0.086	0.086
3104	HGSV_11336	223	15	0.002	0.002	0.002
3105	HGSV_11485	223	16	0.0	0.0	0.0
3106	HGSV_11492	223	26	0.0	0.0	0.0
3107	HGSV_11705	223	13	0.0	0.0	0.0
3108	HGSV_143553	223	169	0.0	0.0	0.0
3109	HGSV_14510	223	10	0.0	0.0	0.0
3110	HGSV_146538	223	20	0.0	0.0	0.0
3111	HGSV_147323	223	40	0.001	0.0	0.0
3112	HGSV_148640	223	84	0.045	0.045	0.045
3113	HGSV_14880	223	189	0.135	0.135	0.135
3114	HGSV_149177	223	120	0.0	0.0	0.0
3115	HGSV_154446	223	92	0.047	0.047	0.047
3116	HGSV_155439	223	17	0.0	0.0	0.0
3117	HGSV_155564	223	14	0.0	0.0	0.0
3118	HGSV_155710	223	13	0.0	0.0	0.0
3119	HGSV_15642	223	107	0.065	0.065	0.0
3120	HGSV_1796	223	41	0.0	0.0	0.0
3121	HGSV_3578	223	28	0.0	0.0	0.0
3122	HGSV_4009	223	12	0.0	0.0	0.0
3123	HGSV_5208	223	21	0.0	0.0	0.0
3124	HGSV_7359	223	94	0.06	0.06	0.06
3125	HGSV_8118	223	51	0.032	0.0	0.0
3126	HGSV_9078	223	17	0.0	0.0	0.0
3127	HGSV_10431	222	24	0.0	0.0	0.0
3128	HGSV_10833	222	18	0.0	0.0	0.0
3129	HGSV_11617	222	5	0.0	0.0	0.0
3130	HGSV_11703	222	4	0.0	0.0	0.0
3131	HGSV_13520	222	8	0.0	0.0	0.0
3132	HGSV_13886	222	23	0.0	0.0	0.0
3133	HGSV_143507	222	31	0.0	0.0	0.0
3134	HGSV_1454	222	20	0.0	0.0	0.0
3135	HGSV_147649	222	106	0.052	0.052	0.052
3136	HGSV_147658	222	47	0.0	0.0	0.0
3137	HGSV_150039	222	9	0.0	0.0	0.0
3138	HGSV_150783	222	38	0.0	0.0	0.0
3139	HGSV_15101	222	15	0.0	0.0	0.0
3140	HGSV_1527	222	19	0.0	0.0	0.0
3141	HGSV_154338	222	153	0.082	0.082	0.0
3142	HGSV_157336	222	24	0.014	0.014	0.014
3143	HGSV_18583	222	14	0.001	0.001	0.001
3144	HGSV_311	222	5	0.0	0.0	0.0
3145	HGSV_4770	222	126	0.0	0.0	0.0
3146	HGSV_6181	222	128	0.0	0.0	0.0
3147	HGSV_9694	222	18	0.0	0.0	0.0
3148	HGSV_11206	221	15	0.0	0.0	0.0
3149	HGSV_143812	221	44	0.183	0.183	0.0
3150	HGSV_143975	221	15	0.0	0.0	0.0
3151	HGSV_144759	221	172	0.121	0.121	0.0
3152	HGSV_149886	221	24	0.0	0.0	0.0
3153	HGSV_154733	221	18	0.0	0.0	0.0
3154	HGSV_15957	221	14	0.676	0.676	0.676
3155	HGSV_3427	221	19	0.0	0.0	0.0
3156	HGSV_385	221	25	0.0	0.0	0.0
3157	HGSV_5148	221	16	0.0	0.0	0.0
3158	HGSV_11055	220	15	0.0	0.0	0.0
3159	HGSV_11376	220	5	0.0	0.0	0.0
3160	HGSV_11574	220	19	0.0	0.0	0.0
3161	HGSV_11743	220	6	0.0	0.0	0.0
3162	HGSV_13226	220	7	0.0	0.0	0.0
3163	HGSV_143997	220	19	0.0	0.0	0.0
3164	HGSV_147104	220	41	0.0	0.0	0.0
3165	HGSV_147186	220	1	0.0	0.0	0.0
3166	HGSV_147520	220	12	0.0	0.0	0.0
3167	HGSV_147839	220	53	0.0	0.0	0.0
3168	HGSV_15419	220	9	0.0	0.0	0.0
3169	HGSV_154915	220	35	0.002	0.002	0.002
3170	HGSV_155608	220	103	0.0	0.0	0.0
3171	HGSV_16255	220	7	0.0	0.0	0.0
3172	HGSV_19462	220	55	0.039	0.039	0.0
3173	HGSV_19463	220	53	0.039	0.039	0.039
3174	HGSV_2895	220	10	0.0	0.0	0.0
3175	HGSV_5699	220	11	0.0	0.0	0.0
3176	HGSV_7208	220	55	0.0	0.0	0.0
3177	HGSV_7538	220	6	0.0	0.0	0.0
3178	HGSV_8439	220	43	0.016	0.016	0.016
3179	HGSV_9040	220	72	0.001	0.001	0.001
3180	HGSV_10959	219	171	0.0	0.0	0.0
3181	HGSV_117	219	20	0.001	0.001	0.001
3182	HGSV_1187	219	13	0.0	0.0	0.0
3183	HGSV_12552	219	22	0.0	0.0	0.0
3184	HGSV_13942	219	12	0.0	0.0	0.0
3185	HGSV_143668	219	3	0.0	0.0	0.0
3186	HGSV_144650	219	13	0.004	0.004	0.004
3187	HGSV_144963	219	6	0.0	0.0	0.0
3188	HGSV_147177	219	45	0.0	0.0	0.0
3189	HGSV_148084	219	59	0.0	0.0	0.0
3190	HGSV_1502	219	63	0.001	0.001	0.0
3191	HGSV_1506	219	71	0.0	0.0	0.0
3192	HGSV_151206	219	17	0.004	0.004	0.004
3193	HGSV_15332	219	14	0.0	0.0	0.0
3194	HGSV_156579	219	23	0.0	0.0	0.0
3195	HGSV_157551	219	61	0.02	0.02	0.02
3196	HGSV_2366	219	8	0.0	0.0	0.0
3197	HGSV_27	219	52	0.0	0.0	0.0
3198	HGSV_3537	219	8	0.0	0.0	0.0
3199	HGSV_6283	219	14	0.001	0.001	0.001
3200	HGSV_631	219	9	0.971	0.971	0.971
3201	HGSV_10515	218	12	0.0	0.0	0.0
3202	HGSV_10757	218	34	0.0	0.0	0.0
3203	HGSV_10861	218	10	0.0	0.0	0.0
3204	HGSV_10925	218	5	0.002	0.0	0.0
3205	HGSV_12800	218	3	0.0	0.0	0.0
3206	HGSV_12843	218	12	0.0	0.0	0.0
3207	HGSV_144792	218	20	0.001	0.001	0.001
3208	HGSV_145777	218	15	0.0	0.0	0.0
3209	HGSV_147107	218	63	0.0	0.0	0.0
3210	HGSV_147912	218	36	0.0	0.0	0.0
3211	HGSV_149615	218	87	0.06	0.06	0.06
3212	HGSV_149986	218	41	0.001	0.001	0.001
3213	HGSV_151197	218	20	0.002	0.002	0.002
3214	HGSV_15215	218	19	0.0	0.0	0.0
3215	HGSV_152313	218	37	0.0	0.0	0.0
3216	HGSV_152333	218	30	0.015	0.015	0.015
3217	HGSV_155769	218	18	0.0	0.0	0.0
3218	HGSV_155796	218	36	0.019	0.019	0.019
3219	HGSV_156458	218	101	0.049	0.049	0.049
3220	HGSV_1571	218	7	0.0	0.0	0.0
3221	HGSV_157526	218	31	0.0	0.0	0.0
3222	HGSV_10422	217	145	0.0	0.0	0.0
3223	HGSV_11143	217	15	0.0	0.0	0.0
3224	HGSV_1163	217	17	0.0	0.0	0.0
3225	HGSV_13083	217	103	0.088	0.088	0.088
3226	HGSV_1339	217	14	0.0	0.0	0.0
3227	HGSV_147958	217	62	0.027	0.027	0.027
3228	HGSV_148261	217	22	0.0	0.0	0.0
3229	HGSV_1485	217	174	0.107	0.107	0.107
3230	HGSV_150681	217	6	0.0	0.0	0.0
3231	HGSV_154291	217	11	0.001	0.001	0.001
3232	HGSV_156102	217	11	0.0	0.0	0.0
3233	HGSV_157046	217	176	0.082	0.082	0.082
3234	HGSV_15733	217	15	0.013	0.013	0.013
3235	HGSV_15823	217	64	0.034	0.034	0.034
3236	HGSV_3074	217	5	0.0	0.0	0.0
3237	HGSV_3783	217	15	0.0	0.0	0.0
3238	HGSV_594	217	12	0.0	0.0	0.0
3239	HGSV_6070	217	14	0.0	0.0	0.0
3240	HGSV_733	217	8	0.0	0.0	0.0
3241	HGSV_7467	217	180	0.0	0.0	0.0
3242	HGSV_10712	216	12	0.0	0.0	0.0
3243	HGSV_10723	216	16	0.0	0.0	0.0
3244	HGSV_11575	216	2	0.0	0.0	0.0
3245	HGSV_14456	216	75	0.148	0.148	0.0
3246	HGSV_145813	216	42	0.0	0.0	0.0
3247	HGSV_146422	216	16	0.0	0.0	0.0
3248	HGSV_147375	216	19	0.0	0.0	0.0
3249	HGSV_150099	216	6	0.005	0.005	0.005
3250	HGSV_151686	216	172	0.0	0.0	0.0
3251	HGSV_153726	216	15	0.007	0.007	0.007
3252	HGSV_154098	216	11	0.0	0.0	0.0
3253	HGSV_156804	216	4	0.0	0.0	0.0
3254	HGSV_157143	216	7	0.0	0.0	0.0
3255	HGSV_158674	216	10	0.0	0.0	0.0
3256	HGSV_19498	216	6	0.0	0.0	0.0
3257	HGSV_2095	216	88	0.048	0.048	0.0
3258	HGSV_2836	216	3	0.0	0.0	0.0
3259	HGSV_3322	216	51	0.004	0.0	0.0
3260	HGSV_3942	216	23	0.0	0.0	0.0
3261	HGSV_4628	216	17	0.0	0.0	0.0
3262	HGSV_4685	216	12	0.0	0.0	0.0
3263	HGSV_7763	216	123	0.057	0.057	0.057
3264	HGSV_9166	216	15	0.0	0.0	0.0
3265	HGSV_9907	216	141	0.094	0.094	0.094
3266	HGSV_11031	215	6	0.0	0.0	0.0
3267	HGSV_11660	215	12	0.0	0.0	0.0
3268	HGSV_12848	215	22	0.0	0.0	0.0
3269	HGSV_13242	215	52	0.024	0.024	0.024
3270	HGSV_13602	215	30	0.02	0.02	0.02
3271	HGSV_13835	215	22	0.0	0.0	0.0
3272	HGSV_144485	215	170	0.133	0.133	0.0
3273	HGSV_144591	215	16	0.0	0.0	0.0
3274	HGSV_149938	215	20	0.0	0.0	0.0
3275	HGSV_152786	215	16	0.0	0.0	0.0
3276	HGSV_155666	215	8	0.0	0.0	0.0
3277	HGSV_155676	215	13	0.0	0.0	0.0
3278	HGSV_18253	215	9	0.0	0.0	0.0
3279	HGSV_215	215	15	0.0	0.0	0.0
3280	HGSV_2170	215	24	0.0	0.0	0.0
3281	HGSV_4030	215	13	0.0	0.0	0.0
3282	HGSV_604	215	34	0.0	0.0	0.0
3283	HGSV_6053	215	62	0.031	0.031	0.031
3284	HGSV_10814	214	7	0.0	0.0	0.0
3285	HGSV_10903	214	28	0.0	0.0	0.0
3286	HGSV_10914	214	10	0.0	0.0	0.0
3287	HGSV_1113	214	16	0.0	0.0	0.0
3288	HGSV_11283	214	2	0.0	0.0	0.0
3289	HGSV_12255	214	7	0.0	0.0	0.0
3290	HGSV_144226	214	16	0.0	0.0	0.0
3291	HGSV_147996	214	14	0.0	0.0	0.0
3292	HGSV_148055	214	13	0.0	0.0	0.0
3293	HGSV_150453	214	96	1.0	1.0	0.0
3294	HGSV_154913	214	39	0.005	0.005	0.005
3295	HGSV_155444	214	13	0.0	0.0	0.0
3296	HGSV_155724	214	17	0.0	0.0	0.0
3297	HGSV_155783	214	19	0.0	0.0	0.0
3298	HGSV_1572	214	65	0.023	0.023	0.023
3299	HGSV_157786	214	140	0.065	0.065	0.065
3300	HGSV_15825	214	13	0.0	0.0	0.0
3301	HGSV_16220	214	41	0.0	0.0	0.0
3302	HGSV_1628	214	15	0.001	0.001	0.001
3303	HGSV_16591	214	117	0.073	0.073	0.073
3304	HGSV_17649	214	52	0.042	0.042	0.0
3305	HGSV_18603	214	19	0.0	0.0	0.0
3306	HGSV_19504	214	11	0.001	0.001	0.001
3307	HGSV_2104	214	28	0.0	0.0	0.0
3308	HGSV_222	214	12	0.001	0.001	0.001
3309	HGSV_251	214	2	0.0	0.0	0.0
3310	HGSV_3186	214	27	0.0	0.0	0.0
3311	HGSV_4165	214	115	0.06	0.06	0.06
3312	HGSV_6110	214	10	0.0	0.0	0.0
3313	HGSV_6984	214	40	0.133	0.133	0.0
3314	HGSV_9905	214	13	0.999	0.999	0.999
3315	HGSV_10715	213	9	0.0	0.0	0.0
3316	HGSV_11524	213	7	0.0	0.0	0.0
3317	HGSV_11629	213	33	0.018	0.018	0.018
3318	HGSV_13464	213	177	0.093	0.093	0.093
3319	HGSV_146103	213	6	0.0	0.0	0.0
3320	HGSV_147483	213	17	0.0	0.0	0.0
3321	HGSV_147549	213	9	0.0	0.0	0.0
3322	HGSV_147904	213	19	0.006	0.006	0.006
3323	HGSV_14879	213	16	0.001	0.001	0.001
3324	HGSV_15495	213	30	0.0	0.0	0.0
3325	HGSV_155892	213	72	0.004	0.0	0.0
3326	HGSV_156962	213	19	0.0	0.0	0.0
3327	HGSV_157477	213	61	0.03	0.03	0.03
3328	HGSV_16324	213	48	0.017	0.017	0.017
3329	HGSV_17636	213	23	0.001	0.001	0.001
3330	HGSV_1814	213	8	0.0	0.0	0.0
3331	HGSV_18187	213	13	0.001	0.001	0.001
3332	HGSV_2887	213	30	0.001	0.001	0.001
3333	HGSV_4228	213	15	0.002	0.002	0.002
3334	HGSV_4968	213	15	0.003	0.003	0.003
3335	HGSV_8322	213	17	0.0	0.0	0.0
3336	HGSV_10686	212	13	0.0	0.0	0.0
3337	HGSV_10764	212	19	0.0	0.0	0.0
3338	HGSV_11043	212	7	0.0	0.0	0.0
3339	HGSV_11971	212	37	0.0	0.0	0.0
3340	HGSV_12143	212	12	0.0	0.0	0.0
3341	HGSV_144790	212	16	0.0	0.0	0.0
3342	HGSV_144828	212	2	0.0	0.0	0.0
3343	HGSV_146043	212	42	0.022	0.022	0.022
3344	HGSV_146522	212	20	0.0	0.0	0.0
3345	HGSV_147452	212	25	0.0	0.0	0.0
3346	HGSV_147760	212	6	0.0	0.0	0.0
3347	HGSV_151158	212	93	0.0	0.0	0.0
3348	HGSV_154308	212	15	0.0	0.0	0.0
3349	HGSV_155733	212	133	0.092	0.092	0.092
3350	HGSV_155740	212	12	0.0	0.0	0.0
3351	HGSV_15725	212	12	0.0	0.0	0.0
3352	HGSV_15925	212	16	0.0	0.0	0.0
3353	HGSV_1698	212	18	0.0	0.0	0.0
3354	HGSV_18385	212	29	0.002	0.002	0.002
3355	HGSV_2114	212	10	0.0	0.0	0.0
3356	HGSV_4142	212	4	0.0	0.0	0.0
3357	HGSV_4913	212	163	0.09	0.09	0.09
3358	HGSV_9281	212	11	0.006	0.006	0.006
3359	HGSV_9516	212	51	0.022	0.022	0.022
3360	HGSV_967	212	9	0.0	0.0	0.0
3361	HGSV_975	212	15	0.0	0.0	0.0
3362	HGSV_9773	212	20	0.002	0.002	0.002
3363	HGSV_10114	211	3	0.0	0.0	0.0
3364	HGSV_10456	211	17	0.0	0.0	0.0
3365	HGSV_10463	211	12	0.0	0.0	0.0
3366	HGSV_11122	211	4	0.0	0.0	0.0
3367	HGSV_11951	211	3	0.0	0.0	0.0
3368	HGSV_12033	211	30	0.882	0.882	0.0
3369	HGSV_12632	211	6	0.0	0.0	0.0
3370	HGSV_144181	211	9	0.0	0.0	0.0
3371	HGSV_144522	211	3	0.001	0.001	0.001
3372	HGSV_145624	211	126	0.076	0.076	0.076
3373	HGSV_145639	211	13	0.004	0.004	0.0
3374	HGSV_146625	211	12	0.0	0.0	0.0
3375	HGSV_148595	211	11	0.0	0.0	0.0
3376	HGSV_150605	211	11	0.0	0.0	0.0
3377	HGSV_152086	211	12	0.0	0.0	0.0
3378	HGSV_152698	211	166	0.094	0.094	0.094
3379	HGSV_154277	211	17	0.0	0.0	0.0
3380	HGSV_155294	211	10	0.0	0.0	0.0
3381	HGSV_156167	211	20	0.0	0.0	0.0
3382	HGSV_15754	211	23	0.001	0.001	0.001
3383	HGSV_158143	211	9	0.002	0.002	0.002
3384	HGSV_158816	211	157	0.0	0.0	0.0
3385	HGSV_17543	211	40	0.016	0.016	0.0
3386	HGSV_17780	211	14	0.002	0.002	0.002
3387	HGSV_18222	211	12	0.001	0.001	0.001
3388	HGSV_18560	211	76	0.0	0.0	0.0
3389	HGSV_3581	211	15	0.0	0.0	0.0
3390	HGSV_9440	211	49	0.025	0.025	0.025
3391	HGSV_9490	211	6	0.0	0.0	0.0
3392	HGSV_11161	210	10	0.0	0.0	0.0
3393	HGSV_143402	210	42	0.0	0.0	0.0
3394	HGSV_145133	210	10	0.0	0.0	0.0
3395	HGSV_146148	210	59	0.001	0.001	0.001
3396	HGSV_146149	210	79	0.027	0.027	0.0
3397	HGSV_146185	210	3	0.0	0.0	0.0
3398	HGSV_146196	210	19	0.001	0.001	0.001
3399	HGSV_146297	210	125	0.05	0.05	0.05
3400	HGSV_1464	210	40	0.0	0.0	0.0
3401	HGSV_146956	210	41	0.001	0.001	0.001
3402	HGSV_147431	210	8	0.0	0.0	0.0
3403	HGSV_149073	210	16	0.0	0.0	0.0
3404	HGSV_1504	210	86	0.0	0.0	0.0
3405	HGSV_151357	210	170	0.0	0.0	0.0
3406	HGSV_152376	210	15	0.001	0.001	0.001
3407	HGSV_153377	210	21	0.002	0.002	0.002
3408	HGSV_157752	210	11	0.0	0.0	0.0
3409	HGSV_16194	210	18	0.0	0.0	0.0
3410	HGSV_1717	210	11	0.0	0.0	0.0
3411	HGSV_18145	210	1	0.0	0.0	0.0
3412	HGSV_2638	210	134	0.0	0.0	0.0
3413	HGSV_4848	210	15	0.003	0.003	0.003
3414	HGSV_7798	210	11	0.0	0.0	0.0
3415	HGSV_10464	209	10	0.0	0.0	0.0
3416	HGSV_10921	209	18	0.0	0.0	0.0
3417	HGSV_11158	209	20	0.0	0.0	0.0
3418	HGSV_11190	209	10	0.0	0.0	0.0
3419	HGSV_11467	209	33	0.0	0.0	0.0
3420	HGSV_11517	209	14	0.001	0.001	0.001
3421	HGSV_11640	209	51	0.027	0.027	0.027
3422	HGSV_13966	209	20	0.004	0.004	0.004
3423	HGSV_144474	209	42	0.0	0.0	0.0
3424	HGSV_145706	209	13	0.0	0.0	0.0
3425	HGSV_145738	209	106	0.073	0.073	0.073
3426	HGSV_148661	209	9	0.0	0.0	0.0
3427	HGSV_149000	209	17	0.0	0.0	0.0
3428	HGSV_149466	209	146	0.104	0.104	0.0
3429	HGSV_150297	209	7	0.0	0.0	0.0
3430	HGSV_150570	209	4	0.347	0.347	0.347
3431	HGSV_151451	209	10	0.0	0.0	0.0
3432	HGSV_151657	209	15	0.0	0.0	0.0
3433	HGSV_152527	209	6	0.0	0.0	0.0
3434	HGSV_152700	209	0	0.0	0.0	0.0
3435	HGSV_153116	209	30	0.0	0.0	0.0
3436	HGSV_154786	209	13	0.0	0.0	0.0
3437	HGSV_155466	209	57	0.026	0.026	0.026
3438	HGSV_155873	209	20	0.0	0.0	0.0
3439	HGSV_156117	209	13	0.001	0.001	0.001
3440	HGSV_158017	209	17	0.0	0.0	0.0
3441	HGSV_158987	209	170	0.091	0.091	0.0
3442	HGSV_17082	209	101	0.052	0.052	0.052
3443	HGSV_18099	209	1	0.0	0.0	0.0
3444	HGSV_18391	209	4	0.0	0.0	0.0
3445	HGSV_2651	209	5	0.0	0.0	0.0
3446	HGSV_3728	209	12	0.0	0.0	0.0
3447	HGSV_4708	209	15	0.0	0.0	0.0
3448	HGSV_5527	209	15	0.0	0.0	0.0
3449	HGSV_598	209	24	0.0	0.0	0.0
3450	HGSV_6752	209	17	0.001	0.302	0.302
3451	HGSV_7358	209	7	0.0	0.0	0.0
3452	HGSV_776	209	19	0.005	0.005	0.005
3453	HGSV_8917	209	17	0.0	0.0	0.0
3454	HGSV_9131	209	15	0.004	0.004	0.004
3455	HGSV_10395	208	14	0.0	0.0	0.0
3456	HGSV_10725	208	15	0.0	0.0	0.0
3457	HGSV_12046	208	51	0.021	0.021	0.021
3458	HGSV_12117	208	3	0.0	0.0	0.0
3459	HGSV_12254	208	8	0.0	0.0	0.0
3460	HGSV_12719	208	83	0.0	0.0	0.0
3461	HGSV_1292	208	85	0.064	0.064	0.064
3462	HGSV_145213	208	9	0.002	0.002	0.002
3463	HGSV_1465	208	52	0.0	0.0	0.0
3464	HGSV_147154	208	6	0.0	0.0	0.0
3465	HGSV_147931	208	12	0.0	0.0	0.0
3466	HGSV_149378	208	17	0.007	0.007	0.007
3467	HGSV_149816	208	40	0.001	0.001	0.0
3468	HGSV_151566	208	11	0.0	0.0	0.0
3469	HGSV_152002	208	6	0.0	0.0	0.0
3470	HGSV_153373	208	118	0.065	0.065	0.065
3471	HGSV_157093	208	7	0.0	0.0	0.0
3472	HGSV_158622	208	166	0.118	0.118	0.118
3473	HGSV_159070	208	155	0.096	0.096	0.096
3474	HGSV_17839	208	118	0.068	0.068	0.068
3475	HGSV_1852	208	5	0.0	0.0	0.0
3476	HGSV_4385	208	19	0.0	0.0	0.0
3477	HGSV_4791	208	15	0.0	0.0	0.0
3478	HGSV_7118	208	13	0.0	0.0	0.0
3479	HGSV_7198	208	5	0.0	0.0	0.0
3480	HGSV_786	208	8	0.0	0.0	0.0
3481	HGSV_9553	208	6	0.0	0.0	0.0
3482	HGSV_9781	208	18	0.003	0.003	0.003
3483	HGSV_9825	208	26	0.0	0.0	0.0
3484	HGSV_10513	207	18	0.0	0.0	0.0
3485	HGSV_10713	207	10	0.0	0.0	0.0
3486	HGSV_10877	207	14	0.0	0.0	0.0
3487	HGSV_11196	207	15	0.0	0.0	0.0
3488	HGSV_11600	207	7	0.0	0.0	0.0
3489	HGSV_12146	207	15	0.0	0.0	0.0
3490	HGSV_12242	207	8	0.0	0.0	0.0
3491	HGSV_12277	207	3	0.001	0.001	0.001
3492	HGSV_143500	207	17	0.0	0.0	0.0
3493	HGSV_144303	207	85	0.0	0.0	0.0
3494	HGSV_145676	207	19	0.005	0.005	0.005
3495	HGSV_147562	207	66	0.045	0.045	0.045
3496	HGSV_147664	207	12	0.0	0.0	0.0
3497	HGSV_148078	207	7	0.0	0.0	0.0
3498	HGSV_148623	207	70	0.12	0.12	0.0
3499	HGSV_149901	207	11	0.0	0.0	0.0
3500	HGSV_150915	207	14	0.0	0.0	0.0
3501	HGSV_15162	207	11	0.004	0.004	0.004
3502	HGSV_154287	207	19	0.001	0.001	0.001
3503	HGSV_156992	207	48	0.017	0.017	0.0
3504	HGSV_157385	207	139	0.064	0.064	0.064
3505	HGSV_1605	207	16	0.0	0.0	0.0
3506	HGSV_17015	207	172	0.136	0.136	0.136
3507	HGSV_17256	207	32	0.0	0.0	0.0
3508	HGSV_17479	207	76	0.052	0.052	0.052
3509	HGSV_1778	207	17	0.001	0.001	0.001
3510	HGSV_17894	207	13	0.001	0.001	0.001
3511	HGSV_18034	207	16	0.0	0.0	0.0
3512	HGSV_5568	207	53	0.039	0.039	0.039
3513	HGSV_9098	207	54	0.104	0.104	0.0
3514	HGSV_9991	207	13	0.0	0.0	0.0
3515	HGSV_10038	206	14	0.0	0.0	0.0
3516	HGSV_10767	206	11	0.0	0.0	0.0
3517	HGSV_11095	206	8	0.0	0.0	0.0
3518	HGSV_12032	206	21	0.0	0.0	0.0
3519	HGSV_12308	206	17	0.0	0.0	0.0
3520	HGSV_1236	206	54	0.022	0.022	0.022
3521	HGSV_12614	206	27	0.005	0.005	0.005
3522	HGSV_13619	206	11	0.0	0.0	0.0
3523	HGSV_14150	206	166	0.112	0.112	0.112
3524	HGSV_143563	206	14	0.0	0.0	0.0
3525	HGSV_145820	206	27	0.001	0.001	0.001
3526	HGSV_147983	206	29	0.014	0.0	0.0
3527	HGSV_150369	206	7	0.0	0.0	0.0
3528	HGSV_150871	206	6	0.0	0.0	0.0
3529	HGSV_150873	206	20	0.0	0.0	0.0
3530	HGSV_154610	206	44	0.979	0.979	0.979
3531	HGSV_155820	206	19	0.0	0.0	0.0
3532	HGSV_156986	206	11	0.0	0.0	0.0
3533	HGSV_157210	206	32	0.017	0.017	0.017
3534	HGSV_157498	206	22	0.0	0.0	0.0
3535	HGSV_15995	206	18	0.0	0.0	0.0
3536	HGSV_18220	206	16	0.0	0.0	0.0
3537	HGSV_19202	206	89	0.999	0.999	0.0
3538	HGSV_19673	206	106	0.077	0.077	0.077
3539	HGSV_2632	206	100	0.069	0.069	0.069
3540	HGSV_3454	206	4	0.0	0.0	0.0
3541	HGSV_5952	206	18	0.0	0.0	0.0
3542	HGSV_7830	206	13	0.0	0.0	0.0
3543	HGSV_810	206	8	0.0	0.0	0.0
3544	HGSV_9559	206	38	0.0	0.0	0.0
3545	HGSV_957	206	30	0.0	0.0	0.0
3546	HGSV_10538	205	13	0.001	0.0	0.0
3547	HGSV_10671	205	10	0.0	0.0	0.0
3548	HGSV_10869	205	19	0.0	0.0	0.0
3549	HGSV_10905	205	7	0.0	0.0	0.0
3550	HGSV_11112	205	14	0.0	0.0	0.0
3551	HGSV_11728	205	7	0.0	0.0	0.0
3552	HGSV_12513	205	1	0.0	0.0	0.0
3553	HGSV_12579	205	17	0.001	0.001	0.001
3554	HGSV_12841	205	10	0.001	0.001	0.001
3555	HGSV_148018	205	9	0.0	0.0	0.0
3556	HGSV_149657	205	10	0.0	0.0	0.0
3557	HGSV_150550	205	16	0.0	0.0	0.0
3558	HGSV_150782	205	45	0.014	0.014	0.014
3559	HGSV_152099	205	9	0.0	0.0	0.0
3560	HGSV_155401	205	45	0.024	0.024	0.0
3561	HGSV_155530	205	4	0.0	0.0	0.0
3562	HGSV_15980	205	16	0.0	0.0	0.0
3563	HGSV_17580	205	10	0.0	0.0	0.0
3564	HGSV_17836	205	33	0.012	0.012	0.012
3565	HGSV_19132	205	12	0.0	0.0	0.0
3566	HGSV_19493	205	12	0.0	0.0	0.0
3567	HGSV_206	205	14	0.0	0.0	0.0
3568	HGSV_2637	205	135	0.09	0.09	0.09
3569	HGSV_266	205	10	0.0	0.0	0.0
3570	HGSV_2672	205	65	0.034	0.034	0.034
3571	HGSV_3243	205	15	0.0	0.0	0.0
3572	HGSV_4045	205	173	0.118	0.118	0.0
3573	HGSV_5303	205	1	0.0	0.0	0.0
3574	HGSV_6028	205	8	0.0	0.0	0.0
3575	HGSV_67	205	13	0.0	0.0	0.0
3576	HGSV_7000	205	25	0.004	0.004	0.0
3577	HGSV_1087	204	16	0.001	1.0	0.0
3578	HGSV_144856	204	12	0.0	0.0	0.0
3579	HGSV_146136	204	0	0.004	0.0	0.0
3580	HGSV_146751	204	23	0.003	0.003	0.003
3581	HGSV_146986	204	110	0.055	0.055	0.055
3582	HGSV_14707	204	13	0.003	0.003	0.003
3583	HGSV_147855	204	18	0.0	0.0	0.0
3584	HGSV_148303	204	51	0.027	0.027	0.027
3585	HGSV_150081	204	8	0.0	0.0	0.0
3586	HGSV_150743	204	13	0.0	0.0	0.0
3587	HGSV_15233	204	17	0.0	0.0	0.0
3588	HGSV_152613	204	26	0.0	0.0	0.0
3589	HGSV_153908	204	12	0.0	0.0	0.0
3590	HGSV_1539	204	6	0.0	0.0	0.0
3591	HGSV_15399	204	166	0.094	0.094	0.094
3592	HGSV_155415	204	11	0.0	0.0	0.0
3593	HGSV_155726	204	16	0.0	0.0	0.0
3594	HGSV_156442	204	164	0.125	0.125	0.125
3595	HGSV_157077	204	2	0.0	0.0	0.0
3596	HGSV_1756	204	14	0.0	0.0	0.0
3597	HGSV_19472	204	64	0.04	0.04	0.0
3598	HGSV_2722	204	14	0.0	0.0	0.0
3599	HGSV_2920	204	7	0.0	0.0	0.0
3600	HGSV_4300	204	59	0.025	0.025	0.0
3601	HGSV_5304	204	1	0.0	0.0	0.0
3602	HGSV_143421	203	20	0.0	0.0	0.0
3603	HGSV_144675	203	13	0.921	0.921	0.921
3604	HGSV_145095	203	18	0.001	0.001	0.001
3605	HGSV_146165	203	12	0.0	0.0	0.0
3606	HGSV_146419	203	13	0.0	0.0	0.0
3607	HGSV_147178	203	26	0.0	0.0	0.0
3608	HGSV_147660	203	8	0.0	0.0	0.0
3609	HGSV_148566	203	19	0.0	0.0	0.0
3610	HGSV_149798	203	13	0.001	0.001	0.001
3611	HGSV_149889	203	17	0.0	0.0	0.0
3612	HGSV_152140	203	58	0.037	0.037	0.0
3613	HGSV_1528	203	20	0.0	0.0	0.0
3614	HGSV_153039	203	20	0.0	0.0	0.0
3615	HGSV_153559	203	11	0.0	0.0	0.0
3616	HGSV_153962	203	63	0.036	0.036	0.036
3617	HGSV_154513	203	12	0.0	0.0	0.0
3618	HGSV_155435	203	94	0.0	0.0	0.0
3619	HGSV_155995	203	15	0.0	0.0	0.0
3620	HGSV_158321	203	14	0.0	0.0	0.0
3621	HGSV_15969	203	19	0.001	0.001	0.001
3622	HGSV_1644	203	5	0.0	0.0	0.0
3623	HGSV_16999	203	16	0.0	0.0	0.0
3624	HGSV_17985	203	5	0.0	0.0	0.0
3625	HGSV_18029	203	9	0.0	0.0	0.0
3626	HGSV_2510	203	10	0.0	0.0	0.0
3627	HGSV_2760	203	69	0.0	0.0	0.0
3628	HGSV_2896	203	17	0.001	0.001	0.001
3629	HGSV_3665	203	11	0.0	0.0	0.0
3630	HGSV_3761	203	8	0.0	0.0	0.0
3631	HGSV_4548	203	46	0.901	0.901	0.0
3632	HGSV_5023	203	8	0.0	0.0	0.0
3633	HGSV_6797	203	19	0.0	0.0	0.0
3634	HGSV_7712	203	13	0.0	0.0	0.0
3635	HGSV_10511	202	10	0.0	0.0	0.0
3636	HGSV_10895	202	14	0.0	0.0	0.0
3637	HGSV_11199	202	27	0.0	0.0	0.0
3638	HGSV_11290	202	15	0.0	0.0	0.0
3639	HGSV_13706	202	152	0.101	0.101	0.0
3640	HGSV_143813	202	21	0.0	0.0	0.0
3641	HGSV_144351	202	28	0.0	0.0	0.0
3642	HGSV_14444	202	14	0.0	0.0	0.0
3643	HGSV_144859	202	20	0.004	0.004	0.004
3644	HGSV_145803	202	4	0.0	0.0	0.0
3645	HGSV_147051	202	54	0.023	0.023	0.023
3646	HGSV_147179	202	21	0.0	0.0	0.0
3647	HGSV_149057	202	12	0.0	0.0	0.0
3648	HGSV_149557	202	9	0.002	0.002	0.002
3649	HGSV_150356	202	3	0.0	0.0	0.0
3650	HGSV_150565	202	14	0.0	0.0	0.0
3651	HGSV_151214	202	11	0.0	0.0	0.0
3652	HGSV_151600	202	10	0.0	0.0	0.0
3653	HGSV_151658	202	7	0.895	0.895	0.895
3654	HGSV_153570	202	14	0.001	0.001	0.001
3655	HGSV_153858	202	2	0.0	0.0	0.0
3656	HGSV_155417	202	4	0.0	0.0	0.0
3657	HGSV_15758	202	21	0.0	0.0	0.0
3658	HGSV_158276	202	29	0.0	0.0	0.0
3659	HGSV_158388	202	46	0.018	0.018	0.018
3660	HGSV_16305	202	13	0.0	0.0	0.0
3661	HGSV_19495	202	12	0.001	0.001	0.001
3662	HGSV_2501	202	2	0.0	0.0	0.0
3663	HGSV_2561	202	7	0.0	0.0	0.0
3664	HGSV_4349	202	28	0.005	0.005	0.005
3665	HGSV_4866	202	32	0.006	0.006	0.0
3666	HGSV_4980	202	9	0.0	0.0	0.0
3667	HGSV_5056	202	18	0.0	0.0	0.0
3668	HGSV_7057	202	17	0.0	0.0	0.0
3669	HGSV_7912	202	11	0.0	0.0	0.0
3670	HGSV_8931	202	12	0.0	0.0	0.0
3671	HGSV_9573	202	41	0.0	0.0	0.0
3672	HGSV_9760	202	16	0.004	0.004	0.004
3673	HGSV_10074	201	17	0.0	0.0	0.0
3674	HGSV_10396	201	17	0.0	0.0	0.0
3675	HGSV_10481	201	19	0.0	0.0	0.0
3676	HGSV_11110	201	10	0.0	0.0	0.0
3677	HGSV_11571	201	9	0.0	0.0	0.0
3678	HGSV_12145	201	16	0.0	0.0	0.0
3679	HGSV_12148	201	102	0.052	0.052	0.052
3680	HGSV_13049	201	9	0.0	0.0	0.0
3681	HGSV_13431	201	9	0.0	0.0	0.0
3682	HGSV_14163	201	14	0.001	0.001	0.001
3683	HGSV_144007	201	13	0.001	0.001	0.001
3684	HGSV_144811	201	33	0.016	0.016	0.016
3685	HGSV_145851	201	10	0.0	0.0	0.0
3686	HGSV_146500	201	9	0.0	0.0	0.0
3687	HGSV_147697	201	14	0.0	0.0	0.0
3688	HGSV_147726	201	22	0.0	0.0	0.0
3689	HGSV_147754	201	13	0.0	0.0	0.0
3690	HGSV_149229	201	20	0.0	0.0	0.0
3691	HGSV_150591	201	25	0.001	0.001	0.001
3692	HGSV_151002	201	15	0.0	0.0	0.0
3693	HGSV_154407	201	13	0.0	0.0	0.0
3694	HGSV_154562	201	15	0.0	0.0	0.0
3695	HGSV_155440	201	6	0.0	0.0	0.0
3696	HGSV_155553	201	16	0.0	0.0	0.0
3697	HGSV_158236	201	10	0.0	0.0	0.0
3698	HGSV_15926	201	16	0.0	0.0	0.0
3699	HGSV_1673	201	50	0.035	0.035	0.0
3700	HGSV_2229	201	9	0.0	0.0	0.0
3701	HGSV_2731	201	16	0.0	0.0	0.0
3702	HGSV_2894	201	3	0.0	0.0	0.0
3703	HGSV_3553	201	8	0.0	0.0	0.0
3704	HGSV_3969	201	12	0.0	0.0	0.0
3705	HGSV_4644	201	13	0.001	0.001	0.001
3706	HGSV_6652	201	15	0.0	0.0	0.0
3707	HGSV_6737	201	43	0.005	0.005	0.005
3708	HGSV_8464	201	138	0.156	0.156	0.156
3709	HGSV_10107	200	17	0.0	0.0	0.0
3710	HGSV_10666	200	9	0.0	0.0	0.0
3711	HGSV_10806	200	12	0.0	0.0	0.0
3712	HGSV_1088	200	4	0.0	0.0	0.0
3713	HGSV_11099	200	10	0.0	0.0	0.0
3714	HGSV_11108	200	9	0.0	0.0	0.0
3715	HGSV_11127	200	14	0.0	0.0	0.0
3716	HGSV_11153	200	8	0.0	0.0	0.0
3717	HGSV_12540	200	14	0.0	0.0	0.0
3718	HGSV_13903	200	13	0.0	0.0	0.0
3719	HGSV_143503	200	15	0.0	0.0	0.0
3720	HGSV_143922	200	10	0.001	0.001	0.001
3721	HGSV_144119	200	1	0.775	0.775	0.0
3722	HGSV_14436	200	27	0.01	0.01	0.01
3723	HGSV_14546	200	24	0.0	0.0	0.0
3724	HGSV_145912	200	15	0.001	0.001	0.001
3725	HGSV_146447	200	11	0.0	0.0	0.0
3726	HGSV_146489	200	0	0.0	0.0	0.0
3727	HGSV_146885	200	10	0.0	0.0	0.0
3728	HGSV_146893	200	7	0.001	0.001	0.001
3729	HGSV_147834	200	28	0.0	0.0	0.0
3730	HGSV_150622	200	20	0.0	0.0	0.0
3731	HGSV_1525	200	9	0.0	0.0	0.0
3732	HGSV_155101	200	3	0.0	0.0	0.0
3733	HGSV_155383	200	13	0.0	0.0	0.0
3734	HGSV_155957	200	12	0.0	0.0	0.0
3735	HGSV_156571	200	5	0.0	0.0	0.0
3736	HGSV_157713	200	64	0.024	0.0	0.0
3737	HGSV_16435	200	1	0.001	0.001	0.001
3738	HGSV_1670	200	7	0.0	0.0	0.0
3739	HGSV_1862	200	11	0.0	0.0	0.0
3740	HGSV_19723	200	9	0.0	0.0	0.0
3741	HGSV_2725	200	10	0.0	0.0	0.0
3742	HGSV_2846	200	123	0.0	0.0	0.0
3743	HGSV_4167	200	9	0.0	0.0	0.0
3744	HGSV_4538	200	27	0.002	0.002	0.002
3745	HGSV_6327	200	30	0.011	0.011	0.011
3746	HGSV_8963	200	13	0.0	0.0	0.0
3747	HGSV_9315	200	2	0.001	0.001	0.001
3748	HGSV_10726	199	12	0.0	0.0	0.0
3749	HGSV_10755	199	10	0.0	0.0	0.0
3750	HGSV_10919	199	15	0.0	0.0	0.0
3751	HGSV_12125	199	11	0.0	0.0	0.0
3752	HGSV_12246	199	23	0.0	0.0	0.0
3753	HGSV_12721	199	84	0.058	0.058	0.058
3754	HGSV_143831	199	23	0.0	0.0	0.0
3755	HGSV_144496	199	7	0.001	0.001	0.001
3756	HGSV_144984	199	2	0.0	0.0	0.0
3757	HGSV_145696	199	12	0.0	0.0	0.0
3758	HGSV_146015	199	10	0.0	0.0	0.0
3759	HGSV_14695	199	7	0.0	0.0	0.0
3760	HGSV_147803	199	13	0.0	0.0	0.0
3761	HGSV_148290	199	15	0.0	0.0	0.0
3762	HGSV_149871	199	32	0.0	0.0	0.0
3763	HGSV_149873	199	6	0.0	0.0	0.0
3764	HGSV_150166	199	11	0.0	0.0	0.0
3765	HGSV_150211	199	13	0.0	0.0	0.0
3766	HGSV_151463	199	14	0.001	0.001	0.001
3767	HGSV_152123	199	12	0.0	0.0	0.0
3768	HGSV_154090	199	12	0.0	0.0	0.0
3769	HGSV_154629	199	23	0.003	0.003	0.003
3770	HGSV_155184	199	29	0.0	0.0	0.0
3771	HGSV_155427	199	39	0.031	0.031	0.031
3772	HGSV_156201	199	7	0.0	0.0	0.0
3773	HGSV_156979	199	7	0.0	0.0	0.0
3774	HGSV_158458	199	15	0.0	0.0	0.0
3775	HGSV_16284	199	2	0.0	0.0	0.0
3776	HGSV_16361	199	28	0.0	0.0	0.0
3777	HGSV_17590	199	15	0.0	0.0	0.0
3778	HGSV_17984	199	23	0.0	0.0	0.0
3779	HGSV_18967	199	70	0.052	0.052	0.052
3780	HGSV_18997	199	109	0.0	0.0	0.0
3781	HGSV_3509	199	31	0.011	0.011	0.011
3782	HGSV_3893	199	9	0.0	0.0	0.0
3783	HGSV_4198	199	12	0.001	0.001	0.001
3784	HGSV_7140	199	50	0.037	0.037	0.037
3785	HGSV_7786	199	15	0.0	0.0	0.0
3786	HGSV_9009	199	8	0.0	0.0	0.0
3787	HGSV_9645	199	56	0.82	0.999	0.0
3788	HGSV_9700	199	14	0.001	0.001	0.001
3789	HGSV_9941	199	69	0.036	0.036	0.036
3790	HGSV_10659	198	11	0.0	0.0	0.0
3791	HGSV_10711	198	12	0.0	0.0	0.0
3792	HGSV_10742	198	11	0.0	0.0	0.0
3793	HGSV_10843	198	9	0.0	0.0	0.0
3794	HGSV_10852	198	6	0.0	0.0	0.0
3795	HGSV_11109	198	15	0.0	0.0	0.0
3796	HGSV_11144	198	13	0.0	0.0	0.0
3797	HGSV_11210	198	7	0.0	0.0	0.0
3798	HGSV_1133	198	10	0.0	0.0	0.0
3799	HGSV_11363	198	16	0.002	0.002	0.002
3800	HGSV_1422	198	17	0.0	0.0	0.0
3801	HGSV_144682	198	6	0.0	0.0	0.0
3802	HGSV_146519	198	74	0.0	0.0	0.0
3803	HGSV_14659	198	11	0.0	0.0	0.0
3804	HGSV_146786	198	13	0.0	0.0	0.0
3805	HGSV_147569	198	4	0.0	0.0	0.0
3806	HGSV_147609	198	6	0.0	0.0	0.0
3807	HGSV_150674	198	15	0.009	0.009	0.0
3808	HGSV_151289	198	6	0.0	0.0	0.0
3809	HGSV_15297	198	8	0.0	0.0	0.0
3810	HGSV_154648	198	0	0.0	0.0	0.0
3811	HGSV_155399	198	84	0.059	0.0	0.0
3812	HGSV_15797	198	6	0.0	0.0	0.0
3813	HGSV_1699	198	11	0.0	0.0	0.0
3814	HGSV_17639	198	11	0.893	0.893	0.893
3815	HGSV_18072	198	17	0.0	0.0	0.0
3816	HGSV_2381	198	18	0.006	0.006	0.006
3817	HGSV_2495	198	10	0.001	0.001	0.001
3818	HGSV_3016	198	7	0.0	0.0	0.0
3819	HGSV_417	198	28	0.002	0.002	0.0
3820	HGSV_4716	198	13	0.0	0.0	0.0
3821	HGSV_4975	198	13	0.001	0.001	0.001
3822	HGSV_6815	198	18	0.0	0.0	0.0
3823	HGSV_716	198	16	0.0	0.0	0.0
3824	HGSV_9421	198	56	0.03	0.03	0.03
3825	HGSV_9579	198	15	0.0	0.0	0.0
3826	HGSV_10436	197	12	0.0	0.0	0.0
3827	HGSV_10665	197	8	0.0	0.0	0.0
3828	HGSV_10708	197	17	0.0	0.0	0.0
3829	HGSV_10717	197	9	0.0	0.0	0.0
3830	HGSV_11080	197	19	0.0	0.0	0.0
3831	HGSV_11192	197	13	0.0	0.0	0.0
3832	HGSV_11198	197	9	0.0	0.0	0.0
3833	HGSV_11437	197	35	0.0	0.0	0.0
3834	HGSV_11527	197	4	0.0	0.0	0.0
3835	HGSV_11980	197	29	0.019	0.019	0.019
3836	HGSV_1224	197	52	0.0	0.0	0.0
3837	HGSV_12779	197	13	0.0	0.0	0.0
3838	HGSV_143826	197	14	0.0	0.0	0.0
3839	HGSV_144652	197	6	0.004	0.0	0.0
3840	HGSV_145368	197	2	0.0	0.0	0.0
3841	HGSV_146378	197	18	0.0	0.0	0.0
3842	HGSV_146475	197	9	0.0	0.0	0.0
3843	HGSV_148019	197	10	0.0	0.0	0.0
3844	HGSV_150992	197	12	0.007	0.0	0.0
3845	HGSV_151488	197	10	0.996	0.996	0.996
3846	HGSV_1537	197	22	0.0	0.0	0.0
3847	HGSV_154221	197	14	0.008	0.008	0.008
3848	HGSV_15563	197	8	0.0	0.0	0.0
3849	HGSV_155709	197	21	0.0	0.0	0.0
3850	HGSV_155830	197	18	0.0	0.0	0.0
3851	HGSV_15593	197	7	0.0	0.0	0.0
3852	HGSV_157717	197	30	0.005	0.005	0.005
3853	HGSV_157789	197	140	0.086	0.086	0.086
3854	HGSV_158542	197	32	0.006	0.006	0.006
3855	HGSV_16161	197	16	0.0	0.0	0.0
3856	HGSV_17746	197	92	0.076	0.076	0.076
3857	HGSV_18298	197	7	0.0	0.0	0.0
3858	HGSV_1933	197	8	0.375	0.375	0.375
3859	HGSV_2390	197	8	0.001	0.001	0.001
3860	HGSV_3582	197	6	0.001	0.241	0.241
3861	HGSV_4617	197	33	0.0	0.0	0.0
3862	HGSV_7727	197	8	0.0	0.0	0.0
3863	HGSV_8690	197	25	0.0	0.0	0.0
3864	HGSV_8742	197	55	0.0	0.0	0.0
3865	HGSV_9696	197	13	0.0	0.0	0.0
3866	HGSV_10163	196	16	0.003	0.003	0.003
3867	HGSV_10628	196	12	0.0	0.0	0.0
3868	HGSV_10988	196	15	0.001	0.001	0.001
3869	HGSV_12340	196	25	0.0	0.0	0.0
3870	HGSV_12362	196	13	0.006	0.006	0.006
3871	HGSV_12561	196	15	0.001	0.001	0.001
3872	HGSV_1262	196	12	0.0	0.0	0.0
3873	HGSV_13154	196	12	0.0	0.0	0.0
3874	HGSV_13734	196	16	0.0	0.0	0.0
3875	HGSV_143578	196	13	0.0	0.0	0.0
3876	HGSV_145372	196	33	0.004	0.004	0.004
3877	HGSV_146163	196	11	0.0	0.0	0.0
3878	HGSV_147536	196	12	0.0	0.0	0.0
3879	HGSV_1476	196	37	0.0	0.0	0.0
3880	HGSV_148493	196	33	0.002	0.002	0.002
3881	HGSV_14964	196	19	0.005	0.005	0.005
3882	HGSV_150860	196	10	0.0	0.0	0.0
3883	HGSV_151400	196	10	0.0	0.0	0.0
3884	HGSV_15198	196	8	0.0	0.0	0.0
3885	HGSV_15404	196	10	0.0	0.0	0.0
3886	HGSV_155429	196	13	0.0	0.0	0.0
3887	HGSV_156703	196	8	0.0	0.0	0.0
3888	HGSV_15831	196	11	0.0	0.0	0.0
3889	HGSV_158326	196	9	0.0	0.0	0.0
3890	HGSV_16421	196	8	0.0	0.0	0.0
3891	HGSV_17235	196	20	0.0	0.0	0.0
3892	HGSV_18070	196	14	0.0	0.0	0.0
3893	HGSV_18907	196	18	0.0	0.0	0.0
3894	HGSV_2130	196	10	0.0	0.0	0.0
3895	HGSV_2363	196	15	0.0	0.0	0.0
3896	HGSV_2459	196	11	0.001	0.001	0.001
3897	HGSV_3048	196	16	0.0	0.0	0.0
3898	HGSV_3324	196	17	0.004	0.004	0.004
3899	HGSV_3859	196	12	0.001	0.001	0.001
3900	HGSV_3957	196	8	0.0	0.0	0.0
3901	HGSV_4380	196	2	0.0	0.0	0.0
3902	HGSV_4472	196	23	0.811	0.0	0.0
3903	HGSV_4662	196	12	0.0	0.0	0.0
3904	HGSV_6906	196	10	0.0	0.0	0.0
3905	HGSV_8680	196	24	0.0	0.0	0.0
3906	HGSV_9655	196	11	0.0	0.0	0.0
3907	HGSV_9965	196	10	0.0	0.0	0.0
3908	HGSV_10979	195	19	0.0	0.0	0.0
3909	HGSV_11340	195	5	0.0	0.0	0.0
3910	HGSV_11496	195	9	0.001	0.001	0.001
3911	HGSV_12043	195	9	0.0	0.0	0.0
3912	HGSV_1222	195	51	0.0	0.0	0.0
3913	HGSV_12985	195	6	0.0	0.0	0.0
3914	HGSV_13256	195	20	0.0	0.0	0.0
3915	HGSV_14002	195	155	0.088	0.088	0.088
3916	HGSV_144137	195	14	0.0	0.0	0.0
3917	HGSV_144225	195	26	0.002	0.002	0.002
3918	HGSV_14622	195	26	0.006	0.006	0.006
3919	HGSV_146855	195	16	0.0	0.0	0.0
3920	HGSV_147397	195	11	0.0	0.0	0.0
3921	HGSV_147601	195	9	0.001	0.001	0.001
3922	HGSV_147753	195	19	0.0	0.0	0.0
3923	HGSV_147844	195	8	0.0	0.0	0.0
3924	HGSV_148758	195	10	0.001	0.001	0.001
3925	HGSV_148853	195	13	0.0	0.0	0.0
3926	HGSV_149238	195	13	0.0	0.0	0.0
3927	HGSV_149468	195	8	0.0	0.0	0.0
3928	HGSV_149706	195	15	0.002	0.0	0.0
3929	HGSV_150691	195	13	0.0	0.0	0.0
3930	HGSV_15095	195	24	0.0	0.0	0.0
3931	HGSV_151507	195	10	0.0	0.0	0.0
3932	HGSV_153154	195	9	0.0	0.0	0.0
3933	HGSV_154876	195	16	0.0	0.0	0.0
3934	HGSV_155545	195	57	0.0	0.0	0.0
3935	HGSV_15592	195	5	0.001	0.001	0.001
3936	HGSV_157139	195	9	0.001	0.001	0.001
3937	HGSV_157321	195	11	0.0	0.0	0.0
3938	HGSV_158015	195	19	0.0	0.0	0.0
3939	HGSV_158524	195	14	0.0	0.0	0.0
3940	HGSV_16989	195	24	0.005	0.005	0.005
3941	HGSV_17239	195	15	0.449	0.449	0.449
3942	HGSV_17781	195	12	0.0	0.0	0.0
3943	HGSV_18132	195	14	0.001	0.001	0.001
3944	HGSV_18424	195	7	0.0	0.0	0.0
3945	HGSV_18551	195	71	0.034	0.034	0.034
3946	HGSV_18819	195	19	0.0	0.0	0.0
3947	HGSV_19438	195	88	0.055	0.0	0.0
3948	HGSV_19461	195	17	0.0	0.0	0.0
3949	HGSV_19631	195	14	0.001	0.001	0.001
3950	HGSV_19712	195	59	0.0	0.0	0.0
3951	HGSV_243	195	6	0.527	0.527	0.527
3952	HGSV_3051	195	16	0.0	0.0	0.0
3953	HGSV_3769	195	8	0.0	0.0	0.0
3954	HGSV_4899	195	5	0.0	0.0	0.0
3955	HGSV_6459	195	12	0.0	0.0	0.0
3956	HGSV_7670	195	14	0.0	0.0	0.0
3957	HGSV_809	195	6	0.0	0.0	0.0
3958	HGSV_8270	195	7	0.0	0.0	0.0
3959	HGSV_8399	195	10	0.0	0.0	0.0
3960	HGSV_8699	195	17	0.008	0.008	0.008
3961	HGSV_8962	195	20	0.0	0.0	0.0
3962	HGSV_8995	195	13	0.0	0.0	0.0
3963	HGSV_9767	195	7	0.0	0.0	0.0
3964	HGSV_9786	195	9	0.0	0.0	0.0
3965	HGSV_10459	194	15	0.0	0.0	0.0
3966	HGSV_10740	194	6	0.0	0.0	0.0
3967	HGSV_1085	194	16	0.001	0.001	0.001
3968	HGSV_1204	194	16	0.0	0.0	0.0
3969	HGSV_12518	194	8	0.0	0.0	0.0
3970	HGSV_1280	194	14	0.0	0.0	0.0
3971	HGSV_13699	194	9	0.0	0.0	0.0
3972	HGSV_13711	194	9	0.0	0.0	0.0
3973	HGSV_143569	194	14	0.946	0.946	0.946
3974	HGSV_143947	194	3	0.0	0.0	0.0
3975	HGSV_144111	194	36	0.019	0.019	0.019
3976	HGSV_145635	194	9	0.0	0.0	0.0
3977	HGSV_145748	194	11	0.0	0.0	0.0
3978	HGSV_145906	194	10	0.003	0.003	0.003
3979	HGSV_148676	194	8	0.0	0.0	0.0
3980	HGSV_149668	194	19	0.0	0.0	0.0
3981	HGSV_149762	194	128	0.091	0.091	0.091
3982	HGSV_149914	194	14	0.0	0.0	0.0
3983	HGSV_151847	194	9	0.0	0.0	0.0
3984	HGSV_15229	194	21	0.0	0.0	0.0
3985	HGSV_152950	194	17	0.0	0.0	0.0
3986	HGSV_153033	194	10	0.0	0.0	0.0
3987	HGSV_153602	194	14	0.001	0.001	0.001
3988	HGSV_153717	194	8	0.0	0.0	0.0
3989	HGSV_153857	194	6	0.0	0.0	0.0
3990	HGSV_154000	194	12	0.001	0.001	0.001
3991	HGSV_155517	194	33	0.0	0.0	0.0
3992	HGSV_156720	194	3	0.0	0.0	0.0
3993	HGSV_157274	194	17	0.0	0.0	0.0
3994	HGSV_157662	194	32	0.0	0.0	0.0
3995	HGSV_15772	194	18	0.001	0.001	0.001
3996	HGSV_157872	194	11	0.0	0.0	0.0
3997	HGSV_158715	194	10	0.0	0.0	0.0
3998	HGSV_16136	194	33	0.009	0.009	0.009
3999	HGSV_16208	194	3	0.0	0.0	0.0
4000	HGSV_17377	194	12	0.0	0.0	0.0
4001	HGSV_17440	194	22	0.0	0.0	0.0
4002	HGSV_17632	194	18	0.999	0.999	0.999
4003	HGSV_17633	194	11	0.0	0.0	0.0
4004	HGSV_17855	194	17	0.002	0.002	0.002
4005	HGSV_1819	194	7	0.0	0.0	0.0
4006	HGSV_18212	194	3	0.0	0.0	0.0
4007	HGSV_18980	194	12	0.0	0.0	0.0
4008	HGSV_18998	194	109	0.064	0.0	0.0
4009	HGSV_19358	194	10	0.472	0.472	0.472
4010	HGSV_19477	194	152	0.0	0.0	0.0
4011	HGSV_19518	194	7	0.0	0.0	0.0
4012	HGSV_19540	194	5	0.0	0.0	0.0
4013	HGSV_208	194	41	0.0	0.0	0.0
4014	HGSV_218	194	28	0.0	0.0	0.0
4015	HGSV_269	194	10	0.0	0.0	0.0
4016	HGSV_2805	194	8	0.0	0.0	0.0
4017	HGSV_4341	194	15	0.0	0.0	0.0
4018	HGSV_5456	194	14	0.0	0.0	0.0
4019	HGSV_7844	194	13	0.0	0.0	0.0
4020	HGSV_8004	194	16	0.001	0.001	0.001
4021	HGSV_8056	194	5	0.0	0.0	0.0
4022	HGSV_8959	194	28	0.009	0.009	0.009
4023	HGSV_9435	194	44	0.016	0.0	0.0
4024	HGSV_1064	193	12	0.001	0.001	0.001
4025	HGSV_11191	193	9	0.0	0.0	0.0
4026	HGSV_11197	193	14	0.0	0.0	0.0
4027	HGSV_11433	193	8	0.0	0.0	0.0
4028	HGSV_1158	193	10	0.0	0.0	0.0
4029	HGSV_11604	193	13	0.001	0.0	0.0
4030	HGSV_11646	193	12	0.001	0.001	0.001
4031	HGSV_1255	193	9	0.0	0.0	0.0
4032	HGSV_12802	193	97	0.049	0.049	0.049
4033	HGSV_13209	193	17	0.0	0.0	0.0
4034	HGSV_13896	193	11	0.0	0.0	0.0
4035	HGSV_144681	193	8	0.0	0.0	0.0
4036	HGSV_144770	193	10	0.004	0.0	0.0
4037	HGSV_144866	193	16	0.0	0.0	0.0
4038	HGSV_146757	193	153	0.085	0.085	0.085
4039	HGSV_147759	193	7	0.0	0.0	0.0
4040	HGSV_14798	193	9	0.001	0.001	0.001
4041	HGSV_150966	193	133	0.109	0.109	0.0
4042	HGSV_151233	193	8	0.003	0.003	0.003
4043	HGSV_151898	193	5	0.0	0.0	0.0
4044	HGSV_15400	193	9	0.0	0.0	0.0
4045	HGSV_154312	193	8	0.002	0.002	0.002
4046	HGSV_154437	193	16	0.0	0.0	0.0
4047	HGSV_155031	193	1	0.0	0.0	0.0
4048	HGSV_155972	193	13	0.0	0.0	0.0
4049	HGSV_156247	193	10	0.0	0.0	0.0
4050	HGSV_156324	193	14	0.0	0.0	0.0
4051	HGSV_156370	193	4	0.0	0.0	0.0
4052	HGSV_156455	193	16	0.005	0.005	0.005
4053	HGSV_1569	193	6	0.0	0.0	0.0
4054	HGSV_158193	193	17	0.0	0.0	0.0
4055	HGSV_159080	193	20	0.004	0.004	0.004
4056	HGSV_16889	193	19	0.014	0.014	0.014
4057	HGSV_16965	193	31	0.008	0.008	0.008
4058	HGSV_18194	193	10	0.001	0.001	0.001
4059	HGSV_18874	193	10	0.0	0.0	0.0
4060	HGSV_2872	193	5	0.0	0.0	0.0
4061	HGSV_2885	193	11	0.002	0.002	0.002
4062	HGSV_3006	193	47	0.025	0.025	0.025
4063	HGSV_3015	193	9	0.0	0.0	0.0
4064	HGSV_4746	193	21	0.0	0.0	0.0
4065	HGSV_5089	193	9	0.0	0.0	0.0
4066	HGSV_5346	193	1	0.0	0.0	0.0
4067	HGSV_5356	193	9	0.0	0.0	0.0
4068	HGSV_8968	193	15	0.0	0.0	0.0
4069	HGSV_10466	192	18	0.0	0.0	0.0
4070	HGSV_11381	192	8	0.523	0.523	0.523
4071	HGSV_11462	192	12	0.0	0.0	0.0
4072	HGSV_11693	192	13	0.0	0.0	0.0
4073	HGSV_11718	192	8	0.0	0.0	0.0
4074	HGSV_12986	192	103	1.0	1.0	1.0
4075	HGSV_13408	192	9	0.0	0.0	0.0
4076	HGSV_13683	192	12	0.0	0.0	0.0
4077	HGSV_13864	192	19	0.0	0.0	0.0
4078	HGSV_14118	192	15	0.001	0.001	0.001
4079	HGSV_144970	192	2	0.0	0.0	0.0
4080	HGSV_145057	192	11	0.001	0.001	0.001
4081	HGSV_145944	192	15	0.001	0.001	0.001
4082	HGSV_147964	192	4	0.0	0.0	0.0
4083	HGSV_148322	192	50	0.023	0.023	0.0
4084	HGSV_148524	192	28	0.025	0.589	0.589
4085	HGSV_149947	192	23	0.01	0.01	0.01
4086	HGSV_150096	192	18	0.0	0.0	0.0
4087	HGSV_152126	192	12	0.0	0.0	0.0
4088	HGSV_152711	192	16	0.0	0.0	0.0
4089	HGSV_154770	192	16	0.0	0.0	0.0
4090	HGSV_154844	192	17	0.0	0.0	0.0
4091	HGSV_155807	192	8	0.001	0.001	0.001
4092	HGSV_15628	192	152	0.081	0.081	0.081
4093	HGSV_157846	192	107	0.121	0.0	0.0
4094	HGSV_158102	192	11	0.0	0.0	0.0
4095	HGSV_15843	192	12	0.201	0.201	0.328
4096	HGSV_16063	192	13	0.0	0.0	0.0
4097	HGSV_16968	192	8	0.0	0.0	0.0
4098	HGSV_17089	192	13	0.0	0.0	0.0
4099	HGSV_1712	192	11	0.0	0.0	0.0
4100	HGSV_17386	192	0	0.0	0.0	0.0
4101	HGSV_18293	192	35	0.001	0.001	0.001
4102	HGSV_18962	192	2	0.0	0.0	0.0
4103	HGSV_2237	192	7	0.0	0.0	0.0
4104	HGSV_2356	192	30	0.0	0.0	0.0
4105	HGSV_2565	192	8	0.0	0.0	0.0
4106	HGSV_2717	192	25	0.0	0.0	0.0
4107	HGSV_2884	192	11	0.0	0.0	0.0
4108	HGSV_3511	192	8	0.0	0.0	0.0
4109	HGSV_4021	192	8	0.0	0.0	0.0
4110	HGSV_4427	192	17	0.0	0.0	0.0
4111	HGSV_7726	192	9	0.0	0.0	0.0
4112	HGSV_9565	192	13	0.0	0.0	0.0
4113	HGSV_9592	192	17	0.0	0.0	0.0
4114	HGSV_10126	191	13	0.0	0.0	0.0
4115	HGSV_10678	191	18	0.0	0.0	0.0
4116	HGSV_10790	191	13	0.0	0.0	0.0
4117	HGSV_11145	191	11	0.0	0.0	0.0
4118	HGSV_11411	191	14	0.0	0.0	0.0
4119	HGSV_1202	191	12	0.004	0.004	0.004
4120	HGSV_13293	191	21	0.0	0.0	0.0
4121	HGSV_13521	191	8	0.0	0.0	0.0
4122	HGSV_14032	191	14	0.0	0.0	0.0
4123	HGSV_14352	191	41	0.0	0.0	0.0
4124	HGSV_143716	191	16	0.0	0.0	0.0
4125	HGSV_143830	191	8	0.0	0.0	0.0
4126	HGSV_144166	191	161	0.085	0.085	0.085
4127	HGSV_144944	191	20	0.0	0.0	0.0
4128	HGSV_145058	191	11	0.001	0.001	0.0
4129	HGSV_145244	191	13	0.0	0.0	0.0
4130	HGSV_145397	191	18	0.0	0.0	0.0
4131	HGSV_146642	191	13	0.0	0.0	0.0
4132	HGSV_147453	191	7	0.0	0.0	0.0
4133	HGSV_147605	191	9	0.0	0.0	0.0
4134	HGSV_147853	191	9	0.0	0.0	0.0
4135	HGSV_147926	191	5	0.0	0.0	0.0
4136	HGSV_147980	191	7	0.002	0.002	0.002
4137	HGSV_149623	191	11	0.0	0.0	0.0
4138	HGSV_149667	191	20	0.0	0.0	0.0
4139	HGSV_14968	191	28	0.007	0.007	0.007
4140	HGSV_15013	191	8	0.0	0.0	0.0
4141	HGSV_150352	191	12	0.0	0.0	0.0
4142	HGSV_150389	191	11	0.0	0.0	0.0
4143	HGSV_150409	191	11	0.0	0.0	0.0
4144	HGSV_153010	191	12	0.0	0.0	0.0
4145	HGSV_1534	191	31	0.0	0.0	0.0
4146	HGSV_153891	191	12	0.0	0.0	0.0
4147	HGSV_154202	191	8	0.001	0.001	0.001
4148	HGSV_15438	191	10	0.0	0.0	0.0
4149	HGSV_154475	191	15	0.0	0.0	0.0
4150	HGSV_15569	191	25	0.0	0.0	0.0
4151	HGSV_155983	191	6	0.001	0.001	0.001
4152	HGSV_156536	191	9	0.004	0.004	0.004
4153	HGSV_157281	191	14	0.0	0.0	0.0
4154	HGSV_15805	191	3	0.0	0.0	0.0
4155	HGSV_158412	191	18	0.001	0.001	0.001
4156	HGSV_16258	191	13	0.0	0.0	0.0
4157	HGSV_1681	191	11	0.0	0.0	0.0
4158	HGSV_16833	191	29	0.0	0.0	0.0
4159	HGSV_17163	191	44	0.0	0.0	0.0
4160	HGSV_17900	191	3	0.0	0.0	0.0
4161	HGSV_18891	191	4	0.0	0.0	0.0
4162	HGSV_2027	191	13	0.0	0.0	0.0
4163	HGSV_3046	191	9	0.0	0.0	0.0
4164	HGSV_3361	191	3	0.0	0.0	0.0
4165	HGSV_4114	191	13	0.0	0.0	0.0
4166	HGSV_4156	191	3	0.003	0.003	0.003
4167	HGSV_4258	191	133	0.107	0.107	0.107
4168	HGSV_4295	191	8	0.0	0.0	0.0
4169	HGSV_4317	191	14	0.0	0.0	0.0
4170	HGSV_4459	191	8	0.0	0.0	0.0
4171	HGSV_5307	191	16	0.002	0.002	0.002
4172	HGSV_6211	191	8	0.0	0.0	0.0
4173	HGSV_6926	191	8	0.001	0.001	0.001
4174	HGSV_1012	190	76	0.046	0.046	0.0
4175	HGSV_11013	190	11	0.0	0.0	0.0
4176	HGSV_11428	190	14	0.0	0.0	0.0
4177	HGSV_12405	190	16	0.0	0.0	0.0
4178	HGSV_13136	190	3	0.0	0.0	0.0
4179	HGSV_13910	190	146	0.088	0.088	0.088
4180	HGSV_144395	190	11	0.0	0.0	0.0
4181	HGSV_144677	190	10	0.0	0.0	0.0
4182	HGSV_146999	190	7	0.0	0.0	0.0
4183	HGSV_14715	190	13	0.0	0.0	0.0
4184	HGSV_147612	190	10	0.0	0.0	0.0
4185	HGSV_147631	190	6	0.0	0.0	0.0
4186	HGSV_148080	190	14	0.0	0.0	0.0
4187	HGSV_148263	190	8	0.0	0.0	0.0
4188	HGSV_150161	190	2	0.0	0.0	0.0
4189	HGSV_150533	190	10	0.005	0.005	0.005
4190	HGSV_150636	190	15	0.0	0.0	0.0
4191	HGSV_151579	190	23	0.0	0.0	0.0
4192	HGSV_152572	190	6	0.0	0.0	0.0
4193	HGSV_152842	190	14	0.0	0.0	0.0
4194	HGSV_15423	190	18	0.0	0.0	0.0
4195	HGSV_155278	190	11	0.0	0.0	0.0
4196	HGSV_155996	190	9	0.003	0.003	0.003
4197	HGSV_156024	190	9	0.0	0.0	0.0
4198	HGSV_156086	190	23	0.007	0.007	0.007
4199	HGSV_157151	190	13	0.0	0.0	0.0
4200	HGSV_158335	190	8	0.0	0.0	0.0
4201	HGSV_158506	190	12	0.0	0.0	0.0
4202	HGSV_158645	190	9	0.0	0.0	0.0
4203	HGSV_15918	190	151	0.0	0.0	0.0
4204	HGSV_1603	190	12	0.0	0.0	0.0
4205	HGSV_17646	190	134	0.133	0.133	0.0
4206	HGSV_19431	190	78	0.002	0.002	0.002
4207	HGSV_2088	190	26	0.011	0.011	0.011
4208	HGSV_3100	190	7	0.0	0.0	0.0
4209	HGSV_3926	190	10	0.0	0.0	0.0
4210	HGSV_4703	190	149	0.116	0.116	0.0
4211	HGSV_7671	190	15	0.0	0.0	0.0
4212	HGSV_8075	190	11	0.0	0.0	0.0
4213	HGSV_10153	189	150	0.119	0.119	0.119
4214	HGSV_10190	189	12	0.007	0.007	0.007
4215	HGSV_1073	189	7	0.0	0.0	0.0
4216	HGSV_10772	189	34	0.0	0.0	0.0
4217	HGSV_10900	189	8	0.0	0.0	0.0
4218	HGSV_12265	189	6	0.001	0.001	0.001
4219	HGSV_12846	189	91	0.032	0.032	0.032
4220	HGSV_13053	189	15	0.0	0.0	0.0
4221	HGSV_143430	189	37	0.008	0.008	0.008
4222	HGSV_144957	189	18	0.0	0.0	0.0
4223	HGSV_145249	189	20	0.0	0.0	0.0
4224	HGSV_147450	189	24	0.0	0.0	0.0
4225	HGSV_147729	189	17	0.0	0.0	0.0
4226	HGSV_14786	189	14	0.0	0.0	0.0
4227	HGSV_149633	189	151	0.082	0.082	0.0
4228	HGSV_150077	189	8	0.0	0.0	0.0
4229	HGSV_150086	189	15	0.0	0.0	0.0
4230	HGSV_150171	189	5	0.0	0.0	0.0
4231	HGSV_151180	189	9	0.0	0.0	0.0
4232	HGSV_152688	189	9	0.0	0.0	0.0
4233	HGSV_152801	189	12	0.714	0.714	0.714
4234	HGSV_153292	189	7	0.0	0.0	0.0
4235	HGSV_153359	189	13	0.0	0.0	0.0
4236	HGSV_154397	189	10	0.0	0.0	0.0
4237	HGSV_154673	189	9	0.0	0.0	0.0
4238	HGSV_155536	189	22	0.0	0.0	0.0
4239	HGSV_15586	189	8	0.0	0.0	0.0
4240	HGSV_156076	189	15	0.002	0.0	0.0
4241	HGSV_157124	189	3	0.0	0.0	0.0
4242	HGSV_158379	189	11	0.0	0.0	0.0
4243	HGSV_17019	189	7	0.001	0.001	0.001
4244	HGSV_1750	189	10	0.0	0.0	0.0
4245	HGSV_1759	189	10	0.001	0.176	0.761
4246	HGSV_17598	189	19	0.009	0.009	0.009
4247	HGSV_19422	189	12	0.0	0.0	0.0
4248	HGSV_2163	189	31	0.014	0.0	0.0
4249	HGSV_2511	189	24	0.0	0.0	0.0
4250	HGSV_3203	189	50	0.023	0.023	0.023
4251	HGSV_515	189	118	0.003	0.003	0.0
4252	HGSV_6960	189	19	0.0	0.0	0.0
4253	HGSV_7573	189	6	0.0	0.0	0.0
4254	HGSV_7690	189	10	0.0	0.0	0.0
4255	HGSV_8926	189	12	0.002	0.002	0.002
4256	HGSV_10352	188	6	0.0	0.0	0.0
4257	HGSV_10661	188	8	0.0	0.0	0.0
4258	HGSV_10765	188	12	0.0	0.0	0.0
4259	HGSV_10899	188	7	0.0	0.0	0.0
4260	HGSV_11070	188	5	0.001	0.001	0.001
4261	HGSV_1294	188	6	0.0	0.0	0.0
4262	HGSV_12974	188	107	0.086	0.086	0.086
4263	HGSV_1388	188	9	0.0	0.0	0.0
4264	HGSV_13974	188	11	0.0	0.0	0.0
4265	HGSV_14030	188	84	0.057	0.057	0.057
4266	HGSV_143452	188	61	0.0	0.0	0.0
4267	HGSV_144014	188	8	0.001	0.001	0.001
4268	HGSV_14437	188	9	0.0	0.0	0.0
4269	HGSV_145500	188	10	0.0	0.0	0.0
4270	HGSV_146034	188	10	0.112	0.112	0.112
4271	HGSV_146145	188	70	0.0	0.0	0.0
4272	HGSV_146493	188	29	0.0	0.0	0.0
4273	HGSV_147159	188	28	0.0	0.0	0.0
4274	HGSV_147193	188	46	0.0	0.0	0.0
4275	HGSV_147747	188	16	0.0	0.0	0.0
4276	HGSV_14792	188	10	0.0	0.0	0.0
4277	HGSV_147965	188	12	0.0	0.0	0.0
4278	HGSV_149120	188	15	0.003	0.003	0.003
4279	HGSV_149237	188	11	0.0	0.0	0.0
4280	HGSV_14927	188	20	0.006	0.006	0.006
4281	HGSV_150122	188	19	0.0	0.0	0.0
4282	HGSV_150318	188	73	0.044	0.044	0.044
4283	HGSV_150576	188	8	0.0	0.0	0.0
4284	HGSV_151862	188	11	0.0	0.0	0.0
4285	HGSV_153163	188	29	0.008	0.008	0.008
4286	HGSV_153574	188	14	0.0	0.0	0.0
4287	HGSV_154045	188	11	0.001	0.001	0.001
4288	HGSV_154300	188	5	0.001	0.001	0.001
4289	HGSV_155462	188	8	0.001	0.0	0.0
4290	HGSV_156781	188	4	0.0	0.0	0.0
4291	HGSV_156829	188	17	0.0	0.0	0.0
4292	HGSV_156904	188	14	0.002	0.002	0.002
4293	HGSV_157009	188	22	0.004	0.004	0.0
4294	HGSV_15759	188	13	0.0	0.0	0.0
4295	HGSV_157847	188	108	0.0	0.0	0.0
4296	HGSV_158200	188	14	0.0	0.0	0.0
4297	HGSV_158581	188	12	0.0	0.0	0.0
4298	HGSV_17542	188	3	0.0	0.0	0.0
4299	HGSV_19683	188	2	0.0	0.0	0.0
4300	HGSV_2602	188	2	0.0	0.0	0.0
4301	HGSV_3404	188	17	0.0	0.0	0.0
4302	HGSV_4305	188	10	0.0	0.0	0.0
4303	HGSV_4554	188	11	0.002	0.002	0.002
4304	HGSV_497	188	12	0.001	0.0	0.0
4305	HGSV_5222	188	6	0.0	0.0	0.0
4306	HGSV_5277	188	21	0.0	0.0	0.0
4307	HGSV_5530	188	8	0.0	0.0	0.0
4308	HGSV_6197	188	8	0.0	0.0	0.0
4309	HGSV_6216	188	16	0.0	0.0	0.0
4310	HGSV_9254	188	24	0.003	0.003	0.003
4311	HGSV_10643	187	10	0.0	0.0	0.0
4312	HGSV_10815	187	4	0.0	0.0	0.0
4313	HGSV_10873	187	14	0.0	0.0	0.0
4314	HGSV_11038	187	16	0.0	0.0	0.0
4315	HGSV_11157	187	23	0.0	0.0	0.0
4316	HGSV_11195	187	7	0.0	0.0	0.0
4317	HGSV_11337	187	8	0.0	0.0	0.0
4318	HGSV_11618	187	66	0.023	0.023	0.023
4319	HGSV_12034	187	15	0.0	0.0	0.0
4320	HGSV_12092	187	14	0.001	0.001	0.001
4321	HGSV_13837	187	6	0.0	0.0	0.0
4322	HGSV_14366	187	6	0.0	0.0	0.0
4323	HGSV_145781	187	30	0.013	0.013	0.013
4324	HGSV_146598	187	18	0.733	0.733	0.733
4325	HGSV_146624	187	6	0.001	0.001	0.001
4326	HGSV_146648	187	7	0.96	0.999	0.999
4327	HGSV_146796	187	17	0.0	0.0	0.0
4328	HGSV_146869	187	3	0.0	0.0	0.0
4329	HGSV_147313	187	13	0.0	0.0	0.0
4330	HGSV_147751	187	10	0.0	0.0	0.0
4331	HGSV_148029	187	7	0.0	0.0	0.0
4332	HGSV_148259	187	13	0.0	0.0	0.0
4333	HGSV_148568	187	13	0.0	0.0	0.0
4334	HGSV_149246	187	7	0.001	0.0	0.0
4335	HGSV_149674	187	15	0.449	0.0	0.0
4336	HGSV_149758	187	49	0.025	0.025	0.025
4337	HGSV_150153	187	6	0.0	0.0	0.0
4338	HGSV_150412	187	2	0.0	0.0	0.0
4339	HGSV_151818	187	5	0.0	0.0	0.0
4340	HGSV_152380	187	5	0.0	0.0	0.0
4341	HGSV_153183	187	6	0.0	0.0	0.0
4342	HGSV_153455	187	9	0.002	0.002	0.002
4343	HGSV_154739	187	8	0.0	0.0	0.0
4344	HGSV_155993	187	16	0.0	0.0	0.0
4345	HGSV_156317	187	8	0.0	0.0	0.0
4346	HGSV_156452	187	7	0.0	0.0	0.0
4347	HGSV_157280	187	14	0.002	0.002	0.002
4348	HGSV_157519	187	18	0.004	0.004	0.004
4349	HGSV_157628	187	148	0.115	0.115	0.115
4350	HGSV_15770	187	69	0.049	0.049	0.049
4351	HGSV_158077	187	14	0.0	0.0	0.0
4352	HGSV_158144	187	0	0.0	0.0	0.0
4353	HGSV_158558	187	4	0.0	0.0	0.0
4354	HGSV_158681	187	9	0.0	0.0	0.0
4355	HGSV_16264	187	8	0.0	0.0	0.0
4356	HGSV_17520	187	15	0.0	0.0	0.0
4357	HGSV_19565	187	117	0.067	0.067	0.067
4358	HGSV_2239	187	8	0.0	0.0	0.0
4359	HGSV_2360	187	26	0.004	0.0	0.0
4360	HGSV_2566	187	9	0.0	0.0	0.0
4361	HGSV_2925	187	8	0.0	0.0	0.0
4362	HGSV_400	187	5	0.0	0.0	0.0
4363	HGSV_4788	187	13	0.136	0.136	0.136
4364	HGSV_5663	187	22	0.003	0.003	0.003
4365	HGSV_9368	187	32	0.004	0.004	0.004
4366	HGSV_9558	187	10	0.0	0.0	0.0
4367	HGSV_10176	186	13	0.0	0.0	0.0
4368	HGSV_12180	186	23	0.0	0.0	0.0
4369	HGSV_12281	186	3	0.0	0.0	0.0
4370	HGSV_12505	186	97	0.04	0.04	0.04
4371	HGSV_1403	186	6	0.0	0.0	0.0
4372	HGSV_14097	186	16	0.001	0.001	0.001
4373	HGSV_1435	186	2	0.995	0.995	0.995
4374	HGSV_143644	186	13	0.0	0.0	0.0
4375	HGSV_143755	186	13	0.0	0.0	0.0
4376	HGSV_145288	186	6	0.0	0.0	0.0
4377	HGSV_145483	186	10	0.0	0.0	0.0
4378	HGSV_145589	186	11	0.0	0.0	0.0
4379	HGSV_14585	186	37	0.01	0.01	0.01
4380	HGSV_146563	186	19	0.0	0.0	0.0
4381	HGSV_146997	186	11	0.0	0.0	0.0
4382	HGSV_147143	186	46	0.0	0.0	0.0
4383	HGSV_147309	186	10	0.0	0.0	0.0
4384	HGSV_147767	186	26	0.01	0.01	0.01
4385	HGSV_147866	186	13	0.564	0.564	0.564
4386	HGSV_147952	186	13	0.0	0.0	0.0
4387	HGSV_148071	186	12	0.0	0.0	0.0
4388	HGSV_148997	186	18	0.0	0.0	0.0
4389	HGSV_150788	186	10	0.001	0.001	0.001
4390	HGSV_151339	186	2	0.0	0.0	0.0
4391	HGSV_152603	186	12	0.0	0.0	0.0
4392	HGSV_1532	186	20	0.0	0.0	0.0
4393	HGSV_153878	186	10	0.0	0.0	0.0
4394	HGSV_153924	186	20	0.0	0.0	0.0
4395	HGSV_153958	186	14	0.0	0.0	0.0
4396	HGSV_1547	186	12	0.0	0.0	0.0
4397	HGSV_155851	186	9	0.0	0.0	0.0
4398	HGSV_156527	186	8	0.0	0.0	0.0
4399	HGSV_16436	186	8	0.0	0.0	0.0
4400	HGSV_16983	186	33	0.0	0.0	0.0
4401	HGSV_17018	186	15	0.0	0.0	0.0
4402	HGSV_18359	186	125	0.0	0.0	0.0
4403	HGSV_18405	186	11	0.0	0.0	0.0
4404	HGSV_18500	186	10	0.002	0.002	0.002
4405	HGSV_19517	186	9	0.0	0.0	0.0
4406	HGSV_2133	186	129	0.09	0.09	0.09
4407	HGSV_2167	186	6	0.0	0.0	0.0
4408	HGSV_3007	186	6	0.0	0.0	0.0
4409	HGSV_3949	186	9	0.0	0.0	0.0
4410	HGSV_4664	186	12	0.0	0.0	0.0
4411	HGSV_5252	186	7	0.0	0.0	0.0
4412	HGSV_5507	186	11	0.001	0.001	0.001
4413	HGSV_5533	186	12	0.0	0.0	0.0
4414	HGSV_6729	186	8	0.0	0.0	0.0
4415	HGSV_8160	186	6	0.001	0.001	0.001
4416	HGSV_8649	186	17	0.003	0.003	0.003
4417	HGSV_9127	186	17	0.0	0.0	0.0
4418	HGSV_9255	186	11	0.0	0.0	0.0
4419	HGSV_10015	185	5	0.0	0.0	0.0
4420	HGSV_10707	185	10	0.0	0.0	0.0
4421	HGSV_10793	185	11	0.0	0.0	0.0
4422	HGSV_11051	185	12	0.0	0.0	0.0
4423	HGSV_13430	185	5	0.001	0.001	0.001
4424	HGSV_13708	185	8	0.0	0.0	0.0
4425	HGSV_143548	185	10	0.001	0.001	0.001
4426	HGSV_143689	185	8	0.0	0.0	0.0
4427	HGSV_144349	185	6	0.0	0.0	0.0
4428	HGSV_144623	185	4	0.0	0.0	0.0
4429	HGSV_144758	185	7	0.0	0.0	0.0
4430	HGSV_145059	185	10	0.001	0.0	0.0
4431	HGSV_146496	185	18	0.003	0.003	0.003
4432	HGSV_147396	185	3	0.0	0.0	0.0
4433	HGSV_147623	185	7	0.0	0.0	0.0
4434	HGSV_148054	185	9	0.0	0.0	0.0
4435	HGSV_148098	185	22	0.001	0.001	0.001
4436	HGSV_148262	185	20	0.015	0.015	0.015
4437	HGSV_148757	185	12	0.0	0.0	0.0
4438	HGSV_149534	185	8	0.0	0.0	0.0
4439	HGSV_149817	185	18	0.959	0.959	0.0
4440	HGSV_150059	185	6	0.001	0.001	0.001
4441	HGSV_150678	185	13	0.959	0.959	0.959
4442	HGSV_150997	185	18	0.0	0.0	0.0
4443	HGSV_151036	185	10	0.0	0.0	0.0
4444	HGSV_151472	185	11	0.0	0.0	0.0
4445	HGSV_151849	185	15	0.0	0.0	0.0
4446	HGSV_152674	185	8	0.0	0.0	0.0
4447	HGSV_153392	185	15	0.0	0.0	0.0
4448	HGSV_155026	185	13	0.0	0.0	0.0
4449	HGSV_155398	185	84	0.0	0.0	0.0
4450	HGSV_155771	185	16	0.0	0.0	0.0
4451	HGSV_155809	185	15	0.0	0.0	0.0
4452	HGSV_156610	185	6	0.0	0.0	0.0
4453	HGSV_15666	185	4	0.0	0.0	0.0
4454	HGSV_156778	185	7	0.003	0.003	0.003
4455	HGSV_158146	185	0	0.0	0.0	0.0
4456	HGSV_158417	185	7	0.001	0.001	0.001
4457	HGSV_158831	185	28	0.014	0.014	0.014
4458	HGSV_158842	185	12	0.0	0.0	0.0
4459	HGSV_16098	185	17	0.0	0.0	0.0
4460	HGSV_16171	185	6	0.0	0.0	0.0
4461	HGSV_16761	185	18	0.0	0.0	0.0
4462	HGSV_1734	185	10	0.0	0.0	0.0
4463	HGSV_1797	185	34	0.0	0.0	0.0
4464	HGSV_18236	185	10	0.0	0.0	0.0
4465	HGSV_18397	185	9	0.0	0.0	0.0
4466	HGSV_2162	185	11	0.0	0.0	0.0
4467	HGSV_2720	185	11	0.0	0.0	0.0
4468	HGSV_3482	185	12	0.0	0.0	0.0
4469	HGSV_3905	185	2	0.0	0.0	0.0
4470	HGSV_4094	185	12	0.001	0.001	0.001
4471	HGSV_418	185	28	0.0	0.0	0.0
4472	HGSV_5005	185	21	0.001	0.001	0.001
4473	HGSV_5578	185	154	0.09	0.0	0.0
4474	HGSV_7219	185	13	0.001	0.001	0.001
4475	HGSV_7796	185	11	0.0	0.0	0.0
4476	HGSV_7967	185	18	0.0	0.0	0.0
4477	HGSV_8009	185	15	0.009	0.009	0.009
4478	HGSV_9743	185	17	0.001	0.001	0.001
4479	HGSV_9777	185	8	0.0	0.0	0.0
4480	HGSV_10439	184	14	0.0	0.0	0.0
4481	HGSV_10739	184	4	0.0	0.0	0.0
4482	HGSV_10908	184	7	0.0	0.0	0.0
4483	HGSV_1094	184	16	0.6	0.0	0.0
4484	HGSV_11006	184	13	0.0	0.0	0.0
4485	HGSV_11146	184	15	0.0	0.0	0.0
4486	HGSV_12252	184	15	0.001	0.001	0.001
4487	HGSV_129	184	43	0.0	0.0	0.0
4488	HGSV_13044	184	6	0.0	0.0	0.0
4489	HGSV_13415	184	7	0.0	0.0	0.0
4490	HGSV_13927	184	15	0.0	0.0	0.0
4491	HGSV_13944	184	5	0.0	0.0	0.0
4492	HGSV_143791	184	33	0.0	0.0	0.0
4493	HGSV_143832	184	19	0.003	0.003	0.003
4494	HGSV_144406	184	12	0.0	0.0	0.0
4495	HGSV_146678	184	16	0.0	0.0	0.0
4496	HGSV_147001	184	8	0.0	0.0	0.0
4497	HGSV_147127	184	27	0.0	0.0	0.0
4498	HGSV_148013	184	7	0.0	0.0	0.0
4499	HGSV_148483	184	2	0.0	0.0	0.0
4500	HGSV_150217	184	106	0.069	0.069	0.069
4501	HGSV_150445	184	16	0.001	0.001	0.001
4502	HGSV_152174	184	12	0.0	0.0	0.0
4503	HGSV_152467	184	8	0.0	0.0	0.0
4504	HGSV_153271	184	3	0.0	0.0	0.0
4505	HGSV_153477	184	8	0.0	0.0	0.0
4506	HGSV_155467	184	55	0.0	0.0	0.0
4507	HGSV_156148	184	8	0.0	0.0	0.0
4508	HGSV_15617	184	7	0.0	0.0	0.0
4509	HGSV_156304	184	10	0.001	0.001	0.001
4510	HGSV_156621	184	9	0.0	0.0	0.0
4511	HGSV_156905	184	10	0.0	0.0	0.0
4512	HGSV_157068	184	7	0.0	0.0	0.0
4513	HGSV_157579	184	11	0.0	0.0	0.0
4514	HGSV_157864	184	14	0.0	0.0	0.0
4515	HGSV_16756	184	5	0.0	0.0	0.0
4516	HGSV_17311	184	10	0.0	0.0	0.0
4517	HGSV_17562	184	10	0.001	0.001	0.001
4518	HGSV_1758	184	9	0.0	0.0	0.0
4519	HGSV_17594	184	21	0.0	0.0	0.0
4520	HGSV_17688	184	103	0.0	0.0	0.0
4521	HGSV_18156	184	18	0.0	0.0	0.0
4522	HGSV_18572	184	10	0.001	0.001	0.001
4523	HGSV_18717	184	8	0.0	0.0	0.0
4524	HGSV_18942	184	15	0.001	0.001	0.001
4525	HGSV_21	184	76	0.0	0.0	0.0
4526	HGSV_229	184	36	0.021	0.021	0.021
4527	HGSV_2355	184	10	0.003	0.003	0.003
4528	HGSV_2822	184	11	0.0	0.0	0.0
4529	HGSV_3105	184	14	0.0	0.0	0.0
4530	HGSV_3673	184	88	0.053	0.053	0.053
4531	HGSV_3695	184	8	0.0	0.0	0.0
4532	HGSV_3704	184	7	0.0	0.0	0.0
4533	HGSV_3827	184	26	0.0	0.0	0.0
4534	HGSV_5289	184	60	0.03	0.03	0.0
4535	HGSV_8123	184	4	0.0	0.0	0.0
4536	HGSV_8142	184	4	0.0	0.0	0.0
4537	HGSV_8513	184	12	0.0	0.0	0.0
4538	HGSV_1033	183	15	0.0	0.0	0.0
4539	HGSV_10630	183	11	0.001	0.001	0.001
4540	HGSV_10929	183	12	0.507	0.507	0.507
4541	HGSV_11119	183	9	0.0	0.0	0.0
4542	HGSV_11681	183	12	0.001	0.001	0.0
4543	HGSV_12615	183	21	0.005	0.0	0.0
4544	HGSV_12748	183	7	0.0	0.0	0.0
4545	HGSV_13304	183	10	0.0	0.0	0.0
4546	HGSV_143737	183	11	0.0	0.0	0.0
4547	HGSV_143748	183	10	0.0	0.0	0.0
4548	HGSV_143774	183	32	0.014	0.014	0.014
4549	HGSV_143998	183	9	0.002	0.002	0.002
4550	HGSV_14476	183	68	0.052	0.052	0.052
4551	HGSV_144771	183	9	0.0	0.0	0.0
4552	HGSV_145038	183	1	0.0	0.0	0.0
4553	HGSV_145158	183	90	0.074	0.074	0.074
4554	HGSV_145398	183	20	0.0	0.0	0.0
4555	HGSV_146232	183	14	0.003	0.003	0.003
4556	HGSV_147377	183	18	0.0	0.0	0.0
4557	HGSV_147518	183	6	0.0	0.0	0.0
4558	HGSV_148351	183	135	0.094	0.094	0.094
4559	HGSV_149395	183	76	0.06	0.06	0.06
4560	HGSV_149819	183	18	0.009	0.009	0.009
4561	HGSV_150032	183	24	0.0	0.0	0.0
4562	HGSV_150536	183	7	0.0	0.0	0.0
4563	HGSV_150616	183	12	0.0	0.0	0.0
4564	HGSV_150748	183	9	0.0	0.0	0.0
4565	HGSV_151053	183	15	0.0	0.0	0.0
4566	HGSV_151434	183	9	0.0	0.0	0.0
4567	HGSV_151659	183	10	0.946	0.946	0.946
4568	HGSV_152121	183	9	0.0	0.0	0.0
4569	HGSV_152672	183	15	0.007	0.007	0.007
4570	HGSV_153741	183	140	0.0	0.0	0.0
4571	HGSV_154072	183	18	0.0	0.0	0.0
4572	HGSV_154715	183	4	0.0	0.0	0.0
4573	HGSV_155506	183	9	0.0	0.0	0.0
4574	HGSV_155551	183	13	0.001	0.001	0.001
4575	HGSV_156126	183	9	0.0	0.0	0.0
4576	HGSV_156552	183	9	0.0	0.0	0.0
4577	HGSV_15827	183	2	0.0	0.0	0.0
4578	HGSV_158518	183	14	0.0	0.0	0.0
4579	HGSV_158835	183	13	0.0	0.0	0.0
4580	HGSV_15916	183	149	0.0	0.0	0.0
4581	HGSV_16384	183	14	0.004	0.004	0.004
4582	HGSV_16454	183	1	0.0	0.0	0.0
4583	HGSV_17365	183	6	0.777	0.777	0.777
4584	HGSV_1745	183	14	0.001	0.001	0.001
4585	HGSV_18644	183	8	0.0	0.0	0.0
4586	HGSV_18698	183	23	0.0	0.0	0.0
4587	HGSV_19205	183	16	0.004	0.004	0.0
4588	HGSV_19289	183	3	0.0	0.0	0.0
4589	HGSV_2520	183	19	0.006	0.006	0.006
4590	HGSV_2669	183	26	0.011	0.011	0.011
4591	HGSV_3194	183	12	0.0	0.0	0.0
4592	HGSV_3440	183	10	0.004	0.004	0.004
4593	HGSV_4610	183	8	0.0	0.0	0.0
4594	HGSV_5169	183	8	0.0	0.0	0.0
4595	HGSV_5257	183	7	0.0	0.0	0.0
4596	HGSV_6748	183	11	0.0	0.0	0.0
4597	HGSV_7852	183	11	0.0	0.0	0.0
4598	HGSV_7979	183	22	0.0	0.0	0.0
4599	HGSV_9578	183	8	0.0	0.0	0.0
4600	HGSV_10872	182	8	0.0	0.0	0.0
4601	HGSV_11120	182	5	0.0	0.0	0.0
4602	HGSV_11560	182	5	0.0	0.0	0.0
4603	HGSV_11849	182	10	0.0	0.0	0.0
4604	HGSV_1201	182	8	0.004	0.004	0.0
4605	HGSV_12158	182	7	0.0	0.0	0.0
4606	HGSV_1276	182	5	0.0	0.0	0.0
4607	HGSV_13744	182	6	0.0	0.0	0.0
4608	HGSV_144624	182	6	0.0	0.0	0.0
4609	HGSV_145663	182	9	0.0	0.0	0.0
4610	HGSV_146183	182	119	0.06	0.06	0.06
4611	HGSV_147066	182	22	0.001	0.001	0.001
4612	HGSV_147746	182	10	0.0	0.0	0.0
4613	HGSV_147794	182	18	0.0	0.0	0.0
4614	HGSV_148516	182	15	0.0	0.0	0.0
4615	HGSV_1487	182	11	0.0	0.0	0.0
4616	HGSV_149211	182	8	0.0	0.0	0.0
4617	HGSV_149298	182	14	0.0	0.0	0.0
4618	HGSV_149489	182	145	0.093	0.093	0.093
4619	HGSV_149527	182	19	0.753	0.753	0.753
4620	HGSV_14960	182	6	0.0	0.0	0.0
4621	HGSV_149650	182	18	0.0	0.0	0.0
4622	HGSV_150154	182	11	0.0	0.0	0.0
4623	HGSV_15053	182	60	0.041	0.041	0.041
4624	HGSV_151470	182	9	0.0	0.0	0.0
4625	HGSV_151601	182	2	0.0	0.0	0.0
4626	HGSV_152523	182	6	0.0	0.0	0.0
4627	HGSV_152752	182	139	0.074	0.074	0.074
4628	HGSV_15340	182	27	0.0	0.0	0.0
4629	HGSV_153580	182	3	0.589	0.589	0.589
4630	HGSV_154314	182	28	0.0	0.0	0.0
4631	HGSV_15506	182	7	0.0	0.0	0.0
4632	HGSV_155706	182	7	0.0	0.0	0.0
4633	HGSV_155723	182	4	0.0	0.0	0.0
4634	HGSV_155883	182	7	0.0	0.0	0.0
4635	HGSV_157466	182	22	0.296	0.296	0.296
4636	HGSV_157933	182	7	0.0	0.0	0.0
4637	HGSV_158271	182	13	0.0	0.0	0.0
4638	HGSV_17209	182	4	0.0	0.0	0.0
4639	HGSV_17640	182	8	0.893	0.0	0.0
4640	HGSV_17707	182	3	0.003	0.003	0.003
4641	HGSV_17768	182	8	0.001	0.001	0.001
4642	HGSV_18230	182	5	0.836	0.836	0.836
4643	HGSV_18753	182	0	0.0	0.0	0.0
4644	HGSV_18840	182	18	0.002	0.0	0.0
4645	HGSV_18869	182	20	0.0	0.0	0.0
4646	HGSV_19082	182	12	0.0	0.0	0.0
4647	HGSV_2695	182	12	0.0	0.0	0.0
4648	HGSV_3546	182	6	0.0	0.0	0.0
4649	HGSV_4483	182	14	0.001	0.001	0.001
4650	HGSV_4659	182	25	0.224	0.751	0.751
4651	HGSV_4976	182	7	0.0	0.0	0.0
4652	HGSV_5524	182	9	0.001	0.001	0.001
4653	HGSV_5922	182	17	0.0	0.0	0.0
4654	HGSV_6221	182	7	0.001	0.001	0.001
4655	HGSV_6968	182	14	0.0	0.0	0.0
4656	HGSV_766	182	6	0.0	0.0	0.0
4657	HGSV_7716	182	6	0.0	0.0	0.0
4658	HGSV_9165	182	19	0.0	0.0	0.0
4659	HGSV_10718	181	13	0.0	0.0	0.0
4660	HGSV_10754	181	8	0.0	0.0	0.0
4661	HGSV_10776	181	15	0.235	0.235	0.235
4662	HGSV_10885	181	7	0.0	0.0	0.0
4663	HGSV_11019	181	3	0.0	0.0	0.0
4664	HGSV_11177	181	6	0.0	0.0	0.0
4665	HGSV_11221	181	4	0.0	0.0	0.0
4666	HGSV_11918	181	15	0.0	0.0	0.0
4667	HGSV_12101	181	18	0.002	0.002	0.002
4668	HGSV_12638	181	13	0.0	0.0	0.0
4669	HGSV_12761	181	14	0.0	0.0	0.0
4670	HGSV_13107	181	18	0.001	0.001	0.001
4671	HGSV_13211	181	13	0.003	0.003	0.003
4672	HGSV_13310	181	8	0.001	0.001	0.001
4673	HGSV_14335	181	92	0.072	0.072	0.072
4674	HGSV_143393	181	2	0.0	0.0	0.0
4675	HGSV_143547	181	6	0.0	0.0	0.0
4676	HGSV_144601	181	8	0.004	0.004	0.004
4677	HGSV_145032	181	6	0.0	0.0	0.0
4678	HGSV_146523	181	6	0.0	0.0	0.0
4679	HGSV_146588	181	5	0.0	0.0	0.0
4680	HGSV_146707	181	6	0.0	0.0	0.0
4681	HGSV_148068	181	20	0.0	0.0	0.0
4682	HGSV_148368	181	12	0.0	0.0	0.0
4683	HGSV_149272	181	4	0.0	0.0	0.0
4684	HGSV_149295	181	8	0.004	0.004	0.004
4685	HGSV_149866	181	11	0.0	0.0	0.0
4686	HGSV_150098	181	5	0.0	0.0	0.0
4687	HGSV_151596	181	11	0.0	0.0	0.0
4688	HGSV_15186	181	15	0.006	0.006	0.006
4689	HGSV_152382	181	12	0.006	0.006	0.006
4690	HGSV_152643	181	8	0.001	0.001	0.001
4691	HGSV_15317	181	5	0.0	0.0	0.0
4692	HGSV_15386	181	7	0.0	0.0	0.0
4693	HGSV_1540	181	8	0.0	0.0	0.0
4694	HGSV_15446	181	7	0.0	0.0	0.0
4695	HGSV_1548	181	11	0.0	0.0	0.0
4696	HGSV_155215	181	130	0.0	0.0	0.0
4697	HGSV_155309	181	105	0.0	0.0	0.0
4698	HGSV_155544	181	36	0.0	0.0	0.0
4699	HGSV_155758	181	9	0.0	0.0	0.0
4700	HGSV_155827	181	18	0.026	0.0	0.0
4701	HGSV_155879	181	5	0.005	0.005	0.005
4702	HGSV_156115	181	2	0.0	0.0	0.0
4703	HGSV_156521	181	4	0.985	0.985	0.985
4704	HGSV_157465	181	40	0.576	0.576	0.975
4705	HGSV_158063	181	5	0.0	0.0	0.0
4706	HGSV_158393	181	7	0.0	0.0	0.0
4707	HGSV_158726	181	21	0.001	0.001	0.001
4708	HGSV_18237	181	6	0.0	0.0	0.0
4709	HGSV_19167	181	6	0.0	0.0	0.0
4710	HGSV_1921	181	47	0.0	0.0	0.0
4711	HGSV_19669	181	8	0.0	0.0	0.0
4712	HGSV_2855	181	5	0.0	0.0	0.0
4713	HGSV_3714	181	6	0.0	0.0	0.0
4714	HGSV_4681	181	8	0.0	0.0	0.0
4715	HGSV_6191	181	8	0.0	0.0	0.0
4716	HGSV_6929	181	5	0.0	0.0	0.0
4717	HGSV_7030	181	13	0.0	0.0	0.0
4718	HGSV_7297	181	6	0.0	0.0	0.0
4719	HGSV_7741	181	2	0.0	0.0	0.0
4720	HGSV_7788	181	6	0.0	0.0	0.0
4721	HGSV_8029	181	127	0.069	0.069	0.0
4722	HGSV_8097	181	12	0.0	0.0	0.0
4723	HGSV_8467	181	11	0.0	0.0	0.0
4724	HGSV_8837	181	49	0.028	0.028	0.028
4725	HGSV_897	181	8	0.001	0.001	0.001
4726	HGSV_9017	181	64	0.047	0.047	0.047
4727	HGSV_939	181	9	0.0	0.0	0.0
4728	HGSV_9413	181	12	0.0	0.0	0.0
4729	HGSV_9632	181	76	0.046	0.046	0.046
4730	HGSV_10640	180	7	0.0	0.0	0.0
4731	HGSV_10745	180	10	0.0	0.0	0.0
4732	HGSV_10865	180	8	0.0	0.0	0.0
4733	HGSV_11037	180	98	0.049	0.049	0.049
4734	HGSV_11251	180	12	0.0	0.0	0.0
4735	HGSV_1194	180	12	0.0	0.0	0.0
4736	HGSV_1253	180	19	0.008	0.008	0.008
4737	HGSV_1338	180	7	0.909	0.909	0.909
4738	HGSV_14190	180	10	0.0	0.0	0.0
4739	HGSV_143546	180	6	0.001	0.001	0.001
4740	HGSV_143919	180	44	0.033	0.033	0.033
4741	HGSV_144122	180	144	0.0	0.0	0.0
4742	HGSV_144389	180	5	0.997	0.0	0.0
4743	HGSV_144788	180	6	0.001	0.001	0.001
4744	HGSV_145072	180	7	0.0	0.0	0.0
4745	HGSV_145108	180	139	0.0	0.0	0.0
4746	HGSV_145396	180	6	0.0	0.0	0.0
4747	HGSV_145749	180	11	0.0	0.0	0.0
4748	HGSV_147026	180	6	0.0	0.0	0.0
4749	HGSV_147099	180	38	0.0	0.0	0.0
4750	HGSV_147602	180	11	0.0	0.0	0.0
4751	HGSV_149088	180	10	0.0	0.0	0.0
4752	HGSV_149104	180	11	0.0	0.0	0.0
4753	HGSV_149130	180	15	0.007	0.007	0.007
4754	HGSV_149154	180	7	0.0	0.0	0.0
4755	HGSV_150003	180	149	0.078	0.078	0.078
4756	HGSV_150342	180	11	0.001	0.001	0.001
4757	HGSV_150452	180	9	0.0	0.0	0.0
4758	HGSV_150534	180	4	0.005	0.005	0.0
4759	HGSV_151705	180	6	0.0	0.0	0.0
4760	HGSV_151856	180	11	0.0	0.0	0.0
4761	HGSV_152611	180	6	0.001	0.001	0.001
4762	HGSV_1536	180	25	0.0	0.0	0.0
4763	HGSV_154218	180	2	0.0	0.0	0.0
4764	HGSV_154568	180	4	0.001	0.001	0.001
4765	HGSV_155384	180	20	0.0	0.0	0.0
4766	HGSV_155700	180	17	0.0	0.0	0.0
4767	HGSV_155703	180	10	0.0	0.0	0.0
4768	HGSV_156733	180	9	0.0	0.0	0.0
4769	HGSV_15677	180	18	0.0	0.0	0.0
4770	HGSV_157030	180	8	0.001	0.001	0.001
4771	HGSV_157399	180	7	0.0	0.0	0.0
4772	HGSV_157657	180	11	0.0	0.0	0.0
4773	HGSV_157948	180	5	0.0	0.0	0.0
4774	HGSV_158068	180	19	0.03	0.0	0.0
4775	HGSV_158181	180	8	0.0	0.0	0.0
4776	HGSV_158425	180	144	0.077	0.0	0.0
4777	HGSV_158570	180	13	0.97	0.97	0.97
4778	HGSV_158625	180	5	0.0	0.0	0.0
4779	HGSV_15867	180	10	0.004	0.004	0.004
4780	HGSV_158795	180	12	0.91	0.993	0.993
4781	HGSV_17245	180	21	0.146	0.146	0.0
4782	HGSV_17248	180	33	0.015	0.015	0.015
4783	HGSV_17309	180	12	0.0	0.0	0.0
4784	HGSV_18248	180	10	0.0	0.0	0.0
4785	HGSV_1882	180	3	0.0	0.0	0.0
4786	HGSV_19668	180	11	0.0	0.0	0.0
4787	HGSV_221	180	15	0.005	0.005	0.005
4788	HGSV_2308	180	9	0.001	0.001	0.001
4789	HGSV_2622	180	126	0.093	0.093	0.0
4790	HGSV_3218	180	5	0.0	0.0	0.0
4791	HGSV_3321	180	6	0.0	0.0	0.0
4792	HGSV_3547	180	11	0.0	0.0	0.0
4793	HGSV_4398	180	4	0.001	0.001	0.001
4794	HGSV_462	180	5	0.0	0.0	0.0
4795	HGSV_5152	180	3	0.0	0.0	0.0
4796	HGSV_6463	180	7	0.002	0.002	0.002
4797	HGSV_6638	180	11	0.0	0.0	0.0
4798	HGSV_7592	180	12	0.0	0.0	0.0
4799	HGSV_773	180	9	0.005	0.0	0.0
4800	HGSV_7789	180	9	0.0	0.0	0.0
4801	HGSV_7790	180	17	0.0	0.0	0.0
4802	HGSV_8078	180	9	0.0	0.0	0.0
4803	HGSV_8502	180	8	0.0	0.0	0.0
4804	HGSV_8509	180	9	0.0	0.0	0.0
4805	HGSV_893	180	6	0.001	0.001	0.001
4806	HGSV_9329	180	16	0.0	0.0	0.0
4807	HGSV_9541	180	10	0.0	0.0	0.0
4808	HGSV_993	180	8	0.0	0.0	0.0
4809	HGSV_10080	179	56	0.045	0.045	0.045
4810	HGSV_10304	179	10	0.0	0.0	0.0
4811	HGSV_10854	179	7	0.0	0.0	0.0
4812	HGSV_10864	179	21	0.0	0.0	0.0
4813	HGSV_11003	179	11	0.0	0.0	0.0
4814	HGSV_11045	179	9	0.0	0.0	0.0
4815	HGSV_11094	179	6	0.0	0.0	0.0
4816	HGSV_11182	179	4	0.0	0.0	0.0
4817	HGSV_12654	179	15	0.0	0.0	0.0
4818	HGSV_12806	179	13	0.0	0.0	0.0
4819	HGSV_13761	179	11	0.0	0.0	0.0
4820	HGSV_14231	179	6	0.55	0.55	0.55
4821	HGSV_145671	179	1	0.002	0.0	0.0
4822	HGSV_146088	179	145	0.082	0.082	0.0
4823	HGSV_146549	179	8	0.0	0.0	0.0
4824	HGSV_147622	179	16	0.0	0.0	0.0
4825	HGSV_147852	179	15	0.0	0.0	0.0
4826	HGSV_148335	179	10	0.001	0.001	0.001
4827	HGSV_148341	179	14	0.575	0.575	0.575
4828	HGSV_149216	179	5	0.001	0.001	0.001
4829	HGSV_149627	179	6	0.0	0.0	0.0
4830	HGSV_149733	179	9	0.0	0.0	0.0
4831	HGSV_150012	179	4	0.0	0.0	0.0
4832	HGSV_150093	179	4	0.0	0.0	0.0
4833	HGSV_151502	179	11	0.0	0.0	0.0
4834	HGSV_152863	179	10	0.0	0.0	0.0
4835	HGSV_152975	179	40	0.012	0.012	0.012
4836	HGSV_153013	179	5	0.0	0.0	0.0
4837	HGSV_153503	179	14	0.0	0.0	0.0
4838	HGSV_1546	179	9	0.0	0.0	0.0
4839	HGSV_154955	179	5	0.0	0.0	0.0
4840	HGSV_155567	179	16	0.0	0.0	0.0
4841	HGSV_156481	179	3	0.0	0.0	0.0
4842	HGSV_156700	179	11	0.001	0.001	0.0
4843	HGSV_157082	179	10	0.0	0.0	0.0
4844	HGSV_158189	179	18	0.0	0.0	0.0
4845	HGSV_158350	179	17	0.0	0.0	0.0
4846	HGSV_16053	179	13	0.909	0.909	0.909
4847	HGSV_18292	179	18	0.669	0.669	0.669
4848	HGSV_18670	179	6	0.001	0.001	0.001
4849	HGSV_18933	179	10	0.0	0.0	0.0
4850	HGSV_2514	179	11	0.583	0.583	0.583
4851	HGSV_338	179	4	0.0	0.0	0.0
4852	HGSV_3444	179	3	0.0	0.0	0.0
4853	HGSV_3956	179	16	0.002	0.002	0.002
4854	HGSV_3984	179	9	0.0	0.0	0.0
4855	HGSV_4625	179	5	0.0	0.0	0.0
4856	HGSV_5768	179	18	0.007	0.007	0.007
4857	HGSV_5845	179	9	0.685	0.685	0.685
4858	HGSV_6827	179	17	0.0	0.0	0.0
4859	HGSV_8240	179	17	0.001	0.001	0.001
4860	HGSV_8429	179	11	0.0	0.0	0.0
4861	HGSV_8892	179	10	0.0	0.0	0.0
4862	HGSV_8972	179	7	0.0	0.0	0.0
4863	HGSV_954	179	28	0.013	0.0	0.0
4864	HGSV_9762	179	52	0.0	0.0	0.0
4865	HGSV_10518	178	13	0.0	0.0	0.0
4866	HGSV_10799	178	7	0.0	0.0	0.0
4867	HGSV_11022	178	11	0.0	0.0	0.0
4868	HGSV_11129	178	15	0.0	0.0	0.0
4869	HGSV_11193	178	12	0.0	0.0	0.0
4870	HGSV_12532	178	10	0.495	0.495	0.999
4871	HGSV_12778	178	5	0.0	0.0	0.0
4872	HGSV_13380	178	17	0.0	0.0	0.0
4873	HGSV_13696	178	13	0.0	0.0	0.0
4874	HGSV_13847	178	1	0.0	0.0	0.0
4875	HGSV_144165	178	2	0.0	0.0	0.0
4876	HGSV_144276	178	11	0.0	0.0	0.0
4877	HGSV_144751	178	6	0.0	0.0	0.0
4878	HGSV_144972	178	45	0.024	0.024	0.024
4879	HGSV_145283	178	21	0.001	0.001	0.001
4880	HGSV_145707	178	12	0.0	0.0	0.0
4881	HGSV_146236	178	16	0.009	0.009	0.009
4882	HGSV_1475	178	26	0.0	0.0	0.0
4883	HGSV_147970	178	20	0.001	0.001	0.001
4884	HGSV_14818	178	14	0.0	0.0	0.0
4885	HGSV_150584	178	12	0.0	0.0	0.0
4886	HGSV_150870	178	10	0.001	0.001	0.001
4887	HGSV_151102	178	19	0.0	0.0	0.0
4888	HGSV_151225	178	8	0.491	0.491	0.901
4889	HGSV_151310	178	7	0.0	0.0	0.0
4890	HGSV_151612	178	12	0.001	0.0	0.0
4891	HGSV_151692	178	23	0.005	0.005	0.005
4892	HGSV_151853	178	9	0.0	0.0	0.0
4893	HGSV_151892	178	92	0.045	0.045	0.045
4894	HGSV_152156	178	13	0.0	0.0	0.0
4895	HGSV_152331	178	9	0.0	0.0	0.0
4896	HGSV_152537	178	9	0.0	0.0	0.0
4897	HGSV_156365	178	7	0.0	0.0	0.0
4898	HGSV_157272	178	3	0.0	0.0	0.0
4899	HGSV_157644	178	10	0.0	0.0	0.0
4900	HGSV_157937	178	15	0.001	0.001	0.001
4901	HGSV_17551	178	17	0.436	0.514	0.514
4902	HGSV_17738	178	29	0.0	0.0	0.0
4903	HGSV_19658	178	11	0.0	0.0	0.0
4904	HGSV_224	178	9	0.001	0.0	0.0
4905	HGSV_3548	178	4	0.0	0.0	0.0
4906	HGSV_3837	178	7	0.0	0.0	0.0
4907	HGSV_4409	178	8	0.0	0.0	0.0
4908	HGSV_44	178	5	0.0	0.0	0.0
4909	HGSV_6138	178	10	0.0	0.0	0.0
4910	HGSV_6474	178	12	0.0	0.0	0.0
4911	HGSV_6869	178	7	0.0	0.0	0.0
4912	HGSV_8594	178	9	0.0	0.0	0.0
4913	HGSV_8686	178	22	0.0	0.0	0.0
4914	HGSV_8997	178	134	0.0	0.0	0.0
4915	HGSV_9535	178	15	0.0	0.0	0.0
4916	HGSV_9557	178	2	0.0	0.0	0.0
4917	HGSV_9671	178	6	0.127	0.127	0.127
4918	HGSV_9897	178	10	0.007	0.007	0.007
4919	HGSV_10730	177	16	0.0	0.0	0.0
4920	HGSV_11023	177	9	0.0	0.0	0.0
4921	HGSV_11205	177	12	0.0	0.0	0.0
4922	HGSV_1130	177	4	0.001	0.001	0.001
4923	HGSV_11373	177	8	0.0	0.0	0.0
4924	HGSV_11993	177	12	0.0	0.0	0.0
4925	HGSV_12241	177	9	0.0	0.0	0.0
4926	HGSV_12564	177	6	0.001	0.001	0.001
4927	HGSV_1371	177	2	0.0	0.0	0.0
4928	HGSV_13794	177	5	0.0	0.0	0.0
4929	HGSV_13802	177	7	0.001	0.001	0.001
4930	HGSV_14073	177	16	0.0	0.0	0.0
4931	HGSV_144387	177	8	0.001	0.0	0.0
4932	HGSV_144584	177	12	0.002	0.002	0.002
4933	HGSV_144614	177	155	0.091	0.091	0.0
4934	HGSV_144941	177	5	0.0	0.0	0.0
4935	HGSV_145853	177	10	0.001	0.001	0.001
4936	HGSV_145968	177	16	0.001	0.001	0.001
4937	HGSV_146045	177	10	0.0	0.0	0.0
4938	HGSV_146146	177	30	0.007	0.007	0.007
4939	HGSV_146545	177	20	0.004	0.004	0.0
4940	HGSV_146962	177	13	0.002	0.002	0.002
4941	HGSV_147006	177	13	0.002	0.002	0.002
4942	HGSV_147942	177	13	0.0	0.0	0.0
4943	HGSV_14825	177	85	0.036	0.036	0.036
4944	HGSV_148570	177	15	0.008	0.008	0.008
4945	HGSV_149276	177	12	0.0	0.0	0.0
4946	HGSV_149524	177	19	0.0	0.0	0.0
4947	HGSV_149741	177	1	0.0	0.0	0.0
4948	HGSV_149985	177	10	0.001	0.001	0.001
4949	HGSV_150910	177	10	0.0	0.0	0.0
4950	HGSV_150960	177	132	0.082	0.082	0.082
4951	HGSV_151201	177	6	0.0	0.0	0.0
4952	HGSV_151221	177	3	0.0	0.0	0.0
4953	HGSV_151242	177	4	0.001	0.001	0.0
4954	HGSV_151437	177	12	0.0	0.0	0.0
4955	HGSV_151922	177	12	0.0	0.0	0.0
4956	HGSV_151936	177	8	0.0	0.0	0.0
4957	HGSV_152514	177	0	0.0	0.0	0.0
4958	HGSV_153155	177	5	0.0	0.0	0.0
4959	HGSV_153296	177	2	0.0	0.0	0.0
4960	HGSV_153977	177	17	0.0	0.0	0.0
4961	HGSV_154074	177	9	0.001	0.001	0.001
4962	HGSV_154250	177	9	0.0	0.0	0.0
4963	HGSV_154279	177	10	0.0	0.0	0.0
4964	HGSV_155237	177	11	0.0	0.0	0.0
4965	HGSV_155716	177	6	0.0	0.0	0.0
4966	HGSV_156471	177	7	0.0	0.0	0.0
4967	HGSV_156818	177	12	0.0	0.0	0.0
4968	HGSV_157493	177	121	0.097	0.097	0.0
4969	HGSV_157710	177	12	0.004	0.004	0.0
4970	HGSV_157804	177	46	0.0	0.0	0.0
4971	HGSV_158162	177	9	0.0	0.0	0.0
4972	HGSV_158194	177	18	0.0	0.0	0.0
4973	HGSV_158561	177	8	0.97	0.987	0.987
4974	HGSV_16096	177	8	0.001	0.001	0.001
4975	HGSV_16232	177	6	0.0	0.0	0.0
4976	HGSV_16559	177	144	0.062	0.062	0.062
4977	HGSV_16639	177	3	0.0	0.0	0.0
4978	HGSV_16996	177	12	0.0	0.0	0.0
4979	HGSV_17199	177	21	0.01	0.01	0.01
4980	HGSV_18390	177	13	0.0	0.0	0.0
4981	HGSV_1847	177	12	0.0	0.0	0.0
4982	HGSV_18501	177	10	0.002	0.0	0.0
4983	HGSV_18620	177	10	0.0	0.0	0.0
4984	HGSV_19109	177	17	0.0	0.0	0.0
4985	HGSV_2053	177	9	0.0	0.0	0.0
4986	HGSV_2169	177	8	0.0	0.0	0.0
4987	HGSV_2369	177	5	0.0	0.0	0.0
4988	HGSV_2656	177	10	0.002	0.002	0.002
4989	HGSV_301	177	7	0.001	0.0	0.0
4990	HGSV_4050	177	11	0.0	0.0	0.0
4991	HGSV_4113	177	46	0.023	0.023	0.023
4992	HGSV_5811	177	9	0.0	0.0	0.0
4993	HGSV_6560	177	14	0.001	0.001	0.001
4994	HGSV_6708	177	12	0.001	0.001	0.001
4995	HGSV_6840	177	17	0.0	0.0	0.0
4996	HGSV_8619	177	13	0.0	0.0	0.0
4997	HGSV_8650	177	8	0.0	0.0	0.0
4998	HGSV_9207	177	12	0.003	0.003	0.003
4999	HGSV_9352	177	1	0.0	0.0	0.0
5000	HGSV_952	177	29	0.013	0.0	0.0
5001	HGSV_10027	176	8	0.0	0.0	0.0
5002	HGSV_1057	176	12	0.0	0.0	0.0
5003	HGSV_10716	176	14	0.0	0.0	0.0
5004	HGSV_10811	176	5	0.0	0.0	0.0
5005	HGSV_10874	176	20	0.0	0.0	0.0
5006	HGSV_11219	176	13	0.0	0.0	0.0
5007	HGSV_11250	176	7	0.0	0.0	0.0
5008	HGSV_11478	176	2	0.001	0.001	0.001
5009	HGSV_11491	176	12	0.0	0.0	0.0
5010	HGSV_12395	176	8	0.001	0.001	0.001
5011	HGSV_12962	176	16	0.599	0.599	0.599
5012	HGSV_13223	176	14	0.001	0.001	0.001
5013	HGSV_13523	176	11	0.0	0.0	0.0
5014	HGSV_13851	176	7	0.001	0.001	0.001
5015	HGSV_144756	176	9	0.0	0.0	0.0
5016	HGSV_144965	176	10	0.002	0.002	0.002
5017	HGSV_145132	176	9	0.0	0.0	0.0
5018	HGSV_145308	176	12	0.0	0.0	0.0
5019	HGSV_145338	176	5	0.0	0.0	0.0
5020	HGSV_146169	176	8	0.96	0.96	0.96
5021	HGSV_146362	176	82	0.051	0.051	0.051
5022	HGSV_147358	176	18	0.001	0.001	0.001
5023	HGSV_147845	176	7	0.0	0.0	0.0
5024	HGSV_148003	176	11	0.0	0.0	0.0
5025	HGSV_148529	176	46	0.025	0.0	0.0
5026	HGSV_149574	176	9	0.0	0.0	0.0
5027	HGSV_150378	176	8	0.0	0.0	0.0
5028	HGSV_151875	176	13	0.0	0.0	0.0
5029	HGSV_152291	176	5	0.0	0.0	0.0
5030	HGSV_153118	176	61	0.03	0.03	0.03
5031	HGSV_153811	176	23	0.0	0.0	0.0
5032	HGSV_154031	176	3	0.0	0.0	0.0
5033	HGSV_155770	176	5	0.0	0.0	0.0
5034	HGSV_156406	176	9	0.0	0.0	0.0
5035	HGSV_156460	176	15	0.0	0.0	0.0
5036	HGSV_156563	176	11	0.0	0.0	0.0
5037	HGSV_157026	176	16	0.002	0.002	0.002
5038	HGSV_157095	176	20	0.0	0.0	0.0
5039	HGSV_157652	176	11	0.0	0.0	0.0
5040	HGSV_157769	176	40	0.037	0.037	0.0
5041	HGSV_158004	176	7	0.002	0.002	0.0
5042	HGSV_158246	176	2	0.0	0.0	0.0
5043	HGSV_158803	176	12	0.001	0.001	0.001
5044	HGSV_17375	176	12	0.0	0.0	0.0
5045	HGSV_17385	176	2	0.0	0.0	0.0
5046	HGSV_17556	176	12	0.0	0.0	0.0
5047	HGSV_18278	176	6	0.0	0.0	0.0
5048	HGSV_18301	176	10	0.007	0.007	0.007
5049	HGSV_19165	176	7	0.0	0.0	0.0
5050	HGSV_2614	176	19	0.0	0.0	0.0
5051	HGSV_3281	176	6	0.0	0.0	0.0
5052	HGSV_3393	176	11	0.0	0.0	0.0
5053	HGSV_3448	176	6	0.0	0.0	0.0
5054	HGSV_3452	176	41	0.0	0.0	0.0
5055	HGSV_4200	176	10	0.0	0.0	0.0
5056	HGSV_5202	176	11	0.0	0.0	0.0
5057	HGSV_5603	176	14	0.0	0.0	0.0
5058	HGSV_5649	176	12	0.0	0.0	0.0
5059	HGSV_59	176	7	0.0	0.0	0.0
5060	HGSV_6048	176	8	0.0	0.0	0.0
5061	HGSV_6724	176	72	0.126	0.126	0.0
5062	HGSV_7418	176	7	0.0	0.0	0.0
5063	HGSV_8723	176	10	0.0	0.0	0.0
5064	HGSV_941	176	8	0.0	0.0	0.0
5065	HGSV_10284	175	8	0.0	0.0	0.0
5066	HGSV_10367	175	6	0.0	0.0	0.0
5067	HGSV_10499	175	56	0.0	0.0	0.0
5068	HGSV_10520	175	2	0.0	0.0	0.0
5069	HGSV_10855	175	15	0.0	0.0	0.0
5070	HGSV_10916	175	22	0.001	0.0	0.0
5071	HGSV_1142	175	5	0.0	0.0	0.0
5072	HGSV_1199	175	9	0.002	0.002	0.002
5073	HGSV_14268	175	5	0.0	0.0	0.0
5074	HGSV_14329	175	16	0.005	0.0	0.0
5075	HGSV_143695	175	13	0.002	0.002	0.002
5076	HGSV_143883	175	18	0.0	0.0	0.0
5077	HGSV_143888	175	7	0.0	0.0	0.0
5078	HGSV_143986	175	8	0.0	0.0	0.0
5079	HGSV_144380	175	12	0.0	0.0	0.0
5080	HGSV_144558	175	31	0.0	0.0	0.0
5081	HGSV_144830	175	6	0.0	0.0	0.0
5082	HGSV_145061	175	7	0.0	0.0	0.0
5083	HGSV_145185	175	25	0.016	0.016	0.0
5084	HGSV_146229	175	8	0.0	0.0	0.0
5085	HGSV_146833	175	4	0.0	0.0	0.0
5086	HGSV_147456	175	139	0.068	0.068	0.068
5087	HGSV_147473	175	6	0.001	0.001	0.001
5088	HGSV_147535	175	5	0.001	0.0	0.0
5089	HGSV_147737	175	10	0.0	0.0	0.0
5090	HGSV_148007	175	12	0.0	0.0	0.0
5091	HGSV_148495	175	8	0.0	0.0	0.0
5092	HGSV_150240	175	0	0.911	0.993	0.993
5093	HGSV_150620	175	8	0.0	0.0	0.0
5094	HGSV_150649	175	10	0.0	0.0	0.0
5095	HGSV_151744	175	12	0.0	0.0	0.0
5096	HGSV_151749	175	17	0.006	0.006	0.006
5097	HGSV_15314	175	1	0.0	0.0	0.0
5098	HGSV_153210	175	12	0.004	0.004	0.004
5099	HGSV_153232	175	6	0.004	0.004	0.004
5100	HGSV_153880	175	14	0.0	0.0	0.0
5101	HGSV_154611	175	6	0.0	0.0	0.0
5102	HGSV_15489	175	13	0.001	0.001	0.001
5103	HGSV_156451	175	14	0.003	0.003	0.003
5104	HGSV_156589	175	11	0.0	0.0	0.0
5105	HGSV_157144	175	3	0.0	0.0	0.0
5106	HGSV_158312	175	9	0.592	0.592	0.592
5107	HGSV_158428	175	11	0.0	0.0	0.0
5108	HGSV_158583	175	5	0.0	0.0	0.0
5109	HGSV_158606	175	13	0.0	0.0	0.0
5110	HGSV_158692	175	17	0.0	0.0	0.0
5111	HGSV_17360	175	3	0.0	0.0	0.0
5112	HGSV_17766	175	8	0.0	0.0	0.0
5113	HGSV_1818	175	25	0.001	0.001	0.001
5114	HGSV_18326	175	2	0.0	0.0	0.0
5115	HGSV_1840	175	12	0.002	0.002	0.002
5116	HGSV_18402	175	12	0.0	0.0	0.0
5117	HGSV_19274	175	18	0.0	0.0	0.0
5118	HGSV_19319	175	19	0.005	0.005	0.005
5119	HGSV_1943	175	11	0.0	0.0	0.0
5120	HGSV_19436	175	6	0.002	0.002	0.002
5121	HGSV_19660	175	30	0.0	0.0	0.0
5122	HGSV_2344	175	8	0.0	0.0	0.0
5123	HGSV_2532	175	1	0.0	0.0	0.0
5124	HGSV_2819	175	9	0.0	0.0	0.0
5125	HGSV_2999	175	2	0.0	0.0	0.0
5126	HGSV_3135	175	4	0.0	0.0	0.0
5127	HGSV_3620	175	66	0.054	0.0	0.0
5128	HGSV_3676	175	5	0.001	0.001	0.001
5129	HGSV_3936	175	12	0.0	0.0	0.0
5130	HGSV_4687	175	6	0.0	0.0	0.0
5131	HGSV_4758	175	12	0.0	0.0	0.0
5132	HGSV_5513	175	20	0.001	0.001	0.001
5133	HGSV_6468	175	12	0.001	0.001	0.001
5134	HGSV_6504	175	14	0.001	0.001	0.001
5135	HGSV_6976	175	9	0.0	0.0	0.0
5136	HGSV_717	175	18	0.0	0.0	0.0
5137	HGSV_7497	175	18	0.0	0.0	0.0
5138	HGSV_7951	175	4	0.0	0.0	0.0
5139	HGSV_9303	175	26	0.007	0.007	0.007
5140	HGSV_9522	175	12	0.003	0.003	0.003
5141	HGSV_9809	175	14	0.0	0.0	0.0
5142	HGSV_10682	174	12	0.0	0.0	0.0
5143	HGSV_11052	174	11	0.0	0.0	0.0
5144	HGSV_11163	174	11	0.0	0.0	0.0
5145	HGSV_11902	174	2	0.0	0.0	0.0
5146	HGSV_12007	174	10	0.001	0.001	0.001
5147	HGSV_12503	174	14	0.001	0.001	0.001
5148	HGSV_12629	174	50	0.031	0.031	0.031
5149	HGSV_12798	174	7	0.0	0.0	0.0
5150	HGSV_14322	174	17	0.005	0.005	0.005
5151	HGSV_143792	174	34	0.0	0.0	0.0
5152	HGSV_144362	174	32	0.0	0.0	0.0
5153	HGSV_144620	174	3	0.0	0.0	0.0
5154	HGSV_144655	174	100	0.055	0.055	0.055
5155	HGSV_144906	174	16	0.002	0.002	0.002
5156	HGSV_145166	174	14	0.0	0.0	0.0
5157	HGSV_145972	174	22	0.0	0.0	0.0
5158	HGSV_146315	174	8	0.0	0.0	0.0
5159	HGSV_146857	174	6	0.002	0.002	0.002
5160	HGSV_147021	174	10	0.0	0.0	0.0
5161	HGSV_147149	174	42	0.027	0.027	0.027
5162	HGSV_147527	174	10	0.001	0.001	0.001
5163	HGSV_147615	174	3	0.0	0.0	0.0
5164	HGSV_147854	174	15	0.0	0.0	0.0
5165	HGSV_1482	174	6	0.016	0.016	0.0
5166	HGSV_149247	174	13	0.001	0.516	0.516
5167	HGSV_151098	174	20	0.001	0.001	0.001
5168	HGSV_151296	174	11	0.0	0.0	0.0
5169	HGSV_152110	174	1	0.0	0.0	0.0
5170	HGSV_152593	174	2	0.0	0.0	0.0
5171	HGSV_152992	174	8	0.0	0.0	0.0
5172	HGSV_153845	174	11	0.0	0.0	0.0
5173	HGSV_154140	174	97	0.0	0.0	0.0
5174	HGSV_154346	174	4	0.0	0.0	0.0
5175	HGSV_155117	174	8	0.0	0.0	0.0
5176	HGSV_155675	174	85	0.063	0.063	0.0
5177	HGSV_156697	174	12	0.0	0.0	0.0
5178	HGSV_15811	174	8	0.001	0.001	0.001
5179	HGSV_158435	174	12	0.0	0.0	0.0
5180	HGSV_15948	174	5	0.0	0.0	0.0
5181	HGSV_16640	174	7	0.0	0.0	0.0
5182	HGSV_16979	174	30	0.879	0.879	0.879
5183	HGSV_18549	174	9	0.0	0.0	0.0
5184	HGSV_19500	174	3	0.843	0.998	0.998
5185	HGSV_2099	174	13	0.0	0.0	0.0
5186	HGSV_2309	174	2	0.0	0.0	0.0
5187	HGSV_2346	174	8	0.0	0.0	0.0
5188	HGSV_2488	174	39	0.012	0.012	0.012
5189	HGSV_252	174	13	0.006	0.006	0.006
5190	HGSV_3301	174	23	0.012	0.012	0.012
5191	HGSV_3954	174	5	0.0	0.0	0.0
5192	HGSV_4970	174	13	0.0	0.0	0.0
5193	HGSV_5323	174	48	0.029	0.029	0.029
5194	HGSV_5406	174	8	0.0	0.0	0.0
5195	HGSV_5599	174	11	0.001	0.001	0.001
5196	HGSV_5955	174	20	0.0	0.0	0.0
5197	HGSV_6750	174	17	0.0	0.0	0.0
5198	HGSV_720	174	3	0.0	0.0	0.0
5199	HGSV_7571	174	10	0.001	0.001	0.001
5200	HGSV_7775	174	13	0.0	0.0	0.0
5201	HGSV_7968	174	11	0.0	0.0	0.0
5202	HGSV_8119	174	14	0.0	0.0	0.0
5203	HGSV_845	174	11	0.0	0.0	0.0
5204	HGSV_9175	174	10	0.0	0.0	0.0
5205	HGSV_9428	174	15	0.001	0.001	0.001
5206	HGSV_9641	174	4	0.0	0.0	0.0
5207	HGSV_9744	174	6	0.353	0.353	0.353
5208	HGSV_9908	174	4	0.0	0.0	0.0
5209	HGSV_11026	173	5	0.0	0.0	0.0
5210	HGSV_11201	173	22	0.015	0.015	0.015
5211	HGSV_11544	173	4	0.0	0.0	0.0
5212	HGSV_11920	173	5	0.0	0.0	0.0
5213	HGSV_12580	173	12	0.0	0.0	0.0
5214	HGSV_12583	173	10	0.0	0.0	0.0
5215	HGSV_13442	173	8	0.0	0.0	0.0
5216	HGSV_13772	173	30	0.0	0.0	0.0
5217	HGSV_144663	173	12	0.0	0.0	0.0
5218	HGSV_144761	173	7	0.0	0.0	0.0
5219	HGSV_145223	173	6	0.0	0.0	0.0
5220	HGSV_14580	173	13	0.0	0.0	0.0
5221	HGSV_146001	173	13	0.001	0.001	0.001
5222	HGSV_146872	173	8	0.0	0.0	0.0
5223	HGSV_147750	173	12	0.0	0.0	0.0
5224	HGSV_148044	173	12	0.0	0.0	0.0
5225	HGSV_148246	173	9	0.0	0.0	0.0
5226	HGSV_148898	173	4	0.0	0.0	0.0
5227	HGSV_149224	173	5	0.0	0.0	0.0
5228	HGSV_150120	173	2	0.0	0.0	0.0
5229	HGSV_150319	173	10	0.001	0.001	0.001
5230	HGSV_150680	173	10	0.0	0.0	0.0
5231	HGSV_15108	173	18	0.003	0.003	0.003
5232	HGSV_151131	173	11	0.0	0.0	0.0
5233	HGSV_15227	173	9	0.0	0.0	0.0
5234	HGSV_152400	173	9	0.0	0.0	0.0
5235	HGSV_153055	173	75	0.155	0.0	0.0
5236	HGSV_153526	173	8	0.0	0.0	0.0
5237	HGSV_15372	173	11	0.0	0.0	0.0
5238	HGSV_154459	173	21	0.001	0.001	0.001
5239	HGSV_155742	173	22	0.0	0.0	0.0
5240	HGSV_155772	173	6	0.0	0.0	0.0
5241	HGSV_157054	173	91	0.066	0.0	0.0
5242	HGSV_15806	173	17	0.0	0.0	0.0
5243	HGSV_158172	173	13	0.001	0.001	0.001
5244	HGSV_158400	173	0	0.0	0.0	0.0
5245	HGSV_158479	173	5	0.0	0.0	0.0
5246	HGSV_16698	173	10	0.0	0.0	0.0
5247	HGSV_16988	173	1	0.0	0.0	0.0
5248	HGSV_18259	173	106	0.065	0.0	0.0
5249	HGSV_3010	173	2	0.0	0.0	0.0
5250	HGSV_3292	173	6	0.0	0.0	0.0
5251	HGSV_3385	173	16	0.0	0.0	0.0
5252	HGSV_3928	173	7	0.0	0.0	0.0
5253	HGSV_3952	173	9	0.001	0.001	0.001
5254	HGSV_4159	173	14	0.001	0.001	0.001
5255	HGSV_4166	173	104	0.06	0.06	0.06
5256	HGSV_4486	173	12	0.001	0.001	0.001
5257	HGSV_4514	173	3	0.0	0.0	0.0
5258	HGSV_4658	173	13	0.0	0.0	0.0
5259	HGSV_4996	173	15	0.0	0.0	0.0
5260	HGSV_511	173	9	0.0	0.0	0.0
5261	HGSV_5787	173	98	0.045	0.045	0.045
5262	HGSV_6952	173	4	0.0	0.0	0.0
5263	HGSV_7085	173	31	0.018	0.018	0.018
5264	HGSV_7717	173	20	0.01	0.01	0.01
5265	HGSV_8401	173	7	0.001	0.001	0.001
5266	HGSV_8635	173	4	0.0	0.0	0.0
5267	HGSV_9116	173	27	0.032	0.0	0.0
5268	HGSV_9301	173	13	0.001	0.001	0.001
5269	HGSV_9757	173	3	0.0	0.0	0.0
5270	HGSV_10289	172	5	0.0	0.0	0.0
5271	HGSV_10472	172	9	0.0	0.0	0.0
5272	HGSV_10705	172	19	0.805	0.805	0.805
5273	HGSV_10731	172	5	0.0	0.0	0.0
5274	HGSV_10935	172	10	0.001	0.001	0.001
5275	HGSV_11184	172	3	0.0	0.0	0.0
5276	HGSV_11338	172	10	0.0	0.0	0.0
5277	HGSV_1161	172	9	0.0	0.0	0.0
5278	HGSV_12397	172	4	0.0	0.0	0.0
5279	HGSV_1263	172	5	0.0	0.0	0.0
5280	HGSV_12884	172	8	0.0	0.0	0.0
5281	HGSV_13401	172	6	0.0	0.0	0.0
5282	HGSV_13629	172	11	0.0	0.0	0.0
5283	HGSV_1416	172	144	0.0	0.0	0.0
5284	HGSV_143803	172	8	0.001	0.001	0.001
5285	HGSV_144231	172	8	0.0	0.0	0.0
5286	HGSV_144449	172	14	0.003	0.003	0.003
5287	HGSV_145141	172	9	0.0	0.0	0.0
5288	HGSV_145327	172	25	0.09	0.09	0.0
5289	HGSV_145467	172	8	0.0	0.0	0.0
5290	HGSV_14569	172	8	0.0	0.0	0.0
5291	HGSV_146000	172	1	0.001	0.0	0.0
5292	HGSV_146161	172	14	0.0	0.0	0.0
5293	HGSV_146290	172	10	0.0	0.0	0.0
5294	HGSV_146377	172	36	0.0	0.0	0.0
5295	HGSV_146795	172	15	0.0	0.0	0.0
5296	HGSV_147133	172	11	0.0	0.0	0.0
5297	HGSV_147607	172	3	0.0	0.0	0.0
5298	HGSV_147851	172	9	0.0	0.0	0.0
5299	HGSV_148014	172	7	0.0	0.0	0.0
5300	HGSV_148847	172	13	0.0	0.0	0.0
5301	HGSV_149058	172	4	0.0	0.0	0.0
5302	HGSV_14921	172	13	0.0	0.0	0.0
5303	HGSV_150172	172	8	0.0	0.0	0.0
5304	HGSV_150657	172	18	0.0	0.0	0.0
5305	HGSV_151632	172	6	0.0	0.0	0.0
5306	HGSV_151738	172	14	0.0	0.0	0.0
5307	HGSV_152406	172	4	0.0	0.0	0.0
5308	HGSV_15281	172	5	0.0	0.0	0.0
5309	HGSV_152904	172	10	0.0	0.0	0.0
5310	HGSV_153613	172	4	0.0	0.0	0.0
5311	HGSV_154418	172	12	0.0	0.0	0.0
5312	HGSV_156286	172	11	0.0	0.0	0.0
5313	HGSV_157978	172	13	0.0	0.0	0.0
5314	HGSV_158954	172	2	0.0	0.0	0.0
5315	HGSV_158982	172	10	0.001	0.001	0.001
5316	HGSV_159047	172	5	0.352	0.352	0.352
5317	HGSV_1674	172	5	0.0	0.0	0.0
5318	HGSV_16767	172	17	0.01	0.01	0.01
5319	HGSV_17293	172	12	0.0	0.0	0.0
5320	HGSV_1769	172	0	0.0	0.0	0.0
5321	HGSV_18219	172	12	0.003	0.003	0.003
5322	HGSV_18372	172	13	0.0	0.0	0.0
5323	HGSV_18432	172	14	0.0	0.0	0.0
5324	HGSV_19515	172	7	0.0	0.0	0.0
5325	HGSV_2117	172	13	0.001	0.001	0.001
5326	HGSV_2217	172	8	0.005	0.005	0.005
5327	HGSV_2479	172	7	0.0	0.0	0.0
5328	HGSV_3369	172	6	0.0	0.0	0.0
5329	HGSV_3747	172	7	0.0	0.0	0.0
5330	HGSV_3855	172	8	0.0	0.0	0.0
5331	HGSV_4040	172	8	0.0	0.0	0.0
5332	HGSV_4524	172	7	0.0	0.0	0.0
5333	HGSV_5913	172	3	0.0	0.0	0.0
5334	HGSV_6203	172	8	0.0	0.0	0.0
5335	HGSV_7090	172	5	0.0	0.0	0.0
5336	HGSV_790	172	7	0.002	0.002	0.002
5337	HGSV_8034	172	4	0.0	0.0	0.0
5338	HGSV_8734	172	3	0.0	0.0	0.0
5339	HGSV_10508	171	5	0.0	0.0	0.0
5340	HGSV_10853	171	9	0.0	0.0	0.0
5341	HGSV_10875	171	17	0.0	0.0	0.0
5342	HGSV_12611	171	7	0.0	0.0	0.0
5343	HGSV_143407	171	22	0.001	0.001	0.001
5344	HGSV_14341	171	10	0.0	0.0	0.0
5345	HGSV_143544	171	11	0.0	0.0	0.0
5346	HGSV_143717	171	1	0.0	0.0	0.0
5347	HGSV_144657	171	132	0.093	0.093	0.0
5348	HGSV_1460	171	39	0.021	0.021	0.021
5349	HGSV_147310	171	5	0.0	0.0	0.0
5350	HGSV_148329	171	7	0.0	0.0	0.0
5351	HGSV_14862	171	11	0.0	0.0	0.0
5352	HGSV_148681	171	8	0.001	0.001	0.001
5353	HGSV_148723	171	12	0.0	0.0	0.0
5354	HGSV_148726	171	2	0.0	0.0	0.0
5355	HGSV_149362	171	14	0.002	0.002	0.002
5356	HGSV_149364	171	7	0.0	0.0	0.0
5357	HGSV_149705	171	13	0.002	0.0	0.0
5358	HGSV_150034	171	5	0.0	0.0	0.0
5359	HGSV_150121	171	9	0.0	0.0	0.0
5360	HGSV_150385	171	7	0.0	0.0	0.0
5361	HGSV_150688	171	12	0.0	0.0	0.0
5362	HGSV_151191	171	7	0.0	0.0	0.0
5363	HGSV_151305	171	7	0.0	0.0	0.0
5364	HGSV_15196	171	5	0.0	0.0	0.0
5365	HGSV_152545	171	3	0.0	0.0	0.0
5366	HGSV_152645	171	19	0.006	0.006	0.006
5367	HGSV_152667	171	5	0.0	0.0	0.0
5368	HGSV_153000	171	3	0.0	0.0	0.0
5369	HGSV_15333	171	9	0.0	0.0	0.0
5370	HGSV_153451	171	13	0.007	0.007	0.007
5371	HGSV_154159	171	5	0.0	0.0	0.0
5372	HGSV_154981	171	84	0.096	0.096	0.0
5373	HGSV_155024	171	38	0.0	0.0	0.0
5374	HGSV_155556	171	15	0.672	0.672	0.672
5375	HGSV_155686	171	19	0.0	0.0	0.0
5376	HGSV_155989	171	13	0.0	0.0	0.0
5377	HGSV_156328	171	4	0.0	0.0	0.0
5378	HGSV_15704	171	3	0.0	0.0	0.0
5379	HGSV_157275	171	2	0.002	0.002	0.002
5380	HGSV_157830	171	8	0.0	0.0	0.0
5381	HGSV_15882	171	1	0.0	0.0	0.0
5382	HGSV_159005	171	9	0.0	0.0	0.0
5383	HGSV_16004	171	16	0.0	0.0	0.0
5384	HGSV_16909	171	9	0.0	0.0	0.0
5385	HGSV_17511	171	1	0.001	0.001	0.001
5386	HGSV_18896	171	12	0.0	0.0	0.0
5387	HGSV_3019	171	4	0.0	0.0	0.0
5388	HGSV_3289	171	8	0.913	0.913	0.0
5389	HGSV_34	171	15	0.0	0.0	0.0
5390	HGSV_3433	171	8	0.0	0.0	0.0
5391	HGSV_3937	171	63	0.043	0.043	0.0
5392	HGSV_4478	171	17	0.006	0.006	0.006
5393	HGSV_5165	171	9	0.007	0.007	0.007
5394	HGSV_5609	171	5	0.001	0.001	0.001
5395	HGSV_5620	171	11	0.0	0.0	0.0
5396	HGSV_6387	171	7	0.0	0.0	0.0
5397	HGSV_7113	171	12	0.0	0.0	0.0
5398	HGSV_7341	171	135	0.083	0.0	0.0
5399	HGSV_7714	171	7	0.0	0.0	0.0
5400	HGSV_8628	171	17	0.0	0.0	0.0
5401	HGSV_9136	171	7	0.002	0.002	0.002
5402	HGSV_9949	171	11	0.001	0.001	0.001
5403	HGSV_10700	170	15	0.0	0.0	0.0
5404	HGSV_1072	170	12	0.0	0.0	0.0
5405	HGSV_11354	170	3	0.0	0.0	0.0
5406	HGSV_11682	170	8	0.001	0.001	0.001
5407	HGSV_1196	170	3	0.0	0.0	0.0
5408	HGSV_1246	170	11	0.0	0.0	0.0
5409	HGSV_12968	170	5	0.003	0.003	0.003
5410	HGSV_13409	170	6	0.0	0.0	0.0
5411	HGSV_13643	170	20	0.005	0.005	0.005
5412	HGSV_13795	170	89	0.046	0.046	0.046
5413	HGSV_144057	170	9	0.0	0.0	0.0
5414	HGSV_144720	170	6	0.0	0.0	0.0
5415	HGSV_145829	170	4	0.491	0.491	0.671
5416	HGSV_145871	170	5	0.0	0.0	0.0
5417	HGSV_146326	170	99	0.046	0.046	0.046
5418	HGSV_146699	170	5	0.0	0.0	0.0
5419	HGSV_14671	170	10	0.0	0.0	0.0
5420	HGSV_147003	170	11	0.002	0.002	0.002
5421	HGSV_147111	170	18	0.012	0.012	0.012
5422	HGSV_147123	170	13	0.955	0.0	0.0
5423	HGSV_147134	170	22	0.0	0.0	0.0
5424	HGSV_147665	170	11	0.0	0.0	0.0
5425	HGSV_147730	170	12	0.0	0.0	0.0
5426	HGSV_147804	170	16	0.0	0.0	0.0
5427	HGSV_147957	170	89	0.064	0.064	0.064
5428	HGSV_148151	170	19	0.003	0.003	0.003
5429	HGSV_148508	170	12	0.0	0.0	0.0
5430	HGSV_148603	170	14	0.001	0.001	0.001
5431	HGSV_148843	170	2	0.0	0.0	0.0
5432	HGSV_149343	170	13	0.0	0.0	0.0
5433	HGSV_149497	170	10	0.0	0.0	0.0
5434	HGSV_149765	170	10	0.0	0.0	0.0
5435	HGSV_149868	170	9	0.0	0.0	0.0
5436	HGSV_150279	170	11	0.0	0.0	0.0
5437	HGSV_150825	170	13	0.0	0.0	0.0
5438	HGSV_151124	170	7	0.0	0.0	0.0
5439	HGSV_151399	170	4	0.0	0.0	0.0
5440	HGSV_153032	170	10	0.0	0.0	0.0
5441	HGSV_153707	170	13	0.0	0.0	0.0
5442	HGSV_153802	170	9	0.0	0.0	0.0
5443	HGSV_154086	170	11	0.0	0.0	0.0
5444	HGSV_154566	170	2	0.421	0.421	0.421
5445	HGSV_154895	170	12	0.0	0.0	0.0
5446	HGSV_155587	170	6	0.001	0.001	0.001
5447	HGSV_155889	170	19	0.006	0.0	0.0
5448	HGSV_156813	170	10	0.001	0.001	0.001
5449	HGSV_157079	170	4	0.213	0.213	0.213
5450	HGSV_157366	170	16	0.0	0.0	0.0
5451	HGSV_157529	170	10	0.0	0.0	0.0
5452	HGSV_157932	170	13	0.001	0.001	0.001
5453	HGSV_158855	170	11	0.0	0.0	0.0
5454	HGSV_1691	170	7	0.001	0.001	0.001
5455	HGSV_17157	170	17	0.0	0.0	0.0
5456	HGSV_17408	170	5	0.0	0.0	0.0
5457	HGSV_17695	170	13	0.0	0.0	0.0
5458	HGSV_17786	170	2	0.0	0.0	0.0
5459	HGSV_17849	170	12	0.004	0.004	0.004
5460	HGSV_18504	170	43	0.014	0.014	0.0
5461	HGSV_19510	170	42	0.0	0.0	0.0
5462	HGSV_2241	170	4	0.0	0.0	0.0
5463	HGSV_2596	170	3	0.0	0.0	0.0
5464	HGSV_299	170	7	0.001	0.001	0.001
5465	HGSV_397	170	4	0.0	0.0	0.0
5466	HGSV_5190	170	27	0.008	0.008	0.008
5467	HGSV_5233	170	14	0.0	0.0	0.0
5468	HGSV_5457	170	13	0.001	0.001	0.001
5469	HGSV_5629	170	114	0.087	0.087	0.0
5470	HGSV_6035	170	136	0.0	0.0	0.0
5471	HGSV_6441	170	9	0.001	0.001	0.001
5472	HGSV_7055	170	8	0.0	0.0	0.0
5473	HGSV_7785	170	11	0.002	0.002	0.0
5474	HGSV_8291	170	11	0.002	0.002	0.002
5475	HGSV_8531	170	15	0.0	0.0	0.0
5476	HGSV_8718	170	14	0.205	0.205	0.205
5477	HGSV_8732	170	6	0.0	0.0	0.0
5478	HGSV_8755	170	5	0.0	0.0	0.0
5479	HGSV_8969	170	2	0.001	0.001	0.001
5480	HGSV_9472	170	12	0.0	0.0	0.0
5481	HGSV_9735	170	5	0.001	0.001	0.001
5482	HGSV_9759	170	4	0.0	0.0	0.0
5483	HGSV_9972	170	11	0.211	0.211	0.0
5484	HGSV_10737	169	7	0.0	0.0	0.0
5485	HGSV_11021	169	11	0.0	0.0	0.0
5486	HGSV_11651	169	6	0.0	0.0	0.0
5487	HGSV_11673	169	3	0.0	0.0	0.0
5488	HGSV_11751	169	6	0.0	0.0	0.0
5489	HGSV_12082	169	4	0.0	0.0	0.0
5490	HGSV_12482	169	11	0.002	0.002	0.0
5491	HGSV_12483	169	8	0.002	0.002	0.002
5492	HGSV_1287	169	1	0.0	0.0	0.0
5493	HGSV_12997	169	1	0.0	0.0	0.0
5494	HGSV_13271	169	6	0.0	0.901	0.0
5495	HGSV_1330	169	7	0.0	0.0	0.0
5496	HGSV_14024	169	10	0.0	0.0	0.0
5497	HGSV_1411	169	4	0.0	0.0	0.0
5498	HGSV_143769	169	6	0.0	0.0	0.0
5499	HGSV_145118	169	19	0.009	0.009	0.009
5500	HGSV_145311	169	8	0.002	0.002	0.002
5501	HGSV_145335	169	7	0.523	0.523	0.523
5502	HGSV_146218	169	7	0.873	0.96	0.96
5503	HGSV_146402	169	18	0.0	0.0	0.0
5504	HGSV_146607	169	10	0.0	0.0	0.0
5505	HGSV_146630	169	5	0.0	0.0	0.0
5506	HGSV_146726	169	15	0.007	0.007	0.007
5507	HGSV_147114	169	4	0.0	0.0	0.0
5508	HGSV_147610	169	6	0.0	0.0	0.0
5509	HGSV_147849	169	15	0.0	0.0	0.0
5510	HGSV_148192	169	20	0.005	0.005	0.005
5511	HGSV_148803	169	7	0.0	0.0	0.0
5512	HGSV_148858	169	8	0.0	0.0	0.0
5513	HGSV_149684	169	9	0.0	0.0	0.0
5514	HGSV_149717	169	7	0.0	0.0	0.0
5515	HGSV_150226	169	6	0.0	0.0	0.0
5516	HGSV_150838	169	6	0.0	0.0	0.0
5517	HGSV_150987	169	7	0.0	0.0	0.0
5518	HGSV_151992	169	1	0.0	0.0	0.0
5519	HGSV_152970	169	15	0.001	0.001	0.001
5520	HGSV_153476	169	13	0.0	0.0	0.0
5521	HGSV_153610	169	32	0.77	0.0	0.0
5522	HGSV_153653	169	10	0.002	0.002	0.002
5523	HGSV_153854	169	6	0.0	0.0	0.0
5524	HGSV_154038	169	10	0.0	0.0	0.0
5525	HGSV_154189	169	2	0.0	0.0	0.0
5526	HGSV_154402	169	11	0.0	0.0	0.0
5527	HGSV_154857	169	10	0.0	0.0	0.0
5528	HGSV_15508	169	9	0.0	0.0	0.0
5529	HGSV_155573	169	12	0.0	0.0	0.0
5530	HGSV_155670	169	71	0.0	0.0	0.0
5531	HGSV_156038	169	3	0.001	0.001	0.001
5532	HGSV_157155	169	12	0.0	0.0	0.0
5533	HGSV_15739	169	2	0.0	0.0	0.0
5534	HGSV_157785	169	12	0.004	0.004	0.004
5535	HGSV_157980	169	7	0.0	0.0	0.0
5536	HGSV_17266	169	6	0.0	0.0	0.0
5537	HGSV_17303	169	4	0.0	0.0	0.0
5538	HGSV_1742	169	7	0.006	0.006	0.006
5539	HGSV_17602	169	12	0.0	0.0	0.0
5540	HGSV_18283	169	120	0.0	0.0	0.0
5541	HGSV_19378	169	18	0.0	0.0	0.0
5542	HGSV_2064	169	17	0.002	0.002	0.002
5543	HGSV_2171	169	6	0.001	0.001	0.001
5544	HGSV_2342	169	11	0.0	0.0	0.0
5545	HGSV_2455	169	10	0.006	0.006	0.006
5546	HGSV_2971	169	5	0.0	0.0	0.0
5547	HGSV_3079	169	13	0.0	0.0	0.0
5548	HGSV_3207	169	4	0.0	0.0	0.0
5549	HGSV_3379	169	8	0.0	0.0	0.0
5550	HGSV_3770	169	0	0.0	0.0	0.0
5551	HGSV_3845	169	5	0.0	0.0	0.0
5552	HGSV_4149	169	17	0.003	0.003	0.003
5553	HGSV_4762	169	19	0.001	0.001	0.001
5554	HGSV_4912	169	6	0.993	0.993	0.995
5555	HGSV_5251	169	2	0.0	0.0	0.0
5556	HGSV_5438	169	10	0.0	0.0	0.0
5557	HGSV_5715	169	6	0.0	0.0	0.0
5558	HGSV_6542	169	12	0.001	0.001	0.001
5559	HGSV_753	169	1	0.0	0.0	0.0
5560	HGSV_8099	169	64	0.0	0.0	0.0
5561	HGSV_8830	169	30	0.023	0.023	0.0
5562	HGSV_10094	168	12	0.936	0.936	0.936
5563	HGSV_1041	168	2	0.0	0.0	0.0
5564	HGSV_10768	168	9	0.0	0.0	0.0
5565	HGSV_10789	168	7	0.0	0.0	0.0
5566	HGSV_10795	168	6	0.001	0.001	0.001
5567	HGSV_11150	168	21	0.0	0.0	0.0
5568	HGSV_11473	168	8	0.0	0.0	0.0
5569	HGSV_11543	168	10	0.0	0.0	0.0
5570	HGSV_12622	168	3	0.001	0.001	0.0
5571	HGSV_12692	168	10	0.0	0.0	0.0
5572	HGSV_13118	168	3	0.001	0.001	0.001
5573	HGSV_13496	168	9	0.005	0.005	0.005
5574	HGSV_14134	168	22	0.013	0.013	0.013
5575	HGSV_143669	168	6	0.0	0.0	0.0
5576	HGSV_143828	168	7	0.0	0.0	0.0
5577	HGSV_144223	168	32	0.027	0.027	0.027
5578	HGSV_144279	168	15	0.0	0.0	0.0
5579	HGSV_144769	168	12	0.004	0.004	0.004
5580	HGSV_145174	168	18	0.0	0.0	0.0
5581	HGSV_146748	168	3	0.002	0.002	0.002
5582	HGSV_146821	168	11	0.001	0.001	0.001
5583	HGSV_147016	168	7	0.0	0.0	0.0
5584	HGSV_147340	168	8	0.0	0.0	0.0
5585	HGSV_14768	168	18	0.008	0.008	0.0
5586	HGSV_147830	168	16	0.0	0.0	0.0
5587	HGSV_14817	168	19	0.002	0.002	0.002
5588	HGSV_148486	168	16	0.001	0.001	0.001
5589	HGSV_148507	168	13	0.001	0.001	0.001
5590	HGSV_149392	168	34	0.018	0.018	0.018
5591	HGSV_149613	168	85	0.043	0.043	0.043
5592	HGSV_15096	168	21	0.027	0.027	0.0
5593	HGSV_151196	168	3	0.699	0.699	0.699
5594	HGSV_151301	168	10	0.0	0.0	0.0
5595	HGSV_152325	168	5	0.0	0.0	0.0
5596	HGSV_152371	168	3	0.0	0.0	0.0
5597	HGSV_152485	168	19	0.007	0.007	0.0
5598	HGSV_152638	168	11	0.0	0.0	0.0
5599	HGSV_152764	168	79	0.06	0.06	0.0
5600	HGSV_154026	168	13	0.0	0.0	0.0
5601	HGSV_155129	168	48	0.002	0.0	0.0
5602	HGSV_156411	168	3	0.0	0.0	0.0
5603	HGSV_157126	168	11	0.001	0.001	0.001
5604	HGSV_15753	168	8	0.0	0.0	0.0
5605	HGSV_157600	168	138	0.093	0.093	0.093
5606	HGSV_157756	168	10	0.002	0.002	0.002
5607	HGSV_1582	168	15	0.0	0.0	0.0
5608	HGSV_158295	168	11	0.001	0.001	0.001
5609	HGSV_158571	168	6	0.0	0.0	0.0
5610	HGSV_158607	168	3	0.001	0.0	0.0
5611	HGSV_158957	168	14	0.003	0.003	0.003
5612	HGSV_1633	168	9	0.0	0.0	0.0
5613	HGSV_16850	168	9	0.0	0.0	0.0
5614	HGSV_16897	168	9	0.0	0.0	0.0
5615	HGSV_16914	168	33	0.008	0.008	0.008
5616	HGSV_17384	168	6	0.0	0.0	0.0
5617	HGSV_18064	168	13	0.01	0.01	0.0
5618	HGSV_18571	168	1	0.001	0.001	0.001
5619	HGSV_19003	168	6	0.001	0.001	0.001
5620	HGSV_2189	168	4	0.001	0.001	0.001
5621	HGSV_2749	168	3	0.0	0.0	0.0
5622	HGSV_2878	168	9	0.0	0.0	0.0
5623	HGSV_3164	168	11	0.5	0.5	0.5
5624	HGSV_3373	168	1	0.0	0.0	0.0
5625	HGSV_4169	168	10	0.0	0.0	0.0
5626	HGSV_4309	168	51	0.038	0.038	0.038
5627	HGSV_4601	168	5	0.312	0.312	0.312
5628	HGSV_5428	168	16	0.0	0.0	0.0
5629	HGSV_5646	168	17	0.0	0.0	0.0
5630	HGSV_5900	168	6	0.0	0.0	0.0
5631	HGSV_6295	168	10	0.0	0.0	0.0
5632	HGSV_682	168	4	0.0	0.0	0.0
5633	HGSV_7046	168	2	0.0	0.0	0.0
5634	HGSV_7913	168	7	0.0	0.0	0.0
5635	HGSV_8719	168	9	0.0	0.0	0.0
5636	HGSV_964	168	19	0.012	0.012	0.012
5637	HGSV_10373	167	11	0.0	0.0	0.0
5638	HGSV_1065	167	8	0.0	0.0	0.0
5639	HGSV_10694	167	4	0.0	0.0	0.0
5640	HGSV_10787	167	7	0.0	0.0	0.0
5641	HGSV_11148	167	9	0.0	0.0	0.0
5642	HGSV_13192	167	12	0.0	0.0	0.0
5643	HGSV_13270	167	8	0.0	0.0	0.0
5644	HGSV_13539	167	10	0.0	0.0	0.0
5645	HGSV_13579	167	129	0.0	0.0	0.0
5646	HGSV_14141	167	15	0.003	0.003	0.003
5647	HGSV_144838	167	17	0.005	0.005	0.005
5648	HGSV_145198	167	20	0.004	0.004	0.004
5649	HGSV_146072	167	1	0.001	0.001	0.001
5650	HGSV_146400	167	2	0.0	0.0	0.0
5651	HGSV_147621	167	14	0.0	0.0	0.0
5652	HGSV_148114	167	4	0.001	0.001	0.001
5653	HGSV_148126	167	13	0.0	0.0	0.0
5654	HGSV_148384	167	12	0.003	0.003	0.003
5655	HGSV_14888	167	9	0.0	0.0	0.0
5656	HGSV_14916	167	17	0.002	0.002	0.002
5657	HGSV_150561	167	20	0.0	0.0	0.0
5658	HGSV_151730	167	9	0.005	0.005	0.005
5659	HGSV_151976	167	6	0.0	0.0	0.0
5660	HGSV_152469	167	13	0.002	0.002	0.002
5661	HGSV_15371	167	7	0.0	0.0	0.0
5662	HGSV_154170	167	93	0.041	0.041	0.041
5663	HGSV_154260	167	2	0.0	0.0	0.0
5664	HGSV_1545	167	14	0.003	0.003	0.003
5665	HGSV_155543	167	34	0.39	0.39	0.39
5666	HGSV_155688	167	8	0.001	0.001	0.001
5667	HGSV_155779	167	46	0.0	0.0	0.0
5668	HGSV_156872	167	76	0.047	0.047	0.047
5669	HGSV_157008	167	19	0.004	0.004	0.0
5670	HGSV_1573	167	8	0.0	0.0	0.0
5671	HGSV_157858	167	8	0.0	0.0	0.0
5672	HGSV_158129	167	5	0.0	0.0	0.0
5673	HGSV_158191	167	7	0.0	0.0	0.0
5674	HGSV_158475	167	6	0.0	0.0	0.0
5675	HGSV_158860	167	11	0.0	0.0	0.0
5676	HGSV_17255	167	22	0.008	0.0	0.0
5677	HGSV_17954	167	4	0.0	0.0	0.0
5678	HGSV_18026	167	13	0.0	0.0	0.0
5679	HGSV_18175	167	6	0.0	0.0	0.0
5680	HGSV_18524	167	8	0.002	0.002	0.002
5681	HGSV_18924	167	6	0.0	0.0	0.0
5682	HGSV_19224	167	3	0.0	0.0	0.0
5683	HGSV_2204	167	82	0.045	0.045	0.0
5684	HGSV_2228	167	11	0.001	0.001	0.001
5685	HGSV_2677	167	6	0.001	0.001	0.001
5686	HGSV_2761	167	69	0.052	0.052	0.052
5687	HGSV_2790	167	11	0.893	0.893	0.893
5688	HGSV_3489	167	5	0.0	0.0	0.0
5689	HGSV_3737	167	9	0.001	0.001	0.001
5690	HGSV_4209	167	8	0.0	0.0	0.0
5691	HGSV_4239	167	8	0.0	0.0	0.0
5692	HGSV_4849	167	79	0.041	0.041	0.041
5693	HGSV_4882	167	11	0.0	0.0	0.0
5694	HGSV_492	167	74	0.048	0.048	0.0
5695	HGSV_5254	167	5	0.0	0.0	0.0
5696	HGSV_701	167	52	0.0	0.0	0.0
5697	HGSV_7470	167	9	0.0	0.0	0.0
5698	HGSV_7824	167	23	0.021	0.021	0.021
5699	HGSV_8211	167	20	0.007	0.007	0.007
5700	HGSV_884	167	9	0.001	0.001	0.001
5701	HGSV_9090	167	13	0.001	0.001	0.0
5702	HGSV_9689	167	5	0.002	0.002	0.002
5703	HGSV_9918	167	20	0.005	0.005	0.005
5704	HGSV_9959	167	1	0.001	0.001	0.001
5705	HGSV_10696	166	5	0.0	0.0	0.0
5706	HGSV_10786	166	8	0.0	0.0	0.0
5707	HGSV_10868	166	11	0.0	0.0	0.0
5708	HGSV_10957	166	14	0.0	0.0	0.0
5709	HGSV_11314	166	7	0.0	0.0	0.0
5710	HGSV_11371	166	33	0.007	0.007	0.007
5711	HGSV_11460	166	6	0.0	0.0	0.0
5712	HGSV_12182	166	24	0.009	0.009	0.009
5713	HGSV_1223	166	27	0.0	0.0	0.0
5714	HGSV_1230	166	37	0.016	0.016	0.016
5715	HGSV_123	166	8	0.0	0.0	0.0
5716	HGSV_145272	166	17	0.003	0.003	0.003
5717	HGSV_145411	166	6	0.0	0.0	0.0
5718	HGSV_145472	166	8	0.0	0.0	0.0
5719	HGSV_14586	166	19	0.0	0.0	0.0
5720	HGSV_146623	166	98	0.059	0.059	0.059
5721	HGSV_14664	166	12	0.0	0.0	0.0
5722	HGSV_146950	166	6	0.0	0.0	0.0
5723	HGSV_147500	166	9	0.0	0.0	0.0
5724	HGSV_148487	166	13	0.0	0.0	0.0
5725	HGSV_150301	166	9	0.002	0.002	0.002
5726	HGSV_150357	166	4	0.0	0.0	0.0
5727	HGSV_150617	166	12	0.0	0.0	0.0
5728	HGSV_151459	166	2	0.0	0.0	0.0
5729	HGSV_15158	166	7	0.0	0.0	0.0
5730	HGSV_152157	166	4	0.0	0.0	0.0
5731	HGSV_153280	166	8	0.001	0.001	0.001
5732	HGSV_153549	166	7	0.0	0.0	0.0
5733	HGSV_153862	166	12	0.002	0.002	0.002
5734	HGSV_154813	166	14	0.001	0.001	0.001
5735	HGSV_155238	166	10	0.0	0.0	0.0
5736	HGSV_155745	166	11	0.0	0.0	0.0
5737	HGSV_156147	166	6	0.0	0.0	0.0
5738	HGSV_156326	166	6	0.423	0.423	0.423
5739	HGSV_156523	166	4	0.97	0.987	0.987
5740	HGSV_156556	166	4	0.001	0.001	0.001
5741	HGSV_156767	166	6	0.0	0.0	0.0
5742	HGSV_157885	166	8	0.0	0.0	0.0
5743	HGSV_158047	166	14	0.0	0.0	0.0
5744	HGSV_158327	166	8	0.0	0.0	0.0
5745	HGSV_16148	166	5	0.0	0.0	0.0
5746	HGSV_16407	166	4	0.0	0.0	0.0
5747	HGSV_16456	166	11	0.0	0.0	0.0
5748	HGSV_16497	166	19	0.0	0.0	0.0
5749	HGSV_16602	166	8	0.0	0.0	0.0
5750	HGSV_18415	166	10	0.0	0.0	0.0
5751	HGSV_18416	166	4	0.0	0.0	0.0
5752	HGSV_1879	166	2	0.0	0.0	0.0
5753	HGSV_2160	166	11	0.0	0.0	0.0
5754	HGSV_3158	166	5	0.001	0.001	0.001
5755	HGSV_3251	166	9	0.0	0.0	0.0
5756	HGSV_4070	166	29	0.015	0.015	0.015
5757	HGSV_4112	166	7	0.0	0.0	0.0
5758	HGSV_4115	166	7	0.0	0.0	0.0
5759	HGSV_4281	166	6	0.0	0.0	0.0
5760	HGSV_5177	166	5	0.0	0.0	0.0
5761	HGSV_5214	166	4	0.0	0.0	0.0
5762	HGSV_5509	166	2	0.0	0.0	0.0
5763	HGSV_5571	166	10	0.0	0.0	0.0
5764	HGSV_5786	166	98	0.0	0.0	0.0
5765	HGSV_635	166	12	0.0	0.0	0.0
5766	HGSV_6697	166	8	0.0	0.0	0.0
5767	HGSV_6699	166	8	0.0	0.0	0.0
5768	HGSV_677	166	13	0.002	0.002	0.002
5769	HGSV_6867	166	7	0.0	0.0	0.0
5770	HGSV_7176	166	6	0.0	0.0	0.0
5771	HGSV_7540	166	22	0.003	0.003	0.003
5772	HGSV_8107	166	10	0.0	0.0	0.0
5773	HGSV_8161	166	5	0.001	0.001	0.001
5774	HGSV_8624	166	14	0.0	0.0	0.0
5775	HGSV_9688	166	13	0.0	0.0	0.0
5776	HGSV_10215	165	1	0.0	0.0	0.0
5777	HGSV_10645	165	15	0.0	0.0	0.0
5778	HGSV_1234	165	7	0.104	0.104	0.104
5779	HGSV_12844	165	1	0.0	0.0	0.0
5780	HGSV_12961	165	6	0.0	0.0	0.0
5781	HGSV_13709	165	12	0.0	0.0	0.0
5782	HGSV_1392	165	15	0.01	0.01	0.01
5783	HGSV_144632	165	6	0.0	0.0	0.0
5784	HGSV_144728	165	12	0.002	0.002	0.002
5785	HGSV_145370	165	10	0.001	0.001	0.001
5786	HGSV_145768	165	4	0.0	0.0	0.0
5787	HGSV_146815	165	4	0.0	0.0	0.0
5788	HGSV_14709	165	6	0.0	0.0	0.0
5789	HGSV_147557	165	8	0.005	0.005	0.005
5790	HGSV_148544	165	8	0.001	0.001	0.001
5791	HGSV_148861	165	4	0.0	0.0	0.0
5792	HGSV_149499	165	18	0.339	0.339	0.339
5793	HGSV_149537	165	8	0.001	0.0	0.0
5794	HGSV_15002	165	6	0.001	0.001	0.001
5795	HGSV_150085	165	8	0.001	0.001	0.001
5796	HGSV_150876	165	20	0.0	0.0	0.0
5797	HGSV_151610	165	4	0.998	0.998	0.998
5798	HGSV_152060	165	16	0.008	0.008	0.008
5799	HGSV_152610	165	8	0.001	0.001	0.001
5800	HGSV_15275	165	132	0.073	0.073	0.0
5801	HGSV_152894	165	3	0.565	0.565	0.565
5802	HGSV_153618	165	15	0.0	0.0	0.0
5803	HGSV_153710	165	3	0.001	0.001	0.001
5804	HGSV_154190	165	3	0.003	0.0	0.0
5805	HGSV_154267	165	2	0.0	0.0	0.0
5806	HGSV_156838	165	131	0.068	0.068	0.0
5807	HGSV_157832	165	6	0.0	0.0	0.0
5808	HGSV_15808	165	17	0.006	0.006	0.006
5809	HGSV_158418	165	5	0.0	0.0	0.0
5810	HGSV_16868	165	11	0.0	0.0	0.0
5811	HGSV_17064	165	3	0.0	0.0	0.0
5812	HGSV_17328	165	9	0.0	0.0	0.0
5813	HGSV_17547	165	7	0.0	0.0	0.0
5814	HGSV_18529	165	8	0.0	0.0	0.0
5815	HGSV_18545	165	14	0.0	0.0	0.0
5816	HGSV_19189	165	13	0.0	0.0	0.0
5817	HGSV_2718	165	25	0.0	0.0	0.0
5818	HGSV_3023	165	14	0.0	0.0	0.0
5819	HGSV_3162	165	5	0.994	0.994	0.994
5820	HGSV_4698	165	10	0.0	0.0	0.0
5821	HGSV_5308	165	17	0.0	0.0	0.0
5822	HGSV_5637	165	16	0.0	0.0	0.0
5823	HGSV_5821	165	8	0.001	0.001	0.001
5824	HGSV_7532	165	11	0.001	0.001	0.001
5825	HGSV_7585	165	121	0.0	0.0	0.0
5826	HGSV_7919	165	74	0.038	0.038	0.038
5827	HGSV_861	165	5	0.0	0.0	0.0
5828	HGSV_9240	165	8	0.001	0.001	0.001
5829	HGSV_9422	165	16	0.0	0.0	0.0
5830	HGSV_10803	164	6	0.0	0.0	0.0
5831	HGSV_10999	164	8	0.0	0.0	0.0
5832	HGSV_11017	164	5	0.0	0.0	0.0
5833	HGSV_11172	164	21	0.0	0.0	0.0
5834	HGSV_1132	164	3	0.001	0.0	0.0
5835	HGSV_11328	164	4	0.0	0.0	0.0
5836	HGSV_11468	164	32	0.001	0.001	0.001
5837	HGSV_11752	164	5	0.0	0.0	0.0
5838	HGSV_11770	164	46	0.025	0.025	0.025
5839	HGSV_1231	164	5	0.0	0.0	0.0
5840	HGSV_12743	164	26	0.011	0.011	0.011
5841	HGSV_12810	164	10	0.006	0.006	0.006
5842	HGSV_13789	164	3	0.0	0.0	0.0
5843	HGSV_14353	164	52	0.036	0.036	0.036
5844	HGSV_144905	164	5	0.0	0.0	0.0
5845	HGSV_145473	164	9	0.0	0.0	0.0
5846	HGSV_145694	164	9	0.0	0.0	0.0
5847	HGSV_145791	164	9	0.0	0.0	0.0
5848	HGSV_147007	164	10	0.0	0.0	0.0
5849	HGSV_147124	164	14	0.955	0.955	0.955
5850	HGSV_147247	164	1	0.001	0.001	0.001
5851	HGSV_14759	164	3	0.0	0.0	0.0
5852	HGSV_147805	164	7	0.0	0.0	0.0
5853	HGSV_147867	164	8	0.0	0.0	0.0
5854	HGSV_148500	164	13	0.002	0.002	0.002
5855	HGSV_148630	164	8	0.0	0.0	0.0
5856	HGSV_14904	164	12	0.002	0.002	0.002
5857	HGSV_149429	164	4	0.002	0.002	0.002
5858	HGSV_149616	164	4	0.0	0.0	0.0
5859	HGSV_149723	164	13	0.575	0.575	0.575
5860	HGSV_14978	164	4	0.0	0.0	0.0
5861	HGSV_150669	164	3	0.001	0.001	0.001
5862	HGSV_150972	164	9	0.0	0.0	0.0
5863	HGSV_151706	164	6	0.0	0.0	0.0
5864	HGSV_151750	164	5	0.0	0.0	0.0
5865	HGSV_151778	164	5	0.0	0.0	0.0
5866	HGSV_151861	164	3	0.0	0.0	0.0
5867	HGSV_152326	164	6	0.0	0.0	0.0
5868	HGSV_153252	164	3	0.0	0.0	0.0
5869	HGSV_153457	164	10	0.0	0.0	0.0
5870	HGSV_154963	164	40	0.026	0.0	0.0
5871	HGSV_155396	164	61	0.0	0.0	0.0
5872	HGSV_156300	164	8	0.0	0.0	0.0
5873	HGSV_15648	164	7	0.001	0.001	0.001
5874	HGSV_156871	164	75	0.0	0.0	0.0
5875	HGSV_157080	164	3	0.0	0.0	0.0
5876	HGSV_158042	164	67	0.056	0.056	0.056
5877	HGSV_158717	164	8	0.0	0.0	0.0
5878	HGSV_158994	164	2	0.0	0.0	0.0
5879	HGSV_16380	164	21	0.003	0.003	0.003
5880	HGSV_1685	164	20	0.0	0.0	0.0
5881	HGSV_17672	164	5	0.0	0.0	0.0
5882	HGSV_17706	164	6	0.0	0.0	0.0
5883	HGSV_17767	164	35	0.014	0.014	0.014
5884	HGSV_18172	164	5	0.0	0.0	0.0
5885	HGSV_18981	164	36	0.0	0.0	0.0
5886	HGSV_19434	164	11	0.0	0.0	0.0
5887	HGSV_2359	164	25	0.0	0.0	0.0
5888	HGSV_3185	164	22	0.013	0.013	0.013
5889	HGSV_4091	164	13	0.0	0.0	0.0
5890	HGSV_4549	164	4	0.0	0.0	0.0
5891	HGSV_4809	164	8	0.0	0.0	0.0
5892	HGSV_5451	164	15	0.0	0.0	0.0
5893	HGSV_6103	164	2	0.0	0.0	0.0
5894	HGSV_6502	164	12	0.0	0.0	0.0
5895	HGSV_6612	164	5	0.0	0.0	0.0
5896	HGSV_6733	164	5	0.0	0.0	0.0
5897	HGSV_694	164	85	0.052	0.052	0.052
5898	HGSV_7230	164	6	0.0	0.0	0.0
5899	HGSV_7333	164	7	0.0	0.0	0.0
5900	HGSV_7434	164	12	0.0	0.0	0.0
5901	HGSV_9290	164	6	0.0	0.0	0.0
5902	HGSV_10200	163	28	0.0	0.0	0.0
5903	HGSV_10727	163	17	0.0	0.0	0.0
5904	HGSV_10791	163	6	0.0	0.0	0.0
5905	HGSV_11152	163	15	0.0	0.0	0.0
5906	HGSV_11442	163	2	0.0	0.0	0.0
5907	HGSV_11716	163	3	0.0	0.0	0.0
5908	HGSV_13178	163	11	0.0	0.0	0.0
5909	HGSV_13508	163	8	0.0	0.0	0.0
5910	HGSV_13580	163	29	0.011	0.011	0.011
5911	HGSV_14334	163	9	0.001	0.0	0.0
5912	HGSV_146026	163	8	1.0	1.0	1.0
5913	HGSV_147013	163	8	0.0	0.0	0.0
5914	HGSV_147044	163	12	0.0	0.0	0.0
5915	HGSV_14735	163	4	0.003	0.003	0.003
5916	HGSV_147390	163	67	0.029	0.029	0.029
5917	HGSV_147573	163	2	0.0	0.0	0.0
5918	HGSV_147748	163	10	0.0	0.0	0.0
5919	HGSV_148283	163	119	0.108	0.108	0.108
5920	HGSV_148339	163	10	0.0	0.0	0.0
5921	HGSV_14861	163	5	0.0	0.0	0.0
5922	HGSV_148971	163	8	0.906	0.906	0.906
5923	HGSV_149200	163	5	0.0	0.0	0.0
5924	HGSV_149645	163	8	0.0	0.0	0.0
5925	HGSV_150021	163	4	0.0	0.0	0.0
5926	HGSV_150036	163	12	0.0	0.0	0.0
5927	HGSV_150753	163	6	0.0	0.0	0.0
5928	HGSV_151676	163	8	0.0	0.0	0.0
5929	HGSV_152129	163	4	0.001	0.0	0.0
5930	HGSV_152296	163	4	0.0	0.0	0.0
5931	HGSV_152958	163	13	0.921	0.921	0.921
5932	HGSV_153169	163	1	0.0	0.0	0.0
5933	HGSV_153654	163	6	0.0	0.0	0.0
5934	HGSV_154538	163	8	0.0	0.0	0.0
5935	HGSV_155433	163	3	0.0	0.0	0.0
5936	HGSV_155489	163	21	0.0	0.0	0.0
5937	HGSV_156545	163	7	0.0	0.0	0.0
5938	HGSV_156695	163	2	0.0	0.0	0.0
5939	HGSV_157327	163	10	0.003	0.003	0.003
5940	HGSV_157463	163	10	0.0	0.0	0.0
5941	HGSV_158137	163	15	0.0	0.0	0.0
5942	HGSV_158139	163	8	0.999	0.999	0.999
5943	HGSV_159010	163	12	0.003	0.003	0.003
5944	HGSV_15953	163	3	0.0	0.0	0.0
5945	HGSV_16135	163	2	0.252	0.252	0.252
5946	HGSV_16181	163	56	0.039	0.039	0.039
5947	HGSV_16240	163	8	0.0	0.0	0.0
5948	HGSV_16991	163	9	0.0	0.0	0.0
5949	HGSV_17638	163	18	0.0	0.0	0.0
5950	HGSV_18042	163	8	0.0	0.0	0.0
5951	HGSV_18546	163	115	0.072	0.072	0.072
5952	HGSV_19147	163	10	0.003	0.003	0.003
5953	HGSV_2275	163	8	0.0	0.0	0.0
5954	HGSV_2311	163	9	0.0	0.0	0.0
5955	HGSV_3187	163	8	0.004	0.004	0.0
5956	HGSV_3327	163	10	0.0	0.0	0.0
5957	HGSV_3380	163	9	0.0	0.0	0.0
5958	HGSV_3838	163	1	0.0	0.0	0.0
5959	HGSV_3865	163	5	0.0	0.0	0.0
5960	HGSV_3930	163	6	0.0	0.0	0.0
5961	HGSV_4101	163	28	0.046	0.046	0.046
5962	HGSV_4389	163	8	0.001	0.001	0.001
5963	HGSV_4660	163	5	0.0	0.0	0.0
5964	HGSV_580	163	6	0.0	0.0	0.0
5965	HGSV_6006	163	8	0.0	0.0	0.0
5966	HGSV_6432	163	8	0.678	0.678	0.678
5967	HGSV_654	163	7	0.001	0.001	0.001
5968	HGSV_6845	163	1	0.002	0.002	0.002
5969	HGSV_6982	163	6	0.0	0.0	0.0
5970	HGSV_714	163	3	0.0	0.0	0.0
5971	HGSV_7188	163	8	0.0	0.0	0.0
5972	HGSV_8564	163	17	0.0	0.0	0.0
5973	HGSV_8657	163	11	0.0	0.0	0.0
5974	HGSV_8785	163	1	0.001	0.001	0.001
5975	HGSV_9473	163	4	0.001	0.001	0.001
5976	HGSV_9560	163	84	0.053	0.053	0.0
5977	HGSV_9808	163	5	0.0	0.0	0.0
5978	HGSV_9909	163	6	0.0	0.0	0.0
5979	HGSV_10488	162	49	0.0	0.0	0.0
5980	HGSV_10863	162	6	0.0	0.0	0.0
5981	HGSV_11028	162	8	0.0	0.0	0.0
5982	HGSV_11046	162	19	0.0	0.0	0.0
5983	HGSV_1155	162	5	0.0	0.0	0.0
5984	HGSV_12003	162	5	0.0	0.0	0.0
5985	HGSV_12133	162	7	0.0	0.0	0.0
5986	HGSV_12183	162	1	0.0	0.0	0.0
5987	HGSV_12772	162	6	0.0	0.0	0.0
5988	HGSV_13080	162	12	0.0	0.0	0.0
5989	HGSV_13106	162	4	0.0	0.0	0.0
5990	HGSV_13715	162	25	0.0	0.0	0.0
5991	HGSV_143486	162	40	0.0	0.0	0.0
5992	HGSV_144269	162	7	0.0	0.0	0.0
5993	HGSV_145024	162	5	0.0	0.0	0.0
5994	HGSV_145532	162	3	0.0	0.0	0.0
5995	HGSV_145913	162	5	0.0	0.0	0.0
5996	HGSV_146543	162	5	0.0	0.0	0.0
5997	HGSV_146571	162	8	0.0	0.0	0.0
5998	HGSV_146811	162	4	0.0	0.0	0.0
5999	HGSV_147766	162	7	0.0	0.0	0.0
6000	HGSV_148550	162	6	0.001	0.001	0.001
6001	HGSV_149273	162	1	0.0	0.0	0.0
6002	HGSV_149473	162	7	0.0	0.0	0.0
6003	HGSV_150058	162	12	0.002	0.002	0.002
6004	HGSV_150270	162	7	0.0	0.0	0.0
6005	HGSV_150329	162	1	0.001	0.001	0.001
6006	HGSV_150922	162	10	0.0	0.0	0.0
6007	HGSV_150933	162	50	0.028	0.028	0.028
6008	HGSV_151397	162	10	0.001	0.001	0.001
6009	HGSV_151817	162	6	0.0	0.0	0.0
6010	HGSV_15240	162	7	0.0	0.0	0.0
6011	HGSV_152690	162	128	0.076	0.076	0.076
6012	HGSV_152883	162	4	0.0	0.0	0.0
6013	HGSV_153543	162	7	0.0	0.0	0.0
6014	HGSV_153612	162	8	0.0	0.0	0.0
6015	HGSV_154008	162	6	0.079	0.079	0.079
6016	HGSV_154856	162	20	0.009	0.009	0.009
6017	HGSV_1553	162	1	0.805	0.805	0.805
6018	HGSV_155826	162	3	0.0	0.0	0.0
6019	HGSV_156878	162	10	0.0	0.0	0.0
6020	HGSV_156926	162	20	0.006	0.006	0.0
6021	HGSV_156947	162	5	0.0	0.0	0.0
6022	HGSV_157357	162	8	0.001	0.0	0.0
6023	HGSV_15744	162	23	0.0	0.0	0.0
6024	HGSV_157574	162	29	0.01	0.01	0.01
6025	HGSV_157693	162	41	0.012	0.012	0.012
6026	HGSV_157809	162	33	0.0	0.0	0.0
6027	HGSV_158240	162	18	0.953	0.954	0.0
6028	HGSV_16145	162	3	0.001	0.001	0.001
6029	HGSV_16198	162	6	0.0	0.0	0.0
6030	HGSV_16648	162	6	0.001	0.001	0.001
6031	HGSV_17127	162	4	0.0	0.0	0.0
6032	HGSV_17388	162	7	0.001	0.001	0.001
6033	HGSV_17879	162	5	0.0	0.0	0.0
6034	HGSV_18976	162	0	0.0	0.0	0.0
6035	HGSV_19051	162	4	0.0	0.0	0.0
6036	HGSV_1935	162	10	0.0	0.0	0.0
6037	HGSV_2998	162	7	0.0	0.0	0.0
6038	HGSV_3311	162	8	0.0	0.0	0.0
6039	HGSV_3510	162	7	0.0	0.0	0.0
6040	HGSV_3971	162	8	0.0	0.0	0.0
6041	HGSV_4073	162	3	0.0	0.0	0.0
6042	HGSV_4148	162	5	0.0	0.0	0.0
6043	HGSV_4679	162	16	0.0	0.0	0.0
6044	HGSV_4728	162	12	0.001	0.001	0.001
6045	HGSV_5503	162	23	0.01	0.01	0.0
6046	HGSV_6178	162	6	0.001	0.001	0.001
6047	HGSV_6282	162	15	0.0	0.0	0.0
6048	HGSV_6969	162	12	0.001	0.001	0.001
6049	HGSV_7436	162	14	0.0	0.0	0.0
6050	HGSV_8445	162	31	0.0	0.0	0.0
6051	HGSV_8491	162	15	0.0	0.0	0.0
6052	HGSV_865	162	7	0.001	0.001	0.001
6053	HGSV_9138	162	11	0.0	0.0	0.0
6054	HGSV_9230	162	5	0.0	0.0	0.0
6055	HGSV_9986	162	6	0.0	0.0	0.0
6056	HGSV_10032	161	3	0.0	0.0	0.0
6057	HGSV_10443	161	7	0.541	0.541	0.541
6058	HGSV_10859	161	15	0.0	0.0	0.0
6059	HGSV_11002	161	10	0.0	0.0	0.0
6060	HGSV_11278	161	0	0.0	0.0	0.0
6061	HGSV_1131	161	3	0.0	0.0	0.0
6062	HGSV_11892	161	6	0.0	0.0	0.0
6063	HGSV_1240	161	34	0.013	0.0	0.0
6064	HGSV_12577	161	23	0.01	0.01	0.0
6065	HGSV_13865	161	10	0.001	0.001	0.001
6066	HGSV_14096	161	17	0.913	0.913	0.913
6067	HGSV_14161	161	18	0.019	0.019	0.019
6068	HGSV_14272	161	14	0.0	0.0	0.0
6069	HGSV_14337	161	7	0.003	0.003	0.003
6070	HGSV_143973	161	6	0.001	0.001	0.001
6071	HGSV_144037	161	74	0.039	0.039	0.039
6072	HGSV_144571	161	2	0.0	0.0	0.0
6073	HGSV_145666	161	9	0.0	0.0	0.0
6074	HGSV_145784	161	7	0.0	0.0	0.0
6075	HGSV_146276	161	9	0.0	0.0	0.0
6076	HGSV_146562	161	7	0.779	0.779	0.779
6077	HGSV_147004	161	15	0.0	0.0	0.0
6078	HGSV_147359	161	5	0.0	0.0	0.0
6079	HGSV_148006	161	2	0.0	0.0	0.0
6080	HGSV_148619	161	11	0.001	0.0	0.0
6081	HGSV_149107	161	4	0.001	0.001	0.001
6082	HGSV_149372	161	9	0.001	0.001	0.0
6083	HGSV_149389	161	12	0.0	0.0	0.0
6084	HGSV_149872	161	38	0.017	0.0	0.0
6085	HGSV_149883	161	2	0.0	0.0	0.0
6086	HGSV_150652	161	22	0.015	0.015	0.015
6087	HGSV_15067	161	9	0.0	0.0	0.0
6088	HGSV_150771	161	18	0.001	0.001	0.001
6089	HGSV_151278	161	4	0.0	0.0	0.0
6090	HGSV_15130	161	12	0.0	0.0	0.0
6091	HGSV_151402	161	10	0.0	0.0	0.0
6092	HGSV_151521	161	14	0.0	0.0	0.0
6093	HGSV_151604	161	2	0.0	0.0	0.0
6094	HGSV_152200	161	7	0.966	0.966	0.966
6095	HGSV_152389	161	7	0.0	0.0	0.0
6096	HGSV_152392	161	12	0.0	0.0	0.0
6097	HGSV_152720	161	7	0.0	0.0	0.0
6098	HGSV_152763	161	9	0.0	0.0	0.0
6099	HGSV_153195	161	1	0.0	0.0	0.0
6100	HGSV_153844	161	5	0.0	0.0	0.0
6101	HGSV_154256	161	9	0.0	0.0	0.0
6102	HGSV_154727	161	1	0.0	0.0	0.0
6103	HGSV_154861	161	5	0.0	0.0	0.0
6104	HGSV_155443	161	4	0.0	0.0	0.0
6105	HGSV_155705	161	2	0.496	0.496	0.496
6106	HGSV_1558	161	29	0.001	0.001	0.001
6107	HGSV_155970	161	6	0.004	0.004	0.004
6108	HGSV_156105	161	53	0.085	0.085	0.0
6109	HGSV_1561	161	8	0.0	0.0	0.0
6110	HGSV_157055	161	9	0.0	0.0	0.0
6111	HGSV_157332	161	13	0.0	0.0	0.0
6112	HGSV_15767	161	4	0.075	0.075	0.075
6113	HGSV_158060	161	7	0.0	0.0	0.0
6114	HGSV_158273	161	8	0.0	0.0	0.0
6115	HGSV_158579	161	6	0.002	0.002	0.002
6116	HGSV_158699	161	14	0.0	0.0	0.0
6117	HGSV_158712	161	8	0.0	0.0	0.0
6118	HGSV_159035	161	10	0.0	0.0	0.0
6119	HGSV_1705	161	14	0.006	0.006	0.006
6120	HGSV_17335	161	2	0.0	0.0	0.0
6121	HGSV_17531	161	5	0.001	0.001	0.001
6122	HGSV_1784	161	5	0.0	0.0	0.0
6123	HGSV_18102	161	4	0.448	0.448	0.714
6124	HGSV_1824	161	7	0.0	0.0	0.0
6125	HGSV_18246	161	5	0.433	0.433	0.433
6126	HGSV_18322	161	8	0.001	0.001	0.001
6127	HGSV_18327	161	2	0.001	0.001	0.001
6128	HGSV_18490	161	11	0.0	0.0	0.0
6129	HGSV_18528	161	5	0.0	0.0	0.0
6130	HGSV_18756	161	7	0.0	0.0	0.0
6131	HGSV_18773	161	10	0.0	0.0	0.0
6132	HGSV_18978	161	10	0.0	0.0	0.0
6133	HGSV_19059	161	0	0.0	0.0	0.0
6134	HGSV_2852	161	10	0.0	0.0	0.0
6135	HGSV_5082	161	4	0.0	0.0	0.0
6136	HGSV_5213	161	4	0.137	0.137	0.137
6137	HGSV_655	161	4	0.0	0.0	0.0
6138	HGSV_7101	161	7	0.0	0.0	0.0
6139	HGSV_7250	161	3	0.0	0.0	0.0
6140	HGSV_9720	161	3	0.0	0.0	0.0
6141	HGSV_10288	160	4	0.0	0.0	0.0
6142	HGSV_10599	160	14	0.0	0.0	0.0
6143	HGSV_10931	160	10	0.004	0.004	0.004
6144	HGSV_11476	160	4	0.0	0.0	0.0
6145	HGSV_11742	160	4	0.0	0.0	0.0
6146	HGSV_11871	160	4	0.001	0.001	0.001
6147	HGSV_12152	160	3	0.0	0.0	0.0
6148	HGSV_13041	160	13	0.901	0.998	0.998
6149	HGSV_13100	160	10	0.001	0.001	0.001
6150	HGSV_13676	160	5	0.001	0.001	0.001
6151	HGSV_14079	160	9	0.0	0.0	0.0
6152	HGSV_14135	160	10	0.0	0.0	0.0
6153	HGSV_14203	160	8	0.0	0.0	0.0
6154	HGSV_143501	160	21	0.0	0.0	0.0
6155	HGSV_144042	160	13	0.0	0.0	0.0
6156	HGSV_14483	160	9	0.002	0.002	0.002
6157	HGSV_145206	160	9	0.0	0.0	0.0
6158	HGSV_14601	160	16	0.0	0.0	0.0
6159	HGSV_146766	160	6	0.0	0.0	0.0
6160	HGSV_147089	160	108	0.068	0.068	0.068
6161	HGSV_147745	160	26	0.0	0.0	0.0
6162	HGSV_148581	160	9	0.0	0.0	0.0
6163	HGSV_149801	160	6	0.002	0.002	0.002
6164	HGSV_150002	160	3	0.001	0.001	0.001
6165	HGSV_150133	160	11	0.001	0.001	0.001
6166	HGSV_151293	160	3	0.007	0.0	0.0
6167	HGSV_151661	160	5	0.001	0.001	0.001
6168	HGSV_151777	160	4	0.0	0.0	0.0
6169	HGSV_152845	160	6	0.001	0.001	0.001
6170	HGSV_153448	160	10	0.0	0.0	0.0
6171	HGSV_153639	160	1	0.0	0.0	0.0
6172	HGSV_153881	160	15	0.001	0.001	0.001
6173	HGSV_154401	160	7	0.004	0.004	0.004
6174	HGSV_154592	160	3	0.0	0.0	0.0
6175	HGSV_154928	160	11	0.0	0.0	0.0
6176	HGSV_155904	160	12	0.001	0.001	0.001
6177	HGSV_156879	160	9	0.0	0.0	0.0
6178	HGSV_157276	160	9	0.0	0.0	0.0
6179	HGSV_157563	160	7	0.0	0.0	0.0
6180	HGSV_157726	160	13	0.0	0.0	0.0
6181	HGSV_157929	160	13	0.0	0.0	0.0
6182	HGSV_158580	160	13	0.0	0.0	0.0
6183	HGSV_158660	160	7	0.0	0.0	0.0
6184	HGSV_158990	160	15	0.769	0.769	0.769
6185	HGSV_159015	160	4	0.001	0.001	0.001
6186	HGSV_16078	160	3	0.0	0.0	0.0
6187	HGSV_16605	160	125	0.067	0.067	0.067
6188	HGSV_17366	160	0	0.0	0.0	0.0
6189	HGSV_17565	160	4	0.001	0.001	0.001
6190	HGSV_19172	160	123	0.081	0.081	0.081
6191	HGSV_19370	160	60	0.029	0.029	0.029
6192	HGSV_19374	160	11	0.0	0.0	0.0
6193	HGSV_19435	160	7	0.979	0.979	0.0
6194	HGSV_2146	160	121	0.061	0.061	0.0
6195	HGSV_2268	160	2	0.0	0.0	0.0
6196	HGSV_2586	160	8	0.692	0.692	0.692
6197	HGSV_2709	160	9	0.0	0.0	0.0
6198	HGSV_3654	160	7	0.0	0.0	0.0
6199	HGSV_3858	160	7	0.001	0.001	0.001
6200	HGSV_4861	160	6	0.002	0.002	0.002
6201	HGSV_4883	160	9	0.0	0.0	0.0
6202	HGSV_5878	160	46	0.034	0.034	0.034
6203	HGSV_608	160	5	0.0	0.0	0.0
6204	HGSV_6114	160	5	0.0	0.0	0.0
6205	HGSV_7096	160	9	0.0	0.0	0.0
6206	HGSV_7715	160	6	0.0	0.0	0.0
6207	HGSV_7843	160	65	0.0	0.0	0.0
6208	HGSV_8341	160	6	0.0	0.0	0.0
6209	HGSV_8438	160	6	0.0	0.0	0.0
6210	HGSV_9451	160	3	0.0	0.0	0.0
6211	HGSV_9562	160	5	0.0	0.0	0.0
6212	HGSV_9983	160	5	0.0	0.0	0.0
6213	HGSV_10201	159	122	0.106	0.106	0.106
6214	HGSV_10468	159	5	0.0	0.0	0.0
6215	HGSV_1095	159	12	0.0	0.0	0.0
6216	HGSV_11027	159	6	0.0	0.0	0.0
6217	HGSV_11530	159	9	0.0	0.0	0.0
6218	HGSV_1169	159	12	0.0	0.0	0.0
6219	HGSV_11760	159	113	0.0	0.0	0.0
6220	HGSV_11947	159	15	0.0	0.0	0.0
6221	HGSV_12130	159	4	0.0	0.0	0.0
6222	HGSV_12881	159	8	0.0	0.0	0.0
6223	HGSV_13057	159	87	0.065	0.065	0.065
6224	HGSV_13453	159	8	0.0	0.0	0.0
6225	HGSV_14087	159	9	0.0	0.0	0.0
6226	HGSV_143405	159	12	0.0	0.0	0.0
6227	HGSV_14358	159	7	0.0	0.0	0.0
6228	HGSV_14389	159	18	0.0	0.0	0.0
6229	HGSV_144261	159	8	0.001	0.001	0.001
6230	HGSV_145385	159	6	0.0	0.0	0.0
6231	HGSV_145401	159	7	0.001	0.001	0.001
6232	HGSV_145486	159	12	0.0	0.0	0.0
6233	HGSV_145818	159	15	0.0	0.0	0.0
6234	HGSV_146342	159	65	0.048	0.048	0.048
6235	HGSV_146867	159	10	0.0	0.0	0.0
6236	HGSV_147074	159	5	0.0	0.0	0.0
6237	HGSV_147115	159	5	0.0	0.0	0.0
6238	HGSV_147896	159	4	0.001	0.001	0.001
6239	HGSV_148066	159	7	0.001	0.001	0.001
6240	HGSV_148433	159	35	0.005	0.005	0.005
6241	HGSV_148505	159	15	0.0	0.0	0.0
6242	HGSV_148556	159	53	0.039	0.039	0.039
6243	HGSV_149128	159	2	0.0	0.0	0.0
6244	HGSV_15018	159	15	0.001	0.001	0.001
6245	HGSV_152738	159	5	0.0	0.0	0.0
6246	HGSV_153297	159	8	0.0	0.0	0.0
6247	HGSV_153695	159	6	0.0	0.0	0.0
6248	HGSV_153912	159	12	0.0	0.0	0.0
6249	HGSV_154719	159	7	0.0	0.0	0.0
6250	HGSV_154888	159	4	0.0	0.0	0.0
6251	HGSV_155463	159	1	0.001	0.304	0.304
6252	HGSV_155704	159	12	0.0	0.0	0.0
6253	HGSV_156032	159	4	0.0	0.0	0.0
6254	HGSV_156048	159	3	0.0	0.0	0.0
6255	HGSV_156634	159	0	0.0	0.0	0.0
6256	HGSV_156746	159	14	0.001	0.001	0.001
6257	HGSV_158155	159	5	0.0	0.0	0.0
6258	HGSV_158272	159	7	0.0	0.0	0.0
6259	HGSV_158319	159	4	0.0	0.0	0.0
6260	HGSV_159099	159	13	0.0	0.0	0.0
6261	HGSV_16126	159	7	0.979	0.979	0.979
6262	HGSV_16670	159	7	0.0	0.0	0.0
6263	HGSV_16788	159	9	0.0	0.0	0.0
6264	HGSV_16990	159	6	0.0	0.0	0.0
6265	HGSV_17204	159	10	0.0	0.0	0.0
6266	HGSV_17613	159	13	0.002	0.002	0.002
6267	HGSV_17667	159	8	0.0	0.0	0.0
6268	HGSV_17668	159	9	0.0	0.0	0.0
6269	HGSV_18005	159	1	0.071	0.071	0.071
6270	HGSV_18920	159	7	0.0	0.0	0.0
6271	HGSV_19035	159	6	0.0	0.0	0.0
6272	HGSV_19170	159	7	0.0	0.0	0.0
6273	HGSV_2142	159	3	0.0	0.0	0.0
6274	HGSV_324	159	3	0.0	0.0	0.0
6275	HGSV_3382	159	5	0.0	0.0	0.0
6276	HGSV_3541	159	9	0.0	0.0	0.0
6277	HGSV_4719	159	16	0.24	0.24	0.24
6278	HGSV_5558	159	3	0.0	0.0	0.0
6279	HGSV_5614	159	73	0.035	0.035	0.035
6280	HGSV_6933	159	4	0.0	0.0	0.0
6281	HGSV_7397	159	8	0.001	0.001	0.001
6282	HGSV_7448	159	10	0.0	0.0	0.0
6283	HGSV_7914	159	7	0.777	0.777	0.777
6284	HGSV_8278	159	6	0.003	0.003	0.003
6285	HGSV_8466	159	7	0.002	0.002	0.002
6286	HGSV_8527	159	4	0.0	0.0	0.0
6287	HGSV_8562	159	9	0.002	0.002	0.002
6288	HGSV_9701	159	14	0.0	0.0	0.0
6289	HGSV_981	159	7	0.003	0.003	0.003
6290	HGSV_9952	159	3	0.002	0.0	0.0
6291	HGSV_10600	158	5	0.0	0.0	0.0
6292	HGSV_11740	158	6	0.0	0.0	0.0
6293	HGSV_11755	158	4	0.0	0.0	0.0
6294	HGSV_11979	158	12	0.0	0.0	0.0
6295	HGSV_12100	158	9	0.0	0.0	0.0
6296	HGSV_12324	158	7	0.0	0.0	0.0
6297	HGSV_12586	158	1	0.0	0.0	0.0
6298	HGSV_12662	158	5	0.0	0.0	0.0
6299	HGSV_13195	158	6	0.0	0.0	0.0
6300	HGSV_13450	158	5	0.0	0.0	0.0
6301	HGSV_13663	158	13	0.0	0.0	0.0
6302	HGSV_13875	158	8	0.0	0.0	0.0
6303	HGSV_143868	158	23	0.022	0.022	0.022
6304	HGSV_143930	158	2	0.0	0.0	0.0
6305	HGSV_144343	158	8	0.0	0.0	0.0
6306	HGSV_144366	158	25	0.015	0.015	0.015
6307	HGSV_144418	158	11	0.0	0.0	0.0
6308	HGSV_144628	158	14	0.0	0.0	0.0
6309	HGSV_145287	158	5	0.996	0.996	0.0
6310	HGSV_145291	158	5	0.0	0.0	0.0
6311	HGSV_145323	158	1	0.0	0.0	0.0
6312	HGSV_145498	158	13	0.0	0.0	0.0
6313	HGSV_145693	158	18	0.004	0.004	0.0
6314	HGSV_145767	158	5	0.0	0.0	0.0
6315	HGSV_145934	158	16	0.0	0.0	0.0
6316	HGSV_147361	158	11	0.0	0.0	0.0
6317	HGSV_147474	158	2	0.0	0.0	0.0
6318	HGSV_147881	158	9	0.001	0.001	0.0
6319	HGSV_148415	158	10	0.113	0.113	0.0
6320	HGSV_148545	158	17	0.003	0.003	0.003
6321	HGSV_149299	158	8	0.0	0.0	0.0
6322	HGSV_14932	158	9	0.001	0.001	0.0
6323	HGSV_150519	158	7	0.002	0.002	0.002
6324	HGSV_151222	158	0	0.0	0.0	0.0
6325	HGSV_151371	158	6	0.001	0.001	0.001
6326	HGSV_151574	158	8	0.998	0.998	0.998
6327	HGSV_154510	158	4	0.001	0.0	0.0
6328	HGSV_154641	158	5	0.0	0.0	0.0
6329	HGSV_154761	158	111	0.063	0.063	0.063
6330	HGSV_154783	158	3	0.0	0.0	0.0
6331	HGSV_154880	158	77	0.06	0.06	0.06
6332	HGSV_155308	158	4	0.0	0.0	0.0
6333	HGSV_155966	158	5	0.001	0.001	0.001
6334	HGSV_156607	158	64	0.037	0.037	0.037
6335	HGSV_157035	158	5	0.0	0.0	0.0
6336	HGSV_157045	158	6	0.0	0.0	0.0
6337	HGSV_157204	158	9	0.0	0.0	0.0
6338	HGSV_158637	158	10	0.007	0.007	0.007
6339	HGSV_158859	158	4	0.001	0.0	0.0
6340	HGSV_16400	158	12	0.001	0.001	0.001
6341	HGSV_16562	158	9	0.002	0.002	0.002
6342	HGSV_16689	158	12	0.0	0.0	0.0
6343	HGSV_17493	158	4	0.0	0.0	0.0
6344	HGSV_18355	158	4	0.436	0.436	0.436
6345	HGSV_18886	158	1	0.002	0.002	0.002
6346	HGSV_19218	158	7	0.0	0.0	0.0
6347	HGSV_1942	158	6	0.0	0.0	0.0
6348	HGSV_19423	158	5	0.0	0.0	0.0
6349	HGSV_3066	158	6	0.0	0.0	0.0
6350	HGSV_3121	158	14	0.0	0.0	0.0
6351	HGSV_3283	158	4	0.0	0.0	0.0
6352	HGSV_4242	158	4	0.0	0.0	0.0
6353	HGSV_4299	158	37	0.033	0.033	0.033
6354	HGSV_4817	158	7	0.0	0.0	0.0
6355	HGSV_5950	158	2	0.001	0.001	0.001
6356	HGSV_6161	158	6	0.001	0.001	0.001
6357	HGSV_6206	158	3	0.0	0.0	0.0
6358	HGSV_6565	158	9	0.0	0.0	0.0
6359	HGSV_6878	158	9	0.001	0.001	0.001
6360	HGSV_7122	158	13	0.0	0.0	0.0
6361	HGSV_7547	158	3	0.473	0.473	0.473
6362	HGSV_795	158	4	0.0	0.0	0.0
6363	HGSV_8477	158	6	0.0	0.0	0.0
6364	HGSV_9871	158	5	0.0	0.0	0.0
6365	HGSV_10427	157	6	0.0	0.0	0.0
6366	HGSV_10729	157	14	0.0	0.0	0.0
6367	HGSV_10953	157	15	0.001	0.001	0.0
6368	HGSV_11009	157	11	0.0	0.0	0.0
6369	HGSV_11011	157	4	0.0	0.0	0.0
6370	HGSV_11189	157	13	0.969	0.0	0.0
6371	HGSV_11248	157	5	0.0	0.0	0.0
6372	HGSV_12456	157	5	0.0	0.0	0.0
6373	HGSV_1252	157	4	0.0	0.0	0.0
6374	HGSV_12738	157	8	0.002	0.002	0.002
6375	HGSV_13058	157	9	0.001	0.001	0.001
6376	HGSV_144433	157	11	0.002	0.002	0.0
6377	HGSV_144554	157	3	0.0	0.0	0.0
6378	HGSV_145183	157	6	0.0	0.0	0.0
6379	HGSV_145324	157	12	0.0	0.0	0.0
6380	HGSV_145804	157	4	0.492	0.492	0.492
6381	HGSV_145963	157	5	0.0	0.0	0.0
6382	HGSV_146444	157	3	0.002	0.002	0.002
6383	HGSV_147334	157	9	0.0	0.0	0.0
6384	HGSV_147348	157	9	0.001	0.001	0.001
6385	HGSV_147604	157	7	0.0	0.0	0.0
6386	HGSV_147974	157	5	0.0	0.0	0.0
6387	HGSV_149647	157	25	0.0	0.0	0.0
6388	HGSV_149656	157	1	0.921	0.921	0.921
6389	HGSV_14966	157	11	0.0	0.0	0.0
6390	HGSV_150264	157	4	0.992	0.992	0.236
6391	HGSV_150376	157	14	0.003	0.003	0.003
6392	HGSV_150832	157	101	0.084	0.084	0.0
6393	HGSV_151281	157	6	0.0	0.0	0.0
6394	HGSV_152358	157	3	0.0	0.0	0.0
6395	HGSV_152414	157	3	0.0	0.0	0.0
6396	HGSV_15292	157	21	0.009	0.009	0.009
6397	HGSV_153769	157	2	0.0	0.0	0.0
6398	HGSV_15406	157	81	0.05	0.05	0.05
6399	HGSV_154073	157	5	0.0	0.0	0.0
6400	HGSV_154400	157	4	0.0	0.0	0.0
6401	HGSV_154564	157	1	0.0	0.0	0.0
6402	HGSV_156077	157	10	0.0	0.0	0.0
6403	HGSV_156678	157	3	0.0	0.0	0.0
6404	HGSV_156981	157	5	0.0	0.0	0.0
6405	HGSV_157699	157	13	0.0	0.0	0.0
6406	HGSV_158402	157	20	0.013	0.013	0.013
6407	HGSV_158976	157	0	0.0	0.0	0.0
6408	HGSV_17353	157	20	0.0	0.0	0.0
6409	HGSV_17513	157	30	0.018	0.018	0.018
6410	HGSV_17540	157	120	0.079	0.079	0.079
6411	HGSV_17554	157	2	0.001	0.001	0.001
6412	HGSV_18218	157	2	0.001	0.001	0.001
6413	HGSV_18666	157	5	0.0	0.0	0.0
6414	HGSV_19096	157	9	0.0	0.0	0.0
6415	HGSV_1991	157	7	0.0	0.0	0.0
6416	HGSV_2782	157	2	0.0	0.0	0.0
6417	HGSV_3701	157	8	0.0	0.0	0.0
6418	HGSV_3843	157	13	0.0	0.0	0.0
6419	HGSV_4435	157	5	0.0	0.0	0.0
6420	HGSV_4582	157	13	0.002	0.002	0.002
6421	HGSV_468	157	6	0.001	0.001	0.001
6422	HGSV_4910	157	20	0.0	0.0	0.0
6423	HGSV_5489	157	5	0.0	0.0	0.0
6424	HGSV_5957	157	43	0.0	0.0	0.0
6425	HGSV_6004	157	1	0.0	0.0	0.0
6426	HGSV_8283	157	5	0.0	0.0	0.0
6427	HGSV_8760	157	0	0.453	0.453	0.761
6428	HGSV_8872	157	9	0.0	0.0	0.0
6429	HGSV_8885	157	6	0.0	0.0	0.0
6430	HGSV_8945	157	3	0.0	0.0	0.0
6431	HGSV_9389	157	3	0.0	0.0	0.0
6432	HGSV_9427	157	6	0.001	0.001	0.0
6433	HGSV_9658	157	2	0.0	0.0	0.0
6434	HGSV_10437	156	23	0.007	0.007	0.007
6435	HGSV_10936	156	105	0.06	0.06	0.06
6436	HGSV_11187	156	6	0.0	0.0	0.0
6437	HGSV_11653	156	3	0.0	0.0	0.0
6438	HGSV_11678	156	27	0.012	0.012	0.012
6439	HGSV_11696	156	9	0.002	0.002	0.002
6440	HGSV_1226	156	24	0.004	0.004	0.0
6441	HGSV_13141	156	3	0.001	0.001	0.001
6442	HGSV_13321	156	22	0.0	0.0	0.0
6443	HGSV_13750	156	10	0.0	0.0	0.0
6444	HGSV_14000	156	3	0.0	0.0	0.0
6445	HGSV_143408	156	16	0.0	0.0	0.0
6446	HGSV_14370	156	6	0.0	0.0	0.0
6447	HGSV_143787	156	10	0.001	0.001	0.001
6448	HGSV_14391	156	9	0.0	0.0	0.0
6449	HGSV_145823	156	4	0.0	0.0	0.0
6450	HGSV_146011	156	120	0.077	0.077	0.077
6451	HGSV_146694	156	10	0.0	0.0	0.0
6452	HGSV_146909	156	13	0.007	0.007	0.007
6453	HGSV_147715	156	7	0.0	0.0	0.0
6454	HGSV_148891	156	13	0.0	0.0	0.0
6455	HGSV_149454	156	4	0.001	0.001	0.001
6456	HGSV_149538	156	8	0.001	0.35	0.35
6457	HGSV_150875	156	13	0.0	0.0	0.0
6458	HGSV_15160	156	15	0.0	0.0	0.0
6459	HGSV_151860	156	7	0.0	0.0	0.0
6460	HGSV_152393	156	2	0.0	0.0	0.0
6461	HGSV_152401	156	7	0.0	0.0	0.0
6462	HGSV_154134	156	1	0.0	0.0	0.0
6463	HGSV_154231	156	17	0.009	0.009	0.009
6464	HGSV_155630	156	0	0.0	0.0	0.0
6465	HGSV_155895	156	3	0.0	0.0	0.0
6466	HGSV_157025	156	6	0.0	0.0	0.0
6467	HGSV_157032	156	4	0.338	0.338	0.338
6468	HGSV_157293	156	5	0.186	0.186	0.186
6469	HGSV_157744	156	7	0.0	0.0	0.0
6470	HGSV_157917	156	7	0.0	0.0	0.0
6471	HGSV_158226	156	7	0.0	0.0	0.0
6472	HGSV_158965	156	11	0.0	0.0	0.0
6473	HGSV_159026	156	10	0.0	0.0	0.0
6474	HGSV_15908	156	1	0.0	0.0	0.0
6475	HGSV_1593	156	5	0.001	0.001	0.001
6476	HGSV_16265	156	8	0.001	0.001	0.001
6477	HGSV_16507	156	13	0.909	0.909	0.909
6478	HGSV_16568	156	2	0.001	0.001	0.001
6479	HGSV_16884	156	2	0.0	0.0	0.0
6480	HGSV_1735	156	10	0.0	0.0	0.0
6481	HGSV_17516	156	38	0.008	0.008	0.008
6482	HGSV_19113	156	10	0.001	0.001	0.001
6483	HGSV_19430	156	16	0.0	0.0	0.0
6484	HGSV_2302	156	12	0.004	0.004	0.004
6485	HGSV_3028	156	7	0.004	0.004	0.004
6486	HGSV_3171	156	0	0.0	0.0	0.0
6487	HGSV_3967	156	5	0.0	0.0	0.0
6488	HGSV_425	156	3	0.0	0.0	0.0
6489	HGSV_4284	156	0	0.55	0.55	0.55
6490	HGSV_4404	156	61	0.026	0.026	0.026
6491	HGSV_4619	156	26	0.0	0.0	0.0
6492	HGSV_4973	156	10	0.001	0.001	0.001
6493	HGSV_5049	156	4	0.0	0.0	0.0
6494	HGSV_6259	156	6	0.001	0.001	0.001
6495	HGSV_6523	156	12	0.0	0.0	0.0
6496	HGSV_6818	156	11	0.002	0.002	0.002
6497	HGSV_6864	156	7	0.0	0.0	0.0
6498	HGSV_7041	156	13	0.001	0.001	0.001
6499	HGSV_7315	156	10	0.001	0.001	0.001
6500	HGSV_7453	156	12	0.001	0.001	0.001
6501	HGSV_8974	156	12	0.003	0.003	0.003
6502	HGSV_9634	156	9	0.002	0.002	0.0
6503	HGSV_10230	155	16	0.006	0.006	0.006
6504	HGSV_10434	155	20	0.0	0.0	0.0
6505	HGSV_10471	155	18	0.0	0.0	0.0
6506	HGSV_11089	155	6	0.0	0.0	0.0
6507	HGSV_1182	155	1	0.0	0.0	0.0
6508	HGSV_11936	155	6	0.0	0.0	0.0
6509	HGSV_1311	155	13	0.006	0.006	0.006
6510	HGSV_13229	155	7	0.001	0.001	0.001
6511	HGSV_13298	155	8	0.004	0.004	0.004
6512	HGSV_13355	155	8	0.0	0.0	0.0
6513	HGSV_1394	155	3	0.0	0.0	0.0
6514	HGSV_14209	155	3	0.0	0.0	0.0
6515	HGSV_144305	155	1	0.0	0.0	0.0
6516	HGSV_144714	155	10	0.493	0.493	0.493
6517	HGSV_145022	155	8	0.0	0.0	0.0
6518	HGSV_145105	155	6	0.0	0.0	0.0
6519	HGSV_145201	155	17	0.0	0.0	0.0
6520	HGSV_145728	155	4	0.295	0.295	0.295
6521	HGSV_14597	155	6	0.0	0.0	0.0
6522	HGSV_145982	155	2	0.0	0.0	0.0
6523	HGSV_14642	155	6	0.0	0.0	0.0
6524	HGSV_147192	155	27	0.018	0.018	0.018
6525	HGSV_147994	155	2	0.001	0.001	0.001
6526	HGSV_148030	155	0	0.0	0.0	0.0
6527	HGSV_148177	155	5	0.0	0.0	0.0
6528	HGSV_148285	155	13	0.001	0.001	0.0
6529	HGSV_149340	155	3	0.0	0.0	0.0
6530	HGSV_149406	155	1	0.0	0.0	0.0
6531	HGSV_14953	155	9	0.0	0.0	0.0
6532	HGSV_150797	155	123	0.0	0.0	0.0
6533	HGSV_15204	155	4	0.006	0.006	0.006
6534	HGSV_153008	155	12	0.0	0.0	0.0
6535	HGSV_153097	155	4	0.0	0.0	0.0
6536	HGSV_15313	155	5	0.0	0.0	0.0
6537	HGSV_153140	155	8	0.0	0.0	0.0
6538	HGSV_153969	155	5	0.0	0.0	0.0
6539	HGSV_154295	155	13	0.003	0.003	0.003
6540	HGSV_154594	155	5	0.0	0.0	0.0
6541	HGSV_154636	155	5	0.0	0.0	0.0
6542	HGSV_155627	155	0	0.005	0.0	0.0
6543	HGSV_155628	155	0	0.0	0.0	0.0
6544	HGSV_156761	155	5	0.0	0.0	0.0
6545	HGSV_156809	155	5	0.0	0.0	0.0
6546	HGSV_157759	155	72	0.086	0.086	0.0
6547	HGSV_157905	155	6	0.0	0.0	0.0
6548	HGSV_158396	155	3	0.0	0.0	0.0
6549	HGSV_158781	155	3	0.0	0.0	0.0
6550	HGSV_15878	155	3	0.0	0.0	0.0
6551	HGSV_158953	155	16	0.0	0.0	0.0
6552	HGSV_17864	155	7	0.001	0.001	0.001
6553	HGSV_18128	155	9	0.006	0.006	0.006
6554	HGSV_18615	155	8	0.0	0.0	0.0
6555	HGSV_18799	155	7	0.0	0.0	0.0
6556	HGSV_18995	155	3	0.0	0.0	0.0
6557	HGSV_19198	155	8	0.001	0.001	0.001
6558	HGSV_2005	155	2	0.001	0.001	0.001
6559	HGSV_2393	155	3	0.0	0.0	0.0
6560	HGSV_2861	155	1	0.0	0.0	0.0
6561	HGSV_3014	155	5	0.676	0.676	0.676
6562	HGSV_3493	155	2	0.0	0.0	0.0
6563	HGSV_4777	155	6	0.003	0.003	0.003
6564	HGSV_5078	155	2	0.0	0.0	0.0
6565	HGSV_6013	155	4	0.0	0.0	0.0
6566	HGSV_6380	155	7	0.0	0.0	0.0
6567	HGSV_6444	155	7	0.001	0.001	0.001
6568	HGSV_6579	155	11	0.0	0.0	0.0
6569	HGSV_70	155	4	0.0	0.0	0.0
6570	HGSV_7187	155	8	0.0	0.0	0.0
6571	HGSV_7238	155	6	0.0	0.0	0.0
6572	HGSV_745	155	53	0.0	0.0	0.0
6573	HGSV_7541	155	13	0.0	0.0	0.0
6574	HGSV_8325	155	6	0.0	0.0	0.0
6575	HGSV_8378	155	8	0.0	0.0	0.0
6576	HGSV_9566	155	54	0.0	0.0	0.0
6577	HGSV_9669	155	81	0.045	0.045	0.045
6578	HGSV_10358	154	7	0.0	0.0	0.0
6579	HGSV_10679	154	10	0.003	0.003	0.003
6580	HGSV_11203	154	6	0.0	0.0	0.0
6581	HGSV_11754	154	5	0.0	0.0	0.0
6582	HGSV_11909	154	7	0.0	0.0	0.0
6583	HGSV_12110	154	2	0.0	0.0	0.0
6584	HGSV_12271	154	3	0.0	0.0	0.0
6585	HGSV_12901	154	5	0.0	0.0	0.0
6586	HGSV_13087	154	11	0.004	0.004	0.004
6587	HGSV_13587	154	13	0.0	0.0	0.0
6588	HGSV_14010	154	2	0.0	0.0	0.0
6589	HGSV_144579	154	4	0.0	0.0	0.0
6590	HGSV_14475	154	8	0.0	0.0	0.0
6591	HGSV_146316	154	3	0.0	0.0	0.0
6592	HGSV_146850	154	6	0.0	0.0	0.0
6593	HGSV_147307	154	9	0.0	0.0	0.0
6594	HGSV_147744	154	22	0.0	0.0	0.0
6595	HGSV_148152	154	0	0.618	0.618	0.0
6596	HGSV_148419	154	10	0.0	0.0	0.0
6597	HGSV_148447	154	8	0.002	0.002	0.002
6598	HGSV_149084	154	3	0.0	0.0	0.0
6599	HGSV_149196	154	9	0.0	0.0	0.0
6600	HGSV_150598	154	7	0.002	0.002	0.002
6601	HGSV_150638	154	5	0.0	0.0	0.0
6602	HGSV_150712	154	52	0.03	0.03	0.03
6603	HGSV_151392	154	7	0.0	0.0	0.0
6604	HGSV_151517	154	10	0.0	0.0	0.0
6605	HGSV_152920	154	5	0.0	0.0	0.0
6606	HGSV_153623	154	4	0.0	0.0	0.0
6607	HGSV_153959	154	4	0.002	0.002	0.0
6608	HGSV_154030	154	6	0.0	0.0	0.0
6609	HGSV_154370	154	9	0.001	0.001	0.001
6610	HGSV_155264	154	7	0.0	0.0	0.0
6611	HGSV_156228	154	119	0.09	0.09	0.09
6612	HGSV_156275	154	16	0.012	0.012	0.012
6613	HGSV_15631	154	3	0.0	0.0	0.0
6614	HGSV_156354	154	3	0.0	0.0	0.0
6615	HGSV_156434	154	5	0.0	0.0	0.0
6616	HGSV_157051	154	7	0.0	0.0	0.0
6617	HGSV_157712	154	6	0.0	0.0	0.0
6618	HGSV_158584	154	9	0.0	0.0	0.0
6619	HGSV_158907	154	10	0.0	0.0	0.0
6620	HGSV_15899	154	36	0.021	0.0	0.0
6621	HGSV_16669	154	9	0.0	0.0	0.0
6622	HGSV_17322	154	5	0.0	0.0	0.0
6623	HGSV_17457	154	5	0.001	0.001	0.001
6624	HGSV_18077	154	130	0.082	0.082	0.082
6625	HGSV_18610	154	7	0.0	0.0	0.0
6626	HGSV_1885	154	12	0.001	0.001	0.001
6627	HGSV_228	154	2	0.0	0.0	0.0
6628	HGSV_2343	154	13	0.0	0.0	0.0
6629	HGSV_2533	154	6	0.0	0.0	0.0
6630	HGSV_296	154	7	0.0	0.0	0.0
6631	HGSV_3715	154	2	0.0	0.0	0.0
6632	HGSV_466	154	2	0.0	0.0	0.0
6633	HGSV_4812	154	17	0.011	0.011	0.011
6634	HGSV_4814	154	3	0.0	0.0	0.0
6635	HGSV_6234	154	5	0.0	0.0	0.0
6636	HGSV_7117	154	79	0.055	0.055	0.055
6637	HGSV_7419	154	11	0.0	0.0	0.0
6638	HGSV_7833	154	6	0.001	0.001	0.001
6639	HGSV_7869	154	8	0.002	0.002	0.002
6640	HGSV_800	154	12	0.0	0.0	0.0
6641	HGSV_8271	154	5	0.0	0.0	0.0
6642	HGSV_8337	154	9	0.001	0.001	0.001
6643	HGSV_8730	154	6	0.0	0.0	0.0
6644	HGSV_9058	154	12	0.0	0.0	0.0
6645	HGSV_9787	154	3	0.001	0.001	0.001
6646	HGSV_1039	153	2	0.0	0.0	0.0
6647	HGSV_10690	153	34	0.0	0.0	0.0
6648	HGSV_10886	153	13	0.007	0.007	0.0
6649	HGSV_11167	153	4	0.0	0.0	0.0
6650	HGSV_1141	153	7	0.0	0.0	0.0
6651	HGSV_11785	153	0	0.0	0.0	0.0
6652	HGSV_11960	153	13	0.0	0.0	0.0
6653	HGSV_11994	153	5	0.0	0.0	0.0
6654	HGSV_1366	153	4	0.0	0.0	0.0
6655	HGSV_143876	153	2	0.0	0.0	0.0
6656	HGSV_145016	153	8	1.0	0.0	0.0
6657	HGSV_145611	153	8	0.0	0.0	0.0
6658	HGSV_146124	153	4	0.0	0.0	0.0
6659	HGSV_146965	153	11	0.0	0.0	0.0
6660	HGSV_147014	153	23	0.0	0.0	0.0
6661	HGSV_147022	153	9	0.0	0.0	0.0
6662	HGSV_147415	153	34	0.019	0.019	0.019
6663	HGSV_147466	153	22	0.0	0.0	0.0
6664	HGSV_148321	153	5	0.0	0.0	0.0
6665	HGSV_149003	153	30	0.032	0.032	0.032
6666	HGSV_14903	153	8	0.004	0.004	0.004
6667	HGSV_149315	153	9	0.0	0.0	0.0
6668	HGSV_149766	153	6	0.001	0.001	0.001
6669	HGSV_149844	153	11	0.0	0.0	0.0
6670	HGSV_149936	153	1	0.0	0.0	0.0
6671	HGSV_150720	153	3	0.0	0.0	0.0
6672	HGSV_150749	153	12	0.0	0.0	0.0
6673	HGSV_151414	153	3	0.0	0.0	0.0
6674	HGSV_152298	153	4	0.0	0.0	0.0
6675	HGSV_152321	153	8	0.0	0.0	0.0
6676	HGSV_152885	153	5	0.0	0.0	0.0
6677	HGSV_152939	153	10	0.002	0.0	0.0
6678	HGSV_154051	153	12	0.0	0.0	0.0
6679	HGSV_154671	153	18	0.001	0.001	0.001
6680	HGSV_15623	153	5	0.0	0.0	0.0
6681	HGSV_156316	153	51	0.031	0.031	0.031
6682	HGSV_156372	153	6	0.0	0.0	0.0
6683	HGSV_157059	153	18	0.001	0.001	0.001
6684	HGSV_157214	153	60	0.049	0.049	0.049
6685	HGSV_157410	153	6	0.98	0.98	0.98
6686	HGSV_157742	153	7	0.0	0.0	0.0
6687	HGSV_15780	153	9	0.0	0.0	0.0
6688	HGSV_158864	153	6	0.0	0.0	0.0
6689	HGSV_158888	153	7	0.0	0.0	0.0
6690	HGSV_15958	153	1	0.0	0.0	0.0
6691	HGSV_16018	153	2	0.0	0.0	0.0
6692	HGSV_1639	153	1	0.001	0.001	0.001
6693	HGSV_16543	153	7	0.0	0.0	0.0
6694	HGSV_17795	153	1	0.0	0.0	0.0
6695	HGSV_18147	153	0	0.0	0.0	0.0
6696	HGSV_2748	153	2	0.0	0.0	0.0
6697	HGSV_2908	153	33	0.0	0.0	0.0
6698	HGSV_3245	153	23	0.013	0.013	0.013
6699	HGSV_3568	153	117	0.083	0.083	0.083
6700	HGSV_3898	153	21	0.004	0.004	0.004
6701	HGSV_4667	153	9	0.002	0.002	0.002
6702	HGSV_4689	153	17	0.0	0.0	0.0
6703	HGSV_4988	153	26	0.019	0.019	0.019
6704	HGSV_4989	153	7	0.0	0.0	0.0
6705	HGSV_5052	153	7	0.683	0.683	0.683
6706	HGSV_5126	153	3	0.0	0.0	0.0
6707	HGSV_5746	153	76	0.061	0.061	0.061
6708	HGSV_5754	153	3	0.0	0.0	0.0
6709	HGSV_7154	153	1	0.0	0.0	0.0
6710	HGSV_7414	153	1	0.518	0.518	0.656
6711	HGSV_7420	153	4	0.0	0.0	0.0
6712	HGSV_7848	153	65	0.039	0.039	0.039
6713	HGSV_842	153	4	0.0	0.0	0.0
6714	HGSV_8596	153	6	0.0	0.0	0.0
6715	HGSV_9662	153	2	0.0	0.0	0.0
6716	HGSV_10433	152	18	0.0	0.0	0.0
6717	HGSV_10766	152	8	0.0	0.0	0.0
6718	HGSV_10785	152	12	0.0	0.0	0.0
6719	HGSV_12733	152	15	0.005	0.005	0.005
6720	HGSV_12777	152	20	0.0	0.0	0.0
6721	HGSV_13527	152	9	0.001	0.001	0.001
6722	HGSV_14309	152	10	0.0	0.0	0.0
6723	HGSV_144545	152	7	0.0	0.0	0.0
6724	HGSV_145085	152	10	0.01	0.01	0.01
6725	HGSV_145883	152	6	0.0	0.0	0.0
6726	HGSV_146649	152	26	0.023	0.023	0.023
6727	HGSV_148280	152	9	0.003	0.003	0.003
6728	HGSV_148605	152	5	0.0	0.0	0.0
6729	HGSV_150091	152	3	0.0	0.0	0.0
6730	HGSV_150334	152	6	0.001	0.001	0.001
6731	HGSV_150375	152	1	0.0	0.0	0.0
6732	HGSV_150618	152	6	0.046	0.046	0.046
6733	HGSV_151082	152	4	0.0	0.0	0.0
6734	HGSV_151306	152	13	0.0	0.0	0.0
6735	HGSV_151520	152	6	0.0	0.0	0.0
6736	HGSV_151897	152	3	0.0	0.0	0.0
6737	HGSV_152919	152	6	0.0	0.0	0.0
6738	HGSV_153026	152	4	0.002	0.002	0.002
6739	HGSV_153991	152	5	0.0	0.0	0.0
6740	HGSV_154118	152	8	0.47	0.47	0.47
6741	HGSV_15457	152	1	0.0	0.0	0.0
6742	HGSV_154922	152	27	0.0	0.0	0.0
6743	HGSV_155302	152	3	0.0	0.0	0.0
6744	HGSV_156385	152	3	0.0	0.0	0.0
6745	HGSV_15643	152	18	0.0	0.0	0.0
6746	HGSV_157853	152	4	0.0	0.0	0.0
6747	HGSV_159112	152	7	0.0	0.0	0.0
6748	HGSV_17524	152	40	0.0	0.0	0.0
6749	HGSV_17675	152	94	0.0	0.0	0.0
6750	HGSV_18181	152	7	0.0	0.0	0.0
6751	HGSV_18777	152	17	0.005	0.005	0.005
6752	HGSV_18957	152	5	0.002	0.002	0.002
6753	HGSV_19178	152	10	0.002	0.002	0.002
6754	HGSV_19226	152	7	0.0	0.0	0.0
6755	HGSV_19429	152	73	0.051	0.051	0.0
6756	HGSV_2004	152	5	0.0	0.0	0.0
6757	HGSV_3000	152	2	0.0	0.0	0.0
6758	HGSV_3269	152	7	0.0	0.0	0.0
6759	HGSV_5060	152	4	0.0	0.0	0.0
6760	HGSV_5820	152	3	0.0	0.0	0.0
6761	HGSV_6805	152	3	0.0	0.0	0.0
6762	HGSV_7107	152	5	0.002	0.002	0.002
6763	HGSV_7797	152	2	0.0	0.0	0.0
6764	HGSV_9341	152	36	0.007	0.007	0.007
6765	HGSV_978	152	4	0.0	0.0	0.0
6766	HGSV_9942	152	4	0.0	0.0	0.0
6767	HGSV_10042	151	4	0.0	0.0	0.0
6768	HGSV_10369	151	7	0.001	0.001	0.001
6769	HGSV_10484	151	15	0.0	0.0	0.0
6770	HGSV_11053	151	10	0.0	0.0	0.0
6771	HGSV_1110	151	18	0.0	0.0	0.0
6772	HGSV_11149	151	8	0.0	0.0	0.0
6773	HGSV_1124	151	3	0.0	0.0	0.0
6774	HGSV_11341	151	6	0.0	0.0	0.0
6775	HGSV_11834	151	48	0.029	0.029	0.029
6776	HGSV_1203	151	0	0.0	0.0	0.0
6777	HGSV_13076	151	20	0.0	0.0	0.0
6778	HGSV_13155	151	8	0.0	0.0	0.0
6779	HGSV_13174	151	2	0.0	0.0	0.0
6780	HGSV_14075	151	7	0.0	0.0	0.0
6781	HGSV_143697	151	21	0.0	0.0	0.0
6782	HGSV_143742	151	6	0.0	0.0	0.0
6783	HGSV_144845	151	4	0.0	0.0	0.0
6784	HGSV_145443	151	11	0.002	0.002	0.002
6785	HGSV_146819	151	3	0.0	0.0	0.0
6786	HGSV_147300	151	6	0.001	0.0	0.0
6787	HGSV_147543	151	3	0.001	0.0	0.0
6788	HGSV_147583	151	11	0.004	0.004	0.004
6789	HGSV_147814	151	6	0.0	0.0	0.0
6790	HGSV_149810	151	6	0.0	0.0	0.0
6791	HGSV_14991	151	8	0.0	0.0	0.0
6792	HGSV_150986	151	6	0.0	0.0	0.0
6793	HGSV_151670	151	1	0.0	0.0	0.0
6794	HGSV_151982	151	3	0.001	0.001	0.001
6795	HGSV_152257	151	9	0.774	0.774	0.774
6796	HGSV_152524	151	3	0.0	0.0	0.0
6797	HGSV_153279	151	5	0.0	0.0	0.0
6798	HGSV_1535	151	15	0.0	0.0	0.0
6799	HGSV_153720	151	12	0.008	0.008	0.008
6800	HGSV_154263	151	4	0.001	0.001	0.001
6801	HGSV_154818	151	16	0.0	0.0	0.0
6802	HGSV_155863	151	11	0.0	0.0	0.0
6803	HGSV_156388	151	20	0.001	0.001	0.001
6804	HGSV_156492	151	7	0.0	0.0	0.0
6805	HGSV_158756	151	6	0.001	0.001	0.001
6806	HGSV_158865	151	7	0.0	0.0	0.0
6807	HGSV_16321	151	5	0.0	0.0	0.0
6808	HGSV_16347	151	3	0.001	0.001	0.001
6809	HGSV_1635	151	7	0.0	0.0	0.0
6810	HGSV_16482	151	7	0.0	0.0	0.0
6811	HGSV_16711	151	7	0.001	0.001	0.0
6812	HGSV_1765	151	5	0.0	0.0	0.0
6813	HGSV_18282	151	7	0.0	0.0	0.0
6814	HGSV_18421	151	9	0.0	0.0	0.0
6815	HGSV_19099	151	6	0.002	0.002	0.002
6816	HGSV_19612	151	27	0.0	0.0	0.0
6817	HGSV_2460	151	11	0.001	0.001	0.001
6818	HGSV_3030	151	7	0.0	0.0	0.0
6819	HGSV_4012	151	3	0.0	0.0	0.0
6820	HGSV_5073	151	3	0.0	0.0	0.0
6821	HGSV_6513	151	9	0.0	0.0	0.0
6822	HGSV_6923	151	10	0.004	0.004	0.004
6823	HGSV_7332	151	2	0.0	0.0	0.0
6824	HGSV_740	151	26	0.0	0.0	0.0
6825	HGSV_7759	151	84	0.043	0.043	0.043
6826	HGSV_8924	151	3	0.0	0.0	0.0
6827	HGSV_9094	151	7	0.0	0.0	0.0
6828	HGSV_9179	151	5	0.0	0.0	0.0
6829	HGSV_10183	150	2	0.0	0.0	0.0
6830	HGSV_10245	150	1	0.162	0.162	0.162
6831	HGSV_11079	150	6	0.0	0.0	0.0
6832	HGSV_1139	150	4	0.001	0.001	0.001
6833	HGSV_11822	150	7	0.0	0.0	0.0
6834	HGSV_12847	150	0	0.0	0.0	0.0
6835	HGSV_13108	150	5	0.0	0.0	0.0
6836	HGSV_13295	150	8	0.0	0.0	0.0
6837	HGSV_14373	150	9	0.001	0.0	0.0
6838	HGSV_144708	150	9	0.001	0.001	0.001
6839	HGSV_145190	150	52	0.0	0.0	0.0
6840	HGSV_145740	150	96	0.079	0.079	0.0
6841	HGSV_146007	150	6	0.0	0.0	0.0
6842	HGSV_146471	150	23	0.019	0.019	0.019
6843	HGSV_146655	150	5	0.0	0.0	0.0
6844	HGSV_146745	150	5	0.0	0.0	0.0
6845	HGSV_147187	150	3	0.0	0.0	0.0
6846	HGSV_147567	150	0	0.0	0.0	0.0
6847	HGSV_148077	150	6	0.0	0.0	0.0
6848	HGSV_148615	150	9	0.0	0.0	0.0
6849	HGSV_148616	150	6	0.0	0.0	0.0
6850	HGSV_148653	150	11	0.0	0.0	0.0
6851	HGSV_148854	150	3	0.0	0.0	0.0
6852	HGSV_150317	150	3	0.0	0.0	0.0
6853	HGSV_150637	150	5	0.0	0.0	0.0
6854	HGSV_150956	150	8	0.0	0.0	0.0
6855	HGSV_151070	150	4	0.0	0.0	0.0
6856	HGSV_15109	150	17	0.0	0.0	0.0
6857	HGSV_151230	150	6	0.0	0.0	0.0
6858	HGSV_151407	150	3	0.0	0.0	0.0
6859	HGSV_151680	150	13	0.004	0.004	0.004
6860	HGSV_152115	150	9	0.001	0.001	0.001
6861	HGSV_152128	150	7	0.0	0.0	0.0
6862	HGSV_153043	150	5	0.001	0.001	0.001
6863	HGSV_154142	150	34	0.015	0.015	0.015
6864	HGSV_154892	150	45	0.033	0.033	0.033
6865	HGSV_155430	150	9	0.0	0.0	0.0
6866	HGSV_156915	150	16	0.0	0.0	0.0
6867	HGSV_15727	150	12	0.0	0.0	0.0
6868	HGSV_157605	150	13	0.0	0.0	0.0
6869	HGSV_157922	150	1	0.0	0.0	0.0
6870	HGSV_16215	150	3	0.0	0.0	0.0
6871	HGSV_16615	150	5	0.0	0.0	0.0
6872	HGSV_16730	150	7	0.999	0.999	0.999
6873	HGSV_16776	150	7	0.0	0.0	0.0
6874	HGSV_16779	150	2	0.0	0.0	0.0
6875	HGSV_17592	150	7	0.0	0.0	0.0
6876	HGSV_18531	150	6	0.0	0.0	0.0
6877	HGSV_18758	150	11	0.0	0.0	0.0
6878	HGSV_18880	150	10	0.004	0.004	0.004
6879	HGSV_18902	150	13	0.001	0.001	0.001
6880	HGSV_2380	150	3	0.0	0.0	0.0
6881	HGSV_2705	150	6	0.0	0.0	0.0
6882	HGSV_28	150	6	0.0	0.0	0.0
6883	HGSV_3008	150	4	0.0	0.0	0.0
6884	HGSV_3062	150	2	0.0	0.0	0.0
6885	HGSV_312	150	3	0.0	0.0	0.0
6886	HGSV_3402	150	2	0.0	0.0	0.0
6887	HGSV_3460	150	4	0.001	0.001	0.001
6888	HGSV_4124	150	12	0.279	0.279	0.279
6889	HGSV_4557	150	0	0.0	0.0	0.0
6890	HGSV_5178	150	4	0.0	0.0	0.0
6891	HGSV_5586	150	3	0.002	0.002	0.002
6892	HGSV_5639	150	9	0.0	0.0	0.0
6893	HGSV_6660	150	7	0.002	0.002	0.002
6894	HGSV_7156	150	0	0.002	0.0	0.0
6895	HGSV_7178	150	9	0.001	0.001	0.001
6896	HGSV_7975	150	5	0.0	0.0	0.0
6897	HGSV_8404	150	32	0.008	0.008	0.008
6898	HGSV_8595	150	8	0.0	0.0	0.0
6899	HGSV_8832	150	4	0.0	0.0	0.0
6900	HGSV_944	150	4	0.0	0.0	0.0
6901	HGSV_10366	149	2	0.0	0.0	0.0
6902	HGSV_10480	149	1	0.0	0.0	0.0
6903	HGSV_10958	149	9	0.697	0.697	0.875
6904	HGSV_11185	149	6	0.0	0.0	0.0
6905	HGSV_12364	149	2	0.0	0.0	0.0
6906	HGSV_12990	149	7	0.006	0.006	0.006
6907	HGSV_13157	149	12	0.314	0.314	0.314
6908	HGSV_14271	149	6	0.001	0.0	0.0
6909	HGSV_143400	149	8	0.0	0.0	0.0
6910	HGSV_143585	149	2	0.0	0.0	0.0
6911	HGSV_144754	149	2	0.0	0.0	0.0
6912	HGSV_144942	149	3	0.001	0.001	0.001
6913	HGSV_145128	149	12	0.009	0.009	0.009
6914	HGSV_145620	149	5	0.0	0.0	0.0
6915	HGSV_146092	149	10	0.0	0.0	0.0
6916	HGSV_146798	149	1	0.0	0.0	0.0
6917	HGSV_148314	149	76	0.04	0.04	0.04
6918	HGSV_14911	149	11	0.0	0.0	0.0
6919	HGSV_149170	149	8	0.0	0.0	0.0
6920	HGSV_149480	149	5	0.0	0.0	0.0
6921	HGSV_150308	149	10	0.158	0.158	0.158
6922	HGSV_150437	149	6	0.003	0.003	0.003
6923	HGSV_150728	149	4	0.0	0.0	0.0
6924	HGSV_15129	149	8	0.0	0.0	0.0
6925	HGSV_1518	149	5	0.002	0.002	0.0
6926	HGSV_153136	149	4	0.998	0.0	0.0
6927	HGSV_153188	149	3	0.0	0.0	0.0
6928	HGSV_154204	149	16	0.0	0.0	0.0
6929	HGSV_154305	149	6	0.001	0.001	0.001
6930	HGSV_156172	149	38	0.03	0.03	0.03
6931	HGSV_157174	149	19	0.013	0.013	0.013
6932	HGSV_158006	149	8	0.0	0.0	0.0
6933	HGSV_158307	149	12	0.0	0.0	0.0
6934	HGSV_159142	149	7	0.0	0.0	0.0
6935	HGSV_1596	149	89	0.054	0.054	0.054
6936	HGSV_17553	149	5	0.0	0.0	0.0
6937	HGSV_18411	149	4	0.004	0.004	0.004
6938	HGSV_18990	149	108	0.065	0.065	0.065
6939	HGSV_19241	149	6	0.0	0.0	0.0
6940	HGSV_19611	149	36	0.0	0.0	0.0
6941	HGSV_2098	149	6	0.0	0.0	0.0
6942	HGSV_2515	149	7	0.0	0.0	0.0
6943	HGSV_2553	149	3	0.0	0.0	0.0
6944	HGSV_2882	149	5	0.0	0.0	0.0
6945	HGSV_3604	149	13	0.0	0.0	0.0
6946	HGSV_3759	149	4	0.0	0.0	0.0
6947	HGSV_3832	149	1	0.0	0.0	0.0
6948	HGSV_4518	149	3	0.0	0.0	0.0
6949	HGSV_4671	149	21	0.005	0.005	0.005
6950	HGSV_4677	149	3	0.498	0.498	0.498
6951	HGSV_4840	149	33	0.913	0.913	0.913
6952	HGSV_4894	149	5	0.0	0.0	0.0
6953	HGSV_5447	149	4	0.0	0.0	0.0
6954	HGSV_6592	149	9	0.0	0.0	0.0
6955	HGSV_6716	149	18	0.006	0.006	0.006
6956	HGSV_6759	149	8	0.0	0.0	0.0
6957	HGSV_683	149	3	0.0	0.0	0.0
6958	HGSV_702	149	52	0.031	0.0	0.0
6959	HGSV_709	149	3	1.0	1.0	0.0
6960	HGSV_7377	149	3	0.0	0.0	0.0
6961	HGSV_7462	149	0	0.0	0.0	0.0
6962	HGSV_889	149	3	0.0	0.0	0.0
6963	HGSV_8960	149	11	0.0	0.0	0.0
6964	HGSV_9358	149	3	0.0	0.0	0.0
6965	HGSV_10265	148	4	0.0	0.0	0.0
6966	HGSV_10792	148	5	0.0	0.0	0.0
6967	HGSV_11164	148	5	0.0	0.0	0.0
6968	HGSV_11975	148	15	0.0	0.0	0.0
6969	HGSV_1205	148	0	0.0	0.0	0.0
6970	HGSV_12057	148	13	0.0	0.0	0.0
6971	HGSV_1228	148	25	0.0	0.0	0.0
6972	HGSV_1250	148	2	0.0	0.0	0.0
6973	HGSV_12695	148	2	0.0	0.0	0.0
6974	HGSV_12711	148	7	0.0	0.0	0.0
6975	HGSV_12893	148	1	0.0	0.0	0.0
6976	HGSV_13094	148	4	0.001	0.001	0.001
6977	HGSV_1362	148	101	0.0	0.0	0.0
6978	HGSV_13693	148	1	0.0	0.0	0.0
6979	HGSV_14078	148	2	0.0	0.0	0.0
6980	HGSV_143471	148	13	0.0	0.0	0.0
6981	HGSV_143999	148	5	0.0	0.0	0.0
6982	HGSV_144750	148	3	0.0	0.0	0.0
6983	HGSV_144966	148	6	0.0	0.0	0.0
6984	HGSV_144992	148	7	0.003	0.003	0.0
6985	HGSV_145600	148	7	0.0	0.0	0.0
6986	HGSV_146438	148	57	0.038	0.0	0.0
6987	HGSV_147045	148	4	0.0	0.0	0.0
6988	HGSV_147121	148	111	0.07	0.0	0.0
6989	HGSV_147418	148	6	0.002	0.002	0.002
6990	HGSV_148083	148	27	0.089	0.089	0.0
6991	HGSV_148417	148	8	0.165	0.165	0.165
6992	HGSV_149062	148	0	0.0	0.0	0.0
6993	HGSV_149349	148	2	0.0	0.0	0.0
6994	HGSV_149427	148	16	0.0	0.0	0.0
6995	HGSV_149767	148	4	0.001	0.001	0.0
6996	HGSV_15016	148	2	0.0	0.0	0.0
6997	HGSV_151890	148	8	0.0	0.0	0.0
6998	HGSV_15195	148	4	0.0	0.0	0.0
6999	HGSV_152050	148	6	0.0	0.0	0.0
7000	HGSV_154812	148	11	0.002	0.002	0.002
7001	HGSV_155614	148	4	0.0	0.0	0.0
7002	HGSV_155788	148	14	0.007	0.007	0.007
7003	HGSV_1559	148	30	0.0	0.0	0.0
7004	HGSV_156514	148	11	0.002	0.002	0.002
7005	HGSV_156606	148	2	0.0	0.0	0.0
7006	HGSV_157303	148	9	0.0	0.0	0.0
7007	HGSV_157307	148	2	0.0	0.0	0.0
7008	HGSV_157448	148	15	0.004	0.004	0.004
7009	HGSV_157578	148	8	0.0	0.0	0.0
7010	HGSV_158301	148	4	0.0	0.0	0.0
7011	HGSV_158427	148	7	0.0	0.0	0.0
7012	HGSV_158877	148	5	0.0	0.0	0.0
7013	HGSV_159023	148	56	0.042	0.042	0.042
7014	HGSV_159104	148	6	0.001	0.001	0.001
7015	HGSV_17314	148	1	0.0	0.0	0.0
7016	HGSV_17368	148	19	0.001	0.0	0.0
7017	HGSV_1746	148	2	0.0	0.0	0.0
7018	HGSV_1754	148	1	0.0	0.0	0.0
7019	HGSV_17844	148	5	0.0	0.0	0.0
7020	HGSV_19154	148	4	0.004	0.0	0.0
7021	HGSV_19537	148	5	0.003	0.003	0.003
7022	HGSV_19679	148	16	0.0	0.0	0.0
7023	HGSV_2389	148	1	0.0	0.0	0.0
7024	HGSV_2662	148	1	0.0	0.0	0.0
7025	HGSV_3029	148	6	0.0	0.0	0.0
7026	HGSV_3437	148	1	0.0	0.0	0.0
7027	HGSV_3458	148	3	0.0	0.0	0.0
7028	HGSV_3902	148	18	0.001	0.001	0.001
7029	HGSV_4128	148	1	0.0	0.0	0.0
7030	HGSV_4160	148	18	0.007	0.007	0.007
7031	HGSV_4259	148	14	0.0	0.0	0.0
7032	HGSV_4876	148	3	0.0	0.0	0.0
7033	HGSV_5011	148	8	0.001	0.001	0.001
7034	HGSV_648	148	18	0.0	0.0	0.0
7035	HGSV_6666	148	1	0.0	0.0	0.0
7036	HGSV_7313	148	15	0.0	0.0	0.0
7037	HGSV_7327	148	44	0.0	0.0	0.0
7038	HGSV_7360	148	9	0.003	0.003	0.003
7039	HGSV_7483	148	8	0.001	0.032	0.032
7040	HGSV_7813	148	107	0.0	0.0	0.0
7041	HGSV_7854	148	11	0.0	0.0	0.0
7042	HGSV_7993	148	14	0.0	0.0	0.0
7043	HGSV_8010	148	5	0.0	0.0	0.0
7044	HGSV_8147	148	17	0.0	0.0	0.0
7045	HGSV_9189	148	6	0.0	0.0	0.0
7046	HGSV_9433	148	4	0.0	0.0	0.0
7047	HGSV_9483	148	11	0.0	0.0	0.0
7048	HGSV_9610	148	3	0.0	0.0	0.0
7049	HGSV_9978	148	3	0.0	0.0	0.0
7050	HGSV_10673	147	8	0.0	0.0	0.0
7051	HGSV_11000	147	9	0.0	0.0	0.0
7052	HGSV_11117	147	7	0.0	0.0	0.0
7053	HGSV_12524	147	10	0.007	0.007	0.007
7054	HGSV_12655	147	7	0.0	0.0	0.0
7055	HGSV_13046	147	1	0.001	0.0	0.0
7056	HGSV_13262	147	1	0.0	0.0	0.0
7057	HGSV_13890	147	5	0.0	0.0	0.0
7058	HGSV_13952	147	5	0.0	0.0	0.0
7059	HGSV_14425	147	1	0.0	0.0	0.0
7060	HGSV_144572	147	1	0.001	0.001	0.001
7061	HGSV_14458	147	10	0.001	0.001	0.001
7062	HGSV_144927	147	7	1.0	1.0	1.0
7063	HGSV_145508	147	2	0.0	0.0	0.0
7064	HGSV_146093	147	8	0.0	0.0	0.0
7065	HGSV_146860	147	1	0.0	0.0	0.0
7066	HGSV_147105	147	14	0.0	0.0	0.0
7067	HGSV_148053	147	17	0.001	0.001	0.001
7068	HGSV_148823	147	7	0.0	0.0	0.0
7069	HGSV_149325	147	6	0.0	0.0	0.0
7070	HGSV_149770	147	3	0.001	0.001	0.001
7071	HGSV_150263	147	3	0.0	0.0	0.0
7072	HGSV_150296	147	2	0.0	0.0	0.0
7073	HGSV_150320	147	7	0.0	0.0	0.0
7074	HGSV_150632	147	10	0.0	0.0	0.0
7075	HGSV_15068	147	9	0.0	0.0	0.0
7076	HGSV_150700	147	13	0.0	0.0	0.0
7077	HGSV_150819	147	6	0.002	0.002	0.002
7078	HGSV_152143	147	5	0.004	0.004	0.004
7079	HGSV_152492	147	2	0.0	0.0	0.0
7080	HGSV_15291	147	7	0.0	0.0	0.0
7081	HGSV_153463	147	17	0.0	0.0	0.0
7082	HGSV_153635	147	9	0.0	0.0	0.0
7083	HGSV_153829	147	1	0.0	0.0	0.0
7084	HGSV_153956	147	114	0.121	0.121	0.121
7085	HGSV_154068	147	17	0.003	0.003	0.003
7086	HGSV_154504	147	1	0.001	0.001	0.001
7087	HGSV_155470	147	6	0.003	0.003	0.003
7088	HGSV_156383	147	2	0.0	0.0	0.0
7089	HGSV_156463	147	4	0.0	0.0	0.0
7090	HGSV_156958	147	5	0.0	0.0	0.0
7091	HGSV_157224	147	4	0.0	0.0	0.0
7092	HGSV_157500	147	8	0.001	0.001	0.001
7093	HGSV_158182	147	6	0.0	0.0	0.0
7094	HGSV_158599	147	2	0.0	0.0	0.0
7095	HGSV_16328	147	1	0.565	0.565	0.722
7096	HGSV_16440	147	2	0.0	0.0	0.0
7097	HGSV_1662	147	1	0.0	0.0	0.0
7098	HGSV_17564	147	4	0.002	0.002	0.002
7099	HGSV_18859	147	57	0.043	0.043	0.043
7100	HGSV_19011	147	2	0.0	0.0	0.0
7101	HGSV_19107	147	4	0.0	0.0	0.0
7102	HGSV_19290	147	13	0.002	0.002	0.002
7103	HGSV_1934	147	0	0.0	0.0	0.0
7104	HGSV_19543	147	3	0.0	0.0	0.0
7105	HGSV_19656	147	13	0.0	0.0	0.0
7106	HGSV_19713	147	55	0.035	0.0	0.0
7107	HGSV_2763	147	119	0.088	0.088	0.088
7108	HGSV_2831	147	0	0.0	0.0	0.0
7109	HGSV_3238	147	2	0.0	0.0	0.0
7110	HGSV_3416	147	7	0.001	0.0	0.0
7111	HGSV_3436	147	2	0.001	0.001	0.001
7112	HGSV_3595	147	5	0.943	0.943	0.943
7113	HGSV_4011	147	0	0.0	0.0	0.0
7114	HGSV_4544	147	7	0.001	0.001	0.0
7115	HGSV_5427	147	3	0.0	0.0	0.0
7116	HGSV_5933	147	24	0.014	0.014	0.014
7117	HGSV_6381	147	9	0.0	0.0	0.0
7118	HGSV_9000	147	5	0.0	0.0	0.0
7119	HGSV_9066	147	14	0.0	0.0	0.0
7120	HGSV_9561	147	2	0.0	0.0	0.0
7121	HGSV_9878	147	30	0.023	0.023	0.023
7122	HGSV_9977	147	1	0.0	0.0	0.0
7123	HGSV_10420	146	23	0.0	0.0	0.0
7124	HGSV_10545	146	4	0.0	0.0	0.0
7125	HGSV_11169	146	5	0.0	0.0	0.0
7126	HGSV_11377	146	0	0.001	0.001	0.001
7127	HGSV_11486	146	2	0.003	0.003	0.003
7128	HGSV_12250	146	1	0.0	0.0	0.0
7129	HGSV_12494	146	4	0.002	0.002	0.002
7130	HGSV_12582	146	5	0.0	0.0	0.0
7131	HGSV_13375	146	3	0.0	0.0	0.0
7132	HGSV_13762	146	1	0.0	0.0	0.0
7133	HGSV_143401	146	4	0.0	0.0	0.0
7134	HGSV_143891	146	8	0.0	0.0	0.0
7135	HGSV_1439	146	7	0.001	0.001	0.001
7136	HGSV_144083	146	11	0.0	0.0	0.0
7137	HGSV_14427	146	18	0.0	0.0	0.0
7138	HGSV_144919	146	108	0.0	0.0	0.0
7139	HGSV_14497	146	13	0.0	0.0	0.0
7140	HGSV_145421	146	5	0.0	0.0	0.0
7141	HGSV_146279	146	3	0.0	0.0	0.0
7142	HGSV_14660	146	46	0.022	0.022	0.022
7143	HGSV_146782	146	12	0.0	0.0	0.0
7144	HGSV_147303	146	5	0.001	0.001	0.001
7145	HGSV_147629	146	5	0.001	0.001	0.001
7146	HGSV_147800	146	7	0.0	0.0	0.0
7147	HGSV_148904	146	14	0.0	0.0	0.0
7148	HGSV_150141	146	5	0.0	0.0	0.0
7149	HGSV_150176	146	2	0.0	0.0	0.0
7150	HGSV_150407	146	3	0.66	0.66	0.66
7151	HGSV_15084	146	10	0.0	0.0	0.0
7152	HGSV_151495	146	0	0.0	0.0	0.0
7153	HGSV_151547	146	51	0.026	0.026	0.026
7154	HGSV_151653	146	0	0.0	0.0	0.0
7155	HGSV_151697	146	12	0.002	0.002	0.0
7156	HGSV_153042	146	15	0.921	0.921	0.921
7157	HGSV_154017	146	6	0.0	0.0	0.0
7158	HGSV_154428	146	9	0.0	0.0	0.0
7159	HGSV_15570	146	23	0.01	0.01	0.01
7160	HGSV_156064	146	6	0.0	0.0	0.0
7161	HGSV_156952	146	7	0.0	0.0	0.0
7162	HGSV_157103	146	60	0.047	0.047	0.047
7163	HGSV_15747	146	21	0.007	0.007	0.0
7164	HGSV_158871	146	10	0.0	0.0	0.0
7165	HGSV_1744	146	8	0.0	0.0	0.0
7166	HGSV_17571	146	2	0.0	0.0	0.0
7167	HGSV_17722	146	3	0.0	0.0	0.0
7168	HGSV_17725	146	6	0.0	0.0	0.0
7169	HGSV_17800	146	3	0.001	0.0	0.0
7170	HGSV_18321	146	10	0.0	0.0	0.0
7171	HGSV_18827	146	6	0.001	0.0	0.0
7172	HGSV_209	146	2	0.0	0.0	0.0
7173	HGSV_2340	146	8	0.001	0.001	0.001
7174	HGSV_2716	146	33	0.0	0.0	0.0
7175	HGSV_2832	146	5	0.001	0.001	0.001
7176	HGSV_3081	146	7	0.0	0.0	0.0
7177	HGSV_4365	146	2	0.0	0.0	0.0
7178	HGSV_4441	146	2	0.0	0.0	0.0
7179	HGSV_5157	146	4	0.001	0.001	0.001
7180	HGSV_5899	146	2	0.0	0.0	0.0
7181	HGSV_6256	146	10	0.0	0.0	0.0
7182	HGSV_670	146	3	0.003	0.003	0.003
7183	HGSV_7004	146	10	0.0	0.0	0.0
7184	HGSV_7174	146	6	0.0	0.0	0.0
7185	HGSV_8670	146	16	0.002	0.002	0.0
7186	HGSV_8671	146	8	0.0	0.0	0.0
7187	HGSV_8673	146	60	0.028	0.028	0.028
7188	HGSV_10057	145	1	0.0	0.0	0.0
7189	HGSV_11004	145	12	0.0	0.0	0.0
7190	HGSV_11097	145	15	0.0	0.0	0.0
7191	HGSV_11465	145	8	0.0	0.0	0.0
7192	HGSV_11950	145	6	0.001	0.001	0.001
7193	HGSV_13501	145	0	0.0	0.0	0.0
7194	HGSV_143404	145	12	0.012	0.012	0.012
7195	HGSV_144144	145	8	0.0	0.0	0.0
7196	HGSV_144224	145	28	0.011	0.011	0.0
7197	HGSV_144298	145	6	0.0	0.0	0.0
7198	HGSV_145259	145	109	0.069	0.069	0.069
7199	HGSV_145413	145	14	0.002	0.002	0.002
7200	HGSV_146105	145	28	0.0	0.0	0.0
7201	HGSV_146168	145	12	0.01	0.01	0.01
7202	HGSV_146332	145	9	0.0	0.0	0.0
7203	HGSV_146577	145	4	0.001	0.001	0.001
7204	HGSV_147155	145	3	0.002	0.002	0.002
7205	HGSV_14722	145	13	0.001	0.001	0.001
7206	HGSV_147401	145	4	0.0	0.0	0.0
7207	HGSV_147424	145	58	0.041	0.041	0.041
7208	HGSV_147600	145	7	0.0	0.0	0.0
7209	HGSV_147808	145	12	0.0	0.0	0.0
7210	HGSV_148228	145	5	0.0	0.0	0.0
7211	HGSV_148260	145	13	0.006	0.006	0.006
7212	HGSV_148455	145	3	0.0	0.0	0.0
7213	HGSV_14933	145	10	0.0	0.0	0.0
7214	HGSV_149915	145	4	0.0	0.0	0.0
7215	HGSV_149943	145	21	0.0	0.0	0.0
7216	HGSV_15008	145	5	0.0	0.0	0.0
7217	HGSV_150507	145	0	0.0	0.0	0.0
7218	HGSV_150532	145	3	0.0	0.0	0.0
7219	HGSV_150535	145	4	0.0	0.0	0.0
7220	HGSV_150705	145	0	0.0	0.0	0.0
7221	HGSV_15072	145	8	0.0	0.0	0.0
7222	HGSV_150930	145	1	0.0	0.0	0.0
7223	HGSV_152918	145	36	0.009	0.009	0.009
7224	HGSV_15349	145	8	0.0	0.0	0.0
7225	HGSV_153564	145	4	0.136	0.136	0.666
7226	HGSV_154046	145	5	0.0	0.0	0.0
7227	HGSV_154501	145	0	0.0	0.0	0.0
7228	HGSV_154509	145	4	0.0	0.0	0.0
7229	HGSV_154632	145	11	0.0	0.0	0.0
7230	HGSV_154650	145	95	0.07	0.07	0.0
7231	HGSV_154952	145	4	0.002	0.002	0.002
7232	HGSV_155431	145	3	0.0	0.0	0.0
7233	HGSV_155473	145	1	0.414	0.414	0.414
7234	HGSV_155696	145	14	0.0	0.0	0.0
7235	HGSV_157301	145	7	0.0	0.0	0.0
7236	HGSV_157326	145	112	0.087	0.087	0.0
7237	HGSV_157682	145	12	0.0	0.0	0.0
7238	HGSV_157736	145	17	0.001	0.0	0.0
7239	HGSV_158293	145	3	0.0	0.0	0.0
7240	HGSV_158448	145	13	0.0	0.0	0.0
7241	HGSV_16119	145	6	0.001	0.001	0.001
7242	HGSV_16363	145	4	0.0	0.0	0.0
7243	HGSV_16660	145	1	0.0	0.0	0.0
7244	HGSV_1736	145	12	0.0	0.0	0.0
7245	HGSV_17518	145	3	0.0	0.0	0.0
7246	HGSV_17603	145	3	0.0	0.0	0.0
7247	HGSV_17740	145	1	0.0	0.0	0.0
7248	HGSV_18608	145	113	0.064	0.064	0.064
7249	HGSV_19447	145	8	0.001	0.001	0.001
7250	HGSV_19646	145	10	0.001	0.001	0.001
7251	HGSV_2159	145	2	0.001	0.001	0.0
7252	HGSV_217	145	59	0.0	0.0	0.0
7253	HGSV_2992	145	2	0.0	0.0	0.0
7254	HGSV_3661	145	3	0.0	0.0	0.0
7255	HGSV_3960	145	9	0.0	0.0	0.0
7256	HGSV_4686	145	23	0.009	0.009	0.009
7257	HGSV_5014	145	9	0.001	0.001	0.001
7258	HGSV_5838	145	2	0.0	0.0	0.0
7259	HGSV_5860	145	59	0.052	0.052	0.052
7260	HGSV_6241	145	1	0.0	0.0	0.0
7261	HGSV_6409	145	4	0.0	0.0	0.0
7262	HGSV_6930	145	4	0.0	0.0	0.0
7263	HGSV_7195	145	5	0.0	0.0	0.0
7264	HGSV_7225	145	3	0.0	0.0	0.0
7265	HGSV_8011	145	4	0.027	0.027	0.027
7266	HGSV_8644	145	6	0.0	0.0	0.0
7267	HGSV_8745	145	8	0.464	0.464	0.464
7268	HGSV_8838	145	18	0.011	0.011	0.011
7269	HGSV_8847	145	3	0.0	0.0	0.0
7270	HGSV_9148	145	12	0.005	0.005	0.005
7271	HGSV_1227	144	26	0.0	0.0	0.0
7272	HGSV_12715	144	18	0.005	0.005	0.005
7273	HGSV_13432	144	10	0.0	0.0	0.0
7274	HGSV_14202	144	6	0.0	0.0	0.0
7275	HGSV_143958	144	15	0.0	0.0	0.0
7276	HGSV_144656	144	3	0.0	0.0	0.0
7277	HGSV_14494	144	10	0.0	0.0	0.0
7278	HGSV_146133	144	3	0.0	0.0	0.0
7279	HGSV_14619	144	9	0.002	0.002	0.002
7280	HGSV_146957	144	56	0.02	0.02	0.02
7281	HGSV_147243	144	7	0.0	0.0	0.0
7282	HGSV_147476	144	7	0.001	0.001	0.001
7283	HGSV_14779	144	7	0.0	0.0	0.0
7284	HGSV_147905	144	13	0.001	0.001	0.001
7285	HGSV_150448	144	3	0.0	0.0	0.0
7286	HGSV_150629	144	8	0.0	0.0	0.0
7287	HGSV_150831	144	8	0.001	0.001	0.001
7288	HGSV_151648	144	8	0.0	0.0	0.0
7289	HGSV_151761	144	97	0.057	0.057	0.0
7290	HGSV_152540	144	3	0.0	0.0	0.0
7291	HGSV_155163	144	6	0.0	0.0	0.0
7292	HGSV_155868	144	3	0.722	0.926	0.926
7293	HGSV_15633	144	4	0.002	0.002	0.002
7294	HGSV_156769	144	7	0.0	0.0	0.0
7295	HGSV_157412	144	2	0.0	0.0	0.0
7296	HGSV_157472	144	52	0.029	0.029	0.029
7297	HGSV_157562	144	11	0.0	0.0	0.0
7298	HGSV_157916	144	5	0.0	0.0	0.0
7299	HGSV_158105	144	5	0.0	0.0	0.0
7300	HGSV_158160	144	3	0.0	0.0	0.0
7301	HGSV_158176	144	7	0.002	0.002	0.002
7302	HGSV_158609	144	0	0.0	0.0	0.0
7303	HGSV_158782	144	8	0.0	0.0	0.0
7304	HGSV_16065	144	12	0.0	0.0	0.0
7305	HGSV_16210	144	18	0.013	0.013	0.013
7306	HGSV_1640	144	3	0.0	0.0	0.0
7307	HGSV_1666	144	8	0.0	0.0	0.0
7308	HGSV_16712	144	4	0.0	0.0	0.0
7309	HGSV_16775	144	3	0.0	0.0	0.0
7310	HGSV_16855	144	5	0.0	0.0	0.0
7311	HGSV_1725	144	2	0.0	0.0	0.0
7312	HGSV_17338	144	1	0.0	0.0	0.0
7313	HGSV_17356	144	4	0.0	0.0	0.0
7314	HGSV_18120	144	4	0.0	0.0	0.0
7315	HGSV_18629	144	5	0.0	0.0	0.0
7316	HGSV_19122	144	6	0.0	0.0	0.0
7317	HGSV_19503	144	3	0.006	0.006	0.006
7318	HGSV_19725	144	11	0.0	0.0	0.0
7319	HGSV_2396	144	1	0.0	0.0	0.0
7320	HGSV_2417	144	3	0.0	0.0	0.0
7321	HGSV_2550	144	8	0.0	0.0	0.0
7322	HGSV_3239	144	13	0.0	0.0	0.0
7323	HGSV_3309	144	6	0.001	0.001	0.994
7324	HGSV_3370	144	2	0.003	0.003	0.003
7325	HGSV_3577	144	30	0.0	0.0	0.0
7326	HGSV_3884	144	112	0.066	0.066	0.0
7327	HGSV_3972	144	4	0.001	0.001	0.0
7328	HGSV_4282	144	5	0.003	0.003	0.003
7329	HGSV_4605	144	13	0.0	0.0	0.0
7330	HGSV_4808	144	4	0.002	0.002	0.002
7331	HGSV_4957	144	22	0.0	0.0	0.0
7332	HGSV_5188	144	14	0.011	0.011	0.0
7333	HGSV_5641	144	8	0.0	0.0	0.0
7334	HGSV_6039	144	0	0.751	0.751	0.751
7335	HGSV_6359	144	2	0.0	0.0	0.0
7336	HGSV_6385	144	115	0.066	0.066	0.066
7337	HGSV_6798	144	6	0.004	0.004	0.004
7338	HGSV_7444	144	7	0.001	0.001	0.001
7339	HGSV_8254	144	6	0.0	0.0	0.0
7340	HGSV_8707	144	1	0.001	0.001	0.001
7341	HGSV_9291	144	0	0.0	0.0	0.0
7342	HGSV_9458	144	4	0.913	0.913	0.913
7343	HGSV_9956	144	3	0.0	0.0	0.0
7344	HGSV_10350	143	72	0.046	0.046	0.046
7345	HGSV_11318	143	5	0.0	0.0	0.0
7346	HGSV_11569	143	24	0.0	0.0	0.0
7347	HGSV_11961	143	4	0.002	0.002	0.002
7348	HGSV_12293	143	18	0.001	0.001	0.001
7349	HGSV_12710	143	4	0.0	0.0	0.0
7350	HGSV_143871	143	6	0.002	0.002	0.002
7351	HGSV_144724	143	4	0.489	0.489	0.489
7352	HGSV_146319	143	0	0.0	0.0	0.0
7353	HGSV_146703	143	1	0.001	0.001	0.001
7354	HGSV_146814	143	6	0.001	0.001	0.001
7355	HGSV_146862	143	2	0.0	0.0	0.0
7356	HGSV_147618	143	11	0.0	0.0	0.0
7357	HGSV_149259	143	9	0.0	0.0	0.0
7358	HGSV_149677	143	0	0.0	0.0	0.0
7359	HGSV_149807	143	11	0.009	0.009	0.009
7360	HGSV_149908	143	8	0.002	0.002	0.002
7361	HGSV_151029	143	4	0.0	0.0	0.0
7362	HGSV_151684	143	9	0.0	0.0	0.0
7363	HGSV_152840	143	4	0.001	0.001	0.0
7364	HGSV_153378	143	3	0.0	0.0	0.0
7365	HGSV_15511	143	0	0.0	0.0	0.0
7366	HGSV_157444	143	3	0.0	0.0	0.0
7367	HGSV_157816	143	5	0.0	0.0	0.0
7368	HGSV_158565	143	3	0.0	0.0	0.0
7369	HGSV_158853	143	6	0.0	0.0	0.0
7370	HGSV_159114	143	78	0.047	0.047	0.047
7371	HGSV_16298	143	4	0.0	0.0	0.0
7372	HGSV_16490	143	5	0.0	0.0	0.0
7373	HGSV_18643	143	2	0.0	0.0	0.0
7374	HGSV_18889	143	4	0.0	0.0	0.0
7375	HGSV_19696	143	28	0.0	0.0	0.0
7376	HGSV_2441	143	0	0.0	0.0	0.0
7377	HGSV_2907	143	6	0.0	0.0	0.0
7378	HGSV_3082	143	1	0.001	0.001	0.001
7379	HGSV_333	143	4	0.001	0.001	0.001
7380	HGSV_3362	143	2	0.0	0.0	0.0
7381	HGSV_3418	143	19	0.011	0.011	0.0
7382	HGSV_3611	143	0	0.0	0.0	0.0
7383	HGSV_4214	143	111	0.083	0.083	0.0
7384	HGSV_4328	143	2	0.492	0.492	0.492
7385	HGSV_4936	143	24	0.028	0.028	0.028
7386	HGSV_5249	143	15	0.0	0.0	0.0
7387	HGSV_6623	143	4	0.0	0.0	0.0
7388	HGSV_7549	143	116	0.063	0.063	0.063
7389	HGSV_7963	143	2	0.001	0.001	0.001
7390	HGSV_8314	143	1	0.002	0.002	0.0
7391	HGSV_8446	143	104	0.072	0.072	0.072
7392	HGSV_8735	143	42	0.029	0.029	0.029
7393	HGSV_9119	143	28	0.0	0.0	0.0
7394	HGSV_10241	142	2	0.001	0.001	0.001
7395	HGSV_10532	142	4	0.0	0.0	0.0
7396	HGSV_10747	142	23	0.0	0.0	0.0
7397	HGSV_11005	142	9	0.0	0.0	0.0
7398	HGSV_11255	142	3	0.0	0.0	0.0
7399	HGSV_11736	142	1	0.0	0.0	0.0
7400	HGSV_1206	142	0	0.0	0.0	0.0
7401	HGSV_13550	142	60	0.038	0.038	0.038
7402	HGSV_13763	142	2	0.721	0.721	0.721
7403	HGSV_1412	142	59	0.009	0.0	0.0
7404	HGSV_143508	142	109	0.0	0.0	0.0
7405	HGSV_14380	142	19	0.003	0.003	0.003
7406	HGSV_144264	142	48	0.011	0.0	0.0
7407	HGSV_145586	142	3	0.001	0.001	0.001
7408	HGSV_146457	142	3	0.0	0.0	0.0
7409	HGSV_146834	142	9	0.001	0.001	0.001
7410	HGSV_146904	142	3	0.713	0.826	0.826
7411	HGSV_147175	142	21	0.013	0.013	0.013
7412	HGSV_147185	142	27	0.016	0.016	0.016
7413	HGSV_147188	142	2	0.0	0.0	0.0
7414	HGSV_148042	142	4	0.0	0.0	0.0
7415	HGSV_148245	142	3	0.0	0.0	0.0
7416	HGSV_148336	142	12	0.0	0.0	0.0
7417	HGSV_14841	142	8	0.0	0.0	0.0
7418	HGSV_148521	142	12	0.0	0.0	0.0
7419	HGSV_149379	142	5	0.001	0.001	0.001
7420	HGSV_150382	142	7	0.0	0.0	0.0
7421	HGSV_150885	142	25	0.0	0.0	0.0
7422	HGSV_151667	142	7	0.001	0.001	0.001
7423	HGSV_152203	142	2	0.0	0.0	0.0
7424	HGSV_152240	142	5	0.0	0.0	0.0
7425	HGSV_152816	142	2	0.0	0.0	0.0
7426	HGSV_153979	142	5	0.0	0.0	0.0
7427	HGSV_15401	142	4	0.0	0.0	0.0
7428	HGSV_154165	142	4	0.001	0.001	0.0
7429	HGSV_155922	142	3	0.7	0.7	0.7
7430	HGSV_156227	142	3	0.0	0.0	0.0
7431	HGSV_157253	142	13	0.004	0.004	0.004
7432	HGSV_157310	142	7	0.0	0.0	0.0
7433	HGSV_158439	142	0	0.001	0.001	0.001
7434	HGSV_158548	142	5	0.0	0.0	0.0
7435	HGSV_16337	142	0	0.0	0.0	0.0
7436	HGSV_16590	142	8	0.0	0.0	0.0
7437	HGSV_17247	142	2	0.0	0.0	0.0
7438	HGSV_19295	142	107	0.048	0.048	0.0
7439	HGSV_19320	142	68	0.0	0.0	0.0
7440	HGSV_19448	142	12	0.0	0.0	0.0
7441	HGSV_19541	142	11	0.0	0.0	0.0
7442	HGSV_2364	142	10	0.0	0.0	0.0
7443	HGSV_238	142	1	0.0	0.0	0.0
7444	HGSV_2569	142	4	0.0	0.0	0.0
7445	HGSV_3075	142	0	0.0	0.0	0.0
7446	HGSV_3851	142	2	0.0	0.0	0.0
7447	HGSV_3965	142	5	0.685	0.685	0.685
7448	HGSV_4753	142	31	0.026	0.026	0.026
7449	HGSV_5087	142	1	0.0	0.0	0.0
7450	HGSV_6042	142	4	0.0	0.0	0.0
7451	HGSV_6308	142	5	0.0	0.0	0.0
7452	HGSV_7155	142	1	0.002	0.002	0.002
7453	HGSV_7266	142	9	0.0	0.0	0.0
7454	HGSV_7435	142	1	0.0	0.0	0.0
7455	HGSV_7921	142	105	0.059	0.059	0.059
7456	HGSV_7932	142	9	0.0	0.0	0.0
7457	HGSV_8711	142	13	0.0	0.0	0.0
7458	HGSV_9362	142	3	1.0	1.0	1.0
7459	HGSV_9533	142	4	0.0	0.0	0.0
7460	HGSV_1082	141	10	0.002	0.002	0.0
7461	HGSV_10898	141	24	0.0	0.0	0.0
7462	HGSV_10950	141	6	0.0	0.0	0.0
7463	HGSV_11168	141	4	0.0	0.0	0.0
7464	HGSV_11188	141	10	0.0	0.0	0.0
7465	HGSV_11763	141	4	0.0	0.0	0.0
7466	HGSV_12041	141	3	0.0	0.0	0.0
7467	HGSV_12103	141	0	0.0	0.0	0.0
7468	HGSV_13870	141	5	0.001	0.001	0.001
7469	HGSV_143413	141	4	0.002	0.002	0.002
7470	HGSV_14346	141	1	0.0	0.0	0.0
7471	HGSV_143658	141	17	0.001	0.001	0.001
7472	HGSV_143820	141	3	0.0	0.0	0.0
7473	HGSV_14450	141	44	0.028	0.028	0.028
7474	HGSV_144835	141	3	0.0	0.0	0.0
7475	HGSV_144910	141	8	0.0	0.0	0.0
7476	HGSV_145316	141	4	0.0	0.0	0.0
7477	HGSV_145363	141	42	0.0	0.0	0.0
7478	HGSV_145732	141	23	0.016	0.016	0.016
7479	HGSV_145899	141	37	0.0	0.0	0.0
7480	HGSV_146564	141	8	0.0	0.0	0.0
7481	HGSV_146817	141	2	0.194	0.194	0.194
7482	HGSV_147328	141	8	0.921	0.921	0.921
7483	HGSV_147337	141	5	0.001	0.001	0.001
7484	HGSV_148572	141	2	0.0	0.0	0.0
7485	HGSV_149749	141	11	0.133	0.133	0.0
7486	HGSV_150747	141	3	0.0	0.0	0.0
7487	HGSV_151097	141	9	0.0	0.0	0.0
7488	HGSV_151478	141	18	0.992	0.992	0.0
7489	HGSV_152012	141	5	0.0	0.0	0.0
7490	HGSV_152404	141	2	0.0	0.0	0.0
7491	HGSV_152517	141	0	0.0	0.0	0.0
7492	HGSV_153057	141	4	0.001	0.001	0.0
7493	HGSV_153139	141	3	0.0	0.0	0.0
7494	HGSV_153164	141	4	0.0	0.0	0.0
7495	HGSV_153511	141	5	0.621	0.675	0.675
7496	HGSV_153533	141	6	0.274	0.274	0.611
7497	HGSV_153676	141	3	0.995	0.995	0.995
7498	HGSV_153996	141	3	0.0	0.0	0.0
7499	HGSV_155857	141	4	0.02	0.02	0.02
7500	HGSV_155990	141	13	0.0	0.0	0.0
7501	HGSV_156280	141	1	0.0	0.0	0.0
7502	HGSV_156517	141	3	0.0	0.0	0.0
7503	HGSV_156762	141	3	0.0	0.0	0.0
7504	HGSV_156765	141	6	0.005	0.005	0.0
7505	HGSV_157625	141	5	0.0	0.0	0.0
7506	HGSV_157705	141	11	0.0	0.0	0.0
7507	HGSV_158768	141	15	0.001	0.001	0.001
7508	HGSV_159081	141	8	0.0	0.0	0.0
7509	HGSV_15985	141	20	0.0	0.0	0.0
7510	HGSV_17158	141	3	0.0	0.0	0.0
7511	HGSV_17332	141	3	0.0	0.0	0.0
7512	HGSV_17593	141	5	0.0	0.0	0.0
7513	HGSV_19171	141	4	0.0	0.0	0.0
7514	HGSV_2691	141	4	0.0	0.0	0.0
7515	HGSV_2829	141	3	0.0	0.0	0.0
7516	HGSV_2935	141	2	0.001	0.001	0.001
7517	HGSV_3675	141	2	0.0	0.0	0.0
7518	HGSV_3983	141	0	0.0	0.0	0.0
7519	HGSV_4500	141	4	0.001	0.001	0.001
7520	HGSV_4844	141	7	0.001	0.001	0.001
7521	HGSV_4925	141	2	0.0	0.0	0.0
7522	HGSV_6096	141	3	0.0	0.0	0.0
7523	HGSV_6345	141	3	0.0	0.0	0.0
7524	HGSV_6375	141	9	0.0	0.0	0.0
7525	HGSV_6402	141	4	0.0	0.0	0.0
7526	HGSV_8809	141	4	0.0	0.0	0.0
7527	HGSV_9245	141	4	0.0	0.0	0.0
7528	HGSV_9542	141	2	0.0	0.0	0.0
7529	HGSV_960	141	8	0.0	0.0	0.0
7530	HGSV_9812	141	10	0.0	0.0	0.0
7531	HGSV_10244	140	5	0.002	0.002	0.002
7532	HGSV_10588	140	5	0.0	0.0	0.0
7533	HGSV_10664	140	7	0.0	0.0	0.0
7534	HGSV_10866	140	18	0.0	0.0	0.0
7535	HGSV_11469	140	2	0.0	0.0	0.0
7536	HGSV_11591	140	35	0.018	0.018	0.018
7537	HGSV_11818	140	2	0.0	0.0	0.0
7538	HGSV_12413	140	101	0.055	0.055	0.055
7539	HGSV_12624	140	1	0.599	0.599	0.0
7540	HGSV_1278	140	9	0.0	0.0	0.0
7541	HGSV_13530	140	8	0.0	0.0	0.0
7542	HGSV_14369	140	2	0.0	0.0	0.0
7543	HGSV_143765	140	13	0.0	0.0	0.0
7544	HGSV_144787	140	0	0.001	0.001	0.001
7545	HGSV_145626	140	3	0.0	0.0	0.0
7546	HGSV_145886	140	95	0.043	0.043	0.0
7547	HGSV_146345	140	0	0.0	0.0	0.0
7548	HGSV_146460	140	1	0.0	0.0	0.0
7549	HGSV_14649	140	41	0.0	0.0	0.0
7550	HGSV_146816	140	2	0.0	0.0	0.0
7551	HGSV_146905	140	15	0.001	0.001	0.001
7552	HGSV_14780	140	10	0.006	0.006	0.006
7553	HGSV_148103	140	14	0.004	0.004	0.004
7554	HGSV_14838	140	15	0.004	0.004	0.004
7555	HGSV_149358	140	5	0.0	0.0	0.0
7556	HGSV_149523	140	3	0.0	0.0	0.0
7557	HGSV_149588	140	3	0.0	0.0	0.0
7558	HGSV_149963	140	5	0.0	0.0	0.0
7559	HGSV_150498	140	13	0.0	0.0	0.0
7560	HGSV_150946	140	17	0.0	0.0	0.0
7561	HGSV_150975	140	26	0.018	0.018	0.018
7562	HGSV_152021	140	2	0.0	0.0	0.0
7563	HGSV_152692	140	0	0.0	0.0	0.0
7564	HGSV_152829	140	4	0.0	0.0	0.0
7565	HGSV_153106	140	1	0.001	0.001	0.001
7566	HGSV_153321	140	2	0.0	0.0	0.0
7567	HGSV_153698	140	1	0.0	0.0	0.0
7568	HGSV_153853	140	3	0.001	0.001	0.001
7569	HGSV_154567	140	1	0.0	0.0	0.0
7570	HGSV_154874	140	1	0.0	0.0	0.0
7571	HGSV_155361	140	26	0.0	0.0	0.0
7572	HGSV_155395	140	1	0.0	0.0	0.0
7573	HGSV_155597	140	3	0.0	0.0	0.0
7574	HGSV_155641	140	6	0.002	0.002	0.002
7575	HGSV_155679	140	4	0.003	0.003	0.003
7576	HGSV_157598	140	3	0.002	0.002	0.0
7577	HGSV_158222	140	2	0.001	0.001	0.001
7578	HGSV_158659	140	45	0.028	0.028	0.028
7579	HGSV_158760	140	16	0.0	0.0	0.0
7580	HGSV_158784	140	21	0.013	0.013	0.013
7581	HGSV_16464	140	4	0.0	0.0	0.0
7582	HGSV_16465	140	9	0.0	0.0	0.0
7583	HGSV_16898	140	9	0.004	0.004	0.004
7584	HGSV_17570	140	1	0.001	0.001	0.001
7585	HGSV_17772	140	4	0.001	0.001	0.001
7586	HGSV_18833	140	68	0.035	0.035	0.035
7587	HGSV_18929	140	3	1.0	1.0	1.0
7588	HGSV_1940	140	4	0.0	0.0	0.0
7589	HGSV_2939	140	5	0.001	0.001	0.001
7590	HGSV_2954	140	3	0.0	0.0	0.0
7591	HGSV_2969	140	3	0.0	0.0	0.0
7592	HGSV_3463	140	4	0.0	0.0	0.0
7593	HGSV_3519	140	5	0.001	0.001	0.001
7594	HGSV_4072	140	101	0.0	0.0	0.0
7595	HGSV_4265	140	3	0.0	0.0	0.0
7596	HGSV_4508	140	8	0.0	0.0	0.0
7597	HGSV_5319	140	10	0.001	0.001	0.001
7598	HGSV_586	140	2	0.0	0.0	0.0
7599	HGSV_5867	140	6	0.997	0.997	0.997
7600	HGSV_7043	140	41	0.033	0.033	0.033
7601	HGSV_10364	139	14	0.0	0.0	0.0
7602	HGSV_11347	139	5	0.0	0.0	0.0
7603	HGSV_11525	139	9	0.0	0.0	0.0
7604	HGSV_11526	139	8	0.0	0.0	0.0
7605	HGSV_11786	139	8	0.0	0.0	0.0
7606	HGSV_1180	139	5	0.0	0.0	0.0
7607	HGSV_12670	139	0	0.0	0.0	0.0
7608	HGSV_13279	139	0	0.0	0.0	0.0
7609	HGSV_13513	139	1	0.001	0.001	0.001
7610	HGSV_13957	139	1	0.0	0.0	0.0
7611	HGSV_144193	139	108	0.052	0.052	0.052
7612	HGSV_144803	139	4	0.0	0.0	0.0
7613	HGSV_145192	139	52	0.03	0.03	0.03
7614	HGSV_145454	139	10	0.003	0.003	0.003
7615	HGSV_145642	139	111	0.067	0.067	0.0
7616	HGSV_146039	139	9	0.001	0.001	0.001
7617	HGSV_146192	139	1	0.0	0.0	0.0
7618	HGSV_146629	139	5	0.001	0.0	0.0
7619	HGSV_146646	139	5	0.0	0.0	0.0
7620	HGSV_147170	139	6	0.004	0.004	0.004
7621	HGSV_148060	139	7	0.003	0.003	0.003
7622	HGSV_148324	139	11	0.002	0.002	0.002
7623	HGSV_148517	139	7	0.001	0.001	0.001
7624	HGSV_148567	139	13	0.006	0.006	0.006
7625	HGSV_148608	139	7	0.0	0.0	0.0
7626	HGSV_14871	139	13	0.0	0.0	0.0
7627	HGSV_149126	139	90	0.054	0.054	0.0
7628	HGSV_149173	139	2	0.0	0.0	0.0
7629	HGSV_149194	139	3	0.0	0.0	0.0
7630	HGSV_149370	139	10	0.0	0.0	0.0
7631	HGSV_150947	139	4	0.0	0.0	0.0
7632	HGSV_151333	139	1	0.562	0.562	0.562
7633	HGSV_151575	139	10	0.0	0.0	0.0
7634	HGSV_15377	139	9	0.0	0.0	0.0
7635	HGSV_154083	139	1	0.002	0.7	0.7
7636	HGSV_154205	139	4	0.0	0.0	0.0
7637	HGSV_154258	139	7	0.002	0.002	0.002
7638	HGSV_154563	139	2	0.0	0.0	0.0
7639	HGSV_1557	139	33	0.0	0.0	0.0
7640	HGSV_156158	139	2	0.0	0.0	0.0
7641	HGSV_156408	139	5	0.0	0.0	0.0
7642	HGSV_156677	139	2	0.0	0.0	0.0
7643	HGSV_156851	139	5	0.0	0.0	0.0
7644	HGSV_157439	139	7	0.002	0.002	0.002
7645	HGSV_157626	139	16	0.008	0.008	0.008
7646	HGSV_158228	139	53	0.03	0.03	0.03
7647	HGSV_158836	139	15	0.003	0.003	0.0
7648	HGSV_15979	139	5	0.0	0.0	0.0
7649	HGSV_16496	139	53	0.029	0.029	0.029
7650	HGSV_16708	139	104	0.066	0.066	0.066
7651	HGSV_16834	139	24	0.008	0.0	0.0
7652	HGSV_1695	139	0	1.0	1.0	1.0
7653	HGSV_17313	139	26	0.005	0.005	0.005
7654	HGSV_17480	139	62	0.048	0.048	0.048
7655	HGSV_17525	139	40	0.027	0.0	0.0
7656	HGSV_17626	139	14	0.003	0.003	0.003
7657	HGSV_1776	139	0	0.901	0.901	0.901
7658	HGSV_18982	139	0	0.0	0.0	0.0
7659	HGSV_19233	139	4	0.001	0.001	0.001
7660	HGSV_19302	139	108	0.0	0.0	0.0
7661	HGSV_2212	139	6	0.0	0.0	0.0
7662	HGSV_2378	139	2	0.0	0.0	0.0
7663	HGSV_292	139	25	0.0	0.0	0.0
7664	HGSV_3649	139	3	0.537	0.537	0.537
7665	HGSV_5076	139	5	0.0	0.0	0.0
7666	HGSV_5383	139	5	0.451	0.451	0.761
7667	HGSV_5932	139	12	0.005	0.005	0.005
7668	HGSV_7024	139	2	0.0	0.0	0.0
7669	HGSV_7200	139	6	0.0	0.0	0.0
7670	HGSV_8946	139	15	0.013	0.013	0.013
7671	HGSV_9181	139	2	0.0	0.0	0.0
7672	HGSV_9273	139	4	0.0	0.0	0.0
7673	HGSV_10603	138	13	0.0	0.0	0.0
7674	HGSV_10796	138	4	0.0	0.0	0.0
7675	HGSV_10820	138	1	0.0	0.0	0.0
7676	HGSV_10967	138	1	0.001	0.001	0.001
7677	HGSV_11313	138	16	0.005	0.005	0.005
7678	HGSV_11602	138	1	0.0	0.0	0.0
7679	HGSV_11905	138	6	0.0	0.0	0.0
7680	HGSV_12607	138	5	0.004	0.004	0.004
7681	HGSV_12930	138	1	0.0	0.0	0.0
7682	HGSV_12979	138	1	0.0	0.0	0.0
7683	HGSV_13638	138	6	0.806	0.806	0.806
7684	HGSV_13818	138	1	0.0	0.0	0.0
7685	HGSV_13866	138	3	0.0	0.0	0.0
7686	HGSV_143715	138	6	0.001	0.001	0.001
7687	HGSV_144114	138	2	0.0	0.0	0.0
7688	HGSV_144463	138	5	0.0	0.0	0.0
7689	HGSV_144674	138	2	0.0	0.0	0.0
7690	HGSV_144732	138	53	0.038	0.038	0.038
7691	HGSV_144764	138	2	0.0	0.0	0.0
7692	HGSV_144837	138	22	0.029	0.029	0.029
7693	HGSV_145549	138	3	0.0	0.0	0.0
7694	HGSV_1462	138	10	0.004	0.004	0.004
7695	HGSV_146534	138	105	0.065	0.0	0.0
7696	HGSV_146823	138	7	0.005	0.005	0.005
7697	HGSV_148705	138	50	0.03	0.03	0.03
7698	HGSV_148755	138	3	0.0	0.0	0.0
7699	HGSV_14878	138	3	0.0	0.0	0.0
7700	HGSV_15051	138	2	0.002	0.002	0.002
7701	HGSV_150843	138	5	0.0	0.0	0.0
7702	HGSV_150993	138	1	0.0	0.0	0.0
7703	HGSV_151081	138	5	0.0	0.0	0.0
7704	HGSV_151113	138	2	0.0	0.0	0.0
7705	HGSV_151269	138	27	0.024	0.024	0.0
7706	HGSV_151446	138	15	0.0	0.0	0.0
7707	HGSV_152388	138	0	0.0	0.0	0.0
7708	HGSV_152555	138	2	0.0	0.0	0.0
7709	HGSV_153890	138	3	0.001	0.001	0.001
7710	HGSV_154234	138	2	0.0	0.0	0.0
7711	HGSV_154621	138	3	0.0	0.0	0.0
7712	HGSV_156237	138	40	0.031	0.031	0.031
7713	HGSV_156581	138	13	0.0	0.0	0.0
7714	HGSV_15734	138	5	0.0	0.0	0.0
7715	HGSV_15829	138	6	0.0	0.0	0.0
7716	HGSV_158397	138	1	0.0	0.0	0.0
7717	HGSV_16338	138	1	0.0	0.0	0.0
7718	HGSV_16544	138	2	0.0	0.0	0.0
7719	HGSV_17014	138	25	0.015	0.015	0.015
7720	HGSV_17657	138	5	0.004	0.004	0.004
7721	HGSV_17893	138	6	0.001	0.001	0.001
7722	HGSV_18086	138	5	0.003	0.003	0.003
7723	HGSV_18320	138	0	1.0	1.0	1.0
7724	HGSV_18739	138	2	0.0	0.0	0.0
7725	HGSV_19102	138	1	0.0	0.0	0.0
7726	HGSV_2138	138	2	0.0	0.0	0.0
7727	HGSV_2367	138	2	0.0	0.0	0.0
7728	HGSV_271	138	3	0.0	0.0	0.0
7729	HGSV_2888	138	26	0.021	0.021	0.0
7730	HGSV_3302	138	4	0.0	0.0	0.0
7731	HGSV_3618	138	2	0.0	0.0	0.0
7732	HGSV_3623	138	0	0.0	0.0	0.0
7733	HGSV_4196	138	2	0.0	0.0	0.0
7734	HGSV_5181	138	6	0.001	0.001	0.001
7735	HGSV_5320	138	4	0.0	0.0	0.0
7736	HGSV_7346	138	9	0.0	0.0	0.0
7737	HGSV_7791	138	7	0.006	0.006	0.0
7738	HGSV_805	138	0	0.0	0.0	0.0
7739	HGSV_8443	138	32	0.025	0.0	0.0
7740	HGSV_8608	138	6	0.0	0.0	0.0
7741	HGSV_8826	138	2	0.0	0.0	0.0
7742	HGSV_9568	138	52	0.035	0.035	0.0
7743	HGSV_9725	138	2	0.001	0.001	0.001
7744	HGSV_11136	137	15	0.0	0.0	0.0
7745	HGSV_11202	137	11	0.0	0.0	0.0
7746	HGSV_11304	137	3	0.0	0.0	0.0
7747	HGSV_11598	137	2	0.0	0.0	0.0
7748	HGSV_11622	137	4	0.001	0.001	0.001
7749	HGSV_12906	137	4	0.0	0.0	0.0
7750	HGSV_13955	137	4	0.947	0.947	0.947
7751	HGSV_14349	137	25	0.014	0.014	0.014
7752	HGSV_144340	137	12	0.0	0.0	0.0
7753	HGSV_144886	137	9	0.003	0.003	0.003
7754	HGSV_144891	137	54	0.036	0.036	0.0
7755	HGSV_144912	137	1	0.0	0.0	0.0
7756	HGSV_145098	137	3	0.0	0.0	0.0
7757	HGSV_146320	137	5	0.0	0.0	0.0
7758	HGSV_146619	137	5	0.0	0.0	0.0
7759	HGSV_146731	137	4	0.002	0.002	0.002
7760	HGSV_147174	137	1	0.0	0.0	0.0
7761	HGSV_147341	137	0	0.0	0.0	0.0
7762	HGSV_147398	137	2	0.0	0.0	0.0
7763	HGSV_147496	137	5	0.002	0.002	0.002
7764	HGSV_148216	137	31	0.017	0.017	0.017
7765	HGSV_149029	137	3	0.0	0.0	0.0
7766	HGSV_14923	137	4	0.006	0.006	0.006
7767	HGSV_14931	137	10	0.002	0.002	0.002
7768	HGSV_14989	137	7	0.0	0.0	0.0
7769	HGSV_149955	137	1	0.0	0.0	0.0
7770	HGSV_151527	137	4	0.001	0.001	0.001
7771	HGSV_152247	137	1	0.0	0.0	0.0
7772	HGSV_152957	137	7	0.0	0.0	0.0
7773	HGSV_153126	137	4	0.002	0.002	0.002
7774	HGSV_153187	137	4	0.005	0.005	0.005
7775	HGSV_154018	137	4	0.0	0.0	0.0
7776	HGSV_154388	137	58	0.035	0.035	0.035
7777	HGSV_154521	137	1	0.0	0.0	0.0
7778	HGSV_15487	137	7	0.008	0.008	0.0
7779	HGSV_155029	137	42	0.049	0.049	0.0
7780	HGSV_155387	137	6	0.0	0.0	0.0
7781	HGSV_155656	137	17	0.0	0.0	0.0
7782	HGSV_156436	137	20	0.014	0.014	0.014
7783	HGSV_156701	137	29	0.016	0.016	0.016
7784	HGSV_15684	137	25	0.003	0.003	0.003
7785	HGSV_157102	137	8	0.004	0.0	0.0
7786	HGSV_157533	137	14	0.007	0.0	0.0
7787	HGSV_158730	137	0	0.001	0.001	0.001
7788	HGSV_158808	137	9	0.0	0.0	0.0
7789	HGSV_1643	137	6	0.0	0.0	0.0
7790	HGSV_16943	137	2	0.0	0.0	0.0
7791	HGSV_18404	137	1	0.897	0.897	0.897
7792	HGSV_18815	137	0	0.0	0.0	0.0
7793	HGSV_19632	137	2	0.0	0.0	0.0
7794	HGSV_2128	137	1	0.001	0.001	0.001
7795	HGSV_2892	137	4	0.002	0.002	0.0
7796	HGSV_3112	137	50	0.024	0.024	0.024
7797	HGSV_3406	137	2	0.229	0.229	0.229
7798	HGSV_372	137	8	0.001	0.001	0.001
7799	HGSV_4027	137	6	0.576	0.576	0.576
7800	HGSV_4264	137	4	0.0	0.0	0.0
7801	HGSV_4440	137	2	0.0	0.0	0.0
7802	HGSV_4675	137	8	0.0	0.0	0.0
7803	HGSV_5120	137	4	0.0	0.0	0.0
7804	HGSV_5384	137	2	0.0	0.0	0.0
7805	HGSV_5837	137	0	0.0	0.0	0.0
7806	HGSV_6723	137	1	0.001	0.001	0.001
7807	HGSV_7502	137	9	0.0	0.0	0.0
7808	HGSV_7577	137	48	0.041	0.041	0.041
7809	HGSV_8198	137	6	0.001	0.001	0.001
7810	HGSV_8269	137	14	0.008	0.008	0.008
7811	HGSV_847	137	3	0.0	0.0	0.0
7812	HGSV_9107	137	6	0.0	0.0	0.0
7813	HGSV_10185	136	25	0.0	0.0	0.0
7814	HGSV_10810	136	3	0.0	0.0	0.0
7815	HGSV_10933	136	101	0.06	0.06	0.06
7816	HGSV_11125	136	18	0.0	0.0	0.0
7817	HGSV_11509	136	112	0.077	0.077	0.077
7818	HGSV_11586	136	8	0.001	0.001	0.001
7819	HGSV_11884	136	110	0.057	0.057	0.057
7820	HGSV_11978	136	12	0.002	0.002	0.002
7821	HGSV_13613	136	1	0.0	0.0	0.0
7822	HGSV_14055	136	42	0.941	0.941	1.0
7823	HGSV_1413	136	3	0.001	0.001	0.001
7824	HGSV_143867	136	1	0.0	0.0	0.0
7825	HGSV_143881	136	86	0.054	0.054	0.054
7826	HGSV_143942	136	4	0.0	0.0	0.0
7827	HGSV_14423	136	31	0.028	0.028	0.028
7828	HGSV_144631	136	4	0.0	0.0	0.0
7829	HGSV_145015	136	3	0.0	0.0	0.0
7830	HGSV_145352	136	17	0.0	0.0	0.0
7831	HGSV_145393	136	3	0.0	0.0	0.0
7832	HGSV_146307	136	6	0.0	0.0	0.0
7833	HGSV_147116	136	2	0.0	0.0	0.0
7834	HGSV_147128	136	5	0.0	0.0	0.0
7835	HGSV_147693	136	2	0.0	0.0	0.0
7836	HGSV_148890	136	25	0.014	0.014	0.014
7837	HGSV_151121	136	3	0.0	0.0	0.0
7838	HGSV_152175	136	3	0.0	0.0	0.0
7839	HGSV_152396	136	7	0.0	0.0	0.0
7840	HGSV_153186	136	3	0.0	0.0	0.0
7841	HGSV_154385	136	1	0.0	0.0	0.0
7842	HGSV_154441	136	6	0.001	0.001	0.001
7843	HGSV_15475	136	0	0.0	0.0	0.0
7844	HGSV_155903	136	6	0.0	0.0	0.0
7845	HGSV_156628	136	11	0.0	0.0	0.0
7846	HGSV_156637	136	4	0.0	0.0	0.0
7847	HGSV_156790	136	9	0.0	0.0	0.0
7848	HGSV_157306	136	6	0.001	0.001	0.001
7849	HGSV_158257	136	4	0.0	0.0	0.0
7850	HGSV_158342	136	2	0.001	0.0	0.0
7851	HGSV_158885	136	6	0.0	0.0	0.0
7852	HGSV_16029	136	6	0.0	0.0	0.0
7853	HGSV_16066	136	3	0.0	0.0	0.0
7854	HGSV_16177	136	4	0.0	0.0	0.0
7855	HGSV_16339	136	112	0.056	0.056	0.0
7856	HGSV_16657	136	2	0.0	0.0	0.0
7857	HGSV_16878	136	1	0.0	0.0	0.0
7858	HGSV_17091	136	1	0.0	0.0	0.0
7859	HGSV_3098	136	3	0.0	0.0	0.0
7860	HGSV_3966	136	9	0.0	0.0	0.0
7861	HGSV_4304	136	3	0.0	0.0	0.0
7862	HGSV_5173	136	2	0.0	0.0	0.0
7863	HGSV_5292	136	44	0.032	0.032	0.0
7864	HGSV_5658	136	2	0.0	0.0	0.0
7865	HGSV_6483	136	20	0.008	0.008	0.008
7866	HGSV_6635	136	2	0.001	0.001	0.001
7867	HGSV_6866	136	40	0.019	0.019	0.019
7868	HGSV_7036	136	1	0.001	0.001	0.001
7869	HGSV_754	136	5	0.0	0.0	0.0
7870	HGSV_8320	136	12	0.0	0.0	0.0
7871	HGSV_8631	136	4	0.0	0.0	0.0
7872	HGSV_9046	136	48	0.034	0.034	0.034
7873	HGSV_9130	136	1	0.0	0.0	0.0
7874	HGSV_9426	136	5	0.001	0.001	0.001
7875	HGSV_9536	136	3	0.0	0.0	0.0
7876	HGSV_10663	135	8	0.0	0.0	0.0
7877	HGSV_11303	135	2	0.0	0.0	0.0
7878	HGSV_11710	135	4	0.006	0.006	0.0
7879	HGSV_11850	135	3	0.0	0.0	0.0
7880	HGSV_1189	135	2	0.0	0.0	0.0
7881	HGSV_1200	135	3	0.0	0.0	0.0
7882	HGSV_12005	135	2	0.0	0.0	0.0
7883	HGSV_12139	135	7	0.002	0.002	0.002
7884	HGSV_1219	135	3	0.001	0.001	0.0
7885	HGSV_13169	135	5	0.0	0.0	0.0
7886	HGSV_13427	135	41	0.014	0.014	0.014
7887	HGSV_13466	135	1	0.0	0.0	0.0
7888	HGSV_14249	135	3	0.001	0.001	0.0
7889	HGSV_144024	135	6	0.003	0.0	0.0
7890	HGSV_144570	135	12	0.009	0.009	0.009
7891	HGSV_144719	135	1	0.001	0.001	0.001
7892	HGSV_144833	135	0	0.0	0.0	0.0
7893	HGSV_145870	135	3	0.0	0.0	0.0
7894	HGSV_146809	135	0	0.0	0.0	0.0
7895	HGSV_147102	135	12	0.0	0.0	0.0
7896	HGSV_147131	135	0	0.0	0.0	0.0
7897	HGSV_147141	135	27	0.029	0.029	0.0
7898	HGSV_147652	135	31	0.0	0.0	0.0
7899	HGSV_147809	135	10	0.0	0.0	0.0
7900	HGSV_148132	135	102	0.055	0.055	0.055
7901	HGSV_149321	135	4	0.0	0.0	0.0
7902	HGSV_149438	135	4	0.0	0.0	0.0
7903	HGSV_149564	135	5	0.0	0.0	0.0
7904	HGSV_149649	135	1	0.0	0.0	0.0
7905	HGSV_150048	135	2	0.0	0.0	0.0
7906	HGSV_150566	135	1	0.002	0.002	0.002
7907	HGSV_152006	135	3	0.0	0.0	0.0
7908	HGSV_152028	135	2	0.0	0.0	0.0
7909	HGSV_152600	135	1	0.0	0.0	0.0
7910	HGSV_153298	135	1	0.0	0.0	0.0
7911	HGSV_154514	135	0	0.0	0.0	0.0
7912	HGSV_15483	135	3	0.001	0.001	0.001
7913	HGSV_156318	135	1	0.0	0.0	0.0
7914	HGSV_156390	135	20	0.021	0.021	0.0
7915	HGSV_156679	135	6	0.0	0.0	0.0
7916	HGSV_157037	135	9	0.005	0.005	0.005
7917	HGSV_157353	135	15	0.011	0.011	0.011
7918	HGSV_158130	135	0	0.0	0.0	0.0
7919	HGSV_158689	135	4	0.409	0.551	0.551
7920	HGSV_159048	135	9	0.0	0.0	0.0
7921	HGSV_16091	135	113	0.0	0.0	0.0
7922	HGSV_16371	135	5	0.002	0.002	0.0
7923	HGSV_18188	135	4	0.0	0.0	0.0
7924	HGSV_18206	135	1	0.0	0.0	0.0
7925	HGSV_1908	135	21	0.0	0.0	0.0
7926	HGSV_19176	135	11	0.001	0.001	0.001
7927	HGSV_19489	135	4	0.0	0.0	0.0
7928	HGSV_1955	135	3	0.0	0.0	0.0
7929	HGSV_2470	135	5	0.006	0.006	0.0
7930	HGSV_2490	135	3	0.0	0.0	0.0
7931	HGSV_2693	135	4	0.0	0.0	0.0
7932	HGSV_2946	135	3	0.0	0.0	0.0
7933	HGSV_3208	135	85	0.135	0.135	0.135
7934	HGSV_3367	135	8	0.001	0.001	0.001
7935	HGSV_3371	135	1	0.0	0.0	0.0
7936	HGSV_5380	135	5	0.0	0.0	0.0
7937	HGSV_5510	135	11	0.008	0.008	0.008
7938	HGSV_5707	135	4	0.0	0.0	0.0
7939	HGSV_6552	135	8	0.001	0.001	0.001
7940	HGSV_6611	135	9	0.0	0.0	0.0
7941	HGSV_7239	135	50	0.031	0.031	0.031
7942	HGSV_779	135	4	0.001	0.001	0.001
7943	HGSV_8187	135	1	1.0	1.0	1.0
7944	HGSV_8658	135	8	0.001	0.001	0.001
7945	HGSV_10353	134	4	0.0	0.0	0.0
7946	HGSV_10587	134	9	0.001	0.001	0.0
7947	HGSV_11166	134	3	0.0	0.0	0.0
7948	HGSV_11345	134	3	0.0	0.0	0.0
7949	HGSV_11466	134	5	0.0	0.0	0.0
7950	HGSV_11910	134	3	0.0	0.0	0.0
7951	HGSV_12581	134	2	0.0	0.0	0.0
7952	HGSV_13181	134	10	0.0	0.0	0.0
7953	HGSV_14052	134	3	0.001	0.001	0.001
7954	HGSV_1442	134	1	0.0	0.0	0.0
7955	HGSV_144465	134	1	0.0	0.0	0.0
7956	HGSV_144599	134	1	0.0	0.0	0.0
7957	HGSV_14576	134	8	0.0	0.0	0.0
7958	HGSV_145915	134	6	0.0	0.0	0.0
7959	HGSV_147685	134	8	0.0	0.0	0.0
7960	HGSV_147795	134	12	0.0	0.0	0.0
7961	HGSV_148574	134	2	0.001	0.001	0.001
7962	HGSV_1490	134	10	0.0	0.0	0.0
7963	HGSV_1493	134	7	0.0	0.0	0.0
7964	HGSV_149422	134	2	0.0	0.0	0.0
7965	HGSV_150055	134	8	0.004	0.004	0.004
7966	HGSV_150194	134	103	0.062	0.0	0.0
7967	HGSV_150373	134	10	0.131	0.131	0.0
7968	HGSV_151120	134	5	0.002	0.002	0.002
7969	HGSV_151799	134	3	0.001	0.001	0.001
7970	HGSV_152976	134	11	0.001	0.001	0.001
7971	HGSV_153386	134	2	0.414	0.414	0.414
7972	HGSV_155589	134	20	0.0	0.0	0.0
7973	HGSV_155992	134	15	0.743	0.743	0.743
7974	HGSV_156287	134	4	0.0	0.0	0.0
7975	HGSV_156468	134	3	0.0	0.0	0.0
7976	HGSV_157056	134	8	0.0	0.0	0.0
7977	HGSV_158317	134	4	0.0	0.0	0.0
7978	HGSV_158329	134	1	0.0	0.0	0.0
7979	HGSV_158507	134	10	0.008	0.008	0.008
7980	HGSV_158807	134	1	0.0	0.0	0.0
7981	HGSV_15890	134	14	0.0	0.0	0.0
7982	HGSV_17563	134	3	0.002	0.002	0.002
7983	HGSV_18067	134	102	0.077	0.077	0.0
7984	HGSV_18601	134	2	0.941	0.941	0.943
7985	HGSV_18935	134	0	0.0	0.0	0.0
7986	HGSV_1926	134	53	0.029	0.029	0.029
7987	HGSV_19335	134	60	0.028	0.028	0.028
7988	HGSV_19569	134	7	0.001	0.001	0.001
7989	HGSV_19667	134	17	0.0	0.0	0.0
7990	HGSV_2418	134	3	0.0	0.0	0.0
7991	HGSV_2456	134	1	0.001	0.0	0.0
7992	HGSV_4386	134	12	0.001	0.001	0.0
7993	HGSV_4428	134	2	0.0	0.0	0.0
7994	HGSV_4530	134	3	0.0	0.0	0.0
7995	HGSV_5211	134	17	0.014	0.014	0.014
7996	HGSV_5250	134	2	0.0	0.0	0.0
7997	HGSV_6073	134	2	0.0	0.0	0.0
7998	HGSV_6204	134	5	0.0	0.0	0.0
7999	HGSV_6254	134	3	0.0	0.0	0.0
8000	HGSV_7794	134	7	0.0	0.0	0.0
8001	HGSV_925	134	1	0.0	0.0	0.0
8002	HGSV_9333	134	1	0.0	0.0	0.0
8003	HGSV_10022	133	4	0.0	0.0	0.0
8004	HGSV_10602	133	14	0.0	0.0	0.0
8005	HGSV_10676	133	12	0.0	0.0	0.0
8006	HGSV_10992	133	21	0.0	0.0	0.0
8007	HGSV_12093	133	3	0.0	0.0	0.0
8008	HGSV_12712	133	102	0.046	0.046	0.046
8009	HGSV_13093	133	1	0.001	0.001	0.001
8010	HGSV_131	133	47	0.0	0.0	0.0
8011	HGSV_13208	133	8	0.0	0.0	0.0
8012	HGSV_13499	133	2	0.0	0.0	0.0
8013	HGSV_14154	133	11	0.019	0.0	0.0
8014	HGSV_14253	133	8	0.0	0.0	0.0
8015	HGSV_14297	133	7	0.0	0.0	0.0
8016	HGSV_143510	133	0	0.0	0.0	0.0
8017	HGSV_144084	133	5	0.001	0.001	0.001
8018	HGSV_144899	133	16	0.0	0.0	0.0
8019	HGSV_145640	133	8	0.001	0.001	0.001
8020	HGSV_145736	133	4	0.0	0.0	0.0
8021	HGSV_145931	133	38	0.024	0.024	0.024
8022	HGSV_145986	133	4	0.0	0.0	0.0
8023	HGSV_146458	133	7	0.0	0.0	0.0
8024	HGSV_148111	133	5	0.002	0.002	0.002
8025	HGSV_148673	133	8	0.0	0.0	0.0
8026	HGSV_149504	133	10	0.0	0.0	0.0
8027	HGSV_14959	133	7	0.0	0.0	0.0
8028	HGSV_149640	133	7	0.0	0.0	0.0
8029	HGSV_150182	133	0	0.0	0.0	0.0
8030	HGSV_150363	133	4	0.0	0.0	0.0
8031	HGSV_150420	133	0	0.0	0.0	0.0
8032	HGSV_15070	133	43	0.0	0.0	0.0
8033	HGSV_150844	133	9	0.0	0.0	0.0
8034	HGSV_15135	133	7	0.0	0.0	0.0
8035	HGSV_151617	133	3	0.0	0.0	0.0
8036	HGSV_152083	133	2	0.0	0.0	0.0
8037	HGSV_152832	133	1	0.0	0.0	0.0
8038	HGSV_154623	133	97	0.1	0.1	0.1
8039	HGSV_154887	133	11	0.008	0.008	0.008
8040	HGSV_155718	133	0	0.0	0.0	0.0
8041	HGSV_155773	133	1	0.257	0.0	0.0
8042	HGSV_156504	133	7	0.0	0.0	0.0
8043	HGSV_156715	133	14	0.001	0.001	0.001
8044	HGSV_157257	133	14	0.0	0.0	0.0
8045	HGSV_158298	133	2	0.0	0.0	0.0
8046	HGSV_159122	133	2	0.0	0.0	0.0
8047	HGSV_159127	133	11	0.001	0.001	0.0
8048	HGSV_16	133	11	0.0	0.0	0.0
8049	HGSV_16385	133	0	0.0	0.0	0.0
8050	HGSV_16540	133	3	0.0	0.0	0.0
8051	HGSV_16725	133	2	0.001	0.001	0.001
8052	HGSV_16757	133	1	0.0	0.0	0.0
8053	HGSV_16883	133	4	0.0	0.0	0.0
8054	HGSV_1733	133	3	0.0	0.0	0.0
8055	HGSV_17546	133	4	0.081	0.081	0.081
8056	HGSV_17711	133	2	0.0	0.0	0.0
8057	HGSV_17726	133	1	0.0	0.0	0.0
8058	HGSV_17955	133	0	0.0	0.0	0.0
8059	HGSV_18352	133	1	0.624	0.0	0.0
8060	HGSV_18353	133	1	0.034	0.034	0.0
8061	HGSV_18522	133	6	0.001	0.001	0.001
8062	HGSV_18634	133	9	0.001	0.001	0.0
8063	HGSV_1877	133	2	0.0	0.0	0.0
8064	HGSV_1890	133	105	0.076	0.076	0.076
8065	HGSV_19143	133	1	0.0	0.0	0.0
8066	HGSV_19192	133	4	0.0	0.0	0.0
8067	HGSV_19377	133	14	0.0	0.0	0.0
8068	HGSV_19564	133	4	0.0	0.0	0.0
8069	HGSV_2174	133	1	0.001	0.001	0.001
8070	HGSV_2512	133	1	0.565	0.565	0.565
8071	HGSV_3056	133	5	0.0	0.0	0.0
8072	HGSV_3995	133	100	0.061	0.061	0.061
8073	HGSV_4203	133	1	0.0	0.0	0.0
8074	HGSV_4739	133	5	0.0	0.0	0.0
8075	HGSV_5472	133	3	0.0	0.0	0.0
8076	HGSV_5514	133	9	0.001	0.0	0.0
8077	HGSV_5617	133	12	0.0	0.0	0.0
8078	HGSV_5727	133	4	0.0	0.0	0.0
8079	HGSV_6155	133	2	0.001	0.001	0.001
8080	HGSV_6399	133	3	0.79	0.79	0.79
8081	HGSV_6433	133	5	0.0	0.0	0.0
8082	HGSV_6584	133	4	0.0	0.0	0.0
8083	HGSV_7430	133	12	0.0	0.0	0.0
8084	HGSV_7563	133	5	0.0	0.0	0.0
8085	HGSV_8055	133	3	0.0	0.0	0.0
8086	HGSV_8818	133	99	0.082	0.082	0.082
8087	HGSV_11183	132	1	0.001	0.001	0.001
8088	HGSV_11968	132	3	0.0	0.0	0.0
8089	HGSV_14299	132	4	0.0	0.0	0.0
8090	HGSV_143399	132	15	0.0	0.0	0.0
8091	HGSV_144794	132	2	0.0	0.0	0.0
8092	HGSV_144973	132	9	0.0	0.0	0.0
8093	HGSV_147033	132	12	0.001	0.001	0.001
8094	HGSV_148648	132	6	0.0	0.0	0.0
8095	HGSV_149142	132	2	0.0	0.0	0.0
8096	HGSV_149244	132	3	0.0	0.0	0.0
8097	HGSV_15007	132	3	0.0	0.0	0.0
8098	HGSV_151173	132	11	0.002	0.002	0.002
8099	HGSV_151307	132	8	0.0	0.0	0.0
8100	HGSV_151561	132	5	0.001	0.001	0.001
8101	HGSV_151956	132	5	0.0	0.0	0.0
8102	HGSV_152212	132	2	0.0	0.0	0.0
8103	HGSV_152284	132	5	0.0	0.0	0.0
8104	HGSV_152373	132	6	0.407	0.407	0.0
8105	HGSV_153029	132	1	0.0	0.0	0.0
8106	HGSV_153786	132	1	0.001	0.001	0.001
8107	HGSV_155015	132	2	0.0	0.0	0.0
8108	HGSV_155408	132	14	0.0	0.0	0.0
8109	HGSV_155477	132	1	0.0	0.0	0.0
8110	HGSV_156156	132	9	0.0	0.0	0.0
8111	HGSV_156438	132	2	0.0	0.0	0.0
8112	HGSV_15938	132	4	0.0	0.0	0.0
8113	HGSV_16442	132	3	0.0	0.0	0.0
8114	HGSV_1682	132	4	0.426	0.426	0.426
8115	HGSV_17054	132	2	0.001	0.001	0.001
8116	HGSV_1816	132	14	0.721	0.721	0.721
8117	HGSV_19183	132	2	0.001	0.001	0.001
8118	HGSV_2647	132	6	0.001	0.001	0.001
8119	HGSV_2797	132	7	0.002	0.002	0.002
8120	HGSV_3070	132	3	0.0	0.0	0.0
8121	HGSV_3958	132	5	0.001	0.001	0.001
8122	HGSV_4405	132	4	0.0	0.0	0.0
8123	HGSV_4939	132	2	0.0	0.0	0.0
8124	HGSV_5373	132	3	0.0	0.0	0.0
8125	HGSV_641	132	17	0.001	0.001	0.001
8126	HGSV_6741	132	1	0.0	0.0	0.0
8127	HGSV_6896	132	3	0.0	0.0	0.0
8128	HGSV_7410	132	7	0.432	0.432	0.432
8129	HGSV_8223	132	1	0.0	0.0	0.0
8130	HGSV_841	132	0	0.0	0.0	0.0
8131	HGSV_8534	132	7	0.002	0.002	0.002
8132	HGSV_8761	132	50	0.032	0.032	0.032
8133	HGSV_8986	132	6	0.0	0.0	0.0
8134	HGSV_9126	132	16	0.0	0.0	0.0
8135	HGSV_9387	132	6	0.0	0.0	0.0
8136	HGSV_9504	132	3	0.0	0.0	0.0
8137	HGSV_9896	132	9	0.0	0.0	0.0
8138	HGSV_10261	131	5	0.0	0.0	0.0
8139	HGSV_10492	131	7	0.0	0.0	0.0
8140	HGSV_11434	131	8	0.005	0.005	0.005
8141	HGSV_11475	131	14	0.0	0.0	0.0
8142	HGSV_11904	131	4	0.0	0.0	0.0
8143	HGSV_11915	131	2	0.391	0.391	0.391
8144	HGSV_12203	131	0	0.0	0.0	0.0
8145	HGSV_12218	131	11	0.004	0.004	0.004
8146	HGSV_12568	131	67	0.0	0.0	0.0
8147	HGSV_1352	131	1	0.0	0.0	0.0
8148	HGSV_143795	131	25	0.008	0.008	0.0
8149	HGSV_144270	131	4	0.0	0.0	0.0
8150	HGSV_144470	131	5	0.0	0.0	0.0
8151	HGSV_1446	131	2	0.0	0.0	0.0
8152	HGSV_144818	131	6	0.001	0.001	0.001
8153	HGSV_145329	131	3	0.0	0.0	0.0
8154	HGSV_146647	131	8	0.0	0.0	0.0
8155	HGSV_147371	131	0	0.0	0.0	0.0
8156	HGSV_147471	131	29	0.014	0.014	0.014
8157	HGSV_147842	131	14	0.0	0.0	0.0
8158	HGSV_148760	131	1	0.0	0.0	0.0
8159	HGSV_14958	131	3	0.0	0.0	0.0
8160	HGSV_150047	131	61	0.058	0.058	0.058
8161	HGSV_15019	131	2	0.0	0.0	0.0
8162	HGSV_150338	131	8	0.001	0.001	0.001
8163	HGSV_151129	131	41	0.03	0.03	0.03
8164	HGSV_151287	131	6	0.0	0.0	0.0
8165	HGSV_151304	131	15	0.0	0.0	0.0
8166	HGSV_151450	131	6	0.009	0.009	0.009
8167	HGSV_151685	131	3	0.266	0.266	0.266
8168	HGSV_151969	131	3	0.0	0.0	0.0
8169	HGSV_152478	131	2	0.0	0.0	0.0
8170	HGSV_152732	131	93	0.07	0.07	0.0
8171	HGSV_152990	131	2	0.0	0.0	0.0
8172	HGSV_153194	131	17	0.0	0.0	0.0
8173	HGSV_154337	131	66	0.085	0.085	0.0
8174	HGSV_155874	131	102	0.082	0.082	0.0
8175	HGSV_155876	131	102	0.985	0.985	0.082
8176	HGSV_156080	131	7	0.0	0.0	0.0
8177	HGSV_156806	131	2	0.0	0.0	0.0
8178	HGSV_156900	131	3	0.0	0.0	0.0
8179	HGSV_157038	131	8	0.002	0.002	0.002
8180	HGSV_157105	131	11	0.0	0.0	0.0
8181	HGSV_157536	131	1	0.0	0.0	0.0
8182	HGSV_157674	131	2	0.0	0.0	0.0
8183	HGSV_158161	131	0	0.0	0.0	0.0
8184	HGSV_16876	131	18	0.0	0.0	0.0
8185	HGSV_16877	131	16	0.0	0.0	0.0
8186	HGSV_17156	131	10	1.0	0.0	0.0
8187	HGSV_17608	131	2	0.001	0.001	0.001
8188	HGSV_17619	131	10	0.003	0.0	0.0
8189	HGSV_18695	131	1	0.0	0.0	0.0
8190	HGSV_19177	131	4	0.0	0.0	0.0
8191	HGSV_1944	131	0	0.0	0.0	0.0
8192	HGSV_19473	131	3	0.0	0.0	0.0
8193	HGSV_1999	131	2	0.897	0.897	0.897
8194	HGSV_2886	131	2	0.0	0.0	0.0
8195	HGSV_3122	131	4	0.001	0.001	0.001
8196	HGSV_3213	131	2	0.0	0.0	0.0
8197	HGSV_3287	131	7	0.0	0.0	0.0
8198	HGSV_3453	131	2	0.0	0.0	0.0
8199	HGSV_4119	131	4	0.0	0.0	0.0
8200	HGSV_615	131	2	0.0	0.0	0.0
8201	HGSV_6400	131	4	0.001	0.001	0.001
8202	HGSV_6691	131	2	0.0	0.0	0.0
8203	HGSV_7620	131	7	0.0	0.0	0.0
8204	HGSV_9114	131	5	0.0	0.0	0.0
8205	HGSV_9174	131	26	0.017	0.017	0.017
8206	HGSV_10382	130	25	0.01	0.01	0.01
8207	HGSV_10627	130	4	0.001	0.001	0.001
8208	HGSV_1143	130	0	0.0	0.0	0.0
8209	HGSV_13244	130	22	0.0	0.0	0.0
8210	HGSV_13978	130	1	0.0	0.0	0.0
8211	HGSV_143449	130	1	0.0	0.0	0.0
8212	HGSV_14395	130	53	0.038	0.038	0.038
8213	HGSV_144129	130	4	0.714	0.714	0.714
8214	HGSV_144182	130	1	0.0	0.0	0.0
8215	HGSV_14434	130	86	0.0	0.0	0.0
8216	HGSV_144548	130	2	0.0	0.0	0.0
8217	HGSV_144695	130	4	0.0	0.0	0.0
8218	HGSV_144911	130	2	0.0	0.0	0.0
8219	HGSV_145947	130	1	0.737	0.737	0.737
8220	HGSV_146004	130	6	0.001	0.001	0.001
8221	HGSV_146061	130	6	0.006	0.006	0.006
8222	HGSV_146512	130	27	0.021	0.021	0.021
8223	HGSV_146618	130	7	0.0	0.0	0.0
8224	HGSV_146896	130	4	0.001	0.0	0.0
8225	HGSV_146982	130	4	0.001	0.001	0.001
8226	HGSV_147538	130	18	0.0	0.0	0.0
8227	HGSV_147724	130	4	0.0	0.0	0.0
8228	HGSV_148602	130	1	0.0	0.0	0.0
8229	HGSV_149164	130	2	0.0	0.0	0.0
8230	HGSV_149581	130	1	0.0	0.0	0.0
8231	HGSV_149880	130	0	0.0	0.0	0.0
8232	HGSV_150151	130	7	0.0	0.0	0.0
8233	HGSV_150583	130	5	0.0	0.0	0.0
8234	HGSV_152535	130	24	0.0	0.0	0.0
8235	HGSV_152596	130	95	0.063	0.063	0.063
8236	HGSV_152870	130	2	0.001	0.0	0.0
8237	HGSV_153748	130	6	0.002	0.002	0.002
8238	HGSV_153776	130	1	0.002	0.002	0.002
8239	HGSV_153945	130	9	0.002	0.002	0.002
8240	HGSV_156023	130	2	0.0	0.0	0.0
8241	HGSV_156368	130	0	0.0	0.0	0.0
8242	HGSV_156461	130	0	0.0	0.0	0.0
8243	HGSV_15852	130	3	0.0	0.0	0.0
8244	HGSV_158594	130	3	0.001	0.001	0.001
8245	HGSV_158840	130	3	0.0	0.0	0.0
8246	HGSV_17286	130	4	0.0	0.0	0.0
8247	HGSV_17784	130	14	0.0	0.0	0.0
8248	HGSV_17831	130	1	0.001	0.001	0.001
8249	HGSV_18316	130	2	0.001	0.001	0.001
8250	HGSV_18403	130	1	0.002	0.002	0.0
8251	HGSV_18811	130	1	0.0	0.0	0.0
8252	HGSV_19097	130	5	0.0	0.0	0.0
8253	HGSV_19453	130	2	0.0	0.0	0.0
8254	HGSV_19458	130	5	0.003	0.003	0.003
8255	HGSV_2091	130	3	0.0	0.0	0.0
8256	HGSV_2462	130	1	0.0	0.0	0.0
8257	HGSV_2572	130	37	0.003	0.003	0.003
8258	HGSV_2889	130	3	0.0	0.0	0.0
8259	HGSV_302	130	2	0.0	0.0	0.0
8260	HGSV_3461	130	1	0.0	0.0	0.0
8261	HGSV_3465	130	4	0.0	0.0	0.0
8262	HGSV_3476	130	4	0.001	0.001	0.001
8263	HGSV_3980	130	4	0.0	0.0	0.0
8264	HGSV_4043	130	5	0.417	0.417	0.417
8265	HGSV_4088	130	17	0.0	0.0	0.0
8266	HGSV_4871	130	2	0.0	0.0	0.0
8267	HGSV_4915	130	1	0.0	0.0	0.0
8268	HGSV_5553	130	1	0.0	0.0	0.0
8269	HGSV_6349	130	13	0.0	0.0	0.0
8270	HGSV_681	130	0	0.0	0.0	0.0
8271	HGSV_7764	130	4	0.001	0.001	0.001
8272	HGSV_8672	130	2	0.0	0.0	0.0
8273	HGSV_9219	130	2	0.0	0.0	0.0
8274	HGSV_9339	130	1	0.001	0.001	0.001
8275	HGSV_9705	130	0	0.0	0.0	0.0
8276	HGSV_9976	130	2	0.0	0.0	0.0
8277	HGSV_10140	129	2	0.001	0.001	0.001
8278	HGSV_10658	129	10	0.0	0.0	0.0
8279	HGSV_10966	129	4	0.0	0.0	0.0
8280	HGSV_11096	129	13	0.0	0.0	0.0
8281	HGSV_11230	129	3	0.0	0.0	0.0
8282	HGSV_11289	129	4	0.0	0.0	0.0
8283	HGSV_1137	129	91	0.053	0.053	0.053
8284	HGSV_11784	129	3	0.0	0.0	0.0
8285	HGSV_12357	129	6	0.001	0.001	0.001
8286	HGSV_12576	129	1	0.0	0.0	0.0
8287	HGSV_12613	129	3	0.0	0.0	0.0
8288	HGSV_1308	129	3	0.0	0.0	0.0
8289	HGSV_1406	129	3	0.001	0.001	0.001
8290	HGSV_143583	129	5	0.92	0.92	0.0
8291	HGSV_144323	129	1	0.0	0.0	0.0
8292	HGSV_145303	129	0	0.001	0.001	0.001
8293	HGSV_14557	129	6	0.0	0.0	0.0
8294	HGSV_146228	129	43	0.022	0.022	0.022
8295	HGSV_146456	129	3	0.0	0.0	0.0
8296	HGSV_147356	129	2	0.0	0.0	0.0
8297	HGSV_148422	129	20	0.016	0.016	0.016
8298	HGSV_1489	129	9	0.0	0.0	0.0
8299	HGSV_149041	129	18	0.012	0.012	0.0
8300	HGSV_149227	129	32	0.011	0.011	0.011
8301	HGSV_150230	129	3	0.0	0.0	0.0
8302	HGSV_150567	129	3	0.0	0.0	0.0
8303	HGSV_150677	129	6	0.0	0.0	0.0
8304	HGSV_151649	129	4	0.001	0.0	0.0
8305	HGSV_15187	129	4	0.0	0.0	0.0
8306	HGSV_15397	129	1	0.001	0.001	0.001
8307	HGSV_154193	129	3	0.0	0.0	0.0
8308	HGSV_155305	129	1	0.0	0.0	0.0
8309	HGSV_15578	129	0	0.0	0.0	0.0
8310	HGSV_156040	129	2	0.0	0.0	0.0
8311	HGSV_156084	129	10	0.001	0.001	0.0
8312	HGSV_156330	129	58	0.0	0.0	0.0
8313	HGSV_156617	129	1	0.0	0.0	0.0
8314	HGSV_156971	129	8	0.001	0.001	0.001
8315	HGSV_157173	129	1	0.0	0.0	0.0
8316	HGSV_157387	129	4	0.004	0.004	0.004
8317	HGSV_158915	129	13	0.008	0.008	0.0
8318	HGSV_17006	129	1	0.0	0.0	0.0
8319	HGSV_17219	129	2	0.001	0.001	0.001
8320	HGSV_18598	129	12	0.0	0.0	0.0
8321	HGSV_1912	129	9	0.001	0.001	0.001
8322	HGSV_1927	129	2	0.0	0.0	0.0
8323	HGSV_19392	129	4	0.0	0.0	0.0
8324	HGSV_19697	129	6	0.001	0.0	0.0
8325	HGSV_19717	129	23	0.0	0.0	0.0
8326	HGSV_2014	129	2	0.001	0.001	0.0
8327	HGSV_2177	129	3	0.0	0.0	0.0
8328	HGSV_3095	129	2	0.0	0.0	0.0
8329	HGSV_3630	129	1	0.0	0.0	0.0
8330	HGSV_3779	129	94	0.057	0.057	0.057
8331	HGSV_4382	129	2	0.257	0.257	0.257
8332	HGSV_4494	129	43	0.04	0.04	0.04
8333	HGSV_5119	129	4	0.0	0.0	0.0
8334	HGSV_5552	129	1	0.0	0.0	0.0
8335	HGSV_5792	129	5	0.0	0.0	0.0
8336	HGSV_6205	129	2	0.0	0.0	0.0
8337	HGSV_6807	129	1	0.001	0.001	0.001
8338	HGSV_6905	129	3	0.0	0.0	0.0
8339	HGSV_7210	129	52	0.023	0.023	0.0
8340	HGSV_7792	129	5	0.001	0.001	0.0
8341	HGSV_8176	129	1	0.0	0.0	0.0
8342	HGSV_8197	129	54	0.242	0.242	0.0
8343	HGSV_8523	129	99	0.049	0.049	0.049
8344	HGSV_9334	129	2	0.0	0.0	0.0
8345	HGSV_9363	129	1	0.0	0.0	0.0
8346	HGSV_9961	129	1	0.0	0.0	0.0
8347	HGSV_10058	128	4	0.0	0.0	0.0
8348	HGSV_10262	128	3	0.002	0.002	0.002
8349	HGSV_10644	128	11	0.0	0.0	0.0
8350	HGSV_11242	128	1	0.0	0.0	0.0
8351	HGSV_11293	128	2	0.001	0.001	0.001
8352	HGSV_11844	128	1	0.0	0.0	0.0
8353	HGSV_12266	128	2	0.0	0.0	0.0
8354	HGSV_12415	128	5	0.979	0.979	0.979
8355	HGSV_12547	128	0	0.0	0.0	0.0
8356	HGSV_13562	128	3	0.0	0.0	0.0
8357	HGSV_13707	128	1	0.0	0.0	0.0
8358	HGSV_13857	128	16	0.002	0.002	0.002
8359	HGSV_13897	128	1	0.0	0.0	0.0
8360	HGSV_143572	128	5	0.0	0.0	0.0
8361	HGSV_144120	128	25	0.0	0.0	0.0
8362	HGSV_146230	128	7	0.001	0.001	0.001
8363	HGSV_146779	128	2	0.0	0.0	0.0
8364	HGSV_147054	128	7	0.0	0.0	0.0
8365	HGSV_148432	128	11	0.0	0.0	0.0
8366	HGSV_149097	128	4	0.003	0.003	0.003
8367	HGSV_149156	128	33	0.024	0.024	0.024
8368	HGSV_14971	128	7	0.0	0.0	0.0
8369	HGSV_150401	128	4	0.002	0.002	0.002
8370	HGSV_150414	128	2	0.0	0.0	0.0
8371	HGSV_150799	128	2	0.001	0.001	0.001
8372	HGSV_150848	128	5	0.002	0.002	0.002
8373	HGSV_150909	128	16	0.0	0.0	0.0
8374	HGSV_151435	128	0	0.0	0.0	0.0
8375	HGSV_152263	128	3	0.0	0.0	0.0
8376	HGSV_152994	128	5	0.002	0.002	0.002
8377	HGSV_153383	128	12	0.001	0.001	0.001
8378	HGSV_153529	128	2	0.0	0.0	0.0
8379	HGSV_153714	128	3	0.0	0.0	0.0
8380	HGSV_153833	128	9	0.0	0.0	0.0
8381	HGSV_15408	128	2	0.0	0.0	0.0
8382	HGSV_15430	128	2	0.0	0.0	0.0
8383	HGSV_154735	128	90	0.054	0.054	0.0
8384	HGSV_155377	128	1	0.0	0.0	0.0
8385	HGSV_155743	128	2	0.001	0.001	0.001
8386	HGSV_155953	128	8	0.0	0.0	0.0
8387	HGSV_156399	128	2	0.0	0.0	0.0
8388	HGSV_156591	128	2	0.0	0.0	0.0
8389	HGSV_157086	128	5	0.001	0.001	0.001
8390	HGSV_157265	128	0	0.0	0.0	0.0
8391	HGSV_157570	128	3	0.0	0.0	0.0
8392	HGSV_158096	128	47	0.022	0.022	0.022
8393	HGSV_158672	128	3	0.001	0.001	0.001
8394	HGSV_158849	128	3	0.0	0.0	0.0
8395	HGSV_1706	128	96	0.064	0.064	0.064
8396	HGSV_17305	128	7	0.0	0.0	0.0
8397	HGSV_17727	128	3	0.0	0.0	0.0
8398	HGSV_17926	128	1	0.0	0.0	0.0
8399	HGSV_18174	128	18	0.0	0.0	0.0
8400	HGSV_18723	128	1	0.002	0.002	0.002
8401	HGSV_18740	128	1	0.0	0.0	0.0
8402	HGSV_18847	128	3	0.0	0.0	0.0
8403	HGSV_18887	128	0	0.0	0.0	0.0
8404	HGSV_19364	128	2	0.0	0.0	0.0
8405	HGSV_2069	128	5	0.0	0.0	0.0
8406	HGSV_2461	128	6	0.0	0.0	0.0
8407	HGSV_2850	128	50	0.038	0.038	0.038
8408	HGSV_2938	128	2	0.0	0.0	0.0
8409	HGSV_3267	128	25	0.015	0.015	0.0
8410	HGSV_3343	128	2	0.001	0.001	0.001
8411	HGSV_3441	128	9	0.0	0.0	0.0
8412	HGSV_4190	128	11	0.006	0.006	0.006
8413	HGSV_4608	128	2	0.0	0.0	0.0
8414	HGSV_565	128	6	0.001	0.001	0.001
8415	HGSV_6275	128	2	0.001	0.001	0.001
8416	HGSV_6948	128	15	0.008	0.008	0.008
8417	HGSV_6961	128	2	0.0	0.0	0.0
8418	HGSV_7162	128	14	0.0	0.0	0.0
8419	HGSV_7747	128	3	0.0	0.0	0.0
8420	HGSV_778	128	30	0.016	0.016	0.016
8421	HGSV_8060	128	0	0.001	0.001	0.001
8422	HGSV_862	128	0	0.0	0.0	0.0
8423	HGSV_8852	128	12	0.008	0.008	0.008
8424	HGSV_9763	128	50	0.045	0.045	0.045
8425	HGSV_984	128	4	0.0	0.0	0.0
8426	HGSV_9953	128	2	0.002	0.002	0.002
8427	HGSV_10008	127	3	0.001	0.001	0.001
8428	HGSV_1038	127	3	0.001	0.001	0.001
8429	HGSV_12610	127	56	0.021	0.021	0.021
8430	HGSV_12939	127	2	0.0	0.0	0.0
8431	HGSV_12958	127	2	0.002	0.002	0.002
8432	HGSV_13992	127	9	0.006	0.006	0.006
8433	HGSV_143985	127	0	0.0	0.0	0.0
8434	HGSV_14406	127	0	0.0	0.0	0.0
8435	HGSV_144146	127	6	0.002	0.002	0.002
8436	HGSV_144149	127	1	0.59	0.59	0.618
8437	HGSV_14441	127	4	0.0	0.0	0.0
8438	HGSV_144676	127	2	0.0	0.0	0.0
8439	HGSV_145563	127	26	0.821	0.0	0.0
8440	HGSV_145602	127	2	0.0	0.0	0.0
8441	HGSV_14570	127	10	0.0	0.0	0.0
8442	HGSV_145843	127	4	0.001	0.001	0.001
8443	HGSV_145957	127	3	0.0	0.0	0.0
8444	HGSV_146742	127	1	0.0	0.0	0.0
8445	HGSV_146959	127	18	0.015	0.015	0.015
8446	HGSV_14700	127	6	0.006	0.006	0.006
8447	HGSV_14860	127	9	0.001	0.001	0.001
8448	HGSV_149764	127	0	0.0	0.0	0.0
8449	HGSV_150321	127	22	0.016	0.016	0.016
8450	HGSV_150517	127	0	0.0	0.0	0.0
8451	HGSV_150520	127	3	0.0	0.0	0.0
8452	HGSV_15069	127	43	0.077	0.0	0.0
8453	HGSV_150723	127	6	0.0	0.0	0.0
8454	HGSV_150826	127	2	0.0	0.0	0.0
8455	HGSV_151006	127	6	0.001	0.001	0.001
8456	HGSV_151425	127	49	0.026	0.026	0.0
8457	HGSV_151935	127	13	0.002	0.002	0.002
8458	HGSV_15247	127	21	0.008	0.008	0.008
8459	HGSV_153131	127	2	0.003	0.003	0.003
8460	HGSV_15336	127	2	0.0	0.0	0.0
8461	HGSV_153440	127	17	0.014	0.014	0.014
8462	HGSV_154069	127	0	0.0	0.0	0.0
8463	HGSV_154137	127	3	0.0	0.0	0.0
8464	HGSV_154345	127	3	0.001	0.001	0.001
8465	HGSV_154461	127	4	0.0	0.0	0.0
8466	HGSV_155448	127	25	0.0	0.0	0.0
8467	HGSV_155999	127	47	0.025	0.025	0.0
8468	HGSV_156941	127	5	0.0	0.0	0.0
8469	HGSV_158608	127	0	0.0	0.0	0.0
8470	HGSV_158923	127	13	0.0	0.0	0.0
8471	HGSV_16235	127	2	0.0	0.0	0.0
8472	HGSV_16381	127	3	0.0	0.0	0.0
8473	HGSV_16551	127	100	0.064	0.064	0.064
8474	HGSV_16936	127	3	0.506	0.506	0.506
8475	HGSV_1716	127	0	0.67	0.67	0.67
8476	HGSV_17702	127	2	0.001	0.001	0.001
8477	HGSV_1792	127	2	0.002	0.002	0.002
8478	HGSV_1802	127	81	0.054	0.054	0.054
8479	HGSV_18314	127	1	0.0	0.0	0.0
8480	HGSV_18690	127	0	0.0	0.0	0.0
8481	HGSV_18848	127	0	0.0	0.0	0.0
8482	HGSV_1887	127	8	0.0	0.0	0.0
8483	HGSV_2176	127	1	0.0	0.0	0.0
8484	HGSV_2322	127	7	0.0	0.0	0.0
8485	HGSV_3161	127	2	0.0	0.0	0.0
8486	HGSV_3335	127	1	0.0	0.0	0.0
8487	HGSV_3977	127	4	0.0	0.0	0.0
8488	HGSV_4121	127	3	0.001	0.001	0.001
8489	HGSV_4204	127	0	0.0	0.0	0.0
8490	HGSV_4471	127	1	0.0	0.0	0.0
8491	HGSV_5466	127	0	0.0	0.0	0.0
8492	HGSV_577	127	7	0.004	0.004	0.004
8493	HGSV_5863	127	50	0.026	0.026	0.026
8494	HGSV_6550	127	2	0.0	0.0	0.0
8495	HGSV_7609	127	2	0.0	0.0	0.0
8496	HGSV_7902	127	1	0.0	0.0	0.0
8497	HGSV_7986	127	5	0.003	0.003	0.003
8498	HGSV_7994	127	2	0.001	0.001	0.001
8499	HGSV_8241	127	1	0.001	0.001	0.0
8500	HGSV_8358	127	23	0.02	0.02	0.02
8501	HGSV_9628	127	4	0.0	0.0	0.0
8502	HGSV_10534	126	46	0.024	0.024	0.024
8503	HGSV_12038	126	5	0.003	0.003	0.003
8504	HGSV_12319	126	2	0.0	0.0	0.0
8505	HGSV_12431	126	1	0.0	0.0	0.0
8506	HGSV_1273	126	2	0.0	0.0	0.0
8507	HGSV_12904	126	13	0.003	0.003	0.003
8508	HGSV_13678	126	0	0.0	0.0	0.0
8509	HGSV_13787	126	5	0.0	0.0	0.0
8510	HGSV_14204	126	11	0.0	0.0	0.0
8511	HGSV_143550	126	2	0.445	0.445	0.0
8512	HGSV_143928	126	1	0.0	0.0	0.0
8513	HGSV_144475	126	41	0.02	0.02	0.02
8514	HGSV_144932	126	0	0.0	0.0	0.0
8515	HGSV_145234	126	3	0.001	0.001	0.001
8516	HGSV_145290	126	4	0.0	0.0	0.0
8517	HGSV_14672	126	3	0.0	0.0	0.0
8518	HGSV_147029	126	4	0.002	0.002	0.002
8519	HGSV_147408	126	4	0.0	0.0	0.0
8520	HGSV_147831	126	13	0.0	0.0	0.0
8521	HGSV_148596	126	26	0.018	0.018	0.018
8522	HGSV_149144	126	1	0.0	0.0	0.0
8523	HGSV_149271	126	42	0.04	0.04	0.04
8524	HGSV_150689	126	14	0.0	0.0	0.0
8525	HGSV_151757	126	92	0.055	0.055	0.055
8526	HGSV_152015	126	0	0.0	0.0	0.0
8527	HGSV_152281	126	1	0.0	0.0	0.0
8528	HGSV_152980	126	0	0.0	0.0	0.0
8529	HGSV_15348	126	4	0.0	0.0	0.0
8530	HGSV_15471	126	0	0.0	0.0	0.0
8531	HGSV_155392	126	2	0.001	0.001	0.0
8532	HGSV_155707	126	7	0.008	0.008	0.008
8533	HGSV_155923	126	24	0.015	0.015	0.015
8534	HGSV_156205	126	2	0.0	0.0	0.0
8535	HGSV_156595	126	7	0.001	0.001	0.001
8536	HGSV_156668	126	2	0.0	0.0	0.0
8537	HGSV_157218	126	1	0.0	0.0	0.0
8538	HGSV_157555	126	31	0.018	0.018	0.0
8539	HGSV_157698	126	2	0.0	0.0	0.0
8540	HGSV_157903	126	7	0.0	0.0	0.0
8541	HGSV_158081	126	48	0.017	0.017	0.017
8542	HGSV_16499	126	10	0.0	0.0	0.0
8543	HGSV_16619	126	2	0.0	0.0	0.0
8544	HGSV_16986	126	42	0.025	0.025	0.025
8545	HGSV_17320	126	1	0.0	0.0	0.0
8546	HGSV_17566	126	1	0.0	0.0	0.0
8547	HGSV_18771	126	4	0.0	0.0	0.0
8548	HGSV_18849	126	9	0.001	0.001	0.001
8549	HGSV_18881	126	8	0.006	0.006	0.006
8550	HGSV_19182	126	1	0.0	0.0	0.0
8551	HGSV_19301	126	18	0.0	0.0	0.0
8552	HGSV_2149	126	1	0.0	0.0	0.0
8553	HGSV_225	126	4	0.0	0.0	0.0
8554	HGSV_3256	126	4	1.0	1.0	1.0
8555	HGSV_3707	126	7	0.003	0.003	0.003
8556	HGSV_3826	126	3	0.002	0.002	0.002
8557	HGSV_4558	126	5	0.004	0.004	0.004
8558	HGSV_4854	126	96	0.072	0.072	0.0
8559	HGSV_5163	126	6	0.001	0.001	0.001
8560	HGSV_562	126	3	0.0	0.0	0.0
8561	HGSV_6956	126	2	0.0	0.0	0.0
8562	HGSV_7601	126	9	0.0	0.0	0.0
8563	HGSV_812	126	2	0.0	0.0	0.0
8564	HGSV_8705	126	2	0.002	0.002	0.002
8565	HGSV_8731	126	4	0.0	0.0	0.0
8566	HGSV_8857	126	2	0.001	0.001	0.001
8567	HGSV_9747	126	3	0.003	0.003	0.0
8568	HGSV_1028	125	1	0.0	0.0	0.0
8569	HGSV_10662	125	5	0.0	0.0	0.0
8570	HGSV_11856	125	1	0.0	0.0	0.0
8571	HGSV_12409	125	4	0.002	0.002	0.002
8572	HGSV_12769	125	10	0.002	0.002	0.002
8573	HGSV_13276	125	20	0.017	0.017	0.017
8574	HGSV_1373	125	4	0.109	0.0	0.0
8575	HGSV_14264	125	3	0.002	0.002	0.002
8576	HGSV_145307	125	2	0.0	0.0	0.0
8577	HGSV_146308	125	1	0.0	0.0	0.0
8578	HGSV_146656	125	3	0.002	0.002	0.002
8579	HGSV_147388	125	2	0.001	0.001	0.0
8580	HGSV_147677	125	3	0.0	0.0	0.0
8581	HGSV_147807	125	4	0.0	0.0	0.0
8582	HGSV_147843	125	13	0.0	0.0	0.0
8583	HGSV_148522	125	23	0.0	0.0	0.0
8584	HGSV_150311	125	2	0.0	0.0	0.0
8585	HGSV_152136	125	1	0.0	0.0	0.0
8586	HGSV_152241	125	2	0.0	0.0	0.0
8587	HGSV_15358	125	2	0.0	0.0	0.0
8588	HGSV_153733	125	0	0.001	0.001	0.001
8589	HGSV_15392	125	8	0.024	0.0	0.0
8590	HGSV_154270	125	4	0.003	0.003	0.003
8591	HGSV_154309	125	6	0.003	0.003	0.003
8592	HGSV_154748	125	64	0.0	0.0	0.0
8593	HGSV_155110	125	2	0.001	0.001	0.001
8594	HGSV_155164	125	4	0.0	0.0	0.0
8595	HGSV_15528	125	6	0.0	0.0	0.0
8596	HGSV_15553	125	1	0.0	0.0	0.0
8597	HGSV_155722	125	3	0.0	0.0	0.0
8598	HGSV_156184	125	5	0.003	0.003	0.003
8599	HGSV_156405	125	3	0.0	0.0	0.0
8600	HGSV_157234	125	35	0.016	0.016	0.016
8601	HGSV_157663	125	31	0.017	0.017	0.017
8602	HGSV_158142	125	3	0.0	0.0	0.0
8603	HGSV_159002	125	7	0.001	0.001	0.001
8604	HGSV_16372	125	0	0.031	0.031	0.031
8605	HGSV_16681	125	13	0.0	0.0	0.0
8606	HGSV_17310	125	4	0.0	0.0	0.0
8607	HGSV_173	125	0	0.0	0.0	0.0
8608	HGSV_18069	125	6	0.0	0.0	0.0
8609	HGSV_19579	125	7	0.001	0.001	0.001
8610	HGSV_2231	125	6	0.0	0.0	0.0
8611	HGSV_2851	125	1	0.001	0.001	0.0
8612	HGSV_3997	125	2	0.0	0.0	0.0
8613	HGSV_4338	125	2	0.0	0.0	0.0
8614	HGSV_4553	125	9	0.0	0.0	0.0
8615	HGSV_560	125	2	0.0	0.0	0.0
8616	HGSV_6269	125	6	0.006	0.006	0.006
8617	HGSV_6395	125	11	0.007	0.007	0.007
8618	HGSV_6553	125	2	0.0	0.0	0.0
8619	HGSV_7254	125	2	0.0	0.0	0.0
8620	HGSV_7287	125	58	0.0	0.0	0.0
8621	HGSV_785	125	0	0.0	0.0	0.0
8622	HGSV_7906	125	3	0.0	0.0	0.0
8623	HGSV_8870	125	93	0.0	0.0	0.0
8624	HGSV_9013	125	4	0.0	0.0	0.0
8625	HGSV_9385	125	1	0.0	0.0	0.0
8626	HGSV_9401	125	2	0.0	0.0	0.0
8627	HGSV_10061	124	9	0.003	0.003	0.003
8628	HGSV_10598	124	4	0.0	0.0	0.0
8629	HGSV_10728	124	10	0.0	0.0	0.0
8630	HGSV_10845	124	7	0.0	0.0	0.0
8631	HGSV_11643	124	41	0.022	0.022	0.022
8632	HGSV_11739	124	4	0.0	0.0	0.0
8633	HGSV_11807	124	1	0.001	0.001	0.001
8634	HGSV_12556	124	1	0.0	0.0	0.0
8635	HGSV_13082	124	3	0.0	0.0	0.0
8636	HGSV_13931	124	10	0.002	0.002	0.0
8637	HGSV_14315	124	11	0.0	0.0	0.0
8638	HGSV_144777	124	8	0.0	0.0	0.0
8639	HGSV_14482	124	22	0.0	0.0	0.0
8640	HGSV_145382	124	9	0.0	0.0	0.0
8641	HGSV_145864	124	6	0.0	0.0	0.0
8642	HGSV_146176	124	4	0.0	0.0	0.0
8643	HGSV_147654	124	10	0.0	0.0	0.0
8644	HGSV_147819	124	2	0.0	0.0	0.0
8645	HGSV_14865	124	15	0.002	0.002	0.002
8646	HGSV_148820	124	7	0.002	0.002	0.002
8647	HGSV_149759	124	2	0.0	0.0	0.0
8648	HGSV_149907	124	0	0.002	0.002	0.0
8649	HGSV_150702	124	3	0.0	0.0	0.0
8650	HGSV_15071	124	14	0.141	0.351	0.0
8651	HGSV_151341	124	23	0.004	0.004	0.004
8652	HGSV_151767	124	15	0.01	0.01	0.01
8653	HGSV_152106	124	2	0.0	0.0	0.0
8654	HGSV_152286	124	87	0.049	0.049	0.0
8655	HGSV_152529	124	2	0.001	0.001	0.001
8656	HGSV_152609	124	2	0.0	0.0	0.0
8657	HGSV_152718	124	95	0.048	0.048	0.048
8658	HGSV_15324	124	5	0.005	0.005	0.005
8659	HGSV_15334	124	7	0.005	0.005	0.005
8660	HGSV_154113	124	2	0.0	0.0	0.0
8661	HGSV_15429	124	1	0.002	0.002	0.002
8662	HGSV_155009	124	1	0.0	0.0	0.0
8663	HGSV_155210	124	3	0.0	0.0	0.0
8664	HGSV_155442	124	88	0.0	0.0	0.0
8665	HGSV_155701	124	11	0.005	0.005	0.005
8666	HGSV_156049	124	7	0.0	0.0	0.0
8667	HGSV_15660	124	18	0.013	0.013	0.013
8668	HGSV_156944	124	2	0.0	0.0	0.0
8669	HGSV_157433	124	10	0.0	0.0	0.0
8670	HGSV_157704	124	7	0.0	0.0	0.0
8671	HGSV_158000	124	8	0.0	0.0	0.0
8672	HGSV_158863	124	4	0.001	0.001	0.001
8673	HGSV_158958	124	1	0.0	0.0	0.0
8674	HGSV_16153	124	5	0.007	0.007	0.007
8675	HGSV_16269	124	4	0.0	0.0	0.0
8676	HGSV_17080	124	2	0.003	0.003	0.003
8677	HGSV_17378	124	0	0.002	0.002	0.002
8678	HGSV_18854	124	2	0.002	0.002	0.002
8679	HGSV_19256	124	8	0.0	0.0	0.0
8680	HGSV_2111	124	0	0.0	0.0	0.0
8681	HGSV_2334	124	0	0.0	0.0	0.0
8682	HGSV_3799	124	8	0.003	0.003	0.003
8683	HGSV_3978	124	1	0.0	0.0	0.0
8684	HGSV_4147	124	0	0.343	0.343	0.343
8685	HGSV_4244	124	1	0.0	0.0	0.0
8686	HGSV_4846	124	4	0.0	0.0	0.0
8687	HGSV_4893	124	3	0.002	0.002	0.002
8688	HGSV_5602	124	29	0.0	0.0	0.0
8689	HGSV_5671	124	4	0.0	0.0	0.0
8690	HGSV_634	124	2	0.0	0.0	0.0
8691	HGSV_6668	124	1	0.0	0.0	0.0
8692	HGSV_6973	124	38	0.028	0.028	0.028
8693	HGSV_7939	124	3	0.0	0.0	0.0
8694	HGSV_8092	124	0	0.0	0.0	0.0
8695	HGSV_8263	124	1	0.0	0.0	0.0
8696	HGSV_8661	124	13	0.01	0.01	0.01
8697	HGSV_9180	124	9	0.0	0.0	0.0
8698	HGSV_9275	124	2	0.0	0.0	0.0
8699	HGSV_9708	124	5	0.001	0.001	0.001
8700	HGSV_9709	124	3	0.0	0.0	0.0
8701	HGSV_10060	123	4	0.0	0.0	0.0
8702	HGSV_10102	123	1	0.0	0.0	0.0
8703	HGSV_10252	123	0	0.0	0.0	0.0
8704	HGSV_11534	123	1	0.0	0.0	0.0
8705	HGSV_11872	123	2	0.001	0.001	0.001
8706	HGSV_12603	123	89	0.04	0.04	0.04
8707	HGSV_12909	123	1	0.0	0.0	0.0
8708	HGSV_1347	123	0	0.0	0.0	0.0
8709	HGSV_1350	123	0	0.0	0.0	0.0
8710	HGSV_13610	123	2	0.0	0.0	0.0
8711	HGSV_143972	123	1	0.0	0.0	0.0
8712	HGSV_14463	123	14	0.001	0.001	0.001
8713	HGSV_144723	123	2	0.0	0.0	0.0
8714	HGSV_144768	123	0	0.0	0.0	0.0
8715	HGSV_145865	123	13	0.0	0.0	0.0
8716	HGSV_146274	123	3	0.0	0.0	0.0
8717	HGSV_146472	123	1	0.002	0.002	0.002
8718	HGSV_146701	123	0	0.001	0.001	0.001
8719	HGSV_146831	123	1	0.0	0.0	0.0
8720	HGSV_147035	123	3	0.3	0.3	0.883
8721	HGSV_147495	123	2	0.0	0.0	0.0
8722	HGSV_147918	123	0	0.0	0.0	0.0
8723	HGSV_148357	123	9	0.01	0.01	0.01
8724	HGSV_148597	123	26	0.0	0.0	0.0
8725	HGSV_148821	123	7	0.002	0.002	0.0
8726	HGSV_149220	123	11	0.003	0.003	0.003
8727	HGSV_149412	123	3	0.0	0.0	0.0
8728	HGSV_149525	123	14	0.0	0.0	0.0
8729	HGSV_149526	123	1	0.0	0.0	0.0
8730	HGSV_15056	123	4	0.0	0.0	0.0
8731	HGSV_151031	123	2	0.0	0.0	0.0
8732	HGSV_151247	123	1	0.0	0.0	0.0
8733	HGSV_152320	123	3	0.004	0.004	0.004
8734	HGSV_153178	123	3	0.0	0.0	0.0
8735	HGSV_153555	123	2	0.0	0.0	0.0
8736	HGSV_153571	123	60	0.042	0.042	0.042
8737	HGSV_153928	123	5	0.0	0.0	0.0
8738	HGSV_154298	123	4	0.003	0.003	0.003
8739	HGSV_155252	123	1	0.0	0.0	0.0
8740	HGSV_155735	123	2	0.0	0.0	0.0
8741	HGSV_156624	123	1	0.001	0.001	0.001
8742	HGSV_156786	123	2	0.0	0.0	0.0
8743	HGSV_157232	123	4	0.001	0.001	0.001
8744	HGSV_157859	123	3	0.0	0.0	0.0
8745	HGSV_158038	123	0	0.0	0.0	0.0
8746	HGSV_158248	123	11	0.0	0.0	0.0
8747	HGSV_15981	123	4	0.0	0.0	0.0
8748	HGSV_1645	123	5	0.0	0.0	0.0
8749	HGSV_16758	123	3	0.0	0.0	0.0
8750	HGSV_16805	123	3	0.001	0.001	0.001
8751	HGSV_17522	123	2	0.0	0.0	0.0
8752	HGSV_1780	123	1	0.001	0.001	0.001
8753	HGSV_17907	123	0	0.0	0.0	0.0
8754	HGSV_17932	123	1	0.0	0.0	0.0
8755	HGSV_17956	123	2	0.001	0.001	0.001
8756	HGSV_191	123	4	0.0	0.0	0.0
8757	HGSV_1922	123	25	0.0	0.0	0.0
8758	HGSV_19399	123	58	0.029	0.0	0.0
8759	HGSV_2675	123	2	0.001	0.001	0.001
8760	HGSV_2848	123	0	0.0	0.0	0.0
8761	HGSV_3742	123	2	0.0	0.0	0.0
8762	HGSV_3768	123	2	0.003	0.003	0.003
8763	HGSV_3809	123	1	0.002	0.002	0.002
8764	HGSV_4095	123	12	0.0	0.0	0.0
8765	HGSV_4422	123	2	0.0	0.0	0.0
8766	HGSV_4948	123	3	0.0	0.0	0.0
8767	HGSV_5407	123	1	0.0	0.0	0.0
8768	HGSV_542	123	1	0.0	0.0	0.0
8769	HGSV_78	123	6	0.0	0.0	0.0
8770	HGSV_8196	123	2	0.0	0.0	0.0
8771	HGSV_8417	123	2	0.0	0.0	0.0
8772	HGSV_8955	123	10	0.001	0.001	0.001
8773	HGSV_1040	122	8	0.0	0.0	0.0
8774	HGSV_11044	122	52	0.032	0.032	0.032
8775	HGSV_1105	122	0	0.0	0.0	0.0
8776	HGSV_11062	122	1	0.0	0.0	0.0
8777	HGSV_11194	122	17	0.0	0.0	0.0
8778	HGSV_1123	122	5	0.0	0.0	0.0
8779	HGSV_1129	122	0	0.0	0.0	0.0
8780	HGSV_11299	122	0	0.0	0.0	0.0
8781	HGSV_11386	122	1	0.0	0.0	0.0
8782	HGSV_11827	122	0	0.0	0.0	0.0
8783	HGSV_12120	122	23	0.013	0.013	0.013
8784	HGSV_13039	122	2	0.0	0.0	0.0
8785	HGSV_143856	122	28	0.006	0.006	0.006
8786	HGSV_144091	122	1	0.001	0.0	0.0
8787	HGSV_144324	122	7	0.0	0.0	0.0
8788	HGSV_144513	122	6	0.0	0.0	0.0
8789	HGSV_145197	122	16	0.0	0.0	0.0
8790	HGSV_145402	122	14	0.0	0.0	0.0
8791	HGSV_147145	122	50	0.028	0.0	0.0
8792	HGSV_148113	122	0	0.0	0.0	0.0
8793	HGSV_148257	122	84	0.068	0.068	0.068
8794	HGSV_150275	122	2	0.001	0.001	0.001
8795	HGSV_151160	122	2	0.0	0.0	0.0
8796	HGSV_151161	122	26	0.013	0.013	0.013
8797	HGSV_152199	122	1	0.0	0.0	0.0
8798	HGSV_152541	122	1	0.0	0.0	0.0
8799	HGSV_153322	122	4	0.0	0.0	0.0
8800	HGSV_15359	122	0	1.0	0.0	0.0
8801	HGSV_153631	122	6	0.002	0.002	0.002
8802	HGSV_154001	122	4	0.0	0.0	0.0
8803	HGSV_154399	122	1	0.001	0.001	0.001
8804	HGSV_155761	122	4	0.0	0.0	0.0
8805	HGSV_156176	122	5	0.0	0.0	0.0
8806	HGSV_156444	122	2	0.0	0.0	0.0
8807	HGSV_156650	122	8	0.0	0.0	0.0
8808	HGSV_157624	122	4	0.002	0.002	0.002
8809	HGSV_158294	122	13	0.0	0.0	0.0
8810	HGSV_158535	122	2	0.0	0.0	0.0
8811	HGSV_16981	122	30	0.02	0.02	0.02
8812	HGSV_17068	122	1	0.138	0.138	0.138
8813	HGSV_17412	122	0	0.897	0.897	0.997
8814	HGSV_17550	122	1	0.049	0.049	0.049
8815	HGSV_18729	122	16	0.002	0.002	0.002
8816	HGSV_19407	122	4	0.0	0.0	0.0
8817	HGSV_1968	122	8	0.0	0.0	0.0
8818	HGSV_2235	122	1	0.0	0.0	0.0
8819	HGSV_2870	122	7	0.003	0.003	0.003
8820	HGSV_2987	122	5	0.088	0.088	0.088
8821	HGSV_3003	122	3	0.0	0.0	0.0
8822	HGSV_4967	122	10	0.0	0.0	0.0
8823	HGSV_5429	122	20	0.019	0.019	0.019
8824	HGSV_5590	122	34	0.025	0.0	0.0
8825	HGSV_7022	122	16	0.0	0.0	0.0
8826	HGSV_7125	122	1	0.0	0.0	0.0
8827	HGSV_7509	122	2	0.0	0.0	0.0
8828	HGSV_80	122	73	0.0	0.0	0.0
8829	HGSV_1106	121	4	0.0	0.0	0.0
8830	HGSV_11323	121	1	0.0	0.0	0.0
8831	HGSV_11550	121	3	0.0	0.0	0.0
8832	HGSV_11734	121	0	0.0	0.0	0.0
8833	HGSV_1275	121	15	0.004	0.004	0.004
8834	HGSV_13637	121	1	0.0	0.0	0.0
8835	HGSV_1364	121	4	0.002	0.002	0.002
8836	HGSV_13765	121	0	0.0	0.0	0.0
8837	HGSV_144876	121	3	0.0	0.0	0.0
8838	HGSV_145560	121	2	0.0	0.0	0.0
8839	HGSV_145745	121	2	0.001	0.001	0.001
8840	HGSV_146101	121	0	0.0	0.0	0.0
8841	HGSV_146411	121	2	0.0	0.0	0.0
8842	HGSV_147076	121	3	0.0	0.0	0.0
8843	HGSV_147302	121	0	0.0	0.0	0.0
8844	HGSV_147911	121	1	0.0	0.0	0.0
8845	HGSV_148005	121	7	0.0	0.0	0.0
8846	HGSV_148207	121	3	0.003	0.003	0.003
8847	HGSV_14918	121	4	0.0	0.0	0.0
8848	HGSV_149830	121	1	0.0	0.0	0.0
8849	HGSV_150761	121	2	0.492	0.7	0.7
8850	HGSV_151152	121	49	0.031	0.031	0.031
8851	HGSV_151270	121	6	0.002	0.002	0.002
8852	HGSV_151294	121	8	0.0	0.0	0.0
8853	HGSV_151479	121	1	0.001	0.001	0.001
8854	HGSV_152077	121	3	0.0	0.0	0.0
8855	HGSV_152448	121	3	0.0	0.0	0.0
8856	HGSV_152570	121	1	0.001	0.001	0.883
8857	HGSV_153074	121	0	0.0	0.0	0.0
8858	HGSV_153442	121	3	0.0	0.0	0.0
8859	HGSV_153479	121	2	0.0	0.0	0.0
8860	HGSV_155487	121	4	0.0	0.0	0.0
8861	HGSV_156577	121	53	0.034	0.034	0.034
8862	HGSV_156710	121	15	0.0	0.0	0.0
8863	HGSV_157670	121	9	0.0	0.0	0.0
8864	HGSV_158175	121	3	0.0	0.0	0.0
8865	HGSV_15839	121	11	0.007	0.007	0.0
8866	HGSV_159072	121	13	0.0	0.0	0.0
8867	HGSV_17443	121	0	0.0	0.0	0.0
8868	HGSV_17682	121	1	0.0	0.0	0.0
8869	HGSV_18808	121	1	0.0	0.0	0.0
8870	HGSV_18853	121	12	0.0	0.0	0.0
8871	HGSV_193	121	0	0.0	0.0	0.0
8872	HGSV_19421	121	2	0.952	0.952	0.952
8873	HGSV_2093	121	3	0.001	0.001	0.0
8874	HGSV_2129	121	1	0.0	0.0	0.0
8875	HGSV_300	121	1	0.0	0.0	0.0
8876	HGSV_304	121	1	0.001	0.001	0.001
8877	HGSV_3268	121	25	0.0	0.0	0.0
8878	HGSV_336	121	3	0.0	0.0	0.0
8879	HGSV_4066	121	24	0.007	0.007	0.007
8880	HGSV_4932	121	14	0.013	0.013	0.013
8881	HGSV_561	121	2	0.0	0.0	0.0
8882	HGSV_7002	121	2	0.0	0.0	0.0
8883	HGSV_7005	121	2	0.0	0.0	0.0
8884	HGSV_7060	121	2	0.004	0.004	0.004
8885	HGSV_7226	121	22	0.012	0.012	0.012
8886	HGSV_7361	121	1	0.0	0.0	0.0
8887	HGSV_7899	121	6	0.0	0.0	0.0
8888	HGSV_9034	121	3	0.005	0.005	0.005
8889	HGSV_9734	121	3	0.001	0.001	0.001
8890	HGSV_9967	121	2	0.387	0.387	0.387
8891	HGSV_10017	120	1	0.0	0.0	0.0
8892	HGSV_10247	120	0	0.0	0.0	0.0
8893	HGSV_10504	120	7	0.0	0.0	0.0
8894	HGSV_11351	120	1	0.0	0.0	0.0
8895	HGSV_11615	120	3	0.0	0.0	0.0
8896	HGSV_11839	120	5	0.003	0.003	0.003
8897	HGSV_12344	120	5	0.002	0.002	0.002
8898	HGSV_12665	120	4	0.001	0.001	0.001
8899	HGSV_12774	120	4	0.0	0.0	0.0
8900	HGSV_144404	120	17	0.006	0.006	0.006
8901	HGSV_14641	120	9	0.0	0.0	0.0
8902	HGSV_146478	120	95	0.061	0.061	0.0
8903	HGSV_146906	120	1	0.0	0.0	0.0
8904	HGSV_147148	120	1	0.0	0.0	0.0
8905	HGSV_147722	120	13	0.0	0.0	0.0
8906	HGSV_148120	120	84	0.083	0.083	0.083
8907	HGSV_148205	120	14	0.009	0.0	0.0
8908	HGSV_148379	120	2	0.001	0.001	0.001
8909	HGSV_14844	120	77	0.048	0.048	0.0
8910	HGSV_148832	120	1	0.0	0.0	0.0
8911	HGSV_150451	120	11	0.0	0.0	0.0
8912	HGSV_151025	120	17	0.009	0.009	0.009
8913	HGSV_151677	120	2	0.001	0.001	0.0
8914	HGSV_152254	120	1	0.001	0.001	0.001
8915	HGSV_153047	120	12	0.0	0.0	0.0
8916	HGSV_153487	120	0	0.0	0.0	0.0
8917	HGSV_153651	120	1	0.0	0.0	0.0
8918	HGSV_153758	120	1	0.0	0.0	0.0
8919	HGSV_153976	120	1	0.0	0.0	0.0
8920	HGSV_154276	120	14	0.008	0.008	0.0
8921	HGSV_154779	120	15	0.0	0.0	0.0
8922	HGSV_155240	120	0	0.0	0.0	0.0
8923	HGSV_155474	120	4	0.0	0.0	0.0
8924	HGSV_156282	120	27	0.027	0.027	0.027
8925	HGSV_156748	120	3	0.946	0.946	0.946
8926	HGSV_156994	120	97	0.0	0.0	0.0
8927	HGSV_157041	120	3	0.0	0.0	0.0
8928	HGSV_158258	120	13	0.008	0.008	0.008
8929	HGSV_158419	120	4	0.975	0.975	0.975
8930	HGSV_158449	120	3	0.0	0.0	0.0
8931	HGSV_159071	120	2	0.0	0.0	0.0
8932	HGSV_15909	120	1	0.0	0.0	0.0
8933	HGSV_16729	120	62	0.023	0.023	0.023
8934	HGSV_16743	120	2	0.0	0.0	0.0
8935	HGSV_1715	120	19	0.018	0.018	0.0
8936	HGSV_18130	120	2	0.0	0.0	0.0
8937	HGSV_18191	120	1	0.0	0.0	0.0
8938	HGSV_18396	120	1	0.0	0.0	0.0
8939	HGSV_18845	120	87	0.051	0.051	0.0
8940	HGSV_19405	120	5	0.0	0.0	0.0
8941	HGSV_2136	120	1	0.0	0.0	0.0
8942	HGSV_2184	120	2	0.0	0.0	0.0
8943	HGSV_2264	120	1	0.0	0.0	0.0
8944	HGSV_2335	120	4	0.0	0.0	0.0
8945	HGSV_2474	120	0	0.0	0.0	0.0
8946	HGSV_2485	120	1	0.0	0.0	0.0
8947	HGSV_2650	120	1	0.0	0.0	0.0
8948	HGSV_3520	120	6	0.003	0.003	0.003
8949	HGSV_3849	120	0	0.0	0.0	0.0
8950	HGSV_3879	120	1	0.0	0.0	0.0
8951	HGSV_4316	120	0	0.001	0.001	0.001
8952	HGSV_4695	120	1	0.0	0.0	0.0
8953	HGSV_4741	120	0	0.0	0.0	0.0
8954	HGSV_5125	120	0	0.0	0.0	0.0
8955	HGSV_5491	120	0	0.183	0.183	0.183
8956	HGSV_5625	120	4	0.0	0.0	0.0
8957	HGSV_5773	120	3	0.001	0.001	0.001
8958	HGSV_6220	120	1	0.0	0.0	0.0
8959	HGSV_6415	120	2	0.0	0.0	0.0
8960	HGSV_6475	120	2	0.0	0.0	0.0
8961	HGSV_7556	120	19	0.007	0.007	0.007
8962	HGSV_8538	120	20	0.006	0.006	0.006
8963	HGSV_864	120	14	0.0	0.0	0.0
8964	HGSV_9089	120	17	0.067	0.067	0.0
8965	HGSV_9184	120	4	0.0	0.0	0.0
8966	HGSV_10293	119	1	0.0	0.0	0.0
8967	HGSV_10530	119	10	0.001	0.001	0.001
8968	HGSV_10547	119	2	0.0	0.0	0.0
8969	HGSV_11225	119	48	0.03	0.03	0.03
8970	HGSV_11481	119	0	0.001	0.001	0.001
8971	HGSV_11605	119	7	0.001	0.001	0.001
8972	HGSV_11772	119	0	0.757	0.0	0.0
8973	HGSV_11930	119	2	0.0	0.0	0.0
8974	HGSV_13322	119	0	0.001	0.001	0.0
8975	HGSV_13505	119	7	0.0	0.0	0.0
8976	HGSV_14123	119	4	0.0	0.0	0.0
8977	HGSV_1423	119	1	0.001	0.001	0.001
8978	HGSV_144607	119	1	0.0	0.0	0.0
8979	HGSV_146441	119	1	0.0	0.0	0.0
8980	HGSV_147109	119	4	0.001	0.001	0.001
8981	HGSV_147449	119	0	0.202	0.202	0.202
8982	HGSV_147546	119	49	0.012	0.012	0.012
8983	HGSV_148049	119	1	0.0	0.0	0.0
8984	HGSV_148224	119	2	0.0	0.0	0.0
8985	HGSV_148977	119	6	0.001	0.001	0.001
8986	HGSV_149123	119	1	0.001	0.001	0.001
8987	HGSV_149239	119	2	0.0	0.0	0.0
8988	HGSV_149382	119	34	0.021	0.0	0.0
8989	HGSV_149696	119	1	0.0	0.0	0.0
8990	HGSV_150255	119	0	0.0	0.0	0.0
8991	HGSV_150315	119	2	0.0	0.0	0.0
8992	HGSV_150364	119	1	0.481	0.481	0.481
8993	HGSV_150545	119	0	0.0	0.0	0.0
8994	HGSV_150562	119	3	0.0	0.0	0.0
8995	HGSV_151010	119	1	0.575	0.575	0.575
8996	HGSV_151181	119	4	0.002	0.002	0.002
8997	HGSV_151674	119	2	0.389	0.389	0.389
8998	HGSV_151899	119	2	0.001	0.001	0.001
8999	HGSV_152824	119	0	0.565	0.684	0.684
9000	HGSV_152969	119	2	0.0	0.0	0.0
9001	HGSV_153691	119	1	0.0	0.0	0.0
9002	HGSV_154002	119	15	0.002	0.002	0.002
9003	HGSV_154157	119	25	0.004	0.004	0.004
9004	HGSV_154274	119	1	0.001	0.001	0.0
9005	HGSV_154378	119	92	0.073	0.0	0.0
9006	HGSV_154434	119	1	0.0	0.0	0.0
9007	HGSV_154833	119	1	0.0	0.0	0.0
9008	HGSV_155643	119	1	0.001	0.001	0.001
9009	HGSV_155961	119	1	0.0	0.0	0.0
9010	HGSV_156327	119	1	0.0	0.0	0.0
9011	HGSV_156401	119	3	0.0	0.0	0.0
9012	HGSV_1566	119	29	0.022	0.022	0.022
9013	HGSV_156826	119	2	0.001	0.001	0.001
9014	HGSV_15696	119	1	0.411	0.419	0.419
9015	HGSV_157560	119	34	0.0	0.0	0.0
9016	HGSV_158071	119	0	0.0	0.0	0.0
9017	HGSV_158444	119	5	0.001	0.001	0.001
9018	HGSV_158468	119	6	0.0	0.0	0.0
9019	HGSV_158821	119	4	0.0	0.0	0.0
9020	HGSV_159039	119	10	0.0	0.0	0.0
9021	HGSV_17341	119	1	0.0	0.0	0.0
9022	HGSV_17362	119	29	0.013	0.013	0.0
9023	HGSV_17367	119	3	0.0	0.0	0.0
9024	HGSV_17666	119	4	0.003	0.003	0.003
9025	HGSV_19229	119	4	0.0	0.0	0.0
9026	HGSV_19437	119	3	0.0	0.0	0.0
9027	HGSV_19724	119	4	0.0	0.0	0.0
9028	HGSV_2723	119	6	0.001	0.001	0.001
9029	HGSV_2804	119	0	0.314	0.314	0.314
9030	HGSV_3914	119	2	0.0	0.0	0.0
9031	HGSV_4131	119	1	0.0	0.0	0.0
9032	HGSV_4631	119	26	0.014	0.014	0.014
9033	HGSV_5069	119	7	0.0	0.0	0.0
9034	HGSV_6492	119	0	0.179	0.241	0.989
9035	HGSV_7504	119	5	0.001	0.001	0.001
9036	HGSV_890	119	7	0.0	0.0	0.0
9037	HGSV_9169	119	4	0.001	0.001	0.001
9038	HGSV_9241	119	35	0.015	0.015	0.015
9039	HGSV_9373	119	0	0.0	0.0	0.0
9040	HGSV_956	119	2	0.0	0.0	0.0
9041	HGSV_9571	119	3	0.0	0.0	0.0
9042	HGSV_9754	119	22	0.015	0.015	0.0
9043	HGSV_9958	119	0	0.0	0.0	0.0
9044	HGSV_10002	118	6	0.0	0.0	0.0
9045	HGSV_10762	118	11	0.0	0.0	0.0
9046	HGSV_1122	118	3	0.0	0.0	0.0
9047	HGSV_11463	118	4	0.001	0.001	0.001
9048	HGSV_11474	118	12	0.002	0.002	0.002
9049	HGSV_1210	118	4	0.0	0.0	0.0
9050	HGSV_12462	118	2	0.001	0.001	0.001
9051	HGSV_12768	118	44	0.019	0.019	0.019
9052	HGSV_13019	118	24	0.013	0.013	0.013
9053	HGSV_13544	118	2	0.0	0.0	0.0
9054	HGSV_144138	118	0	0.0	0.0	0.0
9055	HGSV_144444	118	2	0.0	0.0	0.0
9056	HGSV_144679	118	3	0.0	0.0	0.0
9057	HGSV_144897	118	1	0.0	0.0	0.0
9058	HGSV_145557	118	3	0.0	0.0	0.0
9059	HGSV_145597	118	1	0.004	0.004	0.004
9060	HGSV_146446	118	4	0.001	0.001	0.001
9061	HGSV_146480	118	94	0.061	0.061	0.0
9062	HGSV_148104	118	87	0.073	0.073	0.073
9063	HGSV_148689	118	2	0.001	0.001	0.001
9064	HGSV_149245	118	13	0.0	0.0	0.0
9065	HGSV_149840	118	2	0.0	0.0	0.0
9066	HGSV_149852	118	85	0.056	0.056	0.056
9067	HGSV_149875	118	5	0.0	0.0	0.0
9068	HGSV_150905	118	0	0.0	0.0	0.0
9069	HGSV_150948	118	3	0.001	0.001	0.001
9070	HGSV_151162	118	86	0.0	0.0	0.0
9071	HGSV_151285	118	1	0.0	0.0	0.0
9072	HGSV_151291	118	22	0.002	0.002	0.0
9073	HGSV_151352	118	8	0.959	0.959	0.959
9074	HGSV_152770	118	16	0.0	0.0	0.0
9075	HGSV_153341	118	4	0.0	0.0	0.0
9076	HGSV_153674	118	0	0.0	0.0	0.0
9077	HGSV_153875	118	2	0.381	0.675	0.675
9078	HGSV_154020	118	1	0.0	0.0	0.0
9079	HGSV_155458	118	0	0.0	0.0	0.0
9080	HGSV_155734	118	15	0.0	0.0	0.0
9081	HGSV_156052	118	9	0.0	0.0	0.0
9082	HGSV_15610	118	0	0.0	0.0	0.0
9083	HGSV_157229	118	0	0.0	0.0	0.0
9084	HGSV_15790	118	3	0.516	0.516	0.516
9085	HGSV_158277	118	0	0.0	0.0	0.0
9086	HGSV_1638	118	0	0.0	0.0	0.0
9087	HGSV_16574	118	2	0.0	0.0	0.0
9088	HGSV_16742	118	2	0.0	0.0	0.0
9089	HGSV_16998	118	10	0.0	0.0	0.0
9090	HGSV_17087	118	4	0.001	0.001	0.001
9091	HGSV_18165	118	0	0.806	0.806	0.806
9092	HGSV_18448	118	1	0.0	0.0	0.0
9093	HGSV_18495	118	3	0.0	0.0	0.0
9094	HGSV_18757	118	2	0.0	0.0	0.0
9095	HGSV_18759	118	1	0.0	0.0	0.0
9096	HGSV_18762	118	5	0.0	0.0	0.0
9097	HGSV_18875	118	1	0.0	0.0	0.0
9098	HGSV_18888	118	1	0.0	0.0	0.0
9099	HGSV_18964	118	1	0.0	0.0	0.0
9100	HGSV_19015	118	0	0.0	0.0	0.0
9101	HGSV_19048	118	1	0.0	0.0	0.0
9102	HGSV_19578	118	6	0.988	0.988	0.988
9103	HGSV_2330	118	46	0.033	0.033	0.0
9104	HGSV_240	118	0	0.0	0.0	0.0
9105	HGSV_2787	118	1	0.0	0.0	0.0
9106	HGSV_3005	118	13	0.01	0.01	0.01
9107	HGSV_3063	118	4	0.001	0.001	0.001
9108	HGSV_334	118	1	0.0	0.0	0.0
9109	HGSV_3372	118	74	0.0	0.0	0.0
9110	HGSV_4195	118	16	0.013	0.013	0.013
9111	HGSV_4688	118	3	0.0	0.0	0.0
9112	HGSV_5345	118	0	0.002	0.002	0.002
9113	HGSV_5420	118	4	0.0	0.0	0.0
9114	HGSV_5775	118	0	0.0	0.0	0.0
9115	HGSV_6839	118	3	0.0	0.0	0.0
9116	HGSV_9299	118	0	0.001	0.001	0.001
9117	HGSV_9828	118	1	0.439	0.439	0.0
9118	HGSV_9875	118	15	0.011	0.011	0.011
9119	HGSV_10208	117	0	0.0	0.0	0.0
9120	HGSV_10429	117	11	0.0	0.0	0.0
9121	HGSV_10822	117	3	0.0	0.0	0.0
9122	HGSV_11078	117	5	0.0	0.0	0.0
9123	HGSV_11186	117	1	0.0	0.0	0.0
9124	HGSV_11316	117	3	0.0	0.0	0.0
9125	HGSV_11715	117	0	0.0	0.0	0.0
9126	HGSV_13127	117	2	0.0	0.0	0.0
9127	HGSV_14160	117	3	0.0	0.0	0.0
9128	HGSV_144081	117	44	0.027	0.027	0.027
9129	HGSV_144244	117	2	0.0	0.0	0.0
9130	HGSV_144312	117	20	0.009	0.009	0.009
9131	HGSV_144748	117	16	0.01	0.01	0.01
9132	HGSV_145102	117	5	0.001	0.001	0.0
9133	HGSV_14667	117	0	0.0	0.0	0.0
9134	HGSV_147639	117	1	0.0	0.0	0.0
9135	HGSV_147723	117	3	0.0	0.0	0.0
9136	HGSV_148282	117	32	0.087	0.087	0.0
9137	HGSV_14942	117	1	0.0	0.0	0.0
9138	HGSV_149498	117	4	0.001	0.001	0.001
9139	HGSV_149572	117	8	0.0	0.0	0.0
9140	HGSV_149591	117	4	0.001	0.001	0.001
9141	HGSV_149771	117	5	0.0	0.0	0.0
9142	HGSV_149994	117	0	0.0	0.0	0.0
9143	HGSV_15020	117	4	0.0	0.0	0.0
9144	HGSV_150418	117	1	0.0	0.0	0.0
9145	HGSV_150682	117	2	0.0	0.0	0.0
9146	HGSV_150863	117	2	0.0	0.0	0.0
9147	HGSV_151062	117	10	0.0	0.0	0.0
9148	HGSV_151114	117	1	0.0	0.0	0.0
9149	HGSV_151288	117	1	0.924	0.924	0.924
9150	HGSV_151565	117	2	0.0	0.0	0.0
9151	HGSV_152081	117	1	0.0	0.0	0.0
9152	HGSV_152262	117	5	0.002	0.002	0.002
9153	HGSV_153191	117	2	0.003	0.003	0.003
9154	HGSV_153849	117	2	0.0	0.0	0.0
9155	HGSV_154177	117	2	0.001	0.001	0.001
9156	HGSV_154447	117	82	0.0	0.0	0.0
9157	HGSV_154468	117	1	0.0	0.0	0.0
9158	HGSV_154603	117	3	0.0	0.0	0.0
9159	HGSV_154953	117	1	0.0	0.0	0.0
9160	HGSV_155229	117	2	0.0	0.0	0.0
9161	HGSV_155320	117	2	0.0	0.0	0.0
9162	HGSV_157239	117	1	0.0	0.0	0.0
9163	HGSV_157685	117	3	0.0	0.0	0.0
9164	HGSV_157825	117	0	0.001	0.001	0.001
9165	HGSV_158617	117	8	0.001	0.001	0.001
9166	HGSV_158962	117	5	0.0	0.0	0.0
9167	HGSV_15903	117	3	0.0	0.0	0.0
9168	HGSV_16022	117	3	0.002	0.002	0.002
9169	HGSV_16389	117	6	0.001	0.001	0.001
9170	HGSV_17214	117	1	0.0	0.0	0.0
9171	HGSV_17793	117	1	0.0	0.0	0.0
9172	HGSV_18116	117	0	0.0	0.0	0.0
9173	HGSV_18526	117	4	0.0	0.0	0.0
9174	HGSV_19134	117	7	0.004	0.004	0.004
9175	HGSV_19551	117	86	0.061	0.061	0.0
9176	HGSV_2585	117	3	0.0	0.0	0.0
9177	HGSV_2613	117	21	0.022	0.022	0.022
9178	HGSV_3047	117	2	0.0	0.0	0.0
9179	HGSV_3212	117	2	0.001	0.001	0.001
9180	HGSV_371	117	0	0.0	0.0	0.0
9181	HGSV_3847	117	1	0.0	0.0	0.0
9182	HGSV_4781	117	22	0.016	0.0	0.0
9183	HGSV_7782	117	0	0.0	0.0	0.0
9184	HGSV_10139	116	2	0.0	0.0	0.0
9185	HGSV_10407	116	4	0.0	0.0	0.0
9186	HGSV_11782	116	1	0.0	0.0	0.0
9187	HGSV_143718	116	1	0.0	0.0	0.0
9188	HGSV_143897	116	3	0.0	0.0	0.0
9189	HGSV_143929	116	1	0.0	0.0	0.0
9190	HGSV_14426	116	10	0.0	0.0	0.0
9191	HGSV_145005	116	2	0.0	0.0	0.0
9192	HGSV_145130	116	10	0.009	0.009	0.009
9193	HGSV_145267	116	2	0.0	0.0	0.0
9194	HGSV_145604	116	1	0.0	0.0	0.0
9195	HGSV_146429	116	2	0.0	0.0	0.0
9196	HGSV_146452	116	4	0.003	0.003	0.003
9197	HGSV_146583	116	13	0.006	0.006	0.006
9198	HGSV_146987	116	3	0.002	0.002	0.002
9199	HGSV_147616	116	35	0.018	0.018	0.018
9200	HGSV_147943	116	2	0.001	0.001	0.001
9201	HGSV_148258	116	1	0.0	0.0	0.0
9202	HGSV_148798	116	10	0.01	0.0	0.0
9203	HGSV_149189	116	4	0.002	0.002	0.002
9204	HGSV_149972	116	0	0.0	0.0	0.0
9205	HGSV_150020	116	1	0.001	0.001	0.0
9206	HGSV_150116	116	1	0.0	0.0	0.0
9207	HGSV_150551	116	7	0.012	0.012	0.012
9208	HGSV_150662	116	0	0.0	0.0	0.0
9209	HGSV_151340	116	6	0.002	0.002	0.002
9210	HGSV_152365	116	0	0.421	0.421	0.421
9211	HGSV_152977	116	8	0.007	0.007	0.0
9212	HGSV_154032	116	2	0.0	0.0	0.0
9213	HGSV_154879	116	75	0.06	0.0	0.0
9214	HGSV_154954	116	2	0.0	0.0	0.0
9215	HGSV_155262	116	2	0.001	0.0	0.0
9216	HGSV_155991	116	2	0.0	0.0	0.0
9217	HGSV_157107	116	22	0.017	0.017	0.017
9218	HGSV_157235	116	3	0.0	0.0	0.0
9219	HGSV_157252	116	4	0.0	0.0	0.0
9220	HGSV_158250	116	1	0.0	0.0	0.0
9221	HGSV_15826	116	10	0.001	0.001	0.001
9222	HGSV_158455	116	85	0.039	0.039	0.0
9223	HGSV_158791	116	9	0.005	0.005	0.005
9224	HGSV_16045	116	8	0.002	0.002	0.0
9225	HGSV_16073	116	2	0.0	0.0	0.0
9226	HGSV_16125	116	2	0.0	0.0	0.0
9227	HGSV_16334	116	0	0.0	0.0	0.0
9228	HGSV_1687	116	17	0.013	0.013	0.013
9229	HGSV_17110	116	6	0.007	0.007	0.007
9230	HGSV_17207	116	3	0.002	0.002	0.002
9231	HGSV_1722	116	1	0.0	0.0	0.0
9232	HGSV_17434	116	0	0.0	0.0	0.0
9233	HGSV_18065	116	10	0.003	0.003	0.003
9234	HGSV_18329	116	4	0.0	0.0	0.0
9235	HGSV_19074	116	5	0.002	0.002	0.002
9236	HGSV_19328	116	3	0.0	0.0	0.0
9237	HGSV_19333	116	0	0.0	0.0	0.0
9238	HGSV_2002	116	3	0.0	0.0	0.0
9239	HGSV_2072	116	0	0.0	0.0	0.0
9240	HGSV_2150	116	3	0.001	0.001	0.001
9241	HGSV_2661	116	0	0.516	0.516	0.516
9242	HGSV_3677	116	0	0.0	0.0	0.0
9243	HGSV_3680	116	4	0.0	0.0	0.0
9244	HGSV_373	116	8	0.003	0.0	0.0
9245	HGSV_4432	116	1	0.0	0.0	0.0
9246	HGSV_4505	116	6	0.002	0.002	0.002
9247	HGSV_597	116	2	0.0	0.0	0.0
9248	HGSV_6842	116	2	1.0	1.0	1.0
9249	HGSV_7231	116	1	0.001	0.001	0.001
9250	HGSV_7554	116	5	0.001	0.001	0.001
9251	HGSV_8717	116	50	0.054	0.054	0.0
9252	HGSV_8781	116	0	0.0	0.0	0.0
9253	HGSV_8806	116	3	0.0	0.0	0.0
9254	HGSV_9204	116	2	0.0	0.0	0.0
9255	HGSV_9924	116	2	0.0	0.0	0.0
9256	HGSV_10106	115	1	0.0	0.0	0.0
9257	HGSV_11162	115	3	0.002	0.002	0.002
9258	HGSV_11989	115	6	0.003	0.003	0.003
9259	HGSV_12297	115	2	0.0	0.0	0.0
9260	HGSV_12667	115	2	0.002	0.002	0.002
9261	HGSV_12763	115	0	0.0	0.0	0.0
9262	HGSV_12850	115	45	0.0	0.0	0.0
9263	HGSV_13129	115	4	0.004	0.004	0.004
9264	HGSV_13215	115	2	0.516	0.516	0.516
9265	HGSV_14213	115	42	0.0	0.0	0.0
9266	HGSV_14238	115	4	0.003	0.003	0.003
9267	HGSV_143834	115	4	0.003	0.003	0.003
9268	HGSV_144892	115	2	0.004	0.004	0.004
9269	HGSV_144968	115	0	0.0	0.0	0.0
9270	HGSV_145226	115	3	0.001	0.001	0.001
9271	HGSV_145925	115	2	0.0	0.0	0.0
9272	HGSV_14610	115	1	0.0	0.0	0.0
9273	HGSV_14614	115	2	0.0	0.0	0.0
9274	HGSV_147380	115	2	0.0	0.0	0.0
9275	HGSV_147921	115	2	0.001	0.001	0.001
9276	HGSV_149036	115	4	0.001	0.001	0.001
9277	HGSV_149930	115	27	0.0	0.0	0.0
9278	HGSV_151454	115	7	0.009	0.009	0.009
9279	HGSV_151473	115	0	0.0	0.0	0.0
9280	HGSV_151664	115	1	0.0	0.0	0.0
9281	HGSV_151788	115	11	0.007	0.0	0.0
9282	HGSV_151815	115	27	0.018	0.018	0.018
9283	HGSV_152208	115	6	0.0	0.0	0.0
9284	HGSV_152480	115	8	0.0	0.0	0.0
9285	HGSV_15312	115	2	0.0	0.0	0.0
9286	HGSV_153135	115	2	0.0	0.0	0.0
9287	HGSV_153316	115	8	0.0	0.0	0.0
9288	HGSV_153381	115	27	0.014	0.014	0.0
9289	HGSV_153637	115	1	0.0	0.0	0.0
9290	HGSV_15383	115	0	0.0	0.0	0.0
9291	HGSV_154341	115	1	0.0	0.0	0.0
9292	HGSV_154493	115	12	0.001	0.001	0.001
9293	HGSV_154695	115	0	0.0	0.0	0.0
9294	HGSV_155881	115	1	0.001	0.001	0.001
9295	HGSV_155914	115	1	0.0	0.0	0.0
9296	HGSV_155929	115	43	0.023	0.023	0.023
9297	HGSV_156246	115	6	0.002	0.002	0.002
9298	HGSV_156976	115	0	0.0	0.0	0.0
9299	HGSV_157074	115	0	0.0	0.0	0.0
9300	HGSV_158169	115	1	0.21	0.21	0.21
9301	HGSV_158894	115	7	0.004	0.004	0.0
9302	HGSV_17130	115	2	0.0	0.0	0.0
9303	HGSV_17437	115	5	0.0	0.0	0.0
9304	HGSV_17804	115	2	0.002	0.002	0.002
9305	HGSV_17927	115	0	0.0	0.0	0.0
9306	HGSV_18342	115	13	0.0	0.0	0.0
9307	HGSV_1875	115	8	0.0	0.0	0.0
9308	HGSV_19674	115	5	0.003	0.003	0.003
9309	HGSV_2216	115	3	0.0	0.0	0.0
9310	HGSV_2284	115	0	0.333	0.333	0.333
9311	HGSV_263	115	1	0.0	0.0	0.0
9312	HGSV_2694	115	5	0.23	0.23	0.887
9313	HGSV_3018	115	6	0.001	0.001	0.001
9314	HGSV_3468	115	1	0.0	0.0	0.0
9315	HGSV_4527	115	0	0.0	0.0	0.0
9316	HGSV_4928	115	0	0.0	0.0	0.0
9317	HGSV_512	115	6	0.005	0.005	0.005
9318	HGSV_5192	115	0	0.0	0.0	0.0
9319	HGSV_5270	115	84	0.055	0.055	0.0
9320	HGSV_5884	115	0	0.0	0.0	0.0
9321	HGSV_5920	115	1	0.001	0.001	0.001
9322	HGSV_5997	115	2	0.001	0.001	0.001
9323	HGSV_7192	115	35	0.021	0.021	0.021
9324	HGSV_7258	115	2	0.0	0.0	0.0
9325	HGSV_10010	114	2	0.0	0.0	0.0
9326	HGSV_10066	114	2	0.0	0.0	0.0
9327	HGSV_10494	114	8	0.0	0.0	0.0
9328	HGSV_1060	114	1	0.0	0.0	0.0
9329	HGSV_10870	114	83	0.053	0.053	0.053
9330	HGSV_10941	114	2	0.0	0.0	0.0
9331	HGSV_11102	114	1	0.0	0.0	0.0
9332	HGSV_11218	114	2	0.0	0.0	0.0
9333	HGSV_11647	114	1	0.0	0.0	0.0
9334	HGSV_11664	114	2	0.0	0.0	0.0
9335	HGSV_12206	114	2	0.0	0.0	0.0
9336	HGSV_12257	114	1	0.0	0.0	0.0
9337	HGSV_12664	114	7	1.0	1.0	0.0
9338	HGSV_12992	114	3	0.0	0.0	0.0
9339	HGSV_14126	114	1	0.0	0.0	0.0
9340	HGSV_144933	114	2	0.0	0.0	0.0
9341	HGSV_145572	114	6	0.0	0.0	0.0
9342	HGSV_145805	114	2	0.0	0.0	0.0
9343	HGSV_145872	114	0	0.0	0.0	0.0
9344	HGSV_146555	114	1	0.0	0.0	0.0
9345	HGSV_146637	114	2	0.0	0.0	0.0
9346	HGSV_146953	114	12	0.0	0.0	0.0
9347	HGSV_147166	114	3	0.002	0.002	0.002
9348	HGSV_147167	114	43	0.018	0.018	0.0
9349	HGSV_147402	114	5	0.001	0.001	0.001
9350	HGSV_148096	114	18	0.008	0.008	0.008
9351	HGSV_148373	114	4	0.001	0.001	0.0
9352	HGSV_148437	114	79	0.037	0.037	0.037
9353	HGSV_149248	114	7	0.001	0.001	0.001
9354	HGSV_149565	114	1	0.0	0.0	0.0
9355	HGSV_150102	114	4	0.0	0.0	0.0
9356	HGSV_150152	114	2	0.002	0.002	0.002
9357	HGSV_151175	114	0	0.0	0.0	0.0
9358	HGSV_151212	114	1	0.0	0.0	0.0
9359	HGSV_151776	114	2	0.002	0.002	0.002
9360	HGSV_151914	114	37	0.028	0.028	0.028
9361	HGSV_152844	114	2	0.999	0.999	0.999
9362	HGSV_153614	114	3	0.001	0.001	0.001
9363	HGSV_153920	114	12	0.011	0.011	0.011
9364	HGSV_154515	114	0	0.0	0.0	0.0
9365	HGSV_154782	114	1	0.0	0.0	0.0
9366	HGSV_155414	114	1	0.0	0.0	0.0
9367	HGSV_156114	114	46	0.03	0.03	0.03
9368	HGSV_156177	114	4	0.0	0.0	0.0
9369	HGSV_15620	114	1	0.001	0.001	0.001
9370	HGSV_1562	114	0	0.0	0.0	0.0
9371	HGSV_157164	114	7	0.005	0.005	0.005
9372	HGSV_157267	114	77	0.045	0.045	0.045
9373	HGSV_157386	114	8	0.0	0.0	0.0
9374	HGSV_15819	114	0	0.0	0.0	0.0
9375	HGSV_158212	114	1	0.0	0.0	0.0
9376	HGSV_158247	114	1	0.0	0.0	0.0
9377	HGSV_158534	114	2	0.001	0.001	0.001
9378	HGSV_158636	114	0	0.001	0.001	0.001
9379	HGSV_159036	114	7	0.0	0.0	0.0
9380	HGSV_16332	114	2	0.001	0.001	0.001
9381	HGSV_16785	114	0	0.002	0.002	0.002
9382	HGSV_249	114	10	0.0	0.0	0.0
9383	HGSV_2823	114	4	0.0	0.0	0.0
9384	HGSV_2932	114	1	0.0	0.0	0.0
9385	HGSV_3128	114	0	0.0	0.0	0.0
9386	HGSV_3384	114	0	0.002	0.002	0.002
9387	HGSV_3934	114	0	0.0	0.0	0.0
9388	HGSV_4048	114	1	0.0	0.0	0.0
9389	HGSV_4303	114	0	0.0	0.0	0.0
9390	HGSV_4340	114	0	0.0	0.0	0.0
9391	HGSV_4476	114	3	0.0	0.0	0.0
9392	HGSV_5633	114	4	0.0	0.0	0.0
9393	HGSV_6745	114	5	0.183	0.183	0.29
9394	HGSV_6841	114	1	0.0	0.0	0.0
9395	HGSV_7619	114	11	0.009	0.009	0.009
9396	HGSV_8000	114	3	0.001	0.001	0.001
9397	HGSV_8431	114	1	0.0	0.0	0.0
9398	HGSV_8667	114	5	0.0	0.0	0.0
9399	HGSV_8840	114	46	0.0	0.0	0.0
9400	HGSV_9537	114	2	0.0	0.0	0.0
9401	HGSV_9772	114	1	0.0	0.0	0.0
9402	HGSV_10089	113	1	0.91	0.91	0.91
9403	HGSV_10349	113	7	0.001	0.001	0.001
9404	HGSV_10821	113	38	0.0	0.0	0.0
9405	HGSV_12443	113	47	0.019	0.019	0.019
9406	HGSV_13313	113	2	0.0	0.0	0.0
9407	HGSV_143873	113	1	0.0	0.0	0.0
9408	HGSV_144183	113	1	0.002	0.002	0.002
9409	HGSV_144310	113	2	0.0	0.0	0.0
9410	HGSV_144371	113	0	0.0	0.0	0.0
9411	HGSV_14506	113	3	0.002	0.002	0.002
9412	HGSV_145428	113	0	0.0	0.0	0.0
9413	HGSV_146599	113	2	0.775	0.775	0.775
9414	HGSV_146853	113	12	0.012	0.012	0.012
9415	HGSV_146939	113	2	0.0	0.0	0.0
9416	HGSV_148270	113	13	0.537	0.537	0.537
9417	HGSV_14831	113	64	0.037	0.037	0.0
9418	HGSV_148452	113	1	0.001	0.001	0.001
9419	HGSV_148564	113	2	0.0	0.0	0.0
9420	HGSV_149179	113	5	0.004	0.004	0.004
9421	HGSV_14919	113	7	0.0	0.0	0.0
9422	HGSV_149269	113	3	0.002	0.002	0.002
9423	HGSV_149425	113	5	0.313	0.313	0.618
9424	HGSV_149700	113	2	0.0	0.0	0.0
9425	HGSV_149988	113	43	0.035	0.035	0.0
9426	HGSV_151069	113	3	0.0	0.0	0.0
9427	HGSV_151076	113	5	0.001	0.001	0.001
9428	HGSV_151234	113	5	0.001	0.001	0.001
9429	HGSV_151543	113	82	0.053	0.053	0.053
9430	HGSV_152231	113	50	0.026	0.026	0.026
9431	HGSV_153083	113	1	0.0	0.0	0.0
9432	HGSV_153362	113	2	0.555	0.555	0.883
9433	HGSV_154109	113	2	0.0	0.0	0.0
9434	HGSV_154362	113	2	0.0	0.0	0.0
9435	HGSV_154948	113	1	0.001	0.001	0.001
9436	HGSV_155639	113	9	0.005	0.005	0.0
9437	HGSV_155763	113	0	0.0	0.0	0.0
9438	HGSV_155887	113	3	0.0	0.0	0.0
9439	HGSV_156403	113	2	0.0	0.0	0.0
9440	HGSV_1564	113	87	0.064	0.064	0.064
9441	HGSV_15717	113	0	0.0	0.0	0.0
9442	HGSV_15751	113	68	0.0	0.0	0.0
9443	HGSV_1583	113	0	0.002	0.002	0.002
9444	HGSV_158436	113	3	0.0	0.0	0.0
9445	HGSV_158892	113	10	0.077	0.077	0.0
9446	HGSV_159003	113	1	0.0	0.0	0.0
9447	HGSV_1625	113	5	0.0	0.0	0.0
9448	HGSV_17201	113	2	0.0	0.0	0.0
9449	HGSV_172	113	1	0.0	0.0	0.0
9450	HGSV_17327	113	2	0.001	0.001	0.001
9451	HGSV_17658	113	0	0.0	0.0	0.0
9452	HGSV_1821	113	1	0.001	0.001	0.001
9453	HGSV_18844	113	0	0.0	0.0	0.0
9454	HGSV_18936	113	11	0.0	0.0	0.0
9455	HGSV_19449	113	3	0.0	0.0	0.0
9456	HGSV_19670	113	25	0.0	0.0	0.0
9457	HGSV_2006	113	76	0.0	0.0	0.0
9458	HGSV_2292	113	2	0.0	0.0	0.0
9459	HGSV_2522	113	1	0.001	0.001	0.001
9460	HGSV_2571	113	33	0.016	0.016	0.016
9461	HGSV_2688	113	1	0.0	0.0	0.0
9462	HGSV_2767	113	20	0.018	0.018	0.018
9463	HGSV_2947	113	7	0.005	0.005	0.005
9464	HGSV_3501	113	1	0.0	0.0	0.0
9465	HGSV_3660	113	5	0.003	0.003	0.003
9466	HGSV_3947	113	1	0.0	0.0	0.0
9467	HGSV_4566	113	0	0.0	0.0	0.0
9468	HGSV_5083	113	0	0.0	0.0	0.0
9469	HGSV_5960	113	2	0.0	0.0	0.0
9470	HGSV_6292	113	9	0.003	0.003	0.003
9471	HGSV_6501	113	0	0.0	0.0	0.0
9472	HGSV_804	113	3	0.0	0.0	0.0
9473	HGSV_8100	113	1	0.0	0.0	0.0
9474	HGSV_8746	113	3	0.0	0.0	0.0
9475	HGSV_909	113	3	0.0	0.0	0.0
9476	HGSV_9106	113	0	0.0	0.0	0.0
9477	HGSV_9314	113	3	0.0	0.0	0.0
9478	HGSV_9462	113	2	0.001	0.001	0.001
9479	HGSV_10301	112	3	0.001	0.001	0.001
9480	HGSV_10779	112	1	0.469	0.469	0.469
9481	HGSV_11241	112	1	0.0	0.0	0.0
9482	HGSV_11280	112	3	0.0	0.0	0.0
9483	HGSV_12790	112	2	0.0	0.0	0.0
9484	HGSV_13161	112	12	0.0	0.0	0.0
9485	HGSV_13452	112	3	0.0	0.0	0.0
9486	HGSV_14281	112	2	0.0	0.0	0.0
9487	HGSV_143684	112	33	0.021	0.021	0.021
9488	HGSV_145157	112	14	0.001	0.001	0.001
9489	HGSV_145163	112	76	0.054	0.054	0.054
9490	HGSV_145369	112	9	0.007	0.007	0.0
9491	HGSV_146788	112	1	0.001	0.001	0.001
9492	HGSV_147024	112	6	0.005	0.005	0.005
9493	HGSV_147430	112	54	0.073	0.073	0.0
9494	HGSV_148048	112	4	0.144	0.144	0.0
9495	HGSV_148978	112	3	0.0	0.0	0.0
9496	HGSV_149344	112	1	0.0	0.0	0.0
9497	HGSV_14938	112	2	0.0	0.0	0.0
9498	HGSV_14940	112	8	0.0	0.0	0.0
9499	HGSV_149774	112	10	0.007	0.007	0.007
9500	HGSV_150368	112	0	0.0	0.0	0.0
9501	HGSV_151009	112	5	0.0	0.0	0.0
9502	HGSV_151199	112	75	0.041	0.0	0.0
9503	HGSV_152556	112	4	0.0	0.0	0.0
9504	HGSV_153114	112	0	0.0	0.0	0.0
9505	HGSV_153989	112	0	0.0	0.0	0.0
9506	HGSV_155590	112	20	0.012	0.012	0.012
9507	HGSV_156795	112	1	0.0	0.0	0.0
9508	HGSV_157249	112	12	0.007	0.007	0.007
9509	HGSV_158869	112	2	0.107	0.107	0.0
9510	HGSV_16288	112	1	0.0	0.0	0.0
9511	HGSV_16292	112	2	0.0	0.0	0.0
9512	HGSV_16563	112	1	0.0	0.0	0.0
9513	HGSV_17175	112	2	0.0	0.0	0.0
9514	HGSV_17389	112	1	0.001	0.001	0.001
9515	HGSV_17558	112	0	0.0	0.0	0.0
9516	HGSV_17782	112	4	0.001	0.001	0.001
9517	HGSV_18131	112	5	0.002	0.002	0.002
9518	HGSV_19090	112	2	0.0	0.0	0.0
9519	HGSV_1938	112	0	0.0	0.0	0.0
9520	HGSV_1973	112	2	0.0	0.0	0.0
9521	HGSV_2067	112	5	0.0	0.0	0.0
9522	HGSV_254	112	5	0.0	0.0	0.0
9523	HGSV_2556	112	0	0.0	0.0	0.0
9524	HGSV_2573	112	2	0.0	0.0	0.0
9525	HGSV_3054	112	14	0.0	0.0	0.0
9526	HGSV_3399	112	3	0.0	0.0	0.0
9527	HGSV_3642	112	4	0.0	0.0	0.0
9528	HGSV_3706	112	9	0.003	0.0	0.0
9529	HGSV_5081	112	0	0.0	0.0	0.0
9530	HGSV_5394	112	2	0.0	0.0	0.0
9531	HGSV_6274	112	7	0.001	0.001	0.001
9532	HGSV_6467	112	2	0.0	0.0	0.0
9533	HGSV_704	112	3	0.001	0.001	0.001
9534	HGSV_7061	112	2	0.001	0.001	0.001
9535	HGSV_8007	112	18	0.006	0.006	0.006
9536	HGSV_8037	112	0	0.0	0.0	0.0
9537	HGSV_807	112	0	0.0	0.0	0.0
9538	HGSV_935	112	1	0.0	0.0	0.0
9539	HGSV_998	112	11	0.0	0.0	0.0
9540	HGSV_10851	111	10	0.001	0.0	0.0
9541	HGSV_10924	111	45	0.024	0.024	0.024
9542	HGSV_11066	111	23	0.016	0.016	0.016
9543	HGSV_11216	111	21	0.0	0.0	0.0
9544	HGSV_11249	111	0	0.0	0.0	0.0
9545	HGSV_11309	111	0	0.861	0.861	0.861
9546	HGSV_12616	111	15	0.005	0.005	0.005
9547	HGSV_13296	111	1	0.0	0.0	0.0
9548	HGSV_1410	111	3	0.0	0.0	0.0
9549	HGSV_14447	111	0	0.0	0.0	0.0
9550	HGSV_144515	111	1	0.347	0.347	0.641
9551	HGSV_145033	111	0	0.0	0.0	0.0
9552	HGSV_145127	111	2	0.0	0.0	0.0
9553	HGSV_145476	111	2	0.0	0.0	0.0
9554	HGSV_145679	111	0	0.001	0.001	0.001
9555	HGSV_146914	111	8	0.005	0.005	0.005
9556	HGSV_146964	111	3	0.0	0.0	0.0
9557	HGSV_147130	111	2	0.002	0.002	0.002
9558	HGSV_14755	111	5	0.0	0.0	0.0
9559	HGSV_147592	111	41	0.031	0.031	0.031
9560	HGSV_148118	111	4	0.998	0.998	0.998
9561	HGSV_148638	111	2	0.0	0.0	0.0
9562	HGSV_149067	111	1	0.0	0.0	0.0
9563	HGSV_149462	111	1	0.0	0.0	0.0
9564	HGSV_150061	111	1	0.0	0.0	0.0
9565	HGSV_150381	111	0	0.001	0.001	0.001
9566	HGSV_15183	111	2	0.0	0.0	0.0
9567	HGSV_152530	111	1	0.0	0.0	0.0
9568	HGSV_153096	111	1	0.0	0.0	0.0
9569	HGSV_153839	111	2	0.0	0.0	0.0
9570	HGSV_154361	111	2	0.001	0.001	0.001
9571	HGSV_154553	111	1	0.998	0.998	0.998
9572	HGSV_156773	111	14	0.0	0.0	0.0
9573	HGSV_156816	111	0	0.0	0.0	0.0
9574	HGSV_157033	111	9	0.0	0.0	0.0
9575	HGSV_157294	111	2	0.0	0.0	0.0
9576	HGSV_157909	111	1	0.0	0.0	0.0
9577	HGSV_158398	111	2	0.0	0.0	0.0
9578	HGSV_16415	111	3	0.0	0.0	0.0
9579	HGSV_16523	111	0	0.0	0.0	0.0
9580	HGSV_16525	111	14	0.0	0.0	0.0
9581	HGSV_16903	111	9	0.004	0.004	0.0
9582	HGSV_17908	111	2	0.0	0.0	0.0
9583	HGSV_18295	111	41	0.028	0.028	0.0
9584	HGSV_18969	111	47	0.031	0.031	0.031
9585	HGSV_19188	111	2	0.0	0.0	0.0
9586	HGSV_19354	111	0	0.0	0.0	0.0
9587	HGSV_2137	111	0	0.0	0.0	0.0
9588	HGSV_2711	111	0	0.0	0.0	0.0
9589	HGSV_2955	111	1	0.507	0.507	0.507
9590	HGSV_3072	111	12	0.0	0.0	0.0
9591	HGSV_3109	111	0	0.0	0.0	0.0
9592	HGSV_3392	111	0	1.0	1.0	1.0
9593	HGSV_3888	111	1	0.0	0.0	0.0
9594	HGSV_4633	111	2	0.003	0.003	0.003
9595	HGSV_5949	111	0	0.882	0.882	0.882
9596	HGSV_6656	111	3	0.0	0.0	0.0
9597	HGSV_7699	111	90	0.073	0.073	0.073
9598	HGSV_774	111	1	0.0	0.0	0.0
9599	HGSV_7941	111	1	0.0	0.0	0.0
9600	HGSV_8111	111	4	0.0	0.0	0.0
9601	HGSV_9783	111	0	0.0	0.0	0.0
9602	HGSV_10297	110	26	0.012	0.012	0.012
9603	HGSV_10894	110	46	0.0	0.0	0.0
9604	HGSV_11243	110	0	0.001	0.001	0.001
9605	HGSV_11758	110	1	0.0	0.0	0.0
9606	HGSV_1188	110	1	0.0	0.0	0.0
9607	HGSV_12399	110	3	0.001	0.001	0.001
9608	HGSV_13031	110	2	0.001	0.001	0.001
9609	HGSV_13840	110	6	0.0	0.0	0.0
9610	HGSV_14320	110	1	0.0	0.0	0.0
9611	HGSV_144934	110	0	0.0	0.0	0.0
9612	HGSV_1450	110	5	0.001	0.001	0.001
9613	HGSV_145045	110	1	0.0	0.0	0.0
9614	HGSV_145395	110	3	0.0	0.0	0.0
9615	HGSV_145588	110	3	0.001	0.001	0.001
9616	HGSV_14566	110	4	0.001	0.001	0.001
9617	HGSV_145719	110	1	0.0	0.0	0.0
9618	HGSV_146450	110	1	0.0	0.0	0.0
9619	HGSV_147308	110	1	0.795	0.795	0.795
9620	HGSV_147490	110	2	0.001	0.001	0.001
9621	HGSV_147894	110	5	0.0	0.0	0.0
9622	HGSV_148692	110	11	0.006	0.006	0.006
9623	HGSV_149296	110	13	0.007	0.007	0.007
9624	HGSV_149636	110	0	0.0	0.0	0.0
9625	HGSV_150529	110	36	0.017	0.017	0.0
9626	HGSV_151384	110	3	0.001	0.001	0.001
9627	HGSV_151558	110	2	0.0	0.0	0.0
9628	HGSV_151805	110	76	0.051	0.051	0.051
9629	HGSV_152536	110	25	0.012	0.012	0.012
9630	HGSV_153275	110	3	0.0	0.0	0.0
9631	HGSV_153922	110	0	0.0	0.0	0.0
9632	HGSV_154097	110	2	0.0	0.0	0.0
9633	HGSV_155910	110	1	0.0	0.0	0.0
9634	HGSV_1560	110	12	0.0	0.0	0.0
9635	HGSV_156437	110	2	0.985	0.985	0.985
9636	HGSV_156485	110	1	0.0	0.0	0.0
9637	HGSV_157129	110	1	0.0	0.0	0.0
9638	HGSV_158875	110	6	0.0	0.0	0.0
9639	HGSV_159138	110	40	0.017	0.017	0.017
9640	HGSV_16056	110	1	0.0	0.0	0.0
9641	HGSV_1620	110	1	0.532	0.532	0.532
9642	HGSV_16894	110	6	0.0	0.0	0.0
9643	HGSV_18310	110	0	0.0	0.0	0.0
9644	HGSV_19119	110	4	0.0	0.0	0.0
9645	HGSV_19387	110	1	0.0	0.0	0.0
9646	HGSV_19592	110	23	0.0	0.0	0.0
9647	HGSV_1960	110	1	0.0	0.0	0.0
9648	HGSV_2199	110	48	0.0	0.0	0.0
9649	HGSV_2219	110	1	0.0	0.0	0.0
9650	HGSV_2234	110	0	0.0	0.0	0.0
9651	HGSV_2244	110	1	0.0	0.0	0.0
9652	HGSV_3383	110	2	0.0	0.0	0.0
9653	HGSV_3874	110	4	0.002	0.002	0.0
9654	HGSV_3908	110	0	0.001	0.001	0.001
9655	HGSV_4146	110	14	0.001	0.001	0.001
9656	HGSV_4539	110	5	0.0	0.0	0.0
9657	HGSV_4709	110	0	0.0	0.0	0.0
9658	HGSV_6100	110	2	0.0	0.0	0.0
9659	HGSV_7163	110	1	0.0	0.0	0.0
9660	HGSV_7181	110	7	0.0	0.0	0.0
9661	HGSV_7929	110	51	0.051	0.051	0.0
9662	HGSV_9043	110	1	0.0	0.0	0.0
9663	HGSV_9209	110	2	0.005	0.005	0.005
9664	HGSV_9271	110	0	0.0	0.0	0.0
9665	HGSV_9503	110	2	0.002	0.002	0.002
9666	HGSV_10613	109	3	0.0	0.0	0.0
9667	HGSV_11564	109	3	0.0	0.0	0.0
9668	HGSV_11745	109	1	0.0	0.0	0.0
9669	HGSV_11900	109	10	0.002	0.002	0.002
9670	HGSV_12004	109	2	0.0	0.0	0.0
9671	HGSV_12623	109	0	0.0	0.0	0.0
9672	HGSV_13525	109	2	0.003	0.003	0.0
9673	HGSV_1404	109	2	0.001	0.0	0.0
9674	HGSV_143489	109	0	0.0	0.0	0.0
9675	HGSV_144118	109	0	0.0	0.0	0.0
9676	HGSV_14428	109	4	0.0	0.0	0.0
9677	HGSV_144429	109	0	0.395	0.395	0.395
9678	HGSV_144985	109	0	0.484	0.484	0.484
9679	HGSV_145780	109	14	0.011	0.011	0.011
9680	HGSV_145830	109	17	0.012	0.012	0.012
9681	HGSV_145902	109	1	0.001	0.001	0.001
9682	HGSV_146729	109	78	0.057	0.057	0.057
9683	HGSV_147000	109	0	0.001	0.001	0.001
9684	HGSV_148852	109	1	0.0	0.0	0.0
9685	HGSV_149297	109	3	0.0	0.0	0.0
9686	HGSV_149683	109	4	0.699	0.826	0.826
9687	HGSV_1498	109	7	0.007	0.007	0.0
9688	HGSV_149831	109	0	0.0	0.0	0.0
9689	HGSV_150346	109	2	0.0	0.0	0.0
9690	HGSV_150456	109	1	0.0	0.0	0.0
9691	HGSV_150812	109	3	0.0	0.0	0.0
9692	HGSV_15089	109	3	0.0	0.0	0.0
9693	HGSV_151078	109	37	0.025	0.025	0.025
9694	HGSV_152477	109	1	0.0	0.0	0.0
9695	HGSV_153147	109	2	0.992	0.992	0.992
9696	HGSV_153808	109	4	0.006	0.006	0.006
9697	HGSV_154372	109	1	0.0	0.0	0.0
9698	HGSV_154997	109	0	0.001	0.001	0.0
9699	HGSV_155060	109	2	0.001	0.0	0.0
9700	HGSV_155217	109	31	0.0	0.0	0.0
9701	HGSV_15529	109	1	0.0	0.0	0.0
9702	HGSV_155388	109	0	0.0	0.0	0.0
9703	HGSV_156666	109	29	0.064	0.064	0.0
9704	HGSV_157520	109	76	0.0	0.0	0.0
9705	HGSV_158355	109	0	0.0	0.0	0.0
9706	HGSV_158825	109	3	0.003	0.003	0.0
9707	HGSV_16159	109	30	0.017	0.017	0.017
9708	HGSV_16168	109	1	0.0	0.0	0.0
9709	HGSV_16237	109	3	0.002	0.002	0.002
9710	HGSV_17112	109	1	0.0	0.0	0.0
9711	HGSV_17739	109	2	0.0	0.0	0.0
9712	HGSV_18492	109	1	0.0	0.0	0.0
9713	HGSV_18730	109	7	0.0	0.0	0.0
9714	HGSV_18963	109	1	0.0	0.0	0.0
9715	HGSV_19046	109	0	0.0	0.0	0.0
9716	HGSV_19394	109	4	0.979	0.0	0.0
9717	HGSV_19457	109	17	0.018	0.018	0.018
9718	HGSV_19496	109	0	0.0	0.0	0.0
9719	HGSV_1985	109	2	0.001	0.001	0.001
9720	HGSV_2236	109	1	0.0	0.0	0.0
9721	HGSV_2341	109	0	0.569	0.569	0.569
9722	HGSV_2374	109	27	0.015	0.015	0.015
9723	HGSV_2719	109	2	0.002	0.002	0.002
9724	HGSV_3297	109	10	0.0	0.0	0.0
9725	HGSV_3875	109	0	0.0	0.0	0.0
9726	HGSV_4231	109	0	0.0	0.0	0.0
9727	HGSV_4292	109	0	0.001	0.0	0.0
9728	HGSV_4638	109	24	0.943	0.0	0.0
9729	HGSV_5079	109	1	0.0	0.0	0.0
9730	HGSV_5987	109	2	0.0	0.0	0.0
9731	HGSV_6258	109	0	0.0	0.0	0.0
9732	HGSV_6711	109	2	0.0	0.0	0.0
9733	HGSV_6936	109	1	0.0	0.0	0.0
9734	HGSV_7048	109	1	0.475	0.475	0.583
9735	HGSV_7139	109	1	0.0	0.0	0.0
9736	HGSV_7506	109	6	0.002	0.002	0.002
9737	HGSV_7711	109	2	0.0	0.0	0.0
9738	HGSV_8174	109	2	0.0	0.0	0.0
9739	HGSV_8221	109	0	0.0	0.0	0.0
9740	HGSV_9992	109	3	0.0	0.0	0.0
9741	HGSV_10084	108	0	0.0	0.0	0.0
9742	HGSV_10204	108	82	0.0	0.0	0.0
9743	HGSV_10223	108	2	0.0	0.0	0.0
9744	HGSV_11281	108	0	0.001	0.001	0.001
9745	HGSV_11291	108	1	0.0	0.0	0.0
9746	HGSV_11310	108	7	0.001	0.001	0.001
9747	HGSV_11595	108	9	0.013	0.013	0.013
9748	HGSV_11741	108	1	0.0	0.0	0.0
9749	HGSV_12258	108	0	0.0	0.0	0.0
9750	HGSV_12785	108	1	0.0	0.0	0.0
9751	HGSV_1390	108	0	0.0	0.0	0.0
9752	HGSV_14137	108	0	0.0	0.0	0.0
9753	HGSV_14351	108	2	0.001	0.001	0.001
9754	HGSV_144734	108	2	0.0	0.0	0.0
9755	HGSV_144924	108	12	0.004	0.004	0.004
9756	HGSV_145907	108	1	0.0	0.0	0.0
9757	HGSV_146467	108	1	0.0	0.0	0.0
9758	HGSV_146801	108	1	0.0	0.0	0.0
9759	HGSV_146973	108	2	0.002	0.002	0.002
9760	HGSV_147802	108	6	0.0	0.0	0.0
9761	HGSV_147990	108	1	0.0	0.0	0.0
9762	HGSV_148046	108	0	0.0	0.0	0.0
9763	HGSV_148506	108	10	0.006	0.006	0.0
9764	HGSV_148537	108	4	0.001	0.001	0.001
9765	HGSV_148770	108	1	0.777	0.777	0.777
9766	HGSV_148930	108	1	0.0	0.0	0.0
9767	HGSV_149023	108	3	0.002	0.002	0.002
9768	HGSV_149165	108	4	0.0	0.0	0.0
9769	HGSV_14928	108	2	0.0	0.0	0.0
9770	HGSV_149353	108	0	0.0	0.0	0.0
9771	HGSV_149805	108	0	0.0	0.0	0.0
9772	HGSV_150775	108	3	0.0	0.0	0.0
9773	HGSV_150903	108	4	0.0	0.0	0.0
9774	HGSV_151300	108	11	0.0	0.0	0.0
9775	HGSV_151311	108	1	0.0	0.0	0.0
9776	HGSV_151360	108	4	0.0	0.0	0.0
9777	HGSV_152170	108	1	0.737	0.737	0.992
9778	HGSV_152542	108	2	0.001	0.248	0.883
9779	HGSV_152875	108	76	0.032	0.032	0.0
9780	HGSV_152921	108	1	0.0	0.0	0.0
9781	HGSV_153158	108	1	0.0	0.0	0.0
9782	HGSV_153760	108	14	0.01	0.01	0.0
9783	HGSV_153788	108	1	0.0	0.0	0.0
9784	HGSV_155050	108	36	0.018	0.018	0.018
9785	HGSV_155135	108	9	0.0	0.0	0.0
9786	HGSV_155351	108	73	0.0	0.0	0.0
9787	HGSV_15565	108	1	0.0	0.0	0.0
9788	HGSV_156060	108	3	0.0	0.0	0.0
9789	HGSV_156788	108	1	0.0	0.0	0.0
9790	HGSV_157848	108	2	0.0	0.0	0.0
9791	HGSV_158035	108	75	0.059	0.0	0.0
9792	HGSV_158819	108	21	0.014	0.014	0.014
9793	HGSV_16228	108	25	0.009	0.009	0.009
9794	HGSV_16710	108	3	0.001	0.001	0.001
9795	HGSV_17200	108	2	0.0	0.0	0.0
9796	HGSV_17238	108	1	0.0	0.0	0.0
9797	HGSV_17588	108	0	0.0	0.0	0.0
9798	HGSV_17964	108	1	0.0	0.0	0.0
9799	HGSV_18540	108	3	0.001	0.001	0.001
9800	HGSV_18684	108	1	0.002	0.002	0.002
9801	HGSV_19381	108	2	0.0	0.0	0.0
9802	HGSV_2347	108	68	0.06	0.06	0.06
9803	HGSV_2467	108	0	0.0	0.0	0.0
9804	HGSV_2526	108	2	0.0	0.0	0.0
9805	HGSV_2800	108	42	0.016	0.016	0.016
9806	HGSV_3183	108	0	0.001	0.001	0.001
9807	HGSV_370	108	0	0.0	0.0	0.0
9808	HGSV_3735	108	0	0.001	0.001	0.001
9809	HGSV_3763	108	1	0.002	0.002	0.002
9810	HGSV_4896	108	2	0.0	0.0	0.0
9811	HGSV_5326	108	28	0.009	0.009	0.009
9812	HGSV_5382	108	1	0.001	0.001	0.001
9813	HGSV_5579	108	1	0.001	0.001	0.001
9814	HGSV_5683	108	0	0.445	0.445	0.545
9815	HGSV_6011	108	0	0.0	0.0	0.0
9816	HGSV_668	108	1	0.0	0.0	0.0
9817	HGSV_767	108	2	0.0	0.0	0.0
9818	HGSV_7678	108	0	0.0	0.0	0.0
9819	HGSV_8456	108	0	0.0	0.0	0.0
9820	HGSV_9191	108	0	0.0	0.0	0.0
9821	HGSV_11180	107	4	0.0	0.0	0.0
9822	HGSV_11279	107	17	0.0	0.0	0.0
9823	HGSV_11503	107	2	0.0	0.0	0.0
9824	HGSV_11610	107	11	0.002	0.002	0.002
9825	HGSV_11898	107	3	0.0	0.0	0.0
9826	HGSV_12109	107	2	0.0	0.0	0.0
9827	HGSV_1284	107	1	0.0	0.0	0.0
9828	HGSV_13277	107	4	0.002	0.002	0.0
9829	HGSV_143815	107	0	0.001	0.001	0.001
9830	HGSV_143849	107	0	0.0	0.0	0.0
9831	HGSV_144145	107	3	0.0	0.0	0.0
9832	HGSV_144325	107	6	0.006	0.006	0.006
9833	HGSV_144335	107	6	0.001	0.001	0.001
9834	HGSV_144793	107	0	0.0	0.0	0.0
9835	HGSV_145763	107	1	0.044	0.044	0.044
9836	HGSV_145946	107	19	0.956	0.956	0.956
9837	HGSV_146040	107	0	0.836	0.836	0.836
9838	HGSV_146613	107	2	0.0	0.0	0.0
9839	HGSV_146839	107	3	0.0	0.0	0.0
9840	HGSV_147142	107	25	0.0	0.0	0.0
9841	HGSV_147885	107	1	0.0	0.0	0.0
9842	HGSV_148277	107	1	0.0	0.0	0.0
9843	HGSV_148466	107	37	0.025	0.025	0.025
9844	HGSV_148668	107	1	0.0	0.0	0.0
9845	HGSV_149031	107	1	0.0	0.0	0.0
9846	HGSV_150103	107	2	0.0	0.0	0.0
9847	HGSV_150167	107	1	0.001	0.001	0.001
9848	HGSV_150310	107	2	0.0	0.0	0.0
9849	HGSV_150360	107	3	0.003	0.003	0.003
9850	HGSV_151133	107	64	0.0	0.0	0.0
9851	HGSV_151763	107	1	0.0	0.0	0.0
9852	HGSV_151823	107	1	0.534	0.534	0.534
9853	HGSV_152710	107	1	0.0	0.0	0.0
9854	HGSV_152742	107	0	0.0	0.0	0.0
9855	HGSV_153389	107	25	0.013	0.013	0.013
9856	HGSV_153785	107	2	0.001	0.001	0.001
9857	HGSV_153831	107	49	0.0	0.0	0.0
9858	HGSV_154681	107	14	0.005	0.005	0.0
9859	HGSV_154766	107	10	0.014	0.014	0.014
9860	HGSV_155376	107	3	0.0	0.0	0.0
9861	HGSV_155436	107	0	0.0	0.0	0.0
9862	HGSV_155538	107	4	0.0	0.0	0.0
9863	HGSV_15562	107	15	0.005	0.005	0.005
9864	HGSV_157506	107	74	0.058	0.058	0.0
9865	HGSV_157961	107	2	0.001	0.001	0.001
9866	HGSV_158171	107	1	0.0	0.0	0.0
9867	HGSV_158186	107	19	0.01	0.01	0.01
9868	HGSV_158286	107	3	0.002	0.002	0.002
9869	HGSV_159141	107	3	0.001	0.001	0.001
9870	HGSV_162	107	74	0.0	0.0	0.0
9871	HGSV_17026	107	0	0.001	0.001	0.001
9872	HGSV_1703	107	38	0.044	0.044	0.044
9873	HGSV_17323	107	2	0.0	0.0	0.0
9874	HGSV_18225	107	0	0.001	0.001	0.001
9875	HGSV_1836	107	0	0.0	0.0	0.0
9876	HGSV_18694	107	5	0.0	0.0	0.0
9877	HGSV_18775	107	7	0.001	0.001	0.001
9878	HGSV_19043	107	0	0.001	0.0	0.0
9879	HGSV_19548	107	1	0.0	0.0	0.0
9880	HGSV_2227	107	1	0.0	0.0	0.0
9881	HGSV_2266	107	3	0.0	0.0	0.0
9882	HGSV_2906	107	4	0.0	0.0	0.0
9883	HGSV_3004	107	3	0.0	0.0	0.0
9884	HGSV_3210	107	4	0.0	0.0	0.0
9885	HGSV_3366	107	2	0.0	0.0	0.0
9886	HGSV_3378	107	2	0.0	0.0	0.0
9887	HGSV_3400	107	0	0.0	0.0	0.0
9888	HGSV_4400	107	1	0.001	0.001	0.001
9889	HGSV_4600	107	1	0.37	0.37	0.37
9890	HGSV_6837	107	1	0.0	0.0	0.0
9891	HGSV_8002	107	1	0.0	0.0	0.0
9892	HGSV_8326	107	6	0.0	0.0	0.0
9893	HGSV_8352	107	30	0.071	0.071	0.0
9894	HGSV_8849	107	3	0.0	0.0	0.0
9895	HGSV_9684	107	0	0.0	0.0	0.0
9896	HGSV_9810	107	4	0.0	0.0	0.0
9897	HGSV_10065	106	1	0.0	0.0	0.0
9898	HGSV_1162	106	53	0.0	0.0	0.0
9899	HGSV_11957	106	1	0.0	0.0	0.0
9900	HGSV_12994	106	33	0.028	0.028	0.028
9901	HGSV_13294	106	1	0.001	0.001	0.001
9902	HGSV_13301	106	0	0.0	0.0	0.0
9903	HGSV_13574	106	21	0.124	0.124	0.0
9904	HGSV_13933	106	2	0.0	0.0	0.0
9905	HGSV_144028	106	2	0.003	0.003	0.003
9906	HGSV_144590	106	2	0.001	0.001	0.001
9907	HGSV_144737	106	1	0.0	0.0	0.0
9908	HGSV_144802	106	5	0.002	0.002	0.002
9909	HGSV_144817	106	0	0.0	0.0	0.0
9910	HGSV_145010	106	0	0.0	0.0	0.0
9911	HGSV_145075	106	1	0.0	0.0	0.0
9912	HGSV_145814	106	1	0.0	0.0	0.0
9913	HGSV_146281	106	7	0.001	0.001	0.001
9914	HGSV_146929	106	2	0.0	0.0	0.0
9915	HGSV_146980	106	3	0.002	0.002	0.0
9916	HGSV_147545	106	2	0.001	0.001	0.0
9917	HGSV_147690	106	5	0.0	0.0	0.0
9918	HGSV_14771	106	1	0.0	0.0	0.0
9919	HGSV_148781	106	0	0.0	0.0	0.0
9920	HGSV_148949	106	0	0.0	0.0	0.0
9921	HGSV_14924	106	1	0.0	0.0	0.0
9922	HGSV_149585	106	3	0.001	0.001	0.001
9923	HGSV_149874	106	4	0.0	0.0	0.0
9924	HGSV_150205	106	1	0.0	0.0	0.0
9925	HGSV_150355	106	4	0.004	0.004	0.004
9926	HGSV_150468	106	3	0.0	0.0	0.0
9927	HGSV_15094	106	22	0.0	0.0	0.0
9928	HGSV_152051	106	0	0.0	0.0	0.0
9929	HGSV_152364	106	11	0.0	0.0	0.0
9930	HGSV_154055	106	1	0.0	0.0	0.0
9931	HGSV_154087	106	1	0.0	0.0	0.0
9932	HGSV_154635	106	0	0.0	0.0	0.0
9933	HGSV_155672	106	1	0.0	0.0	0.0
9934	HGSV_155846	106	20	0.007	0.007	0.007
9935	HGSV_156643	106	3	0.0	0.0	0.0
9936	HGSV_156800	106	1	0.0	0.0	0.0
9937	HGSV_156885	106	8	0.003	0.003	0.0
9938	HGSV_156945	106	2	0.0	0.0	0.0
9939	HGSV_157168	106	1	0.0	0.0	0.0
9940	HGSV_158640	106	1	0.001	0.001	0.001
9941	HGSV_16441	106	0	0.0	0.0	0.0
9942	HGSV_16963	106	5	0.004	0.004	0.004
9943	HGSV_17242	106	2	0.001	0.001	0.001
9944	HGSV_18256	106	2	0.0	0.0	0.0
9945	HGSV_1835	106	1	0.0	0.0	0.0
9946	HGSV_18431	106	0	0.0	0.0	0.0
9947	HGSV_18485	106	0	0.0	0.0	0.0
9948	HGSV_2157	106	4	0.001	0.001	0.001
9949	HGSV_2294	106	2	0.002	0.0	0.0
9950	HGSV_2295	106	2	0.002	0.0	0.0
9951	HGSV_2701	106	4	0.0	0.0	0.0
9952	HGSV_2845	106	2	0.0	0.0	0.0
9953	HGSV_3087	106	2	0.0	0.0	0.0
9954	HGSV_4337	106	2	0.001	0.001	0.001
9955	HGSV_4426	106	8	0.0	0.0	0.0
9956	HGSV_4581	106	1	0.001	0.001	0.001
9957	HGSV_5238	106	1	0.0	0.0	0.0
9958	HGSV_5465	106	1	0.0	0.0	0.0
9959	HGSV_5793	106	1	0.0	0.0	0.0
9960	HGSV_6092	106	2	0.0	0.0	0.0
9961	HGSV_6243	106	23	0.01	0.01	0.01
9962	HGSV_6328	106	9	0.002	0.002	0.002
9963	HGSV_6822	106	0	0.0	0.0	0.0
9964	HGSV_7527	106	2	0.001	0.001	0.001
9965	HGSV_7809	106	1	0.0	0.0	0.0
9966	HGSV_7866	106	2	0.0	0.0	0.0
9967	HGSV_8083	106	14	0.001	0.001	0.001
9968	HGSV_9379	106	6	0.0	0.0	0.0
9969	HGSV_9459	106	2	0.003	0.003	0.003
9970	HGSV_10013	105	0	0.0	0.0	0.0
9971	HGSV_10040	105	3	0.0	0.0	0.0
9972	HGSV_10313	105	0	0.0	0.0	0.0
9973	HGSV_10609	105	10	0.0	0.0	0.0
9974	HGSV_1067	105	0	0.0	0.0	0.0
9975	HGSV_11074	105	3	0.0	0.0	0.0
9976	HGSV_11619	105	1	0.913	0.913	0.913
9977	HGSV_12094	105	0	0.0	0.0	0.0
9978	HGSV_12210	105	1	0.0	0.0	0.0
9979	HGSV_12237	105	57	0.0	0.0	0.0
9980	HGSV_1289	105	11	0.006	0.006	0.0
9981	HGSV_13109	105	3	0.001	0.001	0.001
9982	HGSV_13603	105	0	0.0	0.0	0.0
9983	HGSV_13788	105	0	0.001	0.001	0.0
9984	HGSV_13963	105	70	0.048	0.048	0.048
9985	HGSV_144302	105	4	0.0	0.0	0.0
9986	HGSV_144608	105	1	0.0	0.0	0.0
9987	HGSV_144667	105	3	0.001	0.001	0.001
9988	HGSV_144926	105	3	0.0	0.0	0.0
9989	HGSV_144995	105	0	0.0	0.0	0.0
9990	HGSV_145062	105	5	0.0	0.0	0.0
9991	HGSV_145688	105	3	0.0	0.0	0.0
9992	HGSV_145844	105	86	0.051	0.051	0.051
9993	HGSV_145981	105	8	0.0	0.0	0.0
9994	HGSV_147135	105	2	0.004	0.004	0.004
9995	HGSV_148706	105	0	0.0	0.0	0.0
9996	HGSV_149160	105	3	0.001	0.001	0.001
9997	HGSV_149669	105	3	0.003	0.0	0.0
9998	HGSV_149724	105	4	0.001	0.001	0.001
9999	HGSV_15057	105	0	0.0	0.0	0.0
10000	HGSV_150878	105	1	0.001	0.001	0.001
10001	HGSV_151043	105	3	0.0	0.0	0.0
10002	HGSV_152907	105	1	0.0	0.0	0.0
10003	HGSV_153079	105	1	0.0	0.0	0.0
10004	HGSV_153268	105	2	0.0	0.0	0.0
10005	HGSV_1533	105	10	0.0	0.0	0.0
10006	HGSV_153445	105	52	0.035	0.035	0.035
10007	HGSV_153630	105	5	0.0	0.0	0.0
10008	HGSV_154266	105	1	0.0	0.0	0.0
10009	HGSV_154365	105	3	0.0	0.0	0.0
10010	HGSV_155297	105	0	0.0	0.0	0.0
10011	HGSV_155864	105	22	0.022	0.022	0.022
10012	HGSV_156924	105	0	0.0	0.0	0.0
10013	HGSV_157245	105	3	0.0	0.0	0.0
10014	HGSV_157854	105	2	0.0	0.0	0.0
10015	HGSV_158049	105	5	0.001	0.001	0.001
10016	HGSV_16010	105	3	0.0	0.0	0.0
10017	HGSV_16279	105	3	0.0	0.0	0.0
10018	HGSV_1636	105	2	0.0	0.0	0.0
10019	HGSV_17061	105	2	0.0	0.0	0.0
10020	HGSV_1770	105	0	0.0	0.0	0.0
10021	HGSV_17755	105	28	0.02	0.02	0.02
10022	HGSV_1790	105	1	0.391	0.391	0.391
10023	HGSV_18113	105	0	0.0	0.0	0.0
10024	HGSV_18167	105	1	0.002	0.002	0.002
10025	HGSV_18176	105	1	0.0	0.0	0.0
10026	HGSV_18192	105	2	0.0	0.0	0.0
10027	HGSV_19118	105	4	0.0	0.0	0.0
10028	HGSV_2494	105	0	0.0	0.0	0.0
10029	HGSV_2792	105	4	0.0	0.0	0.0
10030	HGSV_4704	105	1	0.0	0.0	0.0
10031	HGSV_5896	105	1	0.0	0.0	0.0
10032	HGSV_5940	105	1	0.0	0.0	0.0
10033	HGSV_7049	105	4	0.0	0.0	0.0
10034	HGSV_7108	105	1	0.0	0.0	0.0
10035	HGSV_7370	105	15	0.008	0.008	0.008
10036	HGSV_747	105	32	0.0	0.0	0.0
10037	HGSV_7491	105	70	0.05	0.0	0.0
10038	HGSV_7783	105	1	0.0	0.0	0.0
10039	HGSV_8208	105	2	0.0	0.0	0.0
10040	HGSV_8550	105	2	0.0	0.0	0.0
10041	HGSV_9860	105	0	0.0	0.0	0.0
10042	HGSV_10115	104	42	0.015	0.015	0.0
10043	HGSV_10432	104	8	0.0	0.0	0.0
10044	HGSV_1145	104	2	0.0	0.0	0.0
10045	HGSV_11585	104	0	0.0	0.0	0.0
10046	HGSV_11820	104	11	0.0	0.0	0.0
10047	HGSV_12176	104	19	0.007	0.007	0.007
10048	HGSV_1220	104	1	0.0	0.0	0.0
10049	HGSV_13756	104	1	0.0	0.0	0.0
10050	HGSV_143517	104	2	0.955	0.955	0.955
10051	HGSV_143545	104	2	0.003	0.0	0.0
10052	HGSV_143987	104	0	0.001	0.001	0.001
10053	HGSV_144564	104	0	0.0	0.0	0.0
10054	HGSV_1455	104	0	0.0	0.0	0.0
10055	HGSV_14562	104	11	0.005	0.0	0.0
10056	HGSV_146772	104	7	0.003	0.003	0.003
10057	HGSV_147458	104	26	0.019	0.019	0.0
10058	HGSV_147790	104	1	0.0	0.0	0.0
10059	HGSV_148752	104	6	0.081	0.081	0.081
10060	HGSV_149167	104	1	0.0	0.0	0.0
10061	HGSV_15058	104	0	0.0	0.0	0.0
10062	HGSV_150855	104	1	0.0	0.0	0.0
10063	HGSV_150924	104	1	0.0	0.0	0.0
10064	HGSV_151071	104	1	0.001	0.0	0.0
10065	HGSV_152118	104	4	0.001	0.001	0.001
10066	HGSV_152446	104	1	0.0	0.0	0.0
10067	HGSV_152470	104	3	0.001	0.001	0.0
10068	HGSV_152713	104	1	0.218	0.218	0.901
10069	HGSV_153289	104	74	0.0	0.0	0.0
10070	HGSV_153312	104	1	0.0	0.0	0.0
10071	HGSV_153593	104	2	0.002	0.002	0.002
10072	HGSV_15427	104	1	0.0	0.0	0.0
10073	HGSV_154282	104	1	0.0	0.0	0.0
10074	HGSV_154284	104	0	0.0	0.0	0.0
10075	HGSV_154950	104	0	0.001	0.0	0.0
10076	HGSV_155042	104	42	0.019	0.019	0.019
10077	HGSV_155205	104	1	0.0	0.0	0.0
10078	HGSV_155378	104	1	0.0	0.0	0.0
10079	HGSV_155613	104	0	0.0	0.0	0.0
10080	HGSV_15566	104	4	0.001	0.001	0.001
10081	HGSV_156314	104	3	0.0	0.0	0.0
10082	HGSV_156464	104	2	0.001	0.001	0.001
10083	HGSV_156642	104	0	0.0	0.0	0.0
10084	HGSV_15703	104	22	0.001	0.911	0.911
10085	HGSV_157146	104	4	0.0	0.0	0.0
10086	HGSV_157197	104	1	0.001	0.001	0.0
10087	HGSV_157449	104	3	0.0	0.0	0.0
10088	HGSV_157575	104	0	0.0	0.0	0.0
10089	HGSV_157731	104	1	0.0	0.0	0.0
10090	HGSV_157856	104	1	0.0	0.0	0.0
10091	HGSV_158735	104	3	0.001	0.001	0.001
10092	HGSV_159018	104	3	0.0	0.0	0.0
10093	HGSV_16458	104	0	0.0	0.0	0.0
10094	HGSV_16662	104	1	0.0	0.0	0.0
10095	HGSV_16766	104	2	0.002	0.002	0.002
10096	HGSV_16925	104	1	0.0	0.0	0.0
10097	HGSV_17576	104	16	0.007	0.007	0.007
10098	HGSV_17843	104	0	0.0	0.0	0.0
10099	HGSV_17977	104	22	0.016	0.016	0.016
10100	HGSV_19162	104	1	0.0	0.0	0.0
10101	HGSV_19380	104	2	0.0	0.0	0.0
10102	HGSV_19557	104	2	0.0	0.0	0.0
10103	HGSV_2411	104	0	0.0	0.0	0.0
10104	HGSV_2419	104	2	0.0	0.0	0.0
10105	HGSV_2529	104	0	0.0	0.0	0.0
10106	HGSV_2530	104	2	0.0	0.0	0.0
10107	HGSV_3094	104	2	0.0	0.0	0.0
10108	HGSV_3280	104	0	0.0	0.0	0.0
10109	HGSV_3612	104	4	0.0	0.0	0.0
10110	HGSV_3667	104	0	0.0	0.0	0.0
10111	HGSV_3856	104	10	0.005	0.005	0.0
10112	HGSV_5136	104	1	0.0	0.0	0.0
10113	HGSV_5153	104	2	0.001	0.001	0.001
10114	HGSV_5659	104	0	0.0	0.0	0.0
10115	HGSV_572	104	0	0.0	0.0	0.0
10116	HGSV_5934	104	0	0.0	0.0	0.0
10117	HGSV_6104	104	0	0.0	0.0	0.0
10118	HGSV_6144	104	14	0.012	0.012	0.012
10119	HGSV_6655	104	19	0.001	0.001	0.001
10120	HGSV_7094	104	63	0.085	0.085	0.085
10121	HGSV_8421	104	0	0.0	0.0	0.0
10122	HGSV_8614	104	0	0.0	0.0	0.0
10123	HGSV_8721	104	79	0.042	0.042	0.042
10124	HGSV_8776	104	4	0.001	0.001	0.001
10125	HGSV_9434	104	18	0.014	0.014	0.014
10126	HGSV_9736	104	2	0.0	0.0	0.0
10127	HGSV_10071	103	2	0.0	0.0	0.0
10128	HGSV_10	103	2	0.0	0.0	0.0
10129	HGSV_1058	103	4	0.0	0.0	0.0
10130	HGSV_1111	103	18	0.0	0.0	0.0
10131	HGSV_11346	103	1	0.0	0.0	0.0
10132	HGSV_11387	103	1	0.0	0.0	0.0
10133	HGSV_12201	103	0	0.0	0.0	0.0
10134	HGSV_12436	103	0	0.0	0.0	0.0
10135	HGSV_12608	103	10	0.001	0.001	0.001
10136	HGSV_13900	103	0	0.0	0.0	0.0
10137	HGSV_1418	103	25	0.012	0.012	0.012
10138	HGSV_143729	103	6	0.001	0.001	0.001
10139	HGSV_143944	103	0	0.001	0.001	0.001
10140	HGSV_144969	103	2	0.0	0.0	0.0
10141	HGSV_14503	103	5	0.006	0.006	0.006
10142	HGSV_145392	103	1	0.0	0.0	0.0
10143	HGSV_145762	103	0	0.494	0.494	0.494
10144	HGSV_145943	103	19	0.002	0.002	0.0
10145	HGSV_146826	103	4	0.001	0.001	0.0
10146	HGSV_147591	103	71	0.056	0.056	0.0
10147	HGSV_14849	103	2	0.0	0.0	0.0
10148	HGSV_148707	103	0	0.0	0.0	0.0
10149	HGSV_149941	103	1	0.0	0.0	0.0
10150	HGSV_150740	103	3	0.005	0.005	0.0
10151	HGSV_151044	103	1	0.0	0.0	0.0
10152	HGSV_15167	103	3	0.0	0.0	0.0
10153	HGSV_152318	103	0	0.433	0.433	0.433
10154	HGSV_152510	103	1	0.0	0.0	0.0
10155	HGSV_154129	103	9	0.006	0.006	0.006
10156	HGSV_154184	103	1	0.0	0.0	0.0
10157	HGSV_155093	103	0	0.0	0.0	0.0
10158	HGSV_155934	103	1	0.0	0.0	0.0
10159	HGSV_156984	103	1	0.0	0.0	0.0
10160	HGSV_157081	103	3	0.0	0.0	0.0
10161	HGSV_157928	103	0	0.975	0.975	0.975
10162	HGSV_157951	103	2	0.0	0.0	0.0
10163	HGSV_158626	103	1	0.0	0.0	0.0
10164	HGSV_158757	103	34	0.033	0.033	0.033
10165	HGSV_158910	103	71	0.04	0.04	0.0
10166	HGSV_158971	103	9	0.003	0.003	0.003
10167	HGSV_159056	103	0	0.0	0.0	0.0
10168	HGSV_16260	103	7	0.0	0.0	0.0
10169	HGSV_17225	103	1	0.0	0.0	0.0
10170	HGSV_17357	103	1	0.0	0.0	0.0
10171	HGSV_17805	103	0	0.018	0.018	0.018
10172	HGSV_18085	103	0	0.0	0.0	0.0
10173	HGSV_18713	103	1	0.001	0.001	0.001
10174	HGSV_18726	103	0	0.0	0.0	0.0
10175	HGSV_18876	103	2	0.002	0.002	0.002
10176	HGSV_1917	103	7	0.005	0.005	0.005
10177	HGSV_19454	103	0	0.111	0.111	0.111
10178	HGSV_19545	103	32	0.01	0.01	0.01
10179	HGSV_2056	103	1	0.0	0.0	0.0
10180	HGSV_2970	103	20	0.009	0.009	0.009
10181	HGSV_3347	103	11	0.004	0.004	0.004
10182	HGSV_3576	103	2	0.001	0.001	0.001
10183	HGSV_3606	103	8	0.007	0.007	0.007
10184	HGSV_3866	103	0	0.001	0.001	0.001
10185	HGSV_398	103	2	0.0	0.0	0.0
10186	HGSV_4780	103	3	0.0	0.0	0.0
10187	HGSV_484	103	2	0.0	0.0	0.0
10188	HGSV_5387	103	0	0.0	0.0	0.0
10189	HGSV_6207	103	1	0.0	0.0	0.0
10190	HGSV_6229	103	1	0.0	0.0	0.0
10191	HGSV_6242	103	0	0.0	0.0	0.0
10192	HGSV_6244	103	71	0.0	0.0	0.0
10193	HGSV_6298	103	0	0.0	0.0	0.0
10194	HGSV_6559	103	6	0.0	0.0	0.0
10195	HGSV_6892	103	78	0.048	0.048	0.0
10196	HGSV_7552	103	81	0.058	0.058	0.0
10197	HGSV_7565	103	23	0.0	0.0	0.0
10198	HGSV_7803	103	5	0.001	0.001	0.001
10199	HGSV_8396	103	1	0.0	0.0	0.0
10200	HGSV_8505	103	6	0.001	0.001	0.0
10201	HGSV_898	103	2	0.003	0.003	0.003
10202	HGSV_9200	103	10	0.005	0.005	0.005
10203	HGSV_980	103	0	0.0	0.0	0.0
10204	HGSV_9805	103	7	0.0	0.0	0.0
10205	HGSV_10761	102	10	0.0	0.0	0.0
10206	HGSV_1103	102	1	0.0	0.0	0.0
10207	HGSV_11315	102	0	0.0	0.0	0.0
10208	HGSV_11344	102	1	0.0	0.0	0.0
10209	HGSV_1172	102	0	0.0	0.0	0.0
10210	HGSV_12202	102	0	0.001	0.001	0.001
10211	HGSV_1251	102	0	0.0	0.0	0.0
10212	HGSV_1367	102	33	0.019	0.019	0.019
10213	HGSV_13901	102	11	0.0	0.0	0.0
10214	HGSV_143622	102	50	0.0	0.0	0.0
10215	HGSV_143816	102	2	0.0	0.0	0.0
10216	HGSV_143943	102	4	0.0	0.0	0.0
10217	HGSV_144709	102	1	0.0	0.0	0.0
10218	HGSV_144733	102	0	0.0	0.0	0.0
10219	HGSV_144871	102	2	0.0	0.0	0.0
10220	HGSV_145326	102	4	0.0	0.0	0.0
10221	HGSV_145629	102	1	0.0	0.0	0.0
10222	HGSV_145636	102	0	0.0	0.0	0.0
10223	HGSV_145721	102	3	0.0	0.0	0.0
10224	HGSV_146518	102	3	0.0	0.0	0.0
10225	HGSV_146753	102	23	0.011	0.011	0.011
10226	HGSV_147316	102	1	0.001	0.001	0.001
10227	HGSV_147756	102	0	0.0	0.0	0.0
10228	HGSV_14826	102	1	0.0	0.0	0.0
10229	HGSV_148532	102	4	0.001	0.001	0.001
10230	HGSV_148687	102	0	0.0	0.0	0.0
10231	HGSV_149040	102	1	0.0	0.0	0.0
10232	HGSV_149161	102	4	0.0	0.0	0.0
10233	HGSV_149336	102	15	0.0	0.0	0.0
10234	HGSV_149832	102	3	0.0	0.0	0.0
10235	HGSV_149911	102	0	0.0	0.0	0.0
10236	HGSV_150084	102	14	0.004	0.004	0.004
10237	HGSV_150228	102	3	0.003	0.0	0.0
10238	HGSV_150236	102	2	0.0	0.0	0.0
10239	HGSV_150614	102	0	0.0	0.0	0.0
10240	HGSV_151550	102	1	0.0	0.0	0.0
10241	HGSV_152282	102	0	0.0	0.0	0.0
10242	HGSV_152294	102	1	0.0	0.0	0.0
10243	HGSV_152701	102	3	0.0	0.0	0.0
10244	HGSV_154103	102	1	0.0	0.0	0.0
10245	HGSV_154496	102	18	0.013	0.013	0.013
10246	HGSV_154661	102	3	0.001	0.001	0.001
10247	HGSV_154691	102	6	0.001	0.001	0.001
10248	HGSV_15576	102	0	0.0	0.0	0.0
10249	HGSV_155829	102	7	0.002	0.002	0.002
10250	HGSV_157367	102	3	0.0	0.0	0.0
10251	HGSV_157511	102	1	0.001	0.001	0.001
10252	HGSV_15766	102	2	0.0	0.0	0.0
10253	HGSV_157901	102	2	0.0	0.0	0.0
10254	HGSV_157918	102	11	0.0	0.0	0.0
10255	HGSV_157969	102	1	0.0	0.0	0.0
10256	HGSV_158702	102	1	0.0	0.0	0.0
10257	HGSV_158940	102	2	0.0	0.0	0.0
10258	HGSV_159055	102	1	0.0	0.0	0.0
10259	HGSV_15967	102	1	0.001	0.001	0.001
10260	HGSV_17315	102	10	0.004	0.004	0.004
10261	HGSV_17462	102	1	0.0	0.0	0.0
10262	HGSV_17719	102	0	0.0	0.0	0.0
10263	HGSV_17823	102	3	0.337	0.337	0.337
10264	HGSV_18196	102	1	0.19	0.19	0.19
10265	HGSV_19105	102	10	0.004	0.004	0.004
10266	HGSV_19393	102	1	0.0	0.0	0.0
10267	HGSV_19562	102	5	0.002	0.002	0.002
10268	HGSV_2328	102	3	0.0	0.0	0.0
10269	HGSV_2487	102	1	0.0	0.0	0.0
10270	HGSV_2489	102	0	0.617	0.617	0.617
10271	HGSV_2499	102	4	0.0	0.0	0.0
10272	HGSV_289	102	5	0.0	0.0	0.0
10273	HGSV_2901	102	1	0.001	0.001	0.001
10274	HGSV_3549	102	0	0.0	0.0	0.0
10275	HGSV_3948	102	2	0.001	0.001	0.001
10276	HGSV_4134	102	1	0.001	0.001	0.001
10277	HGSV_4353	102	2	0.0	0.0	0.0
10278	HGSV_450	102	0	0.0	0.0	0.0
10279	HGSV_4872	102	0	0.0	0.0	0.0
10280	HGSV_5024	102	5	0.0	0.0	0.0
10281	HGSV_5025	102	9	0.001	0.001	0.001
10282	HGSV_5154	102	0	0.0	0.0	0.0
10283	HGSV_5815	102	0	0.0	0.0	0.0
10284	HGSV_5902	102	0	0.0	0.0	0.0
10285	HGSV_6262	102	17	0.009	0.009	0.009
10286	HGSV_639	102	0	0.0	0.0	0.0
10287	HGSV_6485	102	0	0.0	0.0	0.0
10288	HGSV_7177	102	2	0.0	0.0	0.0
10289	HGSV_784	102	2	0.0	0.0	0.0
10290	HGSV_8195	102	5	0.003	0.003	0.003
10291	HGSV_9222	102	1	0.001	0.001	0.001
10292	HGSV_962	102	1	0.0	0.0	0.0
10293	HGSV_97	102	1	0.0	0.0	0.0
10294	HGSV_9752	102	7	0.001	0.001	0.001
10295	HGSV_9770	102	15	0.009	0.009	0.009
10296	HGSV_10137	101	3	0.0	0.0	0.0
10297	HGSV_1051	101	2	0.0	0.0	0.0
10298	HGSV_10651	101	8	0.0	0.0	0.0
10299	HGSV_10856	101	0	0.0	0.0	0.0
10300	HGSV_10862	101	1	0.0	0.0	0.0
10301	HGSV_11058	101	1	0.003	0.003	0.003
10302	HGSV_1190	101	0	0.0	0.0	0.0
10303	HGSV_12054	101	4	0.0	0.0	0.0
10304	HGSV_12072	101	0	0.0	0.0	0.0
10305	HGSV_12339	101	3	0.001	0.001	0.0
10306	HGSV_12734	101	1	0.0	0.0	0.0
10307	HGSV_13056	101	5	0.003	0.003	0.0
10308	HGSV_13735	101	8	0.004	0.0	0.0
10309	HGSV_13839	101	2	0.001	0.001	0.001
10310	HGSV_14021	101	0	0.0	0.0	0.0
10311	HGSV_144102	101	2	0.003	0.003	0.003
10312	HGSV_144922	101	65	0.0	0.0	0.0
10313	HGSV_14499	101	1	0.343	0.343	0.343
10314	HGSV_14502	101	3	0.003	0.003	0.003
10315	HGSV_145408	101	1	0.001	0.001	0.001
10316	HGSV_146120	101	1	0.0	0.0	0.0
10317	HGSV_14691	101	1	0.0	0.0	0.0
10318	HGSV_147781	101	0	0.0	0.0	0.0
10319	HGSV_147788	101	1	0.0	0.0	0.0
10320	HGSV_148065	101	2	0.0	0.0	0.0
10321	HGSV_14824	101	1	0.0	0.0	0.0
10322	HGSV_148592	101	1	0.001	0.001	0.001
10323	HGSV_148699	101	0	0.001	0.001	0.001
10324	HGSV_148717	101	43	0.059	0.059	0.0
10325	HGSV_148837	101	39	0.016	0.016	0.016
10326	HGSV_149628	101	3	0.0	0.0	0.0
10327	HGSV_149961	101	73	0.0	0.0	0.0
10328	HGSV_150065	101	0	0.825	0.825	0.825
10329	HGSV_152497	101	0	0.0	0.0	0.0
10330	HGSV_152775	101	5	0.0	0.0	0.0
10331	HGSV_153144	101	1	0.0	0.0	0.0
10332	HGSV_153535	101	1	0.002	0.002	0.002
10333	HGSV_154304	101	64	0.089	0.089	0.089
10334	HGSV_155815	101	51	0.047	0.0	0.0
10335	HGSV_155816	101	51	0.0	0.0	0.0
10336	HGSV_155817	101	51	0.0	0.0	0.0
10337	HGSV_15606	101	2	0.0	0.0	0.0
10338	HGSV_156139	101	1	0.996	0.996	0.996
10339	HGSV_156355	101	1	0.0	0.0	0.0
10340	HGSV_157195	101	6	0.004	0.004	0.004
10341	HGSV_157753	101	62	0.041	0.041	0.0
10342	HGSV_158593	101	13	0.005	0.005	0.005
10343	HGSV_158787	101	19	0.0	0.0	0.0
10344	HGSV_158788	101	10	0.007	0.007	0.007
10345	HGSV_16354	101	1	0.0	0.0	0.0
10346	HGSV_17067	101	8	0.001	0.001	0.001
10347	HGSV_17648	101	39	0.018	0.018	0.018
10348	HGSV_18157	101	1	0.0	0.0	0.0
10349	HGSV_18461	101	4	0.0	0.0	0.0
10350	HGSV_18513	101	1	0.0	0.0	0.0
10351	HGSV_18791	101	0	0.001	0.001	0.001
10352	HGSV_19397	101	4	0.0	0.0	0.0
10353	HGSV_2278	101	1	0.0	0.0	0.0
10354	HGSV_2338	101	2	0.0	0.0	0.0
10355	HGSV_2551	101	5	0.0	0.0	0.0
10356	HGSV_2601	101	1	0.0	0.0	0.0
10357	HGSV_3275	101	29	0.01	0.01	0.01
10358	HGSV_3475	101	0	0.0	0.0	0.0
10359	HGSV_3764	101	2	0.0	0.0	0.0
10360	HGSV_4032	101	2	0.0	0.0	0.0
10361	HGSV_4208	101	55	0.049	0.049	0.0
10362	HGSV_4219	101	2	0.0	0.0	0.0
10363	HGSV_5009	101	1	0.0	0.0	0.0
10364	HGSV_6469	101	5	0.0	0.0	0.0
10365	HGSV_6793	101	1	0.0	0.0	0.0
10366	HGSV_7157	101	7	0.003	0.003	0.003
10367	HGSV_7917	101	6	0.0	0.0	0.0
10368	HGSV_8001	101	1	0.001	0.001	0.001
10369	HGSV_8173	101	0	0.0	0.0	0.0
10370	HGSV_8647	101	0	0.0	0.0	0.0
10371	HGSV_8702	101	2	0.006	0.006	0.006
10372	HGSV_8897	101	0	0.0	0.0	0.0
10373	HGSV_9463	101	1	0.002	0.002	0.002
10374	HGSV_9569	101	3	0.0	0.0	0.0
10375	HGSV_9856	101	3	0.0	0.0	0.0
10376	HGSV_1024	100	0	0.0	0.0	0.0
10377	HGSV_10503	100	5	0.0	0.0	0.0
10378	HGSV_11032	100	10	0.0	0.0	0.0
10379	HGSV_11069	100	2	0.003	0.003	0.003
10380	HGSV_11573	100	0	0.0	0.0	0.0
10381	HGSV_12722	100	31	0.017	0.017	0.017
10382	HGSV_13268	100	27	0.018	0.018	0.018
10383	HGSV_13334	100	0	0.0	0.0	0.0
10384	HGSV_14316	100	4	0.0	0.0	0.0
10385	HGSV_143410	100	0	0.0	0.0	0.0
10386	HGSV_143661	100	1	0.0	0.0	0.0
10387	HGSV_1437	100	25	0.015	0.015	0.015
10388	HGSV_144177	100	1	0.001	0.001	0.001
10389	HGSV_144353	100	0	0.0	0.0	0.0
10390	HGSV_14534	100	2	0.004	0.004	0.004
10391	HGSV_146255	100	1	0.002	0.002	0.002
10392	HGSV_14643	100	2	0.0	0.0	0.0
10393	HGSV_146575	100	0	0.001	0.001	0.001
10394	HGSV_147113	100	1	0.432	0.432	0.671
10395	HGSV_147158	100	3	0.0	0.0	0.0
10396	HGSV_147566	100	1	0.001	0.001	0.0
10397	HGSV_14783	100	1	0.002	0.002	0.002
10398	HGSV_14800	100	0	0.0	0.0	0.0
10399	HGSV_148688	100	0	0.0	0.0	0.0
10400	HGSV_14877	100	2	0.55	0.55	0.55
10401	HGSV_149191	100	13	0.002	0.002	0.002
10402	HGSV_150408	100	19	0.019	0.019	0.019
10403	HGSV_150601	100	16	0.012	0.012	0.0
10404	HGSV_151035	100	0	0.001	0.001	0.001
10405	HGSV_152104	100	0	0.0	0.0	0.0
10406	HGSV_152278	100	0	0.0	0.0	0.0
10407	HGSV_152509	100	0	0.0	0.0	0.0
10408	HGSV_152594	100	2	0.002	0.002	0.002
10409	HGSV_153081	100	4	0.0	0.0	0.0
10410	HGSV_15311	100	0	0.0	0.0	0.0
10411	HGSV_153325	100	1	0.001	0.001	0.001
10412	HGSV_153594	100	2	0.0	0.0	0.0
10413	HGSV_153649	100	1	0.0	0.0	0.0
10414	HGSV_154088	100	0	0.0	0.0	0.0
10415	HGSV_154450	100	2	0.0	0.0	0.0
10416	HGSV_154814	100	0	0.0	0.0	0.0
10417	HGSV_155247	100	0	0.0	0.0	0.0
10418	HGSV_155296	100	49	0.056	0.056	0.0
10419	HGSV_155655	100	3	0.0	0.0	0.0
10420	HGSV_156017	100	8	0.005	0.005	0.005
10421	HGSV_15611	100	12	0.0	0.0	0.0
10422	HGSV_156520	100	0	0.0	0.0	0.0
10423	HGSV_15709	100	0	0.0	0.0	0.0
10424	HGSV_157203	100	6	0.003	0.003	0.0
10425	HGSV_157530	100	45	0.0	0.0	0.0
10426	HGSV_157535	100	12	0.007	0.007	0.007
10427	HGSV_157783	100	3	0.001	0.001	0.001
10428	HGSV_158545	100	0	0.001	0.001	0.001
10429	HGSV_158610	100	0	0.13	0.13	0.337
10430	HGSV_16736	100	1	0.003	0.003	0.003
10431	HGSV_1718	100	2	0.0	0.0	0.0
10432	HGSV_17790	100	0	0.001	0.001	0.001
10433	HGSV_17874	100	7	0.002	0.002	0.002
10434	HGSV_17993	100	6	0.001	0.001	0.001
10435	HGSV_18105	100	1	0.0	0.0	0.0
10436	HGSV_1833	100	7	0.0	0.0	0.0
10437	HGSV_1834	100	0	0.001	0.001	0.001
10438	HGSV_18465	100	1	0.897	0.897	0.897
10439	HGSV_19120	100	4	0.003	0.003	0.003
10440	HGSV_2427	100	45	0.0	0.0	0.0
10441	HGSV_2828	100	2	0.0	0.0	0.0
10442	HGSV_286	100	1	0.0	0.0	0.0
10443	HGSV_293	100	3	0.0	0.0	0.0
10444	HGSV_2988	100	6	0.0	0.0	0.0
10445	HGSV_3492	100	1	0.0	0.0	0.0
10446	HGSV_38	100	1	0.0	0.0	0.0
10447	HGSV_4081	100	5	0.002	0.002	0.002
10448	HGSV_4562	100	2	0.0	0.0	0.0
10449	HGSV_4682	100	0	0.0	0.0	0.0
10450	HGSV_5302	100	9	0.003	0.003	0.003
10451	HGSV_644	100	8	0.002	0.002	0.002
10452	HGSV_7193	100	33	0.018	0.018	0.018
10453	HGSV_7270	100	1	0.0	0.0	0.0
10454	HGSV_7498	100	2	0.0	0.0	0.0
10455	HGSV_7980	100	23	0.017	0.017	0.017
10456	HGSV_8172	100	1	0.0	0.0	0.0
10457	HGSV_9185	100	15	0.005	0.005	0.005
10458	HGSV_946	100	16	0.0	0.0	0.0
10459	HGSV_9885	100	1	0.0	0.0	0.0
10460	HGSV_10006	99	1	0.0	0.0	0.0
10461	HGSV_10697	99	9	0.0	0.0	0.0
10462	HGSV_10714	99	9	0.0	0.0	0.0
10463	HGSV_11204	99	15	0.0	0.0	0.0
10464	HGSV_12006	99	2	0.0	0.0	0.0
10465	HGSV_12039	99	4	0.0	0.0	0.0
10466	HGSV_12367	99	0	0.0	0.0	0.0
10467	HGSV_12666	99	2	0.002	0.0	0.0
10468	HGSV_13024	99	0	0.0	0.0	0.0
10469	HGSV_13091	99	1	0.0	0.0	0.0
10470	HGSV_13456	99	1	0.0	0.0	0.0
10471	HGSV_13697	99	1	0.003	0.003	0.003
10472	HGSV_13858	99	12	0.0	0.0	0.0
10473	HGSV_1385	99	0	0.003	0.0	0.0
10474	HGSV_14188	99	8	0.006	0.006	0.0
10475	HGSV_14189	99	0	0.936	0.936	0.936
10476	HGSV_14205	99	0	0.0	0.0	0.0
10477	HGSV_14216	99	1	0.0	0.0	0.0
10478	HGSV_143773	99	0	0.0	0.0	0.0
10479	HGSV_143862	99	2	0.007	0.007	0.0
10480	HGSV_144317	99	1	0.0	0.0	0.0
10481	HGSV_144374	99	0	1.0	1.0	1.0
10482	HGSV_145076	99	1	0.001	0.001	0.001
10483	HGSV_145465	99	6	0.0	0.0	0.0
10484	HGSV_145633	99	1	0.0	0.0	0.0
10485	HGSV_145758	99	1	0.0	0.0	0.0
10486	HGSV_145955	99	58	0.0	0.0	0.0
10487	HGSV_146016	99	1	0.0	0.0	0.0
10488	HGSV_146110	99	0	0.0	0.0	0.0
10489	HGSV_146842	99	1	0.001	0.001	0.001
10490	HGSV_147018	99	0	0.0	0.0	0.0
10491	HGSV_147488	99	1	0.0	0.0	0.0
10492	HGSV_149760	99	0	0.0	0.0	0.0
10493	HGSV_149811	99	7	0.0	0.0	0.0
10494	HGSV_149839	99	69	0.034	0.034	0.0
10495	HGSV_150062	99	0	0.0	0.0	0.0
10496	HGSV_150150	99	14	0.011	0.011	0.011
10497	HGSV_150934	99	12	0.0	0.0	0.0
10498	HGSV_15263	99	13	0.0	0.0	0.0
10499	HGSV_152817	99	23	0.013	0.013	0.013
10500	HGSV_153084	99	3	0.0	0.0	0.0
10501	HGSV_153258	99	0	0.0	0.0	0.0
10502	HGSV_153822	99	2	0.0	0.0	0.0
10503	HGSV_154233	99	0	0.0	0.0	0.0
10504	HGSV_154264	99	0	0.0	0.0	0.0
10505	HGSV_155274	99	2	0.0	0.0	0.0
10506	HGSV_15577	99	0	0.0	0.0	0.0
10507	HGSV_156382	99	0	0.0	0.0	0.0
10508	HGSV_15647	99	1	0.001	0.001	0.001
10509	HGSV_157048	99	1	0.0	0.0	0.0
10510	HGSV_157270	99	3	0.0	0.0	0.0
10511	HGSV_158275	99	29	0.015	0.015	0.015
10512	HGSV_158432	99	2	0.0	0.0	0.0
10513	HGSV_158989	99	2	0.0	0.0	0.0
10514	HGSV_159111	99	12	0.0	0.0	0.0
10515	HGSV_17664	99	16	0.0	0.0	0.0
10516	HGSV_17845	99	2	0.0	0.0	0.0
10517	HGSV_18444	99	3	0.0	0.0	0.0
10518	HGSV_18580	99	1	0.0	0.0	0.0
10519	HGSV_18676	99	2	0.0	0.0	0.0
10520	HGSV_18769	99	1	0.0	0.0	0.0
10521	HGSV_1894	99	12	0.009	0.009	0.009
10522	HGSV_19511	99	0	0.0	0.0	0.0
10523	HGSV_2102	99	0	0.0	0.0	0.0
10524	HGSV_2107	99	0	0.001	0.001	0.001
10525	HGSV_2519	99	1	0.0	0.0	0.0
10526	HGSV_2785	99	41	0.033	0.033	0.033
10527	HGSV_3179	99	2	0.0	0.0	0.0
10528	HGSV_431	99	1	0.0	0.0	0.0
10529	HGSV_4417	99	1	0.0	0.0	0.0
10530	HGSV_4736	99	3	0.0	0.0	0.0
10531	HGSV_5077	99	1	0.0	0.0	0.0
10532	HGSV_5225	99	12	0.002	0.002	0.002
10533	HGSV_5248	99	2	0.001	0.001	0.001
10534	HGSV_5897	99	0	0.001	0.001	0.001
10535	HGSV_6071	99	0	0.0	0.0	0.0
10536	HGSV_632	99	34	0.027	0.027	0.027
10537	HGSV_6679	99	2	0.0	0.0	0.0
10538	HGSV_6985	99	2	0.0	0.0	0.0
10539	HGSV_7189	99	2	0.001	0.001	0.001
10540	HGSV_7431	99	2	0.0	0.0	0.0
10541	HGSV_808	99	0	0.0	0.0	0.0
10542	HGSV_8579	99	53	0.032	0.032	0.0
10543	HGSV_9960	99	1	0.0	0.0	0.0
10544	HGSV_10128	98	23	0.013	0.013	0.013
10545	HGSV_10449	98	1	0.0	0.0	0.0
10546	HGSV_10473	98	2	0.0	0.0	0.0
10547	HGSV_10917	98	15	0.001	0.0	0.0
10548	HGSV_1159	98	4	0.001	0.001	0.001
10549	HGSV_11616	98	0	0.0	0.0	0.0
10550	HGSV_11691	98	0	0.0	0.0	0.0
10551	HGSV_13142	98	2	0.001	0.001	0.001
10552	HGSV_13153	98	0	0.0	0.0	0.0
10553	HGSV_13335	98	2	0.0	0.0	0.0
10554	HGSV_13374	98	2	0.0	0.0	0.0
10555	HGSV_14255	98	4	0.0	0.0	0.0
10556	HGSV_14287	98	1	0.0	0.0	0.0
10557	HGSV_14344	98	1	0.0	0.0	0.0
10558	HGSV_143476	98	2	0.0	0.0	0.0
10559	HGSV_143698	98	18	0.0	0.0	0.0
10560	HGSV_143702	98	44	0.018	0.018	0.0
10561	HGSV_144051	98	2	0.001	0.001	0.001
10562	HGSV_144688	98	0	0.0	0.0	0.0
10563	HGSV_145533	98	25	0.017	0.017	0.017
10564	HGSV_146668	98	1	0.0	0.0	0.0
10565	HGSV_147468	98	2	0.0	0.0	0.0
10566	HGSV_147611	98	4	0.0	0.0	0.0
10567	HGSV_147889	98	0	0.0	0.0	0.0
10568	HGSV_147899	98	9	0.004	0.004	0.004
10569	HGSV_147946	98	2	0.0	0.0	0.0
10570	HGSV_148571	98	0	0.001	0.0	0.0
10571	HGSV_148878	98	0	0.0	0.0	0.0
10572	HGSV_148912	98	0	0.0	0.0	0.0
10573	HGSV_149243	98	0	0.0	0.0	0.0
10574	HGSV_149682	98	0	0.0	0.0	0.0
10575	HGSV_149833	98	1	0.0	0.0	0.0
10576	HGSV_149998	98	1	0.0	0.0	0.0
10577	HGSV_150131	98	22	0.0	0.0	0.0
10578	HGSV_150260	98	0	0.0	0.0	0.0
10579	HGSV_150467	98	0	0.0	0.0	0.0
10580	HGSV_151443	98	0	0.001	0.001	0.001
10581	HGSV_151999	98	2	0.0	0.0	0.0
10582	HGSV_152663	98	1	0.0	0.0	0.0
10583	HGSV_152677	98	33	0.024	0.024	0.024
10584	HGSV_152849	98	2	0.0	0.0	0.0
10585	HGSV_152850	98	62	0.04	0.04	0.04
10586	HGSV_153184	98	11	0.0	0.0	0.0
10587	HGSV_153656	98	2	0.775	0.775	0.775
10588	HGSV_153783	98	2	0.0	0.0	0.0
10589	HGSV_154044	98	1	0.0	0.0	0.0
10590	HGSV_154223	98	10	0.008	0.008	0.008
10591	HGSV_154432	98	1	0.0	0.0	0.0
10592	HGSV_154516	98	20	0.006	0.006	0.006
10593	HGSV_155091	98	20	0.011	0.011	0.011
10594	HGSV_15588	98	0	0.0	0.0	0.0
10595	HGSV_156721	98	2	0.0	0.0	0.0
10596	HGSV_157156	98	0	0.0	0.0	0.0
10597	HGSV_15778	98	0	0.0	0.0	0.0
10598	HGSV_158203	98	2	0.0	0.0	0.0
10599	HGSV_158253	98	0	0.0	0.0	0.0
10600	HGSV_158539	98	0	0.0	0.0	0.0
10601	HGSV_16199	98	3	0.001	0.001	0.0
10602	HGSV_17257	98	1	0.0	0.0	0.0
10603	HGSV_18422	98	9	0.0	0.0	0.0
10604	HGSV_1884	98	0	0.0	0.0	0.0
10605	HGSV_1937	98	1	0.0	0.0	0.0
10606	HGSV_19640	98	25	0.0	0.0	0.0
10607	HGSV_2230	98	0	0.001	0.001	0.001
10608	HGSV_2806	98	7	0.001	0.001	0.001
10609	HGSV_2991	98	2	0.0	0.0	0.0
10610	HGSV_3065	98	10	0.0	0.0	0.0
10611	HGSV_3428	98	16	0.0	0.0	0.0
10612	HGSV_3529	98	8	0.0	0.0	0.0
10613	HGSV_377	98	25	0.0	0.0	0.0
10614	HGSV_419	98	0	0.0	0.0	0.0
10615	HGSV_4322	98	2	0.002	0.0	0.0
10616	HGSV_4579	98	3	0.0	0.0	0.0
10617	HGSV_4799	98	4	0.063	0.063	0.0
10618	HGSV_4838	98	10	0.008	0.0	0.0
10619	HGSV_5748	98	2	0.003	0.003	0.003
10620	HGSV_652	98	0	0.0	0.0	0.0
10621	HGSV_6879	98	69	0.036	0.036	0.036
10622	HGSV_7614	98	1	0.0	0.0	0.0
10623	HGSV_8803	98	4	0.0	0.0	0.0
10624	HGSV_8881	98	1	0.0	0.0	0.0
10625	HGSV_9226	98	2	0.0	0.0	0.0
10626	HGSV_9564	98	4	0.002	0.002	0.002
10627	HGSV_9611	98	7	0.0	0.0	0.0
10628	HGSV_9761	98	0	0.487	0.487	0.487
10629	HGSV_9867	98	17	0.011	0.011	0.0
10630	HGSV_10050	97	1	0.0	0.0	0.0
10631	HGSV_10127	97	0	0.0	0.0	0.0
10632	HGSV_1042	97	2	0.0	0.0	0.0
10633	HGSV_10525	97	7	0.002	0.002	0.002
10634	HGSV_10788	97	12	0.0	0.0	0.0
10635	HGSV_11322	97	0	0.0	0.0	0.0
10636	HGSV_11380	97	1	0.0	0.0	0.0
10637	HGSV_11938	97	3	0.0	0.0	0.0
10638	HGSV_12108	97	3	0.002	0.002	0.002
10639	HGSV_12111	97	0	0.0	0.0	0.0
10640	HGSV_1241	97	0	0.0	0.0	0.0
10641	HGSV_13417	97	3	0.001	0.001	0.001
10642	HGSV_13447	97	59	0.0	0.0	0.0
10643	HGSV_135	97	0	0.0	0.0	0.0
10644	HGSV_13937	97	12	0.006	0.006	0.006
10645	HGSV_14089	97	2	0.0	0.0	0.0
10646	HGSV_14180	97	18	0.007	0.007	0.007
10647	HGSV_143472	97	2	0.001	0.001	0.001
10648	HGSV_144141	97	1	0.0	0.0	0.0
10649	HGSV_144701	97	2	0.0	0.0	0.0
10650	HGSV_145652	97	4	0.001	0.001	0.0
10651	HGSV_145914	97	1	0.0	0.0	0.0
10652	HGSV_146036	97	1	0.0	0.0	0.0
10653	HGSV_146242	97	2	0.001	0.001	0.001
10654	HGSV_146264	97	4	0.0	0.0	0.0
10655	HGSV_146415	97	1	0.0	0.0	0.0
10656	HGSV_146645	97	0	0.0	0.0	0.0
10657	HGSV_146895	97	0	0.0	0.0	0.0
10658	HGSV_147472	97	4	0.004	0.004	0.004
10659	HGSV_14776	97	1	0.0	0.0	0.0
10660	HGSV_148064	97	0	0.0	0.0	0.0
10661	HGSV_148340	97	30	0.025	0.025	0.025
10662	HGSV_149038	97	0	0.0	0.0	0.0
10663	HGSV_149228	97	4	0.002	0.002	0.002
10664	HGSV_150001	97	1	0.0	0.0	0.0
10665	HGSV_15043	97	0	0.0	0.0	0.0
10666	HGSV_151046	97	1	0.0	0.0	0.0
10667	HGSV_151202	97	3	0.0	0.0	0.0
10668	HGSV_151528	97	4	0.0	0.0	0.0
10669	HGSV_152093	97	1	0.737	0.999	0.999
10670	HGSV_152908	97	1	0.0	0.0	0.0
10671	HGSV_153601	97	1	0.0	0.0	0.0
10672	HGSV_15373	97	0	0.0	0.0	0.0
10673	HGSV_153759	97	1	0.0	0.0	0.0
10674	HGSV_154105	97	1	0.0	0.0	0.0
10675	HGSV_154903	97	1	0.0	0.0	0.0
10676	HGSV_154947	97	1	0.0	0.0	0.0
10677	HGSV_15575	97	0	0.001	0.001	0.001
10678	HGSV_155813	97	0	0.001	0.001	0.001
10679	HGSV_156254	97	1	0.0	0.0	0.0
10680	HGSV_156493	97	4	0.0	0.0	0.0
10681	HGSV_15665	97	0	0.0	0.0	0.0
10682	HGSV_157076	97	0	0.0	0.0	0.0
10683	HGSV_157767	97	78	0.039	0.039	0.039
10684	HGSV_157878	97	2	0.0	0.0	0.0
10685	HGSV_158474	97	3	0.0	0.0	0.0
10686	HGSV_158740	97	11	0.006	0.006	0.006
10687	HGSV_159008	97	0	0.0	0.0	0.0
10688	HGSV_16244	97	3	0.0	0.0	0.0
10689	HGSV_16577	97	3	0.0	0.0	0.0
10690	HGSV_16962	97	4	0.0	0.0	0.0
10691	HGSV_17100	97	1	0.001	0.001	0.0
10692	HGSV_17226	97	0	0.0	0.0	0.0
10693	HGSV_18491	97	2	0.0	0.0	0.0
10694	HGSV_18877	97	1	0.001	0.001	0.001
10695	HGSV_18915	97	0	0.0	0.0	0.0
10696	HGSV_18	97	2	0.0	0.0	0.0
10697	HGSV_19078	97	65	0.055	0.055	0.0
10698	HGSV_19121	97	4	0.0	0.0	0.0
10699	HGSV_19207	97	9	0.006	0.006	0.006
10700	HGSV_2186	97	2	0.0	0.0	0.0
10701	HGSV_2240	97	0	0.0	0.0	0.0
10702	HGSV_2262	97	1	0.001	0.001	0.001
10703	HGSV_2324	97	1	0.001	0.001	0.001
10704	HGSV_2348	97	1	0.0	0.0	0.0
10705	HGSV_2377	97	0	0.0	0.0	0.0
10706	HGSV_2379	97	0	0.001	0.001	0.001
10707	HGSV_2673	97	1	0.0	0.0	0.0
10708	HGSV_2989	97	6	0.003	0.003	0.003
10709	HGSV_3076	97	0	0.001	0.001	0.001
10710	HGSV_3089	97	7	0.005	0.005	0.005
10711	HGSV_337	97	0	0.0	0.0	0.0
10712	HGSV_4252	97	1	0.0	0.0	0.0
10713	HGSV_46	97	2	0.002	0.002	0.002
10714	HGSV_5909	97	21	0.011	0.011	0.011
10715	HGSV_6304	97	5	0.003	0.003	0.003
10716	HGSV_6555	97	2	0.0	0.0	0.0
10717	HGSV_7521	97	0	0.0	0.0	0.0
10718	HGSV_7	97	4	0.0	0.0	0.0
10719	HGSV_8125	97	0	0.0	0.0	0.0
10720	HGSV_8981	97	1	0.001	0.001	0.001
10721	HGSV_9080	97	1	0.0	0.0	0.0
10722	HGSV_10243	96	0	0.0	0.0	0.0
10723	HGSV_1029	96	0	0.0	0.0	0.0
10724	HGSV_10319	96	2	0.0	0.0	0.0
10725	HGSV_1056	96	2	0.001	0.001	0.001
10726	HGSV_10847	96	4	0.0	0.0	0.0
10727	HGSV_11339	96	3	0.0	0.0	0.0
10728	HGSV_11378	96	0	0.0	0.0	0.0
10729	HGSV_11803	96	8	0.0	0.0	0.0
10730	HGSV_11811	96	0	0.0	0.0	0.0
10731	HGSV_11838	96	2	0.0	0.0	0.0
10732	HGSV_12204	96	1	0.0	0.0	0.0
10733	HGSV_12948	96	57	0.0	0.0	0.0
10734	HGSV_13188	96	2	0.0	0.0	0.0
10735	HGSV_13246	96	3	0.0	0.0	0.0
10736	HGSV_13254	96	3	0.003	0.003	0.003
10737	HGSV_13437	96	8	0.004	0.004	0.004
10738	HGSV_143394	96	13	0.0	0.0	0.0
10739	HGSV_143931	96	1	0.0	0.0	0.0
10740	HGSV_145025	96	0	0.0	0.0	0.0
10741	HGSV_14524	96	2	0.0	0.0	0.0
10742	HGSV_145378	96	4	0.0	0.0	0.0
10743	HGSV_146631	96	2	0.0	0.0	0.0
10744	HGSV_14692	96	2	0.0	0.0	0.0
10745	HGSV_147117	96	1	0.0	0.0	0.0
10746	HGSV_14714	96	1	0.0	0.0	0.0
10747	HGSV_147330	96	1	0.001	0.001	0.001
10748	HGSV_147953	96	0	0.003	0.003	0.003
10749	HGSV_148183	96	1	0.0	0.0	0.0
10750	HGSV_148188	96	1	0.0	0.0	0.0
10751	HGSV_148789	96	49	0.452	0.452	0.0
10752	HGSV_14898	96	7	0.011	0.011	0.011
10753	HGSV_149116	96	1	0.0	0.0	0.0
10754	HGSV_149169	96	1	0.0	0.0	0.0
10755	HGSV_149206	96	0	0.0	0.0	0.0
10756	HGSV_149607	96	11	0.002	0.002	0.002
10757	HGSV_14979	96	1	0.166	0.166	0.0
10758	HGSV_15082	96	0	0.336	0.336	0.0
10759	HGSV_151236	96	67	0.039	0.039	0.039
10760	HGSV_153250	96	2	0.0	0.0	0.0
10761	HGSV_153746	96	5	0.0	0.0	0.0
10762	HGSV_154595	96	1	0.0	0.0	0.0
10763	HGSV_155318	96	72	0.0	0.0	0.0
10764	HGSV_155604	96	2	0.331	0.0	0.0
10765	HGSV_156100	96	0	0.0	0.0	0.0
10766	HGSV_15630	96	3	0.0	0.0	0.0
10767	HGSV_156494	96	4	0.0	0.0	0.0
10768	HGSV_156707	96	2	0.001	0.001	0.001
10769	HGSV_1570	96	0	0.0	0.0	0.0
10770	HGSV_157112	96	0	0.0	0.0	0.0
10771	HGSV_157170	96	0	0.0	0.0	0.0
10772	HGSV_157185	96	0	0.0	0.0	0.0
10773	HGSV_157207	96	14	0.008	0.008	0.008
10774	HGSV_157603	96	1	0.0	0.0	0.0
10775	HGSV_15809	96	7	0.009	0.009	0.0
10776	HGSV_158136	96	4	0.0	0.0	0.0
10777	HGSV_158598	96	1	0.0	0.0	0.0
10778	HGSV_158631	96	70	0.048	0.048	0.0
10779	HGSV_1587	96	0	0.001	0.001	0.001
10780	HGSV_158874	96	1	0.0	0.0	0.0
10781	HGSV_1728	96	67	0.05	0.05	0.05
10782	HGSV_17427	96	8	0.001	0.001	0.001
10783	HGSV_17442	96	5	0.001	0.001	0.001
10784	HGSV_17939	96	1	0.0	0.0	0.0
10785	HGSV_18177	96	0	0.0	0.0	0.0
10786	HGSV_19410	96	2	0.465	0.465	0.465
10787	HGSV_2096	96	2	0.0	0.0	0.0
10788	HGSV_2476	96	0	0.0	0.0	0.0
10789	HGSV_2535	96	3	0.001	0.001	0.001
10790	HGSV_2603	96	1	0.0	0.0	0.0
10791	HGSV_2928	96	5	0.001	0.001	0.0
10792	HGSV_3165	96	0	0.0	0.0	0.0
10793	HGSV_3545	96	0	0.0	0.0	0.0
10794	HGSV_3852	96	1	0.0	0.0	0.0
10795	HGSV_4879	96	0	0.0	0.0	0.0
10796	HGSV_5245	96	3	0.0	0.0	0.0
10797	HGSV_5915	96	1	0.284	0.284	0.284
10798	HGSV_6012	96	2	0.0	0.0	0.0
10799	HGSV_6790	96	31	0.021	0.021	0.021
10800	HGSV_7525	96	70	0.061	0.061	0.061
10801	HGSV_7938	96	1	0.0	0.0	0.0
10802	HGSV_797	96	0	0.0	0.0	0.0
10803	HGSV_824	96	1	0.0	0.0	0.0
10804	HGSV_8296	96	76	0.0	0.0	0.0
10805	HGSV_8565	96	0	0.0	0.0	0.0
10806	HGSV_8736	96	66	0.057	0.057	0.057
10807	HGSV_8790	96	69	0.036	0.036	0.0
10808	HGSV_9674	96	3	0.0	0.0	0.0
10809	HGSV_9675	96	2	0.001	0.001	0.0
10810	HGSV_9850	96	2	0.001	0.001	0.0
10811	HGSV_1052	95	2	0.002	0.002	0.002
10812	HGSV_11294	95	0	0.0	0.0	0.0
10813	HGSV_11563	95	1	0.002	0.002	0.002
10814	HGSV_11650	95	0	0.0	0.0	0.0
10815	HGSV_11792	95	5	0.006	0.006	0.006
10816	HGSV_11908	95	2	0.0	0.0	0.0
10817	HGSV_12683	95	35	0.022	0.022	0.022
10818	HGSV_12718	95	63	0.037	0.037	0.037
10819	HGSV_12918	95	1	0.001	0.001	0.001
10820	HGSV_12924	95	5	0.002	0.002	0.002
10821	HGSV_13055	95	0	0.0	0.0	0.0
10822	HGSV_1391	95	2	0.001	0.001	0.0
10823	HGSV_143653	95	2	0.0	0.0	0.0
10824	HGSV_144921	95	16	0.008	0.008	0.008
10825	HGSV_145086	95	4	0.002	0.0	0.0
10826	HGSV_14539	95	2	0.0	0.0	0.0
10827	HGSV_145654	95	0	0.0	0.0	0.0
10828	HGSV_146263	95	4	0.001	0.001	0.0
10829	HGSV_146524	95	1	0.0	0.0	0.0
10830	HGSV_146983	95	1	0.0	0.0	0.0
10831	HGSV_147372	95	1	0.001	0.001	0.001
10832	HGSV_147497	95	1	0.0	0.0	0.0
10833	HGSV_147585	95	2	0.0	0.0	0.0
10834	HGSV_14812	95	13	0.002	0.002	0.002
10835	HGSV_149461	95	2	0.0	0.0	0.0
10836	HGSV_149608	95	11	0.0	0.0	0.0
10837	HGSV_149681	95	3	0.0	0.0	0.0
10838	HGSV_150123	95	1	0.0	0.0	0.0
10839	HGSV_15077	95	11	0.002	0.002	0.002
10840	HGSV_150991	95	1	0.0	0.0	0.0
10841	HGSV_151620	95	2	0.0	0.0	0.0
10842	HGSV_152165	95	16	0.011	0.011	0.011
10843	HGSV_152499	95	0	0.0	0.0	0.0
10844	HGSV_152505	95	2	0.0	0.0	0.0
10845	HGSV_15299	95	1	0.0	0.0	0.0
10846	HGSV_154967	95	0	0.0	0.0	0.0
10847	HGSV_155341	95	38	0.0	0.0	0.0
10848	HGSV_155478	95	2	0.0	0.0	0.0
10849	HGSV_156620	95	10	0.001	0.001	0.0
10850	HGSV_158002	95	5	0.002	0.002	0.002
10851	HGSV_158185	95	1	0.0	0.0	0.0
10852	HGSV_15884	95	1	0.0	0.0	0.0
10853	HGSV_15893	95	1	0.001	0.001	0.001
10854	HGSV_16485	95	1	0.0	0.0	0.0
10855	HGSV_16638	95	1	0.001	0.001	0.0
10856	HGSV_16893	95	2	0.0	0.0	0.0
10857	HGSV_16955	95	0	0.001	0.001	0.001
10858	HGSV_17057	95	1	0.0	0.0	0.0
10859	HGSV_17170	95	2	0.0	0.0	0.0
10860	HGSV_17625	95	2	0.0	0.0	0.0
10861	HGSV_1782	95	2	0.0	0.0	0.0
10862	HGSV_18674	95	33	0.0	0.0	0.0
10863	HGSV_18954	95	1	0.0	0.0	0.0
10864	HGSV_19019	95	0	0.0	0.0	0.0
10865	HGSV_2134	95	1	0.0	0.0	0.0
10866	HGSV_2141	95	0	0.002	0.002	0.002
10867	HGSV_2252	95	21	0.012	0.012	0.012
10868	HGSV_3166	95	1	0.0	0.0	0.0
10869	HGSV_3659	95	2	0.001	0.001	0.001
10870	HGSV_3876	95	1	0.001	0.001	0.001
10871	HGSV_4139	95	2	0.0	0.0	0.0
10872	HGSV_4362	95	2	0.003	0.003	0.003
10873	HGSV_4431	95	3	0.001	0.001	0.001
10874	HGSV_4434	95	0	0.0	0.0	0.0
10875	HGSV_4983	95	0	0.0	0.0	0.0
10876	HGSV_5871	95	10	0.007	0.007	0.0
10877	HGSV_6145	95	14	0.0	0.0	0.0
10878	HGSV_663	95	1	0.0	0.0	0.0
10879	HGSV_726	95	14	0.003	0.003	0.003
10880	HGSV_7428	95	1	0.0	0.0	0.0
10881	HGSV_7650	95	0	0.001	0.001	0.001
10882	HGSV_7864	95	1	0.0	0.0	0.0
10883	HGSV_8306	95	0	0.0	0.0	0.0
10884	HGSV_9210	95	7	0.294	0.294	0.294
10885	HGSV_9268	95	0	0.0	0.0	0.0
10886	HGSV_9577	95	35	0.016	0.016	0.016
10887	HGSV_9667	95	1	0.0	0.0	0.0
10888	HGSV_9668	95	1	0.0	0.0	0.0
10889	HGSV_10954	94	0	0.0	0.0	0.0
10890	HGSV_11353	94	4	0.001	0.001	0.001
10891	HGSV_11383	94	1	0.0	0.0	0.0
10892	HGSV_1150	94	0	0.0	0.0	0.0
10893	HGSV_11624	94	0	0.0	0.0	0.0
10894	HGSV_1181	94	2	0.002	0.002	0.002
10895	HGSV_11958	94	0	0.001	0.001	0.001
10896	HGSV_12090	94	0	0.0	0.0	0.0
10897	HGSV_12217	94	3	0.0	0.0	0.0
10898	HGSV_12219	94	1	0.0	0.0	0.0
10899	HGSV_12827	94	2	0.0	0.0	0.0
10900	HGSV_12899	94	0	0.0	0.0	0.0
10901	HGSV_13475	94	2	0.0	0.0	0.0
10902	HGSV_13609	94	1	0.001	0.001	0.001
10903	HGSV_143398	94	14	0.002	0.0	0.0
10904	HGSV_143522	94	0	0.283	0.283	0.283
10905	HGSV_145427	94	2	0.0	0.0	0.0
10906	HGSV_145649	94	2	0.555	0.555	0.555
10907	HGSV_146459	94	2	0.0	0.0	0.0
10908	HGSV_146569	94	1	0.456	0.456	0.456
10909	HGSV_147176	94	4	0.002	0.002	0.002
10910	HGSV_147407	94	0	0.0	0.0	0.0
10911	HGSV_148102	94	0	0.0	0.0	0.0
10912	HGSV_148610	94	0	0.0	0.0	0.0
10913	HGSV_148924	94	0	0.0	0.0	0.0
10914	HGSV_148964	94	18	0.012	0.012	0.012
10915	HGSV_149129	94	1	0.001	0.001	0.001
10916	HGSV_149518	94	13	0.0	0.0	0.0
10917	HGSV_150259	94	1	0.0	0.0	0.0
10918	HGSV_151663	94	3	0.0	0.0	0.0
10919	HGSV_151804	94	3	0.0	0.0	0.0
10920	HGSV_152132	94	24	0.021	0.021	0.021
10921	HGSV_152162	94	3	0.0	0.0	0.0
10922	HGSV_152942	94	2	0.0	0.0	0.0
10923	HGSV_153009	94	0	0.0	0.0	0.0
10924	HGSV_153627	94	7	0.002	0.002	0.002
10925	HGSV_15395	94	5	0.0	0.0	0.0
10926	HGSV_154268	94	0	0.0	0.0	0.0
10927	HGSV_154577	94	1	0.0	0.0	0.0
10928	HGSV_154784	94	20	0.015	0.015	0.015
10929	HGSV_156085	94	11	0.0	0.0	0.0
10930	HGSV_157231	94	0	0.001	0.001	0.001
10931	HGSV_158670	94	0	0.0	0.0	0.0
10932	HGSV_158763	94	26	0.012	0.012	0.012
10933	HGSV_16278	94	0	0.473	0.473	0.473
10934	HGSV_16297	94	0	0.0	0.0	0.0
10935	HGSV_1692	94	0	0.0	0.0	0.0
10936	HGSV_18215	94	2	0.0	0.0	0.0
10937	HGSV_18286	94	4	0.0	0.0	0.0
10938	HGSV_18548	94	1	0.0	0.0	0.0
10939	HGSV_18926	94	18	0.012	0.012	0.012
10940	HGSV_19314	94	1	0.0	0.0	0.0
10941	HGSV_19343	94	73	0.038	0.038	0.0
10942	HGSV_19536	94	4	0.002	0.002	0.002
10943	HGSV_19560	94	1	0.0	0.0	0.0
10944	HGSV_2305	94	1	0.001	0.001	0.001
10945	HGSV_2833	94	1	0.0	0.0	0.0
10946	HGSV_3305	94	3	0.004	0.004	0.004
10947	HGSV_362	94	4	0.0	0.0	0.0
10948	HGSV_3762	94	0	0.0	0.0	0.0
10949	HGSV_3911	94	0	0.0	0.0	0.0
10950	HGSV_4084	94	11	0.01	0.01	0.01
10951	HGSV_4509	94	1	0.002	0.002	0.002
10952	HGSV_6436	94	7	0.0	0.0	0.0
10953	HGSV_6743	94	6	0.005	0.005	0.005
10954	HGSV_6972	94	1	0.0	0.0	0.0
10955	HGSV_7372	94	0	0.0	0.0	0.0
10956	HGSV_7503	94	2	0.0	0.0	0.0
10957	HGSV_7681	94	56	0.0	0.0	0.0
10958	HGSV_777	94	4	0.001	0.001	0.001
10959	HGSV_7867	94	14	0.01	0.01	0.01
10960	HGSV_826	94	78	0.025	0.025	0.0
10961	HGSV_8715	94	11	0.002	0.002	0.002
10962	HGSV_888	94	17	0.011	0.011	0.011
10963	HGSV_9133	94	2	0.002	0.002	0.0
10964	HGSV_9661	94	19	0.012	0.012	0.012
10965	HGSV_9663	94	2	0.0	0.0	0.0
10966	HGSV_10039	93	16	0.008	0.008	0.008
10967	HGSV_10315	93	0	0.0	0.0	0.0
10968	HGSV_10359	93	1	0.936	0.936	0.936
10969	HGSV_10491	93	3	0.0	0.0	0.0
10970	HGSV_10667	93	2	0.0	0.0	0.0
10971	HGSV_1216	93	2	0.0	0.0	0.0
10972	HGSV_12445	93	11	0.004	0.004	0.004
10973	HGSV_12673	93	1	0.0	0.0	0.0
10974	HGSV_12693	93	1	0.0	0.0	0.0
10975	HGSV_127	93	2	0.0	0.0	0.0
10976	HGSV_1368	93	4	0.0	0.0	0.0
10977	HGSV_1393	93	1	0.001	0.001	0.001
10978	HGSV_14122	93	4	0.0	0.0	0.0
10979	HGSV_143626	93	13	0.01	0.01	0.01
10980	HGSV_144044	93	1	0.0	0.0	0.0
10981	HGSV_144134	93	1	0.0	0.0	0.0
10982	HGSV_144731	93	0	0.0	0.0	0.0
10983	HGSV_144781	93	1	0.0	0.0	0.0
10984	HGSV_144867	93	0	0.0	0.0	0.0
10985	HGSV_144887	93	1	0.997	0.997	0.997
10986	HGSV_144964	93	2	0.001	0.001	0.001
10987	HGSV_145670	93	4	0.001	0.001	0.001
10988	HGSV_145710	93	2	0.0	0.0	0.0
10989	HGSV_145938	93	2	0.355	0.355	0.561
10990	HGSV_146368	93	9	0.004	0.004	0.004
10991	HGSV_147270	93	0	0.0	0.0	0.0
10992	HGSV_147369	93	0	0.0	0.0	0.0
10993	HGSV_147410	93	1	0.002	0.002	0.0
10994	HGSV_147446	93	8	0.006	0.006	0.006
10995	HGSV_148182	93	0	0.0	0.0	0.0
10996	HGSV_148409	93	5	0.003	0.003	0.003
10997	HGSV_149080	93	2	0.0	0.0	0.0
10998	HGSV_149270	93	0	0.0	0.0	0.0
10999	HGSV_149294	93	0	0.0	0.0	0.0
11000	HGSV_149742	93	0	0.907	0.907	0.907
11001	HGSV_149975	93	3	0.001	0.001	0.001
11002	HGSV_150009	93	9	0.011	0.0	0.0
11003	HGSV_150143	93	0	0.0	0.0	0.0
11004	HGSV_150243	93	66	0.041	0.041	0.041
11005	HGSV_150386	93	2	0.001	0.001	0.001
11006	HGSV_150392	93	1	0.154	0.154	0.0
11007	HGSV_150684	93	1	0.0	0.0	0.0
11008	HGSV_150923	93	2	0.0	0.0	0.0
11009	HGSV_152135	93	34	0.025	0.025	0.025
11010	HGSV_152374	93	5	0.003	0.003	0.003
11011	HGSV_152761	93	11	0.006	0.006	0.006
11012	HGSV_152835	93	0	0.437	0.437	0.996
11013	HGSV_153076	93	0	0.0	0.0	0.0
11014	HGSV_153681	93	0	0.0	0.0	0.0
11015	HGSV_153731	93	3	0.0	0.0	0.0
11016	HGSV_153988	93	0	0.0	0.0	0.0
11017	HGSV_155547	93	11	0.001	0.001	0.001
11018	HGSV_155755	93	7	0.001	0.001	0.001
11019	HGSV_156940	93	0	0.001	0.001	0.001
11020	HGSV_157006	93	32	0.025	0.025	0.025
11021	HGSV_158766	93	4	0.0	0.0	0.0
11022	HGSV_158886	93	2	0.0	0.0	0.0
11023	HGSV_15894	93	4	0.001	0.001	0.001
11024	HGSV_16008	93	21	0.01	0.01	0.0
11025	HGSV_16034	93	1	0.785	0.785	0.785
11026	HGSV_16233	93	16	0.009	0.009	0.009
11027	HGSV_16365	93	5	0.001	0.001	0.001
11028	HGSV_1694	93	2	0.0	0.0	0.0
11029	HGSV_17144	93	1	0.0	0.0	0.0
11030	HGSV_17445	93	1	0.0	0.0	0.0
11031	HGSV_17620	93	8	0.001	0.0	0.0
11032	HGSV_18611	93	3	0.006	0.006	0.006
11033	HGSV_18872	93	1	0.79	0.79	0.905
11034	HGSV_19168	93	0	0.0	0.0	0.0
11035	HGSV_2431	93	0	0.0	0.0	0.0
11036	HGSV_2714	93	16	0.0	0.0	0.0
11037	HGSV_2936	93	0	0.324	0.324	0.324
11038	HGSV_3221	93	6	0.005	0.005	0.005
11039	HGSV_3278	93	1	0.0	0.0	0.0
11040	HGSV_3409	93	2	0.0	0.0	0.0
11041	HGSV_3434	93	1	0.0	0.0	0.0
11042	HGSV_3979	93	1	0.0	0.0	0.0
11043	HGSV_4301	93	2	0.0	0.0	0.0
11044	HGSV_4335	93	10	0.006	0.006	0.0
11045	HGSV_4346	93	7	0.006	0.006	0.006
11046	HGSV_4512	93	8	0.003	0.003	0.003
11047	HGSV_4737	93	2	0.0	0.0	0.0
11048	HGSV_4772	93	1	0.0	0.0	0.0
11049	HGSV_4841	93	36	0.02	0.02	0.02
11050	HGSV_487	93	1	0.0	0.0	0.0
11051	HGSV_5129	93	10	0.01	0.01	0.0
11052	HGSV_6516	93	20	0.009	0.009	0.009
11053	HGSV_6617	93	2	0.0	0.0	0.0
11054	HGSV_6677	93	0	0.0	0.0	0.0
11055	HGSV_7040	93	1	0.0	0.0	0.0
11056	HGSV_7429	93	2	0.0	0.0	0.0
11057	HGSV_7676	93	1	0.001	0.001	0.001
11058	HGSV_7926	93	0	0.214	0.214	0.214
11059	HGSV_8365	93	10	0.004	0.004	0.0
11060	HGSV_9036	93	1	0.0	0.0	0.0
11061	HGSV_9430	93	10	0.005	0.005	0.005
11062	HGSV_10003	92	1	0.0	0.0	0.0
11063	HGSV_10846	92	0	0.0	0.0	0.0
11064	HGSV_11141	92	3	0.001	0.001	0.001
11065	HGSV_11271	92	10	0.0	0.0	0.0
11066	HGSV_11366	92	0	0.0	0.0	0.0
11067	HGSV_11625	92	0	0.0	0.0	0.0
11068	HGSV_12464	92	1	0.0	0.0	0.0
11069	HGSV_12591	92	3	0.001	0.001	0.001
11070	HGSV_1261	92	1	0.0	0.0	0.0
11071	HGSV_12724	92	25	0.019	0.019	0.019
11072	HGSV_13411	92	1	0.0	0.0	0.0
11073	HGSV_13489	92	10	0.081	0.081	0.0
11074	HGSV_144363	92	1	0.0	0.0	0.0
11075	HGSV_144484	92	5	0.0	0.0	0.0
11076	HGSV_144575	92	0	0.949	0.967	0.967
11077	HGSV_145023	92	0	0.0	0.0	0.0
11078	HGSV_14584	92	2	0.0	0.0	0.0
11079	HGSV_14639	92	28	0.011	0.011	0.011
11080	HGSV_146600	92	2	0.001	0.001	0.001
11081	HGSV_147387	92	1	0.0	0.0	0.0
11082	HGSV_147787	92	2	0.001	0.001	0.001
11083	HGSV_147932	92	0	0.341	0.341	0.0
11084	HGSV_148004	92	52	0.0	0.0	0.0
11085	HGSV_14822	92	0	0.001	0.001	0.001
11086	HGSV_148244	92	51	0.0	0.0	0.0
11087	HGSV_148735	92	6	0.0	0.0	0.0
11088	HGSV_149539	92	1	0.0	0.0	0.0
11089	HGSV_149602	92	3	0.003	0.003	0.003
11090	HGSV_150119	92	4	0.002	0.002	0.002
11091	HGSV_150457	92	1	0.0	0.0	0.0
11092	HGSV_150486	92	1	0.0	0.0	0.0
11093	HGSV_150619	92	1	0.0	0.0	0.0
11094	HGSV_151207	92	3	0.0	0.0	0.0
11095	HGSV_152653	92	3	0.0	0.0	0.0
11096	HGSV_153387	92	0	0.0	0.0	0.0
11097	HGSV_153625	92	3	0.0	0.0	0.0
11098	HGSV_153659	92	1	0.0	0.0	0.0
11099	HGSV_154273	92	2	0.59	0.59	0.993
11100	HGSV_15540	92	2	0.0	0.0	0.0
11101	HGSV_155491	92	3	0.001	0.001	0.001
11102	HGSV_155496	92	7	0.0	0.0	0.0
11103	HGSV_155557	92	1	0.0	0.0	0.0
11104	HGSV_155746	92	11	0.002	0.002	0.002
11105	HGSV_156061	92	39	0.016	0.016	0.016
11106	HGSV_156714	92	2	0.0	0.0	0.0
11107	HGSV_156727	92	0	0.001	0.001	0.001
11108	HGSV_157018	92	1	0.0	0.0	0.0
11109	HGSV_157148	92	11	0.005	0.005	0.0
11110	HGSV_157630	92	5	0.002	0.0	0.0
11111	HGSV_158227	92	0	0.0	0.0	0.0
11112	HGSV_158422	92	2	0.0	0.0	0.0
11113	HGSV_158426	92	1	0.0	0.0	0.0
11114	HGSV_158431	92	2	0.0	0.0	0.0
11115	HGSV_158854	92	4	0.0	0.0	0.0
11116	HGSV_15986	92	19	0.005	0.005	0.005
11117	HGSV_16229	92	0	0.002	0.002	0.002
11118	HGSV_16471	92	70	0.0	0.0	0.0
11119	HGSV_16875	92	1	0.0	0.0	0.0
11120	HGSV_17404	92	0	0.0	0.0	0.0
11121	HGSV_17574	92	1	0.0	0.0	0.0
11122	HGSV_17685	92	1	0.0	0.0	0.0
11123	HGSV_18311	92	3	0.0	0.0	0.0
11124	HGSV_184	92	2	0.006	0.006	0.006
11125	HGSV_18680	92	0	0.0	0.0	0.0
11126	HGSV_1964	92	0	0.001	0.001	0.001
11127	HGSV_2110	92	5	0.0	0.0	0.0
11128	HGSV_2202	92	1	0.0	0.0	0.0
11129	HGSV_2238	92	1	0.0	0.0	0.0
11130	HGSV_2477	92	0	0.0	0.0	0.0
11131	HGSV_2649	92	2	0.001	0.001	0.001
11132	HGSV_2683	92	65	0.048	0.048	0.048
11133	HGSV_2698	92	6	0.002	0.002	0.0
11134	HGSV_2781	92	1	0.0	0.0	0.0
11135	HGSV_2993	92	5	0.004	0.004	0.004
11136	HGSV_3073	92	10	0.008	0.008	0.008
11137	HGSV_3293	92	1	0.001	0.001	0.001
11138	HGSV_3426	92	0	0.0	0.0	0.0
11139	HGSV_3443	92	7	0.002	0.002	0.002
11140	HGSV_3464	92	0	0.0	0.0	0.0
11141	HGSV_3637	92	8	0.006	0.006	0.0
11142	HGSV_4144	92	1	0.0	0.0	0.0
11143	HGSV_4636	92	1	0.0	0.0	0.0
11144	HGSV_4646	92	1	0.216	0.216	0.216
11145	HGSV_4920	92	70	0.043	0.043	0.0
11146	HGSV_5159	92	5	0.002	0.002	0.002
11147	HGSV_5535	92	0	0.0	0.0	0.0
11148	HGSV_6214	92	16	0.005	0.005	0.005
11149	HGSV_664	92	1	0.0	0.0	0.0
11150	HGSV_8244	92	3	0.0	0.0	0.0
11151	HGSV_8642	92	1	0.0	0.0	0.0
11152	HGSV_8950	92	75	0.051	0.051	0.051
11153	HGSV_8966	92	1	0.234	0.0	0.0
11154	HGSV_9052	92	13	0.008	0.008	0.008
11155	HGSV_9371	92	33	0.03	0.0	0.0
11156	HGSV_9502	92	28	0.006	0.006	0.006
11157	HGSV_9916	92	1	0.0	0.0	0.0
11158	HGSV_1053	91	3	0.0	0.0	0.0
11159	HGSV_11036	91	13	0.0	0.0	0.0
11160	HGSV_11039	91	9	0.004	0.004	0.004
11161	HGSV_11217	91	20	0.021	0.021	0.021
11162	HGSV_11406	91	1	0.0	0.0	0.0
11163	HGSV_12313	91	9	0.004	0.004	0.004
11164	HGSV_12402	91	0	0.0	0.0	0.0
11165	HGSV_13412	91	0	0.957	0.0	0.0
11166	HGSV_13477	91	1	0.0	0.0	0.0
11167	HGSV_13692	91	0	0.998	0.998	0.998
11168	HGSV_143419	91	0	0.0	0.0	0.0
11169	HGSV_143863	91	2	0.0	0.0	0.0
11170	HGSV_144017	91	12	0.005	0.005	0.005
11171	HGSV_144772	91	1	0.0	0.0	0.0
11172	HGSV_145131	91	1	0.0	0.0	0.0
11173	HGSV_145230	91	2	0.0	0.0	0.0
11174	HGSV_145878	91	0	0.0	0.0	0.0
11175	HGSV_146303	91	3	0.002	0.002	0.002
11176	HGSV_146530	91	2	0.509	0.509	0.509
11177	HGSV_147199	91	1	0.001	0.0	0.0
11178	HGSV_147798	91	1	0.0	0.0	0.0
11179	HGSV_147967	91	3	0.0	0.0	0.0
11180	HGSV_148061	91	1	0.0	0.0	0.0
11181	HGSV_148512	91	0	0.0	0.0	0.0
11182	HGSV_14915	91	2	0.099	0.099	0.0
11183	HGSV_149439	91	2	0.0	0.0	0.0
11184	HGSV_149845	91	0	0.0	0.0	0.0
11185	HGSV_150110	91	4	0.0	0.0	0.0
11186	HGSV_150343	91	20	0.017	0.017	0.017
11187	HGSV_15047	91	0	0.0	0.0	0.0
11188	HGSV_150522	91	1	0.002	0.002	0.002
11189	HGSV_15064	91	0	0.0	0.0	0.0
11190	HGSV_151803	91	2	0.001	0.001	0.001
11191	HGSV_152070	91	0	0.0	0.0	0.0
11192	HGSV_152551	91	2	0.0	0.0	0.0
11193	HGSV_153644	91	2	0.0	0.0	0.0
11194	HGSV_154343	91	0	0.0	0.0	0.0
11195	HGSV_154934	91	0	0.0	0.0	0.0
11196	HGSV_15502	91	2	0.002	0.002	0.002
11197	HGSV_155482	91	0	0.0	0.0	0.0
11198	HGSV_15561	91	0	0.0	0.0	0.0
11199	HGSV_155633	91	1	0.001	0.001	0.001
11200	HGSV_155640	91	8	0.0	0.0	0.0
11201	HGSV_155822	91	0	0.0	0.0	0.0
11202	HGSV_15616	91	13	0.009	0.009	0.009
11203	HGSV_156325	91	0	0.0	0.0	0.0
11204	HGSV_156376	91	13	0.0	0.0	0.0
11205	HGSV_156782	91	0	0.0	0.0	0.0
11206	HGSV_15685	91	20	0.01	0.01	0.01
11207	HGSV_156985	91	1	0.0	0.0	0.0
11208	HGSV_157003	91	1	0.0	0.0	0.0
11209	HGSV_157333	91	6	0.002	0.002	0.002
11210	HGSV_157512	91	1	0.003	0.003	0.003
11211	HGSV_157661	91	2	0.004	0.004	0.004
11212	HGSV_157776	91	23	0.013	0.013	0.013
11213	HGSV_157965	91	0	0.0	0.0	0.0
11214	HGSV_158048	91	0	0.0	0.0	0.0
11215	HGSV_158115	91	13	0.0	0.0	0.0
11216	HGSV_15848	91	1	0.0	0.0	0.0
11217	HGSV_158596	91	70	0.046	0.046	0.046
11218	HGSV_158850	91	14	0.011	0.011	0.011
11219	HGSV_158	91	9	0.0	0.0	0.0
11220	HGSV_15977	91	0	0.0	0.0	0.0
11221	HGSV_16335	91	0	0.0	0.0	0.0
11222	HGSV_17282	91	1	0.002	0.002	0.002
11223	HGSV_1740	91	1	0.0	0.0	0.0
11224	HGSV_17420	91	1	0.882	0.882	0.882
11225	HGSV_17428	91	0	0.0	0.0	0.0
11226	HGSV_17529	91	0	0.0	0.0	0.0
11227	HGSV_17809	91	2	0.001	0.001	0.001
11228	HGSV_17811	91	1	0.001	0.001	0.001
11229	HGSV_18079	91	0	0.0	0.0	0.0
11230	HGSV_18371	91	0	0.001	0.001	0.0
11231	HGSV_18382	91	0	0.325	0.325	0.325
11232	HGSV_18570	91	1	0.001	0.001	0.001
11233	HGSV_18645	91	2	0.0	0.0	0.0
11234	HGSV_18648	91	1	0.0	0.0	0.0
11235	HGSV_18688	91	1	0.0	0.0	0.0
11236	HGSV_19052	91	26	0.015	0.015	0.015
11237	HGSV_19136	91	19	0.012	0.012	0.012
11238	HGSV_19138	91	0	0.0	0.0	0.0
11239	HGSV_19433	91	0	0.0	0.0	0.0
11240	HGSV_2200	91	8	0.003	0.003	0.003
11241	HGSV_2263	91	0	0.0	0.0	0.0
11242	HGSV_2699	91	0	0.0	0.0	0.0
11243	HGSV_3664	91	0	0.0	0.0	0.0
11244	HGSV_3901	91	0	0.0	0.0	0.0
11245	HGSV_3974	91	1	0.0	0.0	0.0
11246	HGSV_4080	91	18	0.012	0.012	0.012
11247	HGSV_4339	91	0	0.0	0.0	0.0
11248	HGSV_4487	91	2	0.0	0.0	0.0
11249	HGSV_517	91	2	0.0	0.0	0.0
11250	HGSV_5182	91	1	0.001	0.001	0.001
11251	HGSV_5215	91	2	0.0	0.0	0.0
11252	HGSV_5557	91	1	0.0	0.0	0.0
11253	HGSV_6558	91	6	0.001	0.001	0.001
11254	HGSV_7635	91	3	0.001	0.001	0.001
11255	HGSV_7769	91	18	0.013	0.013	0.013
11256	HGSV_8046	91	3	0.001	0.001	0.001
11257	HGSV_8572	91	26	0.02	0.02	0.02
11258	HGSV_863	91	1	0.0	0.0	0.0
11259	HGSV_9099	91	40	0.025	0.025	0.025
11260	HGSV_10264	90	1	0.001	0.001	0.001
11261	HGSV_11551	90	0	0.0	0.0	0.0
11262	HGSV_11707	90	17	0.008	0.008	0.0
11263	HGSV_11869	90	12	0.004	0.004	0.004
11264	HGSV_12420	90	1	0.0	0.0	0.0
11265	HGSV_12775	90	0	0.001	0.001	0.001
11266	HGSV_13791	90	22	0.009	0.0	0.0
11267	HGSV_13885	90	1	0.0	0.0	0.0
11268	HGSV_13947	90	26	0.011	0.011	0.011
11269	HGSV_13986	90	1	0.433	0.433	0.433
11270	HGSV_14108	90	0	0.0	0.0	0.0
11271	HGSV_143690	90	4	0.001	0.001	0.001
11272	HGSV_143723	90	0	0.966	0.966	0.966
11273	HGSV_144034	90	1	0.0	0.0	0.0
11274	HGSV_144540	90	0	0.0	0.0	0.0
11275	HGSV_14517	90	1	0.0	0.0	0.0
11276	HGSV_145517	90	2	0.0	0.0	0.0
11277	HGSV_145734	90	1	0.0	0.0	0.0
11278	HGSV_146111	90	1	0.0	0.0	0.0
11279	HGSV_146548	90	2	0.0	0.0	0.0
11280	HGSV_146917	90	61	0.043	0.043	0.043
11281	HGSV_147173	90	0	0.001	0.001	0.001
11282	HGSV_147335	90	0	0.0	0.0	0.0
11283	HGSV_147447	90	10	0.008	0.008	0.008
11284	HGSV_147734	90	0	0.0	0.0	0.0
11285	HGSV_149217	90	0	0.001	0.001	0.0
11286	HGSV_149675	90	9	0.0	0.0	0.0
11287	HGSV_149694	90	1	0.0	0.0	0.0
11288	HGSV_149745	90	1	0.0	0.0	0.0
11289	HGSV_149792	90	3	0.001	0.001	0.001
11290	HGSV_149879	90	0	0.0	0.0	0.0
11291	HGSV_150008	90	2	0.0	0.0	0.0
11292	HGSV_15028	90	10	0.0	0.0	0.0
11293	HGSV_15033	90	1	0.0	0.0	0.0
11294	HGSV_152439	90	25	0.019	0.019	0.019
11295	HGSV_152471	90	0	0.001	0.001	0.001
11296	HGSV_154311	90	0	0.294	0.294	0.4
11297	HGSV_154690	90	0	0.0	0.0	0.0
11298	HGSV_155103	90	5	0.001	0.001	0.001
11299	HGSV_155191	90	0	0.0	0.0	0.0
11300	HGSV_155728	90	0	0.0	0.0	0.0
11301	HGSV_156037	90	32	0.0	0.0	0.0
11302	HGSV_156071	90	0	0.0	0.0	0.0
11303	HGSV_156616	90	0	0.0	0.0	0.0
11304	HGSV_15756	90	36	0.018	0.018	0.018
11305	HGSV_159107	90	0	0.0	0.0	0.0
11306	HGSV_16253	90	2	0.001	0.001	0.0
11307	HGSV_17612	90	59	0.057	0.057	0.0
11308	HGSV_17841	90	7	0.0	0.0	0.0
11309	HGSV_18001	90	1	0.0	0.0	0.0
11310	HGSV_1817	90	0	0.0	0.0	0.0
11311	HGSV_18754	90	3	0.0	0.0	0.0
11312	HGSV_18900	90	5	0.006	0.006	0.006
11313	HGSV_19451	90	0	0.001	0.001	0.001
11314	HGSV_19662	90	3	0.0	0.0	0.0
11315	HGSV_204	90	1	0.001	0.001	0.001
11316	HGSV_205	90	2	0.32	0.32	0.32
11317	HGSV_2059	90	3	0.001	0.001	0.001
11318	HGSV_2552	90	5	0.002	0.002	0.002
11319	HGSV_3386	90	1	0.001	0.001	0.001
11320	HGSV_3563	90	1	0.0	0.0	0.0
11321	HGSV_3842	90	0	0.0	0.0	0.0
11322	HGSV_3850	90	5	0.005	0.005	0.005
11323	HGSV_4130	90	1	0.0	0.0	0.0
11324	HGSV_4452	90	9	0.004	0.004	0.004
11325	HGSV_4789	90	4	0.002	0.002	0.002
11326	HGSV_5549	90	9	0.005	0.005	0.0
11327	HGSV_574	90	19	0.008	0.008	0.008
11328	HGSV_5816	90	0	0.0	0.0	0.0
11329	HGSV_6127	90	2	0.001	0.001	0.001
11330	HGSV_6753	90	4	0.003	0.003	0.0
11331	HGSV_7393	90	3	0.0	0.0	0.0
11332	HGSV_859	90	58	0.033	0.033	0.033
11333	HGSV_9018	90	68	0.0	0.0	0.0
11334	HGSV_9156	90	57	0.036	0.036	0.036
11335	HGSV_9193	90	1	0.0	0.0	0.0
11336	HGSV_1062	89	2	0.0	0.0	0.0
11337	HGSV_10986	89	1	0.0	0.0	0.0
11338	HGSV_11025	89	1	0.0	0.0	0.0
11339	HGSV_11418	89	1	0.0	0.0	0.0
11340	HGSV_1168	89	4	0.0	0.0	0.0
11341	HGSV_11756	89	0	0.002	0.002	0.002
11342	HGSV_11808	89	0	0.001	0.001	0.001
11343	HGSV_12572	89	1	0.0	0.0	0.0
11344	HGSV_12627	89	17	0.002	0.002	0.002
11345	HGSV_13128	89	1	0.0	0.0	0.0
11346	HGSV_14368	89	2	0.0	0.0	0.0
11347	HGSV_143747	89	0	0.0	0.0	0.0
11348	HGSV_143948	89	0	0.0	0.0	0.0
11349	HGSV_143962	89	0	0.0	0.0	0.0
11350	HGSV_144131	89	4	0.0	0.0	0.0
11351	HGSV_144448	89	1	0.0	0.0	0.0
11352	HGSV_144686	89	2	0.001	0.001	0.0
11353	HGSV_145017	89	56	0.0	0.0	0.0
11354	HGSV_145302	89	1	0.001	0.001	0.001
11355	HGSV_14655	89	11	0.001	0.001	0.001
11356	HGSV_147050	89	40	0.017	0.017	0.0
11357	HGSV_147151	89	1	0.0	0.0	0.0
11358	HGSV_147478	89	1	0.0	0.0	0.0
11359	HGSV_147479	89	1	0.001	0.001	0.001
11360	HGSV_147507	89	1	0.0	0.0	0.0
11361	HGSV_148035	89	1	0.001	0.001	0.001
11362	HGSV_149519	89	3	0.003	0.003	0.003
11363	HGSV_149836	89	3	0.0	0.0	0.0
11364	HGSV_150117	89	0	0.0	0.0	0.0
11365	HGSV_150573	89	1	0.001	0.001	0.001
11366	HGSV_150744	89	3	0.0	0.0	0.0
11367	HGSV_151072	89	1	0.0	0.0	0.0
11368	HGSV_151109	89	0	0.0	0.0	0.0
11369	HGSV_151252	89	12	0.003	0.003	0.003
11370	HGSV_151257	89	2	0.0	0.0	0.0
11371	HGSV_151629	89	0	0.0	0.0	0.0
11372	HGSV_151752	89	0	0.0	0.0	0.0
11373	HGSV_151901	89	60	0.052	0.052	0.0
11374	HGSV_152102	89	4	0.0	0.0	0.0
11375	HGSV_152425	89	6	0.001	0.001	0.001
11376	HGSV_152447	89	2	0.001	0.001	0.001
11377	HGSV_152601	89	3	0.0	0.0	0.0
11378	HGSV_152630	89	1	0.0	0.0	0.0
11379	HGSV_152728	89	8	0.0	0.0	0.0
11380	HGSV_153005	89	8	0.0	0.0	0.0
11381	HGSV_153488	89	1	0.0	0.0	0.0
11382	HGSV_153761	89	1	0.0	0.0	0.0
11383	HGSV_153812	89	1	0.0	0.0	0.0
11384	HGSV_154321	89	0	0.0	0.0	0.0
11385	HGSV_154331	89	0	0.0	0.0	0.0
11386	HGSV_154651	89	7	0.007	0.007	0.007
11387	HGSV_154871	89	2	0.002	0.002	0.002
11388	HGSV_155010	89	7	0.0	0.0	0.0
11389	HGSV_155212	89	2	0.001	0.001	0.001
11390	HGSV_155432	89	0	0.0	0.0	0.0
11391	HGSV_155454	89	6	0.005	0.005	0.005
11392	HGSV_155741	89	0	0.0	0.0	0.0
11393	HGSV_155804	89	1	0.001	0.001	0.001
11394	HGSV_156661	89	32	0.0	0.0	0.0
11395	HGSV_156873	89	3	0.001	0.001	0.001
11396	HGSV_157223	89	0	0.0	0.0	0.0
11397	HGSV_157250	89	2	0.0	0.0	0.0
11398	HGSV_15735	89	1	0.0	0.0	0.0
11399	HGSV_157392	89	3	0.0	0.0	0.0
11400	HGSV_157694	89	18	0.011	0.011	0.011
11401	HGSV_158195	89	0	0.0	0.0	0.0
11402	HGSV_158252	89	0	0.0	0.0	0.0
11403	HGSV_16418	89	1	0.417	0.417	0.417
11404	HGSV_16707	89	3	0.001	0.001	0.001
11405	HGSV_17123	89	1	0.0	0.0	0.0
11406	HGSV_17607	89	5	0.004	0.004	0.0
11407	HGSV_17840	89	0	0.811	0.811	0.811
11408	HGSV_17987	89	0	0.0	0.0	0.0
11409	HGSV_18916	89	0	0.0	0.0	0.0
11410	HGSV_19197	89	0	0.0	0.0	0.0
11411	HGSV_19375	89	0	0.001	0.001	0.001
11412	HGSV_19	89	0	0.0	0.0	0.0
11413	HGSV_248	89	10	0.0	0.0	0.0
11414	HGSV_3131	89	0	0.001	0.001	0.001
11415	HGSV_3500	89	1	0.001	0.001	0.001
11416	HGSV_3603	89	1	0.0	0.0	0.0
11417	HGSV_3878	89	1	0.0	0.0	0.0
11418	HGSV_4588	89	1	0.0	0.0	0.0
11419	HGSV_4669	89	2	0.0	0.0	0.0
11420	HGSV_521	89	2	0.001	0.001	0.001
11421	HGSV_5437	89	3	0.0	0.0	0.0
11422	HGSV_5594	89	0	0.0	0.0	0.0
11423	HGSV_5771	89	1	0.0	0.0	0.0
11424	HGSV_6484	89	1	0.0	0.0	0.0
11425	HGSV_6589	89	6	0.0	0.0	0.0
11426	HGSV_731	89	1	0.001	0.001	0.001
11427	HGSV_7368	89	17	0.0	0.0	0.0
11428	HGSV_791	89	2	0.0	0.0	0.0
11429	HGSV_8070	89	16	0.009	0.009	0.0
11430	HGSV_8077	89	1	0.0	0.0	0.0
11431	HGSV_8489	89	60	0.04	0.04	0.04
11432	HGSV_9062	89	1	0.0	0.0	0.0
11433	HGSV_927	89	2	0.0	0.0	0.0
11434	HGSV_9416	89	15	0.015	0.015	0.015
11435	HGSV_9784	89	65	0.051	0.051	0.0
11436	HGSV_10414	88	0	0.001	0.001	0.001
11437	HGSV_10635	88	8	0.001	0.001	0.001
11438	HGSV_11282	88	0	0.0	0.0	0.0
11439	HGSV_11581	88	0	0.0	0.0	0.0
11440	HGSV_11648	88	2	0.002	0.002	0.002
11441	HGSV_1177	88	0	0.177	0.177	0.177
11442	HGSV_11797	88	0	0.0	0.0	0.0
11443	HGSV_11836	88	1	0.0	0.0	0.0
11444	HGSV_11942	88	1	0.0	0.0	0.0
11445	HGSV_12394	88	0	0.0	0.0	0.0
11446	HGSV_124	88	2	0.0	0.0	0.0
11447	HGSV_12551	88	0	0.001	0.001	0.001
11448	HGSV_12946	88	63	0.0	0.0	0.0
11449	HGSV_13074	88	0	0.0	0.0	0.0
11450	HGSV_13124	88	2	0.0	0.0	0.0
11451	HGSV_13201	88	52	0.037	0.037	0.0
11452	HGSV_13263	88	60	0.05	0.05	0.05
11453	HGSV_1396	88	19	0.015	0.015	0.015
11454	HGSV_144038	88	72	0.039	0.039	0.039
11455	HGSV_144191	88	1	0.002	0.002	0.002
11456	HGSV_144218	88	1	0.001	0.001	0.001
11457	HGSV_144524	88	1	0.753	0.753	0.753
11458	HGSV_144951	88	1	0.0	0.0	0.0
11459	HGSV_145212	88	0	0.0	0.0	0.0
11460	HGSV_146516	88	1	0.001	0.001	0.001
11461	HGSV_146752	88	1	0.001	0.001	0.001
11462	HGSV_147315	88	0	0.0	0.0	0.0
11463	HGSV_147517	88	8	0.006	0.006	0.006
11464	HGSV_147775	88	43	0.0	0.0	0.0
11465	HGSV_148587	88	0	0.0	0.0	0.0
11466	HGSV_149001	88	0	0.0	0.0	0.0
11467	HGSV_149016	88	3	0.001	0.001	0.001
11468	HGSV_149204	88	64	0.034	0.034	0.034
11469	HGSV_149293	88	3	0.001	0.001	0.001
11470	HGSV_149515	88	1	0.0	0.0	0.0
11471	HGSV_149800	88	10	0.005	0.005	0.005
11472	HGSV_149827	88	1	0.002	0.002	0.002
11473	HGSV_149884	88	1	0.0	0.0	0.0
11474	HGSV_149950	88	0	0.0	0.0	0.0
11475	HGSV_150324	88	0	0.0	0.0	0.0
11476	HGSV_150362	88	0	0.0	0.0	0.0
11477	HGSV_150450	88	55	0.049	0.049	0.0
11478	HGSV_150575	88	13	0.064	0.064	0.0
11479	HGSV_150593	88	1	0.0	0.0	0.0
11480	HGSV_15081	88	0	0.334	0.0	0.0
11481	HGSV_151055	88	1	0.0	0.0	0.0
11482	HGSV_151119	88	3	0.002	0.002	0.002
11483	HGSV_151326	88	0	0.0	0.0	0.0
11484	HGSV_15132	88	9	0.007	0.007	0.007
11485	HGSV_151816	88	19	0.009	0.009	0.009
11486	HGSV_151839	88	24	0.005	0.005	0.005
11487	HGSV_152011	88	8	0.003	0.003	0.003
11488	HGSV_152632	88	2	0.0	0.0	0.0
11489	HGSV_153475	88	0	0.0	0.0	0.0
11490	HGSV_153900	88	0	0.992	0.0	0.0
11491	HGSV_153909	88	0	0.0	0.0	0.0
11492	HGSV_154082	88	0	0.0	0.0	0.0
11493	HGSV_1552	88	2	0.001	0.001	0.0
11494	HGSV_15580	88	31	0.021	0.021	0.021
11495	HGSV_155833	88	3	0.0	0.0	0.0
11496	HGSV_15632	88	1	0.0	0.0	0.0
11497	HGSV_156651	88	0	0.0	0.0	0.0
11498	HGSV_156895	88	28	0.014	0.014	0.0
11499	HGSV_157242	88	0	0.0	0.0	0.0
11500	HGSV_157295	88	0	0.002	0.002	0.002
11501	HGSV_157476	88	31	0.016	0.016	0.016
11502	HGSV_16209	88	0	0.0	0.0	0.0
11503	HGSV_16287	88	1	0.569	0.569	0.569
11504	HGSV_170	88	11	0.007	0.007	0.0
11505	HGSV_174	88	11	0.003	0.003	0.003
11506	HGSV_17735	88	1	0.0	0.0	0.0
11507	HGSV_18073	88	0	0.0	0.0	0.0
11508	HGSV_18375	88	1	0.0	0.0	0.0
11509	HGSV_18520	88	59	0.049	0.049	0.049
11510	HGSV_18746	88	3	0.0	0.0	0.0
11511	HGSV_1886	88	0	0.0	0.0	0.0
11512	HGSV_2255	88	4	0.001	0.001	0.001
11513	HGSV_2469	88	0	0.0	0.0	0.0
11514	HGSV_279	88	8	0.012	0.012	0.012
11515	HGSV_2799	88	1	0.0	0.0	0.0
11516	HGSV_2849	88	2	0.001	0.001	0.001
11517	HGSV_3139	88	8	0.008	0.008	0.008
11518	HGSV_3320	88	1	0.0	0.0	0.0
11519	HGSV_3381	88	0	0.0	0.0	0.0
11520	HGSV_3417	88	14	0.008	0.008	0.008
11521	HGSV_3975	88	4	0.001	0.001	0.001
11522	HGSV_4047	88	1	0.0	0.0	0.0
11523	HGSV_4071	88	1	0.0	0.0	0.0
11524	HGSV_4412	88	1	0.0	0.0	0.0
11525	HGSV_4543	88	1	0.0	0.0	0.0
11526	HGSV_4583	88	1	0.001	0.001	0.001
11527	HGSV_4594	88	0	0.0	0.0	0.0
11528	HGSV_4744	88	21	0.009	0.009	0.009
11529	HGSV_4819	88	7	0.004	0.004	0.004
11530	HGSV_495	88	65	0.0	0.0	0.0
11531	HGSV_4963	88	0	0.0	0.0	0.0
11532	HGSV_4971	88	2	0.0	0.0	0.0
11533	HGSV_5105	88	0	0.0	0.0	0.0
11534	HGSV_5333	88	2	0.0	0.0	0.0
11535	HGSV_6416	88	0	0.0	0.0	0.0
11536	HGSV_6742	88	2	0.0	0.0	0.0
11537	HGSV_6884	88	37	0.024	0.024	0.0
11538	HGSV_7106	88	1	0.0	0.0	0.0
11539	HGSV_7425	88	1	0.0	0.0	0.0
11540	HGSV_8947	88	0	0.0	0.0	0.0
11541	HGSV_900	88	0	0.0	0.0	0.0
11542	HGSV_9124	88	0	0.0	0.0	0.0
11543	HGSV_9153	88	23	0.009	0.009	0.0
11544	HGSV_9618	88	2	0.003	0.003	0.0
11545	HGSV_9774	88	10	0.0	0.0	0.0
11546	HGSV_10507	87	1	0.0	0.0	0.0
11547	HGSV_10823	87	0	0.0	0.0	0.0
11548	HGSV_11974	87	1	0.0	0.0	0.0
11549	HGSV_12649	87	0	0.0	0.0	0.0
11550	HGSV_13470	87	1	0.0	0.0	0.0
11551	HGSV_13585	87	0	0.0	0.0	0.0
11552	HGSV_13884	87	1	0.0	0.0	0.0
11553	HGSV_14068	87	3	0.001	0.0	0.0
11554	HGSV_14178	87	0	0.003	0.003	0.0
11555	HGSV_143652	87	8	0.004	0.004	0.004
11556	HGSV_143710	87	1	0.0	0.0	0.0
11557	HGSV_145503	87	2	0.001	0.001	0.001
11558	HGSV_146208	87	52	0.047	0.047	0.047
11559	HGSV_146574	87	1	0.0	0.0	0.0
11560	HGSV_146861	87	23	0.013	0.013	0.013
11561	HGSV_147306	87	0	0.0	0.0	0.0
11562	HGSV_14765	87	0	0.0	0.0	0.0
11563	HGSV_14766	87	1	0.0	0.0	0.0
11564	HGSV_148070	87	1	0.001	0.001	0.001
11565	HGSV_1480	87	17	0.0	0.0	0.0
11566	HGSV_148215	87	0	0.0	0.0	0.0
11567	HGSV_149463	87	5	0.001	0.001	0.001
11568	HGSV_149535	87	1	0.0	0.0	0.0
11569	HGSV_150109	87	0	0.0	0.0	0.0
11570	HGSV_150353	87	0	0.0	0.0	0.0
11571	HGSV_150613	87	0	0.0	0.0	0.0
11572	HGSV_150660	87	3	0.002	0.002	0.002
11573	HGSV_150828	87	3	0.991	0.991	0.991
11574	HGSV_151322	87	1	0.002	0.002	0.0
11575	HGSV_151406	87	1	0.001	0.001	0.001
11576	HGSV_151597	87	0	0.0	0.0	0.0
11577	HGSV_151673	87	0	0.001	0.001	0.001
11578	HGSV_151915	87	1	0.0	0.0	0.0
11579	HGSV_152330	87	1	0.0	0.0	0.0
11580	HGSV_152363	87	11	0.006	0.0	0.0
11581	HGSV_153645	87	2	0.002	0.002	0.002
11582	HGSV_153754	87	1	0.0	0.0	0.0
11583	HGSV_154334	87	0	0.0	0.0	0.0
11584	HGSV_15436	87	0	0.0	0.0	0.0
11585	HGSV_154417	87	0	0.0	0.0	0.0
11586	HGSV_154713	87	0	0.0	0.0	0.0
11587	HGSV_154790	87	0	0.0	0.0	0.0
11588	HGSV_155370	87	0	0.0	0.0	0.0
11589	HGSV_155568	87	14	0.012	0.012	0.0
11590	HGSV_155714	87	0	0.0	0.0	0.0
11591	HGSV_155850	87	1	0.001	0.001	0.001
11592	HGSV_156584	87	0	0.0	0.0	0.0
11593	HGSV_157376	87	8	0.0	0.0	0.0
11594	HGSV_157627	87	36	0.022	0.022	0.022
11595	HGSV_157831	87	4	0.004	0.004	0.004
11596	HGSV_158346	87	21	0.0	0.0	0.0
11597	HGSV_158530	87	1	0.0	0.0	0.0
11598	HGSV_158778	87	0	0.916	0.916	0.916
11599	HGSV_16192	87	1	0.0	0.0	0.0
11600	HGSV_16234	87	2	0.0	0.0	0.0
11601	HGSV_17215	87	1	0.0	0.0	0.0
11602	HGSV_17371	87	2	0.0	0.0	0.0
11603	HGSV_17416	87	0	0.0	0.0	0.0
11604	HGSV_18009	87	1	0.0	0.0	0.0
11605	HGSV_18114	87	3	0.001	0.001	0.001
11606	HGSV_18423	87	1	0.0	0.0	0.0
11607	HGSV_18569	87	0	0.0	0.0	0.0
11608	HGSV_18921	87	0	0.0	0.0	0.0
11609	HGSV_18937	87	0	0.0	0.0	0.0
11610	HGSV_19127	87	54	0.0	0.0	0.0
11611	HGSV_2267	87	4	0.0	0.0	0.0
11612	HGSV_2339	87	3	0.001	0.001	0.0
11613	HGSV_2756	87	0	0.0	0.0	0.0
11614	HGSV_3039	87	0	0.0	0.0	0.0
11615	HGSV_3815	87	2	0.0	0.0	0.0
11616	HGSV_393	87	1	0.0	0.0	0.0
11617	HGSV_4143	87	21	0.016	0.016	0.016
11618	HGSV_4651	87	5	0.0	0.0	0.0
11619	HGSV_4860	87	0	0.0	0.0	0.0
11620	HGSV_4937	87	1	0.0	0.0	0.0
11621	HGSV_5255	87	2	0.001	0.001	0.001
11622	HGSV_530	87	0	0.0	0.0	0.0
11623	HGSV_5329	87	0	0.001	0.001	0.001
11624	HGSV_5836	87	1	0.806	0.806	0.806
11625	HGSV_653	87	6	0.01	0.01	0.0
11626	HGSV_6871	87	3	0.0	0.0	0.0
11627	HGSV_8435	87	1	0.0	0.0	0.0
11628	HGSV_8747	87	0	0.0	0.0	0.0
11629	HGSV_9103	87	0	0.0	0.0	0.0
11630	HGSV_9182	87	3	0.0	0.0	0.0
11631	HGSV_9520	87	1	0.0	0.0	0.0
11632	HGSV_9609	87	11	0.0	0.0	0.0
11633	HGSV_10121	86	0	0.0	0.0	0.0
11634	HGSV_1034	86	2	0.0	0.0	0.0
11635	HGSV_10365	86	0	0.584	0.584	0.584
11636	HGSV_10440	86	1	0.0	0.0	0.0
11637	HGSV_10998	86	7	0.0	0.0	0.0
11638	HGSV_1101	86	1	0.0	0.0	0.0
11639	HGSV_11057	86	3	0.001	0.001	0.001
11640	HGSV_11781	86	2	0.0	0.0	0.0
11641	HGSV_11817	86	0	0.0	0.0	0.0
11642	HGSV_11929	86	4	0.005	0.005	0.005
11643	HGSV_12081	86	0	0.0	0.0	0.0
11644	HGSV_12115	86	4	0.0	0.0	0.0
11645	HGSV_12179	86	8	0.003	0.003	0.003
11646	HGSV_12461	86	1	0.0	0.0	0.0
11647	HGSV_12507	86	14	0.009	0.009	0.009
11648	HGSV_12549	86	0	0.001	0.001	0.001
11649	HGSV_13882	86	42	0.046	0.046	0.0
11650	HGSV_14303	86	0	0.001	0.001	0.001
11651	HGSV_143870	86	0	0.0	0.0	0.0
11652	HGSV_144961	86	1	0.0	0.0	0.0
11653	HGSV_145060	86	1	0.0	0.0	0.0
11654	HGSV_145149	86	2	0.001	0.001	0.001
11655	HGSV_145643	86	3	0.002	0.002	0.002
11656	HGSV_146048	86	0	0.001	0.001	0.001
11657	HGSV_146129	86	0	0.0	0.0	0.0
11658	HGSV_146157	86	1	0.001	0.001	0.001
11659	HGSV_146533	86	1	0.002	0.002	0.002
11660	HGSV_146793	86	47	0.034	0.034	0.034
11661	HGSV_146856	86	11	0.003	0.003	0.003
11662	HGSV_146901	86	0	0.0	0.0	0.0
11663	HGSV_147038	86	1	0.0	0.0	0.0
11664	HGSV_147058	86	1	0.001	0.001	0.001
11665	HGSV_147389	86	2	0.001	0.001	0.001
11666	HGSV_147563	86	0	0.0	0.0	0.0
11667	HGSV_148091	86	5	0.0	0.0	0.0
11668	HGSV_148510	86	2	0.0	0.0	0.0
11669	HGSV_149136	86	1	0.0	0.0	0.0
11670	HGSV_149536	86	8	0.0	0.0	0.0
11671	HGSV_149736	86	1	0.431	0.0	0.0
11672	HGSV_15001	86	16	0.013	0.013	0.013
11673	HGSV_150258	86	2	0.0	0.0	0.0
11674	HGSV_150586	86	10	0.005	0.005	0.005
11675	HGSV_150877	86	15	0.013	0.0	0.0
11676	HGSV_150886	86	6	0.001	0.001	0.001
11677	HGSV_151015	86	1	0.0	0.0	0.0
11678	HGSV_151075	86	2	0.0	0.0	0.0
11679	HGSV_151489	86	0	0.0	0.0	0.0
11680	HGSV_151548	86	0	0.0	0.0	0.0
11681	HGSV_151978	86	6	0.004	0.004	0.004
11682	HGSV_15231	86	0	0.0	0.0	0.0
11683	HGSV_152812	86	1	0.0	0.0	0.0
11684	HGSV_153344	86	66	0.0	0.0	0.0
11685	HGSV_153560	86	0	0.001	0.0	0.0
11686	HGSV_153843	86	0	0.001	0.001	0.001
11687	HGSV_154909	86	1	0.0	0.0	0.0
11688	HGSV_155484	86	0	0.0	0.0	0.0
11689	HGSV_155565	86	1	0.0	0.0	0.0
11690	HGSV_155803	86	26	0.014	0.014	0.014
11691	HGSV_155872	86	1	0.0	0.0	0.0
11692	HGSV_15621	86	8	0.002	0.002	0.002
11693	HGSV_156272	86	0	0.0	0.0	0.0
11694	HGSV_156575	86	0	0.0	0.0	0.0
11695	HGSV_156590	86	1	0.0	0.0	0.0
11696	HGSV_156840	86	0	0.0	0.0	0.0
11697	HGSV_157237	86	1	0.001	0.001	0.001
11698	HGSV_157238	86	0	0.0	0.0	0.0
11699	HGSV_157384	86	2	0.001	0.001	0.001
11700	HGSV_157904	86	1	0.0	0.0	0.0
11701	HGSV_158147	86	12	0.008	0.008	0.008
11702	HGSV_158269	86	0	0.0	0.0	0.0
11703	HGSV_17060	86	1	0.0	0.0	0.0
11704	HGSV_17111	86	11	0.0	0.0	0.0
11705	HGSV_17268	86	0	0.0	0.0	0.0
11706	HGSV_17419	86	0	0.0	0.0	0.0
11707	HGSV_17552	86	0	0.0	0.0	0.0
11708	HGSV_17681	86	0	0.0	0.0	0.0
11709	HGSV_18090	86	4	0.004	0.004	0.004
11710	HGSV_18103	86	2	0.0	0.0	0.0
11711	HGSV_18125	86	0	0.0	0.0	0.0
11712	HGSV_18166	86	2	0.0	0.0	0.0
11713	HGSV_18552	86	0	0.001	0.001	0.001
11714	HGSV_18708	86	1	0.0	0.0	0.0
11715	HGSV_1899	86	1	0.0	0.0	0.0
11716	HGSV_19193	86	0	0.0	0.0	0.0
11717	HGSV_1929	86	2	0.0	0.0	0.0
11718	HGSV_19406	86	1	0.0	0.0	0.0
11719	HGSV_2201	86	1	0.002	0.002	0.002
11720	HGSV_2368	86	0	0.001	0.001	0.001
11721	HGSV_250	86	10	0.009	0.0	0.0
11722	HGSV_2824	86	3	0.0	0.0	0.0
11723	HGSV_2953	86	2	0.001	0.001	0.0
11724	HGSV_3083	86	0	0.0	0.0	0.0
11725	HGSV_3422	86	1	0.001	0.0	0.0
11726	HGSV_3798	86	8	0.003	0.003	0.003
11727	HGSV_4123	86	2	0.001	0.001	0.001
11728	HGSV_4329	86	0	0.947	0.947	0.947
11729	HGSV_4448	86	21	0.012	0.012	0.012
11730	HGSV_4571	86	1	0.0	0.0	0.0
11731	HGSV_4645	86	2	0.002	0.002	0.002
11732	HGSV_4811	86	1	0.0	0.0	0.0
11733	HGSV_4813	86	2	0.0	0.0	0.0
11734	HGSV_5047	86	1	0.0	0.0	0.0
11735	HGSV_5062	86	2	0.0	0.0	0.0
11736	HGSV_5300	86	0	0.0	0.0	0.0
11737	HGSV_5350	86	3	0.0	0.0	0.0
11738	HGSV_5563	86	11	0.004	0.004	0.004
11739	HGSV_6675	86	1	0.0	0.0	0.0
11740	HGSV_6813	86	2	0.0	0.0	0.0
11741	HGSV_7322	86	1	0.0	0.0	0.0
11742	HGSV_7455	86	1	0.001	0.001	0.001
11743	HGSV_7876	86	1	0.0	0.0	0.0
11744	HGSV_8008	86	1	0.001	0.001	0.001
11745	HGSV_8204	86	1	0.002	0.002	0.002
11746	HGSV_8229	86	0	0.0	0.0	0.0
11747	HGSV_9246	86	13	0.009	0.009	0.009
11748	HGSV_9476	86	3	0.001	0.001	0.001
11749	HGSV_9633	86	4	0.001	0.001	0.001
11750	HGSV_9929	86	3	0.0	0.0	0.0
11751	HGSV_10068	85	0	0.0	0.0	0.0
11752	HGSV_10228	85	2	0.002	0.002	0.002
11753	HGSV_10446	85	1	0.0	0.0	0.0
11754	HGSV_11326	85	1	0.0	0.0	0.0
11755	HGSV_1135	85	0	0.001	0.001	0.001
11756	HGSV_11888	85	0	0.0	0.0	0.0
11757	HGSV_1328	85	1	0.002	0.002	0.002
11758	HGSV_13352	85	0	0.0	0.0	0.0
11759	HGSV_13354	85	2	0.0	0.0	0.0
11760	HGSV_13594	85	1	0.0	0.0	0.0
11761	HGSV_13655	85	0	0.001	0.001	0.001
11762	HGSV_14081	85	1	0.0	0.0	0.0
11763	HGSV_144036	85	2	0.0	0.0	0.0
11764	HGSV_144426	85	0	0.0	0.0	0.0
11765	HGSV_144482	85	23	0.0	0.0	0.0
11766	HGSV_144801	85	2	0.001	0.001	0.0
11767	HGSV_14498	85	11	0.683	0.683	0.683
11768	HGSV_145448	85	0	0.0	0.0	0.0
11769	HGSV_145569	85	12	0.0	0.0	0.0
11770	HGSV_14574	85	0	0.0	0.0	0.0
11771	HGSV_146162	85	6	0.004	0.004	0.004
11772	HGSV_146298	85	0	0.001	0.001	0.0
11773	HGSV_146539	85	2	0.0	0.0	0.0
11774	HGSV_146714	85	0	0.0	0.0	0.0
11775	HGSV_14727	85	1	0.0	0.0	0.0
11776	HGSV_147329	85	3	0.001	0.001	0.001
11777	HGSV_147883	85	0	0.0	0.0	0.0
11778	HGSV_148223	85	8	0.001	0.001	0.001
11779	HGSV_148549	85	10	0.004	0.004	0.004
11780	HGSV_14884	85	0	0.0	0.0	0.0
11781	HGSV_148864	85	1	0.0	0.0	0.0
11782	HGSV_149420	85	0	0.0	0.0	0.0
11783	HGSV_149512	85	63	0.031	0.031	0.0
11784	HGSV_149611	85	68	0.035	0.035	0.035
11785	HGSV_149777	85	0	0.0	0.0	0.0
11786	HGSV_149795	85	7	0.0	0.0	0.0
11787	HGSV_150106	85	0	0.0	0.0	0.0
11788	HGSV_15015	85	0	0.0	0.0	0.0
11789	HGSV_150277	85	0	0.0	0.0	0.0
11790	HGSV_150854	85	1	0.0	0.0	0.0
11791	HGSV_151241	85	2	0.001	0.001	0.001
11792	HGSV_151302	85	14	0.0	0.0	0.0
11793	HGSV_151327	85	0	0.001	0.001	0.001
11794	HGSV_151975	85	0	0.001	0.001	0.001
11795	HGSV_152312	85	1	0.0	0.0	0.0
11796	HGSV_152427	85	3	0.0	0.0	0.0
11797	HGSV_152428	85	0	0.001	0.001	0.001
11798	HGSV_152504	85	1	0.0	0.0	0.0
11799	HGSV_15255	85	0	0.001	0.001	0.001
11800	HGSV_152678	85	0	0.0	0.0	0.0
11801	HGSV_152952	85	1	0.366	0.366	0.366
11802	HGSV_152956	85	0	0.0	0.0	0.0
11803	HGSV_153128	85	2	0.0	0.0	0.0
11804	HGSV_153350	85	9	0.005	0.005	0.005
11805	HGSV_153936	85	1	0.0	0.0	0.0
11806	HGSV_153978	85	0	0.992	0.992	0.992
11807	HGSV_154158	85	0	0.0	0.0	0.0
11808	HGSV_154413	85	6	0.0	0.0	0.0
11809	HGSV_154445	85	60	0.026	0.026	0.026
11810	HGSV_154506	85	34	0.0	0.0	0.0
11811	HGSV_155074	85	4	0.002	0.002	0.002
11812	HGSV_155546	85	2	0.0	0.0	0.0
11813	HGSV_156268	85	2	0.0	0.0	0.0
11814	HGSV_156691	85	3	0.0	0.0	0.0
11815	HGSV_157165	85	0	0.0	0.0	0.0
11816	HGSV_158233	85	1	0.0	0.0	0.0
11817	HGSV_158384	85	3	0.001	0.001	0.001
11818	HGSV_158519	85	0	0.001	0.001	0.001
11819	HGSV_158592	85	2	0.0	0.0	0.0
11820	HGSV_16383	85	1	0.0	0.0	0.0
11821	HGSV_1678	85	0	0.0	0.0	0.0
11822	HGSV_17270	85	25	0.0	0.0	0.0
11823	HGSV_17439	85	66	0.044	0.044	0.0
11824	HGSV_1777	85	1	0.001	0.001	0.001
11825	HGSV_18190	85	0	0.0	0.0	0.0
11826	HGSV_19013	85	1	0.0	0.0	0.0
11827	HGSV_19665	85	50	0.0	0.0	0.0
11828	HGSV_2433	85	0	0.0	0.0	0.0
11829	HGSV_2616	85	0	0.0	0.0	0.0
11830	HGSV_3204	85	3	0.0	0.0	0.0
11831	HGSV_3376	85	0	0.0	0.0	0.0
11832	HGSV_3565	85	0	0.0	0.0	0.0
11833	HGSV_4742	85	0	0.0	0.0	0.0
11834	HGSV_4818	85	0	0.0	0.0	0.0
11835	HGSV_4935	85	0	0.0	0.0	0.0
11836	HGSV_5235	85	7	0.003	0.003	0.003
11837	HGSV_5574	85	3	0.0	0.0	0.0
11838	HGSV_5630	85	4	0.002	0.002	0.002
11839	HGSV_5983	85	0	0.0	0.0	0.0
11840	HGSV_6508	85	29	0.018	0.018	0.018
11841	HGSV_660	85	1	0.0	0.0	0.0
11842	HGSV_713	85	1	0.0	0.0	0.0
11843	HGSV_7553	85	1	0.0	0.0	0.0
11844	HGSV_7659	85	1	0.0	0.0	0.0
11845	HGSV_798	85	1	0.001	0.001	0.001
11846	HGSV_8165	85	9	0.01	0.01	0.01
11847	HGSV_8324	85	0	0.0	0.0	0.0
11848	HGSV_8807	85	4	0.001	0.001	0.001
11849	HGSV_9010	85	1	0.0	0.0	0.0
11850	HGSV_9045	85	14	0.0	0.0	0.0
11851	HGSV_9349	85	5	0.002	0.002	0.002
11852	HGSV_9923	85	1	0.0	0.0	0.0
11853	HGSV_10053	84	2	0.0	0.0	0.0
11854	HGSV_10064	84	1	0.0	0.0	0.0
11855	HGSV_10344	84	0	0.0	0.0	0.0
11856	HGSV_10438	84	14	0.012	0.012	0.012
11857	HGSV_10657	84	1	0.0	0.0	0.0
11858	HGSV_10804	84	1	0.0	0.0	0.0
11859	HGSV_10892	84	6	0.0	0.0	0.0
11860	HGSV_11041	84	2	0.002	0.002	0.002
11861	HGSV_11403	84	0	0.0	0.0	0.0
11862	HGSV_11404	84	0	0.0	0.0	0.0
11863	HGSV_11612	84	0	0.617	0.617	0.617
11864	HGSV_11837	84	6	0.002	0.002	0.002
11865	HGSV_12559	84	0	0.001	0.001	0.001
11866	HGSV_13563	84	0	0.0	0.0	0.0
11867	HGSV_1357	84	9	0.005	0.0	0.0
11868	HGSV_13657	84	1	0.0	0.0	0.0
11869	HGSV_13854	84	0	0.0	0.0	0.0
11870	HGSV_143542	84	3	0.0	0.0	0.0
11871	HGSV_144277	84	1	0.0	0.0	0.0
11872	HGSV_144530	84	0	0.795	0.795	0.795
11873	HGSV_144648	84	0	0.0	0.0	0.0
11874	HGSV_144757	84	1	0.0	0.0	0.0
11875	HGSV_144983	84	1	0.0	0.0	0.0
11876	HGSV_145782	84	0	0.0	0.0	0.0
11877	HGSV_146477	84	9	0.004	0.004	0.004
11878	HGSV_14726	84	0	0.0	0.0	0.0
11879	HGSV_147331	84	0	0.0	0.0	0.0
11880	HGSV_147399	84	9	0.002	0.002	0.002
11881	HGSV_148502	84	51	0.0	0.0	0.0
11882	HGSV_14855	84	0	0.0	0.0	0.0
11883	HGSV_149892	84	1	0.0	0.0	0.0
11884	HGSV_150076	84	20	0.017	0.017	0.017
11885	HGSV_151770	84	2	0.0	0.0	0.0
11886	HGSV_152039	84	26	0.015	0.015	0.015
11887	HGSV_152283	84	1	0.0	0.0	0.0
11888	HGSV_152305	84	2	0.0	0.0	0.0
11889	HGSV_152500	84	0	0.0	0.0	0.0
11890	HGSV_153153	84	0	0.0	0.0	0.0
11891	HGSV_153175	84	0	0.0	0.0	0.0
11892	HGSV_154042	84	4	0.0	0.0	0.0
11893	HGSV_154219	84	1	0.0	0.0	0.0
11894	HGSV_154332	84	2	0.0	0.0	0.0
11895	HGSV_154964	84	1	0.0	0.0	0.0
11896	HGSV_155852	84	0	0.0	0.0	0.0
11897	HGSV_156166	84	2	0.0	0.0	0.0
11898	HGSV_156357	84	5	0.002	0.002	0.002
11899	HGSV_156949	84	6	0.0	0.0	0.0
11900	HGSV_157474	84	3	0.002	0.0	0.0
11901	HGSV_157958	84	1	0.0	0.0	0.0
11902	HGSV_157996	84	2	0.0	0.0	0.0
11903	HGSV_158214	84	1	0.0	0.0	0.0
11904	HGSV_158410	84	12	0.0	0.0	0.0
11905	HGSV_158688	84	3	0.0	0.0	0.0
11906	HGSV_158949	84	0	0.0	0.0	0.0
11907	HGSV_16373	84	0	0.0	0.0	0.0
11908	HGSV_17031	84	0	0.0	0.0	0.0
11909	HGSV_17629	84	1	0.001	0.001	0.001
11910	HGSV_18134	84	2	0.0	0.0	0.0
11911	HGSV_18151	84	3	0.001	0.001	0.001
11912	HGSV_1873	84	7	1.0	0.0	0.0
11913	HGSV_1963	84	1	0.001	0.001	0.001
11914	HGSV_2289	84	0	0.0	0.0	0.0
11915	HGSV_3200	84	2	0.0	0.0	0.0
11916	HGSV_3359	84	0	0.0	0.0	0.0
11917	HGSV_3722	84	0	0.0	0.0	0.0
11918	HGSV_3961	84	0	0.0	0.0	0.0
11919	HGSV_4455	84	3	0.003	0.003	0.003
11920	HGSV_4754	84	7	0.0	0.0	0.0
11921	HGSV_5113	84	0	0.0	0.0	0.0
11922	HGSV_718	84	17	0.006	0.006	0.006
11923	HGSV_796	84	2	0.001	0.001	0.001
11924	HGSV_8346	84	8	0.001	0.001	0.001
11925	HGSV_8368	84	9	0.007	0.007	0.007
11926	HGSV_8873	84	1	0.0	0.0	0.0
11927	HGSV_8925	84	0	0.0	0.0	0.0
11928	HGSV_9448	84	0	0.001	0.001	0.001
11929	HGSV_9625	84	1	0.0	0.0	0.0
11930	HGSV_9870	84	0	0.0	0.0	0.0
11931	HGSV_987	84	1	0.0	0.0	0.0
11932	HGSV_10231	83	1	0.0	0.0	0.0
11933	HGSV_10394	83	7	0.002	0.002	0.002
11934	HGSV_11001	83	7	0.0	0.0	0.0
11935	HGSV_1153	83	3	0.001	0.001	0.001
11936	HGSV_11597	83	1	0.0	0.0	0.0
11937	HGSV_11613	83	1	0.0	0.0	0.0
11938	HGSV_11614	83	1	0.538	0.538	0.538
11939	HGSV_11706	83	0	0.0	0.0	0.0
11940	HGSV_11804	83	0	0.0	0.0	0.0
11941	HGSV_1221	83	0	0.001	0.001	0.0
11942	HGSV_12393	83	1	0.0	0.0	0.0
11943	HGSV_1249	83	0	0.001	0.001	0.0
11944	HGSV_12830	83	62	0.0	0.0	0.0
11945	HGSV_13793	83	1	0.0	0.0	0.0
11946	HGSV_143582	83	11	0.002	0.002	0.002
11947	HGSV_143957	83	5	0.0	0.0	0.0
11948	HGSV_144045	83	2	0.001	0.001	0.001
11949	HGSV_144077	83	15	0.0	0.0	0.0
11950	HGSV_144186	83	14	0.0	0.0	0.0
11951	HGSV_144480	83	60	0.0	0.0	0.0
11952	HGSV_144780	83	2	0.0	0.0	0.0
11953	HGSV_14486	83	0	0.0	0.0	0.0
11954	HGSV_145256	83	3	0.0	0.0	0.0
11955	HGSV_145685	83	15	0.016	0.016	0.016
11956	HGSV_146100	83	0	0.0	0.0	0.0
11957	HGSV_146476	83	1	0.0	0.0	0.0
11958	HGSV_146497	83	0	0.0	0.0	0.0
11959	HGSV_146979	83	0	0.0	0.0	0.0
11960	HGSV_147915	83	0	0.0	0.0	0.0
11961	HGSV_148087	83	1	0.0	0.0	0.0
11962	HGSV_14814	83	4	0.0	0.0	0.0
11963	HGSV_148459	83	5	0.0	0.0	0.0
11964	HGSV_148490	83	3	0.001	0.001	0.001
11965	HGSV_149330	83	0	0.515	0.515	0.899
11966	HGSV_14973	83	4	0.001	0.001	0.001
11967	HGSV_150069	83	0	0.0	0.0	0.0
11968	HGSV_150354	83	3	0.003	0.003	0.003
11969	HGSV_150514	83	2	0.0	0.0	0.0
11970	HGSV_150604	83	0	0.0	0.0	0.0
11971	HGSV_150661	83	0	0.0	0.0	0.0
11972	HGSV_151210	83	9	0.906	0.0	0.0
11973	HGSV_151580	83	3	0.0	0.0	0.0
11974	HGSV_151842	83	4	0.001	0.0	0.0
11975	HGSV_15268	83	61	0.035	0.035	0.0
11976	HGSV_153150	83	25	0.001	0.001	0.0
11977	HGSV_153185	83	2	0.001	0.001	0.0
11978	HGSV_153330	83	0	0.0	0.0	0.0
11979	HGSV_153586	83	5	0.007	0.007	0.0
11980	HGSV_153694	83	9	0.004	0.004	0.004
11981	HGSV_15422	83	3	0.001	0.001	0.001
11982	HGSV_155437	83	0	0.0	0.0	0.0
11983	HGSV_155446	83	1	0.0	0.0	0.0
11984	HGSV_15583	83	0	0.001	0.001	0.001
11985	HGSV_155862	83	2	0.004	0.004	0.004
11986	HGSV_156362	83	7	0.0	0.0	0.0
11987	HGSV_156480	83	0	0.0	0.0	0.0
11988	HGSV_156615	83	0	0.0	0.0	0.0
11989	HGSV_156929	83	8	0.005	0.005	0.005
11990	HGSV_157255	83	0	0.576	0.576	0.641
11991	HGSV_157583	83	0	0.929	0.987	0.987
11992	HGSV_157591	83	0	0.0	0.0	0.0
11993	HGSV_158476	83	0	0.0	0.0	0.0
11994	HGSV_158985	83	1	0.001	0.001	0.001
11995	HGSV_158995	83	1	0.0	0.0	0.0
11996	HGSV_159074	83	0	0.0	0.0	0.0
11997	HGSV_159137	83	37	0.039	0.039	0.0
11998	HGSV_16450	83	2	0.0	0.0	0.0
11999	HGSV_16573	83	0	0.0	0.0	0.0
12000	HGSV_166	83	8	0.007	0.007	0.007
12001	HGSV_16971	83	1	0.0	0.0	0.0
12002	HGSV_17071	83	1	0.003	0.003	0.003
12003	HGSV_17591	83	0	0.001	0.001	0.0
12004	HGSV_17713	83	27	0.01	0.01	0.01
12005	HGSV_18178	83	0	0.0	0.0	0.0
12006	HGSV_18696	83	58	0.041	0.041	0.041
12007	HGSV_19044	83	1	0.0	0.0	0.0
12008	HGSV_19190	83	2	0.0	0.0	0.0
12009	HGSV_2055	83	1	0.0	0.0	0.0
12010	HGSV_2281	83	1	0.0	0.0	0.0
12011	HGSV_256	83	5	0.0	0.0	0.0
12012	HGSV_2898	83	12	0.008	0.0	0.0
12013	HGSV_3061	83	1	0.0	0.0	0.0
12014	HGSV_3067	83	3	0.0	0.0	0.0
12015	HGSV_3249	83	1	0.0	0.0	0.0
12016	HGSV_3273	83	12	0.008	0.008	0.0
12017	HGSV_3276	83	1	0.0	0.0	0.0
12018	HGSV_3341	83	0	0.0	0.0	0.0
12019	HGSV_4049	83	1	0.0	0.0	0.0
12020	HGSV_42	83	0	0.0	0.0	0.0
12021	HGSV_4408	83	12	0.014	0.014	0.014
12022	HGSV_4711	83	1	0.0	0.0	0.0
12023	HGSV_5147	83	2	0.002	0.002	0.002
12024	HGSV_5511	83	0	0.001	0.001	0.001
12025	HGSV_5670	83	0	0.0	0.0	0.0
12026	HGSV_5723	83	0	0.0	0.0	0.0
12027	HGSV_5857	83	6	0.004	0.004	0.004
12028	HGSV_5941	83	1	0.0	0.0	0.0
12029	HGSV_605	83	57	0.049	0.049	0.049
12030	HGSV_6334	83	0	0.0	0.0	0.0
12031	HGSV_6355	83	2	0.0	0.0	0.0
12032	HGSV_6618	83	1	0.0	0.0	0.0
12033	HGSV_6644	83	2	0.001	0.001	0.001
12034	HGSV_6698	83	4	0.002	0.002	0.0
12035	HGSV_7814	83	0	0.0	0.0	0.0
12036	HGSV_8052	83	0	0.0	0.0	0.0
12037	HGSV_8150	83	4	0.002	0.002	0.002
12038	HGSV_8561	83	9	0.005	0.005	0.005
12039	HGSV_8681	83	0	0.0	0.0	0.0
12040	HGSV_8875	83	5	0.001	0.001	0.001
12041	HGSV_9028	83	58	0.038	0.038	0.0
12042	HGSV_9437	83	9	0.008	0.008	0.008
12043	HGSV_9491	83	1	0.0	0.0	0.0
12044	HGSV_9599	83	0	0.0	0.0	0.0
12045	HGSV_9665	83	1	0.0	0.0	0.0
12046	HGSV_10096	82	0	0.0	0.0	0.0
12047	HGSV_10149	82	2	0.721	0.721	0.979
12048	HGSV_10206	82	0	0.0	0.0	0.0
12049	HGSV_1066	82	0	0.0	0.0	0.0
12050	HGSV_1078	82	0	0.0	0.0	0.0
12051	HGSV_11147	82	0	0.001	0.001	0.001
12052	HGSV_11405	82	1	0.0	0.0	0.0
12053	HGSV_12116	82	9	0.0	0.0	0.0
12054	HGSV_12435	82	1	0.0	0.0	0.0
12055	HGSV_12550	82	1	0.0	0.0	0.0
12056	HGSV_12776	82	1	0.0	0.0	0.0
12057	HGSV_13516	82	1	0.0	0.0	0.0
12058	HGSV_13532	82	56	0.042	0.042	0.0
12059	HGSV_13583	82	0	0.142	0.142	0.142
12060	HGSV_13784	82	0	0.0	0.0	0.0
12061	HGSV_13819	82	1	0.0	0.0	0.0
12062	HGSV_13922	82	6	0.004	0.004	0.004
12063	HGSV_13985	82	2	0.001	0.001	0.001
12064	HGSV_143937	82	4	0.001	0.001	0.001
12065	HGSV_14446	82	5	0.0	0.0	0.0
12066	HGSV_144753	82	5	0.001	0.001	0.001
12067	HGSV_146289	82	1	0.0	0.0	0.0
12068	HGSV_146310	82	0	0.0	0.0	0.0
12069	HGSV_146584	82	12	0.007	0.007	0.007
12070	HGSV_146708	82	1	0.0	0.0	0.0
12071	HGSV_146774	82	1	0.0	0.0	0.0
12072	HGSV_146985	82	3	0.0	0.0	0.0
12073	HGSV_147395	82	0	0.0	0.0	0.0
12074	HGSV_147949	82	2	0.0	0.0	0.0
12075	HGSV_14839	82	3	0.0	0.0	0.0
12076	HGSV_149327	82	0	0.0	0.0	0.0
12077	HGSV_149555	82	0	0.0	0.0	0.0
12078	HGSV_149637	82	0	0.001	0.001	0.001
12079	HGSV_149863	82	3	0.0	0.0	0.0
12080	HGSV_149918	82	0	0.086	0.086	0.086
12081	HGSV_150419	82	2	0.0	0.0	0.0
12082	HGSV_150585	82	1	0.0	0.0	0.0
12083	HGSV_150984	82	63	0.029	0.029	0.0
12084	HGSV_151156	82	0	0.0	0.0	0.0
12085	HGSV_151421	82	0	0.0	0.0	0.0
12086	HGSV_151514	82	2	0.0	0.0	0.0
12087	HGSV_151783	82	0	0.0	0.0	0.0
12088	HGSV_151865	82	2	0.0	0.0	0.0
12089	HGSV_151998	82	0	0.0	0.0	0.0
12090	HGSV_152496	82	1	0.0	0.0	0.0
12091	HGSV_152955	82	0	0.0	0.0	0.0
12092	HGSV_153441	82	3	0.0	0.0	0.0
12093	HGSV_15486	82	2	0.0	0.0	0.0
12094	HGSV_155379	82	2	0.0	0.0	0.0
12095	HGSV_155712	82	0	0.0	0.0	0.0
12096	HGSV_155713	82	0	0.0	0.0	0.0
12097	HGSV_155947	82	1	0.0	0.0	0.0
12098	HGSV_156395	82	5	0.005	0.005	0.005
12099	HGSV_156541	82	2	0.0	0.0	0.0
12100	HGSV_156657	82	1	0.0	0.0	0.0
12101	HGSV_156857	82	2	0.0	0.0	0.0
12102	HGSV_156922	82	0	0.0	0.0	0.0
12103	HGSV_157023	82	4	0.002	0.002	0.002
12104	HGSV_157070	82	1	0.0	0.0	0.0
12105	HGSV_157322	82	0	0.0	0.0	0.0
12106	HGSV_157447	82	0	0.0	0.0	0.0
12107	HGSV_157541	82	7	0.0	0.0	0.0
12108	HGSV_157546	82	1	0.0	0.0	0.0
12109	HGSV_157676	82	1	0.0	0.0	0.0
12110	HGSV_157927	82	2	0.0	0.0	0.0
12111	HGSV_158072	82	1	0.0	0.0	0.0
12112	HGSV_158494	82	15	0.0	0.0	0.0
12113	HGSV_158832	82	2	0.0	0.0	0.0
12114	HGSV_16039	82	1	0.0	0.0	0.0
12115	HGSV_16141	82	25	0.016	0.016	0.016
12116	HGSV_16312	82	0	0.0	0.0	0.0
12117	HGSV_16387	82	0	0.095	0.095	0.095
12118	HGSV_16411	82	0	0.0	0.0	0.0
12119	HGSV_1655	82	0	0.0	0.0	0.0
12120	HGSV_16975	82	3	0.003	0.003	0.003
12121	HGSV_16997	82	1	0.0	0.0	0.0
12122	HGSV_17117	82	1	0.0	0.0	0.0
12123	HGSV_17162	82	0	0.001	0.001	0.001
12124	HGSV_17176	82	1	0.0	0.0	0.0
12125	HGSV_17308	82	24	0.0	0.0	0.0
12126	HGSV_17530	82	1	0.0	0.0	0.0
12127	HGSV_17967	82	0	0.0	0.0	0.0
12128	HGSV_18496	82	1	0.0	0.0	0.0
12129	HGSV_18745	82	0	0.001	0.001	0.0
12130	HGSV_18988	82	3	0.003	0.003	0.003
12131	HGSV_19080	82	44	0.979	0.979	0.979
12132	HGSV_19213	82	0	0.001	0.001	0.001
12133	HGSV_2549	82	6	0.005	0.005	0.0
12134	HGSV_2554	82	3	0.0	0.0	0.0
12135	HGSV_2680	82	11	0.003	0.003	0.003
12136	HGSV_3077	82	3	0.0	0.0	0.0
12137	HGSV_4347	82	0	0.0	0.0	0.0
12138	HGSV_5435	82	1	0.706	0.706	0.971
12139	HGSV_5662	82	1	0.001	0.001	0.001
12140	HGSV_626	82	5	0.0	0.0	0.0
12141	HGSV_6568	82	0	0.0	0.0	0.0
12142	HGSV_6720	82	2	0.001	0.001	0.558
12143	HGSV_6824	82	0	0.0	0.0	0.0
12144	HGSV_6847	82	1	0.0	0.0	0.0
12145	HGSV_7249	82	0	0.0	0.0	0.0
12146	HGSV_7365	82	5	0.005	0.005	0.005
12147	HGSV_7381	82	24	0.017	0.017	0.017
12148	HGSV_7793	82	0	0.0	0.0	0.0
12149	HGSV_820	82	1	0.0	0.0	0.0
12150	HGSV_8279	82	1	0.0	0.0	0.0
12151	HGSV_8281	82	1	0.0	0.0	0.0
12152	HGSV_8369	82	0	0.0	0.0	0.0
12153	HGSV_9152	82	14	0.0	0.0	0.0
12154	HGSV_9203	82	12	0.005	0.005	0.005
12155	HGSV_9603	82	5	0.003	0.003	0.003
12156	HGSV_10069	81	0	0.0	0.0	0.0
12157	HGSV_10619	81	0	0.002	0.002	0.002
12158	HGSV_10733	81	8	0.0	0.0	0.0
12159	HGSV_11443	81	4	0.001	0.001	0.001
12160	HGSV_11538	81	1	0.0	0.0	0.0
12161	HGSV_11676	81	1	0.001	0.001	0.001
12162	HGSV_11762	81	1	0.0	0.0	0.0
12163	HGSV_11813	81	1	0.0	0.0	0.0
12164	HGSV_11821	81	1	0.0	0.0	0.0
12165	HGSV_11937	81	2	0.0	0.0	0.0
12166	HGSV_12164	81	35	0.0	0.0	0.0
12167	HGSV_12797	81	1	0.0	0.0	0.0
12168	HGSV_12871	81	2	0.0	0.0	0.0
12169	HGSV_12960	81	1	0.0	0.0	0.0
12170	HGSV_1298	81	0	0.0	0.0	0.0
12171	HGSV_13060	81	3	0.0	0.0	0.0
12172	HGSV_13566	81	7	0.004	0.004	0.004
12173	HGSV_13690	81	2	0.0	0.0	0.0
12174	HGSV_13694	81	0	0.0	0.0	0.0
12175	HGSV_14121	81	1	0.0	0.0	0.0
12176	HGSV_143607	81	1	0.0	0.0	0.0
12177	HGSV_143912	81	54	0.047	0.0	0.0
12178	HGSV_143932	81	1	0.0	0.0	0.0
12179	HGSV_144800	81	0	0.0	0.0	0.0
12180	HGSV_144885	81	0	0.001	0.001	0.001
12181	HGSV_145702	81	0	0.0	0.0	0.0
12182	HGSV_145742	81	3	0.0	0.0	0.0
12183	HGSV_145868	81	2	0.002	0.002	0.002
12184	HGSV_146609	81	0	0.0	0.0	0.0
12185	HGSV_14665	81	2	0.0	0.0	0.0
12186	HGSV_147067	81	34	0.019	0.019	0.019
12187	HGSV_147162	81	3	0.0	0.0	0.0
12188	HGSV_147163	81	2	0.0	0.0	0.0
12189	HGSV_147314	81	0	0.291	0.291	0.291
12190	HGSV_147979	81	0	0.0	0.0	0.0
12191	HGSV_148453	81	17	0.017	0.017	0.017
12192	HGSV_148682	81	26	0.006	0.006	0.006
12193	HGSV_148734	81	0	0.0	0.0	0.0
12194	HGSV_148741	81	1	0.0	0.0	0.0
12195	HGSV_149089	81	2	0.0	0.0	0.0
12196	HGSV_149240	81	1	0.0	0.0	0.0
12197	HGSV_149902	81	1	0.0	0.0	0.0
12198	HGSV_149939	81	8	0.002	0.002	0.002
12199	HGSV_150203	81	13	0.01	0.01	0.01
12200	HGSV_150692	81	0	0.0	0.0	0.0
12201	HGSV_150897	81	0	0.0	0.0	0.0
12202	HGSV_151118	81	1	0.0	0.0	0.0
12203	HGSV_151948	81	0	0.0	0.0	0.0
12204	HGSV_152387	81	1	0.0	0.0	0.0
12205	HGSV_152612	81	0	0.001	0.0	0.0
12206	HGSV_152860	81	35	0.029	0.029	0.0
12207	HGSV_153966	81	7	0.005	0.005	0.005
12208	HGSV_154043	81	0	0.0	0.0	0.0
12209	HGSV_15431	81	0	0.0	0.0	0.0
12210	HGSV_154561	81	8	0.006	0.006	0.006
12211	HGSV_154863	81	0	0.0	0.0	0.0
12212	HGSV_154982	81	0	0.0	0.0	0.0
12213	HGSV_155232	81	1	0.0	0.0	0.0
12214	HGSV_155400	81	1	0.0	0.0	0.0
12215	HGSV_155452	81	0	0.0	0.0	0.0
12216	HGSV_155560	81	2	0.0	0.001	0.0
12217	HGSV_156869	81	0	0.0	0.0	0.0
12218	HGSV_156925	81	2	0.0	0.0	0.0
12219	HGSV_157288	81	10	0.002	0.002	0.002
12220	HGSV_158052	81	1	0.0	0.0	0.0
12221	HGSV_158471	81	1	0.0	0.0	0.0
12222	HGSV_158709	81	7	0.001	0.001	0.001
12223	HGSV_16042	81	3	0.002	0.002	0.0
12224	HGSV_16717	81	1	0.0	0.0	0.0
12225	HGSV_16824	81	1	0.001	0.001	0.001
12226	HGSV_17263	81	0	0.353	0.353	0.353
12227	HGSV_17501	81	1	0.001	0.001	0.001
12228	HGSV_17616	81	7	0.002	0.002	0.002
12229	HGSV_18410	81	33	0.022	0.022	0.022
12230	HGSV_18619	81	0	0.001	0.001	0.001
12231	HGSV_19031	81	2	0.0	0.0	0.0
12232	HGSV_19047	81	0	0.0	0.0	0.0
12233	HGSV_19149	81	0	0.0	0.0	0.0
12234	HGSV_1928	81	0	0.0	0.0	0.0
12235	HGSV_19452	81	1	0.0	0.0	0.0
12236	HGSV_1995	81	0	0.0	0.0	0.0
12237	HGSV_2076	81	2	0.004	0.004	0.004
12238	HGSV_2297	81	24	0.008	0.008	0.008
12239	HGSV_2402	81	2	0.0	0.0	0.0
12240	HGSV_2916	81	0	0.0	0.0	0.0
12241	HGSV_3237	81	58	0.035	0.035	0.0
12242	HGSV_3401	81	0	0.0	0.0	0.0
12243	HGSV_3718	81	2	0.0	0.0	0.0
12244	HGSV_4672	81	1	0.0	0.0	0.0
12245	HGSV_5706	81	1	0.001	0.001	0.001
12246	HGSV_599	81	7	0.004	0.004	0.004
12247	HGSV_6108	81	8	0.004	0.004	0.004
12248	HGSV_673	81	1	0.0	0.0	0.0
12249	HGSV_6758	81	1	0.001	0.001	0.001
12250	HGSV_7025	81	2	0.0	0.0	0.0
12251	HGSV_7120	81	0	0.0	0.0	0.0
12252	HGSV_7203	81	0	0.0	0.0	0.0
12253	HGSV_7804	81	3	0.0	0.0	0.0
12254	HGSV_781	81	0	0.0	0.0	0.0
12255	HGSV_8547	81	0	0.001	0.001	0.001
12256	HGSV_8616	81	1	0.0	0.0	0.0
12257	HGSV_8638	81	0	0.0	0.0	0.0
12258	HGSV_8641	81	1	0.001	0.001	0.0
12259	HGSV_9195	81	1	0.0	0.0	0.0
12260	HGSV_9231	81	1	0.573	0.573	0.573
12261	HGSV_923	81	9	0.0	0.0	0.0
12262	HGSV_945	81	0	0.0	0.0	0.0
12263	HGSV_10329	80	1	0.003	0.003	0.003
12264	HGSV_1044	80	1	0.0	0.0	0.0
12265	HGSV_10748	80	0	0.0	0.0	0.0
12266	HGSV_10947	80	0	0.0	0.0	0.0
12267	HGSV_11757	80	0	0.0	0.0	0.0
12268	HGSV_12819	80	2	0.0	0.0	0.0
12269	HGSV_13048	80	1	0.0	0.0	0.0
12270	HGSV_13059	80	2	0.001	0.001	0.001
12271	HGSV_1395	80	1	0.0	0.0	0.0
12272	HGSV_14361	80	14	0.018	0.018	0.018
12273	HGSV_143738	80	0	0.0	0.0	0.0
12274	HGSV_144280	80	0	0.0	0.0	0.0
12275	HGSV_144520	80	47	0.037	0.037	0.037
12276	HGSV_144775	80	0	0.0	0.0	0.0
12277	HGSV_145063	80	0	0.0	0.0	0.0
12278	HGSV_14529	80	1	0.0	0.0	0.0
12279	HGSV_145505	80	0	0.0	0.0	0.0
12280	HGSV_145743	80	0	0.0	0.0	0.0
12281	HGSV_146020	80	2	0.0	0.0	0.0
12282	HGSV_146414	80	3	0.004	0.004	0.004
12283	HGSV_146428	80	3	0.007	0.007	0.007
12284	HGSV_146461	80	2	0.0	0.0	0.0
12285	HGSV_146515	80	50	0.027	0.027	0.0
12286	HGSV_146835	80	1	0.0	0.0	0.0
12287	HGSV_147332	80	1	0.0	0.0	0.0
12288	HGSV_147630	80	6	0.003	0.003	0.003
12289	HGSV_148808	80	0	0.996	0.996	0.996
12290	HGSV_149212	80	0	0.339	0.339	0.0
12291	HGSV_14952	80	0	0.001	0.001	0.001
12292	HGSV_149561	80	2	0.002	0.002	0.002
12293	HGSV_149951	80	3	0.003	0.003	0.003
12294	HGSV_150288	80	0	0.0	0.0	0.0
12295	HGSV_150558	80	0	0.0	0.0	0.0
12296	HGSV_150866	80	54	0.033	0.0	0.0
12297	HGSV_150872	80	3	0.006	0.006	0.006
12298	HGSV_151052	80	0	0.0	0.0	0.0
12299	HGSV_151166	80	0	0.0	0.0	0.0
12300	HGSV_151205	80	4	0.001	0.001	0.0
12301	HGSV_151258	80	0	0.0	0.0	0.0
12302	HGSV_151869	80	14	0.008	0.008	0.008
12303	HGSV_151872	80	5	0.004	0.004	0.004
12304	HGSV_152178	80	0	0.0	0.0	0.0
12305	HGSV_152434	80	1	0.0	0.0	0.0
12306	HGSV_152468	80	0	0.001	0.001	0.001
12307	HGSV_152621	80	2	0.0	0.0	0.0
12308	HGSV_153262	80	6	0.004	0.004	0.004
12309	HGSV_153376	80	57	0.026	0.026	0.0
12310	HGSV_153683	80	1	0.001	0.001	0.001
12311	HGSV_153870	80	0	0.0	0.0	0.0
12312	HGSV_154767	80	4	0.0	0.0	0.0
12313	HGSV_155022	80	15	0.009	0.009	0.009
12314	HGSV_155475	80	0	1.0	1.0	1.0
12315	HGSV_155744	80	0	0.0	0.0	0.0
12316	HGSV_155948	80	7	0.001	0.001	0.001
12317	HGSV_156473	80	1	0.0	0.0	0.0
12318	HGSV_156486	80	0	0.625	0.625	0.825
12319	HGSV_156539	80	1	0.0	0.0	0.0
12320	HGSV_156578	80	1	0.0	0.0	0.0
12321	HGSV_156689	80	1	0.0	0.0	0.0
12322	HGSV_15692	80	0	0.0	0.0	0.0
12323	HGSV_156968	80	0	0.0	0.0	0.0
12324	HGSV_157209	80	0	0.0	0.0	0.0
12325	HGSV_158148	80	0	0.0	0.0	0.0
12326	HGSV_158318	80	1	0.0	0.0	0.0
12327	HGSV_158394	80	0	0.0	0.0	0.0
12328	HGSV_158477	80	3	0.001	0.001	0.001
12329	HGSV_158516	80	6	0.0	0.0	0.0
12330	HGSV_158529	80	5	0.006	0.006	0.006
12331	HGSV_15877	80	1	0.0	0.0	0.0
12332	HGSV_158805	80	35	0.0	0.0	0.0
12333	HGSV_159030	80	1	0.001	0.001	0.001
12334	HGSV_16352	80	0	0.001	0.001	0.001
12335	HGSV_16569	80	13	0.0	0.0	0.0
12336	HGSV_1663	80	5	0.0	0.0	0.0
12337	HGSV_16699	80	2	0.004	0.004	0.004
12338	HGSV_16908	80	2	0.0	0.0	0.0
12339	HGSV_16961	80	1	0.0	0.0	0.0
12340	HGSV_17041	80	0	0.0	0.0	0.0
12341	HGSV_17042	80	3	0.005	0.005	0.005
12342	HGSV_17044	80	1	0.0	0.0	0.0
12343	HGSV_17352	80	1	0.002	0.002	0.002
12344	HGSV_17773	80	1	0.0	0.0	0.0
12345	HGSV_18275	80	1	0.0	0.0	0.0
12346	HGSV_18351	80	3	0.002	0.002	0.002
12347	HGSV_18781	80	3	0.0	0.0	0.0
12348	HGSV_18953	80	5	0.001	0.001	0.001
12349	HGSV_19087	80	2	0.001	0.001	0.001
12350	HGSV_19114	80	0	0.001	0.001	0.001
12351	HGSV_1975	80	13	0.049	0.049	0.0
12352	HGSV_202	80	1	0.0	0.0	0.0
12353	HGSV_2312	80	0	0.001	0.001	0.0
12354	HGSV_2323	80	1	0.0	0.0	0.0
12355	HGSV_2392	80	6	0.001	0.001	0.001
12356	HGSV_257	80	5	0.0	0.0	0.0
12357	HGSV_2623	80	7	0.006	0.006	0.006
12358	HGSV_2670	80	1	0.0	0.0	0.0
12359	HGSV_3486	80	0	0.0	0.0	0.0
12360	HGSV_3593	80	0	0.0	0.0	0.0
12361	HGSV_3755	80	1	0.0	0.0	0.0
12362	HGSV_4034	80	63	0.026	0.026	0.026
12363	HGSV_4104	80	17	0.01	0.01	0.01
12364	HGSV_4221	80	2	0.0	0.0	0.0
12365	HGSV_423	80	1	0.0	0.0	0.0
12366	HGSV_4949	80	1	0.001	0.001	0.0
12367	HGSV_5230	80	4	0.001	0.001	0.001
12368	HGSV_5371	80	1	0.001	0.001	0.001
12369	HGSV_6174	80	2	0.134	0.152	0.152
12370	HGSV_6828	80	0	0.0	0.0	0.0
12371	HGSV_7070	80	6	0.003	0.003	0.0
12372	HGSV_7974	80	0	0.0	0.0	0.0
12373	HGSV_799	80	2	0.001	0.001	0.001
12374	HGSV_8058	80	1	0.0	0.0	0.0
12375	HGSV_8340	80	0	0.0	0.0	0.0
12376	HGSV_8411	80	8	0.002	0.002	0.002
12377	HGSV_8738	80	15	0.011	0.011	0.011
12378	HGSV_8811	80	20	0.014	0.014	0.014
12379	HGSV_8833	80	1	0.706	0.706	0.706
12380	HGSV_8961	80	3	0.002	0.002	0.002
12381	HGSV_9021	80	1	0.0	0.0	0.0
12382	HGSV_9082	80	1	0.0	0.0	0.0
12383	HGSV_992	80	1	0.0	0.0	0.0
12384	HGSV_10203	79	1	0.057	0.057	0.057
12385	HGSV_10467	79	2	0.001	0.001	0.001
12386	HGSV_10510	79	1	0.0	0.0	0.0
12387	HGSV_1104	79	1	0.0	0.0	0.0
12388	HGSV_11520	79	8	0.004	0.004	0.004
12389	HGSV_12123	79	43	0.039	0.039	0.0
12390	HGSV_12574	79	0	0.0	0.0	0.0
12391	HGSV_12818	79	1	0.0	0.0	0.0
12392	HGSV_12833	79	2	0.0	0.0	0.0
12393	HGSV_12949	79	63	0.036	0.036	0.036
12394	HGSV_1312	79	2	0.0	0.0	0.0
12395	HGSV_13524	79	0	0.0	0.0	0.0
12396	HGSV_13895	79	0	0.0	0.0	0.0
12397	HGSV_13981	79	2	0.001	0.001	0.001
12398	HGSV_14228	79	3	0.003	0.003	0.003
12399	HGSV_1430	79	9	0.006	0.006	0.006
12400	HGSV_143872	79	0	0.0	0.0	0.0
12401	HGSV_143983	79	1	0.001	0.001	0.001
12402	HGSV_144342	79	0	0.423	0.423	0.423
12403	HGSV_145836	79	1	0.492	0.492	0.492
12404	HGSV_146019	79	1	0.0	0.0	0.0
12405	HGSV_146318	79	5	0.0	0.0	0.0
12406	HGSV_146537	79	2	0.001	0.001	0.001
12407	HGSV_146706	79	26	0.0	0.0	0.0
12408	HGSV_146717	79	8	0.0	0.0	0.0
12409	HGSV_147461	79	7	0.0	0.0	0.0
12410	HGSV_147539	79	0	0.0	0.0	0.0
12411	HGSV_147733	79	0	0.0	0.0	0.0
12412	HGSV_148089	79	4	0.002	0.002	0.002
12413	HGSV_149266	79	11	0.009	0.009	0.009
12414	HGSV_149403	79	1	0.0	0.0	0.0
12415	HGSV_150241	79	1	0.0	0.0	0.0
12416	HGSV_150954	79	0	0.0	0.0	0.0
12417	HGSV_150955	79	0	0.0	0.0	0.0
12418	HGSV_150996	79	56	0.037	0.037	0.0
12419	HGSV_151246	79	7	0.001	0.001	0.001
12420	HGSV_151447	79	0	0.0	0.0	0.0
12421	HGSV_151497	79	0	0.934	0.934	0.976
12422	HGSV_151523	79	1	0.0	0.0	0.0
12423	HGSV_151535	79	0	0.0	0.0	0.0
12424	HGSV_151573	79	5	0.003	0.003	0.003
12425	HGSV_151594	79	5	0.004	0.0	0.0
12426	HGSV_152120	79	14	0.007	0.007	0.007
12427	HGSV_15239	79	6	0.004	0.004	0.004
12428	HGSV_152557	79	1	0.0	0.0	0.0
12429	HGSV_153446	79	1	0.0	0.0	0.0
12430	HGSV_153632	79	1	0.001	0.001	0.001
12431	HGSV_154037	79	0	0.0	0.0	0.0
12432	HGSV_154541	79	57	0.042	0.042	0.042
12433	HGSV_154725	79	0	0.0	0.0	0.0
12434	HGSV_155017	79	0	0.0	0.0	0.0
12435	HGSV_155187	79	1	0.0	0.0	0.0
12436	HGSV_155310	79	0	0.0	0.0	0.0
12437	HGSV_155787	79	0	0.0	0.0	0.0
12438	HGSV_156625	79	0	0.001	0.001	0.001
12439	HGSV_156959	79	29	0.019	0.019	0.019
12440	HGSV_157190	79	0	0.0	0.0	0.0
12441	HGSV_157388	79	1	0.0	0.0	0.0
12442	HGSV_157523	79	1	0.0	0.0	0.0
12443	HGSV_157732	79	8	0.324	0.324	0.324
12444	HGSV_158586	79	4	0.001	0.001	0.001
12445	HGSV_158588	79	9	0.005	0.005	0.005
12446	HGSV_158690	79	0	0.001	0.001	0.001
12447	HGSV_158998	79	2	0.0	0.0	0.0
12448	HGSV_16111	79	5	0.001	0.001	0.001
12449	HGSV_16377	79	1	0.0	0.0	0.0
12450	HGSV_17312	79	2	0.0	0.0	0.0
12451	HGSV_17351	79	3	0.002	0.002	0.002
12452	HGSV_17700	79	9	0.002	0.002	0.002
12453	HGSV_18810	79	2	0.0	0.0	0.0
12454	HGSV_18948	79	0	0.0	0.0	0.0
12455	HGSV_19155	79	1	0.0	0.0	0.0
12456	HGSV_19598	79	7	0.001	0.001	0.001
12457	HGSV_2106	79	1	0.0	0.0	0.0
12458	HGSV_2538	79	10	0.004	0.004	0.0
12459	HGSV_2802	79	1	0.0	0.0	0.0
12460	HGSV_3071	79	2	0.0	0.0	0.0
12461	HGSV_3235	79	1	0.001	0.001	0.001
12462	HGSV_3279	79	0	0.0	0.0	0.0
12463	HGSV_3821	79	0	0.0	0.0	0.0
12464	HGSV_3822	79	0	0.001	0.001	0.001
12465	HGSV_3895	79	51	0.0	0.0	0.0
12466	HGSV_4267	79	1	0.0	0.0	0.0
12467	HGSV_5038	79	1	0.0	0.0	0.0
12468	HGSV_5146	79	0	0.0	0.0	0.0
12469	HGSV_5312	79	1	0.0	0.0	0.0
12470	HGSV_5473	79	1	0.0	0.0	0.0
12471	HGSV_5576	79	2	0.0	0.0	0.0
12472	HGSV_610	79	0	0.123	0.123	0.123
12473	HGSV_6438	79	0	0.319	0.319	0.319
12474	HGSV_6478	79	2	0.0	0.0	0.0
12475	HGSV_7841	79	2	0.001	0.001	0.001
12476	HGSV_7996	79	2	0.0	0.0	0.0
12477	HGSV_8109	79	0	0.0	0.0	0.0
12478	HGSV_8236	79	1	0.001	0.001	0.001
12479	HGSV_8432	79	1	0.0	0.0	0.0
12480	HGSV_8546	79	0	0.0	0.0	0.0
12481	HGSV_8712	79	0	0.0	0.0	0.0
12482	HGSV_8987	79	1	0.0	0.0	0.0
12483	HGSV_9538	79	0	0.662	0.662	0.662
12484	HGSV_9664	79	1	0.0	0.0	0.0
12485	HGSV_9921	79	1	0.0	0.0	0.0
12486	HGSV_10152	78	12	0.0	0.0	0.0
12487	HGSV_1023	78	1	0.0	0.0	0.0
12488	HGSV_10306	78	0	0.001	0.001	0.001
12489	HGSV_10918	78	0	0.001	0.001	0.143
12490	HGSV_11415	78	1	0.0	0.0	0.0
12491	HGSV_12073	78	0	0.0	0.0	0.0
12492	HGSV_1232	78	0	0.001	0.001	0.001
12493	HGSV_12886	78	1	0.0	0.0	0.0
12494	HGSV_12971	78	27	0.0	0.0	0.0
12495	HGSV_13081	78	8	0.005	0.005	0.0
12496	HGSV_13115	78	8	0.003	0.003	0.003
12497	HGSV_13480	78	0	0.0	0.0	0.0
12498	HGSV_13887	78	11	0.012	0.012	0.012
12499	HGSV_14133	78	0	0.001	0.001	0.001
12500	HGSV_14286	78	0	0.186	0.186	0.0
12501	HGSV_14317	78	3	0.002	0.002	0.002
12502	HGSV_144552	78	1	0.0	0.0	0.0
12503	HGSV_144890	78	1	0.0	0.0	0.0
12504	HGSV_144946	78	2	0.0	0.0	0.0
12505	HGSV_144949	78	0	0.0	0.0	0.0
12506	HGSV_14514	78	1	0.003	0.003	0.003
12507	HGSV_145225	78	0	0.0	0.0	0.0
12508	HGSV_145386	78	2	0.0	0.0	0.0
12509	HGSV_145522	78	0	0.001	0.001	0.001
12510	HGSV_145646	78	2	0.0	0.0	0.0
12511	HGSV_145765	78	2	0.001	0.001	0.001
12512	HGSV_146436	78	5	0.003	0.003	0.003
12513	HGSV_146617	78	0	0.0	0.0	0.0
12514	HGSV_146767	78	0	0.0	0.0	0.0
12515	HGSV_14723	78	3	0.0	0.0	0.0
12516	HGSV_147413	78	2	0.0	0.0	0.0
12517	HGSV_147428	78	0	0.001	0.001	0.001
12518	HGSV_147847	78	7	0.0	0.0	0.0
12519	HGSV_147895	78	1	0.0	0.0	0.0
12520	HGSV_148130	78	1	0.0	0.0	0.0
12521	HGSV_148157	78	0	0.0	0.0	0.0
12522	HGSV_14815	78	13	0.0	0.0	0.0
12523	HGSV_148408	78	1	0.0	0.0	0.0
12524	HGSV_148722	78	0	0.0	0.0	0.0
12525	HGSV_148762	78	10	0.0	0.0	0.0
12526	HGSV_149171	78	0	0.977	0.977	0.977
12527	HGSV_149221	78	0	0.025	0.025	0.671
12528	HGSV_149654	78	0	0.0	0.0	0.0
12529	HGSV_150390	78	11	0.006	0.006	0.006
12530	HGSV_150981	78	0	0.0	0.0	0.0
12531	HGSV_151136	78	3	0.003	0.003	0.003
12532	HGSV_151363	78	3	0.002	0.002	0.002
12533	HGSV_15152	78	1	0.0	0.0	0.0
12534	HGSV_151675	78	0	0.0	0.0	0.0
12535	HGSV_151701	78	3	0.004	0.004	0.004
12536	HGSV_151925	78	5	0.005	0.005	0.005
12537	HGSV_152031	78	0	0.0	0.0	0.0
12538	HGSV_152479	78	1	0.0	0.0	0.0
12539	HGSV_152508	78	0	0.0	0.0	0.0
12540	HGSV_152670	78	11	0.008	0.008	0.008
12541	HGSV_152910	78	4	0.001	0.001	0.001
12542	HGSV_152937	78	0	0.0	0.0	0.0
12543	HGSV_153474	78	28	0.042	0.042	0.0
12544	HGSV_153722	78	5	0.076	0.076	0.0
12545	HGSV_154148	78	0	0.001	0.001	0.001
12546	HGSV_154208	78	7	0.001	0.001	0.001
12547	HGSV_154227	78	0	0.0	0.0	0.0
12548	HGSV_154259	78	0	0.0	0.0	0.0
12549	HGSV_154449	78	0	0.0	0.0	0.0
12550	HGSV_154457	78	4	0.0	0.0	0.0
12551	HGSV_154849	78	0	0.001	0.001	0.001
12552	HGSV_155438	78	0	0.0	0.0	0.0
12553	HGSV_155798	78	17	0.009	0.009	0.009
12554	HGSV_155949	78	0	0.0	0.0	0.0
12555	HGSV_15602	78	6	0.0	0.0	0.0
12556	HGSV_156103	78	0	0.0	0.0	0.0
12557	HGSV_156236	78	1	0.0	0.0	0.0
12558	HGSV_156488	78	10	0.0	0.0	0.0
12559	HGSV_156574	78	1	0.0	0.0	0.0
12560	HGSV_156688	78	2	0.001	0.0	0.0
12561	HGSV_156877	78	1	0.0	0.0	0.0
12562	HGSV_156930	78	1	0.0	0.0	0.0
12563	HGSV_156948	78	4	0.0	0.0	0.0
12564	HGSV_15711	78	0	0.0	0.0	0.0
12565	HGSV_157130	78	0	0.983	0.993	0.993
12566	HGSV_157233	78	1	0.001	0.001	0.001
12567	HGSV_157441	78	0	0.0	0.0	0.0
12568	HGSV_15748	78	0	0.0	0.0	0.0
12569	HGSV_157814	78	3	0.001	0.001	0.001
12570	HGSV_157815	78	1	0.001	0.0	0.0
12571	HGSV_158022	78	2	0.001	0.001	0.001
12572	HGSV_158254	78	0	0.0	0.0	0.0
12573	HGSV_158466	78	2	0.0	0.0	0.0
12574	HGSV_158496	78	3	0.002	0.002	0.002
12575	HGSV_1594	78	0	0.397	0.397	0.397
12576	HGSV_16025	78	0	0.0	0.0	0.0
12577	HGSV_16341	78	1	0.001	0.001	0.001
12578	HGSV_16851	78	47	0.032	0.032	0.0
12579	HGSV_17081	78	2	0.0	0.0	0.0
12580	HGSV_17216	78	0	0.0	0.0	0.0
12581	HGSV_17397	78	0	0.0	0.0	0.0
12582	HGSV_17429	78	1	0.0	0.0	0.0
12583	HGSV_17460	78	0	0.0	0.0	0.0
12584	HGSV_17699	78	1	0.0	0.0	0.0
12585	HGSV_17856	78	0	0.0	0.0	0.0
12586	HGSV_18720	78	0	0.001	0.001	0.001
12587	HGSV_18727	78	2	0.0	0.0	0.0
12588	HGSV_18820	78	3	0.001	0.001	0.001
12589	HGSV_19007	78	0	0.421	0.421	0.421
12590	HGSV_19010	78	1	0.002	0.002	0.002
12591	HGSV_194	78	1	0.0	0.0	0.0
12592	HGSV_19617	78	15	0.001	0.0	0.0
12593	HGSV_2232	78	4	0.003	0.003	0.003
12594	HGSV_2540	78	2	0.0	0.0	0.0
12595	HGSV_2801	78	2	0.0	0.0	0.0
12596	HGSV_2840	78	3	0.001	0.001	0.001
12597	HGSV_3059	78	2	0.0	0.0	0.0
12598	HGSV_3323	78	1	0.0	0.0	0.0
12599	HGSV_3407	78	0	0.5	0.5	0.5
12600	HGSV_3469	78	3	0.0	0.0	0.0
12601	HGSV_3743	78	0	0.0	0.0	0.0
12602	HGSV_4013	78	0	0.0	0.0	0.0
12603	HGSV_4394	78	60	0.036	0.036	0.036
12604	HGSV_4451	78	0	0.0	0.0	0.0
12605	HGSV_4468	78	1	0.0	0.0	0.0
12606	HGSV_502	78	3	0.0	0.0	0.0
12607	HGSV_5285	78	1	0.0	0.0	0.0
12608	HGSV_539	78	0	0.001	0.001	0.001
12609	HGSV_5455	78	0	0.0	0.0	0.0
12610	HGSV_6434	78	0	0.001	0.001	0.558
12611	HGSV_6738	78	2	0.0	0.0	0.0
12612	HGSV_6966	78	0	0.0	0.0	0.0
12613	HGSV_7251	78	0	0.0	0.0	0.0
12614	HGSV_7384	78	0	0.0	0.0	0.0
12615	HGSV_7396	78	0	0.0	0.0	0.0
12616	HGSV_7449	78	47	0.0	0.0	0.0
12617	HGSV_7812	78	0	0.001	0.001	0.001
12618	HGSV_7829	78	0	0.001	0.001	0.001
12619	HGSV_7988	78	0	0.0	0.0	0.0
12620	HGSV_8216	78	0	0.0	0.0	0.0
12621	HGSV_8305	78	3	0.001	0.001	0.001
12622	HGSV_8422	78	0	0.0	0.0	0.0
12623	HGSV_8576	78	0	0.001	0.001	0.486
12624	HGSV_8663	78	1	0.0	0.0	0.0
12625	HGSV_8706	78	2	0.001	0.001	0.001
12626	HGSV_8793	78	0	0.0	0.0	0.0
12627	HGSV_8821	78	2	0.001	0.001	0.001
12628	HGSV_8998	78	0	0.0	0.0	0.0
12629	HGSV_9067	78	1	0.0	0.0	0.0
12630	HGSV_9261	78	0	0.0	0.0	0.0
12631	HGSV_9509	78	11	0.007	0.007	0.007
12632	HGSV_9651	78	4	0.0	0.0	0.0
12633	HGSV_9697	78	2	0.0	0.0	0.0
12634	HGSV_10805	77	1	0.001	0.001	0.0
12635	HGSV_10984	77	1	0.0	0.0	0.0
12636	HGSV_11498	77	0	0.0	0.0	0.0
12637	HGSV_11566	77	1	0.0	0.0	0.0
12638	HGSV_11611	77	1	0.0	0.0	0.0
12639	HGSV_11641	77	3	0.001	0.001	0.001
12640	HGSV_12211	77	1	0.0	0.0	0.0
12641	HGSV_12288	77	2	0.002	0.002	0.002
12642	HGSV_12310	77	1	0.0	0.0	0.0
12643	HGSV_12498	77	2	0.003	0.003	0.003
12644	HGSV_12674	77	0	0.001	0.001	0.0
12645	HGSV_13329	77	1	0.001	0.001	0.001
12646	HGSV_13373	77	1	0.0	0.0	0.0
12647	HGSV_13665	77	3	0.002	0.002	0.002
12648	HGSV_13990	77	0	0.0	0.0	0.0
12649	HGSV_143448	77	0	0.0	0.0	0.0
12650	HGSV_144103	77	1	0.0	0.0	0.0
12651	HGSV_144196	77	3	0.0	0.0	0.0
12652	HGSV_144593	77	1	0.001	0.001	0.001
12653	HGSV_144705	77	45	0.028	0.028	0.0
12654	HGSV_144763	77	1	0.002	0.002	0.0
12655	HGSV_144853	77	0	0.0	0.0	0.0
12656	HGSV_14515	77	0	0.0	0.0	0.0
12657	HGSV_145355	77	1	0.0	0.0	0.0
12658	HGSV_146353	77	26	0.966	0.966	0.976
12659	HGSV_146716	77	8	0.0	0.0	0.0
12660	HGSV_14682	77	0	0.0	0.0	0.0
12661	HGSV_146843	77	2	0.0	0.0	0.0
12662	HGSV_147028	77	1	0.0	0.0	0.0
12663	HGSV_147741	77	16	0.0	0.0	0.0
12664	HGSV_148025	77	0	0.0	0.0	0.0
12665	HGSV_148366	77	13	0.002	0.0	0.0
12666	HGSV_148560	77	0	0.0	0.0	0.0
12667	HGSV_148860	77	1	0.001	0.001	0.001
12668	HGSV_14887	77	22	1.0	0.0	0.0
12669	HGSV_149193	77	4	0.0	0.0	0.0
12670	HGSV_149310	77	1	0.0	0.0	0.0
12671	HGSV_149609	77	10	0.002	0.002	0.002
12672	HGSV_149725	77	1	0.0	0.0	0.0
12673	HGSV_149983	77	0	0.0	0.0	0.0
12674	HGSV_150502	77	0	0.001	0.001	0.001
12675	HGSV_150603	77	0	0.0	0.0	0.0
12676	HGSV_150856	77	1	0.0	0.0	0.0
12677	HGSV_150968	77	0	0.0	0.0	0.0
12678	HGSV_15110	77	8	0.0	0.0	0.0
12679	HGSV_151286	77	9	0.0	0.0	0.0
12680	HGSV_151712	77	1	0.0	0.0	0.0
12681	HGSV_151807	77	1	0.0	0.0	0.0
12682	HGSV_151881	77	1	0.001	0.001	0.001
12683	HGSV_152096	77	4	0.004	0.004	0.004
12684	HGSV_152377	77	50	0.0	0.0	0.0
12685	HGSV_152440	77	0	0.0	0.0	0.0
12686	HGSV_152671	77	1	0.0	0.0	0.0
12687	HGSV_152790	77	2	0.0	0.0	0.0
12688	HGSV_153813	77	1	0.0	0.0	0.0
12689	HGSV_154004	77	1	0.0	0.0	0.0
12690	HGSV_154310	77	0	0.0	0.0	0.0
12691	HGSV_154728	77	1	0.0	0.0	0.0
12692	HGSV_154799	77	0	0.0	0.0	0.0
12693	HGSV_154990	77	13	0.011	0.011	0.011
12694	HGSV_155127	77	45	0.0	0.0	0.0
12695	HGSV_15523	77	1	0.0	0.0	0.0
12696	HGSV_155275	77	1	0.0	0.0	0.0
12697	HGSV_155566	77	0	0.0	0.0	0.0
12698	HGSV_15559	77	2	0.001	0.001	0.001
12699	HGSV_15571	77	2	0.001	0.001	0.001
12700	HGSV_155832	77	3	0.0	0.0	0.0
12701	HGSV_15683	77	0	0.0	0.0	0.0
12702	HGSV_156970	77	55	0.0	0.0	0.0
12703	HGSV_157019	77	1	0.0	0.0	0.0
12704	HGSV_15732	77	1	0.0	0.0	0.0
12705	HGSV_15771	77	1	0.0	0.0	0.0
12706	HGSV_157827	77	1	0.001	0.001	0.001
12707	HGSV_157944	77	7	0.003	0.003	0.003
12708	HGSV_158399	77	7	0.0	0.0	0.0
12709	HGSV_158620	77	1	0.0	0.0	0.0
12710	HGSV_158627	77	0	0.0	0.0	0.0
12711	HGSV_158934	77	15	0.005	0.005	0.005
12712	HGSV_15907	77	0	0.0	0.0	0.0
12713	HGSV_16007	77	0	0.0	0.0	0.0
12714	HGSV_16537	77	55	0.035	0.035	0.035
12715	HGSV_16603	77	16	0.009	0.009	0.009
12716	HGSV_17148	77	2	0.0	0.0	0.0
12717	HGSV_17246	77	1	0.0	0.0	0.0
12718	HGSV_17577	77	0	0.0	0.0	0.0
12719	HGSV_17701	77	1	0.0	0.0	0.0
12720	HGSV_18137	77	1	0.0	0.0	0.0
12721	HGSV_18245	77	0	0.0	0.0	0.0
12722	HGSV_19174	77	0	0.0	0.0	0.0
12723	HGSV_19373	77	1	0.001	0.001	0.0
12724	HGSV_19603	77	8	0.0	0.0	0.0
12725	HGSV_2112	77	1	0.0	0.0	0.0
12726	HGSV_2127	77	0	0.0	0.0	0.0
12727	HGSV_2372	77	0	0.0	0.0	0.0
12728	HGSV_2913	77	0	0.0	0.0	0.0
12729	HGSV_3055	77	1	0.836	0.836	0.836
12730	HGSV_3130	77	2	0.001	0.001	0.001
12731	HGSV_366	77	4	0.0	0.0	0.0
12732	HGSV_3690	77	0	0.0	0.0	0.0
12733	HGSV_387	77	1	0.0	0.0	0.0
12734	HGSV_3939	77	0	0.0	0.0	0.0
12735	HGSV_4096	77	1	0.0	0.0	0.0
12736	HGSV_4437	77	1	0.0	0.0	0.0
12737	HGSV_5074	77	3	0.001	0.001	0.001
12738	HGSV_5170	77	4	0.003	0.003	0.003
12739	HGSV_5357	77	9	0.005	0.005	0.005
12740	HGSV_5411	77	3	0.108	0.0	0.0
12741	HGSV_5432	77	0	0.0	0.0	0.0
12742	HGSV_5632	77	1	0.0	0.0	0.0
12743	HGSV_5714	77	0	0.0	0.0	0.0
12744	HGSV_5760	77	0	0.0	0.0	0.0
12745	HGSV_576	77	2	0.0	0.0	0.0
12746	HGSV_628	77	1	0.0	0.0	0.0
12747	HGSV_6909	77	2	0.0	0.0	0.0
12748	HGSV_6942	77	0	0.806	0.806	0.806
12749	HGSV_7329	77	1	0.002	0.002	0.002
12750	HGSV_7744	77	1	0.0	0.0	0.0
12751	HGSV_8141	77	0	0.0	0.0	0.0
12752	HGSV_87	77	2	0.0	0.0	0.0
12753	HGSV_9020	77	1	0.001	0.001	0.0
12754	HGSV_9407	77	1	0.0	0.0	0.0
12755	HGSV_10103	76	1	0.0	0.0	0.0
12756	HGSV_10195	76	0	0.0	0.0	0.0
12757	HGSV_10282	76	6	0.006	0.006	0.006
12758	HGSV_10298	76	1	0.0	0.0	0.0
12759	HGSV_10710	76	6	0.0	0.0	0.0
12760	HGSV_1080	76	0	0.0	0.0	0.0
12761	HGSV_10971	76	2	0.0	0.0	0.0
12762	HGSV_11008	76	0	0.0	0.0	0.0
12763	HGSV_11655	76	1	0.0	0.0	0.0
12764	HGSV_11855	76	0	0.001	0.001	0.001
12765	HGSV_1197	76	1	0.0	0.0	0.0
12766	HGSV_12689	76	12	0.005	0.005	0.005
12767	HGSV_12867	76	0	0.0	0.0	0.0
12768	HGSV_1307	76	0	0.0	0.0	0.0
12769	HGSV_13241	76	1	0.0	0.0	0.0
12770	HGSV_143984	76	1	0.0	0.0	0.0
12771	HGSV_144066	76	0	0.0	0.0	0.0
12772	HGSV_1440	76	0	0.0	0.0	0.0
12773	HGSV_144253	76	0	0.115	0.115	0.0
12774	HGSV_144294	76	0	0.002	0.002	0.002
12775	HGSV_1444	76	1	0.0	0.0	0.0
12776	HGSV_144633	76	0	0.0	0.0	0.0
12777	HGSV_145175	76	0	0.0	0.0	0.0
12778	HGSV_145218	76	0	0.0	0.0	0.0
12779	HGSV_14540	76	0	0.0	0.0	0.0
12780	HGSV_145470	76	3	0.0	0.0	0.0
12781	HGSV_14620	76	0	0.001	0.001	0.001
12782	HGSV_146420	76	1	0.0	0.0	0.0
12783	HGSV_146685	76	1	0.001	0.001	0.001
12784	HGSV_147119	76	0	0.0	0.0	0.0
12785	HGSV_147164	76	1	0.001	0.001	0.001
12786	HGSV_147451	76	0	0.0	0.0	0.0
12787	HGSV_147596	76	0	0.171	0.171	0.883
12788	HGSV_147755	76	10	0.0	0.0	0.0
12789	HGSV_147907	76	5	0.001	0.001	0.001
12790	HGSV_147909	76	1	0.001	0.001	0.001
12791	HGSV_148374	76	6	0.003	0.003	0.003
12792	HGSV_149056	76	8	0.0	0.0	0.0
12793	HGSV_14922	76	5	0.004	0.004	0.004
12794	HGSV_14930	76	16	0.007	0.007	0.007
12795	HGSV_149434	76	0	0.001	0.001	0.001
12796	HGSV_149500	76	0	0.0	0.0	0.0
12797	HGSV_149614	76	0	0.0	0.0	0.0
12798	HGSV_149652	76	2	0.002	0.002	0.002
12799	HGSV_149826	76	1	0.0	0.0	0.0
12800	HGSV_150075	76	0	0.0	0.0	0.0
12801	HGSV_150208	76	0	0.0	0.0	0.0
12802	HGSV_150282	76	0	0.0	0.0	0.0
12803	HGSV_150447	76	1	0.0	0.0	0.0
12804	HGSV_150464	76	0	0.0	0.0	0.0
12805	HGSV_15054	76	1	0.0	0.0	0.0
12806	HGSV_150552	76	1	0.0	0.0	0.0
12807	HGSV_150697	76	3	0.001	0.001	0.001
12808	HGSV_151056	76	1	0.001	0.001	0.0
12809	HGSV_151366	76	2	0.0	0.0	0.0
12810	HGSV_151591	76	48	0.037	0.037	0.037
12811	HGSV_151678	76	1	0.0	0.0	0.0
12812	HGSV_15201	76	12	0.006	0.006	0.006
12813	HGSV_152828	76	0	0.0	0.0	0.0
12814	HGSV_152858	76	1	0.0	0.0	0.0
12815	HGSV_152997	76	40	0.0	0.0	0.0
12816	HGSV_153062	76	2	0.0	0.0	0.0
12817	HGSV_153216	76	1	0.0	0.0	0.0
12818	HGSV_153423	76	0	0.0	0.0	0.0
12819	HGSV_15398	76	0	0.901	0.901	0.901
12820	HGSV_154067	76	0	0.0	0.0	0.0
12821	HGSV_154351	76	0	0.0	0.0	0.0
12822	HGSV_15488	76	4	0.0	0.0	0.0
12823	HGSV_15543	76	1	0.003	0.003	0.003
12824	HGSV_155673	76	2	0.0	0.0	0.0
12825	HGSV_155849	76	1	0.0	0.0	0.0
12826	HGSV_155861	76	11	0.002	0.002	0.002
12827	HGSV_156713	76	1	0.0	0.0	0.0
12828	HGSV_156774	76	0	0.0	0.0	0.0
12829	HGSV_156841	76	0	0.0	0.0	0.0
12830	HGSV_15707	76	1	0.0	0.0	0.0
12831	HGSV_157228	76	0	0.0	0.0	0.0
12832	HGSV_157244	76	0	0.0	0.0	0.0
12833	HGSV_157313	76	51	0.047	0.047	0.0
12834	HGSV_157486	76	1	0.836	0.836	0.836
12835	HGSV_157745	76	1	0.0	0.0	0.0
12836	HGSV_157902	76	1	0.0	0.0	0.0
12837	HGSV_158151	76	0	0.0	0.0	0.0
12838	HGSV_158251	76	0	0.0	0.0	0.0
12839	HGSV_158290	76	1	0.0	0.0	0.0
12840	HGSV_158573	76	5	0.001	0.001	0.001
12841	HGSV_158747	76	1	0.001	0.001	0.001
12842	HGSV_158926	76	0	0.0	0.0	0.0
12843	HGSV_159113	76	1	0.0	0.0	0.0
12844	HGSV_1630	76	0	0.0	0.0	0.0
12845	HGSV_16518	76	1	0.001	0.001	0.001
12846	HGSV_16985	76	2	0.001	0.001	0.001
12847	HGSV_17095	76	41	0.0	0.0	0.0
12848	HGSV_17103	76	0	0.0	0.0	0.0
12849	HGSV_17660	76	0	0.0	0.0	0.0
12850	HGSV_17709	76	0	0.0	0.0	0.0
12851	HGSV_18037	76	1	0.0	0.0	0.0
12852	HGSV_18158	76	1	0.0	0.0	0.0
12853	HGSV_185	76	0	0.0	0.0	0.0
12854	HGSV_19071	76	52	0.038	0.038	0.0
12855	HGSV_19227	76	0	0.0	0.0	0.0
12856	HGSV_19561	76	1	0.0	0.0	0.0
12857	HGSV_2081	76	53	0.025	0.025	0.0
12858	HGSV_2211	76	1	0.001	0.001	0.001
12859	HGSV_226	76	3	0.0	0.0	0.0
12860	HGSV_2327	76	2	0.0	0.0	0.0
12861	HGSV_2980	76	0	0.0	0.0	0.0
12862	HGSV_3678	76	1	0.0	0.0	0.0
12863	HGSV_3873	76	2	0.0	0.0	0.0
12864	HGSV_4263	76	0	0.001	0.001	0.001
12865	HGSV_4490	76	1	0.0	0.0	0.0
12866	HGSV_4574	76	21	0.01	0.01	0.01
12867	HGSV_4597	76	0	0.0	0.0	0.0
12868	HGSV_4734	76	1	0.0	0.0	0.0
12869	HGSV_4961	76	1	0.0	0.0	0.0
12870	HGSV_4997	76	0	0.598	0.598	0.598
12871	HGSV_5001	76	2	0.0	0.0	0.0
12872	HGSV_5318	76	0	0.0	0.0	0.0
12873	HGSV_5418	76	51	0.0	0.0	0.0
12874	HGSV_6113	76	1	0.0	0.0	0.0
12875	HGSV_6150	76	50	0.028	0.028	0.028
12876	HGSV_6196	76	0	0.0	0.0	0.0
12877	HGSV_6408	76	0	0.0	0.0	0.0
12878	HGSV_6514	76	0	0.0	0.0	0.0
12879	HGSV_6597	76	6	0.007	0.007	0.007
12880	HGSV_6751	76	2	0.0	0.0	0.0
12881	HGSV_7916	76	4	0.0	0.0	0.0
12882	HGSV_8033	76	8	0.007	0.007	0.007
12883	HGSV_8374	76	1	0.001	0.001	0.001
12884	HGSV_88	76	0	0.0	0.0	0.0
12885	HGSV_8889	76	1	0.0	0.0	0.0
12886	HGSV_9053	76	0	0.0	0.0	0.0
12887	HGSV_9302	76	7	0.002	0.002	0.002
12888	HGSV_9833	76	1	0.0	0.0	0.0
12889	HGSV_10005	75	1	0.0	0.0	0.0
12890	HGSV_10007	75	2	0.0	0.0	0.0
12891	HGSV_1019	75	46	0.04	0.04	0.04
12892	HGSV_1021	75	46	0.04	0.04	0.0
12893	HGSV_10487	75	3	0.0	0.0	0.0
12894	HGSV_10897	75	0	0.0	0.0	0.0
12895	HGSV_11272	75	3	0.001	0.001	0.001
12896	HGSV_11669	75	0	0.002	0.002	0.002
12897	HGSV_1186	75	1	0.721	0.721	0.721
12898	HGSV_12061	75	1	0.0	0.0	0.0
12899	HGSV_12079	75	0	0.001	0.001	0.0
12900	HGSV_12138	75	1	0.001	0.001	0.001
12901	HGSV_12609	75	2	0.003	0.003	0.003
12902	HGSV_12656	75	52	0.028	0.028	0.028
12903	HGSV_1269	75	0	0.0	0.0	0.0
12904	HGSV_12708	75	15	0.008	0.008	0.008
12905	HGSV_12996	75	1	0.0	0.0	0.0
12906	HGSV_13349	75	0	0.0	0.0	0.0
12907	HGSV_13353	75	0	0.0	0.0	0.0
12908	HGSV_13991	75	0	0.0	0.0	0.0
12909	HGSV_143701	75	0	0.0	0.0	0.0
12910	HGSV_14420	75	0	0.001	0.001	0.001
12911	HGSV_144295	75	52	0.0	0.0	0.0
12912	HGSV_144405	75	1	0.645	0.645	0.645
12913	HGSV_144904	75	0	0.0	0.0	0.0
12914	HGSV_145142	75	1	0.001	0.001	0.0
12915	HGSV_145737	75	0	0.001	0.001	0.001
12916	HGSV_146215	75	58	0.032	0.032	0.032
12917	HGSV_146352	75	26	0.047	0.047	0.0
12918	HGSV_146375	75	3	0.001	0.001	0.001
12919	HGSV_146663	75	0	0.0	0.0	0.0
12920	HGSV_147138	75	0	0.0	0.0	0.0
12921	HGSV_147393	75	0	0.934	0.934	0.934
12922	HGSV_147409	75	0	0.0	0.0	0.0
12923	HGSV_147411	75	2	0.0	0.0	0.0
12924	HGSV_148149	75	42	0.0	0.0	0.0
12925	HGSV_148169	75	0	0.0	0.0	0.0
12926	HGSV_148320	75	0	0.0	0.0	0.0
12927	HGSV_148485	75	0	0.0	0.0	0.0
12928	HGSV_14848	75	0	0.0	0.0	0.0
12929	HGSV_14874	75	1	0.0	0.0	0.0
12930	HGSV_149707	75	0	0.0	0.0	0.0
12931	HGSV_149794	75	10	0.009	0.009	0.009
12932	HGSV_150125	75	0	0.0	0.0	0.0
12933	HGSV_150204	75	4	0.001	0.0	0.0
12934	HGSV_15107	75	0	0.0	0.0	0.0
12935	HGSV_151795	75	1	0.0	0.0	0.0
12936	HGSV_152304	75	0	0.0	0.0	0.0
12937	HGSV_152334	75	0	0.0	0.0	0.0
12938	HGSV_15238	75	0	0.0	0.0	0.0
12939	HGSV_152453	75	2	0.0	0.0	0.0
12940	HGSV_15258	75	0	0.0	0.0	0.0
12941	HGSV_15269	75	8	0.003	0.003	0.003
12942	HGSV_152762	75	10	0.0	0.0	0.0
12943	HGSV_152776	75	0	0.0	0.0	0.0
12944	HGSV_153152	75	0	0.0	0.0	0.0
12945	HGSV_153229	75	0	0.0	0.0	0.0
12946	HGSV_15450	75	0	0.001	0.001	0.001
12947	HGSV_15458	75	1	0.0	0.0	0.0
12948	HGSV_155180	75	7	0.007	0.007	0.007
12949	HGSV_155559	75	2	0.001	0.0	0.0
12950	HGSV_155842	75	1	0.0	0.0	0.0
12951	HGSV_155915	75	0	0.994	0.994	0.994
12952	HGSV_156353	75	7	0.004	0.004	0.004
12953	HGSV_156542	75	2	0.0	0.0	0.0
12954	HGSV_157104	75	0	0.0	0.0	0.0
12955	HGSV_157323	75	2	0.0	0.0	0.0
12956	HGSV_157601	75	0	0.0	0.0	0.0
12957	HGSV_15846	75	0	0.001	0.001	0.001
12958	HGSV_1595	75	0	0.0	0.0	0.0
12959	HGSV_16892	75	0	0.001	0.001	0.001
12960	HGSV_16927	75	7	0.003	0.0	0.0
12961	HGSV_17001	75	0	0.0	0.0	0.0
12962	HGSV_17581	75	0	0.0	0.0	0.0
12963	HGSV_1763	75	2	0.0	0.0	0.0
12964	HGSV_18016	75	0	0.0	0.0	0.0
12965	HGSV_18559	75	0	0.0	0.0	0.0
12966	HGSV_18596	75	1	0.0	0.0	0.0
12967	HGSV_18868	75	0	0.0	0.0	0.0
12968	HGSV_19018	75	2	0.001	0.001	0.001
12969	HGSV_19088	75	1	0.0	0.0	0.0
12970	HGSV_19131	75	1	0.0	0.0	0.0
12971	HGSV_19379	75	0	0.0	0.0	0.0
12972	HGSV_200	75	20	0.0	0.0	0.0
12973	HGSV_2183	75	1	0.0	0.0	0.0
12974	HGSV_2291	75	3	0.001	0.001	0.001
12975	HGSV_2303	75	1	0.0	0.0	0.0
12976	HGSV_2482	75	1	0.0	0.0	0.0
12977	HGSV_2502	75	1	0.0	0.0	0.0
12978	HGSV_258	75	5	0.001	0.001	0.001
12979	HGSV_2733	75	0	0.0	0.0	0.0
12980	HGSV_3154	75	0	0.001	0.001	0.001
12981	HGSV_3199	75	1	0.0	0.0	0.0
12982	HGSV_3224	75	0	0.0	0.0	0.0
12983	HGSV_3398	75	0	0.0	0.0	0.0
12984	HGSV_3811	75	1	0.0	0.0	0.0
12985	HGSV_3968	75	1	0.0	0.0	0.0
12986	HGSV_4477	75	0	0.0	0.0	0.0
12987	HGSV_4653	75	0	0.0	0.0	0.0
12988	HGSV_4733	75	1	0.0	0.0	0.0
12989	HGSV_5012	75	1	0.0	0.0	0.0
12990	HGSV_5017	75	1	0.0	0.0	0.0
12991	HGSV_5227	75	1	0.0	0.0	0.0
12992	HGSV_5462	75	0	0.0	0.0	0.0
12993	HGSV_5474	75	1	0.0	0.0	0.0
12994	HGSV_5833	75	12	0.01	0.01	0.01
12995	HGSV_5888	75	13	0.0	0.0	0.0
12996	HGSV_5914	75	0	0.0	0.0	0.0
12997	HGSV_5966	75	0	0.0	0.0	0.0
12998	HGSV_6063	75	0	0.0	0.0	0.0
12999	HGSV_6095	75	0	0.0	0.0	0.0
13000	HGSV_6480	75	10	0.006	0.006	0.006
13001	HGSV_6678	75	0	0.0	0.0	0.0
13002	HGSV_7026	75	0	0.0	0.0	0.0
13003	HGSV_7256	75	14	0.012	0.012	0.012
13004	HGSV_7458	75	1	0.0	0.0	0.0
13005	HGSV_7648	75	0	0.0	0.0	0.0
13006	HGSV_8232	75	0	0.0	0.0	0.0
13007	HGSV_8297	75	1	0.0	0.0	0.0
13008	HGSV_9014	75	2	0.0	0.0	0.0
13009	HGSV_9061	75	4	0.001	0.001	0.001
13010	HGSV_9202	75	0	0.002	0.002	0.002
13011	HGSV_9328	75	0	0.0	0.0	0.0
13012	HGSV_9365	75	8	0.005	0.005	0.005
13013	HGSV_965	75	4	0.001	0.001	0.001
13014	HGSV_9922	75	0	0.0	0.0	0.0
13015	HGSV_10079	74	1	0.0	0.0	0.0
13016	HGSV_10113	74	0	0.0	0.0	0.0
13017	HGSV_10798	74	1	0.0	0.0	0.0
13018	HGSV_11276	74	3	0.0	0.0	0.0
13019	HGSV_11508	74	1	0.06	0.06	0.06
13020	HGSV_11516	74	0	0.861	0.861	0.861
13021	HGSV_12239	74	1	0.0	0.0	0.0
13022	HGSV_12520	74	2	0.0	0.0	0.0
13023	HGSV_14069	74	11	0.002	0.002	0.002
13024	HGSV_143567	74	3	0.0	0.0	0.0
13025	HGSV_143817	74	0	0.0	0.0	0.0
13026	HGSV_143908	74	42	0.0	0.0	0.0
13027	HGSV_143952	74	1	0.0	0.0	0.0
13028	HGSV_144018	74	1	0.0	0.0	0.0
13029	HGSV_144068	74	1	0.0	0.0	0.0
13030	HGSV_144199	74	0	0.0	0.0	0.0
13031	HGSV_144462	74	1	0.001	0.001	0.001
13032	HGSV_144814	74	7	0.002	0.0	0.0
13033	HGSV_145170	74	2	0.0	0.0	0.0
13034	HGSV_145764	74	0	0.0	0.0	0.0
13035	HGSV_145828	74	0	0.0	0.0	0.0
13036	HGSV_145933	74	0	0.0	0.0	0.0
13037	HGSV_146870	74	0	0.366	0.366	0.0
13038	HGSV_147283	74	18	0.0	0.0	0.0
13039	HGSV_147595	74	2	0.001	0.001	0.001
13040	HGSV_147648	74	1	0.0	0.0	0.0
13041	HGSV_147961	74	1	0.0	0.0	0.0
13042	HGSV_148031	74	0	0.0	0.0	0.0
13043	HGSV_148079	74	1	0.0	0.0	0.0
13044	HGSV_148586	74	0	0.0	0.0	0.0
13045	HGSV_148646	74	4	0.0	0.0	0.0
13046	HGSV_148906	74	1	0.0	0.0	0.0
13047	HGSV_149311	74	1	0.001	0.001	0.001
13048	HGSV_149584	74	48	0.028	0.028	0.0
13049	HGSV_150007	74	2	0.0	0.0	0.0
13050	HGSV_150367	74	0	0.0	0.0	0.0
13051	HGSV_150479	74	1	0.0	0.0	0.0
13052	HGSV_150579	74	1	0.0	0.0	0.0
13053	HGSV_150730	74	1	0.575	0.575	0.575
13054	HGSV_150963	74	8	0.0	0.0	0.0
13055	HGSV_15097	74	6	0.008	0.008	0.008
13056	HGSV_151012	74	0	0.0	0.0	0.0
13057	HGSV_151481	74	7	0.001	0.001	0.001
13058	HGSV_151549	74	1	0.621	0.621	0.901
13059	HGSV_151695	74	1	0.0	0.0	0.0
13060	HGSV_151703	74	2	0.0	0.0	0.0
13061	HGSV_151747	74	1	0.0	0.0	0.0
13062	HGSV_152345	74	1	0.001	0.001	0.001
13063	HGSV_152379	74	1	0.0	0.0	0.0
13064	HGSV_152615	74	0	0.0	0.0	0.0
13065	HGSV_152633	74	1	0.001	0.001	0.001
13066	HGSV_152637	74	0	0.0	0.0	0.0
13067	HGSV_15329	74	0	0.0	0.0	0.0
13068	HGSV_153757	74	0	0.0	0.0	0.0
13069	HGSV_153799	74	14	0.009	0.009	0.009
13070	HGSV_15413	74	0	0.0	0.0	0.0
13071	HGSV_154587	74	4	0.0	0.0	0.0
13072	HGSV_154956	74	0	0.0	0.0	0.0
13073	HGSV_154989	74	1	0.0	0.0	0.0
13074	HGSV_155360	74	2	0.003	0.003	0.003
13075	HGSV_155381	74	1	0.0	0.0	0.0
13076	HGSV_155552	74	2	0.0	0.0	0.0
13077	HGSV_155586	74	0	0.0	0.0	0.0
13078	HGSV_156538	74	1	0.0	0.0	0.0
13079	HGSV_156785	74	1	0.0	0.0	0.0
13080	HGSV_15693	74	1	0.0	0.0	0.0
13081	HGSV_157649	74	5	0.001	0.001	0.001
13082	HGSV_157691	74	2	0.0	0.0	0.0
13083	HGSV_157970	74	0	0.001	0.001	0.0
13084	HGSV_158032	74	3	0.003	0.003	0.003
13085	HGSV_158303	74	0	0.002	0.002	0.002
13086	HGSV_158794	74	3	0.0	0.0	0.0
13087	HGSV_158843	74	1	0.0	0.0	0.0
13088	HGSV_15943	74	1	0.0	0.0	0.0
13089	HGSV_161	74	5	0.0	0.0	0.0
13090	HGSV_16182	74	0	0.0	0.0	0.0
13091	HGSV_16217	74	1	0.0	0.0	0.0
13092	HGSV_16364	74	1	0.001	0.001	0.001
13093	HGSV_16422	74	0	0.0	0.0	0.0
13094	HGSV_16488	74	15	0.004	0.004	0.004
13095	HGSV_16553	74	2	0.001	0.001	0.001
13096	HGSV_16706	74	1	0.0	0.0	0.0
13097	HGSV_16840	74	0	0.0	0.0	0.0
13098	HGSV_17118	74	0	0.001	0.001	0.001
13099	HGSV_17287	74	5	0.053	0.053	0.053
13100	HGSV_1732	74	4	0.002	0.002	0.002
13101	HGSV_17686	74	0	0.0	0.0	0.0
13102	HGSV_17801	74	2	0.0	0.0	0.0
13103	HGSV_18115	74	0	0.0	0.0	0.0
13104	HGSV_18173	74	3	0.0	0.0	0.0
13105	HGSV_18419	74	0	0.001	0.001	0.001
13106	HGSV_18724	74	2	0.0	0.0	0.0
13107	HGSV_18795	74	0	0.002	0.002	0.0
13108	HGSV_19196	74	0	0.0	0.0	0.0
13109	HGSV_19225	74	0	0.0	0.0	0.0
13110	HGSV_19372	74	0	0.0	0.0	0.0
13111	HGSV_19488	74	0	0.0	0.0	0.0
13112	HGSV_19577	74	0	0.0	0.0	0.0
13113	HGSV_19619	74	0	0.0	0.0	0.0
13114	HGSV_19703	74	1	0.0	0.0	0.0
13115	HGSV_2132	74	8	0.002	0.002	0.002
13116	HGSV_2187	74	0	0.0	0.0	0.0
13117	HGSV_2447	74	0	0.0	0.0	0.0
13118	HGSV_2453	74	1	0.0	0.0	0.0
13119	HGSV_2521	74	4	0.005	0.005	0.005
13120	HGSV_255	74	5	0.0	0.0	0.0
13121	HGSV_2576	74	0	0.0	0.0	0.0
13122	HGSV_2583	74	1	0.001	0.001	0.001
13123	HGSV_2995	74	2	0.0	0.0	0.0
13124	HGSV_3226	74	0	0.0	0.0	0.0
13125	HGSV_3344	74	1	0.001	0.001	0.0
13126	HGSV_3421	74	0	0.0	0.0	0.0
13127	HGSV_3638	74	1	0.0	0.0	0.0
13128	HGSV_4002	74	0	0.0	0.0	0.0
13129	HGSV_4333	74	0	0.0	0.0	0.0
13130	HGSV_4342	74	0	0.003	0.003	0.003
13131	HGSV_4403	74	57	0.026	0.026	0.026
13132	HGSV_4444	74	51	0.034	0.034	0.0
13133	HGSV_4570	74	2	0.002	0.002	0.002
13134	HGSV_4661	74	4	0.0	0.0	0.0
13135	HGSV_5068	74	1	0.0	0.0	0.0
13136	HGSV_5327	74	0	0.0	0.0	0.0
13137	HGSV_5799	74	39	0.0	0.0	0.0
13138	HGSV_6074	74	0	0.001	0.001	0.001
13139	HGSV_6458	74	7	0.011	0.011	0.011
13140	HGSV_6531	74	0	0.734	0.734	0.734
13141	HGSV_6546	74	4	0.002	0.002	0.002
13142	HGSV_7009	74	0	0.0	0.0	0.0
13143	HGSV_722	74	1	0.0	0.0	0.0
13144	HGSV_7257	74	0	0.001	0.001	0.001
13145	HGSV_7404	74	1	0.0	0.0	0.0
13146	HGSV_7746	74	1	0.0	0.0	0.0
13147	HGSV_813	74	0	0.469	0.469	0.469
13148	HGSV_819	74	0	0.0	0.0	0.0
13149	HGSV_8275	74	3	0.001	0.001	0.001
13150	HGSV_8454	74	24	0.016	0.016	0.016
13151	HGSV_8457	74	0	0.002	0.0	0.0
13152	HGSV_8860	74	0	0.0	0.0	0.0
13153	HGSV_9766	74	0	0.0	0.0	0.0
13154	HGSV_1011	73	1	0.0	0.0	0.0
13155	HGSV_10321	73	4	0.001	0.001	0.001
13156	HGSV_10444	73	0	0.0	0.0	0.0
13157	HGSV_11126	73	0	0.001	0.001	0.0
13158	HGSV_11656	73	5	0.006	0.006	0.006
13159	HGSV_11970	73	0	0.0	0.0	0.0
13160	HGSV_12383	73	2	0.0	0.0	0.0
13161	HGSV_12465	73	2	0.0	0.0	0.0
13162	HGSV_12510	73	1	0.0	0.0	0.0
13163	HGSV_12699	73	1	0.0	0.0	0.0
13164	HGSV_12732	73	50	0.02	0.02	0.02
13165	HGSV_13170	73	1	0.0	0.0	0.0
13166	HGSV_14267	73	0	0.0	0.0	0.0
13167	HGSV_144455	73	0	0.0	0.0	0.0
13168	HGSV_144500	73	2	0.0	0.0	0.0
13169	HGSV_144563	73	3	0.0	0.0	0.0
13170	HGSV_144594	73	0	0.0	0.0	0.0
13171	HGSV_145164	73	1	0.0	0.0	0.0
13172	HGSV_145300	73	1	0.0	0.0	0.0
13173	HGSV_145459	73	39	0.0	0.0	0.0
13174	HGSV_145543	73	0	0.955	0.955	0.955
13175	HGSV_145667	73	1	0.0	0.0	0.0
13176	HGSV_145766	73	2	0.0	0.0	0.0
13177	HGSV_145869	73	0	0.002	0.002	0.0
13178	HGSV_145917	73	0	0.0	0.0	0.0
13179	HGSV_146389	73	2	0.0	0.0	0.0
13180	HGSV_146412	73	2	0.0	0.0	0.0
13181	HGSV_146641	73	1	0.0	0.0	0.0
13182	HGSV_146643	73	0	0.0	0.0	0.0
13183	HGSV_146808	73	1	0.001	0.001	0.001
13184	HGSV_147322	73	0	0.0	0.0	0.0
13185	HGSV_147419	73	0	0.997	0.997	0.997
13186	HGSV_148022	73	1	0.0	0.0	0.0
13187	HGSV_148094	73	0	0.0	0.0	0.0
13188	HGSV_148305	73	0	0.0	0.0	0.0
13189	HGSV_148309	73	1	0.001	0.001	0.001
13190	HGSV_148866	73	1	0.0	0.0	0.0
13191	HGSV_149676	73	1	0.001	0.001	0.001
13192	HGSV_150374	73	0	0.0	0.0	0.0
13193	HGSV_150465	73	0	0.001	0.001	0.001
13194	HGSV_150794	73	1	0.0	0.0	0.0
13195	HGSV_151254	73	1	0.0	0.0	0.0
13196	HGSV_151282	73	0	0.0	0.0	0.0
13197	HGSV_151642	73	12	0.0	0.0	0.0
13198	HGSV_151871	73	1	0.002	0.002	0.002
13199	HGSV_152234	73	1	0.0	0.0	0.0
13200	HGSV_152242	73	0	0.0	0.0	0.0
13201	HGSV_152959	73	5	0.002	0.002	0.002
13202	HGSV_153017	73	0	0.001	0.001	0.001
13203	HGSV_153069	73	0	0.0	0.0	0.0
13204	HGSV_153176	73	8	0.0	0.0	0.0
13205	HGSV_153648	73	1	0.0	0.0	0.0
13206	HGSV_153744	73	0	0.0	0.0	0.0
13207	HGSV_154288	73	1	0.0	0.0	0.0
13208	HGSV_154292	73	0	0.001	0.001	0.001
13209	HGSV_154296	73	52	0.017	0.017	0.017
13210	HGSV_154318	73	53	0.026	0.026	0.0
13211	HGSV_154780	73	11	0.007	0.007	0.007
13212	HGSV_154902	73	1	0.0	0.0	0.0
13213	HGSV_155112	73	10	0.0	0.0	0.0
13214	HGSV_155227	73	7	0.0	0.0	0.0
13215	HGSV_155394	73	0	0.0	0.0	0.0
13216	HGSV_156083	73	0	0.0	0.0	0.0
13217	HGSV_156140	73	3	0.002	0.002	0.002
13218	HGSV_156587	73	1	0.0	0.0	0.0
13219	HGSV_15662	73	0	0.0	0.0	0.0
13220	HGSV_156853	73	50	0.034	0.034	0.0
13221	HGSV_15730	73	0	0.001	0.001	0.001
13222	HGSV_157356	73	3	0.0	0.0	0.0
13223	HGSV_157378	73	0	0.0	0.0	0.0
13224	HGSV_157646	73	9	0.005	0.005	0.005
13225	HGSV_157817	73	1	0.001	0.001	0.001
13226	HGSV_157844	73	0	0.0	0.0	0.0
13227	HGSV_15820	73	1	0.0	0.0	0.0
13228	HGSV_158376	73	0	0.0	0.0	0.0
13229	HGSV_158395	73	0	0.0	0.0	0.0
13230	HGSV_158486	73	0	0.0	0.0	0.0
13231	HGSV_15853	73	0	0.001	0.001	0.001
13232	HGSV_158675	73	0	0.0	0.0	0.0
13233	HGSV_158703	73	1	0.0	0.0	0.0
13234	HGSV_158713	73	5	0.001	0.001	0.001
13235	HGSV_158725	73	0	0.0	0.0	0.0
13236	HGSV_158752	73	57	0.037	0.037	0.037
13237	HGSV_159085	73	2	0.0	0.0	0.0
13238	HGSV_159087	73	1	0.001	0.001	0.0
13239	HGSV_1613	73	2	0.002	0.002	0.002
13240	HGSV_16201	73	0	0.0	0.0	0.0
13241	HGSV_1622	73	2	0.001	0.0	0.0
13242	HGSV_16281	73	1	0.0	0.0	0.0
13243	HGSV_16692	73	0	0.576	0.576	0.576
13244	HGSV_17521	73	0	0.0	0.0	0.0
13245	HGSV_1755	73	1	0.001	0.001	0.001
13246	HGSV_17769	73	50	0.034	0.034	0.034
13247	HGSV_17898	73	1	0.0	0.0	0.0
13248	HGSV_17972	73	0	0.0	0.0	0.0
13249	HGSV_18031	73	6	0.003	0.003	0.0
13250	HGSV_18576	73	0	0.0	0.0	0.0
13251	HGSV_18828	73	0	0.001	0.001	0.001
13252	HGSV_18952	73	0	0.0	0.0	0.0
13253	HGSV_18958	73	1	0.0	0.0	0.0
13254	HGSV_19219	73	0	0.0	0.0	0.0
13255	HGSV_2068	73	2	0.0	0.0	0.0
13256	HGSV_2166	73	0	0.0	0.0	0.0
13257	HGSV_2253	73	1	0.0	0.0	0.0
13258	HGSV_2332	73	0	0.0	0.0	0.0
13259	HGSV_2877	73	3	0.0	0.0	0.0
13260	HGSV_2945	73	0	0.0	0.0	0.0
13261	HGSV_3041	73	0	0.0	0.0	0.0
13262	HGSV_3717	73	0	0.0	0.0	0.0
13263	HGSV_389	73	0	0.001	0.001	0.0
13264	HGSV_3994	73	2	0.002	0.002	0.002
13265	HGSV_4007	73	2	0.0	0.0	0.0
13266	HGSV_4630	73	0	0.436	0.436	0.609
13267	HGSV_4929	73	1	0.0	0.0	0.0
13268	HGSV_5028	73	0	0.0	0.0	0.0
13269	HGSV_5242	73	4	0.0	0.0	0.0
13270	HGSV_5653	73	15	0.004	0.004	0.004
13271	HGSV_5883	73	1	0.0	0.0	0.0
13272	HGSV_593	73	0	0.0	0.0	0.0
13273	HGSV_601	73	8	0.002	0.002	0.002
13274	HGSV_6112	73	1	0.0	0.0	0.0
13275	HGSV_6341	73	0	0.0	0.0	0.0
13276	HGSV_6382	73	2	0.0	0.0	0.0
13277	HGSV_6836	73	0	0.0	0.0	0.0
13278	HGSV_6875	73	0	0.0	0.0	0.0
13279	HGSV_6991	73	0	0.0	0.0	0.0
13280	HGSV_705	73	0	0.0	0.0	0.0
13281	HGSV_7138	73	0	0.001	0.001	0.001
13282	HGSV_7291	73	7	0.002	0.002	0.002
13283	HGSV_7535	73	0	0.0	0.0	0.0
13284	HGSV_7933	73	9	0.0	0.0	0.0
13285	HGSV_7985	73	0	0.0	0.0	0.0
13286	HGSV_8364	73	1	0.0	0.0	0.0
13287	HGSV_8472	73	1	0.002	0.002	0.002
13288	HGSV_9085	73	39	0.027	0.027	0.0
13289	HGSV_9125	73	10	0.0	0.0	0.0
13290	HGSV_10308	72	44	0.029	0.029	0.0
13291	HGSV_10336	72	0	0.0	0.0	0.0
13292	HGSV_10521	72	19	0.009	0.009	0.009
13293	HGSV_10523	72	0	0.0	0.0	0.0
13294	HGSV_11076	72	2	0.458	0.458	0.458
13295	HGSV_11266	72	1	0.0	0.0	0.0
13296	HGSV_11409	72	1	0.0	0.0	0.0
13297	HGSV_1151	72	0	0.076	0.076	0.076
13298	HGSV_11695	72	0	0.0	0.0	0.0
13299	HGSV_12346	72	1	0.0	0.0	0.0
13300	HGSV_1271	72	1	0.0	0.0	0.0
13301	HGSV_12744	72	0	0.0	0.0	0.0
13302	HGSV_12812	72	1	0.001	0.001	0.0
13303	HGSV_13070	72	6	0.0	0.0	0.0
13304	HGSV_1310	72	1	0.0	0.0	0.0
13305	HGSV_13809	72	1	0.0	0.0	0.0
13306	HGSV_13850	72	0	0.0	0.0	0.0
13307	HGSV_14029	72	0	0.0	0.0	0.0
13308	HGSV_14132	72	13	0.003	0.003	0.003
13309	HGSV_143696	72	2	0.0	0.0	0.0
13310	HGSV_14379	72	0	0.0	0.0	0.0
13311	HGSV_143896	72	0	0.0	0.0	0.0
13312	HGSV_144301	72	1	0.363	0.363	0.363
13313	HGSV_144445	72	0	0.0	0.0	0.0
13314	HGSV_145117	72	0	0.0	0.0	0.0
13315	HGSV_145297	72	1	0.001	0.001	0.001
13316	HGSV_14544	72	0	0.168	0.168	0.168
13317	HGSV_14568	72	0	0.0	0.0	0.0
13318	HGSV_146269	72	1	0.001	0.001	0.001
13319	HGSV_146418	72	1	0.0	0.0	0.0
13320	HGSV_146804	72	3	0.004	0.004	0.004
13321	HGSV_14680	72	8	0.003	0.003	0.003
13322	HGSV_146970	72	1	0.0	0.0	0.0
13323	HGSV_147988	72	0	0.0	0.0	0.0
13324	HGSV_148331	72	1	0.0	0.0	0.0
13325	HGSV_148382	72	1	0.593	0.593	0.593
13326	HGSV_148515	72	0	0.0	0.0	0.0
13327	HGSV_148569	72	3	0.0	0.0	0.0
13328	HGSV_149011	72	3	0.0	0.0	0.0
13329	HGSV_149176	72	1	0.0	0.0	0.0
13330	HGSV_149350	72	1	0.0	0.0	0.0
13331	HGSV_149698	72	46	0.046	0.046	0.046
13332	HGSV_14983	72	1	0.0	0.0	0.0
13333	HGSV_150092	72	2	0.002	0.002	0.002
13334	HGSV_150105	72	1	0.0	0.0	0.0
13335	HGSV_150287	72	1	0.0	0.0	0.0
13336	HGSV_150328	72	0	0.0	0.0	0.0
13337	HGSV_150432	72	0	0.002	0.002	0.002
13338	HGSV_150480	72	0	0.0	0.0	0.0
13339	HGSV_150489	72	1	0.0	0.0	0.0
13340	HGSV_150665	72	0	0.0	0.0	0.0
13341	HGSV_151028	72	0	0.004	0.004	0.004
13342	HGSV_151172	72	1	0.001	0.001	0.001
13343	HGSV_151457	72	0	0.0	0.0	0.0
13344	HGSV_151482	72	12	0.007	0.007	0.007
13345	HGSV_151683	72	0	0.001	0.001	0.001
13346	HGSV_151775	72	0	0.0	0.0	0.0
13347	HGSV_151821	72	0	0.0	0.0	0.0
13348	HGSV_152024	72	3	0.001	0.001	0.0
13349	HGSV_152089	72	0	0.0	0.0	0.0
13350	HGSV_152211	72	1	0.0	0.0	0.0
13351	HGSV_152449	72	2	0.0	0.0	0.0
13352	HGSV_152456	72	2	0.0	0.0	0.0
13353	HGSV_152498	72	0	0.0	0.0	0.0
13354	HGSV_153161	72	1	0.0	0.0	0.0
13355	HGSV_153256	72	46	0.031	0.031	0.031
13356	HGSV_153903	72	3	0.002	0.002	0.0
13357	HGSV_153975	72	1	0.0	0.0	0.0
13358	HGSV_154133	72	1	0.0	0.0	0.0
13359	HGSV_154630	72	1	0.0	0.0	0.0
13360	HGSV_155113	72	25	0.0	0.0	0.0
13361	HGSV_15532	72	4	0.003	0.003	0.003
13362	HGSV_155665	72	1	0.0	0.0	0.0
13363	HGSV_156081	72	1	0.0	0.0	0.0
13364	HGSV_156240	72	1	0.0	0.0	0.0
13365	HGSV_156435	72	5	0.0	0.0	0.0
13366	HGSV_156502	72	0	0.0	0.0	0.0
13367	HGSV_157027	72	0	0.0	0.0	0.0
13368	HGSV_157040	72	0	0.0	0.0	0.0
13369	HGSV_157764	72	5	0.002	0.002	0.002
13370	HGSV_157960	72	0	0.0	0.0	0.0
13371	HGSV_158018	72	2	0.002	0.0	0.0
13372	HGSV_158075	72	1	0.0	0.0	0.0
13373	HGSV_158087	72	0	0.0	0.0	0.0
13374	HGSV_158118	72	35	0.024	0.024	0.0
13375	HGSV_158197	72	47	0.036	0.036	0.0
13376	HGSV_1656	72	0	0.0	0.0	0.0
13377	HGSV_16686	72	1	0.0	0.0	0.0
13378	HGSV_16839	72	0	0.518	0.518	0.518
13379	HGSV_16862	72	6	0.004	0.004	0.004
13380	HGSV_16867	72	1	0.0	0.0	0.0
13381	HGSV_17180	72	8	0.0	0.0	0.0
13382	HGSV_17896	72	0	0.0	0.0	0.0
13383	HGSV_181	72	1	0.0	0.0	0.0
13384	HGSV_18743	72	1	0.001	0.001	0.001
13385	HGSV_18786	72	0	0.0	0.0	0.0
13386	HGSV_19012	72	0	1.0	1.0	1.0
13387	HGSV_19526	72	59	0.0	0.0	0.0
13388	HGSV_2548	72	0	0.0	0.0	0.0
13389	HGSV_3253	72	1	0.0	0.0	0.0
13390	HGSV_378	72	18	0.0	0.0	0.0
13391	HGSV_3988	72	0	0.0	0.0	0.0
13392	HGSV_4178	72	0	0.936	0.936	0.936
13393	HGSV_4481	72	0	0.5	0.5	0.5
13394	HGSV_4694	72	7	0.003	0.003	0.003
13395	HGSV_4916	72	0	0.0	0.0	0.0
13396	HGSV_5243	72	0	0.0	0.0	0.0
13397	HGSV_5261	72	17	0.015	0.015	0.015
13398	HGSV_5393	72	0	0.0	0.0	0.0
13399	HGSV_5720	72	5	0.002	0.002	0.002
13400	HGSV_6540	72	1	0.0	0.0	0.0
13401	HGSV_6569	72	7	0.0	0.0	0.0
13402	HGSV_6646	72	1	0.0	0.0	0.0
13403	HGSV_7584	72	1	0.25	0.25	0.25
13404	HGSV_8194	72	1	0.002	0.002	0.0
13405	HGSV_849	72	38	0.042	0.042	0.0
13406	HGSV_9042	72	1	0.0	0.0	0.0
13407	HGSV_9471	72	0	0.0	0.0	0.0
13408	HGSV_9544	72	41	0.036	0.036	0.0
13409	HGSV_955	72	8	0.027	0.027	0.027
13410	HGSV_9931	72	1	0.0	0.0	0.0
13411	HGSV_10272	71	1	0.004	0.004	0.004
13412	HGSV_10812	71	0	0.994	0.994	0.994
13413	HGSV_10920	71	36	0.0	0.0	0.0
13414	HGSV_10955	71	2	0.0	0.0	0.0
13415	HGSV_11499	71	0	0.0	0.0	0.0
13416	HGSV_11789	71	0	0.0	0.0	0.0
13417	HGSV_12030	71	0	0.0	0.0	0.0
13418	HGSV_1218	71	2	0.0	0.0	0.0
13419	HGSV_12248	71	53	0.033	0.033	0.033
13420	HGSV_12326	71	0	0.0	0.0	0.0
13421	HGSV_12341	71	1	0.001	0.001	0.001
13422	HGSV_12471	71	20	0.0	0.0	0.0
13423	HGSV_12508	71	57	0.035	0.035	0.035
13424	HGSV_12517	71	0	0.0	0.0	0.0
13425	HGSV_12676	71	6	0.007	0.007	0.007
13426	HGSV_12677	71	6	0.002	0.002	0.002
13427	HGSV_12679	71	5	0.006	0.006	0.006
13428	HGSV_12823	71	48	0.044	0.044	0.0
13429	HGSV_13180	71	9	0.003	0.003	0.003
13430	HGSV_13741	71	44	0.0	0.0	0.0
13431	HGSV_13824	71	3	0.0	0.0	0.0
13432	HGSV_13979	71	3	0.0	0.0	0.0
13433	HGSV_14103	71	1	0.0	0.0	0.0
13434	HGSV_14291	71	10	0.0	0.0	0.0
13435	HGSV_1434	71	0	0.0	0.0	0.0
13436	HGSV_143901	71	3	0.0	0.0	0.0
13437	HGSV_144291	71	9	0.001	0.001	0.001
13438	HGSV_144365	71	2	0.0	0.0	0.0
13439	HGSV_144597	71	7	0.0	0.0	0.0
13440	HGSV_144629	71	0	0.0	0.0	0.0
13441	HGSV_144689	71	0	0.0	0.0	0.0
13442	HGSV_14594	71	1	0.0	0.0	0.0
13443	HGSV_146182	71	0	0.0	0.0	0.0
13444	HGSV_146323	71	0	0.0	0.0	0.0
13445	HGSV_146339	71	52	0.0	0.0	0.0
13446	HGSV_14683	71	0	0.001	0.001	0.001
13447	HGSV_147017	71	1	0.0	0.0	0.0
13448	HGSV_147360	71	0	0.0	0.0	0.0
13449	HGSV_147841	71	0	0.001	0.001	0.0
13450	HGSV_147913	71	3	0.001	0.001	0.001
13451	HGSV_148208	71	0	0.414	0.414	0.414
13452	HGSV_14893	71	0	0.001	0.999	0.999
13453	HGSV_149055	71	0	0.001	0.001	0.001
13454	HGSV_149530	71	0	0.966	0.966	0.976
13455	HGSV_149716	71	1	0.001	0.001	0.001
13456	HGSV_14972	71	0	0.0	0.0	0.0
13457	HGSV_150238	71	2	0.0	0.0	0.0
13458	HGSV_150553	71	0	0.001	0.001	0.001
13459	HGSV_150889	71	0	0.0	0.0	0.0
13460	HGSV_151115	71	2	0.0	0.0	0.0
13461	HGSV_151700	71	1	0.0	0.0	0.0
13462	HGSV_152368	71	3	0.001	0.001	0.001
13463	HGSV_15259	71	0	0.0	0.0	0.0
13464	HGSV_152608	71	1	0.0	0.0	0.0
13465	HGSV_153323	71	4	0.0	0.0	0.0
13466	HGSV_153827	71	1	0.0	0.0	0.0
13467	HGSV_154265	71	0	0.0	0.0	0.0
13468	HGSV_154424	71	0	0.0	0.0	0.0
13469	HGSV_154466	71	8	0.006	0.006	0.006
13470	HGSV_154479	71	3	0.003	0.003	0.003
13471	HGSV_154864	71	0	0.699	0.699	0.699
13472	HGSV_15522	71	5	0.001	0.001	0.001
13473	HGSV_155471	71	7	0.0	0.0	0.0
13474	HGSV_155652	71	17	0.012	0.012	0.012
13475	HGSV_155717	71	4	0.0	0.0	0.0
13476	HGSV_155808	71	0	0.452	0.452	0.452
13477	HGSV_155918	71	7	0.0	0.0	0.0
13478	HGSV_156141	71	3	0.0	0.0	0.0
13479	HGSV_15627	71	4	0.001	0.001	0.0
13480	HGSV_156329	71	55	0.0	0.0	0.0
13481	HGSV_156345	71	2	0.001	0.001	0.001
13482	HGSV_156373	71	4	0.002	0.002	0.002
13483	HGSV_156559	71	0	0.0	0.0	0.0
13484	HGSV_156755	71	45	0.062	0.062	0.062
13485	HGSV_15710	71	0	0.0	0.0	0.0
13486	HGSV_157141	71	2	0.0	0.0	0.0
13487	HGSV_157355	71	0	0.0	0.0	0.0
13488	HGSV_157450	71	2	0.001	0.001	0.001
13489	HGSV_157504	71	0	0.0	0.0	0.0
13490	HGSV_157826	71	0	0.0	0.0	0.0
13491	HGSV_159014	71	1	0.0	0.0	0.0
13492	HGSV_159075	71	3	0.0	0.0	0.0
13493	HGSV_159	71	1	0.0	0.0	0.0
13494	HGSV_16859	71	1	0.0	0.0	0.0
13495	HGSV_16938	71	3	0.005	0.005	0.005
13496	HGSV_17329	71	1	0.0	0.0	0.0
13497	HGSV_17431	71	0	0.0	0.0	0.0
13498	HGSV_17456	71	5	0.001	0.001	0.001
13499	HGSV_17481	71	3	0.0	0.0	0.0
13500	HGSV_17992	71	1	0.0	0.0	0.0
13501	HGSV_18207	71	1	0.0	0.0	0.0
13502	HGSV_18650	71	7	0.006	0.006	0.006
13503	HGSV_18733	71	0	0.0	0.0	0.0
13504	HGSV_18911	71	10	0.005	0.005	0.005
13505	HGSV_19316	71	0	0.253	0.253	0.253
13506	HGSV_19672	71	2	0.002	0.002	0.0
13507	HGSV_2016	71	13	0.008	0.008	0.008
13508	HGSV_2403	71	5	0.0	0.0	0.0
13509	HGSV_2442	71	0	0.0	0.0	0.0
13510	HGSV_2663	71	0	0.0	0.0	0.0
13511	HGSV_2762	71	1	0.001	0.001	0.001
13512	HGSV_2817	71	0	0.0	0.0	0.0
13513	HGSV_2917	71	3	0.004	0.004	0.0
13514	HGSV_3340	71	1	0.0	0.0	0.0
13515	HGSV_3394	71	1	0.0	0.0	0.0
13516	HGSV_3792	71	1	0.0	0.0	0.0
13517	HGSV_40	71	1	0.669	0.669	0.669
13518	HGSV_4363	71	1	0.0	0.0	0.0
13519	HGSV_5651	71	1	0.236	0.236	0.236
13520	HGSV_6117	71	1	0.0	0.0	0.0
13521	HGSV_6688	71	0	0.002	0.002	0.0
13522	HGSV_6814	71	0	0.0	0.0	0.0
13523	HGSV_6980	71	1	0.0	0.0	0.0
13524	HGSV_7269	71	3	0.002	0.002	0.002
13525	HGSV_7380	71	1	0.0	0.0	0.0
13526	HGSV_816	71	9	0.0	0.0	0.0
13527	HGSV_8370	71	0	0.0	0.0	0.0
13528	HGSV_8436	71	1	0.133	0.133	0.133
13529	HGSV_8452	71	4	0.004	0.004	0.004
13530	HGSV_8484	71	1	0.0	0.0	0.0
13531	HGSV_860	71	1	0.0	0.0	0.0
13532	HGSV_9666	71	1	0.0	0.0	0.0
13533	HGSV_9987	71	0	0.0	0.0	0.0
13534	HGSV_10169	70	45	0.045	0.045	0.045
13535	HGSV_11311	70	2	0.0	0.0	0.0
13536	HGSV_11582	70	1	0.193	0.193	0.193
13537	HGSV_11628	70	1	0.001	0.001	0.001
13538	HGSV_12444	70	2	0.0	0.0	0.0
13539	HGSV_12628	70	5	0.001	0.001	0.0
13540	HGSV_12663	70	1	0.0	0.0	0.0
13541	HGSV_12714	70	1	0.001	0.001	0.001
13542	HGSV_13002	70	0	0.0	0.0	0.0
13543	HGSV_13358	70	0	0.0	0.0	0.0
13544	HGSV_13542	70	47	0.026	0.026	0.026
13545	HGSV_13578	70	1	0.0	0.0	0.0
13546	HGSV_13716	70	0	0.0	0.0	0.0
13547	HGSV_14171	70	1	0.001	0.001	0.001
13548	HGSV_143420	70	0	0.0	0.0	0.0
13549	HGSV_143488	70	0	0.0	0.0	0.0
13550	HGSV_144201	70	5	0.003	0.003	0.003
13551	HGSV_144454	70	2	0.0	0.0	0.0
13552	HGSV_144706	70	1	0.0	0.0	0.0
13553	HGSV_144795	70	0	0.0	0.0	0.0
13554	HGSV_145669	70	1	0.0	0.0	0.0
13555	HGSV_145730	70	0	0.0	0.0	0.0
13556	HGSV_145733	70	0	0.0	0.0	0.0
13557	HGSV_145752	70	0	0.0	0.0	0.0
13558	HGSV_145769	70	2	0.001	0.001	0.001
13559	HGSV_145928	70	0	0.0	0.0	0.0
13560	HGSV_146214	70	11	0.004	0.004	0.004
13561	HGSV_146371	70	1	0.0	0.0	0.0
13562	HGSV_146455	70	0	0.0	0.0	0.0
13563	HGSV_146517	70	0	0.0	0.0	0.0
13564	HGSV_146713	70	2	0.004	0.004	0.004
13565	HGSV_146743	70	1	0.0	0.0	0.0
13566	HGSV_147059	70	1	0.0	0.0	0.0
13567	HGSV_147416	70	0	0.825	0.825	0.825
13568	HGSV_147578	70	1	0.442	0.442	0.442
13569	HGSV_147736	70	0	0.737	0.737	0.737
13570	HGSV_148041	70	1	0.0	0.0	0.0
13571	HGSV_148323	70	15	0.03	0.03	0.0
13572	HGSV_148627	70	0	0.0	0.0	0.0
13573	HGSV_149113	70	1	0.0	0.0	0.0
13574	HGSV_149878	70	0	0.0	0.0	0.0
13575	HGSV_150046	70	0	0.0	0.0	0.0
13576	HGSV_150234	70	0	0.959	0.959	0.959
13577	HGSV_15046	70	0	0.0	0.0	0.0
13578	HGSV_150571	70	52	0.027	0.027	0.027
13579	HGSV_151272	70	1	0.0	0.0	0.0
13580	HGSV_151284	70	2	0.002	0.002	0.002
13581	HGSV_15141	70	1	0.0	0.0	0.0
13582	HGSV_151420	70	1	0.002	0.002	0.0
13583	HGSV_151513	70	2	0.0	0.0	0.0
13584	HGSV_151559	70	0	0.0	0.0	0.0
13585	HGSV_151720	70	27	0.028	0.028	0.0
13586	HGSV_151964	70	1	0.0	0.0	0.0
13587	HGSV_152697	70	1	0.0	0.0	0.0
13588	HGSV_152741	70	0	0.0	0.0	0.0
13589	HGSV_152923	70	2	0.0	0.0	0.0
13590	HGSV_153049	70	0	0.0	0.0	0.0
13591	HGSV_153075	70	0	0.995	0.995	0.995
13592	HGSV_153228	70	0	0.001	0.001	0.001
13593	HGSV_153346	70	0	0.0	0.0	0.0
13594	HGSV_153561	70	1	0.001	0.001	0.001
13595	HGSV_153583	70	2	0.001	0.001	0.001
13596	HGSV_153615	70	2	0.0	0.0	0.0
13597	HGSV_153716	70	0	0.0	0.0	0.0
13598	HGSV_154356	70	1	0.0	0.0	0.0
13599	HGSV_154829	70	0	0.0	0.0	0.0
13600	HGSV_154852	70	39	0.023	0.023	0.0
13601	HGSV_155228	70	8	0.999	0.999	0.999
13602	HGSV_156131	70	0	0.0	0.0	0.0
13603	HGSV_156619	70	0	0.0	0.0	0.0
13604	HGSV_15673	70	0	0.0	0.0	0.0
13605	HGSV_156843	70	4	0.003	0.003	0.0
13606	HGSV_156956	70	0	0.0	0.0	0.0
13607	HGSV_157087	70	1	0.002	0.002	0.002
13608	HGSV_15728	70	0	0.0	0.0	0.0
13609	HGSV_157460	70	2	0.001	0.001	0.001
13610	HGSV_157479	70	0	0.707	0.707	0.707
13611	HGSV_158090	70	0	0.0	0.0	0.0
13612	HGSV_158135	70	0	0.005	0.005	0.0
13613	HGSV_158152	70	0	0.001	0.001	0.0
13614	HGSV_158363	70	0	0.0	0.0	0.0
13615	HGSV_158813	70	12	0.005	0.005	0.0
13616	HGSV_159084	70	1	0.001	0.001	0.0
13617	HGSV_15978	70	1	0.0	0.0	0.0
13618	HGSV_16348	70	0	0.986	0.986	0.986
13619	HGSV_16392	70	5	0.003	0.003	0.003
13620	HGSV_16478	70	0	0.0	0.0	0.0
13621	HGSV_17097	70	11	0.034	0.034	0.0
13622	HGSV_17267	70	3	0.0	0.0	0.0
13623	HGSV_17496	70	0	0.0	0.0	0.0
13624	HGSV_1762	70	0	0.0	0.0	0.0
13625	HGSV_17860	70	46	0.025	0.025	0.025
13626	HGSV_18903	70	8	0.004	0.004	0.004
13627	HGSV_18905	70	1	0.703	0.703	0.703
13628	HGSV_19094	70	2	0.002	0.002	0.002
13629	HGSV_19341	70	0	0.0	0.0	0.0
13630	HGSV_19468	70	4	0.0	0.0	0.0
13631	HGSV_19576	70	1	0.0	0.0	0.0
13632	HGSV_2175	70	0	0.0	0.0	0.0
13633	HGSV_2182	70	1	0.001	0.001	0.001
13634	HGSV_294	70	0	0.0	0.0	0.0
13635	HGSV_3261	70	45	0.032	0.032	0.032
13636	HGSV_3397	70	0	0.0	0.0	0.0
13637	HGSV_3564	70	1	0.0	0.0	0.0
13638	HGSV_3889	70	1	0.001	0.001	0.0
13639	HGSV_4164	70	0	0.0	0.0	0.0
13640	HGSV_4180	70	0	0.0	0.0	0.0
13641	HGSV_4565	70	0	0.001	0.001	0.001
13642	HGSV_4607	70	1	0.0	0.0	0.0
13643	HGSV_5236	70	50	0.048	0.048	0.048
13644	HGSV_5495	70	0	0.0	0.0	0.0
13645	HGSV_5756	70	1	0.001	0.001	0.709
13646	HGSV_6460	70	0	0.0	0.0	0.0
13647	HGSV_6481	70	5	0.002	0.002	0.0
13648	HGSV_6610	70	0	0.001	0.001	0.001
13649	HGSV_6631	70	0	0.0	0.0	0.0
13650	HGSV_667	70	0	0.0	0.0	0.0
13651	HGSV_691	70	1	0.0	0.0	0.0
13652	HGSV_7039	70	0	0.0	0.0	0.0
13653	HGSV_8481	70	2	0.0	0.0	0.0
13654	HGSV_9308	70	0	0.0	0.0	0.0
13655	HGSV_9605	70	0	0.0	0.0	0.0
13656	HGSV_9646	70	13	0.82	0.0	0.0
13657	HGSV_9695	70	2	0.0	0.0	0.0
13658	HGSV_9724	70	0	0.0	0.0	0.0
13659	HGSV_10316	69	1	0.0	0.0	0.0
13660	HGSV_10646	69	2	0.0	0.0	0.0
13661	HGSV_10848	69	6	0.0	0.0	0.0
13662	HGSV_10860	69	10	0.0	0.0	0.0
13663	HGSV_1119	69	1	0.0	0.0	0.0
13664	HGSV_11317	69	1	0.0	0.0	0.0
13665	HGSV_11325	69	1	0.0	0.0	0.0
13666	HGSV_11423	69	0	0.095	0.095	0.0
13667	HGSV_11649	69	0	0.0	0.0	0.0
13668	HGSV_11771	69	3	0.001	0.001	0.001
13669	HGSV_11981	69	0	0.0	0.0	0.0
13670	HGSV_12178	69	4	0.002	0.002	0.002
13671	HGSV_12381	69	0	0.0	0.0	0.0
13672	HGSV_12902	69	1	0.0	0.0	0.0
13673	HGSV_12936	69	0	0.0	0.0	0.0
13674	HGSV_12970	69	0	0.0	0.0	0.0
13675	HGSV_13280	69	0	0.0	0.0	0.0
13676	HGSV_13593	69	0	0.0	0.0	0.0
13677	HGSV_13714	69	1	0.0	0.0	0.0
13678	HGSV_1387	69	0	0.0	0.0	0.0
13679	HGSV_14162	69	1	0.0	0.0	0.0
13680	HGSV_14184	69	2	0.003	0.003	0.003
13681	HGSV_143851	69	1	0.0	0.0	0.0
13682	HGSV_144117	69	0	0.795	0.795	0.795
13683	HGSV_144479	69	0	0.0	0.0	0.0
13684	HGSV_144511	69	0	0.0	0.0	0.0
13685	HGSV_144527	69	0	0.0	0.0	0.0
13686	HGSV_144642	69	2	0.0	0.0	0.0
13687	HGSV_145176	69	2	0.0	0.0	0.0
13688	HGSV_145277	69	1	0.0	0.0	0.0
13689	HGSV_145301	69	1	0.0	0.0	0.0
13690	HGSV_145320	69	1	0.0	0.0	0.0
13691	HGSV_145656	69	11	0.005	0.005	0.0
13692	HGSV_145658	69	1	0.001	0.001	0.001
13693	HGSV_145692	69	1	0.0	0.0	0.0
13694	HGSV_146363	69	44	0.039	0.0	0.0
13695	HGSV_146376	69	2	0.0	0.0	0.0
13696	HGSV_146673	69	0	0.772	0.772	0.772
13697	HGSV_14697	69	15	0.006	0.0	0.0
13698	HGSV_147061	69	4	0.0	0.0	0.0
13699	HGSV_147140	69	2	0.001	0.001	0.0
13700	HGSV_147345	69	3	0.001	0.001	0.001
13701	HGSV_147519	69	1	0.0	0.0	0.0
13702	HGSV_147584	69	2	0.0	0.0	0.0
13703	HGSV_147672	69	2	0.0	0.0	0.0
13704	HGSV_147858	69	1	0.0	0.0	0.0
13705	HGSV_148067	69	1	0.474	0.474	0.474
13706	HGSV_148903	69	13	0.01	0.01	0.01
13707	HGSV_149037	69	7	0.0	0.0	0.0
13708	HGSV_149052	69	3	0.001	0.001	0.001
13709	HGSV_149083	69	1	0.0	0.0	0.0
13710	HGSV_149091	69	1	0.0	0.0	0.0
13711	HGSV_149474	69	0	0.0	0.0	0.0
13712	HGSV_149666	69	1	0.0	0.0	0.0
13713	HGSV_149812	69	5	0.004	0.004	0.004
13714	HGSV_149876	69	1	0.0	0.0	0.0
13715	HGSV_150113	69	0	0.0	0.0	0.0
13716	HGSV_150349	69	1	0.0	0.0	0.0
13717	HGSV_150693	69	0	0.001	0.001	0.001
13718	HGSV_151137	69	3	0.003	0.003	0.003
13719	HGSV_151532	69	0	0.0	0.0	0.0
13720	HGSV_151588	69	1	0.0	0.0	0.0
13721	HGSV_151691	69	5	0.0	0.0	0.0
13722	HGSV_152159	69	1	0.0	0.0	0.0
13723	HGSV_152228	69	48	0.04	0.04	0.04
13724	HGSV_152561	69	54	0.042	0.042	0.042
13725	HGSV_153007	69	2	0.001	0.001	0.001
13726	HGSV_153095	69	6	0.005	0.005	0.005
13727	HGSV_153370	69	0	0.0	0.0	0.0
13728	HGSV_153404	69	4	0.002	0.002	0.002
13729	HGSV_153834	69	1	0.0	0.0	0.0
13730	HGSV_153840	69	1	0.998	0.998	0.998
13731	HGSV_153860	69	0	0.0	0.0	0.0
13732	HGSV_153899	69	1	0.001	0.001	0.001
13733	HGSV_154565	69	0	0.0	0.0	0.0
13734	HGSV_154655	69	1	0.0	0.0	0.0
13735	HGSV_154714	69	8	0.0	0.0	0.0
13736	HGSV_154845	69	1	0.0	0.0	0.0
13737	HGSV_155196	69	1	0.001	0.001	0.001
13738	HGSV_155916	69	2	0.0	0.0	0.0
13739	HGSV_155954	69	0	0.0	0.0	0.0
13740	HGSV_156277	69	0	0.0	0.0	0.0
13741	HGSV_156433	69	0	0.0	0.0	0.0
13742	HGSV_156627	69	36	0.0	0.0	0.0
13743	HGSV_156644	69	1	0.001	0.001	0.001
13744	HGSV_156722	69	5	0.006	0.006	0.006
13745	HGSV_156766	69	0	0.001	0.001	0.001
13746	HGSV_1567	69	0	0.0	0.0	0.0
13747	HGSV_157521	69	0	0.001	0.001	0.001
13748	HGSV_15757	69	15	0.009	0.009	0.0
13749	HGSV_157597	69	0	0.0	0.0	0.0
13750	HGSV_157774	69	0	0.725	0.725	0.725
13751	HGSV_157952	69	1	0.0	0.0	0.0
13752	HGSV_158266	69	10	0.005	0.005	0.005
13753	HGSV_158429	69	1	0.0	0.0	0.0
13754	HGSV_158818	69	1	0.0	0.0	0.0
13755	HGSV_159121	69	0	0.001	0.001	0.001
13756	HGSV_16191	69	1	0.002	0.002	0.002
13757	HGSV_16506	69	1	0.0	0.0	0.0
13758	HGSV_16549	69	0	0.001	0.001	0.001
13759	HGSV_16575	69	0	0.002	0.0	0.0
13760	HGSV_16728	69	0	0.0	0.0	0.0
13761	HGSV_16747	69	1	0.0	0.0	0.0
13762	HGSV_16796	69	0	0.0	0.0	0.0
13763	HGSV_16907	69	0	0.0	0.0	0.0
13764	HGSV_16994	69	1	0.0	0.0	0.0
13765	HGSV_17240	69	8	0.003	0.003	0.0
13766	HGSV_17401	69	0	0.001	0.001	0.001
13767	HGSV_17514	69	0	0.0	0.0	0.0
13768	HGSV_18046	69	0	0.0	0.0	0.0
13769	HGSV_18112	69	4	0.0	0.0	0.0
13770	HGSV_18277	69	0	0.395	0.395	0.532
13771	HGSV_18285	69	0	0.38	0.38	0.38
13772	HGSV_18294	69	0	0.0	0.0	0.0
13773	HGSV_18389	69	0	0.0	0.0	0.0
13774	HGSV_1842	69	0	1.0	1.0	1.0
13775	HGSV_18479	69	2	0.001	0.001	0.001
13776	HGSV_18502	69	0	0.001	0.001	0.001
13777	HGSV_1870	69	19	0.002	0.002	0.0
13778	HGSV_18829	69	44	0.0	0.0	0.0
13779	HGSV_1892	69	0	0.0	0.0	0.0
13780	HGSV_19321	69	0	0.0	0.0	0.0
13781	HGSV_19479	69	20	0.333	0.333	0.0
13782	HGSV_2085	69	1	0.0	0.0	0.0
13783	HGSV_2349	69	1	0.0	0.0	0.0
13784	HGSV_247	69	1	0.0	0.0	0.0
13785	HGSV_2600	69	0	0.001	0.001	0.001
13786	HGSV_3484	69	0	0.36	0.36	0.36
13787	HGSV_4197	69	1	0.0	0.0	0.0
13788	HGSV_4507	69	0	0.0	0.0	0.0
13789	HGSV_4783	69	1	0.0	0.0	0.0
13790	HGSV_5426	69	0	0.0	0.0	0.0
13791	HGSV_6123	69	1	0.0	0.0	0.0
13792	HGSV_6268	69	0	0.0	0.0	0.0
13793	HGSV_6500	69	0	0.0	0.0	0.0
13794	HGSV_688	69	1	0.0	0.0	0.0
13795	HGSV_7427	69	3	0.0	0.0	0.0
13796	HGSV_7463	69	6	0.005	0.005	0.005
13797	HGSV_7482	69	0	0.557	0.557	0.691
13798	HGSV_8086	69	0	0.001	0.001	0.001
13799	HGSV_8189	69	0	0.0	0.0	0.0
13800	HGSV_8580	69	2	0.0	0.0	0.0
13801	HGSV_9221	69	4	0.002	0.002	0.002
13802	HGSV_9286	69	1	0.703	0.703	0.703
13803	HGSV_9517	69	0	0.0	0.0	0.0
13804	HGSV_963	69	0	0.0	0.0	0.0
13805	HGSV_985	69	0	0.0	0.0	0.0
13806	HGSV_9877	69	2	0.002	0.002	0.002
13807	HGSV_1059	68	2	0.001	0.001	0.001
13808	HGSV_1071	68	0	0.0	0.0	0.0
13809	HGSV_10769	68	1	0.002	0.002	0.002
13810	HGSV_11050	68	0	0.0	0.0	0.0
13811	HGSV_11288	68	2	0.0	0.0	0.0
13812	HGSV_11320	68	0	0.0	0.0	0.0
13813	HGSV_11642	68	0	0.0	0.0	0.0
13814	HGSV_11787	68	0	0.0	0.0	0.0
13815	HGSV_11874	68	0	0.0	0.0	0.0
13816	HGSV_12031	68	0	0.0	0.0	0.0
13817	HGSV_12526	68	1	0.001	0.001	0.001
13818	HGSV_12755	68	0	0.001	0.001	0.001
13819	HGSV_12815	68	1	0.0	0.0	0.0
13820	HGSV_12869	68	0	0.999	0.0	0.0
13821	HGSV_1291	68	1	0.006	0.0	0.0
13822	HGSV_13410	68	1	0.0	0.0	0.0
13823	HGSV_1358	68	2	0.001	0.001	0.001
13824	HGSV_14252	68	0	0.0	0.0	0.0
13825	HGSV_143492	68	4	0.0	0.0	0.0
13826	HGSV_1438	68	0	0.001	0.001	0.001
13827	HGSV_143951	68	2	0.0	0.0	0.0
13828	HGSV_144213	68	1	0.0	0.0	0.0
13829	HGSV_14429	68	7	0.0	0.0	0.0
13830	HGSV_14431	68	1	0.001	0.001	0.001
13831	HGSV_145172	68	1	0.0	0.0	0.0
13832	HGSV_145294	68	0	0.001	0.001	0.0
13833	HGSV_145576	68	3	0.003	0.003	0.003
13834	HGSV_145690	68	1	0.0	0.0	0.0
13835	HGSV_146639	68	3	0.0	0.0	0.0
13836	HGSV_146887	68	1	0.0	0.0	0.0
13837	HGSV_147110	68	2	0.0	0.0	0.0
13838	HGSV_147139	68	0	0.001	0.001	0.001
13839	HGSV_147301	68	1	0.0	0.0	0.0
13840	HGSV_147975	68	16	0.006	0.006	0.006
13841	HGSV_148276	68	0	0.001	0.001	0.001
13842	HGSV_148670	68	1	0.0	0.0	0.0
13843	HGSV_148779	68	7	0.001	0.001	0.001
13844	HGSV_148811	68	8	0.004	0.004	0.004
13845	HGSV_149059	68	0	0.0	0.0	0.0
13846	HGSV_149546	68	6	0.0	0.0	0.0
13847	HGSV_149595	68	0	0.0	0.0	0.0
13848	HGSV_149783	68	10	0.001	0.001	0.001
13849	HGSV_150501	68	1	0.0	0.0	0.0
13850	HGSV_150630	68	2	0.0	0.0	0.0
13851	HGSV_150696	68	0	0.0	0.0	0.0
13852	HGSV_150887	68	1	0.0	0.0	0.0
13853	HGSV_150927	68	1	0.001	0.001	0.0
13854	HGSV_15102	68	0	0.0	0.0	0.0
13855	HGSV_151042	68	0	0.0	0.0	0.0
13856	HGSV_151825	68	0	0.0	0.0	0.0
13857	HGSV_152125	68	1	0.0	0.0	0.0
13858	HGSV_152546	68	1	0.0	0.0	0.0
13859	HGSV_153680	68	0	0.0	0.0	0.0
13860	HGSV_153747	68	6	0.0	0.0	0.0
13861	HGSV_15378	68	4	0.007	0.007	0.007
13862	HGSV_153942	68	1	0.0	0.0	0.0
13863	HGSV_154092	68	4	0.0	0.0	0.0
13864	HGSV_15441	68	1	0.0	0.0	0.0
13865	HGSV_154497	68	1	0.0	0.0	0.0
13866	HGSV_154559	68	4	0.003	0.003	0.0
13867	HGSV_15496	68	0	0.0	0.0	0.0
13868	HGSV_155084	68	51	0.028	0.0	0.0
13869	HGSV_155118	68	1	0.0	0.0	0.0
13870	HGSV_155637	68	0	0.002	0.002	0.002
13871	HGSV_156350	68	0	0.0	0.0	0.0
13872	HGSV_156564	68	1	0.0	0.0	0.0
13873	HGSV_157254	68	0	0.162	0.162	0.162
13874	HGSV_157443	68	3	0.0	0.0	0.0
13875	HGSV_157681	68	5	0.004	0.004	0.004
13876	HGSV_157979	68	1	0.0	0.0	0.0
13877	HGSV_158083	68	1	0.001	0.001	0.001
13878	HGSV_158113	68	0	0.975	0.975	0.975
13879	HGSV_158170	68	7	0.0	0.0	0.0
13880	HGSV_158799	68	0	0.001	0.001	0.001
13881	HGSV_158852	68	6	0.001	0.001	0.001
13882	HGSV_159027	68	0	0.0	0.0	0.0
13883	HGSV_16536	68	0	0.003	0.003	0.003
13884	HGSV_16609	68	1	0.0	0.0	0.0
13885	HGSV_17243	68	1	0.0	0.0	0.0
13886	HGSV_17792	68	1	0.001	0.001	0.001
13887	HGSV_17876	68	3	0.002	0.002	0.0
13888	HGSV_18082	68	7	0.001	0.001	0.001
13889	HGSV_18323	68	8	0.0	0.0	0.0
13890	HGSV_18463	68	1	0.0	0.0	0.0
13891	HGSV_18464	68	0	0.0	0.0	0.0
13892	HGSV_19083	68	0	0.0	0.0	0.0
13893	HGSV_19169	68	0	0.0	0.0	0.0
13894	HGSV_19195	68	0	0.0	0.0	0.0
13895	HGSV_19659	68	38	0.709	0.709	0.0
13896	HGSV_19691	68	4	0.0	0.0	0.0
13897	HGSV_2022	68	0	0.0	0.0	0.0
13898	HGSV_2626	68	6	0.004	0.004	0.004
13899	HGSV_2667	68	0	0.001	0.001	0.001
13900	HGSV_2871	68	1	0.001	0.001	0.001
13901	HGSV_3551	68	5	0.001	0.001	0.001
13902	HGSV_3719	68	2	0.004	0.004	0.004
13903	HGSV_375	68	0	0.0	0.0	0.0
13904	HGSV_4325	68	2	0.0	0.0	0.0
13905	HGSV_4842	68	0	0.0	0.0	0.0
13906	HGSV_488	68	10	0.007	0.007	0.007
13907	HGSV_4900	68	2	0.0	0.0	0.0
13908	HGSV_506	68	3	0.001	0.001	0.001
13909	HGSV_5256	68	2	0.0	0.0	0.0
13910	HGSV_5638	68	7	0.01	0.01	0.01
13911	HGSV_6849	68	4	0.003	0.0	0.0
13912	HGSV_734	68	7	0.005	0.005	0.005
13913	HGSV_7487	68	1	0.0	0.0	0.0
13914	HGSV_7562	68	2	0.0	0.0	0.0
13915	HGSV_8022	68	0	0.0	0.0	0.0
13916	HGSV_8609	68	1	0.001	0.001	0.001
13917	HGSV_8664	68	1	0.0	0.0	0.0
13918	HGSV_8990	68	2	0.0	0.0	0.0
13919	HGSV_9112	68	1	0.0	0.0	0.0
13920	HGSV_9113	68	0	0.0	0.0	0.0
13921	HGSV_9192	68	1	0.0	0.0	0.0
13922	HGSV_9528	68	5	0.0	0.0	0.0
13923	HGSV_9589	68	1	0.0	0.0	0.0
13924	HGSV_976	68	0	0.0	0.0	0.0
13925	HGSV_9844	68	4	0.001	0.001	0.001
13926	HGSV_1003	67	0	0.0	0.0	0.0
13927	HGSV_10189	67	0	0.0	0.0	0.0
13928	HGSV_10377	67	1	0.0	0.0	0.0
13929	HGSV_10539	67	0	0.0	0.0	0.0
13930	HGSV_10616	67	0	0.001	0.001	0.001
13931	HGSV_10857	67	0	0.001	0.001	0.001
13932	HGSV_10989	67	0	0.0	0.0	0.0
13933	HGSV_11540	67	1	0.0	0.0	0.0
13934	HGSV_11704	67	1	0.0	0.0	0.0
13935	HGSV_11973	67	36	0.019	0.019	0.0
13936	HGSV_1211	67	0	0.001	0.001	0.001
13937	HGSV_12502	67	0	0.0	0.0	0.0
13938	HGSV_12975	67	1	0.002	0.002	0.002
13939	HGSV_13214	67	1	0.0	0.0	0.0
13940	HGSV_13488	67	1	0.0	0.0	0.0
13941	HGSV_13681	67	0	0.0	0.0	0.0
13942	HGSV_14084	67	0	0.001	0.001	0.001
13943	HGSV_143461	67	1	0.0	0.0	0.0
13944	HGSV_143892	67	0	0.0	0.0	0.0
13945	HGSV_144255	67	3	0.005	0.0	0.0
13946	HGSV_144547	67	0	0.0	0.0	0.0
13947	HGSV_145350	67	0	0.0	0.0	0.0
13948	HGSV_146579	67	0	0.001	0.001	0.001
13949	HGSV_146922	67	0	0.0	0.0	0.0
13950	HGSV_146981	67	0	0.0	0.0	0.0
13951	HGSV_147030	67	0	0.001	0.001	0.001
13952	HGSV_147435	67	3	0.001	0.001	0.001
13953	HGSV_147547	67	0	0.001	0.001	0.001
13954	HGSV_147763	67	1	0.0	0.0	0.0
13955	HGSV_148074	67	8	0.001	0.001	0.001
13956	HGSV_148380	67	1	0.0	0.0	0.0
13957	HGSV_148411	67	1	0.001	0.0	0.0
13958	HGSV_148721	67	0	0.0	0.0	0.0
13959	HGSV_14882	67	1	0.0	0.0	0.0
13960	HGSV_148962	67	1	0.0	0.0	0.0
13961	HGSV_149019	67	3	0.0	0.0	0.0
13962	HGSV_149369	67	2	0.0	0.0	0.0
13963	HGSV_149740	67	6	0.003	0.003	0.003
13964	HGSV_150286	67	0	0.0	0.0	0.0
13965	HGSV_150890	67	0	0.0	0.0	0.0
13966	HGSV_151164	67	0	0.0	0.0	0.0
13967	HGSV_151174	67	1	0.0	0.0	0.0
13968	HGSV_151255	67	0	0.0	0.0	0.0
13969	HGSV_151262	67	1	0.0	0.0	0.0
13970	HGSV_151354	67	38	0.025	0.025	0.025
13971	HGSV_151361	67	1	0.0	0.0	0.0
13972	HGSV_151699	67	1	0.001	0.001	0.001
13973	HGSV_15172	67	49	0.033	0.033	0.033
13974	HGSV_151891	67	1	0.0	0.0	0.0
13975	HGSV_151946	67	0	0.0	0.0	0.0
13976	HGSV_152016	67	1	0.0	0.0	0.0
13977	HGSV_152180	67	1	0.0	0.0	0.0
13978	HGSV_152936	67	0	0.0	0.0	0.0
13979	HGSV_152946	67	0	0.0	0.0	0.0
13980	HGSV_152947	67	2	0.0	0.0	0.0
13981	HGSV_153591	67	45	0.026	0.026	0.0
13982	HGSV_153712	67	1	0.0	0.0	0.0
13983	HGSV_154014	67	42	0.017	0.017	0.017
13984	HGSV_154060	67	1	0.955	0.955	0.955
13985	HGSV_154150	67	1	0.001	0.001	0.0
13986	HGSV_154627	67	0	0.001	0.001	0.001
13987	HGSV_155034	67	0	0.0	0.0	0.0
13988	HGSV_155691	67	0	0.0	0.0	0.0
13989	HGSV_156041	67	0	0.0	0.0	0.0
13990	HGSV_156283	67	0	0.0	0.0	0.0
13991	HGSV_156752	67	0	0.0	0.0	0.0
13992	HGSV_156777	67	1	0.0	0.0	0.0
13993	HGSV_157222	67	3	0.0	0.0	0.0
13994	HGSV_157337	67	5	0.003	0.003	0.003
13995	HGSV_157371	67	1	0.0	0.0	0.0
13996	HGSV_157499	67	1	0.0	0.0	0.0
13997	HGSV_157725	67	6	0.001	0.001	0.001
13998	HGSV_15774	67	0	0.0	0.0	0.0
13999	HGSV_158028	67	1	0.0	0.0	0.0
14000	HGSV_158245	67	1	0.0	0.0	0.0
14001	HGSV_158377	67	0	0.592	0.592	0.975
14002	HGSV_158389	67	1	0.0	0.0	0.0
14003	HGSV_158687	67	1	0.0	0.0	0.0
14004	HGSV_158943	67	5	0.001	0.001	0.001
14005	HGSV_159022	67	0	0.002	0.002	0.002
14006	HGSV_159064	67	1	0.0	0.0	0.0
14007	HGSV_16117	67	2	0.544	0.544	0.544
14008	HGSV_16142	67	0	0.0	0.0	0.0
14009	HGSV_16158	67	1	0.001	0.001	0.0
14010	HGSV_16353	67	3	0.002	0.002	0.002
14011	HGSV_16529	67	2	0.0	0.0	0.0
14012	HGSV_1794	67	6	0.0	0.0	0.0
14013	HGSV_18366	67	0	0.001	0.001	0.001
14014	HGSV_18414	67	39	0.025	0.025	0.0
14015	HGSV_18772	67	1	0.001	0.001	0.001
14016	HGSV_19026	67	0	0.0	0.0	0.0
14017	HGSV_19125	67	0	0.0	0.0	0.0
14018	HGSV_19161	67	1	0.0	0.0	0.0
14019	HGSV_19206	67	0	0.0	0.0	0.0
14020	HGSV_19514	67	4	0.001	0.001	0.001
14021	HGSV_2066	67	0	0.0	0.0	0.0
14022	HGSV_227	67	1	0.0	0.0	0.0
14023	HGSV_2542	67	2	0.0	0.0	0.0
14024	HGSV_2609	67	0	0.0	0.0	0.0
14025	HGSV_2646	67	3	0.001	0.001	0.001
14026	HGSV_2860	67	5	0.003	0.0	0.0
14027	HGSV_3189	67	0	0.0	0.0	0.0
14028	HGSV_3298	67	2	0.001	0.001	0.001
14029	HGSV_3306	67	0	0.0	0.0	0.0
14030	HGSV_3334	67	0	0.0	0.0	0.0
14031	HGSV_3589	67	0	0.0	0.0	0.0
14032	HGSV_3624	67	11	0.005	0.005	0.0
14033	HGSV_379	67	12	0.0	0.0	0.0
14034	HGSV_3860	67	1	0.0	0.0	0.0
14035	HGSV_4097	67	0	0.0	0.0	0.0
14036	HGSV_4150	67	7	0.004	0.004	0.004
14037	HGSV_4635	67	0	0.0	0.0	0.0
14038	HGSV_4648	67	0	0.0	0.0	0.0
14039	HGSV_4763	67	8	0.0	0.0	0.0
14040	HGSV_4855	67	0	0.0	0.0	0.0
14041	HGSV_4870	67	1	0.0	0.0	0.0
14042	HGSV_5103	67	3	0.003	0.003	0.003
14043	HGSV_5246	67	1	0.0	0.0	0.0
14044	HGSV_53	67	50	0.0	0.0	0.0
14045	HGSV_544	67	0	0.001	0.001	0.001
14046	HGSV_570	67	8	0.007	0.007	0.0
14047	HGSV_5968	67	11	0.0	0.0	0.0
14048	HGSV_6253	67	0	0.0	0.0	0.0
14049	HGSV_6309	67	3	0.001	0.001	0.0
14050	HGSV_6503	67	1	0.0	0.0	0.0
14051	HGSV_6593	67	3	0.0	0.0	0.0
14052	HGSV_6657	67	2	0.0	0.0	0.0
14053	HGSV_6902	67	0	0.0	0.0	0.0
14054	HGSV_6938	67	1	0.001	0.001	0.001
14055	HGSV_7220	67	0	0.0	0.0	0.0
14056	HGSV_7324	67	5	0.001	0.001	0.001
14057	HGSV_7709	67	0	0.0	0.0	0.0
14058	HGSV_7947	67	1	0.0	0.0	0.0
14059	HGSV_8040	67	0	0.0	0.0	0.0
14060	HGSV_8184	67	0	0.0	0.0	0.0
14061	HGSV_8280	67	0	0.314	0.314	0.314
14062	HGSV_8386	67	4	0.001	0.001	0.001
14063	HGSV_8398	67	0	0.001	0.001	0.001
14064	HGSV_8563	67	1	0.436	0.436	0.436
14065	HGSV_8970	67	0	0.0	0.0	0.0
14066	HGSV_9011	67	1	0.0	0.0	0.0
14067	HGSV_9170	67	0	0.0	0.0	0.0
14068	HGSV_9171	67	7	0.007	0.007	0.007
14069	HGSV_9260	67	3	0.001	0.001	0.001
14070	HGSV_9283	67	48	0.0	0.0	0.0
14071	HGSV_9552	67	1	0.0	0.0	0.0
14072	HGSV_9644	67	47	0.022	0.022	0.022
14073	HGSV_10051	66	3	0.0	0.0	0.0
14074	HGSV_10171	66	2	0.0	0.0	0.0
14075	HGSV_10179	66	5	0.0	0.0	0.0
14076	HGSV_10240	66	0	0.0	0.0	0.0
14077	HGSV_10330	66	0	0.994	0.999	0.999
14078	HGSV_10458	66	1	0.0	0.0	0.0
14079	HGSV_10522	66	3	0.0	0.0	0.0
14080	HGSV_10537	66	0	0.0	0.0	0.0
14081	HGSV_10636	66	0	0.0	0.0	0.0
14082	HGSV_11077	66	2	0.0	0.0	0.0
14083	HGSV_11179	66	0	0.0	0.0	0.0
14084	HGSV_11292	66	0	0.0	0.0	0.0
14085	HGSV_1134	66	0	0.0	0.0	0.0
14086	HGSV_11587	66	1	0.0	0.0	0.0
14087	HGSV_12083	66	0	0.0	0.0	0.0
14088	HGSV_12519	66	1	0.0	0.0	0.0
14089	HGSV_12870	66	0	0.0	0.0	0.0
14090	HGSV_12957	66	12	0.064	0.064	0.0
14091	HGSV_12976	66	0	0.0	0.0	0.0
14092	HGSV_13052	66	0	0.0	0.0	0.0
14093	HGSV_13114	66	1	0.0	0.0	0.0
14094	HGSV_13367	66	1	0.002	0.002	0.002
14095	HGSV_13698	66	5	0.001	0.001	0.001
14096	HGSV_14308	66	6	0.0	0.0	0.0
14097	HGSV_143650	66	0	0.0	0.0	0.0
14098	HGSV_14378	66	10	0.0	0.0	0.0
14099	HGSV_143981	66	1	0.0	0.0	0.0
14100	HGSV_144101	66	0	0.0	0.0	0.0
14101	HGSV_14504	66	1	0.0	0.0	0.0
14102	HGSV_145113	66	1	0.0	0.0	0.0
14103	HGSV_14525	66	0	0.0	0.0	0.0
14104	HGSV_146416	66	0	0.0	0.0	0.0
14105	HGSV_146636	66	1	0.002	0.002	0.002
14106	HGSV_146773	66	7	0.003	0.003	0.0
14107	HGSV_147271	66	0	0.0	0.0	0.0
14108	HGSV_14804	66	14	0.0	0.0	0.0
14109	HGSV_14913	66	0	0.0	0.0	0.0
14110	HGSV_149264	66	1	0.0	0.0	0.0
14111	HGSV_149383	66	0	0.0	0.0	0.0
14112	HGSV_149464	66	8	0.001	0.0	0.0
14113	HGSV_149481	66	11	0.001	0.001	0.001
14114	HGSV_149548	66	2	0.0	0.0	0.0
14115	HGSV_149797	66	11	0.009	0.009	0.0
14116	HGSV_149933	66	1	0.0	0.0	0.0
14117	HGSV_150018	66	0	0.0	0.0	0.0
14118	HGSV_150337	66	0	0.0	0.0	0.0
14119	HGSV_151087	66	0	0.0	0.0	0.0
14120	HGSV_151140	66	0	0.0	0.0	0.0
14121	HGSV_151501	66	2	0.001	0.001	0.001
14122	HGSV_151715	66	1	0.002	0.002	0.002
14123	HGSV_151810	66	3	0.005	0.005	0.005
14124	HGSV_151920	66	0	0.0	0.0	0.0
14125	HGSV_152088	66	0	0.0	0.0	0.0
14126	HGSV_152270	66	14	0.0	0.0	0.0
14127	HGSV_152472	66	0	0.001	0.001	0.0
14128	HGSV_152778	66	0	0.0	0.0	0.0
14129	HGSV_152798	66	3	0.0	0.0	0.0
14130	HGSV_152802	66	7	0.007	0.007	0.007
14131	HGSV_152938	66	5	0.0	0.0	0.0
14132	HGSV_153196	66	2	0.0	0.0	0.0
14133	HGSV_153270	66	0	0.001	0.001	0.001
14134	HGSV_153616	66	3	0.0	0.0	0.0
14135	HGSV_153876	66	9	0.0	0.0	0.0
14136	HGSV_154062	66	0	0.0	0.0	0.0
14137	HGSV_154107	66	0	0.0	0.0	0.0
14138	HGSV_154160	66	1	0.0	0.0	0.0
14139	HGSV_154230	66	5	0.002	0.002	0.002
14140	HGSV_154591	66	0	0.0	0.0	0.0
14141	HGSV_154709	66	13	0.999	0.999	0.0
14142	HGSV_15490	66	2	0.0	0.0	0.0
14143	HGSV_155027	66	1	0.0	0.0	0.0
14144	HGSV_155375	66	8	0.0	0.0	0.0
14145	HGSV_15599	66	0	0.0	0.0	0.0
14146	HGSV_156497	66	2	0.0	0.0	0.0
14147	HGSV_156515	66	3	0.0	0.0	0.0
14148	HGSV_157236	66	2	0.001	0.001	0.001
14149	HGSV_157531	66	0	0.0	0.0	0.0
14150	HGSV_157540	66	0	0.0	0.0	0.0
14151	HGSV_157677	66	1	0.0	0.0	0.0
14152	HGSV_157721	66	3	0.002	0.002	0.002
14153	HGSV_157740	66	1	0.0	0.0	0.0
14154	HGSV_157993	66	0	0.0	0.0	0.0
14155	HGSV_158296	66	1	0.0	0.0	0.0
14156	HGSV_15873	66	1	0.0	0.0	0.0
14157	HGSV_158942	66	0	0.0	0.0	0.0
14158	HGSV_158997	66	0	0.0	0.0	0.0
14159	HGSV_159102	66	0	0.0	0.0	0.0
14160	HGSV_16011	66	1	0.0	0.0	0.0
14161	HGSV_16419	66	0	0.001	0.001	0.001
14162	HGSV_16814	66	0	0.0	0.0	0.0
14163	HGSV_17494	66	0	0.0	0.0	0.0
14164	HGSV_18238	66	0	0.0	0.0	0.0
14165	HGSV_1828	66	1	0.0	0.0	0.0
14166	HGSV_18358	66	2	0.001	0.001	0.001
14167	HGSV_18436	66	42	0.034	0.034	0.0
14168	HGSV_18469	66	0	0.0	0.0	0.0
14169	HGSV_18878	66	0	0.0	0.0	0.0
14170	HGSV_19008	66	1	0.002	0.002	0.002
14171	HGSV_1936	66	1	0.0	0.0	0.0
14172	HGSV_2023	66	0	0.0	0.0	0.0
14173	HGSV_2271	66	0	0.001	0.001	0.001
14174	HGSV_2353	66	8	0.007	0.007	0.007
14175	HGSV_273	66	0	0.0	0.0	0.0
14176	HGSV_2812	66	1	0.0	0.0	0.0
14177	HGSV_3605	66	0	0.676	0.676	0.676
14178	HGSV_364	66	1	0.0	0.0	0.0
14179	HGSV_3738	66	0	0.0	0.0	0.0
14180	HGSV_4018	66	0	0.788	0.788	0.0
14181	HGSV_4168	66	7	0.003	0.003	0.003
14182	HGSV_4497	66	1	0.979	0.979	0.979
14183	HGSV_4683	66	1	0.0	0.0	0.0
14184	HGSV_4820	66	1	0.003	0.003	0.003
14185	HGSV_4985	66	3	0.0	0.0	0.0
14186	HGSV_5660	66	50	0.029	0.029	0.029
14187	HGSV_5672	66	1	0.0	0.0	0.0
14188	HGSV_5704	66	0	0.0	0.0	0.0
14189	HGSV_5711	66	0	0.0	0.0	0.0
14190	HGSV_5757	66	1	0.001	0.001	0.001
14191	HGSV_5759	66	2	0.002	0.002	0.002
14192	HGSV_5798	66	1	0.0	0.0	0.0
14193	HGSV_5842	66	1	0.001	0.001	0.0
14194	HGSV_5993	66	0	0.0	0.0	0.0
14195	HGSV_6134	66	2	0.001	0.001	0.001
14196	HGSV_6321	66	0	0.001	0.001	0.001
14197	HGSV_6371	66	0	0.0	0.0	0.0
14198	HGSV_6725	66	48	0.038	0.038	0.038
14199	HGSV_6949	66	2	0.002	0.002	0.002
14200	HGSV_7147	66	0	0.706	0.706	0.706
14201	HGSV_7179	66	0	0.91	0.91	0.91
14202	HGSV_7555	66	1	0.0	0.0	0.0
14203	HGSV_7621	66	4	0.0	0.0	0.0
14204	HGSV_7665	66	2	0.004	0.004	0.004
14205	HGSV_7693	66	0	0.0	0.0	0.0
14206	HGSV_8233	66	1	0.0	0.0	0.0
14207	HGSV_8242	66	0	0.0	0.0	0.0
14208	HGSV_8302	66	0	0.0	0.0	0.0
14209	HGSV_8347	66	1	0.0	0.0	0.0
14210	HGSV_8514	66	7	0.0	0.0	0.0
14211	HGSV_9307	66	39	0.067	0.067	0.067
14212	HGSV_9369	66	1	0.0	0.0	0.0
14213	HGSV_9405	66	4	0.008	0.008	0.008
14214	HGSV_9443	66	3	0.003	0.003	0.003
14215	HGSV_9567	66	31	0.028	0.028	0.0
14216	HGSV_9699	66	0	0.001	0.001	0.001
14217	HGSV_9726	66	0	1.0	1.0	1.0
14218	HGSV_9928	66	0	0.979	0.979	0.979
14219	HGSV_10242	65	0	0.0	0.0	0.0
14220	HGSV_10339	65	0	0.0	0.0	0.0
14221	HGSV_10368	65	0	0.0	0.0	0.0
14222	HGSV_1050	65	44	0.031	0.031	0.031
14223	HGSV_10540	65	0	0.435	0.435	0.435
14224	HGSV_11287	65	30	0.0	0.0	0.0
14225	HGSV_11454	65	1	0.001	0.001	0.001
14226	HGSV_11480	65	0	0.0	0.0	0.0
14227	HGSV_12002	65	1	0.0	0.0	0.0
14228	HGSV_12118	65	0	0.0	0.0	0.0
14229	HGSV_12573	65	0	0.001	0.001	0.001
14230	HGSV_1296	65	1	0.0	0.0	0.0
14231	HGSV_13089	65	0	0.001	0.001	0.001
14232	HGSV_13092	65	0	0.001	0.001	0.001
14233	HGSV_1363	65	3	0.001	0.001	0.001
14234	HGSV_13863	65	25	0.012	0.012	0.0
14235	HGSV_13869	65	0	0.0	0.0	0.0
14236	HGSV_143570	65	2	0.003	0.003	0.003
14237	HGSV_143680	65	0	0.001	0.001	0.001
14238	HGSV_143898	65	0	0.0	0.0	0.0
14239	HGSV_144150	65	5	0.895	0.895	0.895
14240	HGSV_144359	65	17	0.013	0.013	0.013
14241	HGSV_145219	65	0	0.0	0.0	0.0
14242	HGSV_145705	65	1	0.001	0.001	0.001
14243	HGSV_146018	65	47	0.03	0.03	0.0
14244	HGSV_146836	65	1	0.002	0.002	0.002
14245	HGSV_147655	65	14	0.0	0.0	0.0
14246	HGSV_147776	65	6	0.003	0.003	0.003
14247	HGSV_148454	65	0	0.0	0.0	0.0
14248	HGSV_148494	65	12	0.003	0.003	0.003
14249	HGSV_148531	65	0	0.0	0.0	0.0
14250	HGSV_148641	65	3	0.0	0.0	0.0
14251	HGSV_148716	65	0	0.001	0.001	0.001
14252	HGSV_148733	65	0	0.001	0.001	0.993
14253	HGSV_148740	65	13	0.011	0.011	0.011
14254	HGSV_148810	65	1	0.0	0.0	0.0
14255	HGSV_148870	65	2	0.0	0.0	0.0
14256	HGSV_149207	65	0	0.96	0.96	0.96
14257	HGSV_149419	65	1	0.0	0.0	0.0
14258	HGSV_149478	65	5	0.019	0.0	0.0
14259	HGSV_149582	65	6	0.007	0.007	0.007
14260	HGSV_149999	65	1	0.0	0.0	0.0
14261	HGSV_150212	65	1	0.0	0.0	0.0
14262	HGSV_151144	65	1	0.0	0.0	0.0
14263	HGSV_1516	65	2	0.0	0.0	0.0
14264	HGSV_152381	65	1	0.0	0.0	0.0
14265	HGSV_152664	65	1	0.03	0.03	0.0
14266	HGSV_152757	65	1	0.0	0.0	0.0
14267	HGSV_152777	65	4	0.006	0.006	0.006
14268	HGSV_152932	65	3	0.0	0.0	0.0
14269	HGSV_153016	65	1	0.0	0.0	0.0
14270	HGSV_153305	65	2	0.0	0.0	0.0
14271	HGSV_153324	65	0	0.0	0.0	0.0
14272	HGSV_153547	65	6	0.001	0.001	0.001
14273	HGSV_154283	65	0	0.0	0.0	0.0
14274	HGSV_155041	65	0	0.0	0.0	0.0
14275	HGSV_155403	65	1	0.001	0.001	0.001
14276	HGSV_156123	65	0	0.0	0.0	0.0
14277	HGSV_156244	65	0	0.0	0.0	0.0
14278	HGSV_156558	65	1	0.001	0.001	0.001
14279	HGSV_157604	65	3	0.003	0.003	0.003
14280	HGSV_157737	65	1	0.001	0.001	0.001
14281	HGSV_157887	65	1	0.0	0.0	0.0
14282	HGSV_157934	65	1	0.0	0.0	0.0
14283	HGSV_158371	65	1	0.003	0.003	0.003
14284	HGSV_158671	65	1	0.001	0.001	0.001
14285	HGSV_158708	65	1	0.0	0.0	0.0
14286	HGSV_158991	65	1	0.0	0.0	0.0
14287	HGSV_15922	65	7	1.0	1.0	0.0
14288	HGSV_16028	65	0	0.001	0.001	0.0
14289	HGSV_16046	65	0	0.0	0.0	0.0
14290	HGSV_16087	65	31	0.018	0.018	0.018
14291	HGSV_16286	65	0	0.001	0.001	0.001
14292	HGSV_16428	65	1	0.001	0.001	0.001
14293	HGSV_1690	65	2	0.001	0.001	0.001
14294	HGSV_17149	65	1	0.0	0.0	0.0
14295	HGSV_17665	65	0	0.0	0.0	0.0
14296	HGSV_18053	65	1	0.0	0.0	0.0
14297	HGSV_18706	65	0	0.0	0.0	0.0
14298	HGSV_18899	65	1	0.52	0.52	0.52
14299	HGSV_2384	65	3	0.001	0.001	0.001
14300	HGSV_2728	65	3	0.0	0.0	0.0
14301	HGSV_3592	65	4	0.003	0.003	0.003
14302	HGSV_360	65	0	0.0	0.0	0.0
14303	HGSV_3650	65	0	0.001	0.001	0.001
14304	HGSV_4253	65	36	0.02	0.02	0.02
14305	HGSV_4613	65	1	0.0	0.0	0.0
14306	HGSV_5212	65	0	0.537	0.537	0.943
14307	HGSV_5807	65	1	0.0	0.0	0.0
14308	HGSV_5921	65	1	0.0	0.0	0.0
14309	HGSV_6083	65	1	0.0	0.0	0.0
14310	HGSV_638	65	0	0.673	0.825	0.825
14311	HGSV_6410	65	1	0.0	0.0	0.0
14312	HGSV_6685	65	0	0.0	0.0	0.0
14313	HGSV_7385	65	0	0.0	0.0	0.0
14314	HGSV_7517	65	0	0.0	0.0	0.0
14315	HGSV_7544	65	6	0.001	0.001	0.001
14316	HGSV_7575	65	1	0.0	0.0	0.0
14317	HGSV_793	65	1	0.0	0.0	0.0
14318	HGSV_8132	65	0	0.0	0.0	0.0
14319	HGSV_8426	65	44	0.022	0.022	0.022
14320	HGSV_8733	65	2	0.0	0.0	0.0
14321	HGSV_895	65	5	0.001	0.001	0.001
14322	HGSV_9012	65	3	0.002	0.002	0.0
14323	HGSV_9782	65	1	0.0	0.0	0.0
14324	HGSV_9892	65	0	0.001	0.001	0.001
14325	HGSV_10159	64	1	0.0	0.0	0.0
14326	HGSV_10642	64	4	0.0	0.0	0.0
14327	HGSV_1070	64	2	0.0	0.0	0.0
14328	HGSV_10835	64	4	0.0	0.0	0.0
14329	HGSV_10876	64	5	0.005	0.005	0.005
14330	HGSV_109	64	1	0.0	0.0	0.0
14331	HGSV_12017	64	1	0.002	0.002	0.002
14332	HGSV_12137	64	2	0.001	0.001	0.001
14333	HGSV_12207	64	45	0.0	0.0	0.0
14334	HGSV_12235	64	13	0.0	0.0	0.0
14335	HGSV_12691	64	1	0.0	0.0	0.0
14336	HGSV_12784	64	0	0.001	0.001	0.001
14337	HGSV_1329	64	9	0.999	0.0	0.0
14338	HGSV_13362	64	0	0.0	0.0	0.0
14339	HGSV_13398	64	1	0.0	0.0	0.0
14340	HGSV_14006	64	1	0.0	0.0	0.0
14341	HGSV_14104	64	1	0.002	0.002	0.002
14342	HGSV_14168	64	0	0.0	0.0	0.0
14343	HGSV_14210	64	1	0.004	0.004	0.004
14344	HGSV_14234	64	0	0.0	0.0	0.0
14345	HGSV_14298	64	0	0.0	0.0	0.0
14346	HGSV_144059	64	5	0.0	0.0	0.0
14347	HGSV_144370	64	1	0.0	0.0	0.0
14348	HGSV_144469	64	14	0.028	0.028	0.0
14349	HGSV_144718	64	3	0.0	0.0	0.0
14350	HGSV_144850	64	0	0.0	0.0	0.0
14351	HGSV_144996	64	0	0.001	0.001	0.001
14352	HGSV_145263	64	1	0.0	0.0	0.0
14353	HGSV_145358	64	47	0.035	0.035	0.0
14354	HGSV_145400	64	1	0.81	0.0	0.0
14355	HGSV_145464	64	1	0.0	0.0	0.0
14356	HGSV_145638	64	0	0.0	0.0	0.0
14357	HGSV_1456	64	0	0.0	0.0	0.0
14358	HGSV_146073	64	5	0.007	0.007	0.007
14359	HGSV_146667	64	1	0.001	0.001	0.001
14360	HGSV_146692	64	0	0.0	0.0	0.0
14361	HGSV_146740	64	0	0.0	0.0	0.0
14362	HGSV_147287	64	0	0.001	0.0	0.0
14363	HGSV_147344	64	0	0.0	0.0	0.0
14364	HGSV_147679	64	2	0.0	0.0	0.0
14365	HGSV_147811	64	5	0.0	0.0	0.0
14366	HGSV_147838	64	0	0.0	0.0	0.0
14367	HGSV_148225	64	2	0.003	0.003	0.003
14368	HGSV_148591	64	0	0.0	0.0	0.0
14369	HGSV_148635	64	8	0.005	0.005	0.005
14370	HGSV_148889	64	1	0.0	0.0	0.0
14371	HGSV_148929	64	0	0.001	0.001	0.001
14372	HGSV_14950	64	1	0.0	0.0	0.0
14373	HGSV_149533	64	0	0.001	0.001	0.001
14374	HGSV_150600	64	0	0.0	0.0	0.0
14375	HGSV_15061	64	2	0.0	0.0	0.0
14376	HGSV_150779	64	41	0.018	0.018	0.018
14377	HGSV_150964	64	0	0.0	0.0	0.0
14378	HGSV_15136	64	1	0.0	0.0	0.0
14379	HGSV_151724	64	0	0.0	0.0	0.0
14380	HGSV_152025	64	3	0.003	0.003	0.003
14381	HGSV_152735	64	0	0.0	0.0	0.0
14382	HGSV_152758	64	1	0.0	0.0	0.0
14383	HGSV_152821	64	0	0.0	0.0	0.0
14384	HGSV_15295	64	0	0.0	0.0	0.0
14385	HGSV_153087	64	1	0.0	0.0	0.0
14386	HGSV_153273	64	2	0.002	0.002	0.002
14387	HGSV_153408	64	0	0.001	0.001	0.0
14388	HGSV_153599	64	4	0.003	0.003	0.003
14389	HGSV_153675	64	3	0.002	0.002	0.002
14390	HGSV_154824	64	1	0.0	0.0	0.0
14391	HGSV_15484	64	1	0.001	0.001	0.001
14392	HGSV_155253	64	24	0.0	0.0	0.0
14393	HGSV_156927	64	1	0.0	0.0	0.0
14394	HGSV_156987	64	22	0.0	0.0	0.0
14395	HGSV_157680	64	1	0.0	0.0	0.0
14396	HGSV_157890	64	0	0.356	0.356	0.825
14397	HGSV_157997	64	0	0.0	0.0	0.0
14398	HGSV_158019	64	2	0.572	0.572	0.0
14399	HGSV_158027	64	0	0.0	0.0	0.0
14400	HGSV_158283	64	1	0.0	0.0	0.0
14401	HGSV_158324	64	1	0.0	0.0	0.0
14402	HGSV_158484	64	0	0.0	0.0	0.0
14403	HGSV_159019	64	0	0.0	0.0	0.0
14404	HGSV_159140	64	1	0.001	0.001	0.001
14405	HGSV_15989	64	51	0.029	0.029	0.029
14406	HGSV_16749	64	1	0.001	0.001	0.001
14407	HGSV_16874	64	1	0.0	0.0	0.0
14408	HGSV_17250	64	1	0.0	0.0	0.0
14409	HGSV_17487	64	1	0.0	0.0	0.0
14410	HGSV_18045	64	1	0.0	0.0	0.0
14411	HGSV_18152	64	1	0.0	0.0	0.0
14412	HGSV_1829	64	3	0.005	0.005	0.0
14413	HGSV_18530	64	2	0.002	0.002	0.0
14414	HGSV_18689	64	0	0.0	0.0	0.0
14415	HGSV_18749	64	2	0.0	0.0	0.0
14416	HGSV_18879	64	1	0.0	0.0	0.0
14417	HGSV_19635	64	20	0.027	0.027	0.0
14418	HGSV_19709	64	2	0.0	0.0	0.0
14419	HGSV_2161	64	1	0.0	0.0	0.0
14420	HGSV_3705	64	4	0.002	0.002	0.002
14421	HGSV_3751	64	1	0.0	0.0	0.0
14422	HGSV_3804	64	3	0.003	0.003	0.003
14423	HGSV_4433	64	1	0.0	0.0	0.0
14424	HGSV_4714	64	0	0.0	0.0	0.0
14425	HGSV_5086	64	0	0.001	0.001	0.001
14426	HGSV_5221	64	3	0.002	0.002	0.0
14427	HGSV_5570	64	0	0.0	0.0	0.0
14428	HGSV_6005	64	0	0.001	0.001	0.001
14429	HGSV_6297	64	4	0.005	0.005	0.0
14430	HGSV_647	64	1	0.0	0.0	0.0
14431	HGSV_6776	64	0	0.0	0.0	0.0
14432	HGSV_6922	64	0	0.0	0.0	0.0
14433	HGSV_7546	64	1	0.0	0.0	0.0
14434	HGSV_783	64	0	0.0	0.0	0.0
14435	HGSV_7840	64	0	0.0	0.0	0.0
14436	HGSV_7920	64	0	0.0	0.0	0.0
14437	HGSV_8231	64	2	0.0	0.0	0.0
14438	HGSV_8603	64	0	0.0	0.0	0.0
14439	HGSV_880	64	0	0.0	0.0	0.0
14440	HGSV_8817	64	0	0.0	0.0	0.0
14441	HGSV_9135	64	1	0.001	0.001	0.001
14442	HGSV_9450	64	0	0.0	0.0	0.0
14443	HGSV_9721	64	0	0.0	0.0	0.0
14444	HGSV_9883	64	0	0.0	0.0	0.0
14445	HGSV_10085	63	0	0.0	0.0	0.0
14446	HGSV_10470	63	5	0.0	0.0	0.0
14447	HGSV_10509	63	0	0.001	0.001	0.001
14448	HGSV_11765	63	1	0.0	0.0	0.0
14449	HGSV_11798	63	5	0.0	0.0	0.0
14450	HGSV_11829	63	1	0.0	0.0	0.0
14451	HGSV_12028	63	0	0.0	0.0	0.0
14452	HGSV_12071	63	0	0.773	0.773	0.773
14453	HGSV_1212	63	3	0.006	0.006	0.006
14454	HGSV_12489	63	0	0.0	0.0	0.0
14455	HGSV_12967	63	0	0.0	0.0	0.0
14456	HGSV_13096	63	0	0.0	0.0	0.0
14457	HGSV_13366	63	0	0.641	0.641	0.641
14458	HGSV_13547	63	0	0.0	0.0	0.0
14459	HGSV_13586	63	1	0.0	0.0	0.0
14460	HGSV_144043	63	1	0.0	0.0	0.0
14461	HGSV_144273	63	1	0.0	0.0	0.0
14462	HGSV_144555	63	0	0.0	0.0	0.0
14463	HGSV_144711	63	0	0.0	0.0	0.0
14464	HGSV_145073	63	4	0.0	0.0	0.0
14465	HGSV_145457	63	33	0.05	0.0	0.0
14466	HGSV_145567	63	2	0.002	0.002	0.002
14467	HGSV_145700	63	4	0.001	0.001	0.001
14468	HGSV_145816	63	0	0.001	0.001	0.001
14469	HGSV_146089	63	0	0.0	0.0	0.0
14470	HGSV_146340	63	0	0.0	0.0	0.0
14471	HGSV_146552	63	4	0.0	0.0	0.0
14472	HGSV_146573	63	1	0.0	0.0	0.0
14473	HGSV_146644	63	0	0.0	0.0	0.0
14474	HGSV_146702	63	2	0.0	0.0	0.0
14475	HGSV_147039	63	0	0.0	0.0	0.0
14476	HGSV_147081	63	36	0.018	0.018	0.018
14477	HGSV_14740	63	4	0.0	0.0	0.0
14478	HGSV_147799	63	4	0.0	0.0	0.0
14479	HGSV_147868	63	0	0.0	0.0	0.0
14480	HGSV_147874	63	0	0.394	0.394	0.394
14481	HGSV_147956	63	1	0.0	0.0	0.0
14482	HGSV_148129	63	0	0.0	0.0	0.0
14483	HGSV_148139	63	4	0.0	0.0	0.0
14484	HGSV_148355	63	2	0.0	0.0	0.0
14485	HGSV_148425	63	24	0.0	0.0	0.0
14486	HGSV_148511	63	0	0.0	0.0	0.0
14487	HGSV_148657	63	0	0.0	0.0	0.0
14488	HGSV_148777	63	0	0.001	0.001	0.0
14489	HGSV_148783	63	0	0.0	0.0	0.0
14490	HGSV_148802	63	0	0.0	0.0	0.0
14491	HGSV_148825	63	0	0.0	0.0	0.0
14492	HGSV_148905	63	0	0.0	0.0	0.0
14493	HGSV_148937	63	1	0.0	0.0	0.0
14494	HGSV_149346	63	0	0.0	0.0	0.0
14495	HGSV_150064	63	1	0.001	0.001	0.001
14496	HGSV_150216	63	2	0.0	0.0	0.0
14497	HGSV_150459	63	6	0.0	0.0	0.0
14498	HGSV_151321	63	2	0.0	0.0	0.0
14499	HGSV_151379	63	1	0.0	0.0	0.0
14500	HGSV_151471	63	0	0.0	0.0	0.0
14501	HGSV_152793	63	0	0.0	0.0	0.0
14502	HGSV_152820	63	1	0.0	0.0	0.0
14503	HGSV_153239	63	2	0.0	0.0	0.0
14504	HGSV_153276	63	1	0.0	0.0	0.0
14505	HGSV_153300	63	0	0.001	0.001	0.001
14506	HGSV_153778	63	0	0.0	0.0	0.0
14507	HGSV_154465	63	0	0.0	0.0	0.0
14508	HGSV_154666	63	0	0.0	0.0	0.0
14509	HGSV_155220	63	0	0.001	0.001	0.001
14510	HGSV_155441	63	13	0.011	0.011	0.0
14511	HGSV_156051	63	1	0.0	0.0	0.0
14512	HGSV_156647	63	0	0.0	0.0	0.0
14513	HGSV_156874	63	0	0.0	0.0	0.0
14514	HGSV_157085	63	13	0.009	0.009	0.009
14515	HGSV_157181	63	0	0.0	0.0	0.0
14516	HGSV_157339	63	1	0.0	0.0	0.0
14517	HGSV_15741	63	1	0.0	0.0	0.0
14518	HGSV_157503	63	0	0.0	0.0	0.0
14519	HGSV_157589	63	0	0.0	0.0	0.0
14520	HGSV_157889	63	1	0.0	0.0	0.0
14521	HGSV_158026	63	2	0.001	0.001	0.001
14522	HGSV_158368	63	1	0.0	0.0	0.0
14523	HGSV_158577	63	0	0.0	0.0	0.0
14524	HGSV_158635	63	1	0.0	0.0	0.0
14525	HGSV_158810	63	0	0.0	0.0	0.0
14526	HGSV_158992	63	1	0.0	0.0	0.0
14527	HGSV_159004	63	1	0.0	0.0	0.0
14528	HGSV_16399	63	0	0.0	0.0	0.0
14529	HGSV_16498	63	4	0.003	0.003	0.003
14530	HGSV_16624	63	1	0.0	0.0	0.0
14531	HGSV_16832	63	1	0.0	0.0	0.0
14532	HGSV_17208	63	2	0.001	0.001	0.001
14533	HGSV_17567	63	0	0.001	0.001	0.001
14534	HGSV_18098	63	0	0.0	0.0	0.0
14535	HGSV_18536	63	0	0.0	0.0	0.0
14536	HGSV_19042	63	0	0.0	0.0	0.0
14537	HGSV_19409	63	0	0.0	0.0	0.0
14538	HGSV_19482	63	12	0.002	0.002	0.002
14539	HGSV_19610	63	0	0.001	0.001	0.001
14540	HGSV_2168	63	0	0.0	0.0	0.0
14541	HGSV_2329	63	2	0.0	0.0	0.0
14542	HGSV_3153	63	0	0.001	0.001	0.001
14543	HGSV_3602	63	0	0.285	0.285	0.285
14544	HGSV_3756	63	1	0.0	0.0	0.0
14545	HGSV_4506	63	0	0.0	0.0	0.0
14546	HGSV_4609	63	3	0.0	0.0	0.0
14547	HGSV_4828	63	1	0.001	0.001	0.001
14548	HGSV_6064	63	0	0.0	0.0	0.0
14549	HGSV_6121	63	0	0.999	0.999	0.999
14550	HGSV_6296	63	1	0.001	0.001	0.001
14551	HGSV_6449	63	40	0.025	0.025	0.0
14552	HGSV_6900	63	5	0.0	0.0	0.0
14553	HGSV_7284	63	0	0.0	0.0	0.0
14554	HGSV_7285	63	0	0.0	0.0	0.0
14555	HGSV_7518	63	0	0.417	0.0	0.0
14556	HGSV_7602	63	7	0.0	0.0	0.0
14557	HGSV_7973	63	1	0.0	0.0	0.0
14558	HGSV_8110	63	0	0.0	0.0	0.0
14559	HGSV_8134	63	0	0.001	0.001	0.001
14560	HGSV_9623	63	1	0.999	0.999	0.999
14561	HGSV_10097	62	0	0.0	0.0	0.0
14562	HGSV_11412	62	1	0.0	0.0	0.0
14563	HGSV_11522	62	0	0.0	0.0	0.0
14564	HGSV_11865	62	1	0.0	0.0	0.0
14565	HGSV_1207	62	1	0.0	0.0	0.0
14566	HGSV_12890	62	0	0.0	0.0	0.0
14567	HGSV_13175	62	2	0.001	0.001	0.0
14568	HGSV_13926	62	1	0.0	0.0	0.0
14569	HGSV_14251	62	0	0.0	0.0	0.0
14570	HGSV_14321	62	2	0.0	0.0	0.0
14571	HGSV_14393	62	3	0.001	0.001	0.0
14572	HGSV_144082	62	2	0.002	0.002	0.002
14573	HGSV_144567	62	2	0.001	0.001	0.001
14574	HGSV_14461	62	1	0.0	0.0	0.0
14575	HGSV_14696	62	0	0.0	0.0	0.0
14576	HGSV_147780	62	2	0.0	0.0	0.0
14577	HGSV_148174	62	0	0.0	0.0	0.0
14578	HGSV_14828	62	0	0.0	0.0	0.0
14579	HGSV_148360	62	0	0.0	0.0	0.0
14580	HGSV_148980	62	0	0.0	0.0	0.0
14581	HGSV_149357	62	0	0.0	0.0	0.0
14582	HGSV_149368	62	0	0.0	0.0	0.0
14583	HGSV_150078	62	0	0.001	0.001	0.001
14584	HGSV_150701	62	1	0.0	0.0	0.0
14585	HGSV_150827	62	0	0.565	0.565	0.565
14586	HGSV_151332	62	0	0.001	0.001	0.001
14587	HGSV_15222	62	46	0.028	0.028	0.028
14588	HGSV_152417	62	0	0.108	0.108	0.108
14589	HGSV_152890	62	2	0.001	0.001	0.001
14590	HGSV_152931	62	1	0.0	0.0	0.0
14591	HGSV_153407	62	0	0.468	0.468	0.892
14592	HGSV_153545	62	3	0.0	0.0	0.0
14593	HGSV_153671	62	0	0.001	0.001	0.001
14594	HGSV_154040	62	1	0.0	0.0	0.0
14595	HGSV_154344	62	1	0.0	0.0	0.0
14596	HGSV_154448	62	0	0.0	0.0	0.0
14597	HGSV_154702	62	1	0.001	0.001	0.001
14598	HGSV_155905	62	0	0.0	0.0	0.0
14599	HGSV_156128	62	10	0.0	0.0	0.0
14600	HGSV_156248	62	1	0.0	0.0	0.0
14601	HGSV_156565	62	2	0.0	0.0	0.0
14602	HGSV_156673	62	0	0.0	0.0	0.0
14603	HGSV_156791	62	0	0.0	0.0	0.0
14604	HGSV_156901	62	5	0.001	0.001	0.001
14605	HGSV_157678	62	2	0.003	0.003	0.003
14606	HGSV_157983	62	1	0.0	0.0	0.0
14607	HGSV_158056	62	1	0.0	0.0	0.0
14608	HGSV_158107	62	0	0.0	0.0	0.0
14609	HGSV_158249	62	1	0.0	0.0	0.0
14610	HGSV_158510	62	0	0.0	0.0	0.0
14611	HGSV_158566	62	0	0.927	0.927	0.927
14612	HGSV_158576	62	0	0.0	0.0	0.0
14613	HGSV_158701	62	9	0.043	0.0	0.0
14614	HGSV_159046	62	1	0.0	0.0	0.0
14615	HGSV_16204	62	0	0.001	0.001	0.001
14616	HGSV_1649	62	1	0.0	0.0	0.0
14617	HGSV_16561	62	1	0.0	0.0	0.0
14618	HGSV_16592	62	1	0.0	0.0	0.0
14619	HGSV_1672	62	1	0.396	0.396	0.875
14620	HGSV_16973	62	2	0.0	0.0	0.0
14621	HGSV_17139	62	1	0.0	0.0	0.0
14622	HGSV_17192	62	0	0.0	0.0	0.0
14623	HGSV_17381	62	0	0.0	0.0	0.0
14624	HGSV_17455	62	1	0.0	0.0	0.0
14625	HGSV_175	62	1	0.0	0.0	0.0
14626	HGSV_17989	62	0	0.0	0.0	0.0
14627	HGSV_1808	62	0	0.0	0.0	0.0
14628	HGSV_18126	62	31	0.0	0.0	0.0
14629	HGSV_18595	62	2	0.001	0.001	0.001
14630	HGSV_19049	62	1	0.0	0.0	0.0
14631	HGSV_19710	62	2	0.0	0.0	0.0
14632	HGSV_2092	62	2	0.001	0.001	0.001
14633	HGSV_231	62	0	0.0	0.0	0.0
14634	HGSV_2927	62	1	0.0	0.0	0.0
14635	HGSV_3552	62	0	0.001	0.001	0.001
14636	HGSV_35	62	3	0.0	0.0	0.0
14637	HGSV_4090	62	1	0.0	0.0	0.0
14638	HGSV_4424	62	2	0.002	0.002	0.0
14639	HGSV_4496	62	0	0.0	0.0	0.0
14640	HGSV_4587	62	0	0.001	0.001	0.001
14641	HGSV_4800	62	0	0.395	0.395	0.395
14642	HGSV_4892	62	40	0.041	0.041	0.041
14643	HGSV_4994	62	3	0.001	0.001	0.001
14644	HGSV_5493	62	0	0.0	0.0	0.0
14645	HGSV_6607	62	0	0.0	0.0	0.0
14646	HGSV_6674	62	35	0.032	0.032	0.0
14647	HGSV_6881	62	0	0.001	0.001	0.001
14648	HGSV_6954	62	42	0.022	0.022	0.0
14649	HGSV_7172	62	1	0.0	0.0	0.0
14650	HGSV_7331	62	0	0.0	0.0	0.0
14651	HGSV_7481	62	1	0.0	0.0	0.0
14652	HGSV_7495	62	8	0.005	0.0	0.0
14653	HGSV_7578	62	1	0.198	0.198	0.198
14654	HGSV_7710	62	2	0.0	0.0	0.0
14655	HGSV_8032	62	0	0.001	0.001	0.001
14656	HGSV_8338	62	2	0.001	0.001	0.001
14657	HGSV_8354	62	1	0.002	0.002	0.002
14658	HGSV_8810	62	1	0.001	0.001	0.001
14659	HGSV_9057	62	2	0.002	0.002	0.002
14660	HGSV_9228	62	0	0.0	0.0	0.0
14661	HGSV_9492	62	1	0.0	0.0	0.0
14662	HGSV_9820	62	0	0.0	0.0	0.0
14663	HGSV_9981	62	1	0.0	0.0	0.0
14664	HGSV_1022	61	0	0.0	0.0	0.0
14665	HGSV_10419	61	2	0.0	0.0	0.0
14666	HGSV_10441	61	0	0.0	0.0	0.0
14667	HGSV_10591	61	0	0.0	0.0	0.0
14668	HGSV_10923	61	27	0.014	0.0	0.0
14669	HGSV_11332	61	37	0.0	0.0	0.0
14670	HGSV_11448	61	1	0.0	0.0	0.0
14671	HGSV_11875	61	1	0.001	0.001	0.001
14672	HGSV_11964	61	8	0.004	0.004	0.004
14673	HGSV_11977	61	7	0.002	0.002	0.0
14674	HGSV_12389	61	1	0.0	0.0	0.0
14675	HGSV_12427	61	1	0.0	0.0	0.0
14676	HGSV_12570	61	38	0.0	0.0	0.0
14677	HGSV_12605	61	0	0.0	0.0	0.0
14678	HGSV_12984	61	2	0.115	0.115	0.0
14679	HGSV_13101	61	0	0.0	0.0	0.0
14680	HGSV_13162	61	3	0.002	0.002	0.002
14681	HGSV_13420	61	0	0.0	0.0	0.0
14682	HGSV_13653	61	0	1.0	1.0	1.0
14683	HGSV_13777	61	38	0.03	0.03	0.03
14684	HGSV_144401	61	1	0.0	0.0	0.0
14685	HGSV_144461	61	1	0.0	0.0	0.0
14686	HGSV_145322	61	1	0.995	0.995	0.995
14687	HGSV_145521	61	13	0.032	0.032	0.0
14688	HGSV_145678	61	0	0.0	0.0	0.0
14689	HGSV_145779	61	0	0.0	0.0	0.0
14690	HGSV_146722	61	34	0.036	0.036	0.0
14691	HGSV_146771	61	0	0.0	0.0	0.0
14692	HGSV_147522	61	2	0.002	0.002	0.002
14693	HGSV_147925	61	1	0.0	0.0	0.0
14694	HGSV_148161	61	0	0.0	0.0	0.0
14695	HGSV_148418	61	10	0.005	0.005	0.005
14696	HGSV_148451	61	4	0.001	0.001	0.001
14697	HGSV_14912	61	0	0.0	0.0	0.0
14698	HGSV_149302	61	1	0.0	0.0	0.0
14699	HGSV_14957	61	5	0.0	0.0	0.0
14700	HGSV_149653	61	3	0.004	0.004	0.004
14701	HGSV_150179	61	0	0.0	0.0	0.0
14702	HGSV_15048	61	3	0.001	0.001	0.001
14703	HGSV_150528	61	0	0.0	0.0	0.0
14704	HGSV_151066	61	2	0.001	0.001	0.001
14705	HGSV_151101	61	5	0.0	0.0	0.0
14706	HGSV_151949	61	1	0.0	0.0	0.0
14707	HGSV_152133	61	32	0.037	0.037	0.0
14708	HGSV_152616	61	1	0.001	0.001	0.001
14709	HGSV_152707	61	0	0.001	0.001	0.001
14710	HGSV_152945	61	0	0.0	0.0	0.0
14711	HGSV_153088	61	0	0.0	0.0	0.0
14712	HGSV_153310	61	0	0.0	0.0	0.0
14713	HGSV_153792	61	1	0.0	0.0	0.0
14714	HGSV_153948	61	1	0.966	0.966	0.966
14715	HGSV_154272	61	0	0.0	0.0	0.0
14716	HGSV_154839	61	1	0.002	0.002	0.002
14717	HGSV_154937	61	0	0.0	0.0	0.0
14718	HGSV_155231	61	1	0.0	0.0	0.0
14719	HGSV_15564	61	0	0.0	0.0	0.0
14720	HGSV_155663	61	0	0.0	0.0	0.0
14721	HGSV_155978	61	0	0.0	0.0	0.0
14722	HGSV_157061	61	0	0.0	0.0	0.0
14723	HGSV_157409	61	0	0.0	0.0	0.0
14724	HGSV_158023	61	10	0.012	0.012	0.012
14725	HGSV_158490	61	0	0.0	0.0	0.0
14726	HGSV_159011	61	0	0.0	0.0	0.0
14727	HGSV_15902	61	1	0.979	0.979	0.979
14728	HGSV_15920	61	7	0.001	0.0	0.0
14729	HGSV_15921	61	7	0.001	0.0	0.0
14730	HGSV_16175	61	1	0.0	0.0	0.0
14731	HGSV_16635	61	0	0.0	0.0	0.0
14732	HGSV_16995	61	0	0.001	0.001	0.001
14733	HGSV_17234	61	0	0.0	0.0	0.0
14734	HGSV_17340	61	24	0.045	0.045	0.0
14735	HGSV_17878	61	1	0.0	0.0	0.0
14736	HGSV_17941	61	0	0.002	0.002	0.002
14737	HGSV_17976	61	0	0.0	0.0	0.0
14738	HGSV_18380	61	1	0.0	0.0	0.0
14739	HGSV_18641	61	1	0.0	0.0	0.0
14740	HGSV_18832	61	40	0.021	0.021	0.0
14741	HGSV_1889	61	1	0.0	0.0	0.0
14742	HGSV_19288	61	0	0.0	0.0	0.0
14743	HGSV_1956	61	4	0.0	0.0	0.0
14744	HGSV_2052	61	2	0.0	0.0	0.0
14745	HGSV_2478	61	1	0.0	0.0	0.0
14746	HGSV_3657	61	8	0.01	0.01	0.0
14747	HGSV_3741	61	1	0.0	0.0	0.0
14748	HGSV_3982	61	5	0.004	0.004	0.004
14749	HGSV_4057	61	34	0.0	0.0	0.0
14750	HGSV_4140	61	0	0.0	0.0	0.0
14751	HGSV_4307	61	0	0.0	0.0	0.0
14752	HGSV_4760	61	4	0.002	0.002	0.002
14753	HGSV_5045	61	2	0.001	0.001	0.001
14754	HGSV_505	61	1	0.0	0.0	0.0
14755	HGSV_5275	61	0	0.0	0.0	0.0
14756	HGSV_5587	61	5	0.0	0.0	0.0
14757	HGSV_563	61	0	0.0	0.0	0.0
14758	HGSV_6130	61	0	0.0	0.0	0.0
14759	HGSV_6347	61	37	0.028	0.028	0.0
14760	HGSV_6544	61	9	0.0	0.0	0.0
14761	HGSV_6598	61	42	0.035	0.035	0.035
14762	HGSV_6747	61	0	0.001	0.001	0.001
14763	HGSV_6863	61	1	0.0	0.0	0.0
14764	HGSV_6992	61	45	0.0	0.0	0.0
14765	HGSV_6993	61	45	0.0	0.0	0.0
14766	HGSV_7119	61	0	0.0	0.0	0.0
14767	HGSV_7206	61	0	0.0	0.0	0.0
14768	HGSV_7472	61	0	0.0	0.0	0.0
14769	HGSV_7513	61	1	0.0	0.0	0.0
14770	HGSV_817	61	44	0.019	0.019	0.019
14771	HGSV_8300	61	1	0.0	0.0	0.0
14772	HGSV_9518	61	1	0.0	0.0	0.0
14773	HGSV_10073	60	1	0.0	0.0	0.0
14774	HGSV_10256	60	0	0.0	0.0	0.0
14775	HGSV_10257	60	0	0.0	0.0	0.0
14776	HGSV_10652	60	7	0.0	0.0	0.0
14777	HGSV_10677	60	0	0.936	0.936	0.936
14778	HGSV_11267	60	2	0.0	0.0	0.0
14779	HGSV_11	60	4	0.797	0.797	0.0
14780	HGSV_12192	60	1	0.0	0.0	0.0
14781	HGSV_12539	60	37	0.02	0.02	0.02
14782	HGSV_12737	60	0	0.001	0.001	0.001
14783	HGSV_13344	60	1	0.0	0.0	0.0
14784	HGSV_13556	60	0	0.0	0.0	0.0
14785	HGSV_14088	60	0	0.001	0.001	0.001
14786	HGSV_14201	60	3	0.001	0.001	0.001
14787	HGSV_143557	60	0	0.0	0.0	0.0
14788	HGSV_143694	60	7	0.0	0.0	0.0
14789	HGSV_144016	60	42	0.018	0.018	0.0
14790	HGSV_144151	60	6	0.0	0.0	0.0
14791	HGSV_144789	60	0	0.001	0.001	0.001
14792	HGSV_144945	60	0	0.442	0.442	0.442
14793	HGSV_145119	60	0	0.0	0.0	0.0
14794	HGSV_145346	60	1	0.001	0.001	0.001
14795	HGSV_145383	60	2	0.0	0.0	0.0
14796	HGSV_145550	60	4	0.0	0.0	0.0
14797	HGSV_146084	60	38	0.039	0.039	0.0
14798	HGSV_146280	60	0	0.0	0.0	0.0
14799	HGSV_146660	60	1	0.001	0.001	0.001
14800	HGSV_146848	60	3	0.516	0.516	0.516
14801	HGSV_147020	60	0	0.0	0.0	0.0
14802	HGSV_14711	60	30	0.015	0.015	0.0
14803	HGSV_147513	60	1	0.001	0.001	0.001
14804	HGSV_147540	60	0	0.0	0.0	0.0
14805	HGSV_147786	60	0	0.0	0.0	0.0
14806	HGSV_148460	60	1	0.001	0.001	0.001
14807	HGSV_148645	60	0	0.0	0.0	0.0
14808	HGSV_148660	60	1	0.0	0.0	0.0
14809	HGSV_148797	60	1	0.002	0.002	0.002
14810	HGSV_148940	60	32	0.017	0.017	0.0
14811	HGSV_149094	60	1	0.001	0.001	0.001
14812	HGSV_149312	60	1	0.0	0.0	0.0
14813	HGSV_149426	60	1	0.0	0.0	0.0
14814	HGSV_150283	60	0	0.0	0.0	0.0
14815	HGSV_15049	60	2	0.0	0.0	0.0
14816	HGSV_150541	60	1	0.0	0.0	0.0
14817	HGSV_150851	60	0	0.0	0.0	0.0
14818	HGSV_150969	60	1	0.0	0.0	0.0
14819	HGSV_151005	60	0	0.0	0.0	0.0
14820	HGSV_151531	60	1	0.001	0.001	0.001
14821	HGSV_151583	60	1	0.0	0.0	0.0
14822	HGSV_151745	60	0	0.0	0.0	0.0
14823	HGSV_151841	60	0	0.0	0.0	0.0
14824	HGSV_15234	60	0	0.0	0.0	0.0
14825	HGSV_152357	60	0	0.0	0.0	0.0
14826	HGSV_152445	60	45	0.029	0.029	0.0
14827	HGSV_15245	60	1	0.0	0.0	0.0
14828	HGSV_152815	60	1	0.0	0.0	0.0
14829	HGSV_152948	60	0	0.001	0.001	0.001
14830	HGSV_153974	60	4	0.0	0.0	0.0
14831	HGSV_15418	60	0	0.0	0.0	0.0
14832	HGSV_154194	60	1	0.001	0.0	0.0
14833	HGSV_154211	60	0	0.0	0.0	0.0
14834	HGSV_154212	60	1	0.001	0.0	0.0
14835	HGSV_154220	60	0	0.001	0.001	0.001
14836	HGSV_154323	60	1	0.0	0.0	0.0
14837	HGSV_154846	60	39	0.0	0.0	0.0
14838	HGSV_156010	60	0	0.0	0.0	0.0
14839	HGSV_156011	60	0	0.99	0.0	0.0
14840	HGSV_156013	60	5	0.006	0.006	0.006
14841	HGSV_156230	60	3	0.002	0.002	0.002
14842	HGSV_156702	60	1	0.001	0.001	0.001
14843	HGSV_157221	60	3	0.002	0.002	0.0
14844	HGSV_15726	60	2	0.0	0.0	0.0
14845	HGSV_157311	60	1	0.0	0.0	0.0
14846	HGSV_157891	60	1	0.0	0.0	0.0
14847	HGSV_158029	60	0	0.0	0.0	0.0
14848	HGSV_158204	60	2	0.001	0.001	0.001
14849	HGSV_158282	60	23	0.016	0.016	0.0
14850	HGSV_158323	60	0	0.0	0.0	0.0
14851	HGSV_158443	60	1	0.001	0.001	0.001
14852	HGSV_16470	60	0	0.0	0.0	0.0
14853	HGSV_16503	60	1	0.0	0.0	0.0
14854	HGSV_16665	60	38	0.018	0.018	0.018
14855	HGSV_17300	60	0	0.0	0.0	0.0
14856	HGSV_17477	60	0	0.0	0.0	0.0
14857	HGSV_1781	60	2	0.0	0.0	0.0
14858	HGSV_18349	60	5	0.003	0.003	0.003
14859	HGSV_18362	60	8	0.007	0.007	0.007
14860	HGSV_18588	60	1	0.0	0.0	0.0
14861	HGSV_1881	60	2	0.003	0.003	0.003
14862	HGSV_18834	60	0	0.0	0.0	0.0
14863	HGSV_19231	60	0	1.0	1.0	1.0
14864	HGSV_19639	60	0	0.0	0.0	0.0
14865	HGSV_2578	60	0	0.0	0.0	0.0
14866	HGSV_2671	60	0	0.0	0.0	0.0
14867	HGSV_3246	60	3	0.003	0.003	0.003
14868	HGSV_3812	60	7	0.0	0.0	0.0
14869	HGSV_4632	60	0	0.0	0.0	0.0
14870	HGSV_4965	60	6	0.006	0.006	0.006
14871	HGSV_5174	60	1	0.0	0.0	0.0
14872	HGSV_527	60	1	0.0	0.0	0.0
14873	HGSV_5359	60	1	0.0	0.0	0.0
14874	HGSV_6248	60	1	0.001	0.001	0.001
14875	HGSV_6398	60	1	0.0	0.0	0.0
14876	HGSV_6870	60	0	0.0	0.0	0.0
14877	HGSV_7510	60	0	0.0	0.0	0.0
14878	HGSV_7639	60	1	0.0	0.0	0.0
14879	HGSV_7992	60	1	0.0	0.0	0.0
14880	HGSV_8190	60	0	0.0	0.0	0.0
14881	HGSV_9446	60	1	0.001	0.001	0.001
14882	HGSV_9514	60	1	0.001	0.001	0.001
14883	HGSV_10207	59	0	0.14	0.503	0.503
14884	HGSV_11319	59	1	0.0	0.0	0.0
14885	HGSV_11866	59	1	0.0	0.0	0.0
14886	HGSV_11959	59	1	0.0	0.0	0.0
14887	HGSV_12236	59	13	0.0	0.0	0.0
14888	HGSV_12273	59	0	0.0	0.0	0.0
14889	HGSV_12453	59	32	0.03	0.03	0.03
14890	HGSV_12537	59	0	0.0	0.0	0.0
14891	HGSV_13140	59	1	0.0	0.0	0.0
14892	HGSV_1336	59	3	0.0	0.0	0.0
14893	HGSV_13973	59	0	0.0	0.0	0.0
14894	HGSV_14136	59	1	0.0	0.0	0.0
14895	HGSV_14340	59	10	0.008	0.008	0.008
14896	HGSV_143991	59	0	0.0	0.0	0.0
14897	HGSV_144347	59	0	0.001	0.001	0.001
14898	HGSV_145054	59	0	0.0	0.0	0.0
14899	HGSV_145531	59	4	0.002	0.002	0.0
14900	HGSV_145785	59	1	0.0	0.0	0.0
14901	HGSV_146055	59	0	0.0	0.0	0.0
14902	HGSV_146094	59	4	0.007	0.007	0.007
14903	HGSV_146594	59	1	0.534	0.534	0.534
14904	HGSV_147939	59	0	0.0	0.0	0.0
14905	HGSV_148344	59	0	0.026	0.026	0.026
14906	HGSV_148927	59	39	0.026	0.026	0.026
14907	HGSV_149063	59	0	0.0	0.0	0.0
14908	HGSV_149695	59	1	0.0	0.0	0.0
14909	HGSV_149971	59	0	0.0	0.0	0.0
14910	HGSV_150168	59	0	0.0	0.0	0.0
14911	HGSV_150471	59	1	0.001	0.001	0.001
14912	HGSV_150607	59	0	0.0	0.0	0.0
14913	HGSV_151283	59	5	0.007	0.007	0.007
14914	HGSV_151774	59	0	0.0	0.0	0.0
14915	HGSV_152423	59	0	0.001	0.001	0.001
14916	HGSV_152729	59	0	0.0	0.0	0.0
14917	HGSV_15276	59	0	0.0	0.0	0.0
14918	HGSV_152915	59	0	0.0	0.0	0.0
14919	HGSV_153028	59	2	0.0	0.0	0.0
14920	HGSV_153589	59	0	0.001	0.001	0.001
14921	HGSV_154228	59	0	0.0	0.0	0.0
14922	HGSV_154633	59	0	0.0	0.0	0.0
14923	HGSV_155786	59	0	0.0	0.0	0.0
14924	HGSV_155958	59	1	0.0	0.0	0.0
14925	HGSV_156369	59	12	0.0	0.0	0.0
14926	HGSV_157060	59	5	0.004	0.004	0.004
14927	HGSV_157090	59	1	0.0	0.0	0.0
14928	HGSV_157263	59	1	0.926	0.926	0.926
14929	HGSV_157942	59	5	0.001	0.001	0.001
14930	HGSV_158736	59	0	0.001	0.001	0.001
14931	HGSV_158748	59	1	0.0	0.0	0.0
14932	HGSV_158765	59	0	0.001	0.001	0.001
14933	HGSV_158876	59	0	0.0	0.0	0.0
14934	HGSV_16219	59	0	0.0	0.0	0.0
14935	HGSV_16224	59	0	0.0	0.0	0.0
14936	HGSV_16414	59	0	0.79	0.79	0.0
14937	HGSV_17321	59	1	0.0	0.0	0.0
14938	HGSV_17947	59	1	0.0	0.0	0.0
14939	HGSV_18006	59	0	0.0	0.0	0.0
14940	HGSV_18013	59	0	0.435	0.435	0.435
14941	HGSV_18136	59	0	0.002	0.002	0.002
14942	HGSV_18360	59	0	0.0	0.0	0.0
14943	HGSV_18427	59	0	0.337	0.337	0.337
14944	HGSV_18473	59	0	0.0	0.0	0.0
14945	HGSV_19021	59	1	0.0	0.0	0.0
14946	HGSV_19215	59	0	0.001	0.001	0.001
14947	HGSV_2492	59	2	0.001	0.001	0.001
14948	HGSV_2493	59	0	0.0	0.0	0.0
14949	HGSV_2948	59	0	0.002	0.002	0.002
14950	HGSV_3052	59	0	0.0	0.0	0.0
14951	HGSV_3499	59	0	0.0	0.0	0.0
14952	HGSV_4227	59	1	0.0	0.0	0.0
14953	HGSV_4246	59	0	0.0	0.0	0.0
14954	HGSV_459	59	36	0.02	0.0	0.0
14955	HGSV_483	59	0	0.0	0.0	0.0
14956	HGSV_4992	59	31	0.027	0.027	0.0
14957	HGSV_5198	59	0	0.0	0.0	0.0
14958	HGSV_5463	59	1	0.0	0.0	0.0
14959	HGSV_5652	59	0	0.0	0.0	0.0
14960	HGSV_5682	59	1	0.001	0.001	0.001
14961	HGSV_6195	59	1	0.001	0.001	0.001
14962	HGSV_6600	59	3	0.0	0.0	0.0
14963	HGSV_6651	59	1	0.0	0.0	0.0
14964	HGSV_7691	59	1	0.0	0.0	0.0
14965	HGSV_919	59	1	0.0	0.0	0.0
14966	HGSV_9432	59	5	0.003	0.003	0.003
14967	HGSV_9714	59	1	0.001	0.001	0.001
14968	HGSV_9973	59	1	0.0	0.0	0.0
14969	HGSV_1032	58	8	0.002	0.002	0.002
14970	HGSV_1046	58	0	0.433	0.433	0.433
14971	HGSV_11159	58	6	0.0	0.0	0.0
14972	HGSV_11260	58	0	0.001	0.001	0.001
14973	HGSV_11722	58	0	0.0	0.0	0.0
14974	HGSV_11881	58	1	0.0	0.0	0.0
14975	HGSV_11901	58	3	0.002	0.002	0.0
14976	HGSV_11921	58	1	0.001	0.001	0.001
14977	HGSV_11931	58	1	0.001	0.001	0.001
14978	HGSV_11983	58	0	0.0	0.0	0.0
14979	HGSV_12171	58	1	0.0	0.0	0.0
14980	HGSV_13185	58	12	0.019	0.019	0.019
14981	HGSV_1345	58	1	0.0	0.0	0.0
14982	HGSV_13654	58	0	0.0	0.0	0.0
14983	HGSV_14045	58	1	0.0	0.0	0.0
14984	HGSV_1432	58	0	0.0	0.0	0.0
14985	HGSV_143953	58	0	0.0	0.0	0.0
14986	HGSV_144175	58	0	0.0	0.0	0.0
14987	HGSV_144282	58	1	0.001	0.001	0.001
14988	HGSV_14480	58	2	0.001	0.001	0.001
14989	HGSV_145343	58	35	0.042	0.042	0.042
14990	HGSV_145403	58	1	0.0	0.0	0.0
14991	HGSV_145609	58	0	0.0	0.0	0.0
14992	HGSV_145703	58	0	0.865	0.865	0.865
14993	HGSV_14582	58	3	0.0	0.0	0.0
14994	HGSV_146187	58	1	0.0	0.0	0.0
14995	HGSV_146578	58	1	0.0	0.0	0.0
14996	HGSV_147002	58	4	0.003	0.003	0.003
14997	HGSV_147055	58	29	0.019	0.019	0.019
14998	HGSV_147351	58	27	0.026	0.026	0.0
14999	HGSV_147394	58	1	0.0	0.0	0.0
15000	HGSV_147589	58	0	0.0	0.0	0.0
15001	HGSV_148287	58	0	0.0	0.0	0.0
15002	HGSV_148375	58	2	0.0	0.0	0.0
15003	HGSV_148481	58	1	0.714	0.714	0.714
15004	HGSV_148584	58	1	0.0	0.0	0.0
15005	HGSV_148613	58	1	0.001	0.001	0.001
15006	HGSV_148700	58	1	0.0	0.0	0.0
15007	HGSV_149415	58	26	0.0	0.0	0.0
15008	HGSV_149441	58	1	0.0	0.0	0.0
15009	HGSV_15012	58	1	0.0	0.0	0.0
15010	HGSV_150262	58	0	0.873	0.873	0.873
15011	HGSV_150341	58	1	0.0	0.0	0.0
15012	HGSV_150999	58	15	0.011	0.011	0.011
15013	HGSV_151142	58	4	0.001	0.001	0.001
15014	HGSV_151587	58	8	0.0	0.0	0.0
15015	HGSV_15357	58	0	0.001	0.001	0.001
15016	HGSV_154492	58	36	0.0	0.0	0.0
15017	HGSV_155776	58	1	1.0	1.0	1.0
15018	HGSV_155917	58	4	0.001	0.001	0.001
15019	HGSV_157064	58	7	0.005	0.005	0.005
15020	HGSV_157787	58	0	0.0	0.0	0.0
15021	HGSV_157795	58	0	0.0	0.0	0.0
15022	HGSV_157998	58	1	0.0	0.0	0.0
15023	HGSV_158310	58	1	0.0	0.0	0.0
15024	HGSV_158311	58	12	0.005	0.005	0.005
15025	HGSV_158361	58	34	0.031	0.031	0.0
15026	HGSV_15901	58	1	0.0	0.0	0.0
15027	HGSV_16193	58	1	0.0	0.0	0.0
15028	HGSV_16227	58	1	0.0	0.0	0.0
15029	HGSV_16564	58	5	0.0	0.0	0.0
15030	HGSV_16608	58	0	0.0	0.0	0.0
15031	HGSV_16685	58	0	0.0	0.0	0.0
15032	HGSV_16841	58	1	0.0	0.0	0.0
15033	HGSV_17002	58	3	0.0	0.0	0.0
15034	HGSV_17070	58	19	0.019	0.019	0.0
15035	HGSV_17635	58	27	0.0	0.0	0.0
15036	HGSV_18692	58	0	0.0	0.0	0.0
15037	HGSV_1965	58	4	0.002	0.002	0.002
15038	HGSV_2120	58	0	0.0	0.0	0.0
15039	HGSV_2768	58	0	0.0	0.0	0.0
15040	HGSV_3219	58	4	0.0	0.0	0.0
15041	HGSV_3403	58	0	0.0	0.0	0.0
15042	HGSV_3993	58	1	0.0	0.0	0.0
15043	HGSV_4132	58	0	0.001	0.001	0.001
15044	HGSV_4418	58	1	0.0	0.0	0.0
15045	HGSV_4534	58	10	0.0	0.0	0.0
15046	HGSV_4750	58	1	0.0	0.0	0.0
15047	HGSV_4945	58	0	0.0	0.0	0.0
15048	HGSV_5118	58	1	0.0	0.0	0.0
15049	HGSV_5206	58	0	0.0	0.0	0.0
15050	HGSV_5207	58	0	0.0	0.0	0.0
15051	HGSV_5516	58	0	0.0	0.0	0.0
15052	HGSV_6111	58	0	0.0	0.0	0.0
15053	HGSV_6194	58	0	0.986	0.986	0.986
15054	HGSV_6498	58	7	0.0	0.0	0.0
15055	HGSV_7087	58	0	0.0	0.0	0.0
15056	HGSV_7353	58	1	0.0	0.0	0.0
15057	HGSV_7617	58	2	0.0	0.0	0.0
15058	HGSV_7683	58	0	0.001	0.001	0.001
15059	HGSV_7976	58	0	0.0	0.0	0.0
15060	HGSV_8003	58	0	0.0	0.0	0.0
15061	HGSV_8175	58	0	0.001	0.001	0.0
15062	HGSV_8329	58	0	0.0	0.0	0.0
15063	HGSV_8470	58	0	0.001	0.001	0.0
15064	HGSV_8694	58	1	0.0	0.0	0.0
15065	HGSV_9460	58	1	0.0	0.0	0.0
15066	HGSV_9882	58	0	0.0	0.0	0.0
15067	HGSV_10749	57	0	0.0	0.0	0.0
15068	HGSV_11020	57	0	0.0	0.0	0.0
15069	HGSV_11416	57	0	0.0	0.0	0.0
15070	HGSV_12338	57	1	0.422	0.422	0.532
15071	HGSV_12426	57	7	0.005	0.005	0.005
15072	HGSV_12736	57	0	0.0	0.0	0.0
15073	HGSV_13588	57	1	0.0	0.0	0.0
15074	HGSV_13950	57	2	0.0	0.0	0.0
15075	HGSV_14197	57	32	0.03	0.03	0.0
15076	HGSV_143499	57	0	0.0	0.0	0.0
15077	HGSV_14362	57	28	0.025	0.025	0.025
15078	HGSV_144595	57	0	0.714	0.714	0.714
15079	HGSV_14466	57	0	0.0	0.0	0.0
15080	HGSV_14469	57	1	0.004	0.004	0.0
15081	HGSV_145495	57	1	0.0	0.0	0.0
15082	HGSV_145582	57	0	0.001	0.001	0.001
15083	HGSV_145811	57	0	0.0	0.0	0.0
15084	HGSV_146155	57	8	0.0	0.0	0.0
15085	HGSV_14618	57	5	0.0	0.0	0.0
15086	HGSV_146207	57	2	0.001	0.001	0.001
15087	HGSV_146888	57	4	0.0	0.0	0.0
15088	HGSV_147510	57	9	0.0	0.0	0.0
15089	HGSV_148461	57	0	0.0	0.0	0.0
15090	HGSV_149575	57	0	0.0	0.0	0.0
15091	HGSV_149658	57	2	0.0	0.0	0.0
15092	HGSV_150781	57	1	0.0	0.0	0.0
15093	HGSV_150895	57	0	0.0	0.0	0.0
15094	HGSV_152053	57	0	0.001	0.001	0.001
15095	HGSV_152974	57	27	0.021	0.021	0.0
15096	HGSV_153550	57	0	0.0	0.0	0.0
15097	HGSV_153869	57	0	0.0	0.0	0.0
15098	HGSV_154430	57	9	0.017	0.017	0.0
15099	HGSV_154724	57	0	0.0	0.0	0.0
15100	HGSV_155994	57	0	0.0	0.0	0.0
15101	HGSV_156635	57	39	0.016	0.016	0.0
15102	HGSV_15663	57	0	0.0	0.0	0.0
15103	HGSV_156745	57	0	0.0	0.0	0.0
15104	HGSV_156801	57	0	0.002	0.002	0.002
15105	HGSV_157379	57	0	0.001	0.001	0.001
15106	HGSV_158362	57	34	0.031	0.031	0.0
15107	HGSV_158729	57	0	0.0	0.0	0.0
15108	HGSV_158823	57	0	0.0	0.0	0.0
15109	HGSV_158939	57	0	0.0	0.0	0.0
15110	HGSV_158947	57	41	0.026	0.026	0.0
15111	HGSV_16433	57	1	0.0	0.0	0.0
15112	HGSV_16654	57	7	0.009	0.009	0.0
15113	HGSV_16679	57	28	0.027	0.027	0.0
15114	HGSV_16773	57	1	0.001	0.001	0.001
15115	HGSV_1684	57	1	0.0	0.0	0.0
15116	HGSV_17906	57	0	0.0	0.0	0.0
15117	HGSV_18466	57	1	0.0	0.0	0.0
15118	HGSV_18770	57	2	0.0	0.0	0.0
15119	HGSV_1888	57	1	0.0	0.0	0.0
15120	HGSV_19575	57	43	0.0	0.0	0.0
15121	HGSV_19682	57	18	0.0	0.0	0.0
15122	HGSV_2075	57	0	0.0	0.0	0.0
15123	HGSV_2286	57	0	0.0	0.0	0.0
15124	HGSV_2405	57	5	0.003	0.003	0.003
15125	HGSV_2508	57	0	0.001	0.001	0.001
15126	HGSV_2536	57	2	0.003	0.003	0.003
15127	HGSV_295	57	0	0.337	0.337	0.337
15128	HGSV_3156	57	32	0.018	0.018	0.0
15129	HGSV_3364	57	38	0.024	0.024	0.024
15130	HGSV_3457	57	0	0.0	0.0	0.0
15131	HGSV_4938	57	0	0.0	0.0	0.0
15132	HGSV_4984	57	0	0.001	0.001	0.001
15133	HGSV_6281	57	1	0.0	0.0	0.0
15134	HGSV_6360	57	0	0.0	0.0	0.0
15135	HGSV_6422	57	0	0.0	0.0	0.0
15136	HGSV_6770	57	0	0.0	0.0	0.0
15137	HGSV_6819	57	0	0.0	0.0	0.0
15138	HGSV_8868	57	0	0.0	0.0	0.0
15139	HGSV_9776	57	1	0.0	0.0	0.0
15140	HGSV_1112	56	4	0.002	0.002	0.0
15141	HGSV_11729	56	1	0.0	0.0	0.0
15142	HGSV_11800	56	0	0.0	0.0	0.0
15143	HGSV_12709	56	0	0.0	0.0	0.0
15144	HGSV_13134	56	38	0.022	0.022	0.0
15145	HGSV_13572	56	1	0.001	0.001	0.001
15146	HGSV_14194	56	0	0.0	0.0	0.0
15147	HGSV_143648	56	1	0.0	0.0	0.0
15148	HGSV_144285	56	9	0.0	0.0	0.0
15149	HGSV_144321	56	0	0.0	0.0	0.0
15150	HGSV_144687	56	4	0.0	0.0	0.0
15151	HGSV_14522	56	2	0.0	0.0	0.0
15152	HGSV_145838	56	0	0.0	0.0	0.0
15153	HGSV_146417	56	1	0.0	0.0	0.0
15154	HGSV_146755	56	29	0.024	0.024	0.0
15155	HGSV_146847	56	1	0.0	0.0	0.0
15156	HGSV_147032	56	0	0.089	0.0	0.0
15157	HGSV_147412	56	2	0.0	0.0	0.0
15158	HGSV_147489	56	0	0.0	0.0	0.0
15159	HGSV_14787	56	1	0.0	0.0	0.0
15160	HGSV_147936	56	6	0.003	0.003	0.003
15161	HGSV_148513	56	0	0.0	0.0	0.0
15162	HGSV_14905	56	1	0.901	0.901	0.901
15163	HGSV_149202	56	1	0.0	0.0	0.0
15164	HGSV_149278	56	37	0.025	0.025	0.0
15165	HGSV_149375	56	2	0.022	0.022	0.0
15166	HGSV_149416	56	2	0.0	0.0	0.0
15167	HGSV_150526	56	2	0.0	0.0	0.0
15168	HGSV_151117	56	6	0.005	0.005	0.0
15169	HGSV_151905	56	2	0.0	0.0	0.0
15170	HGSV_151910	56	1	0.0	0.0	0.0
15171	HGSV_152560	56	1	0.001	0.001	0.001
15172	HGSV_153464	56	1	0.0	0.0	0.0
15173	HGSV_15353	56	2	0.003	0.003	0.003
15174	HGSV_153804	56	0	0.001	0.001	0.0
15175	HGSV_156235	56	0	0.548	0.548	0.0
15176	HGSV_157005	56	31	0.026	0.0	0.0
15177	HGSV_157226	56	3	0.0	0.0	0.0
15178	HGSV_157522	56	5	0.0	0.0	0.0
15179	HGSV_157582	56	0	0.0	0.0	0.0
15180	HGSV_157738	56	13	0.004	0.004	0.004
15181	HGSV_158007	56	0	0.0	0.0	0.0
15182	HGSV_158446	56	0	0.001	0.001	0.0
15183	HGSV_158656	56	1	0.0	0.0	0.0
15184	HGSV_1610	56	8	0.001	0.001	0.001
15185	HGSV_16556	56	2	0.0	0.0	0.0
15186	HGSV_16594	56	0	0.0	0.0	0.0
15187	HGSV_16675	56	16	0.0	0.0	0.0
15188	HGSV_1727	56	1	0.0	0.0	0.0
15189	HGSV_17495	56	0	0.002	0.002	0.0
15190	HGSV_17680	56	0	0.0	0.0	0.0
15191	HGSV_1854	56	20	0.02	0.02	0.0
15192	HGSV_18672	56	1	0.0	0.0	0.0
15193	HGSV_2019	56	0	0.0	0.0	0.0
15194	HGSV_2772	56	2	0.0	0.0	0.0
15195	HGSV_3894	56	0	0.0	0.0	0.0
15196	HGSV_3946	56	0	0.0	0.0	0.0
15197	HGSV_5037	56	0	0.0	0.0	0.0
15198	HGSV_5480	56	0	0.0	0.0	0.0
15199	HGSV_5575	56	1	0.0	0.0	0.0
15200	HGSV_5891	56	4	0.001	0.001	0.001
15201	HGSV_6996	56	0	0.0	0.0	0.0
15202	HGSV_7126	56	0	0.0	0.0	0.0
15203	HGSV_7127	56	2	0.0	0.0	0.0
15204	HGSV_7241	56	1	0.0	0.0	0.0
15205	HGSV_7348	56	0	0.0	0.0	0.0
15206	HGSV_7752	56	35	0.012	0.012	0.012
15207	HGSV_8424	56	0	0.0	0.0	0.0
15208	HGSV_9330	56	0	0.0	0.0	0.0
15209	HGSV_10213	55	31	0.0	0.0	0.0
15210	HGSV_11452	55	1	0.0	0.0	0.0
15211	HGSV_12053	55	0	0.0	0.0	0.0
15212	HGSV_12126	55	34	0.03	0.03	0.0
15213	HGSV_12398	55	1	0.0	0.0	0.0
15214	HGSV_13064	55	4	0.002	0.002	0.002
15215	HGSV_13376	55	2	0.0	0.0	0.0
15216	HGSV_13	55	5	0.688	0.0	0.0
15217	HGSV_13801	55	0	0.0	0.0	0.0
15218	HGSV_14119	55	1	0.001	0.001	0.001
15219	HGSV_14235	55	0	0.0	0.0	0.0
15220	HGSV_14259	55	1	0.0	0.0	0.0
15221	HGSV_143480	55	1	0.0	0.0	0.0
15222	HGSV_143845	55	0	0.0	0.0	0.0
15223	HGSV_144908	55	0	0.0	0.0	0.0
15224	HGSV_145424	55	1	0.0	0.0	0.0
15225	HGSV_145541	55	1	0.0	0.0	0.0
15226	HGSV_145817	55	0	0.0	0.0	0.0
15227	HGSV_148386	55	0	0.0	0.0	0.0
15228	HGSV_14941	55	3	0.0	0.0	0.0
15229	HGSV_149622	55	0	0.0	0.0	0.0
15230	HGSV_149655	55	2	0.0	0.0	0.0
15231	HGSV_149776	55	1	0.0	0.0	0.0
15232	HGSV_149785	55	26	0.017	0.017	0.017
15233	HGSV_150335	55	0	0.154	0.154	0.154
15234	HGSV_150606	55	2	0.0	0.0	0.0
15235	HGSV_150973	55	2	0.003	0.003	0.003
15236	HGSV_151235	55	0	0.0	0.0	0.0
15237	HGSV_15126	55	1	0.0	0.0	0.0
15238	HGSV_152139	55	1	0.0	0.0	0.0
15239	HGSV_153111	55	0	0.0	0.0	0.0
15240	HGSV_153697	55	1	0.0	0.0	0.0
15241	HGSV_154064	55	33	0.021	0.021	0.0
15242	HGSV_154371	55	1	0.0	0.0	0.0
15243	HGSV_156208	55	31	0.012	0.012	0.0
15244	HGSV_157125	55	0	0.0	0.0	0.0
15245	HGSV_157152	55	2	0.001	0.001	0.0
15246	HGSV_157746	55	33	0.024	0.024	0.024
15247	HGSV_157849	55	0	0.0	0.0	0.0
15248	HGSV_158157	55	1	0.0	0.0	0.0
15249	HGSV_15869	55	0	0.001	0.001	0.0
15250	HGSV_159042	55	19	0.022	0.022	0.0
15251	HGSV_159108	55	0	0.0	0.0	0.0
15252	HGSV_16550	55	1	0.0	0.0	0.0
15253	HGSV_16942	55	1	0.0	0.0	0.0
15254	HGSV_16980	55	0	0.0	0.0	0.0
15255	HGSV_17411	55	0	0.0	0.0	0.0
15256	HGSV_18341	55	0	0.0	0.0	0.0
15257	HGSV_1857	55	1	0.0	0.0	0.0
15258	HGSV_189	55	1	0.0	0.0	0.0
15259	HGSV_2285	55	0	0.0	0.0	0.0
15260	HGSV_2304	55	0	0.0	0.0	0.0
15261	HGSV_2406	55	5	0.0	0.0	0.0
15262	HGSV_2465	55	0	0.0	0.0	0.0
15263	HGSV_3132	55	0	0.0	0.0	0.0
15264	HGSV_3308	55	38	0.023	0.023	0.0
15265	HGSV_4014	55	0	0.0	0.0	0.0
15266	HGSV_4056	55	2	0.0	0.0	0.0
15267	HGSV_5046	55	2	0.002	0.002	0.002
15268	HGSV_5234	55	2	0.0	0.0	0.0
15269	HGSV_5274	55	3	0.0	0.0	0.0
15270	HGSV_6465	55	1	0.0	0.0	0.0
15271	HGSV_6519	55	0	0.0	0.0	0.0
15272	HGSV_6562	55	0	0.0	0.0	0.0
15273	HGSV_6645	55	0	0.0	0.0	0.0
15274	HGSV_6669	55	0	0.0	0.0	0.0
15275	HGSV_6719	55	0	0.0	0.0	0.0
15276	HGSV_7151	55	0	0.0	0.0	0.0
15277	HGSV_7684	55	1	0.0	0.0	0.0
15278	HGSV_8381	55	2	0.0	0.0	0.0
15279	HGSV_8540	55	2	0.001	0.001	0.0
15280	HGSV_8720	55	0	0.001	0.001	0.001
15281	HGSV_926	55	1	0.0	0.0	0.0
15282	HGSV_932	55	0	0.0	0.0	0.0
15283	HGSV_9836	55	6	0.0	0.0	0.0
15284	HGSV_10158	54	1	0.0	0.0	0.0
15285	HGSV_11370	54	41	0.019	0.019	0.0
15286	HGSV_11379	54	2	0.001	0.001	0.001
15287	HGSV_12455	54	1	0.0	0.0	0.0
15288	HGSV_12903	54	0	0.002	0.002	0.002
15289	HGSV_13383	54	0	0.0	0.0	0.0
15290	HGSV_13384	54	27	0.023	0.023	0.023
15291	HGSV_13402	54	8	0.0	0.0	0.0
15292	HGSV_144050	54	7	0.988	0.988	0.0
15293	HGSV_145625	54	0	0.0	0.0	0.0
15294	HGSV_14636	54	0	0.458	0.458	0.458
15295	HGSV_146557	54	3	0.407	0.407	0.407
15296	HGSV_146689	54	3	0.002	0.002	0.002
15297	HGSV_147444	54	0	0.0	0.0	0.0
15298	HGSV_14797	54	0	0.0	0.0	0.0
15299	HGSV_148389	54	0	0.0	0.0	0.0
15300	HGSV_148617	54	1	0.0	0.0	0.0
15301	HGSV_148642	54	0	0.0	0.0	0.0
15302	HGSV_148817	54	2	0.001	0.001	0.0
15303	HGSV_148958	54	0	0.0	0.0	0.0
15304	HGSV_149254	54	0	0.0	0.0	0.0
15305	HGSV_149413	54	0	0.713	0.713	0.713
15306	HGSV_150336	54	0	0.0	0.0	0.0
15307	HGSV_15042	54	0	0.0	0.0	0.0
15308	HGSV_150433	54	4	0.003	0.003	0.003
15309	HGSV_151485	54	1	0.0	0.0	0.0
15310	HGSV_151560	54	0	0.0	0.0	0.0
15311	HGSV_151743	54	1	0.0	0.0	0.0
15312	HGSV_15200	54	30	0.03	0.03	0.0
15313	HGSV_152013	54	10	0.0	0.0	0.0
15314	HGSV_152676	54	1	0.0	0.0	0.0
15315	HGSV_153035	54	1	0.001	0.001	0.001
15316	HGSV_153089	54	0	0.0	0.0	0.0
15317	HGSV_153170	54	0	0.0	0.0	0.0
15318	HGSV_15320	54	2	0.0	0.0	0.0
15319	HGSV_153393	54	6	0.0	0.0	0.0
15320	HGSV_154390	54	0	0.0	0.0	0.0
15321	HGSV_15513	54	0	0.0	0.0	0.0
15322	HGSV_155906	54	0	0.0	0.0	0.0
15323	HGSV_156613	54	1	0.0	0.0	0.0
15324	HGSV_15700	54	1	0.0	0.0	0.0
15325	HGSV_157256	54	1	0.003	0.003	0.003
15326	HGSV_157317	54	7	0.048	0.048	0.0
15327	HGSV_157428	54	5	0.004	0.004	0.004
15328	HGSV_157501	54	0	0.0	0.0	0.0
15329	HGSV_158302	54	4	0.001	0.001	0.001
15330	HGSV_158820	54	2	0.0	0.0	0.0
15331	HGSV_158822	54	0	0.0	0.0	0.0
15332	HGSV_15984	54	0	0.001	0.001	0.001
15333	HGSV_16090	54	0	0.001	0.001	0.0
15334	HGSV_17372	54	0	0.001	0.001	0.001
15335	HGSV_17499	54	2	0.0	0.0	0.0
15336	HGSV_17587	54	0	0.0	0.0	0.0
15337	HGSV_18623	54	0	0.0	0.0	0.0
15338	HGSV_1901	54	0	0.635	0.635	0.635
15339	HGSV_22	54	26	0.0	0.0	0.0
15340	HGSV_2708	54	5	0.0	0.0	0.0
15341	HGSV_2783	54	1	0.294	0.294	0.294
15342	HGSV_3449	54	0	0.001	0.001	0.001
15343	HGSV_3	54	5	0.0	0.0	0.0
15344	HGSV_39	54	5	0.001	0.0	0.0
15345	HGSV_4379	54	1	0.0	0.0	0.0
15346	HGSV_479	54	1	0.0	0.0	0.0
15347	HGSV_4947	54	0	0.0	0.0	0.0
15348	HGSV_5041	54	32	0.025	0.025	0.0
15349	HGSV_5589	54	3	0.001	0.001	0.001
15350	HGSV_607	54	0	0.001	0.001	0.001
15351	HGSV_6257	54	0	0.0	0.0	0.0
15352	HGSV_6633	54	1	0.0	0.0	0.0
15353	HGSV_6775	54	1	0.0	0.0	0.0
15354	HGSV_7316	54	0	0.0	0.0	0.0
15355	HGSV_7347	54	0	0.0	0.0	0.0
15356	HGSV_7398	54	0	0.0	0.0	0.0
15357	HGSV_8047	54	2	0.0	0.0	0.0
15358	HGSV_9406	54	0	0.0	0.0	0.0
15359	HGSV_10778	53	1	0.0	0.0	0.0
15360	HGSV_1100	53	1	0.0	0.0	0.0
15361	HGSV_11084	53	1	0.001	0.001	0.001
15362	HGSV_12410	53	0	0.0	0.0	0.0
15363	HGSV_12845	53	0	0.0	0.0	0.0
15364	HGSV_12868	53	1	0.0	0.0	0.0
15365	HGSV_14343	53	1	0.0	0.0	0.0
15366	HGSV_143969	53	13	0.05	0.05	0.0
15367	HGSV_144602	53	5	0.0	0.0	0.0
15368	HGSV_145729	53	0	0.0	0.0	0.0
15369	HGSV_145974	53	39	0.023	0.023	0.0
15370	HGSV_14686	53	1	0.0	0.0	0.0
15371	HGSV_146915	53	34	0.023	0.023	0.023
15372	HGSV_147126	53	2	0.001	0.001	0.001
15373	HGSV_147311	53	35	0.034	0.034	0.034
15374	HGSV_147403	53	4	0.001	0.001	0.001
15375	HGSV_148081	53	0	0.0	0.0	0.0
15376	HGSV_148598	53	2	0.0	0.0	0.0
15377	HGSV_148664	53	1	0.002	0.002	0.0
15378	HGSV_148846	53	20	0.02	0.02	0.0
15379	HGSV_149305	53	0	0.574	0.574	0.574
15380	HGSV_149573	53	0	0.394	0.394	0.447
15381	HGSV_150527	53	0	0.001	0.001	0.001
15382	HGSV_150643	53	5	0.419	0.419	0.0
15383	HGSV_151170	53	0	0.002	0.002	0.002
15384	HGSV_151338	53	5	0.005	0.005	0.005
15385	HGSV_151831	53	0	0.995	0.995	0.995
15386	HGSV_151967	53	1	0.0	0.0	0.0
15387	HGSV_152323	53	4	0.0	0.0	0.0
15388	HGSV_153608	53	0	0.0	0.0	0.0
15389	HGSV_153766	53	0	0.0	0.0	0.0
15390	HGSV_154093	53	1	0.001	0.001	0.001
15391	HGSV_154094	53	0	0.0	0.0	0.0
15392	HGSV_154320	53	6	0.0	0.0	0.0
15393	HGSV_154347	53	0	0.001	0.001	0.001
15394	HGSV_155588	53	0	0.0	0.0	0.0
15395	HGSV_155894	53	0	0.0	0.0	0.0
15396	HGSV_156089	53	1	0.0	0.0	0.0
15397	HGSV_156101	53	1	0.0	0.0	0.0
15398	HGSV_156305	53	0	0.0	0.0	0.0
15399	HGSV_156375	53	5	0.003	0.0	0.0
15400	HGSV_157350	53	0	0.001	0.001	0.0
15401	HGSV_157658	53	40	0.022	0.022	0.022
15402	HGSV_157727	53	0	0.0	0.0	0.0
15403	HGSV_158902	53	1	0.0	0.0	0.0
15404	HGSV_159076	53	0	0.946	0.946	0.946
15405	HGSV_16589	53	25	0.018	0.018	0.0
15406	HGSV_16791	53	34	0.023	0.023	0.0
15407	HGSV_16906	53	0	0.0	0.0	0.0
15408	HGSV_17212	53	0	0.0	0.0	0.0
15409	HGSV_17233	53	0	0.0	0.0	0.0
15410	HGSV_18966	53	3	0.0	0.0	0.0
15411	HGSV_18985	53	6	0.956	0.0	0.0
15412	HGSV_306	53	31	0.994	0.994	0.0
15413	HGSV_4836	53	4	0.0	0.0	0.0
15414	HGSV_5781	53	29	0.014	0.014	0.0
15415	HGSV_6081	53	0	0.0	0.0	0.0
15416	HGSV_6351	53	35	0.032	0.032	0.032
15417	HGSV_6713	53	1	0.0	0.0	0.0
15418	HGSV_6897	53	0	0.0	0.0	0.0
15419	HGSV_6959	53	7	0.0	0.0	0.0
15420	HGSV_7330	53	1	0.0	0.0	0.0
15421	HGSV_7516	53	0	0.0	0.0	0.0
15422	HGSV_7667	53	0	0.381	0.381	0.381
15423	HGSV_7801	53	28	0.019	0.019	0.019
15424	HGSV_8372	53	0	0.0	0.0	0.0
15425	HGSV_8640	53	0	0.0	0.0	0.0
15426	HGSV_9076	53	1	0.0	0.0	0.0
15427	HGSV_9201	53	2	0.0	0.0	0.0
15428	HGSV_1149	52	38	0.021	0.021	0.0
15429	HGSV_12172	52	6	0.0	0.0	0.0
15430	HGSV_12463	52	0	0.001	0.001	0.001
15431	HGSV_12964	52	2	0.0	0.0	0.0
15432	HGSV_1379	52	33	0.019	0.019	0.019
15433	HGSV_144292	52	0	0.0	0.0	0.0
15434	HGSV_144481	52	3	0.001	0.001	0.001
15435	HGSV_144592	52	1	0.0	0.0	0.0
15436	HGSV_144715	52	16	0.007	0.007	0.007
15437	HGSV_145168	52	4	0.002	0.002	0.002
15438	HGSV_145404	52	9	0.004	0.004	0.004
15439	HGSV_14548	52	0	0.0	0.0	0.0
15440	HGSV_147011	52	36	0.025	0.025	0.0
15441	HGSV_147136	52	0	0.0	0.0	0.0
15442	HGSV_147251	52	0	0.002	0.002	0.0
15443	HGSV_147643	52	1	0.0	0.0	0.0
15444	HGSV_148348	52	2	0.0	0.0	0.0
15445	HGSV_149018	52	14	0.0	0.0	0.0
15446	HGSV_149175	52	0	0.0	0.0	0.0
15447	HGSV_149719	52	0	0.0	0.0	0.0
15448	HGSV_150148	52	1	0.001	0.001	0.001
15449	HGSV_151931	52	33	0.025	0.025	0.0
15450	HGSV_152851	52	0	0.0	0.0	0.0
15451	HGSV_153626	52	1	0.992	0.992	0.992
15452	HGSV_15504	52	0	0.0	0.0	0.0
15453	HGSV_155057	52	30	0.0	0.0	0.0
15454	HGSV_155070	52	22	0.001	0.001	0.0
15455	HGSV_155935	52	1	0.0	0.0	0.0
15456	HGSV_156209	52	32	0.953	0.953	0.0
15457	HGSV_15638	52	27	0.016	0.016	0.016
15458	HGSV_158051	52	0	0.0	0.0	0.0
15459	HGSV_16163	52	0	0.0	0.0	0.0
15460	HGSV_16557	52	5	0.0	0.0	0.0
15461	HGSV_16658	52	0	0.0	0.0	0.0
15462	HGSV_16673	52	0	0.001	0.001	0.001
15463	HGSV_16919	52	0	0.0	0.0	0.0
15464	HGSV_17330	52	25	0.016	0.016	0.0
15465	HGSV_2024	52	28	0.0	0.0	0.0
15466	HGSV_4015	52	1	0.0	0.0	0.0
15467	HGSV_5096	52	7	0.0	0.0	0.0
15468	HGSV_5674	52	10	0.029	0.029	0.0
15469	HGSV_5948	52	0	0.0	0.0	0.0
15470	HGSV_6294	52	1	0.0	0.0	0.0
15471	HGSV_629	52	43	0.023	0.023	0.0
15472	HGSV_6479	52	7	0.002	0.002	0.002
15473	HGSV_7243	52	0	0.0	0.0	0.0
15474	HGSV_8071	52	0	0.0	0.0	0.0
15475	HGSV_9206	52	8	0.002	0.002	0.002
15476	HGSV_9350	52	0	0.527	0.527	0.527
15477	HGSV_9456	52	0	0.0	0.0	0.0
15478	HGSV_11073	51	27	0.011	0.0	0.0
15479	HGSV_12796	51	27	0.0	0.0	0.0
15480	HGSV_13531	51	6	0.006	0.006	0.006
15481	HGSV_1380	51	34	0.019	0.019	0.019
15482	HGSV_143538	51	17	0.0	0.0	0.0
15483	HGSV_144070	51	0	0.0	0.0	0.0
15484	HGSV_144877	51	22	0.011	0.011	0.0
15485	HGSV_145145	51	19	0.996	0.0	0.0
15486	HGSV_145689	51	4	0.0	0.0	0.0
15487	HGSV_146270	51	0	0.0	0.0	0.0
15488	HGSV_147594	51	23	0.013	0.013	0.013
15489	HGSV_148815	51	1	0.0	0.0	0.0
15490	HGSV_14926	51	2	0.0	0.0	0.0
15491	HGSV_149435	51	2	0.0	0.0	0.0
15492	HGSV_149472	51	4	0.0	0.0	0.0
15493	HGSV_149492	51	3	0.0	0.0	0.0
15494	HGSV_151051	51	0	0.0	0.0	0.0
15495	HGSV_151068	51	21	0.012	0.012	0.0
15496	HGSV_151335	51	25	0.0	0.0	0.0
15497	HGSV_152538	51	17	0.018	0.018	0.018
15498	HGSV_152783	51	0	0.0	0.0	0.0
15499	HGSV_15319	51	0	0.0	0.0	0.0
15500	HGSV_153335	51	1	0.001	0.001	0.001
15501	HGSV_153582	51	1	0.0	0.0	0.0
15502	HGSV_156432	51	29	0.017	0.017	0.0
15503	HGSV_156588	51	1	0.0	0.0	0.0
15504	HGSV_157514	51	1	0.0	0.0	0.0
15505	HGSV_157528	51	1	0.0	0.0	0.0
15506	HGSV_157690	51	0	0.0	0.0	0.0
15507	HGSV_157824	51	1	0.001	0.001	0.001
15508	HGSV_157938	51	1	0.0	0.0	0.0
15509	HGSV_158076	51	13	0.544	0.0	0.0
15510	HGSV_158847	51	2	0.001	0.001	0.001
15511	HGSV_16138	51	11	0.014	0.0	0.0
15512	HGSV_16213	51	27	0.0	0.0	0.0
15513	HGSV_16634	51	0	0.001	0.001	0.001
15514	HGSV_1883	51	0	0.001	0.001	0.001
15515	HGSV_2844	51	3	0.005	0.005	0.005
15516	HGSV_3111	51	0	0.002	0.002	0.002
15517	HGSV_4376	51	30	0.014	0.014	0.0
15518	HGSV_4541	51	0	0.0	0.0	0.0
15519	HGSV_4710	51	1	0.0	0.0	0.0
15520	HGSV_473	51	1	0.076	0.076	0.0
15521	HGSV_4825	51	1	0.0	0.0	0.0
15522	HGSV_4903	51	2	0.0	0.0	0.0
15523	HGSV_5547	51	1	0.0	0.0	0.0
15524	HGSV_6199	51	1	0.0	0.0	0.0
15525	HGSV_6426	51	1	0.004	0.004	0.004
15526	HGSV_6835	51	7	0.022	0.022	0.0
15527	HGSV_7400	51	0	0.0	0.0	0.0
15528	HGSV_7885	51	1	1.0	1.0	1.0
15529	HGSV_8571	51	14	0.751	0.772	0.0
15530	HGSV_9384	51	0	0.0	0.0	0.0
15531	HGSV_943	51	0	0.0	0.0	0.0
15532	HGSV_9891	51	0	0.0	0.0	0.0
15533	HGSV_10174	50	0	0.0	0.0	0.0
15534	HGSV_10634	50	0	0.0	0.0	0.0
15535	HGSV_10638	50	1	0.0	0.0	0.0
15536	HGSV_11212	50	0	0.59	0.59	0.59
15537	HGSV_12694	50	1	0.0	0.0	0.0
15538	HGSV_14020	50	29	0.02	0.0	0.0
15539	HGSV_14265	50	1	0.0	0.0	0.0
15540	HGSV_143523	50	13	0.0	0.0	0.0
15541	HGSV_144423	50	0	0.0	0.0	0.0
15542	HGSV_144745	50	26	0.018	0.018	0.018
15543	HGSV_145139	50	0	0.001	0.001	0.001
15544	HGSV_1452	50	2	0.003	0.003	0.003
15545	HGSV_145367	50	2	0.001	0.001	0.001
15546	HGSV_145581	50	0	0.002	0.002	0.002
15547	HGSV_145686	50	27	0.0	0.0	0.0
15548	HGSV_145796	50	0	0.0	0.0	0.0
15549	HGSV_145942	50	0	0.0	0.0	0.0
15550	HGSV_146204	50	1	0.001	0.0	0.0
15551	HGSV_146275	50	1	0.0	0.0	0.0
15552	HGSV_147060	50	0	0.0	0.0	0.0
15553	HGSV_147682	50	0	0.0	0.0	0.0
15554	HGSV_147888	50	1	0.0	0.0	0.0
15555	HGSV_148814	50	2	0.0	0.0	0.0
15556	HGSV_148934	50	21	0.0	0.0	0.0
15557	HGSV_15000	50	5	0.002	0.002	0.002
15558	HGSV_15023	50	2	0.0	0.0	0.0
15559	HGSV_150423	50	2	0.0	0.0	0.0
15560	HGSV_150428	50	3	0.002	0.002	0.002
15561	HGSV_150642	50	7	0.0	0.0	0.0
15562	HGSV_150881	50	26	0.025	0.0	0.0
15563	HGSV_151060	50	3	0.027	0.027	0.0
15564	HGSV_151320	50	0	0.0	0.0	0.0
15565	HGSV_151480	50	0	0.001	0.001	0.001
15566	HGSV_151977	50	2	0.0	0.0	0.0
15567	HGSV_152042	50	0	0.001	0.001	0.001
15568	HGSV_153566	50	1	0.0	0.0	0.0
15569	HGSV_153670	50	16	0.023	0.023	0.0
15570	HGSV_155582	50	17	0.017	0.0	0.0
15571	HGSV_156073	50	0	0.0	0.0	0.0
15572	HGSV_156674	50	0	0.001	0.001	0.392
15573	HGSV_157781	50	1	0.0	0.0	0.0
15574	HGSV_158811	50	0	0.04	0.04	0.71
15575	HGSV_158937	50	0	0.0	0.0	0.0
15576	HGSV_159009	50	1	0.001	0.001	0.001
15577	HGSV_16687	50	0	0.0	0.0	0.0
15578	HGSV_16774	50	0	0.0	0.0	0.0
15579	HGSV_16787	50	3	0.003	0.0	0.0
15580	HGSV_17828	50	0	0.0	0.0	0.0
15581	HGSV_18401	50	33	0.018	0.018	0.0
15582	HGSV_18587	50	21	0.021	0.021	0.0
15583	HGSV_18930	50	32	0.0	0.0	0.0
15584	HGSV_19106	50	2	0.0	0.0	0.0
15585	HGSV_2206	50	0	0.79	0.79	0.79
15586	HGSV_3587	50	0	0.0	0.0	0.0
15587	HGSV_5645	50	29	0.023	0.023	0.023
15588	HGSV_6046	50	1	0.0	0.0	0.0
15589	HGSV_6311	50	0	0.0	0.0	0.0
15590	HGSV_7606	50	1	0.0	0.0	0.0
15591	HGSV_9312	50	32	0.018	0.018	0.018
15592	HGSV_9864	50	29	0.016	0.016	0.016
15593	HGSV_9915	50	0	0.0	0.0	0.0
15594	HGSV_10506	49	0	0.002	0.002	0.002
15595	HGSV_10797	49	2	0.0	0.0	0.0
15596	HGSV_1225	49	1	0.0	0.0	0.0
15597	HGSV_12590	49	3	0.0	0.0	0.0
15598	HGSV_13853	49	3	0.0	0.0	0.0
15599	HGSV_14342	49	0	0.001	0.001	0.001
15600	HGSV_143561	49	3	0.003	0.003	0.003
15601	HGSV_143926	49	0	0.0	0.0	0.0
15602	HGSV_144670	49	1	0.0	0.0	0.0
15603	HGSV_145419	49	0	0.0	0.0	0.0
15604	HGSV_145593	49	0	0.001	0.001	0.001
15605	HGSV_148334	49	6	0.0	0.0	0.0
15606	HGSV_14853	49	0	0.0	0.0	0.0
15607	HGSV_150921	49	5	0.0	0.0	0.0
15608	HGSV_151059	49	34	0.015	0.015	0.0
15609	HGSV_152007	49	24	0.013	0.013	0.013
15610	HGSV_152117	49	5	0.0	0.0	0.0
15611	HGSV_15293	49	3	0.001	0.001	0.001
15612	HGSV_15552	49	6	0.021	0.021	0.0
15613	HGSV_156012	49	5	0.0	0.0	0.0
15614	HGSV_156827	49	0	0.201	0.201	0.455
15615	HGSV_156953	49	0	0.0	0.0	0.0
15616	HGSV_157420	49	1	0.0	0.0	0.0
15617	HGSV_158219	49	28	0.019	0.019	0.019
15618	HGSV_158554	49	32	0.019	0.019	0.019
15619	HGSV_16432	49	0	0.0	0.0	0.0
15620	HGSV_17765	49	1	0.002	0.002	0.002
15621	HGSV_19590	49	1	0.0	0.0	0.0
15622	HGSV_19596	49	0	0.0	0.0	0.0
15623	HGSV_3390	49	9	0.0	0.0	0.0
15624	HGSV_3556	49	0	0.0	0.0	0.0
15625	HGSV_3833	49	3	0.001	0.001	0.001
15626	HGSV_4138	49	2	0.0	0.0	0.0
15627	HGSV_4678	49	4	0.0	0.0	0.0
15628	HGSV_5266	49	1	0.0	0.0	0.0
15629	HGSV_5522	49	1	0.0	0.0	0.0
15630	HGSV_6466	49	0	0.0	0.0	0.0
15631	HGSV_6563	49	4	0.0	0.0	0.0
15632	HGSV_7702	49	1	0.001	0.001	0.0
15633	HGSV_8139	49	2	0.005	0.005	0.005
15634	HGSV_9237	49	0	0.0	0.0	0.0
15635	HGSV_9392	49	0	0.291	0.0	0.0
15636	HGSV_10380	48	0	0.001	0.001	0.001
15637	HGSV_11254	48	0	0.0	0.0	0.0
15638	HGSV_12307	48	25	0.014	0.014	0.0
15639	HGSV_12879	48	0	0.0	0.0	0.0
15640	HGSV_12911	48	10	0.0	0.0	0.0
15641	HGSV_13536	48	7	0.0	0.0	0.0
15642	HGSV_144006	48	5	0.0	0.0	0.0
15643	HGSV_144765	48	22	0.009	0.009	0.0
15644	HGSV_145165	48	0	0.0	0.0	0.0
15645	HGSV_145969	48	0	0.0	0.0	0.0
15646	HGSV_146483	48	2	0.001	0.001	0.001
15647	HGSV_147263	48	0	0.0	0.0	0.0
15648	HGSV_147421	48	0	0.0	0.0	0.0
15649	HGSV_147688	48	5	0.0	0.0	0.0
15650	HGSV_14808	48	0	0.0	0.0	0.0
15651	HGSV_148892	48	0	0.0	0.0	0.0
15652	HGSV_149820	48	26	0.0	0.0	0.0
15653	HGSV_15114	48	34	0.0	0.0	0.0
15654	HGSV_152411	48	0	0.0	0.0	0.0
15655	HGSV_153999	48	0	0.0	0.0	0.0
15656	HGSV_155246	48	24	0.005	0.005	0.005
15657	HGSV_155260	48	2	0.002	0.002	0.002
15658	HGSV_155928	48	0	0.0	0.0	0.0
15659	HGSV_156030	48	0	0.0	0.0	0.0
15660	HGSV_156146	48	0	0.0	0.0	0.0
15661	HGSV_157561	48	0	0.0	0.0	0.0
15662	HGSV_157939	48	0	0.0	0.0	0.0
15663	HGSV_15856	48	32	0.012	0.0	0.0
15664	HGSV_158616	48	12	0.018	0.018	0.0
15665	HGSV_158732	48	1	0.0	0.0	0.0
15666	HGSV_159065	48	5	0.0	0.0	0.0
15667	HGSV_16012	48	1	0.0	0.0	0.0
15668	HGSV_18760	48	0	0.001	0.001	0.0
15669	HGSV_213	48	27	0.018	0.018	0.018
15670	HGSV_4120	48	27	0.014	0.014	0.014
15671	HGSV_4262	48	2	0.0	0.0	0.0
15672	HGSV_441	48	13	0.023	0.023	0.0
15673	HGSV_5667	48	28	0.015	0.015	0.015
15674	HGSV_6511	48	26	0.017	0.017	0.0
15675	HGSV_7421	48	0	1.0	1.0	1.0
15676	HGSV_7531	48	0	0.0	0.0	0.0
15677	HGSV_866	48	33	0.019	0.019	0.0
15678	HGSV_8725	48	40	0.021	0.021	0.0
15679	HGSV_8774	48	28	0.011	0.011	0.011
15680	HGSV_9982	48	0	0.0	0.0	0.0
15681	HGSV_1108	47	5	0.002	0.002	0.002
15682	HGSV_11767	47	28	0.0	0.0	0.0
15683	HGSV_12387	47	0	0.0	0.0	0.0
15684	HGSV_1415	47	1	0.0	0.0	0.0
15685	HGSV_143772	47	0	0.0	0.0	0.0
15686	HGSV_144010	47	35	0.008	0.008	0.008
15687	HGSV_144221	47	31	0.026	0.026	0.026
15688	HGSV_144360	47	1	0.0	0.0	0.0
15689	HGSV_14493	47	8	0.0	0.0	0.0
15690	HGSV_145188	47	0	0.713	0.713	0.997
15691	HGSV_146190	47	16	0.0	0.0	0.0
15692	HGSV_146800	47	26	0.016	0.016	0.016
15693	HGSV_148217	47	0	0.0	0.0	0.0
15694	HGSV_148561	47	29	0.0	0.0	0.0
15695	HGSV_14901	47	1	0.0	0.0	0.0
15696	HGSV_151957	47	3	0.001	0.001	0.001
15697	HGSV_152195	47	0	0.0	0.0	0.0
15698	HGSV_152297	47	1	0.0	0.0	0.0
15699	HGSV_153282	47	12	0.049	0.049	0.0
15700	HGSV_154985	47	1	0.0	0.0	0.0
15701	HGSV_155781	47	4	0.036	0.036	0.0
15702	HGSV_156392	47	1	0.0	0.0	0.0
15703	HGSV_157199	47	30	0.014	0.014	0.0
15704	HGSV_158320	47	2	0.0	0.0	0.0
15705	HGSV_158528	47	0	0.0	0.0	0.0
15706	HGSV_158882	47	0	0.0	0.0	0.0
15707	HGSV_16902	47	0	0.0	0.0	0.0
15708	HGSV_16987	47	7	0.003	0.003	0.003
15709	HGSV_17523	47	3	0.0	0.0	0.0
15710	HGSV_18764	47	29	0.021	0.021	0.0
15711	HGSV_19028	47	15	0.0	0.0	0.0
15712	HGSV_19163	47	13	0.011	0.011	0.0
15713	HGSV_1947	47	2	0.0	0.0	0.0
15714	HGSV_3043	47	1	0.0	0.0	0.0
15715	HGSV_3567	47	2	0.022	0.022	0.0
15716	HGSV_4154	47	29	0.036	0.036	0.036
15717	HGSV_4381	47	15	0.0	0.0	0.0
15718	HGSV_4537	47	0	0.0	0.0	0.0
15719	HGSV_5584	47	0	0.0	0.0	0.0
15720	HGSV_5613	47	0	0.0	0.0	0.0
15721	HGSV_7466	47	34	0.016	0.016	0.0
15722	HGSV_7677	47	0	0.0	0.0	0.0
15723	HGSV_8177	47	0	0.0	0.0	0.0
15724	HGSV_8590	47	1	0.002	0.002	0.002
15725	HGSV_9839	47	0	0.0	0.0	0.0
15726	HGSV_10505	46	0	0.002	0.002	0.002
15727	HGSV_11495	46	21	0.015	0.015	0.0
15728	HGSV_11896	46	27	0.0	0.0	0.0
15729	HGSV_12245	46	3	0.0	0.0	0.0
15730	HGSV_12	46	1	0.0	0.0	0.0
15731	HGSV_143920	46	4	0.002	0.0	0.0
15732	HGSV_14409	46	26	0.02	0.02	0.0
15733	HGSV_144863	46	0	0.0	0.0	0.0
15734	HGSV_145041	46	5	0.0	0.0	0.0
15735	HGSV_145801	46	21	0.016	0.016	0.0
15736	HGSV_145802	46	21	0.016	0.016	0.0
15737	HGSV_14606	46	17	0.021	0.021	0.0
15738	HGSV_146217	46	18	0.0	0.0	0.0
15739	HGSV_14795	46	2	0.0	0.0	0.0
15740	HGSV_148199	46	3	0.0	0.0	0.0
15741	HGSV_148462	46	2	0.0	0.0	0.0
15742	HGSV_148499	46	1	0.0	0.0	0.0
15743	HGSV_148719	46	17	0.0	0.0	0.0
15744	HGSV_148865	46	7	0.0	0.0	0.0
15745	HGSV_149195	46	1	0.0	0.0	0.0
15746	HGSV_15006	46	0	0.183	0.183	0.183
15747	HGSV_150523	46	0	0.001	0.001	0.001
15748	HGSV_150932	46	0	0.0	0.0	0.0
15749	HGSV_155485	46	1	0.0	0.0	0.0
15750	HGSV_155549	46	20	0.0	0.0	0.0
15751	HGSV_158315	46	1	0.0	0.0	0.0
15752	HGSV_158501	46	28	0.0	0.0	0.0
15753	HGSV_158738	46	0	0.0	0.0	0.0
15754	HGSV_158742	46	16	0.015	0.015	0.0
15755	HGSV_17829	46	16	0.008	0.008	0.008
15756	HGSV_18702	46	1	0.0	0.0	0.0
15757	HGSV_18956	46	3	0.0	0.0	0.0
15758	HGSV_3356	46	22	0.018	0.018	0.0
15759	HGSV_361	46	0	0.0	0.0	0.0
15760	HGSV_43	46	2	0.001	0.001	0.001
15761	HGSV_4615	46	22	0.012	0.012	0.012
15762	HGSV_6153	46	7	0.019	0.019	0.0
15763	HGSV_6732	46	0	0.0	0.0	0.0
15764	HGSV_7369	46	0	0.0	0.0	0.0
15765	HGSV_10299	45	4	0.0	0.0	0.0
15766	HGSV_10743	45	14	0.0	0.0	0.0
15767	HGSV_13491	45	4	0.0	0.0	0.0
15768	HGSV_13546	45	0	0.0	0.0	0.0
15769	HGSV_13797	45	0	0.0	0.0	0.0
15770	HGSV_14284	45	0	0.0	0.0	0.0
15771	HGSV_143495	45	15	0.027	0.027	0.027
15772	HGSV_14376	45	5	0.0	0.0	0.0
15773	HGSV_144464	45	0	0.0	0.0	0.0
15774	HGSV_146159	45	2	0.001	0.001	0.001
15775	HGSV_147071	45	9	0.024	0.024	0.0
15776	HGSV_148273	45	24	0.019	0.019	0.0
15777	HGSV_148589	45	0	0.0	0.0	0.0
15778	HGSV_150564	45	9	0.0	0.0	0.0
15779	HGSV_150644	45	8	0.0	0.0	0.0
15780	HGSV_150834	45	14	0.0	0.0	0.0
15781	HGSV_15123	45	26	0.028	0.028	0.028
15782	HGSV_151245	45	3	0.023	0.023	0.0
15783	HGSV_15175	45	3	0.001	0.001	0.001
15784	HGSV_151857	45	5	0.001	0.0	0.0
15785	HGSV_152369	45	0	0.0	0.0	0.0
15786	HGSV_152864	45	0	0.001	0.001	0.0
15787	HGSV_153092	45	0	0.0	0.0	0.0
15788	HGSV_153544	45	0	0.0	0.0	0.0
15789	HGSV_155669	45	0	0.0	0.0	0.0
15790	HGSV_155708	45	5	0.0	0.0	0.0
15791	HGSV_155853	45	6	0.0	0.0	0.0
15792	HGSV_155963	45	1	0.025	0.025	0.0
15793	HGSV_157365	45	0	0.0	0.0	0.0
15794	HGSV_157971	45	0	0.0	0.0	0.0
15795	HGSV_158338	45	0	0.0	0.0	0.0
15796	HGSV_158414	45	0	0.0	0.0	0.0
15797	HGSV_15866	45	27	0.012	0.012	0.0
15798	HGSV_16829	45	2	0.0	0.0	0.0
15799	HGSV_17008	45	22	0.0	0.0	0.0
15800	HGSV_17135	45	28	0.012	0.012	0.0
15801	HGSV_17166	45	13	0.0	0.0	0.0
15802	HGSV_1721	45	19	0.007	0.007	0.0
15803	HGSV_1752	45	9	0.001	0.001	0.001
15804	HGSV_17584	45	0	0.0	0.0	0.0
15805	HGSV_17847	45	29	0.016	0.016	0.0
15806	HGSV_2807	45	2	0.0	0.0	0.0
15807	HGSV_4827	45	5	0.0	0.0	0.0
15808	HGSV_6131	45	0	0.0	0.0	0.0
15809	HGSV_7474	45	0	0.0	0.0	0.0
15810	HGSV_7591	45	4	0.005	0.005	0.005
15811	HGSV_9031	45	7	0.0	0.0	0.0
15812	HGSV_10938	44	1	0.001	0.001	0.001
15813	HGSV_10946	44	6	0.0	0.0	0.0
15814	HGSV_11701	44	5	0.024	0.024	0.0
15815	HGSV_12243	44	4	0.0	0.0	0.0
15816	HGSV_13642	44	0	0.0	0.0	0.0
15817	HGSV_13644	44	0	0.0	0.0	0.0
15818	HGSV_14258	44	0	0.0	0.0	0.0
15819	HGSV_144289	44	25	0.0	0.0	0.0
15820	HGSV_144639	44	3	0.003	0.003	0.0
15821	HGSV_145152	44	1	0.0	0.0	0.0
15822	HGSV_145232	44	0	0.038	0.038	0.0
15823	HGSV_145513	44	0	0.596	0.596	0.611
15824	HGSV_145778	44	1	0.0	0.0	0.0
15825	HGSV_146170	44	13	0.007	0.007	0.007
15826	HGSV_14627	44	0	0.893	0.893	0.893
15827	HGSV_147971	44	19	0.009	0.009	0.009
15828	HGSV_148443	44	21	0.005	0.005	0.005
15829	HGSV_148942	44	2	0.924	0.924	0.924
15830	HGSV_149514	44	8	0.0	0.0	0.0
15831	HGSV_149571	44	11	0.027	0.027	0.0
15832	HGSV_149860	44	28	0.0	0.0	0.0
15833	HGSV_150359	44	0	0.0	0.0	0.0
15834	HGSV_150394	44	1	0.0	0.0	0.0
15835	HGSV_151643	44	17	0.017	0.017	0.0
15836	HGSV_151826	44	0	0.001	0.001	0.001
15837	HGSV_15212	44	0	0.0	0.0	0.0
15838	HGSV_152207	44	0	0.001	0.001	0.001
15839	HGSV_154247	44	28	0.024	0.024	0.024
15840	HGSV_15454	44	0	0.001	0.001	0.001
15841	HGSV_154626	44	8	0.033	0.033	0.0
15842	HGSV_154736	44	7	0.001	0.001	0.001
15843	HGSV_155233	44	1	0.0	0.0	0.0
15844	HGSV_155469	44	16	0.01	0.01	0.0
15845	HGSV_155747	44	19	0.0	0.0	0.0
15846	HGSV_156446	44	1	0.0	0.0	0.0
15847	HGSV_158033	44	1	0.0	0.0	0.0
15848	HGSV_158123	44	21	0.016	0.016	0.0
15849	HGSV_158707	44	1	0.0	0.0	0.0
15850	HGSV_158873	44	23	0.024	0.024	0.0
15851	HGSV_17471	44	0	0.0	0.0	0.0
15852	HGSV_18605	44	0	0.0	0.0	0.0
15853	HGSV_18787	44	37	0.017	0.017	0.017
15854	HGSV_19553	44	16	0.003	0.003	0.003
15855	HGSV_2041	44	14	0.0	0.0	0.0
15856	HGSV_2152	44	4	0.0	0.0	0.0
15857	HGSV_3808	44	3	0.0	0.0	0.0
15858	HGSV_5869	44	15	0.018	0.018	0.0
15859	HGSV_6795	44	20	0.0	0.0	0.0
15860	HGSV_7104	44	27	0.012	0.0	0.0
15861	HGSV_7638	44	7	0.019	0.019	0.0
15862	HGSV_8122	44	5	0.003	0.0	0.0
15863	HGSV_9198	44	2	0.0	0.0	0.0
15864	HGSV_9911	44	17	0.02	0.02	0.0
15865	HGSV_10501	43	1	0.0	0.0	0.0
15866	HGSV_13483	43	1	0.0	0.0	0.0
15867	HGSV_14	43	3	0.0	0.0	0.0
15868	HGSV_146566	43	0	0.0	0.0	0.0
15869	HGSV_147548	43	0	0.0	0.0	0.0
15870	HGSV_148428	43	25	0.024	0.024	0.0
15871	HGSV_151159	43	1	0.0	0.0	0.0
15872	HGSV_152113	43	1	0.0	0.0	0.0
15873	HGSV_153068	43	7	0.0	0.0	0.0
15874	HGSV_153304	43	22	0.014	0.014	0.0
15875	HGSV_153696	43	0	0.001	0.001	0.001
15876	HGSV_154988	43	2	0.0	0.0	0.0
15877	HGSV_155760	43	4	0.0	0.0	0.0
15878	HGSV_156880	43	29	0.0	0.0	0.0
15879	HGSV_157069	43	0	0.0	0.0	0.0
15880	HGSV_158206	43	8	0.0	0.0	0.0
15881	HGSV_158602	43	30	0.015	0.015	0.015
15882	HGSV_16860	43	1	0.002	0.002	0.0
15883	HGSV_17853	43	8	0.014	0.014	0.0
15884	HGSV_19164	43	13	0.0	0.0	0.0
15885	HGSV_5686	43	2	0.001	0.001	0.0
15886	HGSV_7103	43	27	0.012	0.012	0.0
15887	HGSV_763	43	7	0.001	0.001	0.0
15888	HGSV_7778	43	27	0.023	0.023	0.023
15889	HGSV_8797	43	21	0.021	0.021	0.0
15890	HGSV_12098	42	3	0.001	0.001	0.001
15891	HGSV_12259	42	36	0.0	0.0	0.0
15892	HGSV_12522	42	20	0.006	0.006	0.006
15893	HGSV_13331	42	1	0.0	0.0	0.0
15894	HGSV_13340	42	23	0.016	0.016	0.016
15895	HGSV_13912	42	3	0.0	0.0	0.0
15896	HGSV_13916	42	0	0.0	0.0	0.0
15897	HGSV_144087	42	1	0.0	0.0	0.0
15898	HGSV_145525	42	0	0.001	0.001	0.001
15899	HGSV_147770	42	9	0.0	0.0	0.0
15900	HGSV_1484	42	2	0.0	0.0	0.0
15901	HGSV_149402	42	0	0.001	0.001	0.001
15902	HGSV_150416	42	0	0.0	0.0	0.0
15903	HGSV_153006	42	6	0.0	0.0	0.0
15904	HGSV_153753	42	22	0.018	0.018	0.0
15905	HGSV_156299	42	1	0.032	0.0	0.0
15906	HGSV_157013	42	0	0.0	0.0	0.0
15907	HGSV_157457	42	22	0.012	0.012	0.0
15908	HGSV_157553	42	21	0.013	0.013	0.0
15909	HGSV_158441	42	0	0.001	0.001	0.0
15910	HGSV_1590	42	7	0.022	0.022	0.0
15911	HGSV_16764	42	24	0.014	0.014	0.0
15912	HGSV_17227	42	0	0.001	0.001	0.001
15913	HGSV_19385	42	16	0.0	0.0	0.0
15914	HGSV_2118	42	26	0.012	0.012	0.012
15915	HGSV_3215	42	21	0.012	0.012	0.012
15916	HGSV_4407	42	17	0.019	0.019	0.0
15917	HGSV_4485	42	22	0.021	0.021	0.0
15918	HGSV_4626	42	21	0.0	0.0	0.0
15919	HGSV_4792	42	1	0.0	0.0	0.0
15920	HGSV_5135	42	0	0.0	0.0	0.0
15921	HGSV_5415	42	0	0.0	0.0	0.0
15922	HGSV_7303	42	24	0.02	0.02	0.02
15923	HGSV_7828	42	23	0.016	0.016	0.0
15924	HGSV_9025	42	14	0.0	0.0	0.0
15925	HGSV_9132	42	1	0.0	0.0	0.0
15926	HGSV_9617	42	8	0.0	0.0	0.0
15927	HGSV_1068	41	0	0.0	0.0	0.0
15928	HGSV_10896	41	3	0.0	0.0	0.0
15929	HGSV_11226	41	3	0.0	0.0	0.0
15930	HGSV_11860	41	0	0.0	0.0	0.0
15931	HGSV_12305	41	23	0.013	0.013	0.0
15932	HGSV_12973	41	2	0.0	0.0	0.0
15933	HGSV_147012	41	0	0.0	0.0	0.0
15934	HGSV_148518	41	1	0.0	0.0	0.0
15935	HGSV_148576	41	2	0.0	0.0	0.0
15936	HGSV_149540	41	3	0.0	0.0	0.0
15937	HGSV_150391	41	0	0.0	0.0	0.0
15938	HGSV_151376	41	0	0.0	0.0	0.0
15939	HGSV_154800	41	21	0.0	0.0	0.0
15940	HGSV_156109	41	0	0.0	0.0	0.0
15941	HGSV_156266	41	8	0.0	0.0	0.0
15942	HGSV_156525	41	5	0.0	0.0	0.0
15943	HGSV_156802	41	2	0.0	0.0	0.0
15944	HGSV_15680	41	1	0.0	0.0	0.0
15945	HGSV_157015	41	3	0.0	0.0	0.0
15946	HGSV_15749	41	0	0.0	0.0	0.0
15947	HGSV_157741	41	2	0.0	0.0	0.0
15948	HGSV_158001	41	1	0.001	0.001	0.001
15949	HGSV_158180	41	10	0.0	0.0	0.0
15950	HGSV_17399	41	27	0.016	0.016	0.0
15951	HGSV_19137	41	0	0.0	0.0	0.0
15952	HGSV_2559	41	17	0.006	0.006	0.006
15953	HGSV_2803	41	0	0.0	0.0	0.0
15954	HGSV_4241	41	23	0.015	0.015	0.0
15955	HGSV_4576	41	5	0.0	0.0	0.0
15956	HGSV_4964	41	0	0.0	0.0	0.0
15957	HGSV_5032	41	12	0.0	0.0	0.0
15958	HGSV_7149	41	8	0.96	0.999	0.0
15959	HGSV_7406	41	2	0.0	0.0	0.0
15960	HGSV_9149	41	27	0.01	0.01	0.01
15961	HGSV_950	41	18	0.013	0.013	0.013
15962	HGSV_13752	40	18	0.012	0.012	0.012
15963	HGSV_14005	40	16	0.012	0.012	0.0
15964	HGSV_14319	40	4	0.0	0.0	0.0
15965	HGSV_144420	40	1	0.003	0.003	0.003
15966	HGSV_14616	40	23	0.0	0.0	0.0
15967	HGSV_146487	40	4	0.0	0.0	0.0
15968	HGSV_148254	40	0	0.0	0.0	0.0
15969	HGSV_148834	40	6	0.016	0.016	0.0
15970	HGSV_148943	40	14	0.0	0.0	0.0
15971	HGSV_149190	40	1	0.0	0.0	0.0
15972	HGSV_14967	40	5	0.0	0.0	0.0
15973	HGSV_14976	40	6	0.0	0.0	0.0
15974	HGSV_150107	40	0	0.0	0.0	0.0
15975	HGSV_151386	40	8	0.018	0.018	0.0
15976	HGSV_151613	40	5	0.0	0.0	0.0
15977	HGSV_152287	40	21	0.0	0.0	0.0
15978	HGSV_152634	40	22	0.017	0.017	0.0
15979	HGSV_154540	40	25	0.012	0.012	0.0
15980	HGSV_154544	40	6	0.0	0.0	0.0
15981	HGSV_17586	40	16	0.024	0.024	0.0
15982	HGSV_1766	40	0	0.0	0.0	0.0
15983	HGSV_2191	40	25	0.013	0.013	0.0
15984	HGSV_4805	40	18	0.012	0.012	0.0
15985	HGSV_4887	40	18	0.0	0.0	0.0
15986	HGSV_4922	40	6	0.017	0.017	0.0
15987	HGSV_7141	40	2	0.0	0.0	0.0
15988	HGSV_8602	40	0	0.0	0.0	0.0
15989	HGSV_8958	40	1	0.0	0.0	0.0
15990	HGSV_9056	40	0	0.0	0.0	0.0
15991	HGSV_9639	40	4	0.0	0.0	0.0
15992	HGSV_10469	39	0	0.0	0.0	0.0
15993	HGSV_10844	39	0	0.0	0.0	0.0
15994	HGSV_11389	39	0	0.0	0.0	0.0
15995	HGSV_1265	39	15	0.015	0.015	0.0
15996	HGSV_13726	39	17	0.007	0.007	0.0
15997	HGSV_143687	39	1	0.0	0.0	0.0
15998	HGSV_144048	39	7	0.0	0.0	0.0
15999	HGSV_14418	39	25	0.028	0.028	0.028
16000	HGSV_144434	39	1	0.0	0.0	0.0
16001	HGSV_14509	39	0	0.001	0.0	0.0
16002	HGSV_145313	39	9	0.0	0.0	0.0
16003	HGSV_147085	39	0	0.0	0.0	0.0
16004	HGSV_147339	39	25	0.024	0.0	0.0
16005	HGSV_148983	39	0	0.0	0.0	0.0
16006	HGSV_149424	39	17	0.013	0.013	0.0
16007	HGSV_149808	39	0	0.0	0.0	0.0
16008	HGSV_150756	39	1	0.0	0.0	0.0
16009	HGSV_151398	39	17	0.0	0.0	0.0
16010	HGSV_151475	39	15	0.007	0.007	0.0
16011	HGSV_152607	39	2	0.0	0.0	0.0
16012	HGSV_154198	39	2	0.0	0.0	0.0
16013	HGSV_154657	39	8	0.0	0.0	0.0
16014	HGSV_155736	39	0	0.0	0.0	0.0
16015	HGSV_15607	39	17	0.0	0.0	0.0
16016	HGSV_156204	39	23	0.013	0.013	0.013
16017	HGSV_156453	39	1	0.0	0.0	0.0
16018	HGSV_15652	39	0	0.0	0.0	0.0
16019	HGSV_156547	39	1	0.0	0.0	0.0
16020	HGSV_159096	39	14	0.009	0.009	0.0
16021	HGSV_18785	39	5	0.0	0.0	0.0
16022	HGSV_2179	39	0	0.0	0.0	0.0
16023	HGSV_2193	39	25	0.013	0.013	0.999
16024	HGSV_2352	39	0	0.0	0.0	0.0
16025	HGSV_5172	39	21	0.007	0.007	0.0
16026	HGSV_5354	39	27	0.013	0.013	0.013
16027	HGSV_5803	39	21	0.008	0.008	0.0
16028	HGSV_6962	39	17	0.018	0.018	0.018
16029	HGSV_8768	39	12	0.0	0.0	0.0
16030	HGSV_9300	39	18	0.016	0.016	0.0
16031	HGSV_9927	39	1	0.015	0.015	0.0
16032	HGSV_10952	38	21	0.015	0.015	0.0
16033	HGSV_1152	38	1	0.0	0.0	0.0
16034	HGSV_11911	38	17	0.01	0.0	0.0
16035	HGSV_12190	38	0	0.0	0.0	0.0
16036	HGSV_13664	38	2	0.0	0.0	0.0
16037	HGSV_145120	38	24	0.0	0.0	0.0
16038	HGSV_147494	38	1	0.0	0.0	0.0
16039	HGSV_147599	38	18	0.012	0.012	0.0
16040	HGSV_14763	38	16	0.008	0.008	0.0
16041	HGSV_147818	38	2	0.0	0.0	0.0
16042	HGSV_147876	38	0	0.0	0.0	0.0
16043	HGSV_147987	38	1	0.0	0.0	0.0
16044	HGSV_148112	38	7	0.0	0.0	0.0
16045	HGSV_148302	38	0	0.0	0.0	0.0
16046	HGSV_149508	38	12	0.007	0.007	0.0
16047	HGSV_149781	38	12	0.013	0.013	0.0
16048	HGSV_150115	38	20	0.005	0.005	0.005
16049	HGSV_153767	38	0	0.0	0.0	0.0
16050	HGSV_154316	38	18	0.012	0.012	0.0
16051	HGSV_154658	38	8	0.0	0.0	0.0
16052	HGSV_155919	38	8	0.0	0.0	0.0
16053	HGSV_157813	38	27	0.013	0.013	0.0
16054	HGSV_158381	38	3	0.0	0.0	0.0
16055	HGSV_158547	38	23	0.012	0.012	0.0
16056	HGSV_16616	38	0	0.0	0.0	0.0
16057	HGSV_18119	38	16	0.011	0.011	0.0
16058	HGSV_18890	38	1	0.0	0.0	0.0
16059	HGSV_19513	38	16	0.0	0.0	0.0
16060	HGSV_19715	38	14	0.0	0.0	0.0
16061	HGSV_2270	38	0	0.0	0.0	0.0
16062	HGSV_2827	38	0	0.0	0.0	0.0
16063	HGSV_4000	38	0	0.0	0.0	0.0
16064	HGSV_4126	38	23	0.0	0.0	0.0
16065	HGSV_4393	38	7	0.0	0.0	0.0
16066	HGSV_4474	38	1	0.0	0.0	0.0
16067	HGSV_5018	38	0	0.381	0.381	0.381
16068	HGSV_5175	38	10	0.008	0.008	0.008
16069	HGSV_6210	38	16	0.013	0.013	0.0
16070	HGSV_7308	38	19	0.021	0.021	0.0
16071	HGSV_7629	38	11	0.015	0.015	0.0
16072	HGSV_9159	38	21	0.014	0.014	0.0
16073	HGSV_9356	38	14	0.011	0.011	0.0
16074	HGSV_11357	37	4	0.0	0.0	0.0
16075	HGSV_13004	37	17	0.012	0.012	0.012
16076	HGSV_13365	37	12	0.014	0.0	0.0
16077	HGSV_13424	37	7	0.019	0.019	0.0
16078	HGSV_13659	37	0	0.0	0.0	0.0
16079	HGSV_145855	37	14	0.001	0.0	0.0
16080	HGSV_147493	37	18	0.014	0.014	0.0
16081	HGSV_147668	37	1	0.0	0.0	0.0
16082	HGSV_148818	37	9	0.0	0.0	0.0
16083	HGSV_149501	37	2	0.002	0.241	0.241
16084	HGSV_150640	37	12	0.006	0.006	0.0
16085	HGSV_15113	37	3	0.0	0.0	0.0
16086	HGSV_151710	37	1	0.0	0.0	0.0
16087	HGSV_15325	37	15	0.012	0.012	0.012
16088	HGSV_153893	37	0	0.0	0.0	0.0
16089	HGSV_154604	37	0	0.0	0.0	0.0
16090	HGSV_155094	37	14	0.0	0.0	0.0
16091	HGSV_155277	37	13	0.0	0.0	0.0
16092	HGSV_156583	37	11	0.002	0.002	0.002
16093	HGSV_157147	37	10	0.0	0.0	0.0
16094	HGSV_16356	37	10	0.013	0.013	0.0
16095	HGSV_17803	37	16	0.01	0.01	0.0
16096	HGSV_17883	37	1	0.0	0.0	0.0
16097	HGSV_18503	37	1	0.0	0.0	0.0
16098	HGSV_18796	37	8	0.024	0.024	0.024
16099	HGSV_4499	37	2	0.0	0.0	0.0
16100	HGSV_4953	37	23	0.026	0.026	0.0
16101	HGSV_5904	37	1	0.002	0.002	0.0
16102	HGSV_7003	37	8	0.0	0.0	0.0
16103	HGSV_7306	37	24	0.02	0.02	0.0
16104	HGSV_7644	37	1	0.0	0.0	0.0
16105	HGSV_7736	37	7	0.0	0.0	0.0
16106	HGSV_792	37	0	0.001	0.001	0.0
16107	HGSV_8948	37	22	0.013	0.013	0.013
16108	HGSV_9161	37	21	0.014	0.014	0.0
16109	HGSV_922	37	3	0.0	0.0	0.0
16110	HGSV_9320	37	0	0.046	0.046	0.0
16111	HGSV_93	37	1	0.004	0.004	0.0
16112	HGSV_9554	37	2	0.0	0.0	0.0
16113	HGSV_9555	37	2	0.0	0.0	0.0
16114	HGSV_9821	37	7	0.005	0.005	0.005
16115	HGSV_10397	36	11	0.0	0.0	0.0
16116	HGSV_13838	36	0	0.0	0.0	0.0
16117	HGSV_14416	36	23	0.012	0.012	0.012
16118	HGSV_144308	36	4	0.0	0.0	0.0
16119	HGSV_144693	36	19	0.007	0.007	0.007
16120	HGSV_145007	36	1	0.004	0.004	0.0
16121	HGSV_145821	36	10	0.0	0.0	0.0
16122	HGSV_146091	36	1	0.0	0.0	0.0
16123	HGSV_146250	36	20	0.0	0.0	0.0
16124	HGSV_14631	36	3	0.0	0.0	0.0
16125	HGSV_147448	36	5	0.0	0.0	0.0
16126	HGSV_147469	36	0	0.0	0.0	0.0
16127	HGSV_148794	36	0	0.0	0.0	0.0
16128	HGSV_149034	36	11	0.009	0.009	0.0
16129	HGSV_149739	36	12	0.005	0.005	0.0
16130	HGSV_149927	36	20	0.018	0.018	0.0
16131	HGSV_150823	36	20	0.016	0.016	0.016
16132	HGSV_150829	36	3	0.0	0.0	0.0
16133	HGSV_151106	36	16	0.005	0.005	0.005
16134	HGSV_154350	36	0	0.022	0.0	0.0
16135	HGSV_155937	36	1	0.0	0.0	0.0
16136	HGSV_15597	36	19	0.012	0.012	0.0
16137	HGSV_157268	36	6	0.0	0.0	0.0
16138	HGSV_16649	36	17	0.014	0.014	0.014
16139	HGSV_17290	36	3	0.0	0.0	0.0
16140	HGSV_17884	36	0	0.071	0.071	0.0
16141	HGSV_18807	36	16	0.008	0.008	0.0
16142	HGSV_2483	36	16	0.0	0.0	0.0
16143	HGSV_386	36	3	0.0	0.0	0.0
16144	HGSV_5195	36	11	1.0	1.0	0.0
16145	HGSV_762	36	6	0.0	0.0	0.0
16146	HGSV_8413	36	0	0.0	0.0	0.0
16147	HGSV_8815	36	2	0.002	0.002	0.002
16148	HGSV_10887	35	3	0.0	0.0	0.0
16149	HGSV_12824	35	0	0.0	0.0	0.0
16150	HGSV_12920	35	16	0.013	0.013	0.0
16151	HGSV_13631	35	15	0.008	0.008	0.008
16152	HGSV_144399	35	13	0.006	0.006	0.0
16153	HGSV_146790	35	1	0.005	0.0	0.0
16154	HGSV_146832	35	0	0.671	0.671	0.671
16155	HGSV_146928	35	18	0.027	0.027	0.027
16156	HGSV_147564	35	12	0.0	0.0	0.0
16157	HGSV_148144	35	17	0.013	0.013	0.013
16158	HGSV_148988	35	8	0.0	0.0	0.0
16159	HGSV_151295	35	8	0.0	0.0	0.0
16160	HGSV_151319	35	19	0.012	0.012	0.0
16161	HGSV_151490	35	4	0.0	0.0	0.0
16162	HGSV_151627	35	0	0.0	0.0	0.0
16163	HGSV_151794	35	4	0.0	0.0	0.0
16164	HGSV_152315	35	7	0.0	0.0	0.0
16165	HGSV_152589	35	15	0.01	0.01	0.0
16166	HGSV_153160	35	2	0.0	0.0	0.0
16167	HGSV_153263	35	2	0.0	0.0	0.0
16168	HGSV_153724	35	18	0.0	0.0	0.0
16169	HGSV_154011	35	1	0.0	0.0	0.0
16170	HGSV_155727	35	13	0.0	0.0	0.0
16171	HGSV_156719	35	5	0.0	0.0	0.0
16172	HGSV_157596	35	2	0.0	0.0	0.0
16173	HGSV_157780	35	1	0.036	0.036	0.0
16174	HGSV_15807	35	2	0.0	0.0	0.0
16175	HGSV_158325	35	0	0.0	0.0	0.0
16176	HGSV_16905	35	1	0.078	0.078	0.0
16177	HGSV_17870	35	11	0.006	0.006	0.006
16178	HGSV_18550	35	8	0.0	0.0	0.0
16179	HGSV_18671	35	1	0.0	0.0	0.0
16180	HGSV_2078	35	18	0.011	0.011	0.0
16181	HGSV_2290	35	9	0.001	0.001	0.001
16182	HGSV_3038	35	0	0.0	0.0	0.0
16183	HGSV_5193	35	12	0.0	0.0	0.0
16184	HGSV_5461	35	12	0.003	0.0	0.0
16185	HGSV_5927	35	9	0.0	0.0	0.0
16186	HGSV_6285	35	10	0.0	0.0	0.0
16187	HGSV_6763	35	1	0.0	0.0	0.0
16188	HGSV_7561	35	23	0.017	0.017	0.0
16189	HGSV_8049	35	5	0.0	0.0	0.0
16190	HGSV_9649	35	3	0.0	0.0	0.0
16191	HGSV_12566	34	3	0.007	0.007	0.0
16192	HGSV_1398	34	19	0.014	0.014	0.014
16193	HGSV_143855	34	0	0.0	0.0	0.0
16194	HGSV_14411	34	0	0.0	0.0	0.0
16195	HGSV_146652	34	14	0.016	0.016	0.016
16196	HGSV_147465	34	18	0.0	0.0	0.0
16197	HGSV_147633	34	13	0.011	0.011	0.0
16198	HGSV_148795	34	0	0.0	0.0	0.0
16199	HGSV_149090	34	0	0.0	0.0	0.0
16200	HGSV_149483	34	14	0.013	0.013	0.0
16201	HGSV_149545	34	18	0.013	0.013	0.013
16202	HGSV_150149	34	1	0.0	0.0	0.0
16203	HGSV_150271	34	4	0.0	0.0	0.0
16204	HGSV_150303	34	25	0.016	0.016	0.0
16205	HGSV_150778	34	0	0.0	0.0	0.0
16206	HGSV_151292	34	5	0.019	0.0	0.0
16207	HGSV_153141	34	4	0.0	0.0	0.0
16208	HGSV_15368	34	0	0.0	0.0	0.0
16209	HGSV_154451	34	5	0.0	0.0	0.0
16210	HGSV_15477	34	1	0.0	0.0	0.0
16211	HGSV_154801	34	13	0.0	0.0	0.0
16212	HGSV_156152	34	10	0.008	0.008	0.0
16213	HGSV_156164	34	20	0.009	0.009	0.009
16214	HGSV_156472	34	1	0.0	0.0	0.0
16215	HGSV_156717	34	12	0.016	0.016	0.016
16216	HGSV_157818	34	18	0.014	0.014	0.014
16217	HGSV_158218	34	3	0.0	0.0	0.0
16218	HGSV_158447	34	1	0.0	0.0	0.0
16219	HGSV_16326	34	1	0.0	0.0	0.0
16220	HGSV_17254	34	18	0.0	0.0	0.0
16221	HGSV_17454	34	4	0.0	0.0	0.0
16222	HGSV_18566	34	26	0.021	0.021	0.0
16223	HGSV_19103	34	0	0.0	0.0	0.0
16224	HGSV_19424	34	20	0.0	0.0	0.0
16225	HGSV_2996	34	18	0.01	0.01	0.01
16226	HGSV_4392	34	0	0.0	0.0	0.0
16227	HGSV_5184	34	1	0.0	0.0	0.0
16228	HGSV_5998	34	0	0.0	0.0	0.0
16229	HGSV_6373	34	20	0.005	0.005	0.005
16230	HGSV_6970	34	2	0.0	0.0	0.0
16231	HGSV_7116	34	10	0.005	0.005	0.0
16232	HGSV_7624	34	3	0.0	0.0	0.0
16233	HGSV_9044	34	5	0.0	0.0	0.0
16234	HGSV_11030	33	2	0.0	0.0	0.0
16235	HGSV_12787	33	10	0.009	0.009	0.0
16236	HGSV_12991	33	5	0.0	0.0	0.0
16237	HGSV_13913	33	8	0.014	0.014	0.0
16238	HGSV_13962	33	0	0.0	0.0	0.0
16239	HGSV_14192	33	17	0.01	0.01	0.0
16240	HGSV_1431	33	3	0.0	0.0	0.0
16241	HGSV_144176	33	0	0.0	0.0	0.0
16242	HGSV_145046	33	1	0.0	0.0	0.0
16243	HGSV_145115	33	14	0.014	0.014	0.014
16244	HGSV_147277	33	0	0.0	0.0	0.0
16245	HGSV_14746	33	1	0.0	0.0	0.0
16246	HGSV_147933	33	3	0.0	0.0	0.0
16247	HGSV_148116	33	0	0.0	0.0	0.0
16248	HGSV_149638	33	3	0.0	0.0	0.0
16249	HGSV_149788	33	0	0.0	0.0	0.0
16250	HGSV_150029	33	1	0.0	0.0	0.0
16251	HGSV_150646	33	0	0.0	0.0	0.0
16252	HGSV_150807	33	4	0.0	0.0	0.0
16253	HGSV_153222	33	20	0.019	0.019	0.0
16254	HGSV_153730	33	1	0.0	0.0	0.0
16255	HGSV_154620	33	14	0.014	0.014	0.0
16256	HGSV_155982	33	3	0.0	0.0	0.0
16257	HGSV_156271	33	16	0.014	0.014	0.0
16258	HGSV_157697	33	0	0.0	0.0	0.0
16259	HGSV_157857	33	0	0.0	0.0	0.0
16260	HGSV_16593	33	1	0.0	0.0	0.0
16261	HGSV_16683	33	19	0.009	0.009	0.009
16262	HGSV_16690	33	13	0.009	0.009	0.009
16263	HGSV_17004	33	3	0.007	0.007	0.0
16264	HGSV_17099	33	4	0.015	0.015	0.0
16265	HGSV_18048	33	4	0.0	0.0	0.0
16266	HGSV_18683	33	13	0.016	0.016	0.016
16267	HGSV_19249	33	2	0.0	0.0	0.0
16268	HGSV_19269	33	21	0.019	0.019	0.019
16269	HGSV_19284	33	0	0.0	0.0	0.0
16270	HGSV_2013	33	1	0.0	0.0	0.0
16271	HGSV_2644	33	19	0.009	0.009	0.009
16272	HGSV_2692	33	8	0.0	0.0	0.0
16273	HGSV_2961	33	18	0.014	0.014	0.014
16274	HGSV_3339	33	1	0.0	0.0	0.0
16275	HGSV_3513	33	6	0.0	0.0	0.0
16276	HGSV_4723	33	18	0.0	0.0	0.0
16277	HGSV_5508	33	4	0.0	0.0	0.0
16278	HGSV_6594	33	18	0.0	0.0	0.0
16279	HGSV_7853	33	0	0.0	0.0	0.0
16280	HGSV_832	33	13	0.0	0.0	0.0
16281	HGSV_8558	33	21	0.015	0.0	0.0
16282	HGSV_8887	33	19	0.008	0.008	0.008
16283	HGSV_8908	33	0	0.0	0.0	0.0
16284	HGSV_9400	33	5	0.0	0.0	0.0
16285	HGSV_942	33	1	0.0	0.0	0.0
16286	HGSV_9654	33	0	0.0	0.0	0.0
16287	HGSV_9788	33	22	0.011	0.011	0.011
16288	HGSV_9937	33	16	0.013	0.013	0.0
16289	HGSV_10056	32	0	0.007	0.007	0.0
16290	HGSV_10212	32	2	0.0	0.0	0.0
16291	HGSV_10218	32	7	0.007	0.007	0.0
16292	HGSV_10266	32	9	0.008	0.008	0.008
16293	HGSV_10724	32	3	0.0	0.0	0.0
16294	HGSV_11992	32	11	0.019	0.019	0.019
16295	HGSV_12025	32	4	0.0	0.0	0.0
16296	HGSV_12943	32	0	0.0	0.0	0.0
16297	HGSV_13640	32	1	0.009	0.009	0.0
16298	HGSV_13792	32	0	0.0	0.0	0.0
16299	HGSV_13817	32	0	0.0	0.0	0.0
16300	HGSV_14219	32	12	0.0	0.0	0.0
16301	HGSV_14388	32	3	0.004	0.004	0.0
16302	HGSV_144029	32	0	0.001	0.0	0.0
16303	HGSV_144467	32	1	0.0	0.0	0.0
16304	HGSV_145012	32	0	0.0	0.0	0.0
16305	HGSV_145426	32	12	0.005	0.005	0.0
16306	HGSV_145438	32	0	0.0	0.0	0.0
16307	HGSV_145681	32	1	0.0	0.0	0.0
16308	HGSV_145755	32	16	0.007	0.007	0.007
16309	HGSV_146062	32	3	0.0	0.0	0.0
16310	HGSV_147624	32	0	0.0	0.0	0.0
16311	HGSV_148033	32	1	0.003	0.003	0.0
16312	HGSV_14842	32	0	0.0	0.0	0.0
16313	HGSV_148881	32	4	0.015	0.015	0.0
16314	HGSV_149042	32	16	0.018	0.018	0.018
16315	HGSV_149139	32	0	0.0	0.0	0.0
16316	HGSV_149509	32	5	0.002	0.241	0.0
16317	HGSV_149563	32	13	0.015	0.015	0.0
16318	HGSV_150245	32	0	0.0	0.0	0.0
16319	HGSV_150249	32	0	0.018	0.018	0.0
16320	HGSV_15100	32	0	0.001	0.001	0.0
16321	HGSV_151218	32	1	0.0	0.0	0.0
16322	HGSV_152103	32	0	0.0	0.0	0.0
16323	HGSV_152709	32	1	0.0	0.0	0.0
16324	HGSV_15343	32	0	0.001	0.001	0.0
16325	HGSV_153443	32	11	0.0	0.0	0.0
16326	HGSV_153458	32	12	0.007	0.007	0.007
16327	HGSV_153470	32	0	0.0	0.0	0.0
16328	HGSV_15390	32	1	0.0	0.0	0.0
16329	HGSV_154410	32	0	0.0	0.0	0.0
16330	HGSV_155648	32	9	0.005	0.005	0.0
16331	HGSV_156090	32	3	0.0	0.0	0.0
16332	HGSV_156238	32	1	0.0	0.0	0.0
16333	HGSV_157135	32	1	0.0	0.0	0.0
16334	HGSV_157227	32	14	0.0	0.0	0.0
16335	HGSV_157564	32	18	0.016	0.016	0.016
16336	HGSV_158334	32	3	0.0	0.0	0.0
16337	HGSV_158975	32	20	0.0	0.0	0.0
16338	HGSV_17734	32	13	0.007	0.007	0.0
16339	HGSV_1832	32	0	0.0	0.0	0.0
16340	HGSV_18565	32	0	0.0	0.0	0.0
16341	HGSV_2891	32	0	0.0	0.0	0.0
16342	HGSV_3209	32	1	0.0	0.0	0.0
16343	HGSV_3355	32	0	0.0	0.0	0.0
16344	HGSV_3425	32	12	0.007	0.007	0.0
16345	HGSV_3636	32	0	0.0	0.0	0.0
16346	HGSV_3689	32	8	0.015	0.015	0.0
16347	HGSV_3990	32	0	0.002	0.002	0.0
16348	HGSV_4233	32	21	0.0	0.0	0.0
16349	HGSV_4540	32	4	0.0	0.0	0.0
16350	HGSV_4561	32	0	0.004	0.004	0.0
16351	HGSV_5059	32	5	0.005	0.005	0.0
16352	HGSV_5168	32	12	0.004	0.004	0.004
16353	HGSV_5687	32	0	0.0	0.0	0.0
16354	HGSV_6414	32	1	0.0	0.0	0.0
16355	HGSV_6509	32	2	0.0	0.0	0.0
16356	HGSV_6515	32	12	0.0	0.0	0.0
16357	HGSV_6632	32	0	0.0	0.0	0.0
16358	HGSV_6730	32	0	0.0	0.0	0.0
16359	HGSV_7447	32	19	0.01	0.01	0.0
16360	HGSV_8802	32	1	0.0	0.0	0.0
16361	HGSV_9397	32	14	0.008	0.008	0.0
16362	HGSV_983	32	9	0.0	0.0	0.0
16363	HGSV_9934	32	11	0.009	0.009	0.009
16364	HGSV_11284	31	16	0.0	0.0	0.0
16365	HGSV_11327	31	1	0.0	0.0	0.0
16366	HGSV_12894	31	12	0.009	0.009	0.009
16367	HGSV_13216	31	0	0.0	0.0	0.0
16368	HGSV_13446	31	0	0.0	0.0	0.0
16369	HGSV_13688	31	20	0.0	0.0	0.0
16370	HGSV_13712	31	8	0.0	0.0	0.0
16371	HGSV_14067	31	9	0.003	0.003	0.0
16372	HGSV_14382	31	0	0.0	0.0	0.0
16373	HGSV_144644	31	19	0.012	0.012	0.012
16374	HGSV_145429	31	20	0.0	0.0	0.0
16375	HGSV_14575	31	0	0.0	0.0	0.0
16376	HGSV_145932	31	0	0.0	0.0	0.0
16377	HGSV_14613	31	4	0.022	0.022	0.0
16378	HGSV_147534	31	0	0.0	0.0	0.0
16379	HGSV_148658	31	4	0.0	0.0	0.0
16380	HGSV_148990	31	9	0.006	0.006	0.0
16381	HGSV_149748	31	0	0.0	0.0	0.0
16382	HGSV_150765	31	5	0.009	0.009	0.0
16383	HGSV_151337	31	0	0.0	0.0	0.0
16384	HGSV_151431	31	2	0.008	0.008	0.0
16385	HGSV_151564	31	10	0.01	0.01	0.0
16386	HGSV_151709	31	1	0.0	0.0	0.0
16387	HGSV_151845	31	17	0.017	0.017	0.017
16388	HGSV_153045	31	0	0.0	0.0	0.0
16389	HGSV_153067	31	1	0.02	0.02	0.0
16390	HGSV_153422	31	0	0.0	0.0	0.0
16391	HGSV_154246	31	0	0.001	0.001	0.0
16392	HGSV_154593	31	0	0.0	0.0	0.0
16393	HGSV_155249	31	6	0.0	0.0	0.0
16394	HGSV_156226	31	8	0.007	0.007	0.0
16395	HGSV_156474	31	6	0.001	0.001	0.001
16396	HGSV_156506	31	3	0.006	0.006	0.0
16397	HGSV_156854	31	18	0.0	0.0	0.0
16398	HGSV_157370	31	0	0.0	0.0	0.0
16399	HGSV_157724	31	3	0.0	0.0	0.0
16400	HGSV_157739	31	1	0.0	0.0	0.0
16401	HGSV_158722	31	1	0.0	0.0	0.0
16402	HGSV_158806	31	0	0.0	0.0	0.0
16403	HGSV_159041	31	3	0.0	0.0	0.0
16404	HGSV_16049	31	0	0.0	0.0	0.0
16405	HGSV_16517	31	0	0.0	0.0	0.0
16406	HGSV_16527	31	3	0.001	0.001	0.001
16407	HGSV_18408	31	5	0.0	0.0	0.0
16408	HGSV_19093	31	0	0.002	0.002	0.0
16409	HGSV_19266	31	6	0.004	0.004	0.0
16410	HGSV_19533	31	9	0.012	0.012	0.0
16411	HGSV_1971	31	17	0.0	0.0	0.0
16412	HGSV_2689	31	0	0.0	0.0	0.0
16413	HGSV_3686	31	12	0.007	0.007	0.007
16414	HGSV_3793	31	0	0.0	0.0	0.0
16415	HGSV_4288	31	10	0.007	0.007	0.0
16416	HGSV_573	31	2	0.0	0.0	0.0
16417	HGSV_6517	31	0	0.0	0.0	0.0
16418	HGSV_6762	31	14	0.004	0.004	0.0
16419	HGSV_7925	31	15	0.011	0.011	0.0
16420	HGSV_8181	31	0	0.0	0.0	0.0
16421	HGSV_8295	31	14	0.008	0.008	0.0
16422	HGSV_9678	31	1	0.0	0.0	0.0
16423	HGSV_10226	30	1	0.0	0.0	0.0
16424	HGSV_13822	30	0	0.001	0.0	0.0
16425	HGSV_14106	30	5	0.016	0.016	0.0
16426	HGSV_143395	30	0	0.0	0.0	0.0
16427	HGSV_143494	30	0	0.0	0.0	0.0
16428	HGSV_143899	30	0	0.0	0.0	0.0
16429	HGSV_14421	30	1	0.0	0.0	0.0
16430	HGSV_145471	30	0	0.0	0.0	0.0
16431	HGSV_146936	30	7	0.009	0.009	0.0
16432	HGSV_147112	30	2	0.0	0.0	0.0
16433	HGSV_14799	30	0	0.001	0.001	0.001
16434	HGSV_149754	30	2	0.001	0.001	0.0
16435	HGSV_149806	30	0	0.0	0.0	0.0
16436	HGSV_150556	30	7	0.0	0.0	0.0
16437	HGSV_150925	30	13	0.0	0.0	0.0
16438	HGSV_151266	30	0	0.0	0.0	0.0
16439	HGSV_152097	30	0	0.0	0.0	0.0
16440	HGSV_152483	30	14	0.006	0.006	0.0
16441	HGSV_152563	30	1	0.0	0.0	0.0
16442	HGSV_153497	30	1	0.0	0.0	0.0
16443	HGSV_154701	30	1	0.0	0.0	0.0
16444	HGSV_15609	30	17	0.006	0.006	0.006
16445	HGSV_157374	30	16	0.008	0.008	0.0
16446	HGSV_157829	30	13	0.0	0.0	0.0
16447	HGSV_157989	30	1	0.0	0.0	0.0
16448	HGSV_158404	30	9	0.004	0.004	0.0
16449	HGSV_158420	30	0	0.0	0.0	0.0
16450	HGSV_16002	30	2	0.01	0.01	0.0
16451	HGSV_16651	30	2	0.018	0.018	0.0
16452	HGSV_16922	30	13	0.004	0.004	0.0
16453	HGSV_17583	30	13	0.969	0.0	0.0
16454	HGSV_2140	30	8	0.0	0.0	0.0
16455	HGSV_3471	30	1	0.0	0.0	0.0
16456	HGSV_4701	30	0	0.0	0.0	0.0
16457	HGSV_5404	30	0	0.0	0.0	0.0
16458	HGSV_5544	30	1	0.0	0.0	0.0
16459	HGSV_5908	30	7	0.0	0.0	0.0
16460	HGSV_6801	30	0	0.0	0.0	0.0
16461	HGSV_7130	30	11	0.005	0.005	0.0
16462	HGSV_7402	30	0	0.0	0.0	0.0
16463	HGSV_8043	30	1	0.0	0.0	0.0
16464	HGSV_8057	30	1	0.0	0.0	0.0
16465	HGSV_8765	30	1	0.0	0.0	0.0
16466	HGSV_9360	30	11	0.009	0.009	0.0
16467	HGSV_9831	30	10	0.012	0.012	0.012
16468	HGSV_10392	29	5	0.011	0.011	0.0
16469	HGSV_1107	29	0	0.0	0.0	0.0
16470	HGSV_11098	29	0	0.0	0.0	0.0
16471	HGSV_11173	29	7	0.006	0.006	0.0
16472	HGSV_11709	29	8	0.0	0.0	0.0
16473	HGSV_1185	29	7	0.008	0.008	0.0
16474	HGSV_12052	29	8	0.004	0.004	0.0
16475	HGSV_12493	29	3	0.011	0.011	0.0
16476	HGSV_12596	29	0	0.0	0.0	0.0
16477	HGSV_12740	29	5	0.014	0.0	0.0
16478	HGSV_12793	29	0	0.0	0.0	0.0
16479	HGSV_1309	29	16	0.012	0.012	0.0
16480	HGSV_1319	29	4	0.001	0.001	0.0
16481	HGSV_13573	29	1	0.01	0.01	0.0
16482	HGSV_13590	29	0	0.996	0.996	0.0
16483	HGSV_14013	29	11	0.007	0.007	0.0
16484	HGSV_143406	29	2	0.0	0.0	0.0
16485	HGSV_14365	29	2	0.0	0.0	0.0
16486	HGSV_144172	29	0	0.0	0.0	0.0
16487	HGSV_144252	29	0	0.002	0.002	0.0
16488	HGSV_144660	29	0	0.0	0.0	0.0
16489	HGSV_146008	29	1	0.0	0.0	0.0
16490	HGSV_146096	29	1	0.005	0.005	0.0
16491	HGSV_146115	29	1	0.0	0.0	0.0
16492	HGSV_146792	29	0	0.0	0.0	0.0
16493	HGSV_14744	29	0	0.0	0.0	0.0
16494	HGSV_147606	29	0	0.0	0.0	0.0
16495	HGSV_148353	29	7	0.004	0.004	0.004
16496	HGSV_148714	29	8	0.005	0.005	0.0
16497	HGSV_14909	29	19	0.021	0.021	0.0
16498	HGSV_149556	29	1	0.0	0.0	0.0
16499	HGSV_149606	29	2	0.001	0.001	0.0
16500	HGSV_152569	29	2	0.0	0.0	0.0
16501	HGSV_153619	29	1	0.0	0.0	0.0
16502	HGSV_153856	29	0	0.0	0.0	0.0
16503	HGSV_154460	29	1	0.0	0.0	0.0
16504	HGSV_154644	29	8	0.012	0.012	0.0
16505	HGSV_154994	29	20	0.013	0.013	0.0
16506	HGSV_155209	29	9	0.0	0.0	0.0
16507	HGSV_155856	29	0	0.0	0.0	0.0
16508	HGSV_156059	29	10	0.008	0.008	0.0
16509	HGSV_156296	29	1	0.0	0.0	0.0
16510	HGSV_157289	29	0	0.0	0.0	0.0
16511	HGSV_157576	29	1	0.0	0.0	0.0
16512	HGSV_158108	29	0	0.0	0.0	0.0
16513	HGSV_17241	29	0	0.0	0.0	0.0
16514	HGSV_17929	29	10	0.008	0.008	0.0
16515	HGSV_18794	29	5	0.0	0.0	0.0
16516	HGSV_19077	29	0	0.0	0.0	0.0
16517	HGSV_19329	29	0	0.0	0.0	0.0
16518	HGSV_19571	29	3	0.003	0.003	0.0
16519	HGSV_19728	29	0	0.0	0.0	0.0
16520	HGSV_2775	29	5	0.0	0.0	0.0
16521	HGSV_3025	29	2	0.001	0.0	0.0
16522	HGSV_3027	29	0	0.0	0.0	0.0
16523	HGSV_3534	29	3	0.017	0.017	0.0
16524	HGSV_4182	29	0	0.0	0.0	0.0
16525	HGSV_4280	29	0	0.0	0.0	0.0
16526	HGSV_4603	29	10	0.0	0.0	0.0
16527	HGSV_5143	29	7	0.0	0.0	0.0
16528	HGSV_5416	29	0	0.0	0.0	0.0
16529	HGSV_7838	29	16	0.005	0.005	0.005
16530	HGSV_7875	29	7	0.003	0.003	0.0
16531	HGSV_8051	29	0	0.0	0.0	0.0
16532	HGSV_8577	29	9	0.0	0.0	0.0
16533	HGSV_8659	29	0	0.0	0.0	0.0
16534	HGSV_9030	29	6	0.004	0.004	0.0
16535	HGSV_9546	29	6	0.007	0.007	0.0
16536	HGSV_9939	29	2	0.006	0.006	0.0
16537	HGSV_9940	29	0	0.0	0.0	0.0
16538	HGSV_10227	28	0	0.0	0.0	0.0
16539	HGSV_10246	28	0	0.0	0.0	0.0
16540	HGSV_10721	28	3	0.0	0.0	0.0
16541	HGSV_11227	28	2	0.0	0.0	0.0
16542	HGSV_1164	28	11	0.0	0.0	0.0
16543	HGSV_11726	28	0	0.0	0.0	0.0
16544	HGSV_1400	28	1	0.0	0.0	0.0
16545	HGSV_14060	28	2	0.0	0.0	0.0
16546	HGSV_144519	28	1	0.0	0.0	0.0
16547	HGSV_144668	28	6	0.005	0.005	0.005
16548	HGSV_145042	28	3	0.0	0.0	0.0
16549	HGSV_145216	28	12	0.005	0.005	0.0
16550	HGSV_146064	28	15	0.011	0.011	0.011
16551	HGSV_146099	28	0	0.0	0.0	0.0
16552	HGSV_147169	28	0	0.0	0.0	0.0
16553	HGSV_147646	28	2	0.0	0.0	0.0
16554	HGSV_14785	28	10	0.013	0.013	0.013
16555	HGSV_148002	28	0	0.0	0.0	0.0
16556	HGSV_148069	28	0	0.0	0.0	0.0
16557	HGSV_148128	28	4	0.008	0.008	0.0
16558	HGSV_148813	28	3	0.015	0.015	0.0
16559	HGSV_148862	28	0	0.0	0.0	0.0
16560	HGSV_148887	28	13	0.019	0.019	0.019
16561	HGSV_14985	28	10	0.012	0.012	0.0
16562	HGSV_149922	28	1	0.0	0.0	0.0
16563	HGSV_150540	28	0	0.0	0.0	0.0
16564	HGSV_150869	28	2	0.001	0.001	0.001
16565	HGSV_151027	28	0	0.0	0.0	0.0
16566	HGSV_151148	28	5	0.007	0.007	0.0
16567	HGSV_151155	28	0	0.0	0.0	0.0
16568	HGSV_151993	28	8	0.005	0.005	0.0
16569	HGSV_152268	28	1	0.0	0.0	0.0
16570	HGSV_152329	28	2	0.002	0.002	0.0
16571	HGSV_152484	28	0	0.0	0.0	0.0
16572	HGSV_152486	28	4	0.003	0.003	0.0
16573	HGSV_152528	28	3	0.0	0.0	0.0
16574	HGSV_15298	28	1	0.0	0.0	0.0
16575	HGSV_153113	28	10	0.011	0.011	0.0
16576	HGSV_153391	28	1	0.012	0.012	0.0
16577	HGSV_153751	28	2	0.0	0.0	0.0
16578	HGSV_154187	28	0	0.006	0.006	0.0
16579	HGSV_154299	28	1	0.0	0.0	0.0
16580	HGSV_154556	28	7	0.004	0.004	0.0
16581	HGSV_154634	28	1	0.0	0.0	0.0
16582	HGSV_154777	28	11	0.0	0.0	0.0
16583	HGSV_155409	28	13	0.008	0.008	0.008
16584	HGSV_155493	28	10	0.0	0.0	0.0
16585	HGSV_155542	28	1	0.0	0.0	0.0
16586	HGSV_156143	28	0	0.023	0.023	0.0
16587	HGSV_156604	28	11	1.0	0.0	0.0
16588	HGSV_157606	28	0	0.0	0.0	0.0
16589	HGSV_15776	28	0	0.0	0.0	0.0
16590	HGSV_158328	28	0	0.0	0.0	0.0
16591	HGSV_158775	28	4	0.003	0.003	0.0
16592	HGSV_16038	28	1	0.0	0.0	0.0
16593	HGSV_16200	28	1	0.0	0.0	0.0
16594	HGSV_16296	28	9	0.006	0.006	0.0
16595	HGSV_16462	28	2	0.0	0.0	0.0
16596	HGSV_17298	28	3	0.0	0.0	0.0
16597	HGSV_17642	28	4	0.0	0.0	0.0
16598	HGSV_17857	28	0	0.0	0.0	0.0
16599	HGSV_18149	28	0	0.0	0.0	0.0
16600	HGSV_18428	28	13	0.0	0.0	0.0
16601	HGSV_18989	28	13	0.002	0.002	0.0
16602	HGSV_2779	28	2	0.0	0.0	0.0
16603	HGSV_308	28	0	0.0	0.0	0.0
16604	HGSV_3136	28	1	0.0	0.0	0.0
16605	HGSV_3514	28	1	0.0	0.0	0.0
16606	HGSV_3913	28	10	0.009	0.009	0.0
16607	HGSV_4248	28	7	0.005	0.0	0.0
16608	HGSV_5859	28	8	0.0	0.0	0.0
16609	HGSV_5925	28	8	0.003	0.003	0.0
16610	HGSV_643	28	11	0.007	0.007	0.0
16611	HGSV_6616	28	11	0.011	0.0	0.0
16612	HGSV_7643	28	10	0.009	0.009	0.0
16613	HGSV_7861	28	0	0.095	0.0	0.0
16614	HGSV_8045	28	0	0.0	0.0	0.0
16615	HGSV_10016	27	5	0.0	0.0	0.0
16616	HGSV_11081	27	2	0.0	0.0	0.0
16617	HGSV_11489	27	1	0.0	0.0	0.0
16618	HGSV_12224	27	18	0.0	0.0	0.0
16619	HGSV_12422	27	2	0.0	0.0	0.0
16620	HGSV_143428	27	11	0.007	0.0	0.0
16621	HGSV_143511	27	0	0.0	0.0	0.0
16622	HGSV_143846	27	6	0.0	0.0	0.0
16623	HGSV_144664	27	0	0.0	0.0	0.0
16624	HGSV_144937	27	0	0.0	0.0	0.0
16625	HGSV_144950	27	4	0.0	0.0	0.0
16626	HGSV_145222	27	0	0.0	0.0	0.0
16627	HGSV_145722	27	0	0.0	0.0	0.0
16628	HGSV_145835	27	0	0.012	0.012	0.0
16629	HGSV_145894	27	16	0.0	0.0	0.0
16630	HGSV_145916	27	0	0.0	0.0	0.0
16631	HGSV_146830	27	13	0.015	0.015	0.0
16632	HGSV_147152	27	0	0.0	0.0	0.0
16633	HGSV_147674	27	0	0.002	0.002	0.0
16634	HGSV_147712	27	2	0.0	0.0	0.0
16635	HGSV_147721	27	3	0.0	0.0	0.0
16636	HGSV_147752	27	3	0.0	0.0	0.0
16637	HGSV_148123	27	7	0.007	0.007	0.0
16638	HGSV_148457	27	4	0.999	0.999	0.999
16639	HGSV_148458	27	4	0.004	0.0	0.0
16640	HGSV_148558	27	0	0.0	0.0	0.0
16641	HGSV_148966	27	0	0.0	0.0	0.0
16642	HGSV_149309	27	0	0.009	0.009	0.0
16643	HGSV_150137	27	2	0.007	0.007	0.0
16644	HGSV_150220	27	8	0.007	0.007	0.0
16645	HGSV_150411	27	7	0.004	0.004	0.0
16646	HGSV_151240	27	8	0.0	0.0	0.0
16647	HGSV_15140	27	0	0.0	0.0	0.0
16648	HGSV_151609	27	0	0.001	0.001	0.0
16649	HGSV_151636	27	1	0.0	0.0	0.0
16650	HGSV_151858	27	0	0.0	0.0	0.0
16651	HGSV_15191	27	0	0.014	0.014	0.0
16652	HGSV_152023	27	0	0.0	0.0	0.0
16653	HGSV_152230	27	3	0.0	0.0	0.0
16654	HGSV_152435	27	10	0.0	0.0	0.0
16655	HGSV_152459	27	0	0.019	0.0	0.0
16656	HGSV_152474	27	1	0.001	0.001	0.0
16657	HGSV_152522	27	7	0.0	0.0	0.0
16658	HGSV_152902	27	1	0.008	0.008	0.0
16659	HGSV_153315	27	1	0.0	0.0	0.0
16660	HGSV_153379	27	7	0.006	0.006	0.0
16661	HGSV_153427	27	5	0.002	0.002	0.0
16662	HGSV_153658	27	3	0.008	0.008	0.0
16663	HGSV_153895	27	9	0.012	0.012	0.0
16664	HGSV_153947	27	12	0.015	0.015	0.0
16665	HGSV_15428	27	0	0.0	0.0	0.0
16666	HGSV_154569	27	0	0.0	0.0	0.0
16667	HGSV_154687	27	16	0.027	0.027	0.027
16668	HGSV_154885	27	9	0.016	0.016	0.016
16669	HGSV_15493	27	6	0.002	0.002	0.002
16670	HGSV_156279	27	1	0.0	0.0	0.0
16671	HGSV_156477	27	1	0.004	0.004	0.0
16672	HGSV_156698	27	0	0.0	0.0	0.0
16673	HGSV_156718	27	0	0.0	0.0	0.0
16674	HGSV_157220	27	2	0.0	0.0	0.0
16675	HGSV_158523	27	7	0.005	0.005	0.0
16676	HGSV_1598	27	0	0.0	0.0	0.0
16677	HGSV_16325	27	9	0.0	0.0	0.0
16678	HGSV_16468	27	2	0.0	0.0	0.0
16679	HGSV_16566	27	0	0.0	0.0	0.0
16680	HGSV_16613	27	2	0.0	0.0	0.0
16681	HGSV_17812	27	7	0.004	0.004	0.004
16682	HGSV_18097	27	0	0.021	0.021	0.0
16683	HGSV_18533	27	2	0.0	0.0	0.0
16684	HGSV_1903	27	0	0.001	0.001	0.0
16685	HGSV_19719	27	8	0.0	0.0	0.0
16686	HGSV_2017	27	1	0.0	0.0	0.0
16687	HGSV_2172	27	1	0.0	0.0	0.0
16688	HGSV_2742	27	6	0.002	0.0	0.0
16689	HGSV_2874	27	3	0.007	0.007	0.0
16690	HGSV_3790	27	4	0.005	0.005	0.0
16691	HGSV_4151	27	14	0.006	0.006	0.006
16692	HGSV_5912	27	1	0.0	0.0	0.0
16693	HGSV_6354	27	0	0.0	0.0	0.0
16694	HGSV_6417	27	0	0.999	0.0	0.0
16695	HGSV_6486	27	14	0.0	0.0	0.0
16696	HGSV_6637	27	2	0.011	0.011	0.0
16697	HGSV_6833	27	2	0.006	0.006	0.0
16698	HGSV_7950	27	3	0.0	0.0	0.0
16699	HGSV_8203	27	0	0.0	0.0	0.0
16700	HGSV_85	27	4	0.0	0.0	0.0
16701	HGSV_9026	27	1	0.96	0.0	0.0
16702	HGSV_9095	27	1	0.0	0.0	0.0
16703	HGSV_9163	27	0	0.0	0.0	0.0
16704	HGSV_959	27	0	0.0	0.0	0.0
16705	HGSV_10794	26	0	0.0	0.0	0.0
16706	HGSV_10901	26	11	0.005	0.005	0.005
16707	HGSV_11307	26	0	0.0	0.0	0.0
16708	HGSV_11350	26	2	0.0	0.0	0.0
16709	HGSV_11954	26	0	0.001	0.001	0.0
16710	HGSV_12119	26	8	0.0	0.0	0.0
16711	HGSV_12386	26	1	0.006	0.006	0.0
16712	HGSV_12597	26	6	0.0	0.0	0.0
16713	HGSV_13166	26	1	0.0	0.0	0.0
16714	HGSV_13723	26	0	0.0	0.0	0.0
16715	HGSV_1389	26	2	0.0	0.0	0.0
16716	HGSV_143602	26	0	0.0	0.0	0.0
16717	HGSV_144184	26	2	0.0	0.0	0.0
16718	HGSV_144991	26	9	0.005	0.005	0.0
16719	HGSV_145051	26	3	0.0	0.0	0.0
16720	HGSV_145138	26	0	0.0	0.0	0.0
16721	HGSV_145275	26	6	0.004	0.004	0.004
16722	HGSV_145455	26	1	0.0	0.0	0.0
16723	HGSV_146191	26	0	0.0	0.0	0.0
16724	HGSV_14654	26	12	0.002	0.002	0.002
16725	HGSV_146759	26	11	0.005	0.005	0.005
16726	HGSV_146776	26	0	0.0	0.0	0.0
16727	HGSV_14688	26	3	0.006	0.006	0.006
16728	HGSV_146898	26	13	0.011	0.011	0.011
16729	HGSV_147537	26	1	0.0	0.0	0.0
16730	HGSV_147772	26	0	0.01	0.01	0.0
16731	HGSV_148057	26	0	0.0	0.0	0.0
16732	HGSV_148239	26	0	0.0	0.0	0.0
16733	HGSV_148372	26	1	0.0	0.0	0.0
16734	HGSV_148396	26	2	0.0	0.0	0.0
16735	HGSV_148402	26	15	0.0	0.0	0.0
16736	HGSV_148652	26	3	0.002	0.002	0.0
16737	HGSV_148897	26	0	0.0	0.0	0.0
16738	HGSV_148899	26	0	0.0	0.0	0.0
16739	HGSV_149324	26	2	0.003	0.003	0.003
16740	HGSV_149456	26	0	0.0	0.0	0.0
16741	HGSV_149735	26	0	0.0	0.0	0.0
16742	HGSV_150118	26	0	0.0	0.0	0.0
16743	HGSV_150165	26	2	0.788	0.788	0.0
16744	HGSV_150268	26	3	0.0	0.0	0.0
16745	HGSV_150709	26	1	0.0	0.0	0.0
16746	HGSV_150837	26	5	0.01	0.01	0.0
16747	HGSV_150846	26	1	0.0	0.0	0.0
16748	HGSV_15131	26	0	0.0	0.0	0.0
16749	HGSV_151571	26	4	0.002	0.002	0.0
16750	HGSV_15176	26	1	0.0	0.0	0.0
16751	HGSV_151791	26	0	0.0	0.0	0.0
16752	HGSV_151809	26	0	0.0	0.0	0.0
16753	HGSV_152169	26	12	0.007	0.007	0.007
16754	HGSV_152429	26	8	0.0	0.0	0.0
16755	HGSV_153259	26	1	0.0	0.0	0.0
16756	HGSV_154369	26	0	0.0	0.0	0.0
16757	HGSV_15437	26	0	0.0	0.0	0.0
16758	HGSV_156188	26	2	0.003	0.003	0.003
16759	HGSV_156197	26	10	0.011	0.011	0.011
16760	HGSV_156338	26	2	0.015	0.015	0.0
16761	HGSV_156398	26	0	0.001	0.001	0.0
16762	HGSV_156555	26	5	0.005	0.005	0.0
16763	HGSV_156759	26	1	0.0	0.0	0.0
16764	HGSV_157489	26	6	0.0	0.0	0.0
16765	HGSV_157609	26	6	0.003	0.003	0.0
16766	HGSV_157720	26	0	0.0	0.0	0.0
16767	HGSV_157898	26	8	0.006	0.006	0.0
16768	HGSV_158682	26	1	0.0	0.0	0.0
16769	HGSV_158743	26	8	0.0	0.0	0.0
16770	HGSV_16806	26	8	0.007	0.007	0.0
16771	HGSV_16912	26	12	0.0	0.0	0.0
16772	HGSV_18058	26	0	0.0	0.0	0.0
16773	HGSV_18144	26	2	0.0	0.0	0.0
16774	HGSV_18330	26	2	0.001	0.001	0.001
16775	HGSV_18418	26	3	0.0	0.0	0.0
16776	HGSV_18752	26	7	0.0	0.0	0.0
16777	HGSV_18813	26	14	0.0	0.0	0.0
16778	HGSV_1959	26	17	0.016	0.016	0.0
16779	HGSV_19661	26	1	0.0	0.0	0.0
16780	HGSV_2261	26	0	0.0	0.0	0.0
16781	HGSV_235	26	11	0.0	0.0	0.0
16782	HGSV_2412	26	1	0.0	0.0	0.0
16783	HGSV_2497	26	0	0.0	0.0	0.0
16784	HGSV_2580	26	9	0.003	0.003	0.0
16785	HGSV_2704	26	0	0.0	0.0	0.0
16786	HGSV_3318	26	10	0.008	0.008	0.008
16787	HGSV_33	26	22	0.003	0.003	0.003
16788	HGSV_3432	26	2	0.007	0.007	0.0
16789	HGSV_3544	26	0	0.0	0.0	0.0
16790	HGSV_4136	26	0	0.0	0.0	0.0
16791	HGSV_4352	26	1	0.0	0.0	0.0
16792	HGSV_4575	26	0	0.0	0.0	0.0
16793	HGSV_4643	26	2	0.0	0.0	0.0
16794	HGSV_4764	26	15	0.011	0.011	0.0
16795	HGSV_4862	26	1	0.0	0.0	0.0
16796	HGSV_5752	26	0	0.0	0.0	0.0
16797	HGSV_5866	26	0	0.0	0.0	0.0
16798	HGSV_6044	26	4	0.002	0.002	0.0
16799	HGSV_6156	26	13	0.011	0.011	0.011
16800	HGSV_6389	26	1	0.003	0.003	0.0
16801	HGSV_6721	26	0	0.0	0.0	0.0
16802	HGSV_6826	26	3	0.002	0.002	0.0
16803	HGSV_689	26	1	0.0	0.0	0.0
16804	HGSV_6915	26	8	0.717	0.0	0.0
16805	HGSV_7265	26	10	0.016	0.016	0.0
16806	HGSV_7335	26	7	0.0	0.0	0.0
16807	HGSV_7505	26	0	0.0	0.0	0.0
16808	HGSV_7701	26	1	0.0	0.0	0.0
16809	HGSV_8293	26	1	0.0	0.0	0.0
16810	HGSV_8336	26	0	0.0	0.0	0.0
16811	HGSV_8498	26	1	0.0	0.0	0.0
16812	HGSV_8520	26	13	0.007	0.007	0.007
16813	HGSV_8583	26	9	0.011	0.011	0.011
16814	HGSV_8611	26	11	0.019	0.019	0.0
16815	HGSV_8996	26	0	0.0	0.0	0.0
16816	HGSV_9712	26	0	0.01	0.01	0.0
16817	HGSV_10105	25	8	0.005	0.005	0.005
16818	HGSV_1035	25	1	0.001	0.001	0.0
16819	HGSV_10624	25	11	0.003	0.003	0.003
16820	HGSV_10890	25	9	0.007	0.007	0.007
16821	HGSV_11441	25	0	0.0	0.0	0.0
16822	HGSV_11674	25	1	0.0	0.0	0.0
16823	HGSV_11846	25	2	0.001	0.001	0.001
16824	HGSV_12001	25	1	0.0	0.0	0.0
16825	HGSV_12177	25	0	0.0	0.0	0.0
16826	HGSV_12388	25	0	0.775	0.775	0.0
16827	HGSV_12716	25	0	0.0	0.0	0.0
16828	HGSV_13147	25	0	0.0	0.0	0.0
16829	HGSV_13250	25	1	0.0	0.0	0.0
16830	HGSV_1343	25	1	0.0	0.0	0.0
16831	HGSV_13658	25	0	0.001	0.001	0.0
16832	HGSV_13677	25	0	0.0	0.0	0.0
16833	HGSV_14120	25	4	0.001	0.001	0.001
16834	HGSV_14158	25	9	0.005	0.005	0.0
16835	HGSV_14278	25	7	0.013	0.013	0.0
16836	HGSV_14311	25	9	0.018	0.018	0.018
16837	HGSV_143411	25	1	0.0	0.0	0.0
16838	HGSV_143462	25	12	0.0	0.0	0.0
16839	HGSV_144046	25	15	0.0	0.0	0.0
16840	HGSV_144377	25	2	0.0	0.0	0.0
16841	HGSV_144729	25	9	0.016	0.016	0.016
16842	HGSV_145069	25	0	0.003	0.003	0.0
16843	HGSV_145274	25	0	0.998	0.998	0.0
16844	HGSV_145295	25	11	0.009	0.009	0.0
16845	HGSV_145534	25	1	0.0	0.0	0.0
16846	HGSV_145735	25	0	0.0	0.0	0.0
16847	HGSV_146367	25	10	0.002	0.002	0.0
16848	HGSV_146433	25	0	0.0	0.0	0.0
16849	HGSV_146502	25	0	0.0	0.0	0.0
16850	HGSV_146531	25	5	0.0	0.0	0.0
16851	HGSV_146785	25	4	0.002	0.002	0.0
16852	HGSV_146844	25	0	0.0	0.0	0.0
16853	HGSV_146949	25	0	0.0	0.0	0.0
16854	HGSV_147777	25	1	0.0	0.0	0.0
16855	HGSV_148479	25	2	0.003	0.003	0.0
16856	HGSV_149140	25	0	0.0	0.0	0.0
16857	HGSV_149559	25	0	0.007	0.007	0.0
16858	HGSV_149959	25	9	0.01	0.01	0.0
16859	HGSV_150025	25	0	0.017	0.017	0.0
16860	HGSV_150050	25	3	0.003	0.003	0.0
16861	HGSV_150280	25	2	0.001	0.001	0.0
16862	HGSV_150714	25	0	0.0	0.0	0.0
16863	HGSV_150789	25	0	0.457	0.457	0.0
16864	HGSV_150920	25	5	0.003	0.003	0.0
16865	HGSV_151275	25	0	0.009	0.009	0.0
16866	HGSV_151362	25	8	0.0	0.0	0.0
16867	HGSV_15159	25	1	0.0	0.0	0.0
16868	HGSV_151737	25	0	0.015	0.015	0.0
16869	HGSV_152036	25	0	0.0	0.0	0.0
16870	HGSV_152193	25	1	0.166	0.993	0.0
16871	HGSV_152872	25	0	0.0	0.0	0.0
16872	HGSV_153356	25	0	0.0	0.0	0.0
16873	HGSV_153579	25	13	0.007	0.007	0.0
16874	HGSV_154775	25	15	0.016	0.0	0.0
16875	HGSV_154897	25	2	0.0	0.0	0.0
16876	HGSV_155891	25	0	0.0	0.0	0.0
16877	HGSV_15604	25	1	0.0	0.0	0.0
16878	HGSV_156154	25	0	0.007	0.007	0.0
16879	HGSV_157096	25	0	0.0	0.0	0.0
16880	HGSV_157298	25	6	0.008	0.008	0.0
16881	HGSV_157622	25	6	0.007	0.007	0.0
16882	HGSV_157707	25	1	0.003	0.003	0.0
16883	HGSV_158390	25	0	0.0	0.0	0.0
16884	HGSV_158450	25	3	0.0	0.0	0.0
16885	HGSV_158761	25	1	0.0	0.0	0.0
16886	HGSV_15876	25	9	0.009	0.009	0.0
16887	HGSV_158786	25	11	0.766	0.766	0.0
16888	HGSV_16035	25	0	0.998	0.998	0.0
16889	HGSV_16104	25	0	0.0	0.0	0.0
16890	HGSV_16941	25	0	0.0	0.0	0.0
16891	HGSV_16953	25	0	0.0	0.0	0.0
16892	HGSV_1709	25	0	0.014	0.014	0.0
16893	HGSV_17433	25	2	0.004	0.004	0.0
16894	HGSV_17787	25	1	0.0	0.0	0.0
16895	HGSV_18150	25	0	0.001	0.001	0.001
16896	HGSV_18798	25	8	0.006	0.006	0.0
16897	HGSV_19039	25	10	0.007	0.007	0.0
16898	HGSV_19055	25	0	0.006	0.006	0.0
16899	HGSV_19347	25	7	0.0	0.0	0.0
16900	HGSV_19361	25	2	0.001	0.001	0.0
16901	HGSV_1952	25	12	0.009	0.009	0.0
16902	HGSV_19722	25	0	0.0	0.0	0.0
16903	HGSV_3053	25	1	0.0	0.0	0.0
16904	HGSV_3389	25	8	1.0	0.0	0.0
16905	HGSV_3703	25	0	0.0	0.0	0.0
16906	HGSV_4271	25	2	0.022	0.022	0.0
16907	HGSV_4286	25	13	0.016	0.016	0.0
16908	HGSV_4531	25	1	0.0	0.0	0.0
16909	HGSV_4942	25	1	0.0	0.0	0.0
16910	HGSV_5425	25	1	0.0	0.0	0.0
16911	HGSV_5911	25	0	0.01	0.01	0.0
16912	HGSV_6313	25	11	0.018	0.018	0.018
16913	HGSV_6603	25	1	0.004	0.004	0.0
16914	HGSV_6786	25	4	0.0	0.0	0.0
16915	HGSV_6944	25	7	0.009	0.009	0.0
16916	HGSV_7835	25	4	0.003	0.003	0.0
16917	HGSV_7923	25	0	0.0	0.0	0.0
16918	HGSV_7982	25	4	0.001	0.001	0.0
16919	HGSV_8135	25	1	0.0	0.0	0.0
16920	HGSV_8591	25	1	0.0	0.0	0.0
16921	HGSV_8639	25	0	0.0	0.0	0.0
16922	HGSV_870	25	7	0.003	0.003	0.003
16923	HGSV_8779	25	6	0.009	0.009	0.0
16924	HGSV_8879	25	0	0.001	0.0	0.0
16925	HGSV_8942	25	2	0.0	0.0	0.0
16926	HGSV_9122	25	4	0.0	0.0	0.0
16927	HGSV_9266	25	6	0.01	0.01	0.0
16928	HGSV_9410	25	4	0.0	0.0	0.0
16929	HGSV_9475	25	0	0.0	0.0	0.0
16930	HGSV_11599	24	0	0.0	0.0	0.0
16931	HGSV_12978	24	0	0.0	0.0	0.0
16932	HGSV_13160	24	1	0.002	0.002	0.0
16933	HGSV_13441	24	1	0.0	0.0	0.0
16934	HGSV_13607	24	11	0.009	0.009	0.0
16935	HGSV_136	24	1	0.0	0.0	0.0
16936	HGSV_13908	24	4	0.005	0.005	0.005
16937	HGSV_14085	24	0	0.0	0.0	0.0
16938	HGSV_14241	24	8	0.004	0.004	0.0
16939	HGSV_14270	24	0	0.031	0.0	0.0
16940	HGSV_144143	24	4	0.005	0.005	0.0
16941	HGSV_144173	24	0	0.0	0.0	0.0
16942	HGSV_144364	24	8	0.0	0.0	0.0
16943	HGSV_144378	24	2	0.0	0.0	0.0
16944	HGSV_144625	24	0	0.001	0.001	0.001
16945	HGSV_144713	24	1	0.003	0.003	0.0
16946	HGSV_144799	24	2	0.002	0.002	0.0
16947	HGSV_14528	24	7	0.005	0.005	0.0
16948	HGSV_145299	24	0	0.019	0.019	0.0
16949	HGSV_14531	24	1	0.009	0.009	0.0
16950	HGSV_145632	24	0	0.0	0.0	0.0
16951	HGSV_145754	24	0	0.0	0.0	0.0
16952	HGSV_14583	24	0	0.0	0.0	0.0
16953	HGSV_145950	24	0	0.002	0.0	0.0
16954	HGSV_146669	24	13	0.0	0.0	0.0
16955	HGSV_146924	24	1	0.0	0.0	0.0
16956	HGSV_14705	24	0	1.0	1.0	0.0
16957	HGSV_147455	24	1	0.0	0.0	0.0
16958	HGSV_147526	24	0	0.0	0.0	0.0
16959	HGSV_147692	24	0	0.0	0.0	0.0
16960	HGSV_147762	24	0	0.0	0.0	0.0
16961	HGSV_147764	24	0	0.0	0.0	0.0
16962	HGSV_148167	24	1	0.0	0.0	0.0
16963	HGSV_148693	24	9	0.009	0.009	0.009
16964	HGSV_149077	24	0	0.0	0.0	0.0
16965	HGSV_149082	24	0	0.001	0.001	0.0
16966	HGSV_149108	24	0	0.0	0.0	0.0
16967	HGSV_149163	24	0	0.004	0.0	0.0
16968	HGSV_149209	24	0	0.0	0.0	0.0
16969	HGSV_14935	24	0	0.0	0.0	0.0
16970	HGSV_149491	24	1	0.0	0.0	0.0
16971	HGSV_149600	24	2	0.002	0.002	0.0
16972	HGSV_149769	24	0	0.0	0.0	0.0
16973	HGSV_149856	24	3	0.002	0.002	0.0
16974	HGSV_149990	24	0	0.0	0.0	0.0
16975	HGSV_150201	24	6	0.0	0.0	0.0
16976	HGSV_150327	24	0	0.0	0.0	0.0
16977	HGSV_150549	24	0	0.001	0.001	0.0
16978	HGSV_150755	24	0	0.002	0.002	0.0
16979	HGSV_150959	24	2	0.014	0.014	0.0
16980	HGSV_151038	24	3	0.008	0.008	0.0
16981	HGSV_151063	24	0	0.0	0.0	0.0
16982	HGSV_151369	24	2	0.0	0.0	0.0
16983	HGSV_151769	24	0	0.0	0.0	0.0
16984	HGSV_151830	24	0	0.005	0.005	0.0
16985	HGSV_151867	24	9	0.005	0.005	0.0
16986	HGSV_151907	24	1	0.0	0.0	0.0
16987	HGSV_151970	24	0	0.0	0.0	0.0
16988	HGSV_152049	24	1	0.002	0.002	0.0
16989	HGSV_152251	24	0	0.0	0.0	0.0
16990	HGSV_152903	24	1	0.0	0.0	0.0
16991	HGSV_153182	24	1	0.003	0.003	0.0
16992	HGSV_153203	24	2	0.0	0.0	0.0
16993	HGSV_153242	24	0	0.0	0.0	0.0
16994	HGSV_153355	24	13	0.013	0.013	0.0
16995	HGSV_153462	24	0	0.0	0.0	0.0
16996	HGSV_153494	24	0	0.0	0.0	0.0
16997	HGSV_153664	24	11	0.002	0.002	0.0
16998	HGSV_153728	24	0	0.001	0.001	0.0
16999	HGSV_153734	24	0	0.0	0.0	0.0
17000	HGSV_153926	24	2	0.0	0.0	0.0
17001	HGSV_153940	24	7	0.002	0.002	0.0
17002	HGSV_153973	24	1	0.0	0.0	0.0
17003	HGSV_154290	24	0	0.0	0.0	0.0
17004	HGSV_154440	24	1	0.0	0.0	0.0
17005	HGSV_154946	24	0	0.0	0.0	0.0
17006	HGSV_155859	24	1	0.0	0.0	0.0
17007	HGSV_155955	24	1	0.0	0.0	0.0
17008	HGSV_15600	24	2	0.012	0.012	0.0
17009	HGSV_156008	24	0	1.0	1.0	1.0
17010	HGSV_156231	24	1	0.001	0.001	0.001
17011	HGSV_157094	24	1	0.0	0.0	0.0
17012	HGSV_157161	24	2	0.0	0.0	0.0
17013	HGSV_157547	24	12	0.011	0.011	0.011
17014	HGSV_157866	24	0	0.001	0.001	0.0
17015	HGSV_157894	24	3	0.004	0.004	0.0
17016	HGSV_158080	24	4	0.0	0.0	0.0
17017	HGSV_158265	24	12	0.006	0.006	0.006
17018	HGSV_158639	24	0	0.0	0.0	0.0
17019	HGSV_158642	24	10	0.005	0.005	0.005
17020	HGSV_158694	24	1	0.0	0.0	0.0
17021	HGSV_158790	24	8	0.009	0.009	0.0
17022	HGSV_158839	24	1	0.0	0.0	0.0
17023	HGSV_158944	24	0	0.0	0.0	0.0
17024	HGSV_159001	24	1	0.0	0.0	0.0
17025	HGSV_15942	24	0	0.0	0.0	0.0
17026	HGSV_1632	24	0	0.0	0.0	0.0
17027	HGSV_16343	24	0	0.007	0.007	0.0
17028	HGSV_16390	24	1	0.0	0.0	0.0
17029	HGSV_16424	24	10	0.007	0.007	0.0
17030	HGSV_16632	24	0	0.0	0.0	0.0
17031	HGSV_16656	24	7	0.002	0.002	0.0
17032	HGSV_16705	24	0	0.0	0.0	0.0
17033	HGSV_17079	24	0	0.0	0.0	0.0
17034	HGSV_1711	24	0	0.005	0.005	0.0
17035	HGSV_17174	24	3	0.006	0.006	0.0
17036	HGSV_17595	24	2	0.0	0.0	0.0
17037	HGSV_17994	24	0	0.0	0.0	0.0
17038	HGSV_18019	24	0	0.0	0.0	0.0
17039	HGSV_18039	24	1	0.007	0.007	0.0
17040	HGSV_18142	24	1	0.0	0.0	0.0
17041	HGSV_18224	24	1	0.001	0.001	0.0
17042	HGSV_18867	24	13	0.005	0.005	0.0
17043	HGSV_18994	24	1	0.0	0.0	0.0
17044	HGSV_19081	24	0	0.0	0.0	0.0
17045	HGSV_19091	24	0	0.0	0.0	0.0
17046	HGSV_19531	24	5	0.004	0.004	0.0
17047	HGSV_2087	24	0	0.0	0.0	0.0
17048	HGSV_2423	24	3	0.007	0.007	0.0
17049	HGSV_2468	24	0	0.0	0.0	0.0
17050	HGSV_2759	24	0	0.0	0.0	0.0
17051	HGSV_3575	24	1	0.0	0.0	0.0
17052	HGSV_382	24	0	0.0	0.0	0.0
17053	HGSV_4430	24	0	0.0	0.0	0.0
17054	HGSV_4457	24	8	0.001	0.001	0.0
17055	HGSV_4502	24	1	0.003	0.003	0.0
17056	HGSV_478	24	1	0.0	0.0	0.0
17057	HGSV_5088	24	2	0.0	0.0	0.0
17058	HGSV_5156	24	0	0.001	0.001	0.0
17059	HGSV_5567	24	0	0.0	0.0	0.0
17060	HGSV_5898	24	3	0.0	0.0	0.0
17061	HGSV_6188	24	2	0.0	0.0	0.0
17062	HGSV_6368	24	9	0.006	0.006	0.0
17063	HGSV_66	24	2	0.0	0.0	0.0
17064	HGSV_6735	24	0	0.0	0.0	0.0
17065	HGSV_6760	24	0	0.0	0.0	0.0
17066	HGSV_6979	24	3	0.006	0.006	0.006
17067	HGSV_7131	24	2	0.0	0.0	0.0
17068	HGSV_7133	24	0	0.0	0.0	0.0
17069	HGSV_7597	24	3	0.001	0.001	0.0
17070	HGSV_7658	24	1	0.008	0.008	0.0
17071	HGSV_7713	24	0	0.0	0.0	0.0
17072	HGSV_8013	24	0	0.0	0.0	0.0
17073	HGSV_8246	24	0	0.0	0.0	0.0
17074	HGSV_8272	24	2	0.0	0.0	0.0
17075	HGSV_8414	24	0	0.0	0.0	0.0
17076	HGSV_8518	24	9	0.014	0.014	0.0
17077	HGSV_8556	24	1	0.001	0.001	0.0
17078	HGSV_8795	24	8	0.004	0.004	0.0
17079	HGSV_9513	24	2	0.002	0.002	0.0
17080	HGSV_10178	23	3	0.003	0.003	0.0
17081	HGSV_10238	23	0	0.0	0.0	0.0
17082	HGSV_10250	23	0	0.004	0.004	0.0
17083	HGSV_10341	23	7	0.01	0.01	0.01
17084	HGSV_10486	23	0	0.0	0.0	0.0
17085	HGSV_1084	23	0	0.007	0.007	0.0
17086	HGSV_10849	23	2	0.0	0.0	0.0
17087	HGSV_10882	23	7	0.004	0.004	0.0
17088	HGSV_11232	23	11	0.009	0.009	0.009
17089	HGSV_11234	23	11	0.009	0.009	0.009
17090	HGSV_11449	23	2	0.0	0.0	0.0
17091	HGSV_11949	23	0	0.008	0.008	0.0
17092	HGSV_1208	23	14	0.006	0.006	0.0
17093	HGSV_12112	23	0	0.0	0.0	0.0
17094	HGSV_12323	23	0	0.0	0.0	0.0
17095	HGSV_12859	23	0	0.0	0.0	0.0
17096	HGSV_13168	23	9	0.004	0.004	0.0
17097	HGSV_13240	23	2	0.0	0.0	0.0
17098	HGSV_13382	23	4	0.001	0.001	0.001
17099	HGSV_13434	23	0	0.009	0.009	0.0
17100	HGSV_13633	23	1	0.002	0.002	0.0
17101	HGSV_13786	23	1	0.0	0.0	0.0
17102	HGSV_14324	23	0	0.005	0.005	0.0
17103	HGSV_143397	23	0	0.0	0.0	0.0
17104	HGSV_143453	23	14	0.0	0.0	0.0
17105	HGSV_143861	23	2	0.0	0.0	0.0
17106	HGSV_144130	23	0	0.0	0.0	0.0
17107	HGSV_144230	23	0	0.027	0.027	0.0
17108	HGSV_144356	23	1	0.002	0.002	0.002
17109	HGSV_144396	23	2	0.001	0.001	0.0
17110	HGSV_144722	23	7	0.003	0.003	0.0
17111	HGSV_145135	23	0	0.0	0.0	0.0
17112	HGSV_145136	23	0	0.0	0.0	0.0
17113	HGSV_145247	23	0	0.0	0.0	0.0
17114	HGSV_14537	23	0	0.0	0.0	0.0
17115	HGSV_14621	23	0	0.0	0.0	0.0
17116	HGSV_14630	23	0	0.002	0.002	0.0
17117	HGSV_146336	23	0	0.007	0.007	0.0
17118	HGSV_146499	23	14	0.008	0.008	0.008
17119	HGSV_14677	23	4	0.005	0.005	0.0
17120	HGSV_147249	23	0	0.928	0.993	0.0
17121	HGSV_147376	23	0	0.001	0.001	0.0
17122	HGSV_147378	23	0	0.0	0.0	0.0
17123	HGSV_147404	23	0	0.0	0.0	0.0
17124	HGSV_147525	23	0	0.0	0.0	0.0
17125	HGSV_147641	23	0	0.0	0.0	0.0
17126	HGSV_147656	23	5	0.005	0.005	0.005
17127	HGSV_147891	23	0	0.0	0.0	0.0
17128	HGSV_148037	23	0	0.0	0.0	0.0
17129	HGSV_148147	23	9	0.006	0.006	0.0
17130	HGSV_148391	23	0	0.1	0.0	0.0
17131	HGSV_148607	23	0	0.001	0.001	0.0
17132	HGSV_149048	23	0	0.0	0.0	0.0
17133	HGSV_149443	23	0	0.0	0.0	0.0
17134	HGSV_149445	23	1	0.001	0.001	0.0
17135	HGSV_149503	23	1	0.002	0.0	0.0
17136	HGSV_149590	23	0	0.0	0.0	0.0
17137	HGSV_149686	23	0	0.004	0.004	0.0
17138	HGSV_150042	23	0	0.0	0.0	0.0
17139	HGSV_150104	23	0	0.0	0.0	0.0
17140	HGSV_150157	23	1	0.002	0.002	0.0
17141	HGSV_150254	23	1	0.0	0.0	0.0
17142	HGSV_150299	23	1	0.009	0.009	0.0
17143	HGSV_150314	23	9	0.002	0.002	0.002
17144	HGSV_150735	23	0	0.0	0.0	0.0
17145	HGSV_151008	23	0	0.001	0.001	0.0
17146	HGSV_151018	23	0	0.003	0.003	0.0
17147	HGSV_151090	23	0	0.006	0.006	0.0
17148	HGSV_151188	23	1	0.0	0.0	0.0
17149	HGSV_151342	23	8	0.008	0.008	0.008
17150	HGSV_151401	23	0	0.0	0.0	0.0
17151	HGSV_15169	23	0	0.0	0.0	0.0
17152	HGSV_151723	23	0	0.0	0.0	0.0
17153	HGSV_151940	23	0	0.0	0.0	0.0
17154	HGSV_15197	23	0	0.82	1.0	0.0
17155	HGSV_152044	23	0	0.001	0.001	0.0
17156	HGSV_152108	23	1	0.0	0.0	0.0
17157	HGSV_152146	23	9	0.003	0.003	0.0
17158	HGSV_152218	23	4	0.0	0.0	0.0
17159	HGSV_152367	23	1	0.002	0.002	0.002
17160	HGSV_152413	23	0	0.0	0.0	0.0
17161	HGSV_152526	23	0	0.0	0.0	0.0
17162	HGSV_15273	23	1	0.0	0.0	0.0
17163	HGSV_152900	23	4	0.004	0.004	0.004
17164	HGSV_152916	23	3	0.0	0.0	0.0
17165	HGSV_153426	23	0	0.0	0.0	0.0
17166	HGSV_153438	23	0	0.0	0.0	0.0
17167	HGSV_153496	23	0	0.002	0.002	0.0
17168	HGSV_153499	23	3	0.002	0.002	0.0
17169	HGSV_153518	23	0	0.0	0.0	0.0
17170	HGSV_153647	23	2	0.0	0.0	0.0
17171	HGSV_153749	23	1	0.995	0.995	0.0
17172	HGSV_153934	23	0	0.0	0.0	0.0
17173	HGSV_154112	23	0	0.0	0.0	0.0
17174	HGSV_154289	23	0	0.0	0.0	0.0
17175	HGSV_154602	23	1	0.003	0.003	0.0
17176	HGSV_15530	23	7	0.0	0.0	0.0
17177	HGSV_15541	23	1	0.0	0.0	0.0
17178	HGSV_15568	23	0	0.0	0.0	0.0
17179	HGSV_155719	23	3	0.0	0.0	0.0
17180	HGSV_156160	23	0	0.0	0.0	0.0
17181	HGSV_156253	23	2	0.018	0.0	0.0
17182	HGSV_156378	23	0	0.552	0.987	0.0
17183	HGSV_156518	23	0	0.0	0.0	0.0
17184	HGSV_156562	23	0	0.0	0.0	0.0
17185	HGSV_156667	23	0	0.0	0.0	0.0
17186	HGSV_156887	23	0	0.004	0.004	0.0
17187	HGSV_15731	23	0	0.0	0.0	0.0
17188	HGSV_158126	23	6	0.005	0.005	0.005
17189	HGSV_158202	23	7	0.006	0.006	0.0
17190	HGSV_158356	23	4	0.002	0.002	0.0
17191	HGSV_158663	23	1	0.0	0.0	0.0
17192	HGSV_158676	23	0	0.0	0.0	0.0
17193	HGSV_16023	23	2	0.0	0.0	0.0
17194	HGSV_1629	23	2	0.0	0.0	0.0
17195	HGSV_16848	23	0	0.0	0.0	0.0
17196	HGSV_16932	23	7	0.004	0.004	0.0
17197	HGSV_17030	23	0	0.0	0.0	0.0
17198	HGSV_17048	23	0	0.0	0.0	0.0
17199	HGSV_17121	23	1	0.003	0.003	0.0
17200	HGSV_17182	23	0	0.001	0.001	0.0
17201	HGSV_17249	23	0	0.0	0.0	0.0
17202	HGSV_1726	23	2	0.001	0.001	0.001
17203	HGSV_17393	23	0	0.0	0.0	0.0
17204	HGSV_18055	23	0	0.0	0.0	0.0
17205	HGSV_18309	23	1	0.0	0.0	0.0
17206	HGSV_18647	23	1	0.012	0.012	0.0
17207	HGSV_19022	23	0	0.0	0.0	0.0
17208	HGSV_19160	23	0	0.0	0.0	0.0
17209	HGSV_19298	23	3	0.008	0.008	0.0
17210	HGSV_19676	23	1	0.0	0.0	0.0
17211	HGSV_2679	23	0	0.0	0.0	0.0
17212	HGSV_2857	23	0	0.0	0.0	0.0
17213	HGSV_2983	23	0	0.002	0.002	0.0
17214	HGSV_3265	23	0	0.0	0.0	0.0
17215	HGSV_3299	23	4	0.936	0.971	0.0
17216	HGSV_3300	23	3	0.936	0.0	0.0
17217	HGSV_3682	23	1	0.0	0.0	0.0
17218	HGSV_3746	23	0	0.0	0.0	0.0
17219	HGSV_3906	23	0	0.0	0.0	0.0
17220	HGSV_4098	23	0	0.0	0.0	0.0
17221	HGSV_414	23	8	0.0	0.0	0.0
17222	HGSV_5330	23	0	0.0	0.0	0.0
17223	HGSV_5378	23	0	0.01	0.01	0.0
17224	HGSV_541	23	0	0.002	0.002	0.0
17225	HGSV_5521	23	7	0.007	0.007	0.007
17226	HGSV_5523	23	9	0.007	0.007	0.007
17227	HGSV_6056	23	1	0.024	0.024	0.0
17228	HGSV_6149	23	6	0.003	0.003	0.0
17229	HGSV_6201	23	0	0.0	0.0	0.0
17230	HGSV_6405	23	0	0.001	0.001	0.001
17231	HGSV_6715	23	4	0.004	0.0	0.0
17232	HGSV_692	23	13	0.0	0.0	0.0
17233	HGSV_6925	23	0	0.0	0.0	0.0
17234	HGSV_7457	23	3	0.0	0.0	0.0
17235	HGSV_7692	23	1	0.0	0.0	0.0
17236	HGSV_7708	23	1	0.0	0.0	0.0
17237	HGSV_7734	23	0	0.0	0.0	0.0
17238	HGSV_7772	23	4	0.001	0.001	0.001
17239	HGSV_7882	23	0	0.0	0.0	0.0
17240	HGSV_8136	23	0	0.0	0.0	0.0
17241	HGSV_8256	23	0	0.001	0.001	0.0
17242	HGSV_8406	23	7	0.011	0.011	0.011
17243	HGSV_8419	23	5	0.004	0.004	0.0
17244	HGSV_8697	23	2	0.0	0.0	0.0
17245	HGSV_8843	23	11	0.009	0.009	0.009
17246	HGSV_8859	23	0	0.0	0.0	0.0
17247	HGSV_8923	23	1	0.0	0.0	0.0
17248	HGSV_10001	22	1	0.0	0.0	0.0
17249	HGSV_1008	22	0	0.0	0.0	0.0
17250	HGSV_10197	22	2	0.0	0.0	0.0
17251	HGSV_10296	22	7	0.007	0.007	0.0
17252	HGSV_10462	22	0	0.0	0.0	0.0
17253	HGSV_1048	22	0	0.0	0.0	0.0
17254	HGSV_10517	22	1	0.0	0.0	0.0
17255	HGSV_10817	22	0	0.0	0.0	0.0
17256	HGSV_10973	22	0	0.0	0.0	0.0
17257	HGSV_1099	22	3	0.001	0.0	0.0
17258	HGSV_11223	22	2	0.0	0.0	0.0
17259	HGSV_11430	22	0	0.0	0.0	0.0
17260	HGSV_11558	22	18	0.0	0.0	0.0
17261	HGSV_11568	22	0	0.0	0.0	0.0
17262	HGSV_11694	22	0	0.0	0.0	0.0
17263	HGSV_12725	22	1	0.0	0.0	0.0
17264	HGSV_12789	22	1	0.001	0.0	0.0
17265	HGSV_13063	22	4	0.002	0.002	0.0
17266	HGSV_13184	22	1	0.001	0.001	0.001
17267	HGSV_13545	22	0	0.0	0.0	0.0
17268	HGSV_13823	22	5	0.001	0.0	0.0
17269	HGSV_13834	22	1	0.0	0.0	0.0
17270	HGSV_13868	22	0	0.001	0.001	0.0
17271	HGSV_14333	22	0	0.0	0.0	0.0
17272	HGSV_143415	22	2	0.0	0.0	0.0
17273	HGSV_143586	22	0	0.001	0.001	0.001
17274	HGSV_143759	22	1	0.0	0.0	0.0
17275	HGSV_143925	22	0	0.0	0.0	0.0
17276	HGSV_144443	22	0	0.001	0.001	0.0
17277	HGSV_144605	22	0	0.002	0.002	0.0
17278	HGSV_144816	22	4	0.0	0.0	0.0
17279	HGSV_145040	22	3	0.0	0.0	0.0
17280	HGSV_145208	22	0	0.0	0.0	0.0
17281	HGSV_145344	22	1	0.001	0.001	0.0
17282	HGSV_145381	22	1	0.0	0.0	0.0
17283	HGSV_145599	22	3	0.002	0.002	0.0
17284	HGSV_145648	22	1	0.011	0.0	0.0
17285	HGSV_14567	22	4	0.0	0.0	0.0
17286	HGSV_145711	22	0	0.0	0.0	0.0
17287	HGSV_145751	22	0	0.0	0.0	0.0
17288	HGSV_145896	22	0	0.0	0.0	0.0
17289	HGSV_14596	22	11	0.007	0.007	0.007
17290	HGSV_146132	22	5	0.0	0.0	0.0
17291	HGSV_146152	22	1	0.0	0.0	0.0
17292	HGSV_146184	22	1	0.0	0.0	0.0
17293	HGSV_146454	22	0	0.0	0.0	0.0
17294	HGSV_146587	22	0	0.864	0.864	0.0
17295	HGSV_146960	22	0	0.0	0.0	0.0
17296	HGSV_147086	22	6	0.003	0.003	0.003
17297	HGSV_147373	22	5	0.0	0.0	0.0
17298	HGSV_147514	22	0	0.0	0.0	0.0
17299	HGSV_147576	22	0	0.0	0.0	0.0
17300	HGSV_147642	22	0	0.0	0.0	0.0
17301	HGSV_147779	22	1	0.0	0.0	0.0
17302	HGSV_147846	22	2	0.0	0.0	0.0
17303	HGSV_148028	22	4	0.001	0.001	0.001
17304	HGSV_14805	22	0	0.999	0.0	0.0
17305	HGSV_148198	22	6	0.0	0.0	0.0
17306	HGSV_148233	22	1	0.0	0.0	0.0
17307	HGSV_148703	22	3	0.001	0.001	0.0
17308	HGSV_148888	22	1	0.0	0.0	0.0
17309	HGSV_148914	22	10	0.0	0.0	0.0
17310	HGSV_148967	22	2	0.002	0.002	0.002
17311	HGSV_149004	22	4	0.001	0.001	0.0
17312	HGSV_149102	22	1	0.002	0.002	0.002
17313	HGSV_149143	22	0	0.0	0.0	0.0
17314	HGSV_149152	22	0	0.0	0.0	0.0
17315	HGSV_149182	22	0	0.0	0.0	0.0
17316	HGSV_1492	22	0	0.0	0.0	0.0
17317	HGSV_149260	22	0	0.0	0.0	0.0
17318	HGSV_149665	22	1	0.001	0.001	0.0
17319	HGSV_149804	22	0	0.0	0.0	0.0
17320	HGSV_149967	22	0	0.0	0.0	0.0
17321	HGSV_149982	22	0	0.0	0.0	0.0
17322	HGSV_150222	22	0	0.0	0.0	0.0
17323	HGSV_150936	22	1	0.0	0.0	0.0
17324	HGSV_15144	22	0	0.0	0.0	0.0
17325	HGSV_151702	22	8	0.012	0.012	0.012
17326	HGSV_1517	22	2	0.0	0.0	0.0
17327	HGSV_151766	22	0	0.0	0.0	0.0
17328	HGSV_151900	22	0	0.0	0.0	0.0
17329	HGSV_151903	22	0	0.0	0.0	0.0
17330	HGSV_151943	22	1	0.001	0.001	0.0
17331	HGSV_152027	22	3	0.001	0.001	0.0
17332	HGSV_152040	22	2	0.0	0.0	0.0
17333	HGSV_152063	22	2	0.002	0.002	0.0
17334	HGSV_152151	22	0	0.0	0.0	0.0
17335	HGSV_152186	22	6	0.013	0.013	0.013
17336	HGSV_152252	22	0	0.0	0.0	0.0
17337	HGSV_152261	22	4	0.005	0.005	0.0
17338	HGSV_152264	22	3	0.004	0.004	0.0
17339	HGSV_152273	22	3	0.001	0.0	0.0
17340	HGSV_152421	22	0	0.0	0.0	0.0
17341	HGSV_152839	22	1	0.007	0.007	0.0
17342	HGSV_153041	22	0	0.003	0.003	0.0
17343	HGSV_153078	22	1	0.002	0.002	0.0
17344	HGSV_153085	22	1	0.0	0.0	0.0
17345	HGSV_153180	22	1	0.002	0.002	0.0
17346	HGSV_153207	22	1	0.0	0.0	0.0
17347	HGSV_153241	22	0	0.001	0.001	0.0
17348	HGSV_153318	22	0	0.0	0.0	0.0
17349	HGSV_153528	22	1	0.0	0.0	0.0
17350	HGSV_153672	22	9	0.0	0.0	0.0
17351	HGSV_153743	22	1	0.001	0.001	0.0
17352	HGSV_153800	22	3	0.005	0.005	0.0
17353	HGSV_15381	22	18	0.0	0.0	0.0
17354	HGSV_153852	22	0	0.016	0.016	0.0
17355	HGSV_154579	22	1	0.021	0.021	0.0
17356	HGSV_155230	22	0	0.0	0.0	0.0
17357	HGSV_155495	22	1	0.0	0.0	0.0
17358	HGSV_155908	22	1	0.004	0.004	0.0
17359	HGSV_155950	22	0	0.0	0.0	0.0
17360	HGSV_156070	22	0	0.0	0.0	0.0
17361	HGSV_156466	22	5	0.005	0.005	0.0
17362	HGSV_156653	22	1	0.0	0.987	0.0
17363	HGSV_156654	22	1	0.0	0.0	0.0
17364	HGSV_156770	22	1	0.0	0.0	0.0
17365	HGSV_15679	22	0	0.0	0.0	0.0
17366	HGSV_156861	22	0	0.0	0.0	0.0
17367	HGSV_157184	22	0	0.0	0.0	0.0
17368	HGSV_157320	22	0	0.0	0.0	0.0
17369	HGSV_157331	22	0	0.0	0.0	0.0
17370	HGSV_157794	22	0	0.0	0.0	0.0
17371	HGSV_15841	22	0	0.0	0.0	0.0
17372	HGSV_158650	22	0	0.0	0.0	0.0
17373	HGSV_158746	22	0	0.0	0.0	0.0
17374	HGSV_15892	22	3	0.002	0.002	0.0
17375	HGSV_159117	22	4	0.0	0.0	0.0
17376	HGSV_16033	22	1	0.001	0.001	0.001
17377	HGSV_16097	22	1	0.0	0.0	0.0
17378	HGSV_16203	22	0	0.0	0.0	0.0
17379	HGSV_1650	22	0	0.0	0.0	0.0
17380	HGSV_17143	22	1	0.004	0.004	0.0
17381	HGSV_17373	22	4	0.001	0.001	0.0
17382	HGSV_17465	22	0	0.0	0.0	0.0
17383	HGSV_17631	22	1	0.0	0.0	0.0
17384	HGSV_17690	22	0	0.0	0.0	0.0
17385	HGSV_17762	22	9	0.005	0.005	0.0
17386	HGSV_17974	22	10	0.008	0.008	0.008
17387	HGSV_1843	22	0	0.0	0.0	0.0
17388	HGSV_18563	22	0	0.0	0.0	0.0
17389	HGSV_18783	22	0	0.0	0.0	0.0
17390	HGSV_19200	22	13	0.012	0.012	0.012
17391	HGSV_19340	22	0	0.0	0.0	0.0
17392	HGSV_19391	22	2	0.0	0.0	0.0
17393	HGSV_2034	22	0	0.0	0.0	0.0
17394	HGSV_2273	22	0	0.011	0.011	0.0
17395	HGSV_2448	22	3	0.0	0.0	0.0
17396	HGSV_2547	22	0	0.0	0.0	0.0
17397	HGSV_2658	22	0	0.0	0.0	0.0
17398	HGSV_2665	22	1	0.0	0.0	0.0
17399	HGSV_2727	22	4	0.002	0.002	0.0
17400	HGSV_285	22	0	0.0	0.0	0.0
17401	HGSV_322	22	1	0.0	0.0	0.0
17402	HGSV_3258	22	7	0.0	0.0	0.0
17403	HGSV_3330	22	2	0.0	0.0	0.0
17404	HGSV_36	22	0	0.0	0.0	0.0
17405	HGSV_3754	22	0	0.0	0.0	0.0
17406	HGSV_4038	22	3	0.0	0.0	0.0
17407	HGSV_4212	22	3	0.0	0.0	0.0
17408	HGSV_4251	22	7	0.005	0.005	0.0
17409	HGSV_4332	22	7	0.01	0.01	0.0
17410	HGSV_4556	22	0	0.0	0.0	0.0
17411	HGSV_5067	22	0	0.569	0.569	0.0
17412	HGSV_514	22	4	0.0	0.0	0.0
17413	HGSV_5241	22	0	0.0	0.0	0.0
17414	HGSV_5601	22	1	0.0	0.0	0.0
17415	HGSV_5730	22	0	0.001	0.001	0.001
17416	HGSV_5916	22	0	0.91	0.0	0.0
17417	HGSV_5943	22	3	0.002	0.002	0.002
17418	HGSV_595	22	1	0.0	0.0	0.0
17419	HGSV_6018	22	0	0.0	0.0	0.0
17420	HGSV_6107	22	2	0.001	0.001	0.0
17421	HGSV_6302	22	0	0.0	0.0	0.0
17422	HGSV_6525	22	2	0.006	0.006	0.0
17423	HGSV_6622	22	1	0.003	0.003	0.0
17424	HGSV_6694	22	5	0.002	0.002	0.0
17425	HGSV_7146	22	2	0.003	0.003	0.0
17426	HGSV_7459	22	1	0.0	0.0	0.0
17427	HGSV_7512	22	3	0.005	0.005	0.0
17428	HGSV_7581	22	8	0.007	0.007	0.0
17429	HGSV_7627	22	0	0.0	0.0	0.0
17430	HGSV_7720	22	0	0.0	0.0	0.0
17431	HGSV_7761	22	0	0.0	0.0	0.0
17432	HGSV_7888	22	0	0.001	0.001	0.0
17433	HGSV_7948	22	3	0.0	0.0	0.0
17434	HGSV_8019	22	2	0.002	0.002	0.0
17435	HGSV_803	22	3	0.004	0.004	0.0
17436	HGSV_8179	22	4	0.005	0.005	0.005
17437	HGSV_822	22	2	0.011	0.011	0.0
17438	HGSV_8759	22	6	0.007	0.007	0.0
17439	HGSV_9065	22	0	0.0	0.0	0.0
17440	HGSV_9324	22	5	0.001	0.001	0.001
17441	HGSV_10012	21	8	0.009	0.009	0.0
17442	HGSV_1002	21	0	0.0	0.0	0.0
17443	HGSV_10170	21	3	0.0	0.0	0.0
17444	HGSV_10187	21	7	0.003	0.0	0.0
17445	HGSV_10274	21	0	0.0	0.0	0.0
17446	HGSV_10457	21	3	0.0	0.0	0.0
17447	HGSV_106	21	0	0.0	0.0	0.0
17448	HGSV_10781	21	0	0.0	0.0	0.0
17449	HGSV_10840	21	0	0.0	0.0	0.0
17450	HGSV_1128	21	0	0.999	0.999	0.0
17451	HGSV_11407	21	4	0.923	0.0	0.0
17452	HGSV_1174	21	0	0.0	0.0	0.0
17453	HGSV_12360	21	1	0.0	0.0	0.0
17454	HGSV_12466	21	0	0.0	0.0	0.0
17455	HGSV_12529	21	0	0.0	0.0	0.0
17456	HGSV_12852	21	0	0.998	0.998	0.0
17457	HGSV_13159	21	1	0.002	0.002	0.002
17458	HGSV_1317	21	0	0.0	0.0	0.0
17459	HGSV_13319	21	1	0.0	0.0	0.0
17460	HGSV_13394	21	0	0.0	0.0	0.0
17461	HGSV_13621	21	1	0.0	0.0	0.0
17462	HGSV_13624	21	8	0.005	0.005	0.0
17463	HGSV_13648	21	4	0.002	0.002	0.002
17464	HGSV_13825	21	0	0.0	0.0	0.0
17465	HGSV_14277	21	4	0.005	0.005	0.0
17466	HGSV_143556	21	0	0.003	0.003	0.0
17467	HGSV_143580	21	0	0.0	0.0	0.0
17468	HGSV_143727	21	1	0.0	0.0	0.0
17469	HGSV_143894	21	2	0.009	0.009	0.0
17470	HGSV_144215	21	2	0.003	0.003	0.0
17471	HGSV_144384	21	0	0.001	0.001	0.0
17472	HGSV_14460	21	0	0.0	0.0	0.0
17473	HGSV_145077	21	8	0.0	0.0	0.0
17474	HGSV_14508	21	0	0.004	0.004	0.0
17475	HGSV_145237	21	0	0.0	0.0	0.0
17476	HGSV_145580	21	4	0.001	0.0	0.0
17477	HGSV_145660	21	1	0.0	0.0	0.0
17478	HGSV_145684	21	0	0.001	0.001	0.0
17479	HGSV_14573	21	0	0.548	0.548	0.0
17480	HGSV_145760	21	0	0.001	0.001	0.0
17481	HGSV_145772	21	0	0.0	0.0	0.0
17482	HGSV_145941	21	0	0.0	0.0	0.0
17483	HGSV_146268	21	0	0.0	0.0	0.0
17484	HGSV_146285	21	11	0.003	0.003	0.0
17485	HGSV_146330	21	9	0.0	0.0	0.0
17486	HGSV_146529	21	4	0.001	0.001	0.0
17487	HGSV_146911	21	0	0.0	0.0	0.0
17488	HGSV_147019	21	3	0.0	0.0	0.0
17489	HGSV_147355	21	1	0.0	0.0	0.0
17490	HGSV_147386	21	0	0.0	0.0	0.0
17491	HGSV_14750	21	0	0.0	0.0	0.0
17492	HGSV_147645	21	0	0.0	0.0	0.0
17493	HGSV_14778	21	0	0.0	0.0	0.0
17494	HGSV_147813	21	0	0.0	0.0	0.0
17495	HGSV_147875	21	0	0.001	0.001	0.0
17496	HGSV_148043	21	2	0.0	0.0	0.0
17497	HGSV_148088	21	0	0.0	0.0	0.0
17498	HGSV_148140	21	0	0.0	0.0	0.0
17499	HGSV_14850	21	2	0.002	0.0	0.0
17500	HGSV_148697	21	8	0.028	0.028	0.028
17501	HGSV_148786	21	0	0.0	0.0	0.0
17502	HGSV_148913	21	0	0.0	0.0	0.0
17503	HGSV_148969	21	0	0.0	0.0	0.0
17504	HGSV_149208	21	1	0.0	0.0	0.0
17505	HGSV_149231	21	0	0.001	0.001	0.0
17506	HGSV_149307	21	4	0.0	0.0	0.0
17507	HGSV_149367	21	0	0.0	0.0	0.0
17508	HGSV_14961	21	0	0.0	0.0	0.0
17509	HGSV_14970	21	0	0.0	0.0	0.0
17510	HGSV_149881	21	3	0.004	0.0	0.0
17511	HGSV_150493	21	7	0.009	0.009	0.0
17512	HGSV_150729	21	0	0.0	0.0	0.0
17513	HGSV_150985	21	0	0.0	0.0	0.0
17514	HGSV_151169	21	0	0.004	0.004	0.0
17515	HGSV_151359	21	0	0.0	0.0	0.0
17516	HGSV_151418	21	1	0.0	0.0	0.0
17517	HGSV_151439	21	1	0.0	0.0	0.0
17518	HGSV_151666	21	1	0.001	0.001	0.001
17519	HGSV_151885	21	0	0.0	0.0	0.0
17520	HGSV_151929	21	0	0.025	0.025	0.0
17521	HGSV_151933	21	0	0.025	0.025	0.0
17522	HGSV_152045	21	2	0.0	0.0	0.0
17523	HGSV_152098	21	0	0.0	0.0	0.0
17524	HGSV_152213	21	1	0.0	0.0	0.0
17525	HGSV_152308	21	1	0.0	0.0	0.0
17526	HGSV_152554	21	0	0.0	0.0	0.0
17527	HGSV_152826	21	1	0.012	0.012	0.0
17528	HGSV_152891	21	0	0.0	0.0	0.0
17529	HGSV_153004	21	2	0.0	0.0	0.0
17530	HGSV_153046	21	0	0.0	0.0	0.0
17531	HGSV_153142	21	1	0.0	0.0	0.0
17532	HGSV_153453	21	1	0.001	0.001	0.0
17533	HGSV_153510	21	0	0.0	0.0	0.0
17534	HGSV_15362	21	2	0.0	0.0	0.0
17535	HGSV_153646	21	0	0.0	0.0	0.0
17536	HGSV_153661	21	0	0.0	0.0	0.0
17537	HGSV_153775	21	5	0.008	0.008	0.0
17538	HGSV_153795	21	0	0.0	0.0	0.0
17539	HGSV_153916	21	0	0.0	0.0	0.0
17540	HGSV_15412	21	0	0.001	0.001	0.001
17541	HGSV_15474	21	1	0.0	0.0	0.0
17542	HGSV_154859	21	0	0.001	0.001	0.0
17543	HGSV_155051	21	4	0.008	0.0	0.0
17544	HGSV_15521	21	0	0.0	0.0	0.0
17545	HGSV_155340	21	0	0.0	0.0	0.0
17546	HGSV_155866	21	0	0.0	0.0	0.0
17547	HGSV_156133	21	0	0.0	0.0	0.0
17548	HGSV_156186	21	1	0.0	0.0	0.0
17549	HGSV_156214	21	1	0.0	0.0	0.0
17550	HGSV_156426	21	7	0.006	0.006	0.0
17551	HGSV_156866	21	0	0.342	0.342	0.0
17552	HGSV_156899	21	1	0.0	0.0	0.0
17553	HGSV_156951	21	1	0.0	0.0	0.0
17554	HGSV_157369	21	0	0.0	0.0	0.0
17555	HGSV_15743	21	2	0.002	0.002	0.0
17556	HGSV_157761	21	0	0.004	0.004	0.0
17557	HGSV_157907	21	0	0.0	0.0	0.0
17558	HGSV_158092	21	1	0.0	0.0	0.0
17559	HGSV_158159	21	0	0.0	0.0	0.0
17560	HGSV_158256	21	1	0.0	0.0	0.0
17561	HGSV_158421	21	1	0.0	0.0	0.0
17562	HGSV_15849	21	0	0.0	0.0	0.0
17563	HGSV_158595	21	0	0.0	0.0	0.0
17564	HGSV_158800	21	13	0.0	0.0	0.0
17565	HGSV_158896	21	0	0.0	0.0	0.0
17566	HGSV_158960	21	0	0.0	0.0	0.0
17567	HGSV_15896	21	0	0.001	0.001	0.0
17568	HGSV_159079	21	1	0.001	0.001	0.0
17569	HGSV_16067	21	0	0.0	0.0	0.0
17570	HGSV_16238	21	3	0.0	0.0	0.0
17571	HGSV_16249	21	0	0.0	0.0	0.0
17572	HGSV_16307	21	0	0.0	0.0	0.0
17573	HGSV_16310	21	8	0.007	0.007	0.0
17574	HGSV_16446	21	0	0.0	0.0	0.0
17575	HGSV_16513	21	0	0.0	0.0	0.0
17576	HGSV_16625	21	0	0.0	0.0	0.0
17577	HGSV_16751	21	0	0.0	0.0	0.0
17578	HGSV_16754	21	0	0.001	0.001	0.0
17579	HGSV_17413	21	0	0.0	0.0	0.0
17580	HGSV_17486	21	0	0.864	0.864	0.0
17581	HGSV_17549	21	0	0.0	0.0	0.0
17582	HGSV_1768	21	4	0.006	0.006	0.0
17583	HGSV_17718	21	0	0.001	0.001	0.0
17584	HGSV_17728	21	0	0.0	0.0	0.0
17585	HGSV_17730	21	4	0.01	0.01	0.01
17586	HGSV_1775	21	0	0.0	0.0	0.0
17587	HGSV_17943	21	2	0.0	0.0	0.0
17588	HGSV_18068	21	0	0.804	0.9	0.0
17589	HGSV_18121	21	0	0.0	0.0	0.0
17590	HGSV_18155	21	1	0.0	0.0	0.0
17591	HGSV_18263	21	1	0.0	0.0	0.0
17592	HGSV_18486	21	0	0.0	0.0	0.0
17593	HGSV_18824	21	6	0.003	0.003	0.0
17594	HGSV_19312	21	1	0.001	0.0	0.0
17595	HGSV_19336	21	0	0.0	0.0	0.0
17596	HGSV_19371	21	0	0.0	0.0	0.0
17597	HGSV_19628	21	1	0.0	0.0	0.0
17598	HGSV_2039	21	0	0.0	0.0	0.0
17599	HGSV_2257	21	2	0.001	0.001	0.001
17600	HGSV_2326	21	2	0.0	0.0	0.0
17601	HGSV_2376	21	0	0.0	0.0	0.0
17602	HGSV_2414	21	0	0.001	0.001	0.0
17603	HGSV_2957	21	0	0.0	0.0	0.0
17604	HGSV_2977	21	5	0.999	0.999	0.999
17605	HGSV_3411	21	0	0.0	0.0	0.0
17606	HGSV_3615	21	1	0.001	0.001	0.0
17607	HGSV_4201	21	14	0.0	0.0	0.0
17608	HGSV_4373	21	4	0.003	0.003	0.0
17609	HGSV_4489	21	0	0.0	0.0	0.0
17610	HGSV_4721	21	0	0.0	0.0	0.0
17611	HGSV_5022	21	2	0.0	0.0	0.0
17612	HGSV_5031	21	0	0.001	0.001	0.0
17613	HGSV_507	21	6	0.0	0.0	0.0
17614	HGSV_5116	21	2	0.0	0.0	0.0
17615	HGSV_6054	21	0	0.0	0.0	0.0
17616	HGSV_6160	21	0	0.001	0.001	0.001
17617	HGSV_6166	21	0	0.004	0.004	0.004
17618	HGSV_6213	21	4	0.004	0.004	0.0
17619	HGSV_6318	21	0	0.0	0.0	0.0
17620	HGSV_6403	21	0	0.0	0.0	0.0
17621	HGSV_6473	21	5	0.003	0.003	0.0
17622	HGSV_6604	21	3	0.001	0.001	0.001
17623	HGSV_6664	21	4	0.004	0.004	0.0
17624	HGSV_6932	21	0	0.821	0.0	0.0
17625	HGSV_7294	21	0	0.0	0.0	0.0
17626	HGSV_7613	21	0	0.004	0.004	0.0
17627	HGSV_7646	21	1	0.01	0.01	0.0
17628	HGSV_7811	21	0	0.0	0.0	0.0
17629	HGSV_7870	21	0	0.0	0.0	0.0
17630	HGSV_7931	21	0	0.026	0.026	0.0
17631	HGSV_7936	21	5	0.005	0.005	0.0
17632	HGSV_8005	21	2	0.001	0.001	0.0
17633	HGSV_8031	21	4	0.003	0.003	0.0
17634	HGSV_8067	21	2	0.0	0.0	0.0
17635	HGSV_8495	21	0	0.0	0.0	0.0
17636	HGSV_8542	21	1	0.001	0.001	0.0
17637	HGSV_8597	21	0	0.0	0.0	0.0
17638	HGSV_8599	21	3	0.0	0.0	0.0
17639	HGSV_8618	21	5	0.007	0.007	0.0
17640	HGSV_8836	21	0	0.334	0.334	0.999
17641	HGSV_8957	21	0	0.0	0.0	0.0
17642	HGSV_9086	21	0	0.0	0.0	0.0
17643	HGSV_9347	21	0	0.0	0.0	0.0
17644	HGSV_9624	21	0	0.0	0.0	0.0
17645	HGSV_9971	21	1	0.007	0.007	0.0
17646	HGSV_10009	20	0	0.0	0.0	0.0
17647	HGSV_10119	20	0	0.003	0.003	0.0
17648	HGSV_10222	20	0	0.907	0.907	0.0
17649	HGSV_10286	20	7	0.004	0.004	0.0
17650	HGSV_10332	20	0	0.007	0.007	0.0
17651	HGSV_10415	20	0	0.0	0.0	0.0
17652	HGSV_10982	20	3	0.002	0.002	0.002
17653	HGSV_11010	20	14	0.006	0.006	0.006
17654	HGSV_11124	20	0	0.001	0.001	0.0
17655	HGSV_11394	20	0	0.013	0.013	0.0
17656	HGSV_116	20	5	0.0	0.0	0.0
17657	HGSV_11814	20	2	0.001	0.001	0.0
17658	HGSV_11840	20	0	0.0	0.0	0.0
17659	HGSV_11842	20	0	0.0	0.0	0.0
17660	HGSV_11914	20	0	0.002	0.002	0.0
17661	HGSV_12113	20	0	0.0	0.0	0.0
17662	HGSV_12167	20	8	0.004	0.004	0.0
17663	HGSV_12337	20	4	0.0	0.0	0.0
17664	HGSV_12416	20	7	0.009	0.009	0.0
17665	HGSV_12438	20	1	0.007	0.007	0.0
17666	HGSV_12448	20	2	0.002	0.002	0.0
17667	HGSV_12528	20	0	0.0	0.0	0.0
17668	HGSV_12647	20	1	0.002	0.002	0.002
17669	HGSV_12690	20	0	0.0	0.0	0.0
17670	HGSV_12706	20	0	0.0	0.0	0.0
17671	HGSV_12908	20	1	0.0	0.0	0.0
17672	HGSV_13061	20	0	0.0	0.0	0.0
17673	HGSV_13069	20	5	0.004	0.004	0.0
17674	HGSV_13071	20	1	0.003	0.003	0.003
17675	HGSV_13121	20	0	0.0	0.0	0.0
17676	HGSV_13299	20	9	0.008	0.008	0.0
17677	HGSV_1331	20	1	0.0	0.0	0.0
17678	HGSV_13346	20	0	0.0	0.0	0.0
17679	HGSV_13377	20	0	0.0	0.0	0.0
17680	HGSV_1342	20	0	0.0	0.0	0.0
17681	HGSV_13429	20	0	0.0	0.0	0.0
17682	HGSV_13439	20	6	0.005	0.005	0.0
17683	HGSV_13561	20	1	0.478	0.971	0.0
17684	HGSV_13627	20	1	0.0	0.0	0.0
17685	HGSV_1365	20	0	0.0	0.0	0.0
17686	HGSV_13757	20	7	0.0	0.0	0.0
17687	HGSV_13906	20	2	0.0	0.0	0.0
17688	HGSV_14035	20	2	0.009	0.009	0.0
17689	HGSV_14114	20	1	0.0	0.0	0.0
17690	HGSV_14200	20	0	0.0	0.0	0.0
17691	HGSV_14212	20	0	0.0	0.0	0.0
17692	HGSV_1424	20	0	0.0	0.0	0.0
17693	HGSV_1428	20	0	1.0	0.0	0.0
17694	HGSV_14328	20	1	0.0	0.0	0.0
17695	HGSV_143597	20	2	0.006	0.006	0.006
17696	HGSV_143611	20	0	0.0	0.0	0.0
17697	HGSV_143800	20	1	0.0	0.0	0.0
17698	HGSV_14381	20	0	0.0	0.0	0.0
17699	HGSV_14404	20	6	0.007	0.007	0.0
17700	HGSV_14407	20	0	0.0	0.0	0.0
17701	HGSV_144108	20	4	0.005	0.005	0.0
17702	HGSV_144217	20	2	0.003	0.003	0.0
17703	HGSV_144332	20	1	0.0	0.0	0.0
17704	HGSV_144441	20	0	0.0	0.0	0.0
17705	HGSV_1445	20	0	0.0	0.0	0.0
17706	HGSV_144537	20	0	0.991	0.991	0.0
17707	HGSV_144806	20	3	0.002	0.002	0.002
17708	HGSV_144852	20	0	0.0	0.0	0.0
17709	HGSV_145109	20	1	0.0	0.0	0.0
17710	HGSV_14513	20	0	0.001	0.001	0.0
17711	HGSV_145151	20	6	0.003	0.003	0.0
17712	HGSV_145243	20	0	0.0	0.0	0.0
17713	HGSV_145254	20	2	0.001	0.001	0.0
17714	HGSV_145293	20	0	0.0	0.0	0.0
17715	HGSV_145511	20	0	0.409	0.409	0.0
17716	HGSV_146386	20	1	0.0	0.0	0.0
17717	HGSV_146696	20	0	0.0	0.0	0.0
17718	HGSV_146728	20	0	0.0	0.0	0.0
17719	HGSV_1469	20	0	0.026	0.026	0.0
17720	HGSV_146934	20	0	0.0	0.0	0.0
17721	HGSV_147305	20	0	0.0	0.0	0.0
17722	HGSV_147879	20	1	0.0	0.0	0.0
17723	HGSV_148034	20	1	0.0	0.0	0.0
17724	HGSV_148039	20	0	0.0	0.0	0.0
17725	HGSV_148073	20	3	0.004	0.004	0.0
17726	HGSV_148235	20	0	0.657	0.954	0.954
17727	HGSV_148274	20	8	0.0	0.0	0.0
17728	HGSV_148867	20	0	0.0	0.0	0.0
17729	HGSV_148872	20	0	0.0	0.0	0.0
17730	HGSV_148951	20	6	0.004	0.004	0.0
17731	HGSV_148968	20	0	0.0	0.0	0.0
17732	HGSV_149255	20	6	0.0	0.0	0.0
17733	HGSV_149356	20	3	0.0	0.0	0.0
17734	HGSV_149528	20	0	0.0	0.0	0.0
17735	HGSV_149593	20	1	0.0	0.0	0.0
17736	HGSV_149743	20	0	0.0	0.0	0.0
17737	HGSV_149802	20	0	0.532	0.532	0.0
17738	HGSV_14995	20	2	0.003	0.003	0.0
17739	HGSV_150215	20	1	0.0	0.0	0.0
17740	HGSV_150421	20	0	0.0	0.0	0.0
17741	HGSV_15075	20	5	0.002	0.002	0.0
17742	HGSV_15086	20	1	0.0	0.0	0.0
17743	HGSV_150912	20	2	0.0	0.0	0.0
17744	HGSV_151049	20	0	0.0	0.0	0.0
17745	HGSV_151092	20	0	0.002	0.002	0.0
17746	HGSV_151186	20	3	0.0	0.0	0.0
17747	HGSV_151192	20	0	0.0	0.0	0.0
17748	HGSV_151220	20	0	0.0	0.0	0.0
17749	HGSV_151251	20	2	0.0	0.0	0.0
17750	HGSV_151344	20	0	0.0	0.0	0.0
17751	HGSV_151396	20	0	0.0	0.0	0.0
17752	HGSV_15157	20	0	0.0	0.0	0.0
17753	HGSV_151708	20	0	0.0	0.0	0.0
17754	HGSV_151832	20	0	0.0	0.0	0.0
17755	HGSV_151838	20	1	0.0	0.0	0.0
17756	HGSV_15189	20	1	0.0	0.0	0.0
17757	HGSV_151927	20	5	0.001	0.001	0.001
17758	HGSV_15193	20	0	0.001	0.001	0.0
17759	HGSV_151939	20	0	0.0	0.0	0.0
17760	HGSV_15205	20	0	0.0	0.0	0.0
17761	HGSV_15206	20	2	0.0	0.0	0.0
17762	HGSV_152171	20	0	0.001	0.001	0.0
17763	HGSV_152196	20	0	0.0	0.0	0.0
17764	HGSV_152202	20	0	0.001	0.001	0.0
17765	HGSV_15221	20	0	0.0	0.0	0.0
17766	HGSV_152346	20	0	0.0	0.0	0.0
17767	HGSV_152385	20	1	0.0	0.0	0.0
17768	HGSV_152628	20	0	0.0	0.0	0.0
17769	HGSV_152649	20	0	0.0	0.0	0.0
17770	HGSV_152781	20	1	0.002	0.002	0.0
17771	HGSV_152795	20	1	0.0	0.0	0.0
17772	HGSV_152827	20	1	0.0	0.0	0.0
17773	HGSV_152972	20	0	0.008	0.0	0.0
17774	HGSV_153015	20	4	0.002	0.002	0.0
17775	HGSV_153018	20	0	0.0	0.0	0.0
17776	HGSV_15304	20	1	0.009	0.009	0.0
17777	HGSV_153247	20	6	0.003	0.003	0.0
17778	HGSV_153264	20	0	0.0	0.0	0.0
17779	HGSV_153424	20	1	0.0	0.0	0.0
17780	HGSV_153483	20	0	0.001	0.001	0.0
17781	HGSV_153508	20	0	0.0	0.0	0.0
17782	HGSV_153514	20	1	0.003	0.003	0.0
17783	HGSV_153576	20	3	0.0	0.0	0.0
17784	HGSV_153693	20	1	0.0	0.0	0.0
17785	HGSV_153777	20	0	0.0	0.0	0.0
17786	HGSV_153914	20	1	0.0	0.0	0.0
17787	HGSV_154342	20	0	0.0	0.0	0.0
17788	HGSV_154891	20	0	0.0	0.0	0.0
17789	HGSV_155045	20	0	0.0	0.0	0.0
17790	HGSV_155082	20	0	0.0	0.0	0.0
17791	HGSV_155161	20	13	0.0	0.0	0.0
17792	HGSV_15548	20	1	0.004	0.0	0.0
17793	HGSV_155754	20	1	0.0	0.0	0.0
17794	HGSV_156074	20	0	0.0	0.0	0.0
17795	HGSV_156094	20	0	0.001	0.001	0.0
17796	HGSV_156137	20	1	0.008	0.008	0.0
17797	HGSV_156194	20	9	0.009	0.009	0.009
17798	HGSV_156407	20	0	0.0	0.0	0.0
17799	HGSV_156529	20	0	0.0	0.0	0.0
17800	HGSV_156586	20	1	0.0	0.0	0.0
17801	HGSV_157142	20	1	0.0	0.0	0.0
17802	HGSV_157191	20	0	0.0	0.0	0.0
17803	HGSV_157202	20	0	0.0	0.0	0.0
17804	HGSV_15724	20	2	0.001	0.001	0.001
17805	HGSV_157515	20	0	0.0	0.0	0.0
17806	HGSV_157638	20	0	0.004	0.004	0.0
17807	HGSV_157641	20	4	0.0	0.0	0.0
17808	HGSV_15775	20	1	0.0	0.0	0.0
17809	HGSV_157800	20	2	0.0	0.0	0.0
17810	HGSV_157946	20	0	0.001	0.001	0.0
17811	HGSV_158223	20	4	0.0	0.0	0.0
17812	HGSV_158274	20	2	0.0	0.0	0.0
17813	HGSV_15828	20	0	0.0	0.0	0.0
17814	HGSV_158333	20	0	0.001	0.001	0.0
17815	HGSV_158416	20	0	0.0	0.0	0.0
17816	HGSV_158527	20	2	0.0	0.0	0.0
17817	HGSV_158654	20	4	0.002	0.002	0.002
17818	HGSV_158684	20	0	0.0	0.0	0.0
17819	HGSV_158809	20	3	0.002	0.002	0.0
17820	HGSV_158900	20	0	0.584	0.907	0.0
17821	HGSV_16031	20	0	0.001	0.001	0.0
17822	HGSV_16057	20	8	0.0	0.0	0.0
17823	HGSV_1607	20	0	0.0	0.0	0.0
17824	HGSV_16156	20	0	0.003	0.003	0.0
17825	HGSV_16222	20	10	0.002	0.0	0.0
17826	HGSV_16466	20	0	0.078	0.078	0.0
17827	HGSV_16489	20	0	0.0	0.0	0.0
17828	HGSV_16519	20	0	0.0	0.0	0.0
17829	HGSV_16555	20	0	0.005	0.005	0.0
17830	HGSV_16721	20	0	0.0	0.0	0.0
17831	HGSV_16733	20	0	0.0	0.0	0.0
17832	HGSV_16800	20	0	0.0	0.0	0.0
17833	HGSV_16935	20	0	0.0	0.0	0.0
17834	HGSV_17033	20	2	0.001	0.001	0.0
17835	HGSV_17113	20	0	0.0	0.0	0.0
17836	HGSV_17138	20	0	0.0	0.0	0.0
17837	HGSV_17151	20	0	0.0	0.0	0.0
17838	HGSV_17237	20	0	0.0	0.0	0.0
17839	HGSV_17395	20	1	0.0	0.0	0.0
17840	HGSV_17510	20	3	0.003	0.003	0.0
17841	HGSV_17537	20	0	0.0	0.0	0.0
17842	HGSV_17771	20	1	0.0	0.0	0.0
17843	HGSV_1783	20	0	0.0	0.0	0.0
17844	HGSV_17948	20	4	0.0	0.0	0.0
17845	HGSV_17965	20	7	0.007	0.007	0.007
17846	HGSV_18002	20	4	0.0	0.0	0.0
17847	HGSV_18129	20	0	0.0	0.0	0.0
17848	HGSV_1827	20	0	0.0	0.0	0.0
17849	HGSV_18510	20	0	0.0	0.0	0.0
17850	HGSV_18578	20	2	0.0	0.0	0.0
17851	HGSV_18625	20	0	0.001	0.001	0.0
17852	HGSV_19246	20	4	0.0	0.0	0.0
17853	HGSV_19273	20	5	1.0	1.0	0.0
17854	HGSV_19626	20	11	0.008	0.008	0.0
17855	HGSV_2226	20	0	0.0	0.0	0.0
17856	HGSV_23	20	1	0.0	0.0	0.0
17857	HGSV_2706	20	2	0.0	0.0	0.0
17858	HGSV_2712	20	0	0.0	0.0	0.0
17859	HGSV_2753	20	0	0.0	0.0	0.0
17860	HGSV_3012	20	0	0.0	0.0	0.0
17861	HGSV_3045	20	1	0.0	0.0	0.0
17862	HGSV_3125	20	2	0.001	0.001	0.0
17863	HGSV_3483	20	0	0.0	0.0	0.0
17864	HGSV_3818	20	1	0.0	0.0	0.0
17865	HGSV_3830	20	0	0.001	0.001	0.0
17866	HGSV_4033	20	0	0.0	0.0	0.0
17867	HGSV_4107	20	2	0.0	0.0	0.0
17868	HGSV_4206	20	0	0.0	0.0	0.0
17869	HGSV_4230	20	0	0.956	0.956	0.0
17870	HGSV_4327	20	9	0.009	0.009	0.0
17871	HGSV_4475	20	1	0.0	0.0	0.0
17872	HGSV_4782	20	1	0.0	0.0	0.0
17873	HGSV_4918	20	0	0.0	0.0	0.0
17874	HGSV_4926	20	3	0.001	0.001	0.0
17875	HGSV_5150	20	2	0.002	0.002	0.0
17876	HGSV_5200	20	1	0.0	0.0	0.0
17877	HGSV_5216	20	0	0.0	0.0	0.0
17878	HGSV_5370	20	0	0.0	0.0	0.0
17879	HGSV_5492	20	0	0.0	0.0	0.0
17880	HGSV_5546	20	0	0.003	0.003	0.0
17881	HGSV_5581	20	5	0.004	0.004	0.0
17882	HGSV_5595	20	5	0.003	0.003	0.003
17883	HGSV_5780	20	2	0.001	0.001	0.001
17884	HGSV_5783	20	0	0.0	0.0	0.0
17885	HGSV_5785	20	1	0.0	0.0	0.0
17886	HGSV_5806	20	0	0.0	0.0	0.0
17887	HGSV_5978	20	0	0.001	0.0	0.0
17888	HGSV_5980	20	1	0.0	0.0	0.0
17889	HGSV_6190	20	1	0.001	0.001	0.001
17890	HGSV_6202	20	0	0.001	0.001	0.0
17891	HGSV_6392	20	0	0.001	0.001	0.0
17892	HGSV_6551	20	0	0.0	0.0	0.0
17893	HGSV_6571	20	4	0.01	0.01	0.0
17894	HGSV_6707	20	4	0.008	0.008	0.008
17895	HGSV_6772	20	0	0.0	0.0	0.0
17896	HGSV_6876	20	0	0.005	0.005	0.0
17897	HGSV_6950	20	1	0.0	0.0	0.0
17898	HGSV_6987	20	0	0.0	0.0	0.0
17899	HGSV_6990	20	0	0.0	0.0	0.0
17900	HGSV_7038	20	2	0.0	0.0	0.0
17901	HGSV_7161	20	10	0.009	0.009	0.0
17902	HGSV_7224	20	0	0.0	0.0	0.0
17903	HGSV_7594	20	1	0.0	0.0	0.0
17904	HGSV_7740	20	0	0.005	0.005	0.0
17905	HGSV_7879	20	0	0.0	0.0	0.0
17906	HGSV_7910	20	0	0.001	0.001	0.0
17907	HGSV_7998	20	1	0.0	0.0	0.0
17908	HGSV_8228	20	1	0.0	0.0	0.0
17909	HGSV_8274	20	2	0.0	0.0	0.0
17910	HGSV_8298	20	0	0.0	0.0	0.0
17911	HGSV_8416	20	0	0.0	0.0	0.0
17912	HGSV_8573	20	0	0.0	0.0	0.0
17913	HGSV_8634	20	0	0.0	0.0	0.0
17914	HGSV_8750	20	0	0.078	0.275	0.0
17915	HGSV_8976	20	10	0.0	0.0	0.0
17916	HGSV_8978	20	9	0.624	0.0	0.0
17917	HGSV_912	20	0	0.0	0.0	0.0
17918	HGSV_9296	20	2	0.001	0.001	0.0
17919	HGSV_9323	20	0	0.0	0.0	0.0
17920	HGSV_9481	20	1	0.0	0.0	0.0
17921	HGSV_9486	20	0	0.0	0.0	0.0
17922	HGSV_9570	20	1	0.0	0.0	0.0
17923	HGSV_9715	20	0	0.0	0.0	0.0
17924	HGSV_9729	20	1	0.001	0.001	0.0
17925	HGSV_9742	20	0	0.0	0.0	0.0
17926	HGSV_9816	20	0	0.001	0.001	0.0
17927	HGSV_9930	20	0	0.0	0.0	0.0
17928	HGSV_9989	20	0	0.0	0.0	0.0
17929	HGSV_10048	19	0	0.0	0.0	0.0
17930	HGSV_10059	19	0	0.0	0.0	0.0
17931	HGSV_10087	19	0	0.0	0.0	0.0
17932	HGSV_10236	19	0	0.0	0.0	0.0
17933	HGSV_10278	19	7	0.004	0.004	0.0
17934	HGSV_10310	19	1	0.0	0.0	0.0
17935	HGSV_10402	19	2	0.0	0.0	0.0
17936	HGSV_10784	19	1	0.0	0.0	0.0
17937	HGSV_10942	19	0	0.0	0.0	0.0
17938	HGSV_11116	19	1	0.681	0.971	0.0
17939	HGSV_11556	19	0	0.001	0.0	0.0
17940	HGSV_11732	19	0	0.0	0.0	0.0
17941	HGSV_11761	19	0	0.0	0.0	0.0
17942	HGSV_12058	19	0	0.0	0.0	0.0
17943	HGSV_12270	19	2	0.005	0.005	0.0
17944	HGSV_12333	19	3	0.003	0.003	0.0
17945	HGSV_12343	19	4	0.002	0.002	0.002
17946	HGSV_12379	19	0	0.0	0.0	0.0
17947	HGSV_12382	19	0	0.0	0.0	0.0
17948	HGSV_12404	19	1	0.0	0.0	0.0
17949	HGSV_12504	19	0	0.0	0.0	0.0
17950	HGSV_12557	19	0	0.0	0.0	0.0
17951	HGSV_12621	19	5	0.008	0.008	0.008
17952	HGSV_12651	19	3	0.006	0.0	0.0
17953	HGSV_12658	19	12	0.0	0.0	0.0
17954	HGSV_12863	19	1	0.0	0.0	0.0
17955	HGSV_12865	19	0	0.0	0.0	0.0
17956	HGSV_12880	19	0	0.0	0.0	0.0
17957	HGSV_12915	19	1	0.0	0.0	0.0
17958	HGSV_12940	19	0	0.0	0.0	0.0
17959	HGSV_13285	19	0	0.0	0.0	0.0
17960	HGSV_13305	19	8	0.0	0.0	0.0
17961	HGSV_13347	19	4	0.0	0.0	0.0
17962	HGSV_13460	19	0	0.0	0.0	0.0
17963	HGSV_13482	19	0	0.0	0.0	0.0
17964	HGSV_13511	19	0	0.0	0.0	0.0
17965	HGSV_13554	19	0	0.0	0.0	0.0
17966	HGSV_1407	19	0	0.744	0.814	0.0
17967	HGSV_14100	19	0	0.008	0.008	0.0
17968	HGSV_143418	19	0	0.001	0.001	0.0
17969	HGSV_143574	19	0	0.0	0.0	0.0
17970	HGSV_143666	19	1	0.0	0.0	0.0
17971	HGSV_143841	19	3	0.007	0.007	0.007
17972	HGSV_143960	19	7	0.004	0.004	0.0
17973	HGSV_144411	19	0	0.014	0.014	0.0
17974	HGSV_144458	19	0	0.001	0.001	0.0
17975	HGSV_144619	19	0	0.0	0.0	0.0
17976	HGSV_14464	19	0	0.0	0.0	0.0
17977	HGSV_144665	19	1	0.0	0.0	0.0
17978	HGSV_144673	19	0	0.0	0.0	0.0
17979	HGSV_144895	19	1	0.0	0.0	0.0
17980	HGSV_144938	19	0	0.0	0.0	0.0
17981	HGSV_145097	19	0	0.532	0.532	0.0
17982	HGSV_145100	19	0	0.001	0.001	0.0
17983	HGSV_145305	19	0	0.001	0.001	0.0
17984	HGSV_145662	19	0	0.0	0.0	0.0
17985	HGSV_145668	19	0	0.0	0.0	0.0
17986	HGSV_145723	19	0	0.0	0.0	0.0
17987	HGSV_145741	19	0	0.999	0.999	0.0
17988	HGSV_146139	19	3	0.002	0.002	0.002
17989	HGSV_146260	19	0	0.0	0.0	0.0
17990	HGSV_146465	19	2	0.0	0.0	0.0
17991	HGSV_146568	19	3	0.001	0.001	0.0
17992	HGSV_146603	19	4	0.002	0.002	0.0
17993	HGSV_146764	19	1	0.0	0.0	0.0
17994	HGSV_146780	19	0	0.001	0.001	0.001
17995	HGSV_146820	19	0	0.0	0.0	0.0
17996	HGSV_146852	19	0	0.0	0.0	0.0
17997	HGSV_14687	19	0	0.0	0.0	0.0
17998	HGSV_147047	19	3	0.0	0.0	0.0
17999	HGSV_147157	19	0	0.0	0.0	0.0
18000	HGSV_14716	19	1	0.0	0.0	0.0
18001	HGSV_147460	19	7	0.007	0.007	0.0
18002	HGSV_147467	19	1	0.0	0.0	0.0
18003	HGSV_148059	19	6	0.002	0.0	0.0
18004	HGSV_148343	19	0	0.0	0.0	0.0
18005	HGSV_148582	19	4	0.002	0.002	0.0
18006	HGSV_148793	19	0	0.992	0.992	0.0
18007	HGSV_148918	19	0	0.0	0.0	0.0
18008	HGSV_148960	19	1	0.0	0.0	0.0
18009	HGSV_148999	19	0	0.003	0.003	0.0
18010	HGSV_149069	19	1	0.002	0.002	0.002
18011	HGSV_149099	19	0	0.0	0.0	0.0
18012	HGSV_149268	19	5	0.006	0.0	0.0
18013	HGSV_149451	19	0	0.001	0.001	0.0
18014	HGSV_14949	19	1	0.002	0.002	0.0
18015	HGSV_149629	19	0	0.0	0.0	0.0
18016	HGSV_14969	19	0	0.0	0.0	0.0
18017	HGSV_14974	19	0	0.0	0.0	0.0
18018	HGSV_14990	19	0	0.0	0.0	0.0
18019	HGSV_14998	19	1	0.0	0.0	0.0
18020	HGSV_150030	19	8	0.0	0.0	0.0
18021	HGSV_150089	19	0	0.0	0.0	0.901
18022	HGSV_150090	19	0	0.0	0.0	0.0
18023	HGSV_150188	19	5	0.0	0.0	0.0
18024	HGSV_150266	19	0	0.002	0.002	0.0
18025	HGSV_15031	19	0	0.0	0.0	0.0
18026	HGSV_150500	19	0	0.0	0.0	0.0
18027	HGSV_150515	19	0	0.0	0.0	0.0
18028	HGSV_150625	19	0	0.0	0.0	0.0
18029	HGSV_150800	19	0	0.0	0.0	0.0
18030	HGSV_150821	19	0	0.0	0.0	0.0
18031	HGSV_150845	19	0	0.001	0.001	0.0
18032	HGSV_15118	19	0	0.0	0.0	0.0
18033	HGSV_151394	19	0	0.0	0.0	0.0
18034	HGSV_151429	19	0	0.0	0.0	0.0
18035	HGSV_15163	19	0	0.0	0.0	0.0
18036	HGSV_151679	19	0	0.0	0.0	0.0
18037	HGSV_151682	19	0	0.0	0.0	0.0
18038	HGSV_151735	19	1	0.0	0.0	0.0
18039	HGSV_151864	19	1	0.003	0.003	0.0
18040	HGSV_15188	19	2	0.0	0.0	0.0
18041	HGSV_151896	19	0	0.003	0.003	0.0
18042	HGSV_151944	19	1	0.0	0.0	0.0
18043	HGSV_152164	19	0	0.0	0.0	0.0
18044	HGSV_152198	19	0	0.0	0.0	0.0
18045	HGSV_152327	19	0	0.0	0.0	0.0
18046	HGSV_152335	19	1	0.0	0.0	0.0
18047	HGSV_152347	19	1	0.0	0.0	0.0
18048	HGSV_15244	19	0	0.001	0.001	0.0
18049	HGSV_152457	19	0	0.167	0.167	0.0
18050	HGSV_15249	19	2	0.001	0.0	0.0
18051	HGSV_152544	19	0	0.0	0.0	0.0
18052	HGSV_152647	19	0	0.0	0.0	0.0
18053	HGSV_152789	19	1	0.004	0.004	0.0
18054	HGSV_152791	19	4	0.0	0.0	0.0
18055	HGSV_15286	19	0	0.0	0.0	0.0
18056	HGSV_152943	19	1	0.0	0.0	0.0
18057	HGSV_152963	19	0	0.0	0.0	0.0
18058	HGSV_153231	19	4	0.001	0.001	0.0
18059	HGSV_153524	19	0	0.0	0.0	0.0
18060	HGSV_153667	19	0	0.0	0.0	0.0
18061	HGSV_153713	19	5	0.0	0.0	0.0
18062	HGSV_15376	19	3	0.002	0.002	0.0
18063	HGSV_153835	19	0	0.0	0.0	0.0
18064	HGSV_153873	19	0	0.0	0.0	0.0
18065	HGSV_153985	19	0	0.0	0.0	0.0
18066	HGSV_154155	19	1	0.0	0.0	0.0
18067	HGSV_154182	19	0	0.001	0.001	0.001
18068	HGSV_154183	19	0	0.0	0.0	0.0
18069	HGSV_154536	19	0	0.023	0.023	0.0
18070	HGSV_154598	19	0	0.0	0.0	0.0
18071	HGSV_154599	19	0	0.001	0.001	0.0
18072	HGSV_154935	19	0	0.0	0.0	0.0
18073	HGSV_155188	19	0	0.995	0.995	0.0
18074	HGSV_155192	19	0	0.0	0.0	0.0
18075	HGSV_155235	19	0	0.0	0.0	0.0
18076	HGSV_155757	19	0	0.0	0.0	0.0
18077	HGSV_155869	19	0	0.0	0.0	0.0
18078	HGSV_155882	19	0	0.0	0.0	0.0
18079	HGSV_156005	19	0	0.003	0.0	0.0
18080	HGSV_156006	19	4	0.002	0.002	0.002
18081	HGSV_156162	19	1	0.001	0.0	0.0
18082	HGSV_156216	19	3	0.0	0.0	0.0
18083	HGSV_156367	19	0	0.0	0.0	0.0
18084	HGSV_156379	19	0	0.0	0.0	0.0
18085	HGSV_156404	19	0	0.0	0.0	0.0
18086	HGSV_156429	19	0	0.0	0.0	0.0
18087	HGSV_156544	19	13	0.004	0.004	0.004
18088	HGSV_156567	19	0	0.0	0.0	0.0
18089	HGSV_156609	19	0	0.001	0.001	0.0
18090	HGSV_156618	19	1	0.0	0.0	0.0
18091	HGSV_156758	19	0	0.0	0.0	0.0
18092	HGSV_156784	19	3	0.005	0.005	0.0
18093	HGSV_15686	19	0	0.002	0.0	0.0
18094	HGSV_157138	19	0	0.0	0.0	0.0
18095	HGSV_157177	19	1	0.001	0.001	0.001
18096	HGSV_157261	19	0	0.0	0.0	0.0
18097	HGSV_157402	19	0	0.0	0.0	0.0
18098	HGSV_157406	19	0	0.0	0.0	0.0
18099	HGSV_157925	19	0	0.0	0.0	0.0
18100	HGSV_158124	19	0	0.0	0.0	0.0
18101	HGSV_158149	19	2	0.002	0.002	0.0
18102	HGSV_158337	19	0	0.0	0.0	0.0
18103	HGSV_158544	19	1	0.0	0.0	0.0
18104	HGSV_158643	19	0	0.0	0.0	0.0
18105	HGSV_15874	19	1	0.0	0.0	0.0
18106	HGSV_158798	19	7	0.003	0.003	0.0
18107	HGSV_158828	19	6	0.001	0.0	0.0
18108	HGSV_15883	19	1	0.0	0.0	0.0
18109	HGSV_159066	19	0	0.0	0.0	0.0
18110	HGSV_159126	19	3	0.004	0.004	0.0
18111	HGSV_15924	19	2	0.002	0.002	0.0
18112	HGSV_16118	19	0	0.0	0.0	0.0
18113	HGSV_16268	19	0	0.0	0.0	0.0
18114	HGSV_16271	19	1	0.0	0.0	0.0
18115	HGSV_16272	19	0	0.0	0.0	0.0
18116	HGSV_16276	19	3	0.006	0.006	0.006
18117	HGSV_16277	19	0	0.0	0.0	0.0
18118	HGSV_16817	19	0	0.001	0.001	0.0
18119	HGSV_16854	19	3	0.002	0.002	0.0
18120	HGSV_16900	19	5	0.006	0.006	0.006
18121	HGSV_16978	19	0	0.0	0.0	0.0
18122	HGSV_17	19	1	0.0	0.0	0.0
18123	HGSV_17277	19	0	0.0	0.0	0.0
18124	HGSV_17422	19	2	0.0	0.0	0.0
18125	HGSV_17426	19	0	0.002	0.002	0.0
18126	HGSV_17651	19	0	0.0	0.0	0.0
18127	HGSV_17670	19	0	0.002	0.002	0.0
18128	HGSV_17875	19	1	0.001	0.001	0.001
18129	HGSV_18000	19	0	0.0	0.0	0.0
18130	HGSV_18452	19	0	0.0	0.0	0.0
18131	HGSV_18470	19	0	0.0	0.0	0.0
18132	HGSV_19366	19	0	0.0	0.0	0.0
18133	HGSV_1946	19	3	0.0	0.0	0.0
18134	HGSV_19716	19	1	0.0	0.0	0.0
18135	HGSV_19718	19	0	0.001	0.001	0.0
18136	HGSV_2051	19	0	0.0	0.0	0.0
18137	HGSV_2386	19	0	0.0	0.0	0.0
18138	HGSV_2407	19	0	0.0	0.0	0.0
18139	HGSV_2769	19	4	0.0	0.0	0.0
18140	HGSV_3040	19	0	0.0	0.0	0.0
18141	HGSV_3295	19	0	0.0	0.0	0.0
18142	HGSV_3429	19	1	0.0	0.0	0.0
18143	HGSV_3488	19	1	0.0	0.0	0.0
18144	HGSV_3515	19	0	0.0	0.0	0.0
18145	HGSV_3532	19	2	0.0	0.0	0.0
18146	HGSV_3572	19	0	0.0	0.0	0.0
18147	HGSV_3656	19	6	0.003	0.003	0.0
18148	HGSV_3693	19	3	0.001	0.001	0.0
18149	HGSV_3708	19	5	0.002	0.002	0.002
18150	HGSV_3712	19	5	0.498	0.498	0.498
18151	HGSV_3777	19	5	0.002	0.002	0.0
18152	HGSV_3941	19	12	0.002	0.002	0.002
18153	HGSV_4059	19	0	0.0	0.0	0.0
18154	HGSV_4079	19	0	0.0	0.0	0.0
18155	HGSV_4192	19	3	0.001	0.001	0.0
18156	HGSV_4697	19	0	0.0	0.0	0.0
18157	HGSV_4715	19	0	0.0	0.0	0.0
18158	HGSV_4858	19	1	0.0	0.0	0.0
18159	HGSV_4863	19	2	0.0	0.0	0.0
18160	HGSV_4886	19	1	0.0	0.0	0.0
18161	HGSV_4940	19	0	0.0	0.0	0.0
18162	HGSV_4960	19	0	0.0	0.0	0.0
18163	HGSV_5000	19	0	0.0	0.0	0.0
18164	HGSV_5008	19	3	0.001	0.001	0.0
18165	HGSV_5529	19	0	0.002	0.002	0.0
18166	HGSV_5543	19	1	0.0	0.0	0.0
18167	HGSV_5640	19	0	0.0	0.0	0.0
18168	HGSV_568	19	7	0.0	0.0	0.0
18169	HGSV_5703	19	0	0.0	0.0	0.0
18170	HGSV_5726	19	1	0.0	0.0	0.0
18171	HGSV_5769	19	0	0.0	0.0	0.0
18172	HGSV_5814	19	0	0.0	0.0	0.0
18173	HGSV_5826	19	0	0.0	0.0	0.0
18174	HGSV_5841	19	0	0.003	0.003	0.0
18175	HGSV_5846	19	1	0.0	0.0	0.0
18176	HGSV_6142	19	0	0.0	0.0	0.0
18177	HGSV_6261	19	6	0.0	0.0	0.0
18178	HGSV_6277	19	0	0.0	0.0	0.0
18179	HGSV_6372	19	1	0.0	0.0	0.0
18180	HGSV_6424	19	0	0.0	0.0	0.0
18181	HGSV_658	19	6	0.003	0.003	0.0
18182	HGSV_6624	19	1	0.0	0.0	0.0
18183	HGSV_7014	19	0	0.0	0.0	0.0
18184	HGSV_7051	19	0	0.0	0.0	0.0
18185	HGSV_7152	19	0	0.0	0.0	0.0
18186	HGSV_72	19	1	0.0	0.0	0.0
18187	HGSV_727	19	1	0.0	0.0	0.0
18188	HGSV_7321	19	0	0.0	0.0	0.0
18189	HGSV_7323	19	0	0.0	0.0	0.0
18190	HGSV_7343	19	0	0.0	0.0	0.0
18191	HGSV_7350	19	0	0.001	0.001	0.0
18192	HGSV_7374	19	1	0.0	0.0	0.0
18193	HGSV_7696	19	2	0.001	0.001	0.0
18194	HGSV_7842	19	3	0.0	0.0	0.0
18195	HGSV_7901	19	0	0.001	0.001	0.0
18196	HGSV_8014	19	0	0.0	0.0	0.0
18197	HGSV_8027	19	9	0.0	0.0	0.0
18198	HGSV_8251	19	1	0.001	0.001	0.0
18199	HGSV_828	19	0	0.001	0.001	0.0
18200	HGSV_8453	19	0	0.0	0.0	0.0
18201	HGSV_8487	19	0	0.91	0.91	0.0
18202	HGSV_8606	19	0	0.0	0.0	0.0
18203	HGSV_8607	19	0	0.0	0.0	0.0
18204	HGSV_8623	19	0	0.002	0.002	0.0
18205	HGSV_8724	19	0	0.0	0.0	0.0
18206	HGSV_8773	19	1	0.0	0.0	0.0
18207	HGSV_8783	19	0	0.002	0.002	0.0
18208	HGSV_8851	19	0	0.0	0.0	0.0
18209	HGSV_885	19	4	0.0	0.0	0.0
18210	HGSV_8944	19	0	1.0	1.0	0.0
18211	HGSV_9074	19	0	0.0	0.0	0.0
18212	HGSV_9376	19	3	0.0	0.0	0.0
18213	HGSV_9391	19	0	0.0	0.0	0.0
18214	HGSV_9525	19	1	0.001	0.001	0.0
18215	HGSV_9612	19	0	0.0	0.0	0.0
18216	HGSV_9933	19	1	0.001	0.001	0.0
18217	HGSV_9994	19	0	0.0	0.0	0.0
18218	HGSV_9998	19	0	0.0	0.0	0.0
18219	HGSV_10095	18	0	0.0	0.0	0.0
18220	HGSV_10258	18	10	0.0	0.0	0.0
18221	HGSV_10384	18	0	0.714	0.714	0.714
18222	HGSV_10465	18	0	0.0	0.0	0.0
18223	HGSV_10801	18	0	0.998	0.998	0.0
18224	HGSV_10838	18	0	0.0	0.0	0.0
18225	HGSV_11330	18	0	0.0	0.0	0.0
18226	HGSV_11578	18	2	0.0	0.0	0.0
18227	HGSV_11663	18	1	0.0	0.0	0.0
18228	HGSV_11719	18	5	0.0	0.0	0.0
18229	HGSV_12029	18	0	0.0	0.0	0.0
18230	HGSV_12035	18	0	0.0	0.0	0.0
18231	HGSV_12045	18	2	0.0	0.0	0.0
18232	HGSV_1213	18	0	0.0	0.0	0.0
18233	HGSV_1214	18	0	0.0	0.0	0.0
18234	HGSV_12292	18	0	0.0	0.0	0.0
18235	HGSV_12374	18	0	0.003	0.003	0.0
18236	HGSV_12384	18	0	0.0	0.0	0.0
18237	HGSV_12401	18	1	0.003	0.003	0.0
18238	HGSV_12441	18	0	0.0	0.0	0.0
18239	HGSV_12514	18	0	0.0	0.0	0.0
18240	HGSV_12534	18	0	0.0	0.0	0.0
18241	HGSV_12882	18	2	0.0	0.0	0.0
18242	HGSV_13007	18	1	0.0	0.0	0.0
18243	HGSV_13034	18	0	0.0	0.0	0.0
18244	HGSV_1316	18	1	0.0	0.0	0.0
18245	HGSV_13267	18	0	0.0	0.0	0.0
18246	HGSV_13364	18	0	0.0	0.0	0.0
18247	HGSV_13372	18	1	0.0	0.0	0.0
18248	HGSV_13448	18	0	0.0	0.0	0.0
18249	HGSV_13615	18	1	0.0	0.0	0.0
18250	HGSV_13675	18	4	0.007	0.007	0.007
18251	HGSV_13738	18	0	0.0	0.0	0.0
18252	HGSV_13780	18	0	0.0	0.0	0.0
18253	HGSV_13800	18	0	0.0	0.0	0.0
18254	HGSV_13907	18	0	0.0	0.0	0.0
18255	HGSV_13909	18	0	0.0	0.0	0.0
18256	HGSV_14050	18	1	0.0	0.0	0.0
18257	HGSV_14061	18	6	0.005	0.005	0.005
18258	HGSV_14072	18	0	0.001	0.001	0.0
18259	HGSV_14232	18	0	0.004	0.004	0.004
18260	HGSV_14350	18	3	0.001	0.001	0.001
18261	HGSV_143671	18	0	0.001	0.001	0.0
18262	HGSV_143885	18	1	0.0	0.0	0.0
18263	HGSV_143910	18	0	0.0	0.0	0.0
18264	HGSV_144376	18	0	0.0	0.0	0.0
18265	HGSV_144509	18	0	0.002	0.002	0.0
18266	HGSV_144544	18	0	0.99	0.99	0.0
18267	HGSV_144549	18	0	0.0	0.0	0.0
18268	HGSV_144615	18	0	0.0	0.0	0.0
18269	HGSV_144824	18	2	0.001	0.001	0.0
18270	HGSV_144831	18	6	0.0	0.0	0.0
18271	HGSV_144855	18	0	0.0	0.0	0.0
18272	HGSV_144947	18	0	0.0	0.0	0.0
18273	HGSV_145011	18	1	0.0	0.0	0.0
18274	HGSV_145321	18	0	0.0	0.0	0.0
18275	HGSV_145507	18	0	0.002	0.002	0.0
18276	HGSV_145536	18	0	0.0	0.0	0.0
18277	HGSV_145551	18	1	0.001	0.001	0.0
18278	HGSV_145562	18	0	0.0	0.0	0.0
18279	HGSV_145612	18	0	0.96	0.96	0.0
18280	HGSV_145615	18	1	0.0	0.0	0.0
18281	HGSV_145617	18	0	0.0	0.0	0.0
18282	HGSV_145650	18	1	0.0	0.0	0.0
18283	HGSV_145677	18	0	0.0	0.0	0.0
18284	HGSV_14578	18	4	0.002	0.002	0.0
18285	HGSV_145819	18	2	0.001	0.001	0.0
18286	HGSV_145847	18	0	0.001	0.001	0.001
18287	HGSV_145867	18	0	0.0	0.0	0.0
18288	HGSV_145962	18	0	0.0	0.0	0.0
18289	HGSV_145990	18	0	0.0	0.0	0.0
18290	HGSV_146028	18	1	0.0	0.0	0.0
18291	HGSV_14605	18	3	0.002	0.002	0.0
18292	HGSV_146349	18	0	0.0	0.0	0.0
18293	HGSV_146388	18	2	0.008	0.008	0.0
18294	HGSV_146398	18	4	0.002	0.002	0.0
18295	HGSV_146440	18	0	0.0	0.0	0.0
18296	HGSV_146451	18	0	0.0	0.0	0.0
18297	HGSV_14645	18	1	0.001	0.001	0.0
18298	HGSV_146640	18	1	0.0	0.0	0.0
18299	HGSV_146763	18	0	0.001	0.001	0.0
18300	HGSV_146818	18	0	0.0	0.0	0.0
18301	HGSV_147541	18	2	0.004	0.004	0.004
18302	HGSV_147579	18	1	0.002	0.002	0.0
18303	HGSV_147636	18	0	0.0	0.0	0.0
18304	HGSV_14773	18	0	0.0	0.0	0.0
18305	HGSV_14790	18	0	0.0	0.0	0.0
18306	HGSV_147919	18	2	0.0	0.0	0.0
18307	HGSV_147962	18	2	0.001	0.001	0.001
18308	HGSV_14807	18	0	0.0	0.0	0.0
18309	HGSV_148159	18	0	0.0	0.0	0.0
18310	HGSV_148221	18	0	0.497	0.497	0.0
18311	HGSV_148230	18	0	0.0	0.0	0.0
18312	HGSV_148289	18	0	0.0	0.0	0.0
18313	HGSV_148359	18	1	0.006	0.006	0.0
18314	HGSV_148573	18	0	0.0	0.0	0.0
18315	HGSV_14858	18	0	0.0	0.0	0.0
18316	HGSV_148674	18	1	0.001	0.001	0.0
18317	HGSV_148745	18	4	0.002	0.002	0.0
18318	HGSV_148835	18	0	0.0	0.0	0.0
18319	HGSV_148848	18	5	0.0	0.0	0.0
18320	HGSV_148982	18	0	0.0	0.0	0.0
18321	HGSV_148992	18	0	0.0	0.0	0.0
18322	HGSV_149006	18	1	0.001	0.001	0.001
18323	HGSV_149026	18	0	0.001	0.001	0.0
18324	HGSV_149203	18	0	0.0	0.0	0.0
18325	HGSV_149258	18	2	0.001	0.001	0.0
18326	HGSV_149332	18	1	0.0	0.0	0.0
18327	HGSV_149569	18	2	0.0	0.0	0.0
18328	HGSV_149597	18	0	0.0	0.0	0.0
18329	HGSV_149643	18	0	0.001	0.001	0.0
18330	HGSV_149690	18	0	0.0	0.0	0.0
18331	HGSV_149704	18	3	0.001	0.001	0.001
18332	HGSV_149730	18	0	0.001	0.001	0.0
18333	HGSV_149948	18	0	0.0	0.0	0.0
18334	HGSV_149974	18	0	0.0	0.0	0.0
18335	HGSV_150000	18	5	0.0	0.0	0.0
18336	HGSV_150147	18	1	0.486	0.486	0.0
18337	HGSV_15027	18	0	0.0	0.0	0.0
18338	HGSV_15044	18	0	0.0	0.0	0.0
18339	HGSV_150461	18	0	0.0	0.0	0.0
18340	HGSV_150626	18	0	0.0	0.0	0.0
18341	HGSV_150703	18	0	0.0	0.0	0.0
18342	HGSV_150850	18	1	0.007	0.007	0.0
18343	HGSV_151391	18	0	0.0	0.0	0.0
18344	HGSV_151545	18	5	0.003	0.003	0.0
18345	HGSV_151605	18	0	0.0	0.0	0.0
18346	HGSV_151726	18	0	0.0	0.0	0.0
18347	HGSV_15179	18	0	0.118	0.118	0.0
18348	HGSV_151889	18	0	0.0	0.0	0.0
18349	HGSV_151911	18	0	0.001	0.001	0.0
18350	HGSV_151954	18	0	0.0	0.0	0.0
18351	HGSV_151966	18	0	0.0	0.0	0.0
18352	HGSV_151974	18	0	0.0	0.0	0.0
18353	HGSV_151984	18	1	0.0	0.0	0.0
18354	HGSV_152017	18	0	0.788	0.788	0.0
18355	HGSV_152047	18	5	0.005	0.005	0.0
18356	HGSV_15218	18	1	0.0	0.0	0.0
18357	HGSV_152419	18	0	0.001	0.001	0.0
18358	HGSV_152451	18	0	0.0	0.0	0.0
18359	HGSV_152461	18	0	0.0	0.0	0.0
18360	HGSV_152605	18	0	0.0	0.0	0.0
18361	HGSV_15261	18	1	0.001	0.0	0.0
18362	HGSV_152682	18	1	0.0	0.0	0.0
18363	HGSV_15278	18	0	0.001	0.001	0.0
18364	HGSV_152837	18	0	0.002	0.002	0.0
18365	HGSV_15284	18	1	0.0	0.0	0.0
18366	HGSV_152884	18	0	0.0	0.0	0.0
18367	HGSV_152924	18	0	0.001	0.001	0.0
18368	HGSV_152986	18	0	0.0	0.0	0.0
18369	HGSV_153110	18	0	0.0	0.0	0.0
18370	HGSV_1531	18	5	0.0	0.0	0.0
18371	HGSV_153236	18	0	0.556	0.556	0.0
18372	HGSV_153320	18	1	0.0	0.0	0.0
18373	HGSV_15341	18	0	0.997	0.997	0.0
18374	HGSV_153486	18	2	0.001	0.001	0.0
18375	HGSV_153492	18	1	0.009	0.009	0.0
18376	HGSV_153532	18	0	0.004	0.004	0.0
18377	HGSV_153538	18	1	0.002	0.002	0.0
18378	HGSV_153652	18	0	0.0	0.0	0.0
18379	HGSV_15387	18	0	0.0	0.0	0.0
18380	HGSV_153998	18	0	0.0	0.0	0.0
18381	HGSV_154023	18	0	0.002	0.002	0.0
18382	HGSV_154217	18	1	0.001	0.001	0.0
18383	HGSV_154241	18	0	0.0	0.0	0.0
18384	HGSV_154322	18	0	0.0	0.0	0.0
18385	HGSV_154420	18	6	0.004	0.004	0.0
18386	HGSV_154482	18	0	0.0	0.0	0.0
18387	HGSV_15473	18	1	0.0	0.0	0.0
18388	HGSV_154811	18	0	0.0	0.0	0.0
18389	HGSV_154837	18	0	0.0	0.0	0.0
18390	HGSV_154900	18	6	0.003	0.0	0.0
18391	HGSV_15520	18	0	0.342	0.0	0.0
18392	HGSV_155548	18	0	0.0	0.0	0.0
18393	HGSV_155695	18	7	0.0	0.0	0.0
18394	HGSV_155818	18	0	0.0	0.0	0.0
18395	HGSV_155985	18	0	0.0	0.0	0.0
18396	HGSV_155997	18	0	0.0	0.0	0.0
18397	HGSV_156068	18	0	0.004	0.004	0.0
18398	HGSV_156243	18	2	0.0	0.0	0.0
18399	HGSV_15641	18	0	0.0	0.0	0.0
18400	HGSV_156508	18	0	0.0	0.0	0.0
18401	HGSV_156623	18	0	0.0	0.0	0.0
18402	HGSV_156704	18	3	0.001	0.001	0.0
18403	HGSV_156776	18	0	0.0	0.0	0.0
18404	HGSV_156892	18	0	0.027	0.027	0.0
18405	HGSV_156934	18	0	0.0	0.0	0.0
18406	HGSV_156960	18	0	0.0	0.0	0.0
18407	HGSV_156974	18	7	0.003	0.003	0.003
18408	HGSV_156990	18	0	0.0	0.0	0.0
18409	HGSV_156996	18	2	0.002	0.002	0.0
18410	HGSV_157115	18	0	0.0	0.0	0.0
18411	HGSV_157196	18	0	0.0	0.0	0.0
18412	HGSV_157216	18	1	0.001	0.001	0.001
18413	HGSV_157241	18	0	0.0	0.0	0.0
18414	HGSV_157285	18	0	0.0	0.0	0.0
18415	HGSV_157473	18	0	0.0	0.0	0.0
18416	HGSV_157488	18	1	0.0	0.0	0.0
18417	HGSV_157599	18	1	0.093	0.0	0.0
18418	HGSV_157632	18	0	0.001	0.001	0.0
18419	HGSV_15765	18	0	0.0	0.0	0.0
18420	HGSV_157967	18	1	0.0	0.0	0.0
18421	HGSV_158208	18	2	0.0	0.0	0.0
18422	HGSV_158495	18	1	0.0	0.0	0.0
18423	HGSV_158514	18	0	0.001	0.001	0.0
18424	HGSV_158560	18	2	0.002	0.002	0.0
18425	HGSV_158569	18	3	0.005	0.005	0.005
18426	HGSV_158578	18	0	0.0	0.0	0.0
18427	HGSV_158724	18	2	0.006	0.006	0.0
18428	HGSV_158727	18	1	0.002	0.002	0.0
18429	HGSV_158796	18	2	0.001	0.001	0.0
18430	HGSV_158837	18	0	0.0	0.0	0.0
18431	HGSV_158845	18	1	0.005	0.005	0.0
18432	HGSV_158870	18	0	0.0	0.0	0.0
18433	HGSV_158925	18	0	0.008	0.008	0.0
18434	HGSV_158952	18	1	0.0	0.0	0.0
18435	HGSV_158999	18	5	0.003	0.003	0.0
18436	HGSV_159059	18	0	0.0	0.0	0.0
18437	HGSV_16041	18	0	0.0	0.0	0.0
18438	HGSV_16130	18	0	0.0	0.0	0.0
18439	HGSV_16189	18	4	0.002	0.002	0.002
18440	HGSV_16239	18	1	0.0	0.0	0.0
18441	HGSV_16256	18	0	0.0	0.0	0.0
18442	HGSV_16294	18	0	0.0	0.0	0.0
18443	HGSV_16367	18	2	0.001	0.001	0.0
18444	HGSV_16431	18	1	0.0	0.0	0.0
18445	HGSV_16484	18	0	0.0	0.0	0.0
18446	HGSV_16504	18	8	0.0	0.0	0.0
18447	HGSV_16509	18	2	0.003	0.003	0.0
18448	HGSV_1652	18	0	0.0	0.0	0.0
18449	HGSV_16580	18	0	0.498	0.498	0.0
18450	HGSV_1659	18	0	0.0	0.0	0.0
18451	HGSV_1661	18	0	1.0	1.0	0.0
18452	HGSV_16831	18	0	0.0	0.0	0.0
18453	HGSV_16849	18	1	0.0	0.0	0.0
18454	HGSV_17049	18	0	0.0	0.0	0.0
18455	HGSV_17203	18	0	0.0	0.0	0.0
18456	HGSV_17260	18	0	0.0	0.0	0.0
18457	HGSV_17295	18	0	0.0	0.0	0.0
18458	HGSV_17319	18	0	0.0	0.0	0.0
18459	HGSV_17410	18	2	0.001	0.001	0.0
18460	HGSV_17569	18	0	0.0	0.0	0.0
18461	HGSV_17694	18	0	0.0	0.0	0.0
18462	HGSV_17751	18	0	0.0	0.0	0.0
18463	HGSV_17791	18	0	0.0	0.0	0.0
18464	HGSV_17960	18	1	0.0	0.0	0.0
18465	HGSV_18180	18	0	0.001	0.001	0.0
18466	HGSV_1820	18	0	0.0	0.0	0.0
18467	HGSV_18242	18	4	0.0	0.0	0.0
18468	HGSV_18279	18	0	0.0	0.0	0.0
18469	HGSV_18307	18	0	0.964	0.964	0.0
18470	HGSV_18357	18	1	0.0	0.0	0.0
18471	HGSV_18445	18	5	0.0	0.0	0.0
18472	HGSV_18590	18	0	0.0	0.0	0.0
18473	HGSV_18774	18	0	0.0	0.0	0.0
18474	HGSV_18816	18	1	0.0	0.0	0.0
18475	HGSV_18884	18	0	0.0	0.0	0.0
18476	HGSV_19062	18	1	0.0	0.0	0.0
18477	HGSV_19140	18	0	0.0	0.0	0.0
18478	HGSV_19271	18	5	0.005	0.005	0.005
18479	HGSV_19443	18	0	0.012	0.0	0.0
18480	HGSV_1948	18	0	0.0	0.0	0.0
18481	HGSV_1993	18	0	0.0	0.0	0.0
18482	HGSV_2124	18	4	0.0	0.0	0.0
18483	HGSV_2288	18	1	0.0	0.0	0.0
18484	HGSV_2336	18	1	0.999	0.999	0.0
18485	HGSV_2354	18	1	0.0	0.0	0.0
18486	HGSV_2449	18	2	0.002	0.002	0.002
18487	HGSV_2594	18	0	0.0	0.0	0.0
18488	HGSV_2605	18	1	0.0	0.0	0.0
18489	HGSV_2697	18	0	0.991	0.991	0.0
18490	HGSV_2910	18	1	0.0	0.0	0.0
18491	HGSV_3110	18	0	0.732	0.732	0.0
18492	HGSV_3142	18	0	0.001	0.001	0.0
18493	HGSV_3353	18	4	0.0	0.0	0.0
18494	HGSV_3459	18	0	0.0	0.0	0.0
18495	HGSV_3473	18	1	0.0	0.0	0.0
18496	HGSV_3539	18	0	0.0	0.0	0.0
18497	HGSV_3610	18	0	0.0	0.0	0.0
18498	HGSV_3647	18	0	0.0	0.0	0.0
18499	HGSV_3892	18	2	0.0	0.0	0.0
18500	HGSV_4051	18	0	0.0	0.0	0.0
18501	HGSV_4083	18	0	0.0	0.0	0.0
18502	HGSV_4256	18	0	0.0	0.0	0.0
18503	HGSV_4291	18	0	0.0	0.0	0.0
18504	HGSV_4482	18	1	0.0	0.0	0.0
18505	HGSV_4495	18	0	0.0	0.0	0.0
18506	HGSV_4640	18	1	0.0	0.0	0.0
18507	HGSV_4834	18	1	0.002	0.002	0.002
18508	HGSV_4843	18	5	0.002	0.002	0.002
18509	HGSV_4845	18	0	0.0	0.0	0.0
18510	HGSV_4868	18	2	0.001	0.001	0.0
18511	HGSV_4951	18	0	0.0	0.0	0.0
18512	HGSV_4954	18	0	0.0	0.0	0.0
18513	HGSV_4982	18	0	0.0	0.0	0.0
18514	HGSV_5044	18	3	0.0	0.0	0.0
18515	HGSV_5048	18	0	0.0	0.0	0.0
18516	HGSV_5066	18	2	0.001	0.001	0.0
18517	HGSV_5071	18	0	0.0	0.0	0.0
18518	HGSV_5197	18	0	0.0	0.0	0.0
18519	HGSV_5712	18	0	0.0	0.0	0.0
18520	HGSV_5829	18	0	0.0	0.0	0.0
18521	HGSV_5936	18	0	0.001	0.001	0.0
18522	HGSV_5973	18	0	0.002	0.002	0.0
18523	HGSV_6017	18	0	0.0	0.0	0.0
18524	HGSV_6025	18	1	0.507	0.772	0.0
18525	HGSV_6067	18	1	0.0	0.0	0.0
18526	HGSV_6085	18	0	0.001	0.001	0.0
18527	HGSV_6099	18	3	0.006	0.006	0.0
18528	HGSV_6171	18	0	0.0	0.0	0.0
18529	HGSV_6182	18	1	0.001	0.001	0.0
18530	HGSV_6391	18	0	0.002	0.002	0.0
18531	HGSV_640	18	0	0.0	0.0	0.0
18532	HGSV_6676	18	0	0.0	0.0	0.0
18533	HGSV_6778	18	0	0.0	0.0	0.0
18534	HGSV_6780	18	3	0.0	0.0	0.0
18535	HGSV_6783	18	1	0.0	0.0	0.0
18536	HGSV_6792	18	0	0.0	0.0	0.0
18537	HGSV_7023	18	0	0.003	0.003	0.0
18538	HGSV_7058	18	0	0.0	0.0	0.0
18539	HGSV_7123	18	0	0.0	0.0	0.0
18540	HGSV_7150	18	0	0.0	0.0	0.0
18541	HGSV_7184	18	0	0.0	0.0	0.0
18542	HGSV_7191	18	3	0.005	0.005	0.0
18543	HGSV_7295	18	0	0.0	0.0	0.0
18544	HGSV_7302	18	0	0.212	0.212	0.212
18545	HGSV_7310	18	1	0.946	0.946	0.0
18546	HGSV_7559	18	0	0.001	0.001	0.0
18547	HGSV_7640	18	0	0.0	0.0	0.0
18548	HGSV_7687	18	0	0.0	0.0	0.0
18549	HGSV_7816	18	0	0.0	0.0	0.0
18550	HGSV_7892	18	1	0.002	0.002	0.002
18551	HGSV_7969	18	0	0.014	0.0	0.0
18552	HGSV_8016	18	2	0.0	0.0	0.0
18553	HGSV_8054	18	1	0.0	0.0	0.0
18554	HGSV_8145	18	0	0.0	0.0	0.0
18555	HGSV_8328	18	0	0.0	0.0	0.0
18556	HGSV_8388	18	0	0.94	0.94	0.94
18557	HGSV_8403	18	7	0.003	0.003	0.0
18558	HGSV_8428	18	0	0.0	0.0	0.0
18559	HGSV_8461	18	6	0.004	0.004	0.004
18560	HGSV_8468	18	1	0.0	0.0	0.0
18561	HGSV_8587	18	8	0.005	0.005	0.0
18562	HGSV_8801	18	1	0.0	0.0	0.0
18563	HGSV_887	18	5	0.007	0.007	0.0
18564	HGSV_8874	18	0	0.0	0.0	0.0
18565	HGSV_8888	18	1	0.002	0.002	0.0
18566	HGSV_9060	18	1	0.002	0.002	0.002
18567	HGSV_9115	18	0	0.0	0.0	0.0
18568	HGSV_9344	18	1	0.0	0.0	0.0
18569	HGSV_9394	18	0	0.0	0.0	0.0
18570	HGSV_9442	18	0	0.5	0.964	0.0
18571	HGSV_9640	18	4	0.003	0.003	0.003
18572	HGSV_9887	18	0	0.0	0.0	0.0
18573	HGSV_9944	18	0	0.0	0.0	0.0
18574	HGSV_9993	18	0	0.0	0.0	0.0
18575	HGSV_10025	17	1	0.0	0.0	0.0
18576	HGSV_10076	17	0	0.001	0.001	0.0
18577	HGSV_1016	17	0	1.0	1.0	0.0
18578	HGSV_10164	17	0	0.0	0.0	0.0
18579	HGSV_10225	17	0	0.001	0.001	0.0
18580	HGSV_1030	17	0	0.0	0.0	0.0
18581	HGSV_10343	17	0	0.001	0.001	0.0
18582	HGSV_10406	17	1	0.001	0.001	0.0
18583	HGSV_10454	17	1	0.0	0.0	0.0
18584	HGSV_10618	17	1	0.0	0.0	0.0
18585	HGSV_10631	17	0	0.0	0.0	0.0
18586	HGSV_1093	17	0	0.0	0.0	0.0
18587	HGSV_10978	17	0	0.0	0.0	0.0
18588	HGSV_11422	17	0	0.0	0.0	0.0
18589	HGSV_11533	17	1	0.0	0.0	0.0
18590	HGSV_11812	17	3	0.002	0.002	0.002
18591	HGSV_12016	17	0	0.0	0.0	0.0
18592	HGSV_12055	17	2	0.003	0.003	0.0
18593	HGSV_12147	17	1	0.0	0.0	0.0
18594	HGSV_12181	17	0	0.0	0.0	0.0
18595	HGSV_1235	17	0	0.999	0.999	0.0
18596	HGSV_12366	17	2	0.001	0.001	0.0
18597	HGSV_12369	17	0	0.007	0.007	0.0
18598	HGSV_12459	17	0	0.0	0.0	0.0
18599	HGSV_12478	17	0	0.0	0.0	0.0
18600	HGSV_12485	17	0	0.997	0.997	0.0
18601	HGSV_12771	17	0	0.0	0.0	0.0
18602	HGSV_12832	17	0	0.998	0.998	0.0
18603	HGSV_12892	17	2	0.003	0.003	0.0
18604	HGSV_12898	17	0	0.0	0.0	0.0
18605	HGSV_12935	17	8	0.004	0.0	0.0
18606	HGSV_13001	17	1	0.0	0.0	0.0
18607	HGSV_13196	17	0	0.988	0.988	0.0
18608	HGSV_1320	17	0	0.024	0.024	0.0
18609	HGSV_13206	17	1	0.0	0.0	0.0
18610	HGSV_13261	17	3	0.006	0.006	0.0
18611	HGSV_13284	17	1	0.0	0.0	0.0
18612	HGSV_13316	17	0	0.0	0.0	0.0
18613	HGSV_13328	17	0	0.0	0.0	0.0
18614	HGSV_13360	17	0	0.001	0.001	0.0
18615	HGSV_13379	17	4	0.003	0.003	0.0
18616	HGSV_13404	17	1	0.0	0.0	0.0
18617	HGSV_13515	17	0	0.0	0.0	0.0
18618	HGSV_13555	17	0	0.0	0.0	0.0
18619	HGSV_1356	17	0	0.001	0.001	0.0
18620	HGSV_13582	17	0	0.0	0.0	0.0
18621	HGSV_13608	17	0	0.009	0.009	0.0
18622	HGSV_13646	17	0	0.001	0.001	0.001
18623	HGSV_13776	17	0	0.0	0.0	0.0
18624	HGSV_13929	17	0	0.0	0.0	0.0
18625	HGSV_13940	17	2	0.001	0.001	0.0
18626	HGSV_14014	17	1	0.0	0.0	0.0
18627	HGSV_14031	17	2	0.0	0.0	0.0
18628	HGSV_14094	17	3	0.003	0.003	0.003
18629	HGSV_14113	17	0	0.002	0.002	0.0
18630	HGSV_14142	17	3	0.0	0.0	0.0
18631	HGSV_14149	17	3	0.006	0.006	0.006
18632	HGSV_14156	17	3	0.0	0.0	0.0
18633	HGSV_14166	17	2	0.001	0.001	0.001
18634	HGSV_14174	17	2	0.001	0.001	0.0
18635	HGSV_14247	17	0	0.002	0.002	0.0
18636	HGSV_14250	17	1	0.0	0.0	0.0
18637	HGSV_14263	17	0	0.0	0.0	0.0
18638	HGSV_14357	17	1	0.0	0.0	0.0
18639	HGSV_143638	17	1	0.988	0.0	0.0
18640	HGSV_143758	17	0	0.0	0.0	0.0
18641	HGSV_143806	17	0	0.0	0.0	0.0
18642	HGSV_143821	17	0	0.0	0.0	0.0
18643	HGSV_143829	17	0	0.0	0.0	0.0
18644	HGSV_143988	17	2	0.0	0.0	0.0
18645	HGSV_144031	17	1	0.0	0.0	0.0
18646	HGSV_144234	17	3	0.003	0.003	0.0
18647	HGSV_14438	17	0	0.0	0.0	0.0
18648	HGSV_144428	17	3	0.002	0.002	0.0
18649	HGSV_144600	17	0	0.0	0.0	0.0
18650	HGSV_144603	17	1	0.0	0.0	0.0
18651	HGSV_144622	17	1	0.0	0.0	0.0
18652	HGSV_144641	17	0	0.0	0.0	0.0
18653	HGSV_144653	17	3	0.001	0.001	0.0
18654	HGSV_144875	17	0	0.0	0.0	0.0
18655	HGSV_144896	17	0	0.0	0.0	0.0
18656	HGSV_144916	17	4	0.005	0.005	0.0
18657	HGSV_144979	17	0	0.988	0.988	0.0
18658	HGSV_14501	17	1	0.0	0.0	0.0
18659	HGSV_145013	17	0	0.419	0.419	0.452
18660	HGSV_145376	17	0	0.0	0.0	0.0
18661	HGSV_145519	17	2	0.0	0.0	0.0
18662	HGSV_145537	17	2	0.0	0.0	0.0
18663	HGSV_145555	17	0	0.0	0.0	0.0
18664	HGSV_145651	17	0	0.991	0.991	0.0
18665	HGSV_145653	17	1	0.998	0.998	0.0
18666	HGSV_145718	17	5	0.002	0.002	0.0
18667	HGSV_145788	17	2	0.0	0.0	0.0
18668	HGSV_145826	17	2	0.0	0.0	0.0
18669	HGSV_145852	17	0	0.0	0.0	0.0
18670	HGSV_145860	17	1	0.002	0.002	0.0
18671	HGSV_145893	17	0	0.0	0.0	0.0
18672	HGSV_146373	17	0	0.0	0.0	0.0
18673	HGSV_146427	17	7	0.003	0.003	0.0
18674	HGSV_146521	17	2	0.0	0.0	0.0
18675	HGSV_146553	17	1	0.004	0.004	0.0
18676	HGSV_146635	17	0	0.0	0.0	0.0
18677	HGSV_146688	17	0	0.0	0.0	0.0
18678	HGSV_14684	17	1	0.0	0.0	0.0
18679	HGSV_146892	17	0	0.0	0.0	0.0
18680	HGSV_146971	17	1	0.0	0.0	0.0
18681	HGSV_14724	17	0	0.0	0.0	0.0
18682	HGSV_147325	17	0	0.0	0.0	0.0
18683	HGSV_147381	17	0	0.0	0.0	0.0
18684	HGSV_147392	17	0	0.0	0.0	0.0
18685	HGSV_147732	17	0	0.0	0.0	0.0
18686	HGSV_147817	17	0	0.0	0.0	0.0
18687	HGSV_147863	17	0	0.0	0.0	0.0
18688	HGSV_147873	17	0	0.0	0.0	0.0
18689	HGSV_14794	17	2	0.001	0.001	0.0
18690	HGSV_148040	17	1	0.0	0.0	0.0
18691	HGSV_148137	17	0	0.0	0.0	0.0
18692	HGSV_148155	17	0	0.0	0.0	0.0
18693	HGSV_148179	17	0	0.0	0.0	0.0
18694	HGSV_148271	17	0	0.002	0.002	0.0
18695	HGSV_148363	17	0	0.0	0.0	0.0
18696	HGSV_148406	17	0	0.001	0.001	0.0
18697	HGSV_148542	17	4	0.004	0.0	0.0
18698	HGSV_148578	17	0	0.003	0.003	0.0
18699	HGSV_148631	17	0	0.003	0.003	0.0
18700	HGSV_14863	17	0	0.0	0.0	0.0
18701	HGSV_14869	17	0	0.998	0.0	0.0
18702	HGSV_148773	17	0	0.0	0.0	0.0
18703	HGSV_148800	17	0	0.0	0.0	0.0
18704	HGSV_148826	17	0	0.0	0.0	0.0
18705	HGSV_148896	17	0	0.001	0.001	0.0
18706	HGSV_148909	17	0	0.0	0.0	0.0
18707	HGSV_148995	17	0	0.0	0.0	0.0
18708	HGSV_149013	17	0	0.0	0.0	0.0
18709	HGSV_149146	17	0	0.0	0.0	0.0
18710	HGSV_149286	17	0	0.0	0.0	0.0
18711	HGSV_149304	17	1	0.0	0.0	0.0
18712	HGSV_149376	17	0	0.0	0.0	0.0
18713	HGSV_149450	17	2	0.0	0.0	0.0
18714	HGSV_149532	17	10	0.003	0.003	0.0
18715	HGSV_149709	17	1	0.0	0.0	0.0
18716	HGSV_149711	17	0	0.154	0.154	0.0
18717	HGSV_149747	17	0	0.002	0.002	0.0
18718	HGSV_149944	17	0	0.0	0.0	0.0
18719	HGSV_150014	17	0	0.0	0.0	0.0
18720	HGSV_150016	17	0	0.0	0.0	0.0
18721	HGSV_150053	17	0	0.991	0.991	0.0
18722	HGSV_150101	17	0	0.0	0.0	0.0
18723	HGSV_150175	17	0	0.001	0.001	0.0
18724	HGSV_150233	17	0	0.0	0.0	0.0
18725	HGSV_150257	17	0	0.003	0.003	0.0
18726	HGSV_150273	17	0	0.001	0.001	0.0
18727	HGSV_150289	17	0	0.0	0.0	0.0
18728	HGSV_150307	17	0	0.002	0.002	0.0
18729	HGSV_150331	17	0	0.004	0.004	0.0
18730	HGSV_150439	17	2	0.0	0.0	0.0
18731	HGSV_150441	17	5	0.011	0.011	0.0
18732	HGSV_150518	17	0	0.0	0.0	0.0
18733	HGSV_150560	17	3	0.002	0.002	0.0
18734	HGSV_15062	17	1	0.0	0.0	0.0
18735	HGSV_150631	17	0	0.0	0.0	0.0
18736	HGSV_1507	17	0	0.0	0.0	0.0
18737	HGSV_150745	17	0	0.0	0.0	0.0
18738	HGSV_150842	17	0	0.0	0.0	0.0
18739	HGSV_150941	17	0	0.002	0.002	0.0
18740	HGSV_151032	17	0	0.0	0.0	0.0
18741	HGSV_151135	17	2	0.001	0.001	0.0
18742	HGSV_151200	17	0	0.0	0.0	0.0
18743	HGSV_15138	17	1	0.0	0.0	0.0
18744	HGSV_151412	17	0	0.0	0.0	0.0
18745	HGSV_151423	17	0	0.0	0.0	0.0
18746	HGSV_151626	17	1	0.992	0.993	0.0
18747	HGSV_151628	17	0	0.0	0.0	0.0
18748	HGSV_151655	17	6	0.0	0.0	0.0
18749	HGSV_151698	17	0	0.0	0.0	0.0
18750	HGSV_151753	17	0	0.511	0.871	0.0
18751	HGSV_151824	17	0	0.0	0.0	0.0
18752	HGSV_151834	17	0	0.0	0.0	0.0
18753	HGSV_151883	17	0	0.0	0.0	0.0
18754	HGSV_1519	17	1	0.0	0.0	0.0
18755	HGSV_151919	17	0	0.0	0.0	0.0
18756	HGSV_151934	17	1	0.996	0.996	0.996
18757	HGSV_151985	17	1	0.0	0.0	0.0
18758	HGSV_152124	17	0	0.0	0.0	0.0
18759	HGSV_152160	17	1	0.0	0.0	0.0
18760	HGSV_152182	17	1	0.0	0.0	0.0
18761	HGSV_152235	17	0	0.34	0.34	0.0
18762	HGSV_152350	17	0	0.001	0.001	0.001
18763	HGSV_152438	17	0	0.001	0.001	0.0
18764	HGSV_15250	17	2	0.001	0.001	0.0
18765	HGSV_152502	17	0	0.0	0.0	0.0
18766	HGSV_152716	17	0	0.0	0.0	0.0
18767	HGSV_152797	17	1	0.0	0.0	0.0
18768	HGSV_152985	17	0	0.0	0.0	0.0
18769	HGSV_153050	17	1	0.0	0.0	0.0
18770	HGSV_153115	17	2	0.0	0.0	0.0
18771	HGSV_153233	17	0	0.0	0.0	0.0
18772	HGSV_153343	17	2	0.0	0.0	0.0
18773	HGSV_153506	17	0	0.003	0.003	0.0
18774	HGSV_15351	17	1	0.0	0.0	0.0
18775	HGSV_153516	17	1	0.004	0.004	0.0
18776	HGSV_15355	17	1	0.001	0.001	0.0
18777	HGSV_153563	17	2	0.008	0.008	0.0
18778	HGSV_153565	17	0	0.959	0.959	0.0
18779	HGSV_153624	17	0	0.0	0.0	0.0
18780	HGSV_15385	17	0	0.0	0.0	0.0
18781	HGSV_153863	17	0	0.0	0.0	0.0
18782	HGSV_153925	17	0	0.0	0.0	0.0
18783	HGSV_154027	17	0	0.0	0.0	0.0
18784	HGSV_154058	17	1	0.0	0.0	0.0
18785	HGSV_154119	17	1	0.0	0.0	0.0
18786	HGSV_154132	17	1	0.017	0.017	0.0
18787	HGSV_15447	17	2	0.0	0.0	0.0
18788	HGSV_154692	17	0	0.0	0.0	0.0
18789	HGSV_154803	17	0	0.0	0.0	0.0
18790	HGSV_1550	17	2	0.0	0.0	0.0
18791	HGSV_155732	17	0	0.0	0.0	0.0
18792	HGSV_155848	17	0	0.0	0.0	0.0
18793	HGSV_155865	17	0	0.0	0.0	0.0
18794	HGSV_156002	17	1	0.0	0.0	0.0
18795	HGSV_156112	17	0	0.0	0.0	0.0
18796	HGSV_156130	17	0	0.687	0.687	0.0
18797	HGSV_15625	17	0	0.0	0.0	0.0
18798	HGSV_156397	17	0	0.0	0.0	0.0
18799	HGSV_156599	17	0	0.0	0.0	0.0
18800	HGSV_15661	17	0	0.001	0.001	0.0
18801	HGSV_156612	17	2	0.0	0.0	0.0
18802	HGSV_156683	17	0	0.0	0.0	0.0
18803	HGSV_156706	17	9	0.0	0.0	0.0
18804	HGSV_156724	17	0	0.0	0.0	0.0
18805	HGSV_156876	17	0	0.0	0.0	0.0
18806	HGSV_156965	17	0	0.001	0.001	0.0
18807	HGSV_156983	17	0	0.0	0.0	0.0
18808	HGSV_15702	17	0	0.0	0.0	0.0
18809	HGSV_157098	17	0	0.001	0.001	0.0
18810	HGSV_15714	17	0	0.0	0.0	0.0
18811	HGSV_157200	17	0	0.0	0.0	0.0
18812	HGSV_157778	17	0	0.0	0.0	0.0
18813	HGSV_157784	17	0	0.0	0.0	0.0
18814	HGSV_157875	17	0	0.0	0.0	0.0
18815	HGSV_158089	17	0	0.0	0.0	0.0
18816	HGSV_158309	17	1	0.0	0.0	0.0
18817	HGSV_158387	17	0	0.0	0.0	0.0
18818	HGSV_158481	17	0	0.0	0.0	0.0
18819	HGSV_158492	17	0	0.879	0.907	0.0
18820	HGSV_158509	17	0	0.0	0.0	0.0
18821	HGSV_158538	17	1	0.0	0.0	0.0
18822	HGSV_158557	17	0	0.0	0.0	0.0
18823	HGSV_1586	17	0	0.0	0.0	0.0
18824	HGSV_158697	17	0	0.887	0.887	0.0
18825	HGSV_158770	17	0	0.0	0.0	0.0
18826	HGSV_158893	17	0	0.001	0.001	0.0
18827	HGSV_15962	17	0	0.0	0.0	0.0
18828	HGSV_1597	17	0	0.0	0.0	0.0
18829	HGSV_15976	17	0	0.001	0.001	0.0
18830	HGSV_15988	17	0	0.998	0.998	0.0
18831	HGSV_16000	17	0	0.0	0.0	0.0
18832	HGSV_16180	17	0	0.0	0.0	0.0
18833	HGSV_16226	17	1	0.0	0.0	0.0
18834	HGSV_16318	17	0	0.063	0.063	0.0
18835	HGSV_16336	17	0	0.0	0.0	0.0
18836	HGSV_16388	17	1	0.001	0.001	0.001
18837	HGSV_1642	17	0	0.621	0.621	0.0
18838	HGSV_16512	17	2	0.006	0.006	0.0
18839	HGSV_16621	17	0	0.009	0.009	0.0
18840	HGSV_16623	17	0	0.0	0.0	0.0
18841	HGSV_16713	17	0	0.741	0.741	0.741
18842	HGSV_16740	17	0	0.0	0.0	0.0
18843	HGSV_16762	17	4	0.007	0.007	0.0
18844	HGSV_16846	17	0	0.0	0.0	0.0
18845	HGSV_16869	17	0	0.0	0.0	0.0
18846	HGSV_16959	17	0	0.0	0.0	0.0
18847	HGSV_17045	17	4	0.0	0.0	0.0
18848	HGSV_17186	17	0	0.0	0.0	0.0
18849	HGSV_17205	17	2	0.0	0.0	0.0
18850	HGSV_1749	17	1	0.0	0.0	0.0
18851	HGSV_17498	17	0	0.001	0.001	0.0
18852	HGSV_17572	17	8	0.0	0.0	0.0
18853	HGSV_17789	17	0	0.005	0.005	0.0
18854	HGSV_1786	17	0	0.0	0.0	0.0
18855	HGSV_17953	17	1	0.006	0.006	0.0
18856	HGSV_17998	17	0	0.003	0.003	0.0
18857	HGSV_18108	17	0	0.0	0.0	0.0
18858	HGSV_18249	17	1	0.0	0.0	0.0
18859	HGSV_18304	17	0	0.0	0.0	0.0
18860	HGSV_183	17	0	0.0	0.0	0.0
18861	HGSV_18376	17	0	0.0	0.0	0.0
18862	HGSV_18399	17	0	0.0	0.0	0.0
18863	HGSV_18493	17	0	0.0	0.0	0.0
18864	HGSV_18635	17	0	0.0	0.0	0.0
18865	HGSV_18913	17	2	0.0	0.0	0.0
18866	HGSV_18986	17	3	0.002	0.0	0.0
18867	HGSV_19308	17	0	0.003	0.003	0.0
18868	HGSV_1981	17	3	0.008	0.008	0.0
18869	HGSV_2113	17	5	0.0	0.0	0.0
18870	HGSV_2242	17	2	0.0	0.0	0.0
18871	HGSV_2314	17	0	0.001	0.0	0.0
18872	HGSV_237	17	0	0.0	0.0	0.0
18873	HGSV_2398	17	0	0.0	0.0	0.0
18874	HGSV_2410	17	0	0.0	0.0	0.0
18875	HGSV_2416	17	0	0.0	0.0	0.0
18876	HGSV_2437	17	0	0.001	0.001	0.0
18877	HGSV_2611	17	0	0.0	0.0	0.0
18878	HGSV_2754	17	7	0.004	0.004	0.004
18879	HGSV_2814	17	3	0.001	0.001	0.0
18880	HGSV_2968	17	0	0.0	0.0	0.0
18881	HGSV_2973	17	3	0.001	0.001	0.0
18882	HGSV_3058	17	0	0.0	0.0	0.0
18883	HGSV_3086	17	1	0.0	0.0	0.0
18884	HGSV_3145	17	0	0.0	0.0	0.0
18885	HGSV_3206	17	0	0.0	0.0	0.0
18886	HGSV_3286	17	0	0.0	0.0	0.0
18887	HGSV_3342	17	0	0.0	0.0	0.0
18888	HGSV_3346	17	2	0.001	0.001	0.001
18889	HGSV_3450	17	0	0.0	0.0	0.0
18890	HGSV_3622	17	0	0.0	0.0	0.0
18891	HGSV_3627	17	1	0.002	0.002	0.0
18892	HGSV_3652	17	1	0.0	0.0	0.0
18893	HGSV_3721	17	0	0.0	0.0	0.0
18894	HGSV_4036	17	9	0.001	0.001	0.0
18895	HGSV_4100	17	3	0.001	0.001	0.0
18896	HGSV_4294	17	1	0.0	0.0	0.0
18897	HGSV_4297	17	0	0.001	0.001	0.0
18898	HGSV_4356	17	0	0.0	0.0	0.0
18899	HGSV_4360	17	2	0.003	0.003	0.003
18900	HGSV_4396	17	3	0.008	0.008	0.008
18901	HGSV_4606	17	0	0.001	0.001	0.0
18902	HGSV_4642	17	0	0.001	0.001	0.0
18903	HGSV_4700	17	0	0.001	0.001	0.0
18904	HGSV_4724	17	0	0.0	0.0	0.0
18905	HGSV_4924	17	1	0.0	0.0	0.0
18906	HGSV_5051	17	1	0.0	0.0	0.0
18907	HGSV_5376	17	0	0.004	0.0	0.0
18908	HGSV_5417	17	0	0.0	0.0	0.0
18909	HGSV_545	17	4	0.0	0.0	0.0
18910	HGSV_5468	17	0	0.001	0.001	0.0
18911	HGSV_5487	17	3	0.008	0.0	0.0
18912	HGSV_5540	17	0	0.0	0.0	0.0
18913	HGSV_5647	17	0	0.0	0.0	0.0
18914	HGSV_5675	17	0	0.0	0.0	0.0
18915	HGSV_5749	17	1	0.0	0.0	0.0
18916	HGSV_5790	17	0	0.0	0.0	0.0
18917	HGSV_5808	17	2	0.0	0.0	0.0
18918	HGSV_5824	17	0	0.0	0.0	0.0
18919	HGSV_587	17	0	0.999	0.999	0.0
18920	HGSV_6036	17	4	0.0	0.0	0.0
18921	HGSV_6068	17	0	0.0	0.0	0.0
18922	HGSV_6125	17	5	0.006	0.006	0.006
18923	HGSV_6164	17	0	0.0	0.0	0.0
18924	HGSV_6173	17	0	0.0	0.0	0.0
18925	HGSV_6232	17	0	0.0	0.0	0.0
18926	HGSV_6250	17	0	0.007	0.007	0.0
18927	HGSV_6267	17	0	0.0	0.0	0.0
18928	HGSV_6307	17	0	0.0	0.0	0.0
18929	HGSV_6406	17	2	0.0	0.0	0.0
18930	HGSV_6491	17	3	0.004	0.004	0.004
18931	HGSV_656	17	0	0.0	0.0	0.0
18932	HGSV_6796	17	0	0.0	0.0	0.0
18933	HGSV_6806	17	2	0.004	0.004	0.004
18934	HGSV_6853	17	2	0.979	0.979	0.0
18935	HGSV_6889	17	0	0.0	0.0	0.0
18936	HGSV_7071	17	0	0.002	0.002	0.002
18937	HGSV_7229	17	0	0.0	0.0	0.0
18938	HGSV_7272	17	0	0.0	0.0	0.0
18939	HGSV_7705	17	2	0.0	0.0	0.0
18940	HGSV_7749	17	0	0.0	0.0	0.0
18941	HGSV_7767	17	7	0.011	0.011	0.0
18942	HGSV_780	17	1	0.0	0.0	0.0
18943	HGSV_7808	17	1	0.994	0.999	0.0
18944	HGSV_7937	17	0	0.0	0.0	0.0
18945	HGSV_794	17	1	0.001	0.001	0.001
18946	HGSV_7959	17	0	0.005	0.005	0.0
18947	HGSV_7970	17	0	0.0	0.0	0.0
18948	HGSV_8120	17	0	0.997	0.997	0.997
18949	HGSV_8138	17	0	0.0	0.0	0.0
18950	HGSV_8200	17	1	0.002	0.002	0.002
18951	HGSV_8210	17	2	0.0	0.0	0.0
18952	HGSV_8213	17	0	0.0	0.0	0.0
18953	HGSV_8277	17	1	0.004	0.004	0.0
18954	HGSV_8356	17	0	0.0	0.0	0.0
18955	HGSV_8392	17	1	0.0	0.0	0.0
18956	HGSV_8486	17	0	0.0	0.0	0.0
18957	HGSV_8593	17	0	0.0	0.0	0.0
18958	HGSV_8601	17	0	0.0	0.0	0.0
18959	HGSV_8808	17	1	0.0	0.0	0.0
18960	HGSV_8823	17	1	0.001	0.001	0.0
18961	HGSV_8861	17	1	0.0	0.0	0.0
18962	HGSV_9064	17	0	0.0	0.0	0.0
18963	HGSV_9118	17	1	0.0	0.0	0.0
18964	HGSV_9176	17	0	0.0	0.0	0.0
18965	HGSV_9196	17	0	0.0	0.0	0.0
18966	HGSV_9216	17	0	0.0	0.0	0.0
18967	HGSV_9269	17	1	0.0	0.0	0.0
18968	HGSV_9297	17	0	0.0	0.0	0.0
18969	HGSV_9305	17	0	0.951	0.999	0.0
18970	HGSV_9380	17	0	0.001	0.001	0.0
18971	HGSV_9412	17	1	0.0	0.0	0.0
18972	HGSV_9670	17	0	0.0	0.0	0.0
18973	HGSV_9672	17	0	0.0	0.0	0.0
18974	HGSV_9713	17	0	0.0	0.0	0.0
18975	HGSV_9746	17	0	0.999	0.999	0.0
18976	HGSV_9748	17	0	0.0	0.0	0.0
18977	HGSV_9848	17	0	0.0	0.0	0.0
18978	HGSV_9852	17	0	0.0	0.0	0.0
18979	HGSV_9913	17	0	0.0	0.0	0.0
18980	HGSV_9925	17	0	0.0	0.0	0.0
18981	HGSV_10082	16	0	0.001	0.001	0.0
18982	HGSV_10091	16	0	0.0	0.0	0.0
18983	HGSV_10131	16	0	0.0	0.0	0.0
18984	HGSV_10325	16	4	0.002	0.002	0.0
18985	HGSV_1036	16	0	0.0	0.0	0.0
18986	HGSV_10375	16	0	0.003	0.003	0.0
18987	HGSV_10674	16	2	0.0	0.0	0.0
18988	HGSV_11065	16	0	0.0	0.0	0.0
18989	HGSV_11132	16	7	0.0	0.0	0.0
18990	HGSV_1116	16	0	0.0	0.0	0.0
18991	HGSV_11296	16	0	0.0	0.0	0.0
18992	HGSV_11334	16	0	0.0	0.0	0.0
18993	HGSV_11507	16	0	0.0	0.0	0.0
18994	HGSV_11514	16	0	0.001	0.001	0.0
18995	HGSV_11539	16	0	0.0	0.0	0.0
18996	HGSV_11546	16	0	0.0	0.0	0.0
18997	HGSV_11698	16	0	0.0	0.0	0.0
18998	HGSV_11738	16	0	0.0	0.0	0.0
18999	HGSV_11750	16	0	0.0	0.0	0.0
19000	HGSV_1178	16	0	0.0	0.0	0.0
19001	HGSV_11793	16	0	0.0	0.0	0.0
19002	HGSV_11899	16	1	0.0	0.0	0.0
19003	HGSV_11933	16	0	0.0	0.0	0.0
19004	HGSV_12036	16	1	0.0	0.0	0.0
19005	HGSV_12048	16	0	0.001	0.001	0.001
19006	HGSV_12066	16	0	0.0	0.0	0.0
19007	HGSV_12095	16	0	0.0	0.0	0.0
19008	HGSV_12195	16	0	0.002	0.0	0.0
19009	HGSV_12198	16	1	0.0	0.0	0.0
19010	HGSV_12215	16	0	0.0	0.0	0.0
19011	HGSV_12291	16	0	0.001	0.001	0.001
19012	HGSV_12312	16	0	0.0	0.0	0.0
19013	HGSV_12487	16	0	0.988	0.999	0.0
19014	HGSV_12584	16	0	0.0	0.0	0.0
19015	HGSV_12617	16	0	0.001	0.001	0.0
19016	HGSV_12630	16	2	0.0	0.0	0.0
19017	HGSV_12633	16	2	0.0	0.0	0.0
19018	HGSV_12646	16	0	0.0	0.0	0.0
19019	HGSV_12688	16	0	0.0	0.0	0.0
19020	HGSV_12705	16	0	0.0	0.0	0.0
19021	HGSV_12805	16	0	0.201	0.201	0.0
19022	HGSV_12854	16	0	0.0	0.0	0.0
19023	HGSV_12858	16	0	0.0	0.0	0.0
19024	HGSV_12896	16	1	0.001	0.001	0.001
19025	HGSV_12913	16	0	0.0	0.0	0.0
19026	HGSV_13054	16	0	0.0	0.0	0.0
19027	HGSV_13123	16	0	0.0	0.0	0.0
19028	HGSV_13370	16	0	0.0	0.0	0.0
19029	HGSV_13529	16	0	0.0	0.0	0.0
19030	HGSV_13733	16	9	0.002	0.002	0.0
19031	HGSV_13767	16	0	0.0	0.0	0.0
19032	HGSV_13861	16	1	0.002	0.002	0.002
19033	HGSV_13872	16	1	0.0	0.0	0.0
19034	HGSV_13919	16	0	0.0	0.0	0.0
19035	HGSV_13971	16	0	0.0	0.0	0.0
19036	HGSV_13999	16	0	0.002	0.002	0.0
19037	HGSV_143441	16	4	0.002	0.002	0.0
19038	HGSV_143482	16	5	0.004	0.004	0.0
19039	HGSV_143516	16	0	0.0	0.0	0.0
19040	HGSV_143605	16	0	0.0	0.0	0.0
19041	HGSV_143768	16	3	0.002	0.002	0.0
19042	HGSV_143938	16	0	0.0	0.0	0.0
19043	HGSV_143979	16	3	0.005	0.005	0.0
19044	HGSV_144054	16	0	0.0	0.0	0.0
19045	HGSV_144060	16	0	0.805	0.805	0.0
19046	HGSV_144133	16	0	0.0	0.0	0.0
19047	HGSV_144236	16	0	0.0	0.0	0.0
19048	HGSV_144297	16	0	0.0	0.0	0.0
19049	HGSV_144319	16	0	0.0	0.0	0.0
19050	HGSV_144350	16	0	0.0	0.0	0.0
19051	HGSV_144435	16	0	0.0	0.0	0.0
19052	HGSV_144438	16	0	0.0	0.0	0.0
19053	HGSV_144451	16	0	0.0	0.0	0.0
19054	HGSV_14448	16	1	0.0	0.0	0.0
19055	HGSV_144646	16	0	0.0	0.0	0.0
19056	HGSV_144736	16	1	0.0	0.0	0.0
19057	HGSV_144836	16	0	0.0	0.0	0.0
19058	HGSV_144854	16	0	0.001	0.001	0.0
19059	HGSV_14488	16	0	0.0	0.0	0.0
19060	HGSV_144975	16	0	0.0	0.0	0.0
19061	HGSV_145021	16	0	0.0	0.0	0.0
19062	HGSV_145140	16	1	0.0	0.0	0.0
19063	HGSV_145178	16	0	0.001	0.001	0.0
19064	HGSV_145261	16	1	0.0	0.0	0.0
19065	HGSV_145333	16	0	0.0	0.0	0.0
19066	HGSV_145463	16	2	0.0	0.0	0.0
19067	HGSV_145481	16	0	0.0	0.0	0.0
19068	HGSV_145488	16	0	0.0	0.0	0.0
19069	HGSV_145516	16	0	0.0	0.0	0.0
19070	HGSV_145591	16	1	0.0	0.0	0.0
19071	HGSV_145665	16	0	0.0	0.0	0.0
19072	HGSV_145691	16	0	0.0	0.0	0.0
19073	HGSV_145697	16	2	0.0	0.0	0.0
19074	HGSV_145746	16	5	0.006	0.006	0.006
19075	HGSV_145876	16	0	0.002	0.002	0.0
19076	HGSV_145980	16	0	0.0	0.0	0.0
19077	HGSV_146027	16	0	0.788	0.788	0.0
19078	HGSV_146042	16	0	0.002	0.002	0.002
19079	HGSV_146123	16	0	0.0	0.0	0.0
19080	HGSV_146257	16	0	0.0	0.0	0.0
19081	HGSV_146306	16	0	0.0	0.0	0.0
19082	HGSV_146494	16	1	0.0	0.0	0.0
19083	HGSV_146665	16	0	0.0	0.0	0.0
19084	HGSV_146682	16	0	0.0	0.0	0.0
19085	HGSV_146930	16	1	0.0	0.0	0.0
19086	HGSV_146996	16	0	0.0	0.0	0.0
19087	HGSV_147423	16	0	0.0	0.0	0.0
19088	HGSV_14757	16	0	0.0	0.0	0.0
19089	HGSV_147837	16	0	0.0	0.0	0.0
19090	HGSV_148027	16	0	0.0	0.0	0.0
19091	HGSV_148093	16	0	0.0	0.0	0.0
19092	HGSV_148134	16	0	0.0	0.0	0.0
19093	HGSV_148164	16	0	0.0	0.0	0.0
19094	HGSV_148172	16	0	0.002	0.002	0.0
19095	HGSV_14819	16	1	0.001	0.001	0.001
19096	HGSV_148196	16	1	0.005	0.005	0.0
19097	HGSV_14827	16	0	0.001	0.001	0.0
19098	HGSV_148308	16	0	0.0	0.0	0.0
19099	HGSV_148371	16	2	0.0	0.0	0.0
19100	HGSV_148474	16	3	0.003	0.003	0.0
19101	HGSV_148520	16	0	0.001	0.001	0.0
19102	HGSV_14852	16	0	0.001	0.001	0.001
19103	HGSV_148594	16	5	0.009	0.009	0.0
19104	HGSV_148629	16	0	0.0	0.0	0.0
19105	HGSV_148678	16	0	0.009	0.009	0.0
19106	HGSV_148732	16	5	0.0	0.0	0.0
19107	HGSV_148805	16	0	0.0	0.0	0.0
19108	HGSV_148829	16	0	0.002	0.002	0.0
19109	HGSV_148831	16	0	0.001	0.001	0.0
19110	HGSV_148863	16	0	0.0	0.0	0.0
19111	HGSV_148901	16	1	0.0	0.0	0.0
19112	HGSV_148938	16	0	0.0	0.0	0.0
19113	HGSV_149198	16	0	0.0	0.0	0.0
19114	HGSV_149252	16	0	0.0	0.0	0.0
19115	HGSV_149279	16	3	0.0	0.0	0.0
19116	HGSV_149360	16	1	0.0	0.0	0.0
19117	HGSV_149407	16	0	0.0	0.0	0.0
19118	HGSV_149436	16	3	0.003	0.003	0.003
19119	HGSV_149631	16	0	0.0	0.0	0.0
19120	HGSV_149715	16	1	0.0	0.0	0.0
19121	HGSV_14988	16	0	0.0	0.0	0.0
19122	HGSV_150127	16	0	0.0	0.0	0.0
19123	HGSV_150139	16	0	0.0	0.0	0.0
19124	HGSV_150163	16	0	0.0	0.0	0.0
19125	HGSV_150170	16	0	0.0	0.0	0.0
19126	HGSV_150197	16	0	0.996	0.0	0.0
19127	HGSV_150345	16	1	0.0	0.0	0.0
19128	HGSV_150350	16	0	0.0	0.0	0.0
19129	HGSV_150366	16	0	0.0	0.0	0.0
19130	HGSV_150371	16	0	0.0	0.0	0.0
19131	HGSV_150397	16	2	0.0	0.0	0.0
19132	HGSV_150444	16	0	0.0	0.0	0.0
19133	HGSV_150506	16	1	0.0	0.0	0.0
19134	HGSV_150694	16	0	0.0	0.0	0.0
19135	HGSV_150751	16	0	0.0	0.0	0.0
19136	HGSV_150859	16	2	0.004	0.0	0.0
19137	HGSV_150884	16	0	0.001	0.001	0.0
19138	HGSV_15090	16	3	0.0	0.0	0.0
19139	HGSV_150906	16	0	0.0	0.0	0.0
19140	HGSV_150979	16	0	0.0	0.0	0.0
19141	HGSV_150982	16	0	0.0	0.0	0.0
19142	HGSV_15112	16	0	0.0	0.0	0.0
19143	HGSV_151146	16	0	0.002	0.002	0.0
19144	HGSV_151177	16	2	0.001	0.001	0.0
19145	HGSV_151211	16	0	0.0	0.0	0.0
19146	HGSV_151403	16	2	0.0	0.0	0.0
19147	HGSV_151441	16	0	0.004	0.004	0.0
19148	HGSV_151509	16	1	0.0	0.0	0.0
19149	HGSV_151576	16	2	0.003	0.003	0.003
19150	HGSV_151582	16	2	0.0	0.0	0.0
19151	HGSV_151586	16	0	0.0	0.0	0.0
19152	HGSV_151623	16	0	0.0	0.0	0.0
19153	HGSV_151651	16	0	0.788	0.788	0.0
19154	HGSV_151742	16	0	0.0	0.0	0.0
19155	HGSV_151786	16	0	0.0	0.0	0.0
19156	HGSV_15202	16	0	0.0	0.0	0.0
19157	HGSV_152090	16	0	0.0	0.0	0.0
19158	HGSV_15210	16	0	0.0	0.0	0.0
19159	HGSV_152152	16	0	0.0	0.0	0.0
19160	HGSV_152303	16	0	0.0	0.0	0.0
19161	HGSV_152341	16	0	0.001	0.0	0.0
19162	HGSV_152409	16	0	0.0	0.0	0.0
19163	HGSV_15248	16	0	0.0	0.0	0.0
19164	HGSV_152568	16	1	0.0	0.0	0.0
19165	HGSV_152641	16	0	0.0	0.0	0.0
19166	HGSV_152708	16	2	0.0	0.0	0.0
19167	HGSV_152724	16	0	0.0	0.0	0.0
19168	HGSV_152782	16	0	0.0	0.0	0.0
19169	HGSV_152810	16	0	0.001	0.001	0.0
19170	HGSV_152889	16	0	0.0	0.0	0.0
19171	HGSV_152906	16	0	0.0	0.0	0.0
19172	HGSV_153031	16	0	0.0	0.0	0.0
19173	HGSV_153167	16	2	0.004	0.004	0.0
19174	HGSV_153274	16	0	0.0	0.0	0.0
19175	HGSV_153283	16	0	0.001	0.001	0.001
19176	HGSV_153358	16	0	0.0	0.0	0.0
19177	HGSV_153410	16	1	0.001	0.001	0.001
19178	HGSV_153520	16	0	0.0	0.0	0.0
19179	HGSV_153534	16	1	0.0	0.0	0.0
19180	HGSV_153587	16	0	0.0	0.0	0.0
19181	HGSV_153688	16	0	0.0	0.0	0.0
19182	HGSV_153770	16	2	0.001	0.001	0.0
19183	HGSV_153866	16	0	0.0	0.0	0.0
19184	HGSV_15394	16	0	0.0	0.0	0.0
19185	HGSV_154071	16	0	0.0	0.0	0.0
19186	HGSV_154089	16	0	0.0	0.0	0.0
19187	HGSV_15409	16	0	0.0	0.0	0.0
19188	HGSV_154130	16	0	0.0	0.0	0.0
19189	HGSV_154281	16	0	0.0	0.0	0.0
19190	HGSV_154353	16	2	0.004	0.004	0.0
19191	HGSV_154398	16	0	0.739	0.739	0.739
19192	HGSV_15445	16	0	0.0	0.0	0.0
19193	HGSV_154585	16	3	0.0	0.0	0.0
19194	HGSV_154612	16	0	0.0	0.0	0.0
19195	HGSV_154668	16	0	0.0	0.0	0.0
19196	HGSV_154674	16	1	0.0	0.0	0.0
19197	HGSV_154678	16	0	0.0	0.0	0.0
19198	HGSV_15469	16	0	0.0	0.0	0.0
19199	HGSV_154704	16	0	0.0	0.0	0.0
19200	HGSV_154705	16	1	0.0	0.0	0.0
19201	HGSV_154706	16	0	0.0	0.0	0.0
19202	HGSV_154752	16	0	0.0	0.0	0.0
19203	HGSV_154809	16	3	0.0	0.0	0.0
19204	HGSV_154867	16	3	0.0	0.0	0.0
19205	HGSV_155300	16	2	0.006	0.0	0.0
19206	HGSV_155368	16	7	0.0	0.0	0.0
19207	HGSV_155374	16	2	0.0	0.0	0.0
19208	HGSV_155636	16	0	0.0	0.0	0.0
19209	HGSV_155759	16	0	0.0	0.0	0.0
19210	HGSV_155790	16	0	0.0	0.0	0.0
19211	HGSV_155945	16	0	0.0	0.0	0.0
19212	HGSV_156165	16	0	0.0	0.0	0.0
19213	HGSV_156336	16	0	0.0	0.0	0.0
19214	HGSV_15636	16	0	0.0	0.0	0.0
19215	HGSV_156416	16	0	0.0	0.0	0.0
19216	HGSV_156469	16	1	0.0	0.0	0.0
19217	HGSV_15653	16	0	0.0	0.0	0.0
19218	HGSV_156649	16	0	0.985	0.985	0.0
19219	HGSV_156663	16	0	0.0	0.0	0.0
19220	HGSV_156735	16	0	0.0	0.0	0.0
19221	HGSV_1568	16	2	0.0	0.0	0.0
19222	HGSV_156906	16	0	0.97	0.97	0.0
19223	HGSV_157017	16	0	0.004	0.004	0.0
19224	HGSV_157036	16	0	0.0	0.0	0.0
19225	HGSV_157109	16	1	0.003	0.003	0.003
19226	HGSV_15722	16	1	0.001	0.001	0.001
19227	HGSV_157309	16	0	0.0	0.0	0.0
19228	HGSV_157358	16	1	0.005	0.005	0.0
19229	HGSV_157395	16	2	0.0	0.0	0.0
19230	HGSV_157481	16	3	0.004	0.004	0.0
19231	HGSV_157508	16	0	0.0	0.0	0.0
19232	HGSV_157580	16	1	0.0	0.0	0.0
19233	HGSV_157684	16	0	0.001	0.001	0.0
19234	HGSV_157730	16	1	0.001	0.001	0.001
19235	HGSV_157772	16	1	0.005	0.005	0.0
19236	HGSV_157852	16	0	0.0	0.0	0.0
19237	HGSV_158025	16	0	0.002	0.002	0.0
19238	HGSV_158165	16	0	0.002	0.002	0.0
19239	HGSV_158217	16	0	0.72	0.848	0.0
19240	HGSV_158270	16	0	0.0	0.0	0.0
19241	HGSV_158291	16	0	0.0	0.0	0.0
19242	HGSV_158352	16	0	0.0	0.0	0.0
19243	HGSV_158370	16	1	0.766	0.766	0.0
19244	HGSV_158406	16	0	0.0	0.0	0.0
19245	HGSV_15845	16	1	0.0	0.0	0.0
19246	HGSV_158453	16	0	0.0	0.0	0.0
19247	HGSV_158465	16	0	0.005	0.005	0.0
19248	HGSV_158493	16	0	0.525	0.525	0.0
19249	HGSV_158511	16	1	0.001	0.001	0.0
19250	HGSV_158526	16	1	0.0	0.0	0.0
19251	HGSV_158634	16	1	0.0	0.0	0.0
19252	HGSV_158718	16	0	0.0	0.0	0.0
19253	HGSV_158773	16	5	0.004	0.004	0.0
19254	HGSV_158815	16	0	0.838	0.838	0.0
19255	HGSV_158898	16	0	0.0	0.0	0.0
19256	HGSV_159007	16	1	0.001	0.001	0.0
19257	HGSV_159031	16	1	0.0	0.0	0.0
19258	HGSV_15913	16	0	0.16	0.16	0.16
19259	HGSV_159139	16	0	0.0	0.0	0.0
19260	HGSV_15949	16	0	0.0	0.0	0.0
19261	HGSV_15950	16	2	0.003	0.003	0.003
19262	HGSV_16055	16	2	0.0	0.0	0.0
19263	HGSV_16114	16	0	0.0	0.0	0.0
19264	HGSV_16167	16	0	0.0	0.0	0.0
19265	HGSV_16410	16	2	0.001	0.001	0.0
19266	HGSV_16417	16	5	0.001	0.001	0.0
19267	HGSV_16467	16	0	0.0	0.0	0.0
19268	HGSV_16546	16	0	0.0	0.0	0.0
19269	HGSV_16585	16	1	0.001	0.001	0.0
19270	HGSV_16629	16	0	0.0	0.0	0.0
19271	HGSV_16735	16	0	0.002	0.002	0.0
19272	HGSV_16825	16	0	0.0	0.0	0.0
19273	HGSV_16845	16	0	0.0	0.0	0.0
19274	HGSV_16871	16	1	0.0	0.0	0.0
19275	HGSV_16916	16	1	0.0	0.0	0.0
19276	HGSV_16933	16	0	0.0	0.0	0.0
19277	HGSV_16948	16	0	0.0	0.0	0.0
19278	HGSV_17288	16	0	0.0	0.0	0.0
19279	HGSV_17291	16	6	0.003	0.003	0.003
19280	HGSV_17407	16	0	0.0	0.0	0.0
19281	HGSV_17470	16	0	0.001	0.001	0.001
19282	HGSV_17575	16	1	0.0	0.0	0.0
19283	HGSV_17656	16	0	0.0	0.0	0.0
19284	HGSV_1774	16	0	0.0	0.0	0.0
19285	HGSV_17810	16	0	0.0	0.0	0.0
19286	HGSV_17918	16	0	0.002	0.002	0.0
19287	HGSV_18021	16	0	0.001	0.001	0.0
19288	HGSV_18071	16	0	0.0	0.0	0.0
19289	HGSV_18216	16	1	0.001	0.001	0.001
19290	HGSV_18240	16	0	0.0	0.0	0.0
19291	HGSV_18262	16	1	0.002	0.002	0.0
19292	HGSV_18434	16	0	0.001	0.001	0.0
19293	HGSV_18481	16	4	0.001	0.001	0.0
19294	HGSV_18518	16	1	0.621	0.0	0.0
19295	HGSV_18599	16	1	0.001	0.001	0.0
19296	HGSV_18711	16	0	0.002	0.002	0.002
19297	HGSV_187	16	1	0.001	0.001	0.0
19298	HGSV_18778	16	0	0.002	0.002	0.0
19299	HGSV_18837	16	0	0.0	0.0	0.0
19300	HGSV_18857	16	0	0.0	0.0	0.0
19301	HGSV_19006	16	0	0.0	0.0	0.0
19302	HGSV_19033	16	0	0.0	0.0	0.0
19303	HGSV_19142	16	0	0.0	0.0	0.0
19304	HGSV_19542	16	0	0.0	0.0	0.0
19305	HGSV_19702	16	2	0.0	0.0	0.0
19306	HGSV_2031	16	0	0.0	0.0	0.0
19307	HGSV_2259	16	0	0.0	0.0	0.0
19308	HGSV_2296	16	0	0.836	0.836	0.0
19309	HGSV_2331	16	0	0.0	0.0	0.0
19310	HGSV_2657	16	0	0.0	0.0	0.0
19311	HGSV_2750	16	0	0.0	0.0	0.0
19312	HGSV_3002	16	6	0.002	0.002	0.0
19313	HGSV_3197	16	0	0.001	0.001	0.0
19314	HGSV_321	16	1	0.003	0.0	0.0
19315	HGSV_3272	16	0	0.0	0.0	0.0
19316	HGSV_3333	16	0	0.001	0.001	0.0
19317	HGSV_3517	16	0	0.0	0.0	0.0
19318	HGSV_3590	16	1	0.0	0.0	0.0
19319	HGSV_3684	16	0	0.001	0.001	0.0
19320	HGSV_3767	16	2	0.001	0.001	0.001
19321	HGSV_3945	16	0	0.0	0.0	0.0
19322	HGSV_4031	16	0	0.0	0.0	0.0
19323	HGSV_4194	16	1	0.001	0.001	0.0
19324	HGSV_4235	16	0	0.0	0.0	0.0
19325	HGSV_4236	16	0	0.0	0.0	0.0
19326	HGSV_4274	16	0	0.0	0.0	0.0
19327	HGSV_4516	16	0	0.0	0.0	0.0
19328	HGSV_4563	16	0	0.0	0.0	0.0
19329	HGSV_4564	16	0	0.0	0.0	0.0
19330	HGSV_4591	16	0	0.0	0.0	0.0
19331	HGSV_4663	16	1	0.0	0.0	0.0
19332	HGSV_4796	16	0	0.018	0.018	0.0
19333	HGSV_4999	16	1	0.548	0.548	0.0
19334	HGSV_5042	16	0	0.0	0.0	0.0
19335	HGSV_5072	16	0	0.001	0.001	0.0
19336	HGSV_5219	16	0	0.0	0.0	0.0
19337	HGSV_5281	16	3	0.0	0.0	0.0
19338	HGSV_5332	16	5	0.002	0.002	0.0
19339	HGSV_5351	16	0	0.0	0.0	0.0
19340	HGSV_5446	16	1	0.0	0.0	0.0
19341	HGSV_5518	16	0	0.0	0.0	0.0
19342	HGSV_5585	16	1	0.0	0.0	0.0
19343	HGSV_5598	16	1	0.003	0.003	0.0
19344	HGSV_5689	16	0	0.0	0.0	0.0
19345	HGSV_5917	16	0	0.0	0.0	0.0
19346	HGSV_5942	16	0	0.0	0.0	0.0
19347	HGSV_6030	16	0	0.0	0.0	0.0
19348	HGSV_6078	16	0	0.0	0.0	0.0
19349	HGSV_6087	16	0	0.0	0.0	0.0
19350	HGSV_6094	16	0	0.0	0.0	0.0
19351	HGSV_6168	16	0	0.0	0.0	0.0
19352	HGSV_6223	16	0	0.005	0.005	0.0
19353	HGSV_6227	16	0	0.003	0.003	0.0
19354	HGSV_6265	16	1	0.0	0.0	0.0
19355	HGSV_6271	16	0	0.0	0.0	0.0
19356	HGSV_6289	16	0	0.0	0.0	0.0
19357	HGSV_6301	16	0	0.0	0.0	0.0
19358	HGSV_6322	16	0	0.0	0.0	0.0
19359	HGSV_6370	16	0	0.0	0.0	0.0
19360	HGSV_6378	16	0	0.001	0.001	0.0
19361	HGSV_6394	16	0	0.0	0.0	0.0
19362	HGSV_6447	16	0	0.0	0.0	0.0
19363	HGSV_6456	16	2	0.001	0.001	0.0
19364	HGSV_6495	16	2	0.0	0.0	0.0
19365	HGSV_6736	16	0	0.0	0.0	0.0
19366	HGSV_6756	16	0	0.001	0.001	0.0
19367	HGSV_6877	16	0	0.005	0.005	0.0
19368	HGSV_6894	16	1	0.0	0.0	0.0
19369	HGSV_7032	16	0	0.0	0.0	0.0
19370	HGSV_7035	16	0	0.0	0.0	0.0
19371	HGSV_7065	16	0	0.002	0.002	0.002
19372	HGSV_711	16	0	0.0	0.0	0.0
19373	HGSV_7218	16	1	0.0	0.0	0.0
19374	HGSV_7376	16	0	0.001	0.001	0.001
19375	HGSV_7403	16	0	0.0	0.0	0.0
19376	HGSV_7408	16	0	0.0	0.0	0.0
19377	HGSV_7445	16	0	0.957	0.957	0.0
19378	HGSV_7456	16	3	0.0	0.0	0.0
19379	HGSV_7464	16	1	0.0	0.0	0.0
19380	HGSV_7519	16	1	0.0	0.0	0.0
19381	HGSV_7576	16	0	0.0	0.0	0.0
19382	HGSV_7600	16	5	0.003	0.003	0.0
19383	HGSV_7641	16	2	0.003	0.003	0.0
19384	HGSV_7724	16	0	0.0	0.0	0.0
19385	HGSV_7732	16	0	0.0	0.0	0.0
19386	HGSV_7757	16	0	0.001	0.001	0.0
19387	HGSV_8114	16	2	0.0	0.0	0.0
19388	HGSV_8163	16	1	0.0	0.0	0.0
19389	HGSV_8185	16	0	0.0	0.0	0.0
19390	HGSV_8186	16	0	0.856	0.856	0.0
19391	HGSV_8188	16	0	0.0	0.0	0.0
19392	HGSV_8307	16	0	0.0	0.0	0.0
19393	HGSV_8350	16	0	0.0	0.0	0.0
19394	HGSV_8376	16	0	0.978	0.978	0.0
19395	HGSV_8410	16	0	0.0	0.0	0.0
19396	HGSV_8465	16	0	0.001	0.001	0.0
19397	HGSV_8497	16	2	0.004	0.004	0.0
19398	HGSV_854	16	1	0.0	0.0	0.0
19399	HGSV_8637	16	3	0.002	0.002	0.0
19400	HGSV_8689	16	1	0.0	0.0	0.0
19401	HGSV_8767	16	1	0.001	0.001	0.0
19402	HGSV_8771	16	1	0.004	0.004	0.0
19403	HGSV_8798	16	1	0.0	0.0	0.0
19404	HGSV_8812	16	0	0.0	0.0	0.0
19405	HGSV_8871	16	0	0.0	0.0	0.0
19406	HGSV_8891	16	1	0.0	0.0	0.0
19407	HGSV_9004	16	1	0.0	0.0	0.0
19408	HGSV_903	16	0	0.07	0.0	0.0
19409	HGSV_9263	16	0	0.312	0.312	0.0
19410	HGSV_9336	16	0	0.001	0.001	0.0
19411	HGSV_9383	16	0	0.0	0.0	0.0
19412	HGSV_9487	16	0	0.002	0.002	0.002
19413	HGSV_9489	16	0	0.002	0.002	0.0
19414	HGSV_9575	16	0	0.0	0.0	0.0
19415	HGSV_9739	16	0	0.0	0.0	0.0
19416	HGSV_9842	16	5	0.006	0.006	0.006
19417	HGSV_9853	16	1	0.0	0.0	0.0
19418	HGSV_9869	16	0	0.001	0.001	0.0
19419	HGSV_9975	16	0	0.0	0.0	0.0
19420	HGSV_10030	15	0	0.0	0.0	0.0
19421	HGSV_10083	15	0	0.0	0.0	0.0
19422	HGSV_1010	15	0	0.0	0.0	0.0
19423	HGSV_10116	15	1	0.0	0.0	0.0
19424	HGSV_10134	15	0	0.0	0.0	0.0
19425	HGSV_10270	15	0	0.0	0.0	0.0
19426	HGSV_10338	15	0	0.0	0.0	0.0
19427	HGSV_10390	15	0	0.0	0.0	0.0
19428	HGSV_10435	15	0	0.0	0.0	0.0
19429	HGSV_10448	15	0	0.0	0.0	0.0
19430	HGSV_10807	15	0	0.0	0.0	0.0
19431	HGSV_10809	15	0	0.0	0.0	0.0
19432	HGSV_10884	15	3	0.002	0.002	0.0
19433	HGSV_11446	15	0	0.0	0.0	0.0
19434	HGSV_11632	15	1	0.004	0.004	0.0
19435	HGSV_11851	15	5	0.007	0.007	0.007
19436	HGSV_11878	15	2	0.001	0.001	0.0
19437	HGSV_11998	15	1	0.911	0.911	0.0
19438	HGSV_12088	15	12	0.0	0.0	0.0
19439	HGSV_12156	15	0	0.0	0.0	0.0
19440	HGSV_12227	15	1	0.001	0.001	0.001
19441	HGSV_12232	15	0	0.0	0.0	0.0
19442	HGSV_12296	15	0	0.0	0.0	0.0
19443	HGSV_12335	15	1	0.0	0.0	0.0
19444	HGSV_12355	15	0	0.0	0.0	0.0
19445	HGSV_12361	15	2	0.0	0.0	0.0
19446	HGSV_12407	15	0	0.001	0.001	0.0
19447	HGSV_12418	15	0	0.0	0.0	0.0
19448	HGSV_1247	15	0	0.0	0.0	0.0
19449	HGSV_12555	15	0	0.0	0.0	0.0
19450	HGSV_12563	15	0	0.0	0.0	0.0
19451	HGSV_12626	15	0	0.0	0.0	0.0
19452	HGSV_12644	15	2	0.0	0.0	0.0
19453	HGSV_12746	15	0	0.0	0.0	0.0
19454	HGSV_12927	15	0	0.001	0.001	0.0
19455	HGSV_13030	15	0	0.0	0.0	0.0
19456	HGSV_13033	15	0	0.0	0.0	0.0
19457	HGSV_13047	15	0	0.0	0.0	0.0
19458	HGSV_13086	15	1	0.001	0.001	0.0
19459	HGSV_13103	15	0	0.0	0.0	0.0
19460	HGSV_13122	15	0	0.0	0.0	0.0
19461	HGSV_13144	15	1	0.858	0.858	0.0
19462	HGSV_13145	15	0	0.512	0.0	0.0
19463	HGSV_13189	15	3	0.001	0.001	0.001
19464	HGSV_13194	15	3	0.002	0.002	0.0
19465	HGSV_13218	15	2	0.001	0.0	0.0
19466	HGSV_13236	15	1	0.0	0.0	0.0
19467	HGSV_13273	15	0	0.002	0.002	0.002
19468	HGSV_13399	15	0	0.0	0.0	0.0
19469	HGSV_13461	15	0	0.0	0.0	0.0
19470	HGSV_13635	15	0	0.0	0.0	0.0
19471	HGSV_13685	15	0	0.0	0.0	0.0
19472	HGSV_13728	15	0	0.0	0.0	0.0
19473	HGSV_13790	15	0	0.0	0.0	0.0
19474	HGSV_13930	15	0	0.0	0.0	0.0
19475	HGSV_13980	15	0	0.0	0.0	0.0
19476	HGSV_14048	15	0	0.001	0.001	0.0
19477	HGSV_14091	15	0	0.0	0.0	0.0
19478	HGSV_14175	15	0	0.0	0.0	0.0
19479	HGSV_14236	15	3	0.005	0.005	0.005
19480	HGSV_143425	15	1	0.0	0.0	0.0
19481	HGSV_143433	15	3	0.004	0.004	0.0
19482	HGSV_143770	15	4	0.003	0.003	0.003
19483	HGSV_143844	15	0	0.0	0.0	0.0
19484	HGSV_143889	15	0	0.0	0.0	0.0
19485	HGSV_14398	15	4	0.001	0.001	0.001
19486	HGSV_144074	15	0	0.001	0.0	0.0
19487	HGSV_144089	15	0	0.01	0.0	0.0
19488	HGSV_144235	15	1	0.003	0.003	0.0
19489	HGSV_144240	15	0	0.0	0.0	0.0
19490	HGSV_144358	15	1	0.903	0.967	0.967
19491	HGSV_144369	15	0	0.0	0.0	0.0
19492	HGSV_144403	15	0	0.0	0.0	0.0
19493	HGSV_144419	15	0	0.001	0.001	0.001
19494	HGSV_144503	15	0	0.0	0.0	0.0
19495	HGSV_144550	15	0	0.0	0.0	0.0
19496	HGSV_144562	15	0	0.0	0.0	0.0
19497	HGSV_144586	15	0	0.0	0.0	0.0
19498	HGSV_144610	15	0	0.0	0.0	0.0
19499	HGSV_144739	15	2	0.0	0.0	0.0
19500	HGSV_144741	15	0	0.0	0.0	0.0
19501	HGSV_144762	15	0	0.0	0.0	0.0
19502	HGSV_144778	15	2	0.0	0.0	0.0
19503	HGSV_144873	15	0	1.0	1.0	0.0
19504	HGSV_144956	15	1	0.0	0.0	0.0
19505	HGSV_145099	15	1	0.0	0.0	0.0
19506	HGSV_145221	15	0	0.001	0.001	0.0
19507	HGSV_145270	15	0	0.0	0.0	0.0
19508	HGSV_145315	15	0	0.0	0.0	0.0
19509	HGSV_145361	15	0	0.0	0.0	0.0
19510	HGSV_145469	15	0	0.001	0.0	0.0
19511	HGSV_145618	15	0	0.0	0.0	0.0
19512	HGSV_145680	15	1	0.001	0.001	0.0
19513	HGSV_145683	15	0	0.0	0.0	0.0
19514	HGSV_145699	15	0	0.652	0.652	0.0
19515	HGSV_145714	15	0	0.0	0.0	0.0
19516	HGSV_145716	15	0	0.0	0.0	0.0
19517	HGSV_145837	15	1	0.0	0.0	0.0
19518	HGSV_145842	15	0	0.001	0.001	0.0
19519	HGSV_145923	15	0	0.0	0.0	0.0
19520	HGSV_145999	15	0	0.0	0.0	0.0
19521	HGSV_146074	15	0	0.0	0.0	0.0
19522	HGSV_146083	15	0	0.0	0.0	0.0
19523	HGSV_146109	15	0	0.995	0.995	0.0
19524	HGSV_146200	15	1	0.001	0.001	0.001
19525	HGSV_146222	15	0	0.001	0.001	0.0
19526	HGSV_146238	15	4	0.002	0.002	0.0
19527	HGSV_146267	15	3	0.002	0.002	0.0
19528	HGSV_146309	15	0	0.0	0.0	0.0
19529	HGSV_146328	15	1	0.0	0.0	0.0
19530	HGSV_146432	15	0	0.001	0.001	0.0
19531	HGSV_146495	15	2	0.001	0.001	0.0
19532	HGSV_146507	15	0	0.0	0.0	0.0
19533	HGSV_146527	15	0	0.0	0.0	0.0
19534	HGSV_146654	15	1	0.0	0.0	0.0
19535	HGSV_146693	15	0	0.0	0.0	0.0
19536	HGSV_146770	15	0	0.0	0.0	0.0
19537	HGSV_146781	15	0	0.0	0.0	0.0
19538	HGSV_146840	15	0	0.0	0.0	0.0
19539	HGSV_146866	15	0	0.0	0.0	0.0
19540	HGSV_146951	15	0	0.0	0.0	0.0
19541	HGSV_146966	15	0	0.002	0.002	0.0
19542	HGSV_146998	15	0	0.0	0.0	0.0
19543	HGSV_147037	15	0	0.0	0.0	0.0
19544	HGSV_14720	15	0	0.999	0.999	0.0
19545	HGSV_147317	15	0	0.005	0.005	0.0
19546	HGSV_147349	15	1	0.001	0.001	0.0
19547	HGSV_14737	15	1	0.005	0.005	0.0
19548	HGSV_14738	15	0	0.0	0.0	0.0
19549	HGSV_147438	15	0	0.0	0.0	0.0
19550	HGSV_147587	15	0	0.002	0.002	0.0
19551	HGSV_14761	15	0	0.0	0.0	0.0
19552	HGSV_147617	15	1	0.0	0.0	0.0
19553	HGSV_14764	15	0	0.001	0.001	0.0
19554	HGSV_14775	15	0	0.0	0.0	0.0
19555	HGSV_147872	15	1	0.0	0.0	0.0
19556	HGSV_14789	15	1	0.0	0.0	0.0
19557	HGSV_147924	15	0	0.56	0.56	0.0
19558	HGSV_147930	15	0	0.0	0.0	0.0
19559	HGSV_147998	15	4	0.0	0.0	0.0
19560	HGSV_148162	15	0	0.003	0.003	0.0
19561	HGSV_148209	15	0	0.0	0.0	0.0
19562	HGSV_148213	15	0	0.006	0.006	0.0
19563	HGSV_148332	15	0	0.0	0.0	0.0
19564	HGSV_148401	15	3	0.001	0.001	0.0
19565	HGSV_148496	15	0	0.0	0.0	0.0
19566	HGSV_148528	15	0	0.911	0.911	0.0
19567	HGSV_148540	15	1	0.0	0.0	0.0
19568	HGSV_148634	15	0	0.0	0.0	0.0
19569	HGSV_148639	15	0	0.0	0.0	0.0
19570	HGSV_148663	15	0	0.0	0.0	0.0
19571	HGSV_148666	15	0	0.0	0.0	0.0
19572	HGSV_148713	15	1	0.001	0.001	0.001
19573	HGSV_148784	15	0	0.0	0.0	0.0
19574	HGSV_14885	15	0	0.578	0.578	0.0
19575	HGSV_148986	15	0	0.001	0.001	0.0
19576	HGSV_14899	15	0	0.0	0.0	0.0
19577	HGSV_149050	15	0	0.005	0.005	0.0
19578	HGSV_149112	15	0	0.0	0.0	0.0
19579	HGSV_149137	15	0	0.001	0.001	0.0
19580	HGSV_149334	15	0	0.0	0.0	0.0
19581	HGSV_149365	15	1	0.0	0.0	0.0
19582	HGSV_149394	15	0	0.0	0.0	0.0
19583	HGSV_149396	15	1	0.253	0.253	0.0
19584	HGSV_1494	15	1	0.0	0.0	0.0
19585	HGSV_149418	15	3	0.003	0.003	0.0
19586	HGSV_149433	15	2	0.002	0.002	0.0
19587	HGSV_149549	15	0	0.0	0.0	0.0
19588	HGSV_149713	15	7	0.004	0.004	0.004
19589	HGSV_149737	15	0	0.0	0.0	0.0
19590	HGSV_149791	15	0	0.0	0.0	0.0
19591	HGSV_149835	15	0	0.001	0.001	0.0
19592	HGSV_14996	15	0	0.0	0.0	0.0
19593	HGSV_149965	15	0	0.0	0.0	0.0
19594	HGSV_150005	15	0	0.0	0.0	0.0
19595	HGSV_150193	15	0	0.001	0.001	0.0
19596	HGSV_150239	15	0	0.0	0.0	0.0
19597	HGSV_150247	15	0	0.0	0.0	0.0
19598	HGSV_150276	15	0	0.002	0.002	0.0
19599	HGSV_150377	15	0	0.932	0.932	0.0
19600	HGSV_150393	15	0	0.001	0.001	0.0
19601	HGSV_150399	15	0	0.0	0.0	0.0
19602	HGSV_150403	15	0	0.0	0.0	0.0
19603	HGSV_150474	15	1	0.0	0.0	0.0
19604	HGSV_150581	15	0	0.0	0.0	0.0
19605	HGSV_150592	15	0	0.0	0.0	0.0
19606	HGSV_150676	15	1	0.0	0.0	0.0
19607	HGSV_150816	15	0	0.0	0.0	0.0
19608	HGSV_150894	15	2	0.001	0.001	0.0
19609	HGSV_150901	15	5	0.004	0.004	0.0
19610	HGSV_15098	15	1	0.0	0.0	0.0
19611	HGSV_151003	15	2	0.001	0.001	0.0
19612	HGSV_151151	15	0	0.0	0.0	0.0
19613	HGSV_151193	15	0	0.0	0.0	0.0
19614	HGSV_15127	15	0	0.0	0.0	0.0
19615	HGSV_151299	15	0	0.0	0.0	0.0
19616	HGSV_151314	15	0	0.0	0.0	0.0
19617	HGSV_151348	15	3	0.0	0.0	0.0
19618	HGSV_151353	15	0	0.0	0.0	0.0
19619	HGSV_151455	15	0	0.0	0.0	0.0
19620	HGSV_151468	15	1	0.001	0.001	0.0
19621	HGSV_151494	15	0	0.0	0.0	0.0
19622	HGSV_151512	15	1	0.001	0.001	0.0
19623	HGSV_151619	15	1	0.001	0.0	0.0
19624	HGSV_151755	15	0	0.0	0.0	0.0
19625	HGSV_151836	15	0	0.0	0.0	0.0
19626	HGSV_151854	15	0	0.0	0.0	0.0
19627	HGSV_151878	15	2	0.0	0.0	0.0
19628	HGSV_151942	15	0	0.0	0.0	0.0
19629	HGSV_151986	15	1	0.0	0.0	0.0
19630	HGSV_151997	15	0	0.0	0.0	0.0
19631	HGSV_152079	15	0	0.0	0.0	0.0
19632	HGSV_152158	15	0	0.0	0.0	0.0
19633	HGSV_152167	15	0	0.0	0.0	0.0
19634	HGSV_152466	15	0	0.0	0.0	0.0
19635	HGSV_15257	15	3	0.002	0.002	0.0
19636	HGSV_152622	15	2	0.0	0.0	0.0
19637	HGSV_152804	15	0	0.0	0.0	0.0
19638	HGSV_152944	15	0	0.0	0.0	0.0
19639	HGSV_152967	15	7	0.004	0.004	0.0
19640	HGSV_15301	15	0	0.0	0.0	0.0
19641	HGSV_153024	15	0	0.0	0.0	0.0
19642	HGSV_153048	15	1	0.0	0.0	0.0
19643	HGSV_153061	15	0	0.0	0.0	0.0
19644	HGSV_153177	15	0	0.0	0.0	0.0
19645	HGSV_153190	15	3	0.0	0.0	0.0
19646	HGSV_153206	15	1	0.0	0.0	0.0
19647	HGSV_153224	15	1	0.0	0.0	0.0
19648	HGSV_153267	15	0	0.0	0.0	0.0
19649	HGSV_153287	15	0	0.0	0.0	0.0
19650	HGSV_153313	15	0	0.001	0.001	0.0
19651	HGSV_153364	15	3	0.002	0.002	0.002
19652	HGSV_153428	15	0	0.0	0.0	0.0
19653	HGSV_153536	15	1	0.002	0.002	0.563
19654	HGSV_153551	15	0	0.0	0.0	0.0
19655	HGSV_153581	15	0	0.0	0.0	0.0
19656	HGSV_15366	15	1	0.0	0.0	0.0
19657	HGSV_153685	15	0	0.0	0.0	0.0
19658	HGSV_153735	15	0	0.0	0.0	0.0
19659	HGSV_153780	15	0	0.962	0.962	0.0
19660	HGSV_153883	15	0	0.0	0.0	0.0
19661	HGSV_153952	15	0	0.0	0.0	0.0
19662	HGSV_153955	15	1	0.0	0.0	0.0
19663	HGSV_153968	15	2	0.003	0.003	0.003
19664	HGSV_154114	15	7	0.0	0.0	0.0
19665	HGSV_154138	15	0	0.0	0.0	0.0
19666	HGSV_154146	15	2	0.0	0.0	0.0
19667	HGSV_154495	15	0	0.0	0.0	0.0
19668	HGSV_155198	15	1	0.0	0.0	0.0
19669	HGSV_155350	15	0	0.0	0.0	0.0
19670	HGSV_155481	15	0	0.0	0.0	0.0
19671	HGSV_155668	15	2	0.002	0.002	0.0
19672	HGSV_155690	15	0	0.0	0.0	0.0
19673	HGSV_155941	15	0	0.0	0.0	0.0
19674	HGSV_155976	15	4	0.004	0.004	0.0
19675	HGSV_156000	15	0	0.0	0.0	0.0
19676	HGSV_156014	15	0	0.0	0.0	0.0
19677	HGSV_156110	15	0	0.0	0.0	0.0
19678	HGSV_156122	15	0	0.0	0.0	0.0
19679	HGSV_156251	15	0	0.0	0.0	0.0
19680	HGSV_156255	15	0	0.0	0.0	0.0
19681	HGSV_156332	15	0	0.0	0.0	0.0
19682	HGSV_156540	15	0	0.0	0.0	0.0
19683	HGSV_15658	15	1	0.001	0.0	0.0
19684	HGSV_156639	15	0	0.0	0.0	0.0
19685	HGSV_156658	15	0	0.702	0.0	0.0
19686	HGSV_156699	15	0	0.0	0.0	0.0
19687	HGSV_156711	15	1	0.0	0.0	0.0
19688	HGSV_156734	15	0	0.0	0.0	0.0
19689	HGSV_156763	15	0	0.0	0.0	0.0
19690	HGSV_156817	15	0	0.0	0.0	0.0
19691	HGSV_156835	15	0	0.0	0.0	0.0
19692	HGSV_157114	15	1	0.001	0.001	0.0
19693	HGSV_157188	15	0	0.0	0.0	0.0
19694	HGSV_157212	15	0	0.0	0.0	0.0
19695	HGSV_157422	15	0	0.0	0.0	0.0
19696	HGSV_157545	15	8	0.0	0.0	0.0
19697	HGSV_157558	15	1	0.0	0.0	0.0
19698	HGSV_157607	15	0	0.0	0.0	0.0
19699	HGSV_15781	15	0	0.0	0.0	0.0
19700	HGSV_157912	15	1	0.0	0.0	0.0
19701	HGSV_157923	15	0	0.0	0.0	0.0
19702	HGSV_157954	15	0	0.0	0.0	0.0
19703	HGSV_157972	15	0	0.0	0.0	0.0
19704	HGSV_157982	15	0	0.0	0.0	0.0
19705	HGSV_158121	15	0	0.001	0.0	0.0
19706	HGSV_158125	15	1	0.0	0.0	0.0
19707	HGSV_15818	15	1	0.001	0.001	0.0
19708	HGSV_158209	15	0	0.001	0.001	0.0
19709	HGSV_158263	15	0	0.0	0.0	0.0
19710	HGSV_158354	15	2	0.0	0.0	0.0
19711	HGSV_15868	15	0	0.0	0.0	0.0
19712	HGSV_158758	15	1	0.0	0.0	0.0
19713	HGSV_15879	15	3	0.001	0.001	0.0
19714	HGSV_158930	15	0	0.0	0.0	0.0
19715	HGSV_158933	15	0	0.0	0.0	0.0
19716	HGSV_159101	15	0	0.0	0.0	0.0
19717	HGSV_16060	15	1	0.0	0.0	0.0
19718	HGSV_16405	15	0	0.001	0.001	0.0
19719	HGSV_164	15	0	0.0	0.0	0.0
19720	HGSV_16532	15	0	0.637	0.637	0.0
19721	HGSV_16598	15	2	0.0	0.0	0.0
19722	HGSV_16612	15	0	0.0	0.0	0.0
19723	HGSV_16676	15	3	0.013	0.013	0.0
19724	HGSV_16739	15	0	0.0	0.0	0.0
19725	HGSV_16798	15	2	0.0	0.0	0.0
19726	HGSV_16838	15	0	0.0	0.0	0.0
19727	HGSV_16844	15	1	0.0	0.0	0.0
19728	HGSV_17073	15	0	0.001	0.001	0.0
19729	HGSV_17093	15	0	0.001	0.001	0.0
19730	HGSV_17230	15	3	0.008	0.008	0.0
19731	HGSV_17318	15	0	0.002	0.002	0.0
19732	HGSV_17355	15	0	0.0	0.0	0.0
19733	HGSV_1738	15	0	0.0	0.0	0.0
19734	HGSV_17441	15	0	0.0	0.0	0.0
19735	HGSV_17512	15	0	0.0	0.0	0.0
19736	HGSV_17597	15	0	0.001	0.001	0.0
19737	HGSV_17600	15	4	0.003	0.003	0.003
19738	HGSV_17622	15	0	0.0	0.0	0.0
19739	HGSV_17708	15	0	0.001	0.001	0.0
19740	HGSV_17736	15	0	0.0	0.0	0.0
19741	HGSV_17754	15	0	0.0	0.0	0.0
19742	HGSV_17817	15	1	0.001	0.001	0.0
19743	HGSV_17824	15	0	0.001	0.001	0.001
19744	HGSV_17851	15	1	0.0	0.0	0.0
19745	HGSV_17923	15	0	0.018	0.0	0.0
19746	HGSV_17944	15	0	0.0	0.0	0.0
19747	HGSV_18106	15	9	0.0	0.0	0.0
19748	HGSV_18202	15	0	0.0	0.0	0.0
19749	HGSV_18209	15	0	0.0	0.0	0.0
19750	HGSV_18243	15	0	0.0	0.0	0.0
19751	HGSV_18512	15	0	0.003	0.003	0.0
19752	HGSV_18538	15	0	0.0	0.0	0.0
19753	HGSV_18701	15	1	0.0	0.0	0.0
19754	HGSV_18716	15	0	0.0	0.0	0.0
19755	HGSV_18836	15	0	0.0	0.0	0.0
19756	HGSV_18895	15	1	0.994	0.994	0.0
19757	HGSV_1911	15	2	0.008	0.008	0.0
19758	HGSV_19144	15	1	0.0	0.0	0.0
19759	HGSV_19209	15	1	0.0	0.0	0.0
19760	HGSV_19270	15	0	0.001	0.001	0.0
19761	HGSV_19300	15	0	0.0	0.0	0.0
19762	HGSV_19404	15	6	0.004	0.004	0.0
19763	HGSV_19491	15	2	0.001	0.0	0.0
19764	HGSV_19507	15	0	0.0	0.0	0.0
19765	HGSV_19588	15	0	0.0	0.0	0.0
19766	HGSV_19686	15	5	0.003	0.003	0.0
19767	HGSV_19705	15	0	0.997	0.0	0.0
19768	HGSV_1979	15	0	0.0	0.0	0.0
19769	HGSV_1982	15	0	0.0	0.0	0.0
19770	HGSV_2248	15	0	1.0	0.0	0.0
19771	HGSV_2274	15	0	0.0	0.0	0.0
19772	HGSV_2382	15	0	0.0	0.0	0.0
19773	HGSV_2473	15	0	0.0	0.0	0.0
19774	HGSV_2531	15	0	0.995	0.995	0.0
19775	HGSV_2543	15	0	0.0	0.0	0.0
19776	HGSV_2835	15	0	0.003	0.003	0.0
19777	HGSV_2978	15	1	0.0	0.0	0.0
19778	HGSV_3091	15	0	0.0	0.0	0.0
19779	HGSV_3115	15	1	0.0	0.0	0.0
19780	HGSV_3252	15	2	0.0	0.0	0.0
19781	HGSV_3472	15	0	0.0	0.0	0.0
19782	HGSV_3481	15	0	0.0	0.0	0.0
19783	HGSV_3542	15	0	0.0	0.0	0.0
19784	HGSV_3629	15	0	0.0	0.0	0.0
19785	HGSV_3662	15	0	0.0	0.0	0.0
19786	HGSV_369	15	0	0.0	0.0	0.0
19787	HGSV_3696	15	0	0.0	0.0	0.0
19788	HGSV_3711	15	0	0.498	0.0	0.0
19789	HGSV_3716	15	0	0.0	0.0	0.0
19790	HGSV_3817	15	1	0.0	0.0	0.0
19791	HGSV_3825	15	0	0.0	0.0	0.0
19792	HGSV_3900	15	2	0.0	0.0	0.0
19793	HGSV_392	15	1	0.0	0.0	0.0
19794	HGSV_3923	15	0	0.0	0.0	0.0
19795	HGSV_4162	15	0	0.002	0.002	0.002
19796	HGSV_4279	15	4	0.002	0.002	0.0
19797	HGSV_4351	15	0	0.001	0.001	0.0
19798	HGSV_4423	15	0	0.0	0.0	0.0
19799	HGSV_4511	15	5	0.003	0.0	0.0
19800	HGSV_4752	15	0	0.0	0.0	0.0
19801	HGSV_481	15	0	0.0	0.0	0.0
19802	HGSV_4890	15	0	0.0	0.0	0.0
19803	HGSV_4898	15	1	0.004	0.004	0.0
19804	HGSV_4930	15	0	0.0	0.0	0.0
19805	HGSV_5075	15	1	0.0	0.0	0.0
19806	HGSV_5117	15	0	0.0	0.0	0.0
19807	HGSV_5180	15	0	0.001	0.001	0.0
19808	HGSV_5231	15	0	0.0	0.0	0.0
19809	HGSV_528	15	0	0.001	0.001	0.0
19810	HGSV_532	15	0	0.005	0.0	0.0
19811	HGSV_5347	15	0	0.0	0.0	0.0
19812	HGSV_5367	15	6	0.002	0.002	0.002
19813	HGSV_5414	15	0	0.0	0.0	0.0
19814	HGSV_5439	15	0	0.0	0.0	0.0
19815	HGSV_5499	15	1	0.0	0.0	0.0
19816	HGSV_5519	15	0	0.832	0.832	0.832
19817	HGSV_5616	15	1	0.0	0.0	0.0
19818	HGSV_5710	15	1	0.495	0.971	0.0
19819	HGSV_5741	15	1	0.0	0.0	0.0
19820	HGSV_5743	15	6	0.001	0.001	0.0
19821	HGSV_5763	15	0	0.0	0.0	0.0
19822	HGSV_5855	15	1	0.0	0.0	0.0
19823	HGSV_5879	15	0	0.0	0.0	0.0
19824	HGSV_5895	15	1	0.001	0.0	0.0
19825	HGSV_5919	15	0	0.0	0.0	0.0
19826	HGSV_5965	15	1	0.0	0.0	0.0
19827	HGSV_6008	15	0	0.0	0.0	0.0
19828	HGSV_6015	15	0	0.0	0.0	0.0
19829	HGSV_6023	15	0	0.0	0.0	0.0
19830	HGSV_6033	15	0	0.0	0.0	0.0
19831	HGSV_6133	15	1	0.0	0.0	0.0
19832	HGSV_614	15	0	0.0	0.0	0.0
19833	HGSV_6147	15	1	0.002	0.002	0.002
19834	HGSV_6154	15	0	0.002	0.002	0.0
19835	HGSV_6255	15	0	0.0	0.0	0.0
19836	HGSV_6376	15	0	0.001	0.001	0.0
19837	HGSV_6471	15	0	0.0	0.0	0.0
19838	HGSV_6493	15	0	0.18	0.18	0.0
19839	HGSV_6626	15	0	0.0	0.0	0.0
19840	HGSV_6684	15	0	0.0	0.0	0.0
19841	HGSV_6696	15	0	0.0	0.0	0.0
19842	HGSV_6705	15	0	0.002	0.002	0.0
19843	HGSV_6740	15	2	0.0	0.0	0.0
19844	HGSV_6785	15	2	0.004	0.004	0.0
19845	HGSV_6817	15	0	0.001	0.001	0.0
19846	HGSV_6904	15	0	0.0	0.0	0.0
19847	HGSV_6940	15	0	0.0	0.0	0.0
19848	HGSV_7053	15	0	0.0	0.0	0.0
19849	HGSV_7245	15	0	0.0	0.0	0.0
19850	HGSV_7312	15	0	0.0	0.0	0.0
19851	HGSV_739	15	0	0.0	0.0	0.0
19852	HGSV_7568	15	0	0.002	0.002	0.002
19853	HGSV_7572	15	0	0.0	0.0	0.0
19854	HGSV_7630	15	3	0.004	0.004	0.004
19855	HGSV_7668	15	1	0.0	0.0	0.0
19856	HGSV_770	15	2	0.0	0.0	0.0
19857	HGSV_7719	15	0	0.0	0.0	0.0
19858	HGSV_7722	15	0	0.0	0.0	0.0
19859	HGSV_7766	15	0	0.0	0.0	0.0
19860	HGSV_7777	15	0	0.002	0.002	0.0
19861	HGSV_7859	15	0	0.0	0.0	0.0
19862	HGSV_7872	15	3	0.0	0.0	0.0
19863	HGSV_8021	15	2	0.001	0.001	0.0
19864	HGSV_8026	15	0	0.0	0.0	0.0
19865	HGSV_8042	15	0	0.001	0.001	0.0
19866	HGSV_8304	15	0	0.0	0.0	0.0
19867	HGSV_846	15	0	0.0	0.0	0.0
19868	HGSV_8473	15	0	0.001	0.001	0.0
19869	HGSV_8533	15	0	0.0	0.0	0.0
19870	HGSV_8630	15	0	0.0	0.0	0.0
19871	HGSV_8685	15	0	0.001	0.001	0.0
19872	HGSV_8692	15	0	0.0	0.0	0.0
19873	HGSV_8744	15	0	0.548	0.548	0.0
19874	HGSV_8784	15	1	0.0	0.0	0.0
19875	HGSV_9022	15	1	0.0	0.0	0.0
19876	HGSV_9225	15	0	0.0	0.0	0.0
19877	HGSV_9343	15	0	0.0	0.0	0.0
19878	HGSV_9348	15	0	0.0	0.0	0.0
19879	HGSV_9404	15	0	0.001	0.001	0.001
19880	HGSV_9465	15	0	0.0	0.0	0.0
19881	HGSV_9467	15	6	0.007	0.007	0.0
19882	HGSV_9479	15	1	0.0	0.0	0.0
19883	HGSV_9643	15	0	0.0	0.0	0.0
19884	HGSV_970	15	1	0.004	0.0	0.0
19885	HGSV_9756	15	0	0.0	0.0	0.0
19886	HGSV_9814	15	0	0.0	0.0	0.0
19887	HGSV_9824	15	0	0.012	0.0	0.0
19888	HGSV_9912	15	0	0.0	0.0	0.0
19889	HGSV_9962	15	0	0.0	0.0	0.0
19890	HGSV_10099	14	0	0.0	0.0	0.0
19891	HGSV_10123	14	1	0.0	0.0	0.0
19892	HGSV_10233	14	4	0.003	0.003	0.0
19893	HGSV_10254	14	0	0.986	0.986	0.0
19894	HGSV_10412	14	1	0.0	0.0	0.0
19895	HGSV_10453	14	0	0.258	0.258	0.0
19896	HGSV_10704	14	0	0.0	0.0	0.0
19897	HGSV_10944	14	0	0.0	0.0	0.0
19898	HGSV_11016	14	2	0.001	0.0	0.0
19899	HGSV_11256	14	1	0.0	0.0	0.0
19900	HGSV_11331	14	0	0.0	0.0	0.0
19901	HGSV_11365	14	1	0.001	0.001	0.0
19902	HGSV_11368	14	0	0.0	0.0	0.0
19903	HGSV_11374	14	0	0.0	0.0	0.0
19904	HGSV_11396	14	0	0.001	0.001	0.0
19905	HGSV_11400	14	0	0.0	0.0	0.0
19906	HGSV_11414	14	0	0.0	0.0	0.0
19907	HGSV_11424	14	0	0.0	0.0	0.0
19908	HGSV_11608	14	0	0.004	0.004	0.0
19909	HGSV_11644	14	0	0.0	0.0	0.0
19910	HGSV_1183	14	0	0.0	0.0	0.0
19911	HGSV_11873	14	0	0.0	0.0	0.0
19912	HGSV_11946	14	0	0.0	0.0	0.0
19913	HGSV_12121	14	7	0.005	0.005	0.0
19914	HGSV_12264	14	1	0.0	0.0	0.0
19915	HGSV_12267	14	0	1.0	1.0	0.0
19916	HGSV_12280	14	1	0.0	0.0	0.0
19917	HGSV_12439	14	0	0.002	0.002	0.002
19918	HGSV_12469	14	0	0.0	0.0	0.0
19919	HGSV_12475	14	2	0.0	0.0	0.0
19920	HGSV_12506	14	0	0.0	0.0	0.0
19921	HGSV_12525	14	1	0.728	0.971	0.0
19922	HGSV_12593	14	0	0.0	0.0	0.0
19923	HGSV_12635	14	4	0.0	0.0	0.0
19924	HGSV_12641	14	2	0.002	0.002	0.0
19925	HGSV_12885	14	2	0.0	0.0	0.0
19926	HGSV_13015	14	0	0.001	0.001	0.0
19927	HGSV_13037	14	0	0.0	0.0	0.0
19928	HGSV_13066	14	0	0.001	0.001	0.0
19929	HGSV_13199	14	0	0.0	0.0	0.0
19930	HGSV_13389	14	2	0.0	0.0	0.0
19931	HGSV_13426	14	0	0.0	0.0	0.0
19932	HGSV_13471	14	0	0.0	0.0	0.0
19933	HGSV_13517	14	0	0.224	0.224	0.0
19934	HGSV_13996	14	0	0.001	0.001	0.0
19935	HGSV_14001	14	0	0.0	0.0	0.0
19936	HGSV_14009	14	0	0.967	0.967	0.0
19937	HGSV_1401	14	0	0.0	0.0	0.0
19938	HGSV_14016	14	0	0.0	0.0	0.0
19939	HGSV_14053	14	0	0.0	0.0	0.0
19940	HGSV_14110	14	0	0.0	0.0	0.0
19941	HGSV_14130	14	0	0.0	0.0	0.0
19942	HGSV_14172	14	0	0.001	0.001	0.0
19943	HGSV_14222	14	0	0.0	0.0	0.0
19944	HGSV_14243	14	0	0.0	0.0	0.0
19945	HGSV_14305	14	0	0.0	0.0	0.0
19946	HGSV_14306	14	0	0.0	0.0	0.0
19947	HGSV_14385	14	0	0.001	0.001	0.0
19948	HGSV_143886	14	0	0.992	0.0	0.0
19949	HGSV_143949	14	1	0.0	0.0	0.0
19950	HGSV_143994	14	1	0.003	0.003	0.0
19951	HGSV_144009	14	0	0.001	0.001	0.0
19952	HGSV_144033	14	0	0.0	0.0	0.0
19953	HGSV_144076	14	0	0.0	0.0	0.0
19954	HGSV_144105	14	3	0.0	0.0	0.0
19955	HGSV_144113	14	1	0.0	0.0	0.0
19956	HGSV_144307	14	3	0.002	0.002	0.002
19957	HGSV_144512	14	0	0.001	0.001	0.0
19958	HGSV_144587	14	1	0.0	0.0	0.0
19959	HGSV_144690	14	0	0.0	0.0	0.0
19960	HGSV_144893	14	1	0.001	0.001	0.0
19961	HGSV_14496	14	0	0.0	0.0	0.0
19962	HGSV_144971	14	0	0.0	0.0	0.0
19963	HGSV_144989	14	1	0.0	0.0	0.0
19964	HGSV_145044	14	0	0.0	0.0	0.0
19965	HGSV_145055	14	0	0.0	0.0	0.0
19966	HGSV_145081	14	0	0.0	0.0	0.0
19967	HGSV_145084	14	0	0.0	0.0	0.0
19968	HGSV_145156	14	0	0.001	0.0	0.0
19969	HGSV_145279	14	4	0.009	0.009	0.009
19970	HGSV_145292	14	0	0.991	0.991	0.0
19971	HGSV_145405	14	0	0.0	0.0	0.0
19972	HGSV_145480	14	0	0.66	0.66	0.66
19973	HGSV_145489	14	1	0.0	0.0	0.0
19974	HGSV_145539	14	0	0.0	0.0	0.0
19975	HGSV_145548	14	6	0.0	0.0	0.0
19976	HGSV_145559	14	0	0.0	0.0	0.0
19977	HGSV_145601	14	0	0.001	0.001	0.0
19978	HGSV_145655	14	2	0.001	0.001	0.0
19979	HGSV_145672	14	0	0.0	0.0	0.0
19980	HGSV_145753	14	1	0.001	0.001	0.0
19981	HGSV_145880	14	2	0.0	0.0	0.0
19982	HGSV_145971	14	0	0.002	0.002	0.002
19983	HGSV_146044	14	0	0.0	0.0	0.0
19984	HGSV_146047	14	1	0.0	0.0	0.0
19985	HGSV_146067	14	0	0.0	0.0	0.0
19986	HGSV_146104	14	0	0.0	0.0	0.0
19987	HGSV_146112	14	1	0.001	0.001	0.0
19988	HGSV_1461	14	0	0.0	0.0	0.0
19989	HGSV_146134	14	0	0.002	0.002	0.0
19990	HGSV_146206	14	0	0.004	0.004	0.0
19991	HGSV_146302	14	0	0.0	0.0	0.0
19992	HGSV_1463	14	0	0.0	0.0	0.0
19993	HGSV_146325	14	0	0.0	0.0	0.0
19994	HGSV_146344	14	0	0.0	0.0	0.0
19995	HGSV_146485	14	0	0.0	0.0	0.0
19996	HGSV_14650	14	3	0.0	0.0	0.0
19997	HGSV_14653	14	0	0.0	0.0	0.0
19998	HGSV_14656	14	1	0.0	0.0	0.0
19999	HGSV_146638	14	0	0.0	0.0	0.0
20000	HGSV_146674	14	0	0.001	0.001	0.0
20001	HGSV_146684	14	0	0.0	0.0	0.0
20002	HGSV_1468	14	0	0.0	0.0	0.0
20003	HGSV_146882	14	0	0.0	0.0	0.0
20004	HGSV_14694	14	0	0.0	0.0	0.0
20005	HGSV_146977	14	0	0.0	0.0	0.0
20006	HGSV_146989	14	0	0.0	0.0	0.0
20007	HGSV_14702	14	0	0.999	0.999	0.0
20008	HGSV_147327	14	0	0.0	0.0	0.0
20009	HGSV_147343	14	3	0.001	0.001	0.0
20010	HGSV_147503	14	1	0.0	0.0	0.0
20011	HGSV_147555	14	0	0.0	0.0	0.0
20012	HGSV_147559	14	1	0.0	0.0	0.0
20013	HGSV_147625	14	0	0.218	0.218	0.0
20014	HGSV_147635	14	0	0.556	0.556	0.0
20015	HGSV_147864	14	0	0.0	0.0	0.0
20016	HGSV_147898	14	1	0.0	0.0	0.0
20017	HGSV_147938	14	2	0.003	0.003	0.0
20018	HGSV_14801	14	0	0.863	0.971	0.0
20019	HGSV_148190	14	0	0.0	0.0	0.0
20020	HGSV_14837	14	0	0.0	0.0	0.0
20021	HGSV_148424	14	0	0.0	0.0	0.0
20022	HGSV_148441	14	0	0.0	0.0	0.0
20023	HGSV_148456	14	0	0.928	0.928	0.0
20024	HGSV_148665	14	0	0.001	0.001	0.001
20025	HGSV_148738	14	0	0.003	0.003	0.0
20026	HGSV_148743	14	0	0.001	0.001	0.0
20027	HGSV_148807	14	0	0.0	0.0	0.0
20028	HGSV_148840	14	3	0.003	0.003	0.0
20029	HGSV_148869	14	0	0.0	0.0	0.0
20030	HGSV_148874	14	0	0.003	0.003	0.0
20031	HGSV_14896	14	0	0.001	0.001	0.001
20032	HGSV_149007	14	0	0.0	0.0	0.0
20033	HGSV_149020	14	0	0.0	0.0	0.0
20034	HGSV_149022	14	0	0.005	0.005	0.0
20035	HGSV_149061	14	0	0.0	0.0	0.0
20036	HGSV_149100	14	0	0.0	0.0	0.0
20037	HGSV_1491	14	2	0.004	0.0	0.0
20038	HGSV_149115	14	0	0.0	0.0	0.0
20039	HGSV_149119	14	0	0.186	0.186	0.0
20040	HGSV_149121	14	1	0.0	0.0	0.0
20041	HGSV_149215	14	0	0.486	0.486	0.0
20042	HGSV_149250	14	1	0.0	0.0	0.0
20043	HGSV_149263	14	1	0.0	0.0	0.0
20044	HGSV_149282	14	0	0.001	0.001	0.0
20045	HGSV_149329	14	0	0.0	0.0	0.0
20046	HGSV_149384	14	0	0.0	0.0	0.0
20047	HGSV_149502	14	0	0.002	0.0	0.0
20048	HGSV_149511	14	2	0.002	0.0	0.0
20049	HGSV_149618	14	0	0.002	0.002	0.0
20050	HGSV_14986	14	1	0.0	0.0	0.0
20051	HGSV_149865	14	0	0.0	0.0	0.0
20052	HGSV_14987	14	1	0.0	0.0	0.0
20053	HGSV_149910	14	2	0.0	0.0	0.0
20054	HGSV_149921	14	0	0.0	0.0	0.0
20055	HGSV_149924	14	0	0.0	0.0	0.0
20056	HGSV_149954	14	0	0.0	0.0	0.0
20057	HGSV_150054	14	0	0.0	0.0	0.0
20058	HGSV_150080	14	0	0.0	0.0	0.0
20059	HGSV_150229	14	0	0.0	0.0	0.0
20060	HGSV_150261	14	0	0.0	0.0	0.0
20061	HGSV_15030	14	2	0.001	0.001	0.0
20062	HGSV_150305	14	0	0.0	0.0	0.0
20063	HGSV_150316	14	0	0.0	0.0	0.0
20064	HGSV_150332	14	0	0.937	0.937	0.0
20065	HGSV_150348	14	0	0.0	0.0	0.0
20066	HGSV_15037	14	0	0.001	0.001	0.0
20067	HGSV_15041	14	0	0.0	0.0	0.0
20068	HGSV_150413	14	0	0.607	0.967	0.0
20069	HGSV_150427	14	0	0.001	0.684	0.0
20070	HGSV_15045	14	0	0.0	0.0	0.0
20071	HGSV_150478	14	0	0.0	0.0	0.0
20072	HGSV_150554	14	0	0.0	0.0	0.0
20073	HGSV_150597	14	0	0.0	0.0	0.0
20074	HGSV_150658	14	0	0.0	0.0	0.0
20075	HGSV_150667	14	0	0.003	0.0	0.0
20076	HGSV_150725	14	1	0.0	0.0	0.0
20077	HGSV_150762	14	0	0.0	0.0	0.0
20078	HGSV_150810	14	0	0.0	0.0	0.0
20079	HGSV_150824	14	0	0.001	0.001	0.0
20080	HGSV_150911	14	0	0.0	0.0	0.0
20081	HGSV_150953	14	0	0.0	0.0	0.0
20082	HGSV_151024	14	0	0.0	0.0	0.0
20083	HGSV_151094	14	2	0.001	0.001	0.001
20084	HGSV_151132	14	0	0.0	0.0	0.0
20085	HGSV_151213	14	0	0.0	0.0	0.0
20086	HGSV_151216	14	0	0.851	0.851	0.0
20087	HGSV_15125	14	0	0.0	0.0	0.0
20088	HGSV_151280	14	0	0.004	0.004	0.0
20089	HGSV_15134	14	0	0.0	0.0	0.0
20090	HGSV_151380	14	0	0.0	0.0	0.0
20091	HGSV_151382	14	3	0.004	0.004	0.0
20092	HGSV_151432	14	0	0.001	0.001	0.001
20093	HGSV_151467	14	1	0.0	0.0	0.0
20094	HGSV_151506	14	1	0.001	0.001	0.0
20095	HGSV_151621	14	1	0.001	0.001	0.0
20096	HGSV_15168	14	0	0.0	0.0	0.0
20097	HGSV_151789	14	0	0.0	0.0	0.0
20098	HGSV_151868	14	0	0.0	0.0	0.0
20099	HGSV_151874	14	3	0.006	0.006	0.0
20100	HGSV_151877	14	0	0.0	0.0	0.0
20101	HGSV_151961	14	2	0.0	0.0	0.0
20102	HGSV_151989	14	3	0.005	0.005	0.0
20103	HGSV_152087	14	0	0.0	0.0	0.0
20104	HGSV_152147	14	0	0.0	0.0	0.0
20105	HGSV_15217	14	0	0.0	0.0	0.0
20106	HGSV_152181	14	0	0.001	0.001	0.0
20107	HGSV_152204	14	0	0.0	0.0	0.0
20108	HGSV_152292	14	1	0.0	0.0	0.0
20109	HGSV_152356	14	1	0.0	0.0	0.0
20110	HGSV_152491	14	0	0.0	0.0	0.0
20111	HGSV_152494	14	0	0.0	0.0	0.0
20112	HGSV_152574	14	0	0.0	0.0	0.0
20113	HGSV_15265	14	0	0.0	0.0	0.0
20114	HGSV_152657	14	0	0.0	0.0	0.0
20115	HGSV_152659	14	0	0.0	0.0	0.0
20116	HGSV_152662	14	0	0.0	0.0	0.0
20117	HGSV_152714	14	2	0.0	0.0	0.0
20118	HGSV_152730	14	0	0.0	0.0	0.0
20119	HGSV_152796	14	0	0.0	0.0	0.0
20120	HGSV_15283	14	1	0.001	0.001	0.0
20121	HGSV_152897	14	0	0.001	0.001	0.0
20122	HGSV_152934	14	0	0.001	0.001	0.0
20123	HGSV_152965	14	0	0.001	0.001	0.0
20124	HGSV_152982	14	0	0.001	0.001	0.0
20125	HGSV_153023	14	0	0.0	0.0	0.0
20126	HGSV_153054	14	0	0.0	0.0	0.0
20127	HGSV_153064	14	1	0.0	0.0	0.0
20128	HGSV_153129	14	1	0.0	0.0	0.0
20129	HGSV_153227	14	1	0.0	0.0	0.0
20130	HGSV_153237	14	0	0.0	0.0	0.0
20131	HGSV_153253	14	0	0.0	0.0	0.0
20132	HGSV_153260	14	0	0.0	0.0	0.0
20133	HGSV_153402	14	1	0.001	0.001	0.001
20134	HGSV_153429	14	0	0.0	0.0	0.0
20135	HGSV_153482	14	0	0.0	0.0	0.0
20136	HGSV_153541	14	1	0.001	0.0	0.0
20137	HGSV_153634	14	1	0.007	0.007	0.0
20138	HGSV_153701	14	1	0.006	0.006	0.0
20139	HGSV_153779	14	0	0.0	0.0	0.0
20140	HGSV_153950	14	1	0.0	0.0	0.0
20141	HGSV_153964	14	1	0.0	0.0	0.0
20142	HGSV_153965	14	0	0.0	0.0	0.0
20143	HGSV_153971	14	1	0.0	0.0	0.0
20144	HGSV_153992	14	0	0.0	0.0	0.0
20145	HGSV_154013	14	0	0.0	0.0	0.0
20146	HGSV_154021	14	2	0.0	0.0	0.0
20147	HGSV_154048	14	0	0.0	0.0	0.0
20148	HGSV_154340	14	0	0.006	0.006	0.0
20149	HGSV_154387	14	0	0.0	0.0	0.0
20150	HGSV_154435	14	0	0.0	0.0	0.0
20151	HGSV_154439	14	0	0.0	0.0	0.0
20152	HGSV_154471	14	1	0.0	0.0	0.0
20153	HGSV_154486	14	0	0.0	0.0	0.0
20154	HGSV_154580	14	1	0.0	0.0	0.0
20155	HGSV_154628	14	0	0.0	0.0	0.0
20156	HGSV_154904	14	0	0.0	0.0	0.0
20157	HGSV_15498	14	0	0.0	0.0	0.0
20158	HGSV_15500	14	1	0.002	0.002	0.0
20159	HGSV_155071	14	0	0.388	0.388	0.0
20160	HGSV_155258	14	0	0.0	0.0	0.0
20161	HGSV_15534	14	1	0.001	0.001	0.001
20162	HGSV_15547	14	0	0.0	0.0	0.0
20163	HGSV_155554	14	0	0.0	0.0	0.0
20164	HGSV_155555	14	0	0.0	0.0	0.0
20165	HGSV_15557	14	1	0.0	0.0	0.0
20166	HGSV_155583	14	1	0.0	0.0	0.0
20167	HGSV_15573	14	0	0.004	0.0	0.0
20168	HGSV_155782	14	0	0.0	0.0	0.0
20169	HGSV_15581	14	2	0.781	0.781	0.0
20170	HGSV_155871	14	0	0.003	0.003	0.0
20171	HGSV_155921	14	2	0.0	0.0	0.0
20172	HGSV_155965	14	0	0.0	0.0	0.0
20173	HGSV_156009	14	1	0.0	0.0	0.0
20174	HGSV_156055	14	1	0.0	0.0	0.0
20175	HGSV_156150	14	0	0.0	0.0	0.0
20176	HGSV_156157	14	0	0.0	0.0	0.0
20177	HGSV_156181	14	0	0.0	0.0	0.0
20178	HGSV_156257	14	0	0.0	0.0	0.0
20179	HGSV_156297	14	0	0.0	0.0	0.0
20180	HGSV_156323	14	2	0.001	0.0	0.0
20181	HGSV_156459	14	0	0.781	0.781	0.0
20182	HGSV_156528	14	1	0.0	0.0	0.0
20183	HGSV_156656	14	1	0.0	0.0	0.0
20184	HGSV_156671	14	0	0.008	0.008	0.0
20185	HGSV_156741	14	0	0.0	0.0	0.0
20186	HGSV_156828	14	0	0.91	0.993	0.0
20187	HGSV_156862	14	0	0.225	0.0	0.0
20188	HGSV_156889	14	0	0.0	0.0	0.0
20189	HGSV_156898	14	0	0.0	0.0	0.0
20190	HGSV_157262	14	1	0.0	0.0	0.0
20191	HGSV_157381	14	0	0.0	0.0	0.0
20192	HGSV_157445	14	1	0.0	0.0	0.0
20193	HGSV_157602	14	1	0.0	0.0	0.0
20194	HGSV_157620	14	0	0.0	0.0	0.0
20195	HGSV_157823	14	0	0.009	0.009	0.0
20196	HGSV_157851	14	0	0.0	0.0	0.0
20197	HGSV_157863	14	0	0.001	0.001	0.0
20198	HGSV_157913	14	0	0.0	0.0	0.0
20199	HGSV_157921	14	0	0.0	0.0	0.0
20200	HGSV_157936	14	0	0.0	0.0	0.0
20201	HGSV_157955	14	0	0.0	0.0	0.0
20202	HGSV_157977	14	0	0.916	0.0	0.0
20203	HGSV_157990	14	0	0.0	0.0	0.0
20204	HGSV_157994	14	0	0.0	0.0	0.0
20205	HGSV_158031	14	3	0.005	0.005	0.0
20206	HGSV_158064	14	0	0.0	0.0	0.0
20207	HGSV_158066	14	1	0.001	0.001	0.0
20208	HGSV_158112	14	0	0.0	0.0	0.0
20209	HGSV_158168	14	0	0.001	0.001	0.0
20210	HGSV_158188	14	0	0.0	0.0	0.0
20211	HGSV_158224	14	0	0.0	0.0	0.0
20212	HGSV_158297	14	1	0.0	0.0	0.0
20213	HGSV_158314	14	0	0.0	0.0	0.0
20214	HGSV_158373	14	1	0.0	0.0	0.0
20215	HGSV_158472	14	1	0.0	0.0	0.0
20216	HGSV_158489	14	0	0.0	0.0	0.0
20217	HGSV_158563	14	0	0.0	0.0	0.0
20218	HGSV_158564	14	0	0.0	0.0	0.0
20219	HGSV_158567	14	1	0.0	0.0	0.0
20220	HGSV_158575	14	0	0.0	0.0	0.0
20221	HGSV_158589	14	8	0.0	0.0	0.0
20222	HGSV_15863	14	1	0.0	0.0	0.0
20223	HGSV_158677	14	0	0.0	0.0	0.0
20224	HGSV_158767	14	0	0.0	0.0	0.0
20225	HGSV_158830	14	0	0.0	0.0	0.0
20226	HGSV_158920	14	6	0.001	0.001	0.0
20227	HGSV_159051	14	0	0.002	0.002	0.0
20228	HGSV_15906	14	0	0.0	0.0	0.0
20229	HGSV_159086	14	0	0.0	0.0	0.0
20230	HGSV_15928	14	1	0.0	0.0	0.0
20231	HGSV_15998	14	2	0.009	0.009	0.0
20232	HGSV_16017	14	0	0.0	0.0	0.0
20233	HGSV_16043	14	0	0.0	0.0	0.0
20234	HGSV_16086	14	1	0.0	0.0	0.0
20235	HGSV_16116	14	0	0.0	0.0	0.0
20236	HGSV_16267	14	0	0.82	0.971	0.0
20237	HGSV_16274	14	0	0.0	0.0	0.0
20238	HGSV_16283	14	1	0.0	0.0	0.0
20239	HGSV_16394	14	0	0.0	0.0	0.0
20240	HGSV_16522	14	0	0.004	0.004	0.004
20241	HGSV_16542	14	0	0.0	0.0	0.0
20242	HGSV_167	14	1	0.0	0.0	0.0
20243	HGSV_16759	14	0	0.0	0.0	0.0
20244	HGSV_16769	14	0	0.001	0.001	0.0
20245	HGSV_16777	14	0	0.0	0.0	0.0
20246	HGSV_16811	14	0	0.0	0.0	0.0
20247	HGSV_16828	14	0	0.0	0.0	0.0
20248	HGSV_16976	14	1	0.0	0.0	0.0
20249	HGSV_17013	14	0	0.998	0.998	0.0
20250	HGSV_17059	14	0	0.0	0.0	0.0
20251	HGSV_17075	14	0	0.0	0.0	0.0
20252	HGSV_17106	14	0	0.0	0.0	0.0
20253	HGSV_17222	14	2	0.0	0.0	0.0
20254	HGSV_17261	14	1	0.0	0.0	0.0
20255	HGSV_17262	14	0	0.0	0.0	0.0
20256	HGSV_17417	14	0	0.0	0.0	0.0
20257	HGSV_17652	14	0	0.0	0.0	0.0
20258	HGSV_17710	14	0	0.0	0.0	0.0
20259	HGSV_17866	14	2	0.001	0.001	0.001
20260	HGSV_17983	14	1	0.0	0.0	0.0
20261	HGSV_18004	14	0	0.0	0.0	0.0
20262	HGSV_1815	14	0	0.0	0.0	0.0
20263	HGSV_18200	14	0	0.0	0.0	0.0
20264	HGSV_18336	14	1	0.0	0.0	0.0
20265	HGSV_18346	14	0	0.0	0.0	0.0
20266	HGSV_18450	14	0	0.0	0.0	0.0
20267	HGSV_18554	14	0	0.999	0.999	0.0
20268	HGSV_18556	14	4	0.0	0.0	0.0
20269	HGSV_18669	14	0	0.002	0.002	0.0
20270	HGSV_18700	14	1	0.003	0.003	0.0
20271	HGSV_18946	14	4	0.004	0.004	0.0
20272	HGSV_19005	14	0	0.0	0.0	0.0
20273	HGSV_19036	14	0	0.0	0.0	0.0
20274	HGSV_19068	14	0	0.001	0.001	0.0
20275	HGSV_19100	14	0	1.0	1.0	0.0
20276	HGSV_19185	14	1	0.0	0.0	0.0
20277	HGSV_19220	14	0	0.0	0.0	0.0
20278	HGSV_19261	14	0	0.0	0.0	0.0
20279	HGSV_19294	14	0	0.0	0.0	0.0
20280	HGSV_19315	14	3	0.004	0.004	0.004
20281	HGSV_19534	14	0	0.0	0.0	0.0
20282	HGSV_19602	14	0	0.001	0.001	0.0
20283	HGSV_2036	14	0	0.0	0.0	0.0
20284	HGSV_2156	14	0	0.003	0.003	0.0
20285	HGSV_2208	14	0	0.0	0.0	0.0
20286	HGSV_2337	14	0	0.0	0.0	0.0
20287	HGSV_2351	14	0	0.0	0.0	0.0
20288	HGSV_2432	14	0	0.0	0.0	0.0
20289	HGSV_259	14	0	0.0	0.0	0.0
20290	HGSV_2707	14	0	0.0	0.0	0.0
20291	HGSV_2791	14	0	0.0	0.0	0.0
20292	HGSV_2796	14	0	0.0	0.0	0.0
20293	HGSV_2843	14	0	0.0	0.0	0.0
20294	HGSV_2902	14	0	0.0	0.0	0.0
20295	HGSV_2976	14	0	0.0	0.0	0.0
20296	HGSV_2985	14	0	0.0	0.0	0.0
20297	HGSV_309	14	1	0.0	0.0	0.0
20298	HGSV_3127	14	0	0.0	0.0	0.0
20299	HGSV_3138	14	0	0.0	0.0	0.0
20300	HGSV_3178	14	3	0.003	0.003	0.0
20301	HGSV_3498	14	0	0.0	0.0	0.0
20302	HGSV_3508	14	1	0.0	0.0	0.0
20303	HGSV_3527	14	1	0.0	0.0	0.0
20304	HGSV_3550	14	0	0.0	0.0	0.0
20305	HGSV_3671	14	0	0.0	0.0	0.0
20306	HGSV_3758	14	1	0.0	0.0	0.0
20307	HGSV_3772	14	0	0.0	0.0	0.0
20308	HGSV_3776	14	0	0.0	0.0	0.0
20309	HGSV_3819	14	0	0.0	0.0	0.0
20310	HGSV_3862	14	0	0.0	0.0	0.0
20311	HGSV_3976	14	0	0.0	0.0	0.0
20312	HGSV_4042	14	0	0.0	0.0	0.0
20313	HGSV_4074	14	0	0.0	0.0	0.0
20314	HGSV_4110	14	0	0.0	0.0	0.0
20315	HGSV_420	14	0	0.0	0.0	0.0
20316	HGSV_4261	14	0	0.0	0.0	0.0
20317	HGSV_4266	14	0	0.0	0.0	0.0
20318	HGSV_428	14	0	0.0	0.0	0.0
20319	HGSV_4324	14	0	0.0	0.0	0.0
20320	HGSV_4439	14	0	0.01	0.0	0.0
20321	HGSV_4756	14	0	0.001	0.001	0.0
20322	HGSV_4790	14	0	0.002	0.002	0.0
20323	HGSV_4824	14	0	0.0	0.0	0.0
20324	HGSV_4835	14	0	0.0	0.0	0.0
20325	HGSV_4857	14	1	0.001	0.001	0.0
20326	HGSV_4865	14	0	0.0	0.0	0.0
20327	HGSV_4884	14	0	0.0	0.0	0.0
20328	HGSV_4944	14	0	0.0	0.0	0.0
20329	HGSV_4978	14	0	0.0	0.0	0.0
20330	HGSV_5061	14	0	0.0	0.0	0.0
20331	HGSV_5085	14	2	0.0	0.0	0.0
20332	HGSV_5187	14	0	0.002	0.002	0.0
20333	HGSV_520	14	0	0.0	0.0	0.0
20334	HGSV_5314	14	0	0.0	0.0	0.0
20335	HGSV_5460	14	1	0.0	0.0	0.0
20336	HGSV_5469	14	0	0.0	0.0	0.0
20337	HGSV_5506	14	0	0.0	0.0	0.0
20338	HGSV_5622	14	0	0.002	0.002	0.0
20339	HGSV_5701	14	1	0.0	0.0	0.0
20340	HGSV_5708	14	0	0.0	0.0	0.0
20341	HGSV_5854	14	1	0.0	0.0	0.0
20342	HGSV_5886	14	1	0.0	0.0	0.0
20343	HGSV_5981	14	0	0.0	0.0	0.0
20344	HGSV_60	14	0	0.0	0.0	0.0
20345	HGSV_6021	14	0	0.0	0.0	0.0
20346	HGSV_6084	14	1	0.0	0.0	0.0
20347	HGSV_6118	14	1	0.0	0.0	0.0
20348	HGSV_6247	14	0	0.0	0.0	0.0
20349	HGSV_6300	14	0	0.001	0.001	0.0
20350	HGSV_6384	14	0	0.0	0.0	0.0
20351	HGSV_6397	14	1	0.0	0.0	0.0
20352	HGSV_6411	14	0	0.0	0.0	0.0
20353	HGSV_6443	14	0	0.0	0.0	0.0
20354	HGSV_6526	14	1	0.0	0.0	0.0
20355	HGSV_6573	14	0	0.0	0.0	0.0
20356	HGSV_6581	14	0	0.002	0.002	0.0
20357	HGSV_6643	14	0	0.0	0.0	0.0
20358	HGSV_6681	14	3	0.001	0.001	0.0
20359	HGSV_6702	14	1	0.0	0.0	0.0
20360	HGSV_6746	14	0	1.0	1.0	0.0
20361	HGSV_6765	14	0	0.0	0.0	0.0
20362	HGSV_6768	14	1	0.001	0.001	0.0
20363	HGSV_6955	14	1	0.0	0.0	0.0
20364	HGSV_6967	14	0	0.0	0.0	0.0
20365	HGSV_7059	14	0	0.0	0.0	0.0
20366	HGSV_7097	14	0	0.0	0.0	0.0
20367	HGSV_7121	14	0	0.0	0.0	0.0
20368	HGSV_7233	14	0	0.0	0.0	0.0
20369	HGSV_7276	14	0	0.004	0.004	0.0
20370	HGSV_7296	14	1	0.0	0.0	0.0
20371	HGSV_7340	14	0	0.0	0.0	0.0
20372	HGSV_7382	14	1	0.002	0.002	0.0
20373	HGSV_7386	14	0	0.0	0.0	0.0
20374	HGSV_7443	14	1	0.0	0.0	0.0
20375	HGSV_7608	14	0	0.0	0.0	0.0
20376	HGSV_7655	14	0	0.0	0.0	0.0
20377	HGSV_7672	14	0	0.0	0.0	0.0
20378	HGSV_7698	14	0	0.004	0.004	0.0
20379	HGSV_8017	14	0	0.0	0.0	0.0
20380	HGSV_8050	14	0	0.0	0.0	0.0
20381	HGSV_8085	14	0	0.0	0.0	0.0
20382	HGSV_8248	14	0	0.002	0.002	0.0
20383	HGSV_8261	14	0	0.559	0.941	0.0
20384	HGSV_830	14	0	0.0	0.0	0.0
20385	HGSV_8323	14	0	0.0	0.0	0.0
20386	HGSV_8408	14	0	0.789	0.789	0.0
20387	HGSV_8423	14	0	0.0	0.0	0.0
20388	HGSV_8488	14	0	0.0	0.0	0.0
20389	HGSV_850	14	1	0.001	0.001	0.0
20390	HGSV_8530	14	0	0.0	0.0	0.0
20391	HGSV_8536	14	0	0.003	0.003	0.0
20392	HGSV_8549	14	1	0.999	0.999	0.0
20393	HGSV_8586	14	0	0.002	0.002	0.0
20394	HGSV_8626	14	0	0.0	0.0	0.0
20395	HGSV_8675	14	0	0.0	0.0	0.0
20396	HGSV_8679	14	0	0.003	0.003	0.0
20397	HGSV_8864	14	1	0.0	0.0	0.0
20398	HGSV_9008	14	0	0.0	0.0	0.0
20399	HGSV_901	14	0	0.0	0.0	0.0
20400	HGSV_9187	14	0	0.0	0.0	0.0
20401	HGSV_9239	14	0	0.003	0.003	0.0
20402	HGSV_9326	14	0	0.0	0.0	0.0
20403	HGSV_9332	14	0	0.0	0.0	0.0
20404	HGSV_9382	14	0	0.0	0.0	0.0
20405	HGSV_9438	14	0	0.0	0.0	0.0
20406	HGSV_9452	14	0	0.0	0.0	0.0
20407	HGSV_9496	14	1	0.0	0.0	0.0
20408	HGSV_9499	14	1	0.0	0.0	0.0
20409	HGSV_9510	14	1	0.0	0.0	0.0
20410	HGSV_9519	14	0	0.0	0.0	0.0
20411	HGSV_9588	14	0	0.0	0.0	0.0
20412	HGSV_9604	14	0	0.001	0.001	0.0
20413	HGSV_9676	14	0	0.0	0.0	0.0
20414	HGSV_9717	14	0	0.0	0.0	0.0
20415	HGSV_9751	14	0	0.0	0.0	0.0
20416	HGSV_9778	14	0	0.0	0.0	0.0
20417	HGSV_9859	14	0	0.0	0.0	0.0
20418	HGSV_9862	14	0	0.006	0.006	0.0
20419	HGSV_9970	14	0	0.0	0.0	0.0
20420	HGSV_10045	13	0	0.0	0.0	0.0
20421	HGSV_10100	13	0	0.001	0.001	0.001
20422	HGSV_10143	13	0	0.0	0.0	0.0
20423	HGSV_10156	13	1	0.0	0.0	0.0
20424	HGSV_10162	13	0	0.001	0.001	0.001
20425	HGSV_10188	13	0	0.0	0.0	0.0
20426	HGSV_10314	13	0	0.0	0.0	0.0
20427	HGSV_10410	13	0	0.0	0.0	0.0
20428	HGSV_10479	13	0	0.0	0.0	0.0
20429	HGSV_10519	13	0	0.0	0.0	0.0
20430	HGSV_10612	13	0	0.001	0.001	0.0
20431	HGSV_10641	13	0	0.0	0.0	0.0
20432	HGSV_10968	13	1	0.0	0.0	0.0
20433	HGSV_11247	13	0	0.0	0.0	0.0
20434	HGSV_11356	13	0	0.0	0.0	0.0
20435	HGSV_11420	13	3	0.002	0.002	0.0
20436	HGSV_11426	13	0	0.0	0.0	0.0
20437	HGSV_11440	13	0	0.001	0.001	0.0
20438	HGSV_11501	13	0	0.017	0.017	0.0
20439	HGSV_11621	13	1	0.103	0.103	0.0
20440	HGSV_11627	13	0	0.005	0.005	0.0
20441	HGSV_11677	13	0	0.0	0.0	0.0
20442	HGSV_11796	13	0	0.005	0.005	0.0
20443	HGSV_11859	13	0	0.0	0.0	0.0
20444	HGSV_11883	13	0	0.0	0.0	0.0
20445	HGSV_12069	13	2	0.002	0.002	0.0
20446	HGSV_121	13	1	0.0	0.0	0.0
20447	HGSV_1215	13	0	0.0	0.0	0.0
20448	HGSV_12154	13	0	0.0	0.0	0.0
20449	HGSV_12159	13	0	0.0	0.0	0.0
20450	HGSV_12234	13	0	0.0	0.0	0.0
20451	HGSV_12515	13	0	0.0	0.0	0.0
20452	HGSV_12533	13	0	0.0	0.0	0.0
20453	HGSV_12601	13	0	0.001	0.001	0.0
20454	HGSV_12685	13	0	0.0	0.0	0.0
20455	HGSV_12727	13	0	0.0	0.0	0.0
20456	HGSV_12765	13	1	0.002	0.002	0.0
20457	HGSV_12767	13	0	0.0	0.0	0.0
20458	HGSV_12876	13	0	0.001	0.001	0.0
20459	HGSV_12889	13	1	0.0	0.0	0.0
20460	HGSV_12938	13	0	0.001	0.001	0.0
20461	HGSV_12963	13	0	0.0	0.0	0.0
20462	HGSV_13043	13	0	0.001	0.001	0.0
20463	HGSV_13102	13	0	0.0	0.0	0.0
20464	HGSV_13126	13	0	0.0	0.0	0.0
20465	HGSV_1314	13	1	0.001	0.001	0.0
20466	HGSV_13302	13	1	0.006	0.006	0.0
20467	HGSV_13308	13	0	0.0	0.0	0.0
20468	HGSV_13326	13	0	0.0	0.0	0.0
20469	HGSV_13342	13	0	0.0	0.0	0.0
20470	HGSV_13369	13	0	0.002	0.002	0.002
20471	HGSV_13414	13	0	0.002	0.002	0.0
20472	HGSV_13469	13	1	0.001	0.001	0.0
20473	HGSV_13534	13	0	0.0	0.0	0.0
20474	HGSV_13557	13	0	0.0	0.0	0.0
20475	HGSV_13570	13	0	0.0	0.0	0.0
20476	HGSV_1369	13	1	0.0	0.0	0.0
20477	HGSV_13742	13	0	0.0	0.0	0.0
20478	HGSV_13754	13	0	0.0	0.0	0.0
20479	HGSV_13831	13	0	0.0	0.0	0.0
20480	HGSV_13892	13	0	0.001	0.914	0.0
20481	HGSV_13923	13	0	0.0	0.0	0.0
20482	HGSV_13977	13	0	0.0	0.0	0.0
20483	HGSV_13984	13	0	0.0	0.0	0.0
20484	HGSV_14018	13	1	0.0	0.0	0.0
20485	HGSV_14059	13	0	0.006	0.006	0.0
20486	HGSV_14229	13	0	0.0	0.0	0.0
20487	HGSV_14302	13	0	0.491	0.491	0.0
20488	HGSV_143416	13	0	0.0	0.0	0.0
20489	HGSV_143422	13	0	0.0	0.0	0.0
20490	HGSV_143439	13	4	0.0	0.0	0.0
20491	HGSV_143525	13	0	0.0	0.0	0.0
20492	HGSV_143621	13	0	0.0	0.0	0.0
20493	HGSV_143660	13	5	0.005	0.005	0.005
20494	HGSV_143976	13	0	0.0	0.0	0.0
20495	HGSV_143980	13	0	0.99	0.99	0.0
20496	HGSV_144020	13	1	0.003	0.0	0.0
20497	HGSV_144079	13	0	0.0	0.0	0.0
20498	HGSV_144086	13	1	0.0	0.0	0.0
20499	HGSV_144090	13	0	0.0	0.0	0.0
20500	HGSV_14415	13	0	0.0	0.0	0.0
20501	HGSV_144219	13	0	0.0	0.0	0.0
20502	HGSV_144272	13	0	0.0	0.0	0.0
20503	HGSV_144300	13	1	0.0	0.0	0.0
20504	HGSV_144334	13	0	0.949	0.949	0.0
20505	HGSV_144473	13	0	0.0	0.0	0.0
20506	HGSV_144505	13	0	0.0	0.0	0.0
20507	HGSV_144506	13	0	0.0	0.0	0.0
20508	HGSV_14453	13	1	0.0	0.0	0.0
20509	HGSV_14455	13	0	0.0	0.0	0.0
20510	HGSV_14474	13	0	0.0	0.0	0.0
20511	HGSV_144847	13	0	0.0	0.0	0.0
20512	HGSV_144880	13	0	0.224	0.305	0.0
20513	HGSV_144940	13	0	0.0	0.0	0.0
20514	HGSV_144978	13	3	0.0	0.0	0.0
20515	HGSV_145003	13	1	0.0	0.0	0.0
20516	HGSV_145228	13	0	0.0	0.0	0.0
20517	HGSV_145239	13	1	0.0	0.0	0.0
20518	HGSV_145250	13	0	0.0	0.0	0.0
20519	HGSV_145282	13	0	0.002	0.002	0.0
20520	HGSV_14535	13	3	0.002	0.002	0.0
20521	HGSV_145356	13	0	0.0	0.0	0.0
20522	HGSV_145494	13	0	0.002	0.002	0.0
20523	HGSV_145573	13	0	0.0	0.0	0.0
20524	HGSV_145594	13	0	0.0	0.0	0.0
20525	HGSV_145708	13	0	0.0	0.0	0.0
20526	HGSV_145713	13	0	0.001	0.001	0.0
20527	HGSV_145808	13	0	0.0	0.0	0.0
20528	HGSV_145833	13	0	0.0	0.0	0.0
20529	HGSV_145840	13	3	0.004	0.004	0.004
20530	HGSV_145858	13	0	0.0	0.0	0.0
20531	HGSV_145978	13	0	0.0	0.0	0.0
20532	HGSV_146033	13	0	0.0	0.0	0.0
20533	HGSV_146050	13	0	0.0	0.0	0.0
20534	HGSV_146167	13	0	0.0	0.0	0.0
20535	HGSV_146202	13	0	0.001	0.001	0.0
20536	HGSV_146265	13	0	0.0	0.0	0.0
20537	HGSV_146399	13	0	0.0	0.0	0.0
20538	HGSV_146464	13	0	0.0	0.0	0.0
20539	HGSV_146547	13	0	0.0	0.0	0.0
20540	HGSV_146621	13	0	0.0	0.0	0.0
20541	HGSV_146691	13	0	0.0	0.0	0.0
20542	HGSV_146783	13	5	0.002	0.002	0.0
20543	HGSV_146864	13	1	0.0	0.0	0.0
20544	HGSV_146876	13	0	0.0	0.0	0.0
20545	HGSV_147034	13	0	0.0	0.0	0.0
20546	HGSV_147168	13	0	0.0	0.0	0.0
20547	HGSV_147184	13	1	0.006	0.006	0.006
20548	HGSV_147245	13	1	0.0	0.0	0.0
20549	HGSV_147321	13	1	0.0	0.0	0.0
20550	HGSV_147364	13	0	0.0	0.0	0.0
20551	HGSV_147441	13	0	0.0	0.0	0.0
20552	HGSV_147481	13	1	0.0	0.0	0.0
20553	HGSV_147499	13	0	0.0	0.0	0.0
20554	HGSV_147657	13	1	0.0	0.0	0.0
20555	HGSV_147659	13	0	0.0	0.0	0.0
20556	HGSV_147941	13	0	0.0	0.0	0.0
20557	HGSV_147969	13	1	0.005	0.005	0.0
20558	HGSV_148024	13	0	0.0	0.0	0.0
20559	HGSV_148076	13	1	0.0	0.0	0.0
20560	HGSV_148086	13	0	0.0	0.0	0.0
20561	HGSV_148099	13	0	0.0	0.0	0.0
20562	HGSV_148133	13	2	0.0	0.0	0.0
20563	HGSV_148166	13	0	0.0	0.0	0.0
20564	HGSV_148247	13	0	0.001	0.001	0.001
20565	HGSV_148253	13	0	0.0	0.0	0.0
20566	HGSV_148318	13	2	0.001	0.001	0.0
20567	HGSV_148349	13	1	0.001	0.001	0.0
20568	HGSV_148378	13	0	0.0	0.0	0.0
20569	HGSV_148414	13	2	0.001	0.001	0.001
20570	HGSV_148448	13	0	0.0	0.0	0.0
20571	HGSV_148472	13	0	0.001	0.001	0.0
20572	HGSV_148497	13	0	0.0	0.0	0.0
20573	HGSV_148501	13	1	0.416	0.416	0.416
20574	HGSV_148526	13	1	0.002	0.002	0.0
20575	HGSV_148559	13	0	0.0	0.0	0.0
20576	HGSV_148672	13	1	0.0	0.0	0.0
20577	HGSV_148709	13	0	0.0	0.0	0.0
20578	HGSV_148788	13	0	0.0	0.0	0.0
20579	HGSV_148801	13	0	0.0	0.0	0.0
20580	HGSV_148827	13	0	0.0	0.0	0.0
20581	HGSV_148855	13	0	0.0	0.0	0.0
20582	HGSV_148946	13	0	0.0	0.0	0.0
20583	HGSV_149076	13	1	0.001	0.001	0.0
20584	HGSV_149274	13	0	0.0	0.0	0.0
20585	HGSV_149391	13	0	0.0	0.0	0.0
20586	HGSV_149446	13	0	0.0	0.0	0.0
20587	HGSV_149458	13	0	0.0	0.0	0.0
20588	HGSV_14977	13	0	0.0	0.0	0.0
20589	HGSV_149784	13	0	0.0	0.0	0.0
20590	HGSV_14982	13	0	0.0	0.0	0.0
20591	HGSV_149849	13	0	0.001	0.0	0.0
20592	HGSV_1499	13	1	0.0	0.0	0.0
20593	HGSV_150060	13	0	0.0	0.0	0.0
20594	HGSV_15014	13	0	0.996	0.996	0.0
20595	HGSV_150142	13	0	0.0	0.0	0.0
20596	HGSV_150200	13	0	0.002	0.002	0.0
20597	HGSV_150284	13	1	0.0	0.0	0.0
20598	HGSV_150294	13	0	0.0	0.0	0.0
20599	HGSV_150395	13	0	0.0	0.0	0.0
20600	HGSV_150513	13	0	0.017	0.0	0.0
20601	HGSV_150539	13	0	0.0	0.0	0.0
20602	HGSV_150588	13	0	0.0	0.0	0.0
20603	HGSV_150653	13	1	0.0	0.0	0.0
20604	HGSV_150774	13	0	0.0	0.0	0.0
20605	HGSV_150785	13	2	0.003	0.003	0.0
20606	HGSV_150899	13	0	0.0	0.0	0.0
20607	HGSV_151100	13	0	0.0	0.0	0.0
20608	HGSV_151165	13	0	0.0	0.0	0.0
20609	HGSV_151182	13	1	0.0	0.0	0.0
20610	HGSV_151309	13	0	0.0	0.0	0.0
20611	HGSV_151424	13	0	0.0	0.0	0.0
20612	HGSV_151442	13	0	0.0	0.0	0.0
20613	HGSV_151445	13	0	0.0	0.0	0.0
20614	HGSV_151533	13	0	0.0	0.0	0.0
20615	HGSV_151551	13	0	0.0	0.0	0.0
20616	HGSV_151568	13	0	0.0	0.0	0.0
20617	HGSV_151635	13	0	0.002	0.0	0.0
20618	HGSV_151672	13	0	0.0	0.0	0.0
20619	HGSV_151688	13	0	0.0	0.0	0.0
20620	HGSV_151729	13	0	0.007	0.007	0.0
20621	HGSV_151740	13	0	0.0	0.0	0.0
20622	HGSV_15174	13	1	0.0	0.0	0.0
20623	HGSV_15194	13	0	0.814	0.814	0.0
20624	HGSV_152030	13	0	0.0	0.0	0.0
20625	HGSV_152065	13	0	0.0	0.0	0.0
20626	HGSV_152131	13	1	0.003	0.0	0.0
20627	HGSV_152144	13	0	0.0	0.0	0.0
20628	HGSV_152214	13	0	0.0	0.0	0.0
20629	HGSV_152258	13	1	0.0	0.0	0.0
20630	HGSV_152293	13	0	0.0	0.0	0.0
20631	HGSV_152319	13	0	0.0	0.0	0.0
20632	HGSV_152359	13	2	0.0	0.0	0.0
20633	HGSV_152437	13	0	0.0	0.0	0.0
20634	HGSV_152476	13	0	0.0	0.0	0.0
20635	HGSV_152487	13	0	0.005	0.0	0.0
20636	HGSV_152565	13	0	0.0	0.0	0.0
20637	HGSV_152586	13	0	0.0	0.0	0.0
20638	HGSV_152675	13	0	0.0	0.0	0.0
20639	HGSV_152687	13	2	0.0	0.0	0.0
20640	HGSV_15271	13	0	0.0	0.0	0.0
20641	HGSV_152794	13	0	0.0	0.0	0.0
20642	HGSV_152865	13	0	0.0	0.0	0.0
20643	HGSV_152949	13	0	0.0	0.0	0.0
20644	HGSV_152961	13	1	0.0	0.0	0.0
20645	HGSV_152988	13	5	0.0	0.0	0.0
20646	HGSV_153011	13	0	0.0	0.0	0.0
20647	HGSV_153034	13	0	0.0	0.0	0.0
20648	HGSV_15305	13	1	0.0	0.0	0.0
20649	HGSV_153146	13	0	0.0	0.0	0.0
20650	HGSV_153272	13	0	0.0	0.0	0.0
20651	HGSV_15338	13	0	0.0	0.0	0.0
20652	HGSV_153401	13	1	0.0	0.0	0.0
20653	HGSV_153415	13	0	0.0	0.0	0.0
20654	HGSV_153481	13	0	0.002	0.002	0.0
20655	HGSV_153678	13	0	0.0	0.0	0.0
20656	HGSV_153729	13	0	0.566	0.566	0.0
20657	HGSV_153740	13	1	0.002	0.002	0.002
20658	HGSV_153797	13	0	0.0	0.0	0.0
20659	HGSV_153901	13	0	0.0	0.0	0.0
20660	HGSV_153943	13	0	0.009	0.009	0.0
20661	HGSV_154003	13	0	0.001	0.001	0.0
20662	HGSV_154016	13	1	0.001	0.001	0.0
20663	HGSV_154053	13	3	0.004	0.004	0.0
20664	HGSV_154117	13	0	0.0	0.0	0.0
20665	HGSV_154294	13	0	0.0	0.0	0.0
20666	HGSV_154302	13	0	0.0	0.0	0.0
20667	HGSV_154330	13	1	0.001	0.0	0.0
20668	HGSV_154478	13	1	0.0	0.0	0.0
20669	HGSV_154640	13	0	0.001	0.001	0.0
20670	HGSV_154664	13	0	0.002	0.002	0.0
20671	HGSV_15485	13	0	0.0	0.0	0.0
20672	HGSV_155047	13	2	0.0	0.0	0.0
20673	HGSV_155213	13	1	0.0	0.0	0.0
20674	HGSV_155280	13	0	0.0	0.0	0.0
20675	HGSV_15545	13	0	0.0	0.0	0.0
20676	HGSV_15549	13	1	0.004	0.004	0.004
20677	HGSV_155596	13	0	0.0	0.0	0.0
20678	HGSV_155634	13	0	0.0	0.0	0.0
20679	HGSV_155731	13	0	0.0	0.0	0.0
20680	HGSV_155738	13	1	0.0	0.0	0.0
20681	HGSV_155794	13	1	0.0	0.0	0.0
20682	HGSV_155812	13	1	0.645	0.961	0.0
20683	HGSV_155926	13	0	0.0	0.0	0.0
20684	HGSV_156088	13	0	0.001	0.001	0.0
20685	HGSV_156098	13	0	0.0	0.0	0.0
20686	HGSV_156223	13	0	0.0	0.0	0.0
20687	HGSV_156285	13	0	0.0	0.0	0.0
20688	HGSV_156349	13	0	0.0	0.0	0.0
20689	HGSV_156424	13	1	0.0	0.0	0.0
20690	HGSV_15651	13	0	0.0	0.0	0.0
20691	HGSV_156780	13	0	0.0	0.0	0.0
20692	HGSV_156917	13	0	0.0	0.0	0.0
20693	HGSV_156955	13	0	0.002	0.002	0.0
20694	HGSV_157101	13	1	0.003	0.003	0.0
20695	HGSV_157110	13	0	0.834	0.987	0.0
20696	HGSV_157132	13	0	0.902	0.902	0.0
20697	HGSV_157259	13	1	0.001	0.001	0.001
20698	HGSV_157292	13	0	0.0	0.0	0.0
20699	HGSV_157318	13	0	0.0	0.0	0.0
20700	HGSV_15738	13	2	0.0	0.0	0.0
20701	HGSV_157408	13	1	0.0	0.0	0.0
20702	HGSV_15752	13	0	0.0	0.0	0.0
20703	HGSV_157590	13	0	0.0	0.0	0.0
20704	HGSV_157655	13	6	0.006	0.0	0.0
20705	HGSV_157687	13	4	0.012	0.012	0.0
20706	HGSV_15769	13	0	0.001	0.001	0.0
20707	HGSV_157716	13	0	0.0	0.0	0.0
20708	HGSV_15773	13	0	0.0	0.0	0.0
20709	HGSV_157750	13	0	0.665	0.665	0.0
20710	HGSV_157797	13	0	0.0	0.0	0.0
20711	HGSV_157868	13	1	0.001	0.001	0.0
20712	HGSV_157896	13	0	0.0	0.0	0.0
20713	HGSV_158003	13	1	0.0	0.0	0.0
20714	HGSV_158100	13	0	0.0	0.0	0.0
20715	HGSV_15814	13	2	0.002	0.002	0.002
20716	HGSV_158166	13	0	0.0	0.0	0.0
20717	HGSV_158183	13	3	0.0	0.0	0.0
20718	HGSV_158285	13	0	0.0	0.0	0.0
20719	HGSV_158287	13	0	0.0	0.0	0.0
20720	HGSV_15830	13	0	0.0	0.0	0.0
20721	HGSV_158463	13	0	0.0	0.0	0.0
20722	HGSV_158470	13	0	0.0	0.0	0.0
20723	HGSV_158485	13	2	0.0	0.0	0.0
20724	HGSV_158601	13	1	0.001	0.001	0.001
20725	HGSV_158802	13	1	0.0	0.0	0.0
20726	HGSV_158956	13	0	0.0	0.0	0.0
20727	HGSV_158969	13	1	0.0	0.0	0.0
20728	HGSV_16021	13	0	0.001	0.001	0.0
20729	HGSV_16122	13	0	0.0	0.0	0.0
20730	HGSV_1615	13	0	0.0	0.0	0.0
20731	HGSV_1618	13	2	0.863	0.971	0.0
20732	HGSV_16205	13	0	0.846	0.846	0.0
20733	HGSV_16250	13	0	0.0	0.0	0.0
20734	HGSV_16346	13	0	0.0	0.0	0.0
20735	HGSV_16351	13	1	0.0	0.0	0.0
20736	HGSV_16369	13	0	0.0	0.0	0.0
20737	HGSV_16379	13	0	0.0	0.0	0.0
20738	HGSV_16396	13	0	0.0	0.0	0.0
20739	HGSV_16420	13	0	0.001	0.001	0.0
20740	HGSV_16434	13	0	0.0	0.0	0.0
20741	HGSV_16438	13	0	0.0	0.0	0.0
20742	HGSV_16481	13	1	0.003	0.003	0.0
20743	HGSV_16548	13	0	0.0	0.0	0.0
20744	HGSV_16567	13	1	0.0	0.0	0.0
20745	HGSV_16571	13	5	0.0	0.0	0.0
20746	HGSV_16643	13	0	0.0	0.0	0.0
20747	HGSV_16653	13	1	0.0	0.0	0.0
20748	HGSV_16722	13	0	0.0	0.0	0.0
20749	HGSV_16771	13	1	0.005	0.005	0.0
20750	HGSV_16772	13	0	0.0	0.0	0.0
20751	HGSV_16793	13	0	0.001	0.001	0.0
20752	HGSV_16795	13	0	0.0	0.0	0.0
20753	HGSV_17028	13	0	0.001	0.001	0.0
20754	HGSV_17038	13	1	0.022	0.022	0.0
20755	HGSV_17132	13	0	0.001	0.0	0.0
20756	HGSV_17402	13	2	0.0	0.0	0.0
20757	HGSV_17436	13	0	0.0	0.0	0.0
20758	HGSV_17507	13	0	0.0	0.0	0.0
20759	HGSV_17605	13	0	0.0	0.0	0.0
20760	HGSV_17692	13	0	0.0	0.0	0.0
20761	HGSV_17697	13	0	0.0	0.0	0.0
20762	HGSV_17724	13	1	0.0	0.0	0.0
20763	HGSV_17764	13	0	0.0	0.0	0.0
20764	HGSV_17842	13	0	0.0	0.0	0.0
20765	HGSV_17892	13	0	0.0	0.0	0.0
20766	HGSV_17901	13	0	0.0	0.0	0.0
20767	HGSV_17962	13	0	0.0	0.0	0.0
20768	HGSV_17963	13	0	0.0	0.0	0.0
20769	HGSV_17970	13	1	0.0	0.0	0.0
20770	HGSV_18164	13	0	0.0	0.0	0.0
20771	HGSV_18197	13	0	0.0	0.0	0.0
20772	HGSV_18261	13	0	0.0	0.0	0.0
20773	HGSV_18379	13	0	0.0	0.0	0.0
20774	HGSV_18765	13	0	0.0	0.0	0.0
20775	HGSV_18800	13	0	0.0	0.0	0.0
20776	HGSV_18861	13	0	0.0	0.0	0.0
20777	HGSV_18950	13	0	0.0	0.0	0.0
20778	HGSV_18959	13	0	0.0	0.0	0.0
20779	HGSV_19148	13	0	0.0	0.0	0.0
20780	HGSV_19277	13	1	0.0	0.0	0.0
20781	HGSV_19311	13	1	0.0	0.0	0.0
20782	HGSV_19416	13	0	0.0	0.0	0.0
20783	HGSV_19450	13	0	0.0	0.0	0.0
20784	HGSV_1945	13	0	0.0	0.0	0.0
20785	HGSV_19490	13	0	0.0	0.0	0.0
20786	HGSV_1951	13	0	0.0	0.0	0.0
20787	HGSV_19528	13	0	0.0	0.0	0.0
20788	HGSV_19567	13	0	0.001	0.001	0.0
20789	HGSV_19593	13	0	0.0	0.0	0.0
20790	HGSV_19604	13	0	0.0	0.0	0.0
20791	HGSV_1998	13	3	0.0	0.0	0.0
20792	HGSV_2011	13	0	0.004	0.004	0.0
20793	HGSV_2247	13	2	0.003	0.003	0.003
20794	HGSV_2409	13	0	0.001	0.001	0.0
20795	HGSV_2454	13	0	0.0	0.0	0.0
20796	HGSV_2660	13	0	0.0	0.0	0.0
20797	HGSV_2737	13	1	0.0	0.0	0.0
20798	HGSV_2766	13	0	0.0	0.0	0.0
20799	HGSV_2839	13	0	0.001	0.001	0.0
20800	HGSV_2919	13	1	0.0	0.0	0.0
20801	HGSV_2933	13	1	0.0	0.0	0.0
20802	HGSV_2974	13	0	0.0	0.0	0.0
20803	HGSV_3223	13	0	0.0	0.0	0.0
20804	HGSV_3264	13	0	0.0	0.0	0.0
20805	HGSV_3303	13	0	0.0	0.0	0.0
20806	HGSV_339	13	0	0.917	0.0	0.0
20807	HGSV_3536	13	0	0.004	0.004	0.0
20808	HGSV_3601	13	0	0.0	0.0	0.0
20809	HGSV_3645	13	0	0.0	0.0	0.0
20810	HGSV_3848	13	1	0.0	0.0	0.0
20811	HGSV_4023	13	0	0.0	0.0	0.0
20812	HGSV_4158	13	0	0.0	0.0	0.0
20813	HGSV_4179	13	1	0.0	0.0	0.0
20814	HGSV_4223	13	0	0.0	0.0	0.0
20815	HGSV_4330	13	1	0.0	0.0	0.0
20816	HGSV_4469	13	0	0.0	0.0	0.0
20817	HGSV_4568	13	0	0.001	0.001	0.0
20818	HGSV_4666	13	1	0.001	0.001	0.0
20819	HGSV_4692	13	3	0.0	0.0	0.0
20820	HGSV_4766	13	2	0.0	0.0	0.0
20821	HGSV_4794	13	0	0.001	0.001	0.0
20822	HGSV_4801	13	1	0.0	0.0	0.0
20823	HGSV_4807	13	5	0.004	0.004	0.004
20824	HGSV_4810	13	0	0.0	0.0	0.0
20825	HGSV_4833	13	0	0.0	0.0	0.0
20826	HGSV_4934	13	1	0.0	0.0	0.0
20827	HGSV_510	13	1	0.0	0.0	0.0
20828	HGSV_5203	13	0	0.0	0.0	0.0
20829	HGSV_5204	13	2	0.0	0.0	0.0
20830	HGSV_5342	13	0	0.0	0.0	0.0
20831	HGSV_5349	13	0	0.0	0.0	0.0
20832	HGSV_5497	13	0	0.009	0.0	0.0
20833	HGSV_5612	13	0	0.0	0.0	0.0
20834	HGSV_5636	13	0	0.0	0.0	0.0
20835	HGSV_5650	13	0	0.0	0.0	0.0
20836	HGSV_5680	13	0	0.0	0.0	0.0
20837	HGSV_5705	13	0	0.0	0.0	0.0
20838	HGSV_5725	13	0	0.0	0.0	0.0
20839	HGSV_5751	13	0	0.0	0.0	0.0
20840	HGSV_5813	13	0	0.0	0.0	0.0
20841	HGSV_5850	13	0	0.0	0.0	0.0
20842	HGSV_5852	13	0	0.0	0.0	0.0
20843	HGSV_5875	13	1	0.0	0.0	0.0
20844	HGSV_5963	13	0	0.0	0.0	0.0
20845	HGSV_6105	13	0	0.0	0.0	0.0
20846	HGSV_6140	13	0	0.0	0.0	0.0
20847	HGSV_6293	13	0	0.0	0.0	0.0
20848	HGSV_6413	13	0	0.0	0.0	0.0
20849	HGSV_6496	13	2	0.0	0.0	0.0
20850	HGSV_6530	13	0	0.0	0.0	0.0
20851	HGSV_6577	13	1	0.001	0.0	0.0
20852	HGSV_6608	13	5	0.0	0.0	0.0
20853	HGSV_6728	13	0	0.001	0.001	0.0
20854	HGSV_674	13	5	0.0	0.0	0.0
20855	HGSV_6754	13	1	0.0	0.0	0.0
20856	HGSV_6774	13	0	0.0	0.0	0.0
20857	HGSV_6831	13	0	0.002	0.002	0.0
20858	HGSV_6860	13	0	0.001	0.001	0.001
20859	HGSV_6873	13	0	0.0	0.0	0.0
20860	HGSV_6882	13	0	0.0	0.0	0.0
20861	HGSV_6986	13	0	0.001	0.001	0.0
20862	HGSV_7028	13	0	0.0	0.0	0.0
20863	HGSV_7066	13	0	0.001	0.001	0.0
20864	HGSV_7078	13	1	0.0	0.0	0.0
20865	HGSV_710	13	0	0.0	0.0	0.0
20866	HGSV_7112	13	0	0.0	0.0	0.0
20867	HGSV_7114	13	1	0.0	0.0	0.0
20868	HGSV_7171	13	0	0.0	0.0	0.0
20869	HGSV_7197	13	1	0.0	0.0	0.0
20870	HGSV_7438	13	0	0.0	0.0	0.0
20871	HGSV_7501	13	0	0.0	0.0	0.0
20872	HGSV_7533	13	0	0.0	0.0	0.0
20873	HGSV_7647	13	0	0.001	0.001	0.0
20874	HGSV_7688	13	0	0.0	0.0	0.0
20875	HGSV_7743	13	0	0.0	0.0	0.0
20876	HGSV_7781	13	0	0.0	0.0	0.0
20877	HGSV_7826	13	2	0.001	0.001	0.0
20878	HGSV_7857	13	0	0.0	0.0	0.0
20879	HGSV_7946	13	0	0.0	0.0	0.0
20880	HGSV_8065	13	0	0.0	0.0	0.0
20881	HGSV_8226	13	0	0.003	0.003	0.0
20882	HGSV_8345	13	0	0.0	0.0	0.0
20883	HGSV_8504	13	0	0.004	0.004	0.0
20884	HGSV_8508	13	0	0.0	0.0	0.0
20885	HGSV_8516	13	0	0.0	0.0	0.0
20886	HGSV_8544	13	0	0.0	0.0	0.0
20887	HGSV_8560	13	0	0.002	0.0	0.0
20888	HGSV_8654	13	2	0.002	0.002	0.0
20889	HGSV_8701	13	0	0.0	0.0	0.0
20890	HGSV_8788	13	0	0.0	0.0	0.0
20891	HGSV_8805	13	0	0.0	0.0	0.0
20892	HGSV_8813	13	0	0.0	0.0	0.0
20893	HGSV_8820	13	0	0.0	0.0	0.0
20894	HGSV_8828	13	0	0.001	0.001	0.0
20895	HGSV_8856	13	1	0.0	0.0	0.0
20896	HGSV_8876	13	0	0.0	0.0	0.0
20897	HGSV_8953	13	1	0.0	0.0	0.0
20898	HGSV_899	13	1	0.0	0.0	0.0
20899	HGSV_9024	13	0	0.0	0.0	0.0
20900	HGSV_9047	13	0	0.0	0.0	0.0
20901	HGSV_9249	13	1	0.998	0.0	0.0
20902	HGSV_9250	13	0	0.0	0.0	0.0
20903	HGSV_9681	13	2	0.0	0.0	0.0
20904	HGSV_9733	13	0	0.0	0.0	0.0
20905	HGSV_9758	13	0	0.0	0.0	0.0
20906	HGSV_9811	13	1	0.0	0.0	0.0
20907	HGSV_9872	13	0	0.0	0.0	0.0
20908	HGSV_10132	12	0	0.0	0.0	0.0
20909	HGSV_10136	12	5	0.002	0.002	0.002
20910	HGSV_10150	12	0	0.0	0.0	0.0
20911	HGSV_10166	12	0	0.0	0.0	0.0
20912	HGSV_10210	12	2	0.001	0.001	0.0
20913	HGSV_10221	12	0	0.033	0.033	0.033
20914	HGSV_10287	12	0	1.0	1.0	0.0
20915	HGSV_10324	12	0	0.0	0.0	0.0
20916	HGSV_10363	12	0	0.002	0.002	0.0
20917	HGSV_10398	12	0	0.0	0.0	0.0
20918	HGSV_10409	12	0	0.0	0.0	0.0
20919	HGSV_10425	12	0	0.0	0.0	0.0
20920	HGSV_10428	12	0	0.002	0.002	0.002
20921	HGSV_10639	12	1	0.003	0.003	0.0
20922	HGSV_10735	12	0	0.0	0.0	0.0
20923	HGSV_10940	12	0	0.0	0.0	0.0
20924	HGSV_10970	12	0	0.0	0.0	0.0
20925	HGSV_11308	12	0	0.0	0.0	0.0
20926	HGSV_11361	12	0	0.0	0.0	0.0
20927	HGSV_11397	12	0	0.0	0.0	0.0
20928	HGSV_11554	12	0	0.001	0.001	0.0
20929	HGSV_11593	12	0	0.0	0.0	0.0
20930	HGSV_11809	12	0	0.0	0.0	0.0
20931	HGSV_11816	12	0	0.0	0.0	0.0
20932	HGSV_11868	12	0	0.0	0.0	0.0
20933	HGSV_11880	12	1	0.999	0.999	0.0
20934	HGSV_11927	12	1	0.0	0.0	0.0
20935	HGSV_11935	12	0	0.0	0.0	0.0
20936	HGSV_11945	12	0	0.0	0.0	0.0
20937	HGSV_12037	12	0	0.0	0.0	0.0
20938	HGSV_12060	12	0	0.0	0.0	0.0
20939	HGSV_12140	12	0	0.0	0.0	0.0
20940	HGSV_12349	12	2	0.001	0.001	0.0
20941	HGSV_12356	12	0	0.0	0.0	0.0
20942	HGSV_12373	12	0	0.0	0.0	0.0
20943	HGSV_12457	12	0	0.969	0.969	0.0
20944	HGSV_12639	12	0	0.0	0.0	0.0
20945	HGSV_12937	12	0	0.0	0.0	0.0
20946	HGSV_12953	12	1	0.001	0.001	0.0
20947	HGSV_13010	12	0	0.494	0.494	0.0
20948	HGSV_13075	12	0	0.0	0.0	0.0
20949	HGSV_13148	12	0	0.0	0.0	0.0
20950	HGSV_13173	12	0	0.0	0.0	0.0
20951	HGSV_13177	12	0	0.002	0.0	0.0
20952	HGSV_13191	12	0	0.0	0.0	0.0
20953	HGSV_13210	12	0	0.0	0.0	0.0
20954	HGSV_13220	12	0	0.0	0.0	0.0
20955	HGSV_13225	12	2	0.002	0.002	0.0
20956	HGSV_13228	12	0	0.002	0.002	0.0
20957	HGSV_13281	12	0	0.44	0.44	0.0
20958	HGSV_13350	12	0	0.0	0.0	0.0
20959	HGSV_13357	12	0	0.0	0.0	0.0
20960	HGSV_13493	12	2	0.0	0.0	0.0
20961	HGSV_13577	12	0	0.001	0.001	0.0
20962	HGSV_13589	12	1	0.0	0.0	0.0
20963	HGSV_13626	12	1	0.0	0.0	0.0
20964	HGSV_13687	12	1	0.0	0.0	0.0
20965	HGSV_13746	12	1	0.0	0.0	0.0
20966	HGSV_13807	12	0	0.001	0.0	0.0
20967	HGSV_13842	12	0	0.0	0.0	0.0
20968	HGSV_13889	12	0	0.0	0.0	0.0
20969	HGSV_13936	12	0	0.0	0.0	0.0
20970	HGSV_14063	12	0	0.0	0.0	0.0
20971	HGSV_14117	12	0	0.0	0.0	0.0
20972	HGSV_14165	12	0	0.0	0.0	0.0
20973	HGSV_14183	12	0	0.0	0.0	0.0
20974	HGSV_14211	12	1	0.0	0.0	0.0
20975	HGSV_14283	12	0	0.0	0.0	0.0
20976	HGSV_14290	12	1	0.0	0.0	0.0
20977	HGSV_14339	12	0	0.005	0.0	0.0
20978	HGSV_143541	12	0	0.005	0.0	0.0
20979	HGSV_143736	12	0	0.0	0.0	0.0
20980	HGSV_143745	12	0	0.001	0.001	0.0
20981	HGSV_143890	12	0	0.0	0.0	0.0
20982	HGSV_143914	12	1	0.001	0.001	0.0
20983	HGSV_144067	12	0	0.0	0.0	0.0
20984	HGSV_144072	12	0	0.0	0.0	0.0
20985	HGSV_144162	12	0	0.001	0.0	0.0
20986	HGSV_144170	12	2	0.0	0.0	0.0
20987	HGSV_144207	12	0	0.0	0.0	0.0
20988	HGSV_144348	12	0	0.989	0.0	0.0
20989	HGSV_144382	12	1	0.001	0.001	0.0
20990	HGSV_144425	12	0	0.008	0.008	0.0
20991	HGSV_144546	12	0	0.928	0.971	0.0
20992	HGSV_144557	12	0	0.0	0.0	0.0
20993	HGSV_144696	12	1	0.0	0.0	0.0
20994	HGSV_144710	12	0	0.0	0.0	0.0
20995	HGSV_144959	12	0	0.0	0.0	0.0
20996	HGSV_145125	12	0	0.001	0.001	0.0
20997	HGSV_14526	12	0	0.0	0.0	0.0
20998	HGSV_145269	12	0	0.0	0.0	0.0
20999	HGSV_145310	12	1	0.0	0.0	0.0
21000	HGSV_145364	12	0	0.0	0.0	0.0
21001	HGSV_145423	12	0	0.004	0.004	0.0
21002	HGSV_145445	12	4	0.002	0.002	0.0
21003	HGSV_145487	12	0	0.002	0.002	0.0
21004	HGSV_145491	12	0	0.979	0.979	0.0
21005	HGSV_14553	12	0	0.0	0.0	0.0
21006	HGSV_145546	12	1	0.0	0.0	0.0
21007	HGSV_145556	12	0	0.996	0.996	0.0
21008	HGSV_145565	12	4	0.0	0.0	0.0
21009	HGSV_145806	12	0	0.0	0.0	0.0
21010	HGSV_145809	12	1	0.0	0.0	0.0
21011	HGSV_145911	12	0	0.0	0.0	0.0
21012	HGSV_146014	12	2	0.0	0.0	0.0
21013	HGSV_146021	12	0	0.0	0.0	0.0
21014	HGSV_146031	12	0	0.0	0.0	0.0
21015	HGSV_146049	12	0	0.932	0.932	0.0
21016	HGSV_146051	12	1	0.0	0.0	0.0
21017	HGSV_146126	12	0	0.001	0.001	0.0
21018	HGSV_146194	12	0	0.001	0.001	0.0
21019	HGSV_146259	12	0	0.0	0.0	0.0
21020	HGSV_146262	12	0	0.0	0.0	0.0
21021	HGSV_146346	12	0	0.0	0.0	0.0
21022	HGSV_146606	12	0	0.0	0.0	0.0
21023	HGSV_146632	12	0	0.0	0.0	0.0
21024	HGSV_146650	12	0	0.0	0.0	0.0
21025	HGSV_146711	12	1	0.001	0.001	0.001
21026	HGSV_146724	12	0	0.0	0.0	0.0
21027	HGSV_146778	12	0	0.0	0.0	0.0
21028	HGSV_14690	12	0	0.0	0.0	0.0
21029	HGSV_146976	12	0	0.004	0.004	0.0
21030	HGSV_147009	12	0	0.0	0.0	0.0
21031	HGSV_147064	12	1	0.0	0.0	0.0
21032	HGSV_14728	12	0	0.0	0.0	0.0
21033	HGSV_147363	12	0	0.006	0.0	0.0
21034	HGSV_147475	12	1	0.0	0.0	0.0
21035	HGSV_147508	12	9	0.006	0.006	0.006
21036	HGSV_147512	12	0	0.001	0.001	0.0
21037	HGSV_147619	12	1	0.0	0.0	0.0
21038	HGSV_147709	12	0	0.0	0.0	0.0
21039	HGSV_147985	12	0	0.0	0.0	0.0
21040	HGSV_148015	12	0	0.0	0.0	0.0
21041	HGSV_148063	12	0	0.002	0.002	0.0
21042	HGSV_148	12	0	0.0	0.0	0.0
21043	HGSV_148142	12	0	0.0	0.0	0.0
21044	HGSV_148158	12	0	0.0	0.0	0.0
21045	HGSV_1483	12	1	0.0	0.0	0.0
21046	HGSV_148330	12	0	0.0	0.0	0.0
21047	HGSV_148388	12	0	0.0	0.0	0.0
21048	HGSV_148436	12	0	0.0	0.0	0.0
21049	HGSV_148533	12	0	0.0	0.0	0.0
21050	HGSV_148552	12	1	0.001	0.001	0.0
21051	HGSV_148711	12	0	0.002	0.002	0.0
21052	HGSV_148754	12	2	0.0	0.0	0.0
21053	HGSV_148772	12	0	0.0	0.0	0.0
21054	HGSV_148857	12	0	0.0	0.0	0.0
21055	HGSV_148894	12	0	0.0	0.0	0.0
21056	HGSV_148932	12	1	0.0	0.0	0.0
21057	HGSV_148953	12	1	0.0	0.0	0.0
21058	HGSV_148955	12	0	0.0	0.0	0.0
21059	HGSV_148957	12	0	0.929	0.935	0.0
21060	HGSV_148991	12	0	0.0	0.0	0.0
21061	HGSV_149024	12	0	0.001	0.001	0.0
21062	HGSV_14906	12	0	0.0	0.0	0.0
21063	HGSV_149095	12	0	0.0	0.0	0.0
21064	HGSV_149109	12	0	0.0	0.0	0.0
21065	HGSV_14920	12	0	0.0	0.0	0.0
21066	HGSV_149320	12	0	0.0	0.0	0.0
21067	HGSV_149400	12	0	0.001	0.001	0.0
21068	HGSV_149401	12	1	0.0	0.0	0.0
21069	HGSV_149408	12	3	0.003	0.003	0.0
21070	HGSV_149453	12	1	0.002	0.002	0.0
21071	HGSV_149550	12	0	0.0	0.0	0.0
21072	HGSV_14956	12	0	0.023	0.023	0.0
21073	HGSV_149641	12	0	0.0	0.0	0.0
21074	HGSV_149752	12	0	0.0	0.0	0.0
21075	HGSV_149756	12	0	0.0	0.0	0.0
21076	HGSV_149782	12	0	0.0	0.0	0.0
21077	HGSV_149905	12	0	0.0	0.0	0.0
21078	HGSV_149920	12	0	0.0	0.0	0.0
21079	HGSV_149976	12	0	0.0	0.0	0.0
21080	HGSV_150023	12	1	0.0	0.0	0.0
21081	HGSV_150186	12	0	0.0	0.0	0.0
21082	HGSV_15032	12	0	0.221	0.221	0.0
21083	HGSV_150406	12	0	0.0	0.0	0.0
21084	HGSV_150477	12	0	0.001	0.001	0.0
21085	HGSV_150525	12	0	0.007	0.007	0.0
21086	HGSV_150609	12	4	0.0	0.0	0.0
21087	HGSV_150840	12	0	0.0	0.0	0.0
21088	HGSV_150939	12	0	0.739	0.739	0.0
21089	HGSV_150977	12	0	0.0	0.0	0.0
21090	HGSV_151298	12	0	0.0	0.0	0.0
21091	HGSV_151378	12	0	0.0	0.0	0.0
21092	HGSV_15155	12	0	0.0	0.0	0.0
21093	HGSV_151555	12	0	0.001	0.001	0.0
21094	HGSV_151718	12	0	0.0	0.0	0.0
21095	HGSV_151760	12	1	0.001	0.001	0.0
21096	HGSV_151781	12	1	0.0	0.0	0.0
21097	HGSV_151797	12	0	0.0	0.0	0.0
21098	HGSV_151852	12	0	0.024	0.024	0.0
21099	HGSV_151963	12	0	0.0	0.0	0.0
21100	HGSV_151972	12	0	0.0	0.0	0.0
21101	HGSV_152073	12	0	0.0	0.0	0.0
21102	HGSV_152116	12	0	0.0	0.0	0.0
21103	HGSV_15213	12	0	0.0	0.0	0.0
21104	HGSV_152215	12	0	0.001	0.001	0.0
21105	HGSV_152290	12	0	0.001	0.001	0.0
21106	HGSV_152300	12	1	0.614	0.614	0.0
21107	HGSV_152424	12	0	0.0	0.0	0.0
21108	HGSV_15246	12	0	0.0	0.0	0.0
21109	HGSV_152507	12	0	0.0	0.0	0.0
21110	HGSV_152694	12	0	0.0	0.0	0.0
21111	HGSV_152704	12	0	0.0	0.0	0.0
21112	HGSV_152705	12	0	0.0	0.0	0.0
21113	HGSV_152736	12	2	0.001	0.001	0.001
21114	HGSV_152744	12	0	0.0	0.0	0.0
21115	HGSV_152831	12	1	0.0	0.0	0.0
21116	HGSV_152867	12	0	0.0	0.0	0.0
21117	HGSV_15290	12	0	0.0	0.0	0.0
21118	HGSV_152995	12	0	0.0	0.0	0.0
21119	HGSV_153124	12	0	0.0	0.0	0.0
21120	HGSV_153193	12	0	0.0	0.0	0.0
21121	HGSV_153213	12	1	0.0	0.0	0.0
21122	HGSV_153269	12	0	0.363	0.363	0.0
21123	HGSV_15328	12	0	0.0	0.0	0.0
21124	HGSV_153327	12	0	0.0	0.0	0.0
21125	HGSV_153349	12	0	0.0	0.0	0.0
21126	HGSV_153636	12	0	0.0	0.0	0.0
21127	HGSV_153700	12	0	0.001	0.001	0.0
21128	HGSV_153889	12	0	0.0	0.0	0.0
21129	HGSV_153983	12	0	0.0	0.0	0.0
21130	HGSV_153994	12	0	0.0	0.0	0.0
21131	HGSV_154244	12	2	0.0	0.0	0.0
21132	HGSV_154354	12	1	0.0	0.0	0.0
21133	HGSV_154359	12	0	0.0	0.0	0.0
21134	HGSV_154490	12	0	0.0	0.0	0.0
21135	HGSV_154617	12	4	0.0	0.0	0.0
21136	HGSV_154699	12	0	0.0	0.0	0.0
21137	HGSV_154737	12	0	0.0	0.0	0.0
21138	HGSV_155054	12	1	0.0	0.0	0.0
21139	HGSV_155072	12	0	0.0	0.0	0.0
21140	HGSV_15537	12	3	0.001	0.001	0.0
21141	HGSV_155390	12	0	0.0	0.0	0.0
21142	HGSV_155646	12	1	0.0	0.0	0.0
21143	HGSV_15587	12	0	0.0	0.0	0.0
21144	HGSV_155956	12	1	0.0	0.0	0.0
21145	HGSV_156078	12	0	0.016	0.016	0.0
21146	HGSV_156135	12	0	0.0	0.0	0.0
21147	HGSV_156174	12	0	0.0	0.0	0.0
21148	HGSV_156193	12	0	0.0	0.0	0.0
21149	HGSV_156267	12	0	0.0	0.0	0.0
21150	HGSV_156347	12	0	0.0	0.0	0.0
21151	HGSV_156391	12	0	0.985	0.985	0.0
21152	HGSV_156447	12	1	0.0	0.0	0.0
21153	HGSV_156499	12	0	0.0	0.0	0.0
21154	HGSV_156681	12	0	0.0	0.0	0.0
21155	HGSV_156687	12	0	0.834	0.865	0.0
21156	HGSV_156731	12	0	0.0	0.0	0.0
21157	HGSV_156794	12	0	0.0	0.0	0.0
21158	HGSV_156820	12	0	0.985	0.985	0.0
21159	HGSV_156884	12	0	0.0	0.0	0.0
21160	HGSV_156977	12	0	0.0	0.0	0.0
21161	HGSV_157063	12	1	0.0	0.0	0.0
21162	HGSV_157097	12	1	0.001	0.0	0.0
21163	HGSV_15713	12	6	0.001	0.001	0.0
21164	HGSV_157134	12	0	0.0	0.0	0.0
21165	HGSV_157157	12	0	0.0	0.0	0.0
21166	HGSV_157166	12	0	0.0	0.0	0.0
21167	HGSV_15720	12	0	0.0	0.0	0.0
21168	HGSV_157305	12	3	0.004	0.004	0.0
21169	HGSV_157324	12	0	0.0	0.0	0.0
21170	HGSV_157383	12	0	0.0	0.0	0.0
21171	HGSV_157405	12	0	0.0	0.0	0.0
21172	HGSV_157414	12	0	0.0	0.0	0.0
21173	HGSV_157452	12	0	0.0	0.0	0.0
21174	HGSV_157550	12	0	0.0	0.0	0.0
21175	HGSV_157718	12	1	0.0	0.0	0.0
21176	HGSV_157766	12	0	0.0	0.0	0.0
21177	HGSV_15777	12	0	0.246	0.246	0.0
21178	HGSV_157821	12	1	0.004	0.004	0.0
21179	HGSV_157837	12	0	0.001	0.001	0.0
21180	HGSV_158014	12	0	0.0	0.0	0.0
21181	HGSV_158037	12	1	0.0	0.0	0.0
21182	HGSV_158040	12	0	0.0	0.0	0.0
21183	HGSV_158065	12	2	0.0	0.0	0.0
21184	HGSV_158132	12	6	0.0	0.0	0.0
21185	HGSV_158154	12	0	0.002	0.077	0.0
21186	HGSV_15816	12	0	0.0	0.0	0.0
21187	HGSV_158178	12	0	0.0	0.0	0.0
21188	HGSV_158261	12	0	0.0	0.0	0.0
21189	HGSV_158339	12	0	0.0	0.0	0.0
21190	HGSV_158383	12	0	0.001	0.001	0.0
21191	HGSV_158385	12	0	0.005	0.0	0.0
21192	HGSV_158619	12	0	0.264	0.264	0.0
21193	HGSV_158685	12	0	0.001	0.001	0.0
21194	HGSV_158711	12	1	0.0	0.0	0.0
21195	HGSV_158826	12	1	0.0	0.0	0.0
21196	HGSV_159013	12	0	0.0	0.0	0.0
21197	HGSV_159021	12	0	0.001	0.001	0.0
21198	HGSV_159077	12	0	0.0	0.0	0.0
21199	HGSV_159132	12	0	0.0	0.0	0.0
21200	HGSV_15934	12	0	0.0	0.0	0.0
21201	HGSV_15935	12	2	0.0	0.0	0.0
21202	HGSV_16037	12	0	0.0	0.0	0.0
21203	HGSV_16051	12	0	0.0	0.0	0.0
21204	HGSV_16166	12	0	0.0	0.0	0.0
21205	HGSV_16359	12	2	0.001	0.001	0.0
21206	HGSV_16430	12	0	0.001	0.001	0.0
21207	HGSV_16508	12	0	0.001	0.001	0.0
21208	HGSV_16595	12	0	0.0	0.0	0.0
21209	HGSV_16597	12	0	0.001	0.001	0.0
21210	HGSV_16628	12	0	0.999	0.999	0.999
21211	HGSV_16719	12	1	0.0	0.0	0.0
21212	HGSV_16784	12	0	0.0	0.0	0.0
21213	HGSV_16801	12	3	0.0	0.0	0.0
21214	HGSV_16940	12	0	0.998	0.998	0.0
21215	HGSV_16952	12	0	0.006	0.006	0.0
21216	HGSV_17020	12	0	0.0	0.0	0.0
21217	HGSV_17036	12	0	0.0	0.0	0.0
21218	HGSV_17114	12	0	0.0	0.0	0.0
21219	HGSV_17196	12	0	0.003	0.0	0.0
21220	HGSV_17223	12	1	0.0	0.0	0.0
21221	HGSV_17297	12	1	0.0	0.0	0.0
21222	HGSV_17374	12	1	0.0	0.0	0.0
21223	HGSV_17409	12	0	0.0	0.0	0.0
21224	HGSV_17519	12	0	0.0	0.0	0.0
21225	HGSV_17614	12	0	0.0	0.0	0.0
21226	HGSV_17776	12	1	0.001	0.001	0.0
21227	HGSV_17785	12	0	0.0	0.0	0.0
21228	HGSV_17838	12	0	0.529	0.529	0.0
21229	HGSV_17951	12	0	0.0	0.0	0.0
21230	HGSV_18015	12	0	0.0	0.0	0.0
21231	HGSV_18092	12	0	0.001	0.001	0.0
21232	HGSV_18117	12	0	0.0	0.0	0.0
21233	HGSV_18138	12	1	0.0	0.0	0.0
21234	HGSV_18229	12	0	0.0	0.0	0.0
21235	HGSV_18265	12	0	0.0	0.0	0.0
21236	HGSV_18395	12	0	1.0	1.0	0.0
21237	HGSV_18460	12	0	0.003	0.003	0.0
21238	HGSV_18468	12	0	0.0	0.0	0.0
21239	HGSV_18543	12	0	0.0	0.0	0.0
21240	HGSV_18558	12	1	0.0	0.0	0.0
21241	HGSV_18592	12	1	0.0	0.0	0.0
21242	HGSV_18593	12	0	0.0	0.0	0.0
21243	HGSV_18613	12	1	0.001	0.001	0.0
21244	HGSV_18667	12	0	0.0	0.0	0.0
21245	HGSV_18744	12	1	0.0	0.0	0.0
21246	HGSV_18919	12	0	0.004	0.004	0.0
21247	HGSV_19001	12	0	0.001	0.001	0.0
21248	HGSV_19030	12	0	0.0	0.0	0.0
21249	HGSV_19076	12	0	0.0	0.0	0.0
21250	HGSV_19086	12	1	0.0	0.0	0.0
21251	HGSV_19292	12	0	0.994	0.994	0.0
21252	HGSV_19304	12	2	0.0	0.0	0.0
21253	HGSV_19426	12	1	0.0	0.0	0.0
21254	HGSV_19466	12	0	0.0	0.0	0.0
21255	HGSV_19555	12	1	0.0	0.0	0.0
21256	HGSV_19559	12	1	0.003	0.003	0.0
21257	HGSV_19600	12	1	0.0	0.0	0.0
21258	HGSV_2042	12	1	0.0	0.0	0.0
21259	HGSV_2243	12	0	0.0	0.0	0.0
21260	HGSV_2249	12	0	0.0	0.0	0.0
21261	HGSV_2265	12	0	0.0	0.0	0.0
21262	HGSV_2500	12	0	0.0	0.0	0.0
21263	HGSV_2505	12	1	0.003	0.003	0.0
21264	HGSV_2518	12	0	0.001	0.001	0.0
21265	HGSV_2619	12	0	0.0	0.0	0.0
21266	HGSV_2816	12	0	0.0	0.0	0.0
21267	HGSV_2820	12	0	0.0	0.0	0.0
21268	HGSV_2967	12	3	0.002	0.002	0.0
21269	HGSV_3107	12	0	0.799	0.0	0.0
21270	HGSV_3202	12	0	0.002	0.002	0.0
21271	HGSV_3205	12	0	0.0	0.0	0.0
21272	HGSV_3229	12	0	0.0	0.0	0.0
21273	HGSV_3271	12	0	0.001	0.001	0.0
21274	HGSV_3374	12	0	0.0	0.0	0.0
21275	HGSV_3423	12	0	0.0	0.0	0.0
21276	HGSV_3528	12	0	0.0	0.0	0.0
21277	HGSV_3626	12	0	0.001	0.001	0.0
21278	HGSV_3635	12	0	0.699	0.699	0.0
21279	HGSV_3867	12	1	0.0	0.0	0.0
21280	HGSV_3883	12	1	0.0	0.0	0.0
21281	HGSV_4017	12	0	0.0	0.0	0.0
21282	HGSV_4082	12	0	0.0	0.0	0.0
21283	HGSV_4273	12	0	0.0	0.0	0.0
21284	HGSV_4319	12	0	0.0	0.0	0.0
21285	HGSV_4461	12	0	0.0	0.0	0.0
21286	HGSV_4580	12	0	0.004	0.004	0.0
21287	HGSV_4706	12	0	0.0	0.0	0.0
21288	HGSV_4826	12	0	0.0	0.0	0.0
21289	HGSV_5004	12	1	0.0	0.0	0.0
21290	HGSV_5106	12	0	0.001	0.001	0.0
21291	HGSV_5226	12	0	0.0	0.0	0.0
21292	HGSV_5265	12	3	0.003	0.003	0.003
21293	HGSV_5454	12	0	0.0	0.0	0.0
21294	HGSV_5484	12	0	0.002	0.002	0.0
21295	HGSV_5486	12	0	0.002	0.002	0.0
21296	HGSV_5512	12	1	0.0	0.0	0.0
21297	HGSV_5550	12	0	0.0	0.0	0.0
21298	HGSV_5677	12	0	0.0	0.0	0.0
21299	HGSV_5694	12	0	0.0	0.0	0.0
21300	HGSV_5722	12	1	0.001	0.001	0.0
21301	HGSV_5733	12	0	0.001	0.001	0.0
21302	HGSV_5735	12	0	0.001	0.001	0.0
21303	HGSV_5823	12	0	0.0	0.0	0.0
21304	HGSV_5847	12	1	0.0	0.0	0.0
21305	HGSV_5861	12	0	0.0	0.0	0.0
21306	HGSV_5974	12	0	0.002	0.002	0.0
21307	HGSV_6001	12	0	0.0	0.0	0.0
21308	HGSV_6129	12	0	0.0	0.0	0.0
21309	HGSV_6162	12	0	0.0	0.0	0.0
21310	HGSV_6507	12	1	0.0	0.0	0.0
21311	HGSV_6518	12	1	0.001	0.001	0.001
21312	HGSV_6529	12	1	0.003	0.003	0.0
21313	HGSV_6576	12	1	0.0	0.0	0.0
21314	HGSV_6662	12	0	0.0	0.0	0.0
21315	HGSV_6749	12	0	0.0	0.0	0.0
21316	HGSV_6995	12	0	0.0	0.0	0.0
21317	HGSV_7012	12	0	0.0	0.0	0.0
21318	HGSV_7076	12	0	0.0	0.0	0.0
21319	HGSV_7274	12	1	0.0	0.0	0.0
21320	HGSV_7362	12	0	0.0	0.0	0.0
21321	HGSV_7367	12	0	0.002	0.002	0.0
21322	HGSV_749	12	0	0.0	0.0	0.0
21323	HGSV_7523	12	1	0.0	0.0	0.0
21324	HGSV_7582	12	0	0.0	0.0	0.0
21325	HGSV_7675	12	0	0.0	0.0	0.0
21326	HGSV_7703	12	0	0.0	0.0	0.0
21327	HGSV_7831	12	0	0.0	0.0	0.0
21328	HGSV_7878	12	1	0.0	0.0	0.0
21329	HGSV_7889	12	0	0.0	0.0	0.0
21330	HGSV_7898	12	0	0.0	0.0	0.0
21331	HGSV_7989	12	0	0.0	0.0	0.0
21332	HGSV_8076	12	0	0.0	0.0	0.0
21333	HGSV_8087	12	0	0.0	0.0	0.0
21334	HGSV_8115	12	1	0.0	0.0	0.0
21335	HGSV_8353	12	0	0.0	0.0	0.0
21336	HGSV_8373	12	0	0.0	0.0	0.0
21337	HGSV_8377	12	0	0.0	0.0	0.0
21338	HGSV_8394	12	2	0.0	0.0	0.0
21339	HGSV_8430	12	0	0.0	0.0	0.0
21340	HGSV_8479	12	0	0.0	0.0	0.0
21341	HGSV_8500	12	4	0.006	0.006	0.006
21342	HGSV_8545	12	1	0.0	0.0	0.0
21343	HGSV_8567	12	2	0.0	0.0	0.0
21344	HGSV_8613	12	0	0.0	0.0	0.0
21345	HGSV_8652	12	0	0.002	0.0	0.0
21346	HGSV_8748	12	0	0.0	0.0	0.0
21347	HGSV_8845	12	0	0.0	0.0	0.0
21348	HGSV_8880	12	0	0.0	0.0	0.0
21349	HGSV_8882	12	0	0.001	0.001	0.0
21350	HGSV_8919	12	0	0.001	0.001	0.0
21351	HGSV_8973	12	0	0.0	0.0	0.0
21352	HGSV_9151	12	0	0.0	0.0	0.0
21353	HGSV_9288	12	0	0.0	0.0	0.0
21354	HGSV_9370	12	0	0.0	0.0	0.0
21355	HGSV_9505	12	0	0.0	0.0	0.0
21356	HGSV_9587	12	0	0.596	0.596	0.0
21357	HGSV_9698	12	1	0.002	0.002	0.002
21358	HGSV_9716	12	1	0.0	0.0	0.0
21359	HGSV_972	12	2	0.0	0.0	0.0
21360	HGSV_9797	12	0	0.0	0.0	0.0
21361	HGSV_9802	12	0	0.002	0.002	0.0
21362	HGSV_9830	12	0	0.0	0.0	0.0
21363	HGSV_9863	12	0	0.0	0.0	0.0
21364	HGSV_989	12	0	0.0	0.0	0.0
21365	HGSV_9903	12	0	0.0	0.0	0.0
21366	HGSV_9919	12	1	0.003	0.003	0.0
21367	HGSV_10000	11	0	0.0	0.0	0.0
21368	HGSV_10035	11	1	0.001	0.001	0.001
21369	HGSV_10275	11	0	0.0	0.0	0.0
21370	HGSV_10300	11	0	0.0	0.0	0.0
21371	HGSV_10317	11	1	0.0	0.0	0.0
21372	HGSV_10348	11	0	0.0	0.0	0.0
21373	HGSV_10452	11	0	0.0	0.0	0.0
21374	HGSV_10455	11	0	0.001	0.001	0.0
21375	HGSV_10536	11	0	0.0	0.0	0.0
21376	HGSV_11047	11	0	0.0	0.0	0.0
21377	HGSV_11067	11	0	0.0	0.0	0.0
21378	HGSV_11086	11	0	0.0	0.0	0.0
21379	HGSV_11297	11	0	0.0	0.0	0.0
21380	HGSV_11431	11	0	0.0	0.0	0.0
21381	HGSV_11472	11	0	0.467	0.467	0.0
21382	HGSV_11688	11	0	0.0	0.0	0.0
21383	HGSV_11791	11	0	0.0	0.0	0.0
21384	HGSV_11835	11	0	0.0	0.0	0.0
21385	HGSV_11967	11	1	0.002	0.002	0.0
21386	HGSV_11990	11	0	0.0	0.0	0.0
21387	HGSV_12011	11	0	0.004	0.004	0.004
21388	HGSV_12015	11	0	0.0	0.0	0.0
21389	HGSV_12018	11	2	0.0	0.0	0.0
21390	HGSV_12021	11	0	0.001	0.001	0.0
21391	HGSV_12065	11	1	0.001	0.001	0.0
21392	HGSV_12213	11	0	0.863	0.863	0.0
21393	HGSV_12316	11	0	0.0	0.0	0.0
21394	HGSV_1238	11	0	0.002	0.002	0.0
21395	HGSV_12423	11	0	0.0	0.0	0.0
21396	HGSV_12429	11	0	0.999	0.999	0.0
21397	HGSV_12434	11	0	0.0	0.0	0.0
21398	HGSV_12480	11	0	0.0	0.0	0.0
21399	HGSV_12636	11	0	0.0	0.0	0.0
21400	HGSV_12851	11	1	0.0	0.0	0.0
21401	HGSV_12878	11	0	0.001	0.001	0.0
21402	HGSV_12942	11	0	0.0	0.0	0.0
21403	HGSV_12969	11	0	0.964	0.964	0.0
21404	HGSV_13113	11	1	0.504	0.504	0.0
21405	HGSV_13125	11	0	0.0	0.0	0.0
21406	HGSV_1324	11	1	0.0	0.0	0.0
21407	HGSV_13314	11	0	0.002	0.002	0.002
21408	HGSV_13325	11	0	0.0	0.0	0.0
21409	HGSV_13391	11	0	0.0	0.0	0.0
21410	HGSV_13435	11	0	0.0	0.0	0.0
21411	HGSV_13497	11	0	0.0	0.0	0.0
21412	HGSV_13616	11	0	0.0	0.0	0.0
21413	HGSV_13618	11	1	0.0	0.0	0.0
21414	HGSV_1375	11	0	0.0	0.0	0.0
21415	HGSV_13781	11	0	0.0	0.0	0.0
21416	HGSV_13803	11	0	0.001	0.001	0.0
21417	HGSV_13844	11	0	0.0	0.0	0.0
21418	HGSV_13846	11	0	0.0	0.0	0.0
21419	HGSV_13856	11	3	0.001	0.001	0.001
21420	HGSV_13894	11	0	0.001	0.001	0.0
21421	HGSV_13932	11	0	0.0	0.0	0.0
21422	HGSV_13954	11	0	0.0	0.0	0.0
21423	HGSV_13965	11	0	0.0	0.0	0.0
21424	HGSV_14128	11	0	0.0	0.0	0.0
21425	HGSV_14177	11	0	0.001	0.001	0.0
21426	HGSV_14181	11	0	0.001	0.001	0.0
21427	HGSV_14185	11	0	0.001	0.0	0.0
21428	HGSV_14187	11	0	0.0	0.0	0.0
21429	HGSV_14195	11	1	0.0	0.0	0.0
21430	HGSV_14206	11	0	0.0	0.0	0.0
21431	HGSV_14223	11	0	0.0	0.0	0.0
21432	HGSV_14245	11	0	0.0	0.0	0.0
21433	HGSV_143549	11	0	0.0	0.0	0.0
21434	HGSV_143577	11	0	0.0	0.0	0.0
21435	HGSV_143630	11	0	0.001	0.001	0.0
21436	HGSV_14367	11	10	0.009	0.009	0.009
21437	HGSV_143724	11	1	0.0	0.0	0.0
21438	HGSV_143734	11	0	0.979	0.979	0.0
21439	HGSV_143789	11	0	0.0	0.0	0.0
21440	HGSV_143808	11	0	0.002	0.002	0.002
21441	HGSV_143823	11	0	0.001	0.001	0.0
21442	HGSV_14383	11	1	0.0	0.0	0.0
21443	HGSV_143840	11	1	0.0	0.0	0.0
21444	HGSV_143895	11	0	0.0	0.0	0.0
21445	HGSV_143915	11	1	0.0	0.0	0.0
21446	HGSV_143964	11	0	0.0	0.0	0.0
21447	HGSV_143966	11	1	0.0	0.0	0.0
21448	HGSV_143996	11	1	0.002	0.002	0.002
21449	HGSV_144247	11	0	0.001	0.001	0.0
21450	HGSV_144318	11	0	0.0	0.0	0.0
21451	HGSV_144533	11	0	0.0	0.0	0.0
21452	HGSV_144582	11	1	0.0	0.0	0.0
21453	HGSV_144618	11	0	0.0	0.0	0.0
21454	HGSV_144839	11	1	0.0	0.0	0.0
21455	HGSV_144860	11	0	0.0	0.0	0.0
21456	HGSV_145056	11	0	0.0	0.0	0.0
21457	HGSV_145071	11	0	0.0	0.0	0.0
21458	HGSV_145179	11	0	0.0	0.0	0.0
21459	HGSV_145251	11	1	0.988	0.988	0.988
21460	HGSV_145499	11	0	0.001	0.001	0.0
21461	HGSV_145527	11	0	0.511	0.511	0.0
21462	HGSV_145585	11	1	0.0	0.0	0.0
21463	HGSV_14593	11	0	0.0	0.0	0.0
21464	HGSV_146010	11	1	0.0	0.0	0.0
21465	HGSV_146225	11	0	0.0	0.0	0.0
21466	HGSV_146226	11	0	0.0	0.0	0.0
21467	HGSV_146227	11	0	0.0	0.0	0.0
21468	HGSV_146424	11	0	0.0	0.0	0.0
21469	HGSV_146822	11	1	0.0	0.0	0.0
21470	HGSV_146926	11	0	0.0	0.0	0.0
21471	HGSV_147068	11	0	0.0	0.0	0.0
21472	HGSV_147650	11	0	0.0	0.0	0.0
21473	HGSV_147703	11	0	0.0	0.0	0.0
21474	HGSV_147757	11	0	0.0	0.0	0.0
21475	HGSV_147870	11	0	0.0	0.0	0.0
21476	HGSV_14791	11	0	0.0	0.0	0.0
21477	HGSV_147955	11	1	0.001	0.001	0.0
21478	HGSV_148124	11	0	0.001	0.001	0.001
21479	HGSV_148194	11	3	0.001	0.001	0.0
21480	HGSV_148369	11	0	0.0	0.0	0.0
21481	HGSV_148698	11	0	0.0	0.0	0.0
21482	HGSV_148730	11	0	0.0	0.0	0.0
21483	HGSV_148766	11	0	0.0	0.0	0.0
21484	HGSV_14890	11	0	0.0	0.0	0.0
21485	HGSV_148981	11	0	0.0	0.0	0.0
21486	HGSV_149072	11	0	0.998	0.998	0.0
21487	HGSV_149079	11	0	0.001	0.001	0.0
21488	HGSV_149233	11	0	0.0	0.0	0.0
21489	HGSV_149234	11	0	0.0	0.0	0.0
21490	HGSV_149289	11	0	0.0	0.0	0.0
21491	HGSV_149316	11	0	0.001	0.001	0.0
21492	HGSV_14944	11	0	0.0	0.0	0.0
21493	HGSV_149542	11	0	0.002	0.0	0.0
21494	HGSV_149553	11	0	0.0	0.0	0.0
21495	HGSV_14962	11	0	0.0	0.0	0.0
21496	HGSV_149670	11	0	0.001	0.0	0.0
21497	HGSV_149708	11	0	0.0	0.0	0.0
21498	HGSV_149859	11	1	0.0	0.0	0.0
21499	HGSV_149891	11	1	0.0	0.0	0.0
21500	HGSV_149898	11	0	0.0	0.0	0.0
21501	HGSV_149934	11	2	0.0	0.0	0.0
21502	HGSV_149935	11	1	0.0	0.0	0.0
21503	HGSV_150011	11	0	0.998	0.998	0.998
21504	HGSV_150026	11	1	0.0	0.0	0.0
21505	HGSV_150252	11	0	0.0	0.0	0.0
21506	HGSV_150339	11	1	0.0	0.0	0.0
21507	HGSV_15034	11	0	0.0	0.0	0.0
21508	HGSV_150495	11	1	0.0	0.0	0.0
21509	HGSV_1505	11	0	0.0	0.0	0.0
21510	HGSV_150634	11	1	0.0	0.0	0.0
21511	HGSV_150752	11	0	0.0	0.0	0.0
21512	HGSV_150798	11	0	0.0	0.0	0.0
21513	HGSV_150918	11	1	0.0	0.0	0.0
21514	HGSV_150945	11	1	0.001	0.001	0.0
21515	HGSV_150994	11	0	0.0	0.0	0.0
21516	HGSV_151041	11	0	0.0	0.0	0.0
21517	HGSV_151263	11	0	0.0	0.0	0.0
21518	HGSV_151387	11	1	0.0	0.0	0.0
21519	HGSV_151456	11	0	0.288	0.288	0.0
21520	HGSV_151578	11	1	0.0	0.0	0.0
21521	HGSV_151616	11	0	0.0	0.0	0.0
21522	HGSV_151630	11	0	0.0	0.0	0.0
21523	HGSV_151732	11	1	0.0	0.0	0.0
21524	HGSV_151908	11	0	0.0	0.0	0.0
21525	HGSV_152095	11	0	0.0	0.0	0.0
21526	HGSV_152239	11	0	0.0	0.0	0.0
21527	HGSV_152301	11	1	0.0	0.0	0.0
21528	HGSV_152353	11	1	0.0	0.0	0.0
21529	HGSV_152355	11	0	0.0	0.0	0.0
21530	HGSV_152399	11	0	0.0	0.0	0.0
21531	HGSV_152441	11	1	0.001	0.001	0.001
21532	HGSV_152516	11	0	0.001	0.001	0.0
21533	HGSV_152644	11	1	0.0	0.0	0.0
21534	HGSV_152769	11	1	0.005	0.005	0.0
21535	HGSV_152871	11	0	0.0	0.0	0.0
21536	HGSV_152880	11	0	0.0	0.0	0.0
21537	HGSV_153148	11	0	0.0	0.0	0.0
21538	HGSV_15323	11	0	0.0	0.0	0.0
21539	HGSV_153278	11	0	0.0	0.0	0.0
21540	HGSV_153285	11	0	0.0	0.0	0.0
21541	HGSV_15331	11	0	0.0	0.0	0.0
21542	HGSV_153326	11	0	0.0	0.0	0.0
21543	HGSV_153333	11	0	0.0	0.0	0.0
21544	HGSV_153406	11	0	0.0	0.0	0.0
21545	HGSV_153573	11	0	0.0	0.0	0.0
21546	HGSV_153606	11	0	0.0	0.0	0.0
21547	HGSV_153665	11	0	0.0	0.0	0.0
21548	HGSV_153765	11	0	0.008	0.008	0.084
21549	HGSV_153868	11	0	0.0	0.0	0.0
21550	HGSV_153886	11	0	0.962	0.962	0.0
21551	HGSV_153906	11	1	0.0	0.0	0.0
21552	HGSV_153972	11	1	0.0	0.0	0.0
21553	HGSV_154025	11	0	0.0	0.0	0.0
21554	HGSV_154061	11	0	0.0	0.0	0.0
21555	HGSV_154121	11	0	0.0	0.0	0.0
21556	HGSV_154144	11	1	0.0	0.0	0.0
21557	HGSV_154235	11	0	0.001	0.001	0.001
21558	HGSV_15425	11	2	0.0	0.0	0.0
21559	HGSV_154254	11	1	0.0	0.0	0.0
21560	HGSV_154306	11	0	0.0	0.0	0.0
21561	HGSV_154452	11	2	0.0	0.0	0.0
21562	HGSV_154467	11	0	0.0	0.0	0.0
21563	HGSV_154483	11	1	0.0	0.0	0.0
21564	HGSV_154500	11	0	0.0	0.0	0.0
21565	HGSV_154584	11	0	0.0	0.0	0.0
21566	HGSV_154590	11	0	0.006	0.006	0.0
21567	HGSV_154637	11	0	0.0	0.0	0.0
21568	HGSV_154660	11	0	0.0	0.0	0.0
21569	HGSV_154745	11	1	0.0	0.0	0.0
21570	HGSV_154788	11	0	0.0	0.0	0.0
21571	HGSV_154822	11	2	0.002	0.002	0.0
21572	HGSV_154993	11	0	0.0	0.0	0.0
21573	HGSV_15535	11	1	0.0	0.0	0.0
21574	HGSV_155369	11	0	0.0	0.0	0.0
21575	HGSV_155465	11	0	0.0	0.0	0.0
21576	HGSV_155472	11	0	0.0	0.0	0.0
21577	HGSV_155715	11	0	0.0	0.0	0.0
21578	HGSV_155837	11	0	0.001	0.001	0.0
21579	HGSV_155940	11	0	0.0	0.0	0.0
21580	HGSV_156045	11	0	0.0	0.0	0.0
21581	HGSV_15619	11	0	0.0	0.0	0.0
21582	HGSV_156220	11	1	0.001	0.001	0.001
21583	HGSV_156288	11	0	0.0	0.0	0.0
21584	HGSV_156293	11	1	0.001	0.001	0.0
21585	HGSV_156333	11	0	0.0	0.0	0.0
21586	HGSV_156352	11	0	0.0	0.0	0.0
21587	HGSV_156495	11	0	0.0	0.0	0.0
21588	HGSV_156546	11	0	0.0	0.0	0.0
21589	HGSV_156594	11	0	0.001	0.001	0.0
21590	HGSV_156738	11	0	0.0	0.0	0.0
21591	HGSV_156743	11	0	0.0	0.0	0.0
21592	HGSV_156808	11	0	0.0	0.0	0.0
21593	HGSV_156825	11	1	0.0	0.0	0.0
21594	HGSV_156833	11	0	0.001	0.001	0.0
21595	HGSV_156848	11	0	0.0	0.0	0.0
21596	HGSV_156859	11	2	0.0	0.0	0.0
21597	HGSV_156902	11	0	0.0	0.0	0.0
21598	HGSV_156932	11	0	0.005	0.005	0.0
21599	HGSV_156933	11	0	0.005	0.0	0.0
21600	HGSV_157049	11	0	0.0	0.0	0.0
21601	HGSV_157072	11	0	0.0	0.0	0.0
21602	HGSV_157073	11	0	0.476	0.987	0.0
21603	HGSV_157123	11	1	0.0	0.0	0.0
21604	HGSV_157127	11	0	0.0	0.0	0.0
21605	HGSV_157163	11	0	0.0	0.0	0.0
21606	HGSV_157172	11	0	0.002	0.002	0.002
21607	HGSV_157187	11	0	0.0	0.0	0.0
21608	HGSV_157279	11	1	0.0	0.0	0.0
21609	HGSV_157470	11	1	0.003	0.003	0.0
21610	HGSV_157483	11	0	0.0	0.0	0.0
21611	HGSV_157510	11	0	0.001	0.0	0.0
21612	HGSV_157584	11	0	0.584	0.584	0.0
21613	HGSV_157696	11	0	0.0	0.0	0.0
21614	HGSV_157763	11	0	0.015	0.015	0.0
21615	HGSV_157796	11	0	0.001	0.001	0.0
21616	HGSV_157811	11	0	0.0	0.0	0.0
21617	HGSV_157870	11	1	0.0	0.0	0.0
21618	HGSV_157968	11	0	0.0	0.0	0.0
21619	HGSV_157999	11	1	0.0	0.0	0.0
21620	HGSV_158010	11	0	0.0	0.0	0.0
21621	HGSV_158062	11	1	0.001	0.001	0.0
21622	HGSV_158095	11	0	0.0	0.0	0.0
21623	HGSV_158097	11	0	0.001	0.001	0.0
21624	HGSV_158345	11	0	0.001	0.001	0.0
21625	HGSV_158380	11	0	0.001	0.001	0.0
21626	HGSV_158541	11	0	0.0	0.0	0.0
21627	HGSV_15857	11	0	0.0	0.0	0.0
21628	HGSV_158585	11	0	0.0	0.0	0.0
21629	HGSV_158655	11	0	0.0	0.0	0.0
21630	HGSV_158665	11	0	0.0	0.0	0.0
21631	HGSV_158680	11	1	0.0	0.0	0.0
21632	HGSV_158881	11	0	0.0	0.0	0.0
21633	HGSV_158906	11	0	0.0	0.0	0.0
21634	HGSV_158950	11	0	0.0	0.0	0.0
21635	HGSV_158961	11	0	0.0	0.0	0.0
21636	HGSV_15904	11	0	0.0	0.0	0.0
21637	HGSV_159110	11	2	0.001	0.001	0.0
21638	HGSV_16015	11	0	0.0	0.0	0.0
21639	HGSV_1626	11	0	0.0	0.0	0.0
21640	HGSV_16374	11	0	1.0	1.0	1.0
21641	HGSV_16444	11	0	0.0	0.0	0.0
21642	HGSV_16477	11	0	0.003	0.003	0.003
21643	HGSV_16558	11	0	0.001	0.001	0.0
21644	HGSV_16601	11	0	0.0	0.0	0.0
21645	HGSV_16637	11	1	0.0	0.0	0.0
21646	HGSV_16646	11	2	0.0	0.0	0.0
21647	HGSV_16724	11	0	0.0	0.0	0.0
21648	HGSV_16865	11	0	0.0	0.0	0.0
21649	HGSV_16950	11	0	0.0	0.0	0.0
21650	HGSV_17107	11	0	0.0	0.0	0.0
21651	HGSV_17275	11	0	0.0	0.0	0.0
21652	HGSV_17528	11	1	0.0	0.0	0.0
21653	HGSV_17624	11	0	0.0	0.0	0.0
21654	HGSV_17807	11	4	0.001	0.001	0.001
21655	HGSV_17868	11	0	0.0	0.0	0.0
21656	HGSV_17869	11	1	0.0	0.0	0.0
21657	HGSV_17877	11	0	0.0	0.0	0.0
21658	HGSV_17916	11	1	0.0	0.0	0.0
21659	HGSV_18010	11	0	0.0	0.0	0.0
21660	HGSV_18024	11	0	0.0	0.0	0.0
21661	HGSV_18041	11	2	0.0	0.0	0.0
21662	HGSV_18061	11	0	0.0	0.0	0.0
21663	HGSV_18247	11	0	0.0	0.0	0.0
21664	HGSV_18267	11	0	0.0	0.0	0.0
21665	HGSV_18407	11	2	0.002	0.002	0.0
21666	HGSV_18472	11	0	0.0	0.0	0.0
21667	HGSV_18499	11	1	0.0	0.0	0.0
21668	HGSV_18678	11	0	0.578	0.814	0.0
21669	HGSV_18686	11	0	0.0	0.0	0.0
21670	HGSV_18718	11	0	0.0	0.0	0.0
21671	HGSV_18865	11	0	0.0	0.0	0.0
21672	HGSV_18940	11	0	0.766	0.766	0.0
21673	HGSV_19065	11	0	0.0	0.0	0.0
21674	HGSV_19067	11	2	0.001	0.001	0.001
21675	HGSV_19145	11	0	0.0	0.0	0.0
21676	HGSV_19390	11	0	0.0	0.0	0.0
21677	HGSV_19502	11	0	0.821	0.0	0.0
21678	HGSV_195	11	0	0.0	0.0	0.0
21679	HGSV_19585	11	0	0.001	0.001	0.0
21680	HGSV_19591	11	0	0.0	0.0	0.0
21681	HGSV_2058	11	0	0.003	0.003	0.0
21682	HGSV_2101	11	0	0.0	0.0	0.0
21683	HGSV_2401	11	0	0.0	0.0	0.0
21684	HGSV_2429	11	1	0.0	0.0	0.0
21685	HGSV_2481	11	0	0.0	0.0	0.0
21686	HGSV_2686	11	1	0.0	0.0	0.0
21687	HGSV_2880	11	0	0.0	0.0	0.0
21688	HGSV_2918	11	0	0.0	0.0	0.0
21689	HGSV_2930	11	0	0.0	0.0	0.0
21690	HGSV_2944	11	0	0.0	0.0	0.0
21691	HGSV_3113	11	0	0.0	0.0	0.0
21692	HGSV_3129	11	0	0.001	0.001	0.0
21693	HGSV_3228	11	0	0.0	0.0	0.0
21694	HGSV_3558	11	0	0.001	0.001	0.0
21695	HGSV_3608	11	0	0.0	0.0	0.0
21696	HGSV_3807	11	0	0.0	0.0	0.0
21697	HGSV_3929	11	0	0.0	0.0	0.0
21698	HGSV_3935	11	0	0.0	0.0	0.0
21699	HGSV_4054	11	1	0.0	0.0	0.0
21700	HGSV_4068	11	0	0.0	0.0	0.0
21701	HGSV_4411	11	0	0.0	0.0	0.0
21702	HGSV_4493	11	0	0.0	0.0	0.0
21703	HGSV_4520	11	0	0.0	0.0	0.0
21704	HGSV_4738	11	0	0.0	0.0	0.0
21705	HGSV_4778	11	0	0.0	0.0	0.0
21706	HGSV_4874	11	0	0.0	0.0	0.0
21707	HGSV_5015	11	0	0.0	0.0	0.0
21708	HGSV_5021	11	0	0.0	0.0	0.0
21709	HGSV_5053	11	0	0.0	0.0	0.0
21710	HGSV_5161	11	0	0.001	0.001	0.0
21711	HGSV_5321	11	1	0.0	0.0	0.0
21712	HGSV_5409	11	1	0.0	0.0	0.0
21713	HGSV_5442	11	5	0.002	0.002	0.0
21714	HGSV_5500	11	0	0.0	0.0	0.0
21715	HGSV_5502	11	0	0.0	0.0	0.0
21716	HGSV_5643	11	0	0.799	0.799	0.0
21717	HGSV_5657	11	0	0.0	0.0	0.0
21718	HGSV_5684	11	0	0.82	0.971	0.971
21719	HGSV_5767	11	0	0.0	0.0	0.0
21720	HGSV_5818	11	0	0.0	0.0	0.0
21721	HGSV_5938	11	0	0.0	0.0	0.0
21722	HGSV_5991	11	0	0.0	0.0	0.0
21723	HGSV_6041	11	0	0.0	0.0	0.0
21724	HGSV_6052	11	0	0.0	0.0	0.0
21725	HGSV_6076	11	0	0.01	0.01	0.0
21726	HGSV_616	11	0	0.0	0.0	0.0
21727	HGSV_6176	11	0	0.0	0.0	0.0
21728	HGSV_6177	11	0	0.446	0.588	0.0
21729	HGSV_6324	11	0	0.0	0.0	0.0
21730	HGSV_6425	11	0	1.0	1.0	0.0
21731	HGSV_6445	11	1	0.001	0.001	0.0
21732	HGSV_6536	11	0	0.0	0.0	0.0
21733	HGSV_6672	11	0	0.504	0.504	0.0
21734	HGSV_680	11	0	0.009	0.009	0.0
21735	HGSV_6812	11	0	0.72	0.971	0.0
21736	HGSV_6843	11	1	0.0	0.0	0.0
21737	HGSV_6859	11	0	0.0	0.0	0.0
21738	HGSV_6945	11	0	0.0	0.0	0.0
21739	HGSV_7073	11	0	0.0	0.0	0.0
21740	HGSV_7143	11	0	0.0	0.0	0.0
21741	HGSV_7183	11	0	0.0	0.0	0.0
21742	HGSV_7202	11	0	0.0	0.0	0.0
21743	HGSV_7213	11	0	0.0	0.0	0.0
21744	HGSV_7298	11	0	0.0	0.0	0.0
21745	HGSV_7314	11	0	0.0	0.0	0.0
21746	HGSV_7412	11	0	0.0	0.0	0.0
21747	HGSV_7508	11	1	0.001	0.0	0.0
21748	HGSV_7610	11	0	0.001	0.001	0.0
21749	HGSV_7618	11	0	0.0	0.0	0.0
21750	HGSV_7626	11	0	0.0	0.0	0.0
21751	HGSV_7661	11	0	0.001	0.001	0.0
21752	HGSV_7663	11	0	0.0	0.0	0.0
21753	HGSV_7952	11	0	0.0	0.0	0.0
21754	HGSV_7966	11	2	0.003	0.003	0.003
21755	HGSV_7972	11	0	0.001	0.001	0.0
21756	HGSV_8096	11	0	0.0	0.0	0.0
21757	HGSV_8102	11	0	0.001	0.001	0.0
21758	HGSV_8144	11	0	0.0	0.0	0.0
21759	HGSV_8259	11	0	0.0	0.0	0.0
21760	HGSV_8265	11	0	0.006	0.0	0.0
21761	HGSV_8290	11	0	0.0	0.0	0.0
21762	HGSV_8309	11	0	0.0	0.0	0.0
21763	HGSV_8310	11	0	0.0	0.0	0.0
21764	HGSV_8371	11	0	0.0	0.0	0.0
21765	HGSV_8441	11	1	0.002	0.002	0.0
21766	HGSV_8448	11	0	0.0	0.0	0.0
21767	HGSV_852	11	0	0.001	0.001	0.0
21768	HGSV_8643	11	0	0.0	0.0	0.0
21769	HGSV_8656	11	2	0.002	0.002	0.0
21770	HGSV_879	11	1	0.0	0.0	0.0
21771	HGSV_8929	11	0	0.0	0.0	0.0
21772	HGSV_8975	11	0	0.0	0.0	0.0
21773	HGSV_9005	11	2	0.001	0.001	0.001
21774	HGSV_9068	11	0	0.0	0.0	0.0
21775	HGSV_9081	11	0	0.0	0.0	0.0
21776	HGSV_9128	11	0	0.001	0.001	0.0
21777	HGSV_9214	11	1	0.0	0.0	0.0
21778	HGSV_9364	11	0	0.0	0.0	0.0
21779	HGSV_9377	11	0	0.0	0.0	0.0
21780	HGSV_9586	11	0	0.0	0.0	0.0
21781	HGSV_9595	11	0	0.0	0.0	0.0
21782	HGSV_9737	11	0	0.0	0.0	0.0
21783	HGSV_9795	11	0	0.001	0.001	0.0
21784	HGSV_9807	11	0	0.0	0.0	0.0
21785	HGSV_9827	11	0	0.0	0.0	0.0
21786	HGSV_1000	10	0	0.0	0.0	0.0
21787	HGSV_10020	10	0	0.0	0.0	0.0
21788	HGSV_1006	10	0	0.831	1.0	0.0
21789	HGSV_10109	10	0	0.0	0.0	0.0
21790	HGSV_10112	10	0	0.001	0.001	0.0
21791	HGSV_10125	10	0	0.001	0.001	0.0
21792	HGSV_10335	10	0	0.0	0.0	0.0
21793	HGSV_10474	10	0	0.0	0.0	0.0
21794	HGSV_10485	10	0	0.0	0.0	0.0
21795	HGSV_10533	10	0	0.118	0.964	0.0
21796	HGSV_11130	10	7	0.0	0.0	0.0
21797	HGSV_11131	10	7	0.0	0.0	0.0
21798	HGSV_1144	10	0	0.0	0.0	0.0
21799	HGSV_11537	10	0	0.0	0.0	0.0
21800	HGSV_11561	10	0	0.0	0.0	0.0
21801	HGSV_11766	10	0	0.0	0.0	0.0
21802	HGSV_11775	10	0	0.0	0.0	0.0
21803	HGSV_11864	10	0	0.0	0.0	0.0
21804	HGSV_11923	10	0	0.0	0.0	0.0
21805	HGSV_11963	10	0	0.001	0.001	0.0
21806	HGSV_11985	10	0	0.0	0.0	0.0
21807	HGSV_12009	10	1	0.0	0.0	0.0
21808	HGSV_12044	10	0	0.0	0.0	0.0
21809	HGSV_12086	10	0	0.001	0.001	0.0
21810	HGSV_12091	10	0	0.0	0.0	0.0
21811	HGSV_12290	10	0	0.0	0.0	0.0
21812	HGSV_12425	10	0	0.0	0.0	0.0
21813	HGSV_12653	10	0	0.0	0.0	0.0
21814	HGSV_12873	10	0	0.0	0.0	0.0
21815	HGSV_12981	10	0	0.0	0.0	0.0
21816	HGSV_13040	10	0	0.978	0.978	0.0
21817	HGSV_13051	10	0	0.0	0.0	0.0
21818	HGSV_13164	10	0	0.0	0.0	0.0
21819	HGSV_13203	10	0	0.0	0.0	0.0
21820	HGSV_1322	10	1	0.0	0.0	0.0
21821	HGSV_13258	10	0	0.0	0.0	0.0
21822	HGSV_13265	10	0	0.0	0.0	0.0
21823	HGSV_13283	10	0	0.0	0.0	0.0
21824	HGSV_13337	10	0	0.001	0.001	0.0
21825	HGSV_13393	10	1	0.0	0.0	0.0
21826	HGSV_13416	10	0	0.001	0.001	0.0
21827	HGSV_13418	10	0	0.951	0.951	0.0
21828	HGSV_13605	10	0	0.0	0.0	0.0
21829	HGSV_13748	10	0	0.0	0.0	0.0
21830	HGSV_13943	10	0	0.0	0.0	0.0
21831	HGSV_13993	10	0	0.111	0.0	0.0
21832	HGSV_13997	10	0	0.0	0.0	0.0
21833	HGSV_14037	10	0	0.0	0.0	0.0
21834	HGSV_14111	10	0	0.0	0.0	0.0
21835	HGSV_14331	10	1	0.0	0.0	0.0
21836	HGSV_143484	10	0	0.979	0.979	0.0
21837	HGSV_143589	10	2	0.0	0.0	0.0
21838	HGSV_143756	10	0	0.33	0.33	0.0
21839	HGSV_143814	10	1	0.0	0.0	0.0
21840	HGSV_143838	10	0	0.0	0.0	0.0
21841	HGSV_143946	10	0	0.0	0.0	0.0
21842	HGSV_14422	10	0	0.0	0.0	0.0
21843	HGSV_144459	10	1	0.001	0.0	0.0
21844	HGSV_144507	10	0	0.0	0.0	0.0
21845	HGSV_144518	10	0	0.0	0.0	0.0
21846	HGSV_144542	10	0	0.0	0.0	0.0
21847	HGSV_144569	10	0	0.0	0.0	0.0
21848	HGSV_144699	10	0	0.0	0.0	0.0
21849	HGSV_144702	10	0	0.0	0.0	0.0
21850	HGSV_14471	10	0	0.004	0.004	0.0
21851	HGSV_14481	10	0	0.001	0.001	0.0
21852	HGSV_144914	10	0	0.0	0.0	0.0
21853	HGSV_14492	10	0	0.0	0.0	0.0
21854	HGSV_145160	10	0	0.0	0.0	0.0
21855	HGSV_145181	10	0	0.0	0.0	0.0
21856	HGSV_145202	10	0	0.0	0.0	0.0
21857	HGSV_14521	10	0	0.0	0.0	0.0
21858	HGSV_145348	10	0	0.0	0.0	0.0
21859	HGSV_145410	10	0	0.0	0.0	0.0
21860	HGSV_145570	10	1	0.0	0.0	0.0
21861	HGSV_145590	10	2	0.0	0.0	0.0
21862	HGSV_14564	10	0	0.002	0.002	0.0
21863	HGSV_145964	10	0	0.892	0.0	0.0
21864	HGSV_145976	10	0	0.001	0.0	0.0
21865	HGSV_146127	10	0	0.0	0.0	0.0
21866	HGSV_146203	10	0	0.001	0.001	0.0
21867	HGSV_146282	10	0	0.0	0.0	0.0
21868	HGSV_14634	10	0	0.0	0.0	0.0
21869	HGSV_146394	10	0	0.0	0.0	0.0
21870	HGSV_14640	10	0	0.002	0.002	0.002
21871	HGSV_146410	10	1	0.0	0.0	0.0
21872	HGSV_146510	10	0	0.0	0.0	0.0
21873	HGSV_146540	10	0	0.0	0.0	0.0
21874	HGSV_146605	10	0	0.001	0.001	0.0
21875	HGSV_14661	10	0	0.0	0.0	0.0
21876	HGSV_146611	10	0	0.0	0.0	0.0
21877	HGSV_146695	10	0	0.0	0.0	0.0
21878	HGSV_146736	10	0	0.0	0.0	0.0
21879	HGSV_146825	10	0	0.004	0.0	0.0
21880	HGSV_146908	10	0	0.004	0.004	0.0
21881	HGSV_146947	10	0	0.0	0.0	0.0
21882	HGSV_147043	10	1	0.0	0.0	0.0
21883	HGSV_147082	10	5	0.004	0.004	0.004
21884	HGSV_1471	10	1	0.0	0.0	0.0
21885	HGSV_14734	10	0	0.001	0.001	0.0
21886	HGSV_147440	10	1	0.0	0.0	0.0
21887	HGSV_147463	10	0	0.0	0.0	0.0
21888	HGSV_14753	10	0	0.0	0.0	0.0
21889	HGSV_147533	10	0	0.0	0.0	0.0
21890	HGSV_147582	10	0	0.0	0.0	0.0
21891	HGSV_147695	10	0	0.0	0.0	0.0
21892	HGSV_147710	10	0	0.0	0.0	0.0
21893	HGSV_147820	10	0	0.0	0.0	0.0
21894	HGSV_147822	10	0	0.0	0.0	0.0
21895	HGSV_14788	10	0	0.001	0.001	0.0
21896	HGSV_147934	10	0	0.0	0.0	0.0
21897	HGSV_147960	10	0	0.0	0.0	0.0
21898	HGSV_148090	10	0	0.388	0.388	0.0
21899	HGSV_148148	10	0	0.0	0.0	0.0
21900	HGSV_148156	10	0	0.0	0.0	0.0
21901	HGSV_148291	10	0	0.0	0.0	0.0
21902	HGSV_148463	10	0	0.0	0.0	0.0
21903	HGSV_148590	10	0	0.0	0.0	0.0
21904	HGSV_148650	10	0	0.0	0.0	0.0
21905	HGSV_148761	10	1	0.0	0.0	0.0
21906	HGSV_148769	10	0	0.0	0.0	0.0
21907	HGSV_148775	10	0	0.001	0.001	0.0
21908	HGSV_148871	10	0	0.0	0.0	0.0
21909	HGSV_148885	10	0	0.0	0.0	0.0
21910	HGSV_148979	10	1	0.001	0.001	0.0
21911	HGSV_149027	10	1	0.0	0.0	0.0
21912	HGSV_149085	10	0	0.0	0.0	0.0
21913	HGSV_149242	10	0	0.0	0.0	0.0
21914	HGSV_149292	10	0	0.0	0.0	0.0
21915	HGSV_149351	10	0	0.0	0.0	0.0
21916	HGSV_149373	10	0	0.0	0.0	0.0
21917	HGSV_149457	10	1	0.0	0.0	0.0
21918	HGSV_149487	10	0	0.002	0.002	0.0
21919	HGSV_149580	10	0	0.015	0.015	0.0
21920	HGSV_149592	10	0	0.001	0.001	0.0
21921	HGSV_149651	10	2	0.001	0.001	0.001
21922	HGSV_14993	10	0	0.0	0.0	0.0
21923	HGSV_150180	10	2	0.0	0.0	0.0
21924	HGSV_150417	10	0	0.0	0.0	0.0
21925	HGSV_150472	10	0	0.739	0.75	0.75
21926	HGSV_150484	10	3	0.003	0.0	0.0
21927	HGSV_15066	10	0	0.0	0.0	0.0
21928	HGSV_150704	10	2	0.0	0.0	0.0
21929	HGSV_150864	10	0	0.0	0.0	0.0
21930	HGSV_150974	10	0	0.002	0.002	0.002
21931	HGSV_151048	10	0	0.003	0.003	0.0
21932	HGSV_151104	10	0	0.0	0.0	0.0
21933	HGSV_151325	10	0	0.0	0.0	0.0
21934	HGSV_151383	10	0	0.0	0.0	0.0
21935	HGSV_15142	10	1	0.0	0.0	0.0
21936	HGSV_15151	10	1	0.001	0.001	0.0
21937	HGSV_151562	10	0	0.0	0.0	0.0
21938	HGSV_151595	10	1	0.0	0.0	0.0
21939	HGSV_151681	10	1	0.0	0.0	0.0
21940	HGSV_151734	10	0	0.0	0.0	0.0
21941	HGSV_151798	10	0	0.001	0.001	0.0
21942	HGSV_151802	10	0	0.0	0.0	0.0
21943	HGSV_151980	10	0	0.0	0.0	0.0
21944	HGSV_152179	10	0	0.0	0.0	0.0
21945	HGSV_152222	10	0	0.001	0.001	0.0
21946	HGSV_152857	10	0	0.0	0.0	0.0
21947	HGSV_152869	10	0	0.0	0.0	0.0
21948	HGSV_152873	10	0	0.0	0.0	0.0
21949	HGSV_152954	10	0	0.0	0.0	0.0
21950	HGSV_153025	10	0	0.0	0.0	0.0
21951	HGSV_153099	10	0	0.0	0.0	0.0
21952	HGSV_153108	10	0	0.0	0.0	0.0
21953	HGSV_153132	10	0	0.003	0.003	0.0
21954	HGSV_153223	10	0	0.0	0.0	0.0
21955	HGSV_153338	10	1	0.0	0.0	0.0
21956	HGSV_153595	10	0	0.0	0.0	0.0
21957	HGSV_153598	10	0	0.0	0.0	0.0
21958	HGSV_153842	10	0	0.0	0.0	0.0
21959	HGSV_154050	10	0	0.0	0.0	0.0
21960	HGSV_154054	10	0	0.001	0.001	0.001
21961	HGSV_154110	10	0	0.0	0.0	0.0
21962	HGSV_154136	10	0	0.0	0.0	0.0
21963	HGSV_154285	10	0	0.0	0.0	0.0
21964	HGSV_154411	10	0	0.0	0.0	0.0
21965	HGSV_154498	10	0	0.0	0.0	0.0
21966	HGSV_154512	10	0	0.486	0.793	0.0
21967	HGSV_154523	10	0	0.0	0.0	0.0
21968	HGSV_154614	10	0	0.0	0.0	0.0
21969	HGSV_154731	10	0	0.0	0.0	0.0
21970	HGSV_154756	10	0	0.0	0.0	0.0
21971	HGSV_155021	10	0	0.0	0.0	0.0
21972	HGSV_155134	10	0	0.0	0.0	0.0
21973	HGSV_15517	10	0	0.0	0.0	0.0
21974	HGSV_155243	10	1	0.001	0.001	0.0
21975	HGSV_15556	10	0	0.0	0.0	0.0
21976	HGSV_155795	10	7	0.0	0.0	0.0
21977	HGSV_15590	10	0	0.0	0.0	0.0
21978	HGSV_155911	10	0	0.0	0.0	0.0
21979	HGSV_155952	10	0	0.0	0.0	0.0
21980	HGSV_156096	10	0	0.0	0.0	0.0
21981	HGSV_156343	10	1	0.0	0.0	0.0
21982	HGSV_15645	10	0	0.0	0.0	0.0
21983	HGSV_156507	10	0	0.0	0.0	0.0
21984	HGSV_156669	10	0	0.821	0.821	0.0
21985	HGSV_156690	10	0	0.0	0.0	0.0
21986	HGSV_157021	10	0	0.0	0.0	0.0
21987	HGSV_157084	10	0	0.0	0.0	0.0
21988	HGSV_157111	10	0	0.0	0.0	0.0
21989	HGSV_157180	10	0	0.01	0.01	0.0
21990	HGSV_157182	10	0	0.0	0.0	0.0
21991	HGSV_15719	10	0	0.0	0.0	0.0
21992	HGSV_157342	10	0	0.0	0.0	0.0
21993	HGSV_157363	10	0	0.0	0.0	0.0
21994	HGSV_157495	10	0	0.0	0.0	0.0
21995	HGSV_157525	10	0	0.0	0.0	0.0
21996	HGSV_157554	10	0	0.003	0.003	0.0
21997	HGSV_157573	10	0	0.0	0.0	0.0
21998	HGSV_157595	10	1	0.0	0.0	0.0
21999	HGSV_157771	10	0	0.0	0.0	0.0
22000	HGSV_157882	10	0	0.0	0.0	0.0
22001	HGSV_157883	10	0	0.0	0.0	0.0
22002	HGSV_157943	10	0	0.002	0.002	0.0
22003	HGSV_157964	10	1	0.0	0.0	0.0
22004	HGSV_158057	10	0	0.0	0.0	0.0
22005	HGSV_158074	10	1	0.001	0.001	0.0
22006	HGSV_158098	10	0	0.0	0.0	0.0
22007	HGSV_158289	10	1	0.245	0.961	0.0
22008	HGSV_15833	10	0	0.001	0.001	0.0
22009	HGSV_158499	10	0	0.0	0.0	0.0
22010	HGSV_158504	10	0	0.0	0.0	0.0
22011	HGSV_158532	10	0	0.0	0.0	0.0
22012	HGSV_158878	10	0	0.001	0.001	0.0
22013	HGSV_158879	10	0	0.0	0.0	0.0
22014	HGSV_158922	10	0	0.0	0.0	0.0
22015	HGSV_158979	10	0	0.002	0.002	0.0
22016	HGSV_159134	10	0	0.001	0.001	0.0
22017	HGSV_16024	10	0	0.0	0.0	0.0
22018	HGSV_16069	10	1	0.0	0.0	0.0
22019	HGSV_16083	10	0	0.001	0.001	0.001
22020	HGSV_16248	10	0	0.0	0.0	0.0
22021	HGSV_16301	10	1	0.0	0.0	0.0
22022	HGSV_16630	10	0	0.0	0.0	0.0
22023	HGSV_16701	10	0	0.988	0.988	0.0
22024	HGSV_16804	10	0	0.562	0.562	0.0
22025	HGSV_16809	10	0	0.002	0.0	0.0
22026	HGSV_16915	10	0	0.504	0.504	0.0
22027	HGSV_16946	10	0	0.0	0.0	0.0
22028	HGSV_16974	10	0	0.0	0.0	0.0
22029	HGSV_17066	10	1	0.0	0.0	0.0
22030	HGSV_17126	10	1	0.0	0.0	0.0
22031	HGSV_17285	10	0	0.253	0.253	0.0
22032	HGSV_17358	10	0	0.0	0.0	0.0
22033	HGSV_17403	10	0	0.0	0.0	0.0
22034	HGSV_17506	10	0	0.0	0.0	0.0
22035	HGSV_17634	10	0	0.0	0.0	0.0
22036	HGSV_17637	10	1	0.001	0.001	0.0
22037	HGSV_17732	10	1	0.0	0.0	0.0
22038	HGSV_17745	10	0	0.0	0.0	0.0
22039	HGSV_17756	10	1	0.0	0.0	0.0
22040	HGSV_17911	10	0	0.001	0.001	0.0
22041	HGSV_18008	10	1	0.003	0.003	0.0
22042	HGSV_18011	10	0	0.0	0.0	0.0
22043	HGSV_18081	10	1	0.002	0.002	0.002
22044	HGSV_18088	10	0	0.002	0.002	0.002
22045	HGSV_1812	10	0	0.0	0.0	0.0
22046	HGSV_18363	10	0	0.0	0.0	0.0
22047	HGSV_18365	10	1	0.0	0.0	0.0
22048	HGSV_18456	10	0	0.001	0.001	0.0
22049	HGSV_18607	10	0	0.0	0.0	0.0
22050	HGSV_18812	10	0	0.0	0.0	0.0
22051	HGSV_18830	10	0	0.0	0.0	0.0
22052	HGSV_18908	10	0	0.0	0.0	0.0
22053	HGSV_18934	10	0	0.0	0.0	0.0
22054	HGSV_19101	10	1	0.0	0.0	0.0
22055	HGSV_19210	10	0	0.001	0.0	0.0
22056	HGSV_19509	10	0	0.0	0.0	0.0
22057	HGSV_19657	10	0	0.0	0.0	0.0
22058	HGSV_1976	10	0	0.0	0.0	0.0
22059	HGSV_1977	10	0	0.0	0.0	0.0
22060	HGSV_2043	10	1	0.0	0.0	0.0
22061	HGSV_2365	10	0	0.478	0.971	0.0
22062	HGSV_2435	10	0	0.0	0.0	0.0
22063	HGSV_2444	10	0	1.0	1.0	0.0
22064	HGSV_2452	10	0	0.001	0.001	0.0
22065	HGSV_2524	10	0	0.0	0.0	0.0
22066	HGSV_2678	10	0	0.0	0.0	0.0
22067	HGSV_2934	10	0	0.0	0.0	0.0
22068	HGSV_298	10	1	0.0	0.0	0.0
22069	HGSV_3101	10	0	0.0	0.0	0.0
22070	HGSV_3148	10	0	0.001	0.001	0.001
22071	HGSV_3669	10	0	0.0	0.0	0.0
22072	HGSV_3750	10	0	0.696	0.696	0.0
22073	HGSV_376	10	0	0.0	0.0	0.0
22074	HGSV_3820	10	0	0.0	0.0	0.0
22075	HGSV_3897	10	0	0.0	0.0	0.0
22076	HGSV_4086	10	0	0.0	0.0	0.0
22077	HGSV_4269	10	0	0.0	0.0	0.0
22078	HGSV_4308	10	0	0.0	0.0	0.0
22079	HGSV_4491	10	2	0.0	0.0	0.0
22080	HGSV_4673	10	5	0.001	0.001	0.001
22081	HGSV_4767	10	0	0.0	0.0	0.0
22082	HGSV_4784	10	0	0.0	0.0	0.0
22083	HGSV_4881	10	0	0.001	0.0	0.0
22084	HGSV_4962	10	1	0.0	0.0	0.0
22085	HGSV_4987	10	3	0.003	0.003	0.0
22086	HGSV_5013	10	0	0.0	0.0	0.0
22087	HGSV_5309	10	0	0.0	0.0	0.0
22088	HGSV_5360	10	0	0.0	0.0	0.0
22089	HGSV_5398	10	0	0.0	0.0	0.0
22090	HGSV_5458	10	0	0.197	0.197	0.0
22091	HGSV_5539	10	0	0.0	0.0	0.0
22092	HGSV_5560	10	0	0.0	0.0	0.0
22093	HGSV_5664	10	0	0.0	0.0	0.0
22094	HGSV_5695	10	0	0.003	0.003	0.0
22095	HGSV_5830	10	0	0.0	0.0	0.0
22096	HGSV_5849	10	1	0.0	0.0	0.0
22097	HGSV_5930	10	0	0.0	0.0	0.0
22098	HGSV_5964	10	1	0.0	0.0	0.0
22099	HGSV_624	10	1	0.0	0.0	0.0
22100	HGSV_6290	10	2	0.0	0.0	0.0
22101	HGSV_6320	10	1	0.001	0.001	0.0
22102	HGSV_6362	10	0	0.02	0.02	0.0
22103	HGSV_6429	10	0	0.0	0.0	0.0
22104	HGSV_6489	10	0	0.0	0.0	0.0
22105	HGSV_6522	10	0	0.0	0.0	0.0
22106	HGSV_6541	10	1	0.0	0.0	0.0
22107	HGSV_6739	10	0	0.0	0.0	0.0
22108	HGSV_6927	10	0	0.0	0.0	0.0
22109	HGSV_6946	10	0	0.004	0.004	0.0
22110	HGSV_6971	10	1	0.002	0.002	0.0
22111	HGSV_6999	10	0	0.0	0.0	0.0
22112	HGSV_7029	10	0	0.0	0.0	0.0
22113	HGSV_7080	10	0	0.997	0.997	0.0
22114	HGSV_7186	10	0	0.863	0.863	0.0
22115	HGSV_7194	10	0	0.0	0.0	0.0
22116	HGSV_7205	10	0	0.0	0.0	0.0
22117	HGSV_7355	10	0	0.0	0.0	0.0
22118	HGSV_7557	10	0	0.0	0.0	0.0
22119	HGSV_7579	10	0	0.0	0.0	0.0
22120	HGSV_7595	10	0	0.0	0.0	0.0
22121	HGSV_7837	10	0	0.0	0.0	0.0
22122	HGSV_7886	10	0	0.002	0.002	0.002
22123	HGSV_8127	10	0	0.001	0.001	0.0
22124	HGSV_8192	10	0	0.004	0.004	0.0
22125	HGSV_8224	10	0	0.0	0.0	0.0
22126	HGSV_8318	10	0	0.0	0.0	0.0
22127	HGSV_8344	10	0	0.0	0.0	0.0
22128	HGSV_844	10	0	0.0	0.0	0.0
22129	HGSV_8512	10	0	0.002	0.002	0.0
22130	HGSV_8552	10	0	0.0	0.0	0.0
22131	HGSV_8687	10	0	0.0	0.0	0.0
22132	HGSV_8749	10	0	0.0	0.0	0.0
22133	HGSV_8764	10	0	0.0	0.0	0.0
22134	HGSV_8992	10	1	0.002	0.0	0.0
22135	HGSV_9038	10	0	0.0	0.0	0.0
22136	HGSV_907	10	1	0.0	0.0	0.0
22137	HGSV_9083	10	0	0.0	0.0	0.0
22138	HGSV_9123	10	0	0.0	0.0	0.0
22139	HGSV_929	10	1	0.0	0.0	0.0
22140	HGSV_9411	10	0	0.0	0.0	0.0
22141	HGSV_9429	10	0	0.936	0.936	0.0
22142	HGSV_9608	10	0	0.0	0.0	0.0
22143	HGSV_9837	10	0	0.0	0.0	0.0
22144	HGSV_9901	10	1	0.001	0.001	0.001
22145	HGSV_9950	10	1	0.0	0.0	0.0
22146	HGSV_9996	10	0	0.002	0.002	0.0
22147	HGSV_10049	9	2	0.001	0.001	0.001
22148	HGSV_10092	9	3	0.0	0.0	0.0
22149	HGSV_10229	9	0	0.699	0.699	0.0
22150	HGSV_10302	9	0	0.0	0.0	0.0
22151	HGSV_10379	9	0	0.001	0.001	0.0
22152	HGSV_10417	9	0	0.0	0.0	0.0
22153	HGSV_10783	9	0	0.0	0.0	0.0
22154	HGSV_10889	9	0	0.002	0.002	0.0
22155	HGSV_11060	9	0	0.0	0.0	0.0
22156	HGSV_110	9	0	0.0	0.0	0.0
22157	HGSV_11570	9	0	0.0	0.0	0.0
22158	HGSV_11634	9	0	0.0	0.0	0.0
22159	HGSV_11819	9	0	0.0	0.0	0.0
22160	HGSV_12129	9	0	0.0	0.0	0.0
22161	HGSV_1217	9	1	0.0	0.0	0.0
22162	HGSV_12476	9	0	0.001	0.001	0.0
22163	HGSV_12612	9	0	0.0	0.0	0.0
22164	HGSV_12619	9	0	0.0	0.0	0.0
22165	HGSV_12945	9	0	0.0	0.0	0.0
22166	HGSV_13500	9	0	0.988	0.988	0.0
22167	HGSV_13749	9	0	0.0	0.0	0.0
22168	HGSV_13768	9	0	0.0	0.0	0.0
22169	HGSV_13812	9	0	0.0	0.0	0.0
22170	HGSV_13828	9	0	0.001	0.001	0.0
22171	HGSV_13934	9	0	0.0	0.0	0.0
22172	HGSV_13938	9	1	0.0	0.0	0.0
22173	HGSV_14026	9	0	0.0	0.0	0.0
22174	HGSV_14064	9	0	0.0	0.0	0.0
22175	HGSV_14147	9	0	0.0	0.0	0.0
22176	HGSV_14208	9	0	0.0	0.0	0.0
22177	HGSV_14348	9	0	0.0	0.0	0.0
22178	HGSV_143818	9	0	0.0	0.0	0.0
22179	HGSV_144156	9	1	0.0	0.0	0.0
22180	HGSV_144409	9	0	0.0	0.0	0.0
22181	HGSV_144478	9	1	0.0	0.0	0.0
22182	HGSV_144526	9	1	0.0	0.0	0.0
22183	HGSV_144535	9	0	0.0	0.0	0.0
22184	HGSV_144566	9	0	0.556	0.556	0.0
22185	HGSV_144635	9	1	0.0	0.0	0.0
22186	HGSV_144843	9	0	0.002	0.0	0.0
22187	HGSV_145027	9	0	0.001	0.001	0.0
22188	HGSV_145031	9	1	0.0	0.0	0.0
22189	HGSV_145049	9	0	0.0	0.0	0.0
22190	HGSV_145169	9	0	0.0	0.0	0.0
22191	HGSV_145203	9	0	0.0	0.0	0.0
22192	HGSV_14533	9	0	0.0	0.0	0.0
22193	HGSV_145874	9	1	0.002	0.002	0.002
22194	HGSV_14602	9	0	0.0	0.0	0.0
22195	HGSV_146198	9	0	0.0	0.0	0.0
22196	HGSV_146224	9	0	0.0	0.0	0.0
22197	HGSV_146234	9	0	0.0	0.0	0.0
22198	HGSV_14626	9	2	0.0	0.0	0.0
22199	HGSV_146462	9	0	0.0	0.0	0.0
22200	HGSV_146657	9	1	0.0	0.0	0.0
22201	HGSV_146680	9	0	0.004	0.0	0.0
22202	HGSV_146698	9	0	0.001	0.001	0.0
22203	HGSV_146739	9	0	0.0	0.0	0.0
22204	HGSV_146789	9	0	0.0	0.0	0.0
22205	HGSV_146803	9	1	0.0	0.0	0.0
22206	HGSV_146940	9	0	0.0	0.0	0.0
22207	HGSV_146991	9	0	0.0	0.0	0.0
22208	HGSV_147160	9	0	0.0	0.0	0.0
22209	HGSV_147561	9	0	0.001	0.001	0.0
22210	HGSV_147778	9	0	0.0	0.0	0.0
22211	HGSV_147784	9	0	0.0	0.0	0.0
22212	HGSV_147878	9	0	0.002	0.002	0.0
22213	HGSV_148173	9	0	0.0	0.0	0.0
22214	HGSV_148186	9	1	0.0	0.0	0.0
22215	HGSV_148219	9	1	0.002	0.002	0.0
22216	HGSV_148297	9	0	0.0	0.0	0.0
22217	HGSV_148346	9	1	0.001	0.001	0.0
22218	HGSV_148450	9	2	0.0	0.0	0.0
22219	HGSV_148480	9	0	0.0	0.0	0.0
22220	HGSV_148535	9	0	0.001	0.001	0.0
22221	HGSV_148548	9	0	0.001	0.001	0.0
22222	HGSV_148612	9	0	0.628	0.628	0.0
22223	HGSV_148764	9	0	0.0	0.0	0.0
22224	HGSV_148806	9	0	0.0	0.0	0.0
22225	HGSV_148925	9	0	0.607	0.607	0.0
22226	HGSV_149032	9	0	0.0	0.0	0.0
22227	HGSV_149157	9	0	0.0	0.0	0.0
22228	HGSV_149158	9	0	0.0	0.0	0.0
22229	HGSV_149186	9	0	0.0	0.0	0.0
22230	HGSV_149301	9	0	0.0	0.0	0.0
22231	HGSV_149348	9	0	0.001	0.001	0.0
22232	HGSV_149567	9	0	0.004	0.004	0.0
22233	HGSV_149693	9	0	0.0	0.0	0.0
22234	HGSV_149822	9	0	0.0	0.0	0.0
22235	HGSV_149904	9	0	0.0	0.0	0.0
22236	HGSV_150052	9	0	0.0	0.0	0.0
22237	HGSV_150097	9	0	0.0	0.0	0.0
22238	HGSV_15009	9	0	0.0	0.0	0.0
22239	HGSV_150198	9	0	0.0	0.0	0.0
22240	HGSV_150442	9	0	0.0	0.0	0.0
22241	HGSV_150503	9	0	0.0	0.0	0.0
22242	HGSV_150759	9	1	0.0	0.0	0.0
22243	HGSV_150777	9	0	0.0	0.0	0.0
22244	HGSV_150853	9	0	0.0	0.0	0.0
22245	HGSV_150882	9	1	0.0	0.0	0.0
22246	HGSV_151085	9	0	0.0	0.0	0.0
22247	HGSV_151238	9	0	0.0	0.0	0.0
22248	HGSV_151350	9	0	0.0	0.0	0.0
22249	HGSV_15154	9	0	0.0	0.0	0.0
22250	HGSV_151765	9	0	0.0	0.0	0.0
22251	HGSV_151968	9	0	0.0	0.0	0.0
22252	HGSV_152069	9	0	0.0	0.0	0.0
22253	HGSV_152577	9	0	0.002	0.002	0.0
22254	HGSV_152595	9	0	0.0	0.0	0.0
22255	HGSV_15266	9	0	0.0	0.0	0.0
22256	HGSV_152941	9	5	0.0	0.0	0.0
22257	HGSV_153249	9	0	0.0	0.0	0.0
22258	HGSV_153265	9	0	0.0	0.0	0.0
22259	HGSV_153469	9	0	0.001	0.001	0.0
22260	HGSV_153522	9	0	0.0	0.0	0.0
22261	HGSV_153588	9	0	0.0	0.0	0.0
22262	HGSV_153782	9	0	0.0	0.0	0.0
22263	HGSV_153887	9	0	0.0	0.0	0.0
22264	HGSV_153923	9	0	0.0	0.0	0.0
22265	HGSV_153980	9	0	0.0	0.0	0.0
22266	HGSV_154102	9	0	0.0	0.0	0.0
22267	HGSV_154162	9	0	0.0	0.0	0.0
22268	HGSV_154164	9	0	0.0	0.0	0.0
22269	HGSV_154225	9	1	0.0	0.0	0.0
22270	HGSV_154333	9	0	0.0	0.0	0.0
22271	HGSV_154339	9	0	0.0	0.0	0.0
22272	HGSV_15456	9	0	0.001	0.001	0.0
22273	HGSV_154653	9	0	0.0	0.0	0.0
22274	HGSV_154785	9	0	0.001	0.001	0.0
22275	HGSV_154827	9	0	0.001	0.001	0.001
22276	HGSV_154969	9	0	0.0	0.0	0.0
22277	HGSV_155139	9	0	0.0	0.0	0.0
22278	HGSV_15515	9	1	0.0	0.0	0.0
22279	HGSV_155181	9	0	0.0	0.0	0.0
22280	HGSV_15539	9	1	0.951	0.951	0.0
22281	HGSV_155579	9	0	0.0	0.0	0.0
22282	HGSV_155762	9	0	0.0	0.0	0.0
22283	HGSV_155823	9	0	0.0	0.0	0.0
22284	HGSV_156099	9	0	0.0	0.0	0.0
22285	HGSV_156108	9	0	0.0	0.0	0.0
22286	HGSV_156125	9	0	0.0	0.0	0.0
22287	HGSV_156182	9	0	0.0	0.0	0.0
22288	HGSV_156308	9	0	0.0	0.0	0.0
22289	HGSV_156410	9	0	0.0	0.0	0.0
22290	HGSV_156510	9	0	0.0	0.0	0.0
22291	HGSV_156522	9	0	0.0	0.0	0.0
22292	HGSV_156632	9	0	0.0	0.0	0.0
22293	HGSV_156641	9	0	0.0	0.0	0.0
22294	HGSV_156725	9	0	0.0	0.0	0.0
22295	HGSV_156832	9	0	0.0	0.0	0.0
22296	HGSV_15698	9	0	0.0	0.0	0.0
22297	HGSV_157044	9	0	0.0	0.0	0.0
22298	HGSV_157116	9	0	0.0	0.0	0.0
22299	HGSV_157121	9	0	1.0	1.0	0.0
22300	HGSV_157273	9	1	0.19	0.993	0.0
22301	HGSV_157299	9	0	0.0	0.0	0.0
22302	HGSV_157300	9	1	0.0	0.0	0.0
22303	HGSV_157360	9	0	0.0	0.0	0.0
22304	HGSV_157415	9	1	0.0	0.0	0.0
22305	HGSV_157436	9	0	0.0	0.0	0.0
22306	HGSV_157455	9	1	0.0	0.0	0.0
22307	HGSV_157491	9	0	0.001	0.0	0.0
22308	HGSV_157518	9	1	0.558	0.558	0.0
22309	HGSV_157572	9	0	0.0	0.0	0.0
22310	HGSV_157639	9	0	0.0	0.0	0.0
22311	HGSV_157703	9	1	0.0	0.0	0.0
22312	HGSV_157806	9	0	0.0	0.0	0.0
22313	HGSV_157850	9	0	0.0	0.0	0.0
22314	HGSV_15792	9	1	0.001	0.001	0.001
22315	HGSV_157941	9	0	0.0	0.0	0.0
22316	HGSV_157986	9	1	0.0	0.0	0.0
22317	HGSV_157992	9	0	0.0	0.0	0.0
22318	HGSV_158012	9	1	0.004	0.0	0.0
22319	HGSV_158153	9	1	0.0	0.0	0.0
22320	HGSV_158179	9	0	0.0	0.0	0.0
22321	HGSV_15835	9	1	0.0	0.0	0.0
22322	HGSV_158648	9	0	0.0	0.0	0.0
22323	HGSV_158776	9	0	0.0	0.0	0.0
22324	HGSV_158834	9	0	0.0	0.0	0.0
22325	HGSV_158858	9	0	0.0	0.0	0.0
22326	HGSV_158964	9	1	0.001	0.001	0.0
22327	HGSV_15937	9	0	0.0	0.0	0.0
22328	HGSV_15983	9	0	0.0	0.0	0.0
22329	HGSV_15987	9	0	0.0	0.0	0.0
22330	HGSV_16109	9	0	0.0	0.0	0.0
22331	HGSV_16152	9	1	0.0	0.0	0.0
22332	HGSV_16178	9	1	0.0	0.0	0.0
22333	HGSV_16247	9	0	1.0	1.0	0.0
22334	HGSV_16303	9	2	0.0	0.0	0.0
22335	HGSV_16315	9	1	0.0	0.0	0.0
22336	HGSV_16426	9	0	0.0	0.0	0.0
22337	HGSV_16448	9	0	0.001	0.001	0.0
22338	HGSV_16451	9	1	0.0	0.0	0.0
22339	HGSV_16515	9	0	0.0	0.0	0.0
22340	HGSV_16570	9	0	0.0	0.0	0.0
22341	HGSV_16617	9	0	0.0	0.0	0.0
22342	HGSV_1665	9	0	0.717	0.717	0.0
22343	HGSV_16663	9	0	0.0	0.0	0.0
22344	HGSV_16684	9	0	0.001	0.001	0.0
22345	HGSV_16744	9	0	0.001	0.001	0.0
22346	HGSV_16930	9	0	0.999	0.999	0.0
22347	HGSV_17169	9	0	0.002	0.0	0.0
22348	HGSV_17252	9	0	0.001	0.001	0.001
22349	HGSV_17333	9	1	0.0	0.0	0.0
22350	HGSV_1761	9	0	0.0	0.0	0.0
22351	HGSV_17684	9	0	0.0	0.0	0.0
22352	HGSV_17799	9	0	0.0	0.0	0.0
22353	HGSV_17881	9	0	0.0	0.0	0.0
22354	HGSV_17886	9	1	0.0	0.0	0.0
22355	HGSV_1804	9	0	0.0	0.0	0.0
22356	HGSV_1811	9	0	0.0	0.0	0.0
22357	HGSV_18171	9	0	0.0	0.0	0.0
22358	HGSV_18231	9	0	0.0	0.0	0.0
22359	HGSV_18281	9	0	0.0	0.0	0.0
22360	HGSV_18388	9	1	0.0	0.0	0.0
22361	HGSV_18484	9	1	0.0	0.0	0.0
22362	HGSV_18542	9	0	0.0	0.0	0.0
22363	HGSV_18575	9	1	0.0	0.0	0.0
22364	HGSV_18626	9	0	0.0	0.0	0.0
22365	HGSV_18822	9	1	0.0	0.0	0.0
22366	HGSV_19063	9	0	0.0	0.0	0.0
22367	HGSV_1906	9	0	0.0	0.0	0.0
22368	HGSV_19360	9	0	0.002	0.002	0.0
22369	HGSV_2154	9	0	0.0	0.0	0.0
22370	HGSV_2190	9	0	0.97	0.97	0.0
22371	HGSV_2246	9	0	0.001	0.001	0.0
22372	HGSV_2904	9	0	0.0	0.0	0.0
22373	HGSV_3152	9	1	0.0	0.0	0.0
22374	HGSV_3160	9	0	0.0	0.0	0.0
22375	HGSV_340	9	0	0.0	0.0	0.0
22376	HGSV_3491	9	0	0.0	0.0	0.0
22377	HGSV_4450	9	0	0.0	0.0	0.0
22378	HGSV_4480	9	0	0.0	0.0	0.0
22379	HGSV_4555	9	0	0.0	0.0	0.0
22380	HGSV_4589	9	0	0.001	0.001	0.001
22381	HGSV_4612	9	0	0.0	0.0	0.0
22382	HGSV_4649	9	0	0.0	0.0	0.0
22383	HGSV_4729	9	2	0.0	0.0	0.0
22384	HGSV_4787	9	0	0.001	0.001	0.0
22385	HGSV_480	9	0	0.0	0.0	0.0
22386	HGSV_4815	9	0	0.0	0.0	0.0
22387	HGSV_4829	9	0	0.0	0.0	0.0
22388	HGSV_4889	9	1	0.0	0.0	0.0
22389	HGSV_5259	9	1	0.002	0.002	0.002
22390	HGSV_5325	9	0	1.0	1.0	0.0
22391	HGSV_5344	9	0	0.986	0.986	0.0
22392	HGSV_5452	9	0	0.0	0.0	0.0
22393	HGSV_5479	9	0	0.004	0.004	0.0
22394	HGSV_5496	9	0	0.0	0.0	0.0
22395	HGSV_5537	9	0	0.0	0.0	0.0
22396	HGSV_5610	9	0	0.0	0.0	0.0
22397	HGSV_5718	9	0	0.0	0.0	0.0
22398	HGSV_585	9	0	0.002	0.002	0.0
22399	HGSV_5880	9	0	0.978	0.978	0.978
22400	HGSV_5907	9	0	0.0	0.0	0.0
22401	HGSV_5937	9	0	0.0	0.0	0.0
22402	HGSV_5962	9	0	0.001	0.001	0.0
22403	HGSV_5976	9	1	0.001	0.001	0.0
22404	HGSV_6077	9	1	0.0	0.0	0.0
22405	HGSV_6431	9	0	0.0	0.0	0.0
22406	HGSV_6435	9	0	0.0	0.0	0.0
22407	HGSV_6582	9	0	0.0	0.0	0.0
22408	HGSV_6620	9	0	0.0	0.0	0.0
22409	HGSV_6629	9	1	0.001	0.001	0.001
22410	HGSV_6855	9	0	0.0	0.0	0.0
22411	HGSV_6901	9	1	0.0	0.0	0.0
22412	HGSV_7082	9	0	0.004	0.004	0.0
22413	HGSV_7158	9	0	0.0	0.0	0.0
22414	HGSV_7215	9	0	0.0	0.0	0.0
22415	HGSV_7489	9	0	0.006	0.0	0.0
22416	HGSV_7493	9	0	0.0	0.0	0.0
22417	HGSV_7499	9	0	0.0	0.0	0.0
22418	HGSV_7564	9	0	0.0	0.0	0.0
22419	HGSV_7616	9	0	0.015	0.0	0.0
22420	HGSV_7728	9	0	0.0	0.0	0.0
22421	HGSV_7908	9	0	0.0	0.0	0.0
22422	HGSV_7961	9	1	0.0	0.0	0.0
22423	HGSV_8039	9	1	0.0	0.0	0.0
22424	HGSV_8082	9	3	0.002	0.002	0.0
22425	HGSV_8215	9	0	0.0	0.0	0.0
22426	HGSV_8237	9	0	0.0	0.0	0.0
22427	HGSV_8471	9	0	0.0	0.0	0.0
22428	HGSV_8476	9	0	0.0	0.0	0.0
22429	HGSV_8483	9	2	0.0	0.0	0.0
22430	HGSV_8492	9	0	0.001	0.001	0.0
22431	HGSV_8499	9	0	0.0	0.0	0.0
22432	HGSV_8696	9	0	0.0	0.0	0.0
22433	HGSV_8780	9	0	0.0	0.0	0.0
22434	HGSV_9016	9	0	0.0	0.0	0.0
22435	HGSV_9235	9	0	0.0	0.0	0.0
22436	HGSV_9278	9	0	0.0	0.0	0.0
22437	HGSV_9366	9	2	0.004	0.004	0.0
22438	HGSV_9598	9	0	0.0	0.0	0.0
22439	HGSV_9704	9	0	0.0	0.0	0.0
22440	HGSV_9845	9	0	0.0	0.0	0.0
22441	HGSV_10172	8	0	0.0	0.0	0.0
22442	HGSV_10385	8	1	0.991	0.999	0.0
22443	HGSV_10490	8	0	0.0	0.0	0.0
22444	HGSV_11007	8	0	0.0	0.0	0.0
22445	HGSV_11268	8	0	0.0	0.0	0.0
22446	HGSV_11541	8	0	0.0	0.0	0.0
22447	HGSV_11747	8	0	0.0	0.0	0.0
22448	HGSV_11870	8	1	0.0	0.0	0.0
22449	HGSV_12141	8	0	0.0	0.0	0.0
22450	HGSV_12424	8	0	0.0	0.0	0.0
22451	HGSV_12546	8	0	0.0	0.0	0.0
22452	HGSV_12825	8	0	0.999	0.999	0.0
22453	HGSV_12840	8	0	0.005	0.005	0.0
22454	HGSV_12995	8	0	0.0	0.0	0.0
22455	HGSV_1304	8	0	0.0	0.0	0.0
22456	HGSV_13120	8	0	0.002	0.002	0.002
22457	HGSV_13592	8	0	0.001	0.001	0.0
22458	HGSV_1360	8	0	0.0	0.0	0.0
22459	HGSV_13717	8	0	0.0	0.0	0.0
22460	HGSV_13727	8	0	0.0	0.0	0.0
22461	HGSV_13958	8	0	0.0	0.0	0.0
22462	HGSV_13995	8	0	0.0	0.0	0.0
22463	HGSV_14115	8	0	0.0	0.0	0.0
22464	HGSV_14140	8	0	0.001	0.001	0.0
22465	HGSV_143796	8	0	0.0	0.0	0.0
22466	HGSV_14401	8	0	0.0	0.0	0.0
22467	HGSV_14435	8	1	0.0	0.0	0.0
22468	HGSV_144900	8	0	0.0	0.0	0.0
22469	HGSV_144954	8	0	0.0	0.0	0.0
22470	HGSV_145082	8	2	0.0	0.0	0.0
22471	HGSV_145134	8	0	0.0	0.0	0.0
22472	HGSV_1451	8	1	0.0	0.0	0.0
22473	HGSV_145524	8	0	0.0	0.0	0.0
22474	HGSV_145544	8	0	0.0	0.0	0.0
22475	HGSV_145605	8	0	0.0	0.0	0.0
22476	HGSV_14581	8	1	0.0	0.0	0.0
22477	HGSV_145854	8	0	0.0	0.0	0.0
22478	HGSV_145921	8	0	0.0	0.0	0.0
22479	HGSV_145959	8	0	0.0	0.0	0.0
22480	HGSV_146135	8	0	0.0	0.0	0.0
22481	HGSV_146213	8	0	0.0	0.0	0.0
22482	HGSV_146283	8	0	0.0	0.0	0.0
22483	HGSV_146287	8	0	0.001	0.001	0.0
22484	HGSV_146288	8	0	0.0	0.0	0.0
22485	HGSV_146505	8	0	0.991	0.991	0.0
22486	HGSV_146676	8	0	0.001	0.001	0.0
22487	HGSV_146677	8	0	0.999	0.999	0.0
22488	HGSV_146938	8	0	0.0	0.0	0.0
22489	HGSV_147053	8	0	0.0	0.0	0.0
22490	HGSV_14731	8	1	0.0	0.0	0.0
22491	HGSV_147425	8	0	0.0	0.0	0.0
22492	HGSV_147570	8	1	0.0	0.0	0.0
22493	HGSV_147859	8	0	0.929	0.967	0.0
22494	HGSV_147978	8	0	0.0	0.0	0.0
22495	HGSV_148021	8	0	0.0	0.0	0.0
22496	HGSV_148023	8	0	0.265	0.265	0.0
22497	HGSV_148100	8	1	0.0	0.0	0.0
22498	HGSV_148180	8	0	0.0	0.0	0.0
22499	HGSV_148294	8	0	0.0	0.0	0.0
22500	HGSV_148325	8	0	0.0	0.0	0.0
22501	HGSV_148347	8	0	0.838	0.838	0.0
22502	HGSV_148882	8	0	0.0	0.0	0.0
22503	HGSV_148935	8	0	0.0	0.0	0.0
22504	HGSV_149009	8	1	0.0	0.0	0.0
22505	HGSV_14907	8	0	0.0	0.0	0.0
22506	HGSV_149174	8	1	0.001	0.001	0.0
22507	HGSV_149787	8	0	0.0	0.0	0.0
22508	HGSV_149949	8	1	0.0	0.0	0.0
22509	HGSV_149977	8	1	0.0	0.0	0.0
22510	HGSV_150488	8	0	0.0	0.0	0.0
22511	HGSV_150490	8	0	0.001	0.001	0.0
22512	HGSV_150615	8	0	0.0	0.0	0.0
22513	HGSV_150731	8	0	0.0	0.0	0.0
22514	HGSV_151178	8	0	0.0	0.0	0.0
22515	HGSV_151231	8	0	0.003	0.0	0.0
22516	HGSV_151268	8	0	0.001	0.001	0.0
22517	HGSV_151368	8	0	0.0	0.0	0.0
22518	HGSV_151487	8	0	0.0	0.0	0.0
22519	HGSV_15148	8	0	0.0	0.0	0.0
22520	HGSV_151640	8	0	0.0	0.0	0.0
22521	HGSV_151947	8	0	0.0	0.0	0.0
22522	HGSV_152101	8	0	0.0	0.0	0.0
22523	HGSV_152277	8	1	0.0	0.0	0.0
22524	HGSV_152809	8	0	0.0	0.0	0.0
22525	HGSV_15288	8	0	0.0	0.0	0.0
22526	HGSV_152893	8	0	0.237	0.237	0.0
22527	HGSV_153220	8	0	0.0	0.0	0.0
22528	HGSV_153449	8	0	0.0	0.0	0.0
22529	HGSV_153454	8	0	0.001	0.001	0.0
22530	HGSV_153500	8	1	0.0	0.0	0.0
22531	HGSV_153597	8	0	0.0	0.0	0.0
22532	HGSV_154033	8	0	0.0	0.0	0.0
22533	HGSV_154056	8	0	0.0	0.0	0.0
22534	HGSV_154141	8	0	0.0	0.0	0.0
22535	HGSV_154166	8	1	0.003	0.003	0.003
22536	HGSV_154180	8	0	0.0	0.0	0.0
22537	HGSV_154214	8	1	0.0	0.0	0.0
22538	HGSV_154422	8	2	0.0	0.0	0.0
22539	HGSV_154552	8	0	0.693	0.693	0.0
22540	HGSV_15463	8	0	0.0	0.0	0.0
22541	HGSV_154977	8	0	0.0	0.0	0.0
22542	HGSV_155085	8	0	0.0	0.0	0.0
22543	HGSV_155092	8	0	0.0	0.0	0.0
22544	HGSV_155276	8	1	0.0	0.0	0.0
22545	HGSV_155791	8	0	0.0	0.0	0.0
22546	HGSV_15582	8	0	0.781	0.0	0.0
22547	HGSV_156072	8	0	0.0	0.0	0.0
22548	HGSV_156144	8	0	0.0	0.0	0.0
22549	HGSV_156548	8	0	0.0	0.0	0.0
22550	HGSV_156560	8	1	0.0	0.0	0.0
22551	HGSV_156603	8	0	0.0	0.0	0.0
22552	HGSV_156836	8	1	0.0	0.0	0.0
22553	HGSV_156890	8	0	0.0	0.0	0.0
22554	HGSV_156919	8	0	0.001	0.001	0.0
22555	HGSV_157000	8	0	0.0	0.0	0.0
22556	HGSV_157119	8	1	0.001	0.001	0.001
22557	HGSV_157140	8	0	0.0	0.0	0.0
22558	HGSV_157345	8	0	0.002	0.002	0.0
22559	HGSV_157648	8	0	0.0	0.0	0.0
22560	HGSV_157715	8	0	0.0	0.0	0.0
22561	HGSV_158045	8	1	0.0	0.0	0.0
22562	HGSV_158119	8	0	0.0	0.0	0.0
22563	HGSV_158239	8	0	0.0	0.0	0.0
22564	HGSV_158857	8	0	0.0	0.0	0.0
22565	HGSV_158897	8	0	0.929	0.929	0.0
22566	HGSV_158918	8	0	0.0	0.0	0.0
22567	HGSV_158941	8	0	0.0	0.0	0.0
22568	HGSV_159000	8	0	0.0	0.0	0.0
22569	HGSV_15900	8	1	0.0	0.0	0.0
22570	HGSV_159090	8	0	0.0	0.0	0.0
22571	HGSV_15929	8	1	0.0	0.0	0.0
22572	HGSV_15939	8	0	0.0	0.0	0.0
22573	HGSV_15966	8	0	0.0	0.0	0.0
22574	HGSV_16143	8	1	0.0	0.0	0.0
22575	HGSV_16173	8	1	0.0	0.0	0.0
22576	HGSV_16187	8	1	0.0	0.0	0.0
22577	HGSV_16492	8	0	0.001	0.001	0.0
22578	HGSV_1668	8	1	0.001	0.001	0.0
22579	HGSV_16836	8	0	0.0	0.0	0.0
22580	HGSV_16992	8	0	0.0	0.0	0.0
22581	HGSV_17476	8	0	0.0	0.0	0.0
22582	HGSV_17589	8	0	0.0	0.0	0.0
22583	HGSV_17797	8	0	0.003	0.003	0.0
22584	HGSV_17863	8	0	0.0	0.0	0.0
22585	HGSV_17995	8	0	0.0	0.0	0.0
22586	HGSV_18027	8	0	0.0	0.0	0.0
22587	HGSV_18161	8	0	0.0	0.0	0.0
22588	HGSV_18269	8	0	0.0	0.0	0.0
22589	HGSV_18350	8	0	0.0	0.0	0.0
22590	HGSV_18685	8	0	0.0	0.0	0.0
22591	HGSV_18737	8	0	0.0	0.0	0.0
22592	HGSV_19156	8	0	0.0	0.0	0.0
22593	HGSV_19455	8	0	0.0	0.0	0.0
22594	HGSV_19481	8	0	0.0	0.0	0.0
22595	HGSV_19629	8	0	0.0	0.0	0.0
22596	HGSV_2054	8	0	0.0	0.0	0.0
22597	HGSV_2440	8	0	0.956	0.956	0.0
22598	HGSV_2582	8	0	0.0	0.0	0.0
22599	HGSV_2608	8	0	0.0	0.0	0.0
22600	HGSV_2929	8	0	0.001	0.001	0.001
22601	HGSV_3466	8	0	0.0	0.0	0.0
22602	HGSV_3744	8	0	0.0	0.0	0.0
22603	HGSV_3786	8	0	0.0	0.0	0.0
22604	HGSV_4106	8	0	0.0	0.0	0.0
22605	HGSV_4161	8	0	0.002	0.002	0.002
22606	HGSV_4399	8	0	0.0	0.0	0.0
22607	HGSV_4699	8	0	0.0	0.0	0.0
22608	HGSV_4748	8	0	0.0	0.0	0.0
22609	HGSV_4759	8	0	0.0	0.0	0.0
22610	HGSV_4774	8	1	0.0	0.0	0.0
22611	HGSV_5064	8	0	0.0	0.0	0.0
22612	HGSV_5209	8	0	0.0	0.0	0.0
22613	HGSV_5315	8	0	0.0	0.0	0.0
22614	HGSV_5424	8	0	0.0	0.0	0.0
22615	HGSV_5562	8	0	0.0	0.0	0.0
22616	HGSV_5835	8	0	0.0	0.0	0.0
22617	HGSV_5843	8	0	0.0	0.0	0.0
22618	HGSV_621	8	1	0.981	0.981	0.0
22619	HGSV_6343	8	0	0.0	0.0	0.0
22620	HGSV_6440	8	0	0.0	0.0	0.0
22621	HGSV_646	8	1	0.003	0.003	0.0
22622	HGSV_6537	8	0	0.0	0.0	0.0
22623	HGSV_6802	8	0	0.004	0.004	0.0
22624	HGSV_6857	8	0	0.0	0.0	0.0
22625	HGSV_6898	8	0	0.0	0.0	0.0
22626	HGSV_6903	8	1	0.0	0.0	0.0
22627	HGSV_6913	8	0	0.0	0.0	0.0
22628	HGSV_6958	8	0	0.0	0.0	0.0
22629	HGSV_6965	8	0	0.0	0.0	0.0
22630	HGSV_696	8	0	0.0	0.0	0.0
22631	HGSV_698	8	0	0.0	0.0	0.0
22632	HGSV_7089	8	0	0.0	0.0	0.0
22633	HGSV_7288	8	0	0.0	0.0	0.0
22634	HGSV_7337	8	0	0.001	0.001	0.0
22635	HGSV_7634	8	0	0.0	0.0	0.0
22636	HGSV_7636	8	0	0.0	0.0	0.0
22637	HGSV_7770	8	0	0.0	0.0	0.0
22638	HGSV_8167	8	0	0.701	0.701	0.0
22639	HGSV_8333	8	0	0.0	0.0	0.0
22640	HGSV_833	8	0	0.0	0.0	0.0
22641	HGSV_8380	8	0	0.0	0.0	0.0
22642	HGSV_8383	8	2	0.0	0.0	0.0
22643	HGSV_8391	8	0	0.0	0.0	0.0
22644	HGSV_8425	8	1	0.0	0.0	0.0
22645	HGSV_8474	8	0	0.0	0.0	0.0
22646	HGSV_8526	8	0	0.0	0.0	0.0
22647	HGSV_8728	8	0	0.0	0.0	0.0
22648	HGSV_9415	8	0	0.001	0.001	0.0
22649	HGSV_9445	8	1	0.895	0.895	0.0
22650	HGSV_9484	8	0	0.001	0.001	0.0
22651	HGSV_9707	8	2	0.0	0.0	0.0
22652	HGSV_9840	8	0	0.0	0.0	0.0
22653	HGSV_10841	7	0	0.398	0.0	0.0
22654	HGSV_10949	7	0	0.0	0.0	0.0
22655	HGSV_11171	7	0	0.0	0.0	0.0
22656	HGSV_12097	7	0	0.0	0.0	0.0
22657	HGSV_12321	7	0	0.001	0.001	0.001
22658	HGSV_12495	7	1	0.157	0.157	0.0
22659	HGSV_1272	7	0	0.0	0.0	0.0
22660	HGSV_12783	7	0	0.0	0.0	0.0
22661	HGSV_13035	7	0	0.0	0.0	0.0
22662	HGSV_13702	7	0	0.0	0.0	0.0
22663	HGSV_13951	7	0	0.0	0.0	0.0
22664	HGSV_14086	7	0	0.0	0.0	0.0
22665	HGSV_14294	7	0	0.0	0.0	0.0
22666	HGSV_144056	7	1	0.0	0.0	0.0
22667	HGSV_14410	7	0	0.0	0.0	0.0
22668	HGSV_1441	7	0	0.002	0.002	0.0
22669	HGSV_144286	7	0	0.0	0.0	0.0
22670	HGSV_14485	7	0	0.0	0.0	0.0
22671	HGSV_144901	7	0	0.0	0.0	0.0
22672	HGSV_145822	7	0	0.0	0.0	0.0
22673	HGSV_145879	7	0	0.0	0.0	0.0
22674	HGSV_146063	7	0	0.566	0.0	0.0
22675	HGSV_146383	7	0	0.0	0.0	0.0
22676	HGSV_146750	7	0	0.0	0.0	0.0
22677	HGSV_147005	7	1	0.0	0.0	0.0
22678	HGSV_147048	7	2	0.0	0.0	0.0
22679	HGSV_147420	7	0	0.0	0.0	0.0
22680	HGSV_148292	7	0	0.0	0.0	0.0
22681	HGSV_14847	7	0	0.001	0.001	0.0
22682	HGSV_148842	7	1	0.002	0.002	0.002
22683	HGSV_148876	7	0	0.001	0.001	0.001
22684	HGSV_149455	7	0	0.0	0.0	0.0
22685	HGSV_149547	7	0	0.0	0.0	0.0
22686	HGSV_149577	7	0	0.002	0.002	0.002
22687	HGSV_149946	7	0	0.0	0.0	0.0
22688	HGSV_149970	7	0	0.0	0.0	0.0
22689	HGSV_150160	7	0	0.0	0.0	0.0
22690	HGSV_150207	7	0	0.0	0.0	0.0
22691	HGSV_150462	7	0	0.0	0.0	0.0
22692	HGSV_150577	7	0	0.0	0.0	0.0
22693	HGSV_150722	7	0	0.0	0.0	0.0
22694	HGSV_150746	7	1	0.001	0.001	0.001
22695	HGSV_151074	7	0	0.002	0.002	0.0
22696	HGSV_151190	7	1	0.0	0.0	0.0
22697	HGSV_151256	7	0	0.0	0.0	0.0
22698	HGSV_152052	7	1	0.0	0.0	0.0
22699	HGSV_152686	7	0	0.0	0.0	0.0
22700	HGSV_152787	7	0	0.77	0.77	0.0
22701	HGSV_152818	7	0	0.0	0.0	0.0
22702	HGSV_152912	7	0	0.0	0.0	0.0
22703	HGSV_153309	7	0	0.0	0.0	0.0
22704	HGSV_15345	7	0	0.0	0.0	0.0
22705	HGSV_153552	7	1	0.001	0.001	0.0
22706	HGSV_153686	7	3	0.0	0.0	0.0
22707	HGSV_153690	7	0	0.0	0.0	0.0
22708	HGSV_153756	7	0	0.0	0.0	0.0
22709	HGSV_153921	7	2	0.0	0.0	0.0
22710	HGSV_153930	7	0	0.0	0.0	0.0
22711	HGSV_153961	7	1	0.0	0.0	0.0
22712	HGSV_154262	7	0	0.0	0.0	0.0
22713	HGSV_154383	7	0	0.0	0.0	0.0
22714	HGSV_154389	7	0	0.0	0.0	0.0
22715	HGSV_15440	7	0	0.0	0.0	0.0
22716	HGSV_154472	7	1	0.0	0.0	0.0
22717	HGSV_154596	7	0	0.0	0.0	0.0
22718	HGSV_154645	7	0	0.0	0.0	0.0
22719	HGSV_154763	7	0	0.0	0.0	0.0
22720	HGSV_154936	7	0	0.0	0.0	0.0
22721	HGSV_15531	7	1	0.0	0.0	0.0
22722	HGSV_155697	7	0	0.0	0.0	0.0
22723	HGSV_156430	7	0	0.0	0.0	0.0
22724	HGSV_156600	7	1	0.0	0.0	0.0
22725	HGSV_15675	7	1	0.001	0.001	0.0
22726	HGSV_156821	7	1	0.0	0.0	0.0
22727	HGSV_156846	7	0	0.577	0.577	0.0
22728	HGSV_157264	7	3	0.0	0.0	0.0
22729	HGSV_157567	7	0	0.0	0.0	0.0
22730	HGSV_157675	7	1	0.0	0.0	0.0
22731	HGSV_157728	7	0	0.0	0.0	0.0
22732	HGSV_157931	7	0	0.0	0.0	0.0
22733	HGSV_158221	7	0	0.0	0.0	0.0
22734	HGSV_158267	7	0	0.0	0.0	0.0
22735	HGSV_158348	7	0	0.0	0.0	0.0
22736	HGSV_158391	7	0	0.0	0.0	0.0
22737	HGSV_158695	7	1	0.0	0.0	0.0
22738	HGSV_158777	7	0	0.0	0.0	0.0
22739	HGSV_15888	7	1	0.0	0.0	0.0
22740	HGSV_158904	7	0	0.0	0.0	0.0
22741	HGSV_159083	7	0	0.001	0.001	0.0
22742	HGSV_159093	7	0	0.0	0.0	0.0
22743	HGSV_159106	7	0	0.003	0.003	0.0
22744	HGSV_16070	7	0	0.0	0.0	0.0
22745	HGSV_16169	7	0	0.001	0.001	0.0
22746	HGSV_16474	7	0	0.0	0.0	0.0
22747	HGSV_16486	7	4	0.0	0.0	0.0
22748	HGSV_1676	7	0	0.0	0.0	0.0
22749	HGSV_1688	7	0	0.0	0.0	0.0
22750	HGSV_16972	7	0	0.0	0.0	0.0
22751	HGSV_17024	7	0	0.001	0.001	0.0
22752	HGSV_17083	7	0	0.0	0.0	0.0
22753	HGSV_17265	7	0	0.0	0.0	0.0
22754	HGSV_1788	7	0	0.0	0.0	0.0
22755	HGSV_17982	7	0	0.423	0.423	0.0
22756	HGSV_18025	7	0	0.0	0.0	0.0
22757	HGSV_18258	7	0	0.0	0.0	0.0
22758	HGSV_18488	7	0	0.0	0.0	0.0
22759	HGSV_18539	7	2	0.0	0.0	0.0
22760	HGSV_18628	7	0	0.0	0.0	0.0
22761	HGSV_18767	7	1	0.0	0.0	0.0
22762	HGSV_19115	7	0	0.0	0.0	0.0
22763	HGSV_19150	7	1	0.0	0.0	0.0
22764	HGSV_19237	7	1	0.0	0.0	0.0
22765	HGSV_19344	7	1	0.0	0.0	0.0
22766	HGSV_19624	7	0	0.001	0.001	0.0
22767	HGSV_2158	7	0	0.0	0.0	0.0
22768	HGSV_2165	7	0	0.422	0.647	0.0
22769	HGSV_2316	7	0	0.0	0.0	0.0
22770	HGSV_2868	7	0	0.0	0.0	0.0
22771	HGSV_3479	7	0	0.0	0.0	0.0
22772	HGSV_380	7	0	0.0	0.0	0.0
22773	HGSV_3872	7	0	1.0	1.0	0.0
22774	HGSV_4578	7	0	0.0	0.0	0.0
22775	HGSV_4595	7	0	0.0	0.0	0.0
22776	HGSV_475	7	0	0.0	0.0	0.0
22777	HGSV_5392	7	0	0.0	0.0	0.0
22778	HGSV_5655	7	0	0.0	0.0	0.0
22779	HGSV_5777	7	0	0.0	0.0	0.0
22780	HGSV_5805	7	0	0.0	0.0	0.0
22781	HGSV_5988	7	0	0.0	0.0	0.0
22782	HGSV_6026	7	0	0.0	0.0	0.0
22783	HGSV_613	7	0	0.0	0.0	0.0
22784	HGSV_6230	7	0	0.0	0.0	0.0
22785	HGSV_625	7	0	0.0	0.0	0.0
22786	HGSV_7033	7	0	0.0	0.0	0.0
22787	HGSV_7252	7	1	0.0	0.0	0.0
22788	HGSV_7378	7	0	0.0	0.0	0.0
22789	HGSV_7389	7	0	0.0	0.0	0.0
22790	HGSV_7846	7	0	0.0	0.0	0.0
22791	HGSV_8094	7	0	0.0	0.0	0.0
22792	HGSV_8475	7	1	0.0	0.0	0.0
22793	HGSV_8615	7	0	0.0	0.0	0.0
22794	HGSV_8668	7	0	0.727	0.9	0.0
22795	HGSV_868	7	0	0.0	0.0	0.0
22796	HGSV_8884	7	0	0.0	0.0	0.0
22797	HGSV_894	7	1	0.0	0.0	0.0
22798	HGSV_9054	7	0	0.0	0.0	0.0
22799	HGSV_9408	7	0	0.312	0.312	0.0
22800	HGSV_9425	7	0	0.0	0.0	0.0
22801	HGSV_948	7	0	0.427	0.971	0.0
22802	HGSV_9946	7	0	0.0	0.0	0.0
22803	HGSV_10191	6	0	0.0	0.0	0.0
22804	HGSV_10495	6	0	0.0	0.0	0.0
22805	HGSV_10615	6	0	0.0	0.0	0.0
22806	HGSV_10622	6	0	0.002	0.002	0.002
22807	HGSV_10771	6	2	0.0	0.0	0.0
22808	HGSV_11580	6	0	0.0	0.0	0.0
22809	HGSV_11943	6	0	0.0	0.0	0.0
22810	HGSV_12056	6	0	0.0	0.0	0.0
22811	HGSV_12084	6	0	0.0	0.0	0.0
22812	HGSV_12754	6	0	0.0	0.0	0.0
22813	HGSV_13152	6	1	0.0	0.0	0.0
22814	HGSV_13406	6	0	0.0	0.0	0.0
22815	HGSV_13718	6	0	0.0	0.0	0.0
22816	HGSV_144621	6	0	0.0	0.0	0.0
22817	HGSV_144851	6	0	0.0	0.0	0.0
22818	HGSV_145000	6	0	0.0	0.0	0.0
22819	HGSV_145240	6	1	0.0	0.0	0.0
22820	HGSV_145587	6	0	0.0	0.0	0.0
22821	HGSV_145787	6	0	0.0	0.0	0.0
22822	HGSV_145927	6	0	0.48	0.725	0.0
22823	HGSV_146179	6	0	0.0	0.0	0.0
22824	HGSV_146546	6	0	0.0	0.0	0.0
22825	HGSV_146627	6	0	0.0	0.0	0.0
22826	HGSV_14809	6	0	0.001	0.0	0.0
22827	HGSV_148315	6	2	0.0	0.0	0.0
22828	HGSV_148622	6	3	0.0	0.0	0.0
22829	HGSV_148637	6	1	0.0	0.0	0.0
22830	HGSV_148851	6	0	0.0	0.0	0.0
22831	HGSV_149913	6	0	0.001	0.0	0.0
22832	HGSV_150088	6	0	0.0	0.0	0.0
22833	HGSV_150400	6	0	0.0	0.0	0.0
22834	HGSV_150482	6	3	0.001	0.001	0.001
22835	HGSV_151373	6	0	0.0	0.0	0.0
22836	HGSV_151848	6	0	0.0	0.0	0.0
22837	HGSV_152176	6	0	0.0	0.0	0.0
22838	HGSV_152760	6	0	0.354	0.684	0.0
22839	HGSV_152765	6	0	0.0	0.0	0.0
22840	HGSV_153352	6	0	0.0	0.0	0.0
22841	HGSV_153523	6	0	0.0	0.0	0.0
22842	HGSV_153772	6	0	0.0	0.0	0.0
22843	HGSV_154898	6	1	0.0	0.0	0.0
22844	HGSV_155316	6	1	0.0	0.0	0.0
22845	HGSV_155585	6	0	0.0	0.0	0.0
22846	HGSV_156798	6	0	0.0	0.0	0.0
22847	HGSV_157205	6	1	0.0	0.0	0.0
22848	HGSV_158330	6	0	0.0	0.0	0.0
22849	HGSV_158591	6	0	0.0	0.0	0.0
22850	HGSV_158720	6	1	0.0	0.0	0.0
22851	HGSV_158867	6	0	0.0	0.0	0.0
22852	HGSV_158936	6	0	0.656	0.656	0.0
22853	HGSV_159050	6	0	0.0	0.0	0.0
22854	HGSV_159052	6	1	0.0	0.0	0.0
22855	HGSV_15955	6	0	0.0	0.0	0.0
22856	HGSV_1611	6	0	0.0	0.0	0.0
22857	HGSV_16765	6	0	0.0	0.0	0.0
22858	HGSV_17862	6	0	0.0	0.0	0.0
22859	HGSV_17897	6	1	0.0	0.0	0.0
22860	HGSV_17978	6	1	0.0	0.0	0.0
22861	HGSV_18544	6	0	0.0	0.0	0.0
22862	HGSV_18616	6	1	0.0	0.0	0.0
22863	HGSV_18709	6	0	0.0	0.0	0.0
22864	HGSV_19334	6	1	0.0	0.0	0.0
22865	HGSV_19338	6	0	0.001	0.001	0.0
22866	HGSV_19494	6	0	0.0	0.0	0.0
22867	HGSV_1997	6	0	0.0	0.0	0.0
22868	HGSV_2126	6	0	0.0	0.0	0.0
22869	HGSV_416	6	1	0.001	0.001	0.001
22870	HGSV_426	6	0	0.0	0.0	0.0
22871	HGSV_4446	6	0	0.0	0.0	0.0
22872	HGSV_460	6	0	0.0	0.0	0.0
22873	HGSV_5526	6	0	0.268	0.814	0.0
22874	HGSV_5631	6	0	0.0	0.0	0.0
22875	HGSV_58	6	0	0.0	0.0	0.0
22876	HGSV_5947	6	0	0.0	0.0	0.0
22877	HGSV_6075	6	0	0.0	0.0	0.0
22878	HGSV_6477	6	0	0.429	0.429	0.0
22879	HGSV_6521	6	0	0.0	0.0	0.0
22880	HGSV_6554	6	1	0.0	0.0	0.0
22881	HGSV_6634	6	0	0.988	0.988	0.988
22882	HGSV_6649	6	1	0.0	0.0	0.0
22883	HGSV_6687	6	0	0.0	0.0	0.0
22884	HGSV_7309	6	0	0.0	0.0	0.0
22885	HGSV_7441	6	0	0.0	0.0	0.0
22886	HGSV_7774	6	0	0.776	0.776	0.0
22887	HGSV_8090	6	0	0.0	0.0	0.0
22888	HGSV_9049	6	0	0.0	0.0	0.0
22889	HGSV_9395	6	1	0.0	0.0	0.0
22890	HGSV_10698	5	0	0.0	0.0	0.0
22891	HGSV_10770	5	2	0.0	0.0	0.0
22892	HGSV_11269	5	1	0.0	0.0	0.0
22893	HGSV_11665	5	0	0.0	0.0	0.0
22894	HGSV_11668	5	0	0.005	0.005	0.0
22895	HGSV_11712	5	0	0.0	0.0	0.0
22896	HGSV_13238	5	0	0.0	0.0	0.0
22897	HGSV_1353	5	0	0.0	0.0	0.0
22898	HGSV_13569	5	0	0.0	0.0	0.0
22899	HGSV_143786	5	0	0.004	0.004	0.0
22900	HGSV_143804	5	5	0.002	0.002	0.0
22901	HGSV_144918	5	0	0.0	0.0	0.0
22902	HGSV_14549	5	0	0.0	0.0	0.0
22903	HGSV_145675	5	0	0.004	0.0	0.0
22904	HGSV_145727	5	0	0.0	0.0	0.0
22905	HGSV_147031	5	0	0.766	0.766	0.0
22906	HGSV_148563	5	0	0.0	0.0	0.0
22907	HGSV_149039	5	0	0.0	0.0	0.0
22908	HGSV_149180	5	0	0.001	0.001	0.001
22909	HGSV_149604	5	0	0.1	0.1	0.1
22910	HGSV_149887	5	0	0.0	0.0	0.0
22911	HGSV_150006	5	0	0.0	0.0	0.0
22912	HGSV_150499	5	1	0.002	0.002	0.0
22913	HGSV_15078	5	3	0.0	0.0	0.0
22914	HGSV_150916	5	1	0.0	0.0	0.0
22915	HGSV_151536	5	0	0.0	0.0	0.0
22916	HGSV_152813	5	0	0.0	0.0	0.0
22917	HGSV_152984	5	0	0.001	0.001	0.0
22918	HGSV_153002	5	0	0.001	0.001	0.0
22919	HGSV_154005	5	1	0.0	0.0	0.0
22920	HGSV_154789	5	1	0.0	0.0	0.0
22921	HGSV_155106	5	0	0.0	0.0	0.0
22922	HGSV_156815	5	0	0.0	0.0	0.0
22923	HGSV_156967	5	0	0.0	0.0	0.0
22924	HGSV_157283	5	0	0.001	0.001	0.0
22925	HGSV_157656	5	0	0.0	0.0	0.0
22926	HGSV_157722	5	0	0.0	0.0	0.0
22927	HGSV_157855	5	0	0.0	0.0	0.0
22928	HGSV_158111	5	0	0.0	0.0	0.0
22929	HGSV_158890	5	0	0.0	0.0	0.0
22930	HGSV_16195	5	1	0.0	0.0	0.0
22931	HGSV_17094	5	0	0.0	0.0	0.0
22932	HGSV_17533	5	0	0.0	0.0	0.0
22933	HGSV_17650	5	0	0.0	0.0	0.0
22934	HGSV_18204	5	0	0.0	0.0	0.0
22935	HGSV_19563	5	1	0.0	0.0	0.0
22936	HGSV_2438	5	1	0.006	0.006	0.006
22937	HGSV_2789	5	0	0.0	0.0	0.0
22938	HGSV_3118	5	0	0.0	0.0	0.0
22939	HGSV_4585	5	0	0.0	0.0	0.0
22940	HGSV_4713	5	0	0.0	0.0	0.0
22941	HGSV_4852	5	0	0.001	0.001	0.0
22942	HGSV_5127	5	0	0.0	0.0	0.0
22943	HGSV_5142	5	0	0.0	0.0	0.0
22944	HGSV_5263	5	0	0.006	0.006	0.0
22945	HGSV_6091	5	1	0.001	0.001	0.0
22946	HGSV_736	5	0	0.0	0.0	0.0
22947	HGSV_7603	5	0	0.0	0.0	0.0
22948	HGSV_8024	5	0	0.0	0.0	0.0
22949	HGSV_8539	5	0	0.0	0.0	0.0
22950	HGSV_8709	5	0	0.0	0.0	0.0
22951	HGSV_11170	4	0	0.0	0.0	0.0
22952	HGSV_11358	4	0	0.0	0.0	0.0
22953	HGSV_12199	4	0	0.0	0.0	0.0
22954	HGSV_12931	4	0	0.0	0.0	0.0
22955	HGSV_1293	4	0	0.0	0.0	0.0
22956	HGSV_13848	4	0	0.0	0.0	0.0
22957	HGSV_14451	4	0	0.0	0.0	0.0
22958	HGSV_146430	4	0	0.0	0.0	0.0
22959	HGSV_146525	4	0	0.0	0.0	0.0
22960	HGSV_147436	4	0	0.0	0.0	0.0
22961	HGSV_147828	4	1	0.0	0.0	0.0
22962	HGSV_147966	4	1	0.0	0.0	0.0
22963	HGSV_148604	4	0	0.0	0.0	0.0
22964	HGSV_15005	4	1	0.0	0.0	0.0
22965	HGSV_150917	4	0	0.995	0.995	0.0
22966	HGSV_153826	4	0	0.0	0.0	0.0
22967	HGSV_15402	4	0	0.0	0.0	0.0
22968	HGSV_154175	4	1	0.0	0.0	0.0
22969	HGSV_154910	4	0	0.0	0.0	0.0
22970	HGSV_155457	4	0	0.0	0.0	0.0
22971	HGSV_155797	4	1	0.0	0.0	0.0
22972	HGSV_155896	4	0	0.006	0.0	0.0
22973	HGSV_157843	4	0	0.0	0.0	0.0
22974	HGSV_15837	4	1	0.0	0.0	0.0
22975	HGSV_15930	4	0	0.0	0.0	0.0
22976	HGSV_1641	4	1	0.0	0.0	0.0
22977	HGSV_18270	4	1	0.0	0.0	0.0
22978	HGSV_18653	4	0	0.0	0.0	0.0
22979	HGSV_18722	4	1	0.0	0.0	0.0
22980	HGSV_19605	4	0	0.001	0.001	0.001
22981	HGSV_19606	4	1	0.0	0.0	0.0
22982	HGSV_2197	4	1	0.001	0.001	0.0
22983	HGSV_4533	4	0	0.001	0.001	0.0
22984	HGSV_4654	4	0	0.0	0.0	0.0
22985	HGSV_5355	4	0	0.0	0.0	0.0
22986	HGSV_8792	4	0	0.0	0.0	0.0
22987	HGSV_10695	3	0	0.0	0.0	0.0
22988	HGSV_10750	3	0	0.0	0.0	0.0
22989	HGSV_14628	3	1	0.0	0.0	0.0
22990	HGSV_1467	3	0	0.0	0.0	0.0
22991	HGSV_148352	3	0	0.0	0.0	0.0
22992	HGSV_151879	3	1	0.0	0.0	0.0
22993	HGSV_153708	3	0	0.0	0.0	0.0
22994	HGSV_156033	3	0	0.91	0.91	0.91
22995	HGSV_157539	3	0	0.0	0.0	0.0
22996	HGSV_159028	3	0	0.0	0.0	0.0
22997	HGSV_18547	3	1	0.224	0.224	0.558
22998	HGSV_18712	3	1	0.0	0.0	0.0
22999	HGSV_19199	3	0	0.0	0.0	0.0
23000	HGSV_19309	3	1	0.001	0.001	0.001
23001	HGSV_19445	3	2	0.0	0.0	0.0
23002	HGSV_2198	3	1	0.0	0.0	0.0
23003	HGSV_3198	3	0	0.0	0.0	0.0
23004	HGSV_9551	3	0	0.0	0.0	0.0
23005	HGSV_10493	2	0	0.0	0.0	0.0
23006	HGSV_14296	2	0	0.0	0.0	0.0
23007	HGSV_144069	2	0	0.0	0.0	0.0
23008	HGSV_145116	2	1	0.0	0.0	0.0
23009	HGSV_145482	2	1	0.0	0.0	0.0
23010	HGSV_14587	2	0	0.0	0.0	0.0
23011	HGSV_146993	2	0	0.001	0.001	0.001
23012	HGSV_147727	2	0	0.0	0.0	0.0
23013	HGSV_148175	2	0	0.0	0.0	0.0
23014	HGSV_148286	2	0	0.0	0.0	0.0
23015	HGSV_148553	2	2	0.002	0.002	0.002
23016	HGSV_148756	2	1	0.0	0.0	0.0
23017	HGSV_152068	2	0	0.0	0.0	0.0
23018	HGSV_152372	2	0	0.0	0.0	0.0
23019	HGSV_152734	2	2	0.0	0.0	0.0
23020	HGSV_155075	2	2	0.0	0.0	0.0
23021	HGSV_155195	2	2	0.0	0.0	0.0
23022	HGSV_155824	2	0	0.0	0.0	0.0
23023	HGSV_15584	2	1	0.001	0.001	0.001
23024	HGSV_158521	2	1	0.0	0.0	0.0
23025	HGSV_17473	2	0	0.0	0.0	0.0
23026	HGSV_5596	2	1	0.0	0.0	0.0
23027	HGSV_5986	2	0	0.0	0.0	0.0
23028	HGSV_8993	2	1	0.0	0.0	0.0
23029	HGSV_9881	2	0	0.0	0.0	0.0
23030	HGSV_9899	2	0	0.0	0.0	0.0
23031	HGSV_10531	1	0	0.0	0.0	0.0
23032	HGSV_10555	1	0	0.0	0.0	0.0
23033	HGSV_10633	1	0	0.0	0.0	0.0
23034	HGSV_10746	1	0	0.0	0.0	0.0
23035	HGSV_10881	1	0	0.0	0.0	0.0
23036	HGSV_10983	1	1	0.0	0.0	0.0
23037	HGSV_11114	1	0	0.0	0.0	0.0
23038	HGSV_11484	1	1	0.0	0.0	0.0
23039	HGSV_12430	1	1	0.0	0.0	0.0
23040	HGSV_12432	1	1	0.0	0.0	0.0
23041	HGSV_13278	1	0	0.0	0.0	0.0
23042	HGSV_144168	1	0	0.0	0.0	0.0
23043	HGSV_144529	1	0	0.0	0.0	0.0
23044	HGSV_145262	1	1	0.0	0.0	0.0
23045	HGSV_145406	1	0	0.0	0.0	0.0
23046	HGSV_145574	1	0	0.0	0.0	0.0
23047	HGSV_146122	1	1	0.0	0.0	0.0
23048	HGSV_146683	1	1	0.0	0.0	0.0
23049	HGSV_146828	1	1	0.0	0.0	0.0
23050	HGSV_146967	1	1	0.0	0.0	0.0
23051	HGSV_147041	1	1	0.001	0.001	0.001
23052	HGSV_147299	1	0	0.0	0.0	0.0
23053	HGSV_147608	1	0	0.0	0.0	0.0
23054	HGSV_149283	1	1	0.0	0.0	0.0
23055	HGSV_149475	1	1	0.0	0.0	0.0
23056	HGSV_149495	1	0	0.002	0.0	0.0
23057	HGSV_14975	1	1	0.0	0.0	0.0
23058	HGSV_150387	1	0	0.0	0.0	0.0
23059	HGSV_150621	1	1	0.0	0.0	0.0
23060	HGSV_150623	1	1	0.0	0.0	0.0
23061	HGSV_151086	1	1	0.0	0.0	0.0
23062	HGSV_15116	1	0	0.0	0.0	0.0
23063	HGSV_151372	1	1	0.0	0.0	0.0
23064	HGSV_151909	1	0	0.001	0.001	0.001
23065	HGSV_153641	1	1	0.0	0.0	0.0
23066	HGSV_153933	1	1	0.0	0.0	0.0
23067	HGSV_154712	1	1	0.0	0.0	0.0
23068	HGSV_154996	1	1	0.0	0.0	0.0
23069	HGSV_155116	1	1	0.002	0.002	0.002
23070	HGSV_155453	1	1	0.0	0.0	0.0
23071	HGSV_155569	1	1	0.0	0.0	0.0
23072	HGSV_156016	1	1	0.0	0.0	0.0
23073	HGSV_156213	1	0	0.0	0.0	0.0
23074	HGSV_157213	1	1	0.0	0.0	0.0
23075	HGSV_157634	1	1	0.0	0.0	0.0
23076	HGSV_158163	1	1	0.0	0.0	0.0
23077	HGSV_159012	1	0	0.0	0.0	0.0
23078	HGSV_17712	1	1	0.0	0.0	0.0
23079	HGSV_17770	1	1	0.0	0.0	0.0
23080	HGSV_18649	1	1	0.0	0.0	0.0
23081	HGSV_19262	1	1	0.0	0.0	0.0
23082	HGSV_19636	1	1	0.0	0.0	0.0
23083	HGSV_5642	1	1	0.0	0.0	0.0
23084	HGSV_6510	1	1	0.0	0.0	0.0
23085	HGSV_6690	1	1	0.0	0.0	0.0
23086	HGSV_7164	1	1	0.0	0.0	0.0
23087	HGSV_7918	1	1	0.0	0.0	0.0
23088	HGSV_9683	1	1	0.0	0.0	0.0
23089	HGSV_10018	0	0	0.0	0.0	0.0
23090	HGSV_10108	0	0	0.0	0.0	0.0
23091	HGSV_10476	0	0	0.0	0.0	0.0
23092	HGSV_10526	0	0	0.0	0.0	0.0
23093	HGSV_10574	0	0	0.0	0.0	0.0
23094	HGSV_10601	0	0	0.0	0.0	0.0
23095	HGSV_10604	0	0	0.0	0.0	0.0
23096	HGSV_10701	0	0	0.0	0.0	0.0
23097	HGSV_10702	0	0	0.0	0.0	0.0
23098	HGSV_10777	0	0	0.0	0.0	0.0
23099	HGSV_10878	0	0	0.0	0.0	0.0
23100	HGSV_10880	0	0	0.0	0.0	0.0
23101	HGSV_11029	0	0	0.0	0.0	0.0
23102	HGSV_12200	0	0	0.0	0.0	0.0
23103	HGSV_12230	0	0	0.0	0.0	0.0
23104	HGSV_12284	0	0	0.0	0.0	0.0
23105	HGSV_13363	0	0	0.0	0.0	0.0
23106	HGSV_14301	0	0	0.0	0.0	0.0
23107	HGSV_143801	0	0	0.002	0.002	0.002
23108	HGSV_144738	0	0	0.0	0.0	0.0
23109	HGSV_145477	0	0	0.0	0.0	0.0
23110	HGSV_146114	0	0	0.001	0.001	0.001
23111	HGSV_146317	0	0	0.0	0.0	0.0
23112	HGSV_146797	0	0	0.0	0.0	0.0
23113	HGSV_147090	0	0	0.0	0.0	0.0
23114	HGSV_147094	0	0	0.0	0.0	0.0
23115	HGSV_147213	0	0	0.0	0.0	0.0
23116	HGSV_147267	0	0	0.0	0.0	0.0
23117	HGSV_147333	0	0	0.0	0.0	0.0
23118	HGSV_147603	0	0	0.0	0.0	0.0
23119	HGSV_147613	0	0	0.0	0.0	0.0
23120	HGSV_147666	0	0	0.0	0.0	0.0
23121	HGSV_147694	0	0	0.0	0.0	0.0
23122	HGSV_147717	0	0	0.0	0.0	0.0
23123	HGSV_147728	0	0	0.0	0.0	0.0
23124	HGSV_147796	0	0	0.0	0.0	0.0
23125	HGSV_147797	0	0	0.0	0.0	0.0
23126	HGSV_147806	0	0	0.0	0.0	0.0
23127	HGSV_147827	0	0	0.0	0.0	0.0
23128	HGSV_147886	0	0	0.0	0.0	0.0
23129	HGSV_148036	0	0	0.0	0.0	0.0
23130	HGSV_1481	0	0	0.0	0.0	0.0
23131	HGSV_148237	0	0	0.0	0.0	0.0
23132	HGSV_148306	0	0	0.001	0.403	0.403
23133	HGSV_14900	0	0	0.0	0.0	0.0
23134	HGSV_149430	0	0	0.0	0.0	0.0
23135	HGSV_149688	0	0	0.0	0.0	0.0
23136	HGSV_149917	0	0	0.0	0.0	0.0
23137	HGSV_150504	0	0	0.0	0.0	0.0
23138	HGSV_150648	0	0	0.0	0.0	0.0
23139	HGSV_150656	0	0	0.0	0.0	0.0
23140	HGSV_151083	0	0	0.0	0.0	0.0
23141	HGSV_151503	0	0	0.0	0.0	0.0
23142	HGSV_15203	0	0	0.001	0.001	0.001
23143	HGSV_152397	0	0	0.0	0.0	0.0
23144	HGSV_1524	0	0	0.0	0.0	0.0
23145	HGSV_153385	0	0	0.0	0.0	0.0
23146	HGSV_153467	0	0	0.0	0.0	0.0
23147	HGSV_153715	0	0	0.0	0.0	0.0
23148	HGSV_153773	0	0	0.0	0.0	0.0
23149	HGSV_154375	0	0	0.0	0.0	0.0
23150	HGSV_154869	0	0	0.001	0.001	0.001
23151	HGSV_155537	0	0	0.0	0.0	0.0
23152	HGSV_155780	0	0	0.0	0.0	0.0
23153	HGSV_155901	0	0	0.0	0.0	0.0
23154	HGSV_156605	0	0	0.0	0.0	0.0
23155	HGSV_156868	0	0	0.0	0.0	0.0
23156	HGSV_157315	0	0	0.0	0.0	0.0
23157	HGSV_157372	0	0	0.0	0.0	0.0
23158	HGSV_157834	0	0	0.0	0.0	0.0
23159	HGSV_1612	0	0	0.0	0.0	0.0
23160	HGSV_18482	0	0	0.0	0.0	0.0
23161	HGSV_18938	0	0	0.0	0.0	0.0
23162	HGSV_19546	0	0	0.0	0.0	0.0
23163	HGSV_19547	0	0	0.0	0.0	0.0
23164	HGSV_2370	0	0	0.0	0.0	0.0
23165	HGSV_2893	0	0	0.001	0.001	0.001
23166	HGSV_3172	0	0	0.0	0.0	0.0
23167	HGSV_3188	0	0	0.0	0.0	0.0
23168	HGSV_3518	0	0	0.0	0.0	0.0
23169	HGSV_410	0	0	0.001	0.001	0.001
23170	HGSV_4547	0	0	0.001	0.001	0.001
23171	HGSV_4722	0	0	0.0	0.0	0.0
23172	HGSV_4797	0	0	0.0	0.0	0.0
23173	HGSV_493	0	0	0.0	0.0	0.0
23174	HGSV_516	0	0	0.0	0.0	0.0
23175	HGSV_5958	0	0	0.584	0.584	0.584
23176	HGSV_6641	0	0	0.001	0.001	0.001
23177	HGSV_6861	0	0	0.0	0.0	0.0
23178	HGSV_7983	0	0	0.0	0.0	0.0
23179	HGSV_8660	0	0	0.0	0.0	0.0
23180	HGSV_9120	0	0	0.0	0.0	0.0
23181	HGSV_9327	0	0	0.0	0.0	0.0
23182	HGSV_9550	0	0	0.0	0.0	0.0
23183	HGSV_9813	0	0	0.0	0.0	0.0
